t_ms,lat,lon,speed_kmh,fuel,inst_eff,pedal,gear,rpm,load,maf,map,ect,stft,ltft,volt,pedal_norm,v_est,a_est,cruise_state,cruise_target,throttle,sugg_gear,cue
1791470735769,28.508201,77.380880,0.0,PETROL,,14.9,0,1387,43.1,6.52,,50.0,0.00,-3.91,13.9,0.0,0.0,0.00,ARMED,,18.8,1,
1791470738065,28.508202,77.380880,0.0,PETROL,,14.9,0,1410,43.1,6.51,,50.0,0.00,-3.91,13.9,0.0,0.0,0.00,ARMED,,18.8,1,
1791470739089,28.508199,77.380882,0.0,PETROL,,14.9,0,1399,43.1,5.35,,51.0,0.00,-3.91,13.9,0.0,0.0,0.00,ARMED,,18.8,1,
1791470741298,28.508200,77.380877,0.0,CNG,,14.9,0,1447,32.5,5.59,,51.0,-0.78,-3.91,13.9,0.0,0.0,0.00,ARMED,,17.3,1,
1791470742274,28.508200,77.380877,0.0,CNG,,14.9,0,1425,32.5,5.38,,52.0,-0.78,-3.91,13.9,0.0,0.0,0.00,ARMED,,17.3,1,
1791470743028,28.508199,77.380877,0.0,CNG,,25.5,0,1418,32.5,5.87,,52.0,-0.78,-3.91,13.9,14.4,0.0,0.00,ARMED,,17.3,1,
1791470745140,28.508199,77.380877,0.0,CNG,,14.9,0,1962,35.3,4.20,,53.0,-2.34,-3.13,13.9,0.0,0.0,0.00,ARMED,,14.9,1,
1791470746243,28.508199,77.380878,1.0,CNG,,14.9,,1477,35.3,11.96,,53.0,-2.34,-3.13,13.8,0.0,1.0,0.00,ARMED,,14.9,,
1791470747164,28.508199,77.380877,1.0,CNG,,22.0,,1559,35.3,10.83,,54.0,-2.34,-3.13,13.8,9.6,1.0,0.00,ARMED,,14.9,,
1791470749305,28.508202,77.380893,2.0,CNG,,22.4,,1640,47.1,5.14,,54.0,-3.91,-3.91,13.8,10.2,2.0,0.00,ARMED,,17.6,,
1791470750045,28.508202,77.380893,5.0,CNG,,14.9,,1063,47.1,4.55,,54.0,-3.91,-3.91,13.8,0.0,5.0,0.00,ARMED,,17.6,,
1791470750806,28.508210,77.380913,6.0,CNG,2.95,14.9,,989,47.1,4.49,,54.0,-3.91,-3.91,13.7,0.0,6.0,0.00,ARMED,,17.6,,
1791470752447,28.508234,77.380925,6.0,CNG,4.05,18.4,1,915,68.6,3.79,,55.0,0.00,-3.13,13.7,4.8,6.0,0.00,ARMED,,20.4,1,
1791470753247,28.508234,77.380925,9.0,CNG,4.00,25.5,1,1191,68.6,9.30,,55.0,0.00,-3.13,13.8,14.4,8.6,1.23,ARMED,,20.4,1,
1791470753985,28.508249,77.380943,11.0,CNG,3.67,14.9,1,1589,68.6,13.14,,55.0,0.00,-3.13,13.8,0.0,10.4,1.74,ARMED,,20.4,1,
1791470755662,28.508304,77.380973,13.0,CNG,6.36,29.0,,1304,83.9,2.49,,55.0,-3.13,-3.13,13.4,19.3,13.0,0.00,ARMED,,33.3,,
1791470756435,28.508339,77.381000,17.0,CNG,5.65,32.9,2,1256,83.9,13.54,,56.0,-3.13,-3.13,13.4,24.6,17.0,0.00,ARMED,,33.3,2,
1791470757206,28.508339,77.381000,21.0,CNG,6.81,14.9,2,1532,83.9,10.20,,56.0,-3.13,-3.13,13.9,0.0,19.4,1.41,ARMED,,33.3,2,
1791470758799,28.508420,77.381072,22.0,CNG,7.27,29.0,3,1235,87.8,11.45,,57.0,1.56,-3.13,13.9,19.3,22.0,0.00,ARMED,,39.2,2,
1791470759584,28.508468,77.381114,25.0,CNG,7.82,14.9,3,1281,87.8,11.96,,57.0,1.56,-3.13,13.6,0.0,24.6,1.24,ARMED,,39.2,2,
1791470760334,28.508520,77.381156,26.0,CNG,10.49,23.9,3,1300,87.8,5.92,,57.0,1.56,-3.13,13.6,12.3,25.8,1.39,ARMED,,39.2,2,
1791470761971,28.508636,77.381247,26.0,CNG,9.56,36.1,3,1318,98.8,12.44,,57.0,5.47,-2.34,13.8,28.9,26.5,1.21,ARMED,,37.6,2,
1791470763104,28.508636,77.381247,30.0,CNG,8.96,31.4,4,1116,98.8,14.71,,58.0,5.47,-2.34,13.8,22.5,30.0,0.00,ARMED,,37.6,3,
1791470763879,28.508696,77.381299,31.0,CNG,9.45,33.3,4,1194,98.8,12.48,,58.0,5.47,-2.34,13.7,25.1,30.6,0.36,ARMED,,37.6,3,
1791470765550,28.508828,77.381402,33.0,CNG,9.67,32.9,4,1270,82.0,13.53,,59.0,1.56,-2.34,13.7,24.6,32.3,1.13,ARMED,,23.9,3,
1791470766333,28.508902,77.381469,37.0,CNG,10.65,32.9,4,1422,82.0,12.43,,59.0,1.56,-2.34,13.8,24.6,36.6,2.33,ARMED,,23.9,3,
1791470767106,28.508902,77.381469,39.0,CNG,16.17,14.9,4,1494,82.0,3.39,,59.0,1.56,-2.34,13.8,0.0,38.7,2.40,ARMED,,23.9,3,
1791470768721,28.509064,77.381603,39.0,CNG,15.48,29.4,5,1079,83.1,10.89,,59.0,-3.13,-3.13,13.5,19.8,39.0,0.00,ARMED,,22.0,4,
1791470769451,28.509150,77.381669,41.0,CNG,24.16,25.1,5,1194,83.1,1.70,,60.0,-3.13,-3.13,13.5,13.9,40.7,0.82,ARMED,,22.0,4,
1791470770326,28.509234,77.381734,41.0,CNG,22.78,25.1,5,1228,83.1,7.95,,60.0,-3.13,-3.13,13.8,13.9,41.1,0.66,ARMED,,22.0,4,
1791470772061,28.509320,77.381800,41.0,CNG,21.33,25.1,5,1229,34.5,8.58,,61.0,-1.56,-3.13,13.8,13.9,41.3,0.44,ARMED,,19.2,5,
1791470772933,28.509407,77.381869,42.0,CNG,19.93,23.1,5,1263,34.5,9.42,,61.0,-1.56,-3.13,13.5,11.2,42.1,0.45,ARMED,,19.2,5,
1791470773676,28.509489,77.381938,43.0,CNG,19.98,23.1,5,1272,34.5,8.77,,61.0,-1.56,-3.13,13.5,11.2,42.5,0.45,ARMED,,19.2,5,
1791470775406,28.509666,77.382077,43.0,CNG,20.52,22.7,5,1290,58.4,8.22,,61.0,-1.56,-3.13,13.6,10.7,43.0,0.49,ARMED,,20.0,5,
1791470776256,28.509666,77.382077,44.0,CNG,21.24,22.7,5,1316,58.4,8.04,,62.0,-1.56,-3.13,13.6,10.7,43.9,0.51,ARMED,,20.0,5,
1791470777044,28.509762,77.382148,45.0,CNG,22.62,22.4,5,1332,58.4,7.38,,62.0,-1.56,-3.13,13.5,10.2,44.5,0.55,ARMED,,20.0,5,
1791470778805,28.509930,77.382293,45.0,CNG,22.70,22.4,5,1333,47.5,8.06,,63.0,-0.78,-3.13,13.5,10.2,44.7,0.48,ARMED,,18.4,5,
1791470779702,28.510022,77.382369,46.0,CNG,25.99,22.0,5,1354,47.5,5.72,,63.0,-0.78,-3.13,13.8,9.6,45.4,0.44,ARMED,,18.4,5,
1791470780422,28.510117,77.382443,46.0,CNG,27.94,14.9,5,1365,47.5,5.99,,63.0,-0.78,-3.13,13.8,0.0,45.7,0.45,ARMED,,18.4,5,
1791470782184,28.510302,77.382596,46.0,CNG,30.98,21.6,5,1372,36.5,5.09,,63.0,0.00,-3.91,13.5,9.1,46.0,0.42,ARMED,,17.6,5,
1791470783017,28.510302,77.382596,46.0,CNG,32.57,21.6,5,1354,36.5,5.33,,63.0,0.00,-3.91,13.5,9.1,45.6,-0.11,ARMED,,17.6,5,
1791470783774,28.510391,77.382671,46.0,CNG,34.37,21.6,5,1372,36.5,5.02,,63.0,0.00,-3.91,13.8,9.1,45.8,0.07,ARMED,,17.6,5,
1791470785496,28.510573,77.382825,46.0,CNG,34.34,21.6,5,1372,26.3,5.48,,64.0,-0.78,-3.91,13.8,9.1,46.0,0.10,ARMED,,14.9,5,
1791470786419,28.510664,77.382904,45.0,CNG,40.24,20.4,5,1357,26.3,3.37,,64.0,-0.78,-3.91,13.7,7.5,45.5,-0.18,ARMED,,14.9,5,
1791470787163,28.510753,77.382977,45.0,CNG,39.19,19.2,5,1343,26.3,4.88,,64.0,-0.78,-3.91,13.7,5.9,45.2,-0.25,ARMED,,14.9,5,
1791470788915,28.510851,77.383058,45.0,CNG,28.79,22.0,5,1340,49.8,8.95,,64.0,-0.78,-3.13,13.7,9.6,44.9,-0.26,ARMED,,18.0,5,
1791470789782,28.510943,77.383131,45.0,CNG,29.54,20.4,5,1338,49.8,5.98,,64.0,-0.78,-3.13,13.7,7.5,44.8,-0.18,ARMED,,18.0,5,
1791470790563,28.511023,77.383201,45.0,CNG,29.88,20.4,5,1345,49.8,6.05,,64.0,-0.78,-3.13,13.7,7.5,44.9,-0.03,ARMED,,18.0,5,
1791470792333,28.511205,77.383347,45.0,CNG,30.30,20.4,5,1344,41.6,5.94,,64.0,-1.56,-3.91,13.7,7.5,45.0,-0.00,ARMED,,18.0,5,
1791470793183,28.511205,77.383347,44.0,CNG,32.63,22.0,5,1314,41.6,4.86,,64.0,-1.56,-3.91,13.6,9.6,44.1,-0.40,ARMED,,18.0,5,
1791470793915,28.511290,77.383417,45.0,CNG,32.86,16.5,5,1318,41.6,5.54,,65.0,-1.56,-3.91,13.6,2.1,44.1,-0.33,ARMED,,18.0,5,
1791470795749,28.511466,77.383552,44.0,CNG,38.82,20.0,5,1321,27.8,3.35,,65.0,1.56,-3.91,13.7,7.0,44.1,-0.13,ARMED,,15.7,5,
1791470796612,28.511548,77.383623,44.0,CNG,44.74,21.6,5,1280,27.8,3.09,,65.0,1.56,-3.91,13.7,9.1,43.1,-0.47,ARMED,,15.7,5,
1791470797402,28.511636,77.383689,43.0,CNG,40.15,21.6,5,1275,27.8,5.07,,65.0,1.56,-3.91,13.5,9.1,42.8,-0.46,ARMED,,15.7,5,
1791470799073,28.511724,77.383760,43.0,CNG,47.63,22.4,5,1290,31.4,2.64,,65.0,-2.34,-3.91,13.5,10.2,43.1,-0.11,ARMED,,14.9,5,
1791470799981,28.511808,77.383833,43.0,CNG,55.11,14.9,,1099,31.4,2.43,,65.0,-2.34,-3.91,13.5,0.0,43.0,0.00,ARMED,,14.9,,
1791470800735,28.511893,77.383904,39.0,CNG,62.70,14.9,,820,31.4,1.96,,65.0,-2.34,-3.91,13.5,0.0,39.0,0.00,ARMED,,14.9,,
1791470802409,28.512023,77.384012,33.0,CNG,62.91,14.9,,683,29.0,2.13,,65.0,-4.69,-3.91,13.6,0.0,33.0,0.00,ARMED,,16.1,,
1791470803162,28.512023,77.384012,21.0,CNG,52.69,14.9,,723,29.0,2.35,,66.0,-4.69,-3.91,13.6,0.0,21.0,0.00,ARMED,,16.1,,
1791470803907,28.512062,77.384041,20.0,CNG,42.15,14.9,4,770,29.0,2.85,,66.0,-4.69,-3.91,13.4,0.0,20.0,0.00,ARMED,,16.1,4,
1791470805663,28.512161,77.384073,20.0,CNG,38.15,24.3,4,779,66.7,2.55,,66.0,8.59,-2.34,13.7,12.8,20.0,0.00,ARMED,,22.0,3,
1791470806416,28.512210,77.384077,22.0,CNG,15.45,25.9,2,1638,66.7,11.50,,66.0,8.59,-2.34,13.6,15.0,22.0,0.00,ARMED,,22.0,2,
1791470807155,28.512210,77.384077,23.0,CNG,11.02,32.5,2,1732,66.7,12.24,,66.0,8.59,-2.34,13.6,24.1,22.6,0.36,ARMED,,22.0,2,
1791470808788,28.512330,77.384033,25.0,CNG,7.53,34.9,2,1862,56.5,19.52,,66.0,-0.78,-0.78,13.5,27.3,24.2,1.11,ARMED,,15.7,2,
1791470809529,28.512399,77.383993,29.0,CNG,7.84,34.5,3,1347,56.5,14.35,,66.0,-0.78,-0.78,13.5,26.8,29.0,0.00,ARMED,,15.7,2,
1791470810282,28.512464,77.383941,31.0,CNG,7.45,40.4,3,1566,56.5,18.07,,66.0,-0.78,-0.78,13.7,34.8,30.2,0.70,ARMED,,15.7,3,
1791470811988,28.512525,77.383883,32.0,CNG,11.65,29.0,3,1619,86.7,2.94,,67.0,-0.78,-2.34,13.7,19.3,31.6,1.15,ARMED,,27.5,3,
1791470812766,28.512591,77.383818,35.0,CNG,10.38,39.2,4,1360,86.7,15.68,,67.0,-0.78,-2.34,13.6,33.2,35.0,0.00,ARMED,,27.5,3,
1791470813601,28.512657,77.383748,38.0,CNG,11.04,14.9,4,1468,86.7,12.95,,68.0,-0.78,-2.34,13.6,0.0,37.0,1.13,ARMED,,27.5,3,
1791470815273,28.512727,77.383674,38.0,CNG,13.79,27.8,5,1230,76.5,7.47,,68.0,-4.69,-3.13,13.0,17.7,38.0,0.00,ARMED,,21.2,4,
1791470815999,28.512797,77.383601,40.0,CNG,15.14,27.8,5,1185,76.5,9.38,,68.0,-4.69,-3.13,13.0,17.7,39.7,0.82,ARMED,,21.2,4,
1791470816750,28.512867,77.383518,41.0,CNG,23.15,24.3,5,1215,76.5,1.99,,68.0,-4.69,-3.13,13.6,12.8,40.7,1.05,ARMED,,21.2,4,
1791470818479,28.513017,77.383356,41.0,CNG,24.93,23.9,5,1216,56.1,5.99,,69.0,-2.34,-3.13,13.6,12.3,41.2,0.81,ARMED,,19.2,5,
1791470819359,28.513094,77.383273,42.0,CNG,31.53,22.7,5,1225,56.1,3.40,,69.0,-2.34,-3.13,13.7,10.7,41.5,0.30,ARMED,,19.2,5,
1791470820083,28.513094,77.383273,42.0,CNG,28.01,22.7,5,1241,56.1,7.12,,69.0,-2.34,-3.13,13.7,10.7,41.9,0.33,ARMED,,19.2,5,
1791470821827,28.513241,77.383113,42.0,CNG,26.72,22.0,5,1241,54.1,6.86,,69.0,-0.78,-3.13,13.6,9.6,42.0,0.30,ARMED,,19.2,5,
1791470822683,28.513316,77.383033,43.0,CNG,26.92,21.6,5,1270,54.1,6.46,,70.0,-0.78,-3.13,13.6,9.1,42.9,0.38,ARMED,,19.2,5,
1791470823461,28.513394,77.382949,43.0,CNG,26.96,21.6,5,1280,54.1,6.50,,70.0,-0.78,-3.13,13.6,9.1,43.2,0.39,ARMED,,19.2,5,
1791470825170,28.513471,77.382867,43.0,CNG,26.25,15.7,5,1286,46.3,6.96,,70.0,-3.91,-3.91,13.6,1.1,43.5,0.36,ARMED,,18.4,5,
1791470826071,28.513551,77.382786,43.0,CNG,28.83,19.6,5,1287,46.3,5.20,,70.0,-3.91,-3.91,13.5,6.4,43.5,0.09,ARMED,,18.4,5,
1791470826819,28.513630,77.382701,43.0,CNG,37.51,19.2,5,1274,46.3,2.58,,70.0,-3.91,-3.91,13.5,5.9,43.2,-0.13,ARMED,,18.4,5,
1791470828547,28.513782,77.382536,42.0,CNG,42.11,19.6,5,1245,26.3,3.31,,70.0,-3.91,-3.91,13.8,6.4,42.4,-0.53,ARMED,,15.7,5,
1791470829394,28.513856,77.382453,42.0,CNG,45.32,19.6,5,1259,26.3,3.35,,71.0,-3.91,-3.91,13.8,6.4,42.3,-0.15,ARMED,,15.7,5,
1791470830161,28.513856,77.382453,42.0,CNG,45.26,19.6,5,1250,26.3,3.80,,71.0,-3.91,-3.91,13.7,6.4,42.1,-0.16,ARMED,,15.7,5,
1791470831841,28.514005,77.382285,42.0,CNG,47.21,19.6,5,1245,26.7,3.40,,71.0,0.00,-3.91,13.7,6.4,42.0,-0.17,ARMED,,15.7,5,
1791470832688,28.514077,77.382199,42.0,CNG,46.73,16.9,5,1245,26.7,3.73,,71.0,0.00,-3.91,13.8,2.7,41.9,-0.12,ARMED,,15.7,5,
1791470833421,28.514150,77.382115,42.0,CNG,49.10,14.9,5,1225,26.7,3.23,,71.0,0.00,-3.91,13.8,0.0,41.5,-0.29,ARMED,,15.7,5,
1791470835167,28.514216,77.382037,39.0,CNG,50.56,14.9,5,1174,23.5,3.00,,71.0,0.00,0.00,13.4,0.0,40.2,-0.92,ARMED,,12.5,5,
1791470835904,28.514272,77.381972,27.0,CNG,64.06,14.9,5,771,23.5,0.68,,71.0,0.00,0.00,13.4,0.0,27.8,-6.06,ARMED,,12.5,5,
1791470836673,28.514317,77.381924,24.0,CNG,93.10,14.9,,606,23.5,0.00,,71.0,0.00,0.00,13.6,0.0,24.0,0.00,ARMED,,12.5,,
1791470838427,28.514396,77.381839,23.0,CNG,64.44,14.9,5,704,39.6,2.36,,71.0,0.00,-3.91,13.6,0.0,23.0,0.00,ARMED,,20.8,5,
1791470839183,28.514438,77.381795,22.0,CNG,21.46,38.0,,1306,39.6,9.46,,71.0,0.00,-3.91,13.4,31.6,22.0,0.00,ARMED,,20.8,,
1791470840066,28.514438,77.381795,26.0,CNG,11.27,40.4,3,1274,39.6,15.99,,71.0,0.00,-3.91,13.4,34.8,26.0,0.00,ARMED,,20.8,2,
1791470841682,28.514541,77.381690,28.0,CNG,8.18,14.9,3,1438,75.7,19.25,,71.0,0.00,-3.91,13.4,0.0,27.2,0.70,ARMED,,31.4,2,
1791470842406,28.514598,77.381634,30.0,CNG,10.16,42.7,4,1175,75.7,8.18,,71.0,0.00,-3.91,13.4,38.0,30.0,0.00,ARMED,,31.4,3,
1791470843254,28.514598,77.381634,33.0,CNG,9.39,43.1,4,1254,75.7,15.76,,71.0,0.00,-3.91,13.6,38.5,31.9,1.11,ARMED,,31.4,3,
1791470844861,28.514728,77.381511,35.0,CNG,8.91,42.4,4,1343,22.0,17.09,,72.0,0.00,0.00,13.6,37.5,34.1,1.90,ARMED,,20.0,3,
1791470845713,28.514796,77.381445,36.0,CNG,11.99,18.8,,1234,22.0,6.63,,72.0,0.00,0.00,13.8,5.4,36.0,0.00,ARMED,,20.0,,
1791470846428,28.514865,77.381378,37.0,CNG,18.08,22.0,5,1086,22.0,2.58,,72.0,0.00,0.00,13.8,9.6,37.0,0.00,ARMED,,20.0,5,
1791470848038,28.514932,77.381310,37.0,CNG,20.74,21.2,5,1090,38.0,5.77,,72.0,-2.34,-3.91,13.7,8.6,37.0,0.00,ARMED,,17.6,5,
1791470848779,28.515001,77.381237,37.0,CNG,22.16,22.0,5,1099,38.0,6.15,,72.0,-2.34,-3.91,13.7,9.6,37.0,0.00,ARMED,,17.6,5,
1791470849534,28.515066,77.381165,37.0,CNG,25.47,20.8,5,1111,38.0,4.63,,72.0,-2.34,-3.91,13.6,8.0,37.2,0.07,ARMED,,17.6,5,
1791470851152,28.515131,77.381095,37.0,CNG,34.47,14.9,5,1053,41.6,2.09,,73.0,-2.34,-3.91,13.6,0.0,36.2,-0.55,ARMED,,16.9,5,
1791470851920,28.515197,77.381023,37.0,CNG,33.33,20.8,5,1095,41.6,4.76,,73.0,-2.34,-3.91,13.8,8.0,36.7,0.12,ARMED,,16.9,5,
1791470852686,28.515261,77.380950,37.0,CNG,34.61,20.8,5,1105,41.6,4.12,,73.0,-2.34,-3.91,13.8,8.0,37.1,0.28,ARMED,,16.9,5,
1791470854323,28.515397,77.380805,37.0,CNG,40.86,20.4,5,1114,43.9,2.70,,73.0,2.34,-3.91,13.1,7.5,37.5,0.32,ARMED,,15.7,5,
1791470855063,28.515397,77.380805,37.0,CNG,41.91,14.9,5,1014,43.9,3.47,,73.0,2.34,-3.91,13.1,0.0,34.9,-1.13,ARMED,,15.7,5,
1791470855814,28.515461,77.380736,37.0,CNG,45.54,14.9,,849,43.9,2.89,,73.0,2.34,-3.91,13.5,0.0,37.0,0.00,ARMED,,15.7,,
1791470857409,28.515585,77.380608,35.0,CNG,49.44,14.9,,789,40.0,2.50,,73.0,0.00,-3.91,13.5,0.0,35.0,0.00,ARMED,,15.3,,
1791470858175,28.515585,77.380608,29.0,CNG,43.88,14.9,5,800,40.0,3.27,,73.0,0.00,-3.91,13.5,0.0,29.0,0.00,ARMED,,15.3,5,
1791470858926,28.515636,77.380554,26.0,CNG,38.03,14.9,5,801,40.0,3.51,,73.0,0.00,-3.91,13.5,0.0,27.1,-1.09,ARMED,,15.3,5,
1791470860525,28.515712,77.380474,22.0,CNG,36.93,14.9,4,797,38.8,2.58,,73.0,1.56,-3.91,13.6,0.0,22.0,0.00,ARMED,,15.3,4,
1791470861269,28.515712,77.380474,13.0,CNG,30.03,14.9,,797,38.8,2.80,,74.0,1.56,-3.91,13.6,0.0,13.0,0.00,ARMED,,15.3,,
1791470862027,28.515734,77.380450,12.0,CNG,26.75,14.9,,744,38.8,2.37,,74.0,1.56,-3.91,13.5,0.0,12.0,0.00,ARMED,,15.3,,
1791470863628,28.515777,77.380407,12.0,CNG,25.18,14.9,,739,25.1,2.20,,74.0,8.59,-3.91,13.5,0.0,12.0,0.00,ARMED,,12.9,,
1791470864384,28.515795,77.380387,11.0,CNG,28.39,21.6,,703,25.1,1.16,,74.0,8.59,-3.91,13.7,9.1,11.0,0.00,ARMED,,12.9,,
1791470865113,28.515795,77.380387,12.0,CNG,14.73,22.0,2,988,25.1,6.06,,74.0,8.59,-3.91,13.7,9.6,12.0,0.00,ARMED,,12.9,2,
1791470866753,28.515834,77.380338,12.0,CNG,20.57,19.6,2,868,33.7,0.85,,74.0,-3.13,-3.91,13.7,6.4,12.0,0.00,ARMED,,15.3,2,
1791470867473,28.515855,77.380312,12.0,CNG,17.17,19.6,2,871,33.7,3.60,,74.0,-3.13,-3.91,13.7,6.4,12.0,0.00,ARMED,,15.3,2,
1791470868221,28.515855,77.380312,12.0,CNG,17.52,17.6,2,886,33.7,2.71,,74.0,-3.13,-3.91,13.7,3.7,12.1,0.03,ARMED,,15.3,2,
1791470870350,28.515906,77.380239,11.0,CNG,18.01,20.8,2,810,50.2,2.38,,74.0,3.91,-3.91,13.6,8.0,11.6,-0.31,ARMED,,16.1,2,
1791470871362,28.515919,77.380217,10.0,CNG,16.01,14.9,2,756,50.2,3.05,,74.0,3.91,-3.91,13.5,0.0,10.4,-0.47,ARMED,,16.1,2,
1791470872282,28.515919,77.380217,9.0,CNG,13.54,14.9,,778,50.2,3.49,,74.0,3.91,-3.91,13.5,0.0,9.0,0.00,ARMED,,16.1,,
1791470874299,28.515950,77.380171,9.0,CNG,12.56,14.9,,791,40.4,3.29,,74.0,0.00,-3.13,13.2,0.0,9.0,0.00,ARMED,,15.3,,
1791470875271,28.515950,77.380171,0.0,CNG,7.92,14.9,0,807,40.4,2.78,,74.0,0.00,-3.13,13.2,0.0,0.0,0.00,ARMED,,15.3,1,
1791470876299,28.515951,77.380166,0.0,CNG,2.32,14.9,0,801,40.4,10.94,,74.0,0.00,-3.13,13.4,0.0,0.0,0.00,ARMED,,15.3,1,
1791470878457,28.515957,77.380157,2.0,CNG,,14.9,,1079,62.0,3.53,,75.0,4.69,-3.13,13.4,0.0,2.0,0.00,ARMED,,12.5,,
1791470879250,28.515957,77.380157,5.0,CNG,3.71,22.0,,998,62.0,2.63,,75.0,4.69,-3.13,13.6,9.6,5.0,0.00,ARMED,,12.5,,
1791470880131,28.515963,77.380147,6.0,CNG,7.67,14.9,,970,62.0,0.00,,75.0,4.69,-3.13,13.6,0.0,6.0,0.00,ARMED,,12.5,,
1791470881879,28.515979,77.380126,4.0,CNG,8.28,14.9,,772,64.7,1.70,,75.0,8.59,-3.13,13.0,0.0,4.0,0.00,ARMED,,11.4,,
1791470882694,28.515988,77.380116,5.0,CNG,9.72,17.6,,779,64.7,1.62,,75.0,8.59,-3.13,13.0,3.7,5.0,0.00,ARMED,,11.4,,
1791470883564,28.515997,77.380105,5.0,CNG,10.34,14.9,1,710,64.7,1.80,,75.0,8.59,-3.13,13.4,0.0,5.0,0.00,ARMED,,11.4,1,
1791470885265,28.516005,77.380098,4.0,CNG,8.91,14.9,,709,48.6,2.29,,75.0,3.13,-3.13,13.4,0.0,4.0,0.00,ARMED,,20.4,,
1791470886083,28.516011,77.380091,5.0,CNG,10.71,14.9,,809,48.6,1.39,,75.0,3.13,-3.13,13.3,0.0,5.0,0.00,ARMED,,20.4,,
1791470886842,28.516020,77.380081,5.0,CNG,6.01,20.0,1,768,48.6,5.50,,75.0,3.13,-3.13,13.3,7.0,5.0,0.00,ARMED,,20.4,1,
1791470888700,28.516042,77.380058,6.0,CNG,5.99,18.4,1,790,39.6,4.11,,75.0,-6.25,-3.13,13.4,4.8,5.6,0.36,ARMED,,14.9,1,
1791470889436,28.516052,77.380050,5.0,CNG,6.14,14.9,,807,39.6,3.20,,75.0,-6.25,-3.13,13.4,0.0,5.0,0.00,ARMED,,14.9,,
1791470890237,28.516052,77.380050,4.0,CNG,6.19,14.9,,808,39.6,2.60,,75.0,-6.25,-3.13,13.5,0.0,4.0,0.00,ARMED,,14.9,,
1791470891911,28.516070,77.380033,4.0,CNG,3.39,22.4,,814,35.7,8.68,,75.0,0.00,-3.13,13.5,10.2,4.0,0.00,ARMED,,15.3,,
1791470892728,28.516079,77.380024,5.0,CNG,4.28,14.9,,876,35.7,3.11,,75.0,0.00,-3.13,13.4,0.0,5.0,0.00,ARMED,,15.3,,
1791470893647,28.516087,77.380018,4.0,CNG,5.95,14.9,,809,35.7,0.87,,75.0,0.00,-3.13,13.4,0.0,4.0,0.00,ARMED,,15.3,,
1791470895478,28.516098,77.380008,3.0,CNG,5.60,27.5,,741,34.5,2.48,,75.0,8.59,-3.13,13.4,17.1,3.0,0.00,ARMED,,20.8,,
1791470896290,28.516098,77.380008,5.0,CNG,9.94,14.9,,1114,34.5,0.22,,76.0,8.59,-3.13,13.4,0.0,5.0,0.00,ARMED,,20.8,,
1791470897133,28.516109,77.379999,5.0,CNG,11.72,14.9,,937,34.5,1.34,,76.0,8.59,-3.13,13.3,0.0,5.0,0.00,ARMED,,20.8,,
1791470898957,28.516122,77.379989,3.0,CNG,3.88,27.5,,785,29.4,8.01,,76.0,0.00,-3.13,13.3,17.1,3.0,0.00,ARMED,,20.0,,
1791470899782,28.516132,77.379983,6.0,CNG,6.55,14.9,,957,29.4,1.20,,76.0,0.00,-3.13,13.4,0.0,6.0,0.00,ARMED,,20.0,,
1791470900566,28.516145,77.379976,6.0,CNG,4.86,19.6,,928,29.4,6.59,,76.0,0.00,-3.13,13.4,6.4,6.0,0.00,ARMED,,20.0,,
1791470902438,28.516174,77.379970,7.0,CNG,6.72,14.9,1,925,23.5,2.43,,76.0,0.00,-3.13,13.2,0.0,7.0,0.00,ARMED,,19.6,1,
1791470903221,28.516174,77.379970,6.0,CNG,8.13,14.9,,1099,23.5,2.07,,76.0,0.00,-3.13,13.2,0.0,6.0,0.00,ARMED,,19.6,,
1791470904030,28.516191,77.379970,7.0,CNG,8.63,14.9,1,970,23.5,3.05,,76.0,0.00,-3.13,12.8,0.0,7.0,0.00,ARMED,,19.6,1,
1791470905956,28.516218,77.379976,6.0,CNG,9.08,14.9,1,854,70.2,2.48,,76.0,-6.25,-3.13,13.4,0.0,6.4,-0.37,ARMED,,19.2,1,
1791470906843,28.516232,77.379984,9.0,CNG,7.18,22.0,1,1100,70.2,6.23,,76.0,-6.25,-3.13,13.5,9.6,8.7,0.95,ARMED,,19.2,1,
1791470907680,28.516249,77.380000,10.0,CNG,7.93,14.9,1,1430,70.2,4.56,,76.0,-6.25,-3.13,13.5,0.0,10.7,1.64,ARMED,,19.2,1,
1791470909432,28.516262,77.380021,8.0,CNG,9.04,14.9,1,1088,50.6,2.82,,76.0,0.00,-3.13,13.5,0.0,10.0,0.42,ARMED,,25.1,1,
1791470910210,28.516262,77.380021,3.0,CNG,3.85,25.1,,1230,50.6,10.73,,77.0,0.00,-3.13,13.5,13.9,3.0,0.00,ARMED,,25.1,,
1791470910988,28.516264,77.380030,6.0,CNG,5.59,14.9,,1333,50.6,1.34,,77.0,0.00,-3.13,12.8,0.0,6.0,0.00,ARMED,,25.1,,
1791470912827,28.516271,77.380067,7.0,CNG,5.65,22.7,,510,65.1,4.99,,77.0,-1.56,-3.13,12.8,10.7,7.0,0.00,ARMED,,10.2,,
1791470913713,28.516277,77.380092,9.0,CNG,8.50,14.9,,668,65.1,1.98,,77.0,-1.56,-3.13,13.3,0.0,9.0,0.00,ARMED,,10.2,,
1791470914557,28.516280,77.380114,8.0,CNG,10.92,26.3,,684,65.1,1.80,,77.0,-1.56,-3.13,13.3,15.5,8.0,0.00,ARMED,,10.2,,
1791470916377,28.516292,77.380169,8.0,CNG,7.73,26.3,,750,80.4,6.01,,77.0,3.13,-3.13,13.5,15.5,8.0,0.00,ARMED,,21.6,,
1791470917259,28.516292,77.380169,14.0,CNG,6.65,27.8,2,1043,80.4,9.61,,77.0,3.13,-3.13,13.5,17.7,14.0,0.00,ARMED,,21.6,2,
1791470918117,28.516306,77.380208,18.0,CNG,7.08,14.9,2,1312,80.4,9.82,,77.0,3.13,-3.13,13.5,0.0,16.7,1.51,ARMED,,21.6,2,
1791470919881,28.516349,77.380305,20.0,CNG,9.03,30.2,3,1155,99.2,6.55,,78.0,-1.56,-3.13,13.5,20.9,20.0,0.00,ARMED,,28.2,2,
1791470920764,28.516382,77.380362,24.0,CNG,8.52,14.9,3,1223,99.2,12.17,,78.0,-1.56,-3.13,13.4,0.0,23.5,1.62,ARMED,,28.2,2,
1791470921654,28.516421,77.380416,25.0,CNG,13.16,14.9,3,1193,99.2,2.89,,78.0,-1.56,-3.13,13.4,0.0,25.0,1.59,ARMED,,28.2,2,
1791470923356,28.516508,77.380480,21.0,CNG,16.77,14.9,3,998,59.6,2.96,,78.0,-1.56,-3.13,13.1,0.0,23.1,-0.27,ARMED,,31.8,3,
1791470924141,28.516508,77.380480,20.0,CNG,13.07,26.3,3,1159,59.6,8.46,,78.0,-1.56,-3.13,13.1,15.5,23.7,0.24,ARMED,,31.8,2,
1791470924962,28.516559,77.380489,22.0,CNG,11.21,25.9,3,1132,59.6,9.63,,78.0,-1.56,-3.13,13.4,15.0,23.5,0.00,ARMED,,31.8,3,
1791470926720,28.516672,77.380450,24.0,CNG,10.70,24.3,3,1214,22.4,9.72,,79.0,0.00,0.00,13.4,12.8,24.4,0.49,ARMED,,13.3,3,
1791470927529,28.516717,77.380411,24.0,CNG,16.05,14.9,5,805,22.4,1.84,,79.0,0.00,0.00,13.3,0.0,24.0,0.00,ARMED,,13.3,5,
1791470928258,28.516717,77.380411,21.0,CNG,21.35,14.9,5,707,22.4,1.84,,79.0,0.00,0.00,13.3,0.0,22.2,-1.07,ARMED,,13.3,5,
1791470929933,28.516775,77.380341,17.0,CNG,25.71,14.9,,672,26.3,1.62,,79.0,-1.56,-3.13,13.4,0.0,17.0,0.00,ARMED,,12.9,,
1791470930783,28.516796,77.380318,10.0,CNG,26.20,14.9,2,701,26.3,1.47,,79.0,-1.56,-3.13,13.4,0.0,10.0,0.00,ARMED,,12.9,2,
1791470931637,28.516810,77.380303,7.0,CNG,23.37,22.7,,702,26.3,1.68,,79.0,-1.56,-3.13,13.0,10.7,7.0,0.00,ARMED,,12.9,,
1791470933390,28.516836,77.380272,7.0,CNG,22.11,14.9,,678,77.3,1.48,,79.0,-9.38,-3.13,13.0,0.0,7.0,0.00,ARMED,,10.2,,
1791470934277,28.516836,77.380272,9.0,CNG,9.38,14.9,,659,77.3,7.78,,79.0,-9.38,-3.13,13.1,0.0,9.0,0.00,ARMED,,10.2,,
1791470935061,28.516851,77.380254,9.0,CNG,7.38,22.0,,682,77.3,6.71,,79.0,-9.38,-3.13,13.1,9.6,9.0,0.00,ARMED,,10.2,,
1791470936714,28.516884,77.380217,10.0,CNG,9.83,16.1,,687,54.9,2.20,,79.0,-2.34,-3.13,13.0,1.6,10.0,0.00,ARMED,,16.1,,
1791470937528,28.516904,77.380197,11.0,CNG,10.99,19.2,2,771,54.9,3.46,,80.0,-2.34,-3.13,13.0,5.9,11.0,0.00,ARMED,,16.1,2,
1791470938424,28.516925,77.380177,10.0,CNG,11.34,22.7,2,768,54.9,3.43,,80.0,-2.34,-3.13,13.2,10.7,10.3,-0.38,ARMED,,16.1,2,
1791470940303,28.516963,77.380136,10.0,CNG,11.07,18.0,,864,27.5,3.82,,80.0,-4.69,-3.13,13.5,4.3,10.0,0.00,ARMED,,13.3,,
1791470941084,28.516963,77.380136,10.0,CNG,12.27,14.9,2,781,27.5,2.79,,80.0,-4.69,-3.13,13.3,0.0,10.0,0.00,ARMED,,13.3,2,
1791470941916,28.516981,77.380115,10.0,CNG,13.46,14.9,2,771,27.5,2.59,,80.0,-4.69,-3.13,13.3,0.0,10.0,0.00,ARMED,,13.3,2,
1791470943753,28.517016,77.380077,10.0,CNG,14.12,22.0,2,771,86.7,2.68,,80.0,1.56,-3.13,13.4,9.6,10.0,0.00,ARMED,,33.7,2,
1791470944622,28.517038,77.380053,12.0,CNG,9.03,29.8,2,947,86.7,7.88,,80.0,1.56,-3.13,13.4,20.3,11.8,0.80,ARMED,,33.7,2,
1791470945534,28.517067,77.380028,16.0,CNG,7.20,29.8,2,1134,86.7,10.95,,80.0,1.56,-3.13,13.3,20.3,13.9,1.59,ARMED,,33.7,2,
1791470947257,28.517112,77.379999,20.0,CNG,7.37,14.9,2,1457,34.9,10.83,,80.0,0.00,-3.91,13.3,0.0,17.8,3.00,ARMED,,20.4,2,
1791470948086,28.517155,77.379974,20.0,CNG,8.99,14.9,3,1089,34.9,6.73,,80.0,0.00,-3.91,13.5,0.0,20.0,0.00,ARMED,,20.4,3,
1791470948854,28.517202,77.379955,20.0,CNG,13.35,14.9,3,999,34.9,2.24,,80.0,0.00,-3.91,13.5,0.0,20.0,0.00,ARMED,,20.4,3,
1791470950588,28.517296,77.379925,19.0,CNG,9.60,27.1,3,903,80.8,11.41,,80.0,2.34,-3.13,13.3,16.6,19.4,-0.36,ARMED,,18.8,2,
1791470951377,28.517344,77.379902,22.0,CNG,10.65,30.6,3,1127,80.8,7.26,,81.0,2.34,-3.13,13.3,21.4,21.6,0.96,ARMED,,18.8,2,
1791470952213,28.517344,77.379902,23.0,CNG,10.14,30.6,3,1181,80.8,9.86,,81.0,2.34,-3.13,13.4,21.4,22.8,1.20,ARMED,,18.8,2,
1791470954054,28.517451,77.379825,26.0,CNG,10.00,30.6,3,1312,71.8,10.80,,81.0,-0.78,-2.34,13.4,21.4,25.1,1.85,ARMED,,23.5,2,
1791470954907,28.517510,77.379777,31.0,CNG,9.71,30.6,3,1565,71.8,13.48,,81.0,-0.78,-2.34,13.4,21.4,30.4,2.76,ARMED,,23.5,3,
1791470955728,28.517574,77.379722,32.0,CNG,15.47,29.8,3,1612,71.8,2.27,,81.0,-0.78,-2.34,13.4,20.3,32.0,2.36,ARMED,,23.5,3,
1791470957665,28.517702,77.379600,33.0,CNG,11.44,43.5,4,1254,98.0,15.78,,81.0,0.78,-2.34,13.4,39.1,33.0,0.00,ARMED,,43.5,3,
1791470958577,28.517772,77.379532,38.0,CNG,9.40,14.9,4,1473,98.0,20.04,,82.0,0.78,-2.34,13.4,0.0,37.6,1.95,ARMED,,43.5,3,
1791470959478,28.517842,77.379463,39.0,CNG,10.19,31.0,4,1376,98.0,13.97,,82.0,0.78,-2.34,13.3,21.9,39.1,1.92,ARMED,,43.5,3,
1791470961208,28.517918,77.379386,40.0,CNG,11.50,31.0,5,1190,82.0,11.77,,82.0,-0.78,-3.13,13.3,21.9,40.0,0.00,ARMED,,23.1,4,
1791470962044,28.517996,77.379308,42.0,CNG,18.83,26.3,5,1250,82.0,1.36,,82.0,-0.78,-3.13,13.3,15.5,41.8,0.81,ARMED,,23.1,4,
1791470962984,28.518073,77.379230,42.0,CNG,21.20,26.3,5,1247,82.0,6.67,,83.0,-0.78,-3.13,13.3,15.5,42.2,0.60,ARMED,,23.1,4,
1791470964819,28.518233,77.379069,43.0,CNG,20.28,26.3,5,1276,63.1,9.19,,83.0,-2.34,-2.34,13.3,15.5,42.9,0.66,ARMED,,20.4,4,
1791470965731,28.518315,77.378984,45.0,CNG,21.02,14.9,5,1343,63.1,8.31,,83.0,-2.34,-2.34,13.3,0.0,45.1,1.08,ARMED,,20.4,4,
1791470966529,28.518397,77.378896,45.0,CNG,24.71,24.3,5,1372,63.1,5.58,,83.0,-2.34,-2.34,13.5,12.8,46.1,1.11,ARMED,,20.4,4,
1791470968368,28.518564,77.378718,46.0,CNG,24.83,24.3,5,1370,51.0,7.52,,84.0,0.00,-3.13,13.5,12.8,46.4,0.70,ARMED,,19.6,5,
1791470969298,28.518649,77.378626,47.0,CNG,24.97,24.3,5,1403,51.0,7.63,,84.0,0.00,-3.13,13.5,12.8,47.2,0.49,ARMED,,19.6,5,
1791470970094,28.518649,77.378626,48.0,CNG,24.94,24.3,5,1426,51.0,7.88,,84.0,0.00,-3.13,13.5,12.8,47.8,0.55,ARMED,,19.6,5,
1791470972079,28.518823,77.378439,49.0,CNG,25.24,24.3,5,1442,53.3,7.80,,84.0,0.00,-3.13,13.5,12.8,48.4,0.59,ARMED,,20.4,5,
1791470972973,28.518913,77.378342,50.0,CNG,23.54,24.3,5,1497,53.3,9.51,,84.0,0.00,-3.13,13.5,12.8,50.2,0.87,ARMED,,20.4,5,
1791470973820,28.519000,77.378245,50.0,CNG,23.31,24.3,5,1497,53.3,8.89,,84.0,0.00,-3.13,13.4,12.8,50.5,0.62,ARMED,,20.4,5,
1791470976039,28.519179,77.378049,51.0,CNG,32.91,24.3,5,1517,57.3,2.57,,85.0,2.34,-2.34,13.3,12.8,51.0,0.57,ARMED,,20.8,5,
1791470977153,28.519274,77.377942,52.0,CNG,27.55,24.3,5,1548,57.3,9.52,,85.0,2.34,-2.34,13.2,12.8,52.0,0.52,ARMED,,20.8,5,
1791470978064,28.519367,77.377840,53.0,CNG,24.80,24.3,5,1554,57.3,9.99,,85.0,2.34,-2.34,13.2,12.8,52.3,0.47,ARMED,,20.8,5,
1791470979778,28.519557,77.377633,53.0,CNG,26.77,24.3,5,1579,23.1,7.15,,85.0,-3.13,-3.13,13.6,12.8,52.9,0.54,ARMED,,16.9,5,
1791470980728,28.519654,77.377529,53.0,CNG,30.89,22.0,5,1588,23.1,5.42,,86.0,-3.13,-3.13,13.6,9.6,53.4,0.29,ARMED,,16.9,5,
1791470981606,28.519749,77.377427,53.0,CNG,32.28,22.0,5,1578,23.1,6.26,,86.0,-3.13,-3.13,13.5,9.6,53.2,0.05,ARMED,,16.9,5,
1791470983499,28.519939,77.377222,54.0,CNG,33.14,22.0,5,1588,33.3,6.40,,86.0,-5.47,-3.91,13.5,9.6,53.3,0.07,ARMED,,18.0,5,
1791470984458,28.520039,77.377114,54.0,CNG,34.98,22.0,5,1618,33.3,5.79,,86.0,-5.47,-3.91,13.6,9.6,54.3,0.41,ARMED,,18.0,5,
1791470985221,28.520139,77.377007,55.0,CNG,36.26,22.0,5,1618,33.3,5.87,,86.0,-5.47,-3.91,13.6,9.6,54.5,0.37,ARMED,,18.0,5,
1791470987083,28.520236,77.376900,55.0,CNG,34.27,22.0,5,1644,40.8,7.09,,86.0,-0.78,-3.13,13.4,9.6,55.1,0.54,ARMED,,19.2,5,
1791470987948,28.520335,77.376790,55.0,CNG,32.51,22.0,5,1645,40.8,7.44,,86.0,-0.78,-3.13,13.4,9.6,55.3,0.20,ARMED,,19.2,5,
1791470988709,28.520431,77.376680,55.0,CNG,32.22,22.0,5,1632,40.8,7.07,,86.0,-0.78,-3.13,13.5,9.6,55.1,-0.03,ARMED,,19.2,5,
1791470990489,28.520617,77.376452,55.0,CNG,31.72,15.3,5,1647,39.6,7.25,,86.0,3.13,-3.13,13.5,0.5,55.2,0.02,ARMED,,18.8,5,
1791470991489,28.520707,77.376339,55.0,CNG,32.37,22.0,5,1637,39.6,6.73,,86.0,3.13,-3.13,13.5,9.6,55.0,-0.04,LOCKED,55.0,18.8,5,
1791470992289,28.520800,77.376220,55.0,CNG,31.19,22.0,5,1658,39.6,7.60,,87.0,3.13,-3.13,13.5,9.6,55.4,0.23,LOCKED,55.0,18.8,5,
1791470994004,28.520889,77.376102,55.0,CNG,37.75,21.2,5,1646,29.8,4.08,,87.0,2.34,-3.91,13.5,8.6,55.4,0.16,LOCKED,55.0,17.6,5,
1791470994918,28.520977,77.375983,55.0,CNG,38.48,21.6,5,1647,29.8,5.67,,87.0,2.34,-3.91,13.5,9.1,55.3,-0.01,LOCKED,55.0,17.6,5,
1791470995731,28.521063,77.375862,55.0,CNG,44.31,22.0,5,1641,29.8,3.92,,87.0,2.34,-3.91,13.5,9.6,55.1,-0.06,LOCKED,55.0,17.6,5,
1791470997455,28.521229,77.375615,55.0,CNG,39.97,22.7,5,1643,37.6,6.45,,87.0,0.00,-3.13,13.5,10.7,55.1,-0.05,LOCKED,55.0,18.8,5,
1791470998419,28.521309,77.375491,55.0,CNG,36.10,22.7,5,1642,37.6,7.13,,87.0,0.00,-3.13,13.5,10.7,55.0,-0.04,LOCKED,55.0,18.8,5,
1791470999150,28.521309,77.375491,55.0,CNG,34.08,22.7,5,1641,37.6,7.15,,87.0,0.00,-3.13,13.5,10.7,55.0,-0.04,LOCKED,55.0,18.8,5,
1791471000909,28.521464,77.375236,55.0,CNG,32.29,22.7,5,1639,45.9,7.51,,87.0,0.00,-3.13,13.5,10.7,55.0,-0.04,LOCKED,55.0,20.0,5,
1791471001763,28.521539,77.375106,55.0,CNG,30.52,22.7,5,1654,45.9,7.97,,87.0,0.00,-3.13,13.5,10.7,55.3,0.17,LOCKED,55.0,20.0,5,
1791471002577,28.521613,77.374975,55.0,CNG,28.44,14.9,5,1647,45.9,8.71,,87.0,0.00,-3.13,13.6,0.0,55.3,0.11,LOCKED,55.0,20.0,5,
1791471004383,28.521755,77.374710,55.0,CNG,25.92,23.9,5,1648,51.0,9.83,,88.0,1.56,-2.34,13.6,12.3,55.2,0.07,LOCKED,55.0,20.4,5,
1791471005245,28.521755,77.374710,56.0,CNG,25.80,15.7,5,1657,51.0,8.93,,88.0,1.56,-2.34,13.5,1.1,55.5,0.11,LOCKED,55.0,20.4,5,
1791471006007,28.521824,77.374572,56.0,CNG,26.64,22.0,5,1651,51.0,8.18,,88.0,1.56,-2.34,13.5,9.6,55.5,0.06,LOCKED,55.0,20.4,5,
1791471007850,28.521956,77.374304,55.0,CNG,34.43,14.9,5,1635,20.0,3.63,,88.0,0.00,0.00,13.4,0.0,55.0,-0.20,LOCKED,55.0,15.3,5,
1791471008773,28.522011,77.374184,44.0,CNG,42.29,14.9,5,1342,20.0,2.42,,88.0,0.00,0.00,13.4,0.0,45.9,-4.16,LOCKED,55.0,15.3,4,
1791471009584,28.522065,77.374077,43.0,CNG,30.58,25.1,5,1319,20.0,8.57,,88.0,0.00,0.00,13.6,13.9,43.5,-3.66,LOCKED,55.0,15.3,4,
1791471011531,28.522180,77.373865,44.0,CNG,25.84,14.9,5,1291,36.5,8.71,,88.0,-10.16,-3.91,13.6,0.0,42.2,-2.43,LOCKED,55.0,18.4,4,
1791471012514,28.522237,77.373760,45.0,CNG,24.22,25.1,5,1318,36.5,8.33,,88.0,-10.16,-3.91,13.5,13.9,43.6,0.19,ARMED,,18.4,5,
1791471013268,28.522296,77.373651,46.0,CNG,24.31,25.1,5,1350,36.5,7.69,,89.0,-10.16,-3.91,13.5,13.9,44.8,0.78,ARMED,,18.4,5,
1791471015008,28.522355,77.373539,46.0,CNG,21.83,25.1,5,1369,63.5,9.93,,89.0,0.78,-2.34,13.3,13.9,45.8,0.97,ARMED,,21.2,4,
1791471015902,28.522413,77.373428,48.0,CNG,21.71,25.1,5,1429,63.5,9.10,,89.0,0.78,-2.34,13.3,13.9,47.9,1.15,ARMED,,21.2,4,
1791471016685,28.522476,77.373306,49.0,CNG,21.20,14.9,5,1455,63.5,9.77,,89.0,0.78,-2.34,13.3,0.0,48.8,1.16,ARMED,,21.2,4,
1791471018452,28.522600,77.373066,49.0,CNG,21.06,23.9,5,1455,54.5,9.60,,89.0,0.00,-2.34,13.3,12.3,49.2,0.76,ARMED,,20.4,5,
1791471019404,28.522663,77.372942,51.0,CNG,30.10,21.6,5,1509,54.5,2.71,,89.0,0.00,-2.34,13.4,9.1,50.7,0.79,ARMED,,20.4,5,
1791471020215,28.522725,77.372817,51.0,CNG,29.74,22.4,5,1466,54.5,7.13,,90.0,0.00,-2.34,13.4,10.2,50.1,0.05,ARMED,,20.4,5,
1791471021965,28.522789,77.372692,51.0,CNG,30.99,22.4,5,1523,36.1,6.31,,90.0,0.78,-3.13,13.5,10.2,50.9,0.48,ARMED,,18.0,5,
1791471022835,28.522853,77.372566,52.0,CNG,33.43,22.4,5,1553,36.1,5.63,,90.0,0.78,-3.13,13.5,10.2,52.2,0.70,ARMED,,18.0,5,
1791471023594,28.522916,77.372444,52.0,CNG,34.41,22.4,5,1558,36.1,5.91,,90.0,0.78,-3.13,13.4,10.2,52.5,0.65,ARMED,,18.0,5,
1791471025413,28.523050,77.372186,52.0,CNG,35.06,22.4,5,1562,37.3,5.89,,90.0,0.78,-3.13,13.4,10.2,52.7,0.43,ARMED,,18.4,5,
1791471026327,28.523118,77.372061,53.0,CNG,33.84,22.7,5,1570,37.3,6.73,,90.0,0.78,-3.13,13.5,10.7,52.9,0.15,ARMED,,18.4,5,
1791471027106,28.523118,77.372061,53.0,CNG,32.10,23.1,5,1589,37.3,7.26,,90.0,0.78,-3.13,13.5,11.2,53.3,0.31,ARMED,,18.4,5,
1791471028856,28.523256,77.371804,54.0,CNG,31.83,23.5,5,1599,49.0,7.02,,90.0,4.69,-2.34,13.4,11.8,53.7,0.35,ARMED,,20.4,5,
1791471029721,28.523326,77.371677,54.0,CNG,28.20,23.5,5,1622,49.0,9.14,,90.0,4.69,-2.34,13.4,11.8,54.4,0.39,ARMED,,20.4,5,
1791471030565,28.523399,77.371548,54.0,CNG,26.58,23.9,5,1615,49.0,9.01,,90.0,4.69,-2.34,13.2,12.3,54.4,0.20,ARMED,,20.4,5,
1791471032269,28.523549,77.371289,55.0,CNG,24.33,24.3,5,1631,52.9,10.39,,90.0,-0.78,-2.34,13.2,12.8,54.7,0.23,ARMED,,20.8,5,
1791471033257,28.523549,77.371289,56.0,CNG,23.83,24.3,5,1647,52.9,9.89,,90.0,-0.78,-2.34,13.4,12.8,55.4,0.29,LOCKED,55.4,20.8,5,
1791471033986,28.523629,77.371162,56.0,CNG,23.72,24.3,5,1666,52.9,9.71,,91.0,-0.78,-2.34,13.4,12.8,55.9,0.36,LOCKED,55.4,20.8,5,
1791471035754,28.523797,77.370907,56.0,CNG,30.06,23.5,5,1682,38.0,4.60,,91.0,-3.91,-3.13,13.4,11.8,56.4,0.43,LOCKED,55.4,19.2,5,
1791471036624,28.523886,77.370783,57.0,CNG,31.25,23.5,5,1689,38.0,7.02,,91.0,-3.91,-3.13,13.4,11.8,56.8,0.35,LOCKED,55.4,19.2,5,
1791471037423,28.523981,77.370661,57.0,CNG,31.48,24.7,5,1688,38.0,7.32,,91.0,-3.91,-3.13,13.4,13.4,56.9,0.29,LOCKED,55.4,19.2,5,
1791471039239,28.524163,77.370422,57.0,CNG,37.18,24.3,5,1707,43.1,4.58,,90.0,0.00,-3.13,13.4,12.8,57.3,0.33,LOCKED,55.4,20.0,5,
1791471040127,28.524163,77.370422,58.0,CNG,33.82,24.3,5,1723,43.1,7.94,,90.0,0.00,-3.13,13.4,12.8,57.9,0.34,LOCKED,55.4,20.0,5,
1791471040852,28.524261,77.370294,59.0,CNG,32.16,24.3,5,1735,43.1,8.03,,89.0,0.00,-3.13,13.4,12.8,58.3,0.37,LOCKED,55.4,20.0,5,
1791471042645,28.524450,77.370047,59.0,CNG,30.44,24.3,5,1762,42.4,8.55,,89.0,-0.78,-3.13,13.6,12.8,59.0,0.61,LOCKED,55.4,20.0,5,
1791471043531,28.524551,77.369918,60.0,CNG,35.54,21.6,5,1768,42.4,5.21,,88.0,-0.78,-3.13,13.6,9.1,59.6,0.36,LOCKED,55.4,20.0,5,
1791471044320,28.524648,77.369792,60.0,CNG,35.92,21.6,5,1771,42.4,6.72,,88.0,-0.78,-3.13,13.4,9.1,59.7,0.32,LOCKED,55.4,20.0,5,
1791471046267,28.524839,77.369547,59.0,CNG,38.93,20.0,5,1767,28.2,5.41,,87.0,-0.78,-3.91,13.5,7.0,59.6,0.11,LOCKED,55.4,17.6,5,
1791471047266,28.524839,77.369547,58.0,CNG,39.52,20.0,5,1736,28.2,5.86,,87.0,-0.78,-3.91,13.4,7.0,58.5,-0.46,LOCKED,55.4,17.6,5,
1791471048061,28.524935,77.369424,58.0,CNG,38.80,22.0,5,1735,28.2,6.28,,87.0,-0.78,-3.91,13.4,9.6,58.3,-0.42,LOCKED,55.4,17.6,5,
1791471049841,28.525129,77.369178,58.0,CNG,35.66,22.0,5,1736,38.4,7.46,,87.0,-0.78,-3.13,13.3,9.6,58.2,-0.27,LOCKED,55.4,19.2,5,
1791471050762,28.525220,77.369059,58.0,CNG,37.83,22.0,5,1714,38.4,5.69,,86.0,-0.78,-3.13,13.3,9.6,57.6,-0.27,LOCKED,55.4,19.2,5,
1791471051602,28.525318,77.368933,58.0,CNG,38.43,22.0,5,1712,38.4,6.02,,86.0,-0.78,-3.13,13.6,9.6,57.5,-0.24,LOCKED,55.4,19.2,5,
1791471053405,28.525511,77.368690,58.0,CNG,38.18,22.0,5,1735,30.6,6.27,,87.0,-2.34,-3.91,13.6,9.6,58.0,0.18,LOCKED,55.4,18.0,5,
1791471054309,28.525604,77.368572,58.0,CNG,39.16,22.0,5,1728,30.6,5.82,,87.0,-2.34,-3.91,13.4,9.6,58.1,0.13,LOCKED,55.4,18.0,5,
1791471055058,28.525604,77.368572,58.0,CNG,39.38,22.0,5,1735,30.6,5.97,,87.0,-2.34,-3.91,13.4,9.6,58.3,0.14,LOCKED,55.4,18.0,5,
1791471056948,28.525798,77.368324,58.0,CNG,39.27,22.0,5,1725,31.0,6.06,,87.0,-0.78,-3.91,13.6,9.6,58.1,-0.02,LOCKED,55.4,18.0,5,
1791471057816,28.525893,77.368203,58.0,CNG,38.35,22.0,5,1731,31.0,6.40,,87.0,-0.78,-3.91,13.6,9.6,58.2,-0.01,LOCKED,55.4,18.0,5,
1791471058595,28.525985,77.368084,58.0,CNG,39.82,22.0,5,1717,31.0,5.61,,87.0,-0.78,-3.91,13.4,9.6,57.9,-0.16,LOCKED,55.4,18.0,5,
1791471060342,28.526179,77.367831,58.0,CNG,38.43,22.0,5,1742,37.3,6.49,,87.0,-1.56,-3.13,13.4,9.6,58.3,0.13,LOCKED,55.4,19.2,5,
1791471061214,28.526179,77.367831,58.0,CNG,36.31,22.0,5,1723,37.3,7.07,,87.0,-1.56,-3.13,13.3,9.6,58.0,-0.10,LOCKED,55.4,19.2,5,
1791471062013,28.526272,77.367706,58.0,CNG,38.45,17.6,5,1733,37.3,5.62,,88.0,-1.56,-3.13,13.3,3.7,58.1,-0.04,LOCKED,55.4,19.2,5,
1791471063793,28.526452,77.367456,58.0,CNG,44.50,18.4,5,1732,22.4,4.07,,88.0,-0.78,-4.69,13.3,4.8,58.1,-0.02,LOCKED,55.4,16.5,5,
1791471064663,28.526541,77.367325,57.0,CNG,49.54,18.8,5,1693,22.4,3.89,,88.0,-0.78,-4.69,13.3,5.4,57.0,-0.51,LOCKED,55.4,16.5,5,
1791471065523,28.526624,77.367200,56.0,CNG,51.69,18.8,5,1671,22.4,4.13,,88.0,-0.78,-4.69,13.4,5.4,56.3,-0.68,LOCKED,55.4,16.5,5,
1791471067273,28.526785,77.366945,56.0,CNG,54.36,18.8,5,1663,19.2,3.88,,88.0,2.34,-4.69,13.4,5.4,55.8,-0.65,LOCKED,55.4,15.7,5,
1791471068133,28.526785,77.366945,55.0,CNG,45.01,22.0,5,1660,19.2,6.32,,88.0,2.34,-4.69,13.5,9.6,55.6,-0.24,LOCKED,55.4,15.7,5,
1791471068910,28.526863,77.366818,55.0,CNG,42.72,22.0,5,1643,19.2,5.67,,88.0,2.34,-4.69,13.5,9.6,55.2,-0.29,LOCKED,55.4,15.7,5,
1791471070669,28.527011,77.366565,55.0,CNG,40.73,22.0,5,1631,33.3,5.91,,88.0,0.00,-3.91,13.6,9.6,54.8,-0.33,LOCKED,55.4,18.0,5,
1791471071533,28.527082,77.366435,55.0,CNG,38.40,22.0,5,1635,33.3,6.36,,88.0,0.00,-3.91,13.6,9.6,54.8,-0.07,LOCKED,55.4,18.0,5,
1791471072308,28.527153,77.366301,54.0,CNG,36.94,22.0,5,1627,33.3,6.32,,88.0,0.00,-3.91,13.6,9.6,54.6,-0.10,LOCKED,55.4,18.0,5,
1791471074000,28.527222,77.366169,54.0,CNG,36.26,22.0,5,1613,34.1,6.26,,89.0,0.00,-3.91,13.6,9.6,54.3,-0.27,LOCKED,55.4,18.0,5,
1791471074910,28.527288,77.366043,53.0,CNG,35.56,22.0,5,1593,34.1,6.27,,89.0,0.00,-3.91,13.3,9.6,53.4,-0.44,LOCKED,55.4,18.0,5,
1791471075688,28.527357,77.365911,53.0,CNG,33.39,22.0,5,1570,34.1,7.09,,89.0,0.00,-3.91,13.3,9.6,52.8,-0.60,LOCKED,55.4,18.0,5,
1791471077483,28.527486,77.365657,52.0,CNG,32.30,22.0,5,1555,42.7,6.91,,89.0,0.78,-3.13,13.2,9.6,52.2,-0.63,LOCKED,55.4,19.2,5,
1791471078339,28.527546,77.365534,52.0,CNG,31.41,22.0,5,1548,42.7,7.05,,89.0,0.78,-3.13,13.2,9.6,51.8,-0.29,LOCKED,55.4,19.2,5,
1791471079128,28.527546,77.365534,52.0,CNG,30.81,22.0,5,1539,42.7,7.10,,89.0,0.78,-3.13,13.3,9.6,51.6,-0.28,LOCKED,55.4,19.2,5,
1791471081086,28.527667,77.365275,51.0,CNG,30.07,22.0,5,1532,31.0,7.19,,90.0,1.56,-3.91,13.4,9.6,51.3,-0.28,LOCKED,55.4,15.7,5,
1791471081951,28.527725,77.365148,50.0,CNG,35.82,20.8,5,1492,31.0,4.01,,90.0,1.56,-3.91,13.3,8.0,50.1,-0.60,LOCKED,55.4,15.7,4,
1791471082697,28.527781,77.365028,50.0,CNG,37.79,20.8,5,1474,31.0,4.95,,90.0,1.56,-3.91,13.3,8.0,49.5,-0.63,LOCKED,55.4,15.7,4,
1791471084472,28.527899,77.364782,49.0,CNG,43.34,19.2,5,1467,20.4,3.57,,90.0,2.34,-4.69,13.4,5.9,49.1,-0.58,LOCKED,55.4,15.3,4,
1791471085370,28.527957,77.364665,48.0,CNG,51.44,19.6,5,1435,20.4,2.70,,90.0,2.34,-4.69,13.4,6.4,48.1,-0.57,LOCKED,55.4,15.3,4,
1791471086171,28.527957,77.364665,48.0,CNG,55.17,19.6,5,1415,20.4,3.16,,90.0,2.34,-4.69,13.5,6.4,47.5,-0.62,LOCKED,55.4,15.3,4,
1791471087987,28.528069,77.364438,47.0,CNG,57.98,14.9,5,1395,20.8,3.05,,90.0,0.00,0.00,13.5,0.0,46.8,-0.65,LOCKED,55.4,14.9,4,
1791471088859,28.528127,77.364324,45.0,CNG,63.88,18.4,5,1318,20.8,2.41,,90.0,0.00,0.00,13.4,4.8,44.4,-1.20,LOCKED,55.4,14.9,4,
1791471089654,28.528182,77.364216,44.0,CNG,62.31,18.8,5,1322,20.8,3.00,,90.0,0.00,0.00,13.4,5.4,44.1,-0.86,LOCKED,55.4,14.9,4,
1791471091512,28.528292,77.364008,43.0,CNG,58.55,19.2,5,1286,32.5,3.29,,90.0,0.00,-4.69,13.5,5.9,43.2,-0.88,ARMED,,16.5,5,
1791471092397,28.528346,77.363906,42.0,CNG,41.37,20.4,5,1258,32.5,6.09,,90.0,0.00,-4.69,13.5,7.5,42.2,-0.63,ARMED,,16.5,5,
1791471093213,28.528401,77.363807,42.0,CNG,38.36,20.4,5,1246,32.5,4.98,,90.0,0.00,-4.69,13.2,7.5,41.8,-0.60,ARMED,,16.5,5,
1791471094933,28.528453,77.363711,41.0,CNG,36.91,20.4,5,1230,45.1,4.81,,90.0,0.00,-3.91,13.2,7.5,41.3,-0.59,ARMED,,17.6,5,
1791471095823,28.528507,77.363613,41.0,CNG,31.21,22.4,5,1216,45.1,6.65,,90.0,0.00,-3.91,13.4,10.2,40.8,-0.35,ARMED,,17.6,5,
1791471096603,28.528563,77.363513,41.0,CNG,26.01,23.1,5,1218,45.1,8.08,,89.0,0.00,-3.91,13.4,11.2,40.7,-0.28,ARMED,,17.6,5,
1791471098404,28.528674,77.363320,41.0,CNG,23.61,23.1,5,1228,58.8,8.09,,89.0,0.00,-3.13,13.5,11.2,41.0,-0.00,ARMED,,19.2,5,
1791471099352,28.528733,77.363219,42.0,CNG,23.97,23.5,5,1252,58.8,7.00,,89.0,0.00,-3.13,13.5,11.8,41.9,0.41,ARMED,,19.2,5,
1791471100138,28.528733,77.363219,43.0,CNG,24.93,23.5,5,1263,58.8,6.64,,89.0,0.00,-3.13,13.3,11.8,42.3,0.44,ARMED,,19.2,5,
1791471101910,28.528852,77.363019,43.0,CNG,24.69,23.5,5,1278,52.9,7.22,,89.0,0.00,-3.91,13.3,11.8,42.9,0.48,ARMED,,19.2,5,
1791471102811,28.528911,77.362919,44.0,CNG,24.93,23.5,5,1305,52.9,7.11,,89.0,0.00,-3.91,13.5,11.8,43.8,0.51,ARMED,,19.2,5,
1791471103558,28.528972,77.362816,44.0,CNG,24.41,23.5,5,1315,52.9,7.59,,89.0,0.00,-3.91,13.5,11.8,44.2,0.50,ARMED,,19.2,5,
1791471105281,28.529096,77.362606,45.0,CNG,24.45,23.5,5,1331,50.6,7.51,,89.0,0.00,-3.91,13.5,11.8,44.7,0.52,ARMED,,19.6,5,
1791471106117,28.529096,77.362606,46.0,CNG,24.95,23.9,5,1360,50.6,7.31,,89.0,0.00,-3.91,13.5,12.3,45.7,0.55,ARMED,,19.6,5,
1791471106915,28.529160,77.362499,46.0,CNG,28.67,23.5,5,1382,50.6,5.13,,89.0,0.00,-3.91,13.5,11.8,46.3,0.61,ARMED,,19.6,5,
1791471108672,28.529289,77.362279,47.0,CNG,25.61,23.9,5,1387,59.2,8.66,,89.0,3.91,-3.13,13.5,12.3,46.7,0.56,ARMED,,20.4,5,
1791471109527,28.529354,77.362170,48.0,CNG,24.75,23.9,5,1413,59.2,8.31,,89.0,3.91,-3.13,13.4,12.3,47.6,0.54,ARMED,,20.4,5,
1791471110275,28.529421,77.362058,48.0,CNG,23.32,23.9,5,1425,59.2,9.12,,89.0,3.91,-3.13,13.4,12.3,48.0,0.53,ARMED,,20.4,5,
1791471112108,28.529491,77.361944,48.0,CNG,22.10,24.3,5,1446,58.0,9.56,,89.0,1.56,-3.13,13.4,12.8,48.6,0.57,ARMED,,20.8,5,
1791471112988,28.529563,77.361831,50.0,CNG,22.37,24.3,5,1484,58.0,8.98,,89.0,1.56,-3.13,13.4,12.8,49.9,0.63,ARMED,,20.8,5,
1791471113756,28.529635,77.361717,50.0,CNG,23.61,24.7,5,1503,58.0,7.96,,89.0,1.56,-3.13,13.5,13.4,50.5,0.66,ARMED,,20.8,5,
1791471115696,28.529788,77.361480,51.0,CNG,25.41,24.7,5,1518,31.0,7.30,,89.0,0.00,-3.13,13.5,13.4,51.1,0.66,ARMED,,15.7,5,
1791471116572,28.529863,77.361364,52.0,CNG,27.87,22.7,5,1537,31.0,6.56,,89.0,0.00,-3.13,13.4,10.7,51.8,0.42,ARMED,,15.7,5,
1791471117340,28.529936,77.361248,52.0,CNG,33.89,20.0,5,1546,31.0,4.29,,89.0,0.00,-3.13,13.4,7.0,52.1,0.41,ARMED,,15.7,5,
1791471119129,28.530010,77.361130,52.0,CNG,33.91,22.4,5,1544,36.1,6.26,,89.0,-0.78,-3.91,13.5,10.2,52.1,0.23,ARMED,,18.0,5,
1791471119980,28.530087,77.361012,53.0,CNG,34.82,22.4,5,1557,36.1,5.98,,89.0,-0.78,-3.91,13.5,10.2,52.5,0.22,ARMED,,18.0,5,
1791471120750,28.530164,77.360894,52.0,CNG,34.13,22.4,5,1554,36.1,6.41,,89.0,-0.78,-3.91,13.3,10.2,52.5,0.17,ARMED,,18.0,5,
1791471122567,28.530321,77.360661,52.0,CNG,40.83,20.0,5,1549,25.1,3.67,,89.0,-0.78,-4.69,13.3,7.0,52.3,-0.00,ARMED,,17.3,5,
1791471123492,28.530400,77.360540,52.0,CNG,40.75,20.4,5,1556,25.1,5.23,,89.0,-0.78,-4.69,13.5,7.5,52.4,0.01,ARMED,,17.3,5,
1791471124267,28.530477,77.360429,52.0,CNG,41.02,20.4,5,1550,25.1,5.13,,88.0,-0.78,-4.69,13.5,7.5,52.2,-0.03,ARMED,,17.3,5,
1791471126028,28.530556,77.360313,52.0,CNG,39.71,20.4,5,1547,38.4,5.61,,88.0,-0.78,-3.91,13.4,7.5,52.1,-0.06,ARMED,,19.6,5,
1791471126942,28.530636,77.360196,52.0,CNG,33.65,22.7,5,1555,38.4,7.76,,88.0,-0.78,-3.91,13.4,10.7,52.2,-0.00,ARMED,,19.6,5,
1791471127779,28.530718,77.360080,53.0,CNG,31.21,22.7,5,1579,38.4,7.68,,88.0,-0.78,-3.91,13.3,10.7,52.8,0.31,ARMED,,19.6,5,
1791471129646,28.530883,77.359842,54.0,CNG,27.78,23.1,5,1602,39.2,9.22,,88.0,0.00,-3.91,13.3,11.2,53.6,0.62,ARMED,,18.8,5,
1791471130565,28.530972,77.359721,56.0,CNG,29.52,23.1,5,1651,39.2,7.06,,88.0,0.00,-3.91,13.5,11.2,55.5,0.93,ARMED,,18.8,5,
1791471131307,28.531066,77.359595,57.0,CNG,30.78,23.1,5,1678,39.2,7.11,,88.0,0.00,-3.91,13.5,11.2,56.4,0.99,ARMED,,18.8,5,
1791471133167,28.531155,77.359475,58.0,CNG,31.85,23.1,5,1707,38.0,7.07,,88.0,0.00,-3.91,13.3,11.2,57.4,1.04,ARMED,,19.2,5,
1791471134028,28.531247,77.359347,59.0,CNG,32.33,23.1,5,1753,38.0,7.30,,88.0,0.00,-3.91,13.3,11.2,59.1,0.98,ARMED,,19.2,5,
1791471134757,28.531340,77.359218,60.0,CNG,33.31,23.1,5,1775,38.0,7.04,,88.0,0.00,-3.91,13.4,11.2,59.8,0.98,ARMED,,19.2,5,
1791471136547,28.531531,77.358953,61.0,CNG,33.05,23.1,5,1813,36.1,7.63,,89.0,0.00,-3.91,13.4,11.2,60.9,1.14,ARMED,,19.2,5,
1791471137442,28.531631,77.358820,62.0,CNG,33.13,23.1,5,1857,36.1,7.62,,89.0,0.00,-3.91,13.4,11.2,62.5,0.96,ARMED,,19.2,5,
1791471138243,28.531732,77.358685,63.0,CNG,36.42,14.9,5,1866,36.1,6.06,,89.0,0.00,-3.91,13.4,0.0,63.0,0.75,ARMED,,19.2,5,
1791471140012,28.531834,77.358549,63.0,CNG,42.44,21.6,5,1874,32.9,4.60,,89.0,0.00,-3.91,13.3,9.1,63.3,0.53,ARMED,,18.4,5,
1791471140932,28.531930,77.358420,63.0,CNG,49.39,19.6,5,1869,32.9,3.95,,89.0,0.00,-3.91,13.3,6.4,63.0,0.01,ARMED,,18.4,5,
1791471141768,28.532032,77.358281,63.0,CNG,50.77,19.6,5,1872,32.9,4.86,,89.0,0.00,-3.91,13.4,6.4,63.0,0.00,ARMED,,18.4,5,
1791471143626,28.532227,77.358011,63.0,CNG,51.02,19.6,5,1878,24.7,5.01,,89.0,-0.78,-4.69,13.4,6.4,63.1,0.03,ARMED,,17.3,5,
1791471144703,28.532325,77.357874,63.0,CNG,51.01,19.6,5,1866,24.7,5.05,,89.0,-0.78,-4.69,13.4,6.4,62.9,-0.04,LOCKED,62.9,17.3,5,
1791471145461,28.532421,77.357736,63.0,CNG,56.07,19.6,5,1866,24.7,3.91,,89.0,-0.78,-4.69,13.4,6.4,62.8,-0.04,LOCKED,62.9,17.3,5,
1791471147084,28.532516,77.357596,63.0,CNG,61.55,19.6,5,1873,19.2,3.57,,89.0,-1.56,-4.69,13.4,6.4,63.0,0.01,LOCKED,62.9,16.1,5,
1791471147969,28.532613,77.357451,63.0,CNG,65.66,19.6,5,1869,19.2,3.53,,89.0,-1.56,-4.69,13.4,6.4,62.9,-0.00,LOCKED,62.9,16.1,5,
1791471148737,28.532706,77.357312,62.0,CNG,62.57,19.6,5,1848,19.2,4.34,,89.0,-1.56,-4.69,13.5,6.4,62.5,-0.25,LOCKED,62.9,16.1,5,
1791471150656,28.532891,77.357039,62.0,CNG,65.39,19.6,5,1851,19.2,3.61,,88.0,-0.78,-4.69,13.5,6.4,62.3,-0.25,LOCKED,62.9,16.1,5,
1791471151620,28.532983,77.356901,61.0,CNG,67.80,20.0,5,1831,19.2,3.47,,88.0,-0.78,-4.69,13.3,7.0,61.6,-0.30,LOCKED,62.9,16.1,5,
1791471152359,28.533075,77.356766,61.0,CNG,64.84,20.0,5,1806,19.2,4.10,,88.0,-0.78,-4.69,13.3,7.0,61.0,-0.52,LOCKED,62.9,16.1,5,
1791471154141,28.533166,77.356631,61.0,CNG,62.23,20.0,5,1807,20.4,4.25,,88.0,-1.56,-4.69,13.3,7.0,60.7,-0.47,LOCKED,62.9,16.5,5,
1791471155034,28.533256,77.356496,60.0,CNG,55.06,20.4,5,1789,20.4,5.24,,89.0,-1.56,-4.69,13.3,7.5,60.1,-0.40,LOCKED,62.9,16.5,5,
1791471155858,28.533350,77.356359,60.0,CNG,48.43,20.4,5,1771,20.4,5.99,,89.0,-1.56,-4.69,13.3,7.5,59.7,-0.45,LOCKED,62.9,16.5,5,
1791471157631,28.533526,77.356099,59.0,CNG,46.09,20.4,5,1770,30.6,5.62,,88.0,-0.78,-3.91,13.3,7.5,59.4,-0.40,LOCKED,62.9,18.0,5,
1791471158526,28.533615,77.355968,59.0,CNG,42.49,20.4,5,1754,30.6,6.35,,88.0,-0.78,-3.91,13.4,7.5,58.9,-0.35,LOCKED,62.9,18.0,5,
1791471159253,28.533703,77.355840,59.0,CNG,40.73,20.4,5,1743,30.6,6.29,,88.0,-0.78,-3.91,13.4,7.5,58.6,-0.36,LOCKED,62.9,18.0,5,
1791471161100,28.533790,77.355710,58.0,CNG,41.21,20.4,5,1733,30.6,5.65,,88.0,-0.78,-3.91,13.4,7.5,58.3,-0.37,LOCKED,62.9,18.0,5,
1791471161965,28.533877,77.355579,58.0,CNG,46.01,14.9,5,1714,30.6,4.24,,89.0,-0.78,-3.91,13.4,0.0,57.7,-0.36,LOCKED,62.9,18.0,5,
1791471162747,28.533961,77.355453,57.0,CNG,52.29,17.6,5,1705,30.6,3.52,,89.0,-0.78,-3.91,13.4,3.7,57.4,-0.37,LOCKED,62.9,18.0,5,
1791471164572,28.534131,77.355203,56.0,CNG,56.91,19.6,5,1672,19.6,3.47,,89.0,0.00,-4.69,13.4,6.4,56.5,-0.67,LOCKED,62.9,15.7,5,
1791471165508,28.534216,77.355079,55.0,CNG,62.14,19.6,5,1619,19.6,3.10,,89.0,0.00,-4.69,13.5,6.4,54.6,-0.99,LOCKED,62.9,15.7,5,
1791471166286,28.534295,77.354961,54.0,CNG,66.07,19.6,5,1603,19.6,3.01,,89.0,0.00,-4.69,13.5,6.4,53.9,-0.95,LOCKED,62.9,15.7,5,
1791471168055,28.534374,77.354845,53.0,CNG,62.49,20.0,5,1590,21.2,3.76,,89.0,0.00,-4.69,13.5,7.0,53.3,-0.79,LOCKED,62.9,15.7,5,
1791471169016,28.534455,77.354721,53.0,CNG,59.43,20.4,5,1572,21.2,3.92,,88.0,0.00,-4.69,13.5,7.5,52.8,-0.39,ARMED,,15.7,5,
1791471169790,28.534533,77.354603,52.0,CNG,54.84,20.4,5,1559,21.2,4.34,,88.0,0.00,-4.69,13.5,7.5,52.5,-0.40,ARMED,,15.7,5,
1791471171548,28.534687,77.354369,52.0,CNG,54.15,20.4,5,1557,29.4,4.00,,88.0,-0.78,-4.69,13.5,7.5,52.3,-0.35,ARMED,,17.3,5,
1791471172451,28.534764,77.354253,52.0,CNG,46.59,20.4,5,1550,29.4,5.53,,88.0,-0.78,-4.69,13.2,7.5,52.1,-0.16,ARMED,,17.3,5,
1791471173211,28.534841,77.354141,51.0,CNG,55.96,20.8,5,1524,29.4,2.57,,88.0,-0.78,-4.69,13.2,8.0,51.5,-0.42,ARMED,,17.3,5,
1791471175013,28.534918,77.354026,51.0,CNG,44.49,20.4,5,1537,34.1,6.15,,88.0,-0.78,-3.91,13.3,7.5,51.5,-0.23,ARMED,,16.9,5,
1791471175880,28.534992,77.353915,51.0,CNG,41.12,20.0,5,1528,34.1,5.65,,88.0,-0.78,-3.91,13.3,7.0,51.3,-0.18,ARMED,,16.9,5,
1791471176635,28.535071,77.353798,51.0,CNG,40.42,20.0,5,1529,34.1,5.29,,88.0,-0.78,-3.91,13.4,7.0,51.2,-0.15,ARMED,,16.9,5,
1791471178356,28.535224,77.353571,51.0,CNG,38.70,20.0,5,1512,25.1,5.73,,88.0,-0.78,-4.69,13.4,7.0,50.9,-0.22,ARMED,,16.1,5,
1791471179230,28.535224,77.353571,51.0,CNG,42.16,20.0,5,1520,25.1,4.28,,88.0,-0.78,-4.69,13.3,7.0,51.0,-0.00,ARMED,,16.1,5,
1791471179962,28.535300,77.353458,51.0,CNG,46.33,20.0,5,1519,25.1,3.83,,88.0,-0.78,-4.69,13.3,7.0,51.0,0.00,ARMED,,16.1,5,
1791471181776,28.535454,77.353232,51.0,CNG,50.35,20.0,5,1521,23.1,3.60,,88.0,0.00,-5.47,13.5,7.0,51.0,0.02,ARMED,,16.1,5,
1791471182677,28.535530,77.353124,51.0,CNG,49.49,20.0,5,1511,23.1,4.32,,89.0,0.00,-5.47,13.5,7.0,50.8,-0.05,ARMED,,16.1,5,
1791471183476,28.535604,77.353015,51.0,CNG,53.13,20.0,5,1519,23.1,3.49,,89.0,0.00,-5.47,13.3,7.0,50.9,0.00,ARMED,,16.1,5,
1791471185374,28.535759,77.352784,51.0,CNG,52.30,20.0,5,1505,23.1,4.08,,88.0,0.00,-5.47,13.5,7.0,50.7,-0.06,ARMED,,16.1,5,
1791471186296,28.535759,77.352784,51.0,CNG,53.07,20.0,5,1522,23.1,3.84,,88.0,0.00,-5.47,13.3,7.0,51.1,0.15,ARMED,,16.1,5,
1791471187076,28.535834,77.352669,51.0,CNG,52.79,20.0,5,1512,23.1,3.98,,88.0,0.00,-5.47,13.3,7.0,50.9,0.08,ARMED,,16.1,5,
1791471188832,28.535986,77.352438,51.0,CNG,51.73,20.0,5,1504,30.6,4.15,,88.0,1.56,-4.69,13.1,7.0,50.7,-0.08,ARMED,,17.3,5,
1791471189690,28.536064,77.352320,51.0,CNG,45.98,20.0,5,1526,30.6,5.29,,88.0,1.56,-4.69,13.1,7.0,51.2,0.19,ARMED,,17.3,5,
1791471190474,28.536138,77.352208,51.0,CNG,44.12,20.0,5,1523,30.6,5.01,,88.0,1.56,-4.69,13.4,7.0,51.2,0.16,ARMED,,17.3,5,
1791471192209,28.536290,77.351982,51.0,CNG,42.11,20.0,5,1500,32.5,5.29,,88.0,0.00,-4.69,13.4,7.0,50.7,-0.21,ARMED,,17.6,5,
1791471193121,28.536290,77.351982,50.0,CNG,41.95,20.0,5,1494,32.5,4.90,,88.0,0.00,-4.69,13.5,7.0,50.2,-0.24,ARMED,,17.6,5,
1791471193851,28.536366,77.351868,50.0,CNG,40.44,20.0,5,1494,32.5,5.33,,88.0,0.00,-4.69,13.5,7.0,50.1,-0.21,ARMED,,17.6,5,
1791471195629,28.536515,77.351643,50.0,CNG,45.11,20.0,5,1497,23.5,3.74,,88.0,-0.78,-5.47,13.3,7.0,50.2,-0.15,ARMED,,16.1,5,
1791471196516,28.536588,77.351530,50.0,CNG,46.80,20.0,5,1477,23.5,4.12,,89.0,-0.78,-5.47,13.3,7.0,49.7,-0.20,ARMED,,16.1,5,
1791471197269,28.536660,77.351416,50.0,CNG,47.52,20.0,5,1472,23.5,4.20,,89.0,-0.78,-5.47,13.2,7.0,49.5,-0.20,ARMED,,16.1,5,
1791471199044,28.536732,77.351303,50.0,CNG,48.42,20.0,5,1479,23.9,4.10,,89.0,0.00,-5.47,13.2,7.0,49.6,-0.05,ARMED,,16.1,5,
1791471199977,28.536801,77.351194,49.0,CNG,50.88,20.0,5,1470,23.9,3.63,,89.0,0.00,-5.47,13.3,7.0,49.4,-0.07,ARMED,,16.1,5,
1791471200732,28.536874,77.351078,49.0,CNG,50.81,20.4,5,1476,23.9,3.95,,88.0,0.00,-5.47,13.3,7.5,49.5,-0.03,ARMED,,16.1,5,
1791471202513,28.537016,77.350855,49.0,CNG,53.29,20.4,5,1456,25.9,3.48,,88.0,-0.78,-5.47,13.4,7.5,49.1,-0.24,ARMED,,16.5,5,
1791471203438,28.537087,77.350744,49.0,CNG,57.43,19.6,5,1465,25.9,3.08,,89.0,-0.78,-5.47,13.4,6.4,49.1,-0.03,ARMED,,16.5,5,
1791471204239,28.537157,77.350632,49.0,CNG,58.28,19.6,5,1436,25.9,3.36,,89.0,-0.78,-5.47,13.5,6.4,48.6,-0.34,ARMED,,16.5,5,
1791471206002,28.537227,77.350520,49.0,CNG,50.76,19.6,5,1446,31.0,4.71,,88.0,-0.78,-4.69,13.5,6.4,48.5,-0.28,ARMED,,16.9,5,
1791471206956,28.537297,77.350411,48.0,CNG,47.53,19.6,5,1432,31.0,4.53,,88.0,-0.78,-4.69,13.4,6.4,48.1,-0.25,ARMED,,16.9,5,
1791471207772,28.537364,77.350306,48.0,CNG,46.01,19.6,5,1429,31.0,4.47,,88.0,-0.78,-4.69,13.4,6.4,48.0,-0.23,ARMED,,16.9,5,
1791471209534,28.537503,77.350083,48.0,CNG,44.90,19.6,5,1416,32.2,4.53,,88.0,-0.78,-4.69,13.3,6.4,47.7,-0.26,ARMED,,17.3,5,
1791471210466,28.537571,77.349973,47.0,CNG,40.83,19.6,5,1395,32.2,5.36,,89.0,-0.78,-4.69,13.3,6.4,46.9,-0.32,ARMED,,17.3,5,
1791471211254,28.537638,77.349865,47.0,CNG,39.16,19.6,5,1403,32.2,5.21,,89.0,-0.78,-4.69,13.4,6.4,47.0,-0.14,ARMED,,17.3,5,
1791471212968,28.537706,77.349756,47.0,CNG,46.19,19.6,5,1421,23.1,3.03,,89.0,0.00,-5.47,13.4,6.4,47.4,0.19,ARMED,,15.7,5,
1791471213917,28.537773,77.349649,47.0,CNG,48.26,19.6,5,1400,23.1,3.71,,89.0,0.00,-5.47,13.5,6.4,47.1,-0.12,ARMED,,15.7,5,
1791471214661,28.537841,77.349541,47.0,CNG,48.22,19.6,5,1390,23.1,3.99,,89.0,0.00,-5.47,13.5,6.4,46.8,-0.18,ARMED,,15.7,5,
1791471216425,28.537971,77.349328,46.0,CNG,48.11,19.6,5,1383,23.5,3.92,,89.0,0.00,-5.47,13.3,6.4,46.5,-0.22,ARMED,,15.7,5,
1791471217313,28.538036,77.349221,46.0,CNG,52.64,19.6,5,1371,23.5,3.06,,89.0,0.00,-5.47,13.3,6.4,46.0,-0.24,ARMED,,15.7,5,
1791471218086,28.538036,77.349221,46.0,CNG,56.36,19.6,5,1369,23.5,2.98,,89.0,0.00,-5.47,13.4,6.4,45.9,-0.22,ARMED,,15.7,5,
1791471220006,28.538165,77.349010,46.0,CNG,53.33,19.6,5,1361,23.9,3.81,,88.0,0.00,-5.47,13.5,6.4,45.7,-0.22,ARMED,,15.7,5,
1791471220958,28.538229,77.348902,46.0,CNG,52.65,19.6,5,1359,23.9,3.64,,88.0,0.00,-5.47,13.4,6.4,45.6,-0.14,ARMED,,15.7,5,
1791471221767,28.538292,77.348799,45.0,CNG,47.13,19.6,5,1346,23.9,4.53,,88.0,0.00,-5.47,13.4,6.4,45.4,-0.19,ARMED,,15.7,5,
1791471223515,28.538418,77.348594,45.0,CNG,41.49,19.6,5,1342,34.5,5.24,,88.0,0.00,-4.69,13.4,6.4,45.1,-0.21,ARMED,,16.9,5,
1791471224405,28.538484,77.348488,45.0,CNG,40.99,19.6,5,1335,34.5,4.57,,88.0,0.00,-4.69,13.4,6.4,44.9,-0.18,ARMED,,16.9,5,
1791471225213,28.538546,77.348387,45.0,CNG,41.60,19.6,5,1332,34.5,4.32,,88.0,0.00,-4.69,13.2,6.4,44.8,-0.17,ARMED,,16.9,5,
1791471227055,28.538608,77.348287,45.0,CNG,39.03,19.6,5,1325,34.9,5.15,,89.0,0.00,-4.69,13.2,6.4,44.6,-0.18,ARMED,,16.9,5,
1791471228256,28.538737,77.348082,44.0,CNG,37.67,20.0,5,1316,34.9,5.03,,89.0,0.00,-4.69,13.5,7.0,44.3,-0.17,ARMED,,16.9,5,
1791471229359,28.538802,77.347980,44.0,CNG,41.86,20.4,5,1322,34.9,3.57,,88.0,0.00,-4.69,13.5,7.5,44.3,-0.10,ARMED,,16.9,5,
1791471231614,28.538926,77.347781,44.0,CNG,43.37,20.4,5,1312,28.2,3.92,,88.0,-0.78,-5.47,13.3,7.5,44.1,-0.13,ARMED,,16.1,5,
1791471232700,28.538991,77.347677,44.0,CNG,43.73,20.4,5,1308,28.2,4.06,,89.0,-0.78,-5.47,13.3,7.5,43.9,-0.10,ARMED,,16.1,5,
1791471233842,28.539054,77.347576,44.0,CNG,47.43,20.4,5,1305,28.2,3.31,,89.0,-0.78,-5.47,13.5,7.5,43.9,-0.10,ARMED,,16.1,5,
1791471236038,28.539179,77.347375,44.0,CNG,49.41,20.4,5,1297,22.0,3.41,,89.0,-0.78,-5.47,13.5,7.5,43.7,-0.12,ARMED,,14.9,5,
1791471237017,28.539241,77.347275,43.0,CNG,57.26,18.4,5,1301,22.0,2.32,,89.0,-0.78,-5.47,13.4,4.8,43.6,-0.08,ARMED,,14.9,5,
1791471237824,28.539302,77.347177,43.0,CNG,56.38,18.4,5,1269,22.0,3.19,,89.0,-0.78,-5.47,13.4,4.8,42.9,-0.43,ARMED,,14.9,5,
1791471239561,28.539422,77.346985,42.0,CNG,58.61,18.8,5,1267,32.9,2.75,,89.0,0.00,-5.47,13.4,5.4,42.5,-0.44,ARMED,,16.5,5,
1791471240478,28.539483,77.346887,42.0,CNG,43.12,20.8,5,1250,32.9,5.59,,89.0,0.00,-5.47,13.4,8.0,41.9,-0.40,ARMED,,16.5,5,
1791471241268,28.539544,77.346790,42.0,CNG,37.87,20.8,5,1246,32.9,5.37,,89.0,0.00,-5.47,13.4,8.0,41.7,-0.36,ARMED,,16.5,5,
1791471243051,28.539602,77.346697,42.0,CNG,35.42,20.8,5,1245,44.7,5.32,,89.0,0.00,-4.69,13.4,8.0,41.7,-0.29,ARMED,,18.0,5,
1791471243989,28.539664,77.346599,42.0,CNG,32.03,20.8,5,1256,44.7,6.13,,89.0,0.00,-4.69,13.5,8.0,42.0,0.11,ARMED,,18.0,5,
1791471244739,28.539725,77.346501,42.0,CNG,30.44,20.8,5,1260,44.7,6.06,,89.0,0.00,-4.69,13.5,8.0,42.2,0.14,ARMED,,18.0,5,
1791471246523,28.539844,77.346307,42.0,CNG,33.45,21.2,5,1264,35.7,4.37,,89.0,0.00,-4.69,13.5,8.6,42.4,0.14,ARMED,,16.9,5,
1791471247413,28.539904,77.346211,43.0,CNG,35.96,22.4,5,1271,35.7,4.35,,89.0,0.00,-4.69,13.5,10.2,42.7,0.15,ARMED,,16.9,5,
1791471248189,28.539968,77.346109,43.0,CNG,30.66,23.9,5,1285,35.7,6.98,,89.0,0.00,-4.69,13.5,12.3,43.0,0.21,ARMED,,16.9,5,
1791471250051,28.540026,77.346012,44.0,CNG,27.48,23.5,5,1304,51.4,7.53,,89.0,0.78,-3.91,13.5,11.8,43.6,0.44,ARMED,,16.5,5,
1791471250933,28.540091,77.345909,45.0,CNG,32.06,21.2,5,1330,51.4,4.36,,89.0,0.78,-3.91,13.3,8.6,44.7,0.50,ARMED,,16.5,5,
1791471251682,28.540155,77.345805,45.0,CNG,34.87,21.2,5,1337,51.4,4.60,,89.0,0.78,-3.91,13.3,8.6,45.0,0.48,ARMED,,16.5,5,
1791471253517,28.540286,77.345597,45.0,CNG,38.18,21.2,5,1334,33.3,4.14,,89.0,-0.78,-4.69,13.5,8.6,45.0,0.27,ARMED,,16.9,5,
1791471254355,28.540351,77.345496,45.0,CNG,37.73,21.2,5,1341,33.3,4.96,,89.0,-0.78,-4.69,13.5,8.6,45.1,0.08,ARMED,,16.9,5,
1791471255123,28.540351,77.345496,45.0,CNG,37.10,21.6,5,1345,33.3,5.08,,89.0,-0.78,-4.69,13.6,9.1,45.2,0.09,ARMED,,16.9,5,
1791471257035,28.540483,77.345285,46.0,CNG,37.27,22.0,5,1354,45.5,5.01,,89.0,-2.34,-4.69,13.3,9.6,45.4,0.14,ARMED,,18.8,5,
1791471257944,28.540549,77.345182,46.0,CNG,31.77,22.0,5,1369,45.5,7.21,,89.0,-2.34,-4.69,13.5,9.6,46.0,0.20,ARMED,,18.8,5,
1791471258670,28.540615,77.345075,46.0,CNG,29.28,22.0,5,1370,45.5,7.17,,89.0,-2.34,-4.69,13.5,9.6,46.1,0.19,ARMED,,18.8,5,
1791471260435,28.540746,77.344860,46.0,CNG,28.19,22.0,5,1378,47.5,7.04,,89.0,0.78,-3.91,13.4,9.6,46.3,0.20,ARMED,,19.2,5,
1791471261270,28.540746,77.344860,47.0,CNG,27.48,22.0,5,1394,47.5,7.25,,90.0,0.78,-3.91,13.4,9.6,46.8,0.24,ARMED,,19.2,5,
1791471262096,28.540811,77.344751,47.0,CNG,27.23,22.0,5,1404,47.5,7.15,,90.0,0.78,-3.91,13.4,9.6,47.1,0.27,ARMED,,19.2,5,
1791471263870,28.540944,77.344535,47.0,CNG,30.62,22.0,5,1416,36.9,5.11,,90.0,0.78,-4.69,13.4,9.6,47.5,0.30,ARMED,,17.6,5,
1791471264727,28.541014,77.344421,48.0,CNG,31.76,22.0,5,1425,36.9,5.84,,90.0,0.78,-4.69,13.5,9.6,47.9,0.27,ARMED,,17.6,5,
1791471265451,28.541083,77.344311,48.0,CNG,32.87,22.0,5,1430,36.9,5.66,,90.0,0.78,-4.69,13.5,9.6,48.1,0.27,ARMED,,17.6,5,
1791471267201,28.541221,77.344089,48.0,CNG,34.11,22.0,5,1439,35.7,5.43,,90.0,-1.56,-4.69,13.5,9.6,48.3,0.27,ARMED,,17.6,5,
1791471268106,28.541221,77.344089,49.0,CNG,33.88,22.0,5,1448,35.7,5.97,,90.0,-1.56,-4.69,13.5,9.6,48.7,0.24,ARMED,,17.6,5,
1791471268865,28.541290,77.343976,49.0,CNG,33.83,22.0,5,1457,35.7,5.93,,90.0,-1.56,-4.69,13.5,9.6,48.9,0.27,ARMED,,17.6,5,
1791471270619,28.541431,77.343748,49.0,CNG,35.85,22.0,5,1465,34.9,5.09,,90.0,-0.78,-4.69,13.5,9.6,49.2,0.28,ARMED,,17.6,5,
1791471271486,28.541498,77.343637,50.0,CNG,37.29,22.0,5,1474,34.9,5.16,,90.0,-0.78,-4.69,13.3,9.6,49.6,0.26,ARMED,,17.6,5,
1791471272238,28.541573,77.343517,50.0,CNG,36.94,22.0,5,1492,34.9,5.61,,90.0,-0.78,-4.69,13.3,9.6,50.0,0.32,ARMED,,17.6,5,
1791471274084,28.541644,77.343402,50.0,CNG,37.85,22.0,5,1492,34.1,5.20,,90.0,-0.78,-4.69,13.4,9.6,50.2,0.29,ARMED,,18.8,5,
1791471274930,28.541714,77.343290,51.0,CNG,35.73,22.0,5,1511,34.1,6.31,,90.0,-0.78,-4.69,13.4,9.6,50.8,0.31,ARMED,,18.8,5,
1791471275707,28.541788,77.343171,51.0,CNG,33.54,22.0,5,1505,34.1,6.78,,90.0,-0.78,-4.69,13.4,9.6,50.8,0.17,ARMED,,18.8,5,
1791471277475,28.541938,77.342936,51.0,CNG,30.85,22.4,5,1510,46.7,7.56,,89.0,1.56,-3.91,13.4,10.2,50.9,0.14,ARMED,,19.6,5,
1791471278378,28.542013,77.342819,51.0,CNG,28.26,23.1,5,1533,46.7,8.30,,89.0,1.56,-3.91,13.4,11.2,51.5,0.31,ARMED,,19.6,5,
1791471279100,28.542013,77.342819,52.0,CNG,27.09,23.1,5,1533,46.7,8.32,,89.0,1.56,-3.91,13.4,11.2,51.6,0.28,ARMED,,19.6,5,
1791471280880,28.542166,77.342582,52.0,CNG,25.07,23.1,5,1563,53.3,9.41,,89.0,0.78,-3.13,13.4,11.2,52.3,0.53,ARMED,,19.2,5,
1791471281726,28.542243,77.342465,53.0,CNG,26.21,24.3,5,1569,53.3,7.72,,89.0,0.78,-3.13,13.4,12.8,52.8,0.34,ARMED,,19.2,5,
1791471282588,28.542319,77.342349,53.0,CNG,31.29,24.3,5,1575,53.3,4.94,,89.0,0.78,-3.13,13.2,12.8,53.0,0.32,ARMED,,19.2,5,
1791471284392,28.542479,77.342106,53.0,CNG,30.26,24.3,5,1581,65.5,7.51,,90.0,0.00,-3.13,13.2,12.8,53.2,0.28,ARMED,,23.1,5,
1791471285291,28.542560,77.341982,55.0,CNG,24.24,29.4,5,1629,65.5,11.92,,90.0,0.00,-3.13,13.5,19.8,54.7,0.72,ARMED,,23.1,5,
1791471286073,28.542560,77.341982,56.0,CNG,21.00,29.4,5,1668,65.5,12.99,,90.0,0.00,-3.13,13.5,19.8,55.8,1.03,ARMED,,23.1,5,
1791471287870,28.542721,77.341724,57.0,CNG,19.60,29.4,5,1692,67.1,13.02,,90.0,0.00,-1.56,13.4,19.8,56.9,1.07,ARMED,,26.3,5,
1791471288773,28.542807,77.341584,60.0,CNG,16.93,35.7,5,1786,67.1,17.23,,90.0,0.00,-1.56,13.4,28.4,59.9,1.58,ARMED,,26.3,5,
1791471289684,28.542892,77.341443,62.0,CNG,19.31,24.3,5,1844,67.1,10.56,,90.0,0.00,-1.56,13.5,12.8,61.8,1.84,ARMED,,26.3,5,
1791471291582,28.543065,77.341157,62.0,CNG,20.69,27.5,5,1835,53.3,11.00,,90.0,0.78,-2.34,13.4,17.1,62.3,1.20,ARMED,,21.6,5,
1791471292479,28.543155,77.341009,64.0,CNG,20.53,27.5,5,1893,53.3,12.88,,90.0,0.78,-2.34,13.5,17.1,63.8,0.86,ARMED,,21.6,5,
1791471293236,28.543245,77.340860,64.0,CNG,20.72,27.5,5,1908,53.3,12.46,,90.0,0.78,-2.34,13.5,17.1,64.3,0.81,ARMED,,21.6,5,
1791471295025,28.543338,77.340712,65.0,CNG,20.52,27.5,5,1919,60.0,13.13,,90.0,-0.78,-1.56,13.3,17.1,64.7,0.66,ARMED,,22.7,5,
1791471295918,28.543434,77.340563,66.0,CNG,20.01,27.5,5,1966,60.0,13.96,,90.0,-0.78,-1.56,13.3,17.1,66.1,0.70,ARMED,,22.7,5,
1791471296733,28.543535,77.340408,66.0,CNG,20.11,27.5,5,1980,60.0,13.32,,90.0,-0.78,-1.56,13.4,17.1,66.6,0.68,ARMED,,22.7,5,
1791471298515,28.543730,77.340107,67.0,CNG,20.76,27.5,5,2000,53.3,12.57,,90.0,-2.34,-1.56,13.4,17.1,67.3,0.69,ARMED,,21.6,5,
1791471299418,28.543834,77.339944,68.0,CNG,21.61,27.5,5,2036,53.3,12.09,,90.0,-2.34,-1.56,13.5,17.1,68.4,0.67,ARMED,,21.6,5,
1791471300158,28.543834,77.339944,69.0,CNG,23.17,27.5,5,2055,53.3,10.90,,90.0,-2.34,-1.56,13.5,17.1,69.0,0.69,ARMED,,21.6,5,
1791471301963,28.544029,77.339633,70.0,CNG,23.89,27.5,5,2071,49.4,11.43,,90.0,-1.56,-1.56,13.5,17.1,69.6,0.69,ARMED,,21.6,5,
1791471302839,28.544131,77.339471,71.0,CNG,23.99,27.5,5,2107,49.4,12.03,,89.0,-1.56,-1.56,13.5,17.1,70.8,0.69,ARMED,,21.6,5,
1791471303617,28.544232,77.339308,71.0,CNG,32.24,14.9,5,2111,49.4,4.45,,89.0,-1.56,-1.56,13.4,0.0,71.1,0.62,ARMED,,21.6,5,
1791471305452,28.544436,77.338990,70.0,CNG,40.17,19.6,5,2136,18.8,4.49,,89.0,1.56,-5.47,13.4,6.4,71.7,0.61,ARMED,,16.9,5,
1791471306321,28.544539,77.338835,69.0,CNG,45.69,20.8,5,2057,18.8,4.88,,89.0,1.56,-5.47,13.5,8.0,69.5,-0.90,ARMED,,16.9,5,
1791471307070,28.544539,77.338835,69.0,CNG,52.03,20.8,5,2029,18.8,4.28,,88.0,1.56,-5.47,13.5,8.0,68.4,-1.13,ARMED,,16.9,5,
1791471308834,28.544752,77.338526,69.0,CNG,57.53,20.8,5,2039,20.0,4.12,,88.0,-0.78,-5.47,13.5,8.0,68.1,-0.69,ARMED,,16.9,5,
1791471309721,28.544855,77.338383,67.0,CNG,57.77,20.8,5,2002,20.0,4.71,,88.0,-0.78,-5.47,13.5,8.0,67.2,-0.63,ARMED,,16.9,5,
1791471310476,28.544960,77.338237,67.0,CNG,59.30,20.8,5,1997,20.0,4.43,,88.0,-0.78,-5.47,13.5,8.0,66.9,-0.57,ARMED,,16.9,5,
1791471312194,28.545173,77.337947,67.0,CNG,51.00,20.8,5,1986,28.6,6.51,,87.0,-0.78,-4.69,13.5,8.0,66.6,-0.52,ARMED,,18.4,5,
1791471313109,28.545173,77.337947,66.0,CNG,46.90,20.8,5,1954,28.6,6.46,,87.0,-0.78,-4.69,13.3,8.0,65.7,-0.53,ARMED,,18.4,5,
1791471313899,28.545276,77.337811,65.0,CNG,43.73,20.8,5,1951,28.6,6.71,,87.0,-0.78,-4.69,13.3,8.0,65.4,-0.47,ARMED,,18.4,5,
1791471315699,28.545490,77.337531,65.0,CNG,42.04,20.8,5,1936,27.1,6.69,,87.0,0.00,-3.91,13.3,8.0,65.0,-0.47,ARMED,,16.1,5,
1791471316560,28.545594,77.337393,64.0,CNG,39.57,21.6,5,1893,27.1,7.21,,88.0,0.00,-3.91,13.3,9.1,63.7,-0.69,ARMED,,16.1,5,
1791471317346,28.545695,77.337259,64.0,CNG,41.51,21.6,5,1910,27.1,5.83,,88.0,0.00,-3.91,13.5,9.1,63.8,-0.32,ARMED,,16.1,5,
1791471319057,28.545796,77.337125,64.0,CNG,42.10,22.0,5,1904,28.2,6.08,,88.0,-0.78,-4.69,13.5,9.6,63.8,-0.14,ARMED,,18.0,5,
1791471319984,28.545897,77.336992,64.0,CNG,43.13,22.0,5,1899,28.2,5.84,,88.0,-0.78,-4.69,13.5,9.6,63.8,-0.09,CANDIDATE,63.8,18.0,5,
1791471320855,28.546002,77.336852,64.0,CNG,43.17,22.0,5,1893,28.2,6.05,,88.0,-0.78,-4.69,13.5,9.6,63.7,-0.10,LOCKED,63.7,18.0,5,
1791471322537,28.546207,77.336589,64.0,CNG,44.40,22.0,5,1887,28.6,5.64,,88.0,-0.78,-4.69,13.4,9.6,63.5,-0.12,LOCKED,63.7,18.0,5,
1791471323409,28.546317,77.336455,63.0,CNG,42.32,22.7,5,1884,28.6,6.52,,89.0,-0.78,-4.69,13.4,10.7,63.3,-0.12,LOCKED,63.7,18.0,5,
1791471324215,28.546426,77.336327,64.0,CNG,41.22,22.7,5,1883,28.6,6.59,,89.0,-0.78,-4.69,13.5,10.7,63.3,-0.10,LOCKED,63.7,18.0,5,
1791471326133,28.546535,77.336199,64.0,CNG,39.92,22.7,5,1896,33.3,6.86,,89.0,0.00,-3.91,13.5,10.7,63.6,0.12,LOCKED,63.7,19.2,5,
1791471327029,28.546648,77.336070,64.0,CNG,44.59,14.9,5,1903,33.3,4.84,,89.0,0.00,-3.91,13.4,0.0,64.0,0.16,LOCKED,63.7,19.2,5,
1791471327771,28.546762,77.335945,63.0,CNG,48.57,14.9,5,1885,33.3,4.58,,89.0,0.00,-3.91,13.4,0.0,63.7,-0.11,LOCKED,63.7,19.2,5,
1791471329535,28.546977,77.335711,62.0,CNG,51.85,14.9,5,1842,19.6,4.38,,89.0,0.00,0.00,13.3,0.0,62.5,-0.72,LOCKED,63.7,15.7,5,
1791471330415,28.547072,77.335607,51.0,CNG,54.17,14.9,5,1546,19.6,3.53,,90.0,0.00,0.00,13.3,0.0,52.9,-4.48,LOCKED,63.7,15.7,5,
1791471331179,28.547072,77.335607,48.0,CNG,54.50,14.9,5,1419,19.6,3.56,,90.0,0.00,0.00,13.3,0.0,48.5,-5.18,LOCKED,63.7,15.7,4,
1791471332955,28.547243,77.335421,47.0,CNG,39.90,21.6,5,1443,31.4,7.04,,90.0,0.00,-3.91,13.3,9.1,46.9,-3.42,LOCKED,63.7,18.4,4,
1791471333955,28.547326,77.335331,47.0,CNG,38.17,20.4,5,1414,31.4,5.39,,90.0,0.00,-3.91,13.5,7.5,46.6,-0.80,ARMED,,18.4,5,
1791471334751,28.547412,77.335238,47.0,CNG,37.43,14.9,5,1405,31.4,5.29,,89.0,0.00,-3.91,13.5,0.0,46.7,-0.36,ARMED,,18.4,5,
1791471336405,28.547581,77.335056,47.0,CNG,46.32,20.0,5,1417,23.1,2.62,,89.0,-3.13,-5.47,13.4,7.0,47.0,0.01,ARMED,,15.7,5,
1791471337261,28.547581,77.335056,47.0,CNG,47.12,19.6,5,1402,23.1,3.97,,89.0,-3.13,-5.47,13.4,6.4,46.9,-0.02,ARMED,,15.7,5,
1791471338066,28.547664,77.334963,47.0,CNG,51.03,14.9,5,1388,23.1,3.29,,89.0,-3.13,-5.47,13.5,0.0,46.6,-0.18,ARMED,,15.7,5,
1791471339793,28.547834,77.334783,46.0,CNG,51.94,14.9,5,1386,20.8,3.52,,89.0,0.00,0.00,13.5,0.0,46.4,-0.19,ARMED,,14.5,5,
1791471340722,28.547914,77.334711,41.0,CNG,52.82,14.9,5,1234,20.8,3.08,,89.0,0.00,0.00,13.4,0.0,41.8,-2.14,ARMED,,14.5,5,
1791471341497,28.547990,77.334640,39.0,CNG,55.24,14.9,5,1157,20.8,2.66,,89.0,0.00,0.00,13.4,0.0,39.2,-2.66,ARMED,,14.5,5,
1791471343190,28.548059,77.334574,37.0,CNG,54.85,14.9,5,1114,23.5,2.79,,89.0,0.00,0.00,13.4,0.0,37.2,-2.66,ARMED,,14.9,5,
1791471343941,28.548126,77.334505,36.0,CNG,56.93,19.6,5,1100,23.5,2.42,,89.0,0.00,0.00,13.4,6.4,36.2,-1.03,ARMED,,14.9,5,
1791471344724,28.548192,77.334434,36.0,CNG,56.97,19.6,5,1078,23.5,2.58,,89.0,0.00,0.00,13.5,6.4,35.7,-0.85,ARMED,,14.9,5,
1791471346414,28.548318,77.334296,36.0,CNG,51.12,19.6,5,1072,28.2,3.34,,89.0,1.56,-5.47,13.5,6.4,35.5,-0.60,ARMED,,17.6,5,
1791471347193,28.548318,77.334296,36.0,CNG,42.89,19.6,5,1074,28.2,4.28,,89.0,1.56,-5.47,13.3,6.4,35.7,-0.05,ARMED,,17.6,5,
1791471347977,28.548385,77.334221,36.0,CNG,39.89,19.2,5,1073,28.2,4.08,,89.0,1.56,-5.47,13.3,5.9,35.7,-0.02,ARMED,,17.6,5,
1791471349590,28.548514,77.334087,36.0,CNG,39.29,19.6,5,1065,45.1,3.83,,89.0,0.78,-4.69,13.4,6.4,35.6,-0.05,ARMED,,17.3,5,
1791471350374,28.548578,77.334017,36.0,CNG,33.31,20.8,5,1073,45.1,5.43,,89.0,0.78,-4.69,13.4,8.0,35.8,0.02,ARMED,,17.3,5,
1791471351154,28.548578,77.334017,36.0,CNG,31.19,20.8,5,1074,45.1,5.17,,89.0,0.78,-4.69,13.3,8.0,35.9,0.02,ARMED,,17.3,5,
1791471352841,28.548709,77.333879,36.0,CNG,29.18,21.6,5,1084,70.6,5.53,,89.0,-2.34,-3.13,13.3,9.1,36.1,0.08,ARMED,,21.2,4,
1791471353612,28.548778,77.333809,38.0,CNG,24.61,23.1,5,1115,70.6,7.72,,89.0,-2.34,-3.13,13.2,11.2,37.2,0.53,ARMED,,21.2,4,
1791471354348,28.548847,77.333735,39.0,CNG,25.03,23.1,5,1128,70.6,6.21,,89.0,-2.34,-3.13,13.2,11.2,37.7,0.58,ARMED,,21.2,4,
1791471355979,28.548920,77.333659,39.0,CNG,24.40,23.1,5,1165,33.7,6.77,,89.0,-1.56,-4.69,13.4,11.2,38.7,0.90,ARMED,,17.3,5,
1791471356752,28.548992,77.333582,40.0,CNG,28.89,21.2,5,1183,33.7,4.17,,89.0,-1.56,-4.69,13.4,8.6,39.8,0.70,ARMED,,17.3,5,
1791471357574,28.549062,77.333509,40.0,CNG,30.32,21.6,5,1189,33.7,5.00,,89.0,-1.56,-4.69,13.3,9.1,40.1,0.55,ARMED,,17.3,5,
1791471359375,28.549210,77.333353,40.0,CNG,31.26,21.6,5,1197,42.7,4.99,,89.0,0.00,-4.69,13.3,9.1,40.3,0.49,ARMED,,17.6,5,
1791471360180,28.549210,77.333353,41.0,CNG,32.63,22.0,5,1218,42.7,4.81,,89.0,0.00,-4.69,13.3,9.6,40.9,0.42,ARMED,,17.6,5,
1791471361014,28.549285,77.333274,41.0,CNG,31.67,22.4,5,1235,42.7,5.52,,89.0,0.00,-4.69,13.3,10.2,41.4,0.45,ARMED,,17.6,5,
1791471362642,28.549432,77.333115,42.0,CNG,29.35,22.7,5,1243,59.6,6.47,,89.0,-0.78,-3.91,13.4,10.7,41.7,0.46,ARMED,,20.8,5,
1791471363525,28.549515,77.333029,43.0,CNG,23.60,27.5,5,1286,59.6,9.54,,89.0,-0.78,-3.91,13.4,17.1,43.1,0.71,ARMED,,20.8,4,
1791471364313,28.549595,77.332943,45.0,CNG,20.79,27.5,5,1325,59.6,10.31,,89.0,-0.78,-3.91,13.5,17.1,44.2,1.02,ARMED,,20.8,4,
1791471366081,28.549674,77.332857,46.0,CNG,18.94,27.5,5,1363,74.5,11.17,,89.0,0.00,-2.34,13.5,17.1,45.5,1.30,ARMED,,22.7,4,
1791471366954,28.549758,77.332767,48.0,CNG,18.07,27.8,5,1420,74.5,11.54,,89.0,0.00,-2.34,13.4,17.7,47.7,1.28,ARMED,,22.7,4,
1791471367784,28.549845,77.332672,49.0,CNG,17.41,29.0,5,1447,74.5,12.09,,89.0,0.00,-2.34,13.4,19.3,48.7,1.26,ARMED,,22.7,4,
1791471369643,28.550026,77.332474,50.0,CNG,17.11,34.5,5,1486,23.9,12.24,,89.0,1.56,-2.34,13.3,26.8,49.9,1.27,ARMED,,20.0,4,
1791471370573,28.550119,77.332373,52.0,CNG,18.19,16.5,5,1547,23.9,10.65,,90.0,1.56,-2.34,13.3,2.1,52.0,1.20,ARMED,,20.0,5,
1791471371353,28.550216,77.332265,52.0,CNG,26.36,20.8,5,1544,23.9,2.87,,90.0,1.56,-2.34,13.4,8.0,52.3,0.84,ARMED,,20.0,5,
1791471373155,28.550304,77.332166,52.0,CNG,30.77,21.6,5,1541,30.6,5.22,,90.0,0.00,-4.69,13.4,9.1,52.2,0.36,ARMED,,17.3,5,
1791471374019,28.550399,77.332064,52.0,CNG,34.70,21.6,5,1542,30.6,4.97,,90.0,0.00,-4.69,13.4,9.1,52.0,-0.03,ARMED,,17.3,5,
1791471374829,28.550490,77.331962,52.0,CNG,36.28,21.6,5,1544,30.6,5.46,,90.0,0.00,-4.69,13.4,9.1,51.9,-0.04,ARMED,,17.3,5,
1791471376615,28.550676,77.331757,52.0,CNG,38.02,21.6,5,1545,30.6,5.19,,90.0,0.78,-4.69,13.3,9.1,52.0,-0.03,ARMED,,17.6,5,
1791471377481,28.550769,77.331653,52.0,CNG,37.54,22.0,5,1555,30.6,5.77,,90.0,0.78,-4.69,13.3,9.6,52.3,0.05,ARMED,,17.6,5,
1791471378226,28.550862,77.331550,52.0,CNG,38.19,22.0,5,1563,30.6,5.42,,90.0,0.78,-4.69,13.5,9.6,52.4,0.09,ARMED,,17.6,5,
1791471379946,28.550957,77.331448,53.0,CNG,37.34,22.4,5,1564,36.9,5.99,,89.0,-0.78,-3.91,13.5,10.2,52.5,0.10,ARMED,,18.8,5,
1791471380843,28.551053,77.331343,53.0,CNG,33.74,23.1,5,1581,36.9,7.34,,89.0,-0.78,-3.91,13.5,11.2,53.1,0.27,CANDIDATE,53.1,18.8,5,
1791471381770,28.551152,77.331239,54.0,CNG,31.95,23.1,5,1587,36.9,7.44,,89.0,-0.78,-3.91,13.5,11.2,53.4,0.28,LOCKED,53.4,18.8,5,
1791471383540,28.551346,77.331036,54.0,CNG,32.31,23.1,5,1608,46.7,6.72,,89.0,1.56,-3.13,13.3,11.2,53.9,0.45,LOCKED,53.4,20.0,5,
1791471384401,28.551448,77.330928,55.0,CNG,28.97,23.1,5,1623,46.7,8.93,,88.0,1.56,-3.13,13.3,11.2,54.6,0.42,LOCKED,53.4,20.0,5,
1791471385165,28.551448,77.330928,55.0,CNG,27.98,23.1,5,1640,46.7,8.44,,88.0,1.56,-3.13,13.4,11.2,55.1,0.47,LOCKED,53.4,20.0,5,
1791471386981,28.551645,77.330714,55.0,CNG,27.27,23.1,5,1643,48.2,8.55,,88.0,0.00,-3.13,13.4,11.2,55.4,0.42,LOCKED,53.4,20.0,5,
1791471387873,28.551744,77.330604,56.0,CNG,27.00,23.1,5,1659,48.2,8.60,,88.0,0.00,-3.13,13.5,11.2,55.9,0.36,LOCKED,53.4,20.0,5,
1791471388609,28.551844,77.330492,56.0,CNG,26.46,23.1,5,1667,48.2,8.91,,88.0,0.00,-3.13,13.5,11.2,56.1,0.35,LOCKED,53.4,20.0,5,
1791471390355,28.552043,77.330270,56.0,CNG,28.02,23.1,5,1676,38.4,7.45,,88.0,-1.56,-3.91,13.4,11.2,56.4,0.35,LOCKED,53.4,19.2,5,
1791471391251,28.552043,77.330270,57.0,CNG,29.65,23.1,5,1692,38.4,7.19,,88.0,-1.56,-3.91,13.4,11.2,56.9,0.33,LOCKED,53.4,19.2,5,
1791471392081,28.552139,77.330161,57.0,CNG,30.42,23.1,5,1695,38.4,7.36,,88.0,-1.56,-3.91,13.4,11.2,57.1,0.30,LOCKED,53.4,19.2,5,
1791471394007,28.552342,77.329928,58.0,CNG,32.05,23.1,5,1712,38.0,6.82,,88.0,0.78,-3.91,13.3,11.2,57.5,0.35,LOCKED,53.4,19.2,5,
1791471394907,28.552441,77.329809,59.0,CNG,32.26,23.1,5,1736,38.0,7.40,,88.0,0.78,-3.91,13.5,11.2,58.5,0.41,LOCKED,53.4,19.2,5,
1791471395642,28.552544,77.329688,59.0,CNG,33.89,23.1,5,1735,38.0,6.59,,88.0,0.78,-3.91,13.5,11.2,58.6,0.36,LOCKED,53.4,19.2,5,
1791471397435,28.552739,77.329453,59.0,CNG,37.67,20.8,5,1746,19.2,5.34,,88.0,1.56,-5.47,13.5,8.0,58.9,0.35,LOCKED,53.4,16.1,5,
1791471398343,28.552832,77.329334,56.0,CNG,46.54,14.9,,1358,19.2,3.10,,88.0,1.56,-5.47,13.5,0.0,56.0,0.00,PAUSED,53.4,16.1,,
1791471399136,28.552832,77.329334,52.0,CNG,61.12,14.9,,813,19.2,1.67,,88.0,1.56,-5.47,13.0,0.0,52.0,0.00,PAUSED,53.4,16.1,,
1791471400888,28.552984,77.329136,45.0,CNG,76.03,14.9,,614,27.8,1.33,,88.0,-2.34,-3.13,13.0,0.0,45.0,0.00,PAUSED,53.4,12.5,,
1791471401769,28.553043,77.329054,38.0,CNG,74.61,14.9,,704,27.8,2.16,,88.0,-2.34,-3.13,13.5,0.0,38.0,0.00,PAUSED,53.4,12.5,,
1791471402497,28.553102,77.328974,36.0,CNG,71.05,14.9,,755,27.8,2.26,,88.0,-2.34,-3.13,13.5,0.0,36.0,0.00,PAUSED,53.4,12.5,,
1791471404289,28.553210,77.328833,36.0,CNG,57.68,14.9,,773,38.0,3.39,,88.0,-0.78,-3.13,13.3,0.0,36.0,0.00,PAUSED,53.4,14.9,,
1791471405033,28.553210,77.328833,31.0,CNG,53.71,14.9,,793,38.0,2.67,,89.0,-0.78,-3.13,13.3,0.0,31.0,0.00,ARMED,,14.9,,
1791471405821,28.553261,77.328770,31.0,CNG,46.90,14.9,,796,38.0,3.30,,89.0,-0.78,-3.13,13.2,0.0,31.0,0.00,ARMED,,14.9,,
1791471407473,28.553358,77.328643,31.0,CNG,43.12,14.9,,806,37.3,3.33,,89.0,0.78,-3.13,13.2,0.0,31.0,0.00,ARMED,,14.9,,
1791471408236,28.553358,77.328643,30.0,CNG,41.86,14.9,5,804,37.3,3.07,,89.0,0.78,-3.13,13.2,0.0,30.0,0.00,ARMED,,14.9,5,
1791471409039,28.553408,77.328578,30.0,CNG,39.90,14.9,5,805,37.3,3.30,,89.0,0.78,-3.13,13.2,0.0,30.0,0.00,ARMED,,14.9,5,
1791471410669,28.553504,77.328450,30.0,CNG,39.02,14.9,5,801,22.4,3.25,,89.0,0.00,-3.13,13.3,0.0,30.0,0.00,ARMED,,12.9,5,
1791471411413,28.553551,77.328387,30.0,CNG,45.63,14.9,,745,22.4,1.99,,89.0,0.00,-3.13,13.3,0.0,30.0,0.00,ARMED,,12.9,,
1791471412185,28.553551,77.328387,29.0,CNG,49.71,14.9,,726,22.4,2.05,,89.0,0.00,-3.13,13.4,0.0,29.0,0.00,ARMED,,12.9,,
1791471413804,28.553645,77.328261,29.0,CNG,53.35,14.9,,707,23.1,1.97,,89.0,3.13,-3.13,13.4,0.0,29.0,0.00,ARMED,,12.5,,
1791471414649,28.553685,77.328209,24.0,CNG,50.17,14.9,5,709,23.1,2.17,,89.0,3.13,-3.13,13.5,0.0,24.0,0.00,ARMED,,12.5,5,
1791471415425,28.553720,77.328160,22.0,CNG,48.13,14.9,5,712,23.1,2.01,,89.0,3.13,-3.13,13.5,0.0,22.7,-0.74,ARMED,,12.5,5,
1791471417064,28.553755,77.328112,21.0,CNG,48.94,14.9,5,706,23.5,1.70,,89.0,0.00,-0.78,13.3,0.0,21.4,-1.15,ARMED,,12.5,5,
1791471417811,28.553788,77.328067,21.0,CNG,49.09,14.9,,712,23.5,1.74,,89.0,0.00,-0.78,13.3,0.0,21.0,0.00,ARMED,,12.5,,
1791471418663,28.553822,77.328023,21.0,CNG,44.84,14.9,,710,23.5,2.18,,89.0,0.00,-0.78,13.4,0.0,21.0,0.00,ARMED,,12.5,,
1791471420374,28.553887,77.327935,21.0,CNG,40.88,14.9,5,710,36.1,2.39,,89.0,-5.47,-0.78,13.4,0.0,21.0,0.00,ARMED,,14.9,5,
1791471421170,28.553887,77.327935,20.0,CNG,36.73,14.9,4,789,36.1,2.59,,89.0,-5.47,-0.78,13.3,0.0,20.0,0.00,ARMED,,14.9,4,
1791471421921,28.553919,77.327891,20.0,CNG,35.05,14.9,4,791,36.1,2.50,,89.0,-5.47,-0.78,13.3,0.0,20.0,0.00,ARMED,,14.9,4,
1791471423593,28.553980,77.327807,20.0,CNG,32.13,14.9,4,792,38.0,2.87,,89.0,-1.56,-0.78,13.4,0.0,20.0,0.00,ARMED,,14.9,4,
1791471424357,28.554008,77.327769,17.0,CNG,31.42,14.9,3,806,38.0,2.30,,89.0,-1.56,-0.78,13.4,0.0,17.0,0.00,ARMED,,14.9,3,
1791471425156,28.554008,77.327769,16.0,CNG,26.10,14.9,3,807,38.0,3.26,,89.0,-1.56,-0.78,13.2,0.0,16.4,-0.36,ARMED,,14.9,3,
1791471426915,28.554056,77.327702,15.0,CNG,26.26,14.9,3,809,36.5,2.31,,89.0,-0.78,-0.78,13.4,0.0,15.4,-0.76,ARMED,,11.0,3,
1791471427730,28.554082,77.327670,15.0,CNG,26.62,14.9,3,765,36.5,2.25,,89.0,-0.78,-0.78,13.4,0.0,14.9,-0.37,ARMED,,11.0,3,
1791471428512,28.554107,77.327639,15.0,CNG,28.44,14.9,3,735,36.5,1.92,,89.0,-0.78,-0.78,13.4,0.0,14.5,-0.40,ARMED,,11.0,3,
1791471430198,28.554131,77.327609,14.0,CNG,27.48,14.9,3,715,65.5,2.20,,89.0,0.78,-2.34,13.3,0.0,14.1,-0.43,ARMED,,19.2,2,
1791471430990,28.554152,77.327581,15.0,CNG,12.37,29.8,2,1197,65.5,9.03,,89.0,0.78,-2.34,13.3,20.3,15.0,0.00,ARMED,,19.2,2,
1791471431787,28.554178,77.327545,18.0,CNG,7.84,37.6,2,1277,65.5,13.67,,89.0,0.78,-2.34,13.5,31.0,16.8,1.07,ARMED,,19.2,2,
1791471433514,28.554244,77.327449,22.0,CNG,12.60,14.9,2,1586,61.6,2.36,,89.0,0.00,-3.91,13.5,0.0,20.6,2.67,ARMED,,19.2,2,
1791471434278,28.554244,77.327449,23.0,CNG,12.54,14.9,3,1198,61.6,7.54,,89.0,0.00,-3.91,13.5,0.0,23.0,0.00,ARMED,,19.2,2,
1791471435002,28.554280,77.327399,24.0,CNG,15.92,20.0,3,1238,61.6,4.05,,89.0,0.00,-3.91,13.5,7.0,23.6,0.35,ARMED,,19.2,2,
1791471436713,28.554357,77.327295,24.0,CNG,16.67,20.0,3,1245,37.3,5.51,,89.0,0.00,-4.69,13.4,7.0,23.9,0.38,ARMED,,17.6,3,
1791471437482,28.554397,77.327241,25.0,CNG,17.73,20.0,3,1272,37.3,5.26,,89.0,0.00,-4.69,13.4,7.0,25.0,0.54,ARMED,,17.6,3,
1791471438229,28.554397,77.327241,25.0,CNG,19.15,20.0,3,1282,37.3,4.73,,89.0,0.00,-4.69,13.3,7.0,25.3,0.51,ARMED,,17.6,3,
1791471439861,28.554477,77.327135,25.0,CNG,18.81,20.0,3,1292,37.6,5.57,,89.0,-0.78,-4.69,13.3,7.0,25.5,0.47,ARMED,,17.3,3,
1791471440630,28.554520,77.327078,26.0,CNG,18.83,20.0,3,1333,37.6,5.64,,89.0,-0.78,-4.69,13.2,7.0,26.2,0.45,ARMED,,17.3,3,
1791471441375,28.554563,77.327023,26.0,CNG,18.87,20.0,3,1349,37.6,5.61,,89.0,-0.78,-4.69,13.2,7.0,26.5,0.43,ARMED,,17.3,3,
1791471443040,28.554605,77.326968,27.0,CNG,20.40,20.0,3,1366,25.5,4.79,,89.0,-2.34,-6.25,13.5,7.0,26.8,0.43,ARMED,,16.1,3,
1791471443827,28.554652,77.326909,27.0,CNG,22.58,20.0,3,1390,25.5,4.13,,89.0,-2.34,-6.25,13.5,7.0,27.3,0.37,ARMED,,16.1,3,
1791471444567,28.554696,77.326852,27.0,CNG,25.56,20.0,3,1395,25.5,3.48,,89.0,-2.34,-6.25,13.5,7.0,27.4,0.33,ARMED,,16.1,3,
1791471446201,28.554743,77.326796,27.0,CNG,28.24,20.0,3,1405,23.1,3.30,,89.0,0.78,-6.25,13.5,7.0,27.5,0.30,ARMED,,15.7,3,
1791471446991,28.554786,77.326742,27.0,CNG,30.59,20.0,3,1410,23.1,3.16,,89.0,0.78,-6.25,13.6,7.0,27.6,0.09,ARMED,,15.7,3,
1791471447765,28.554832,77.326687,28.0,CNG,29.81,20.0,3,1419,23.1,3.98,,89.0,0.78,-6.25,13.6,7.0,27.7,0.10,ARMED,,15.7,3,
1791471449452,28.554924,77.326567,28.0,CNG,29.50,20.0,3,1427,23.1,3.94,,89.0,0.78,-6.25,13.3,7.0,27.8,0.12,ARMED,,15.7,3,
1791471450209,28.554924,77.326567,28.0,CNG,30.15,20.4,3,1453,23.1,3.67,,88.0,0.78,-6.25,13.3,7.5,28.3,0.18,ARMED,,15.7,3,
1791471450961,28.554970,77.326508,28.0,CNG,30.66,20.4,3,1459,23.1,3.64,,88.0,0.78,-6.25,13.4,7.5,28.4,0.18,ARMED,,15.7,3,
1791471452608,28.555065,77.326387,29.0,CNG,29.37,20.4,3,1465,24.7,4.28,,88.0,1.56,-6.25,13.4,7.5,28.6,0.18,ARMED,,16.1,3,
1791471453419,28.555114,77.326331,29.0,CNG,28.53,20.4,3,1491,24.7,4.33,,88.0,1.56,-6.25,13.4,7.5,29.1,0.22,ARMED,,16.1,3,
1791471454208,28.555114,77.326331,29.0,CNG,24.72,20.4,3,1501,24.7,5.74,,88.0,1.56,-6.25,13.4,7.5,29.2,0.23,ARMED,,16.1,3,
1791471455875,28.555219,77.326214,29.0,CNG,23.62,20.4,3,1513,34.5,5.35,,88.0,0.00,-5.47,13.3,7.5,29.4,0.23,ARMED,,18.4,3,
1791471456640,28.555272,77.326155,30.0,CNG,19.54,22.7,3,1537,34.5,7.84,,88.0,0.00,-5.47,13.3,10.7,29.9,0.25,ARMED,,18.4,3,
1791471457422,28.555328,77.326094,31.0,CNG,17.26,22.7,3,1575,34.5,8.55,,88.0,0.00,-5.47,13.4,10.7,30.5,0.46,ARMED,,18.4,3,
1791471459189,28.555381,77.326033,32.0,CNG,19.93,22.0,3,1616,41.2,5.14,,88.0,1.56,-4.69,13.3,9.6,31.3,0.71,ARMED,,14.5,3,
1791471459998,28.555440,77.325971,32.0,CNG,20.23,22.0,4,1112,41.2,6.32,,88.0,1.56,-4.69,13.3,9.6,32.0,0.00,ARMED,,14.5,4,
1791471460775,28.555495,77.325913,32.0,CNG,21.45,22.7,4,1241,41.2,5.56,,88.0,1.56,-4.69,13.3,10.7,32.0,0.00,ARMED,,14.5,4,
1791471462481,28.555615,77.325785,33.0,CNG,21.18,22.7,4,1267,41.6,6.48,,88.0,0.00,-4.69,13.6,10.7,32.6,0.37,ARMED,,14.5,4,
1791471463272,28.555615,77.325785,34.0,CNG,22.26,22.0,4,1316,41.6,5.79,,88.0,0.00,-4.69,13.6,9.6,33.9,0.67,ARMED,,14.5,4,
1791471464053,28.555675,77.325718,35.0,CNG,24.30,21.6,4,1340,41.6,5.13,,88.0,0.00,-4.69,13.3,9.1,34.5,0.71,ARMED,,14.5,4,
1791471465703,28.555798,77.325578,35.0,CNG,25.61,21.6,4,1356,36.9,5.15,,89.0,0.00,-5.47,13.3,9.1,35.1,0.70,ARMED,,17.6,4,
1791471466520,28.555860,77.325505,36.0,CNG,25.58,22.0,4,1406,36.9,5.76,,89.0,0.00,-5.47,13.6,9.6,36.3,0.71,ARMED,,17.6,4,
1791471467288,28.555925,77.325428,37.0,CNG,26.63,21.6,4,1426,36.9,5.35,,89.0,0.00,-5.47,13.6,9.1,36.8,0.70,ARMED,,17.6,4,
1791471469031,28.555987,77.325353,38.0,CNG,27.66,21.6,4,1452,33.7,5.31,,89.0,0.00,-5.47,13.5,9.1,37.5,0.72,ARMED,,17.6,4,
1791471469772,28.556052,77.325274,38.0,CNG,28.20,22.0,4,1483,33.7,5.35,,89.0,0.00,-5.47,13.5,9.6,38.3,0.56,ARMED,,17.6,4,
1791471470559,28.556116,77.325195,39.0,CNG,28.27,22.0,4,1505,33.7,5.62,,89.0,0.00,-5.47,13.5,9.6,38.8,0.58,ARMED,,17.6,4,
1791471472180,28.556184,77.325112,39.0,CNG,28.02,22.0,4,1512,34.5,5.76,,89.0,0.00,-5.47,13.5,9.6,39.1,0.53,ARMED,,18.8,4,
1791471472982,28.556248,77.325031,39.0,CNG,26.84,22.0,4,1513,34.5,6.31,,89.0,0.00,-5.47,13.5,9.6,39.2,0.14,ARMED,,18.8,4,
1791471473778,28.556311,77.324950,39.0,CNG,24.91,22.4,4,1520,34.5,7.08,,89.0,0.00,-5.47,13.5,10.2,39.2,0.13,ARMED,,18.8,4,
1791471475461,28.556441,77.324784,39.0,CNG,22.73,22.4,4,1498,36.1,7.93,,89.0,1.56,-3.91,13.3,10.2,38.9,-0.10,ARMED,,16.9,4,
1791471476198,28.556441,77.324784,39.0,CNG,20.96,23.1,4,1529,36.1,8.49,,90.0,1.56,-3.91,13.3,11.2,39.4,0.17,ARMED,,16.9,4,
1791471476977,28.556504,77.324704,40.0,CNG,20.74,23.1,4,1535,36.1,8.00,,90.0,1.56,-3.91,13.2,11.2,39.6,0.19,ARMED,,16.9,4,
1791471478636,28.556636,77.324534,40.0,CNG,20.06,23.1,4,1552,48.2,8.55,,90.0,1.56,-3.91,13.2,11.2,39.9,0.25,ARMED,,19.2,4,
1791471479403,28.556703,77.324446,41.0,CNG,21.80,23.1,4,1608,48.2,6.72,,90.0,1.56,-3.91,13.3,11.2,41.3,0.71,ARMED,,19.2,4,
1791471480256,28.556703,77.324446,42.0,CNG,23.04,23.1,4,1635,48.2,6.84,,90.0,1.56,-3.91,13.3,11.2,42.0,0.74,ARMED,,19.2,4,
1791471481959,28.556841,77.324267,42.0,CNG,23.23,23.1,4,1650,37.6,7.30,,90.0,0.78,-4.69,13.5,11.2,42.5,0.72,ARMED,,19.2,4,
1791471482866,28.556911,77.324175,43.0,CNG,24.09,22.7,4,1689,37.6,6.91,,90.0,0.78,-4.69,13.5,10.7,43.5,0.55,ARMED,,19.2,4,
1791471483625,28.556984,77.324082,44.0,CNG,24.79,22.7,4,1682,37.6,6.95,,90.0,0.78,-4.69,13.3,10.7,43.5,0.34,ARMED,,19.2,4,
1791471485389,28.557125,77.323902,44.0,CNG,29.55,20.8,4,1705,24.7,4.38,,90.0,2.34,-5.47,13.3,8.0,43.9,0.35,ARMED,,16.9,4,
1791471486329,28.557195,77.323808,44.0,CNG,31.29,20.8,4,1684,24.7,5.25,,90.0,2.34,-5.47,13.3,8.0,43.5,-0.08,CANDIDATE,43.5,16.9,4,
1791471487294,28.557265,77.323718,43.0,CNG,32.19,21.2,4,1707,24.7,5.22,,89.0,2.34,-5.47,13.3,8.6,43.8,0.10,LOCKED,43.8,16.9,4,
1791471489059,28.557335,77.323626,43.0,CNG,33.43,22.0,4,1660,31.4,4.95,,89.0,-0.78,-4.69,13.3,9.6,43.1,-0.34,LOCKED,43.8,18.0,4,
1791471489885,28.557405,77.323536,43.0,CNG,32.97,22.0,4,1678,31.4,5.44,,89.0,-0.78,-4.69,13.3,9.6,43.1,-0.05,LOCKED,43.8,18.0,4,
1791471490670,28.557475,77.323445,43.0,CNG,31.44,22.0,4,1683,31.4,5.98,,89.0,-0.78,-4.69,13.4,9.6,43.2,-0.01,LOCKED,43.8,18.0,4,
1791471492550,28.557613,77.323261,43.0,CNG,28.62,22.0,4,1676,40.8,6.97,,89.0,-1.56,-3.91,13.3,9.6,43.2,-0.03,LOCKED,43.8,19.2,4,
1791471493471,28.557682,77.323169,43.0,CNG,26.42,22.7,4,1658,40.8,7.42,,89.0,-1.56,-3.91,13.4,10.7,42.7,-0.19,LOCKED,43.8,19.2,4,
1791471494208,28.557749,77.323077,43.0,CNG,23.71,22.7,4,1669,40.8,8.55,,88.0,-1.56,-3.91,13.4,10.7,42.8,-0.12,LOCKED,43.8,19.2,4,
1791471495975,28.557814,77.322982,43.0,CNG,22.50,22.7,4,1657,29.0,8.41,,88.0,0.00,-3.91,13.4,10.7,42.7,-0.13,LOCKED,43.8,18.8,4,
1791471496864,28.557877,77.322886,43.0,CNG,22.75,22.4,4,1657,29.0,7.60,,88.0,0.00,-3.91,13.4,10.2,42.7,-0.08,LOCKED,43.8,18.8,4,
1791471497638,28.557938,77.322786,43.0,CNG,24.21,22.4,4,1672,29.0,6.56,,88.0,0.00,-3.91,13.5,10.2,42.9,0.09,LOCKED,43.8,18.8,4,
1791471499355,28.558057,77.322582,43.0,CNG,25.47,21.6,4,1678,23.9,6.36,,89.0,0.00,0.00,13.5,9.1,43.2,0.13,LOCKED,43.8,13.7,4,
1791471500259,28.558057,77.322582,42.0,CNG,30.61,20.8,5,1323,23.9,3.87,,89.0,0.00,0.00,13.4,8.0,42.0,0.00,PAUSED,43.8,13.7,5,
1791471501005,28.558110,77.322485,42.0,CNG,32.46,20.4,5,1249,23.9,4.80,,89.0,0.00,0.00,13.4,7.5,42.0,0.00,PAUSED,43.8,13.7,5,
1791471502790,28.558218,77.322282,42.0,CNG,32.36,21.2,5,1235,34.5,5.33,,89.0,2.34,-5.47,13.5,8.6,42.0,0.00,PAUSED,43.8,16.9,5,
1791471503685,28.558269,77.322181,42.0,CNG,35.94,23.1,5,1232,34.5,3.98,,89.0,2.34,-5.47,13.5,11.2,42.0,0.00,PAUSED,43.8,16.9,5,
1791471504483,28.558322,77.322077,42.0,CNG,32.95,22.4,5,1236,34.5,5.86,,89.0,2.34,-5.47,13.5,10.2,42.1,0.02,PAUSED,43.8,16.9,5,
1791471506207,28.558429,77.321871,42.0,CNG,40.96,22.4,5,1266,43.5,2.66,,89.0,0.78,-4.69,13.5,10.2,42.8,0.40,ARMED,,18.0,5,
1791471507071,28.558429,77.321871,42.0,CNG,33.83,23.1,5,1260,43.5,6.40,,89.0,0.78,-4.69,13.4,11.2,42.9,0.13,ARMED,,18.0,5,
1791471507883,28.558486,77.321766,43.0,CNG,29.39,23.5,5,1269,43.5,7.13,,89.0,0.78,-4.69,13.4,11.8,43.0,0.15,ARMED,,18.0,5,
1791471509632,28.558594,77.321564,43.0,CNG,26.90,24.3,5,1278,63.1,7.35,,89.0,2.34,-3.91,13.2,12.8,43.3,0.19,ARMED,,20.8,4,
1791471510495,28.558649,77.321460,43.0,CNG,28.60,16.5,5,1262,63.1,5.57,,89.0,2.34,-3.91,13.2,2.1,42.9,-0.12,ARMED,,20.8,4,
1791471511275,28.558704,77.321359,43.0,CNG,27.10,22.0,5,1261,63.1,6.99,,89.0,2.34,-3.91,13.4,9.6,42.8,-0.13,ARMED,,20.8,4,
1791471513074,28.558760,77.321258,42.0,CNG,31.56,22.0,5,1256,51.8,4.07,,89.0,1.56,-4.69,13.4,9.6,42.6,-0.15,ARMED,,18.8,5,
1791471513956,28.558813,77.321155,43.0,CNG,30.54,21.6,5,1262,51.8,6.03,,89.0,1.56,-4.69,13.5,9.1,42.8,0.04,ARMED,,18.8,5,
1791471514750,28.558869,77.321053,43.0,CNG,30.74,21.2,5,1273,51.8,5.66,,90.0,1.56,-4.69,13.5,8.6,43.1,0.10,ARMED,,18.8,5,
1791471516620,28.558980,77.320844,43.0,CNG,31.13,20.4,5,1284,33.3,5.54,,90.0,0.78,-5.47,13.4,7.5,43.4,0.17,ARMED,,16.5,5,
1791471517467,28.559033,77.320739,43.0,CNG,35.33,20.4,5,1282,33.3,3.97,,90.0,0.78,-5.47,13.4,7.5,43.4,0.11,ARMED,,16.5,5,
1791471518239,28.559088,77.320634,43.0,CNG,38.98,20.0,5,1283,33.3,3.81,,90.0,0.78,-5.47,13.6,7.0,43.5,0.09,ARMED,,16.5,5,
1791471519989,28.559140,77.320532,43.0,CNG,43.32,14.9,5,1286,22.4,3.38,,90.0,0.00,0.00,13.6,0.0,43.5,0.09,ARMED,,14.1,5,
1791471520908,28.559190,77.320439,38.0,CNG,49.55,19.6,5,1107,22.4,2.37,,90.0,0.00,0.00,13.2,6.4,38.2,-2.37,ARMED,,14.1,5,
1791471521665,28.559238,77.320345,38.0,CNG,54.93,16.1,5,1150,22.4,2.33,,90.0,0.00,0.00,13.2,1.6,38.0,-1.42,ARMED,,14.1,5,
1791471523380,28.559337,77.320155,38.0,CNG,47.02,20.8,5,1170,34.5,4.05,,90.0,-1.56,-5.47,13.4,8.0,38.5,-0.47,ARMED,,16.1,5,
1791471524208,28.559337,77.320155,39.0,CNG,42.11,20.8,5,1174,34.5,4.38,,89.0,-1.56,-5.47,13.4,8.0,39.4,0.30,ARMED,,16.1,5,
1791471524985,28.559385,77.320061,40.0,CNG,40.07,20.8,5,1181,34.5,4.37,,89.0,-1.56,-5.47,13.3,8.0,39.7,0.34,ARMED,,16.1,5,
1791471526840,28.559485,77.319870,40.0,CNG,38.80,20.4,5,1200,31.8,4.41,,89.0,-0.78,-6.25,13.4,7.5,40.3,0.49,ARMED,,16.1,5,
1791471527628,28.559537,77.319772,41.0,CNG,38.04,20.8,5,1205,31.8,4.53,,89.0,-0.78,-6.25,13.2,8.0,40.7,0.28,ARMED,,16.1,5,
1791471528545,28.559591,77.319671,40.0,CNG,35.28,20.8,5,1197,31.8,5.14,,89.0,-0.78,-6.25,13.2,8.0,40.6,0.04,ARMED,,16.1,5,
1791471530249,28.559643,77.319574,40.0,CNG,33.02,20.8,5,1195,44.7,5.43,,89.0,-1.56,-4.69,13.4,8.0,40.4,-0.01,ARMED,,17.6,5,
1791471531003,28.559694,77.319481,40.0,CNG,32.91,20.8,5,1198,44.7,4.99,,89.0,-1.56,-4.69,13.4,8.0,40.3,-0.02,ARMED,,17.6,5,
1791471531798,28.559749,77.319381,40.0,CNG,31.49,20.8,5,1195,44.7,5.53,,89.0,-1.56,-4.69,13.4,8.0,40.3,-0.04,ARMED,,17.6,5,
1791471533459,28.559857,77.319189,41.0,CNG,30.54,20.8,5,1203,44.7,5.73,,89.0,0.00,-4.69,13.4,8.0,40.4,0.01,ARMED,,17.6,5,
1791471534397,28.559911,77.319095,41.0,CNG,32.39,19.6,5,1220,44.7,4.71,,89.0,0.00,-4.69,13.5,6.4,41.0,0.28,ARMED,,17.6,5,
1791471535168,28.559911,77.319095,41.0,CNG,41.95,18.4,5,1227,44.7,2.24,,89.0,0.00,-4.69,13.5,4.8,41.3,0.29,ARMED,,17.6,5,
1791471537031,28.560025,77.318900,41.0,CNG,46.50,18.4,5,1236,21.6,3.02,,89.0,3.13,-7.03,13.2,4.8,41.6,0.30,ARMED,,14.5,5,
1791471537964,28.560082,77.318806,41.0,CNG,49.67,18.4,5,1221,21.6,3.03,,89.0,3.13,-7.03,13.2,4.8,41.2,-0.13,ARMED,,14.5,5,
1791471538719,28.560138,77.318717,41.0,CNG,51.66,18.8,5,1216,21.6,3.05,,89.0,3.13,-7.03,13.4,5.4,41.0,-0.16,ARMED,,14.5,5,
1791471540437,28.560258,77.318530,40.0,CNG,59.47,18.8,5,1201,21.6,2.11,,89.0,1.56,-7.03,13.4,5.4,40.5,-0.33,ARMED,,14.1,5,
1791471541194,28.560258,77.318530,40.0,CNG,57.15,18.8,5,1206,21.6,3.03,,89.0,1.56,-7.03,13.4,5.4,40.4,-0.14,ARMED,,14.1,5,
1791471541920,28.560320,77.318440,40.0,CNG,55.91,18.8,5,1205,21.6,3.02,,89.0,1.56,-7.03,13.4,5.4,40.4,-0.11,ARMED,,14.1,5,
1791471543530,28.560445,77.318267,40.0,CNG,62.99,18.8,5,1217,21.6,2.10,,89.0,1.56,-7.03,13.5,5.4,40.6,0.06,ARMED,,14.1,5,
1791471544315,28.560515,77.318179,40.0,CNG,59.04,18.8,5,1208,21.6,3.03,,88.0,1.56,-7.03,13.5,5.4,40.5,0.01,ARMED,,14.1,5,
1791471545121,28.560515,77.318179,40.0,CNG,56.98,18.8,5,1198,21.6,3.02,,88.0,1.56,-7.03,13.5,5.4,40.2,-0.06,ARMED,,14.1,5,
1791471546741,28.560650,77.318018,40.0,CNG,52.38,18.8,5,1195,29.0,3.50,,88.0,2.34,-6.25,13.5,5.4,40.1,-0.10,ARMED,,16.5,5,
1791471547543,28.560725,77.317936,40.0,CNG,47.19,18.8,5,1193,29.0,3.98,,88.0,2.34,-6.25,13.3,5.4,39.9,-0.09,ARMED,,16.5,5,
1791471548291,28.560725,77.317936,40.0,CNG,46.73,18.8,5,1202,29.0,3.55,,88.0,2.34,-6.25,13.3,5.4,40.1,-0.03,ARMED,,16.5,5,
1791471549952,28.560878,77.317794,40.0,CNG,43.21,18.8,5,1202,31.8,4.21,,88.0,1.56,-6.25,13.3,5.4,40.2,0.00,ARMED,,16.1,5,
1791471550709,28.560960,77.317730,40.0,CNG,42.60,18.8,5,1198,31.8,3.92,,88.0,1.56,-6.25,13.3,5.4,40.1,-0.02,ARMED,,16.1,5,
1791471551486,28.561044,77.317672,40.0,CNG,41.34,18.8,5,1196,31.8,4.13,,88.0,1.56,-6.25,13.3,5.4,40.0,-0.03,ARMED,,16.1,5,
1791471553127,28.561132,77.317614,40.0,CNG,45.00,18.8,5,1190,22.4,3.15,,88.0,-0.78,-7.03,13.3,5.4,39.9,-0.06,ARMED,,14.5,5,
1791471553934,28.561219,77.317558,40.0,CNG,52.95,17.6,5,1175,22.4,2.27,,88.0,-0.78,-7.03,13.5,3.7,39.4,-0.23,ARMED,,14.5,5,
1791471554725,28.561306,77.317503,40.0,CNG,59.13,17.6,5,1224,22.4,2.28,,88.0,-0.78,-7.03,13.5,3.7,40.3,0.40,ARMED,,14.5,5,
1791471556356,28.561482,77.317409,39.0,CNG,55.53,17.6,5,1187,32.5,3.14,,88.0,0.00,-7.03,13.2,3.7,40.1,0.06,ARMED,,16.5,5,
1791471557108,28.561482,77.317409,40.0,CNG,49.47,20.8,5,1177,32.5,3.84,,88.0,0.00,-7.03,13.2,8.0,39.5,-0.23,ARMED,,16.5,5,
1791471557910,28.561574,77.317365,40.0,CNG,46.24,20.8,5,1192,32.5,3.88,,88.0,0.00,-7.03,13.4,8.0,39.7,-0.02,ARMED,,16.5,5,
1791471559691,28.561758,77.317284,40.0,CNG,42.68,20.4,5,1193,29.8,4.27,,88.0,0.00,-6.25,13.3,7.5,39.9,0.03,ARMED,,13.7,5,
1791471560513,28.561852,77.317243,40.0,CNG,47.06,20.0,5,1205,29.8,2.94,,88.0,0.00,-6.25,13.5,7.0,40.3,0.19,ARMED,,13.7,5,
1791471561304,28.561945,77.317201,41.0,CNG,48.28,20.0,5,1208,29.8,3.34,,88.0,0.00,-6.25,13.5,7.0,40.4,0.19,ARMED,,13.7,5,
1791471563175,28.562039,77.317159,41.0,CNG,51.46,20.0,5,1202,28.2,2.94,,88.0,2.34,-6.25,13.4,7.0,40.4,0.13,ARMED,,15.7,5,
1791471564047,28.562135,77.317120,41.0,CNG,39.68,20.0,5,1226,28.2,5.66,,88.0,2.34,-6.25,13.4,7.0,41.1,0.32,ARMED,,15.7,5,
1791471564790,28.562230,77.317078,42.0,CNG,40.27,20.0,5,1231,28.2,4.17,,88.0,2.34,-6.25,13.3,7.0,41.3,0.32,ARMED,,15.7,5,
1791471566620,28.562419,77.316990,42.0,CNG,37.91,20.4,5,1237,40.8,4.92,,88.0,-0.78,-3.91,13.3,7.5,41.6,0.31,ARMED,,17.3,5,
1791471567524,28.562509,77.316942,41.0,CNG,36.91,20.4,5,1230,40.8,4.72,,88.0,-0.78,-3.91,13.4,7.5,41.3,-0.04,ARMED,,17.3,5,
1791471568322,28.562604,77.316887,41.0,CNG,35.24,20.4,5,1225,40.8,5.08,,88.0,-0.78,-3.91,13.4,7.5,41.2,-0.08,ARMED,,17.3,5,
1791471570170,28.562693,77.316830,41.0,CNG,34.20,20.4,5,1224,41.2,5.12,,88.0,-0.78,-3.91,13.2,7.5,41.1,-0.09,ARMED,,17.3,5,
1791471571048,28.562781,77.316769,41.0,CNG,40.66,19.2,5,1214,41.2,2.95,,88.0,-0.78,-3.91,13.2,5.9,40.8,-0.12,ARMED,,17.3,5,
1791471571845,28.562868,77.316708,41.0,CNG,44.93,19.2,5,1234,41.2,3.14,,88.0,-0.78,-3.91,13.3,5.9,41.1,0.14,ARMED,,17.3,5,
1791471573665,28.563039,77.316587,41.0,CNG,47.31,19.2,5,1201,22.7,3.26,,89.0,1.56,-5.47,13.3,5.9,40.6,-0.22,ARMED,,14.5,5,
1791471574553,28.563123,77.316527,40.0,CNG,53.10,19.2,5,1188,22.7,2.50,,89.0,1.56,-5.47,13.6,5.9,39.9,-0.28,ARMED,,14.5,5,
1791471575325,28.563203,77.316471,40.0,CNG,54.56,19.2,5,1179,22.7,2.87,,89.0,1.56,-5.47,13.6,5.9,39.7,-0.30,ARMED,,14.5,5,
1791471577036,28.563289,77.316413,40.0,CNG,59.43,19.2,5,1180,23.5,2.38,,89.0,1.56,-5.47,13.5,5.9,39.6,-0.26,ARMED,,14.5,5,
1791471577811,28.563373,77.316354,39.0,CNG,56.23,19.2,5,1162,23.5,3.07,,89.0,1.56,-5.47,13.5,5.9,39.1,-0.27,ARMED,,14.5,5,
1791471578598,28.563456,77.316298,39.0,CNG,61.32,19.6,5,1160,23.5,2.24,,89.0,1.56,-5.47,13.5,6.4,39.0,-0.25,ARMED,,14.5,5,
1791471580182,28.563539,77.316241,39.0,CNG,55.70,19.6,5,1165,26.7,3.26,,89.0,1.56,-5.47,13.5,6.4,39.0,-0.18,ARMED,,14.9,5,
1791471580986,28.563621,77.316185,39.0,CNG,58.57,19.6,5,1159,26.7,2.51,,89.0,1.56,-5.47,13.5,6.4,38.9,-0.13,ARMED,,14.9,5,
1791471581766,28.563704,77.316129,39.0,CNG,55.95,19.6,5,1162,26.7,3.04,,88.0,1.56,-5.47,13.5,6.4,39.0,-0.09,ARMED,,14.9,5,
1791471583443,28.563864,77.316017,39.0,CNG,45.96,19.6,5,1161,36.9,4.40,,88.0,1.56,-4.69,13.1,6.4,39.0,-0.06,ARMED,,16.5,5,
1791471584226,28.563864,77.316017,39.0,CNG,42.34,19.6,5,1149,36.9,4.21,,88.0,1.56,-4.69,13.1,6.4,38.7,-0.11,ARMED,,16.5,5,
1791471584998,28.563950,77.315959,39.0,CNG,38.00,20.0,5,1153,36.9,4.84,,88.0,1.56,-4.69,13.3,7.0,38.7,-0.07,ARMED,,16.5,5,
1791471586652,28.564113,77.315848,39.0,CNG,35.32,20.0,5,1157,42.4,4.99,,89.0,0.00,-4.69,13.3,7.0,38.9,-0.02,ARMED,,17.3,5,
1791471587436,28.564198,77.315791,39.0,CNG,34.81,20.4,5,1153,42.4,4.68,,89.0,0.00,-4.69,13.1,7.5,38.8,-0.02,ARMED,,17.3,5,
1791471588188,28.564198,77.315791,39.0,CNG,34.56,20.4,5,1157,42.4,4.66,,89.0,0.00,-4.69,13.1,7.5,38.9,0.01,ARMED,,17.3,5,
1791471589907,28.564365,77.315679,39.0,CNG,32.62,20.4,5,1162,33.3,5.30,,89.0,-0.78,-4.69,13.5,7.5,39.0,0.05,ARMED,,15.7,5,
1791471590633,28.564445,77.315622,39.0,CNG,34.68,20.4,5,1171,33.3,4.16,,89.0,-0.78,-4.69,13.5,7.5,39.4,0.10,ARMED,,15.7,5,
1791471591440,28.564527,77.315564,39.0,CNG,36.38,14.9,5,1169,33.3,4.06,,89.0,-0.78,-4.69,13.1,0.0,39.4,0.08,ARMED,,15.7,5,
1791471593214,28.564612,77.315504,39.0,CNG,40.94,19.6,5,1171,25.1,3.16,,89.0,1.56,-5.47,13.2,6.4,39.4,0.06,ARMED,,14.9,5,
1791471594029,28.564693,77.315445,39.0,CNG,44.18,19.6,5,1159,25.1,3.18,,89.0,1.56,-5.47,13.5,6.4,39.0,-0.15,ARMED,,14.9,5,
1791471594802,28.564770,77.315386,39.0,CNG,46.27,19.6,5,1158,25.1,3.20,,89.0,1.56,-5.47,13.5,6.4,38.9,-0.14,ARMED,,14.9,5,
1791471596436,28.564934,77.315261,39.0,CNG,50.08,19.6,5,1161,25.1,2.79,,89.0,1.56,-5.47,13.3,6.4,38.9,-0.10,ARMED,,14.9,5,
1791471597171,28.564934,77.315261,39.0,CNG,50.29,19.6,5,1156,25.1,3.15,,89.0,1.56,-5.47,13.3,6.4,38.9,-0.08,ARMED,,14.9,5,
1791471597979,28.565015,77.315202,39.0,CNG,51.26,19.2,5,1150,25.1,3.02,,89.0,1.56,-5.47,13.2,5.9,38.7,-0.11,ARMED,,14.9,5,
1791471599713,28.565173,77.315095,38.0,CNG,51.12,14.9,5,1148,23.1,3.05,,89.0,0.00,0.00,13.2,0.0,38.6,-0.12,ARMED,,13.7,5,
1791471600506,28.565250,77.315042,34.0,CNG,47.13,14.9,,839,23.1,3.34,,89.0,0.00,0.00,12.9,0.0,34.0,0.00,ARMED,,13.7,,
1791471601306,28.565315,77.314998,32.0,CNG,52.13,14.9,,707,23.1,2.05,,89.0,0.00,0.00,12.9,0.0,32.0,0.00,ARMED,,13.7,,
1791471603004,28.565370,77.314954,28.0,CNG,47.02,14.9,5,763,38.4,2.88,,89.0,-3.91,-0.78,13.4,0.0,28.0,0.00,ARMED,,14.9,5,
1791471603785,28.565426,77.314911,26.0,CNG,46.37,14.9,5,785,38.4,2.35,,89.0,-3.91,-0.78,13.4,0.0,26.2,-0.82,ARMED,,14.9,5,
1791471604575,28.565480,77.314872,26.0,CNG,42.30,14.9,5,802,38.4,2.89,,89.0,-3.91,-0.78,13.4,0.0,25.9,-0.75,ARMED,,14.9,5,
1791471606212,28.565522,77.314841,22.0,CNG,37.61,14.9,4,801,38.0,2.90,,89.0,-2.34,-0.78,13.4,0.0,22.0,0.00,ARMED,,14.9,4,
1791471606962,28.565562,77.314813,18.0,CNG,35.51,14.9,,808,38.0,2.32,,89.0,-2.34,-0.78,13.4,0.0,18.0,0.00,ARMED,,14.9,,
1791471607751,28.565600,77.314785,18.0,CNG,15.79,23.9,,809,38.0,9.54,,89.0,-2.34,-0.78,13.4,12.3,18.0,0.00,ARMED,,14.9,,
1791471609544,28.565683,77.314722,19.0,CNG,12.74,24.7,,1145,86.3,8.03,,89.0,2.34,-3.13,13.4,13.4,19.0,0.00,ARMED,,23.5,,
1791471610585,28.565733,77.314685,24.0,CNG,11.35,38.0,3,1216,86.3,9.83,,89.0,2.34,-3.13,13.4,31.6,24.0,0.00,ARMED,,23.5,2,
1791471611655,28.565789,77.314643,27.0,CNG,17.17,19.2,3,1394,86.3,2.46,,89.0,2.34,-3.13,13.4,5.9,26.2,1.20,ARMED,,23.5,2,
1791471613778,28.565903,77.314559,27.0,CNG,19.26,20.8,3,1397,28.2,4.81,,90.0,-1.56,-4.69,13.4,8.0,27.1,1.02,ARMED,,16.5,3,
1791471614766,28.565962,77.314517,28.0,CNG,22.74,14.9,3,1447,28.2,3.81,,90.0,-1.56,-4.69,13.3,0.0,28.1,0.53,ARMED,,16.5,3,
1791471615689,28.566021,77.314473,28.0,CNG,27.74,18.8,3,1440,28.2,2.85,,90.0,-1.56,-4.69,13.3,5.4,28.1,0.27,ARMED,,16.5,3,
1791471617823,28.566137,77.314387,28.0,CNG,31.90,18.8,3,1459,20.4,2.81,,90.0,0.00,-5.47,13.4,5.4,28.3,0.24,ARMED,,15.3,3,
1791471618652,28.566195,77.314346,28.0,CNG,31.82,19.2,3,1422,20.4,3.61,,90.0,0.00,-5.47,13.4,5.9,27.7,-0.22,ARMED,,15.3,3,
1791471619473,28.566252,77.314302,28.0,CNG,28.52,19.6,3,1411,20.4,4.63,,90.0,0.00,-5.47,13.3,6.4,27.4,-0.24,ARMED,,15.3,3,
1791471621082,28.566310,77.314258,28.0,CNG,25.58,19.6,3,1403,32.9,5.16,,89.0,-1.56,-4.69,13.3,6.4,27.2,-0.23,ARMED,,17.3,3,
1791471621825,28.566365,77.314216,28.0,CNG,24.81,19.6,3,1432,32.9,4.82,,89.0,-1.56,-4.69,13.4,6.4,27.7,0.16,ARMED,,17.3,3,
1791471622611,28.566423,77.314174,28.0,CNG,24.37,19.6,3,1428,32.9,4.82,,89.0,-1.56,-4.69,13.4,6.4,27.8,0.15,ARMED,,17.3,3,
1791471624272,28.566480,77.314132,28.0,CNG,23.73,19.6,3,1412,32.5,5.01,,89.0,0.00,-4.69,13.3,6.4,27.6,-0.00,ARMED,,17.3,3,
1791471625081,28.566539,77.314088,28.0,CNG,26.86,19.6,3,1434,32.5,3.42,,89.0,0.00,-4.69,13.3,6.4,27.9,0.05,ARMED,,17.3,3,
1791471625884,28.566595,77.314047,28.0,CNG,31.75,14.9,3,1443,32.5,2.62,,89.0,0.00,-4.69,13.2,0.0,28.0,0.09,ARMED,,17.3,3,
1791471627735,28.566713,77.313957,27.0,CNG,34.08,20.0,,918,32.5,2.87,,89.0,0.00,-4.69,13.5,7.0,27.0,0.00,ARMED,,15.7,,
1791471628493,28.566769,77.313911,28.0,CNG,35.97,20.0,4,1086,32.5,2.92,,89.0,0.00,-4.69,13.4,7.0,28.0,0.00,ARMED,,15.7,4,
1791471629204,28.566769,77.313911,28.0,CNG,32.75,20.4,4,1089,32.5,3.96,,89.0,0.00,-4.69,13.4,7.5,28.0,0.00,ARMED,,15.7,4,
1791471630999,28.566884,77.313824,28.0,CNG,31.67,20.4,4,1097,32.2,3.79,,89.0,0.78,-4.69,13.3,7.5,28.0,0.00,ARMED,,15.7,4,
1791471631741,28.566942,77.313778,29.0,CNG,31.24,20.4,4,1119,32.2,3.87,,89.0,0.78,-4.69,13.3,7.5,28.9,0.40,ARMED,,15.7,4,
1791471632517,28.567003,77.313731,29.0,CNG,34.58,20.0,4,1125,32.2,2.89,,89.0,0.78,-4.69,13.3,7.0,29.2,0.40,ARMED,,15.7,4,
1791471634170,28.567064,77.313686,29.0,CNG,33.02,20.0,4,1136,31.0,3.83,,89.0,0.78,-4.69,13.3,7.0,29.4,0.39,ARMED,,15.7,4,
1791471634930,28.567125,77.313640,30.0,CNG,34.88,20.4,4,1156,31.0,3.23,,89.0,0.78,-4.69,13.3,7.5,30.0,0.36,ARMED,,15.7,4,
1791471635700,28.567190,77.313594,30.0,CNG,33.47,20.4,4,1159,31.0,3.88,,89.0,0.78,-4.69,13.3,7.5,30.1,0.32,ARMED,,15.7,4,
1791471637372,28.567315,77.313505,30.0,CNG,36.15,20.0,4,1169,30.2,2.99,,89.0,0.78,-4.69,13.1,7.0,30.3,0.30,ARMED,,17.6,4,
1791471638129,28.567315,77.313505,30.0,CNG,31.10,20.0,4,1183,30.2,4.76,,89.0,0.78,-4.69,13.1,7.0,30.6,0.25,ARMED,,17.6,4,
1791471638959,28.567380,77.313459,30.0,CNG,28.93,20.0,4,1187,30.2,4.68,,89.0,0.78,-4.69,13.1,7.0,30.7,0.22,ARMED,,17.6,4,
1791471640569,28.567508,77.313365,30.0,CNG,28.76,20.4,4,1189,42.0,4.30,,89.0,-0.78,-4.69,13.1,7.5,30.7,0.19,ARMED,,17.3,4,
1791471641369,28.567572,77.313318,31.0,CNG,27.24,20.4,4,1193,42.0,5.01,,89.0,-0.78,-4.69,13.1,7.5,30.8,0.14,ARMED,,17.3,4,
1791471642109,28.567572,77.313318,31.0,CNG,26.94,20.4,4,1199,42.0,4.78,,89.0,-0.78,-4.69,13.1,7.5,30.9,0.14,ARMED,,17.3,4,
1791471643792,28.567704,77.313219,31.0,CNG,26.92,14.9,4,1201,39.6,4.71,,89.0,-5.47,-4.69,13.2,0.0,31.0,0.13,ARMED,,17.3,4,
1791471644536,28.567767,77.313173,31.0,CNG,29.98,20.4,4,1224,39.6,3.51,,89.0,-5.47,-4.69,13.2,7.5,31.5,0.19,ARMED,,17.3,4,
1791471645327,28.567833,77.313123,32.0,CNG,33.93,20.4,4,1231,39.6,3.12,,89.0,-5.47,-4.69,13.3,7.5,31.7,0.21,ARMED,,17.3,4,
1791471646985,28.567898,77.313073,32.0,CNG,29.38,21.2,4,1236,38.0,5.33,,89.0,2.34,-4.69,13.3,8.6,31.8,0.21,ARMED,,16.9,4,
1791471647722,28.567965,77.313024,32.0,CNG,27.94,21.2,4,1259,38.0,5.02,,89.0,2.34,-4.69,13.5,8.6,32.4,0.25,ARMED,,16.9,4,
1791471648473,28.568033,77.312972,33.0,CNG,28.39,21.2,4,1261,38.0,4.64,,89.0,2.34,-4.69,13.5,8.6,32.5,0.24,ARMED,,16.9,4,
1791471650148,28.568103,77.312919,33.0,CNG,33.34,18.8,4,1286,38.8,3.01,,89.0,-3.13,-4.69,13.4,5.4,32.9,0.38,ARMED,,17.6,4,
1791471650938,28.568170,77.312867,34.0,CNG,30.43,22.0,4,1310,38.8,5.14,,89.0,-3.13,-4.69,13.4,9.6,33.7,0.42,ARMED,,17.6,4,
1791471651758,28.568243,77.312814,34.0,CNG,29.76,19.6,4,1328,38.8,4.82,,89.0,-3.13,-4.69,13.4,6.4,34.2,0.44,ARMED,,17.6,4,
1791471653455,28.568382,77.312711,34.0,CNG,33.69,19.2,4,1330,21.2,3.32,,89.0,0.78,-5.47,13.4,5.9,34.3,0.39,ARMED,,14.9,4,
1791471654264,28.568382,77.312711,34.0,CNG,40.08,19.2,4,1305,21.2,2.49,,89.0,0.78,-5.47,13.3,5.9,33.8,-0.16,ARMED,,14.9,4,
1791471655038,28.568451,77.312658,34.0,CNG,45.25,19.2,4,1312,21.2,2.48,,89.0,0.78,-5.47,13.3,5.9,33.8,-0.13,ARMED,,14.9,4,
1791471656765,28.568588,77.312552,33.0,CNG,42.87,19.6,4,1304,24.3,3.40,,89.0,0.78,-5.47,13.5,6.4,33.6,-0.15,ARMED,,16.1,4,
1791471657594,28.568657,77.312499,34.0,CNG,36.79,19.6,4,1298,24.3,4.57,,89.0,0.78,-5.47,13.5,6.4,33.5,-0.12,ARMED,,16.1,4,
1791471658387,28.568727,77.312449,33.0,CNG,35.33,19.6,4,1304,24.3,4.05,,89.0,0.78,-5.47,13.4,6.4,33.5,-0.08,ARMED,,16.1,4,
1791471660187,28.568799,77.312397,33.0,CNG,34.01,19.6,4,1287,36.5,4.19,,89.0,-0.78,-4.69,13.4,6.4,33.3,-0.13,ARMED,,17.6,4,
1791471660977,28.568866,77.312347,33.0,CNG,30.02,21.2,4,1290,36.5,5.29,,89.0,-0.78,-4.69,13.4,8.6,33.2,-0.10,ARMED,,17.6,4,
1791471661763,28.568935,77.312297,33.0,CNG,25.08,22.0,4,1306,36.5,6.71,,89.0,-0.78,-4.69,13.4,9.6,33.4,0.08,ARMED,,17.6,4,
1791471663443,28.569080,77.312193,34.0,CNG,22.20,23.1,4,1318,66.7,7.31,,89.0,6.25,-2.34,13.5,11.2,33.8,0.23,ARMED,,19.6,3,
1791471664176,28.569080,77.312193,36.0,CNG,20.49,25.1,4,1388,66.7,7.95,,89.0,6.25,-2.34,13.5,13.9,35.5,0.89,ARMED,,19.6,3,
1791471664946,28.569154,77.312138,37.0,CNG,20.36,15.7,4,1422,66.7,7.49,,89.0,6.25,-2.34,13.5,1.1,36.5,1.05,ARMED,,19.6,3,
1791471666667,28.569310,77.312024,37.0,CNG,22.14,22.4,4,1444,40.4,5.97,,89.0,-2.34,-3.91,13.5,10.2,37.2,1.04,ARMED,,19.2,4,
1791471667430,28.569391,77.311960,39.0,CNG,22.70,23.5,4,1490,40.4,6.78,,89.0,-2.34,-3.91,13.5,11.8,38.5,0.81,ARMED,,19.2,4,
1791471668186,28.569391,77.311960,39.0,CNG,23.46,14.9,4,1517,40.4,6.47,,89.0,-2.34,-3.91,13.5,0.0,39.1,0.81,ARMED,,19.2,4,
1791471669903,28.569550,77.311840,39.0,CNG,31.88,14.9,5,1186,31.8,2.38,,89.0,0.00,-4.69,13.2,0.0,39.0,0.00,ARMED,,15.7,5,
1791471670672,28.569629,77.311779,39.0,CNG,35.59,19.2,5,1148,31.8,3.71,,89.0,0.00,-4.69,13.2,5.9,39.0,0.00,ARMED,,15.7,5,
1791471671463,28.569709,77.311719,39.0,CNG,41.38,19.2,5,1150,31.8,2.92,,89.0,0.00,-4.69,13.3,5.9,39.0,0.00,ARMED,,15.7,5,
1791471673123,28.569788,77.311656,39.0,CNG,46.86,19.2,5,1157,24.7,2.73,,89.0,1.56,-4.69,13.3,5.9,39.1,0.04,ARMED,,14.9,5,
1791471673892,28.569868,77.311596,39.0,CNG,48.00,19.2,5,1152,24.7,3.20,,89.0,1.56,-4.69,13.5,5.9,39.1,0.01,ARMED,,14.9,5,
1791471674617,28.569948,77.311538,38.0,CNG,48.09,19.2,5,1145,24.7,3.22,,89.0,1.56,-4.69,13.5,5.9,38.9,-0.05,ARMED,,14.9,5,
1791471676300,28.570030,77.311478,38.0,CNG,50.18,19.2,5,1142,33.7,2.89,,89.0,2.34,-4.69,13.3,5.9,38.7,-0.08,ARMED,,16.9,5,
1791471677069,28.570107,77.311421,38.0,CNG,41.42,20.0,5,1132,33.7,4.74,,89.0,2.34,-4.69,13.3,7.0,38.3,-0.15,ARMED,,16.9,5,
1791471677867,28.570187,77.311368,38.0,CNG,36.12,20.0,5,1129,33.7,5.13,,89.0,2.34,-4.69,13.3,7.0,38.2,-0.15,ARMED,,16.9,5,
1791471679592,28.570349,77.311256,38.0,CNG,34.79,20.0,5,1133,43.5,4.71,,89.0,-0.78,-3.91,13.3,7.0,38.2,-0.11,ARMED,,17.3,5,
1791471680375,28.570426,77.311196,38.0,CNG,35.47,20.0,5,1134,43.5,4.25,,89.0,-0.78,-3.91,13.2,7.0,38.2,-0.06,ARMED,,17.3,5,
1791471681115,28.570426,77.311196,38.0,CNG,37.74,14.9,5,1134,43.5,3.72,,89.0,-0.78,-3.91,13.2,0.0,38.3,-0.04,ARMED,,17.3,5,
1791471682880,28.570579,77.311087,37.0,CNG,40.17,14.9,5,1056,30.6,3.39,,89.0,-1.56,-0.78,13.4,0.0,36.7,-0.93,ARMED,,12.5,5,
1791471683637,28.570647,77.311039,31.0,CNG,48.15,14.9,,760,30.6,1.68,,89.0,-1.56,-0.78,13.4,0.0,31.0,0.00,ARMED,,12.5,,
1791471684408,28.570708,77.310995,30.0,CNG,51.99,14.9,,743,30.6,2.03,,89.0,-1.56,-0.78,13.4,0.0,30.0,0.00,ARMED,,12.5,,
1791471686059,28.570770,77.310950,30.0,CNG,57.70,20.4,,724,40.4,1.74,,90.0,6.25,-3.91,13.4,7.5,30.0,0.00,ARMED,,16.9,,
1791471686868,28.570831,77.310905,30.0,CNG,39.11,21.2,4,1154,40.4,4.74,,90.0,6.25,-3.91,13.4,8.6,30.0,0.00,ARMED,,16.9,4,
1791471687616,28.570892,77.310858,30.0,CNG,33.27,21.2,4,1160,40.4,4.54,,90.0,6.25,-3.91,13.4,8.6,30.0,0.00,ARMED,,16.9,4,
1791471689265,28.570957,77.310810,31.0,CNG,30.58,14.9,4,1182,41.2,4.64,,90.0,-3.13,-4.69,13.5,0.0,30.6,0.35,ARMED,,18.4,4,
1791471690020,28.571019,77.310762,32.0,CNG,25.64,22.7,4,1222,41.2,6.29,,90.0,-3.13,-4.69,13.5,10.7,31.9,0.68,ARMED,,18.4,4,
1791471690777,28.571084,77.310709,32.0,CNG,23.91,22.7,4,1246,41.2,6.01,,90.0,-3.13,-4.69,13.5,10.7,32.5,0.72,ARMED,,18.4,4,
1791471692589,28.571225,77.310607,33.0,CNG,24.11,22.7,4,1280,44.7,5.53,,90.0,-0.78,-3.91,13.3,10.7,33.3,0.79,ARMED,,18.4,4,
1791471693367,28.571299,77.310555,35.0,CNG,23.13,17.3,4,1348,44.7,6.53,,90.0,-0.78,-3.91,13.5,3.2,35.1,0.96,ARMED,,18.4,4,
1791471694122,28.571299,77.310555,35.0,CNG,30.39,14.9,4,1367,44.7,2.60,,90.0,-0.78,-3.91,13.5,0.0,35.7,0.91,ARMED,,18.4,4,
1791471695724,28.571447,77.310452,35.0,CNG,28.62,20.8,4,1366,40.4,5.42,,90.0,-1.56,-3.91,13.4,8.0,35.9,0.64,ARMED,,18.0,4,
1791471696504,28.571521,77.310400,35.0,CNG,27.79,20.8,4,1350,40.4,5.37,,90.0,-1.56,-3.91,13.4,8.0,35.4,-0.11,ARMED,,18.0,4,
1791471697296,28.571595,77.310348,35.0,CNG,27.27,14.9,4,1352,40.4,5.39,,90.0,-1.56,-3.91,13.3,0.0,35.2,-0.13,ARMED,,18.0,4,
1791471698889,28.571668,77.310297,35.0,CNG,32.81,18.0,4,1342,24.7,3.04,,90.0,-0.78,-4.69,13.3,4.3,35.0,-0.16,ARMED,,15.7,4,
1791471699713,28.571740,77.310241,34.0,CNG,39.13,14.9,4,1316,24.7,2.50,,90.0,-0.78,-4.69,13.5,0.0,34.3,-0.37,ARMED,,15.7,4,
1791471700520,28.571806,77.310191,33.0,CNG,36.32,18.4,4,1310,24.7,4.13,,90.0,-0.78,-4.69,13.5,4.8,34.0,-0.37,ARMED,,15.7,4,
1791471702108,28.571874,77.310139,33.0,CNG,40.94,18.4,4,1288,21.2,2.65,,90.0,1.56,-5.47,13.5,4.8,33.5,-0.42,ARMED,,14.9,4,
1791471702877,28.571942,77.310090,32.0,CNG,45.88,18.4,4,1261,21.2,2.31,,89.0,1.56,-5.47,13.5,4.8,32.7,-0.46,ARMED,,14.9,4,
1791471703674,28.572010,77.310042,32.0,CNG,49.13,18.4,4,1241,21.2,2.37,,89.0,1.56,-5.47,13.5,4.8,32.2,-0.50,ARMED,,14.9,4,
1791471705302,28.572144,77.309945,32.0,CNG,45.49,18.4,4,1241,21.6,3.20,,89.0,1.56,-4.69,13.5,4.8,32.0,-0.44,ARMED,,14.5,4,
1791471706101,28.572144,77.309945,31.0,CNG,49.10,18.4,4,1231,21.6,2.26,,89.0,1.56,-4.69,13.4,4.8,31.7,-0.24,ARMED,,14.5,4,
1791471706879,28.572207,77.309897,31.0,CNG,51.96,18.4,4,1212,21.6,2.22,,89.0,1.56,-4.69,13.4,4.8,31.4,-0.28,ARMED,,14.5,4,
1791471708653,28.572329,77.309797,31.0,CNG,50.79,14.9,4,1221,22.4,2.58,,89.0,0.00,0.00,13.5,0.0,31.4,-0.22,ARMED,,14.1,4,
1791471709411,28.572381,77.309752,26.0,CNG,45.53,14.9,4,1036,22.4,2.77,,89.0,0.00,0.00,13.5,0.0,27.1,-1.99,ARMED,,14.1,4,
1791471710228,28.572381,77.309752,23.0,CNG,45.34,14.9,4,817,22.4,2.09,,89.0,0.00,0.00,13.2,0.0,22.9,-3.60,ARMED,,14.1,4,
1791471711904,28.572457,77.309682,20.0,CNG,55.02,14.9,4,708,25.5,0.85,,89.0,0.00,-0.78,13.2,0.0,18.9,-4.16,ARMED,,12.9,4,
1791471712657,28.572485,77.309656,13.0,CNG,54.66,14.9,,689,25.5,0.99,,89.0,0.00,-0.78,13.2,0.0,13.0,0.00,ARMED,,12.9,,
1791471713399,28.572508,77.309635,11.0,CNG,39.90,14.9,,693,25.5,1.94,,89.0,0.00,-0.78,13.2,0.0,11.0,0.00,ARMED,,12.9,,
1791471715072,28.572527,77.309616,10.0,CNG,27.64,14.9,2,728,36.5,2.58,,89.0,-6.25,-0.78,13.4,0.0,10.0,0.00,ARMED,,14.9,2,
1791471715820,28.572546,77.309598,10.0,CNG,21.84,14.9,2,787,36.5,2.68,,89.0,-6.25,-0.78,13.4,0.0,10.0,0.00,ARMED,,14.9,2,
1791471716607,28.572565,77.309579,10.0,CNG,20.17,14.9,2,789,36.5,2.31,,89.0,-6.25,-0.78,13.2,0.0,10.0,0.00,ARMED,,14.9,2,
1791471718249,28.572583,77.309561,10.0,CNG,19.28,14.9,2,795,38.0,2.28,,89.0,-1.56,-0.78,13.2,0.0,10.0,0.01,ARMED,,14.9,2,
1791471719043,28.572601,77.309543,9.0,CNG,16.28,14.9,,810,38.0,2.89,,89.0,-1.56,-0.78,13.3,0.0,9.0,0.00,ARMED,,14.9,,
1791471719844,28.572616,77.309528,9.0,CNG,13.80,14.9,,809,38.0,3.35,,89.0,-1.56,-0.78,13.3,0.0,9.0,0.00,ARMED,,14.9,,
1791471721493,28.572655,77.309488,9.0,CNG,14.52,14.9,,809,37.3,2.32,,89.0,-0.78,-0.78,13.3,0.0,9.0,0.00,ARMED,,14.9,,
1791471722255,28.572655,77.309488,9.0,CNG,17.02,14.9,2,757,37.3,1.58,,89.0,-0.78,-0.78,13.3,0.0,9.0,0.00,ARMED,,14.9,2,
1791471723041,28.572670,77.309474,9.0,CNG,16.72,14.9,2,737,37.3,2.26,,89.0,-0.78,-0.78,13.5,0.0,9.0,0.00,ARMED,,14.9,2,
1791471724884,28.572700,77.309445,9.0,CNG,17.31,15.7,2,733,24.3,2.01,,89.0,0.78,-0.78,13.4,1.1,9.0,0.00,ARMED,,12.5,2,
1791471725647,28.572715,77.309431,9.0,CNG,21.88,18.8,2,708,24.3,1.01,,89.0,0.78,-0.78,13.6,5.4,9.0,0.00,ARMED,,12.5,2,
1791471726431,28.572729,77.309416,8.0,CNG,19.66,18.8,,705,24.3,1.95,,89.0,0.78,-0.78,13.6,5.4,8.0,0.00,ARMED,,12.5,,
1791471728130,28.572747,77.309401,8.0,CNG,18.13,18.8,,870,22.4,2.03,,89.0,0.00,-4.69,13.4,5.4,8.0,0.00,ARMED,,14.1,,
1791471728868,28.572770,77.309377,8.0,CNG,17.91,18.8,1,1108,22.4,1.86,,89.0,0.00,-4.69,13.4,5.4,8.0,0.00,ARMED,,14.1,1,
1791471729632,28.572786,77.309362,8.0,CNG,14.70,18.4,1,1118,22.4,2.84,,89.0,0.00,-4.69,13.4,4.8,8.0,0.00,ARMED,,14.1,1,
1791471731289,28.572813,77.309339,8.0,CNG,15.42,14.9,1,1137,23.1,1.96,,89.0,0.00,-0.78,13.4,0.0,8.0,0.00,ARMED,,12.9,1,
1791471732064,28.572813,77.309339,4.0,CNG,9.57,14.9,,755,23.1,3.67,,89.0,0.00,-0.78,13.5,0.0,4.0,0.00,ARMED,,12.9,,
1791471732853,28.572817,77.309334,2.0,CNG,6.96,14.9,,726,23.1,2.73,,89.0,0.00,-0.78,13.5,0.0,2.0,0.00,ARMED,,12.9,,
1791471734515,28.572826,77.309325,2.0,CNG,5.58,14.9,,765,54.9,2.48,,89.0,-3.13,-3.13,13.3,0.0,2.0,0.00,ARMED,,16.5,,
1791471735345,28.572831,77.309320,3.0,CNG,4.22,14.9,,836,54.9,4.19,,89.0,-3.13,-3.13,13.3,0.0,3.0,0.00,ARMED,,16.5,,
1791471736145,28.572831,77.309320,3.0,CNG,3.89,14.9,,830,54.9,3.55,,89.0,-3.13,-3.13,13.4,0.0,3.0,0.00,ARMED,,16.5,,
1791471737741,28.572836,77.309315,1.0,CNG,,14.9,,817,42.4,3.68,,89.0,-3.13,-0.78,13.4,0.0,1.0,0.00,ARMED,,15.7,,
1791471738524,28.572836,77.309315,0.0,CNG,,20.4,0,818,42.4,3.79,,89.0,-3.13,-0.78,13.4,7.5,0.0,0.00,ARMED,,15.7,1,
1791471739300,28.572836,77.309315,0.0,CNG,,14.9,0,1228,42.4,2.55,,89.0,-3.13,-0.78,13.4,0.0,0.0,0.00,ARMED,,15.7,1,
1791471741016,28.572836,77.309315,0.0,CNG,,18.8,0,1134,21.2,3.17,,89.0,2.34,-4.69,13.5,5.4,0.0,0.00,ARMED,,14.9,1,
1791471741769,28.572836,77.309315,0.0,CNG,,18.8,0,1321,21.2,2.61,,89.0,2.34,-4.69,13.5,5.4,0.0,0.00,ARMED,,14.9,1,
1791471742541,28.572836,77.309315,0.0,CNG,,18.8,0,1296,21.2,2.32,,89.0,2.34,-4.69,13.2,5.4,0.0,0.00,ARMED,,14.9,1,
1791471744214,28.572844,77.309309,3.0,CNG,,18.8,,671,37.3,3.44,,89.0,0.00,-3.91,13.2,5.4,3.0,0.00,ARMED,,14.5,,
1791471744990,28.572854,77.309302,6.0,CNG,4.40,19.2,1,743,37.3,2.91,,89.0,0.00,-3.91,13.6,5.9,6.0,0.00,ARMED,,14.5,1,
1791471745752,28.572868,77.309290,7.0,CNG,6.35,19.2,1,995,37.3,3.14,,89.0,0.00,-3.91,13.6,5.9,6.6,0.36,ARMED,,14.5,1,
1791471747448,28.572903,77.309269,8.0,CNG,7.97,19.2,1,1084,24.3,3.18,,89.0,0.00,-3.91,13.3,5.9,7.6,0.75,ARMED,,14.9,1,
1791471748224,28.572903,77.309269,9.0,CNG,9.27,19.2,1,1215,24.3,3.32,,89.0,0.00,-3.91,13.3,5.9,9.0,0.78,ARMED,,14.9,1,
1791471749005,28.572919,77.309259,9.0,CNG,11.25,19.2,1,1276,24.3,2.43,,89.0,0.00,-3.91,13.3,5.9,9.5,0.75,ARMED,,14.9,1,
1791471750679,28.572958,77.309236,9.0,CNG,12.41,19.2,1,1302,25.9,2.56,,89.0,1.56,0.00,13.3,5.9,9.8,0.58,ARMED,,14.9,1,
1791471751467,28.572976,77.309224,9.0,CNG,13.82,14.9,,896,25.9,2.24,,89.0,1.56,0.00,12.8,0.0,9.0,0.00,ARMED,,14.9,,
1791471752242,28.572976,77.309224,8.0,CNG,13.36,14.9,,787,25.9,2.58,,89.0,1.56,0.00,12.8,0.0,8.0,0.00,ARMED,,14.9,,
1791471753921,28.573000,77.309207,6.0,CNG,11.42,14.9,1,788,40.4,2.80,,89.0,-1.56,-0.78,13.3,0.0,6.0,0.00,ARMED,,15.7,1,
1791471754744,28.573007,77.309202,2.0,CNG,7.89,14.9,,815,40.4,2.82,,89.0,-1.56,-0.78,13.3,0.0,2.0,0.00,ARMED,,15.7,,
1791471755506,28.573011,77.309197,2.0,CNG,4.72,19.2,,829,40.4,4.47,,89.0,-1.56,-0.78,13.4,5.9,2.0,0.00,ARMED,,15.7,,
1791471757341,28.573022,77.309191,2.0,CNG,3.37,19.2,,997,41.2,4.49,,89.0,-2.34,-3.91,12.9,5.9,2.0,0.00,ARMED,,16.9,,
1791471758098,28.573022,77.309191,3.0,CNG,3.00,19.2,,682,41.2,4.80,,89.0,-2.34,-3.91,12.9,5.9,3.0,0.00,ARMED,,16.9,,
1791471758813,28.573029,77.309185,4.0,CNG,4.04,16.1,,732,41.2,2.41,,89.0,-2.34,-3.91,12.9,1.6,4.0,0.00,ARMED,,16.9,,
1791471760552,28.573043,77.309176,4.0,CNG,5.75,14.9,,814,25.1,1.28,,89.0,-2.34,-0.78,13.3,0.0,4.0,0.00,ARMED,,12.9,,
1791471761321,28.573043,77.309176,0.0,CNG,,14.9,0,713,25.1,1.05,,89.0,-2.34,-0.78,13.3,0.0,0.0,0.00,ARMED,,12.9,1,
1791471762071,28.573043,77.309176,0.0,CNG,,18.0,0,684,25.1,1.73,,89.0,-2.34,-0.78,13.2,4.3,0.0,0.00,ARMED,,12.9,1,
1791471763759,28.573043,77.309176,0.0,CNG,,18.0,0,680,27.1,1.61,,90.0,-3.13,-3.91,13.2,4.3,0.0,0.00,ARMED,,13.3,1,
1791471764517,28.573043,77.309176,0.0,CNG,,19.2,0,916,27.1,2.34,,90.0,-3.13,-3.91,13.4,5.9,0.0,0.00,ARMED,,13.3,1,
1791471765256,28.573043,77.309176,0.0,CNG,,19.2,0,1006,27.1,3.24,,90.0,-3.13,-3.91,13.4,5.9,0.0,0.00,ARMED,,13.3,1,
1791471766957,28.573060,77.309166,3.0,CNG,,19.2,,649,40.4,3.86,,90.0,2.34,-3.91,13.2,5.9,3.0,0.00,ARMED,,14.9,,
1791471767751,28.573072,77.309158,6.0,CNG,4.07,19.6,1,827,40.4,3.53,,90.0,2.34,-3.91,13.2,6.4,6.0,0.00,ARMED,,14.9,1,
1791471768611,28.573088,77.309149,7.0,CNG,5.87,19.6,1,1038,40.4,3.38,,90.0,2.34,-3.91,13.5,6.4,6.6,0.37,ARMED,,14.9,1,
1791471770259,28.573104,77.309140,8.0,CNG,7.23,19.6,1,1142,35.3,3.59,,90.0,3.91,-3.91,13.5,6.4,7.6,0.75,ARMED,,16.9,1,
1791471771024,28.573124,77.309131,9.0,CNG,8.13,18.4,1,1276,35.3,3.96,,90.0,3.91,-3.91,13.3,4.8,9.0,0.79,ARMED,,16.9,1,
1791471771811,28.573144,77.309122,9.0,CNG,8.65,18.4,1,1289,35.3,3.92,,90.0,3.91,-3.91,13.3,4.8,9.3,0.59,ARMED,,16.9,1,
1791471773446,28.573186,77.309104,9.0,CNG,10.46,18.4,,676,33.3,2.55,,90.0,1.56,-4.69,13.4,4.8,9.0,0.00,ARMED,,15.7,,
1791471774228,28.573186,77.309104,9.0,CNG,11.03,18.4,,684,33.3,3.08,,90.0,1.56,-4.69,13.4,4.8,9.0,0.00,ARMED,,15.7,,
1791471775008,28.573207,77.309099,9.0,CNG,11.01,18.4,2,704,33.3,3.35,,90.0,1.56,-4.69,13.3,4.8,9.0,0.00,ARMED,,15.7,2,
1791471776647,28.573250,77.309081,9.0,CNG,12.12,18.4,2,712,47.5,2.59,,90.0,0.78,-3.91,13.3,4.8,9.0,0.00,ARMED,,15.3,2,
1791471777455,28.573271,77.309070,10.0,CNG,12.37,18.8,2,727,47.5,3.21,,90.0,0.78,-3.91,13.3,5.4,9.9,0.41,ARMED,,15.3,2,
1791471778238,28.573271,77.309070,10.0,CNG,12.82,19.2,2,738,47.5,3.03,,90.0,0.78,-3.91,13.3,5.9,10.2,0.40,ARMED,,15.3,2,
1791471779879,28.573313,77.309048,10.0,CNG,15.83,14.9,2,761,25.1,1.71,,90.0,-3.91,-0.78,13.5,0.0,10.5,0.39,ARMED,,12.9,2,
1791471780623,28.573326,77.309040,5.0,CNG,15.61,14.9,1,755,25.1,1.36,,90.0,-3.91,-0.78,13.5,0.0,5.0,0.00,ARMED,,12.9,1,
1791471781379,28.573333,77.309035,3.0,CNG,11.59,14.9,,743,25.1,2.13,,90.0,-3.91,-0.78,13.4,0.0,3.0,0.00,ARMED,,12.9,,
1791471782980,28.573338,77.309030,3.0,CNG,11.13,14.9,,721,34.5,1.23,,90.0,3.91,-3.91,13.4,0.0,3.0,0.00,ARMED,,13.7,,
1791471783775,28.573343,77.309026,2.0,CNG,7.66,18.8,,789,34.5,2.25,,90.0,3.91,-3.91,13.5,5.4,2.0,0.00,ARMED,,13.7,,
1791471784542,28.573346,77.309024,2.0,CNG,,14.9,,1056,34.5,2.42,,90.0,3.91,-3.91,13.5,0.0,2.0,0.00,ARMED,,13.7,,
1791471786285,28.573350,77.309021,2.0,CNG,,22.7,,1002,30.2,7.66,,90.0,0.00,-1.56,13.5,10.7,2.0,0.00,ARMED,,13.7,,
1791471787070,28.573356,77.309016,3.0,CNG,,14.9,,1132,30.2,3.82,,90.0,0.00,-1.56,13.5,0.0,3.0,0.00,ARMED,,13.7,,
1791471787865,28.573363,77.309011,3.0,CNG,,14.9,,1036,30.2,1.87,,90.0,0.00,-1.56,13.5,0.0,3.0,0.00,ARMED,,13.7,,
1791471789730,28.573373,77.309003,3.0,CNG,,14.9,,903,36.1,1.72,,90.0,0.78,0.00,13.4,0.0,3.0,0.00,ARMED,,15.3,,
1791471790565,28.573373,77.309003,0.0,CNG,,14.9,0,779,36.1,3.71,,90.0,0.78,0.00,13.3,0.0,0.0,0.00,ARMED,,15.3,1,
1791471791303,28.573373,77.309003,0.0,CNG,,21.2,0,833,36.1,6.03,,90.0,0.78,0.00,13.3,8.6,0.0,0.00,ARMED,,15.3,1,
1791471793018,28.573379,77.309001,0.0,CNG,,16.1,0,1606,38.8,6.63,,90.0,0.00,0.00,13.2,1.6,0.0,0.00,ARMED,,16.1,1,
1791471793769,28.573381,77.309000,1.0,CNG,,19.6,,1123,38.8,5.12,,90.0,0.00,0.00,13.2,6.4,1.0,0.00,ARMED,,16.1,,
1791471794567,28.573383,77.308998,1.0,CNG,,18.8,,1368,38.8,5.31,,90.0,0.00,0.00,13.3,5.4,1.0,0.00,ARMED,,16.1,,
1791471796152,28.573388,77.308996,1.0,CNG,,14.9,,1109,41.6,2.57,,90.0,-2.34,0.00,13.3,0.0,1.0,0.00,ARMED,,11.8,,
1791471796972,28.573390,77.308994,1.0,CNG,,14.9,,756,41.6,2.31,,90.0,-2.34,0.00,13.5,0.0,1.0,0.00,ARMED,,11.8,,
1791471797720,28.573390,77.308994,0.0,CNG,,14.9,0,727,41.6,2.27,,90.0,-2.34,0.00,13.5,0.0,0.0,0.00,ARMED,,11.8,1,
1791471799356,28.573390,77.308994,0.0,CNG,,14.9,0,706,27.8,1.95,,90.0,-1.56,-0.78,13.3,0.0,0.0,0.00,ARMED,,12.9,1,
1791471800143,28.573390,77.308994,0.0,CNG,,14.9,0,695,27.8,2.41,,90.0,-1.56,-0.78,13.3,0.0,0.0,0.00,ARMED,,12.9,1,
1791471801005,28.573390,77.308994,0.0,CNG,,14.9,0,690,27.8,1.25,,90.0,-1.56,-0.78,13.3,0.0,0.0,0.00,ARMED,,12.9,1,
1791471802720,28.573390,77.308994,0.0,CNG,,14.9,0,695,29.4,1.75,,90.0,-3.13,-1.56,13.3,0.0,0.0,0.00,ARMED,,13.3,1,
1791471803524,28.573390,77.308994,0.0,CNG,,14.9,0,694,29.4,1.50,,90.0,-3.13,-1.56,13.2,0.0,0.0,0.00,ARMED,,13.3,1,
1791471804376,28.573390,77.308994,0.0,CNG,,20.4,0,696,29.4,2.34,,90.0,-3.13,-1.56,13.2,7.5,0.0,0.00,ARMED,,13.3,1,
1791471806105,28.573390,77.308994,0.0,CNG,,21.6,0,1204,60.8,6.77,,90.0,-3.13,-3.91,12.8,9.1,0.0,0.00,ARMED,,18.0,1,
1791471806883,28.573399,77.308985,6.0,CNG,,20.4,1,746,60.8,5.22,,90.0,-3.13,-3.91,12.8,7.5,6.0,0.00,ARMED,,18.0,1,
1791471807689,28.573413,77.308975,7.0,CNG,4.40,14.9,1,968,60.8,3.22,,90.0,-3.13,-3.91,13.3,0.0,6.6,0.36,ARMED,,18.0,1,
1791471809390,28.573442,77.308954,7.0,CNG,5.75,14.9,1,961,35.7,3.59,,90.0,-3.13,-3.13,13.3,0.0,7.0,0.38,ARMED,,15.3,1,
1791471810245,28.573442,77.308954,6.0,CNG,6.40,14.9,1,901,35.7,3.25,,90.0,-3.13,-3.13,13.3,0.0,6.2,-0.28,ARMED,,15.3,1,
1791471811056,28.573454,77.308945,6.0,CNG,6.68,14.9,1,859,35.7,3.44,,90.0,-3.13,-3.13,13.3,0.0,5.8,-0.33,ARMED,,15.3,1,
1791471812708,28.573478,77.308928,6.0,CNG,8.15,19.6,1,813,34.9,2.06,,90.0,4.69,-4.69,13.3,6.4,5.5,-0.35,ARMED,,14.5,1,
1791471813524,28.573491,77.308919,6.0,CNG,9.48,19.2,1,893,34.9,1.97,,90.0,4.69,-4.69,13.3,5.9,5.9,0.11,ARMED,,14.5,1,
1791471814291,28.573508,77.308908,7.0,CNG,10.45,14.9,1,1010,34.9,2.38,,90.0,4.69,-4.69,13.2,0.0,6.5,0.44,ARMED,,14.5,1,
1791471815995,28.573516,77.308902,7.0,CNG,10.82,14.9,1,969,25.1,2.52,,90.0,8.59,-3.13,13.2,0.0,6.7,0.39,ARMED,,12.9,1,
1791471816785,28.573516,77.308902,0.0,CNG,7.64,14.9,0,689,25.1,1.56,,90.0,8.59,-3.13,13.5,0.0,0.0,0.00,ARMED,,12.9,1,
1791471817541,28.573516,77.308902,0.0,CNG,,14.9,0,696,25.1,1.43,,90.0,8.59,-3.13,13.5,0.0,0.0,0.00,ARMED,,12.9,1,
1791471819231,28.573516,77.308902,0.0,CNG,,14.9,0,695,40.8,2.42,,90.0,-2.34,-1.56,13.3,0.0,0.0,0.00,ARMED,,11.0,1,
1791471819989,28.573516,77.308902,0.0,CNG,,14.9,0,680,40.8,2.26,,90.0,-2.34,-1.56,13.3,0.0,0.0,0.00,ARMED,,11.0,1,
1791471820754,28.573516,77.308902,0.0,CNG,,14.9,0,700,40.8,1.31,,90.0,-2.34,-1.56,13.4,0.0,0.0,0.00,ARMED,,11.0,1,
1791471822576,28.573516,77.308902,0.0,CNG,,16.5,0,698,42.7,1.45,,90.0,-2.34,-1.56,13.5,2.1,0.0,0.00,ARMED,,15.3,1,
1791471823361,28.573522,77.308894,2.0,CNG,,16.5,,785,42.7,3.73,,90.0,-2.34,-1.56,13.3,2.1,2.0,0.00,ARMED,,15.3,,
1791471824100,28.573522,77.308894,3.0,CNG,,14.9,,792,42.7,3.07,,90.0,-2.34,-1.56,13.3,0.0,3.0,0.00,ARMED,,15.3,,
1791471825758,28.573534,77.308886,3.0,CNG,,17.6,,831,39.6,3.83,,90.0,-0.78,-3.91,13.5,3.7,3.0,0.00,ARMED,,15.3,,
1791471826508,28.573541,77.308881,3.0,CNG,,17.6,,934,39.6,3.55,,90.0,-0.78,-3.91,13.5,3.7,3.0,0.00,ARMED,,15.3,,
1791471827317,28.573547,77.308875,3.0,CNG,,14.9,,964,39.6,2.42,,90.0,-0.78,-3.91,13.3,0.0,3.0,0.00,ARMED,,15.3,,
1791471828969,28.573553,77.308870,4.0,CNG,4.28,14.9,,826,42.4,3.30,,90.0,-2.34,-1.56,13.3,0.0,4.0,0.00,ARMED,,15.7,,
1791471829779,28.573553,77.308871,1.0,CNG,,14.9,,834,42.4,3.84,,90.0,-2.34,-1.56,13.3,0.0,1.0,0.00,ARMED,,15.7,,
1791471830554,28.573553,77.308871,0.0,CNG,,14.9,0,824,42.4,2.89,,90.0,-2.34,-1.56,13.3,0.0,0.0,0.00,ARMED,,15.7,1,
1791471832169,28.573553,77.308871,0.0,CNG,,14.9,0,780,27.1,2.52,,90.0,0.00,-1.56,13.4,0.0,0.0,0.00,ARMED,,13.3,1,
1791471832966,28.573553,77.308871,0.0,CNG,,14.9,0,711,27.1,2.11,,90.0,0.00,-1.56,13.4,0.0,0.0,0.00,ARMED,,13.3,1,
1791471833718,28.573553,77.308871,0.0,CNG,,14.9,0,707,27.1,2.41,,90.0,0.00,-1.56,13.4,0.0,0.0,0.00,ARMED,,13.3,1,
1791471835405,28.573553,77.308871,0.0,CNG,,14.9,0,692,28.6,2.22,,90.0,-2.34,-1.56,13.4,0.0,0.0,0.00,ARMED,,13.3,1,
1791471836183,28.573553,77.308871,0.0,CNG,,17.6,0,709,28.6,2.85,,90.0,-2.34,-1.56,13.3,3.7,0.0,0.00,ARMED,,13.3,1,
1791471836969,28.573553,77.308871,1.0,CNG,,16.5,,776,28.6,4.10,,90.0,-2.34,-1.56,13.3,2.1,1.0,0.00,ARMED,,13.3,,
1791471838593,28.573570,77.308856,3.0,CNG,,16.5,,774,40.0,2.41,,90.0,-3.13,-1.56,13.5,2.1,3.0,0.00,ARMED,,11.4,,
1791471839403,28.573579,77.308850,5.0,CNG,,16.5,1,760,40.0,2.38,,90.0,-3.13,-1.56,13.5,2.1,5.0,0.00,ARMED,,11.4,1,
1791471840221,28.573579,77.308850,5.0,CNG,4.95,15.7,1,758,40.0,3.69,,90.0,-3.13,-1.56,13.1,1.1,5.0,0.00,ARMED,,11.4,1,
1791471841896,28.573604,77.308833,6.0,CNG,5.71,16.1,1,794,43.9,3.68,,90.0,-2.34,-1.56,13.1,1.6,5.6,0.37,ARMED,,15.3,1,
1791471842705,28.573617,77.308824,6.0,CNG,6.14,18.4,1,816,43.9,3.65,,90.0,-2.34,-1.56,13.2,4.8,6.0,0.32,ARMED,,15.3,1,
1791471843465,28.573629,77.308815,6.0,CNG,7.32,18.4,1,846,43.9,2.51,,90.0,-2.34,-1.56,13.2,4.8,6.2,0.30,ARMED,,15.3,1,
1791471845136,28.573640,77.308806,6.0,CNG,7.08,18.0,1,874,36.1,3.62,,90.0,0.78,-3.91,13.3,4.3,6.4,0.29,ARMED,,15.3,1,
1791471845903,28.573653,77.308796,7.0,CNG,8.21,14.9,1,914,36.1,2.81,,90.0,0.78,-3.91,13.3,0.0,6.7,0.25,ARMED,,15.3,1,
1791471846661,28.573666,77.308786,6.0,CNG,8.19,14.9,1,833,36.1,3.00,,90.0,0.78,-3.91,13.2,0.0,6.4,-0.03,ARMED,,15.3,1,
1791471848349,28.573677,77.308778,4.0,CNG,8.74,14.9,,767,26.3,1.58,,90.0,4.69,-1.56,13.2,0.0,4.0,0.00,ARMED,,13.3,,
1791471849165,28.573677,77.308778,1.0,CNG,5.97,14.9,,714,26.3,2.41,,90.0,4.69,-1.56,13.4,0.0,1.0,0.00,ARMED,,13.3,,
1791471849924,28.573679,77.308776,1.0,CNG,,14.9,,702,26.3,2.30,,90.0,4.69,-1.56,13.4,0.0,1.0,0.00,ARMED,,13.3,,
1791471851717,28.573681,77.308775,1.0,CNG,,14.9,,696,28.2,2.40,,90.0,-2.34,-0.78,13.4,0.0,1.0,0.00,ARMED,,12.9,,
1791471852454,28.573681,77.308775,1.0,CNG,,14.9,,698,28.2,2.20,,90.0,-2.34,-0.78,13.4,0.0,1.0,0.00,ARMED,,12.9,,
1791471853225,28.573681,77.308775,0.0,CNG,,14.9,0,702,28.2,4.55,,90.0,-2.34,-0.78,13.4,0.0,0.0,0.00,ARMED,,12.9,1,
1791471855054,28.573689,77.308769,1.0,CNG,,14.9,,767,45.5,2.83,,90.0,-3.13,-0.78,13.4,0.0,1.0,0.00,ARMED,,15.3,,
1791471855859,28.573696,77.308763,4.0,CNG,,14.9,,824,45.5,2.21,,90.0,-3.13,-0.78,13.4,0.0,4.0,0.00,ARMED,,15.3,,
1791471856580,28.573704,77.308757,4.0,CNG,,14.9,,785,45.5,1.78,,90.0,-3.13,-0.78,13.4,0.0,4.0,0.00,ARMED,,15.3,,
1791471858329,28.573726,77.308738,4.0,CNG,4.58,14.9,,617,58.0,3.94,,90.0,-5.47,-0.78,13.1,0.0,4.0,0.00,ARMED,,15.3,,
1791471859042,28.573726,77.308738,6.0,CNG,5.55,14.9,1,791,58.0,3.64,,90.0,-5.47,-0.78,13.1,0.0,6.0,0.00,ARMED,,15.3,1,
1791471859797,28.573740,77.308726,6.0,CNG,6.63,14.9,1,810,58.0,2.91,,90.0,-5.47,-0.78,13.4,0.0,6.0,0.00,ARMED,,15.3,1,
1791471861394,28.573764,77.308708,6.0,CNG,6.68,14.9,1,823,40.4,3.63,,90.0,-3.13,-0.78,13.4,0.0,6.0,0.00,ARMED,,15.3,1,
1791471862244,28.573764,77.308708,5.0,CNG,6.83,14.9,,829,40.4,2.89,,90.0,-3.13,-0.78,13.3,0.0,5.0,0.00,ARMED,,15.3,,
1791471863023,28.573773,77.308701,5.0,CNG,6.85,14.9,,825,40.4,2.97,,90.0,-3.13,-0.78,13.3,0.0,5.0,0.00,ARMED,,15.3,,
1791471864708,28.573788,77.308692,4.0,CNG,6.31,14.9,,834,34.9,2.98,,90.0,-1.56,-0.78,13.3,0.0,4.0,0.00,ARMED,,13.3,,
1791471865493,28.573788,77.308692,0.0,CNG,,14.9,0,761,34.9,2.08,,90.0,-1.56,-0.78,13.3,0.0,0.0,0.00,ARMED,,13.3,1,
1791471866289,28.573786,77.308692,0.0,CNG,,18.8,0,733,34.9,1.91,,90.0,-1.56,-0.78,13.3,5.4,0.0,0.00,ARMED,,13.3,1,
1791471867925,28.573789,77.308689,0.0,CNG,,18.8,0,927,48.6,2.38,,90.0,3.91,-3.91,13.3,5.4,0.0,0.00,ARMED,,15.7,1,
1791471868705,28.573795,77.308687,4.0,CNG,,18.8,,758,48.6,3.96,,90.0,3.91,-3.91,13.2,5.4,4.0,0.00,ARMED,,15.7,,
1791471869444,28.573805,77.308678,5.0,CNG,5.35,18.8,1,730,48.6,1.84,,91.0,3.91,-3.91,13.2,5.4,5.0,0.00,ARMED,,15.7,1,
1791471871091,28.573816,77.308669,6.0,CNG,8.08,18.4,1,831,25.1,1.75,,91.0,0.00,-3.91,13.5,4.8,5.6,0.35,ARMED,,13.3,1,
1791471871904,28.573828,77.308660,6.0,CNG,9.72,18.0,1,827,25.1,1.96,,91.0,0.00,-3.91,13.5,4.3,6.0,0.31,ARMED,,13.3,1,
1791471872724,28.573841,77.308650,6.0,CNG,11.22,18.0,1,875,25.1,1.76,,91.0,0.00,-3.91,13.4,4.3,6.3,0.32,ARMED,,13.3,1,
1791471874413,28.573866,77.308629,6.0,CNG,11.83,18.0,1,875,31.4,1.92,,91.0,3.13,-3.13,13.4,4.3,6.4,0.27,ARMED,,14.5,1,
1791471875168,28.573866,77.308629,6.0,CNG,11.49,17.3,1,853,31.4,2.22,,91.0,3.13,-3.13,12.9,3.2,6.2,-0.02,ARMED,,14.5,1,
1791471875980,28.573878,77.308619,6.0,CNG,10.98,14.9,1,818,31.4,2.38,,90.0,3.13,-3.13,12.9,0.0,6.0,-0.08,ARMED,,14.5,1,
1791471877681,28.573902,77.308599,6.0,CNG,9.81,14.9,1,824,42.4,2.89,,90.0,-1.56,-0.78,13.4,0.0,5.9,-0.08,ARMED,,15.3,1,
1791471878423,28.573914,77.308591,6.0,CNG,8.92,16.9,1,829,42.4,3.12,,90.0,-1.56,-0.78,13.4,2.7,6.0,-0.05,ARMED,,15.3,1,
1791471879216,28.573914,77.308591,6.0,CNG,8.34,16.9,1,836,42.4,3.22,,90.0,-1.56,-0.78,13.3,2.7,6.0,-0.03,ARMED,,15.3,1,
1791471880822,28.573941,77.308576,6.0,CNG,8.71,16.9,1,832,40.8,2.63,,90.0,-1.56,-1.56,13.3,2.7,6.0,-0.02,ARMED,,15.3,1,
1791471881603,28.573954,77.308567,6.0,CNG,9.13,16.9,1,831,40.8,2.49,,90.0,-1.56,-1.56,13.4,2.7,6.0,-0.01,ARMED,,15.3,1,
1791471882344,28.573966,77.308558,6.0,CNG,10.04,18.0,1,780,40.8,2.08,,90.0,-1.56,-1.56,13.4,4.3,5.8,-0.07,ARMED,,15.3,1,
1791471884122,28.573977,77.308546,6.0,CNG,11.28,18.0,1,803,23.9,1.77,,90.0,2.34,-1.56,13.4,4.3,5.8,-0.05,ARMED,,12.5,1,
1791471884887,28.573988,77.308538,4.0,CNG,10.89,14.9,,727,23.9,1.62,,90.0,2.34,-1.56,13.4,0.0,4.0,0.00,ARMED,,12.5,,
1791471885652,28.573992,77.308535,1.0,CNG,8.10,14.9,,711,23.9,1.51,,90.0,2.34,-1.56,13.5,0.0,1.0,0.00,ARMED,,12.5,,
1791471887459,28.573994,77.308535,1.0,CNG,,18.4,,697,25.9,1.52,,90.0,-0.78,-2.34,13.4,4.8,1.0,0.00,ARMED,,13.3,,
1791471888303,28.573994,77.308535,0.0,CNG,,19.2,0,914,25.9,2.40,,90.0,-0.78,-2.34,13.4,5.9,0.0,0.00,ARMED,,13.3,1,
1791471889080,28.573994,77.308535,0.0,CNG,,19.2,0,1315,25.9,3.56,,90.0,-0.78,-2.34,13.4,5.9,0.0,0.00,ARMED,,13.3,1,
1791471890747,28.573998,77.308535,0.0,CNG,,19.2,0,1415,33.3,3.83,,90.0,0.78,-2.34,13.0,5.9,0.0,0.00,ARMED,,14.5,1,
1791471891528,28.574006,77.308530,4.0,CNG,,19.2,,816,33.3,3.19,,90.0,0.78,-2.34,13.0,5.9,4.0,0.00,ARMED,,14.5,,
1791471892292,28.574006,77.308530,5.0,CNG,4.40,14.9,1,765,33.3,2.63,,90.0,0.78,-2.34,13.0,0.0,5.0,0.00,ARMED,,14.5,1,
1791471893968,28.574022,77.308516,5.0,CNG,5.18,14.9,,815,44.7,3.28,,90.0,-3.13,-1.56,13.0,0.0,5.0,0.00,ARMED,,15.7,,
1791471894796,28.574026,77.308511,1.0,CNG,,14.9,,831,44.7,3.93,,90.0,-3.13,-1.56,13.2,0.0,1.0,0.00,ARMED,,15.7,,
1791471895555,28.574028,77.308510,1.0,CNG,,19.6,,836,44.7,4.05,,90.0,-3.13,-1.56,13.2,6.4,1.0,0.00,ARMED,,15.7,,
1791471897217,28.574030,77.308507,1.0,CNG,,19.6,,1258,34.9,4.73,,90.0,-3.91,-1.56,13.2,6.4,1.0,0.00,ARMED,,18.8,,
1791471897996,28.574032,77.308505,2.0,CNG,,20.0,,1133,34.9,4.86,,90.0,-3.91,-1.56,13.2,7.0,2.0,0.00,ARMED,,18.8,,
1791471898745,28.574039,77.308500,4.0,CNG,,14.9,,1052,34.9,2.74,,90.0,-3.91,-1.56,13.2,0.0,4.0,0.00,ARMED,,18.8,,
1791471900466,28.574055,77.308485,4.0,CNG,4.74,14.9,,799,25.5,1.29,,90.0,3.13,-2.34,13.2,0.0,4.0,0.00,ARMED,,13.3,,
1791471901225,28.574055,77.308485,4.0,CNG,5.43,18.4,,760,25.5,2.49,,90.0,3.13,-2.34,13.5,4.8,4.0,0.00,ARMED,,13.3,,
1791471901971,28.574063,77.308480,4.0,CNG,5.49,19.6,,978,25.5,2.93,,90.0,3.13,-2.34,13.5,6.4,4.0,0.00,ARMED,,13.3,,
1791471903586,28.574077,77.308470,3.0,CNG,5.01,14.9,,1084,24.3,2.85,,90.0,-1.56,-1.56,13.2,0.0,3.0,0.00,ARMED,,13.3,,
1791471904358,28.574076,77.308471,2.0,CNG,,14.9,,718,24.3,1.49,,90.0,-1.56,-1.56,13.2,0.0,2.0,0.00,ARMED,,13.3,,
1791471905153,28.574076,77.308471,1.0,CNG,,14.9,,697,24.3,2.27,,90.0,-1.56,-1.56,13.5,0.0,1.0,0.00,ARMED,,13.3,,
1791471906889,28.574076,77.308471,0.0,CNG,,14.9,0,695,34.5,1.67,,90.0,-2.34,-2.34,13.5,0.0,0.0,0.00,ARMED,,14.5,1,
1791471907646,28.574076,77.308471,0.0,CNG,,16.5,0,1100,34.5,3.33,,90.0,-2.34,-2.34,13.5,2.1,0.0,0.00,ARMED,,14.5,1,
1791471908443,28.574076,77.308471,0.0,CNG,,20.8,0,1006,34.5,2.53,,90.0,-2.34,-2.34,13.5,8.0,0.0,0.00,ARMED,,14.5,1,
1791471910089,28.574082,77.308465,0.0,CNG,,20.4,0,1117,52.5,5.38,,90.0,-4.69,-2.34,12.5,7.5,0.0,0.00,ARMED,,19.6,1,
1791471910859,28.574090,77.308460,5.0,CNG,,19.6,1,757,52.5,5.43,,90.0,-4.69,-2.34,12.5,6.4,5.0,0.00,ARMED,,19.6,1,
1791471911657,28.574102,77.308450,6.0,CNG,3.74,14.9,1,847,52.5,3.54,,90.0,-4.69,-2.34,13.5,0.0,5.6,0.36,ARMED,,19.6,1,
1791471913293,28.574125,77.308436,6.0,CNG,4.88,14.9,1,837,50.2,3.61,,90.0,-4.69,-1.56,13.5,0.0,6.0,0.38,ARMED,,16.9,1,
1791471914103,28.574125,77.308436,5.0,CNG,4.81,18.8,,1003,50.2,4.33,,90.0,-4.69,-1.56,13.4,5.4,5.0,0.00,ARMED,,16.9,,
1791471914921,28.574135,77.308429,5.0,CNG,4.60,18.8,,1218,50.2,4.71,,90.0,-4.69,-1.56,13.4,5.4,5.0,0.00,ARMED,,16.9,,
1791471916583,28.574153,77.308414,5.0,CNG,5.69,14.9,,1399,24.3,2.36,,90.0,0.00,-0.78,13.4,0.0,5.0,0.00,ARMED,,14.1,,
1791471917344,28.574152,77.308415,0.0,CNG,,14.9,0,1005,24.3,2.44,,90.0,0.00,-0.78,13.4,0.0,0.0,0.00,ARMED,,14.1,1,
1791471918161,28.574152,77.308415,0.0,CNG,,20.4,0,847,24.3,6.16,,90.0,0.00,-0.78,13.5,7.5,0.0,0.00,ARMED,,14.1,1,
1791471920269,28.574152,77.308415,0.0,CNG,,20.0,0,1329,34.1,4.23,,90.0,0.00,-2.34,13.5,7.0,0.0,0.00,ARMED,,16.9,1,
1791471921290,28.574152,77.308415,0.0,CNG,,20.4,0,1562,34.1,4.53,,90.0,0.00,-2.34,13.0,7.5,0.0,0.00,ARMED,,16.9,1,
1791471922303,28.574153,77.308407,2.0,CNG,,20.4,,858,34.1,5.10,,90.0,0.00,-2.34,13.0,7.5,2.0,0.00,ARMED,,16.9,,
1791471924481,28.574178,77.308391,4.0,CNG,,20.4,,800,63.9,4.00,,90.0,-0.78,-3.13,13.0,7.5,4.0,0.00,ARMED,,16.5,,
1791471925507,28.574196,77.308376,9.0,CNG,5.66,19.2,,631,63.9,2.39,,90.0,-0.78,-3.13,13.0,5.9,9.0,0.00,ARMED,,16.5,,
1791471926474,28.574214,77.308361,9.0,CNG,9.33,18.4,2,703,63.9,1.82,,90.0,-0.78,-3.13,13.4,4.8,9.0,0.00,ARMED,,16.5,2,
1791471928404,28.574252,77.308333,9.0,CNG,11.79,17.6,,692,48.6,2.22,,90.0,-2.34,-0.78,13.4,3.7,9.0,0.00,ARMED,,12.5,,
1791471929226,28.574252,77.308333,7.0,CNG,12.10,14.9,,775,48.6,2.26,,90.0,-2.34,-0.78,13.2,0.0,7.0,0.00,ARMED,,12.5,,
1791471930007,28.574263,77.308324,4.0,CNG,8.65,14.9,,805,48.6,3.37,,90.0,-2.34,-0.78,13.2,0.0,4.0,0.00,ARMED,,12.5,,
1791471931674,28.574274,77.308314,2.0,CNG,5.81,14.9,,813,44.7,3.49,,90.0,-3.13,-0.78,13.3,0.0,2.0,0.00,ARMED,,15.7,,
1791471932430,28.574277,77.308310,1.0,CNG,4.16,15.3,,833,44.7,2.82,,90.0,-3.13,-0.78,13.3,0.5,1.0,0.00,ARMED,,15.7,,
1791471933283,28.574277,77.308310,1.0,CNG,,19.2,,856,44.7,4.50,,90.0,-3.13,-0.78,13.5,5.9,1.0,0.00,ARMED,,15.7,,
1791471934955,28.574279,77.308308,1.0,CNG,,19.2,,1291,32.9,4.45,,91.0,-2.34,-3.13,13.5,5.9,1.0,0.00,ARMED,,16.9,,
1791471935696,28.574282,77.308306,1.0,CNG,,19.2,,918,32.9,5.20,,91.0,-2.34,-3.13,12.8,5.9,1.0,0.00,ARMED,,16.9,,
1791471936539,28.574288,77.308301,3.0,CNG,,19.2,,631,32.9,2.76,,90.0,-2.34,-3.13,12.8,5.9,3.0,0.00,ARMED,,16.9,,
1791471938175,28.574299,77.308293,5.0,CNG,3.70,19.2,,604,54.5,3.30,,90.0,0.78,-3.91,13.5,5.9,5.0,0.00,ARMED,,15.3,,
1791471938931,28.574313,77.308282,7.0,CNG,6.64,14.9,,698,54.5,1.93,,90.0,0.78,-3.91,13.5,0.0,7.0,0.00,ARMED,,15.3,,
1791471939733,28.574326,77.308273,5.0,CNG,8.13,14.9,1,706,54.5,1.71,,90.0,0.78,-3.91,13.3,0.0,5.0,0.00,ARMED,,15.3,1,
1791471941336,28.574325,77.308274,1.0,CNG,6.58,14.9,,723,29.0,1.48,,91.0,5.47,-0.78,13.3,0.0,1.0,0.00,ARMED,,12.9,,
1791471942088,28.574325,77.308274,0.0,CNG,,22.4,0,792,29.0,5.86,,91.0,5.47,-0.78,13.4,10.2,0.0,0.00,ARMED,,12.9,1,
1791471942858,28.574332,77.308271,1.0,CNG,,14.9,,1419,29.0,2.49,,91.0,5.47,-0.78,13.4,0.0,1.0,0.00,ARMED,,12.9,,
1791471944583,28.574341,77.308264,2.0,CNG,,19.6,,825,56.5,1.21,,91.0,-2.34,-3.91,12.7,6.4,2.0,0.00,ARMED,,12.9,,
1791471945342,28.574352,77.308259,5.0,CNG,4.80,14.9,,643,56.5,2.95,,91.0,-2.34,-3.91,12.7,0.0,5.0,0.00,ARMED,,12.9,,
1791471946185,28.574352,77.308259,5.0,CNG,4.66,18.0,,775,56.5,4.50,,91.0,-2.34,-3.91,12.7,4.3,5.0,0.00,ARMED,,12.9,,
1791471947840,28.574377,77.308242,6.0,CNG,5.96,14.9,,698,68.2,3.01,,91.0,1.56,-0.78,12.7,0.0,6.0,0.00,ARMED,,16.9,,
1791471948599,28.574392,77.308233,8.0,CNG,9.29,14.9,,824,68.2,1.79,,91.0,1.56,-0.78,13.5,0.0,8.0,0.00,ARMED,,16.9,,
1791471949383,28.574407,77.308223,7.0,CNG,9.77,14.9,,831,68.2,2.73,,91.0,1.56,-0.78,13.5,0.0,7.0,0.00,ARMED,,16.9,,
1791471951108,28.574414,77.308218,4.0,CNG,7.21,14.9,,838,44.3,3.70,,91.0,-2.34,-0.78,13.2,0.0,4.0,0.00,ARMED,,15.7,,
1791471951860,28.574414,77.308218,0.0,CNG,4.33,14.9,0,842,44.3,3.08,,91.0,-2.34,-0.78,13.2,0.0,0.0,0.00,ARMED,,15.7,1,
1791471952666,28.574414,77.308218,0.0,CNG,,14.9,0,839,44.3,2.81,,91.0,-2.34,-0.78,13.3,0.0,0.0,0.00,ARMED,,15.7,1,
1791471954524,28.574414,77.308218,0.0,CNG,,14.9,0,842,31.8,3.88,,91.0,-3.13,-2.34,13.4,0.0,0.0,0.00,ARMED,,14.5,1,
1791471955285,28.574414,77.308218,0.0,CNG,,16.5,0,830,31.8,1.59,,91.0,-3.13,-2.34,13.5,2.1,0.0,0.00,ARMED,,14.5,1,
1791471956037,28.574414,77.308218,0.0,CNG,,14.9,0,815,31.8,1.97,,92.0,-3.13,-2.34,13.5,0.0,0.0,0.00,ARMED,,14.5,1,
1791471957698,28.574417,77.308220,0.0,CNG,,18.0,0,835,50.6,2.65,,92.0,1.56,-2.34,13.4,4.3,0.0,0.00,ARMED,,12.9,1,
1791471958466,28.574422,77.308217,2.0,CNG,,14.9,,811,50.6,2.33,,92.0,1.56,-2.34,13.4,0.0,2.0,0.00,ARMED,,12.9,,
1791471959208,28.574422,77.308217,3.0,CNG,,14.9,,716,50.6,2.15,,92.0,1.56,-2.34,12.8,0.0,3.0,0.00,ARMED,,12.9,,
1791471960913,28.574438,77.308207,4.0,CNG,,14.9,,666,26.7,2.39,,92.0,-3.91,-2.34,12.8,0.0,4.0,0.00,ARMED,,12.9,,
1791471961658,28.574444,77.308203,4.0,CNG,6.94,14.9,,715,26.7,1.19,,92.0,-3.91,-2.34,13.6,0.0,4.0,0.00,ARMED,,12.9,,
1791471962442,28.574450,77.308199,3.0,CNG,6.31,14.9,,724,26.7,2.23,,92.0,-3.91,-2.34,13.6,0.0,3.0,0.00,ARMED,,12.9,,
1791471964114,28.574450,77.308199,0.0,CNG,,14.9,0,704,39.6,2.34,,92.0,0.78,-2.34,13.3,0.0,0.0,0.00,ARMED,,14.5,1,
1791471964918,28.574450,77.308199,0.0,CNG,,14.9,0,788,39.6,2.58,,92.0,0.78,-2.34,13.3,0.0,0.0,0.00,ARMED,,14.5,1,
1791471965694,28.574450,77.308199,0.0,CNG,,14.9,0,795,39.6,3.81,,92.0,0.78,-2.34,13.5,0.0,0.0,0.00,ARMED,,14.5,1,
1791471967366,28.574450,77.308199,0.0,CNG,,14.9,0,820,45.5,3.94,,92.0,-1.56,-2.34,13.5,0.0,0.0,0.00,ARMED,,15.7,1,
1791471968109,28.574450,77.308199,0.0,CNG,,15.3,0,841,45.5,3.64,,92.0,-1.56,-2.34,13.4,0.5,0.0,0.00,ARMED,,15.7,1,
1791471968868,28.574450,77.308199,0.0,CNG,,17.3,0,851,45.5,3.68,,91.0,-1.56,-2.34,13.4,3.2,0.0,0.00,ARMED,,15.7,1,
1791471970550,28.574450,77.308199,0.0,CNG,,17.3,0,846,44.3,3.86,,91.0,-0.78,-2.34,13.5,3.2,0.0,0.00,ARMED,,15.7,1,
1791471971349,28.574450,77.308199,0.0,CNG,,16.9,0,839,44.3,3.10,,91.0,-0.78,-2.34,13.5,2.7,0.0,0.00,ARMED,,15.7,1,
1791471972172,28.574450,77.308199,0.0,CNG,,16.9,0,826,44.3,2.40,,91.0,-0.78,-2.34,13.3,2.7,0.0,0.00,ARMED,,15.7,1,
1791471973843,28.574450,77.308199,0.0,CNG,,18.8,0,741,27.1,1.49,,91.0,3.13,-3.13,13.3,5.4,0.0,0.00,ARMED,,14.1,1,
1791471974638,28.574450,77.308199,0.0,CNG,,18.4,0,1152,27.1,3.19,,91.0,3.13,-3.13,13.2,4.8,0.0,0.00,ARMED,,14.1,1,
1791471975444,28.574455,77.308194,1.0,CNG,,18.4,,940,27.1,1.85,,92.0,3.13,-3.13,13.2,4.8,1.0,0.00,ARMED,,14.1,,
1791471977079,28.574461,77.308189,3.0,CNG,,18.4,,755,34.5,2.68,,92.0,-0.78,-3.13,13.5,4.8,3.0,0.00,ARMED,,12.2,,
1791471977831,28.574470,77.308182,4.0,CNG,,18.8,,788,34.5,2.66,,91.0,-0.78,-3.13,13.5,5.4,4.0,0.00,ARMED,,12.2,,
1791471978599,28.574478,77.308176,4.0,CNG,5.18,14.9,,898,34.5,2.23,,91.0,-0.78,-3.13,13.5,0.0,4.0,0.00,ARMED,,12.2,,
1791471980270,28.574487,77.308168,4.0,CNG,6.07,14.9,,1020,35.3,2.16,,91.0,3.91,-3.13,13.5,0.0,4.0,0.00,ARMED,,16.5,,
1791471981054,28.574496,77.308160,4.0,CNG,6.38,14.9,,782,35.3,2.39,,91.0,3.91,-3.13,13.2,0.0,4.0,0.00,ARMED,,16.5,,
1791471981786,28.574503,77.308155,4.0,CNG,5.60,17.6,,810,35.3,3.41,,91.0,3.91,-3.13,13.2,3.7,4.0,0.00,ARMED,,16.5,,
1791471983460,28.574519,77.308143,4.0,CNG,5.19,17.6,,931,40.8,3.48,,91.0,0.78,-3.91,13.0,3.7,4.0,0.00,ARMED,,14.9,,
1791471984198,28.574519,77.308143,5.0,CNG,6.37,17.6,,658,40.8,2.36,,91.0,0.78,-3.91,13.0,3.7,5.0,0.00,ARMED,,14.9,,
1791471984987,28.574531,77.308135,5.0,CNG,6.94,14.9,,773,40.8,2.60,,91.0,0.78,-3.91,13.4,0.0,5.0,0.00,ARMED,,14.9,,
1791471986861,28.574549,77.308123,6.0,CNG,7.07,14.9,1,836,43.1,3.40,,91.0,-0.78,-3.13,13.3,0.0,6.0,0.00,ARMED,,15.7,1,
1791471987689,28.574551,77.308121,0.0,CNG,3.84,14.9,0,830,43.1,3.77,,91.0,-0.78,-3.13,13.5,0.0,0.0,0.00,ARMED,,15.7,1,
1791471988427,28.574551,77.308121,0.0,CNG,,14.9,0,768,43.1,1.90,,91.0,-0.78,-3.13,13.5,0.0,0.0,0.00,ARMED,,15.7,1,
1791471990066,28.574551,77.308121,0.0,CNG,,15.7,0,733,27.5,2.39,,91.0,7.03,-3.13,13.5,1.1,0.0,0.00,ARMED,,14.1,1,
1791471990827,28.574551,77.308121,0.0,CNG,,18.8,0,1033,27.5,2.52,,91.0,7.03,-3.13,13.5,5.4,0.0,0.00,ARMED,,14.1,1,
1791471991681,28.574551,77.308121,0.0,CNG,,18.8,0,1141,27.5,3.33,,91.0,7.03,-3.13,12.9,5.4,0.0,0.00,ARMED,,14.1,1,
1791471993324,28.574567,77.308106,3.0,CNG,,18.8,,678,38.4,2.76,,91.0,2.34,-3.91,12.9,5.4,3.0,0.00,ARMED,,14.1,,
1791471994094,28.574567,77.308106,6.0,CNG,5.47,18.8,1,878,38.4,1.86,,91.0,2.34,-3.91,13.5,5.4,6.0,0.00,ARMED,,14.1,1,
1791471994865,28.574580,77.308097,6.0,CNG,7.83,18.8,1,884,38.4,2.03,,91.0,2.34,-3.91,13.5,5.4,6.0,0.00,ARMED,,14.1,1,
1791471996539,28.574608,77.308074,7.0,CNG,10.14,18.8,1,984,24.3,2.04,,91.0,2.34,-3.13,13.5,5.4,6.6,0.36,ARMED,,13.7,1,
1791471997335,28.574623,77.308063,7.0,CNG,10.99,18.8,1,1056,24.3,2.35,,91.0,2.34,-3.13,13.5,5.4,7.0,0.31,ARMED,,13.7,1,
1791471998128,28.574623,77.308063,8.0,CNG,9.84,18.8,1,1091,24.3,3.72,,91.0,2.34,-3.13,13.4,5.4,7.3,0.32,ARMED,,13.7,1,
1791471999797,28.574653,77.308041,8.0,CNG,10.32,18.8,1,1104,37.6,2.97,,90.0,-2.34,-3.91,13.4,5.4,7.5,0.30,ARMED,,16.5,1,
1791472000613,28.574671,77.308029,8.0,CNG,8.98,18.8,1,1139,37.6,4.29,,90.0,-2.34,-3.91,13.4,5.4,7.7,0.25,ARMED,,16.5,1,
1791472001376,28.574688,77.308016,8.0,CNG,8.24,18.8,1,1182,37.6,4.43,,90.0,-2.34,-3.91,13.4,5.4,8.0,0.26,ARMED,,16.5,1,
1791472003038,28.574706,77.308005,8.0,CNG,8.73,14.9,1,1198,34.9,3.42,,90.0,-2.34,-3.13,13.3,0.0,8.2,0.25,ARMED,,15.7,1,
1791472003784,28.574721,77.307992,6.0,CNG,8.37,14.9,1,875,34.9,3.17,,90.0,-2.34,-3.13,13.3,0.0,6.1,-0.89,ARMED,,15.7,1,
1791472004557,28.574727,77.307988,2.0,CNG,8.52,14.9,,840,34.9,0.87,,90.0,-2.34,-3.13,13.4,0.0,2.0,0.00,ARMED,,15.7,,
1791472006135,28.574727,77.307988,0.0,CNG,6.23,14.9,0,746,27.5,1.34,,90.0,7.03,-3.13,13.4,0.0,0.0,0.00,ARMED,,13.3,1,
1791472006962,28.574727,77.307988,0.0,CNG,,14.9,0,707,27.5,2.41,,90.0,7.03,-3.13,13.5,0.0,0.0,0.00,ARMED,,13.3,1,
1791472007788,28.574727,77.307988,0.0,CNG,,14.9,0,700,27.5,2.34,,90.0,7.03,-3.13,13.5,0.0,0.0,0.00,ARMED,,13.3,1,
1791472009451,28.574727,77.307988,0.0,CNG,,14.9,0,694,29.4,2.42,,90.0,-0.78,-1.56,13.5,0.0,0.0,0.00,ARMED,,13.3,1,
1791472010212,28.574727,77.307988,0.0,CNG,,14.9,0,695,29.4,2.32,,90.0,-0.78,-1.56,13.5,0.0,0.0,0.00,ARMED,,13.3,1,
1791472011049,28.574727,77.307988,0.0,CNG,,14.9,0,697,29.4,2.25,,90.0,-0.78,-1.56,13.5,0.0,0.0,0.00,ARMED,,13.3,1,
1791472012773,28.574727,77.307988,0.0,CNG,,16.5,0,697,29.4,1.43,,90.0,-1.56,-2.34,13.5,2.1,0.0,0.00,ARMED,,13.3,1,
1791472013558,28.574727,77.307988,0.0,CNG,,18.8,0,699,29.4,2.10,,90.0,-1.56,-2.34,13.4,5.4,0.0,0.00,ARMED,,13.3,1,
1791472014343,28.574727,77.307988,0.0,CNG,,18.8,0,812,29.4,2.13,,90.0,-1.56,-2.34,13.4,5.4,0.0,0.00,ARMED,,13.3,1,
1791472016112,28.574727,77.307988,0.0,CNG,,18.8,0,1084,61.6,3.01,,90.0,-0.78,-3.91,12.4,5.4,0.0,0.00,ARMED,,16.5,1,
1791472016879,28.574732,77.307986,4.0,CNG,,18.4,,602,61.6,3.35,,90.0,-0.78,-3.91,12.4,4.8,4.0,0.00,ARMED,,16.5,,
1791472017642,28.574742,77.307977,5.0,CNG,,18.4,1,727,61.6,3.84,,90.0,-0.78,-3.91,13.3,4.8,5.0,0.00,ARMED,,16.5,1,
1791472019482,28.574767,77.307961,6.0,CNG,5.23,14.9,1,845,42.7,3.34,,90.0,-3.91,-2.34,13.2,0.0,5.7,0.38,ARMED,,15.7,1,
1791472020300,28.574777,77.307954,5.0,CNG,5.93,14.9,,854,42.7,2.87,,90.0,-3.91,-2.34,13.4,0.0,5.0,0.00,ARMED,,15.7,,
1791472021105,28.574777,77.307954,4.0,CNG,5.72,14.9,,847,42.7,3.03,,90.0,-3.91,-2.34,13.4,0.0,4.0,0.00,ARMED,,15.7,,
1791472022757,28.574788,77.307946,2.0,CNG,4.01,14.9,,838,40.4,4.00,,90.0,0.78,-3.13,13.4,0.0,2.0,0.00,ARMED,,12.2,,
1791472023529,28.574790,77.307945,1.0,CNG,,14.9,,765,40.4,2.02,,90.0,0.78,-3.13,13.4,0.0,1.0,0.00,ARMED,,12.2,,
1791472024305,28.574790,77.307945,1.0,CNG,,19.2,,737,40.4,4.12,,90.0,0.78,-3.13,13.4,5.9,1.0,0.00,ARMED,,12.2,,
1791472025945,28.574795,77.307943,1.0,CNG,,19.2,,1124,54.9,2.65,,91.0,1.56,-3.91,13.4,5.9,1.0,0.00,ARMED,,16.5,,
1791472026690,28.574803,77.307936,5.0,CNG,,19.2,1,738,54.9,1.00,,91.0,1.56,-3.91,13.4,5.9,5.0,0.00,ARMED,,16.5,1,
1791472027457,28.574814,77.307929,5.0,CNG,5.97,19.2,,791,54.9,3.03,,91.0,1.56,-3.91,13.4,5.9,5.0,0.00,ARMED,,16.5,,
1791472029135,28.574824,77.307920,6.0,CNG,7.45,19.2,1,906,27.8,2.53,,91.0,-0.78,-3.13,13.1,5.9,6.0,0.00,ARMED,,14.5,1,
1791472029947,28.574839,77.307906,7.0,CNG,8.53,14.9,1,1053,27.8,2.87,,91.0,-0.78,-3.13,13.1,0.0,6.9,0.40,ARMED,,14.5,1,
1791472030718,28.574857,77.307898,7.0,CNG,11.23,14.9,1,985,27.8,1.58,,91.0,-0.78,-3.13,13.3,0.0,7.1,0.37,ARMED,,14.5,1,
1791472032377,28.574878,77.307883,6.0,CNG,11.91,14.9,1,790,25.5,1.87,,91.0,5.47,-2.34,13.3,0.0,6.2,-0.29,ARMED,,13.3,1,
1791472033159,28.574878,77.307883,2.0,CNG,10.06,14.9,,701,25.5,1.39,,91.0,5.47,-2.34,13.3,0.0,2.0,0.00,ARMED,,13.3,,
1791472033884,28.574878,77.307883,0.0,CNG,,14.9,0,690,25.5,1.31,,91.0,5.47,-2.34,13.3,0.0,0.0,0.00,ARMED,,13.3,1,
1791472035509,28.574878,77.307883,0.0,CNG,,14.9,0,699,29.4,1.99,,91.0,-3.13,-0.78,13.3,0.0,0.0,0.00,ARMED,,13.3,1,
1791472036324,28.574878,77.307883,0.0,CNG,,14.9,0,690,29.4,2.19,,91.0,-3.13,-0.78,13.3,0.0,0.0,0.00,ARMED,,13.3,1,
1791472037134,28.574878,77.307883,0.0,CNG,,16.5,0,762,29.4,2.94,,91.0,-3.13,-0.78,13.1,2.1,0.0,0.00,ARMED,,13.3,1,
1791472038786,28.574878,77.307883,0.0,CNG,,16.9,0,823,47.8,4.38,,91.0,-2.34,-0.78,13.1,2.7,0.0,0.00,ARMED,,16.5,1,
1791472039558,28.574887,77.307876,1.0,CNG,,18.8,,857,47.8,5.02,,91.0,-2.34,-0.78,13.3,5.4,1.0,0.00,ARMED,,16.5,,
1791472040310,28.574891,77.307872,2.0,CNG,,14.9,,824,47.8,3.31,,91.0,-2.34,-0.78,13.3,0.0,2.0,0.00,ARMED,,16.5,,
1791472041984,28.574895,77.307868,2.0,CNG,,19.2,,837,48.6,3.82,,91.0,-1.56,-3.91,13.5,5.9,2.0,0.00,ARMED,,15.7,,
1791472042736,28.574900,77.307864,3.0,CNG,,14.9,,849,48.6,3.39,,91.0,-1.56,-3.91,13.5,0.0,3.0,0.00,ARMED,,15.7,,
1791472043487,28.574905,77.307860,2.0,CNG,,14.9,,848,48.6,3.27,,91.0,-1.56,-3.91,13.4,0.0,2.0,0.00,ARMED,,15.7,,
1791472045189,28.574909,77.307857,2.0,CNG,,14.9,,840,24.7,2.08,,91.0,-5.47,-0.78,13.4,0.0,2.0,0.00,ARMED,,12.9,,
1791472046000,28.574913,77.307854,2.0,CNG,,14.9,,728,24.7,1.61,,91.0,-5.47,-0.78,13.2,0.0,2.0,0.00,ARMED,,12.9,,
1791472046850,28.574917,77.307851,1.0,CNG,,14.9,,713,24.7,1.23,,91.0,-5.47,-0.78,13.2,0.0,1.0,0.00,ARMED,,12.9,,
1791472048514,28.574922,77.307847,1.0,CNG,,14.9,,703,28.6,2.40,,91.0,-1.56,-0.78,13.5,0.0,1.0,0.00,ARMED,,13.3,,
1791472049269,28.574922,77.307847,1.0,CNG,,14.9,,692,28.6,5.30,,91.0,-1.56,-0.78,13.5,0.0,1.0,0.00,ARMED,,13.3,,
1791472050056,28.574922,77.307848,1.0,CNG,,14.9,,809,28.6,2.89,,91.0,-1.56,-0.78,13.4,0.0,1.0,0.00,ARMED,,13.3,,
1791472051878,28.574922,77.307848,0.0,CNG,,14.9,0,763,27.8,1.19,,91.0,-3.13,-0.78,13.4,0.0,0.0,0.00,ARMED,,16.9,1,
1791472052619,28.574922,77.307848,1.0,CNG,,14.9,,768,27.8,3.66,,91.0,-3.13,-0.78,13.3,0.0,1.0,0.00,ARMED,,16.9,,
1791472053435,28.574932,77.307840,3.0,CNG,,14.9,,783,27.8,2.65,,91.0,-3.13,-0.78,13.3,0.0,3.0,0.00,ARMED,,16.9,,
1791472055041,28.574941,77.307831,5.0,CNG,7.33,14.9,1,759,45.1,0.00,,91.0,-3.13,-0.78,13.1,0.0,5.0,0.00,ARMED,,15.3,1,
1791472055790,28.574953,77.307822,5.0,CNG,7.67,15.3,,815,45.1,2.55,,91.0,-3.13,-0.78,13.1,0.5,5.0,0.00,ARMED,,15.3,,
1791472056571,28.574965,77.307814,5.0,CNG,5.22,15.3,1,723,45.1,5.34,,91.0,-3.13,-0.78,12.8,0.5,5.0,0.00,ARMED,,15.3,1,
1791472058223,28.574979,77.307805,7.0,CNG,6.43,14.9,,727,75.7,3.51,,91.0,-0.78,-0.78,12.8,0.0,7.0,0.00,ARMED,,19.2,,
1791472059037,28.574997,77.307791,10.0,CNG,8.44,14.9,2,738,75.7,3.62,,91.0,-0.78,-0.78,13.0,0.0,10.0,0.00,ARMED,,19.2,2,
1791472059796,28.575018,77.307774,11.0,CNG,10.82,14.9,2,797,75.7,3.00,,91.0,-0.78,-0.78,13.0,0.0,10.6,0.36,ARMED,,19.2,2,
1791472061522,28.575064,77.307740,11.0,CNG,12.44,14.9,2,818,44.7,2.97,,91.0,-3.13,-0.78,13.4,0.0,11.0,0.38,ARMED,,15.7,2,
1791472062267,28.575064,77.307740,11.0,CNG,16.95,14.9,2,772,44.7,1.39,,91.0,-3.13,-0.78,13.4,0.0,11.1,0.13,ARMED,,15.7,2,
1791472063034,28.575087,77.307724,10.0,CNG,20.98,14.9,2,764,44.7,1.24,,91.0,-3.13,-0.78,13.3,0.0,11.0,0.08,ARMED,,15.7,2,
1791472064686,28.575120,77.307697,8.0,CNG,18.30,14.9,,664,26.3,2.22,,91.0,1.56,-0.78,13.3,0.0,8.0,0.00,ARMED,,12.5,,
1791472065478,28.575126,77.307693,3.0,CNG,13.22,14.9,,677,26.3,2.12,,91.0,1.56,-0.78,13.4,0.0,3.0,0.00,ARMED,,12.5,,
1791472066273,28.575126,77.307693,1.0,CNG,8.20,14.9,,691,26.3,2.42,,91.0,1.56,-0.78,13.4,0.0,1.0,0.00,ARMED,,12.5,,
1791472067941,28.575132,77.307688,1.0,CNG,4.56,14.9,,762,42.7,3.56,,91.0,-6.25,-0.78,13.6,0.0,1.0,0.00,ARMED,,15.3,,
1791472068719,28.575137,77.307682,3.0,CNG,4.22,14.9,,797,42.7,3.24,,91.0,-6.25,-0.78,13.6,0.0,3.0,0.00,ARMED,,15.3,,
1791472069558,28.575145,77.307675,4.0,CNG,4.98,14.9,,834,42.7,2.61,,91.0,-6.25,-0.78,13.1,0.0,4.0,0.00,ARMED,,15.3,,
1791472071224,28.575153,77.307670,4.0,CNG,4.97,14.9,,702,26.7,3.29,,91.0,0.00,-0.78,13.1,0.0,4.0,0.00,ARMED,,12.9,,
1791472071992,28.575163,77.307663,4.0,CNG,5.78,14.9,,706,26.7,2.20,,91.0,0.00,-0.78,13.4,0.0,4.0,0.00,ARMED,,12.9,,
1791472072785,28.575172,77.307657,5.0,CNG,10.25,14.9,,639,26.7,0.24,,91.0,0.00,-0.78,13.4,0.0,5.0,0.00,ARMED,,12.9,,
1791472074447,28.575191,77.307642,5.0,CNG,10.61,14.9,,686,51.8,1.84,,91.0,1.56,-0.78,12.9,0.0,5.0,0.00,ARMED,,14.9,,
1791472075193,28.575191,77.307642,6.0,CNG,9.41,14.9,1,800,51.8,2.94,,91.0,1.56,-0.78,12.9,0.0,6.0,0.00,ARMED,,14.9,1,
1791472075940,28.575201,77.307634,6.0,CNG,8.81,14.9,1,825,51.8,3.01,,91.0,1.56,-0.78,13.3,0.0,6.0,0.00,ARMED,,14.9,1,
1791472077574,28.575209,77.307628,3.0,CNG,6.12,14.9,,831,45.1,3.68,,91.0,-1.56,-0.78,13.3,0.0,3.0,0.00,ARMED,,15.7,,
1791472078373,28.575209,77.307628,0.0,CNG,,14.9,0,846,45.1,3.71,,91.0,-1.56,-0.78,13.3,0.0,0.0,0.00,ARMED,,15.7,1,
1791472079096,28.575209,77.307628,0.0,CNG,,14.9,0,774,45.1,5.74,,91.0,-1.56,-0.78,13.3,0.0,0.0,0.00,ARMED,,15.7,1,
1791472080689,28.575224,77.307612,3.0,CNG,,14.9,,809,51.8,4.43,,91.0,1.56,-0.78,13.4,0.0,3.0,0.00,ARMED,,14.9,,
1791472081450,28.575235,77.307603,5.0,CNG,4.29,14.9,,838,51.8,1.36,,91.0,1.56,-0.78,13.4,0.0,5.0,0.00,ARMED,,14.9,,
1791472082274,28.575235,77.307603,5.0,CNG,6.00,14.9,,780,51.8,2.06,,91.0,1.56,-0.78,13.4,0.0,5.0,0.00,ARMED,,14.9,,
1791472084079,28.575249,77.307594,2.0,CNG,5.86,14.9,,743,36.9,1.50,,91.0,8.59,-0.78,13.4,0.0,2.0,0.00,ARMED,,14.9,,
1791472084852,28.575253,77.307591,2.0,CNG,,14.9,,781,36.9,2.70,,91.0,8.59,-0.78,13.4,0.0,2.0,0.00,ARMED,,14.9,,
1791472085612,28.575260,77.307586,4.0,CNG,4.90,14.9,,791,36.9,3.11,,91.0,8.59,-0.78,13.4,0.0,4.0,0.00,ARMED,,14.9,,
1791472087265,28.575267,77.307581,4.0,CNG,5.71,14.9,,842,26.7,2.29,,91.0,1.56,-1.56,13.4,0.0,4.0,0.00,ARMED,,13.3,,
1791472088021,28.575270,77.307577,1.0,CNG,,14.9,,719,26.7,1.48,,91.0,1.56,-1.56,13.4,0.0,1.0,0.00,ARMED,,13.3,,
1791472088812,28.575272,77.307576,1.0,CNG,,14.9,,795,26.7,3.27,,91.0,1.56,-1.56,13.5,0.0,1.0,0.00,ARMED,,13.3,,
1791472090427,28.575281,77.307570,2.0,CNG,,14.9,,803,40.8,3.15,,91.0,-3.13,-1.56,13.5,0.0,2.0,0.00,ARMED,,15.3,,
1791472091236,28.575281,77.307570,2.0,CNG,,14.9,,801,40.8,4.80,,91.0,-3.13,-1.56,13.1,0.0,2.0,0.00,ARMED,,15.3,,
1791472092009,28.575289,77.307567,5.0,CNG,3.27,14.9,1,745,40.8,4.54,,91.0,-3.13,-1.56,13.1,0.0,5.0,0.00,ARMED,,15.3,1,
1791472093712,28.575313,77.307553,6.0,CNG,5.09,14.9,1,825,47.8,2.69,,91.0,-3.91,-1.56,13.3,0.0,5.6,0.35,ARMED,,15.7,1,
1791472094515,28.575325,77.307545,6.0,CNG,6.48,14.9,1,834,47.8,2.67,,91.0,-3.91,-1.56,13.3,0.0,6.0,0.31,ARMED,,15.7,1,
1791472095361,28.575337,77.307537,6.0,CNG,6.50,14.9,1,832,47.8,3.75,,91.0,-3.91,-1.56,13.4,0.0,6.1,0.25,ARMED,,15.7,1,
1791472096950,28.575350,77.307529,6.0,CNG,7.25,14.9,1,842,43.1,2.86,,91.0,0.00,-1.56,13.4,0.0,6.1,0.21,ARMED,,15.7,1,
1791472097691,28.575356,77.307526,1.0,CNG,5.96,14.9,,841,43.1,1.72,,91.0,0.00,-1.56,13.3,0.0,1.0,0.00,ARMED,,15.7,,
1791472098443,28.575360,77.307523,2.0,CNG,4.84,14.9,,807,43.1,2.59,,91.0,0.00,-1.56,13.3,0.0,2.0,0.00,ARMED,,15.7,,
1791472100082,28.575364,77.307519,2.0,CNG,,14.9,,843,27.1,2.90,,91.0,3.91,-1.56,13.3,0.0,2.0,0.00,ARMED,,13.3,,
1791472100837,28.575368,77.307516,1.0,CNG,,14.9,,781,27.1,1.62,,91.0,3.91,-1.56,13.3,0.0,1.0,0.00,ARMED,,13.3,,
1791472101641,28.575368,77.307517,0.0,CNG,,14.9,0,718,27.1,2.32,,91.0,3.91,-1.56,13.2,0.0,0.0,0.00,ARMED,,13.3,1,
1791472103244,28.575368,77.307517,0.0,CNG,,14.9,0,708,29.0,2.29,,91.0,-1.56,0.78,13.2,0.0,0.0,0.00,ARMED,,13.3,1,
1791472104059,28.575368,77.307517,0.0,CNG,,14.9,0,698,29.0,1.90,,91.0,-1.56,0.78,13.5,0.0,0.0,0.00,ARMED,,13.3,1,
1791472104857,28.575368,77.307517,0.0,CNG,,14.9,0,693,29.0,2.40,,91.0,-1.56,0.78,13.5,0.0,0.0,0.00,ARMED,,13.3,1,
1791472106595,28.575368,77.307517,0.0,CNG,,14.9,0,692,29.4,1.90,,91.0,-5.47,0.00,13.4,0.0,0.0,0.00,ARMED,,13.3,1,
1791472107348,28.575368,77.307517,0.0,CNG,,16.1,0,694,29.4,2.36,,91.0,-5.47,0.00,13.4,1.6,0.0,0.00,ARMED,,13.3,1,
1791472108110,28.575368,77.307517,0.0,CNG,,14.9,0,695,29.4,1.46,,91.0,-5.47,0.00,13.5,0.0,0.0,0.00,ARMED,,13.3,1,
1791472109747,28.575368,77.307517,0.0,CNG,,18.0,0,706,36.9,2.16,,91.0,-1.56,-3.91,13.5,4.3,0.0,0.00,ARMED,,14.5,1,
1791472110524,28.575368,77.307517,0.0,CNG,,18.0,0,901,36.9,3.49,,91.0,-1.56,-3.91,12.8,4.3,0.0,0.00,ARMED,,14.5,1,
1791472111274,28.575368,77.307517,0.0,CNG,,18.0,0,956,36.9,3.23,,91.0,-1.56,-3.91,12.8,4.3,0.0,0.00,ARMED,,14.5,1,
1791472113001,28.575368,77.307517,0.0,CNG,,18.0,0,1041,35.7,3.15,,91.0,0.78,-3.91,13.3,4.3,0.0,0.00,ARMED,,16.5,1,
1791472113809,28.575368,77.307517,0.0,CNG,,18.0,0,1159,35.7,4.21,,91.0,0.78,-3.91,13.3,4.3,0.0,0.00,ARMED,,16.5,1,
1791472114586,28.575368,77.307517,0.0,CNG,,18.0,0,992,35.7,3.79,,91.0,0.78,-3.91,12.6,4.3,0.0,0.00,ARMED,,16.5,1,
1791472116343,28.575386,77.307515,2.0,CNG,,18.0,,664,67.1,4.20,,91.0,3.13,-2.34,13.4,4.3,2.0,0.00,ARMED,,12.5,,
1791472117099,28.575386,77.307515,4.0,CNG,,14.9,,765,67.1,2.35,,91.0,3.13,-2.34,13.4,0.0,4.0,0.00,ARMED,,12.5,,
1791472117880,28.575394,77.307508,4.0,CNG,,14.9,,730,67.1,1.17,,90.0,3.13,-2.34,13.4,0.0,4.0,0.00,ARMED,,12.5,,
1791472119589,28.575409,77.307498,4.0,CNG,6.23,14.9,,722,25.5,1.81,,90.0,3.91,-1.56,13.4,0.0,4.0,0.00,ARMED,,13.3,,
1791472120404,28.575415,77.307494,2.0,CNG,,14.9,,708,25.5,2.45,,91.0,3.91,-1.56,13.4,0.0,2.0,0.00,ARMED,,13.3,,
1791472121168,28.575415,77.307494,1.0,CNG,,14.9,,703,25.5,2.23,,91.0,3.91,-1.56,13.5,0.0,1.0,0.00,ARMED,,13.3,,
1791472122786,28.575414,77.307494,1.0,CNG,,17.6,,693,38.0,2.45,,91.0,0.00,-3.13,13.5,3.7,1.0,0.00,ARMED,,16.1,,
1791472123539,28.575420,77.307490,2.0,CNG,,14.9,,791,38.0,3.40,,91.0,0.00,-3.13,13.2,0.0,2.0,0.00,ARMED,,16.1,,
1791472124293,28.575424,77.307487,2.0,CNG,,15.3,,831,38.0,1.99,,91.0,0.00,-3.13,13.2,0.5,2.0,0.00,ARMED,,16.1,,
1791472125974,28.575428,77.307484,2.0,CNG,,14.9,,846,37.6,2.79,,91.0,-0.78,-1.56,13.3,0.0,2.0,0.00,ARMED,,14.9,,
1791472126733,28.575432,77.307482,1.0,CNG,,14.9,,788,37.6,3.14,,91.0,-0.78,-1.56,13.3,0.0,1.0,0.00,ARMED,,14.9,,
1791472127507,28.575435,77.307480,1.0,CNG,,17.6,,809,37.6,5.61,,91.0,-0.78,-1.56,13.1,3.7,1.0,0.00,ARMED,,14.9,,
1791472129145,28.575438,77.307478,2.0,CNG,,14.9,,827,46.3,3.18,,91.0,-2.34,-1.56,13.1,0.0,2.0,0.00,ARMED,,16.1,,
1791472129997,28.575440,77.307477,1.0,CNG,,14.9,,836,46.3,3.78,,91.0,-2.34,-1.56,13.3,0.0,1.0,0.00,ARMED,,16.1,,
1791472130787,28.575444,77.307475,2.0,CNG,,18.0,,850,46.3,3.97,,91.0,-2.34,-1.56,13.3,4.3,2.0,0.00,ARMED,,16.1,,
1791472132468,28.575451,77.307470,1.0,CNG,,14.9,,826,42.7,3.37,,91.0,-1.56,-1.56,13.4,0.0,1.0,0.00,ARMED,,16.1,,
1791472133245,28.575451,77.307470,1.0,CNG,,17.6,,842,42.7,0.00,,91.0,-1.56,-1.56,13.4,3.7,1.0,0.00,ARMED,,16.1,,
1791472134020,28.575451,77.307469,1.0,CNG,,14.9,,831,42.7,2.27,,91.0,-1.56,-1.56,13.4,0.0,1.0,0.00,ARMED,,16.1,,
1791472135619,28.575457,77.307465,2.0,CNG,,14.9,,821,26.7,2.44,,91.0,0.00,-1.56,13.4,0.0,2.0,0.00,ARMED,,13.3,,
1791472136457,28.575459,77.307463,1.0,CNG,,14.9,,751,26.7,2.16,,91.0,0.00,-1.56,13.5,0.0,1.0,0.00,ARMED,,13.3,,
1791472137206,28.575459,77.307463,1.0,CNG,,20.0,,722,26.7,1.29,,91.0,0.00,-1.56,13.5,7.0,1.0,0.00,ARMED,,13.3,,
1791472138895,28.575464,77.307460,1.0,CNG,,14.9,,796,32.5,2.64,,91.0,-8.59,-1.56,13.5,0.0,1.0,0.00,ARMED,,14.5,,
1791472139667,28.575469,77.307458,2.0,CNG,,14.9,,811,32.5,2.97,,91.0,-8.59,-1.56,13.5,0.0,2.0,0.00,ARMED,,14.5,,
1791472140499,28.575475,77.307453,3.0,CNG,,18.0,,851,32.5,1.87,,91.0,-8.59,-1.56,13.1,4.3,3.0,0.00,ARMED,,14.5,,
1791472142174,28.575484,77.307447,3.0,CNG,,14.9,,673,30.2,1.41,,91.0,0.78,-1.56,13.1,0.0,3.0,0.00,ARMED,,12.5,,
1791472142938,28.575492,77.307439,5.0,CNG,8.03,14.9,1,703,30.2,1.55,,91.0,0.78,-1.56,13.5,0.0,5.0,0.00,ARMED,,12.5,1,
1791472143733,28.575500,77.307431,4.0,CNG,5.69,14.9,,719,30.2,3.96,,91.0,0.78,-1.56,13.5,0.0,4.0,0.00,ARMED,,12.5,,
1791472145400,28.575509,77.307422,2.0,CNG,4.48,14.9,,762,42.7,2.89,,91.0,-3.13,-3.13,13.4,0.0,2.0,0.00,ARMED,,16.1,,
1791472146154,28.575509,77.307422,1.0,CNG,,14.9,,830,42.7,3.09,,91.0,-3.13,-3.13,13.4,0.0,1.0,0.00,ARMED,,16.1,,
1791472146962,28.575509,77.307422,0.0,CNG,,14.9,0,836,42.7,4.02,,91.0,-3.13,-3.13,12.9,0.0,0.0,0.00,ARMED,,16.1,1,
1791472148776,28.575513,77.307420,0.0,CNG,,14.9,0,842,59.2,4.08,,91.0,4.69,-1.56,13.1,0.0,0.0,0.00,ARMED,,16.5,1,
1791472149577,28.575519,77.307415,3.0,CNG,,14.9,,828,59.2,4.90,,91.0,4.69,-1.56,13.3,0.0,3.0,0.00,ARMED,,16.5,,
1791472150326,28.575526,77.307408,4.0,CNG,,14.9,,835,59.2,2.83,,91.0,4.69,-1.56,13.3,0.0,4.0,0.00,ARMED,,16.5,,
1791472152024,28.575536,77.307401,4.0,CNG,3.54,17.3,,838,26.3,3.71,,91.0,-3.91,-1.56,13.4,3.2,4.0,0.00,ARMED,,12.9,,
1791472152806,28.575548,77.307392,5.0,CNG,5.81,14.9,1,749,26.3,1.38,,91.0,-3.91,-1.56,13.4,0.0,5.0,0.00,ARMED,,12.9,1,
1791472153589,28.575559,77.307382,5.0,CNG,8.40,14.9,1,734,26.3,1.16,,91.0,-3.91,-1.56,13.4,0.0,5.0,0.00,ARMED,,12.9,1,
1791472155261,28.575568,77.307375,5.0,CNG,10.80,14.9,1,705,25.5,1.19,,91.0,3.91,-1.56,13.4,0.0,5.0,0.00,ARMED,,12.9,1,
1791472156029,28.575575,77.307370,3.0,CNG,8.14,14.9,,718,25.5,2.36,,91.0,3.91,-1.56,13.5,0.0,3.0,0.00,ARMED,,12.9,,
1791472156799,28.575579,77.307368,2.0,CNG,5.99,14.9,,704,25.5,2.44,,91.0,3.91,-1.56,13.5,0.0,2.0,0.00,ARMED,,12.9,,
1791472158448,28.575579,77.307368,1.0,CNG,,14.9,,689,29.8,1.70,,91.0,-3.13,0.00,13.4,0.0,1.0,0.00,ARMED,,13.3,,
1791472159186,28.575579,77.307368,0.0,CNG,,14.9,0,691,29.8,1.45,,91.0,-3.13,0.00,13.4,0.0,0.0,0.00,ARMED,,13.3,1,
1791472159965,28.575579,77.307368,0.0,CNG,,14.9,0,693,29.8,2.52,,91.0,-3.13,0.00,13.5,0.0,0.0,0.00,ARMED,,13.3,1,
1791472161610,28.575585,77.307362,0.0,CNG,,16.9,0,788,54.1,4.27,,91.0,-3.91,-0.78,13.5,2.7,0.0,0.00,ARMED,,15.7,1,
1791472162387,28.575587,77.307360,1.0,CNG,,14.9,,840,54.1,3.08,,91.0,-3.91,-0.78,13.4,0.0,1.0,0.00,ARMED,,15.7,,
1791472163155,28.575587,77.307360,1.0,CNG,,20.8,,844,54.1,3.92,,91.0,-3.91,-0.78,13.4,8.0,1.0,0.00,ARMED,,15.7,,
1791472164806,28.575593,77.307352,2.0,CNG,,14.9,,901,49.4,2.91,,91.0,-3.13,-0.78,13.4,0.0,2.0,0.00,ARMED,,15.7,,
1791472165555,28.575599,77.307343,3.0,CNG,,14.9,,846,49.4,3.87,,91.0,-3.13,-0.78,13.4,0.0,3.0,0.00,ARMED,,15.7,,
1791472166349,28.575607,77.307336,4.0,CNG,,14.9,,777,49.4,4.77,,91.0,-3.13,-0.78,13.0,0.0,4.0,0.00,ARMED,,15.7,,
1791472168039,28.575617,77.307325,6.0,CNG,6.07,14.9,1,798,22.7,0.88,,91.0,-8.59,-0.78,13.0,0.0,6.0,0.00,ARMED,,12.9,1,
1791472168868,28.575628,77.307315,5.0,CNG,8.26,14.9,1,759,22.7,1.38,,91.0,-8.59,-0.78,13.3,0.0,5.1,-0.41,ARMED,,12.9,1,
1791472169637,28.575637,77.307304,5.0,CNG,8.61,14.9,1,759,22.7,2.24,,91.0,-8.59,-0.78,13.3,0.0,4.9,-0.37,ARMED,,12.9,1,
1791472171277,28.575647,77.307294,5.0,CNG,10.19,14.9,1,745,24.3,1.49,,91.0,-0.78,-0.78,13.6,0.0,4.8,-0.33,ARMED,,12.9,1,
1791472172058,28.575657,77.307286,5.0,CNG,11.91,14.9,1,730,24.3,1.30,,91.0,-0.78,-0.78,13.6,0.0,4.7,-0.10,ARMED,,12.9,1,
1791472172819,28.575666,77.307279,5.0,CNG,14.06,16.1,1,725,24.3,1.07,,91.0,-0.78,-0.78,13.4,1.6,4.7,-0.08,ARMED,,12.9,1,
1791472174590,28.575689,77.307262,5.0,CNG,15.88,16.9,1,718,25.5,1.04,,91.0,-3.13,-0.78,13.4,2.7,4.7,-0.06,ARMED,,12.9,1,
1791472175443,28.575700,77.307254,5.0,CNG,12.95,17.6,1,709,25.5,2.01,,91.0,-3.13,-0.78,13.4,3.7,4.7,-0.04,ARMED,,12.9,1,
1791472176219,28.575700,77.307254,5.0,CNG,12.66,17.6,1,708,25.5,1.67,,91.0,-3.13,-0.78,13.4,3.7,4.7,-0.03,ARMED,,12.9,1,
1791472177876,28.575722,77.307241,5.0,CNG,11.93,17.6,1,706,30.6,1.86,,91.0,0.00,-3.91,13.4,3.7,4.7,-0.02,ARMED,,14.5,1,
1791472178689,28.575732,77.307233,5.0,CNG,11.13,17.6,1,722,30.6,2.02,,90.0,0.00,-3.91,13.4,3.7,4.8,0.02,ARMED,,14.5,1,
1791472179457,28.575743,77.307226,5.0,CNG,8.49,17.6,1,737,30.6,3.26,,90.0,0.00,-3.91,13.4,3.7,4.9,0.04,ARMED,,14.5,1,
1791472181272,28.575755,77.307218,5.0,CNG,7.46,17.6,1,738,41.6,3.24,,90.0,0.78,-3.91,13.4,3.7,5.0,0.04,ARMED,,15.3,1,
1791472182038,28.575768,77.307210,6.0,CNG,7.40,17.6,1,839,41.6,3.35,,90.0,0.78,-3.91,13.2,3.7,5.7,0.33,ARMED,,15.3,1,
1791472182763,28.575781,77.307201,6.0,CNG,7.22,17.6,1,880,41.6,3.51,,90.0,0.78,-3.91,13.2,3.7,6.0,0.35,ARMED,,15.3,1,
1791472184408,28.575808,77.307180,6.0,CNG,8.03,17.6,1,899,36.9,2.57,,90.0,1.56,-3.91,13.5,3.7,6.2,0.34,ARMED,,15.3,1,
1791472185196,28.575808,77.307180,7.0,CNG,9.04,17.6,1,940,36.9,2.67,,90.0,1.56,-3.91,13.5,3.7,6.6,0.29,ARMED,,15.3,1,
1791472185972,28.575821,77.307170,7.0,CNG,11.76,17.6,1,953,36.9,1.45,,90.0,1.56,-3.91,13.5,3.7,6.7,0.27,ARMED,,15.3,1,
1791472187629,28.575852,77.307150,7.0,CNG,11.61,18.0,1,935,23.9,2.51,,90.0,3.13,-3.91,13.5,4.3,6.7,0.20,ARMED,,13.3,1,
1791472188430,28.575863,77.307141,7.0,CNG,11.52,18.4,1,943,23.9,2.51,,90.0,3.13,-3.91,13.4,4.8,6.7,0.12,ARMED,,13.3,1,
1791472189177,28.575863,77.307141,7.0,CNG,12.14,18.4,1,967,23.9,2.17,,90.0,3.13,-3.91,13.4,4.8,6.8,0.13,ARMED,,13.3,1,
1791472190892,28.575893,77.307122,7.0,CNG,14.23,18.4,1,964,23.5,1.50,,90.0,0.00,-3.91,13.2,4.8,6.9,0.11,ARMED,,13.3,1,
1791472191691,28.575908,77.307112,7.0,CNG,13.53,18.4,1,977,23.5,2.27,,90.0,0.00,-3.91,13.2,4.8,6.9,0.09,ARMED,,13.3,1,
1791472192510,28.575923,77.307101,7.0,CNG,12.28,18.4,1,986,23.5,2.65,,90.0,0.00,-3.91,13.4,4.8,7.0,0.08,ARMED,,13.3,1,
1791472194148,28.575938,77.307090,7.0,CNG,11.81,18.4,1,992,30.6,2.56,,89.0,0.00,-3.91,13.4,4.8,7.0,0.08,ARMED,,15.3,1,
1791472195016,28.575951,77.307081,7.0,CNG,9.78,18.4,1,997,30.6,3.68,,89.0,0.00,-3.91,13.1,4.8,7.1,0.06,ARMED,,15.3,1,
1791472195768,28.575966,77.307072,7.0,CNG,8.74,19.2,1,996,30.6,3.79,,89.0,0.00,-3.91,13.1,5.9,7.1,0.04,ARMED,,15.3,1,
1791472197461,28.575994,77.307051,7.0,CNG,7.39,14.9,1,1006,43.9,4.77,,89.0,-3.13,-2.34,12.8,0.0,7.1,0.04,ARMED,,16.1,1,
1791472198273,28.575994,77.307051,7.0,CNG,9.67,18.4,,520,43.9,1.59,,89.0,-3.13,-2.34,12.8,4.8,7.0,0.00,ARMED,,16.1,,
1791472199109,28.576009,77.307037,8.0,CNG,15.76,16.1,,608,43.9,0.36,,89.0,-3.13,-2.34,13.0,1.6,8.0,0.00,ARMED,,16.1,,
1791472200798,28.576039,77.307014,9.0,CNG,14.07,14.9,,645,35.3,2.96,,89.0,-3.91,-1.56,13.0,0.0,9.0,0.00,ARMED,,14.9,,
1791472201609,28.576046,77.307008,2.0,CNG,7.29,14.9,,829,35.3,4.38,,89.0,-3.91,-1.56,13.1,0.0,2.0,0.00,ARMED,,14.9,,
1791472202373,28.576046,77.307008,1.0,CNG,5.06,14.9,,827,35.3,2.89,,89.0,-3.91,-1.56,13.1,0.0,1.0,0.00,ARMED,,14.9,,
1791472204047,28.576046,77.307008,0.0,CNG,,14.9,0,841,52.2,3.11,,89.0,-0.78,-1.56,13.4,0.0,0.0,0.00,ARMED,,16.1,1,
1791472204801,28.576046,77.307008,0.0,CNG,,14.9,0,1033,52.2,1.52,,89.0,-0.78,-1.56,13.4,0.0,0.0,0.00,ARMED,,16.1,1,
1791472205646,28.576046,77.307008,0.0,CNG,,14.9,0,833,52.2,1.45,,89.0,-0.78,-1.56,13.3,0.0,0.0,0.00,ARMED,,16.1,1,
1791472207268,28.576046,77.307008,0.0,CNG,,17.6,0,720,43.9,3.39,,89.0,1.56,-1.56,13.3,3.7,0.0,0.00,ARMED,,14.9,1,
1791472208046,28.576052,77.307004,2.0,CNG,,16.5,,800,43.9,3.11,,89.0,1.56,-1.56,13.3,2.1,2.0,0.00,ARMED,,14.9,,
1791472208846,28.576059,77.306999,5.0,CNG,,14.9,,785,43.9,2.37,,89.0,1.56,-1.56,13.3,0.0,5.0,0.00,ARMED,,14.9,,
1791472210517,28.576080,77.306982,5.0,CNG,5.88,17.3,1,754,26.7,2.31,,89.0,-1.56,-3.91,13.4,3.2,5.0,0.00,ARMED,,13.3,1,
1791472211285,28.576092,77.306975,5.0,CNG,7.72,18.4,1,753,26.7,1.75,,90.0,-1.56,-3.91,13.4,4.8,5.0,0.00,ARMED,,13.3,1,
1791472212067,28.576092,77.306975,6.0,CNG,10.66,18.0,1,811,26.7,1.39,,90.0,-1.56,-3.91,13.5,4.3,5.6,0.36,ARMED,,13.3,1,
1791472213867,28.576114,77.306957,6.0,CNG,10.73,18.0,1,835,23.1,2.27,,90.0,1.56,-3.91,13.4,4.3,6.1,0.41,ARMED,,13.3,1,
1791472214614,28.576125,77.306948,6.0,CNG,13.73,14.9,1,831,23.1,1.12,,90.0,1.56,-3.91,13.5,0.0,6.2,0.14,ARMED,,13.3,1,
1791472215362,28.576136,77.306937,5.0,CNG,7.45,14.9,,787,23.1,4.85,,90.0,1.56,-3.91,13.5,0.0,5.0,0.00,ARMED,,13.3,,
1791472217034,28.576143,77.306933,4.0,CNG,6.71,14.9,,792,45.9,2.92,,90.0,-3.13,-1.56,13.3,0.0,4.0,0.00,ARMED,,16.1,,
1791472217800,28.576145,77.306932,0.0,CNG,,18.0,0,832,45.9,3.16,,90.0,-3.13,-1.56,13.3,4.3,0.0,0.00,ARMED,,16.1,1,
1791472218574,28.576145,77.306932,0.0,CNG,,14.9,0,829,45.9,3.69,,90.0,-3.13,-1.56,13.3,0.0,0.0,0.00,ARMED,,16.1,1,
1791472220243,28.576145,77.306932,0.0,CNG,,14.9,0,852,47.1,3.98,,90.0,-0.78,-1.56,13.3,0.0,0.0,0.00,ARMED,,16.1,1,
1791472221021,28.576145,77.306932,0.0,CNG,,14.9,0,856,47.1,3.26,,90.0,-0.78,-1.56,13.4,0.0,0.0,0.00,ARMED,,16.1,1,
1791472221788,28.576145,77.306932,0.0,CNG,,18.8,0,849,47.1,2.87,,90.0,-0.78,-1.56,13.4,5.4,0.0,0.00,ARMED,,16.1,1,
1791472223469,28.576145,77.306932,0.0,CNG,,14.9,0,869,28.6,2.90,,90.0,-0.78,-1.56,13.5,0.0,0.0,0.00,ARMED,,13.3,1,
1791472224244,28.576145,77.306932,0.0,CNG,,16.5,0,737,28.6,1.89,,90.0,-0.78,-1.56,13.5,2.1,0.0,0.00,ARMED,,13.3,1,
1791472225003,28.576145,77.306932,0.0,CNG,,14.9,0,884,28.6,3.23,,90.0,-0.78,-1.56,13.3,0.0,0.0,0.00,ARMED,,13.3,1,
1791472226706,28.576145,77.306932,1.0,CNG,,14.9,,970,29.0,2.41,,90.0,1.56,-1.56,13.3,0.0,1.0,0.00,ARMED,,17.6,,
1791472227505,28.576151,77.306929,0.0,CNG,,14.9,0,1045,29.0,1.87,,90.0,1.56,-1.56,13.0,0.0,0.0,0.00,ARMED,,17.6,1,
1791472228257,28.576151,77.306929,2.0,CNG,,14.9,,844,29.0,2.40,,90.0,1.56,-1.56,13.0,0.0,2.0,0.00,ARMED,,17.6,,
1791472229912,28.576162,77.306922,3.0,CNG,,14.9,,632,37.3,3.09,,90.0,0.78,-1.56,13.2,0.0,3.0,0.00,ARMED,,16.1,,
1791472230732,28.576171,77.306915,5.0,CNG,3.35,17.3,1,710,37.3,5.37,,90.0,0.78,-1.56,13.2,3.2,5.0,0.00,ARMED,,16.1,1,
1791472231491,28.576181,77.306906,6.0,CNG,4.64,17.3,1,767,37.3,3.72,,90.0,0.78,-1.56,13.4,3.2,5.6,0.36,ARMED,,16.1,1,
1791472233248,28.576192,77.306895,6.0,CNG,5.47,16.9,1,804,43.1,3.63,,90.0,-2.34,-1.56,13.4,2.7,6.0,0.37,ARMED,,15.7,1,
1791472234029,28.576205,77.306887,6.0,CNG,5.98,16.9,1,837,43.1,3.63,,90.0,-2.34,-1.56,13.3,2.7,6.1,0.13,ARMED,,15.7,1,
1791472234820,28.576216,77.306875,6.0,CNG,6.47,16.9,1,839,43.1,3.37,,90.0,-2.34,-1.56,13.3,2.7,6.1,0.10,ARMED,,15.7,1,
1791472236454,28.576240,77.306856,6.0,CNG,7.42,16.9,1,844,42.4,2.62,,90.0,-0.78,-1.56,13.2,2.7,6.1,0.08,ARMED,,15.3,1,
1791472237291,28.576252,77.306847,6.0,CNG,8.70,14.9,1,822,42.4,2.12,,90.0,-0.78,-1.56,13.2,0.0,5.9,0.01,ARMED,,15.3,1,
1791472238046,28.576252,77.306847,4.0,CNG,9.70,14.9,,758,42.4,1.26,,90.0,-0.78,-1.56,13.5,0.0,4.0,0.00,ARMED,,15.3,,
1791472239693,28.576256,77.306844,1.0,CNG,7.37,14.9,,733,28.6,1.58,,90.0,4.69,-1.56,13.5,0.0,1.0,0.00,ARMED,,13.3,,
1791472240457,28.576256,77.306844,0.0,CNG,,16.5,0,697,28.6,2.40,,90.0,4.69,-1.56,13.5,2.1,0.0,0.00,ARMED,,13.3,1,
1791472241210,28.576256,77.306844,0.0,CNG,,20.0,0,698,28.6,2.26,,90.0,4.69,-1.56,13.5,7.0,0.0,0.00,ARMED,,13.3,1,
1791472242860,28.576256,77.306844,0.0,CNG,,20.0,0,861,26.3,3.05,,90.0,-7.03,-3.91,13.4,7.0,0.0,0.00,ARMED,,16.5,1,
1791472243604,28.576259,77.306841,1.0,CNG,,14.9,,1309,26.3,2.58,,91.0,-7.03,-3.91,13.4,0.0,1.0,0.00,ARMED,,16.5,,
1791472244360,28.576262,77.306840,2.0,CNG,,14.9,,919,26.3,1.84,,91.0,-7.03,-3.91,13.5,0.0,2.0,0.00,ARMED,,16.5,,
1791472246125,28.576264,77.306838,1.0,CNG,,18.4,,858,27.5,1.90,,90.0,1.56,-0.78,13.0,4.8,1.0,0.00,ARMED,,13.3,,
1791472246928,28.576266,77.306835,1.0,CNG,,14.9,,710,27.5,1.99,,90.0,1.56,-0.78,13.4,0.0,1.0,0.00,ARMED,,13.3,,
1791472247665,28.576266,77.306836,0.0,CNG,,20.0,0,707,27.5,2.19,,90.0,1.56,-0.78,13.4,7.0,0.0,0.00,ARMED,,13.3,1,
1791472249430,28.576273,77.306829,0.0,CNG,,20.0,0,1030,57.3,3.60,,90.0,-1.56,-3.91,13.2,7.0,0.0,0.00,ARMED,,17.6,1,
1791472250195,28.576273,77.306829,5.0,CNG,,14.9,,774,57.3,4.68,,90.0,-1.56,-3.91,13.2,0.0,5.0,0.00,ARMED,,17.6,,
1791472250993,28.576284,77.306821,6.0,CNG,4.36,20.4,1,831,57.3,3.52,,90.0,-1.56,-3.91,13.3,7.5,6.0,0.00,ARMED,,17.6,1,
1791472252697,28.576310,77.306802,6.0,CNG,4.67,20.4,1,884,42.0,4.90,,90.0,-2.34,-3.91,13.3,7.5,6.0,0.00,ARMED,,15.7,1,
1791472253525,28.576325,77.306790,7.0,CNG,5.48,18.4,1,1053,42.0,4.32,,90.0,-2.34,-3.91,13.4,4.8,6.9,0.41,ARMED,,15.7,1,
1791472254402,28.576341,77.306779,8.0,CNG,6.47,18.4,1,1061,42.0,4.10,,90.0,-2.34,-3.91,13.4,4.8,7.2,0.38,ARMED,,15.7,1,
1791472256502,28.576372,77.306753,8.0,CNG,7.59,18.4,1,1113,35.7,3.39,,90.0,0.78,-1.56,13.4,4.8,7.5,0.38,ARMED,,12.5,1,
1791472257478,28.576387,77.306741,7.0,CNG,8.60,17.3,1,1072,35.7,2.65,,90.0,0.78,-1.56,13.4,3.2,7.3,-0.05,ARMED,,12.5,1,
1791472258524,28.576400,77.306733,7.0,CNG,9.47,17.3,1,1001,35.7,2.56,,90.0,0.78,-1.56,13.4,3.2,6.8,-0.26,ARMED,,12.5,1,
1791472260670,28.576429,77.306713,6.0,CNG,9.64,17.3,,936,23.1,2.46,,90.0,0.78,-0.78,13.4,3.2,6.0,0.00,ARMED,,13.3,,
1791472261671,28.576441,77.306704,6.0,CNG,9.91,17.3,1,826,23.1,2.36,,90.0,0.78,-0.78,13.2,3.2,6.0,0.00,ARMED,,13.3,1,
1791472262631,28.576453,77.306697,5.0,CNG,10.19,14.9,,778,23.1,1.90,,90.0,0.78,-0.78,13.2,0.0,5.0,0.00,ARMED,,13.3,,
1791472264274,28.576461,77.306690,5.0,CNG,10.22,14.9,1,711,25.5,1.99,,90.0,0.00,-0.78,13.2,0.0,5.0,0.00,ARMED,,16.5,1,
1791472265058,28.576469,77.306684,4.0,CNG,9.95,19.2,,697,25.5,1.73,,90.0,0.00,-0.78,13.2,5.9,4.0,0.00,ARMED,,16.5,,
1791472265840,28.576478,77.306678,5.0,CNG,7.59,14.9,,684,25.5,3.63,,90.0,0.00,-0.78,13.2,0.0,5.0,0.00,ARMED,,16.5,,
1791472267436,28.576500,77.306661,5.0,CNG,7.50,14.9,,807,58.8,2.77,,90.0,-3.91,-0.78,13.2,0.0,5.0,0.00,ARMED,,15.3,,
1791472268231,28.576500,77.306661,6.0,CNG,9.53,14.9,,486,58.8,1.71,,90.0,-3.91,-0.78,12.6,0.0,6.0,0.00,ARMED,,15.3,,
1791472268949,28.576516,77.306653,8.0,CNG,12.44,14.9,,559,58.8,1.82,,90.0,-3.91,-0.78,12.6,0.0,8.0,0.00,ARMED,,15.3,,
1791472270664,28.576545,77.306632,8.0,CNG,12.61,14.9,,762,38.4,2.55,,90.0,-3.91,-0.78,13.2,0.0,8.0,0.00,ARMED,,15.7,,
1791472271409,28.576545,77.306633,1.0,CNG,7.70,14.9,,820,38.4,2.72,,90.0,-3.91,-0.78,13.2,0.0,1.0,0.00,ARMED,,15.7,,
1791472272272,28.576545,77.306633,0.0,CNG,,14.9,0,838,38.4,4.05,,90.0,-3.91,-0.78,13.4,0.0,0.0,0.00,ARMED,,15.7,1,
1791472273968,28.576545,77.306633,0.0,CNG,,14.9,0,844,47.1,4.02,,90.0,-1.56,-0.78,13.4,0.0,0.0,0.00,ARMED,,16.1,1,
1791472274776,28.576545,77.306633,0.0,CNG,,14.9,0,834,47.1,4.27,,90.0,-1.56,-0.78,13.4,0.0,0.0,0.00,ARMED,,16.1,1,
1791472275560,28.576545,77.306633,0.0,CNG,,14.9,0,858,47.1,4.03,,90.0,-1.56,-0.78,13.4,0.0,0.0,0.00,ARMED,,16.1,1,
1791472277221,28.576552,77.306629,0.0,CNG,,14.9,0,848,27.8,3.83,,90.0,-2.34,-0.78,13.3,0.0,0.0,0.00,ARMED,,13.3,1,
1791472277962,28.576554,77.306627,1.0,CNG,,14.9,,738,27.8,2.04,,90.0,-2.34,-0.78,13.3,0.0,1.0,0.00,ARMED,,13.3,,
1791472278734,28.576559,77.306622,3.0,CNG,,14.9,,585,27.8,1.85,,90.0,-2.34,-0.78,13.1,0.0,3.0,0.00,ARMED,,13.3,,
1791472280566,28.576574,77.306612,4.0,CNG,,14.9,,699,26.7,1.11,,91.0,-3.91,-0.78,13.4,0.0,4.0,0.00,ARMED,,12.5,,
1791472281346,28.576578,77.306609,3.0,CNG,,14.9,,693,26.7,1.42,,91.0,-3.91,-0.78,13.3,0.0,3.0,0.00,ARMED,,12.5,,
1791472282117,28.576578,77.306609,1.0,CNG,,14.9,,675,26.7,2.25,,91.0,-3.91,-0.78,13.3,0.0,1.0,0.00,ARMED,,12.5,,
1791472283759,28.576578,77.306609,1.0,CNG,,14.9,,689,28.6,3.56,,91.0,-3.91,-0.78,13.4,0.0,1.0,0.00,ARMED,,13.3,,
1791472284534,28.576578,77.306609,0.0,CNG,,17.6,0,696,28.6,2.38,,91.0,-3.91,-0.78,13.4,3.7,0.0,0.00,ARMED,,13.3,1,
1791472285295,28.576582,77.306606,0.0,CNG,,14.9,0,837,28.6,2.37,,91.0,-3.91,-0.78,13.4,0.0,0.0,0.00,ARMED,,13.3,1,
1791472286914,28.576589,77.306603,2.0,CNG,,14.9,,785,58.0,3.20,,91.0,-1.56,-0.78,13.4,0.0,2.0,0.00,ARMED,,17.6,,
1791472287708,28.576599,77.306597,5.0,CNG,,14.9,,803,58.0,3.03,,91.0,-1.56,-0.78,13.3,0.0,5.0,0.00,ARMED,,17.6,,
1791472288519,28.576612,77.306589,5.0,CNG,3.98,14.9,,825,58.0,4.99,,91.0,-1.56,-0.78,13.3,0.0,5.0,0.00,ARMED,,17.6,,
1791472290221,28.576624,77.306580,6.0,CNG,5.18,16.5,1,835,47.5,3.44,,91.0,-3.91,-3.91,13.1,2.1,6.0,0.00,ARMED,,16.1,1,
1791472290966,28.576635,77.306572,6.0,CNG,5.69,18.8,1,862,47.5,3.82,,91.0,-3.91,-3.91,13.1,5.4,6.0,0.00,ARMED,,16.1,1,
1791472291876,28.576649,77.306561,7.0,CNG,6.03,18.8,1,1003,47.5,4.44,,91.0,-3.91,-3.91,13.2,5.4,6.7,0.38,ARMED,,16.1,1,
1791472293474,28.576681,77.306538,8.0,CNG,7.15,18.4,1,1092,34.9,3.63,,91.0,-1.56,-3.91,13.2,4.8,7.4,0.63,ARMED,,13.3,1,
1791472294271,28.576681,77.306538,8.0,CNG,8.41,14.9,1,1151,34.9,3.02,,91.0,-1.56,-3.91,13.5,0.0,8.1,0.56,ARMED,,13.3,1,
1791472295023,28.576699,77.306527,8.0,CNG,10.86,14.9,1,1064,34.9,1.82,,91.0,-1.56,-3.91,13.5,0.0,7.9,0.18,ARMED,,13.3,1,
1791472296723,28.576736,77.306502,9.0,CNG,12.86,14.9,,680,25.9,2.20,,91.0,1.56,-0.78,13.4,0.0,9.0,0.00,ARMED,,12.9,,
1791472297490,28.576752,77.306487,9.0,CNG,14.52,14.9,2,708,25.9,2.09,,90.0,1.56,-0.78,13.4,0.0,9.0,0.00,ARMED,,12.9,2,
1791472298267,28.576752,77.306487,6.0,CNG,13.15,14.9,,718,25.9,2.24,,90.0,1.56,-0.78,13.4,0.0,6.0,0.00,ARMED,,12.9,,
1791472299870,28.576771,77.306472,4.0,CNG,12.42,14.9,,714,25.5,1.52,,90.0,1.56,-0.78,13.4,0.0,4.0,0.00,ARMED,,12.9,,
1791472300678,28.576779,77.306466,4.0,CNG,11.46,14.9,,717,25.5,1.68,,90.0,1.56,-0.78,13.5,0.0,4.0,0.00,ARMED,,12.9,,
1791472301429,28.576785,77.306461,3.0,CNG,9.56,14.9,,716,25.5,1.84,,90.0,1.56,-0.78,13.5,0.0,3.0,0.00,ARMED,,12.9,,
1791472303077,28.576791,77.306457,3.0,CNG,5.61,14.9,,715,52.2,4.15,,90.0,2.34,-0.78,13.1,0.0,3.0,0.00,ARMED,,16.1,,
1791472303869,28.576796,77.306452,3.0,CNG,4.68,14.9,,829,52.2,3.45,,90.0,2.34,-0.78,13.1,0.0,3.0,0.00,ARMED,,16.1,,
1791472304672,28.576802,77.306449,3.0,CNG,4.01,14.9,,834,52.2,3.83,,90.0,2.34,-0.78,13.5,0.0,3.0,0.00,ARMED,,16.1,,
1791472306338,28.576810,77.306446,3.0,CNG,3.96,14.9,,838,46.3,3.16,,90.0,-2.34,-0.78,13.5,0.0,3.0,0.00,ARMED,,16.1,,
1791472307139,28.576810,77.306446,1.0,CNG,,14.9,,854,46.3,3.97,,90.0,-2.34,-0.78,13.1,0.0,1.0,0.00,ARMED,,16.1,,
1791472307929,28.576810,77.306446,0.0,CNG,,14.9,0,850,46.3,3.53,,90.0,-2.34,-0.78,13.1,0.0,0.0,0.00,ARMED,,16.1,1,
1791472309646,28.576810,77.306446,0.0,CNG,,14.9,0,851,48.2,3.49,,90.0,-1.56,-0.78,13.6,0.0,0.0,0.00,ARMED,,14.5,1,
1791472310436,28.576810,77.306446,0.0,CNG,,16.5,0,846,48.2,2.78,,90.0,-1.56,-0.78,13.6,2.1,0.0,0.00,ARMED,,14.5,1,
1791472311230,28.576810,77.306446,0.0,CNG,,14.9,0,815,48.2,4.00,,90.0,-1.56,-0.78,13.0,0.0,0.0,0.00,ARMED,,14.5,1,
1791472313090,28.576825,77.306441,1.0,CNG,,14.9,,731,25.9,2.49,,91.0,-1.56,-0.78,13.5,0.0,1.0,0.00,ARMED,,13.3,,
1791472313861,28.576825,77.306441,1.0,CNG,,14.9,,728,25.9,2.43,,91.0,-1.56,-0.78,13.3,0.0,1.0,0.00,ARMED,,13.3,,
1791472314627,28.576825,77.306441,0.0,CNG,,14.9,0,702,25.9,1.24,,90.0,-1.56,-0.78,13.3,0.0,0.0,0.00,ARMED,,13.3,1,
1791472316332,28.576828,77.306436,0.0,CNG,,14.9,0,700,43.1,1.49,,90.0,0.00,-0.78,13.3,0.0,0.0,0.00,ARMED,,15.3,1,
1791472317047,28.576828,77.306436,1.0,CNG,,14.9,,785,43.1,3.25,,90.0,0.00,-0.78,13.3,0.0,1.0,0.00,ARMED,,15.3,,
1791472317860,28.576831,77.306434,2.0,CNG,,14.9,,805,43.1,3.02,,90.0,0.00,-0.78,13.5,0.0,2.0,0.00,ARMED,,15.3,,
1791472319601,28.576841,77.306426,3.0,CNG,,14.9,,822,46.7,3.18,,90.0,-2.34,-0.78,13.5,0.0,3.0,0.00,ARMED,,11.0,,
1791472320383,28.576853,77.306417,5.0,CNG,5.87,14.9,,676,46.7,1.13,,90.0,-2.34,-0.78,13.5,0.0,5.0,0.00,ARMED,,11.0,,
1791472321164,28.576853,77.306417,5.0,CNG,8.77,14.9,1,703,46.7,1.25,,90.0,-2.34,-0.78,13.5,0.0,5.0,0.00,ARMED,,11.0,1,
1791472322886,28.576873,77.306399,5.0,CNG,5.70,14.9,,700,45.1,5.05,,90.0,-2.34,-0.78,13.2,0.0,5.0,0.00,ARMED,,16.5,,
1791472323673,28.576885,77.306391,6.0,CNG,5.97,14.9,1,819,45.1,3.89,,90.0,-2.34,-0.78,13.2,0.0,6.0,0.00,ARMED,,16.5,1,
1791472324433,28.576897,77.306383,6.0,CNG,6.26,14.9,1,828,45.1,3.68,,90.0,-2.34,-0.78,13.3,0.0,6.0,0.00,ARMED,,16.5,1,
1791472326106,28.576909,77.306375,6.0,CNG,7.13,14.9,1,830,45.1,2.80,,90.0,-1.56,-0.78,13.3,0.0,6.0,0.00,ARMED,,15.7,1,
1791472326876,28.576923,77.306368,6.0,CNG,7.03,14.9,1,840,45.1,3.55,,90.0,-1.56,-0.78,13.3,0.0,6.0,0.00,ARMED,,15.7,1,
1791472327627,28.576934,77.306358,6.0,CNG,7.71,14.9,1,843,45.1,2.74,,90.0,-1.56,-0.78,13.3,0.0,6.0,0.00,ARMED,,15.7,1,
1791472329363,28.576958,77.306342,5.0,CNG,6.74,14.9,,846,71.4,3.70,,90.0,-0.78,-0.78,13.3,0.0,5.0,0.00,ARMED,,16.1,,
1791472330143,28.576958,77.306342,6.0,CNG,8.84,14.9,1,753,71.4,1.58,,90.0,-0.78,-0.78,13.3,0.0,6.0,0.00,ARMED,,16.1,1,
1791472330970,28.576970,77.306333,6.0,CNG,9.63,14.9,1,742,71.4,2.22,,90.0,-0.78,-0.78,13.5,0.0,6.0,0.00,ARMED,,16.1,1,
1791472332680,28.576992,77.306318,5.0,CNG,9.69,14.9,1,730,26.3,2.09,,90.0,0.78,-0.78,13.5,0.0,5.4,-0.37,ARMED,,12.9,1,
1791472333500,28.577002,77.306312,5.0,CNG,9.69,14.9,,698,26.3,2.11,,90.0,0.78,-0.78,13.2,0.0,5.0,0.00,ARMED,,12.9,,
1791472334246,28.577002,77.306312,5.0,CNG,9.39,16.1,,696,26.3,2.28,,91.0,0.78,-0.78,13.2,1.6,5.0,0.00,ARMED,,12.9,,
1791472335949,28.577023,77.306298,5.0,CNG,10.25,19.2,,696,36.9,1.71,,91.0,0.00,-3.91,13.5,5.9,5.0,0.00,ARMED,,14.1,,
1791472336697,28.577037,77.306290,6.0,CNG,11.48,19.2,1,834,36.9,1.81,,90.0,0.00,-3.91,13.5,5.9,6.0,0.00,ARMED,,14.1,1,
1791472337487,28.577050,77.306279,7.0,CNG,10.55,19.2,1,929,36.9,2.97,,90.0,0.00,-3.91,13.1,5.9,6.6,0.36,ARMED,,14.1,1,
1791472339190,28.577062,77.306265,7.0,CNG,9.12,14.9,1,993,36.5,3.69,,90.0,-3.13,-0.78,13.1,0.0,7.0,0.37,ARMED,,15.3,1,
1791472339967,28.577077,77.306256,6.0,CNG,8.70,14.9,1,887,36.5,3.03,,90.0,-3.13,-0.78,13.3,0.0,6.2,-0.27,ARMED,,15.3,1,
1791472340757,28.577089,77.306247,6.0,CNG,8.10,14.9,1,826,36.5,3.35,,90.0,-3.13,-0.78,13.3,0.0,5.7,-0.42,ARMED,,15.3,1,
1791472342403,28.577113,77.306229,6.0,CNG,6.98,19.6,1,795,56.1,4.26,,90.0,4.69,-3.91,13.4,6.4,5.4,-0.43,ARMED,,17.3,1,
1791472343159,28.577113,77.306229,7.0,CNG,6.69,14.9,1,989,56.1,4.51,,90.0,4.69,-3.91,13.4,0.0,6.5,0.45,ARMED,,17.3,1,
1791472343945,28.577129,77.306212,8.0,CNG,10.27,14.9,1,1100,56.1,1.12,,90.0,4.69,-3.91,13.5,0.0,7.4,0.73,ARMED,,17.3,1,
1791472345869,28.577161,77.306186,7.0,CNG,10.79,15.7,1,1032,23.9,2.45,,90.0,1.56,-0.78,13.5,1.1,7.4,0.41,ARMED,,13.3,1,
1791472346649,28.577175,77.306177,6.0,CNG,11.96,17.6,,928,23.9,1.66,,90.0,1.56,-0.78,13.5,3.7,6.0,0.00,ARMED,,13.3,,
1791472347408,28.577188,77.306167,6.0,CNG,13.38,18.0,1,900,23.9,1.47,,90.0,1.56,-0.78,13.5,4.3,6.0,0.00,ARMED,,13.3,1,
1791472349103,28.577201,77.306157,6.0,CNG,14.29,18.4,1,866,25.9,1.53,,90.0,3.13,-3.91,13.3,4.8,6.0,0.00,ARMED,,13.7,1,
1791472349876,28.577214,77.306148,6.0,CNG,12.12,18.8,1,904,25.9,2.50,,90.0,3.13,-3.91,13.3,5.4,6.0,0.00,ARMED,,13.7,1,
1791472350661,28.577229,77.306138,7.0,CNG,12.42,18.8,1,939,25.9,2.23,,90.0,3.13,-3.91,13.3,5.4,6.2,0.05,ARMED,,13.7,1,
1791472352337,28.577261,77.306117,7.0,CNG,13.64,18.8,1,995,25.1,1.81,,90.0,1.56,-3.91,13.3,5.4,6.5,0.24,ARMED,,14.1,1,
1791472353129,28.577261,77.306117,8.0,CNG,12.92,18.8,1,1077,25.1,2.70,,90.0,1.56,-3.91,13.5,5.4,7.3,0.43,ARMED,,14.1,1,
1791472353874,28.577278,77.306106,8.0,CNG,13.01,18.8,1,1105,25.1,2.49,,90.0,1.56,-3.91,13.5,5.4,7.6,0.42,ARMED,,14.1,1,
1791472355563,28.577312,77.306081,8.0,CNG,14.29,18.8,1,1113,23.9,1.97,,90.0,0.00,-3.91,13.5,5.4,7.8,0.37,ARMED,,14.9,1,
1791472356325,28.577328,77.306072,8.0,CNG,12.27,14.9,1,1120,23.9,3.21,,89.0,0.00,-3.91,13.5,0.0,7.9,0.11,ARMED,,14.9,1,
1791472357096,28.577328,77.306072,7.0,CNG,9.56,18.4,1,1066,23.9,4.10,,89.0,0.00,-3.91,13.2,4.8,7.6,-0.10,ARMED,,14.9,1,
1791472358722,28.577357,77.306051,7.0,CNG,8.41,18.4,1,1010,39.2,4.06,,89.0,-0.78,-3.91,13.2,4.8,7.2,-0.30,ARMED,,16.1,1,
1791472359499,28.577373,77.306039,8.0,CNG,8.28,18.4,1,1075,39.2,4.03,,89.0,-0.78,-3.91,13.3,4.8,7.4,0.04,ARMED,,16.1,1,
1791472360301,28.577389,77.306026,8.0,CNG,8.10,18.4,1,1120,39.2,4.16,,89.0,-0.78,-3.91,13.3,4.8,7.7,0.19,ARMED,,16.1,1,
1791472361979,28.577404,77.306014,8.0,CNG,7.93,18.4,1,1159,32.2,4.25,,89.0,-0.78,-0.78,13.3,4.8,8.0,0.24,ARMED,,15.7,1,
1791472362754,28.577420,77.306003,8.0,CNG,9.45,14.9,1,1112,32.2,2.48,,89.0,-0.78,-0.78,13.3,0.0,7.9,-0.01,ARMED,,15.7,1,
1791472363575,28.577437,77.305991,7.0,CNG,10.92,14.9,1,1058,32.2,1.93,,89.0,-0.78,-0.78,13.1,0.0,7.5,-0.19,ARMED,,15.7,1,
1791472365177,28.577448,77.305980,6.0,CNG,12.07,14.9,1,864,25.1,1.63,,89.0,2.34,-0.78,13.1,0.0,6.5,-0.71,ARMED,,12.5,1,
1791472365948,28.577458,77.305974,4.0,CNG,7.75,14.9,,534,25.1,4.07,,89.0,2.34,-0.78,13.4,0.0,4.0,0.00,ARMED,,12.5,,
1791472366735,28.577463,77.305971,2.0,CNG,6.49,14.9,,686,25.1,2.14,,89.0,2.34,-0.78,13.4,0.0,2.0,0.00,ARMED,,12.5,,
1791472368440,28.577467,77.305969,1.0,CNG,,14.9,,704,30.2,1.36,,89.0,0.78,-0.78,13.2,0.0,1.0,0.00,ARMED,,13.7,,
1791472369177,28.577467,77.305969,1.0,CNG,,14.9,,793,30.2,3.00,,89.0,0.78,-0.78,13.2,0.0,1.0,0.00,ARMED,,13.7,,
1791472369946,28.577469,77.305967,1.0,CNG,,14.9,,801,30.2,3.35,,89.0,0.78,-0.78,13.4,0.0,1.0,0.00,ARMED,,13.7,,
1791472371677,28.577477,77.305960,2.0,CNG,,14.9,,810,26.7,2.48,,89.0,-2.34,-0.78,13.4,0.0,2.0,0.00,ARMED,,13.3,,
1791472372477,28.577483,77.305956,2.0,CNG,,14.9,,728,26.7,1.93,,89.0,-2.34,-0.78,13.4,0.0,2.0,0.00,ARMED,,13.3,,
1791472373237,28.577483,77.305956,1.0,CNG,,14.9,,727,26.7,2.26,,89.0,-2.34,-0.78,13.4,0.0,1.0,0.00,ARMED,,13.3,,
1791472374855,28.577481,77.305957,0.0,CNG,,14.9,0,795,46.3,2.57,,89.0,-2.34,-0.78,13.5,0.0,0.0,0.00,ARMED,,16.1,1,
1791472375616,28.577481,77.305957,0.0,CNG,,14.9,0,837,46.3,3.93,,89.0,-2.34,-0.78,13.5,0.0,0.0,0.00,ARMED,,16.1,1,
1791472376439,28.577481,77.305957,0.0,CNG,,14.9,0,851,46.3,4.03,,89.0,-2.34,-0.78,13.1,0.0,0.0,0.00,ARMED,,16.1,1,
1791472378243,28.577486,77.305955,1.0,CNG,,14.9,,836,47.8,3.25,,90.0,-0.78,-0.78,13.3,0.0,1.0,0.00,ARMED,,15.7,,
1791472379038,28.577488,77.305951,1.0,CNG,,14.9,,854,47.8,3.93,,90.0,-0.78,-0.78,13.3,0.0,1.0,0.00,ARMED,,15.7,,
1791472379782,28.577489,77.305950,1.0,CNG,,14.9,,860,47.8,3.62,,90.0,-0.78,-0.78,13.3,0.0,1.0,0.00,ARMED,,15.7,,
1791472381568,28.577497,77.305944,1.0,CNG,,14.9,,791,52.9,5.36,,90.0,-1.56,-0.78,13.6,0.0,1.0,0.00,ARMED,,11.0,,
1791472382336,28.577508,77.305937,5.0,CNG,,14.9,1,718,52.9,1.60,,90.0,-1.56,-0.78,13.6,0.0,5.0,0.00,ARMED,,11.0,1,
1791472383145,28.577508,77.305937,5.0,CNG,5.31,14.9,1,744,52.9,1.96,,90.0,-1.56,-0.78,13.4,0.0,5.0,0.00,ARMED,,11.0,1,
1791472384870,28.577532,77.305923,5.0,CNG,6.66,14.9,1,752,23.5,2.24,,90.0,3.91,-0.78,13.4,0.0,5.0,0.00,ARMED,,12.9,1,
1791472385694,28.577542,77.305915,5.0,CNG,8.13,14.9,1,756,23.5,1.83,,90.0,3.91,-0.78,13.2,0.0,5.0,0.00,ARMED,,12.9,1,
1791472386411,28.577552,77.305907,5.0,CNG,9.76,14.9,1,719,23.5,1.53,,90.0,3.91,-0.78,13.2,0.0,4.8,-0.05,ARMED,,12.9,1,
1791472388131,28.577556,77.305903,3.0,CNG,8.75,14.9,,721,28.2,1.74,,90.0,2.34,-0.78,13.6,0.0,3.0,0.00,ARMED,,16.5,,
1791472388926,28.577559,77.305900,1.0,CNG,,14.9,,782,28.2,3.27,,90.0,2.34,-0.78,13.6,0.0,1.0,0.00,ARMED,,16.5,,
1791472389713,28.577565,77.305898,3.0,CNG,,14.9,,788,28.2,2.87,,90.0,2.34,-0.78,13.4,0.0,3.0,0.00,ARMED,,16.5,,
1791472391372,28.577586,77.305880,6.0,CNG,10.79,14.9,,712,23.9,0.00,,90.0,-7.03,-0.78,13.4,0.0,6.0,0.00,ARMED,,12.9,,
1791472392208,28.577586,77.305880,5.0,CNG,12.25,14.9,1,757,23.9,1.39,,90.0,-7.03,-0.78,13.6,0.0,5.0,0.00,ARMED,,12.9,1,
1791472392958,28.577597,77.305872,5.0,CNG,13.48,14.9,1,757,23.9,1.31,,90.0,-7.03,-0.78,13.6,0.0,5.0,0.00,ARMED,,12.9,1,
1791472394598,28.577619,77.305856,6.0,CNG,9.58,14.9,1,779,43.9,3.43,,90.0,-4.69,-0.78,13.4,0.0,5.6,0.35,ARMED,,15.7,1,
1791472395400,28.577632,77.305848,6.0,CNG,8.01,14.9,1,830,43.9,3.71,,90.0,-4.69,-0.78,13.4,0.0,6.0,0.31,ARMED,,15.7,1,
1791472396164,28.577632,77.305848,5.0,CNG,7.57,14.9,,833,43.9,2.95,,90.0,-4.69,-0.78,13.4,0.0,5.0,0.00,ARMED,,15.7,,
1791472397881,28.577644,77.305837,2.0,CNG,4.98,14.9,,844,48.6,3.88,,90.0,0.00,-0.78,13.4,0.0,2.0,0.00,ARMED,,16.1,,
1791472398746,28.577648,77.305834,2.0,CNG,4.05,14.9,,830,48.6,3.15,,90.0,0.00,-0.78,13.4,0.0,2.0,0.00,ARMED,,16.1,,
1791472399534,28.577651,77.305831,2.0,CNG,,14.9,,852,48.6,3.78,,90.0,0.00,-0.78,13.4,0.0,2.0,0.00,ARMED,,16.1,,
1791472401281,28.577669,77.305819,3.0,CNG,,14.9,,821,38.0,4.03,,90.0,0.00,-0.78,13.4,0.0,3.0,0.00,ARMED,,11.8,,
1791472402020,28.577669,77.305819,6.0,CNG,5.45,14.9,1,778,38.0,2.16,,91.0,0.00,-0.78,13.4,0.0,6.0,0.00,ARMED,,11.8,1,
1791472402871,28.577679,77.305811,5.0,CNG,8.11,14.9,,775,38.0,1.01,,91.0,0.00,-0.78,13.2,0.0,5.0,0.00,ARMED,,11.8,,
1791472404528,28.577700,77.305795,5.0,CNG,8.56,14.9,1,760,23.9,2.21,,91.0,3.13,-0.78,13.2,0.0,5.0,0.00,ARMED,,12.9,1,
1791472405385,28.577710,77.305789,5.0,CNG,11.21,14.9,1,737,23.9,1.03,,91.0,3.13,-0.78,13.5,0.0,5.0,0.00,ARMED,,12.9,1,
1791472406168,28.577710,77.305789,5.0,CNG,12.45,14.9,1,724,23.9,1.38,,91.0,3.13,-0.78,13.5,0.0,5.0,0.00,ARMED,,12.9,1,
1791472407923,28.577728,77.305770,5.0,CNG,11.08,14.9,1,729,25.1,2.14,,91.0,-2.34,-0.78,13.5,0.0,5.0,0.01,ARMED,,12.9,1,
1791472408734,28.577739,77.305763,5.0,CNG,8.19,14.9,1,730,25.1,3.46,,91.0,-2.34,-0.78,13.5,0.0,5.0,0.01,ARMED,,12.9,1,
1791472409521,28.577751,77.305755,6.0,CNG,8.77,14.9,1,802,25.1,2.55,,91.0,-2.34,-0.78,13.1,0.0,5.4,0.20,ARMED,,12.9,1,
1791472411382,28.577771,77.305736,6.0,CNG,7.16,14.9,1,816,44.3,4.27,,91.0,-2.34,-0.78,13.4,0.0,5.6,0.23,ARMED,,15.7,1,
1791472412143,28.577771,77.305736,6.0,CNG,7.95,14.9,1,842,44.3,2.61,,91.0,-2.34,-0.78,13.4,0.0,5.9,0.20,ARMED,,15.7,1,
1791472412872,28.577785,77.305730,6.0,CNG,7.37,14.9,1,843,44.3,3.67,,91.0,-2.34,-0.78,13.4,0.0,6.0,0.17,ARMED,,15.7,1,
1791472414548,28.577810,77.305711,6.0,CNG,6.96,14.9,1,858,43.1,3.81,,91.0,0.00,-0.78,13.5,0.0,6.1,0.16,ARMED,,15.7,1,
1791472415336,28.577822,77.305702,6.0,CNG,6.90,14.9,1,862,43.1,3.60,,91.0,0.00,-0.78,13.5,0.0,6.1,0.10,ARMED,,15.7,1,
1791472416107,28.577822,77.305702,6.0,CNG,8.66,14.9,1,814,43.1,1.76,,91.0,0.00,-0.78,13.4,0.0,5.9,-0.06,ARMED,,15.7,1,
1791472417770,28.577842,77.305684,6.0,CNG,9.89,14.9,1,798,23.5,1.95,,91.0,3.91,-0.78,13.4,0.0,5.7,-0.10,ARMED,,12.9,1,
1791472418543,28.577854,77.305676,5.0,CNG,10.30,14.9,1,754,23.5,1.84,,91.0,3.91,-0.78,13.4,0.0,5.3,-0.16,ARMED,,12.9,1,
1791472419282,28.577854,77.305676,5.0,CNG,10.08,14.9,1,742,23.5,2.10,,91.0,3.91,-0.78,13.4,0.0,5.2,-0.16,ARMED,,12.9,1,
1791472420958,28.577873,77.305658,5.0,CNG,11.13,14.9,1,731,24.3,1.53,,91.0,-1.56,-0.78,13.5,0.0,5.1,-0.15,ARMED,,12.9,1,
1791472421734,28.577884,77.305651,5.0,CNG,10.54,14.9,1,739,24.3,2.10,,91.0,-1.56,-0.78,13.5,0.0,5.1,-0.09,ARMED,,12.9,1,
1791472422530,28.577894,77.305642,5.0,CNG,12.89,14.9,1,742,24.3,1.04,,91.0,-1.56,-0.78,13.6,0.0,5.1,-0.07,ARMED,,12.9,1,
1791472424243,28.577905,77.305635,5.0,CNG,13.38,14.9,1,742,24.3,1.44,,91.0,-1.56,-0.78,13.6,0.0,5.1,-0.05,ARMED,,12.9,1,
1791472425046,28.577916,77.305628,5.0,CNG,13.69,14.9,1,740,24.3,1.44,,91.0,-1.56,-0.78,13.4,0.0,5.1,-0.03,ARMED,,12.9,1,
1791472425880,28.577927,77.305620,5.0,CNG,12.38,14.9,1,747,24.3,1.89,,91.0,-1.56,-0.78,13.4,0.0,5.1,-0.02,ARMED,,12.9,1,
1791472427561,28.577947,77.305603,5.0,CNG,10.95,14.9,1,745,46.7,2.19,,91.0,-2.34,-0.78,13.3,0.0,5.1,-0.01,ARMED,,15.3,1,
1791472428325,28.577957,77.305594,6.0,CNG,8.77,14.9,1,798,46.7,3.49,,90.0,-2.34,-0.78,13.3,0.0,5.5,0.18,ARMED,,15.3,1,
1791472429108,28.577957,77.305594,6.0,CNG,7.72,14.9,1,814,46.7,3.69,,90.0,-2.34,-0.78,13.3,0.0,5.7,0.19,ARMED,,15.3,1,
1791472430747,28.577981,77.305577,6.0,CNG,7.32,14.9,1,832,42.4,3.60,,90.0,-1.56,-0.78,13.3,0.0,5.8,0.19,ARMED,,15.3,1,
1791472431530,28.577993,77.305566,6.0,CNG,7.13,14.9,1,847,42.4,3.57,,90.0,-1.56,-0.78,13.4,0.0,6.0,0.15,ARMED,,15.3,1,
1791472432332,28.578005,77.305558,6.0,CNG,7.63,14.9,1,855,42.4,2.88,,90.0,-1.56,-0.78,13.4,0.0,6.1,0.14,ARMED,,15.3,1,
1791472434050,28.578018,77.305549,6.0,CNG,7.24,14.9,1,845,40.8,3.64,,90.0,-0.78,-0.78,13.4,0.0,6.0,0.10,ARMED,,15.3,1,
1791472434852,28.578031,77.305539,6.0,CNG,12.11,14.9,1,848,40.8,0.00,,90.0,-0.78,-0.78,13.4,0.0,6.0,0.05,ARMED,,15.3,1,
1791472435647,28.578044,77.305530,6.0,CNG,13.52,14.9,1,839,40.8,1.50,,90.0,-0.78,-0.78,13.1,0.0,6.0,0.03,ARMED,,15.3,1,
1791472437297,28.578065,77.305514,6.0,CNG,15.84,14.9,1,798,22.7,1.15,,90.0,2.34,-0.78,13.1,0.0,5.8,-0.04,ARMED,,12.9,1,
1791472438156,28.578065,77.305514,5.0,CNG,13.91,14.9,1,765,22.7,1.79,,90.0,2.34,-0.78,13.6,0.0,5.4,-0.11,ARMED,,12.9,1,
1791472438941,28.578077,77.305507,5.0,CNG,15.79,14.9,1,752,22.7,1.00,,90.0,2.34,-0.78,13.6,0.0,5.3,-0.12,ARMED,,12.9,1,
1791472440676,28.578099,77.305494,5.0,CNG,12.90,14.9,1,737,24.3,2.05,,90.0,-1.56,-0.78,13.5,0.0,5.1,-0.13,ARMED,,12.9,1,
1791472441435,28.578109,77.305486,5.0,CNG,11.37,14.9,1,741,24.3,2.13,,90.0,-1.56,-0.78,13.5,0.0,5.1,-0.08,ARMED,,12.9,1,
1791472442222,28.578109,77.305486,5.0,CNG,10.51,14.9,1,745,24.3,2.17,,90.0,-1.56,-0.78,13.5,0.0,5.1,-0.06,ARMED,,12.9,1,
1791472443996,28.578130,77.305470,5.0,CNG,9.19,14.9,1,743,45.1,2.65,,90.0,3.13,-0.78,13.1,0.0,5.1,-0.05,ARMED,,15.3,1,
1791472444770,28.578141,77.305462,6.0,CNG,9.23,14.9,1,812,45.1,2.64,,90.0,3.13,-0.78,13.4,0.0,5.6,0.22,ARMED,,15.3,1,
1791472445525,28.578152,77.305453,6.0,CNG,9.14,14.9,1,824,45.1,2.72,,90.0,3.13,-0.78,13.4,0.0,5.8,0.22,ARMED,,15.3,1,
1791472447325,28.578158,77.305447,4.0,CNG,6.89,14.9,,841,45.9,3.61,,90.0,-0.78,-0.78,13.2,0.0,4.0,0.00,ARMED,,15.7,,
1791472448096,28.578158,77.305447,1.0,CNG,3.24,14.9,,827,45.9,6.27,,90.0,-0.78,-0.78,13.2,0.0,1.0,0.00,ARMED,,15.7,,
1791472448861,28.578164,77.305443,2.0,CNG,,14.9,,820,45.9,4.86,,90.0,-0.78,-0.78,13.3,0.0,2.0,0.00,ARMED,,15.7,,
1791472450481,28.578184,77.305426,5.0,CNG,3.38,14.9,,810,30.6,4.43,,90.0,-3.91,-0.78,13.3,0.0,5.0,0.00,ARMED,,12.5,,
1791472451273,28.578184,77.305426,6.0,CNG,5.95,14.9,1,822,30.6,1.22,,90.0,-3.91,-0.78,13.3,0.0,6.0,0.00,ARMED,,12.5,1,
1791472452046,28.578196,77.305417,6.0,CNG,7.62,14.9,1,804,30.6,2.17,,90.0,-3.91,-0.78,13.3,0.0,6.0,0.00,ARMED,,12.5,1,
1791472453755,28.578217,77.305399,6.0,CNG,10.59,14.9,1,787,22.7,1.15,,90.0,2.34,-0.78,13.5,0.0,6.0,0.00,ARMED,,12.9,1,
1791472454508,28.578229,77.305391,5.0,CNG,10.11,14.9,1,762,22.7,2.17,,90.0,2.34,-0.78,13.5,0.0,5.1,-0.41,ARMED,,12.9,1,
1791472455283,28.578236,77.305386,4.0,CNG,9.80,14.9,,712,22.7,1.77,,90.0,2.34,-0.78,13.4,0.0,4.0,0.00,ARMED,,12.9,,
1791472456970,28.578244,77.305380,3.0,CNG,7.99,14.9,,713,25.1,2.21,,90.0,-0.78,-0.78,13.4,0.0,3.0,0.00,ARMED,,12.9,,
1791472457744,28.578250,77.305375,3.0,CNG,6.89,14.9,,583,25.1,2.28,,90.0,-0.78,-0.78,13.1,0.0,3.0,0.00,ARMED,,12.9,,
1791472458557,28.578258,77.305368,4.0,CNG,7.44,14.9,,656,25.1,1.96,,90.0,-0.78,-0.78,13.1,0.0,4.0,0.00,ARMED,,12.9,,
1791472460256,28.578269,77.305360,5.0,CNG,8.11,14.9,,698,26.7,2.26,,90.0,-1.56,-0.78,13.4,0.0,5.0,0.00,ARMED,,12.9,,
1791472461018,28.578278,77.305350,5.0,CNG,8.65,14.9,,693,26.7,2.16,,90.0,-1.56,-0.78,13.4,0.0,5.0,0.00,ARMED,,12.9,,
1791472461776,28.578288,77.305342,5.0,CNG,4.67,21.6,,691,26.7,7.13,,90.0,-1.56,-0.78,13.4,9.1,5.0,0.00,ARMED,,12.9,,
1791472463511,28.578320,77.305320,6.0,CNG,4.40,21.6,1,840,54.1,5.96,,90.0,-2.34,-3.91,13.4,9.1,6.0,0.00,ARMED,,19.2,1,
1791472464283,28.578320,77.305320,10.0,CNG,6.47,14.9,1,1229,54.1,3.97,,90.0,-2.34,-3.91,13.4,0.0,9.5,1.62,ARMED,,19.2,1,
1791472465109,28.578341,77.305305,10.0,CNG,8.76,17.6,,1108,54.1,2.90,,90.0,-2.34,-3.91,13.4,3.7,10.0,0.00,ARMED,,19.2,,
1791472466768,28.578386,77.305271,10.0,CNG,9.54,20.0,2,764,49.8,3.81,,90.0,2.34,-3.91,13.5,7.0,10.0,0.00,ARMED,,18.4,2,
1791472467545,28.578411,77.305254,12.0,CNG,9.79,21.2,2,870,49.8,4.86,,90.0,2.34,-3.91,13.5,8.6,11.8,0.82,ARMED,,18.4,2,
1791472468311,28.578439,77.305236,13.0,CNG,7.49,22.7,2,942,49.8,9.06,,90.0,2.34,-3.91,13.3,10.7,12.8,1.04,ARMED,,18.4,2,
1791472469988,28.578470,77.305214,15.0,CNG,9.04,22.7,2,1073,56.1,5.19,,90.0,-2.34,-3.91,13.3,10.7,14.3,1.48,ARMED,,19.2,2,
1791472470796,28.578510,77.305188,18.0,CNG,9.40,23.5,2,1337,56.1,7.49,,90.0,-2.34,-3.91,13.4,11.8,18.1,2.08,ARMED,,19.2,2,
1791472471593,28.578554,77.305162,20.0,CNG,8.60,26.3,2,1481,56.1,10.40,,90.0,-2.34,-3.91,13.4,15.5,20.1,2.15,ARMED,,19.2,2,
1791472473262,28.578600,77.305130,22.0,CNG,13.09,19.2,2,1520,43.9,2.74,,90.0,0.00,-3.91,13.3,5.9,21.2,1.82,ARMED,,17.3,2,
1791472473996,28.578646,77.305099,22.0,CNG,12.43,23.5,3,1125,43.9,7.70,,90.0,0.00,-3.91,13.3,11.8,22.0,0.00,ARMED,,17.3,3,
1791472474817,28.578693,77.305065,23.0,CNG,12.45,23.5,3,1181,43.9,7.53,,90.0,0.00,-3.91,13.3,11.8,22.6,0.36,ARMED,,17.3,3,
1791472476644,28.578798,77.305002,25.0,CNG,17.39,20.0,3,1261,28.6,2.90,,90.0,-3.13,-3.91,13.6,7.0,24.2,1.12,ARMED,,16.1,3,
1791472477420,28.578851,77.304966,25.0,CNG,17.86,21.6,3,1292,28.6,5.51,,90.0,-3.13,-3.91,13.5,9.1,25.1,0.62,ARMED,,16.1,3,
1791472478237,28.578851,77.304966,26.0,CNG,18.74,21.6,3,1322,28.6,5.29,,90.0,-3.13,-3.91,13.5,9.1,25.6,0.61,ARMED,,16.1,3,
1791472479870,28.578965,77.304889,26.0,CNG,17.99,21.6,3,1356,45.5,6.24,,90.0,0.00,-3.91,13.4,9.1,26.2,0.64,ARMED,,18.8,3,
1791472480624,28.579023,77.304847,28.0,CNG,13.99,27.1,3,1424,45.5,10.63,,90.0,0.00,-3.91,13.4,16.6,27.6,0.72,ARMED,,18.8,2,
1791472481411,28.579084,77.304804,29.0,CNG,14.29,14.9,3,1469,45.5,8.05,,90.0,0.00,-3.91,13.3,0.0,28.4,0.86,ARMED,,18.8,3,
1791472483099,28.579145,77.304761,29.0,CNG,16.68,20.0,4,1133,49.8,5.43,,90.0,-3.13,-3.91,13.3,7.0,29.0,0.00,ARMED,,18.0,4,
1791472483859,28.579205,77.304714,29.0,CNG,18.48,22.4,4,1139,49.8,5.41,,90.0,-3.13,-3.91,13.4,10.2,29.0,0.00,ARMED,,18.0,4,
1791472484617,28.579268,77.304666,30.0,CNG,18.19,22.0,4,1172,49.8,6.89,,90.0,-3.13,-3.91,13.4,9.6,29.6,0.36,ARMED,,18.0,4,
1791472486245,28.579332,77.304618,31.0,CNG,20.04,22.0,4,1200,41.2,5.42,,90.0,-0.78,-3.91,13.6,9.6,30.4,0.66,ARMED,,17.3,4,
1791472487002,28.579399,77.304569,32.0,CNG,22.16,21.6,4,1250,41.2,5.03,,90.0,-0.78,-3.91,13.6,9.1,32.0,0.88,ARMED,,17.3,4,
1791472487809,28.579464,77.304519,33.0,CNG,23.68,21.6,4,1274,41.2,5.15,,90.0,-0.78,-3.91,13.5,9.1,32.7,0.89,ARMED,,17.3,4,
1791472489471,28.579604,77.304411,34.0,CNG,24.92,21.6,4,1292,38.0,5.17,,90.0,-0.78,-3.91,13.5,9.1,33.3,0.85,ARMED,,17.3,4,
1791472490268,28.579604,77.304411,34.0,CNG,25.63,21.6,4,1328,38.0,5.20,,90.0,-0.78,-3.91,13.5,9.1,34.2,0.61,ARMED,,17.3,4,
1791472491110,28.579677,77.304360,34.0,CNG,26.73,21.6,4,1337,38.0,4.87,,90.0,-0.78,-3.91,13.5,9.1,34.4,0.54,ARMED,,17.3,4,
1791472492796,28.579821,77.304251,35.0,CNG,28.25,21.6,4,1348,36.5,4.65,,90.0,-0.78,-3.91,13.5,9.1,34.7,0.49,ARMED,,17.3,4,
1791472493548,28.579894,77.304198,36.0,CNG,28.23,21.6,4,1371,36.5,5.22,,90.0,-0.78,-3.91,13.5,9.1,35.3,0.45,ARMED,,17.3,4,
1791472494315,28.579968,77.304141,36.0,CNG,26.41,21.6,4,1399,36.5,6.09,,90.0,-0.78,-3.91,13.5,9.1,35.9,0.51,ARMED,,17.3,4,
1791472495947,28.580040,77.304085,36.0,CNG,25.49,21.6,4,1388,44.7,6.07,,90.0,-0.78,-3.91,13.5,9.1,35.9,0.32,ARMED,,18.8,4,
1791472496758,28.580115,77.304031,37.0,CNG,24.16,21.2,4,1417,44.7,6.73,,90.0,-0.78,-3.91,13.5,8.6,36.5,0.34,ARMED,,18.8,4,
1791472497554,28.580189,77.303976,37.0,CNG,24.05,21.2,4,1436,44.7,6.33,,90.0,-0.78,-3.91,13.5,8.6,37.0,0.38,ARMED,,18.8,4,
1791472499244,28.580269,77.303921,37.0,CNG,24.83,16.5,,1271,37.6,5.80,,90.0,0.00,-3.91,13.5,2.1,37.0,0.00,ARMED,,16.5,,
1791472499973,28.580345,77.303863,37.0,CNG,27.74,19.2,5,1096,37.6,4.50,,90.0,0.00,-3.91,13.5,5.9,37.0,0.00,ARMED,,16.5,5,
1791472500761,28.580418,77.303805,37.0,CNG,35.04,19.2,5,1091,37.6,2.62,,90.0,0.00,-3.91,13.4,5.9,37.0,0.00,ARMED,,16.5,5,
1791472502419,28.580571,77.303696,37.0,CNG,37.57,19.6,5,1086,31.0,3.59,,90.0,2.34,-3.91,13.4,6.4,37.0,0.00,ARMED,,15.3,5,
1791472503214,28.580571,77.303696,36.0,CNG,40.71,19.6,5,1073,31.0,3.15,,90.0,2.34,-3.91,13.2,6.4,36.1,-0.41,ARMED,,15.3,5,
1791472503955,28.580644,77.303642,36.0,CNG,43.44,20.0,5,1080,31.0,3.04,,90.0,2.34,-3.91,13.2,7.0,36.1,-0.26,ARMED,,15.3,5,
1791472505696,28.580797,77.303527,36.0,CNG,40.35,20.4,5,1077,36.9,4.04,,90.0,0.00,-3.13,13.4,7.5,36.0,-0.22,ARMED,,16.1,5,
1791472506456,28.580871,77.303470,36.0,CNG,41.28,20.8,5,1079,36.9,3.44,,90.0,0.00,-3.13,13.4,8.0,36.1,-0.00,ARMED,,16.1,5,
1791472507234,28.580871,77.303470,36.0,CNG,39.07,20.8,5,1079,36.9,4.07,,90.0,0.00,-3.13,13.5,8.0,36.1,0.01,ARMED,,16.1,5,
1791472509068,28.581020,77.303358,36.0,CNG,35.65,20.8,5,1084,41.6,4.67,,90.0,-0.78,-3.13,13.4,8.0,36.2,0.04,ARMED,,16.5,5,
1791472509846,28.581096,77.303301,37.0,CNG,37.75,20.8,5,1092,41.6,3.66,,90.0,-0.78,-3.13,13.5,8.0,36.6,0.10,ARMED,,16.5,5,
1791472510630,28.581172,77.303244,37.0,CNG,35.45,20.8,5,1093,41.6,4.65,,90.0,-0.78,-3.13,13.5,8.0,36.7,0.10,ARMED,,16.5,5,
1791472512309,28.581323,77.303130,37.0,CNG,35.20,21.6,5,1098,46.7,4.34,,90.0,0.78,-3.13,13.2,9.1,36.8,0.12,ARMED,,17.3,5,
1791472513060,28.581323,77.303130,37.0,CNG,33.59,21.6,5,1115,46.7,4.81,,90.0,0.78,-3.13,13.2,9.1,37.4,0.20,ARMED,,17.3,5,
1791472513851,28.581399,77.303070,38.0,CNG,32.26,21.6,5,1128,46.7,5.09,,90.0,0.78,-3.13,13.4,9.1,37.7,0.25,ARMED,,17.3,5,
1791472515541,28.581555,77.302949,38.0,CNG,33.17,21.6,5,1132,54.1,4.49,,90.0,0.78,-3.13,13.4,9.1,37.9,0.27,ARMED,,18.4,5,
1791472516342,28.581635,77.302890,39.0,CNG,30.04,21.2,5,1150,54.1,6.03,,90.0,0.78,-3.13,13.3,8.6,38.6,0.31,ARMED,,18.4,5,
1791472517138,28.581635,77.302890,39.0,CNG,28.24,21.2,5,1162,54.1,6.14,,90.0,0.78,-3.13,13.3,8.6,39.0,0.34,ARMED,,18.4,5,
1791472518865,28.581800,77.302764,40.0,CNG,28.89,21.2,5,1174,53.3,5.47,,90.0,0.78,-3.13,13.3,8.6,39.4,0.38,ARMED,,18.4,5,
1791472519612,28.581880,77.302702,40.0,CNG,27.77,21.2,5,1194,53.3,6.22,,90.0,0.78,-3.13,13.3,8.6,40.1,0.40,ARMED,,18.4,5,
1791472520380,28.581965,77.302637,40.0,CNG,27.06,21.2,5,1203,53.3,6.27,,90.0,0.78,-3.13,13.2,8.6,40.4,0.40,ARMED,,18.4,5,
1791472522099,28.582049,77.302574,40.0,CNG,26.80,21.2,5,1204,40.4,6.19,,90.0,0.00,-3.13,13.2,8.6,40.5,0.35,ARMED,,16.9,5,
1791472522873,28.582134,77.302511,40.0,CNG,33.28,21.2,5,1213,40.4,3.14,,90.0,0.00,-3.13,13.4,8.6,40.7,0.15,ARMED,,16.9,5,
1791472523648,28.582218,77.302448,41.0,CNG,37.03,20.8,5,1218,40.4,3.78,,90.0,0.00,-3.13,13.4,8.0,40.8,0.15,ARMED,,16.9,5,
1791472525525,28.582390,77.302321,41.0,CNG,37.79,20.8,5,1225,34.9,4.30,,90.0,-0.78,-3.13,13.4,8.0,41.0,0.17,ARMED,,16.5,5,
1791472526377,28.582475,77.302258,41.0,CNG,38.26,20.8,5,1226,34.9,4.30,,90.0,-0.78,-3.13,13.4,8.0,41.1,0.12,ARMED,,16.5,5,
1791472527167,28.582475,77.302258,41.0,CNG,37.84,20.8,5,1219,34.9,4.50,,90.0,-0.78,-3.13,13.3,8.0,41.0,0.06,ARMED,,16.5,5,
1791472528895,28.582648,77.302130,41.0,CNG,41.03,20.8,5,1217,34.5,3.57,,90.0,-0.78,-3.13,13.3,8.0,40.9,0.01,ARMED,,16.5,5,
1791472529852,28.582733,77.302067,41.0,CNG,42.77,20.8,5,1220,34.5,3.67,,90.0,-0.78,-3.13,13.5,8.0,40.9,0.02,ARMED,,16.5,5,
1791472530670,28.582819,77.302004,41.0,CNG,40.21,20.8,5,1221,34.5,4.54,,89.0,-0.78,-3.13,13.5,8.0,40.9,0.02,ARMED,,16.5,5,
1791472532429,28.582987,77.301872,41.0,CNG,38.82,20.8,5,1218,34.9,4.54,,89.0,-0.78,-3.13,13.4,8.0,40.9,0.00,ARMED,,16.5,5,
1791472533368,28.583072,77.301809,41.0,CNG,36.54,20.8,5,1219,34.9,4.99,,89.0,-0.78,-3.13,13.4,8.0,40.9,0.00,ARMED,,16.5,5,
1791472534153,28.583072,77.301809,41.0,CNG,33.87,20.8,5,1204,34.9,5.49,,89.0,-0.78,-3.13,13.4,8.0,40.6,-0.17,ARMED,,16.5,5,
1791472535955,28.583238,77.301683,40.0,CNG,31.40,20.8,5,1203,47.1,5.79,,89.0,0.78,-3.13,13.4,8.0,40.4,-0.18,ARMED,,18.0,5,
1791472536749,28.583325,77.301618,40.0,CNG,29.95,20.8,5,1198,47.1,5.84,,89.0,0.78,-3.13,13.2,8.0,40.2,-0.17,ARMED,,18.0,5,
1791472537532,28.583408,77.301554,40.0,CNG,29.00,19.6,5,1203,47.1,5.91,,89.0,0.78,-3.13,13.2,6.4,40.2,-0.11,ARMED,,18.0,5,
1791472539176,28.583487,77.301491,40.0,CNG,31.27,19.6,5,1190,38.8,4.61,,89.0,0.00,-3.13,13.3,6.4,40.0,-0.15,ARMED,,15.3,5,
1791472539915,28.583571,77.301424,40.0,CNG,39.12,14.9,5,1157,38.8,2.60,,89.0,0.00,-3.13,13.3,0.0,39.0,-0.50,ARMED,,15.3,5,
1791472540713,28.583650,77.301363,38.0,CNG,47.62,14.9,5,1140,38.8,2.14,,89.0,0.00,-3.13,13.5,0.0,38.4,-0.56,ARMED,,15.3,5,
1791472542554,28.583788,77.301254,35.0,CNG,50.47,14.9,5,1066,23.5,2.55,,89.0,0.00,0.00,13.3,0.0,36.6,-1.36,ARMED,,13.3,5,
1791472543352,28.583839,77.301210,27.0,CNG,55.91,14.9,5,807,23.5,1.53,,89.0,0.00,0.00,13.0,0.0,27.8,-4.16,ARMED,,13.3,5,
1791472544106,28.583839,77.301210,20.0,CNG,53.42,14.9,4,722,23.5,1.70,,89.0,0.00,0.00,13.0,0.0,20.0,0.00,ARMED,,13.3,4,
1791472545856,28.583895,77.301156,14.0,CNG,42.36,14.9,3,723,25.1,2.19,,89.0,1.56,-0.78,13.4,0.0,14.0,0.00,ARMED,,18.8,3,
1791472546583,28.583912,77.301139,9.0,CNG,20.43,23.1,,821,25.1,5.28,,88.0,1.56,-0.78,13.4,11.2,9.0,0.00,ARMED,,18.8,,
1791472547333,28.583930,77.301117,10.0,CNG,12.41,23.5,,877,25.1,6.60,,88.0,1.56,-0.78,13.3,11.8,10.0,0.00,ARMED,,18.8,,
1791472549035,28.583952,77.301093,11.0,CNG,10.89,23.9,2,907,51.0,5.11,,88.0,3.91,-1.56,13.3,12.3,11.0,0.00,ARMED,,10.6,2,
1791472549848,28.583974,77.301068,12.0,CNG,7.72,27.1,,725,51.0,9.35,,88.0,3.91,-1.56,13.0,16.6,12.0,0.00,ARMED,,10.6,,
1791472550592,28.584000,77.301043,14.0,CNG,8.52,27.1,,696,51.0,5.77,,88.0,3.91,-1.56,13.0,16.6,14.0,0.00,ARMED,,10.6,,
1791472552342,28.584069,77.300987,16.0,CNG,10.37,27.1,3,800,87.8,4.62,,88.0,2.34,-3.13,13.5,16.6,16.0,0.00,ARMED,,11.4,2,
1791472553106,28.584069,77.300987,19.0,CNG,12.00,23.5,3,982,87.8,5.32,,89.0,2.34,-3.13,13.5,11.8,18.7,1.22,ARMED,,11.4,2,
1791472553877,28.584108,77.300957,20.0,CNG,10.52,23.9,3,993,87.8,8.93,,89.0,2.34,-3.13,13.2,12.3,19.8,1.37,ARMED,,11.4,2,
1791472555558,28.584198,77.300887,21.0,CNG,10.06,23.9,3,1083,82.4,9.01,,89.0,0.00,-3.13,13.2,12.3,21.4,1.66,ARMED,,30.2,2,
1791472556315,28.584249,77.300848,25.0,CNG,8.42,38.0,3,1285,82.4,14.38,,89.0,0.00,-3.13,13.4,31.6,25.4,2.25,ARMED,,30.2,2,
1791472557181,28.584249,77.300848,28.0,CNG,7.96,31.8,3,1421,82.4,15.28,,89.0,0.00,-3.13,13.4,23.0,28.0,2.56,ARMED,,30.2,2,
1791472558790,28.584363,77.300752,30.0,CNG,12.63,14.9,3,1474,96.5,2.87,,89.0,0.00,-3.13,13.2,0.0,29.5,2.39,ARMED,,34.5,2,
1791472559656,28.584422,77.300700,31.0,CNG,13.17,14.9,4,1191,96.5,9.09,,89.0,0.00,-3.13,13.2,0.0,31.0,0.00,ARMED,,34.5,3,
1791472560426,28.584486,77.300641,32.0,CNG,18.91,14.9,4,1242,96.5,2.92,,89.0,0.00,-3.13,13.3,0.0,31.7,0.37,ARMED,,34.5,3,
1791472562040,28.584541,77.300582,31.0,CNG,25.86,15.3,4,1193,22.4,2.31,,89.0,0.00,0.00,13.3,0.5,31.4,0.04,ARMED,,14.5,4,
1791472562783,28.584595,77.300527,29.0,CNG,30.61,20.0,4,1137,22.4,2.76,,89.0,0.00,0.00,13.5,7.0,29.3,-0.96,ARMED,,14.5,4,
1791472563557,28.584648,77.300471,29.0,CNG,33.66,20.0,4,1103,22.4,2.98,,90.0,0.00,0.00,13.5,7.0,28.3,-1.03,ARMED,,14.5,4,
1791472565344,28.584751,77.300359,29.0,CNG,33.86,20.4,4,1117,48.6,3.47,,90.0,0.00,-3.13,13.5,7.5,28.2,-0.65,ARMED,,17.6,4,
1791472566120,28.584751,77.300359,29.0,CNG,27.77,22.0,4,1127,48.6,5.43,,89.0,0.00,-3.13,13.5,9.6,28.6,0.09,ARMED,,17.6,4,
1791472566900,28.584803,77.300302,30.0,CNG,24.06,22.0,4,1158,48.6,6.09,,89.0,0.00,-3.13,13.5,9.6,29.3,0.42,ARMED,,17.6,4,
1791472568539,28.584903,77.300182,30.0,CNG,22.94,22.0,4,1160,49.8,5.71,,89.0,-1.56,-3.13,13.5,9.6,29.7,0.44,ARMED,,18.0,4,
1791472569321,28.584954,77.300119,30.0,CNG,22.20,22.0,4,1174,49.8,5.79,,89.0,-1.56,-3.13,13.2,9.6,30.1,0.37,ARMED,,18.0,4,
1791472570069,28.584954,77.300119,30.0,CNG,21.90,22.0,4,1183,49.8,5.71,,89.0,-1.56,-3.13,13.2,9.6,30.3,0.36,ARMED,,18.0,4,
1791472571746,28.585051,77.299988,30.0,CNG,22.58,22.0,4,1182,48.6,5.18,,89.0,-0.78,-3.13,13.5,9.6,30.4,0.30,ARMED,,19.6,4,
1791472572540,28.585100,77.299922,30.0,CNG,20.74,22.0,4,1189,48.6,6.63,,89.0,-0.78,-3.13,13.5,9.6,30.4,0.09,ARMED,,19.6,4,
1791472573326,28.585144,77.299854,31.0,CNG,20.36,21.6,4,1180,48.6,6.39,,89.0,-0.78,-3.13,13.4,9.1,30.3,0.03,ARMED,,19.6,4,
1791472575278,28.585187,77.299785,31.0,CNG,19.88,22.0,4,1187,57.6,6.59,,89.0,1.56,-3.91,13.1,9.6,30.4,0.05,ARMED,,19.2,4,
1791472576081,28.585231,77.299714,31.0,CNG,19.04,22.0,4,1201,57.6,7.07,,89.0,1.56,-3.91,13.3,9.6,30.8,0.11,ARMED,,19.2,4,
1791472576813,28.585275,77.299639,32.0,CNG,19.12,22.0,4,1229,57.6,6.80,,89.0,1.56,-3.91,13.3,9.6,31.3,0.35,ARMED,,19.2,4,
1791472578537,28.585365,77.299489,33.0,CNG,19.33,22.0,4,1261,53.3,6.87,,89.0,0.00,-3.13,13.5,9.6,32.1,0.66,ARMED,,19.2,4,
1791472579268,28.585365,77.299489,34.0,CNG,21.44,22.0,4,1314,53.3,5.48,,89.0,0.00,-3.13,13.5,9.6,33.7,0.91,ARMED,,19.2,4,
1791472580104,28.585412,77.299408,34.0,CNG,22.90,21.6,4,1339,53.3,5.47,,89.0,0.00,-3.13,13.2,9.1,34.4,0.90,ARMED,,19.2,4,
1791472581775,28.585516,77.299250,35.0,CNG,24.78,21.6,4,1355,39.2,5.10,,89.0,0.78,-3.13,13.2,9.1,34.9,0.85,ARMED,,17.6,4,
1791472582587,28.585569,77.299173,36.0,CNG,25.14,22.0,4,1398,39.2,5.73,,89.0,0.78,-3.13,13.2,9.6,36.0,0.68,ARMED,,17.6,4,
1791472583355,28.585627,77.299091,37.0,CNG,24.56,23.1,4,1428,39.2,6.36,,89.0,0.78,-3.13,13.2,11.2,36.7,0.71,ARMED,,17.6,4,
1791472585041,28.585688,77.299008,38.0,CNG,23.97,23.1,4,1456,42.7,6.70,,89.0,0.78,-3.13,13.3,11.2,37.4,0.76,ARMED,,18.8,4,
1791472585775,28.585748,77.298923,39.0,CNG,20.01,26.3,4,1512,42.7,9.82,,89.0,0.78,-3.13,13.3,15.5,38.9,0.82,ARMED,,18.8,4,
1791472586545,28.585812,77.298841,40.0,CNG,18.52,26.3,4,1566,42.7,9.75,,89.0,0.78,-3.13,13.4,15.5,40.0,1.10,ARMED,,18.8,4,
1791472588203,28.585951,77.298669,41.0,CNG,26.01,23.5,4,1684,56.9,2.77,,89.0,0.00,-3.91,13.4,11.8,42.3,1.97,ARMED,,19.2,4,
1791472589156,28.585951,77.298669,42.0,CNG,24.76,23.9,5,1241,56.9,7.40,,89.0,0.00,-3.91,13.5,12.3,42.0,0.00,ARMED,,19.2,5,
1791472589930,28.586025,77.298585,42.0,CNG,24.25,23.5,5,1261,56.9,7.29,,89.0,0.00,-3.91,13.5,11.8,42.0,0.00,ARMED,,19.2,5,
1791472591703,28.586181,77.298422,44.0,CNG,25.81,23.1,5,1282,44.7,6.34,,89.0,0.00,-3.13,13.5,11.2,43.3,0.76,ARMED,,18.4,5,
1791472592619,28.586269,77.298338,45.0,CNG,25.94,22.7,5,1326,44.7,7.04,,89.0,0.00,-3.13,13.5,10.7,45.0,0.82,ARMED,,18.4,5,
1791472593386,28.586356,77.298260,45.0,CNG,24.76,22.7,5,1317,44.7,7.92,,89.0,0.00,-3.13,13.4,10.7,45.0,0.51,ARMED,,18.4,5,
1791472595107,28.586443,77.298187,45.0,CNG,24.16,22.7,5,1337,58.4,7.88,,89.0,1.56,-3.13,13.4,10.7,45.4,0.48,ARMED,,20.0,5,
1791472596146,28.586536,77.298113,45.0,CNG,23.72,22.7,5,1329,58.4,7.96,,89.0,1.56,-3.13,13.1,10.7,45.2,-0.00,ARMED,,20.0,5,
1791472597243,28.586721,77.297978,44.0,CNG,23.15,22.7,5,1315,58.4,8.05,,89.0,1.56,-3.13,13.1,10.7,44.7,-0.26,ARMED,,20.0,5,
1791472599483,28.586904,77.297858,44.0,CNG,23.70,22.7,5,1301,49.8,7.32,,89.0,0.78,-3.13,13.1,10.7,44.2,-0.33,ARMED,,18.4,5,
1791472600543,28.587001,77.297802,43.0,CNG,25.72,22.7,5,1270,49.8,5.93,,90.0,0.78,-3.13,13.1,10.7,43.1,-0.40,ARMED,,18.4,5,
1791472601676,28.587096,77.297749,43.0,CNG,25.35,23.1,5,1260,49.8,7.09,,90.0,0.78,-3.13,13.4,11.2,42.7,-0.39,ARMED,,18.4,5,
1791472603882,28.587286,77.297649,42.0,CNG,24.87,23.1,5,1259,53.7,7.10,,90.0,1.56,-3.13,13.4,11.2,42.6,-0.22,ARMED,,19.2,5,
1791472605056,28.587379,77.297603,42.0,CNG,24.92,22.7,5,1244,53.7,6.87,,90.0,1.56,-3.13,13.5,10.7,42.1,-0.21,ARMED,,19.2,5,
1791472605971,28.587475,77.297558,42.0,CNG,24.76,22.7,5,1247,53.7,7.00,,90.0,1.56,-3.13,13.5,10.7,42.1,-0.16,ARMED,,19.2,5,
1791472607660,28.587657,77.297460,41.0,CNG,31.50,22.0,5,1248,49.8,3.08,,90.0,0.78,-2.34,13.3,9.6,42.1,-0.12,ARMED,,18.8,5,
1791472608512,28.587749,77.297408,40.0,CNG,30.18,22.7,5,1190,49.8,5.77,,90.0,0.78,-2.34,13.3,10.7,40.4,-0.81,ARMED,,18.8,5,
1791472609358,28.587837,77.297359,40.0,CNG,29.38,22.4,5,1164,49.8,5.79,,90.0,0.78,-2.34,13.6,10.2,39.5,-0.88,ARMED,,18.8,5,
1791472611121,28.587926,77.297312,39.0,CNG,36.45,23.5,5,1169,60.0,2.73,,90.0,0.78,-2.34,13.3,11.8,39.2,-0.61,ARMED,,19.6,5,
1791472611928,28.588016,77.297264,39.0,CNG,30.47,23.5,5,1146,60.0,6.55,,90.0,0.78,-2.34,13.5,11.8,38.7,-0.37,ARMED,,19.6,5,
1791472612670,28.588102,77.297221,39.0,CNG,24.00,23.5,5,1159,60.0,8.79,,90.0,0.78,-2.34,13.5,11.8,38.9,-0.10,ARMED,,19.6,5,
1791472614316,28.588274,77.297135,39.0,CNG,29.67,14.9,5,1159,25.1,3.45,,90.0,-3.91,-2.34,13.2,0.0,39.0,-0.03,ARMED,,14.1,5,
1791472615058,28.588274,77.297135,36.0,CNG,21.08,26.3,5,1102,25.1,10.28,,90.0,-3.91,-2.34,13.2,15.5,37.4,-0.79,ARMED,,14.1,4,
1791472615803,28.588353,77.297092,37.0,CNG,18.58,26.7,5,1085,25.1,9.62,,90.0,-3.91,-2.34,13.5,16.1,36.7,-0.83,ARMED,,14.1,4,
1791472617453,28.588521,77.297000,37.0,CNG,17.08,26.7,5,1104,47.1,9.94,,90.0,0.00,-3.13,13.5,16.1,36.8,-0.39,ARMED,,14.9,4,
1791472618225,28.588521,77.297000,37.0,CNG,18.09,23.9,5,1128,47.1,7.61,,90.0,0.00,-3.13,13.3,12.3,37.7,0.34,ARMED,,14.9,5,
1791472618961,28.588604,77.296955,38.0,CNG,18.24,23.9,5,1123,47.1,8.41,,90.0,0.00,-3.13,13.3,12.3,37.8,0.31,ARMED,,14.9,5,
1791472620617,28.588779,77.296860,39.0,CNG,18.25,23.9,5,1142,73.3,8.73,,90.0,0.00,-3.13,13.3,12.3,38.3,0.38,ARMED,,19.6,4,
1791472621382,28.588867,77.296809,40.0,CNG,19.94,23.9,5,1191,73.3,7.11,,90.0,0.00,-3.13,13.3,12.3,39.9,0.84,ARMED,,19.6,4,
1791472622197,28.588958,77.296755,41.0,CNG,21.78,23.9,5,1221,73.3,6.69,,90.0,0.00,-3.13,13.5,12.3,40.9,1.02,ARMED,,19.6,4,
1791472623974,28.589049,77.296702,42.0,CNG,22.37,23.9,5,1248,56.5,7.38,,90.0,0.78,-2.34,13.5,12.3,41.9,1.06,ARMED,,16.9,5,
1791472624862,28.589148,77.296645,43.0,CNG,26.00,22.4,5,1279,56.5,5.20,,90.0,0.78,-2.34,13.5,10.2,43.1,0.74,ARMED,,16.9,5,
1791472625584,28.589243,77.296589,43.0,CNG,26.30,23.1,5,1282,56.5,6.57,,90.0,0.78,-2.34,13.5,11.2,43.3,0.55,ARMED,,16.9,5,
1791472627338,28.589438,77.296477,44.0,CNG,26.00,23.1,5,1300,50.6,7.03,,90.0,0.78,-2.34,13.6,11.2,43.8,0.54,ARMED,,19.2,5,
1791472628245,28.589438,77.296477,45.0,CNG,26.93,23.9,5,1339,50.6,6.48,,90.0,0.78,-2.34,13.6,12.3,45.0,0.60,ARMED,,19.2,5,
1791472629027,28.589538,77.296420,45.0,CNG,25.68,23.9,5,1351,50.6,7.65,,90.0,0.78,-2.34,13.5,12.3,45.4,0.59,ARMED,,19.2,5,
1791472630767,28.589742,77.296304,46.0,CNG,25.49,23.9,5,1375,50.6,7.45,,90.0,0.00,-2.34,13.5,12.3,46.1,0.64,ARMED,,19.2,5,
1791472631690,28.589842,77.296245,47.0,CNG,25.80,23.5,5,1395,50.6,7.32,,90.0,0.00,-2.34,13.4,11.8,46.9,0.57,ARMED,,19.2,5,
1791472632473,28.589949,77.296182,48.0,CNG,26.79,22.4,5,1402,50.6,6.92,,90.0,0.00,-2.34,13.4,10.2,47.3,0.53,ARMED,,19.2,5,
1791472634217,28.590158,77.296054,48.0,CNG,26.76,22.4,5,1419,49.0,7.34,,90.0,-0.78,-2.34,13.4,10.2,47.8,0.54,ARMED,,19.2,5,
1791472635116,28.590158,77.296054,48.0,CNG,25.84,22.4,5,1426,49.0,7.98,,90.0,-0.78,-2.34,13.4,10.2,48.1,0.26,ARMED,,19.2,5,
1791472635896,28.590263,77.295990,48.0,CNG,25.86,22.4,5,1439,49.0,7.58,,90.0,-0.78,-2.34,13.4,10.2,48.4,0.28,ARMED,,19.2,5,
1791472637671,28.590477,77.295865,48.0,CNG,26.16,22.4,5,1443,50.6,7.37,,90.0,0.78,-2.34,13.4,10.2,48.5,0.26,ARMED,,19.6,5,
1791472638587,28.590584,77.295802,49.0,CNG,28.23,22.4,5,1458,50.6,6.27,,90.0,0.78,-2.34,13.4,10.2,49.0,0.26,ARMED,,19.6,5,
1791472639322,28.590690,77.295739,49.0,CNG,29.62,22.0,5,1463,50.6,6.27,,90.0,0.78,-2.34,13.4,9.6,49.2,0.25,ARMED,,19.6,5,
1791472641103,28.590803,77.295673,50.0,CNG,34.89,22.7,5,1476,40.0,4.34,,90.0,0.78,-3.13,13.3,10.7,49.6,0.29,ARMED,,18.4,5,
1791472641988,28.590913,77.295608,50.0,CNG,33.52,22.4,5,1481,40.0,6.45,,90.0,0.78,-3.13,13.3,10.2,49.8,0.24,ARMED,,18.4,5,
1791472642733,28.591023,77.295542,50.0,CNG,33.51,22.4,5,1492,40.0,6.10,,90.0,0.78,-3.13,13.3,10.2,50.1,0.27,ARMED,,18.4,5,
1791472644651,28.591245,77.295405,51.0,CNG,33.53,22.7,5,1516,37.3,6.21,,90.0,0.00,-3.13,13.5,10.7,50.8,0.51,ARMED,,18.0,5,
1791472645521,28.591356,77.295333,52.0,CNG,34.48,22.0,5,1540,37.3,5.91,,90.0,0.00,-3.13,13.5,9.6,51.8,0.52,ARMED,,18.0,5,
1791472646319,28.591469,77.295263,52.0,CNG,36.05,22.0,5,1549,37.3,5.50,,89.0,0.00,-3.13,13.5,9.6,52.2,0.50,ARMED,,18.0,5,
1791472648099,28.591578,77.295193,52.0,CNG,35.77,22.0,5,1556,35.3,6.01,,89.0,0.78,-3.13,13.4,9.6,52.4,0.45,ARMED,,18.0,5,
1791472648999,28.591694,77.295119,52.0,CNG,38.65,21.2,5,1576,35.3,4.84,,89.0,0.78,-3.13,13.4,8.6,52.9,0.38,ARMED,,18.0,5,
1791472649779,28.591807,77.295045,53.0,CNG,39.82,21.2,5,1565,35.3,5.20,,89.0,0.78,-3.13,13.3,8.6,52.8,0.14,ARMED,,18.0,5,
1791472651525,28.592036,77.294900,53.0,CNG,40.60,21.2,5,1576,29.4,5.18,,89.0,0.78,-3.13,13.3,8.6,52.9,0.14,ARMED,,17.3,5,
1791472652542,28.592151,77.294828,53.0,CNG,37.80,21.2,5,1588,29.4,6.32,,89.0,0.78,-3.13,13.3,8.6,53.3,0.16,LOCKED,53.3,17.3,5,
1791472653330,28.592266,77.294755,53.0,CNG,36.01,21.6,5,1584,29.4,6.44,,89.0,0.78,-3.13,13.3,9.1,53.2,0.11,LOCKED,53.3,17.3,5,
1791472655022,28.592382,77.294682,53.0,CNG,33.77,21.6,5,1582,41.6,7.01,,89.0,0.00,-2.34,13.5,9.1,53.2,0.07,LOCKED,53.3,20.4,5,
1791472655906,28.592494,77.294610,53.0,CNG,32.00,22.0,5,1594,41.6,7.30,,88.0,0.00,-2.34,13.5,9.6,53.4,0.09,LOCKED,53.3,20.4,5,
1791472656721,28.592614,77.294534,54.0,CNG,30.68,22.0,5,1603,41.6,7.63,,88.0,0.00,-2.34,13.2,9.6,53.6,0.14,LOCKED,53.3,20.4,5,
1791472658565,28.592848,77.294386,54.0,CNG,30.11,22.0,5,1616,35.3,7.53,,88.0,0.00,-2.34,13.2,9.6,54.1,0.22,LOCKED,53.3,18.4,5,
1791472659482,28.592969,77.294311,54.0,CNG,32.12,22.0,5,1611,35.3,6.19,,88.0,0.00,-2.34,13.4,9.6,54.1,0.04,LOCKED,53.3,18.4,5,
1791472660268,28.593085,77.294240,55.0,CNG,34.86,22.0,5,1630,35.3,5.64,,88.0,0.00,-2.34,13.4,9.6,54.4,0.24,LOCKED,53.3,18.4,5,
1791472662066,28.593208,77.294165,55.0,CNG,37.01,22.0,5,1627,33.7,5.52,,88.0,-0.78,-3.13,13.4,9.6,54.6,0.23,LOCKED,53.3,18.0,5,
1791472662940,28.593329,77.294092,56.0,CNG,37.74,21.6,5,1652,33.7,5.89,,88.0,-0.78,-3.13,13.4,9.1,55.4,0.41,LOCKED,53.3,18.0,5,
1791472663697,28.593451,77.294019,56.0,CNG,39.90,21.6,5,1676,33.7,5.25,,88.0,-0.78,-3.13,13.4,9.1,56.1,0.60,LOCKED,53.3,18.0,5,
1791472665449,28.593701,77.293867,57.0,CNG,40.43,21.2,5,1686,27.8,5.65,,88.0,-0.78,-3.13,13.4,8.6,56.6,0.61,LOCKED,53.3,17.6,5,
1791472666341,28.593828,77.293792,58.0,CNG,41.87,21.2,5,1740,27.8,5.37,,88.0,-0.78,-3.13,13.2,8.6,58.3,0.90,LOCKED,53.3,17.6,5,
1791472667089,28.593828,77.293792,59.0,CNG,44.62,21.2,5,1767,27.8,4.89,,88.0,-0.78,-3.13,13.2,8.6,59.2,0.95,LOCKED,53.3,17.6,5,
1791472668871,28.594094,77.293641,60.0,CNG,46.15,20.8,5,1771,22.4,5.05,,88.0,0.00,-3.13,13.4,8.0,59.7,0.75,LOCKED,53.3,16.5,5,
1791472669794,28.594228,77.293567,61.0,CNG,50.82,20.4,5,1823,22.4,4.19,,87.0,0.00,-3.13,13.4,7.5,61.2,0.78,LOCKED,53.3,16.5,5,
1791472670619,28.594368,77.293489,62.0,CNG,58.16,19.6,5,1833,22.4,3.45,,87.0,0.00,-3.13,13.5,6.4,61.6,0.73,LOCKED,53.3,16.5,5,
1791472672399,28.594645,77.293337,63.0,CNG,63.81,19.6,5,1845,19.6,3.47,,87.0,0.78,-3.91,13.5,6.4,62.1,0.68,LOCKED,53.3,16.5,5,
1791472673251,28.594645,77.293337,63.0,CNG,61.02,19.6,5,1889,19.6,4.49,,87.0,0.78,-3.91,13.4,6.4,63.4,0.71,LOCKED,53.3,16.5,5,
1791472674107,28.594791,77.293264,64.0,CNG,55.23,19.6,5,1907,19.6,5.39,,87.0,0.78,-3.91,13.4,6.4,64.0,0.73,ARMED,,16.5,5,
1791472675787,28.595086,77.293126,64.0,CNG,55.45,19.6,5,1903,27.5,4.69,,87.0,0.00,-3.91,13.3,6.4,64.1,0.45,ARMED,,18.8,5,
1791472676659,28.595235,77.293056,65.0,CNG,45.82,21.2,5,1938,27.5,7.27,,86.0,0.00,-3.91,13.3,8.6,65.1,0.47,ARMED,,18.8,5,
1791472677511,28.595383,77.292986,66.0,CNG,42.08,21.2,5,1958,27.5,7.17,,86.0,0.00,-3.91,13.5,8.6,65.6,0.53,ARMED,,18.8,5,
1791472679361,28.595681,77.292841,66.0,CNG,41.90,21.2,5,1963,25.5,6.48,,87.0,-0.78,-3.91,13.4,8.6,66.0,0.49,ARMED,,17.6,5,
1791472680243,28.595681,77.292841,67.0,CNG,46.64,20.0,5,1968,25.5,4.90,,87.0,-0.78,-3.91,13.3,7.0,66.3,0.21,ARMED,,17.6,5,
1791472681044,28.595836,77.292761,66.0,CNG,52.26,19.6,5,1955,25.5,4.23,,87.0,-0.78,-3.91,13.3,6.4,66.0,-0.03,ARMED,,17.6,5,
1791472682833,28.596132,77.292607,65.0,CNG,54.17,19.6,5,1944,19.6,4.63,,87.0,0.78,-3.91,13.4,6.4,65.6,-0.26,ARMED,,16.5,5,
1791472683747,28.596280,77.292538,64.0,CNG,59.03,19.6,5,1919,19.6,3.82,,88.0,0.78,-3.91,13.4,6.4,64.5,-0.51,ARMED,,16.5,5,
1791472684535,28.596428,77.292473,64.0,CNG,62.04,19.6,5,1895,19.6,3.89,,88.0,0.78,-3.91,13.3,6.4,63.9,-0.68,ARMED,,16.5,5,
1791472686279,28.596713,77.292340,63.0,CNG,61.51,20.0,5,1894,23.5,4.24,,88.0,1.56,-3.13,13.3,7.0,63.5,-0.61,ARMED,,17.3,5,
1791472687153,28.596713,77.292340,63.0,CNG,54.02,21.2,5,1867,23.5,5.65,,88.0,1.56,-3.13,13.5,8.6,62.7,-0.55,ARMED,,17.3,5,
1791472687880,28.596855,77.292271,63.0,CNG,50.71,21.2,5,1859,23.5,5.55,,89.0,1.56,-3.13,13.5,8.6,62.4,-0.51,ARMED,,17.3,5,
1791472689706,28.597146,77.292130,62.0,CNG,47.72,21.6,5,1856,28.6,5.79,,89.0,0.78,-2.34,13.5,9.1,62.2,-0.44,ARMED,,18.0,5,
1791472690613,28.597287,77.292059,62.0,CNG,44.59,21.6,5,1852,28.6,6.25,,89.0,0.78,-2.34,13.5,9.1,62.1,-0.14,ARMED,,18.0,5,
1791472691424,28.597429,77.291983,62.0,CNG,42.80,21.6,5,1847,28.6,6.28,,89.0,0.78,-2.34,13.4,9.1,62.0,-0.13,ARMED,,18.0,5,
1791472693184,28.597711,77.291840,62.0,CNG,42.12,21.6,5,1842,34.5,6.16,,90.0,0.00,-2.34,13.4,9.1,61.9,-0.14,ARMED,,19.2,5,
1791472694253,28.597711,77.291840,62.0,CNG,39.24,21.6,5,1845,34.5,7.12,,90.0,0.00,-2.34,13.4,9.1,62.0,-0.07,LOCKED,62.0,19.2,5,
1791472695083,28.597851,77.291769,62.0,CNG,37.63,21.6,5,1836,34.5,7.15,,90.0,0.00,-2.34,13.4,9.1,61.8,-0.11,LOCKED,62.0,19.2,5,
1791472696811,28.598129,77.291627,62.0,CNG,35.89,21.6,5,1836,36.5,7.55,,90.0,-0.78,-1.56,13.4,9.1,61.7,-0.09,LOCKED,62.0,19.2,5,
1791472697686,28.598270,77.291554,62.0,CNG,36.22,21.6,5,1837,36.5,6.90,,90.0,-0.78,-1.56,13.4,9.1,61.8,-0.05,LOCKED,62.0,19.2,5,
1791472698482,28.598409,77.291482,61.0,CNG,35.73,21.6,5,1831,36.5,7.12,,90.0,-0.78,-1.56,13.4,9.1,61.6,-0.08,LOCKED,62.0,19.2,5,
1791472700272,28.598690,77.291344,62.0,CNG,37.88,21.6,5,1827,28.6,6.09,,90.0,0.00,-2.34,13.4,9.1,61.5,-0.09,LOCKED,62.0,18.0,5,
1791472701189,28.598690,77.291344,61.0,CNG,39.18,21.6,5,1811,28.6,6.03,,90.0,0.00,-2.34,13.5,9.1,61.0,-0.17,LOCKED,62.0,18.0,5,
1791472701926,28.598827,77.291271,61.0,CNG,40.12,21.6,5,1831,28.6,5.99,,90.0,0.00,-2.34,13.5,9.1,61.3,0.09,LOCKED,62.0,18.0,5,
1791472703711,28.599099,77.291124,61.0,CNG,43.00,21.6,5,1829,29.4,5.17,,90.0,-1.56,-2.34,13.3,9.1,61.4,0.11,LOCKED,62.0,18.8,5,
1791472704571,28.599240,77.291050,61.0,CNG,41.51,23.1,5,1818,29.4,6.32,,90.0,-1.56,-2.34,13.3,11.2,61.1,-0.12,LOCKED,62.0,18.8,5,
1791472705372,28.599375,77.290980,61.0,CNG,40.01,23.1,5,1805,29.4,6.57,,90.0,-1.56,-2.34,13.4,11.2,60.8,-0.19,LOCKED,62.0,18.8,5,
1791472707168,28.599511,77.290908,60.0,CNG,37.15,24.7,5,1801,45.1,7.32,,89.0,1.56,-1.56,13.4,13.4,60.5,-0.22,LOCKED,62.0,20.0,5,
1791472708078,28.599646,77.290839,60.0,CNG,33.78,24.7,5,1779,45.1,8.26,,89.0,1.56,-1.56,13.5,13.4,59.8,-0.29,LOCKED,62.0,20.0,5,
1791472708808,28.599781,77.290769,59.0,CNG,32.16,24.7,5,1768,45.1,8.05,,89.0,1.56,-1.56,13.5,13.4,59.5,-0.32,LOCKED,62.0,20.0,5,
1791472710633,28.600046,77.290634,59.0,CNG,30.25,24.7,5,1738,45.5,8.69,,89.0,-0.78,-1.56,13.5,13.4,58.7,-0.62,LOCKED,62.0,20.0,5,
1791472711519,28.600173,77.290571,58.0,CNG,29.06,25.5,5,1717,45.5,8.65,,88.0,-0.78,-1.56,13.5,14.4,57.7,-0.58,LOCKED,62.0,20.0,5,
1791472712330,28.600308,77.290505,58.0,CNG,27.70,25.5,5,1721,45.5,9.17,,88.0,-0.78,-1.56,13.5,14.4,57.7,-0.37,LOCKED,62.0,20.0,5,
1791472714243,28.600564,77.290376,57.0,CNG,24.87,25.9,5,1707,60.0,10.84,,88.0,0.78,-1.56,13.4,15.0,57.4,-0.35,LOCKED,62.0,22.0,5,
1791472715153,28.600564,77.290376,57.0,CNG,23.55,25.9,5,1690,60.0,10.69,,88.0,0.78,-1.56,13.5,15.0,56.8,-0.32,LOCKED,62.0,22.0,5,
1791472715928,28.600692,77.290307,56.0,CNG,22.64,25.5,5,1669,60.0,10.71,,88.0,0.78,-1.56,13.5,14.4,56.3,-0.48,LOCKED,62.0,22.0,5,
1791472717715,28.600939,77.290172,56.0,CNG,23.56,18.4,5,1667,56.1,9.11,,88.0,-5.47,-1.56,13.4,4.8,56.0,-0.44,LOCKED,62.0,21.2,5,
1791472718585,28.601060,77.290104,55.0,CNG,22.69,25.1,5,1639,56.1,10.47,,88.0,-5.47,-1.56,13.4,13.9,55.1,-0.46,LOCKED,62.0,21.2,5,
1791472719359,28.601181,77.290038,54.0,CNG,24.49,25.1,5,1621,56.1,7.90,,88.0,-5.47,-1.56,13.4,13.9,54.6,-0.51,LOCKED,62.0,21.2,5,
1791472721174,28.601427,77.289908,54.0,CNG,24.77,24.7,5,1624,48.2,8.76,,89.0,0.78,-1.56,13.4,13.4,54.4,-0.36,LOCKED,62.0,20.0,5,
1791472722074,28.601427,77.289908,54.0,CNG,25.30,24.7,5,1608,48.2,8.44,,89.0,0.78,-1.56,13.5,13.4,54.0,-0.31,LOCKED,62.0,20.0,5,
1791472722805,28.601552,77.289844,54.0,CNG,25.54,24.7,5,1629,48.2,8.52,,89.0,0.78,-1.56,13.5,13.4,54.3,0.02,LOCKED,62.0,20.0,5,
1791472724617,28.601804,77.289718,55.0,CNG,25.70,24.7,5,1620,46.7,8.66,,89.0,0.00,-1.56,13.3,13.4,54.4,0.04,LOCKED,62.0,20.0,5,
1791472725518,28.601925,77.289656,56.0,CNG,26.65,24.7,5,1653,46.7,8.13,,89.0,0.00,-1.56,13.3,13.4,55.5,0.49,LOCKED,62.0,20.0,5,
1791472726348,28.602053,77.289593,56.0,CNG,26.37,24.7,5,1675,46.7,8.81,,89.0,0.00,-1.56,13.4,13.4,56.1,0.66,LOCKED,62.0,20.0,5,
1791472728111,28.602182,77.289530,56.0,CNG,28.24,23.9,5,1663,45.1,7.25,,89.0,-0.78,-1.56,13.4,12.3,56.2,0.33,LOCKED,62.0,20.0,5,
1791472728968,28.602312,77.289469,57.0,CNG,28.63,24.7,5,1702,45.1,7.97,,89.0,-0.78,-1.56,13.4,13.4,57.1,0.51,LOCKED,62.0,20.0,5,
1791472729712,28.602445,77.289407,58.0,CNG,28.33,24.7,5,1726,45.1,8.50,,89.0,-0.78,-1.56,13.4,13.4,57.8,0.68,LOCKED,62.0,20.0,5,
1791472731518,28.602717,77.289282,58.0,CNG,28.19,24.7,5,1715,43.9,8.47,,89.0,-0.78,-1.56,13.3,13.4,57.9,0.40,LOCKED,62.0,20.0,5,
1791472732418,28.602849,77.289218,59.0,CNG,28.11,24.7,5,1763,43.9,8.61,,89.0,-0.78,-1.56,13.3,13.4,59.2,0.64,LOCKED,62.0,20.0,5,
1791472733202,28.602986,77.289150,60.0,CNG,28.21,24.7,5,1772,43.9,8.65,,89.0,-0.78,-1.56,13.5,13.4,59.6,0.62,LOCKED,62.0,20.0,5,
1791472734948,28.603123,77.289081,60.0,CNG,26.64,24.7,5,1783,50.6,9.96,,89.0,0.00,-1.56,13.5,13.4,60.0,0.58,LOCKED,62.0,20.8,5,
1791472735824,28.603257,77.289015,61.0,CNG,25.59,24.7,5,1821,50.6,10.30,,89.0,0.00,-1.56,13.2,13.4,61.2,0.61,LOCKED,62.0,20.8,5,
1791472736566,28.603400,77.288943,61.0,CNG,25.37,24.3,5,1840,50.6,9.95,,89.0,0.00,-1.56,13.2,12.8,61.7,0.64,LOCKED,62.0,20.8,5,
1791472738397,28.603677,77.288801,62.0,CNG,25.87,24.3,5,1832,49.4,9.51,,89.0,-1.56,-1.56,13.3,12.8,61.8,0.35,LOCKED,62.0,20.4,5,
1791472739315,28.603822,77.288729,62.0,CNG,26.06,23.9,5,1837,49.4,9.62,,89.0,-1.56,-1.56,13.3,12.3,61.8,0.08,LOCKED,62.0,20.4,5,
1791472740087,28.603822,77.288729,63.0,CNG,28.09,23.9,5,1869,49.4,8.12,,89.0,-1.56,-1.56,13.5,12.3,62.4,0.41,LOCKED,62.0,20.4,5,
1791472741860,28.604104,77.288584,63.0,CNG,29.46,23.9,5,1877,38.4,8.11,,89.0,0.00,-1.56,13.5,12.3,63.0,0.46,LOCKED,62.0,19.6,5,
1791472742765,28.604243,77.288512,64.0,CNG,30.92,23.9,5,1899,38.4,7.85,,89.0,0.00,-1.56,13.6,12.3,63.8,0.46,LOCKED,62.0,19.6,5,
1791472743544,28.604391,77.288437,64.0,CNG,32.84,23.5,5,1915,38.4,7.23,,89.0,0.00,-1.56,13.6,11.8,64.3,0.50,LOCKED,62.0,19.6,5,
1791472745387,28.604688,77.288289,65.0,CNG,34.05,23.5,5,1945,35.3,7.38,,89.0,0.78,-2.34,13.4,11.8,65.2,0.73,LOCKED,62.0,19.2,5,
1791472746225,28.604688,77.288289,67.0,CNG,35.77,23.5,5,1990,35.3,7.10,,89.0,0.78,-2.34,13.4,11.8,66.8,0.81,LOCKED,62.0,19.2,5,
1791472747040,28.604842,77.288212,68.0,CNG,37.04,23.1,5,2029,35.3,7.12,,89.0,0.78,-2.34,13.5,11.2,67.9,1.06,LOCKED,62.0,19.2,5,
1791472748944,28.605155,77.288053,69.0,CNG,37.11,22.4,5,2068,27.5,7.58,,88.0,0.78,-2.34,13.5,10.2,69.3,1.29,LOCKED,62.0,17.6,5,
1791472749861,28.605315,77.287971,71.0,CNG,42.90,14.9,5,2116,27.5,5.26,,88.0,0.78,-2.34,13.5,0.0,71.1,1.02,LOCKED,62.0,17.6,5,
1791472750640,28.605476,77.287890,71.0,CNG,49.20,20.4,5,2109,27.5,4.64,,88.0,0.78,-2.34,13.5,7.5,71.2,0.62,LOCKED,62.0,17.6,5,
1791472752414,28.605801,77.287717,72.0,CNG,52.84,14.9,5,2123,19.2,4.97,,88.0,0.00,0.00,13.5,0.0,71.5,0.44,LOCKED,62.0,16.9,5,
1791472753340,28.605953,77.287642,68.0,CNG,55.35,14.9,5,2050,19.2,4.65,,88.0,0.00,0.00,13.5,0.0,69.2,-0.96,LOCKED,62.0,16.9,5,
1791472754163,28.605953,77.287642,66.0,CNG,55.59,14.9,5,1975,19.2,4.82,,88.0,0.00,0.00,13.5,0.0,67.1,-1.73,LOCKED,62.0,16.9,5,
1791472755905,28.606246,77.287494,63.0,CNG,55.60,14.9,5,1880,20.4,4.63,,87.0,0.00,0.00,13.5,0.0,63.8,-2.68,LOCKED,62.0,16.1,5,
1791472756870,28.606371,77.287426,56.0,CNG,59.72,14.9,5,1691,20.4,3.33,,87.0,0.00,0.00,13.4,0.0,56.9,-3.59,LOCKED,62.0,16.1,5,
1791472757622,28.606495,77.287359,54.0,CNG,58.25,14.9,5,1602,20.4,3.95,,87.0,0.00,0.00,13.4,0.0,53.8,-3.74,LOCKED,62.0,16.1,5,
1791472759463,28.606730,77.287235,53.0,CNG,59.19,14.9,5,1573,25.1,3.56,,87.0,0.00,-1.56,13.4,0.0,52.0,-2.91,LOCKED,62.0,16.9,5,
1791472760357,28.606852,77.287178,51.0,CNG,57.97,14.9,5,1520,25.1,3.72,,87.0,0.00,-1.56,13.4,0.0,50.5,-1.19,LOCKED,62.0,16.9,5,
1791472761354,28.606963,77.287125,51.0,CNG,40.27,22.0,5,1514,25.1,7.70,,87.0,0.00,-1.56,13.4,9.6,50.3,-0.75,ARMED,,16.9,5,
1791472763120,28.607078,77.287070,50.0,CNG,36.78,22.0,5,1493,23.9,6.32,,87.0,-1.56,-1.56,13.4,9.6,49.9,-0.55,ARMED,,19.6,5,
1791472764024,28.607196,77.287010,51.0,CNG,34.15,22.7,5,1506,23.9,6.77,,87.0,-1.56,-1.56,13.5,10.7,50.4,0.10,ARMED,,19.6,5,
1791472764757,28.607311,77.286953,51.0,CNG,32.89,22.7,5,1519,23.9,6.69,,87.0,-1.56,-1.56,13.5,10.7,50.8,0.30,ARMED,,19.6,5,
1791472766611,28.607541,77.286838,51.0,CNG,32.56,22.7,5,1522,38.8,6.50,,87.0,-3.13,-1.56,13.5,10.7,51.1,0.30,ARMED,,18.8,5,
1791472767536,28.607658,77.286773,52.0,CNG,32.76,22.0,5,1558,38.8,6.43,,88.0,-3.13,-1.56,13.5,9.6,52.2,0.54,ARMED,,18.8,5,
1791472768350,28.607779,77.286708,52.0,CNG,36.74,14.9,5,1561,38.8,4.74,,88.0,-3.13,-1.56,13.4,0.0,52.4,0.49,ARMED,,18.8,5,
1791472770100,28.607892,77.286648,52.0,CNG,42.54,18.8,5,1530,20.4,3.82,,89.0,-0.78,0.00,13.4,5.4,51.8,-0.10,ARMED,,15.3,5,
1791472771060,28.608009,77.286587,51.0,CNG,41.08,21.6,5,1516,20.4,5.34,,89.0,-0.78,0.00,13.5,9.1,51.0,-0.41,ARMED,,15.3,5,
1791472771852,28.608128,77.286524,51.0,CNG,39.99,20.4,5,1522,20.4,5.42,,89.0,-0.78,0.00,13.5,7.5,50.9,-0.25,ARMED,,15.3,5,
1791472773588,28.608353,77.286396,52.0,CNG,41.13,20.8,5,1541,27.5,4.95,,89.0,-1.56,-2.34,13.3,8.0,51.4,0.14,ARMED,,16.9,5,
1791472774423,28.608466,77.286328,51.0,CNG,43.08,20.8,5,1532,27.5,4.49,,89.0,-1.56,-2.34,13.3,8.0,51.4,0.10,ARMED,,16.9,5,
1791472775244,28.608577,77.286259,52.0,CNG,44.32,20.8,5,1534,27.5,4.59,,89.0,-1.56,-2.34,13.4,8.0,51.5,0.09,ARMED,,16.9,5,
1791472776931,28.608693,77.286186,52.0,CNG,40.50,21.2,5,1542,36.9,5.92,,90.0,-3.13,-2.34,13.4,8.6,51.7,0.13,ARMED,,18.4,5,
1791472777857,28.608801,77.286116,51.0,CNG,37.92,21.2,5,1531,36.9,6.03,,90.0,-3.13,-2.34,13.4,8.6,51.4,-0.10,ARMED,,18.4,5,
1791472778632,28.608913,77.286045,52.0,CNG,34.92,21.2,5,1530,36.9,6.80,,90.0,-3.13,-2.34,13.4,8.6,51.3,-0.10,ARMED,,18.4,5,
1791472780501,28.609137,77.285899,52.0,CNG,33.65,21.2,5,1537,38.8,6.66,,90.0,0.00,-3.13,13.2,8.6,51.5,-0.03,ARMED,,18.8,5,
1791472781358,28.609243,77.285826,52.0,CNG,33.77,14.9,5,1547,38.8,6.26,,90.0,0.00,-3.13,13.2,0.0,51.9,0.17,ARMED,,18.8,5,
1791472782164,28.609243,77.285826,52.0,CNG,41.46,14.9,5,1542,38.8,3.38,,90.0,0.00,-3.13,13.4,0.0,51.9,0.13,ARMED,,18.8,5,
1791472784107,28.609458,77.285679,51.0,CNG,49.51,14.9,5,1513,20.4,2.96,,90.0,0.00,0.00,13.5,0.0,51.2,-0.31,ARMED,,15.3,5,
1791472784986,28.609564,77.285611,46.0,CNG,51.47,14.9,5,1381,20.4,3.41,,90.0,0.00,0.00,13.3,0.0,46.7,-1.98,ARMED,,15.3,5,
1791472785767,28.609659,77.285547,45.0,CNG,45.13,21.2,5,1370,20.4,4.90,,90.0,0.00,0.00,13.3,8.6,45.6,-1.69,ARMED,,15.3,5,
1791472787566,28.609858,77.285412,46.0,CNG,43.24,21.2,5,1358,34.1,4.63,,90.0,-0.78,-3.13,13.6,8.6,45.1,-1.16,ARMED,,17.3,5,
1791472788431,28.609955,77.285350,46.0,CNG,42.20,21.2,5,1381,34.1,4.62,,90.0,-0.78,-3.13,13.6,8.6,45.9,0.16,ARMED,,17.3,5,
1791472789198,28.610055,77.285286,47.0,CNG,42.13,14.9,5,1386,34.1,4.57,,90.0,-0.78,-3.13,13.0,0.0,46.3,0.31,ARMED,,17.3,5,
1791472791021,28.610155,77.285220,47.0,CNG,48.10,14.9,5,1399,20.8,3.15,,89.0,0.00,0.00,13.0,0.0,46.8,0.38,ARMED,,14.9,5,
1791472791959,28.610254,77.285154,45.0,CNG,39.49,21.6,5,1350,20.8,5.96,,89.0,0.00,0.00,13.5,9.1,45.5,-0.53,ARMED,,14.9,5,
1791472792712,28.610351,77.285090,45.0,CNG,37.06,22.4,5,1350,20.8,5.43,,89.0,0.00,0.00,13.5,10.2,45.2,-0.50,ARMED,,14.9,5,
1791472794530,28.610543,77.284951,46.0,CNG,34.97,22.0,5,1362,41.2,5.83,,89.0,-1.56,-3.13,13.5,9.6,45.4,-0.13,ARMED,,18.0,5,
1791472795405,28.610642,77.284875,46.0,CNG,33.22,22.4,5,1381,41.2,6.08,,88.0,-1.56,-3.13,13.5,10.2,46.1,0.32,ARMED,,18.0,5,
1791472796210,28.610735,77.284802,47.0,CNG,33.94,22.0,5,1390,41.2,5.48,,88.0,-1.56,-3.13,13.5,9.6,46.5,0.36,ARMED,,18.0,5,
1791472797985,28.610827,77.284725,47.0,CNG,34.16,22.0,5,1386,47.5,5.57,,88.0,-1.56,-3.13,13.5,9.6,46.6,0.29,ARMED,,19.2,5,
1791472798889,28.610923,77.284647,47.0,CNG,31.36,22.0,5,1416,47.5,6.87,,88.0,-1.56,-3.13,13.5,9.6,47.4,0.36,ARMED,,19.2,5,
1791472799631,28.611020,77.284572,48.0,CNG,31.17,21.6,5,1423,47.5,6.35,,88.0,-1.56,-3.13,13.5,9.1,47.7,0.36,ARMED,,19.2,5,
1791472801331,28.611221,77.284427,48.0,CNG,30.06,21.6,5,1427,46.3,6.87,,88.0,-0.78,-3.13,13.5,9.1,47.9,0.33,ARMED,,19.2,5,
1791472802269,28.611221,77.284427,49.0,CNG,30.21,22.0,5,1452,46.3,6.58,,88.0,-0.78,-3.13,13.5,9.6,48.7,0.38,ARMED,,19.2,5,
1791472803080,28.611322,77.284356,49.0,CNG,29.90,22.0,5,1452,46.3,6.80,,88.0,-0.78,-3.13,13.5,9.6,48.8,0.33,ARMED,,19.2,5,
1791472804773,28.611536,77.284215,49.0,CNG,31.07,22.0,5,1466,36.1,6.07,,88.0,0.78,-3.13,13.5,9.6,49.2,0.34,ARMED,,18.0,5,
1791472805693,28.611640,77.284147,50.0,CNG,33.22,22.0,5,1486,36.1,5.53,,88.0,0.78,-3.13,13.5,9.6,49.9,0.37,ARMED,,18.0,5,
1791472806464,28.611745,77.284078,50.0,CNG,34.80,22.0,5,1479,36.1,5.46,,88.0,0.78,-3.13,13.5,9.6,49.8,0.19,ARMED,,18.0,5,
1791472808253,28.611965,77.283935,50.0,CNG,34.71,22.0,5,1487,34.9,5.91,,88.0,0.78,-3.13,13.4,9.6,50.0,0.17,ARMED,,17.6,5,
1791472809164,28.611965,77.283935,50.0,CNG,34.99,17.3,5,1496,34.9,5.77,,88.0,0.78,-3.13,13.4,3.2,50.2,0.16,ARMED,,17.6,5,
1791472809911,28.612068,77.283865,50.0,CNG,34.97,22.0,5,1494,34.9,5.85,,88.0,0.78,-3.13,13.5,9.6,50.2,0.13,ARMED,,17.6,5,
1791472811697,28.612283,77.283714,50.0,CNG,36.48,21.6,5,1503,24.7,5.24,,88.0,0.78,-3.13,13.5,9.1,50.4,0.14,ARMED,,15.3,5,
1791472812613,28.612388,77.283638,51.0,CNG,42.24,14.9,5,1520,24.7,3.79,,88.0,0.78,-3.13,13.5,0.0,50.9,0.21,ARMED,,15.3,5,
1791472813449,28.612488,77.283558,49.0,CNG,53.30,14.9,,1053,24.7,2.24,,88.0,0.78,-3.13,13.5,0.0,49.0,0.00,ARMED,,15.3,,
1791472815223,28.612633,77.283409,44.0,CNG,74.20,14.9,,744,28.2,0.81,,88.0,0.00,-0.78,13.3,0.0,44.0,0.00,ARMED,,13.7,,
1791472816100,28.612633,77.283409,34.0,CNG,72.73,14.9,,690,28.2,1.99,,88.0,0.00,-0.78,13.3,0.0,34.0,0.00,ARMED,,13.7,,
1791472816909,28.612674,77.283319,35.0,CNG,72.42,14.9,,702,28.2,1.99,,88.0,0.00,-0.78,13.3,0.0,35.0,0.00,ARMED,,13.7,,
1791472818727,28.612692,77.283126,35.0,CNG,31.63,23.5,,701,51.4,8.81,,88.0,-7.03,-3.13,13.5,11.8,35.0,0.00,ARMED,,17.6,,
1791472819491,28.612686,77.283022,36.0,CNG,34.00,14.9,4,1394,51.4,3.82,,88.0,-7.03,-3.13,13.4,0.0,36.0,0.00,ARMED,,17.6,4,
1791472820253,28.612686,77.283022,36.0,CNG,31.05,23.1,4,1407,51.4,5.37,,89.0,-7.03,-3.13,13.4,11.2,36.0,0.00,ARMED,,17.6,4,
1791472821942,28.612638,77.282830,36.0,CNG,24.38,22.4,4,1380,65.9,8.01,,89.0,2.34,-3.13,13.4,10.2,36.0,0.00,ARMED,,22.0,3,
1791472822766,28.612591,77.282741,37.0,CNG,18.59,26.7,4,1435,65.9,10.98,,88.0,2.34,-3.13,13.4,16.1,36.9,0.41,ARMED,,22.0,3,
1791472823571,28.612528,77.282660,38.0,CNG,16.32,26.7,4,1468,65.9,11.19,,88.0,2.34,-3.13,13.4,16.1,37.6,0.65,ARMED,,22.0,3,
1791472825330,28.612378,77.282516,39.0,CNG,17.28,20.4,4,1511,44.7,8.45,,89.0,-3.13,-3.13,13.4,7.5,38.7,0.94,ARMED,,19.2,4,
1791472826158,28.612378,77.282516,40.0,CNG,18.82,23.5,4,1544,44.7,7.59,,89.0,-3.13,-3.13,13.5,11.8,39.9,0.74,ARMED,,19.2,4,
1791472826912,28.612299,77.282446,40.0,CNG,19.53,23.9,4,1571,44.7,7.91,,89.0,-3.13,-3.13,13.5,12.3,40.5,0.75,ARMED,,19.2,4,
1791472828553,28.612138,77.282302,41.0,CNG,20.47,23.9,4,1597,23.5,7.62,,89.0,0.78,0.00,13.4,12.3,41.1,0.77,ARMED,,17.6,4,
1791472829424,28.612054,77.282229,42.0,CNG,21.50,23.9,5,1247,23.5,7.41,,89.0,0.78,0.00,13.4,12.3,42.0,0.00,ARMED,,17.6,5,
1791472830273,28.611972,77.282153,43.0,CNG,23.32,22.7,5,1273,23.5,6.63,,89.0,0.78,0.00,13.5,10.7,42.6,0.37,ARMED,,17.6,5,
1791472832120,28.611890,77.282072,43.0,CNG,24.31,22.7,5,1288,47.1,6.78,,89.0,-2.34,-3.13,13.5,10.7,43.0,0.37,ARMED,,18.8,5,
1791472833029,28.611806,77.281992,45.0,CNG,26.52,22.7,5,1320,47.1,6.05,,89.0,-2.34,-3.13,13.4,10.7,44.9,0.91,ARMED,,18.8,5,
1791472833796,28.611722,77.281912,45.0,CNG,26.86,22.7,5,1333,47.1,6.72,,89.0,-2.34,-3.13,13.4,10.7,45.5,0.88,ARMED,,18.8,5,
1791472835583,28.611545,77.281745,45.0,CNG,27.05,22.7,5,1352,44.3,6.73,,89.0,0.78,-3.13,13.4,10.7,46.1,0.82,ARMED,,18.8,5,
1791472836557,28.611458,77.281662,47.0,CNG,27.75,22.7,5,1387,44.3,6.67,,90.0,0.78,-3.13,13.4,10.7,47.2,0.64,ARMED,,18.8,5,
1791472837341,28.611371,77.281579,47.0,CNG,28.05,22.7,5,1394,44.3,6.74,,90.0,0.78,-3.13,13.4,10.7,47.5,0.58,ARMED,,18.8,5,
1791472839062,28.611279,77.281493,47.0,CNG,28.23,22.7,5,1406,42.0,6.74,,89.0,0.00,-3.13,13.4,10.7,47.8,0.54,ARMED,,20.0,5,
1791472839976,28.611189,77.281405,48.0,CNG,27.33,22.7,5,1431,42.0,7.51,,89.0,0.00,-3.13,13.3,10.7,48.5,0.49,ARMED,,20.0,5,
1791472840719,28.611093,77.281313,49.0,CNG,27.13,22.7,5,1449,42.0,7.46,,90.0,0.00,-3.13,13.3,10.7,49.0,0.52,ARMED,,20.0,5,
1791472842622,28.610908,77.281138,49.0,CNG,26.22,22.7,5,1458,49.8,8.01,,90.0,1.56,-3.13,13.4,10.7,49.4,0.49,ARMED,,19.6,5,
1791472843517,28.610809,77.281045,50.0,CNG,26.82,22.4,5,1486,49.8,7.37,,90.0,1.56,-3.13,13.4,10.2,50.3,0.48,ARMED,,19.6,5,
1791472844301,28.610714,77.280954,50.0,CNG,26.23,22.4,5,1494,49.8,8.04,,90.0,1.56,-3.13,13.4,10.2,50.6,0.46,ARMED,,19.6,5,
1791472846059,28.610619,77.280862,51.0,CNG,26.80,22.4,5,1507,38.0,7.53,,90.0,0.00,-3.13,13.4,10.2,51.0,0.45,ARMED,,18.4,5,
1791472846914,28.610524,77.280768,51.0,CNG,29.38,22.4,5,1520,38.0,6.09,,90.0,0.00,-3.13,13.3,10.2,51.4,0.37,ARMED,,18.4,5,
1791472847685,28.610426,77.280674,51.0,CNG,31.77,21.6,5,1528,38.0,5.77,,90.0,0.00,-3.13,13.3,9.1,51.6,0.35,ARMED,,18.4,5,
1791472849430,28.610228,77.280486,52.0,CNG,35.64,20.8,5,1538,28.6,4.90,,90.0,0.78,-3.13,13.4,8.0,51.9,0.35,ARMED,,16.9,5,
1791472850314,28.610127,77.280395,52.0,CNG,38.05,20.8,5,1542,28.6,5.03,,89.0,0.78,-3.13,13.4,8.0,52.1,0.16,ARMED,,16.9,5,
1791472851066,28.610127,77.280395,52.0,CNG,39.63,20.8,5,1546,28.6,5.03,,89.0,0.78,-3.13,13.5,8.0,52.2,0.15,ARMED,,16.9,5,
1791472853019,28.609927,77.280215,52.0,CNG,40.55,21.2,5,1549,28.6,5.06,,89.0,0.00,-3.13,13.5,8.6,52.3,0.13,ARMED,,16.9,5,
1791472853915,28.609826,77.280124,52.0,CNG,41.25,21.2,5,1543,28.6,5.02,,89.0,0.00,-3.13,13.5,8.6,52.1,-0.06,ARMED,,16.9,5,
1791472854665,28.609726,77.280032,52.0,CNG,43.70,20.8,5,1552,28.6,4.43,,89.0,0.00,-3.13,13.5,8.0,52.2,-0.01,ARMED,,16.9,5,
1791472856549,28.609525,77.279846,52.0,CNG,45.01,21.2,5,1561,28.6,4.51,,89.0,-0.78,-3.13,13.4,8.6,52.5,0.07,ARMED,,16.9,5,
1791472857471,28.609425,77.279752,52.0,CNG,43.19,21.2,5,1561,28.6,5.22,,89.0,-0.78,-3.13,13.4,8.6,52.5,0.05,ARMED,,16.9,5,
1791472858313,28.609325,77.279659,52.0,CNG,43.09,21.2,5,1559,28.6,4.95,,89.0,-0.78,-3.13,13.5,8.6,52.5,0.03,CANDIDATE,52.5,16.9,5,
1791472860218,28.609121,77.279469,53.0,CNG,44.03,21.2,5,1566,33.7,4.76,,88.0,0.00,-3.13,13.5,8.6,52.6,0.06,LOCKED,52.6,18.4,5,
1791472861113,28.609121,77.279469,53.0,CNG,37.76,21.6,5,1565,33.7,6.95,,88.0,0.00,-3.13,13.4,9.1,52.7,0.05,LOCKED,52.6,18.4,5,
1791472861877,28.609020,77.279376,52.0,CNG,35.88,21.6,5,1571,33.7,6.37,,88.0,0.00,-3.13,13.4,9.1,52.8,0.07,LOCKED,52.6,18.4,5,
1791472863694,28.608825,77.279181,52.0,CNG,34.16,21.6,5,1564,41.2,6.67,,88.0,0.78,-3.13,13.3,9.1,52.7,0.01,LOCKED,52.6,18.8,5,
1791472864571,28.608728,77.279080,53.0,CNG,33.09,21.6,5,1567,41.2,6.85,,88.0,0.78,-3.13,13.3,9.1,52.7,0.02,LOCKED,52.6,18.8,5,
1791472865362,28.608634,77.278978,53.0,CNG,31.24,21.6,5,1568,41.2,7.51,,88.0,0.78,-3.13,13.3,9.1,52.8,0.03,LOCKED,52.6,18.8,5,
1791472867193,28.608444,77.278765,53.0,CNG,31.91,21.6,5,1564,31.8,6.57,,88.0,0.78,-3.13,13.3,9.1,52.7,0.00,LOCKED,52.6,17.6,5,
1791472868108,28.608444,77.278765,53.0,CNG,33.97,22.0,5,1583,31.8,5.76,,88.0,0.78,-3.13,13.4,9.6,53.2,0.23,LOCKED,52.6,17.6,5,
1791472868860,28.608354,77.278661,54.0,CNG,35.26,22.0,5,1592,31.8,5.91,,88.0,0.78,-3.13,13.4,9.6,53.5,0.27,LOCKED,52.6,17.6,5,
1791472870725,28.608171,77.278443,54.0,CNG,33.82,22.7,5,1595,38.0,6.92,,88.0,-0.78,-3.13,13.2,10.7,53.7,0.26,LOCKED,52.6,18.8,5,
1791472871575,28.608079,77.278330,55.0,CNG,32.77,23.5,5,1634,38.0,7.17,,88.0,-0.78,-3.13,13.2,11.8,54.9,0.59,LOCKED,52.6,18.8,5,
1791472872375,28.607987,77.278215,55.0,CNG,29.23,25.5,5,1642,38.0,8.92,,88.0,-0.78,-3.13,13.5,14.4,55.3,0.56,LOCKED,52.6,18.8,5,
1791472874155,28.607898,77.278098,56.0,CNG,28.93,23.9,5,1654,42.4,8.03,,88.0,-2.34,-3.13,13.5,12.3,55.7,0.53,LOCKED,52.6,19.6,5,
1791472875031,28.607809,77.277977,56.0,CNG,28.83,23.9,5,1678,42.4,7.98,,88.0,-2.34,-3.13,13.4,12.3,56.5,0.49,LOCKED,52.6,19.6,5,
1791472875786,28.607719,77.277850,57.0,CNG,29.08,23.9,5,1691,42.4,7.91,,88.0,-2.34,-3.13,13.4,12.3,56.9,0.50,LOCKED,52.6,19.6,5,
1791472877592,28.607544,77.277596,57.0,CNG,29.15,23.9,5,1703,41.6,7.96,,88.0,0.78,-3.13,13.2,12.3,57.3,0.49,LOCKED,52.6,16.5,5,
1791472878498,28.607458,77.277468,58.0,CNG,32.74,21.6,5,1724,41.6,5.94,,88.0,0.78,-3.13,13.2,9.1,58.0,0.45,LOCKED,52.6,16.5,5,
1791472879313,28.607375,77.277340,58.0,CNG,34.21,22.7,5,1734,41.6,6.47,,88.0,0.78,-3.13,13.5,10.7,58.3,0.44,LOCKED,52.6,16.5,5,
1791472881081,28.607289,77.277201,58.0,CNG,34.86,22.7,5,1735,36.5,6.61,,88.0,-0.78,-3.13,13.5,10.7,58.4,0.28,LOCKED,52.6,19.2,5,
1791472881958,28.607208,77.277065,59.0,CNG,32.72,22.7,5,1737,36.5,8.03,,88.0,-0.78,-3.13,13.4,10.7,58.5,0.09,LOCKED,52.6,19.2,5,
1791472882710,28.607129,77.276927,59.0,CNG,30.86,22.7,5,1758,36.5,8.47,,88.0,-0.78,-3.13,13.4,10.7,58.9,0.29,LOCKED,52.6,19.2,5,
1791472884445,28.606970,77.276646,59.0,CNG,29.87,22.7,5,1768,44.3,8.46,,88.0,0.78,-2.34,13.3,10.7,59.4,0.34,LOCKED,52.6,20.0,5,
1791472885295,28.606970,77.276646,60.0,CNG,29.00,22.7,5,1777,44.3,8.82,,89.0,0.78,-2.34,13.3,10.7,59.8,0.31,LOCKED,52.6,20.0,5,
1791472886139,28.606892,77.276504,60.0,CNG,29.31,22.4,5,1780,44.3,8.23,,89.0,0.78,-2.34,13.4,10.2,59.9,0.28,LOCKED,52.6,20.0,5,
1791472888195,28.606664,77.276069,60.0,CNG,29.28,18.8,5,1785,20.0,8.39,,89.0,0.00,-3.13,13.4,5.4,60.1,0.24,LOCKED,52.6,16.1,5,
1791472889097,28.606664,77.276069,57.0,CNG,36.65,14.9,5,1712,20.0,3.84,,89.0,0.00,-3.13,13.4,0.0,57.8,-0.95,LOCKED,52.6,16.1,5,
1791472889920,28.606586,77.275937,55.0,CNG,44.61,24.7,5,1660,20.0,3.29,,89.0,0.00,-3.13,13.4,13.4,56.2,-1.41,LOCKED,52.6,16.1,5,
1791472891741,28.606439,77.275675,55.0,CNG,34.81,24.7,5,1644,45.9,8.67,,89.0,-0.78,-2.34,13.4,13.4,55.1,-1.34,LOCKED,52.6,15.7,5,
1791472892656,28.606373,77.275538,56.0,CNG,34.16,23.5,5,1671,45.9,6.89,,88.0,-0.78,-2.34,13.4,11.8,55.7,0.03,LOCKED,52.6,15.7,5,
1791472893445,28.606309,77.275398,56.0,CNG,33.44,14.9,5,1679,45.9,7.06,,88.0,-0.78,-2.34,13.4,0.0,56.1,0.25,LOCKED,52.6,15.7,5,
1791472895260,28.606181,77.275118,57.0,CNG,33.30,23.1,5,1675,30.6,7.04,,88.0,-2.34,-3.13,13.4,11.2,56.3,0.23,LOCKED,52.6,16.1,5,
1791472896183,28.606181,77.275118,57.0,CNG,39.95,14.9,5,1678,30.6,4.10,,88.0,-2.34,-3.13,13.5,0.0,56.5,0.17,LOCKED,52.6,16.1,5,
1791472896944,28.606112,77.274975,56.0,CNG,48.24,14.9,5,1646,30.6,3.25,,88.0,-2.34,-3.13,13.5,0.0,55.8,-0.26,LOCKED,52.6,16.1,5,
1791472898723,28.605985,77.274714,54.0,CNG,54.96,14.9,5,1609,22.0,3.14,,88.0,0.00,-0.78,13.1,0.0,54.6,-0.82,LOCKED,52.6,12.9,5,
1791472899658,28.605928,77.274592,48.0,CNG,67.99,14.9,,729,22.0,1.70,,88.0,0.00,-0.78,13.1,0.0,48.0,0.00,PAUSED,52.6,12.9,,
1791472900466,28.605877,77.274471,47.0,CNG,83.52,14.9,,708,22.0,1.42,,88.0,0.00,-0.78,13.3,0.0,47.0,0.00,PAUSED,52.6,12.9,,
1791472902291,28.605790,77.274259,44.0,CNG,101.88,14.9,,671,28.2,1.10,,88.0,-7.81,-0.78,13.3,0.0,44.0,0.00,PAUSED,52.6,12.9,,
1791472903299,28.605769,77.274168,34.0,CNG,85.94,14.9,,711,28.2,2.15,,88.0,-7.81,-0.78,13.3,0.0,34.0,0.00,PAUSED,52.6,12.9,,
1791472904102,28.605769,77.274168,32.0,CNG,65.04,14.9,,765,28.2,2.98,,88.0,-7.81,-0.78,13.3,0.0,32.0,0.00,PAUSED,52.6,12.9,,
1791472905708,28.605802,77.274003,31.0,CNG,53.61,14.9,,786,38.8,3.13,,88.0,-3.13,-0.78,13.3,0.0,31.0,0.00,ARMED,,14.9,,
1791472906528,28.605855,77.273942,32.0,CNG,49.13,14.9,,799,38.8,3.03,,89.0,-3.13,-0.78,13.3,0.0,32.0,0.00,ARMED,,14.9,,
1791472907289,28.605855,77.273942,31.0,CNG,27.41,20.4,,805,38.8,7.98,,89.0,-3.13,-0.78,13.3,7.5,31.0,0.00,ARMED,,14.9,,
1791472908937,28.605988,77.273862,30.0,CNG,29.20,14.9,4,1164,60.0,3.75,,89.0,3.13,-0.78,13.3,0.0,30.0,0.00,ARMED,,22.7,4,
1791472909712,28.606051,77.273828,30.0,CNG,27.67,14.9,3,1578,60.0,4.80,,89.0,3.13,-0.78,13.4,0.0,30.0,0.00,ARMED,,22.7,3,
1791472910503,28.606117,77.273795,29.0,CNG,34.18,14.9,4,1056,60.0,2.16,,89.0,3.13,-0.78,13.4,0.0,29.0,0.00,ARMED,,22.7,4,
1791472912142,28.606182,77.273780,27.0,CNG,36.49,14.9,4,1057,23.5,2.68,,89.0,6.25,-0.78,13.3,0.0,27.8,-0.70,ARMED,,12.9,4,
1791472912883,28.606237,77.273791,22.0,CNG,17.40,33.3,5,730,23.5,10.50,,89.0,6.25,-0.78,13.3,25.1,22.0,0.00,ARMED,,12.9,4,
1791472913708,28.606288,77.273819,24.0,CNG,10.37,33.7,2,1741,23.5,15.71,,89.0,6.25,-0.78,13.3,25.7,24.0,0.00,ARMED,,12.9,2,
1791472915413,28.606375,77.273937,27.0,CNG,13.78,14.9,2,1997,64.3,4.30,,89.0,0.00,-3.13,13.3,0.0,25.9,1.10,ARMED,,21.6,2,
1791472916224,28.606375,77.273937,30.0,CNG,12.43,27.5,3,1498,64.3,11.13,,89.0,0.00,-3.13,13.4,17.1,30.0,0.00,ARMED,,21.6,2,
1791472917002,28.606416,77.274007,32.0,CNG,11.33,29.4,3,1607,64.3,12.85,,89.0,0.00,-3.13,13.4,19.8,31.2,0.72,ARMED,,21.6,3,
1791472918628,28.606498,77.274165,33.0,CNG,16.37,22.7,3,1546,52.2,3.36,,89.0,0.00,-3.13,13.4,10.7,32.6,1.15,ARMED,,19.2,3,
1791472919414,28.606537,77.274248,34.0,CNG,17.35,23.5,4,1295,52.2,7.36,,89.0,0.00,-3.13,13.4,11.8,34.0,0.00,ARMED,,19.2,4,
1791472920459,28.606578,77.274335,35.0,CNG,18.71,28.6,4,1346,52.2,6.82,,89.0,0.00,-3.13,13.3,18.7,34.7,0.39,ARMED,,19.2,3,
1791472922785,28.606654,77.274533,37.0,CNG,15.98,29.4,4,1416,37.3,11.33,,89.0,0.00,-3.13,13.4,19.8,36.5,1.15,ARMED,,13.7,3,
1791472923786,28.606694,77.274638,40.0,CNG,19.50,22.0,5,1134,37.3,5.97,,89.0,0.00,-3.13,13.5,9.6,40.0,0.00,ARMED,,13.7,5,
1791472924785,28.606732,77.274739,41.0,CNG,22.20,22.0,5,1205,37.3,6.14,,89.0,0.00,-3.13,13.5,9.6,40.7,0.40,ARMED,,13.7,5,
1791472927091,28.606822,77.274950,41.0,CNG,22.55,22.0,5,1230,56.1,7.27,,89.0,0.78,-3.13,13.4,9.6,41.0,0.37,ARMED,,19.6,5,
1791472928226,28.606918,77.275165,43.0,CNG,23.00,22.0,5,1275,56.1,7.43,,90.0,0.78,-3.13,13.4,9.6,42.5,0.62,ARMED,,19.6,5,
1791472929333,28.606966,77.275274,43.0,CNG,24.23,22.0,5,1284,56.1,6.70,,90.0,0.78,-3.13,13.3,9.6,43.0,0.55,ARMED,,19.6,5,
1791472931160,28.607016,77.275383,44.0,CNG,24.23,22.0,5,1306,37.6,7.42,,90.0,-0.78,-3.13,13.3,9.6,43.6,0.59,ARMED,,17.3,5,
1791472932074,28.607068,77.275497,44.0,CNG,26.47,22.0,5,1311,37.6,5.88,,90.0,-0.78,-3.13,13.4,9.6,43.9,0.25,ARMED,,17.3,5,
1791472932856,28.607119,77.275604,45.0,CNG,29.55,22.0,5,1328,37.6,5.18,,90.0,-0.78,-3.13,13.4,9.6,44.3,0.30,ARMED,,17.3,5,
1791472934644,28.607225,77.275830,45.0,CNG,31.54,22.0,5,1349,40.0,5.26,,90.0,-0.78,-3.13,13.5,9.6,45.0,0.51,ARMED,,18.0,5,
1791472935531,28.607279,77.275945,46.0,CNG,31.98,22.0,5,1362,40.0,5.76,,90.0,-0.78,-3.13,13.5,9.6,45.7,0.46,ARMED,,18.0,5,
1791472936319,28.607335,77.276059,46.0,CNG,31.39,22.4,5,1369,40.0,6.15,,90.0,-0.78,-3.13,13.4,10.2,45.9,0.44,ARMED,,18.0,5,
1791472938164,28.607452,77.276285,47.0,CNG,31.90,22.4,5,1387,41.2,5.88,,89.0,0.00,-3.13,13.4,10.2,46.5,0.47,ARMED,,18.4,5,
1791472939090,28.607452,77.276285,48.0,CNG,31.15,22.4,5,1414,41.2,6.51,,89.0,0.00,-3.13,13.3,10.2,47.5,0.50,ARMED,,18.4,5,
1791472939849,28.607516,77.276403,48.0,CNG,30.91,22.4,5,1428,41.2,6.42,,89.0,0.00,-3.13,13.3,10.2,47.9,0.52,ARMED,,18.4,5,
1791472941713,28.607646,77.276629,48.0,CNG,30.80,22.4,5,1431,41.2,6.40,,89.0,0.78,-3.13,13.5,10.2,48.2,0.45,ARMED,,18.4,5,
1791472942603,28.607715,77.276744,49.0,CNG,30.62,22.7,5,1467,41.2,6.60,,89.0,0.78,-3.13,13.5,10.7,49.2,0.50,ARMED,,18.4,5,
1791472943369,28.607786,77.276858,50.0,CNG,31.00,22.7,5,1479,41.2,6.47,,89.0,0.78,-3.13,13.5,10.7,49.6,0.51,ARMED,,18.4,5,
1791472945135,28.607859,77.276972,50.0,CNG,31.73,22.7,5,1493,39.2,6.22,,89.0,0.78,-3.13,13.5,10.7,50.1,0.52,ARMED,,18.4,5,
1791472946086,28.607935,77.277086,51.0,CNG,29.89,22.7,5,1520,39.2,7.56,,89.0,0.78,-3.13,13.3,10.7,51.0,0.52,ARMED,,18.4,5,
1791472946855,28.608011,77.277200,51.0,CNG,27.99,22.7,5,1528,39.2,8.14,,89.0,0.78,-3.13,13.3,10.7,51.3,0.49,ARMED,,18.4,5,
1791472948711,28.608168,77.277431,52.0,CNG,27.66,22.7,5,1540,47.1,7.82,,89.0,1.56,-3.13,13.3,10.7,51.7,0.47,ARMED,,19.6,5,
1791472949601,28.608248,77.277545,53.0,CNG,28.08,22.7,5,1555,47.1,7.54,,89.0,1.56,-3.13,13.3,10.7,52.3,0.41,ARMED,,19.6,5,
1791472950430,28.608331,77.277659,53.0,CNG,27.93,22.7,5,1569,47.1,7.82,,89.0,1.56,-3.13,13.4,10.7,52.7,0.44,ARMED,,19.6,5,
1791472952245,28.608507,77.277893,53.0,CNG,27.40,22.4,5,1583,36.5,8.13,,89.0,0.00,-3.13,13.4,10.2,53.2,0.45,ARMED,,18.4,5,
1791472953163,28.608507,77.277893,55.0,CNG,29.64,22.4,5,1621,36.5,6.69,,89.0,0.00,-3.13,13.5,10.2,54.5,0.68,ARMED,,18.4,5,
1791472953984,28.608593,77.278007,55.0,CNG,32.62,22.4,5,1619,36.5,5.88,,88.0,0.00,-3.13,13.5,10.2,54.7,0.47,ARMED,,18.4,5,
1791472955730,28.608780,77.278239,55.0,CNG,33.83,22.4,5,1636,34.9,6.28,,88.0,0.00,-3.13,13.5,10.2,55.1,0.46,ARMED,,18.4,5,
1791472956675,28.608871,77.278347,55.0,CNG,35.72,22.4,5,1646,34.9,5.77,,88.0,0.00,-3.13,13.5,10.2,55.4,0.24,ARMED,,18.4,5,
1791472957437,28.608967,77.278459,55.0,CNG,35.66,22.0,5,1636,34.9,6.32,,88.0,0.00,-3.13,13.4,9.6,55.3,0.04,ARMED,,18.4,5,
1791472959325,28.609159,77.278678,55.0,CNG,37.11,22.0,5,1648,32.5,5.69,,88.0,0.00,-3.13,13.3,9.6,55.4,0.06,ARMED,,18.0,5,
1791472960407,28.609262,77.278788,56.0,CNG,37.03,22.0,5,1646,32.5,6.20,,88.0,0.00,-3.13,13.3,9.6,55.4,0.05,LOCKED,55.4,18.0,5,
1791472961203,28.609262,77.278788,55.0,CNG,37.50,21.6,5,1644,32.5,5.88,,88.0,0.00,-3.13,13.3,9.1,55.4,0.01,LOCKED,55.4,18.0,5,
1791472962920,28.609464,77.278995,56.0,CNG,40.31,21.2,5,1660,27.5,5.05,,88.0,-0.78,-3.13,13.5,8.6,55.7,0.20,LOCKED,55.4,17.3,5,
1791472963787,28.609569,77.279099,55.0,CNG,43.29,21.2,5,1646,27.5,4.61,,88.0,-0.78,-3.13,13.5,8.6,55.4,-0.08,LOCKED,55.4,17.3,5,
1791472964622,28.609675,77.279202,55.0,CNG,43.13,21.2,5,1646,27.5,5.24,,88.0,-0.78,-3.13,13.5,8.6,55.4,-0.09,LOCKED,55.4,17.3,5,
1791472966612,28.609882,77.279405,56.0,CNG,42.83,21.2,5,1651,31.8,5.40,,88.0,-0.78,-3.13,13.5,8.6,55.5,-0.03,LOCKED,55.4,18.0,5,
1791472967476,28.609983,77.279505,55.0,CNG,39.58,21.2,5,1645,31.8,6.33,,88.0,-0.78,-3.13,13.4,8.6,55.3,-0.05,LOCKED,55.4,18.0,5,
1791472968202,28.610090,77.279611,56.0,CNG,39.10,21.2,5,1653,31.8,5.96,,88.0,-0.78,-3.13,13.4,8.6,55.5,0.00,LOCKED,55.4,18.0,5,
1791472969951,28.610196,77.279710,55.0,CNG,37.12,21.2,5,1650,35.7,6.52,,88.0,0.00,-3.91,13.3,8.6,55.5,0.00,LOCKED,55.4,18.4,5,
1791472970820,28.610303,77.279807,55.0,CNG,35.37,21.2,5,1622,35.7,6.81,,88.0,0.00,-3.91,13.3,8.6,54.7,-0.36,LOCKED,55.4,18.4,5,
1791472971659,28.610410,77.279902,55.0,CNG,34.36,21.2,5,1635,35.7,6.82,,88.0,0.00,-3.91,13.5,8.6,54.8,-0.14,LOCKED,55.4,18.4,5,
1791472973383,28.610626,77.280091,55.0,CNG,33.83,21.2,5,1636,28.2,6.80,,88.0,1.56,-3.91,13.5,8.6,54.9,-0.06,LOCKED,55.4,17.3,5,
1791472974245,28.610626,77.280091,55.0,CNG,36.88,21.2,5,1633,28.2,5.27,,88.0,1.56,-3.91,13.5,8.6,54.9,-0.04,LOCKED,55.4,17.3,5,
1791472975044,28.610733,77.280184,55.0,CNG,39.10,21.2,5,1633,28.2,5.23,,88.0,1.56,-3.91,13.5,8.6,54.9,-0.03,LOCKED,55.4,17.3,5,
1791472976877,28.610947,77.280378,55.0,CNG,40.86,21.2,5,1632,27.8,5.13,,88.0,-0.78,-3.91,13.3,8.6,54.9,-0.02,LOCKED,55.4,16.9,5,
1791472977814,28.611053,77.280476,55.0,CNG,41.56,21.2,5,1627,27.8,5.27,,88.0,-0.78,-3.91,13.3,8.6,54.8,-0.04,LOCKED,55.4,16.9,5,
1791472978548,28.611156,77.280573,55.0,CNG,44.38,21.2,5,1623,27.8,4.55,,88.0,-0.78,-3.91,13.5,8.6,54.7,-0.06,LOCKED,55.4,16.9,5,
1791472980310,28.611365,77.280768,55.0,CNG,45.84,21.2,5,1625,27.8,4.66,,88.0,0.00,-3.91,13.5,8.6,54.7,-0.04,LOCKED,55.4,16.9,5,
1791472981228,28.611365,77.280768,55.0,CNG,47.13,21.2,5,1630,27.8,4.57,,88.0,0.00,-3.91,13.5,8.6,54.9,0.02,LOCKED,55.4,16.9,5,
1791472982030,28.611470,77.280866,55.0,CNG,47.28,21.2,5,1635,27.8,4.73,,88.0,0.00,-3.91,13.5,8.6,55.0,0.05,LOCKED,55.4,16.9,5,
1791472983878,28.611675,77.281059,55.0,CNG,45.28,21.2,5,1626,27.8,5.28,,88.0,0.00,-3.91,13.4,8.6,54.9,-0.01,LOCKED,55.4,16.9,5,
1791472984783,28.611785,77.281157,55.0,CNG,46.30,20.8,5,1628,27.8,4.69,,88.0,0.00,-3.91,13.4,8.0,54.9,-0.00,LOCKED,55.4,16.9,5,
1791472985598,28.611893,77.281250,55.0,CNG,52.91,14.9,5,1633,27.8,3.34,,88.0,0.00,-3.91,13.5,0.0,55.0,0.03,LOCKED,55.4,16.9,5,
1791472987317,28.612097,77.281428,54.0,CNG,57.14,14.9,5,1602,20.0,3.39,,88.0,0.00,0.00,13.5,0.0,54.3,-0.35,LOCKED,55.4,15.3,5,
1791472988251,28.612097,77.281428,48.0,CNG,61.04,14.9,5,1443,20.0,2.84,,88.0,0.00,0.00,13.4,0.0,49.2,-2.43,LOCKED,55.4,15.3,4,
1791472988996,28.612189,77.281513,46.0,CNG,58.71,14.9,5,1369,20.0,3.41,,88.0,0.00,0.00,13.4,0.0,46.5,-2.85,LOCKED,55.4,15.3,4,
1791472990876,28.612355,77.281678,45.0,CNG,62.65,14.9,5,1337,21.2,2.61,,88.0,0.00,0.00,13.4,0.0,44.7,-2.41,LOCKED,55.4,14.5,4,
1791472991762,28.612435,77.281757,41.0,CNG,33.08,23.9,5,1276,21.2,9.24,,88.0,0.00,0.00,13.4,12.3,42.5,-1.44,LOCKED,55.4,14.5,4,
1791472992652,28.612514,77.281836,42.0,CNG,26.58,23.9,5,1253,21.2,8.50,,88.0,0.00,0.00,13.5,12.3,41.7,-1.22,ARMED,,14.5,5,
1791472994461,28.612676,77.281996,43.0,CNG,24.10,23.9,5,1278,56.1,8.33,,88.0,0.00,-3.91,13.4,12.3,42.1,-0.39,ARMED,,19.2,5,
1791472995378,28.612765,77.282077,44.0,CNG,27.44,22.7,5,1307,56.1,5.21,,88.0,0.00,-3.91,13.6,10.7,43.6,0.59,ARMED,,19.2,5,
1791472996206,28.612852,77.282155,45.0,CNG,28.81,22.4,5,1331,56.1,5.92,,88.0,0.00,-3.91,13.6,10.2,44.4,0.79,ARMED,,19.2,5,
1791472998064,28.612940,77.282231,46.0,CNG,29.56,22.0,5,1352,40.8,6.12,,88.0,0.78,-3.91,13.3,9.6,45.3,0.82,ARMED,,18.0,5,
1791472998980,28.613030,77.282306,46.0,CNG,30.86,21.6,5,1365,40.8,5.70,,88.0,0.78,-3.91,13.3,9.1,45.9,0.43,ARMED,,18.0,5,
1791472999765,28.613124,77.282381,46.0,CNG,38.55,14.9,5,1378,40.8,3.08,,88.0,0.78,-3.91,13.4,0.0,46.3,0.43,ARMED,,18.0,5,
1791473001632,28.613311,77.282523,46.0,CNG,43.44,14.9,5,1371,21.2,3.51,,88.0,0.00,0.00,13.4,0.0,46.2,0.17,ARMED,,14.5,5,
1791473002552,28.613398,77.282589,41.0,CNG,46.50,14.9,5,1246,21.2,3.18,,88.0,0.00,0.00,13.5,0.0,42.2,-1.75,ARMED,,14.5,5,
1791473003408,28.613483,77.282652,40.0,CNG,48.73,14.9,5,1181,21.2,3.09,,89.0,0.00,0.00,13.5,0.0,40.0,-2.19,ARMED,,14.5,5,
1791473005116,28.613564,77.282712,39.0,CNG,49.96,21.6,5,1154,45.5,3.06,,89.0,0.00,-3.91,13.5,9.1,38.5,-2.02,ARMED,,17.3,5,
1791473005871,28.613643,77.282771,39.0,CNG,40.03,21.2,5,1158,45.5,5.23,,88.0,0.00,-3.91,13.5,8.6,38.4,-0.49,ARMED,,17.3,5,
1791473006715,28.613724,77.282832,40.0,CNG,48.07,19.2,5,1171,45.5,2.37,,88.0,0.00,-3.91,13.5,5.9,38.8,-0.04,ARMED,,17.3,5,
1791473008416,28.613888,77.282958,40.0,CNG,43.95,14.9,5,1203,23.9,4.20,,88.0,-5.47,-3.13,13.5,0.0,39.8,0.57,ARMED,,14.5,5,
1791473009201,28.613888,77.282958,40.0,CNG,52.59,14.9,5,1189,23.9,2.19,,88.0,-5.47,-3.13,13.4,0.0,40.0,0.21,ARMED,,14.5,5,
1791473010006,28.613964,77.283018,37.0,CNG,58.44,14.9,5,1134,23.9,2.12,,88.0,-5.47,-3.13,13.4,0.0,38.8,-0.60,ARMED,,14.5,5,
1791473011739,28.614121,77.283144,37.0,CNG,25.84,27.5,5,1130,95.3,10.99,,88.0,3.13,-4.69,13.3,17.1,38.0,-0.77,ARMED,,27.8,4,
1791473012640,28.614196,77.283207,39.0,CNG,20.44,29.0,5,1164,95.3,10.19,,88.0,3.13,-4.69,13.3,19.3,38.7,0.16,ARMED,,27.8,4,
1791473013446,28.614275,77.283279,41.0,CNG,19.25,26.3,5,1185,95.3,9.42,,88.0,3.13,-4.69,13.5,15.5,39.5,0.51,ARMED,,27.8,4,
1791473015344,28.614432,77.283440,42.0,CNG,17.72,27.5,5,1256,29.4,10.77,,89.0,2.34,-3.91,13.5,17.1,41.5,1.36,ARMED,,20.0,4,
1791473016227,28.614432,77.283440,44.0,CNG,20.19,24.7,5,1300,29.4,7.19,,89.0,2.34,-3.91,13.5,13.4,43.7,1.30,ARMED,,20.0,5,
1791473016976,28.614510,77.283527,44.0,CNG,21.45,24.7,5,1323,29.4,7.64,,89.0,2.34,-3.91,13.5,13.4,44.5,1.25,ARMED,,20.0,5,
1791473018793,28.614664,77.283710,45.0,CNG,21.81,24.7,5,1344,56.1,8.23,,89.0,2.34,-3.91,13.5,13.4,45.3,1.07,ARMED,,20.0,5,
1791473019669,28.614745,77.283809,47.0,CNG,22.11,24.7,5,1376,56.1,8.52,,89.0,2.34,-3.91,13.5,13.4,46.4,0.69,ARMED,,20.0,5,
1791473020436,28.614823,77.283906,47.0,CNG,22.89,24.7,5,1402,56.1,7.97,,89.0,2.34,-3.91,13.4,13.4,47.1,0.73,ARMED,,20.0,5,
1791473022231,28.614978,77.284109,48.0,CNG,23.68,23.9,5,1413,46.7,7.87,,90.0,0.00,-3.13,13.4,12.3,47.6,0.70,ARMED,,18.0,5,
1791473023113,28.614978,77.284109,49.0,CNG,31.40,14.9,5,1448,46.7,3.41,,90.0,0.00,-3.13,13.5,0.0,48.8,0.69,ARMED,,18.0,5,
1791473023863,28.615060,77.284210,48.0,CNG,40.42,14.9,5,1430,46.7,2.78,,90.0,0.00,-3.13,13.5,0.0,48.6,0.27,ARMED,,18.0,5,
1791473025688,28.615214,77.284400,46.0,CNG,46.98,14.9,5,1374,21.2,2.99,,90.0,0.00,0.00,13.5,0.0,47.1,-0.72,ARMED,,14.5,5,
1791473026557,28.615285,77.284488,42.0,CNG,50.84,14.9,5,1264,21.2,2.91,,90.0,0.00,0.00,13.5,0.0,42.8,-2.05,ARMED,,14.5,5,
1791473027342,28.615356,77.284578,42.0,CNG,56.82,14.9,5,1245,21.2,2.45,,90.0,0.00,0.00,13.4,0.0,41.6,-1.87,ARMED,,14.5,5,
1791473029287,28.615487,77.284749,41.0,CNG,56.52,21.2,5,1215,24.7,2.99,,89.0,0.00,-3.13,13.4,8.6,40.5,-1.50,ARMED,,14.5,5,
1791473030225,28.615487,77.284749,40.0,CNG,28.81,22.7,5,1188,24.7,10.13,,89.0,0.00,-3.13,13.0,10.7,39.7,-0.57,ARMED,,14.5,5,
1791473031032,28.615553,77.284834,40.0,CNG,28.80,14.9,5,1189,24.7,5.68,,89.0,0.00,-3.13,13.0,0.0,39.7,-0.32,ARMED,,14.5,5,
1791473032753,28.615683,77.284999,40.0,CNG,35.37,14.9,5,1174,22.4,3.00,,89.0,0.00,0.00,13.5,0.0,39.5,-0.32,ARMED,,14.1,5,
1791473033545,28.615746,77.285079,38.0,CNG,41.69,15.3,5,1126,22.4,2.66,,89.0,0.00,0.00,13.5,0.5,38.0,-0.74,ARMED,,14.1,5,
1791473034323,28.615806,77.285158,37.0,CNG,38.54,19.6,5,1137,22.4,4.40,,89.0,0.00,0.00,13.4,6.4,37.9,-0.47,ARMED,,14.1,5,
1791473035970,28.615869,77.285238,37.0,CNG,35.35,19.6,5,1098,42.4,4.83,,88.0,-0.78,-3.13,13.4,6.4,37.1,-0.70,ARMED,,14.1,5,
1791473036776,28.615928,77.285316,37.0,CNG,38.81,19.6,5,1105,42.4,3.31,,88.0,-0.78,-3.13,13.4,6.4,37.0,-0.22,ARMED,,14.1,5,
1791473037542,28.615990,77.285394,37.0,CNG,39.56,20.0,5,1117,42.4,3.71,,88.0,-0.78,-3.13,13.4,7.0,37.3,0.03,ARMED,,14.1,5,
1791473039226,28.616051,77.285475,38.0,CNG,44.03,20.4,5,1114,47.8,2.94,,88.0,-2.34,-3.13,13.4,7.5,37.4,0.06,ARMED,,18.4,5,
1791473039990,28.616110,77.285555,38.0,CNG,31.13,23.9,5,1133,47.8,7.16,,88.0,-2.34,-3.13,13.4,12.3,38.0,0.29,ARMED,,18.4,5,
1791473040804,28.616170,77.285638,38.0,CNG,27.24,23.9,5,1141,47.8,6.76,,88.0,-2.34,-3.13,13.5,12.3,38.3,0.31,ARMED,,18.4,5,
1791473042483,28.616292,77.285812,39.0,CNG,25.74,23.9,5,1166,59.2,6.69,,88.0,0.78,-3.13,13.5,12.3,38.9,0.54,ARMED,,19.6,5,
1791473043255,28.616358,77.285903,41.0,CNG,24.28,23.9,5,1209,59.2,7.45,,88.0,0.78,-3.13,13.4,12.3,40.5,0.88,ARMED,,19.6,5,
1791473044127,28.616358,77.285903,42.0,CNG,24.29,23.9,5,1246,59.2,7.06,,88.0,0.78,-3.13,13.4,12.3,41.7,1.09,ARMED,,19.6,5,
1791473045807,28.616480,77.286084,42.0,CNG,24.07,23.9,5,1239,56.5,7.23,,88.0,0.00,-3.13,13.5,12.3,42.0,0.79,ARMED,,19.2,5,
1791473046659,28.616543,77.286180,42.0,CNG,24.80,23.9,5,1257,56.5,6.61,,88.0,0.00,-3.13,13.5,12.3,42.4,0.31,ARMED,,19.2,5,
1791473047418,28.616606,77.286274,42.0,CNG,24.29,23.9,5,1262,56.5,7.28,,88.0,0.00,-3.13,13.5,12.3,42.5,0.28,ARMED,,19.2,5,
1791473049240,28.616734,77.286468,43.0,CNG,22.21,25.9,5,1273,66.7,8.90,,89.0,2.34,-3.13,13.5,15.0,42.8,0.29,ARMED,,20.8,4,
1791473050186,28.616734,77.286468,43.0,CNG,20.60,26.3,5,1282,66.7,9.44,,89.0,2.34,-3.13,13.3,15.5,43.1,0.24,ARMED,,20.8,4,
1791473050990,28.616797,77.286566,43.0,CNG,16.98,44.7,5,1290,66.7,13.05,,89.0,2.34,-3.13,13.3,40.7,43.3,0.25,ARMED,,20.8,4,
1791473052841,28.616926,77.286773,44.0,CNG,16.21,42.0,5,1319,95.3,11.83,,89.0,2.34,-3.13,13.4,36.9,44.1,0.54,ARMED,,14.1,4,
1791473053739,28.616987,77.286874,45.0,CNG,12.68,38.4,,1049,95.3,19.05,,89.0,2.34,-3.13,13.4,32.1,45.0,0.00,ARMED,,14.1,,
1791473054532,28.617053,77.286981,46.0,CNG,10.31,37.6,4,1780,95.3,23.13,,89.0,2.34,-3.13,13.4,31.0,46.0,0.00,ARMED,,14.1,4,
1791473056284,28.617191,77.287215,48.0,CNG,11.19,36.9,4,1858,80.4,15.45,,90.0,0.00,-1.56,13.4,30.0,47.4,0.77,ARMED,,27.8,4,
1791473057156,28.617191,77.287215,52.0,CNG,11.94,18.4,4,2026,80.4,16.22,,90.0,0.00,-1.56,13.4,4.8,51.6,2.12,ARMED,,27.8,5,
1791473057919,28.617256,77.287336,52.0,CNG,17.60,25.5,4,1943,80.4,4.07,,90.0,0.00,-1.56,13.4,14.4,51.2,0.92,ARMED,,27.8,4,
1791473059724,28.617385,77.287598,53.0,CNG,19.81,25.1,5,1566,39.2,9.00,,90.0,-3.13,-3.13,13.4,13.9,53.0,0.00,ARMED,,18.8,5,
1791473060591,28.617449,77.287733,54.0,CNG,25.48,20.8,5,1613,39.2,5.14,,90.0,-3.13,-3.13,13.4,8.0,53.9,0.40,ARMED,,18.8,5,
1791473061378,28.617509,77.287865,55.0,CNG,34.13,19.2,5,1642,39.2,3.40,,90.0,-3.13,-3.13,13.5,5.9,54.7,0.69,ARMED,,18.8,5,
1791473063333,28.617628,77.288146,55.0,CNG,40.74,19.2,5,1635,19.6,3.96,,90.0,-2.34,-3.91,13.4,5.9,55.0,0.48,ARMED,,15.3,5,
1791473064240,28.617628,77.288146,55.0,CNG,49.21,14.9,5,1660,19.6,3.17,,90.0,-2.34,-3.91,13.4,0.0,55.6,0.41,ARMED,,15.3,5,
1791473065058,28.617686,77.288293,56.0,CNG,46.68,20.4,5,1660,19.6,5.27,,90.0,-2.34,-3.91,13.4,7.5,55.7,0.35,ARMED,,15.3,5,
1791473066869,28.617800,77.288580,56.0,CNG,49.12,18.8,5,1677,19.6,4.30,,90.0,-2.34,-3.91,13.5,5.4,56.1,0.37,ARMED,,15.7,5,
1791473067748,28.617859,77.288726,57.0,CNG,51.80,14.9,5,1692,19.6,4.14,,89.0,-2.34,-3.91,13.5,0.0,56.7,0.36,CANDIDATE,56.7,15.7,5,
1791473068714,28.617919,77.288867,56.0,CNG,54.40,14.9,5,1653,19.6,3.89,,89.0,-2.34,-3.91,13.5,0.0,56.0,-0.22,LOCKED,56.0,15.7,5,
1791473070416,28.618025,77.289141,54.0,CNG,55.02,14.9,5,1588,19.6,3.94,,89.0,0.00,0.00,13.5,0.0,54.0,-1.19,LOCKED,56.0,15.3,5,
1791473071448,28.618072,77.289269,51.0,CNG,55.97,21.2,5,1506,19.6,3.62,,89.0,0.00,0.00,13.4,8.6,50.7,-1.67,LOCKED,56.0,15.3,5,
1791473072301,28.618122,77.289406,51.0,CNG,45.12,14.9,5,1514,19.6,6.03,,88.0,0.00,0.00,13.4,0.0,50.3,-1.02,LOCKED,56.0,15.3,5,
1791473074019,28.618171,77.289538,51.0,CNG,52.69,14.9,5,1529,19.6,2.93,,88.0,0.00,0.00,13.3,0.0,50.7,-0.35,LOCKED,56.0,15.3,5,
1791473074886,28.618217,77.289669,50.0,CNG,57.94,14.9,5,1491,19.6,2.98,,88.0,0.00,0.00,13.3,0.0,50.1,-0.34,LOCKED,56.0,15.3,4,
1791473075686,28.618264,77.289800,50.0,CNG,57.15,14.9,5,1471,19.6,3.65,,88.0,0.00,0.00,13.2,0.0,49.5,-0.41,LOCKED,56.0,15.3,4,
1791473077493,28.618356,77.290054,49.0,CNG,56.73,14.9,5,1453,20.0,3.57,,87.0,0.00,0.00,13.2,0.0,48.9,-0.48,LOCKED,56.0,14.9,4,
1791473078444,28.618401,77.290179,48.0,CNG,61.43,14.9,5,1443,20.0,2.78,,87.0,0.00,0.00,13.5,0.0,48.4,-0.40,LOCKED,56.0,14.9,4,
1791473079214,28.618443,77.290299,48.0,CNG,61.16,14.9,5,1431,20.0,3.23,,87.0,0.00,0.00,13.5,0.0,48.0,-0.42,LOCKED,56.0,14.9,4,
1791473081003,28.618488,77.290423,47.0,CNG,59.10,14.9,5,1388,21.2,3.42,,87.0,0.00,0.00,13.5,0.0,47.0,-0.82,LOCKED,56.0,14.5,4,
1791473081989,28.618528,77.290534,41.0,CNG,56.68,14.9,5,1243,21.2,3.17,,87.0,0.00,0.00,13.5,0.0,42.0,-2.32,LOCKED,56.0,14.5,4,
1791473082820,28.618566,77.290639,39.0,CNG,59.31,14.9,5,1164,21.2,2.47,,87.0,0.00,0.00,13.5,0.0,39.4,-2.72,LOCKED,56.0,14.5,4,
1791473084694,28.618631,77.290822,36.0,CNG,64.26,14.9,5,1073,23.1,1.95,,87.0,0.00,0.00,13.5,0.0,36.4,-3.16,ARMED,,13.3,5,
1791473085447,28.618660,77.290907,32.0,CNG,39.15,23.1,5,937,23.1,5.79,,87.0,0.00,0.00,13.3,11.2,31.4,-2.84,ARMED,,13.3,5,
1791473086267,28.618660,77.290907,32.0,CNG,27.93,25.1,5,962,23.1,7.00,,87.0,0.00,0.00,13.3,13.9,31.1,-1.62,ARMED,,13.3,5,
1791473088001,28.618719,77.291078,33.0,CNG,25.63,14.9,5,992,65.1,5.95,,87.0,-11.72,-3.13,13.4,0.0,32.0,-0.40,ARMED,,19.6,4,
1791473088764,28.618750,77.291170,35.0,CNG,21.81,25.1,4,1333,65.1,7.99,,87.0,-11.72,-3.13,13.4,13.9,35.0,0.00,ARMED,,19.6,3,
1791473089506,28.618782,77.291265,36.0,CNG,21.57,23.5,4,1383,65.1,6.93,,87.0,-11.72,-3.13,13.3,11.8,35.6,0.35,ARMED,,19.6,3,
1791473091125,28.618814,77.291362,37.0,CNG,21.98,23.1,4,1417,23.5,6.69,,88.0,0.00,0.00,13.3,11.2,36.6,0.75,ARMED,,19.6,4,
1791473091942,28.618847,77.291458,36.0,CNG,20.72,22.0,,1640,23.5,7.71,,88.0,0.00,0.00,13.3,9.6,36.0,0.00,ARMED,,19.6,,
1791473092661,28.618880,77.291553,36.0,CNG,19.51,23.9,3,1879,23.5,8.20,,88.0,0.00,0.00,13.3,12.3,36.0,0.00,ARMED,,19.6,3,
1791473094318,28.618947,77.291750,37.0,CNG,15.40,26.3,3,1882,23.9,12.84,,88.0,0.00,0.00,13.5,15.5,36.6,0.35,ARMED,,21.6,3,
1791473095124,28.618947,77.291750,38.0,CNG,14.73,26.3,4,1639,23.9,11.20,,89.0,0.00,0.00,13.5,15.5,38.0,0.00,ARMED,,21.6,4,
1791473095931,28.618980,77.291848,40.0,CNG,14.73,26.3,4,1517,23.9,11.09,,89.0,0.00,0.00,13.4,15.5,39.2,0.72,ARMED,,21.6,4,
1791473097796,28.619051,77.292064,40.0,CNG,15.18,25.5,4,1564,48.2,10.30,,89.0,-1.56,-3.13,13.5,14.4,39.9,0.75,ARMED,,19.6,4,
1791473098584,28.619087,77.292173,42.0,CNG,17.28,24.7,4,1615,48.2,8.02,,89.0,-1.56,-3.13,13.4,13.4,41.9,1.02,ARMED,,19.6,4,
1791473099458,28.619123,77.292284,42.0,CNG,17.93,25.1,4,1633,48.2,9.06,,90.0,-1.56,-3.13,13.4,13.9,42.6,0.86,ARMED,,19.6,4,
1791473101149,28.619159,77.292395,42.0,CNG,18.93,25.1,4,1657,48.6,8.33,,90.0,3.13,-3.13,13.3,13.9,43.1,0.81,ARMED,,20.0,4,
1791473102022,28.619197,77.292510,44.0,CNG,19.44,32.9,4,1715,48.6,8.90,,91.0,3.13,-3.13,13.3,24.6,44.4,0.79,ARMED,,20.0,4,
1791473102847,28.619235,77.292627,45.0,CNG,24.48,14.9,4,1733,48.6,4.76,,91.0,3.13,-3.13,13.5,0.0,45.0,0.76,ARMED,,20.0,4,
1791473104611,28.619310,77.292860,44.0,CNG,24.83,23.9,5,1383,53.7,7.09,,91.0,-2.34,-3.13,13.5,12.3,44.0,0.00,ARMED,,19.2,5,
1791473105539,28.619346,77.292974,43.0,CNG,24.34,23.5,5,1286,53.7,7.44,,91.0,-2.34,-3.13,13.5,11.8,43.1,-0.40,ARMED,,19.2,5,
1791473106308,28.619382,77.293087,43.0,CNG,24.65,23.5,5,1284,53.7,6.99,,91.0,-2.34,-3.13,13.5,11.8,42.9,-0.37,ARMED,,19.2,5,
1791473108089,28.619419,77.293201,43.0,CNG,24.82,23.5,5,1273,54.5,7.01,,91.0,1.56,-3.13,13.5,11.8,42.6,-0.36,ARMED,,19.2,5,
1791473109009,28.619455,77.293314,42.0,CNG,25.01,23.5,5,1249,54.5,6.78,,91.0,1.56,-3.13,13.5,11.8,41.9,-0.38,ARMED,,19.2,5,
1791473109843,28.619492,77.293425,42.0,CNG,23.56,24.3,5,1249,54.5,7.93,,91.0,1.56,-3.13,13.5,12.8,41.8,-0.32,ARMED,,19.2,5,
1791473111589,28.619567,77.293643,42.0,CNG,19.64,36.5,5,1234,94.9,10.94,,91.0,2.34,-2.34,13.5,29.4,41.4,-0.33,ARMED,,32.5,4,
1791473112465,28.619607,77.293760,44.0,CNG,16.30,34.1,5,1317,94.9,13.73,,91.0,2.34,-2.34,13.4,26.2,43.8,1.01,ARMED,,32.5,4,
1791473113245,28.619648,77.293879,45.0,CNG,15.28,32.9,5,1327,94.9,13.11,,91.0,2.34,-2.34,13.4,24.6,44.6,1.00,ARMED,,32.5,4,
1791473115057,28.619687,77.294000,46.0,CNG,15.40,32.5,5,1368,88.6,12.08,,91.0,1.56,-2.34,13.5,24.1,45.8,1.19,ARMED,,29.0,4,
1791473115951,28.619728,77.294128,49.0,CNG,14.82,31.8,5,1452,88.6,14.20,,91.0,1.56,-2.34,13.5,23.0,48.7,1.52,ARMED,,29.0,4,
1791473116762,28.619770,77.294259,50.0,CNG,20.99,15.3,5,1477,88.6,4.10,,91.0,1.56,-2.34,13.3,0.5,49.7,1.47,ARMED,,29.0,4,
1791473118577,28.619856,77.294518,49.0,CNG,21.13,23.5,5,1475,44.7,9.38,,91.0,-5.47,-2.34,13.3,11.8,50.0,0.88,ARMED,,19.2,5,
1791473119531,28.619900,77.294645,50.0,CNG,23.81,23.5,5,1474,44.7,7.01,,91.0,-5.47,-2.34,13.4,11.8,49.8,0.05,ARMED,,19.2,5,
1791473120285,28.619949,77.294781,50.0,CNG,26.87,21.6,5,1518,44.7,6.17,,91.0,-5.47,-2.34,13.4,9.1,50.6,0.48,ARMED,,19.2,5,
1791473122131,28.619996,77.294912,50.0,CNG,32.28,22.7,5,1497,39.6,4.44,,91.0,-3.91,-2.34,13.3,10.7,50.5,0.20,ARMED,,18.8,5,
1791473123028,28.620044,77.295045,52.0,CNG,34.01,22.0,5,1509,39.6,5.77,,91.0,-3.91,-2.34,13.3,9.6,50.8,0.19,ARMED,,18.8,5,
1791473123809,28.620092,77.295181,52.0,CNG,35.27,22.0,5,1549,39.6,5.70,,91.0,-3.91,-2.34,13.3,9.6,51.7,0.62,ARMED,,18.8,5,
1791473125682,28.620190,77.295455,52.0,CNG,34.47,22.0,5,1556,34.5,6.37,,90.0,-0.78,-3.13,13.3,9.6,52.3,0.64,ARMED,,18.0,5,
1791473126555,28.620236,77.295590,53.0,CNG,34.39,22.0,5,1587,34.5,6.32,,90.0,-0.78,-3.13,13.4,9.6,53.4,0.61,ARMED,,18.0,5,
1791473127336,28.620285,77.295730,54.0,CNG,34.52,22.0,5,1617,34.5,6.36,,90.0,-0.78,-3.13,13.4,9.6,54.1,0.79,ARMED,,18.0,5,
1791473129089,28.620336,77.295881,55.0,CNG,36.69,14.9,5,1622,25.1,5.57,,90.0,-2.34,-3.91,13.5,0.0,54.7,0.74,ARMED,,16.9,5,
1791473129959,28.620384,77.296026,55.0,CNG,40.82,20.4,5,1638,25.1,4.60,,90.0,-2.34,-3.91,13.5,7.5,55.2,0.37,ARMED,,16.9,5,
1791473130775,28.620432,77.296170,56.0,CNG,44.32,19.2,5,1670,25.1,4.52,,90.0,-2.34,-3.91,13.4,5.9,55.9,0.63,ARMED,,16.9,5,
1791473132684,28.620532,77.296463,56.0,CNG,49.37,14.9,5,1660,19.6,3.86,,89.0,0.00,0.00,13.4,0.0,56.0,0.39,ARMED,,15.7,5,
1791473133628,28.620581,77.296609,55.0,CNG,53.05,14.9,5,1649,19.6,3.76,,89.0,0.00,0.00,13.5,0.0,55.5,-0.16,ARMED,,15.7,5,
1791473134409,28.620627,77.296746,53.0,CNG,58.30,14.9,5,1596,19.6,3.14,,89.0,0.00,0.00,13.5,0.0,54.2,-0.82,ARMED,,15.7,5,
1791473136156,28.620669,77.296878,50.0,CNG,56.98,14.9,5,1515,20.4,3.72,,89.0,0.00,0.00,13.4,0.0,51.7,-1.84,ARMED,,14.9,5,
1791473137087,28.620710,77.297011,46.0,CNG,58.68,14.9,5,1392,20.4,3.04,,88.0,0.00,0.00,13.4,0.0,46.8,-2.56,ARMED,,14.9,5,
1791473137880,28.620748,77.297133,45.0,CNG,57.20,14.9,5,1344,20.4,3.35,,88.0,0.00,0.00,13.5,0.0,44.9,-2.54,ARMED,,14.9,5,
1791473139636,28.620823,77.297362,43.0,CNG,61.01,14.9,5,1302,21.6,2.56,,87.0,0.00,0.00,13.5,0.0,43.2,-2.19,ARMED,,14.5,5,
1791473140563,28.620860,77.297470,42.0,CNG,49.08,19.6,5,1225,21.6,4.62,,87.0,0.00,0.00,13.4,6.4,40.9,-1.50,ARMED,,14.5,5,
1791473141356,28.620895,77.297579,41.0,CNG,56.20,14.9,5,1185,21.6,2.28,,87.0,0.00,0.00,13.4,0.0,39.8,-1.48,ARMED,,14.5,5,
1791473143139,28.620930,77.297689,41.0,CNG,49.39,20.0,5,1215,29.4,4.04,,87.0,-0.78,-3.13,13.4,7.0,40.0,-0.56,ARMED,,15.7,5,
1791473144072,28.620966,77.297796,41.0,CNG,33.84,22.0,5,1224,29.4,7.36,,87.0,-0.78,-3.13,13.4,9.6,40.9,0.28,ARMED,,15.7,5,
1791473144873,28.621003,77.297906,42.0,CNG,36.07,19.6,5,1227,29.4,4.29,,87.0,-0.78,-3.13,13.5,6.4,41.2,0.30,ARMED,,15.7,5,
1791473146677,28.621077,77.298125,42.0,CNG,37.62,20.0,5,1244,28.6,4.27,,87.0,-2.34,-3.13,13.5,7.0,41.7,0.37,ARMED,,15.7,5,
1791473147596,28.621115,77.298236,41.0,CNG,40.70,20.0,5,1219,28.6,3.60,,87.0,-2.34,-3.13,13.5,7.0,41.1,-0.19,ARMED,,15.7,5,
1791473148414,28.621151,77.298342,41.0,CNG,45.42,20.0,5,1215,28.6,3.04,,87.0,-2.34,-3.13,13.5,7.0,40.9,-0.21,ARMED,,15.7,5,
1791473150178,28.621223,77.298553,41.0,CNG,48.01,20.0,5,1211,26.7,3.19,,87.0,-0.78,-3.13,13.3,7.0,40.7,-0.21,ARMED,,14.9,5,
1791473151042,28.621223,77.298553,40.0,CNG,53.13,19.6,5,1178,26.7,2.57,,87.0,-0.78,-3.13,13.3,6.4,39.8,-0.48,ARMED,,14.9,5,
1791473151852,28.621259,77.298656,40.0,CNG,50.76,19.6,5,1182,26.7,3.44,,87.0,-0.78,-3.13,13.3,6.4,39.6,-0.33,ARMED,,14.9,5,
1791473153520,28.621329,77.298862,39.0,CNG,46.63,19.6,5,1176,38.0,3.85,,87.0,-1.56,-3.13,13.3,6.4,39.5,-0.29,ARMED,,16.5,5,
1791473154325,28.621362,77.298962,39.0,CNG,44.56,19.6,5,1152,38.0,3.82,,87.0,-1.56,-3.13,13.3,6.4,38.8,-0.34,ARMED,,16.5,5,
1791473155146,28.621362,77.298962,38.0,CNG,39.18,19.6,5,1141,38.0,4.71,,87.0,-1.56,-3.13,13.3,6.4,38.5,-0.36,ARMED,,16.5,5,
1791473156857,28.621432,77.299165,38.0,CNG,36.58,19.6,5,1134,47.5,4.68,,87.0,-1.56,-2.34,13.3,6.4,38.2,-0.36,ARMED,,17.6,5,
1791473157604,28.621467,77.299265,38.0,CNG,33.76,20.8,5,1130,47.5,5.14,,88.0,-1.56,-2.34,13.3,8.0,38.0,-0.17,ARMED,,17.6,5,
1791473158394,28.621503,77.299364,38.0,CNG,28.97,21.6,5,1122,47.5,6.51,,88.0,-1.56,-2.34,13.1,9.1,37.8,-0.19,ARMED,,17.6,5,
1791473160074,28.621535,77.299461,38.0,CNG,31.08,21.6,5,1127,43.5,4.45,,88.0,-0.78,-2.34,13.1,9.1,37.8,-0.13,ARMED,,16.9,5,
1791473160846,28.621570,77.299565,38.0,CNG,30.92,21.6,5,1136,43.5,5.06,,88.0,-0.78,-2.34,13.5,9.1,38.1,0.12,ARMED,,16.9,5,
1791473161636,28.621603,77.299665,38.0,CNG,31.13,21.6,5,1135,43.5,4.94,,89.0,-0.78,-2.34,13.5,9.1,38.2,0.11,ARMED,,16.9,5,
1791473163299,28.621670,77.299870,38.0,CNG,32.98,21.6,5,1149,42.4,4.29,,89.0,-1.56,-2.34,13.5,9.1,38.5,0.16,ARMED,,16.9,5,
1791473164104,28.621670,77.299870,39.0,CNG,34.80,21.6,5,1160,42.4,4.21,,89.0,-1.56,-2.34,13.5,9.1,39.0,0.21,ARMED,,16.9,5,
1791473164881,28.621704,77.299974,39.0,CNG,34.35,21.6,5,1166,42.4,4.73,,89.0,-1.56,-2.34,13.5,9.1,39.1,0.22,ARMED,,16.9,5,
1791473166760,28.621772,77.300184,40.0,CNG,33.80,21.6,5,1179,42.0,4.95,,90.0,0.00,-2.34,13.5,9.1,39.5,0.28,ARMED,,16.9,5,
1791473167543,28.621805,77.300286,40.0,CNG,33.62,21.2,5,1183,42.0,4.90,,90.0,0.00,-2.34,13.5,8.6,39.8,0.23,ARMED,,16.9,5,
1791473168384,28.621842,77.300394,40.0,CNG,34.08,21.2,5,1182,42.0,4.70,,90.0,0.00,-2.34,13.5,8.6,39.9,0.19,ARMED,,16.9,5,
1791473170153,28.621878,77.300500,40.0,CNG,33.48,21.2,5,1195,39.2,5.01,,90.0,0.00,-2.34,13.1,8.6,40.1,0.22,ARMED,,16.9,5,
1791473170949,28.621915,77.300604,41.0,CNG,34.16,21.2,5,1211,39.2,4.76,,90.0,0.00,-2.34,13.1,8.6,40.8,0.27,ARMED,,16.9,5,
1791473171812,28.621952,77.300716,42.0,CNG,34.83,21.2,5,1233,39.2,4.79,,90.0,0.00,-2.34,13.3,8.6,41.4,0.48,ARMED,,16.9,5,
1791473173374,28.622027,77.300934,42.0,CNG,33.53,21.2,5,1241,44.3,5.40,,90.0,0.78,-2.34,13.3,8.6,41.8,0.50,ARMED,,18.0,5,
1791473174266,28.622027,77.300934,42.0,CNG,32.96,21.2,5,1259,44.3,5.34,,90.0,0.78,-2.34,13.2,8.6,42.4,0.45,ARMED,,18.0,5,
1791473175031,28.622064,77.301046,42.0,CNG,32.62,20.8,5,1262,44.3,5.34,,90.0,0.78,-2.34,13.2,8.0,42.6,0.39,ARMED,,18.0,5,
1791473176789,28.622143,77.301271,43.0,CNG,30.71,20.8,5,1272,45.1,6.21,,90.0,0.00,-2.34,13.5,8.0,42.8,0.37,ARMED,,18.0,5,
1791473177707,28.622182,77.301385,44.0,CNG,30.30,21.2,5,1308,45.1,6.05,,90.0,0.00,-2.34,13.5,8.6,44.0,0.58,ARMED,,18.0,5,
1791473178500,28.622221,77.301498,45.0,CNG,30.59,20.8,5,1321,45.1,5.93,,90.0,0.00,-2.34,13.5,8.0,44.4,0.59,ARMED,,18.0,5,
1791473180318,28.622301,77.301741,45.0,CNG,32.93,20.8,5,1342,27.1,4.96,,90.0,0.00,-3.13,13.5,8.0,45.1,0.62,ARMED,,14.5,5,
1791473181206,28.622301,77.301741,46.0,CNG,41.20,19.6,5,1356,27.1,2.91,,90.0,0.00,-3.13,13.4,6.4,45.7,0.41,ARMED,,14.5,5,
1791473181974,28.622340,77.301865,46.0,CNG,46.83,19.6,5,1377,27.1,3.21,,90.0,0.00,-3.13,13.4,6.4,46.2,0.46,ARMED,,14.5,5,
1791473183767,28.622416,77.302109,47.0,CNG,53.26,14.9,5,1388,22.4,2.89,,90.0,0.00,-3.13,13.4,0.0,46.7,0.48,ARMED,,15.7,5,
1791473184636,28.622455,77.302241,48.0,CNG,56.62,19.6,5,1414,22.4,3.15,,90.0,0.00,-3.13,13.4,6.4,47.7,0.50,ARMED,,15.7,5,
1791473185384,28.622495,77.302370,48.0,CNG,58.51,19.6,5,1427,22.4,3.19,,90.0,0.00,-3.13,13.4,6.4,48.1,0.51,ARMED,,15.7,5,
1791473187129,28.622535,77.302495,49.0,CNG,55.61,19.6,5,1450,21.6,3.86,,89.0,-0.78,-3.13,13.4,6.4,48.8,0.58,ARMED,,15.3,5,
1791473188025,28.622579,77.302631,50.0,CNG,59.70,19.6,5,1495,21.6,3.06,,89.0,-0.78,-3.13,13.3,6.4,50.3,0.82,ARMED,,15.3,5,
1791473188790,28.622623,77.302765,51.0,CNG,63.13,19.6,5,1517,21.6,3.03,,89.0,-0.78,-3.13,13.3,6.4,51.0,0.85,ARMED,,15.3,5,
1791473190598,28.622716,77.303036,51.0,CNG,65.48,19.6,5,1532,20.8,3.01,,89.0,0.78,-3.13,13.5,6.4,51.6,0.80,ARMED,,15.7,5,
1791473191472,28.622762,77.303168,52.0,CNG,61.57,19.6,5,1567,20.8,3.75,,88.0,0.78,-3.13,13.5,6.4,52.7,0.72,ARMED,,15.7,5,
1791473192248,28.622813,77.303308,52.0,CNG,68.59,19.6,5,1547,20.8,2.58,,88.0,0.78,-3.13,13.5,6.4,52.5,0.26,ARMED,,15.7,5,
1791473194090,28.622862,77.303441,52.0,CNG,52.47,20.8,5,1560,27.8,5.46,,88.0,0.00,-3.13,13.5,8.0,52.5,0.20,ARMED,,16.9,5,
1791473194998,28.622910,77.303572,52.0,CNG,48.00,21.6,5,1533,27.8,4.99,,88.0,0.00,-3.13,13.5,9.1,51.7,-0.32,ARMED,,16.9,5,
1791473195787,28.622959,77.303709,52.0,CNG,43.36,21.6,5,1533,27.8,5.61,,88.0,0.00,-3.13,13.5,9.1,51.5,-0.30,ARMED,,16.9,5,
1791473197538,28.623054,77.303979,52.0,CNG,41.43,22.0,5,1540,35.3,5.47,,88.0,0.78,-3.13,13.3,9.6,51.6,-0.08,ARMED,,18.0,5,
1791473198400,28.623100,77.304115,52.0,CNG,38.74,22.4,5,1558,35.3,6.02,,87.0,0.78,-3.13,13.3,10.2,52.3,0.28,ARMED,,18.0,5,
1791473199242,28.623143,77.304249,52.0,CNG,36.12,22.4,5,1561,35.3,6.48,,87.0,0.78,-3.13,13.5,10.2,52.5,0.27,ARMED,,18.0,5,
1791473201194,28.623232,77.304535,53.0,CNG,35.00,22.4,5,1566,36.5,6.47,,87.0,0.00,-3.13,13.5,10.2,52.7,0.25,ARMED,,18.4,5,
1791473202205,28.623276,77.304672,54.0,CNG,34.33,22.4,5,1589,36.5,6.61,,87.0,0.00,-3.13,13.4,10.2,53.5,0.31,CANDIDATE,53.5,18.4,5,
1791473203095,28.623276,77.304672,54.0,CNG,34.61,22.4,5,1609,36.5,6.30,,88.0,0.00,-3.13,13.4,10.2,54.0,0.39,ARMED,,18.4,5,
1791473204777,28.623370,77.304959,54.0,CNG,35.27,22.4,5,1609,36.1,6.08,,88.0,0.00,-3.13,13.5,10.2,54.2,0.36,ARMED,,18.4,5,
1791473205661,28.623418,77.305099,55.0,CNG,44.24,14.9,5,1627,36.1,3.19,,88.0,0.00,-3.13,13.5,0.0,54.8,0.34,ARMED,,18.4,5,
1791473206424,28.623467,77.305239,53.0,CNG,49.63,14.9,5,1571,36.1,3.55,,88.0,0.00,-3.13,13.5,0.0,53.8,-0.41,ARMED,,18.4,5,
1791473208193,28.623552,77.305485,49.0,CNG,51.89,14.9,5,1467,22.4,3.57,,88.0,0.00,0.00,13.5,0.0,50.7,-1.92,ARMED,,14.1,5,
1791473209099,28.623552,77.305485,44.0,CNG,69.46,14.9,,794,22.4,1.04,,88.0,0.00,0.00,13.5,0.0,44.0,0.00,ARMED,,14.1,,
1791473209886,28.623590,77.305598,42.0,CNG,68.46,14.9,4,1486,22.4,2.57,,88.0,0.00,0.00,13.5,0.0,42.0,0.00,ARMED,,14.1,4,
1791473211681,28.623664,77.305816,41.0,CNG,53.21,22.4,4,1600,45.9,4.33,,88.0,-1.56,-2.34,13.4,10.2,41.3,-0.38,ARMED,,19.6,4,
1791473212550,28.623700,77.305922,41.0,CNG,32.25,24.3,4,1611,45.9,8.49,,88.0,-1.56,-2.34,13.4,12.8,41.0,-0.31,ARMED,,19.6,4,
1791473213367,28.623736,77.306030,41.0,CNG,27.02,24.3,4,1614,45.9,7.78,,88.0,-1.56,-2.34,13.6,12.8,40.9,-0.25,ARMED,,19.6,4,
1791473215108,28.623771,77.306140,42.0,CNG,25.13,23.9,4,1635,42.7,7.55,,89.0,-1.56,-2.34,13.6,12.3,41.3,0.11,ARMED,,19.2,4,
1791473216110,28.623806,77.306252,42.0,CNG,23.83,23.9,4,1636,42.7,7.76,,89.0,-1.56,-2.34,13.3,12.3,41.7,0.14,LOCKED,41.7,19.2,4,
1791473216859,28.623844,77.306367,43.0,CNG,24.08,23.5,4,1649,42.7,7.19,,89.0,-1.56,-2.34,13.3,11.8,42.0,0.20,LOCKED,41.7,19.2,4,
1791473218643,28.623919,77.306589,43.0,CNG,23.81,23.5,4,1651,50.6,7.50,,89.0,-0.78,-2.34,13.3,11.8,42.2,0.20,LOCKED,41.7,22.0,4,
1791473219534,28.623959,77.306707,44.0,CNG,18.31,14.9,4,1709,50.6,13.12,,89.0,-0.78,-2.34,13.3,0.0,43.6,0.67,LOCKED,41.7,22.0,4,
1791473220343,28.623998,77.306824,44.0,CNG,20.34,23.9,5,1403,50.6,7.40,,89.0,-0.78,-2.34,13.4,12.3,44.0,0.00,PAUSED,41.7,22.0,5,
1791473222209,28.624076,77.307054,44.0,CNG,21.65,23.9,5,1315,54.1,7.51,,90.0,0.78,-2.34,13.4,12.3,44.0,0.00,PAUSED,41.7,19.6,5,
1791473223141,28.624076,77.307054,45.0,CNG,22.86,23.5,5,1327,54.1,7.39,,90.0,0.78,-2.34,13.2,11.8,44.9,0.40,PAUSED,41.7,19.6,5,
1791473223926,28.624116,77.307172,45.0,CNG,23.74,23.5,5,1337,54.1,7.31,,90.0,0.78,-2.34,13.2,11.8,45.3,0.42,PAUSED,41.7,19.6,5,
1791473225705,28.624199,77.307410,45.0,CNG,25.17,23.1,5,1331,47.5,6.65,,90.0,-0.78,-2.34,13.3,11.2,45.3,0.21,PAUSED,41.7,18.8,5,
1791473226580,28.624238,77.307526,45.0,CNG,25.94,22.0,5,1355,47.5,6.77,,90.0,-0.78,-2.34,13.3,9.6,45.8,0.24,ARMED,,18.8,5,
1791473227341,28.624280,77.307648,45.0,CNG,29.26,22.0,5,1339,47.5,5.08,,90.0,-0.78,-2.34,13.5,9.6,45.5,-0.01,ARMED,,18.8,5,
1791473229137,28.624326,77.307766,45.0,CNG,31.29,22.0,5,1334,38.8,5.27,,90.0,-1.56,-3.13,13.5,9.6,45.2,-0.19,ARMED,,17.6,5,
1791473230059,28.624366,77.307878,45.0,CNG,33.47,21.6,5,1341,38.8,4.92,,90.0,-1.56,-3.13,13.3,9.1,45.2,-0.11,ARMED,,17.6,5,
1791473230848,28.624407,77.307995,45.0,CNG,33.78,21.6,5,1331,38.8,5.37,,90.0,-1.56,-3.13,13.3,9.1,45.0,-0.14,ARMED,,17.6,5,
1791473232667,28.624492,77.308227,45.0,CNG,34.17,21.6,5,1330,36.5,5.29,,90.0,-0.78,-3.13,13.4,9.1,44.9,-0.13,ARMED,,17.3,5,
1791473233529,28.624534,77.308343,44.0,CNG,34.30,21.2,5,1316,36.5,5.21,,90.0,-0.78,-3.13,13.4,8.6,44.4,-0.19,ARMED,,17.3,5,
1791473234320,28.624575,77.308459,44.0,CNG,35.05,21.2,5,1305,36.5,4.96,,90.0,-0.78,-3.13,13.5,8.6,44.1,-0.23,ARMED,,17.3,5,
1791473236263,28.624655,77.308687,44.0,CNG,37.56,21.2,5,1305,34.5,4.27,,90.0,-1.56,-3.13,13.5,8.6,44.0,-0.21,ARMED,,16.1,5,
1791473237145,28.624655,77.308687,43.0,CNG,41.46,20.8,5,1285,34.5,3.56,,90.0,-1.56,-3.13,13.5,8.0,43.3,-0.27,ARMED,,16.1,5,
1791473237927,28.624694,77.308796,43.0,CNG,44.53,20.8,5,1269,34.5,3.50,,90.0,-1.56,-3.13,13.5,8.0,42.9,-0.33,ARMED,,16.1,5,
1791473239764,28.624771,77.309020,43.0,CNG,45.48,20.8,5,1284,31.8,3.74,,90.0,0.78,-3.13,13.5,8.0,43.1,-0.09,ARMED,,16.1,5,
1791473240652,28.624807,77.309134,43.0,CNG,42.85,20.8,5,1285,31.8,4.46,,90.0,0.78,-3.13,13.5,8.0,43.2,-0.01,ARMED,,16.1,5,
1791473241463,28.624841,77.309247,43.0,CNG,47.02,20.4,5,1292,31.8,3.19,,90.0,0.78,-3.13,13.5,7.5,43.4,0.03,ARMED,,16.1,5,
1791473243360,28.624915,77.309481,44.0,CNG,48.59,14.9,5,1302,21.6,3.52,,89.0,0.00,0.00,13.5,0.0,43.7,0.20,ARMED,,14.5,5,
1791473244492,28.624952,77.309593,43.0,CNG,53.31,20.0,5,1275,21.6,2.81,,89.0,0.00,0.00,13.5,7.0,43.0,-0.26,ARMED,,14.5,5,
1791473245588,28.624988,77.309706,43.0,CNG,52.28,14.9,5,1310,21.6,3.46,,89.0,0.00,0.00,13.5,0.0,43.7,0.26,ARMED,,14.5,5,
1791473247891,28.625063,77.309933,43.0,CNG,52.92,19.2,5,1261,21.2,3.26,,89.0,0.00,-3.91,13.5,5.9,42.8,-0.37,ARMED,,14.9,5,
1791473249050,28.625103,77.310048,44.0,CNG,55.98,20.8,5,1313,21.2,2.94,,88.0,0.00,-3.91,13.5,8.0,44.0,0.42,ARMED,,14.9,5,
1791473250107,28.625144,77.310164,45.0,CNG,63.79,14.9,5,1333,21.2,2.30,,88.0,0.00,-3.91,13.4,0.0,44.7,0.49,ARMED,,14.9,5,
1791473252372,28.625268,77.310514,44.0,CNG,66.03,14.9,5,1323,30.6,2.58,,88.0,0.00,-3.91,13.4,0.0,44.7,0.16,ARMED,,16.1,5,
1791473253520,28.625308,77.310628,45.0,CNG,54.43,20.8,5,1360,30.6,4.25,,88.0,0.00,-3.91,13.4,8.0,45.6,0.37,ARMED,,16.1,5,
1791473254381,28.625350,77.310750,46.0,CNG,61.03,18.0,5,1368,30.6,2.54,,88.0,0.00,-3.91,13.4,4.3,45.9,0.36,ARMED,,16.1,5,
1791473256061,28.625394,77.310870,46.0,CNG,64.15,17.6,5,1377,20.8,2.71,,88.0,0.00,0.00,13.5,3.7,46.2,0.36,ARMED,,14.9,5,
1791473256979,28.625437,77.310989,46.0,CNG,61.37,14.9,5,1367,20.8,3.26,,88.0,0.00,0.00,13.5,0.0,46.0,-0.03,ARMED,,14.9,5,
1791473257729,28.625480,77.311109,46.0,CNG,59.22,14.9,5,1360,20.8,3.34,,88.0,0.00,0.00,13.5,0.0,45.7,-0.09,ARMED,,14.9,5,
1791473259484,28.625564,77.311345,45.0,CNG,61.87,14.9,5,1344,21.2,2.77,,87.0,0.00,0.00,13.5,0.0,45.3,-0.31,ARMED,,14.5,5,
1791473260373,28.625600,77.311454,43.0,CNG,62.38,14.9,5,1299,21.2,2.78,,87.0,0.00,0.00,13.5,0.0,43.7,-0.80,ARMED,,14.5,5,
1791473261138,28.625600,77.311454,41.0,CNG,65.90,14.9,5,1236,21.2,2.31,,87.0,0.00,0.00,13.5,0.0,42.0,-1.40,ARMED,,14.5,5,
1791473262967,28.625668,77.311661,38.0,CNG,65.05,14.9,5,1147,22.0,2.44,,87.0,0.00,0.00,13.1,0.0,39.1,-2.31,ARMED,,20.8,5,
1791473263706,28.625702,77.311755,38.0,CNG,39.67,23.5,5,1108,22.0,6.39,,87.0,0.00,0.00,13.1,11.8,36.9,-1.54,ARMED,,20.8,5,
1791473264585,28.625743,77.311857,38.0,CNG,30.28,23.1,5,1143,22.0,7.04,,87.0,0.00,0.00,13.5,11.2,37.4,-0.58,ARMED,,20.8,5,
1791473266243,28.625785,77.311958,39.0,CNG,27.01,22.4,5,1171,42.0,6.86,,87.0,-1.56,-3.13,13.5,10.2,38.4,0.32,ARMED,,15.3,5,
1791473267046,28.625827,77.312061,40.0,CNG,25.44,21.6,5,1215,42.0,6.97,,87.0,-1.56,-3.13,13.4,9.1,40.4,1.01,ARMED,,15.3,5,
1791473267795,28.625875,77.312168,41.0,CNG,28.92,21.6,5,1210,42.0,4.65,,87.0,-1.56,-3.13,13.4,9.1,40.8,0.76,ARMED,,15.3,5,
1791473269495,28.625961,77.312375,41.0,CNG,30.67,21.6,5,1220,34.1,4.98,,87.0,0.00,-3.13,13.1,9.1,41.1,0.55,ARMED,,14.5,5,
1791473270471,28.626003,77.312481,42.0,CNG,35.40,19.6,5,1231,34.1,3.77,,88.0,0.00,-3.13,13.1,6.4,41.4,0.25,ARMED,,14.5,5,
1791473271306,28.626043,77.312583,41.0,CNG,42.30,19.6,5,1239,34.1,2.80,,88.0,0.00,-3.13,13.4,6.4,41.6,0.25,ARMED,,14.5,5,
1791473273195,28.626125,77.312800,41.0,CNG,46.69,19.6,5,1224,23.9,3.03,,88.0,1.56,-3.91,13.3,6.4,41.3,-0.04,ARMED,,14.5,5,
1791473274128,28.626125,77.312800,41.0,CNG,50.63,18.0,5,1238,23.9,2.89,,88.0,1.56,-3.91,13.5,4.3,41.4,0.01,ARMED,,14.5,5,
1791473274928,28.626163,77.312906,41.0,CNG,54.73,14.9,5,1216,23.9,2.69,,88.0,1.56,-3.91,13.5,0.0,41.0,-0.25,ARMED,,14.5,5,
1791473276766,28.626222,77.313060,30.0,CNG,64.89,14.9,5,797,24.3,1.17,,88.0,0.00,-0.78,13.4,0.0,31.1,-5.65,ARMED,,12.5,5,
1791473277526,28.626237,77.313095,12.0,CNG,55.38,14.9,,721,24.3,1.48,,89.0,0.00,-0.78,13.4,0.0,12.0,0.00,ARMED,,12.5,,
1791473278283,28.626237,77.313095,11.0,CNG,42.46,14.9,,722,24.3,1.96,,89.0,0.00,-0.78,13.5,0.0,11.0,0.00,ARMED,,12.5,,
1791473279965,28.626259,77.313150,10.0,CNG,40.52,25.1,2,722,54.9,1.15,,89.0,0.00,-3.13,13.5,13.9,10.0,0.00,ARMED,,17.6,2,
1791473280777,28.626274,77.313181,13.0,CNG,31.84,23.1,,841,54.9,2.34,,89.0,0.00,-3.13,13.3,11.2,13.0,0.00,ARMED,,17.6,,
1791473281488,28.626297,77.313212,14.0,CNG,19.57,18.0,2,1065,54.9,4.73,,90.0,0.00,-3.13,13.3,4.3,14.0,0.00,ARMED,,17.6,2,
1791473283155,28.626328,77.313237,15.0,CNG,9.85,21.6,2,1082,48.6,10.73,,90.0,-5.47,-3.13,13.5,9.1,14.6,0.35,ARMED,,21.2,2,
1791473283933,28.626367,77.313256,19.0,CNG,8.10,14.9,2,1405,48.6,11.58,,90.0,-5.47,-3.13,13.5,0.0,18.6,1.89,ARMED,,21.2,2,
1791473284723,28.626416,77.313263,21.0,CNG,13.29,25.5,3,1137,48.6,1.59,,90.0,-5.47,-3.13,13.4,14.4,21.0,0.00,ARMED,,21.2,3,
1791473286424,28.626524,77.313238,21.0,CNG,12.50,24.7,3,1134,51.4,7.40,,90.0,-3.13,-3.13,13.4,13.4,21.0,0.00,ARMED,,18.0,3,
1791473287247,28.626524,77.313238,25.0,CNG,14.66,22.0,3,1267,51.4,5.57,,90.0,-3.13,-3.13,13.5,9.6,24.5,1.62,ARMED,,18.0,3,
1791473288005,28.626582,77.313214,27.0,CNG,16.53,22.4,3,1357,51.4,5.65,,91.0,-3.13,-3.13,13.5,10.2,26.4,1.96,ARMED,,18.0,3,
1791473289669,28.626716,77.313159,28.0,CNG,17.04,22.4,3,1430,42.7,6.45,,91.0,-0.78,-3.13,13.4,10.2,28.1,2.00,ARMED,,19.2,3,
1791473290471,28.626785,77.313128,31.0,CNG,23.77,14.9,3,1560,42.7,2.74,,91.0,-0.78,-3.13,13.4,0.0,30.8,1.74,ARMED,,19.2,3,
1791473291242,28.626785,77.313128,31.0,CNG,18.51,23.1,,811,42.7,8.87,,91.0,-0.78,-3.13,13.2,11.2,31.0,0.00,ARMED,,19.2,,
1791473292956,28.626928,77.313064,31.0,CNG,20.86,18.0,4,1199,26.3,4.99,,91.0,-3.91,-3.91,13.2,4.3,31.0,0.00,ARMED,,15.3,4,
1791473293756,28.627002,77.313031,32.0,CNG,26.99,19.6,4,1264,26.3,2.86,,91.0,-3.91,-3.91,13.5,6.4,31.9,0.41,ARMED,,15.3,4,
1791473294515,28.627078,77.312996,33.0,CNG,30.70,19.6,4,1275,26.3,3.55,,90.0,-3.91,-3.91,13.5,6.4,32.7,0.70,ARMED,,15.3,4,
1791473296144,28.627153,77.312962,34.0,CNG,32.71,19.6,4,1310,24.7,3.86,,90.0,-0.78,-3.91,13.4,6.4,33.6,0.94,ARMED,,15.3,4,
1791473296930,28.627236,77.312924,35.0,CNG,36.80,19.6,4,1341,24.7,3.21,,90.0,-0.78,-3.91,13.4,6.4,34.8,0.76,ARMED,,15.3,4,
1791473297771,28.627317,77.312887,35.0,CNG,41.13,19.6,4,1352,24.7,2.89,,90.0,-0.78,-3.91,13.4,6.4,35.2,0.61,ARMED,,15.3,4,
1791473299447,28.627483,77.312817,35.0,CNG,40.64,19.2,4,1372,22.0,3.58,,90.0,2.34,-3.91,13.4,5.9,35.6,0.57,ARMED,,14.9,4,
1791473300316,28.627565,77.312783,36.0,CNG,42.07,18.4,4,1378,22.0,3.32,,90.0,2.34,-3.91,13.5,4.8,35.8,0.23,ARMED,,14.9,4,
1791473301057,28.627565,77.312783,35.0,CNG,47.05,18.4,4,1380,22.0,2.50,,89.0,2.34,-3.91,13.5,4.8,35.8,0.18,ARMED,,14.9,4,
1791473302719,28.627731,77.312716,36.0,CNG,49.07,14.9,4,1379,26.7,2.81,,89.0,0.00,-0.78,13.4,0.0,35.8,0.14,ARMED,,13.3,4,
1791473303515,28.627812,77.312686,34.0,CNG,56.39,14.9,,774,26.7,1.89,,89.0,0.00,-0.78,13.4,0.0,34.0,0.00,ARMED,,13.3,,
1791473304341,28.627887,77.312661,31.0,CNG,60.04,14.9,,712,26.7,1.88,,89.0,0.00,-0.78,13.3,0.0,31.0,0.00,ARMED,,13.3,,
1791473306105,28.627947,77.312646,26.0,CNG,66.32,14.9,5,705,28.6,1.28,,89.0,-3.13,-0.78,13.4,0.0,26.0,0.00,ARMED,,13.3,5,
1791473306852,28.627991,77.312640,16.0,CNG,62.47,14.9,4,702,28.6,1.22,,89.0,-3.13,-0.78,13.2,0.0,16.0,0.00,ARMED,,13.3,4,
1791473307569,28.628022,77.312637,12.0,CNG,41.36,14.9,,706,28.6,2.42,,89.0,-3.13,-0.78,13.2,0.0,12.0,0.00,ARMED,,13.3,,
1791473309288,28.628043,77.312638,4.0,CNG,25.77,14.9,,704,81.6,2.39,,89.0,3.13,-3.13,13.3,0.0,4.0,0.00,ARMED,,23.1,,
1791473310074,28.628043,77.312638,4.0,CNG,17.15,14.9,,1461,81.6,2.55,,89.0,3.13,-3.13,13.3,0.0,4.0,0.00,ARMED,,23.1,,
1791473310889,28.628055,77.312638,6.0,CNG,6.53,24.7,1,868,81.6,9.35,,89.0,3.13,-3.13,13.4,13.4,6.0,0.00,ARMED,,23.1,1,
1791473312522,28.628102,77.312663,9.0,CNG,5.17,25.9,1,1232,44.7,9.12,,89.0,1.56,-2.34,13.4,15.0,7.9,1.09,ARMED,,16.5,1,
1791473313300,28.628131,77.312692,16.0,CNG,8.36,27.5,,1683,44.7,3.98,,89.0,1.56,-2.34,13.4,17.1,16.0,0.00,ARMED,,16.5,,
1791473314061,28.628131,77.312692,18.0,CNG,7.37,29.0,2,1272,44.7,11.12,,89.0,1.56,-2.34,13.4,19.3,18.0,0.00,ARMED,,16.5,2,
1791473315797,28.628187,77.312787,21.0,CNG,7.08,14.9,2,1501,76.1,12.60,,89.0,0.00,-3.91,13.4,0.0,19.9,1.09,ARMED,,22.7,2,
1791473316589,28.628213,77.312850,25.0,CNG,7.73,36.5,3,1242,76.1,11.98,,89.0,0.00,-3.91,13.4,29.4,25.0,0.00,ARMED,,22.7,2,
1791473317486,28.628237,77.312919,28.0,CNG,7.69,36.9,3,1422,76.1,14.98,,89.0,0.00,-3.91,13.2,30.0,27.0,1.13,ARMED,,22.7,2,
1791473319099,28.628261,77.312997,31.0,CNG,12.70,14.9,3,1543,76.1,2.66,,89.0,0.00,-3.13,13.2,0.0,29.8,2.26,ARMED,,22.0,3,
1791473319917,28.628287,77.313081,32.0,CNG,13.20,27.8,4,1248,76.1,9.42,,89.0,0.00,-3.13,13.2,17.7,32.0,0.00,ARMED,,22.0,3,
1791473320701,28.628317,77.313171,34.0,CNG,12.80,30.2,4,1316,76.1,11.28,,89.0,0.00,-3.13,13.2,20.9,33.3,0.74,ARMED,,22.0,3,
1791473322364,28.628376,77.313358,36.0,CNG,13.13,29.0,4,1380,24.3,10.83,,89.0,0.00,0.00,13.1,19.3,35.2,1.51,ARMED,,13.3,3,
1791473323109,28.628376,77.313358,37.0,CNG,20.09,16.9,5,1154,24.3,2.21,,89.0,0.00,0.00,13.1,2.7,37.0,0.00,ARMED,,13.3,5,
1791473323888,28.628408,77.313457,36.0,CNG,26.87,18.0,5,1087,24.3,2.82,,89.0,0.00,0.00,13.5,4.3,36.4,-0.35,ARMED,,13.3,5,
1791473325661,28.628473,77.313648,36.0,CNG,32.85,18.8,5,1076,27.5,3.02,,89.0,-0.78,-3.91,13.5,5.4,36.0,-0.37,ARMED,,14.5,5,
1791473326445,28.628503,77.313736,35.0,CNG,40.60,19.2,5,1057,27.5,2.26,,89.0,-0.78,-3.91,13.4,5.9,35.0,-0.45,ARMED,,14.5,5,
1791473327193,28.628503,77.313736,35.0,CNG,46.50,19.2,5,1056,27.5,2.40,,89.0,-0.78,-3.91,13.4,5.9,34.9,-0.40,ARMED,,14.5,5,
1791473328886,28.628568,77.313925,35.0,CNG,45.48,19.2,5,1052,28.2,3.25,,89.0,0.78,-3.91,13.2,5.9,34.7,-0.36,ARMED,,14.5,5,
1791473329665,28.628599,77.314016,35.0,CNG,47.95,19.6,5,1046,28.2,2.74,,89.0,0.78,-3.91,13.2,6.4,34.6,-0.13,ARMED,,14.5,5,
1791473330460,28.628631,77.314105,35.0,CNG,49.49,19.6,5,1042,28.2,2.75,,89.0,0.78,-3.91,13.4,6.4,34.5,-0.12,ARMED,,14.5,5,
1791473332122,28.628664,77.314201,35.0,CNG,48.03,19.6,5,1045,33.3,3.11,,89.0,0.00,-3.13,13.4,6.4,34.6,-0.07,ARMED,,15.3,5,
1791473332965,28.628695,77.314294,35.0,CNG,49.01,19.6,5,1052,33.3,2.83,,89.0,0.00,-3.13,13.3,6.4,34.9,0.11,ARMED,,15.3,5,
1791473333708,28.628727,77.314389,36.0,CNG,44.17,19.6,5,1066,33.3,3.81,,89.0,0.00,-3.13,13.3,6.4,35.2,0.28,ARMED,,15.3,5,
1791473335349,28.628790,77.314570,35.0,CNG,42.90,19.6,5,1053,33.7,3.48,,89.0,0.00,-3.13,13.4,6.4,35.2,0.12,ARMED,,15.3,5,
1791473336080,28.628790,77.314570,35.0,CNG,43.13,20.0,5,1055,33.7,3.29,,89.0,0.00,-3.13,13.4,7.0,35.1,0.05,ARMED,,15.3,5,
1791473336900,28.628823,77.314664,35.0,CNG,42.55,20.0,5,1048,33.7,3.43,,89.0,0.00,-3.13,13.4,7.0,34.9,-0.00,ARMED,,15.3,5,
1791473338783,28.628883,77.314848,35.0,CNG,44.57,20.0,5,1050,34.1,2.98,,89.0,0.00,-3.13,13.3,7.0,34.9,-0.01,ARMED,,15.3,5,
1791473339596,28.628915,77.314944,35.0,CNG,47.15,20.0,5,1054,34.1,2.77,,89.0,0.00,-3.13,13.4,7.0,35.0,0.02,ARMED,,15.3,5,
1791473340363,28.628946,77.315038,35.0,CNG,48.58,20.0,5,1054,34.1,2.81,,89.0,0.00,-3.13,13.4,7.0,35.0,0.02,ARMED,,15.3,5,
1791473342034,28.628976,77.315131,36.0,CNG,46.22,20.0,5,1065,34.1,3.41,,89.0,0.00,-3.13,13.5,7.0,35.3,0.08,ARMED,,15.3,5,
1791473342809,28.629007,77.315227,36.0,CNG,43.63,19.6,5,1066,34.1,3.65,,89.0,0.00,-3.13,13.5,6.4,35.5,0.11,ARMED,,15.3,5,
1791473343570,28.629040,77.315323,36.0,CNG,50.66,18.0,5,1067,34.1,2.21,,89.0,0.00,-3.13,13.4,4.3,35.6,0.10,ARMED,,15.3,5,
1791473345217,28.629079,77.315417,36.0,CNG,55.78,14.9,5,1056,24.3,2.24,,89.0,-0.78,-1.56,13.4,0.0,35.4,-0.05,ARMED,,12.9,5,
1791473345993,28.629121,77.315498,33.0,CNG,60.31,14.9,,739,24.3,1.94,,89.0,-0.78,-1.56,13.2,0.0,33.0,0.00,ARMED,,12.9,,
1791473346770,28.629174,77.315569,31.0,CNG,70.17,14.9,,704,24.3,1.31,,89.0,-0.78,-1.56,13.2,0.0,31.0,0.00,ARMED,,12.9,,
1791473348495,28.629299,77.315638,29.0,CNG,60.31,14.9,,702,28.2,2.44,,89.0,-2.34,-1.56,13.3,0.0,29.0,0.00,ARMED,,12.9,,
1791473349256,28.629299,77.315638,26.0,CNG,54.42,14.9,,697,28.2,2.30,,89.0,-2.34,-1.56,13.3,0.0,26.0,0.00,ARMED,,12.9,,
1791473350014,28.629360,77.315634,25.0,CNG,51.89,24.3,5,702,28.2,2.13,,89.0,-2.34,-1.56,13.5,12.8,25.0,0.00,ARMED,,12.9,5,
1791473351645,28.629479,77.315587,25.0,CNG,27.41,24.7,4,1093,76.9,6.64,,89.0,1.56,-3.13,13.5,13.4,25.0,0.00,ARMED,,20.8,3,
1791473352419,28.629545,77.315558,28.0,CNG,20.05,24.7,4,1084,76.9,7.89,,89.0,1.56,-3.13,13.3,13.4,27.6,1.23,ARMED,,20.8,3,
1791473353171,28.629545,77.315558,29.0,CNG,18.81,16.9,4,1144,76.9,6.85,,89.0,1.56,-3.13,13.3,2.7,28.8,1.38,ARMED,,20.8,3,
1791473354805,28.629680,77.315499,30.0,CNG,19.11,23.9,4,1165,60.4,6.27,,89.0,1.56,-3.13,13.3,12.3,29.7,1.32,ARMED,,19.6,3,
1791473355589,28.629755,77.315465,32.0,CNG,18.62,23.9,4,1239,60.4,7.27,,89.0,1.56,-3.13,13.3,12.3,31.6,1.26,ARMED,,19.6,3,
1791473356429,28.629832,77.315432,33.0,CNG,17.93,23.5,4,1274,60.4,7.90,,89.0,1.56,-3.13,13.4,11.8,32.5,1.23,ARMED,,19.6,3,
1791473358043,28.629910,77.315397,34.0,CNG,18.07,23.5,4,1323,50.2,7.61,,89.0,0.00,-3.13,13.4,11.8,33.6,1.27,ARMED,,19.2,4,
1791473358860,28.629991,77.315360,36.0,CNG,21.24,21.6,4,1396,50.2,5.29,,89.0,0.00,-3.13,13.2,9.1,35.7,1.26,ARMED,,19.2,4,
1791473359629,28.630074,77.315323,36.0,CNG,23.55,19.6,4,1416,50.2,5.29,,89.0,0.00,-3.13,13.2,6.4,36.3,1.06,ARMED,,19.2,4,
1791473361355,28.630245,77.315246,37.0,CNG,29.42,14.9,4,1429,50.2,3.34,,89.0,3.13,-3.13,13.5,0.0,36.8,0.80,ARMED,,19.6,4,
1791473362119,28.630245,77.315246,37.0,CNG,25.24,23.1,4,1459,50.2,7.22,,89.0,3.13,-3.13,13.5,11.2,37.4,0.45,ARMED,,19.6,4,
1791473362876,28.630331,77.315209,38.0,CNG,25.38,22.4,4,1469,50.2,6.07,,89.0,3.13,-3.13,13.4,10.2,37.6,0.42,ARMED,,19.6,4,
1791473364566,28.630513,77.315135,39.0,CNG,25.38,20.8,4,1494,31.0,6.28,,89.0,0.00,0.00,13.4,8.0,38.1,0.48,ARMED,,18.8,4,
1791473365338,28.630600,77.315100,38.0,CNG,28.55,21.2,5,1169,31.0,4.43,,89.0,0.00,0.00,13.4,8.6,38.0,0.00,ARMED,,18.8,5,
1791473366122,28.630600,77.315100,39.0,CNG,35.66,20.0,5,1139,31.0,2.85,,88.0,0.00,0.00,13.4,7.0,38.6,0.36,ARMED,,18.8,5,
1791473367776,28.630779,77.315024,38.0,CNG,36.68,20.0,5,1140,30.6,4.05,,88.0,0.78,-3.13,13.4,7.0,38.3,0.03,ARMED,,15.7,5,
1791473368531,28.630872,77.314985,39.0,CNG,38.01,20.0,5,1151,30.6,3.97,,88.0,0.78,-3.13,13.4,7.0,38.9,0.28,ARMED,,15.7,5,
1791473369347,28.630959,77.314947,39.0,CNG,42.61,20.0,5,1150,30.6,3.07,,88.0,0.78,-3.13,13.3,7.0,39.0,0.25,ARMED,,15.7,5,
1791473371184,28.631047,77.314908,38.0,CNG,42.22,20.0,5,1147,31.0,3.73,,88.0,0.00,-3.13,13.4,7.0,39.0,0.18,ARMED,,15.7,5,
1791473371965,28.631140,77.314870,38.0,CNG,44.88,20.0,5,1141,31.0,3.13,,88.0,0.00,-3.13,13.4,7.0,38.6,-0.12,ARMED,,15.7,5,
1791473372677,28.631230,77.314835,38.0,CNG,43.48,20.0,5,1143,31.0,3.74,,88.0,0.00,-3.13,13.4,7.0,38.6,-0.12,ARMED,,15.7,5,
1791473374343,28.631405,77.314760,37.0,CNG,42.28,20.4,5,1107,34.9,3.73,,88.0,0.00,-3.13,13.4,7.5,37.8,-0.52,ARMED,,16.5,5,
1791473375096,28.631405,77.314760,38.0,CNG,41.17,20.8,5,1134,34.9,3.92,,88.0,0.00,-3.13,13.4,8.0,38.1,0.01,ARMED,,16.5,5,
1791473375861,28.631494,77.314724,38.0,CNG,42.07,20.8,5,1141,34.9,3.57,,88.0,0.00,-3.13,13.3,8.0,38.3,0.08,ARMED,,16.5,5,
1791473377437,28.631673,77.314649,38.0,CNG,38.33,20.8,5,1145,37.3,4.59,,88.0,0.00,-3.13,13.3,8.0,38.5,0.11,ARMED,,16.5,5,
1791473378242,28.631673,77.314649,39.0,CNG,40.01,20.8,5,1151,37.3,3.73,,88.0,0.00,-3.13,13.4,8.0,38.8,0.14,ARMED,,16.5,5,
1791473379073,28.631764,77.314610,39.0,CNG,41.50,20.8,5,1158,37.3,3.63,,88.0,0.00,-3.13,13.4,8.0,39.0,0.16,ARMED,,16.5,5,
1791473380730,28.631949,77.314534,39.0,CNG,38.63,20.8,5,1157,36.9,4.55,,88.0,0.00,-3.13,13.4,8.0,39.0,0.14,ARMED,,16.5,5,
1791473381505,28.632037,77.314499,39.0,CNG,43.62,14.9,5,1137,36.9,2.95,,88.0,0.00,-3.13,13.4,0.0,38.5,-0.21,ARMED,,16.5,5,
1791473382284,28.632037,77.314499,37.0,CNG,47.66,14.9,5,1006,36.9,2.71,,88.0,0.00,-3.13,13.4,0.0,35.8,-1.70,ARMED,,16.5,5,
1791473383897,28.632194,77.314455,32.0,CNG,49.50,14.9,,825,26.3,2.46,,88.0,2.34,-2.34,13.4,0.0,32.0,0.00,ARMED,,12.9,,
1791473384707,28.632253,77.314467,23.0,CNG,51.45,14.9,5,704,26.3,1.66,,88.0,2.34,-2.34,13.3,0.0,23.0,0.00,ARMED,,12.9,5,
1791473385454,28.632298,77.314498,22.0,CNG,48.21,14.9,5,707,26.3,2.11,,88.0,2.34,-2.34,13.3,0.0,22.4,-0.36,ARMED,,12.9,5,
1791473387169,28.632329,77.314541,20.0,CNG,43.30,22.7,4,702,40.4,2.28,,88.0,4.69,-2.34,13.5,10.7,20.0,0.00,ARMED,,19.2,4,
1791473387977,28.632352,77.314586,18.0,CNG,21.90,22.7,2,1370,40.4,6.72,,88.0,4.69,-2.34,13.5,10.7,18.0,0.00,ARMED,,19.2,2,
1791473388796,28.632371,77.314634,19.0,CNG,17.26,21.6,2,1409,40.4,6.14,,88.0,4.69,-2.34,13.3,9.1,18.6,0.36,ARMED,,19.2,2,
1791473390544,28.632406,77.314733,19.0,CNG,16.27,21.6,2,1438,38.4,5.22,,88.0,1.56,-3.13,13.3,9.1,19.0,0.38,ARMED,,18.8,2,
1791473391335,28.632421,77.314784,19.0,CNG,11.66,23.1,2,1417,38.4,9.64,,88.0,1.56,-3.13,13.2,11.2,19.1,0.12,ARMED,,18.8,2,
1791473392063,28.632421,77.314784,20.0,CNG,11.39,23.1,2,1438,38.4,7.42,,88.0,1.56,-3.13,13.2,11.2,19.3,0.15,ARMED,,18.8,2,
1791473393724,28.632459,77.314888,20.0,CNG,11.43,23.1,2,1480,27.8,7.12,,88.0,0.00,-3.13,13.4,11.2,19.7,0.33,ARMED,,16.5,2,
1791473394465,28.632477,77.314941,21.0,CNG,11.87,22.7,2,1545,27.8,6.83,,88.0,0.00,-3.13,13.4,10.7,20.7,0.56,ARMED,,16.5,2,
1791473395282,28.632497,77.314999,22.0,CNG,12.80,21.2,2,1632,27.8,6.27,,88.0,0.00,-3.13,13.5,8.6,21.7,0.85,ARMED,,16.5,2,
1791473396970,28.632520,77.315058,22.0,CNG,14.74,19.6,2,1682,20.0,4.77,,88.0,1.56,-3.91,13.5,6.4,22.5,0.90,ARMED,,15.7,2,
1791473397749,28.632539,77.315117,23.0,CNG,18.63,19.2,2,1685,20.0,3.19,,88.0,1.56,-3.91,13.3,5.9,22.8,0.35,ARMED,,15.7,2,
1791473398488,28.632559,77.315175,22.0,CNG,20.20,14.9,2,1654,20.0,3.89,,88.0,1.56,-3.91,13.3,0.0,22.6,0.04,ARMED,,15.7,2,
1791473400150,28.632578,77.315231,22.0,CNG,24.68,14.9,,1357,24.3,2.43,,88.0,0.00,-2.34,13.2,0.0,22.0,0.00,ARMED,,12.2,,
1791473400904,28.632597,77.315283,18.0,CNG,19.94,20.0,,689,24.3,4.99,,88.0,0.00,-2.34,13.2,7.0,18.0,0.00,ARMED,,12.2,,
1791473401792,28.632613,77.315330,17.0,CNG,19.16,14.9,2,1306,24.3,3.88,,88.0,0.00,-2.34,13.3,0.0,17.0,0.00,ARMED,,12.2,2,
1791473403654,28.632642,77.315420,17.0,CNG,24.69,14.9,3,837,24.7,1.45,,88.0,0.00,-2.34,13.1,0.0,17.0,0.00,ARMED,,12.9,3,
1791473404433,28.632656,77.315457,16.0,CNG,30.09,14.9,4,703,24.7,1.36,,88.0,0.00,-2.34,13.2,0.0,16.0,0.00,ARMED,,12.9,4,
1791473405199,28.632656,77.315457,15.0,CNG,29.44,14.9,3,702,24.7,2.16,,88.0,0.00,-2.34,13.2,0.0,15.0,0.00,ARMED,,12.9,3,
1791473406830,28.632704,77.315507,13.0,CNG,27.37,17.6,,699,27.5,2.20,,88.0,0.00,-3.13,13.1,3.7,13.0,0.00,ARMED,,12.5,,
1791473407600,28.632735,77.315514,13.0,CNG,10.40,26.3,,777,27.5,10.61,,88.0,0.00,-3.13,13.1,15.5,13.0,0.00,ARMED,,12.5,,
1791473408433,28.632774,77.315509,16.0,CNG,9.28,28.6,2,1118,27.5,8.05,,88.0,0.00,-3.13,13.3,18.7,16.0,0.00,ARMED,,12.5,2,
1791473410189,28.632821,77.315495,19.0,CNG,7.57,29.4,2,1364,81.2,12.50,,88.0,0.00,-3.91,13.3,19.8,17.9,1.11,ARMED,,24.3,2,
1791473411057,28.632871,77.315477,23.0,CNG,8.83,39.2,3,1135,81.2,8.73,,88.0,0.00,-3.91,13.5,33.2,23.0,0.00,ARMED,,24.3,2,
1791473411940,28.632929,77.315456,26.0,CNG,7.71,39.6,3,1330,81.2,15.72,,89.0,0.00,-3.91,13.5,33.7,25.1,1.16,ARMED,,24.3,2,
1791473413672,28.633064,77.315405,30.0,CNG,11.67,14.9,3,1495,95.7,4.59,,89.0,0.00,-3.13,13.4,0.0,28.6,2.63,ARMED,,31.0,2,
1791473414392,28.633138,77.315378,33.0,CNG,11.20,38.4,4,1236,95.7,12.61,,89.0,0.00,-3.13,13.4,32.1,33.0,0.00,ARMED,,31.0,3,
1791473415277,28.633138,77.315378,35.0,CNG,10.25,39.6,4,1344,95.7,15.39,,89.0,0.00,-3.13,13.3,33.7,34.3,0.75,ARMED,,31.0,3,
1791473416906,28.633313,77.315312,37.0,CNG,12.64,38.8,4,1437,33.3,8.45,,89.0,2.34,-2.34,13.3,32.6,36.2,1.51,ARMED,,15.7,3,
1791473417825,28.633401,77.315279,39.0,CNG,17.17,20.8,5,1216,33.3,5.02,,89.0,2.34,-2.34,13.3,8.0,39.0,0.00,ARMED,,15.7,5,
1791473418640,28.633495,77.315243,39.0,CNG,21.48,21.2,5,1171,33.3,4.87,,90.0,2.34,-2.34,13.3,8.6,39.0,0.00,ARMED,,15.7,5,
1791473420316,28.633683,77.315170,39.0,CNG,25.95,21.2,5,1166,42.4,4.32,,90.0,-3.13,-3.13,13.3,8.6,39.0,0.00,ARMED,,17.3,5,
1791473421089,28.633683,77.315170,40.0,CNG,28.94,21.6,5,1190,42.4,4.73,,90.0,-3.13,-3.13,13.3,9.1,39.9,0.41,ARMED,,17.3,5,
1791473421861,28.633777,77.315134,40.0,CNG,29.55,21.6,5,1195,42.4,5.36,,90.0,-3.13,-3.13,13.4,9.1,40.2,0.40,ARMED,,17.3,5,
1791473423555,28.633967,77.315064,41.0,CNG,31.91,21.6,5,1206,41.6,4.65,,90.0,-1.56,-3.13,13.4,9.1,40.5,0.41,ARMED,,17.3,5,
1791473424506,28.634068,77.315028,41.0,CNG,32.42,21.6,5,1229,41.6,5.05,,90.0,-1.56,-3.13,13.3,9.1,41.3,0.41,ARMED,,17.3,5,
1791473425303,28.634165,77.314992,42.0,CNG,32.97,21.6,5,1235,41.6,5.08,,90.0,-1.56,-3.13,13.3,9.1,41.6,0.39,ARMED,,17.3,5,
1791473427161,28.634262,77.314957,42.0,CNG,32.25,21.6,5,1242,40.4,5.49,,90.0,-0.78,-4.69,13.5,9.1,41.8,0.37,ARMED,,17.3,5,
1791473428063,28.634365,77.314920,42.0,CNG,32.98,21.6,5,1257,40.4,5.03,,90.0,-0.78,-4.69,13.5,9.1,42.3,0.32,ARMED,,17.3,5,
1791473428896,28.634463,77.314884,42.0,CNG,34.38,21.6,5,1262,40.4,4.68,,90.0,-0.78,-4.69,13.4,9.1,42.4,0.29,ARMED,,17.3,5,
1791473430638,28.634660,77.314812,42.0,CNG,33.11,21.6,5,1262,40.8,5.47,,90.0,0.00,-4.69,13.4,9.1,42.5,0.23,ARMED,,17.3,5,
1791473431589,28.634760,77.314777,42.0,CNG,34.56,21.6,5,1254,40.8,4.64,,90.0,0.00,-4.69,13.4,9.1,42.2,-0.10,ARMED,,17.3,5,
1791473432344,28.634865,77.314746,42.0,CNG,33.40,21.6,5,1238,40.8,5.40,,90.0,0.00,-4.69,13.4,9.1,41.8,-0.28,ARMED,,17.3,5,
1791473434209,28.635060,77.314688,41.0,CNG,34.39,21.6,5,1232,42.0,4.65,,90.0,0.00,-4.69,13.5,9.1,41.4,-0.31,ARMED,,17.3,5,
1791473435086,28.635060,77.314688,41.0,CNG,32.90,21.6,5,1214,42.0,5.43,,89.0,0.00,-4.69,13.5,9.1,40.8,-0.32,ARMED,,17.3,5,
1791473435923,28.635160,77.314661,40.0,CNG,33.97,21.6,5,1206,42.0,4.57,,89.0,0.00,-4.69,13.4,9.1,40.5,-0.33,ARMED,,17.3,5,
1791473437737,28.635353,77.314613,40.0,CNG,33.13,21.6,5,1187,43.9,5.12,,89.0,0.00,-4.69,13.4,9.1,40.0,-0.40,ARMED,,17.3,5,
1791473438498,28.635446,77.314593,39.0,CNG,42.06,14.9,5,1146,43.9,2.20,,89.0,0.00,-4.69,13.2,0.0,38.6,-0.70,ARMED,,17.3,5,
1791473439243,28.635446,77.314593,38.0,CNG,49.40,14.9,,864,43.9,2.28,,89.0,0.00,-4.69,13.2,0.0,38.0,0.00,ARMED,,17.3,,
1791473440992,28.635626,77.314556,36.0,CNG,54.39,14.9,,756,26.3,2.26,,89.0,0.00,-2.34,13.1,0.0,36.0,0.00,ARMED,,12.9,,
1791473441765,28.635693,77.314545,25.0,CNG,60.47,14.9,5,701,26.3,1.26,,89.0,0.00,-2.34,13.1,0.0,25.0,0.00,ARMED,,12.9,5,
1791473442557,28.635745,77.314538,21.0,CNG,61.63,14.9,5,707,26.3,1.33,,89.0,0.00,-2.34,13.2,0.0,22.5,-1.44,ARMED,,12.9,5,
1791473444208,28.635791,77.314539,18.0,CNG,47.03,14.9,4,706,29.4,2.43,,89.0,-0.78,-2.34,13.2,0.0,18.0,0.00,ARMED,,13.3,4,
1791473445007,28.635825,77.314557,16.0,CNG,48.43,14.9,4,703,29.4,1.26,,89.0,-0.78,-2.34,13.5,0.0,16.2,-0.82,ARMED,,13.3,4,
1791473445754,28.635846,77.314588,16.0,CNG,49.81,14.9,4,701,29.4,1.24,,89.0,-0.78,-2.34,13.5,0.0,15.9,-0.75,ARMED,,13.3,4,
1791473447492,28.635863,77.314668,16.0,CNG,38.03,14.9,,713,27.5,2.44,,89.0,2.34,-2.34,13.4,0.0,16.0,0.00,ARMED,,12.9,,
1791473448262,28.635863,77.314668,14.0,CNG,36.40,14.9,3,706,27.5,1.70,,89.0,2.34,-2.34,13.4,0.0,14.0,0.00,ARMED,,12.9,3,
1791473449041,28.635855,77.314708,13.0,CNG,33.01,14.9,3,708,27.5,1.89,,89.0,2.34,-2.34,13.3,0.0,13.4,-0.35,ARMED,,12.9,3,
1791473450689,28.635809,77.314767,14.0,CNG,32.39,14.9,3,714,27.5,1.82,,89.0,0.78,-1.56,13.3,0.0,13.7,-0.03,ARMED,,12.9,3,
1791473451449,28.635775,77.314774,14.0,CNG,25.02,19.6,3,752,27.5,3.10,,89.0,0.78,-1.56,13.5,6.4,14.0,0.05,ARMED,,12.9,3,
1791473452217,28.635775,77.314774,15.0,CNG,21.55,18.0,2,1126,27.5,3.41,,89.0,0.78,-1.56,13.5,4.3,15.0,0.00,ARMED,,12.9,2,
1791473453887,28.635701,77.314795,15.0,CNG,24.51,14.9,2,1129,22.4,2.00,,89.0,0.00,-1.56,13.4,0.0,15.0,0.00,ARMED,,14.1,2,
1791473454654,28.635665,77.314804,15.0,CNG,22.82,14.9,2,1116,22.4,2.96,,89.0,0.00,-1.56,13.4,0.0,15.0,0.00,ARMED,,14.1,2,
1791473455451,28.635629,77.314812,15.0,CNG,22.24,14.9,2,1094,22.4,2.86,,89.0,0.00,-1.56,13.5,0.0,14.8,-0.05,ARMED,,14.1,2,
1791473457126,28.635593,77.314821,15.0,CNG,22.01,14.9,2,1101,22.4,2.83,,89.0,0.00,-1.56,13.5,0.0,14.8,-0.04,ARMED,,13.7,2,
1791473457938,28.635560,77.314830,12.0,CNG,21.24,14.9,,1028,22.4,2.46,,89.0,0.00,-1.56,13.4,0.0,12.0,0.00,ARMED,,13.7,,
1791473458687,28.635537,77.314838,8.0,CNG,19.50,14.9,,830,22.4,2.03,,89.0,0.00,-1.56,13.4,0.0,8.0,0.00,ARMED,,13.7,,
1791473460324,28.635508,77.314847,6.0,CNG,18.08,14.9,,707,27.5,1.64,,89.0,0.00,-0.78,13.3,0.0,6.0,0.00,ARMED,,12.9,,
1791473461100,28.635508,77.314847,6.0,CNG,18.64,18.0,,703,27.5,1.22,,89.0,0.00,-0.78,13.3,4.3,6.0,0.00,ARMED,,12.9,,
1791473461884,28.635494,77.314850,6.0,CNG,12.46,14.9,,707,27.5,3.27,,89.0,0.00,-0.78,13.1,0.0,6.0,0.00,ARMED,,12.9,,
1791473463489,28.635466,77.314857,6.0,CNG,12.30,14.9,,681,28.6,2.04,,89.0,-3.91,-0.78,13.1,0.0,6.0,0.00,ARMED,,12.5,,
1791473464265,28.635466,77.314857,3.0,CNG,10.42,14.9,,690,28.6,1.78,,89.0,-3.91,-0.78,13.4,0.0,3.0,0.00,ARMED,,12.5,,
1791473465050,28.635459,77.314858,2.0,CNG,8.56,14.9,,679,28.6,1.62,,89.0,-3.91,-0.78,13.4,0.0,2.0,0.00,ARMED,,12.5,,
1791473466753,28.635456,77.314859,1.0,CNG,,14.9,,680,32.9,1.63,,89.0,-3.91,-0.78,13.2,0.0,1.0,0.00,ARMED,,19.6,,
1791473467480,28.635454,77.314860,0.0,CNG,,14.9,0,1085,32.9,6.03,,89.0,-3.91,-0.78,13.2,0.0,0.0,0.00,ARMED,,19.6,1,
1791473468242,28.635454,77.314860,2.0,CNG,,22.4,,945,32.9,2.20,,89.0,-3.91,-0.78,13.4,10.2,2.0,0.00,ARMED,,19.6,,
1791473470105,28.635440,77.314862,3.0,CNG,,14.9,,1110,48.6,1.77,,89.0,-4.69,-4.69,12.7,0.0,3.0,0.00,ARMED,,11.8,,
1791473470880,28.635427,77.314864,6.0,CNG,7.91,14.9,,464,48.6,1.13,,89.0,-4.69,-4.69,13.0,0.0,6.0,0.00,ARMED,,11.8,,
1791473471642,28.635410,77.314865,7.0,CNG,10.12,14.9,,663,48.6,2.19,,89.0,-4.69,-4.69,13.0,0.0,7.0,0.00,ARMED,,11.8,,
1791473473364,28.635369,77.314874,8.0,CNG,13.69,17.3,,584,58.0,1.59,,89.0,-3.91,-4.69,13.3,3.2,8.0,0.00,ARMED,,16.5,,
1791473474117,28.635369,77.314874,10.0,CNG,17.84,22.0,,673,58.0,1.64,,89.0,-3.91,-4.69,13.3,9.6,10.0,0.00,ARMED,,16.5,,
1791473474896,28.635346,77.314878,10.0,CNG,12.57,21.6,2,767,58.0,4.37,,89.0,-3.91,-4.69,13.5,9.1,10.0,0.00,ARMED,,16.5,2,
1791473476515,28.635286,77.314891,12.0,CNG,11.76,20.8,2,851,53.7,4.46,,89.0,1.56,-4.69,13.5,8.0,11.2,0.72,ARMED,,14.5,2,
1791473477341,28.635251,77.314897,14.0,CNG,16.41,18.0,2,1054,53.7,2.01,,89.0,1.56,-4.69,13.3,4.3,13.8,1.35,ARMED,,14.5,2,
1791473478075,28.635251,77.314897,15.0,CNG,16.18,21.2,2,1104,53.7,3.85,,89.0,1.56,-4.69,13.3,8.6,14.7,1.33,ARMED,,14.5,2,
1791473479773,28.635175,77.314918,15.0,CNG,13.83,22.7,2,1136,58.0,5.27,,89.0,0.00,-4.69,13.4,10.7,15.4,1.10,ARMED,,20.4,2,
1791473480526,28.635130,77.314932,19.0,CNG,10.20,25.9,2,1400,58.0,9.79,,89.0,0.00,-4.69,13.4,15.0,18.5,1.71,ARMED,,20.4,2,
1791473481344,28.635080,77.314947,21.0,CNG,15.95,22.4,2,1504,58.0,1.94,,89.0,0.00,-4.69,13.5,10.2,20.1,1.76,ARMED,,20.4,2,
1791473483001,28.635026,77.314967,21.0,CNG,15.27,22.7,3,1212,54.1,5.93,,89.0,-2.34,-4.69,13.5,10.7,21.0,0.00,ARMED,,18.8,3,
1791473483819,28.634967,77.314986,25.0,CNG,15.28,22.4,3,1265,54.1,6.68,,89.0,-2.34,-4.69,13.4,10.2,24.5,1.63,ARMED,,18.8,3,
1791473484553,28.634907,77.315004,26.0,CNG,15.46,37.3,3,1342,54.1,6.77,,89.0,-2.34,-4.69,13.4,30.5,25.9,1.67,ARMED,,18.8,2,
1791473486266,28.634766,77.315050,29.0,CNG,10.55,35.3,3,1454,23.5,15.53,,89.0,0.00,0.00,13.4,27.8,27.9,2.01,ARMED,,17.6,2,
1791473487116,28.634766,77.315050,31.0,CNG,12.49,25.9,4,1301,23.5,7.84,,89.0,0.00,0.00,13.4,15.0,31.0,0.00,ARMED,,17.6,4,
1791473487929,28.634691,77.315076,32.0,CNG,13.23,24.7,4,1244,23.5,9.12,,89.0,0.00,0.00,13.4,13.4,31.6,0.36,ARMED,,17.6,4,
1791473489577,28.634530,77.315131,33.0,CNG,14.61,24.3,4,1298,56.1,7.95,,90.0,-0.78,-3.91,13.4,12.8,32.6,0.75,ARMED,,20.0,4,
1791473490327,28.634446,77.315162,36.0,CNG,15.95,24.7,4,1382,56.1,8.13,,90.0,-0.78,-3.91,13.5,13.4,35.7,1.65,ARMED,,20.0,4,
1791473491091,28.634446,77.315162,37.0,CNG,22.94,14.9,4,1399,56.1,2.74,,90.0,-0.78,-3.91,13.5,0.0,36.7,1.47,ARMED,,20.0,4,
1791473492795,28.634273,77.315221,36.0,CNG,35.56,14.9,,808,21.6,0.86,,90.0,0.00,-1.56,13.4,0.0,36.0,0.00,ARMED,,13.7,,
1791473493567,28.634189,77.315253,35.0,CNG,43.89,18.4,5,1044,21.6,2.11,,90.0,0.00,-1.56,13.4,4.8,35.0,0.00,ARMED,,13.7,5,
1791473494394,28.634107,77.315283,35.0,CNG,49.12,18.4,5,1045,21.6,2.39,,90.0,0.00,-1.56,13.3,4.8,35.0,0.00,ARMED,,13.7,5,
1791473495975,28.634029,77.315310,35.0,CNG,50.24,18.4,5,1036,23.1,2.75,,90.0,1.56,-4.69,13.3,4.8,35.0,0.00,ARMED,,16.1,5,
1791473496769,28.633946,77.315341,34.0,CNG,46.94,19.6,5,1027,23.1,3.26,,90.0,1.56,-4.69,13.5,6.4,34.1,-0.41,ARMED,,16.1,5,
1791473497506,28.633866,77.315373,34.0,CNG,45.66,19.6,5,1012,23.1,3.17,,90.0,1.56,-4.69,13.5,6.4,33.6,-0.46,ARMED,,16.1,5,
1791473499178,28.633786,77.315405,34.0,CNG,43.52,21.6,5,1015,54.5,3.42,,90.0,2.34,-4.69,13.3,9.1,33.5,-0.41,ARMED,,17.6,5,
1791473499947,28.633703,77.315437,35.0,CNG,34.80,21.6,5,1030,54.5,5.32,,90.0,2.34,-4.69,13.3,9.1,34.1,0.18,ARMED,,17.6,5,
1791473500747,28.633622,77.315469,35.0,CNG,30.84,21.6,5,1050,54.5,5.42,,90.0,2.34,-4.69,13.4,9.1,34.7,0.44,ARMED,,17.6,5,
1791473502548,28.633454,77.315533,36.0,CNG,30.27,21.6,5,1058,50.6,4.99,,90.0,-0.78,-4.69,13.5,9.1,35.1,0.48,ARMED,,15.7,5,
1791473503429,28.633370,77.315565,37.0,CNG,33.89,20.8,5,1106,50.6,3.70,,90.0,-0.78,-4.69,13.3,8.0,36.8,0.82,ARMED,,15.7,5,
1791473504168,28.633370,77.315565,37.0,CNG,36.39,20.8,5,1091,50.6,3.71,,90.0,-0.78,-4.69,13.3,8.0,36.8,0.42,ARMED,,15.7,5,
1791473505812,28.633191,77.315633,37.0,CNG,42.29,19.2,5,1098,23.9,2.72,,90.0,0.78,-1.56,13.3,5.9,36.8,0.26,ARMED,,14.1,5,
1791473506560,28.633102,77.315656,37.0,CNG,45.94,22.0,5,1080,23.9,2.87,,91.0,0.78,-1.56,13.3,9.6,36.3,-0.18,ARMED,,14.1,5,
1791473507314,28.633014,77.315675,36.0,CNG,44.26,14.9,5,1090,23.9,3.51,,91.0,0.78,-1.56,13.3,0.0,36.3,-0.13,ARMED,,14.1,5,
1791473508959,28.632927,77.315695,36.0,CNG,54.03,14.9,5,1068,47.8,1.81,,91.0,-1.56,-4.69,13.3,0.0,35.9,-0.32,ARMED,,18.0,5,
1791473509768,28.632840,77.315720,36.0,CNG,34.13,23.1,5,1062,47.8,6.71,,91.0,-1.56,-4.69,13.5,11.2,35.6,-0.27,ARMED,,18.0,5,
1791473510521,28.632754,77.315751,37.0,CNG,28.24,22.7,5,1087,47.8,6.71,,91.0,-1.56,-4.69,13.5,10.7,36.0,0.12,ARMED,,18.0,5,
1791473512187,28.632667,77.315782,37.0,CNG,27.40,22.0,5,1108,44.3,5.76,,91.0,2.34,-4.69,13.3,9.6,36.8,0.50,ARMED,,16.9,5,
1791473512999,28.632576,77.315814,38.0,CNG,30.62,20.8,5,1137,44.3,4.21,,91.0,2.34,-4.69,13.3,8.0,38.0,0.70,ARMED,,16.9,5,
1791473513767,28.632487,77.315845,38.0,CNG,32.80,20.8,5,1139,44.3,4.24,,91.0,2.34,-4.69,13.3,8.0,38.3,0.63,ARMED,,16.9,5,
1791473515452,28.632303,77.315906,38.0,CNG,32.43,20.8,5,1129,39.6,4.87,,91.0,0.78,-3.91,13.3,8.0,38.2,0.25,ARMED,,16.9,5,
1791473516253,28.632303,77.315906,39.0,CNG,32.28,20.8,5,1158,39.6,4.97,,91.0,0.78,-3.91,13.4,8.0,38.8,0.30,ARMED,,16.9,5,
1791473517029,28.632210,77.315936,39.0,CNG,32.25,20.8,5,1158,39.6,4.95,,91.0,0.78,-3.91,13.4,8.0,38.9,0.27,ARMED,,16.9,5,
1791473518673,28.632022,77.315994,39.0,CNG,33.29,20.8,5,1167,39.2,4.56,,91.0,0.00,-3.91,13.5,8.0,39.1,0.27,ARMED,,16.9,5,
1791473519440,28.631932,77.316031,39.0,CNG,35.45,20.8,5,1177,39.2,4.06,,91.0,0.00,-3.91,13.5,8.0,39.5,0.24,ARMED,,16.9,5,
1791473520259,28.631932,77.316031,40.0,CNG,34.69,20.8,5,1178,39.2,4.86,,91.0,0.00,-3.91,13.3,8.0,39.5,0.21,ARMED,,16.9,5,
1791473521927,28.631747,77.316116,40.0,CNG,36.16,20.4,5,1189,25.1,4.24,,91.0,-2.34,-2.34,13.3,7.5,39.8,0.24,ARMED,,14.5,5,
1791473522754,28.631655,77.316158,40.0,CNG,38.90,20.4,5,1223,25.1,3.73,,91.0,-2.34,-2.34,13.4,7.5,40.8,0.52,ARMED,,14.5,5,
1791473523487,28.631563,77.316200,40.0,CNG,44.09,19.6,5,1184,25.1,2.97,,91.0,-2.34,-2.34,13.4,6.4,40.2,-0.06,ARMED,,14.5,5,
1791473525143,28.631471,77.316242,40.0,CNG,46.55,18.4,5,1183,22.7,3.22,,91.0,0.00,0.00,13.5,4.8,39.8,-0.26,ARMED,,14.1,5,
1791473525896,28.631382,77.316282,37.0,CNG,49.76,14.9,5,1116,22.7,2.70,,91.0,0.00,0.00,13.5,0.0,37.6,-1.11,ARMED,,14.1,5,
1791473526687,28.631297,77.316320,36.0,CNG,57.47,14.9,5,1073,22.7,1.92,,91.0,0.00,0.00,13.5,0.0,36.2,-1.43,ARMED,,14.1,5,
1791473528348,28.631143,77.316389,34.0,CNG,61.66,14.9,5,1018,23.1,1.98,,90.0,0.00,0.00,13.5,0.0,34.4,-1.80,ARMED,,13.3,5,
1791473529187,28.631143,77.316389,31.0,CNG,41.75,22.4,5,918,23.1,4.75,,90.0,0.00,0.00,13.4,10.2,30.8,-2.06,ARMED,,13.3,5,
1791473529998,28.631073,77.316424,31.0,CNG,38.04,14.9,5,915,23.1,3.82,,90.0,0.00,0.00,13.4,0.0,30.1,-1.48,ARMED,,13.3,5,
1791473531717,28.630928,77.316493,31.0,CNG,30.40,20.8,5,956,31.4,5.50,,90.0,-3.13,-1.56,13.4,8.0,30.8,-0.35,ARMED,,13.3,5,
1791473532518,28.630855,77.316524,31.0,CNG,40.06,17.3,5,952,31.4,1.60,,90.0,-3.13,-1.56,13.4,3.2,31.5,0.26,ARMED,,13.3,5,
1791473533274,28.630855,77.316524,31.0,CNG,28.20,30.2,5,925,31.4,6.53,,90.0,-3.13,-1.56,13.5,20.9,31.2,-0.07,ARMED,,13.3,4,
1791473535032,28.630708,77.316585,32.0,CNG,21.25,28.6,5,943,31.8,8.39,,90.0,0.00,-1.56,13.5,18.7,31.3,-0.01,ARMED,,13.3,4,
1791473535804,28.630636,77.316619,31.0,CNG,27.48,14.9,5,940,31.8,2.54,,90.0,0.00,-1.56,13.4,0.0,31.3,-0.01,ARMED,,13.3,5,
1791473536578,28.630565,77.316660,30.0,CNG,34.53,14.9,5,902,31.8,2.12,,90.0,0.00,-1.56,13.4,0.0,30.5,-0.47,ARMED,,13.3,5,
1791473538203,28.630507,77.316704,29.0,CNG,39.16,14.9,5,874,25.5,2.38,,90.0,0.00,-1.56,13.3,0.0,29.5,-0.85,ARMED,,12.9,5,
1791473538949,28.630464,77.316757,25.0,CNG,43.04,14.9,5,746,25.5,1.95,,90.0,0.00,-1.56,13.3,0.0,25.2,-2.21,ARMED,,12.9,5,
1791473539770,28.630437,77.316818,23.0,CNG,50.51,14.9,,699,25.5,1.27,,90.0,0.00,-1.56,13.0,0.0,23.0,0.00,ARMED,,12.9,,
1791473541411,28.630431,77.316945,22.0,CNG,50.20,14.9,,654,31.8,1.81,,90.0,-1.56,-1.56,13.0,0.0,22.0,0.00,ARMED,,16.1,,
1791473542179,28.630431,77.316945,21.0,CNG,26.61,23.9,,647,31.8,5.87,,90.0,-1.56,-1.56,12.9,12.3,21.0,0.00,ARMED,,16.1,,
1791473542974,28.630447,77.317003,23.0,CNG,21.97,14.9,,655,31.8,5.40,,90.0,-1.56,-1.56,12.9,0.0,23.0,0.00,ARMED,,16.1,,
1791473544695,28.630488,77.317122,23.0,CNG,32.96,14.9,5,771,64.3,0.71,,90.0,-5.47,-2.34,13.2,0.0,23.0,0.00,ARMED,,20.0,4,
1791473545472,28.630508,77.317184,23.0,CNG,24.46,21.6,3,1160,64.3,5.33,,90.0,-5.47,-2.34,13.2,9.1,23.0,0.00,ARMED,,20.0,2,
1791473546283,28.630527,77.317247,24.0,CNG,22.23,20.0,3,1261,64.3,4.99,,90.0,-5.47,-2.34,13.4,7.0,23.6,0.36,ARMED,,20.0,2,
1791473547924,28.630546,77.317315,25.0,CNG,22.97,19.6,3,1272,26.3,4.24,,90.0,-1.56,-3.91,13.4,6.4,24.6,0.76,ARMED,,14.5,3,
1791473548689,28.630564,77.317380,24.0,CNG,22.95,20.4,3,1267,26.3,4.28,,90.0,-1.56,-3.91,13.4,7.5,24.2,0.01,ARMED,,14.5,3,
1791473549446,28.630583,77.317447,24.0,CNG,26.91,18.8,3,1259,26.3,2.70,,90.0,-1.56,-3.91,13.4,5.4,24.0,-0.14,ARMED,,14.5,3,
1791473551177,28.630595,77.317512,25.0,CNG,32.10,16.9,3,1245,21.6,2.30,,90.0,0.00,-3.91,13.5,2.7,23.7,-0.18,ARMED,,14.5,3,
1791473551958,28.630598,77.317575,23.0,CNG,31.59,18.8,3,1202,21.6,3.05,,90.0,0.00,-3.91,13.5,5.4,22.9,-0.43,ARMED,,14.5,3,
1791473552773,28.630593,77.317642,23.0,CNG,32.04,18.8,3,1199,21.6,2.87,,90.0,0.00,-3.91,13.5,5.4,22.7,-0.38,ARMED,,14.5,3,
1791473554449,28.630555,77.317759,23.0,CNG,35.02,18.8,3,1180,23.5,2.30,,89.0,1.56,-3.91,13.5,5.4,22.4,-0.38,ARMED,,14.5,3,
1791473555245,28.630555,77.317759,22.0,CNG,31.17,20.4,3,1148,23.5,3.39,,89.0,1.56,-3.91,13.3,7.5,21.8,-0.37,ARMED,,14.5,3,
1791473555994,28.630525,77.317813,22.0,CNG,28.73,20.4,3,1158,23.5,3.51,,89.0,1.56,-3.91,13.3,7.5,21.8,-0.19,ARMED,,14.5,3,
1791473557648,28.630457,77.317916,23.0,CNG,25.91,20.4,3,1167,32.2,4.15,,89.0,-0.78,-3.91,13.5,7.5,22.0,-0.00,ARMED,,16.1,3,
1791473558384,28.630420,77.317967,24.0,CNG,26.27,20.0,3,1228,32.2,3.66,,89.0,-0.78,-3.91,13.5,7.0,23.3,0.60,ARMED,,16.1,3,
1791473559147,28.630420,77.317967,24.0,CNG,25.08,20.4,3,1233,32.2,4.17,,89.0,-0.78,-3.91,13.1,7.5,23.7,0.58,ARMED,,16.1,3,
1791473560774,28.630335,77.318066,24.0,CNG,28.88,19.2,3,1248,24.3,2.64,,89.0,-0.78,-3.91,13.1,5.9,24.0,0.54,ARMED,,14.5,3,
1791473561554,28.630293,77.318110,24.0,CNG,30.76,14.9,3,1194,24.3,2.88,,89.0,-0.78,-3.91,13.4,0.0,23.2,-0.24,ARMED,,14.5,3,
1791473562358,28.630252,77.318144,21.0,CNG,34.57,14.9,3,1119,24.3,1.96,,89.0,-0.78,-3.91,13.4,0.0,22.0,-0.80,ARMED,,14.5,3,
1791473564006,28.630208,77.318174,20.0,CNG,16.59,26.3,3,1053,78.4,9.29,,89.0,2.34,-3.91,13.2,15.5,20.7,-1.25,ARMED,,21.6,2,
1791473564753,28.630158,77.318201,23.0,CNG,13.51,25.9,3,1164,78.4,8.78,,88.0,2.34,-3.91,13.2,15.0,21.9,0.32,ARMED,,21.6,2,
1791473565572,28.630103,77.318227,25.0,CNG,13.28,23.5,3,1283,78.4,7.87,,88.0,2.34,-3.91,13.4,11.8,23.8,1.25,ARMED,,21.6,2,
1791473567396,28.629977,77.318273,27.0,CNG,14.96,22.7,3,1354,43.1,6.17,,88.0,-3.13,-3.91,13.4,10.7,25.7,1.76,ARMED,,18.8,3,
1791473568161,28.629977,77.318273,29.0,CNG,16.78,21.2,3,1469,43.1,5.96,,88.0,-3.13,-3.91,13.5,8.6,28.5,1.69,ARMED,,18.8,3,
1791473568919,28.629908,77.318302,30.0,CNG,19.17,20.0,3,1521,43.1,5.19,,89.0,-3.13,-3.91,13.5,7.0,29.6,1.64,ARMED,,18.8,3,
1791473570557,28.629775,77.318352,30.0,CNG,23.45,14.9,3,1508,37.3,3.60,,89.0,0.00,-4.69,13.3,0.0,29.9,1.08,ARMED,,19.6,3,
1791473571337,28.629706,77.318379,29.0,CNG,22.77,19.2,3,1481,37.3,5.43,,88.0,0.00,-4.69,13.3,5.9,29.2,-0.12,ARMED,,19.6,3,
1791473572154,28.629706,77.318379,29.0,CNG,25.43,19.2,3,1495,37.3,3.85,,88.0,0.00,-4.69,13.4,5.9,29.1,-0.12,ARMED,,19.6,3,
1791473574108,28.629570,77.318430,29.0,CNG,26.69,19.6,3,1484,23.1,4.11,,88.0,-2.34,-4.69,13.4,6.4,28.9,-0.14,ARMED,,16.5,3,
1791473575125,28.629503,77.318453,29.0,CNG,29.34,14.9,3,1458,23.1,3.44,,88.0,-2.34,-4.69,13.4,0.0,28.5,-0.17,ARMED,,16.5,3,
1791473576083,28.629436,77.318477,28.0,CNG,39.99,14.9,5,831,23.1,1.25,,88.0,-2.34,-4.69,13.4,0.0,28.0,0.00,ARMED,,16.5,5,
1791473578182,28.629326,77.318524,24.0,CNG,43.23,14.9,,692,29.8,1.94,,88.0,-4.69,-1.56,13.4,0.0,24.0,0.00,ARMED,,12.9,,
1791473579114,28.629287,77.318545,16.0,CNG,44.69,14.9,,698,29.8,1.34,,88.0,-4.69,-1.56,13.4,0.0,16.0,0.00,ARMED,,12.9,,
1791473580122,28.629256,77.318570,13.0,CNG,37.19,14.9,,697,29.8,2.05,,88.0,-4.69,-1.56,13.4,0.0,13.0,0.00,ARMED,,12.9,,
1791473582315,28.629236,77.318619,9.0,CNG,34.95,14.9,,697,29.0,1.25,,88.0,-2.34,-2.34,13.4,0.0,9.0,0.00,ARMED,,13.3,,
1791473583139,28.629236,77.318619,0.0,CNG,17.36,14.9,0,696,29.0,2.63,,88.0,-2.34,-2.34,13.4,0.0,0.0,0.00,ARMED,,13.3,1,
1791473583882,28.629236,77.318619,0.0,CNG,11.64,14.9,0,696,29.0,1.54,,88.0,-2.34,-2.34,13.4,0.0,0.0,0.00,ARMED,,13.3,1,
1791473585525,28.629236,77.318619,0.0,CNG,6.13,14.9,0,691,35.3,2.52,,88.0,0.00,-3.13,13.3,0.0,0.0,0.00,ARMED,,13.7,1,
1791473586253,28.629236,77.318619,0.0,CNG,,25.1,0,697,35.3,2.42,,88.0,0.00,-3.13,13.3,13.9,0.0,0.00,ARMED,,13.7,1,
1791473587039,28.629236,77.318619,0.0,CNG,,14.9,0,955,35.3,2.99,,88.0,0.00,-3.13,13.3,0.0,0.0,0.00,ARMED,,13.7,1,
1791473588734,28.629235,77.318639,3.0,CNG,,14.9,,729,27.5,2.91,,89.0,0.00,-3.13,13.3,0.0,3.0,0.00,ARMED,,12.9,,
1791473589509,28.629236,77.318653,5.0,CNG,5.59,14.9,1,721,27.5,1.69,,89.0,0.00,-3.13,13.2,0.0,5.0,0.00,ARMED,,12.9,1,
1791473590268,28.629236,77.318653,5.0,CNG,7.31,14.9,1,711,27.5,1.99,,89.0,0.00,-3.13,13.2,0.0,5.0,0.00,ARMED,,12.9,1,
1791473592013,28.629240,77.318683,5.0,CNG,7.86,14.9,1,706,28.2,2.37,,89.0,1.56,-3.13,13.4,0.0,5.0,0.00,ARMED,,12.9,1,
1791473592791,28.629246,77.318698,6.0,CNG,9.17,14.9,,709,28.2,2.19,,89.0,1.56,-3.13,13.4,0.0,6.0,0.00,ARMED,,12.9,,
1791473593574,28.629255,77.318712,6.0,CNG,9.96,14.9,,705,28.2,2.20,,89.0,1.56,-3.13,13.2,0.0,6.0,0.00,ARMED,,12.9,,
1791473595278,28.629282,77.318729,6.0,CNG,10.60,14.9,,708,48.2,2.11,,89.0,0.78,-3.91,13.2,0.0,6.0,0.00,ARMED,,14.9,,
1791473596069,28.629282,77.318729,6.0,CNG,8.79,18.8,,952,48.2,3.46,,89.0,0.78,-3.91,13.3,5.4,6.0,0.00,ARMED,,14.9,,
1791473596859,28.629298,77.318733,7.0,CNG,11.08,20.4,1,930,48.2,1.75,,89.0,0.78,-3.91,13.3,7.5,7.0,0.00,ARMED,,14.9,1,
1791473598499,28.629332,77.318729,6.0,CNG,9.22,20.4,,1003,36.1,3.36,,89.0,-3.13,-3.91,13.2,7.5,6.0,0.00,ARMED,,15.7,,
1791473599238,28.629332,77.318729,8.0,CNG,9.64,19.2,1,1187,36.1,3.21,,89.0,-3.13,-3.91,13.2,5.9,8.0,0.00,ARMED,,15.7,1,
1791473600045,28.629349,77.318722,8.0,CNG,9.57,19.2,,1260,36.1,3.45,,89.0,-3.13,-3.91,13.3,5.9,8.0,0.00,ARMED,,15.7,,
1791473601873,28.629394,77.318702,9.0,CNG,10.77,19.2,1,1349,23.5,2.89,,89.0,0.00,0.00,13.4,5.9,9.0,0.00,ARMED,,14.1,1,
1791473602648,28.629415,77.318692,9.0,CNG,13.28,14.9,,781,23.5,1.91,,89.0,0.00,0.00,13.3,0.0,9.0,0.00,ARMED,,14.1,,
1791473603376,28.629434,77.318683,8.0,CNG,13.54,14.9,,710,23.5,2.34,,89.0,0.00,0.00,13.3,0.0,8.0,0.00,ARMED,,14.1,,
1791473605120,28.629450,77.318675,7.0,CNG,13.01,14.9,,708,27.5,2.35,,89.0,0.78,-2.34,13.2,0.0,7.0,0.00,ARMED,,12.9,,
1791473605892,28.629466,77.318668,7.0,CNG,15.13,14.9,,707,27.5,1.38,,89.0,0.78,-2.34,13.2,0.0,7.0,0.00,ARMED,,12.9,,
1791473606690,28.629480,77.318661,6.0,CNG,13.50,15.7,,707,27.5,2.18,,89.0,0.78,-2.34,13.4,1.1,6.0,0.00,ARMED,,12.9,,
1791473608372,28.629508,77.318645,6.0,CNG,7.46,20.4,1,737,47.1,5.81,,89.0,1.56,-3.91,13.4,7.5,6.0,0.00,ARMED,,16.5,1,
1791473609126,28.629508,77.318645,7.0,CNG,6.78,20.8,1,1060,47.1,4.76,,89.0,1.56,-3.91,13.5,8.0,6.9,0.41,ARMED,,16.5,1,
1791473609851,28.629526,77.318637,9.0,CNG,7.44,20.8,1,1202,47.1,4.40,,89.0,1.56,-3.91,13.5,8.0,8.3,1.05,ARMED,,16.5,1,
1791473611510,28.629574,77.318619,10.0,CNG,9.11,14.9,1,1435,23.5,3.34,,89.0,0.00,-2.34,12.9,0.0,10.1,1.62,ARMED,,12.9,1,
1791473612283,28.629596,77.318611,10.0,CNG,13.32,14.9,2,717,23.5,1.24,,89.0,0.00,-2.34,12.9,0.0,10.0,0.00,ARMED,,12.9,2,
1791473613085,28.629596,77.318611,10.0,CNG,14.69,14.9,2,706,23.5,2.39,,89.0,0.00,-2.34,13.1,0.0,10.0,0.00,ARMED,,12.9,2,
1791473614698,28.629638,77.318593,9.0,CNG,15.22,14.9,2,706,28.2,2.28,,89.0,0.00,-2.34,13.1,0.0,9.4,-0.37,ARMED,,12.9,2,
1791473615475,28.629657,77.318584,9.0,CNG,15.67,14.9,2,702,28.2,2.24,,89.0,0.00,-2.34,13.5,0.0,9.0,-0.32,ARMED,,12.9,2,
1791473616248,28.629657,77.318584,8.0,CNG,18.04,14.9,,705,28.2,1.34,,89.0,0.00,-2.34,13.5,0.0,8.0,0.00,ARMED,,12.9,,
1791473617955,28.629693,77.318569,7.0,CNG,17.71,14.9,,703,28.2,1.67,,89.0,0.00,-2.34,13.3,0.0,7.0,0.00,ARMED,,12.9,,
1791473618712,28.629705,77.318565,4.0,CNG,15.43,14.9,,708,28.2,1.47,,89.0,0.00,-2.34,13.3,0.0,4.0,0.00,ARMED,,12.9,,
1791473619507,28.629713,77.318564,4.0,CNG,11.18,14.9,,704,28.2,2.43,,89.0,0.00,-2.34,13.5,0.0,4.0,0.00,ARMED,,12.9,,
1791473621141,28.629722,77.318563,4.0,CNG,9.92,23.5,,702,35.3,2.03,,89.0,4.69,-3.91,13.5,11.8,4.0,0.00,ARMED,,13.3,,
1791473621905,28.629729,77.318561,3.0,CNG,4.48,23.1,,827,35.3,6.40,,89.0,4.69,-3.91,13.4,11.2,3.0,0.00,ARMED,,13.3,,
1791473622763,28.629737,77.318558,4.0,CNG,6.38,14.9,,1240,35.3,0.88,,89.0,4.69,-3.91,13.4,0.0,4.0,0.00,ARMED,,13.3,,
1791473624463,28.629750,77.318567,5.0,CNG,6.79,14.9,,973,25.9,2.77,,89.0,2.34,-2.34,13.0,0.0,5.0,0.00,ARMED,,13.3,,
1791473625250,28.629750,77.318567,0.0,CNG,,14.9,0,707,25.9,2.02,,89.0,2.34,-2.34,13.0,0.0,0.0,0.00,ARMED,,13.3,1,
1791473626003,28.629750,77.318567,0.0,CNG,,23.5,0,733,25.9,7.65,,89.0,2.34,-2.34,13.4,11.8,0.0,0.00,ARMED,,13.3,1,
1791473627621,28.629746,77.318571,2.0,CNG,,14.9,,969,26.7,2.89,,89.0,0.00,-2.34,13.4,0.0,2.0,0.00,ARMED,,14.1,,
1791473628421,28.629746,77.318571,1.0,CNG,,19.6,,818,26.7,2.65,,89.0,0.00,-2.34,13.2,6.4,1.0,0.00,ARMED,,14.1,,
1791473629175,28.629746,77.318571,1.0,CNG,,14.9,,960,26.7,2.20,,90.0,0.00,-2.34,13.2,0.0,1.0,0.00,ARMED,,14.1,,
1791473630865,28.629746,77.318571,1.0,CNG,,16.9,,833,29.8,1.67,,90.0,-0.78,-2.34,13.3,2.7,1.0,0.00,ARMED,,13.3,,
1791473631614,28.629746,77.318571,1.0,CNG,,14.9,,711,29.8,1.59,,90.0,-0.78,-2.34,13.3,0.0,1.0,0.00,ARMED,,13.3,,
1791473632386,28.629746,77.318571,0.0,CNG,,14.9,0,698,29.8,2.68,,90.0,-0.78,-2.34,13.3,0.0,0.0,0.00,ARMED,,13.3,1,
1791473634256,28.629746,77.318571,0.0,CNG,,17.6,0,707,41.2,2.71,,90.0,3.91,-3.91,13.4,3.7,0.0,0.00,ARMED,,15.3,1,
1791473635068,28.629746,77.318571,1.0,CNG,,14.9,,1021,41.2,3.04,,90.0,3.91,-3.91,13.1,0.0,1.0,0.00,ARMED,,15.3,,
1791473635797,28.629746,77.318571,1.0,CNG,,22.4,,861,41.2,2.75,,90.0,3.91,-3.91,13.1,10.2,1.0,0.00,ARMED,,15.3,,
1791473637590,28.629746,77.318571,0.0,CNG,,14.9,0,1113,52.5,7.58,,90.0,0.00,-2.34,13.4,0.0,0.0,0.00,ARMED,,17.6,1,
1791473638348,28.629746,77.318571,1.0,CNG,,14.9,,1047,52.5,4.58,,90.0,0.00,-2.34,13.4,0.0,1.0,0.00,ARMED,,17.6,,
1791473639159,28.629746,77.318571,2.0,CNG,,14.9,,900,52.5,2.79,,90.0,0.00,-2.34,13.2,0.0,2.0,0.00,ARMED,,17.6,,
1791473640851,28.629746,77.318571,2.0,CNG,,14.9,,817,87.1,2.84,,90.0,-0.78,-3.91,13.2,0.0,2.0,0.00,ARMED,,26.7,,
1791473641615,28.629746,77.318571,1.0,CNG,,14.9,,1293,87.1,4.83,,90.0,-0.78,-3.91,13.3,0.0,1.0,0.00,ARMED,,26.7,,
1791473642471,28.629746,77.318571,2.0,CNG,,14.9,,1059,87.1,2.89,,91.0,-0.78,-3.91,13.3,0.0,2.0,0.00,ARMED,,26.7,,
1791473644124,28.629746,77.318571,2.0,CNG,,14.9,,914,86.3,2.60,,91.0,-2.34,-3.91,13.4,0.0,2.0,0.00,ARMED,,30.6,,
1791473644883,28.629746,77.318571,2.0,CNG,,14.9,,1642,86.3,2.63,,91.0,-2.34,-3.91,13.4,0.0,2.0,0.00,ARMED,,30.6,,
1791473645689,28.629746,77.318571,3.0,CNG,,14.9,,1013,86.3,1.85,,91.0,-2.34,-3.91,13.3,0.0,3.0,0.00,ARMED,,30.6,,
1791473647349,28.629746,77.318571,0.0,CNG,,14.9,0,1033,44.3,3.09,,91.0,0.78,-2.34,13.3,0.0,0.0,0.00,ARMED,,15.7,1,
1791473648146,28.629746,77.318571,0.0,CNG,,14.9,0,817,44.3,3.43,,91.0,0.78,-2.34,12.8,0.0,0.0,0.00,ARMED,,15.7,1,
1791473648919,28.629746,77.318571,0.0,CNG,,14.9,0,830,44.3,4.27,,91.0,0.78,-2.34,12.8,0.0,0.0,0.00,ARMED,,15.7,1,
1791473650528,28.629746,77.318571,0.0,CNG,,14.9,0,837,60.4,4.10,,91.0,-2.34,-2.34,13.3,0.0,0.0,0.00,ARMED,,17.6,1,
1791473651281,28.629746,77.318571,1.0,CNG,,14.9,,839,60.4,3.91,,92.0,-2.34,-2.34,13.3,0.0,1.0,0.00,ARMED,,17.6,,
1791473652125,28.629746,77.318571,1.0,CNG,,20.0,,839,60.4,4.09,,92.0,-2.34,-2.34,13.1,7.0,1.0,0.00,ARMED,,17.6,,
1791473653693,28.629746,77.318571,1.0,CNG,,20.0,,954,60.8,5.50,,92.0,0.78,-3.91,13.1,7.0,1.0,0.00,ARMED,,17.3,,
1791473654493,28.629746,77.318571,1.0,CNG,,14.9,,757,60.8,3.44,,92.0,0.78,-3.91,13.2,0.0,1.0,0.00,ARMED,,17.3,,
1791473655267,28.629746,77.318571,2.0,CNG,,14.9,,833,60.8,4.06,,92.0,0.78,-3.91,13.2,0.0,2.0,0.00,ARMED,,17.3,,
1791473656950,28.629746,77.318571,0.0,CNG,,14.9,0,824,50.6,3.37,,92.0,-3.13,-2.34,13.1,0.0,0.0,0.00,ARMED,,16.1,1,
1791473657752,28.629746,77.318571,0.0,CNG,,14.9,0,833,50.6,4.34,,93.0,-3.13,-2.34,13.1,0.0,0.0,0.00,ARMED,,16.1,1,
1791473658532,28.629746,77.318571,0.0,CNG,,14.9,0,835,50.6,4.18,,93.0,-3.13,-2.34,13.4,0.0,0.0,0.00,ARMED,,16.1,1,
1791473660118,28.629746,77.318571,0.0,CNG,,14.9,0,835,54.5,3.37,,93.0,0.78,-2.34,13.4,0.0,0.0,0.00,ARMED,,16.5,1,
1791473660954,28.629746,77.318571,0.0,CNG,,14.9,0,834,54.5,3.81,,93.0,0.78,-2.34,12.7,0.0,0.0,0.00,ARMED,,16.5,1,
1791473661711,28.629746,77.318571,1.0,CNG,,14.9,,717,54.5,3.97,,93.0,0.78,-2.34,12.7,0.0,1.0,0.00,ARMED,,16.5,,
1791473663383,28.629746,77.318571,0.0,CNG,,14.9,0,827,70.6,3.54,,93.0,0.00,-2.34,13.4,0.0,0.0,0.00,ARMED,,17.6,1,
1791473664122,28.629746,77.318571,1.0,CNG,,14.9,,815,70.6,4.21,,93.0,0.00,-2.34,13.4,0.0,1.0,0.00,ARMED,,17.6,,
1791473664940,28.629746,77.318571,1.0,CNG,,14.9,,820,70.6,3.47,,93.0,0.00,-2.34,13.3,0.0,1.0,0.00,ARMED,,17.6,,
1791473666771,28.629746,77.318571,2.0,CNG,,14.9,,834,46.3,3.11,,93.0,1.56,-2.34,13.4,0.0,2.0,0.00,ARMED,,15.7,,
1791473667558,28.629746,77.318571,0.0,CNG,,17.3,0,847,46.3,3.64,,93.0,1.56,-2.34,13.0,3.2,0.0,0.00,ARMED,,15.7,1,
1791473668302,28.629746,77.318571,0.0,CNG,,16.9,0,750,46.3,3.78,,92.0,1.56,-2.34,13.0,2.7,0.0,0.00,ARMED,,15.7,1,
1791473669886,28.629746,77.318571,0.0,CNG,,16.9,0,817,79.6,4.45,,92.0,2.34,-3.91,12.9,2.7,0.0,0.00,ARMED,,34.5,1,
1791473670673,28.629746,77.318571,0.0,CNG,,26.3,0,930,79.6,10.03,,91.0,2.34,-3.91,12.9,15.5,0.0,0.00,ARMED,,34.5,1,
1791473671439,28.629746,77.318571,2.0,CNG,,14.9,,1551,79.6,4.60,,91.0,2.34,-3.91,13.3,0.0,2.0,0.00,ARMED,,34.5,,
1791473673048,28.629746,77.318571,2.0,CNG,,14.9,,1100,55.7,4.08,,91.0,6.25,-3.91,13.3,0.0,2.0,0.00,ARMED,,14.9,,
1791473673836,28.629746,77.318571,1.0,CNG,,17.6,,1035,55.7,4.62,,91.0,6.25,-3.91,12.6,3.7,1.0,0.00,ARMED,,14.9,,
1791473674606,28.629746,77.318571,1.0,CNG,,14.9,,747,55.7,3.49,,90.0,6.25,-3.91,12.6,0.0,1.0,0.00,ARMED,,14.9,,
1791473676273,28.629746,77.318571,2.0,CNG,,14.9,,845,47.8,3.01,,90.0,-1.56,-2.34,13.0,0.0,2.0,0.00,ARMED,,16.1,,
1791473677057,28.629746,77.318571,0.0,CNG,,14.9,0,854,47.8,9.41,,90.0,-1.56,-2.34,13.0,0.0,0.0,0.00,ARMED,,16.1,1,
1791473677869,28.629746,77.318571,0.0,CNG,,14.9,0,917,47.8,2.79,,90.0,-1.56,-2.34,12.8,0.0,0.0,0.00,ARMED,,16.1,1,
1791473679445,28.629746,77.318571,0.0,CNG,,23.5,0,850,49.4,9.37,,89.0,3.13,0.00,12.8,11.8,0.0,0.00,ARMED,,18.8,1,
1791473680279,28.629746,77.318571,0.0,CNG,,14.9,0,1002,49.4,7.31,,89.0,3.13,0.00,13.3,0.0,0.0,0.00,ARMED,,18.8,1,
1791473681032,28.629746,77.318571,1.0,CNG,,14.9,,983,49.4,3.35,,89.0,3.13,0.00,13.3,0.0,1.0,0.00,ARMED,,18.8,,
1791473682667,28.629746,77.318571,2.0,CNG,,14.9,,956,38.8,3.11,,89.0,4.69,-2.34,13.2,0.0,2.0,0.00,ARMED,,20.4,,
1791473683437,28.629746,77.318571,0.0,CNG,,14.9,0,1009,38.8,2.29,,89.0,4.69,-2.34,13.2,0.0,0.0,0.00,ARMED,,20.4,1,
1791473684174,28.629746,77.318571,1.0,CNG,,14.9,,1051,38.8,4.19,,89.0,4.69,-2.34,13.3,0.0,1.0,0.00,ARMED,,20.4,,
1791473685851,28.629746,77.318571,0.0,CNG,,14.9,0,888,61.6,3.56,,90.0,0.00,-2.34,13.3,0.0,0.0,0.00,ARMED,,21.2,1,
1791473686627,28.629746,77.318571,0.0,CNG,,14.9,0,1139,61.6,4.30,,90.0,0.00,-2.34,13.1,0.0,0.0,0.00,ARMED,,21.2,1,
1791473687395,28.629746,77.318571,1.0,CNG,,18.0,,915,61.6,5.94,,90.0,0.00,-2.34,13.1,4.3,1.0,0.00,ARMED,,21.2,,
1791473689060,28.629746,77.318571,2.0,CNG,,14.9,,777,50.2,3.93,,90.0,-2.34,-2.34,13.1,0.0,2.0,0.00,ARMED,,15.7,,
1791473689817,28.629746,77.318571,2.0,CNG,,19.6,,827,50.2,5.11,,90.0,-2.34,-2.34,13.1,6.4,2.0,0.00,ARMED,,15.7,,
1791473690645,28.629746,77.318571,2.0,CNG,,14.9,,803,50.2,3.19,,90.0,-2.34,-2.34,13.4,0.0,2.0,0.00,ARMED,,15.7,,
1791473692297,28.629746,77.318571,3.0,CNG,,14.9,,827,47.5,2.77,,90.0,-0.78,-2.34,13.4,0.0,3.0,0.00,ARMED,,16.1,,
1791473693113,28.629746,77.318571,0.0,CNG,,14.9,0,829,47.5,3.47,,90.0,-0.78,-2.34,13.2,0.0,0.0,0.00,ARMED,,16.1,1,
1791473693892,28.629746,77.318571,0.0,CNG,,14.9,0,836,47.5,4.35,,90.0,-0.78,-2.34,13.2,0.0,0.0,0.00,ARMED,,16.1,1,
1791473695578,28.629746,77.318571,0.0,CNG,,14.9,0,815,52.5,6.71,,90.0,0.00,-2.34,13.3,0.0,0.0,0.00,ARMED,,16.1,1,
1791473696341,28.629746,77.318571,1.0,CNG,,14.9,,823,52.5,3.68,,90.0,0.00,-2.34,13.3,0.0,1.0,0.00,ARMED,,16.1,,
1791473697116,28.629746,77.318571,1.0,CNG,,14.9,,822,52.5,4.03,,90.0,0.00,-2.34,13.2,0.0,1.0,0.00,ARMED,,16.1,,
1791473698844,28.629746,77.318571,1.0,CNG,,21.2,,821,45.5,5.56,,90.0,0.00,-2.34,13.3,8.6,1.0,0.00,ARMED,,15.7,,
1791473699652,28.629746,77.318571,1.0,CNG,,14.9,,840,45.5,2.95,,90.0,0.00,-2.34,13.3,0.0,1.0,0.00,ARMED,,15.7,,
1791473700441,28.629746,77.318571,1.0,CNG,,14.9,,840,45.5,3.57,,90.0,0.00,-2.34,13.3,0.0,1.0,0.00,ARMED,,15.7,,
1791473702217,28.629746,77.318571,1.0,CNG,,14.9,,840,45.5,2.90,,90.0,3.13,-2.34,13.0,0.0,1.0,0.00,ARMED,,15.7,,
1791473703005,28.629746,77.318571,0.0,CNG,,14.9,0,740,45.5,4.49,,90.0,3.13,-2.34,13.0,0.0,0.0,0.00,ARMED,,15.7,1,
1791473703819,28.629746,77.318571,1.0,CNG,,14.9,,844,45.5,4.01,,90.0,3.13,-2.34,13.2,0.0,1.0,0.00,ARMED,,15.7,,
1791473705460,28.629746,77.318571,0.0,CNG,,14.9,0,844,51.0,3.61,,90.0,3.13,-2.34,13.2,0.0,0.0,0.00,ARMED,,16.1,1,
1791473706239,28.629746,77.318571,0.0,CNG,,14.9,0,843,51.0,3.98,,90.0,3.13,-2.34,13.2,0.0,0.0,0.00,ARMED,,16.1,1,
1791473707029,28.629746,77.318571,0.0,CNG,,14.9,0,803,51.0,4.42,,90.0,3.13,-2.34,13.2,0.0,0.0,0.00,ARMED,,16.1,1,
1791473708701,28.629746,77.318571,1.0,CNG,,14.9,,849,48.2,4.22,,90.0,1.56,-2.34,13.4,0.0,1.0,0.00,ARMED,,16.1,,
1791473709432,28.629746,77.318571,0.0,CNG,,14.9,0,848,48.2,4.19,,90.0,1.56,-2.34,13.4,0.0,0.0,0.00,ARMED,,16.1,1,
1791473710217,28.629746,77.318571,0.0,CNG,,14.9,0,832,48.2,4.14,,90.0,1.56,-2.34,13.1,0.0,0.0,0.00,ARMED,,16.1,1,
1791473711874,28.629746,77.318571,0.0,CNG,,14.9,0,834,47.8,3.38,,90.0,0.00,-2.34,13.1,0.0,0.0,0.00,ARMED,,15.7,1,
1791473712658,28.629746,77.318571,0.0,CNG,,14.9,0,845,47.8,3.38,,90.0,0.00,-2.34,13.1,0.0,0.0,0.00,ARMED,,15.7,1,
1791473713460,28.629746,77.318571,0.0,CNG,,14.9,0,833,47.8,2.89,,90.0,0.00,-2.34,13.1,0.0,0.0,0.00,ARMED,,15.7,1,
1791473715108,28.629746,77.318571,0.0,CNG,,14.9,0,841,46.7,3.42,,90.0,1.56,-2.34,13.3,0.0,0.0,0.00,ARMED,,15.7,1,
1791473715918,28.629746,77.318571,0.0,CNG,,14.9,0,830,46.7,3.85,,90.0,1.56,-2.34,13.3,0.0,0.0,0.00,ARMED,,15.7,1,
1791473716670,28.629746,77.318571,0.0,CNG,,14.9,0,843,46.7,3.26,,90.0,1.56,-2.34,13.4,0.0,0.0,0.00,ARMED,,15.7,1,
1791473718317,28.629746,77.318571,0.0,CNG,,14.9,0,836,45.9,3.39,,90.0,0.78,-2.34,13.4,0.0,0.0,0.00,ARMED,,15.7,1,
1791473719092,28.629746,77.318571,0.0,CNG,,14.9,0,843,45.9,2.88,,90.0,0.78,-2.34,13.2,0.0,0.0,0.00,ARMED,,15.7,1,
1791473719878,28.629746,77.318571,0.0,CNG,,14.9,0,806,45.9,3.97,,90.0,0.78,-2.34,13.2,0.0,0.0,0.00,ARMED,,15.7,1,
1791473721579,28.629746,77.318571,0.0,CNG,,14.9,0,823,56.5,3.56,,90.0,-0.78,-2.34,13.4,0.0,0.0,0.00,ARMED,,16.5,1,
1791473722341,28.629746,77.318571,0.0,CNG,,14.9,0,824,56.5,3.21,,90.0,-0.78,-2.34,13.4,0.0,0.0,0.00,ARMED,,16.5,1,
1791473723119,28.629746,77.318571,0.0,CNG,,14.9,0,824,56.5,3.79,,90.0,-0.78,-2.34,13.0,0.0,0.0,0.00,ARMED,,16.5,1,
1791473724732,28.629746,77.318571,0.0,CNG,,14.9,0,769,52.9,4.29,,90.0,-0.78,-2.34,13.0,0.0,0.0,0.00,ARMED,,16.5,1,
1791473725526,28.629746,77.318571,0.0,CNG,,14.9,0,850,52.9,4.38,,90.0,-0.78,-2.34,13.4,0.0,0.0,0.00,ARMED,,16.5,1,
1791473726262,28.629746,77.318571,0.0,CNG,,14.9,0,851,52.9,4.14,,90.0,-0.78,-2.34,13.4,0.0,0.0,0.00,ARMED,,16.5,1,
1791473727891,28.629746,77.318571,0.0,CNG,,14.9,0,844,49.8,4.17,,90.0,-0.78,-2.34,13.4,0.0,0.0,0.00,ARMED,,16.1,1,
1791473728629,28.629746,77.318571,0.0,CNG,,14.9,0,845,49.8,3.18,,89.0,-0.78,-2.34,13.4,0.0,0.0,0.00,ARMED,,16.1,1,
1791473729389,28.629707,77.318554,0.0,CNG,,14.9,0,845,49.8,4.08,,89.0,-0.78,-2.34,13.4,0.0,0.0,0.00,ARMED,,16.1,1,
1791473731173,28.629707,77.318554,0.0,CNG,,14.9,0,843,49.8,3.45,,89.0,-0.78,-2.34,13.4,0.0,0.0,0.00,ARMED,,16.1,1,
1791473731950,28.629707,77.318554,,CNG,,,,,49.8,3.45,,89.0,-0.78,-2.34,13.4,,0.0,0.00,OFF,,16.1,,
1791473732735,28.629706,77.318554,,CNG,,,,,49.8,3.45,,89.0,-0.78,-2.34,13.4,,0.0,0.00,OFF,,16.1,,
1791473734326,28.629706,77.318554,,CNG,,,,,49.8,3.45,,89.0,-0.78,-2.34,13.4,,0.0,0.00,OFF,,16.1,,
1791473735145,28.629706,77.318554,,CNG,,,,,49.8,3.45,,89.0,-0.78,-2.34,13.4,,0.0,0.00,OFF,,16.1,,
1791473735925,28.629706,77.318554,,CNG,,,,,49.8,3.45,,89.0,-0.78,-2.34,13.4,,0.0,0.00,OFF,,16.1,,
1791473737513,28.629706,77.318554,,CNG,,,,,49.8,3.45,,89.0,-0.78,-2.34,13.4,,0.0,0.00,OFF,,16.1,,
1791473738493,28.629706,77.318554,,CNG,,,,,49.8,3.45,,89.0,-0.78,-2.34,13.4,,0.0,0.00,OFF,,16.1,,
1791473739291,28.629706,77.318554,,CNG,,,,,49.8,3.45,,89.0,-0.78,-2.34,13.4,,0.0,0.00,OFF,,16.1,,
1791473740894,28.629706,77.318553,,CNG,,,,,49.8,3.45,,89.0,-0.78,-2.34,13.4,,0.0,0.00,OFF,,16.1,,
