t_ms,lat,lon,speed_kmh,fuel,inst_eff,pedal,gear,rpm,load,maf,map,ect,stft,ltft,volt,pedal_norm,v_est,a_est,cruise_state,cruise_target,throttle,sugg_gear,cue
1791384307159,28.504242,77.377815,0.0,PETROL,,14.9,0,726,29.8,2.19,,76.0,0.78,-1.56,13.8,0.0,0.0,0.00,ARMED,,13.3,1,
1791384309222,28.504232,77.377806,0.0,PETROL,,14.9,0,774,29.8,2.68,,76.0,0.78,-1.56,13.7,0.0,0.0,0.00,ARMED,,13.3,1,
1791384310063,28.504232,77.377806,0.0,PETROL,,14.9,0,801,29.8,3.85,,76.0,0.78,-1.56,13.7,0.0,0.0,0.00,ARMED,,13.3,1,
1791384311868,28.504221,77.377793,0.0,CNG,,14.9,0,820,45.5,3.10,,76.0,-0.78,-1.56,13.6,0.0,0.0,0.00,ARMED,,15.7,1,
1791384312658,28.504219,77.377791,0.0,CNG,,14.9,0,825,45.5,2.91,,76.0,-0.78,-1.56,13.6,0.0,0.0,0.00,ARMED,,15.7,1,
1791384313558,28.504216,77.377789,0.0,CNG,,14.9,0,827,45.5,3.14,,76.0,-0.78,-1.56,13.7,0.0,0.0,0.00,ARMED,,15.7,1,
1791384315733,28.504213,77.377785,0.0,CNG,,14.9,0,824,44.3,3.43,,76.0,-1.56,-1.56,13.7,0.0,0.0,0.00,ARMED,,15.7,1,
1791384316732,28.504211,77.377784,0.0,CNG,,14.9,0,760,44.3,1.72,,76.0,-1.56,-1.56,13.3,0.0,0.0,0.00,ARMED,,15.7,1,
1791384317669,28.504211,77.377783,0.0,CNG,,14.9,0,716,44.3,2.52,,77.0,-1.56,-1.56,13.3,0.0,0.0,0.00,ARMED,,15.7,1,
1791384319859,28.504210,77.377783,0.0,CNG,,14.9,0,705,34.1,1.50,,77.0,-0.78,-1.56,13.7,0.0,0.0,0.00,ARMED,,13.7,1,
1791384320862,28.504209,77.377782,0.0,CNG,,22.7,0,700,34.1,2.51,,77.0,-0.78,-1.56,13.7,10.7,0.0,0.00,ARMED,,13.7,1,
1791384321799,28.504208,77.377782,0.0,CNG,,14.9,0,1401,34.1,2.00,,77.0,-0.78,-1.56,13.7,0.0,0.0,0.00,ARMED,,13.7,1,
1791384323932,28.504203,77.377767,1.0,CNG,,14.9,,1050,47.1,7.20,,77.0,-5.47,-1.56,13.7,0.0,1.0,0.00,ARMED,,16.1,,
1791384324943,28.504199,77.377748,2.0,CNG,,14.9,,793,47.1,3.09,,77.0,-5.47,-1.56,13.6,0.0,2.0,0.00,ARMED,,16.1,,
1791384325957,28.504200,77.377745,1.0,CNG,,14.9,,823,47.1,3.18,,78.0,-5.47,-1.56,13.6,0.0,1.0,0.00,ARMED,,16.1,,
1791384328064,28.504199,77.377738,0.0,CNG,,25.1,0,828,45.1,3.43,,78.0,0.00,0.00,13.4,13.9,0.0,0.00,ARMED,,16.1,1,
1791384329017,28.504192,77.377733,3.0,CNG,,14.9,,896,45.1,3.96,,78.0,0.00,0.00,13.4,0.0,3.0,0.00,ARMED,,16.1,,
1791384330123,28.504184,77.377724,4.0,CNG,,14.9,,887,45.1,5.11,,78.0,0.00,0.00,13.3,0.0,4.0,0.00,ARMED,,16.1,,
1791384332286,28.504168,77.377697,5.0,CNG,3.95,18.4,1,749,33.3,2.75,,78.0,0.00,-4.69,13.3,4.8,5.0,0.00,ARMED,,14.1,1,
1791384333282,28.504163,77.377682,6.0,CNG,4.43,21.6,1,793,33.3,4.93,,78.0,0.00,-4.69,13.4,9.1,5.9,0.38,ARMED,,14.1,1,
1791384334239,28.504160,77.377667,7.0,CNG,5.00,21.6,1,897,33.3,5.01,,79.0,0.00,-4.69,13.4,9.1,6.6,0.57,ARMED,,14.1,1,
1791384336385,28.504166,77.377621,9.0,CNG,6.08,21.6,1,1201,32.2,4.86,,79.0,-3.91,-3.91,13.5,9.1,8.4,1.28,ARMED,,14.5,1,
1791384337302,28.504181,77.377603,11.0,CNG,8.82,22.7,,1061,32.2,2.93,,79.0,-3.91,-3.91,13.5,10.7,11.0,0.00,ARMED,,14.5,,
1791384338282,28.504204,77.377592,12.0,CNG,7.83,22.7,2,950,32.2,7.01,,79.0,-3.91,-3.91,13.2,10.7,12.0,0.00,ARMED,,14.5,2,
1791384340314,28.504269,77.377603,14.0,CNG,7.49,25.5,2,1038,76.9,8.00,,79.0,0.00,-2.34,13.2,14.4,13.4,0.79,ARMED,,22.7,2,
1791384341285,28.504298,77.377632,21.0,CNG,7.60,25.1,2,1516,76.9,11.14,,79.0,0.00,-2.34,13.2,13.9,20.5,3.09,ARMED,,22.7,2,
1791384342264,28.504344,77.377665,22.0,CNG,10.81,25.1,3,1237,76.9,4.66,,80.0,0.00,-2.34,13.2,13.9,22.0,0.00,ARMED,,22.7,2,
1791384344412,28.504434,77.377738,23.0,CNG,10.46,25.1,3,1163,59.2,9.33,,80.0,-2.34,-2.34,13.4,13.9,22.7,0.39,ARMED,,20.0,3,
1791384345370,28.504486,77.377784,28.0,CNG,11.87,25.1,3,1391,59.2,8.25,,80.0,-2.34,-2.34,13.4,13.9,27.7,2.07,ARMED,,20.0,3,
1791384346376,28.504541,77.377830,29.0,CNG,12.45,25.1,3,1479,59.2,8.96,,80.0,-2.34,-2.34,13.5,13.9,29.7,2.07,ARMED,,20.0,3,
1791384348673,28.504717,77.377984,31.0,CNG,13.37,14.9,3,1577,25.9,8.61,,81.0,0.00,-2.34,13.3,0.0,31.6,2.02,ARMED,,13.3,3,
1791384349670,28.504776,77.378029,29.0,CNG,20.15,14.9,,722,25.9,1.61,,81.0,0.00,-2.34,13.4,0.0,29.0,0.00,ARMED,,13.3,,
1791384350728,28.504827,77.378073,27.0,CNG,28.54,14.9,5,718,25.9,1.34,,81.0,0.00,-2.34,13.4,0.0,27.0,0.00,ARMED,,13.3,5,
1791384352839,28.504912,77.378143,24.0,CNG,32.47,14.9,5,749,35.7,2.30,,81.0,0.00,-1.56,13.4,0.0,24.9,-1.18,ARMED,,14.5,5,
1791384353769,28.504946,77.378169,17.0,CNG,31.80,14.9,,773,35.7,2.29,,81.0,0.00,-1.56,13.4,0.0,17.0,0.00,ARMED,,14.5,,
1791384354707,28.504973,77.378199,16.0,CNG,15.11,22.7,3,790,35.7,9.13,,81.0,0.00,-1.56,13.2,10.7,16.0,0.00,ARMED,,14.5,3,
1791384356763,28.505039,77.378262,16.0,CNG,11.41,22.7,,1444,56.5,8.35,,82.0,0.78,-2.34,13.2,10.7,16.0,0.00,ARMED,,17.6,,
1791384357701,28.505074,77.378291,19.0,CNG,9.76,31.8,2,1402,56.5,9.63,,82.0,0.78,-2.34,13.4,23.0,19.0,0.00,ARMED,,17.6,2,
1791384358679,28.505117,77.378328,22.0,CNG,13.84,14.9,2,1554,56.5,3.05,,82.0,0.78,-2.34,13.4,0.0,21.1,1.18,ARMED,,17.6,2,
1791384360593,28.505212,77.378397,22.0,CNG,9.97,31.0,3,1101,80.0,12.46,,82.0,0.78,-2.34,13.4,21.9,22.0,0.00,ARMED,,23.5,2,
1791384361367,28.505212,77.378397,28.0,CNG,9.80,31.4,3,1409,80.0,11.90,,82.0,0.78,-2.34,13.4,22.5,27.3,2.43,ARMED,,23.5,2,
1791384362196,28.505269,77.378444,30.0,CNG,9.75,31.4,3,1539,80.0,12.65,,82.0,0.78,-2.34,13.6,22.5,29.7,2.71,ARMED,,23.5,3,
1791384363984,28.505402,77.378548,33.0,CNG,10.99,14.9,3,1678,70.2,10.41,,83.0,0.00,-4.69,13.6,0.0,32.5,2.98,ARMED,,22.4,3,
1791384364835,28.505466,77.378601,34.0,CNG,11.50,28.6,4,1321,70.2,11.38,,83.0,0.00,-4.69,13.5,18.7,34.0,0.00,ARMED,,22.4,3,
1791384365630,28.505538,77.378660,36.0,CNG,12.76,27.1,4,1380,70.2,9.90,,84.0,0.00,-4.69,13.5,16.6,35.3,0.74,ARMED,,22.4,3,
1791384367461,28.505620,77.378724,37.0,CNG,16.52,14.9,4,1447,24.3,5.55,,84.0,0.00,-2.34,13.4,0.0,36.6,1.14,ARMED,,12.2,4,
1791384368292,28.505694,77.378785,35.0,CNG,25.03,14.9,,698,24.3,1.35,,84.0,0.00,-2.34,13.4,0.0,35.0,0.00,ARMED,,12.2,,
1791384369152,28.505755,77.378838,31.0,CNG,31.86,14.9,,687,24.3,2.15,,84.0,0.00,-2.34,13.4,0.0,31.0,0.00,ARMED,,12.2,,
1791384370845,28.505848,77.378915,25.0,CNG,32.36,14.9,5,754,40.0,3.06,,85.0,-3.91,-1.56,13.4,0.0,25.0,0.00,ARMED,,15.3,5,
1791384371632,28.505882,77.378942,17.0,CNG,29.59,14.9,3,793,40.0,2.88,,85.0,-3.91,-1.56,13.3,0.0,17.0,0.00,ARMED,,15.3,3,
1791384372416,28.505882,77.378942,14.0,CNG,27.11,25.1,3,804,40.0,2.58,,85.0,-3.91,-1.56,13.3,13.9,15.1,-1.10,ARMED,,15.3,3,
1791384374198,28.505941,77.378995,15.0,CNG,12.35,26.3,2,1081,77.3,10.49,,85.0,2.34,-2.34,13.4,15.5,15.0,0.00,ARMED,,23.9,2,
1791384375017,28.505978,77.379025,20.0,CNG,16.97,14.9,2,1505,77.3,2.35,,85.0,2.34,-2.34,13.4,0.0,19.5,2.01,ARMED,,23.9,2,
1791384375836,28.506019,77.379058,20.0,CNG,19.31,14.9,3,1102,77.3,3.40,,85.0,2.34,-2.34,13.2,0.0,20.0,0.00,ARMED,,23.9,2,
1791384377670,28.506101,77.379129,20.0,CNG,12.64,21.2,3,1034,22.7,9.71,,86.0,0.00,0.00,13.2,8.6,20.0,0.00,ARMED,,13.3,3,
1791384378572,28.506136,77.379153,18.0,CNG,17.13,14.9,4,792,22.7,1.80,,86.0,0.00,0.00,13.0,0.0,18.0,0.00,ARMED,,13.3,4,
1791384379390,28.506136,77.379153,14.0,CNG,19.97,14.9,,626,22.7,1.90,,86.0,0.00,0.00,13.0,0.0,14.0,0.00,ARMED,,13.3,,
1791384381168,28.506176,77.379177,9.0,CNG,19.03,14.9,2,703,27.1,2.19,,86.0,-1.56,-1.56,13.4,0.0,9.0,0.00,ARMED,,20.4,2,
1791384381926,28.506186,77.379182,6.0,CNG,7.41,26.3,,989,27.1,10.28,,86.0,-1.56,-1.56,13.4,15.5,6.0,0.00,ARMED,,20.4,,
1791384382761,28.506206,77.379195,10.0,CNG,6.07,25.1,,1579,27.1,8.68,,86.0,-1.56,-1.56,13.5,13.9,10.0,0.00,ARMED,,20.4,,
1791384384618,28.506245,77.379231,12.0,CNG,8.33,14.9,1,1510,55.7,3.03,,86.0,0.00,-3.13,13.4,0.0,12.0,0.00,ARMED,,20.8,1,
1791384385530,28.506245,77.379231,14.0,CNG,5.98,29.4,1,1861,55.7,12.76,,86.0,0.00,-3.13,13.4,19.8,13.8,0.79,ARMED,,20.8,1,
1791384386353,28.506271,77.379258,18.0,CNG,7.87,14.9,1,2438,55.7,6.35,,86.0,0.00,-3.13,13.4,0.0,16.8,2.11,ARMED,,20.8,1,
1791384388125,28.506342,77.379322,18.0,CNG,9.14,33.7,2,1493,95.7,6.47,,86.0,3.91,-1.56,13.3,25.7,18.0,0.00,ARMED,,43.9,2,
1791384388913,28.506387,77.379361,25.0,CNG,5.52,14.9,2,1852,95.7,25.53,,87.0,3.91,-1.56,13.3,0.0,24.2,2.85,ARMED,,43.9,2,
1791384389777,28.506440,77.379403,27.0,CNG,8.59,34.1,,1685,95.7,5.07,,87.0,3.91,-1.56,13.4,26.2,27.0,0.00,ARMED,,43.9,,
1791384391526,28.506556,77.379500,28.0,CNG,7.44,39.6,3,1537,52.9,17.86,,87.0,-1.56,-1.56,13.4,33.7,28.0,0.00,ARMED,,12.5,3,
1791384392787,28.506623,77.379555,32.0,CNG,8.77,36.1,4,1405,52.9,11.83,,87.0,-1.56,-1.56,13.4,28.9,32.0,0.00,ARMED,,12.5,3,
1791384393641,28.506690,77.379610,35.0,CNG,10.09,37.6,4,1340,52.9,11.65,,88.0,-1.56,-1.56,13.4,31.0,34.0,1.14,ARMED,,12.5,3,
1791384395387,28.506765,77.379670,37.0,CNG,10.25,37.3,4,1412,29.4,14.47,,88.0,-1.56,0.00,13.5,30.5,36.2,1.90,ARMED,,13.7,3,
1791384396292,28.506843,77.379736,39.0,CNG,12.48,27.1,5,1082,29.4,9.22,,88.0,-1.56,0.00,13.5,16.6,39.0,0.00,ARMED,,13.7,4,
1791384397058,28.506923,77.379802,40.0,CNG,16.71,18.4,5,1190,29.4,5.37,,88.0,-1.56,0.00,13.5,4.8,39.6,0.35,ARMED,,13.7,5,
1791384398719,28.507083,77.379940,40.0,CNG,21.51,23.1,5,1195,51.8,4.55,,89.0,-3.13,-3.13,13.5,11.2,40.0,0.37,ARMED,,17.3,5,
1791384399517,28.507161,77.380010,41.0,CNG,24.95,21.2,5,1207,51.8,5.21,,89.0,-3.13,-3.13,13.3,8.6,40.9,0.55,ARMED,,17.3,5,
1791384400487,28.507161,77.380010,41.0,CNG,28.87,16.9,5,1222,51.8,4.49,,89.0,-3.13,-3.13,13.3,2.7,41.5,0.54,ARMED,,17.3,5,
1791384402207,28.507325,77.380151,41.0,CNG,25.97,15.3,5,1233,34.5,7.40,,89.0,-3.13,-4.69,13.3,0.5,41.8,0.52,ARMED,,17.6,5,
1791384403057,28.507408,77.380220,42.0,CNG,20.98,23.5,5,1241,34.5,10.45,,90.0,-3.13,-4.69,13.3,11.8,42.1,0.23,ARMED,,17.6,5,
1791384403854,28.507497,77.380290,42.0,CNG,20.13,23.5,5,1260,34.5,9.04,,90.0,-3.13,-4.69,13.2,11.8,42.5,0.30,ARMED,,17.6,5,
1791384405656,28.507668,77.380427,43.0,CNG,25.49,19.2,5,1278,39.2,4.24,,90.0,-7.03,-3.91,13.2,5.9,43.1,0.47,ARMED,,17.6,5,
1791384406611,28.507756,77.380496,43.0,CNG,28.66,22.7,5,1272,39.2,5.01,,90.0,-7.03,-3.91,13.4,10.7,43.1,0.10,ARMED,,17.6,5,
1791384407413,28.507756,77.380496,43.0,CNG,29.76,14.9,5,1248,39.2,5.57,,90.0,-7.03,-3.91,13.4,0.0,42.6,-0.24,ARMED,,17.6,5,
1791384409281,28.507927,77.380638,43.0,CNG,31.97,20.4,5,1267,39.6,4.89,,90.0,-1.56,-3.91,13.3,7.5,42.8,-0.04,ARMED,,17.3,5,
1791384410301,28.508012,77.380710,43.0,CNG,38.78,19.6,5,1264,39.6,3.09,,90.0,-1.56,-3.91,13.3,6.4,42.8,-0.01,ARMED,,17.3,5,
1791384411300,28.508098,77.380779,42.0,CNG,36.52,24.7,5,1267,39.6,5.12,,90.0,-1.56,-3.91,13.3,13.4,42.9,0.01,ARMED,,17.3,5,
1791384413248,28.508270,77.380912,43.0,CNG,31.47,23.1,5,1263,32.5,6.73,,90.0,0.00,-3.13,13.3,11.2,42.8,-0.01,ARMED,,13.3,5,
1791384414319,28.508359,77.380977,43.0,CNG,41.36,14.9,,795,32.5,2.26,,90.0,0.00,-3.13,13.3,0.0,43.0,0.00,ARMED,,13.3,,
1791384415310,28.508447,77.381045,42.0,CNG,57.68,14.9,,711,32.5,1.18,,90.0,0.00,-3.13,13.3,0.0,42.0,0.00,ARMED,,13.3,,
1791384417413,28.508610,77.381175,41.0,CNG,74.49,14.9,,713,25.9,1.23,,90.0,-2.34,-1.56,13.2,0.0,41.0,0.00,ARMED,,12.9,,
1791384418556,28.508737,77.381293,32.0,CNG,79.46,14.9,,718,25.9,1.43,,91.0,-2.34,-1.56,13.2,0.0,32.0,0.00,ARMED,,12.9,,
1791384419360,28.508737,77.381293,31.0,CNG,88.56,14.9,,718,25.9,1.13,,91.0,-2.34,-1.56,13.3,0.0,31.0,0.00,ARMED,,12.9,,
1791384421613,28.508911,77.381457,31.0,CNG,89.74,14.9,,711,37.6,1.38,,91.0,0.00,-2.34,13.0,0.0,31.0,0.00,ARMED,,14.5,,
1791384422381,28.508911,77.381457,30.0,CNG,30.57,26.3,,778,37.6,8.44,,91.0,0.00,-2.34,13.2,15.5,30.0,0.00,ARMED,,14.5,,
1791384423138,28.508969,77.381505,30.0,CNG,16.50,27.1,,1785,37.6,12.92,,90.0,0.00,-2.34,13.2,16.6,30.0,0.00,ARMED,,14.5,,
1791384424822,28.509100,77.381612,32.0,CNG,13.00,28.2,3,1600,67.1,13.18,,90.0,0.78,-1.56,13.4,18.2,32.0,0.00,ARMED,,21.6,3,
1791384425599,28.509169,77.381669,35.0,CNG,16.57,17.3,4,1478,67.1,5.43,,90.0,0.78,-1.56,13.4,3.2,35.0,0.00,ARMED,,21.6,3,
1791384426388,28.509169,77.381669,34.0,CNG,15.42,25.1,4,1358,67.1,9.92,,90.0,0.78,-1.56,13.2,13.9,34.4,-0.36,ARMED,,21.6,3,
1791384428159,28.509313,77.381788,36.0,CNG,14.91,25.1,4,1374,59.6,10.32,,89.0,-3.91,-2.34,13.2,13.9,35.3,0.36,ARMED,,22.7,4,
1791384428972,28.509388,77.381850,38.0,CNG,15.46,14.9,4,1481,59.6,9.54,,89.0,-3.91,-2.34,13.4,0.0,37.8,1.18,ARMED,,22.7,4,
1791384429788,28.509463,77.381911,38.0,CNG,15.95,25.9,5,1072,59.6,9.30,,89.0,-3.91,-2.34,13.4,15.0,38.0,0.00,ARMED,,22.7,5,
1791384431584,28.509621,77.382041,39.0,CNG,17.44,25.5,5,1153,52.2,7.93,,89.0,-3.91,-3.13,13.3,14.4,38.6,0.37,ARMED,,18.4,5,
1791384432403,28.509621,77.382041,40.0,CNG,18.34,24.3,5,1200,52.2,8.27,,88.0,-3.91,-3.13,13.3,12.8,39.9,0.64,ARMED,,18.4,5,
1791384433265,28.509706,77.382108,41.0,CNG,18.99,24.7,5,1230,52.2,8.38,,88.0,-3.91,-3.13,13.5,13.4,40.8,0.84,ARMED,,18.4,5,
1791384435034,28.509874,77.382238,42.0,CNG,19.98,23.1,5,1258,47.8,7.96,,88.0,-7.03,-3.13,13.5,11.2,41.8,0.91,ARMED,,18.0,5,
1791384435853,28.509965,77.382307,43.0,CNG,23.53,23.1,5,1286,47.8,5.59,,88.0,-7.03,-3.13,13.3,11.2,43.0,0.73,ARMED,,18.0,5,
1791384436627,28.510054,77.382377,44.0,CNG,31.35,24.3,5,1304,47.8,3.04,,87.0,-7.03,-3.13,13.3,12.8,43.5,0.72,ARMED,,18.0,5,
1791384438431,28.510142,77.382444,44.0,CNG,28.32,24.3,5,1306,32.2,7.24,,87.0,0.78,-3.13,13.3,12.8,43.8,0.52,ARMED,,18.0,5,
1791384439286,28.510233,77.382517,45.0,CNG,34.26,14.9,5,1318,32.2,3.75,,87.0,0.78,-3.13,13.3,0.0,44.2,0.28,ARMED,,18.0,5,
1791384440091,28.510323,77.382588,43.0,CNG,43.26,14.9,,955,32.2,2.43,,87.0,0.78,-3.13,13.1,0.0,43.0,0.00,ARMED,,18.0,,
1791384441903,28.510484,77.382713,40.0,CNG,50.76,14.9,,885,39.6,2.31,,87.0,-1.56,-2.34,13.1,0.0,40.0,0.00,ARMED,,15.3,,
1791384442765,28.510557,77.382770,36.0,CNG,53.42,14.9,,805,39.6,2.50,,87.0,-1.56,-2.34,13.1,0.0,36.0,0.00,ARMED,,15.3,,
1791384443522,28.510557,77.382770,36.0,CNG,48.18,14.9,,807,39.6,3.55,,87.0,-1.56,-2.34,13.1,0.0,36.0,0.00,ARMED,,15.3,,
1791384445257,28.510703,77.382886,35.0,CNG,51.46,14.9,,807,39.6,2.47,,87.0,0.00,-2.34,13.5,0.0,35.0,0.00,ARMED,,14.9,,
1791384446069,28.510772,77.382942,35.0,CNG,48.36,14.9,,806,39.6,3.24,,87.0,0.00,-2.34,13.5,0.0,35.0,0.00,ARMED,,14.9,,
1791384446865,28.510842,77.382997,35.0,CNG,52.22,14.9,,805,39.6,2.40,,87.0,0.00,-2.34,13.3,0.0,35.0,0.00,ARMED,,14.9,,
1791384448538,28.510914,77.383050,34.0,CNG,54.71,14.9,,780,25.1,2.35,,88.0,7.81,-2.34,13.3,0.0,34.0,0.00,ARMED,,12.9,,
1791384449310,28.510988,77.383101,34.0,CNG,57.84,14.9,,732,25.1,2.19,,88.0,7.81,-2.34,13.5,0.0,34.0,0.00,ARMED,,12.9,,
1791384450100,28.511058,77.383148,32.0,CNG,58.44,14.9,,732,25.1,2.20,,88.0,7.81,-2.34,13.5,0.0,32.0,0.00,ARMED,,12.9,,
1791384451895,28.511174,77.383231,29.0,CNG,55.62,14.9,,720,24.3,2.31,,88.0,1.56,-1.56,13.5,0.0,29.0,0.00,ARMED,,12.5,,
1791384452683,28.511213,77.383260,19.0,CNG,52.27,14.9,4,792,24.3,1.71,,88.0,1.56,-1.56,13.5,0.0,19.0,0.00,ARMED,,12.5,4,
1791384453494,28.511213,77.383260,14.0,CNG,48.53,14.9,3,789,24.3,1.42,,88.0,1.56,-1.56,13.4,0.0,14.0,0.00,ARMED,,12.5,3,
1791384455416,28.511253,77.383292,9.0,CNG,34.89,14.9,,779,23.5,2.12,,88.0,-0.78,0.00,13.4,0.0,9.0,0.00,ARMED,,12.9,,
1791384456284,28.511258,77.383297,1.0,CNG,26.14,14.9,,724,23.5,1.13,,88.0,-0.78,0.00,13.6,0.0,1.0,0.00,ARMED,,12.9,,
1791384457101,28.511260,77.383298,0.0,CNG,13.64,14.9,0,714,23.5,2.22,,88.0,-0.78,0.00,13.6,0.0,0.0,0.00,ARMED,,12.9,1,
1791384458894,28.511260,77.383298,0.0,CNG,7.53,14.9,0,738,37.6,2.26,,88.0,-5.47,0.00,13.2,0.0,0.0,0.00,ARMED,,14.9,1,
1791384459817,28.511260,77.383298,0.0,CNG,,14.9,0,793,37.6,2.75,,87.0,-5.47,0.00,13.2,0.0,0.0,0.00,ARMED,,14.9,1,
1791384460652,28.511260,77.383298,0.0,CNG,,14.9,0,801,37.6,2.43,,87.0,-5.47,0.00,13.4,0.0,0.0,0.00,ARMED,,14.9,1,
1791384462375,28.511260,77.383298,0.0,CNG,,14.9,0,811,38.8,3.26,,88.0,-2.34,0.00,13.4,0.0,0.0,0.00,ARMED,,14.9,1,
1791384463243,28.511260,77.383298,0.0,CNG,,14.9,0,815,38.8,2.76,,88.0,-2.34,0.00,13.4,0.0,0.0,0.00,ARMED,,14.9,1,
1791384464073,28.511260,77.383298,0.0,CNG,,14.9,0,808,38.8,2.40,,88.0,-2.34,0.00,13.4,0.0,0.0,0.00,ARMED,,14.9,1,
1791384465854,28.511260,77.383298,0.0,CNG,,14.9,0,806,23.5,2.58,,88.0,-3.91,0.00,13.3,0.0,0.0,0.00,ARMED,,12.9,1,
1791384466631,28.511260,77.383298,0.0,CNG,,14.9,0,737,23.5,1.76,,88.0,-3.91,0.00,13.3,0.0,0.0,0.00,ARMED,,12.9,1,
1791384467429,28.511260,77.383298,0.0,CNG,,14.9,0,721,23.5,2.20,,88.0,-3.91,0.00,13.5,0.0,0.0,0.00,ARMED,,12.9,1,
1791384469224,28.511260,77.383298,0.0,CNG,,14.9,0,714,23.5,1.75,,88.0,-3.13,0.00,13.5,0.0,0.0,0.00,ARMED,,12.5,1,
1791384470044,28.511260,77.383298,0.0,CNG,,14.9,0,704,23.5,1.71,,88.0,-3.13,0.00,13.4,0.0,0.0,0.00,ARMED,,12.5,1,
1791384470864,28.511260,77.383298,0.0,CNG,,14.9,0,703,23.5,1.09,,88.0,-3.13,0.00,13.4,0.0,0.0,0.00,ARMED,,12.5,1,
1791384472739,28.511260,77.383298,0.0,CNG,,14.9,0,703,22.7,2.06,,88.0,-3.91,-1.56,13.4,0.0,0.0,0.00,ARMED,,12.5,1,
1791384473662,28.511260,77.383298,0.0,CNG,,14.9,0,701,22.7,1.85,,88.0,-3.91,-1.56,13.4,0.0,0.0,0.00,ARMED,,12.5,1,
1791384474557,28.511260,77.383298,0.0,CNG,,14.9,0,727,22.7,1.73,,88.0,-3.91,-1.56,13.0,0.0,0.0,0.00,ARMED,,12.5,1,
1791384476380,28.511260,77.383298,0.0,CNG,,14.9,0,770,39.2,2.27,,88.0,-0.78,-2.34,13.0,0.0,0.0,0.00,ARMED,,14.9,1,
1791384477165,28.511260,77.383298,0.0,CNG,,14.9,0,810,39.2,3.44,,88.0,-0.78,-2.34,13.4,0.0,0.0,0.00,ARMED,,14.9,1,
1791384478054,28.511260,77.383298,0.0,CNG,,14.9,0,812,39.2,3.32,,88.0,-0.78,-2.34,13.4,0.0,0.0,0.00,ARMED,,14.9,1,
1791384479863,28.511260,77.383298,0.0,CNG,,14.9,0,822,38.4,3.47,,88.0,0.78,-2.34,13.5,0.0,0.0,0.00,ARMED,,14.9,1,
1791384480631,28.511260,77.383298,0.0,CNG,,14.9,0,820,38.4,3.42,,88.0,0.78,-2.34,13.5,0.0,0.0,0.00,ARMED,,14.9,1,
1791384481541,28.511260,77.383298,0.0,CNG,,14.9,0,812,38.4,3.43,,88.0,0.78,-2.34,13.5,0.0,0.0,0.00,ARMED,,14.9,1,
1791384483250,28.511260,77.383298,0.0,CNG,,14.9,0,771,23.9,2.25,,88.0,2.34,-2.34,13.5,0.0,0.0,0.00,ARMED,,12.5,1,
1791384484064,28.511260,77.383298,0.0,CNG,,14.9,0,723,23.9,0.98,,88.0,2.34,-2.34,13.4,0.0,0.0,0.00,ARMED,,12.5,1,
1791384484833,28.511260,77.383298,0.0,CNG,,14.9,0,713,23.9,0.98,,88.0,2.34,-2.34,13.4,0.0,0.0,0.00,ARMED,,12.5,1,
1791384486645,28.511260,77.383298,0.0,CNG,,14.9,0,709,23.5,1.78,,88.0,-1.56,-2.34,13.4,0.0,0.0,0.00,ARMED,,12.5,1,
1791384487508,28.511260,77.383298,0.0,CNG,,14.9,0,709,23.5,1.29,,88.0,-1.56,-2.34,13.4,0.0,0.0,0.00,ARMED,,12.5,1,
1791384488375,28.511260,77.383298,0.0,CNG,,14.9,0,706,23.5,1.88,,88.0,-1.56,-2.34,13.4,0.0,0.0,0.00,ARMED,,12.5,1,
1791384490296,28.511260,77.383298,0.0,CNG,,14.9,0,702,22.7,1.09,,88.0,-2.34,-3.13,13.4,0.0,0.0,0.00,ARMED,,12.5,1,
1791384491148,28.511260,77.383298,0.0,CNG,,14.9,0,706,22.7,1.14,,88.0,-2.34,-3.13,13.3,0.0,0.0,0.00,ARMED,,12.5,1,
1791384491995,28.511260,77.383298,0.0,CNG,,14.9,0,706,22.7,2.51,,88.0,-2.34,-3.13,13.3,0.0,0.0,0.00,ARMED,,12.5,1,
1791384493765,28.511260,77.383298,0.0,CNG,,14.9,0,764,38.4,2.70,,88.0,-0.78,-3.91,13.3,0.0,0.0,0.00,ARMED,,14.9,1,
1791384494562,28.511260,77.383298,0.0,CNG,,14.9,0,803,38.4,2.97,,88.0,-0.78,-3.91,13.3,0.0,0.0,0.00,ARMED,,14.9,1,
1791384495371,28.511260,77.383298,0.0,CNG,,14.9,0,816,38.4,2.41,,88.0,-0.78,-3.91,13.3,0.0,0.0,0.00,ARMED,,14.9,1,
1791384497116,28.511260,77.383298,0.0,CNG,,14.9,0,816,38.4,3.37,,88.0,3.13,-3.91,13.3,0.0,0.0,0.00,ARMED,,14.9,1,
1791384497891,28.511260,77.383298,0.0,CNG,,14.9,0,821,38.4,2.70,,88.0,3.13,-3.91,13.3,0.0,0.0,0.00,ARMED,,14.9,1,
1791384498644,28.511260,77.383298,0.0,CNG,,14.9,0,818,38.4,3.33,,88.0,3.13,-3.91,13.3,0.0,0.0,0.00,ARMED,,14.9,1,
1791384500550,28.511260,77.383298,0.0,CNG,,14.9,0,813,23.1,3.16,,88.0,-1.56,-3.91,13.4,0.0,0.0,0.00,ARMED,,12.9,1,
1791384501362,28.511260,77.383298,0.0,CNG,,14.9,0,731,23.1,1.96,,88.0,-1.56,-3.91,13.4,0.0,0.0,0.00,ARMED,,12.9,1,
1791384502182,28.511260,77.383298,0.0,CNG,,14.9,0,709,23.1,2.20,,88.0,-1.56,-3.91,13.3,0.0,0.0,0.00,ARMED,,12.9,1,
1791384503986,28.511260,77.383298,0.0,CNG,,14.9,0,710,23.5,1.04,,88.0,0.00,-3.91,13.3,0.0,0.0,0.00,ARMED,,12.5,1,
1791384504887,28.511260,77.383298,0.0,CNG,,14.9,0,705,23.5,1.14,,88.0,0.00,-3.91,13.4,0.0,0.0,0.00,ARMED,,12.5,1,
1791384505753,28.511260,77.383298,0.0,CNG,,14.9,0,703,23.5,1.62,,88.0,0.00,-3.91,13.4,0.0,0.0,0.00,ARMED,,12.5,1,
1791384507553,28.511260,77.383298,0.0,CNG,,14.9,0,708,22.7,0.90,,88.0,-1.56,-3.91,13.3,0.0,0.0,0.00,ARMED,,12.5,1,
1791384508444,28.511260,77.383298,0.0,CNG,,14.9,0,705,22.7,2.45,,89.0,-1.56,-3.91,13.3,0.0,0.0,0.00,ARMED,,12.5,1,
1791384509261,28.511260,77.383298,0.0,CNG,,14.9,0,766,22.7,2.01,,89.0,-1.56,-3.91,13.3,0.0,0.0,0.00,ARMED,,12.5,1,
1791384511060,28.511260,77.383298,0.0,CNG,,14.9,0,789,38.8,3.49,,88.0,0.78,-3.91,13.3,0.0,0.0,0.00,ARMED,,15.3,1,
1791384511867,28.511260,77.383298,0.0,CNG,,14.9,0,820,38.8,2.75,,88.0,0.78,-3.91,13.4,0.0,0.0,0.00,ARMED,,15.3,1,
1791384512686,28.511260,77.383298,0.0,CNG,,14.9,0,816,38.8,2.55,,88.0,0.78,-3.91,13.4,0.0,0.0,0.00,ARMED,,15.3,1,
1791384514443,28.511260,77.383298,0.0,CNG,,14.9,0,828,38.4,2.50,,88.0,2.34,-3.91,13.4,0.0,0.0,0.00,ARMED,,14.9,1,
1791384515244,28.511260,77.383298,0.0,CNG,,14.9,0,820,38.4,3.44,,88.0,2.34,-3.91,13.4,0.0,0.0,0.00,ARMED,,14.9,1,
1791384516148,28.511260,77.383298,0.0,CNG,,14.9,0,792,38.4,1.50,,88.0,2.34,-3.91,13.3,0.0,0.0,0.00,ARMED,,14.9,1,
1791384518022,28.511260,77.383298,0.0,CNG,,14.9,0,752,23.9,2.24,,89.0,3.91,-3.13,13.3,0.0,0.0,0.00,ARMED,,12.5,1,IDLE
1791384518935,28.511260,77.383298,0.0,CNG,,14.9,0,708,23.9,1.10,,89.0,3.91,-3.13,13.4,0.0,0.0,0.00,ARMED,,12.5,1,
1791384519735,28.511254,77.383286,0.0,CNG,,14.9,0,710,23.9,2.07,,89.0,3.91,-3.13,13.4,0.0,0.0,0.00,ARMED,,12.5,1,
1791384521514,28.511267,77.383292,0.0,CNG,,14.9,0,704,23.1,2.16,,89.0,-2.34,-2.34,13.5,0.0,0.0,0.00,ARMED,,12.5,1,
1791384522340,28.511267,77.383292,0.0,CNG,,14.9,0,703,23.1,2.07,,89.0,-2.34,-2.34,13.5,0.0,0.0,0.00,ARMED,,12.5,1,
1791384523253,28.511267,77.383292,0.0,CNG,,14.9,0,712,23.1,1.56,,89.0,-2.34,-2.34,13.4,0.0,0.0,0.00,ARMED,,12.5,1,
1791384525348,28.511267,77.383292,0.0,CNG,,14.9,0,710,22.7,0.83,,89.0,-2.34,-3.13,13.4,0.0,0.0,0.00,ARMED,,15.7,1,
1791384526183,28.511267,77.383293,0.0,CNG,,14.9,0,738,22.7,3.09,,89.0,-2.34,-3.13,13.0,0.0,0.0,0.00,ARMED,,15.7,1,
1791384527039,28.511267,77.383294,0.0,CNG,,14.9,0,776,22.7,2.50,,89.0,-2.34,-3.13,13.0,0.0,0.0,0.00,ARMED,,15.7,1,
1791384528770,28.511268,77.383293,0.0,CNG,,14.9,0,798,39.2,3.16,,89.0,0.78,-3.91,13.4,0.0,0.0,0.00,ARMED,,14.9,1,
1791384529661,28.511269,77.383292,0.0,CNG,,14.9,0,813,39.2,2.45,,89.0,0.78,-3.91,13.4,0.0,0.0,0.00,ARMED,,14.9,1,
1791384530512,28.511269,77.383292,0.0,CNG,,14.9,0,820,39.2,3.56,,89.0,0.78,-3.91,13.4,0.0,0.0,0.00,ARMED,,14.9,1,
1791384532235,28.511269,77.383292,0.0,CNG,,14.9,0,823,38.8,2.48,,89.0,2.34,-3.13,13.4,0.0,0.0,0.00,ARMED,,14.9,1,
1791384533034,28.511270,77.383293,0.0,CNG,,14.9,0,819,38.8,2.39,,89.0,2.34,-3.13,13.4,0.0,0.0,0.00,ARMED,,14.9,1,
1791384533846,28.511270,77.383293,0.0,CNG,,14.9,0,772,38.8,1.10,,89.0,2.34,-3.13,13.4,0.0,0.0,0.00,ARMED,,14.9,1,
1791384535701,28.511270,77.383296,0.0,CNG,,14.9,0,735,23.9,2.23,,89.0,2.34,-3.13,13.2,0.0,0.0,0.00,ARMED,,12.5,1,
1791384536559,28.511270,77.383296,0.0,CNG,,14.9,0,707,23.9,0.92,,89.0,2.34,-3.13,13.2,0.0,0.0,0.00,ARMED,,12.5,1,
1791384537468,28.511270,77.383296,0.0,CNG,,14.9,0,712,23.9,1.65,,89.0,2.34,-3.13,13.5,0.0,0.0,0.00,ARMED,,12.5,1,
1791384539496,28.511270,77.383296,0.0,CNG,,14.9,0,709,23.1,1.53,,89.0,-1.56,-3.13,13.5,0.0,0.0,0.00,ARMED,,12.5,1,
1791384540436,28.511270,77.383296,0.0,CNG,,14.9,0,706,23.1,1.98,,89.0,-1.56,-3.13,13.5,0.0,0.0,0.00,ARMED,,12.5,1,
1791384541213,28.511270,77.383296,0.0,CNG,,14.9,0,706,23.1,1.86,,89.0,-1.56,-3.13,13.5,0.0,0.0,0.00,ARMED,,12.5,1,
1791384543177,28.511270,77.383296,0.0,CNG,,14.9,0,726,38.4,3.28,,89.0,-1.56,-3.91,13.3,0.0,0.0,0.00,ARMED,,14.9,1,
1791384543974,28.511270,77.383296,0.0,CNG,,14.9,0,805,38.4,2.69,,89.0,-1.56,-3.91,13.3,0.0,0.0,0.00,ARMED,,14.9,1,
1791384544859,28.511270,77.383296,0.0,CNG,,14.9,0,810,38.4,3.50,,89.0,-1.56,-3.91,13.4,0.0,0.0,0.00,ARMED,,14.9,1,
1791384546855,28.511270,77.383296,0.0,CNG,,14.9,0,826,39.2,2.50,,89.0,0.78,-3.91,13.4,0.0,0.0,0.00,ARMED,,14.9,1,
1791384547765,28.511270,77.383297,0.0,CNG,,14.9,0,827,39.2,3.04,,89.0,0.78,-3.91,13.3,0.0,0.0,0.00,ARMED,,14.9,1,
1791384548575,28.511270,77.383297,0.0,CNG,,14.9,0,823,39.2,2.40,,89.0,0.78,-3.91,13.3,0.0,0.0,0.00,ARMED,,14.9,1,
1791384550434,28.511270,77.383297,0.0,CNG,,14.9,0,782,23.5,1.29,,89.0,0.78,-3.91,13.3,0.0,0.0,0.00,ARMED,,12.5,1,
1791384551318,28.511270,77.383297,0.0,CNG,,14.9,0,723,23.5,1.32,,89.0,0.78,-3.91,13.3,0.0,0.0,0.00,ARMED,,12.5,1,
1791384552122,28.511270,77.383297,0.0,CNG,,14.9,0,715,23.5,2.01,,89.0,0.78,-3.91,13.4,0.0,0.0,0.00,ARMED,,12.5,1,
1791384553890,28.511270,77.383297,0.0,CNG,,14.9,0,712,23.5,2.03,,89.0,-0.78,-3.13,13.4,0.0,0.0,0.00,ARMED,,12.5,1,
1791384554848,28.511270,77.383297,0.0,CNG,,14.9,0,707,23.5,2.09,,89.0,-0.78,-3.13,13.5,0.0,0.0,0.00,ARMED,,12.5,1,
1791384555667,28.511270,77.383297,0.0,CNG,,14.9,0,705,23.5,1.42,,89.0,-0.78,-3.13,13.5,0.0,0.0,0.00,ARMED,,12.5,1,
1791384557556,28.511270,77.383297,0.0,CNG,,14.9,0,706,23.1,2.14,,89.0,-1.56,-3.91,13.5,0.0,0.0,0.00,ARMED,,12.5,1,
1791384558413,28.511270,77.383297,0.0,CNG,,14.9,0,699,23.1,1.92,,89.0,-1.56,-3.91,13.5,0.0,0.0,0.00,ARMED,,12.5,1,
1791384559332,28.511270,77.383297,0.0,CNG,,14.9,0,736,23.1,2.40,,89.0,-1.56,-3.91,13.1,0.0,0.0,0.00,ARMED,,12.5,1,
1791384561293,28.511270,77.383297,0.0,CNG,,14.9,0,785,39.2,3.16,,89.0,1.56,-3.91,13.4,0.0,0.0,0.00,ARMED,,14.9,1,
1791384562147,28.511270,77.383297,0.0,CNG,,14.9,0,818,39.2,2.46,,89.0,1.56,-3.91,13.4,0.0,0.0,0.00,ARMED,,14.9,1,
1791384562965,28.511270,77.383297,0.0,CNG,,14.9,0,825,39.2,3.47,,89.0,1.56,-3.91,13.4,0.0,0.0,0.00,ARMED,,14.9,1,
1791384564740,28.511270,77.383297,0.0,CNG,,14.9,0,829,38.8,2.43,,89.0,0.00,-3.91,13.5,0.0,0.0,0.00,ARMED,,14.9,1,
1791384565626,28.511270,77.383297,0.0,CNG,,14.9,0,827,38.8,2.43,,89.0,0.00,-3.91,13.5,0.0,0.0,0.00,ARMED,,14.9,1,
1791384566510,28.511270,77.383297,0.0,CNG,,14.9,0,801,38.8,1.43,,89.0,0.00,-3.91,13.4,0.0,0.0,0.00,ARMED,,14.9,1,
1791384568214,28.511270,77.383297,0.0,CNG,,14.9,0,747,23.9,2.21,,89.0,4.69,-3.91,13.4,0.0,0.0,0.00,ARMED,,12.5,1,
1791384569049,28.511270,77.383297,0.0,CNG,,14.9,0,715,23.9,1.72,,89.0,4.69,-3.91,13.4,0.0,0.0,0.00,ARMED,,12.5,1,
1791384569865,28.511270,77.383297,0.0,CNG,,14.9,0,701,23.9,2.14,,89.0,4.69,-3.91,13.4,0.0,0.0,0.00,ARMED,,12.5,1,
1791384571716,28.511270,77.383297,0.0,CNG,,14.9,0,715,23.5,1.97,,89.0,-0.78,-3.91,13.5,0.0,0.0,0.00,ARMED,,12.5,1,
1791384572531,28.511270,77.383297,0.0,CNG,,14.9,0,713,23.5,1.94,,89.0,-0.78,-3.91,13.5,0.0,0.0,0.00,ARMED,,12.5,1,
1791384573335,28.511270,77.383297,0.0,CNG,,14.9,0,706,23.5,0.89,,89.0,-0.78,-3.91,13.2,0.0,0.0,0.00,ARMED,,12.5,1,
1791384575237,28.511270,77.383297,0.0,CNG,,14.9,0,705,36.5,2.06,,89.0,-1.56,-3.91,13.2,0.0,0.0,0.00,ARMED,,14.1,1,
1791384576029,28.511270,77.383297,0.0,CNG,,14.9,0,769,36.5,2.43,,89.0,-1.56,-3.91,13.2,0.0,0.0,0.00,ARMED,,14.1,1,
1791384576791,28.511270,77.383297,0.0,CNG,,14.9,0,799,36.5,2.41,,89.0,-1.56,-3.91,13.2,0.0,0.0,0.00,ARMED,,14.1,1,
1791384578775,28.511270,77.383297,0.0,CNG,,14.9,0,811,39.2,3.48,,89.0,2.34,-3.91,13.3,0.0,0.0,0.00,ARMED,,14.9,1,
1791384579577,28.511270,77.383297,0.0,CNG,,14.9,0,831,39.2,3.50,,89.0,2.34,-3.91,13.3,0.0,0.0,0.00,ARMED,,14.9,1,
1791384580439,28.511270,77.383297,0.0,CNG,,14.9,0,831,39.2,2.45,,89.0,2.34,-3.91,13.5,0.0,0.0,0.00,ARMED,,14.9,1,
1791384582241,28.511270,77.383297,0.0,CNG,,14.9,0,828,36.9,3.01,,89.0,0.00,-3.91,13.5,0.0,0.0,0.00,ARMED,,11.0,1,
1791384583108,28.511270,77.383297,0.0,CNG,,14.9,0,760,36.9,1.97,,89.0,0.00,-3.91,13.4,0.0,0.0,0.00,ARMED,,11.0,1,
1791384584023,28.511270,77.383297,0.0,CNG,,14.9,0,733,36.9,2.22,,89.0,0.00,-3.91,13.4,0.0,0.0,0.00,ARMED,,11.0,1,
1791384585863,28.511270,77.383297,0.0,CNG,,14.9,0,711,23.5,0.99,,89.0,0.78,-3.91,13.5,0.0,0.0,0.00,ARMED,,12.5,1,
1791384586749,28.511270,77.383297,0.0,CNG,,14.9,0,706,23.5,0.97,,89.0,0.78,-3.91,13.5,0.0,0.0,0.00,ARMED,,12.5,1,
1791384587587,28.511270,77.383297,0.0,CNG,,14.9,0,714,23.5,1.99,,89.0,0.78,-3.91,13.5,0.0,0.0,0.00,ARMED,,12.5,1,
1791384589457,28.511270,77.383297,0.0,CNG,,14.9,0,708,23.1,1.07,,89.0,-1.56,-3.91,13.5,0.0,0.0,0.00,ARMED,,12.5,1,
1791384590443,28.511270,77.383297,0.0,CNG,,14.9,0,708,23.1,0.81,,89.0,-1.56,-3.91,13.5,0.0,0.0,0.00,ARMED,,12.5,1,
1791384591281,28.511270,77.383297,0.0,CNG,,14.9,0,705,23.1,1.84,,89.0,-1.56,-3.91,13.5,0.0,0.0,0.00,ARMED,,12.5,1,
1791384593075,28.511270,77.383297,0.0,CNG,,14.9,0,708,36.9,2.00,,89.0,0.78,-3.91,13.4,0.0,0.0,0.00,ARMED,,14.9,1,
1791384593931,28.511270,77.383297,0.0,CNG,,14.9,0,799,36.9,3.19,,89.0,0.78,-3.91,13.4,0.0,0.0,0.00,ARMED,,14.9,1,
1791384594823,28.511270,77.383297,0.0,CNG,,14.9,0,813,36.9,3.40,,89.0,0.78,-3.91,13.4,0.0,0.0,0.00,ARMED,,14.9,1,
1791384596936,28.511270,77.383297,0.0,CNG,,14.9,0,819,38.8,3.54,,89.0,1.56,-3.91,13.4,0.0,0.0,0.00,ARMED,,14.9,1,
1791384597797,28.511270,77.383297,0.0,CNG,,14.9,0,828,38.8,2.55,,89.0,1.56,-3.91,13.5,0.0,0.0,0.00,ARMED,,14.9,1,
1791384598609,28.511270,77.383297,0.0,CNG,,14.9,0,827,38.8,2.35,,89.0,1.56,-3.91,13.5,0.0,0.0,0.00,ARMED,,14.9,1,
1791384600406,28.511270,77.383297,0.0,CNG,,14.9,0,825,23.1,0.00,,89.0,-2.34,-3.91,13.6,0.0,0.0,0.00,ARMED,,12.9,1,
1791384601312,28.511270,77.383297,0.0,CNG,,14.9,0,726,23.1,1.28,,89.0,-2.34,-3.91,13.6,0.0,0.0,0.00,ARMED,,12.9,1,
1791384602203,28.511270,77.383297,0.0,CNG,,14.9,0,714,23.1,1.90,,89.0,-2.34,-3.91,13.6,0.0,0.0,0.00,ARMED,,12.9,1,
1791384603965,28.511270,77.383297,0.0,CNG,,14.9,0,713,23.1,1.95,,89.0,0.00,-3.91,13.6,0.0,0.0,0.00,ARMED,,12.5,1,
1791384604830,28.511270,77.383297,0.0,CNG,,14.9,0,711,23.1,0.88,,89.0,0.00,-3.91,13.3,0.0,0.0,0.00,ARMED,,12.5,1,
1791384605698,28.511270,77.383297,0.0,CNG,,14.9,0,707,23.1,1.99,,89.0,0.00,-3.91,13.3,0.0,0.0,0.00,ARMED,,12.5,1,
1791384607554,28.511270,77.383297,0.0,CNG,,14.9,0,705,22.7,0.85,,89.0,-0.78,-3.91,13.5,0.0,0.0,0.00,ARMED,,12.5,1,
1791384608381,28.511270,77.383297,0.0,CNG,,14.9,0,703,22.7,2.08,,89.0,-0.78,-3.91,13.5,0.0,0.0,0.00,ARMED,,12.5,1,
1791384609292,28.511270,77.383297,0.0,CNG,,14.9,0,757,22.7,2.51,,89.0,-0.78,-3.91,13.2,0.0,0.0,0.00,ARMED,,12.5,1,
1791384611130,28.511270,77.383297,0.0,CNG,,14.9,0,791,39.2,2.47,,89.0,1.56,-3.91,13.2,0.0,0.0,0.00,ARMED,,15.3,1,
1791384611935,28.511270,77.383297,0.0,CNG,,14.9,0,821,39.2,2.45,,89.0,1.56,-3.91,13.4,0.0,0.0,0.00,ARMED,,15.3,1,
1791384612808,28.511270,77.383297,0.0,CNG,,14.9,0,828,39.2,2.61,,89.0,1.56,-3.91,13.4,0.0,0.0,0.00,ARMED,,15.3,1,
1791384614660,28.511270,77.383297,0.0,CNG,,14.9,0,832,38.4,2.49,,89.0,0.78,-3.91,13.4,0.0,0.0,0.00,ARMED,,14.9,1,
1791384615534,28.511270,77.383297,0.0,CNG,,14.9,0,826,38.4,3.13,,89.0,0.78,-3.91,13.4,0.0,0.0,0.00,ARMED,,14.9,1,
1791384616385,28.511270,77.383297,0.0,CNG,,14.9,0,765,38.4,1.89,,89.0,0.78,-3.91,13.5,0.0,0.0,0.00,ARMED,,14.9,1,
1791384618148,28.511270,77.383297,0.0,CNG,,14.9,0,734,23.5,1.07,,89.0,3.91,-3.91,13.5,0.0,0.0,0.00,ARMED,,12.5,1,
1791384618943,28.511270,77.383297,0.0,CNG,,14.9,0,700,23.5,2.04,,89.0,3.91,-3.91,13.4,0.0,0.0,0.00,ARMED,,12.5,1,
1791384619759,28.511270,77.383297,0.0,CNG,,14.9,0,710,23.5,2.00,,89.0,3.91,-3.91,13.4,0.0,0.0,0.00,ARMED,,12.5,1,
1791384621471,28.511270,77.383297,0.0,CNG,,14.9,0,709,23.1,1.02,,89.0,-0.78,-3.13,13.3,0.0,0.0,0.00,ARMED,,12.5,1,
1791384622305,28.511270,77.383297,0.0,CNG,,14.9,0,707,23.1,1.06,,89.0,-0.78,-3.13,13.3,0.0,0.0,0.00,ARMED,,12.5,1,
1791384623114,28.511270,77.383297,0.0,CNG,,14.9,0,705,23.1,1.46,,89.0,-0.78,-3.13,13.2,0.0,0.0,0.00,ARMED,,12.5,1,
1791384624918,28.511270,77.383297,0.0,CNG,,14.9,0,709,22.4,0.82,,89.0,-0.78,-3.91,13.2,0.0,0.0,0.00,ARMED,,15.3,1,
1791384625762,28.511270,77.383297,0.0,CNG,,14.9,0,713,22.4,2.60,,89.0,-0.78,-3.91,13.4,0.0,0.0,0.00,ARMED,,15.3,1,
1791384626558,28.511270,77.383297,0.0,CNG,,14.9,0,768,22.4,3.22,,89.0,-0.78,-3.91,13.4,0.0,0.0,0.00,ARMED,,15.3,1,
1791384628243,28.511270,77.383297,0.0,CNG,,14.9,0,798,39.2,2.37,,89.0,0.78,-3.91,13.3,0.0,0.0,0.00,ARMED,,14.9,1,
1791384629015,28.511270,77.383297,0.0,CNG,,14.9,0,822,39.2,2.50,,89.0,0.78,-3.91,13.3,0.0,0.0,0.00,ARMED,,14.9,1,
1791384629904,28.511270,77.383297,0.0,CNG,,14.9,0,824,39.2,3.37,,89.0,0.78,-3.91,13.3,0.0,0.0,0.00,ARMED,,14.9,1,
1791384631794,28.511270,77.383297,0.0,CNG,,14.9,0,823,38.4,2.44,,89.0,0.00,-3.91,13.4,0.0,0.0,0.00,ARMED,,14.9,1,
1791384632607,28.511270,77.383297,0.0,CNG,,14.9,0,827,38.4,3.24,,89.0,0.00,-3.91,13.3,0.0,0.0,0.00,ARMED,,14.9,1,
1791384633439,28.511270,77.383297,0.0,CNG,,14.9,0,768,38.4,1.32,,89.0,0.00,-3.91,13.3,0.0,0.0,0.00,ARMED,,14.9,1,
1791384635320,28.511270,77.383297,0.0,CNG,,14.9,0,735,23.5,1.09,,89.0,3.91,-3.91,13.4,0.0,0.0,0.00,ARMED,,12.5,1,
1791384636090,28.511270,77.383297,0.0,CNG,,14.9,0,710,23.5,1.24,,89.0,3.91,-3.91,13.4,0.0,0.0,0.00,ARMED,,12.5,1,
1791384636963,28.511270,77.383297,0.0,CNG,,14.9,0,711,23.5,1.64,,89.0,3.91,-3.91,13.3,0.0,0.0,0.00,ARMED,,12.5,1,
1791384638712,28.511270,77.383297,0.0,CNG,,14.9,0,709,23.1,1.90,,89.0,-0.78,-3.13,13.3,0.0,0.0,0.00,ARMED,,12.5,1,
1791384639505,28.511270,77.383297,0.0,CNG,,14.9,0,705,23.1,0.81,,89.0,-0.78,-3.13,13.5,0.0,0.0,0.00,ARMED,,12.5,1,
1791384640374,28.511270,77.383297,0.0,CNG,,14.9,0,706,23.1,1.80,,89.0,-0.78,-3.13,13.5,0.0,0.0,0.00,ARMED,,12.5,1,
1791384642183,28.511270,77.383297,0.0,CNG,,14.9,0,708,22.7,2.06,,89.0,-0.78,-3.91,13.5,0.0,0.0,0.00,ARMED,,12.5,1,
1791384643009,28.511270,77.383297,0.0,CNG,,14.9,0,721,22.7,2.65,,89.0,-0.78,-3.91,13.5,0.0,0.0,0.00,ARMED,,12.5,1,
1791384643919,28.511270,77.383297,0.0,CNG,,14.9,0,771,22.7,3.11,,89.0,-0.78,-3.91,13.3,0.0,0.0,0.00,ARMED,,12.5,1,
1791384645702,28.511270,77.383297,0.0,CNG,,14.9,0,800,39.2,3.15,,89.0,1.56,-3.91,13.3,0.0,0.0,0.00,ARMED,,14.9,1,
1791384646544,28.511270,77.383297,0.0,CNG,,14.9,0,822,39.2,3.16,,89.0,1.56,-3.91,13.2,0.0,0.0,0.00,ARMED,,14.9,1,
1791384647360,28.511270,77.383297,0.0,CNG,,14.9,0,830,39.2,2.72,,89.0,1.56,-3.91,13.2,0.0,0.0,0.00,ARMED,,14.9,1,
1791384649182,28.511270,77.383297,0.0,CNG,,14.9,0,834,38.0,2.38,,89.0,0.00,-3.91,13.3,0.0,0.0,0.00,ARMED,,14.9,1,
1791384649994,28.511270,77.383297,0.0,CNG,,14.9,0,825,38.0,2.15,,89.0,0.00,-3.91,13.3,0.0,0.0,0.00,ARMED,,14.9,1,
1791384650779,28.511270,77.383297,0.0,CNG,,14.9,0,770,38.0,2.03,,89.0,0.00,-3.91,13.3,0.0,0.0,0.00,ARMED,,14.9,1,
1791384652516,28.511270,77.383297,0.0,CNG,,14.9,0,736,23.5,1.48,,89.0,3.13,-3.91,13.3,0.0,0.0,0.00,ARMED,,12.5,1,
1791384653337,28.511270,77.383297,0.0,CNG,,14.9,0,713,23.5,1.52,,89.0,3.13,-3.91,13.4,0.0,0.0,0.00,ARMED,,12.5,1,
1791384654172,28.511270,77.383297,0.0,CNG,,14.9,0,711,23.5,0.91,,89.0,3.13,-3.91,13.4,0.0,0.0,0.00,ARMED,,12.5,1,
1791384656010,28.511270,77.383297,0.0,CNG,,14.9,0,709,22.7,0.97,,89.0,-0.78,-3.13,13.6,0.0,0.0,0.00,ARMED,,12.5,1,
1791384656784,28.511270,77.383297,0.0,CNG,,14.9,0,703,22.7,2.14,,89.0,-0.78,-3.13,13.6,0.0,0.0,0.00,ARMED,,12.5,1,
1791384657637,28.511270,77.383297,0.0,CNG,,14.9,0,703,22.7,1.65,,89.0,-0.78,-3.13,13.4,0.0,0.0,0.00,ARMED,,12.5,1,
1791384659330,28.511270,77.383297,0.0,CNG,,14.9,0,703,22.7,2.10,,89.0,-0.78,-3.91,13.4,0.0,0.0,0.00,ARMED,,15.7,1,
1791384660158,28.511270,77.383297,0.0,CNG,,14.9,0,705,22.7,2.30,,89.0,-0.78,-3.91,13.5,0.0,0.0,0.00,ARMED,,15.7,1,
1791384661011,28.511270,77.383297,0.0,CNG,,14.9,0,772,22.7,2.22,,89.0,-0.78,-3.91,13.5,0.0,0.0,0.00,ARMED,,15.7,1,
1791384662857,28.511270,77.383297,0.0,CNG,,14.9,0,799,39.2,2.57,,89.0,1.56,-3.91,13.5,0.0,0.0,0.00,ARMED,,15.3,1,
1791384663671,28.511270,77.383297,0.0,CNG,,14.9,0,827,39.2,3.52,,89.0,1.56,-3.91,13.5,0.0,0.0,0.00,ARMED,,15.3,1,
1791384664519,28.511270,77.383297,0.0,CNG,,14.9,0,829,39.2,2.44,,89.0,1.56,-3.91,13.4,0.0,0.0,0.00,ARMED,,15.3,1,
1791384666425,28.511270,77.383297,0.0,CNG,,14.9,0,834,38.4,2.59,,89.0,0.78,-3.91,13.2,0.0,0.0,0.00,ARMED,,14.9,1,
1791384667271,28.511270,77.383297,0.0,CNG,,14.9,0,827,38.4,3.12,,89.0,0.78,-3.91,13.3,0.0,0.0,0.00,ARMED,,14.9,1,
1791384668073,28.511270,77.383297,0.0,CNG,,14.9,0,765,38.4,2.26,,89.0,0.78,-3.91,13.3,0.0,0.0,0.00,ARMED,,14.9,1,
1791384669950,28.511270,77.383297,0.0,CNG,,14.9,0,735,23.5,1.80,,89.0,3.13,-3.91,13.5,0.0,0.0,0.00,ARMED,,12.5,1,
1791384670730,28.511270,77.383297,0.0,CNG,,14.9,0,707,23.5,1.25,,89.0,3.13,-3.91,13.5,0.0,0.0,0.00,ARMED,,12.5,1,
1791384671493,28.511270,77.383297,0.0,CNG,,14.9,0,706,23.5,1.78,,89.0,3.13,-3.91,13.3,0.0,0.0,0.00,ARMED,,12.5,1,
1791384673143,28.511270,77.383297,0.0,CNG,,14.9,0,709,23.5,1.38,,89.0,-0.78,-3.13,13.3,0.0,0.0,0.00,ARMED,,12.5,1,
1791384673979,28.511270,77.383297,0.0,CNG,,14.9,0,711,23.5,0.94,,89.0,-0.78,-3.13,13.3,0.0,0.0,0.00,ARMED,,12.5,1,
1791384674768,28.511270,77.383297,0.0,CNG,,14.9,0,704,23.5,1.08,,89.0,-0.78,-3.13,13.3,0.0,0.0,0.00,ARMED,,12.5,1,
1791384676591,28.511270,77.383297,0.0,CNG,,14.9,0,712,23.1,0.83,,89.0,-0.78,-3.91,13.4,0.0,0.0,0.00,ARMED,,12.5,1,
1791384677416,28.511270,77.383297,0.0,CNG,,14.9,0,695,23.1,2.12,,89.0,-0.78,-3.91,13.4,0.0,0.0,0.00,ARMED,,12.5,1,
1791384678301,28.511270,77.383297,0.0,CNG,,14.9,0,774,23.1,2.86,,89.0,-0.78,-3.91,13.2,0.0,0.0,0.00,ARMED,,12.5,1,
1791384680051,28.511270,77.383297,0.0,CNG,,14.9,0,796,39.6,3.19,,89.0,1.56,-3.91,13.2,0.0,0.0,0.00,ARMED,,15.3,1,
1791384680867,28.511270,77.383297,0.0,CNG,,14.9,0,825,39.6,2.54,,89.0,1.56,-3.91,13.2,0.0,0.0,0.00,ARMED,,15.3,1,
1791384681701,28.511270,77.383297,0.0,CNG,,14.9,0,830,39.6,2.93,,89.0,1.56,-3.91,13.2,0.0,0.0,0.00,ARMED,,15.3,1,
1791384683446,28.511270,77.383297,0.0,CNG,,14.9,0,834,38.4,3.23,,89.0,0.78,-3.91,13.3,0.0,0.0,0.00,ARMED,,14.9,1,
1791384684242,28.511270,77.383297,0.0,CNG,,14.9,0,825,38.4,3.22,,89.0,0.78,-3.91,13.3,0.0,0.0,0.00,ARMED,,14.9,1,
1791384685061,28.511270,77.383297,0.0,CNG,,14.9,0,768,38.4,1.96,,89.0,0.78,-3.91,13.4,0.0,0.0,0.00,ARMED,,14.9,1,
1791384686781,28.511270,77.383297,0.0,CNG,,14.9,0,740,23.9,1.45,,89.0,3.91,-3.91,13.4,0.0,0.0,0.00,ARMED,,12.5,1,
1791384687585,28.511270,77.383297,0.0,CNG,,14.9,0,711,23.9,1.07,,89.0,3.91,-3.91,13.3,0.0,0.0,0.00,ARMED,,12.5,1,
1791384688402,28.511270,77.383297,0.0,CNG,,14.9,0,716,23.9,1.66,,89.0,3.91,-3.91,13.3,0.0,0.0,0.00,ARMED,,12.5,1,
1791384690327,28.511270,77.383297,0.0,CNG,,14.9,0,706,23.1,2.09,,89.0,-0.78,-3.91,13.5,0.0,0.0,0.00,ARMED,,12.5,1,
1791384691113,28.511270,77.383297,0.0,CNG,,14.9,0,709,23.1,0.93,,89.0,-0.78,-3.91,13.5,0.0,0.0,0.00,ARMED,,12.5,1,
1791384691909,28.511270,77.383297,0.0,CNG,,14.9,0,706,23.1,1.33,,89.0,-0.78,-3.91,13.4,0.0,0.0,0.00,ARMED,,12.5,1,
1791384693695,28.511270,77.383297,0.0,CNG,,14.9,0,708,23.9,1.02,,89.0,-0.78,-3.91,13.4,0.0,0.0,0.00,ARMED,,14.9,1,
1791384694556,28.511270,77.383297,0.0,CNG,,14.9,0,733,23.9,2.32,,89.0,-0.78,-3.91,13.0,0.0,0.0,0.00,ARMED,,14.9,1,
1791384695580,28.511270,77.383297,0.0,CNG,,14.9,0,781,23.9,3.35,,89.0,-0.78,-3.91,13.0,0.0,0.0,0.00,ARMED,,14.9,1,
1791384697602,28.511270,77.383297,0.0,CNG,,14.9,0,813,39.6,3.43,,89.0,2.34,-3.91,13.4,0.0,0.0,0.00,ARMED,,15.3,1,
1791384698415,28.511270,77.383297,0.0,CNG,,14.9,0,831,39.6,3.25,,89.0,2.34,-3.91,13.4,0.0,0.0,0.00,ARMED,,15.3,1,
1791384699770,28.511270,77.383297,0.0,CNG,,14.9,0,836,39.6,3.40,,89.0,2.34,-3.91,13.5,0.0,0.0,0.00,ARMED,,15.3,1,
1791384701810,28.511270,77.383297,0.0,CNG,,14.9,0,829,25.1,2.91,,89.0,0.00,-3.91,13.4,0.0,0.0,0.00,ARMED,,12.9,1,
1791384702717,28.511270,77.383297,0.0,CNG,,14.9,0,744,25.1,1.12,,89.0,0.00,-3.91,13.4,0.0,0.0,0.00,ARMED,,12.9,1,
1791384703587,28.511270,77.383297,0.0,CNG,,14.9,0,727,25.1,1.08,,89.0,0.00,-3.91,13.4,0.0,0.0,0.00,ARMED,,12.9,1,
1791384705769,28.511270,77.383297,0.0,CNG,,14.9,0,704,23.5,0.91,,89.0,0.00,-3.91,13.4,0.0,0.0,0.00,ARMED,,12.5,1,
1791384706651,28.511270,77.383297,0.0,CNG,,14.9,0,710,23.5,1.72,,89.0,0.00,-3.91,13.4,0.0,0.0,0.00,ARMED,,12.5,1,
1791384707561,28.511270,77.383297,0.0,CNG,,14.9,0,706,23.5,1.36,,89.0,0.00,-3.91,13.4,0.0,0.0,0.00,ARMED,,12.5,1,
1791384709549,28.511270,77.383297,0.0,CNG,,14.9,0,709,22.7,1.06,,89.0,-1.56,-3.91,13.4,0.0,0.0,0.00,ARMED,,12.5,1,
1791384710463,28.511270,77.383297,0.0,CNG,,14.9,0,708,22.7,1.67,,89.0,-1.56,-3.91,13.5,0.0,0.0,0.00,ARMED,,12.5,1,
1791384711321,28.511270,77.383297,0.0,CNG,,14.9,0,717,22.7,2.00,,89.0,-1.56,-3.91,13.5,0.0,0.0,0.00,ARMED,,12.5,1,
1791384713259,28.511270,77.383297,0.0,CNG,,14.9,0,772,39.2,2.10,,89.0,0.00,-3.91,13.3,0.0,0.0,0.00,ARMED,,15.3,1,
1791384714158,28.511270,77.383297,0.0,CNG,,14.9,0,816,39.2,3.38,,89.0,0.00,-3.91,13.3,0.0,0.0,0.00,ARMED,,15.3,1,
1791384715006,28.511270,77.383297,0.0,CNG,,14.9,0,831,39.2,2.49,,89.0,0.00,-3.91,13.4,0.0,0.0,0.00,ARMED,,15.3,1,
1791384716938,28.511270,77.383297,0.0,CNG,,14.9,0,833,38.8,3.60,,89.0,2.34,-3.91,13.4,0.0,0.0,0.00,ARMED,,15.3,1,
1791384717816,28.511270,77.383297,0.0,CNG,,14.9,0,829,38.8,2.47,,89.0,2.34,-3.91,13.4,0.0,0.0,0.00,ARMED,,15.3,1,
1791384718626,28.511270,77.383297,0.0,CNG,,14.9,0,830,38.8,1.36,,89.0,2.34,-3.91,13.4,0.0,0.0,0.00,ARMED,,15.3,1,
1791384720800,28.511270,77.383297,0.0,CNG,,14.9,0,763,23.5,1.14,,89.0,3.91,-3.13,13.4,0.0,0.0,0.00,ARMED,,12.5,1,
1791384722238,28.511270,77.383297,0.0,CNG,,14.9,0,705,23.5,2.08,,89.0,3.91,-3.13,13.4,0.0,0.0,0.00,ARMED,,12.5,1,
1791384723138,28.511270,77.383297,0.0,CNG,,14.9,0,706,23.5,0.87,,89.0,3.91,-3.13,13.4,0.0,0.0,0.00,ARMED,,12.5,1,
1791384725034,28.511270,77.383297,0.0,CNG,,14.9,0,708,23.1,1.90,,89.0,-2.34,-2.34,13.4,0.0,0.0,0.00,ARMED,,12.5,1,
1791384725900,28.511270,77.383297,0.0,CNG,,14.9,0,702,23.1,0.84,,89.0,-2.34,-2.34,13.5,0.0,0.0,0.00,ARMED,,12.5,1,
1791384726813,28.511270,77.383297,0.0,CNG,,14.9,0,704,23.1,0.93,,89.0,-2.34,-2.34,13.5,0.0,0.0,0.00,ARMED,,12.5,1,
1791384728594,28.511270,77.383297,0.0,CNG,,14.9,0,709,36.9,1.85,,89.0,-1.56,-3.13,13.1,0.0,0.0,0.00,ARMED,,14.5,1,
1791384729407,28.511270,77.383297,0.0,CNG,,14.9,0,777,36.9,2.30,,89.0,-1.56,-3.13,13.1,0.0,0.0,0.00,ARMED,,14.5,1,
1791384730256,28.511270,77.383297,0.0,CNG,,14.9,0,803,36.9,2.41,,89.0,-1.56,-3.13,13.5,0.0,0.0,0.00,ARMED,,14.5,1,
1791384732094,28.511270,77.383297,0.0,CNG,,14.9,0,819,39.2,3.51,,89.0,1.56,-3.13,13.5,0.0,0.0,0.00,ARMED,,15.3,1,
1791384732904,28.511270,77.383297,0.0,CNG,,14.9,0,833,39.2,3.48,,89.0,1.56,-3.13,13.3,0.0,0.0,0.00,ARMED,,15.3,1,
1791384733712,28.511270,77.383297,0.0,CNG,,14.9,0,830,39.2,3.36,,89.0,1.56,-3.13,13.3,0.0,0.0,0.00,ARMED,,15.3,1,
1791384735551,28.511270,77.383297,0.0,CNG,,14.9,0,836,29.4,2.46,,89.0,2.34,-3.13,13.5,0.0,0.0,0.00,ARMED,,12.9,1,
1791384736333,28.511270,77.383297,0.0,CNG,,14.9,0,772,29.4,1.82,,89.0,2.34,-3.13,13.5,0.0,0.0,0.00,ARMED,,12.9,1,
1791384737182,28.511270,77.383297,0.0,CNG,,14.9,0,738,29.4,0.98,,89.0,2.34,-3.13,13.4,0.0,0.0,0.00,ARMED,,12.9,1,
1791384739132,28.511270,77.383297,0.0,CNG,,14.9,0,720,23.5,1.28,,89.0,0.78,-2.34,13.6,0.0,0.0,0.00,ARMED,,12.5,1,
1791384739947,28.511270,77.383297,0.0,CNG,,14.9,0,710,23.5,1.74,,89.0,0.78,-2.34,13.4,0.0,0.0,0.00,ARMED,,12.5,1,
1791384740741,28.511270,77.383297,0.0,CNG,,14.9,0,705,23.5,1.97,,89.0,0.78,-2.34,13.4,0.0,0.0,0.00,ARMED,,12.5,1,
1791384742511,28.511270,77.383296,0.0,CNG,,14.9,0,712,23.1,1.79,,89.0,-2.34,-2.34,13.5,0.0,0.0,0.00,ARMED,,12.5,1,
1791384743585,28.511270,77.383296,0.0,CNG,,14.9,0,704,23.1,1.74,,89.0,-2.34,-2.34,13.5,0.0,0.0,0.00,ARMED,,12.5,1,
1791384744482,28.511270,77.383296,0.0,CNG,,14.9,0,704,23.1,1.29,,89.0,-2.34,-2.34,13.5,0.0,0.0,0.00,ARMED,,12.5,1,
1791384746202,28.511270,77.383296,0.0,CNG,,14.9,0,741,38.0,2.41,,89.0,-1.56,-3.13,13.5,0.0,0.0,0.00,ARMED,,14.9,1,
1791384746985,28.511270,77.383296,0.0,CNG,,14.9,0,809,38.0,2.51,,89.0,-1.56,-3.13,13.4,0.0,0.0,0.00,ARMED,,14.9,1,
1791384747758,28.511270,77.383296,0.0,CNG,,14.9,0,819,38.0,3.41,,89.0,-1.56,-3.13,13.4,0.0,0.0,0.00,ARMED,,14.9,1,
1791384749474,28.511270,77.383296,0.0,CNG,,14.9,0,823,39.2,3.29,,89.0,1.56,-3.13,13.2,0.0,0.0,0.00,ARMED,,14.9,1,
1791384750249,28.511270,77.383296,0.0,CNG,,14.9,0,833,39.2,3.21,,89.0,1.56,-3.13,13.2,0.0,0.0,0.00,ARMED,,14.9,1,
1791384751054,28.511270,77.383296,0.0,CNG,,14.9,0,826,39.2,3.38,,89.0,1.56,-3.13,13.3,0.0,0.0,0.00,ARMED,,14.9,1,
1791384752719,28.511270,77.383296,0.0,CNG,,14.9,0,830,22.7,3.24,,89.0,-2.34,-3.13,13.3,0.0,0.0,0.00,ARMED,,12.9,1,
1791384753568,28.511270,77.383296,0.0,CNG,,14.9,0,737,22.7,2.12,,89.0,-2.34,-3.13,13.3,0.0,0.0,0.00,ARMED,,12.9,1,
1791384754329,28.511270,77.383296,0.0,CNG,,14.9,0,717,22.7,1.13,,89.0,-2.34,-3.13,13.3,0.0,0.0,0.00,ARMED,,12.9,1,
1791384756005,28.511270,77.383296,0.0,CNG,,14.9,0,708,23.5,1.24,,89.0,0.00,-3.13,13.3,0.0,0.0,0.00,ARMED,,12.5,1,
1791384756775,28.511270,77.383296,0.0,CNG,,14.9,0,713,23.5,1.99,,89.0,0.00,-3.13,13.3,0.0,0.0,0.00,ARMED,,12.5,1,
1791384757543,28.511270,77.383296,0.0,CNG,,14.9,0,709,23.5,0.90,,89.0,0.00,-3.13,13.3,0.0,0.0,0.00,ARMED,,12.5,1,
1791384759195,28.511270,77.383296,0.0,CNG,,14.9,0,708,23.1,1.30,,89.0,-0.78,-3.13,13.3,0.0,0.0,0.00,ARMED,,12.5,1,
1791384760008,28.511270,77.383296,0.0,CNG,,14.9,0,705,23.1,2.09,,89.0,-0.78,-3.13,13.5,0.0,0.0,0.00,ARMED,,12.5,1,
1791384760762,28.511271,77.383297,0.0,CNG,,14.9,0,698,23.1,0.81,,89.0,-0.78,-3.13,13.5,0.0,0.0,0.00,ARMED,,12.5,1,
1791384762467,28.511270,77.383301,0.0,CNG,,14.9,0,706,37.3,2.33,,89.0,1.56,-3.91,13.3,0.0,0.0,0.00,ARMED,,14.9,1,
1791384763188,28.511267,77.383302,0.0,CNG,,14.9,0,797,37.3,3.51,,89.0,1.56,-3.91,13.3,0.0,0.0,0.00,ARMED,,14.9,1,
1791384763982,28.511267,77.383308,0.0,CNG,,14.9,0,812,37.3,3.54,,89.0,1.56,-3.91,13.4,0.0,0.0,0.00,ARMED,,14.9,1,
1791384765720,28.511268,77.383312,0.0,CNG,,14.9,0,823,39.2,2.71,,89.0,1.56,-3.91,13.4,0.0,0.0,0.00,ARMED,,15.3,1,
1791384766561,28.511266,77.383315,0.0,CNG,,14.9,0,835,39.2,2.57,,89.0,1.56,-3.91,13.3,0.0,0.0,0.00,ARMED,,15.3,1,
1791384767386,28.511266,77.383315,0.0,CNG,,14.9,0,828,39.2,2.44,,89.0,1.56,-3.91,13.3,0.0,0.0,0.00,ARMED,,15.3,1,
1791384769044,28.511262,77.383319,0.0,CNG,,14.9,0,836,25.1,2.38,,89.0,0.00,-3.91,13.4,0.0,0.0,0.00,ARMED,,12.9,1,
1791384769787,28.511261,77.383318,0.0,CNG,,14.9,0,761,25.1,2.02,,89.0,0.00,-3.91,13.4,0.0,0.0,0.00,ARMED,,12.9,1,
1791384770564,28.511261,77.383319,0.0,CNG,,14.9,0,732,25.1,1.91,,89.0,0.00,-3.91,13.3,0.0,0.0,0.00,ARMED,,12.9,1,
1791384772331,28.511260,77.383319,0.0,CNG,,14.9,0,717,23.5,1.96,,89.0,1.56,-3.91,13.4,0.0,0.0,0.00,ARMED,,12.5,1,
1791384773142,28.511259,77.383318,0.0,CNG,,14.9,0,714,23.5,2.12,,89.0,1.56,-3.91,13.5,0.0,0.0,0.00,ARMED,,12.5,1,
1791384773915,28.511259,77.383317,0.0,CNG,,14.9,0,705,23.5,1.94,,89.0,1.56,-3.91,13.5,0.0,0.0,0.00,ARMED,,12.5,1,
1791384775557,28.511260,77.383315,0.0,CNG,,14.9,0,709,23.1,1.03,,89.0,-0.78,-3.13,13.5,0.0,0.0,0.00,ARMED,,12.5,1,
1791384776297,28.511260,77.383315,0.0,CNG,,14.9,0,705,23.1,1.32,,89.0,-0.78,-3.13,13.5,0.0,0.0,0.00,ARMED,,12.5,1,
1791384777136,28.511260,77.383315,0.0,CNG,,14.9,0,707,23.1,1.93,,89.0,-0.78,-3.13,13.4,0.0,0.0,0.00,ARMED,,12.5,1,
1791384778740,28.511261,77.383314,0.0,CNG,,14.9,0,706,36.9,3.35,,89.0,2.34,-3.91,13.4,0.0,0.0,0.00,ARMED,,14.5,1,
1791384779538,28.511261,77.383314,0.0,CNG,,14.9,0,787,36.9,3.30,,89.0,2.34,-3.91,13.3,0.0,0.0,0.00,ARMED,,14.5,1,
1791384780295,28.511261,77.383315,0.0,CNG,,14.9,0,809,36.9,3.33,,89.0,2.34,-3.91,13.3,0.0,0.0,0.00,ARMED,,14.5,1,
1791384781989,28.511262,77.383315,0.0,CNG,,14.9,0,818,39.2,3.48,,89.0,1.56,-3.91,13.2,0.0,0.0,0.00,ARMED,,15.3,1,
1791384782729,28.511262,77.383315,0.0,CNG,,14.9,0,831,39.2,2.76,,89.0,1.56,-3.91,13.2,0.0,0.0,0.00,ARMED,,15.3,1,
1791384783592,28.511262,77.383315,0.0,CNG,,14.9,0,836,39.2,3.31,,89.0,1.56,-3.91,13.3,0.0,0.0,0.00,ARMED,,15.3,1,
1791384785765,28.511262,77.383315,0.0,CNG,,14.9,0,835,24.3,3.11,,89.0,0.00,-3.91,13.3,0.0,0.0,0.00,ARMED,,12.9,1,
1791384786749,28.511262,77.383315,0.0,CNG,,14.9,0,754,24.3,1.05,,89.0,0.00,-3.91,13.4,0.0,0.0,0.00,ARMED,,12.9,1,
1791384787704,28.511262,77.383315,0.0,CNG,,14.9,0,725,24.3,1.02,,89.0,0.00,-3.91,13.4,0.0,0.0,0.00,ARMED,,12.9,1,
1791384789900,28.511262,77.383315,0.0,CNG,,14.9,0,713,23.5,1.53,,89.0,0.00,-3.91,13.4,0.0,0.0,0.00,ARMED,,12.5,1,
1791384790824,28.511262,77.383315,0.0,CNG,,14.9,0,702,23.5,0.88,,89.0,0.00,-3.91,13.4,0.0,0.0,0.00,ARMED,,12.5,1,
1791384791856,28.511262,77.383315,0.0,CNG,,14.9,0,712,23.5,0.83,,89.0,0.00,-3.91,13.3,0.0,0.0,0.00,ARMED,,12.5,1,
1791384793702,28.511262,77.383315,0.0,CNG,,14.9,0,702,22.7,1.83,,89.0,-1.56,-3.91,13.3,0.0,0.0,0.00,ARMED,,12.5,1,
1791384794481,28.511262,77.383315,0.0,CNG,,14.9,0,711,22.7,2.00,,89.0,-1.56,-3.91,13.4,0.0,0.0,0.00,ARMED,,12.5,1,
1791384795275,28.511262,77.383315,0.0,CNG,,14.9,0,723,22.7,1.89,,89.0,-1.56,-3.91,13.4,0.0,0.0,0.00,ARMED,,12.5,1,
1791384796988,28.511262,77.383315,0.0,CNG,,14.9,0,775,39.2,2.36,,89.0,0.00,-3.91,13.4,0.0,0.0,0.00,ARMED,,14.9,1,
1791384797784,28.511262,77.383315,0.0,CNG,,14.9,0,820,39.2,2.50,,89.0,0.00,-3.91,13.4,0.0,0.0,0.00,ARMED,,14.9,1,
1791384798532,28.511262,77.383315,0.0,CNG,,14.9,0,827,39.2,2.63,,89.0,0.00,-3.91,13.4,0.0,0.0,0.00,ARMED,,14.9,1,
1791384800270,28.511262,77.383315,0.0,CNG,,14.9,0,834,38.8,2.44,,89.0,1.56,-3.91,13.4,0.0,0.0,0.00,ARMED,,14.9,1,
1791384801116,28.511262,77.383315,0.0,CNG,,14.9,0,832,38.8,3.16,,89.0,1.56,-3.91,13.4,0.0,0.0,0.00,ARMED,,14.9,1,
1791384801854,28.511262,77.383315,0.0,CNG,,14.9,0,831,38.8,2.50,,89.0,1.56,-3.91,13.4,0.0,0.0,0.00,ARMED,,14.9,1,
1791384803609,28.511262,77.383315,0.0,CNG,,14.9,0,813,23.1,1.99,,89.0,-0.78,-3.91,13.4,0.0,0.0,0.00,ARMED,,12.5,1,
1791384804376,28.511262,77.383315,0.0,CNG,,14.9,0,726,23.1,1.95,,89.0,-0.78,-3.91,13.4,0.0,0.0,0.00,ARMED,,12.5,1,
1791384805142,28.511262,77.383315,0.0,CNG,,14.9,0,713,23.1,1.89,,89.0,-0.78,-3.91,13.4,0.0,0.0,0.00,ARMED,,12.5,1,
1791384806912,28.511262,77.383315,0.0,CNG,,14.9,0,714,23.1,1.96,,89.0,0.00,-3.91,13.6,0.0,0.0,0.00,ARMED,,12.5,1,
1791384807698,28.511262,77.383315,0.0,CNG,,14.9,0,708,23.1,1.78,,89.0,0.00,-3.91,13.6,0.0,0.0,0.00,ARMED,,12.5,1,
1791384808436,28.511262,77.383315,0.0,CNG,,14.9,0,708,23.1,1.84,,89.0,0.00,-3.91,13.6,0.0,0.0,0.00,ARMED,,12.5,1,
1791384810190,28.511262,77.383315,0.0,CNG,,14.9,0,707,22.7,0.90,,89.0,-0.78,-3.13,13.4,0.0,0.0,0.00,ARMED,,12.5,1,
1791384810969,28.511262,77.383315,0.0,CNG,,14.9,0,703,22.7,2.02,,89.0,-0.78,-3.13,13.4,0.0,0.0,0.00,ARMED,,12.5,1,
1791384811747,28.511262,77.383315,0.0,CNG,,14.9,0,723,22.7,3.15,,89.0,-0.78,-3.13,13.4,0.0,0.0,0.00,ARMED,,12.5,1,
1791384813411,28.511262,77.383315,0.0,CNG,,14.9,0,778,40.0,3.00,,89.0,0.00,-3.91,13.4,0.0,0.0,0.00,ARMED,,15.3,1,
1791384814221,28.511262,77.383315,0.0,CNG,,14.9,0,819,40.0,3.47,,89.0,0.00,-3.91,13.4,0.0,0.0,0.00,ARMED,,15.3,1,
1791384814960,28.511262,77.383315,0.0,CNG,,14.9,0,826,40.0,3.37,,89.0,0.00,-3.91,13.4,0.0,0.0,0.00,ARMED,,15.3,1,
1791384816646,28.511262,77.383315,0.0,CNG,,14.9,0,833,39.6,3.77,,89.0,0.78,-3.91,13.3,0.0,0.0,0.00,ARMED,,14.9,1,
1791384817378,28.511262,77.383315,0.0,CNG,,14.9,0,839,39.6,3.45,,89.0,0.78,-3.91,13.3,0.0,0.0,0.00,ARMED,,14.9,1,
1791384818149,28.511262,77.383315,0.0,CNG,,14.9,0,831,39.6,3.43,,89.0,0.78,-3.91,13.4,0.0,0.0,0.00,ARMED,,14.9,1,
1791384819756,28.511262,77.383315,0.0,CNG,,14.9,0,807,23.1,0.95,,89.0,-2.34,-3.91,13.4,0.0,0.0,0.00,ARMED,,12.9,1,
1791384820515,28.511262,77.383315,0.0,CNG,,14.9,0,730,23.1,1.65,,89.0,-2.34,-3.91,13.4,0.0,0.0,0.00,ARMED,,12.9,1,
1791384821324,28.511262,77.383315,0.0,CNG,,14.9,0,717,23.1,2.08,,89.0,-2.34,-3.91,13.4,0.0,0.0,0.00,ARMED,,12.9,1,
1791384823007,28.511262,77.383315,0.0,CNG,,14.9,0,711,23.1,1.59,,89.0,0.00,-3.13,13.4,0.0,0.0,0.00,ARMED,,12.5,1,
1791384823823,28.511262,77.383315,0.0,CNG,,14.9,0,707,23.1,1.35,,89.0,0.00,-3.13,13.4,0.0,0.0,0.00,ARMED,,12.5,1,
1791384824654,28.511262,77.383315,0.0,CNG,,14.9,0,703,23.1,0.87,,89.0,0.00,-3.13,13.6,0.0,0.0,0.00,ARMED,,12.5,1,
1791384826269,28.511262,77.383315,0.0,CNG,,14.9,0,706,22.7,1.81,,89.0,-0.78,-3.13,13.6,0.0,0.0,0.00,ARMED,,12.5,1,
1791384827040,28.511262,77.383315,0.0,CNG,,14.9,0,705,22.7,2.01,,89.0,-0.78,-3.13,13.6,0.0,0.0,0.00,ARMED,,12.5,1,
1791384827821,28.511262,77.383315,0.0,CNG,,14.9,0,699,22.7,1.94,,89.0,-0.78,-3.13,13.6,0.0,0.0,0.00,ARMED,,12.5,1,
1791384829449,28.511262,77.383315,0.0,CNG,,14.9,0,725,37.3,2.24,,89.0,0.00,-3.91,13.4,0.0,0.0,0.00,ARMED,,14.9,1,
1791384830189,28.511262,77.383315,0.0,CNG,,14.9,0,806,37.3,3.24,,89.0,0.00,-3.91,13.4,0.0,0.0,0.00,ARMED,,14.9,1,
1791384831018,28.511262,77.383315,0.0,CNG,,14.9,0,817,37.3,2.58,,89.0,0.00,-3.91,13.3,0.0,0.0,0.00,ARMED,,14.9,1,
1791384832647,28.511262,77.383315,0.0,CNG,,14.9,0,828,39.2,2.46,,89.0,1.56,-3.91,13.3,0.0,0.0,0.00,ARMED,,15.3,1,
1791384833505,28.511262,77.383315,0.0,CNG,,14.9,0,837,39.2,2.55,,89.0,1.56,-3.91,13.3,0.0,0.0,0.00,ARMED,,15.3,1,
1791384834297,28.511262,77.383315,0.0,CNG,,14.9,0,830,39.2,2.53,,89.0,1.56,-3.91,13.3,0.0,0.0,0.00,ARMED,,15.3,1,
1791384835932,28.511262,77.383315,0.0,CNG,,14.9,0,833,24.7,3.48,,89.0,2.34,-3.13,13.5,0.0,0.0,0.00,ARMED,,12.9,1,
1791384836708,28.511262,77.383315,0.0,CNG,,14.9,0,758,24.7,1.09,,89.0,2.34,-3.13,13.5,0.0,0.0,0.00,ARMED,,12.9,1,
1791384837490,28.511262,77.383315,0.0,CNG,,14.9,0,728,24.7,2.24,,89.0,2.34,-3.13,13.5,0.0,0.0,0.00,ARMED,,12.9,1,
1791384839335,28.511262,77.383315,0.0,CNG,,14.9,0,715,23.5,1.82,,89.0,0.00,-1.56,13.4,0.0,0.0,0.00,ARMED,,12.5,1,
1791384840098,28.511262,77.383315,0.0,CNG,,14.9,0,710,23.5,0.89,,89.0,0.00,-1.56,13.3,0.0,0.0,0.00,ARMED,,12.5,1,
1791384840830,28.511262,77.383315,0.0,CNG,,14.9,0,702,23.5,1.37,,89.0,0.00,-1.56,13.3,0.0,0.0,0.00,ARMED,,12.5,1,
1791384842535,28.511262,77.383315,0.0,CNG,,14.9,0,704,22.7,2.11,,89.0,-2.34,-1.56,13.4,0.0,0.0,0.00,ARMED,,12.5,1,
1791384843287,28.511262,77.383315,0.0,CNG,,14.9,0,707,22.7,2.07,,89.0,-2.34,-1.56,13.4,0.0,0.0,0.00,ARMED,,12.5,1,
1791384844067,28.511262,77.383315,0.0,CNG,,14.9,0,709,22.7,1.05,,89.0,-2.34,-1.56,13.4,0.0,0.0,0.00,ARMED,,12.5,1,
1791384845766,28.511262,77.383315,0.0,CNG,,14.9,0,708,36.9,2.17,,89.0,0.00,-3.13,13.4,0.0,0.0,0.00,ARMED,,14.5,1,
1791384846569,28.511262,77.383315,0.0,CNG,,14.9,0,797,36.9,2.38,,89.0,0.00,-3.13,13.4,0.0,0.0,0.00,ARMED,,14.5,1,
1791384847360,28.511262,77.383315,0.0,CNG,,14.9,0,810,36.9,3.44,,89.0,0.00,-3.13,13.4,0.0,0.0,0.00,ARMED,,14.5,1,
1791384849160,28.511262,77.383315,0.0,CNG,,14.9,0,822,39.2,3.38,,89.0,1.56,-3.13,13.4,0.0,0.0,0.00,ARMED,,15.3,1,
1791384849969,28.511262,77.383315,0.0,CNG,,14.9,0,833,39.2,2.53,,89.0,1.56,-3.13,13.4,0.0,0.0,0.00,ARMED,,15.3,1,
1791384850767,28.511262,77.383315,0.0,CNG,,14.9,0,836,39.2,2.46,,89.0,1.56,-3.13,13.4,0.0,0.0,0.00,ARMED,,15.3,1,
1791384852448,28.511262,77.383315,0.0,CNG,,14.9,0,834,23.5,2.46,,89.0,1.56,-3.13,13.4,0.0,0.0,0.00,ARMED,,12.9,1,
1791384853253,28.511262,77.383315,0.0,CNG,,14.9,0,759,23.5,1.87,,89.0,1.56,-3.13,13.5,0.0,0.0,0.00,ARMED,,12.9,1,
1791384853999,28.511262,77.383315,0.0,CNG,,14.9,0,732,23.5,0.95,,89.0,1.56,-3.13,13.5,0.0,0.0,0.00,ARMED,,12.9,1,
1791384855602,28.511262,77.383315,0.0,CNG,,14.9,0,713,23.1,1.09,,89.0,0.78,-2.34,13.3,0.0,0.0,0.00,ARMED,,12.5,1,
1791384856385,28.511262,77.383315,0.0,CNG,,14.9,0,712,23.1,1.45,,89.0,0.78,-2.34,13.3,0.0,0.0,0.00,ARMED,,12.5,1,
1791384857136,28.511262,77.383315,0.0,CNG,,14.9,0,707,23.1,2.01,,89.0,0.78,-2.34,13.4,0.0,0.0,0.00,ARMED,,12.5,1,
1791384858789,28.511262,77.383315,0.0,CNG,,14.9,0,703,22.7,0.83,,89.0,-1.56,-2.34,13.4,0.0,0.0,0.00,ARMED,,12.5,1,
1791384859571,28.511262,77.383315,0.0,CNG,,14.9,0,709,22.7,0.76,,89.0,-1.56,-2.34,13.3,0.0,0.0,0.00,ARMED,,12.5,1,
1791384860295,28.511262,77.383315,0.0,CNG,,14.9,0,705,22.7,0.85,,89.0,-1.56,-2.34,13.3,0.0,0.0,0.00,ARMED,,12.5,1,
1791384861951,28.511262,77.383315,0.0,CNG,,14.9,0,700,36.1,1.70,,89.0,-0.78,-3.13,13.3,0.0,0.0,0.00,ARMED,,14.9,1,
1791384862767,28.511262,77.383315,0.0,CNG,,14.9,0,779,36.1,2.66,,89.0,-0.78,-3.13,13.3,0.0,0.0,0.00,ARMED,,14.9,1,
1791384863596,28.511263,77.383315,0.0,CNG,,14.9,0,804,36.1,2.79,,89.0,-0.78,-3.13,13.4,0.0,0.0,0.00,ARMED,,14.9,1,
1791384865215,28.511263,77.383315,0.0,CNG,,14.9,0,815,39.2,2.43,,89.0,1.56,-3.13,13.4,0.0,0.0,0.00,ARMED,,15.3,1,
1791384865978,28.511263,77.383316,0.0,CNG,,14.9,0,831,39.2,3.05,,89.0,1.56,-3.13,13.2,0.0,0.0,0.00,ARMED,,15.3,1,
1791384866753,28.511263,77.383316,0.0,CNG,,14.9,0,837,39.2,3.16,,89.0,1.56,-3.13,13.2,0.0,0.0,0.00,ARMED,,15.3,1,
1791384868418,28.511264,77.383316,0.0,CNG,,14.9,0,831,38.4,2.62,,89.0,0.00,-3.13,13.5,0.0,0.0,0.00,ARMED,,14.9,1,
1791384869171,28.511263,77.383316,0.0,CNG,,14.9,0,831,38.4,0.77,,89.0,0.00,-3.13,13.5,0.0,0.0,0.00,ARMED,,14.9,1,
1791384869957,28.511264,77.383316,0.0,CNG,,14.9,0,770,38.4,2.13,,89.0,0.00,-3.13,13.5,0.0,0.0,0.00,ARMED,,14.9,1,
1791384871733,28.511264,77.383315,0.0,CNG,,14.9,0,731,23.1,1.04,,89.0,3.13,-3.13,13.4,0.0,0.0,0.00,ARMED,,12.5,1,
1791384872530,28.511264,77.383315,0.0,CNG,,14.9,0,706,23.1,1.20,,89.0,3.13,-3.13,13.6,0.0,0.0,0.00,ARMED,,12.5,1,
1791384873323,28.511264,77.383315,0.0,CNG,,14.9,0,705,23.1,1.82,,89.0,3.13,-3.13,13.6,0.0,0.0,0.00,ARMED,,12.5,1,
1791384875021,28.511264,77.383315,0.0,CNG,,14.9,0,704,22.7,1.82,,89.0,-0.78,-3.13,13.4,0.0,0.0,0.00,ARMED,,12.5,1,
1791384875746,28.511264,77.383315,0.0,CNG,,14.9,0,709,22.7,1.17,,89.0,-0.78,-3.13,13.4,0.0,0.0,0.00,ARMED,,12.5,1,
1791384876518,28.511264,77.383315,0.0,CNG,,14.9,0,700,22.7,1.90,,89.0,-0.78,-3.13,13.5,0.0,0.0,0.00,ARMED,,12.5,1,
1791384878215,28.511264,77.383315,0.0,CNG,,14.9,0,701,22.4,0.76,,89.0,-0.78,-3.13,13.5,0.0,0.0,0.00,ARMED,,12.5,1,
1791384879043,28.511264,77.383315,0.0,CNG,,14.9,0,703,22.4,1.09,,89.0,-0.78,-3.13,13.3,0.0,0.0,0.00,ARMED,,12.5,1,
1791384879834,28.511264,77.383315,0.0,CNG,,14.9,0,693,22.4,2.57,,89.0,-0.78,-3.13,13.3,0.0,0.0,0.00,ARMED,,12.5,1,
1791384881497,28.511264,77.383315,0.0,CNG,,14.9,0,769,38.8,2.07,,89.0,-0.78,-3.91,13.4,0.0,0.0,0.00,ARMED,,14.9,1,
1791384882329,28.511264,77.383315,0.0,CNG,,14.9,0,812,38.8,2.50,,89.0,-0.78,-3.91,13.4,0.0,0.0,0.00,ARMED,,14.9,1,
1791384883134,28.511264,77.383315,0.0,CNG,,14.9,0,827,38.8,2.42,,89.0,-0.78,-3.91,13.2,0.0,0.0,0.00,ARMED,,14.9,1,
1791384884808,28.511263,77.383316,0.0,CNG,,14.9,0,838,38.8,3.41,,89.0,1.56,-3.91,13.2,0.0,0.0,0.00,ARMED,,14.9,1,
1791384885619,28.511264,77.383316,0.0,CNG,,14.9,0,836,38.8,3.38,,89.0,1.56,-3.91,13.5,0.0,0.0,0.00,ARMED,,14.9,1,
1791384886441,28.511264,77.383316,0.0,CNG,,14.9,0,839,38.8,3.17,,89.0,1.56,-3.91,13.5,0.0,0.0,0.00,ARMED,,14.9,1,
1791384888319,28.511264,77.383317,0.0,CNG,,14.9,0,827,22.7,1.35,,89.0,-3.13,-3.91,13.5,0.0,0.0,0.00,ARMED,,12.5,1,
1791384889119,28.511264,77.383317,0.0,CNG,,14.9,0,730,22.7,1.68,,89.0,-3.13,-3.91,13.5,0.0,0.0,0.00,ARMED,,12.5,1,
1791384889997,28.511264,77.383317,0.0,CNG,,14.9,0,716,22.7,1.89,,89.0,-3.13,-3.91,13.6,0.0,0.0,0.00,ARMED,,12.5,1,
1791384891886,28.511264,77.383317,0.0,CNG,,14.9,0,712,22.7,1.70,,89.0,0.00,-3.13,13.6,0.0,0.0,0.00,ARMED,,12.5,1,
1791384892836,28.511264,77.383317,0.0,CNG,,14.9,0,704,22.7,1.07,,89.0,0.00,-3.13,13.2,0.0,0.0,0.00,ARMED,,12.5,1,
1791384893720,28.511264,77.383317,0.0,CNG,,14.9,0,708,22.7,2.05,,89.0,0.00,-3.13,13.2,0.0,0.0,0.00,ARMED,,12.5,1,
1791384895766,28.511264,77.383317,0.0,CNG,,14.9,0,708,22.4,2.03,,89.0,-0.78,-3.91,13.5,0.0,0.0,0.00,ARMED,,12.5,1,
1791384896695,28.511264,77.383317,0.0,CNG,,14.9,0,705,22.4,1.60,,89.0,-0.78,-3.91,13.5,0.0,0.0,0.00,ARMED,,12.5,1,
1791384897621,28.511264,77.383317,0.0,CNG,,14.9,0,704,22.4,3.20,,89.0,-0.78,-3.91,13.5,0.0,0.0,0.00,ARMED,,12.5,1,
1791384899656,28.511264,77.383317,0.0,CNG,,14.9,0,767,39.2,2.37,,89.0,0.00,-3.91,13.5,0.0,0.0,0.00,ARMED,,15.3,1,
1791384900581,28.511264,77.383317,0.0,CNG,,14.9,0,819,39.2,3.18,,89.0,0.00,-3.91,13.3,0.0,0.0,0.00,ARMED,,15.3,1,
1791384901495,28.511264,77.383317,0.0,CNG,,14.9,0,832,39.2,3.19,,89.0,0.00,-3.91,13.3,0.0,0.0,0.00,ARMED,,15.3,1,
1791384903478,28.511264,77.383317,0.0,CNG,,14.9,0,841,38.4,2.42,,89.0,0.78,-3.91,13.3,0.0,0.0,0.00,ARMED,,14.9,1,
1791384904360,28.511264,77.383317,0.0,CNG,,14.9,0,837,38.4,3.42,,89.0,0.78,-3.91,13.3,0.0,0.0,0.00,ARMED,,14.9,1,
1791384905330,28.511264,77.383317,0.0,CNG,,14.9,0,824,38.4,0.85,,89.0,0.78,-3.91,13.5,0.0,0.0,0.00,ARMED,,14.9,1,
1791384907378,28.511264,77.383317,0.0,CNG,,14.9,0,747,23.5,1.03,,89.0,3.91,-3.91,13.3,0.0,0.0,0.00,ARMED,,12.5,1,
1791384908326,28.511264,77.383317,0.0,CNG,,14.9,0,703,23.5,1.65,,89.0,3.91,-3.91,13.3,0.0,0.0,0.00,ARMED,,12.5,1,
1791384909244,28.511264,77.383317,0.0,CNG,,14.9,0,716,23.5,1.92,,89.0,3.91,-3.91,13.3,0.0,0.0,0.00,ARMED,,12.5,1,
1791384911205,28.511264,77.383317,0.0,CNG,,14.9,0,707,22.7,2.00,,89.0,-0.78,-3.13,13.5,0.0,0.0,0.00,ARMED,,12.5,1,
1791384912120,28.511264,77.383317,0.0,CNG,,14.9,0,708,22.7,1.86,,89.0,-0.78,-3.13,13.5,0.0,0.0,0.00,ARMED,,12.5,1,
1791384913033,28.511264,77.383317,0.0,CNG,,14.9,0,707,22.7,2.07,,89.0,-0.78,-3.13,13.5,0.0,0.0,0.00,ARMED,,12.5,1,
1791384915007,28.511264,77.383317,0.0,CNG,,14.9,0,708,28.2,1.81,,89.0,0.00,-3.91,13.5,0.0,0.0,0.00,ARMED,,14.5,1,
1791384915962,28.511264,77.383317,0.0,CNG,,14.9,0,750,28.2,2.20,,89.0,0.00,-3.91,13.1,0.0,0.0,0.00,ARMED,,14.5,1,
1791384916889,28.511264,77.383317,0.0,CNG,,14.9,0,794,28.2,2.41,,89.0,0.00,-3.91,13.1,0.0,0.0,0.00,ARMED,,14.5,1,
1791384918826,28.511264,77.383317,0.0,CNG,,14.9,0,816,39.2,2.65,,89.0,2.34,-3.91,13.3,0.0,0.0,0.00,ARMED,,15.3,1,
1791384919740,28.511264,77.383317,0.0,CNG,,14.9,0,839,39.2,3.50,,89.0,2.34,-3.91,13.3,0.0,0.0,0.00,ARMED,,15.3,1,
1791384920580,28.511264,77.383317,0.0,CNG,,14.9,0,838,39.2,3.44,,89.0,2.34,-3.91,13.4,0.0,0.0,0.00,ARMED,,15.3,1,
1791384922221,28.511264,77.383317,0.0,CNG,,14.9,0,840,38.4,2.94,,89.0,0.00,-3.91,13.4,0.0,0.0,0.00,ARMED,,14.9,1,
1791384923023,28.511264,77.383317,0.0,CNG,,14.9,0,798,38.4,1.12,,89.0,0.00,-3.91,13.5,0.0,0.0,0.00,ARMED,,14.9,1,
1791384923774,28.511264,77.383317,0.0,CNG,,14.9,0,748,38.4,1.56,,89.0,0.00,-3.91,13.5,0.0,0.0,0.00,ARMED,,14.9,1,
1791384925465,28.511264,77.383317,0.0,CNG,,14.9,0,726,23.1,1.34,,89.0,2.34,-3.91,13.5,0.0,0.0,0.00,ARMED,,12.5,1,
1791384926242,28.511264,77.383317,0.0,CNG,,14.9,0,710,23.1,2.03,,89.0,2.34,-3.91,13.5,0.0,0.0,0.00,ARMED,,12.5,1,
1791384927003,28.511264,77.383317,0.0,CNG,,14.9,0,711,23.1,1.36,,89.0,2.34,-3.91,13.6,0.0,0.0,0.00,ARMED,,12.5,1,
1791384928653,28.511264,77.383318,0.0,CNG,,14.9,0,706,22.7,0.89,,89.0,-0.78,-3.13,13.6,0.0,0.0,0.00,ARMED,,12.5,1,
1791384929485,28.511264,77.383318,0.0,CNG,,14.9,0,699,22.7,0.82,,89.0,-0.78,-3.13,13.3,0.0,0.0,0.00,ARMED,,12.5,1,
1791384930281,28.511264,77.383318,0.0,CNG,,14.9,0,703,22.7,0.77,,89.0,-0.78,-3.13,13.3,0.0,0.0,0.00,ARMED,,12.5,1,
1791384931941,28.511264,77.383318,0.0,CNG,,14.9,0,704,22.4,1.78,,89.0,-0.78,-3.91,13.6,0.0,0.0,0.00,ARMED,,12.5,1,
1791384932676,28.511264,77.383318,0.0,CNG,,14.9,0,710,22.4,2.31,,89.0,-0.78,-3.91,13.6,0.0,0.0,0.00,ARMED,,12.5,1,
1791384933494,28.511264,77.383318,0.0,CNG,,14.9,0,777,22.4,2.17,,89.0,-0.78,-3.91,13.3,0.0,0.0,0.00,ARMED,,12.5,1,
1791384935132,28.511264,77.383318,0.0,CNG,,14.9,0,797,39.2,3.30,,89.0,1.56,-3.91,13.3,0.0,0.0,0.00,ARMED,,15.3,1,
1791384935916,28.511264,77.383318,0.0,CNG,,14.9,0,827,39.2,2.77,,89.0,1.56,-3.91,13.4,0.0,0.0,0.00,ARMED,,15.3,1,
1791384936647,28.511264,77.383318,0.0,CNG,,14.9,0,838,39.2,3.44,,89.0,1.56,-3.91,13.4,0.0,0.0,0.00,ARMED,,15.3,1,
1791384938363,28.511264,77.383318,0.0,CNG,,14.9,0,847,38.8,3.03,,89.0,0.78,-3.91,13.5,0.0,0.0,0.00,ARMED,,14.9,1,
1791384939137,28.511264,77.383318,0.0,CNG,,14.9,0,837,38.8,2.35,,89.0,0.78,-3.91,13.5,0.0,0.0,0.00,ARMED,,14.9,1,
1791384939896,28.511264,77.383318,0.0,CNG,,14.9,0,833,38.8,2.58,,89.0,0.78,-3.91,13.4,0.0,0.0,0.00,ARMED,,14.9,1,
1791384941902,28.511264,77.383318,0.0,CNG,,14.9,0,772,23.1,1.14,,89.0,3.91,-3.91,13.4,0.0,0.0,0.00,ARMED,,12.5,1,
1791384942760,28.511264,77.383318,0.0,CNG,,14.9,0,718,23.1,2.12,,89.0,3.91,-3.91,13.5,0.0,0.0,0.00,ARMED,,12.5,1,
1791384943696,28.511264,77.383318,0.0,CNG,,14.9,0,712,23.1,1.87,,89.0,3.91,-3.91,13.5,0.0,0.0,0.00,ARMED,,12.5,1,
1791384945714,28.511264,77.383318,0.0,CNG,,14.9,0,713,22.7,1.73,,89.0,-1.56,-2.34,13.3,0.0,0.0,0.00,ARMED,,12.5,1,
1791384946586,28.511264,77.383318,0.0,CNG,,14.9,0,703,22.7,0.78,,89.0,-1.56,-2.34,13.3,0.0,0.0,0.00,ARMED,,12.5,1,
1791384947528,28.511264,77.383318,0.0,CNG,,14.9,0,704,22.7,1.72,,89.0,-1.56,-2.34,13.5,0.0,0.0,0.00,ARMED,,12.5,1,
1791384949528,28.511264,77.383318,0.0,CNG,,14.9,0,705,22.4,1.87,,89.0,-0.78,-3.13,13.5,0.0,0.0,0.00,ARMED,,12.5,1,
1791384950477,28.511264,77.383318,0.0,CNG,,14.9,0,700,22.4,1.86,,89.0,-0.78,-3.13,13.3,0.0,0.0,0.00,ARMED,,12.5,1,
1791384951399,28.511264,77.383318,0.0,CNG,,14.9,0,776,22.4,2.88,,89.0,-0.78,-3.13,13.3,0.0,0.0,0.00,ARMED,,12.5,1,
1791384953369,28.511264,77.383318,0.0,CNG,,14.9,0,811,39.2,2.73,,89.0,1.56,-3.13,13.5,0.0,0.0,0.00,ARMED,,15.3,1,
1791384954228,28.511264,77.383318,0.0,CNG,,14.9,0,836,39.2,3.53,,89.0,1.56,-3.13,13.5,0.0,0.0,0.00,ARMED,,15.3,1,
1791384955121,28.511264,77.383318,0.0,CNG,,14.9,0,836,39.2,3.08,,89.0,1.56,-3.13,13.3,0.0,0.0,0.00,ARMED,,15.3,1,
1791384957171,28.511264,77.383318,0.0,CNG,,14.9,0,843,38.4,2.43,,89.0,0.78,-3.13,13.3,0.0,0.0,0.00,ARMED,,14.5,1,
1791384958138,28.511264,77.383318,0.0,CNG,,14.9,0,772,38.4,1.16,,89.0,0.78,-3.13,13.3,0.0,0.0,0.00,ARMED,,14.5,1,
1791384959076,28.511264,77.383318,0.0,CNG,,14.9,0,737,38.4,2.04,,89.0,0.78,-3.13,13.3,0.0,0.0,0.00,ARMED,,14.5,1,
1791384960965,28.511264,77.383318,0.0,CNG,,14.9,0,719,23.1,2.00,,89.0,0.78,-3.13,13.4,0.0,0.0,0.00,ARMED,,12.5,1,
1791384961938,28.511264,77.383318,0.0,CNG,,14.9,0,707,23.1,1.66,,90.0,0.78,-3.13,13.4,0.0,0.0,0.00,ARMED,,12.5,1,
1791384962835,28.511264,77.383318,0.0,CNG,,14.9,0,710,23.1,1.51,,90.0,0.78,-3.13,13.4,0.0,0.0,0.00,ARMED,,12.5,1,
1791384964699,28.511264,77.383318,0.0,CNG,,14.9,0,709,22.4,2.02,,90.0,-0.78,-3.13,13.4,0.0,0.0,0.00,ARMED,,12.5,1,
1791384965659,28.511264,77.383318,0.0,CNG,,14.9,0,707,22.4,1.20,,90.0,-0.78,-3.13,13.6,0.0,0.0,0.00,ARMED,,12.5,1,
1791384966597,28.511264,77.383318,0.0,CNG,,14.9,0,705,22.4,0.73,,90.0,-0.78,-3.13,13.6,0.0,0.0,0.00,ARMED,,12.5,1,
1791384968577,28.511264,77.383318,0.0,CNG,,14.9,0,701,36.9,3.53,,90.0,3.13,-3.91,13.3,0.0,0.0,0.00,ARMED,,14.5,1,
1791384969499,28.511264,77.383318,0.0,CNG,,14.9,0,799,36.9,3.47,,89.0,3.13,-3.91,13.3,0.0,0.0,0.00,ARMED,,14.5,1,
1791384970444,28.511264,77.383318,0.0,CNG,,14.9,0,822,36.9,2.56,,89.0,3.13,-3.91,13.2,0.0,0.0,0.00,ARMED,,14.5,1,
1791384972428,28.511264,77.383318,0.0,CNG,,14.9,0,829,38.8,3.30,,89.0,1.56,-3.91,13.2,0.0,0.0,0.00,ARMED,,14.9,1,
1791384973367,28.511264,77.383318,0.0,CNG,,14.9,0,839,38.8,3.36,,89.0,1.56,-3.91,13.4,0.0,0.0,0.00,ARMED,,14.9,1,
1791384974280,28.511264,77.383318,0.0,CNG,,14.9,0,839,38.8,3.44,,89.0,1.56,-3.91,13.4,0.0,0.0,0.00,ARMED,,14.9,1,
1791384976161,28.511264,77.383318,0.0,CNG,,14.9,0,816,22.7,1.19,,89.0,0.00,-3.91,13.6,0.0,0.0,0.00,ARMED,,12.5,1,
1791384976920,28.511264,77.383318,0.0,CNG,,14.9,0,727,22.7,2.02,,89.0,0.00,-3.91,13.6,0.0,0.0,0.00,ARMED,,12.5,1,
1791384977696,28.511264,77.383318,0.0,CNG,,14.9,0,701,22.7,1.70,,89.0,0.00,-3.91,13.5,0.0,0.0,0.00,ARMED,,12.5,1,
1791384979447,28.511264,77.383318,0.0,CNG,,14.9,0,714,22.7,0.86,,90.0,0.00,-3.13,13.6,0.0,0.0,0.00,ARMED,,12.5,1,
1791384980227,28.511264,77.383318,0.0,CNG,,14.9,0,709,22.7,1.20,,90.0,0.00,-3.13,13.4,0.0,0.0,0.00,ARMED,,12.5,1,
1791384980971,28.511264,77.383318,0.0,CNG,,14.9,0,710,22.7,0.82,,90.0,0.00,-3.13,13.4,0.0,0.0,0.00,ARMED,,12.5,1,
1791384982642,28.511264,77.383318,0.0,CNG,,14.9,0,708,22.7,1.92,,90.0,-0.78,-3.13,13.5,0.0,0.0,0.00,ARMED,,12.5,1,
1791384983393,28.511264,77.383318,0.0,CNG,,14.9,0,707,22.7,1.65,,89.0,-0.78,-3.13,13.5,0.0,0.0,0.00,ARMED,,12.5,1,
1791384984149,28.511264,77.383318,0.0,CNG,,14.9,0,705,22.7,0.76,,89.0,-0.78,-3.13,13.5,0.0,0.0,0.00,ARMED,,12.5,1,
1791384985858,28.511264,77.383318,0.0,CNG,,14.9,0,706,36.9,2.98,,89.0,1.56,-3.91,13.5,0.0,0.0,0.00,ARMED,,14.9,1,
1791384986647,28.511264,77.383318,0.0,CNG,,14.9,0,796,36.9,3.40,,89.0,1.56,-3.91,13.4,0.0,0.0,0.00,ARMED,,14.9,1,
1791384987409,28.511264,77.383318,0.0,CNG,,14.9,0,817,36.9,2.46,,89.0,1.56,-3.91,13.4,0.0,0.0,0.00,ARMED,,14.9,1,
1791384989126,28.511264,77.383318,0.0,CNG,,14.9,0,831,39.2,3.07,,89.0,1.56,-3.91,13.3,0.0,0.0,0.00,ARMED,,15.3,1,
1791384989938,28.511264,77.383318,0.0,CNG,,14.9,0,841,39.2,3.46,,89.0,1.56,-3.91,13.3,0.0,0.0,0.00,ARMED,,15.3,1,
1791384990715,28.511264,77.383318,0.0,CNG,,14.9,0,842,39.2,2.85,,89.0,1.56,-3.91,13.4,0.0,0.0,0.00,ARMED,,15.3,1,
1791384992413,28.511264,77.383318,0.0,CNG,,14.9,0,837,25.5,2.37,,89.0,0.78,-3.91,13.4,0.0,0.0,0.00,ARMED,,12.9,1,
1791384993230,28.511264,77.383318,0.0,CNG,,14.9,0,766,25.5,1.10,,89.0,0.78,-3.91,13.4,0.0,0.0,0.00,ARMED,,12.9,1,
1791384994008,28.511264,77.383318,0.0,CNG,,14.9,0,726,25.5,1.00,,89.0,0.78,-3.91,13.4,0.0,0.0,0.00,ARMED,,12.9,1,
1791384995721,28.511264,77.383318,0.0,CNG,,14.9,0,720,23.1,1.79,,89.0,0.00,-3.91,13.6,0.0,0.0,0.00,ARMED,,12.5,1,
1791384996452,28.511264,77.383318,0.0,CNG,,14.9,0,716,23.1,1.91,,90.0,0.00,-3.91,13.6,0.0,0.0,0.00,ARMED,,12.5,1,
1791384997221,28.511264,77.383318,0.0,CNG,,14.9,0,709,23.1,2.06,,90.0,0.00,-3.91,13.5,0.0,0.0,0.00,ARMED,,12.5,1,
1791384998813,28.511264,77.383319,0.0,CNG,,14.9,0,702,22.7,1.40,,90.0,-0.78,-3.13,13.5,0.0,0.0,0.00,ARMED,,12.5,1,
1791384999570,28.511264,77.383319,0.0,CNG,,14.9,0,709,22.7,1.02,,90.0,-0.78,-3.13,13.6,0.0,0.0,0.00,ARMED,,12.5,1,
1791385000330,28.511264,77.383319,0.0,CNG,,14.9,0,705,22.7,1.02,,90.0,-0.78,-3.13,13.6,0.0,0.0,0.00,ARMED,,12.5,1,
1791385001969,28.511264,77.383319,0.0,CNG,,14.9,0,705,22.4,0.82,,90.0,-0.78,-3.91,13.4,0.0,0.0,0.00,ARMED,,16.5,1,
1791385002771,28.511264,77.383319,0.0,CNG,,14.9,0,720,22.4,2.26,,90.0,-0.78,-3.91,13.4,0.0,0.0,0.00,ARMED,,16.5,1,
1791385003549,28.511264,77.383319,0.0,CNG,,14.9,0,776,22.4,3.18,,90.0,-0.78,-3.91,13.4,0.0,0.0,0.00,ARMED,,16.5,1,
1791385005147,28.511264,77.383319,0.0,CNG,,14.9,0,808,39.2,2.43,,89.0,1.56,-3.91,13.4,0.0,0.0,0.00,ARMED,,15.3,1,
1791385005988,28.511264,77.383319,0.0,CNG,,14.9,0,831,39.2,2.46,,89.0,1.56,-3.91,13.2,0.0,0.0,0.00,ARMED,,15.3,1,
1791385006737,28.511264,77.383319,0.0,CNG,,14.9,0,838,39.2,3.51,,89.0,1.56,-3.91,13.2,0.0,0.0,0.00,ARMED,,15.3,1,
1791385008396,28.511264,77.383319,0.0,CNG,,14.9,0,845,38.4,3.35,,89.0,0.78,-3.91,13.4,0.0,0.0,0.00,ARMED,,14.9,1,
1791385009154,28.511264,77.383319,0.0,CNG,,14.9,0,838,38.4,3.39,,89.0,0.78,-3.91,13.4,0.0,0.0,0.00,ARMED,,14.9,1,
1791385009911,28.511264,77.383319,0.0,CNG,,14.9,0,811,38.4,2.01,,89.0,0.78,-3.91,13.4,0.0,0.0,0.00,ARMED,,14.9,1,
1791385011709,28.511264,77.383319,0.0,CNG,,14.9,0,754,23.1,1.36,,89.0,3.91,-3.91,13.5,0.0,0.0,0.00,ARMED,,12.5,1,
1791385012447,28.511264,77.383319,0.0,CNG,,14.9,0,708,23.1,1.10,,89.0,3.91,-3.91,13.4,0.0,0.0,0.00,ARMED,,12.5,1,
1791385013201,28.511264,77.383319,0.0,CNG,,14.9,0,712,23.1,1.00,,90.0,3.91,-3.91,13.4,0.0,0.0,0.00,ARMED,,12.5,1,
1791385014860,28.511264,77.383319,0.0,CNG,,14.9,0,700,23.1,0.95,,90.0,0.00,-3.13,13.4,0.0,0.0,0.00,ARMED,,12.5,1,
1791385015683,28.511264,77.383319,0.0,CNG,,14.9,0,705,23.1,2.08,,90.0,0.00,-3.13,13.4,0.0,0.0,0.00,ARMED,,12.5,1,
1791385016475,28.511264,77.383319,0.0,CNG,,14.9,0,707,23.1,2.06,,90.0,0.00,-3.13,13.5,0.0,0.0,0.00,ARMED,,12.5,1,
1791385018096,28.511264,77.383319,0.0,CNG,,14.9,0,709,22.4,1.96,,89.0,-0.78,-3.91,13.5,0.0,0.0,0.00,ARMED,,12.5,1,
1791385018851,28.511264,77.383319,0.0,CNG,,14.9,0,702,22.4,1.59,,89.0,-0.78,-3.91,13.5,0.0,0.0,0.00,ARMED,,12.5,1,
1791385019610,28.511264,77.383319,0.0,CNG,,14.9,0,704,22.4,1.32,,89.0,-0.78,-3.91,13.5,0.0,0.0,0.00,ARMED,,12.5,1,
1791385021400,28.511264,77.383319,0.0,CNG,,14.9,0,736,38.0,2.66,,89.0,-1.56,-3.91,13.4,0.0,0.0,0.00,ARMED,,14.9,1,
1791385022151,28.511264,77.383319,0.0,CNG,,14.9,0,817,38.0,3.38,,89.0,-1.56,-3.91,13.4,0.0,0.0,0.00,ARMED,,14.9,1,
1791385022898,28.511264,77.383319,0.0,CNG,,14.9,0,830,38.0,3.47,,89.0,-1.56,-3.91,13.2,0.0,0.0,0.00,ARMED,,14.9,1,
1791385024478,28.511264,77.383319,0.0,CNG,,14.9,0,834,38.8,2.89,,89.0,1.56,-3.91,13.2,0.0,0.0,0.00,ARMED,,15.3,1,
1791385025272,28.511264,77.383319,0.0,CNG,,14.9,0,841,38.8,3.25,,89.0,1.56,-3.91,13.5,0.0,0.0,0.00,ARMED,,15.3,1,
1791385026080,28.511264,77.383319,0.0,CNG,,14.9,0,840,38.8,3.12,,89.0,1.56,-3.91,13.5,0.0,0.0,0.00,ARMED,,15.3,1,
1791385027710,28.511264,77.383319,0.0,CNG,,14.9,0,836,23.1,3.21,,89.0,0.78,-3.91,13.5,0.0,0.0,0.00,ARMED,,12.9,1,
1791385028463,28.511264,77.383319,0.0,CNG,,14.9,0,746,23.1,2.17,,89.0,0.78,-3.91,13.5,0.0,0.0,0.00,ARMED,,12.9,1,
1791385029236,28.511264,77.383319,0.0,CNG,,14.9,0,726,23.1,2.07,,89.0,0.78,-3.91,13.5,0.0,0.0,0.00,ARMED,,12.9,1,
1791385030877,28.511264,77.383319,0.0,CNG,,14.9,0,714,23.1,1.96,,89.0,0.78,-3.91,13.5,0.0,0.0,0.00,ARMED,,12.5,1,
1791385031643,28.511264,77.383319,0.0,CNG,,14.9,0,708,23.1,1.90,,89.0,0.78,-3.91,13.5,0.0,0.0,0.00,ARMED,,12.5,1,
1791385032433,28.511264,77.383319,0.0,CNG,,14.9,0,709,23.1,1.32,,90.0,0.78,-3.91,13.5,0.0,0.0,0.00,ARMED,,12.5,1,
1791385034068,28.511264,77.383319,0.0,CNG,,14.9,0,709,22.7,0.93,,90.0,-0.78,-3.13,13.5,0.0,0.0,0.00,ARMED,,12.5,1,
1791385034885,28.511264,77.383319,0.0,CNG,,14.9,0,708,22.7,1.77,,90.0,-0.78,-3.13,13.5,0.0,0.0,0.00,ARMED,,12.5,1,
1791385035638,28.511264,77.383319,0.0,CNG,,14.9,0,703,22.7,1.84,,90.0,-0.78,-3.13,13.6,0.0,0.0,0.00,ARMED,,12.5,1,
1791385037308,28.511264,77.383319,0.0,CNG,,14.9,0,703,36.1,1.30,,89.0,0.00,-3.91,13.6,0.0,0.0,0.00,ARMED,,14.1,1,
1791385038074,28.511264,77.383319,0.0,CNG,,14.9,0,787,36.1,2.74,,89.0,0.00,-3.91,13.1,0.0,0.0,0.00,ARMED,,14.1,1,
1791385038806,28.511264,77.383319,0.0,CNG,,14.9,0,793,36.1,3.24,,89.0,0.00,-3.91,13.1,0.0,0.0,0.00,ARMED,,14.1,1,
1791385040549,28.511264,77.383319,0.0,CNG,,14.9,0,819,39.6,2.43,,89.0,1.56,-3.91,13.3,0.0,0.0,0.00,ARMED,,15.3,1,
1791385041308,28.511264,77.383319,0.0,CNG,,14.9,0,838,39.6,3.30,,89.0,1.56,-3.91,13.3,0.0,0.0,0.00,ARMED,,15.3,1,
1791385042146,28.511264,77.383319,0.0,CNG,,14.9,0,845,39.6,3.51,,89.0,1.56,-3.91,13.3,0.0,0.0,0.00,ARMED,,15.3,1,
1791385043998,28.511264,77.383319,0.0,CNG,,14.9,0,843,38.4,3.46,,89.0,2.34,-3.91,13.4,0.0,0.0,0.00,ARMED,,15.3,1,
1791385044755,28.511264,77.383319,0.0,CNG,,14.9,0,838,38.4,1.27,,89.0,2.34,-3.91,13.5,0.0,0.0,0.00,ARMED,,15.3,1,
1791385045527,28.511264,77.383319,0.0,CNG,,14.9,0,766,38.4,1.30,,89.0,2.34,-3.91,13.5,0.0,0.0,0.00,ARMED,,15.3,1,
1791385047240,28.511264,77.383319,0.0,CNG,,14.9,0,737,23.1,2.13,,89.0,3.13,-2.34,13.4,0.0,0.0,0.00,ARMED,,12.5,1,
1791385048014,28.511264,77.383319,0.0,CNG,,14.9,0,709,23.1,1.32,,89.0,3.13,-2.34,13.4,0.0,0.0,0.00,ARMED,,12.5,1,
1791385048758,28.511264,77.383319,0.0,CNG,,14.9,0,697,23.1,0.97,,89.0,3.13,-2.34,13.2,0.0,0.0,0.00,ARMED,,12.5,1,
1791385050469,28.511264,77.383319,0.0,CNG,,14.9,0,707,22.7,1.09,,89.0,-2.34,-1.56,13.2,0.0,0.0,0.00,ARMED,,12.5,1,
1791385051238,28.511264,77.383319,0.0,CNG,,14.9,0,704,22.7,0.97,,89.0,-2.34,-1.56,13.6,0.0,0.0,0.00,ARMED,,12.5,1,
1791385051988,28.511264,77.383319,0.0,CNG,,14.9,0,707,22.7,1.44,,90.0,-2.34,-1.56,13.6,0.0,0.0,0.00,ARMED,,12.5,1,
1791385053621,28.511264,77.383319,0.0,CNG,,14.9,0,708,22.4,1.29,,90.0,-1.56,-3.13,13.3,0.0,0.0,0.00,ARMED,,12.5,1,
1791385054454,28.511264,77.383319,0.0,CNG,,14.9,0,706,22.4,1.81,,89.0,-1.56,-3.13,13.3,0.0,0.0,0.00,ARMED,,12.5,1,
1791385055233,28.511264,77.383319,0.0,CNG,,14.9,0,705,22.4,4.12,,89.0,-1.56,-3.13,13.5,0.0,0.0,0.00,ARMED,,12.5,1,
1791385056957,28.511264,77.383319,0.0,CNG,,14.9,0,765,38.8,2.11,,89.0,-1.56,-3.13,13.5,0.0,0.0,0.00,ARMED,,14.9,1,
1791385057697,28.511264,77.383319,0.0,CNG,,14.9,0,818,38.8,2.41,,89.0,-1.56,-3.13,13.3,0.0,0.0,0.00,ARMED,,14.9,1,
1791385058416,28.511264,77.383319,0.0,CNG,,14.9,0,833,38.8,3.44,,89.0,-1.56,-3.13,13.3,0.0,0.0,0.00,ARMED,,14.9,1,
1791385060034,28.511264,77.383319,0.0,CNG,,14.9,0,842,38.8,2.48,,89.0,0.78,-3.13,13.3,0.0,0.0,0.00,ARMED,,15.3,1,
1791385060789,28.511264,77.383319,0.0,CNG,,14.9,0,843,38.8,3.17,,89.0,0.78,-3.13,13.3,0.0,0.0,0.00,ARMED,,15.3,1,
1791385061540,28.511264,77.383319,0.0,CNG,,14.9,0,839,38.8,2.58,,89.0,0.78,-3.13,13.4,0.0,0.0,0.00,ARMED,,15.3,1,
1791385063148,28.511264,77.383319,0.0,CNG,,14.9,0,842,22.7,3.30,,89.0,-0.78,-3.13,13.4,0.0,0.0,0.00,ARMED,,12.9,1,
1791385063967,28.511264,77.383319,0.0,CNG,,14.9,0,735,22.7,0.92,,89.0,-0.78,-3.13,13.5,0.0,0.0,0.00,ARMED,,12.9,1,
1791385064761,28.511264,77.383319,0.0,CNG,,14.9,0,723,22.7,1.84,,89.0,-0.78,-3.13,13.5,0.0,0.0,0.00,ARMED,,12.9,1,
1791385066433,28.511264,77.383319,0.0,CNG,,14.9,0,710,23.1,1.94,,89.0,0.00,-3.13,13.4,0.0,0.0,0.00,ARMED,,12.5,1,
1791385067179,28.511264,77.383319,0.0,CNG,,14.9,0,705,23.1,0.86,,90.0,0.00,-3.13,13.4,0.0,0.0,0.00,ARMED,,12.5,1,
1791385068013,28.511264,77.383319,0.0,CNG,,14.9,0,708,23.1,1.41,,90.0,0.00,-3.13,13.4,0.0,0.0,0.00,ARMED,,12.5,1,
1791385069665,28.511264,77.383319,0.0,CNG,,14.9,0,704,22.7,1.06,,89.0,-0.78,-3.13,13.4,0.0,0.0,0.00,ARMED,,12.5,1,
1791385070448,28.511264,77.383319,0.0,CNG,,14.9,0,707,22.7,2.03,,89.0,-0.78,-3.13,13.5,0.0,0.0,0.00,ARMED,,12.5,1,
1791385071238,28.511264,77.383319,0.0,CNG,,14.9,0,704,22.7,1.83,,90.0,-0.78,-3.13,13.5,0.0,0.0,0.00,ARMED,,12.5,1,
1791385072893,28.511264,77.383319,0.0,CNG,,14.9,0,704,36.1,1.65,,90.0,0.00,-3.91,13.5,0.0,0.0,0.00,ARMED,,14.1,1,
1791385073654,28.511264,77.383319,0.0,CNG,,14.9,0,774,36.1,2.09,,89.0,0.00,-3.91,13.5,0.0,0.0,0.00,ARMED,,14.1,1,
1791385074417,28.511264,77.383319,0.0,CNG,,14.9,0,794,36.1,2.36,,89.0,0.00,-3.91,13.4,0.0,0.0,0.00,ARMED,,14.1,1,
1791385076241,28.511264,77.383319,0.0,CNG,,14.9,0,815,39.2,3.42,,89.0,1.56,-3.91,13.5,0.0,0.0,0.00,ARMED,,15.3,1,
1791385077001,28.511264,77.383319,0.0,CNG,,14.9,0,841,39.2,3.49,,89.0,1.56,-3.91,13.4,0.0,0.0,0.00,ARMED,,15.3,1,
1791385077770,28.511264,77.383319,0.0,CNG,,14.9,0,843,39.2,3.14,,89.0,1.56,-3.91,13.4,0.0,0.0,0.00,ARMED,,15.3,1,
1791385079490,28.511264,77.383319,0.0,CNG,,14.9,0,847,38.4,3.13,,89.0,0.78,-3.91,13.1,0.0,0.0,0.00,ARMED,,14.9,1,
1791385080283,28.511264,77.383319,0.0,CNG,,14.9,0,837,38.4,1.70,,89.0,0.78,-3.91,13.1,0.0,0.0,0.00,ARMED,,14.9,1,
1791385081077,28.511264,77.383319,0.0,CNG,,14.9,0,769,38.4,1.13,,89.0,0.78,-3.91,13.4,0.0,0.0,0.00,ARMED,,14.9,1,
1791385082743,28.511264,77.383319,0.0,CNG,,14.9,0,733,23.1,1.73,,89.0,3.13,-3.91,13.4,0.0,0.0,0.00,ARMED,,12.5,1,
1791385083533,28.511264,77.383319,0.0,CNG,,14.9,0,712,23.1,1.96,,89.0,3.13,-3.91,13.5,0.0,0.0,0.00,ARMED,,12.5,1,
1791385084252,28.511264,77.383319,0.0,CNG,,14.9,0,708,23.1,0.82,,90.0,3.13,-3.91,13.5,0.0,0.0,0.00,ARMED,,12.5,1,
1791385085875,28.511264,77.383319,0.0,CNG,,14.9,0,712,22.7,1.51,,90.0,0.00,-3.13,13.3,0.0,0.0,0.00,ARMED,,12.5,1,
1791385086670,28.511264,77.383319,0.0,CNG,,14.9,0,701,22.7,2.08,,90.0,0.00,-3.13,13.3,0.0,0.0,0.00,ARMED,,12.5,1,
1791385087548,28.511264,77.383319,0.0,CNG,,14.9,0,707,22.7,1.54,,90.0,0.00,-3.13,13.4,0.0,0.0,0.00,ARMED,,12.5,1,
1791385089573,28.511264,77.383319,0.0,CNG,,14.9,0,706,22.4,1.25,,90.0,-0.78,-3.13,13.4,0.0,0.0,0.00,ARMED,,12.5,1,
1791385090618,28.511264,77.383319,0.0,CNG,,14.9,0,706,22.4,4.57,,90.0,-0.78,-3.13,13.5,0.0,0.0,0.00,ARMED,,12.5,1,
1791385091660,28.511264,77.383319,0.0,CNG,,14.9,0,779,22.4,2.67,,89.0,-0.78,-3.13,13.5,0.0,0.0,0.00,ARMED,,12.5,1,
1791385093834,28.511264,77.383319,0.0,CNG,,14.9,0,806,39.2,2.38,,89.0,0.78,-3.91,13.2,0.0,0.0,0.00,ARMED,,15.3,1,
1791385094816,28.511264,77.383319,0.0,CNG,,14.9,0,843,39.2,2.51,,89.0,0.78,-3.91,13.2,0.0,0.0,0.00,ARMED,,15.3,1,
1791385095801,28.511264,77.383319,0.0,CNG,,14.9,0,843,39.2,2.74,,89.0,0.78,-3.91,13.4,0.0,0.0,0.00,ARMED,,15.3,1,
1791385097619,28.511264,77.383319,0.0,CNG,,14.9,0,839,38.0,3.37,,89.0,0.00,-3.91,13.4,0.0,0.0,0.00,ARMED,,14.9,1,
1791385098371,28.511264,77.383319,0.0,CNG,,14.9,0,801,38.0,1.46,,89.0,0.00,-3.91,13.6,0.0,0.0,0.00,ARMED,,14.9,1,
1791385099178,28.511264,77.383319,0.0,CNG,,14.9,0,754,38.0,2.19,,89.0,0.00,-3.91,13.6,0.0,0.0,0.00,ARMED,,14.9,1,
1791385100901,28.511264,77.383319,0.0,CNG,,14.9,0,725,23.1,0.95,,89.0,1.56,-3.91,13.4,0.0,0.0,0.00,ARMED,,12.5,1,
1791385101678,28.511264,77.383319,0.0,CNG,,14.9,0,705,23.1,1.89,,90.0,1.56,-3.91,13.4,0.0,0.0,0.00,ARMED,,12.5,1,
1791385102514,28.511264,77.383319,0.0,CNG,,14.9,0,712,23.1,2.10,,90.0,1.56,-3.91,13.3,0.0,0.0,0.00,ARMED,,12.5,1,
1791385104122,28.511264,77.383319,0.0,CNG,,14.9,0,705,22.7,0.82,,90.0,-0.78,-3.13,13.3,0.0,0.0,0.00,ARMED,,12.5,1,
1791385104900,28.511264,77.383319,0.0,CNG,,14.9,0,705,22.7,1.39,,90.0,-0.78,-3.13,13.4,0.0,0.0,0.00,ARMED,,12.5,1,
1791385105628,28.511264,77.383319,0.0,CNG,,14.9,0,705,22.7,1.55,,90.0,-0.78,-3.13,13.4,0.0,0.0,0.00,ARMED,,12.5,1,
1791385107294,28.511264,77.383319,0.0,CNG,,14.9,0,699,22.4,1.90,,90.0,0.00,-3.91,13.5,0.0,0.0,0.00,ARMED,,12.5,1,
1791385108051,28.511264,77.383319,0.0,CNG,,14.9,0,707,22.4,1.20,,90.0,0.00,-3.91,13.5,0.0,0.0,0.00,ARMED,,12.5,1,
1791385108845,28.511265,77.383319,0.0,CNG,,14.9,0,707,22.4,3.00,,90.0,0.00,-3.91,13.5,0.0,0.0,0.00,ARMED,,12.5,1,
1791385110669,28.511265,77.383319,0.0,CNG,,14.9,0,778,38.8,2.28,,89.0,-0.78,-3.91,13.4,0.0,0.0,0.00,ARMED,,14.9,1,
1791385111450,28.511265,77.383319,0.0,CNG,,14.9,0,820,38.8,3.10,,89.0,-0.78,-3.91,13.4,0.0,0.0,0.00,ARMED,,14.9,1,
1791385112204,28.511265,77.383319,0.0,CNG,,14.9,0,834,38.8,3.52,,89.0,-0.78,-3.91,13.4,0.0,0.0,0.00,ARMED,,14.9,1,
1791385113827,28.511265,77.383319,0.0,CNG,,14.9,0,837,38.8,3.29,,89.0,1.56,-3.91,13.4,0.0,0.0,0.00,ARMED,,14.9,1,
1791385114598,28.511265,77.383319,0.0,CNG,,14.9,0,846,38.8,2.60,,89.0,1.56,-3.91,13.4,0.0,0.0,0.00,ARMED,,14.9,1,
1791385115405,28.511265,77.383319,0.0,CNG,,14.9,0,842,38.8,3.43,,89.0,1.56,-3.91,13.3,0.0,0.0,0.00,ARMED,,14.9,1,
1791385117048,28.511265,77.383319,0.0,CNG,,14.9,0,840,22.7,2.33,,89.0,-2.34,-3.91,13.3,0.0,0.0,0.00,ARMED,,12.9,1,
1791385117811,28.511265,77.383319,0.0,CNG,,14.9,0,734,22.7,0.93,,89.0,-2.34,-3.91,13.6,0.0,0.0,0.00,ARMED,,12.9,1,
1791385118606,28.511265,77.383319,0.0,CNG,,14.9,0,720,22.7,2.12,,90.0,-2.34,-3.91,13.6,0.0,0.0,0.00,ARMED,,12.9,1,
1791385120289,28.511265,77.383319,0.0,CNG,,14.9,0,707,23.1,0.87,,90.0,0.00,-3.13,13.5,0.0,0.0,0.00,ARMED,,12.5,1,
1791385121021,28.511265,77.383319,0.0,CNG,,14.9,0,708,23.1,1.60,,90.0,0.00,-3.13,13.5,0.0,0.0,0.00,ARMED,,12.5,1,
1791385121848,28.511265,77.383319,0.0,CNG,,14.9,0,706,23.1,1.83,,90.0,0.00,-3.13,13.5,0.0,0.0,0.00,ARMED,,12.5,1,
1791385123516,28.511265,77.383319,0.0,CNG,,14.9,0,707,22.7,1.99,,90.0,-0.78,-3.13,13.5,0.0,0.0,0.00,ARMED,,12.5,1,
1791385124302,28.511265,77.383319,0.0,CNG,,14.9,0,704,22.7,1.37,,90.0,-0.78,-3.13,13.3,0.0,0.0,0.00,ARMED,,12.5,1,
1791385125058,28.511265,77.383319,0.0,CNG,,14.9,0,702,22.7,0.89,,90.0,-0.78,-3.13,13.3,0.0,0.0,0.00,ARMED,,12.5,1,
1791385126783,28.511265,77.383319,0.0,CNG,,14.9,0,704,36.9,2.04,,90.0,1.56,-3.91,13.2,0.0,0.0,0.00,ARMED,,14.5,1,
1791385127546,28.511265,77.383319,0.0,CNG,,14.9,0,789,36.9,2.79,,90.0,1.56,-3.91,13.2,0.0,0.0,0.00,ARMED,,14.5,1,
1791385128329,28.511265,77.383319,0.0,CNG,,14.9,0,810,36.9,3.26,,90.0,1.56,-3.91,13.5,0.0,0.0,0.00,ARMED,,14.5,1,
1791385129959,28.511265,77.383319,0.0,CNG,,14.9,0,830,39.6,3.52,,89.0,2.34,-3.91,13.5,0.0,0.0,0.00,ARMED,,15.3,1,
1791385130775,28.511265,77.383319,0.0,CNG,,14.9,0,844,39.6,2.52,,89.0,2.34,-3.91,13.3,0.0,0.0,0.00,ARMED,,15.3,1,
1791385131540,28.511265,77.383319,0.0,CNG,,14.9,0,846,39.6,2.79,,89.0,2.34,-3.91,13.3,0.0,0.0,0.00,ARMED,,15.3,1,
1791385133240,28.511265,77.383319,0.0,CNG,,14.9,0,849,38.4,2.65,,89.0,0.78,-3.91,13.5,0.0,0.0,0.00,ARMED,,14.9,1,
1791385134032,28.511265,77.383319,0.0,CNG,,14.9,0,803,38.4,2.21,,90.0,0.78,-3.91,13.5,0.0,0.0,0.00,ARMED,,14.9,1,
1791385134831,28.511265,77.383319,0.0,CNG,,14.9,0,748,38.4,1.30,,90.0,0.78,-3.91,13.4,0.0,0.0,0.00,ARMED,,14.9,1,
1791385136469,28.511265,77.383319,0.0,CNG,,14.9,0,723,23.1,1.33,,90.0,2.34,-3.91,13.4,0.0,0.0,0.00,ARMED,,12.5,1,
1791385137302,28.511265,77.383319,0.0,CNG,,14.9,0,711,23.1,2.08,,90.0,2.34,-3.91,13.5,0.0,0.0,0.00,ARMED,,12.5,1,
1791385138076,28.511265,77.383319,0.0,CNG,,14.9,0,706,23.1,0.83,,90.0,2.34,-3.91,13.5,0.0,0.0,0.00,ARMED,,12.5,1,
1791385139730,28.511265,77.383319,0.0,CNG,,14.9,0,712,22.7,1.26,,90.0,-0.78,-3.13,13.5,0.0,0.0,0.00,ARMED,,12.5,1,
1791385140444,28.511265,77.383319,0.0,CNG,,14.9,0,708,22.7,0.97,,90.0,-0.78,-3.13,13.5,0.0,0.0,0.00,ARMED,,12.5,1,
1791385141245,28.511265,77.383319,0.0,CNG,,14.9,0,700,22.7,1.02,,90.0,-0.78,-3.13,13.4,0.0,0.0,0.00,ARMED,,12.5,1,
1791385143066,28.511264,77.383319,0.0,CNG,,14.9,0,706,22.7,1.79,,90.0,0.00,-3.91,13.5,0.0,0.0,0.00,ARMED,,12.5,1,
1791385143851,28.511264,77.383319,0.0,CNG,,14.9,0,705,22.7,1.95,,90.0,0.00,-3.91,13.3,0.0,0.0,0.00,ARMED,,12.5,1,
1791385144594,28.511264,77.383319,0.0,CNG,,14.9,0,735,22.7,2.48,,90.0,0.00,-3.91,13.3,0.0,0.0,0.00,ARMED,,12.5,1,
1791385146254,28.511264,77.383319,0.0,CNG,,14.9,0,781,39.6,3.05,,90.0,0.00,-3.91,13.4,0.0,0.0,0.00,ARMED,,15.3,1,
1791385146988,28.511264,77.383319,0.0,CNG,,14.9,0,826,39.6,3.30,,90.0,0.00,-3.91,13.4,0.0,0.0,0.00,ARMED,,15.3,1,
1791385147746,28.511264,77.383319,0.0,CNG,,14.9,0,835,39.6,3.28,,90.0,0.00,-3.91,13.5,0.0,0.0,0.00,ARMED,,15.3,1,
1791385149447,28.511264,77.383319,0.0,CNG,,14.9,0,842,38.8,3.51,,90.0,2.34,-3.91,13.5,0.0,0.0,0.00,ARMED,,15.3,1,
1791385150235,28.511264,77.383319,0.0,CNG,,14.9,0,841,38.8,3.15,,90.0,2.34,-3.91,13.4,0.0,0.0,0.00,ARMED,,15.3,1,
1791385150979,28.511264,77.383319,0.0,CNG,,14.9,0,837,38.8,2.70,,89.0,2.34,-3.91,13.4,0.0,0.0,0.00,ARMED,,15.3,1,
1791385152666,28.511264,77.383319,0.0,CNG,,14.9,0,837,22.7,1.09,,89.0,-0.78,-3.13,13.6,0.0,0.0,0.00,ARMED,,12.5,1,
1791385153383,28.511264,77.383319,0.0,CNG,,14.9,0,737,22.7,1.63,,90.0,-0.78,-3.13,13.6,0.0,0.0,0.00,ARMED,,12.5,1,
1791385154190,28.511264,77.383319,0.0,CNG,,14.9,0,713,22.7,2.01,,90.0,-0.78,-3.13,13.5,0.0,0.0,0.00,ARMED,,12.5,1,
1791385155817,28.511264,77.383319,0.0,CNG,,14.9,0,704,23.1,1.34,,90.0,-0.78,-1.56,13.5,0.0,0.0,0.00,ARMED,,12.5,1,
1791385156611,28.511264,77.383319,0.0,CNG,,14.9,0,711,23.1,0.94,,90.0,-0.78,-1.56,13.4,0.0,0.0,0.00,ARMED,,12.5,1,
1791385157359,28.511264,77.383319,0.0,CNG,,14.9,0,704,23.1,1.34,,90.0,-0.78,-1.56,13.4,0.0,0.0,0.00,ARMED,,12.5,1,
1791385159076,28.511264,77.383319,0.0,CNG,,14.9,0,702,22.7,0.96,,90.0,-2.34,-2.34,13.5,0.0,0.0,0.00,ARMED,,12.5,1,
1791385159814,28.511264,77.383319,0.0,CNG,,14.9,0,701,22.7,0.92,,90.0,-2.34,-2.34,13.5,0.0,0.0,0.00,ARMED,,12.5,1,
1791385160601,28.511264,77.383319,0.0,CNG,,14.9,0,703,22.7,1.07,,90.0,-2.34,-2.34,13.5,0.0,0.0,0.00,ARMED,,12.5,1,
1791385162258,28.511264,77.383319,0.0,CNG,,14.9,0,702,37.3,1.88,,90.0,2.34,-3.13,13.5,0.0,0.0,0.00,ARMED,,14.5,1,
1791385163072,28.511264,77.383319,0.0,CNG,,14.9,0,790,37.3,2.32,,90.0,2.34,-3.13,13.3,0.0,0.0,0.00,ARMED,,14.5,1,
1791385163865,28.511264,77.383319,0.0,CNG,,14.9,0,813,37.3,3.08,,89.0,2.34,-3.13,13.3,0.0,0.0,0.00,ARMED,,14.5,1,
1791385165591,28.511264,77.383319,0.0,CNG,,14.9,0,832,39.6,3.54,,89.0,1.56,-3.13,13.3,0.0,0.0,0.00,ARMED,,15.3,1,
1791385166358,28.511264,77.383319,0.0,CNG,,14.9,0,845,39.6,2.43,,89.0,1.56,-3.13,13.3,0.0,0.0,0.00,ARMED,,15.3,1,
1791385167128,28.511264,77.383319,0.0,CNG,,14.9,0,844,39.6,3.47,,89.0,1.56,-3.13,13.2,0.0,0.0,0.00,ARMED,,15.3,1,
1791385168866,28.511264,77.383319,0.0,CNG,,14.9,0,847,38.8,3.30,,89.0,0.00,-3.13,13.2,0.0,0.0,0.00,ARMED,,14.9,1,
1791385169625,28.511264,77.383319,0.0,CNG,,14.9,0,801,38.8,1.31,,89.0,0.00,-3.13,13.3,0.0,0.0,0.00,ARMED,,14.9,1,
1791385170396,28.511264,77.383319,0.0,CNG,,14.9,0,749,38.8,0.97,,89.0,0.00,-3.13,13.3,0.0,0.0,0.00,ARMED,,14.9,1,
1791385172044,28.511264,77.383319,0.0,CNG,,14.9,0,727,23.1,1.85,,89.0,0.78,-3.13,13.4,0.0,0.0,0.00,ARMED,,12.5,1,
1791385172840,28.511264,77.383319,0.0,CNG,,14.9,0,704,23.1,0.79,,89.0,0.78,-3.13,13.4,0.0,0.0,0.00,ARMED,,12.5,1,
1791385173634,28.511264,77.383319,0.0,CNG,,14.9,0,705,23.1,1.11,,89.0,0.78,-3.13,13.5,0.0,0.0,0.00,ARMED,,12.5,1,
1791385175473,28.511264,77.383319,0.0,CNG,,14.9,0,706,22.7,1.90,,90.0,-1.56,-3.13,13.5,0.0,0.0,0.00,ARMED,,12.5,1,
1791385176232,28.511264,77.383319,0.0,CNG,,14.9,0,701,22.7,0.77,,90.0,-1.56,-3.13,13.4,0.0,0.0,0.00,ARMED,,12.5,1,
1791385176999,28.511265,77.383319,0.0,CNG,,14.9,0,706,22.7,1.17,,89.0,-1.56,-3.13,13.4,0.0,0.0,0.00,ARMED,,12.5,1,
1791385178701,28.511264,77.383319,0.0,CNG,,14.9,0,705,22.7,1.22,,89.0,0.00,-3.91,13.4,0.0,0.0,0.00,ARMED,,12.5,1,
1791385179414,28.511264,77.383319,0.0,CNG,,14.9,0,708,22.7,3.12,,89.0,0.00,-3.91,13.4,0.0,0.0,0.00,ARMED,,12.5,1,
1791385180160,28.511265,77.383319,0.0,CNG,,14.9,0,765,22.7,3.20,,89.0,0.00,-3.91,13.2,0.0,0.0,0.00,ARMED,,12.5,1,
1791385181783,28.511264,77.383319,0.0,CNG,,14.9,0,796,39.6,3.35,,89.0,0.78,-3.91,13.2,0.0,0.0,0.00,ARMED,,15.3,1,
1791385182547,28.511264,77.383319,0.0,CNG,,14.9,0,833,39.6,3.46,,89.0,0.78,-3.91,13.3,0.0,0.0,0.00,ARMED,,15.3,1,
1791385183323,28.511264,77.383319,0.0,CNG,,14.9,0,842,39.6,2.72,,89.0,0.78,-3.91,13.3,0.0,0.0,0.00,ARMED,,15.3,1,
1791385184909,28.511264,77.383319,0.0,CNG,,14.9,0,844,38.8,3.08,,89.0,1.56,-3.91,13.4,0.0,0.0,0.00,ARMED,,15.3,1,
1791385185646,28.511264,77.383319,0.0,CNG,,14.9,0,834,38.8,3.49,,89.0,1.56,-3.91,13.4,0.0,0.0,0.00,ARMED,,15.3,1,
1791385186412,28.511264,77.383319,0.0,CNG,,14.9,0,839,38.8,3.34,,89.0,1.56,-3.91,13.4,0.0,0.0,0.00,ARMED,,15.3,1,
1791385188131,28.511264,77.383319,0.0,CNG,,14.9,0,817,23.1,1.19,,89.0,-0.78,-3.91,13.4,0.0,0.0,0.00,ARMED,,12.5,1,
1791385188930,28.511264,77.383319,0.0,CNG,,14.9,0,727,23.1,1.95,,89.0,-0.78,-3.91,13.4,0.0,0.0,0.00,ARMED,,12.5,1,
1791385189671,28.511264,77.383319,0.0,CNG,,14.9,0,710,23.1,1.93,,89.0,-0.78,-3.91,13.4,0.0,0.0,0.00,ARMED,,12.5,1,
1791385191297,28.511265,77.383319,0.0,CNG,,14.9,0,705,23.1,2.01,,89.0,0.00,-3.13,13.6,0.0,0.0,0.00,ARMED,,12.5,1,
1791385192037,28.511265,77.383319,0.0,CNG,,14.9,0,712,23.1,2.00,,89.0,0.00,-3.13,13.6,0.0,0.0,0.00,ARMED,,12.5,1,
1791385192862,28.511265,77.383319,0.0,CNG,,14.9,0,710,23.1,1.61,,89.0,0.00,-3.13,13.6,0.0,0.0,0.00,ARMED,,12.5,1,
1791385194462,28.511265,77.383319,0.0,CNG,,14.9,0,710,22.7,2.08,,89.0,-0.78,-3.13,13.6,0.0,0.0,0.00,ARMED,,12.5,1,
1791385195254,28.511265,77.383319,0.0,CNG,,14.9,0,701,22.7,1.50,,89.0,-0.78,-3.13,13.4,0.0,0.0,0.00,ARMED,,12.5,1,
1791385195988,28.511265,77.383319,0.0,CNG,,14.9,0,703,22.7,0.86,,89.0,-0.78,-3.13,13.4,0.0,0.0,0.00,ARMED,,12.5,1,
1791385197678,28.511265,77.383319,0.0,CNG,,14.9,0,701,37.6,1.88,,89.0,-0.78,-3.91,13.3,0.0,0.0,0.00,ARMED,,14.1,1,
1791385198430,28.511265,77.383319,0.0,CNG,,14.9,0,778,37.6,2.13,,89.0,-0.78,-3.91,13.3,0.0,0.0,0.00,ARMED,,14.1,1,
1791385199220,28.511265,77.383319,0.0,CNG,,14.9,0,808,37.6,2.39,,89.0,-0.78,-3.91,13.3,0.0,0.0,0.00,ARMED,,14.1,1,
1791385200900,28.511265,77.383319,0.0,CNG,,14.9,0,822,39.6,3.51,,89.0,2.34,-3.91,13.3,0.0,0.0,0.00,ARMED,,15.3,1,
1791385201704,28.511265,77.383319,0.0,CNG,,14.9,0,844,39.6,2.75,,89.0,2.34,-3.91,13.4,0.0,0.0,0.00,ARMED,,15.3,1,
1791385202424,28.511265,77.383319,0.0,CNG,,14.9,0,849,39.6,2.58,,89.0,2.34,-3.91,13.4,0.0,0.0,0.00,ARMED,,15.3,1,
1791385204049,28.511265,77.383319,0.0,CNG,,14.9,0,842,38.8,3.24,,89.0,0.78,-3.91,13.3,0.0,0.0,0.00,ARMED,,14.9,1,
1791385204902,28.511265,77.383319,0.0,CNG,,14.9,0,840,38.8,1.23,,89.0,0.78,-3.91,13.3,0.0,0.0,0.00,ARMED,,14.9,1,
1791385205662,28.511265,77.383319,0.0,CNG,,14.9,0,766,38.8,1.90,,89.0,0.78,-3.91,13.5,0.0,0.0,0.00,ARMED,,14.9,1,
1791385207430,28.511265,77.383319,0.0,CNG,,14.9,0,732,23.1,1.82,,89.0,3.13,-3.91,13.5,0.0,0.0,0.00,ARMED,,12.5,1,
1791385208236,28.511265,77.383319,0.0,CNG,,14.9,0,707,23.1,0.87,,89.0,3.13,-3.91,13.5,0.0,0.0,0.00,ARMED,,12.5,1,
1791385209078,28.511265,77.383319,0.0,CNG,,14.9,0,704,23.1,2.10,,89.0,3.13,-3.91,13.5,0.0,0.0,0.00,ARMED,,12.5,1,
1791385210706,28.511265,77.383319,0.0,CNG,,14.9,0,709,23.1,1.57,,89.0,0.00,-3.13,13.4,0.0,0.0,0.00,ARMED,,12.5,1,
1791385211427,28.511265,77.383319,0.0,CNG,,14.9,0,712,23.1,0.79,,89.0,0.00,-3.13,13.4,0.0,0.0,0.00,ARMED,,12.5,1,
1791385212194,28.511265,77.383319,0.0,CNG,,14.9,0,708,23.1,1.15,,89.0,0.00,-3.13,13.5,0.0,0.0,0.00,ARMED,,12.5,1,
1791385213833,28.511265,77.383319,0.0,CNG,,14.9,0,702,22.7,0.77,,89.0,-0.78,-3.13,13.5,0.0,0.0,0.00,ARMED,,12.5,1,
1791385214591,28.511265,77.383319,0.0,CNG,,14.9,0,690,22.7,2.42,,89.0,-0.78,-3.13,13.6,0.0,0.0,0.00,ARMED,,12.5,1,
1791385215331,28.511265,77.383319,0.0,CNG,,14.9,0,771,22.7,2.78,,89.0,-0.78,-3.13,13.6,0.0,0.0,0.00,ARMED,,12.5,1,
1791385216972,28.511265,77.383319,0.0,CNG,,14.9,0,800,40.0,3.15,,89.0,0.78,-3.13,13.2,0.0,0.0,0.00,ARMED,,15.3,1,
1791385217790,28.511265,77.383319,0.0,CNG,,14.9,0,834,40.0,2.89,,89.0,0.78,-3.13,13.2,0.0,0.0,0.00,ARMED,,15.3,1,
1791385218583,28.511265,77.383319,0.0,CNG,,14.9,0,837,40.0,2.51,,89.0,0.78,-3.13,13.4,0.0,0.0,0.00,ARMED,,15.3,1,
1791385220232,28.511265,77.383319,0.0,CNG,,14.9,0,848,39.2,2.92,,89.0,0.78,-3.13,13.4,0.0,0.0,0.00,ARMED,,15.3,1,
1791385221005,28.511265,77.383319,0.0,CNG,,14.9,0,846,39.2,3.39,,89.0,0.78,-3.13,13.5,0.0,0.0,0.00,ARMED,,15.3,1,
1791385221802,28.511265,77.383319,0.0,CNG,,14.9,0,844,39.2,0.00,,89.0,0.78,-3.13,13.5,0.0,0.0,0.00,ARMED,,15.3,1,
1791385223428,28.511265,77.383319,0.0,CNG,,14.9,0,773,23.1,2.26,,89.0,2.34,-3.13,13.3,0.0,0.0,0.00,ARMED,,12.5,1,
1791385224185,28.511265,77.383319,0.0,CNG,,14.9,0,723,23.1,1.43,,89.0,2.34,-3.13,13.3,0.0,0.0,0.00,ARMED,,12.5,1,
1791385225014,28.511265,77.383319,0.0,CNG,,14.9,0,713,23.1,0.83,,89.0,2.34,-3.13,13.3,0.0,0.0,0.00,ARMED,,12.5,1,
1791385226667,28.511265,77.383319,0.0,CNG,,14.9,0,712,23.1,1.93,,89.0,-0.78,-3.13,13.3,0.0,0.0,0.00,ARMED,,12.5,1,
1791385227436,28.511265,77.383319,0.0,CNG,,14.9,0,708,23.1,2.03,,89.0,-0.78,-3.13,13.5,0.0,0.0,0.00,ARMED,,12.5,1,
1791385228228,28.511265,77.383319,0.0,CNG,,14.9,0,705,23.1,0.95,,89.0,-0.78,-3.13,13.5,0.0,0.0,0.00,ARMED,,12.5,1,
1791385229891,28.511265,77.383319,0.0,CNG,,14.9,0,704,22.7,1.94,,89.0,-1.56,-3.13,13.4,0.0,0.0,0.00,ARMED,,12.5,1,
1791385230641,28.511265,77.383319,0.0,CNG,,14.9,0,707,22.7,1.76,,89.0,-1.56,-3.13,13.4,0.0,0.0,0.00,ARMED,,12.5,1,
1791385231405,28.511265,77.383319,0.0,CNG,,14.9,0,706,22.7,1.03,,89.0,-1.56,-3.13,13.5,0.0,0.0,0.00,ARMED,,12.5,1,
1791385233034,28.511265,77.383319,0.0,CNG,,14.9,0,706,37.3,3.02,,89.0,3.13,-3.91,13.5,0.0,0.0,0.00,ARMED,,14.5,1,
1791385233804,28.511265,77.383319,0.0,CNG,,14.9,0,801,37.3,2.47,,89.0,3.13,-3.91,13.4,0.0,0.0,0.00,ARMED,,14.5,1,
1791385234527,28.511265,77.383319,0.0,CNG,,14.9,0,818,37.3,3.11,,89.0,3.13,-3.91,13.4,0.0,0.0,0.00,ARMED,,14.5,1,
1791385236237,28.511265,77.383319,0.0,CNG,,14.9,0,832,39.6,2.47,,89.0,2.34,-3.91,13.4,0.0,0.0,0.00,ARMED,,15.3,1,
1791385236973,28.511265,77.383319,0.0,CNG,,14.9,0,851,39.6,3.47,,89.0,2.34,-3.91,13.4,0.0,0.0,0.00,ARMED,,15.3,1,
1791385237784,28.511265,77.383319,0.0,CNG,,14.9,0,844,39.6,2.71,,89.0,2.34,-3.91,13.3,0.0,0.0,0.00,ARMED,,15.3,1,
1791385239585,28.511265,77.383319,0.0,CNG,,14.9,0,844,38.4,3.45,,89.0,0.78,-3.91,13.2,0.0,0.0,0.00,ARMED,,14.5,1,
1791385240356,28.511265,77.383319,0.0,CNG,,14.9,0,772,38.4,2.11,,89.0,0.78,-3.91,13.4,0.0,0.0,0.00,ARMED,,14.5,1,
1791385241102,28.511265,77.383319,0.0,CNG,,14.9,0,741,38.4,0.94,,89.0,0.78,-3.91,13.4,0.0,0.0,0.00,ARMED,,14.5,1,
1791385242920,28.511265,77.383319,0.0,CNG,,14.9,0,724,23.1,0.98,,89.0,1.56,-3.91,13.5,0.0,0.0,0.00,ARMED,,12.5,1,
1791385243654,28.511265,77.383319,0.0,CNG,,14.9,0,706,23.1,1.35,,89.0,1.56,-3.91,13.5,0.0,0.0,0.00,ARMED,,12.5,1,
1791385244459,28.511265,77.383319,0.0,CNG,,14.9,0,709,23.1,1.99,,89.0,1.56,-3.91,13.5,0.0,0.0,0.00,ARMED,,12.5,1,
1791385246073,28.511265,77.383319,0.0,CNG,,14.9,0,706,22.7,2.11,,89.0,-0.78,-3.13,13.5,0.0,0.0,0.00,ARMED,,12.5,1,
1791385246894,28.511265,77.383319,0.0,CNG,,14.9,0,708,22.7,0.93,,89.0,-0.78,-3.13,13.6,0.0,0.0,0.00,ARMED,,12.5,1,
1791385247677,28.511265,77.383319,0.0,CNG,,14.9,0,707,22.7,0.83,,89.0,-0.78,-3.13,13.6,0.0,0.0,0.00,ARMED,,12.5,1,
1791385249346,28.511265,77.383319,0.0,CNG,,14.9,0,705,26.7,1.10,,89.0,0.00,-3.91,13.3,0.0,0.0,0.00,ARMED,,14.9,1,
1791385250171,28.511265,77.383319,0.0,CNG,,14.9,0,740,26.7,3.22,,89.0,0.00,-3.91,13.3,0.0,0.0,0.00,ARMED,,14.9,1,
1791385250992,28.511265,77.383319,0.0,CNG,,14.9,0,785,26.7,3.08,,89.0,0.00,-3.91,13.2,0.0,0.0,0.00,ARMED,,14.9,1,
1791385252655,28.511265,77.383319,0.0,CNG,,14.9,0,808,40.0,3.52,,89.0,1.56,-3.91,13.2,0.0,0.0,0.00,ARMED,,15.3,1,
1791385253498,28.511265,77.383319,0.0,CNG,,14.9,0,839,40.0,2.96,,89.0,1.56,-3.91,13.4,0.0,0.0,0.00,ARMED,,15.3,1,
1791385254257,28.511265,77.383319,0.0,CNG,,14.9,0,839,40.0,3.54,,89.0,1.56,-3.91,13.4,0.0,0.0,0.00,ARMED,,15.3,1,
1791385255903,28.511265,77.383319,0.0,CNG,,14.9,0,850,39.2,2.51,,89.0,2.34,-3.91,13.3,0.0,0.0,0.00,ARMED,,15.3,1,
1791385256690,28.511265,77.383319,0.0,CNG,,14.9,0,841,39.2,3.44,,89.0,2.34,-3.91,13.3,0.0,0.0,0.00,ARMED,,15.3,1,
1791385257500,28.511265,77.383319,0.0,CNG,,14.9,0,767,39.2,1.69,,89.0,2.34,-3.91,13.4,0.0,0.0,0.00,ARMED,,15.3,1,
1791385259205,28.511265,77.383319,0.0,CNG,,14.9,0,744,23.1,1.90,,89.0,3.91,-2.34,13.4,0.0,0.0,0.00,ARMED,,12.5,1,
1791385260053,28.511265,77.383319,0.0,CNG,,14.9,0,712,23.1,2.13,,89.0,3.91,-2.34,13.4,0.0,0.0,0.00,ARMED,,12.5,1,
1791385260825,28.511265,77.383319,0.0,CNG,,14.9,0,708,23.1,1.47,,89.0,3.91,-2.34,13.4,0.0,0.0,0.00,ARMED,,12.5,1,
1791385262534,28.511265,77.383319,0.0,CNG,,14.9,0,711,23.1,1.16,,89.0,-2.34,-1.56,13.3,0.0,0.0,0.00,ARMED,,12.5,1,
1791385263274,28.511265,77.383319,0.0,CNG,,14.9,0,704,23.1,1.35,,90.0,-2.34,-1.56,13.3,0.0,0.0,0.00,ARMED,,12.5,1,
1791385264044,28.511265,77.383319,0.0,CNG,,14.9,0,700,23.1,2.06,,90.0,-2.34,-1.56,13.5,0.0,0.0,0.00,ARMED,,12.5,1,
1791385265704,28.511265,77.383319,0.0,CNG,,14.9,0,702,22.7,2.01,,89.0,-1.56,-2.34,13.5,0.0,0.0,0.00,ARMED,,12.5,1,
1791385266471,28.511265,77.383319,0.0,CNG,,14.9,0,707,22.7,1.33,,89.0,-1.56,-2.34,13.3,0.0,0.0,0.00,ARMED,,12.5,1,
1791385267259,28.511265,77.383319,0.0,CNG,,14.9,0,704,22.7,1.82,,89.0,-1.56,-2.34,13.3,0.0,0.0,0.00,ARMED,,12.5,1,
1791385268913,28.511265,77.383319,0.0,CNG,,14.9,0,707,37.6,2.08,,89.0,0.78,-3.13,13.3,0.0,0.0,0.00,ARMED,,14.9,1,
1791385269665,28.511265,77.383319,0.0,CNG,,14.9,0,808,37.6,2.87,,89.0,0.78,-3.13,13.3,0.0,0.0,0.00,ARMED,,14.9,1,
1791385270441,28.511265,77.383319,0.0,CNG,,14.9,0,824,37.6,3.05,,89.0,0.78,-3.13,13.4,0.0,0.0,0.00,ARMED,,14.9,1,
1791385272229,28.511265,77.383319,0.0,CNG,,14.9,0,827,39.2,3.54,,89.0,0.78,-3.13,13.4,0.0,0.0,0.00,ARMED,,15.3,1,
1791385273054,28.511265,77.383319,0.0,CNG,,14.9,0,846,39.2,3.50,,89.0,0.78,-3.13,13.4,0.0,0.0,0.00,ARMED,,15.3,1,
1791385273825,28.511265,77.383319,0.0,CNG,,14.9,0,838,39.2,2.81,,89.0,0.78,-3.13,13.4,0.0,0.0,0.00,ARMED,,15.3,1,
1791385275538,28.511265,77.383319,0.0,CNG,,14.9,0,844,24.3,3.33,,89.0,0.78,-3.13,13.3,0.0,0.0,0.00,ARMED,,12.9,1,
1791385276263,28.511265,77.383319,0.0,CNG,,14.9,0,753,24.3,2.19,,89.0,0.78,-3.13,13.3,0.0,0.0,0.00,ARMED,,12.9,1,
1791385277032,28.511265,77.383319,0.0,CNG,,14.9,0,730,24.3,1.12,,89.0,0.78,-3.13,13.5,0.0,0.0,0.00,ARMED,,12.9,1,
1791385278665,28.511265,77.383319,0.0,CNG,,14.9,0,721,23.1,0.93,,89.0,1.56,-3.13,13.5,0.0,0.0,0.00,ARMED,,12.5,1,
1791385279453,28.511265,77.383319,0.0,CNG,,14.9,0,709,23.1,1.74,,89.0,1.56,-3.13,13.4,0.0,0.0,0.00,ARMED,,12.5,1,
1791385280225,28.511265,77.383319,0.0,CNG,,14.9,0,704,23.1,1.34,,89.0,1.56,-3.13,13.4,0.0,0.0,0.00,ARMED,,12.5,1,
1791385281872,28.511265,77.383319,0.0,CNG,,14.9,0,701,22.7,1.29,,89.0,-0.78,-3.13,13.4,0.0,0.0,0.00,ARMED,,12.5,1,
1791385282649,28.511265,77.383319,0.0,CNG,,14.9,0,708,22.7,0.74,,90.0,-0.78,-3.13,13.4,0.0,0.0,0.00,ARMED,,12.5,1,
1791385283486,28.511265,77.383319,0.0,CNG,,14.9,0,700,22.7,0.77,,90.0,-0.78,-3.13,13.5,0.0,0.0,0.00,ARMED,,12.5,1,
1791385285191,28.511265,77.383319,0.0,CNG,,14.9,0,706,37.3,1.80,,89.0,3.13,-3.13,13.5,0.0,0.0,0.00,ARMED,,14.5,1,
1791385285982,28.511265,77.383319,0.0,CNG,,14.9,0,794,37.3,3.43,,89.0,3.13,-3.13,13.5,0.0,0.0,0.00,ARMED,,14.5,1,
1791385286766,28.511265,77.383319,0.0,CNG,,14.9,0,816,37.3,2.60,,89.0,3.13,-3.13,13.5,0.0,0.0,0.00,ARMED,,14.5,1,
1791385288353,28.511265,77.383319,0.0,CNG,,14.9,0,832,39.6,2.75,,89.0,1.56,-3.13,13.5,0.0,0.0,0.00,ARMED,,15.3,1,
1791385289089,28.511265,77.383319,0.0,CNG,,14.9,0,846,39.6,3.30,,89.0,1.56,-3.13,13.5,0.0,0.0,0.00,ARMED,,15.3,1,
1791385289864,28.511265,77.383319,0.0,CNG,,14.9,0,846,39.6,2.87,,89.0,1.56,-3.13,13.4,0.0,0.0,0.00,ARMED,,15.3,1,
1791385291598,28.511265,77.383319,0.0,CNG,,14.9,0,847,38.8,3.03,,89.0,0.00,-3.13,13.4,0.0,0.0,0.00,ARMED,,14.9,1,
1791385292377,28.511265,77.383319,0.0,CNG,,14.9,0,792,38.8,1.72,,89.0,0.00,-3.13,13.5,0.0,0.0,0.00,ARMED,,14.9,1,
1791385293108,28.511265,77.383319,0.0,CNG,,14.9,0,743,38.8,1.57,,89.0,0.00,-3.13,13.5,0.0,0.0,0.00,ARMED,,14.9,1,
1791385294793,28.511265,77.383319,0.0,CNG,,14.9,0,730,23.1,2.10,,89.0,2.34,-3.13,13.1,0.0,0.0,0.00,ARMED,,12.5,1,
1791385295519,28.511265,77.383319,0.0,CNG,,14.9,0,713,23.1,1.46,,90.0,2.34,-3.13,13.1,0.0,0.0,0.00,ARMED,,12.5,1,
1791385296352,28.511265,77.383319,0.0,CNG,,14.9,0,710,23.1,0.86,,90.0,2.34,-3.13,13.3,0.0,0.0,0.00,ARMED,,12.5,1,
1791385298051,28.511265,77.383319,0.0,CNG,,14.9,0,703,22.7,0.81,,90.0,-0.78,-3.13,13.3,0.0,0.0,0.00,ARMED,,12.5,1,
1791385298800,28.511265,77.383319,0.0,CNG,,14.9,0,708,22.7,1.96,,90.0,-0.78,-3.13,13.5,0.0,0.0,0.00,ARMED,,12.5,1,
1791385299604,28.511265,77.383319,0.0,CNG,,14.9,0,708,22.7,2.03,,90.0,-0.78,-3.13,13.5,0.0,0.0,0.00,ARMED,,12.5,1,
1791385301225,28.511265,77.383319,0.0,CNG,,14.9,0,708,22.4,0.84,,90.0,-0.78,-3.13,13.5,0.0,0.0,0.00,ARMED,,12.5,1,
1791385301948,28.511265,77.383319,0.0,CNG,,14.9,0,701,22.4,0.71,,90.0,-0.78,-3.13,13.5,0.0,0.0,0.00,ARMED,,12.5,1,
1791385302732,28.511265,77.383319,0.0,CNG,,14.9,0,715,22.4,2.85,,90.0,-0.78,-3.13,13.4,0.0,0.0,0.00,ARMED,,12.5,1,
1791385304563,28.511265,77.383319,0.0,CNG,,14.9,0,775,39.2,2.10,,89.0,-0.78,-3.13,13.4,0.0,0.0,0.00,ARMED,,15.3,1,
1791385305333,28.511265,77.383319,0.0,CNG,,14.9,0,830,39.2,3.42,,89.0,-0.78,-3.13,13.3,0.0,0.0,0.00,ARMED,,15.3,1,
1791385306084,28.511265,77.383319,0.0,CNG,,14.9,0,838,39.2,2.51,,89.0,-0.78,-3.13,13.3,0.0,0.0,0.00,ARMED,,15.3,1,
1791385307795,28.511265,77.383319,0.0,CNG,,14.9,0,843,38.8,3.27,,89.0,0.78,-3.13,13.5,0.0,0.0,0.00,ARMED,,14.9,1,
1791385308568,28.511265,77.383319,0.0,CNG,,14.9,0,843,38.8,2.42,,89.0,0.78,-3.13,13.5,0.0,0.0,0.00,ARMED,,14.9,1,
1791385309334,28.511265,77.383319,0.0,CNG,,14.9,0,841,38.8,3.30,,89.0,0.78,-3.13,13.4,0.0,0.0,0.00,ARMED,,14.9,1,
1791385310957,28.511265,77.383319,0.0,CNG,,14.9,0,836,22.7,1.46,,90.0,-3.13,-3.13,13.4,0.0,0.0,0.00,ARMED,,12.5,1,
1791385311724,28.511265,77.383319,0.0,CNG,,14.9,0,729,22.7,1.91,,90.0,-3.13,-3.13,13.3,0.0,0.0,0.00,ARMED,,12.5,1,
1791385312514,28.511265,77.383319,0.0,CNG,,14.9,0,718,22.7,1.69,,90.0,-3.13,-3.13,13.3,0.0,0.0,0.00,ARMED,,12.5,1,
1791385314176,28.511265,77.383319,0.0,CNG,,14.9,0,717,22.7,2.10,,90.0,0.00,-3.13,13.5,0.0,0.0,0.00,ARMED,,12.5,1,
1791385314964,28.511265,77.383319,0.0,CNG,,14.9,0,708,22.7,1.25,,90.0,0.00,-3.13,13.5,0.0,0.0,0.00,ARMED,,12.5,1,
1791385315757,28.511265,77.383319,0.0,CNG,,14.9,0,710,22.7,1.00,,90.0,0.00,-3.13,13.5,0.0,0.0,0.00,ARMED,,12.5,1,
1791385317408,28.511265,77.383319,0.0,CNG,,14.9,0,706,22.7,2.08,,90.0,-0.78,-3.13,13.5,0.0,0.0,0.00,ARMED,,12.5,1,
1791385318191,28.511265,77.383319,0.0,CNG,,14.9,0,706,22.7,0.92,,90.0,-0.78,-3.13,13.5,0.0,0.0,0.00,ARMED,,12.5,1,
1791385318934,28.511265,77.383319,0.0,CNG,,14.9,0,702,22.7,1.51,,90.0,-0.78,-3.13,13.5,0.0,0.0,0.00,ARMED,,12.5,1,
1791385320712,28.511265,77.383319,0.0,CNG,,14.9,0,700,37.3,2.56,,90.0,0.00,-3.13,13.4,0.0,0.0,0.00,ARMED,,14.9,1,
1791385321554,28.511265,77.383319,0.0,CNG,,14.9,0,813,37.3,3.49,,89.0,0.00,-3.13,13.4,0.0,0.0,0.00,ARMED,,14.9,1,
1791385322409,28.511265,77.383319,0.0,CNG,,14.9,0,827,37.3,2.90,,89.0,0.00,-3.13,13.4,0.0,0.0,0.00,ARMED,,14.9,1,
1791385323977,28.511265,77.383319,0.0,CNG,,14.9,0,844,39.2,3.44,,89.0,1.56,-3.13,13.4,0.0,0.0,0.00,ARMED,,15.3,1,
1791385324770,28.511265,77.383319,0.0,CNG,,14.9,0,852,39.2,3.43,,89.0,1.56,-3.13,13.3,0.0,0.0,0.00,ARMED,,15.3,1,
1791385325584,28.511265,77.383319,0.0,CNG,,14.9,0,847,39.2,3.07,,90.0,1.56,-3.13,13.3,0.0,0.0,0.00,ARMED,,15.3,1,
1791385327219,28.511265,77.383319,0.0,CNG,,14.9,0,844,24.3,2.62,,90.0,0.78,-3.13,13.4,0.0,0.0,0.00,ARMED,,12.9,1,
1791385327974,28.511265,77.383319,0.0,CNG,,14.9,0,763,24.3,2.07,,89.0,0.78,-3.13,13.4,0.0,0.0,0.00,ARMED,,12.9,1,
1791385328756,28.511265,77.383319,0.0,CNG,,14.9,0,732,24.3,0.86,,89.0,0.78,-3.13,13.5,0.0,0.0,0.00,ARMED,,12.9,1,
1791385330421,28.511265,77.383319,0.0,CNG,,14.9,0,719,22.7,1.98,,90.0,0.78,-3.13,13.5,0.0,0.0,0.00,ARMED,,12.5,1,
1791385331240,28.511265,77.383319,0.0,CNG,,14.9,0,707,22.7,1.68,,90.0,0.78,-3.13,13.5,0.0,0.0,0.00,ARMED,,12.5,1,
1791385332021,28.511265,77.383319,0.0,CNG,,14.9,0,699,22.7,2.04,,90.0,0.78,-3.13,13.5,0.0,0.0,0.00,ARMED,,12.5,1,
1791385333818,28.511265,77.383320,0.0,CNG,,14.9,0,709,22.4,1.52,,90.0,0.00,-3.13,13.5,0.0,0.0,0.00,ARMED,,12.5,1,
1791385334589,28.511265,77.383319,0.0,CNG,,14.9,0,703,22.4,1.73,,90.0,0.00,-3.13,13.5,0.0,0.0,0.00,ARMED,,12.5,1,
1791385335406,28.511265,77.383319,0.0,CNG,,14.9,0,705,22.4,1.77,,90.0,0.00,-3.13,13.6,0.0,0.0,0.00,ARMED,,12.5,1,
1791385337220,28.511265,77.383320,0.0,CNG,,14.9,0,705,22.4,1.86,,90.0,0.00,-3.13,13.4,0.0,0.0,0.00,ARMED,,12.5,1,
1791385338006,28.511265,77.383320,0.0,CNG,,14.9,0,725,22.4,1.85,,90.0,0.00,-3.13,13.2,0.0,0.0,0.00,ARMED,,12.5,1,
1791385338781,28.511265,77.383320,0.0,CNG,,14.9,0,784,22.4,2.31,,90.0,0.00,-3.13,13.2,0.0,0.0,0.00,ARMED,,12.5,1,
1791385340491,28.511265,77.383320,0.0,CNG,,14.9,0,811,39.6,3.14,,90.0,0.78,-3.13,13.3,0.0,0.0,0.00,ARMED,,15.3,1,
1791385341249,28.511265,77.383320,0.0,CNG,,14.9,0,841,39.6,3.52,,89.0,0.78,-3.13,13.3,0.0,0.0,0.00,ARMED,,15.3,1,
1791385342057,28.511265,77.383320,0.0,CNG,,14.9,0,851,39.6,3.48,,89.0,0.78,-3.13,13.5,0.0,0.0,0.00,ARMED,,15.3,1,
1791385343720,28.511265,77.383320,0.0,CNG,,14.9,0,845,38.4,3.30,,89.0,0.78,-3.13,13.5,0.0,0.0,0.00,ARMED,,14.9,1,
1791385344506,28.511265,77.383320,0.0,CNG,,14.9,0,843,38.4,2.33,,89.0,0.78,-3.13,13.4,0.0,0.0,0.00,ARMED,,14.9,1,
1791385345272,28.511265,77.383320,0.0,CNG,,14.9,0,828,38.4,1.68,,89.0,0.78,-3.13,13.4,0.0,0.0,0.00,ARMED,,14.9,1,
1791385346987,28.511265,77.383320,0.0,CNG,,14.9,0,760,23.1,1.03,,89.0,3.91,-3.13,13.5,0.0,0.0,0.00,ARMED,,12.5,1,
1791385347737,28.511265,77.383320,0.0,CNG,,14.9,0,716,23.1,2.05,,90.0,3.91,-3.13,13.5,0.0,0.0,0.00,ARMED,,12.5,1,
1791385348514,28.511265,77.383320,0.0,CNG,,14.9,0,712,23.1,1.97,,90.0,3.91,-3.13,13.5,0.0,0.0,0.00,ARMED,,12.5,1,
1791385350155,28.511265,77.383320,0.0,CNG,,14.9,0,708,22.7,2.04,,90.0,-0.78,-3.13,13.5,0.0,0.0,0.00,ARMED,,12.5,1,
1791385350905,28.511265,77.383320,0.0,CNG,,14.9,0,706,22.7,1.38,,90.0,-0.78,-3.13,13.4,0.0,0.0,0.00,ARMED,,12.5,1,
1791385351618,28.511265,77.383320,0.0,CNG,,14.9,0,698,22.7,1.81,,90.0,-0.78,-3.13,13.4,0.0,0.0,0.00,ARMED,,12.5,1,
1791385353260,28.511265,77.383320,0.0,CNG,,14.9,0,705,22.4,1.37,,90.0,-0.78,-3.13,13.5,0.0,0.0,0.00,ARMED,,12.5,1,
1791385354065,28.511265,77.383320,0.0,CNG,,14.9,0,704,22.4,1.27,,90.0,-0.78,-3.13,13.5,0.0,0.0,0.00,ARMED,,12.5,1,
1791385354824,28.511265,77.383320,0.0,CNG,,14.9,0,702,22.4,2.00,,90.0,-0.78,-3.13,13.3,0.0,0.0,0.00,ARMED,,12.5,1,
1791385356456,28.511265,77.383320,0.0,CNG,,14.9,0,780,39.6,2.17,,90.0,-1.56,-3.13,13.3,0.0,0.0,0.00,ARMED,,15.3,1,
1791385357221,28.511265,77.383320,0.0,CNG,,14.9,0,824,39.6,3.37,,90.0,-1.56,-3.13,13.5,0.0,0.0,0.00,ARMED,,15.3,1,
1791385358002,28.511265,77.383320,0.0,CNG,,14.9,0,842,39.6,3.24,,90.0,-1.56,-3.13,13.5,0.0,0.0,0.00,ARMED,,15.3,1,
1791385359686,28.511265,77.383320,0.0,CNG,,14.9,0,841,40.8,3.53,,90.0,1.56,-3.13,13.3,0.0,0.0,0.00,ARMED,,15.3,1,
1791385360428,28.511265,77.383320,0.0,CNG,,14.9,0,846,40.8,3.49,,90.0,1.56,-3.13,13.3,0.0,0.0,0.00,ARMED,,15.3,1,
1791385361207,28.511265,77.383320,0.0,CNG,,14.9,0,839,40.8,2.86,,90.0,1.56,-3.13,13.4,0.0,0.0,0.00,ARMED,,15.3,1,
1791385362902,28.511265,77.383320,0.0,CNG,,14.9,0,839,23.1,2.49,,90.0,-1.56,-2.34,13.4,0.0,0.0,0.00,ARMED,,12.9,1,
1791385363694,28.511265,77.383320,0.0,CNG,,14.9,0,738,23.1,1.02,,90.0,-1.56,-2.34,13.4,0.0,0.0,0.00,ARMED,,12.9,1,
1791385364430,28.511265,77.383320,0.0,CNG,,14.9,0,721,23.1,2.12,,90.0,-1.56,-2.34,13.4,0.0,0.0,0.00,ARMED,,12.9,1,
1791385366148,28.511265,77.383320,0.0,CNG,,14.9,0,713,22.7,2.08,,90.0,-0.78,-1.56,13.6,0.0,0.0,0.00,ARMED,,12.5,1,
1791385366890,28.511265,77.383320,0.0,CNG,,14.9,0,710,22.7,2.10,,90.0,-0.78,-1.56,13.6,0.0,0.0,0.00,ARMED,,12.5,1,
1791385367727,28.511265,77.383320,0.0,CNG,,14.9,0,710,22.7,0.78,,90.0,-0.78,-1.56,13.5,0.0,0.0,0.00,ARMED,,12.5,1,
1791385369628,28.511265,77.383320,0.0,CNG,,14.9,0,709,22.4,2.03,,90.0,-2.34,-1.56,13.4,0.0,0.0,0.00,ARMED,,12.5,1,
1791385370507,28.511265,77.383320,0.0,CNG,,14.9,0,703,22.4,1.43,,90.0,-2.34,-1.56,13.5,0.0,0.0,0.00,ARMED,,12.5,1,
1791385371262,28.511265,77.383320,0.0,CNG,,14.9,0,708,22.4,2.06,,90.0,-2.34,-1.56,13.5,0.0,0.0,0.00,ARMED,,12.5,1,
1791385372957,28.511265,77.383320,0.0,CNG,,14.9,0,703,36.5,1.98,,90.0,1.56,-2.34,13.0,0.0,0.0,0.00,ARMED,,14.5,1,
1791385373690,28.511265,77.383320,0.0,CNG,,14.9,0,788,36.5,3.34,,90.0,1.56,-2.34,13.0,0.0,0.0,0.00,ARMED,,14.5,1,
1791385374468,28.511265,77.383320,0.0,CNG,,14.9,0,812,36.5,3.42,,90.0,1.56,-2.34,13.4,0.0,0.0,0.00,ARMED,,14.5,1,
1791385376145,28.511265,77.383320,0.0,CNG,,14.9,0,829,39.2,3.09,,89.0,0.78,-2.34,13.4,0.0,0.0,0.00,ARMED,,15.3,1,
1791385376952,28.511265,77.383320,0.0,CNG,,14.9,0,844,39.2,3.39,,89.0,0.78,-2.34,13.4,0.0,0.0,0.00,ARMED,,15.3,1,
1791385377695,28.511265,77.383320,0.0,CNG,,14.9,0,848,39.2,2.40,,89.0,0.78,-2.34,13.4,0.0,0.0,0.00,ARMED,,15.3,1,
1791385379425,28.511265,77.383320,0.0,CNG,,14.9,0,847,38.0,3.37,,89.0,0.00,-2.34,13.4,0.0,0.0,0.00,ARMED,,11.4,1,
1791385380180,28.511265,77.383320,0.0,CNG,,14.9,0,765,38.0,1.52,,90.0,0.00,-2.34,13.4,0.0,0.0,0.00,ARMED,,11.4,1,
1791385380960,28.511265,77.383320,0.0,CNG,,14.9,0,744,38.0,1.53,,90.0,0.00,-2.34,13.4,0.0,0.0,0.00,ARMED,,11.4,1,
1791385382623,28.511265,77.383320,0.0,CNG,,14.9,0,727,22.7,2.01,,90.0,1.56,-2.34,13.4,0.0,0.0,0.00,ARMED,,12.5,1,
1791385383410,28.511265,77.383320,0.0,CNG,,14.9,0,709,22.7,2.02,,90.0,1.56,-2.34,13.4,0.0,0.0,0.00,ARMED,,12.5,1,
1791385384159,28.511265,77.383320,0.0,CNG,,14.9,0,708,22.7,1.50,,90.0,1.56,-2.34,13.4,0.0,0.0,0.00,ARMED,,12.5,1,
1791385385802,28.511265,77.383320,0.0,CNG,,14.9,0,706,22.7,1.95,,90.0,-0.78,-2.34,13.3,0.0,0.0,0.00,ARMED,,12.5,1,
1791385386578,28.511265,77.383320,0.0,CNG,,14.9,0,706,22.7,0.74,,90.0,-0.78,-2.34,13.3,0.0,0.0,0.00,ARMED,,12.5,1,
1791385387351,28.511265,77.383320,0.0,CNG,,14.9,0,705,22.7,2.06,,90.0,-0.78,-2.34,13.4,0.0,0.0,0.00,ARMED,,12.5,1,
1791385388949,28.511265,77.383320,0.0,CNG,,14.9,0,707,22.4,1.76,,90.0,0.00,-3.13,13.4,0.0,0.0,0.00,ARMED,,12.5,1,
1791385389758,28.511265,77.383320,0.0,CNG,,14.9,0,706,22.4,2.64,,90.0,0.00,-3.13,13.5,0.0,0.0,0.00,ARMED,,12.5,1,
1791385390519,28.511265,77.383320,0.0,CNG,,14.9,0,777,22.4,2.94,,90.0,0.00,-3.13,13.5,0.0,0.0,0.00,ARMED,,12.5,1,
1791385392249,28.511265,77.383320,0.0,CNG,,14.9,0,796,39.6,3.24,,90.0,0.78,-3.13,13.4,0.0,0.0,0.00,ARMED,,15.3,1,
1791385393016,28.511265,77.383320,0.0,CNG,,14.9,0,840,39.6,3.07,,90.0,0.78,-3.13,13.4,0.0,0.0,0.00,ARMED,,15.3,1,
1791385393825,28.511265,77.383320,0.0,CNG,,14.9,0,842,39.6,2.81,,90.0,0.78,-3.13,13.4,0.0,0.0,0.00,ARMED,,15.3,1,
1791385395487,28.511265,77.383320,0.0,CNG,,14.9,0,848,38.8,3.01,,89.0,0.78,-3.13,13.4,0.0,0.0,0.00,ARMED,,14.9,1,
1791385396261,28.511265,77.383320,0.0,CNG,,14.9,0,844,38.8,2.34,,89.0,0.78,-3.13,13.3,0.0,0.0,0.00,ARMED,,14.9,1,
1791385396996,28.511265,77.383320,0.0,CNG,,14.9,0,840,38.8,1.41,,89.0,0.78,-3.13,13.3,0.0,0.0,0.00,ARMED,,14.9,1,
1791385398678,28.511265,77.383320,0.0,CNG,,14.9,0,777,23.1,2.24,,89.0,3.13,-3.13,13.4,0.0,0.0,0.00,ARMED,,12.5,1,
1791385399449,28.511265,77.383320,0.0,CNG,,14.9,0,720,23.1,0.80,,90.0,3.13,-3.13,13.4,0.0,0.0,0.00,ARMED,,12.5,1,
1791385400187,28.511265,77.383320,0.0,CNG,,14.9,0,711,23.1,1.78,,90.0,3.13,-3.13,13.5,0.0,0.0,0.00,ARMED,,12.5,1,
1791385401980,28.511265,77.383320,0.0,CNG,,14.9,0,711,22.7,1.67,,90.0,-0.78,-2.34,13.4,0.0,0.0,0.00,ARMED,,12.5,1,
1791385402824,28.511265,77.383320,0.0,CNG,,14.9,0,706,22.7,1.94,,90.0,-0.78,-2.34,13.3,0.0,0.0,0.00,ARMED,,12.5,1,
1791385403597,28.511265,77.383320,0.0,CNG,,14.9,0,706,22.7,1.58,,90.0,-0.78,-2.34,13.3,0.0,0.0,0.00,ARMED,,12.5,1,
1791385405253,28.511265,77.383320,0.0,CNG,,14.9,0,705,22.4,1.97,,90.0,-0.78,-3.13,13.4,0.0,0.0,0.00,ARMED,,12.5,1,
1791385406045,28.511265,77.383320,0.0,CNG,,14.9,0,705,22.4,2.03,,90.0,-0.78,-3.13,13.4,0.0,0.0,0.00,ARMED,,12.5,1,
1791385406861,28.511265,77.383320,0.0,CNG,,14.9,0,708,22.4,4.41,,90.0,-0.78,-3.13,13.5,0.0,0.0,0.00,ARMED,,12.5,1,
1791385408491,28.511265,77.383320,0.0,CNG,,14.9,0,763,38.8,2.79,,89.0,-2.34,-3.13,13.5,0.0,0.0,0.00,ARMED,,15.3,1,
1791385409317,28.511265,77.383320,0.0,CNG,,14.9,0,819,38.8,3.44,,89.0,-2.34,-3.13,13.3,0.0,0.0,0.00,ARMED,,15.3,1,
1791385410060,28.511265,77.383320,0.0,CNG,,14.9,0,835,38.8,3.57,,89.0,-2.34,-3.13,13.3,0.0,0.0,0.00,ARMED,,15.3,1,
1791385411725,28.511265,77.383320,0.0,CNG,,14.9,0,841,40.8,2.44,,89.0,0.78,-3.13,13.4,0.0,0.0,0.00,ARMED,,15.3,1,
1791385412452,28.511265,77.383320,0.0,CNG,,14.9,0,853,40.8,3.17,,89.0,0.78,-3.13,13.4,0.0,0.0,0.00,ARMED,,15.3,1,
1791385413194,28.511265,77.383320,0.0,CNG,,14.9,0,842,40.8,3.57,,89.0,0.78,-3.13,13.3,0.0,0.0,0.00,ARMED,,15.3,1,
1791385414827,28.511265,77.383320,0.0,CNG,,14.9,0,837,23.5,2.51,,89.0,0.78,-3.13,13.3,0.0,0.0,0.00,ARMED,,12.9,1,
1791385415617,28.511265,77.383320,0.0,CNG,,14.9,0,750,23.5,1.00,,89.0,0.78,-3.13,13.5,0.0,0.0,0.00,ARMED,,12.9,1,
1791385416353,28.511265,77.383320,0.0,CNG,,14.9,0,731,23.5,1.25,,89.0,0.78,-3.13,13.5,0.0,0.0,0.00,ARMED,,12.9,1,
1791385417986,28.511265,77.383320,0.0,CNG,,14.9,0,716,23.1,1.21,,89.0,0.78,-3.13,13.4,0.0,0.0,0.00,ARMED,,12.5,1,
1791385418752,28.511265,77.383320,0.0,CNG,,14.9,0,705,23.1,0.77,,90.0,0.78,-3.13,13.4,0.0,0.0,0.00,ARMED,,12.5,1,
1791385419581,28.511265,77.383320,0.0,CNG,,14.9,0,705,23.1,0.76,,90.0,0.78,-3.13,13.5,0.0,0.0,0.00,ARMED,,12.5,1,
1791385421165,28.511265,77.383320,0.0,CNG,,14.9,0,710,22.4,1.98,,90.0,-0.78,-2.34,13.5,0.0,0.0,0.00,ARMED,,12.5,1,
1791385421940,28.511265,77.383320,0.0,CNG,,14.9,0,702,22.4,1.10,,90.0,-0.78,-2.34,13.6,0.0,0.0,0.00,ARMED,,12.5,1,
1791385422672,28.511265,77.383320,0.0,CNG,,14.9,0,702,22.4,0.76,,90.0,-0.78,-2.34,13.6,0.0,0.0,0.00,ARMED,,12.5,1,
1791385424330,28.511265,77.383320,0.0,CNG,,14.9,0,708,22.4,1.66,,90.0,0.00,-3.13,13.3,0.0,0.0,0.00,ARMED,,16.5,1,
1791385425121,28.511265,77.383320,0.0,CNG,,14.9,0,738,22.4,2.91,,89.0,0.00,-3.13,13.3,0.0,0.0,0.00,ARMED,,16.5,1,
1791385425925,28.511265,77.383320,0.0,CNG,,14.9,0,775,22.4,2.20,,89.0,0.00,-3.13,13.4,0.0,0.0,0.00,ARMED,,16.5,1,
1791385427554,28.511265,77.383320,0.0,CNG,,14.9,0,806,39.2,2.65,,89.0,0.78,-3.13,13.4,0.0,0.0,0.00,ARMED,,15.3,1,
1791385428327,28.511265,77.383320,0.0,CNG,,14.9,0,836,39.2,3.53,,89.0,0.78,-3.13,13.5,0.0,0.0,0.00,ARMED,,15.3,1,
1791385429087,28.511265,77.383320,0.0,CNG,,14.9,0,844,39.2,3.00,,89.0,0.78,-3.13,13.5,0.0,0.0,0.00,ARMED,,15.3,1,
1791385430742,28.511265,77.383320,0.0,CNG,,14.9,0,848,38.4,3.28,,89.0,0.78,-3.13,13.2,0.0,0.0,0.00,ARMED,,14.9,1,
1791385431479,28.511265,77.383320,0.0,CNG,,14.9,0,837,38.4,3.42,,89.0,0.78,-3.13,13.2,0.0,0.0,0.00,ARMED,,14.9,1,
1791385432279,28.511265,77.383320,0.0,CNG,,14.9,0,831,38.4,1.23,,89.0,0.78,-3.13,13.3,0.0,0.0,0.00,ARMED,,14.9,1,
1791385434165,28.511265,77.383320,0.0,CNG,,14.9,0,764,22.7,1.42,,89.0,3.91,-3.13,13.6,0.0,0.0,0.00,ARMED,,12.5,1,
1791385434986,28.511265,77.383320,0.0,CNG,,14.9,0,714,22.7,2.08,,89.0,3.91,-3.13,13.4,0.0,0.0,0.00,ARMED,,12.5,1,
1791385435748,28.511265,77.383320,0.0,CNG,,14.9,0,705,22.7,1.16,,89.0,3.91,-3.13,13.4,0.0,0.0,0.00,ARMED,,12.5,1,
1791385437539,28.511265,77.383320,0.0,CNG,,14.9,0,709,22.7,0.96,,89.0,-0.78,-2.34,13.5,0.0,0.0,0.00,ARMED,,12.5,1,
1791385438326,28.511265,77.383320,0.0,CNG,,14.9,0,707,22.7,1.04,,89.0,-0.78,-2.34,13.5,0.0,0.0,0.00,ARMED,,12.5,1,
1791385439091,28.511265,77.383320,0.0,CNG,,14.9,0,710,22.7,1.87,,89.0,-0.78,-2.34,13.5,0.0,0.0,0.00,ARMED,,12.5,1,
1791385440767,28.511265,77.383320,0.0,CNG,,14.9,0,703,22.4,2.05,,89.0,-0.78,-2.34,13.5,0.0,0.0,0.00,ARMED,,12.5,1,
1791385441526,28.511265,77.383320,0.0,CNG,,14.9,0,701,22.4,1.92,,89.0,-0.78,-2.34,13.4,0.0,0.0,0.00,ARMED,,12.5,1,
1791385442296,28.511265,77.383320,0.0,CNG,,14.9,0,748,22.4,2.10,,89.0,-0.78,-2.34,13.4,0.0,0.0,0.00,ARMED,,12.5,1,
1791385444064,28.511265,77.383320,0.0,CNG,,14.9,0,787,40.0,3.00,,89.0,0.00,-2.34,13.2,0.0,0.0,0.00,ARMED,,15.3,1,
1791385444815,28.511265,77.383320,0.0,CNG,,14.9,0,832,40.0,3.57,,89.0,0.00,-2.34,13.2,0.0,0.0,0.00,ARMED,,15.3,1,
1791385445568,28.511265,77.383320,0.0,CNG,,14.9,0,842,40.0,3.56,,89.0,0.00,-2.34,13.2,0.0,0.0,0.00,ARMED,,15.3,1,
1791385447279,28.511265,77.383320,0.0,CNG,,14.9,0,848,40.8,3.54,,89.0,0.00,-2.34,13.2,0.0,0.0,0.00,ARMED,,15.3,1,
1791385448075,28.511265,77.383320,0.0,CNG,,14.9,0,851,40.8,3.55,,89.0,0.00,-2.34,13.4,0.0,0.0,0.00,ARMED,,15.3,1,
1791385448808,28.511265,77.383320,0.0,CNG,,14.9,0,842,40.8,3.39,,89.0,0.00,-2.34,13.4,0.0,0.0,0.00,ARMED,,15.3,1,
1791385450469,28.511265,77.383320,0.0,CNG,,14.9,0,804,23.1,1.85,,89.0,-1.56,-2.34,13.2,0.0,0.0,0.00,ARMED,,12.5,1,
1791385451209,28.511265,77.383320,0.0,CNG,,14.9,0,729,23.1,2.06,,89.0,-1.56,-2.34,13.2,0.0,0.0,0.00,ARMED,,12.5,1,
1791385452063,28.511265,77.383320,0.0,CNG,,14.9,0,717,23.1,1.37,,89.0,-1.56,-2.34,13.4,0.0,0.0,0.00,ARMED,,12.5,1,
1791385453752,28.511265,77.383320,0.0,CNG,,14.9,0,712,22.7,2.08,,89.0,0.00,-2.34,13.4,0.0,0.0,0.00,ARMED,,12.5,1,
1791385454574,28.511265,77.383320,0.0,CNG,,14.9,0,708,22.7,1.37,,89.0,0.00,-2.34,13.4,0.0,0.0,0.00,ARMED,,12.5,1,
1791385455357,28.511265,77.383320,0.0,CNG,,14.9,0,704,22.7,0.93,,89.0,0.00,-2.34,13.4,0.0,0.0,0.00,ARMED,,12.5,1,
1791385457043,28.511265,77.383320,0.0,CNG,,14.9,0,708,22.4,0.75,,89.0,0.00,-2.34,13.5,0.0,0.0,0.00,ARMED,,12.5,1,
1791385457784,28.511265,77.383320,0.0,CNG,,14.9,0,707,22.4,2.00,,89.0,0.00,-2.34,13.5,0.0,0.0,0.00,ARMED,,12.5,1,
1791385458538,28.511265,77.383320,0.0,CNG,,14.9,0,704,22.4,1.63,,89.0,0.00,-2.34,13.2,0.0,0.0,0.00,ARMED,,12.5,1,
1791385460174,28.511265,77.383320,0.0,CNG,,14.9,0,705,35.7,2.08,,89.0,0.00,-2.34,13.2,0.0,0.0,0.00,ARMED,,14.1,1,
1791385461005,28.511265,77.383320,0.0,CNG,,14.9,0,769,35.7,3.13,,89.0,0.00,-2.34,13.3,0.0,0.0,0.00,ARMED,,14.1,1,
1791385461811,28.511265,77.383320,0.0,CNG,,14.9,0,791,35.7,3.50,,89.0,0.00,-2.34,13.3,0.0,0.0,0.00,ARMED,,14.1,1,
1791385463472,28.511265,77.383320,0.0,CNG,,14.9,0,825,39.6,3.49,,89.0,0.78,-2.34,13.5,0.0,0.0,0.00,ARMED,,15.3,1,
1791385464216,28.511265,77.383320,0.0,CNG,,14.9,0,834,39.6,3.42,,89.0,0.78,-2.34,13.5,0.0,0.0,0.00,ARMED,,15.3,1,
1791385465024,28.511265,77.383320,0.0,CNG,,14.9,0,847,39.6,2.41,,89.0,0.78,-2.34,13.4,0.0,0.0,0.00,ARMED,,15.3,1,
1791385466793,28.511265,77.383320,0.0,CNG,,14.9,0,842,38.4,3.43,,89.0,0.78,-2.34,13.3,0.0,0.0,0.00,ARMED,,14.9,1,
1791385467628,28.511265,77.383320,0.0,CNG,,14.9,0,841,38.4,1.33,,89.0,0.78,-2.34,13.3,0.0,0.0,0.00,ARMED,,14.9,1,
1791385468354,28.511265,77.383320,0.0,CNG,,14.9,0,771,38.4,2.20,,89.0,0.78,-2.34,13.3,0.0,0.0,0.00,ARMED,,14.9,1,
1791385470058,28.511265,77.383320,0.0,CNG,,14.9,0,733,23.1,0.89,,89.0,3.13,-2.34,13.4,0.0,0.0,0.00,ARMED,,12.5,1,
1791385470797,28.511265,77.383320,0.0,CNG,,14.9,0,715,23.1,1.95,,89.0,3.13,-2.34,13.4,0.0,0.0,0.00,ARMED,,12.5,1,
1791385471579,28.511265,77.383320,0.0,CNG,,14.9,0,710,23.1,2.06,,89.0,3.13,-2.34,13.4,0.0,0.0,0.00,ARMED,,12.5,1,
1791385473232,28.511265,77.383320,0.0,CNG,,14.9,0,710,22.7,2.06,,89.0,-0.78,-2.34,13.4,0.0,0.0,0.00,ARMED,,12.5,1,
1791385474011,28.511265,77.383320,0.0,CNG,,14.9,0,705,22.7,1.09,,89.0,-0.78,-2.34,13.2,0.0,0.0,0.00,ARMED,,12.5,1,
1791385474752,28.511265,77.383320,0.0,CNG,,14.9,0,702,22.7,1.94,,89.0,-0.78,-2.34,13.2,0.0,0.0,0.00,ARMED,,12.5,1,
1791385476379,28.511265,77.383320,0.0,CNG,,14.9,0,707,22.7,1.98,,89.0,0.00,-2.34,13.5,0.0,0.0,0.00,ARMED,,12.5,1,
1791385477132,28.511265,77.383320,0.0,CNG,,14.9,0,703,22.7,3.77,,89.0,0.00,-2.34,13.5,0.0,0.0,0.00,ARMED,,12.5,1,
1791385477908,28.511265,77.383320,0.0,CNG,,14.9,0,764,22.7,2.37,,89.0,0.00,-2.34,13.1,0.0,0.0,0.00,ARMED,,12.5,1,
1791385479602,28.511265,77.383320,0.0,CNG,,14.9,0,794,40.0,3.33,,89.0,0.78,-2.34,13.1,0.0,0.0,0.00,ARMED,,15.3,1,
1791385480420,28.511265,77.383320,0.0,CNG,,14.9,0,831,40.0,3.53,,89.0,0.78,-2.34,13.2,0.0,0.0,0.00,ARMED,,15.3,1,
1791385481137,28.511265,77.383320,0.0,CNG,,14.9,0,845,40.0,2.61,,89.0,0.78,-2.34,13.2,0.0,0.0,0.00,ARMED,,15.3,1,
1791385482775,28.511265,77.383320,0.0,CNG,,14.9,0,848,40.8,2.82,,89.0,0.78,-2.34,13.4,0.0,0.0,0.00,ARMED,,15.3,1,
1791385483491,28.511265,77.383320,0.0,CNG,,14.9,0,846,40.8,3.40,,89.0,0.78,-2.34,13.4,0.0,0.0,0.00,ARMED,,15.3,1,
1791385484261,28.511265,77.383320,0.0,CNG,,14.9,0,839,40.8,3.29,,89.0,0.78,-2.34,13.2,0.0,0.0,0.00,ARMED,,15.3,1,
1791385485904,28.511265,77.383320,0.0,CNG,,14.9,0,833,23.1,0.45,,89.0,-3.13,-2.34,13.2,0.0,0.0,0.00,ARMED,,12.5,1,
1791385486677,28.511265,77.383320,0.0,CNG,,14.9,0,731,23.1,1.06,,89.0,-3.13,-2.34,13.4,0.0,0.0,0.00,ARMED,,12.5,1,
1791385487422,28.511265,77.383320,0.0,CNG,,14.9,0,716,23.1,1.20,,89.0,-3.13,-2.34,13.4,0.0,0.0,0.00,ARMED,,12.5,1,
1791385489069,28.511265,77.383320,0.0,CNG,,14.9,0,709,23.1,1.38,,89.0,0.00,-2.34,13.5,0.0,0.0,0.00,ARMED,,12.5,1,
1791385489831,28.511265,77.383320,0.0,CNG,,14.9,0,709,23.1,1.99,,89.0,0.00,-2.34,13.5,0.0,0.0,0.00,ARMED,,12.5,1,
1791385490646,28.511265,77.383320,0.0,CNG,,14.9,0,706,23.1,1.99,,89.0,0.00,-2.34,13.3,0.0,0.0,0.00,ARMED,,12.5,1,
1791385492281,28.511265,77.383320,0.0,CNG,,14.9,0,705,22.7,1.95,,89.0,0.00,-2.34,13.3,0.0,0.0,0.00,ARMED,,12.5,1,
1791385493087,28.511265,77.383320,0.0,CNG,,14.9,0,706,22.7,2.03,,89.0,0.00,-2.34,13.4,0.0,0.0,0.00,ARMED,,12.5,1,
1791385493797,28.511265,77.383320,0.0,CNG,,14.9,0,710,22.7,0.81,,89.0,0.00,-2.34,13.4,0.0,0.0,0.00,ARMED,,12.5,1,
1791385495561,28.511265,77.383320,0.0,CNG,,14.9,0,702,33.7,0.92,,89.0,0.00,-2.34,13.5,0.0,0.0,0.00,ARMED,,14.1,1,
1791385496295,28.511265,77.383320,0.0,CNG,,14.9,0,754,33.7,2.49,,89.0,0.00,-2.34,13.5,0.0,0.0,0.00,ARMED,,14.1,1,
1791385497054,28.511265,77.383320,0.0,CNG,,14.9,0,786,33.7,3.32,,89.0,0.00,-2.34,13.3,0.0,0.0,0.00,ARMED,,14.1,1,
1791385498886,28.511265,77.383320,0.0,CNG,,14.9,0,811,39.6,2.94,,89.0,0.78,-2.34,13.5,0.0,0.0,0.00,ARMED,,15.3,1,
1791385499702,28.511265,77.383320,0.0,CNG,,14.9,0,844,39.6,2.75,,89.0,0.78,-2.34,13.2,0.0,0.0,0.00,ARMED,,15.3,1,
1791385500418,28.511265,77.383320,0.0,CNG,,14.9,0,848,39.6,3.49,,89.0,0.78,-2.34,13.2,0.0,0.0,0.00,ARMED,,15.3,1,
1791385502146,28.511265,77.383320,0.0,CNG,,14.9,0,843,38.4,3.47,,89.0,0.78,-2.34,13.5,0.0,0.0,0.00,ARMED,,14.9,1,
1791385502911,28.511265,77.383320,0.0,CNG,,14.9,0,836,38.4,3.40,,89.0,0.78,-2.34,13.5,0.0,0.0,0.00,ARMED,,14.9,1,
1791385503722,28.511265,77.383320,0.0,CNG,,14.9,0,778,38.4,2.13,,89.0,0.78,-2.34,13.4,0.0,0.0,0.00,ARMED,,14.9,1,
1791385505400,28.511265,77.383320,0.0,CNG,,14.9,0,737,23.1,2.10,,89.0,3.13,-2.34,13.4,0.0,0.0,0.00,ARMED,,12.5,1,
1791385506190,28.511265,77.383320,0.0,CNG,,14.9,0,715,23.1,1.81,,89.0,3.13,-2.34,13.5,0.0,0.0,0.00,ARMED,,12.5,1,
1791385506934,28.511265,77.383320,0.0,CNG,,14.9,0,711,23.1,0.81,,89.0,3.13,-2.34,13.5,0.0,0.0,0.00,ARMED,,12.5,1,
1791385508567,28.511265,77.383320,0.0,CNG,,14.9,0,708,22.7,1.97,,89.0,0.00,-2.34,13.3,0.0,0.0,0.00,ARMED,,12.5,1,
1791385509364,28.511265,77.383320,0.0,CNG,,14.9,0,710,22.7,2.05,,89.0,0.00,-2.34,13.3,0.0,0.0,0.00,ARMED,,12.5,1,
1791385510118,28.511265,77.383320,0.0,CNG,,14.9,0,704,22.7,1.90,,89.0,0.00,-2.34,13.2,0.0,0.0,0.00,ARMED,,12.5,1,
1791385511732,28.511265,77.383320,0.0,CNG,,14.9,0,702,23.1,2.09,,89.0,0.00,-2.34,13.2,0.0,0.0,0.00,ARMED,,12.5,1,
1791385512476,28.511265,77.383320,0.0,CNG,,14.9,0,693,23.1,0.99,,89.0,0.00,-2.34,13.3,0.0,0.0,0.00,ARMED,,12.5,1,
1791385513245,28.511265,77.383320,0.0,CNG,,14.9,0,705,23.1,4.50,,89.0,0.00,-2.34,13.3,0.0,0.0,0.00,ARMED,,12.5,1,
1791385514872,28.511266,77.383320,0.0,CNG,,14.9,0,764,39.6,3.20,,89.0,-1.56,-2.34,13.6,0.0,0.0,0.00,ARMED,,15.3,1,
1791385515580,28.511266,77.383320,0.0,CNG,,14.9,0,816,39.6,3.52,,89.0,-1.56,-2.34,13.6,0.0,0.0,0.00,ARMED,,15.3,1,
1791385516435,28.511266,77.383320,0.0,CNG,,14.9,0,835,39.6,2.50,,89.0,-1.56,-2.34,13.4,0.0,0.0,0.00,ARMED,,15.3,1,
1791385518140,28.511266,77.383320,0.0,CNG,,14.9,0,839,41.2,3.50,,89.0,0.78,-2.34,13.4,0.0,0.0,0.00,ARMED,,15.3,1,
1791385518965,28.511266,77.383320,0.0,CNG,,14.9,0,849,41.2,2.82,,89.0,0.78,-2.34,13.5,0.0,0.0,0.00,ARMED,,15.3,1,
1791385519731,28.511266,77.383320,0.0,CNG,,14.9,0,845,41.2,2.72,,89.0,0.78,-2.34,13.5,0.0,0.0,0.00,ARMED,,15.3,1,
1791385521428,28.511266,77.383320,0.0,CNG,,14.9,0,840,22.7,3.53,,89.0,-2.34,-2.34,13.3,0.0,0.0,0.00,ARMED,,12.9,1,
1791385522194,28.511266,77.383320,0.0,CNG,,14.9,0,732,22.7,1.95,,89.0,-2.34,-2.34,13.3,0.0,0.0,0.00,ARMED,,12.9,1,
1791385523002,28.511266,77.383320,0.0,CNG,,14.9,0,726,22.7,2.12,,89.0,-2.34,-2.34,13.2,0.0,0.0,0.00,ARMED,,12.9,1,
1791385524643,28.511266,77.383320,0.0,CNG,,14.9,0,716,23.1,0.91,,89.0,0.00,-2.34,13.2,0.0,0.0,0.00,ARMED,,12.5,1,
1791385525514,28.511266,77.383320,0.0,CNG,,14.9,0,713,23.1,1.87,,89.0,0.00,-2.34,13.4,0.0,0.0,0.00,ARMED,,12.5,1,
1791385526243,28.511266,77.383320,0.0,CNG,,14.9,0,707,23.1,0.81,,89.0,0.00,-2.34,13.4,0.0,0.0,0.00,ARMED,,12.5,1,
1791385527940,28.511266,77.383320,0.0,CNG,,14.9,0,708,22.7,1.93,,89.0,-0.78,-2.34,13.5,0.0,0.0,0.00,ARMED,,12.5,1,
1791385528678,28.511266,77.383320,0.0,CNG,,14.9,0,710,22.7,0.80,,89.0,-0.78,-2.34,13.5,0.0,0.0,0.00,ARMED,,12.5,1,
1791385529435,28.511266,77.383320,0.0,CNG,,14.9,0,707,22.7,1.98,,89.0,-0.78,-2.34,13.2,0.0,0.0,0.00,ARMED,,12.5,1,
1791385531255,28.511266,77.383320,0.0,CNG,,14.9,0,709,27.8,1.64,,89.0,0.00,-2.34,13.6,0.0,0.0,0.00,ARMED,,14.5,1,
1791385532008,28.511266,77.383320,0.0,CNG,,14.9,0,757,27.8,2.73,,89.0,0.00,-2.34,13.1,0.0,0.0,0.00,ARMED,,14.5,1,
1791385532793,28.511266,77.383320,0.0,CNG,,14.9,0,787,27.8,2.28,,89.0,0.00,-2.34,13.1,0.0,0.0,0.00,ARMED,,14.5,1,
1791385534479,28.511266,77.383320,0.0,CNG,,14.9,0,812,39.6,2.81,,89.0,0.78,-2.34,13.3,0.0,0.0,0.00,ARMED,,15.3,1,
1791385535229,28.511266,77.383320,0.0,CNG,,14.9,0,834,39.6,3.37,,89.0,0.78,-2.34,13.3,0.0,0.0,0.00,ARMED,,15.3,1,
1791385536010,28.511266,77.383320,0.0,CNG,,14.9,0,845,39.6,3.45,,89.0,0.78,-2.34,13.3,0.0,0.0,0.00,ARMED,,15.3,1,
1791385537670,28.511266,77.383320,0.0,CNG,,14.9,0,842,38.8,3.44,,89.0,0.00,-2.34,13.3,0.0,0.0,0.00,ARMED,,14.9,1,
1791385538428,28.511266,77.383320,0.0,CNG,,14.9,0,839,38.8,2.33,,89.0,0.00,-2.34,13.4,0.0,0.0,0.00,ARMED,,14.9,1,
1791385539192,28.511266,77.383320,0.0,CNG,,14.9,0,792,38.8,1.81,,89.0,0.00,-2.34,13.4,0.0,0.0,0.00,ARMED,,14.9,1,
1791385540888,28.511266,77.383320,0.0,CNG,,14.9,0,749,23.1,1.17,,89.0,3.91,-2.34,13.5,0.0,0.0,0.00,ARMED,,12.5,1,
1791385541664,28.511266,77.383320,0.0,CNG,,14.9,0,719,23.1,2.00,,89.0,3.91,-2.34,13.5,0.0,0.0,0.00,ARMED,,12.5,1,
1791385542501,28.511266,77.383320,0.0,CNG,,14.9,0,711,23.1,0.93,,89.0,3.91,-2.34,13.4,0.0,0.0,0.00,ARMED,,12.5,1,
1791385544169,28.511266,77.383320,0.0,CNG,,14.9,0,709,22.7,0.83,,89.0,0.00,-2.34,13.4,0.0,0.0,0.00,ARMED,,12.5,1,
1791385544944,28.511266,77.383320,0.0,CNG,,14.9,0,710,22.7,1.91,,89.0,0.00,-2.34,13.2,0.0,0.0,0.00,ARMED,,12.5,1,
1791385545732,28.511266,77.383320,0.0,CNG,,14.9,0,708,22.7,1.15,,89.0,0.00,-2.34,13.2,0.0,0.0,0.00,ARMED,,12.5,1,
1791385547428,28.511266,77.383320,0.0,CNG,,14.9,0,703,22.4,1.12,,89.0,0.00,-2.34,13.5,0.0,0.0,0.00,ARMED,,12.5,1,
1791385548229,28.511266,77.383320,0.0,CNG,,14.9,0,708,22.4,1.97,,89.0,0.00,-2.34,13.5,0.0,0.0,0.00,ARMED,,12.5,1,
1791385549046,28.511266,77.383320,0.0,CNG,,14.9,0,705,22.4,2.96,,89.0,0.00,-2.34,13.4,0.0,0.0,0.00,ARMED,,12.5,1,
1791385550704,28.511266,77.383320,0.0,CNG,,14.9,0,783,39.2,2.16,,89.0,-0.78,-2.34,13.4,0.0,0.0,0.00,ARMED,,15.3,1,
1791385551489,28.511266,77.383320,0.0,CNG,,14.9,0,827,39.2,3.54,,89.0,-0.78,-2.34,13.4,0.0,0.0,0.00,ARMED,,15.3,1,
1791385552227,28.511266,77.383320,0.0,CNG,,14.9,0,840,39.2,3.15,,89.0,-0.78,-2.34,13.4,0.0,0.0,0.00,ARMED,,15.3,1,
1791385553859,28.511266,77.383320,0.0,CNG,,14.9,0,847,40.8,3.24,,89.0,0.78,-2.34,13.4,0.0,0.0,0.00,ARMED,,15.3,1,
1791385554661,28.511266,77.383320,0.0,CNG,,14.9,0,841,40.8,3.56,,89.0,0.78,-2.34,13.4,0.0,0.0,0.00,ARMED,,15.3,1,
1791385555471,28.511266,77.383320,0.0,CNG,,14.9,0,841,40.8,2.61,,89.0,0.78,-2.34,13.3,0.0,0.0,0.00,ARMED,,15.3,1,
1791385557088,28.511266,77.383320,0.0,CNG,,14.9,0,811,23.1,1.49,,89.0,-3.13,-2.34,13.3,0.0,0.0,0.00,ARMED,,12.5,1,
1791385557866,28.511266,77.383320,0.0,CNG,,14.9,0,731,23.1,2.14,,89.0,-3.13,-2.34,13.4,0.0,0.0,0.00,ARMED,,12.5,1,
1791385558732,28.511266,77.383320,0.0,CNG,,14.9,0,719,23.1,0.95,,89.0,-3.13,-2.34,13.4,0.0,0.0,0.00,ARMED,,12.5,1,
1791385560429,28.511266,77.383320,0.0,CNG,,14.9,0,706,22.7,1.37,,89.0,0.00,-2.34,13.6,0.0,0.0,0.00,ARMED,,12.5,1,
1791385561162,28.511266,77.383320,0.0,CNG,,14.9,0,702,22.7,2.07,,89.0,0.00,-2.34,13.6,0.0,0.0,0.00,ARMED,,12.5,1,
1791385561935,28.511265,77.383321,0.0,CNG,,14.9,0,711,22.7,1.52,,89.0,0.00,-2.34,13.5,0.0,0.0,0.00,ARMED,,12.5,1,
1791385563756,28.511265,77.383321,0.0,CNG,,14.9,0,707,22.4,0.95,,89.0,0.00,-2.34,13.3,0.0,0.0,0.00,ARMED,,12.5,1,
1791385564577,28.511265,77.383321,0.0,CNG,,14.9,0,706,22.4,1.50,,89.0,0.00,-2.34,13.5,0.0,0.0,0.00,ARMED,,12.5,1,
1791385565303,28.511265,77.383321,0.0,CNG,,14.9,0,706,22.4,1.18,,89.0,0.00,-2.34,13.5,0.0,0.0,0.00,ARMED,,12.5,1,
1791385567006,28.511265,77.383321,0.0,CNG,,14.9,0,707,36.5,1.63,,89.0,0.78,-2.34,13.1,0.0,0.0,0.00,ARMED,,14.1,1,
1791385567739,28.511265,77.383321,0.0,CNG,,14.9,0,782,36.5,3.29,,89.0,0.78,-2.34,13.1,0.0,0.0,0.00,ARMED,,14.1,1,
1791385568499,28.511265,77.383321,0.0,CNG,,14.9,0,811,36.5,2.40,,89.0,0.78,-2.34,13.3,0.0,0.0,0.00,ARMED,,14.1,1,
1791385570213,28.511265,77.383321,0.0,CNG,,14.9,0,828,39.6,3.24,,89.0,1.56,-2.34,13.3,0.0,0.0,0.00,ARMED,,15.3,1,
1791385570972,28.511265,77.383321,0.0,CNG,,14.9,0,846,39.6,2.50,,89.0,1.56,-2.34,13.5,0.0,0.0,0.00,ARMED,,15.3,1,
1791385571728,28.511265,77.383322,0.0,CNG,,14.9,0,848,39.6,3.22,,89.0,1.56,-2.34,13.5,0.0,0.0,0.00,ARMED,,15.3,1,
1791385573365,28.511265,77.383321,0.0,CNG,,14.9,0,848,38.4,3.18,,89.0,0.00,-2.34,13.4,0.0,0.0,0.00,ARMED,,14.9,1,
1791385574160,28.511265,77.383322,0.0,CNG,,14.9,0,825,38.4,2.22,,89.0,0.00,-2.34,13.4,0.0,0.0,0.00,ARMED,,14.9,1,
1791385574962,28.511265,77.383321,0.0,CNG,,14.9,0,753,38.4,1.71,,89.0,0.00,-2.34,13.4,0.0,0.0,0.00,ARMED,,14.9,1,
1791385576644,28.511265,77.383321,0.0,CNG,,14.9,0,730,22.7,1.58,,89.0,1.56,-2.34,13.4,0.0,0.0,0.00,ARMED,,12.5,1,
1791385577387,28.511265,77.383321,0.0,CNG,,14.9,0,707,22.7,1.41,,89.0,1.56,-2.34,13.3,0.0,0.0,0.00,ARMED,,12.5,1,
1791385578172,28.511265,77.383321,0.0,CNG,,14.9,0,711,22.7,1.99,,89.0,1.56,-2.34,13.3,0.0,0.0,0.00,ARMED,,12.5,1,
1791385579823,28.511265,77.383321,0.0,CNG,,14.9,0,709,22.7,1.84,,89.0,0.00,-2.34,13.4,0.0,0.0,0.00,ARMED,,12.5,1,
1791385580604,28.511265,77.383321,0.0,CNG,,14.9,0,705,22.7,2.05,,89.0,0.00,-2.34,13.4,0.0,0.0,0.00,ARMED,,12.5,1,
1791385581367,28.511265,77.383321,0.0,CNG,,14.9,0,708,22.7,0.76,,89.0,0.00,-2.34,13.4,0.0,0.0,0.00,ARMED,,12.5,1,
1791385582979,28.511265,77.383321,0.0,CNG,,14.9,0,692,22.4,0.71,,89.0,0.00,-2.34,13.4,0.0,0.0,0.00,ARMED,,12.5,1,
1791385583827,28.511265,77.383321,0.0,CNG,,14.9,0,700,22.4,2.37,,89.0,0.00,-2.34,13.5,0.0,0.0,0.00,ARMED,,12.5,1,
1791385584563,28.511265,77.383321,0.0,CNG,,14.9,0,781,22.4,2.12,,89.0,0.00,-2.34,13.5,0.0,0.0,0.00,ARMED,,12.5,1,
1791385586295,28.511265,77.383321,0.0,CNG,,14.9,0,807,40.0,3.11,,89.0,0.00,-2.34,13.2,0.0,0.0,0.00,ARMED,,15.3,1,
1791385587071,28.511265,77.383321,0.0,CNG,,14.9,0,835,40.0,2.61,,89.0,0.00,-2.34,13.2,0.0,0.0,0.00,ARMED,,15.3,1,
1791385587913,28.511265,77.383321,0.0,CNG,,14.9,0,849,40.0,3.17,,89.0,0.00,-2.34,13.4,0.0,0.0,0.00,ARMED,,15.3,1,
1791385589473,28.511265,77.383321,0.0,CNG,,14.9,0,849,40.8,2.53,,89.0,0.00,-2.34,13.4,0.0,0.0,0.00,ARMED,,15.3,1,
1791385590277,28.511265,77.383321,0.0,CNG,,14.9,0,841,40.8,3.25,,89.0,0.00,-2.34,13.1,0.0,0.0,0.00,ARMED,,15.3,1,
1791385590996,28.511265,77.383321,0.0,CNG,,14.9,0,838,40.8,1.80,,89.0,0.00,-2.34,13.1,0.0,0.0,0.00,ARMED,,15.3,1,
1791385592640,28.511265,77.383321,0.0,CNG,,14.9,0,776,23.1,1.40,,89.0,1.56,-2.34,13.4,0.0,0.0,0.00,ARMED,,12.5,1,
1791385593397,28.511265,77.383321,0.0,CNG,,14.9,0,726,23.1,0.80,,89.0,1.56,-2.34,13.4,0.0,0.0,0.00,ARMED,,12.5,1,
1791385594213,28.511265,77.383321,0.0,CNG,,14.9,0,714,23.1,1.84,,89.0,1.56,-2.34,13.4,0.0,0.0,0.00,ARMED,,12.5,1,
1791385595988,28.511265,77.383321,0.0,CNG,,14.9,0,710,22.7,1.51,,89.0,0.00,-2.34,13.4,0.0,0.0,0.00,ARMED,,12.5,1,
1791385596817,28.511265,77.383321,0.0,CNG,,14.9,0,708,22.7,1.52,,89.0,0.00,-2.34,13.6,0.0,0.0,0.00,ARMED,,12.5,1,
1791385597591,28.511265,77.383321,0.0,CNG,,14.9,0,707,22.7,1.13,,89.0,0.00,-2.34,13.6,0.0,0.0,0.00,ARMED,,12.5,1,
1791385599269,28.511265,77.383321,0.0,CNG,,14.9,0,703,22.4,0.77,,89.0,-0.78,-2.34,13.4,0.0,0.0,0.00,ARMED,,12.5,1,
1791385600024,28.511265,77.383321,0.0,CNG,,14.9,0,704,22.4,1.89,,89.0,-0.78,-2.34,13.4,0.0,0.0,0.00,ARMED,,12.5,1,
1791385600825,28.511265,77.383321,0.0,CNG,,14.9,0,702,22.4,0.73,,89.0,-0.78,-2.34,13.4,0.0,0.0,0.00,ARMED,,12.5,1,
1791385602497,28.511265,77.383321,0.0,CNG,,14.9,0,711,36.9,2.52,,89.0,0.78,-2.34,13.4,0.0,0.0,0.00,ARMED,,14.9,1,
1791385603267,28.511265,77.383321,0.0,CNG,,14.9,0,791,36.9,3.50,,89.0,0.78,-2.34,13.5,0.0,0.0,0.00,ARMED,,14.9,1,
1791385603994,28.511265,77.383321,0.0,CNG,,14.9,0,818,36.9,3.46,,89.0,0.78,-2.34,13.5,0.0,0.0,0.00,ARMED,,14.9,1,
1791385605727,28.511265,77.383321,0.0,CNG,,14.9,0,834,39.6,3.46,,89.0,1.56,-2.34,13.3,0.0,0.0,0.00,ARMED,,15.3,1,
1791385606473,28.511265,77.383321,0.0,CNG,,14.9,0,849,39.6,3.48,,89.0,1.56,-2.34,13.3,0.0,0.0,0.00,ARMED,,15.3,1,
1791385607300,28.511265,77.383321,0.0,CNG,,14.9,0,850,39.6,2.37,,89.0,1.56,-2.34,13.5,0.0,0.0,0.00,ARMED,,15.3,1,
1791385608976,28.511265,77.383321,0.0,CNG,,14.9,0,844,25.9,3.43,,89.0,0.78,-2.34,13.5,0.0,0.0,0.00,ARMED,,12.9,1,
1791385609767,28.511265,77.383321,0.0,CNG,,14.9,0,765,25.9,1.73,,89.0,0.78,-2.34,13.4,0.0,0.0,0.00,ARMED,,12.9,1,
1791385610493,28.511265,77.383321,0.0,CNG,,14.9,0,734,25.9,1.37,,89.0,0.78,-2.34,13.4,0.0,0.0,0.00,ARMED,,12.9,1,
1791385612167,28.511265,77.383321,0.0,CNG,,14.9,0,717,22.7,1.89,,89.0,0.78,-2.34,13.4,0.0,0.0,0.00,ARMED,,12.5,1,
1791385612910,28.511265,77.383321,0.0,CNG,,14.9,0,715,22.7,1.53,,89.0,0.78,-2.34,13.4,0.0,0.0,0.00,ARMED,,12.5,1,
1791385613693,28.511265,77.383321,0.0,CNG,,14.9,0,707,22.7,1.06,,89.0,0.78,-2.34,13.6,0.0,0.0,0.00,ARMED,,12.5,1,
1791385615316,28.511265,77.383321,0.0,CNG,,14.9,0,710,22.7,1.95,,89.0,0.00,-2.34,13.6,0.0,0.0,0.00,ARMED,,12.5,1,
1791385616099,28.511265,77.383321,0.0,CNG,,14.9,0,706,22.7,1.15,,89.0,0.00,-2.34,13.3,0.0,0.0,0.00,ARMED,,12.5,1,
1791385616889,28.511265,77.383321,0.0,CNG,,14.9,0,705,22.7,1.91,,89.0,0.00,-2.34,13.3,0.0,0.0,0.00,ARMED,,12.5,1,
1791385618571,28.511265,77.383321,0.0,CNG,,14.9,0,707,23.1,1.97,,89.0,0.00,-2.34,13.5,0.0,0.0,0.00,ARMED,,14.9,1,
1791385619370,28.511265,77.383321,0.0,CNG,,14.9,0,748,23.1,2.62,,89.0,0.00,-2.34,13.5,0.0,0.0,0.00,ARMED,,14.9,1,
1791385620140,28.511265,77.383321,0.0,CNG,,14.9,0,783,23.1,2.23,,89.0,0.00,-2.34,13.4,0.0,0.0,0.00,ARMED,,14.9,1,
1791385621831,28.511265,77.383321,0.0,CNG,,14.9,0,816,39.6,2.92,,89.0,0.78,-2.34,13.4,0.0,0.0,0.00,ARMED,,15.3,1,
1791385622612,28.511265,77.383321,0.0,CNG,,14.9,0,844,39.6,2.44,,89.0,0.78,-2.34,13.2,0.0,0.0,0.00,ARMED,,15.3,1,
1791385623337,28.511265,77.383321,0.0,CNG,,14.9,0,850,39.6,2.96,,89.0,0.78,-2.34,13.2,0.0,0.0,0.00,ARMED,,15.3,1,
1791385625011,28.511265,77.383321,0.0,CNG,,14.9,0,848,40.0,3.38,,89.0,0.00,-2.34,13.5,0.0,0.0,0.00,ARMED,,15.3,1,
1791385625753,28.511265,77.383321,0.0,CNG,,14.9,0,844,40.0,3.23,,89.0,0.00,-2.34,13.5,0.0,0.0,0.00,ARMED,,15.3,1,
1791385626494,28.511265,77.383321,0.0,CNG,,14.9,0,807,40.0,1.31,,89.0,0.00,-2.34,13.6,0.0,0.0,0.00,ARMED,,15.3,1,
1791385628301,28.511265,77.383321,0.0,CNG,,14.9,0,762,23.1,2.24,,89.0,3.91,-2.34,13.4,0.0,0.0,0.00,ARMED,,12.5,1,
1791385629091,28.511265,77.383321,0.0,CNG,,14.9,0,713,23.1,0.84,,89.0,3.91,-2.34,13.6,0.0,0.0,0.00,ARMED,,12.5,1,
1791385629863,28.511265,77.383321,0.0,CNG,,14.9,0,713,23.1,0.82,,89.0,3.91,-2.34,13.6,0.0,0.0,0.00,ARMED,,12.5,1,
1791385631557,28.511265,77.383321,0.0,CNG,,14.9,0,708,22.7,2.05,,89.0,0.00,-2.34,13.3,0.0,0.0,0.00,ARMED,,12.5,1,
1791385632377,28.511265,77.383321,0.0,CNG,,14.9,0,706,22.7,1.96,,89.0,0.00,-2.34,13.3,0.0,0.0,0.00,ARMED,,12.5,1,
1791385633143,28.511265,77.383321,0.0,CNG,,14.9,0,708,22.7,1.55,,89.0,0.00,-2.34,13.5,0.0,0.0,0.00,ARMED,,12.5,1,
1791385634801,28.511265,77.383321,0.0,CNG,,14.9,0,701,22.4,1.87,,89.0,0.00,-2.34,13.5,0.0,0.0,0.00,ARMED,,12.5,1,
1791385635615,28.511265,77.383321,0.0,CNG,,14.9,0,702,22.4,0.69,,89.0,0.00,-2.34,13.4,0.0,0.0,0.00,ARMED,,12.5,1,
1791385636357,28.511265,77.383321,0.0,CNG,,14.9,0,703,22.4,2.68,,89.0,0.00,-2.34,13.4,0.0,0.0,0.00,ARMED,,12.5,1,
1791385638045,28.511265,77.383321,0.0,CNG,,14.9,0,785,38.8,1.98,,89.0,-1.56,-2.34,13.4,0.0,0.0,0.00,ARMED,,15.3,1,
1791385638853,28.511265,77.383321,0.0,CNG,,14.9,0,819,38.8,3.40,,89.0,-1.56,-2.34,13.4,0.0,0.0,0.00,ARMED,,15.3,1,
1791385639635,28.511265,77.383321,0.0,CNG,,14.9,0,833,38.8,2.98,,89.0,-1.56,-2.34,13.2,0.0,0.0,0.00,ARMED,,15.3,1,
1791385641358,28.511265,77.383321,0.0,CNG,,14.9,0,837,39.2,2.54,,89.0,0.78,-2.34,13.2,0.0,0.0,0.00,ARMED,,14.9,1,
1791385642158,28.511265,77.383321,0.0,CNG,,14.9,0,850,39.2,2.75,,89.0,0.78,-2.34,13.5,0.0,0.0,0.00,ARMED,,14.9,1,
1791385642922,28.511265,77.383321,0.0,CNG,,14.9,0,846,39.2,2.56,,89.0,0.78,-2.34,13.5,0.0,0.0,0.00,ARMED,,14.9,1,
1791385644605,28.511265,77.383321,0.0,CNG,,14.9,0,841,23.1,2.05,,89.0,-2.34,-2.34,13.5,0.0,0.0,0.00,ARMED,,12.9,1,
1791385645374,28.511265,77.383321,0.0,CNG,,14.9,0,733,23.1,1.19,,89.0,-2.34,-2.34,13.5,0.0,0.0,0.00,ARMED,,12.9,1,
1791385646179,28.511265,77.383321,0.0,CNG,,14.9,0,716,23.1,2.00,,89.0,-2.34,-2.34,13.3,0.0,0.0,0.00,ARMED,,12.9,1,
1791385647900,28.511265,77.383321,0.0,CNG,,14.9,0,710,22.7,1.86,,89.0,0.00,-2.34,13.3,0.0,0.0,0.00,ARMED,,12.5,1,
1791385648693,28.511265,77.383321,0.0,CNG,,14.9,0,710,22.7,0.85,,89.0,0.00,-2.34,13.4,0.0,0.0,0.00,ARMED,,12.5,1,
1791385649420,28.511265,77.383321,0.0,CNG,,14.9,0,706,22.7,2.06,,89.0,0.00,-2.34,13.4,0.0,0.0,0.00,ARMED,,12.5,1,
1791385651079,28.511265,77.383321,0.0,CNG,,14.9,0,703,22.4,1.45,,89.0,0.00,-2.34,13.5,0.0,0.0,0.00,ARMED,,12.5,1,
1791385651875,28.511265,77.383321,0.0,CNG,,14.9,0,707,22.4,0.72,,89.0,0.00,-2.34,13.5,0.0,0.0,0.00,ARMED,,12.5,1,
1791385652662,28.511265,77.383321,0.0,CNG,,14.9,0,707,22.4,1.83,,89.0,0.00,-2.34,13.5,0.0,0.0,0.00,ARMED,,12.5,1,
1791385654239,28.511265,77.383321,0.0,CNG,,14.9,0,702,36.9,0.69,,89.0,0.00,-2.34,13.5,0.0,0.0,0.00,ARMED,,14.1,1,
1791385655062,28.511265,77.383321,0.0,CNG,,14.9,0,781,36.9,2.15,,89.0,0.00,-2.34,13.3,0.0,0.0,0.00,ARMED,,14.1,1,
1791385655849,28.511265,77.383321,0.0,CNG,,14.9,0,801,36.9,3.31,,89.0,0.00,-2.34,13.3,0.0,0.0,0.00,ARMED,,14.1,1,
1791385657507,28.511265,77.383321,0.0,CNG,,14.9,0,822,39.6,2.55,,89.0,1.56,-2.34,13.5,0.0,0.0,0.00,ARMED,,15.3,1,
1791385658274,28.511265,77.383321,0.0,CNG,,14.9,0,838,39.6,3.43,,89.0,1.56,-2.34,13.5,0.0,0.0,0.00,ARMED,,15.3,1,
1791385659103,28.511265,77.383321,0.0,CNG,,14.9,0,853,39.6,3.16,,89.0,1.56,-2.34,13.4,0.0,0.0,0.00,ARMED,,15.3,1,
1791385660897,28.511265,77.383321,0.0,CNG,,14.9,0,845,40.0,3.55,,89.0,0.00,-2.34,13.3,0.0,0.0,0.00,ARMED,,15.3,1,
1791385661690,28.511265,77.383321,0.0,CNG,,14.9,0,836,40.0,1.22,,89.0,0.00,-2.34,13.5,0.0,0.0,0.00,ARMED,,15.3,1,
1791385662471,28.511265,77.383321,0.0,CNG,,14.9,0,764,40.0,2.28,,89.0,0.00,-2.34,13.5,0.0,0.0,0.00,ARMED,,15.3,1,
1791385664175,28.511265,77.383321,0.0,CNG,,14.9,0,729,23.1,1.01,,89.0,3.13,-2.34,13.4,0.0,0.0,0.00,ARMED,,12.5,1,
1791385664961,28.511265,77.383321,0.0,CNG,,14.9,0,712,23.1,1.17,,89.0,3.13,-2.34,13.4,0.0,0.0,0.00,ARMED,,12.5,1,
1791385665717,28.511265,77.383321,0.0,CNG,,14.9,0,708,23.1,1.56,,89.0,3.13,-2.34,13.6,0.0,0.0,0.00,ARMED,,12.5,1,
1791385667327,28.511265,77.383321,0.0,CNG,,14.9,0,711,22.7,0.81,,89.0,0.00,-2.34,13.6,0.0,0.0,0.00,ARMED,,12.5,1,
1791385668084,28.511265,77.383321,0.0,CNG,,14.9,0,708,22.7,1.11,,89.0,0.00,-2.34,13.4,0.0,0.0,0.00,ARMED,,12.5,1,
1791385668804,28.511265,77.383321,0.0,CNG,,14.9,0,703,22.7,1.51,,89.0,0.00,-2.34,13.4,0.0,0.0,0.00,ARMED,,12.5,1,
1791385670557,28.511265,77.383321,0.0,CNG,,14.9,0,707,22.4,1.98,,89.0,0.00,-2.34,13.3,0.0,0.0,0.00,ARMED,,12.5,1,
1791385671351,28.511265,77.383321,0.0,CNG,,14.9,0,704,22.4,1.60,,89.0,0.00,-2.34,13.3,0.0,0.0,0.00,ARMED,,12.5,1,
1791385672113,28.511265,77.383321,0.0,CNG,,14.9,0,697,22.4,1.92,,89.0,0.00,-2.34,13.5,0.0,0.0,0.00,ARMED,,12.5,1,
1791385673732,28.511265,77.383321,0.0,CNG,,14.9,0,772,39.2,2.51,,89.0,-0.78,-2.34,13.5,0.0,0.0,0.00,ARMED,,15.3,1,
1791385674534,28.511265,77.383321,0.0,CNG,,14.9,0,824,39.2,2.96,,89.0,-0.78,-2.34,13.4,0.0,0.0,0.00,ARMED,,15.3,1,
1791385675251,28.511265,77.383321,0.0,CNG,,14.9,0,837,39.2,3.32,,89.0,-0.78,-2.34,13.4,0.0,0.0,0.00,ARMED,,15.3,1,
1791385676944,28.511265,77.383321,0.0,CNG,,14.9,0,844,39.2,2.47,,89.0,0.78,-2.34,13.5,0.0,0.0,0.00,ARMED,,14.9,1,
1791385677685,28.511265,77.383321,0.0,CNG,,14.9,0,850,39.2,2.46,,89.0,0.78,-2.34,13.5,0.0,0.0,0.00,ARMED,,14.9,1,
1791385678452,28.511265,77.383321,0.0,CNG,,14.9,0,851,39.2,2.53,,89.0,0.78,-2.34,13.4,0.0,0.0,0.00,ARMED,,14.9,1,
1791385680136,28.511265,77.383321,0.0,CNG,,14.9,0,844,22.7,3.38,,89.0,-2.34,-2.34,13.4,0.0,0.0,0.00,ARMED,,12.9,1,
1791385680960,28.511265,77.383321,0.0,CNG,,14.9,0,731,22.7,2.10,,89.0,-2.34,-2.34,13.4,0.0,0.0,0.00,ARMED,,12.9,1,
1791385681688,28.511265,77.383321,0.0,CNG,,14.9,0,724,22.7,0.80,,89.0,-2.34,-2.34,13.4,0.0,0.0,0.00,ARMED,,12.9,1,
1791385683371,28.511265,77.383321,0.0,CNG,,14.9,0,709,22.7,2.09,,89.0,0.00,-2.34,13.5,0.0,0.0,0.00,ARMED,,12.5,1,
1791385684143,28.511265,77.383321,0.0,CNG,,14.9,0,709,22.7,1.96,,89.0,0.00,-2.34,13.5,0.0,0.0,0.00,ARMED,,12.5,1,
1791385684936,28.511265,77.383321,0.0,CNG,,14.9,0,706,22.7,1.93,,89.0,0.00,-2.34,13.5,0.0,0.0,0.00,ARMED,,12.5,1,
1791385686595,28.511265,77.383321,0.0,CNG,,14.9,0,705,22.4,1.44,,89.0,0.00,-2.34,13.5,0.0,0.0,0.00,ARMED,,12.5,1,
1791385687431,28.511265,77.383321,0.0,CNG,,14.9,0,704,22.4,1.55,,89.0,0.00,-2.34,13.5,0.0,0.0,0.00,ARMED,,12.5,1,
1791385688233,28.511265,77.383321,0.0,CNG,,14.9,0,705,22.4,0.93,,89.0,0.00,-2.34,13.5,0.0,0.0,0.00,ARMED,,12.5,1,
1791385689898,28.511265,77.383321,0.0,CNG,,14.9,0,705,34.5,0.69,,89.0,0.78,-2.34,13.4,0.0,0.0,0.00,ARMED,,14.1,1,
1791385690637,28.511265,77.383321,0.0,CNG,,14.9,0,762,34.5,3.29,,89.0,0.78,-2.34,13.4,0.0,0.0,0.00,ARMED,,14.1,1,
1791385691408,28.511265,77.383321,0.0,CNG,,14.9,0,790,34.5,2.76,,89.0,0.78,-2.34,13.4,0.0,0.0,0.00,ARMED,,14.1,1,
1791385693199,28.511265,77.383321,0.0,CNG,,14.9,0,821,40.0,3.00,,89.0,0.78,-2.34,13.4,0.0,0.0,0.00,ARMED,,15.3,1,
1791385693961,28.511265,77.383321,0.0,CNG,,14.9,0,841,40.0,2.49,,89.0,0.78,-2.34,13.3,0.0,0.0,0.00,ARMED,,15.3,1,
1791385694682,28.511265,77.383321,0.0,CNG,,14.9,0,851,40.0,2.92,,89.0,0.78,-2.34,13.3,0.0,0.0,0.00,ARMED,,15.3,1,
1791385696391,28.511265,77.383321,0.0,CNG,,14.9,0,848,39.6,3.57,,89.0,0.00,-2.34,13.4,0.0,0.0,0.00,ARMED,,15.3,1,
1791385697161,28.511265,77.383321,0.0,CNG,,14.9,0,841,39.6,3.46,,89.0,0.00,-2.34,13.4,0.0,0.0,0.00,ARMED,,15.3,1,
1791385697949,28.511265,77.383321,0.0,CNG,,14.9,0,786,39.6,2.19,,89.0,0.00,-2.34,13.6,0.0,0.0,0.00,ARMED,,15.3,1,
1791385699573,28.511265,77.383321,0.0,CNG,,14.9,0,747,23.1,1.16,,89.0,3.91,-2.34,13.6,0.0,0.0,0.00,ARMED,,12.5,1,
1791385700387,28.511265,77.383321,0.0,CNG,,14.9,0,711,23.1,1.52,,89.0,3.91,-2.34,13.4,0.0,0.0,0.00,ARMED,,12.5,1,
1791385701150,28.511265,77.383321,0.0,CNG,,14.9,0,713,23.1,0.92,,89.0,3.91,-2.34,13.4,0.0,0.0,0.00,ARMED,,12.5,1,
1791385702795,28.511265,77.383321,0.0,CNG,,14.9,0,710,22.7,1.90,,89.0,0.78,-2.34,13.6,0.0,0.0,0.00,ARMED,,12.5,1,
1791385703514,28.511265,77.383321,0.0,CNG,,14.9,0,711,22.7,1.24,,89.0,0.78,-2.34,13.6,0.0,0.0,0.00,ARMED,,12.5,1,
1791385704310,28.511265,77.383321,0.0,CNG,,14.9,0,704,22.7,1.86,,89.0,0.78,-2.34,13.3,0.0,0.0,0.00,ARMED,,12.5,1,
1791385705981,28.511265,77.383321,0.0,CNG,,14.9,0,704,22.4,0.93,,89.0,0.78,-2.34,13.3,0.0,0.0,0.00,ARMED,,12.5,1,
1791385706822,28.511265,77.383321,0.0,CNG,,14.9,0,706,22.4,1.93,,89.0,0.78,-2.34,13.5,0.0,0.0,0.00,ARMED,,12.5,1,
1791385707559,28.511265,77.383321,0.0,CNG,,14.9,0,705,22.4,1.65,,89.0,0.78,-2.34,13.5,0.0,0.0,0.00,ARMED,,12.5,1,
1791385709199,28.511265,77.383321,0.0,CNG,,14.9,0,720,36.9,1.91,,89.0,0.00,-2.34,13.4,0.0,0.0,0.00,ARMED,,14.9,1,
1791385709923,28.511265,77.383321,0.0,CNG,,14.9,0,803,36.9,2.84,,89.0,0.00,-2.34,13.4,0.0,0.0,0.00,ARMED,,14.9,1,
1791385710744,28.511265,77.383321,0.0,CNG,,14.9,0,825,36.9,2.80,,89.0,0.00,-2.34,13.5,0.0,0.0,0.00,ARMED,,14.9,1,
1791385712431,28.511265,77.383321,0.0,CNG,,14.9,0,835,39.2,2.75,,89.0,1.56,-2.34,13.5,0.0,0.0,0.00,ARMED,,15.3,1,
1791385713263,28.511265,77.383321,0.0,CNG,,14.9,0,852,39.2,3.18,,89.0,1.56,-2.34,13.4,0.0,0.0,0.00,ARMED,,15.3,1,
1791385713984,28.511265,77.383321,0.0,CNG,,14.9,0,849,39.2,2.40,,89.0,1.56,-2.34,13.4,0.0,0.0,0.00,ARMED,,15.3,1,
1791385715686,28.511265,77.383321,0.0,CNG,,14.9,0,845,23.9,3.35,,89.0,0.00,-2.34,13.3,0.0,0.0,0.00,ARMED,,12.9,1,
1791385716503,28.511265,77.383321,0.0,CNG,,14.9,0,748,23.9,1.13,,89.0,0.00,-2.34,13.3,0.0,0.0,0.00,ARMED,,12.9,1,
1791385717300,28.511265,77.383321,0.0,CNG,,14.9,0,723,23.9,2.12,,89.0,0.00,-2.34,13.3,0.0,0.0,0.00,ARMED,,12.9,1,
1791385718962,28.511265,77.383321,0.0,CNG,,14.9,0,715,23.1,1.89,,89.0,0.78,-2.34,13.3,0.0,0.0,0.00,ARMED,,12.5,1,
1791385719737,28.511265,77.383321,0.0,CNG,,14.9,0,709,23.1,1.62,,89.0,0.78,-2.34,13.5,0.0,0.0,0.00,ARMED,,12.5,1,
1791385720501,28.511265,77.383321,0.0,CNG,,14.9,0,710,23.1,0.93,,89.0,0.78,-2.34,13.5,0.0,0.0,0.00,ARMED,,12.5,1,
1791385722188,28.511265,77.383321,0.0,CNG,,14.9,0,707,22.7,0.82,,89.0,0.00,-2.34,13.3,0.0,0.0,0.00,ARMED,,12.5,1,
1791385722918,28.511265,77.383321,0.0,CNG,,14.9,0,704,22.7,1.97,,89.0,0.00,-2.34,13.3,0.0,0.0,0.00,ARMED,,12.5,1,
1791385723686,28.511265,77.383321,0.0,CNG,,14.9,0,704,22.7,2.02,,89.0,0.00,-2.34,13.4,0.0,0.0,0.00,ARMED,,12.5,1,
1791385725433,28.511265,77.383321,0.0,CNG,,14.9,0,706,22.4,0.73,,89.0,0.00,-2.34,13.5,0.0,0.0,0.00,ARMED,,12.5,1,
1791385726181,28.511265,77.383321,0.0,CNG,,14.9,0,700,22.4,2.27,,89.0,0.00,-2.34,13.3,0.0,0.0,0.00,ARMED,,12.5,1,
1791385726945,28.511265,77.383321,0.0,CNG,,14.9,0,777,22.4,2.42,,89.0,0.00,-2.34,13.3,0.0,0.0,0.00,ARMED,,12.5,1,
1791385728612,28.511265,77.383321,0.0,CNG,,14.9,0,809,40.0,3.41,,89.0,0.78,-2.34,13.3,0.0,0.0,0.00,ARMED,,15.3,1,
1791385729340,28.511265,77.383321,0.0,CNG,,14.9,0,837,40.0,3.57,,89.0,0.78,-2.34,13.3,0.0,0.0,0.00,ARMED,,15.3,1,
1791385730170,28.511265,77.383321,0.0,CNG,,14.9,0,843,40.0,2.55,,89.0,0.78,-2.34,13.2,0.0,0.0,0.00,ARMED,,15.3,1,
1791385731848,28.511265,77.383321,0.0,CNG,,14.9,0,849,40.0,3.38,,89.0,0.00,-2.34,13.2,0.0,0.0,0.00,ARMED,,15.3,1,
1791385732624,28.511265,77.383321,0.0,CNG,,14.9,0,840,40.0,3.23,,89.0,0.00,-2.34,13.3,0.0,0.0,0.00,ARMED,,15.3,1,
1791385733364,28.511265,77.383321,0.0,CNG,,14.9,0,833,40.0,2.31,,89.0,0.00,-2.34,13.3,0.0,0.0,0.00,ARMED,,15.3,1,
1791385735014,28.511265,77.383321,0.0,CNG,,14.9,0,775,23.1,1.40,,89.0,1.56,-2.34,13.4,0.0,0.0,0.00,ARMED,,12.5,1,
1791385735780,28.511265,77.383321,0.0,CNG,,14.9,0,720,23.1,1.61,,89.0,1.56,-2.34,13.4,0.0,0.0,0.00,ARMED,,12.5,1,
1791385736588,28.511265,77.383321,0.0,CNG,,14.9,0,713,23.1,1.58,,89.0,1.56,-2.34,13.6,0.0,0.0,0.00,ARMED,,12.5,1,
1791385738211,28.511265,77.383321,0.0,CNG,,14.9,0,709,23.1,2.11,,89.0,0.78,-2.34,13.6,0.0,0.0,0.00,ARMED,,12.5,1,
1791385739015,28.511265,77.383321,0.0,CNG,,14.9,0,708,23.1,2.07,,89.0,0.78,-2.34,13.5,0.0,0.0,0.00,ARMED,,12.5,1,
1791385739790,28.511265,77.383321,0.0,CNG,,14.9,0,705,23.1,0.80,,89.0,0.78,-2.34,13.5,0.0,0.0,0.00,ARMED,,12.5,1,
1791385741499,28.511265,77.383321,0.0,CNG,,14.9,0,704,22.4,1.91,,89.0,0.00,-2.34,13.5,0.0,0.0,0.00,ARMED,,12.5,1,
1791385742242,28.511265,77.383321,0.0,CNG,,14.9,0,705,22.4,0.75,,89.0,0.00,-2.34,13.5,0.0,0.0,0.00,ARMED,,12.5,1,
1791385742993,28.511265,77.383321,0.0,CNG,,14.9,0,702,22.4,1.07,,89.0,0.00,-2.34,13.5,0.0,0.0,0.00,ARMED,,12.5,1,
1791385744640,28.511265,77.383321,0.0,CNG,,14.9,0,704,37.6,1.92,,89.0,0.00,-2.34,13.5,0.0,0.0,0.00,ARMED,,14.9,1,
1791385745434,28.511265,77.383321,0.0,CNG,,14.9,0,791,37.6,2.63,,89.0,0.00,-2.34,13.3,0.0,0.0,0.00,ARMED,,14.9,1,
1791385746186,28.511265,77.383321,0.0,CNG,,14.9,0,820,37.6,3.07,,89.0,0.00,-2.34,13.3,0.0,0.0,0.00,ARMED,,14.9,1,
1791385747843,28.511265,77.383321,0.0,CNG,,14.9,0,835,40.0,3.48,,89.0,0.78,-2.34,13.5,0.0,0.0,0.00,ARMED,,15.3,1,
1791385748584,28.511265,77.383321,0.0,CNG,,14.9,0,849,40.0,2.45,,89.0,0.78,-2.34,13.5,0.0,0.0,0.00,ARMED,,15.3,1,
1791385749354,28.511265,77.383321,0.0,CNG,,14.9,0,853,40.0,3.10,,89.0,0.78,-2.34,13.2,0.0,0.0,0.00,ARMED,,15.3,1,
1791385750929,28.511265,77.383321,0.0,CNG,,14.9,0,847,32.9,3.41,,89.0,0.00,-2.34,13.2,0.0,0.0,0.00,ARMED,,11.8,1,
1791385751731,28.511265,77.383321,0.0,CNG,,14.9,0,777,32.9,2.00,,89.0,0.00,-2.34,13.5,0.0,0.0,0.00,ARMED,,11.8,1,
1791385752519,28.511265,77.383321,0.0,CNG,,14.9,0,737,32.9,2.01,,89.0,0.00,-2.34,13.5,0.0,0.0,0.00,ARMED,,11.8,1,
1791385754243,28.511265,77.383321,0.0,CNG,,14.9,0,722,23.1,1.34,,89.0,2.34,-2.34,13.5,0.0,0.0,0.00,ARMED,,12.5,1,
1791385754984,28.511265,77.383321,0.0,CNG,,14.9,0,712,23.1,1.32,,89.0,2.34,-2.34,13.5,0.0,0.0,0.00,ARMED,,12.5,1,
1791385755738,28.511265,77.383321,0.0,CNG,,14.9,0,706,23.1,1.90,,89.0,2.34,-2.34,13.5,0.0,0.0,0.00,ARMED,,12.5,1,
1791385757592,28.511265,77.383321,0.0,CNG,,14.9,0,711,23.1,2.02,,89.0,0.00,-2.34,13.4,0.0,0.0,0.00,ARMED,,12.5,1,
1791385758377,28.511265,77.383321,0.0,CNG,,14.9,0,702,23.1,1.12,,89.0,0.00,-2.34,13.6,0.0,0.0,0.00,ARMED,,12.5,1,
1791385759164,28.511265,77.383321,0.0,CNG,,14.9,0,710,23.1,1.72,,89.0,0.00,-2.34,13.6,0.0,0.0,0.00,ARMED,,12.5,1,
1791385760895,28.511265,77.383321,0.0,CNG,,14.9,0,706,22.7,1.45,,89.0,0.00,-2.34,13.3,0.0,0.0,0.00,ARMED,,12.5,1,
1791385761625,28.511265,77.383321,0.0,CNG,,14.9,0,708,22.7,3.31,,89.0,0.00,-2.34,13.3,0.0,0.0,0.00,ARMED,,12.5,1,
1791385762375,28.511265,77.383321,0.0,CNG,,14.9,0,767,22.7,3.03,,89.0,0.00,-2.34,13.2,0.0,0.0,0.00,ARMED,,12.5,1,
1791385763947,28.511265,77.383321,0.0,CNG,,14.9,0,795,40.0,3.30,,89.0,0.78,-2.34,13.2,0.0,0.0,0.00,ARMED,,15.3,1,
1791385764747,28.511265,77.383321,0.0,CNG,,14.9,0,837,40.0,3.55,,89.0,0.78,-2.34,13.2,0.0,0.0,0.00,ARMED,,15.3,1,
1791385765491,28.511265,77.383321,0.0,CNG,,14.9,0,844,40.0,2.70,,89.0,0.78,-2.34,13.2,0.0,0.0,0.00,ARMED,,15.3,1,
1791385767156,28.511265,77.383321,0.0,CNG,,14.9,0,852,40.8,3.41,,89.0,0.78,-2.34,13.1,0.0,0.0,0.00,ARMED,,15.3,1,
1791385767912,28.511265,77.383321,0.0,CNG,,14.9,0,841,40.8,2.71,,89.0,0.78,-2.34,13.1,0.0,0.0,0.00,ARMED,,15.3,1,
1791385768670,28.511265,77.383321,0.0,CNG,,14.9,0,841,40.8,2.42,,89.0,0.78,-2.34,13.2,0.0,0.0,0.00,ARMED,,15.3,1,
1791385770310,28.511265,77.383321,0.0,CNG,,14.9,0,793,23.1,1.78,,89.0,0.00,-2.34,13.2,0.0,0.0,0.00,ARMED,,12.5,1,
1791385771149,28.511265,77.383321,0.0,CNG,,14.9,0,721,23.1,1.10,,89.0,0.00,-2.34,13.5,0.0,0.0,0.00,ARMED,,12.5,1,
1791385771900,28.511265,77.383321,0.0,CNG,,14.9,0,713,23.1,1.57,,89.0,0.00,-2.34,13.5,0.0,0.0,0.00,ARMED,,12.5,1,
1791385773581,28.511265,77.383321,0.0,CNG,,14.9,0,715,23.1,2.01,,89.0,0.78,-2.34,13.3,0.0,0.0,0.00,ARMED,,12.5,1,
1791385774360,28.511265,77.383321,0.0,CNG,,14.9,0,708,23.1,1.94,,89.0,0.78,-2.34,13.3,0.0,0.0,0.00,ARMED,,12.5,1,
1791385775114,28.511265,77.383321,0.0,CNG,,14.9,0,700,23.1,1.05,,89.0,0.78,-2.34,13.4,0.0,0.0,0.00,ARMED,,12.5,1,
1791385776725,28.511265,77.383321,0.0,CNG,,14.9,0,699,22.7,1.57,,89.0,0.00,-2.34,13.4,0.0,0.0,0.00,ARMED,,12.5,1,
1791385777523,28.511265,77.383321,0.0,CNG,,14.9,0,705,22.7,0.73,,89.0,0.00,-2.34,13.4,0.0,0.0,0.00,ARMED,,12.5,1,
1791385778291,28.511265,77.383321,0.0,CNG,,14.9,0,705,22.7,2.04,,89.0,0.00,-2.34,13.4,0.0,0.0,0.00,ARMED,,12.5,1,
1791385779916,28.511265,77.383321,0.0,CNG,,14.9,0,707,36.5,2.03,,89.0,0.78,-2.34,13.3,0.0,0.0,0.00,ARMED,,14.5,1,
1791385780717,28.511265,77.383321,0.0,CNG,,14.9,0,778,36.5,2.80,,89.0,0.78,-2.34,13.3,0.0,0.0,0.00,ARMED,,14.5,1,
1791385781484,28.511265,77.383321,0.0,CNG,,14.9,0,808,36.5,2.96,,89.0,0.78,-2.34,13.3,0.0,0.0,0.00,ARMED,,14.5,1,
1791385783119,28.511265,77.383321,0.0,CNG,,14.9,0,825,39.6,2.88,,89.0,0.78,-2.34,13.3,0.0,0.0,0.00,ARMED,,15.3,1,
1791385783951,28.511265,77.383321,0.0,CNG,,14.9,0,845,39.6,3.18,,89.0,0.78,-2.34,13.4,0.0,0.0,0.00,ARMED,,15.3,1,
1791385784707,28.511265,77.383321,0.0,CNG,,14.9,0,847,39.6,2.40,,89.0,0.78,-2.34,13.4,0.0,0.0,0.00,ARMED,,15.3,1,
1791385786383,28.511265,77.383321,0.0,CNG,,14.9,0,845,38.8,3.39,,89.0,0.78,-2.34,13.4,0.0,0.0,0.00,ARMED,,14.9,1,
1791385787174,28.511265,77.383321,0.0,CNG,,14.9,0,836,38.8,1.54,,89.0,0.78,-2.34,13.4,0.0,0.0,0.00,ARMED,,14.9,1,
1791385787926,28.511265,77.383321,0.0,CNG,,14.9,0,763,38.8,1.87,,89.0,0.78,-2.34,13.4,0.0,0.0,0.00,ARMED,,14.9,1,
1791385789746,28.511265,77.383321,0.0,CNG,,14.9,0,727,23.1,2.10,,89.0,3.13,-2.34,13.6,0.0,0.0,0.00,ARMED,,12.5,1,
1791385790578,28.511265,77.383321,0.0,CNG,,14.9,0,710,23.1,1.95,,89.0,3.13,-2.34,13.3,0.0,0.0,0.00,ARMED,,12.5,1,
1791385791334,28.511265,77.383321,0.0,CNG,,14.9,0,709,23.1,0.99,,89.0,3.13,-2.34,13.3,0.0,0.0,0.00,ARMED,,12.5,1,
1791385792970,28.511265,77.383321,0.0,CNG,,14.9,0,704,22.7,1.38,,89.0,0.00,-2.34,13.6,0.0,0.0,0.00,ARMED,,12.5,1,
1791385793790,28.511265,77.383321,0.0,CNG,,14.9,0,710,22.7,0.75,,89.0,0.00,-2.34,13.6,0.0,0.0,0.00,ARMED,,12.5,1,
1791385794562,28.511265,77.383321,0.0,CNG,,14.9,0,705,22.7,0.71,,89.0,0.00,-2.34,13.5,0.0,0.0,0.00,ARMED,,12.5,1,
1791385796184,28.511265,77.383321,0.0,CNG,,14.9,0,701,22.4,1.21,,89.0,0.00,-2.34,13.5,0.0,0.0,0.00,ARMED,,12.5,1,
1791385796954,28.511265,77.383321,0.0,CNG,,14.9,0,706,22.4,3.67,,89.0,0.00,-2.34,13.4,0.0,0.0,0.00,ARMED,,12.5,1,
1791385797722,28.511265,77.383321,0.0,CNG,,14.9,0,766,22.4,2.96,,89.0,0.00,-2.34,13.4,0.0,0.0,0.00,ARMED,,12.5,1,
1791385799417,28.511265,77.383321,0.0,CNG,,14.9,0,796,40.0,3.46,,89.0,0.78,-2.34,13.2,0.0,0.0,0.00,ARMED,,15.3,1,
1791385800148,28.511265,77.383321,0.0,CNG,,14.9,0,835,40.0,3.55,,89.0,0.78,-2.34,13.2,0.0,0.0,0.00,ARMED,,15.3,1,
1791385800984,28.511265,77.383321,0.0,CNG,,14.9,0,845,40.0,3.68,,89.0,0.78,-2.34,13.4,0.0,0.0,0.00,ARMED,,15.3,1,
1791385802690,28.511265,77.383321,0.0,CNG,,14.9,0,850,40.4,3.65,,89.0,0.78,-2.34,13.4,0.0,0.0,0.00,ARMED,,15.3,1,
1791385803514,28.511265,77.383321,0.0,CNG,,14.9,0,843,40.4,2.46,,89.0,0.78,-2.34,13.2,0.0,0.0,0.00,ARMED,,15.3,1,
1791385804251,28.511265,77.383321,0.0,CNG,,14.9,0,838,40.4,3.11,,89.0,0.78,-2.34,13.2,0.0,0.0,0.00,ARMED,,15.3,1,
1791385805946,28.511265,77.383321,0.0,CNG,,14.9,0,765,23.1,1.36,,89.0,0.78,-2.34,13.4,0.0,0.0,0.00,ARMED,,12.5,1,
1791385806726,28.511265,77.383321,0.0,CNG,,14.9,0,724,23.1,2.02,,89.0,0.78,-2.34,13.4,0.0,0.0,0.00,ARMED,,12.5,1,
1791385807524,28.511265,77.383321,0.0,CNG,,14.9,0,715,23.1,1.73,,89.0,0.78,-2.34,13.5,0.0,0.0,0.00,ARMED,,12.5,1,
1791385809103,28.511265,77.383321,0.0,CNG,,14.9,0,705,23.1,1.69,,89.0,0.78,-2.34,13.5,0.0,0.0,0.00,ARMED,,12.5,1,
1791385809870,28.511265,77.383321,0.0,CNG,,14.9,0,707,23.1,1.57,,89.0,0.78,-2.34,13.6,0.0,0.0,0.00,ARMED,,12.5,1,
1791385810644,28.511265,77.383321,0.0,CNG,,14.9,0,706,23.1,1.58,,89.0,0.78,-2.34,13.6,0.0,0.0,0.00,ARMED,,12.5,1,
1791385812365,28.511265,77.383321,0.0,CNG,,14.9,0,707,22.4,1.99,,89.0,0.00,-2.34,13.3,0.0,0.0,0.00,ARMED,,12.5,1,
1791385813150,28.511265,77.383321,0.0,CNG,,14.9,0,705,22.4,0.90,,89.0,0.00,-2.34,13.3,0.0,0.0,0.00,ARMED,,12.5,1,
1791385813987,28.511265,77.383321,0.0,CNG,,14.9,0,706,22.4,1.97,,89.0,0.00,-2.34,13.3,0.0,0.0,0.00,ARMED,,12.5,1,
1791385815576,28.511265,77.383321,0.0,CNG,,14.9,0,705,36.5,1.41,,89.0,0.78,-2.34,13.3,0.0,0.0,0.00,ARMED,,14.5,1,
1791385816371,28.511265,77.383321,0.0,CNG,,14.9,0,772,36.5,2.05,,89.0,0.78,-2.34,13.3,0.0,0.0,0.00,ARMED,,14.5,1,
1791385817154,28.511265,77.383321,0.0,CNG,,14.9,0,797,36.5,2.35,,89.0,0.78,-2.34,13.3,0.0,0.0,0.00,ARMED,,14.5,1,
1791385818854,28.511265,77.383321,0.0,CNG,,14.9,0,820,39.6,3.50,,89.0,0.78,-2.34,13.4,0.0,0.0,0.00,ARMED,,15.3,1,
1791385819597,28.511265,77.383321,0.0,CNG,,14.9,0,841,39.6,3.28,,89.0,0.78,-2.34,13.4,0.0,0.0,0.00,ARMED,,15.3,1,
1791385820403,28.511265,77.383321,0.0,CNG,,14.9,0,849,39.6,3.03,,89.0,0.78,-2.34,13.5,0.0,0.0,0.00,ARMED,,15.3,1,
1791385822298,28.511265,77.383321,0.0,CNG,,14.9,0,846,38.8,3.23,,89.0,0.78,-2.34,13.5,0.0,0.0,0.00,ARMED,,14.9,1,
1791385823143,28.511266,77.383321,0.0,CNG,,14.9,0,820,38.8,1.92,,89.0,0.78,-2.34,13.4,0.0,0.0,0.00,ARMED,,14.9,1,
1791385823883,28.511266,77.383321,0.0,CNG,,14.9,0,757,38.8,1.05,,89.0,0.78,-2.34,13.4,0.0,0.0,0.00,ARMED,,14.9,1,
1791385825546,28.511266,77.383321,0.0,CNG,,14.9,0,728,23.1,1.16,,89.0,3.13,-2.34,13.5,0.0,0.0,0.00,ARMED,,12.5,1,
1791385826299,28.511266,77.383321,0.0,CNG,,14.9,0,714,23.1,1.11,,89.0,3.13,-2.34,13.5,0.0,0.0,0.00,ARMED,,12.5,1,
1791385827115,28.511266,77.383321,0.0,CNG,,14.9,0,708,23.1,0.93,,89.0,3.13,-2.34,13.4,0.0,0.0,0.00,ARMED,,12.5,1,
1791385828783,28.511266,77.383321,0.0,CNG,,14.9,0,706,22.7,1.89,,89.0,0.00,-2.34,13.4,0.0,0.0,0.00,ARMED,,12.5,1,
1791385829575,28.511266,77.383321,0.0,CNG,,14.9,0,705,22.7,2.06,,89.0,0.00,-2.34,13.5,0.0,0.0,0.00,ARMED,,12.5,1,
1791385830325,28.511266,77.383321,0.0,CNG,,14.9,0,701,22.7,1.42,,89.0,0.00,-2.34,13.5,0.0,0.0,0.00,ARMED,,12.5,1,
1791385831983,28.511266,77.383321,0.0,CNG,,14.9,0,705,22.7,0.79,,89.0,0.78,-2.34,13.5,0.0,0.0,0.00,ARMED,,12.5,1,
1791385832766,28.511266,77.383321,0.0,CNG,,14.9,0,702,22.7,3.24,,89.0,0.78,-2.34,13.5,0.0,0.0,0.00,ARMED,,12.5,1,
1791385833567,28.511266,77.383321,0.0,CNG,,14.9,0,787,22.7,2.36,,89.0,0.78,-2.34,13.1,0.0,0.0,0.00,ARMED,,12.5,1,
1791385835163,28.511266,77.383321,0.0,CNG,,14.9,0,801,40.0,2.91,,89.0,0.78,-2.34,13.1,0.0,0.0,0.00,ARMED,,15.3,1,
1791385835949,28.511266,77.383320,0.0,CNG,,14.9,0,837,40.0,2.57,,89.0,0.78,-2.34,13.3,0.0,0.0,0.00,ARMED,,15.3,1,
1791385836695,28.511266,77.383320,0.0,CNG,,14.9,0,842,40.0,2.96,,89.0,0.78,-2.34,13.3,0.0,0.0,0.00,ARMED,,15.3,1,
1791385838350,28.511266,77.383320,0.0,CNG,,14.9,0,847,40.8,2.81,,89.0,0.78,-2.34,13.3,0.0,0.0,0.00,ARMED,,15.3,1,
1791385839101,28.511266,77.383320,0.0,CNG,,14.9,0,843,40.8,2.45,,89.0,0.78,-2.34,13.3,0.0,0.0,0.00,ARMED,,15.3,1,
1791385839887,28.511266,77.383320,0.0,CNG,,14.9,0,836,40.8,2.88,,89.0,0.78,-2.34,13.4,0.0,0.0,0.00,ARMED,,15.3,1,
1791385841488,28.511266,77.383320,0.0,CNG,,14.9,0,807,23.1,1.90,,89.0,-1.56,-2.34,13.4,0.0,0.0,0.00,ARMED,,12.5,1,
1791385842328,28.511266,77.383320,0.0,CNG,,14.9,0,731,23.1,1.66,,89.0,-1.56,-2.34,13.5,0.0,0.0,0.00,ARMED,,12.5,1,
1791385843116,28.511266,77.383320,0.0,CNG,,14.9,0,716,23.1,1.40,,89.0,-1.56,-2.34,13.5,0.0,0.0,0.00,ARMED,,12.5,1,
1791385844781,28.511266,77.383320,0.0,CNG,,14.9,0,705,23.1,1.21,,89.0,0.78,-2.34,13.4,0.0,0.0,0.00,ARMED,,12.5,1,
1791385845570,28.511266,77.383320,0.0,CNG,,14.9,0,709,23.1,1.25,,89.0,0.78,-2.34,13.4,0.0,0.0,0.00,ARMED,,12.5,1,
1791385846355,28.511266,77.383320,0.0,CNG,,14.9,0,701,23.1,1.97,,89.0,0.78,-2.34,13.4,0.0,0.0,0.00,ARMED,,12.5,1,
1791385848015,28.511266,77.383320,0.0,CNG,,14.9,0,706,22.7,0.74,,90.0,0.78,-2.34,13.4,0.0,0.0,0.00,ARMED,,12.5,1,
1791385848833,28.511266,77.383320,0.0,CNG,,14.9,0,700,22.7,0.82,,90.0,0.78,-2.34,13.4,0.0,0.0,0.00,ARMED,,12.5,1,
1791385849589,28.511266,77.383320,0.0,CNG,,14.9,0,703,22.7,1.47,,89.0,0.78,-2.34,13.4,0.0,0.0,0.00,ARMED,,12.5,1,
1791385851294,28.511266,77.383320,0.0,CNG,,14.9,0,704,36.5,0.73,,89.0,0.78,-2.34,13.6,0.0,0.0,0.00,ARMED,,14.1,1,
1791385852091,28.511266,77.383321,0.0,CNG,,14.9,0,771,36.5,2.00,,89.0,0.78,-2.34,13.6,0.0,0.0,0.00,ARMED,,14.1,1,
1791385852832,28.511266,77.383321,0.0,CNG,,14.9,0,800,36.5,3.46,,89.0,0.78,-2.34,13.5,0.0,0.0,0.00,ARMED,,14.1,1,
1791385854670,28.511266,77.383322,0.0,CNG,,14.9,0,820,39.6,3.13,,89.0,1.56,-2.34,13.4,0.0,0.0,0.00,ARMED,,15.3,1,
1791385855454,28.511266,77.383322,0.0,CNG,,14.9,0,847,39.6,2.44,,89.0,1.56,-2.34,13.2,0.0,0.0,0.00,ARMED,,15.3,1,
1791385856228,28.511266,77.383322,0.0,CNG,,14.9,0,847,39.6,2.53,,89.0,1.56,-2.34,13.2,0.0,0.0,0.00,ARMED,,15.3,1,
1791385857961,28.511266,77.383323,0.0,CNG,,14.9,0,850,38.4,2.84,,89.0,1.56,-2.34,13.3,0.0,0.0,0.00,ARMED,,14.9,1,
1791385858749,28.511267,77.383323,0.0,CNG,,14.9,0,843,38.4,1.10,,89.0,1.56,-2.34,13.3,0.0,0.0,0.00,ARMED,,14.9,1,
1791385859563,28.511267,77.383323,0.0,CNG,,14.9,0,783,38.4,2.24,,89.0,1.56,-2.34,13.2,0.0,0.0,0.00,ARMED,,14.9,1,
1791385861305,28.511267,77.383323,0.0,CNG,,14.9,0,817,39.6,2.47,,89.0,0.78,-2.34,13.2,0.0,0.0,0.00,ARMED,,15.3,1,
1791385862125,28.511267,77.383324,0.0,CNG,,14.9,0,831,39.6,3.45,,89.0,0.78,-2.34,13.3,0.0,0.0,0.00,ARMED,,15.3,1,
1791385862892,28.511267,77.383324,0.0,CNG,,14.9,0,833,39.6,3.56,,89.0,0.78,-2.34,13.3,0.0,0.0,0.00,ARMED,,15.3,1,
1791385864546,28.511267,77.383325,0.0,CNG,,14.9,0,839,39.6,3.56,,89.0,0.78,-2.34,13.3,0.0,0.0,0.00,ARMED,,14.9,1,
1791385865380,28.511267,77.383325,0.0,CNG,,14.9,0,845,39.6,3.11,,90.0,0.78,-2.34,13.3,0.0,0.0,0.00,ARMED,,14.9,1,
1791385866169,28.511267,77.383325,0.0,CNG,,14.9,0,849,39.6,2.88,,90.0,0.78,-2.34,13.5,0.0,0.0,0.00,ARMED,,14.9,1,
1791385867857,28.511267,77.383325,0.0,CNG,,14.9,0,843,39.2,2.39,,90.0,0.78,-2.34,13.5,0.0,0.0,0.00,ARMED,,14.9,1,
1791385868639,28.511267,77.383325,0.0,CNG,,14.9,0,842,39.2,2.35,,90.0,0.78,-2.34,13.3,0.0,0.0,0.00,ARMED,,14.9,1,
1791385869428,28.511267,77.383325,0.0,CNG,,14.9,0,842,39.2,3.35,,90.0,0.78,-2.34,13.3,0.0,0.0,0.00,ARMED,,14.9,1,
1791385871094,28.511267,77.383325,0.0,CNG,,14.9,0,841,38.8,3.23,,90.0,0.78,-2.34,13.2,0.0,0.0,0.00,ARMED,,14.9,1,
1791385871889,28.511267,77.383325,0.0,CNG,,14.9,0,844,38.8,3.40,,90.0,0.78,-2.34,13.2,0.0,0.0,0.00,ARMED,,14.9,1,
1791385872708,28.511267,77.383325,0.0,CNG,,14.9,0,786,38.8,1.47,,90.0,0.78,-2.34,13.4,0.0,0.0,0.00,ARMED,,14.9,1,
1791385874319,28.511267,77.383325,0.0,CNG,,14.9,0,748,23.1,1.16,,90.0,3.91,-2.34,13.4,0.0,0.0,0.00,ARMED,,12.5,1,
1791385875166,28.511267,77.383325,0.0,CNG,,14.9,0,710,23.1,2.10,,90.0,3.91,-2.34,13.5,0.0,0.0,0.00,ARMED,,12.5,1,
1791385875975,28.511267,77.383325,0.0,CNG,,14.9,0,709,23.1,2.09,,90.0,3.91,-2.34,13.5,0.0,0.0,0.00,ARMED,,12.5,1,
1791385877646,28.511267,77.383325,0.0,CNG,,14.9,0,708,22.7,1.62,,90.0,0.78,-2.34,13.5,0.0,0.0,0.00,ARMED,,12.5,1,
1791385878377,28.511267,77.383325,0.0,CNG,,14.9,0,707,22.7,3.85,,90.0,0.78,-2.34,13.5,0.0,0.0,0.00,ARMED,,12.5,1,
1791385879164,28.511267,77.383325,0.0,CNG,,14.9,0,766,22.7,2.45,,90.0,0.78,-2.34,13.1,0.0,0.0,0.00,ARMED,,12.5,1,
1791385880791,28.511267,77.383325,0.0,CNG,,14.9,0,800,40.0,2.51,,90.0,0.78,-2.34,13.1,0.0,0.0,0.00,ARMED,,15.3,1,
1791385881575,28.511267,77.383325,0.0,CNG,,14.9,0,835,40.0,3.46,,90.0,0.78,-2.34,13.3,0.0,0.0,0.00,ARMED,,15.3,1,
1791385882326,28.511267,77.383325,0.0,CNG,,14.9,0,848,40.0,3.54,,90.0,0.78,-2.34,13.3,0.0,0.0,0.00,ARMED,,15.3,1,
1791385883986,28.511267,77.383325,0.0,CNG,,14.9,0,846,40.8,2.57,,90.0,0.78,-2.34,13.4,0.0,0.0,0.00,ARMED,,15.3,1,
1791385884795,28.511267,77.383325,0.0,CNG,,14.9,0,846,40.8,3.30,,90.0,0.78,-2.34,13.4,0.0,0.0,0.00,ARMED,,15.3,1,
1791385885574,28.511267,77.383325,0.0,CNG,,14.9,0,842,40.8,3.38,,90.0,0.78,-2.34,13.4,0.0,0.0,0.00,ARMED,,15.3,1,
1791385887421,28.511268,77.383325,0.0,CNG,,14.9,0,833,23.5,3.31,,90.0,0.78,-2.34,13.4,0.0,0.0,0.00,ARMED,,12.9,1,
1791385888225,28.511268,77.383325,0.0,CNG,,14.9,0,739,23.5,1.96,,90.0,0.78,-2.34,13.3,0.0,0.0,0.00,ARMED,,12.9,1,
1791385889065,28.511268,77.383325,0.0,CNG,,14.9,0,722,23.5,1.77,,90.0,0.78,-2.34,13.3,0.0,0.0,0.00,ARMED,,12.9,1,
1791385890692,28.511268,77.383325,0.0,CNG,,14.9,0,711,23.1,0.97,,90.0,1.56,-2.34,13.4,0.0,0.0,0.00,ARMED,,12.5,1,
1791385891431,28.511268,77.383325,0.0,CNG,,14.9,0,712,23.1,2.05,,90.0,1.56,-2.34,13.4,0.0,0.0,0.00,ARMED,,12.5,1,
1791385892203,28.511268,77.383326,0.0,CNG,,14.9,0,733,23.1,2.67,,90.0,1.56,-2.34,13.4,0.0,0.0,0.00,ARMED,,12.5,1,
1791385893802,28.511268,77.383326,0.0,CNG,,14.9,0,781,39.2,2.90,,90.0,0.00,-2.34,13.4,0.0,0.0,0.00,ARMED,,15.3,1,
1791385894632,28.511268,77.383326,0.0,CNG,,14.9,0,825,39.2,2.43,,90.0,0.00,-2.34,13.4,0.0,0.0,0.00,ARMED,,15.3,1,
1791385895388,28.511268,77.383326,0.0,CNG,,14.9,0,835,39.2,2.95,,90.0,0.00,-2.34,13.4,0.0,0.0,0.00,ARMED,,15.3,1,
1791385897109,28.511268,77.383326,0.0,CNG,,14.9,0,840,38.8,3.05,,90.0,1.56,-2.34,13.4,0.0,0.0,0.00,ARMED,,14.9,1,
1791385897883,28.511268,77.383326,0.0,CNG,,14.9,0,841,38.8,3.37,,90.0,1.56,-2.34,13.4,0.0,0.0,0.00,ARMED,,14.9,1,
1791385898636,28.511268,77.383326,0.0,CNG,,14.9,0,842,38.8,2.73,,90.0,1.56,-2.34,13.5,0.0,0.0,0.00,ARMED,,14.9,1,
1791385900319,28.511268,77.383326,0.0,CNG,,14.9,0,842,38.4,3.36,,90.0,0.78,-2.34,13.5,0.0,0.0,0.00,ARMED,,14.9,1,
1791385901074,28.511268,77.383326,0.0,CNG,,14.9,0,838,38.4,2.32,,90.0,0.78,-2.34,13.4,0.0,0.0,0.00,ARMED,,14.9,1,
1791385901807,28.511268,77.383326,0.0,CNG,,14.9,0,832,38.4,3.00,,90.0,0.78,-2.34,13.4,0.0,0.0,0.00,ARMED,,14.9,1,
1791385903459,28.511268,77.383326,0.0,CNG,,14.9,0,837,38.8,3.36,,90.0,0.78,-2.34,13.4,0.0,0.0,0.00,ARMED,,14.9,1,
1791385904201,28.511268,77.383326,0.0,CNG,,14.9,0,834,38.8,3.16,,90.0,0.78,-2.34,13.4,0.0,0.0,0.00,ARMED,,14.9,1,
1791385904977,28.511268,77.383326,0.0,CNG,,14.9,0,838,38.8,3.42,,90.0,0.78,-2.34,13.4,0.0,0.0,0.00,ARMED,,14.9,1,
1791385906560,28.511268,77.383326,0.0,CNG,,14.9,0,836,38.8,3.12,,90.0,0.78,-2.34,13.4,0.0,0.0,0.00,ARMED,,14.9,1,
1791385907333,28.511268,77.383326,0.0,CNG,,14.9,0,840,38.8,2.35,,90.0,0.78,-2.34,13.2,0.0,0.0,0.00,ARMED,,14.9,1,
1791385908082,28.511268,77.383326,0.0,CNG,,14.9,0,829,38.8,0.78,,90.0,0.78,-2.34,13.2,0.0,0.0,0.00,ARMED,,14.9,1,
1791385909742,28.511268,77.383326,0.0,CNG,,14.9,0,767,23.1,2.26,,90.0,3.13,-2.34,13.5,0.0,0.0,0.00,ARMED,,12.5,1,
1791385910494,28.511268,77.383326,0.0,CNG,,14.9,0,707,23.1,1.27,,90.0,3.13,-2.34,13.5,0.0,0.0,0.00,ARMED,,12.5,1,
1791385911293,28.511268,77.383326,0.0,CNG,,14.9,0,719,23.1,1.54,,90.0,3.13,-2.34,13.4,0.0,0.0,0.00,ARMED,,12.5,1,
1791385913001,28.511268,77.383326,0.0,CNG,,14.9,0,710,23.1,2.11,,90.0,0.78,-2.34,13.4,0.0,0.0,0.00,ARMED,,12.5,1,
1791385913826,28.511268,77.383326,0.0,CNG,,14.9,0,709,23.1,0.93,,90.0,0.78,-2.34,13.2,0.0,0.0,0.00,ARMED,,12.5,1,
1791385914676,28.511268,77.383326,0.0,CNG,,14.9,0,746,23.1,2.24,,90.0,0.78,-2.34,13.2,0.0,0.0,0.00,ARMED,,12.5,1,
1791385916394,28.511268,77.383326,0.0,CNG,,14.9,0,791,40.0,2.91,,90.0,0.00,-2.34,13.2,0.0,0.0,0.00,ARMED,,15.3,1,
1791385917138,28.511268,77.383326,0.0,CNG,,14.9,0,838,40.0,2.66,,90.0,0.00,-2.34,13.2,0.0,0.0,0.00,ARMED,,15.3,1,
1791385917990,28.511268,77.383326,0.0,CNG,,14.9,0,846,40.0,2.66,,90.0,0.00,-2.34,13.0,0.0,0.0,0.00,ARMED,,15.3,1,
1791385919733,28.511268,77.383326,0.0,CNG,,14.9,0,852,40.8,3.73,,90.0,0.78,-2.34,13.3,0.0,0.0,0.00,ARMED,,15.3,1,
1791385920488,28.511268,77.383326,0.0,CNG,,14.9,0,843,40.8,2.59,,90.0,0.78,-2.34,13.2,0.0,0.0,0.00,ARMED,,15.3,1,
1791385921265,28.511268,77.383326,0.0,CNG,,14.9,0,841,40.8,2.43,,90.0,0.78,-2.34,13.2,0.0,0.0,0.00,ARMED,,15.3,1,
1791385922919,28.511268,77.383326,0.0,CNG,,14.9,0,837,24.3,2.67,,90.0,0.00,-2.34,13.3,0.0,0.0,0.00,ARMED,,12.9,1,
1791385923640,28.511268,77.383326,0.0,CNG,,14.9,0,754,24.3,1.06,,90.0,0.00,-2.34,13.3,0.0,0.0,0.00,ARMED,,12.9,1,
1791385924456,28.511268,77.383326,0.0,CNG,,14.9,0,730,24.3,2.02,,90.0,0.00,-2.34,13.4,0.0,0.0,0.00,ARMED,,12.9,1,
1791385926087,28.511268,77.383326,0.0,CNG,,14.9,0,718,23.1,1.16,,90.0,1.56,-2.34,13.4,0.0,0.0,0.00,ARMED,,12.5,1,
1791385926846,28.511268,77.383326,0.0,CNG,,14.9,0,705,23.1,1.78,,90.0,1.56,-2.34,13.5,0.0,0.0,0.00,ARMED,,12.5,1,
1791385927575,28.511268,77.383326,0.0,CNG,,14.9,0,710,23.1,1.95,,90.0,1.56,-2.34,13.5,0.0,0.0,0.00,ARMED,,12.5,1,
1791385929243,28.511268,77.383326,0.0,CNG,,14.9,0,710,37.6,2.77,,90.0,0.78,-2.34,13.2,0.0,0.0,0.00,ARMED,,14.9,1,
1791385930033,28.511268,77.383326,0.0,CNG,,14.9,0,809,37.6,3.27,,90.0,0.78,-2.34,13.2,0.0,0.0,0.00,ARMED,,14.9,1,
1791385930816,28.511268,77.383326,0.0,CNG,,14.9,0,825,37.6,2.40,,90.0,0.78,-2.34,13.4,0.0,0.0,0.00,ARMED,,14.9,1,
1791385932423,28.511268,77.383326,0.0,CNG,,14.9,0,831,39.2,2.67,,89.0,1.56,-2.34,13.4,0.0,0.0,0.00,ARMED,,14.9,1,
1791385933190,28.511268,77.383326,0.0,CNG,,14.9,0,849,39.2,3.36,,89.0,1.56,-2.34,13.5,0.0,0.0,0.00,ARMED,,14.9,1,
1791385933927,28.511268,77.383326,0.0,CNG,,14.9,0,841,39.2,2.91,,89.0,1.56,-2.34,13.5,0.0,0.0,0.00,ARMED,,14.9,1,
1791385935594,28.511268,77.383326,0.0,CNG,,14.9,0,837,38.8,3.42,,89.0,0.78,-2.34,13.1,0.0,0.0,0.00,ARMED,,14.9,1,
1791385936433,28.511268,77.383326,0.0,CNG,,14.9,0,837,38.8,2.75,,89.0,0.78,-2.34,13.1,0.0,0.0,0.00,ARMED,,14.9,1,
1791385937188,28.511268,77.383326,0.0,CNG,,14.9,0,840,38.8,3.09,,89.0,0.78,-2.34,13.4,0.0,0.0,0.00,ARMED,,14.9,1,
1791385938764,28.511268,77.383326,0.0,CNG,,14.9,0,836,23.1,3.21,,89.0,0.00,-2.34,13.4,0.0,0.0,0.00,ARMED,,12.9,1,
1791385939570,28.511268,77.383326,0.0,CNG,,14.9,0,736,23.1,1.84,,89.0,0.00,-2.34,13.4,0.0,0.0,0.00,ARMED,,12.9,1,
1791385940338,28.511268,77.383326,0.0,CNG,,14.9,0,725,23.1,1.44,,89.0,0.00,-2.34,13.4,0.0,0.0,0.00,ARMED,,12.9,1,
1791385941988,28.511268,77.383326,0.0,CNG,,14.9,0,717,23.1,2.12,,89.0,0.78,-2.34,13.5,0.0,0.0,0.00,ARMED,,12.5,1,
1791385942719,28.511268,77.383326,0.0,CNG,,14.9,0,710,23.1,3.92,,90.0,0.78,-2.34,13.5,0.0,0.0,0.00,ARMED,,12.5,1,
1791385943550,28.511268,77.383326,0.0,CNG,,14.9,0,767,23.1,2.86,,90.0,0.78,-2.34,13.1,0.0,0.0,0.00,ARMED,,12.5,1,
1791385945175,28.511268,77.383326,0.0,CNG,,14.9,0,799,40.0,3.48,,89.0,0.78,-2.34,13.1,0.0,0.0,0.00,ARMED,,15.3,1,
1791385945996,28.511268,77.383326,0.0,CNG,,14.9,0,832,40.0,3.40,,89.0,0.78,-2.34,13.4,0.0,0.0,0.00,ARMED,,15.3,1,
1791385946731,28.511268,77.383326,0.0,CNG,,14.9,0,840,40.0,3.00,,89.0,0.78,-2.34,13.4,0.0,0.0,0.00,ARMED,,15.3,1,
1791385948332,28.511268,77.383326,0.0,CNG,,14.9,0,848,39.6,3.51,,89.0,1.56,-2.34,13.5,0.0,0.0,0.00,ARMED,,15.3,1,
1791385949124,28.511268,77.383326,0.0,CNG,,14.9,0,852,39.6,2.40,,89.0,1.56,-2.34,13.5,0.0,0.0,0.00,ARMED,,15.3,1,
1791385949941,28.511268,77.383326,0.0,CNG,,14.9,0,848,39.6,3.47,,89.0,1.56,-2.34,13.0,0.0,0.0,0.00,ARMED,,15.3,1,
1791385951697,28.511268,77.383326,0.0,CNG,,14.9,0,844,27.8,3.33,,89.0,0.78,-2.34,13.4,0.0,0.0,0.00,ARMED,,12.9,1,
1791385952482,28.511268,77.383326,0.0,CNG,,14.9,0,762,27.8,2.24,,89.0,0.78,-2.34,13.5,0.0,0.0,0.00,ARMED,,12.9,1,
1791385953266,28.511268,77.383326,0.0,CNG,,14.9,0,733,27.8,1.51,,89.0,0.78,-2.34,13.5,0.0,0.0,0.00,ARMED,,12.9,1,
1791385954942,28.511268,77.383326,0.0,CNG,,14.9,0,720,23.1,1.69,,89.0,2.34,-2.34,13.4,0.0,0.0,0.00,ARMED,,12.5,1,
1791385955701,28.511268,77.383326,0.0,CNG,,14.9,0,712,23.1,1.98,,89.0,2.34,-2.34,13.4,0.0,0.0,0.00,ARMED,,12.5,1,
1791385956490,28.511268,77.383326,0.0,CNG,,14.9,0,706,23.1,1.50,,89.0,2.34,-2.34,13.5,0.0,0.0,0.00,ARMED,,12.5,1,
1791385958165,28.511268,77.383326,0.0,CNG,,14.9,0,717,38.4,2.42,,89.0,0.00,-2.34,13.5,0.0,0.0,0.00,ARMED,,15.3,1,
1791385958933,28.511268,77.383326,0.0,CNG,,14.9,0,818,38.4,3.51,,89.0,0.00,-2.34,13.3,0.0,0.0,0.00,ARMED,,15.3,1,
1791385959675,28.511268,77.383326,0.0,CNG,,14.9,0,824,38.4,3.54,,89.0,0.00,-2.34,13.3,0.0,0.0,0.00,ARMED,,15.3,1,
1791385961292,28.511268,77.383326,0.0,CNG,,14.9,0,841,39.6,3.53,,89.0,1.56,-2.34,13.3,0.0,0.0,0.00,ARMED,,15.3,1,
1791385962059,28.511268,77.383326,0.0,CNG,,14.9,0,857,39.6,2.66,,89.0,1.56,-2.34,13.3,0.0,0.0,0.00,ARMED,,15.3,1,
1791385962861,28.511268,77.383326,0.0,CNG,,14.9,0,846,39.6,3.09,,89.0,1.56,-2.34,13.3,0.0,0.0,0.00,ARMED,,15.3,1,
1791385964577,28.511268,77.383326,0.0,CNG,,14.9,0,841,40.0,3.54,,89.0,0.78,-2.34,13.3,0.0,0.0,0.00,ARMED,,15.3,1,
1791385965412,28.511268,77.383326,0.0,CNG,,14.9,0,837,40.0,0.00,,89.0,0.78,-2.34,13.5,0.0,0.0,0.00,ARMED,,15.3,1,
1791385966132,28.511268,77.383326,0.0,CNG,,14.9,0,768,40.0,1.14,,89.0,0.78,-2.34,13.5,0.0,0.0,0.00,ARMED,,15.3,1,
1791385967802,28.511268,77.383326,0.0,CNG,,14.9,0,736,23.1,1.85,,89.0,4.69,-2.34,13.6,0.0,0.0,0.00,ARMED,,12.5,1,
1791385968540,28.511268,77.383326,0.0,CNG,,14.9,0,713,23.1,0.78,,89.0,4.69,-2.34,13.6,0.0,0.0,0.00,ARMED,,12.5,1,
1791385969283,28.511268,77.383326,0.0,CNG,,14.9,0,708,23.1,0.81,,89.0,4.69,-2.34,13.4,0.0,0.0,0.00,ARMED,,12.5,1,
1791385970927,28.511268,77.383326,0.0,CNG,,14.9,0,707,36.1,2.04,,89.0,0.78,-2.34,13.4,0.0,0.0,0.00,ARMED,,14.1,1,
1791385971787,28.511268,77.383326,0.0,CNG,,14.9,0,777,36.1,2.28,,89.0,0.78,-2.34,13.2,0.0,0.0,0.00,ARMED,,14.1,1,
1791385972535,28.511268,77.383326,0.0,CNG,,14.9,0,801,36.1,2.62,,89.0,0.78,-2.34,13.2,0.0,0.0,0.00,ARMED,,14.1,1,
1791385974226,28.511268,77.383326,0.0,CNG,,14.9,0,813,39.6,3.18,,89.0,1.56,-2.34,13.4,0.0,0.0,0.00,ARMED,,15.3,1,
1791385974982,28.511268,77.383326,0.0,CNG,,14.9,0,840,39.6,3.49,,89.0,1.56,-2.34,13.4,0.0,0.0,0.00,ARMED,,15.3,1,
1791385975759,28.511268,77.383326,0.0,CNG,,14.9,0,842,39.6,2.92,,89.0,1.56,-2.34,13.5,0.0,0.0,0.00,ARMED,,15.3,1,
1791385977414,28.511268,77.383326,0.0,CNG,,14.9,0,849,38.8,3.36,,89.0,0.78,-2.34,13.5,0.0,0.0,0.00,ARMED,,14.9,1,
1791385978233,28.511268,77.383326,0.0,CNG,,14.9,0,845,38.8,2.38,,89.0,0.78,-2.34,13.4,0.0,0.0,0.00,ARMED,,14.9,1,
1791385979015,28.511268,77.383326,0.0,CNG,,14.9,0,841,38.8,3.13,,89.0,0.78,-2.34,13.4,0.0,0.0,0.00,ARMED,,14.9,1,
1791385980672,28.511268,77.383326,0.0,CNG,,14.9,0,791,23.1,1.27,,89.0,1.56,-2.34,13.4,0.0,0.0,0.00,ARMED,,12.5,1,
1791385981435,28.511268,77.383326,0.0,CNG,,14.9,0,721,23.1,1.07,,89.0,1.56,-2.34,13.4,0.0,0.0,0.00,ARMED,,12.5,1,
1791385982229,28.511268,77.383326,0.0,CNG,,14.9,0,712,23.1,1.96,,89.0,1.56,-2.34,13.2,0.0,0.0,0.00,ARMED,,12.5,1,
1791385984010,28.511268,77.383326,0.0,CNG,,14.9,0,709,22.7,1.79,,89.0,0.78,-2.34,13.3,0.0,0.0,0.00,ARMED,,12.5,1,
1791385984828,28.511268,77.383326,0.0,CNG,,14.9,0,704,22.7,1.93,,89.0,0.78,-2.34,13.4,0.0,0.0,0.00,ARMED,,12.5,1,
1791385985556,28.511268,77.383326,0.0,CNG,,14.9,0,698,22.7,2.92,,89.0,0.78,-2.34,13.4,0.0,0.0,0.00,ARMED,,12.5,1,
1791385987227,28.511268,77.383326,0.0,CNG,,14.9,0,780,40.0,3.23,,89.0,-0.78,-2.34,13.5,0.0,0.0,0.00,ARMED,,15.3,1,
1791385987976,28.511268,77.383326,0.0,CNG,,14.9,0,827,40.0,3.55,,89.0,-0.78,-2.34,13.5,0.0,0.0,0.00,ARMED,,15.3,1,
1791385988766,28.511268,77.383326,0.0,CNG,,14.9,0,839,40.0,2.57,,89.0,-0.78,-2.34,13.5,0.0,0.0,0.00,ARMED,,15.3,1,
1791385990380,28.511268,77.383326,0.0,CNG,,14.9,0,853,41.2,2.82,,89.0,1.56,-2.34,13.5,0.0,0.0,0.00,ARMED,,15.3,1,
1791385991226,28.511268,77.383326,0.0,CNG,,14.9,0,844,41.2,3.20,,89.0,1.56,-2.34,13.3,0.0,0.0,0.00,ARMED,,15.3,1,
1791385992063,28.511268,77.383326,0.0,CNG,,14.9,0,840,41.2,3.57,,89.0,1.56,-2.34,13.3,0.0,0.0,0.00,ARMED,,15.3,1,
1791385993684,28.511268,77.383326,0.0,CNG,,14.9,0,840,38.8,2.45,,89.0,0.78,-2.34,13.6,0.0,0.0,0.00,ARMED,,11.0,1,
1791385994547,28.511268,77.383326,0.0,CNG,,14.9,0,765,38.8,1.88,,89.0,0.78,-2.34,13.6,0.0,0.0,0.00,ARMED,,11.0,1,
1791385995347,28.511268,77.383326,0.0,CNG,,14.9,0,735,38.8,2.09,,89.0,0.78,-2.34,13.3,0.0,0.0,0.00,ARMED,,11.0,1,
1791385997108,28.511268,77.383326,0.0,CNG,,14.9,0,718,23.1,1.41,,89.0,2.34,-2.34,13.3,0.0,0.0,0.00,ARMED,,12.5,1,
1791385997887,28.511268,77.383326,0.0,CNG,,14.9,0,711,23.1,1.96,,89.0,2.34,-2.34,13.4,0.0,0.0,0.00,ARMED,,12.5,1,
1791385998645,28.511268,77.383326,0.0,CNG,,14.9,0,701,23.1,0.75,,89.0,2.34,-2.34,13.4,0.0,0.0,0.00,ARMED,,12.5,1,
1791386000328,28.511268,77.383326,0.0,CNG,,14.9,0,706,37.3,3.40,,89.0,2.34,-2.34,13.3,0.0,0.0,0.00,ARMED,,14.9,1,
1791386001122,28.511268,77.383326,0.0,CNG,,14.9,0,804,37.3,3.36,,89.0,2.34,-2.34,13.3,0.0,0.0,0.00,ARMED,,14.9,1,
1791386001889,28.511268,77.383326,0.0,CNG,,14.9,0,814,37.3,3.47,,89.0,2.34,-2.34,13.4,0.0,0.0,0.00,ARMED,,14.9,1,
1791386003478,28.511268,77.383326,0.0,CNG,,14.9,0,826,39.6,2.94,,89.0,1.56,-2.34,13.4,0.0,0.0,0.00,ARMED,,15.3,1,
1791386004252,28.511268,77.383326,0.0,CNG,,14.9,0,839,39.6,3.22,,89.0,1.56,-2.34,13.4,0.0,0.0,0.00,ARMED,,15.3,1,
1791386005014,28.511268,77.383326,0.0,CNG,,14.9,0,846,39.6,2.40,,89.0,1.56,-2.34,13.4,0.0,0.0,0.00,ARMED,,15.3,1,
1791386006720,28.511268,77.383326,0.0,CNG,,14.9,0,848,38.8,3.24,,89.0,0.78,-2.34,13.5,0.0,0.0,0.00,ARMED,,14.9,1,
1791386007511,28.511268,77.383326,0.0,CNG,,14.9,0,843,38.8,3.40,,89.0,0.78,-2.34,13.5,0.0,0.0,0.00,ARMED,,14.9,1,
1791386008284,28.511268,77.383326,0.0,CNG,,14.9,0,811,38.8,1.58,,89.0,0.78,-2.34,13.5,0.0,0.0,0.00,ARMED,,14.9,1,
1791386009969,28.511268,77.383326,0.0,CNG,,14.9,0,753,23.1,1.29,,89.0,4.69,-2.34,13.5,0.0,0.0,0.00,ARMED,,12.5,1,
1791386010771,28.511268,77.383326,0.0,CNG,,14.9,0,717,23.1,2.02,,89.0,4.69,-2.34,13.5,0.0,0.0,0.00,ARMED,,12.5,1,
1791386011500,28.511268,77.383326,0.0,CNG,,14.9,0,710,23.1,1.46,,89.0,4.69,-2.34,13.5,0.0,0.0,0.00,ARMED,,12.5,1,
1791386013077,28.511268,77.383326,0.0,CNG,,14.9,0,707,22.7,2.10,,89.0,0.78,-2.34,13.5,0.0,0.0,0.00,ARMED,,12.5,1,
1791386013861,28.511268,77.383326,0.0,CNG,,14.9,0,712,22.7,2.22,,89.0,0.78,-2.34,13.5,0.0,0.0,0.00,ARMED,,12.5,1,
1791386014613,28.511268,77.383326,0.0,CNG,,14.9,0,779,22.7,2.11,,89.0,0.78,-2.34,13.3,0.0,0.0,0.00,ARMED,,12.5,1,
1791386016360,28.511268,77.383326,0.0,CNG,,14.9,0,809,39.6,2.39,,89.0,0.78,-2.34,13.1,0.0,0.0,0.00,ARMED,,15.3,1,
1791386017157,28.511268,77.383326,0.0,CNG,,14.9,0,842,39.6,2.51,,89.0,0.78,-2.34,13.0,0.0,0.0,0.00,ARMED,,15.3,1,
1791386017974,28.511268,77.383326,0.0,CNG,,14.9,0,844,39.6,3.53,,89.0,0.78,-2.34,13.0,0.0,0.0,0.00,ARMED,,15.3,1,
1791386019678,28.511268,77.383326,0.0,CNG,,14.9,0,853,40.4,3.65,,89.0,0.78,-2.34,13.3,0.0,0.0,0.00,ARMED,,15.3,1,
1791386020455,28.511268,77.383326,0.0,CNG,,14.9,0,850,40.4,3.34,,89.0,0.78,-2.34,13.3,0.0,0.0,0.00,ARMED,,15.3,1,
1791386021251,28.511268,77.383326,0.0,CNG,,14.9,0,845,40.4,3.34,,89.0,0.78,-2.34,13.3,0.0,0.0,0.00,ARMED,,15.3,1,
1791386022895,28.511268,77.383326,0.0,CNG,,14.9,0,841,22.7,1.67,,89.0,-2.34,-2.34,13.3,0.0,0.0,0.00,ARMED,,12.9,1,
1791386023670,28.511268,77.383326,0.0,CNG,,14.9,0,731,22.7,0.90,,89.0,-2.34,-2.34,13.2,0.0,0.0,0.00,ARMED,,12.9,1,
1791386024418,28.511268,77.383326,0.0,CNG,,14.9,0,719,22.7,1.53,,89.0,-2.34,-2.34,13.2,0.0,0.0,0.00,ARMED,,12.9,1,
1791386026082,28.511268,77.383326,0.0,CNG,,14.9,0,712,22.7,2.05,,89.0,1.56,-2.34,13.5,0.0,0.0,0.00,ARMED,,12.5,1,
1791386026834,28.511268,77.383326,0.0,CNG,,14.9,0,703,22.7,1.35,,89.0,1.56,-2.34,13.5,0.0,0.0,0.00,ARMED,,12.5,1,
1791386027612,28.511268,77.383326,0.0,CNG,,14.9,0,706,22.7,1.93,,89.0,1.56,-2.34,13.4,0.0,0.0,0.00,ARMED,,12.5,1,
1791386029233,28.511268,77.383326,0.0,CNG,,14.9,0,738,38.0,2.92,,89.0,-1.56,-2.34,13.4,0.0,0.0,0.00,ARMED,,15.3,1,
1791386030022,28.511268,77.383326,0.0,CNG,,14.9,0,813,38.0,3.49,,89.0,-1.56,-2.34,13.4,0.0,0.0,0.00,ARMED,,15.3,1,
1791386030756,28.511268,77.383326,0.0,CNG,,14.9,0,830,38.0,2.84,,89.0,-1.56,-2.34,13.4,0.0,0.0,0.00,ARMED,,15.3,1,
1791386032413,28.511268,77.383326,0.0,CNG,,14.9,0,840,39.2,3.38,,89.0,1.56,-2.34,13.4,0.0,0.0,0.00,ARMED,,15.3,1,
1791386033173,28.511268,77.383326,0.0,CNG,,14.9,0,850,39.2,2.62,,89.0,1.56,-2.34,13.4,0.0,0.0,0.00,ARMED,,15.3,1,
1791386033956,28.511268,77.383326,0.0,CNG,,14.9,0,850,39.2,3.46,,89.0,1.56,-2.34,13.3,0.0,0.0,0.00,ARMED,,15.3,1,
1791386035655,28.511268,77.383326,0.0,CNG,,14.9,0,847,38.4,3.19,,89.0,0.78,-2.34,13.3,0.0,0.0,0.00,ARMED,,14.9,1,
1791386036440,28.511268,77.383326,0.0,CNG,,14.9,0,842,38.4,3.34,,89.0,0.78,-2.34,13.5,0.0,0.0,0.00,ARMED,,14.9,1,
1791386037225,28.511268,77.383326,0.0,CNG,,14.9,0,772,38.4,1.13,,89.0,0.78,-2.34,13.5,0.0,0.0,0.00,ARMED,,14.9,1,
1791386038842,28.511268,77.383326,0.0,CNG,,14.9,0,740,23.1,0.98,,89.0,5.47,-2.34,13.4,0.0,0.0,0.00,ARMED,,12.5,1,
1791386039609,28.511268,77.383326,0.0,CNG,,14.9,0,711,23.1,0.94,,89.0,5.47,-2.34,13.4,0.0,0.0,0.00,ARMED,,12.5,1,
1791386040370,28.511268,77.383326,0.0,CNG,,14.9,0,707,23.1,0.83,,89.0,5.47,-2.34,13.4,0.0,0.0,0.00,ARMED,,12.5,1,
1791386042091,28.511268,77.383326,0.0,CNG,,14.9,0,710,37.6,0.80,,89.0,0.78,-2.34,13.4,0.0,0.0,0.00,ARMED,,14.5,1,
1791386042897,28.511268,77.383326,0.0,CNG,,14.9,0,785,37.6,2.19,,89.0,0.78,-2.34,13.3,0.0,0.0,0.00,ARMED,,14.5,1,
1791386043630,28.511268,77.383326,0.0,CNG,,14.9,0,808,37.6,3.37,,89.0,0.78,-2.34,13.3,0.0,0.0,0.00,ARMED,,14.5,1,
1791386045305,28.511268,77.383326,0.0,CNG,,14.9,0,820,40.0,3.53,,89.0,1.56,-2.34,13.4,0.0,0.0,0.00,ARMED,,15.3,1,
1791386046134,28.511268,77.383326,0.0,CNG,,14.9,0,845,40.0,3.43,,89.0,1.56,-2.34,13.4,0.0,0.0,0.00,ARMED,,15.3,1,
1791386046909,28.511268,77.383326,0.0,CNG,,14.9,0,848,40.0,3.63,,89.0,1.56,-2.34,13.4,0.0,0.0,0.00,ARMED,,15.3,1,
1791386048812,28.511268,77.383326,0.0,CNG,,14.9,0,856,40.4,3.44,,89.0,0.00,-2.34,13.4,0.0,0.0,0.00,ARMED,,15.3,1,
1791386049591,28.511268,77.383326,0.0,CNG,,14.9,0,838,40.4,3.00,,89.0,0.00,-2.34,13.3,0.0,0.0,0.00,ARMED,,15.3,1,
1791386050315,28.511268,77.383326,0.0,CNG,,14.9,0,836,40.4,2.49,,89.0,0.00,-2.34,13.3,0.0,0.0,0.00,ARMED,,15.3,1,
1791386051920,28.511268,77.383326,0.0,CNG,,14.9,0,783,23.1,2.18,,89.0,1.56,-2.34,13.4,0.0,0.0,0.00,ARMED,,12.5,1,
1791386052726,28.511268,77.383326,0.0,CNG,,14.9,0,726,23.1,1.66,,89.0,1.56,-2.34,13.4,0.0,0.0,0.00,ARMED,,12.5,1,
1791386053494,28.511268,77.383326,0.0,CNG,,14.9,0,709,23.1,1.72,,89.0,1.56,-2.34,13.3,0.0,0.0,0.00,ARMED,,12.5,1,
1791386055248,28.511268,77.383326,0.0,CNG,,14.9,0,712,22.7,1.05,,89.0,0.78,-2.34,13.3,0.0,0.0,0.00,ARMED,,12.5,1,
1791386056009,28.511268,77.383326,0.0,CNG,,14.9,0,707,22.7,1.05,,89.0,0.78,-2.34,13.4,0.0,0.0,0.00,ARMED,,12.5,1,
1791386056767,28.511268,77.383326,0.0,CNG,,14.9,0,707,22.7,1.91,,89.0,0.78,-2.34,13.4,0.0,0.0,0.00,ARMED,,12.5,1,
1791386058461,28.511268,77.383326,0.0,CNG,,14.9,0,776,39.2,2.47,,89.0,-0.78,-2.34,13.5,0.0,0.0,0.00,ARMED,,14.9,1,
1791386059225,28.511268,77.383326,0.0,CNG,,14.9,0,821,39.2,3.49,,89.0,-0.78,-2.34,13.5,0.0,0.0,0.00,ARMED,,14.9,1,
1791386060040,28.511268,77.383326,0.0,CNG,,14.9,0,830,39.2,3.45,,89.0,-0.78,-2.34,13.1,0.0,0.0,0.00,ARMED,,14.9,1,
1791386061637,28.511268,77.383326,0.0,CNG,,14.9,0,847,39.2,3.23,,89.0,1.56,-2.34,13.1,0.0,0.0,0.00,ARMED,,14.9,1,
1791386062400,28.511268,77.383326,0.0,CNG,,14.9,0,846,39.2,2.83,,89.0,1.56,-2.34,13.3,0.0,0.0,0.00,ARMED,,14.9,1,
1791386063158,28.511268,77.383326,0.0,CNG,,14.9,0,844,39.2,3.05,,89.0,1.56,-2.34,13.3,0.0,0.0,0.00,ARMED,,14.9,1,
1791386064866,28.511268,77.383326,0.0,CNG,,14.9,0,846,23.1,2.48,,89.0,0.00,-2.34,13.5,0.0,0.0,0.00,ARMED,,12.9,1,
1791386065602,28.511268,77.383326,0.0,CNG,,14.9,0,734,23.1,1.34,,89.0,0.00,-2.34,13.5,0.0,0.0,0.00,ARMED,,12.9,1,
1791386066359,28.511268,77.383326,0.0,CNG,,14.9,0,718,23.1,0.80,,89.0,0.00,-2.34,13.5,0.0,0.0,0.00,ARMED,,12.9,1,
1791386067955,28.511268,77.383326,0.0,CNG,,14.9,0,718,23.1,1.79,,89.0,1.56,-2.34,13.5,0.0,0.0,0.00,ARMED,,12.5,1,
1791386068764,28.511268,77.383326,0.0,CNG,,14.9,0,700,23.1,1.96,,89.0,1.56,-2.34,13.5,0.0,0.0,0.00,ARMED,,12.5,1,
1791386069532,28.511268,77.383326,0.0,CNG,,14.9,0,701,23.1,1.94,,89.0,1.56,-2.34,13.5,0.0,0.0,0.00,ARMED,,12.5,1,
1791386071285,28.511268,77.383326,0.0,CNG,,14.9,0,708,34.5,0.81,,89.0,1.56,-2.34,13.3,0.0,0.0,0.00,ARMED,,14.5,1,
1791386072043,28.511268,77.383326,0.0,CNG,,14.9,0,760,34.5,3.05,,89.0,1.56,-2.34,13.3,0.0,0.0,0.00,ARMED,,14.5,1,
1791386072833,28.511268,77.383326,0.0,CNG,,14.9,0,799,34.5,3.23,,89.0,1.56,-2.34,13.2,0.0,0.0,0.00,ARMED,,14.5,1,
1791386074463,28.511268,77.383326,0.0,CNG,,14.9,0,822,39.6,2.90,,89.0,1.56,-2.34,13.2,0.0,0.0,0.00,ARMED,,15.3,1,
1791386075274,28.511268,77.383326,0.0,CNG,,14.9,0,844,39.6,2.47,,89.0,1.56,-2.34,13.3,0.0,0.0,0.00,ARMED,,15.3,1,
1791386076067,28.511268,77.383326,0.0,CNG,,14.9,0,853,39.6,3.06,,89.0,1.56,-2.34,13.3,0.0,0.0,0.00,ARMED,,15.3,1,
1791386077725,28.511268,77.383326,0.0,CNG,,14.9,0,853,40.0,3.27,,89.0,0.78,-2.34,13.1,0.0,0.0,0.00,ARMED,,15.3,1,
1791386078560,28.511268,77.383326,0.0,CNG,,14.9,0,839,40.0,3.44,,89.0,0.78,-2.34,13.1,0.0,0.0,0.00,ARMED,,15.3,1,
1791386079353,28.511268,77.383326,0.0,CNG,,14.9,0,838,40.0,3.18,,89.0,0.78,-2.34,13.2,0.0,0.0,0.00,ARMED,,15.3,1,
1791386081280,28.511268,77.383326,0.0,CNG,,14.9,0,784,23.1,1.26,,89.0,0.78,-2.34,13.4,0.0,0.0,0.00,ARMED,,12.5,1,
1791386082050,28.511268,77.383326,0.0,CNG,,14.9,0,718,23.1,0.94,,89.0,0.78,-2.34,13.3,0.0,0.0,0.00,ARMED,,12.5,1,
1791386082857,28.511268,77.383326,0.0,CNG,,14.9,0,711,23.1,1.02,,89.0,0.78,-2.34,13.3,0.0,0.0,0.00,ARMED,,12.5,1,
1791386084567,28.511268,77.383326,0.0,CNG,,14.9,0,704,22.7,0.79,,89.0,0.78,-2.34,13.4,0.0,0.0,0.00,ARMED,,12.5,1,
1791386085346,28.511268,77.383326,0.0,CNG,,14.9,0,700,22.7,1.62,,89.0,0.78,-2.34,13.4,0.0,0.0,0.00,ARMED,,12.5,1,
1791386086093,28.511268,77.383326,0.0,CNG,,14.9,0,696,22.7,2.35,,89.0,0.78,-2.34,13.5,0.0,0.0,0.00,ARMED,,12.5,1,
1791386087662,28.511268,77.383326,0.0,CNG,,14.9,0,774,38.8,3.03,,89.0,-1.56,-2.34,13.5,0.0,0.0,0.00,ARMED,,14.9,1,
1791386088440,28.511268,77.383326,0.0,CNG,,14.9,0,819,38.8,2.52,,89.0,-1.56,-2.34,13.1,0.0,0.0,0.00,ARMED,,14.9,1,
1791386089193,28.511268,77.383326,0.0,CNG,,14.9,0,830,38.8,2.52,,89.0,-1.56,-2.34,13.1,0.0,0.0,0.00,ARMED,,14.9,1,
1791386090931,28.511268,77.383326,0.0,CNG,,14.9,0,839,39.6,2.78,,89.0,1.56,-2.34,13.4,0.0,0.0,0.00,ARMED,,15.3,1,
1791386091745,28.511268,77.383326,0.0,CNG,,14.9,0,853,39.6,3.30,,89.0,1.56,-2.34,13.4,0.0,0.0,0.00,ARMED,,15.3,1,
1791386092567,28.511268,77.383326,0.0,CNG,,14.9,0,850,39.6,2.89,,89.0,1.56,-2.34,13.4,0.0,0.0,0.00,ARMED,,15.3,1,
1791386094321,28.511268,77.383326,0.0,CNG,,14.9,0,848,23.1,2.57,,89.0,0.78,-2.34,13.4,0.0,0.0,0.00,ARMED,,12.9,1,
1791386095086,28.511268,77.383326,0.0,CNG,,14.9,0,739,23.1,1.43,,89.0,0.78,-2.34,13.5,0.0,0.0,0.00,ARMED,,12.9,1,
1791386095830,28.511268,77.383326,0.0,CNG,,14.9,0,728,23.1,0.83,,89.0,0.78,-2.34,13.5,0.0,0.0,0.00,ARMED,,12.9,1,
1791386097544,28.511268,77.383326,0.0,CNG,,14.9,0,716,23.1,1.93,,89.0,1.56,-2.34,13.5,0.0,0.0,0.00,ARMED,,12.5,1,
1791386098295,28.511268,77.383326,0.0,CNG,,14.9,0,710,23.1,0.79,,89.0,1.56,-2.34,13.5,0.0,0.0,0.00,ARMED,,12.5,1,
1791386099084,28.511268,77.383326,0.0,CNG,,14.9,0,707,23.1,1.75,,89.0,1.56,-2.34,13.4,0.0,0.0,0.00,ARMED,,12.5,1,
1791386100660,28.511268,77.383326,0.0,CNG,,14.9,0,707,22.7,1.42,,89.0,0.78,-2.34,13.4,0.0,0.0,0.00,ARMED,,12.5,1,
1791386101429,28.511268,77.383326,0.0,CNG,,14.9,0,707,22.7,2.08,,89.0,0.78,-2.34,13.5,0.0,0.0,0.00,ARMED,,12.5,1,
1791386102176,28.511268,77.383326,0.0,CNG,,14.9,0,739,22.7,1.95,,89.0,0.78,-2.34,13.5,0.0,0.0,0.00,ARMED,,12.5,1,
1791386103843,28.511268,77.383326,0.0,CNG,,14.9,0,787,40.0,2.25,,89.0,0.00,-2.34,13.4,0.0,0.0,0.00,ARMED,,15.3,1,
1791386104609,28.511268,77.383326,0.0,CNG,,14.9,0,829,40.0,2.70,,89.0,0.00,-2.34,13.4,0.0,0.0,0.00,ARMED,,15.3,1,
1791386105426,28.511268,77.383326,0.0,CNG,,14.9,0,848,40.0,3.37,,89.0,0.00,-2.34,13.3,0.0,0.0,0.00,ARMED,,15.3,1,
1791386107041,28.511268,77.383326,0.0,CNG,,14.9,0,855,40.8,2.62,,89.0,0.78,-2.34,13.3,0.0,0.0,0.00,ARMED,,15.3,1,
1791386107815,28.511268,77.383326,0.0,CNG,,14.9,0,845,40.8,2.70,,89.0,0.78,-2.34,13.4,0.0,0.0,0.00,ARMED,,15.3,1,
1791386108583,28.511268,77.383326,0.0,CNG,,14.9,0,842,40.8,3.31,,89.0,0.78,-2.34,13.4,0.0,0.0,0.00,ARMED,,15.3,1,
1791386110311,28.511268,77.383326,0.0,CNG,,14.9,0,838,37.3,3.07,,89.0,0.78,-2.34,13.5,0.0,0.0,0.00,ARMED,,11.0,1,
1791386111078,28.511268,77.383326,0.0,CNG,,14.9,0,780,37.3,1.69,,89.0,0.78,-2.34,13.5,0.0,0.0,0.00,ARMED,,11.0,1,
1791386111842,28.511268,77.383326,0.0,CNG,,14.9,0,735,37.3,1.45,,89.0,0.78,-2.34,13.4,0.0,0.0,0.00,ARMED,,11.0,1,
1791386113612,28.511268,77.383326,0.0,CNG,,14.9,0,722,23.1,0.80,,89.0,3.13,-2.34,13.5,0.0,0.0,0.00,ARMED,,12.5,1,
1791386114392,28.511268,77.383326,0.0,CNG,,14.9,0,707,23.1,1.89,,89.0,3.13,-2.34,13.2,0.0,0.0,0.00,ARMED,,12.5,1,
1791386115150,28.511268,77.383326,0.0,CNG,,14.9,0,706,23.1,2.04,,89.0,3.13,-2.34,13.2,0.0,0.0,0.00,ARMED,,12.5,1,
1791386116874,28.511268,77.383326,0.0,CNG,,14.9,0,710,36.1,1.39,,89.0,0.78,-2.34,13.1,0.0,0.0,0.00,ARMED,,14.5,1,
1791386117670,28.511268,77.383326,0.0,CNG,,14.9,0,778,36.1,2.17,,89.0,0.78,-2.34,13.1,0.0,0.0,0.00,ARMED,,14.5,1,
1791386118461,28.511268,77.383326,0.0,CNG,,14.9,0,807,36.1,2.42,,89.0,0.78,-2.34,13.3,0.0,0.0,0.00,ARMED,,14.5,1,
1791386120082,28.511268,77.383326,0.0,CNG,,14.9,0,820,39.2,2.36,,89.0,1.56,-2.34,13.3,0.0,0.0,0.00,ARMED,,15.3,1,
1791386120901,28.511268,77.383326,0.0,CNG,,14.9,0,836,39.2,2.49,,89.0,1.56,-2.34,13.5,0.0,0.0,0.00,ARMED,,15.3,1,
1791386121630,28.511268,77.383326,0.0,CNG,,14.9,0,847,39.2,2.98,,89.0,1.56,-2.34,13.5,0.0,0.0,0.00,ARMED,,15.3,1,
1791386123267,28.511268,77.383326,0.0,CNG,,14.9,0,847,38.4,3.41,,89.0,0.78,-2.34,13.3,0.0,0.0,0.00,ARMED,,14.9,1,
1791386124006,28.511268,77.383326,0.0,CNG,,14.9,0,842,38.4,3.02,,89.0,0.78,-2.34,13.3,0.0,0.0,0.00,ARMED,,14.9,1,
1791386124828,28.511268,77.383326,0.0,CNG,,14.9,0,782,38.4,1.47,,89.0,0.78,-2.34,13.3,0.0,0.0,0.00,ARMED,,14.9,1,
1791386126504,28.511268,77.383326,0.0,CNG,,14.9,0,739,23.1,1.70,,89.0,4.69,-2.34,13.3,0.0,0.0,0.00,ARMED,,12.5,1,
1791386127336,28.511268,77.383326,0.0,CNG,,14.9,0,716,23.1,2.06,,89.0,4.69,-2.34,13.5,0.0,0.0,0.00,ARMED,,12.5,1,
1791386128090,28.511268,77.383326,0.0,CNG,,14.9,0,714,23.1,1.53,,89.0,4.69,-2.34,13.5,0.0,0.0,0.00,ARMED,,12.5,1,
1791386129836,28.511268,77.383326,0.0,CNG,,14.9,0,703,22.7,0.79,,89.0,0.78,-2.34,13.5,0.0,0.0,0.00,ARMED,,12.5,1,
1791386130678,28.511268,77.383326,0.0,CNG,,14.9,0,707,22.7,2.00,,89.0,0.78,-2.34,13.5,0.0,0.0,0.00,ARMED,,12.5,1,
1791386131432,28.511268,77.383326,0.0,CNG,,14.9,0,706,22.7,1.90,,89.0,0.78,-2.34,13.6,0.0,0.0,0.00,ARMED,,12.5,1,
1791386133062,28.511268,77.383326,0.0,CNG,,14.9,0,745,38.4,2.48,,89.0,0.00,-2.34,13.6,0.0,0.0,0.00,ARMED,,15.3,1,
1791386133825,28.511268,77.383326,0.0,CNG,,14.9,0,820,38.4,2.78,,89.0,0.00,-2.34,13.4,0.0,0.0,0.00,ARMED,,15.3,1,
1791386134582,28.511268,77.383326,0.0,CNG,,14.9,0,835,38.4,3.55,,89.0,0.00,-2.34,13.4,0.0,0.0,0.00,ARMED,,15.3,1,
1791386136323,28.511268,77.383326,0.0,CNG,,14.9,0,845,39.2,2.85,,89.0,1.56,-2.34,13.2,0.0,0.0,0.00,ARMED,,14.9,1,
1791386137101,28.511268,77.383326,0.0,CNG,,14.9,0,852,39.2,3.46,,89.0,1.56,-2.34,13.2,0.0,0.0,0.00,ARMED,,14.9,1,
1791386137863,28.511268,77.383326,0.0,CNG,,14.9,0,849,39.2,2.39,,89.0,1.56,-2.34,13.1,0.0,0.0,0.00,ARMED,,14.9,1,
1791386139518,28.511268,77.383326,0.0,CNG,,14.9,0,845,38.4,3.43,,89.0,0.78,-2.34,13.1,0.0,0.0,0.00,ARMED,,14.9,1,
1791386140291,28.511268,77.383326,0.0,CNG,,14.9,0,802,38.4,1.18,,89.0,0.78,-2.34,13.3,0.0,0.0,0.00,ARMED,,14.9,1,
1791386141128,28.511268,77.383326,0.0,CNG,,14.9,0,739,38.4,1.35,,89.0,0.78,-2.34,13.3,0.0,0.0,0.00,ARMED,,14.9,1,
1791386142806,28.511268,77.383326,0.0,CNG,,14.9,0,724,23.1,1.30,,89.0,3.91,-2.34,13.4,0.0,0.0,0.00,ARMED,,12.5,1,
1791386143559,28.511268,77.383326,0.0,CNG,,14.9,0,708,23.1,1.72,,89.0,3.91,-2.34,13.4,0.0,0.0,0.00,ARMED,,12.5,1,
1791386144386,28.511268,77.383326,0.0,CNG,,14.9,0,707,23.1,1.34,,89.0,3.91,-2.34,13.3,0.0,0.0,0.00,ARMED,,12.5,1,
1791386146102,28.511268,77.383326,0.0,CNG,,14.9,0,709,22.7,0.77,,89.0,0.78,-2.34,13.5,0.0,0.0,0.00,ARMED,,15.7,1,
1791386146947,28.511268,77.383326,0.0,CNG,,14.9,0,744,22.7,2.88,,89.0,0.78,-2.34,13.1,0.0,0.0,0.00,ARMED,,15.7,1,
1791386147694,28.511268,77.383326,0.0,CNG,,14.9,0,787,22.7,2.77,,89.0,0.78,-2.34,13.1,0.0,0.0,0.00,ARMED,,15.7,1,
1791386149389,28.511268,77.383326,0.0,CNG,,14.9,0,817,39.6,3.17,,89.0,1.56,-2.34,13.2,0.0,0.0,0.00,ARMED,,15.3,1,
1791386150152,28.511268,77.383326,0.0,CNG,,14.9,0,843,39.6,3.45,,89.0,1.56,-2.34,13.2,0.0,0.0,0.00,ARMED,,15.3,1,
1791386150959,28.511268,77.383326,0.0,CNG,,14.9,0,845,39.6,3.58,,89.0,1.56,-2.34,13.3,0.0,0.0,0.00,ARMED,,15.3,1,
1791386152616,28.511268,77.383326,0.0,CNG,,14.9,0,854,40.4,3.49,,89.0,0.00,-2.34,13.3,0.0,0.0,0.00,ARMED,,15.3,1,
1791386153397,28.511268,77.383326,0.0,CNG,,14.9,0,844,40.4,3.17,,89.0,0.00,-2.34,13.5,0.0,0.0,0.00,ARMED,,15.3,1,
1791386154151,28.511268,77.383326,0.0,CNG,,14.9,0,839,40.4,2.39,,89.0,0.00,-2.34,13.5,0.0,0.0,0.00,ARMED,,15.3,1,
1791386155844,28.511268,77.383326,0.0,CNG,,14.9,0,773,23.1,1.12,,89.0,0.78,-2.34,13.4,0.0,0.0,0.00,ARMED,,12.5,1,
1791386156613,28.511268,77.383326,0.0,CNG,,14.9,0,721,23.1,2.08,,89.0,0.78,-2.34,13.4,0.0,0.0,0.00,ARMED,,12.5,1,
1791386157401,28.511268,77.383326,0.0,CNG,,14.9,0,712,23.1,1.93,,89.0,0.78,-2.34,13.5,0.0,0.0,0.00,ARMED,,12.5,1,
1791386159024,28.511268,77.383326,0.0,CNG,,14.9,0,708,22.7,1.77,,89.0,1.56,-2.34,13.5,0.0,0.0,0.00,ARMED,,12.5,1,
1791386159832,28.511268,77.383326,0.0,CNG,,14.9,0,705,22.7,0.83,,89.0,1.56,-2.34,13.5,0.0,0.0,0.00,ARMED,,12.5,1,
1791386160555,28.511268,77.383326,0.0,CNG,,14.9,0,702,22.7,1.84,,89.0,1.56,-2.34,13.5,0.0,0.0,0.00,ARMED,,12.5,1,
1791386162219,28.511268,77.383326,0.0,CNG,,14.9,0,707,36.5,1.76,,89.0,0.78,-2.34,13.5,0.0,0.0,0.00,ARMED,,14.1,1,
1791386163011,28.511268,77.383326,0.0,CNG,,14.9,0,775,36.5,2.15,,89.0,0.78,-2.34,13.5,0.0,0.0,0.00,ARMED,,14.1,1,
1791386163796,28.511268,77.383326,0.0,CNG,,14.9,0,794,36.5,3.36,,89.0,0.78,-2.34,13.4,0.0,0.0,0.00,ARMED,,14.1,1,
1791386165438,28.511268,77.383326,0.0,CNG,,14.9,0,818,39.6,3.29,,89.0,1.56,-2.34,13.4,0.0,0.0,0.00,ARMED,,15.3,1,
1791386166311,28.511268,77.383326,0.0,CNG,,14.9,0,843,39.6,3.52,,89.0,1.56,-2.34,13.4,0.0,0.0,0.00,ARMED,,15.3,1,
1791386167069,28.511268,77.383326,0.0,CNG,,14.9,0,840,39.6,3.20,,89.0,1.56,-2.34,13.4,0.0,0.0,0.00,ARMED,,15.3,1,
1791386168713,28.511268,77.383326,0.0,CNG,,14.9,0,847,38.8,2.37,,89.0,1.56,-2.34,13.3,0.0,0.0,0.00,ARMED,,14.9,1,
1791386169476,28.511268,77.383326,0.0,CNG,,14.9,0,840,38.8,2.35,,89.0,1.56,-2.34,13.3,0.0,0.0,0.00,ARMED,,14.9,1,
1791386170258,28.511268,77.383326,0.0,CNG,,14.9,0,841,38.8,2.49,,89.0,1.56,-2.34,13.3,0.0,0.0,0.00,ARMED,,14.9,1,
1791386171929,28.511268,77.383326,0.0,CNG,,14.9,0,835,23.1,1.74,,89.0,-1.56,-2.34,13.3,0.0,0.0,0.00,ARMED,,12.5,1,
1791386172709,28.511268,77.383326,0.0,CNG,,14.9,0,725,23.1,1.98,,89.0,-1.56,-2.34,13.4,0.0,0.0,0.00,ARMED,,12.5,1,
1791386173457,28.511268,77.383326,0.0,CNG,,14.9,0,714,23.1,1.90,,89.0,-1.56,-2.34,13.4,0.0,0.0,0.00,ARMED,,12.5,1,
1791386175137,28.511268,77.383326,0.0,CNG,,14.9,0,714,23.1,2.04,,89.0,1.56,-2.34,13.6,0.0,0.0,0.00,ARMED,,12.5,1,
1791386175886,28.511268,77.383326,0.0,CNG,,14.9,0,709,23.1,2.00,,89.0,1.56,-2.34,13.6,0.0,0.0,0.00,ARMED,,12.5,1,
1791386176658,28.511268,77.383326,0.0,CNG,,14.9,0,705,23.1,1.99,,89.0,1.56,-2.34,13.2,0.0,0.0,0.00,ARMED,,12.5,1,
1791386178407,28.511268,77.383326,0.0,CNG,,14.9,0,733,38.0,2.70,,89.0,0.00,-2.34,13.5,0.0,0.0,0.00,ARMED,,15.3,1,
1791386179213,28.511268,77.383326,0.0,CNG,,14.9,0,818,38.0,3.50,,89.0,0.00,-2.34,13.4,0.0,0.0,0.00,ARMED,,15.3,1,
1791386179971,28.511268,77.383326,0.0,CNG,,14.9,0,831,38.0,2.95,,89.0,0.00,-2.34,13.4,0.0,0.0,0.00,ARMED,,15.3,1,
1791386181600,28.511268,77.383326,0.0,CNG,,14.9,0,847,40.8,2.50,,89.0,1.56,-2.34,13.5,0.0,0.0,0.00,ARMED,,15.3,1,
1791386182382,28.511268,77.383326,0.0,CNG,,14.9,0,854,40.8,3.50,,89.0,1.56,-2.34,13.5,0.0,0.0,0.00,ARMED,,15.3,1,
1791386183215,28.511268,77.383326,0.0,CNG,,14.9,0,847,40.8,3.56,,89.0,1.56,-2.34,13.2,0.0,0.0,0.00,ARMED,,15.3,1,
1791386184851,28.511268,77.383326,0.0,CNG,,14.9,0,846,38.8,3.22,,89.0,0.78,-2.34,13.2,0.0,0.0,0.00,ARMED,,11.0,1,
1791386185607,28.511268,77.383326,0.0,CNG,,14.9,0,772,38.8,1.54,,89.0,0.78,-2.34,13.3,0.0,0.0,0.00,ARMED,,11.0,1,
1791386186361,28.511268,77.383326,0.0,CNG,,14.9,0,739,38.8,0.96,,89.0,0.78,-2.34,13.3,0.0,0.0,0.00,ARMED,,11.0,1,
1791386188004,28.511268,77.383326,0.0,CNG,,14.9,0,725,23.1,1.13,,89.0,3.13,-2.34,13.5,0.0,0.0,0.00,ARMED,,12.5,1,
1791386188789,28.511268,77.383326,0.0,CNG,,14.9,0,705,23.1,1.79,,89.0,3.13,-2.34,13.5,0.0,0.0,0.00,ARMED,,12.5,1,
1791386189548,28.511268,77.383326,0.0,CNG,,14.9,0,711,23.1,1.40,,89.0,3.13,-2.34,13.5,0.0,0.0,0.00,ARMED,,12.5,1,
1791386191180,28.511268,77.383326,0.0,CNG,,14.9,0,702,22.7,2.00,,89.0,0.78,-2.34,13.5,0.0,0.0,0.00,ARMED,,12.5,1,
1791386192033,28.511268,77.383326,0.0,CNG,,14.9,0,708,22.7,1.83,,89.0,0.78,-2.34,13.6,0.0,0.0,0.00,ARMED,,12.5,1,
1791386192821,28.511268,77.383326,0.0,CNG,,14.9,0,703,22.7,1.72,,89.0,0.78,-2.34,13.6,0.0,0.0,0.00,ARMED,,12.5,1,
1791386194539,28.511268,77.383326,0.0,CNG,,14.9,0,718,38.0,1.89,,89.0,0.00,-2.34,13.2,0.0,0.0,0.00,ARMED,,14.9,1,
1791386195343,28.511268,77.383326,0.0,CNG,,14.9,0,814,38.0,3.13,,89.0,0.00,-2.34,13.2,0.0,0.0,0.00,ARMED,,14.9,1,
1791386196130,28.511268,77.383326,0.0,CNG,,14.9,0,823,38.0,2.40,,89.0,0.00,-2.34,13.4,0.0,0.0,0.00,ARMED,,14.9,1,
1791386197821,28.511268,77.383326,0.0,CNG,,14.9,0,837,39.6,2.43,,89.0,1.56,-2.34,13.4,0.0,0.0,0.00,ARMED,,15.3,1,
1791386198628,28.511268,77.383326,0.0,CNG,,14.9,0,849,39.6,3.36,,89.0,1.56,-2.34,13.4,0.0,0.0,0.00,ARMED,,15.3,1,
1791386199346,28.511268,77.383326,0.0,CNG,,14.9,0,844,39.6,2.38,,89.0,1.56,-2.34,13.4,0.0,0.0,0.00,ARMED,,15.3,1,
1791386200999,28.511268,77.383326,0.0,CNG,,14.9,0,839,38.4,3.35,,89.0,1.56,-2.34,13.5,0.0,0.0,0.00,ARMED,,14.9,1,
1791386201793,28.511268,77.383326,0.0,CNG,,14.9,0,841,38.4,0.00,,89.0,1.56,-2.34,13.5,0.0,0.0,0.00,ARMED,,14.9,1,
1791386202594,28.511268,77.383326,0.0,CNG,,14.9,0,766,38.4,2.21,,89.0,1.56,-2.34,13.5,0.0,0.0,0.00,ARMED,,14.9,1,
1791386204242,28.511268,77.383326,0.0,CNG,,14.9,0,734,23.5,2.18,,89.0,3.91,-2.34,13.5,0.0,0.0,0.00,ARMED,,12.5,1,
1791386205048,28.511268,77.383326,0.0,CNG,,14.9,0,714,23.5,0.76,,89.0,3.91,-2.34,13.5,0.0,0.0,0.00,ARMED,,12.5,1,
1791386205863,28.511268,77.383326,0.0,CNG,,14.9,0,710,23.5,1.00,,89.0,3.91,-2.34,13.5,0.0,0.0,0.00,ARMED,,12.5,1,
1791386207546,28.511268,77.383326,0.0,CNG,,14.9,0,708,22.7,1.43,,89.0,0.78,-2.34,13.4,0.0,0.0,0.00,ARMED,,12.5,1,
1791386208301,28.511268,77.383326,0.0,CNG,,14.9,0,713,22.7,3.16,,89.0,0.78,-2.34,13.4,0.0,0.0,0.00,ARMED,,12.5,1,
1791386209103,28.511268,77.383326,0.0,CNG,,14.9,0,776,22.7,2.18,,89.0,0.78,-2.34,13.1,0.0,0.0,0.00,ARMED,,12.5,1,
1791386210924,28.511268,77.383326,0.0,CNG,,14.9,0,805,40.0,3.39,,89.0,0.78,-2.34,13.4,0.0,0.0,0.00,ARMED,,15.3,1,
1791386211732,28.511268,77.383326,0.0,CNG,,14.9,0,842,40.0,3.55,,89.0,0.78,-2.34,13.2,0.0,0.0,0.00,ARMED,,15.3,1,
1791386212483,28.511268,77.383326,0.0,CNG,,14.9,0,844,40.0,3.47,,89.0,0.78,-2.34,13.2,0.0,0.0,0.00,ARMED,,15.3,1,
1791386214111,28.511268,77.383326,0.0,CNG,,14.9,0,852,41.6,3.40,,89.0,0.78,-2.34,13.3,0.0,0.0,0.00,ARMED,,15.3,1,
1791386214869,28.511268,77.383326,0.0,CNG,,14.9,0,843,41.6,3.72,,89.0,0.78,-2.34,13.3,0.0,0.0,0.00,ARMED,,15.3,1,
1791386215672,28.511268,77.383326,0.0,CNG,,14.9,0,838,41.6,2.47,,89.0,0.78,-2.34,13.2,0.0,0.0,0.00,ARMED,,15.3,1,
1791386217278,28.511268,77.383326,0.0,CNG,,14.9,0,776,23.1,2.12,,89.0,-0.78,-2.34,13.2,0.0,0.0,0.00,ARMED,,12.9,1,
1791386218084,28.511268,77.383326,0.0,CNG,,14.9,0,721,23.1,2.04,,89.0,-0.78,-2.34,13.4,0.0,0.0,0.00,ARMED,,12.9,1,
1791386218824,28.511268,77.383326,0.0,CNG,,14.9,0,710,23.1,2.08,,89.0,-0.78,-2.34,13.4,0.0,0.0,0.00,ARMED,,12.9,1,
1791386220483,28.511268,77.383326,0.0,CNG,,14.9,0,699,23.1,2.10,,89.0,1.56,-2.34,13.5,0.0,0.0,0.00,ARMED,,12.5,1,
1791386221255,28.511268,77.383326,0.0,CNG,,14.9,0,710,23.1,2.06,,89.0,1.56,-2.34,13.5,0.0,0.0,0.00,ARMED,,12.5,1,
1791386222018,28.511268,77.383326,0.0,CNG,,14.9,0,708,23.1,1.52,,89.0,1.56,-2.34,13.5,0.0,0.0,0.00,ARMED,,12.5,1,
1791386223719,28.511268,77.383326,0.0,CNG,,14.9,0,703,23.1,1.41,,89.0,0.00,-2.34,13.5,0.0,0.0,0.00,ARMED,,16.5,1,
1791386224531,28.511268,77.383326,0.0,CNG,,14.9,0,732,23.1,2.37,,89.0,0.00,-2.34,13.1,0.0,0.0,0.00,ARMED,,16.5,1,
1791386225318,28.511268,77.383326,0.0,CNG,,14.9,0,782,23.1,3.28,,89.0,0.00,-2.34,13.1,0.0,0.0,0.00,ARMED,,16.5,1,
1791386227005,28.511268,77.383326,0.0,CNG,,14.9,0,810,40.0,2.58,,89.0,0.78,-2.34,13.4,0.0,0.0,0.00,ARMED,,15.3,1,
1791386227793,28.511268,77.383326,0.0,CNG,,14.9,0,839,40.0,3.26,,89.0,0.78,-2.34,13.4,0.0,0.0,0.00,ARMED,,15.3,1,
1791386228582,28.511268,77.383326,0.0,CNG,,14.9,0,846,40.0,2.89,,89.0,0.78,-2.34,13.4,0.0,0.0,0.00,ARMED,,15.3,1,
1791386230277,28.511268,77.383326,0.0,CNG,,14.9,0,848,39.6,3.04,,89.0,0.78,-2.34,13.4,0.0,0.0,0.00,ARMED,,15.3,1,
1791386231046,28.511268,77.383326,0.0,CNG,,14.9,0,840,39.6,3.44,,89.0,0.78,-2.34,13.3,0.0,0.0,0.00,ARMED,,15.3,1,
1791386231786,28.511268,77.383326,0.0,CNG,,14.9,0,838,39.6,2.43,,89.0,0.78,-2.34,13.3,0.0,0.0,0.00,ARMED,,15.3,1,
1791386233565,28.511268,77.383326,0.0,CNG,,14.9,0,834,23.1,1.37,,89.0,-1.56,-2.34,13.5,0.0,0.0,0.00,ARMED,,12.5,1,
1791386234306,28.511268,77.383326,0.0,CNG,,14.9,0,728,23.1,1.55,,89.0,-1.56,-2.34,13.5,0.0,0.0,0.00,ARMED,,12.5,1,
1791386235102,28.511268,77.383326,0.0,CNG,,14.9,0,716,23.1,1.95,,89.0,-1.56,-2.34,13.5,0.0,0.0,0.00,ARMED,,12.5,1,
1791386236704,28.511268,77.383326,0.0,CNG,,14.9,0,703,23.1,1.10,,89.0,0.78,-2.34,13.5,0.0,0.0,0.00,ARMED,,12.5,1,
1791386237493,28.511268,77.383326,0.0,CNG,,14.9,0,707,23.1,1.99,,89.0,0.78,-2.34,13.4,0.0,0.0,0.00,ARMED,,12.5,1,
1791386238264,28.511268,77.383326,0.0,CNG,,14.9,0,706,23.1,1.09,,89.0,0.78,-2.34,13.4,0.0,0.0,0.00,ARMED,,12.5,1,
1791386239948,28.511268,77.383326,0.0,CNG,,14.9,0,704,38.4,2.47,,89.0,0.00,-2.34,13.4,0.0,0.0,0.00,ARMED,,14.9,1,
1791386240733,28.511268,77.383326,0.0,CNG,,14.9,0,808,38.4,2.77,,89.0,0.00,-2.34,13.4,0.0,0.0,0.00,ARMED,,14.9,1,
1791386241532,28.511268,77.383326,0.0,CNG,,14.9,0,827,38.4,3.25,,89.0,0.00,-2.34,13.5,0.0,0.0,0.00,ARMED,,14.9,1,
1791386243304,28.511268,77.383326,0.0,CNG,,14.9,0,838,40.0,3.54,,89.0,1.56,-2.34,13.2,0.0,0.0,0.00,ARMED,,15.3,1,
1791386244072,28.511268,77.383326,0.0,CNG,,14.9,0,851,40.0,3.07,,89.0,1.56,-2.34,13.4,0.0,0.0,0.00,ARMED,,15.3,1,
1791386244819,28.511268,77.383326,0.0,CNG,,14.9,0,851,40.0,3.44,,89.0,1.56,-2.34,13.4,0.0,0.0,0.00,ARMED,,15.3,1,
1791386246475,28.511268,77.383326,0.0,CNG,,14.9,0,844,40.4,2.68,,89.0,0.78,-2.34,13.4,0.0,0.0,0.00,ARMED,,14.9,1,
1791386247209,28.511268,77.383326,0.0,CNG,,14.9,0,789,40.4,1.89,,89.0,0.78,-2.34,13.4,0.0,0.0,0.00,ARMED,,14.9,1,
1791386248012,28.511268,77.383326,0.0,CNG,,14.9,0,831,40.4,2.18,,89.0,0.78,-2.34,13.3,0.0,0.0,0.00,ARMED,,14.9,1,
1791386249705,28.511268,77.383326,0.0,CNG,,14.9,0,754,35.7,1.01,,89.0,3.91,-2.34,13.3,0.0,0.0,0.00,ARMED,,14.5,1,
1791386250486,28.511268,77.383326,0.0,CNG,,14.9,0,816,35.7,1.91,,89.0,3.91,-2.34,13.4,0.0,0.0,0.00,ARMED,,14.5,1,
1791386251288,28.511268,77.383326,0.0,CNG,,14.9,0,741,35.7,1.55,,89.0,3.91,-2.34,13.4,0.0,0.0,0.00,ARMED,,14.5,1,
1791386252932,28.511268,77.383326,0.0,CNG,,14.9,0,714,23.1,1.99,,89.0,0.78,-2.34,13.4,0.0,0.0,0.00,ARMED,,12.5,1,
1791386253667,28.511268,77.383326,0.0,CNG,,14.9,0,713,23.1,1.96,,89.0,0.78,-2.34,13.4,0.0,0.0,0.00,ARMED,,12.5,1,
1791386254420,28.511268,77.383326,0.0,CNG,,14.9,0,706,23.1,1.74,,89.0,0.78,-2.34,13.4,0.0,0.0,0.00,ARMED,,12.5,1,
1791386255971,28.511268,77.383326,0.0,CNG,,14.9,0,715,42.4,3.53,,89.0,-1.56,-2.34,13.4,0.0,0.0,0.00,ARMED,,15.3,1,
1791386256771,28.511268,77.383326,0.0,CNG,,14.9,0,826,42.4,3.57,,89.0,-1.56,-2.34,13.3,0.0,0.0,0.00,ARMED,,15.3,1,
1791386257579,28.511268,77.383326,0.0,CNG,,14.9,0,832,42.4,2.92,,89.0,-1.56,-2.34,13.3,0.0,0.0,0.00,ARMED,,15.3,1,
1791386259288,28.511268,77.383326,0.0,CNG,,14.9,0,837,39.6,3.07,,89.0,0.78,-2.34,13.3,0.0,0.0,0.00,ARMED,,15.3,1,
1791386260041,28.511268,77.383326,0.0,CNG,,14.9,0,845,39.6,2.50,,89.0,0.78,-2.34,13.3,0.0,0.0,0.00,ARMED,,15.3,1,
1791386260786,28.511268,77.383326,0.0,CNG,,14.9,0,842,39.6,2.76,,89.0,0.78,-2.34,13.4,0.0,0.0,0.00,ARMED,,15.3,1,
1791386262426,28.511268,77.383326,0.0,CNG,,14.9,0,850,38.8,2.41,,89.0,0.78,-2.34,13.4,0.0,0.0,0.00,ARMED,,14.9,1,
1791386263263,28.511268,77.383326,0.0,CNG,,14.9,0,838,38.8,2.34,,89.0,0.78,-2.34,13.5,0.0,0.0,0.00,ARMED,,14.9,1,
1791386264002,28.511268,77.383326,0.0,CNG,,14.9,0,769,38.8,2.14,,89.0,0.78,-2.34,13.5,0.0,0.0,0.00,ARMED,,14.9,1,
1791386265668,28.511268,77.383326,0.0,CNG,,14.9,0,733,23.1,1.52,,89.0,4.69,-2.34,13.4,0.0,0.0,0.00,ARMED,,12.5,1,
1791386266481,28.511268,77.383326,0.0,CNG,,14.9,0,712,23.1,1.43,,89.0,4.69,-2.34,13.4,0.0,0.0,0.00,ARMED,,12.5,1,
1791386267260,28.511268,77.383326,0.0,CNG,,14.9,0,704,23.1,1.86,,89.0,4.69,-2.34,13.4,0.0,0.0,0.00,ARMED,,12.5,1,
1791386268910,28.511268,77.383326,0.0,CNG,,14.9,0,709,22.7,1.45,,89.0,1.56,-2.34,13.4,0.0,0.0,0.00,ARMED,,12.5,1,
1791386269677,28.511268,77.383326,0.0,CNG,,14.9,0,707,22.7,1.81,,89.0,1.56,-2.34,13.5,0.0,0.0,0.00,ARMED,,12.5,1,
1791386270470,28.511268,77.383326,0.0,CNG,,14.9,0,779,22.7,2.57,,89.0,1.56,-2.34,13.5,0.0,0.0,0.00,ARMED,,12.5,1,
1791386272103,28.511268,77.383326,0.0,CNG,,14.9,0,809,41.2,3.54,,89.0,0.00,-2.34,13.3,0.0,0.0,0.00,ARMED,,15.3,1,
1791386272878,28.511268,77.383326,0.0,CNG,,14.9,0,837,41.2,3.29,,89.0,0.00,-2.34,13.3,0.0,0.0,0.00,ARMED,,15.3,1,
1791386273694,28.511268,77.383326,0.0,CNG,,14.9,0,837,41.2,2.74,,89.0,0.00,-2.34,13.1,0.0,0.0,0.00,ARMED,,15.3,1,
1791386275457,28.511268,77.383326,0.0,CNG,,14.9,0,845,40.8,3.50,,89.0,0.78,-2.34,13.1,0.0,0.0,0.00,ARMED,,15.3,1,
1791386276222,28.511268,77.383326,0.0,CNG,,14.9,0,845,40.8,2.57,,89.0,0.78,-2.34,13.5,0.0,0.0,0.00,ARMED,,15.3,1,
1791386276977,28.511268,77.383326,0.0,CNG,,14.9,0,843,40.8,2.44,,89.0,0.78,-2.34,13.5,0.0,0.0,0.00,ARMED,,15.3,1,
1791386278775,28.511268,77.383326,0.0,CNG,,14.9,0,837,22.7,0.00,,89.0,-3.13,-2.34,13.5,0.0,0.0,0.00,ARMED,,12.5,1,
1791386279573,28.511268,77.383326,0.0,CNG,,14.9,0,729,22.7,1.96,,89.0,-3.13,-2.34,13.5,0.0,0.0,0.00,ARMED,,12.5,1,
1791386280347,28.511268,77.383326,0.0,CNG,,14.9,0,713,22.7,0.79,,89.0,-3.13,-2.34,13.3,0.0,0.0,0.00,ARMED,,12.5,1,
1791386282035,28.511268,77.383326,0.0,CNG,,14.9,0,713,23.1,1.56,,89.0,1.56,-2.34,13.3,0.0,0.0,0.00,ARMED,,12.5,1,
1791386282898,28.511268,77.383326,0.0,CNG,,14.9,0,710,23.1,0.85,,89.0,1.56,-2.34,13.4,0.0,0.0,0.00,ARMED,,12.5,1,
1791386283830,28.511268,77.383326,0.0,CNG,,14.9,0,712,23.1,1.94,,89.0,1.56,-2.34,13.4,0.0,0.0,0.00,ARMED,,12.5,1,
1791386285465,28.511268,77.383326,0.0,CNG,,14.9,0,705,22.7,1.01,,89.0,0.78,-2.34,13.3,0.0,0.0,0.00,ARMED,,17.6,1,
1791386286195,28.511268,77.383326,0.0,CNG,,32.5,0,772,22.7,2.24,,89.0,0.78,-2.34,13.3,24.1,0.0,0.00,ARMED,,17.6,1,
1791386287009,28.511268,77.383326,0.0,CNG,,32.5,0,1648,22.7,3.13,,89.0,0.78,-2.34,13.5,24.1,0.0,0.00,ARMED,,17.6,1,
1791386288631,28.511268,77.383326,0.0,CNG,,14.9,0,2525,37.6,5.98,,89.0,0.00,-3.13,13.5,0.0,0.0,0.00,ARMED,,15.3,1,
1791386289413,28.511268,77.383326,0.0,CNG,,14.9,0,1095,37.6,3.59,,89.0,0.00,-3.13,13.2,0.0,0.0,0.00,ARMED,,15.3,1,
1791386290171,28.511268,77.383326,0.0,CNG,,14.9,0,965,37.6,3.59,,89.0,0.00,-3.13,13.2,0.0,0.0,0.00,ARMED,,15.3,1,
1791386291793,28.511268,77.383326,0.0,CNG,,14.9,0,853,41.2,3.63,,89.0,0.00,-2.34,13.4,0.0,0.0,0.00,ARMED,,15.3,1,
1791386292535,28.511268,77.383326,0.0,CNG,,14.9,0,851,41.2,3.57,,89.0,0.00,-2.34,13.4,0.0,0.0,0.00,ARMED,,15.3,1,
1791386293310,28.511268,77.383326,0.0,CNG,,14.9,0,842,41.2,2.88,,89.0,0.00,-2.34,13.3,0.0,0.0,0.00,ARMED,,15.3,1,
1791386295040,28.511268,77.383326,0.0,CNG,,14.9,0,785,23.1,1.14,,89.0,-2.34,-2.34,13.3,0.0,0.0,0.00,ARMED,,12.5,1,
1791386295805,28.511268,77.383326,0.0,CNG,,14.9,0,720,23.1,2.04,,89.0,-2.34,-2.34,13.5,0.0,0.0,0.00,ARMED,,12.5,1,
1791386296576,28.511268,77.383326,0.0,CNG,,14.9,0,713,23.1,1.38,,89.0,-2.34,-2.34,13.5,0.0,0.0,0.00,ARMED,,12.5,1,
1791386298247,28.511268,77.383326,0.0,CNG,,14.9,0,699,22.7,0.99,,89.0,0.78,-2.34,13.3,0.0,0.0,0.00,ARMED,,12.5,1,
