t_ms,lat,lon,speed_kmh,fuel,inst_eff,pedal,gear,rpm,load,maf,map,ect,stft,ltft,volt,pedal_norm,v_est,a_est,cruise_state,cruise_target,throttle,sugg_gear,cue
1791343481528,28.506306,77.403586,,CNG,,,,,34.9,2.17,,89.0,0.00,-2.34,13.5,,,,OFF,,14.5,,
1791343483224,28.506335,77.403602,,CNG,,,,,34.9,2.17,,89.0,0.00,-2.34,13.5,,,,OFF,,14.5,,
1791343484000,28.506375,77.403620,,CNG,,,,,34.9,2.17,,89.0,0.00,-2.34,13.5,,,,OFF,,14.5,,
1791343484867,28.506399,77.403622,,CNG,,,,,34.9,2.17,,89.0,0.00,-2.34,13.5,,,,OFF,,14.5,,
1791343486593,28.506405,77.403620,,CNG,,,,,34.9,2.17,,89.0,0.00,-2.34,13.5,,,,OFF,,14.5,,
1791343487418,28.506406,77.403620,,CNG,,,,,34.9,2.17,,89.0,0.00,-2.34,13.5,,,,OFF,,14.5,,
1791343488237,28.506406,77.403620,,CNG,,,,,34.9,2.17,,89.0,0.00,-2.34,13.5,,,,OFF,,14.5,,
1791343489924,28.506403,77.403621,,CNG,,,,,34.9,2.17,,89.0,0.00,-2.34,13.5,,,,OFF,,14.5,,
1791343490816,28.506401,77.403622,,CNG,,,,,34.9,2.17,,89.0,0.00,-2.34,13.5,,,,OFF,,14.5,,
1791343491682,28.506398,77.403624,,CNG,,,,,34.9,2.17,,89.0,0.00,-2.34,13.5,,,,OFF,,14.5,,
1791343493301,28.506398,77.403624,,CNG,,,,,34.9,2.17,,89.0,0.00,-2.34,13.5,,,,OFF,,14.5,,
1791343494119,28.506398,77.403624,,CNG,,,,,34.9,2.17,,89.0,0.00,-2.34,13.5,,,,OFF,,14.5,,
1791343495034,28.506398,77.403623,,CNG,,,,,34.9,2.17,,89.0,0.00,-2.34,13.5,,,,OFF,,14.5,,
1791343496860,28.506397,77.403623,,CNG,,,,,34.9,2.17,,89.0,0.00,-2.34,13.5,,,,OFF,,14.5,,
1791343497684,28.506397,77.403623,,CNG,,,,,34.9,2.17,,89.0,0.00,-2.34,13.5,,,,OFF,,14.5,,
1791343498568,28.506397,77.403623,,CNG,,,,,34.9,2.17,,89.0,0.00,-2.34,13.5,,,,OFF,,14.5,,
1791343500268,28.506397,77.403623,,CNG,,,,,34.9,2.17,,89.0,0.00,-2.34,13.5,,,,OFF,,14.5,,
1791343501053,28.506397,77.403623,,CNG,,,,,34.9,2.17,,89.0,0.00,-2.34,13.5,,,,OFF,,14.5,,
1791343501863,28.506397,77.403623,,CNG,,,,,34.9,2.17,,89.0,0.00,-2.34,13.5,,,,OFF,,14.5,,
1791343503485,28.506397,77.403623,,CNG,,,,,34.9,2.17,,89.0,0.00,-2.34,13.5,,,,OFF,,14.5,,
1791343504344,28.506397,77.403623,,CNG,,,,,34.9,2.17,,89.0,0.00,-2.34,13.5,,,,OFF,,14.5,,
1791343505513,28.506394,77.403623,,CNG,,,,,34.9,2.17,,89.0,0.00,-2.34,13.5,,,,OFF,,14.5,,
1791343507178,28.506393,77.403622,,CNG,,,,,34.9,2.17,,89.0,0.00,-2.34,13.5,,,,OFF,,14.5,,
1791343507995,28.506393,77.403623,,CNG,,,,,34.9,2.17,,89.0,0.00,-2.34,13.5,,,,OFF,,14.5,,
1791343509090,28.506392,77.403623,,CNG,,,,,34.9,2.17,,89.0,0.00,-2.34,13.5,,,,OFF,,14.5,,
1791343510860,28.506391,77.403623,,CNG,,,,,34.9,2.17,,89.0,0.00,-2.34,13.5,,,,OFF,,14.5,,
1791343511679,28.506390,77.403624,,CNG,,,,,34.9,2.17,,89.0,0.00,-2.34,13.5,,,,OFF,,14.5,,
1791343512561,28.506390,77.403624,,CNG,,,,,34.9,2.17,,89.0,0.00,-2.34,13.5,,,,OFF,,14.5,,
1791343514649,28.506390,77.403624,,CNG,,,,,34.9,2.17,,89.0,0.00,-2.34,13.5,,,,OFF,,14.5,,
1791343515530,28.506390,77.403624,,CNG,,,,,34.9,2.17,,89.0,0.00,-2.34,13.5,,,,OFF,,14.5,,
1791343516514,28.506390,77.403624,,CNG,,,,,34.9,2.17,,89.0,0.00,-2.34,13.5,,,,OFF,,14.5,,
1791343518666,28.506390,77.403624,,CNG,,,,,34.9,2.17,,89.0,0.00,-2.34,13.5,,,,OFF,,14.5,,
1791343519735,28.506390,77.403624,,CNG,,,,,34.9,2.17,,89.0,0.00,-2.34,13.5,,,,OFF,,14.5,,
1791343520719,28.506390,77.403624,,CNG,,,,,34.9,2.17,,89.0,0.00,-2.34,13.5,,,,OFF,,14.5,,
1791343522731,28.506390,77.403624,,CNG,,,,,34.9,2.17,,89.0,0.00,-2.34,13.5,,,,OFF,,14.5,,
1791343523734,28.506390,77.403624,,CNG,,,,,34.9,2.17,,89.0,0.00,-2.34,13.5,,,,OFF,,14.5,,
1791343524702,28.506390,77.403624,,CNG,,,,,34.9,2.17,,89.0,0.00,-2.34,13.5,,,,OFF,,14.5,,
1791343526681,28.506390,77.403624,,CNG,,,,,34.9,2.17,,89.0,0.00,-2.34,13.5,,,,OFF,,14.5,,
1791343527625,28.506390,77.403624,,CNG,,,,,34.9,2.17,,89.0,0.00,-2.34,13.5,,,,OFF,,14.5,,
1791343528537,28.506390,77.403624,,CNG,,,,,34.9,2.17,,89.0,0.00,-2.34,13.5,,,,OFF,,14.5,,
1791343530410,28.506390,77.403624,,CNG,,,,,34.9,2.17,,89.0,0.00,-2.34,13.5,,,,OFF,,14.5,,
1791343531369,28.506390,77.403624,,CNG,,,,,34.9,2.17,,89.0,0.00,-2.34,13.5,,,,OFF,,14.5,,
1791343532353,28.506390,77.403624,,CNG,,,,,34.9,2.17,,89.0,0.00,-2.34,13.5,,,,OFF,,14.5,,
1791343534487,28.506390,77.403624,,CNG,,,,,34.9,2.17,,89.0,0.00,-2.34,13.5,,,,OFF,,14.5,,
1791343535483,28.506390,77.403624,,CNG,,,,,34.9,2.17,,89.0,0.00,-2.34,13.5,,,,OFF,,14.5,,
1791343536378,28.506390,77.403624,,CNG,,,,,34.9,2.17,,89.0,0.00,-2.34,13.5,,,,OFF,,14.5,,
1791343538306,28.506390,77.403624,,CNG,,,,,34.9,2.17,,89.0,0.00,-2.34,13.5,,,,OFF,,14.5,,
1791343539233,28.506390,77.403624,,CNG,,,,,34.9,2.17,,89.0,0.00,-2.34,13.5,,,,OFF,,14.5,,
1791343540130,28.506390,77.403624,,CNG,,,,,34.9,2.17,,89.0,0.00,-2.34,13.5,,,,OFF,,14.5,,
1791343542217,28.506390,77.403624,,CNG,,,,,34.9,2.17,,89.0,0.00,-2.34,13.5,,,,OFF,,14.5,,
1791343543276,28.506390,77.403624,,CNG,,,,,34.9,2.17,,89.0,0.00,-2.34,13.5,,,,OFF,,14.5,,
1791343544182,28.506390,77.403624,,CNG,,,,,34.9,2.17,,89.0,0.00,-2.34,13.5,,,,OFF,,14.5,,
1791343546493,28.506390,77.403624,,CNG,,,,,34.9,2.17,,89.0,0.00,-2.34,13.5,,,,OFF,,14.5,,
1791343547746,28.506390,77.403624,,CNG,,,,,34.9,2.17,,89.0,0.00,-2.34,13.5,,,,OFF,,14.5,,
1791343549073,28.506390,77.403624,,CNG,,,,,34.9,2.17,,89.0,0.00,-2.34,13.5,,,,OFF,,14.5,,
1791343551186,28.506390,77.403624,,CNG,,,,,34.9,2.17,,89.0,0.00,-2.34,13.5,,,,OFF,,14.5,,
1791343552138,28.506390,77.403624,,CNG,,,,,34.9,2.17,,89.0,0.00,-2.34,13.5,,,,OFF,,14.5,,
1791343553183,28.506390,77.403624,,CNG,,,,,34.9,2.17,,89.0,0.00,-2.34,13.5,,,,OFF,,14.5,,
1791343555022,28.506390,77.403624,,CNG,,,,,34.9,2.17,,89.0,0.00,-2.34,13.5,,,,OFF,,14.5,,
1791343555799,28.506390,77.403624,,CNG,,,,,34.9,2.17,,89.0,0.00,-2.34,13.5,,,,OFF,,14.5,,
1791343556597,28.506390,77.403624,,CNG,,,,,34.9,2.17,,89.0,0.00,-2.34,13.5,,,,OFF,,14.5,,
1791343558184,28.506390,77.403624,,CNG,,,,,34.9,2.17,,89.0,0.00,-2.34,13.5,,,,OFF,,14.5,,
1791343558977,28.506390,77.403624,,CNG,,,,,34.9,2.17,,89.0,0.00,-2.34,13.5,,,,OFF,,14.5,,
1791343559733,28.506390,77.403624,,CNG,,,,,34.9,2.17,,89.0,0.00,-2.34,13.5,,,,OFF,,14.5,,
1791343561417,28.506390,77.403624,,CNG,,,,,34.9,2.17,,89.0,0.00,-2.34,13.5,,,,OFF,,14.5,,
1791343562179,28.506390,77.403624,,CNG,,,,,34.9,2.17,,89.0,0.00,-2.34,13.5,,,,OFF,,14.5,,
1791343562959,28.506390,77.403624,,CNG,,,,,34.9,2.17,,89.0,0.00,-2.34,13.5,,,,OFF,,14.5,,
1791343564487,28.506390,77.403624,,CNG,,,,,34.9,2.17,,89.0,0.00,-2.34,13.5,,,,OFF,,14.5,,
1791343565284,28.506390,77.403624,,CNG,,,,,34.9,2.17,,89.0,0.00,-2.34,13.5,,,,OFF,,14.5,,
1791343566072,28.506390,77.403624,,CNG,,,,,34.9,2.17,,89.0,0.00,-2.34,13.5,,,,OFF,,14.5,,
1791343567630,28.506390,77.403624,,CNG,,,,,34.9,2.17,,89.0,0.00,-2.34,13.5,,,,OFF,,14.5,,
1791343568383,28.506390,77.403624,,CNG,,,,,34.9,2.17,,89.0,0.00,-2.34,13.5,,,,OFF,,14.5,,
1791343569183,28.506390,77.403624,,CNG,,,,,34.9,2.17,,89.0,0.00,-2.34,13.5,,,,OFF,,14.5,,
1791343570860,28.506390,77.403624,,CNG,,,,,34.9,2.17,,89.0,0.00,-2.34,13.5,,,,OFF,,14.5,,
1791343571695,28.506390,77.403624,,CNG,,,,,34.9,2.17,,89.0,0.00,-2.34,13.5,,,,OFF,,14.5,,
1791343572468,28.506390,77.403624,,CNG,,,,,34.9,2.17,,89.0,0.00,-2.34,13.5,,,,OFF,,14.5,,
1791343574062,28.506390,77.403624,,CNG,,,,,34.9,2.17,,89.0,0.00,-2.34,13.5,,,,OFF,,14.5,,
1791343574881,28.506390,77.403624,,CNG,,,,,34.9,2.17,,89.0,0.00,-2.34,13.5,,,,OFF,,14.5,,
1791343575680,28.506390,77.403624,,CNG,,,,,34.9,2.17,,89.0,0.00,-2.34,13.5,,,,OFF,,14.5,,
1791343577193,28.506390,77.403624,,CNG,,,,,34.9,2.17,,89.0,0.00,-2.34,13.5,,,,OFF,,14.5,,
1791343577932,28.506390,77.403624,,CNG,,,,,34.9,2.17,,89.0,0.00,-2.34,13.5,,,,OFF,,14.5,,
1791343578716,28.506390,77.403624,,CNG,,,,,34.9,2.17,,89.0,0.00,-2.34,13.5,,,,OFF,,14.5,,
1791343580298,28.506390,77.403624,,CNG,,,,,34.9,2.17,,89.0,0.00,-2.34,13.5,,,,OFF,,14.5,,
1791343581096,28.506390,77.403624,,CNG,,,,,34.9,2.17,,89.0,0.00,-2.34,13.5,,,,OFF,,14.5,,
1791343581936,28.506390,77.403624,,CNG,,,,,34.9,2.17,,89.0,0.00,-2.34,13.5,,,,OFF,,14.5,,
1791343583574,28.506390,77.403624,,CNG,,,,,34.9,2.17,,89.0,0.00,-2.34,13.5,,,,OFF,,14.5,,
1791343584394,28.506390,77.403624,,CNG,,,,,34.9,2.17,,89.0,0.00,-2.34,13.5,,,,OFF,,14.5,,
1791343585182,28.506390,77.403624,,CNG,,,,,34.9,2.17,,89.0,0.00,-2.34,13.5,,,,OFF,,14.5,,
1791343586798,28.506390,77.403624,,CNG,,,,,34.9,2.17,,89.0,0.00,-2.34,13.5,,,,OFF,,14.5,,
1791343587535,28.506390,77.403624,,CNG,,,,,34.9,2.17,,89.0,0.00,-2.34,13.5,,,,OFF,,14.5,,
1791343588320,28.506390,77.403624,,CNG,,,,,34.9,2.17,,89.0,0.00,-2.34,13.5,,,,OFF,,14.5,,
1791343589899,28.506390,77.403624,,CNG,,,,,34.9,2.17,,89.0,0.00,-2.34,13.5,,,,OFF,,14.5,,
1791343590705,28.506390,77.403624,,CNG,,,,,34.9,2.17,,89.0,0.00,-2.34,13.5,,,,OFF,,14.5,,
1791343591499,28.506390,77.403624,,CNG,,,,,34.9,2.17,,89.0,0.00,-2.34,13.5,,,,OFF,,14.5,,
1791343593092,28.506390,77.403624,,CNG,,,,,34.9,2.17,,89.0,0.00,-2.34,13.5,,,,OFF,,14.5,,
1791343593844,28.506390,77.403624,,CNG,,,,,34.9,2.17,,89.0,0.00,-2.34,13.5,,,,OFF,,14.5,,
1791343594649,28.506390,77.403624,,CNG,,,,,34.9,2.17,,89.0,0.00,-2.34,13.5,,,,OFF,,14.5,,
1791343596185,28.506390,77.403624,,CNG,,,,,34.9,2.17,,89.0,0.00,-2.34,13.5,,,,OFF,,14.5,,
1791343596960,28.506390,77.403624,,CNG,,,,,34.9,2.17,,89.0,0.00,-2.34,13.5,,,,OFF,,14.5,,
1791343597731,28.506390,77.403624,,CNG,,,,,34.9,2.17,,89.0,0.00,-2.34,13.5,,,,OFF,,14.5,,
1791343599210,28.506390,77.403624,,CNG,,,,,34.9,2.17,,89.0,0.00,-2.34,13.5,,,,OFF,,14.5,,
1791343600000,28.506390,77.403624,,CNG,,,,,34.9,2.17,,89.0,0.00,-2.34,13.5,,,,OFF,,14.5,,
1791343600801,28.506390,77.403624,,CNG,,,,,34.9,2.17,,89.0,0.00,-2.34,13.5,,,,OFF,,14.5,,
1791343602572,28.506390,77.403624,,CNG,,,,,34.9,2.17,,89.0,0.00,-2.34,13.5,,,,OFF,,14.5,,
1791343603309,28.506390,77.403624,,CNG,,,,,34.9,2.17,,89.0,0.00,-2.34,13.5,,,,OFF,,14.5,,
1791343604122,28.506390,77.403624,,CNG,,,,,34.9,2.17,,89.0,0.00,-2.34,13.5,,,,OFF,,14.5,,
1791343605658,28.506390,77.403624,,CNG,,,,,34.9,2.17,,89.0,0.00,-2.34,13.5,,,,OFF,,14.5,,
1791343606494,28.506390,77.403624,,CNG,,,,,34.9,2.17,,89.0,0.00,-2.34,13.5,,,,OFF,,14.5,,
1791343607274,28.506390,77.403624,,CNG,,,,,34.9,2.17,,89.0,0.00,-2.34,13.5,,,,OFF,,14.5,,
1791343608875,28.506390,77.403624,,CNG,,,,,34.9,2.17,,89.0,0.00,-2.34,13.5,,,,OFF,,14.5,,
1791343609661,28.506390,77.403624,,CNG,,,,,34.9,2.17,,89.0,0.00,-2.34,13.5,,,,OFF,,14.5,,
1791343610451,28.506390,77.403624,,CNG,,,,,34.9,2.17,,89.0,0.00,-2.34,13.5,,,,OFF,,14.5,,
1791343612072,28.506390,77.403624,,CNG,,,,,34.9,2.17,,89.0,0.00,-2.34,13.5,,,,OFF,,14.5,,
1791343612867,28.506390,77.403624,,CNG,,,,,34.9,2.17,,89.0,0.00,-2.34,13.5,,,,OFF,,14.5,,
1791343613592,28.506390,77.403624,,CNG,,,,,34.9,2.17,,89.0,0.00,-2.34,13.5,,,,OFF,,14.5,,
1791343615194,28.506390,77.403624,,CNG,,,,,34.9,2.17,,89.0,0.00,-2.34,13.5,,,,OFF,,14.5,,
1791343615942,28.506390,77.403624,,CNG,,,,,34.9,2.17,,89.0,0.00,-2.34,13.5,,,,OFF,,14.5,,
1791343616764,28.506390,77.403624,,CNG,,,,,34.9,2.17,,89.0,0.00,-2.34,13.5,,,,OFF,,14.5,,
1791343618316,28.506390,77.403624,,CNG,,,,,34.9,2.17,,89.0,0.00,-2.34,13.5,,,,OFF,,14.5,,
1791343619099,28.506390,77.403624,,CNG,,,,,34.9,2.17,,89.0,0.00,-2.34,13.5,,,,OFF,,14.5,,
1791343619906,28.506390,77.403624,,CNG,,,,,34.9,2.17,,89.0,0.00,-2.34,13.5,,,,OFF,,14.5,,
1791343621584,28.506390,77.403624,,CNG,,,,,34.9,2.17,,89.0,0.00,-2.34,13.5,,,,OFF,,14.5,,
1791343622331,28.506390,77.403624,,CNG,,,,,34.9,2.17,,89.0,0.00,-2.34,13.5,,,,OFF,,14.5,,
1791343623123,28.506390,77.403624,,CNG,,,,,34.9,2.17,,89.0,0.00,-2.34,13.5,,,,OFF,,14.5,,
1791343624719,28.506390,77.403624,,CNG,,,,,34.9,2.17,,89.0,0.00,-2.34,13.5,,,,OFF,,14.5,,
1791343625461,28.506390,77.403624,,CNG,,,,,34.9,2.17,,89.0,0.00,-2.34,13.5,,,,OFF,,14.5,,
1791343626250,28.506390,77.403624,,CNG,,,,,34.9,2.17,,89.0,0.00,-2.34,13.5,,,,OFF,,14.5,,
1791343627869,28.506390,77.403624,,CNG,,,,,34.9,2.17,,89.0,0.00,-2.34,13.5,,,,OFF,,14.5,,
1791343628690,28.506390,77.403624,,CNG,,,,,34.9,2.17,,89.0,0.00,-2.34,13.5,,,,OFF,,14.5,,
1791343629534,28.506390,77.403624,,CNG,,,,,34.9,2.17,,89.0,0.00,-2.34,13.5,,,,OFF,,14.5,,
1791343631089,28.506390,77.403624,,CNG,,,,,34.9,2.17,,89.0,0.00,-2.34,13.5,,,,OFF,,14.5,,
1791343631936,28.506390,77.403624,,CNG,,,,,34.9,2.17,,89.0,0.00,-2.34,13.5,,,,OFF,,14.5,,
1791343632757,28.506390,77.403624,,CNG,,,,,34.9,2.17,,89.0,0.00,-2.34,13.5,,,,OFF,,14.5,,
1791343634418,28.506390,77.403624,,CNG,,,,,34.9,2.17,,89.0,0.00,-2.34,13.5,,,,OFF,,14.5,,
1791343635233,28.506390,77.403624,,CNG,,,,,34.9,2.17,,89.0,0.00,-2.34,13.5,,,,OFF,,14.5,,
1791343636002,28.506390,77.403624,,CNG,,,,,34.9,2.17,,89.0,0.00,-2.34,13.5,,,,OFF,,14.5,,
1791343637467,28.506390,77.403624,,CNG,,,,,34.9,2.17,,89.0,0.00,-2.34,13.5,,,,OFF,,14.5,,
1791343638234,28.506390,77.403624,,CNG,,,,,34.9,2.17,,89.0,0.00,-2.34,13.5,,,,OFF,,14.5,,
1791343639035,28.506390,77.403624,,CNG,,,,,34.9,2.17,,89.0,0.00,-2.34,13.5,,,,OFF,,14.5,,
1791343640551,28.506390,77.403624,,CNG,,,,,34.9,2.17,,89.0,0.00,-2.34,13.5,,,,OFF,,14.5,,
1791343641315,28.506390,77.403624,,CNG,,,,,34.9,2.17,,89.0,0.00,-2.34,13.5,,,,OFF,,14.5,,
1791343642131,28.506390,77.403624,,CNG,,,,,34.9,2.17,,89.0,0.00,-2.34,13.5,,,,OFF,,14.5,,
1791343643767,28.506390,77.403624,,CNG,,,,,34.9,2.17,,89.0,0.00,-2.34,13.5,,,,OFF,,14.5,,
1791343644571,28.506390,77.403624,,CNG,,,,,34.9,2.17,,89.0,0.00,-2.34,13.5,,,,OFF,,14.5,,
1791343645394,28.506390,77.403624,,CNG,,,,,34.9,2.17,,89.0,0.00,-2.34,13.5,,,,OFF,,14.5,,
1791343646974,28.506390,77.403624,,CNG,,,,,34.9,2.17,,89.0,0.00,-2.34,13.5,,,,OFF,,14.5,,
1791343647711,28.506390,77.403624,,CNG,,,,,34.9,2.17,,89.0,0.00,-2.34,13.5,,,,OFF,,14.5,,
1791343648527,28.506390,77.403624,,CNG,,,,,34.9,2.17,,89.0,0.00,-2.34,13.5,,,,OFF,,14.5,,
1791343650111,28.506390,77.403624,,CNG,,,,,34.9,2.17,,89.0,0.00,-2.34,13.5,,,,OFF,,14.5,,
1791343650894,28.506390,77.403624,,CNG,,,,,34.9,2.17,,89.0,0.00,-2.34,13.5,,,,OFF,,14.5,,
1791343651681,28.506390,77.403624,,CNG,,,,,34.9,2.17,,89.0,0.00,-2.34,13.5,,,,OFF,,14.5,,
1791343653233,28.506390,77.403624,,CNG,,,,,34.9,2.17,,89.0,0.00,-2.34,13.5,,,,OFF,,14.5,,
1791343654000,28.506390,77.403624,,CNG,,,,,34.9,2.17,,89.0,0.00,-2.34,13.5,,,,OFF,,14.5,,
1791343654859,28.506390,77.403624,,CNG,,,,,34.9,2.17,,89.0,0.00,-2.34,13.5,,,,OFF,,14.5,,
1791343656359,28.506390,77.403624,,CNG,,,,,34.9,2.17,,89.0,0.00,-2.34,13.5,,,,OFF,,14.5,,
1791343657139,28.506390,77.403624,,CNG,,,,,34.9,2.17,,89.0,0.00,-2.34,13.5,,,,OFF,,14.5,,
1791343657916,28.506390,77.403624,,CNG,,,,,34.9,2.17,,89.0,0.00,-2.34,13.5,,,,OFF,,14.5,,
1791343659488,28.506390,77.403624,,CNG,,,,,34.9,2.17,,89.0,0.00,-2.34,13.5,,,,OFF,,14.5,,
1791343660290,28.506390,77.403624,,CNG,,,,,34.9,2.17,,89.0,0.00,-2.34,13.5,,,,OFF,,14.5,,
1791343661083,28.506390,77.403624,,CNG,,,,,34.9,2.17,,89.0,0.00,-2.34,13.5,,,,OFF,,14.5,,
1791343662646,28.506390,77.403624,,CNG,,,,,34.9,2.17,,89.0,0.00,-2.34,13.5,,,,OFF,,14.5,,
1791343663380,28.506390,77.403624,,CNG,,,,,34.9,2.17,,89.0,0.00,-2.34,13.5,,,,OFF,,14.5,,
1791343664188,28.506390,77.403624,,CNG,,,,,34.9,2.17,,89.0,0.00,-2.34,13.5,,,,OFF,,14.5,,
1791343665868,28.506390,77.403624,,CNG,,,,,34.9,2.17,,89.0,0.00,-2.34,13.5,,,,OFF,,14.5,,
1791343666624,28.506390,77.403624,,CNG,,,,,34.9,2.17,,89.0,0.00,-2.34,13.5,,,,OFF,,14.5,,
1791343667382,28.506390,77.403624,,CNG,,,,,34.9,2.17,,89.0,0.00,-2.34,13.5,,,,OFF,,14.5,,
1791343668981,28.506390,77.403624,,CNG,,,,,34.9,2.17,,89.0,0.00,-2.34,13.5,,,,OFF,,14.5,,
1791343669807,28.506390,77.403624,,CNG,,,,,34.9,2.17,,89.0,0.00,-2.34,13.5,,,,OFF,,14.5,,
1791343670582,28.506390,77.403624,,CNG,,,,,34.9,2.17,,89.0,0.00,-2.34,13.5,,,,OFF,,14.5,,
1791343672136,28.506390,77.403624,,CNG,,,,,34.9,2.17,,89.0,0.00,-2.34,13.5,,,,OFF,,14.5,,
1791343672890,28.506390,77.403624,,CNG,,,,,34.9,2.17,,89.0,0.00,-2.34,13.5,,,,OFF,,14.5,,
1791343673711,28.506390,77.403624,,CNG,,,,,34.9,2.17,,89.0,0.00,-2.34,13.5,,,,OFF,,14.5,,
1791343675315,28.506390,77.403624,,CNG,,,,,34.9,2.17,,89.0,0.00,-2.34,13.5,,,,OFF,,14.5,,
1791343676073,28.506390,77.403624,,CNG,,,,,34.9,2.17,,89.0,0.00,-2.34,13.5,,,,OFF,,14.5,,
1791343676880,28.506390,77.403624,,CNG,,,,,34.9,2.17,,89.0,0.00,-2.34,13.5,,,,OFF,,14.5,,
1791343678419,28.506390,77.403624,,CNG,,,,,34.9,2.17,,89.0,0.00,-2.34,13.5,,,,OFF,,14.5,,
1791343679243,28.506390,77.403624,,CNG,,,,,34.9,2.17,,89.0,0.00,-2.34,13.5,,,,OFF,,14.5,,
1791343680034,28.506390,77.403624,,CNG,,,,,34.9,2.17,,89.0,0.00,-2.34,13.5,,,,OFF,,14.5,,
1791343681504,28.506390,77.403624,,CNG,,,,,34.9,2.17,,89.0,0.00,-2.34,13.5,,,,OFF,,14.5,,
1791343682299,28.506390,77.403624,,CNG,,,,,34.9,2.17,,89.0,0.00,-2.34,13.5,,,,OFF,,14.5,,
1791343683022,28.506390,77.403624,,CNG,,,,,34.9,2.17,,89.0,0.00,-2.34,13.5,,,,OFF,,14.5,,
1791343684583,28.506390,77.403624,,CNG,,,,,34.9,2.17,,89.0,0.00,-2.34,13.5,,,,OFF,,14.5,,
1791343685474,28.506390,77.403624,,CNG,,,,,34.9,2.17,,89.0,0.00,-2.34,13.5,,,,OFF,,14.5,,
1791343686255,28.506390,77.403624,,CNG,,,,,34.9,2.17,,89.0,0.00,-2.34,13.5,,,,OFF,,14.5,,
1791343687791,28.506390,77.403624,,CNG,,,,,34.9,2.17,,89.0,0.00,-2.34,13.5,,,,OFF,,14.5,,
1791343688558,28.506390,77.403624,,CNG,,,,,34.9,2.17,,89.0,0.00,-2.34,13.5,,,,OFF,,14.5,,
1791343689279,28.506390,77.403624,,CNG,,,,,34.9,2.17,,89.0,0.00,-2.34,13.5,,,,OFF,,14.5,,
1791343690778,28.506390,77.403624,,CNG,,,,,34.9,2.17,,89.0,0.00,-2.34,13.5,,,,OFF,,14.5,,
1791343691588,28.506390,77.403624,,CNG,,,,,34.9,2.17,,89.0,0.00,-2.34,13.5,,,,OFF,,14.5,,
1791343692355,28.506390,77.403624,,CNG,,,,,34.9,2.17,,89.0,0.00,-2.34,13.5,,,,OFF,,14.5,,
1791343693999,28.506390,77.403624,,CNG,,,,,34.9,2.17,,89.0,0.00,-2.34,13.5,,,,OFF,,14.5,,
1791343694796,28.506390,77.403624,,CNG,,,,,34.9,2.17,,89.0,0.00,-2.34,13.5,,,,OFF,,14.5,,
1791343695617,28.506390,77.403624,,CNG,,,,,34.9,2.17,,89.0,0.00,-2.34,13.5,,,,OFF,,14.5,,
1791343697304,28.506390,77.403624,,CNG,,,,,34.9,2.17,,89.0,0.00,-2.34,13.5,,,,OFF,,14.5,,
1791343698134,28.506390,77.403624,,CNG,,,,,34.9,2.17,,89.0,0.00,-2.34,13.5,,,,OFF,,14.5,,
1791343698840,28.506390,77.403624,,CNG,,,,,34.9,2.17,,89.0,0.00,-2.34,13.5,,,,OFF,,14.5,,
1791343700339,28.506390,77.403624,,CNG,,,,,34.9,2.17,,89.0,0.00,-2.34,13.5,,,,OFF,,14.5,,
1791343701126,28.506390,77.403624,,CNG,,,,,34.9,2.17,,89.0,0.00,-2.34,13.5,,,,OFF,,14.5,,
1791343701939,28.506390,77.403624,,CNG,,,,,34.9,2.17,,89.0,0.00,-2.34,13.5,,,,OFF,,14.5,,
1791343703491,28.506390,77.403624,,CNG,,,,,34.9,2.17,,89.0,0.00,-2.34,13.5,,,,OFF,,14.5,,
1791343704299,28.506390,77.403624,,CNG,,,,,34.9,2.17,,89.0,0.00,-2.34,13.5,,,,OFF,,14.5,,
1791343705070,28.506390,77.403624,,CNG,,,,,34.9,2.17,,89.0,0.00,-2.34,13.5,,,,OFF,,14.5,,
1791343706597,28.506390,77.403624,,CNG,,,,,34.9,2.17,,89.0,0.00,-2.34,13.5,,,,OFF,,14.5,,
1791343707363,28.506390,77.403624,,CNG,,,,,34.9,2.17,,89.0,0.00,-2.34,13.5,,,,OFF,,14.5,,
1791343708152,28.506390,77.403624,,CNG,,,,,34.9,2.17,,89.0,0.00,-2.34,13.5,,,,OFF,,14.5,,
1791343709709,28.506390,77.403624,,CNG,,,,,34.9,2.17,,89.0,0.00,-2.34,13.5,,,,OFF,,14.5,,
1791343710501,28.506390,77.403624,,CNG,,,,,34.9,2.17,,89.0,0.00,-2.34,13.5,,,,OFF,,14.5,,
1791343711360,28.506390,77.403624,,CNG,,,,,34.9,2.17,,89.0,0.00,-2.34,13.5,,,,OFF,,14.5,,
1791343712924,28.506390,77.403624,,CNG,,,,,34.9,2.17,,89.0,0.00,-2.34,13.5,,,,OFF,,14.5,,
1791343713744,28.506390,77.403624,,CNG,,,,,34.9,2.17,,89.0,0.00,-2.34,13.5,,,,OFF,,14.5,,
1791343714558,28.506390,77.403624,,CNG,,,,,34.9,2.17,,89.0,0.00,-2.34,13.5,,,,OFF,,14.5,,
1791343716117,28.506390,77.403624,,CNG,,,,,34.9,2.17,,89.0,0.00,-2.34,13.5,,,,OFF,,14.5,,
1791343716931,28.506390,77.403624,,CNG,,,,,34.9,2.17,,89.0,0.00,-2.34,13.5,,,,OFF,,14.5,,
1791343717703,28.506390,77.403624,,CNG,,,,,34.9,2.17,,89.0,0.00,-2.34,13.5,,,,OFF,,14.5,,
1791343719295,28.506390,77.403624,,CNG,,,,,34.9,2.17,,89.0,0.00,-2.34,13.5,,,,OFF,,14.5,,
1791343720112,28.506390,77.403624,,CNG,,,,,34.9,2.17,,89.0,0.00,-2.34,13.5,,,,OFF,,14.5,,
1791343720877,28.506390,77.403624,,CNG,,,,,34.9,2.17,,89.0,0.00,-2.34,13.5,,,,OFF,,14.5,,
1791343722399,28.506390,77.403624,,CNG,,,,,34.9,2.17,,89.0,0.00,-2.34,13.5,,,,OFF,,14.5,,
1791343723154,28.506390,77.403624,,CNG,,,,,34.9,2.17,,89.0,0.00,-2.34,13.5,,,,OFF,,14.5,,
1791343723908,28.506390,77.403624,,CNG,,,,,34.9,2.17,,89.0,0.00,-2.34,13.5,,,,OFF,,14.5,,
1791343725488,28.506390,77.403624,,CNG,,,,,34.9,2.17,,89.0,0.00,-2.34,13.5,,,,OFF,,14.5,,
1791343726254,28.506390,77.403624,,CNG,,,,,34.9,2.17,,89.0,0.00,-2.34,13.5,,,,OFF,,14.5,,
1791343726994,28.506390,77.403624,,CNG,,,,,34.9,2.17,,89.0,0.00,-2.34,13.5,,,,OFF,,14.5,,
1791343728675,28.506390,77.403624,,CNG,,,,,34.9,2.17,,89.0,0.00,-2.34,13.5,,,,OFF,,14.5,,
1791343729455,28.506390,77.403624,,CNG,,,,,34.9,2.17,,89.0,0.00,-2.34,13.5,,,,OFF,,14.5,,
1791343730294,28.506390,77.403624,,CNG,,,,,34.9,2.17,,89.0,0.00,-2.34,13.5,,,,OFF,,14.5,,
1791343731830,28.506390,77.403624,,CNG,,,,,34.9,2.17,,89.0,0.00,-2.34,13.5,,,,OFF,,14.5,,
1791343732556,28.506390,77.403624,,CNG,,,,,34.9,2.17,,89.0,0.00,-2.34,13.5,,,,OFF,,14.5,,
1791343733331,28.506390,77.403624,,CNG,,,,,34.9,2.17,,89.0,0.00,-2.34,13.5,,,,OFF,,14.5,,
1791343734918,28.506390,77.403624,,CNG,,,,,34.9,2.17,,89.0,0.00,-2.34,13.5,,,,OFF,,14.5,,
1791343735694,28.506390,77.403624,,CNG,,,,,34.9,2.17,,89.0,0.00,-2.34,13.5,,,,OFF,,14.5,,
1791343736534,28.506390,77.403624,,CNG,,,,,34.9,2.17,,89.0,0.00,-2.34,13.5,,,,OFF,,14.5,,
1791343738107,28.506390,77.403624,,CNG,,,,,34.9,2.17,,89.0,0.00,-2.34,13.5,,,,OFF,,14.5,,
1791343738927,28.506390,77.403624,,CNG,,,,,34.9,2.17,,89.0,0.00,-2.34,13.5,,,,OFF,,14.5,,
1791343739696,28.506390,77.403624,,CNG,,,,,34.9,2.17,,89.0,0.00,-2.34,13.5,,,,OFF,,14.5,,
1791343741245,28.506390,77.403624,,CNG,,,,,34.9,2.17,,89.0,0.00,-2.34,13.5,,,,OFF,,14.5,,
1791343742030,28.506390,77.403624,,CNG,,,,,34.9,2.17,,89.0,0.00,-2.34,13.5,,,,OFF,,14.5,,
1791343742829,28.506390,77.403624,,CNG,,,,,34.9,2.17,,89.0,0.00,-2.34,13.5,,,,OFF,,14.5,,
1791343744326,28.506390,77.403624,,CNG,,,,,34.9,2.17,,89.0,0.00,-2.34,13.5,,,,OFF,,14.5,,
1791343745133,28.506390,77.403624,,CNG,,,,,34.9,2.17,,89.0,0.00,-2.34,13.5,,,,OFF,,14.5,,
1791343745875,28.506390,77.403624,,CNG,,,,,34.9,2.17,,89.0,0.00,-2.34,13.5,,,,OFF,,14.5,,
1791343747657,28.506390,77.403624,,CNG,,,,,34.9,2.17,,89.0,0.00,-2.34,13.5,,,,OFF,,14.5,,
1791343748596,28.506390,77.403624,,CNG,,,,,34.9,2.17,,89.0,0.00,-2.34,13.5,,,,OFF,,14.5,,
1791343749552,28.506390,77.403624,,CNG,,,,,34.9,2.17,,89.0,0.00,-2.34,13.5,,,,OFF,,14.5,,
1791343751645,28.506237,77.403604,,CNG,,,,,34.9,2.17,,89.0,0.00,-2.34,13.5,,,,OFF,,14.5,,
1791343752547,28.506237,77.403604,,CNG,,,,,34.9,2.17,,89.0,0.00,-2.34,13.5,,,,OFF,,14.5,,
1791343753472,28.506253,77.403605,,CNG,,,,,34.9,2.17,,89.0,0.00,-2.34,13.5,,,,OFF,,14.5,,
1791343755466,28.506274,77.403608,,CNG,,,,,34.9,2.17,,89.0,0.00,-2.34,13.5,,,,OFF,,14.5,,
1791343756379,28.506281,77.403606,,CNG,,,,,34.9,2.17,,89.0,0.00,-2.34,13.5,,,,OFF,,14.5,,
1791343757344,28.506285,77.403607,,CNG,,,,,34.9,2.17,,89.0,0.00,-2.34,13.5,,,,OFF,,14.5,,
1791343759382,28.506283,77.403612,,CNG,,,,,34.9,2.17,,89.0,0.00,0.00,13.5,,,,OFF,,14.5,,
1791343760687,28.506288,77.403616,0.0,CNG,,14.9,0,835,34.9,2.64,,91.0,0.00,0.00,13.5,0.0,0.0,0.00,ARMED,,14.5,1,
1791343761693,28.506287,77.403617,0.0,CNG,,14.9,0,907,34.9,1.22,,91.0,0.00,0.00,12.1,0.0,0.0,0.00,ARMED,,14.5,1,
1791343763917,28.506289,77.403616,0.0,CNG,,14.9,0,804,28.2,1.17,,91.0,0.00,1.56,11.8,0.0,0.0,0.00,ARMED,,13.3,1,
1791343764978,28.506293,77.403619,0.0,CNG,,14.9,0,791,28.2,2.75,,91.0,0.00,1.56,11.7,0.0,0.0,0.00,ARMED,,13.3,1,
1791343766014,28.506294,77.403621,0.0,CNG,,14.9,0,807,28.2,2.09,,88.0,0.00,1.56,11.7,0.0,0.0,0.00,ARMED,,13.3,1,
1791343767936,28.506299,77.403626,0.0,PETROL,,14.9,0,815,36.9,3.05,,88.0,0.00,1.56,12.9,0.0,0.0,0.00,ARMED,,14.9,1,
1791343768834,28.506300,77.403627,0.0,PETROL,,14.9,0,826,36.9,3.72,,85.0,0.00,1.56,12.9,0.0,0.0,0.00,ARMED,,14.9,1,
1791343769648,28.506300,77.403627,0.0,PETROL,,14.9,0,827,36.9,3.69,,85.0,0.00,1.56,13.4,0.0,0.0,0.00,ARMED,,14.9,1,
1791343771238,28.506301,77.403628,0.0,PETROL,,14.9,0,828,40.8,2.61,,84.0,1.56,1.56,13.4,0.0,0.0,0.00,ARMED,,15.3,1,
1791343772058,28.506301,77.403628,0.0,PETROL,,14.9,0,839,40.8,3.76,,84.0,1.56,1.56,13.4,0.0,0.0,0.00,ARMED,,15.3,1,
1791343772822,28.506301,77.403628,0.0,PETROL,,14.9,0,845,40.8,3.52,,84.0,1.56,1.56,13.4,0.0,0.0,0.00,ARMED,,15.3,1,
1791343774720,28.506299,77.403628,0.0,PETROL,,14.9,0,844,40.8,3.67,,84.0,1.56,3.13,13.7,0.0,0.0,0.00,ARMED,,15.7,1,
1791343775627,28.506299,77.403628,0.0,PETROL,,14.9,0,836,40.8,3.63,,84.0,1.56,3.13,13.7,0.0,0.0,0.00,ARMED,,15.7,1,
1791343776414,28.506298,77.403628,0.0,PETROL,,14.9,0,838,40.8,3.62,,84.0,1.56,3.13,13.7,0.0,0.0,0.00,ARMED,,15.7,1,
1791343778429,28.506297,77.403628,0.0,PETROL,,14.9,0,834,40.0,2.62,,84.0,0.00,-2.34,13.7,0.0,0.0,0.00,ARMED,,15.3,1,
1791343779231,28.506297,77.403628,0.0,PETROL,,14.9,0,832,40.0,2.87,,84.0,0.00,-2.34,13.5,0.0,0.0,0.00,ARMED,,15.3,1,
1791343780086,28.506297,77.403628,0.0,PETROL,,14.9,0,831,40.0,2.95,,85.0,0.00,-2.34,13.5,0.0,0.0,0.00,ARMED,,15.3,1,
1791343781722,28.506296,77.403634,0.0,CNG,,24.7,0,833,45.9,4.74,,85.0,0.00,-2.34,13.8,13.4,0.0,0.00,ARMED,,16.1,1,
1791343782511,28.506296,77.403634,2.0,CNG,,14.9,,999,45.9,5.54,,85.0,0.00,-2.34,13.8,0.0,2.0,0.00,ARMED,,16.1,,
1791343783283,28.506290,77.403631,3.0,CNG,,14.9,,907,45.9,3.12,,85.0,0.00,-2.34,13.2,0.0,3.0,0.00,ARMED,,16.1,,
1791343785073,28.506278,77.403657,4.0,CNG,,22.7,,738,36.5,7.78,,86.0,2.34,-3.13,13.2,10.7,4.0,0.00,ARMED,,14.5,,
1791343785839,28.506267,77.403671,7.0,CNG,3.88,20.8,,1107,36.5,2.98,,86.0,2.34,-3.13,13.6,8.0,7.0,0.00,ARMED,,14.5,,
1791343786630,28.506267,77.403671,8.0,CNG,4.68,22.7,1,1171,36.5,5.80,,86.0,2.34,-3.13,13.6,10.7,8.0,0.00,ARMED,,14.5,1,
1791343788426,28.506260,77.403693,10.0,CNG,5.35,23.1,1,1383,78.8,6.69,,86.0,-0.78,-1.56,13.6,11.2,9.3,0.73,ARMED,,31.0,1,
1791343789298,28.506260,77.403693,19.0,CNG,8.22,14.9,1,2627,78.8,6.45,,87.0,-0.78,-1.56,13.6,0.0,18.2,4.09,ARMED,,31.0,1,
1791343790246,28.506241,77.403749,19.0,CNG,6.08,32.5,,1854,78.8,15.93,,87.0,-0.78,-1.56,13.8,24.1,19.0,0.00,ARMED,,31.0,,
1791343792048,28.506172,77.403932,22.0,CNG,5.86,36.5,2,1578,70.6,15.93,,87.0,-0.78,-0.78,13.8,29.4,22.0,0.00,ARMED,,14.1,2,
1791343793077,28.506143,77.404002,27.0,CNG,8.36,32.2,4,1079,70.6,7.66,,87.0,-0.78,-0.78,13.7,23.5,27.0,0.00,ARMED,,14.1,3,
1791343793916,28.506116,77.404074,28.0,CNG,8.61,14.9,3,1440,70.6,12.83,,88.0,-0.78,-0.78,13.7,0.0,28.0,0.00,ARMED,,14.1,2,
1791343795685,28.506068,77.404212,29.0,CNG,13.08,14.9,4,1060,32.9,3.21,,88.0,0.00,-2.34,13.7,0.0,29.0,0.00,ARMED,,14.9,4,
1791343796565,28.506068,77.404212,18.0,CNG,15.22,14.9,3,859,32.9,3.12,,89.0,0.00,-2.34,13.7,0.0,18.0,0.00,ARMED,,14.9,3,
1791343797587,28.506053,77.404261,16.0,CNG,16.47,14.9,3,829,32.9,3.27,,89.0,0.00,-2.34,13.6,0.0,16.6,-0.79,ARMED,,14.9,3,
1791343799616,28.506006,77.404406,16.0,CNG,9.12,36.1,3,787,90.6,13.20,,90.0,9.38,-2.34,13.8,28.9,16.0,-0.76,ARMED,,31.4,2,
1791343800679,28.505976,77.404476,26.0,CNG,6.99,14.9,2,1913,90.6,18.96,,90.0,9.38,-2.34,13.8,0.0,26.0,0.00,ARMED,,31.4,2,
1791343801577,28.505976,77.404476,29.0,CNG,11.46,29.0,,1774,90.6,3.00,,90.0,9.38,-2.34,13.8,19.3,29.0,0.00,ARMED,,31.4,,
1791343803805,28.505876,77.404710,30.0,CNG,11.16,30.2,3,1519,49.4,11.34,,90.0,1.56,-1.56,13.8,20.9,30.0,0.00,ARMED,,17.3,3,
1791343804918,28.505847,77.404799,33.0,CNG,14.91,14.9,3,1544,49.4,5.36,,91.0,1.56,-1.56,13.8,0.0,32.8,1.09,ARMED,,17.3,3,
1791343805938,28.505821,77.404881,31.0,CNG,20.70,14.9,5,1038,49.4,2.76,,91.0,1.56,-1.56,13.6,0.0,31.0,0.00,ARMED,,17.3,5,
1791343808066,28.505800,77.405025,26.0,CNG,24.67,14.9,5,844,78.4,2.88,,92.0,0.78,-3.13,13.6,0.0,27.4,-2.00,ARMED,,31.0,4,
1791343809107,28.505814,77.405085,25.0,CNG,14.55,27.8,3,1429,78.4,11.93,,92.0,0.78,-3.13,13.7,17.7,25.0,0.00,ARMED,,31.0,2,
1791343810219,28.505843,77.405161,27.0,CNG,19.48,14.9,3,1380,78.4,2.78,,92.0,0.78,-3.13,13.7,0.0,26.5,0.81,ARMED,,31.0,2,
1791343812467,28.505917,77.405278,26.0,CNG,24.40,14.9,3,1363,40.0,2.64,,92.0,0.00,-4.69,13.6,0.0,26.4,0.28,ARMED,,20.4,3,
1791343813522,28.505967,77.405315,24.0,CNG,17.43,28.6,3,1224,40.0,8.30,,91.0,0.00,-4.69,13.6,18.7,23.6,-1.05,ARMED,,20.4,2,
1791343814578,28.506028,77.405330,27.0,CNG,12.69,32.9,3,1361,40.0,12.05,,91.0,0.00,-4.69,13.8,24.6,25.2,0.41,ARMED,,20.4,2,
1791343816733,28.506242,77.405236,30.0,CNG,11.10,33.3,3,1500,82.7,12.85,,91.0,0.78,-1.56,13.8,25.1,27.9,1.73,ARMED,,39.6,2,
1791343817715,28.506324,77.405178,37.0,CNG,15.21,14.9,3,1899,82.7,5.81,,91.0,0.78,-1.56,13.7,0.0,36.4,3.65,ARMED,,39.6,3,
1791343818766,28.506405,77.405124,37.0,CNG,14.53,25.5,5,1248,82.7,11.00,,90.0,0.78,-1.56,13.7,14.4,37.0,0.00,ARMED,,39.6,4,
1791343821002,28.506569,77.405004,38.0,CNG,14.78,25.5,4,1484,60.0,10.27,,90.0,0.00,-2.34,13.7,14.4,38.0,0.00,ARMED,,21.2,4,
1791343821941,28.506651,77.404940,41.0,CNG,15.15,25.1,4,1597,60.0,10.71,,90.0,0.00,-2.34,13.7,13.9,40.8,1.14,ARMED,,21.2,4,
1791343823181,28.506741,77.404875,43.0,CNG,15.83,25.5,4,1644,60.0,10.45,,90.0,0.00,-2.34,13.6,14.4,42.2,1.17,ARMED,,21.2,4,
1791343825532,28.506930,77.404742,44.0,CNG,17.37,14.9,4,1715,45.1,8.98,,89.0,2.34,-2.34,13.6,0.0,44.0,1.37,ARMED,,19.6,4,
1791343826712,28.507115,77.404601,46.0,CNG,19.60,23.5,4,1785,45.1,7.93,,89.0,2.34,-2.34,13.8,11.8,46.0,0.90,ARMED,,19.6,4,
1791343827755,28.507216,77.404529,46.0,CNG,26.19,14.9,4,1812,45.1,3.77,,89.0,2.34,-2.34,13.8,0.0,46.7,0.72,ARMED,,19.6,4,
1791343829993,28.507410,77.404388,46.0,CNG,29.37,22.4,5,1455,39.6,5.28,,89.0,1.56,-3.91,13.9,10.2,46.0,0.00,ARMED,,18.0,5,
1791343831111,28.507506,77.404312,47.0,CNG,30.10,22.7,5,1381,39.6,6.15,,88.0,1.56,-3.91,13.9,10.7,46.9,0.37,ARMED,,18.0,5,
1791343832231,28.507609,77.404237,47.0,CNG,29.75,22.7,5,1405,39.6,6.57,,88.0,1.56,-3.91,13.8,10.7,47.7,0.45,ARMED,,18.0,5,
1791343834486,28.507811,77.404097,48.0,CNG,30.30,22.7,5,1418,54.1,6.30,,88.0,1.56,-3.13,13.8,10.7,48.2,0.45,ARMED,,21.6,5,
1791343835664,28.508015,77.403948,49.0,CNG,25.99,24.7,5,1448,54.1,9.28,,88.0,1.56,-3.13,13.5,13.4,49.2,0.44,ARMED,,21.6,5,
1791343836759,28.508115,77.403871,49.0,CNG,23.84,24.3,5,1471,54.1,9.42,,88.0,1.56,-3.13,13.5,12.8,49.8,0.48,ARMED,,21.6,5,
1791343838625,28.508328,77.403720,50.0,CNG,22.64,24.3,5,1484,55.7,9.68,,88.0,-0.78,-1.56,13.7,12.8,50.3,0.49,ARMED,,20.4,5,
1791343839519,28.508328,77.403720,51.0,CNG,22.20,24.3,5,1514,55.7,9.65,,88.0,-0.78,-1.56,13.7,12.8,51.2,0.50,ARMED,,20.4,5,
1791343840393,28.508434,77.403641,51.0,CNG,23.91,24.3,5,1535,55.7,7.74,,88.0,-0.78,-1.56,13.4,12.8,51.8,0.55,ARMED,,20.4,5,
1791343842338,28.508654,77.403491,52.0,CNG,31.75,24.3,5,1541,45.5,3.51,,88.0,-0.78,-2.34,13.8,12.8,52.2,0.50,ARMED,,19.6,5,
1791343843347,28.508764,77.403414,53.0,CNG,36.28,14.9,5,1553,45.5,4.74,,88.0,-0.78,-2.34,13.8,0.0,52.6,0.26,ARMED,,19.6,5,
1791343844329,28.508871,77.403338,52.0,CNG,32.72,24.3,5,1553,45.5,7.45,,88.0,-0.78,-2.34,13.8,12.8,52.6,0.19,ARMED,,19.6,5,
1791343846113,28.509094,77.403191,53.0,CNG,30.26,23.9,5,1574,43.9,7.95,,88.0,-0.78,-2.34,13.7,12.3,53.1,0.35,ARMED,,19.2,5,
1791343847182,28.509209,77.403113,54.0,CNG,29.49,23.9,5,1595,43.9,7.76,,87.0,-0.78,-2.34,13.7,12.3,53.9,0.39,LOCKED,53.9,19.2,5,
1791343848032,28.509318,77.403025,54.0,CNG,38.54,25.1,5,1610,43.9,3.14,,87.0,-0.78,-2.34,13.7,13.9,54.4,0.42,LOCKED,53.9,19.2,5,
1791343849783,28.509543,77.402859,54.0,CNG,32.40,24.3,5,1606,45.5,8.42,,87.0,-1.56,-2.34,13.7,12.8,54.4,0.24,LOCKED,53.9,19.6,5,
1791343850754,28.509653,77.402772,55.0,CNG,27.91,24.3,5,1638,45.5,9.69,,87.0,-1.56,-2.34,13.7,12.8,55.3,0.42,LOCKED,53.9,19.6,5,
1791343851583,28.509769,77.402690,56.0,CNG,26.62,24.3,5,1647,45.5,9.17,,87.0,-1.56,-2.34,13.7,12.8,55.6,0.41,LOCKED,53.9,19.6,5,
1791343853463,28.509885,77.402605,56.0,CNG,34.75,22.4,5,1654,40.8,3.63,,87.0,-0.78,-2.34,13.5,10.2,55.9,0.39,LOCKED,53.9,19.2,5,
1791343854349,28.510003,77.402519,55.0,CNG,35.76,20.0,5,1649,40.8,6.01,,88.0,-0.78,-2.34,13.5,7.0,55.7,-0.01,LOCKED,53.9,19.2,5,
1791343855103,28.510118,77.402433,55.0,CNG,42.82,14.9,5,1635,40.8,3.69,,88.0,-0.78,-2.34,13.6,0.0,55.4,-0.22,LOCKED,53.9,19.2,5,
1791343856940,28.510326,77.402272,53.0,CNG,53.16,14.9,,1124,25.1,2.54,,88.0,0.78,-2.34,13.6,0.0,53.0,0.00,PAUSED,53.9,13.3,,
1791343857877,28.510403,77.402207,37.0,CNG,64.79,14.9,,806,25.1,1.21,,88.0,0.78,-2.34,13.6,0.0,37.0,0.00,PAUSED,53.9,13.3,,
1791343858767,28.510453,77.402147,29.0,CNG,71.34,14.9,,729,25.1,1.25,,88.0,0.78,-2.34,13.6,0.0,29.0,0.00,PAUSED,53.9,13.3,,
1791343860507,28.510477,77.402085,25.0,CNG,69.80,14.9,5,731,70.2,1.54,,88.0,7.03,-3.91,13.7,0.0,25.0,0.00,PAUSED,53.9,24.7,4,
1791343861321,28.510467,77.402017,25.0,CNG,18.08,30.6,2,2061,70.2,14.20,,89.0,7.03,-3.91,13.7,21.4,25.0,0.00,ARMED,,24.7,2,
1791343862202,28.510442,77.401949,28.0,CNG,11.08,31.4,2,2071,70.2,16.83,,89.0,7.03,-3.91,13.8,22.5,26.9,1.11,ARMED,,24.7,2,
1791343863991,28.510347,77.401816,31.0,CNG,15.54,30.2,2,2125,70.6,3.48,,89.0,-0.78,-0.78,13.8,20.9,29.9,2.28,ARMED,,25.1,2,
1791343864874,28.510278,77.401742,37.0,CNG,11.63,34.5,3,1891,70.6,17.00,,89.0,-0.78,-0.78,13.8,26.8,37.0,0.00,ARMED,,25.1,3,
1791343865638,28.510278,77.401742,40.0,CNG,17.47,20.4,3,2037,70.6,3.57,,89.0,-0.78,-0.78,13.8,7.5,38.9,1.09,ARMED,,25.1,4,
1791343867401,28.510130,77.401592,40.0,CNG,15.33,32.2,4,1670,75.3,12.41,,89.0,-0.78,-1.56,13.7,23.5,40.0,0.00,ARMED,,25.1,4,
1791343868196,28.510050,77.401515,45.0,CNG,13.55,33.7,4,1733,75.3,15.54,,89.0,-0.78,-1.56,13.7,25.7,44.4,2.03,ARMED,,25.1,4,
1791343869125,28.509968,77.401427,47.0,CNG,12.76,33.7,4,1818,75.3,16.20,,89.0,-0.78,-1.56,13.6,25.7,46.8,2.31,ARMED,,25.1,4,
1791343870883,28.509789,77.401243,49.0,CNG,12.21,14.9,4,1886,58.0,17.33,,90.0,0.00,-3.13,13.6,0.0,48.8,2.30,ARMED,,20.4,4,
1791343871880,28.509702,77.401152,49.0,CNG,15.10,24.3,5,1453,58.0,8.89,,90.0,0.00,-3.13,13.6,12.8,49.0,0.00,ARMED,,20.4,5,
1791343872725,28.509612,77.401058,49.0,CNG,17.24,24.3,5,1465,58.0,9.25,,90.0,0.00,-3.13,13.6,12.8,49.0,0.00,ARMED,,20.4,5,
1791343874662,28.509424,77.400861,50.0,CNG,19.57,24.3,5,1489,54.1,8.42,,90.0,0.00,-1.56,13.8,12.8,49.7,0.39,ARMED,,18.8,5,
1791343875560,28.509424,77.400861,51.0,CNG,22.41,24.3,5,1511,54.1,7.37,,90.0,0.00,-1.56,13.8,12.8,50.9,0.62,ARMED,,18.8,5,
1791343876371,28.509332,77.400763,51.0,CNG,24.45,24.3,5,1533,54.1,7.40,,90.0,0.00,-1.56,13.8,12.8,51.6,0.67,ARMED,,18.8,5,
1791343878471,28.509143,77.400564,52.0,CNG,25.98,24.3,5,1557,44.3,7.44,,90.0,0.00,-2.34,13.8,12.8,52.4,0.70,ARMED,,19.6,5,
1791343879394,28.509045,77.400463,53.0,CNG,26.31,24.3,5,1577,44.3,8.08,,90.0,0.00,-2.34,13.8,12.8,53.2,0.43,ARMED,,19.6,5,
1791343880187,28.508949,77.400366,54.0,CNG,27.52,24.3,5,1607,44.3,7.49,,90.0,0.00,-2.34,13.8,12.8,53.9,0.65,ARMED,,19.6,5,
1791343881973,28.508752,77.400155,54.0,CNG,28.05,24.3,5,1614,44.3,7.65,,90.0,0.78,-2.34,13.7,12.8,54.4,0.62,ARMED,,19.6,5,
1791343882934,28.508653,77.400052,55.0,CNG,28.05,24.3,5,1645,44.3,8.01,,89.0,0.78,-2.34,13.7,12.8,55.4,0.58,ARMED,,19.6,5,
1791343883741,28.508551,77.399947,55.0,CNG,27.94,24.3,5,1658,44.3,8.09,,89.0,0.78,-2.34,13.9,12.8,55.8,0.57,ARMED,,19.6,5,
1791343885766,28.508343,77.399726,56.0,CNG,27.79,23.9,5,1657,42.0,8.30,,89.0,0.00,-2.34,13.9,12.3,55.9,0.31,ARMED,,19.6,5,
1791343886685,28.508239,77.399619,57.0,CNG,28.95,23.9,5,1689,42.0,7.56,,89.0,0.00,-2.34,13.6,12.3,56.8,0.37,ARMED,,19.6,5,
1791343887474,28.508239,77.399619,57.0,CNG,27.57,23.9,5,1694,42.0,9.04,,88.0,0.00,-2.34,13.6,12.3,57.0,0.36,CANDIDATE,57.0,19.6,5,
1791343889478,28.508031,77.399402,58.0,CNG,26.23,23.9,5,1722,49.0,9.68,,88.0,-0.78,-1.56,13.8,12.3,57.8,0.57,ARMED,,20.4,5,
1791343890364,28.507918,77.399294,58.0,CNG,31.19,24.3,5,1735,49.0,5.48,,88.0,-0.78,-1.56,13.8,12.8,58.4,0.36,ARMED,,20.4,5,
1791343891178,28.507814,77.399183,58.0,CNG,27.38,24.3,5,1743,49.0,10.23,,88.0,-0.78,-1.56,13.6,12.8,58.6,0.34,ARMED,,20.4,5,
1791343893143,28.507601,77.398966,58.0,CNG,26.96,23.9,5,1753,47.8,8.99,,88.0,-1.56,-1.56,13.6,12.3,58.9,0.33,ARMED,,19.2,5,
1791343894204,28.507497,77.398853,59.0,CNG,28.21,23.9,5,1776,47.8,7.97,,88.0,-1.56,-1.56,13.7,12.3,59.6,0.33,LOCKED,59.6,19.2,5,
1791343895040,28.507390,77.398737,60.0,CNG,29.11,23.5,5,1773,47.8,8.03,,88.0,-1.56,-1.56,13.7,11.8,59.6,0.26,LOCKED,59.6,19.2,5,
1791343896876,28.507173,77.398501,60.0,CNG,30.96,23.5,5,1791,36.9,7.18,,88.0,-0.78,-2.34,13.9,11.8,60.0,0.31,LOCKED,59.6,19.2,5,
1791343897751,28.507065,77.398382,60.0,CNG,31.65,23.5,5,1795,36.9,7.49,,87.0,-0.78,-2.34,13.9,11.8,60.2,0.23,LOCKED,59.6,19.2,5,
1791343898566,28.506960,77.398264,60.0,CNG,31.95,23.5,5,1807,36.9,7.57,,87.0,-0.78,-2.34,13.8,11.8,60.5,0.26,LOCKED,59.6,19.2,5,
1791343900357,28.506852,77.398147,61.0,CNG,32.19,23.5,5,1823,36.5,7.66,,88.0,0.78,-2.34,13.8,11.8,61.0,0.33,LOCKED,59.6,19.2,5,
1791343901230,28.506744,77.398029,61.0,CNG,35.46,18.0,5,1816,36.5,5.97,,88.0,0.78,-2.34,13.9,4.3,61.0,0.05,LOCKED,59.6,19.2,5,
1791343902040,28.506630,77.397911,61.0,CNG,36.00,22.7,5,1818,36.5,6.77,,88.0,0.78,-2.34,13.9,10.7,61.0,0.04,LOCKED,59.6,19.2,5,
1791343903943,28.506408,77.397695,61.0,CNG,45.27,14.9,5,1802,20.8,3.39,,88.0,0.00,0.00,13.8,0.0,60.6,-0.18,LOCKED,59.6,14.9,5,
1791343904836,28.506302,77.397581,58.0,CNG,61.74,14.9,,884,20.8,1.64,,88.0,0.00,0.00,13.8,0.0,58.0,0.00,PAUSED,59.6,14.9,,
1791343905640,28.506207,77.397474,51.0,CNG,76.51,14.9,,762,20.8,1.58,,88.0,0.00,0.00,13.7,0.0,51.0,0.00,PAUSED,59.6,14.9,,
1791343907541,28.506060,77.397329,41.0,CNG,84.46,14.9,,722,31.0,1.56,,88.0,4.69,-1.56,13.7,0.0,41.0,0.00,PAUSED,59.6,13.7,,
1791343908462,28.506060,77.397329,32.0,CNG,79.10,14.9,,762,31.0,1.90,,88.0,4.69,-1.56,13.4,0.0,32.0,0.00,PAUSED,59.6,13.7,,
1791343909248,28.506000,77.397275,29.0,CNG,66.76,14.9,5,782,31.0,2.39,,88.0,4.69,-1.56,13.4,0.0,29.0,0.00,PAUSED,59.6,13.7,5,
1791343910981,28.505899,77.397187,26.0,CNG,50.71,14.9,5,786,34.9,3.18,,88.0,-2.34,-1.56,13.6,0.0,27.1,-1.11,ARMED,,14.5,5,
1791343911793,28.505868,77.397163,16.0,CNG,43.43,14.9,3,789,34.9,2.17,,89.0,-2.34,-1.56,13.6,0.0,16.0,0.00,ARMED,,14.5,3,
1791343912657,28.505852,77.397139,11.0,CNG,34.54,14.9,2,795,34.9,2.25,,89.0,-2.34,-1.56,13.6,0.0,11.0,0.00,ARMED,,14.5,2,
1791343914538,28.505838,77.397125,7.0,CNG,27.06,14.9,,796,34.9,2.04,,89.0,-0.78,-1.56,13.6,0.0,7.0,0.00,ARMED,,14.5,,
1791343915350,28.505834,77.397119,3.0,CNG,15.90,14.9,,796,34.9,3.13,,89.0,-0.78,-1.56,13.6,0.0,3.0,0.00,ARMED,,14.5,,
1791343916133,28.505829,77.397116,2.0,CNG,11.44,14.9,,777,34.9,2.23,,89.0,-0.78,-1.56,13.6,0.0,2.0,0.00,ARMED,,14.5,,
1791343917912,28.505826,77.397111,2.0,CNG,10.35,14.9,,745,22.4,1.18,,89.0,9.38,-1.56,13.6,0.0,2.0,0.00,ARMED,,12.5,,
1791343918695,28.505827,77.397109,1.0,CNG,7.14,14.9,,694,22.4,1.88,,89.0,9.38,-1.56,13.6,0.0,1.0,0.00,ARMED,,12.5,,
1791343919583,28.505827,77.397109,0.0,CNG,,14.9,0,648,22.4,0.91,,89.0,9.38,-1.56,13.6,0.0,0.0,0.00,ARMED,,12.5,1,
1791343921399,28.505826,77.397108,0.0,CNG,,14.9,0,686,74.1,2.12,,89.0,-6.25,-2.34,13.6,0.0,0.0,0.00,ARMED,,21.2,1,
1791343922230,28.505821,77.397103,6.0,CNG,3.46,24.7,,1026,74.1,6.60,,89.0,-6.25,-2.34,13.7,13.4,6.0,0.00,ARMED,,21.2,,
1791343922992,28.505806,77.397087,10.0,CNG,3.95,26.3,1,1491,74.1,9.67,,89.0,-6.25,-2.34,13.7,15.5,10.0,0.00,ARMED,,21.2,1,
1791343924734,28.505754,77.397034,14.0,CNG,7.77,14.9,1,1919,71.4,2.87,,89.0,0.00,-3.91,13.6,0.0,12.6,1.48,ARMED,,20.8,1,
1791343925514,28.505754,77.397034,17.0,CNG,7.31,28.2,2,1231,71.4,9.95,,89.0,0.00,-3.91,13.6,18.2,17.0,0.00,ARMED,,20.8,2,
1791343926332,28.505723,77.397002,20.0,CNG,7.49,25.5,2,1458,71.4,10.67,,89.0,0.00,-3.91,13.8,14.4,18.9,1.09,ARMED,,20.8,2,
1791343928160,28.505642,77.396922,23.0,CNG,10.16,14.9,2,1650,37.6,5.95,,89.0,-4.69,-3.13,13.8,0.0,21.8,2.27,ARMED,,18.8,2,
1791343929027,28.505601,77.396878,23.0,CNG,12.38,14.9,2,1695,37.6,5.60,,89.0,-4.69,-3.13,13.7,0.0,23.3,1.04,ARMED,,18.8,2,
1791343929838,28.505563,77.396828,23.0,CNG,10.98,25.1,2,1721,37.6,9.84,,89.0,-4.69,-3.13,13.7,13.9,23.6,0.73,ARMED,,18.8,2,
1791343931809,28.505502,77.396705,24.0,CNG,10.44,24.3,2,1752,26.7,10.01,,89.0,-1.56,-2.34,13.6,12.8,23.9,0.54,ARMED,,14.9,2,
1791343932601,28.505502,77.396705,25.0,CNG,16.38,14.9,4,1071,26.7,1.47,,89.0,-1.56,-2.34,13.6,0.0,25.0,0.00,ARMED,,14.9,4,
1791343933437,28.505481,77.396640,22.0,CNG,21.38,14.9,3,1056,26.7,2.15,,89.0,-1.56,-2.34,13.6,0.0,22.0,0.00,ARMED,,14.9,3,
1791343935153,28.505459,77.396545,16.0,CNG,23.59,14.9,3,882,61.6,2.16,,89.0,6.25,-2.34,13.6,0.0,18.2,-2.18,ARMED,,20.4,2,
1791343936006,28.505457,77.396498,17.0,CNG,15.37,26.7,2,1231,61.6,7.32,,89.0,6.25,-2.34,13.5,16.1,17.0,0.00,ARMED,,20.4,2,
1791343936876,28.505468,77.396443,20.0,CNG,10.10,29.8,2,1509,61.6,12.02,,89.0,6.25,-2.34,13.5,20.3,19.0,1.15,ARMED,,20.4,2,
1791343938601,28.505488,77.396384,24.0,CNG,8.56,30.6,2,1739,19.2,13.56,,89.0,0.00,0.00,13.8,21.4,22.6,2.64,ARMED,,21.2,2,
1791343939393,28.505515,77.396316,27.0,CNG,8.98,31.8,3,1363,19.2,11.57,,88.0,0.00,0.00,13.8,23.0,27.0,0.00,ARMED,,21.2,2,
1791343940252,28.505545,77.396243,30.0,CNG,9.13,14.9,3,1500,19.2,13.17,,88.0,0.00,0.00,13.7,0.0,28.9,1.12,ARMED,,21.2,3,
1791343942009,28.505614,77.396086,31.0,CNG,14.09,25.5,4,1298,62.7,2.82,,88.0,-4.69,-2.34,13.7,14.4,31.0,0.00,ARMED,,20.4,3,
1791343942938,28.505647,77.396002,33.0,CNG,15.53,24.3,4,1261,62.7,7.55,,88.0,-4.69,-2.34,13.6,12.8,32.8,0.80,ARMED,,20.4,3,
1791343943717,28.505688,77.395918,34.0,CNG,16.89,23.9,4,1316,62.7,7.28,,89.0,-4.69,-2.34,13.6,12.3,33.8,1.00,ARMED,,20.4,3,
1791343945486,28.505726,77.395834,35.0,CNG,17.87,23.5,4,1356,46.3,7.37,,89.0,-2.34,-2.34,13.6,11.8,34.9,1.07,ARMED,,20.0,4,
1791343946353,28.505767,77.395744,37.0,CNG,18.06,23.1,4,1429,46.3,8.26,,89.0,-2.34,-2.34,13.6,11.2,36.9,1.11,ARMED,,20.0,4,
1791343947193,28.505810,77.395647,38.0,CNG,18.61,23.1,4,1460,46.3,8.00,,89.0,-2.34,-2.34,13.5,11.2,37.8,1.08,ARMED,,20.0,4,
1791343949032,28.505899,77.395450,38.0,CNG,18.91,23.1,4,1489,49.4,8.02,,89.0,0.00,-2.34,13.7,11.2,38.5,1.04,ARMED,,20.0,4,
1791343949858,28.505947,77.395352,40.0,CNG,19.27,22.7,4,1549,49.4,8.26,,89.0,0.00,-2.34,13.7,10.7,40.1,0.87,ARMED,,20.0,4,
1791343950619,28.505947,77.395352,40.0,CNG,19.84,22.7,4,1568,49.4,7.89,,89.0,0.00,-2.34,13.7,10.7,40.6,0.82,ARMED,,20.0,4,
1791343952336,28.506041,77.395150,41.0,CNG,20.06,22.4,4,1594,34.9,8.22,,89.0,0.00,-3.13,13.7,10.2,41.2,0.80,ARMED,,18.4,4,
1791343953254,28.506091,77.395049,42.0,CNG,22.46,14.9,4,1634,34.9,6.35,,89.0,0.00,-3.13,13.7,0.0,42.2,0.60,ARMED,,18.4,4,
1791343954090,28.506143,77.394942,42.0,CNG,22.99,23.1,4,1643,34.9,7.21,,89.0,0.00,-3.13,13.6,11.2,42.5,0.54,ARMED,,18.4,4,
1791343955993,28.506245,77.394728,43.0,CNG,24.19,23.1,4,1659,32.9,6.72,,89.0,-3.91,-3.13,13.6,11.2,42.9,0.50,ARMED,,18.0,4,
1791343956939,28.506294,77.394621,44.0,CNG,26.04,22.0,4,1702,32.9,6.15,,89.0,-3.91,-3.13,13.7,9.6,43.9,0.52,ARMED,,18.0,4,
1791343957709,28.506347,77.394514,44.0,CNG,27.75,22.4,4,1719,32.9,5.86,,89.0,-3.91,-3.13,13.7,10.2,44.3,0.53,ARMED,,18.0,4,
1791343959611,28.506444,77.394293,45.0,CNG,29.57,22.0,4,1734,30.6,5.63,,89.0,-1.56,-3.13,13.7,9.6,44.7,0.51,ARMED,,18.0,4,
1791343960562,28.506444,77.394293,45.0,CNG,30.16,22.0,4,1754,30.6,5.92,,89.0,-1.56,-3.13,13.7,9.6,45.3,0.30,ARMED,,18.0,4,
1791343961354,28.506499,77.394181,45.0,CNG,31.78,22.0,4,1774,30.6,5.33,,89.0,-1.56,-3.13,13.5,9.6,45.6,0.33,ARMED,,18.0,4,
1791343963302,28.506608,77.393953,46.0,CNG,33.26,22.0,4,1783,28.6,5.27,,88.0,-0.78,-3.13,13.5,9.6,45.9,0.33,ARMED,,17.6,4,
1791343964313,28.506661,77.393836,46.0,CNG,32.70,22.0,4,1801,28.6,5.89,,88.0,-0.78,-3.13,13.7,9.6,46.4,0.29,LOCKED,46.4,17.6,4,
1791343965146,28.506712,77.393722,46.0,CNG,32.03,22.0,4,1798,28.6,6.05,,88.0,-0.78,-3.13,13.7,9.6,46.4,0.22,LOCKED,46.4,17.6,4,
1791343966884,28.506817,77.393485,47.0,CNG,32.64,22.0,4,1797,32.9,5.72,,88.0,-0.78,-3.13,13.7,9.6,46.4,0.17,LOCKED,46.4,18.8,4,
1791343967776,28.506871,77.393369,47.0,CNG,30.71,22.0,4,1810,32.9,6.80,,88.0,-0.78,-3.13,13.7,9.6,46.7,0.16,LOCKED,46.4,18.8,4,
1791343968660,28.506924,77.393252,47.0,CNG,28.78,22.0,4,1835,32.9,7.30,,88.0,-0.78,-3.13,13.5,9.6,47.1,0.34,LOCKED,46.4,18.8,4,
1791343970628,28.507028,77.393017,47.0,CNG,28.01,22.0,4,1821,35.7,7.13,,88.0,-0.78,-3.13,13.5,9.6,47.1,0.12,LOCKED,46.4,19.2,4,
1791343971565,28.507028,77.393017,48.0,CNG,31.77,21.6,4,1830,35.7,4.96,,88.0,-0.78,-3.13,13.5,9.1,47.3,0.12,LOCKED,46.4,19.2,4,
1791343972305,28.507083,77.392898,47.0,CNG,31.19,20.4,4,1785,35.7,6.33,,88.0,-0.78,-3.13,13.5,7.5,46.6,-0.32,LOCKED,46.4,19.2,4,
1791343974252,28.507197,77.392661,47.0,CNG,35.86,20.4,4,1834,19.6,4.15,,88.0,-0.78,-3.91,13.6,7.5,47.0,0.10,LOCKED,46.4,16.1,4,
1791343975234,28.507253,77.392543,47.0,CNG,38.99,14.9,4,1816,19.6,4.28,,88.0,-0.78,-3.91,13.6,0.0,47.0,0.04,LOCKED,46.4,16.1,4,
1791343976107,28.507305,77.392434,45.0,CNG,42.68,14.9,4,1735,19.6,3.67,,88.0,-0.78,-3.91,13.5,0.0,45.6,-0.75,LOCKED,46.4,16.1,4,
1791343977917,28.507394,77.392247,39.0,CNG,52.33,14.9,,822,22.7,1.82,,88.0,0.00,-1.56,13.5,0.0,39.0,0.00,PAUSED,46.4,12.2,,
1791343978825,28.507429,77.392172,30.0,CNG,68.52,14.9,,604,22.7,0.59,,88.0,0.00,-1.56,13.3,0.0,30.0,0.00,PAUSED,46.4,12.2,,
1791343979630,28.507429,77.392172,25.0,CNG,66.50,14.9,,622,22.7,1.64,,88.0,0.00,-1.56,13.3,0.0,25.0,0.00,PAUSED,46.4,12.2,,
1791343981506,28.507494,77.392063,22.0,CNG,59.22,14.9,,659,25.1,1.89,,88.0,-12.50,-1.56,13.6,0.0,22.0,0.00,PAUSED,46.4,12.2,,
1791343982314,28.507513,77.392028,13.0,CNG,51.43,14.9,,688,25.1,1.48,,88.0,-12.50,-1.56,13.6,0.0,13.0,0.00,ARMED,,12.2,,
1791343983103,28.507530,77.392006,11.0,CNG,41.30,14.9,,697,25.1,1.74,,88.0,-12.50,-1.56,13.6,0.0,11.0,0.00,ARMED,,12.2,,
1791343985082,28.507562,77.391956,11.0,CNG,33.47,14.9,,693,29.8,1.96,,89.0,-13.28,-1.56,13.6,0.0,11.0,0.00,ARMED,,17.3,,
1791343985882,28.507577,77.391937,10.0,CNG,48.29,14.9,2,803,29.8,0.00,,89.0,-13.28,-1.56,13.4,0.0,10.0,0.00,ARMED,,17.3,2,
1791343986658,28.507591,77.391915,10.0,CNG,43.22,14.9,2,701,29.8,1.14,,89.0,-13.28,-1.56,13.4,0.0,10.0,0.00,ARMED,,17.3,2,
1791343988362,28.507602,77.391901,8.0,CNG,22.58,14.9,,720,35.3,2.98,,89.0,-4.69,-1.56,13.4,0.0,8.0,0.00,ARMED,,14.5,,
1791343989198,28.507609,77.391888,6.0,CNG,15.92,14.9,1,782,35.3,2.71,,89.0,-4.69,-1.56,13.4,0.0,6.0,0.00,ARMED,,14.5,1,
1791343990024,28.507617,77.391874,6.0,CNG,11.64,14.9,1,791,35.3,3.32,,89.0,-4.69,-1.56,13.4,0.0,6.0,0.00,ARMED,,14.5,1,
1791343991803,28.507622,77.391861,3.0,CNG,9.43,14.9,,799,83.5,2.23,,89.0,-1.56,-3.13,13.4,0.0,3.0,0.00,ARMED,,37.3,,
1791343992603,28.507622,77.391861,3.0,CNG,3.19,14.9,,1399,83.5,11.11,,89.0,-1.56,-3.13,13.6,0.0,3.0,0.00,ARMED,,37.3,,
1791343993402,28.507627,77.391854,5.0,CNG,5.03,14.9,,681,83.5,0.82,,89.0,-1.56,-3.13,13.6,0.0,5.0,0.00,ARMED,,37.3,,
1791343995141,28.507640,77.391830,4.0,CNG,4.16,25.1,,984,34.1,5.14,,89.0,-0.78,0.00,13.6,13.9,4.0,0.00,ARMED,,13.7,,
1791343996010,28.507646,77.391814,6.0,CNG,6.01,14.9,1,892,34.1,2.05,,89.0,-0.78,0.00,13.6,0.0,6.0,0.00,ARMED,,13.7,1,
1791343996858,28.507649,77.391803,4.0,CNG,6.26,14.9,,948,34.1,2.41,,89.0,-0.78,0.00,13.6,0.0,4.0,0.00,ARMED,,13.7,,
1791343998571,28.507650,77.391797,1.0,CNG,4.57,24.7,,782,55.7,2.58,,89.0,0.78,-2.34,13.6,13.4,1.0,0.00,ARMED,,12.5,,
1791343999456,28.507651,77.391788,5.0,CNG,5.84,14.9,,625,55.7,2.57,,89.0,0.78,-2.34,13.6,0.0,5.0,0.00,ARMED,,12.5,,
1791344000281,28.507652,77.391775,5.0,CNG,5.74,20.4,1,760,55.7,3.63,,90.0,0.78,-2.34,13.6,7.5,5.0,0.00,ARMED,,12.5,1,
1791344002024,28.507653,77.391741,6.0,CNG,4.94,14.9,1,860,24.3,5.72,,90.0,-5.47,-1.56,13.3,0.0,5.6,0.37,ARMED,,12.5,1,
1791344002911,28.507650,77.391729,4.0,CNG,5.70,14.9,,719,24.3,2.03,,90.0,-5.47,-1.56,13.3,0.0,4.0,0.00,ARMED,,12.5,,
1791344003702,28.507650,77.391728,1.0,CNG,5.56,14.9,,712,24.3,0.86,,90.0,-5.47,-1.56,13.5,0.0,1.0,0.00,ARMED,,12.5,,
1791344005410,28.507650,77.391729,0.0,CNG,,14.9,0,705,25.9,1.46,,90.0,-6.25,-1.56,13.5,0.0,0.0,0.00,ARMED,,16.1,1,
1791344006230,28.507650,77.391730,0.0,CNG,,14.9,0,743,25.9,2.12,,90.0,-6.25,-1.56,13.3,0.0,0.0,0.00,ARMED,,16.1,1,
1791344007060,28.507649,77.391730,0.0,CNG,,24.3,0,774,25.9,9.19,,90.0,-6.25,-1.56,13.3,12.8,0.0,0.00,ARMED,,16.1,1,
1791344008951,28.507641,77.391721,2.0,CNG,,20.0,,851,57.6,1.63,,90.0,-0.78,-1.56,13.5,7.0,2.0,0.00,ARMED,,14.5,,
1791344009756,28.507632,77.391710,5.0,CNG,,18.8,,787,57.6,2.47,,90.0,-0.78,-1.56,13.5,5.4,5.0,0.00,ARMED,,14.5,,
1791344010580,28.507632,77.391710,5.0,CNG,5.06,18.8,1,768,57.6,2.63,,90.0,-0.78,-1.56,13.6,5.4,5.0,0.00,ARMED,,14.5,1,
1791344012392,28.507615,77.391707,6.0,CNG,6.74,14.9,1,844,36.1,2.54,,90.0,-2.34,-1.56,13.6,0.0,5.6,0.37,ARMED,,14.5,1,
1791344013265,28.507614,77.391709,5.0,CNG,6.48,14.9,,804,36.1,3.32,,90.0,-2.34,-1.56,13.5,0.0,5.0,0.00,ARMED,,14.5,,
1791344014140,28.507599,77.391699,5.0,CNG,5.12,20.0,1,763,36.1,5.18,,90.0,-2.34,-1.56,13.5,7.0,5.0,0.00,ARMED,,14.5,1,
1791344015911,28.507575,77.391675,5.0,CNG,8.13,14.9,1,771,22.7,0.37,,90.0,1.56,-1.56,13.8,0.0,5.0,0.00,ARMED,,12.5,1,
1791344016656,28.507575,77.391675,5.0,CNG,9.08,14.9,1,731,22.7,1.86,,90.0,1.56,-1.56,13.8,0.0,5.0,0.00,ARMED,,12.5,1,
1791344017477,28.507562,77.391664,5.0,CNG,12.12,14.9,1,717,22.7,0.85,,90.0,1.56,-1.56,13.6,0.0,4.9,-0.02,ARMED,,12.5,1,
1791344019531,28.507543,77.391647,2.0,CNG,8.98,14.9,,717,25.9,1.79,,90.0,3.91,-0.78,13.6,0.0,2.0,0.00,ARMED,,12.9,,
1791344020344,28.507538,77.391643,2.0,CNG,6.61,14.9,,806,25.9,2.16,,90.0,3.91,-0.78,13.6,0.0,2.0,0.00,ARMED,,12.9,,
1791344021116,28.507533,77.391638,2.0,CNG,,14.9,,809,25.9,1.93,,90.0,3.91,-0.78,13.6,0.0,2.0,0.00,ARMED,,12.9,,
1791344022899,28.507519,77.391625,2.0,CNG,,22.0,,738,45.5,6.92,,90.0,1.56,-3.13,12.9,9.6,2.0,0.00,ARMED,,12.9,,
1791344023692,28.507509,77.391615,5.0,CNG,3.62,19.6,,781,45.5,3.82,,90.0,1.56,-3.13,12.9,6.4,5.0,0.00,ARMED,,12.9,,
1791344024587,28.507509,77.391615,5.0,CNG,4.33,14.9,1,763,45.5,3.77,,90.0,1.56,-3.13,13.5,0.0,5.0,0.00,ARMED,,12.9,1,
1791344026300,28.507486,77.391589,6.0,CNG,5.80,14.9,1,827,38.4,2.77,,90.0,-3.13,-0.78,13.5,0.0,5.6,0.36,ARMED,,14.9,1,
1791344027105,28.507479,77.391582,2.0,CNG,4.45,14.9,,821,38.4,3.39,,90.0,-3.13,-0.78,13.7,0.0,2.0,0.00,ARMED,,14.9,,
1791344027917,28.507476,77.391578,1.0,CNG,,14.9,,820,38.4,3.32,,90.0,-3.13,-0.78,13.7,0.0,1.0,0.00,ARMED,,14.9,,
1791344029744,28.507473,77.391578,1.0,CNG,,22.0,,811,38.0,5.57,,90.0,-1.56,-0.78,13.7,9.6,1.0,0.00,ARMED,,13.7,,
1791344030601,28.507473,77.391578,2.0,CNG,,14.9,,979,38.0,2.56,,90.0,-1.56,-0.78,13.7,0.0,2.0,0.00,ARMED,,13.7,,
1791344031418,28.507471,77.391578,1.0,CNG,,20.4,,790,38.0,3.78,,90.0,-1.56,-0.78,13.5,7.5,1.0,0.00,ARMED,,13.7,,
1791344033294,28.507462,77.391571,2.0,CNG,,14.9,,799,28.6,3.81,,90.0,-1.56,-0.78,13.5,0.0,2.0,0.00,ARMED,,12.9,,
1791344034113,28.507455,77.391566,3.0,CNG,,14.9,,775,28.6,1.50,,90.0,-1.56,-0.78,13.7,0.0,3.0,0.00,ARMED,,12.9,,
1791344034972,28.507453,77.391564,0.0,CNG,,14.9,0,734,28.6,1.32,,90.0,-1.56,-0.78,13.7,0.0,0.0,0.00,ARMED,,12.9,1,
1791344036767,28.507453,77.391563,0.0,CNG,,14.9,0,701,26.3,2.26,,90.0,-1.56,-0.78,13.7,0.0,0.0,0.00,ARMED,,12.9,1,
1791344037609,28.507453,77.391563,0.0,CNG,,14.9,0,696,26.3,1.38,,90.0,-1.56,-0.78,13.7,0.0,0.0,0.00,ARMED,,12.9,1,
1791344038509,28.507453,77.391562,0.0,CNG,,23.1,0,691,26.3,1.88,,90.0,-1.56,-0.78,13.7,11.2,0.0,0.00,ARMED,,12.9,1,
1791344040297,28.507447,77.391557,1.0,CNG,,14.9,,894,25.5,0.00,,90.0,-8.59,-0.78,13.7,0.0,1.0,0.00,ARMED,,12.9,,
1791344041463,28.507437,77.391549,4.0,CNG,,15.3,,725,25.5,2.17,,90.0,-8.59,-0.78,13.6,0.5,4.0,0.00,ARMED,,12.9,,
1791344042277,28.507427,77.391543,3.0,CNG,,14.9,,792,25.5,3.75,,90.0,-8.59,-0.78,13.6,0.0,3.0,0.00,ARMED,,12.9,,
1791344044318,28.507410,77.391531,4.0,CNG,4.75,18.0,,783,42.7,2.86,,90.0,-3.13,-0.78,13.6,4.3,4.0,0.00,ARMED,,14.9,,
1791344045083,28.507403,77.391526,2.0,CNG,,14.9,,822,42.7,6.91,,89.0,-3.13,-0.78,13.6,0.0,2.0,0.00,ARMED,,14.9,,
1791344045956,28.507398,77.391524,2.0,CNG,,14.9,,815,42.7,2.74,,89.0,-3.13,-0.78,13.4,0.0,2.0,0.00,ARMED,,14.9,,
1791344047652,28.507395,77.391526,1.0,CNG,,23.9,,819,47.1,10.11,,90.0,0.00,-0.78,13.4,12.3,1.0,0.00,ARMED,,15.7,,
1791344048431,28.507395,77.391527,1.0,CNG,,14.9,,1014,47.1,2.42,,90.0,0.00,-0.78,13.7,0.0,1.0,0.00,ARMED,,15.7,,
1791344049231,28.507393,77.391527,1.0,CNG,,14.9,,921,47.1,3.20,,90.0,0.00,-0.78,13.7,0.0,1.0,0.00,ARMED,,15.7,,
1791344050833,28.507393,77.391527,1.0,CNG,,14.9,,812,28.6,3.57,,90.0,-0.78,-0.78,13.6,0.0,1.0,0.00,ARMED,,13.3,,
1791344051571,28.507393,77.391527,2.0,CNG,,14.9,,843,28.6,1.87,,90.0,-0.78,-0.78,13.6,0.0,2.0,0.00,ARMED,,13.3,,
1791344052375,28.507389,77.391524,3.0,CNG,,16.9,,827,28.6,2.92,,90.0,-0.78,-0.78,13.5,2.7,3.0,0.00,ARMED,,13.3,,
1791344054135,28.507373,77.391513,3.0,CNG,,14.9,,814,23.5,2.75,,90.0,-0.78,0.00,13.6,0.0,3.0,0.00,ARMED,,12.5,,
1791344054987,28.507364,77.391505,4.0,CNG,4.97,14.9,,753,23.5,1.96,,90.0,-0.78,0.00,13.6,0.0,4.0,0.00,ARMED,,12.5,,
1791344055734,28.507358,77.391500,2.0,CNG,,14.9,,731,23.5,2.26,,90.0,-0.78,0.00,13.6,0.0,2.0,0.00,ARMED,,12.5,,
1791344057523,28.507355,77.391497,1.0,CNG,,21.2,,709,47.1,4.53,,90.0,2.34,0.00,13.1,8.6,1.0,0.00,ARMED,,15.7,,
1791344058294,28.507346,77.391490,6.0,CNG,5.46,15.3,1,749,47.1,1.82,,90.0,2.34,0.00,13.1,0.5,6.0,0.00,ARMED,,15.7,1,
1791344059095,28.507335,77.391482,5.0,CNG,7.54,15.3,1,745,47.1,1.60,,90.0,2.34,0.00,13.6,0.5,5.4,-0.36,ARMED,,15.7,1,
1791344060778,28.507312,77.391461,5.0,CNG,5.43,15.7,,774,41.6,5.07,,89.0,-3.91,0.78,13.6,1.1,5.0,0.00,ARMED,,14.9,,
1791344061594,28.507312,77.391461,6.0,CNG,6.72,14.9,1,815,41.6,2.68,,89.0,-3.91,0.78,13.4,0.0,6.0,0.00,ARMED,,14.9,1,
1791344062309,28.507300,77.391451,6.0,CNG,6.90,14.9,1,835,41.6,3.43,,90.0,-3.91,0.78,13.4,0.0,6.0,0.00,ARMED,,14.9,1,
1791344063962,28.507277,77.391432,6.0,CNG,7.16,14.9,1,826,38.4,3.25,,90.0,-2.34,0.78,13.5,0.0,6.0,0.00,ARMED,,14.9,1,
1791344064788,28.507272,77.391427,3.0,CNG,5.77,14.9,,828,38.4,3.30,,90.0,-2.34,0.78,13.5,0.0,3.0,0.00,ARMED,,14.9,,
1791344065571,28.507272,77.391427,2.0,CNG,4.90,14.9,,828,38.4,2.54,,90.0,-2.34,0.78,13.6,0.0,2.0,0.00,ARMED,,14.9,,
1791344067211,28.507264,77.391421,2.0,CNG,,14.9,,826,26.3,3.55,,90.0,-1.56,0.78,13.6,0.0,2.0,0.00,ARMED,,12.9,,
1791344067978,28.507263,77.391422,0.0,CNG,,14.9,0,746,26.3,2.37,,90.0,-1.56,0.78,13.5,0.0,0.0,0.00,ARMED,,12.9,1,
1791344068728,28.507263,77.391422,1.0,CNG,,14.9,,815,26.3,2.42,,90.0,-1.56,0.78,13.5,0.0,1.0,0.00,ARMED,,12.9,,
1791344070353,28.507263,77.391421,1.0,CNG,,14.9,,841,23.9,2.45,,90.0,0.78,0.78,13.7,0.0,1.0,0.00,ARMED,,12.9,,
1791344071087,28.507264,77.391424,0.0,CNG,,18.8,0,752,23.9,2.29,,90.0,0.78,0.78,13.7,5.4,0.0,0.00,ARMED,,12.9,1,
1791344071885,28.507264,77.391424,1.0,CNG,,14.9,,689,23.9,1.63,,90.0,0.78,0.78,13.2,0.0,1.0,0.00,ARMED,,12.9,,
1791344073570,28.507257,77.391417,4.0,CNG,,14.9,,653,25.1,0.08,,90.0,-7.03,0.78,13.2,0.0,4.0,0.00,ARMED,,12.2,,
1791344074347,28.507244,77.391407,5.0,CNG,13.58,14.9,1,701,25.1,0.49,,90.0,-7.03,0.78,13.7,0.0,5.0,0.00,ARMED,,12.2,1,
1791344075132,28.507236,77.391401,3.0,CNG,10.20,14.9,,694,25.1,1.69,,90.0,-7.03,0.78,13.7,0.0,3.0,0.00,ARMED,,12.2,,
1791344076786,28.507234,77.391402,0.0,CNG,,14.9,0,686,27.8,0.91,,90.0,-12.50,0.78,13.6,0.0,0.0,0.00,ARMED,,12.9,1,
1791344077550,28.507234,77.391402,0.0,CNG,,21.6,0,692,27.8,3.70,,90.0,-12.50,0.78,13.6,9.1,0.0,0.00,ARMED,,12.9,1,
1791344078338,28.507234,77.391403,1.0,CNG,,14.9,,862,27.8,4.52,,90.0,-12.50,0.78,13.0,0.0,1.0,0.00,ARMED,,12.9,,
1791344080015,28.507219,77.391391,4.0,CNG,,14.9,,791,43.1,4.92,,90.0,-5.47,0.78,13.0,0.0,4.0,0.00,ARMED,,14.9,,
1791344080856,28.507209,77.391383,5.0,CNG,3.72,14.9,,830,43.1,3.46,,90.0,-5.47,0.78,13.4,0.0,5.0,0.00,ARMED,,14.9,,
1791344081617,28.507209,77.391383,6.0,CNG,5.32,14.9,1,791,43.1,2.95,,90.0,-5.47,0.78,13.4,0.0,6.0,0.00,ARMED,,14.9,1,
1791344083245,28.507188,77.391364,6.0,CNG,5.87,18.0,1,835,40.8,3.70,,90.0,-0.78,-3.91,13.7,4.3,6.0,0.00,ARMED,,15.3,1,
1791344084065,28.507176,77.391352,6.0,CNG,7.26,14.9,1,872,40.8,2.37,,90.0,-0.78,-3.91,13.7,0.0,6.0,0.00,ARMED,,15.3,1,
1791344084823,28.507165,77.391341,6.0,CNG,8.16,14.9,1,858,40.8,2.50,,90.0,-0.78,-3.91,13.7,0.0,5.9,-0.02,ARMED,,15.3,1,
1791344086632,28.507154,77.391331,5.0,CNG,8.15,14.9,,827,23.1,2.51,,90.0,-1.56,0.78,13.4,0.0,5.0,0.00,ARMED,,12.9,,
1791344087427,28.507143,77.391322,5.0,CNG,8.92,14.9,1,743,23.1,1.94,,90.0,-1.56,0.78,13.5,0.0,5.0,0.00,ARMED,,12.9,1,
1791344088198,28.507134,77.391315,4.0,CNG,10.70,14.9,,763,23.1,0.93,,90.0,-1.56,0.78,13.5,0.0,4.0,0.00,ARMED,,12.9,,
1791344089898,28.507117,77.391301,4.0,CNG,10.57,14.9,,719,34.5,1.58,,90.0,-1.56,1.56,13.4,0.0,4.0,0.00,ARMED,,16.9,,
1791344090708,28.507109,77.391294,4.0,CNG,11.70,14.9,,672,34.5,1.15,,90.0,-1.56,1.56,13.4,0.0,4.0,0.00,ARMED,,16.9,,
1791344091471,28.507109,77.391294,4.0,CNG,12.48,14.9,,688,34.5,1.17,,90.0,-1.56,1.56,13.7,0.0,4.0,0.00,ARMED,,16.9,,
1791344093221,28.507093,77.391282,4.0,CNG,13.84,14.9,,709,22.7,0.98,,90.0,-2.34,1.56,13.7,0.0,4.0,0.00,ARMED,,17.6,,
1791344094036,28.507086,77.391277,4.0,CNG,6.17,19.2,,713,22.7,4.90,,90.0,-2.34,1.56,13.6,5.9,4.0,0.00,ARMED,,17.6,,
1791344094840,28.507075,77.391270,6.0,CNG,7.47,19.2,1,799,22.7,2.58,,90.0,-2.34,1.56,13.6,5.9,6.0,0.00,ARMED,,17.6,1,
1791344096547,28.507059,77.391256,6.0,CNG,8.11,14.9,1,855,38.4,2.71,,90.0,-7.81,1.56,13.6,0.0,6.0,0.00,ARMED,,14.9,1,
1791344097343,28.507045,77.391245,6.0,CNG,7.75,14.9,1,829,38.4,3.35,,90.0,-7.81,1.56,13.6,0.0,6.0,0.00,ARMED,,14.9,1,
1791344098154,28.507031,77.391238,4.0,CNG,7.37,14.9,,829,38.4,2.45,,90.0,-7.81,1.56,13.6,0.0,4.0,0.00,ARMED,,14.9,,
1791344099765,28.507021,77.391231,2.0,CNG,5.46,14.9,,828,65.1,2.93,,90.0,-2.34,0.00,13.6,0.0,2.0,0.00,ARMED,,18.0,,
1791344100576,28.507021,77.391231,4.0,CNG,5.47,14.9,,777,65.1,2.99,,90.0,-2.34,0.00,13.6,0.0,4.0,0.00,ARMED,,18.0,,
1791344101303,28.507012,77.391228,4.0,CNG,7.61,14.9,,796,65.1,0.93,,90.0,-2.34,0.00,13.6,0.0,4.0,0.00,ARMED,,18.0,,
1791344102958,28.506994,77.391221,4.0,CNG,8.52,18.0,,725,33.7,1.58,,90.0,6.25,0.00,13.5,4.3,4.0,0.00,ARMED,,12.2,,
1791344103728,28.506983,77.391215,5.0,CNG,10.07,14.9,,673,33.7,1.59,,90.0,6.25,0.00,13.5,0.0,5.0,0.00,ARMED,,12.2,,
1791344104576,28.506983,77.391215,5.0,CNG,8.30,18.8,,680,33.7,3.03,,90.0,6.25,0.00,13.4,5.4,5.0,0.00,ARMED,,12.2,,
1791344106256,28.506958,77.391203,5.0,CNG,9.27,21.6,,687,59.2,1.85,,90.0,7.03,-3.13,13.4,9.1,5.0,0.00,ARMED,,16.9,,
1791344107006,28.506942,77.391196,8.0,CNG,7.48,21.6,1,1088,59.2,5.12,,90.0,7.03,-3.13,13.5,9.1,8.0,0.00,ARMED,,16.9,1,
1791344107768,28.506926,77.391187,9.0,CNG,7.74,19.6,1,1315,59.2,4.59,,90.0,7.03,-3.13,13.5,6.4,8.6,0.36,ARMED,,16.9,1,
1791344109413,28.506908,77.391177,10.0,CNG,11.01,14.9,1,1254,32.5,2.01,,90.0,0.00,0.00,13.2,0.0,9.6,0.75,ARMED,,14.5,1,
1791344110186,28.506884,77.391162,9.0,CNG,12.22,14.9,,784,32.5,2.55,,90.0,0.00,0.00,13.2,0.0,9.0,0.00,ARMED,,14.5,,
1791344110987,28.506860,77.391146,8.0,CNG,8.55,20.8,,809,32.5,5.68,,90.0,0.00,0.00,12.8,8.0,8.0,0.00,ARMED,,14.5,,
1791344112687,28.506819,77.391122,9.0,CNG,7.96,22.0,,643,83.1,5.07,,90.0,5.47,-2.34,12.8,9.6,9.0,0.00,ARMED,,15.7,,
1791344113455,28.506819,77.391122,11.0,CNG,11.10,14.9,2,840,83.1,2.17,,90.0,5.47,-2.34,13.6,0.0,11.0,0.00,ARMED,,15.7,2,
1791344114218,28.506798,77.391108,11.0,CNG,12.45,14.9,2,829,83.1,3.04,,90.0,5.47,-2.34,13.6,0.0,11.0,0.00,ARMED,,15.7,2,
1791344115858,28.506755,77.391079,11.0,CNG,13.38,18.4,2,827,38.0,3.01,,90.0,0.78,0.00,13.4,4.8,11.0,0.00,ARMED,,11.4,2,
1791344116595,28.506755,77.391079,10.0,CNG,16.68,14.9,2,790,38.0,1.50,,90.0,0.78,0.00,13.4,0.0,10.1,-0.41,ARMED,,11.4,2,
1791344117376,28.506735,77.391066,5.0,CNG,16.18,14.9,1,756,38.0,1.38,,90.0,0.78,0.00,13.7,0.0,5.0,0.00,ARMED,,11.4,1,
1791344119176,28.506736,77.391068,2.0,CNG,13.66,14.9,,728,25.9,1.17,,90.0,7.81,1.56,13.7,0.0,2.0,0.00,ARMED,,19.2,,
1791344119937,28.506740,77.391070,1.0,CNG,8.36,14.9,,1154,25.9,2.11,,90.0,7.81,1.56,13.0,0.0,1.0,0.00,ARMED,,19.2,,
1791344120690,28.506733,77.391065,3.0,CNG,4.44,22.7,,858,25.9,5.23,,90.0,7.81,1.56,13.0,10.7,3.0,0.00,ARMED,,19.2,,
1791344122387,28.506722,77.391057,5.0,CNG,6.82,21.6,,651,51.4,1.32,,90.0,-3.13,-3.13,13.3,9.1,5.0,0.00,ARMED,,16.1,,
1791344123150,28.506708,77.391046,8.0,CNG,7.57,19.2,1,1138,51.4,3.95,,90.0,-3.13,-3.13,13.3,5.9,8.0,0.00,ARMED,,16.1,1,
1791344124001,28.506687,77.391028,9.0,CNG,9.83,14.9,1,1277,51.4,2.69,,90.0,-3.13,-3.13,13.6,0.0,8.6,0.37,ARMED,,16.1,1,
1791344125674,28.506634,77.390986,9.0,CNG,12.50,22.4,,802,82.0,2.01,,90.0,0.00,-2.34,13.6,10.2,9.0,0.00,ARMED,,23.1,,
1791344126467,28.506634,77.390986,12.0,CNG,12.86,20.4,2,906,82.0,3.71,,90.0,0.00,-2.34,13.2,7.5,12.0,0.00,ARMED,,23.1,2,
1791344127222,28.506603,77.390964,13.0,CNG,14.47,16.1,2,984,82.0,3.17,,90.0,0.00,-2.34,13.2,1.6,12.6,0.36,ARMED,,23.1,2,
1791344128945,28.506542,77.390921,13.0,CNG,16.99,14.9,2,948,51.4,2.44,,90.0,-5.47,-3.91,13.6,0.0,13.0,0.38,ARMED,,17.6,2,
1791344129683,28.506515,77.390900,14.0,CNG,13.28,22.7,2,1005,51.4,5.49,,90.0,-5.47,-3.91,13.6,10.7,14.0,0.46,ARMED,,17.6,2,
1791344130436,28.506515,77.390900,15.0,CNG,8.67,25.9,2,1092,51.4,10.17,,90.0,-5.47,-3.91,13.2,15.0,14.8,0.76,ARMED,,17.6,2,
1791344132057,28.506444,77.390844,17.0,CNG,8.19,24.3,2,1242,53.7,9.06,,90.0,-0.78,-2.34,13.2,12.8,16.5,1.40,ARMED,,17.6,2,
1791344132818,28.506402,77.390812,20.0,CNG,12.89,14.9,,1319,53.7,2.25,,90.0,-0.78,-2.34,13.4,0.0,20.0,0.00,ARMED,,17.6,,
1791344133591,28.506402,77.390812,20.0,CNG,13.63,20.8,3,1002,53.7,5.56,,90.0,-0.78,-2.34,13.4,8.0,20.0,0.00,ARMED,,17.6,3,
1791344135242,28.506320,77.390756,20.0,CNG,16.89,20.0,3,1037,25.5,3.26,,90.0,-3.13,1.56,13.6,7.0,20.0,0.00,ARMED,,13.7,3,
1791344135998,28.506283,77.390738,18.0,CNG,20.77,14.9,3,858,25.5,2.26,,90.0,-3.13,1.56,13.6,0.0,18.3,-0.82,ARMED,,13.7,3,
1791344136838,28.506249,77.390722,15.0,CNG,27.76,14.9,3,706,25.5,0.83,,90.0,-3.13,1.56,13.5,0.0,15.9,-1.77,ARMED,,13.7,3,
1791344138566,28.506219,77.390712,13.0,CNG,27.73,14.9,3,709,23.5,1.92,,90.0,-2.34,1.56,13.5,0.0,14.8,-1.60,ARMED,,12.5,3,
1791344139336,28.506188,77.390708,13.0,CNG,26.86,18.0,3,716,23.5,2.09,,90.0,-2.34,1.56,13.8,4.3,14.5,-0.46,ARMED,,12.5,3,
1791344140119,28.506159,77.390702,12.0,CNG,14.96,23.5,2,928,23.5,5.91,,90.0,-2.34,1.56,13.8,11.8,12.0,0.00,ARMED,,12.5,2,
1791344141724,28.506103,77.390749,13.0,CNG,11.03,24.3,2,979,61.2,6.79,,90.0,-0.78,-2.34,13.6,12.8,12.6,0.35,ARMED,,19.6,2,
1791344142481,28.506103,77.390749,18.0,CNG,9.73,26.7,2,1315,61.2,8.54,,90.0,-0.78,-2.34,13.6,16.1,17.4,2.34,ARMED,,19.6,2,
1791344143224,28.506077,77.390800,21.0,CNG,9.18,27.1,2,1511,61.2,9.92,,90.0,-0.78,-2.34,13.4,16.6,20.0,2.89,ARMED,,19.6,2,
1791344144869,28.506018,77.390915,23.0,CNG,8.37,14.9,2,1708,59.2,12.37,,90.0,0.00,0.78,13.4,0.0,22.9,3.27,ARMED,,21.6,2,
1791344145624,28.506018,77.390915,25.0,CNG,9.31,26.3,3,1277,59.2,9.51,,90.0,0.00,0.78,13.4,15.5,25.0,0.00,ARMED,,21.6,2,
1791344146355,28.505986,77.390976,27.0,CNG,9.90,27.1,3,1351,59.2,10.29,,90.0,0.00,0.78,13.4,16.6,26.2,0.71,ARMED,,21.6,2,
1791344148006,28.505915,77.391115,28.0,CNG,9.97,27.8,3,1450,71.0,11.37,,90.0,-0.78,-1.56,13.6,17.7,27.5,1.15,ARMED,,23.1,2,
1791344148739,28.505875,77.391190,32.0,CNG,15.90,14.9,3,1595,71.0,2.37,,90.0,-0.78,-1.56,13.6,0.0,31.7,2.22,ARMED,,23.1,3,
1791344149492,28.505875,77.391190,32.0,CNG,15.35,24.7,4,1180,71.0,8.91,,90.0,-0.78,-1.56,13.5,13.4,32.0,0.00,ARMED,,23.1,3,
1791344151274,28.505794,77.391345,32.0,CNG,16.41,25.5,4,1253,57.6,7.20,,90.0,-2.34,-2.34,13.8,14.4,32.0,0.00,ARMED,,19.6,4,
1791344152058,28.505752,77.391429,35.0,CNG,20.37,21.2,4,1343,57.6,4.80,,90.0,-2.34,-2.34,13.6,8.6,34.7,1.21,ARMED,,19.6,4,
1791344152862,28.505716,77.391519,35.0,CNG,22.95,21.6,4,1355,57.6,5.14,,90.0,-2.34,-2.34,13.6,9.1,35.4,1.14,ARMED,,19.6,4,
1791344154609,28.505676,77.391612,36.0,CNG,24.57,21.6,4,1376,34.5,5.40,,90.0,-1.56,-3.91,13.7,9.1,36.0,0.96,ARMED,,17.3,4,
1791344155385,28.505638,77.391707,36.0,CNG,25.77,21.6,4,1405,34.5,5.31,,90.0,-1.56,-3.91,13.7,9.1,36.7,0.49,ARMED,,17.3,4,
1791344156165,28.505599,77.391799,36.0,CNG,27.53,21.6,4,1416,34.5,4.81,,90.0,-1.56,-3.91,13.6,9.1,36.9,0.45,ARMED,,17.3,4,
1791344157758,28.505526,77.391985,37.0,CNG,27.64,21.6,4,1434,32.9,5.44,,90.0,-0.78,-3.91,13.6,9.1,37.2,0.45,ARMED,,17.3,4,
1791344158591,28.505526,77.391985,38.0,CNG,28.80,21.6,4,1461,32.9,5.07,,90.0,-0.78,-3.91,13.5,9.1,37.9,0.44,ARMED,,17.3,4,
1791344159320,28.505483,77.392076,38.0,CNG,28.59,21.6,4,1477,32.9,5.49,,90.0,-0.78,-3.91,13.5,9.1,38.3,0.45,ARMED,,17.3,4,
1791344160922,28.505397,77.392276,38.0,CNG,29.18,21.6,4,1491,31.4,5.16,,90.0,-1.56,-3.91,13.6,9.1,38.6,0.45,ARMED,,17.3,4,
1791344161663,28.505353,77.392369,39.0,CNG,29.88,21.6,4,1515,31.4,5.15,,90.0,-1.56,-3.91,13.6,9.1,39.3,0.43,ARMED,,17.3,4,
1791344162473,28.505353,77.392369,39.0,CNG,29.35,21.6,4,1531,31.4,5.57,,90.0,-1.56,-3.91,13.7,9.1,39.6,0.43,ARMED,,17.3,4,
1791344164135,28.505262,77.392570,40.0,CNG,27.59,21.6,4,1532,39.2,6.44,,90.0,0.78,-3.13,13.7,9.1,39.8,0.37,ARMED,,18.4,4,
1791344164880,28.505219,77.392668,40.0,CNG,27.14,14.9,4,1559,39.2,6.17,,90.0,0.78,-3.13,13.5,0.0,40.3,0.37,ARMED,,18.4,4,
1791344165644,28.505219,77.392668,40.0,CNG,33.22,19.6,5,1070,39.2,3.29,,90.0,0.78,-3.13,13.5,6.4,40.0,0.00,ARMED,,18.4,5,
1791344167327,28.505124,77.392861,40.0,CNG,35.76,19.6,5,1196,39.2,4.05,,90.0,0.78,-4.69,13.6,6.4,40.0,0.00,ARMED,,16.9,5,
1791344168064,28.505076,77.392960,40.0,CNG,35.12,20.0,5,1183,39.2,4.78,,89.0,0.78,-4.69,13.6,7.0,40.0,0.00,ARMED,,16.9,5,
1791344168903,28.505031,77.393059,40.0,CNG,36.39,20.0,5,1183,39.2,4.25,,89.0,0.78,-4.69,13.4,7.0,40.0,0.00,ARMED,,16.9,5,
1791344170546,28.504983,77.393157,40.0,CNG,40.88,20.0,5,1184,33.3,3.26,,90.0,2.34,-4.69,13.4,7.0,40.0,0.01,ARMED,,15.3,5,
1791344171327,28.504934,77.393258,40.0,CNG,43.96,20.8,5,1188,33.3,3.30,,90.0,2.34,-4.69,13.7,8.0,40.1,0.03,ARMED,,15.3,5,
1791344172063,28.504890,77.393359,39.0,CNG,43.84,20.8,5,1179,33.3,3.65,,90.0,2.34,-4.69,13.7,8.0,40.0,-0.03,ARMED,,15.3,5,
1791344173688,28.504801,77.393557,40.0,CNG,46.23,20.4,5,1178,23.1,3.25,,90.0,0.78,1.56,13.7,7.5,39.8,-0.06,ARMED,,15.7,5,
1791344174444,28.504801,77.393557,40.0,CNG,44.69,20.4,5,1178,23.1,3.84,,90.0,0.78,1.56,13.7,7.5,39.8,-0.05,ARMED,,15.7,5,
1791344175215,28.504757,77.393658,39.0,CNG,46.15,21.2,5,1177,23.1,3.28,,90.0,0.78,1.56,13.7,8.6,39.7,-0.05,ARMED,,15.7,5,
1791344177023,28.504674,77.393857,40.0,CNG,43.35,22.0,5,1184,45.5,4.11,,89.0,2.34,-3.91,13.7,9.6,39.9,0.00,ARMED,,17.6,5,
1791344177820,28.504636,77.393952,41.0,CNG,37.65,22.0,5,1215,45.5,5.30,,89.0,2.34,-3.91,13.6,9.6,40.9,0.46,ARMED,,17.6,5,
1791344178716,28.504592,77.394057,41.0,CNG,35.25,22.0,5,1229,45.5,5.20,,89.0,2.34,-3.91,13.6,9.6,41.4,0.49,ARMED,,17.6,5,
1791344180394,28.504548,77.394166,42.0,CNG,34.24,22.0,5,1239,43.9,5.22,,89.0,0.78,-3.91,13.7,9.6,41.8,0.49,ARMED,,17.6,5,
1791344181266,28.504505,77.394272,43.0,CNG,30.43,22.0,5,1267,43.9,6.70,,89.0,0.78,-3.91,13.7,9.6,42.8,0.51,ARMED,,17.6,5,
1791344182055,28.504462,77.394381,43.0,CNG,27.96,22.0,5,1277,43.9,7.03,,89.0,0.78,-3.91,13.6,9.6,43.1,0.50,ARMED,,17.6,5,
1791344183907,28.504372,77.394613,44.0,CNG,27.86,22.0,5,1286,52.2,6.49,,89.0,0.78,-3.13,13.6,9.6,43.5,0.48,ARMED,,19.2,5,
1791344184868,28.504323,77.394725,44.0,CNG,27.78,22.0,5,1312,52.2,6.50,,89.0,0.78,-3.13,13.5,9.6,44.3,0.45,ARMED,,19.2,5,
1791344185578,28.504280,77.394838,44.0,CNG,27.14,15.3,5,1311,52.2,6.85,,89.0,0.78,-3.13,13.5,0.5,44.4,0.38,ARMED,,19.2,5,
1791344187458,28.504232,77.394953,44.0,CNG,35.29,14.9,,994,33.3,2.82,,89.0,0.00,1.56,13.5,0.0,44.0,0.00,ARMED,,14.1,,
1791344188314,28.504186,77.395058,40.0,CNG,43.87,14.9,,773,33.3,2.24,,89.0,0.00,1.56,13.5,0.0,40.0,0.00,ARMED,,14.1,,
1791344189087,28.504146,77.395157,36.0,CNG,59.33,14.9,,741,33.3,0.94,,89.0,0.00,1.56,13.7,0.0,36.0,0.00,ARMED,,14.1,,
1791344190765,28.504081,77.395305,32.0,CNG,61.22,14.9,,731,22.7,2.01,,90.0,0.00,1.56,13.7,0.0,32.0,0.00,ARMED,,12.5,,
1791344191512,28.504081,77.395305,17.0,CNG,60.28,14.9,4,719,22.7,1.21,,90.0,0.00,1.56,13.5,0.0,17.0,0.00,ARMED,,12.5,4,
1791344192245,28.504064,77.395349,14.0,CNG,60.42,14.9,3,726,22.7,0.94,,90.0,0.00,1.56,13.5,0.0,14.0,0.00,ARMED,,12.5,3,
1791344193891,28.504033,77.395416,12.0,CNG,42.53,24.3,,723,40.8,2.13,,90.0,-1.56,-3.13,13.7,12.8,12.0,0.00,ARMED,,11.8,,
1791344194642,28.504033,77.395416,13.0,CNG,20.84,21.6,2,977,40.8,5.33,,90.0,-1.56,-3.13,13.7,9.1,13.0,0.00,ARMED,,11.8,2,
1791344195409,28.504017,77.395449,14.0,CNG,17.34,23.5,2,1078,40.8,4.27,,90.0,-1.56,-3.13,13.7,11.8,13.6,0.35,ARMED,,11.8,2,
1791344197067,28.503982,77.395522,16.0,CNG,16.46,14.9,2,1156,24.3,4.26,,90.0,-5.47,1.56,13.7,0.0,15.2,1.13,ARMED,,14.1,2,
1791344197917,28.503959,77.395553,15.0,CNG,16.73,14.9,,885,24.3,3.57,,90.0,-5.47,1.56,13.1,0.0,15.0,0.00,ARMED,,14.1,,
1791344198655,28.503959,77.395553,14.0,CNG,17.90,18.0,3,764,24.3,2.83,,90.0,-5.47,1.56,13.1,4.3,14.0,0.00,ARMED,,14.1,3,
1791344200267,28.503905,77.395543,13.0,CNG,18.88,20.4,2,1033,58.8,2.55,,90.0,3.91,-3.91,13.6,7.5,13.0,0.00,ARMED,,19.6,2,
1791344201019,28.503900,77.395504,14.0,CNG,11.48,23.5,2,1078,58.8,7.93,,89.0,3.91,-3.91,13.6,11.8,13.9,0.41,ARMED,,19.6,2,
1791344201800,28.503911,77.395461,16.0,CNG,9.33,23.5,2,1177,58.8,8.75,,89.0,3.91,-3.91,13.6,11.8,15.3,1.06,ARMED,,19.6,2,
1791344203484,28.503929,77.395405,18.0,CNG,8.83,23.9,2,1342,58.4,8.87,,89.0,0.78,-2.34,13.6,12.3,17.4,1.82,ARMED,,23.1,2,
1791344204307,28.503950,77.395350,21.0,CNG,8.43,26.7,2,1652,58.4,10.71,,89.0,0.78,-2.34,13.5,16.1,22.0,2.50,ARMED,,23.1,2,
1791344205044,28.503976,77.395293,23.0,CNG,12.65,29.4,2,1554,58.4,3.05,,89.0,0.78,-2.34,13.5,19.8,22.1,1.43,ARMED,,23.1,2,
1791344206752,28.504033,77.395168,23.0,CNG,10.45,29.8,,1357,86.7,11.05,,89.0,0.78,-2.34,13.6,20.3,23.0,0.00,ARMED,,27.8,,
1791344207535,28.504033,77.395168,29.0,CNG,9.18,33.7,3,1472,86.7,14.64,,89.0,0.78,-2.34,13.6,25.7,29.0,0.00,ARMED,,27.8,2,
1791344208361,28.504065,77.395093,31.0,CNG,14.38,23.1,3,1574,86.7,2.93,,89.0,0.78,-2.34,13.8,11.2,30.3,0.73,ARMED,,27.8,3,
1791344209999,28.504132,77.394931,31.0,CNG,15.01,24.3,4,1205,56.9,7.96,,90.0,-0.78,-3.13,13.8,12.8,31.0,0.00,ARMED,,19.6,4,
1791344210781,28.504168,77.394842,33.0,CNG,16.57,24.3,4,1277,56.9,7.04,,90.0,-0.78,-3.13,13.8,12.8,32.7,0.82,ARMED,,19.6,4,
1791344211510,28.504168,77.394842,35.0,CNG,18.86,23.1,4,1327,56.9,6.22,,90.0,-0.78,-3.13,13.8,11.2,34.4,1.41,ARMED,,19.6,4,
1791344213224,28.504240,77.394664,35.0,CNG,19.61,23.5,4,1345,46.7,6.89,,90.0,-0.78,-3.13,13.5,11.8,35.5,1.40,ARMED,,19.2,4,
1791344214028,28.504277,77.394570,37.0,CNG,20.22,23.1,4,1423,46.7,7.17,,90.0,-0.78,-3.13,13.5,11.2,37.5,1.21,ARMED,,19.2,4,
1791344214860,28.504316,77.394468,38.0,CNG,20.64,23.1,4,1459,46.7,7.31,,90.0,-0.78,-3.13,13.6,11.2,38.4,1.19,ARMED,,19.2,4,
1791344216664,28.504356,77.394369,38.0,CNG,21.68,23.1,4,1492,42.4,6.65,,90.0,-0.78,-3.13,13.7,11.2,39.2,1.16,ARMED,,20.0,4,
1791344217492,28.504396,77.394267,40.0,CNG,20.36,23.1,4,1550,42.4,8.70,,90.0,-0.78,-3.13,13.4,11.2,40.6,0.85,ARMED,,20.0,4,
1791344218255,28.504438,77.394161,41.0,CNG,28.01,14.9,4,1561,42.4,2.85,,89.0,-0.78,-3.13,13.4,0.0,41.0,0.68,ARMED,,20.0,4,
1791344220049,28.504518,77.393950,40.0,CNG,23.66,23.9,5,1316,67.1,8.49,,89.0,-0.78,-3.13,13.5,12.3,40.0,0.00,ARMED,,18.0,4,
1791344220795,28.504558,77.393845,41.0,CNG,25.24,22.0,5,1223,67.1,6.00,,89.0,-0.78,-3.13,13.5,9.6,40.9,0.41,ARMED,,18.0,4,
1791344221795,28.504599,77.393739,42.0,CNG,24.97,22.0,5,1238,67.1,6.98,,89.0,-0.78,-3.13,13.7,9.6,41.8,0.69,ARMED,,18.0,4,
1791344223662,28.504693,77.393521,42.0,CNG,24.63,22.0,5,1257,43.9,7.11,,90.0,0.78,-3.13,13.7,9.6,42.6,0.72,ARMED,,17.6,5,
1791344224590,28.504693,77.393521,43.0,CNG,27.02,22.0,5,1270,43.9,5.59,,90.0,0.78,-3.13,13.8,9.6,43.1,0.38,ARMED,,17.6,5,
1791344225348,28.504741,77.393411,43.0,CNG,28.43,22.0,5,1291,43.9,5.71,,89.0,0.78,-3.13,13.8,9.6,43.6,0.44,ARMED,,17.6,5,
1791344227162,28.504840,77.393197,43.0,CNG,30.00,22.0,5,1293,40.0,5.38,,89.0,0.00,-3.91,13.7,9.6,43.8,0.39,ARMED,,17.6,5,
1791344228016,28.504889,77.393087,44.0,CNG,30.98,20.4,5,1348,40.0,5.53,,89.0,0.00,-3.91,13.7,7.5,45.3,0.74,ARMED,,17.6,5,
1791344228804,28.504938,77.392979,44.0,CNG,32.39,22.0,5,1303,40.0,5.18,,89.0,0.00,-3.91,13.7,9.6,44.6,0.03,ARMED,,17.6,5,
1791344230624,28.505038,77.392760,44.0,CNG,31.75,22.4,5,1317,42.0,5.83,,89.0,-0.78,-3.91,13.7,10.2,44.4,-0.03,ARMED,,18.0,5,
1791344231544,28.505038,77.392760,45.0,CNG,32.98,22.4,5,1344,42.0,5.26,,89.0,-0.78,-3.91,13.4,10.2,45.1,0.30,ARMED,,18.0,5,
1791344232300,28.505089,77.392647,45.0,CNG,32.27,22.4,5,1355,42.0,5.88,,89.0,-0.78,-3.91,13.4,10.2,45.5,0.33,ARMED,,18.0,5,
1791344234066,28.505189,77.392415,46.0,CNG,33.53,22.4,5,1367,40.4,5.29,,89.0,0.00,-3.91,13.7,10.2,45.9,0.37,ARMED,,18.0,5,
1791344234964,28.505246,77.392303,46.0,CNG,32.84,22.4,5,1388,40.4,5.90,,89.0,0.00,-3.91,13.7,10.2,46.6,0.38,ARMED,,18.0,5,
1791344235734,28.505300,77.392187,47.0,CNG,32.54,22.4,5,1396,40.4,5.98,,89.0,0.00,-3.91,13.6,10.2,46.9,0.38,ARMED,,18.0,5,
1791344237623,28.505410,77.391948,47.0,CNG,30.74,22.4,5,1407,47.8,6.76,,89.0,0.00,-3.13,13.6,10.2,47.2,0.37,ARMED,,19.2,5,
1791344238526,28.505410,77.391948,48.0,CNG,28.88,22.4,5,1416,47.8,7.39,,89.0,0.00,-3.13,13.5,10.2,47.6,0.31,ARMED,,19.2,5,
1791344239323,28.505462,77.391829,48.0,CNG,28.48,22.4,5,1426,47.8,7.03,,89.0,0.00,-3.13,13.5,10.2,47.9,0.32,ARMED,,19.2,5,
1791344241163,28.505571,77.391590,48.0,CNG,28.15,22.0,5,1430,43.9,7.09,,89.0,-0.78,-3.13,13.4,9.6,48.1,0.29,ARMED,,18.8,5,
1791344242003,28.505626,77.391468,49.0,CNG,29.36,21.6,5,1455,43.9,6.39,,89.0,-0.78,-3.13,13.4,9.1,48.9,0.35,ARMED,,18.8,5,
1791344242800,28.505682,77.391349,49.0,CNG,36.36,21.2,5,1464,43.9,3.57,,89.0,-0.78,-3.13,13.8,8.6,49.2,0.36,ARMED,,18.8,5,
1791344244504,28.505739,77.391228,49.0,CNG,37.56,21.2,5,1451,29.8,5.07,,88.0,0.78,-3.91,13.8,8.6,49.0,0.10,ARMED,,16.9,5,
1791344245419,28.505795,77.391105,49.0,CNG,43.61,14.9,5,1450,29.8,3.49,,88.0,0.78,-3.91,13.7,0.0,48.8,-0.08,ARMED,,16.9,5,
1791344246162,28.505853,77.390987,48.0,CNG,48.18,14.9,5,1418,29.8,3.42,,88.0,0.78,-3.91,13.7,0.0,48.1,-0.45,ARMED,,16.9,5,
1791344247987,28.505967,77.390766,46.0,CNG,51.85,14.9,5,1372,25.9,3.19,,88.0,0.00,-4.69,13.7,0.0,46.7,-1.04,ARMED,,16.1,5,
1791344248853,28.506021,77.390657,43.0,CNG,50.28,20.0,5,1327,25.9,3.67,,88.0,0.00,-4.69,13.7,7.0,44.5,-1.11,ARMED,,16.1,5,
1791344249656,28.506078,77.390549,44.0,CNG,40.34,22.0,5,1329,25.9,5.83,,88.0,0.00,-4.69,13.7,9.6,44.2,-0.79,ARMED,,16.1,5,
1791344251518,28.506141,77.390447,44.0,CNG,35.72,22.0,5,1316,37.6,5.92,,88.0,-1.56,-3.91,13.6,9.6,43.9,-0.57,ARMED,,17.3,5,
1791344252439,28.506200,77.390340,45.0,CNG,35.47,21.6,5,1331,37.6,5.24,,88.0,-1.56,-3.91,13.6,9.1,44.4,0.16,ARMED,,17.3,5,
1791344253209,28.506260,77.390238,45.0,CNG,35.18,21.6,5,1336,37.6,5.29,,87.0,-1.56,-3.91,13.6,9.1,44.7,0.20,ARMED,,17.3,5,
1791344254968,28.506396,77.390043,45.0,CNG,35.53,21.6,5,1340,42.0,5.10,,87.0,0.78,-3.91,13.7,9.1,44.9,0.21,ARMED,,18.0,5,
1791344255802,28.506466,77.389941,45.0,CNG,32.55,21.6,5,1357,42.0,6.36,,87.0,0.78,-3.91,13.7,9.1,45.4,0.24,ARMED,,18.0,5,
1791344256635,28.506535,77.389843,46.0,CNG,30.85,21.6,5,1356,42.0,6.56,,87.0,0.78,-3.91,13.4,9.1,45.5,0.21,ARMED,,18.0,5,
1791344258400,28.506603,77.389744,46.0,CNG,29.31,21.6,5,1361,45.9,6.89,,87.0,-0.78,-3.13,13.4,9.1,45.7,0.20,ARMED,,18.8,5,
1791344259361,28.506673,77.389640,46.0,CNG,28.81,22.0,5,1363,45.9,6.69,,87.0,-0.78,-3.13,13.7,9.6,45.8,0.14,ARMED,,18.8,5,
1791344260116,28.506745,77.389539,46.0,CNG,28.70,22.0,5,1374,45.9,6.59,,87.0,-0.78,-3.13,13.7,9.6,46.0,0.18,ARMED,,18.8,5,
1791344261947,28.506885,77.389338,47.0,CNG,25.95,23.9,5,1389,48.2,8.44,,87.0,0.78,-3.13,13.7,12.3,46.5,0.35,ARMED,,19.2,5,
1791344262875,28.506960,77.389235,48.0,CNG,35.45,16.9,5,1407,48.2,2.60,,88.0,0.78,-3.13,13.7,2.7,47.3,0.39,ARMED,,19.2,5,
1791344263647,28.507045,77.389131,47.0,CNG,34.07,22.0,5,1437,48.2,5.97,,88.0,0.78,-3.13,13.7,9.6,48.0,0.62,ARMED,,19.2,5,
1791344265458,28.507122,77.389022,48.0,CNG,35.05,22.0,5,1414,36.1,5.36,,88.0,0.78,-3.91,13.7,9.6,47.9,0.23,ARMED,,17.6,5,
1791344266359,28.507198,77.388920,48.0,CNG,34.87,22.0,5,1425,36.1,5.67,,88.0,0.78,-3.91,13.7,9.6,47.9,0.15,ARMED,,17.6,5,
1791344267096,28.507275,77.388822,48.0,CNG,34.71,22.0,5,1431,36.1,5.69,,88.0,0.78,-3.91,13.7,9.6,48.1,0.16,ARMED,,17.6,5,
1791344268950,28.507439,77.388621,49.0,CNG,36.16,22.0,5,1447,23.1,5.20,,88.0,0.78,-3.91,13.6,9.6,48.5,0.32,ARMED,,15.3,5,
1791344269796,28.507519,77.388518,49.0,CNG,38.36,14.9,5,1438,23.1,4.75,,88.0,0.78,-3.91,13.6,0.0,48.5,0.05,ARMED,,15.3,5,
1791344270642,28.507601,77.388423,48.0,CNG,52.88,14.9,,1100,23.1,1.58,,88.0,0.78,-3.91,13.7,0.0,48.0,0.00,ARMED,,15.3,,
1791344272464,28.507673,77.388338,42.0,CNG,60.59,14.9,,790,22.4,2.12,,88.0,0.00,1.56,13.7,0.0,42.0,0.00,ARMED,,12.5,,
1791344273370,28.507733,77.388277,30.0,CNG,64.60,14.9,,722,22.4,1.61,,88.0,0.00,1.56,13.6,0.0,30.0,0.00,ARMED,,12.5,,
1791344274093,28.507786,77.388224,28.0,CNG,69.00,14.9,,714,22.4,1.42,,89.0,0.00,1.56,13.6,0.0,28.0,0.00,ARMED,,12.5,,
1791344275795,28.507874,77.388137,26.0,CNG,78.85,14.9,5,716,30.6,0.96,,89.0,-0.78,2.34,13.7,0.0,26.0,0.00,ARMED,,13.7,5,
1791344276552,28.507874,77.388137,18.0,CNG,53.71,20.8,4,765,30.6,2.51,,89.0,-0.78,2.34,13.7,8.0,18.0,0.00,ARMED,,13.7,4,
1791344277367,28.507906,77.388108,18.0,CNG,20.90,23.1,3,903,30.6,8.18,,89.0,-0.78,2.34,13.5,11.2,18.0,0.00,ARMED,,13.7,3,
1791344279129,28.507977,77.388038,19.0,CNG,14.85,25.5,2,1378,57.3,7.95,,89.0,3.91,-1.56,13.5,14.4,19.0,0.00,ARMED,,13.7,2,
1791344279944,28.508019,77.388000,22.0,CNG,15.28,23.5,3,1079,57.3,5.64,,89.0,3.91,-1.56,13.4,11.8,22.0,0.00,ARMED,,13.7,3,
1791344280695,28.508061,77.387962,22.0,CNG,13.35,23.5,3,1129,57.3,7.98,,89.0,3.91,-1.56,13.4,11.8,22.0,0.00,ARMED,,13.7,3,
1791344282352,28.508106,77.387918,24.0,CNG,13.10,14.9,3,1201,43.5,7.68,,89.0,-10.16,-3.91,13.7,0.0,23.2,0.70,ARMED,,20.0,3,
1791344283116,28.508152,77.387875,25.0,CNG,12.75,25.5,3,1273,43.5,8.30,,89.0,-10.16,-3.91,13.7,14.4,24.9,0.95,ARMED,,20.0,3,
1791344283876,28.508201,77.387827,27.0,CNG,13.48,24.7,3,1360,43.5,7.58,,89.0,-10.16,-3.91,13.7,13.4,26.3,1.33,ARMED,,20.0,3,
1791344285687,28.508321,77.387725,28.0,CNG,13.92,24.7,3,1425,47.5,7.86,,90.0,-0.78,-2.34,13.7,13.4,27.7,1.58,ARMED,,18.0,3,
1791344286489,28.508321,77.387725,30.0,CNG,19.85,21.6,4,1266,47.5,2.73,,90.0,-0.78,-2.34,13.5,9.1,30.0,0.00,ARMED,,18.0,4,
1791344287293,28.508382,77.387674,30.0,CNG,21.32,20.0,4,1152,47.5,5.16,,90.0,-0.78,-2.34,13.5,7.0,30.0,0.00,ARMED,,18.0,4,
1791344288966,28.508502,77.387574,30.0,CNG,28.86,21.6,4,1178,39.2,2.10,,90.0,6.25,-3.91,13.6,9.1,30.0,0.00,ARMED,,15.3,4,
1791344289767,28.508562,77.387520,30.0,CNG,33.21,20.0,4,1170,39.2,2.88,,90.0,6.25,-3.91,13.6,7.0,30.0,0.00,ARMED,,15.3,4,
1791344290553,28.508562,77.387520,31.0,CNG,33.12,19.6,4,1193,39.2,3.84,,90.0,6.25,-3.91,13.7,6.4,30.4,0.22,ARMED,,15.3,4,
1791344292241,28.508682,77.387414,31.0,CNG,33.97,20.0,4,1187,26.7,3.59,,90.0,0.78,-4.69,13.7,7.0,30.5,0.21,ARMED,,14.9,4,
1791344292992,28.508748,77.387368,31.0,CNG,38.10,20.0,4,1187,26.7,2.73,,90.0,0.78,-4.69,13.7,7.0,30.6,0.14,ARMED,,14.9,4,
1791344293740,28.508811,77.387316,31.0,CNG,38.69,20.0,4,1204,26.7,3.20,,89.0,0.78,-4.69,13.7,7.0,30.9,0.19,ARMED,,14.9,4,
1791344295392,28.508871,77.387269,31.0,CNG,37.07,20.0,4,1194,24.3,3.63,,89.0,1.56,-4.69,13.7,7.0,30.8,0.15,ARMED,,14.1,4,
1791344296181,28.508931,77.387219,31.0,CNG,30.93,22.0,4,1157,24.3,5.11,,89.0,1.56,-4.69,13.7,9.6,30.1,-0.33,ARMED,,14.1,4,
1791344296971,28.508995,77.387167,31.0,CNG,27.51,20.8,4,1215,24.3,5.37,,89.0,1.56,-4.69,13.7,8.0,30.8,0.22,ARMED,,14.1,4,
1791344298600,28.509059,77.387116,31.0,CNG,31.37,14.9,4,1207,23.1,3.19,,89.0,0.00,0.00,13.7,0.0,31.1,0.26,ARMED,,13.7,4,
1791344299335,28.509115,77.387071,26.0,CNG,32.11,23.1,4,1011,23.1,3.17,,89.0,0.00,0.00,13.5,11.2,26.8,-1.96,ARMED,,13.7,4,
1791344300071,28.509170,77.387028,26.0,CNG,20.48,23.5,4,1014,23.1,8.33,,89.0,0.00,0.00,13.5,11.8,25.9,-1.67,ARMED,,13.7,4,
1791344301810,28.509283,77.386936,27.0,CNG,17.41,23.5,4,1059,72.9,7.81,,89.0,-2.34,-2.34,13.6,11.8,26.3,-0.70,ARMED,,21.2,3,
1791344302561,28.509283,77.386936,30.0,CNG,16.28,23.5,4,1160,72.9,8.20,,89.0,-2.34,-2.34,13.6,11.8,29.4,1.28,ARMED,,21.2,3,
1791344303331,28.509343,77.386889,31.0,CNG,22.54,23.1,4,1176,72.9,2.64,,89.0,-2.34,-2.34,13.6,11.2,30.4,1.29,ARMED,,21.2,3,
1791344304993,28.509472,77.386785,31.0,CNG,19.70,23.1,4,1200,59.2,7.59,,89.0,1.56,-2.34,13.6,11.2,31.1,1.22,ARMED,,16.9,4,
1791344305740,28.509537,77.386732,32.0,CNG,22.48,21.6,4,1251,59.2,4.66,,89.0,1.56,-2.34,13.8,9.1,32.4,0.87,ARMED,,16.9,4,
1791344306476,28.509537,77.386732,33.0,CNG,25.42,21.6,4,1269,59.2,4.33,,89.0,1.56,-2.34,13.8,9.1,32.9,0.82,ARMED,,16.9,4,
1791344308146,28.509669,77.386625,33.0,CNG,27.59,21.2,4,1283,22.7,4.29,,89.0,-0.78,-4.69,13.5,8.6,33.2,0.76,ARMED,,14.5,4,
1791344308860,28.509738,77.386574,32.0,CNG,32.09,14.9,4,1277,22.7,3.07,,89.0,-0.78,-4.69,13.5,0.0,33.1,0.09,ARMED,,14.5,4,
1791344309621,28.509738,77.386574,26.0,CNG,36.85,14.9,4,1041,22.7,2.09,,89.0,-0.78,-4.69,13.5,0.0,29.3,-2.17,ARMED,,14.5,4,
1791344311288,28.509828,77.386500,19.0,CNG,37.97,14.9,4,830,22.0,1.90,,89.0,0.00,2.34,13.5,0.0,23.5,-4.50,ARMED,,12.5,4,
1791344312070,28.509862,77.386470,17.0,CNG,19.31,23.9,4,727,22.0,7.56,,89.0,0.00,2.34,13.6,12.3,18.1,-3.61,ARMED,,12.5,4,
1791344312873,28.509899,77.386436,18.0,CNG,12.84,30.6,3,941,22.0,9.26,,89.0,0.00,2.34,13.6,21.4,18.0,0.00,ARMED,,12.5,2,
1791344314499,28.509938,77.386401,20.0,CNG,10.26,32.9,3,1017,87.1,10.41,,89.0,1.56,-2.34,13.5,24.6,19.2,0.71,ARMED,,25.5,2,
1791344315280,28.509988,77.386363,26.0,CNG,9.40,33.3,3,1336,87.1,12.41,,89.0,1.56,-2.34,13.5,25.1,25.3,2.99,ARMED,,25.5,2,
1791344316092,28.510042,77.386319,29.0,CNG,9.45,14.9,3,1477,87.1,12.47,,89.0,1.56,-2.34,13.6,0.0,28.3,3.43,ARMED,,25.5,2,
1791344317836,28.510169,77.386224,30.0,CNG,14.36,27.8,4,1259,74.5,2.96,,89.0,-0.78,-2.34,13.6,17.7,30.0,0.00,ARMED,,22.0,3,
1791344318599,28.510169,77.386224,33.0,CNG,14.22,27.8,4,1272,74.5,9.60,,89.0,-0.78,-2.34,13.4,17.7,32.7,1.22,ARMED,,22.0,3,
1791344319350,28.510232,77.386165,35.0,CNG,13.74,27.8,4,1340,74.5,10.85,,89.0,-0.78,-2.34,13.4,17.7,34.5,1.72,ARMED,,22.0,3,
1791344320985,28.510373,77.386043,36.0,CNG,13.16,14.9,4,1395,20.8,11.80,,89.0,-13.28,-4.69,13.6,0.0,36.1,1.95,ARMED,,16.5,4,
1791344321736,28.510444,77.385980,36.0,CNG,13.96,24.3,4,1407,20.8,9.66,,89.0,-13.28,-4.69,13.6,12.8,37.0,0.84,ARMED,,16.5,4,
1791344322479,28.510444,77.385980,37.0,CNG,14.91,26.7,4,1416,20.8,9.18,,89.0,-13.28,-4.69,13.7,16.1,37.2,0.59,ARMED,,16.5,3,
1791344324180,28.510588,77.385848,37.0,CNG,14.39,26.7,4,1445,72.9,11.03,,89.0,0.00,-1.56,13.7,16.1,37.6,0.59,ARMED,,23.9,3,
1791344324956,28.510665,77.385774,40.0,CNG,21.87,14.9,4,1550,72.9,2.22,,89.0,0.00,-1.56,13.7,0.0,40.1,1.26,ARMED,,23.9,4,
1791344325731,28.510738,77.385698,40.0,CNG,22.83,24.3,5,1154,72.9,6.72,,89.0,0.00,-1.56,13.7,12.8,40.0,0.00,ARMED,,23.9,4,
1791344327458,28.510817,77.385628,41.0,CNG,23.49,24.3,5,1210,35.3,6.84,,89.0,1.56,-3.13,13.7,12.8,40.6,0.37,ARMED,,15.7,5,
1791344328333,28.510893,77.385543,41.0,CNG,23.93,24.7,5,1237,35.3,6.81,,89.0,1.56,-3.13,13.7,13.4,41.0,0.31,ARMED,,15.7,5,
1791344329140,28.510968,77.385458,42.0,CNG,22.84,24.7,5,1250,35.3,8.01,,89.0,1.56,-3.13,13.7,13.4,41.4,0.34,ARMED,,15.7,5,
1791344330890,28.511127,77.385295,43.0,CNG,22.64,24.7,5,1278,55.3,7.86,,90.0,0.00,-3.13,13.7,13.4,42.2,0.63,ARMED,,19.6,5,
1791344331827,28.511212,77.385215,45.0,CNG,23.65,24.3,5,1333,55.3,7.29,,90.0,0.00,-3.13,13.6,12.8,44.2,1.06,ARMED,,19.6,5,
1791344332604,28.511296,77.385131,45.0,CNG,29.96,21.6,5,1359,55.3,3.79,,90.0,0.00,-3.13,13.6,9.1,45.2,1.08,ARMED,,19.6,5,
1791344334398,28.511380,77.385046,45.0,CNG,31.41,21.6,5,1352,36.1,5.44,,90.0,-0.78,-3.91,13.6,9.1,45.4,0.63,ARMED,,17.3,5,
1791344335336,28.511466,77.384959,46.0,CNG,33.63,21.6,5,1377,36.1,5.02,,90.0,-0.78,-3.91,13.6,9.1,45.9,0.36,ARMED,,17.3,5,
1791344336120,28.511550,77.384872,47.0,CNG,33.81,21.6,5,1382,36.1,5.64,,90.0,-0.78,-3.91,13.7,9.1,46.1,0.34,ARMED,,17.3,5,
1791344337919,28.511717,77.384692,46.0,CNG,33.64,21.6,5,1391,34.9,5.63,,90.0,0.00,-3.91,13.7,9.1,46.4,0.33,ARMED,,16.1,5,
1791344338789,28.511801,77.384604,47.0,CNG,43.42,14.9,,1092,34.9,2.54,,90.0,0.00,-3.91,13.5,0.0,47.0,0.00,ARMED,,16.1,,
1791344339571,28.511876,77.384519,44.0,CNG,56.84,14.9,,790,34.9,1.62,,90.0,0.00,-3.91,13.5,0.0,44.0,0.00,ARMED,,16.1,,
1791344341376,28.511933,77.384447,37.0,CNG,62.56,14.9,,747,35.7,1.97,,90.0,-8.59,2.34,13.6,0.0,37.0,0.00,ARMED,,14.5,,
1791344342108,28.511980,77.384386,26.0,CNG,52.45,14.9,5,784,35.7,2.82,,89.0,-8.59,2.34,13.6,0.0,26.0,0.00,ARMED,,14.5,5,
1791344342869,28.512023,77.384338,24.0,CNG,42.86,14.9,5,790,35.7,3.22,,89.0,-8.59,2.34,13.6,0.0,24.8,-0.70,ARMED,,14.5,5,
1791344344605,28.512059,77.384289,23.0,CNG,41.44,14.9,,792,36.1,2.42,,90.0,-3.13,0.78,13.6,0.0,23.0,0.00,ARMED,,14.9,,
1791344345397,28.512088,77.384243,20.0,CNG,29.83,25.5,4,809,36.1,4.34,,90.0,-3.13,0.78,13.7,14.4,20.0,0.00,ARMED,,14.9,4,
1791344346222,28.512098,77.384184,20.0,CNG,15.32,25.5,2,1655,36.1,10.14,,90.0,-3.13,0.78,13.7,14.4,20.0,0.00,ARMED,,14.9,2,
1791344347944,28.512021,77.384099,22.0,CNG,11.43,26.7,2,1608,23.9,10.97,,90.0,0.00,0.00,13.5,16.1,21.2,0.72,ARMED,,14.9,2,
1791344348701,28.511974,77.384062,24.0,CNG,11.49,28.6,3,1279,23.9,8.48,,90.0,0.00,0.00,13.5,18.7,24.0,0.00,ARMED,,14.9,2,
1791344349513,28.511974,77.384062,26.0,CNG,10.66,31.4,3,1309,23.9,10.92,,90.0,0.00,0.00,13.8,22.5,25.2,0.72,ARMED,,14.9,2,
1791344351350,28.511859,77.383971,28.0,CNG,9.76,36.1,3,1445,28.2,13.01,,90.0,0.00,0.00,13.6,28.9,27.2,1.52,ARMED,,14.5,2,
1791344352283,28.511794,77.383919,32.0,CNG,10.92,28.6,4,1258,28.2,10.26,,90.0,0.00,0.00,13.5,18.7,32.0,0.00,ARMED,,14.5,3,
1791344353029,28.511728,77.383868,33.0,CNG,11.85,28.6,4,1268,28.2,10.14,,90.0,0.00,0.00,13.5,18.7,32.6,0.36,ARMED,,14.5,3,
1791344354639,28.511658,77.383812,35.0,CNG,12.41,28.6,4,1343,69.4,10.82,,90.0,-1.56,-2.34,13.7,18.7,34.2,1.11,ARMED,,22.4,3,
1791344355454,28.511583,77.383752,38.0,CNG,13.03,29.4,4,1478,69.4,11.16,,90.0,-1.56,-2.34,13.7,19.8,37.8,1.91,ARMED,,22.4,3,
1791344356256,28.511508,77.383693,39.0,CNG,19.40,14.9,4,1642,69.4,2.90,,90.0,-1.56,-2.34,13.7,0.0,40.9,2.93,ARMED,,22.4,4,
1791344357962,28.511347,77.383565,39.0,CNG,20.49,24.7,5,1204,61.2,7.17,,90.0,-0.78,-3.13,13.7,13.4,39.0,0.00,ARMED,,20.0,4,
1791344358715,28.511266,77.383499,41.0,CNG,20.80,24.7,5,1209,61.2,7.89,,90.0,-0.78,-3.13,13.8,13.4,40.7,0.82,ARMED,,20.0,4,
1791344359582,28.511266,77.383499,42.0,CNG,21.27,24.7,5,1233,61.2,7.82,,90.0,-0.78,-3.13,13.8,13.4,41.8,1.02,ARMED,,20.0,4,
1791344361272,28.511100,77.383355,43.0,CNG,22.75,24.7,5,1256,64.7,6.97,,90.0,1.56,-2.34,13.7,13.4,42.7,1.06,ARMED,,20.8,4,
1791344362105,28.511013,77.383285,44.0,CNG,21.24,24.3,5,1309,64.7,9.26,,90.0,1.56,-2.34,13.7,12.8,44.5,1.04,ARMED,,20.8,4,
1791344362903,28.510925,77.383211,45.0,CNG,21.25,24.3,5,1326,64.7,8.65,,90.0,1.56,-2.34,13.5,12.8,45.2,1.00,ARMED,,20.8,4,
1791344364639,28.510744,77.383056,45.0,CNG,25.09,18.8,5,1341,47.5,5.41,,90.0,-5.47,-3.13,13.5,5.4,45.7,0.79,ARMED,,18.8,5,
1791344365564,28.510744,77.383056,46.0,CNG,25.40,22.4,5,1352,47.5,7.27,,90.0,-5.47,-3.13,13.6,10.2,46.0,0.32,ARMED,,18.8,5,
1791344366392,28.510653,77.382982,45.0,CNG,25.12,22.4,5,1357,47.5,7.44,,90.0,-5.47,-3.13,13.6,10.2,46.1,0.26,ARMED,,18.8,5,
1791344368145,28.510465,77.382824,46.0,CNG,27.03,22.4,5,1365,40.8,6.18,,90.0,0.78,-3.91,13.7,10.2,46.3,0.25,ARMED,,18.0,5,
1791344368999,28.510373,77.382750,47.0,CNG,29.47,22.4,5,1382,40.8,5.67,,90.0,0.78,-3.91,13.7,10.2,46.9,0.27,ARMED,,18.0,5,
1791344369746,28.510275,77.382666,47.0,CNG,29.80,22.4,5,1394,40.8,6.34,,90.0,0.78,-3.91,13.7,10.2,47.2,0.31,ARMED,,18.0,5,
1791344371546,28.510182,77.382587,47.0,CNG,30.97,22.4,5,1404,39.2,5.84,,89.0,0.78,-3.91,13.7,10.2,47.5,0.33,ARMED,,18.0,5,
1791344372409,28.510083,77.382507,48.0,CNG,32.27,22.4,5,1426,39.2,5.71,,89.0,0.78,-3.91,13.4,10.2,48.2,0.36,ARMED,,18.0,5,
1791344373162,28.509992,77.382423,48.0,CNG,32.07,22.4,5,1429,39.2,6.17,,89.0,0.78,-3.91,13.4,10.2,48.4,0.33,ARMED,,18.0,5,
1791344374968,28.509795,77.382261,49.0,CNG,32.23,22.4,5,1444,38.0,6.17,,89.0,0.78,-3.91,13.7,10.2,48.8,0.36,ARMED,,18.0,5,
1791344375834,28.509698,77.382172,49.0,CNG,33.75,22.4,5,1463,38.0,5.52,,89.0,0.78,-3.91,13.7,10.2,49.4,0.36,ARMED,,18.0,5,
1791344376646,28.509602,77.382091,50.0,CNG,33.99,22.4,5,1471,38.0,5.95,,89.0,0.78,-3.91,13.8,10.2,49.7,0.36,ARMED,,18.0,5,
1791344378457,28.509499,77.382004,50.0,CNG,34.91,22.4,5,1485,36.5,5.62,,89.0,0.78,-3.91,13.8,10.2,50.1,0.38,ARMED,,18.0,5,
1791344379358,28.509398,77.381922,50.0,CNG,35.51,22.4,5,1498,36.5,5.61,,89.0,0.78,-3.91,13.7,10.2,50.6,0.33,ARMED,,18.0,5,
1791344380148,28.509292,77.381837,51.0,CNG,33.19,22.4,5,1506,36.5,6.88,,89.0,0.78,-3.91,13.7,10.2,50.8,0.33,ARMED,,18.0,5,
1791344381901,28.509090,77.381676,51.0,CNG,32.54,22.4,5,1524,44.7,6.59,,89.0,0.00,-3.13,13.6,10.2,51.3,0.38,ARMED,,19.2,5,
1791344382750,28.508986,77.381592,51.0,CNG,30.01,22.4,5,1517,44.7,7.75,,88.0,0.00,-3.13,13.6,10.2,51.2,0.04,ARMED,,19.2,5,
1791344383519,28.508986,77.381592,51.0,CNG,28.80,22.4,5,1522,44.7,7.67,,88.0,0.00,-3.13,13.5,10.2,51.3,0.05,ARMED,,19.2,5,
1791344385393,28.508781,77.381418,52.0,CNG,28.49,22.4,5,1536,44.3,7.58,,88.0,0.78,-3.13,13.6,10.2,51.6,0.22,ARMED,,19.2,5,
1791344386330,28.508678,77.381333,52.0,CNG,31.26,22.4,5,1550,44.3,5.82,,88.0,0.78,-3.13,13.6,10.2,52.2,0.26,ARMED,,19.2,5,
1791344387059,28.508574,77.381245,52.0,CNG,31.69,22.4,5,1547,44.3,6.57,,88.0,0.78,-3.13,13.6,10.2,52.2,0.20,ARMED,,19.2,5,
1791344388819,28.508363,77.381067,52.0,CNG,33.68,22.4,5,1563,36.1,5.72,,88.0,0.78,-3.13,13.6,10.2,52.6,0.24,ARMED,,18.4,5,
1791344389705,28.508257,77.380973,53.0,CNG,34.20,22.7,5,1563,36.1,6.19,,88.0,0.78,-3.13,13.6,10.7,52.7,0.18,ARMED,,18.4,5,
1791344390461,28.508257,77.380973,53.0,CNG,34.96,22.7,5,1576,36.1,5.99,,88.0,0.78,-3.13,13.8,10.7,53.0,0.22,CANDIDATE,53.0,18.4,5,
1791344392342,28.508040,77.380793,53.0,CNG,35.07,22.7,5,1584,38.0,6.15,,88.0,0.00,-3.13,13.8,10.7,53.3,0.25,LOCKED,53.3,18.8,5,
1791344393264,28.507930,77.380709,54.0,CNG,33.94,22.7,5,1603,38.0,6.81,,88.0,0.00,-3.13,13.7,10.7,54.0,0.30,LOCKED,53.3,18.8,5,
1791344394021,28.507823,77.380618,54.0,CNG,34.39,22.4,5,1605,38.0,6.29,,88.0,0.00,-3.13,13.7,10.2,54.1,0.27,LOCKED,53.3,18.8,5,
1791344395852,28.507606,77.380447,54.0,CNG,34.15,23.1,5,1611,38.4,6.53,,88.0,-0.78,-3.13,13.8,11.2,54.3,0.25,LOCKED,53.3,18.8,5,
1791344396704,28.507499,77.380355,55.0,CNG,33.68,23.1,5,1624,38.4,6.81,,88.0,-0.78,-3.13,13.8,11.2,54.7,0.25,LOCKED,53.3,18.8,5,
1791344397469,28.507499,77.380355,55.0,CNG,33.77,23.1,5,1626,38.4,6.63,,88.0,-0.78,-3.13,13.5,11.2,54.8,0.23,LOCKED,53.3,18.8,5,
1791344399154,28.507278,77.380170,55.0,CNG,32.54,14.9,5,1642,29.4,7.28,,88.0,0.00,-4.69,13.5,0.0,55.2,0.28,LOCKED,53.3,18.0,5,
1791344400056,28.507169,77.380071,55.0,CNG,33.41,14.9,5,1645,29.4,6.46,,88.0,0.00,-4.69,13.7,0.0,55.4,0.21,LOCKED,53.3,18.0,5,
1791344400812,28.507061,77.379975,55.0,CNG,36.64,21.2,5,1625,29.4,5.25,,88.0,0.00,-4.69,13.7,8.6,55.0,-0.10,LOCKED,53.3,18.0,5,
1791344402609,28.506835,77.379811,55.0,CNG,36.37,14.9,5,1620,31.4,6.25,,88.0,0.00,0.00,13.5,0.0,54.7,-0.17,LOCKED,53.3,14.9,5,
1791344403507,28.506835,77.379811,52.0,CNG,47.19,14.9,,1008,31.4,2.38,,88.0,0.00,0.00,13.5,0.0,52.0,0.00,PAUSED,53.3,14.9,,
1791344404314,28.506732,77.379726,49.0,CNG,53.39,14.9,,852,31.4,2.94,,88.0,0.00,0.00,13.6,0.0,49.0,0.00,PAUSED,53.3,14.9,,
1791344406031,28.506561,77.379579,44.0,CNG,59.50,14.9,,798,35.3,2.41,,88.0,-1.56,0.00,13.6,0.0,44.0,0.00,PAUSED,53.3,14.5,,
1791344406953,28.506498,77.379525,31.0,CNG,52.00,14.9,,793,35.3,3.16,,88.0,-1.56,0.00,13.4,0.0,31.0,0.00,PAUSED,53.3,14.5,,
1791344407707,28.506451,77.379486,22.0,CNG,49.61,14.9,4,765,35.3,2.05,,88.0,-1.56,0.00,13.4,0.0,22.0,0.00,PAUSED,53.3,14.5,4,
1791344409400,28.506416,77.379464,18.0,CNG,47.69,14.9,4,747,22.0,1.71,,88.0,10.16,0.00,13.7,0.0,19.6,-1.41,PAUSED,53.3,12.5,4,
1791344410153,28.506392,77.379440,14.0,CNG,48.41,14.9,3,724,22.0,1.13,,89.0,10.16,0.00,13.7,0.0,14.0,0.00,ARMED,,12.5,3,
1791344410926,28.506371,77.379426,12.0,CNG,59.56,14.9,,706,22.0,0.30,,89.0,10.16,0.00,13.6,0.0,12.0,0.00,ARMED,,12.5,,
1791344412570,28.506350,77.379410,11.0,CNG,41.19,14.9,,633,24.3,1.92,,89.0,-12.50,1.56,13.6,0.0,11.0,0.00,ARMED,,12.2,,
1791344413400,28.506328,77.379392,11.0,CNG,33.68,14.9,,696,24.3,1.84,,89.0,-12.50,1.56,13.6,0.0,11.0,0.00,ARMED,,12.2,,
1791344414160,28.506302,77.379373,11.0,CNG,15.97,22.4,,705,24.3,5.55,,89.0,-12.50,1.56,13.6,10.2,11.0,0.00,ARMED,,12.2,,
1791344415893,28.506257,77.379338,11.0,CNG,14.17,14.9,,1020,23.5,3.78,,89.0,0.00,0.78,13.4,0.0,11.0,0.00,ARMED,,12.9,,
1791344416625,28.506257,77.379338,11.0,CNG,16.00,14.9,2,828,23.5,2.22,,89.0,0.00,0.78,13.4,0.0,11.0,0.00,ARMED,,12.9,2,
1791344417417,28.506241,77.379316,10.0,CNG,16.49,22.4,2,708,23.5,2.35,,89.0,0.00,0.78,13.5,10.2,10.4,-0.36,ARMED,,12.9,2,
1791344419253,28.506256,77.379268,10.0,CNG,11.63,24.3,2,808,71.4,5.21,,89.0,-0.78,-3.13,13.7,12.8,10.0,-0.37,ARMED,,20.0,2,
1791344420032,28.506287,77.379258,15.0,CNG,8.51,23.9,2,1099,71.4,9.24,,89.0,-0.78,-3.13,13.5,12.3,14.4,1.90,ARMED,,20.0,2,
1791344420782,28.506328,77.379273,17.0,CNG,7.94,25.1,2,1275,71.4,9.40,,89.0,-0.78,-3.13,13.5,13.9,16.8,2.43,ARMED,,20.0,2,
1791344422390,28.506374,77.379315,19.0,CNG,7.71,27.8,2,1416,28.6,10.38,,89.0,0.78,0.00,13.6,17.7,19.0,2.67,ARMED,,17.3,2,
1791344423150,28.506416,77.379348,22.0,CNG,8.02,27.8,3,1121,28.6,10.73,,89.0,0.78,0.00,13.6,17.7,22.0,0.00,ARMED,,17.3,2,
1791344423941,28.506474,77.379398,23.0,CNG,8.30,32.9,3,1196,28.6,10.84,,89.0,0.78,0.00,13.6,24.6,22.6,0.36,ARMED,,17.3,2,
1791344425622,28.506529,77.379450,26.0,CNG,7.85,33.7,3,1321,69.0,14.41,,89.0,1.56,-1.56,13.6,25.7,24.9,1.50,ARMED,,13.3,2,
1791344426407,28.506587,77.379500,30.0,CNG,9.03,27.1,4,1081,69.0,11.28,,89.0,1.56,-1.56,13.6,16.6,30.0,0.00,ARMED,,13.3,3,
1791344427199,28.506645,77.379552,30.0,CNG,10.41,28.6,4,1178,69.0,9.47,,89.0,1.56,-1.56,13.6,18.7,30.0,0.00,ARMED,,13.3,3,
1791344428839,28.506778,77.379663,32.0,CNG,11.36,30.6,4,1244,76.5,10.16,,89.0,-0.78,-2.34,13.8,21.4,31.2,0.71,ARMED,,23.1,3,
1791344429573,28.506778,77.379663,36.0,CNG,12.13,30.6,4,1377,76.5,11.13,,90.0,-0.78,-2.34,13.8,21.4,35.5,2.20,ARMED,,23.1,3,
1791344430426,28.506850,77.379721,37.0,CNG,13.78,14.9,4,1446,76.5,9.04,,90.0,-0.78,-2.34,13.7,0.0,37.6,2.35,ARMED,,23.1,3,
1791344432124,28.507006,77.379841,38.0,CNG,20.41,14.9,4,1473,36.1,2.71,,90.0,0.00,-4.69,13.7,0.0,38.8,1.93,ARMED,,18.0,4,
1791344432940,28.507083,77.379900,38.0,CNG,22.01,22.4,4,1449,36.1,6.28,,90.0,0.00,-4.69,13.7,10.2,38.3,0.19,ARMED,,18.0,4,
1791344433694,28.507159,77.379965,38.0,CNG,23.44,22.4,4,1478,36.1,6.00,,90.0,0.00,-4.69,13.7,10.2,38.5,0.20,ARMED,,18.0,4,
1791344435308,28.507236,77.380025,38.0,CNG,24.01,22.4,4,1495,34.9,6.24,,90.0,-0.78,-3.91,13.7,10.2,38.8,0.25,ARMED,,16.5,4,
1791344436045,28.507318,77.380088,39.0,CNG,30.62,14.9,,1335,34.9,3.14,,90.0,-0.78,-3.91,13.7,0.0,39.0,0.00,ARMED,,16.5,,
1791344436886,28.507394,77.380147,37.0,CNG,40.69,14.9,,811,34.9,1.83,,90.0,-0.78,-3.91,13.5,0.0,37.0,0.00,ARMED,,16.5,,
1791344438479,28.507465,77.380191,32.0,CNG,50.62,14.9,,714,24.3,1.47,,89.0,0.00,1.56,13.5,0.0,32.0,0.00,ARMED,,17.3,,
1791344439302,28.507516,77.380222,20.0,CNG,48.92,14.9,4,747,24.3,1.82,,89.0,0.00,1.56,13.5,0.0,20.0,0.00,ARMED,,17.3,4,
1791344440110,28.507555,77.380242,16.0,CNG,42.44,14.9,3,761,24.3,2.10,,89.0,0.00,1.56,13.5,0.0,16.0,0.00,ARMED,,17.3,3,
1791344441718,28.507599,77.380277,13.0,CNG,31.99,14.9,,783,36.5,2.79,,89.0,-6.25,1.56,13.7,0.0,13.0,0.00,ARMED,,14.5,,
1791344442517,28.507599,77.380277,4.0,CNG,19.45,14.9,,792,36.5,3.26,,89.0,-6.25,1.56,13.7,0.0,4.0,0.00,ARMED,,14.5,,
1791344443268,28.507605,77.380288,1.0,CNG,11.06,14.9,,792,36.5,3.56,,89.0,-6.25,1.56,13.7,0.0,1.0,0.00,ARMED,,14.5,,
1791344444891,28.507606,77.380296,0.0,CNG,3.22,25.9,0,832,35.7,11.33,,89.0,0.00,0.00,13.7,15.0,0.0,0.00,ARMED,,15.7,1,
1791344445743,28.507608,77.380302,2.0,CNG,3.18,14.9,,987,35.7,2.70,,89.0,0.00,0.00,13.4,0.0,2.0,0.00,ARMED,,15.7,,
1791344446491,28.507608,77.380302,2.0,CNG,3.12,14.9,,953,35.7,2.75,,89.0,0.00,0.00,13.4,0.0,2.0,0.00,ARMED,,15.7,,
1791344448280,28.507607,77.380306,1.0,CNG,,14.9,,789,22.7,1.22,,89.0,5.47,0.78,13.5,0.0,1.0,0.00,ARMED,,12.5,,
1791344449071,28.507606,77.380306,0.0,CNG,,14.9,0,705,22.7,1.42,,89.0,5.47,0.78,13.5,0.0,0.0,0.00,ARMED,,12.5,1,
1791344449810,28.507604,77.380305,0.0,CNG,,14.9,0,679,22.7,2.13,,89.0,5.47,0.78,13.4,0.0,0.0,0.00,ARMED,,12.5,1,
1791344451589,28.507603,77.380304,0.0,CNG,,14.9,0,694,27.8,1.67,,89.0,-4.69,0.78,13.4,0.0,0.0,0.00,ARMED,,12.9,1,
1791344452367,28.507604,77.380304,0.0,CNG,,16.5,0,700,27.8,2.39,,89.0,-4.69,0.78,13.6,2.1,0.0,0.00,ARMED,,12.9,1,
1791344453118,28.507604,77.380305,0.0,CNG,,14.9,0,775,27.8,3.54,,89.0,-4.69,0.78,13.6,0.0,0.0,0.00,ARMED,,12.9,1,
1791344454715,28.507601,77.380307,1.0,CNG,,14.9,,803,24.3,0.00,,89.0,-8.59,0.78,13.6,0.0,1.0,0.00,ARMED,,12.9,,
1791344455459,28.507601,77.380307,0.0,CNG,,14.9,0,727,24.3,2.40,,89.0,-8.59,0.78,13.6,0.0,0.0,0.00,ARMED,,12.9,1,
1791344456270,28.507599,77.380312,0.0,CNG,,14.9,0,711,24.3,1.35,,89.0,-8.59,0.78,13.6,0.0,0.0,0.00,ARMED,,12.9,1,
1791344457847,28.507600,77.380313,0.0,CNG,,14.9,0,711,45.1,2.00,,89.0,-0.78,-0.78,13.6,0.0,0.0,0.00,ARMED,,20.4,1,
1791344458623,28.507600,77.380313,1.0,CNG,,14.9,,798,45.1,1.29,,89.0,-0.78,-0.78,13.8,0.0,1.0,0.00,ARMED,,20.4,,
1791344459420,28.507603,77.380313,1.0,CNG,,23.1,,827,45.1,7.12,,89.0,-0.78,-0.78,13.8,11.2,1.0,0.00,ARMED,,20.4,,
1791344461096,28.507608,77.380313,2.0,CNG,,14.9,,785,41.6,1.96,,89.0,-5.47,0.78,13.2,0.0,2.0,0.00,ARMED,,16.9,,
1791344461825,28.507611,77.380313,1.0,CNG,,14.9,,733,41.6,2.85,,89.0,-5.47,0.78,13.2,0.0,1.0,0.00,ARMED,,16.9,,
1791344462618,28.507611,77.380313,1.0,CNG,,14.9,,821,41.6,3.16,,89.0,-5.47,0.78,13.4,0.0,1.0,0.00,ARMED,,16.9,,
1791344464271,28.507609,77.380314,0.0,CNG,,14.9,0,829,40.4,2.48,,89.0,-3.91,0.78,13.4,0.0,0.0,0.00,ARMED,,14.9,1,
1791344465113,28.507607,77.380313,0.0,CNG,,14.9,0,752,40.4,4.92,,89.0,-3.91,0.78,13.0,0.0,0.0,0.00,ARMED,,14.9,1,
1791344465887,28.507607,77.380313,1.0,CNG,,14.9,,782,40.4,0.69,,89.0,-3.91,0.78,13.0,0.0,1.0,0.00,ARMED,,14.9,,
1791344467558,28.507607,77.380313,0.0,CNG,,14.9,0,836,59.2,1.56,,89.0,10.16,-3.91,13.3,0.0,0.0,0.00,ARMED,,11.4,1,
1791344468355,28.507607,77.380314,1.0,CNG,,14.9,,765,59.2,1.06,,89.0,10.16,-3.91,13.3,0.0,1.0,0.00,ARMED,,11.4,,
1791344469109,28.507606,77.380313,1.0,CNG,,14.9,,706,59.2,2.15,,89.0,10.16,-3.91,13.7,0.0,1.0,0.00,ARMED,,11.4,,
1791344470826,28.507605,77.380313,0.0,CNG,,14.9,0,630,0.0,4.10,,89.0,0.00,0.00,13.7,0.0,0.0,0.00,ARMED,,15.3,1,
1791344471610,28.507605,77.380313,0.0,CNG,,24.7,,0,0.0,0.03,,89.0,0.00,0.00,13.0,13.4,0.0,0.00,OFF,,15.3,,
1791344472365,28.507605,77.380313,0.0,CNG,,14.9,,0,0.0,0.07,,89.0,0.00,0.00,13.0,0.0,0.0,0.00,OFF,,15.3,,
1791344474054,28.507605,77.380313,0.0,CNG,,14.9,,0,39.6,1.31,,89.0,0.00,3.13,12.0,0.0,0.0,0.00,OFF,,20.4,,
1791344474857,28.507605,77.380313,0.0,CNG,,14.9,0,1706,39.6,11.90,,90.0,0.00,3.13,12.0,0.0,0.0,0.00,ARMED,,20.4,1,
1791344475700,28.507606,77.380322,3.0,CNG,,14.9,,1034,39.6,2.19,,90.0,0.00,3.13,12.0,0.0,3.0,0.00,ARMED,,20.4,,
1791344477407,28.507602,77.380325,1.0,PETROL,,14.9,,1075,27.8,2.32,,90.0,0.00,3.13,12.0,0.0,1.0,0.00,ARMED,,13.3,,
1791344478221,28.507600,77.380327,0.0,PETROL,,14.9,0,800,27.8,2.51,,90.0,0.00,3.13,11.7,0.0,0.0,0.00,ARMED,,13.3,1,
1791344478984,28.507599,77.380329,0.0,PETROL,,14.9,0,814,27.8,2.04,,89.0,0.00,3.13,11.7,0.0,0.0,0.00,ARMED,,13.3,1,
1791344480689,28.507598,77.380330,0.0,PETROL,,14.9,0,825,32.5,2.64,,89.0,0.00,3.13,12.2,0.0,0.0,0.00,ARMED,,14.5,1,
1791344481429,28.507598,77.380330,0.0,PETROL,,14.9,0,677,32.5,2.65,,89.0,0.00,3.13,12.2,0.0,0.0,0.00,ARMED,,14.5,1,
1791344482222,28.507598,77.380331,0.0,PETROL,,14.9,0,838,32.5,3.61,,89.0,0.00,3.13,13.1,0.0,0.0,0.00,ARMED,,14.5,1,
1791344484005,28.507598,77.380331,0.0,PETROL,,14.9,0,834,40.0,3.56,,89.0,-1.56,3.13,13.4,0.0,0.0,0.00,ARMED,,15.3,1,
1791344484774,28.507599,77.380332,0.0,PETROL,,14.9,0,831,40.0,2.53,,89.0,-1.56,3.13,12.8,0.0,0.0,0.00,ARMED,,15.3,1,
1791344485524,28.507599,77.380332,0.0,PETROL,,14.9,0,722,40.0,3.47,,89.0,-1.56,3.13,12.8,0.0,0.0,0.00,ARMED,,15.3,1,
1791344487199,28.507597,77.380338,2.0,PETROL,,23.5,,686,40.8,7.82,,89.0,-3.13,-2.34,13.1,11.8,2.0,0.00,ARMED,,14.1,,
1791344488014,28.507596,77.380347,4.0,PETROL,,14.9,,961,40.8,2.55,,89.0,-3.13,-2.34,13.1,0.0,4.0,0.00,ARMED,,14.1,,
1791344488811,28.507593,77.380348,0.0,PETROL,,22.7,0,885,40.8,2.07,,89.0,-3.13,-2.34,12.8,10.7,0.0,0.00,ARMED,,14.1,1,
1791344490425,28.507593,77.380347,2.0,CNG,,14.9,,647,38.4,1.35,,89.0,-12.50,-3.91,12.8,0.0,2.0,0.00,ARMED,,16.9,,
1791344491214,28.507593,77.380348,3.0,CNG,,14.9,,410,38.4,0.94,,89.0,-12.50,-3.91,13.3,0.0,3.0,0.00,ARMED,,16.9,,
1791344491955,28.507595,77.380348,4.0,CNG,6.68,14.9,,765,38.4,2.87,,89.0,-12.50,-3.91,13.3,0.0,4.0,0.00,ARMED,,16.9,,
1791344493609,28.507598,77.380349,4.0,CNG,5.81,14.9,,791,38.0,3.23,,89.0,1.56,0.78,12.9,0.0,4.0,0.00,ARMED,,14.9,,
1791344494377,28.507602,77.380345,2.0,CNG,,14.9,,809,38.0,3.33,,89.0,1.56,0.78,12.9,0.0,2.0,0.00,ARMED,,14.9,,
1791344495143,28.507607,77.380338,3.0,CNG,,14.9,,815,38.0,2.67,,89.0,1.56,0.78,13.5,0.0,3.0,0.00,ARMED,,14.9,,
1791344496705,28.507617,77.380329,2.0,CNG,,14.9,,826,41.2,2.62,,90.0,-0.78,0.00,13.5,0.0,2.0,0.00,ARMED,,15.3,,
1791344497520,28.507617,77.380329,1.0,CNG,,14.9,,840,41.2,2.97,,90.0,-0.78,0.00,13.4,0.0,1.0,0.00,ARMED,,15.3,,
1791344498279,28.507629,77.380309,1.0,CNG,,14.9,,839,41.2,3.71,,90.0,-0.78,0.00,13.4,0.0,1.0,0.00,ARMED,,15.3,,
1791344499971,28.507635,77.380304,0.0,CNG,,14.9,0,845,39.2,3.68,,90.0,3.13,0.00,13.7,0.0,0.0,0.00,ARMED,,15.3,1,
1791344500718,28.507634,77.380305,0.0,CNG,,14.9,0,832,39.2,3.23,,90.0,3.13,0.00,13.7,0.0,0.0,0.00,ARMED,,15.3,1,
1791344501549,28.507634,77.380305,0.0,CNG,,14.9,0,770,39.2,1.45,,90.0,3.13,0.00,13.4,0.0,0.0,0.00,ARMED,,15.3,1,
1791344503180,28.507633,77.380306,0.0,CNG,,14.9,0,758,22.7,1.52,,90.0,15.63,1.56,13.4,0.0,0.0,0.00,ARMED,,12.5,1,
1791344503955,28.507633,77.380306,0.0,CNG,,14.9,0,716,22.7,1.98,,90.0,15.63,1.56,13.3,0.0,0.0,0.00,ARMED,,12.5,1,
1791344504710,28.507635,77.380307,0.0,CNG,,14.9,0,659,22.7,0.93,,90.0,15.63,1.56,13.3,0.0,0.0,0.00,ARMED,,12.5,1,
1791344506426,28.507635,77.380307,0.0,CNG,,14.9,0,671,25.5,1.67,,90.0,-11.72,2.34,13.3,0.0,0.0,0.00,ARMED,,12.5,1,
1791344507188,28.507635,77.380308,0.0,CNG,,14.9,0,705,25.5,2.21,,90.0,-11.72,2.34,13.3,0.0,0.0,0.00,ARMED,,12.5,1,
1791344507979,28.507636,77.380308,0.0,CNG,,14.9,0,712,25.5,2.20,,90.0,-11.72,2.34,13.6,0.0,0.0,0.00,ARMED,,12.5,1,
1791344509609,28.507636,77.380308,0.0,CNG,,14.9,0,709,39.2,1.52,,90.0,-5.47,0.78,13.6,0.0,0.0,0.00,ARMED,,14.1,1,
1791344510381,28.507635,77.380308,0.0,CNG,,14.9,0,770,39.2,2.39,,90.0,-5.47,0.78,13.4,0.0,0.0,0.00,ARMED,,14.1,1,
1791344511162,28.507635,77.380308,0.0,CNG,,14.9,0,800,39.2,3.62,,90.0,-5.47,0.78,13.4,0.0,0.0,0.00,ARMED,,14.1,1,
1791344512865,28.507635,77.380308,0.0,CNG,,14.9,0,816,40.4,3.58,,90.0,-3.13,0.78,13.6,0.0,0.0,0.00,ARMED,,15.3,1,
1791344513686,28.507635,77.380308,0.0,CNG,,14.9,0,838,40.4,2.61,,90.0,-3.13,0.78,13.6,0.0,0.0,0.00,ARMED,,15.3,1,
1791344514468,28.507635,77.380308,0.0,CNG,,14.9,0,850,40.4,3.24,,90.0,-3.13,0.78,13.4,0.0,0.0,0.00,ARMED,,15.3,1,
1791344516359,28.507635,77.380309,,CNG,,,,,0.0,3.24,,89.0,0.00,0.00,13.0,,0.0,0.00,OFF,,17.3,,
1791344517157,28.507635,77.380309,0.0,CNG,,14.9,,0,0.0,0.00,,89.0,0.00,0.00,12.9,0.0,0.0,0.00,OFF,,17.3,,
1791344517972,28.507635,77.380308,0.0,CNG,,14.9,,0,0.0,0.02,,90.0,0.00,0.00,12.9,0.0,0.0,0.00,OFF,,17.3,,
1791344519675,28.507635,77.380308,0.0,CNG,,14.9,,0,0.0,0.00,,90.0,0.00,0.00,12.8,0.0,0.0,0.00,OFF,,17.3,,
1791344520432,28.507635,77.380308,0.0,CNG,,14.9,,0,0.0,0.00,,90.0,0.00,0.00,12.8,0.0,0.0,0.00,OFF,,17.3,,
1791344521223,28.507635,77.380307,0.0,CNG,,14.9,,0,0.0,0.00,,90.0,0.00,0.00,12.6,0.0,0.0,0.00,OFF,,17.3,,
1791344522814,28.507636,77.380306,0.0,CNG,,14.9,,0,0.0,0.00,,90.0,0.00,0.00,12.6,0.0,0.0,0.00,OFF,,17.3,,
