t_ms,lat,lon,speed_kmh,fuel,inst_eff,pedal,gear,rpm,load,maf,map,ect,stft,ltft,volt,pedal_norm,v_est,a_est,cruise_state,cruise_target,throttle
1791266238869,28.617551,77.418231,33.0,PETROL,27.02,20.8,4,1274,32.9,3.93,44.0,90.0,-1.56,-3.91,13.7,8.0,33.0,0.00,ARMED,,16.5
1791266239377,28.617551,77.418231,33.0,PETROL,27.02,20.8,4,1283,32.9,3.93,44.0,90.0,-1.56,-3.91,13.7,8.0,33.0,0.00,ARMED,,16.5
1791266239917,28.617477,77.418276,33.0,PETROL,23.63,22.4,4,1285,32.9,5.34,44.0,90.0,-1.56,-3.91,13.7,10.2,33.0,0.00,ARMED,,17.3
1791266240872,28.617403,77.418319,34.0,CNG,24.77,22.4,4,1303,44.7,5.61,56.0,90.0,-1.56,-3.91,13.6,10.2,33.5,0.30,ARMED,,18.0
1791266241394,28.617403,77.418319,34.0,CNG,23.58,22.4,4,1337,44.7,6.32,56.0,90.0,-1.56,-3.91,13.6,10.2,34.5,0.71,ARMED,,18.0
1791266242016,28.617329,77.418367,35.0,CNG,23.24,22.4,4,1350,44.7,6.28,56.0,90.0,-1.56,-3.91,13.7,10.2,35.0,0.75,ARMED,,18.4
1791266242918,28.617248,77.418419,35.0,CNG,23.49,22.4,4,1369,42.0,6.00,57.0,90.0,0.00,-3.91,13.7,10.2,35.5,0.77,ARMED,,18.4
1791266243447,28.617248,77.418419,36.0,CNG,14.60,34.9,4,1406,42.0,15.57,57.0,90.0,0.00,-3.91,13.7,27.3,36.4,0.83,ARMED,,26.7
1791266243964,28.617169,77.418464,37.0,CNG,13.43,33.3,4,1443,42.0,12.56,57.0,90.0,0.00,-3.91,13.7,25.1,37.2,1.01,ARMED,,31.8
1791266244933,28.617084,77.418519,39.0,CNG,12.09,32.5,4,1511,85.5,15.00,90.0,90.0,1.56,-3.13,13.6,24.1,38.5,1.46,ARMED,,28.6
1791266245476,28.617084,77.418519,41.0,CNG,11.60,32.2,4,1592,85.5,15.22,90.0,90.0,1.56,-3.13,13.6,23.5,40.9,2.00,ARMED,,26.7
1791266246022,28.616994,77.418572,42.0,CNG,11.59,32.2,4,1649,85.5,14.83,90.0,90.0,1.56,-3.13,13.7,23.5,42.3,2.24,ARMED,,26.3
1791266246998,28.616897,77.418631,44.0,CNG,11.82,31.4,4,1694,78.8,14.82,78.0,90.0,0.78,-3.13,13.7,22.5,43.7,2.36,ARMED,,26.3
1791266247648,28.616897,77.418631,46.0,CNG,14.93,18.0,4,1769,78.8,8.08,78.0,90.0,0.78,-3.13,13.4,4.3,46.0,2.20,ARMED,,19.6
1791266248200,28.616799,77.418695,46.0,CNG,20.49,14.9,4,1769,78.8,4.34,78.0,90.0,0.78,-3.13,13.4,0.0,46.5,1.77,ARMED,,16.9
1791266249198,28.616706,77.418758,45.0,CNG,26.78,14.9,4,1744,19.6,3.75,33.0,90.0,0.00,0.00,13.4,0.0,46.4,1.15,ARMED,,15.7
1791266249811,28.616706,77.418758,44.0,CNG,25.11,22.7,4,1736,19.6,7.84,33.0,90.0,0.00,0.00,13.4,10.7,45.6,0.04,ARMED,,19.6
1791266250459,28.616613,77.418822,44.0,CNG,23.93,22.0,4,1719,19.6,8.05,33.0,90.0,0.00,0.00,13.8,9.6,45.0,-0.33,ARMED,,19.6
1791266251390,28.616521,77.418879,44.0,CNG,27.48,20.4,4,1740,25.1,5.08,35.0,90.0,1.56,-4.69,13.8,7.5,44.9,-0.31,ARMED,,17.3
1791266251954,28.616429,77.418946,45.0,CNG,32.99,20.0,4,1732,25.1,3.93,35.0,90.0,1.56,-4.69,13.7,7.0,44.7,-0.28,CANDIDATE,44.7,16.1
1791266252470,28.616429,77.418946,44.0,CNG,36.22,20.0,4,1729,25.1,4.23,35.0,89.0,1.56,-4.69,13.7,7.0,44.6,-0.26,CANDIDATE,44.6,15.7
1791266253551,28.616334,77.419013,44.0,CNG,41.50,14.9,4,1714,21.6,3.38,33.0,89.0,0.00,0.00,13.5,0.0,44.4,-0.29,LOCKED,44.4,15.7
1791266254079,28.616246,77.419085,44.0,CNG,52.91,14.9,,932,21.6,1.99,33.0,89.0,0.00,0.00,13.5,0.0,44.0,0.00,PAUSED,44.4,12.9
1791266254625,28.616246,77.419085,44.0,CNG,72.03,14.9,,826,21.6,1.14,33.0,89.0,0.00,0.00,13.4,0.0,44.0,0.00,PAUSED,44.4,12.5
1791266255593,28.616153,77.419155,44.0,CNG,89.99,14.9,,717,22.4,1.25,33.0,89.0,0.00,0.00,13.4,0.0,44.0,0.00,PAUSED,44.4,12.2
1791266256197,28.616060,77.419227,43.0,CNG,87.23,14.9,,673,22.4,2.11,33.0,89.0,0.00,0.00,13.6,0.0,43.0,0.00,PAUSED,44.4,12.5
1791266256687,28.616060,77.419227,43.0,CNG,85.62,14.9,,678,22.4,2.11,33.0,89.0,0.00,0.00,13.6,0.0,43.0,0.00,PAUSED,44.4,12.5
1791266257648,28.615971,77.419293,43.0,CNG,86.33,14.9,,717,35.3,2.01,43.0,89.0,-3.91,0.00,13.2,0.0,43.0,0.00,PAUSED,44.4,13.7
1791266258147,28.615881,77.419355,42.0,CNG,86.14,14.9,,769,35.3,2.00,43.0,89.0,-3.91,0.00,13.2,0.0,42.0,0.00,PAUSED,44.4,14.1
1791266258737,28.615881,77.419355,42.0,CNG,70.15,14.9,,785,35.3,3.14,43.0,89.0,-3.91,0.00,13.4,0.0,42.0,0.00,PAUSED,44.4,14.5
1791266259880,28.615703,77.419472,42.0,CNG,72.96,14.9,,786,36.5,2.21,46.0,89.0,-4.69,0.00,13.6,0.0,42.0,0.00,ARMED,,14.5
1791266260503,28.615703,77.419472,42.0,CNG,65.65,14.9,,800,36.5,3.01,46.0,89.0,-4.69,0.00,13.7,0.0,42.0,0.00,ARMED,,14.5
1791266261000,28.615609,77.419526,41.0,CNG,63.05,14.9,,804,36.5,2.82,46.0,89.0,-4.69,0.00,13.7,0.0,41.0,0.00,ARMED,,14.5
1791266261974,28.615517,77.419572,41.0,CNG,59.23,14.9,,801,36.1,3.09,45.0,89.0,-3.13,0.00,13.6,0.0,41.0,0.00,ARMED,,14.5
1791266262537,28.615517,77.419572,40.0,CNG,62.42,14.9,,813,36.1,2.40,45.0,89.0,-3.13,0.00,13.6,0.0,40.0,0.00,ARMED,,14.5
1791266263076,28.615427,77.419615,37.0,CNG,57.36,14.9,,812,36.1,2.99,45.0,89.0,-3.13,0.00,13.5,0.0,37.0,0.00,ARMED,,14.5
1791266264146,28.615350,77.419650,35.0,CNG,52.38,14.9,,811,36.1,3.13,45.0,89.0,-2.34,0.00,13.5,0.0,35.0,0.00,ARMED,,14.5
1791266264666,28.615350,77.419650,33.0,CNG,48.52,14.9,,805,36.1,3.13,45.0,89.0,-2.34,0.00,13.6,0.0,33.0,0.00,ARMED,,14.5
1791266265226,28.615275,77.419684,32.0,CNG,46.80,14.9,,810,36.1,2.96,45.0,89.0,-2.34,0.00,13.6,0.0,32.0,0.00,ARMED,,14.5
1791266266182,28.615203,77.419719,32.0,CNG,46.39,14.9,,809,36.1,2.86,54.0,89.0,0.00,-3.91,13.7,0.0,32.0,0.00,ARMED,,14.5
1791266266687,28.615203,77.419719,31.0,CNG,31.51,21.2,3,1584,36.1,6.10,54.0,89.0,0.00,-3.91,13.7,8.6,31.0,0.00,ARMED,,18.4
1791266267277,28.615136,77.419754,31.0,CNG,27.15,21.2,3,1551,36.1,5.68,54.0,89.0,0.00,-3.91,13.8,8.6,31.0,0.00,ARMED,,17.6
1791266268231,28.615068,77.419794,31.0,CNG,26.54,21.6,3,1607,30.6,4.94,43.0,89.0,3.13,-3.91,13.8,9.1,31.0,0.00,ARMED,,17.3
1791266268852,28.614997,77.419837,32.0,CNG,25.53,22.4,3,1631,30.6,5.41,43.0,89.0,3.13,-3.91,13.8,10.2,31.7,0.39,ARMED,,17.6
1791266269390,28.614997,77.419837,32.0,CNG,21.21,23.5,3,1651,30.6,7.72,43.0,89.0,3.13,-3.91,13.8,11.8,32.2,0.53,ARMED,,19.2
1791266270333,28.614924,77.419875,33.0,CNG,20.60,22.4,3,1680,35.3,6.82,46.0,89.0,0.00,-3.91,13.6,10.2,32.7,0.68,ARMED,,18.8
1791266270994,28.614924,77.419875,34.0,CNG,21.13,22.0,3,1735,35.3,6.33,46.0,89.0,0.00,-3.91,13.6,9.6,33.9,0.93,ARMED,,18.0
1791266271558,28.614849,77.419915,34.0,CNG,22.32,22.0,3,1757,35.3,5.72,46.0,89.0,0.00,-3.91,13.7,9.6,34.4,0.94,ARMED,,18.0
1791266272472,28.614771,77.419959,35.0,CNG,24.13,21.6,3,1791,28.2,5.24,43.0,89.0,1.56,-3.91,13.7,9.1,35.0,0.97,ARMED,,17.6
1791266273000,28.614693,77.420000,35.0,CNG,24.02,20.8,3,1803,28.2,5.99,43.0,89.0,1.56,-3.91,13.4,8.0,35.5,0.74,ARMED,,18.0
1791266273495,28.614693,77.420000,35.0,CNG,23.48,20.8,3,1797,28.2,6.30,43.0,88.0,1.56,-3.91,13.4,8.0,35.5,0.54,ARMED,,18.0
1791266274496,28.614615,77.420045,35.0,CNG,22.98,20.8,3,1817,31.0,6.42,44.0,88.0,0.78,-3.91,13.7,8.0,35.7,0.50,ARMED,,18.0
1791266275015,28.614539,77.420090,35.0,CNG,22.61,20.8,3,1812,31.0,6.48,44.0,88.0,0.78,-3.91,13.7,8.0,35.7,0.20,ARMED,,18.0
1791266275573,28.614539,77.420090,35.0,CNG,22.49,20.8,3,1813,31.0,6.41,44.0,88.0,0.78,-3.91,13.5,8.0,35.6,0.15,ARMED,,18.0
1791266276543,28.614457,77.420139,35.0,CNG,23.19,19.2,3,1826,29.4,5.88,34.0,88.0,0.00,-3.91,13.5,5.9,35.7,0.15,ARMED,,18.4
1791266277121,28.614381,77.420188,35.0,CNG,26.61,14.9,3,1804,29.4,4.19,34.0,88.0,0.00,-3.91,13.4,0.0,35.4,-0.08,CANDIDATE,35.4,16.1
1791266277664,28.614381,77.420188,34.0,CNG,28.74,14.9,3,1736,29.4,4.24,34.0,88.0,0.00,-3.91,13.4,0.0,34.6,-0.54,ARMED,,16.1
1791266278634,28.614309,77.420240,33.0,CNG,30.11,14.9,3,1708,20.0,4.14,31.0,87.0,0.00,0.00,13.7,0.0,33.8,-0.83,ARMED,,15.7
1791266279269,28.614240,77.420284,31.0,CNG,30.83,14.9,3,1607,20.0,3.95,31.0,87.0,0.00,0.00,13.7,0.0,31.9,-1.49,ARMED,,15.7
1791266279832,28.614240,77.420284,30.0,CNG,27.99,21.2,3,1548,20.0,5.04,31.0,87.0,0.00,0.00,13.6,8.6,30.5,-1.73,ARMED,,17.6
1791266280973,28.614113,77.420368,30.0,CNG,23.97,20.4,3,1541,34.9,6.28,39.0,87.0,2.34,-3.91,13.7,7.5,29.8,-1.56,ARMED,,18.4
1791266281605,28.614113,77.420368,30.0,CNG,26.79,18.8,3,1547,34.9,3.74,39.0,87.0,2.34,-3.91,13.7,5.4,29.6,-0.71,ARMED,,15.3
1791266282122,28.614049,77.420402,30.0,CNG,29.29,18.4,3,1540,34.9,3.59,39.0,87.0,2.34,-3.91,13.7,4.8,29.6,-0.44,ARMED,,15.3
1791266283088,28.613982,77.420433,30.0,CNG,33.18,18.0,3,1535,19.6,2.95,31.0,87.0,1.56,-4.69,13.7,4.3,29.6,-0.29,ARMED,,15.3
1791266283602,28.613982,77.420433,29.0,CNG,35.18,20.4,3,1515,19.6,3.05,31.0,87.0,1.56,-4.69,13.7,7.5,29.5,-0.26,ARMED,,15.3
1791266284168,28.613914,77.420479,29.0,CNG,28.98,21.6,3,1508,19.6,5.20,31.0,87.0,1.56,-4.69,13.7,9.1,29.3,-0.26,ARMED,,17.6
1791266285076,28.613850,77.420522,30.0,CNG,25.64,21.6,3,1531,31.4,5.59,46.0,87.0,-0.78,-3.91,13.7,9.1,29.5,-0.07,ARMED,,17.3
1791266285685,28.613850,77.420522,30.0,CNG,22.79,22.0,3,1550,31.4,6.27,46.0,87.0,-0.78,-3.91,13.6,9.6,29.9,0.22,ARMED,,18.0
1791266286203,28.613782,77.420563,31.0,CNG,22.24,22.0,3,1566,31.4,5.89,46.0,87.0,-0.78,-3.91,13.6,9.6,30.3,0.35,ARMED,,18.0
1791266287154,28.613715,77.420607,31.0,CNG,22.21,22.0,3,1595,32.9,5.72,45.0,87.0,0.00,-4.69,13.7,9.6,30.7,0.52,ARMED,,18.0
1791266287745,28.613715,77.420607,32.0,CNG,19.74,22.0,3,1629,32.9,7.68,45.0,87.0,0.00,-4.69,13.7,9.6,31.6,0.70,ARMED,,19.2
1791266288399,28.613645,77.420649,32.0,CNG,19.15,22.0,3,1656,32.9,7.13,45.0,87.0,0.00,-4.69,13.5,9.6,32.1,0.74,ARMED,,18.8
1791266289303,28.613576,77.420694,33.0,CNG,19.26,22.0,3,1664,39.6,6.94,52.0,88.0,0.00,-3.91,13.5,9.6,32.5,0.73,ARMED,,19.2
1791266289866,28.613504,77.420742,33.0,CNG,18.43,21.6,3,1696,39.6,7.78,52.0,88.0,0.00,-3.91,13.6,9.1,33.1,0.70,ARMED,,19.2
1791266290398,28.613504,77.420742,33.0,CNG,19.17,21.2,3,1710,39.6,6.62,52.0,88.0,0.00,-3.91,13.6,8.6,33.4,0.68,ARMED,,18.8
1791266291358,28.613431,77.420789,34.0,CNG,20.35,14.9,3,1731,27.1,6.22,38.0,88.0,0.00,-4.69,13.7,0.0,33.7,0.67,ARMED,,18.0
1791266291923,28.613359,77.420838,33.0,CNG,22.68,19.2,3,1720,27.1,4.92,38.0,88.0,0.00,-4.69,13.7,5.9,33.8,0.31,ARMED,,17.3
1791266292469,28.613359,77.420838,33.0,CNG,24.39,19.6,3,1714,27.1,4.90,38.0,88.0,0.00,-4.69,13.7,6.4,33.6,0.15,ARMED,,17.3
1791266293495,28.613287,77.420886,33.0,CNG,24.39,20.0,3,1724,27.8,5.53,41.0,89.0,0.00,-4.69,13.7,7.0,33.6,0.12,ARMED,,17.3
1791266294109,28.613214,77.420936,33.0,CNG,23.89,20.0,3,1715,27.8,5.82,41.0,89.0,0.00,-4.69,13.6,7.0,33.4,-0.05,CANDIDATE,33.4,17.6
1791266294583,28.613214,77.420936,33.0,CNG,27.60,20.0,3,1723,27.8,3.75,41.0,89.0,0.00,-4.69,13.6,7.0,33.4,-0.05,CANDIDATE,33.4,15.7
1791266295798,28.613143,77.420985,33.0,CNG,29.04,20.0,3,1718,20.8,4.28,35.0,89.0,0.00,-4.69,13.5,7.0,33.4,-0.06,LOCKED,33.4,15.7
1791266296335,28.613074,77.421033,33.0,CNG,28.20,21.6,3,1713,20.8,4.99,35.0,89.0,0.00,-4.69,13.5,9.1,33.3,-0.07,LOCKED,33.4,17.3
1791266296867,28.613001,77.421079,34.0,CNG,28.22,21.6,3,1721,20.8,4.92,35.0,89.0,0.00,-4.69,13.6,9.1,33.3,-0.04,LOCKED,33.4,17.3
1791266297780,28.613001,77.421079,34.0,CNG,28.28,21.6,3,1733,27.8,4.90,39.0,90.0,2.34,-4.69,13.6,9.1,33.5,0.01,LOCKED,33.4,17.3
1791266298314,28.612930,77.421130,34.0,CNG,26.96,21.2,3,1765,27.8,5.51,39.0,90.0,2.34,-4.69,13.7,8.6,34.0,0.32,LOCKED,33.4,17.3
1791266298824,28.612930,77.421130,34.0,CNG,26.06,21.2,3,1769,27.8,5.60,39.0,90.0,2.34,-4.69,13.7,8.6,34.3,0.34,LOCKED,33.4,17.3
1791266299770,28.612856,77.421181,35.0,CNG,27.08,21.2,3,1778,26.7,4.98,40.0,90.0,0.78,-4.69,13.5,8.6,34.5,0.35,LOCKED,33.4,17.3
1791266300313,28.612782,77.421232,35.0,CNG,26.84,21.2,3,1801,26.7,5.40,40.0,90.0,0.78,-4.69,13.5,8.6,34.9,0.38,LOCKED,33.4,17.3
1791266300852,28.612706,77.421283,35.0,CNG,24.99,21.2,3,1808,26.7,6.31,40.0,90.0,0.78,-4.69,13.8,8.6,35.1,0.38,LOCKED,33.4,18.4
1791266302034,28.612633,77.421339,36.0,CNG,25.18,20.8,3,1818,29.8,5.78,43.0,90.0,0.78,-4.69,13.6,8.0,35.3,0.38,LOCKED,33.4,18.0
1791266302604,28.612633,77.421339,36.0,CNG,25.42,21.6,3,1838,29.8,5.71,43.0,90.0,0.78,-4.69,13.6,9.1,35.8,0.37,LOCKED,33.4,18.0
1791266303149,28.612559,77.421391,36.0,CNG,22.39,22.4,3,1838,29.8,7.73,43.0,90.0,0.78,-4.69,13.6,10.2,35.9,0.34,LOCKED,33.4,19.6
1791266304122,28.612484,77.421445,36.0,CNG,20.30,22.4,3,1840,39.6,8.26,51.0,90.0,0.78,-3.91,13.3,10.2,35.9,0.30,LOCKED,33.4,19.6
1791266304643,28.612484,77.421445,37.0,CNG,20.11,22.4,3,1884,39.6,7.62,51.0,90.0,0.78,-3.91,13.3,10.2,36.5,0.48,LOCKED,33.4,19.6
1791266305272,28.612406,77.421502,37.0,CNG,19.45,22.4,3,1881,39.6,8.15,51.0,90.0,0.78,-3.91,13.4,10.2,36.7,0.46,LOCKED,33.4,19.6
1791266306169,28.612328,77.421560,37.0,CNG,19.44,22.4,3,1903,38.0,7.78,51.0,90.0,0.78,-3.91,13.4,10.2,37.0,0.47,LOCKED,33.4,19.6
1791266306766,28.612328,77.421560,38.0,CNG,19.75,22.4,3,1933,38.0,7.68,51.0,90.0,0.78,-3.91,13.3,10.2,37.6,0.51,LOCKED,33.4,19.6
1791266307396,28.612248,77.421618,38.0,CNG,19.58,21.6,3,1947,38.0,8.03,51.0,90.0,0.78,-3.91,13.3,9.1,38.0,0.51,LOCKED,33.4,19.6
1791266308537,28.612168,77.421678,39.0,CNG,24.61,14.9,3,1935,20.8,4.08,40.0,90.0,0.00,-5.47,13.7,0.0,38.0,0.36,LOCKED,33.4,16.1
1791266309049,28.612086,77.421733,38.0,CNG,27.13,21.2,4,1480,20.8,4.84,40.0,90.0,0.00,-5.47,13.7,8.6,38.0,0.00,PAUSED,33.4,17.3
1791266309707,28.612086,77.421733,38.0,CNG,28.90,21.6,4,1483,20.8,4.85,40.0,90.0,0.00,-5.47,13.8,9.1,38.0,0.00,PAUSED,33.4,17.3
1791266310621,28.612007,77.421791,38.0,CNG,28.82,21.6,4,1495,31.4,5.41,43.0,90.0,0.78,-4.69,13.8,9.1,38.0,0.00,PAUSED,33.4,17.3
1791266311202,28.611926,77.421854,39.0,CNG,28.77,21.6,4,1519,31.4,5.55,43.0,90.0,0.78,-4.69,13.7,9.1,38.7,0.38,PAUSED,33.4,17.3
1791266311773,28.611926,77.421854,39.0,CNG,30.19,21.6,4,1519,31.4,4.90,43.0,90.0,0.78,-4.69,13.7,9.1,38.9,0.40,PAUSED,33.4,17.3
1791266312685,28.611845,77.421914,39.0,CNG,30.94,21.6,4,1531,31.4,4.96,43.0,90.0,0.78,-4.69,13.5,9.1,39.2,0.42,PAUSED,33.4,17.3
1791266313356,28.611763,77.421976,40.0,CNG,30.67,21.6,4,1541,31.4,5.40,43.0,90.0,0.78,-4.69,13.5,9.1,39.6,0.40,PAUSED,33.4,17.3
1791266313930,28.611680,77.422040,40.0,CNG,30.35,21.6,4,1556,31.4,5.47,43.0,90.0,0.78,-4.69,13.7,9.1,39.9,0.42,PAUSED,33.4,17.3
1791266314809,28.611680,77.422040,40.0,CNG,28.67,21.6,4,1561,36.9,6.17,48.0,90.0,-1.56,-4.69,13.7,9.1,40.1,0.42,ARMED,,18.4
1791266315393,28.611593,77.422103,40.0,CNG,27.03,21.6,4,1581,36.9,6.56,48.0,90.0,-1.56,-4.69,13.6,9.1,40.5,0.43,ARMED,,18.4
1791266316012,28.611510,77.422169,41.0,CNG,27.32,21.6,4,1577,36.9,6.04,48.0,90.0,-1.56,-4.69,13.6,9.1,40.6,0.38,ARMED,,18.4
1791266316888,28.611430,77.422236,41.0,CNG,27.07,21.6,4,1579,38.4,6.27,50.0,90.0,0.00,-3.91,13.7,9.1,40.7,0.34,ARMED,,18.4
1791266317498,28.611430,77.422236,41.0,CNG,26.99,21.6,4,1594,38.4,6.24,50.0,90.0,0.00,-3.91,13.7,9.1,41.0,0.32,ARMED,,18.8
1791266318050,28.611350,77.422305,41.0,CNG,26.68,21.6,4,1600,38.4,6.39,50.0,90.0,0.00,-3.91,13.7,9.1,41.1,0.32,ARMED,,18.8
1791266319079,28.611270,77.422370,41.0,CNG,26.29,21.6,4,1608,38.4,6.51,50.0,89.0,0.00,-3.91,13.7,9.1,41.3,0.31,CANDIDATE,41.3,18.8
1791266319743,28.611270,77.422370,41.0,CNG,25.60,21.6,4,1613,38.4,6.80,50.0,89.0,0.00,-3.91,13.6,9.1,41.5,0.27,LOCKED,41.5,18.8
1791266320239,28.611185,77.422439,42.0,CNG,25.42,21.6,4,1629,38.4,6.82,50.0,89.0,0.00,-3.91,13.6,9.1,41.7,0.30,LOCKED,41.5,18.8
1791266321298,28.611101,77.422509,42.0,CNG,25.72,21.6,4,1635,37.6,6.56,50.0,89.0,0.00,-3.91,13.7,9.1,41.9,0.31,LOCKED,41.5,18.8
1791266321836,28.611101,77.422509,42.0,CNG,27.49,21.6,4,1648,37.6,5.61,50.0,89.0,0.00,-3.91,13.7,9.1,42.3,0.32,LOCKED,41.5,17.6
1791266322391,28.611017,77.422580,43.0,CNG,29.50,21.6,4,1660,37.6,5.32,50.0,89.0,0.00,-3.91,13.7,9.1,42.5,0.34,LOCKED,41.5,17.6
1791266323502,28.610935,77.422656,43.0,CNG,30.34,21.6,4,1663,28.6,5.55,40.0,89.0,0.00,-4.69,13.7,9.1,42.7,0.33,LOCKED,41.5,17.3
1791266324074,28.610850,77.422732,43.0,CNG,31.26,21.6,4,1677,28.6,5.37,40.0,89.0,0.00,-4.69,13.6,9.1,43.1,0.33,LOCKED,41.5,17.3
1791266324552,28.610850,77.422732,43.0,CNG,31.16,21.6,4,1686,28.6,5.67,40.0,89.0,0.00,-4.69,13.6,9.1,43.3,0.34,LOCKED,41.5,17.3
1791266325559,28.610763,77.422807,43.0,CNG,32.98,14.9,4,1687,21.6,4.86,30.0,89.0,-1.56,-4.69,13.6,0.0,43.4,0.31,LOCKED,41.5,16.5
1791266326051,28.610677,77.422885,43.0,CNG,38.14,14.9,4,1678,21.6,3.53,30.0,89.0,-1.56,-4.69,13.6,0.0,43.2,0.08,LOCKED,41.5,15.7
1791266326588,28.610677,77.422885,43.0,CNG,40.15,14.9,4,1651,21.6,4.03,30.0,89.0,-1.56,-4.69,13.7,0.0,42.9,-0.18,LOCKED,41.5,15.7
1791266327513,28.610596,77.422957,42.0,CNG,44.90,14.9,4,1628,19.6,3.13,31.0,89.0,0.00,0.00,13.7,0.0,42.3,-0.47,LOCKED,41.5,15.7
1791266328065,28.610519,77.423024,37.0,CNG,44.55,14.9,4,1440,19.6,3.44,31.0,89.0,0.00,0.00,13.6,0.0,38.5,-2.34,LOCKED,41.5,14.9
1791266328638,28.610519,77.423024,34.0,CNG,45.65,14.9,4,1292,19.6,2.91,31.0,89.0,0.00,0.00,13.6,0.0,35.1,-3.59,LOCKED,41.5,14.5
1791266329582,28.610454,77.423078,29.0,CNG,39.77,14.9,4,1051,32.9,3.73,38.0,89.0,0.00,0.00,13.0,0.0,30.2,-5.38,LOCKED,41.5,16.5
1791266330105,28.610400,77.423125,27.0,CNG,31.38,22.0,5,836,32.9,4.93,38.0,89.0,0.00,0.00,13.0,9.6,27.0,0.00,PAUSED,41.5,17.6
1791266330691,28.610400,77.423125,26.0,CNG,21.95,22.4,3,1390,32.9,7.47,38.0,89.0,0.00,0.00,13.6,10.2,26.0,0.00,PAUSED,41.5,19.2
1791266331589,28.610349,77.423169,27.0,CNG,19.66,20.8,3,1386,41.2,6.57,50.0,88.0,-2.34,-4.69,13.6,8.0,26.5,0.30,PAUSED,41.5,18.4
1791266332155,28.610294,77.423216,27.0,CNG,19.53,20.8,3,1397,41.2,5.70,50.0,88.0,-2.34,-4.69,13.5,8.0,26.9,0.34,PAUSED,41.5,18.0
1791266332679,28.610294,77.423216,28.0,CNG,19.21,20.8,3,1425,41.2,6.10,50.0,88.0,-2.34,-4.69,13.5,8.0,27.6,0.61,PAUSED,41.5,18.0
1791266333644,28.610236,77.423260,28.0,CNG,16.26,23.1,3,1436,51.4,8.66,62.0,88.0,2.34,-3.91,13.6,11.2,28.1,0.66,PAUSED,41.5,20.0
1791266334172,28.610176,77.423301,29.0,CNG,14.96,23.1,3,1484,51.4,8.83,62.0,88.0,2.34,-3.91,13.6,11.2,29.0,0.83,PAUSED,41.5,20.0
1791266334748,28.610176,77.423301,29.0,CNG,14.91,23.5,3,1507,51.4,7.99,62.0,88.0,2.34,-3.91,13.6,11.8,29.5,0.85,PAUSED,41.5,20.0
1791266335750,28.610112,77.423342,30.0,CNG,13.91,23.5,3,1562,52.2,9.66,57.0,88.0,1.56,-3.91,13.6,11.8,30.3,1.04,ARMED,,20.4
1791266336324,28.610044,77.423383,32.0,CNG,12.62,26.3,3,1626,52.2,11.69,57.0,88.0,1.56,-3.91,13.6,15.5,31.7,1.26,ARMED,,22.0
1791266336837,28.610044,77.423383,33.0,CNG,12.98,25.9,3,1686,52.2,9.98,57.0,88.0,1.56,-3.91,13.6,15.0,32.8,1.44,ARMED,,20.8
1791266337766,28.609972,77.423423,33.0,CNG,13.84,25.5,3,1721,47.8,8.82,52.0,88.0,-1.56,-3.91,13.6,14.4,33.6,1.47,ARMED,,20.4
1791266338291,28.609894,77.423461,35.0,CNG,15.20,24.3,3,1808,47.8,8.15,52.0,89.0,-1.56,-3.91,13.6,12.8,35.2,1.63,ARMED,,19.6
1791266338860,28.609815,77.423504,36.0,CNG,16.06,24.7,3,1835,47.8,8.44,52.0,89.0,-1.56,-3.91,13.6,13.4,36.0,1.60,ARMED,,19.6
1791266339811,28.609815,77.423504,36.0,CNG,15.99,25.1,3,1859,41.6,9.26,51.0,89.0,0.00,-3.91,13.6,13.9,36.7,1.40,ARMED,,20.4
1791266340380,28.609732,77.423552,37.0,CNG,16.63,23.5,3,1929,41.6,8.58,51.0,89.0,0.00,-3.91,13.6,11.8,37.8,1.35,ARMED,,20.0
1791266340924,28.609647,77.423600,38.0,CNG,22.09,14.9,3,1822,41.6,3.76,51.0,89.0,0.00,-3.91,13.6,0.0,37.1,0.46,ARMED,,15.7
1791266341901,28.609566,77.423650,38.0,CNG,29.73,22.4,,1301,41.6,2.61,52.0,89.0,0.00,-3.91,13.7,10.2,38.0,0.00,ARMED,,14.5
1791266342435,28.609566,77.423650,37.0,CNG,21.53,24.7,4,1458,41.6,9.95,52.0,89.0,0.00,-3.91,13.7,13.4,37.0,0.00,ARMED,,20.8
1791266342992,28.609485,77.423706,38.0,CNG,18.56,24.7,4,1479,41.6,10.06,52.0,89.0,0.00,-3.91,13.7,13.4,37.5,0.28,ARMED,,21.2
1791266343983,28.609403,77.423760,39.0,CNG,18.42,24.3,4,1494,55.7,8.74,63.0,89.0,0.78,-3.91,13.6,12.8,38.3,0.69,ARMED,,20.4
1791266344579,28.609403,77.423760,40.0,CNG,18.56,24.3,4,1539,55.7,8.72,63.0,89.0,0.78,-3.91,13.7,12.8,39.7,1.08,ARMED,,20.4
1791266345137,28.609317,77.423815,40.0,CNG,18.21,24.3,4,1556,55.7,9.23,63.0,89.0,0.78,-3.91,13.7,12.8,40.4,1.10,ARMED,,20.4
1791266346091,28.609231,77.423876,41.0,CNG,17.96,23.9,4,1586,52.5,9.51,40.0,89.0,0.78,-3.91,13.5,12.3,41.1,1.12,ARMED,,20.4
1791266346607,28.609231,77.423876,41.0,CNG,18.51,22.4,4,1610,52.5,8.65,40.0,89.0,0.78,-3.91,13.5,10.2,41.9,1.05,ARMED,,19.6
1791266347161,28.609143,77.423934,42.0,CNG,19.31,23.1,4,1615,52.5,8.34,40.0,89.0,0.78,-3.91,13.7,11.2,42.2,0.88,ARMED,,20.0
1791266348198,28.609053,77.423992,42.0,CNG,18.69,23.5,4,1626,50.2,9.62,59.0,89.0,3.13,-3.91,13.7,11.8,42.4,0.72,ARMED,,20.4
1791266348801,28.609053,77.423992,43.0,CNG,19.19,23.5,4,1652,50.2,8.80,59.0,89.0,3.13,-3.91,13.5,11.8,42.9,0.65,ARMED,,20.4
1791266349406,28.608963,77.424055,43.0,CNG,18.18,24.7,4,1671,50.2,10.41,59.0,89.0,3.13,-3.91,13.5,13.4,43.3,0.65,ARMED,,21.2
1791266350616,28.608873,77.424117,43.0,CNG,19.21,24.7,4,1678,43.5,8.39,52.0,89.0,-1.56,-3.91,13.7,13.4,43.6,0.61,ARMED,,19.6
1791266351210,28.608778,77.424182,44.0,CNG,20.09,24.3,4,1701,43.5,8.35,52.0,90.0,-1.56,-3.91,13.7,12.8,44.1,0.56,ARMED,,19.6
1791266351812,28.608778,77.424182,44.0,CNG,20.81,23.9,4,1718,43.5,8.18,52.0,90.0,-1.56,-3.91,13.5,12.3,44.5,0.57,ARMED,,19.6
1791266352907,28.608594,77.424321,45.0,CNG,26.82,20.4,4,1730,21.6,3.99,40.0,90.0,1.56,-4.69,13.5,7.5,44.8,0.56,ARMED,,16.1
1791266353544,28.608594,77.424321,46.0,CNG,32.53,18.8,4,1776,21.6,4.01,40.0,90.0,1.56,-4.69,13.7,5.4,45.9,0.78,ARMED,,15.7
1791266354199,28.608503,77.424392,46.0,CNG,36.27,14.9,4,1789,21.6,4.31,40.0,90.0,1.56,-4.69,13.7,0.0,46.3,0.78,ARMED,,15.7
1791266355415,28.608413,77.424471,45.0,CNG,36.39,20.4,4,1762,20.8,5.03,31.0,90.0,0.00,-4.69,13.8,7.5,46.1,0.33,ARMED,,16.9
1791266356029,28.608323,77.424547,45.0,CNG,40.07,18.8,4,1736,20.8,3.89,31.0,90.0,0.00,-4.69,13.8,5.4,45.3,-0.31,ARMED,,15.7
1791266356724,28.608323,77.424547,45.0,CNG,44.74,14.9,4,1711,20.8,3.39,31.0,90.0,0.00,-4.69,13.7,0.0,44.7,-0.56,ARMED,,15.7
1791266357671,28.608235,77.424624,44.0,CNG,44.18,14.9,4,1695,19.6,4.15,32.0,89.0,0.00,0.00,13.7,0.0,44.1,-0.63,ARMED,,15.7
1791266358218,28.608151,77.424701,43.0,CNG,47.23,14.9,4,1653,19.6,3.32,32.0,89.0,0.00,0.00,13.7,0.0,43.1,-0.89,ARMED,,15.7
1791266358767,28.608151,77.424701,42.0,CNG,38.21,22.7,4,1625,19.6,5.84,32.0,89.0,0.00,0.00,13.7,10.7,42.3,-1.03,ARMED,,18.4
1791266359727,28.608071,77.424774,42.0,CNG,35.48,14.9,4,1615,29.0,5.37,33.0,89.0,1.56,-4.69,13.7,0.0,41.8,-1.02,ARMED,,17.6
1791266360303,28.607993,77.424850,40.0,CNG,38.60,14.9,4,1551,29.0,3.64,33.0,89.0,1.56,-4.69,13.7,0.0,40.4,-1.25,ARMED,,15.3
1791266360886,28.607922,77.424916,37.0,CNG,43.56,14.9,4,1436,29.0,2.72,33.0,89.0,1.56,-4.69,13.5,0.0,38.5,-1.97,ARMED,,14.9
1791266361807,28.607922,77.424916,35.0,CNG,47.77,14.9,4,1350,20.8,2.50,41.0,89.0,0.00,-4.69,13.5,0.0,36.2,-2.70,ARMED,,14.9
1791266362408,28.607853,77.424976,34.0,CNG,51.41,14.9,4,1312,20.8,2.36,41.0,89.0,0.00,-4.69,13.7,0.0,33.9,-2.54,ARMED,,14.5
1791266362921,28.607788,77.425035,33.0,CNG,41.23,23.9,4,1286,20.8,4.34,41.0,89.0,0.00,-4.69,13.7,12.3,32.9,-2.29,ARMED,,16.5
1791266363906,28.607728,77.425101,33.0,CNG,23.59,24.7,4,1293,67.1,9.61,80.0,89.0,3.13,-3.91,13.5,13.4,32.6,-1.75,ARMED,,21.6
1791266364407,28.607728,77.425101,34.0,CNG,23.12,23.5,4,1322,67.1,6.19,80.0,89.0,3.13,-3.91,13.5,11.8,33.2,-0.44,ARMED,,18.4
1791266364948,28.607668,77.425171,34.0,CNG,22.15,23.5,4,1334,67.1,6.67,80.0,89.0,3.13,-3.91,13.6,11.8,33.7,0.00,ARMED,,18.8
1791266366066,28.607607,77.425243,35.0,CNG,19.77,24.7,4,1373,54.5,8.37,63.0,88.0,0.78,-3.91,13.5,13.4,34.6,0.54,ARMED,,20.0
1791266366618,28.607607,77.425243,36.0,CNG,27.81,23.1,4,1412,54.5,2.20,63.0,88.0,0.78,-3.91,13.4,11.2,36.1,1.05,ARMED,,13.7
1791266367105,28.607538,77.425311,37.0,CNG,27.23,22.4,4,1422,54.5,5.72,63.0,89.0,0.78,-3.91,13.4,10.2,36.7,1.05,ARMED,,18.0
1791266368033,28.607470,77.425376,37.0,CNG,29.56,19.6,4,1415,27.5,4.48,35.0,89.0,-1.56,-4.69,13.7,6.4,37.0,0.85,ARMED,,16.5
1791266368571,28.607470,77.425376,37.0,CNG,34.20,18.4,4,1425,27.5,3.40,35.0,89.0,-1.56,-4.69,13.7,4.8,37.1,0.50,ARMED,,14.9
1791266369159,28.607396,77.425439,37.0,CNG,37.94,18.4,4,1410,27.5,3.34,35.0,89.0,-1.56,-4.69,13.6,4.8,36.9,0.22,ARMED,,14.9
1791266370175,28.607324,77.425498,37.0,CNG,42.50,18.4,4,1405,20.4,2.92,33.0,89.0,2.34,-4.69,13.6,4.8,36.7,-0.01,ARMED,,14.9
1791266370718,28.607324,77.425498,36.0,CNG,46.48,17.3,4,1386,20.4,2.71,33.0,89.0,2.34,-4.69,13.7,3.2,36.1,-0.31,ARMED,,14.9
1791266371274,28.607248,77.425550,35.0,CNG,45.26,16.9,4,1391,20.4,3.29,33.0,89.0,2.34,-4.69,13.7,2.7,36.0,-0.31,ARMED,,14.9
1791266372182,28.607175,77.425601,35.0,CNG,48.99,16.9,4,1367,20.8,2.55,32.0,89.0,0.00,0.00,13.8,2.7,35.6,-0.44,ARMED,,14.9
1791266372686,28.607175,77.425601,34.0,CNG,46.30,14.9,4,1300,20.8,3.26,32.0,89.0,0.00,0.00,13.8,0.0,34.1,-1.04,ARMED,,14.5
1791266373237,28.607105,77.425650,33.0,CNG,45.41,14.9,5,1020,20.8,3.06,32.0,89.0,0.00,0.00,13.5,0.0,33.0,0.00,ARMED,,15.7
1791266374121,28.607037,77.425699,33.0,CNG,47.94,14.9,5,1035,31.4,2.57,41.0,89.0,0.00,0.00,13.5,0.0,33.0,0.00,ARMED,,14.9
1791266374728,28.607037,77.425699,31.0,CNG,49.53,14.9,5,912,31.4,2.42,41.0,89.0,0.00,0.00,13.6,0.0,31.6,-0.78,ARMED,,14.9
1791266375225,28.606975,77.425743,27.0,CNG,42.58,14.9,5,834,31.4,3.25,41.0,89.0,0.00,0.00,13.6,0.0,29.1,-2.02,ARMED,,14.9
1791266376257,28.606924,77.425782,25.0,CNG,37.39,14.9,5,826,36.1,3.34,46.0,89.0,-2.34,0.00,13.7,0.0,27.3,-2.43,ARMED,,14.9
1791266376801,28.606924,77.425782,25.0,CNG,35.47,14.9,5,830,36.1,3.13,46.0,89.0,-2.34,0.00,13.7,0.0,26.2,-1.76,ARMED,,14.5
1791266377379,28.606873,77.425820,24.0,CNG,34.70,14.9,,818,36.1,2.93,46.0,89.0,-2.34,0.00,13.7,0.0,24.0,0.00,ARMED,,14.5
1791266378301,28.606824,77.425856,24.0,CNG,32.99,14.9,4,838,35.7,3.21,45.0,89.0,-1.56,0.00,13.7,0.0,24.0,0.00,ARMED,,14.5
1791266378857,28.606776,77.425891,22.0,CNG,30.80,14.9,4,830,35.7,3.25,45.0,89.0,-1.56,0.00,13.7,0.0,22.7,-0.76,ARMED,,14.5
1791266379404,28.606776,77.425891,21.0,CNG,29.16,14.9,4,820,35.7,3.21,45.0,89.0,-1.56,0.00,13.7,0.0,21.6,-1.14,ARMED,,14.5
1791266380359,28.606732,77.425923,20.0,CNG,28.20,14.9,4,814,36.5,3.06,45.0,89.0,0.00,0.00,13.6,0.0,20.5,-1.42,ARMED,,14.5
1791266380871,28.606692,77.425951,20.0,CNG,27.06,14.9,4,808,36.5,3.22,45.0,89.0,0.00,0.00,13.6,0.0,19.6,-1.15,ARMED,,14.5
1791266381423,28.606692,77.425951,19.0,CNG,26.78,14.9,4,808,36.5,2.95,45.0,89.0,0.00,0.00,13.6,0.0,19.4,-0.94,ARMED,,14.1
1791266382345,28.606651,77.425980,19.0,CNG,33.17,14.9,4,801,22.0,1.45,34.0,89.0,3.13,0.00,13.6,0.0,19.3,-0.72,ARMED,,12.9
1791266382876,28.606610,77.426007,19.0,CNG,33.80,14.9,4,798,22.0,2.23,34.0,89.0,3.13,0.00,13.5,0.0,19.2,-0.37,ARMED,,12.9
1791266383353,28.606610,77.426007,19.0,CNG,38.18,14.9,4,778,22.0,1.63,34.0,89.0,3.13,0.00,13.5,0.0,19.0,-0.37,ARMED,,12.5
1791266384341,28.606570,77.426036,18.0,CNG,37.86,14.9,4,764,22.0,1.97,31.0,89.0,5.47,0.00,13.5,0.0,18.7,-0.40,ARMED,,12.5
1791266384966,28.606534,77.426063,18.0,CNG,48.87,14.9,4,727,22.0,0.82,31.0,89.0,5.47,0.00,13.5,0.0,17.8,-0.65,ARMED,,12.5
1791266385504,28.606534,77.426063,18.0,CNG,55.16,14.9,4,737,22.0,1.07,31.0,89.0,5.47,0.00,13.6,0.0,17.7,-0.53,ARMED,,12.5
1791266386681,28.606496,77.426088,17.0,CNG,32.29,14.9,4,742,31.4,3.59,42.0,89.0,0.00,1.56,13.5,0.0,17.7,-0.33,ARMED,,15.7
1791266387267,28.606462,77.426115,17.0,CNG,30.68,19.6,,762,31.4,2.44,42.0,89.0,0.00,1.56,13.7,6.4,17.0,0.00,ARMED,,14.1
1791266387823,28.606462,77.426115,16.0,CNG,24.22,19.6,2,1314,31.4,3.63,42.0,89.0,0.00,1.56,13.7,6.4,16.0,0.00,ARMED,,16.5
1791266388776,28.606427,77.426139,16.0,CNG,19.27,19.6,2,1208,35.7,4.49,46.0,89.0,0.00,-4.69,13.6,6.4,16.0,0.00,ARMED,,16.5
1791266389320,28.606395,77.426161,16.0,CNG,14.23,21.6,2,1214,35.7,6.46,46.0,89.0,0.00,-4.69,13.6,9.1,16.0,0.00,ARMED,,18.4
1791266389833,28.606395,77.426161,17.0,CNG,12.54,21.6,2,1248,35.7,6.48,46.0,89.0,0.00,-4.69,13.6,9.1,16.5,0.29,ARMED,,18.8
1791266390833,28.606359,77.426184,17.0,CNG,11.84,21.6,2,1288,49.8,6.36,57.0,89.0,0.78,-4.69,13.6,9.1,17.1,0.56,ARMED,,18.8
1791266391426,28.606321,77.426209,18.0,CNG,11.70,21.6,2,1355,49.8,6.39,57.0,89.0,0.78,-4.69,13.6,9.1,18.2,0.86,ARMED,,18.8
1791266391946,28.606280,77.426235,19.0,CNG,10.94,22.4,2,1395,49.8,7.72,57.0,89.0,0.78,-4.69,13.6,10.2,18.8,0.90,ARMED,,19.6
1791266393008,28.606239,77.426265,19.0,CNG,9.35,24.3,2,1449,58.0,10.01,67.0,89.0,6.25,-3.91,13.7,12.8,19.5,0.94,ARMED,,21.2
1791266393516,28.606239,77.426265,22.0,CNG,10.53,22.7,2,1617,58.0,7.19,67.0,89.0,6.25,-3.91,13.7,10.7,21.4,1.53,ARMED,,19.2
1791266394062,28.606191,77.426297,22.0,CNG,10.73,22.7,2,1652,58.0,8.17,67.0,89.0,6.25,-3.91,13.6,10.7,22.3,1.54,ARMED,,19.6
1791266394982,28.606142,77.426330,23.0,CNG,11.20,22.4,2,1701,36.9,7.90,46.0,89.0,-0.78,-3.91,13.6,10.2,23.1,1.51,ARMED,,19.6
1791266395539,28.606142,77.426330,24.0,CNG,12.62,22.4,2,1762,36.9,6.44,46.0,89.0,-0.78,-3.91,13.7,10.2,24.1,1.27,ARMED,,18.0
1791266396091,28.606090,77.426364,24.0,CNG,14.07,21.6,2,1798,36.9,5.84,46.0,89.0,-0.78,-3.91,13.7,9.1,24.5,1.13,ARMED,,17.6
1791266397019,28.606037,77.426399,25.0,CNG,15.14,21.6,2,1844,27.1,6.04,39.0,89.0,0.00,-3.91,13.8,9.1,25.0,1.11,ARMED,,17.6
1791266397506,28.606037,77.426399,25.0,CNG,17.58,20.8,2,1879,27.1,4.47,39.0,89.0,0.00,-3.91,13.8,8.0,25.6,0.86,ARMED,,16.9
1791266398093,28.605983,77.426437,25.0,CNG,19.48,20.8,2,1882,27.1,4.42,39.0,89.0,0.00,-3.91,13.8,8.0,25.7,0.67,ARMED,,16.9
1791266398999,28.605930,77.426477,25.0,CNG,19.54,20.8,2,1882,22.7,5.20,31.0,89.0,0.00,0.00,13.8,8.0,25.8,0.46,ARMED,,16.9
1791266399625,28.605930,77.426477,25.0,CNG,22.81,14.9,3,1344,22.7,3.37,31.0,89.0,0.00,0.00,13.6,0.0,25.0,0.00,ARMED,,14.5
1791266400139,28.605876,77.426514,25.0,CNG,22.04,19.6,5,782,22.7,4.87,31.0,89.0,0.00,0.00,13.6,6.4,25.0,0.00,ARMED,,16.9
1791266401158,28.605825,77.426551,25.0,CNG,24.94,18.0,3,1342,22.0,3.29,31.0,89.0,0.00,0.00,13.6,4.3,25.0,0.00,ARMED,,14.5
1791266401731,28.605825,77.426551,24.0,CNG,28.78,18.4,3,1220,22.0,2.59,31.0,89.0,0.00,0.00,13.6,4.8,24.3,-0.40,ARMED,,14.5
1791266402321,28.605776,77.426588,24.0,CNG,27.47,18.4,3,1200,22.0,3.82,31.0,89.0,0.00,0.00,13.6,4.8,24.0,-0.41,ARMED,,15.7
1791266403251,28.605727,77.426624,23.0,CNG,26.75,18.4,3,1195,27.8,3.66,38.0,89.0,0.00,-4.69,13.6,4.8,23.4,-0.66,ARMED,,15.3
1791266403779,28.605727,77.426624,23.0,CNG,25.68,18.4,3,1181,27.8,3.89,38.0,89.0,0.00,-4.69,13.6,4.8,22.8,-0.67,ARMED,,15.7
1791266404295,28.605678,77.426661,23.0,CNG,25.54,18.4,3,1175,27.8,3.71,38.0,89.0,0.00,-4.69,13.6,4.8,22.5,-0.63,ARMED,,15.7
1791266405207,28.605631,77.426695,23.0,CNG,24.62,18.4,3,1169,30.2,4.03,39.0,88.0,0.00,-4.69,13.7,4.8,22.4,-0.58,ARMED,,15.7
1791266405765,28.605631,77.426695,23.0,CNG,25.57,18.0,3,1160,30.2,3.46,39.0,88.0,0.00,-4.69,13.7,4.3,22.2,-0.34,ARMED,,15.3
1791266406372,28.605583,77.426732,23.0,CNG,28.99,15.3,3,1161,30.2,2.59,39.0,88.0,0.00,-4.69,13.6,0.5,22.2,-0.21,ARMED,,13.3
1791266407525,28.605538,77.426766,22.0,CNG,29.03,18.4,3,1105,26.7,3.09,46.0,88.0,0.00,-4.69,13.7,4.8,21.7,-0.45,ARMED,,14.1
1791266408055,28.605497,77.426796,21.0,CNG,26.68,17.6,3,1060,26.7,3.64,46.0,88.0,0.00,-4.69,13.6,3.7,20.7,-0.73,ARMED,,15.3
1791266408612,28.605497,77.426796,20.0,CNG,25.08,14.9,3,1083,26.7,3.58,46.0,88.0,0.00,-4.69,13.6,0.0,20.6,-0.52,ARMED,,15.3
1791266409536,28.605454,77.426827,20.0,CNG,29.57,14.9,3,1036,25.1,1.98,33.0,88.0,-6.25,1.56,13.5,0.0,20.2,-0.57,ARMED,,12.5
1791266410084,28.605416,77.426858,17.0,CNG,29.30,14.9,3,897,25.1,2.41,33.0,88.0,-6.25,1.56,13.5,0.0,18.0,-1.50,ARMED,,12.9
1791266410657,28.605416,77.426858,14.0,CNG,28.83,14.9,3,759,25.1,2.05,33.0,88.0,-6.25,1.56,13.5,0.0,15.9,-2.28,ARMED,,12.5
1791266411590,28.605385,77.426882,12.0,CNG,28.30,14.9,,721,22.7,1.80,52.0,88.0,-1.56,-3.13,13.5,0.0,12.0,0.00,ARMED,,12.5
1791266412167,28.605362,77.426899,11.0,CNG,17.67,22.0,2,921,22.7,4.51,52.0,88.0,-1.56,-3.13,13.5,9.6,11.0,0.00,ARMED,,17.3
1791266412777,28.605362,77.426899,12.0,CNG,15.63,20.0,2,916,22.7,3.75,52.0,88.0,-1.56,-3.13,13.5,7.0,11.5,0.31,ARMED,,15.7
1791266413744,28.605336,77.426917,13.0,CNG,19.51,14.9,2,942,25.1,1.72,31.0,88.0,-3.91,1.56,13.7,0.0,12.3,0.70,ARMED,,13.3
1791266414310,28.605308,77.426934,13.0,CNG,20.08,14.9,2,931,25.1,2.53,31.0,89.0,-3.91,1.56,13.7,0.0,13.0,0.68,ARMED,,13.3
1791266414829,28.605308,77.426934,12.0,CNG,19.93,14.9,2,916,25.1,2.49,31.0,89.0,-3.91,1.56,13.5,0.0,13.1,0.54,ARMED,,13.3
1791266415779,28.605283,77.426950,12.0,CNG,20.29,14.9,2,911,22.7,2.35,32.0,89.0,-0.78,1.56,13.5,0.0,13.0,0.33,ARMED,,13.3
1791266416320,28.605257,77.426968,11.0,CNG,20.07,14.9,2,818,22.7,2.28,32.0,89.0,-0.78,1.56,13.6,0.0,12.0,-0.44,ARMED,,13.7
1791266416811,28.605257,77.426968,9.0,CNG,16.91,14.9,2,754,22.7,2.85,32.0,89.0,-0.78,1.56,13.6,0.0,11.1,-0.80,ARMED,,14.5
1791266417788,28.605237,77.426983,7.0,CNG,15.34,14.9,,776,37.3,2.26,46.0,89.0,-6.25,0.78,13.6,0.0,7.0,0.00,ARMED,,14.5
1791266418264,28.605223,77.426993,6.0,CNG,12.44,14.9,1,804,37.3,2.83,46.0,89.0,-6.25,0.78,13.6,0.0,6.0,0.00,ARMED,,14.9
1791266418857,28.605209,77.427002,6.0,CNG,11.71,14.9,1,813,37.3,2.34,46.0,89.0,-6.25,0.78,13.6,0.0,6.0,0.00,ARMED,,14.9
1791266419825,28.605209,77.427002,6.0,CNG,10.77,14.9,1,816,37.6,2.60,67.0,89.0,-2.34,-3.13,13.6,0.0,6.0,0.00,ARMED,,14.9
1791266420373,28.605196,77.427011,6.0,CNG,8.17,20.0,1,872,37.6,4.22,67.0,89.0,-2.34,-3.13,13.2,7.0,6.0,0.00,ARMED,,17.6
1791266420927,28.605182,77.427022,7.0,CNG,9.89,14.9,,588,37.6,2.05,67.0,89.0,-2.34,-3.13,13.2,0.0,7.0,0.00,ARMED,,13.3
1791266421861,28.605166,77.427032,8.0,CNG,16.01,20.4,,715,46.3,0.47,73.0,89.0,-6.25,-4.69,13.7,7.5,8.0,0.00,ARMED,,12.2
1791266422432,28.605166,77.427032,8.0,CNG,15.28,14.9,1,1137,46.3,2.27,73.0,89.0,-6.25,-4.69,13.7,0.0,8.0,0.00,ARMED,,13.3
1791266423026,28.605148,77.427044,9.0,CNG,17.07,14.9,,835,46.3,1.84,73.0,89.0,-6.25,-4.69,13.3,0.0,9.0,0.00,ARMED,,13.7
1791266424018,28.605131,77.427057,9.0,CNG,14.60,14.9,,833,35.7,3.01,70.0,89.0,-3.91,-3.91,13.3,0.0,9.0,0.00,ARMED,,14.5
1791266424628,28.605131,77.427057,8.0,CNG,9.59,14.9,,774,35.7,5.27,70.0,89.0,-3.91,-3.91,13.4,0.0,8.0,0.00,ARMED,,18.8
1791266425165,28.605115,77.427071,9.0,CNG,11.19,15.3,,770,35.7,2.53,70.0,89.0,-3.91,-3.91,13.4,0.5,9.0,0.00,ARMED,,14.9
1791266426105,28.605098,77.427089,9.0,CNG,6.46,23.1,2,734,88.2,9.14,96.0,89.0,6.25,-4.69,13.3,11.2,9.0,0.00,ARMED,,22.0
1791266426713,28.605098,77.427089,11.0,CNG,8.14,20.8,2,821,88.2,3.81,96.0,90.0,6.25,-4.69,13.3,8.0,10.5,0.81,ARMED,,16.9
1791266427280,28.605079,77.427111,11.0,CNG,9.14,20.4,2,858,88.2,4.12,96.0,90.0,6.25,-4.69,13.6,7.5,10.9,0.82,ARMED,,17.3
1791266428340,28.605061,77.427137,12.0,CNG,9.94,19.6,2,868,50.2,4.39,56.0,90.0,0.00,-4.69,13.6,6.4,11.7,1.00,ARMED,,16.1
1791266428935,28.605042,77.427164,12.0,CNG,11.92,17.3,2,893,50.2,2.99,56.0,90.0,0.00,-4.69,13.4,3.2,12.4,0.79,ARMED,,14.9
1791266429487,28.605042,77.427164,12.0,CNG,12.90,14.9,2,872,50.2,3.36,56.0,90.0,0.00,-4.69,13.4,0.0,12.5,0.54,ARMED,,14.5
1791266430420,28.605025,77.427192,11.0,CNG,13.35,14.9,2,863,35.3,3.18,46.0,90.0,0.78,-0.78,13.6,0.0,12.3,0.29,ARMED,,14.5
1791266431023,28.605008,77.427216,10.0,CNG,13.67,18.8,2,770,35.3,2.87,46.0,90.0,0.78,-0.78,13.6,5.4,11.2,-0.52,ARMED,,14.9
1791266431530,28.605008,77.427216,10.0,CNG,13.07,18.8,2,788,35.3,3.35,46.0,90.0,0.78,-0.78,13.5,5.4,10.8,-0.53,ARMED,,15.3
1791266432451,28.604990,77.427237,11.0,CNG,13.79,18.8,2,802,45.5,3.00,55.0,90.0,1.56,-4.69,13.5,5.4,10.8,-0.41,ARMED,,15.7
1791266432990,28.604972,77.427257,11.0,CNG,14.26,18.8,2,818,45.5,3.00,55.0,90.0,1.56,-4.69,13.6,5.4,10.9,-0.10,ARMED,,15.3
1791266433509,28.604972,77.427257,11.0,CNG,14.75,18.8,2,811,45.5,2.89,55.0,90.0,1.56,-4.69,13.6,5.4,11.0,-0.07,ARMED,,15.3
1791266434433,28.604952,77.427276,11.0,CNG,13.83,18.8,2,809,43.9,3.55,52.0,90.0,0.78,-4.69,13.5,5.4,11.0,-0.05,ARMED,,15.3
1791266434966,28.604932,77.427297,11.0,CNG,15.81,18.0,2,800,43.9,2.24,52.0,90.0,0.78,-4.69,13.5,4.3,10.9,-0.06,ARMED,,14.5
1791266435535,28.604932,77.427297,11.0,CNG,15.90,18.8,2,793,43.9,2.80,52.0,90.0,0.78,-4.69,13.7,5.4,10.9,-0.07,ARMED,,15.3
1791266436476,28.604916,77.427320,11.0,CNG,11.45,20.4,2,798,58.0,5.57,72.0,90.0,4.69,-3.91,13.7,7.5,10.9,-0.05,ARMED,,17.3
1791266437053,28.604901,77.427346,11.0,CNG,10.27,21.2,2,823,58.0,5.06,72.0,90.0,4.69,-3.91,13.6,8.6,11.1,0.11,ARMED,,17.3
1791266437607,28.604901,77.427346,12.0,CNG,9.78,22.4,2,853,58.0,5.35,72.0,91.0,4.69,-3.91,13.6,10.2,11.4,0.25,ARMED,,17.6
1791266438646,28.604888,77.427375,12.0,CNG,8.66,22.4,2,908,75.3,6.58,62.0,91.0,1.56,-1.56,13.4,10.2,12.0,0.51,ARMED,,20.4
1791266439168,28.604876,77.427409,13.0,CNG,8.86,20.4,2,988,75.3,5.80,62.0,91.0,1.56,-1.56,13.4,7.5,13.2,0.88,ARMED,,17.6
1791266439777,28.604876,77.427409,13.0,CNG,10.25,19.6,2,970,75.3,4.05,62.0,91.0,1.56,-1.56,13.6,6.4,13.4,0.74,ARMED,,16.9
1791266440725,28.604866,77.427444,13.0,CNG,11.62,18.8,2,950,40.8,3.69,50.0,91.0,-0.78,-4.69,13.6,5.4,13.4,0.46,ARMED,,15.3
1791266441311,28.604862,77.427481,13.0,CNG,16.51,19.6,2,941,40.8,1.23,50.0,91.0,-0.78,-4.69,13.7,6.4,13.1,0.06,ARMED,,12.2
1791266441869,28.604860,77.427518,13.0,CNG,16.98,19.2,2,978,40.8,3.00,50.0,91.0,-0.78,-4.69,13.7,5.9,13.2,0.08,ARMED,,14.5
1791266442853,28.604858,77.427555,13.0,CNG,19.92,18.4,2,999,26.3,1.98,37.0,91.0,7.81,-4.69,13.7,4.8,13.4,0.13,ARMED,,13.7
1791266443461,28.604858,77.427555,14.0,CNG,23.90,18.4,2,1014,26.3,1.73,37.0,91.0,7.81,-4.69,13.7,4.8,13.7,0.17,ARMED,,13.7
1791266444039,28.604854,77.427593,14.0,CNG,27.73,16.5,2,998,26.3,1.59,37.0,91.0,7.81,-4.69,13.5,2.1,13.7,0.14,ARMED,,13.3
1791266444966,28.604850,77.427630,13.0,CNG,24.22,14.9,2,990,23.5,2.63,32.0,90.0,4.69,-0.78,13.5,0.0,13.6,0.09,ARMED,,13.3
1791266445633,28.604850,77.427630,13.0,CNG,23.28,14.9,2,926,23.5,2.42,32.0,90.0,4.69,-0.78,13.4,0.0,12.9,-0.34,ARMED,,12.9
1791266446138,28.604846,77.427663,10.0,CNG,22.82,14.9,2,735,23.5,1.86,32.0,90.0,4.69,-0.78,13.4,0.0,11.4,-1.14,ARMED,,12.2
1791266447168,28.604844,77.427687,8.0,CNG,19.99,14.9,,710,22.7,2.09,35.0,90.0,2.34,-0.78,13.6,0.0,8.0,0.00,ARMED,,12.2
1791266447712,28.604844,77.427687,8.0,CNG,15.04,17.3,,694,22.7,3.22,35.0,90.0,2.34,-0.78,13.6,3.2,8.0,0.00,ARMED,,14.9
1791266448296,28.604842,77.427709,8.0,CNG,13.38,14.9,,687,22.7,2.92,35.0,90.0,2.34,-0.78,13.3,0.0,8.0,0.00,ARMED,,15.3
1791266449452,28.604839,77.427732,8.0,CNG,13.51,14.9,,772,40.4,2.38,47.0,90.0,-6.25,-0.78,13.7,0.0,8.0,0.00,ARMED,,14.9
1791266450013,28.604836,77.427757,9.0,CNG,13.21,14.9,,806,40.4,2.87,47.0,90.0,-6.25,-0.78,13.6,0.0,9.0,0.00,ARMED,,14.9
1791266450517,28.604836,77.427757,9.0,CNG,12.81,14.9,,815,40.4,3.00,47.0,90.0,-6.25,-0.78,13.6,0.0,9.0,0.00,ARMED,,14.9
1791266451502,28.604833,77.427780,8.0,CNG,11.37,14.9,,822,38.4,3.41,46.0,90.0,-2.34,-0.78,13.6,0.0,8.0,0.00,ARMED,,14.9
1791266452111,28.604830,77.427803,8.0,CNG,10.93,14.9,,825,38.4,3.17,46.0,90.0,-2.34,-0.78,13.6,0.0,8.0,0.00,ARMED,,14.9
1791266452629,28.604830,77.427803,8.0,CNG,11.67,14.9,,822,38.4,2.51,46.0,90.0,-2.34,-0.78,13.7,0.0,8.0,0.00,ARMED,,14.9
1791266453616,28.604828,77.427824,7.0,CNG,12.00,14.9,,827,37.6,2.27,45.0,90.0,-1.56,-0.78,13.7,0.0,7.0,0.00,ARMED,,14.9
1791266454132,28.604826,77.427842,6.0,CNG,10.23,14.9,1,825,37.6,3.08,45.0,90.0,-1.56,-0.78,13.3,0.0,6.0,0.00,ARMED,,14.9
1791266454677,28.604826,77.427842,6.0,CNG,9.83,14.9,1,826,37.6,2.66,45.0,90.0,-1.56,-0.78,13.3,0.0,6.0,0.00,ARMED,,14.9
1791266455642,28.604824,77.427858,6.0,CNG,8.75,14.9,1,825,37.6,3.31,46.0,90.0,-1.56,-0.78,13.6,0.0,6.0,0.00,ARMED,,14.9
1791266456165,28.604822,77.427873,5.0,CNG,8.77,14.9,,826,37.6,2.32,46.0,90.0,-1.56,-0.78,13.6,0.0,5.0,0.00,ARMED,,14.9
1791266456777,28.604822,77.427873,4.0,CNG,6.99,14.9,,825,37.6,3.37,46.0,90.0,-1.56,-0.78,13.6,0.0,4.0,0.00,ARMED,,14.9
1791266457681,28.604820,77.427885,4.0,CNG,8.53,14.9,,783,22.7,1.11,36.0,90.0,0.78,-0.78,13.6,0.0,4.0,0.00,ARMED,,12.5
1791266458350,28.604817,77.427895,3.0,CNG,7.62,14.9,,748,22.7,2.01,36.0,90.0,0.78,-0.78,13.6,0.0,3.0,0.00,ARMED,,12.5
1791266458917,28.604816,77.427903,3.0,CNG,7.13,14.9,,731,22.7,1.94,36.0,90.0,0.78,-0.78,13.6,0.0,3.0,0.00,ARMED,,12.5
1791266459884,28.604814,77.427913,3.0,CNG,8.40,19.2,,720,30.6,0.99,36.0,90.0,6.25,-1.56,13.7,5.9,3.0,0.00,ARMED,,12.5
1791266460433,28.604814,77.427913,4.0,CNG,10.90,14.9,,703,30.6,0.94,36.0,90.0,6.25,-1.56,13.7,0.0,4.0,0.00,ARMED,,12.5
1791266460996,28.604813,77.427922,4.0,CNG,4.04,22.7,,715,30.6,7.51,36.0,90.0,6.25,-1.56,13.6,10.7,4.0,0.00,ARMED,,19.6
1791266461885,28.604812,77.427940,5.0,CNG,4.25,22.0,,860,60.8,4.50,64.0,90.0,-2.34,-3.91,13.6,9.6,5.0,0.00,ARMED,,17.3
1791266462452,28.604812,77.427940,9.0,CNG,4.89,22.0,1,1239,60.8,6.73,64.0,90.0,-2.34,-3.91,13.5,9.6,9.0,0.00,ARMED,,18.8
1791266463006,28.604814,77.427965,10.0,CNG,5.50,22.0,1,1425,60.8,6.59,64.0,90.0,-2.34,-3.91,13.5,9.6,9.5,0.31,ARMED,,18.8
1791266463953,28.604820,77.427997,11.0,CNG,5.84,15.3,1,1589,38.8,7.18,39.0,90.0,0.00,0.00,13.7,0.5,10.3,0.69,ARMED,,19.2
1791266464540,28.604820,77.427997,12.0,CNG,8.54,14.9,,1115,38.8,2.75,39.0,90.0,0.00,0.00,13.7,0.0,12.0,0.00,ARMED,,14.9
1791266465104,28.604829,77.428030,12.0,CNG,10.37,20.4,,1059,38.8,3.44,39.0,90.0,0.00,0.00,13.4,7.5,12.0,0.00,ARMED,,15.3
1791266466096,28.604836,77.428064,12.0,CNG,10.02,20.8,2,1009,54.5,5.12,68.0,90.0,3.13,-3.91,13.4,8.0,12.0,0.00,ARMED,,16.9
1791266466613,28.604836,77.428064,14.0,CNG,10.15,21.6,2,1006,54.5,5.55,68.0,90.0,3.13,-3.91,13.6,9.1,13.4,0.78,ARMED,,18.4
1791266467128,28.604846,77.428101,15.0,CNG,11.05,20.4,2,1084,54.5,4.94,68.0,90.0,3.13,-3.91,13.6,7.5,14.4,1.13,ARMED,,17.3
1791266468155,28.604857,77.428142,15.0,CNG,12.60,14.9,2,1118,39.2,3.95,40.0,90.0,-2.34,-2.34,13.4,0.0,15.0,1.13,ARMED,,16.5
1791266468669,28.604857,77.428142,15.0,CNG,13.30,18.8,2,1144,39.2,4.25,40.0,90.0,-2.34,-2.34,13.4,5.4,15.6,0.82,ARMED,,15.7
1791266469272,28.604867,77.428184,16.0,CNG,14.74,19.2,2,1156,39.2,3.78,40.0,90.0,-2.34,-2.34,13.5,5.9,15.8,0.66,ARMED,,16.5
1791266470362,28.604877,77.428228,16.0,CNG,15.58,19.2,2,1171,36.5,3.86,46.0,90.0,0.00,-4.69,13.5,5.9,15.9,0.53,ARMED,,16.5
1791266470878,28.604886,77.428270,16.0,CNG,15.73,19.2,2,1196,36.5,4.10,46.0,90.0,0.00,-4.69,13.4,5.9,16.2,0.36,ARMED,,16.5
1791266471434,28.604886,77.428270,16.0,CNG,17.91,18.4,2,1218,36.5,2.91,46.0,90.0,0.00,-4.69,13.4,4.8,16.4,0.35,ARMED,,15.3
1791266472417,28.604896,77.428313,16.0,CNG,18.91,17.3,2,1209,23.5,3.17,31.0,90.0,-0.78,-0.78,13.7,3.2,16.4,0.30,ARMED,,14.9
1791266472970,28.604906,77.428355,16.0,CNG,19.64,19.6,2,1172,23.5,3.14,31.0,90.0,-0.78,-0.78,13.7,6.4,16.0,-0.07,ARMED,,14.1
1791266473597,28.604906,77.428355,16.0,CNG,20.53,15.3,2,1168,23.5,2.97,31.0,90.0,-0.78,-0.78,13.6,0.5,15.8,-0.11,ARMED,,14.1
1791266474529,28.604916,77.428397,16.0,CNG,23.43,14.9,2,1157,22.4,2.20,29.0,89.0,-2.34,-0.78,13.6,0.0,15.7,-0.14,ARMED,,14.1
1791266475074,28.604927,77.428437,15.0,CNG,22.06,14.9,2,1114,22.4,3.04,29.0,89.0,-2.34,-0.78,13.7,0.0,15.2,-0.35,ARMED,,14.1
1791266475610,28.604927,77.428437,15.0,CNG,21.51,14.9,2,1109,22.4,2.96,29.0,89.0,-2.34,-0.78,13.7,0.0,14.9,-0.36,ARMED,,14.1
1791266476572,28.604937,77.428476,15.0,CNG,21.19,17.3,2,1103,25.1,2.96,31.0,89.0,0.78,-0.78,13.5,3.2,14.8,-0.35,ARMED,,15.3
1791266477103,28.604948,77.428515,14.0,CNG,21.71,14.9,2,1087,25.1,2.53,31.0,89.0,0.78,-0.78,13.5,0.0,14.6,-0.32,ARMED,,14.1
1791266477731,28.604948,77.428515,14.0,CNG,21.16,14.9,2,1062,25.1,2.81,31.0,89.0,0.78,-0.78,13.7,0.0,14.3,-0.34,ARMED,,14.1
1791266478645,28.604957,77.428553,14.0,CNG,19.12,14.9,2,1037,28.6,3.44,38.0,89.0,-2.34,-0.78,13.7,0.0,14.0,-0.37,ARMED,,14.9
1791266479220,28.604966,77.428591,14.0,CNG,20.96,14.9,,843,28.6,2.33,38.0,89.0,-2.34,-0.78,13.2,0.0,14.0,0.00,ARMED,,14.1
1791266479726,28.604966,77.428591,13.0,CNG,21.96,14.9,,795,28.6,2.23,38.0,89.0,-2.34,-0.78,13.2,0.0,13.0,0.00,ARMED,,14.9
1791266480683,28.604972,77.428627,13.0,CNG,18.88,14.9,,816,38.0,3.44,47.0,89.0,-1.56,-1.56,13.5,0.0,13.0,0.00,ARMED,,14.9
1791266481176,28.604978,77.428659,11.0,CNG,16.95,14.9,2,822,38.0,3.15,47.0,89.0,-1.56,-1.56,13.5,0.0,11.0,0.00,ARMED,,14.9
1791266481720,28.604978,77.428659,10.0,CNG,15.27,14.9,2,823,38.0,3.17,47.0,89.0,-1.56,-1.56,13.5,0.0,10.5,-0.29,ARMED,,14.9
1791266482699,28.604981,77.428684,9.0,CNG,15.47,19.2,,822,44.3,2.32,67.0,89.0,0.00,-4.69,13.5,5.9,9.0,0.00,ARMED,,14.9
1791266483234,28.604984,77.428708,9.0,CNG,13.61,14.9,2,725,44.3,3.27,67.0,89.0,0.00,-4.69,13.3,0.0,9.0,0.00,ARMED,,14.9
1791266483797,28.604984,77.428708,10.0,CNG,11.81,14.9,2,743,44.3,4.14,67.0,89.0,0.00,-4.69,13.3,0.0,9.5,0.31,ARMED,,16.1
1791266484737,28.604987,77.428733,10.0,CNG,14.95,19.6,2,787,52.2,1.65,64.0,89.0,-1.56,-3.91,13.3,6.4,9.8,0.36,ARMED,,13.3
1791266485293,28.604992,77.428761,11.0,CNG,12.89,20.0,2,788,52.2,4.14,64.0,89.0,-1.56,-3.91,13.3,7.0,10.8,0.68,ARMED,,16.5
1791266485862,28.604997,77.428791,11.0,CNG,14.49,19.2,2,816,52.2,2.56,64.0,89.0,-1.56,-3.91,13.7,5.9,11.2,0.71,ARMED,,15.3
1791266486797,28.604997,77.428791,11.0,CNG,14.57,18.0,2,853,44.3,3.06,47.0,89.0,0.00,-1.56,13.7,4.3,11.7,0.74,ARMED,,15.3
1791266487382,28.605003,77.428822,11.0,CNG,16.49,14.9,2,841,44.3,2.20,47.0,89.0,0.00,-1.56,13.6,0.0,11.9,0.42,ARMED,,14.1
1791266487912,28.605009,77.428852,11.0,CNG,18.38,14.9,2,793,44.3,2.03,47.0,90.0,0.00,-1.56,13.6,0.0,11.6,0.10,ARMED,,12.9
1791266488888,28.605014,77.428876,10.0,CNG,23.07,14.9,2,750,22.4,1.03,34.0,89.0,10.16,-1.56,13.6,0.0,11.0,-0.25,ARMED,,12.5
1791266489426,28.605014,77.428876,7.0,CNG,24.53,21.6,,734,22.4,1.00,34.0,90.0,10.16,-1.56,13.6,9.1,7.0,0.00,ARMED,,12.5
1791266489955,28.605018,77.428897,7.0,CNG,11.23,24.7,,815,22.4,5.25,34.0,90.0,10.16,-1.56,13.7,13.4,7.0,0.00,ARMED,,18.8
1791266491055,28.605022,77.428919,8.0,CNG,6.81,14.9,,1333,42.4,7.73,41.0,90.0,0.00,-1.56,13.6,0.0,8.0,0.00,ARMED,,20.0
1791266491660,28.605022,77.428919,9.0,CNG,6.19,22.4,,883,42.4,6.67,41.0,90.0,0.00,-1.56,13.5,10.2,9.0,0.00,ARMED,,19.2
1791266492203,28.605029,77.428945,10.0,CNG,7.16,21.2,2,782,42.4,4.57,41.0,90.0,0.00,-1.56,13.5,8.6,10.0,0.00,ARMED,,16.9
1791266493114,28.605037,77.428976,11.0,CNG,8.53,20.0,2,864,51.4,4.01,59.0,90.0,-0.78,-4.69,13.3,7.0,10.5,0.29,ARMED,,15.7
1791266493691,28.605037,77.428976,12.0,CNG,10.21,19.2,2,899,51.4,3.65,59.0,90.0,-0.78,-4.69,13.3,5.9,11.6,0.78,ARMED,,15.7
1791266494212,28.605045,77.429012,12.0,CNG,11.33,18.4,2,911,51.4,3.69,59.0,90.0,-0.78,-4.69,13.4,4.8,12.0,0.77,ARMED,,15.7
1791266495237,28.605053,77.429047,12.0,CNG,13.78,16.5,2,914,36.1,2.48,42.0,90.0,-2.34,-1.56,13.4,2.1,12.3,0.63,ARMED,,14.9
1791266495822,28.605053,77.429047,12.0,CNG,14.60,14.9,2,913,36.1,3.07,42.0,90.0,-2.34,-1.56,13.4,0.0,12.3,0.31,ARMED,,14.9
1791266496324,28.605060,77.429079,12.0,CNG,14.55,14.9,2,827,36.1,3.39,42.0,90.0,-2.34,-1.56,13.4,0.0,11.6,-0.18,ARMED,,14.9
1791266497322,28.605067,77.429111,12.0,CNG,16.34,14.9,2,828,37.6,2.45,47.0,90.0,-0.78,-1.56,13.5,0.0,11.3,-0.35,ARMED,,14.9
1791266497817,28.605067,77.429111,10.0,CNG,16.25,14.9,2,829,37.6,2.54,47.0,90.0,-0.78,-1.56,13.5,0.0,10.9,-0.35,ARMED,,14.9
1791266498422,28.605073,77.429139,10.0,CNG,9.95,22.0,2,835,37.6,6.77,47.0,90.0,-0.78,-1.56,13.5,9.6,10.8,-0.31,ARMED,,19.2
1791266499387,28.605078,77.429167,10.0,CNG,7.20,22.4,,1086,65.9,8.20,53.0,90.0,0.78,-3.91,13.5,10.2,10.0,0.00,ARMED,,22.0
1791266499947,28.605084,77.429198,11.0,CNG,9.84,17.3,2,875,65.9,2.18,53.0,90.0,0.78,-3.91,13.7,3.2,11.0,0.00,ARMED,,12.9
1791266500496,28.605084,77.429198,11.0,CNG,12.89,17.3,2,838,65.9,1.92,53.0,90.0,0.78,-3.91,13.7,3.2,11.0,0.00,ARMED,,12.9
1791266501444,28.605089,77.429230,11.0,CNG,11.90,16.9,2,853,32.5,4.20,40.0,90.0,7.81,-1.56,13.6,2.7,11.0,0.00,ARMED,,16.1
1791266501958,28.605094,77.429261,11.0,CNG,13.11,16.1,2,867,32.5,2.92,40.0,90.0,7.81,-1.56,13.6,1.6,11.0,0.00,ARMED,,14.5
1791266502548,28.605094,77.429261,11.0,CNG,13.26,15.3,2,816,32.5,3.33,40.0,90.0,7.81,-1.56,13.4,0.5,10.7,-0.19,ARMED,,14.9
1791266503417,28.605098,77.429292,11.0,CNG,13.87,14.9,2,819,37.6,3.02,47.0,90.0,-0.78,-1.56,13.4,0.0,10.5,-0.22,ARMED,,14.9
1791266503991,28.605104,77.429322,11.0,CNG,14.90,18.0,2,805,37.6,2.68,47.0,90.0,-0.78,-1.56,13.5,4.3,10.3,-0.22,ARMED,,14.9
1791266504461,28.605104,77.429322,11.0,CNG,15.47,18.0,2,802,37.6,2.74,47.0,90.0,-0.78,-1.56,13.5,4.3,10.2,-0.21,ARMED,,14.9
1791266505402,28.605111,77.429351,11.0,CNG,15.38,18.0,2,798,38.0,2.95,47.0,90.0,2.34,-3.13,13.7,4.3,10.1,-0.19,ARMED,,14.9
1791266505962,28.605119,77.429380,11.0,CNG,15.49,14.9,2,803,38.0,2.87,47.0,90.0,2.34,-3.13,13.7,0.0,10.2,-0.13,ARMED,,14.9
1791266506490,28.605119,77.429380,11.0,CNG,14.22,14.9,2,804,38.0,3.55,47.0,90.0,2.34,-3.13,13.4,0.0,10.3,-0.09,ARMED,,14.9
1791266507414,28.605127,77.429408,11.0,CNG,15.17,14.9,2,802,38.8,2.67,46.0,90.0,0.00,-1.56,13.4,0.0,10.3,-0.07,ARMED,,14.9
1791266507971,28.605134,77.429432,7.0,CNG,12.36,14.9,,825,38.8,3.32,46.0,90.0,0.00,-1.56,13.6,0.0,7.0,0.00,ARMED,,14.9
1791266508519,28.605134,77.429432,4.0,CNG,9.30,14.9,,823,38.8,3.30,46.0,90.0,0.00,-1.56,13.6,0.0,4.0,0.00,ARMED,,14.9
1791266509473,28.605136,77.429441,3.0,CNG,6.94,14.9,,819,40.8,3.38,49.0,90.0,0.78,-1.56,13.6,0.0,3.0,0.00,ARMED,,15.3
1791266510018,28.605137,77.429444,2.0,CNG,7.02,14.9,,806,40.8,1.11,49.0,90.0,0.78,-1.56,13.6,0.0,2.0,0.00,ARMED,,11.0
1791266510540,28.605137,77.429444,1.0,CNG,,18.8,,786,40.8,4.34,49.0,90.0,0.78,-1.56,13.5,5.4,1.0,0.00,ARMED,,16.1
1791266511565,28.605138,77.429448,2.0,CNG,,14.9,,771,40.4,2.33,43.0,90.0,0.78,-1.56,13.6,0.0,2.0,0.00,ARMED,,14.9
1791266512111,28.605139,77.429453,3.0,CNG,,14.9,,791,40.4,3.46,43.0,90.0,0.78,-1.56,13.4,0.0,3.0,0.00,ARMED,,14.9
1791266512590,28.605139,77.429453,4.0,CNG,4.80,14.9,,802,40.4,2.24,43.0,90.0,0.78,-1.56,13.4,0.0,4.0,0.00,ARMED,,12.5
1791266513605,28.605142,77.429462,4.0,CNG,5.34,14.9,,836,29.4,2.65,37.0,90.0,-2.34,-1.56,13.7,0.0,4.0,0.00,ARMED,,13.7
1791266514171,28.605144,77.429472,3.0,CNG,4.74,18.8,,822,29.4,3.10,37.0,90.0,-2.34,-1.56,13.7,5.4,3.0,0.00,ARMED,,14.1
1791266514700,28.605144,77.429472,4.0,CNG,4.98,14.9,,737,29.4,3.08,37.0,90.0,-2.34,-1.56,13.5,0.0,4.0,0.00,ARMED,,15.7
1791266515707,28.605146,77.429484,4.0,CNG,5.65,18.0,,781,42.0,2.37,60.0,90.0,-3.91,-4.69,13.5,4.3,4.0,0.00,ARMED,,14.9
1791266516362,28.605147,77.429497,5.0,CNG,6.15,18.0,1,705,42.0,2.98,60.0,90.0,-3.91,-4.69,13.4,4.3,5.0,0.00,ARMED,,15.7
1791266516897,28.605149,77.429511,5.0,CNG,5.66,18.0,1,767,42.0,3.98,60.0,90.0,-3.91,-4.69,13.4,4.3,5.0,0.00,ARMED,,15.7
1791266517912,28.605150,77.429528,6.0,CNG,7.00,18.0,1,835,40.4,2.56,51.0,90.0,-0.78,-4.69,13.5,4.3,5.5,0.30,ARMED,,15.3
1791266518467,28.605150,77.429528,6.0,CNG,7.42,18.0,1,849,40.4,3.05,51.0,90.0,-0.78,-4.69,13.5,4.3,5.9,0.34,ARMED,,14.9
1791266519025,28.605151,77.429545,6.0,CNG,5.95,21.6,1,863,40.4,5.24,51.0,90.0,-0.78,-4.69,13.4,9.1,6.1,0.33,ARMED,,17.3
1791266519958,28.605153,77.429563,6.0,CNG,4.55,22.4,1,905,71.4,7.19,81.0,90.0,3.13,-3.91,13.4,10.2,6.4,0.35,ARMED,,20.4
1791266520578,28.605153,77.429563,9.0,CNG,4.86,22.4,1,1290,71.4,7.07,81.0,90.0,3.13,-3.91,13.7,10.2,8.4,1.32,ARMED,,19.6
1791266521107,28.605156,77.429590,10.0,CNG,5.50,14.9,1,1482,71.4,6.39,81.0,90.0,3.13,-3.91,13.7,0.0,10.0,1.77,ARMED,,18.4
1791266522203,28.605160,77.429619,10.0,CNG,7.03,14.9,,1080,32.2,3.82,38.0,90.0,0.00,-2.34,13.3,0.0,10.0,0.00,ARMED,,15.7
1791266522727,28.605160,77.429619,10.0,CNG,9.20,19.2,2,720,32.2,2.59,38.0,90.0,0.00,-2.34,13.3,5.9,10.0,0.00,ARMED,,13.3
1791266523313,28.605165,77.429647,10.0,CNG,10.57,19.2,2,780,32.2,3.06,38.0,90.0,0.00,-2.34,13.7,5.9,10.0,0.00,ARMED,,14.5
1791266524243,28.605173,77.429676,11.0,CNG,14.07,18.4,2,804,25.9,1.81,35.0,90.0,1.56,-3.91,13.7,4.8,10.5,0.31,ARMED,,13.3
1791266524787,28.605173,77.429676,11.0,CNG,16.40,16.5,2,784,25.9,2.11,35.0,90.0,1.56,-3.91,13.6,2.1,10.9,0.35,ARMED,,12.5
1791266525383,28.605181,77.429705,11.0,CNG,21.59,18.0,2,782,25.9,1.14,35.0,90.0,1.56,-3.91,13.6,4.3,11.1,0.32,ARMED,,12.5
1791266526350,28.605188,77.429734,10.0,CNG,20.20,18.0,2,799,22.0,2.23,33.0,90.0,4.69,-4.69,13.6,4.3,11.2,0.31,ARMED,,12.5
1791266526872,28.605194,77.429762,10.0,CNG,21.37,18.0,2,779,22.0,1.74,33.0,90.0,4.69,-4.69,13.6,4.3,11.0,0.06,ARMED,,12.5
1791266527421,28.605194,77.429762,10.0,CNG,21.03,18.0,2,787,22.0,1.99,33.0,90.0,4.69,-4.69,13.7,4.3,11.0,0.04,ARMED,,12.5
1791266528388,28.605198,77.429791,11.0,CNG,24.88,18.0,2,783,22.7,1.35,45.0,90.0,0.78,-3.91,13.7,4.3,10.9,0.02,ARMED,,12.5
1791266529027,28.605203,77.429820,11.0,CNG,21.41,19.6,2,792,22.7,2.52,45.0,90.0,0.78,-3.91,13.1,6.4,11.0,0.02,ARMED,,15.3
1791266529583,28.605203,77.429820,11.0,CNG,17.78,20.0,2,791,22.7,3.15,45.0,90.0,0.78,-3.91,13.1,7.0,11.0,0.02,ARMED,,16.1
1791266530540,28.605209,77.429851,11.0,CNG,15.53,20.0,2,801,52.9,3.44,62.0,90.0,0.78,-3.91,13.5,7.0,11.0,0.03,ARMED,,16.5
1791266531051,28.605215,77.429881,11.0,CNG,12.69,20.0,2,853,52.9,4.50,62.0,90.0,0.78,-3.91,13.5,7.0,11.6,0.30,ARMED,,16.5
1791266531585,28.605215,77.429881,12.0,CNG,12.18,20.0,2,865,52.9,4.25,62.0,90.0,0.78,-3.91,13.6,7.0,11.8,0.33,ARMED,,16.5
1791266532792,28.605223,77.429913,12.0,CNG,11.88,20.0,2,885,50.6,4.27,58.0,90.0,0.00,-3.91,13.5,7.0,12.1,0.36,ARMED,,16.5
1791266533440,28.605231,77.429946,12.0,CNG,11.98,20.0,2,928,50.6,4.05,58.0,90.0,0.00,-3.91,13.6,7.0,12.7,0.39,ARMED,,16.5
1791266533991,28.605240,77.429981,13.0,CNG,12.91,19.6,2,940,50.6,3.68,58.0,90.0,0.00,-3.91,13.6,6.4,12.9,0.38,ARMED,,16.5
1791266534953,28.605247,77.430016,13.0,CNG,12.57,19.2,2,961,44.3,4.38,52.0,90.0,-1.56,-3.91,13.5,5.9,13.1,0.39,ARMED,,16.1
1791266535492,28.605247,77.430016,13.0,CNG,14.80,14.9,2,947,44.3,2.67,52.0,90.0,-1.56,-3.91,13.5,0.0,13.1,0.18,ARMED,,14.9
1791266536073,28.605254,77.430052,13.0,CNG,17.18,14.9,,834,44.3,2.36,52.0,90.0,-1.56,-3.91,13.6,0.0,13.0,0.00,ARMED,,14.9
1791266537076,28.605261,77.430087,12.0,CNG,15.86,14.9,2,831,37.6,3.47,45.0,90.0,-0.78,-2.34,13.6,0.0,12.0,0.00,ARMED,,14.9
1791266537665,28.605261,77.430087,10.0,CNG,16.30,14.9,2,827,37.6,2.38,45.0,90.0,-0.78,-2.34,13.5,0.0,10.5,-0.80,ARMED,,14.9
1791266538152,28.605268,77.430116,10.0,CNG,16.89,14.9,2,775,37.6,2.27,45.0,90.0,-0.78,-2.34,13.5,0.0,10.1,-0.82,ARMED,,12.9
1791266539099,28.605274,77.430143,10.0,CNG,17.87,14.9,2,749,22.7,2.07,32.0,90.0,7.81,-2.34,13.7,0.0,9.8,-0.77,ARMED,,12.5
1791266539607,28.605274,77.430143,10.0,CNG,20.86,14.9,2,725,22.7,1.44,32.0,90.0,7.81,-2.34,13.7,0.0,9.5,-0.53,ARMED,,12.5
1791266540166,28.605280,77.430169,9.0,CNG,21.32,14.9,2,710,22.7,1.66,32.0,90.0,7.81,-2.34,13.6,0.0,9.3,-0.49,ARMED,,12.5
1791266541136,28.605286,77.430193,9.0,CNG,19.90,14.9,2,723,22.7,2.05,32.0,90.0,6.25,-0.78,13.6,0.0,9.3,-0.34,ARMED,,12.5
1791266541655,28.605286,77.430193,8.0,CNG,19.57,14.9,,712,22.7,1.72,32.0,90.0,6.25,-0.78,13.6,0.0,8.0,0.00,ARMED,,12.5
1791266542192,28.605291,77.430216,8.0,CNG,19.27,14.9,,710,22.7,1.74,32.0,90.0,6.25,-0.78,13.6,0.0,8.0,0.00,ARMED,,12.5
1791266543114,28.605296,77.430237,8.0,CNG,11.30,17.6,,710,37.3,4.81,48.0,90.0,1.56,-3.13,13.4,3.7,8.0,0.00,ARMED,,16.5
1791266543631,28.605296,77.430237,8.0,CNG,10.02,20.0,,776,37.3,3.84,48.0,90.0,1.56,-3.13,13.4,7.0,8.0,0.00,ARMED,,16.5
1791266544205,28.605301,77.430257,7.0,CNG,7.91,21.2,1,1036,37.3,4.95,48.0,90.0,1.56,-3.13,13.4,8.6,7.0,0.00,ARMED,,17.6
1791266545097,28.605306,77.430278,8.0,CNG,5.05,23.1,1,1057,67.8,9.85,75.0,90.0,3.91,-3.91,13.4,11.2,7.5,0.30,ARMED,,22.0
1791266545642,28.605306,77.430278,10.0,CNG,5.08,22.7,1,1462,67.8,7.99,75.0,90.0,3.91,-3.91,13.7,10.7,9.3,1.16,ARMED,,19.6
1791266546149,28.605312,77.430305,11.0,CNG,6.22,14.9,,1283,67.8,5.32,75.0,90.0,3.91,-3.91,13.7,0.0,11.0,0.00,ARMED,,17.3
1791266547115,28.605319,77.430333,11.0,CNG,8.64,14.9,,1133,31.4,2.55,42.0,90.0,0.00,-2.34,13.3,0.0,11.0,0.00,ARMED,,14.9
1791266547642,28.605319,77.430333,11.0,CNG,10.11,18.8,2,784,31.4,3.40,42.0,90.0,0.00,-2.34,13.3,5.4,11.0,0.00,ARMED,,15.3
1791266548195,28.605327,77.430362,11.0,CNG,12.05,18.8,2,805,31.4,2.70,42.0,90.0,0.00,-2.34,13.7,5.4,11.0,0.00,ARMED,,15.3
1791266549033,28.605336,77.430392,11.0,CNG,13.30,18.4,2,836,42.4,2.87,52.0,90.0,0.78,-3.91,13.7,4.8,11.0,0.00,ARMED,,15.3
1791266549543,28.605336,77.430392,11.0,CNG,13.40,18.0,2,842,42.4,3.32,52.0,90.0,0.78,-3.91,13.5,4.3,11.0,0.00,ARMED,,15.3
1791266550087,28.605344,77.430421,11.0,CNG,13.53,17.6,2,830,42.4,3.27,52.0,90.0,0.78,-3.91,13.5,3.7,11.0,0.00,ARMED,,14.5
1791266551003,28.605352,77.430450,11.0,CNG,15.13,14.9,2,828,38.4,2.45,37.0,90.0,-2.34,0.78,13.7,0.0,11.0,-0.00,ARMED,,14.9
1791266551475,28.605352,77.430450,11.0,CNG,18.97,14.9,2,764,38.4,1.47,37.0,90.0,-2.34,0.78,13.7,0.0,10.4,-0.31,ARMED,,12.9
1791266552049,28.605360,77.430479,11.0,CNG,23.54,14.9,2,745,38.4,1.22,37.0,90.0,-2.34,0.78,13.7,0.0,10.1,-0.36,ARMED,,12.5
1791266553174,28.605367,77.430505,10.0,CNG,23.37,14.9,2,730,23.1,1.77,32.0,90.0,3.13,0.78,13.8,0.0,9.8,-0.39,ARMED,,12.5
1791266553684,28.605367,77.430505,9.0,CNG,10.36,21.6,2,703,23.1,7.04,32.0,90.0,3.13,0.78,13.8,9.1,9.4,-0.40,ARMED,,18.8
1791266554189,28.605374,77.430529,10.0,CNG,14.54,14.9,2,708,23.1,1.12,32.0,90.0,3.13,0.78,13.8,0.0,9.3,-0.35,ARMED,,12.5
1791266555105,28.605381,77.430554,9.0,CNG,16.75,14.9,2,720,24.7,1.64,33.0,90.0,-11.72,0.78,13.5,0.0,9.3,-0.22,ARMED,,11.4
1791266555635,28.605381,77.430554,9.0,CNG,17.10,17.3,,680,24.7,2.08,33.0,90.0,-11.72,0.78,13.5,3.2,9.0,0.00,ARMED,,12.5
1791266556147,28.605388,77.430578,9.0,CNG,12.25,16.9,,677,24.7,4.33,33.0,90.0,-11.72,0.78,13.5,2.7,9.0,0.00,ARMED,,16.1
1791266557106,28.605395,77.430602,9.0,CNG,14.04,16.5,,692,41.6,2.03,50.0,90.0,-2.34,0.78,13.5,2.1,9.0,0.00,ARMED,,14.1
1791266557676,28.605395,77.430602,10.0,CNG,15.76,15.7,2,706,41.6,2.16,50.0,90.0,-2.34,0.78,13.4,1.1,10.0,0.00,ARMED,,14.5
1791266558168,28.605402,77.430627,10.0,CNG,14.56,14.9,2,725,41.6,3.11,50.0,90.0,-2.34,0.78,13.4,0.0,10.0,0.00,ARMED,,15.3
1791266559070,28.605408,77.430652,10.0,CNG,14.25,16.9,2,734,44.7,2.96,53.0,90.0,-3.13,0.78,13.6,2.7,10.0,0.00,ARMED,,15.3
1791266559540,28.605408,77.430652,10.0,CNG,15.23,18.8,2,756,44.7,2.41,53.0,90.0,-3.13,0.78,13.6,5.4,10.0,0.00,ARMED,,14.9
1791266560069,28.605414,77.430679,10.0,CNG,13.53,18.0,2,757,44.7,3.52,53.0,90.0,-3.13,0.78,13.6,4.3,10.0,0.00,ARMED,,15.3
1791266560938,28.605420,77.430706,10.0,CNG,15.19,17.6,2,765,39.2,2.20,49.0,90.0,-0.78,-3.91,13.6,3.7,10.1,0.02,ARMED,,14.5
1791266561435,28.605420,77.430706,10.0,CNG,15.42,17.6,2,768,39.2,2.59,49.0,90.0,-0.78,-3.91,13.7,3.7,10.1,0.03,ARMED,,14.5
1791266561913,28.605426,77.430734,10.0,CNG,14.00,18.0,2,774,39.2,3.32,49.0,90.0,-0.78,-3.91,13.7,4.3,10.2,0.04,ARMED,,14.5
1791266562828,28.605426,77.430734,10.0,CNG,15.41,18.0,2,776,38.8,2.25,50.0,90.0,0.78,-3.91,13.3,4.3,10.2,0.05,ARMED,,14.5
1791266563322,28.605432,77.430762,10.0,CNG,16.05,18.0,2,773,38.8,2.39,50.0,90.0,0.78,-3.91,13.3,4.3,10.2,0.03,ARMED,,14.5
1791266563835,28.605432,77.430762,10.0,CNG,15.38,16.5,2,772,38.8,2.82,50.0,90.0,0.78,-3.91,13.4,2.1,10.2,0.02,ARMED,,14.9
1791266564760,28.605438,77.430790,10.0,CNG,15.61,15.7,2,778,40.0,2.56,48.0,90.0,-3.13,0.78,13.4,1.1,10.2,0.03,ARMED,,14.9
1791266565326,28.605446,77.430819,11.0,CNG,14.97,18.8,2,786,40.0,3.17,48.0,90.0,-3.13,0.78,13.5,5.4,10.3,0.06,ARMED,,15.7
1791266565833,28.605446,77.430819,11.0,CNG,15.55,18.8,2,804,40.0,2.73,48.0,90.0,-3.13,0.78,13.5,5.4,10.5,0.10,ARMED,,15.3
1791266566728,28.605453,77.430848,11.0,CNG,15.40,18.0,2,817,39.2,2.96,48.0,90.0,-0.78,-3.91,13.5,4.3,10.7,0.13,ARMED,,14.1
1791266567204,28.605459,77.430878,11.0,CNG,16.60,14.9,2,824,39.2,2.40,48.0,90.0,-0.78,-3.91,13.5,0.0,10.9,0.16,ARMED,,14.9
1791266567731,28.605459,77.430878,11.0,CNG,17.50,14.9,2,817,39.2,2.36,48.0,90.0,-0.78,-3.91,13.6,0.0,10.9,0.14,ARMED,,14.9
1791266568601,28.605465,77.430907,11.0,CNG,15.45,14.9,2,818,37.6,3.42,37.0,90.0,-2.34,0.78,13.6,0.0,10.9,0.12,ARMED,,14.9
1791266569121,28.605470,77.430937,10.0,CNG,16.52,14.9,2,776,37.6,2.19,37.0,90.0,-2.34,0.78,13.7,0.0,10.5,-0.16,ARMED,,12.9
1791266569662,28.605470,77.430937,9.0,CNG,20.19,14.9,2,742,37.6,1.11,37.0,90.0,-2.34,0.78,13.7,0.0,10.1,-0.35,ARMED,,12.5
1791266570536,28.605474,77.430960,7.0,CNG,17.95,14.9,,732,22.7,1.97,32.0,90.0,5.47,0.78,13.7,0.0,7.0,0.00,ARMED,,12.5
1791266571105,28.605476,77.430977,6.0,CNG,8.72,22.7,,712,22.7,5.98,32.0,90.0,5.47,0.78,13.7,10.7,6.0,0.00,ARMED,,17.6
1791266571672,28.605476,77.430977,6.0,CNG,6.65,21.2,1,778,22.7,5.36,32.0,90.0,5.47,0.78,13.1,8.6,6.0,0.00,ARMED,,18.8
1791266572667,28.605479,77.430995,8.0,CNG,10.46,14.9,,568,32.2,0.78,40.0,90.0,-3.91,0.78,13.1,0.0,8.0,0.00,ARMED,,10.6
1791266573221,28.605481,77.431016,8.0,CNG,8.88,14.9,,633,32.2,4.45,40.0,90.0,-3.91,0.78,13.3,0.0,8.0,0.00,ARMED,,17.6
1791266573716,28.605481,77.431016,9.0,CNG,13.04,14.9,,676,32.2,1.14,40.0,90.0,-3.91,0.78,13.3,0.0,9.0,0.00,ARMED,,12.5
1791266574616,28.605484,77.431040,8.0,CNG,13.42,14.9,,721,28.2,2.33,39.0,90.0,-4.69,0.78,13.6,0.0,8.0,0.00,ARMED,,13.7
1791266575110,28.605486,77.431061,7.0,CNG,12.93,14.9,,783,28.2,2.35,39.0,90.0,-4.69,0.78,13.6,0.0,7.0,0.00,ARMED,,14.1
1791266575694,28.605486,77.431061,7.0,CNG,7.89,22.0,,783,28.2,5.96,39.0,90.0,-4.69,0.78,13.5,9.6,7.0,0.00,ARMED,,18.4
1791266576575,28.605489,77.431080,7.0,CNG,9.09,14.9,,737,54.5,2.38,55.0,90.0,-3.91,0.78,13.5,0.0,7.0,0.00,ARMED,,14.1
1791266577111,28.605492,77.431100,7.0,CNG,9.90,14.9,,787,54.5,2.49,55.0,90.0,-3.91,0.78,13.6,0.0,7.0,0.00,ARMED,,14.9
1791266577641,28.605492,77.431100,7.0,CNG,10.25,19.6,,793,54.5,2.64,55.0,90.0,-3.91,0.78,13.6,6.4,7.0,0.00,ARMED,,14.9
1791266578553,28.605496,77.431121,8.0,CNG,9.34,14.9,,732,54.1,3.91,65.0,90.0,1.56,0.78,12.7,0.0,8.0,0.00,ARMED,,15.7
1791266579060,28.605501,77.431144,9.0,CNG,10.70,14.9,,627,54.1,2.82,65.0,90.0,1.56,0.78,12.7,0.0,9.0,0.00,ARMED,,14.1
1791266579573,28.605501,77.431144,9.0,CNG,12.84,14.9,,642,54.1,2.09,65.0,90.0,1.56,0.78,13.1,0.0,9.0,0.00,ARMED,,14.5
1791266580463,28.605507,77.431168,9.0,CNG,12.23,14.9,,665,45.5,3.21,64.0,90.0,-3.91,0.78,13.1,0.0,9.0,0.00,ARMED,,14.9
1791266581008,28.605513,77.431189,7.0,CNG,10.44,14.9,,814,45.5,3.48,64.0,90.0,-3.91,0.78,13.4,0.0,7.0,0.00,ARMED,,14.9
1791266581495,28.605513,77.431189,4.0,CNG,8.27,14.9,,826,45.5,3.21,64.0,90.0,-3.91,0.78,13.4,0.0,4.0,0.00,ARMED,,14.9
1791266582378,28.605517,77.431201,4.0,CNG,7.77,14.9,,826,38.4,2.41,48.0,90.0,-2.34,0.78,13.7,0.0,4.0,0.00,ARMED,,14.9
1791266582870,28.605520,77.431210,4.0,CNG,6.65,14.9,,832,38.4,3.18,48.0,90.0,-2.34,0.78,13.7,0.0,4.0,0.00,ARMED,,14.9
1791266583456,28.605520,77.431210,4.0,CNG,6.66,14.9,,845,38.4,2.45,48.0,90.0,-2.34,0.78,13.5,0.0,4.0,0.00,ARMED,,14.9
1791266584357,28.605523,77.431218,3.0,CNG,6.09,14.9,,826,38.4,2.40,49.0,91.0,0.78,0.78,13.5,0.0,3.0,0.00,ARMED,,14.9
1791266584926,28.605525,77.431224,2.0,CNG,4.79,14.9,,831,38.4,2.78,49.0,91.0,0.78,0.78,13.5,0.0,2.0,0.00,ARMED,,15.3
1791266585477,28.605525,77.431224,2.0,CNG,,20.8,,825,38.4,3.48,49.0,90.0,0.78,0.78,13.5,8.0,2.0,0.00,ARMED,,15.3
1791266586385,28.605527,77.431229,2.0,CNG,,20.4,,896,58.8,5.41,62.0,91.0,4.69,-3.13,13.1,7.5,2.0,0.00,ARMED,,17.6
1791266586892,28.605529,77.431237,4.0,CNG,3.41,17.3,,824,58.8,3.18,62.0,91.0,4.69,-3.13,13.1,3.2,4.0,0.00,ARMED,,14.5
1791266587422,28.605529,77.431237,4.0,CNG,3.82,15.3,,820,58.8,3.69,62.0,91.0,4.69,-3.13,13.2,0.5,4.0,0.00,ARMED,,16.5
1791266588274,28.605532,77.431249,5.0,CNG,4.50,14.9,1,769,54.1,3.72,52.0,91.0,-6.25,0.78,13.2,0.0,5.0,0.00,ARMED,,15.7
1791266588796,28.605532,77.431249,6.0,CNG,5.77,16.9,1,819,54.1,3.03,52.0,91.0,-6.25,0.78,13.5,2.7,5.7,0.38,ARMED,,14.9
1791266589282,28.605537,77.431265,6.0,CNG,8.24,19.2,1,775,54.1,1.43,52.0,91.0,-6.25,0.78,13.5,5.9,5.9,0.40,ARMED,,12.5
1791266590145,28.605541,77.431281,6.0,CNG,8.21,20.4,1,800,40.8,3.01,55.0,91.0,10.16,-3.91,13.7,7.5,6.1,0.38,ARMED,,15.3
1791266590631,28.605541,77.431281,6.0,CNG,7.14,20.4,,928,40.8,4.05,55.0,91.0,10.16,-3.91,13.7,7.5,6.0,0.00,ARMED,,15.7
1791266591133,28.605545,77.431299,7.0,CNG,7.75,19.2,1,1063,40.8,3.30,55.0,91.0,10.16,-3.91,13.5,5.9,7.0,0.00,ARMED,,15.7
1791266592220,28.605551,77.431321,8.0,CNG,9.43,14.9,1,1095,25.1,2.59,34.0,91.0,3.13,0.78,13.5,0.0,7.5,0.29,ARMED,,14.1
1791266592790,28.605551,77.431321,8.0,CNG,11.16,18.0,,850,25.1,2.23,34.0,91.0,3.13,0.78,13.1,4.3,8.0,0.00,ARMED,,12.9
1791266593276,28.605556,77.431344,8.0,CNG,12.77,18.4,,601,25.1,2.05,34.0,91.0,3.13,0.78,13.1,4.8,8.0,0.00,ARMED,,12.5
1791266594229,28.605561,77.431367,8.0,CNG,17.05,18.4,,600,25.1,1.00,37.0,91.0,4.69,-3.91,13.1,4.8,8.0,0.00,ARMED,,12.2
1791266594742,28.605561,77.431367,8.0,CNG,21.28,19.2,,593,25.1,0.98,37.0,91.0,4.69,-3.91,13.1,5.9,8.0,0.00,ARMED,,12.9
1791266595245,28.605566,77.431390,8.0,CNG,14.73,20.0,,599,25.1,3.23,37.0,91.0,4.69,-3.91,13.3,7.0,8.0,0.00,ARMED,,14.9
1791266596160,28.605570,77.431413,8.0,CNG,13.80,20.0,,623,50.2,2.59,64.0,90.0,0.78,-3.91,13.3,7.0,8.0,0.00,ARMED,,14.9
1791266596670,28.605570,77.431413,9.0,CNG,13.55,20.0,,687,50.2,2.78,64.0,90.0,0.78,-3.91,13.6,7.0,9.0,0.00,ARMED,,15.3
1791266597174,28.605575,77.431439,10.0,CNG,12.36,20.0,2,722,50.2,3.67,64.0,91.0,0.78,-3.91,13.6,7.0,10.0,0.00,ARMED,,15.3
1791266598070,28.605577,77.431466,10.0,CNG,12.12,20.0,2,755,55.3,3.46,67.0,91.0,0.78,-3.13,13.6,7.0,10.0,0.00,ARMED,,16.1
1791266598586,28.605577,77.431466,10.0,CNG,11.20,20.0,2,785,55.3,4.04,67.0,91.0,0.78,-3.13,13.6,7.0,10.0,0.00,ARMED,,16.5
1791266599085,28.605578,77.431495,11.0,CNG,10.99,19.2,2,799,55.3,4.19,67.0,91.0,0.78,-3.13,13.5,5.9,10.5,0.28,ARMED,,16.1
1791266600000,28.605576,77.431524,11.0,CNG,14.28,14.9,2,799,42.7,1.84,49.0,91.0,-4.69,0.78,13.5,0.0,10.8,0.39,ARMED,,13.3
1791266600505,28.605576,77.431524,11.0,CNG,13.76,14.9,2,811,42.7,3.44,49.0,91.0,-4.69,0.78,13.6,0.0,11.2,0.39,ARMED,,14.9
1791266601003,28.605572,77.431553,10.0,CNG,12.86,14.9,2,824,42.7,3.51,49.0,91.0,-4.69,0.78,13.6,0.0,11.3,0.38,ARMED,,14.9
1791266601950,28.605567,77.431580,10.0,CNG,13.94,14.9,2,828,38.8,2.55,48.0,91.0,-2.34,0.00,13.5,0.0,11.4,0.35,ARMED,,14.9
1791266602442,28.605567,77.431580,10.0,CNG,12.47,18.8,2,783,38.8,3.81,48.0,91.0,-2.34,0.00,13.5,5.4,11.0,-0.06,ARMED,,15.3
1791266602988,28.605560,77.431607,10.0,CNG,10.53,14.9,2,750,38.8,4.80,48.0,91.0,-2.34,0.00,13.8,0.0,10.6,-0.29,ARMED,,16.9
1791266603830,28.605560,77.431607,10.0,CNG,11.49,14.9,2,821,40.0,3.07,49.0,91.0,-3.13,-0.78,13.8,0.0,10.8,-0.10,ARMED,,14.9
1791266604354,28.605552,77.431630,8.0,CNG,10.81,14.9,,825,40.0,3.36,49.0,91.0,-3.13,-0.78,13.5,0.0,8.0,0.00,ARMED,,14.9
1791266604867,28.605542,77.431650,7.0,CNG,9.81,20.0,,824,40.0,3.45,49.0,91.0,-3.13,-0.78,13.5,7.0,7.0,0.00,ARMED,,14.9
1791266605765,28.605542,77.431650,7.0,CNG,5.23,23.9,1,866,78.0,10.04,76.0,91.0,4.69,-3.13,13.6,12.3,7.0,0.00,ARMED,,23.5
1791266606274,28.605532,77.431665,8.0,CNG,5.23,20.0,,1354,78.0,6.25,76.0,91.0,4.69,-3.13,13.6,7.0,8.0,0.00,ARMED,,18.4
1791266606793,28.605532,77.431665,9.0,CNG,7.68,19.6,,636,78.0,1.85,76.0,91.0,4.69,-3.13,13.4,6.4,9.0,0.00,ARMED,,12.9
1791266607672,28.605515,77.431682,10.0,CNG,9.31,19.2,2,723,41.2,3.22,46.0,91.0,-0.78,-3.13,13.4,5.9,10.0,0.00,ARMED,,14.5
1791266608199,28.605493,77.431693,10.0,CNG,9.62,19.6,2,744,41.2,4.06,46.0,91.0,-0.78,-3.13,13.6,6.4,10.0,0.00,ARMED,,16.9
1791266608690,28.605493,77.431693,10.0,CNG,9.70,20.4,2,755,41.2,4.16,46.0,91.0,-0.78,-3.13,13.6,7.5,10.0,0.00,ARMED,,16.1
1791266609583,28.605469,77.431699,10.0,CNG,8.92,21.6,2,770,70.2,5.11,84.0,91.0,3.13,-3.13,13.6,9.1,10.0,0.00,ARMED,,17.6
1791266610112,28.605442,77.431698,11.0,CNG,8.18,22.7,2,857,70.2,6.12,84.0,91.0,3.13,-3.13,13.6,10.7,10.7,0.39,ARMED,,21.2
1791266610647,28.605442,77.431698,13.0,CNG,7.70,23.1,2,954,70.2,7.38,84.0,91.0,3.13,-3.13,13.6,11.2,11.5,0.79,ARMED,,22.4
1791266611713,28.605415,77.431683,14.0,CNG,7.65,23.1,2,1073,76.9,7.53,81.0,91.0,0.00,-3.13,13.5,11.2,12.9,1.36,ARMED,,21.6
1791266612237,28.605392,77.431651,16.0,CNG,8.00,23.1,2,1232,76.9,7.74,81.0,91.0,0.00,-3.13,13.5,11.2,15.6,2.04,ARMED,,20.8
1791266612759,28.605392,77.431651,17.0,CNG,8.14,23.1,2,1297,76.9,8.36,81.0,91.0,0.00,-3.13,13.5,11.2,16.8,2.07,ARMED,,20.4
1791266613702,28.605374,77.431604,18.0,CNG,8.74,22.7,2,1356,56.5,7.62,62.0,91.0,-2.34,-3.13,13.7,10.7,17.9,2.04,ARMED,,19.6
1791266614191,28.605352,77.431544,20.0,CNG,11.22,14.9,2,1436,56.5,4.77,62.0,91.0,-2.34,-3.13,13.7,0.0,19.2,1.75,ARMED,,16.9
1791266614750,28.605352,77.431544,19.0,CNG,12.65,19.6,2,1425,56.5,5.05,62.0,91.0,-2.34,-3.13,13.7,6.4,19.4,1.36,ARMED,,17.3
1791266615662,28.605336,77.431494,20.0,CNG,13.73,20.4,2,1480,28.6,5.25,41.0,91.0,-1.56,-3.13,13.7,7.5,19.8,1.18,ARMED,,17.6
1791266616172,28.605320,77.431445,20.0,CNG,13.12,23.5,2,1516,28.6,6.63,41.0,91.0,-1.56,-3.13,13.7,11.8,20.3,0.82,ARMED,,18.8
1791266616674,28.605320,77.431445,21.0,CNG,12.64,23.9,2,1572,28.6,7.13,41.0,91.0,-1.56,-3.13,13.7,12.3,20.7,0.83,ARMED,,19.2
1791266617552,28.605299,77.431389,22.0,CNG,12.35,24.7,2,1658,43.9,7.52,53.0,91.0,0.78,-3.13,13.7,13.4,21.5,1.05,ARMED,,19.6
1791266618039,28.605280,77.431326,24.0,CNG,11.98,24.7,2,1784,43.9,8.51,53.0,91.0,0.78,-3.13,13.7,13.4,23.2,1.51,ARMED,,20.0
1791266618615,28.605280,77.431326,25.0,CNG,11.84,24.7,2,1868,43.9,8.76,53.0,91.0,0.78,-3.13,13.5,13.4,24.4,1.72,ARMED,,20.0
1791266619476,28.605261,77.431263,26.0,CNG,12.35,24.7,2,1953,40.0,8.12,51.0,90.0,0.00,-3.13,13.5,13.4,25.6,1.90,ARMED,,20.0
1791266620015,28.605236,77.431191,28.0,CNG,15.92,14.9,2,2036,40.0,4.47,51.0,90.0,0.00,-3.13,13.8,0.0,27.2,1.86,ARMED,,16.1
1791266620514,28.605236,77.431191,28.0,CNG,20.86,14.9,3,1553,40.0,3.13,51.0,90.0,0.00,-3.13,13.8,0.0,28.0,0.00,ARMED,,15.3
1791266621377,28.605214,77.431117,28.0,CNG,19.36,22.0,4,1160,39.2,6.52,51.0,90.0,0.00,-3.13,13.7,9.6,28.0,0.00,ARMED,,18.4
1791266621882,28.605190,77.431043,28.0,CNG,18.52,22.0,3,1433,39.2,6.57,51.0,90.0,0.00,-3.13,13.7,9.6,28.0,0.00,ARMED,,18.8
1791266622418,28.605190,77.431043,28.0,CNG,17.35,22.0,3,1443,39.2,7.21,51.0,90.0,0.00,-3.13,13.7,9.6,28.0,0.00,ARMED,,19.6
1791266623287,28.605169,77.430966,29.0,CNG,16.34,22.0,3,1482,47.1,7.86,53.0,90.0,0.00,-3.13,13.7,9.6,28.5,0.28,ARMED,,19.6
1791266623811,28.605169,77.430966,30.0,CNG,16.74,22.0,3,1516,47.1,7.07,53.0,90.0,0.00,-3.13,13.6,9.6,29.6,0.77,ARMED,,19.2
1791266624382,28.605147,77.430886,30.0,CNG,16.47,22.0,3,1531,47.1,7.62,53.0,90.0,0.00,-3.13,13.6,9.6,30.0,0.76,ARMED,,19.2
1791266625291,28.605126,77.430804,31.0,CNG,16.91,22.0,3,1578,43.5,7.21,51.0,90.0,-1.56,-3.13,13.5,9.6,30.6,0.91,ARMED,,19.2
1791266625799,28.605126,77.430804,31.0,CNG,17.52,21.6,3,1602,43.5,6.85,51.0,90.0,-1.56,-3.13,13.5,9.1,31.4,0.89,ARMED,,19.2
1791266626361,28.605104,77.430721,32.0,CNG,17.51,22.0,3,1637,43.5,7.47,51.0,90.0,-1.56,-3.13,13.6,9.6,31.9,0.92,ARMED,,19.2
1791266627232,28.605081,77.430635,32.0,CNG,17.51,22.0,3,1674,40.4,7.47,51.0,90.0,-0.78,-3.13,13.6,9.6,32.6,0.96,ARMED,,19.2
1791266627785,28.605081,77.430635,33.0,CNG,18.25,21.6,3,1695,40.4,6.95,51.0,90.0,-0.78,-3.13,13.4,9.1,33.3,0.90,ARMED,,19.2
1791266628266,28.605056,77.430546,34.0,CNG,20.89,21.6,3,1732,40.4,5.29,51.0,90.0,-0.78,-3.13,13.4,9.1,33.8,0.92,ARMED,,17.6
1791266629164,28.605034,77.430455,34.0,CNG,22.78,21.6,3,1752,29.8,5.30,42.0,90.0,0.00,-3.91,13.7,9.1,34.2,0.93,ARMED,,18.0
1791266629656,28.605034,77.430455,35.0,CNG,24.43,21.6,3,1792,29.8,5.25,42.0,89.0,0.00,-3.91,13.7,9.1,35.0,0.92,ARMED,,17.6
1791266630192,28.605008,77.430364,35.0,CNG,26.09,21.6,3,1786,29.8,4.94,42.0,89.0,0.00,-3.91,13.6,9.1,35.2,0.76,ARMED,,17.6
1791266631200,28.604987,77.430265,35.0,CNG,26.07,21.2,3,1795,26.3,5.49,40.0,89.0,-0.78,-3.91,13.7,8.6,35.4,0.60,ARMED,,17.3
1791266631693,28.604987,77.430265,36.0,CNG,26.78,21.2,3,1825,26.3,5.28,40.0,89.0,-0.78,-3.91,13.6,8.6,35.8,0.55,ARMED,,17.3
1791266632218,28.604962,77.430168,36.0,CNG,27.92,21.2,3,1817,26.3,4.94,40.0,89.0,-0.78,-3.91,13.6,8.6,35.8,0.40,ARMED,,17.3
1791266633127,28.604938,77.430077,36.0,CNG,29.34,21.2,3,1851,25.1,4.64,38.0,89.0,1.56,-3.91,13.7,8.6,36.1,0.43,ARMED,,17.3
1791266633686,28.604938,77.430077,36.0,CNG,28.57,21.2,3,1855,25.1,5.35,38.0,89.0,1.56,-3.91,13.7,8.6,36.4,0.38,ARMED,,17.3
1791266634181,28.604911,77.429981,36.0,CNG,29.23,21.2,3,1863,25.1,4.86,38.0,89.0,1.56,-3.91,13.7,8.6,36.5,0.36,ARMED,,17.3
1791266635136,28.604886,77.429881,36.0,CNG,29.69,21.2,3,1870,24.7,4.84,37.0,89.0,1.56,-3.91,13.7,8.6,36.6,0.34,ARMED,,17.3
1791266635672,28.604886,77.429881,37.0,CNG,27.77,21.2,3,1869,24.7,5.96,37.0,89.0,1.56,-3.91,13.6,8.6,36.7,0.27,ARMED,,18.4
1791266636149,28.604860,77.429781,37.0,CNG,26.07,21.2,3,1896,24.7,6.32,37.0,89.0,1.56,-3.91,13.6,8.6,36.9,0.30,CANDIDATE,36.9,18.8
1791266637099,28.604834,77.429682,37.0,CNG,23.90,21.2,3,1893,32.2,7.11,46.0,89.0,0.78,-3.13,13.6,8.6,37.0,0.29,CANDIDATE,37.0,18.8
1791266637734,28.604834,77.429682,37.0,CNG,22.65,21.2,3,1918,32.2,7.20,46.0,89.0,0.78,-3.13,13.6,8.6,37.4,0.32,LOCKED,37.4,18.8
1791266638286,28.604807,77.429581,37.0,CNG,22.61,21.2,3,1929,32.2,6.70,46.0,89.0,0.78,-3.13,13.6,8.6,37.6,0.33,LOCKED,37.4,19.2
1791266639157,28.604781,77.429482,37.0,CNG,22.90,20.8,3,1907,32.2,6.48,45.0,89.0,0.78,-3.13,13.6,8.0,37.5,0.14,LOCKED,37.4,18.8
1791266639729,28.604781,77.429482,38.0,CNG,23.52,18.4,3,1940,32.2,6.34,45.0,89.0,0.78,-3.13,13.7,4.8,37.8,0.19,LOCKED,37.4,18.8
1791266640273,28.604758,77.429382,37.0,CNG,28.41,14.9,3,1813,32.2,3.65,45.0,88.0,0.78,-3.13,13.7,0.0,36.6,-0.57,LOCKED,37.4,16.1
1791266641146,28.604736,77.429279,37.0,CNG,30.10,14.9,5,1098,32.2,4.57,38.0,88.0,0.00,-0.78,13.4,0.0,37.0,0.00,PAUSED,37.4,16.9
1791266641699,28.604736,77.429279,36.0,CNG,36.95,14.9,5,1069,32.2,2.58,38.0,88.0,0.00,-0.78,13.4,0.0,36.3,-0.39,PAUSED,37.4,15.3
1791266642267,28.604716,77.429182,35.0,CNG,47.13,14.9,5,1002,32.2,1.72,38.0,88.0,0.00,-0.78,13.7,0.0,35.6,-0.71,PAUSED,37.4,12.5
1791266643161,28.604696,77.429089,34.0,CNG,53.82,14.9,5,945,23.5,2.00,32.0,88.0,6.25,-0.78,13.7,0.0,34.6,-1.06,PAUSED,37.4,13.7
1791266643687,28.604696,77.429089,33.0,CNG,60.78,14.9,5,901,23.5,1.76,32.0,88.0,6.25,-0.78,13.7,0.0,33.2,-1.31,PAUSED,37.4,13.3
1791266644174,28.604684,77.429001,32.0,CNG,61.24,14.9,,850,23.5,2.11,32.0,89.0,6.25,-0.78,13.7,0.0,32.0,0.00,PAUSED,37.4,12.9
1791266645070,28.604666,77.428910,32.0,CNG,64.73,14.9,,734,22.4,1.84,33.0,89.0,3.91,-0.78,13.6,0.0,32.0,0.00,PAUSED,37.4,12.5
1791266645543,28.604666,77.428910,32.0,CNG,56.01,20.4,,728,22.4,2.82,33.0,89.0,3.91,-0.78,13.6,7.5,32.0,0.00,PAUSED,37.4,15.7
1791266646062,28.604651,77.428821,32.0,CNG,39.02,22.4,4,1181,22.4,4.90,33.0,89.0,3.91,-0.78,13.7,10.2,32.0,0.00,ARMED,,16.9
1791266646949,28.604635,77.428735,31.0,CNG,28.32,23.9,3,1603,41.2,6.39,52.0,89.0,0.00,-3.13,13.7,12.3,31.0,0.00,ARMED,,18.8
1791266647457,28.604635,77.428735,32.0,CNG,21.38,24.3,3,1666,41.2,8.35,52.0,89.0,0.00,-3.13,13.6,12.8,31.7,0.38,ARMED,,20.0
1791266647957,28.604618,77.428644,33.0,CNG,16.91,24.3,3,1685,41.2,10.39,52.0,89.0,0.00,-3.13,13.6,12.8,32.4,0.71,ARMED,,21.2
1791266648899,28.604592,77.428552,34.0,CNG,15.30,24.3,3,1737,51.8,10.31,59.0,89.0,2.34,-2.34,13.5,12.8,33.4,1.06,ARMED,,21.2
1791266649401,28.604592,77.428552,35.0,CNG,14.72,23.9,3,1813,51.8,10.25,59.0,89.0,2.34,-2.34,13.5,12.3,34.8,1.32,ARMED,,20.8
1791266649913,28.604569,77.428454,36.0,CNG,15.44,23.1,3,1847,51.8,8.87,59.0,89.0,2.34,-2.34,13.6,11.2,35.6,1.35,ARMED,,20.4
1791266650918,28.604540,77.428356,36.0,CNG,16.58,21.2,3,1845,37.3,7.93,33.0,89.0,0.00,0.00,13.6,8.6,36.0,1.18,ARMED,,20.0
1791266651432,28.604540,77.428356,36.0,CNG,22.53,14.9,5,1113,37.3,3.09,33.0,89.0,0.00,0.00,13.4,0.0,36.0,0.00,ARMED,,15.7
1791266651916,28.604511,77.428261,36.0,CNG,29.58,14.9,5,1112,37.3,2.67,33.0,89.0,0.00,0.00,13.4,0.0,36.0,0.00,ARMED,,15.3
1791266652820,28.604511,77.428261,36.0,CNG,33.19,14.9,5,1044,32.9,3.63,43.0,89.0,0.00,-0.78,13.4,0.0,36.0,0.00,ARMED,,15.3
1791266653315,28.604486,77.428166,35.0,CNG,36.49,14.9,,866,32.9,3.32,43.0,89.0,0.00,-0.78,13.4,0.0,35.0,0.00,ARMED,,14.9
1791266653844,28.604451,77.428077,34.0,CNG,42.79,14.9,,839,32.9,2.37,43.0,89.0,0.00,-0.78,13.6,0.0,34.0,0.00,ARMED,,14.9
1791266654742,28.604451,77.428077,31.0,CNG,44.82,14.9,5,834,37.6,2.60,48.0,90.0,-1.56,-0.78,13.6,0.0,31.0,0.00,ARMED,,14.9
1791266655261,28.604422,77.427994,29.0,CNG,57.15,14.9,5,820,37.6,1.09,48.0,90.0,-1.56,-0.78,13.3,0.0,29.7,-0.76,ARMED,,11.0
1791266655741,28.604422,77.427994,28.0,CNG,61.02,14.9,5,777,37.6,1.66,48.0,90.0,-1.56,-0.78,13.3,0.0,28.7,-1.13,ARMED,,12.9
1791266656613,28.604389,77.427921,26.0,CNG,62.75,14.9,5,737,22.7,1.61,34.0,90.0,3.91,-0.78,13.7,0.0,27.2,-1.71,ARMED,,12.5
1791266657092,28.604352,77.427866,23.0,CNG,56.76,21.2,5,738,22.7,1.95,34.0,90.0,3.91,-0.78,13.7,8.6,23.9,-2.72,ARMED,,12.5
1791266657619,28.604352,77.427866,23.0,CNG,24.95,23.5,4,883,22.7,7.39,34.0,90.0,3.91,-0.78,13.7,11.8,23.0,0.00,ARMED,,19.6
1791266658477,28.604310,77.427821,22.0,CNG,22.04,22.4,2,1646,31.8,4.89,44.0,90.0,-0.78,-3.13,13.7,10.2,22.0,0.00,ARMED,,17.6
1791266658997,28.604263,77.427783,23.0,CNG,18.59,15.3,2,1682,31.8,6.28,44.0,90.0,-0.78,-3.13,13.8,0.5,22.7,0.38,ARMED,,18.0
1791266659531,28.604263,77.427783,23.0,CNG,19.78,19.2,2,1714,31.8,4.29,44.0,90.0,-0.78,-3.13,13.8,5.9,22.9,0.40,ARMED,,16.1
1791266660691,28.604209,77.427753,23.0,CNG,22.54,14.9,2,1718,20.4,3.29,33.0,90.0,0.00,-3.13,13.7,0.0,23.1,0.37,ARMED,,15.7
1791266661377,28.604156,77.427729,23.0,CNG,18.22,21.6,2,1701,20.4,6.65,33.0,90.0,0.00,-3.13,13.7,9.1,23.0,0.07,ARMED,,18.8
1791266661986,28.604099,77.427713,23.0,CNG,15.78,21.6,2,1757,20.4,7.16,33.0,90.0,0.00,-3.13,13.6,9.1,23.3,0.24,ARMED,,18.8
1791266663092,28.604038,77.427713,24.0,CNG,14.92,21.2,2,1796,34.5,7.09,47.0,90.0,-3.13,-3.13,13.6,8.6,23.8,0.43,ARMED,,18.8
1791266663764,28.604038,77.427713,25.0,CNG,14.43,22.0,2,1837,34.5,7.41,47.0,90.0,-3.13,-3.13,13.6,9.6,24.5,0.51,ARMED,,19.6
1791266664375,28.603973,77.427730,25.0,CNG,13.72,22.4,2,1881,34.5,7.97,47.0,90.0,-3.13,-3.13,13.6,10.2,25.1,0.57,ARMED,,19.6
1791266665527,28.603911,77.427761,26.0,CNG,13.77,22.0,2,1949,37.3,7.68,49.0,90.0,0.00,-3.13,13.5,9.6,25.8,0.80,ARMED,,19.6
1791266666183,28.603851,77.427791,27.0,CNG,17.92,17.6,,1691,37.3,3.58,49.0,90.0,0.00,-3.13,13.5,3.7,27.0,0.00,ARMED,,15.3
1791266666839,28.603789,77.427824,27.0,CNG,15.18,23.1,3,1364,37.3,8.86,49.0,90.0,0.00,-3.13,13.6,11.2,27.0,0.00,ARMED,,20.4
1791266667955,28.603725,77.427860,28.0,CNG,14.67,22.7,3,1420,52.2,8.17,54.0,89.0,-2.34,-3.13,13.6,10.7,27.6,0.34,ARMED,,20.0
1791266668683,28.603725,77.427860,30.0,CNG,15.90,21.6,3,1510,52.2,6.84,54.0,89.0,-2.34,-3.13,13.7,9.1,29.5,1.17,ARMED,,18.8
1791266669348,28.603660,77.427898,30.0,CNG,16.20,21.6,3,1549,52.2,7.36,54.0,90.0,-2.34,-3.13,13.7,9.1,30.1,1.12,ARMED,,19.2
1791266670359,28.603592,77.427937,31.0,CNG,18.79,21.6,3,1583,32.2,5.24,44.0,90.0,-0.78,-3.13,13.5,9.1,30.8,1.09,ARMED,,17.6
1791266670847,28.603520,77.427976,32.0,CNG,20.76,21.6,3,1629,32.2,5.38,44.0,90.0,-0.78,-3.13,13.5,9.1,31.7,1.06,ARMED,,17.6
1791266671417,28.603520,77.427976,32.0,CNG,21.81,21.6,3,1641,32.2,5.56,44.0,90.0,-0.78,-3.13,13.7,9.1,32.0,1.01,ARMED,,17.3
1791266672460,28.603449,77.428019,32.0,CNG,22.94,21.6,3,1663,29.8,5.27,41.0,90.0,-0.78,-3.13,13.6,9.1,32.4,0.96,ARMED,,17.6
1791266672990,28.603378,77.428060,33.0,CNG,28.64,14.9,3,1686,29.8,3.03,41.0,90.0,-0.78,-3.13,13.6,0.0,32.9,0.68,ARMED,,15.7
1791266673523,28.603378,77.428060,32.0,CNG,31.47,19.2,3,1660,29.8,3.54,41.0,90.0,-0.78,-3.13,13.6,5.9,32.8,0.35,ARMED,,15.7
1791266674456,28.603305,77.428100,32.0,CNG,27.34,22.0,3,1656,31.0,5.73,44.0,90.0,-0.78,-3.13,13.4,9.6,32.6,0.13,ARMED,,17.6
1791266674940,28.603235,77.428142,33.0,CNG,24.73,22.4,3,1689,31.0,6.21,44.0,90.0,-0.78,-3.13,13.4,10.2,32.8,0.15,ARMED,,18.4
1791266675460,28.603235,77.428142,33.0,CNG,23.27,22.4,3,1694,31.0,6.30,44.0,90.0,-0.78,-3.13,13.5,10.2,32.9,0.16,ARMED,,18.4
1791266676374,28.603160,77.428184,34.0,CNG,22.53,22.4,3,1733,33.7,6.45,47.0,90.0,-0.78,-3.13,13.5,10.2,33.3,0.38,CANDIDATE,33.3,18.4
1791266676893,28.603084,77.428229,35.0,CNG,22.07,22.4,3,1780,33.7,6.67,47.0,90.0,-0.78,-3.13,13.6,10.2,34.3,0.75,ARMED,,18.4
1791266677405,28.603084,77.428229,35.0,CNG,21.66,22.4,3,1800,33.7,6.78,47.0,89.0,-0.78,-3.13,13.6,10.2,34.8,0.79,ARMED,,18.4
1791266678319,28.603006,77.428274,35.0,CNG,20.19,22.4,3,1802,38.8,7.79,50.0,89.0,0.78,-3.13,13.6,10.2,35.1,0.76,ARMED,,19.6
1791266678825,28.603006,77.428274,36.0,CNG,19.56,22.4,3,1826,38.8,7.86,50.0,89.0,0.78,-3.13,13.6,10.2,35.6,0.70,ARMED,,19.6
1791266679357,28.602927,77.428321,36.0,CNG,18.68,22.4,3,1869,38.8,8.40,50.0,89.0,0.78,-3.13,13.5,10.2,36.2,0.76,ARMED,,20.0
1791266680190,28.602847,77.428370,36.0,CNG,18.16,22.7,3,1858,41.6,8.43,53.0,89.0,1.56,-3.13,13.5,10.7,36.4,0.64,ARMED,,20.0
1791266680736,28.602847,77.428370,37.0,CNG,18.15,22.7,3,1884,41.6,8.34,53.0,89.0,1.56,-3.13,13.7,10.7,36.8,0.60,ARMED,,20.0
1791266681229,28.602766,77.428419,37.0,CNG,18.28,22.7,3,1930,41.6,8.18,53.0,89.0,1.56,-3.13,13.7,10.7,37.3,0.74,ARMED,,20.0
1791266682111,28.602682,77.428467,38.0,CNG,17.97,22.7,3,1927,40.4,8.85,53.0,89.0,0.00,-3.13,13.4,10.7,37.6,0.72,ARMED,,20.0
1791266682657,28.602682,77.428467,38.0,CNG,18.33,22.7,3,1956,40.4,8.23,53.0,89.0,0.00,-3.13,13.4,10.7,38.1,0.68,ARMED,,19.6
1791266683216,28.602599,77.428518,39.0,CNG,18.37,23.1,3,1976,40.4,8.65,53.0,89.0,0.00,-3.13,13.6,11.2,38.5,0.68,ARMED,,20.4
1791266684103,28.602515,77.428572,39.0,CNG,17.70,23.1,3,2009,41.2,9.49,53.0,89.0,0.00,-3.13,13.6,11.2,39.0,0.72,ARMED,,20.4
1791266684670,28.602515,77.428572,40.0,CNG,19.99,14.9,3,2032,41.2,6.65,53.0,89.0,0.00,-3.13,13.4,0.0,39.6,0.71,ARMED,,18.4
1791266685194,28.602427,77.428627,40.0,CNG,24.42,14.9,3,1966,41.2,4.52,53.0,89.0,0.00,-3.13,13.4,0.0,39.2,0.22,ARMED,,16.5
1791266686085,28.602341,77.428681,39.0,CNG,29.87,19.6,4,1463,22.0,3.53,41.0,89.0,0.00,-3.13,13.5,6.4,39.0,0.00,ARMED,,14.9
1791266686594,28.602341,77.428681,39.0,CNG,28.48,22.4,4,1503,22.0,5.99,41.0,89.0,0.00,-3.13,13.5,10.2,39.0,0.00,ARMED,,18.0
1791266687127,28.602255,77.428734,39.0,CNG,27.38,22.4,4,1515,22.0,6.16,41.0,89.0,0.00,-3.13,13.6,10.2,39.0,0.00,ARMED,,18.0
1791266687979,28.602169,77.428787,39.0,CNG,26.20,22.4,4,1526,36.9,6.48,48.0,89.0,-0.78,-3.13,13.6,10.2,39.0,0.00,ARMED,,18.4
1791266688503,28.602169,77.428787,40.0,CNG,25.88,22.4,4,1575,36.9,6.43,48.0,89.0,-0.78,-3.13,13.5,10.2,39.7,0.38,ARMED,,18.4
1791266689032,28.602081,77.428840,41.0,CNG,26.65,22.4,4,1574,36.9,6.02,48.0,89.0,-0.78,-3.13,13.5,10.2,39.9,0.40,ARMED,,18.4
1791266689984,28.601992,77.428893,41.0,CNG,27.67,22.4,4,1588,34.9,5.71,38.0,89.0,-0.78,-3.13,13.7,10.2,40.3,0.44,ARMED,,18.0
1791266690488,28.601992,77.428893,41.0,CNG,32.80,21.6,4,1606,34.9,3.71,38.0,89.0,-0.78,-3.13,13.7,9.1,40.8,0.47,ARMED,,15.7
1791266691008,28.601901,77.428949,41.0,CNG,30.72,21.6,4,1623,34.9,5.97,38.0,89.0,-0.78,-3.13,13.7,9.1,41.2,0.51,ARMED,,18.4
1791266692026,28.601811,77.429007,42.0,CNG,29.26,21.6,4,1620,37.6,6.27,50.0,89.0,-1.56,-3.13,13.6,9.1,41.3,0.48,ARMED,,18.8
1791266692575,28.601811,77.429007,42.0,CNG,27.19,22.0,4,1627,37.6,6.97,50.0,89.0,-1.56,-3.13,13.7,9.6,41.6,0.40,ARMED,,19.2
1791266693115,28.601718,77.429062,42.0,CNG,25.04,22.0,4,1623,37.6,7.66,50.0,89.0,-1.56,-3.13,13.7,9.6,41.6,0.28,ARMED,,19.2
1791266694052,28.601626,77.429119,42.0,CNG,26.28,20.4,4,1630,34.1,6.05,46.0,89.0,-0.78,-3.13,13.4,7.5,41.7,0.26,ARMED,,18.4
1791266694549,28.601626,77.429119,42.0,CNG,30.98,18.8,4,1635,34.1,4.06,46.0,89.0,-0.78,-3.13,13.4,5.4,41.8,0.23,ARMED,,16.5
1791266695139,28.601533,77.429176,42.0,CNG,32.96,18.8,4,1642,34.1,4.71,46.0,89.0,-0.78,-3.13,13.6,5.4,41.9,0.23,CANDIDATE,41.9,16.5
1791266695996,28.601442,77.429231,42.0,CNG,36.37,18.8,4,1617,23.9,3.99,36.0,89.0,-1.56,-3.13,13.6,5.4,41.7,0.02,CANDIDATE,41.7,16.5
1791266696528,28.601442,77.429231,41.0,CNG,39.98,18.4,4,1542,23.9,3.55,36.0,89.0,-1.56,-3.13,13.5,4.8,40.2,-0.84,ARMED,,15.3
1791266697003,28.601352,77.429283,41.0,CNG,35.11,19.6,4,1590,23.9,5.66,36.0,89.0,-1.56,-3.13,13.5,6.4,40.2,-0.58,ARMED,,17.6
1791266697868,28.601263,77.429334,40.0,CNG,39.04,14.9,4,1569,21.2,3.46,30.0,89.0,0.00,0.00,13.6,0.0,40.0,-0.55,ARMED,,15.7
1791266698395,28.601263,77.429334,40.0,CNG,40.17,14.9,4,1583,21.2,3.89,30.0,89.0,0.00,0.00,13.6,0.0,40.2,-0.18,ARMED,,15.7
1791266698944,28.601175,77.429387,40.0,CNG,47.71,14.9,5,1210,21.2,2.45,30.0,89.0,0.00,0.00,13.5,0.0,40.0,0.00,ARMED,,14.1
1791266699795,28.601175,77.429387,38.0,CNG,63.68,14.9,,817,22.7,1.14,33.0,89.0,0.00,-0.78,13.5,0.0,38.0,0.00,ARMED,,12.5
1791266700331,28.601094,77.429431,33.0,CNG,67.06,14.9,,728,22.7,1.82,33.0,89.0,0.00,-0.78,13.6,0.0,33.0,0.00,ARMED,,12.5
1791266700887,28.601027,77.429466,29.0,CNG,66.90,14.9,,717,22.7,1.78,33.0,89.0,0.00,-0.78,13.6,0.0,29.0,0.00,ARMED,,12.5
1791266701782,28.601027,77.429466,26.0,CNG,64.66,14.9,5,719,23.1,1.75,34.0,89.0,1.56,-0.78,13.7,0.0,26.0,0.00,ARMED,,12.5
1791266702315,28.600972,77.429489,22.0,CNG,57.21,14.9,5,719,23.1,1.95,34.0,89.0,1.56,-0.78,13.7,0.0,23.2,-1.55,ARMED,,12.5
1791266702894,28.600923,77.429488,20.0,CNG,62.84,14.9,4,714,23.1,1.04,34.0,89.0,1.56,-0.78,13.6,0.0,20.0,0.00,ARMED,,12.5
1791266703764,28.600923,77.429488,18.0,CNG,66.81,14.9,4,713,22.7,0.96,33.0,89.0,-0.78,0.00,13.6,0.0,19.0,-0.58,ARMED,,12.5
1791266704260,28.600882,77.429483,15.0,CNG,34.13,14.9,3,715,22.7,3.71,33.0,89.0,-0.78,0.00,13.6,0.0,15.0,0.00,ARMED,,15.3
1791266704742,28.600882,77.429483,14.0,CNG,28.15,14.9,3,756,22.7,2.76,33.0,89.0,-0.78,0.00,13.6,0.0,14.5,-0.28,ARMED,,14.1
1791266705625,28.600850,77.429476,13.0,CNG,26.26,14.9,,765,35.7,2.29,44.0,90.0,-6.25,0.00,13.6,0.0,13.0,0.00,ARMED,,14.1
1791266706118,28.600830,77.429459,10.0,CNG,22.57,14.9,2,796,35.7,2.40,44.0,90.0,-6.25,0.00,13.6,0.0,10.0,0.00,ARMED,,14.9
1791266706647,28.600830,77.429459,8.0,CNG,17.29,14.9,,802,35.7,2.99,44.0,90.0,-6.25,0.00,13.6,0.0,8.0,0.00,ARMED,,14.9
1791266707602,28.600820,77.429445,6.0,CNG,12.63,14.9,1,805,38.0,3.40,46.0,90.0,-2.34,0.00,13.6,0.0,6.0,0.00,ARMED,,14.9
1791266708139,28.600810,77.429435,4.0,CNG,10.68,14.9,,817,38.0,2.34,46.0,90.0,-2.34,0.00,13.6,0.0,4.0,0.00,ARMED,,14.9
1791266708652,28.600810,77.429435,3.0,CNG,7.89,14.9,,819,38.0,2.98,46.0,90.0,-2.34,0.00,13.6,0.0,3.0,0.00,ARMED,,14.9
1791266709574,28.600806,77.429427,2.0,CNG,6.19,14.9,,821,37.6,2.48,48.0,90.0,-1.56,-0.78,13.6,0.0,2.0,0.00,ARMED,,14.9
1791266710053,28.600805,77.429424,0.0,CNG,,14.9,0,824,37.6,3.13,48.0,90.0,-1.56,-0.78,13.6,0.0,0.0,0.00,ARMED,,14.9
1791266710571,28.600805,77.429424,0.0,CNG,,14.9,0,830,37.6,2.66,48.0,90.0,-1.56,-0.78,13.4,0.0,0.0,0.00,ARMED,,14.9
1791266711614,28.600806,77.429424,0.0,CNG,,14.9,0,833,38.4,3.21,48.0,90.0,-0.78,-1.56,13.7,0.0,0.0,0.00,ARMED,,15.3
1791266712174,28.600806,77.429424,0.0,CNG,,14.9,0,828,38.4,2.72,48.0,90.0,-0.78,-1.56,13.6,0.0,0.0,0.00,ARMED,,15.3
1791266712670,28.600806,77.429424,1.0,CNG,,14.9,,835,38.4,3.49,48.0,90.0,-0.78,-1.56,13.6,0.0,1.0,0.00,ARMED,,15.3
1791266713566,28.600806,77.429424,1.0,CNG,,14.9,,834,38.8,2.41,50.0,90.0,0.78,-1.56,13.5,0.0,1.0,0.00,ARMED,,15.3
1791266714089,28.600805,77.429425,1.0,CNG,,14.9,,839,38.8,2.79,50.0,90.0,0.78,-1.56,13.5,0.0,1.0,0.00,ARMED,,14.9
1791266714627,28.600805,77.429425,2.0,CNG,,14.9,,831,38.8,2.87,50.0,90.0,0.78,-1.56,13.7,0.0,2.0,0.00,ARMED,,14.9
1791266715529,28.600803,77.429425,2.0,CNG,,14.9,,838,38.0,3.39,47.0,90.0,0.00,-1.56,13.7,0.0,2.0,0.00,ARMED,,14.9
1791266716062,28.600804,77.429427,2.0,CNG,,14.9,,834,38.0,2.65,47.0,90.0,0.00,-1.56,13.7,0.0,2.0,0.00,ARMED,,14.9
1791266716566,28.600804,77.429427,1.0,CNG,,14.9,,836,38.0,3.37,47.0,90.0,0.00,-1.56,13.7,0.0,1.0,0.00,ARMED,,14.9
1791266717431,28.600804,77.429429,1.0,CNG,,14.9,,840,38.4,3.45,49.0,90.0,0.78,-1.56,13.6,0.0,1.0,0.00,ARMED,,14.9
1791266717939,28.600805,77.429433,1.0,CNG,,14.9,,838,38.4,3.44,49.0,90.0,0.78,-1.56,13.6,0.0,1.0,0.00,ARMED,,15.3
1791266718447,28.600805,77.429433,1.0,CNG,,14.9,,840,38.4,2.57,49.0,90.0,0.78,-1.56,13.6,0.0,1.0,0.00,ARMED,,15.3
1791266719351,28.600810,77.429446,0.0,CNG,,19.2,0,843,51.0,3.16,71.0,90.0,2.34,-3.13,13.6,5.9,0.0,0.00,ARMED,,15.3
1791266719891,28.600806,77.429446,2.0,CNG,,14.9,,634,51.0,2.38,71.0,90.0,2.34,-3.13,13.5,0.0,2.0,0.00,ARMED,,12.9
1791266720392,28.600806,77.429446,4.0,CNG,,14.9,,663,51.0,2.86,71.0,90.0,2.34,-3.13,13.5,0.0,4.0,0.00,ARMED,,15.7
1791266721265,28.600797,77.429446,4.0,CNG,,14.9,,683,29.8,2.36,43.0,90.0,1.56,-1.56,13.6,0.0,4.0,0.00,ARMED,,13.3
1791266721780,28.600797,77.429446,5.0,CNG,4.52,21.2,,674,29.8,4.62,43.0,91.0,1.56,-1.56,13.6,8.6,5.0,0.00,ARMED,,16.9
1791266722320,28.600785,77.429448,6.0,CNG,4.92,21.2,1,815,29.8,4.56,43.0,91.0,1.56,-1.56,13.4,8.6,6.0,0.00,ARMED,,16.5
1791266723281,28.600769,77.429457,7.0,CNG,5.37,21.6,1,1027,43.5,4.84,53.0,91.0,-3.13,-3.13,13.4,9.1,6.5,0.29,ARMED,,16.9
1791266723795,28.600769,77.429457,10.0,CNG,5.78,23.9,1,1389,43.5,6.62,53.0,91.0,-3.13,-3.13,13.8,12.3,9.0,1.55,ARMED,,18.8
1791266724283,28.600748,77.429472,11.0,CNG,5.62,24.3,1,1652,43.5,8.23,53.0,91.0,-3.13,-3.13,13.8,12.8,10.4,1.89,ARMED,,19.6
1791266725186,28.600723,77.429494,13.0,CNG,5.25,24.3,1,1908,45.1,10.80,37.0,91.0,0.00,0.00,13.6,12.8,12.1,2.37,ARMED,,21.2
1791266725684,28.600723,77.429494,14.0,CNG,7.90,14.9,,1488,45.1,3.12,37.0,91.0,0.00,0.00,13.6,0.0,14.0,0.00,ARMED,,14.9
1791266726243,28.600694,77.429516,14.0,CNG,7.07,23.1,2,1108,45.1,9.19,37.0,91.0,0.00,0.00,13.6,11.2,14.0,0.00,ARMED,,20.8
1791266727144,28.600661,77.429539,15.0,CNG,7.05,23.5,2,1137,70.6,8.73,81.0,90.0,2.34,-3.13,13.6,11.8,14.5,0.30,ARMED,,21.2
1791266727687,28.600661,77.429539,18.0,CNG,7.41,23.5,2,1335,70.6,9.33,81.0,90.0,2.34,-3.13,13.4,11.8,17.0,1.54,ARMED,,21.2
1791266728202,28.600623,77.429564,19.0,CNG,7.90,23.5,2,1440,70.6,9.03,81.0,90.0,2.34,-3.13,13.4,11.8,18.4,1.90,ARMED,,20.8
1791266729065,28.600579,77.429592,20.0,CNG,8.40,23.5,2,1501,55.3,8.96,59.0,90.0,-3.13,-3.13,13.6,11.8,19.6,2.09,ARMED,,20.4
1791266729588,28.600579,77.429592,22.0,CNG,8.96,23.5,2,1656,55.3,9.21,59.0,90.0,-3.13,-3.13,13.6,11.8,21.9,2.31,ARMED,,20.4
1791266730137,28.600529,77.429617,23.0,CNG,11.85,14.9,2,1670,55.3,4.66,59.0,90.0,-3.13,-3.13,13.6,0.0,22.7,2.07,ARMED,,16.9
1791266731230,28.600478,77.429645,23.0,CNG,13.82,20.0,2,1682,28.2,5.25,40.0,90.0,0.78,-3.13,13.6,7.0,23.2,1.61,ARMED,,17.6
1791266731776,28.600478,77.429645,23.0,CNG,17.45,14.9,2,1688,28.2,3.37,40.0,90.0,0.78,-3.13,13.7,0.0,23.2,0.74,ARMED,,15.3
1791266732270,28.600430,77.429676,22.0,CNG,19.11,14.9,2,1648,28.2,4.03,40.0,90.0,0.78,-3.13,13.7,0.0,22.8,0.27,ARMED,,15.7
1791266733151,28.600385,77.429702,21.0,CNG,20.26,14.9,3,1100,31.4,3.83,34.0,90.0,0.00,-1.56,13.7,0.0,21.0,0.00,ARMED,,15.3
1791266733636,28.600385,77.429702,18.0,CNG,24.44,14.9,,1057,31.4,1.89,34.0,90.0,0.00,-1.56,13.7,0.0,18.0,0.00,ARMED,,14.1
1791266734187,28.600345,77.429726,17.0,CNG,26.06,14.9,3,958,31.4,2.35,34.0,90.0,0.00,-1.56,13.7,0.0,17.0,0.00,ARMED,,13.3
1791266735046,28.600314,77.429744,14.0,CNG,30.65,14.9,,843,22.7,1.20,33.0,90.0,3.91,-1.56,13.7,0.0,14.0,0.00,ARMED,,12.9
1791266735551,28.600314,77.429744,11.0,CNG,27.47,14.9,,724,22.7,2.03,33.0,90.0,3.91,-1.56,13.7,0.0,11.0,0.00,ARMED,,12.5
1791266736051,28.600289,77.429757,10.0,CNG,30.33,14.9,2,717,22.7,1.04,33.0,90.0,3.91,-1.56,13.7,0.0,10.0,0.00,ARMED,,12.5
1791266736976,28.600273,77.429765,9.0,CNG,24.52,14.9,2,710,23.1,2.11,32.0,90.0,-0.78,-1.56,13.7,0.0,9.5,-0.29,ARMED,,12.5
1791266737461,28.600273,77.429765,6.0,CNG,18.95,14.9,,707,23.1,2.12,32.0,90.0,-0.78,-1.56,13.7,0.0,6.0,0.00,ARMED,,12.5
1791266737997,28.600260,77.429773,4.0,CNG,18.11,14.9,,713,23.1,1.04,32.0,90.0,-0.78,-1.56,13.6,0.0,4.0,0.00,ARMED,,12.5
1791266738871,28.600261,77.429774,1.0,CNG,10.55,14.9,,703,25.5,2.11,35.0,90.0,-0.78,-0.78,13.6,0.0,1.0,0.00,ARMED,,12.9
1791266739399,28.600261,77.429774,0.0,CNG,,14.9,0,703,25.5,1.99,35.0,90.0,-0.78,-0.78,13.7,0.0,0.0,0.00,ARMED,,12.9
1791266739921,28.600263,77.429774,0.0,CNG,,14.9,0,718,25.5,2.09,35.0,90.0,-0.78,-0.78,13.7,0.0,0.0,0.00,ARMED,,14.1
1791266740832,28.600263,77.429774,0.0,CNG,,14.9,0,779,42.4,2.56,64.0,90.0,-3.13,-2.34,13.5,0.0,0.0,0.00,ARMED,,15.3
1791266741308,28.600263,77.429774,0.0,CNG,,23.9,0,826,42.4,6.71,64.0,90.0,-3.13,-2.34,13.5,12.3,0.0,0.00,ARMED,,27.1
1791266741830,28.600263,77.429774,3.0,CNG,,14.9,,1093,42.4,2.40,64.0,90.0,-3.13,-2.34,13.3,0.0,3.0,0.00,ARMED,,15.3
1791266742711,28.600263,77.429775,5.0,CNG,,14.9,,863,47.5,2.97,54.0,90.0,-0.78,-1.56,13.3,0.0,5.0,0.00,ARMED,,15.7
1791266743258,28.600262,77.429775,6.0,CNG,3.07,14.9,1,759,47.5,9.04,54.0,90.0,-0.78,-1.56,13.4,0.0,6.0,0.00,ARMED,,22.4
1791266743751,28.600262,77.429775,7.0,CNG,4.78,14.9,,795,47.5,3.02,54.0,90.0,-0.78,-1.56,13.4,0.0,7.0,0.00,ARMED,,14.1
1791266744625,28.600281,77.429764,6.0,CNG,6.15,14.9,1,832,42.0,2.47,50.0,90.0,-3.13,-1.56,13.4,0.0,6.0,0.00,ARMED,,15.3
1791266745175,28.600299,77.429752,6.0,CNG,5.37,21.6,1,806,42.0,5.37,50.0,90.0,-3.13,-1.56,13.4,9.1,6.0,0.00,ARMED,,17.6
1791266745724,28.600299,77.429752,7.0,CNG,5.26,20.0,1,867,42.0,5.58,50.0,90.0,-3.13,-1.56,13.5,7.0,6.5,0.28,ARMED,,19.6
1791266746659,28.600319,77.429739,8.0,CNG,7.58,14.9,,871,39.6,2.08,47.0,90.0,-3.91,-1.56,13.5,0.0,8.0,0.00,ARMED,,14.1
1791266747212,28.600337,77.429727,7.0,CNG,7.80,14.9,,847,39.6,3.51,47.0,90.0,-3.91,-1.56,13.4,0.0,7.0,0.00,ARMED,,14.9
1791266747739,28.600337,77.429727,7.0,CNG,8.90,14.9,,842,39.6,2.54,47.0,90.0,-3.91,-1.56,13.4,0.0,7.0,0.00,ARMED,,15.3
1791266748729,28.600353,77.429717,7.0,CNG,8.40,14.9,,812,36.5,3.69,38.0,91.0,2.34,-1.56,13.5,0.0,7.0,0.00,ARMED,,15.3
1791266749251,28.600368,77.429708,6.0,CNG,10.51,19.2,1,766,36.5,1.31,38.0,91.0,2.34,-1.56,13.5,5.9,6.0,0.00,ARMED,,12.9
1791266749817,28.600368,77.429708,6.0,CNG,9.96,16.1,1,795,36.5,2.67,38.0,91.0,2.34,-1.56,13.4,1.6,6.0,0.00,ARMED,,14.9
1791266750888,28.600396,77.429691,7.0,CNG,11.72,14.9,,701,23.5,1.86,36.0,91.0,-2.34,-1.56,13.4,0.0,7.0,0.00,ARMED,,12.5
1791266751437,28.600396,77.429691,6.0,CNG,11.64,14.9,,698,23.5,2.13,36.0,91.0,-2.34,-1.56,13.8,0.0,6.0,0.00,ARMED,,12.5
1791266751981,28.600408,77.429683,6.0,CNG,13.51,14.9,,692,23.5,1.35,36.0,91.0,-2.34,-1.56,13.8,0.0,6.0,0.00,ARMED,,12.5
1791266752897,28.600421,77.429675,6.0,CNG,12.50,20.4,,701,35.3,2.19,68.0,91.0,3.13,-3.13,13.7,7.5,6.0,0.00,ARMED,,12.5
1791266753383,28.600421,77.429675,6.0,CNG,7.45,23.1,1,796,35.3,5.33,68.0,91.0,3.13,-3.13,13.7,11.2,6.0,0.00,ARMED,,18.8
1791266753905,28.600436,77.429665,8.0,CNG,10.57,14.9,,942,35.3,1.62,68.0,91.0,3.13,-3.13,13.5,0.0,8.0,0.00,ARMED,,11.4
1791266754864,28.600453,77.429654,8.0,CNG,12.94,21.6,,953,45.9,1.80,69.0,91.0,-3.91,-3.13,13.5,9.1,8.0,0.00,ARMED,,13.7
1791266755398,28.600453,77.429654,9.0,CNG,8.63,22.7,,1058,45.9,5.99,69.0,91.0,-3.91,-3.13,13.6,10.7,9.0,0.00,ARMED,,19.2
1791266755894,28.600475,77.429641,10.0,CNG,11.18,14.9,,1128,45.9,2.36,69.0,91.0,-3.91,-3.13,13.6,0.0,10.0,0.00,ARMED,,13.3
1791266756791,28.600475,77.429641,10.0,CNG,12.26,15.7,,1122,29.4,2.91,38.0,91.0,-0.78,-1.56,13.2,1.1,10.0,0.00,ARMED,,14.9
1791266757294,28.600495,77.429628,8.0,CNG,9.56,19.2,1,1038,29.4,4.73,38.0,91.0,-0.78,-1.56,13.2,5.9,8.0,0.00,ARMED,,17.6
1791266757866,28.600513,77.429617,8.0,CNG,8.82,19.6,,969,29.4,4.18,38.0,91.0,-0.78,-1.56,13.5,6.4,8.0,0.00,ARMED,,16.5
1791266758795,28.600513,77.429617,8.0,CNG,10.45,14.9,,954,38.0,2.21,46.0,91.0,-3.13,-1.56,13.5,0.0,8.0,0.00,ARMED,,14.1
1791266759335,28.600530,77.429608,6.0,CNG,8.11,14.9,1,791,38.0,4.42,46.0,91.0,-3.13,-1.56,13.4,0.0,6.0,0.00,ARMED,,16.5
1791266759832,28.600530,77.429608,5.0,CNG,4.49,23.5,,806,38.0,9.05,46.0,91.0,-3.13,-1.56,13.4,11.8,5.0,0.00,ARMED,,20.8
1791266760718,28.600542,77.429601,6.0,CNG,4.00,23.5,1,748,87.8,7.19,90.0,91.0,3.91,-3.13,13.4,11.8,6.0,0.00,ARMED,,32.5
1791266761228,28.600556,77.429591,9.0,CNG,6.34,14.9,,933,87.8,2.26,90.0,91.0,3.91,-3.13,13.4,0.0,9.0,0.00,ARMED,,13.3
1791266761815,28.600556,77.429591,8.0,CNG,6.01,20.0,,888,87.8,5.84,90.0,91.0,3.91,-3.13,13.6,7.0,8.0,0.00,ARMED,,17.6
1791266762700,28.600573,77.429581,8.0,CNG,6.71,20.0,,908,54.9,4.06,48.0,91.0,0.00,-1.56,13.6,7.0,8.0,0.00,ARMED,,16.9
1791266763217,28.600590,77.429570,8.0,CNG,7.70,14.9,,885,54.9,3.34,48.0,91.0,0.00,-1.56,13.6,0.0,8.0,0.00,ARMED,,15.3
1791266763746,28.600590,77.429570,7.0,CNG,5.95,21.2,1,849,54.9,6.66,48.0,91.0,0.00,-1.56,13.6,8.6,7.0,0.00,ARMED,,19.6
1791266764650,28.600605,77.429560,7.0,CNG,5.69,21.2,1,881,63.9,5.37,59.0,91.0,-1.56,-3.13,13.6,8.6,7.0,0.00,ARMED,,18.4
1791266765189,28.600622,77.429547,8.0,CNG,6.88,14.9,,942,63.9,3.39,59.0,91.0,-1.56,-3.13,13.6,0.0,8.0,0.00,ARMED,,15.3
1791266765697,28.600622,77.429547,7.0,CNG,7.63,14.9,1,871,63.9,3.09,59.0,91.0,-1.56,-3.13,13.4,0.0,7.0,0.00,ARMED,,15.3
1791266766554,28.600638,77.429537,7.0,CNG,7.70,14.9,,833,40.8,3.66,50.0,91.0,-1.56,-1.56,13.4,0.0,7.0,0.00,ARMED,,15.3
1791266767127,28.600652,77.429528,7.0,CNG,7.85,14.9,,789,40.8,3.54,50.0,91.0,-1.56,-1.56,13.3,0.0,7.0,0.00,ARMED,,15.7
1791266767631,28.600652,77.429528,6.0,CNG,7.44,14.9,1,837,40.8,3.59,50.0,91.0,-1.56,-1.56,13.3,0.0,6.0,0.00,ARMED,,15.3
1791266768584,28.600665,77.429519,6.0,CNG,7.34,14.9,1,835,41.2,3.42,49.0,91.0,-0.78,-1.56,13.4,0.0,6.0,0.00,ARMED,,15.3
1791266769099,28.600675,77.429512,4.0,CNG,7.98,14.9,,784,41.2,1.62,49.0,91.0,-0.78,-1.56,13.4,0.0,4.0,0.00,ARMED,,12.9
1791266769658,28.600675,77.429512,3.0,CNG,6.88,20.4,,741,41.2,2.45,49.0,91.0,-0.78,-1.56,13.7,7.5,3.0,0.00,ARMED,,12.9
1791266770750,28.600680,77.429508,2.0,CNG,3.99,21.6,,825,54.1,4.93,56.0,91.0,0.78,-3.13,13.6,9.1,2.0,0.00,ARMED,,17.6
1791266771265,28.600685,77.429504,3.0,CNG,3.18,14.9,,1374,54.1,5.21,56.0,91.0,0.78,-3.13,13.6,0.0,3.0,0.00,ARMED,,17.6
1791266771746,28.600685,77.429504,3.0,CNG,3.72,14.9,,1050,54.1,2.39,56.0,92.0,0.78,-3.13,13.6,0.0,3.0,0.00,ARMED,,14.9
1791266772671,28.600691,77.429499,3.0,CNG,4.12,14.9,,1093,23.9,2.46,35.0,91.0,0.00,-1.56,13.4,0.0,3.0,0.00,ARMED,,14.1
1791266773158,28.600696,77.429494,2.0,CNG,,14.9,,970,23.9,2.53,35.0,91.0,0.00,-1.56,13.4,0.0,2.0,0.00,ARMED,,14.5
1791266773665,28.600696,77.429494,3.0,CNG,,18.0,,863,23.9,1.73,35.0,91.0,0.00,-1.56,13.3,4.3,3.0,0.00,ARMED,,12.9
1791266774583,28.600701,77.429489,3.0,CNG,,24.3,,779,71.4,7.46,60.0,91.0,1.56,-3.13,13.3,12.8,3.0,0.00,ARMED,,20.4
1791266775103,28.600709,77.429484,4.0,CNG,4.08,14.9,,913,71.4,1.68,60.0,91.0,1.56,-3.13,13.1,0.0,4.0,0.00,ARMED,,12.5
1791266775607,28.600709,77.429484,5.0,CNG,6.44,14.9,,800,71.4,1.35,60.0,91.0,1.56,-3.13,13.1,0.0,5.0,0.00,ARMED,,12.9
1791266776509,28.600720,77.429477,5.0,CNG,5.97,14.9,1,748,39.2,3.73,48.0,91.0,3.13,-1.56,13.7,0.0,5.0,0.00,ARMED,,16.5
1791266777017,28.600729,77.429473,4.0,CNG,5.98,14.9,,769,39.2,2.71,48.0,91.0,3.13,-1.56,13.7,0.0,4.0,0.00,ARMED,,14.9
1791266777587,28.600729,77.429473,3.0,CNG,5.04,14.9,,796,39.2,3.24,48.0,91.0,3.13,-1.56,13.5,0.0,3.0,0.00,ARMED,,14.9
1791266778454,28.600736,77.429470,3.0,CNG,4.40,14.9,,813,45.1,3.44,55.0,91.0,-0.78,-1.56,13.5,0.0,3.0,0.00,ARMED,,15.7
1791266779036,28.600739,77.429469,1.0,CNG,,26.3,,829,45.1,10.99,55.0,91.0,-0.78,-1.56,13.6,15.5,1.0,0.00,ARMED,,23.1
1791266779542,28.600739,77.429469,0.0,CNG,,25.9,0,1576,45.1,13.71,55.0,91.0,-0.78,-1.56,13.6,15.0,0.0,0.00,ARMED,,25.9
1791266780488,28.600740,77.429468,2.0,CNG,,14.9,,1753,44.7,2.77,61.0,91.0,0.00,-1.56,13.6,0.0,2.0,0.00,ARMED,,13.7
1791266780995,28.600742,77.429467,3.0,CNG,,22.0,,975,44.7,3.12,61.0,91.0,0.00,-1.56,13.6,9.6,3.0,0.00,ARMED,,14.1
1791266781554,28.600742,77.429467,3.0,CNG,,17.3,,881,44.7,6.18,61.0,91.0,0.00,-1.56,13.3,3.2,3.0,0.00,ARMED,,20.0
1791266782404,28.600742,77.429466,5.0,CNG,2.85,14.9,,778,55.7,4.17,58.0,91.0,-3.13,-1.56,13.3,0.0,5.0,0.00,ARMED,,16.1
1791266782980,28.600732,77.429452,6.0,CNG,3.63,22.4,1,789,55.7,5.11,58.0,91.0,-3.13,-1.56,13.7,10.2,6.0,0.00,ARMED,,17.6
1791266783527,28.600732,77.429452,6.0,CNG,3.49,22.4,1,873,55.7,7.34,58.0,91.0,-3.13,-1.56,13.7,10.2,6.0,0.00,ARMED,,23.5
1791266784419,28.600726,77.429433,8.0,CNG,3.89,22.4,1,1084,63.1,7.50,59.0,91.0,-1.56,-3.13,13.7,10.2,6.9,0.57,ARMED,,20.4
1791266784923,28.600731,77.429409,11.0,CNG,4.99,23.9,1,1547,63.1,6.84,59.0,91.0,-1.56,-3.13,13.7,12.3,9.8,1.93,ARMED,,18.8
1791266785448,28.600731,77.429409,12.0,CNG,4.68,27.5,1,1697,63.1,11.14,59.0,91.0,-1.56,-3.13,13.7,17.1,11.4,2.26,ARMED,,21.6
1791266786352,28.600748,77.429383,13.0,CNG,4.39,27.8,1,1948,52.2,12.89,59.0,91.0,0.00,-2.34,13.7,17.7,13.2,2.63,ARMED,,22.4
1791266786906,28.600777,77.429354,17.0,CNG,6.49,14.9,1,2429,52.2,5.76,59.0,91.0,0.00,-2.34,13.7,0.0,16.8,3.30,ARMED,,17.6
1791266787405,28.600777,77.429354,17.0,CNG,8.93,14.9,,1899,52.2,4.32,59.0,91.0,0.00,-2.34,13.7,0.0,17.0,0.00,ARMED,,16.1
1791266788332,28.600807,77.429322,16.0,CNG,9.09,22.0,,1410,39.6,7.02,52.0,91.0,0.00,-3.13,13.7,9.6,16.0,0.00,ARMED,,18.8
1791266788841,28.600807,77.429322,17.0,CNG,10.00,22.4,2,1301,39.6,6.00,52.0,91.0,0.00,-3.13,13.7,10.2,17.0,0.00,ARMED,,18.0
1791266789370,28.600838,77.429287,18.0,CNG,10.66,21.6,2,1366,39.6,6.30,52.0,91.0,0.00,-3.13,13.8,9.1,17.5,0.28,ARMED,,18.4
1791266790482,28.600871,77.429250,19.0,CNG,12.12,20.4,2,1386,35.3,5.24,47.0,91.0,-0.78,-3.13,13.5,7.5,18.3,0.70,ARMED,,17.6
1791266791005,28.600899,77.429206,19.0,CNG,14.82,14.9,2,1425,35.3,3.61,47.0,91.0,-0.78,-3.13,13.6,0.0,19.0,0.69,ARMED,,15.3
1791266791546,28.600899,77.429206,19.0,CNG,17.05,14.9,2,1442,35.3,3.57,47.0,91.0,-0.78,-3.13,13.6,0.0,19.3,0.66,ARMED,,15.3
1791266792459,28.600917,77.429158,19.0,CNG,16.49,14.9,3,1030,35.7,4.94,41.0,90.0,0.00,-1.56,13.4,0.0,19.0,0.00,ARMED,,17.6
1791266792988,28.600925,77.429112,18.0,CNG,17.71,14.9,3,1013,35.7,3.67,41.0,90.0,0.00,-1.56,13.4,0.0,18.3,-0.39,ARMED,,15.3
1791266793540,28.600925,77.429112,16.0,CNG,20.04,14.9,3,919,35.7,2.52,41.0,90.0,0.00,-1.56,13.5,0.0,17.1,-1.00,ARMED,,14.9
1791266794512,28.600925,77.429067,16.0,CNG,19.75,14.9,3,842,38.4,3.39,48.0,90.0,-3.13,-1.56,13.5,0.0,16.2,-1.16,ARMED,,15.3
1791266795034,28.600909,77.429020,17.0,CNG,19.66,14.9,3,840,38.4,3.56,48.0,90.0,-3.13,-1.56,13.4,0.0,15.8,-0.84,ARMED,,15.3
1791266795536,28.600909,77.429020,17.0,CNG,19.89,14.9,3,831,38.4,3.43,48.0,90.0,-3.13,-1.56,13.4,0.0,15.6,-0.67,ARMED,,15.3
1791266796446,28.600881,77.428986,16.0,CNG,21.61,14.9,3,837,38.8,2.61,47.0,90.0,-2.34,-1.56,13.5,0.0,15.6,-0.45,ARMED,,14.9
1791266796948,28.600851,77.428963,14.0,CNG,21.12,14.9,,839,38.8,2.82,47.0,90.0,-2.34,-1.56,13.5,0.0,14.0,0.00,ARMED,,14.5
1791266797516,28.600851,77.428963,14.0,CNG,11.01,29.4,3,811,38.8,9.34,47.0,90.0,-2.34,-1.56,13.7,19.8,14.0,0.00,ARMED,,20.4
1791266798391,28.600820,77.428961,14.0,CNG,7.77,29.4,2,1070,88.6,10.82,90.0,90.0,8.59,-3.13,13.7,19.8,14.0,0.00,ARMED,,29.0
1791266798922,28.600784,77.428971,17.0,CNG,7.55,26.3,2,1291,88.6,9.55,90.0,90.0,8.59,-3.13,13.8,15.5,16.0,1.14,ARMED,,22.0
1791266799426,28.600784,77.428971,19.0,CNG,7.86,26.7,2,1417,88.6,9.38,90.0,90.0,8.59,-3.13,13.8,16.1,17.7,1.83,ARMED,,20.8
1791266800323,28.600732,77.428952,21.0,CNG,8.08,26.7,2,1546,57.6,10.24,62.0,90.0,-2.34,-2.34,13.8,16.1,19.8,2.49,ARMED,,20.8
1791266800848,28.600676,77.428953,24.0,CNG,8.67,26.7,2,1753,57.6,10.38,62.0,90.0,-2.34,-2.34,13.8,16.1,23.4,3.24,ARMED,,21.2
1791266801354,28.600676,77.428953,25.0,CNG,9.11,26.7,2,1861,57.6,10.50,62.0,90.0,-2.34,-2.34,13.4,16.1,25.2,3.38,ARMED,,21.2
1791266802249,28.600611,77.428957,26.0,CNG,11.12,14.9,2,1957,22.7,6.82,33.0,90.0,0.00,0.00,13.4,0.0,26.9,3.33,ARMED,,18.4
1791266802827,28.600611,77.428957,27.0,CNG,11.43,26.7,3,1427,22.7,9.30,33.0,90.0,0.00,0.00,13.6,16.1,27.0,0.00,ARMED,,20.8
1791266803308,28.600545,77.428960,28.0,CNG,11.54,26.7,3,1438,22.7,9.80,33.0,90.0,0.00,0.00,13.6,16.1,27.5,0.29,ARMED,,21.2
1791266804190,28.600473,77.428968,29.0,CNG,11.80,26.3,3,1482,60.0,9.74,68.0,90.0,-1.56,-3.13,13.7,15.5,28.3,0.67,ARMED,,21.2
1791266804680,28.600473,77.428968,31.0,CNG,12.00,25.5,3,1581,60.0,10.33,68.0,90.0,-1.56,-3.13,13.7,14.4,30.3,1.49,ARMED,,21.2
1791266805214,28.600399,77.428974,31.0,CNG,13.02,23.5,3,1625,60.0,8.56,68.0,90.0,-1.56,-3.13,13.7,11.8,31.0,1.48,ARMED,,20.0
1791266806070,28.600320,77.428980,32.0,CNG,14.27,23.1,3,1660,48.2,7.95,55.0,90.0,-3.91,-3.13,13.7,11.2,31.7,1.47,ARMED,,20.0
1791266806585,28.600320,77.428980,33.0,CNG,14.58,23.1,3,1683,48.2,8.96,55.0,90.0,-3.91,-3.13,13.6,11.2,32.5,1.17,ARMED,,20.4
1791266807116,28.600240,77.428984,33.0,CNG,14.98,23.1,3,1720,48.2,8.66,55.0,90.0,-3.91,-3.13,13.6,11.2,33.0,1.14,ARMED,,20.4
1791266808050,28.600156,77.428990,34.0,CNG,15.43,23.1,3,1739,47.1,8.61,53.0,90.0,-3.13,-3.13,13.5,11.2,33.5,1.10,ARMED,,20.4
1791266808593,28.600156,77.428990,35.0,CNG,16.07,22.7,3,1782,47.1,8.39,53.0,90.0,-3.13,-3.13,13.5,10.7,34.3,1.04,ARMED,,20.0
1791266809103,28.600070,77.428996,35.0,CNG,15.86,22.7,3,1810,47.1,9.19,53.0,90.0,-3.13,-3.13,13.4,10.7,34.8,1.03,ARMED,,20.0
1791266810140,28.599985,77.429002,36.0,CNG,16.51,22.7,3,1828,43.9,8.38,53.0,90.0,0.78,-3.13,13.5,10.7,35.2,1.01,ARMED,,20.0
1791266810652,28.599985,77.429002,36.0,CNG,16.17,22.7,3,1874,43.9,9.38,53.0,90.0,0.78,-3.13,13.5,10.7,36.1,0.96,ARMED,,20.0
1791266811176,28.599877,77.429006,37.0,CNG,16.34,22.7,3,1881,43.9,9.11,53.0,90.0,0.78,-3.13,13.5,10.7,36.4,0.84,ARMED,,20.0
1791266812099,28.599784,77.429013,37.0,CNG,16.36,22.7,3,1915,42.0,9.22,54.0,90.0,0.78,-2.34,13.6,10.7,36.9,0.84,ARMED,,20.4
1791266812602,28.599784,77.429013,38.0,CNG,17.20,22.7,3,1943,42.0,8.37,54.0,90.0,0.78,-2.34,13.6,10.7,37.5,0.80,ARMED,,20.4
1791266813143,28.599690,77.429019,38.0,CNG,17.66,22.7,3,1952,42.0,8.45,54.0,90.0,0.78,-2.34,13.7,10.7,37.8,0.76,ARMED,,20.4
1791266814014,28.599597,77.429026,39.0,CNG,18.10,22.7,3,1964,38.0,8.49,44.0,90.0,-0.78,-2.34,13.7,10.7,38.1,0.73,ARMED,,20.4
1791266814525,28.599597,77.429026,39.0,CNG,20.14,22.7,3,1994,38.0,6.61,44.0,90.0,-0.78,-2.34,13.6,10.7,38.6,0.70,ARMED,,18.8
1791266815067,28.599500,77.429036,39.0,CNG,20.97,22.7,3,2012,38.0,7.13,44.0,90.0,-0.78,-2.34,13.6,10.7,38.9,0.69,ARMED,,18.8
1791266815973,28.599403,77.429039,39.0,CNG,21.31,23.1,3,2040,31.8,7.30,45.0,90.0,1.56,-3.13,13.5,11.2,39.3,0.71,ARMED,,18.8
1791266816491,28.599403,77.429039,40.0,CNG,21.56,23.1,3,2051,31.8,7.46,45.0,90.0,1.56,-3.13,13.5,11.2,39.8,0.64,ARMED,,18.8
1791266817027,28.599302,77.429046,40.0,CNG,22.97,14.9,3,2069,31.8,6.43,45.0,90.0,1.56,-3.13,13.5,0.0,40.0,0.63,ARMED,,18.0
1791266817911,28.599203,77.429054,40.0,CNG,28.37,21.2,4,1732,24.7,3.75,43.0,90.0,0.00,-3.13,13.5,8.6,40.0,0.00,ARMED,,15.7
1791266818483,28.599203,77.429054,40.0,CNG,29.81,21.6,4,1556,24.7,5.07,43.0,90.0,0.00,-3.13,13.7,9.1,40.0,0.00,ARMED,,17.3
1791266819010,28.599103,77.429060,40.0,CNG,30.47,20.8,4,1573,24.7,5.19,43.0,89.0,0.00,-3.13,13.7,8.0,40.0,0.00,ARMED,,17.6
1791266819952,28.599002,77.429067,40.0,CNG,34.70,17.6,4,1567,20.8,3.73,39.0,89.0,-0.78,-3.13,13.7,3.7,40.0,0.00,ARMED,,15.3
1791266820432,28.599002,77.429067,40.0,CNG,28.66,22.7,4,1558,20.8,7.19,39.0,89.0,-0.78,-3.13,13.7,10.7,40.0,0.00,ARMED,,18.8
1791266820977,28.598900,77.429073,41.0,CNG,27.64,22.7,4,1576,20.8,6.38,39.0,89.0,-0.78,-3.13,13.8,10.7,40.2,0.14,ARMED,,18.4
1791266821852,28.598798,77.429079,41.0,CNG,26.24,22.7,4,1583,38.4,6.86,49.0,89.0,-0.78,-2.34,13.8,10.7,40.5,0.19,ARMED,,18.8
1791266822387,28.598798,77.429079,42.0,CNG,26.22,22.7,4,1619,38.4,6.56,49.0,89.0,-0.78,-2.34,13.7,10.7,41.3,0.56,ARMED,,18.8
1791266822888,28.598696,77.429079,42.0,CNG,25.74,22.7,4,1631,38.4,6.84,49.0,89.0,-0.78,-2.34,13.7,10.7,41.7,0.61,ARMED,,18.8
1791266823779,28.598696,77.429079,43.0,CNG,25.85,22.7,4,1643,43.1,6.76,52.0,89.0,2.34,-2.34,13.7,10.7,42.2,0.64,ARMED,,19.2
1791266824261,28.598588,77.429082,43.0,CNG,24.06,22.7,4,1660,43.1,8.05,52.0,89.0,2.34,-2.34,13.7,10.7,42.7,0.64,ARMED,,19.6
1791266824790,28.598588,77.429082,43.0,CNG,22.71,22.7,4,1689,43.1,8.38,52.0,89.0,2.34,-2.34,13.6,10.7,43.2,0.76,ARMED,,19.6
1791266825687,28.598480,77.429084,44.0,CNG,22.70,22.7,4,1702,43.5,7.93,53.0,89.0,0.00,-2.34,13.6,10.7,43.7,0.78,ARMED,,19.6
1791266826203,28.598370,77.429085,44.0,CNG,22.27,22.4,4,1723,43.5,8.30,53.0,89.0,0.00,-2.34,13.6,10.2,44.4,0.77,ARMED,,19.6
1791266826684,28.598370,77.429085,44.0,CNG,21.99,22.4,4,1737,43.5,8.33,53.0,89.0,0.00,-2.34,13.6,10.2,44.7,0.75,ARMED,,19.6
1791266827680,28.598259,77.429089,45.0,CNG,22.05,22.4,4,1743,42.7,8.31,53.0,89.0,0.00,-2.34,13.5,10.2,45.0,0.71,ARMED,,19.6
1791266828188,28.598147,77.429091,45.0,CNG,22.13,22.4,4,1762,42.7,8.26,53.0,89.0,0.00,-2.34,13.5,10.2,45.4,0.65,ARMED,,19.6
1791266828705,28.598147,77.429091,46.0,CNG,23.03,22.4,4,1766,42.7,7.68,53.0,89.0,0.00,-2.34,13.3,10.2,45.6,0.60,ARMED,,19.6
1791266829724,28.598033,77.429096,46.0,CNG,23.91,22.4,4,1783,40.8,7.42,53.0,89.0,-0.78,-2.34,13.4,10.2,45.9,0.59,ARMED,,19.6
1791266830276,28.597918,77.429101,46.0,CNG,23.97,22.0,4,1805,40.8,7.82,53.0,89.0,-0.78,-2.34,13.7,9.6,46.4,0.58,ARMED,,19.2
1791266830779,28.597918,77.429101,46.0,CNG,23.98,22.0,4,1808,40.8,7.84,53.0,89.0,-0.78,-2.34,13.7,9.6,46.6,0.54,ARMED,,19.2
1791266831670,28.597802,77.429106,46.0,CNG,24.61,21.6,4,1798,36.9,7.34,49.0,89.0,-0.78,-2.34,13.7,9.1,46.6,0.34,ARMED,,18.8
1791266832213,28.597685,77.429109,46.0,CNG,25.78,21.6,4,1789,36.9,6.77,49.0,89.0,-0.78,-2.34,13.7,9.1,46.2,-0.01,ARMED,,19.2
1791266832801,28.597685,77.429109,47.0,CNG,25.63,21.6,4,1811,36.9,7.56,49.0,89.0,-0.78,-2.34,13.6,9.1,46.4,0.03,ARMED,,19.2
1791266833670,28.597569,77.429113,47.0,CNG,27.72,21.6,4,1815,29.0,6.09,43.0,89.0,2.34,-3.13,13.6,9.1,46.5,0.07,CANDIDATE,46.5,18.0
1791266834271,28.597454,77.429115,47.0,CNG,30.25,21.6,4,1804,29.0,5.49,43.0,89.0,2.34,-3.13,13.7,9.1,46.5,0.04,CANDIDATE,46.5,17.6
1791266834992,28.597338,77.429112,47.0,CNG,32.71,21.6,4,1806,29.0,5.16,43.0,89.0,2.34,-3.13,13.7,9.1,46.5,0.03,LOCKED,46.5,17.6
1791266835913,28.597222,77.429109,47.0,CNG,33.99,21.6,4,1799,28.2,5.32,41.0,89.0,0.00,-3.13,13.8,9.1,46.4,0.01,LOCKED,46.5,17.6
1791266836451,28.597222,77.429109,47.0,CNG,34.86,21.6,4,1825,28.2,5.30,41.0,89.0,0.00,-3.13,13.8,9.1,46.8,0.24,LOCKED,46.5,17.6
1791266836993,28.597105,77.429104,47.0,CNG,33.64,22.0,4,1802,28.2,6.01,41.0,89.0,0.00,-3.13,13.5,9.6,46.7,0.08,LOCKED,46.5,17.6
1791266837911,28.596988,77.429094,47.0,CNG,34.03,22.0,4,1813,29.4,5.55,43.0,89.0,0.00,-3.13,13.5,9.6,46.7,0.08,LOCKED,46.5,18.0
1791266838425,28.596988,77.429094,47.0,CNG,34.72,22.0,4,1824,29.4,5.36,43.0,89.0,0.00,-3.13,13.5,9.6,46.9,0.12,LOCKED,46.5,18.0
1791266838940,28.596871,77.429085,47.0,CNG,34.19,23.9,4,1818,29.4,5.75,43.0,89.0,0.00,-3.13,13.5,12.3,46.9,0.10,LOCKED,46.5,18.0
1791266839840,28.596755,77.429066,47.0,CNG,29.98,24.3,4,1823,39.6,7.59,52.0,89.0,-0.78,-2.34,13.5,12.8,47.0,0.10,LOCKED,46.5,19.6
1791266840312,28.596755,77.429066,48.0,CNG,27.46,23.9,4,1873,39.6,8.03,52.0,89.0,-0.78,-2.34,13.5,12.3,47.9,0.55,LOCKED,46.5,19.6
1791266840882,28.596636,77.429050,48.0,CNG,26.21,23.9,4,1888,39.6,7.99,52.0,89.0,-0.78,-2.34,13.7,12.3,48.4,0.69,LOCKED,46.5,19.6
1791266841792,28.596636,77.429050,49.0,CNG,23.24,23.9,4,1889,44.7,10.04,57.0,89.0,3.91,-2.34,13.7,12.3,48.7,0.67,LOCKED,46.5,20.8
1791266842327,28.596516,77.429028,50.0,CNG,21.87,24.3,4,1919,44.7,10.14,57.0,89.0,3.91,-2.34,13.7,12.8,49.4,0.70,LOCKED,46.5,20.8
1791266842800,28.596516,77.429028,50.0,CNG,21.90,24.3,4,1933,44.7,9.32,57.0,88.0,3.91,-2.34,13.7,12.8,49.8,0.71,LOCKED,46.5,20.8
1791266843712,28.596392,77.429018,50.0,CNG,21.46,23.9,4,1954,45.1,9.80,56.0,88.0,0.00,-2.34,13.6,12.3,50.3,0.74,LOCKED,46.5,20.8
1791266844213,28.596270,77.428998,51.0,CNG,21.06,23.5,4,1976,45.1,10.17,56.0,88.0,0.00,-2.34,13.6,11.8,50.9,0.74,LOCKED,46.5,20.8
1791266844758,28.596270,77.428998,51.0,CNG,29.72,14.9,4,1790,45.1,2.76,56.0,88.0,0.00,-2.34,13.6,0.0,49.0,-0.67,LOCKED,46.5,15.3
1791266845676,28.596138,77.428998,51.0,CNG,26.52,22.0,,1094,44.7,9.12,52.0,88.0,-2.34,-2.34,13.6,9.6,51.0,0.00,PAUSED,46.5,20.4
1791266846211,28.596022,77.428991,50.0,CNG,28.21,22.0,5,1493,44.7,6.54,52.0,88.0,-2.34,-2.34,13.4,9.6,50.0,0.00,PAUSED,46.5,18.8
1791266846710,28.596022,77.428991,50.0,CNG,28.35,22.0,5,1486,44.7,7.15,52.0,89.0,-2.34,-2.34,13.4,9.6,50.0,0.00,PAUSED,46.5,19.2
1791266847637,28.595896,77.428960,50.0,CNG,31.02,22.0,5,1495,35.7,5.65,48.0,88.0,2.34,-3.13,13.7,9.6,50.0,0.00,PAUSED,46.5,18.0
1791266848202,28.595768,77.428948,51.0,CNG,32.30,22.0,5,1516,35.7,6.06,48.0,88.0,2.34,-3.13,13.7,9.6,50.7,0.40,PAUSED,46.5,18.0
1791266848733,28.595768,77.428948,51.0,CNG,32.91,22.4,5,1505,35.7,6.16,48.0,88.0,2.34,-3.13,13.8,10.2,50.8,0.36,PAUSED,46.5,18.0
1791266849742,28.595642,77.428935,51.0,CNG,34.37,22.4,5,1522,36.1,5.66,49.0,88.0,0.78,-2.34,13.6,10.2,51.1,0.39,PAUSED,46.5,18.0
1791266850311,28.595516,77.428915,51.0,CNG,34.80,22.4,5,1531,36.1,5.88,49.0,88.0,0.78,-2.34,13.8,10.2,51.5,0.38,ARMED,,18.0
1791266850838,28.595390,77.428902,52.0,CNG,33.98,22.4,5,1538,36.1,6.47,49.0,89.0,0.78,-2.34,13.8,10.2,51.7,0.39,ARMED,,18.4
1791266851781,28.595390,77.428902,52.0,CNG,33.55,22.4,5,1542,37.3,6.45,50.0,88.0,0.00,-2.34,13.7,10.2,51.9,0.38,ARMED,,18.4
1791266852284,28.595262,77.428885,52.0,CNG,32.92,22.7,5,1550,37.3,6.64,50.0,89.0,0.00,-2.34,13.7,10.7,52.2,0.36,ARMED,,18.4
1791266852802,28.595262,77.428885,52.0,CNG,32.41,22.7,5,1556,37.3,6.71,50.0,89.0,0.00,-2.34,13.7,10.7,52.3,0.36,ARMED,,18.4
1791266853767,28.595135,77.428863,52.0,CNG,31.63,23.1,5,1556,40.8,6.96,52.0,88.0,0.00,-2.34,13.7,11.2,52.4,0.32,ARMED,,18.8
1791266854311,28.595007,77.428847,53.0,CNG,30.59,23.1,5,1578,40.8,7.42,52.0,88.0,0.00,-2.34,13.6,11.2,52.9,0.38,ARMED,,19.2
1791266854856,28.594876,77.428832,53.0,CNG,31.48,23.1,5,1572,40.8,6.59,52.0,88.0,0.00,-2.34,13.6,11.2,53.0,0.34,ARMED,,18.8
1791266855835,28.594876,77.428832,53.0,CNG,31.61,23.1,5,1578,40.8,6.81,52.0,88.0,0.78,-2.34,13.7,11.2,53.1,0.32,ARMED,,18.8
1791266856325,28.594746,77.428818,54.0,CNG,29.19,23.5,5,1603,40.8,8.41,52.0,88.0,0.78,-2.34,13.7,11.8,53.7,0.50,ARMED,,20.0
1791266856869,28.594612,77.428805,54.0,CNG,27.98,23.5,5,1606,40.8,8.37,52.0,88.0,0.78,-2.34,13.6,11.8,54.0,0.50,ARMED,,20.0
1791266857734,28.594612,77.428805,54.0,CNG,26.59,23.5,5,1606,49.4,8.91,56.0,88.0,0.78,-2.34,13.6,11.8,54.1,0.46,ARMED,,20.0
1791266858286,28.594477,77.428793,54.0,CNG,25.94,23.5,5,1617,49.4,8.82,56.0,88.0,0.78,-2.34,13.6,11.8,54.4,0.43,ARMED,,20.0
1791266858762,28.594477,77.428793,55.0,CNG,25.58,23.5,5,1621,49.4,8.96,56.0,88.0,0.78,-2.34,13.6,11.8,54.6,0.41,ARMED,,20.0
1791266859670,28.594344,77.428781,55.0,CNG,25.49,23.5,5,1623,49.4,8.87,56.0,88.0,0.00,-2.34,13.7,11.8,54.7,0.38,ARMED,,20.0
1791266860157,28.594208,77.428765,55.0,CNG,25.40,23.5,5,1641,49.4,8.90,56.0,88.0,0.00,-2.34,13.7,11.8,55.1,0.41,ARMED,,20.0
1791266860711,28.594208,77.428765,55.0,CNG,26.10,23.5,5,1626,49.4,8.25,56.0,88.0,0.00,-2.34,13.7,11.8,55.0,0.22,ARMED,,20.0
1791266861597,28.594073,77.428752,55.0,CNG,25.81,23.5,5,1630,49.0,8.86,57.0,88.0,0.00,-2.34,13.7,11.8,55.0,0.18,ARMED,,20.0
1791266862132,28.593937,77.428741,56.0,CNG,25.74,23.5,5,1662,49.0,8.92,57.0,88.0,0.00,-2.34,13.7,11.8,55.7,0.47,ARMED,,20.0
1791266862605,28.593937,77.428741,56.0,CNG,26.51,23.5,5,1658,49.0,8.26,57.0,88.0,0.00,-2.34,13.7,11.8,55.8,0.45,ARMED,,20.0
1791266863512,28.593799,77.428729,56.0,CNG,28.16,23.5,5,1668,39.6,7.37,50.0,88.0,-1.56,-2.34,13.5,11.8,56.1,0.46,ARMED,,19.2
1791266864050,28.593661,77.428715,56.0,CNG,29.27,23.5,5,1678,39.6,7.36,50.0,89.0,-1.56,-2.34,13.5,11.8,56.4,0.43,ARMED,,19.2
1791266864573,28.593661,77.428715,57.0,CNG,31.07,23.5,5,1684,39.6,6.82,50.0,89.0,-1.56,-2.34,13.8,11.8,56.6,0.43,ARMED,,19.2
1791266865466,28.593520,77.428701,57.0,CNG,32.11,23.5,5,1682,39.6,6.90,52.0,88.0,0.00,-2.34,13.8,11.8,56.7,0.39,ARMED,,19.2
1791266866023,28.593382,77.428689,57.0,CNG,31.96,23.5,5,1709,39.6,7.34,52.0,88.0,0.00,-2.34,13.7,11.8,57.3,0.46,ARMED,,19.2
1791266866519,28.593382,77.428689,57.0,CNG,32.04,23.5,5,1704,39.6,7.24,52.0,88.0,0.00,-2.34,13.7,11.8,57.4,0.42,ARMED,,19.2
1791266867408,28.593238,77.428679,57.0,CNG,32.42,23.5,5,1715,39.6,7.06,52.0,88.0,0.00,-2.34,13.7,11.8,57.6,0.41,ARMED,,19.2
1791266867926,28.593095,77.428669,58.0,CNG,31.98,23.5,5,1709,39.6,7.56,52.0,88.0,0.00,-2.34,13.7,11.8,57.6,0.20,ARMED,,19.2
1791266868441,28.593095,77.428669,58.0,CNG,32.53,23.5,5,1714,39.6,7.10,52.0,88.0,0.00,-2.34,13.7,11.8,57.7,0.19,ARMED,,19.2
1791266869494,28.592951,77.428658,58.0,CNG,32.75,23.5,5,1726,39.2,7.17,52.0,88.0,0.00,-2.34,13.8,11.8,57.9,0.23,ARMED,,19.2
1791266870092,28.592806,77.428643,58.0,CNG,30.09,23.5,5,1731,39.2,8.83,52.0,88.0,0.00,-2.34,13.6,11.8,58.2,0.23,CANDIDATE,58.2,20.4
1791266870597,28.592806,77.428643,59.0,CNG,29.68,23.5,5,1747,39.2,8.29,52.0,88.0,0.00,-2.34,13.6,11.8,58.5,0.36,CANDIDATE,58.5,20.0
1791266871584,28.592661,77.428632,59.0,CNG,29.59,23.5,5,1744,46.7,8.18,56.0,88.0,0.78,-2.34,13.5,11.8,58.7,0.35,LOCKED,58.7,20.0
1791266872113,28.592516,77.428621,59.0,CNG,29.05,23.5,5,1752,46.7,8.53,56.0,88.0,0.78,-2.34,13.5,11.8,58.9,0.33,LOCKED,58.7,20.0
1791266872619,28.592516,77.428621,59.0,CNG,27.68,23.5,5,1758,46.7,9.32,56.0,88.0,0.78,-2.34,13.5,11.8,59.1,0.33,LOCKED,58.7,20.4
1791266873527,28.592369,77.428609,59.0,CNG,27.85,23.5,5,1774,47.1,8.58,55.0,88.0,-0.78,-2.34,13.5,11.8,59.5,0.39,LOCKED,58.7,20.4
1791266874037,28.592223,77.428594,59.0,CNG,28.06,23.5,5,1778,47.1,8.50,55.0,88.0,-0.78,-2.34,13.7,11.8,59.8,0.37,LOCKED,58.7,20.4
1791266874545,28.592223,77.428594,60.0,CNG,27.99,23.5,5,1784,47.1,8.79,55.0,88.0,-0.78,-2.34,13.7,11.8,60.0,0.37,LOCKED,58.7,20.0
1791266875466,28.592075,77.428577,60.0,CNG,27.68,23.5,5,1792,46.3,9.00,54.0,88.0,-0.78,-2.34,13.5,11.8,60.2,0.38,LOCKED,58.7,20.4
1791266876009,28.591928,77.428560,60.0,CNG,34.10,22.0,5,1787,46.3,4.71,54.0,88.0,-0.78,-2.34,13.5,9.6,60.2,0.18,LOCKED,58.7,16.5
1791266876588,28.591928,77.428560,60.0,CNG,33.45,22.4,5,1777,46.3,7.54,54.0,88.0,-0.78,-2.34,13.6,10.2,60.0,0.01,LOCKED,58.7,19.2
1791266877421,28.591780,77.428543,60.0,CNG,32.70,22.4,5,1786,38.8,7.75,47.0,88.0,-0.78,-2.34,13.6,10.2,60.0,0.01,LOCKED,58.7,19.6
1791266877947,28.591634,77.428527,60.0,CNG,34.47,22.4,5,1775,38.8,6.54,47.0,88.0,-0.78,-2.34,13.6,10.2,59.8,-0.06,LOCKED,58.7,18.4
1791266878501,28.591634,77.428527,60.0,CNG,36.99,22.4,5,1770,38.8,5.90,47.0,88.0,-0.78,-2.34,13.6,10.2,59.6,-0.09,LOCKED,58.7,18.4
1791266879476,28.591486,77.428510,60.0,CNG,37.12,22.4,5,1773,32.2,6.57,45.0,88.0,0.00,-3.13,13.7,10.2,59.6,-0.08,LOCKED,58.7,18.4
1791266880000,28.591339,77.428492,60.0,CNG,37.21,22.4,5,1783,32.2,6.57,45.0,88.0,0.00,-3.13,13.7,10.2,59.8,0.09,LOCKED,58.7,18.4
1791266880566,28.591339,77.428492,60.0,CNG,37.23,22.4,5,1783,32.2,6.58,45.0,88.0,0.00,-3.13,13.7,10.2,59.9,0.10,LOCKED,58.7,18.4
1791266881434,28.591191,77.428474,60.0,CNG,38.53,22.4,5,1778,32.2,6.03,45.0,87.0,0.78,-2.34,13.7,10.2,59.9,0.07,LOCKED,58.7,18.4
1791266882023,28.591045,77.428455,60.0,CNG,39.41,22.4,5,1776,32.2,6.01,45.0,87.0,0.78,-2.34,13.7,10.2,59.8,0.04,LOCKED,58.7,18.4
1791266882528,28.591045,77.428455,60.0,CNG,38.57,22.4,5,1799,32.2,6.56,45.0,87.0,0.78,-2.34,13.7,10.2,60.2,0.23,LOCKED,58.7,18.4
1791266883497,28.590895,77.428442,60.0,CNG,38.76,22.4,5,1793,32.2,6.28,46.0,87.0,0.78,-2.34,13.6,10.2,60.3,0.23,LOCKED,58.7,18.4
1791266883990,28.590747,77.428430,60.0,CNG,36.98,22.4,5,1777,32.2,7.09,46.0,87.0,0.78,-2.34,13.6,10.2,60.0,-0.05,LOCKED,58.7,19.2
1791266884491,28.590747,77.428430,60.0,CNG,34.80,22.4,5,1793,32.2,7.67,46.0,87.0,0.78,-2.34,13.5,10.2,60.1,-0.00,LOCKED,58.7,19.2
1791266885395,28.590598,77.428415,60.0,CNG,34.05,22.4,5,1792,38.4,7.43,51.0,87.0,-0.78,-2.34,13.5,10.2,60.2,0.01,LOCKED,58.7,19.2
1791266885954,28.590450,77.428402,60.0,CNG,33.63,22.4,5,1795,38.4,7.43,51.0,87.0,-0.78,-2.34,13.6,10.2,60.3,0.04,LOCKED,58.7,19.6
1791266886491,28.590450,77.428402,60.0,CNG,33.20,22.4,5,1787,38.4,7.53,51.0,87.0,-0.78,-2.34,13.6,10.2,60.2,0.00,LOCKED,58.7,19.6
1791266887405,28.590299,77.428387,60.0,CNG,32.80,22.4,5,1801,39.6,7.61,52.0,87.0,0.78,-2.34,13.6,10.2,60.3,0.05,LOCKED,58.7,19.6
1791266887894,28.590150,77.428371,61.0,CNG,32.76,22.4,5,1813,39.6,7.62,52.0,87.0,0.78,-2.34,13.6,10.2,60.8,0.26,LOCKED,58.7,19.6
1791266888442,28.590150,77.428371,61.0,CNG,31.91,22.4,5,1810,39.6,8.12,52.0,87.0,0.78,-2.34,13.6,10.2,60.9,0.25,LOCKED,58.7,19.6
1791266889513,28.590001,77.428356,61.0,CNG,32.21,22.4,5,1805,39.2,7.63,51.0,87.0,0.00,-2.34,13.3,10.2,60.8,0.20,LOCKED,58.7,19.6
1791266890063,28.589851,77.428341,61.0,CNG,32.94,22.4,5,1810,39.2,7.31,51.0,87.0,0.00,-2.34,13.6,10.2,60.9,0.16,LOCKED,58.7,19.6
1791266890561,28.589851,77.428341,61.0,CNG,32.19,22.4,5,1812,39.2,8.01,51.0,88.0,0.00,-2.34,13.6,10.2,60.9,0.15,LOCKED,58.7,19.6
1791266891479,28.589699,77.428332,60.0,CNG,34.87,22.4,5,1806,33.3,6.14,47.0,88.0,0.00,-2.34,13.7,10.2,60.9,0.10,LOCKED,58.7,18.4
1791266891986,28.589549,77.428321,61.0,CNG,41.60,14.9,5,1803,33.3,4.27,47.0,88.0,0.00,-2.34,13.7,0.0,60.7,0.04,LOCKED,58.7,16.1
1791266892559,28.589549,77.428321,60.0,CNG,50.13,19.2,5,1773,33.3,3.37,47.0,88.0,0.00,-2.34,13.5,5.9,60.2,-0.30,LOCKED,58.7,16.1
1791266893446,28.589398,77.428315,60.0,CNG,55.22,20.0,5,1759,19.6,3.76,32.0,88.0,-0.78,-2.34,13.5,7.0,59.6,-0.55,LOCKED,58.7,15.7
1791266893973,28.589251,77.428312,60.0,CNG,59.67,20.4,5,1790,19.6,3.61,32.0,88.0,-0.78,-2.34,13.6,7.5,59.8,-0.15,LOCKED,58.7,16.1
1791266894482,28.589251,77.428312,59.0,CNG,58.53,20.4,5,1766,19.6,4.24,32.0,88.0,-0.78,-2.34,13.6,7.5,59.6,-0.20,LOCKED,58.7,16.1
1791266895376,28.589103,77.428312,59.0,CNG,57.86,20.4,5,1759,21.2,4.24,32.0,88.0,-0.78,-2.34,13.4,7.5,59.3,-0.25,LOCKED,58.7,16.1
1791266895879,28.588958,77.428311,59.0,CNG,63.49,14.9,5,1730,21.2,3.24,32.0,88.0,-0.78,-2.34,13.4,0.0,58.5,-0.58,LOCKED,58.7,15.7
1791266896428,28.588958,77.428311,58.0,CNG,62.45,14.9,5,1721,21.2,3.89,32.0,88.0,-0.78,-2.34,13.6,0.0,58.1,-0.63,LOCKED,58.7,16.1
1791266897362,28.588817,77.428312,56.0,CNG,62.23,14.9,5,1666,22.0,3.70,31.0,88.0,0.00,0.00,13.6,0.0,56.9,-1.12,LOCKED,58.7,15.7
1791266897885,28.588684,77.428310,53.0,CNG,63.62,20.8,5,1566,22.0,3.28,31.0,88.0,0.00,0.00,13.8,8.0,53.7,-2.34,LOCKED,58.7,15.3
1791266898374,28.588684,77.428310,53.0,CNG,49.36,22.4,5,1578,22.0,5.94,31.0,88.0,0.00,0.00,13.8,10.2,52.8,-2.17,LOCKED,58.7,18.0
1791266899316,28.588554,77.428314,53.0,CNG,38.97,22.4,5,1563,41.2,7.37,51.0,89.0,-2.34,-2.34,13.7,10.2,52.1,-1.85,LOCKED,58.7,19.6
1791266899790,28.588554,77.428314,53.0,CNG,35.78,22.4,5,1565,41.2,6.81,51.0,88.0,-2.34,-2.34,13.7,10.2,52.0,-1.02,LOCKED,58.7,19.2
1791266900330,28.588422,77.428309,53.0,CNG,32.16,22.4,5,1557,41.2,7.77,51.0,88.0,-2.34,-2.34,13.6,10.2,51.9,-0.73,LOCKED,58.7,19.2
1791266901219,28.588290,77.428308,53.0,CNG,31.05,22.4,5,1568,43.5,7.34,53.0,89.0,-1.56,-2.34,13.6,10.2,52.2,-0.36,LOCKED,58.7,19.2
1791266901723,28.588290,77.428308,53.0,CNG,31.69,22.0,5,1579,43.5,6.62,53.0,89.0,-1.56,-2.34,13.6,9.6,52.8,0.16,LOCKED,58.7,19.2
1791266902325,28.588157,77.428303,53.0,CNG,32.04,21.6,5,1580,43.5,6.65,53.0,89.0,-1.56,-2.34,13.6,9.1,53.0,0.21,LOCKED,58.7,18.8
1791266903236,28.588024,77.428300,53.0,CNG,32.10,21.6,5,1585,40.4,6.73,50.0,89.0,-1.56,-2.34,13.7,9.1,53.3,0.25,LOCKED,58.7,18.8
1791266903752,28.588024,77.428300,54.0,CNG,31.41,22.0,5,1599,40.4,7.25,50.0,89.0,-1.56,-2.34,13.7,9.6,53.8,0.32,LOCKED,58.7,18.8
1791266904287,28.587891,77.428301,54.0,CNG,31.04,22.0,5,1601,40.4,7.23,50.0,89.0,-1.56,-2.34,13.7,9.6,53.9,0.32,LOCKED,58.7,18.8
1791266905162,28.587758,77.428301,54.0,CNG,30.84,22.0,5,1598,40.4,7.23,50.0,89.0,-0.78,-2.34,13.7,9.6,54.0,0.29,LOCKED,58.7,18.8
1791266905697,28.587758,77.428301,54.0,CNG,30.74,24.7,5,1596,40.4,7.21,50.0,89.0,-0.78,-2.34,13.6,13.4,53.9,0.11,LOCKED,58.7,18.8
1791266906185,28.587624,77.428302,54.0,CNG,27.07,26.7,5,1617,40.4,9.61,50.0,89.0,-0.78,-2.34,13.6,16.1,54.2,0.25,LOCKED,58.7,20.8
1791266907072,28.587489,77.428300,54.0,CNG,24.41,26.7,5,1609,55.7,10.37,63.0,89.0,0.78,-2.34,13.7,16.1,54.3,0.23,LOCKED,58.7,21.2
1791266907564,28.587489,77.428300,55.0,CNG,24.01,26.3,5,1638,55.7,9.59,63.0,90.0,0.78,-2.34,13.7,15.5,54.9,0.49,LOCKED,58.7,20.4
1791266908084,28.587352,77.428302,55.0,CNG,23.67,25.5,5,1641,55.7,9.70,63.0,90.0,0.78,-2.34,13.7,14.4,55.2,0.50,LOCKED,58.7,20.4
1791266909057,28.587214,77.428303,56.0,CNG,25.02,25.1,5,1665,48.6,8.38,57.0,90.0,-1.56,-2.34,13.3,13.9,55.7,0.67,LOCKED,58.7,20.0
1791266909550,28.587214,77.428303,56.0,CNG,25.84,25.1,5,1679,48.6,8.43,57.0,90.0,-1.56,-2.34,13.7,13.9,56.5,0.69,LOCKED,58.7,20.0
1791266910020,28.587072,77.428304,56.0,CNG,25.99,25.1,5,1681,48.6,8.73,57.0,90.0,-1.56,-2.34,13.7,13.9,56.7,0.65,LOCKED,58.7,20.0
1791266910944,28.586932,77.428314,57.0,CNG,26.40,25.1,5,1692,47.5,8.62,56.0,90.0,0.78,-2.34,13.7,13.9,57.0,0.64,LOCKED,58.7,20.0
1791266911431,28.586932,77.428314,57.0,CNG,26.34,25.1,5,1713,47.5,8.88,56.0,90.0,0.78,-2.34,13.7,13.9,57.6,0.65,LOCKED,58.7,20.0
1791266911921,28.586788,77.428325,58.0,CNG,27.34,25.1,5,1714,47.5,8.18,56.0,90.0,0.78,-2.34,13.7,13.9,57.8,0.61,LOCKED,58.7,20.0
1791266912798,28.586788,77.428325,58.0,CNG,29.46,14.9,5,1720,30.2,7.13,31.0,90.0,-1.56,-2.34,13.7,0.0,58.0,0.58,LOCKED,58.7,18.8
1791266913345,28.586644,77.428333,58.0,CNG,38.87,19.2,5,1710,30.2,3.20,31.0,90.0,-1.56,-2.34,13.7,5.9,57.8,0.20,LOCKED,58.7,15.7
1791266913878,28.586501,77.428340,57.0,CNG,41.09,19.6,5,1708,30.2,5.18,31.0,90.0,-1.56,-2.34,13.7,6.4,57.7,0.07,LOCKED,58.7,16.9
1791266914806,28.586501,77.428340,57.0,CNG,44.87,19.6,5,1693,25.9,4.47,40.0,90.0,0.00,-2.34,13.6,6.4,57.4,-0.17,LOCKED,58.7,16.9
1791266915317,28.586361,77.428344,57.0,CNG,43.54,20.0,5,1680,25.9,5.59,40.0,90.0,0.00,-2.34,13.6,7.0,56.7,-0.42,LOCKED,58.7,17.3
1791266915862,28.586221,77.428351,56.0,CNG,43.92,20.0,5,1676,25.9,5.14,40.0,90.0,0.00,-2.34,13.5,7.0,56.5,-0.44,LOCKED,58.7,17.3
1791266916725,28.586221,77.428351,56.0,CNG,33.07,23.1,5,1672,45.9,9.52,53.0,90.0,0.78,-2.34,13.5,11.2,56.2,-0.44,LOCKED,58.7,20.4
1791266917231,28.586081,77.428357,56.0,CNG,29.95,23.1,5,1683,45.9,8.73,53.0,90.0,0.78,-2.34,13.7,11.2,56.3,-0.17,LOCKED,58.7,20.0
1791266917708,28.586081,77.428357,56.0,CNG,28.52,23.1,5,1680,45.9,8.60,53.0,89.0,0.78,-2.34,13.7,11.2,56.4,-0.14,LOCKED,58.7,20.0
1791266918650,28.585941,77.428361,57.0,CNG,27.81,23.1,5,1694,45.1,8.68,54.0,89.0,0.00,-2.34,13.7,11.2,56.6,0.05,LOCKED,58.7,20.0
1791266919128,28.585799,77.428362,57.0,CNG,27.44,22.7,5,1697,45.1,8.66,54.0,89.0,0.00,-2.34,13.7,10.7,56.9,0.21,LOCKED,58.7,20.0
1791266919619,28.585799,77.428362,57.0,CNG,27.65,22.7,5,1694,45.1,8.33,54.0,89.0,0.00,-2.34,13.7,10.7,57.0,0.20,LOCKED,58.7,19.6
1791266920482,28.585657,77.428363,57.0,CNG,36.25,14.9,5,1676,21.6,3.44,34.0,89.0,0.00,0.00,13.7,0.0,56.7,-0.01,LOCKED,58.7,14.9
1791266921011,28.585518,77.428360,54.0,CNG,47.69,14.9,,920,21.6,2.32,34.0,89.0,0.00,0.00,13.4,0.0,54.0,0.00,PAUSED,58.7,12.9
1791266921526,28.585518,77.428360,51.0,CNG,59.12,14.9,,818,21.6,2.14,34.0,89.0,0.00,0.00,13.4,0.0,51.0,0.00,PAUSED,58.7,12.9
1791266922411,28.585398,77.428362,45.0,CNG,79.64,14.9,,730,22.4,0.87,33.0,89.0,0.00,-1.56,13.7,0.0,45.0,0.00,PAUSED,58.7,12.5
1791266922928,28.585305,77.428366,37.0,CNG,77.35,14.9,,716,22.4,2.07,33.0,89.0,0.00,-1.56,13.7,0.0,37.0,0.00,PAUSED,58.7,12.5
1791266923442,28.585305,77.428366,34.0,CNG,73.46,14.9,,723,22.4,2.08,33.0,89.0,0.00,-1.56,13.7,0.0,34.0,0.00,PAUSED,58.7,12.5
1791266924357,28.585224,77.428369,33.0,CNG,89.30,14.9,,726,22.4,0.91,32.0,89.0,5.47,-1.56,13.7,0.0,33.0,0.00,PAUSED,58.7,12.5
1791266924891,28.585149,77.428371,30.0,CNG,103.22,14.9,,711,22.4,0.84,32.0,89.0,5.47,-1.56,13.6,0.0,30.0,0.00,PAUSED,58.7,12.5
1791266925407,28.585149,77.428371,27.0,CNG,136.99,14.9,,704,22.4,0.30,32.0,89.0,5.47,-1.56,13.6,0.0,27.0,0.00,PAUSED,58.7,11.8
1791266926291,28.585094,77.428373,22.0,CNG,90.74,14.9,,668,24.7,1.71,34.0,89.0,-4.69,-0.78,13.7,0.0,22.0,0.00,PAUSED,58.7,12.2
1791266926781,28.585094,77.428373,14.0,CNG,81.92,14.9,,683,24.7,0.90,34.0,89.0,-4.69,-0.78,13.7,0.0,14.0,0.00,ARMED,,11.8
1791266927291,28.585060,77.428371,13.0,CNG,53.91,14.9,,690,24.7,1.85,34.0,89.0,-4.69,-0.78,13.8,0.0,13.0,0.00,ARMED,,11.8
1791266928333,28.585027,77.428369,13.0,CNG,33.84,14.9,3,710,33.7,2.82,40.0,89.0,-6.25,-0.78,13.6,0.0,13.0,0.00,ARMED,,14.1
1791266928884,28.584997,77.428368,12.0,CNG,30.76,14.9,,761,33.7,1.89,40.0,89.0,-6.25,-0.78,13.5,0.0,12.0,0.00,ARMED,,14.1
1791266929385,28.584997,77.428368,8.0,CNG,21.86,14.9,,775,33.7,2.68,40.0,89.0,-6.25,-0.78,13.5,0.0,8.0,0.00,ARMED,,14.5
1791266930276,28.584979,77.428369,7.0,CNG,16.49,14.9,,785,36.1,2.83,45.0,89.0,-1.56,-1.56,13.5,0.0,7.0,0.00,ARMED,,14.5
1791266930799,28.584979,77.428369,7.0,CNG,14.18,14.9,,794,36.1,2.62,45.0,89.0,-1.56,-1.56,13.5,0.0,7.0,0.00,ARMED,,14.5
1791266931363,28.584962,77.428370,7.0,CNG,13.75,26.3,,798,36.1,2.20,45.0,89.0,-1.56,-1.56,13.3,15.5,7.0,0.00,ARMED,,14.5
1791266932216,28.584947,77.428370,6.0,CNG,6.55,27.1,1,815,89.4,7.70,99.0,89.0,0.00,-2.34,13.3,16.6,6.0,0.00,ARMED,,31.8
1791266932761,28.584947,77.428370,9.0,CNG,10.55,14.9,,934,89.4,0.92,99.0,89.0,0.00,-2.34,12.8,0.0,9.0,0.00,ARMED,,13.7
1791266933266,28.584926,77.428370,10.0,CNG,14.71,25.1,2,725,89.4,1.47,99.0,89.0,0.00,-2.34,12.8,13.9,10.0,0.00,ARMED,,11.4
1791266934184,28.584902,77.428369,10.0,CNG,8.56,26.3,2,780,79.6,7.40,94.0,89.0,5.47,-2.34,13.5,15.5,10.0,0.00,ARMED,,22.4
1791266934665,28.584902,77.428369,13.0,CNG,7.97,20.8,2,954,79.6,7.15,94.0,89.0,5.47,-2.34,13.5,8.0,12.0,1.15,ARMED,,22.7
1791266935226,28.584871,77.428368,13.0,CNG,9.52,18.8,2,1002,79.6,4.23,94.0,89.0,5.47,-2.34,13.4,5.4,12.8,1.20,ARMED,,16.5
1791266936080,28.584837,77.428368,13.0,CNG,12.02,18.8,2,1005,36.9,2.87,43.0,89.0,-4.69,-2.34,13.4,5.4,13.2,1.07,ARMED,,15.3
1791266936605,28.584837,77.428368,13.0,CNG,14.11,14.9,2,917,36.9,2.84,43.0,89.0,-4.69,-2.34,13.4,0.0,12.7,0.23,ARMED,,14.5
1791266937147,28.584805,77.428367,12.0,CNG,14.63,16.5,2,903,36.9,3.16,43.0,89.0,-4.69,-2.34,13.4,2.1,12.2,-0.10,ARMED,,14.5
1791266938022,28.584776,77.428365,12.0,CNG,12.31,20.8,2,884,49.8,4.96,66.0,89.0,3.13,-2.34,13.4,8.0,11.9,-0.31,ARMED,,16.9
1791266938511,28.584776,77.428365,12.0,CNG,12.63,14.9,2,895,49.8,3.73,66.0,89.0,3.13,-2.34,13.4,0.0,11.6,-0.30,ARMED,,15.7
1791266939033,28.584746,77.428364,12.0,CNG,11.76,14.9,2,890,49.8,4.60,66.0,89.0,3.13,-2.34,13.4,0.0,11.5,-0.28,ARMED,,16.5
1791266939902,28.584716,77.428363,12.0,CNG,15.22,14.9,2,878,23.9,1.79,35.0,89.0,-2.34,-2.34,13.4,0.0,11.4,-0.27,ARMED,,12.5
1791266940414,28.584716,77.428363,11.0,CNG,17.43,14.9,2,858,23.9,1.97,35.0,89.0,-2.34,-2.34,13.4,0.0,11.2,-0.28,ARMED,,12.5
1791266940899,28.584690,77.428361,10.0,CNG,23.46,14.9,2,720,23.9,0.69,35.0,89.0,-2.34,-2.34,13.4,0.0,10.2,-0.75,ARMED,,12.2
1791266941850,28.584668,77.428358,9.0,CNG,25.58,14.9,2,709,22.7,1.20,34.0,89.0,8.59,-1.56,13.2,0.0,9.5,-0.94,ARMED,,12.5
1791266942340,28.584668,77.428358,8.0,CNG,21.81,14.9,,599,22.7,1.92,34.0,89.0,8.59,-1.56,13.2,0.0,8.0,0.00,ARMED,,12.9
1791266942847,28.584651,77.428356,7.0,CNG,22.93,14.9,,653,22.7,1.12,34.0,89.0,8.59,-1.56,13.7,0.0,7.0,0.00,ARMED,,12.5
1791266943781,28.584651,77.428356,7.0,CNG,21.67,14.9,,648,31.8,1.45,46.0,89.0,-2.34,-1.56,13.7,0.0,7.0,0.00,ARMED,,11.0
1791266944398,28.584633,77.428355,8.0,CNG,11.24,14.9,,650,31.8,4.97,46.0,89.0,-2.34,-1.56,13.7,0.0,8.0,0.00,ARMED,,16.9
1791266944880,28.584615,77.428352,8.0,CNG,11.93,14.9,,725,31.8,2.49,46.0,89.0,-2.34,-1.56,13.7,0.0,8.0,0.00,ARMED,,14.1
1791266945846,28.584596,77.428349,8.0,CNG,11.40,14.9,,759,37.3,3.06,45.0,89.0,-3.13,-1.56,13.4,0.0,8.0,0.00,ARMED,,14.5
1791266946345,28.584596,77.428349,8.0,CNG,11.42,14.9,,794,37.3,2.85,45.0,89.0,-3.13,-1.56,13.4,0.0,8.0,0.00,ARMED,,14.9
1791266946864,28.584578,77.428346,7.0,CNG,10.74,17.6,,789,37.3,2.94,45.0,89.0,-3.13,-1.56,13.3,3.7,7.0,0.00,ARMED,,14.9
1791266947919,28.584559,77.428343,8.0,CNG,8.13,18.0,,659,46.3,5.41,70.0,90.0,0.00,-2.34,13.0,4.3,8.0,0.00,ARMED,,17.3
1791266948469,28.584559,77.428343,8.0,CNG,11.86,23.5,,578,46.3,0.92,70.0,90.0,0.00,-2.34,13.2,11.8,8.0,0.00,ARMED,,31.0
1791266948976,28.584537,77.428343,9.0,CNG,10.74,24.3,,682,46.3,3.85,70.0,89.0,0.00,-2.34,13.2,12.8,9.0,0.00,ARMED,,32.9
1791266949887,28.584509,77.428346,10.0,CNG,8.09,25.1,2,785,89.0,6.60,98.0,89.0,0.00,-2.34,13.5,13.9,10.0,0.00,ARMED,,29.8
1791266950374,28.584509,77.428346,13.0,CNG,9.44,23.5,2,983,89.0,4.66,98.0,90.0,0.00,-2.34,13.5,11.8,12.0,1.15,ARMED,,18.4
1791266950891,28.584474,77.428351,15.0,CNG,9.01,22.0,2,1080,89.0,7.13,98.0,90.0,0.00,-2.34,13.6,9.6,13.7,1.82,ARMED,,20.8
1791266951829,28.584474,77.428351,15.0,CNG,8.51,22.0,2,1112,59.2,7.70,67.0,90.0,-1.56,-2.34,13.6,9.6,14.8,1.87,ARMED,,19.6
1791266952398,28.584434,77.428355,17.0,CNG,8.63,22.7,2,1267,59.2,7.92,67.0,90.0,-1.56,-2.34,13.6,10.7,16.9,1.94,ARMED,,20.0
1791266952927,28.584392,77.428357,18.0,CNG,9.09,22.4,2,1287,59.2,7.55,67.0,90.0,-1.56,-2.34,13.6,10.2,17.6,1.75,ARMED,,19.6
1791266953817,28.584392,77.428357,19.0,CNG,9.39,24.3,2,1396,58.0,7.93,57.0,90.0,2.34,-2.34,13.6,12.8,18.6,1.78,ARMED,,19.6
1791266954304,28.584342,77.428357,20.0,CNG,10.74,23.5,2,1463,58.0,6.20,57.0,90.0,2.34,-2.34,13.6,11.8,19.9,1.58,ARMED,,18.4
1791266954814,28.584342,77.428357,20.0,CNG,8.36,27.1,2,1512,58.0,12.77,57.0,90.0,2.34,-2.34,13.6,16.6,20.5,1.54,ARMED,,23.1
1791266955698,28.584292,77.428356,21.0,CNG,7.95,25.5,2,1579,60.8,11.50,67.0,90.0,3.13,-1.56,13.6,14.4,21.3,1.53,ARMED,,22.0
1791266956219,28.584235,77.428354,23.0,CNG,7.27,27.5,2,1771,60.8,14.33,67.0,90.0,3.13,-1.56,13.6,17.1,23.4,1.98,ARMED,,23.5
1791266956706,28.584235,77.428354,25.0,CNG,8.37,26.3,2,1881,60.8,9.91,67.0,90.0,3.13,-1.56,13.6,15.5,24.8,2.22,ARMED,,20.8
1791266957632,28.584173,77.428350,25.0,CNG,8.90,26.3,2,1938,47.5,10.47,54.0,90.0,0.00,-1.56,13.6,15.5,26.0,2.22,ARMED,,20.8
1791266958109,28.584106,77.428346,28.0,CNG,10.09,25.1,2,2064,47.5,9.44,54.0,89.0,0.00,-1.56,13.6,13.9,27.8,2.18,ARMED,,20.4
1791266958624,28.584106,77.428346,29.0,CNG,11.72,24.3,2,2123,47.5,7.96,54.0,89.0,0.00,-1.56,13.6,12.8,28.7,2.13,ARMED,,19.2
1791266959537,28.584035,77.428342,29.0,CNG,14.36,23.1,2,2202,26.7,5.68,42.0,89.0,-2.34,-2.34,13.6,11.2,29.7,2.09,ARMED,,17.3
1791266960053,28.583963,77.428335,30.0,CNG,14.09,22.7,2,2197,26.7,8.93,42.0,89.0,-2.34,-2.34,13.8,10.7,30.2,1.31,ARMED,,20.0
1791266960537,28.583963,77.428335,30.0,CNG,14.45,23.5,2,2265,26.7,8.17,42.0,89.0,-2.34,-2.34,13.8,11.8,30.6,1.19,ARMED,,19.6
1791266961465,28.583889,77.428330,30.0,CNG,14.95,25.1,2,2285,32.9,7.79,47.0,89.0,3.13,-2.34,13.5,13.9,31.0,1.00,ARMED,,19.6
1791266961953,28.583812,77.428326,31.0,CNG,14.27,24.7,2,2333,32.9,9.46,47.0,89.0,3.13,-2.34,13.5,13.4,31.5,0.79,ARMED,,20.4
1791266962480,28.583812,77.428326,32.0,CNG,14.43,24.3,2,2370,32.9,8.92,47.0,89.0,3.13,-2.34,13.5,12.8,31.8,0.78,ARMED,,20.4
1791266963355,28.583734,77.428317,32.0,CNG,15.87,25.1,2,2427,31.4,7.04,43.0,88.0,0.78,-2.34,13.5,13.9,32.4,0.82,ARMED,,19.2
1791266963900,28.583652,77.428314,33.0,CNG,15.18,22.4,2,2454,31.4,9.45,43.0,88.0,0.78,-2.34,13.8,10.2,33.0,0.78,ARMED,,20.4
1791266964381,28.583652,77.428314,33.0,CNG,18.77,14.9,2,2303,31.4,4.71,43.0,88.0,0.78,-2.34,13.8,0.0,32.2,0.09,ARMED,,17.3
1791266965263,28.583572,77.428306,33.0,CNG,23.98,25.9,3,1820,42.4,3.33,64.0,88.0,0.00,-2.34,13.7,15.0,33.0,0.00,ARMED,,15.7
1791266965768,28.583572,77.428306,33.0,CNG,18.00,24.7,3,1704,42.4,10.26,64.0,88.0,0.00,-2.34,13.7,13.4,33.0,0.00,ARMED,,21.2
1791266966354,28.583488,77.428301,34.0,CNG,15.92,23.5,3,1743,42.4,10.19,64.0,88.0,0.00,-2.34,13.6,11.8,33.5,0.31,ARMED,,20.8
1791266967444,28.583402,77.428295,35.0,CNG,16.18,23.9,3,1765,47.1,8.63,56.0,88.0,-3.91,-2.34,13.7,12.3,34.3,0.71,ARMED,,20.0
1791266967967,28.583315,77.428286,35.0,CNG,15.93,23.1,3,1822,47.1,9.18,56.0,88.0,-3.91,-2.34,13.6,11.2,35.8,1.09,ARMED,,20.0
1791266968470,28.583315,77.428286,36.0,CNG,16.38,22.4,3,1823,47.1,8.62,56.0,88.0,-3.91,-2.34,13.6,10.2,36.2,1.04,ARMED,,20.0
1791266969397,28.583226,77.428273,36.0,CNG,17.26,21.6,3,1821,35.7,7.86,50.0,88.0,-3.91,-2.34,13.5,9.1,36.4,0.83,ARMED,,19.6
1791266969888,28.583140,77.428257,36.0,CNG,17.45,21.2,3,1848,35.7,8.30,50.0,88.0,-3.91,-2.34,13.5,8.6,36.7,0.59,ARMED,,19.6
1791266970424,28.583140,77.428257,36.0,CNG,18.41,21.6,3,1854,35.7,7.34,50.0,88.0,-3.91,-2.34,13.6,9.1,36.8,0.47,ARMED,,18.8
1791266971291,28.583052,77.428241,36.0,CNG,18.10,22.4,3,1858,39.6,8.32,54.0,88.0,0.00,-2.34,13.6,10.2,36.9,0.35,ARMED,,19.6
1791266971792,28.583052,77.428241,36.0,CNG,19.32,22.7,3,1868,39.6,6.86,54.0,88.0,0.00,-2.34,13.6,10.7,36.9,0.28,ARMED,,18.8
1791266972278,28.582962,77.428226,37.0,CNG,19.80,23.5,3,1868,39.6,7.36,54.0,88.0,0.00,-2.34,13.6,11.8,37.0,0.25,ARMED,,19.2
1791266973184,28.582874,77.428206,37.0,CNG,19.46,23.5,3,1882,35.7,7.97,50.0,88.0,-1.56,-2.34,13.7,11.8,37.1,0.25,ARMED,,19.2
1791266973714,28.582874,77.428206,37.0,CNG,18.71,23.9,3,1909,35.7,8.55,50.0,88.0,-1.56,-2.34,13.7,12.3,37.5,0.30,CANDIDATE,37.5,19.6
1791266974236,28.582782,77.428188,39.0,CNG,19.56,21.6,3,1947,35.7,7.62,50.0,88.0,-1.56,-2.34,13.5,9.1,38.0,0.50,ARMED,,19.6
1791266975152,28.582688,77.428171,38.0,CNG,20.25,24.3,3,1980,37.6,7.27,46.0,89.0,1.56,-2.34,13.5,12.8,38.6,0.71,ARMED,,19.2
1791266975740,28.582688,77.428171,39.0,CNG,20.32,23.5,3,1989,37.6,7.80,46.0,89.0,1.56,-2.34,13.7,11.8,39.2,0.68,ARMED,,19.6
1791266976219,28.582593,77.428151,39.0,CNG,18.80,23.9,3,2008,37.6,9.41,46.0,89.0,1.56,-2.34,13.7,12.3,39.5,0.68,ARMED,,20.4
1791266977218,28.582498,77.428128,40.0,CNG,19.91,23.9,3,2023,34.5,7.51,52.0,89.0,0.00,-2.34,13.5,12.3,39.8,0.66,ARMED,,19.6
1791266977756,28.582498,77.428128,40.0,CNG,18.20,23.9,3,2071,34.5,10.12,52.0,89.0,0.00,-2.34,13.5,12.3,40.6,0.70,ARMED,,20.4
1791266978271,28.582400,77.428107,40.0,CNG,17.35,23.5,3,2075,34.5,10.07,52.0,89.0,0.00,-2.34,13.7,11.8,40.9,0.67,ARMED,,20.8
1791266979239,28.582299,77.428082,40.0,CNG,17.25,23.5,3,2097,38.8,9.56,52.0,89.0,-0.78,-2.34,13.7,11.8,41.2,0.65,ARMED,,20.4
1791266979775,28.582299,77.428082,41.0,CNG,18.44,23.1,3,2108,38.8,8.17,52.0,89.0,-0.78,-2.34,13.7,11.2,41.5,0.47,ARMED,,20.0
1791266980265,28.582201,77.428058,41.0,CNG,17.86,23.1,3,2130,38.8,9.82,52.0,89.0,-0.78,-2.34,13.7,11.2,41.7,0.47,ARMED,,20.4
1791266981132,28.582100,77.428034,41.0,CNG,18.14,23.1,3,2158,36.5,9.02,48.0,89.0,-0.78,-2.34,13.6,11.2,42.1,0.51,ARMED,,20.4
1791266981664,28.582100,77.428034,42.0,CNG,19.79,20.0,3,2154,36.5,7.53,48.0,89.0,-0.78,-2.34,13.6,7.0,42.3,0.44,ARMED,,19.6
1791266982172,28.582001,77.428011,42.0,CNG,22.69,17.3,3,2148,36.5,5.93,48.0,89.0,-0.78,-2.34,13.5,3.2,42.3,0.31,ARMED,,17.6
1791266983046,28.581900,77.427990,41.0,CNG,27.25,14.9,3,2152,19.6,4.27,34.0,90.0,0.00,0.00,13.5,0.0,42.2,0.26,ARMED,,16.9
1791266983540,28.581900,77.427990,40.0,CNG,29.30,14.9,5,1115,19.6,4.93,34.0,90.0,0.00,0.00,13.7,0.0,40.0,0.00,ARMED,,17.3
1791266984045,28.581805,77.427967,38.0,CNG,38.70,14.9,5,1095,19.6,1.94,34.0,90.0,0.00,0.00,13.7,0.0,39.0,-0.58,ARMED,,14.1
1791266984915,28.581716,77.427945,38.0,CNG,45.47,14.9,5,1042,23.5,2.48,33.0,90.0,3.13,-1.56,13.6,0.0,38.4,-0.79,ARMED,,13.7
1791266985408,28.581716,77.427945,34.0,CNG,58.09,14.9,,869,23.5,1.25,33.0,90.0,3.13,-1.56,13.6,0.0,34.0,0.00,ARMED,,12.9
1791266985909,28.581631,77.427929,34.0,CNG,68.30,14.9,,774,23.5,1.45,33.0,90.0,3.13,-1.56,13.5,0.0,34.0,0.00,ARMED,,12.5
1791266986939,28.581551,77.427912,33.0,CNG,69.03,14.9,,718,22.4,1.92,32.0,90.0,0.00,-1.56,13.5,0.0,33.0,0.00,ARMED,,12.5
1791266987545,28.581551,77.427912,29.0,CNG,64.30,14.9,,717,22.4,2.07,32.0,90.0,0.00,-1.56,13.5,0.0,29.0,0.00,ARMED,,12.5
1791266988108,28.581487,77.427889,26.0,CNG,76.81,14.9,5,718,22.4,0.88,32.0,90.0,0.00,-1.56,13.5,0.0,26.0,0.00,ARMED,,12.5
1791266989025,28.581430,77.427858,25.0,CNG,63.90,14.9,5,718,22.4,2.08,32.0,90.0,0.78,-1.56,13.7,0.0,25.5,-0.29,ARMED,,12.5
1791266989546,28.581430,77.427858,25.0,CNG,75.54,14.9,5,713,22.4,0.94,32.0,90.0,0.78,-1.56,13.7,0.0,25.1,-0.34,ARMED,,12.5
1791266990061,28.581373,77.427828,24.0,CNG,77.07,14.9,5,710,22.4,1.23,32.0,90.0,0.78,-1.56,13.7,0.0,24.5,-0.59,ARMED,,12.5
1791266990964,28.581315,77.427808,24.0,CNG,87.43,14.9,5,713,23.1,0.88,68.0,90.0,-1.56,-2.34,13.7,0.0,24.1,-0.62,ARMED,,12.5
1791266991470,28.581315,77.427808,23.0,CNG,22.33,23.9,2,1790,23.1,9.32,68.0,90.0,-1.56,-2.34,13.7,12.3,23.0,0.00,ARMED,,20.4
1791266991974,28.581257,77.427795,23.0,CNG,13.94,25.5,2,1761,23.1,10.74,68.0,90.0,-1.56,-2.34,13.7,14.4,23.0,0.00,ARMED,,21.2
1791266992853,28.581197,77.427780,25.0,CNG,11.13,25.9,2,1813,55.7,11.81,62.0,90.0,0.00,-1.56,13.6,15.0,23.9,0.55,ARMED,,22.0
1791266993344,28.581197,77.427780,24.0,CNG,10.71,24.7,2,2013,55.7,9.68,62.0,90.0,0.00,-1.56,13.6,13.4,24.1,0.48,ARMED,,20.8
1791266993932,28.581129,77.427765,27.0,CNG,11.03,24.3,2,1956,55.7,9.61,62.0,90.0,0.00,-1.56,13.4,12.8,25.6,1.24,ARMED,,20.4
1791266994853,28.581057,77.427753,28.0,CNG,11.13,24.7,2,2063,44.7,10.14,55.0,90.0,0.00,-2.34,13.4,13.4,27.4,1.87,ARMED,,21.2
1791266995376,28.581057,77.427753,29.0,CNG,10.81,14.9,2,2205,44.7,11.39,55.0,90.0,0.00,-2.34,13.6,0.0,29.9,2.32,ARMED,,21.2
1791266996030,28.580985,77.427737,30.0,CNG,15.55,23.5,,1781,44.7,3.15,55.0,90.0,0.00,-2.34,13.6,11.8,30.0,0.00,ARMED,,15.3
1791266997270,28.580913,77.427722,30.0,CNG,13.68,25.1,3,1556,60.0,10.49,65.0,90.0,-0.78,-2.34,13.7,13.9,30.0,0.00,ARMED,,21.2
1791266997900,28.580837,77.427708,31.0,CNG,14.33,22.4,3,1603,60.0,8.26,65.0,90.0,-0.78,-2.34,13.7,10.2,30.8,0.41,ARMED,,20.0
1791266998543,28.580837,77.427708,32.0,CNG,15.02,22.0,3,1671,60.0,8.12,65.0,90.0,-0.78,-2.34,13.8,9.6,31.5,0.72,ARMED,,19.6
1791266999628,28.580761,77.427689,32.0,CNG,16.87,22.4,3,1648,35.3,6.38,46.0,90.0,-3.91,-2.34,13.8,10.2,32.0,0.71,ARMED,,18.8
1791267000367,28.580680,77.427670,33.0,CNG,19.03,22.0,3,1682,35.3,5.80,46.0,90.0,-3.91,-2.34,13.5,9.6,32.7,0.69,ARMED,,18.0
1791267001020,28.580599,77.427657,33.0,CNG,19.56,23.9,3,1706,35.3,6.61,46.0,89.0,-3.91,-2.34,13.5,12.3,33.2,0.69,ARMED,,18.4
1791267002253,28.580517,77.427638,33.0,CNG,20.90,21.6,3,1753,30.6,5.81,46.0,89.0,1.56,-2.34,13.7,9.1,33.9,0.75,ARMED,,18.0
1791267002863,28.580435,77.427619,34.0,CNG,19.23,23.9,3,1755,30.6,8.05,46.0,89.0,1.56,-2.34,13.7,12.3,34.2,0.46,ARMED,,19.6
1791267003525,28.580435,77.427619,35.0,CNG,19.81,22.4,3,1799,30.6,6.92,46.0,89.0,1.56,-2.34,13.6,10.2,34.7,0.60,ARMED,,18.8
1791267004618,28.580350,77.427598,35.0,CNG,19.43,23.5,3,1801,36.1,7.56,50.0,89.0,-0.78,-2.34,13.6,11.8,35.0,0.57,ARMED,,19.6
1791267005264,28.580263,77.427576,36.0,CNG,17.70,25.1,3,1841,36.1,9.37,50.0,89.0,-0.78,-2.34,13.6,13.9,35.7,0.59,ARMED,,20.0
1791267005780,28.580263,77.427576,36.0,CNG,18.94,20.8,3,1890,36.1,6.98,50.0,89.0,-0.78,-2.34,13.6,8.0,36.4,0.78,ARMED,,18.4
1791267006641,28.580176,77.427554,36.0,CNG,24.41,14.9,3,1866,22.0,3.46,36.0,89.0,0.00,0.00,13.5,0.0,36.5,0.63,ARMED,,15.7
1791267007138,28.580092,77.427528,35.0,CNG,29.89,14.9,5,1088,22.0,3.14,36.0,89.0,0.00,0.00,13.5,0.0,35.0,0.00,ARMED,,14.5
1791267007708,28.580092,77.427528,32.0,CNG,32.91,14.9,5,1043,22.0,3.31,36.0,89.0,0.00,0.00,13.5,0.0,33.6,-0.85,ARMED,,14.9
1791267008773,28.580015,77.427507,29.0,CNG,37.39,14.9,5,947,25.1,2.41,33.0,89.0,-0.78,-1.56,13.6,0.0,31.1,-2.09,ARMED,,13.3
1791267009327,28.579954,77.427494,23.0,CNG,38.30,14.9,4,835,25.1,2.33,33.0,89.0,-0.78,-1.56,13.5,0.0,23.0,0.00,ARMED,,12.9
1791267009814,28.579954,77.427494,22.0,CNG,36.28,14.9,4,811,25.1,2.73,33.0,89.0,-0.78,-1.56,13.5,0.0,22.5,-0.28,ARMED,,14.1
1791267010713,28.579900,77.427479,22.0,CNG,35.65,14.9,4,821,33.7,2.60,42.0,89.0,1.56,-1.56,13.5,0.0,22.2,-0.34,ARMED,,14.5
1791267011220,28.579848,77.427463,22.0,CNG,31.98,14.9,4,808,33.7,3.29,42.0,89.0,1.56,-1.56,13.5,0.0,22.0,-0.32,ARMED,,14.5
1791267011741,28.579848,77.427463,21.0,CNG,29.75,14.9,4,801,33.7,3.22,42.0,89.0,1.56,-1.56,13.4,0.0,21.4,-0.54,ARMED,,14.9
1791267012632,28.579795,77.427453,21.0,CNG,19.66,23.1,4,809,69.8,6.74,61.0,89.0,7.03,-2.34,13.4,11.2,21.2,-0.54,ARMED,,18.8
1791267013188,28.579746,77.427440,21.0,CNG,11.84,29.4,2,1497,69.8,11.75,61.0,89.0,7.03,-2.34,13.6,19.8,21.0,0.00,ARMED,,22.0
1791267013702,28.579746,77.427440,22.0,CNG,9.55,25.9,2,1587,69.8,12.08,61.0,89.0,7.03,-2.34,13.6,15.0,21.5,0.30,ARMED,,22.7
1791267014577,28.579693,77.427432,23.0,CNG,9.36,25.5,2,1716,56.5,10.32,64.0,89.0,0.78,-2.34,13.5,14.4,22.2,0.67,ARMED,,21.2
1791267015130,28.579642,77.427421,25.0,CNG,9.29,25.9,2,1870,56.5,11.11,64.0,89.0,0.78,-2.34,13.5,15.0,24.4,1.49,ARMED,,21.6
1791267015663,28.579642,77.427421,26.0,CNG,9.92,25.5,2,1915,56.5,9.75,64.0,89.0,0.78,-2.34,13.4,14.4,25.5,1.75,ARMED,,20.8
1791267016549,28.579577,77.427409,26.0,CNG,9.97,25.1,2,1975,47.8,10.57,66.0,89.0,0.78,-2.34,13.4,13.9,26.6,1.80,ARMED,,20.8
1791267017059,28.579510,77.427393,28.0,CNG,10.15,31.4,2,2064,47.8,11.00,66.0,89.0,0.78,-2.34,13.6,22.5,28.0,1.76,ARMED,,21.2
1791267017533,28.579510,77.427393,29.0,CNG,12.25,26.3,2,2145,47.8,6.96,66.0,89.0,0.78,-2.34,13.6,15.5,29.0,1.78,ARMED,,18.8
1791267018455,28.579441,77.427378,29.0,CNG,14.52,25.5,2,2217,35.7,6.03,45.0,89.0,-2.34,-2.34,13.6,14.4,29.9,1.80,ARMED,,18.4
1791267018989,28.579366,77.427368,30.0,CNG,15.89,23.5,2,2262,35.7,6.69,45.0,89.0,-2.34,-2.34,13.6,11.8,30.9,1.41,ARMED,,18.4
1791267019500,28.579366,77.427368,31.0,CNG,15.61,23.9,2,2289,35.7,8.32,45.0,89.0,-2.34,-2.34,13.6,12.3,31.3,1.21,ARMED,,19.6
1791267020368,28.579290,77.427353,31.0,CNG,12.29,28.2,2,2325,49.0,13.46,82.0,89.0,4.69,-1.56,13.6,18.2,31.7,1.06,ARMED,,22.7
1791267020951,28.579209,77.427331,35.0,CNG,5.33,55.7,2,2599,49.0,46.54,82.0,89.0,4.69,-1.56,13.6,55.6,34.3,2.00,ARMED,,62.0
1791267021550,28.579209,77.427331,39.0,CNG,4.21,48.2,2,2895,49.0,47.79,82.0,89.0,4.69,-1.56,13.6,45.5,37.5,3.15,ARMED,,53.7
1791267022519,28.579113,77.427305,42.0,CNG,5.18,42.7,2,3148,83.1,23.54,34.0,89.0,-0.78,-1.56,13.7,38.0,40.7,4.09,ARMED,,51.8
1791267023156,28.579008,77.427270,44.0,CNG,8.20,14.9,,2731,83.1,5.53,34.0,89.0,-0.78,-1.56,13.7,0.0,44.0,0.00,ARMED,,17.6
1791267023714,28.579008,77.427270,42.0,CNG,12.19,14.9,3,2184,83.1,4.21,34.0,89.0,-0.78,-1.56,13.6,0.0,42.0,0.00,ARMED,,16.5
1791267024598,28.578910,77.427239,39.0,CNG,16.75,14.9,4,1648,21.6,3.92,32.0,89.0,0.00,-0.78,13.6,0.0,39.0,0.00,ARMED,,15.3
1791267025205,28.578828,77.427212,32.0,CNG,21.87,14.9,5,1074,21.6,2.54,32.0,89.0,0.00,-0.78,13.6,0.0,32.0,0.00,ARMED,,13.3
1791267025701,28.578828,77.427212,31.0,CNG,26.97,14.9,5,981,21.6,2.74,32.0,89.0,0.00,-0.78,13.6,0.0,31.5,-0.28,ARMED,,13.7
1791267026621,28.578754,77.427192,30.0,CNG,30.37,24.7,5,869,56.9,3.16,97.0,89.0,-1.56,-2.34,13.6,13.4,30.7,-0.68,ARMED,,16.1
1791267027120,28.578682,77.427178,31.0,CNG,18.26,48.6,3,1556,56.9,11.31,97.0,89.0,-1.56,-2.34,13.6,46.0,31.0,0.00,ARMED,,47.8
1791267027776,28.578682,77.427178,33.0,CNG,11.73,50.2,3,1684,56.9,17.47,97.0,89.0,-1.56,-2.34,13.6,48.2,32.1,0.65,ARMED,,48.6
1791267028852,28.578513,77.427144,35.0,CNG,11.96,49.8,3,1801,95.7,11.65,97.0,89.0,-3.13,-1.56,13.7,47.6,33.8,1.43,ARMED,,49.8
1791267029492,28.578513,77.427144,39.0,CNG,12.89,14.9,3,2007,95.7,11.13,97.0,89.0,-3.13,-1.56,13.7,0.0,38.1,2.91,ARMED,,22.7
1791267029982,28.578417,77.427128,39.0,CNG,18.18,14.9,3,1951,95.7,3.83,97.0,90.0,-3.13,-1.56,13.7,0.0,38.8,2.40,ARMED,,16.1
1791267030881,28.578324,77.427120,38.0,CNG,22.31,14.9,3,1922,18.0,4.65,74.0,90.0,0.00,-3.13,13.4,0.0,38.8,1.66,ARMED,,16.1
1791267031386,28.578324,77.427120,38.0,CNG,13.64,32.2,3,1929,18.0,17.91,74.0,90.0,0.00,-3.13,13.4,23.5,38.4,0.63,ARMED,,28.2
1791267031901,28.578231,77.427108,38.0,CNG,12.13,30.2,3,1985,18.0,14.91,74.0,90.0,0.00,-3.13,13.6,20.9,38.7,0.61,ARMED,,25.5
1791267032798,28.578129,77.427092,40.0,CNG,9.80,48.6,3,2051,93.3,21.23,97.0,90.0,-0.78,-1.56,13.6,46.0,39.5,0.87,ARMED,,29.4
1791267033440,28.578129,77.427092,45.0,CNG,8.49,43.1,3,2280,93.3,25.40,97.0,90.0,-0.78,-1.56,13.7,38.5,43.2,2.49,ARMED,,45.9
1791267033923,28.578019,77.427071,46.0,CNG,8.20,38.4,3,2350,93.3,23.98,97.0,90.0,-0.78,-1.56,13.7,32.1,45.2,2.86,ARMED,,34.5
1791267034949,28.577901,77.427050,48.0,CNG,8.10,36.5,3,2501,72.2,24.60,82.0,90.0,0.00,-1.56,13.7,29.4,47.9,3.44,ARMED,,31.4
1791267035566,28.577901,77.427050,52.0,CNG,8.72,38.4,3,2700,72.2,21.93,82.0,90.0,0.00,-1.56,13.7,32.1,52.3,3.89,ARMED,,28.2
1791267036069,28.577778,77.427020,52.0,CNG,9.47,33.3,3,2696,72.2,19.81,82.0,90.0,0.00,-1.56,13.6,25.1,53.4,3.45,ARMED,,25.9
1791267036956,28.577650,77.426980,53.0,CNG,9.75,33.7,3,2784,61.6,21.29,73.0,90.0,-0.78,-1.56,13.6,25.7,54.7,3.16,ARMED,,27.1
1791267037469,28.577650,77.426980,55.0,CNG,9.92,34.1,3,2850,61.6,22.10,73.0,90.0,-0.78,-1.56,13.5,26.2,56.1,2.40,ARMED,,27.5
1791267037989,28.577516,77.426941,56.0,CNG,9.95,34.1,3,2892,61.6,22.95,73.0,90.0,-0.78,-1.56,13.5,26.2,56.8,2.08,ARMED,,27.5
1791267038909,28.577378,77.426902,58.0,CNG,10.90,14.9,3,2972,29.4,18.85,33.0,90.0,0.00,0.00,13.8,0.0,57.9,2.07,ARMED,,25.5
1791267039407,28.577378,77.426902,58.0,CNG,16.05,14.9,4,2455,29.4,4.72,33.0,90.0,0.00,0.00,13.8,0.0,58.0,0.00,ARMED,,17.3
1791267039928,28.577237,77.426863,57.0,CNG,22.22,14.9,,1961,29.4,4.50,33.0,90.0,0.00,0.00,13.8,0.0,57.0,0.00,ARMED,,16.1
1791267040835,28.577101,77.426828,57.0,CNG,29.91,14.9,5,1654,19.6,3.76,32.0,90.0,0.00,0.00,13.8,0.0,57.0,0.00,ARMED,,15.7
1791267041386,28.577101,77.426828,56.0,CNG,37.13,14.9,5,1665,19.6,3.90,32.0,90.0,0.00,0.00,13.6,0.0,56.3,-0.38,ARMED,,15.7
1791267041876,28.576970,77.426795,55.0,CNG,46.11,14.9,5,1619,19.6,3.06,32.0,90.0,0.00,0.00,13.6,0.0,55.6,-0.71,ARMED,,15.7
1791267042725,28.576970,77.426795,53.0,CNG,49.49,14.9,5,1576,19.6,3.87,32.0,90.0,0.00,0.00,13.5,0.0,54.3,-1.31,ARMED,,15.3
1791267043202,28.576840,77.426766,51.0,CNG,53.64,14.9,5,1517,19.6,3.36,32.0,90.0,0.00,0.00,13.5,0.0,51.7,-2.11,ARMED,,15.3
1791267043722,28.576840,77.426766,51.0,CNG,27.65,26.7,5,1560,19.6,13.26,32.0,90.0,0.00,0.00,13.6,16.1,51.5,-1.63,ARMED,,23.1
1791267044581,28.576716,77.426746,51.0,CNG,28.34,14.9,5,1516,33.7,7.07,31.0,90.0,-4.69,-2.34,13.6,0.0,50.8,-1.59,ARMED,,19.2
1791267045087,28.576593,77.426726,50.0,CNG,37.13,14.9,5,1483,33.7,2.85,31.0,90.0,-4.69,-2.34,13.7,0.0,49.7,-1.43,ARMED,,15.3
1791267045612,28.576593,77.426726,48.0,CNG,44.90,14.9,5,1443,33.7,2.91,31.0,90.0,-4.69,-2.34,13.7,0.0,48.7,-1.57,ARMED,,14.9
1791267046576,28.576473,77.426704,47.0,CNG,48.48,14.9,5,1430,19.2,3.46,77.0,90.0,0.00,-2.34,13.4,0.0,47.9,-1.54,ARMED,,14.9
1791267047061,28.576359,77.426680,47.0,CNG,33.80,22.7,5,1403,19.2,8.36,77.0,90.0,0.00,-2.34,13.4,10.7,46.9,-1.32,ARMED,,20.8
1791267047600,28.576359,77.426680,47.0,CNG,43.05,14.9,5,1406,19.2,2.59,77.0,90.0,0.00,-2.34,13.6,0.0,46.7,-1.04,ARMED,,14.9
1791267048674,28.576244,77.426661,47.0,CNG,36.17,22.0,5,1387,37.6,6.60,56.0,90.0,-0.78,-2.34,13.5,9.6,46.3,-0.93,ARMED,,18.8
1791267049171,28.576129,77.426643,47.0,CNG,32.43,23.1,5,1407,37.6,6.85,56.0,90.0,-0.78,-2.34,13.8,11.2,46.7,-0.17,ARMED,,18.8
1791267049660,28.576129,77.426643,47.0,CNG,31.66,22.4,5,1398,37.6,6.28,56.0,90.0,-0.78,-2.34,13.8,10.2,46.8,-0.14,ARMED,,18.4
1791267050630,28.576013,77.426621,47.0,CNG,30.57,23.5,5,1416,47.1,6.61,56.0,90.0,-0.78,-2.34,13.7,11.8,47.1,0.11,ARMED,,18.8
1791267051118,28.575902,77.426589,47.0,CNG,30.50,24.3,5,1402,47.1,6.32,56.0,90.0,-0.78,-2.34,13.7,12.8,47.1,0.07,ARMED,,18.4
1791267051672,28.575902,77.426589,47.0,CNG,30.40,23.1,5,1404,47.1,6.35,56.0,90.0,-0.78,-2.34,13.7,11.2,47.1,0.07,ARMED,,18.8
1791267052589,28.575788,77.426557,48.0,CNG,30.18,24.7,5,1421,49.8,6.57,53.0,90.0,1.56,-2.34,13.7,13.4,47.4,0.24,ARMED,,18.8
1791267053106,28.575674,77.426531,47.0,CNG,31.82,19.6,5,1398,49.8,5.54,53.0,90.0,1.56,-2.34,13.7,6.4,47.2,-0.03,ARMED,,17.6
1791267053595,28.575674,77.426531,48.0,CNG,36.39,25.1,5,1421,49.8,4.25,53.0,90.0,1.56,-2.34,13.7,13.9,47.4,0.13,ARMED,,16.1
1791267054522,28.575557,77.426506,48.0,CNG,31.02,23.9,5,1422,47.8,7.71,57.0,90.0,-0.78,-2.34,13.8,12.3,47.6,0.17,ARMED,,19.2
1791267055003,28.575438,77.426490,48.0,CNG,28.78,22.7,5,1426,47.8,7.55,57.0,90.0,-0.78,-2.34,13.8,10.7,47.8,0.19,ARMED,,19.6
1791267055553,28.575438,77.426490,48.0,CNG,26.79,22.7,5,1422,47.8,8.08,57.0,90.0,-0.78,-2.34,13.6,10.7,47.8,0.17,ARMED,,19.6
1791267056500,28.575318,77.426485,48.0,CNG,26.06,22.7,5,1423,50.2,7.84,60.0,90.0,-0.78,-2.34,13.6,10.7,47.9,0.14,ARMED,,19.6
1791267057015,28.575194,77.426490,48.0,CNG,30.14,16.9,5,1430,50.2,4.98,60.0,90.0,-0.78,-2.34,13.6,2.7,48.0,0.15,ARMED,,16.9
1791267057552,28.575194,77.426490,47.0,CNG,25.12,24.7,5,1434,50.2,9.59,60.0,90.0,-0.78,-2.34,13.6,13.4,48.1,0.15,ARMED,,20.8
1791267058493,28.575078,77.426497,48.0,CNG,24.19,22.4,5,1417,52.5,8.56,58.0,90.0,-3.13,-2.34,13.6,10.2,47.9,-0.04,ARMED,,20.4
1791267058985,28.574960,77.426506,48.0,CNG,27.50,20.4,5,1426,52.5,5.68,58.0,90.0,-3.13,-2.34,13.6,7.5,47.9,-0.03,ARMED,,17.6
1791267059511,28.574960,77.426506,47.0,CNG,39.22,14.9,5,1395,52.5,1.71,58.0,90.0,-3.13,-2.34,13.6,0.0,47.4,-0.32,ARMED,,13.3
1791267060395,28.574842,77.426512,47.0,CNG,49.74,14.9,,1067,31.4,2.29,39.0,90.0,0.00,-0.78,13.6,0.0,47.0,0.00,ARMED,,14.5
1791267060901,28.574733,77.426528,42.0,CNG,54.63,14.9,,958,31.4,2.62,39.0,90.0,0.00,-0.78,13.5,0.0,42.0,0.00,ARMED,,14.9
1791267061407,28.574733,77.426528,39.0,CNG,60.28,14.9,,852,31.4,2.17,39.0,90.0,0.00,-0.78,13.5,0.0,39.0,0.00,ARMED,,14.5
1791267062339,28.574643,77.426548,35.0,CNG,55.82,14.9,,814,32.5,2.91,35.0,90.0,-0.78,-0.78,13.4,0.0,35.0,0.00,ARMED,,14.5
1791267062861,28.574576,77.426567,28.0,CNG,59.94,14.9,5,767,32.5,1.61,35.0,90.0,-0.78,-0.78,13.4,0.0,28.0,0.00,ARMED,,12.5
1791267063399,28.574576,77.426567,24.0,CNG,67.39,14.9,5,746,32.5,1.06,35.0,90.0,-0.78,-0.78,13.6,0.0,26.1,-1.14,ARMED,,12.5
1791267064313,28.574527,77.426587,20.0,CNG,67.95,14.9,4,734,22.4,1.18,33.0,90.0,6.25,-0.78,13.6,0.0,20.0,0.00,ARMED,,12.5
1791267064865,28.574495,77.426605,14.0,CNG,55.99,14.9,3,720,22.4,1.53,33.0,90.0,6.25,-0.78,13.5,0.0,14.0,0.00,ARMED,,11.8
1791267065368,28.574495,77.426605,12.0,CNG,67.17,14.9,,693,22.4,0.34,33.0,90.0,6.25,-0.78,13.5,0.0,12.0,0.00,ARMED,,11.8
1791267066286,28.574474,77.426624,11.0,CNG,42.30,14.9,,641,27.1,2.01,34.0,90.0,-9.38,-0.78,13.4,0.0,11.0,0.00,ARMED,,12.5
1791267066795,28.574474,77.426624,8.0,CNG,35.07,14.9,,684,27.1,1.38,34.0,90.0,-9.38,-0.78,13.4,0.0,8.0,0.00,ARMED,,12.2
1791267067336,28.574462,77.426644,8.0,CNG,40.68,18.0,,686,27.1,0.51,34.0,90.0,-9.38,-0.78,13.6,4.3,8.0,0.00,ARMED,,11.8
1791267068368,28.574448,77.426659,8.0,CNG,10.88,22.7,,686,74.5,7.35,55.0,91.0,-1.56,-0.78,13.3,10.7,8.0,0.00,ARMED,,20.0
1791267068892,28.574431,77.426679,9.0,CNG,13.15,14.9,2,719,74.5,1.87,55.0,91.0,-1.56,-0.78,13.7,0.0,9.0,0.00,ARMED,,14.1
1791267069394,28.574431,77.426679,9.0,CNG,13.15,14.9,2,746,74.5,2.80,55.0,90.0,-1.56,-0.78,13.7,0.0,9.0,0.00,ARMED,,14.1
1791267070270,28.574415,77.426699,9.0,CNG,7.15,30.6,2,737,87.5,8.73,97.0,91.0,3.91,-3.13,13.5,21.4,9.0,0.00,ARMED,,21.2
1791267070778,28.574415,77.426699,12.0,CNG,7.18,22.4,2,919,87.5,6.81,97.0,91.0,3.91,-3.13,13.5,10.2,11.0,1.15,ARMED,,21.6
1791267071305,28.574396,77.426722,13.0,CNG,10.51,25.1,2,940,87.5,2.27,97.0,91.0,3.91,-3.13,13.5,13.9,12.2,1.54,ARMED,,13.3
1791267072153,28.574374,77.426749,13.0,CNG,9.15,24.3,2,977,68.2,6.80,78.0,91.0,1.56,-3.13,13.5,12.8,13.3,1.67,ARMED,,18.8
1791267072673,28.574374,77.426749,15.0,CNG,10.59,14.9,2,1088,68.2,4.69,78.0,91.0,1.56,-3.13,13.5,0.0,14.9,1.73,ARMED,,16.9
1791267073167,28.574346,77.426775,15.0,CNG,12.35,22.7,2,1115,68.2,3.88,78.0,91.0,1.56,-3.13,13.5,10.7,15.6,1.61,ARMED,,15.3
1791267074110,28.574315,77.426796,15.0,CNG,11.96,19.6,2,1142,43.1,5.35,45.0,91.0,-1.56,-0.78,13.6,6.4,16.1,1.36,ARMED,,18.0
1791267074659,28.574315,77.426796,15.0,CNG,13.79,14.9,2,1111,43.1,3.47,45.0,91.0,-1.56,-0.78,13.6,0.0,15.9,0.55,ARMED,,15.3
1791267075178,28.574280,77.426813,14.0,CNG,14.73,14.9,2,985,43.1,3.47,45.0,91.0,-1.56,-0.78,13.5,0.0,15.0,-0.18,ARMED,,14.9
1791267076100,28.574252,77.426820,11.0,CNG,16.22,14.9,2,856,34.9,2.22,68.0,91.0,2.34,-1.56,13.5,0.0,13.3,-1.10,ARMED,,14.5
1791267076625,28.574252,77.426820,10.0,CNG,7.00,27.1,,882,34.9,12.33,68.0,91.0,2.34,-1.56,13.6,16.6,10.0,0.00,ARMED,,35.3
1791267077108,28.574225,77.426822,12.0,CNG,6.82,22.0,,1022,34.9,7.46,68.0,91.0,2.34,-1.56,13.6,9.6,12.0,0.00,ARMED,,21.2
1791267078072,28.574193,77.426819,13.0,CNG,9.64,19.2,2,956,43.5,2.39,47.0,91.0,-3.13,-2.34,13.7,5.9,13.0,0.00,ARMED,,14.9
1791267078564,28.574193,77.426819,13.0,CNG,10.97,23.5,2,995,43.5,3.89,47.0,91.0,-3.13,-2.34,13.7,11.8,13.0,0.00,ARMED,,15.7
1791267079079,28.574160,77.426810,13.0,CNG,9.67,23.9,2,1008,43.5,6.44,47.0,91.0,-3.13,-2.34,13.4,12.3,13.0,0.00,ARMED,,18.8
1791267079950,28.574127,77.426793,14.0,CNG,7.93,23.5,2,1080,76.5,8.98,70.0,91.0,2.34,-3.13,13.4,11.8,13.5,0.29,ARMED,,22.0
1791267080524,28.574127,77.426793,16.0,CNG,9.64,21.6,2,1192,76.5,4.97,70.0,91.0,2.34,-3.13,13.6,9.1,15.3,1.16,ARMED,,17.6
1791267081033,28.574096,77.426766,17.0,CNG,11.99,20.4,2,1246,76.5,4.01,70.0,91.0,2.34,-3.13,13.6,7.5,16.3,1.40,ARMED,,15.7
1791267081938,28.574069,77.426728,17.0,CNG,14.78,18.4,2,1279,22.4,3.21,36.0,91.0,0.00,-2.34,13.7,4.8,17.1,1.42,ARMED,,14.5
1791267082424,28.574069,77.426728,17.0,CNG,18.85,18.0,2,1212,22.4,2.25,36.0,91.0,0.00,-2.34,13.7,4.3,17.0,0.64,ARMED,,14.5
1791267083012,28.574053,77.426685,16.0,CNG,20.45,19.2,2,1223,22.4,2.78,36.0,91.0,0.00,-2.34,13.7,5.9,16.9,0.38,ARMED,,14.5
1791267083873,28.574046,77.426639,16.0,CNG,15.45,25.9,2,1212,51.4,5.81,78.0,91.0,1.56,-2.34,13.7,15.0,16.7,0.14,ARMED,,18.0
1791267084421,28.574046,77.426639,18.0,CNG,10.69,26.7,2,1341,51.4,9.73,78.0,91.0,1.56,-2.34,13.7,16.1,17.6,0.60,ARMED,,21.6
1791267084962,28.574045,77.426581,19.0,CNG,9.08,28.6,2,1474,51.4,10.28,78.0,91.0,1.56,-2.34,13.7,18.7,18.9,1.14,ARMED,,22.0
1791267085855,28.574044,77.426521,21.0,CNG,8.08,25.1,2,1597,60.4,12.10,35.0,91.0,0.00,0.00,13.5,13.9,20.4,1.71,ARMED,,23.1
1791267086374,28.574044,77.426521,22.0,CNG,10.47,14.9,3,1117,60.4,5.29,35.0,90.0,0.00,0.00,13.5,0.0,22.0,0.00,ARMED,,17.3
1791267086882,28.574038,77.426461,21.0,CNG,14.78,14.9,3,1086,60.4,2.35,35.0,90.0,0.00,0.00,13.4,0.0,21.5,-0.27,ARMED,,14.9
1791267087936,28.574033,77.426403,21.0,CNG,17.91,14.9,3,1004,31.8,3.31,63.0,90.0,-2.34,-1.56,13.6,0.0,21.2,-0.39,ARMED,,14.9
1791267088480,28.574033,77.426403,21.0,CNG,13.19,25.1,3,1127,31.8,9.04,63.0,90.0,-2.34,-1.56,13.5,13.9,20.9,-0.35,ARMED,,22.4
1791267088989,28.574022,77.426345,22.0,CNG,10.57,29.0,3,1111,31.8,10.91,63.0,90.0,-2.34,-1.56,13.5,19.3,20.8,-0.35,ARMED,,25.1
1791267089882,28.573998,77.426284,23.0,CNG,9.63,31.0,3,1186,96.1,10.98,94.0,90.0,1.56,-3.13,13.5,21.9,21.3,0.12,ARMED,,28.6
1791267090393,28.573998,77.426284,25.0,CNG,9.40,31.0,3,1285,96.1,11.21,94.0,90.0,1.56,-3.13,13.5,21.9,23.3,1.18,ARMED,,28.2
1791267090894,28.573970,77.426219,26.0,CNG,9.13,29.4,3,1356,96.1,12.08,94.0,90.0,1.56,-3.13,13.6,19.8,24.7,1.65,ARMED,,27.5
1791267091730,28.573970,77.426219,28.0,CNG,9.64,26.7,3,1417,72.2,11.02,70.0,90.0,-0.78,-2.34,13.6,16.1,26.1,2.03,ARMED,,23.9
1791267092285,28.573935,77.426147,28.0,CNG,14.49,14.9,3,1365,72.2,2.40,70.0,90.0,-0.78,-2.34,13.7,0.0,26.6,1.29,ARMED,,12.9
1791267092769,28.573935,77.426147,28.0,CNG,19.21,14.9,4,1069,72.2,3.18,70.0,90.0,-0.78,-2.34,13.7,0.0,28.0,0.00,ARMED,,14.5
1791267093679,28.573898,77.426082,27.0,CNG,28.63,14.9,4,1019,24.7,1.00,53.0,90.0,0.78,-2.34,13.4,0.0,27.5,-0.28,ARMED,,12.5
1791267094179,28.573864,77.426018,27.0,CNG,23.03,23.9,4,1040,24.7,6.20,53.0,90.0,0.78,-2.34,13.4,12.3,27.1,-0.33,ARMED,,19.2
1791267094752,28.573864,77.426018,27.0,CNG,23.51,20.0,4,1056,24.7,4.55,53.0,90.0,0.78,-2.34,13.5,7.0,27.0,-0.32,ARMED,,16.5
1791267095618,28.573827,77.425954,27.0,CNG,30.14,14.9,4,1067,26.7,2.11,51.0,91.0,-3.13,-2.34,13.5,0.0,26.9,-0.29,ARMED,,14.1
1791267096140,28.573788,77.425893,26.0,CNG,19.13,27.1,4,1047,26.7,8.72,51.0,91.0,-3.13,-2.34,13.7,16.6,26.5,-0.33,ARMED,,20.4
1791267096641,28.573788,77.425893,28.0,CNG,16.66,26.3,4,1070,26.7,8.13,51.0,91.0,-3.13,-2.34,13.7,15.5,26.7,-0.12,ARMED,,22.4
1791267097625,28.573752,77.425828,28.0,CNG,16.07,25.5,4,1104,72.9,7.49,77.0,91.0,-0.78,-3.13,13.5,14.4,27.3,0.28,ARMED,,21.2
1791267098187,28.573710,77.425761,29.0,CNG,17.16,23.5,4,1147,72.9,6.24,77.0,91.0,-0.78,-3.13,13.5,11.8,28.6,0.87,ARMED,,19.2
1791267098724,28.573710,77.425761,30.0,CNG,23.38,14.9,4,1154,72.9,2.57,77.0,91.0,-0.78,-3.13,13.7,0.0,29.2,0.90,ARMED,,13.3
1791267099642,28.573667,77.425692,29.0,CNG,22.08,22.7,4,1133,45.1,5.82,61.0,91.0,2.34,-2.34,13.7,10.7,29.2,0.60,ARMED,,17.6
1791267100217,28.573625,77.425624,29.0,CNG,19.53,22.4,4,1146,45.1,7.12,61.0,91.0,2.34,-2.34,13.4,10.2,29.3,0.34,ARMED,,19.6
1791267100715,28.573625,77.425624,30.0,CNG,19.14,22.4,4,1171,45.1,6.59,61.0,91.0,2.34,-2.34,13.4,10.2,29.6,0.38,ARMED,,19.2
1791267101637,28.573582,77.425553,30.0,CNG,16.06,24.3,4,1180,69.0,9.43,84.0,91.0,3.13,-3.13,13.6,12.8,29.9,0.40,ARMED,,21.6
1791267102143,28.573537,77.425481,31.0,CNG,14.99,25.1,4,1216,69.0,9.27,84.0,91.0,3.13,-3.13,13.6,13.9,30.7,0.65,ARMED,,22.4
1791267102646,28.573537,77.425481,32.0,CNG,14.43,25.1,4,1245,69.0,9.53,84.0,91.0,3.13,-3.13,13.6,13.9,31.3,0.83,ARMED,,22.0
1791267103517,28.573489,77.425409,33.0,CNG,14.38,25.1,4,1275,70.2,9.43,78.0,91.0,-1.56,-2.34,13.6,13.9,32.1,1.04,ARMED,,22.0
1791267104026,28.573439,77.425336,34.0,CNG,14.55,25.1,4,1321,70.2,9.40,78.0,91.0,-1.56,-2.34,13.5,13.9,33.4,1.30,ARMED,,21.6
1791267104523,28.573439,77.425336,35.0,CNG,14.74,25.1,4,1354,70.2,9.53,78.0,91.0,-1.56,-2.34,13.5,13.9,34.3,1.42,ARMED,,21.2
1791267105433,28.573385,77.425255,35.0,CNG,15.06,25.1,4,1384,64.7,9.20,72.0,91.0,-0.78,-2.34,13.5,13.9,35.1,1.46,ARMED,,21.2
1791267105936,28.573328,77.425175,37.0,CNG,15.38,25.1,4,1431,64.7,9.55,72.0,91.0,-0.78,-2.34,13.5,13.9,36.5,1.47,ARMED,,21.2
1791267106451,28.573328,77.425175,37.0,CNG,15.80,25.1,4,1442,64.7,9.19,72.0,91.0,-0.78,-2.34,13.7,13.9,37.0,1.36,ARMED,,20.8
1791267107462,28.573267,77.425094,38.0,CNG,15.91,25.1,4,1472,60.0,9.67,66.0,91.0,-1.56,-2.34,13.7,13.9,37.7,1.34,ARMED,,20.8
1791267107991,28.573203,77.425008,39.0,CNG,18.01,25.1,4,1521,60.0,7.19,66.0,91.0,-1.56,-2.34,13.7,13.9,38.9,1.31,ARMED,,19.2
1791267108483,28.573203,77.425008,40.0,CNG,19.34,25.1,4,1549,60.0,7.58,66.0,91.0,-1.56,-2.34,13.7,13.9,39.6,1.31,ARMED,,19.6
1791267109436,28.573138,77.424923,40.0,CNG,19.48,25.1,4,1560,48.2,8.30,55.0,91.0,0.00,-2.34,13.7,13.9,40.1,1.17,ARMED,,20.0
1791267109990,28.573073,77.424834,41.0,CNG,19.75,25.1,4,1599,48.2,8.32,55.0,91.0,0.00,-2.34,13.7,13.9,41.0,1.12,ARMED,,20.0
1791267110487,28.573073,77.424834,42.0,CNG,19.93,25.1,4,1616,48.2,8.50,55.0,91.0,0.00,-2.34,13.7,13.9,41.5,1.09,ARMED,,20.0
1791267111366,28.573004,77.424746,42.0,CNG,20.33,25.1,4,1636,47.1,8.19,54.0,91.0,-0.78,-2.34,13.7,13.9,42.0,1.07,ARMED,,20.0
1791267111923,28.572935,77.424654,43.0,CNG,20.40,25.1,4,1673,47.1,8.58,54.0,91.0,-0.78,-2.34,13.7,13.9,42.9,1.06,ARMED,,20.0
1791267112424,28.572935,77.424654,44.0,CNG,20.60,25.1,4,1687,47.1,8.61,54.0,91.0,-0.78,-2.34,13.7,13.9,43.4,1.03,ARMED,,20.0
1791267113435,28.572870,77.424557,44.0,CNG,20.79,24.7,4,1701,45.5,8.53,53.0,91.0,-0.78,-2.34,13.7,13.4,43.8,0.98,ARMED,,20.0
1791267113925,28.572803,77.424458,45.0,CNG,21.54,24.7,4,1748,45.5,8.10,53.0,91.0,-0.78,-2.34,13.7,13.4,44.8,1.01,ARMED,,20.0
1791267114423,28.572803,77.424458,45.0,CNG,19.53,25.1,4,1759,45.5,10.71,53.0,91.0,-0.78,-2.34,13.8,13.9,45.2,0.98,ARMED,,21.2
1791267115258,28.572741,77.424352,46.0,CNG,19.14,24.7,4,1772,52.2,10.10,60.0,91.0,1.56,-2.34,13.8,13.4,45.6,0.95,ARMED,,21.2
1791267115822,28.572741,77.424352,46.0,CNG,18.45,25.1,4,1793,52.2,10.73,60.0,91.0,1.56,-2.34,13.5,13.9,46.2,0.80,ARMED,,21.2
1791267116348,28.572682,77.424239,47.0,CNG,18.25,25.1,4,1813,52.2,10.70,60.0,91.0,1.56,-2.34,13.5,13.9,46.6,0.79,ARMED,,21.2
1791267117245,28.572627,77.424124,47.0,CNG,18.17,24.7,4,1823,52.5,10.64,60.0,91.0,0.00,-2.34,13.7,13.4,46.9,0.77,ARMED,,21.2
1791267117719,28.572627,77.424124,47.0,CNG,18.28,25.1,4,1833,52.5,10.40,60.0,91.0,0.00,-2.34,13.7,13.9,47.2,0.58,ARMED,,21.2
1791267118292,28.572578,77.424002,48.0,CNG,18.47,25.1,4,1857,52.5,10.47,60.0,91.0,0.00,-2.34,13.7,13.9,47.6,0.61,ARMED,,21.2
1791267119175,28.572533,77.423871,48.0,CNG,18.23,25.1,4,1879,51.4,10.97,58.0,91.0,0.00,-2.34,13.7,13.9,48.1,0.65,ARMED,,21.2
1791267119708,28.572533,77.423871,49.0,CNG,18.60,24.7,4,1899,51.4,10.44,58.0,91.0,0.00,-2.34,13.6,13.4,48.8,0.67,ARMED,,21.2
1791267120233,28.572489,77.423743,49.0,CNG,18.89,24.7,4,1920,51.4,10.36,58.0,91.0,0.00,-2.34,13.6,13.4,49.2,0.70,ARMED,,21.2
1791267121171,28.572445,77.423612,50.0,CNG,18.70,24.7,4,1926,49.4,11.09,55.0,90.0,0.78,-2.34,13.7,13.4,49.5,0.69,ARMED,,21.2
1791267121659,28.572445,77.423612,50.0,CNG,21.81,23.1,4,1942,49.4,7.07,55.0,90.0,0.78,-2.34,13.7,11.2,50.0,0.64,ARMED,,18.8
1791267122172,28.572403,77.423481,51.0,CNG,24.85,23.1,4,1959,49.4,6.69,55.0,90.0,0.78,-2.34,13.6,11.2,50.3,0.65,ARMED,,19.2
1791267123032,28.572357,77.423348,50.0,CNG,28.06,22.0,4,1940,27.5,5.87,44.0,90.0,-0.78,-2.34,13.6,9.6,50.3,0.42,ARMED,,18.4
1791267123622,28.572357,77.423348,50.0,CNG,32.80,23.5,4,1960,27.5,4.65,44.0,90.0,-0.78,-2.34,13.6,11.8,50.5,0.36,ARMED,,17.3
1791267124119,28.572314,77.423214,51.0,CNG,32.13,23.1,4,1968,27.5,6.68,44.0,90.0,-0.78,-2.34,13.6,11.2,50.6,0.35,ARMED,,19.2
1791267125015,28.572278,77.423079,51.0,CNG,32.11,21.6,4,1975,26.7,6.50,38.0,90.0,-0.78,-3.13,13.5,9.1,50.8,0.35,ARMED,,18.4
1791267125508,28.572278,77.423079,51.0,CNG,37.77,14.9,4,1974,26.7,4.07,38.0,90.0,-0.78,-3.13,13.5,0.0,50.9,0.28,ARMED,,16.5
1791267126046,28.572244,77.422944,50.0,CNG,40.75,14.9,4,1960,26.7,4.41,38.0,90.0,-0.78,-3.13,13.5,0.0,50.7,0.11,CANDIDATE,50.7,16.5
1791267127131,28.572210,77.422815,50.0,CNG,41.69,14.9,4,1927,19.6,4.73,33.0,90.0,0.00,0.00,13.7,0.0,50.2,-0.26,CANDIDATE,50.2,16.5
1791267127649,28.572210,77.422815,48.0,CNG,29.13,24.7,4,1868,19.6,9.92,33.0,90.0,0.00,0.00,13.7,13.4,48.5,-1.00,ARMED,,20.8
1791267128121,28.572173,77.422687,48.0,CNG,25.88,24.7,4,1855,19.6,8.89,33.0,90.0,0.00,0.00,13.7,13.4,47.9,-1.05,ARMED,,20.0
1791267129044,28.572136,77.422558,48.0,CNG,22.13,24.3,4,1864,47.5,10.82,57.0,90.0,0.78,-2.34,13.6,12.8,47.6,-0.87,ARMED,,21.2
1791267129542,28.572136,77.422558,49.0,CNG,21.40,23.9,4,1882,47.5,9.82,57.0,89.0,0.78,-2.34,13.6,12.3,47.9,-0.26,ARMED,,20.8
1791267130116,28.572100,77.422427,49.0,CNG,21.29,22.7,4,1916,47.5,9.47,57.0,89.0,0.78,-2.34,13.6,10.7,48.5,0.20,ARMED,,20.8
1791267130993,28.572062,77.422295,49.0,CNG,21.12,23.5,4,1930,43.1,9.59,54.0,89.0,-1.56,-2.34,13.6,11.8,49.1,0.49,ARMED,,20.4
1791267131515,28.572062,77.422295,50.0,CNG,20.39,24.3,4,1943,43.1,10.54,54.0,89.0,-1.56,-2.34,13.7,12.8,49.8,0.65,ARMED,,21.2
1791267132000,28.572025,77.422160,50.0,CNG,21.05,23.9,4,1948,43.1,9.24,54.0,89.0,-1.56,-2.34,13.7,12.3,50.1,0.64,ARMED,,20.8
1791267132924,28.571988,77.422024,50.0,CNG,29.67,14.9,4,1836,21.6,2.69,65.0,89.0,0.00,-2.34,13.8,0.0,48.9,-0.28,ARMED,,14.9
1791267133409,28.571988,77.422024,50.0,CNG,26.55,25.1,5,1519,21.6,8.90,65.0,89.0,0.00,-2.34,13.8,13.9,50.0,0.00,ARMED,,20.4
1791267133959,28.571950,77.421887,50.0,CNG,26.76,23.1,5,1488,21.6,7.55,65.0,89.0,0.00,-2.34,13.6,11.2,50.0,0.00,ARMED,,19.6
1791267134797,28.571950,77.421887,51.0,CNG,26.66,22.4,5,1515,48.2,7.86,54.0,89.0,-4.69,-2.34,13.6,10.2,50.5,0.28,ARMED,,20.0
1791267135301,28.571914,77.421751,51.0,CNG,27.90,21.6,5,1506,48.2,6.96,54.0,89.0,-4.69,-2.34,13.6,9.1,50.9,0.34,ARMED,,18.8
1791267135796,28.571914,77.421751,51.0,CNG,31.63,21.2,5,1523,48.2,5.28,54.0,90.0,-4.69,-2.34,13.6,8.6,51.0,0.33,ARMED,,17.3
1791267136714,28.571876,77.421614,51.0,CNG,35.86,21.2,5,1516,29.4,4.65,41.0,90.0,-2.34,-2.34,13.6,8.6,51.0,0.20,ARMED,,16.9
1791267137213,28.571842,77.421478,51.0,CNG,36.99,21.6,5,1521,29.4,5.37,41.0,90.0,-2.34,-2.34,13.6,9.1,51.0,0.16,ARMED,,17.3
1791267137759,28.571842,77.421478,51.0,CNG,38.71,23.1,5,1523,29.4,5.01,41.0,90.0,-2.34,-2.34,13.8,11.2,51.0,0.14,ARMED,,17.6
1791267138668,28.571802,77.421340,51.0,CNG,39.94,21.6,5,1529,30.2,4.97,43.0,90.0,-1.56,-2.34,13.8,9.1,51.2,0.15,ARMED,,16.9
1791267139195,28.571763,77.421201,52.0,CNG,40.25,21.6,5,1529,30.2,5.22,43.0,90.0,-1.56,-2.34,13.7,9.1,51.3,0.14,ARMED,,17.3
1791267139685,28.571763,77.421201,51.0,CNG,40.97,21.6,5,1536,30.2,4.95,43.0,90.0,-1.56,-2.34,13.7,9.1,51.4,0.16,ARMED,,17.6
1791267140603,28.571726,77.421062,51.0,CNG,40.33,21.6,5,1538,32.2,5.29,44.0,90.0,0.00,-2.34,13.7,9.1,51.5,0.17,ARMED,,17.6
1791267141117,28.571687,77.420922,52.0,CNG,40.24,22.0,5,1544,32.2,5.30,44.0,90.0,0.00,-2.34,13.7,9.6,51.7,0.18,ARMED,,17.6
1791267141658,28.571687,77.420922,52.0,CNG,37.66,22.4,5,1541,32.2,6.18,44.0,90.0,0.00,-2.34,13.4,10.2,51.7,0.16,ARMED,,18.0
1791267142552,28.571645,77.420783,52.0,CNG,34.48,23.1,5,1545,40.4,6.94,51.0,90.0,0.00,-2.34,13.4,11.2,51.8,0.16,ARMED,,18.8
1791267143081,28.571607,77.420643,52.0,CNG,30.39,23.1,5,1553,40.4,8.23,51.0,90.0,0.00,-2.34,13.4,11.2,52.0,0.18,ARMED,,19.6
1791267143557,28.571607,77.420643,53.0,CNG,28.95,23.1,5,1561,40.4,8.00,51.0,90.0,0.00,-2.34,13.4,11.2,52.2,0.22,ARMED,,20.0
1791267144506,28.571565,77.420501,53.0,CNG,27.31,23.1,5,1569,49.0,8.60,58.0,90.0,2.34,-2.34,13.5,11.2,52.5,0.26,ARMED,,20.0
1791267145000,28.571525,77.420358,53.0,CNG,26.38,23.1,5,1581,49.0,8.63,58.0,90.0,2.34,-2.34,13.5,11.2,52.9,0.31,ARMED,,20.0
1791267145536,28.571525,77.420358,53.0,CNG,26.72,23.1,5,1590,49.0,7.95,58.0,90.0,2.34,-2.34,13.6,11.2,53.2,0.35,ARMED,,20.0
1791267146625,28.571488,77.420213,54.0,CNG,27.72,18.8,5,1608,38.4,7.52,40.0,90.0,-1.56,-2.34,13.7,5.4,53.7,0.52,ARMED,,19.6
1791267147135,28.571448,77.420066,53.0,CNG,34.93,14.9,5,1577,38.4,3.77,40.0,90.0,-1.56,-2.34,13.6,0.0,53.3,-0.01,ARMED,,15.7
1791267147674,28.571448,77.420066,51.0,CNG,43.37,14.9,5,1518,38.4,2.99,40.0,90.0,-1.56,-2.34,13.6,0.0,52.1,-0.70,ARMED,,15.3
1791267148580,28.571414,77.419931,49.0,CNG,48.57,14.9,5,1452,20.4,3.33,34.0,90.0,0.00,0.00,13.4,0.0,50.3,-1.58,ARMED,,15.3
1791267149088,28.571380,77.419805,47.0,CNG,52.00,14.9,5,1396,20.4,3.27,34.0,90.0,0.00,0.00,13.4,0.0,47.5,-2.35,ARMED,,14.9
1791267149614,28.571380,77.419805,45.0,CNG,57.93,14.9,5,1347,20.4,2.58,34.0,90.0,0.00,0.00,13.5,0.0,45.8,-2.67,ARMED,,14.9
1791267150526,28.571347,77.419682,44.0,CNG,57.25,26.3,5,1309,33.3,3.20,75.0,90.0,0.00,-2.34,13.5,15.5,44.2,-2.81,ARMED,,14.9
1791267151025,28.571318,77.419565,44.0,CNG,33.37,26.7,5,1306,33.3,8.93,75.0,90.0,0.00,-2.34,13.6,16.1,43.1,-1.99,ARMED,,21.2
1791267151583,28.571318,77.419565,45.0,CNG,26.38,26.3,5,1331,33.3,9.17,75.0,90.0,0.00,-2.34,13.6,15.5,43.3,-1.25,ARMED,,21.2
1791267152476,28.571289,77.419441,45.0,CNG,22.36,27.5,5,1347,67.5,10.12,77.0,90.0,-1.56,-2.34,13.5,17.1,43.9,-0.47,ARMED,,21.6
1791267152997,28.571259,77.419314,47.0,CNG,21.21,27.5,5,1385,67.5,9.73,77.0,90.0,-1.56,-2.34,13.5,17.1,45.6,0.70,ARMED,,21.6
1791267153536,28.571259,77.419314,47.0,CNG,20.61,27.5,5,1406,67.5,9.71,77.0,90.0,-1.56,-2.34,13.6,17.1,46.5,1.06,ARMED,,21.6
1791267154448,28.571229,77.419184,48.0,CNG,20.48,27.5,5,1424,64.7,9.66,74.0,90.0,-1.56,-2.34,13.6,17.1,47.5,1.28,ARMED,,21.6
1791267154966,28.571193,77.419052,49.0,CNG,20.25,27.5,5,1464,64.7,10.05,74.0,90.0,-1.56,-2.34,13.7,17.1,49.0,1.49,ARMED,,21.2
1791267155525,28.571193,77.419052,50.0,CNG,20.76,27.5,5,1483,64.7,9.49,74.0,90.0,-1.56,-2.34,13.7,17.1,49.8,1.50,ARMED,,21.2
1791267156386,28.571157,77.418919,50.0,CNG,20.66,27.5,5,1503,60.0,9.96,67.0,90.0,-1.56,-2.34,13.6,17.1,50.5,1.48,ARMED,,20.8
1791267156904,28.571118,77.418782,51.0,CNG,20.41,27.1,5,1522,60.0,10.39,67.0,90.0,-1.56,-2.34,13.6,16.6,51.3,1.19,ARMED,,22.0
1791267157424,28.571118,77.418782,52.0,CNG,20.38,27.1,5,1553,60.0,10.45,67.0,90.0,-1.56,-2.34,13.5,16.6,52.0,1.22,ARMED,,22.0
1791267158334,28.571079,77.418640,52.0,CNG,23.43,14.9,5,1555,30.2,7.08,43.0,90.0,-6.25,-2.34,13.5,0.0,52.4,1.07,ARMED,,19.6
1791267158851,28.571039,77.418499,52.0,CNG,25.12,22.7,5,1588,30.2,7.56,43.0,90.0,-6.25,-2.34,13.6,10.7,53.3,1.04,ARMED,,19.2
1791267159348,28.571039,77.418499,53.0,CNG,25.27,23.5,5,1565,30.2,8.49,43.0,90.0,-6.25,-2.34,13.6,11.8,53.2,0.66,ARMED,,20.4
1791267160305,28.571000,77.418359,53.0,CNG,24.77,23.9,5,1571,53.3,9.01,61.0,90.0,3.13,-2.34,13.7,12.3,53.1,0.41,ARMED,,20.8
1791267160851,28.570957,77.418216,53.0,CNG,24.58,23.9,5,1593,53.3,8.91,61.0,90.0,3.13,-2.34,13.7,12.3,53.4,0.39,ARMED,,20.4
1791267161357,28.570957,77.418216,54.0,CNG,24.17,23.9,5,1607,53.3,9.35,61.0,90.0,3.13,-2.34,13.4,12.3,53.7,0.43,ARMED,,20.4
1791267162262,28.570914,77.418073,54.0,CNG,24.54,23.9,5,1605,51.8,8.79,60.0,90.0,0.00,-2.34,13.4,12.3,53.9,0.40,ARMED,,20.4
1791267162774,28.570914,77.418073,54.0,CNG,24.04,23.9,5,1626,51.8,9.46,60.0,90.0,0.00,-2.34,13.7,12.3,54.4,0.45,ARMED,,20.4
1791267163267,28.570873,77.417928,55.0,CNG,23.93,23.9,5,1618,51.8,9.46,60.0,90.0,0.00,-2.34,13.7,12.3,54.4,0.33,ARMED,,20.4
1791267164165,28.570833,77.417780,55.0,CNG,24.13,23.9,5,1636,44.3,9.20,50.0,90.0,-3.13,-2.34,13.8,12.3,54.7,0.36,ARMED,,20.4
1791267164668,28.570833,77.417780,55.0,CNG,26.77,23.9,5,1632,44.3,7.03,50.0,90.0,-3.13,-2.34,13.8,12.3,54.8,0.30,ARMED,,19.2
1791267165174,28.570801,77.417637,55.0,CNG,27.90,23.9,5,1649,44.3,7.55,50.0,90.0,-3.13,-2.34,13.7,12.3,55.1,0.35,ARMED,,19.2
1791267166187,28.570770,77.417487,55.0,CNG,28.46,23.9,5,1649,41.2,7.66,52.0,90.0,0.00,-3.13,13.6,12.3,55.3,0.34,CANDIDATE,55.3,19.6
1791267166727,28.570770,77.417487,56.0,CNG,28.62,23.9,5,1672,41.2,7.93,52.0,90.0,0.00,-3.13,13.8,12.3,55.9,0.50,ARMED,,19.6
1791267167227,28.570741,77.417334,56.0,CNG,29.37,23.9,5,1679,41.2,7.49,52.0,90.0,0.00,-3.13,13.8,12.3,56.3,0.52,ARMED,,19.2
1791267168160,28.570713,77.417179,57.0,CNG,29.46,23.9,5,1673,40.8,7.87,53.0,90.0,0.78,-3.13,13.5,12.3,56.3,0.40,ARMED,,19.6
1791267168680,28.570713,77.417179,57.0,CNG,30.24,23.9,5,1695,40.8,7.40,53.0,90.0,0.78,-3.13,13.5,12.3,56.8,0.43,ARMED,,19.6
1791267169226,28.570690,77.417019,58.0,CNG,31.26,23.9,5,1700,40.8,7.21,53.0,90.0,0.78,-3.13,13.8,12.3,57.1,0.44,ARMED,,19.2
1791267170080,28.570667,77.416859,58.0,CNG,31.95,23.5,5,1707,40.0,7.18,53.0,90.0,0.00,-3.13,13.8,11.8,57.3,0.44,ARMED,,19.2
1791267170608,28.570667,77.416859,58.0,CNG,31.93,23.5,5,1721,40.0,7.43,53.0,90.0,0.00,-3.13,13.6,11.8,57.8,0.46,ARMED,,19.2
1791267171102,28.570645,77.416698,58.0,CNG,28.83,23.9,5,1727,40.0,9.41,53.0,90.0,0.00,-3.13,13.6,12.3,58.0,0.46,ARMED,,20.4
1791267171994,28.570622,77.416535,58.0,CNG,27.52,14.9,5,1730,40.8,9.20,39.0,90.0,0.00,-3.13,13.5,0.0,58.2,0.45,ARMED,,20.0
1791267172503,28.570622,77.416535,58.0,CNG,29.12,22.0,5,1733,40.8,7.43,39.0,90.0,0.00,-3.13,13.5,9.6,58.3,0.38,ARMED,,19.2
1791267173017,28.570601,77.416370,58.0,CNG,29.93,22.4,5,1730,40.8,7.59,39.0,90.0,0.00,-3.13,13.5,10.2,58.3,0.26,ARMED,,19.2
1791267173983,28.570579,77.416209,58.0,CNG,30.16,22.4,5,1725,40.4,7.77,51.0,90.0,0.00,-3.13,13.5,10.2,58.2,0.09,ARMED,,19.2
1791267174477,28.570579,77.416209,58.0,CNG,30.79,22.4,5,1737,40.4,7.46,51.0,90.0,0.00,-3.13,13.7,10.2,58.3,0.10,ARMED,,19.6
1791267174974,28.570556,77.416045,58.0,CNG,30.37,22.4,5,1730,40.4,7.96,51.0,90.0,0.00,-3.13,13.7,10.2,58.2,0.06,CANDIDATE,58.2,19.6
1791267175836,28.570556,77.416045,58.0,CNG,30.87,22.4,5,1723,41.2,7.49,52.0,90.0,0.00,-3.13,13.6,10.2,58.1,-0.05,CANDIDATE,58.1,19.6
1791267176463,28.570534,77.415883,59.0,CNG,31.49,22.4,5,1753,41.2,7.43,52.0,90.0,0.00,-3.13,13.6,10.2,58.6,0.26,LOCKED,58.6,19.6
1791267177054,28.570513,77.415720,59.0,CNG,30.78,22.4,5,1751,41.2,8.10,52.0,90.0,0.00,-3.13,13.5,10.2,58.8,0.27,LOCKED,58.6,19.6
1791267177972,28.570493,77.415560,59.0,CNG,30.38,22.4,5,1745,41.2,8.09,47.0,90.0,0.00,-3.13,13.5,10.2,58.8,0.23,LOCKED,58.6,19.6
1791267178465,28.570493,77.415560,59.0,CNG,33.58,22.4,5,1755,41.2,6.05,47.0,90.0,0.00,-3.13,13.7,10.2,59.0,0.22,LOCKED,58.6,18.4
1791267178985,28.570473,77.415393,60.0,CNG,34.49,22.7,5,1770,41.2,6.83,47.0,90.0,0.00,-3.13,13.7,10.7,59.3,0.28,LOCKED,58.6,18.4
1791267179879,28.570452,77.415228,59.0,CNG,35.48,22.7,5,1769,34.9,6.50,47.0,90.0,-1.56,-3.13,13.7,10.7,59.4,0.28,LOCKED,58.6,18.8
1791267180363,28.570452,77.415228,59.0,CNG,35.00,22.7,5,1762,34.9,7.03,47.0,90.0,-1.56,-3.13,13.7,10.7,59.3,0.10,LOCKED,58.6,18.8
1791267180869,28.570434,77.415062,59.0,CNG,34.85,22.7,5,1749,34.9,6.96,47.0,90.0,-1.56,-3.13,13.7,10.7,59.1,-0.07,LOCKED,58.6,18.8
1791267181755,28.570434,77.415062,59.0,CNG,36.12,22.7,5,1754,34.9,6.31,48.0,89.0,-0.78,-3.13,13.7,10.7,59.0,-0.09,LOCKED,58.6,18.8
1791267182302,28.570412,77.414896,60.0,CNG,37.09,22.7,5,1771,34.9,6.35,48.0,89.0,-0.78,-3.13,13.5,10.7,59.3,0.14,LOCKED,58.6,18.8
1791267182790,28.570412,77.414896,59.0,CNG,35.93,22.7,5,1761,34.9,7.03,48.0,89.0,-0.78,-3.13,13.5,10.7,59.3,0.11,LOCKED,58.6,18.8
1791267183706,28.570390,77.414730,60.0,CNG,35.56,22.7,5,1782,34.5,7.00,48.0,89.0,0.00,-3.13,13.6,10.7,59.6,0.26,LOCKED,58.6,18.8
1791267184251,28.570368,77.414562,60.0,CNG,36.34,22.7,5,1776,34.5,6.53,48.0,89.0,0.00,-3.13,13.6,10.7,59.8,0.24,LOCKED,58.6,18.8
1791267184816,28.570368,77.414562,60.0,CNG,36.25,22.7,5,1771,34.5,6.79,48.0,89.0,0.00,-3.13,13.6,10.7,59.7,0.19,LOCKED,58.6,18.8
1791267185828,28.570344,77.414395,60.0,CNG,35.66,22.7,5,1787,35.7,7.04,52.0,89.0,0.00,-3.13,13.4,10.7,59.9,0.23,LOCKED,58.6,18.8
1791267186356,28.570322,77.414226,60.0,CNG,32.55,22.7,5,1780,35.7,8.52,52.0,89.0,0.00,-3.13,13.5,10.7,60.0,0.17,LOCKED,58.6,20.0
1791267186865,28.570296,77.414060,60.0,CNG,30.91,22.7,5,1783,35.7,8.53,52.0,89.0,0.00,-3.13,13.5,10.7,60.0,0.15,LOCKED,58.6,20.0
1791267187778,28.570296,77.414060,60.0,CNG,31.06,22.7,5,1781,42.7,7.84,54.0,89.0,0.78,-2.34,13.5,10.7,60.0,0.13,LOCKED,58.6,20.0
1791267188290,28.570274,77.413894,60.0,CNG,30.02,22.7,5,1779,42.7,8.58,54.0,89.0,0.78,-2.34,13.5,10.7,59.9,0.08,LOCKED,58.6,20.0
1791267188883,28.570252,77.413728,60.0,CNG,29.87,22.7,5,1776,42.7,8.27,54.0,89.0,0.78,-2.34,13.7,10.7,59.9,0.04,LOCKED,58.6,20.0
1791267189758,28.570252,77.413728,60.0,CNG,29.61,22.7,5,1769,43.1,8.39,53.0,89.0,0.00,-2.34,13.7,10.7,59.7,-0.01,LOCKED,58.6,20.0
1791267190298,28.570230,77.413559,60.0,CNG,29.77,22.7,5,1782,43.1,8.17,53.0,89.0,0.00,-2.34,13.7,10.7,59.9,0.04,LOCKED,58.6,20.0
1791267190770,28.570230,77.413559,60.0,CNG,29.48,22.7,5,1772,43.1,8.44,53.0,89.0,0.00,-2.34,13.7,10.7,59.8,0.00,LOCKED,58.6,20.0
1791267191647,28.570206,77.413393,60.0,CNG,30.07,22.7,5,1783,43.1,7.91,53.0,89.0,0.00,-2.34,13.6,10.7,59.9,0.03,LOCKED,58.6,20.0
1791267192157,28.570179,77.413227,60.0,CNG,30.29,22.7,5,1781,43.1,8.01,53.0,89.0,0.00,-2.34,13.6,10.7,59.9,0.04,LOCKED,58.6,20.0
1791267192677,28.570179,77.413227,59.0,CNG,32.96,22.7,5,1776,43.1,6.33,53.0,89.0,0.00,-2.34,13.6,10.7,59.9,0.01,LOCKED,58.6,18.8
1791267193555,28.570152,77.413062,60.0,CNG,36.58,14.9,5,1774,26.7,5.61,32.0,89.0,0.00,-3.13,13.6,0.0,59.8,-0.01,LOCKED,58.6,18.0
1791267194092,28.570126,77.412897,59.0,CNG,43.49,14.9,5,1728,26.7,3.95,32.0,89.0,0.00,-3.13,13.8,0.0,58.7,-0.61,LOCKED,58.6,15.7
1791267194572,28.570126,77.412897,57.0,CNG,50.04,14.9,5,1684,26.7,3.56,32.0,89.0,0.00,-3.13,13.8,0.0,57.6,-1.09,LOCKED,58.6,16.1
1791267195496,28.570099,77.412739,56.0,CNG,54.27,14.9,5,1685,19.6,3.66,33.0,89.0,0.00,0.00,13.7,0.0,56.9,-1.14,LOCKED,58.6,15.7
1791267196005,28.570076,77.412589,55.0,CNG,57.30,14.9,5,1635,19.6,3.58,33.0,89.0,0.00,0.00,13.7,0.0,55.3,-1.44,LOCKED,58.6,15.7
1791267196570,28.570076,77.412589,54.0,CNG,56.79,14.9,5,1605,19.6,3.94,33.0,89.0,0.00,0.00,13.6,0.0,54.3,-1.59,LOCKED,58.6,15.7
1791267197432,28.570043,77.412448,54.0,CNG,61.70,14.9,5,1586,19.6,3.10,31.0,89.0,0.00,0.00,13.6,0.0,53.4,-1.59,LOCKED,58.6,15.7
1791267198010,28.569994,77.412313,52.0,CNG,59.39,14.9,5,1547,19.6,3.79,31.0,89.0,0.00,0.00,13.5,0.0,52.1,-1.57,LOCKED,58.6,15.3
1791267198523,28.569994,77.412313,51.0,CNG,58.68,14.9,5,1508,19.6,3.62,31.0,88.0,0.00,0.00,13.5,0.0,51.0,-1.70,LOCKED,58.6,15.3
1791267199390,28.569925,77.412196,49.0,CNG,62.34,14.9,5,1464,20.4,2.89,32.0,88.0,0.00,0.00,13.6,0.0,49.8,-1.94,LOCKED,58.6,15.3
1791267199987,28.569855,77.412094,45.0,CNG,60.16,14.9,5,1327,20.4,3.24,32.0,88.0,0.00,0.00,13.6,0.0,45.8,-3.22,LOCKED,58.6,14.9
1791267200540,28.569855,77.412094,41.0,CNG,55.80,14.9,,1032,20.4,3.39,32.0,88.0,0.00,0.00,13.3,0.0,41.0,0.00,PAUSED,58.6,14.9
1791267201380,28.569782,77.412023,38.0,CNG,50.11,14.9,4,1323,22.4,3.67,34.0,88.0,-3.13,-0.78,13.3,0.0,38.0,0.00,PAUSED,58.6,15.3
1791267201909,28.569702,77.411974,36.0,CNG,49.60,21.2,4,1387,22.4,3.02,34.0,88.0,-3.13,-0.78,13.6,8.6,36.7,-0.76,PAUSED,58.6,15.7
1791267202411,28.569702,77.411974,35.0,CNG,35.44,21.2,4,1373,22.4,6.01,34.0,88.0,-3.13,-0.78,13.6,8.6,35.7,-1.12,PAUSED,58.6,18.0
1791267203311,28.569617,77.411946,36.0,CNG,23.99,24.3,4,1383,59.2,9.27,81.0,88.0,6.25,-3.13,13.7,12.8,35.5,-0.88,PAUSED,58.6,20.4
1791267203801,28.569617,77.411946,36.0,CNG,18.43,27.1,4,1414,59.2,10.84,81.0,87.0,6.25,-3.13,13.7,16.6,35.6,-0.39,PAUSED,58.6,22.7
1791267204305,28.569525,77.411931,37.0,CNG,15.77,27.5,4,1452,59.2,11.65,81.0,87.0,6.25,-3.13,13.7,17.1,36.1,0.04,PAUSED,58.6,23.1
1791267205344,28.569428,77.411934,38.0,CNG,14.81,27.1,4,1501,69.0,11.41,61.0,87.0,-0.78,-2.34,13.6,16.6,37.1,0.65,PAUSED,58.6,22.7
1791267205855,28.569327,77.411948,40.0,CNG,16.13,23.5,4,1535,69.0,8.88,61.0,87.0,-0.78,-2.34,13.7,11.8,38.8,1.19,ARMED,,20.0
1791267206344,28.569327,77.411948,40.0,CNG,17.33,23.5,4,1574,69.0,8.42,61.0,88.0,-0.78,-2.34,13.7,11.8,39.8,1.41,ARMED,,20.0
1791267207282,28.569225,77.411960,41.0,CNG,17.99,23.5,4,1602,49.8,8.81,52.0,88.0,0.00,-2.34,13.6,11.8,40.7,1.53,ARMED,,20.4
1791267207773,28.569225,77.411960,43.0,CNG,20.65,22.7,4,1655,49.8,6.76,52.0,88.0,0.00,-2.34,13.6,10.7,42.2,1.57,ARMED,,18.8
1791267208283,28.569119,77.411978,43.0,CNG,22.75,22.4,4,1671,49.8,6.60,52.0,88.0,0.00,-2.34,13.6,10.2,42.9,1.53,ARMED,,18.4
1791267209198,28.569011,77.411995,44.0,CNG,24.28,22.4,4,1705,33.3,6.70,45.0,88.0,-0.78,-3.13,13.6,10.2,43.6,1.53,ARMED,,18.4
1791267209707,28.569011,77.411995,46.0,CNG,28.61,18.0,4,1760,33.3,4.94,45.0,88.0,-0.78,-3.13,13.5,4.3,45.1,1.54,ARMED,,16.9
1791267210203,28.568898,77.412011,46.0,CNG,35.04,14.9,4,1771,33.3,3.63,45.0,88.0,-0.78,-3.13,13.5,0.0,45.7,1.40,ARMED,,16.1
1791267211091,28.568785,77.412027,46.0,CNG,40.95,14.9,4,1793,19.6,3.46,33.0,88.0,0.00,0.00,13.7,0.0,46.2,1.35,ARMED,,16.1
1791267211675,28.568785,77.412027,46.0,CNG,41.72,14.9,4,1785,19.6,4.38,33.0,88.0,0.00,0.00,13.7,0.0,46.3,0.74,ARMED,,16.1
1791267212198,28.568671,77.412040,46.0,CNG,42.54,14.9,4,1769,19.6,4.29,33.0,88.0,0.00,0.00,13.7,0.0,46.0,0.32,ARMED,,16.1
1791267213083,28.568559,77.412055,45.0,CNG,44.82,14.9,4,1750,19.6,3.77,34.0,88.0,0.00,0.00,13.7,0.0,45.6,-0.05,ARMED,,16.1
1791267213620,28.568559,77.412055,43.0,CNG,44.42,14.9,4,1654,19.6,4.01,34.0,88.0,0.00,0.00,13.6,0.0,43.5,-1.22,ARMED,,15.7
1791267214098,28.568453,77.412075,41.0,CNG,45.97,14.9,4,1600,19.6,3.44,34.0,88.0,0.00,0.00,13.6,0.0,42.0,-1.74,ARMED,,15.7
1791267214985,28.568353,77.412092,41.0,CNG,49.65,14.9,4,1563,19.6,2.95,30.0,87.0,0.00,0.00,13.7,0.0,40.7,-2.01,ARMED,,15.3
1791267215488,28.568353,77.412092,40.0,CNG,50.98,14.9,4,1572,19.6,3.07,30.0,87.0,0.00,0.00,13.7,0.0,39.9,-1.46,ARMED,,15.3
1791267216027,28.568254,77.412109,40.0,CNG,51.21,14.9,4,1558,19.6,3.17,30.0,87.0,0.00,0.00,13.6,0.0,39.5,-1.20,ARMED,,15.3
1791267216908,28.568155,77.412124,40.0,CNG,51.29,14.9,4,1539,19.6,3.18,31.0,87.0,0.00,0.00,13.6,0.0,39.2,-1.02,ARMED,,15.3
1791267217456,28.568155,77.412124,40.0,CNG,48.38,14.9,4,1538,19.6,3.67,31.0,87.0,0.00,0.00,13.7,0.0,39.1,-0.56,ARMED,,15.3
1791267217970,28.568057,77.412138,39.0,CNG,48.53,14.9,4,1526,19.6,3.27,31.0,87.0,0.00,0.00,13.7,0.0,39.0,-0.44,ARMED,,15.3
1791267218879,28.567967,77.412150,38.0,CNG,46.12,14.9,4,1481,24.7,3.63,41.0,87.0,0.00,-0.78,13.6,0.0,38.4,-0.65,ARMED,,15.3
1791267219361,28.567967,77.412150,36.0,CNG,46.50,14.9,5,1099,24.7,3.12,41.0,87.0,0.00,-0.78,13.6,0.0,36.0,0.00,ARMED,,14.9
1791267219879,28.567882,77.412161,34.0,CNG,49.61,14.9,5,1033,24.7,2.49,41.0,87.0,0.00,-0.78,13.6,0.0,35.1,-0.55,ARMED,,14.9
1791267220753,28.567882,77.412161,33.0,CNG,50.87,14.9,5,976,32.5,2.54,33.0,86.0,-2.34,-0.78,13.6,0.0,33.9,-1.07,ARMED,,14.9
1791267221275,28.567800,77.412170,31.0,CNG,52.44,14.9,5,837,32.5,2.29,33.0,86.0,-2.34,-0.78,13.5,0.0,31.7,-1.83,ARMED,,12.9
1791267221795,28.567800,77.412170,30.0,CNG,52.68,14.9,5,842,32.5,2.31,33.0,86.0,-2.34,-0.78,13.5,0.0,30.3,-2.03,ARMED,,12.9
1791267222684,28.567727,77.412173,27.0,CNG,54.41,14.9,5,812,22.0,1.91,31.0,86.0,1.56,-0.78,13.7,0.0,29.1,-2.15,ARMED,,12.5
1791267223163,28.567665,77.412174,21.0,CNG,50.99,14.9,4,768,22.0,1.91,31.0,86.0,1.56,-0.78,13.7,0.0,21.0,0.00,ARMED,,12.5
1791267223741,28.567665,77.412174,17.0,CNG,53.25,14.9,,753,22.0,1.17,31.0,86.0,1.56,-0.78,13.6,0.0,17.0,0.00,ARMED,,12.5
1791267224848,28.567594,77.412173,14.0,CNG,55.74,14.9,3,753,21.6,0.91,31.0,87.0,0.00,-0.78,13.7,0.0,14.0,0.00,ARMED,,12.5
1791267225398,28.567594,77.412173,11.0,CNG,49.71,14.9,2,748,21.6,1.16,31.0,87.0,0.00,-0.78,13.7,0.0,11.0,0.00,ARMED,,12.5
1791267225915,28.567571,77.412173,9.0,CNG,48.11,14.9,2,743,21.6,0.83,31.0,87.0,0.00,-0.78,13.7,0.0,10.0,-0.61,ARMED,,12.5
1791267226810,28.567571,77.412173,7.0,CNG,44.48,14.9,,717,22.0,0.78,31.0,87.0,-1.56,-0.78,13.6,0.0,7.0,0.00,ARMED,,12.5
1791267227302,28.567556,77.412174,5.0,CNG,25.19,14.9,1,740,22.0,1.94,31.0,87.0,-1.56,-0.78,13.6,0.0,5.0,0.00,ARMED,,13.7
1791267227809,28.567556,77.412174,5.0,CNG,15.26,14.9,1,751,22.0,2.67,31.0,87.0,-1.56,-0.78,13.4,0.0,5.0,0.00,ARMED,,14.5
1791267228711,28.567542,77.412173,5.0,CNG,12.31,14.9,,774,37.3,2.34,81.0,87.0,-5.47,-3.13,13.4,0.0,5.0,0.00,ARMED,,14.1
1791267229248,28.567528,77.412173,5.0,CNG,11.76,14.9,,817,37.3,1.88,81.0,87.0,-5.47,-3.13,13.5,0.0,5.0,0.00,ARMED,,12.5
1791267229784,28.567528,77.412173,6.0,CNG,5.36,22.7,1,814,37.3,8.15,81.0,88.0,-5.47,-3.13,13.5,10.7,6.0,0.00,ARMED,,20.4
1791267230704,28.567515,77.412174,6.0,CNG,6.46,18.8,1,870,48.6,2.65,52.0,88.0,-6.25,-3.13,13.6,5.4,6.0,0.00,ARMED,,14.5
1791267231240,28.567500,77.412174,6.0,CNG,6.85,18.4,1,908,48.6,3.27,52.0,88.0,-6.25,-3.13,13.6,4.8,6.0,0.00,ARMED,,15.3
1791267231773,28.567500,77.412174,6.0,CNG,7.42,17.6,,935,48.6,2.89,52.0,88.0,-6.25,-3.13,13.6,3.7,6.0,0.00,ARMED,,14.5
1791267232662,28.567484,77.412175,7.0,CNG,8.84,15.7,1,916,33.7,2.45,41.0,88.0,-2.34,-0.78,13.6,1.1,7.0,0.00,ARMED,,14.9
1791267233176,28.567469,77.412175,6.0,CNG,8.78,14.9,1,906,33.7,2.82,41.0,88.0,-2.34,-0.78,13.7,0.0,6.3,-0.37,ARMED,,14.9
1791267233724,28.567469,77.412175,6.0,CNG,8.24,14.9,1,913,33.7,3.26,41.0,88.0,-2.34,-0.78,13.7,0.0,6.1,-0.39,ARMED,,14.9
1791267234603,28.567453,77.412175,6.0,CNG,8.20,14.9,1,867,36.5,3.02,47.0,89.0,-1.56,-0.78,13.0,0.0,5.9,-0.38,ARMED,,14.9
1791267235089,28.567440,77.412175,5.0,CNG,7.37,14.9,,662,36.5,3.28,47.0,89.0,-1.56,-0.78,13.0,0.0,5.0,0.00,ARMED,,14.9
1791267235633,28.567440,77.412175,4.0,CNG,6.12,14.9,,663,36.5,3.64,47.0,89.0,-1.56,-0.78,13.3,0.0,4.0,0.00,ARMED,,15.7
1791267236522,28.567432,77.412175,2.0,CNG,4.43,23.5,,819,72.2,3.74,95.0,89.0,0.78,-3.13,13.3,11.8,2.0,0.00,ARMED,,15.3
1791267237041,28.567425,77.412176,4.0,CNG,4.85,14.9,,977,72.2,2.92,95.0,89.0,0.78,-3.13,13.5,0.0,4.0,0.00,ARMED,,14.1
1791267237539,28.567425,77.412176,5.0,CNG,3.10,23.1,,884,72.2,9.37,95.0,89.0,0.78,-3.13,13.5,11.2,5.0,0.00,ARMED,,21.2
1791267238443,28.567413,77.412177,7.0,CNG,4.75,19.2,1,922,47.5,3.03,55.0,89.0,-5.47,-3.13,13.5,5.9,7.0,0.00,ARMED,,14.5
1791267238982,28.567397,77.412178,7.0,CNG,5.08,20.0,1,1008,47.5,5.19,55.0,90.0,-5.47,-3.13,13.5,7.0,7.0,0.00,ARMED,,17.3
1791267239549,28.567397,77.412178,7.0,CNG,5.52,20.4,1,985,47.5,4.60,55.0,90.0,-5.47,-3.13,13.6,7.5,7.0,0.00,ARMED,,16.9
1791267240395,28.567380,77.412177,8.0,CNG,6.14,20.4,1,1062,45.1,4.62,58.0,90.0,-3.13,-3.13,13.6,7.5,7.5,0.29,ARMED,,17.3
1791267240910,28.567359,77.412176,9.0,CNG,4.12,23.1,1,1341,45.1,12.36,58.0,90.0,-3.13,-3.13,13.6,11.2,8.6,0.77,ARMED,,23.5
1791267241409,28.567359,77.412176,11.0,CNG,4.55,24.3,1,1488,45.1,8.78,58.0,90.0,-3.13,-3.13,13.6,12.8,9.5,1.10,ARMED,,20.0
1791267242281,28.567330,77.412178,12.0,CNG,4.94,14.9,1,1641,36.9,8.96,35.0,90.0,0.00,0.00,13.5,0.0,10.6,1.44,ARMED,,20.4
1791267242813,28.567330,77.412178,13.0,CNG,7.64,22.0,2,1088,36.9,2.45,35.0,90.0,0.00,0.00,13.5,9.6,13.0,0.00,ARMED,,13.7
1791267243353,28.567298,77.412181,12.0,CNG,6.45,27.1,,1047,36.9,9.29,35.0,90.0,0.00,0.00,13.5,16.6,12.0,0.00,ARMED,,22.4
1791267244376,28.567264,77.412184,14.0,CNG,6.50,26.7,2,1069,75.3,8.71,80.0,91.0,-0.78,-3.13,13.6,16.1,14.0,0.00,ARMED,,21.6
1791267244886,28.567222,77.412189,17.0,CNG,7.59,23.9,2,1292,75.3,7.44,80.0,91.0,-0.78,-3.13,13.6,12.3,16.2,1.20,ARMED,,19.2
1791267245421,28.567222,77.412189,18.0,CNG,10.83,14.9,2,1339,75.3,3.34,80.0,91.0,-0.78,-3.13,13.6,0.0,17.4,1.55,ARMED,,15.7
1791267246319,28.567173,77.412194,18.0,CNG,10.49,22.4,2,1403,39.6,7.30,48.0,91.0,-3.13,-3.13,13.7,10.2,18.1,1.52,ARMED,,18.8
1791267246860,28.567126,77.412200,19.0,CNG,14.30,14.9,2,1434,39.6,2.83,48.0,91.0,-3.13,-3.13,13.7,0.0,18.8,1.10,ARMED,,14.5
1791267247391,28.567126,77.412200,19.0,CNG,18.24,14.9,2,1390,39.6,2.63,48.0,91.0,-3.13,-3.13,13.8,0.0,18.7,0.70,ARMED,,14.9
1791267248242,28.567079,77.412202,18.0,CNG,19.50,18.8,2,1358,20.4,3.38,34.0,91.0,0.00,-3.13,13.8,5.4,18.3,0.25,ARMED,,14.9
1791267248814,28.567079,77.412202,18.0,CNG,20.41,14.9,2,1321,20.4,3.35,34.0,91.0,0.00,-3.13,13.6,0.0,17.5,-0.32,ARMED,,14.9
1791267249362,28.567036,77.412209,17.0,CNG,22.83,14.9,2,1280,20.4,2.47,34.0,91.0,0.00,-3.13,13.6,0.0,16.9,-0.57,ARMED,,14.5
1791267250229,28.566996,77.412216,16.0,CNG,24.34,14.9,2,1219,22.7,2.39,32.0,91.0,0.00,-0.78,13.4,0.0,16.2,-0.83,ARMED,,14.5
1791267250716,28.566996,77.412216,15.0,CNG,21.63,14.9,2,1149,22.7,3.37,32.0,91.0,0.00,-0.78,13.4,0.0,15.0,-1.10,ARMED,,14.9
1791267251238,28.566957,77.412222,15.0,CNG,19.85,14.9,2,1113,22.7,3.50,32.0,91.0,0.00,-0.78,13.3,0.0,14.4,-1.13,ARMED,,14.9
1791267252148,28.566922,77.412228,14.0,CNG,20.28,14.9,2,1088,31.0,2.72,41.0,91.0,-3.13,-0.78,13.3,0.0,13.9,-1.10,ARMED,,15.3
1791267252666,28.566922,77.412228,14.0,CNG,19.90,14.9,2,1046,31.0,2.96,41.0,91.0,-3.13,-0.78,13.6,0.0,13.3,-0.88,ARMED,,15.3
1791267253150,28.566885,77.412234,14.0,CNG,19.09,14.9,2,1023,31.0,3.19,41.0,90.0,-3.13,-0.78,13.6,0.0,13.0,-0.83,ARMED,,15.3
1791267254080,28.566854,77.412241,13.0,CNG,17.58,14.9,2,939,35.3,3.42,44.0,90.0,-3.91,-0.78,13.5,0.0,12.3,-0.97,ARMED,,15.3
1791267254584,28.566854,77.412241,12.0,CNG,12.11,22.4,2,932,35.3,6.23,44.0,90.0,-3.91,-0.78,13.5,10.2,11.8,-0.77,ARMED,,18.8
1791267255101,28.566824,77.412248,13.0,CNG,12.90,14.9,2,926,35.3,3.71,44.0,90.0,-3.91,-0.78,13.5,0.0,11.7,-0.62,ARMED,,15.7
1791267256034,28.566793,77.412254,13.0,CNG,13.88,14.9,2,934,35.7,3.39,44.0,90.0,-4.69,-0.78,13.5,0.0,11.7,-0.42,ARMED,,14.9
1791267256574,28.566793,77.412254,12.0,CNG,15.38,14.9,2,896,35.7,2.63,44.0,90.0,-4.69,-0.78,13.6,0.0,11.5,-0.36,ARMED,,14.9
1791267257078,28.566765,77.412261,11.0,CNG,16.01,14.9,2,821,35.7,2.61,44.0,90.0,-4.69,-0.78,13.6,0.0,11.0,-0.56,ARMED,,14.9
1791267257992,28.566741,77.412268,10.0,CNG,14.75,14.9,2,757,43.5,3.16,57.0,90.0,0.00,-0.78,13.3,0.0,10.2,-0.83,ARMED,,14.9
1791267258480,28.566741,77.412268,8.0,CNG,14.21,14.9,,784,43.5,2.48,57.0,90.0,0.00,-0.78,13.3,0.0,8.0,0.00,ARMED,,13.3
1791267258990,28.566724,77.412273,6.0,CNG,15.86,14.9,1,763,43.5,1.10,57.0,90.0,0.00,-0.78,13.6,0.0,6.0,0.00,ARMED,,12.5
1791267259926,28.566711,77.412275,6.0,CNG,14.85,20.8,1,750,40.8,1.87,63.0,90.0,11.72,-3.13,13.6,8.0,6.0,0.00,ARMED,,13.3
1791267260498,28.566711,77.412275,7.0,CNG,12.47,20.4,1,902,40.8,2.88,63.0,90.0,11.72,-3.13,13.6,7.5,6.7,0.39,ARMED,,15.3
1791267260987,28.566695,77.412277,7.0,CNG,11.11,20.4,1,1044,40.8,3.01,63.0,90.0,11.72,-3.13,13.6,7.5,7.0,0.40,ARMED,,15.7
1791267261897,28.566675,77.412278,8.0,CNG,10.92,20.4,1,1143,31.4,3.06,40.0,90.0,-4.69,-3.13,13.7,7.5,7.4,0.57,ARMED,,15.7
1791267262393,28.566675,77.412278,9.0,CNG,13.80,14.9,,1052,31.4,1.79,40.0,91.0,-4.69,-3.13,13.7,0.0,9.0,0.00,ARMED,,13.7
1791267262909,28.566652,77.412280,9.0,CNG,15.72,14.9,,802,31.4,1.90,40.0,91.0,-4.69,-3.13,13.4,0.0,9.0,0.00,ARMED,,12.5
1791267263923,28.566631,77.412282,9.0,CNG,18.25,17.3,2,729,24.3,1.56,34.0,90.0,0.00,-0.78,13.3,3.2,9.0,0.00,ARMED,,12.2
1791267264438,28.566631,77.412282,9.0,CNG,18.12,15.7,,658,24.3,2.05,34.0,90.0,0.00,-0.78,13.4,1.1,9.0,0.00,ARMED,,12.5
1791267264913,28.566609,77.412283,9.0,CNG,11.96,15.7,,665,24.3,4.61,34.0,90.0,0.00,-0.78,13.4,1.1,9.0,0.00,ARMED,,16.9
1791267265913,28.566587,77.412286,9.0,CNG,13.31,14.9,,659,43.9,2.30,54.0,90.0,-1.56,-0.78,13.4,0.0,9.0,0.00,ARMED,,14.5
1791267266433,28.566587,77.412286,9.0,CNG,12.51,14.9,,690,43.9,3.20,54.0,90.0,-1.56,-0.78,13.4,0.0,9.0,0.00,ARMED,,14.9
1791267266937,28.566563,77.412290,10.0,CNG,11.86,14.9,2,713,43.9,3.69,54.0,90.0,-1.56,-0.78,13.5,0.0,10.0,0.00,ARMED,,15.3
1791267267795,28.566563,77.412290,10.0,CNG,13.35,14.9,2,740,45.9,2.52,53.0,90.0,-3.13,-0.78,13.5,0.0,10.0,0.00,ARMED,,15.3
1791267268351,28.566539,77.412293,10.0,CNG,12.44,14.9,2,771,45.9,3.61,53.0,90.0,-3.13,-0.78,13.6,0.0,10.0,0.00,ARMED,,15.3
1791267268834,28.566539,77.412293,10.0,CNG,13.47,14.9,2,777,45.9,2.67,53.0,90.0,-3.13,-0.78,13.6,0.0,10.0,0.00,ARMED,,15.3
1791267269782,28.566513,77.412296,11.0,CNG,14.78,14.9,2,796,41.2,2.64,50.0,90.0,-1.56,-0.78,13.7,0.0,10.5,0.29,ARMED,,14.9
1791267270290,28.566486,77.412299,11.0,CNG,16.16,18.8,2,819,41.2,2.42,50.0,90.0,-1.56,-0.78,13.7,5.4,11.1,0.50,ARMED,,14.9
1791267270838,28.566486,77.412299,11.0,CNG,15.28,18.8,2,803,41.2,3.17,50.0,90.0,-1.56,-0.78,13.6,5.4,11.2,0.45,ARMED,,15.3
1791267271701,28.566460,77.412302,11.0,CNG,13.95,18.8,2,820,42.7,3.64,53.0,91.0,0.78,-3.13,13.6,5.4,11.4,0.43,ARMED,,15.3
1791267272262,28.566433,77.412305,11.0,CNG,13.35,21.2,2,834,42.7,3.58,53.0,91.0,0.78,-3.13,13.5,8.6,11.6,0.37,ARMED,,15.3
1791267272765,28.566433,77.412305,11.0,CNG,9.73,21.6,2,848,42.7,6.48,53.0,91.0,0.78,-3.13,13.5,9.1,11.7,0.35,ARMED,,19.2
1791267273678,28.566405,77.412307,12.0,CNG,9.31,21.6,2,885,69.0,5.59,77.0,91.0,0.78,-3.13,13.6,9.1,12.0,0.38,ARMED,,18.8
1791267274166,28.566375,77.412310,13.0,CNG,8.99,21.6,2,997,69.0,6.18,77.0,91.0,0.78,-3.13,13.6,9.1,13.2,0.87,ARMED,,18.8
1791267274712,28.566375,77.412310,14.0,CNG,8.93,21.6,2,1064,69.0,6.46,77.0,91.0,0.78,-3.13,13.7,9.1,14.0,1.11,ARMED,,18.8
1791267275613,28.566340,77.412313,15.0,CNG,9.11,21.6,2,1130,57.3,6.55,64.0,91.0,-0.78,-3.13,13.7,9.1,15.0,1.32,ARMED,,18.8
1791267276167,28.566301,77.412317,16.0,CNG,9.43,21.6,2,1225,57.3,6.62,64.0,91.0,-0.78,-3.13,13.6,9.1,16.5,1.39,ARMED,,18.8
1791267276680,28.566301,77.412317,17.0,CNG,9.96,21.6,2,1256,57.3,6.48,64.0,91.0,-0.78,-3.13,13.6,9.1,17.1,1.37,ARMED,,18.4
1791267277580,28.566258,77.412321,17.0,CNG,10.51,21.6,2,1289,49.4,6.11,58.0,91.0,-0.78,-3.13,13.7,9.1,17.6,1.31,ARMED,,18.8
1791267278073,28.566214,77.412326,18.0,CNG,10.86,21.2,2,1363,49.4,6.47,58.0,91.0,-0.78,-3.13,13.7,8.6,18.5,1.24,ARMED,,18.8
1791267278644,28.566214,77.412326,18.0,CNG,13.21,14.9,2,1376,49.4,3.87,58.0,91.0,-0.78,-3.13,13.5,0.0,18.9,1.05,ARMED,,16.5
1791267279585,28.566165,77.412331,18.0,CNG,14.97,14.9,2,1358,25.5,3.97,35.0,91.0,-3.91,-0.78,13.5,0.0,18.9,0.68,ARMED,,15.7
1791267280088,28.566123,77.412338,17.0,CNG,16.63,14.9,2,1257,25.5,3.46,35.0,91.0,-3.91,-0.78,13.7,0.0,17.8,-0.27,ARMED,,15.3
1791267280580,28.566123,77.412338,16.0,CNG,18.94,14.9,2,1212,25.5,2.67,35.0,91.0,-3.91,-0.78,13.7,0.0,17.0,-0.65,ARMED,,14.1
1791267281499,28.566083,77.412345,16.0,CNG,21.96,14.9,2,1174,22.7,2.23,32.0,91.0,5.47,-2.34,13.6,0.0,16.3,-0.90,ARMED,,14.1
1791267282029,28.566044,77.412352,15.0,CNG,21.44,18.4,2,1110,22.7,2.97,32.0,91.0,5.47,-2.34,13.6,4.8,15.1,-1.09,ARMED,,14.1
1791267282550,28.566044,77.412352,15.0,CNG,21.50,18.4,2,1116,22.7,2.84,32.0,91.0,5.47,-2.34,13.7,4.8,14.8,-0.95,ARMED,,14.1
1791267283556,28.566008,77.412359,15.0,CNG,23.47,18.4,2,1099,22.7,2.24,33.0,91.0,0.78,-3.13,13.8,4.8,14.6,-0.80,ARMED,,14.1
1791267284067,28.565973,77.412363,15.0,CNG,23.62,18.4,2,1088,22.7,2.57,33.0,91.0,0.78,-3.13,13.7,4.8,14.4,-0.43,ARMED,,13.7
1791267284546,28.565973,77.412363,14.0,CNG,26.22,18.4,2,1066,22.7,1.79,33.0,91.0,0.78,-3.13,13.7,4.8,14.3,-0.40,ARMED,,13.7
1791267285423,28.565937,77.412371,14.0,CNG,28.25,18.4,2,1060,23.1,1.78,34.0,90.0,1.56,-3.13,13.5,4.8,14.2,-0.37,ARMED,,13.7
1791267285916,28.565903,77.412376,14.0,CNG,26.48,18.8,2,1042,23.1,2.37,34.0,90.0,1.56,-3.13,13.5,5.4,14.0,-0.34,ARMED,,13.7
1791267286438,28.565903,77.412376,14.0,CNG,24.47,19.6,2,1030,23.1,2.61,34.0,90.0,1.56,-3.13,13.6,6.4,13.9,-0.33,ARMED,,13.7
1791267287315,28.565869,77.412381,14.0,CNG,21.28,19.6,2,1034,29.0,3.22,37.0,90.0,0.00,-3.13,13.6,6.4,13.8,-0.29,ARMED,,14.5
1791267287848,28.565833,77.412385,14.0,CNG,19.65,19.6,2,1043,29.0,3.25,37.0,90.0,0.00,-3.13,13.8,6.4,13.9,-0.09,ARMED,,14.5
1791267288371,28.565833,77.412385,14.0,CNG,18.75,19.6,2,1062,29.0,3.26,37.0,90.0,0.00,-3.13,13.8,6.4,14.1,0.05,ARMED,,14.5
1791267289271,28.565798,77.412390,14.0,CNG,17.61,19.6,2,1069,39.2,3.55,49.0,90.0,0.78,-3.13,13.3,6.4,14.2,0.09,ARMED,,16.1
1791267289770,28.565798,77.412390,14.0,CNG,17.06,19.6,2,1083,39.2,3.51,49.0,90.0,0.78,-3.13,13.3,6.4,14.5,0.13,ARMED,,16.1
1791267290287,28.565762,77.412395,15.0,CNG,15.64,19.6,2,1091,39.2,4.38,49.0,90.0,0.78,-3.13,13.5,6.4,14.6,0.15,ARMED,,16.5
1791267291159,28.565725,77.412402,15.0,CNG,14.27,19.2,2,1106,42.0,4.83,46.0,90.0,0.78,-2.34,13.5,5.9,14.8,0.18,ARMED,,16.9
1791267291674,28.565725,77.412402,15.0,CNG,15.09,14.9,2,1078,42.0,3.72,46.0,90.0,0.78,-2.34,13.6,0.0,14.7,0.03,ARMED,,15.3
1791267292156,28.565688,77.412410,15.0,CNG,15.88,14.9,2,1071,42.0,3.56,46.0,90.0,0.78,-2.34,13.6,0.0,14.6,-0.01,ARMED,,15.3
1791267293081,28.565653,77.412418,14.0,CNG,17.61,14.9,2,1060,33.7,2.69,43.0,90.0,-1.56,-0.78,13.5,0.0,14.4,-0.04,ARMED,,15.3
1791267293608,28.565653,77.412418,12.0,CNG,16.14,14.9,2,900,33.7,3.50,43.0,90.0,-1.56,-0.78,13.5,0.0,12.8,-0.93,ARMED,,14.9
1791267294128,28.565624,77.412423,11.0,CNG,15.55,16.5,2,854,33.7,3.08,43.0,90.0,-1.56,-0.78,13.6,2.1,12.0,-1.17,ARMED,,15.3
1791267294993,28.565596,77.412426,11.0,CNG,12.20,21.2,2,847,58.0,5.04,76.0,90.0,4.69,-3.13,13.6,8.6,11.4,-1.17,ARMED,,17.6
1791267295508,28.565596,77.412426,12.0,CNG,10.59,20.4,2,901,58.0,5.55,76.0,90.0,4.69,-3.13,13.7,7.5,11.5,-0.50,ARMED,,18.0
1791267295994,28.565567,77.412423,13.0,CNG,10.43,20.4,2,943,58.0,5.20,76.0,90.0,4.69,-3.13,13.7,7.5,11.9,-0.10,ARMED,,17.3
1791267296858,28.565540,77.412410,13.0,CNG,10.41,20.4,2,978,54.9,5.12,57.0,90.0,-0.78,-3.13,13.5,7.5,12.5,0.25,ARMED,,17.3
1791267297350,28.565540,77.412410,14.0,CNG,14.09,20.0,2,1008,54.9,2.12,57.0,90.0,-0.78,-3.13,13.5,7.0,13.3,0.59,ARMED,,14.5
1791267297859,28.565514,77.412389,13.0,CNG,15.40,20.0,2,1007,54.9,2.96,57.0,90.0,-0.78,-3.13,13.6,7.0,13.6,0.59,ARMED,,14.9
1791267298834,28.565491,77.412360,13.0,CNG,15.68,20.0,2,1012,31.8,3.30,40.0,90.0,-0.78,-3.13,13.6,7.0,13.7,0.55,ARMED,,15.3
1791267299326,28.565491,77.412360,14.0,CNG,15.74,20.0,2,1024,31.8,3.61,40.0,90.0,-0.78,-3.13,13.6,7.0,13.9,0.37,ARMED,,15.3
1791267299810,28.565491,77.412360,14.0,CNG,17.40,20.0,2,1043,31.8,2.79,40.0,90.0,-0.78,-3.13,13.6,7.0,14.1,0.35,ARMED,,15.3
1791267300748,28.565472,77.412327,14.0,CNG,16.62,20.0,2,1061,30.6,3.67,39.0,90.0,0.00,-3.13,13.7,7.0,14.3,0.35,ARMED,,15.3
1791267301273,28.565453,77.412291,15.0,CNG,18.49,20.0,2,1133,30.6,2.80,39.0,90.0,0.00,-3.13,13.7,7.0,15.0,0.60,ARMED,,15.3
1791267301777,28.565453,77.412291,16.0,CNG,18.94,20.0,2,1165,30.6,3.34,39.0,90.0,0.00,-3.13,13.7,7.0,15.5,0.65,ARMED,,15.3
1791267302842,28.565422,77.412206,16.0,CNG,15.34,20.0,2,1205,36.1,5.40,46.0,90.0,1.56,-3.13,13.5,7.0,16.0,0.70,ARMED,,17.6
1791267303414,28.565422,77.412206,17.0,CNG,15.70,20.0,2,1262,36.1,4.28,46.0,90.0,1.56,-3.13,13.7,7.0,16.9,0.75,ARMED,,16.9
1791267303901,28.565409,77.412158,17.0,CNG,15.56,20.0,2,1296,36.1,4.52,46.0,90.0,1.56,-3.13,13.7,7.0,17.4,0.76,ARMED,,17.3
1791267304816,28.565409,77.412158,18.0,CNG,15.01,20.0,2,1319,36.5,5.14,48.0,90.0,-1.56,-3.13,13.6,7.0,17.7,0.76,ARMED,,17.3
1791267305305,28.565399,77.412109,18.0,CNG,14.89,20.0,2,1374,36.5,5.00,48.0,90.0,-1.56,-3.13,13.6,7.0,18.4,0.76,ARMED,,17.3
1791267305819,28.565399,77.412109,19.0,CNG,15.20,18.8,2,1396,36.5,4.96,48.0,90.0,-1.56,-3.13,13.6,5.4,18.8,0.75,ARMED,,17.3
1791267306816,28.565392,77.412055,19.0,CNG,17.48,14.9,2,1372,24.3,3.49,34.0,90.0,-1.56,-1.56,13.6,0.0,18.8,0.51,ARMED,,15.7
1791267307396,28.565387,77.412003,18.0,CNG,18.43,14.9,2,1372,24.3,3.66,34.0,90.0,-1.56,-1.56,13.7,0.0,18.7,0.16,ARMED,,15.7
1791267307868,28.565381,77.411954,18.0,CNG,18.83,18.8,2,1338,24.3,3.78,34.0,90.0,-1.56,-1.56,13.7,5.4,18.4,-0.07,ARMED,,15.7
1791267308788,28.565381,77.411954,18.0,CNG,19.41,18.4,2,1347,27.5,3.61,35.0,90.0,-1.56,-2.34,13.6,4.8,18.2,-0.11,ARMED,,16.5
1791267309262,28.565381,77.411904,18.0,CNG,19.83,16.5,2,1319,27.5,3.59,35.0,90.0,-1.56,-2.34,13.6,2.1,17.8,-0.26,ARMED,,15.7
1791267309767,28.565381,77.411904,18.0,CNG,20.45,16.9,2,1300,27.5,3.43,35.0,90.0,-1.56,-2.34,13.6,2.7,17.6,-0.30,ARMED,,15.3
1791267310639,28.565380,77.411854,17.0,CNG,19.49,16.5,2,1291,25.5,3.83,34.0,90.0,-0.78,-1.56,13.6,2.1,17.4,-0.31,ARMED,,15.3
1791267311142,28.565382,77.411808,17.0,CNG,16.33,20.0,2,1278,25.5,5.33,34.0,90.0,-0.78,-1.56,13.3,7.0,17.1,-0.31,ARMED,,17.6
1791267311654,28.565382,77.411808,17.0,CNG,20.43,18.4,2,1251,25.5,2.09,34.0,90.0,-0.78,-1.56,13.3,4.8,16.9,-0.34,ARMED,,14.1
1791267312509,28.565378,77.411768,17.0,CNG,20.87,18.0,2,1248,22.0,3.22,34.0,90.0,0.00,-3.13,13.8,4.3,16.7,-0.33,ARMED,,14.5
1791267312996,28.565379,77.411723,17.0,CNG,23.83,18.8,2,1278,22.0,2.29,34.0,90.0,0.00,-3.13,13.8,5.4,16.9,-0.07,ARMED,,14.5
1791267313521,28.565379,77.411723,17.0,CNG,23.63,18.8,2,1276,22.0,2.98,34.0,90.0,0.00,-3.13,13.7,5.4,17.0,-0.03,ARMED,,14.5
1791267314370,28.565379,77.411676,17.0,CNG,25.12,18.8,2,1299,21.2,2.50,33.0,90.0,-0.78,-3.13,13.7,5.4,17.2,0.09,ARMED,,14.5
1791267315022,28.565377,77.411628,17.0,CNG,27.11,21.2,2,1210,21.2,2.26,33.0,90.0,-0.78,-3.13,13.4,8.6,16.6,-0.30,ARMED,,14.5
1791267315702,28.565377,77.411628,17.0,CNG,28.22,22.0,2,1302,21.2,2.31,33.0,90.0,-0.78,-3.13,13.4,9.6,17.0,0.09,ARMED,,14.9
1791267316799,28.565375,77.411581,17.0,CNG,18.98,22.4,2,1321,44.7,5.46,56.0,90.0,-0.78,-3.13,13.6,10.2,17.4,0.29,ARMED,,18.0
1791267317482,28.565372,77.411531,18.0,CNG,15.00,22.7,2,1384,44.7,6.36,56.0,90.0,-0.78,-3.13,13.6,10.7,18.3,0.60,ARMED,,18.4
1791267318146,28.565369,77.411476,20.0,CNG,14.58,22.0,2,1454,44.7,5.81,56.0,90.0,-0.78,-3.13,13.8,9.6,19.2,0.85,ARMED,,18.0
1791267319227,28.565364,77.411418,20.0,CNG,13.10,23.1,2,1520,47.5,7.12,58.0,90.0,1.56,-2.34,13.8,11.2,20.1,1.07,ARMED,,19.2
1791267319952,28.565361,77.411356,22.0,CNG,11.78,22.7,2,1627,47.5,8.63,58.0,90.0,1.56,-2.34,13.6,10.7,21.7,1.28,ARMED,,20.0
1791267320655,28.565361,77.411356,23.0,CNG,11.54,22.7,2,1705,47.5,8.37,58.0,90.0,1.56,-2.34,13.6,10.7,22.8,1.33,ARMED,,20.0
1791267321798,28.565358,77.411293,24.0,CNG,11.51,22.7,2,1805,44.7,8.56,54.0,90.0,0.00,-2.34,13.7,10.7,23.9,1.53,ARMED,,20.0
1791267322446,28.565353,77.411224,26.0,CNG,11.73,23.1,2,1920,44.7,8.82,54.0,90.0,0.00,-2.34,13.7,11.2,25.8,1.54,ARMED,,20.4
1791267323141,28.565352,77.411147,27.0,CNG,12.00,22.7,2,1977,44.7,8.93,54.0,90.0,0.00,-2.34,13.7,10.7,26.7,1.49,ARMED,,20.0
1791267324509,28.565352,77.411065,27.0,CNG,12.07,23.1,2,2043,38.8,9.06,53.0,90.0,0.00,-2.34,13.5,11.2,27.6,1.43,ARMED,,20.4
1791267325010,28.565348,77.410983,29.0,CNG,13.83,14.9,2,2137,38.8,6.90,53.0,90.0,0.00,-2.34,13.6,0.0,28.9,1.22,ARMED,,18.8
1791267325505,28.565348,77.410983,29.0,CNG,18.34,16.9,,1788,38.8,3.51,53.0,90.0,0.00,-2.34,13.6,2.7,29.0,0.00,ARMED,,16.1
1791267326400,28.565343,77.410901,29.0,CNG,18.60,22.7,3,1547,40.0,6.24,50.0,90.0,-1.56,-3.13,13.6,10.7,29.0,0.00,ARMED,,18.8
1791267326886,28.565339,77.410820,30.0,CNG,17.71,23.5,3,1529,40.0,7.39,50.0,90.0,-1.56,-3.13,13.6,11.8,29.7,0.38,ARMED,,19.2
1791267327428,28.565339,77.410820,31.0,CNG,17.92,23.5,3,1576,40.0,6.96,50.0,90.0,-1.56,-3.13,13.8,11.8,30.4,0.71,ARMED,,19.2
1791267328286,28.565336,77.410732,31.0,CNG,17.40,23.5,3,1612,41.2,7.58,51.0,90.0,0.78,-3.13,13.8,11.8,30.9,0.74,ARMED,,19.2
1791267328828,28.565336,77.410732,32.0,CNG,17.72,23.5,3,1662,41.2,7.19,51.0,90.0,0.78,-3.13,13.5,11.8,31.8,0.92,ARMED,,19.2
1791267329307,28.565334,77.410645,33.0,CNG,17.86,23.5,3,1704,41.2,7.47,51.0,90.0,0.78,-3.13,13.5,11.8,32.5,1.06,ARMED,,19.2
1791267330194,28.565327,77.410550,34.0,CNG,18.46,23.5,3,1731,38.4,7.17,49.0,90.0,-0.78,-3.13,13.7,11.8,33.2,1.10,ARMED,,19.2
1791267330685,28.565327,77.410550,35.0,CNG,18.94,23.5,3,1784,38.4,7.28,49.0,90.0,-0.78,-3.13,13.7,11.8,34.4,1.15,ARMED,,19.2
1791267331211,28.565321,77.410453,35.0,CNG,19.69,23.5,3,1824,38.4,6.85,49.0,90.0,-0.78,-3.13,13.7,11.8,35.1,1.19,ARMED,,19.2
1791267332039,28.565316,77.410354,36.0,CNG,17.88,23.5,3,1846,43.1,9.31,52.0,90.0,1.56,-2.34,13.7,11.8,35.7,1.19,ARMED,,20.4
1791267332590,28.565316,77.410354,37.0,CNG,17.71,23.1,3,1892,43.1,8.65,52.0,90.0,1.56,-2.34,13.6,11.2,36.6,1.17,ARMED,,20.0
1791267333121,28.565311,77.410251,37.0,CNG,17.16,22.7,3,1906,43.1,9.20,52.0,90.0,1.56,-2.34,13.6,10.7,37.1,1.04,ARMED,,20.4
1791267334081,28.565305,77.410145,37.0,CNG,17.33,23.1,3,1899,42.4,8.60,78.0,90.0,1.56,-2.34,13.6,11.2,37.2,0.80,ARMED,,20.4
1791267334576,28.565305,77.410145,39.0,CNG,7.01,58.4,3,2000,42.4,41.80,78.0,90.0,1.56,-2.34,13.6,59.4,38.5,1.10,ARMED,,53.7
1791267335279,28.565298,77.410031,41.0,CNG,11.06,53.7,3,2109,42.4,3.14,78.0,90.0,1.56,-2.34,13.6,53.0,40.2,1.65,ARMED,,55.3
1791267336130,28.565294,77.409910,43.0,CNG,5.75,52.9,3,2222,91.4,50.47,62.0,90.0,0.00,-1.56,13.6,51.9,42.0,2.24,ARMED,,56.9
1791267336823,28.565294,77.409910,45.0,CNG,7.13,42.7,4,1670,91.4,17.38,62.0,90.0,0.00,-1.56,13.5,38.0,45.0,0.00,ARMED,,23.9
1791267337352,28.565289,77.409787,46.0,CNG,7.45,48.2,4,1759,91.4,23.66,62.0,90.0,0.00,-1.56,13.5,45.5,45.5,0.30,ARMED,,49.0
1791267338393,28.565283,77.409656,47.0,CNG,9.70,50.2,4,1836,94.9,11.46,97.0,90.0,-1.56,-2.34,13.8,48.2,46.4,0.73,ARMED,,49.8
1791267339033,28.565276,77.409517,51.0,CNG,7.58,20.8,4,1974,94.9,35.41,97.0,91.0,-1.56,-2.34,13.8,8.0,49.9,2.26,ARMED,,48.2
1791267339541,28.565276,77.409517,51.0,CNG,11.82,14.9,4,2040,94.9,3.91,97.0,91.0,-1.56,-2.34,13.7,0.0,51.8,2.71,ARMED,,15.7
1791267340473,28.565269,77.409374,51.0,CNG,15.20,24.3,5,1544,47.1,8.09,55.0,91.0,-2.34,-3.13,13.7,12.8,51.0,0.00,ARMED,,19.6
1791267340979,28.565262,77.409229,52.0,CNG,18.76,23.9,5,1538,47.1,7.51,55.0,91.0,-2.34,-3.13,13.6,12.3,51.7,0.38,ARMED,,19.6
1791267341474,28.565262,77.409229,52.0,CNG,23.35,23.5,5,1542,47.1,5.86,55.0,91.0,-2.34,-3.13,13.6,11.8,51.9,0.40,ARMED,,18.4
1791267342408,28.565257,77.409083,52.0,CNG,25.78,23.5,5,1550,41.2,6.97,52.0,91.0,-2.34,-3.13,13.6,11.8,52.1,0.38,ARMED,,18.8
1791267342916,28.565252,77.408936,53.0,CNG,27.95,23.5,5,1563,41.2,6.80,52.0,91.0,-2.34,-3.13,13.6,11.8,52.8,0.60,ARMED,,19.2
1791267343426,28.565252,77.408936,53.0,CNG,28.20,23.5,5,1574,41.2,7.58,52.0,91.0,-2.34,-3.13,13.3,11.8,53.2,0.64,ARMED,,19.2
1791267344475,28.565247,77.408786,53.0,CNG,28.79,23.5,5,1575,41.6,7.29,52.0,91.0,-1.56,-3.13,13.8,11.8,53.5,0.61,ARMED,,19.2
1791267344972,28.565240,77.408635,54.0,CNG,29.05,23.5,5,1590,41.6,7.50,52.0,91.0,-1.56,-3.13,13.7,11.8,54.0,0.57,ARMED,,19.2
1791267345467,28.565240,77.408635,54.0,CNG,27.40,23.5,5,1610,41.6,8.73,52.0,91.0,-1.56,-3.13,13.7,11.8,54.4,0.61,ARMED,,20.0
1791267346398,28.565234,77.408485,54.0,CNG,26.52,23.5,5,1609,49.4,8.72,58.0,92.0,0.00,-2.34,13.6,11.8,54.6,0.59,ARMED,,20.0
1791267346876,28.565227,77.408333,54.0,CNG,26.32,23.5,5,1626,49.4,8.48,58.0,92.0,0.00,-2.34,13.6,11.8,55.1,0.56,ARMED,,20.4
1791267347378,28.565227,77.408333,55.0,CNG,26.24,23.5,5,1625,49.4,8.60,58.0,92.0,0.00,-2.34,13.6,11.8,55.2,0.51,ARMED,,20.4
1791267348291,28.565221,77.408177,55.0,CNG,25.49,23.1,5,1641,49.8,9.19,58.0,92.0,-0.78,-2.34,13.6,11.2,55.5,0.52,ARMED,,20.4
1791267348823,28.565221,77.408177,55.0,CNG,25.19,23.1,5,1641,49.8,9.08,58.0,92.0,-0.78,-2.34,13.5,11.2,55.6,0.35,ARMED,,20.4
1791267349307,28.565215,77.408022,55.0,CNG,31.43,20.8,5,1653,49.8,4.51,58.0,92.0,-0.78,-2.34,13.5,8.0,55.8,0.36,ARMED,,16.5
1791267350198,28.565211,77.407866,55.0,CNG,32.55,21.2,5,1645,35.3,6.54,48.0,92.0,-1.56,-3.13,13.6,8.6,55.8,0.23,ARMED,,18.4
1791267350704,28.565211,77.407866,55.0,CNG,34.51,20.4,5,1646,35.3,5.92,48.0,92.0,-1.56,-3.13,13.6,7.5,55.7,0.06,ARMED,,18.0
1791267351248,28.565211,77.407708,55.0,CNG,35.47,20.4,5,1635,35.3,6.08,48.0,92.0,-1.56,-3.13,13.7,7.5,55.5,-0.10,CANDIDATE,55.5,18.0
1791267352125,28.565206,77.407553,55.0,CNG,35.89,15.3,5,1625,31.4,6.15,32.0,92.0,0.00,0.00,13.7,0.5,55.1,-0.26,CANDIDATE,55.1,18.0
1791267352650,28.565206,77.407553,54.0,CNG,46.91,14.9,,1197,31.4,2.50,32.0,92.0,0.00,0.00,13.3,0.0,54.0,0.00,ARMED,,14.1
1791267353161,28.565203,77.407399,50.0,CNG,64.98,14.9,,811,31.4,1.16,32.0,92.0,0.00,0.00,13.3,0.0,50.0,0.00,ARMED,,12.9
1791267354080,28.565190,77.407270,46.0,CNG,73.83,14.9,,769,22.4,1.95,32.0,92.0,0.00,-1.56,13.7,0.0,46.0,0.00,ARMED,,12.5
1791267354558,28.565190,77.407270,39.0,CNG,90.95,14.9,,714,22.4,0.97,32.0,92.0,0.00,-1.56,13.7,0.0,39.0,0.00,ARMED,,12.5
1791267355114,28.565179,77.407166,35.0,CNG,82.97,14.9,,710,22.4,2.02,32.0,92.0,0.00,-1.56,13.7,0.0,35.0,0.00,ARMED,,12.5
1791267355965,28.565170,77.407077,32.0,CNG,76.47,14.9,,725,22.7,1.97,34.0,92.0,2.34,-1.56,13.7,0.0,32.0,0.00,ARMED,,12.5
1791267356471,28.565170,77.407077,31.0,CNG,83.96,14.9,,722,22.7,1.24,34.0,92.0,2.34,-1.56,13.5,0.0,31.0,0.00,ARMED,,12.5
1791267356959,28.565164,77.406988,31.0,CNG,81.15,14.9,,724,22.7,1.65,34.0,92.0,2.34,-1.56,13.5,0.0,31.0,0.00,ARMED,,12.5
1791267357858,28.565159,77.406901,31.0,CNG,91.48,14.9,,708,22.4,1.10,32.0,92.0,3.13,-0.78,13.7,0.0,31.0,0.00,ARMED,,12.5
1791267358351,28.565159,77.406901,30.0,CNG,84.29,14.9,,726,22.4,1.64,32.0,92.0,3.13,-0.78,13.7,0.0,30.0,0.00,ARMED,,12.5
1791267358929,28.565159,77.406819,30.0,CNG,25.51,31.0,,774,22.4,10.08,32.0,92.0,3.13,-0.78,13.7,21.9,30.0,0.00,ARMED,,21.6
1791267359803,28.565159,77.406819,30.0,CNG,13.05,34.1,,1787,85.1,16.48,89.0,92.0,1.56,-2.34,13.7,26.2,30.0,0.00,ARMED,,27.5
1791267360330,28.565159,77.406730,34.0,CNG,11.67,50.6,3,1737,85.1,13.60,89.0,92.0,1.56,-2.34,13.4,48.7,34.0,0.00,ARMED,,40.8
1791267360974,28.565159,77.406632,36.0,CNG,12.12,54.1,3,1835,85.1,11.53,89.0,92.0,1.56,-2.34,13.4,53.5,35.2,0.68,ARMED,,52.5
1791267361856,28.565160,77.406526,38.0,CNG,16.47,14.9,3,1902,24.7,4.94,58.0,92.0,-7.03,-3.13,13.4,0.0,36.6,1.37,ARMED,,17.6
1791267362380,28.565160,77.406526,39.0,CNG,17.76,49.4,3,2020,24.7,8.03,58.0,91.0,-7.03,-3.13,13.4,47.1,38.6,1.80,ARMED,,51.4
1791267362999,28.565161,77.406412,41.0,CNG,21.73,49.0,3,2131,24.7,5.39,58.0,91.0,-7.03,-3.13,13.6,46.5,40.5,2.25,ARMED,,52.2
1791267364037,28.565161,77.406287,43.0,CNG,11.61,47.8,3,2220,90.6,24.58,97.0,91.0,0.00,-1.56,13.7,44.9,42.3,2.61,ARMED,,52.5
1791267364659,28.565161,77.406287,48.0,CNG,15.95,14.9,3,2424,90.6,6.52,97.0,91.0,0.00,-1.56,13.5,0.0,46.5,3.32,ARMED,,18.4
1791267365144,28.565154,77.406152,48.0,CNG,22.87,31.4,4,1799,90.6,3.53,97.0,91.0,0.00,-1.56,13.5,22.5,48.0,0.00,ARMED,,15.7
1791267366075,28.565147,77.406016,48.0,CNG,16.80,42.4,4,2046,92.9,16.07,97.0,91.0,0.00,-2.34,13.5,37.5,48.0,0.00,ARMED,,47.5
1791267366699,28.565147,77.406016,51.0,CNG,12.48,45.5,4,1977,92.9,22.56,97.0,91.0,0.00,-2.34,13.5,41.7,50.2,1.19,ARMED,,47.5
1791267367209,28.565139,77.405872,52.0,CNG,9.02,45.5,4,2043,92.9,32.64,97.0,91.0,0.00,-2.34,13.3,41.7,51.3,1.54,ARMED,,48.2
1791267368248,28.565133,77.405722,54.0,CNG,12.67,14.9,4,2128,53.7,7.68,34.0,91.0,0.00,0.00,13.3,0.0,53.3,2.15,ARMED,,48.2
1791267368799,28.565133,77.405722,55.0,CNG,18.84,14.9,5,1650,53.7,3.78,34.0,91.0,0.00,0.00,13.7,0.0,55.0,0.00,ARMED,,15.3
1791267369295,28.565130,77.405568,54.0,CNG,24.49,21.2,5,1612,53.7,5.04,34.0,91.0,0.00,0.00,13.7,8.6,54.5,-0.28,ARMED,,16.9
1791267370163,28.565128,77.405416,54.0,CNG,29.12,21.6,5,1624,30.6,5.46,49.0,91.0,0.00,-3.13,13.6,9.1,54.2,-0.34,ARMED,,17.3
1791267370662,28.565128,77.405416,54.0,CNG,28.08,24.3,5,1621,30.6,8.28,49.0,91.0,0.00,-3.13,13.6,12.8,54.0,-0.32,ARMED,,19.6
1791267371226,28.565126,77.405261,54.0,CNG,28.72,23.9,5,1625,30.6,7.42,49.0,91.0,0.00,-3.13,13.6,12.3,53.9,-0.29,ARMED,,19.2
1791267372129,28.565124,77.405108,55.0,CNG,30.52,22.4,5,1639,36.5,6.69,47.0,90.0,-2.34,-3.13,13.6,10.2,54.1,-0.07,ARMED,,18.8
1791267372629,28.565124,77.405108,55.0,CNG,34.53,21.6,5,1638,36.5,5.24,47.0,90.0,-2.34,-3.13,13.6,9.1,54.4,0.11,ARMED,,17.6
1791267373122,28.565121,77.404953,55.0,CNG,35.31,22.0,5,1635,36.5,6.15,47.0,90.0,-2.34,-3.13,13.6,9.6,54.4,0.11,ARMED,,18.4
1791267374069,28.565117,77.404801,55.0,CNG,31.53,22.7,5,1631,43.5,8.27,52.0,90.0,-3.13,-3.13,13.6,10.7,54.4,0.08,CANDIDATE,54.4,19.6
1791267374692,28.565117,77.404801,55.0,CNG,30.00,22.7,5,1651,43.5,8.04,52.0,90.0,-3.13,-3.13,13.6,10.7,54.8,0.28,LOCKED,54.8,20.0
1791267375218,28.565111,77.404641,55.0,CNG,28.16,22.7,5,1635,43.5,8.71,52.0,90.0,-3.13,-3.13,13.6,10.7,54.7,0.11,LOCKED,54.8,20.0
1791267376068,28.565107,77.404485,56.0,CNG,27.97,22.7,5,1648,46.3,8.26,55.0,90.0,-0.78,-3.13,13.6,10.7,54.8,0.13,LOCKED,54.8,20.0
1791267376574,28.565107,77.404485,56.0,CNG,27.17,22.7,5,1651,46.3,8.79,55.0,90.0,-0.78,-3.13,13.5,10.7,55.0,0.15,LOCKED,54.8,20.0
1791267377057,28.565102,77.404327,56.0,CNG,26.67,22.7,5,1667,46.3,8.82,55.0,90.0,-0.78,-3.13,13.5,10.7,55.4,0.31,LOCKED,54.8,20.0
1791267377943,28.565098,77.404169,56.0,CNG,26.31,22.7,5,1674,45.9,8.87,53.0,90.0,-0.78,-3.13,13.6,10.7,55.7,0.36,LOCKED,54.8,20.0
1791267378443,28.565098,77.404169,56.0,CNG,26.56,22.7,5,1686,45.9,8.49,53.0,90.0,-0.78,-3.13,13.6,10.7,56.2,0.41,LOCKED,54.8,20.0
1791267378974,28.565095,77.404011,57.0,CNG,27.08,22.7,5,1694,45.9,8.36,53.0,90.0,-0.78,-3.13,13.7,10.7,56.5,0.43,LOCKED,54.8,20.0
1791267379889,28.565090,77.403848,57.0,CNG,28.02,22.4,5,1696,43.5,7.88,54.0,90.0,0.00,-3.13,13.7,10.2,56.7,0.42,LOCKED,54.8,19.6
1791267380413,28.565090,77.403848,57.0,CNG,31.43,16.5,5,1670,43.5,6.07,54.0,90.0,0.00,-3.13,13.6,2.1,56.2,-0.04,LOCKED,54.8,18.0
1791267380911,28.565085,77.403688,57.0,CNG,40.40,18.0,5,1680,43.5,3.31,54.0,90.0,0.00,-3.13,13.6,4.3,56.2,-0.04,LOCKED,54.8,15.7
1791267381802,28.565085,77.403688,57.0,CNG,47.83,18.4,5,1671,19.6,3.53,31.0,90.0,0.00,-3.13,13.7,4.8,56.1,-0.08,LOCKED,54.8,15.7
1791267382314,28.565080,77.403529,56.0,CNG,51.47,18.4,5,1663,19.6,3.93,31.0,90.0,0.00,-3.13,13.7,4.8,55.8,-0.14,LOCKED,54.8,15.7
1791267382829,28.565080,77.403529,56.0,CNG,58.16,18.4,5,1643,19.6,3.16,31.0,90.0,0.00,-3.13,13.5,4.8,55.4,-0.32,LOCKED,54.8,15.7
1791267383830,28.565075,77.403372,55.0,CNG,63.65,18.8,5,1661,19.6,3.02,31.0,90.0,-0.78,-3.13,13.8,5.4,55.4,-0.26,LOCKED,54.8,15.7
1791267384353,28.565075,77.403219,55.0,CNG,61.93,18.8,5,1646,19.6,3.78,31.0,90.0,-0.78,-3.13,13.8,5.4,55.1,-0.27,LOCKED,54.8,15.7
1791267384859,28.565075,77.403060,55.0,CNG,64.32,18.8,5,1620,19.6,3.29,31.0,90.0,-0.78,-3.13,13.8,5.4,54.6,-0.48,LOCKED,54.8,15.3
1791267385764,28.565075,77.403060,55.0,CNG,65.10,25.1,5,1628,36.9,3.39,51.0,90.0,1.56,-3.13,13.8,13.9,54.5,-0.46,LOCKED,54.8,15.7
1791267386262,28.565071,77.402907,55.0,CNG,47.85,22.0,5,1638,36.9,6.57,51.0,90.0,1.56,-3.13,13.8,9.6,54.6,-0.14,LOCKED,54.8,18.4
1791267386816,28.565071,77.402907,55.0,CNG,42.17,21.6,5,1621,36.9,6.28,51.0,90.0,1.56,-3.13,13.6,9.1,54.4,-0.17,LOCKED,54.8,18.4
1791267387700,28.565066,77.402758,55.0,CNG,42.88,14.9,5,1616,26.3,5.11,31.0,90.0,-0.78,-3.13,13.6,0.0,54.3,-0.19,LOCKED,54.8,17.3
1791267388219,28.565058,77.402606,54.0,CNG,48.21,14.9,5,1602,26.3,3.71,31.0,90.0,-0.78,-3.13,13.6,0.0,53.9,-0.26,LOCKED,54.8,15.7
1791267388705,28.565058,77.402606,52.0,CNG,51.26,14.9,5,1540,26.3,3.73,31.0,90.0,-0.78,-3.13,13.6,0.0,52.8,-0.85,LOCKED,54.8,15.3
1791267389697,28.565051,77.402465,49.0,CNG,57.80,14.9,5,1434,20.8,2.74,34.0,89.0,0.00,0.00,13.7,0.0,50.5,-2.00,LOCKED,54.8,14.9
1791267390220,28.565047,77.402336,44.0,CNG,60.27,14.9,5,1297,20.8,2.76,34.0,89.0,0.00,0.00,13.7,0.0,44.9,-3.93,LOCKED,54.8,15.3
1791267390742,28.565047,77.402336,44.0,CNG,63.00,14.9,,1083,20.8,2.64,34.0,89.0,0.00,0.00,13.6,0.0,44.0,0.00,PAUSED,54.8,15.3
1791267391628,28.565042,77.402212,44.0,CNG,58.75,14.9,,1020,32.9,3.39,43.0,89.0,-2.34,0.00,13.6,0.0,44.0,0.00,PAUSED,54.8,15.3
1791267392148,28.565038,77.402088,43.0,CNG,63.68,14.9,,851,32.9,2.39,43.0,89.0,-2.34,0.00,13.6,0.0,43.0,0.00,PAUSED,54.8,14.9
1791267392638,28.565038,77.402088,42.0,CNG,59.01,14.9,,828,32.9,3.25,43.0,89.0,-2.34,0.00,13.6,0.0,42.0,0.00,PAUSED,54.8,14.9
1791267393587,28.565036,77.401971,41.0,CNG,55.61,14.9,,824,37.6,3.29,48.0,89.0,-3.13,0.00,13.4,0.0,41.0,0.00,PAUSED,54.8,14.9
1791267394092,28.565031,77.401857,37.0,CNG,52.36,14.9,,820,37.6,3.18,48.0,89.0,-3.13,0.00,13.4,0.0,37.0,0.00,PAUSED,54.8,14.9
1791267394648,28.565031,77.401857,32.0,CNG,46.83,14.9,,826,37.6,3.35,48.0,89.0,-3.13,0.00,13.5,0.0,32.0,0.00,PAUSED,54.8,14.9
1791267395507,28.565029,77.401769,29.0,CNG,47.81,14.9,5,840,36.9,2.38,47.0,89.0,-0.78,0.00,13.5,0.0,29.0,0.00,PAUSED,54.8,14.9
1791267396008,28.565024,77.401697,24.0,CNG,41.29,14.9,4,849,36.9,3.06,47.0,89.0,-0.78,0.00,13.6,0.0,24.0,0.00,ARMED,,14.9
1791267396546,28.565024,77.401697,22.0,CNG,35.25,14.9,4,852,36.9,3.31,47.0,89.0,-0.78,0.00,13.6,0.0,23.0,-0.60,ARMED,,14.9
1791267397432,28.565021,77.401637,20.0,CNG,37.56,14.9,4,821,23.1,1.89,35.0,90.0,3.13,0.00,13.5,0.0,21.5,-1.36,ARMED,,12.9
1791267397921,28.565016,77.401590,16.0,CNG,37.31,14.9,3,809,23.1,1.78,35.0,90.0,3.13,0.00,13.5,0.0,16.0,0.00,ARMED,,12.9
1791267398485,28.565016,77.401590,14.0,CNG,37.64,14.9,3,799,23.1,1.49,35.0,90.0,3.13,0.00,13.6,0.0,15.0,-0.59,ARMED,,12.9
1791267399349,28.565012,77.401553,14.0,CNG,33.12,14.9,3,777,22.0,2.13,32.0,90.0,8.59,0.00,13.6,0.0,14.4,-0.80,ARMED,,12.5
1791267399907,28.565010,77.401515,13.0,CNG,30.28,14.9,,759,22.0,2.04,32.0,90.0,8.59,0.00,13.7,0.0,13.0,0.00,ARMED,,12.5
1791267400406,28.565010,77.401515,12.0,CNG,30.54,14.9,,728,22.0,1.58,32.0,90.0,8.59,0.00,13.7,0.0,12.0,0.00,ARMED,,12.5
1791267401297,28.565010,77.401483,10.0,CNG,28.45,14.9,2,761,22.0,1.64,33.0,90.0,2.34,1.56,13.6,0.0,10.0,0.00,ARMED,,12.5
1791267401798,28.565010,77.401483,7.0,CNG,19.16,21.2,,723,22.0,2.78,33.0,90.0,2.34,1.56,13.6,8.6,7.0,0.00,ARMED,,14.1
1791267402336,28.565010,77.401464,8.0,CNG,8.90,14.9,,711,22.0,7.43,33.0,90.0,2.34,1.56,13.1,0.0,8.0,0.00,ARMED,,23.1
1791267403406,28.565007,77.401439,9.0,CNG,9.90,14.9,2,718,49.0,3.07,55.0,90.0,-9.38,1.56,13.6,0.0,9.0,0.00,ARMED,,14.5
1791267403963,28.565005,77.401417,8.0,CNG,10.60,16.5,,785,49.0,2.71,55.0,90.0,-9.38,1.56,13.1,2.1,8.0,0.00,ARMED,,14.9
1791267404485,28.565005,77.401417,9.0,CNG,6.13,26.7,,688,49.0,9.68,55.0,90.0,-9.38,1.56,13.1,16.1,9.0,0.00,ARMED,,21.6
1791267405350,28.565003,77.401392,9.0,CNG,4.74,29.4,,694,87.8,10.34,98.0,90.0,2.34,-3.13,13.6,19.8,9.0,0.00,ARMED,,34.1
1791267405848,28.565001,77.401361,12.0,CNG,5.12,34.5,2,952,87.8,8.72,98.0,90.0,2.34,-3.13,13.6,26.8,12.0,0.00,ARMED,,34.9
1791267406385,28.565001,77.401361,14.0,CNG,5.60,34.5,2,1084,87.8,9.18,98.0,90.0,2.34,-3.13,13.6,26.8,12.9,0.57,ARMED,,34.1
1791267407269,28.564997,77.401316,17.0,CNG,5.08,33.7,2,1299,91.8,14.99,93.0,90.0,3.13,-3.13,13.6,25.7,15.1,1.66,ARMED,,37.3
1791267407827,28.564997,77.401316,22.0,CNG,5.62,31.0,2,1641,91.8,14.39,93.0,90.0,3.13,-3.13,13.5,21.9,20.2,3.74,ARMED,,27.5
1791267408326,28.564996,77.401251,24.0,CNG,9.09,14.9,2,1739,91.8,3.69,93.0,90.0,3.13,-3.13,13.5,0.0,23.1,4.27,ARMED,,15.3
1791267409214,28.564993,77.401182,24.0,CNG,11.95,21.2,,1078,43.5,5.00,75.0,91.0,0.00,-3.13,13.5,8.6,24.0,0.00,ARMED,,17.6
1791267409751,28.564993,77.401182,24.0,CNG,10.33,26.7,3,1262,43.5,11.23,75.0,91.0,0.00,-3.13,13.5,16.1,24.0,0.00,ARMED,,23.5
1791267410260,28.564991,77.401114,26.0,CNG,9.99,26.7,3,1340,43.5,11.09,75.0,91.0,0.00,-3.13,13.7,16.1,24.9,0.57,ARMED,,23.5
1791267411131,28.564986,77.401037,27.0,CNG,10.02,19.6,3,1397,60.4,10.96,35.0,91.0,-7.03,-3.13,13.7,6.4,26.1,1.09,ARMED,,23.1
1791267411651,28.564986,77.401037,28.0,CNG,11.39,25.9,3,1403,60.4,8.21,35.0,91.0,-7.03,-3.13,13.3,15.0,27.7,1.45,ARMED,,19.6
1791267412141,28.564990,77.400955,28.0,CNG,11.21,25.9,3,1461,60.4,10.43,35.0,91.0,-7.03,-3.13,13.3,15.0,28.2,1.33,ARMED,,22.0
1791267413076,28.564989,77.400875,29.0,CNG,11.30,25.5,3,1491,64.7,10.36,71.0,91.0,0.00,-3.13,13.6,14.4,28.8,1.29,ARMED,,22.0
1791267413611,28.564989,77.400875,31.0,CNG,11.88,24.7,3,1583,64.7,9.94,71.0,91.0,0.00,-3.13,13.6,13.4,30.3,1.47,ARMED,,20.8
1791267414169,28.564987,77.400790,32.0,CNG,13.48,22.7,3,1616,64.7,7.91,71.0,91.0,0.00,-3.13,13.6,10.7,31.1,1.48,ARMED,,20.0
1791267415050,28.564985,77.400699,32.0,CNG,14.72,22.7,3,1650,45.5,7.73,52.0,91.0,-2.34,-3.13,13.6,10.7,31.9,1.46,ARMED,,19.6
1791267415582,28.564985,77.400699,33.0,CNG,15.51,14.9,3,1681,45.5,8.05,52.0,91.0,-2.34,-3.13,13.6,0.0,32.7,1.18,ARMED,,20.0
1791267416063,28.564984,77.400606,33.0,CNG,19.75,22.4,3,1693,45.5,4.13,52.0,91.0,-2.34,-3.13,13.6,10.2,33.0,1.02,ARMED,,16.9
1791267416993,28.564979,77.400512,33.0,CNG,17.92,22.4,3,1694,40.8,8.55,46.0,91.0,-0.78,-3.13,13.7,10.2,33.1,0.81,ARMED,,19.6
1791267417471,28.564979,77.400512,34.0,CNG,19.14,22.4,3,1725,40.8,6.55,46.0,91.0,-0.78,-3.13,13.7,10.2,33.5,0.61,ARMED,,18.4
1791267417968,28.564976,77.400419,34.0,CNG,20.66,22.4,3,1732,40.8,5.94,46.0,91.0,-0.78,-3.13,13.7,10.2,33.7,0.57,ARMED,,18.4
1791267418825,28.564976,77.400419,34.0,CNG,21.31,22.4,3,1763,32.5,6.22,46.0,90.0,0.00,-3.13,13.7,10.2,34.0,0.59,ARMED,,18.4
1791267419337,28.564973,77.400323,35.0,CNG,22.56,15.3,3,1786,32.5,5.80,46.0,90.0,0.00,-3.13,13.6,0.5,34.6,0.59,ARMED,,18.4
1791267419863,28.564969,77.400223,35.0,CNG,26.70,14.9,3,1724,32.5,3.92,46.0,90.0,0.00,-3.13,13.6,0.0,34.2,0.16,ARMED,,15.7
1791267420758,28.564969,77.400223,34.0,CNG,32.32,14.9,4,1240,23.1,2.92,33.0,90.0,0.00,0.78,13.4,0.0,34.0,0.00,ARMED,,14.5
1791267421254,28.564964,77.400132,28.0,CNG,38.44,14.9,5,788,23.1,1.94,33.0,90.0,0.00,0.78,13.4,0.0,28.0,0.00,ARMED,,12.2
1791267421766,28.564964,77.400132,23.0,CNG,36.61,14.9,,615,23.1,2.82,33.0,90.0,0.00,0.78,13.3,0.0,23.0,0.00,ARMED,,14.9
1791267422804,28.564961,77.400069,18.0,CNG,33.08,14.9,,614,33.3,2.73,37.0,90.0,-0.78,1.56,13.6,0.0,18.0,0.00,ARMED,,15.7
1791267423315,28.564957,77.400034,15.0,CNG,33.52,14.9,,693,33.3,1.77,37.0,90.0,-0.78,1.56,13.6,0.0,15.0,0.00,ARMED,,12.2
1791267423804,28.564957,77.400034,14.0,CNG,32.38,14.9,,693,33.3,1.90,37.0,90.0,-0.78,1.56,13.6,0.0,14.0,0.00,ARMED,,12.2
1791267424778,28.564955,77.399994,14.0,CNG,38.21,14.9,3,702,36.5,0.98,81.0,90.0,-7.81,-2.34,13.6,0.0,14.0,0.00,ARMED,,12.5
1791267425259,28.564955,77.399953,14.0,CNG,12.72,25.1,,1352,36.5,9.75,81.0,90.0,-7.81,-2.34,13.6,13.9,14.0,0.00,ARMED,,22.0
1791267425836,28.564953,77.399909,16.0,CNG,9.87,24.7,2,1191,36.5,8.77,81.0,90.0,-7.81,-2.34,13.6,13.4,16.0,0.00,ARMED,,22.0
1791267426784,28.564953,77.399909,18.0,CNG,8.80,24.3,2,1338,65.5,9.55,66.0,90.0,-0.78,-3.13,13.6,12.8,17.1,0.63,ARMED,,21.6
1791267427314,28.564950,77.399856,20.0,CNG,9.11,23.1,2,1462,65.5,8.57,66.0,90.0,-0.78,-3.13,13.5,11.2,19.2,1.54,ARMED,,20.0
1791267427819,28.564950,77.399856,21.0,CNG,9.61,23.1,2,1547,65.5,8.32,66.0,90.0,-0.78,-3.13,13.5,11.2,20.5,1.82,ARMED,,20.4
1791267428721,28.564949,77.399793,22.0,CNG,9.69,23.1,2,1616,49.8,9.16,57.0,90.0,-0.78,-3.13,13.7,11.2,21.7,1.97,ARMED,,20.4
1791267429231,28.564947,77.399729,23.0,CNG,9.80,23.1,2,1744,49.8,9.46,57.0,90.0,-0.78,-3.13,13.7,11.2,23.6,2.00,ARMED,,20.4
1791267429733,28.564947,77.399729,24.0,CNG,10.32,23.1,2,1806,49.8,8.83,57.0,90.0,-0.78,-3.13,13.6,11.2,24.5,1.99,ARMED,,20.4
1791267430575,28.564944,77.399664,25.0,CNG,10.89,23.1,2,1867,43.9,8.69,53.0,90.0,-0.78,-3.13,13.6,11.2,25.4,1.95,ARMED,,20.4
1791267431134,28.564943,77.399591,26.0,CNG,13.08,25.1,2,1926,43.9,5.91,53.0,90.0,-0.78,-3.13,13.7,13.9,26.4,1.54,ARMED,,17.6
1791267431640,28.564943,77.399591,26.0,CNG,11.08,25.1,2,1967,43.9,11.65,53.0,90.0,-0.78,-3.13,13.7,13.9,26.9,1.35,ARMED,,22.0
1791267432570,28.564938,77.399515,27.0,CNG,10.53,25.1,2,2010,49.8,11.21,58.0,90.0,0.78,-2.34,13.6,13.9,27.4,1.20,ARMED,,22.0
1791267433066,28.564935,77.399437,28.0,CNG,11.45,25.1,2,2127,49.8,8.79,58.0,90.0,0.78,-2.34,13.6,13.9,28.6,1.25,ARMED,,20.4
1791267433599,28.564935,77.399437,29.0,CNG,13.80,14.9,2,2193,49.8,6.15,58.0,90.0,0.78,-2.34,13.7,0.0,29.4,1.29,ARMED,,18.4
1791267434447,28.564936,77.399361,29.0,CNG,18.25,14.9,,1828,20.4,3.51,36.0,90.0,0.00,-3.13,13.7,0.0,29.0,0.00,ARMED,,16.1
1791267434961,28.564933,77.399278,29.0,CNG,20.07,21.2,3,1484,20.4,5.04,36.0,90.0,0.00,-3.13,13.8,8.6,29.0,0.00,ARMED,,16.9
1791267435439,28.564933,77.399278,29.0,CNG,20.22,22.0,3,1498,20.4,5.80,36.0,90.0,0.00,-3.13,13.8,9.6,29.0,0.00,ARMED,,17.6
1791267436387,28.564927,77.399196,30.0,CNG,20.21,22.0,3,1527,33.7,6.07,45.0,90.0,1.56,-3.13,13.6,9.6,29.4,0.27,ARMED,,18.0
1791267436862,28.564923,77.399110,30.0,CNG,20.10,22.0,3,1569,33.7,6.15,45.0,90.0,1.56,-3.13,13.6,9.6,29.9,0.33,ARMED,,18.0
1791267437402,28.564923,77.399110,31.0,CNG,21.15,22.0,3,1598,33.7,5.54,45.0,90.0,1.56,-3.13,13.6,9.6,30.5,0.59,ARMED,,18.0
1791267438272,28.564920,77.399024,32.0,CNG,22.24,22.0,3,1617,32.5,5.45,45.0,90.0,0.78,-3.13,13.6,9.6,31.1,0.76,ARMED,,18.0
1791267438797,28.564920,77.399024,32.0,CNG,21.79,22.0,3,1656,32.5,6.18,45.0,90.0,0.78,-3.13,13.7,9.6,32.0,0.83,ARMED,,18.0
1791267439325,28.564914,77.398936,33.0,CNG,21.80,22.0,3,1673,32.5,6.18,45.0,90.0,0.78,-3.13,13.7,9.6,32.5,0.84,ARMED,,18.0
1791267440256,28.564914,77.398845,33.0,CNG,20.43,22.0,3,1683,38.0,7.21,50.0,90.0,-1.56,-3.13,13.5,9.6,32.8,0.81,ARMED,,18.8
1791267440760,28.564914,77.398845,33.0,CNG,19.26,22.0,3,1709,38.0,7.59,50.0,90.0,-1.56,-3.13,13.5,9.6,33.3,0.74,ARMED,,19.2
1791267441297,28.564912,77.398747,34.0,CNG,18.90,22.0,3,1725,38.0,7.55,50.0,90.0,-1.56,-3.13,13.6,9.6,33.6,0.72,ARMED,,19.6
1791267442332,28.564909,77.398650,34.0,CNG,18.56,22.0,3,1760,39.6,7.69,51.0,90.0,0.78,-3.13,13.7,9.6,34.1,0.75,ARMED,,19.6
1791267442857,28.564903,77.398560,35.0,CNG,18.65,22.0,3,1782,39.6,7.61,51.0,90.0,0.78,-3.13,13.7,9.6,34.7,0.70,ARMED,,19.6
1791267443401,28.564903,77.398560,35.0,CNG,18.83,22.0,3,1822,39.6,7.49,51.0,90.0,0.78,-3.13,13.7,9.6,35.3,0.75,ARMED,,19.6
1791267444273,28.564900,77.398462,36.0,CNG,19.37,22.0,3,1827,38.4,7.28,52.0,90.0,0.00,-3.13,13.7,9.6,35.6,0.74,ARMED,,19.6
1791267444785,28.564900,77.398462,36.0,CNG,19.17,22.0,3,1846,38.4,7.80,52.0,90.0,0.00,-3.13,13.7,9.6,36.0,0.67,ARMED,,19.6
1791267445335,28.564899,77.398364,36.0,CNG,19.02,22.0,3,1878,38.4,7.82,52.0,90.0,0.00,-3.13,13.7,9.6,36.4,0.69,ARMED,,19.6
1791267446227,28.564888,77.398264,37.0,CNG,19.70,22.0,3,1871,36.9,7.28,47.0,90.0,0.00,-3.13,13.7,9.6,36.6,0.63,ARMED,,19.6
1791267446750,28.564888,77.398264,37.0,CNG,23.08,21.2,3,1894,36.9,4.90,47.0,90.0,0.00,-3.13,13.7,8.6,37.0,0.57,ARMED,,17.3
1791267447267,28.564884,77.398165,37.0,CNG,24.89,21.2,3,1925,36.9,5.37,47.0,90.0,0.00,-3.13,13.7,8.6,37.4,0.60,ARMED,,17.3
1791267448137,28.564880,77.398059,37.0,CNG,26.67,21.2,3,1905,23.9,5.07,37.0,90.0,0.00,-3.13,13.5,8.6,37.4,0.43,ARMED,,17.3
1791267448646,28.564880,77.398059,38.0,CNG,27.49,21.2,3,1933,23.9,5.40,37.0,90.0,0.00,-3.13,13.5,8.6,37.7,0.41,ARMED,,17.3
1791267449173,28.564878,77.397958,38.0,CNG,28.00,21.2,3,1926,23.9,5.39,37.0,90.0,0.00,-3.13,13.7,8.6,37.7,0.36,ARMED,,17.3
1791267450079,28.564881,77.397849,38.0,CNG,29.81,21.2,3,1937,23.5,4.71,36.0,90.0,0.78,-3.13,13.7,8.6,37.8,0.33,ARMED,,17.3
1791267450582,28.564881,77.397849,38.0,CNG,31.23,21.2,3,1938,23.5,4.62,36.0,90.0,0.78,-3.13,13.8,8.6,37.9,0.27,ARMED,,17.3
1791267451084,28.564879,77.397741,38.0,CNG,31.47,21.2,3,1941,23.5,4.88,36.0,90.0,0.78,-3.13,13.8,8.6,37.9,0.24,ARMED,,17.3
1791267451979,28.564877,77.397634,38.0,CNG,32.43,21.2,3,1953,23.1,4.57,31.0,90.0,0.00,0.00,13.6,8.6,38.1,0.24,CANDIDATE,38.1,17.3
1791267452483,28.564877,77.397634,38.0,CNG,36.21,14.9,4,1527,23.1,3.54,31.0,90.0,0.00,0.00,13.6,0.0,38.0,0.00,ARMED,,15.3
1791267452990,28.564868,77.397523,38.0,CNG,33.23,20.8,5,1047,23.1,5.25,31.0,90.0,0.00,0.00,13.6,8.0,38.0,0.00,ARMED,,17.3
1791267453913,28.564865,77.397418,37.0,CNG,33.06,21.2,4,1477,31.0,4.61,43.0,89.0,1.56,-3.13,13.6,8.6,37.0,0.00,ARMED,,17.3
1791267454472,28.564865,77.397418,38.0,CNG,32.75,21.2,4,1449,31.0,4.81,43.0,89.0,1.56,-3.13,13.8,8.6,37.7,0.38,ARMED,,17.3
1791267454999,28.564861,77.397314,38.0,CNG,29.19,21.2,4,1474,31.0,6.18,43.0,89.0,1.56,-3.13,13.8,8.6,37.9,0.40,ARMED,,18.0
1791267455900,28.564856,77.397206,38.0,CNG,27.93,20.8,4,1454,35.3,5.92,48.0,89.0,-0.78,-3.13,13.7,8.0,38.1,0.38,ARMED,,18.0
1791267456450,28.564856,77.397206,38.0,CNG,27.55,20.4,4,1486,35.3,5.75,48.0,89.0,-0.78,-3.13,13.7,7.5,38.1,0.22,ARMED,,17.6
1791267456956,28.564846,77.397092,38.0,CNG,27.01,20.4,4,1484,35.3,5.92,48.0,89.0,-0.78,-3.13,13.5,7.5,38.1,0.17,ARMED,,18.0
1791267457834,28.564838,77.396986,38.0,CNG,27.81,20.4,4,1485,35.7,5.34,49.0,90.0,-1.56,-3.13,13.5,7.5,38.1,0.14,ARMED,,17.6
1791267458345,28.564838,77.396986,38.0,CNG,27.52,20.4,4,1490,35.7,5.73,49.0,90.0,-1.56,-3.13,13.6,7.5,38.1,0.12,ARMED,,18.0
1791267458854,28.564831,77.396878,39.0,CNG,27.24,20.4,4,1496,35.7,5.94,49.0,90.0,-1.56,-3.13,13.6,7.5,38.2,0.13,ARMED,,18.0
1791267459750,28.564831,77.396878,39.0,CNG,27.07,20.4,4,1503,35.3,5.94,47.0,90.0,-1.56,-3.13,13.7,7.5,38.4,0.16,ARMED,,18.0
1791267460232,28.564830,77.396774,39.0,CNG,28.02,20.4,4,1511,35.3,5.39,47.0,90.0,-1.56,-3.13,13.7,7.5,38.6,0.19,ARMED,,18.0
1791267460794,28.564830,77.396774,39.0,CNG,27.86,20.4,4,1515,35.3,5.77,47.0,90.0,-1.56,-3.13,13.5,7.5,38.8,0.20,ARMED,,18.0
1791267461894,28.564825,77.396552,39.0,CNG,28.38,20.4,4,1525,29.0,5.46,39.0,90.0,-2.34,-3.13,13.6,7.5,39.0,0.23,ARMED,,17.6
1791267462402,28.564825,77.396552,39.0,CNG,32.71,20.4,4,1530,29.0,3.76,39.0,90.0,-2.34,-3.13,13.5,7.5,39.2,0.22,ARMED,,16.1
1791267462970,28.564816,77.396442,39.0,CNG,34.33,20.4,4,1532,29.0,4.30,39.0,90.0,-2.34,-3.13,13.5,7.5,39.3,0.21,ARMED,,16.5
1791267463862,28.564814,77.396327,39.0,CNG,35.63,20.4,4,1528,24.7,4.22,36.0,90.0,-1.56,-3.13,13.6,7.5,39.3,0.17,ARMED,,16.5
1791267464338,28.564814,77.396327,40.0,CNG,38.02,20.4,4,1537,24.7,3.88,36.0,90.0,-1.56,-3.13,13.6,7.5,39.4,0.17,ARMED,,16.5
1791267464845,28.564808,77.396216,40.0,CNG,38.05,20.4,4,1540,24.7,4.29,36.0,90.0,-1.56,-3.13,13.7,7.5,39.5,0.17,ARMED,,16.5
1791267465723,28.564808,77.396216,40.0,CNG,38.25,20.4,4,1538,24.7,4.24,36.0,90.0,-1.56,-3.13,13.7,7.5,39.5,0.15,ARMED,,16.5
1791267466246,28.564801,77.396104,40.0,CNG,39.84,20.4,4,1538,24.7,3.85,36.0,90.0,-1.56,-3.13,13.7,7.5,39.5,0.12,ARMED,,16.5
1791267466741,28.564801,77.396104,40.0,CNG,39.62,20.4,4,1530,24.7,4.16,36.0,90.0,-1.56,-3.13,13.7,7.5,39.4,0.07,ARMED,,16.5
1791267467639,28.564794,77.395991,40.0,CNG,38.85,20.4,4,1544,24.7,4.33,36.0,90.0,-0.78,-3.13,13.7,7.5,39.6,0.10,ARMED,,16.5
1791267468139,28.564785,77.395880,40.0,CNG,39.14,20.4,4,1548,24.7,4.13,36.0,90.0,-0.78,-3.13,13.7,7.5,39.8,0.13,ARMED,,16.5
1791267468741,28.564785,77.395880,40.0,CNG,39.28,20.4,4,1552,24.7,4.14,36.0,90.0,-0.78,-3.13,13.5,7.5,39.9,0.14,ARMED,,16.5
1791267469679,28.564774,77.395769,40.0,CNG,38.95,20.4,4,1554,24.7,4.25,42.0,89.0,-0.78,-3.13,13.5,7.5,40.0,0.14,ARMED,,16.5
1791267470221,28.564762,77.395657,40.0,CNG,36.31,20.4,4,1565,24.7,4.96,42.0,89.0,-0.78,-3.13,13.6,7.5,40.2,0.17,ARMED,,17.3
1791267470734,28.564762,77.395657,40.0,CNG,33.33,20.4,4,1570,24.7,5.51,42.0,89.0,-0.78,-3.13,13.6,7.5,40.3,0.18,ARMED,,17.6
1791267471666,28.564750,77.395546,40.0,CNG,31.08,20.4,4,1561,32.9,5.79,45.0,89.0,-1.56,-3.13,13.6,7.5,40.3,0.13,ARMED,,17.6
1791267472204,28.564738,77.395432,40.0,CNG,29.17,20.4,4,1560,32.9,6.12,45.0,89.0,-1.56,-3.13,13.6,7.5,40.2,0.08,ARMED,,18.0
1791267472722,28.564738,77.395432,40.0,CNG,28.13,20.4,4,1569,32.9,6.12,45.0,89.0,-1.56,-3.13,13.7,7.5,40.2,0.09,ARMED,,18.0
1791267473670,28.564722,77.395317,40.0,CNG,27.85,20.4,4,1565,34.5,5.96,47.0,89.0,1.56,-3.13,13.7,7.5,40.2,0.07,ARMED,,18.0
1791267474203,28.564711,77.395203,40.0,CNG,28.87,20.4,4,1571,34.5,5.35,47.0,89.0,1.56,-3.13,13.7,7.5,40.3,0.07,ARMED,,18.0
1791267474689,28.564711,77.395203,41.0,CNG,28.48,20.4,4,1567,34.5,6.00,47.0,89.0,1.56,-3.13,13.7,7.5,40.3,0.06,ARMED,,18.0
1791267475579,28.564709,77.395087,41.0,CNG,29.29,20.4,4,1562,33.3,5.48,45.0,89.0,1.56,-3.13,13.6,7.5,40.2,0.03,ARMED,,17.6
1791267476084,28.564712,77.394972,41.0,CNG,35.60,14.9,4,1560,33.3,3.20,45.0,89.0,1.56,-3.13,13.6,0.0,40.2,0.01,ARMED,,14.9
1791267476660,28.564712,77.394972,40.0,CNG,23.54,25.1,4,1557,33.3,10.54,45.0,89.0,1.56,-3.13,13.4,13.9,40.1,-0.01,ARMED,,21.2
1791267477491,28.564721,77.394862,40.0,CNG,24.48,22.7,4,1568,39.6,6.27,48.0,89.0,-4.69,-3.13,13.4,10.7,40.2,0.02,ARMED,,18.8
1791267478010,28.564733,77.394748,41.0,CNG,25.66,22.7,4,1583,39.6,6.07,48.0,89.0,-4.69,-3.13,13.7,10.7,40.6,0.21,ARMED,,18.4
1791267478559,28.564733,77.394748,41.0,CNG,25.23,22.7,4,1596,39.6,6.81,48.0,89.0,-4.69,-3.13,13.7,10.7,40.9,0.33,ARMED,,18.8
1791267479478,28.564740,77.394634,42.0,CNG,25.54,22.4,4,1603,36.5,6.60,37.0,89.0,0.78,-3.13,13.6,10.2,41.2,0.36,ARMED,,18.8
1791267479958,28.564748,77.394511,41.0,CNG,26.70,22.4,4,1616,36.5,5.84,37.0,89.0,0.78,-3.13,13.6,10.2,41.5,0.38,ARMED,,18.0
1791267480533,28.564748,77.394511,42.0,CNG,28.98,21.2,4,1615,36.5,5.18,37.0,89.0,0.78,-3.13,13.6,8.6,41.7,0.35,ARMED,,17.6
1791267481574,28.564749,77.394391,42.0,CNG,31.93,21.2,4,1626,27.8,4.57,38.0,89.0,0.78,-3.13,13.6,8.6,41.8,0.35,CANDIDATE,41.8,16.9
1791267482214,28.564747,77.394277,42.0,CNG,38.78,20.4,4,1634,27.8,3.01,38.0,89.0,0.78,-3.13,13.7,7.5,42.1,0.32,LOCKED,42.1,15.7
1791267482756,28.564747,77.394277,42.0,CNG,39.93,20.4,4,1621,27.8,4.11,38.0,89.0,0.78,-3.13,13.7,7.5,42.0,0.14,LOCKED,42.1,16.1
1791267483684,28.564746,77.394159,42.0,CNG,39.52,20.4,4,1617,22.7,4.41,34.0,89.0,0.00,-3.13,13.8,7.5,41.9,0.01,LOCKED,42.1,16.5
1791267484167,28.564738,77.394041,42.0,CNG,44.26,14.9,4,1628,22.7,3.18,34.0,89.0,0.00,-3.13,13.8,0.0,41.9,0.02,LOCKED,42.1,15.3
1791267484706,28.564738,77.394041,41.0,CNG,48.27,14.9,5,1197,22.7,2.99,34.0,89.0,0.00,-3.13,13.5,0.0,41.0,0.00,PAUSED,42.1,14.1
1791267485559,28.564728,77.393927,38.0,CNG,53.96,14.9,,878,28.6,2.32,41.0,89.0,0.00,1.56,13.5,0.0,38.0,0.00,PAUSED,42.1,13.3
1791267486117,28.564719,77.393835,31.0,CNG,48.99,14.9,,765,28.6,3.05,41.0,89.0,0.00,1.56,13.5,0.0,31.0,0.00,PAUSED,42.1,14.1
1791267486627,28.564719,77.393835,25.0,CNG,44.66,14.9,5,771,28.6,2.73,41.0,89.0,0.00,1.56,13.5,0.0,25.0,0.00,PAUSED,42.1,14.5
1791267487597,28.564714,77.393768,21.0,CNG,38.39,14.9,4,788,36.9,2.95,45.0,89.0,-3.13,1.56,13.6,0.0,21.0,0.00,PAUSED,42.1,14.5
1791267488167,28.564709,77.393723,15.0,CNG,33.81,14.9,3,803,36.9,2.41,45.0,89.0,-3.13,1.56,13.6,0.0,15.0,0.00,PAUSED,42.1,14.9
1791267488666,28.564709,77.393723,15.0,CNG,13.85,25.9,3,811,36.9,10.31,45.0,89.0,-3.13,1.56,13.7,15.0,15.0,0.00,PAUSED,42.1,22.0
1791267489504,28.564706,77.393681,16.0,CNG,11.20,22.4,,1386,63.1,7.89,61.0,89.0,3.13,-3.13,13.7,10.2,16.0,0.00,PAUSED,42.1,20.0
1791267490036,28.564704,77.393634,17.0,CNG,11.72,20.4,2,1268,63.1,5.48,61.0,89.0,3.13,-3.13,13.7,7.5,17.0,0.00,ARMED,,17.6
1791267490512,28.564704,77.393634,17.0,CNG,12.23,20.4,2,1280,63.1,5.30,61.0,89.0,3.13,-3.13,13.7,7.5,17.0,0.00,ARMED,,17.3
1791267491383,28.564697,77.393584,17.0,CNG,12.66,20.4,2,1289,39.2,5.20,51.0,89.0,-0.78,-3.13,13.4,7.5,17.0,0.00,ARMED,,17.6
1791267491863,28.564690,77.393535,18.0,CNG,13.17,20.0,2,1335,39.2,5.25,51.0,89.0,-0.78,-3.13,13.4,7.0,17.7,0.38,ARMED,,17.3
1791267492409,28.564690,77.393535,18.0,CNG,14.47,19.2,2,1344,39.2,4.35,51.0,89.0,-0.78,-3.13,13.5,5.9,17.9,0.40,ARMED,,16.1
1791267493268,28.564679,77.393485,18.0,CNG,15.96,19.2,2,1346,30.2,3.91,43.0,89.0,0.00,-3.13,13.5,5.9,18.1,0.38,ARMED,,16.5
1791267493780,28.564679,77.393485,18.0,CNG,17.61,21.2,2,1349,30.2,3.54,43.0,89.0,0.00,-3.13,13.7,8.6,18.2,0.32,ARMED,,15.3
1791267494272,28.564655,77.393439,18.0,CNG,17.40,21.2,2,1391,30.2,4.30,43.0,89.0,0.00,-3.13,13.7,8.6,18.5,0.36,ARMED,,16.9
1791267495137,28.564620,77.393403,19.0,CNG,16.74,21.6,2,1409,33.3,4.89,45.0,89.0,0.78,-3.13,13.8,9.1,18.7,0.39,ARMED,,17.3
1791267495667,28.564620,77.393403,19.0,CNG,15.11,23.5,2,1454,33.3,5.86,45.0,90.0,0.78,-3.13,13.8,11.8,19.3,0.45,ARMED,,18.0
1791267496228,28.564574,77.393385,20.0,CNG,13.56,23.5,2,1472,33.3,6.89,45.0,90.0,0.78,-3.13,13.6,11.8,19.6,0.47,ARMED,,18.8
1791267497112,28.564521,77.393387,21.0,CNG,13.24,23.1,2,1549,41.2,6.70,49.0,89.0,0.00,-3.13,13.6,11.2,20.3,0.72,ARMED,,19.2
1791267497622,28.564521,77.393387,22.0,CNG,14.73,23.1,2,1626,41.2,5.17,49.0,89.0,0.00,-3.13,13.7,11.2,21.5,1.05,ARMED,,17.6
1791267498147,28.564468,77.393391,23.0,CNG,16.26,25.5,2,1744,41.2,4.97,49.0,89.0,0.00,-3.13,13.7,14.4,22.7,1.43,ARMED,,17.6
1791267499051,28.564408,77.393395,23.0,CNG,11.83,25.5,2,1763,54.1,11.00,62.0,90.0,5.47,-2.34,13.8,14.4,23.5,1.46,ARMED,,21.6
1791267499541,28.564408,77.393395,25.0,CNG,13.14,14.9,2,1894,54.1,6.63,62.0,89.0,5.47,-2.34,13.8,0.0,25.2,1.66,ARMED,,18.4
1791267500070,28.564343,77.393398,26.0,CNG,13.14,23.5,2,1882,54.1,8.09,62.0,89.0,5.47,-2.34,13.7,11.8,25.6,1.43,ARMED,,19.2
1791267501072,28.564278,77.393402,26.0,CNG,12.39,23.5,2,1924,43.5,9.26,55.0,89.0,0.78,-2.34,13.6,11.8,26.1,1.27,ARMED,,20.4
1791267501594,28.564278,77.393402,27.0,CNG,12.83,22.0,2,1987,43.5,8.17,55.0,89.0,0.78,-2.34,13.6,9.6,26.9,0.99,ARMED,,19.6
1791267502142,28.564211,77.393403,27.0,CNG,15.69,14.9,2,2025,43.5,4.79,55.0,89.0,0.78,-2.34,13.6,0.0,27.3,0.95,ARMED,,16.9
1791267503071,28.564143,77.393407,27.0,CNG,19.51,14.9,3,1327,33.7,3.65,39.0,89.0,0.00,1.56,13.6,0.0,27.0,0.00,ARMED,,15.3
1791267503573,28.564143,77.393407,25.0,CNG,22.90,14.9,4,1093,33.7,3.22,39.0,89.0,0.00,1.56,13.6,0.0,25.0,0.00,ARMED,,14.9
1791267504119,28.564083,77.393412,23.0,CNG,26.71,14.9,4,999,33.7,2.53,39.0,89.0,0.00,1.56,13.6,0.0,24.1,-0.57,ARMED,,14.9
1791267505032,28.564035,77.393417,20.0,CNG,27.82,14.9,,886,34.9,2.71,44.0,89.0,-3.91,1.56,13.6,0.0,20.0,0.00,ARMED,,14.9
1791267505536,28.564035,77.393417,17.0,CNG,31.49,14.9,3,796,34.9,1.62,44.0,89.0,-3.91,1.56,13.7,0.0,17.0,0.00,ARMED,,11.0
1791267506037,28.563995,77.393424,16.0,CNG,33.57,14.9,3,770,34.9,1.70,44.0,89.0,-3.91,1.56,13.7,0.0,16.5,-0.29,ARMED,,12.9
1791267506981,28.563951,77.393424,16.0,CNG,39.78,14.9,3,754,22.4,1.11,33.0,89.0,7.81,1.56,13.7,0.0,16.2,-0.34,ARMED,,12.5
1791267507482,28.563951,77.393424,16.0,CNG,20.04,22.4,3,786,22.4,5.94,33.0,89.0,7.81,1.56,13.7,10.2,16.0,-0.32,ARMED,,18.0
1791267508003,28.563910,77.393423,16.0,CNG,14.81,22.4,2,1235,22.4,6.25,33.0,89.0,7.81,1.56,13.7,10.2,16.0,0.00,ARMED,,18.0
1791267508880,28.563866,77.393417,17.0,CNG,13.03,22.4,2,1283,44.7,6.27,54.0,90.0,-1.56,-3.13,13.7,10.2,16.5,0.28,ARMED,,18.0
1791267509391,28.563866,77.393417,19.0,CNG,12.97,22.0,2,1390,44.7,6.03,54.0,90.0,-1.56,-3.13,13.7,9.6,18.3,1.15,ARMED,,18.4
1791267509956,28.563820,77.393411,19.0,CNG,14.36,14.9,2,1424,44.7,4.60,54.0,90.0,-1.56,-3.13,13.7,0.0,19.0,1.17,ARMED,,16.5
1791267510879,28.563769,77.393402,20.0,CNG,17.24,20.0,2,1454,21.2,3.44,34.0,90.0,2.34,-3.13,13.7,7.0,19.8,1.29,ARMED,,15.3
1791267511410,28.563769,77.393402,20.0,CNG,19.13,14.9,2,1466,21.2,3.61,34.0,90.0,2.34,-3.13,13.7,0.0,20.4,0.96,ARMED,,15.3
1791267511982,28.563719,77.393396,19.0,CNG,20.77,14.9,2,1465,21.2,3.25,34.0,90.0,2.34,-3.13,13.6,0.0,20.5,0.73,ARMED,,15.3
1791267512885,28.563674,77.393391,18.0,CNG,21.05,19.2,2,1388,27.5,3.42,40.0,90.0,0.00,-3.13,13.6,5.9,20.0,0.19,ARMED,,16.1
1791267513452,28.563674,77.393391,18.0,CNG,24.01,14.9,2,1331,27.5,2.39,40.0,90.0,0.00,-3.13,13.6,0.0,18.8,-0.57,ARMED,,14.5
1791267513966,28.563633,77.393386,17.0,CNG,23.56,14.9,2,1281,27.5,3.04,40.0,90.0,0.00,-3.13,13.6,0.0,18.1,-0.85,ARMED,,15.3
1791267514877,28.563594,77.393384,16.0,CNG,22.25,14.9,2,1188,27.1,3.21,36.0,89.0,-0.78,1.56,13.4,0.0,17.0,-1.24,ARMED,,15.3
1791267515366,28.563594,77.393384,15.0,CNG,19.95,14.9,2,1100,27.1,3.62,36.0,89.0,-0.78,1.56,13.4,0.0,15.3,-1.53,ARMED,,15.3
1791267515868,28.563561,77.393385,13.0,CNG,20.14,14.9,2,988,27.1,2.59,36.0,89.0,-0.78,1.56,13.6,0.0,14.1,-1.82,ARMED,,14.9
1791267516801,28.563561,77.393385,12.0,CNG,19.90,14.9,2,874,36.1,2.52,46.0,89.0,-3.13,1.56,13.6,0.0,12.7,-2.15,ARMED,,14.9
1791267517346,28.563531,77.393385,12.0,CNG,13.46,21.6,2,845,36.1,5.68,46.0,89.0,-3.13,1.56,13.7,9.1,11.3,-1.73,ARMED,,18.4
1791267517875,28.563502,77.393384,11.0,CNG,8.77,22.4,,981,36.1,8.31,46.0,89.0,-3.13,1.56,13.7,10.2,11.0,0.00,ARMED,,21.2
1791267518773,28.563502,77.393384,13.0,CNG,8.69,21.6,2,950,67.5,6.19,68.0,90.0,-3.13,-3.13,13.5,9.1,13.0,0.00,ARMED,,19.6
1791267519275,28.563469,77.393381,14.0,CNG,9.20,20.8,2,1025,67.5,5.72,68.0,90.0,-3.13,-3.13,13.5,8.0,13.7,0.38,ARMED,,17.6
1791267519797,28.563469,77.393381,14.0,CNG,10.03,20.8,2,1057,67.5,4.98,68.0,90.0,-3.13,-3.13,13.6,8.0,13.9,0.40,ARMED,,17.6
1791267520786,28.563434,77.393380,15.0,CNG,10.86,20.8,2,1106,49.8,5.02,56.0,90.0,-0.78,-3.13,13.7,8.0,14.5,0.65,ARMED,,17.6
1791267521336,28.563395,77.393376,16.0,CNG,14.15,20.4,2,1189,49.8,2.77,56.0,90.0,-0.78,-3.13,13.5,7.5,15.8,0.96,ARMED,,15.3
1791267521837,28.563354,77.393373,16.0,CNG,12.78,22.0,2,1221,49.8,5.81,56.0,90.0,-0.78,-3.13,13.5,9.6,16.4,0.98,ARMED,,18.4
1791267522713,28.563354,77.393373,17.0,CNG,12.68,21.6,2,1249,41.6,5.53,49.0,90.0,-0.78,-3.13,13.7,9.1,16.8,0.98,ARMED,,17.6
1791267523263,28.563311,77.393369,18.0,CNG,14.74,20.4,2,1319,41.6,3.92,49.0,90.0,-0.78,-3.13,13.7,7.5,17.8,0.98,ARMED,,16.5
1791267523824,28.563311,77.393369,18.0,CNG,16.26,20.0,2,1329,41.6,3.87,49.0,90.0,-0.78,-3.13,13.6,7.0,18.1,0.93,ARMED,,15.7
1791267524699,28.563267,77.393364,18.0,CNG,18.69,19.6,2,1358,23.9,3.09,35.0,90.0,-0.78,-3.13,13.6,6.4,18.4,0.88,ARMED,,15.7
1791267525218,28.563219,77.393360,18.0,CNG,21.89,16.9,2,1293,23.9,2.52,35.0,90.0,-0.78,-3.13,13.5,2.7,18.0,0.23,ARMED,,14.9
1791267525725,28.563219,77.393360,18.0,CNG,23.74,16.5,2,1345,23.9,2.71,35.0,90.0,-0.78,-3.13,13.5,2.1,18.1,0.22,ARMED,,14.9
1791267526608,28.563176,77.393356,17.0,CNG,22.37,14.9,2,1319,23.1,3.39,32.0,90.0,-3.13,0.78,13.6,0.0,18.0,0.08,ARMED,,15.3
1791267527111,28.563133,77.393353,16.0,CNG,23.32,18.0,2,1224,23.1,2.61,32.0,90.0,-3.13,0.78,13.6,4.3,17.0,-0.55,ARMED,,15.3
1791267527614,28.563133,77.393353,16.0,CNG,21.14,18.4,2,1189,23.1,3.55,32.0,90.0,-3.13,0.78,13.5,4.8,16.4,-0.75,ARMED,,15.7
1791267528507,28.563095,77.393349,16.0,CNG,18.98,18.4,2,1188,30.2,3.99,40.0,90.0,-1.56,-3.13,13.5,4.8,16.0,-0.75,ARMED,,15.7
1791267529012,28.563067,77.393347,16.0,CNG,17.87,16.9,2,1165,30.2,3.99,40.0,90.0,-1.56,-3.13,13.6,2.7,15.6,-0.69,ARMED,,16.1
1791267529509,28.563067,77.393347,15.0,CNG,17.48,17.6,2,1073,30.2,3.63,40.0,90.0,-1.56,-3.13,13.6,3.7,14.8,-0.90,ARMED,,15.3
1791267530535,28.563029,77.393347,15.0,CNG,17.89,16.5,2,1117,29.8,3.30,38.0,90.0,-3.91,0.78,13.4,2.1,14.7,-0.69,ARMED,,15.3
1791267531079,28.562991,77.393348,15.0,CNG,19.00,14.9,2,1098,29.8,2.92,38.0,90.0,-3.91,0.78,13.4,0.0,14.6,-0.38,ARMED,,15.3
1791267531603,28.562991,77.393348,15.0,CNG,18.19,14.9,2,1079,29.8,3.59,38.0,90.0,-3.91,0.78,13.1,0.0,14.5,-0.35,ARMED,,15.3
1791267532505,28.562955,77.393351,13.0,CNG,17.20,14.9,2,1001,32.9,3.38,43.0,90.0,-1.56,0.78,13.1,0.0,13.9,-0.58,ARMED,,14.9
1791267533027,28.562930,77.393353,7.0,CNG,14.56,14.9,,832,32.9,2.89,43.0,90.0,-1.56,0.78,13.6,0.0,7.0,0.00,ARMED,,14.9
1791267533509,28.562930,77.393353,7.0,CNG,8.74,22.4,,832,32.9,6.46,43.0,90.0,-1.56,0.78,13.6,10.2,7.0,0.00,ARMED,,18.4
1791267534445,28.562913,77.393355,7.0,CNG,7.00,19.2,,1167,43.1,5.77,41.0,90.0,0.00,-0.78,13.6,5.9,7.0,0.00,ARMED,,17.6
1791267534930,28.562895,77.393357,8.0,CNG,5.31,24.3,,923,43.1,8.55,41.0,90.0,0.00,-0.78,13.6,12.8,8.0,0.00,ARMED,,20.4
1791267535445,28.562895,77.393357,9.0,CNG,5.18,23.9,1,1144,43.1,7.34,41.0,90.0,0.00,-0.78,13.5,12.3,9.0,0.00,ARMED,,19.6
1791267536315,28.562871,77.393357,10.0,CNG,6.43,21.6,,988,59.6,4.38,65.0,90.0,2.34,-3.13,13.5,9.1,10.0,0.00,ARMED,,17.6
1791267536849,28.562841,77.393353,13.0,CNG,7.95,21.6,2,947,59.6,5.01,65.0,90.0,2.34,-3.13,13.5,9.1,13.0,0.00,ARMED,,17.3
1791267537361,28.562841,77.393353,14.0,CNG,9.20,21.6,2,1011,59.6,5.09,65.0,90.0,2.34,-3.13,13.5,9.1,13.5,0.30,ARMED,,16.9
1791267538339,28.562807,77.393345,14.0,CNG,11.20,21.2,2,1055,42.7,3.69,50.0,90.0,-2.34,-3.13,13.7,8.6,13.8,0.35,ARMED,,16.5
1791267538820,28.562807,77.393345,15.0,CNG,10.48,21.2,2,1141,42.7,6.33,50.0,90.0,-2.34,-3.13,13.7,8.6,14.7,0.68,ARMED,,18.0
1791267539315,28.562771,77.393332,16.0,CNG,11.61,21.6,2,1172,42.7,4.85,50.0,90.0,-2.34,-3.13,13.6,9.1,15.2,0.73,ARMED,,17.6
1791267540367,28.562732,77.393318,16.0,CNG,11.30,21.6,2,1231,49.8,6.00,70.0,90.0,0.78,-3.13,13.7,9.1,15.9,0.91,ARMED,,18.0
1791267540904,28.562691,77.393302,18.0,CNG,11.02,22.4,2,1301,49.8,6.89,70.0,90.0,0.78,-3.13,13.7,10.2,17.1,0.98,ARMED,,19.6
1791267541388,28.562691,77.393302,18.0,CNG,10.38,22.4,2,1365,49.8,7.65,70.0,90.0,0.78,-3.13,13.7,10.2,17.8,1.11,ARMED,,19.6
1791267542345,28.562644,77.393284,19.0,CNG,10.58,22.4,2,1422,51.0,7.15,59.0,90.0,0.00,-3.13,13.4,10.2,18.6,1.24,ARMED,,19.6
1791267542868,28.562597,77.393267,20.0,CNG,10.63,22.4,2,1482,51.0,7.63,59.0,90.0,0.00,-3.13,13.4,10.2,19.7,1.22,ARMED,,19.2
1791267543389,28.562597,77.393267,21.0,CNG,10.75,22.4,2,1554,51.0,7.88,59.0,90.0,0.00,-3.13,13.5,10.2,20.5,1.27,ARMED,,19.6
1791267544249,28.562545,77.393249,21.0,CNG,11.16,22.4,2,1580,44.7,7.27,52.0,90.0,0.00,-3.13,13.5,10.2,21.1,1.25,ARMED,,19.2
1791267544757,28.562545,77.393249,22.0,CNG,11.15,22.4,2,1662,44.7,8.07,52.0,90.0,0.00,-3.13,13.6,10.2,22.1,1.23,ARMED,,19.6
1791267545248,28.562502,77.393222,23.0,CNG,11.40,22.4,2,1691,44.7,8.01,52.0,90.0,0.00,-3.13,13.6,10.2,22.7,1.20,ARMED,,19.6
1791267546175,28.562447,77.393202,23.0,CNG,11.59,22.4,2,1725,41.6,7.91,53.0,90.0,0.00,-3.13,13.6,10.2,23.1,1.16,ARMED,,19.6
1791267546679,28.562447,77.393202,24.0,CNG,11.73,22.4,2,1793,41.6,8.22,53.0,90.0,0.00,-3.13,13.6,10.2,24.0,1.10,ARMED,,19.6
1791267547202,28.562388,77.393181,25.0,CNG,13.30,22.4,2,1839,41.6,6.27,53.0,90.0,0.00,-3.13,13.4,10.2,24.5,1.10,ARMED,,18.4
1791267548096,28.562333,77.393158,25.0,CNG,14.15,22.4,2,1858,30.2,6.56,44.0,90.0,0.00,-3.13,13.4,10.2,25.0,1.05,ARMED,,18.4
1791267548642,28.562333,77.393158,26.0,CNG,15.29,22.4,2,1928,30.2,6.17,44.0,90.0,0.00,-3.13,13.7,10.2,25.8,1.02,ARMED,,18.4
1791267549173,28.562272,77.393136,26.0,CNG,16.36,22.4,2,1958,30.2,5.84,44.0,90.0,0.00,-3.13,13.7,10.2,26.3,0.99,ARMED,,18.4
1791267550047,28.562210,77.393110,27.0,CNG,17.25,22.4,2,1993,28.2,5.91,42.0,90.0,0.00,-3.13,13.6,10.2,26.7,0.97,ARMED,,18.4
1791267550554,28.562210,77.393110,28.0,CNG,18.01,22.4,2,2049,28.2,5.96,42.0,90.0,0.00,-3.13,13.6,10.2,27.5,0.95,ARMED,,18.4
1791267551047,28.562146,77.393080,28.0,CNG,20.57,14.9,2,2016,28.2,4.43,42.0,90.0,0.00,-3.13,13.5,0.0,27.5,0.70,ARMED,,16.5
1791267551887,28.562084,77.393047,28.0,CNG,20.14,22.4,3,1546,35.7,5.86,49.0,90.0,0.00,-3.13,13.5,10.2,28.0,0.00,ARMED,,17.6
1791267552432,28.562084,77.393047,28.0,CNG,19.26,22.4,3,1444,35.7,6.32,49.0,90.0,0.00,-3.13,13.7,10.2,28.0,0.00,ARMED,,18.4
1791267552974,28.562021,77.393012,29.0,CNG,19.11,22.7,3,1483,35.7,6.27,49.0,90.0,0.00,-3.13,13.7,10.7,28.5,0.31,ARMED,,18.4
1791267553895,28.561956,77.392976,29.0,CNG,17.86,22.7,3,1496,45.5,7.27,55.0,90.0,0.78,-3.13,13.3,10.7,28.8,0.36,ARMED,,19.2
1791267554438,28.561956,77.392976,30.0,CNG,16.50,22.7,3,1546,45.5,8.23,55.0,89.0,0.78,-3.13,13.3,10.7,29.7,0.68,ARMED,,19.6
1791267554974,28.561888,77.392941,31.0,CNG,16.33,22.4,3,1570,45.5,7.88,55.0,89.0,0.78,-3.13,13.7,10.2,30.3,0.74,ARMED,,19.6
1791267555879,28.561817,77.392902,31.0,CNG,16.49,22.4,3,1595,44.3,7.58,53.0,90.0,0.00,-3.13,13.7,10.2,30.8,0.78,ARMED,,19.6
1791267556414,28.561817,77.392902,32.0,CNG,16.43,22.4,3,1619,44.3,8.00,53.0,90.0,0.00,-3.13,13.5,10.2,31.5,0.77,ARMED,,19.6
1791267556905,28.561746,77.392864,32.0,CNG,16.49,22.4,3,1647,44.3,7.89,53.0,90.0,0.00,-3.13,13.5,10.2,32.0,0.79,ARMED,,19.6
1791267557796,28.561746,77.392864,32.0,CNG,16.98,22.4,3,1665,43.1,7.36,52.0,90.0,0.00,-3.13,13.6,10.2,32.4,0.79,ARMED,,19.6
1791267558304,28.561672,77.392824,33.0,CNG,17.20,22.4,3,1684,43.1,7.70,52.0,90.0,0.00,-3.13,13.6,10.2,32.9,0.73,ARMED,,19.6
1791267558852,28.561597,77.392786,33.0,CNG,16.79,22.4,3,1705,43.1,8.31,52.0,90.0,0.00,-3.13,13.5,10.2,33.2,0.72,ARMED,,19.6
1791267559967,28.561520,77.392747,33.0,CNG,17.15,22.4,3,1711,42.0,7.61,54.0,90.0,0.78,-3.13,13.6,10.2,33.4,0.67,ARMED,,19.6
1791267560513,28.561520,77.392747,34.0,CNG,18.94,22.4,3,1749,42.0,6.23,54.0,90.0,0.78,-3.13,13.5,10.2,34.1,0.64,ARMED,,18.4
1791267561033,28.561442,77.392708,35.0,CNG,19.90,22.4,3,1766,42.0,6.67,54.0,90.0,0.78,-3.13,13.5,10.2,34.4,0.63,ARMED,,18.4
1791267561993,28.561363,77.392666,35.0,CNG,21.21,22.4,3,1801,31.8,6.10,46.0,90.0,0.78,-3.13,13.8,10.2,34.9,0.68,ARMED,,18.4
1791267562510,28.561363,77.392666,36.0,CNG,22.79,22.4,3,1821,31.8,5.77,46.0,90.0,0.78,-3.13,13.8,10.2,35.5,0.67,ARMED,,18.4
1791267563034,28.561281,77.392622,36.0,CNG,23.67,22.4,3,1826,31.8,5.86,46.0,90.0,0.78,-3.13,13.6,10.2,35.7,0.64,ARMED,,18.4
1791267563903,28.561200,77.392575,36.0,CNG,23.70,22.4,3,1856,30.2,6.20,44.0,90.0,0.00,-3.13,13.6,10.2,36.1,0.65,ARMED,,18.4
1791267564408,28.561200,77.392575,36.0,CNG,24.21,22.4,3,1872,30.2,5.88,44.0,90.0,0.00,-3.13,13.6,10.2,36.5,0.62,ARMED,,18.4
1791267564917,28.561121,77.392527,37.0,CNG,23.69,22.4,3,1864,30.2,6.58,44.0,90.0,0.00,-3.13,13.6,10.2,36.6,0.46,ARMED,,18.4
1791267565807,28.561121,77.392527,37.0,CNG,23.70,22.4,3,1896,29.0,6.38,43.0,89.0,0.00,-3.13,13.7,10.2,36.9,0.48,ARMED,,18.4
1791267566314,28.561039,77.392473,37.0,CNG,24.25,22.4,3,1925,29.0,6.02,43.0,90.0,0.00,-3.13,13.7,10.2,37.4,0.51,ARMED,,18.4
1791267566851,28.560962,77.392414,38.0,CNG,24.89,22.4,3,1921,29.0,6.00,43.0,90.0,0.00,-3.13,13.7,10.2,37.6,0.47,ARMED,,18.4
1791267567692,28.560962,77.392414,38.0,CNG,23.72,22.4,3,1949,34.9,7.00,49.0,89.0,-0.78,-2.34,13.7,10.2,37.9,0.50,ARMED,,19.2
1791267568206,28.560883,77.392352,38.0,CNG,22.70,22.4,3,1954,34.9,7.28,49.0,89.0,-0.78,-2.34,13.4,10.2,38.1,0.45,ARMED,,19.6
1791267568701,28.560883,77.392352,38.0,CNG,21.11,22.4,3,1985,34.9,8.13,49.0,89.0,-0.78,-2.34,13.4,10.2,38.5,0.49,ARMED,,19.6
1791267569594,28.560804,77.392290,39.0,CNG,21.16,22.4,3,1984,36.5,7.50,50.0,89.0,0.00,-2.34,13.5,10.2,38.7,0.48,ARMED,,19.6
1791267570121,28.560723,77.392229,39.0,CNG,20.40,22.4,3,2002,36.5,8.23,50.0,89.0,0.00,-2.34,13.5,10.2,39.0,0.44,ARMED,,19.6
1791267570632,28.560723,77.392229,39.0,CNG,19.79,22.4,3,2017,36.5,8.41,50.0,89.0,0.00,-2.34,13.4,10.2,39.3,0.45,ARMED,,19.6
1791267571531,28.560642,77.392167,40.0,CNG,19.39,14.9,3,2039,29.8,8.68,35.0,89.0,0.00,0.00,13.4,0.0,39.6,0.48,ARMED,,20.0
1791267572058,28.560562,77.392104,39.0,CNG,21.98,19.6,5,1074,29.8,5.79,35.0,89.0,0.00,0.00,13.7,6.4,39.0,0.00,ARMED,,17.6
1791267572588,28.560562,77.392104,39.0,CNG,24.34,20.8,4,1496,29.8,5.49,35.0,89.0,0.00,0.00,13.7,8.0,39.0,0.00,ARMED,,17.6
1791267573513,28.560483,77.392040,39.0,CNG,24.51,20.8,4,1550,36.1,6.43,49.0,89.0,0.00,-3.13,13.7,8.0,39.0,0.00,ARMED,,18.0
1791267574027,28.560403,77.391976,39.0,CNG,24.77,21.2,4,1520,36.1,6.34,49.0,89.0,0.00,-3.13,13.7,8.6,39.0,0.00,ARMED,,18.4
1791267574551,28.560403,77.391976,39.0,CNG,26.87,21.2,4,1510,36.1,5.17,49.0,89.0,0.00,-3.13,13.7,8.6,39.0,0.00,ARMED,,17.3
1791267575456,28.560323,77.391913,39.0,CNG,28.74,21.2,4,1524,29.4,4.97,41.0,89.0,-0.78,-3.13,13.7,8.6,39.0,0.00,ARMED,,17.3
1791267576005,28.560243,77.391851,39.0,CNG,30.94,21.2,4,1533,29.4,4.56,41.0,89.0,-0.78,-3.13,13.5,8.6,39.2,0.05,ARMED,,16.9
1791267576491,28.560243,77.391851,39.0,CNG,32.75,21.2,4,1538,29.4,4.44,41.0,89.0,-0.78,-3.13,13.5,8.6,39.3,0.07,ARMED,,16.9
1791267577407,28.560165,77.391784,40.0,CNG,33.13,21.2,4,1544,29.0,4.85,40.0,89.0,-1.56,-3.13,13.5,8.6,39.4,0.10,ARMED,,16.9
1791267577896,28.560088,77.391712,40.0,CNG,32.79,22.0,4,1558,29.0,5.06,40.0,89.0,-1.56,-3.13,13.5,9.6,39.8,0.17,ARMED,,17.6
1791267578398,28.560088,77.391712,40.0,CNG,29.16,22.7,4,1558,29.0,6.53,40.0,89.0,-1.56,-3.13,13.7,10.7,39.9,0.18,ARMED,,18.4
1791267579424,28.560012,77.391636,40.0,CNG,28.27,22.7,4,1577,38.0,6.05,50.0,89.0,-2.34,-2.34,13.7,10.7,40.1,0.30,ARMED,,18.4
1791267579997,28.559938,77.391552,41.0,CNG,26.77,22.7,4,1598,38.0,6.74,50.0,89.0,-2.34,-2.34,13.7,10.7,40.8,0.48,ARMED,,18.8
1791267580494,28.559938,77.391552,42.0,CNG,26.93,22.7,4,1620,38.0,6.32,50.0,89.0,-2.34,-2.34,13.7,10.7,41.3,0.61,ARMED,,18.8
1791267581422,28.559867,77.391461,42.0,CNG,24.47,22.7,4,1635,43.9,7.95,55.0,89.0,0.00,-2.34,13.6,10.7,41.7,0.65,ARMED,,19.6
1791267581913,28.559800,77.391367,43.0,CNG,22.80,22.7,4,1647,43.9,8.47,55.0,89.0,0.00,-2.34,13.6,10.7,42.3,0.64,ARMED,,20.0
1791267582463,28.559800,77.391367,43.0,CNG,21.98,22.7,4,1667,43.9,8.42,55.0,89.0,0.00,-2.34,13.7,10.7,42.7,0.67,ARMED,,20.0
1791267583349,28.559736,77.391272,43.0,CNG,21.44,22.7,4,1684,45.5,8.50,54.0,89.0,0.00,-2.34,13.7,10.7,43.1,0.69,ARMED,,20.0
1791267583867,28.559669,77.391175,44.0,CNG,21.81,22.7,4,1716,45.5,8.03,54.0,89.0,0.00,-2.34,13.6,10.7,43.9,0.75,ARMED,,20.0
1791267584396,28.559669,77.391175,44.0,CNG,21.47,22.7,4,1719,45.5,8.57,54.0,89.0,0.00,-2.34,13.6,10.7,44.2,0.72,ARMED,,20.0
1791267585312,28.559599,77.391073,45.0,CNG,21.67,22.7,4,1737,44.3,8.37,55.0,89.0,0.00,-2.34,13.7,10.7,44.6,0.71,ARMED,,20.0
1791267585870,28.559526,77.390974,45.0,CNG,21.53,22.7,4,1757,44.3,8.63,55.0,89.0,0.00,-2.34,13.7,10.7,45.1,0.68,ARMED,,20.0
1791267586389,28.559526,77.390974,46.0,CNG,22.08,22.7,4,1787,44.3,8.19,55.0,89.0,0.00,-2.34,13.5,10.7,45.7,0.73,ARMED,,20.0
1791267587243,28.559454,77.390872,46.0,CNG,22.73,22.4,4,1791,42.0,7.91,47.0,89.0,0.78,-2.34,13.5,10.2,46.0,0.72,ARMED,,20.0
1791267587776,28.559454,77.390872,46.0,CNG,30.82,14.9,5,1543,42.0,2.89,47.0,89.0,0.78,-2.34,13.7,0.0,46.0,0.00,ARMED,,15.3
1791267588254,28.559383,77.390770,45.0,CNG,43.99,14.9,,935,42.0,1.46,47.0,89.0,0.78,-2.34,13.7,0.0,45.0,0.00,ARMED,,12.5
1791267589185,28.559313,77.390680,43.0,CNG,58.84,14.9,,814,22.4,1.39,30.0,89.0,0.00,0.78,13.2,0.0,43.0,0.00,ARMED,,12.2
1791267589673,28.559313,77.390680,37.0,CNG,57.32,14.9,,578,22.4,2.76,30.0,89.0,0.00,0.78,13.2,0.0,37.0,0.00,ARMED,,15.7
1791267590191,28.559253,77.390604,34.0,CNG,49.99,14.9,,629,22.4,3.43,30.0,89.0,0.00,0.78,13.6,0.0,34.0,0.00,ARMED,,14.9
1791267591126,28.559205,77.390548,30.0,CNG,58.50,14.9,,679,26.3,1.41,33.0,89.0,-12.50,0.78,13.6,0.0,30.0,0.00,ARMED,,12.5
1791267591638,28.559205,77.390548,18.0,CNG,52.42,14.9,,699,26.3,1.83,33.0,89.0,-12.50,0.78,13.6,0.0,18.0,0.00,ARMED,,11.8
1791267592123,28.559179,77.390514,15.0,CNG,46.30,14.9,3,705,26.3,1.76,33.0,89.0,-12.50,0.78,13.6,0.0,15.0,0.00,ARMED,,11.8
1791267593007,28.559156,77.390486,14.0,CNG,50.38,14.9,3,710,23.1,0.89,41.0,90.0,-9.38,0.00,13.8,0.0,14.5,-0.28,ARMED,,11.8
1791267593532,28.559156,77.390486,13.0,CNG,12.74,28.2,,1242,23.1,11.13,41.0,90.0,-9.38,0.00,13.8,18.2,13.0,0.00,ARMED,,25.1
1791267594053,28.559131,77.390453,16.0,CNG,9.67,28.2,2,1164,23.1,9.33,41.0,90.0,-9.38,0.00,13.5,18.2,16.0,0.00,ARMED,,23.5
1791267594960,28.559102,77.390412,18.0,CNG,7.93,28.2,2,1335,76.9,11.57,77.0,90.0,2.34,-3.13,13.5,18.2,17.0,0.60,ARMED,,25.1
1791267595517,28.559102,77.390412,21.0,CNG,7.64,27.1,2,1595,76.9,11.74,77.0,90.0,2.34,-3.13,13.7,16.6,19.9,1.93,ARMED,,22.4
1791267596017,28.559067,77.390363,23.0,CNG,7.53,27.1,2,1706,76.9,12.70,77.0,90.0,2.34,-3.13,13.7,16.6,21.9,2.54,ARMED,,22.7
1791267596922,28.559030,77.390303,24.0,CNG,7.47,27.1,2,1824,62.0,13.26,67.0,90.0,1.56,-2.34,13.6,16.6,23.6,2.77,ARMED,,22.7
1791267597438,28.559030,77.390303,27.0,CNG,11.15,14.9,2,1950,62.0,3.98,67.0,90.0,1.56,-2.34,13.6,0.0,25.9,2.70,ARMED,,15.7
1791267598002,28.558989,77.390242,27.0,CNG,13.73,21.6,4,1172,62.0,5.57,67.0,90.0,1.56,-2.34,13.7,9.1,27.0,0.00,ARMED,,17.6
1791267599029,28.558949,77.390185,26.0,CNG,13.42,24.3,3,1458,58.4,8.18,79.0,90.0,0.00,-3.13,13.7,12.8,26.0,0.00,ARMED,,20.0
1791267599535,28.558949,77.390185,28.0,CNG,12.21,25.5,3,1447,58.4,10.52,79.0,90.0,0.00,-3.13,13.7,14.4,27.4,0.79,ARMED,,22.0
1791267600060,28.558905,77.390121,29.0,CNG,12.55,23.9,3,1473,58.4,9.08,79.0,90.0,0.00,-3.13,13.7,12.3,28.4,1.13,ARMED,,20.4
1791267600935,28.558861,77.390053,30.0,CNG,13.24,23.9,3,1543,54.5,8.57,60.0,90.0,-2.34,-2.34,13.7,12.3,29.5,1.42,ARMED,,20.4
1791267601440,28.558861,77.390053,31.0,CNG,15.34,23.9,3,1601,54.5,6.45,60.0,90.0,-2.34,-2.34,13.7,12.3,31.0,1.57,ARMED,,18.8
1791267601965,28.558817,77.389982,32.0,CNG,16.18,23.9,3,1644,54.5,7.47,60.0,90.0,-2.34,-2.34,13.5,12.3,31.9,1.60,ARMED,,19.2
1791267602864,28.558767,77.389910,32.0,CNG,16.92,23.9,3,1664,41.6,7.23,53.0,90.0,-3.13,-2.34,13.5,12.3,32.5,1.48,ARMED,,19.2
1791267603354,28.558767,77.389910,33.0,CNG,17.26,23.9,3,1722,41.6,7.59,53.0,90.0,-3.13,-2.34,13.7,12.3,33.6,1.42,ARMED,,19.2
1791267603853,28.558716,77.389834,34.0,CNG,17.42,23.9,3,1752,41.6,7.88,53.0,90.0,-3.13,-2.34,13.7,12.3,34.2,1.38,ARMED,,19.6
1791267604787,28.558661,77.389753,35.0,CNG,10.15,62.0,3,1803,90.6,22.32,99.0,90.0,5.47,-2.34,13.6,64.2,35.0,1.40,ARMED,,30.2
1791267605426,28.558661,77.389753,39.0,CNG,6.30,56.1,3,2008,90.6,37.68,99.0,90.0,5.47,-2.34,13.6,56.2,38.4,2.45,ARMED,,51.4
1791267605928,28.558599,77.389664,41.0,CNG,9.66,14.9,3,2253,90.6,5.24,99.0,90.0,5.47,-2.34,13.7,0.0,41.4,3.60,ARMED,,17.6
1791267606808,28.558537,77.389570,41.0,CNG,9.20,49.8,,1819,94.1,19.41,98.0,90.0,1.56,-2.34,13.7,47.6,41.0,0.00,ARMED,,26.3
1791267607450,28.558537,77.389570,44.0,CNG,9.13,60.4,4,1703,94.1,19.91,98.0,90.0,1.56,-2.34,13.5,62.1,44.0,0.00,ARMED,,49.0
1791267607963,28.558469,77.389470,46.0,CNG,9.55,60.4,4,1779,94.1,18.46,98.0,90.0,1.56,-2.34,13.5,62.1,45.0,0.59,ARMED,,50.2
1791267609000,28.558396,77.389365,48.0,CNG,13.07,14.9,4,1862,34.9,7.58,33.0,90.0,0.00,0.00,13.7,0.0,46.8,1.45,ARMED,,46.7
1791267609482,28.558396,77.389365,48.0,CNG,14.43,27.1,5,1510,34.9,11.62,33.0,90.0,0.00,0.00,13.7,16.6,48.0,0.00,ARMED,,22.7
1791267610016,28.558323,77.389262,48.0,CNG,18.34,14.9,5,1424,34.9,6.50,33.0,90.0,0.00,0.00,13.7,0.0,48.0,0.00,ARMED,,18.8
1791267610896,28.558248,77.389157,48.0,CNG,20.80,22.4,5,1428,49.0,7.57,56.0,90.0,0.00,-3.13,13.7,10.2,48.0,0.00,ARMED,,19.6
1791267611447,28.558248,77.389157,49.0,CNG,23.83,21.2,5,1441,49.0,6.64,56.0,90.0,0.00,-3.13,13.7,8.6,48.7,0.38,ARMED,,18.4
1791267611943,28.558173,77.389050,48.0,CNG,25.75,21.2,5,1448,49.0,6.69,56.0,90.0,0.00,-3.13,13.7,8.6,48.4,0.12,ARMED,,18.4
1791267612937,28.558097,77.388943,48.0,CNG,28.10,20.8,5,1448,39.6,6.03,51.0,90.0,-2.34,-3.13,13.7,8.0,48.3,-0.03,ARMED,,18.4
1791267613457,28.558097,77.388943,49.0,CNG,30.63,20.8,5,1448,39.6,5.67,51.0,90.0,-2.34,-3.13,13.7,8.0,48.1,-0.06,ARMED,,18.0
1791267613973,28.558023,77.388836,49.0,CNG,31.93,20.8,5,1449,39.6,5.88,51.0,90.0,-2.34,-3.13,13.7,8.0,48.1,-0.05,ARMED,,18.0
1791267614830,28.558023,77.388836,49.0,CNG,33.66,20.4,5,1452,36.5,5.47,49.0,91.0,0.00,-3.13,13.7,7.5,48.2,-0.03,ARMED,,17.6
1791267615344,28.557953,77.388726,49.0,CNG,42.48,20.4,5,1438,36.5,2.87,49.0,91.0,0.00,-3.13,13.6,7.5,48.0,-0.08,ARMED,,14.9
1791267615832,28.557953,77.388726,49.0,CNG,45.26,20.0,5,1445,36.5,3.99,49.0,91.0,0.00,-3.13,13.6,7.0,48.0,-0.05,ARMED,,15.7
1791267616763,28.557884,77.388614,49.0,CNG,53.98,18.8,5,1445,20.8,2.64,34.0,91.0,-1.56,-2.34,13.7,5.4,48.1,-0.03,ARMED,,14.9
1791267617245,28.557814,77.388505,48.0,CNG,60.01,18.8,5,1434,20.8,2.71,34.0,91.0,-1.56,-2.34,13.7,5.4,47.9,-0.08,ARMED,,14.9
1791267617758,28.557814,77.388505,48.0,CNG,64.80,18.4,5,1429,20.8,2.66,34.0,91.0,-1.56,-2.34,13.8,4.8,47.8,-0.10,ARMED,,14.9
1791267618874,28.557678,77.388289,48.0,CNG,62.24,14.9,5,1421,22.4,3.34,33.0,91.0,0.00,0.00,13.7,0.0,47.5,-0.15,ARMED,,14.9
1791267619390,28.557678,77.388289,42.0,CNG,66.67,14.9,5,1237,22.4,2.26,33.0,91.0,0.00,0.00,13.7,0.0,42.9,-2.60,ARMED,,14.5
1791267619897,28.557623,77.388199,38.0,CNG,63.36,14.9,5,1123,22.4,2.67,33.0,90.0,0.00,0.00,13.7,0.0,39.5,-3.80,ARMED,,14.1
1791267620815,28.557623,77.388199,36.0,CNG,64.90,14.9,5,1060,23.1,2.17,34.0,90.0,0.00,0.00,13.2,0.0,36.6,-4.44,ARMED,,13.7
1791267621299,28.557577,77.388119,33.0,CNG,71.60,14.9,,818,23.1,1.53,34.0,90.0,0.00,0.00,13.2,0.0,33.0,0.00,ARMED,,12.5
1791267621828,28.557577,77.388119,32.0,CNG,54.32,14.9,,761,23.1,3.42,34.0,90.0,0.00,0.00,13.4,0.0,32.0,0.00,ARMED,,15.7
1791267622668,28.557535,77.388046,31.0,CNG,57.55,14.9,,744,36.9,1.98,45.0,90.0,0.00,0.78,13.4,0.0,31.0,0.00,ARMED,,14.1
1791267623176,28.557491,77.387971,31.0,CNG,30.80,22.7,,777,36.9,7.21,45.0,90.0,0.00,0.78,13.6,10.7,31.0,0.00,ARMED,,19.2
1791267623724,28.557491,77.387971,30.0,CNG,22.76,22.7,3,1657,36.9,7.67,45.0,90.0,0.00,0.78,13.6,10.7,30.0,0.00,ARMED,,19.6
1791267624650,28.557450,77.387897,31.0,CNG,19.53,22.7,3,1591,46.3,7.89,52.0,90.0,-1.56,-2.34,13.5,10.7,30.5,0.30,ARMED,,19.6
1791267625167,28.557413,77.387820,32.0,CNG,20.95,14.9,3,1621,46.3,5.58,52.0,90.0,-1.56,-2.34,13.5,0.0,31.6,0.77,ARMED,,17.6
1791267625738,28.557413,77.387820,32.0,CNG,26.33,14.9,3,1595,46.3,3.08,52.0,90.0,-1.56,-2.34,13.7,0.0,32.0,0.77,ARMED,,15.7
1791267626693,28.557382,77.387737,31.0,CNG,28.61,14.9,3,1537,20.0,3.84,32.0,90.0,0.00,0.00,13.7,0.0,31.7,0.34,ARMED,,15.3
1791267627195,28.557358,77.387657,30.0,CNG,21.56,22.7,3,1525,20.0,7.89,32.0,90.0,0.00,0.00,13.3,10.7,31.1,-0.17,ARMED,,20.0
1791267627721,28.557358,77.387657,30.0,CNG,16.08,26.7,3,1537,20.0,10.61,32.0,90.0,0.00,0.00,13.3,16.1,31.0,-0.19,ARMED,,21.6
1791267628642,28.557339,77.387576,31.0,CNG,13.82,25.5,3,1584,62.4,11.07,62.0,90.0,0.78,-2.34,13.6,14.4,31.3,0.08,ARMED,,22.7
1791267629156,28.557327,77.387488,32.0,CNG,17.02,14.9,3,1658,62.4,5.12,62.0,90.0,0.78,-2.34,13.6,0.0,32.6,0.76,ARMED,,16.9
1791267629677,28.557327,77.387488,32.0,CNG,18.86,14.9,4,1109,62.4,5.84,62.0,90.0,0.78,-2.34,13.6,0.0,32.0,0.00,ARMED,,17.6
1791267630592,28.557321,77.387398,32.0,CNG,20.67,22.4,4,1280,45.1,5.43,54.0,90.0,-4.69,-3.13,13.6,10.2,32.0,0.00,ARMED,,18.0
1791267631097,28.557311,77.387308,32.0,CNG,25.68,20.4,4,1245,45.1,3.26,54.0,90.0,-4.69,-3.13,13.5,7.5,32.0,0.00,ARMED,,15.7
1791267631583,28.557311,77.387308,32.0,CNG,31.48,23.1,4,1267,45.1,2.75,54.0,90.0,-4.69,-3.13,13.5,11.2,32.0,0.00,ARMED,,14.1
1791267632498,28.557300,77.387219,32.0,CNG,28.73,21.2,4,1265,38.0,5.15,43.0,90.0,-0.78,-3.13,13.7,8.6,32.0,0.00,ARMED,,17.6
1791267632997,28.557293,77.387128,33.0,CNG,37.01,14.9,4,1271,38.0,2.12,43.0,90.0,-0.78,-3.13,13.7,0.0,32.1,0.04,ARMED,,14.1
1791267633531,28.557293,77.387128,32.0,CNG,30.53,21.2,4,1269,38.0,5.42,43.0,90.0,-0.78,-3.13,13.6,8.6,32.1,0.04,ARMED,,17.6
1791267634401,28.557287,77.387036,32.0,CNG,30.83,20.0,4,1257,31.0,4.18,38.0,90.0,-3.13,-2.34,13.6,7.0,32.0,-0.01,ARMED,,16.1
1791267634944,28.557281,77.386946,33.0,CNG,32.86,20.0,4,1268,31.0,3.71,38.0,90.0,-3.13,-2.34,13.6,7.0,32.1,0.02,ARMED,,15.3
1791267635427,28.557281,77.386946,33.0,CNG,33.98,20.0,4,1268,31.0,3.77,38.0,90.0,-3.13,-2.34,13.6,7.0,32.2,0.03,ARMED,,15.3
1791267636301,28.557276,77.386854,33.0,CNG,29.21,20.0,4,1271,33.7,5.58,46.0,90.0,4.69,-2.34,13.6,7.0,32.2,0.05,ARMED,,17.6
1791267636801,28.557276,77.386854,33.0,CNG,29.70,20.0,4,1272,33.7,4.43,46.0,90.0,4.69,-2.34,13.6,7.0,32.3,0.07,ARMED,,16.9
1791267637308,28.557266,77.386761,33.0,CNG,28.89,20.0,4,1280,33.7,4.86,46.0,90.0,4.69,-2.34,13.5,7.0,32.5,0.10,ARMED,,17.3
1791267638355,28.557260,77.386670,33.0,CNG,28.68,19.6,4,1284,36.1,4.75,46.0,90.0,-0.78,-3.13,13.4,6.4,32.6,0.12,ARMED,,16.9
1791267638868,28.557248,77.386575,33.0,CNG,32.17,18.8,4,1280,36.1,3.43,46.0,90.0,-0.78,-3.13,13.5,5.4,32.7,0.10,ARMED,,16.1
1791267639366,28.557248,77.386575,33.0,CNG,31.75,18.8,4,1274,36.1,4.33,46.0,90.0,-0.78,-3.13,13.5,5.4,32.6,0.07,ARMED,,16.1
1791267640262,28.557241,77.386482,33.0,CNG,31.96,18.8,4,1271,31.0,4.18,42.0,90.0,-1.56,-2.34,13.6,5.4,32.5,0.04,ARMED,,16.1
1791267640799,28.557241,77.386482,32.0,CNG,31.96,18.4,4,1255,31.0,4.09,42.0,90.0,-1.56,-2.34,13.6,4.8,32.2,-0.18,ARMED,,16.1
1791267641336,28.557240,77.386392,32.0,CNG,34.04,18.0,4,1246,31.0,3.46,42.0,90.0,-1.56,-2.34,13.6,4.3,32.0,-0.22,ARMED,,15.7
1791267642249,28.557237,77.386303,32.0,CNG,35.94,18.4,4,1225,27.5,3.33,42.0,90.0,0.00,-2.34,13.6,4.8,31.6,-0.38,ARMED,,15.3
1791267642787,28.557237,77.386303,31.0,CNG,33.00,19.2,4,1223,27.5,4.33,42.0,90.0,0.00,-2.34,13.6,5.9,31.2,-0.39,ARMED,,16.5
1791267643285,28.557231,77.386215,31.0,CNG,33.07,19.6,4,1211,27.5,3.82,42.0,90.0,0.00,-2.34,13.6,6.4,31.0,-0.40,ARMED,,16.5
1791267644159,28.557225,77.386128,31.0,CNG,39.20,20.0,4,1223,27.5,2.32,41.0,90.0,-3.13,-2.34,13.8,7.0,31.0,-0.28,ARMED,,14.9
1791267644705,28.557225,77.386128,31.0,CNG,38.45,20.4,4,1219,27.5,3.39,41.0,90.0,-3.13,-2.34,13.8,7.5,31.0,-0.12,ARMED,,16.1
1791267645269,28.557223,77.386042,31.0,CNG,35.31,20.4,4,1227,27.5,4.03,41.0,90.0,-3.13,-2.34,13.5,7.5,31.1,-0.07,ARMED,,16.1
1791267646158,28.557222,77.385957,32.0,CNG,37.17,20.4,4,1229,31.0,3.25,42.0,90.0,-0.78,-2.34,13.5,7.5,31.2,-0.02,ARMED,,16.1
1791267646679,28.557222,77.385957,32.0,CNG,34.73,20.4,4,1231,31.0,4.13,42.0,90.0,-0.78,-2.34,13.6,7.5,31.4,0.03,ARMED,,16.1
1791267647229,28.557219,77.385865,32.0,CNG,36.22,20.4,4,1241,31.0,3.38,42.0,90.0,-0.78,-2.34,13.6,7.5,31.5,0.08,ARMED,,16.1
1791267648166,28.557216,77.385775,32.0,CNG,33.86,20.4,4,1241,31.0,4.24,45.0,90.0,-0.78,-2.34,13.7,7.5,31.7,0.10,ARMED,,16.1
1791267648666,28.557216,77.385775,32.0,CNG,30.45,21.2,4,1249,31.0,4.94,45.0,90.0,-0.78,-2.34,13.7,8.6,31.9,0.14,ARMED,,16.9
1791267649198,28.557215,77.385682,32.0,CNG,28.90,21.2,4,1259,31.0,4.87,45.0,90.0,-0.78,-2.34,13.8,8.6,32.1,0.17,ARMED,,16.9
1791267650094,28.557214,77.385592,33.0,CNG,29.20,21.2,4,1271,41.2,4.55,53.0,90.0,-1.56,-3.13,13.8,8.6,32.3,0.22,ARMED,,16.9
1791267650628,28.557214,77.385592,33.0,CNG,28.09,21.2,4,1282,41.2,5.07,53.0,90.0,-1.56,-3.13,13.4,8.6,32.7,0.28,ARMED,,17.6
1791267651116,28.557210,77.385500,33.0,CNG,26.60,21.2,4,1283,41.2,5.47,53.0,90.0,-1.56,-3.13,13.4,8.6,32.9,0.27,ARMED,,18.0
1791267652042,28.557204,77.385404,33.0,CNG,25.01,21.2,4,1298,45.9,5.87,56.0,90.0,1.56,-3.13,13.5,8.6,33.1,0.30,ARMED,,18.4
1791267652577,28.557204,77.385404,34.0,CNG,24.17,21.6,4,1302,45.9,6.03,56.0,90.0,1.56,-3.13,13.5,9.1,33.4,0.30,ARMED,,18.4
1791267653097,28.557200,77.385307,34.0,CNG,22.71,21.2,4,1312,45.9,6.66,56.0,90.0,1.56,-3.13,13.6,8.6,33.6,0.32,ARMED,,18.8
1791267653980,28.557189,77.385213,34.0,CNG,23.19,21.2,4,1323,46.3,5.80,56.0,90.0,2.34,-3.13,13.6,8.6,33.8,0.34,ARMED,,18.4
1791267654502,28.557189,77.385213,34.0,CNG,23.06,21.2,4,1324,46.3,6.08,56.0,90.0,2.34,-3.13,13.5,8.6,34.0,0.31,ARMED,,18.4
1791267655053,28.557182,77.385116,34.0,CNG,22.84,21.2,4,1334,46.3,6.17,56.0,90.0,2.34,-3.13,13.5,8.6,34.2,0.31,ARMED,,18.4
1791267655985,28.557177,77.385017,34.0,CNG,23.03,21.2,4,1335,45.1,5.96,55.0,90.0,0.78,-3.13,13.7,8.6,34.3,0.29,ARMED,,18.4
1791267656531,28.557177,77.385017,35.0,CNG,22.81,21.2,4,1348,45.1,6.36,55.0,90.0,0.78,-3.13,13.7,8.6,34.6,0.29,ARMED,,18.4
1791267657039,28.557172,77.384924,35.0,CNG,23.08,21.2,4,1352,45.1,6.09,55.0,90.0,0.78,-3.13,13.5,8.6,34.7,0.29,ARMED,,18.4
1791267658077,28.557163,77.384825,35.0,CNG,23.74,21.2,4,1357,44.3,5.77,50.0,90.0,0.78,-3.13,13.7,8.6,34.9,0.29,ARMED,,18.4
1791267658629,28.557163,77.384825,35.0,CNG,25.35,21.2,4,1360,44.3,5.07,50.0,90.0,0.78,-3.13,13.6,8.6,35.0,0.24,ARMED,,17.3
1791267659229,28.557153,77.384726,35.0,CNG,27.83,21.2,4,1375,44.3,4.39,50.0,90.0,0.78,-3.13,13.6,8.6,35.2,0.26,ARMED,,16.9
1791267660386,28.557147,77.384630,36.0,CNG,28.28,21.2,4,1376,33.3,5.08,45.0,90.0,0.00,-3.13,13.5,8.6,35.4,0.26,ARMED,,16.9
1791267660964,28.557139,77.384530,36.0,CNG,28.85,21.2,4,1387,33.3,4.95,45.0,90.0,0.00,-3.13,13.5,8.6,35.6,0.26,ARMED,,16.9
1791267661597,28.557139,77.384530,36.0,CNG,29.17,21.2,4,1390,33.3,4.96,45.0,90.0,0.00,-3.13,13.7,8.6,35.8,0.25,ARMED,,16.9
1791267662712,28.557132,77.384428,36.0,CNG,29.20,19.2,4,1377,27.8,5.03,36.0,90.0,-1.56,-2.34,13.7,5.9,35.7,0.09,ARMED,,16.9
1791267663382,28.557127,77.384335,36.0,CNG,31.00,20.8,4,1382,27.8,4.31,36.0,90.0,-1.56,-2.34,13.7,8.0,35.6,0.05,ARMED,,16.1
1791267663999,28.557122,77.384229,36.0,CNG,28.27,21.6,4,1383,27.8,5.89,36.0,90.0,-1.56,-2.34,13.7,9.1,35.7,0.05,ARMED,,18.4
1791267665184,28.557118,77.384128,36.0,CNG,26.78,21.2,4,1391,41.2,5.93,52.0,89.0,-0.78,-3.13,13.6,8.6,35.8,0.08,ARMED,,18.0
1791267665838,28.557115,77.384026,36.0,CNG,23.21,22.0,4,1416,41.2,7.60,52.0,89.0,-0.78,-3.13,13.6,9.6,36.3,0.32,ARMED,,19.2
1791267666529,28.557115,77.384026,37.0,CNG,22.39,22.0,4,1423,41.2,7.11,52.0,89.0,-0.78,-3.13,13.5,9.6,36.6,0.34,ARMED,,19.2
1791267667694,28.557108,77.383922,37.0,CNG,21.92,22.0,4,1435,47.5,7.11,56.0,89.0,1.56,-3.13,13.5,9.6,36.9,0.36,ARMED,,19.2
1791267668430,28.557103,77.383815,38.0,CNG,21.72,22.0,4,1465,47.5,7.25,56.0,89.0,1.56,-3.13,13.5,9.6,37.7,0.53,ARMED,,19.2
1791267669074,28.557096,77.383708,38.0,CNG,21.92,22.0,4,1488,47.5,6.98,56.0,89.0,1.56,-3.13,13.5,9.6,38.2,0.58,ARMED,,19.2
1791267670002,28.557088,77.383599,39.0,CNG,21.72,22.0,4,1511,43.1,7.44,53.0,89.0,0.00,-2.34,13.6,9.6,38.7,0.70,ARMED,,19.2
1791267670495,28.557088,77.383599,39.0,CNG,22.22,22.0,4,1528,43.1,6.93,53.0,89.0,0.00,-2.34,13.6,9.6,39.4,0.70,ARMED,,19.2
1791267671009,28.557082,77.383483,40.0,CNG,22.90,22.0,4,1546,43.1,6.82,53.0,89.0,0.00,-2.34,13.8,9.6,39.7,0.72,ARMED,,19.2
1791267671889,28.557073,77.383370,40.0,CNG,25.24,22.0,4,1552,33.7,5.51,46.0,89.0,1.56,-2.34,13.8,9.6,40.0,0.69,ARMED,,18.0
1791267672432,28.557073,77.383370,40.0,CNG,25.72,22.0,4,1569,33.7,6.18,46.0,89.0,1.56,-2.34,13.6,9.6,40.5,0.64,ARMED,,18.0
1791267672941,28.557069,77.383255,41.0,CNG,26.36,22.0,4,1578,33.7,6.13,46.0,89.0,1.56,-2.34,13.6,9.6,40.7,0.61,ARMED,,18.0
1791267673821,28.557069,77.383255,41.0,CNG,26.88,22.0,4,1604,32.5,6.05,44.0,89.0,0.00,-2.34,13.6,9.6,41.2,0.65,ARMED,,18.0
1791267674337,28.557058,77.383138,42.0,CNG,33.73,15.7,4,1623,32.5,3.21,44.0,89.0,0.00,-2.34,13.6,1.1,41.8,0.66,ARMED,,14.9
1791267674880,28.557048,77.383019,42.0,CNG,39.23,20.4,5,1313,32.5,3.33,44.0,89.0,0.00,-2.34,13.7,7.5,42.0,0.00,ARMED,,14.5
1791267675803,28.557048,77.383019,42.0,CNG,37.42,21.2,5,1243,34.5,4.90,47.0,89.0,0.00,-2.34,13.7,8.6,42.0,0.00,ARMED,,16.9
1791267676328,28.557039,77.382901,42.0,CNG,38.15,21.2,5,1256,34.5,4.37,47.0,89.0,0.00,-2.34,13.7,8.6,42.0,0.00,ARMED,,16.9
1791267676803,28.557039,77.382901,42.0,CNG,38.18,21.2,5,1267,34.5,4.49,47.0,89.0,0.00,-2.34,13.7,8.6,42.0,0.00,ARMED,,16.9
1791267677682,28.557032,77.382783,43.0,CNG,36.74,21.2,5,1276,37.6,5.05,53.0,89.0,-1.56,-2.34,13.8,8.6,42.5,0.28,ARMED,,16.9
1791267678161,28.557023,77.382660,43.0,CNG,35.23,21.2,5,1281,37.6,5.29,53.0,89.0,-1.56,-2.34,13.8,8.6,43.0,0.45,ARMED,,18.0
1791267678684,28.557023,77.382660,43.0,CNG,32.30,21.2,5,1293,37.6,6.11,53.0,89.0,-1.56,-2.34,13.5,8.6,43.4,0.49,ARMED,,18.0
1791267679735,28.557013,77.382539,44.0,CNG,30.99,21.2,5,1299,45.5,6.15,57.0,89.0,-0.78,-2.34,13.7,8.6,43.7,0.51,ARMED,,18.4
1791267680352,28.557002,77.382415,44.0,CNG,29.77,21.2,5,1315,45.5,6.39,57.0,89.0,-0.78,-2.34,13.5,8.6,44.2,0.51,ARMED,,18.4
1791267680843,28.556994,77.382290,44.0,CNG,29.67,21.2,5,1326,45.5,6.09,57.0,89.0,-0.78,-2.34,13.5,8.6,44.6,0.52,ARMED,,18.4
1791267681771,28.556994,77.382290,45.0,CNG,30.95,21.2,5,1335,43.5,5.57,56.0,89.0,0.00,-2.34,13.7,8.6,44.9,0.54,ARMED,,18.4
1791267682271,28.556984,77.382163,45.0,CNG,30.56,21.2,5,1336,43.5,6.13,56.0,89.0,0.00,-2.34,13.7,8.6,45.1,0.38,ARMED,,18.0
1791267682782,28.556984,77.382163,45.0,CNG,30.11,21.2,5,1340,43.5,6.24,56.0,89.0,0.00,-2.34,13.5,8.6,45.2,0.36,ARMED,,18.0
1791267683668,28.556974,77.382036,45.0,CNG,30.05,20.8,5,1350,41.6,6.14,50.0,89.0,0.00,-2.34,13.5,8.0,45.4,0.36,ARMED,,18.0
1791267684176,28.556967,77.381908,45.0,CNG,39.15,14.9,5,1346,41.6,2.57,50.0,89.0,0.00,-2.34,13.5,0.0,45.4,0.18,ARMED,,14.1
1791267684682,28.556967,77.381908,45.0,CNG,37.09,19.6,5,1369,41.6,5.35,50.0,89.0,0.00,-2.34,13.5,6.4,45.7,0.33,ARMED,,17.3
1791267685574,28.556956,77.381780,45.0,CNG,38.62,19.6,5,1350,25.1,4.47,37.0,89.0,-3.13,-2.34,13.7,6.4,45.6,0.18,ARMED,,16.9
1791267686085,28.556944,77.381654,45.0,CNG,37.73,17.6,5,1333,25.1,5.04,37.0,89.0,-3.13,-2.34,13.7,3.7,45.1,-0.22,ARMED,,17.3
1791267686615,28.556944,77.381654,44.0,CNG,39.22,18.4,5,1323,25.1,4.31,37.0,89.0,-3.13,-2.34,13.6,4.8,44.7,-0.37,ARMED,,16.5
1791267687503,28.556933,77.381529,45.0,CNG,48.18,14.9,5,1327,22.4,2.52,30.0,89.0,-3.91,-2.34,13.6,0.0,44.6,-0.37,ARMED,,14.5
1791267688041,28.556920,77.381407,45.0,CNG,51.88,14.9,5,1327,22.4,3.14,30.0,89.0,-3.91,-2.34,13.7,0.0,44.5,-0.30,ARMED,,14.9
1791267688568,28.556920,77.381407,44.0,CNG,57.57,14.9,5,1313,22.4,2.60,30.0,89.0,-3.91,-2.34,13.7,0.0,44.2,-0.32,ARMED,,14.9
1791267689505,28.556908,77.381286,44.0,CNG,59.64,14.9,5,1306,21.2,2.85,33.0,89.0,0.00,0.00,13.8,0.0,44.0,-0.35,ARMED,,14.9
1791267690007,28.556898,77.381166,43.0,CNG,61.84,14.9,5,1279,21.2,2.68,33.0,89.0,0.00,0.00,13.8,0.0,43.2,-0.61,ARMED,,14.5
1791267690569,28.556898,77.381166,42.0,CNG,65.68,14.9,5,1261,21.2,2.36,33.0,89.0,0.00,0.00,13.5,0.0,42.6,-0.76,ARMED,,14.5
1791267691483,28.556889,77.381048,42.0,CNG,65.03,20.8,5,1250,20.4,2.68,45.0,89.0,0.00,-2.34,13.5,8.0,42.1,-0.79,ARMED,,14.5
1791267691988,28.556881,77.380930,42.0,CNG,73.27,14.9,5,1256,20.4,1.89,45.0,89.0,0.00,-2.34,13.6,0.0,41.9,-0.49,ARMED,,13.7
1791267692499,28.556881,77.380930,42.0,CNG,64.73,14.9,5,1251,20.4,3.12,45.0,89.0,0.00,-2.34,13.6,0.0,41.8,-0.44,ARMED,,14.5
1791267693405,28.556874,77.380814,41.0,CNG,59.73,14.9,5,1218,21.6,3.14,32.0,89.0,0.00,0.00,13.4,0.0,41.3,-0.64,ARMED,,14.5
1791267693921,28.556871,77.380705,40.0,CNG,58.54,14.9,5,1193,21.6,2.88,32.0,88.0,0.00,0.00,13.4,0.0,40.3,-0.89,ARMED,,14.1
1791267694486,28.556871,77.380705,39.0,CNG,54.67,19.6,5,1169,21.6,3.22,32.0,88.0,0.00,0.00,13.7,6.4,39.5,-1.04,ARMED,,16.1
1791267695323,28.556866,77.380600,39.0,CNG,44.71,14.9,5,1166,35.7,4.57,32.0,88.0,0.00,-2.34,13.7,0.0,39.1,-1.02,ARMED,,16.5
1791267695835,28.556858,77.380491,39.0,CNG,37.67,19.6,5,1194,35.7,5.25,32.0,88.0,0.00,-2.34,13.5,6.4,39.4,-0.34,ARMED,,17.3
1791267696349,28.556858,77.380491,39.0,CNG,36.91,19.2,5,1163,35.7,4.45,32.0,88.0,0.00,-2.34,13.5,5.9,39.1,-0.37,ARMED,,16.5
1791267697260,28.556848,77.380379,39.0,CNG,37.11,19.6,5,1162,36.9,4.26,46.0,88.0,-2.34,-2.34,13.6,6.4,38.9,-0.37,ARMED,,16.5
1791267697788,28.556848,77.380379,39.0,CNG,34.15,20.4,5,1171,36.9,5.23,46.0,88.0,-2.34,-2.34,13.6,7.5,39.0,-0.12,ARMED,,17.3
1791267698295,28.556841,77.380268,39.0,CNG,34.67,20.4,5,1173,36.9,4.49,46.0,88.0,-2.34,-2.34,13.6,7.5,39.1,-0.07,ARMED,,17.3
1791267699290,28.556834,77.380155,40.0,CNG,33.28,20.4,5,1184,43.1,5.20,54.0,88.0,-0.78,-2.34,13.7,7.5,39.4,0.09,ARMED,,17.3
1791267699836,28.556827,77.380041,40.0,CNG,34.27,20.4,5,1195,43.1,4.56,54.0,88.0,-0.78,-2.34,13.6,7.5,39.9,0.33,ARMED,,17.3
1791267700342,28.556827,77.380041,40.0,CNG,33.32,14.9,5,1201,43.1,5.11,54.0,88.0,-0.78,-2.34,13.6,0.0,40.2,0.35,ARMED,,17.3
1791267701238,28.556825,77.379925,40.0,CNG,30.24,21.2,5,1204,47.8,6.15,58.0,88.0,-0.78,-2.34,13.7,8.6,40.3,0.35,ARMED,,18.8
1791267701739,28.556825,77.379925,41.0,CNG,32.57,21.2,5,1214,47.8,4.57,58.0,88.0,-0.78,-2.34,13.7,8.6,40.7,0.36,ARMED,,16.9
1791267702318,28.556816,77.379811,41.0,CNG,35.47,21.2,5,1229,47.8,4.10,58.0,88.0,-0.78,-2.34,13.7,8.6,41.0,0.41,ARMED,,16.9
1791267703189,28.556808,77.379695,41.0,CNG,35.33,21.2,5,1235,37.3,4.77,47.0,88.0,-1.56,-2.34,13.7,8.6,41.3,0.43,ARMED,,16.9
1791267703784,28.556808,77.379695,41.0,CNG,41.95,14.9,5,1242,37.3,2.88,47.0,88.0,-1.56,-2.34,13.8,0.0,41.6,0.40,ARMED,,14.1
1791267704272,28.556806,77.379575,41.0,CNG,44.61,20.4,5,1267,37.3,3.40,47.0,88.0,-1.56,-2.34,13.8,7.5,42.1,0.56,ARMED,,16.1
1791267705168,28.556800,77.379462,42.0,CNG,45.36,19.2,5,1223,25.5,3.69,35.0,88.0,-1.56,-2.34,13.5,5.9,41.7,0.15,ARMED,,15.3
1791267705678,28.556800,77.379462,42.0,CNG,54.39,14.9,5,1212,25.5,2.23,35.0,88.0,-1.56,-2.34,13.5,0.0,41.0,-0.31,ARMED,,14.5
1791267706273,28.556788,77.379355,41.0,CNG,58.61,18.0,5,1273,25.5,2.52,35.0,88.0,-1.56,-2.34,13.6,4.3,41.7,0.23,ARMED,,14.9
1791267707153,28.556777,77.379239,41.0,CNG,56.79,14.9,5,1247,22.4,3.09,30.0,88.0,0.00,0.00,13.6,0.0,41.8,0.21,ARMED,,14.5
1791267707728,28.556777,77.379239,41.0,CNG,59.28,14.9,5,1211,22.4,2.64,30.0,88.0,0.00,0.00,13.5,0.0,41.0,-0.35,ARMED,,14.5
1791267708227,28.556766,77.379127,38.0,CNG,61.98,14.9,5,1133,22.4,2.32,30.0,88.0,0.00,0.00,13.5,0.0,39.4,-1.20,ARMED,,14.1
1791267709146,28.556758,77.379031,34.0,CNG,39.03,14.9,5,938,34.9,5.88,42.0,88.0,0.00,0.78,13.4,0.0,35.2,-3.33,ARMED,,17.6
1791267709636,28.556758,77.379031,25.0,CNG,37.44,14.9,5,801,34.9,2.98,42.0,88.0,0.00,0.78,13.4,0.0,28.6,-5.44,ARMED,,14.9
1791267710184,28.556754,77.378965,20.0,CNG,36.34,14.9,4,810,34.9,2.41,42.0,88.0,0.00,0.78,13.6,0.0,20.0,0.00,ARMED,,14.9
1791267711104,28.556754,77.378925,16.0,CNG,32.73,14.9,3,816,38.0,2.51,47.0,88.0,-2.34,0.78,13.6,0.0,16.0,0.00,ARMED,,14.9
1791267711655,28.556754,77.378925,15.0,CNG,27.64,22.4,3,818,38.0,3.01,47.0,88.0,-2.34,0.78,13.7,10.2,15.3,-0.39,ARMED,,14.9
1791267712160,28.556754,77.378881,14.0,CNG,12.59,23.5,2,1152,38.0,9.78,47.0,88.0,-2.34,0.78,13.7,11.8,14.0,0.00,ARMED,,22.7
1791267713037,28.556754,77.378840,15.0,CNG,9.74,22.7,,1371,65.5,8.78,69.0,88.0,0.00,-3.13,13.7,10.7,15.0,0.00,ARMED,,20.8
1791267713544,28.556754,77.378840,17.0,CNG,9.83,22.4,2,1263,65.5,6.96,69.0,88.0,0.00,-3.13,13.7,10.2,17.0,0.00,ARMED,,19.6
1791267714068,28.556761,77.378793,17.0,CNG,10.35,21.6,2,1305,65.5,6.20,69.0,88.0,0.00,-3.13,13.7,9.1,17.0,0.00,ARMED,,18.8
1791267714967,28.556764,77.378741,18.0,CNG,11.45,20.8,2,1340,44.3,5.47,52.0,88.0,-1.56,-2.34,13.7,8.0,17.5,0.29,ARMED,,17.6
1791267715498,28.556764,77.378741,18.0,CNG,13.16,20.0,2,1348,44.3,4.38,52.0,88.0,-1.56,-2.34,13.7,7.0,17.9,0.34,ARMED,,16.9
1791267716004,28.556759,77.378688,19.0,CNG,12.31,22.7,2,1388,44.3,6.88,52.0,88.0,-1.56,-2.34,13.7,10.7,18.5,0.60,ARMED,,18.8
1791267716925,28.556748,77.378634,19.0,CNG,10.72,23.1,2,1427,49.4,8.58,54.0,88.0,0.00,-2.34,13.6,11.2,19.1,0.79,ARMED,,20.0
1791267717527,28.556748,77.378634,20.0,CNG,11.21,23.5,2,1511,49.4,6.84,54.0,88.0,0.00,-2.34,13.6,11.8,20.4,1.05,ARMED,,19.2
1791267718069,28.556724,77.378580,22.0,CNG,11.78,18.8,2,1613,49.4,7.12,54.0,88.0,0.00,-2.34,13.7,5.4,21.4,1.34,ARMED,,19.2
1791267719130,28.556688,77.378534,22.0,CNG,15.57,14.9,,1453,23.9,3.21,58.0,88.0,0.00,-2.34,13.5,0.0,22.0,0.00,ARMED,,15.3
1791267719661,28.556688,77.378534,22.0,CNG,15.08,22.4,3,1128,23.9,6.23,58.0,88.0,0.00,-2.34,13.8,10.2,22.0,0.00,ARMED,,18.4
1791267720210,28.556648,77.378490,23.0,CNG,14.95,22.4,3,1169,23.9,6.36,58.0,88.0,0.00,-2.34,13.8,10.2,22.5,0.31,ARMED,,18.4
1791267721118,28.556602,77.378447,23.0,CNG,14.70,22.7,3,1199,50.6,6.55,61.0,88.0,-1.56,-2.34,13.7,10.7,22.8,0.35,ARMED,,18.4
1791267721650,28.556602,77.378447,25.0,CNG,15.44,22.4,3,1285,50.6,6.17,61.0,88.0,-1.56,-2.34,13.7,10.2,24.4,1.07,ARMED,,18.0
1791267722177,28.556552,77.378402,26.0,CNG,16.51,22.4,3,1314,50.6,5.83,61.0,88.0,-1.56,-2.34,13.6,10.2,25.3,1.24,ARMED,,18.0
1791267723069,28.556498,77.378355,26.0,CNG,17.43,22.4,3,1353,40.8,5.62,59.0,88.0,-2.34,-2.34,13.6,10.2,26.1,1.36,ARMED,,18.0
1791267723579,28.556498,77.378355,27.0,CNG,16.71,22.4,3,1400,40.8,6.98,59.0,88.0,-2.34,-2.34,13.6,10.2,27.3,1.36,ARMED,,18.8
1791267724107,28.556443,77.378308,28.0,CNG,16.25,22.4,3,1437,40.8,7.31,59.0,88.0,-2.34,-2.34,13.6,10.2,28.0,1.35,ARMED,,19.2
1791267725016,28.556386,77.378259,28.0,CNG,15.82,22.4,3,1440,47.5,7.51,57.0,88.0,0.78,-2.34,13.7,10.2,28.4,1.15,ARMED,,19.2
1791267725524,28.556386,77.378259,29.0,CNG,15.88,22.4,3,1493,47.5,7.42,57.0,88.0,0.78,-2.34,13.7,10.2,29.2,1.09,ARMED,,19.2
1791267726044,28.556326,77.378209,30.0,CNG,16.44,22.4,3,1522,47.5,7.09,57.0,88.0,0.78,-2.34,13.4,10.2,29.7,1.08,ARMED,,19.2
1791267726914,28.556265,77.378159,30.0,CNG,16.54,22.0,3,1551,44.7,7.35,52.0,88.0,0.00,-2.34,13.4,9.6,30.2,1.07,ARMED,,19.2
1791267727428,28.556265,77.378159,31.0,CNG,16.37,22.0,3,1584,44.7,7.85,52.0,88.0,0.00,-2.34,13.5,9.6,30.9,1.01,ARMED,,19.2
1791267727948,28.556200,77.378112,31.0,CNG,16.88,22.0,3,1602,44.7,7.17,52.0,89.0,0.00,-2.34,13.5,9.6,31.3,0.97,ARMED,,19.2
1791267728860,28.556136,77.378060,32.0,CNG,16.88,22.0,3,1660,41.6,7.75,53.0,89.0,2.34,-2.34,13.7,9.6,32.0,1.11,ARMED,,19.2
1791267729368,28.556136,77.378060,33.0,CNG,17.67,22.0,3,1680,41.6,7.13,53.0,89.0,2.34,-2.34,13.7,9.6,32.8,1.04,ARMED,,19.2
1791267729895,28.556068,77.378006,33.0,CNG,17.59,22.0,3,1692,41.6,7.72,53.0,89.0,2.34,-2.34,13.7,9.6,33.2,0.92,ARMED,,19.2
1791267730786,28.556068,77.378006,33.0,CNG,18.95,22.0,3,1709,31.0,6.31,43.0,88.0,3.13,-2.34,13.7,9.6,33.5,0.87,ARMED,,18.0
1791267731293,28.556000,77.377953,34.0,CNG,21.74,21.6,3,1749,31.0,5.04,43.0,88.0,3.13,-2.34,13.6,9.1,34.1,0.84,ARMED,,17.6
1791267731824,28.556000,77.377953,34.0,CNG,23.73,21.2,3,1742,31.0,5.07,43.0,88.0,3.13,-2.34,13.6,8.6,34.3,0.64,ARMED,,17.3
1791267732732,28.555930,77.377901,34.0,CNG,27.30,17.6,3,1745,20.0,3.96,32.0,88.0,1.56,-2.34,13.8,3.7,34.3,0.47,ARMED,,15.7
1791267733241,28.555857,77.377853,34.0,CNG,26.73,21.2,3,1764,20.0,5.36,32.0,88.0,1.56,-2.34,13.8,8.6,34.5,0.40,ARMED,,17.3
1791267733757,28.555857,77.377853,34.0,CNG,27.45,21.2,3,1752,20.0,4.86,32.0,88.0,1.56,-2.34,13.7,8.6,34.4,0.24,ARMED,,17.3
1791267734598,28.555783,77.377804,34.0,CNG,28.26,21.2,3,1771,25.5,4.70,38.0,88.0,0.00,-2.34,13.7,8.6,34.5,0.23,ARMED,,17.3
1791267735154,28.555708,77.377757,35.0,CNG,28.87,21.2,3,1788,25.5,4.80,38.0,88.0,0.00,-2.34,13.6,8.6,34.8,0.25,ARMED,,17.3
1791267735671,28.555708,77.377757,35.0,CNG,28.21,21.2,3,1794,25.5,5.24,38.0,88.0,0.00,-2.34,13.6,8.6,34.9,0.25,CANDIDATE,34.9,17.3
1791267736547,28.555631,77.377710,35.0,CNG,28.85,21.2,3,1801,24.7,4.79,38.0,88.0,-0.78,-2.34,13.8,8.6,35.0,0.26,CANDIDATE,35.0,17.3
1791267737141,28.555553,77.377661,35.0,CNG,28.08,21.2,3,1812,24.7,5.30,38.0,88.0,-0.78,-2.34,13.8,8.6,35.3,0.25,LOCKED,35.3,17.3
1791267737656,28.555553,77.377661,35.0,CNG,26.78,21.2,3,1824,24.7,5.71,38.0,88.0,-0.78,-2.34,13.5,8.6,35.4,0.26,LOCKED,35.3,18.0
1791267738764,28.555476,77.377613,36.0,CNG,25.54,21.2,3,1842,31.4,6.15,44.0,88.0,-0.78,-2.34,13.7,8.6,35.7,0.30,LOCKED,35.3,18.4
1791267739296,28.555397,77.377567,36.0,CNG,23.86,20.8,3,1839,31.4,6.76,44.0,88.0,-0.78,-2.34,13.5,8.0,35.9,0.25,LOCKED,35.3,18.4
1791267739781,28.555397,77.377567,36.0,CNG,23.48,20.8,3,1841,31.4,6.42,44.0,88.0,-0.78,-2.34,13.5,8.0,35.9,0.23,LOCKED,35.3,18.8
1791267740673,28.555320,77.377519,36.0,CNG,23.95,14.9,3,1848,29.4,5.96,34.0,88.0,0.00,0.00,13.5,0.0,36.0,0.22,LOCKED,35.3,18.4
1791267741180,28.555242,77.377473,36.0,CNG,29.67,19.6,5,1124,29.4,3.19,34.0,88.0,0.00,0.00,13.5,6.4,36.0,0.00,PAUSED,35.3,15.3
1791267741732,28.555242,77.377473,35.0,CNG,29.57,20.0,4,1393,29.4,4.86,34.0,88.0,0.00,0.00,13.6,7.0,35.0,0.00,PAUSED,35.3,17.3
1791267742661,28.555163,77.377431,35.0,CNG,28.25,20.0,4,1378,34.9,5.41,47.0,88.0,0.00,-2.34,13.6,7.0,35.0,0.00,PAUSED,35.3,17.3
1791267743199,28.555084,77.377392,36.0,CNG,28.96,20.0,4,1373,34.9,4.89,47.0,88.0,0.00,-2.34,13.6,7.0,35.7,0.39,PAUSED,35.3,17.3
1791267743683,28.555084,77.377392,35.0,CNG,27.81,20.0,4,1377,34.9,5.46,47.0,88.0,0.00,-2.34,13.6,7.0,35.5,0.13,PAUSED,35.3,17.3
1791267744569,28.555003,77.377353,36.0,CNG,33.07,20.0,4,1385,26.7,3.21,38.0,88.0,-2.34,-2.34,13.7,7.0,35.4,0.09,PAUSED,35.3,15.3
1791267745137,28.554922,77.377315,36.0,CNG,35.85,20.0,4,1384,26.7,3.59,38.0,88.0,-2.34,-2.34,13.7,7.0,35.3,0.05,PAUSED,35.3,15.7
1791267745688,28.554922,77.377315,36.0,CNG,39.37,20.0,4,1393,26.7,3.19,38.0,88.0,-2.34,-2.34,13.7,7.0,35.4,0.07,PAUSED,35.3,15.7
1791267746552,28.554840,77.377278,36.0,CNG,38.62,20.0,4,1395,24.3,3.92,37.0,88.0,0.00,-2.34,13.7,7.0,35.5,0.09,PAUSED,35.3,15.7
1791267747047,28.554757,77.377240,36.0,CNG,38.30,20.0,4,1395,24.3,3.89,37.0,88.0,0.00,-2.34,13.7,7.0,35.6,0.09,ARMED,,15.7
1791267747555,28.554757,77.377240,36.0,CNG,40.19,20.0,4,1404,24.3,3.39,37.0,88.0,0.00,-2.34,13.7,7.0,35.7,0.12,ARMED,,15.7
1791267748452,28.554673,77.377203,36.0,CNG,39.63,20.0,4,1404,24.3,3.79,36.0,88.0,-0.78,-2.34,13.5,7.0,35.8,0.12,ARMED,,15.7
1791267748982,28.554590,77.377167,36.0,CNG,38.93,20.0,4,1402,24.3,3.88,36.0,88.0,-0.78,-2.34,13.5,7.0,35.8,0.10,ARMED,,15.7
1791267749483,28.554590,77.377167,36.0,CNG,41.75,20.0,4,1409,24.3,3.14,36.0,88.0,-0.78,-2.34,13.6,7.0,35.9,0.11,ARMED,,15.7
1791267750395,28.554506,77.377130,36.0,CNG,40.05,20.0,4,1407,23.9,3.90,36.0,88.0,-0.78,-2.34,13.6,7.0,36.0,0.10,ARMED,,15.7
1791267750897,28.554423,77.377093,36.0,CNG,41.89,20.0,4,1412,23.9,3.27,36.0,88.0,-0.78,-2.34,13.8,7.0,36.1,0.10,ARMED,,15.7
1791267751394,28.554423,77.377093,36.0,CNG,35.20,20.0,4,1414,23.9,5.18,36.0,88.0,-0.78,-2.34,13.8,7.0,36.1,0.10,ARMED,,17.6
1791267752345,28.554340,77.377056,36.0,CNG,33.05,20.0,4,1421,32.2,4.86,44.0,88.0,-0.78,-2.34,13.6,7.0,36.2,0.12,ARMED,,16.9
1791267752843,28.554340,77.377056,36.0,CNG,31.13,20.0,4,1413,32.2,5.14,44.0,88.0,-0.78,-2.34,13.6,7.0,36.2,0.07,ARMED,,17.3
1791267753378,28.554255,77.377021,37.0,CNG,30.53,20.0,4,1417,32.2,5.09,44.0,88.0,-0.78,-2.34,13.7,7.0,36.2,0.07,ARMED,,17.3
1791267754232,28.554170,77.376989,37.0,CNG,30.97,20.0,4,1413,34.5,4.78,41.0,88.0,-0.78,-2.34,13.7,7.0,36.2,0.06,ARMED,,17.3
1791267754778,28.554170,77.376989,36.0,CNG,26.95,20.8,4,1410,34.5,6.54,41.0,88.0,-0.78,-2.34,13.6,8.0,36.1,0.02,ARMED,,18.4
1791267755280,28.554085,77.376956,36.0,CNG,25.97,20.8,4,1444,34.5,5.98,41.0,88.0,-0.78,-2.34,13.6,8.0,36.5,0.25,ARMED,,18.0
1791267756207,28.554001,77.376923,37.0,CNG,27.01,20.4,4,1425,37.3,5.27,49.0,88.0,0.00,-2.34,13.7,7.5,36.5,0.22,ARMED,,17.6
1791267756698,28.554001,77.376923,37.0,CNG,28.14,19.6,4,1428,37.3,5.04,49.0,88.0,0.00,-2.34,13.7,6.4,36.6,0.18,ARMED,,16.9
1791267757285,28.553912,77.376894,37.0,CNG,29.99,19.6,4,1431,37.3,4.55,49.0,88.0,0.00,-2.34,13.7,6.4,36.7,0.17,ARMED,,16.9
1791267758373,28.553819,77.376866,37.0,CNG,29.97,19.6,4,1431,31.4,5.05,44.0,88.0,-0.78,-2.34,13.5,6.4,36.7,0.15,ARMED,,16.9
1791267758895,28.553733,77.376841,37.0,CNG,30.54,19.6,4,1433,31.4,4.81,44.0,88.0,-0.78,-2.34,13.7,6.4,36.8,0.12,ARMED,,16.9
1791267759381,28.553733,77.376841,37.0,CNG,34.01,19.6,4,1426,31.4,3.69,44.0,88.0,-0.78,-2.34,13.7,6.4,36.7,0.08,ARMED,,15.3
1791267760337,28.553644,77.376818,37.0,CNG,37.73,19.6,4,1431,21.2,3.35,33.0,89.0,-0.78,-2.34,13.6,6.4,36.7,0.08,ARMED,,15.3
1791267760816,28.553644,77.376818,37.0,CNG,42.57,19.6,4,1424,21.2,2.87,33.0,89.0,-0.78,-2.34,13.6,6.4,36.6,0.03,ARMED,,15.3
1791267761369,28.553556,77.376794,37.0,CNG,42.67,14.9,4,1434,21.2,3.53,33.0,89.0,-0.78,-2.34,13.6,0.0,36.7,0.05,ARMED,,15.3
1791267762265,28.553465,77.376766,37.0,CNG,44.35,14.9,4,1385,20.8,3.21,32.0,89.0,0.00,0.00,13.6,0.0,36.1,-0.30,ARMED,,14.9
1791267762778,28.553465,77.376766,35.0,CNG,45.81,14.9,4,1357,20.8,2.96,32.0,89.0,0.00,0.00,13.6,0.0,35.2,-0.68,ARMED,,14.9
1791267763266,28.553382,77.376738,34.0,CNG,49.33,23.5,4,1323,20.8,2.47,32.0,89.0,0.00,0.00,13.6,11.8,34.5,-0.93,ARMED,,14.9
1791267764202,28.553300,77.376718,34.0,CNG,31.82,23.1,4,1330,48.2,6.78,42.0,89.0,-2.34,-2.34,13.7,11.2,34.1,-0.90,ARMED,,18.8
1791267764704,28.553300,77.376718,34.0,CNG,35.29,14.9,4,1332,48.2,3.28,42.0,89.0,-2.34,-2.34,13.7,0.0,33.9,-0.53,ARMED,,14.9
1791267765223,28.553218,77.376697,33.0,CNG,38.73,14.9,4,1254,48.2,2.95,42.0,89.0,-2.34,-2.34,13.8,0.0,33.0,-0.93,ARMED,,14.5
1791267766075,28.553142,77.376677,31.0,CNG,43.08,14.9,4,1194,30.6,2.40,41.0,89.0,0.00,0.78,13.8,0.0,31.6,-1.45,ARMED,,14.1
1791267766580,28.553142,77.376677,27.0,CNG,47.57,14.9,5,874,30.6,1.88,41.0,89.0,0.00,0.78,13.2,0.0,27.0,0.00,ARMED,,14.1
1791267767082,28.553081,77.376660,24.0,CNG,40.54,14.9,,818,30.6,3.10,41.0,89.0,0.00,0.78,13.2,0.0,24.0,0.00,ARMED,,14.5
1791267767998,28.553033,77.376642,22.0,CNG,35.55,14.9,4,811,36.5,3.12,48.0,88.0,-2.34,0.78,13.6,0.0,22.0,0.00,ARMED,,14.9
1791267768490,28.553033,77.376642,18.0,CNG,29.19,14.9,,815,36.5,3.48,48.0,89.0,-2.34,0.78,13.6,0.0,18.0,0.00,ARMED,,14.9
1791267769019,28.552990,77.376632,17.0,CNG,26.14,14.9,3,821,36.5,3.21,48.0,89.0,-2.34,0.78,13.6,0.0,17.0,0.00,ARMED,,14.9
1791267769881,28.552957,77.376621,16.0,CNG,24.88,14.9,3,820,39.2,2.87,48.0,89.0,-3.13,0.78,13.6,0.0,16.5,-0.28,ARMED,,14.9
1791267770415,28.552957,77.376621,10.0,CNG,22.21,14.9,2,819,39.2,2.39,48.0,89.0,-3.13,0.78,13.6,0.0,10.0,0.00,ARMED,,14.9
1791267770906,28.552936,77.376615,8.0,CNG,16.76,14.9,,825,39.2,3.31,48.0,89.0,-3.13,0.78,13.6,0.0,8.0,0.00,ARMED,,14.9
1791267771869,28.552918,77.376608,8.0,CNG,13.94,14.9,,818,38.0,3.26,48.0,89.0,-2.34,0.78,13.6,0.0,8.0,0.00,ARMED,,14.9
1791267772398,28.552918,77.376608,8.0,CNG,7.77,22.4,,807,38.0,7.89,48.0,89.0,-2.34,0.78,13.6,10.2,8.0,0.00,ARMED,,21.2
1791267772969,28.552897,77.376600,9.0,CNG,9.20,14.9,2,735,38.0,2.83,48.0,89.0,-2.34,0.78,13.6,0.0,9.0,0.00,ARMED,,21.6
1791267773832,28.552897,77.376600,10.0,CNG,11.37,22.4,2,770,65.9,2.41,93.0,89.0,-1.56,-3.13,13.6,10.2,9.5,0.29,ARMED,,13.3
1791267774361,28.552871,77.376591,12.0,CNG,7.78,22.4,2,877,65.9,8.69,93.0,89.0,-1.56,-3.13,13.6,10.2,11.2,1.15,ARMED,,25.1
1791267774895,28.552841,77.376579,13.0,CNG,11.69,21.6,2,959,65.9,1.77,93.0,89.0,-1.56,-3.13,13.6,9.1,12.4,1.49,ARMED,,12.2
1791267775820,28.552841,77.376579,13.0,CNG,11.60,20.8,2,978,42.7,4.62,46.0,89.0,3.13,-2.34,13.4,8.0,13.1,1.46,ARMED,,16.9
1791267776300,28.552810,77.376567,14.0,CNG,13.30,20.0,2,1021,42.7,3.49,46.0,90.0,3.13,-2.34,13.4,7.0,13.9,1.15,ARMED,,14.9
1791267776818,28.552810,77.376567,14.0,CNG,14.29,23.1,2,1040,42.7,3.59,46.0,90.0,3.13,-2.34,13.6,11.2,14.2,0.99,ARMED,,15.7
1791267777882,28.552739,77.376548,14.0,CNG,10.79,23.1,2,1073,58.4,7.15,67.0,90.0,0.00,-3.13,13.6,11.2,14.5,0.94,ARMED,,19.2
1791267778390,28.552739,77.376548,17.0,CNG,11.22,23.1,2,1248,58.4,5.91,67.0,90.0,0.00,-3.13,13.5,11.2,16.4,1.42,ARMED,,18.4
1791267778948,28.552696,77.376542,18.0,CNG,10.79,23.5,2,1359,58.4,7.13,67.0,90.0,0.00,-3.13,13.5,11.8,17.7,1.72,ARMED,,19.2
1791267779875,28.552645,77.376543,19.0,CNG,11.23,22.4,2,1438,40.0,6.56,37.0,90.0,0.00,0.00,13.7,10.2,18.9,1.90,ARMED,,18.4
1791267780370,28.552645,77.376543,20.0,CNG,15.31,14.9,3,1022,40.0,2.82,37.0,90.0,0.00,0.00,13.7,0.0,20.0,0.00,ARMED,,15.3
1791267780924,28.552594,77.376541,20.0,CNG,11.18,23.9,,907,40.0,10.03,37.0,90.0,0.00,0.00,13.7,12.3,20.0,0.00,ARMED,,20.8
1791267781761,28.552594,77.376541,20.0,CNG,10.74,23.5,3,1127,76.5,8.05,86.0,90.0,1.56,-3.13,13.7,11.8,20.0,0.00,ARMED,,21.2
1791267782294,28.552540,77.376543,22.0,CNG,12.49,22.0,3,1121,76.5,5.65,86.0,90.0,1.56,-3.13,13.5,9.6,21.3,0.75,ARMED,,18.8
1791267782791,28.552540,77.376543,22.0,CNG,13.07,21.6,3,1141,76.5,6.43,86.0,90.0,1.56,-3.13,13.5,9.1,21.9,0.79,ARMED,,18.4
1791267783711,28.552482,77.376550,23.0,CNG,14.36,20.4,3,1175,48.6,5.66,57.0,90.0,-1.56,-2.34,13.6,7.5,22.6,1.01,ARMED,,18.4
1791267784245,28.552425,77.376567,23.0,CNG,16.24,21.2,3,1209,48.6,4.71,57.0,90.0,-1.56,-2.34,13.6,8.6,23.2,0.79,ARMED,,17.3
1791267784836,28.552425,77.376567,24.0,CNG,15.69,21.6,3,1209,48.6,6.55,57.0,90.0,-1.56,-2.34,13.5,9.1,23.3,0.61,ARMED,,18.4
1791267785717,28.552371,77.376598,24.0,CNG,15.30,21.6,3,1246,50.6,6.64,59.0,90.0,0.78,-2.34,13.5,9.1,23.7,0.63,ARMED,,18.4
1791267786304,28.552320,77.376637,25.0,CNG,15.83,21.6,3,1292,50.6,6.14,59.0,90.0,0.78,-2.34,13.7,9.1,24.6,0.71,ARMED,,18.8
1791267786787,28.552320,77.376637,26.0,CNG,16.36,21.6,3,1307,50.6,6.19,59.0,90.0,0.78,-2.34,13.7,9.1,25.0,0.72,ARMED,,18.4
1791267787681,28.552270,77.376681,25.0,CNG,16.12,21.6,3,1304,48.2,6.48,58.0,90.0,0.00,-2.34,13.6,9.1,25.2,0.67,ARMED,,18.4
1791267788168,28.552221,77.376729,26.0,CNG,16.43,18.0,3,1360,48.2,6.29,58.0,90.0,0.00,-2.34,13.6,4.3,26.0,0.73,ARMED,,18.8
1791267788700,28.552221,77.376729,27.0,CNG,18.08,20.4,3,1391,48.2,5.24,58.0,90.0,0.00,-2.34,13.6,7.5,26.5,0.78,ARMED,,17.6
1791267789585,28.552170,77.376779,27.0,CNG,19.71,17.6,3,1383,32.2,4.87,34.0,90.0,0.00,0.00,13.6,3.7,26.7,0.72,ARMED,,16.9
1791267790156,28.552115,77.376823,27.0,CNG,19.89,22.4,,919,32.2,5.47,34.0,90.0,0.00,0.00,13.6,10.2,27.0,0.00,ARMED,,18.4
1791267790642,28.552115,77.376823,28.0,CNG,20.65,22.4,4,1057,32.2,5.24,34.0,90.0,0.00,0.00,13.6,10.2,28.0,0.00,ARMED,,18.0
1791267791582,28.552068,77.376873,28.0,CNG,20.58,22.4,4,1087,55.7,5.59,63.0,90.0,-1.56,-2.34,13.6,10.2,28.0,0.00,ARMED,,18.0
1791267792085,28.552014,77.376929,29.0,CNG,20.39,22.7,4,1122,55.7,5.89,63.0,90.0,-1.56,-2.34,13.6,10.7,28.7,0.39,ARMED,,18.4
1791267792606,28.552014,77.376929,30.0,CNG,20.28,22.7,4,1153,55.7,6.09,63.0,90.0,-1.56,-2.34,13.6,10.7,29.4,0.70,ARMED,,18.4
1791267793498,28.551960,77.376988,30.0,CNG,21.06,19.6,4,1177,46.7,5.50,40.0,90.0,0.78,-2.34,13.6,6.4,29.9,0.73,ARMED,,18.4
1791267793998,28.551902,77.377039,31.0,CNG,21.92,21.6,4,1185,46.7,5.44,40.0,90.0,0.78,-2.34,13.4,9.1,30.4,0.68,ARMED,,17.6
1791267794477,28.551902,77.377039,31.0,CNG,26.49,22.4,4,1218,46.7,3.34,40.0,90.0,0.78,-2.34,13.4,10.2,30.9,0.74,ARMED,,15.3
1791267795392,28.551838,77.377096,30.0,CNG,26.30,23.1,4,1179,47.8,4.71,63.0,90.0,2.34,-2.34,13.7,11.2,30.7,0.43,ARMED,,17.3
1791267795906,28.551778,77.377146,31.0,CNG,23.99,23.1,4,1212,47.8,5.96,63.0,90.0,2.34,-2.34,13.7,11.2,31.0,0.40,ARMED,,18.8
1791267796425,28.551778,77.377146,32.0,CNG,22.72,23.1,4,1238,47.8,6.19,63.0,90.0,2.34,-2.34,13.8,11.2,31.4,0.51,ARMED,,18.8
1791267797520,28.551721,77.377210,32.0,CNG,22.11,23.1,4,1265,51.4,6.15,69.0,90.0,1.56,-2.34,13.7,11.2,32.0,0.70,ARMED,,18.8
1791267798087,28.551660,77.377274,34.0,CNG,19.84,22.7,4,1320,51.4,8.00,69.0,90.0,1.56,-2.34,13.7,10.7,33.5,1.10,ARMED,,20.0
1791267798627,28.551660,77.377274,34.0,CNG,18.94,22.7,4,1336,51.4,7.81,69.0,90.0,1.56,-2.34,13.7,10.7,34.2,1.10,ARMED,,20.0
1791267799497,28.551605,77.377346,35.0,CNG,18.62,22.7,4,1363,56.5,7.87,64.0,90.0,0.78,-2.34,13.6,10.7,34.8,1.12,ARMED,,20.0
1791267799992,28.551538,77.377409,36.0,CNG,20.67,21.6,4,1389,56.5,6.01,64.0,90.0,0.78,-2.34,13.6,9.1,35.6,1.09,ARMED,,18.4
1791267800518,28.551538,77.377409,36.0,CNG,21.23,21.6,4,1388,56.5,6.66,64.0,90.0,0.78,-2.34,13.5,9.1,35.9,0.92,ARMED,,18.8
1791267801400,28.551469,77.377486,36.0,CNG,21.45,21.6,4,1400,43.5,6.75,51.0,91.0,-0.78,-2.34,13.5,9.1,36.1,0.77,ARMED,,18.4
1791267801949,28.551402,77.377561,36.0,CNG,22.55,20.4,4,1407,43.5,6.03,51.0,91.0,-0.78,-2.34,13.5,7.5,36.3,0.47,ARMED,,17.6
1791267802434,28.551402,77.377561,36.0,CNG,24.38,20.4,4,1407,43.5,5.31,51.0,90.0,-0.78,-2.34,13.5,7.5,36.3,0.33,ARMED,,17.6
1791267803356,28.551347,77.377634,36.0,CNG,25.04,20.4,4,1413,36.9,5.64,50.0,90.0,0.00,-2.34,13.6,7.5,36.3,0.30,ARMED,,17.6
1791267803842,28.551284,77.377700,36.0,CNG,25.24,20.4,4,1419,36.9,5.76,50.0,90.0,0.00,-2.34,13.6,7.5,36.4,0.24,ARMED,,17.6
1791267804414,28.551284,77.377700,37.0,CNG,28.02,20.4,4,1430,36.9,4.53,50.0,90.0,0.00,-2.34,13.8,7.5,36.6,0.25,ARMED,,16.5
1791267805291,28.551231,77.377763,37.0,CNG,30.78,20.4,4,1425,26.3,4.20,37.0,90.0,-1.56,-2.34,13.8,7.5,36.6,0.22,ARMED,,16.1
1791267805894,28.551167,77.377835,37.0,CNG,34.97,23.5,4,1428,26.3,3.45,37.0,90.0,-1.56,-2.34,13.7,11.8,36.7,0.18,ARMED,,14.9
1791267806423,28.551167,77.377835,37.0,CNG,37.75,19.6,4,1429,26.3,3.53,37.0,90.0,-1.56,-2.34,13.7,6.4,36.7,0.16,ARMED,,15.7
1791267807330,28.551106,77.377903,37.0,CNG,42.21,18.4,4,1430,21.2,2.95,34.0,90.0,-0.78,-2.34,13.5,4.8,36.7,0.15,ARMED,,15.3
1791267807856,28.551040,77.377970,36.0,CNG,43.02,18.8,4,1413,21.2,3.32,34.0,90.0,-0.78,-2.34,13.5,5.4,36.4,-0.11,ARMED,,14.9
1791267808366,28.551040,77.377970,36.0,CNG,46.17,18.8,4,1397,21.2,2.83,34.0,90.0,-0.78,-2.34,13.4,5.4,36.1,-0.27,ARMED,,14.9
1791267809265,28.550972,77.378035,35.0,CNG,39.75,21.2,4,1372,23.5,4.38,35.0,90.0,0.78,-2.34,13.4,8.6,35.6,-0.50,ARMED,,16.1
1791267809819,28.550972,77.378035,36.0,CNG,37.94,21.2,4,1381,23.5,4.14,35.0,90.0,0.78,-2.34,13.7,8.6,35.3,-0.44,ARMED,,16.1
1791267810351,28.550906,77.378105,36.0,CNG,34.87,21.2,4,1395,23.5,4.73,35.0,90.0,0.78,-2.34,13.7,8.6,35.5,-0.23,ARMED,,17.3
1791267811227,28.550837,77.378173,36.0,CNG,32.12,21.2,4,1395,32.5,5.12,43.0,90.0,-0.78,-2.34,13.8,8.6,35.6,-0.09,ARMED,,16.9
1791267811715,28.550837,77.378173,36.0,CNG,31.68,21.2,4,1406,32.5,4.74,43.0,90.0,-0.78,-2.34,13.8,8.6,35.9,0.14,ARMED,,16.9
1791267812270,28.550775,77.378245,36.0,CNG,32.89,20.8,4,1402,32.5,4.22,43.0,90.0,-0.78,-2.34,13.6,8.0,36.0,0.14,ARMED,,16.9
1791267813144,28.550706,77.378317,36.0,CNG,32.90,20.8,4,1421,28.6,4.47,36.0,90.0,-1.56,-2.34,13.6,8.0,36.2,0.26,ARMED,,16.5
1791267813677,28.550706,77.378317,36.0,CNG,36.50,18.8,4,1415,28.6,3.37,36.0,90.0,-1.56,-2.34,13.8,5.4,36.4,0.23,ARMED,,15.7
1791267814181,28.550637,77.378389,36.0,CNG,39.86,14.9,4,1400,28.6,3.18,36.0,89.0,-1.56,-2.34,13.8,0.0,36.2,0.06,ARMED,,14.9
1791267815079,28.550569,77.378455,36.0,CNG,43.96,14.9,4,1400,20.8,2.83,31.0,89.0,0.00,0.00,13.6,0.0,36.1,0.01,ARMED,,15.3
1791267815645,28.550569,77.378455,35.0,CNG,44.41,14.9,4,1342,20.8,3.17,31.0,89.0,0.00,0.00,13.6,0.0,35.0,-0.61,ARMED,,14.9
1791267816160,28.550504,77.378522,34.0,CNG,48.24,14.9,4,1317,20.8,2.49,31.0,89.0,0.00,0.00,13.4,0.0,34.2,-0.86,ARMED,,14.9
1791267817148,28.550444,77.378587,33.0,CNG,50.60,14.9,4,1281,21.6,2.46,33.0,89.0,0.00,0.00,13.5,0.0,33.4,-1.12,ARMED,,14.5
1791267817698,28.550444,77.378587,29.0,CNG,49.24,14.9,4,1135,21.6,2.52,33.0,89.0,0.00,0.00,13.7,0.0,30.0,-2.36,ARMED,,14.1
1791267818262,28.550391,77.378642,27.0,CNG,38.95,14.9,4,1064,21.6,3.89,33.0,89.0,0.00,0.00,13.7,0.0,28.0,-2.78,ARMED,,15.7
1791267819164,28.550346,77.378693,25.0,CNG,35.06,14.9,4,1001,32.2,3.44,42.0,89.0,0.00,0.78,13.3,0.0,26.0,-3.03,ARMED,,14.9
1791267819701,28.550346,77.378693,24.0,CNG,33.36,22.4,4,839,32.2,3.19,42.0,89.0,0.00,0.78,13.3,10.2,22.1,-3.64,ARMED,,14.5
1791267820272,28.550302,77.378739,24.0,CNG,21.88,22.0,3,1171,32.2,7.03,42.0,89.0,0.00,0.78,13.6,9.6,24.0,0.00,ARMED,,19.6
1791267821142,28.550258,77.378787,24.0,CNG,21.14,20.0,3,1249,41.2,4.89,50.0,89.0,-1.56,-3.13,13.6,7.0,24.0,0.00,ARMED,,16.9
1791267821694,28.550258,77.378787,24.0,CNG,24.34,20.4,3,1236,41.2,3.08,50.0,89.0,-1.56,-3.13,13.4,7.5,24.0,0.00,ARMED,,14.5
1791267822232,28.550215,77.378834,24.0,CNG,22.31,20.0,3,1219,41.2,4.96,50.0,89.0,-1.56,-3.13,13.4,7.0,24.0,0.00,ARMED,,17.3
1791267823140,28.550168,77.378881,24.0,CNG,25.82,20.0,3,1230,27.1,2.89,39.0,89.0,-2.34,-2.34,13.7,7.0,24.0,0.00,ARMED,,15.3
1791267823667,28.550168,77.378881,24.0,CNG,28.97,14.9,3,1215,27.1,2.76,39.0,89.0,-2.34,-2.34,13.7,0.0,23.8,-0.06,ARMED,,14.9
1791267824186,28.550123,77.378932,24.0,CNG,31.97,14.9,4,973,27.1,2.59,39.0,89.0,-2.34,-2.34,13.5,0.0,24.0,0.00,ARMED,,13.3
1791267825051,28.550080,77.378978,24.0,CNG,29.19,19.6,5,802,33.7,3.80,42.0,89.0,0.00,-2.34,13.5,6.4,24.0,0.00,ARMED,,16.1
1791267825605,28.550080,77.378978,22.0,CNG,21.77,21.6,2,1709,33.7,5.85,42.0,89.0,0.00,-2.34,13.8,9.1,22.0,0.00,ARMED,,17.6
1791267826103,28.550040,77.379023,23.0,CNG,19.58,21.2,2,1697,33.7,5.53,42.0,89.0,0.00,-2.34,13.8,8.6,22.5,0.29,ARMED,,17.3
1791267826989,28.549998,77.379069,23.0,CNG,20.70,19.2,2,1708,20.8,4.15,30.0,88.0,-6.25,-3.13,13.7,5.9,22.8,0.35,ARMED,,15.7
1791267827505,28.549998,77.379069,23.0,CNG,19.44,20.8,2,1749,20.8,5.28,30.0,89.0,-6.25,-3.13,13.7,8.0,23.0,0.32,ARMED,,16.9
1791267828026,28.549958,77.379114,23.0,CNG,20.04,20.8,2,1710,20.8,4.47,30.0,89.0,-6.25,-3.13,13.7,8.0,23.1,0.29,ARMED,,16.5
1791267828871,28.549916,77.379161,23.0,CNG,20.45,20.8,2,1732,23.1,4.46,34.0,88.0,-1.56,-3.13,13.7,8.0,23.3,0.30,ARMED,,16.5
1791267829378,28.549916,77.379161,23.0,CNG,21.53,18.8,2,1708,23.1,4.02,34.0,88.0,-1.56,-3.13,13.7,5.4,23.2,0.09,ARMED,,15.7
1791267829862,28.549867,77.379187,23.0,CNG,21.94,18.8,2,1715,23.1,4.16,34.0,88.0,-1.56,-3.13,13.7,5.4,23.1,0.07,ARMED,,15.7
1791267830761,28.549867,77.379187,23.0,CNG,23.25,18.8,2,1684,19.6,3.68,32.0,88.0,0.78,-3.13,13.6,5.4,22.9,-0.08,ARMED,,15.7
1791267831247,28.549822,77.379230,23.0,CNG,23.33,20.4,2,1675,19.6,4.01,32.0,88.0,0.78,-3.13,13.6,7.5,22.7,-0.13,ARMED,,15.7
1791267831762,28.549822,77.379230,22.0,CNG,24.15,22.4,2,1691,19.6,3.52,32.0,88.0,0.78,-3.13,13.6,10.2,22.7,-0.11,ARMED,,15.7
1791267832675,28.549776,77.379277,23.0,CNG,21.18,20.4,2,1718,25.5,5.24,35.0,88.0,0.78,-2.34,13.6,7.5,22.9,0.04,ARMED,,17.6
1791267833211,28.549735,77.379327,23.0,CNG,21.28,20.4,2,1727,25.5,4.39,35.0,88.0,0.78,-2.34,13.7,7.5,23.1,0.10,ARMED,,16.5
1791267833694,28.549735,77.379327,23.0,CNG,22.63,20.4,2,1740,25.5,3.76,35.0,88.0,0.78,-2.34,13.7,7.5,23.3,0.14,ARMED,,16.5
1791267834652,28.549697,77.379370,24.0,CNG,20.05,20.8,2,1771,28.6,5.69,41.0,88.0,-0.78,-2.34,13.5,8.0,23.6,0.27,ARMED,,17.6
1791267835152,28.549657,77.379417,24.0,CNG,18.32,20.8,2,1782,28.6,6.03,41.0,87.0,-0.78,-2.34,13.5,8.0,23.9,0.30,ARMED,,18.0
1791267835725,28.549657,77.379417,24.0,CNG,15.27,22.7,2,1741,28.6,8.00,41.0,87.0,-0.78,-2.34,13.6,10.7,23.8,0.11,ARMED,,19.6
1791267836789,28.549615,77.379470,24.0,CNG,14.43,21.6,2,1756,36.5,7.36,48.0,87.0,-1.56,-2.34,13.6,9.1,23.7,0.08,ARMED,,18.8
1791267837317,28.549573,77.379524,24.0,CNG,14.32,21.6,2,1824,36.5,6.92,48.0,87.0,-1.56,-2.34,13.6,9.1,24.3,0.36,ARMED,,19.2
1791267837848,28.549525,77.379566,25.0,CNG,14.07,21.6,2,1859,36.5,7.45,48.0,87.0,-1.56,-2.34,13.6,9.1,24.8,0.50,ARMED,,19.2
1791267838838,28.549465,77.379612,25.0,CNG,13.93,21.6,2,1885,34.5,7.45,47.0,87.0,0.00,-2.34,13.6,9.1,25.2,0.55,ARMED,,18.8
1791267839383,28.549465,77.379612,26.0,CNG,14.43,21.6,2,1921,34.5,6.99,47.0,87.0,0.00,-2.34,13.6,9.1,25.8,0.57,ARMED,,18.8
1791267839915,28.549420,77.379658,26.0,CNG,14.95,21.2,2,1933,34.5,6.73,47.0,87.0,0.00,-2.34,13.6,8.6,26.0,0.56,ARMED,,18.8
1791267840809,28.549420,77.379658,26.0,CNG,16.46,20.8,2,1947,23.1,5.50,33.0,87.0,3.13,-3.13,13.6,8.0,26.3,0.53,ARMED,,17.3
1791267841311,28.549374,77.379704,26.0,CNG,19.67,20.4,2,1950,23.1,3.84,33.0,87.0,3.13,-3.13,13.8,7.5,26.4,0.33,ARMED,,16.5
1791267841787,28.549374,77.379704,26.0,CNG,21.81,14.9,2,1922,23.1,4.08,33.0,87.0,3.13,-3.13,13.8,0.0,26.2,0.13,ARMED,,16.1
1791267842765,28.549328,77.379758,26.0,CNG,22.12,22.0,2,1927,21.2,4.70,41.0,87.0,0.00,-3.13,13.6,9.6,26.1,0.07,ARMED,,16.5
1791267843315,28.549284,77.379802,26.0,CNG,19.22,22.0,2,1920,21.2,6.61,41.0,88.0,0.00,-3.13,13.6,9.6,25.9,0.01,ARMED,,18.0
1791267843827,28.549284,77.379802,26.0,CNG,18.74,22.0,2,1948,21.2,5.88,41.0,88.0,0.00,-3.13,13.8,9.6,26.1,0.05,ARMED,,18.0
1791267844715,28.549236,77.379856,27.0,CNG,18.26,22.0,2,1988,27.5,6.27,41.0,88.0,0.78,-2.34,13.8,9.6,26.4,0.24,ARMED,,18.0
1791267845272,28.549189,77.379907,27.0,CNG,18.55,22.0,2,2024,27.5,5.81,41.0,88.0,0.78,-2.34,13.7,9.6,27.0,0.46,ARMED,,18.0
1791267845738,28.549189,77.379907,27.0,CNG,18.80,22.0,2,2054,27.5,5.75,41.0,88.0,0.78,-2.34,13.7,9.6,27.4,0.51,ARMED,,18.0
1791267846623,28.549139,77.379962,28.0,CNG,19.31,22.0,2,2070,25.1,5.70,37.0,88.0,0.78,-3.13,13.6,9.6,27.7,0.53,ARMED,,18.0
1791267847125,28.549090,77.380014,28.0,CNG,19.76,21.6,2,2123,25.1,5.59,37.0,88.0,0.78,-3.13,13.6,9.1,28.4,0.59,ARMED,,17.6
1791267847655,28.549090,77.380014,28.0,CNG,20.57,21.6,2,2107,25.1,5.23,37.0,88.0,0.78,-3.13,13.5,9.1,28.5,0.47,ARMED,,17.3
1791267848572,28.549041,77.380053,28.0,CNG,20.30,21.2,2,2082,21.6,5.75,34.0,88.0,1.56,-3.13,13.5,8.6,28.3,0.22,ARMED,,17.3
1791267849108,28.548995,77.380110,28.0,CNG,21.20,14.9,2,2076,21.6,5.04,34.0,88.0,1.56,-3.13,13.7,0.0,28.1,-0.04,ARMED,,16.9
1791267849621,28.548995,77.380110,27.0,CNG,22.18,14.9,2,2038,21.6,4.62,34.0,88.0,1.56,-3.13,13.7,0.0,27.7,-0.25,ARMED,,16.5
1791267850629,28.548947,77.380163,27.0,CNG,24.13,17.3,2,1977,18.0,3.96,31.0,88.0,0.00,-3.13,13.6,3.2,27.1,-0.56,ARMED,,16.5
1791267851117,28.548899,77.380214,26.0,CNG,25.27,17.3,2,1947,18.0,3.89,31.0,88.0,0.00,-3.13,13.6,3.2,26.2,-0.72,ARMED,,16.5
1791267851613,28.548899,77.380214,25.0,CNG,25.91,14.9,2,1889,18.0,3.78,31.0,88.0,0.00,-3.13,13.6,0.0,25.6,-0.87,ARMED,,16.1
1791267852476,28.548851,77.380261,25.0,CNG,26.86,14.9,2,1812,20.4,3.59,32.0,89.0,0.00,0.00,13.6,0.0,24.8,-1.13,ARMED,,16.1
1791267853001,28.548813,77.380299,18.0,CNG,27.76,14.9,2,1359,20.4,2.46,32.0,89.0,0.00,0.00,13.6,0.0,20.1,-3.24,ARMED,,14.5
1791267853524,28.548813,77.380299,14.0,CNG,28.41,14.9,,859,20.4,1.90,32.0,89.0,0.00,0.00,13.6,0.0,14.0,0.00,ARMED,,12.2
1791267854378,28.548790,77.380317,11.0,CNG,27.32,14.9,2,812,22.4,1.81,36.0,89.0,0.00,0.78,13.5,0.0,11.0,0.00,ARMED,,11.8
1791267854857,28.548774,77.380323,11.0,CNG,27.40,14.9,,723,22.4,1.63,36.0,89.0,0.00,0.78,13.5,0.0,11.0,0.00,ARMED,,13.7
1791267855389,28.548774,77.380323,11.0,CNG,13.95,23.9,2,749,22.4,6.23,36.0,89.0,0.00,0.78,13.5,12.3,11.0,0.00,ARMED,,18.4
1791267856406,28.548753,77.380340,11.0,CNG,8.69,23.1,,1059,63.9,8.57,52.0,89.0,-3.13,0.00,13.3,11.2,11.0,0.00,ARMED,,22.4
1791267856931,28.548722,77.380357,12.0,CNG,7.89,22.4,2,928,63.9,7.08,52.0,89.0,-3.13,0.00,13.7,10.2,12.0,0.00,ARMED,,18.8
1791267857434,28.548722,77.380357,13.0,CNG,7.72,22.4,2,988,63.9,7.10,52.0,89.0,-3.13,0.00,13.7,10.2,12.5,0.29,ARMED,,20.0
1791267858328,28.548697,77.380364,14.0,CNG,8.84,21.2,2,1021,57.6,5.22,59.0,89.0,-4.69,-3.13,13.6,8.6,13.3,0.67,ARMED,,17.6
1791267858864,28.548671,77.380382,14.0,CNG,9.99,20.4,2,1069,57.6,4.68,59.0,89.0,-4.69,-3.13,13.6,7.5,14.0,0.70,ARMED,,16.9
1791267859376,28.548671,77.380382,14.0,CNG,10.28,20.4,2,1078,57.6,5.33,59.0,89.0,-4.69,-3.13,13.5,7.5,14.2,0.65,ARMED,,17.3
1791267860275,28.548646,77.380401,15.0,CNG,12.95,18.0,2,1096,35.7,3.06,39.0,90.0,-3.13,0.78,13.5,4.3,14.4,0.62,ARMED,,15.7
1791267860855,28.548625,77.380422,15.0,CNG,14.33,14.9,2,1069,35.7,3.63,39.0,90.0,-3.13,0.78,13.5,0.0,14.3,0.22,ARMED,,14.9
1791267861342,28.548625,77.380422,14.0,CNG,12.86,21.6,2,947,35.7,5.16,39.0,90.0,-3.13,0.78,13.5,9.1,13.4,-0.35,ARMED,,17.3
1791267862261,28.548601,77.380450,14.0,CNG,11.82,22.0,2,1053,60.8,5.44,67.0,90.0,-2.34,-3.13,13.7,9.6,13.5,-0.20,ARMED,,18.4
1791267862745,28.548601,77.380450,15.0,CNG,12.07,21.6,2,1147,60.8,4.92,67.0,90.0,-2.34,-3.13,13.7,9.1,14.5,0.47,ARMED,,17.3
1791267863298,28.548578,77.380485,16.0,CNG,12.65,22.4,2,1190,60.8,4.84,67.0,90.0,-2.34,-3.13,13.8,10.2,15.2,0.73,ARMED,,17.6
1791267864195,28.548552,77.380523,17.0,CNG,12.79,22.4,2,1258,43.5,5.35,54.0,90.0,-1.56,-3.13,13.8,10.2,16.1,1.03,ARMED,,18.0
1791267864713,28.548552,77.380523,18.0,CNG,12.12,22.7,2,1357,43.5,6.49,54.0,90.0,-1.56,-3.13,13.7,10.7,17.6,1.39,ARMED,,18.4
1791267865213,28.548521,77.380567,19.0,CNG,12.06,22.7,2,1421,43.5,6.48,54.0,90.0,-1.56,-3.13,13.7,10.7,18.6,1.52,ARMED,,18.4
1791267866102,28.548478,77.380629,20.0,CNG,12.61,22.7,2,1472,38.8,6.09,50.0,91.0,-0.78,-3.13,13.8,10.7,19.4,1.55,ARMED,,18.4
1791267866660,28.548478,77.380629,21.0,CNG,13.16,22.4,2,1567,38.8,6.14,50.0,91.0,-0.78,-3.13,13.8,10.2,20.8,1.53,ARMED,,18.4
1791267867211,28.548438,77.380669,22.0,CNG,14.03,21.2,2,1611,38.8,5.85,50.0,91.0,-0.78,-3.13,13.7,8.6,21.5,1.51,ARMED,,17.6
1791267868102,28.548402,77.380723,22.0,CNG,17.62,14.9,2,1659,21.2,3.27,33.0,91.0,0.00,0.00,13.7,0.0,22.2,1.47,ARMED,,15.7
1791267868679,28.548402,77.380723,22.0,CNG,22.55,14.9,4,929,21.2,2.38,33.0,91.0,0.00,0.00,13.6,0.0,22.0,0.00,ARMED,,12.9
1791267869248,28.548368,77.380791,21.0,CNG,27.90,14.9,4,820,21.2,1.96,33.0,91.0,0.00,0.00,13.6,0.0,21.5,-0.31,ARMED,,12.9
1791267870170,28.548328,77.380839,20.0,CNG,38.96,14.9,4,725,22.4,0.77,32.0,91.0,0.00,0.78,13.5,0.0,20.7,-0.68,ARMED,,12.2
1791267870722,28.548328,77.380839,18.0,CNG,46.63,14.9,4,709,22.4,1.04,32.0,91.0,0.00,0.78,13.5,0.0,18.6,-1.49,ARMED,,12.2
1791267871292,28.548286,77.380856,17.0,CNG,46.07,14.9,,658,22.4,1.54,32.0,91.0,0.00,0.78,13.6,0.0,17.0,0.00,ARMED,,12.2
1791267872209,28.548241,77.380868,14.0,CNG,42.54,14.9,,651,27.5,1.55,34.0,91.0,-10.94,0.78,13.6,0.0,14.0,0.00,ARMED,,12.5
1791267872753,28.548241,77.380868,7.0,CNG,34.34,14.9,,683,27.5,1.41,34.0,91.0,-10.94,0.78,13.6,0.0,7.0,0.00,ARMED,,12.2
1791267873265,28.548206,77.380864,7.0,CNG,21.16,14.9,,720,27.5,2.78,34.0,91.0,-10.94,0.78,13.6,0.0,7.0,0.00,ARMED,,14.1
1791267874216,28.548186,77.380864,8.0,CNG,19.65,14.9,,762,35.3,1.90,43.0,91.0,-8.59,0.78,13.5,0.0,8.0,0.00,ARMED,,14.1
1791267874718,28.548186,77.380864,9.0,CNG,8.55,24.3,2,749,35.3,8.15,43.0,91.0,-8.59,0.78,13.5,12.8,9.0,0.00,ARMED,,23.1
1791267875277,28.548167,77.380843,10.0,CNG,6.25,24.3,,911,35.3,8.99,43.0,91.0,-8.59,0.78,13.5,12.8,10.0,0.00,ARMED,,26.7
1791267876368,28.548143,77.380831,13.0,CNG,6.14,24.3,2,961,85.9,8.83,71.0,91.0,0.78,-3.13,13.5,12.8,13.0,0.00,ARMED,,23.9
1791267876938,28.548099,77.380819,15.0,CNG,7.39,23.5,2,1166,85.9,6.45,71.0,91.0,0.78,-3.13,13.6,11.8,14.5,0.80,ARMED,,18.4
1791267877414,28.548099,77.380819,16.0,CNG,7.69,23.5,2,1239,85.9,8.09,71.0,91.0,0.78,-3.13,13.6,11.8,15.5,1.13,ARMED,,20.8
1791267878345,28.548078,77.380796,18.0,CNG,7.90,23.5,2,1306,62.0,9.00,68.0,91.0,1.56,-3.13,13.7,11.8,16.9,1.68,ARMED,,20.8
1791267878877,28.548031,77.380741,20.0,CNG,9.53,23.9,2,1502,62.0,6.51,68.0,91.0,1.56,-3.13,13.7,12.3,19.9,2.51,ARMED,,18.4
1791267879378,28.548031,77.380741,21.0,CNG,10.64,22.4,2,1630,62.0,6.90,68.0,91.0,1.56,-3.13,13.6,10.2,21.8,2.81,ARMED,,19.2
1791267880249,28.548001,77.380694,22.0,CNG,8.55,27.1,2,1665,64.3,13.17,73.0,91.0,3.91,-2.34,13.6,16.6,23.0,2.66,ARMED,,23.1
1791267880806,28.548001,77.380694,24.0,CNG,8.74,27.1,2,1785,64.3,10.91,73.0,91.0,3.91,-2.34,13.7,16.6,24.7,2.31,ARMED,,21.6
1791267881319,28.547956,77.380640,25.0,CNG,9.12,26.7,2,1899,64.3,10.58,73.0,91.0,3.91,-2.34,13.7,16.1,25.9,2.28,ARMED,,21.2
1791267882261,28.547905,77.380591,26.0,CNG,9.56,26.7,2,1965,47.5,10.39,55.0,91.0,-0.78,-2.34,13.8,16.1,26.9,2.23,ARMED,,21.2
1791267882768,28.547905,77.380591,28.0,CNG,9.96,25.9,2,2117,47.5,10.87,55.0,91.0,-0.78,-2.34,13.8,15.0,28.8,2.17,ARMED,,21.2
1791267883306,28.547851,77.380536,29.0,CNG,10.61,25.9,2,2195,47.5,10.19,55.0,91.0,-0.78,-2.34,13.7,15.0,29.8,2.15,ARMED,,21.2
1791267884224,28.547790,77.380476,31.0,CNG,14.12,14.9,2,2272,21.6,5.09,33.0,91.0,0.00,0.00,13.7,0.0,30.9,2.12,ARMED,,17.3
1791267884745,28.547790,77.380476,31.0,CNG,15.03,23.9,3,1679,21.6,7.68,33.0,91.0,0.00,0.00,13.4,12.3,31.0,0.00,ARMED,,19.2
1791267885250,28.547733,77.380414,31.0,CNG,15.91,23.9,3,1577,21.6,7.30,33.0,91.0,0.00,0.00,13.4,12.3,31.0,0.00,ARMED,,19.2
1791267886177,28.547670,77.380352,31.0,CNG,16.31,23.9,3,1603,43.1,7.48,53.0,91.0,1.56,-3.13,13.5,12.3,31.0,0.00,ARMED,,19.2
1791267886677,28.547670,77.380352,33.0,CNG,16.55,23.9,3,1673,43.1,7.98,53.0,91.0,1.56,-3.13,13.5,12.3,32.3,0.76,ARMED,,19.6
1791267887173,28.547606,77.380287,33.0,CNG,16.89,23.9,3,1711,43.1,7.75,53.0,91.0,1.56,-3.13,13.8,12.3,32.8,0.80,ARMED,,19.6
1791267888077,28.547544,77.380222,34.0,CNG,17.45,23.9,3,1749,40.8,7.59,52.0,91.0,1.56,-2.34,13.8,12.3,33.5,0.95,ARMED,,19.6
1791267888620,28.547544,77.380222,35.0,CNG,17.93,23.9,3,1806,40.8,7.66,52.0,91.0,1.56,-2.34,13.6,12.3,34.7,1.14,ARMED,,19.6
1791267889100,28.547478,77.380156,36.0,CNG,17.76,23.9,3,1830,40.8,8.41,52.0,90.0,1.56,-2.34,13.6,12.3,35.3,1.15,ARMED,,19.6
1791267890032,28.547408,77.380083,36.0,CNG,18.33,23.9,3,1855,38.4,7.65,53.0,90.0,0.78,-2.34,13.5,12.3,35.9,1.15,ARMED,,19.6
1791267890549,28.547408,77.380083,37.0,CNG,18.85,23.5,3,1919,38.4,7.70,53.0,90.0,0.78,-2.34,13.5,11.8,37.1,1.18,ARMED,,19.6
1791267891089,28.547339,77.380009,38.0,CNG,17.37,23.5,3,1943,38.4,9.94,53.0,90.0,0.78,-2.34,13.4,11.8,37.6,1.16,ARMED,,20.4
1791267891975,28.547260,77.379935,38.0,CNG,17.22,23.5,3,1971,42.0,9.13,54.0,90.0,0.78,-1.56,13.4,11.8,38.2,1.14,ARMED,,20.4
1791267892494,28.547260,77.379935,39.0,CNG,17.26,23.5,3,1999,42.0,9.21,54.0,90.0,0.78,-1.56,13.6,11.8,38.9,0.96,ARMED,,20.4
1791267893113,28.547184,77.379862,39.0,CNG,16.84,23.9,3,2028,42.0,9.79,54.0,90.0,0.78,-1.56,13.6,12.3,39.4,0.92,ARMED,,20.4
1791267894035,28.547106,77.379789,40.0,CNG,16.43,23.9,3,2045,42.0,10.31,54.0,90.0,0.00,-1.56,13.5,12.3,39.7,0.89,ARMED,,20.8
1791267894512,28.547106,77.379789,41.0,CNG,16.77,23.9,3,2091,42.0,9.69,54.0,90.0,0.00,-1.56,13.5,12.3,40.5,0.89,ARMED,,20.8
1791267895061,28.547028,77.379713,41.0,CNG,22.47,14.9,3,1968,42.0,3.77,54.0,90.0,0.00,-1.56,13.5,0.0,39.7,0.09,ARMED,,15.3
1791267896155,28.546948,77.379638,40.0,CNG,18.96,23.9,5,1231,54.9,10.65,62.0,90.0,0.78,-2.34,13.7,12.3,40.0,0.00,ARMED,,21.6
1791267896676,28.546948,77.379638,41.0,CNG,18.16,23.5,4,1598,54.9,9.80,62.0,90.0,0.78,-2.34,13.4,11.8,41.0,0.00,ARMED,,20.8
1791267897202,28.546869,77.379560,42.0,CNG,18.97,23.1,4,1618,54.9,8.47,62.0,90.0,0.78,-2.34,13.4,11.2,41.5,0.30,ARMED,,20.0
1791267898236,28.546789,77.379480,42.0,CNG,21.40,23.1,4,1634,37.6,6.51,49.0,90.0,-3.13,-2.34,13.5,11.2,41.8,0.35,ARMED,,18.8
1791267898831,28.546789,77.379480,43.0,CNG,22.51,23.1,4,1666,37.6,7.22,49.0,90.0,-3.13,-2.34,13.5,11.2,42.8,0.67,ARMED,,18.8
1791267899367,28.546709,77.379400,43.0,CNG,23.35,23.1,4,1676,37.6,7.11,49.0,90.0,-3.13,-2.34,13.6,11.2,43.2,0.69,ARMED,,18.8
1791267900271,28.546627,77.379319,44.0,CNG,24.00,23.1,4,1693,36.9,7.19,51.0,90.0,-0.78,-2.34,13.6,11.2,43.6,0.71,ARMED,,18.8
1791267900808,28.546627,77.379319,44.0,CNG,25.46,23.1,4,1718,36.9,6.43,51.0,90.0,-0.78,-2.34,13.5,11.2,44.3,0.71,ARMED,,18.8
1791267901308,28.546543,77.379234,45.0,CNG,25.61,23.1,4,1732,36.9,7.12,51.0,90.0,-0.78,-2.34,13.5,11.2,44.7,0.72,ARMED,,18.8
1791267902219,28.546459,77.379150,45.0,CNG,26.67,23.1,4,1742,36.1,6.48,48.0,90.0,0.00,-2.34,13.5,11.2,45.0,0.70,ARMED,,18.8
1791267902756,28.546459,77.379150,46.0,CNG,26.44,23.1,4,1775,36.1,7.20,48.0,90.0,0.00,-2.34,13.5,11.2,45.8,0.73,ARMED,,18.8
1791267903256,28.546372,77.379065,46.0,CNG,26.98,23.1,4,1790,36.1,6.76,48.0,90.0,0.00,-2.34,13.8,11.2,46.1,0.74,ARMED,,18.8
1791267904150,28.546283,77.378982,46.0,CNG,27.66,23.1,4,1808,35.3,6.54,48.0,90.0,-0.78,-2.34,13.8,11.2,46.6,0.76,ARMED,,18.8
1791267904679,28.546283,77.378982,47.0,CNG,27.25,23.1,4,1812,35.3,7.20,48.0,90.0,-0.78,-2.34,13.4,11.2,46.9,0.56,ARMED,,18.8
1791267905186,28.546196,77.378901,47.0,CNG,26.96,23.1,4,1812,35.3,7.24,48.0,90.0,-0.78,-2.34,13.4,11.2,47.0,0.43,ARMED,,18.8
1791267906167,28.546112,77.378825,47.0,CNG,27.77,23.1,4,1820,34.9,6.61,49.0,90.0,0.00,-2.34,13.6,11.2,47.1,0.39,ARMED,,18.8
1791267906679,28.546112,77.378825,48.0,CNG,24.64,23.1,4,1844,34.9,9.27,49.0,90.0,0.00,-2.34,13.6,11.2,47.6,0.42,ARMED,,20.0
1791267907223,28.546023,77.378747,48.0,CNG,24.83,23.1,4,1868,34.9,7.81,49.0,90.0,0.00,-2.34,13.5,11.2,48.0,0.55,ARMED,,20.0
1791267908141,28.545929,77.378665,48.0,CNG,23.69,23.1,4,1883,42.4,8.84,53.0,90.0,0.00,-1.56,13.5,11.2,48.4,0.59,ARMED,,20.0
1791267908702,28.545929,77.378665,48.0,CNG,20.75,24.7,4,1874,42.4,11.21,53.0,90.0,0.00,-1.56,13.3,13.4,48.5,0.33,ARMED,,21.2
1791267909220,28.545834,77.378580,49.0,CNG,19.75,24.3,4,1890,42.4,10.85,53.0,90.0,0.00,-1.56,13.3,12.8,48.7,0.34,ARMED,,21.2
1791267910166,28.545737,77.378496,49.0,CNG,19.59,24.3,4,1916,48.6,10.35,56.0,90.0,-1.56,-1.56,13.6,12.8,49.2,0.48,ARMED,,20.8
1791267910675,28.545737,77.378496,50.0,CNG,19.71,24.3,4,1926,48.6,10.27,56.0,90.0,-1.56,-1.56,13.6,12.8,49.7,0.50,ARMED,,20.8
1791267911182,28.545639,77.378411,50.0,CNG,20.16,24.3,4,1951,48.6,9.79,56.0,90.0,-1.56,-1.56,13.7,12.8,50.1,0.62,ARMED,,20.8
1791267912061,28.545538,77.378322,50.0,CNG,20.07,24.3,4,1962,46.3,10.25,38.0,90.0,-2.34,-1.56,13.7,12.8,50.5,0.64,ARMED,,20.8
1791267912601,28.545538,77.378322,51.0,CNG,27.71,18.0,5,1421,46.3,3.34,38.0,90.0,-2.34,-1.56,13.6,4.3,51.0,0.00,ARMED,,14.5
1791267913108,28.545437,77.378236,50.0,CNG,27.61,23.1,,1319,46.3,7.44,38.0,90.0,-2.34,-1.56,13.6,11.2,50.0,0.00,ARMED,,19.6
1791267914029,28.545337,77.378148,50.0,CNG,29.36,23.1,5,1493,40.4,6.30,50.0,90.0,-3.13,-2.34,13.7,11.2,50.0,0.00,ARMED,,18.8
1791267914535,28.545337,77.378148,50.0,CNG,31.01,22.4,5,1507,40.4,6.03,50.0,90.0,-3.13,-2.34,13.7,10.2,50.0,0.00,ARMED,,18.4
1791267915058,28.545237,77.378060,51.0,CNG,32.86,22.4,5,1510,40.4,5.79,50.0,90.0,-3.13,-2.34,13.7,10.2,50.5,0.29,ARMED,,18.0
1791267916136,28.545136,77.377971,51.0,CNG,33.74,22.0,5,1520,35.7,5.93,48.0,90.0,0.00,-2.34,13.7,9.6,50.8,0.34,ARMED,,18.0
1791267916696,28.545136,77.377971,51.0,CNG,34.32,22.0,5,1527,35.7,5.92,48.0,90.0,0.00,-2.34,13.7,9.6,51.0,0.30,ARMED,,17.6
1791267917219,28.545034,77.377881,51.0,CNG,36.14,22.0,5,1533,35.7,5.31,48.0,90.0,0.00,-2.34,13.7,9.6,51.2,0.30,ARMED,,17.6
1791267918118,28.544931,77.377792,51.0,CNG,38.23,21.6,5,1534,32.5,4.98,46.0,90.0,-1.56,-2.34,13.8,9.1,51.3,0.28,ARMED,,17.6
1791267918603,28.544931,77.377792,52.0,CNG,39.74,21.6,5,1536,32.5,5.04,46.0,90.0,-1.56,-2.34,13.8,9.1,51.4,0.24,ARMED,,17.6
1791267919175,28.544830,77.377703,52.0,CNG,39.73,21.6,5,1531,32.5,5.35,46.0,90.0,-1.56,-2.34,13.7,9.1,51.4,0.20,ARMED,,17.6
1791267920083,28.544730,77.377613,52.0,CNG,38.91,21.6,5,1544,31.8,5.63,44.0,90.0,-1.56,-2.34,13.7,9.1,51.6,0.22,ARMED,,17.6
1791267920623,28.544730,77.377613,52.0,CNG,40.12,21.6,5,1548,31.8,5.05,44.0,90.0,-1.56,-2.34,13.7,9.1,51.8,0.23,ARMED,,17.6
1791267921144,28.544627,77.377521,52.0,CNG,39.08,21.6,5,1555,31.8,5.65,44.0,90.0,-1.56,-2.34,13.7,9.1,52.0,0.25,ARMED,,17.6
1791267922010,28.544523,77.377431,52.0,CNG,37.55,21.6,5,1549,37.6,5.99,48.0,90.0,-2.34,-2.34,13.3,9.1,52.0,0.21,ARMED,,18.4
1791267922522,28.544523,77.377431,52.0,CNG,36.22,21.2,5,1544,37.6,6.18,48.0,90.0,-2.34,-2.34,13.3,8.6,51.8,0.03,ARMED,,18.0
1791267923048,28.544421,77.377338,52.0,CNG,34.70,21.6,5,1558,37.6,6.51,48.0,90.0,-2.34,-2.34,13.4,9.1,52.0,0.07,ARMED,,18.4
1791267923908,28.544320,77.377246,52.0,CNG,33.19,21.6,5,1544,39.2,6.82,50.0,90.0,-1.56,-2.34,13.4,9.1,51.9,0.02,ARMED,,18.8
1791267924419,28.544320,77.377246,52.0,CNG,31.52,21.6,5,1548,39.2,7.25,50.0,90.0,-1.56,-2.34,13.7,9.1,51.9,0.01,ARMED,,18.8
1791267924898,28.544219,77.377153,52.0,CNG,31.46,21.6,5,1547,39.2,6.78,50.0,90.0,-1.56,-2.34,13.7,9.1,51.8,0.00,ARMED,,18.8
1791267925787,28.544219,77.377153,52.0,CNG,30.46,21.6,5,1552,40.4,7.31,52.0,90.0,0.00,-2.34,13.7,9.1,51.9,0.02,ARMED,,18.8
1791267926271,28.544117,77.377061,52.0,CNG,30.45,21.6,5,1553,40.4,6.98,52.0,90.0,0.00,-2.34,13.7,9.1,52.0,0.04,ARMED,,18.8
1791267926781,28.544117,77.377061,52.0,CNG,30.12,21.6,5,1557,40.4,7.17,52.0,90.0,0.00,-2.34,13.7,9.1,52.1,0.06,ARMED,,18.8
1791267927659,28.544017,77.376968,52.0,CNG,30.98,21.6,5,1554,40.0,6.57,51.0,90.0,0.00,-2.34,13.7,9.1,52.1,0.05,ARMED,,18.8
1791267928165,28.543917,77.376872,52.0,CNG,30.29,21.6,5,1552,40.0,7.25,51.0,90.0,0.00,-2.34,13.4,9.1,52.0,0.02,ARMED,,18.8
1791267928678,28.543917,77.376872,52.0,CNG,33.59,21.6,5,1561,40.0,5.29,51.0,90.0,0.00,-2.34,13.4,9.1,52.1,0.06,ARMED,,18.0
1791267929562,28.543814,77.376778,52.0,CNG,36.37,21.6,5,1555,31.8,5.12,44.0,90.0,1.56,-2.34,13.6,9.1,52.1,0.04,ARMED,,17.6
1791267930077,28.543714,77.376685,53.0,CNG,37.20,21.6,5,1559,31.8,5.63,44.0,90.0,1.56,-2.34,13.6,9.1,52.2,0.06,ARMED,,17.6
1791267930680,28.543714,77.376685,53.0,CNG,37.62,21.6,5,1565,31.8,5.66,44.0,90.0,1.56,-2.34,13.7,9.1,52.4,0.09,ARMED,,17.6
1791267931552,28.543612,77.376591,53.0,CNG,37.51,21.6,5,1574,31.0,5.80,44.0,90.0,-0.78,-2.34,13.7,9.1,52.6,0.14,ARMED,,17.6
1791267932093,28.543509,77.376498,53.0,CNG,37.53,22.4,5,1576,31.0,5.77,44.0,90.0,-0.78,-2.34,13.8,10.2,52.8,0.17,ARMED,,17.6
1791267932594,28.543509,77.376498,53.0,CNG,37.74,22.4,5,1577,31.0,5.69,44.0,90.0,-0.78,-2.34,13.8,10.2,52.9,0.17,ARMED,,18.0
1791267933498,28.543404,77.376405,53.0,CNG,35.70,22.7,5,1584,36.9,6.56,47.0,90.0,-1.56,-2.34,13.7,10.7,53.0,0.19,ARMED,,18.4
1791267934022,28.543297,77.376312,53.0,CNG,34.60,22.7,5,1591,36.9,6.55,47.0,90.0,-1.56,-2.34,13.7,10.7,53.3,0.22,CANDIDATE,53.3,18.4
1791267934869,28.543190,77.376221,54.0,CNG,35.57,22.7,5,1601,36.9,5.95,47.0,90.0,-1.56,-2.34,13.4,10.7,53.5,0.25,LOCKED,53.5,18.4
1791267935874,28.543084,77.376129,54.0,CNG,34.81,22.7,5,1606,36.5,6.54,47.0,90.0,-0.78,-2.34,13.7,10.7,53.8,0.27,LOCKED,53.5,18.4
1791267936392,28.543084,77.376129,54.0,CNG,44.55,20.4,5,1611,36.5,2.89,47.0,90.0,-0.78,-2.34,13.7,7.5,54.0,0.26,LOCKED,53.5,15.3
1791267936870,28.542979,77.376035,54.0,CNG,42.24,20.4,5,1596,36.5,5.63,47.0,90.0,-0.78,-2.34,13.7,7.5,53.9,0.07,LOCKED,53.5,17.6
1791267937790,28.542979,77.376035,54.0,CNG,43.14,20.4,5,1603,31.0,4.95,42.0,90.0,-2.34,-2.34,13.7,7.5,53.8,0.06,LOCKED,53.5,17.3
1791267938274,28.542873,77.375945,54.0,CNG,44.21,19.6,5,1596,31.0,4.81,42.0,89.0,-2.34,-2.34,13.7,6.4,53.7,-0.01,LOCKED,53.5,17.3
1791267938786,28.542873,77.375945,54.0,CNG,48.06,18.8,5,1586,31.0,3.99,42.0,89.0,-2.34,-2.34,13.5,5.4,53.5,-0.12,LOCKED,53.5,16.5
1791267939645,28.542768,77.375855,53.0,CNG,50.49,18.4,5,1587,23.1,3.96,34.0,89.0,-1.56,-2.34,13.5,4.8,53.4,-0.14,LOCKED,53.5,16.5
1791267940194,28.542660,77.375765,53.0,CNG,49.13,19.6,5,1574,23.1,4.59,34.0,89.0,-1.56,-2.34,13.7,6.4,53.0,-0.21,LOCKED,53.5,16.9
1791267940723,28.542660,77.375765,52.0,CNG,47.85,19.6,5,1554,23.1,4.62,34.0,89.0,-1.56,-2.34,13.7,6.4,52.5,-0.43,LOCKED,53.5,16.9
1791267941682,28.542552,77.375680,52.0,CNG,48.51,19.6,5,1557,28.2,4.29,39.0,89.0,-1.56,-2.34,13.6,6.4,52.3,-0.43,LOCKED,53.5,16.9
1791267942166,28.542447,77.375597,52.0,CNG,42.49,20.4,5,1553,28.2,5.94,39.0,89.0,-1.56,-2.34,13.6,7.5,52.0,-0.38,LOCKED,53.5,17.6
1791267942694,28.542447,77.375597,52.0,CNG,41.76,20.4,5,1557,28.2,5.22,39.0,89.0,-1.56,-2.34,13.6,7.5,52.0,-0.26,LOCKED,53.5,17.6
1791267943579,28.542341,77.375516,52.0,CNG,39.59,20.8,5,1545,33.7,5.79,46.0,89.0,-0.78,-2.34,13.6,8.0,51.9,-0.27,LOCKED,53.5,17.6
1791267944141,28.542233,77.375438,52.0,CNG,41.92,21.2,5,1544,33.7,4.62,46.0,89.0,-0.78,-2.34,13.8,8.6,51.8,-0.24,LOCKED,53.5,16.9
1791267944621,28.542233,77.375438,52.0,CNG,44.59,21.2,5,1534,33.7,4.31,46.0,89.0,-0.78,-2.34,13.8,8.6,51.6,-0.25,LOCKED,53.5,16.9
1791267945538,28.542122,77.375361,52.0,CNG,45.81,21.2,5,1539,28.2,4.45,39.0,89.0,-1.56,-2.34,13.7,8.6,51.6,-0.22,LOCKED,53.5,16.9
1791267946037,28.542013,77.375283,52.0,CNG,44.76,21.2,5,1545,28.2,4.91,39.0,89.0,-1.56,-2.34,13.7,8.6,51.7,-0.01,LOCKED,53.5,16.9
1791267946601,28.542013,77.375283,52.0,CNG,43.98,21.2,5,1541,28.2,4.96,39.0,89.0,-1.56,-2.34,13.5,8.6,51.8,0.00,LOCKED,53.5,16.9
1791267947514,28.541904,77.375208,52.0,CNG,46.16,21.2,5,1545,27.8,4.26,39.0,89.0,-1.56,-2.34,13.5,8.6,51.8,0.02,LOCKED,53.5,16.9
1791267948026,28.541795,77.375132,52.0,CNG,47.16,21.2,5,1548,27.8,4.36,39.0,89.0,-1.56,-2.34,13.8,8.6,51.9,0.05,LOCKED,53.5,16.9
1791267948560,28.541795,77.375132,52.0,CNG,45.57,21.2,5,1529,27.8,4.90,39.0,88.0,-1.56,-2.34,13.8,8.6,51.7,-0.13,LOCKED,53.5,16.9
1791267949517,28.541688,77.375054,52.0,CNG,47.21,20.8,5,1549,27.8,4.26,38.0,88.0,-0.78,-2.34,13.5,8.0,51.8,0.01,LOCKED,53.5,16.9
1791267950010,28.541579,77.374976,51.0,CNG,52.70,19.2,5,1521,27.8,3.25,38.0,88.0,-0.78,-2.34,13.5,5.9,51.3,-0.27,LOCKED,53.5,15.7
1791267950574,28.541579,77.374976,51.0,CNG,54.48,14.9,5,1517,27.8,3.63,38.0,88.0,-0.78,-2.34,13.7,0.0,51.1,-0.31,LOCKED,53.5,15.3
1791267951541,28.541471,77.374900,51.0,CNG,54.91,14.9,5,1526,20.0,3.75,30.0,88.0,0.00,0.00,13.7,0.0,51.1,-0.25,LOCKED,53.5,15.3
1791267952062,28.541364,77.374825,50.0,CNG,58.12,14.9,5,1480,20.0,3.20,30.0,88.0,0.00,0.00,13.8,0.0,50.1,-0.68,LOCKED,53.5,15.3
1791267952548,28.541364,77.374825,48.0,CNG,57.77,14.9,5,1444,20.0,3.43,30.0,88.0,0.00,0.00,13.8,0.0,49.2,-1.04,LOCKED,53.5,15.3
1791267953473,28.541264,77.374756,47.0,CNG,62.61,14.9,5,1386,20.8,2.66,33.0,88.0,0.00,0.00,13.7,0.0,47.6,-1.63,LOCKED,53.5,14.9
1791267953955,28.541166,77.374692,44.0,CNG,61.18,14.9,5,1295,20.8,3.05,33.0,88.0,0.00,0.00,13.7,0.0,44.4,-2.64,LOCKED,53.5,14.5
1791267954473,28.541166,77.374692,43.0,CNG,65.44,14.9,5,1277,20.8,2.38,33.0,88.0,0.00,0.00,13.6,0.0,43.0,-2.66,LOCKED,53.5,14.5
1791267955534,28.541075,77.374633,42.0,CNG,60.29,14.9,5,1252,21.6,3.21,33.0,88.0,0.00,0.00,13.6,0.0,41.9,-2.53,LOCKED,53.5,14.5
1791267956045,28.540986,77.374575,41.0,CNG,39.95,22.0,5,1245,21.6,6.47,33.0,88.0,0.00,0.00,13.7,9.6,41.1,-1.50,LOCKED,53.5,18.8
1791267956565,28.540986,77.374575,40.0,CNG,38.03,15.3,5,1212,21.6,4.63,33.0,88.0,0.00,0.00,13.7,0.5,40.5,-1.45,LOCKED,53.5,16.5
1791267957632,28.540899,77.374520,41.0,CNG,51.05,14.9,5,1181,23.5,1.57,33.0,87.0,0.00,0.00,13.5,0.0,39.7,-1.45,ARMED,,13.3
1791267958224,28.540811,77.374466,40.0,CNG,58.18,14.9,5,1173,23.5,2.20,33.0,87.0,0.00,0.00,13.5,0.0,39.1,-0.88,ARMED,,14.1
1791267958804,28.540811,77.374466,39.0,CNG,59.53,14.9,5,1157,23.5,2.58,33.0,87.0,0.00,0.00,13.7,0.0,38.8,-0.84,ARMED,,14.1
1791267959711,28.540722,77.374420,37.0,CNG,64.15,14.9,5,1130,22.7,2.06,31.0,87.0,0.00,0.00,13.7,0.0,38.1,-0.89,ARMED,,14.1
1791267960215,28.540638,77.374377,36.0,CNG,68.64,14.9,5,1082,22.7,1.90,31.0,87.0,0.00,0.00,13.4,0.0,36.7,-1.28,ARMED,,13.7
1791267960769,28.540638,77.374377,35.0,CNG,78.17,14.9,,812,22.7,1.42,31.0,87.0,0.00,0.00,13.4,0.0,35.0,0.00,ARMED,,12.5
1791267961624,28.540559,77.374335,32.0,CNG,70.88,14.9,,771,22.0,2.14,31.0,87.0,0.00,0.78,13.7,0.0,32.0,0.00,ARMED,,12.5
1791267962112,28.540498,77.374300,24.0,CNG,64.48,14.9,5,706,22.0,1.82,31.0,87.0,0.00,0.78,13.7,0.0,24.0,0.00,ARMED,,12.2
1791267962623,28.540498,77.374300,21.0,CNG,59.83,14.9,,688,22.0,1.66,31.0,87.0,0.00,0.78,13.5,0.0,21.0,0.00,ARMED,,12.2
1791267963518,28.540454,77.374272,20.0,CNG,55.57,14.9,,663,24.7,1.68,34.0,87.0,-3.91,0.78,13.5,0.0,20.0,0.00,ARMED,,12.2
1791267964060,28.540413,77.374246,20.0,CNG,67.36,14.9,,623,24.7,0.75,34.0,87.0,-3.91,0.78,13.4,0.0,20.0,0.00,ARMED,,12.5
1791267964576,28.540413,77.374246,20.0,CNG,51.20,14.9,,658,24.7,2.24,34.0,87.0,-3.91,0.78,13.4,0.0,20.0,0.00,ARMED,,12.9
1791267965451,28.540378,77.374194,20.0,CNG,55.71,14.9,4,703,24.7,1.26,32.0,87.0,-7.81,0.78,13.7,0.0,20.0,0.00,ARMED,,12.5
1791267965956,28.540335,77.374172,19.0,CNG,52.63,14.9,4,721,24.7,1.61,32.0,87.0,-7.81,0.78,13.7,0.0,19.3,-0.38,ARMED,,12.5
1791267966481,28.540335,77.374172,19.0,CNG,61.77,14.9,4,758,24.7,0.91,32.0,87.0,-7.81,0.78,13.7,0.0,19.1,-0.40,ARMED,,12.5
1791267967395,28.540290,77.374173,18.0,CNG,47.91,14.9,4,708,33.7,2.10,61.0,87.0,-1.56,-1.56,13.7,0.0,18.4,-0.66,ARMED,,12.5
1791267967932,28.540253,77.374183,17.0,CNG,21.40,21.6,2,1343,33.7,6.26,61.0,87.0,-1.56,-1.56,13.7,9.1,17.0,0.00,ARMED,,18.0
1791267968446,28.540253,77.374183,18.0,CNG,16.22,22.4,2,1376,33.7,6.20,61.0,87.0,-1.56,-1.56,13.7,10.2,17.5,0.29,ARMED,,18.4
1791267969333,28.540213,77.374215,19.0,CNG,12.95,22.7,2,1401,50.6,7.73,61.0,87.0,1.56,-2.34,13.6,10.7,18.3,0.68,ARMED,,19.2
1791267969831,28.540213,77.374215,20.0,CNG,10.38,24.3,2,1502,50.6,10.04,61.0,87.0,1.56,-2.34,13.6,12.8,19.6,1.11,ARMED,,21.2
1791267970380,28.540185,77.374264,21.0,CNG,9.52,24.3,2,1565,50.6,10.02,61.0,87.0,1.56,-2.34,13.5,12.8,20.6,1.34,ARMED,,20.8
1791267971275,28.540158,77.374319,23.0,CNG,11.12,23.5,2,1674,47.5,6.61,56.0,87.0,-3.91,-1.56,13.5,11.8,21.9,1.68,ARMED,,18.8
1791267971828,28.540158,77.374319,24.0,CNG,10.88,23.9,2,1813,47.5,9.28,56.0,87.0,-3.91,-1.56,13.7,12.3,24.0,2.05,ARMED,,20.4
1791267972363,28.540131,77.374381,25.0,CNG,10.74,23.9,2,1873,47.5,9.69,56.0,87.0,-3.91,-1.56,13.7,12.3,25.2,2.04,ARMED,,20.4
1791267973323,28.540101,77.374444,26.0,CNG,11.20,23.9,2,1944,44.3,8.93,55.0,88.0,-0.78,-1.56,13.7,12.3,26.2,2.02,ARMED,,20.4
1791267973826,28.540101,77.374444,28.0,CNG,11.60,23.9,2,2068,44.3,9.41,55.0,88.0,-0.78,-1.56,13.7,12.3,27.9,1.96,ARMED,,20.4
1791267974331,28.540064,77.374512,28.0,CNG,11.76,23.9,2,2116,44.3,9.54,55.0,88.0,-0.78,-1.56,13.6,12.3,28.6,1.85,ARMED,,20.0
1791267975363,28.540023,77.374579,29.0,CNG,12.81,23.9,2,2160,31.8,8.12,43.0,88.0,-3.91,-1.56,13.8,12.3,29.3,1.66,ARMED,,19.2
1791267975903,28.539981,77.374654,30.0,CNG,13.51,18.8,2,2262,31.8,8.39,43.0,88.0,-3.91,-1.56,13.7,5.4,30.5,1.42,ARMED,,19.6
1791267976406,28.539981,77.374654,31.0,CNG,17.07,14.9,,2016,31.8,4.72,43.0,88.0,-3.91,-1.56,13.7,0.0,31.0,0.00,ARMED,,16.5
1791267977366,28.539943,77.374728,31.0,CNG,19.66,22.7,3,1530,35.3,5.05,48.0,88.0,0.00,-2.34,13.5,10.7,31.0,0.00,ARMED,,17.3
1791267977868,28.539902,77.374802,31.0,CNG,19.10,22.7,3,1594,35.3,6.90,48.0,88.0,0.00,-2.34,13.5,10.7,31.0,0.00,ARMED,,18.4
1791267978396,28.539902,77.374802,32.0,CNG,18.94,22.7,3,1631,35.3,6.99,48.0,88.0,0.00,-2.34,13.6,10.7,31.5,0.29,ARMED,,18.8
1791267979301,28.539860,77.374879,32.0,CNG,19.83,22.0,3,1664,32.9,6.15,46.0,88.0,-0.78,-2.34,13.6,9.6,31.8,0.34,ARMED,,18.4
1791267979985,28.539816,77.374962,33.0,CNG,21.84,21.6,3,1713,32.9,5.28,46.0,88.0,-0.78,-2.34,13.7,9.1,32.8,0.68,ARMED,,17.6
1791267980646,28.539816,77.374962,34.0,CNG,23.67,21.2,3,1734,32.9,5.17,46.0,89.0,-0.78,-2.34,13.7,8.6,33.4,0.71,ARMED,,17.3
1791267981834,28.539771,77.375045,34.0,CNG,25.11,21.6,3,1756,27.5,5.05,39.0,89.0,-1.56,-2.34,13.8,9.1,33.8,0.72,ARMED,,17.3
1791267982490,28.539727,77.375129,35.0,CNG,24.73,20.4,3,1790,27.5,5.91,39.0,89.0,-1.56,-2.34,13.8,7.5,34.6,0.70,ARMED,,17.6
1791267983203,28.539681,77.375218,35.0,CNG,29.41,14.9,3,1784,27.5,3.52,39.0,89.0,-1.56,-2.34,13.5,0.0,34.7,0.49,ARMED,,15.7
1791267984324,28.539645,77.375305,34.0,CNG,30.91,14.9,3,1782,19.6,4.15,34.0,89.0,0.00,0.00,13.5,0.0,34.7,0.25,ARMED,,16.1
1791267985017,28.539602,77.375387,34.0,CNG,27.53,20.8,3,1720,19.6,5.88,34.0,89.0,0.00,0.00,13.3,8.0,33.7,-0.43,ARMED,,18.4
1791267985693,28.539602,77.375387,33.0,CNG,25.49,19.6,3,1725,19.6,5.90,34.0,89.0,0.00,0.00,13.3,6.4,33.4,-0.44,ARMED,,17.6
1791267986810,28.539560,77.375467,33.0,CNG,27.04,19.2,3,1704,25.5,4.52,38.0,89.0,-1.56,-2.34,13.6,5.9,33.0,-0.47,ARMED,,16.9
1791267987406,28.539519,77.375547,33.0,CNG,29.45,18.8,3,1692,25.5,3.96,38.0,89.0,-1.56,-2.34,13.6,5.4,32.7,-0.42,ARMED,,16.5
1791267988047,28.539477,77.375625,32.0,CNG,31.45,18.4,3,1679,25.5,3.72,38.0,89.0,-1.56,-2.34,13.7,4.8,32.4,-0.41,ARMED,,16.1
1791267989159,28.539435,77.375703,32.0,CNG,30.66,18.4,3,1677,22.4,4.43,36.0,89.0,-0.78,-2.34,13.7,4.8,32.3,-0.37,ARMED,,16.1
1791267989701,28.539435,77.375703,32.0,CNG,31.23,18.4,3,1649,22.4,4.07,36.0,89.0,-0.78,-2.34,13.6,4.8,31.9,-0.39,ARMED,,16.1
1791267990200,28.539392,77.375780,32.0,CNG,30.78,18.4,3,1652,22.4,4.34,36.0,89.0,-0.78,-2.34,13.6,4.8,31.8,-0.35,ARMED,,16.1
1791267991128,28.539351,77.375858,32.0,CNG,34.21,18.4,3,1641,20.0,3.18,32.0,89.0,2.34,-2.34,13.5,4.8,31.7,-0.33,CANDIDATE,31.7,15.7
1791267991624,28.539351,77.375858,32.0,CNG,34.08,18.4,3,1636,20.0,3.86,32.0,89.0,2.34,-2.34,13.5,4.8,31.5,-0.28,CANDIDATE,31.5,15.3
1791267992262,28.539312,77.375947,32.0,CNG,36.26,18.4,3,1642,20.0,3.26,32.0,89.0,2.34,-2.34,13.7,4.8,31.6,-0.23,LOCKED,31.6,15.3
1791267993106,28.539277,77.376036,32.0,CNG,36.86,18.4,3,1642,20.0,3.46,32.0,89.0,0.78,-2.34,13.7,4.8,31.6,-0.17,LOCKED,31.6,15.3
1791267993628,28.539277,77.376036,32.0,CNG,35.80,18.8,3,1622,20.0,3.81,32.0,89.0,0.78,-2.34,13.7,5.4,31.4,-0.18,LOCKED,31.6,15.3
1791267994111,28.539245,77.376113,31.0,CNG,35.68,18.4,3,1604,20.0,3.57,32.0,89.0,0.78,-2.34,13.7,4.8,31.2,-0.22,LOCKED,31.6,15.3
1791267995004,28.539213,77.376192,31.0,CNG,35.02,18.4,3,1582,19.6,3.72,32.0,89.0,0.78,-2.34,13.7,4.8,30.9,-0.35,LOCKED,31.6,15.3
1791267995498,28.539213,77.376192,31.0,CNG,35.36,18.4,3,1573,19.6,3.53,32.0,89.0,0.78,-2.34,13.7,4.8,30.5,-0.37,LOCKED,31.6,15.3
1791267996007,28.539181,77.376269,30.0,CNG,35.35,18.4,3,1561,19.6,3.47,32.0,89.0,0.78,-2.34,13.6,4.8,30.3,-0.38,LOCKED,31.6,15.3
1791267997057,28.539152,77.376345,30.0,CNG,34.79,18.4,3,1533,20.0,3.61,32.0,89.0,0.78,-2.34,13.6,4.8,29.9,-0.43,LOCKED,31.6,15.3
1791267997649,28.539152,77.376345,29.0,CNG,37.47,18.4,3,1503,20.0,2.78,32.0,89.0,0.78,-2.34,13.5,4.8,29.2,-0.50,LOCKED,31.6,14.9
1791267998132,28.539123,77.376419,29.0,CNG,39.34,18.4,3,1488,20.0,2.78,32.0,89.0,0.78,-2.34,13.5,4.8,28.9,-0.52,LOCKED,31.6,14.9
1791267999109,28.539093,77.376492,29.0,CNG,38.65,18.4,3,1466,20.4,3.15,35.0,89.0,0.00,-2.34,13.6,4.8,28.5,-0.54,LOCKED,31.6,14.9
1791267999594,28.539093,77.376492,29.0,CNG,34.32,18.8,3,1485,20.4,4.04,35.0,89.0,0.00,-2.34,13.6,5.4,28.6,-0.24,LOCKED,31.6,15.7
1791268000105,28.539064,77.376565,28.0,CNG,31.23,19.2,3,1444,20.4,4.18,35.0,89.0,0.00,-2.34,13.5,5.9,28.2,-0.35,LOCKED,31.6,16.5
1791268000977,28.539035,77.376636,28.0,CNG,30.23,19.2,3,1465,28.2,3.97,41.0,89.0,-0.78,-2.34,13.5,5.9,28.2,-0.30,LOCKED,31.6,16.5
1791268001534,28.539035,77.376636,28.0,CNG,27.02,20.4,3,1456,28.2,4.92,41.0,89.0,-0.78,-2.34,13.6,7.5,28.1,-0.26,LOCKED,31.6,17.3
1791268002037,28.539007,77.376710,28.0,CNG,23.60,21.2,3,1462,28.2,5.78,41.0,89.0,-0.78,-2.34,13.6,8.6,28.2,-0.21,LOCKED,31.6,18.0
1791268003094,28.538977,77.376787,29.0,CNG,19.89,22.4,3,1479,45.5,7.32,54.0,89.0,-2.34,-2.34,13.6,10.2,28.3,-0.03,LOCKED,31.6,18.8
1791268003582,28.538977,77.376787,30.0,CNG,18.69,22.7,3,1534,45.5,7.13,54.0,89.0,-2.34,-2.34,13.6,10.7,29.4,0.55,LOCKED,31.6,19.2
1791268004160,28.538954,77.376858,30.0,CNG,16.85,22.7,3,1542,45.5,8.31,54.0,89.0,-2.34,-2.34,13.7,10.7,29.8,0.59,LOCKED,31.6,20.0
1791268005101,28.538922,77.376938,31.0,CNG,17.12,21.6,3,1579,42.4,7.24,50.0,89.0,0.00,-2.34,13.7,9.1,30.4,0.75,LOCKED,31.6,19.6
1791268005691,28.538922,77.376938,32.0,CNG,17.96,21.6,3,1618,42.4,6.77,50.0,89.0,0.00,-2.34,13.7,9.1,31.3,0.83,LOCKED,31.6,18.8
1791268006224,28.538889,77.377017,32.0,CNG,19.53,21.2,3,1636,42.4,5.85,50.0,89.0,0.00,-2.34,13.7,8.6,31.8,0.82,LOCKED,31.6,17.6
1791268007153,28.538853,77.377098,32.0,CNG,21.51,20.8,3,1662,27.1,5.18,38.0,90.0,1.56,-2.34,13.8,8.0,32.3,0.83,LOCKED,31.6,17.3
1791268007632,28.538853,77.377098,33.0,CNG,24.30,20.8,3,1670,27.1,4.52,38.0,90.0,1.56,-2.34,13.8,8.0,32.7,0.62,LOCKED,31.6,16.9
1791268008169,28.538816,77.377180,33.0,CNG,26.03,20.8,3,1683,27.1,4.64,38.0,90.0,1.56,-2.34,13.8,8.0,32.9,0.59,LOCKED,31.6,16.9
1791268009014,28.538775,77.377260,33.0,CNG,27.51,20.8,3,1700,25.1,4.49,38.0,90.0,0.00,-2.34,13.8,8.0,33.1,0.58,LOCKED,31.6,16.9
1791268009510,28.538775,77.377260,33.0,CNG,27.22,20.8,3,1698,25.1,5.03,38.0,90.0,0.00,-2.34,13.6,8.0,33.2,0.36,LOCKED,31.6,16.9
1791268010009,28.538734,77.377342,33.0,CNG,27.73,20.8,3,1705,25.1,4.73,38.0,90.0,0.00,-2.34,13.6,8.0,33.3,0.33,LOCKED,31.6,16.9
1791268010924,28.538691,77.377423,33.0,CNG,29.18,20.4,3,1714,22.7,4.26,32.0,89.0,-0.78,-2.34,13.7,7.5,33.4,0.31,LOCKED,31.6,16.5
1791268011412,28.538691,77.377423,33.0,CNG,30.23,14.9,3,1703,22.7,4.22,32.0,90.0,-0.78,-2.34,13.7,0.0,33.3,0.09,LOCKED,31.6,15.7
1791268011934,28.538652,77.377504,32.0,CNG,35.81,14.9,4,1344,22.7,2.61,32.0,90.0,-0.78,-2.34,13.5,0.0,32.0,0.00,PAUSED,31.6,14.5
1791268012837,28.538620,77.377565,29.0,CNG,51.36,14.9,5,846,22.4,0.62,31.0,89.0,0.00,0.00,13.5,0.0,29.0,0.00,PAUSED,31.6,12.2
1791268013350,28.538620,77.377565,22.0,CNG,50.81,14.9,5,702,22.4,1.81,31.0,89.0,0.00,0.00,13.5,0.0,24.4,-2.62,PAUSED,31.6,11.8
1791268013847,28.538593,77.377616,21.0,CNG,51.94,20.4,,673,22.4,1.58,31.0,89.0,0.00,0.00,13.5,7.5,21.0,0.00,PAUSED,31.6,11.8
1791268014735,28.538593,77.377616,21.0,CNG,19.49,24.7,,944,72.5,9.30,83.0,89.0,-1.56,-2.34,13.5,13.4,21.0,0.00,PAUSED,31.6,21.2
1791268015215,28.538565,77.377667,22.0,CNG,25.28,21.6,3,1125,72.5,1.87,83.0,89.0,-1.56,-2.34,13.5,9.1,22.0,0.00,PAUSED,31.6,12.5
1791268015808,28.538565,77.377667,22.0,CNG,24.39,14.9,3,1135,72.5,3.89,83.0,89.0,-1.56,-2.34,13.6,0.0,22.0,0.00,PAUSED,31.6,15.7
1791268016847,28.538504,77.377771,22.0,CNG,20.66,24.7,3,1111,49.8,5.37,77.0,90.0,0.00,-2.34,13.6,13.4,22.0,0.00,PAUSED,31.6,17.3
1791268017378,28.538504,77.377771,23.0,CNG,19.66,14.9,3,1185,49.8,5.12,77.0,90.0,0.00,-2.34,13.4,0.0,22.7,0.40,ARMED,,18.4
1791268017866,28.538472,77.377823,23.0,CNG,22.43,22.7,3,1184,49.8,3.32,77.0,90.0,0.00,-2.34,13.4,10.7,23.0,0.41,ARMED,,14.9
1791268018880,28.538440,77.377882,23.0,CNG,19.05,14.9,3,1197,45.5,6.04,45.0,90.0,-4.69,0.00,13.7,0.0,23.2,0.41,ARMED,,18.0
1791268019381,28.538440,77.377882,23.0,CNG,21.97,14.9,3,1171,45.5,3.30,45.0,90.0,-4.69,0.00,13.7,0.0,23.0,0.08,ARMED,,15.3
1791268019901,28.538411,77.377936,21.0,CNG,24.09,14.9,3,1078,45.5,3.00,45.0,90.0,-4.69,0.00,13.7,0.0,22.0,-0.53,ARMED,,14.9
1791268020829,28.538411,77.377936,19.0,CNG,25.10,14.9,3,931,31.0,2.87,39.0,90.0,-1.56,-1.56,13.7,0.0,19.9,-1.64,ARMED,,14.9
1791268021360,28.538385,77.377983,20.0,CNG,16.33,27.8,3,1021,31.0,7.75,39.0,90.0,-1.56,-1.56,13.4,17.7,19.4,-1.11,ARMED,,19.6
1791268021880,28.538361,77.378033,20.0,CNG,12.25,27.8,3,1037,31.0,9.23,39.0,90.0,-1.56,-1.56,13.4,17.7,19.5,-0.71,ARMED,,28.2
1791268022785,28.538361,77.378033,21.0,CNG,11.42,27.1,3,1107,76.1,8.25,82.0,90.0,0.78,-2.34,13.7,16.6,20.3,0.02,ARMED,,22.0
1791268023263,28.538335,77.378086,24.0,CNG,12.51,14.9,3,1221,76.1,6.89,82.0,90.0,0.78,-2.34,13.7,0.0,22.6,1.32,ARMED,,19.6
1791268023794,28.538335,77.378086,24.0,CNG,16.47,22.4,3,1260,76.1,3.37,82.0,90.0,0.78,-2.34,13.6,10.2,23.8,1.68,ARMED,,16.1
1791268024696,28.538308,77.378144,25.0,CNG,16.57,22.4,3,1275,43.9,6.11,55.0,90.0,-2.34,-2.34,13.6,10.2,24.7,1.69,ARMED,,18.0
1791268025254,28.538281,77.378207,26.0,CNG,16.90,22.4,3,1327,43.9,6.12,55.0,90.0,-2.34,-2.34,13.7,10.2,26.0,1.51,ARMED,,18.0
1791268025778,28.538281,77.378207,27.0,CNG,17.87,22.0,3,1368,43.9,5.69,55.0,90.0,-2.34,-2.34,13.7,9.6,26.7,1.48,ARMED,,17.6
1791268026734,28.538256,77.378283,27.0,CNG,18.79,22.0,3,1394,37.3,5.44,50.0,90.0,0.00,-2.34,13.5,9.6,27.3,1.42,ARMED,,17.6
1791268027209,28.538229,77.378349,28.0,CNG,20.52,21.2,3,1444,37.3,4.86,50.0,90.0,0.00,-2.34,13.5,8.6,28.3,1.23,ARMED,,17.3
1791268027759,28.538229,77.378349,28.0,CNG,22.48,20.8,3,1453,37.3,4.39,50.0,90.0,0.00,-2.34,13.4,8.0,28.6,1.05,ARMED,,16.5
1791268028650,28.538197,77.378422,29.0,CNG,24.05,20.8,3,1486,26.7,4.44,38.0,90.0,-0.78,-2.34,13.4,8.0,29.1,1.01,ARMED,,16.5
1791268029168,28.538167,77.378490,29.0,CNG,23.49,20.8,3,1516,26.7,5.22,38.0,90.0,-0.78,-2.34,13.7,8.0,29.6,0.84,ARMED,,17.6
1791268029666,28.538167,77.378490,30.0,CNG,22.57,20.4,3,1527,26.7,5.73,38.0,90.0,-0.78,-2.34,13.7,7.5,29.9,0.78,ARMED,,17.6
1791268030543,28.538134,77.378562,30.0,CNG,22.57,19.6,3,1522,30.2,5.43,41.0,90.0,-1.56,-2.34,13.7,6.4,30.0,0.60,ARMED,,17.3
1791268031027,28.538102,77.378636,30.0,CNG,25.25,18.0,3,1527,30.2,4.01,41.0,90.0,-1.56,-2.34,13.7,4.3,30.0,0.31,ARMED,,15.7
1791268031535,28.538102,77.378636,29.0,CNG,29.36,14.9,3,1490,30.2,3.03,41.0,90.0,-1.56,-2.34,13.6,0.0,29.6,0.00,ARMED,,15.3
1791268032404,28.538070,77.378711,29.0,CNG,31.16,14.9,4,1086,30.6,3.45,38.0,90.0,0.00,0.00,13.6,0.0,29.0,0.00,ARMED,,15.7
1791268032900,28.538038,77.378780,28.0,CNG,31.98,14.9,4,1045,30.6,3.43,38.0,90.0,0.00,0.00,13.6,0.0,28.3,-0.38,ARMED,,14.9
1791268033391,28.538038,77.378780,26.0,CNG,33.59,14.9,4,1023,30.6,2.90,38.0,90.0,0.00,0.00,13.6,0.0,27.1,-0.98,ARMED,,14.9
1791268034263,28.538010,77.378841,24.0,CNG,31.46,14.9,4,996,32.2,3.46,35.0,90.0,-1.56,0.00,13.6,0.0,25.4,-1.73,ARMED,,14.9
1791268034750,28.538010,77.378841,21.0,CNG,31.49,14.9,3,975,32.2,2.72,35.0,90.0,-1.56,0.00,13.6,0.0,21.0,0.00,ARMED,,13.7
1791268035255,28.537986,77.378891,19.0,CNG,31.00,14.9,3,1021,32.2,2.58,35.0,90.0,-1.56,0.00,13.6,0.0,20.1,-0.55,ARMED,,14.1
1791268036295,28.537963,77.378938,19.0,CNG,31.90,14.9,3,897,23.5,2.31,32.0,90.0,3.91,0.00,13.6,0.0,19.4,-0.78,ARMED,,12.9
1791268036826,28.537963,77.378938,19.0,CNG,27.08,21.2,,1170,23.5,3.58,32.0,90.0,3.91,0.00,13.6,8.6,19.0,0.00,ARMED,,16.1
1791268037342,28.537942,77.378984,19.0,CNG,20.61,21.2,2,1441,23.5,5.20,32.0,90.0,3.91,0.00,13.6,8.6,19.0,0.00,ARMED,,16.9
1791268038256,28.537919,77.379032,19.0,CNG,20.56,16.9,2,1427,23.1,3.79,32.0,90.0,0.00,0.00,13.6,2.7,19.0,0.00,ARMED,,15.7
1791268038752,28.537919,77.379032,19.0,CNG,24.23,14.9,3,1008,23.1,2.33,32.0,90.0,0.00,0.00,13.6,0.0,19.0,0.00,ARMED,,13.3
1791268039348,28.537897,77.379078,17.0,CNG,31.46,14.9,3,814,23.1,1.09,32.0,90.0,0.00,0.00,13.3,0.0,18.0,-0.60,ARMED,,12.2
1791268040281,28.537876,77.379114,15.0,CNG,32.76,14.9,,692,22.4,1.73,48.0,90.0,0.00,0.00,13.3,0.0,15.0,0.00,ARMED,,11.8
1791268040848,28.537876,77.379114,14.0,CNG,27.26,23.1,3,711,22.4,2.74,48.0,90.0,0.00,0.00,13.7,11.2,14.0,0.00,ARMED,,14.1
1791268041354,28.537860,77.379147,14.0,CNG,13.32,23.5,,1249,22.4,8.01,48.0,90.0,0.00,0.00,13.7,11.8,14.0,0.00,ARMED,,21.2
1791268042261,28.537842,77.379185,16.0,CNG,10.17,23.1,2,1153,69.0,8.58,76.0,90.0,-0.78,-2.34,13.7,11.2,16.0,0.00,ARMED,,21.2
1791268042820,28.537842,77.379185,18.0,CNG,9.53,22.0,2,1310,69.0,8.34,76.0,90.0,-0.78,-2.34,13.7,9.6,17.4,0.78,ARMED,,20.4
1791268043327,28.537822,77.379227,18.0,CNG,10.46,21.2,2,1362,69.0,6.09,76.0,90.0,-0.78,-2.34,13.7,8.6,17.9,0.81,ARMED,,18.0
1791268044219,28.537801,77.379276,19.0,CNG,11.55,21.2,2,1391,42.4,5.79,53.0,90.0,-3.91,-2.34,13.7,8.6,18.6,1.01,ARMED,,18.0
1791268044743,28.537801,77.379276,19.0,CNG,12.10,21.2,2,1453,42.4,5.98,53.0,90.0,-3.91,-2.34,13.5,8.6,19.2,0.80,ARMED,,18.4
1791268045270,28.537780,77.379326,20.0,CNG,12.33,21.2,2,1488,42.4,6.46,53.0,90.0,-3.91,-2.34,13.5,8.6,19.5,0.79,ARMED,,18.4
1791268046159,28.537756,77.379377,20.0,CNG,13.65,19.2,2,1508,29.8,5.07,34.0,90.0,1.56,-0.78,13.6,5.9,19.9,0.76,ARMED,,16.9
1791268046698,28.537756,77.379377,20.0,CNG,15.99,14.9,2,1490,29.8,3.84,34.0,90.0,1.56,-0.78,13.6,0.0,19.9,0.36,ARMED,,15.7
1791268047205,28.537736,77.379423,19.0,CNG,18.59,14.9,2,1423,29.8,3.12,34.0,90.0,1.56,-0.78,13.5,0.0,19.4,-0.02,ARMED,,15.3
1791268048096,28.537717,77.379469,19.0,CNG,19.11,18.0,2,1386,22.7,3.89,46.0,90.0,-2.34,-2.34,13.5,4.3,18.8,-0.36,ARMED,,15.3
1791268048635,28.537717,77.379469,17.0,CNG,22.71,21.2,2,1202,22.7,2.08,46.0,90.0,-2.34,-2.34,13.7,8.6,16.6,-1.41,ARMED,,12.9
1791268049153,28.537696,77.379513,18.0,CNG,17.95,23.5,2,1333,22.7,5.41,46.0,90.0,-2.34,-2.34,13.7,11.8,16.7,-0.91,ARMED,,17.6
1791268050070,28.537676,77.379554,17.0,CNG,13.48,24.3,2,1340,52.2,7.21,59.0,90.0,-0.78,-2.34,13.7,12.8,16.9,-0.53,ARMED,,19.2
1791268050582,28.537676,77.379554,19.0,CNG,14.55,17.3,2,1438,52.2,4.75,59.0,90.0,-0.78,-2.34,13.7,3.2,18.2,0.47,ARMED,,17.3
1791268051137,28.537656,77.379603,20.0,CNG,17.68,20.4,2,1471,52.2,3.26,59.0,90.0,-0.78,-2.34,13.4,7.5,18.9,0.76,ARMED,,14.9
1791268052037,28.537633,77.379652,20.0,CNG,20.10,19.6,2,1486,21.6,3.28,33.0,90.0,0.78,-2.34,13.4,6.4,19.5,0.81,ARMED,,15.7
1791268052559,28.537633,77.379652,20.0,CNG,21.79,19.6,2,1493,21.6,3.29,33.0,90.0,0.78,-2.34,13.6,6.4,19.9,0.64,ARMED,,15.3
1791268053094,28.537610,77.379701,20.0,CNG,22.93,18.0,2,1483,21.6,3.29,33.0,89.0,0.78,-2.34,13.6,4.3,19.9,0.47,ARMED,,14.9
1791268053993,28.537587,77.379750,20.0,CNG,24.74,17.6,2,1483,20.0,2.92,29.0,89.0,0.00,0.00,13.6,3.7,19.9,0.31,ARMED,,14.9
1791268054486,28.537587,77.379750,19.0,CNG,27.53,14.9,2,1303,20.0,2.32,29.0,89.0,0.00,0.00,13.6,0.0,18.3,-0.80,ARMED,,14.5
1791268055009,28.537561,77.379792,18.0,CNG,31.18,14.9,3,907,20.0,1.85,29.0,89.0,0.00,0.00,13.6,0.0,18.0,0.00,ARMED,,13.7
1791268056071,28.537546,77.379822,15.0,CNG,27.28,14.9,3,814,33.7,2.78,43.0,89.0,0.00,0.00,13.4,0.0,16.5,-0.90,ARMED,,14.5
1791268056619,28.537546,77.379822,14.0,CNG,21.42,21.6,3,805,33.7,3.74,43.0,89.0,0.00,0.00,13.6,9.1,14.4,-1.52,ARMED,,16.5
1791268057143,28.537530,77.379861,15.0,CNG,10.80,23.5,2,1060,33.7,10.18,43.0,89.0,0.00,0.00,13.6,11.8,15.0,0.00,ARMED,,22.0
1791268058066,28.537510,77.379903,16.0,CNG,9.18,23.1,2,1216,66.7,8.68,74.0,89.0,1.56,-2.34,13.7,11.2,15.5,0.28,ARMED,,21.2
1791268058613,28.537510,77.379903,18.0,CNG,9.20,22.4,2,1340,66.7,7.98,74.0,89.0,1.56,-2.34,13.7,10.2,17.3,1.17,ARMED,,20.0
1791268059168,28.537489,77.379953,19.0,CNG,9.52,22.4,2,1418,66.7,7.77,74.0,89.0,1.56,-2.34,13.5,10.2,18.5,1.47,ARMED,,19.6
1791268060059,28.537466,77.380002,20.0,CNG,10.26,22.4,2,1475,47.8,7.16,53.0,89.0,0.00,-2.34,13.5,10.2,19.5,1.63,ARMED,,19.2
1791268060600,28.537466,77.380002,21.0,CNG,10.88,22.4,2,1559,47.8,7.26,53.0,89.0,0.00,-2.34,13.7,10.2,20.9,1.61,ARMED,,19.2
1791268061084,28.537441,77.380055,22.0,CNG,11.30,22.4,2,1609,47.8,7.55,53.0,89.0,0.00,-2.34,13.7,10.2,21.7,1.59,ARMED,,19.6
1791268062000,28.537417,77.380113,22.0,CNG,11.44,22.4,2,1641,42.0,7.71,51.0,89.0,0.78,-2.34,13.7,10.2,22.3,1.47,ARMED,,19.2
1791268062540,28.537417,77.380113,23.0,CNG,11.66,22.0,2,1717,42.0,7.85,51.0,89.0,0.78,-2.34,13.7,9.6,23.2,1.22,ARMED,,19.2
1791268063100,28.537390,77.380171,24.0,CNG,12.95,22.0,2,1748,42.0,6.43,51.0,89.0,0.78,-2.34,13.4,9.6,23.7,1.17,ARMED,,18.0
1791268064030,28.537364,77.380232,24.0,CNG,14.18,22.0,2,1799,30.2,5.98,44.0,89.0,0.78,-2.34,13.4,9.6,24.2,1.14,ARMED,,18.0
1791268064537,28.537364,77.380232,25.0,CNG,16.02,14.9,2,1859,30.2,5.22,44.0,89.0,0.78,-2.34,13.7,0.0,25.1,1.08,ARMED,,17.6
1791268065017,28.537336,77.380295,25.0,CNG,19.37,14.9,,1642,30.2,3.69,44.0,89.0,0.78,-2.34,13.7,0.0,25.0,0.00,ARMED,,15.7
1791268065931,28.537311,77.380361,25.0,CNG,17.16,22.4,3,1307,42.7,6.95,54.0,89.0,0.00,-2.34,13.6,10.2,25.0,0.00,ARMED,,18.8
1791268066458,28.537311,77.380361,26.0,CNG,18.07,22.4,3,1326,42.7,5.44,54.0,89.0,0.00,-2.34,13.6,10.2,25.7,0.39,ARMED,,18.0
1791268066977,28.537285,77.380427,26.0,CNG,18.93,22.0,3,1358,42.7,5.22,54.0,89.0,0.00,-2.34,13.6,9.6,25.9,0.40,ARMED,,17.6
1791268067846,28.537255,77.380501,27.0,CNG,19.84,22.0,3,1392,36.9,5.19,50.0,89.0,0.00,-2.34,13.6,9.6,26.5,0.65,ARMED,,17.6
1791268068379,28.537255,77.380501,28.0,CNG,20.27,22.0,3,1436,36.9,5.47,50.0,89.0,0.00,-2.34,13.7,9.6,27.7,0.98,ARMED,,17.6
1791268068885,28.537228,77.380571,28.0,CNG,21.04,22.0,3,1451,36.9,5.14,50.0,89.0,0.00,-2.34,13.7,9.6,28.3,0.99,ARMED,,17.6
1791268069850,28.537228,77.380571,29.0,CNG,20.29,22.0,3,1466,41.2,6.14,52.0,89.0,-2.34,-2.34,13.7,9.6,28.7,0.97,ARMED,,18.4
1791268070342,28.537196,77.380646,29.0,CNG,19.94,14.9,3,1493,41.2,6.09,52.0,89.0,-2.34,-2.34,13.7,0.0,29.3,0.78,ARMED,,18.0
1791268070892,28.537167,77.380728,30.0,CNG,20.59,20.4,4,1056,41.2,5.68,52.0,89.0,-2.34,-2.34,13.7,7.5,30.0,0.00,ARMED,,17.6
1791268071778,28.537167,77.380728,29.0,CNG,19.29,23.5,4,1159,69.4,6.73,84.0,89.0,2.34,-2.34,13.7,11.8,29.5,-0.30,ARMED,,19.6
1791268072307,28.537136,77.380804,30.0,CNG,17.91,22.7,4,1184,69.4,7.56,84.0,89.0,2.34,-2.34,13.5,10.7,29.7,-0.01,ARMED,,20.4
1791268072800,28.537136,77.380804,31.0,CNG,17.35,22.4,4,1206,69.4,7.62,84.0,89.0,2.34,-2.34,13.5,10.2,30.4,0.36,ARMED,,19.6
1791268073736,28.537104,77.380883,31.0,CNG,17.74,22.4,4,1221,59.2,6.91,70.0,89.0,-0.78,-2.34,13.7,10.2,30.8,0.49,ARMED,,19.6
1791268074245,28.537071,77.380964,32.0,CNG,17.78,22.4,4,1272,59.2,7.33,70.0,89.0,-0.78,-2.34,13.7,10.2,32.0,0.92,ARMED,,19.6
1791268074811,28.537071,77.380964,33.0,CNG,17.77,22.4,4,1287,59.2,7.59,70.0,89.0,-0.78,-2.34,13.7,10.2,32.6,0.95,ARMED,,19.6
1791268075861,28.537001,77.381135,33.0,CNG,17.83,22.4,4,1297,55.7,7.53,66.0,90.0,0.78,-2.34,13.5,10.2,33.0,0.92,ARMED,,19.6
1791268076419,28.537001,77.381135,35.0,CNG,18.25,22.4,4,1339,55.7,7.58,66.0,90.0,0.78,-2.34,13.7,10.2,34.1,0.95,ARMED,,19.2
1791268076957,28.536967,77.381226,35.0,CNG,20.10,22.4,4,1368,55.7,6.09,66.0,90.0,0.78,-2.34,13.7,10.2,34.7,0.99,ARMED,,18.0
1791268077855,28.536931,77.381316,35.0,CNG,21.68,22.4,4,1378,41.2,5.84,54.0,90.0,-0.78,-2.34,13.7,10.2,35.2,0.97,ARMED,,18.0
1791268078356,28.536931,77.381316,36.0,CNG,23.18,22.4,4,1406,41.2,5.72,54.0,90.0,-0.78,-2.34,13.7,10.2,35.9,0.93,ARMED,,18.0
1791268078899,28.536896,77.381412,36.0,CNG,23.35,22.4,4,1420,41.2,6.23,54.0,90.0,-0.78,-2.34,13.7,10.2,36.3,0.90,ARMED,,18.0
1791268079805,28.536896,77.381412,37.0,CNG,23.70,22.4,4,1426,39.6,6.24,51.0,90.0,-1.56,-2.34,13.7,10.2,36.6,0.85,ARMED,,18.0
1791268080370,28.536860,77.381507,38.0,CNG,24.56,22.4,4,1466,39.6,6.00,51.0,90.0,-1.56,-2.34,13.6,10.2,37.4,0.85,ARMED,,18.0
1791268080918,28.536822,77.381604,38.0,CNG,26.37,14.9,4,1474,39.6,5.26,51.0,90.0,-1.56,-2.34,13.6,0.0,37.8,0.82,ARMED,,17.6
1791268081828,28.536822,77.381604,38.0,CNG,34.01,18.8,5,1109,26.3,2.62,40.0,90.0,0.00,-2.34,13.7,5.4,38.0,0.00,ARMED,,13.7
1791268082327,28.536785,77.381703,38.0,CNG,42.32,19.6,5,1124,26.3,2.34,40.0,90.0,0.00,-2.34,13.7,6.4,38.0,0.00,ARMED,,14.5
1791268082849,28.536749,77.381799,37.0,CNG,47.07,19.6,5,1123,26.3,2.66,40.0,90.0,0.00,-2.34,13.7,6.4,37.5,-0.28,ARMED,,14.9
1791268083765,28.536749,77.381799,37.0,CNG,50.79,19.2,5,1107,25.1,2.62,42.0,90.0,1.56,-2.34,13.7,5.9,37.2,-0.34,ARMED,,14.5
1791268084319,28.536712,77.381896,37.0,CNG,50.24,19.2,5,1117,25.1,3.06,42.0,90.0,1.56,-2.34,13.5,5.9,37.0,-0.31,ARMED,,15.7
1791268084799,28.536712,77.381896,37.0,CNG,43.84,19.2,5,1107,25.1,4.11,42.0,90.0,1.56,-2.34,13.5,5.9,36.7,-0.33,ARMED,,15.7
1791268085684,28.536675,77.381993,37.0,CNG,40.34,19.2,5,1107,36.1,4.20,47.0,90.0,0.00,-2.34,13.7,5.9,36.6,-0.32,ARMED,,16.1
1791268086178,28.536635,77.382084,37.0,CNG,41.89,19.2,5,1097,36.1,3.40,47.0,90.0,0.00,-2.34,13.7,5.9,36.4,-0.31,ARMED,,16.1
1791268086689,28.536635,77.382084,37.0,CNG,38.76,19.2,5,1095,36.1,4.34,47.0,90.0,0.00,-2.34,13.5,5.9,36.3,-0.29,ARMED,,16.1
1791268087564,28.536595,77.382178,37.0,CNG,38.45,19.2,5,1097,37.6,3.98,48.0,90.0,0.00,-2.34,13.5,5.9,36.3,-0.26,ARMED,,16.1
1791268088093,28.536558,77.382277,37.0,CNG,38.15,19.2,5,1098,37.6,4.01,48.0,90.0,0.00,-2.34,13.6,5.9,36.3,-0.08,ARMED,,16.1
1791268088609,28.536558,77.382277,37.0,CNG,38.60,19.2,5,1093,37.6,3.85,48.0,90.0,0.00,-2.34,13.6,5.9,36.3,-0.07,ARMED,,16.1
1791268089501,28.536525,77.382373,37.0,CNG,41.79,18.8,5,1091,36.9,3.17,43.0,90.0,0.00,-2.34,13.5,5.4,36.3,-0.07,ARMED,,15.7
1791268090050,28.536494,77.382471,36.0,CNG,45.67,14.9,5,1012,36.9,2.76,43.0,90.0,0.00,-2.34,13.5,0.0,34.6,-1.01,ARMED,,14.9
1791268090567,28.536494,77.382471,35.0,CNG,44.79,14.9,,878,36.9,3.29,43.0,90.0,0.00,-2.34,13.6,0.0,35.0,0.00,ARMED,,14.5
1791268091444,28.536465,77.382559,32.0,CNG,43.30,14.9,,818,36.1,3.19,47.0,90.0,-0.78,0.00,13.6,0.0,32.0,0.00,ARMED,,14.5
1791268091982,28.536438,77.382638,31.0,CNG,48.51,14.9,,780,36.1,2.09,47.0,90.0,-0.78,0.00,13.8,0.0,31.0,0.00,ARMED,,12.5
1791268092484,28.536438,77.382638,29.0,CNG,50.67,14.9,,759,36.1,2.16,47.0,90.0,-0.78,0.00,13.8,0.0,29.0,0.00,ARMED,,12.5
1791268093396,28.536415,77.382718,29.0,CNG,58.58,14.9,,756,22.4,1.51,34.0,90.0,13.28,0.00,13.7,0.0,29.0,0.00,ARMED,,12.5
1791268093869,28.536388,77.382794,29.0,CNG,73.60,14.9,,716,22.4,0.96,34.0,90.0,13.28,0.00,13.7,0.0,29.0,0.00,ARMED,,12.5
1791268094386,28.536388,77.382794,29.0,CNG,70.68,14.9,,695,22.4,1.78,34.0,90.0,13.28,0.00,13.6,0.0,29.0,0.00,ARMED,,11.8
1791268095478,28.536361,77.382867,28.0,CNG,84.88,14.9,,679,23.9,0.92,36.0,90.0,-0.78,0.00,13.4,0.0,28.0,0.00,ARMED,,11.8
1791268096006,28.536338,77.382932,25.0,CNG,105.12,14.9,,658,23.9,0.57,36.0,90.0,-0.78,0.00,13.5,0.0,25.0,0.00,ARMED,,12.2
1791268096543,28.536338,77.382932,23.0,CNG,74.23,14.9,,685,23.9,1.93,36.0,90.0,-0.78,0.00,13.5,0.0,23.0,0.00,ARMED,,12.2
1791268097472,28.536315,77.382995,24.0,CNG,61.39,14.9,,694,35.7,2.04,44.0,90.0,-10.16,0.00,13.4,0.0,24.0,0.00,ARMED,,14.1
1791268097963,28.536293,77.383058,24.0,CNG,34.30,21.6,5,763,35.7,4.83,44.0,90.0,-10.16,0.00,13.4,9.1,24.0,0.00,ARMED,,16.9
1791268098474,28.536293,77.383058,23.0,CNG,21.80,22.0,4,1005,35.7,6.83,44.0,90.0,-10.16,0.00,13.6,9.6,23.0,0.00,ARMED,,18.8
1791268099371,28.536270,77.383118,23.0,CNG,16.93,22.4,2,1750,40.8,7.49,51.0,90.0,-0.78,-2.34,13.6,10.2,23.0,0.00,ARMED,,19.6
1791268099905,28.536248,77.383180,24.0,CNG,15.06,22.0,2,1767,40.8,7.58,51.0,90.0,-0.78,-2.34,13.7,9.6,23.7,0.38,ARMED,,19.6
1791268100421,28.536248,77.383180,24.0,CNG,15.32,20.0,2,1781,40.8,6.24,51.0,90.0,-0.78,-2.34,13.7,7.0,23.9,0.40,ARMED,,18.0
1791268101301,28.536227,77.383243,24.0,CNG,16.72,19.2,2,1780,25.5,5.06,38.0,90.0,0.78,-2.34,13.4,5.9,24.1,0.38,ARMED,,16.9
1791268101798,28.536227,77.383243,24.0,CNG,17.63,19.2,2,1785,25.5,5.11,38.0,90.0,0.78,-2.34,13.4,5.9,24.1,0.22,ARMED,,16.9
1791268102353,28.536203,77.383307,24.0,CNG,18.90,19.2,2,1785,25.5,4.63,38.0,90.0,0.78,-2.34,13.7,5.9,24.1,0.19,ARMED,,16.9
1791268103241,28.536181,77.383368,24.0,CNG,18.94,19.2,2,1782,24.7,5.16,39.0,90.0,0.78,-2.34,13.7,5.9,24.1,0.15,ARMED,,16.9
1791268103774,28.536181,77.383368,24.0,CNG,18.67,19.6,2,1769,24.7,5.37,39.0,90.0,0.78,-2.34,13.6,6.4,23.9,-0.02,ARMED,,17.3
1791268104277,28.536159,77.383431,24.0,CNG,19.31,19.6,2,1773,24.7,4.82,39.0,90.0,0.78,-2.34,13.6,6.4,23.9,-0.03,ARMED,,17.3
1791268105224,28.536138,77.383491,24.0,CNG,22.17,14.9,2,1737,21.2,3.44,32.0,89.0,0.00,0.00,13.6,0.0,23.7,-0.17,ARMED,,15.7
1791268105716,28.536138,77.383491,23.0,CNG,14.90,23.9,4,923,21.2,9.54,32.0,89.0,0.00,0.00,13.6,12.3,23.0,0.00,ARMED,,20.4
1791268106263,28.536117,77.383552,24.0,CNG,15.16,24.7,4,931,21.2,6.31,32.0,89.0,0.00,0.00,13.6,13.4,23.5,0.29,ARMED,,19.6
1791268107174,28.536097,77.383616,25.0,CNG,14.87,24.7,4,974,73.7,7.06,81.0,89.0,1.56,-2.34,13.6,13.4,24.3,0.69,ARMED,,20.4
1791268107708,28.536097,77.383616,27.0,CNG,16.34,22.7,4,1039,73.7,5.85,81.0,89.0,1.56,-2.34,13.6,10.7,26.3,1.49,ARMED,,18.4
1791268108246,28.536073,77.383687,27.0,CNG,16.91,22.7,4,1068,73.7,6.21,81.0,89.0,1.56,-2.34,13.6,10.7,27.1,1.46,ARMED,,18.4
1791268109129,28.536046,77.383762,28.0,CNG,18.86,22.0,4,1083,51.8,5.09,58.0,89.0,0.00,-2.34,13.5,9.6,27.6,1.41,ARMED,,17.6
1791268109619,28.536046,77.383762,29.0,CNG,21.60,21.6,4,1120,51.8,4.38,58.0,89.0,0.00,-2.34,13.5,9.1,28.6,1.23,ARMED,,16.9
1791268110168,28.536018,77.383835,29.0,CNG,22.55,21.6,4,1137,51.8,4.93,58.0,89.0,0.00,-2.34,13.5,9.1,29.0,1.17,ARMED,,16.9
1791268111104,28.535991,77.383914,30.0,CNG,23.19,21.6,4,1155,43.1,5.07,54.0,89.0,-0.78,-2.34,13.5,9.1,29.5,1.12,ARMED,,16.9
1791268111618,28.535991,77.383914,31.0,CNG,21.65,21.6,4,1191,43.1,6.40,54.0,89.0,-0.78,-2.34,13.7,9.1,30.4,1.08,ARMED,,18.0
1791268112134,28.535963,77.383995,31.0,CNG,22.16,21.6,4,1207,43.1,5.52,54.0,89.0,-0.78,-2.34,13.7,9.1,30.8,1.05,ARMED,,18.0
1791268113095,28.535933,77.384076,31.0,CNG,21.15,21.6,4,1222,51.0,6.39,60.0,89.0,-0.78,-2.34,13.5,9.1,31.2,1.01,ARMED,,18.4
1791268113620,28.535933,77.384076,32.0,CNG,20.81,21.6,4,1239,51.0,6.43,60.0,89.0,-0.78,-2.34,13.5,9.1,31.8,0.75,ARMED,,18.8
1791268114166,28.535901,77.384159,32.0,CNG,20.90,21.6,4,1249,51.0,6.22,60.0,89.0,-0.78,-2.34,13.7,9.1,32.0,0.70,ARMED,,18.8
1791268115174,28.535868,77.384243,32.0,CNG,20.42,21.6,4,1265,51.4,6.62,62.0,89.0,0.00,-2.34,13.4,9.1,32.3,0.68,ARMED,,18.8
1791268115688,28.535868,77.384243,33.0,CNG,20.47,21.6,4,1291,51.4,6.57,62.0,89.0,0.00,-2.34,13.6,9.1,32.9,0.67,ARMED,,18.8
1791268116172,28.535834,77.384331,33.0,CNG,20.19,21.6,4,1303,51.4,6.81,62.0,89.0,0.00,-2.34,13.6,9.1,33.3,0.66,ARMED,,18.8
1791268117061,28.535800,77.384419,34.0,CNG,20.95,21.6,4,1314,49.0,6.28,58.0,89.0,-0.78,-2.34,13.7,9.1,33.5,0.65,ARMED,,18.8
1791268117548,28.535800,77.384419,34.0,CNG,21.61,21.6,4,1341,49.0,6.13,58.0,89.0,-0.78,-2.34,13.7,9.1,34.2,0.67,ARMED,,18.8
1791268118103,28.535765,77.384509,35.0,CNG,21.22,21.6,4,1355,49.0,6.92,58.0,89.0,-0.78,-2.34,13.4,9.1,34.6,0.67,ARMED,,18.8
1791268119036,28.535730,77.384601,35.0,CNG,21.05,21.6,4,1366,46.7,6.87,57.0,89.0,-0.78,-2.34,13.4,9.1,34.9,0.66,ARMED,,18.8
1791268119581,28.535730,77.384601,36.0,CNG,22.70,21.6,4,1379,46.7,5.76,57.0,89.0,-0.78,-2.34,13.6,9.1,35.3,0.62,ARMED,,17.6
1791268120120,28.535694,77.384693,36.0,CNG,24.69,21.6,4,1386,46.7,5.19,57.0,89.0,-0.78,-2.34,13.6,9.1,35.6,0.58,ARMED,,17.3
1791268121043,28.535657,77.384785,36.0,CNG,25.75,21.6,4,1414,35.3,5.35,49.0,89.0,-0.78,-2.34,13.7,9.1,36.0,0.63,ARMED,,17.3
1791268121523,28.535657,77.384785,37.0,CNG,26.74,20.4,4,1427,35.3,5.34,49.0,89.0,-0.78,-2.34,13.7,7.5,36.5,0.62,ARMED,,17.3
1791268122080,28.535622,77.384880,37.0,CNG,34.68,19.2,4,1430,35.3,2.46,49.0,89.0,-0.78,-2.34,13.6,5.9,36.8,0.58,ARMED,,14.5
1791268122968,28.535590,77.384978,37.0,CNG,39.55,19.2,4,1422,20.4,3.03,33.0,89.0,0.00,-2.34,13.6,5.9,36.8,0.40,ARMED,,14.9
1791268123495,28.535590,77.384978,37.0,CNG,44.63,19.2,4,1424,20.4,2.74,33.0,89.0,0.00,-2.34,13.5,5.9,36.7,0.17,ARMED,,14.9
1791268123991,28.535556,77.385073,36.0,CNG,48.56,19.2,4,1410,20.4,2.62,33.0,89.0,0.00,-2.34,13.5,5.9,36.5,-0.01,ARMED,,14.9
1791268124902,28.535523,77.385166,36.0,CNG,46.55,19.2,4,1422,20.4,3.36,32.0,89.0,1.56,-2.34,13.6,5.9,36.5,-0.02,ARMED,,14.9
1791268125408,28.535523,77.385166,36.0,CNG,50.09,19.2,4,1412,20.4,2.60,32.0,89.0,1.56,-2.34,13.6,5.9,36.3,-0.07,ARMED,,14.9
1791268125964,28.535487,77.385259,36.0,CNG,48.94,19.2,4,1403,20.4,3.11,32.0,89.0,1.56,-2.34,13.7,5.9,36.1,-0.11,ARMED,,14.9
1791268126829,28.535453,77.385351,36.0,CNG,41.02,14.9,4,1407,25.5,4.46,34.0,89.0,0.00,0.00,13.7,0.0,36.0,-0.11,ARMED,,16.1
1791268127369,28.535453,77.385351,34.0,CNG,42.92,14.9,,868,25.5,3.00,34.0,89.0,0.00,0.00,13.2,0.0,34.0,0.00,ARMED,,14.5
1791268127887,28.535423,77.385426,28.0,CNG,46.85,14.9,5,838,25.5,2.02,34.0,89.0,0.00,0.00,13.2,0.0,28.0,0.00,ARMED,,14.1
1791268128758,28.535423,77.385426,23.0,CNG,39.22,14.9,,792,35.3,3.22,46.0,89.0,-2.34,0.00,13.4,0.0,23.0,0.00,ARMED,,14.5
1791268129298,28.535399,77.385478,18.0,CNG,36.76,14.9,,799,35.3,2.30,46.0,89.0,-2.34,0.00,13.4,0.0,18.0,0.00,ARMED,,14.9
1791268129880,28.535383,77.385518,16.0,CNG,28.97,14.9,3,806,35.3,3.35,46.0,89.0,-2.34,0.00,13.4,0.0,16.0,0.00,ARMED,,14.9
1791268130720,28.535383,77.385518,15.0,CNG,24.48,14.9,3,807,38.0,3.32,48.0,89.0,-1.56,0.00,13.4,0.0,15.5,-0.28,ARMED,,14.9
1791268131245,28.535375,77.385556,15.0,CNG,22.14,14.9,3,816,38.0,3.26,48.0,89.0,-1.56,0.00,13.6,0.0,15.1,-0.34,ARMED,,14.9
1791268131766,28.535375,77.385556,15.0,CNG,22.44,14.9,3,814,38.0,2.67,48.0,89.0,-1.56,0.00,13.6,0.0,15.0,-0.32,ARMED,,14.5
1791268132691,28.535365,77.385599,14.0,CNG,23.34,14.9,,822,37.3,2.28,47.0,89.0,2.34,0.00,13.6,0.0,14.0,0.00,ARMED,,14.5
1791268133204,28.535356,77.385635,11.0,CNG,19.53,14.9,2,822,37.3,3.09,47.0,89.0,2.34,0.00,13.6,0.0,11.0,0.00,ARMED,,14.5
1791268133720,28.535356,77.385635,11.0,CNG,17.46,14.9,2,822,37.3,3.08,47.0,89.0,2.34,0.00,13.6,0.0,11.0,0.00,ARMED,,14.5
1791268134754,28.535347,77.385665,11.0,CNG,15.85,14.9,2,813,36.9,3.29,48.0,89.0,1.56,0.00,13.5,0.0,11.0,0.00,ARMED,,14.5
1791268135280,28.535338,77.385687,7.0,CNG,14.80,14.9,,814,36.9,2.26,48.0,89.0,1.56,0.00,13.4,0.0,7.0,0.00,ARMED,,14.5
1791268135787,28.535338,77.385687,6.0,CNG,13.17,14.9,1,823,36.9,2.37,48.0,89.0,1.56,0.00,13.4,0.0,6.0,0.00,ARMED,,14.5
1791268136672,28.535333,77.385703,5.0,CNG,10.72,14.9,,821,36.9,2.80,44.0,89.0,0.78,0.00,13.5,0.0,5.0,0.00,ARMED,,14.5
1791268137233,28.535330,77.385714,5.0,CNG,12.12,14.9,,780,36.9,1.22,44.0,89.0,0.78,0.00,13.5,0.0,5.0,0.00,ARMED,,12.9
1791268137746,28.535330,77.385714,5.0,CNG,11.00,14.9,1,757,36.9,2.18,44.0,89.0,0.78,0.00,13.6,0.0,5.0,0.00,ARMED,,12.5
1791268138647,28.535327,77.385726,5.0,CNG,10.44,14.9,1,745,22.7,2.13,35.0,89.0,11.72,0.00,13.6,0.0,5.0,0.00,ARMED,,12.5
1791268139161,28.535321,77.385739,5.0,CNG,10.21,14.9,1,735,22.7,2.07,35.0,89.0,11.72,0.00,13.5,0.0,5.0,0.00,ARMED,,12.5
1791268139635,28.535321,77.385739,4.0,CNG,9.96,14.9,,722,22.7,1.72,35.0,89.0,11.72,0.00,13.5,0.0,4.0,0.00,ARMED,,12.5
1791268140533,28.535316,77.385747,3.0,CNG,9.68,14.9,,725,22.7,1.35,45.0,89.0,4.69,0.00,13.6,0.0,3.0,0.00,ARMED,,12.5
1791268141081,28.535310,77.385755,4.0,CNG,4.54,24.7,,897,22.7,6.52,45.0,89.0,4.69,0.00,13.6,13.4,4.0,0.00,ARMED,,19.6
1791268141600,28.535310,77.385755,5.0,CNG,5.43,14.9,,1551,22.7,2.86,45.0,89.0,4.69,0.00,13.8,0.0,5.0,0.00,ARMED,,14.1
1791268142454,28.535300,77.385765,6.0,CNG,6.49,14.9,,1064,30.6,2.96,38.0,89.0,0.00,0.78,13.8,0.0,6.0,0.00,ARMED,,14.5
1791268143029,28.535291,77.385776,5.0,CNG,7.05,28.6,,1006,30.6,2.53,38.0,89.0,0.00,0.78,13.4,18.7,5.0,0.00,ARMED,,14.9
1791268143576,28.535291,77.385776,5.0,CNG,2.86,15.7,,1454,30.6,13.57,38.0,89.0,0.00,0.78,13.4,1.1,5.0,0.00,ARMED,,26.3
1791268144489,28.535281,77.385788,6.0,CNG,3.40,14.9,,955,45.1,5.51,46.0,89.0,0.00,0.78,13.7,0.0,6.0,0.00,ARMED,,17.3
1791268145021,28.535270,77.385800,6.0,CNG,4.74,15.7,,1009,45.1,2.40,46.0,89.0,0.00,0.78,13.7,1.1,6.0,0.00,ARMED,,14.5
1791268145603,28.535270,77.385800,6.0,CNG,3.32,24.7,,981,45.1,10.49,46.0,89.0,0.00,0.78,13.7,13.4,6.0,0.00,ARMED,,22.4
1791268146497,28.535258,77.385811,6.0,CNG,2.93,15.7,,1529,49.8,9.82,50.0,89.0,0.00,0.00,13.7,1.1,6.0,0.00,ARMED,,21.2
1791268147028,28.535241,77.385818,7.0,CNG,2.92,25.1,1,863,49.8,9.83,50.0,89.0,0.00,0.00,13.7,13.9,7.0,0.00,ARMED,,20.8
1791268147527,28.535241,77.385818,8.0,CNG,3.20,24.7,1,1054,49.8,9.09,50.0,89.0,0.00,0.00,13.7,13.4,7.5,0.29,ARMED,,23.5
1791268148446,28.535220,77.385821,9.0,CNG,4.20,14.9,,1066,54.1,5.57,42.0,89.0,-7.03,0.78,13.4,0.0,9.0,0.00,ARMED,,18.8
1791268148945,28.535191,77.385821,11.0,CNG,5.67,22.4,2,865,54.1,4.96,42.0,89.0,-7.03,0.78,13.4,10.2,11.0,0.00,ARMED,,17.6
1791268149460,28.535191,77.385821,12.0,CNG,6.74,22.7,2,904,54.1,5.72,42.0,89.0,-7.03,0.78,13.6,10.7,11.5,0.28,ARMED,,18.0
1791268150379,28.535158,77.385814,13.0,CNG,7.55,22.7,2,991,60.8,6.04,66.0,89.0,-3.13,-2.34,13.6,10.7,12.3,0.68,ARMED,,18.4
1791268150909,28.535121,77.385800,16.0,CNG,8.72,22.4,2,1162,60.8,6.26,66.0,89.0,-3.13,-2.34,13.5,10.2,15.0,1.88,ARMED,,18.4
1791268151499,28.535121,77.385800,17.0,CNG,9.86,21.2,2,1239,60.8,5.97,66.0,90.0,-3.13,-2.34,13.5,8.6,16.6,2.14,ARMED,,18.0
1791268152408,28.535082,77.385782,17.0,CNG,14.34,14.9,,1070,23.9,1.99,34.0,90.0,0.00,0.78,13.7,0.0,17.0,0.00,ARMED,,13.3
1791268152899,28.535043,77.385767,17.0,CNG,20.99,14.9,,774,23.9,1.19,34.0,90.0,0.00,0.78,13.7,0.0,17.0,0.00,ARMED,,12.5
1791268153421,28.535043,77.385767,16.0,CNG,26.65,14.9,,719,23.9,1.45,34.0,90.0,0.00,0.78,13.7,0.0,16.0,0.00,ARMED,,12.5
1791268154431,28.535005,77.385753,16.0,CNG,34.16,14.9,,711,23.9,1.10,44.0,90.0,0.00,0.78,13.7,0.0,16.0,0.00,ARMED,,12.5
1791268154997,28.534969,77.385741,15.0,CNG,33.48,14.9,3,719,23.9,1.89,44.0,90.0,0.00,0.78,13.4,0.0,15.0,0.00,ARMED,,14.1
1791268155546,28.534969,77.385741,14.0,CNG,25.89,14.9,3,767,23.9,3.05,44.0,90.0,0.00,0.78,13.4,0.0,14.5,-0.31,ARMED,,14.5
1791268156468,28.534940,77.385731,13.0,CNG,20.98,14.9,,786,37.6,3.36,48.0,90.0,-5.47,0.78,13.7,0.0,13.0,0.00,ARMED,,14.9
1791268156976,28.534912,77.385727,11.0,CNG,20.32,14.9,2,806,37.6,2.35,48.0,90.0,-5.47,0.78,13.7,0.0,11.0,0.00,ARMED,,14.9
1791268157512,28.534912,77.385727,11.0,CNG,20.06,14.9,2,804,37.6,2.29,48.0,90.0,-5.47,0.78,13.6,0.0,11.0,0.00,ARMED,,14.9
1791268158364,28.534887,77.385728,10.0,CNG,16.40,14.9,2,812,37.6,3.32,48.0,90.0,-3.13,0.78,13.6,0.0,10.5,-0.28,ARMED,,14.9
1791268158879,28.534864,77.385731,9.0,CNG,14.15,14.9,,815,37.6,3.27,48.0,90.0,-3.13,0.78,13.5,0.0,9.0,0.00,ARMED,,14.9
1791268159403,28.534864,77.385731,7.0,CNG,12.00,14.9,,809,37.6,3.19,48.0,90.0,-3.13,0.78,13.5,0.0,7.0,0.00,ARMED,,14.9
1791268160369,28.534849,77.385730,6.0,CNG,11.33,14.9,1,826,38.8,2.44,48.0,90.0,-2.34,0.78,13.5,0.0,6.0,0.00,ARMED,,15.3
1791268160899,28.534842,77.385728,2.0,CNG,7.21,14.9,,816,38.8,3.55,48.0,90.0,-2.34,0.78,13.5,0.0,2.0,0.00,ARMED,,15.3
1791268161429,28.534842,77.385728,0.0,CNG,4.64,14.9,0,809,38.8,2.58,48.0,90.0,-2.34,0.78,13.5,0.0,0.0,0.00,ARMED,,15.3
1791268162312,28.534842,77.385727,0.0,CNG,,14.9,0,808,41.2,3.33,50.0,90.0,-1.56,0.78,13.5,0.0,0.0,0.00,ARMED,,15.3
1791268162873,28.534843,77.385727,0.0,CNG,,14.9,0,816,41.2,3.65,50.0,90.0,-1.56,0.78,13.7,0.0,0.0,0.00,ARMED,,15.3
1791268163376,28.534843,77.385727,0.0,CNG,,14.9,0,814,41.2,3.21,50.0,90.0,-1.56,0.78,13.7,0.0,0.0,0.00,ARMED,,15.3
1791268164295,28.534843,77.385729,0.0,CNG,,14.9,0,820,42.0,3.66,52.0,90.0,-0.78,0.78,13.7,0.0,0.0,0.00,ARMED,,15.3
1791268164763,28.534843,77.385729,0.0,CNG,,14.9,0,823,42.0,3.67,52.0,90.0,-0.78,0.78,13.7,0.0,0.0,0.00,ARMED,,15.3
1791268165254,28.534844,77.385730,0.0,CNG,,14.9,0,825,42.0,3.69,52.0,90.0,-0.78,0.78,13.6,0.0,0.0,0.00,ARMED,,15.3
1791268166149,28.534844,77.385731,0.0,CNG,,14.9,0,797,27.1,1.92,39.0,90.0,-2.34,0.78,13.6,0.0,0.0,0.00,ARMED,,12.5
1791268166716,28.534844,77.385731,0.0,CNG,,14.9,0,763,27.1,1.32,39.0,90.0,-2.34,0.78,13.6,0.0,0.0,0.00,ARMED,,12.9
1791268167304,28.534843,77.385732,0.0,CNG,,14.9,0,733,27.1,2.20,39.0,90.0,-2.34,0.78,13.6,0.0,0.0,0.00,ARMED,,12.9
1791268168292,28.534843,77.385732,0.0,CNG,,14.9,0,719,26.3,2.28,35.0,90.0,1.56,0.78,13.5,0.0,0.0,0.00,ARMED,,12.9
1791268168806,28.534843,77.385732,0.0,CNG,,14.9,0,704,26.3,2.27,35.0,90.0,1.56,0.78,13.5,0.0,0.0,0.00,ARMED,,12.9
1791268169361,28.534843,77.385733,0.0,CNG,,14.9,0,703,26.3,2.25,35.0,90.0,1.56,0.78,13.6,0.0,0.0,0.00,ARMED,,12.9
1791268170282,28.534842,77.385734,0.0,CNG,,14.9,0,700,27.5,2.04,44.0,90.0,-3.13,0.78,13.6,0.0,0.0,0.00,ARMED,,12.9
1791268170784,28.534842,77.385734,0.0,CNG,,14.9,0,745,27.5,1.96,44.0,90.0,-3.13,0.78,13.8,0.0,0.0,0.00,ARMED,,14.1
1791268171329,28.534843,77.385735,0.0,CNG,,14.9,0,770,27.5,2.45,44.0,90.0,-3.13,0.78,13.8,0.0,0.0,0.00,ARMED,,14.9
1791268172239,28.534842,77.385735,0.0,CNG,,14.9,0,785,42.7,2.60,51.0,90.0,-5.47,0.78,13.6,0.0,0.0,0.00,ARMED,,15.3
1791268172794,28.534842,77.385735,0.0,CNG,,14.9,0,816,42.7,3.70,51.0,90.0,-5.47,0.78,13.6,0.0,0.0,0.00,ARMED,,15.3
1791268173326,28.534843,77.385735,0.0,CNG,,14.9,0,825,42.7,3.02,51.0,90.0,-5.47,0.78,13.7,0.0,0.0,0.00,ARMED,,15.7
1791268174354,28.534843,77.385735,0.0,CNG,,14.9,0,833,42.7,2.85,51.0,90.0,-3.91,0.78,13.6,0.0,0.0,0.00,ARMED,,15.3
1791268174890,28.534843,77.385735,0.0,CNG,,14.9,0,845,42.7,2.85,51.0,90.0,-3.91,0.78,13.6,0.0,0.0,0.00,ARMED,,15.3
1791268175450,28.534843,77.385735,0.0,CNG,,14.9,0,847,42.7,3.64,51.0,91.0,-3.91,0.78,13.6,0.0,0.0,0.00,ARMED,,15.3
1791268176348,28.534843,77.385735,0.0,CNG,,14.9,0,842,39.2,3.30,48.0,90.0,-2.34,0.78,13.5,0.0,0.0,0.00,ARMED,,15.3
1791268176840,28.534843,77.385735,0.0,CNG,,14.9,0,845,39.2,3.61,48.0,90.0,-2.34,0.78,13.5,0.0,0.0,0.00,ARMED,,15.3
1791268177410,28.534843,77.385735,0.0,CNG,,14.9,0,840,39.2,3.48,48.0,90.0,-2.34,0.78,13.7,0.0,0.0,0.00,ARMED,,15.3
1791268179307,28.534843,77.385735,,CNG,,,,,39.2,3.48,48.0,90.0,-2.34,0.78,13.7,,0.0,0.00,OFF,,15.3
1791268180205,28.534842,77.385735,,CNG,,,,,39.2,3.48,48.0,90.0,-2.34,0.78,13.7,,0.0,0.00,OFF,,15.3
1791268180992,28.534842,77.385735,,CNG,,,,,39.2,3.48,48.0,90.0,-2.34,0.78,13.7,,0.0,0.00,OFF,,15.3
1791268182619,28.534842,77.385735,,CNG,,,,,39.2,3.48,48.0,90.0,-2.34,0.78,13.7,,0.0,0.00,OFF,,15.3
1791268183382,28.534845,77.385731,,CNG,,,,,39.2,3.48,48.0,90.0,-2.34,0.78,13.7,,0.0,0.00,OFF,,15.3
1791268184251,28.534852,77.385727,,CNG,,,,,39.2,3.48,48.0,90.0,-2.34,0.78,13.7,,0.0,0.00,OFF,,15.3
1791268186113,28.534862,77.385719,,CNG,,,,,39.2,3.48,48.0,90.0,-2.34,0.78,13.7,,0.0,0.00,OFF,,15.3
1791268186879,28.534872,77.385720,,CNG,,,,,39.2,3.48,48.0,90.0,-2.34,0.78,13.7,,0.0,0.00,OFF,,15.3
1791268187889,28.534882,77.385725,,CNG,,,,,39.2,3.48,48.0,90.0,-2.34,0.78,13.7,,0.0,0.00,OFF,,15.3
1791268190035,28.534888,77.385743,,CNG,,,,,39.2,3.48,48.0,90.0,-2.34,0.78,13.7,,0.0,0.00,OFF,,15.3
1791268190799,28.534888,77.385743,,CNG,,,,,39.2,3.48,48.0,90.0,-2.34,0.78,13.7,,0.0,0.00,OFF,,15.3
1791268191562,28.534889,77.385749,,CNG,,,,,39.2,3.48,48.0,90.0,-2.34,0.78,13.7,,0.0,0.00,OFF,,15.3
1791268193183,28.534893,77.385750,,CNG,,,,,39.2,3.48,48.0,90.0,-2.34,0.78,13.7,,0.0,0.00,OFF,,15.3
1791268193954,28.534893,77.385755,,CNG,,,,,39.2,3.48,48.0,90.0,-2.34,0.78,13.7,,0.0,0.00,OFF,,15.3
