t_ms,lat,lon,speed_kmh,fuel,inst_eff,pedal,gear,rpm,load
1790512195366,,,0.0,PETROL,,14.9,,800,41.6
1790512196057,,,0.0,PETROL,,14.9,,803,41.6
1790512196694,,,0.0,PETROL,,14.9,,803,41.6
1790512197945,,,0.0,PETROL,,14.9,,800,42.4
1790512198618,,,0.0,PETROL,,14.9,,801,42.4
1790512199344,28.629756,77.318605,0.0,PETROL,,14.9,,807,42.4
1790512200711,28.629765,77.318567,0.0,PETROL,,14.9,,815,42.7
1790512201449,28.629768,77.318794,0.0,PETROL,,14.9,,819,42.7
1790512202076,28.629768,77.318794,0.0,PETROL,,14.9,,827,42.7
1790512203417,28.629754,77.318697,0.0,PETROL,,14.9,,835,44.7
1790512204149,28.629754,77.318697,0.0,PETROL,,14.9,,834,44.7
1790512204830,28.629746,77.318648,0.0,PETROL,,14.9,,834,44.7
1790512205963,28.629743,77.318645,0.0,CNG,,14.9,,826,43.9
1790512206623,28.629752,77.318635,0.0,CNG,,14.9,,826,43.9
1790512207272,28.629748,77.318592,0.0,CNG,,14.9,,821,43.9
1790512208524,28.629753,77.318585,0.0,CNG,,22.7,,823,39.6
1790512209228,28.629753,77.318585,0.0,CNG,,18.8,,2219,39.6
1790512209915,28.629751,77.318576,0.0,CNG,,18.8,,1999,39.6
1790512211122,28.629750,77.318575,0.0,CNG,,25.1,,1752,25.9
1790512211939,28.629750,77.318571,0.0,CNG,,14.9,,2103,25.9
1790512212562,28.629749,77.318575,0.0,CNG,,14.9,,1111,25.9
1790512213740,28.629749,77.318571,0.0,CNG,,21.2,,1093,39.2
1790512214420,28.629748,77.318568,0.0,CNG,,21.2,,1949,39.2
1790512215028,28.629748,77.318568,0.0,CNG,,21.2,,2271,39.2
1790512216114,28.629748,77.318567,0.0,CNG,,21.2,,2433,18.0
1790512216755,28.629748,77.318565,0.0,CNG,,14.9,,2529,18.0
1790512217371,28.629748,77.318564,0.0,CNG,,14.9,,1984,18.0
1790512218546,28.629748,77.318564,0.0,CNG,,14.9,,1369,26.7
1790512219231,28.629748,77.318564,0.0,CNG,,14.9,,777,26.7
1790512219972,28.629749,77.318571,0.0,CNG,,14.9,,709,26.7
1790512221147,28.629749,77.318571,0.0,CNG,,14.9,,692,30.2
1790512221884,28.629749,77.318571,0.0,CNG,,17.3,,690,30.2
1790512222530,28.629749,77.318572,0.0,CNG,,16.9,,838,30.2
1790512223759,28.629749,77.318572,1.0,CNG,,14.9,,815,36.1
1790512224376,28.629603,77.318593,1.0,CNG,,14.9,,821,36.1
1790512225191,28.629603,77.318593,1.0,CNG,,14.9,,820,36.1
1790512226477,28.629658,77.318616,2.0,CNG,,14.9,,724,37.6
1790512227161,28.629658,77.318616,1.0,CNG,,14.9,,789,37.6
1790512227844,28.629675,77.318622,0.0,CNG,,15.7,,792,37.6
1790512229156,28.629683,77.318629,0.0,CNG,,16.9,,879,56.9
1790512229908,28.629685,77.318623,4.0,CNG,,20.4,,762,56.9
1790512230695,28.629686,77.318627,5.0,CNG,2.62,14.9,,791,56.9
1790512232159,28.629689,77.318619,5.0,CNG,3.76,14.9,,807,40.4
1790512232937,28.629693,77.318613,1.0,CNG,,14.9,,806,40.4
1790512233742,28.629695,77.318612,0.0,CNG,,20.8,,809,40.4
1790512235234,28.629694,77.318602,1.0,CNG,,14.9,,1015,37.3
1790512236002,28.629694,77.318600,3.0,CNG,,16.1,,815,37.3
1790512236780,28.629697,77.318599,3.0,CNG,,14.9,,817,37.3
1790512238285,28.629696,77.318591,3.0,CNG,,14.9,,758,25.5
1790512239106,28.629692,77.318598,0.0,CNG,,25.1,,711,25.5
1790512240142,28.629692,77.318598,1.0,CNG,,14.9,,1156,25.5
1790512241594,28.629698,77.318597,3.0,CNG,,14.9,,811,31.8
1790512242385,28.629698,77.318605,2.0,CNG,,14.9,,766,31.8
1790512243190,28.629698,77.318605,0.0,CNG,,14.9,,786,31.8
1790512244545,28.629694,77.318600,0.0,CNG,,19.6,,834,55.7
1790512245409,28.629697,77.318607,2.0,CNG,,16.1,,813,55.7
1790512246192,28.629697,77.318607,4.0,CNG,,14.9,,816,55.7
1790512247624,28.629686,77.318617,2.0,CNG,,14.9,,828,43.1
1790512248393,28.629690,77.318613,0.0,CNG,,19.6,,809,43.1
1790512249178,28.629690,77.318613,0.0,CNG,,14.9,,814,43.1
1790512250609,28.629680,77.318600,2.0,CNG,,14.9,,814,30.6
1790512251376,28.629680,77.318605,2.0,CNG,,14.9,,837,30.6
1790512252193,28.629680,77.318605,2.0,CNG,,15.3,,780,30.6
1790512253615,28.629676,77.318599,2.0,CNG,,16.5,,719,33.7
1790512254387,28.629663,77.318600,3.0,CNG,,15.7,,685,33.7
1790512255246,28.629663,77.318600,3.0,CNG,,17.3,,675,33.7
1790512256635,28.629637,77.318608,5.0,CNG,3.96,18.8,1,713,53.7
1790512257466,28.629618,77.318617,6.0,CNG,4.97,20.0,1,872,53.7
1790512258237,28.629618,77.318617,8.0,CNG,6.31,20.0,1,1070,53.7
1790512259398,28.629576,77.318640,8.0,CNG,6.38,19.6,1,1143,34.9
1790512260026,28.629576,77.318640,9.0,CNG,7.77,14.9,1,1171,34.9
1790512260666,28.629553,77.318654,9.0,CNG,6.48,22.0,,1030,34.9
1790512261801,28.629525,77.318668,11.0,CNG,7.50,20.4,2,782,50.6
1790512262463,28.629498,77.318680,11.0,CNG,9.85,16.9,2,829,50.6
1790512263083,28.629498,77.318680,11.0,CNG,12.36,18.4,2,820,50.6
1790512264263,28.629449,77.318705,11.0,CNG,13.29,20.4,2,837,44.3
1790512264947,28.629449,77.318705,12.0,CNG,13.19,20.4,2,860,44.3
1790512265630,28.629424,77.318721,12.0,CNG,13.46,20.0,2,907,44.3
1790512266790,28.629397,77.318734,13.0,CNG,16.78,18.8,2,934,27.5
1790512267492,28.629368,77.318749,13.0,CNG,20.43,14.9,2,930,27.5
1790512268145,28.629368,77.318749,11.0,CNG,20.09,14.9,2,905,27.5
1790512269311,28.629333,77.318761,7.0,CNG,18.23,14.9,,743,23.1
1790512269943,28.629333,77.318761,4.0,CNG,6.73,24.7,,725,23.1
1790512270582,28.629326,77.318760,4.0,CNG,3.60,28.2,,1038,23.1
1790512271783,28.629313,77.318755,7.0,CNG,3.29,25.5,,1514,78.0
1790512272505,28.629292,77.318740,11.0,CNG,6.58,14.9,2,783,78.0
1790512273158,28.629292,77.318740,11.0,CNG,9.28,14.9,2,768,78.0
1790512274281,28.629262,77.318687,10.0,CNG,11.83,14.9,2,771,36.1
1790512274941,28.629262,77.318687,8.0,CNG,11.18,24.7,,790,36.1
1790512275606,28.629259,77.318665,8.0,CNG,14.66,22.0,,688,36.1
1790512276718,28.629255,77.318636,9.0,CNG,16.26,14.9,,661,76.5
1790512277360,28.629251,77.318605,11.0,CNG,13.51,21.2,2,770,76.5
1790512278024,28.629251,77.318605,11.0,CNG,11.62,20.4,2,836,76.5
1790512279161,28.629258,77.318572,12.0,CNG,11.04,20.4,2,865,58.4
1790512279827,28.629280,77.318543,12.0,CNG,9.49,22.0,2,915,58.4
1790512280531,28.629311,77.318526,13.0,CNG,9.67,21.2,2,1000,58.4
1790512281663,28.629348,77.318515,14.0,CNG,10.06,20.8,2,1040,46.3
1790512282330,28.629384,77.318501,15.0,CNG,9.78,22.4,2,1096,46.3
1790512282967,28.629384,77.318501,16.0,CNG,8.80,22.7,2,1163,46.3
1790512284128,28.629422,77.318483,17.0,CNG,9.27,22.4,2,1245,49.8
1790512284749,28.629461,77.318468,18.0,CNG,11.21,21.2,2,1326,49.8
1790512285443,28.629509,77.318450,18.0,CNG,12.29,21.2,2,1367,49.8
1790512286625,28.629552,77.318432,19.0,CNG,13.80,21.2,2,1415,29.0
1790512287272,28.629552,77.318432,20.0,CNG,15.56,20.4,2,1467,29.0
1790512287942,28.629599,77.318418,20.0,CNG,20.16,14.9,2,1319,29.0
1790512289104,28.629645,77.318407,20.0,CNG,25.41,14.9,4,811,22.7
1790512289714,28.629688,77.318395,17.0,CNG,28.75,14.9,4,723,22.7
1790512290360,28.629724,77.318379,16.0,CNG,29.87,14.9,,724,22.7
1790512291469,28.629756,77.318366,14.0,CNG,28.86,14.9,3,726,23.1
1790512292133,28.629756,77.318366,13.0,CNG,17.20,21.6,2,855,23.1
1790512292786,28.629782,77.318354,14.0,CNG,15.47,22.4,2,1000,23.1
1790512293986,28.629816,77.318345,15.0,CNG,12.16,22.7,2,1086,59.6
1790512294662,28.629850,77.318339,17.0,CNG,11.18,22.7,2,1266,59.6
1790512295299,28.629892,77.318326,18.0,CNG,10.32,22.7,2,1349,59.6
1790512296482,28.629942,77.318296,19.0,CNG,10.67,22.4,2,1407,48.2
1790512297117,28.629942,77.318296,20.0,CNG,10.89,22.7,2,1523,48.2
1790512297729,28.629991,77.318274,21.0,CNG,10.95,22.4,2,1567,48.2
1790512298861,28.630044,77.318256,22.0,CNG,11.74,22.4,2,1628,39.2
1790512299477,28.630101,77.318239,23.0,CNG,12.65,21.6,2,1679,39.2
1790512300180,28.630101,77.318239,23.0,CNG,13.98,21.2,2,1707,39.2
1790512301281,28.630207,77.318208,24.0,CNG,16.35,20.8,2,1771,34.9
1790512301960,28.630207,77.318208,24.0,CNG,15.83,21.6,2,1785,34.9
1790512302584,28.630260,77.318163,25.0,CNG,16.93,21.6,2,1837,34.9
1790512303811,28.630312,77.318114,25.0,CNG,19.55,14.9,2,1873,20.8
1790512304478,28.630363,77.318072,24.0,CNG,20.72,14.9,2,1813,20.8
1790512305118,28.630363,77.318072,24.0,CNG,25.12,18.8,3,1375,20.8
1790512306295,28.630456,77.317986,24.0,CNG,22.59,22.0,3,1237,38.0
1790512306948,28.630456,77.317986,24.0,CNG,22.41,20.8,3,1241,38.0
1790512307607,28.630491,77.317929,25.0,CNG,25.25,20.4,3,1268,38.0
1790512308794,28.630523,77.317866,25.0,CNG,26.13,19.6,3,1275,23.5
1790512309407,28.630557,77.317811,25.0,CNG,21.53,20.8,3,1280,23.5
1790512310078,28.630557,77.317811,25.0,CNG,22.94,20.0,3,1287,23.5
1790512311217,28.630589,77.317750,25.0,CNG,28.25,14.9,3,1277,29.8
1790512311847,28.630624,77.317683,23.0,CNG,29.20,14.9,4,857,29.8
1790512312479,28.630642,77.317617,23.0,CNG,17.68,22.0,4,842,29.8
1790512313650,28.630643,77.317554,23.0,CNG,15.89,22.4,3,1185,56.5
1790512314292,28.630626,77.317489,24.0,CNG,15.74,22.0,3,1253,56.5
1790512314921,28.630626,77.317489,25.0,CNG,16.05,22.0,3,1280,56.5
1790512316029,28.630608,77.317417,26.0,CNG,16.80,21.2,3,1323,42.0
1790512316678,28.630588,77.317350,27.0,CNG,17.94,20.8,3,1365,42.0
1790512317321,28.630571,77.317279,27.0,CNG,18.73,20.4,3,1389,42.0
1790512318533,28.630552,77.317206,27.0,CNG,19.29,20.4,3,1400,32.5
1790512319138,28.630552,77.317206,28.0,CNG,24.39,20.0,3,1412,32.5
1790512319826,28.630531,77.317132,27.0,CNG,24.70,20.8,3,1412,32.5
1790512321021,28.630499,77.317063,27.0,CNG,27.86,14.9,3,1441,23.9
1790512321702,28.630473,77.316993,25.0,CNG,37.42,14.9,5,809,23.9
1790512322310,28.630450,77.316941,21.0,CNG,38.07,14.9,5,705,23.9
1790512323490,28.630434,77.316897,17.0,CNG,36.33,14.9,,689,26.3
1790512324157,28.630434,77.316897,13.0,CNG,45.32,14.9,,692,26.3
1790512324793,28.630421,77.316870,12.0,CNG,39.20,14.9,,704,26.3
1790512325973,28.630404,77.316844,11.0,CNG,32.17,14.9,,692,40.4
1790512326624,28.630388,77.316821,10.0,CNG,26.74,17.3,2,735,40.4
1790512327255,28.630388,77.316821,9.0,CNG,15.00,22.0,2,703,40.4
1790512328485,28.630345,77.316788,10.0,CNG,11.01,24.7,2,748,53.7
1790512329128,28.630345,77.316788,11.0,CNG,15.93,14.9,2,721,53.7
1790512329778,28.630319,77.316778,10.0,CNG,7.95,30.6,2,725,53.7
1790512331072,28.630295,77.316766,12.0,CNG,7.19,30.6,2,869,82.4
1790512331711,28.630264,77.316748,16.0,CNG,6.95,25.1,2,1205,82.4
1790512332352,28.630226,77.316727,18.0,CNG,7.36,25.1,2,1332,82.4
1790512333550,28.630175,77.316717,19.0,CNG,6.01,44.7,2,1416,95.7
1790512334206,28.630175,77.316717,24.0,CNG,7.21,58.4,2,1786,95.7
1790512334902,28.630121,77.316731,28.0,CNG,12.33,58.4,2,2035,95.7
1790512336057,28.630049,77.316752,31.0,CNG,6.32,14.9,2,2296,25.5
1790512336698,28.629972,77.316776,32.0,CNG,6.48,35.7,,1892,25.5
1790512337468,28.629891,77.316804,35.0,CNG,7.23,33.3,3,1799,25.5
1790512338614,28.629803,77.316836,37.0,CNG,11.30,29.0,3,1874,59.6
1790512339286,28.629715,77.316871,39.0,CNG,11.44,28.2,3,1967,59.6
1790512340007,28.629715,77.316871,40.0,CNG,11.97,27.8,3,2059,59.6
1790512341201,28.629617,77.316910,41.0,CNG,17.05,14.9,3,2118,27.5
1790512341915,28.629519,77.316949,42.0,CNG,21.82,21.2,4,1631,27.5
1790512342537,28.629420,77.316988,42.0,CNG,25.68,21.6,4,1634,27.5
1790512343696,28.629320,77.317030,43.0,CNG,28.75,21.6,4,1656,29.0
1790512344319,28.629217,77.317070,44.0,CNG,30.21,21.6,5,1339,29.0
1790512344978,28.629217,77.317070,44.0,CNG,31.60,21.6,5,1341,29.0
1790512346062,28.629112,77.317113,45.0,CNG,32.41,21.6,5,1339,36.5
1790512346702,28.629004,77.317156,47.0,CNG,34.53,21.6,5,1384,36.5
1790512347353,28.628892,77.317198,47.0,CNG,35.56,21.6,5,1403,36.5
1790512348568,28.628778,77.317241,48.0,CNG,36.06,21.6,5,1429,34.1
1790512349212,28.628778,77.317241,50.0,CNG,37.83,21.6,5,1476,34.1
1790512349898,28.628661,77.317287,50.0,CNG,38.75,21.6,5,1500,34.1
1790512351010,28.628541,77.317334,51.0,CNG,38.34,21.6,5,1522,37.3
1790512351679,28.628420,77.317384,53.0,CNG,36.41,21.6,5,1563,37.3
1790512352344,28.628296,77.317438,53.0,CNG,33.98,21.6,5,1582,37.3
1790512353542,28.628167,77.317494,54.0,CNG,33.23,21.6,5,1598,38.8
1790512354193,28.628167,77.317494,54.0,CNG,32.60,21.6,5,1616,38.8
1790512354852,28.628040,77.317557,55.0,CNG,35.64,17.3,5,1623,38.8
1790512355959,28.627920,77.317615,55.0,CNG,31.44,23.5,5,1627,48.6
1790512356656,28.627798,77.317670,55.0,CNG,28.60,23.1,5,1643,48.6
1790512357299,28.627676,77.317728,55.0,CNG,27.74,23.1,5,1638,48.6
1790512358485,28.627554,77.317788,56.0,CNG,29.67,23.1,5,1645,33.3
1790512359097,28.627554,77.317788,55.0,CNG,28.70,24.7,5,1657,33.3
1790512359729,28.627554,77.317788,56.0,CNG,27.52,24.7,5,1660,33.3
1790512360852,28.627554,77.317788,56.0,CNG,27.42,24.7,5,1675,46.3
1790512361518,28.627554,77.317788,57.0,CNG,26.92,24.7,5,1695,46.3
1790512362139,28.627554,77.317788,57.0,CNG,27.46,24.7,5,1708,46.3
1790512363309,28.626875,77.318142,57.0,CNG,28.55,24.3,5,1696,43.1
1790512363952,28.626875,77.318142,57.0,CNG,29.60,23.9,5,1700,43.1
1790512364646,28.626788,77.318186,57.0,CNG,30.00,23.9,5,1708,43.1
1790512365814,28.626662,77.318267,57.0,CNG,30.72,23.9,5,1696,41.6
1790512366438,28.626516,77.318337,56.0,CNG,33.04,14.9,5,1663,41.6
1790512367085,28.626516,77.318337,55.0,CNG,33.93,24.3,5,1650,41.6
1790512368260,28.626387,77.318418,55.0,CNG,32.02,24.3,5,1637,45.5
1790512368851,28.626267,77.318486,54.0,CNG,38.51,14.9,5,1610,45.5
1790512369509,28.626153,77.318543,53.0,CNG,35.86,24.7,5,1587,45.5
1790512370606,28.626032,77.318606,53.0,CNG,34.86,14.9,5,1577,24.3
1790512371280,28.626032,77.318606,51.0,CNG,44.49,14.9,,896,24.3
1790512371945,28.625918,77.318668,47.0,CNG,51.11,14.9,,816,24.3
1790512373160,28.625814,77.318718,43.0,CNG,54.55,14.9,,780,36.1
1790512373790,28.625729,77.318760,36.0,CNG,54.60,14.9,,786,36.1
1790512374430,28.625659,77.318795,33.0,CNG,50.07,14.9,,787,36.1
1790512375625,28.625600,77.318823,27.0,CNG,44.70,14.9,5,799,35.3
1790512376256,28.625600,77.318823,23.0,CNG,44.58,14.9,4,799,35.3
1790512376933,28.625547,77.318849,21.0,CNG,42.77,14.9,4,797,35.3
1790512378118,28.625500,77.318868,20.0,CNG,35.93,14.9,4,792,35.3
1790512378800,28.625452,77.318880,17.0,CNG,35.53,14.9,3,788,35.3
1790512379446,28.625413,77.318878,14.0,CNG,32.61,14.9,3,761,35.3
1790512380556,28.625392,77.318867,11.0,CNG,30.50,14.9,2,750,22.7
1790512381194,28.625392,77.318867,5.0,CNG,23.44,14.9,1,718,22.7
1790512381787,28.625384,77.318860,3.0,CNG,18.27,14.9,,727,22.7
1790512382940,28.625382,77.318855,3.0,CNG,12.41,20.8,,720,76.1
1790512383587,28.625380,77.318845,4.0,CNG,11.28,14.9,,938,76.1
1790512384235,28.625380,77.318845,4.0,CNG,11.54,14.9,,913,76.1
1790512385325,28.625375,77.318825,4.0,CNG,13.82,27.1,,772,80.8
1790512386129,28.625375,77.318825,6.0,CNG,16.39,20.4,,629,80.8
1790512386744,28.625375,77.318810,7.0,CNG,17.74,14.9,,536,80.8
1790512387898,28.625381,77.318792,7.0,CNG,6.22,23.9,,689,79.2
1790512388496,28.625395,77.318769,11.0,CNG,7.85,22.4,2,790,79.2
1790512389129,28.625395,77.318769,12.0,CNG,8.20,21.6,2,896,79.2
1790512390298,28.625416,77.318742,13.0,CNG,9.52,20.8,2,1000,44.7
1790512391016,28.625445,77.318716,14.0,CNG,10.95,21.2,2,1054,44.7
1790512391639,28.625475,77.318690,15.0,CNG,11.67,21.2,2,1087,44.7
1790512392873,28.625508,77.318664,15.0,CNG,11.29,21.2,2,1134,60.8
1790512393500,28.625542,77.318638,17.0,CNG,9.57,23.1,2,1252,60.8
1790512394117,28.625542,77.318638,18.0,CNG,9.51,22.4,2,1326,60.8
1790512395266,28.625582,77.318612,19.0,CNG,9.89,22.4,2,1424,46.7
1790512395932,28.625629,77.318588,21.0,CNG,10.34,22.7,2,1547,46.7
1790512396557,28.625677,77.318565,21.0,CNG,11.54,22.7,2,1591,46.7
1790512397731,28.625726,77.318543,22.0,CNG,12.33,22.7,2,1651,35.7
1790512398415,28.625778,77.318521,23.0,CNG,13.37,22.7,2,1742,35.7
1790512399092,28.625778,77.318521,24.0,CNG,13.74,22.7,2,1777,35.7
1790512400249,28.625834,77.318493,24.0,CNG,14.27,22.7,2,1807,33.3
1790512400933,28.625886,77.318467,25.0,CNG,14.34,22.7,2,1852,33.3
1790512401577,28.625942,77.318437,25.0,CNG,14.47,22.4,2,1861,33.3
1790512402760,28.626005,77.318406,24.0,CNG,14.94,22.4,,2102,43.5
1790512403418,28.626063,77.318372,25.0,CNG,15.71,22.7,3,1267,43.5
1790512404099,28.626063,77.318372,25.0,CNG,15.69,22.7,3,1271,43.5
1790512405296,28.626169,77.318311,25.0,CNG,16.29,22.7,3,1305,46.7
1790512405932,28.626169,77.318311,26.0,CNG,15.90,23.9,3,1326,46.7
1790512406595,28.626227,77.318278,26.0,CNG,15.31,24.3,3,1344,46.7
1790512407740,28.626285,77.318242,27.0,CNG,15.61,24.3,3,1363,53.3
1790512408397,28.626345,77.318203,27.0,CNG,14.13,24.3,3,1412,53.3
1790512409058,28.626345,77.318203,28.0,CNG,13.47,24.3,3,1419,53.3
1790512410206,28.626404,77.318165,28.0,CNG,13.22,24.3,3,1445,57.3
1790512410862,28.626468,77.318131,29.0,CNG,13.17,24.3,3,1468,57.3
1790512411499,28.626529,77.318094,29.0,CNG,13.17,24.3,3,1481,57.3
1790512412658,28.626598,77.318065,29.0,CNG,13.03,24.3,3,1492,56.5
1790512413281,28.626665,77.318031,30.0,CNG,13.05,24.3,3,1539,56.5
1790512413983,28.626665,77.318031,30.0,CNG,13.44,24.3,3,1555,56.5
1790512415173,28.626734,77.317994,31.0,CNG,14.50,24.3,3,1568,43.9
1790512415866,28.626815,77.317945,32.0,CNG,15.53,23.9,3,1629,43.9
1790512416517,28.626884,77.317894,32.0,CNG,20.58,14.9,3,1653,43.9
1790512417662,28.626950,77.317847,31.0,CNG,27.94,14.9,4,1101,22.4
1790512418296,28.627000,77.317796,27.0,CNG,33.79,14.9,5,732,22.4
1790512418936,28.627000,77.317796,24.0,CNG,40.82,14.9,5,718,22.4
1790512420058,28.627033,77.317737,22.0,CNG,47.38,14.9,5,721,22.4
1790512420681,28.627060,77.317685,21.0,CNG,58.47,14.9,,724,22.4
1790512421351,28.627075,77.317626,20.0,CNG,52.96,14.9,4,723,22.4
1790512422477,28.627077,77.317568,20.0,CNG,25.15,22.4,4,726,49.0
1790512423114,28.627077,77.317568,20.0,CNG,21.99,20.0,3,1031,49.0
1790512423739,28.627074,77.317509,21.0,CNG,21.86,20.8,3,1070,49.0
1790512424833,28.627061,77.317453,22.0,CNG,20.36,21.2,3,1129,38.8
1790512425462,28.627049,77.317388,24.0,CNG,23.07,20.4,3,1234,38.8
1790512426063,28.627049,77.317388,24.0,CNG,24.98,20.4,3,1245,38.8
1790512427214,28.627027,77.317318,24.0,CNG,25.86,19.2,3,1251,22.4
1790512427890,28.627010,77.317265,24.0,CNG,31.05,14.9,3,1245,22.4
1790512428543,28.626995,77.317204,24.0,CNG,32.42,14.9,4,878,22.4
1790512429655,28.626977,77.317141,22.0,CNG,34.42,14.9,4,804,35.3
1790512430346,28.626964,77.317085,18.0,CNG,31.34,14.9,4,792,35.3
1790512430974,28.626964,77.317085,17.0,CNG,28.70,14.9,3,792,35.3
1790512432170,28.626956,77.317048,16.0,CNG,25.62,14.9,3,795,36.1
1790512432815,28.626947,77.317011,15.0,CNG,25.95,22.7,3,801,36.1
1790512433449,28.626935,77.316971,15.0,CNG,15.32,21.6,2,1130,36.1
1790512434594,28.626919,77.316927,16.0,CNG,17.33,14.9,2,1194,26.3
1790512435219,28.626919,77.316927,16.0,CNG,18.42,14.9,2,1113,26.3
1790512435892,28.626903,77.316886,16.0,CNG,23.92,14.9,,933,26.3
1790512437106,28.626887,77.316845,16.0,CNG,26.44,14.9,3,797,22.4
1790512437722,28.626873,77.316810,12.0,CNG,29.07,14.9,,732,22.4
1790512438358,28.626860,77.316779,11.0,CNG,15.17,24.7,2,725,22.4
1790512439529,28.626846,77.316752,12.0,CNG,10.54,24.3,,1073,68.2
1790512440177,28.626846,77.316752,15.0,CNG,10.82,22.4,2,1122,68.2
1790512440791,28.626830,77.316717,16.0,CNG,11.00,22.4,2,1189,68.2
1790512441916,28.626814,77.316676,17.0,CNG,11.94,21.6,2,1254,38.4
1790512442514,28.626798,77.316631,18.0,CNG,14.11,20.4,2,1354,38.4
1790512443183,28.626798,77.316631,18.0,CNG,18.22,14.9,2,1344,38.4
1790512444335,28.626776,77.316546,15.0,CNG,22.83,14.9,3,850,23.5
1790512444968,28.626776,77.316546,8.0,CNG,22.27,14.9,,755,23.5
1790512445595,28.626771,77.316524,8.0,CNG,10.24,23.5,,673,23.5
1790512446736,28.626763,77.316500,10.0,CNG,10.43,22.4,2,720,64.7
1790512447398,28.626752,77.316469,13.0,CNG,8.81,22.4,2,936,64.7
1790512448064,28.626752,77.316469,15.0,CNG,7.66,23.9,2,1083,64.7
1790512449185,28.626738,77.316430,17.0,CNG,7.66,24.3,2,1217,63.1
1790512449841,28.626724,77.316379,20.0,CNG,8.38,24.3,2,1478,63.1
1790512450513,28.626705,77.316323,22.0,CNG,8.67,24.3,2,1622,63.1
1790512451657,28.626683,77.316260,23.0,CNG,8.84,24.3,2,1727,49.8
1790512452301,28.626660,77.316193,26.0,CNG,11.93,14.9,2,1916,49.8
1790512452925,28.626660,77.316193,26.0,CNG,14.57,27.1,3,1274,49.8
1790512454245,28.626638,77.316121,27.0,CNG,13.65,25.1,3,1513,41.2
1790512454893,28.626613,77.316047,28.0,CNG,18.28,24.3,3,1462,41.2
1790512455502,28.626588,77.315970,29.0,CNG,17.12,23.5,3,1482,41.2
1790512456637,28.626561,77.315893,30.0,CNG,17.52,23.5,3,1509,38.8
1790512457276,28.626561,77.315893,31.0,CNG,18.79,22.4,3,1591,38.8
1790512457923,28.626533,77.315809,32.0,CNG,20.51,22.0,3,1621,38.8
1790512459075,28.626502,77.315724,33.0,CNG,21.43,21.6,3,1669,25.5
1790512459732,28.626475,77.315640,33.0,CNG,25.51,14.9,3,1697,25.5
1790512460356,28.626446,77.315555,33.0,CNG,29.82,14.9,3,1502,25.5
1790512461562,28.626418,77.315471,32.0,CNG,38.46,14.9,5,895,22.4
1790512462238,28.626418,77.315471,27.0,CNG,33.37,14.9,,641,22.4
1790512462906,28.626393,77.315401,23.0,CNG,34.47,14.9,,638,22.4
1790512464086,28.626374,77.315347,19.0,CNG,41.56,14.9,,662,26.7
1790512464730,28.626359,77.315307,13.0,CNG,45.00,14.9,,684,26.7
1790512465327,28.626350,77.315287,8.0,CNG,32.73,14.9,,688,26.7
1790512466497,28.626348,77.315278,4.0,CNG,23.17,14.9,,690,32.9
1790512467159,28.626348,77.315278,3.0,CNG,7.46,22.4,,742,32.9
1790512467772,28.626345,77.315270,4.0,CNG,5.19,22.4,,841,32.9
1790512468871,28.626334,77.315253,6.0,CNG,6.76,14.9,1,736,30.2
1790512469535,28.626330,77.315235,6.0,CNG,7.82,14.9,1,779,30.2
1790512470165,28.626322,77.315221,6.0,CNG,9.37,34.1,1,812,30.2
1790512471448,28.626316,77.315208,6.0,CNG,5.07,14.9,,1577,27.1
1790512472080,28.626316,77.315208,6.0,CNG,3.39,22.7,,2644,27.1
1790512472768,28.626308,77.315193,7.0,CNG,4.05,14.9,,1737,27.1
1790512473897,28.626300,77.315174,7.0,CNG,4.20,22.0,1,969,62.4
1790512474546,28.626290,77.315151,9.0,CNG,4.78,22.0,1,1073,62.4
1790512475182,28.626290,77.315151,11.0,CNG,6.11,21.2,2,804,62.4
1790512476400,28.626268,77.315094,11.0,CNG,8.81,14.9,2,856,37.3
1790512477025,28.626268,77.315094,11.0,CNG,10.07,20.8,2,814,37.3
1790512477677,28.626258,77.315065,11.0,CNG,12.98,14.9,2,810,37.3
1790512478796,28.626248,77.315036,11.0,CNG,17.74,16.5,2,801,22.4
1790512479476,28.626240,77.315009,10.0,CNG,23.28,14.9,2,742,22.4
1790512480157,28.626240,77.315009,9.0,CNG,27.17,14.9,2,720,22.4
1790512481333,28.626233,77.314975,5.0,CNG,20.40,14.9,1,716,22.7
1790512481950,28.626233,77.314975,3.0,CNG,13.03,20.0,,721,22.7
1790512482628,28.626231,77.314968,3.0,CNG,6.88,20.0,,733,22.7
1790512483893,28.626229,77.314958,5.0,CNG,8.09,14.9,,766,40.8
1790512484724,28.626224,77.314944,6.0,CNG,10.68,15.3,1,794,40.8
1790512485556,28.626219,77.314930,5.0,CNG,12.33,17.3,,792,40.8
1790512487038,28.626214,77.314917,5.0,CNG,12.87,22.0,1,733,58.0
1790512487896,28.626209,77.314903,7.0,CNG,8.27,14.9,1,915,58.0
1790512488834,28.626202,77.314883,8.0,CNG,6.70,22.4,1,1123,58.0
1790512490356,28.626186,77.314839,9.0,CNG,6.02,20.4,1,1216,25.1
1790512491224,28.626186,77.314839,8.0,CNG,7.04,14.9,,1218,25.1
1790512492081,28.626178,77.314816,8.0,CNG,7.79,14.9,1,1040,25.1
1790512493644,28.626163,77.314770,7.0,CNG,8.81,16.5,1,852,44.3
1790512494280,28.626154,77.314746,8.0,CNG,7.92,22.0,,594,44.3
1790512494953,28.626154,77.314746,9.0,CNG,10.71,14.9,,630,44.3
1790512496075,28.626144,77.314722,9.0,CNG,13.04,23.5,,769,67.8
1790512496720,28.626135,77.314696,10.0,CNG,23.22,14.9,2,715,67.8
1790512497354,28.626124,77.314671,9.0,CNG,20.94,14.9,2,715,67.8
1790512498614,28.626117,77.314649,8.0,CNG,19.00,24.7,,722,72.2
1790512499251,28.626117,77.314649,9.0,CNG,22.97,14.9,,1033,72.2
1790512499942,28.626110,77.314627,8.0,CNG,18.87,14.9,1,966,72.2
1790512501074,28.626103,77.314606,8.0,CNG,21.48,14.9,,813,22.4
1790512501770,28.626098,77.314589,6.0,CNG,7.13,23.9,1,723,22.4
1790512502418,28.626093,77.314573,7.0,CNG,8.87,14.9,,1141,22.4
1790512503541,28.626088,77.314555,7.0,CNG,9.32,25.9,1,1010,54.9
1790512504286,28.626082,77.314535,8.0,CNG,10.77,21.6,,831,54.9
1790512504971,28.626082,77.314535,9.0,CNG,9.17,22.4,,678,54.9
1790512506057,28.626076,77.314511,11.0,CNG,9.07,22.0,2,780,67.1
1790512506702,28.626067,77.314482,13.0,CNG,9.02,22.0,2,928,67.1
1790512507355,28.626057,77.314447,14.0,CNG,8.93,22.0,2,1039,67.1
1790512508540,28.626044,77.314406,15.0,CNG,9.01,22.0,2,1121,58.8
1790512509170,28.626044,77.314406,17.0,CNG,9.40,22.0,2,1246,58.8
1790512509834,28.626030,77.314361,18.0,CNG,10.06,22.0,2,1303,58.8
1790512510966,28.626014,77.314314,18.0,CNG,10.33,22.0,2,1370,48.2
1790512511651,28.625997,77.314265,20.0,CNG,10.83,22.0,2,1464,48.2
1790512512335,28.625981,77.314212,20.0,CNG,11.04,22.0,2,1509,48.2
1790512513503,28.625965,77.314157,21.0,CNG,11.19,22.0,2,1565,42.4
1790512514132,28.625965,77.314157,22.0,CNG,13.09,22.0,2,1640,42.4
1790512514856,28.625948,77.314097,23.0,CNG,13.97,22.0,2,1677,42.4
1790512515939,28.625930,77.314034,24.0,CNG,14.89,22.0,2,1742,30.2
1790512516578,28.625911,77.313970,24.0,CNG,16.03,22.0,2,1823,30.2
1790512517211,28.625911,77.313970,25.0,CNG,17.05,22.0,2,1852,30.2
1790512518406,28.625879,77.313830,25.0,CNG,17.14,21.6,2,1887,20.8
1790512519080,28.625879,77.313830,26.0,CNG,19.18,20.8,2,1753,20.8
1790512519733,28.625874,77.313764,26.0,CNG,20.76,20.8,3,1300,20.8
1790512520905,28.625857,77.313694,26.0,CNG,20.97,21.2,3,1319,34.1
1790512521589,28.625841,77.313624,26.0,CNG,21.15,21.2,3,1353,34.1
1790512522259,28.625841,77.313624,27.0,CNG,22.14,21.2,3,1374,34.1
1790512523444,28.625797,77.313476,27.0,CNG,20.34,22.4,3,1388,41.6
1790512524135,28.625797,77.313476,28.0,CNG,19.93,22.4,3,1432,41.6
1790512524792,28.625774,77.313394,29.0,CNG,17.80,22.4,3,1471,41.6
1790512525913,28.625750,77.313322,29.0,CNG,17.25,22.4,3,1475,47.8
1790512526581,28.625734,77.313237,30.0,CNG,16.25,22.4,3,1541,47.8
1790512527286,28.625713,77.313152,31.0,CNG,16.20,22.4,3,1562,47.8
1790512528405,28.625689,77.313062,31.0,CNG,15.86,22.4,3,1610,45.1
1790512529080,28.625689,77.313062,33.0,CNG,15.95,22.4,3,1677,45.1
1790512529739,28.625665,77.312973,34.0,CNG,16.27,22.4,3,1720,45.1
1790512530904,28.625635,77.312883,34.0,CNG,18.10,20.4,3,1760,22.7
1790512531525,28.625607,77.312792,35.0,CNG,20.76,21.6,4,1330,22.7
1790512532196,28.625607,77.312792,35.0,CNG,23.81,21.6,4,1326,22.7
1790512533426,28.625547,77.312610,35.0,CNG,25.11,21.6,4,1361,36.5
1790512534059,28.625547,77.312610,36.0,CNG,26.85,21.6,4,1395,36.5
1790512534694,28.625517,77.312516,36.0,CNG,27.53,21.6,4,1408,36.5
1790512535872,28.625487,77.312421,36.0,CNG,26.87,21.6,4,1418,34.9
1790512536575,28.625456,77.312325,37.0,CNG,26.79,21.6,4,1441,34.9
1790512537214,28.625456,77.312325,38.0,CNG,28.29,21.6,4,1463,34.9
1790512538366,28.625397,77.312121,38.0,CNG,28.38,21.6,4,1471,33.3
1790512539047,28.625397,77.312121,38.0,CNG,27.78,21.6,4,1496,33.3
1790512539701,28.625366,77.312018,39.0,CNG,29.06,21.6,4,1502,33.3
1790512540857,28.625334,77.311915,39.0,CNG,28.64,21.6,4,1525,32.9
1790512541593,28.625301,77.311813,39.0,CNG,28.99,21.6,4,1534,32.9
1790512542273,28.625301,77.311813,40.0,CNG,30.15,21.6,4,1547,32.9
1790512543417,28.625233,77.311603,40.0,CNG,30.75,21.6,4,1558,32.2
1790512544068,28.625233,77.311603,41.0,CNG,26.77,21.6,4,1579,32.2
1790512544699,28.625199,77.311494,41.0,CNG,25.79,21.6,4,1579,32.2
1790512545848,28.625163,77.311387,41.0,CNG,22.92,22.7,4,1576,47.5
1790512546492,28.625127,77.311279,41.0,CNG,21.45,22.7,4,1604,47.5
1790512547134,28.625127,77.311279,41.0,CNG,23.45,20.8,4,1703,47.5
1790512548338,28.625057,77.311066,41.0,CNG,22.53,22.7,3,1950,65.1
1790512548949,28.625057,77.311066,41.0,CNG,21.58,23.1,5,1234,65.1
1790512549609,28.625025,77.310957,42.0,CNG,21.05,23.1,5,1234,65.1
1790512550713,28.624991,77.310846,42.0,CNG,20.88,23.1,5,1239,55.3
1790512551347,28.624955,77.310735,42.0,CNG,22.49,23.1,5,1240,55.3
1790512551994,28.624955,77.310735,42.0,CNG,24.30,23.1,5,1247,55.3
1790512553157,28.624919,77.310627,42.0,CNG,25.28,23.1,5,1252,41.6
1790512553792,28.624882,77.310515,42.0,CNG,26.43,25.5,5,1238,41.6
1790512554512,28.624848,77.310403,42.0,CNG,23.76,25.5,5,1245,41.6
1790512555624,28.624811,77.310291,42.0,CNG,23.08,25.5,5,1260,63.1
1790512556290,28.624774,77.310181,43.0,CNG,26.15,14.9,5,1287,63.1
1790512556930,28.624774,77.310181,43.0,CNG,25.24,25.1,5,1290,63.1
1790512558252,28.624734,77.310068,43.0,CNG,24.26,25.1,5,1291,60.8
1790512558901,28.624694,77.309953,44.0,CNG,24.04,25.1,5,1295,60.8
1790512559568,28.624656,77.309838,44.0,CNG,29.83,18.4,5,1298,60.8
1790512560724,28.624626,77.309723,43.0,CNG,30.46,26.3,5,1295,54.9
1790512561465,28.624591,77.309610,43.0,CNG,24.95,26.3,5,1278,54.9
1790512562100,28.624591,77.309610,44.0,CNG,25.29,23.5,5,1299,54.9
1790512563228,28.624566,77.309493,44.0,CNG,27.30,14.9,5,1304,25.1
1790512563843,28.624531,77.309376,44.0,CNG,23.12,27.1,5,1306,25.1
1790512564665,28.624493,77.309260,45.0,CNG,20.45,26.7,5,1321,25.1
1790512565745,28.624455,77.309142,45.0,CNG,28.95,25.1,5,1334,58.8
1790512566365,28.624417,77.309023,45.0,CNG,23.70,25.1,5,1355,58.8
1790512567034,28.624417,77.309023,46.0,CNG,22.53,24.7,5,1360,58.8
1790512568203,28.624377,77.308895,47.0,CNG,21.67,24.7,5,1399,60.8
1790512568841,28.624340,77.308760,48.0,CNG,22.30,23.9,5,1439,60.8
1790512569486,28.624298,77.308632,49.0,CNG,22.96,23.9,5,1461,60.8
1790512570667,28.624254,77.308504,50.0,CNG,23.38,23.5,5,1457,44.7
1790512571333,28.624206,77.308373,51.0,CNG,26.94,22.0,5,1519,44.7
1790512571963,28.624206,77.308373,51.0,CNG,29.78,21.6,5,1523,44.7
1790512573152,28.624159,77.308239,52.0,CNG,33.68,21.2,5,1526,29.4
1790512573815,28.624110,77.308105,52.0,CNG,38.19,21.2,5,1545,29.4
1790512574449,28.624061,77.307967,53.0,CNG,39.62,21.2,5,1577,29.4
1790512575551,28.624013,77.307829,53.0,CNG,41.13,21.2,5,1567,27.8
1790512576192,28.624013,77.307829,53.0,CNG,43.72,21.2,5,1592,27.8
1790512576808,28.623964,77.307691,53.0,CNG,43.92,20.8,5,1591,27.8
1790512578023,28.623916,77.307550,54.0,CNG,46.61,20.8,5,1594,25.9
1790512578630,28.623868,77.307413,55.0,CNG,48.81,20.8,5,1631,25.9
1790512579312,28.623820,77.307268,55.0,CNG,50.34,20.8,5,1619,25.9
1790512580453,28.623771,77.307124,55.0,CNG,49.12,20.8,5,1635,25.5
1790512581105,28.623771,77.307124,55.0,CNG,47.77,20.8,5,1636,25.5
1790512581785,28.623720,77.306981,56.0,CNG,50.32,20.8,5,1661,25.5
1790512582945,28.623670,77.306835,55.0,CNG,51.04,20.8,5,1663,24.7
1790512583596,28.623620,77.306691,55.0,CNG,49.49,20.8,5,1643,24.7
1790512584297,28.623620,77.306691,55.0,CNG,46.21,20.8,5,1644,24.7
1790512585415,28.623520,77.306402,55.0,CNG,43.31,20.8,5,1627,32.5
1790512586043,28.623520,77.306402,55.0,CNG,41.67,20.8,5,1632,32.5
1790512586707,28.623470,77.306257,55.0,CNG,39.79,20.8,5,1623,32.5
1790512587969,28.623421,77.306113,55.0,CNG,40.13,20.8,5,1641,33.3
1790512588584,28.623382,77.305958,55.0,CNG,40.58,20.8,5,1636,33.3
1790512589231,28.623382,77.305958,55.0,CNG,25.77,45.5,5,1620,33.3
1790512590430,28.623285,77.305665,56.0,CNG,17.77,45.9,5,1662,94.5
1790512591054,28.623285,77.305665,58.0,CNG,13.63,26.3,5,1733,94.5
1790512591707,28.623234,77.305512,59.0,CNG,20.62,20.0,5,1753,94.5
1790512592903,28.623182,77.305357,59.0,CNG,25.80,21.6,5,1742,40.4
1790512593560,28.623130,77.305204,59.0,CNG,33.27,14.9,5,1760,40.4
1790512594227,28.623130,77.305204,59.0,CNG,40.43,14.9,5,1750,40.4
1790512595395,28.623024,77.304896,58.0,CNG,46.70,16.9,5,1745,19.6
1790512596024,28.623024,77.304896,57.0,CNG,51.81,18.0,5,1718,19.6
1790512596655,28.622971,77.304748,57.0,CNG,54.58,18.8,5,1710,19.6
1790512597842,28.622919,77.304601,57.0,CNG,55.40,20.0,5,1695,20.8
1790512598455,28.622866,77.304455,56.0,CNG,55.68,20.4,5,1667,20.8
1790512599096,28.622866,77.304455,56.0,CNG,56.28,20.8,5,1682,20.8
1790512600182,28.622815,77.304309,56.0,CNG,56.15,20.8,5,1672,23.9
1790512600819,28.622763,77.304163,56.0,CNG,54.06,20.8,5,1665,23.9
1790512601452,28.622712,77.304015,56.0,CNG,55.94,20.8,5,1656,23.9
1790512602570,28.622662,77.303869,56.0,CNG,56.27,20.8,5,1669,23.9
1790512603187,28.622662,77.303869,56.0,CNG,57.16,20.8,5,1670,23.9
1790512603835,28.622613,77.303723,56.0,CNG,53.85,20.8,5,1647,23.9
1790512605070,28.622563,77.303579,56.0,CNG,55.35,20.8,5,1665,24.3
1790512605706,28.622514,77.303433,55.0,CNG,49.48,20.8,5,1665,24.3
1790512606325,28.622467,77.303288,56.0,CNG,45.51,20.8,5,1651,24.3
1790512607534,28.622418,77.303141,56.0,CNG,44.10,20.8,5,1677,32.2
1790512608204,28.622418,77.303141,56.0,CNG,40.82,20.8,5,1670,32.2
1790512608883,28.622365,77.302994,56.0,CNG,35.78,22.4,5,1677,32.2
1790512610036,28.622314,77.302850,56.0,CNG,29.33,27.1,5,1674,69.8
1790512610835,28.622260,77.302701,58.0,CNG,22.97,27.8,5,1715,69.8
1790512611496,28.622210,77.302547,58.0,CNG,20.93,27.1,5,1741,69.8
1790512612662,28.622157,77.302392,59.0,CNG,21.44,27.1,5,1752,54.9
1790512613303,28.622105,77.302233,61.0,CNG,22.30,14.9,5,1798,54.9
1790512614069,28.622105,77.302233,60.0,CNG,23.54,24.7,5,1798,54.9
1790512615173,28.622049,77.302076,60.0,CNG,25.16,24.7,5,1801,43.5
1790512615832,28.621992,77.301915,60.0,CNG,26.03,24.7,5,1809,43.5
1790512616457,28.621938,77.301750,61.0,CNG,26.68,24.7,5,1807,43.5
1790512617642,28.621879,77.301586,61.0,CNG,27.06,24.7,5,1808,43.1
1790512618261,28.621879,77.301586,61.0,CNG,27.60,23.9,5,1805,43.1
1790512618932,28.621824,77.301428,61.0,CNG,29.46,14.9,5,1810,43.1
1790512620050,28.621771,77.301270,60.0,CNG,35.77,22.7,5,1792,34.1
1790512620715,28.621714,77.301106,60.0,CNG,40.35,14.9,5,1792,34.1
1790512621405,28.621667,77.300945,59.0,CNG,45.38,14.9,5,1773,34.1
1790512622562,28.621627,77.300795,56.0,CNG,48.78,14.9,5,1691,17.6
1790512623161,28.621627,77.300795,54.0,CNG,50.11,20.8,5,1619,17.6
1790512623798,28.621581,77.300649,54.0,CNG,43.92,19.6,5,1605,17.6
1790512624922,28.621532,77.300507,54.0,CNG,49.52,20.0,5,1601,23.1
1790512625580,28.621483,77.300367,54.0,CNG,43.93,22.4,5,1601,23.1
1790512626191,28.621483,77.300367,53.0,CNG,41.18,23.1,5,1600,23.1
1790512627372,28.621387,77.300084,54.0,CNG,34.70,23.1,5,1596,45.9
1790512628046,28.621387,77.300084,55.0,CNG,32.39,22.7,5,1631,45.9
1790512628699,28.621339,77.299939,55.0,CNG,30.76,22.4,5,1643,45.9
1790512629916,28.621288,77.299795,56.0,CNG,29.75,22.4,5,1663,42.7
1790512630567,28.621237,77.299650,56.0,CNG,30.70,22.0,5,1670,42.7
1790512631194,28.621237,77.299650,56.0,CNG,31.07,22.0,5,1673,42.7
1790512632356,28.621134,77.299351,57.0,CNG,31.41,22.0,5,1696,38.8
1790512632983,28.621134,77.299351,58.0,CNG,34.95,21.6,5,1723,38.8
1790512633612,28.621089,77.299200,58.0,CNG,36.64,21.6,5,1721,38.8
1790512634710,28.621038,77.299048,58.0,CNG,39.62,21.6,5,1732,27.1
1790512635343,28.620986,77.298895,59.0,CNG,41.99,21.2,5,1740,27.1
1790512635974,28.620986,77.298895,59.0,CNG,45.55,21.2,5,1753,27.1
1790512637148,28.620934,77.298744,59.0,CNG,48.24,21.2,5,1754,25.5
1790512637770,28.620880,77.298590,59.0,CNG,51.07,20.4,5,1749,25.5
1790512638393,28.620832,77.298429,59.0,CNG,52.41,20.4,5,1743,25.5
1790512639505,28.620773,77.298274,59.0,CNG,52.10,20.4,5,1748,22.4
1790512640154,28.620773,77.298274,59.0,CNG,55.60,20.4,5,1760,22.4
1790512640811,28.620716,77.298119,59.0,CNG,58.21,20.4,5,1759,22.4
1790512642018,28.620666,77.297962,59.0,CNG,55.85,20.0,5,1752,20.8
1790512642653,28.620616,77.297812,58.0,CNG,58.10,20.0,5,1736,20.8
1790512643306,28.620567,77.297659,58.0,CNG,63.48,18.8,5,1718,20.8
1790512644484,28.620515,77.297514,58.0,CNG,63.24,18.8,5,1727,19.6
1790512645130,28.620515,77.297514,57.0,CNG,61.04,18.8,5,1686,19.6
1790512645833,28.620465,77.297362,56.0,CNG,59.78,19.2,5,1664,19.6
1790512646950,28.620415,77.297216,56.0,CNG,59.96,19.2,5,1652,20.0
1790512647561,28.620363,77.297067,55.0,CNG,35.79,23.5,5,1631,20.0
1790512648226,28.620363,77.297067,55.0,CNG,31.48,23.5,5,1611,20.0
1790512649368,28.620266,77.296780,54.0,CNG,29.72,23.5,5,1617,48.2
1790512650031,28.620266,77.296780,54.0,CNG,29.17,22.4,5,1600,48.2
1790512650646,28.620217,77.296639,54.0,CNG,29.63,22.4,5,1598,48.2
1790512651844,28.620171,77.296499,54.0,CNG,29.60,22.4,5,1590,43.9
1790512652498,28.620124,77.296357,53.0,CNG,29.38,22.4,5,1577,43.9
1790512653228,28.620124,77.296357,53.0,CNG,29.98,22.4,5,1582,43.9
1790512654387,28.620031,77.296081,53.0,CNG,31.51,22.4,5,1569,67.1
1790512655025,28.620031,77.296081,53.0,CNG,14.95,79.6,5,1580,67.1
1790512655804,28.619982,77.295940,55.0,CNG,13.83,79.6,5,1633,67.1
1790512656938,28.619934,77.295793,56.0,CNG,10.50,79.6,5,1668,95.7
1790512657566,28.619882,77.295642,58.0,CNG,10.79,79.6,5,1735,95.7
1790512658227,28.619882,77.295642,60.0,CNG,9.52,78.8,5,1777,95.7
1790512659351,28.619777,77.295324,61.0,CNG,10.39,78.8,5,1817,96.5
1790512660111,28.619777,77.295324,63.0,CNG,16.18,14.9,5,1881,96.5
1790512660764,28.619721,77.295157,63.0,CNG,14.34,70.2,,1413,96.5
1790512662054,28.619664,77.294993,64.0,CNG,8.08,79.6,4,2668,90.2
1790512662696,28.619604,77.294819,68.0,CNG,8.17,77.6,4,2641,90.2
1790512663357,28.619542,77.294634,71.0,CNG,10.87,74.1,4,2743,90.2
1790512664550,28.619475,77.294435,73.0,CNG,7.95,69.8,4,2838,80.0
1790512665221,28.619475,77.294435,76.0,CNG,12.39,46.3,4,3082,80.0
1790512665831,28.619411,77.294236,76.0,CNG,13.53,69.4,4,3150,80.0
1790512667007,28.619343,77.294030,79.0,CNG,15.24,58.0,5,2360,35.3
1790512667644,28.619277,77.293820,79.0,CNG,22.11,14.9,5,2321,35.3
1790512668336,28.619207,77.293613,76.0,CNG,31.18,14.9,5,2110,35.3
1790512669472,28.619148,77.293431,71.0,CNG,38.83,14.9,5,2089,19.6
1790512670103,28.619148,77.293431,63.0,CNG,45.67,14.9,5,1872,19.6
1790512670729,28.619099,77.293267,59.0,CNG,49.45,14.9,5,1758,19.6
1790512671863,28.619052,77.293114,58.0,CNG,53.13,14.9,5,1720,19.6
1790512672519,28.619001,77.292964,57.0,CNG,57.84,14.9,5,1695,19.6
1790512673160,28.619001,77.292964,57.0,CNG,62.37,14.9,5,1694,19.6
1790512674356,28.618899,77.292666,56.0,CNG,47.44,21.2,5,1671,33.7
1790512675002,28.618899,77.292666,57.0,CNG,47.48,20.4,5,1693,33.7
1790512675607,28.618849,77.292516,57.0,CNG,49.72,20.4,5,1705,33.7
1790512676850,28.618797,77.292366,57.0,CNG,49.79,20.4,5,1713,21.6
1790512677501,28.618747,77.292218,57.0,CNG,54.23,20.0,5,1718,21.6
1790512678147,28.618747,77.292218,58.0,CNG,56.10,20.0,5,1716,21.6
1790512679281,28.618648,77.291919,57.0,CNG,57.55,20.0,5,1717,19.6
1790512679929,28.618648,77.291919,57.0,CNG,57.14,20.0,5,1708,19.6
1790512680561,28.618600,77.291762,57.0,CNG,56.41,20.0,5,1718,19.6
1790512681704,28.618554,77.291605,57.0,CNG,59.83,18.8,5,1716,19.6
1790512682397,28.618504,77.291456,57.0,CNG,58.12,18.4,5,1703,19.6
1790512683034,28.618504,77.291456,57.0,CNG,60.65,18.4,5,1687,19.6
1790512684229,28.618453,77.291308,57.0,CNG,63.85,18.4,5,1685,19.6
1790512684918,28.618401,77.291159,56.0,CNG,61.97,18.8,5,1677,19.6
1790512685565,28.618349,77.291014,56.0,CNG,60.82,18.8,5,1684,19.6
1790512686736,28.618294,77.290867,56.0,CNG,61.42,18.8,5,1671,19.6
1790512687385,28.618241,77.290720,56.0,CNG,60.69,18.8,5,1687,19.6
1790512688026,28.618241,77.290720,56.0,CNG,65.25,18.8,5,1683,19.6
1790512689160,28.618188,77.290574,56.0,CNG,66.37,18.8,5,1670,19.6
1790512689813,28.618137,77.290430,55.0,CNG,63.52,19.6,5,1666,19.6
1790512690443,28.618087,77.290285,55.0,CNG,61.12,19.6,5,1642,19.6
1790512691636,28.618037,77.290142,55.0,CNG,56.46,19.6,5,1631,26.7
1790512692258,28.618037,77.290142,54.0,CNG,47.09,20.4,5,1604,26.7
1790512692937,28.617988,77.290002,53.0,CNG,45.09,21.2,5,1588,26.7
1790512694052,28.617941,77.289861,52.0,CNG,40.65,21.2,5,1570,36.5
1790512694705,28.617893,77.289726,52.0,CNG,37.40,21.2,5,1561,36.5
1790512695374,28.617850,77.289592,52.0,CNG,36.19,21.2,5,1542,36.5
1790512696501,28.617800,77.289457,52.0,CNG,36.67,21.2,5,1555,36.1
1790512697178,28.617800,77.289457,53.0,CNG,39.47,21.2,5,1561,36.1
1790512697827,28.617748,77.289321,53.0,CNG,38.50,22.0,5,1568,36.1
1790512698924,28.617696,77.289185,52.0,CNG,37.17,22.0,5,1567,34.1
1790512699620,28.617643,77.289051,52.0,CNG,36.45,22.0,5,1547,34.1
1790512700238,28.617643,77.289051,51.0,CNG,35.88,14.9,5,1540,34.1
1790512701449,28.617550,77.288784,51.0,CNG,38.15,22.4,5,1520,36.5
1790512702084,28.617550,77.288784,50.0,CNG,36.07,22.4,5,1505,36.5
1790512702764,28.617495,77.288656,50.0,CNG,34.93,22.4,5,1503,36.5
1790512703883,28.617442,77.288528,50.0,CNG,34.03,22.4,5,1487,37.3
1790512704567,28.617386,77.288395,50.0,CNG,33.58,22.4,5,1486,37.3
1790512705191,28.617386,77.288395,50.0,CNG,33.25,22.4,5,1482,37.3
1790512706308,28.617286,77.288142,50.0,CNG,33.11,22.4,5,1481,38.0
1790512706946,28.617286,77.288142,50.0,CNG,34.10,22.4,5,1473,38.0
1790512707621,28.617232,77.288014,50.0,CNG,33.93,22.4,5,1474,38.0
1790512708788,28.617176,77.287888,50.0,CNG,34.79,22.4,5,1481,37.6
1790512709444,28.617117,77.287766,50.0,CNG,34.37,22.4,5,1479,37.6
1790512710091,28.617117,77.287766,50.0,CNG,35.56,22.0,5,1465,37.6
1790512711229,28.617055,77.287643,50.0,CNG,35.60,22.0,5,1494,35.7
1790512711852,28.616990,77.287521,51.0,CNG,36.37,22.0,5,1510,35.7
1790512712482,28.616926,77.287403,51.0,CNG,33.89,22.0,5,1518,35.7
1790512713716,28.616855,77.287282,51.0,CNG,31.87,22.0,5,1519,42.0
1790512714362,28.616784,77.287165,52.0,CNG,30.70,22.0,5,1538,42.0
1790512715030,28.616784,77.287165,52.0,CNG,29.88,22.0,5,1563,42.0
1790512716195,28.616708,77.287041,53.0,CNG,29.29,22.0,5,1561,41.6
1790512716853,28.616626,77.286920,54.0,CNG,29.17,22.0,5,1592,41.6
1790512717548,28.616549,77.286797,55.0,CNG,29.98,22.0,5,1624,41.6
1790512718754,28.616471,77.286673,55.0,CNG,30.29,22.0,5,1643,33.7
1790512719402,28.616386,77.286542,56.0,CNG,33.06,22.0,5,1658,33.7
1790512720051,28.616386,77.286542,57.0,CNG,35.01,22.0,5,1672,33.7
1790512721264,28.616299,77.286417,57.0,CNG,36.07,22.0,5,1701,31.0
1790512721916,28.616213,77.286288,59.0,CNG,38.22,22.0,5,1747,31.0
1790512722620,28.616126,77.286161,59.0,CNG,45.33,14.9,5,1765,31.0
1790512723737,28.616036,77.286027,59.0,CNG,52.18,16.1,5,1752,31.8
1790512724427,28.615941,77.285898,60.0,CNG,44.45,21.6,5,1798,31.8
1790512725095,28.615941,77.285898,60.0,CNG,46.87,18.4,5,1785,31.8
1790512726268,28.615845,77.285761,60.0,CNG,51.09,14.9,5,1769,32.9
1790512726910,28.615747,77.285632,60.0,CNG,35.81,25.9,5,1783,32.9
1790512727713,28.615650,77.285503,60.0,CNG,31.72,25.5,5,1791,32.9
1790512728857,28.615546,77.285377,61.0,CNG,38.98,14.9,5,1817,19.6
1790512729621,28.615445,77.285251,61.0,CNG,42.10,20.8,5,1831,19.6
1790512730273,28.615347,77.285120,61.0,CNG,46.84,20.4,5,1806,19.6
1790512731439,28.615246,77.284990,60.0,CNG,53.47,18.8,5,1800,19.6
1790512732119,28.615246,77.284990,60.0,CNG,58.64,18.8,5,1760,19.6
1790512732790,28.615146,77.284869,59.0,CNG,63.80,18.8,5,1746,19.6
1790512733954,28.615046,77.284752,59.0,CNG,61.91,14.9,5,1740,20.0
1790512734659,28.614945,77.284638,56.0,CNG,60.50,14.9,5,1674,20.0
1790512735319,28.614847,77.284538,53.0,CNG,58.41,14.9,5,1593,20.0
1790512736504,28.614755,77.284440,51.0,CNG,57.55,14.9,5,1535,19.6
1790512737112,28.614755,77.284440,49.0,CNG,62.05,14.9,5,1478,19.6
1790512737794,28.614666,77.284344,48.0,CNG,60.52,14.9,5,1447,19.6
1790512738915,28.614583,77.284250,47.0,CNG,64.87,14.9,5,1409,21.2
1790512739610,28.614507,77.284165,42.0,CNG,66.38,14.9,5,1242,21.2
1790512740253,28.614507,77.284165,41.0,CNG,63.44,18.0,5,1238,21.2
1790512741412,28.614354,77.284008,41.0,CNG,48.55,21.6,5,1247,38.8
1790512742047,28.614354,77.284008,42.0,CNG,41.92,22.0,5,1232,38.8
1790512742760,28.614280,77.283929,42.0,CNG,36.21,22.0,5,1242,38.8
1790512743862,28.614203,77.283855,42.0,CNG,35.32,22.0,5,1259,43.1
1790512744494,28.614119,77.283783,43.0,CNG,33.70,22.0,5,1274,43.1
1790512745125,28.614119,77.283783,43.0,CNG,32.50,22.0,5,1290,43.1
1790512746290,28.613935,77.283650,44.0,CNG,33.60,22.0,5,1296,42.0
1790512746923,28.613935,77.283650,44.0,CNG,34.31,22.0,5,1316,42.0
1790512747607,28.613842,77.283585,44.0,CNG,35.74,21.6,5,1312,42.0
1790512748702,28.613745,77.283521,45.0,CNG,35.70,21.2,5,1330,32.2
1790512749407,28.613649,77.283450,45.0,CNG,37.07,23.5,5,1341,32.2
1790512750057,28.613649,77.283450,45.0,CNG,38.54,20.8,5,1323,32.2
1790512751195,28.613557,77.283380,45.0,CNG,41.45,20.8,5,1322,29.8
1790512751801,28.613465,77.283315,44.0,CNG,41.94,20.8,5,1321,29.8
1790512752445,28.613377,77.283241,44.0,CNG,39.96,21.2,5,1324,29.8
1790512753623,28.613295,77.283163,44.0,CNG,40.87,21.2,5,1317,34.5
1790512754286,28.613214,77.283082,44.0,CNG,38.90,21.2,5,1316,34.5
1790512754932,28.613214,77.283082,45.0,CNG,35.60,21.2,5,1329,34.5
1790512756164,28.613136,77.282990,45.0,CNG,34.38,21.2,5,1345,42.4
1790512756773,28.613054,77.282897,45.0,CNG,33.58,21.2,5,1351,42.4
1790512757401,28.612967,77.282822,45.0,CNG,33.30,21.2,5,1348,42.4
1790512758517,28.612877,77.282739,45.0,CNG,32.92,21.2,5,1348,43.9
1790512759172,28.612877,77.282739,46.0,CNG,31.90,21.6,5,1372,43.9
1790512759802,28.612789,77.282655,46.0,CNG,30.26,21.6,5,1379,43.9
1790512760974,28.612701,77.282579,46.0,CNG,29.20,21.6,5,1374,43.5
1790512761594,28.612611,77.282501,46.0,CNG,31.99,21.6,5,1383,43.5
1790512762259,28.612611,77.282501,46.0,CNG,34.45,21.6,5,1381,43.5
1790512763468,28.612423,77.282345,46.0,CNG,36.14,21.6,5,1374,34.9
1790512764121,28.612423,77.282345,47.0,CNG,37.71,21.6,5,1384,34.9
1790512764764,28.612332,77.282266,47.0,CNG,37.02,21.6,5,1386,34.9
1790512765992,28.612243,77.282179,47.0,CNG,36.62,21.6,5,1390,34.5
1790512766616,28.612154,77.282096,47.0,CNG,36.28,21.6,5,1405,34.5
1790512767253,28.612154,77.282096,47.0,CNG,37.68,21.6,5,1408,34.5
1790512768335,28.611976,77.281927,47.0,CNG,38.96,21.6,5,1411,34.1
1790512768987,28.611976,77.281927,48.0,CNG,39.78,21.6,5,1413,34.1
1790512769613,28.611884,77.281837,48.0,CNG,38.25,21.6,5,1422,34.1
1790512770767,28.611789,77.281749,48.0,CNG,37.83,21.6,5,1431,33.7
1790512771397,28.611695,77.281665,48.0,CNG,39.09,21.6,5,1432,33.7
1790512772044,28.611695,77.281665,48.0,CNG,37.91,21.6,5,1433,33.7
1790512773213,28.611603,77.281577,49.0,CNG,37.48,21.6,5,1436,33.3
1790512773836,28.611514,77.281489,49.0,CNG,38.21,21.6,5,1455,33.3
1790512774450,28.611421,77.281403,49.0,CNG,37.78,21.6,5,1462,33.3
1790512775584,28.611326,77.281318,49.0,CNG,37.28,21.6,5,1461,32.9
1790512776220,28.611326,77.281318,49.0,CNG,36.54,21.6,5,1475,32.9
1790512776893,28.611236,77.281228,49.0,CNG,35.89,21.6,5,1477,32.9
1790512778072,28.611143,77.281140,50.0,CNG,34.74,21.6,5,1468,40.8
1790512778714,28.611047,77.281046,49.0,CNG,32.72,21.6,5,1476,40.8
1790512779330,28.610957,77.280949,50.0,CNG,32.08,21.6,5,1481,40.8
1790512780423,28.610858,77.280862,50.0,CNG,32.43,21.6,5,1473,40.8
1790512781040,28.610858,77.280862,50.0,CNG,31.87,21.6,5,1496,40.8
1790512781684,28.610763,77.280769,50.0,CNG,31.46,21.6,5,1496,40.8
1790512782763,28.610666,77.280678,50.0,CNG,32.93,21.6,5,1488,33.3
1790512783425,28.610571,77.280590,50.0,CNG,34.64,22.0,5,1494,33.3
1790512784097,28.610571,77.280590,50.0,CNG,35.27,22.0,5,1504,33.3
1790512785239,28.610479,77.280500,51.0,CNG,37.23,22.0,5,1513,34.1
1790512785876,28.610382,77.280409,51.0,CNG,33.06,24.3,5,1510,34.1
1790512786505,28.610291,77.280311,51.0,CNG,31.15,24.3,5,1522,34.1
1790512787688,28.610195,77.280214,52.0,CNG,29.27,24.3,5,1541,54.9
1790512788420,28.610098,77.280119,53.0,CNG,26.12,26.3,5,1572,54.9
1790512789496,28.610000,77.280019,54.0,CNG,24.66,26.3,5,1584,54.9
1790512791001,28.609902,77.279910,54.0,CNG,23.99,26.3,5,1612,52.5
1790512791885,28.609800,77.279811,56.0,CNG,23.74,26.3,5,1654,52.5
1790512792649,28.609696,77.279705,56.0,CNG,23.58,26.3,5,1680,52.5
1790512794104,28.609589,77.279600,57.0,CNG,23.74,26.3,5,1690,51.4
1790512794935,28.609481,77.279489,58.0,CNG,24.37,26.3,5,1739,51.4
1790512795772,28.609374,77.279378,59.0,CNG,24.21,26.3,5,1745,51.4
1790512797196,28.609267,77.279266,60.0,CNG,24.14,26.3,5,1774,49.8
1790512797959,28.609159,77.279152,61.0,CNG,24.84,26.3,5,1806,49.8
1790512798702,28.609052,77.279033,61.0,CNG,24.06,26.3,5,1815,49.8
1790512799863,28.608943,77.278911,62.0,CNG,22.91,26.3,5,1828,55.7
1790512800531,28.608836,77.278785,63.0,CNG,23.26,26.3,5,1865,55.7
1790512801179,28.608836,77.278785,63.0,CNG,22.97,26.3,5,1873,55.7
1790512802399,28.608607,77.278542,63.0,CNG,23.12,26.3,5,1884,54.9
1790512803042,28.608607,77.278542,64.0,CNG,31.21,15.3,5,1894,54.9
1790512803673,28.608495,77.278412,64.0,CNG,30.12,23.5,5,1900,54.9
1790512804775,28.608387,77.278282,64.0,CNG,31.89,23.5,5,1884,36.1
1790512805470,28.608281,77.278144,64.0,CNG,32.47,23.5,5,1903,36.1
1790512806082,28.608281,77.278144,64.0,CNG,33.07,23.5,5,1918,36.1
1790512807226,28.608181,77.278008,64.0,CNG,33.84,23.5,5,1919,36.1
1790512807839,28.608076,77.277870,65.0,CNG,34.07,23.5,5,1931,36.1
1790512808456,28.607978,77.277730,65.0,CNG,34.51,23.5,5,1935,36.1
1790512809610,28.607879,77.277586,65.0,CNG,35.20,23.5,5,1943,35.7
1790512810265,28.607780,77.277441,65.0,CNG,34.51,23.5,5,1950,35.7
1790512810881,28.607780,77.277441,65.0,CNG,35.02,23.5,5,1935,35.7
1790512812009,28.607685,77.277294,65.0,CNG,34.56,23.5,5,1932,35.7
1790512812658,28.607585,77.277149,64.0,CNG,34.74,23.5,5,1925,35.7
1790512813360,28.607489,77.277000,64.0,CNG,34.83,23.9,5,1898,35.7
1790512814534,28.607398,77.276851,63.0,CNG,33.47,24.3,5,1882,38.8
1790512815215,28.607398,77.276851,63.0,CNG,32.84,23.9,5,1879,38.8
1790512815837,28.607308,77.276707,62.0,CNG,31.57,24.7,5,1847,38.8
1790512816995,28.607223,77.276561,62.0,CNG,31.65,24.7,5,1837,41.6
1790512817620,28.607140,77.276416,62.0,CNG,31.77,24.7,5,1836,41.6
1790512818237,28.607140,77.276416,61.0,CNG,30.72,24.7,5,1830,41.6
1790512819369,28.606990,77.276127,61.0,CNG,29.96,24.7,5,1819,26.3
1790512820028,28.606990,77.276127,60.0,CNG,37.02,14.9,5,1794,26.3
1790512820642,28.606917,77.275978,58.0,CNG,37.19,22.4,5,1747,26.3
1790512821807,28.606842,77.275837,58.0,CNG,32.83,22.7,5,1739,42.7
1790512822426,28.606771,77.275696,58.0,CNG,27.13,25.1,5,1708,42.7
1790512823192,28.606771,77.275696,57.0,CNG,24.76,25.1,5,1699,42.7
1790512824319,28.606639,77.275415,57.0,CNG,23.90,25.1,5,1688,54.9
1790512825001,28.606639,77.275415,56.0,CNG,32.28,28.2,5,1681,54.9
1790512825624,28.606571,77.275272,56.0,CNG,24.32,27.1,5,1657,54.9
1790512826791,28.606506,77.275129,56.0,CNG,23.80,26.7,5,1665,53.7
1790512827434,28.606444,77.274988,57.0,CNG,23.54,26.3,5,1692,53.7
1790512828112,28.606444,77.274988,57.0,CNG,24.28,14.9,5,1695,53.7
1790512829274,28.606316,77.274701,57.0,CNG,28.69,26.7,5,1683,52.9
1790512830046,28.606316,77.274701,57.0,CNG,26.51,26.3,5,1710,52.9
1790512830713,28.606251,77.274555,58.0,CNG,26.22,25.9,5,1725,52.9
1790512831863,28.606187,77.274407,58.0,CNG,27.10,25.1,5,1742,23.9
1790512832471,28.606122,77.274259,59.0,CNG,28.86,23.9,5,1738,23.9
1790512833147,28.606122,77.274259,59.0,CNG,29.81,23.9,5,1755,23.9
1790512834343,28.605990,77.273956,60.0,CNG,30.10,23.5,5,1758,38.0
1790512834976,28.605990,77.273956,61.0,CNG,31.99,23.5,5,1807,38.0
1790512835641,28.605923,77.273802,62.0,CNG,32.57,22.4,5,1832,38.0
1790512836792,28.605856,77.273645,62.0,CNG,33.97,23.1,5,1848,33.7
1790512837455,28.605787,77.273486,63.0,CNG,35.51,22.7,5,1873,33.7
1790512838157,28.605787,77.273486,64.0,CNG,35.23,22.7,5,1904,33.7
1790512839324,28.605646,77.273159,65.0,CNG,35.38,22.7,5,1921,31.8
1790512839975,28.605646,77.273159,66.0,CNG,37.89,22.7,5,1949,31.8
1790512840614,28.605574,77.272990,67.0,CNG,38.69,22.4,5,1988,31.8
1790512841812,28.605502,77.272820,67.0,CNG,41.16,22.4,5,2000,27.5
1790512842436,28.605426,77.272649,68.0,CNG,39.70,22.0,5,2030,27.5
1790512843101,28.605426,77.272649,69.0,CNG,40.12,22.0,5,2043,27.5
1790512844289,28.605269,77.272304,69.0,CNG,38.63,22.0,5,2059,31.8
1790512844951,28.605269,77.272304,70.0,CNG,37.77,22.0,5,2073,31.8
1790512845562,28.605187,77.272131,70.0,CNG,38.61,22.0,5,2093,31.8
1790512846675,28.605103,77.271955,71.0,CNG,39.51,22.0,5,2104,31.4
1790512847312,28.605016,77.271780,71.0,CNG,39.92,22.0,5,2124,31.4
1790512847965,28.605016,77.271780,72.0,CNG,39.08,22.0,5,2136,31.4
1790512849072,28.604933,77.271600,72.0,CNG,42.84,22.0,5,2143,24.3
1790512849785,28.604851,77.271422,72.0,CNG,45.27,22.0,5,2135,24.3
1790512850434,28.604768,77.271240,72.0,CNG,47.20,22.0,5,2147,24.3
1790512851594,28.604683,77.271062,72.0,CNG,49.34,22.0,5,2144,24.3
1790512852241,28.604683,77.271062,71.0,CNG,50.12,22.0,5,2132,24.3
1790512852894,28.604608,77.270880,71.0,CNG,48.58,22.0,5,2122,24.3
1790512854039,28.604527,77.270702,71.0,CNG,50.63,21.6,5,2121,23.5
1790512854695,28.604449,77.270523,71.0,CNG,51.45,21.6,5,2104,23.5
1790512855333,28.604367,77.270348,71.0,CNG,52.84,21.6,5,2097,23.5
1790512856455,28.604281,77.270171,70.0,CNG,53.68,21.6,5,2095,23.9
1790512857082,28.604281,77.270171,70.0,CNG,52.12,21.6,5,2088,23.9
1790512857757,28.604204,77.269996,70.0,CNG,53.04,21.6,5,2078,23.9
1790512858924,28.604122,77.269827,70.0,CNG,53.22,21.6,5,2077,24.7
1790512859568,28.604041,77.269654,69.0,CNG,51.41,22.0,5,2065,24.7
1790512860168,28.604041,77.269654,69.0,CNG,48.78,22.0,5,2060,24.7
1790512861353,28.603885,77.269308,69.0,CNG,47.72,22.0,5,2052,29.8
1790512861986,28.603885,77.269308,68.0,CNG,43.06,23.1,5,2029,29.8
1790512862612,28.603815,77.269139,68.0,CNG,42.60,23.1,5,2033,29.8
1790512863743,28.603746,77.268969,68.0,CNG,42.27,23.1,5,2020,31.8
1790512864416,28.603669,77.268797,68.0,CNG,39.87,23.1,5,2014,31.8
1790512865039,28.603669,77.268797,67.0,CNG,37.86,23.5,5,1998,31.8
1790512866205,28.603591,77.268629,67.0,CNG,33.93,23.5,5,2007,39.2
1790512866837,28.603511,77.268462,67.0,CNG,31.74,23.5,5,1990,39.2
1790512867490,28.603434,77.268297,67.0,CNG,31.43,23.5,5,1988,39.2
1790512868587,28.603355,77.268136,66.0,CNG,31.02,23.5,5,1987,42.0
1790512869274,28.603355,77.268136,66.0,CNG,29.64,23.5,5,1969,42.0
1790512869937,28.603275,77.267971,66.0,CNG,29.11,23.5,5,1961,42.0
1790512871105,28.603194,77.267808,66.0,CNG,31.12,23.5,5,1964,34.5
1790512871713,28.603108,77.267647,65.0,CNG,31.80,23.5,5,1948,34.5
1790512872400,28.603024,77.267486,65.0,CNG,32.76,23.5,5,1945,34.5
1790512873560,28.602933,77.267335,65.0,CNG,32.95,23.5,5,1943,35.3
1790512874252,28.602933,77.267335,65.0,CNG,34.22,23.5,5,1935,35.3
1790512874927,28.602837,77.267190,65.0,CNG,35.32,23.5,5,1929,35.3
1790512876118,28.602745,77.267042,65.0,CNG,35.21,23.5,5,1934,34.9
1790512876748,28.602654,77.266891,65.0,CNG,34.96,23.5,5,1929,34.9
1790512877397,28.602571,77.266736,65.0,CNG,34.71,23.5,5,1926,34.9
1790512878556,28.602492,77.266580,65.0,CNG,34.88,23.9,5,1922,37.3
1790512879216,28.602492,77.266580,65.0,CNG,34.99,23.9,5,1928,37.3
1790512879852,28.602415,77.266423,65.0,CNG,35.04,23.9,5,1923,37.3
1790512880987,28.602338,77.266261,65.0,CNG,34.64,23.9,5,1927,37.3
1790512881588,28.602261,77.266100,65.0,CNG,34.60,23.9,5,1929,37.3
1790512882252,28.602261,77.266100,65.0,CNG,33.84,23.9,5,1935,37.3
1790512883405,28.602114,77.265775,66.0,CNG,33.41,23.9,5,1951,35.3
1790512884029,28.602114,77.265775,65.0,CNG,35.29,23.5,5,1950,35.3
1790512884643,28.602038,77.265611,65.0,CNG,29.53,28.6,5,1943,35.3
1790512885782,28.601968,77.265442,66.0,CNG,25.17,28.2,5,1956,54.9
1790512886432,28.601898,77.265272,67.0,CNG,23.29,27.8,5,1983,54.9
1790512887088,28.601898,77.265272,67.0,CNG,21.87,27.8,5,1990,54.9
1790512888196,28.601824,77.265105,67.0,CNG,21.30,27.8,5,2005,58.8
1790512888849,28.601748,77.264935,68.0,CNG,21.86,27.5,5,2023,58.8
1790512889507,28.601666,77.264767,68.0,CNG,26.47,14.9,5,2033,58.8
1790512890639,28.601585,77.264599,68.0,CNG,24.97,27.1,5,2001,51.0
1790512891411,28.601505,77.264430,68.0,CNG,25.69,25.9,5,2034,51.0
1790512892115,28.601505,77.264430,69.0,CNG,25.67,25.9,5,2043,51.0
1790512893262,28.601429,77.264256,68.0,CNG,35.04,27.8,5,2032,39.2
1790512893890,28.601351,77.264084,68.0,CNG,33.34,25.1,5,2036,39.2
1790512894528,28.601277,77.263909,69.0,CNG,32.61,25.1,5,2045,39.2
1790512895651,28.601205,77.263735,69.0,CNG,32.04,25.1,5,2046,39.6
1790512896286,28.601128,77.263560,69.0,CNG,30.96,25.1,5,2052,39.6
1790512896934,28.601128,77.263560,69.0,CNG,30.84,25.1,5,2069,39.6
1790512898061,28.601048,77.263387,70.0,CNG,31.24,25.1,5,2072,34.5
1790512898716,28.600972,77.263211,70.0,CNG,38.71,23.1,5,2071,34.5
1790512899365,28.600893,77.263035,69.0,CNG,36.37,24.7,5,2084,34.5
1790512900548,28.600815,77.262860,70.0,CNG,34.36,24.7,5,2073,36.9
1790512901153,28.600815,77.262860,70.0,CNG,34.03,24.7,5,2082,36.9
1790512901788,28.600737,77.262678,70.0,CNG,34.08,24.7,5,2086,36.9
1790512902956,28.600657,77.262503,71.0,CNG,33.38,24.7,5,2097,36.5
1790512903631,28.600572,77.262328,71.0,CNG,33.27,24.7,5,2110,36.5
1790512904241,28.600572,77.262328,71.0,CNG,33.12,24.7,5,2111,36.5
1790512905478,28.600408,77.261983,71.0,CNG,32.29,24.7,5,2125,36.1
1790512906115,28.600408,77.261983,72.0,CNG,32.91,24.7,5,2140,36.1
1790512906796,28.600327,77.261804,72.0,CNG,33.65,24.7,5,2141,36.1
1790512907948,28.600241,77.261623,72.0,CNG,33.05,24.7,5,2150,39.2
1790512908598,28.600160,77.261438,73.0,CNG,30.54,24.7,5,2164,39.2
1790512909257,28.600160,77.261438,73.0,CNG,30.12,24.7,5,2170,39.2
1790512910423,28.600003,77.261063,73.0,CNG,29.06,24.7,5,2168,41.2
1790512911041,28.600003,77.261063,73.0,CNG,28.46,24.7,5,2177,41.2
1790512911695,28.599925,77.260876,73.0,CNG,28.27,24.7,5,2186,41.2
1790512912906,28.599846,77.260688,74.0,CNG,29.32,24.7,5,2187,40.8
1790512913536,28.599766,77.260501,73.0,CNG,31.04,24.7,5,2191,40.8
1790512914198,28.599766,77.260501,74.0,CNG,31.75,24.7,5,2198,40.8
1790512915308,28.599606,77.260126,74.0,CNG,32.64,24.7,5,2204,34.9
1790512915931,28.599606,77.260126,74.0,CNG,32.86,24.7,5,2203,34.9
1790512916582,28.599522,77.259938,74.0,CNG,33.83,24.7,5,2216,34.9
1790512917749,28.599439,77.259751,74.0,CNG,33.37,24.7,5,2218,34.5
1790512918373,28.599358,77.259564,74.0,CNG,33.41,24.7,5,2214,34.5
1790512918999,28.599358,77.259564,74.0,CNG,34.35,24.7,5,2210,34.5
1790512920222,28.599272,77.259378,74.0,CNG,33.62,24.7,5,2212,34.5
1790512920913,28.599189,77.259192,74.0,CNG,33.41,24.7,5,2214,34.5
1790512921617,28.599110,77.259001,74.0,CNG,38.31,14.9,5,2210,34.5
1790512922766,28.599026,77.258815,74.0,CNG,35.41,23.9,5,2196,28.6
1790512923409,28.598948,77.258621,75.0,CNG,37.27,21.6,5,2217,28.6
1790512924051,28.598948,77.258621,75.0,CNG,45.78,14.9,5,2222,28.6
1790512925243,28.598869,77.258434,73.0,CNG,49.39,14.9,5,2194,18.8
1790512925850,28.598791,77.258260,67.0,CNG,55.59,14.9,5,1989,18.8
1790512926472,28.598722,77.258090,62.0,CNG,59.57,14.9,5,1871,18.8
1790512927660,28.598664,77.257940,59.0,CNG,72.87,14.9,,1257,22.0
1790512928297,28.598606,77.257796,56.0,CNG,100.26,14.9,,749,22.0
1790512928914,28.598606,77.257796,56.0,CNG,76.97,14.9,,640,22.0
1790512930063,28.598550,77.257653,55.0,CNG,79.58,14.9,,651,35.7
1790512930672,28.598495,77.257511,50.0,CNG,84.39,14.9,,737,35.7
1790512931311,28.598451,77.257394,44.0,CNG,77.40,14.9,,760,35.7
1790512932507,28.598419,77.257298,39.0,CNG,75.52,14.9,,777,35.3
1790512933237,28.598419,77.257298,34.0,CNG,70.33,14.9,,787,35.3
1790512933921,28.598385,77.257208,34.0,CNG,59.74,14.9,,797,35.3
1790512935134,28.598359,77.257120,33.0,CNG,64.52,14.9,,797,34.9
1790512935765,28.598334,77.257047,25.0,CNG,57.46,14.9,5,785,34.9
1790512936399,28.598321,77.256989,19.0,CNG,47.04,14.9,4,788,34.9
1790512937478,28.598320,77.256957,14.0,CNG,40.52,14.9,3,793,34.1
1790512938130,28.598320,77.256957,10.0,CNG,32.33,14.9,2,773,34.1
1790512938765,28.598319,77.256931,10.0,CNG,31.31,14.9,2,809,34.1
1790512939940,28.598321,77.256902,10.0,CNG,29.33,14.9,,836,22.4
1790512940548,28.598325,77.256873,10.0,CNG,25.26,14.9,2,747,22.4
1790512941225,28.598325,77.256873,9.0,CNG,38.44,14.9,2,722,22.4
1790512942306,28.598334,77.256837,4.0,CNG,32.10,14.9,,705,25.5
1790512942937,28.598334,77.256837,0.0,CNG,15.99,14.9,,689,25.5
1790512943582,28.598335,77.256836,0.0,CNG,,14.9,,678,25.5
1790512944737,28.598333,77.256836,0.0,CNG,,14.9,,687,27.1
1790512945356,28.598334,77.256835,0.0,CNG,,14.9,,706,27.1
1790512946020,28.598334,77.256835,0.0,CNG,,14.9,,714,27.1
1790512947222,28.598334,77.256835,0.0,CNG,,14.9,,719,22.7
1790512947891,28.598335,77.256836,0.0,CNG,,14.9,,714,22.7
1790512948563,28.598335,77.256836,0.0,CNG,,14.9,,715,22.7
1790512949709,28.598335,77.256836,0.0,CNG,,14.9,,716,22.4
1790512950303,28.598335,77.256836,0.0,CNG,,14.9,,689,22.4
1790512950938,28.598335,77.256836,0.0,CNG,,14.9,,678,22.4
1790512952095,28.598335,77.256836,0.0,CNG,,14.9,,749,34.5
1790512952756,28.598336,77.256837,0.0,CNG,,14.9,,784,34.5
1790512953399,28.598336,77.256837,0.0,CNG,,14.9,,787,34.5
1790512954577,28.598336,77.256837,0.0,CNG,,14.9,,797,37.3
1790512955212,28.598336,77.256837,0.0,CNG,,14.9,,801,37.3
1790512955869,28.598337,77.256837,0.0,CNG,,14.9,,808,37.3
1790512957017,28.598337,77.256837,0.0,CNG,,14.9,,802,40.4
1790512957712,28.598337,77.256837,0.0,CNG,,14.9,,805,40.4
1790512958399,28.598337,77.256837,0.0,CNG,,14.9,,804,40.4
1790512959572,28.598337,77.256836,0.0,CNG,,14.9,,961,24.7
1790512960194,28.598337,77.256836,2.0,CNG,,20.8,,1039,24.7
1790512960827,28.598337,77.256832,4.0,CNG,,14.9,,863,24.7
1790512961967,28.598339,77.256819,5.0,CNG,4.75,18.8,,748,26.7
1790512962617,28.598342,77.256804,7.0,CNG,6.93,20.0,1,921,26.7
1790512963272,28.598347,77.256785,7.0,CNG,8.14,20.0,1,1028,26.7
1790512964455,28.598355,77.256763,9.0,CNG,9.73,20.0,1,1209,25.9
1790512965073,28.598355,77.256763,10.0,CNG,10.43,20.0,1,1409,25.9
1790512965757,28.598361,77.256735,11.0,CNG,11.46,20.0,1,1535,25.9
1790512966928,28.598365,77.256703,11.0,CNG,12.78,19.6,1,1449,44.7
1790512967634,28.598368,77.256668,13.0,CNG,10.48,22.7,2,947,44.7
1790512968284,28.598374,77.256627,15.0,CNG,10.47,22.7,2,1095,44.7
1790512969465,28.598377,77.256579,17.0,CNG,11.24,22.7,2,1223,43.9
1790512970097,28.598377,77.256579,19.0,CNG,11.66,22.4,2,1421,43.9
1790512970771,28.598376,77.256522,20.0,CNG,12.06,22.4,2,1496,43.9
1790512971954,28.598380,77.256461,22.0,CNG,12.76,22.4,2,1597,38.0
1790512972619,28.598385,77.256398,23.0,CNG,12.41,22.4,2,1727,38.0
1790512973229,28.598385,77.256398,24.0,CNG,12.41,22.0,2,1799,38.0
1790512974391,28.598402,77.256258,25.0,CNG,13.11,17.6,2,1834,24.3
1790512975074,28.598402,77.256258,25.0,CNG,18.07,17.3,,1107,24.3
1790512975716,28.598408,77.256187,25.0,CNG,21.58,18.0,3,1319,24.3
1790512976832,28.598417,77.256118,25.0,CNG,24.07,18.8,3,1284,27.5
1790512977516,28.598430,77.256044,25.0,CNG,26.07,15.7,3,1295,27.5
1790512978157,28.598430,77.256044,25.0,CNG,29.38,14.9,3,1237,27.5
1790512979357,28.598435,77.255912,24.0,CNG,32.68,14.9,4,979,23.9
1790512979961,28.598435,77.255912,20.0,CNG,34.89,14.9,4,868,23.9
1790512980589,28.598442,77.255857,18.0,CNG,36.62,14.9,4,749,23.9
1790512981752,28.598466,77.255822,17.0,CNG,44.05,14.9,4,709,23.9
1790512982556,28.598501,77.255810,16.0,CNG,23.24,22.7,3,734,23.9
1790512983219,28.598501,77.255810,17.0,CNG,16.39,22.4,2,1236,23.9
1790512984366,28.598564,77.255868,17.0,CNG,13.58,23.9,2,1290,51.8
1790512985016,28.598564,77.255868,19.0,CNG,12.16,24.3,2,1413,51.8
1790512985687,28.598585,77.255918,21.0,CNG,11.90,24.3,2,1513,51.8
1790512986868,28.598604,77.255975,22.0,CNG,11.48,24.3,2,1610,42.0
1790512987497,28.598618,77.256033,24.0,CNG,12.03,24.3,2,1760,42.0
1790512988131,28.598618,77.256033,25.0,CNG,12.04,24.3,2,1838,42.0
1790512989333,28.598646,77.256177,25.0,CNG,16.55,14.9,2,1888,49.0
1790512989958,28.598646,77.256177,25.0,CNG,15.27,23.9,3,1326,49.0
1790512990619,28.598661,77.256246,26.0,CNG,14.83,23.9,3,1332,49.0
1790512991739,28.598674,77.256320,27.0,CNG,14.71,23.9,3,1369,49.4
1790512992446,28.598689,77.256395,28.0,CNG,14.92,23.9,3,1438,49.4
1790512993074,28.598689,77.256395,29.0,CNG,15.34,23.9,3,1475,49.4
1790512994250,28.598710,77.256473,30.0,CNG,16.15,23.9,3,1511,51.0
1790512994870,28.598723,77.256555,31.0,CNG,15.83,23.9,3,1581,51.0
1790512995568,28.598745,77.256642,31.0,CNG,15.24,23.9,3,1604,51.0
1790512996744,28.598763,77.256729,32.0,CNG,15.14,23.9,3,1644,49.8
1790512997449,28.598787,77.256820,34.0,CNG,14.95,23.9,3,1731,49.8
1790512998079,28.598787,77.256820,34.0,CNG,20.60,14.9,3,1716,49.8
1790512999308,28.598829,77.257006,34.0,CNG,17.98,24.7,5,1026,62.7
1790512999923,28.598829,77.257006,35.0,CNG,18.62,24.7,4,1359,62.7
1790513000552,28.598849,77.257104,36.0,CNG,19.47,24.3,4,1380,62.7
1790513001713,28.598870,77.257198,36.0,CNG,19.06,24.3,4,1406,51.0
1790513002392,28.598893,77.257301,37.0,CNG,19.27,24.3,4,1443,51.0
1790513003048,28.598893,77.257301,38.0,CNG,19.96,23.9,4,1462,51.0
1790513004221,28.598912,77.257405,38.0,CNG,20.72,23.9,4,1479,44.7
1790513004906,28.598929,77.257513,39.0,CNG,21.39,23.9,4,1519,44.7
1790513005585,28.598950,77.257621,40.0,CNG,22.30,23.9,4,1536,44.7
1790513006712,28.598968,77.257735,40.0,CNG,22.35,23.9,4,1550,43.1
1790513007354,28.598987,77.257844,41.0,CNG,22.75,23.9,4,1576,43.1
1790513008007,28.598987,77.257844,41.0,CNG,22.37,23.9,4,1599,43.1
1790513009168,28.599016,77.257958,42.0,CNG,22.48,23.9,4,1619,42.0
1790513009796,28.599056,77.258070,42.0,CNG,23.15,14.9,4,1637,42.0
1790513010448,28.599091,77.258178,42.0,CNG,30.87,25.1,5,1402,42.0
1790513011749,28.599131,77.258287,42.0,CNG,26.67,25.1,5,1241,60.8
1790513012418,28.599175,77.258397,42.0,CNG,24.32,25.1,5,1250,60.8
1790513013032,28.599175,77.258397,42.0,CNG,23.13,25.1,5,1262,60.8
1790513014195,28.599214,77.258506,43.0,CNG,22.70,25.1,5,1276,58.8
1790513014786,28.599259,77.258615,43.0,CNG,31.60,24.7,5,1286,58.8
1790513015463,28.599310,77.258722,43.0,CNG,31.45,24.7,5,1294,58.8
1790513016650,28.599356,77.258829,43.0,CNG,27.67,24.7,5,1288,63.5
1790513017320,28.599405,77.258944,44.0,CNG,24.74,24.7,5,1316,63.5
1790513017922,28.599405,77.258944,45.0,CNG,22.93,24.7,5,1335,63.5
1790513019110,28.599461,77.259055,45.0,CNG,22.28,24.7,5,1345,63.1
1790513019763,28.599515,77.259171,46.0,CNG,21.79,24.7,5,1385,63.1
1790513020448,28.599566,77.259292,47.0,CNG,21.50,24.7,5,1398,63.1
1790513021592,28.599620,77.259412,48.0,CNG,21.23,24.7,5,1417,60.0
1790513022236,28.599620,77.259412,49.0,CNG,21.08,24.7,5,1442,60.0
1790513022847,28.599673,77.259534,49.0,CNG,22.41,24.7,5,1466,60.0
1790513024043,28.599726,77.259657,50.0,CNG,23.60,24.7,5,1477,49.4
1790513024675,28.599784,77.259782,51.0,CNG,24.79,24.7,5,1503,49.4
1790513025299,28.599784,77.259782,51.0,CNG,25.36,24.7,5,1517,49.4
1790513026498,28.599899,77.260037,52.0,CNG,25.09,24.7,5,1529,47.8
1790513027178,28.599899,77.260037,52.0,CNG,25.91,24.7,5,1550,47.8
1790513027809,28.599963,77.260172,52.0,CNG,25.51,24.7,5,1562,47.8
1790513028994,28.600023,77.260305,53.0,CNG,26.34,24.7,5,1582,46.7
1790513029652,28.600082,77.260437,54.0,CNG,26.37,24.7,5,1599,46.7
1790513030292,28.600147,77.260570,54.0,CNG,27.19,24.7,5,1616,46.7
1790513031478,28.600209,77.260706,55.0,CNG,27.28,24.3,5,1627,43.5
1790513032120,28.600209,77.260706,55.0,CNG,27.78,23.9,5,1648,43.5
1790513032745,28.600275,77.260843,56.0,CNG,28.85,23.9,5,1651,43.5
1790513033893,28.600336,77.260984,56.0,CNG,29.11,23.9,5,1666,42.0
1790513034519,28.600400,77.261128,57.0,CNG,29.98,23.9,5,1677,42.0
1790513035171,28.600400,77.261128,57.0,CNG,29.87,23.9,5,1696,42.0
1790513036407,28.600528,77.261415,57.0,CNG,30.60,23.9,5,1697,40.8
1790513037035,28.600528,77.261415,58.0,CNG,31.85,23.5,5,1712,40.8
1790513037722,28.600593,77.261558,58.0,CNG,31.31,23.5,5,1713,40.8
1790513038915,28.600659,77.261704,58.0,CNG,31.31,23.5,5,1733,44.7
1790513039564,28.600728,77.261856,58.0,CNG,30.09,23.5,5,1735,44.7
1790513040226,28.600728,77.261856,59.0,CNG,29.53,23.5,5,1742,44.7
1790513041353,28.600863,77.262147,59.0,CNG,29.05,23.5,5,1746,46.3
1790513042073,28.600863,77.262147,59.0,CNG,29.24,23.5,5,1753,46.3
1790513042701,28.600933,77.262296,59.0,CNG,35.29,21.6,5,1762,46.3
1790513043918,28.600997,77.262443,59.0,CNG,34.87,22.4,5,1753,40.0
1790513044589,28.601066,77.262592,59.0,CNG,33.19,22.7,5,1755,40.0
1790513045269,28.601066,77.262592,59.0,CNG,34.04,22.7,5,1770,40.0
1790513046418,28.601206,77.262884,59.0,CNG,34.74,22.7,5,1752,33.3
1790513047047,28.601206,77.262884,60.0,CNG,35.80,22.7,5,1775,33.3
1790513047686,28.601275,77.263035,60.0,CNG,36.71,22.7,5,1782,33.3
1790513048920,28.601342,77.263186,59.0,CNG,36.29,22.7,5,1779,33.3
1790513049560,28.601409,77.263336,60.0,CNG,37.29,22.7,5,1765,33.3
1790513050197,28.601409,77.263336,60.0,CNG,37.97,22.7,5,1775,33.3
1790513051323,28.601538,77.263642,60.0,CNG,37.46,22.7,5,1776,33.3
1790513052015,28.601538,77.263642,60.0,CNG,37.02,22.7,5,1780,33.3
1790513052647,28.601610,77.263791,60.0,CNG,38.18,22.4,5,1783,33.3
1790513053784,28.601678,77.263942,60.0,CNG,38.33,22.4,5,1784,32.2
1790513054396,28.601744,77.264094,60.0,CNG,37.42,22.4,5,1791,32.2
1790513055043,28.601744,77.264094,60.0,CNG,39.07,22.4,5,1787,32.2
1790513056182,28.601813,77.264245,60.0,CNG,38.83,22.4,5,1796,30.6
1790513056852,28.601879,77.264395,60.0,CNG,38.42,22.4,5,1801,30.6
1790513057466,28.601946,77.264544,60.0,CNG,43.19,21.6,5,1781,30.6
1790513058645,28.602018,77.264693,60.0,CNG,52.14,14.9,5,1791,20.8
1790513059265,28.602018,77.264693,59.0,CNG,54.15,14.9,5,1763,20.8
1790513059906,28.602081,77.264843,58.0,CNG,57.33,14.9,5,1731,20.8
1790513061063,28.602147,77.264984,57.0,CNG,50.40,20.4,5,1726,21.6
1790513061732,28.602207,77.265126,57.0,CNG,40.31,23.1,5,1720,21.6
1790513062339,28.602269,77.265269,57.0,CNG,36.16,21.6,5,1690,21.6
1790513063512,28.602333,77.265412,57.0,CNG,38.73,14.9,5,1702,20.8
1790513064148,28.602333,77.265412,56.0,CNG,47.01,14.9,5,1660,20.8
1790513064859,28.602397,77.265554,55.0,CNG,53.83,14.9,5,1653,20.8
1790513066035,28.602461,77.265692,54.0,CNG,41.64,20.8,5,1623,24.3
1790513066745,28.602525,77.265820,53.0,CNG,39.25,19.6,5,1622,24.3
1790513067351,28.602595,77.265946,53.0,CNG,47.28,14.9,5,1563,24.3
1790513068509,28.602659,77.266074,52.0,CNG,29.86,23.1,5,1561,35.7
1790513069096,28.602659,77.266074,53.0,CNG,32.39,21.6,5,1556,35.7
1790513069711,28.602717,77.266206,53.0,CNG,35.59,20.4,5,1561,35.7
1790513070888,28.602773,77.266341,52.0,CNG,40.81,20.0,5,1555,20.0
1790513071512,28.602826,77.266474,53.0,CNG,49.05,19.2,5,1562,20.0
1790513072167,28.602826,77.266474,52.0,CNG,51.81,18.8,5,1556,20.0
1790513073340,28.602924,77.266746,52.0,CNG,56.84,18.8,5,1547,19.6
1790513073975,28.602924,77.266746,52.0,CNG,56.71,19.2,5,1539,19.6
1790513074591,28.602970,77.266882,52.0,CNG,58.05,21.6,5,1527,19.6
1790513075781,28.603018,77.267017,51.0,CNG,47.38,21.6,5,1537,29.4
1790513076411,28.603067,77.267150,52.0,CNG,46.40,21.2,5,1542,29.4
1790513077025,28.603067,77.267150,52.0,CNG,45.53,21.2,5,1551,29.4
1790513078216,28.603118,77.267284,52.0,CNG,44.41,21.2,5,1557,29.0
1790513078848,28.603169,77.267415,53.0,CNG,42.56,21.2,5,1573,29.0
1790513079491,28.603226,77.267549,53.0,CNG,41.61,21.2,5,1565,29.0
1790513080680,28.603285,77.267683,53.0,CNG,42.14,21.2,5,1572,29.0
1790513081352,28.603341,77.267817,54.0,CNG,42.44,21.2,5,1591,29.0
1790513082002,28.603341,77.267817,54.0,CNG,41.53,21.2,5,1594,29.0
1790513083190,28.603400,77.267949,54.0,CNG,41.83,21.2,5,1614,28.6
1790513083831,28.603458,77.268087,54.0,CNG,41.82,21.2,5,1612,28.6
1790513084498,28.603521,77.268229,55.0,CNG,41.62,21.2,5,1632,28.6
1790513085592,28.603582,77.268368,55.0,CNG,41.59,21.6,5,1625,29.0
1790513086261,28.603582,77.268368,55.0,CNG,39.86,21.2,5,1638,29.0
1790513086889,28.603648,77.268506,55.0,CNG,39.60,21.2,5,1635,29.0
1790513088033,28.603707,77.268649,55.0,CNG,38.86,21.6,5,1643,35.7
1790513088637,28.603770,77.268789,55.0,CNG,36.45,21.2,5,1664,35.7
1790513089293,28.603837,77.268923,56.0,CNG,36.47,21.2,5,1653,35.7
1790513090479,28.603901,77.269062,56.0,CNG,36.77,21.2,5,1666,36.1
1790513091133,28.603901,77.269062,56.0,CNG,35.63,21.6,5,1658,36.1
1790513091750,28.603965,77.269198,56.0,CNG,34.84,21.6,5,1665,36.1
1790513092942,28.604030,77.269340,56.0,CNG,34.50,21.6,5,1670,36.1
1790513093564,28.604092,77.269476,56.0,CNG,37.79,21.6,5,1659,36.1
1790513094223,28.604092,77.269476,56.0,CNG,40.32,21.6,5,1682,36.1
1790513095350,28.604216,77.269763,56.0,CNG,41.03,21.6,5,1685,30.2
1790513095974,28.604216,77.269763,56.0,CNG,39.66,22.0,5,1680,30.2
1790513096610,28.604282,77.269904,56.0,CNG,40.05,22.4,5,1674,30.2
1790513097771,28.604347,77.270045,57.0,CNG,40.81,22.0,5,1684,32.5
1790513098419,28.604412,77.270184,57.0,CNG,40.46,22.7,5,1689,32.5
1790513099096,28.604412,77.270184,57.0,CNG,39.90,22.4,5,1685,32.5
1790513100282,28.604541,77.270474,57.0,CNG,38.09,22.4,5,1687,34.1
1790513101002,28.604541,77.270474,57.0,CNG,38.31,22.4,5,1695,34.1
1790513101639,28.604604,77.270618,57.0,CNG,37.64,22.4,5,1695,34.1
1790513102822,28.604673,77.270763,58.0,CNG,37.16,22.4,5,1705,33.7
1790513103481,28.604741,77.270908,58.0,CNG,38.09,22.4,5,1724,33.7
1790513104160,28.604741,77.270908,58.0,CNG,37.86,22.4,5,1714,33.7
1790513105330,28.604870,77.271199,58.0,CNG,38.06,23.9,5,1726,39.2
1790513105988,28.604870,77.271199,58.0,CNG,33.62,23.9,5,1741,39.2
1790513106638,28.604937,77.271346,58.0,CNG,30.18,23.9,5,1745,39.2
1790513107882,28.605005,77.271493,58.0,CNG,28.88,23.9,5,1742,47.1
1790513108518,28.605072,77.271634,58.0,CNG,28.06,23.9,5,1736,47.1
1790513109132,28.605072,77.271634,58.0,CNG,26.58,23.9,5,1744,47.1
1790513110218,28.605140,77.271780,58.0,CNG,25.86,23.9,5,1728,48.2
1790513110905,28.605207,77.271924,58.0,CNG,25.94,23.9,5,1726,48.2
1790513111592,28.605274,77.272065,57.0,CNG,26.00,24.3,5,1711,48.2
1790513112736,28.605338,77.272206,57.0,CNG,30.78,15.3,5,1706,30.2
1790513113334,28.605407,77.272346,56.0,CNG,28.95,26.3,5,1666,30.2
1790513114074,28.605407,77.272346,56.0,CNG,26.23,26.3,5,1663,30.2
1790513115261,28.605473,77.272485,56.0,CNG,25.23,26.3,5,1664,51.8
1790513115979,28.605539,77.272621,56.0,CNG,24.55,26.3,5,1662,51.8
1790513116656,28.605607,77.272755,56.0,CNG,24.33,26.3,5,1655,51.8
1790513117768,28.605671,77.272894,56.0,CNG,24.33,26.3,5,1656,52.2
1790513118432,28.605737,77.273034,56.0,CNG,24.59,26.3,5,1660,52.2
1790513119062,28.605737,77.273034,55.0,CNG,24.02,26.3,5,1646,52.2
1790513120226,28.605802,77.273173,55.0,CNG,23.81,26.3,5,1645,52.5
1790513120896,28.605861,77.273313,55.0,CNG,24.32,26.3,5,1636,52.5
1790513121515,28.605923,77.273455,55.0,CNG,33.43,26.3,5,1623,52.5
1790513122749,28.605978,77.273591,54.0,CNG,29.52,26.3,5,1619,53.7
1790513123399,28.606037,77.273728,54.0,CNG,26.59,26.3,5,1605,53.7
1790513124077,28.606037,77.273728,54.0,CNG,26.16,25.1,5,1616,53.7
1790513125228,28.606096,77.273863,54.0,CNG,33.55,24.7,5,1598,40.4
1790513125867,28.606158,77.273999,53.0,CNG,31.24,25.1,5,1593,40.4
1790513126525,28.606219,77.274131,53.0,CNG,28.96,25.1,5,1593,40.4
1790513127680,28.606279,77.274264,54.0,CNG,27.87,25.1,5,1604,52.9
1790513128388,28.606336,77.274398,54.0,CNG,25.36,14.9,5,1614,52.9
1790513129052,28.606336,77.274398,54.0,CNG,25.22,23.9,5,1621,52.9
1790513130171,28.606399,77.274534,55.0,CNG,25.89,23.5,5,1624,48.6
1790513130813,28.606465,77.274672,55.0,CNG,25.81,23.5,5,1633,48.6
1790513131466,28.606525,77.274810,55.0,CNG,26.07,23.5,5,1656,48.6
1790513132703,28.606589,77.274952,56.0,CNG,26.68,23.5,5,1661,47.8
1790513133366,28.606655,77.275096,57.0,CNG,26.24,23.5,5,1693,47.8
1790513134002,28.606655,77.275096,58.0,CNG,28.97,23.5,5,1717,47.8
1790513135137,28.606723,77.275239,59.0,CNG,30.30,23.5,5,1742,38.0
1790513135783,28.606794,77.275388,60.0,CNG,36.51,18.4,5,1792,38.0
1790513136423,28.606862,77.275541,61.0,CNG,35.29,23.5,5,1801,38.0
1790513137706,28.606935,77.275694,62.0,CNG,36.36,22.7,5,1836,32.2
1790513138344,28.607008,77.275848,63.0,CNG,36.68,22.4,5,1857,32.2
1790513139180,28.607008,77.275848,64.0,CNG,39.67,22.0,5,1882,32.2
1790513140666,28.607156,77.276168,64.0,CNG,42.01,21.2,5,1917,24.3
1790513141464,28.607236,77.276325,65.0,CNG,44.63,21.2,5,1942,24.3
1790513142267,28.607236,77.276325,66.0,CNG,46.30,21.2,5,1955,24.3
1790513143674,28.607399,77.276646,66.0,CNG,49.05,21.2,5,1969,20.8
1790513144478,28.607489,77.276802,66.0,CNG,52.51,14.9,5,1991,20.8
1790513145258,28.607489,77.276802,66.0,CNG,53.97,14.9,5,1976,20.8
1790513146702,28.607673,77.277104,65.0,CNG,55.05,14.9,5,1946,19.2
1790513147533,28.607767,77.277248,64.0,CNG,55.66,14.9,5,1897,19.2
1790513148376,28.607861,77.277390,63.0,CNG,59.97,14.9,5,1892,19.2
1790513149593,28.607953,77.277531,63.0,CNG,55.54,19.6,5,1891,23.1
1790513150283,28.607953,77.277531,62.0,CNG,53.79,19.6,5,1852,23.1
1790513150939,28.608048,77.277671,62.0,CNG,50.52,19.6,5,1848,23.1
1790513152057,28.608145,77.277808,61.0,CNG,49.31,20.0,5,1827,25.5
1790513152685,28.608240,77.277942,61.0,CNG,49.77,20.0,5,1815,25.5
1790513153288,28.608341,77.278071,61.0,CNG,48.45,20.0,5,1811,25.5
1790513154418,28.608440,77.278198,61.0,CNG,48.29,20.4,5,1804,20.8
1790513155061,28.608440,77.278198,60.0,CNG,50.36,21.2,5,1789,20.8
1790513155720,28.608538,77.278320,60.0,CNG,48.54,21.6,5,1774,20.8
1790513156863,28.608648,77.278437,60.0,CNG,44.07,22.7,5,1764,32.9
1790513157483,28.608757,77.278554,59.0,CNG,41.90,22.4,5,1775,32.9
1790513158124,28.608757,77.278554,60.0,CNG,39.93,22.4,5,1773,32.9
1790513159338,28.608975,77.278786,60.0,CNG,38.58,22.4,5,1778,32.2
1790513159963,28.608975,77.278786,60.0,CNG,38.04,22.4,5,1783,32.2
1790513160656,28.609087,77.278897,60.0,CNG,38.53,22.4,5,1793,32.2
1790513161808,28.609198,77.279016,60.0,CNG,37.80,22.4,5,1783,32.9
1790513162490,28.609308,77.279134,60.0,CNG,37.68,22.7,5,1789,32.9
1790513163126,28.609308,77.279134,60.0,CNG,37.02,22.7,5,1799,32.9
1790513164266,28.609532,77.279360,60.0,CNG,37.03,22.7,5,1803,33.7
1790513164913,28.609532,77.279360,61.0,CNG,36.56,22.7,5,1801,33.7
1790513165577,28.609650,77.279472,61.0,CNG,36.02,22.7,5,1819,33.7
1790513166737,28.609767,77.279583,61.0,CNG,37.17,22.7,5,1822,34.1
1790513167384,28.609888,77.279689,61.0,CNG,36.23,22.7,5,1821,34.1
1790513167999,28.609888,77.279689,61.0,CNG,35.67,22.7,5,1822,34.1
1790513169150,28.610008,77.279797,62.0,CNG,37.20,22.7,5,1828,35.3
1790513169810,28.610124,77.279906,62.0,CNG,35.03,22.7,5,1825,35.3
1790513170515,28.610245,77.280019,62.0,CNG,32.95,22.7,5,1822,35.3
1790513171622,28.610362,77.280129,62.0,CNG,32.13,22.7,5,1832,40.4
1790513172285,28.610486,77.280237,62.0,CNG,32.41,22.7,5,1838,40.4
1790513172913,28.610486,77.280237,62.0,CNG,31.93,22.7,5,1824,40.4
1790513174107,28.610608,77.280340,62.0,CNG,34.61,14.9,5,1825,34.1
1790513174740,28.610730,77.280442,61.0,CNG,33.05,23.1,5,1836,34.1
1790513175371,28.610851,77.280547,62.0,CNG,34.70,23.1,5,1842,34.1
1790513176548,28.610970,77.280652,62.0,CNG,35.27,23.1,5,1841,34.5
1790513177171,28.610970,77.280652,62.0,CNG,35.79,23.1,5,1834,34.5
1790513177801,28.611091,77.280760,62.0,CNG,36.81,23.1,5,1839,34.5
1790513179005,28.611207,77.280871,62.0,CNG,35.94,23.1,5,1841,33.7
1790513179625,28.611327,77.280980,62.0,CNG,35.80,23.1,5,1847,33.7
1790513180269,28.611444,77.281094,62.0,CNG,36.29,23.1,5,1853,33.7
1790513181362,28.611564,77.281207,62.0,CNG,35.90,23.1,5,1847,34.5
1790513182007,28.611564,77.281207,62.0,CNG,36.17,23.1,5,1849,34.5
1790513182621,28.611682,77.281320,62.0,CNG,34.60,23.1,5,1848,34.5
1790513183756,28.611797,77.281438,62.0,CNG,35.24,23.1,5,1850,34.9
1790513184407,28.611913,77.281555,62.0,CNG,38.38,24.3,5,1850,34.9
1790513185079,28.611913,77.281555,62.0,CNG,35.87,23.9,5,1863,34.9
1790513186210,28.612033,77.281667,62.0,CNG,34.58,23.9,5,1854,36.9
1790513186944,28.612153,77.281775,63.0,CNG,34.41,23.5,5,1868,36.9
1790513187553,28.612271,77.281892,63.0,CNG,34.45,23.1,5,1866,36.9
1790513188706,28.612394,77.282003,63.0,CNG,34.77,20.4,5,1873,21.6
1790513189321,28.612520,77.282110,63.0,CNG,34.45,22.7,5,1883,21.6
1790513189977,28.612520,77.282110,63.0,CNG,35.70,22.4,5,1887,21.6
1790513191188,28.612648,77.282213,63.0,CNG,37.19,22.4,5,1873,34.1
1790513191835,28.612778,77.282314,63.0,CNG,35.28,22.4,5,1874,34.1
1790513192509,28.612911,77.282411,63.0,CNG,34.27,22.4,5,1870,34.1
1790513193753,28.613041,77.282508,63.0,CNG,33.36,22.4,5,1879,36.5
1790513194409,28.613171,77.282608,63.0,CNG,32.88,22.4,5,1878,36.5
1790513195125,28.613171,77.282608,63.0,CNG,33.42,22.4,5,1878,36.5
1790513196311,28.613422,77.282816,63.0,CNG,33.97,22.4,5,1872,36.5
1790513196979,28.613422,77.282816,63.0,CNG,34.50,22.4,5,1878,36.5
1790513197672,28.613549,77.282926,63.0,CNG,38.12,22.0,5,1876,36.5
1790513198835,28.613674,77.283034,63.0,CNG,39.49,22.0,5,1873,27.8
1790513199487,28.613794,77.283136,63.0,CNG,41.45,22.0,5,1885,27.8
1790513200160,28.613794,77.283136,63.0,CNG,43.33,22.0,5,1876,27.8
1790513201307,28.614049,77.283365,64.0,CNG,45.41,22.0,5,1878,27.5
1790513201959,28.614049,77.283365,63.0,CNG,46.66,22.0,5,1894,27.5
1790513202594,28.614171,77.283478,63.0,CNG,45.72,22.0,5,1880,27.5
1790513203750,28.614288,77.283592,63.0,CNG,44.53,22.0,5,1878,27.5
1790513204424,28.614403,77.283707,63.0,CNG,45.13,14.9,5,1877,27.5
1790513205122,28.614403,77.283707,63.0,CNG,46.55,21.6,5,1868,27.5
1790513206255,28.614517,77.283826,63.0,CNG,45.96,21.6,5,1860,25.9
1790513206919,28.614629,77.283945,62.0,CNG,46.75,21.6,5,1848,25.9
1790513207571,28.614744,77.284066,62.0,CNG,48.30,21.6,5,1849,25.9
1790513208782,28.614860,77.284182,62.0,CNG,48.29,21.6,5,1855,26.3
1790513209423,28.614972,77.284302,62.0,CNG,49.25,21.6,5,1836,26.3
1790513210120,28.614972,77.284302,62.0,CNG,49.35,21.6,5,1848,26.3
1790513211251,28.615081,77.284423,62.0,CNG,49.68,21.6,5,1834,26.3
1790513211935,28.615186,77.284547,62.0,CNG,46.82,21.6,5,1836,26.3
1790513212572,28.615294,77.284670,62.0,CNG,43.57,21.6,5,1847,26.3
1790513213789,28.615400,77.284795,61.0,CNG,41.03,21.6,5,1830,33.3
1790513214386,28.615501,77.284921,61.0,CNG,38.50,21.6,5,1822,33.3
1790513215058,28.615501,77.284921,61.0,CNG,38.28,21.6,5,1815,33.3
1790513216192,28.615603,77.285046,61.0,CNG,38.21,21.6,5,1819,37.3
1790513216840,28.615700,77.285167,61.0,CNG,35.10,22.4,5,1815,37.3
1790513217554,28.615800,77.285296,61.0,CNG,34.49,22.4,5,1818,37.3
1790513218792,28.615899,77.285424,61.0,CNG,35.05,22.4,5,1801,31.8
1790513219425,28.615996,77.285554,61.0,CNG,36.07,22.4,5,1808,31.8
1790513220097,28.615996,77.285554,61.0,CNG,36.20,22.4,5,1806,31.8
1790513221205,28.616093,77.285685,61.0,CNG,37.85,22.4,5,1818,29.0
1790513221863,28.616190,77.285819,61.0,CNG,40.89,14.9,5,1818,29.0
1790513222526,28.616282,77.285953,61.0,CNG,32.21,26.3,5,1830,29.0
1790513223995,28.616379,77.286086,62.0,CNG,29.19,25.9,5,1829,45.9
1790513224613,28.616472,77.286228,62.0,CNG,27.68,25.5,5,1838,45.9
1790513225293,28.616566,77.286373,62.0,CNG,34.78,25.1,5,1833,45.9
1790513226453,28.616657,77.286510,61.0,CNG,32.82,24.3,5,1825,39.6
1790513227070,28.616657,77.286510,61.0,CNG,31.33,24.3,5,1803,39.6
1790513227686,28.616745,77.286646,61.0,CNG,31.03,24.3,5,1804,39.6
1790513228856,28.616833,77.286783,60.0,CNG,30.39,24.3,5,1798,40.8
1790513229465,28.616916,77.286921,60.0,CNG,29.99,24.3,5,1788,40.8
1790513230124,28.616916,77.286921,60.0,CNG,29.45,24.3,5,1779,40.8
1790513231255,28.616997,77.287061,60.0,CNG,30.25,24.3,5,1786,41.2
1790513231938,28.617076,77.287198,60.0,CNG,30.59,24.3,5,1767,41.2
1790513232575,28.617150,77.287345,60.0,CNG,28.37,24.3,5,1782,41.2
1790513233799,28.617229,77.287488,59.0,CNG,26.98,24.3,5,1779,47.8
1790513234448,28.617305,77.287639,60.0,CNG,26.02,24.3,5,1794,47.8
1790513235130,28.617305,77.287639,61.0,CNG,26.54,23.9,5,1798,47.8
1790513236268,28.617382,77.287790,61.0,CNG,26.07,23.9,5,1817,46.3
1790513236918,28.617449,77.287944,62.0,CNG,26.23,23.9,5,1846,46.3
1790513237619,28.617515,77.288101,63.0,CNG,27.37,23.9,5,1865,46.3
1790513238754,28.617585,77.288266,63.0,CNG,27.49,23.9,5,1878,40.0
1790513239361,28.617652,77.288427,65.0,CNG,30.65,23.9,5,1920,40.0
1790513240021,28.617652,77.288427,65.0,CNG,32.49,23.9,5,1938,40.0
1790513241124,28.617720,77.288591,66.0,CNG,32.90,23.5,5,1953,34.5
1790513241809,28.617788,77.288760,66.0,CNG,33.81,23.5,5,1969,34.5
1790513242420,28.617857,77.288929,66.0,CNG,35.44,23.5,5,1980,34.5
1790513243571,28.617926,77.289099,66.0,CNG,36.27,23.5,5,1973,34.1
1790513244275,28.617993,77.289270,67.0,CNG,36.50,23.5,5,1982,34.1
1790513244919,28.617993,77.289270,67.0,CNG,36.54,23.5,5,1987,34.1
1790513246019,28.618058,77.289439,67.0,CNG,36.66,23.5,5,1994,33.7
1790513246677,28.618120,77.289614,67.0,CNG,36.13,23.5,5,1991,33.7
1790513247277,28.618120,77.289614,67.0,CNG,35.93,23.5,5,1997,33.7
1790513248481,28.618239,77.289964,67.0,CNG,35.75,23.5,5,1998,33.7
1790513249106,28.618239,77.289964,68.0,CNG,35.66,23.5,5,2009,33.7
1790513249800,28.618303,77.290142,67.0,CNG,36.89,23.5,5,2000,33.7
1790513250993,28.618367,77.290321,67.0,CNG,36.64,23.5,5,2008,32.9
1790513251640,28.618428,77.290500,68.0,CNG,38.10,23.1,5,2015,32.9
1790513252273,28.618428,77.290500,67.0,CNG,37.37,23.1,5,2003,32.9
1790513253428,28.618553,77.290855,67.0,CNG,35.02,23.1,5,2014,38.4
1790513254052,28.618553,77.290855,68.0,CNG,33.75,22.4,5,2008,38.4
1790513254719,28.618614,77.291030,67.0,CNG,34.07,22.4,5,1998,38.4
1790513255893,28.618677,77.291202,67.0,CNG,34.55,22.4,5,1993,35.3
1790513256534,28.618739,77.291375,67.0,CNG,35.49,22.4,5,1982,35.3
1790513257169,28.618739,77.291375,67.0,CNG,35.91,22.7,5,1993,35.3
1790513258333,28.618854,77.291731,67.0,CNG,33.94,23.1,5,1989,38.4
1790513258980,28.618854,77.291731,67.0,CNG,34.98,23.1,5,1995,38.4
1790513259679,28.618913,77.291906,67.0,CNG,36.18,23.1,5,1989,38.4
1790513260803,28.618968,77.292084,67.0,CNG,37.40,23.5,5,1987,33.3
1790513261492,28.619024,77.292260,67.0,CNG,37.57,23.5,5,1993,33.3
1790513262111,28.619024,77.292260,67.0,CNG,37.30,23.5,5,2001,33.3
1790513263255,28.619084,77.292436,67.0,CNG,35.84,23.9,5,1996,36.1
1790513263900,28.619140,77.292614,68.0,CNG,33.72,24.7,5,2015,36.1
1790513264545,28.619202,77.292790,68.0,CNG,32.25,25.1,5,2011,36.1
1790513265710,28.619260,77.292972,68.0,CNG,31.03,25.1,5,2012,40.4
1790513266351,28.619316,77.293145,67.0,CNG,31.10,25.1,5,1997,40.4
1790513266982,28.619316,77.293145,66.0,CNG,30.28,25.1,5,1986,40.4
1790513268201,28.619372,77.293317,66.0,CNG,30.02,25.1,5,1961,42.0
1790513268826,28.619425,77.293490,65.0,CNG,36.91,25.5,5,1934,42.0
1790513269498,28.619484,77.293660,64.0,CNG,31.91,25.5,5,1920,42.0
1790513270648,28.619540,77.293831,64.0,CNG,29.74,25.5,5,1907,44.3
1790513271293,28.619597,77.293998,64.0,CNG,29.13,25.5,5,1916,44.3
1790513271981,28.619597,77.293998,64.0,CNG,29.45,25.1,5,1902,44.3
1790513273203,28.619650,77.294167,64.0,CNG,29.43,25.1,5,1909,41.6
1790513273921,28.619708,77.294336,64.0,CNG,36.93,24.7,5,1909,41.6
1790513274561,28.619762,77.294502,64.0,CNG,31.41,24.7,5,1904,41.6
1790513275666,28.619815,77.294670,64.0,CNG,29.93,24.7,5,1901,46.7
1790513276314,28.619867,77.294842,64.0,CNG,28.77,23.9,5,1896,46.7
1790513276946,28.619867,77.294842,64.0,CNG,28.70,23.9,5,1906,46.7
1790513278104,28.619922,77.295014,64.0,CNG,28.48,23.9,5,1913,43.5
1790513278782,28.619978,77.295188,65.0,CNG,28.18,23.9,5,1928,43.5
1790513279434,28.620035,77.295360,65.0,CNG,29.13,23.9,5,1929,43.5
1790513280566,28.620092,77.295533,65.0,CNG,31.83,23.9,5,1940,35.3
1790513281263,28.620092,77.295533,66.0,CNG,32.47,23.9,5,1960,35.3
1790513281911,28.620149,77.295706,66.0,CNG,32.97,23.1,5,1972,35.3
1790513283103,28.620208,77.295881,67.0,CNG,35.55,22.7,5,1977,25.1
1790513283734,28.620274,77.296059,67.0,CNG,42.33,14.9,5,1993,25.1
1790513284404,28.620336,77.296234,67.0,CNG,47.26,14.9,5,1987,25.1
1790513285537,28.620399,77.296413,67.0,CNG,41.82,23.1,5,2022,25.1
1790513286213,28.620399,77.296413,68.0,CNG,46.23,20.8,5,2008,25.1
1790513286848,28.620456,77.296590,68.0,CNG,48.99,20.8,5,2010,25.1
1790513288040,28.620514,77.296773,68.0,CNG,47.71,21.6,5,2016,24.7
1790513288706,28.620564,77.296954,68.0,CNG,49.26,21.6,5,2034,24.7
1790513289393,28.620619,77.297137,68.0,CNG,50.41,21.6,5,2037,24.7
1790513290605,28.620679,77.297319,69.0,CNG,49.99,21.6,5,2043,25.5
1790513291269,28.620679,77.297319,68.0,CNG,49.81,22.0,5,2032,25.5
1790513291918,28.620739,77.297500,68.0,CNG,49.39,22.0,5,2032,25.5
1790513293133,28.620800,77.297680,68.0,CNG,47.23,22.0,5,2027,26.3
1790513293791,28.620855,77.297860,68.0,CNG,46.93,22.0,5,2027,26.3
1790513294504,28.620910,77.298041,68.0,CNG,45.89,22.0,5,2017,26.3
1790513295672,28.620969,77.298218,67.0,CNG,43.02,22.0,5,2017,34.1
1790513296326,28.621026,77.298394,67.0,CNG,38.55,22.4,5,1998,34.1
1790513296983,28.621026,77.298394,67.0,CNG,35.27,22.4,5,1997,34.1
1790513298201,28.621082,77.298570,67.0,CNG,35.26,22.4,5,1987,36.9
1790513298813,28.621140,77.298744,66.0,CNG,34.33,22.4,5,1970,36.9
1790513299457,28.621196,77.298914,66.0,CNG,33.48,22.4,5,1951,36.9
1790513300656,28.621251,77.299090,66.0,CNG,33.88,22.4,5,1953,37.3
1790513301300,28.621310,77.299261,65.0,CNG,35.79,22.4,5,1942,37.3
1790513301933,28.621310,77.299261,65.0,CNG,36.29,22.4,5,1925,37.3
1790513303070,28.621369,77.299428,64.0,CNG,36.34,22.7,5,1923,31.4
1790513303669,28.621428,77.299598,64.0,CNG,38.04,22.7,5,1909,31.4
1790513304347,28.621491,77.299764,64.0,CNG,37.86,22.7,5,1904,31.4
1790513305519,28.621547,77.299931,64.0,CNG,39.11,22.7,5,1899,33.3
1790513306231,28.621547,77.299931,63.0,CNG,39.03,22.7,5,1889,33.3
1790513306858,28.621597,77.300099,63.0,CNG,37.53,22.7,5,1879,33.3
1790513307999,28.621655,77.300267,64.0,CNG,38.17,22.7,5,1881,33.3
1790513308676,28.621708,77.300433,63.0,CNG,38.73,22.7,5,1891,33.3
1790513309400,28.621762,77.300602,64.0,CNG,37.64,22.7,5,1886,33.3
1790513310490,28.621819,77.300769,64.0,CNG,38.44,22.7,5,1885,49.0
1790513311141,28.621876,77.300935,64.0,CNG,31.54,26.3,5,1894,49.0
1790513311901,28.621876,77.300935,64.0,CNG,29.54,25.9,5,1913,49.0
1790513313082,28.621932,77.301108,65.0,CNG,27.90,25.9,5,1923,45.9
1790513313744,28.621984,77.301280,66.0,CNG,27.76,25.9,5,1947,45.9
1790513314412,28.622043,77.301454,66.0,CNG,27.31,25.9,5,1964,45.9
1790513315560,28.622104,77.301629,67.0,CNG,28.02,25.9,5,1977,44.7
1790513316213,28.622104,77.301629,68.0,CNG,27.00,25.5,5,2008,44.7
1790513316833,28.622168,77.301808,68.0,CNG,25.71,25.5,5,2035,44.7
1790513318007,28.622232,77.301990,69.0,CNG,25.09,25.5,5,2050,48.2
1790513318640,28.622294,77.302172,70.0,CNG,24.69,25.5,5,2084,48.2
1790513319321,28.622360,77.302360,71.0,CNG,25.74,25.5,5,2107,48.2
1790513320480,28.622428,77.302544,71.0,CNG,25.85,25.5,5,2105,47.5
1790513321126,28.622428,77.302544,72.0,CNG,26.30,25.5,5,2136,47.5
1790513321782,28.622491,77.302731,72.0,CNG,26.79,25.5,5,2140,47.5
1790513322962,28.622559,77.302921,72.0,CNG,27.32,25.5,5,2146,40.4
1790513323597,28.622622,77.303108,72.0,CNG,28.83,25.5,5,2152,40.4
1790513324289,28.622684,77.303298,73.0,CNG,29.76,25.5,5,2155,40.4
1790513325403,28.622751,77.303488,73.0,CNG,29.26,25.5,5,2168,40.4
1790513326103,28.622751,77.303488,73.0,CNG,29.58,25.5,5,2170,40.4
1790513326715,28.622813,77.303679,73.0,CNG,28.91,25.5,5,2181,40.4
1790513327901,28.622878,77.303870,73.0,CNG,29.79,25.5,5,2179,40.0
1790513328525,28.622941,77.304065,73.0,CNG,29.81,25.5,5,2191,40.0
1790513329182,28.622941,77.304065,74.0,CNG,29.50,25.5,5,2203,40.0
1790513330324,28.623073,77.304453,74.0,CNG,29.16,25.1,5,2187,38.4
1790513331013,28.623073,77.304453,74.0,CNG,30.22,25.1,5,2201,38.4
1790513331656,28.623136,77.304647,74.0,CNG,30.34,25.1,5,2206,38.4
1790513332815,28.623201,77.304840,74.0,CNG,29.71,25.1,5,2212,38.0
1790513333478,28.623273,77.305033,74.0,CNG,30.50,25.1,5,2213,38.0
1790513334144,28.623273,77.305033,74.0,CNG,29.78,25.1,5,2211,38.0
1790513335289,28.623410,77.305424,74.0,CNG,37.08,20.8,5,2219,23.5
1790513335949,28.623410,77.305424,74.0,CNG,38.59,22.7,5,2206,23.5
1790513336592,28.623476,77.305619,74.0,CNG,39.93,22.7,5,2199,23.5
1790513337728,28.623537,77.305817,74.0,CNG,41.42,22.7,5,2203,30.2
1790513338412,28.623598,77.306015,74.0,CNG,39.20,23.1,5,2197,30.2
1790513339040,28.623598,77.306015,74.0,CNG,36.00,23.1,5,2196,30.2
1790513340186,28.623664,77.306212,73.0,CNG,34.66,23.1,5,2192,34.5
1790513340869,28.623728,77.306404,73.0,CNG,34.80,23.1,5,2166,34.5
1790513341489,28.623794,77.306593,73.0,CNG,33.55,23.1,5,2166,34.5
1790513342636,28.623862,77.306783,73.0,CNG,33.87,23.5,5,2169,36.9
1790513343255,28.623862,77.306783,73.0,CNG,31.34,24.3,5,2167,36.9
1790513343886,28.623932,77.306975,73.0,CNG,32.99,24.3,5,2167,36.9
1790513345126,28.624002,77.307160,73.0,CNG,33.94,24.3,5,2162,34.1
1790513345784,28.624072,77.307348,72.0,CNG,34.61,24.3,5,2147,34.1
1790513346415,28.624144,77.307533,72.0,CNG,34.21,24.3,5,2148,34.1
1790513347547,28.624208,77.307720,72.0,CNG,34.27,23.9,5,2134,34.1
1790513348164,28.624208,77.307720,72.0,CNG,35.79,23.5,5,2132,34.1
1790513348820,28.624271,77.307908,71.0,CNG,37.54,23.5,5,2115,34.1
1790513349949,28.624331,77.308099,71.0,CNG,37.54,23.1,5,2103,31.0
1790513350609,28.624388,77.308286,70.0,CNG,42.19,18.8,5,2095,31.0
1790513351234,28.624388,77.308286,70.0,CNG,39.64,22.7,5,2090,31.0
1790513352345,28.624514,77.308649,70.0,CNG,41.12,16.1,5,2081,20.0
1790513352975,28.624514,77.308649,67.0,CNG,46.35,14.9,5,1978,20.0
1790513353654,28.624573,77.308821,63.0,CNG,50.12,14.9,5,1887,20.0
1790513354773,28.624628,77.308975,58.0,CNG,55.08,14.9,5,1741,20.0
1790513355414,28.624677,77.309115,53.0,CNG,56.81,14.9,5,1566,20.0
1790513356111,28.624677,77.309115,52.0,CNG,57.84,14.9,5,1556,20.0
1790513357286,28.624776,77.309387,52.0,CNG,45.23,21.2,5,1558,34.5
1790513357896,28.624776,77.309387,52.0,CNG,40.63,22.0,5,1548,34.5
1790513358567,28.624825,77.309522,52.0,CNG,38.40,22.0,5,1569,34.5
1790513359804,28.624874,77.309660,53.0,CNG,37.32,22.0,5,1569,33.7
1790513360440,28.624923,77.309801,54.0,CNG,37.40,22.4,5,1611,33.7
1790513361056,28.624923,77.309801,55.0,CNG,33.32,23.9,5,1612,33.7
1790513362191,28.624967,77.309945,55.0,CNG,28.97,24.7,5,1642,52.9
1790513362801,28.625012,77.310095,57.0,CNG,26.61,24.7,5,1689,52.9
1790513363455,28.625063,77.310248,57.0,CNG,25.08,24.7,5,1698,52.9
1790513364587,28.625114,77.310402,58.0,CNG,24.18,24.7,5,1722,52.5
1790513365215,28.625114,77.310402,60.0,CNG,24.11,24.7,5,1772,52.5
1790513365830,28.625168,77.310561,60.0,CNG,24.50,24.7,5,1786,52.5
1790513366958,28.625214,77.310719,61.0,CNG,24.32,24.7,5,1799,49.8
1790513367670,28.625267,77.310883,62.0,CNG,25.91,24.3,5,1844,49.8
1790513368306,28.625324,77.311044,63.0,CNG,28.10,24.3,5,1872,49.8
1790513369457,28.625380,77.311212,64.0,CNG,29.43,24.3,5,1882,40.4
1790513370184,28.625380,77.311212,64.0,CNG,30.04,24.3,5,1923,40.4
1790513370856,28.625437,77.311383,65.0,CNG,31.10,24.3,5,1921,40.4
1790513372002,28.625496,77.311556,65.0,CNG,32.05,23.9,5,1944,21.6
1790513372685,28.625553,77.311727,65.0,CNG,35.12,22.0,5,1930,21.6
1790513373328,28.625610,77.311897,65.0,CNG,37.68,22.0,5,1937,21.6
1790513374490,28.625667,77.312069,65.0,CNG,40.16,22.0,5,1918,29.8
1790513375192,28.625667,77.312069,65.0,CNG,39.20,22.7,5,1926,29.8
1790513375791,28.625720,77.312241,65.0,CNG,37.59,23.1,5,1930,29.8
1790513376971,28.625777,77.312409,65.0,CNG,36.61,23.5,5,1936,35.3
1790513377585,28.625833,77.312579,65.0,CNG,34.35,23.9,5,1942,35.3
1790513378259,28.625833,77.312579,65.0,CNG,33.99,23.9,5,1940,35.3
1790513379429,28.625941,77.312924,65.0,CNG,34.14,23.9,5,1940,37.3
1790513380091,28.625941,77.312924,65.0,CNG,33.93,23.9,5,1947,37.3
1790513380775,28.625999,77.313093,65.0,CNG,33.45,23.9,5,1936,37.3
1790513381976,28.626059,77.313266,66.0,CNG,33.70,23.9,5,1951,37.3
1790513382598,28.626126,77.313442,66.0,CNG,32.79,23.9,5,1962,37.3
1790513383270,28.626126,77.313442,67.0,CNG,33.75,23.9,5,1973,37.3
1790513384417,28.626252,77.313786,67.0,CNG,32.49,23.9,5,1976,42.4
1790513385044,28.626252,77.313786,67.0,CNG,31.24,24.3,5,1984,42.4
1790513385660,28.626313,77.313961,67.0,CNG,30.58,24.3,5,2000,42.4
1790513386826,28.626369,77.314136,67.0,CNG,29.55,24.7,5,1989,46.3
1790513387485,28.626428,77.314311,67.0,CNG,28.09,24.7,5,1984,46.3
1790513388156,28.626428,77.314311,66.0,CNG,27.87,24.7,5,1982,46.3
1790513389315,28.626542,77.314661,66.0,CNG,27.03,24.7,5,1977,46.3
1790513389952,28.626542,77.314661,66.0,CNG,28.27,24.7,5,1955,46.3
1790513390570,28.626597,77.314836,65.0,CNG,28.92,24.7,5,1937,46.3
1790513391707,28.626654,77.315006,65.0,CNG,29.46,24.7,5,1916,40.8
1790513392393,28.626705,77.315168,64.0,CNG,30.15,24.7,5,1904,40.8
1790513393080,28.626705,77.315168,63.0,CNG,30.90,24.7,5,1881,40.8
1790513394216,28.626758,77.315332,63.0,CNG,31.20,24.7,5,1873,41.6
1790513394862,28.626812,77.315498,62.0,CNG,31.05,24.7,5,1843,41.6
1790513395475,28.626867,77.315661,62.0,CNG,31.34,24.7,5,1828,41.6
1790513396607,28.626921,77.315818,61.0,CNG,30.93,24.7,5,1817,42.4
1790513397240,28.626974,77.315980,61.0,CNG,31.72,25.5,5,1799,42.4
1790513397984,28.626974,77.315980,60.0,CNG,29.41,25.1,5,1782,42.4
1790513399093,28.627030,77.316137,60.0,CNG,28.39,25.1,5,1781,45.9
1790513399784,28.627081,77.316295,59.0,CNG,28.55,25.1,5,1774,45.9
1790513400414,28.627134,77.316449,59.0,CNG,35.70,25.5,5,1751,45.9
1790513401556,28.627185,77.316602,58.0,CNG,31.85,25.1,5,1743,45.9
1790513402183,28.627185,77.316602,58.0,CNG,30.87,24.7,5,1709,45.9
1790513402843,28.627235,77.316753,57.0,CNG,30.02,24.3,5,1699,45.9
1790513403936,28.627286,77.316903,57.0,CNG,35.73,14.9,5,1706,20.0
1790513404602,28.627337,77.317053,56.0,CNG,43.75,14.9,5,1658,20.0
1790513405277,28.627383,77.317199,55.0,CNG,47.67,14.9,5,1647,20.0
1790513406424,28.627429,77.317341,54.0,CNG,53.89,14.9,5,1619,19.6
1790513407036,28.627429,77.317341,53.0,CNG,54.85,14.9,5,1577,19.6
1790513407701,28.627476,77.317479,52.0,CNG,57.54,14.9,5,1546,19.6
1790513408841,28.627523,77.317614,51.0,CNG,56.34,14.9,5,1508,20.0
1790513409519,28.627563,77.317745,49.0,CNG,56.25,14.9,5,1476,20.0
1790513410132,28.627563,77.317745,49.0,CNG,61.36,14.9,5,1446,20.0
1790513411267,28.627606,77.317874,48.0,CNG,60.60,14.9,5,1429,20.4
1790513411868,28.627648,77.318001,47.0,CNG,59.15,14.9,5,1400,20.4
1790513412531,28.627689,77.318127,47.0,CNG,61.75,21.2,5,1383,20.4
1790513413681,28.627729,77.318249,47.0,CNG,47.40,20.4,5,1397,28.2
1790513414351,28.627768,77.318374,47.0,CNG,45.54,20.4,5,1399,28.2
1790513414988,28.627768,77.318374,48.0,CNG,47.86,20.4,5,1421,28.2
1790513416116,28.627810,77.318501,48.0,CNG,47.07,20.4,5,1436,26.3
1790513416715,28.627849,77.318632,49.0,CNG,47.82,20.4,5,1469,26.3
1790513417405,28.627891,77.318763,50.0,CNG,48.82,20.4,5,1477,26.3
1790513418553,28.627937,77.318898,51.0,CNG,47.45,20.4,5,1507,25.1
1790513419236,28.627937,77.318898,52.0,CNG,49.63,19.6,5,1530,25.1
1790513419860,28.627978,77.319039,52.0,CNG,52.27,19.6,5,1542,25.1
1790513421034,28.628022,77.319175,53.0,CNG,53.45,19.6,5,1558,19.6
1790513421698,28.628070,77.319313,53.0,CNG,58.49,14.9,5,1589,19.6
1790513422344,28.628117,77.319456,54.0,CNG,53.81,20.4,5,1598,19.6
1790513423468,28.628167,77.319602,55.0,CNG,50.63,20.4,5,1628,23.9
1790513424111,28.628167,77.319602,56.0,CNG,51.52,20.4,5,1663,23.9
1790513424710,28.628222,77.319747,56.0,CNG,53.08,20.4,5,1669,23.9
1790513425897,28.628274,77.319897,57.0,CNG,51.54,20.4,5,1695,23.1
1790513426528,28.628326,77.320047,58.0,CNG,54.44,20.4,5,1722,23.1
1790513427165,28.628326,77.320047,59.0,CNG,53.02,20.4,5,1742,23.1
1790513428257,28.628376,77.320202,59.0,CNG,56.38,20.4,5,1759,22.0
1790513428900,28.628425,77.320358,60.0,CNG,60.88,19.6,5,1780,22.0
1790513429574,28.628476,77.320520,60.0,CNG,60.14,19.6,5,1808,22.0
1790513430720,28.628526,77.320682,61.0,CNG,55.54,19.6,5,1816,24.3
1790513431477,28.628579,77.320844,61.0,CNG,55.69,19.6,5,1806,24.3
1790513432155,28.628579,77.320844,61.0,CNG,51.85,19.6,5,1810,24.3
1790513433277,28.628629,77.321003,60.0,CNG,58.20,18.4,5,1792,19.2
1790513433910,28.628681,77.321159,60.0,CNG,57.84,18.4,5,1789,19.2
1790513434542,28.628734,77.321318,59.0,CNG,62.71,18.4,5,1772,19.2
1790513435663,28.628794,77.321468,59.0,CNG,65.23,18.0,5,1753,22.0
1790513436311,28.628854,77.321620,59.0,CNG,51.90,19.2,5,1766,22.0
1790513436990,28.628854,77.321620,59.0,CNG,54.12,14.9,5,1744,22.0
1790513438147,28.628914,77.321770,58.0,CNG,57.16,14.9,5,1739,19.6
1790513438837,28.628972,77.321917,57.0,CNG,59.07,14.9,5,1687,19.6
1790513439501,28.629030,77.322057,53.0,CNG,57.57,14.9,5,1593,19.6
1790513440693,28.629080,77.322184,50.0,CNG,57.57,14.9,5,1504,20.8
1790513441374,28.629123,77.322292,41.0,CNG,58.18,14.9,5,1257,20.8
1790513442015,28.629123,77.322292,36.0,CNG,62.50,14.9,5,1100,20.8
1790513443199,28.629162,77.322383,35.0,CNG,65.80,14.9,5,1032,23.1
1790513443877,28.629199,77.322472,35.0,CNG,62.87,14.9,5,1043,23.1
1790513444508,28.629239,77.322563,36.0,CNG,79.24,14.9,,812,23.1
1790513445676,28.629274,77.322660,35.0,CNG,99.25,14.9,,758,22.4
1790513446301,28.629310,77.322752,35.0,CNG,69.36,14.9,4,1388,22.4
1790513446996,28.629310,77.322752,35.0,CNG,63.33,14.9,4,1338,22.4
1790513448179,28.629334,77.322847,33.0,CNG,55.89,14.9,4,1317,22.0
1790513448831,28.629362,77.322928,28.0,CNG,53.84,14.9,4,1103,22.0
1790513449438,28.629381,77.322999,26.0,CNG,55.87,14.9,4,1014,22.0
1790513450600,28.629400,77.323062,25.0,CNG,48.74,14.9,4,988,22.7
1790513451257,28.629400,77.323062,22.0,CNG,46.35,14.9,4,849,22.7
1790513451903,28.629420,77.323119,21.0,CNG,38.65,14.9,,720,22.7
1790513453084,28.629443,77.323175,21.0,CNG,32.78,14.9,3,980,27.8
1790513453798,28.629461,77.323229,20.0,CNG,32.32,16.5,3,1022,27.8
1790513454420,28.629480,77.323282,19.0,CNG,32.78,17.6,3,1014,27.8
1790513455565,28.629500,77.323333,19.0,CNG,19.53,25.1,3,1018,80.8
1790513456342,28.629522,77.323386,21.0,CNG,25.60,14.9,3,1074,80.8
1790513457060,28.629522,77.323386,22.0,CNG,15.11,23.5,4,924,80.8
1790513458205,28.629547,77.323437,22.0,CNG,12.47,23.9,2,1700,47.1
1790513458880,28.629572,77.323494,24.0,CNG,13.20,23.5,2,1802,47.1
1790513459495,28.629602,77.323556,26.0,CNG,13.98,23.5,2,1907,47.1
1790513460712,28.629631,77.323624,27.0,CNG,14.53,23.1,2,1984,30.6
1790513461319,28.629671,77.323694,29.0,CNG,17.32,20.0,2,2132,30.6
1790513462020,28.629671,77.323694,29.0,CNG,19.88,14.9,2,2135,30.6
1790513463161,28.629706,77.323761,29.0,CNG,24.24,16.1,3,1482,19.6
1790513463829,28.629744,77.323827,28.0,CNG,28.45,19.2,3,1426,19.6
1790513464434,28.629776,77.323896,27.0,CNG,29.15,19.6,3,1383,19.6
1790513465589,28.629806,77.323964,27.0,CNG,28.84,20.8,3,1398,28.6
1790513466247,28.629806,77.323964,27.0,CNG,28.47,20.8,3,1417,28.6
1790513466916,28.629834,77.324034,28.0,CNG,24.92,21.2,3,1440,28.6
1790513468053,28.629860,77.324101,28.0,CNG,24.90,21.2,3,1448,29.8
1790513468766,28.629889,77.324179,29.0,CNG,24.78,18.8,3,1497,29.8
1790513469388,28.629916,77.324258,29.0,CNG,29.56,14.9,3,1495,29.8
1790513470549,28.629940,77.324330,28.0,CNG,44.05,14.9,5,905,22.0
1790513471157,28.629940,77.324330,22.0,CNG,45.35,14.9,,624,22.0
1790513471841,28.629957,77.324392,20.0,CNG,50.42,14.9,,641,22.0
1790513472954,28.629977,77.324442,20.0,CNG,54.85,14.9,,667,25.9
1790513473592,28.629996,77.324491,19.0,CNG,59.54,14.9,4,709,25.9
1790513474201,28.629996,77.324491,19.0,CNG,65.30,14.9,4,711,25.9
1790513475418,28.630037,77.324582,19.0,CNG,45.07,15.7,4,717,31.4
1790513476079,28.630037,77.324582,18.0,CNG,31.79,18.0,2,1376,31.4
1790513476760,28.630064,77.324618,17.0,CNG,27.45,18.4,2,1267,31.4
1790513477982,28.630102,77.324656,17.0,CNG,22.65,19.6,2,1287,34.5
1790513478622,28.630144,77.324679,18.0,CNG,18.07,20.4,2,1320,34.5
1790513479260,28.630188,77.324691,18.0,CNG,15.27,20.8,2,1339,34.5
1790513480398,28.630236,77.324697,18.0,CNG,14.01,20.8,2,1361,38.8
1790513481026,28.630236,77.324697,19.0,CNG,13.98,20.8,2,1417,38.8
1790513481777,28.630287,77.324689,20.0,CNG,15.06,20.8,2,1438,38.8
1790513483258,28.630335,77.324672,20.0,CNG,15.91,20.8,2,1507,26.7
1790513484077,28.630380,77.324655,22.0,CNG,16.83,20.8,2,1596,26.7
1790513485017,28.630429,77.324638,22.0,CNG,17.48,20.8,2,1637,26.7
1790513486523,28.630537,77.324599,23.0,CNG,17.86,20.8,2,1693,24.3
1790513487469,28.630591,77.324572,24.0,CNG,18.59,20.8,2,1757,24.3
1790513488325,28.630650,77.324542,24.0,CNG,20.36,19.2,2,1802,24.3
1790513489791,28.630708,77.324517,24.0,CNG,24.62,14.9,2,1690,22.4
1790513490630,28.630761,77.324501,21.0,CNG,31.11,14.9,4,783,22.4
1790513491276,28.630800,77.324486,19.0,CNG,34.52,14.9,,696,22.4
1790513492384,28.630840,77.324470,17.0,CNG,36.85,14.9,,696,31.8
1790513493007,28.630840,77.324470,17.0,CNG,19.47,23.9,,699,31.8
1790513493721,28.630878,77.324459,18.0,CNG,15.69,23.1,,1041,31.8
1790513494933,28.630927,77.324441,20.0,CNG,18.33,21.2,3,981,43.9
1790513495609,28.630971,77.324424,21.0,CNG,20.26,21.2,3,1049,43.9
1790513496295,28.631024,77.324405,21.0,CNG,19.45,21.2,3,1087,43.9
1790513497532,28.631077,77.324381,22.0,CNG,19.45,21.2,3,1118,45.9
1790513498180,28.631077,77.324381,23.0,CNG,18.20,21.2,3,1177,45.9
1790513498855,28.631131,77.324355,23.0,CNG,18.08,21.2,3,1194,45.9
1790513499960,28.631186,77.324333,24.0,CNG,17.24,21.2,3,1219,46.3
1790513500604,28.631244,77.324305,24.0,CNG,16.74,21.2,3,1245,46.3
1790513501236,28.631244,77.324305,25.0,CNG,16.76,21.2,3,1254,46.3
1790513502423,28.631355,77.324260,25.0,CNG,16.77,21.2,3,1281,43.1
1790513503108,28.631355,77.324260,26.0,CNG,17.79,21.2,3,1332,43.1
1790513503758,28.631417,77.324238,26.0,CNG,19.80,21.6,3,1357,43.1
1790513504928,28.631479,77.324216,26.0,CNG,20.92,21.6,3,1355,34.5
1790513505564,28.631546,77.324193,28.0,CNG,21.38,21.2,3,1416,34.5
1790513506178,28.631546,77.324193,28.0,CNG,22.94,21.2,3,1455,34.5
1790513507294,28.631678,77.324151,28.0,CNG,23.28,21.2,3,1464,29.8
1790513507931,28.631678,77.324151,29.0,CNG,23.21,20.8,3,1474,29.8
1790513508590,28.631748,77.324125,29.0,CNG,23.42,20.8,3,1500,29.8
1790513509767,28.631814,77.324103,30.0,CNG,23.79,20.8,3,1518,28.6
1790513510435,28.631887,77.324077,30.0,CNG,24.36,21.2,3,1538,28.6
1790513511061,28.631887,77.324077,30.0,CNG,23.71,21.2,3,1553,28.6
1790513512218,28.631957,77.324052,31.0,CNG,23.35,21.2,3,1589,29.4
1790513512832,28.632034,77.324022,32.0,CNG,24.58,21.6,3,1620,29.4
1790513513506,28.632105,77.323997,32.0,CNG,24.09,21.6,3,1621,29.4
1790513514635,28.632181,77.323970,33.0,CNG,23.85,21.6,3,1668,29.8
1790513515312,28.632258,77.323943,33.0,CNG,28.35,16.9,3,1673,29.8
1790513515930,28.632258,77.323943,32.0,CNG,24.84,22.4,4,1313,29.8
1790513517168,28.632335,77.323915,32.0,CNG,23.37,22.4,4,1270,42.4
1790513517781,28.632413,77.323883,34.0,CNG,23.52,21.6,4,1307,42.4
1790513518451,28.632496,77.323850,34.0,CNG,24.32,21.6,4,1320,42.4
1790513519641,28.632575,77.323821,35.0,CNG,26.04,22.0,4,1339,38.4
1790513520275,28.632659,77.323792,35.0,CNG,26.28,22.0,4,1365,38.4
1790513520920,28.632659,77.323792,36.0,CNG,26.41,22.0,4,1377,38.4
1790513522073,28.632743,77.323760,36.0,CNG,27.25,22.0,4,1391,36.5
1790513522714,28.632832,77.323726,37.0,CNG,26.70,22.0,4,1434,36.5
1790513523396,28.632919,77.323694,37.0,CNG,27.70,22.0,4,1440,36.5
1790513524567,28.633008,77.323662,37.0,CNG,26.71,22.0,4,1444,42.0
1790513525246,28.633008,77.323662,38.0,CNG,24.92,22.0,4,1475,42.0
1790513525926,28.633097,77.323628,38.0,CNG,24.47,22.0,4,1472,42.0
1790513527158,28.633192,77.323594,38.0,CNG,23.39,22.4,4,1480,44.7
1790513527757,28.633282,77.323562,39.0,CNG,22.17,22.4,4,1502,44.7
1790513528440,28.633372,77.323527,39.0,CNG,21.55,22.4,4,1507,44.7
1790513529585,28.633463,77.323495,39.0,CNG,22.02,22.4,4,1515,37.6
1790513530214,28.633463,77.323495,40.0,CNG,23.64,22.4,4,1564,37.6
1790513530868,28.633557,77.323462,40.0,CNG,24.96,22.4,4,1564,37.6
1790513532057,28.633655,77.323424,40.0,CNG,26.61,22.0,4,1574,27.1
1790513532675,28.633749,77.323387,41.0,CNG,23.93,24.7,4,1606,27.1
1790513533375,28.633846,77.323350,42.0,CNG,23.17,24.3,4,1603,27.1
1790513534465,28.633943,77.323314,43.0,CNG,22.39,23.9,4,1652,41.6
1790513535150,28.633943,77.323314,43.0,CNG,23.25,23.9,4,1685,41.6
1790513535812,28.634046,77.323280,43.0,CNG,30.18,14.9,4,1690,41.6
1790513536986,28.634144,77.323242,42.0,CNG,30.81,21.6,5,1219,38.0
1790513537630,28.634243,77.323203,43.0,CNG,32.78,21.6,5,1294,38.0
1790513538318,28.634347,77.323162,44.0,CNG,32.83,21.6,5,1303,38.0
1790513539449,28.634452,77.323123,44.0,CNG,32.46,20.8,5,1306,31.0
1790513540055,28.634452,77.323123,44.0,CNG,35.65,20.4,5,1295,31.0
1790513540654,28.634559,77.323085,44.0,CNG,41.75,16.5,5,1305,31.0
1790513541847,28.634662,77.323048,43.0,CNG,54.49,14.9,5,1150,22.7
1790513542430,28.634757,77.323015,37.0,CNG,77.34,14.9,,703,22.7
1790513543072,28.634757,77.323015,33.0,CNG,73.14,14.9,,649,22.7
1790513544162,28.634833,77.322988,29.0,CNG,68.03,14.9,,674,26.3
1790513544831,28.634901,77.322963,27.0,CNG,75.43,14.9,,691,26.3
1790513545473,28.634964,77.322944,26.0,CNG,81.15,14.9,,693,26.3
1790513546630,28.635021,77.322921,25.0,CNG,101.29,14.9,,691,24.3
1790513547254,28.635021,77.322921,24.0,CNG,57.56,21.2,,684,24.3
1790513547898,28.635079,77.322900,23.0,CNG,31.41,22.0,4,963,24.3
1790513549067,28.635134,77.322878,24.0,CNG,22.94,21.6,3,1213,43.9
1790513549737,28.635190,77.322859,25.0,CNG,20.01,21.2,3,1276,43.9
1790513550353,28.635248,77.322837,25.0,CNG,18.35,21.2,3,1289,43.9
1790513551513,28.635306,77.322817,26.0,CNG,18.26,21.2,3,1312,51.0
1790513552122,28.635306,77.322817,27.0,CNG,16.94,22.4,3,1359,51.0
1790513552794,28.635370,77.322796,27.0,CNG,16.71,22.0,3,1380,51.0
1790513553999,28.635437,77.322769,28.0,CNG,15.94,22.4,3,1438,47.1
1790513554655,28.635507,77.322748,29.0,CNG,17.11,23.1,3,1471,47.1
1790513555277,28.635579,77.322724,30.0,CNG,17.66,22.4,3,1537,47.1
1790513556433,28.635648,77.322695,30.0,CNG,23.84,14.9,3,1519,52.2
1790513557058,28.635648,77.322695,30.0,CNG,23.71,22.4,4,1133,52.2
1790513557740,28.635718,77.322667,30.0,CNG,21.20,23.1,4,1163,52.2
1790513558933,28.635785,77.322632,31.0,CNG,19.91,22.7,4,1190,47.1
1790513559584,28.635856,77.322590,31.0,CNG,21.02,22.0,4,1220,47.1
1790513560232,28.635856,77.322590,32.0,CNG,24.72,16.1,4,1254,47.1
1790513561440,28.635990,77.322498,31.0,CNG,34.48,14.9,5,1012,22.4
1790513562162,28.635990,77.322498,30.0,CNG,45.35,14.9,,717,22.4
1790513562827,28.636048,77.322453,27.0,CNG,48.86,14.9,,713,22.4
1790513564017,28.636101,77.322412,23.0,CNG,49.97,14.9,5,718,23.9
1790513564646,28.636138,77.322380,18.0,CNG,55.88,14.9,4,704,23.9
1790513565269,28.636138,77.322380,16.0,CNG,57.91,14.9,,677,23.9
1790513566472,28.636196,77.322335,14.0,CNG,55.74,14.9,,661,25.5
1790513567120,28.636196,77.322335,13.0,CNG,42.18,14.9,,688,25.5
1790513567819,28.636220,77.322312,12.0,CNG,34.46,14.9,,694,25.5
1790513568914,28.636242,77.322288,12.0,CNG,14.98,23.1,,706,58.8
1790513569578,28.636264,77.322259,13.0,CNG,12.72,22.0,2,942,58.8
1790513570230,28.636264,77.322259,14.0,CNG,14.50,18.0,2,1057,58.8
1790513571408,28.636314,77.322201,14.0,CNG,16.89,16.9,2,1071,23.9
1790513572073,28.636314,77.322201,14.0,CNG,20.01,14.9,2,1038,23.9
1790513572735,28.636338,77.322172,14.0,CNG,20.48,14.9,2,1016,23.9
1790513573901,28.636361,77.322144,14.0,CNG,20.60,14.9,,883,33.3
1790513574567,28.636381,77.322117,10.0,CNG,17.08,14.9,2,775,33.3
1790513575179,28.636381,77.322117,7.0,CNG,15.68,14.9,,785,33.3
1790513576286,28.636406,77.322085,6.0,CNG,14.05,14.9,1,787,36.5
1790513576919,28.636406,77.322085,5.0,CNG,12.32,14.9,,789,36.5
1790513577581,28.636413,77.322075,4.0,CNG,10.34,14.9,,796,36.5
1790513578765,28.636418,77.322067,3.0,CNG,7.27,14.9,,795,38.8
1790513579418,28.636422,77.322062,2.0,CNG,5.22,14.9,,787,38.8
1790513580097,28.636422,77.322062,2.0,CNG,,14.9,,790,38.8
1790513581238,28.636424,77.322057,2.0,CNG,,15.3,,889,27.5
1790513581858,28.636428,77.322050,4.0,CNG,3.46,14.9,,987,27.5
1790513582499,28.636432,77.322042,3.0,CNG,3.99,14.9,,921,27.5
1790513583644,28.636434,77.322040,1.0,CNG,,14.9,,787,25.5
1790513584296,28.636434,77.322040,0.0,CNG,,14.9,,694,25.5
1790513584949,28.636434,77.322040,0.0,CNG,,14.9,,700,25.5
1790513586154,28.636435,77.322040,0.0,CNG,,14.9,,700,27.1
1790513586770,28.636434,77.322040,0.0,CNG,,22.7,,710,27.1
1790513587445,28.636437,77.322039,1.0,CNG,,14.9,,984,27.1
1790513588550,28.636440,77.322035,2.0,CNG,,14.9,,901,30.6
1790513589245,28.636440,77.322035,2.0,CNG,,23.9,,969,30.6
1790513589936,28.636442,77.322032,3.0,CNG,,14.9,,1329,30.6
1790513591038,28.636446,77.322026,3.0,CNG,,20.8,,861,48.2
1790513591672,28.636452,77.322018,6.0,CNG,8.43,19.2,1,802,48.2
1790513592357,28.636462,77.322006,6.0,CNG,8.50,19.2,1,844,48.2
1790513593505,28.636476,77.321992,7.0,CNG,7.20,19.6,1,1019,28.2
1790513594176,28.636476,77.321992,8.0,CNG,9.91,14.9,1,1010,28.2
1790513594839,28.636490,77.321977,6.0,CNG,10.36,14.9,,902,28.2
1790513596030,28.636500,77.321965,6.0,CNG,4.90,27.8,1,715,85.9
1790513596790,28.636511,77.321951,9.0,CNG,6.02,22.4,,859,85.9
1790513597456,28.636527,77.321930,10.0,CNG,9.31,16.9,2,727,85.9
1790513598573,28.636544,77.321911,10.0,CNG,12.63,17.6,2,750,36.5
1790513599227,28.636544,77.321911,10.0,CNG,11.09,14.9,2,720,36.5
1790513599864,28.636562,77.321892,9.0,CNG,11.37,14.9,,796,36.5
1790513601016,28.636577,77.321876,7.0,CNG,11.61,14.9,,790,38.0
1790513601619,28.636587,77.321865,5.0,CNG,6.31,21.2,,793,38.0
1790513602289,28.636596,77.321855,6.0,CNG,6.27,20.0,1,790,38.0
1790513603494,28.636608,77.321842,7.0,CNG,6.60,20.4,1,940,47.1
1790513604151,28.636608,77.321842,8.0,CNG,8.14,18.8,1,1156,47.1
1790513604751,28.636621,77.321826,8.0,CNG,8.05,18.8,1,1149,47.1
1790513605917,28.636637,77.321812,8.0,CNG,8.02,18.0,1,1124,32.2
1790513606577,28.636650,77.321799,7.0,CNG,4.73,24.3,1,954,32.2
1790513607217,28.636650,77.321799,8.0,CNG,5.20,22.0,1,1057,32.2
1790513608346,28.636682,77.321761,10.0,CNG,6.48,21.2,2,734,51.8
1790513608976,28.636682,77.321761,11.0,CNG,9.48,20.0,2,830,51.8
1790513609608,28.636701,77.321738,12.0,CNG,11.19,20.0,2,871,51.8
1790513610769,28.636720,77.321712,12.0,CNG,12.56,19.6,2,892,28.2
1790513611445,28.636739,77.321687,12.0,CNG,17.48,14.9,2,888,28.2
1790513612087,28.636739,77.321687,10.0,CNG,20.10,14.9,2,729,28.2
1790513613254,28.636755,77.321666,7.0,CNG,17.98,14.9,,716,70.6
1790513613954,28.636765,77.321651,8.0,CNG,22.36,14.9,1,963,70.6
1790513614582,28.636776,77.321635,8.0,CNG,18.91,18.4,,731,70.6
1790513615723,28.636787,77.321617,8.0,CNG,21.83,22.4,,757,60.0
1790513616386,28.636799,77.321597,8.0,CNG,16.75,14.9,,1243,60.0
1790513617081,28.636799,77.321597,8.0,CNG,14.70,14.9,1,944,60.0
1790513618200,28.636811,77.321577,8.0,CNG,9.10,23.1,1,937,53.3
1790513618870,28.636824,77.321558,9.0,CNG,7.30,22.4,,1330,53.3
1790513619484,28.636843,77.321539,11.0,CNG,7.96,21.2,2,757,53.3
1790513620686,28.636865,77.321517,12.0,CNG,9.11,21.2,2,886,47.1
1790513621317,28.636889,77.321491,13.0,CNG,10.95,20.8,2,1007,47.1
1790513621989,28.636889,77.321491,14.0,CNG,11.81,21.2,2,1045,47.1
1790513623101,28.636914,77.321462,15.0,CNG,11.52,20.8,2,1091,46.3
1790513623735,28.636941,77.321430,16.0,CNG,12.59,20.4,2,1146,46.3
1790513624420,28.636968,77.321397,16.0,CNG,13.04,20.4,2,1183,46.3
1790513625541,28.636996,77.321363,16.0,CNG,13.24,20.4,2,1195,42.7
1790513626178,28.636996,77.321363,17.0,CNG,13.60,20.4,2,1251,42.7
1790513626859,28.637024,77.321328,17.0,CNG,13.91,18.8,2,1274,42.7
1790513628040,28.637054,77.321293,17.0,CNG,15.46,14.9,2,1252,28.2
1790513628688,28.637082,77.321258,15.0,CNG,16.47,14.9,2,990,28.2
1790513629331,28.637104,77.321227,13.0,CNG,18.49,14.9,,818,28.2
1790513630566,28.637123,77.321202,12.0,CNG,20.51,14.9,,761,23.1
1790513631179,28.637123,77.321202,11.0,CNG,17.60,18.4,2,728,23.1
1790513631850,28.637142,77.321179,11.0,CNG,22.64,17.3,2,871,23.1
1790513632952,28.637161,77.321158,11.0,CNG,21.70,14.9,2,796,22.0
1790513633586,28.637179,77.321140,10.0,CNG,26.07,14.9,2,731,22.0
1790513634263,28.637179,77.321140,9.0,CNG,29.23,14.9,2,707,22.0
1790513635429,28.637212,77.321112,7.0,CNG,32.69,14.9,,710,24.3
1790513636021,28.637212,77.321112,5.0,CNG,35.05,14.9,,700,24.3
1790513636679,28.637221,77.321103,5.0,CNG,25.83,14.9,,679,24.3
1790513637768,28.637228,77.321095,4.0,CNG,16.70,14.9,,697,26.3
1790513638401,28.637235,77.321087,4.0,CNG,5.92,24.3,,754,26.3
1790513639013,28.637235,77.321087,5.0,CNG,6.37,14.9,,1165,26.3
1790513640227,28.637243,77.321076,5.0,CNG,7.42,14.9,,845,22.7
1790513640835,28.637251,77.321067,4.0,CNG,9.00,14.9,,785,22.7
1790513641494,28.637258,77.321060,4.0,CNG,8.35,25.1,,715,22.7
1790513642765,28.637264,77.321053,4.0,CNG,13.48,14.9,,896,22.4
1790513643401,28.637271,77.321044,5.0,CNG,10.94,14.9,1,706,22.4
1790513644026,28.637271,77.321044,3.0,CNG,8.82,14.9,,708,22.4
1790513645213,28.637276,77.321039,3.0,CNG,7.81,15.3,,690,42.7
1790513645815,28.637281,77.321033,4.0,CNG,6.61,14.9,,686,42.7
1790513646507,28.637288,77.321025,5.0,CNG,9.50,14.9,,642,42.7
1790513647678,28.637296,77.321017,4.0,CNG,7.32,14.9,,688,56.1
1790513648403,28.637305,77.321010,5.0,CNG,7.89,20.4,,778,56.1
1790513649026,28.637305,77.321010,6.0,CNG,4.69,22.7,1,831,56.1
1790513650184,28.637316,77.321001,8.0,CNG,5.48,21.6,1,1139,51.4
1790513650826,28.637333,77.320986,10.0,CNG,5.94,21.6,1,1384,51.4
1790513651454,28.637353,77.320970,11.0,CNG,6.31,21.6,1,1530,51.4
1790513652697,28.637376,77.320950,12.0,CNG,6.61,14.9,1,1691,29.4
1790513653372,28.637400,77.320927,12.0,CNG,7.35,21.2,,1109,29.4
1790513653977,28.637400,77.320927,14.0,CNG,9.64,21.2,2,996,29.4
1790513655103,28.637427,77.320901,14.0,CNG,11.17,21.2,2,1051,42.0
1790513655743,28.637454,77.320872,15.0,CNG,12.11,21.2,2,1168,42.0
1790513656381,28.637482,77.320841,16.0,CNG,13.50,21.2,2,1192,42.0
1790513657555,28.637513,77.320808,16.0,CNG,14.65,21.2,2,1239,36.1
1790513658235,28.637513,77.320808,18.0,CNG,14.59,21.2,2,1319,36.1
1790513658895,28.637545,77.320773,18.0,CNG,14.68,21.2,2,1365,36.1
1790513660053,28.637580,77.320735,19.0,CNG,14.97,21.2,2,1403,32.2
1790513660731,28.637617,77.320700,20.0,CNG,15.36,21.2,2,1483,32.2
1790513661387,28.637654,77.320657,20.0,CNG,15.38,21.2,2,1521,32.2
1790513662482,28.637695,77.320615,21.0,CNG,16.25,21.6,2,1556,30.6
1790513663172,28.637695,77.320615,22.0,CNG,15.71,22.0,2,1628,30.6
1790513663814,28.637734,77.320571,23.0,CNG,15.81,22.7,2,1700,30.6
1790513664983,28.637774,77.320524,23.0,CNG,14.98,22.7,2,1757,33.7
1790513665629,28.637818,77.320477,25.0,CNG,15.35,22.7,2,1853,33.7
1790513666299,28.637864,77.320428,25.0,CNG,15.73,22.7,2,1892,33.7
1790513667408,28.637912,77.320376,26.0,CNG,15.75,22.7,2,1930,30.6
1790513668048,28.637912,77.320376,27.0,CNG,19.40,14.9,2,1989,30.6
1790513668660,28.637958,77.320321,27.0,CNG,17.56,22.4,3,1348,30.6
1790513669791,28.638004,77.320265,27.0,CNG,18.30,22.4,3,1386,40.0
1790513670402,28.638054,77.320209,28.0,CNG,19.20,21.2,3,1432,40.0
1790513671065,28.638054,77.320209,29.0,CNG,19.54,20.0,3,1463,40.0
1790513672205,28.638102,77.320150,29.0,CNG,21.16,14.9,3,1480,39.2
1790513672858,28.638151,77.320091,26.0,CNG,26.30,14.9,4,1060,39.2
1790513673472,28.638194,77.320043,23.0,CNG,26.96,14.9,4,977,39.2
1790513674674,28.638227,77.320002,21.0,CNG,26.65,14.9,4,859,36.9
1790513675314,28.638253,77.319967,16.0,CNG,24.38,14.9,3,804,36.9
1790513675986,28.638253,77.319967,15.0,CNG,15.66,22.0,3,820,36.9
1790513677094,28.638279,77.319929,15.0,CNG,14.04,20.8,2,1100,45.5
1790513677784,28.638299,77.319896,16.0,CNG,13.69,20.0,2,1179,45.5
1790513678423,28.638326,77.319860,16.0,CNG,13.82,20.0,2,1203,45.5
1790513679612,28.638356,77.319828,16.0,CNG,12.63,22.4,2,1213,40.0
1790513680213,28.638356,77.319828,18.0,CNG,13.16,21.6,2,1296,40.0
1790513680841,28.638386,77.319792,18.0,CNG,13.81,21.6,2,1351,40.0
1790513681977,28.638417,77.319753,19.0,CNG,14.21,21.6,2,1400,33.7
1790513682681,28.638450,77.319711,20.0,CNG,14.25,21.6,2,1485,33.7
1790513683290,28.638483,77.319666,21.0,CNG,14.53,21.6,2,1537,33.7
1790513684454,28.638514,77.319616,21.0,CNG,15.34,22.0,2,1563,33.3
1790513685135,28.638514,77.319616,22.0,CNG,14.70,22.4,2,1656,33.3
1790513685819,28.638549,77.319565,23.0,CNG,15.19,22.4,2,1710,33.3
1790513687001,28.638587,77.319513,24.0,CNG,15.06,22.4,2,1764,31.4
1790513687644,28.638622,77.319457,25.0,CNG,15.52,22.4,2,1846,31.4
1790513688303,28.638659,77.319397,25.0,CNG,15.53,22.4,2,1894,31.4
1790513689470,28.638698,77.319335,26.0,CNG,16.26,22.4,2,1915,29.0
1790513690128,28.638698,77.319335,26.0,CNG,19.84,17.3,2,1814,29.0
1790513690804,28.638736,77.319275,26.0,CNG,21.08,20.8,3,1333,29.0
1790513691967,28.638773,77.319215,27.0,CNG,22.43,20.4,3,1361,29.0
1790513692661,28.638816,77.319157,27.0,CNG,22.01,21.2,3,1390,29.0
1790513693329,28.638863,77.319091,28.0,CNG,22.13,21.2,3,1412,29.0
1790513694506,28.638905,77.319031,28.0,CNG,22.05,21.2,3,1425,31.4
1790513695175,28.638905,77.319031,29.0,CNG,22.65,21.2,3,1461,31.4
1790513695820,28.638947,77.318969,29.0,CNG,21.03,21.2,3,1485,31.4
1790513696991,28.638990,77.318905,29.0,CNG,20.02,21.2,3,1493,38.8
1790513697624,28.639032,77.318837,30.0,CNG,20.02,21.6,3,1534,38.8
1790513698267,28.639032,77.318837,30.0,CNG,20.17,21.6,3,1526,38.8
1790513699405,28.639117,77.318701,30.0,CNG,20.25,21.6,3,1538,38.4
1790513700080,28.639117,77.318701,31.0,CNG,19.58,21.6,3,1571,38.4
1790513700715,28.639161,77.318631,31.0,CNG,19.39,21.6,3,1589,38.4
1790513701841,28.639205,77.318561,32.0,CNG,19.73,21.6,3,1613,31.8
1790513702501,28.639252,77.318488,32.0,CNG,21.36,17.3,3,1631,31.8
1790513703139,28.639252,77.318488,32.0,CNG,28.78,14.9,4,1383,31.8
1790513704338,28.639349,77.318349,32.0,CNG,41.26,14.9,,803,22.4
1790513704965,28.639349,77.318349,27.0,CNG,49.84,14.9,5,719,22.4
1790513705648,28.639388,77.318294,23.0,CNG,49.89,14.9,5,718,22.4
1790513706762,28.639419,77.318253,19.0,CNG,53.46,14.9,4,718,23.1
1790513707435,28.639453,77.318212,19.0,CNG,50.83,20.4,4,722,23.1
1790513708043,28.639453,77.318212,18.0,CNG,24.84,22.7,,1099,23.1
1790513709217,28.639488,77.318173,19.0,CNG,18.47,22.7,2,1376,41.6
1790513709824,28.639518,77.318136,20.0,CNG,15.52,22.4,2,1499,41.6
1790513710519,28.639549,77.318090,21.0,CNG,15.99,21.2,2,1559,41.6
1790513711739,28.639582,77.318045,22.0,CNG,18.91,14.9,2,1586,24.3
1790513712389,28.639618,77.318002,21.0,CNG,15.80,22.7,2,1564,24.3
1790513712994,28.639618,77.318002,22.0,CNG,14.88,22.4,2,1625,24.3
1790513714117,28.639654,77.317954,23.0,CNG,15.56,21.2,2,1680,26.7
1790513714721,28.639694,77.317908,23.0,CNG,17.85,20.8,2,1721,26.7
1790513715354,28.639733,77.317860,23.0,CNG,18.14,20.8,2,1735,26.7
1790513716595,28.639772,77.317811,23.0,CNG,18.94,20.4,2,1740,22.4
1790513717257,28.639772,77.317811,24.0,CNG,20.78,20.4,2,1784,22.4
1790513717947,28.639811,77.317761,24.0,CNG,23.66,19.2,2,1791,22.4
1790513719103,28.639848,77.317711,24.0,CNG,23.36,20.4,2,1776,26.3
1790513719793,28.639888,77.317663,24.0,CNG,21.42,14.9,2,1787,26.3
1790513720475,28.639932,77.317622,24.0,CNG,26.23,14.9,,1541,26.3
1790513721660,28.639976,77.317573,24.0,CNG,19.66,22.4,3,1182,54.1
1790513722327,28.640015,77.317521,25.0,CNG,19.92,18.8,3,1274,54.1
1790513722936,28.640015,77.317521,25.0,CNG,25.03,14.9,3,1252,54.1
1790513724160,28.640055,77.317469,24.0,CNG,27.10,14.9,3,1222,23.1
1790513724784,28.640088,77.317421,19.0,CNG,28.52,17.6,3,1017,23.1
1790513725422,28.640119,77.317379,19.0,CNG,20.31,22.7,3,1006,23.1
1790513726606,28.640151,77.317338,20.0,CNG,16.51,17.6,3,1016,38.4
1790513727330,28.640184,77.317297,20.0,CNG,15.43,23.9,3,1026,38.4
1790513727963,28.640184,77.317297,21.0,CNG,22.75,14.9,3,1076,38.4
1790513729157,28.640217,77.317256,20.0,CNG,13.50,25.1,3,984,46.7
1790513729908,28.640248,77.317212,21.0,CNG,12.18,24.7,2,1596,46.7
1790513730583,28.640283,77.317162,23.0,CNG,12.26,23.9,2,1698,46.7
1790513731805,28.640322,77.317107,24.0,CNG,13.19,23.1,2,1782,31.8
1790513732439,28.640359,77.317050,26.0,CNG,14.50,22.4,2,1928,31.8
1790513733121,28.640359,77.317050,26.0,CNG,15.70,20.8,2,1961,31.8
1790513734270,28.640444,77.316931,27.0,CNG,17.82,14.9,2,1984,20.8
1790513734906,28.640444,77.316931,26.0,CNG,16.95,22.7,3,1328,20.8
1790513735560,28.640490,77.316877,27.0,CNG,16.82,22.7,3,1374,20.8
1790513736683,28.640535,77.316820,28.0,CNG,19.97,20.8,3,1416,29.4
1790513737322,28.640580,77.316760,28.0,CNG,21.44,20.8,3,1448,29.4
1790513737928,28.640580,77.316760,28.0,CNG,22.48,20.8,3,1445,29.4
1790513739156,28.640626,77.316697,29.0,CNG,24.52,20.0,3,1467,23.9
1790513739826,28.640673,77.316634,28.0,CNG,27.57,20.0,3,1472,23.9
1790513740479,28.640720,77.316576,29.0,CNG,29.49,20.0,3,1481,23.9
1790513741653,28.640773,77.316518,29.0,CNG,31.29,20.0,3,1468,23.1
1790513742341,28.640819,77.316458,29.0,CNG,32.39,20.0,3,1478,23.1
1790513742977,28.640819,77.316458,29.0,CNG,32.82,20.4,3,1467,23.1
1790513744163,28.640865,77.316397,29.0,CNG,29.90,20.4,3,1464,25.5
1790513744794,28.640911,77.316334,29.0,CNG,26.41,20.4,3,1495,25.5
1790513745433,28.640955,77.316270,29.0,CNG,23.70,20.4,3,1489,25.5
1790513746570,28.640998,77.316199,29.0,CNG,23.22,22.0,3,1489,74.5
1790513747278,28.641041,77.316129,31.0,CNG,15.31,39.2,3,1558,74.5
1790513748004,28.641041,77.316129,33.0,CNG,21.24,14.9,3,1673,74.5
1790513749160,28.641076,77.316049,31.0,CNG,25.77,14.9,,1054,29.8
1790513749787,28.641097,77.315976,26.0,CNG,27.73,14.9,4,974,29.8
1790513750440,28.641103,77.315913,22.0,CNG,31.31,14.9,4,849,29.8
1790513751591,28.641088,77.315860,21.0,CNG,33.44,14.9,4,763,22.4
1790513752229,28.641072,77.315818,16.0,CNG,13.12,27.1,3,758,22.4
1790513752974,28.641072,77.315818,17.0,CNG,11.48,24.7,2,1240,22.4
1790513754142,28.641045,77.315781,17.0,CNG,12.41,14.9,2,1295,23.5
1790513754768,28.641016,77.315749,16.0,CNG,15.74,14.9,3,805,23.5
1790513755437,28.640989,77.315720,15.0,CNG,20.45,28.2,3,729,23.5
1790513756690,28.640954,77.315707,15.0,CNG,11.72,27.5,,1384,72.2
1790513757348,28.640914,77.315686,19.0,CNG,10.66,25.9,2,1371,72.2
1790513757974,28.640914,77.315686,21.0,CNG,9.56,27.5,2,1536,72.2
1790513759161,28.640867,77.315664,22.0,CNG,8.94,27.5,2,1634,22.4
1790513759803,28.640813,77.315639,23.0,CNG,8.73,28.2,3,1186,22.4
1790513760493,28.640760,77.315623,24.0,CNG,9.93,25.1,3,1331,22.4
1790513761731,28.640699,77.315596,24.0,CNG,14.87,27.1,3,1242,58.8
1790513762431,28.640643,77.315572,25.0,CNG,12.86,27.5,3,1256,58.8
1790513763046,28.640643,77.315572,26.0,CNG,12.17,27.1,3,1330,58.8
1790513764256,28.640580,77.315545,27.0,CNG,12.24,25.9,3,1377,52.2
1790513764942,28.640518,77.315515,29.0,CNG,15.75,14.9,3,1468,52.2
1790513765620,28.640452,77.315484,28.0,CNG,17.60,23.5,3,1457,52.2
1790513766764,28.640387,77.315455,28.0,CNG,17.72,23.5,3,1454,52.5
1790513767436,28.640321,77.315426,30.0,CNG,15.32,24.3,3,1511,52.5
1790513768095,28.640321,77.315426,30.0,CNG,14.74,24.3,3,1562,52.5
1790513769225,28.640249,77.315397,32.0,CNG,14.52,24.3,3,1590,53.3
1790513769864,28.640177,77.315368,33.0,CNG,14.17,24.7,3,1684,53.3
1790513770535,28.640097,77.315340,34.0,CNG,13.79,25.1,3,1737,53.3
1790513771786,28.640012,77.315309,35.0,CNG,13.92,25.1,3,1764,26.3
1790513772465,28.639928,77.315276,35.0,CNG,15.90,25.5,5,1057,26.3
1790513773075,28.639928,77.315276,36.0,CNG,16.50,25.5,4,1371,26.3
1790513774233,28.639843,77.315246,37.0,CNG,17.01,25.1,4,1422,53.3
1790513774842,28.639753,77.315214,38.0,CNG,17.85,25.1,4,1486,53.3
1790513775459,28.639661,77.315186,39.0,CNG,18.63,25.1,4,1519,53.3
1790513776642,28.639567,77.315152,40.0,CNG,24.80,25.1,4,1541,48.6
1790513777280,28.639467,77.315119,41.0,CNG,22.48,25.1,4,1577,48.6
1790513777961,28.639467,77.315119,42.0,CNG,21.75,25.1,4,1621,48.6
1790513779091,28.639372,77.315083,42.0,CNG,21.27,24.7,4,1641,45.1
1790513779768,28.639272,77.315050,44.0,CNG,21.52,14.9,4,1697,45.1
1790513780438,28.639168,77.315013,44.0,CNG,29.90,20.0,5,1479,45.1
1790513781608,28.639062,77.314980,44.0,CNG,27.95,23.9,5,1342,52.5
1790513782345,28.638959,77.314944,44.0,CNG,26.37,23.9,5,1296,52.5
1790513782954,28.638959,77.314944,43.0,CNG,25.93,24.3,5,1291,52.5
1790513784145,28.638856,77.314912,43.0,CNG,25.88,24.3,5,1296,56.1
1790513784823,28.638748,77.314875,43.0,CNG,25.27,24.7,5,1289,56.1
1790513785491,28.638647,77.314839,43.0,CNG,23.70,24.7,5,1289,56.1
1790513786623,28.638544,77.314805,43.0,CNG,23.43,25.1,5,1301,59.6
1790513787391,28.638443,77.314772,44.0,CNG,22.20,25.5,5,1286,59.6
1790513788049,28.638443,77.314772,43.0,CNG,21.86,25.5,5,1289,59.6
1790513789242,28.638339,77.314735,43.0,CNG,21.36,25.5,5,1293,62.0
1790513789881,28.638232,77.314707,44.0,CNG,21.17,25.5,5,1297,62.0
1790513790551,28.638125,77.314675,44.0,CNG,17.43,45.1,5,1311,62.0
1790513791683,28.638018,77.314646,45.0,CNG,16.14,52.5,5,1318,96.1
1790513792472,28.637910,77.314621,46.0,CNG,15.12,52.5,5,1352,96.1
1790513793152,28.637910,77.314621,46.0,CNG,15.03,79.6,5,1384,96.1
1790513794286,28.637682,77.314585,47.0,CNG,17.61,71.8,5,1403,35.3
1790513794949,28.637682,77.314585,47.0,CNG,13.87,46.3,5,1579,35.3
1790513795609,28.637569,77.314572,47.0,CNG,7.52,67.1,3,2258,35.3
1790513796745,28.637451,77.314557,48.0,CNG,6.59,72.9,4,1877,34.5
1790513797431,28.637331,77.314548,48.0,CNG,6.92,57.3,4,1849,34.5
1790513798042,28.637331,77.314548,50.0,CNG,5.88,68.2,3,2574,34.5
1790513799182,28.637204,77.314543,52.0,CNG,5.79,73.3,3,2660,90.6
1790513799801,28.637068,77.314536,57.0,CNG,6.24,58.8,3,2906,90.6
1790513800538,28.636928,77.314533,58.0,CNG,9.66,14.9,3,3299,90.6
1790513801687,28.636785,77.314537,57.0,CNG,9.13,36.5,3,2748,71.8
1790513802431,28.636638,77.314544,61.0,CNG,10.10,34.1,4,2355,71.8
1790513803223,28.636638,77.314544,62.0,CNG,15.32,14.9,4,2370,71.8
1790513804402,28.636338,77.314578,60.0,CNG,22.84,14.9,5,1689,22.0
1790513805122,28.636338,77.314578,54.0,CNG,34.19,14.9,,810,22.0
1790513805801,28.636204,77.314603,51.0,CNG,46.41,14.9,,722,22.0
1790513806887,28.636083,77.314627,48.0,CNG,55.38,14.9,,654,30.6
1790513807551,28.635972,77.314646,46.0,CNG,64.74,14.9,,678,30.6
1790513808286,28.635859,77.314668,45.0,CNG,88.90,14.9,,678,30.6
1790513809796,28.635752,77.314691,44.0,CNG,96.38,14.9,,679,24.7
1790513810694,28.635647,77.314710,45.0,CNG,112.31,14.9,,689,24.7
1790513811501,28.635534,77.314732,45.0,CNG,51.56,22.0,,700,24.7
1790513813052,28.635423,77.314757,46.0,CNG,53.68,18.4,5,1363,20.4
1790513813914,28.635306,77.314783,47.0,CNG,55.04,14.9,5,1400,20.4
1790513814793,28.635191,77.314809,47.0,CNG,56.42,14.9,5,1403,20.4
1790513816284,28.634956,77.314863,48.0,CNG,47.58,18.8,5,1381,22.4
1790513817145,28.634956,77.314863,48.0,CNG,55.05,16.5,5,1440,22.4
1790513817861,28.634842,77.314900,48.0,CNG,44.03,14.9,5,1467,22.4
1790513819068,28.634727,77.314941,49.0,CNG,50.22,14.9,,1192,30.2
1790513819720,28.634615,77.314980,45.0,CNG,53.72,14.9,,994,30.2
1790513820358,28.634517,77.315017,41.0,CNG,57.73,14.9,,863,30.2
1790513821514,28.634428,77.315050,40.0,CNG,54.57,14.9,,796,27.1
1790513822147,28.634428,77.315050,37.0,CNG,61.21,14.9,,769,27.1
1790513822795,28.634344,77.315090,37.0,CNG,36.38,21.6,,755,27.1
1790513823905,28.634253,77.315127,38.0,CNG,55.04,14.9,5,1083,23.9
1790513824572,28.634168,77.315163,39.0,CNG,39.15,21.2,,932,23.9
1790513825203,28.634168,77.315163,40.0,CNG,37.17,21.2,4,1386,23.9
1790513826349,28.633974,77.315237,40.0,CNG,34.50,21.2,3,1859,20.4
1790513826988,28.633974,77.315237,41.0,CNG,38.01,30.6,3,2070,20.4
1790513827763,28.633876,77.315276,42.0,CNG,19.95,27.8,3,2319,20.4
1790513828923,28.633773,77.315315,44.0,CNG,24.23,30.2,3,2218,20.8
1790513829602,28.633675,77.315354,42.0,CNG,29.92,14.9,4,1727,20.8
1790513830233,28.633675,77.315354,36.0,CNG,38.50,14.9,5,1040,20.8
1790513831394,28.633523,77.315418,32.0,CNG,45.91,14.9,,803,22.0
1790513832013,28.633523,77.315418,30.0,CNG,50.30,16.5,5,923,22.0
1790513832649,28.633452,77.315443,31.0,CNG,52.42,14.9,5,899,22.0
1790513833766,28.633380,77.315471,30.0,CNG,57.64,14.9,5,891,22.7
1790513834451,28.633308,77.315503,31.0,CNG,67.58,14.9,,706,22.7
1790513835096,28.633308,77.315503,31.0,CNG,81.45,14.9,,688,22.7
1790513836254,28.633241,77.315531,29.0,CNG,90.89,14.9,,672,25.5
1790513836877,28.633174,77.315554,29.0,CNG,105.50,14.9,,696,25.5
1790513837518,28.633106,77.315584,28.0,CNG,92.51,14.9,,725,25.5
1790513838671,28.633056,77.315604,22.0,CNG,55.45,14.9,5,720,35.3
1790513839332,28.633011,77.315624,19.0,CNG,41.05,14.9,4,774,35.3
1790513839971,28.633011,77.315624,19.0,CNG,37.32,14.9,4,783,35.3
1790513841132,28.632963,77.315643,19.0,CNG,16.64,24.7,4,788,58.8
1790513841741,28.632915,77.315663,19.0,CNG,12.72,23.1,2,1420,58.8
1790513842376,28.632866,77.315682,20.0,CNG,12.43,23.1,2,1486,58.8
1790513843504,28.632813,77.315702,21.0,CNG,11.19,23.5,2,1530,49.4
1790513844169,28.632813,77.315702,23.0,CNG,10.62,23.5,2,1716,49.4
1790513844827,28.632760,77.315726,24.0,CNG,11.48,23.5,2,1791,49.4
1790513846074,28.632704,77.315750,25.0,CNG,11.93,23.5,2,1875,25.1
1790513846690,28.632642,77.315778,26.0,CNG,10.28,27.5,3,1389,25.1
1790513847493,28.632578,77.315802,27.0,CNG,11.18,25.9,3,1444,25.1
1790513848668,28.632512,77.315831,28.0,CNG,12.40,25.1,3,1445,47.5
1790513849359,28.632444,77.315861,30.0,CNG,14.68,14.9,3,1542,47.5
1790513850026,28.632444,77.315861,31.0,CNG,16.00,22.4,3,1577,47.5
1790513851195,28.632371,77.315890,31.0,CNG,18.81,21.6,3,1581,29.8
1790513851885,28.632298,77.315921,32.0,CNG,21.74,21.2,3,1632,29.8
1790513852558,28.632223,77.315953,32.0,CNG,24.75,20.8,3,1651,29.8
1790513853738,28.632149,77.315985,32.0,CNG,29.13,14.9,3,1662,22.4
1790513854394,28.632073,77.316015,32.0,CNG,26.72,20.8,4,1314,22.4
1790513854992,28.632073,77.316015,32.0,CNG,31.31,20.4,4,1274,22.4
1790513856192,28.631996,77.316044,32.0,CNG,35.42,19.6,4,1242,23.9
1790513856845,28.631921,77.316073,32.0,CNG,41.40,18.4,4,1238,23.9
1790513857470,28.631845,77.316104,32.0,CNG,44.50,18.4,4,1263,23.9
1790513858712,28.631772,77.316135,32.0,CNG,44.25,18.8,4,1234,27.8
1790513859398,28.631696,77.316163,32.0,CNG,47.23,14.9,4,1246,27.8
1790513860063,28.631696,77.316163,31.0,CNG,47.05,14.9,4,1207,27.8
1790513861219,28.631624,77.316200,31.0,CNG,44.46,14.9,4,1204,22.0
1790513861856,28.631557,77.316224,29.0,CNG,47.06,14.9,4,1149,22.0
1790513862523,28.631495,77.316245,28.0,CNG,50.46,14.9,4,1104,22.0
1790513863711,28.631431,77.316276,27.0,CNG,53.50,16.1,4,1074,23.5
1790513864406,28.631371,77.316310,26.0,CNG,41.70,16.9,4,1015,23.5
1790513865042,28.631371,77.316310,25.0,CNG,36.23,18.0,4,998,23.5
1790513866181,28.631312,77.316333,25.0,CNG,30.79,19.2,4,992,42.7
1790513866782,28.631255,77.316357,25.0,CNG,21.50,21.2,4,971,42.7
1790513867452,28.631198,77.316381,25.0,CNG,23.65,19.2,4,974,42.7
1790513868612,28.631138,77.316406,25.0,CNG,26.55,19.2,4,992,41.6
1790513869279,28.631075,77.316435,25.0,CNG,40.31,14.9,4,978,41.6
1790513869891,28.631075,77.316435,25.0,CNG,26.03,22.4,4,867,41.6
1790513871062,28.631021,77.316465,25.0,CNG,21.10,22.4,3,1304,39.6
1790513871720,28.630959,77.316492,27.0,CNG,22.75,20.4,3,1365,39.6
1790513872366,28.630896,77.316521,27.0,CNG,24.06,20.0,3,1372,39.6
1790513873544,28.630834,77.316551,27.0,CNG,28.86,14.9,3,1380,29.8
1790513874177,28.630834,77.316551,27.0,CNG,32.05,20.8,3,1385,29.8
1790513874834,28.630771,77.316578,27.0,CNG,31.47,14.9,3,1398,29.8
1790513876063,28.630712,77.316602,26.0,CNG,34.50,14.9,3,1190,22.0
1790513876749,28.630658,77.316633,24.0,CNG,47.13,14.9,5,731,22.0
1790513877438,28.630604,77.316663,22.0,CNG,53.33,14.9,,699,22.0
1790513878595,28.630555,77.316693,21.0,CNG,48.45,14.9,,644,27.8
1790513879259,28.630555,77.316693,20.0,CNG,47.19,14.9,,691,27.8
1790513879931,28.630519,77.316730,19.0,CNG,48.34,14.9,,698,27.8
1790513881052,28.630492,77.316777,18.0,CNG,43.70,14.9,,699,24.3
1790513881695,28.630477,77.316821,16.0,CNG,38.34,14.9,4,703,24.3
1790513882320,28.630468,77.316863,14.0,CNG,34.23,14.9,3,708,24.3
1790513883448,28.630470,77.316899,14.0,CNG,30.84,14.9,3,705,23.5
1790513884089,28.630470,77.316899,14.0,CNG,37.77,14.9,3,712,23.5
1790513884705,28.630476,77.316938,13.0,CNG,21.19,21.2,,823,23.5
1790513885864,28.630487,77.316973,14.0,CNG,16.54,21.2,2,1004,39.2
1790513886525,28.630502,77.317011,15.0,CNG,15.25,20.4,2,1111,39.2
1790513887192,28.630502,77.317011,16.0,CNG,14.35,20.4,2,1157,39.2
1790513888319,28.630532,77.317094,16.0,CNG,14.68,20.0,2,1188,37.6
1790513888955,28.630532,77.317094,17.0,CNG,15.00,19.6,2,1231,37.6
1790513889581,28.630548,77.317136,17.0,CNG,15.22,19.6,2,1237,37.6
1790513890768,28.630563,77.317180,17.0,CNG,16.23,19.6,2,1255,34.1
1790513891374,28.630577,77.317226,17.0,CNG,17.35,14.9,2,1259,34.1
1790513892028,28.630577,77.317226,17.0,CNG,18.07,14.9,2,1232,34.1
1790513893194,28.630592,77.317271,16.0,CNG,19.66,14.9,2,1214,22.0
1790513893830,28.630606,77.317313,15.0,CNG,21.62,14.9,2,1165,22.0
1790513894438,28.630620,77.317352,15.0,CNG,24.28,14.9,2,1107,22.0
1790513895675,28.630632,77.317390,14.0,CNG,25.96,14.9,2,1076,23.1
1790513896332,28.630639,77.317427,13.0,CNG,23.85,14.9,2,980,23.1
1790513896971,28.630639,77.317427,13.0,CNG,22.91,14.9,2,979,23.1
1790513898155,28.630645,77.317465,12.0,CNG,22.91,14.9,2,927,22.7
1790513898842,28.630649,77.317499,12.0,CNG,27.16,14.9,2,874,22.7
1790513899441,28.630652,77.317533,11.0,CNG,26.60,14.9,2,842,22.7
1790513900566,28.630655,77.317566,11.0,CNG,26.67,14.9,2,833,22.0
1790513901219,28.630655,77.317566,11.0,CNG,23.60,14.9,2,805,22.0
1790513901895,28.630655,77.317597,10.0,CNG,21.84,14.9,2,760,22.0
1790513903000,28.630654,77.317627,10.0,CNG,23.68,20.4,2,734,43.5
1790513903675,28.630654,77.317653,10.0,CNG,16.17,20.4,2,742,43.5
1790513904290,28.630650,77.317681,11.0,CNG,21.51,15.3,2,773,43.5
1790513905508,28.630644,77.317708,10.0,CNG,23.95,14.9,2,769,23.5
1790513906199,28.630644,77.317708,8.0,CNG,18.14,14.9,,884,23.5
1790513906853,28.630637,77.317728,7.0,CNG,16.35,16.9,1,982,23.5
1790513908029,28.630628,77.317743,7.0,CNG,15.06,16.9,1,958,22.0
1790513908687,28.630620,77.317757,6.0,CNG,14.12,19.6,,913,22.0
1790513909327,28.630610,77.317771,6.0,CNG,11.53,19.6,,896,22.0
1790513910422,28.630598,77.317786,7.0,CNG,10.45,19.6,1,944,40.4
1790513911044,28.630598,77.317786,7.0,CNG,8.37,20.0,,1045,40.4
1790513911683,28.630585,77.317800,8.0,CNG,7.33,14.9,1,1111,40.4
1790513912801,28.630569,77.317818,8.0,CNG,8.52,25.5,1,1077,88.6
1790513913597,28.630552,77.317838,11.0,CNG,7.59,23.5,2,808,88.6
1790513914262,28.630552,77.317838,13.0,CNG,7.72,22.4,2,975,88.6
1790513915447,28.630504,77.317894,15.0,CNG,8.21,22.0,2,1099,59.2
1790513916097,28.630504,77.317894,17.0,CNG,9.10,22.0,2,1243,59.2
1790513916736,28.630474,77.317929,18.0,CNG,10.50,22.0,2,1294,59.2
1790513917840,28.630438,77.317971,19.0,CNG,11.76,22.0,2,1369,38.0
1790513918480,28.630404,77.318008,20.0,CNG,13.58,21.2,2,1460,38.0
1790513919094,28.630404,77.318008,20.0,CNG,15.11,21.2,2,1511,38.0
1790513920282,28.630327,77.318084,21.0,CNG,16.29,21.2,2,1546,27.8
1790513920902,28.630327,77.318084,21.0,CNG,17.27,20.8,2,1600,27.8
1790513921538,28.630280,77.318120,22.0,CNG,17.40,20.8,2,1642,27.8
1790513922740,28.630236,77.318152,22.0,CNG,17.64,20.8,2,1666,26.3
1790513923375,28.630184,77.318179,23.0,CNG,18.13,20.8,2,1685,26.3
1790513924032,28.630184,77.318179,23.0,CNG,18.69,20.8,2,1714,26.3
1790513925160,28.630131,77.318210,23.0,CNG,18.50,20.8,2,1732,24.7
1790513925815,28.630076,77.318237,24.0,CNG,18.81,20.8,2,1771,24.7
1790513926482,28.630025,77.318249,24.0,CNG,20.00,20.8,2,1787,24.7
1790513927617,28.629962,77.318268,25.0,CNG,19.84,20.8,2,1829,23.1
1790513928258,28.629962,77.318268,25.0,CNG,19.61,21.2,2,1867,23.1
1790513928864,28.629908,77.318293,25.0,CNG,20.30,20.4,2,1866,23.1
1790513930022,28.629850,77.318311,26.0,CNG,23.69,14.9,2,1742,45.5
1790513930669,28.629798,77.318329,25.0,CNG,32.61,14.9,3,1250,45.5
1790513931298,28.629733,77.318350,24.0,CNG,36.36,14.9,5,793,45.5
1790513932454,28.629689,77.318363,21.0,CNG,46.40,14.9,4,738,33.7
1790513933132,28.629689,77.318363,20.0,CNG,30.45,20.0,2,1381,33.7
1790513933750,28.629641,77.318373,20.0,CNG,22.35,19.6,2,1498,33.7
1790513934864,28.629596,77.318398,20.0,CNG,20.78,19.2,2,1469,23.9
1790513935466,28.629549,77.318418,19.0,CNG,21.31,26.3,2,1326,23.9
1790513936301,28.629509,77.318436,17.0,CNG,10.97,22.4,1,2429,23.9
1790513937466,28.629477,77.318459,17.0,CNG,11.28,14.9,1,2410,18.8
1790513938175,28.629477,77.318459,13.0,CNG,10.92,19.2,,1970,18.8
1790513938777,28.629445,77.318470,13.0,CNG,11.06,19.2,1,1800,18.8
1790513939924,28.629417,77.318484,13.0,CNG,10.71,18.8,1,1811,20.0
1790513940535,28.629386,77.318493,12.0,CNG,11.97,19.2,1,1739,20.0
1790513941198,28.629386,77.318493,12.0,CNG,12.17,19.2,1,1672,20.0
1790513942299,28.629328,77.318513,12.0,CNG,12.48,19.2,1,1702,19.6
1790513942966,28.629328,77.318513,12.0,CNG,13.50,19.6,1,1676,19.6
1790513943605,28.629301,77.318526,12.0,CNG,14.30,18.8,1,1708,19.6
1790513944747,28.629274,77.318544,12.0,CNG,13.90,14.9,1,1685,23.5
1790513945420,28.629253,77.318564,10.0,CNG,15.88,14.9,2,806,23.5
1790513946080,28.629253,77.318564,7.0,CNG,15.55,14.9,,738,23.5
1790513947183,28.629244,77.318579,4.0,CNG,12.68,14.9,,717,24.3
1790513947870,28.629242,77.318590,4.0,CNG,10.77,17.6,,703,24.3
1790513948492,28.629241,77.318598,4.0,CNG,10.02,19.6,,665,24.3
1790513949599,28.629242,77.318610,5.0,CNG,10.58,14.9,,451,34.1
1790513950200,28.629242,77.318610,5.0,CNG,6.94,17.3,,651,34.1
1790513950881,28.629246,77.318626,7.0,CNG,9.42,14.9,,624,34.1
1790513951967,28.629252,77.318643,7.0,CNG,10.88,14.9,,647,27.5
1790513952703,28.629258,77.318662,8.0,CNG,14.61,14.9,,693,27.5
1790513953357,28.629268,77.318684,8.0,CNG,19.01,14.9,,704,27.5
1790513954577,28.629281,77.318704,8.0,CNG,15.28,14.9,,711,49.8
1790513955238,28.629281,77.318704,9.0,CNG,14.38,16.9,,676,49.8
1790513955917,28.629294,77.318715,9.0,CNG,11.87,19.6,,694,49.8
1790513957090,28.629317,77.318722,9.0,CNG,11.18,19.6,,683,56.5
1790513957744,28.629343,77.318720,10.0,CNG,11.34,19.6,2,714,56.5
1790513958382,28.629370,77.318711,10.0,CNG,10.65,19.2,2,732,56.5
1790513959567,28.629395,77.318699,10.0,CNG,11.06,21.2,2,764,64.7
1790513960258,28.629395,77.318699,12.0,CNG,10.39,21.2,2,852,64.7
1790513960895,28.629422,77.318685,13.0,CNG,10.16,21.2,2,946,64.7
1790513962034,28.629454,77.318668,14.0,CNG,10.07,21.2,2,1003,54.5
1790513962710,28.629488,77.318651,15.0,CNG,10.17,21.2,2,1119,54.5
1790513963330,28.629524,77.318633,16.0,CNG,12.92,20.8,2,1156,54.5
1790513964462,28.629560,77.318615,16.0,CNG,15.83,14.9,2,1171,23.9
1790513965148,28.629560,77.318615,15.0,CNG,19.14,14.9,,928,23.9
1790513965797,28.629595,77.318598,13.0,CNG,21.10,14.9,,753,23.9
1790513966971,28.629623,77.318590,11.0,CNG,24.97,14.9,,707,25.9
1790513967611,28.629644,77.318588,7.0,CNG,24.95,14.9,,651,25.9
1790513968233,28.629644,77.318588,6.0,CNG,19.81,14.9,,679,25.9
1790513969401,28.629669,77.318600,5.0,CNG,15.86,14.9,,670,27.1
1790513970019,28.629669,77.318600,5.0,CNG,14.01,14.9,,687,27.1
1790513970660,28.629679,77.318605,5.0,CNG,15.42,14.9,,687,27.1
1790513971750,28.629690,77.318608,5.0,CNG,16.94,14.9,1,701,24.7
1790513972413,28.629699,77.318607,4.0,CNG,17.56,14.9,,707,24.7
1790513973062,28.629699,77.318607,4.0,CNG,17.77,14.9,,706,24.7
1790513974299,28.629714,77.318607,3.0,CNG,11.03,14.9,,701,25.9
1790513974970,28.629714,77.318607,3.0,CNG,9.05,14.9,,697,25.9
1790513975613,28.629720,77.318609,3.0,CNG,7.96,14.9,,711,25.9
1790513976785,28.629728,77.318610,2.0,CNG,,14.9,,757,39.6
1790513977432,28.629733,77.318611,0.0,CNG,,14.9,,777,39.6
1790513978090,28.629733,77.318611,0.0,CNG,,14.9,,782,39.6
1790513979213,28.629734,77.318617,0.0,CNG,,23.1,,785,42.4
1790513979855,28.629736,77.318617,3.0,CNG,,14.9,,1125,42.4
1790513980517,28.629738,77.318613,3.0,CNG,,14.9,,1048,42.4
1790513981671,28.629736,77.318610,3.0,CNG,,14.9,,941,41.2
1790513982371,28.629734,77.318608,2.0,CNG,,14.9,,815,41.2
1790513982995,28.629734,77.318608,2.0,CNG,,14.9,,805,41.2
1790513984184,28.629733,77.318608,2.0,CNG,,14.9,,776,31.0
1790513984853,28.629733,77.318611,2.0,CNG,,14.9,,830,31.0
1790513985502,28.629732,77.318616,2.0,CNG,,14.9,,824,31.0
1790513986712,28.629729,77.318619,1.0,CNG,,14.9,,848,24.7
1790513987458,28.629722,77.318624,0.0,CNG,,14.9,,760,24.7
1790513988105,28.629722,77.318624,0.0,CNG,,22.0,,722,24.7
1790513989271,28.629718,77.318626,0.0,CNG,,14.9,,972,29.0
1790513989959,28.629718,77.318626,0.0,CNG,,14.9,,824,29.0
1790513990662,28.629718,77.318626,1.0,CNG,,14.9,,693,29.0
1790513991896,28.629720,77.318625,1.0,CNG,,14.9,,708,28.2
1790513992595,28.629719,77.318630,0.0,CNG,,14.9,,692,28.2
1790513993188,28.629719,77.318630,0.0,CNG,,14.9,,677,28.2
1790513994318,28.629717,77.318625,0.0,CNG,,14.9,,677,38.0
1790513994964,28.629717,77.318625,0.0,CNG,,14.9,,780,38.0
1790513995625,28.629716,77.318625,0.0,CNG,,14.9,,772,38.0
1790513996749,28.629715,77.318625,0.0,CNG,,14.9,,821,44.3
1790513997438,28.629715,77.318622,0.0,CNG,,14.9,,816,44.3
1790513998060,28.629715,77.318622,0.0,CNG,,14.9,,814,44.3
1790513999262,28.629715,77.318622,0.0,CNG,,14.9,,820,40.0
1790513999885,28.629716,77.318622,0.0,CNG,,14.9,,822,40.0
1790514000520,28.629715,77.318622,0.0,CNG,,14.9,,824,40.0
1790514001706,28.629715,77.318620,0.0,CNG,,14.9,,812,39.2
1790514002304,28.629715,77.318619,0.0,CNG,,,,813,39.2
1790514002871,28.629715,77.318619,,CNG,,,,,39.2
1790514004040,28.629715,77.318618,0.0,CNG,,14.9,,,0.0
1790514004676,28.629714,77.318617,0.0,CNG,,14.9,,0,0.0
1790514005310,28.629714,77.318616,0.0,CNG,,14.9,,0,0.0
1790514006498,28.629714,77.318617,0.0,CNG,,14.9,,0,0.0
1790514007135,28.629714,77.318617,0.0,CNG,,14.9,,0,0.0
1790514007795,28.629714,77.318616,0.0,CNG,,14.9,,0,0.0
1790514009006,28.629713,77.318616,0.0,CNG,,23.5,,0,0.0
1790514009669,28.629713,77.318615,0.0,CNG,,71.8,,0,0.0
1790514010351,28.629713,77.318614,0.0,CNG,,79.6,,0,0.0
1790514011556,28.629713,77.318613,0.0,CNG,,14.9,,0,0.0
1790514012199,28.629713,77.318613,0.0,CNG,,14.9,,0,0.0
1790514012846,28.629713,77.318612,0.0,CNG,,14.9,,0,0.0
1790514013991,28.629712,77.318610,0.0,CNG,,14.9,,0,0.0
1790514014649,28.629712,77.318610,0.0,CNG,,22.0,,0,0.0
1790514015290,28.629712,77.318610,0.0,CNG,,22.0,,0,0.0
1790514016411,28.629712,77.318609,0.0,CNG,,27.5,,0,0.0
1790514017208,28.629712,77.318609,0.0,CNG,,30.2,,0,0.0
1790514017873,28.629712,77.318609,0.0,CNG,,32.5,,0,0.0
