t_ms,lat,lon,speed_kmh,fuel,inst_eff,pedal,gear,rpm,load,maf,map,ect,stft,ltft,volt,pedal_norm,v_est,a_est,cruise_state,cruise_target,throttle
1791264554258,28.629715,77.318698,0.0,PETROL,,14.9,0,1384,42.4,6.04,53.0,51.0,-3.13,0.00,13.8,0.0,0.0,0.00,ARMED,,18.4
1791264555150,28.629716,77.318699,0.0,PETROL,,14.9,0,1408,42.4,6.74,53.0,51.0,-3.13,0.00,13.8,0.0,0.0,0.00,ARMED,,18.4
1791264556056,28.629716,77.318699,0.0,PETROL,,14.9,0,1407,42.4,5.55,53.0,51.0,-3.13,0.00,13.8,0.0,0.0,0.00,ARMED,,17.3
1791264557443,28.629715,77.318701,0.0,CNG,,14.9,0,1446,32.9,4.81,43.0,52.0,-3.91,0.00,13.9,0.0,0.0,0.00,ARMED,,17.3
1791264558263,28.629712,77.318699,0.0,CNG,,14.9,0,1441,32.9,4.64,43.0,52.0,-3.91,0.00,13.9,0.0,0.0,0.00,ARMED,,17.3
1791264559187,28.629712,77.318699,0.0,CNG,,14.9,0,1426,32.9,5.42,43.0,52.0,-3.91,0.00,13.8,0.0,0.0,0.00,ARMED,,17.3
1791264560753,28.629711,77.318698,0.0,CNG,,14.9,0,1428,31.8,5.17,41.0,53.0,-3.91,0.00,13.8,0.0,0.0,0.00,ARMED,,17.3
1791264561579,28.629711,77.318695,0.0,CNG,,14.9,0,1387,31.8,6.46,41.0,53.0,-3.91,0.00,13.9,0.0,0.0,0.00,ARMED,,18.4
1791264562363,28.629710,77.318694,0.0,CNG,,14.9,0,1399,31.8,6.78,41.0,53.0,-3.91,0.00,13.9,0.0,0.0,0.00,ARMED,,18.8
1791264563451,28.629710,77.318694,0.0,CNG,,14.9,0,1396,43.5,6.36,55.0,54.0,-3.13,0.00,13.8,0.0,0.0,0.00,ARMED,,18.8
1791264564190,28.629710,77.318694,0.0,CNG,,14.9,0,1431,43.5,6.27,55.0,54.0,-3.13,0.00,13.8,0.0,0.0,0.00,ARMED,,18.8
1791264565102,28.629710,77.318694,0.0,CNG,,14.9,0,1420,43.5,6.92,55.0,54.0,-3.13,0.00,13.9,0.0,0.0,0.00,ARMED,,18.8
1791264566544,28.629710,77.318694,0.0,CNG,,14.9,0,1422,42.7,6.94,56.0,55.0,-3.13,0.00,13.9,0.0,0.0,0.00,ARMED,,18.8
1791264567401,28.629710,77.318694,0.0,CNG,,14.9,0,1401,42.7,6.86,56.0,55.0,-3.13,0.00,13.8,0.0,0.0,0.00,ARMED,,18.4
1791264568233,28.629710,77.318693,0.0,CNG,,14.9,0,1404,42.7,6.61,56.0,55.0,-3.13,0.00,13.8,0.0,0.0,0.00,ARMED,,18.4
1791264569730,28.629710,77.318692,0.0,CNG,,14.9,0,1408,42.4,6.36,54.0,56.0,-2.34,0.00,13.8,0.0,0.0,0.00,ARMED,,18.4
1791264570472,28.629710,77.318692,0.0,CNG,,14.9,0,1426,42.4,4.67,54.0,56.0,-2.34,0.00,13.8,0.0,0.0,0.00,ARMED,,17.3
1791264571186,28.629710,77.318691,0.0,CNG,,14.9,0,1453,42.4,5.75,54.0,56.0,-2.34,0.00,13.7,0.0,0.0,0.00,ARMED,,17.6
1791264572660,28.629710,77.318688,0.0,CNG,,14.9,0,1443,32.5,5.55,43.0,57.0,-3.13,0.00,13.7,0.0,0.0,0.00,ARMED,,17.3
1791264573554,28.629710,77.318688,0.0,CNG,,14.9,0,1422,32.5,4.71,43.0,57.0,-3.13,0.00,13.8,0.0,0.0,0.00,ARMED,,17.3
1791264574239,28.629709,77.318686,0.0,CNG,,14.9,0,1419,32.5,5.23,43.0,57.0,-3.13,0.00,13.8,0.0,0.0,0.00,ARMED,,17.3
1791264575390,28.629708,77.318681,0.0,CNG,,14.9,0,1414,31.8,4.67,37.0,58.0,-3.91,0.00,13.6,0.0,0.0,0.00,ARMED,,17.3
1791264576025,28.629708,77.318682,0.0,CNG,,14.9,0,1390,31.8,4.77,37.0,58.0,-3.91,0.00,13.6,0.0,0.0,0.00,ARMED,,16.5
1791264576548,28.629708,77.318682,0.0,CNG,,14.9,0,1384,31.8,4.29,37.0,58.0,-3.91,0.00,13.6,0.0,0.0,0.00,ARMED,,16.9
1791264577439,28.629706,77.318671,0.0,CNG,,14.9,0,1400,31.0,4.29,42.0,58.0,-3.13,0.00,13.6,0.0,0.0,0.00,ARMED,,16.9
1791264577974,28.629707,77.318668,0.0,CNG,,14.9,0,1362,31.0,4.68,42.0,58.0,-3.13,0.00,13.6,0.0,0.0,0.00,ARMED,,16.5
1791264578492,28.629707,77.318668,0.0,CNG,,14.9,0,1281,31.0,4.44,42.0,58.0,-3.13,0.00,13.6,0.0,0.0,0.00,ARMED,,16.5
1791264579470,28.629707,77.318668,0.0,CNG,,14.9,0,1206,32.5,3.58,38.0,59.0,-3.91,0.00,13.5,0.0,0.0,0.00,ARMED,,16.1
1791264579993,28.629707,77.318668,0.0,CNG,,14.9,0,1030,32.5,2.76,38.0,59.0,-3.91,0.00,13.5,0.0,0.0,0.00,ARMED,,15.3
1791264580623,28.629707,77.318668,0.0,CNG,,14.9,0,951,32.5,2.87,38.0,59.0,-3.91,0.00,13.6,0.0,0.0,0.00,ARMED,,15.3
1791264581851,28.629707,77.318667,0.0,CNG,,14.9,0,888,37.3,2.70,43.0,59.0,-1.56,0.00,13.8,0.0,0.0,0.00,ARMED,,15.3
1791264582396,28.629707,77.318667,0.0,CNG,,14.9,0,841,37.3,2.57,43.0,59.0,-1.56,0.00,13.6,0.0,0.0,0.00,ARMED,,15.3
1791264582920,28.629707,77.318667,0.0,CNG,,14.9,0,840,37.3,3.53,43.0,59.0,-1.56,0.00,13.6,0.0,0.0,0.00,ARMED,,15.3
1791264583912,28.629707,77.318667,0.0,CNG,,14.9,0,832,39.2,2.56,44.0,59.0,0.00,0.00,13.5,0.0,0.0,0.00,ARMED,,15.3
1791264584437,28.629707,77.318667,0.0,CNG,,14.9,0,831,39.2,3.44,44.0,60.0,0.00,0.00,13.5,0.0,0.0,0.00,ARMED,,15.3
1791264585005,28.629707,77.318667,0.0,CNG,,14.9,0,828,39.2,3.64,44.0,60.0,0.00,0.00,13.7,0.0,0.0,0.00,ARMED,,15.3
1791264585930,28.629707,77.318665,0.0,CNG,,14.9,0,823,38.8,3.21,45.0,60.0,0.78,0.00,13.7,0.0,0.0,0.00,ARMED,,15.3
1791264586529,28.629707,77.318665,0.0,CNG,,14.9,0,824,38.8,3.45,45.0,60.0,0.78,0.00,13.6,0.0,0.0,0.00,ARMED,,15.3
1791264587071,28.629707,77.318665,0.0,CNG,,14.9,0,819,38.8,2.71,45.0,60.0,0.78,0.00,13.6,0.0,0.0,0.00,ARMED,,14.9
1791264588079,28.629707,77.318665,0.0,CNG,,14.9,0,817,38.4,3.57,45.0,60.0,0.00,0.00,13.5,0.0,0.0,0.00,ARMED,,14.9
1791264588655,28.629707,77.318665,0.0,CNG,,14.9,0,819,38.4,3.15,45.0,60.0,0.00,0.00,13.5,0.0,0.0,0.00,ARMED,,14.9
1791264589228,28.629707,77.318664,0.0,CNG,,14.9,0,819,38.4,3.57,45.0,60.0,0.00,0.00,13.4,0.0,0.0,0.00,ARMED,,14.9
1791264590298,28.629707,77.318664,0.0,CNG,,14.9,0,816,38.0,3.45,44.0,61.0,0.00,0.00,13.4,0.0,0.0,0.00,ARMED,,14.9
1791264590868,28.629707,77.318664,0.0,CNG,,14.9,0,813,38.0,2.43,44.0,61.0,0.00,0.00,13.6,0.0,0.0,0.00,ARMED,,14.9
1791264591513,28.629707,77.318664,0.0,CNG,,14.9,0,820,38.0,3.45,44.0,61.0,0.00,0.00,13.6,0.0,0.0,0.00,ARMED,,14.9
1791264592449,28.629707,77.318664,0.0,CNG,,14.9,0,810,38.4,2.44,45.0,61.0,-0.78,0.00,13.8,0.0,0.0,0.00,ARMED,,14.9
1791264593057,28.629707,77.318664,0.0,CNG,,14.9,0,820,38.4,3.45,45.0,61.0,-0.78,0.00,13.8,0.0,0.0,0.00,ARMED,,14.9
1791264593665,28.629707,77.318664,0.0,CNG,,14.9,0,820,38.4,3.03,45.0,61.0,-0.78,0.00,13.6,0.0,0.0,0.00,ARMED,,14.9
1791264594575,28.629707,77.318664,0.0,CNG,,14.9,0,821,38.4,3.17,45.0,61.0,-0.78,0.00,13.6,0.0,0.0,0.00,ARMED,,14.9
1791264595188,28.629707,77.318664,0.0,CNG,,14.9,0,817,38.4,2.49,45.0,61.0,-0.78,0.00,13.6,0.0,0.0,0.00,ARMED,,15.3
1791264595680,28.629707,77.318664,0.0,CNG,,14.9,0,819,38.4,2.79,45.0,61.0,-0.78,0.00,13.6,0.0,0.0,0.00,ARMED,,14.9
1791264596634,28.629707,77.318663,0.0,CNG,,14.9,0,814,33.7,3.56,32.0,61.0,-0.78,0.00,13.5,0.0,0.0,0.00,ARMED,,15.3
1791264597148,28.629707,77.318663,0.0,CNG,,14.9,0,761,33.7,1.43,32.0,61.0,-0.78,0.00,13.5,0.0,0.0,0.00,ARMED,,12.9
1791264597671,28.629707,77.318663,0.0,CNG,,14.9,0,745,33.7,1.18,32.0,61.0,-0.78,0.00,13.6,0.0,0.0,0.00,ARMED,,12.9
1791264598695,28.629707,77.318663,0.0,CNG,,14.9,0,729,23.9,2.23,31.0,61.0,2.34,0.00,13.6,0.0,0.0,0.00,ARMED,,12.9
1791264599215,28.629707,77.318663,0.0,CNG,,14.9,0,715,23.9,1.77,31.0,61.0,2.34,0.00,13.6,0.0,0.0,0.00,ARMED,,12.5
1791264599713,28.629707,77.318663,0.0,CNG,,14.9,0,710,23.9,1.79,31.0,62.0,2.34,0.00,13.6,0.0,0.0,0.00,ARMED,,12.5
1791264600659,28.629705,77.318654,0.0,CNG,,14.9,0,708,29.8,1.70,42.0,62.0,-2.34,0.00,13.8,0.0,0.0,0.00,ARMED,,12.5
1791264601170,28.629705,77.318654,0.0,CNG,,14.9,0,758,29.8,3.63,42.0,62.0,-2.34,0.00,13.8,0.0,0.0,0.00,ARMED,,15.3
1791264601752,28.629705,77.318654,0.0,CNG,,14.9,0,770,29.8,2.40,42.0,62.0,-2.34,0.00,13.4,0.0,0.0,0.00,ARMED,,14.9
1791264602862,28.629705,77.318654,0.0,CNG,,14.9,0,797,40.0,2.51,45.0,62.0,-2.34,0.00,13.6,0.0,0.0,0.00,ARMED,,15.3
1791264603414,28.629705,77.318654,0.0,CNG,,14.9,0,811,40.0,2.55,45.0,62.0,-2.34,0.00,13.5,0.0,0.0,0.00,ARMED,,15.3
1791264604118,28.629705,77.318654,0.0,CNG,,14.9,0,822,40.0,2.53,45.0,62.0,-2.34,0.00,13.5,0.0,0.0,0.00,ARMED,,15.3
1791264605214,28.629705,77.318654,0.0,CNG,,14.9,0,821,39.2,3.14,45.0,62.0,-0.78,0.00,13.5,0.0,0.0,0.00,ARMED,,15.3
1791264605961,28.629705,77.318654,0.0,CNG,,14.9,0,829,39.2,3.29,45.0,62.0,-0.78,0.00,13.5,0.0,0.0,0.00,ARMED,,15.3
1791264606573,28.629705,77.318654,0.0,CNG,,14.9,0,821,39.2,3.13,45.0,62.0,-0.78,0.00,13.7,0.0,0.0,0.00,ARMED,,15.3
1791264607585,28.629705,77.318653,0.0,CNG,,14.9,0,822,38.8,2.93,46.0,62.0,0.00,0.00,13.7,0.0,0.0,0.00,ARMED,,15.3
1791264608224,28.629705,77.318653,0.0,CNG,,14.9,0,823,38.8,3.38,46.0,62.0,0.00,0.00,13.6,0.0,0.0,0.00,ARMED,,15.3
1791264608727,28.629705,77.318653,0.0,CNG,,14.9,0,822,38.8,2.48,46.0,62.0,0.00,0.00,13.6,0.0,0.0,0.00,ARMED,,15.3
1791264609705,28.629705,77.318654,0.0,CNG,,14.9,0,763,23.5,1.43,30.0,62.0,-2.34,0.00,13.7,0.0,0.0,0.00,ARMED,,12.9
1791264610267,28.629706,77.318653,0.0,CNG,,14.9,0,736,23.5,2.30,30.0,62.0,-2.34,0.00,13.7,0.0,0.0,0.00,ARMED,,12.9
1791264610784,28.629706,77.318653,0.0,CNG,,14.9,0,720,23.5,1.96,30.0,62.0,-2.34,0.00,13.7,0.0,0.0,0.00,ARMED,,12.9
1791264611708,28.629705,77.318653,0.0,CNG,,14.9,0,711,24.3,1.08,30.0,62.0,-0.78,0.00,13.7,0.0,0.0,0.00,ARMED,,12.5
1791264612224,28.629705,77.318653,0.0,CNG,,14.9,0,710,24.3,2.13,30.0,62.0,-0.78,0.00,13.7,0.0,0.0,0.00,ARMED,,12.5
1791264612789,28.629705,77.318653,0.0,CNG,,14.9,0,705,24.3,1.57,30.0,63.0,-0.78,0.00,13.7,0.0,0.0,0.00,ARMED,,12.5
1791264613754,28.629705,77.318652,0.0,CNG,,14.9,0,708,23.9,0.96,43.0,63.0,-3.13,0.00,13.8,0.0,0.0,0.00,ARMED,,12.5
1791264614301,28.629705,77.318650,0.0,CNG,,14.9,0,755,23.9,3.55,43.0,63.0,-3.13,0.00,13.8,0.0,0.0,0.00,ARMED,,15.3
1791264614877,28.629705,77.318649,0.0,CNG,,14.9,0,776,23.9,3.18,43.0,63.0,-3.13,0.00,13.5,0.0,0.0,0.00,ARMED,,14.9
1791264615793,28.629705,77.318649,0.0,CNG,,14.9,0,799,40.0,3.32,46.0,63.0,-2.34,0.00,13.5,0.0,0.0,0.00,ARMED,,15.3
1791264616354,28.629706,77.318652,0.0,CNG,,14.9,0,811,40.0,3.63,46.0,63.0,-2.34,0.00,13.5,0.0,0.0,0.00,ARMED,,15.3
1791264616895,28.629706,77.318652,0.0,CNG,,14.9,0,819,40.0,3.62,46.0,63.0,-2.34,0.00,13.5,0.0,0.0,0.00,ARMED,,15.3
1791264617863,28.629706,77.318652,0.0,CNG,,14.9,0,824,39.2,3.44,45.0,63.0,-0.78,0.00,13.7,0.0,0.0,0.00,ARMED,,15.3
1791264618406,28.629706,77.318652,0.0,CNG,,14.9,0,823,39.2,2.88,45.0,63.0,-0.78,0.00,13.7,0.0,0.0,0.00,ARMED,,15.3
1791264619027,28.629706,77.318652,0.0,CNG,,14.9,0,821,39.2,3.43,45.0,63.0,-0.78,0.00,13.6,0.0,0.0,0.00,ARMED,,15.3
1791264619921,28.629707,77.318654,0.0,CNG,,14.9,0,824,38.8,2.50,44.0,63.0,-0.78,0.00,13.6,0.0,0.0,0.00,ARMED,,15.3
1791264620511,28.629707,77.318654,0.0,CNG,,14.9,0,818,38.8,3.32,44.0,63.0,-0.78,0.00,13.6,0.0,0.0,0.00,ARMED,,15.3
1791264621032,28.629707,77.318651,0.0,CNG,,14.9,0,822,38.8,3.29,44.0,63.0,-0.78,0.00,13.6,0.0,0.0,0.00,ARMED,,15.3
1791264621979,28.629708,77.318655,0.0,CNG,,14.9,0,813,38.8,3.29,44.0,63.0,-0.78,0.00,13.5,0.0,0.0,0.00,ARMED,,15.3
1791264622481,28.629708,77.318655,0.0,CNG,,14.9,0,816,38.8,2.55,44.0,63.0,-0.78,0.00,13.5,0.0,0.0,0.00,ARMED,,15.3
1791264623041,28.629710,77.318659,0.0,CNG,,14.9,0,818,38.8,2.91,44.0,63.0,-0.78,0.00,13.6,0.0,0.0,0.00,ARMED,,15.3
1791264624179,28.629710,77.318660,0.0,CNG,,14.9,0,817,38.8,3.56,44.0,63.0,0.00,0.00,13.8,0.0,0.0,0.00,ARMED,,15.3
1791264624724,28.629710,77.318660,0.0,CNG,,14.9,0,818,38.8,3.59,44.0,63.0,0.00,0.00,13.7,0.0,0.0,0.00,ARMED,,15.3
1791264625251,28.629710,77.318657,0.0,CNG,,14.9,0,819,38.8,3.40,44.0,63.0,0.00,0.00,13.7,0.0,0.0,0.00,ARMED,,15.3
1791264626245,28.629710,77.318657,0.0,CNG,,14.9,0,821,38.8,2.84,45.0,63.0,0.00,0.00,13.7,0.0,0.0,0.00,ARMED,,15.3
1791264626764,28.629710,77.318657,0.0,CNG,,14.9,0,821,38.8,3.39,45.0,63.0,0.00,0.00,13.7,0.0,0.0,0.00,ARMED,,15.3
1791264627365,28.629710,77.318657,0.0,CNG,,14.9,0,818,38.8,2.50,45.0,63.0,0.00,0.00,13.5,0.0,0.0,0.00,ARMED,,15.3
1791264628356,28.629710,77.318657,0.0,CNG,,14.9,0,812,39.2,3.34,45.0,64.0,-0.78,0.00,13.5,0.0,0.0,0.00,ARMED,,15.3
1791264628903,28.629710,77.318656,0.0,CNG,,14.9,0,816,39.2,3.54,45.0,64.0,-0.78,0.00,13.6,0.0,0.0,0.00,ARMED,,15.3
1791264629434,28.629710,77.318656,0.0,CNG,,14.9,0,806,39.2,1.26,45.0,64.0,-0.78,0.00,13.6,0.0,0.0,0.00,ARMED,,11.4
1791264630368,28.629710,77.318656,0.0,CNG,,14.9,0,763,23.9,1.71,32.0,64.0,-0.78,0.00,13.8,0.0,0.0,0.00,ARMED,,12.9
1791264630942,28.629711,77.318656,0.0,CNG,,14.9,0,736,23.9,1.60,32.0,64.0,-0.78,0.00,13.8,0.0,0.0,0.00,ARMED,,12.9
1791264631544,28.629711,77.318656,0.0,CNG,,14.9,0,725,23.9,1.32,32.0,64.0,-0.78,0.00,13.7,0.0,0.0,0.00,ARMED,,12.9
1791264632526,28.629710,77.318654,0.0,CNG,,14.9,0,720,24.3,1.93,32.0,64.0,-1.56,0.00,13.7,0.0,0.0,0.00,ARMED,,12.9
1791264633078,28.629710,77.318653,0.0,CNG,,14.9,0,708,24.3,2.34,32.0,64.0,-1.56,0.00,13.5,0.0,0.0,0.00,ARMED,,13.3
1791264633693,28.629710,77.318653,0.0,CNG,,14.9,0,698,24.3,2.31,32.0,64.0,-1.56,0.00,13.5,0.0,0.0,0.00,ARMED,,12.9
1791264634669,28.629710,77.318653,0.0,CNG,,14.9,0,697,28.6,2.47,36.0,64.0,-1.56,0.00,13.7,0.0,0.0,0.00,ARMED,,13.3
1791264635207,28.629711,77.318655,0.0,CNG,,23.9,0,722,28.6,6.02,36.0,64.0,-1.56,0.00,13.7,12.3,0.0,0.00,ARMED,,17.6
1791264635776,28.629711,77.318655,0.0,CNG,,15.3,0,1547,28.6,12.46,36.0,64.0,-1.56,0.00,13.7,0.5,0.0,0.00,ARMED,,22.4
1791264636740,28.629711,77.318655,1.0,CNG,,14.9,,1009,47.5,5.70,47.0,64.0,0.00,0.00,13.7,0.0,1.0,0.00,ARMED,,18.0
1791264637395,28.629715,77.318645,1.0,CNG,,14.9,,1019,47.5,2.87,47.0,64.0,0.00,0.00,13.4,0.0,1.0,0.00,ARMED,,15.3
1791264637951,28.629716,77.318639,1.0,CNG,,20.0,,910,47.5,6.38,47.0,64.0,0.00,0.00,13.4,7.0,1.0,0.00,ARMED,,18.0
1791264638912,28.629720,77.318626,1.0,CNG,,20.0,,874,53.7,4.64,58.0,64.0,2.34,-3.91,13.5,7.0,1.0,0.00,ARMED,,16.9
1791264639397,28.629720,77.318626,4.0,CNG,,19.2,,859,53.7,3.51,58.0,64.0,2.34,-3.91,13.5,5.9,4.0,0.00,ARMED,,15.7
1791264639949,28.629729,77.318615,5.0,CNG,2.99,18.8,1,755,53.7,3.60,58.0,64.0,2.34,-3.91,13.6,5.4,5.0,0.00,ARMED,,15.7
1791264640986,28.629736,77.318611,5.0,CNG,4.08,14.9,1,737,44.7,2.98,47.0,65.0,-1.56,0.00,13.6,0.0,5.0,0.00,ARMED,,15.7
1791264641527,28.629736,77.318611,5.0,CNG,5.16,14.9,,821,44.7,2.53,47.0,65.0,-1.56,0.00,13.6,0.0,5.0,0.00,ARMED,,15.3
1791264642057,28.629738,77.318610,3.0,CNG,4.56,14.9,,821,44.7,3.13,47.0,65.0,-1.56,0.00,13.6,0.0,3.0,0.00,ARMED,,15.3
1791264643068,28.629740,77.318605,2.0,CNG,3.88,14.9,,818,42.4,2.80,48.0,65.0,-1.56,0.00,13.5,0.0,2.0,0.00,ARMED,,15.7
1791264643564,28.629740,77.318605,0.0,CNG,,14.9,0,790,42.4,1.09,48.0,65.0,-1.56,0.00,13.5,0.0,0.0,0.00,ARMED,,12.2
1791264644145,28.629733,77.318597,0.0,CNG,,14.9,0,742,42.4,1.55,48.0,65.0,-1.56,0.00,13.5,0.0,0.0,0.00,ARMED,,13.7
1791264645275,28.629728,77.318593,0.0,CNG,,25.1,0,716,56.9,2.61,82.0,65.0,5.47,-3.91,13.6,13.9,0.0,0.00,ARMED,,13.7
1791264645822,28.629728,77.318593,1.0,CNG,,14.9,,1540,56.9,1.87,82.0,65.0,5.47,-3.91,13.6,0.0,1.0,0.00,ARMED,,13.7
1791264646345,28.629727,77.318593,1.0,CNG,,14.9,,605,56.9,5.97,82.0,65.0,5.47,-3.91,13.6,0.0,1.0,0.00,ARMED,,17.6
1791264647324,28.629728,77.318594,2.0,CNG,,14.9,,689,32.9,1.52,36.0,65.0,-8.59,0.00,13.5,0.0,2.0,0.00,ARMED,,11.8
1791264647884,28.629729,77.318594,2.0,CNG,,19.6,,773,32.9,1.18,36.0,65.0,-8.59,0.00,13.5,6.4,2.0,0.00,ARMED,,12.9
1791264648461,28.629729,77.318594,2.0,CNG,,20.0,,725,32.9,5.01,36.0,65.0,-8.59,0.00,13.5,7.0,2.0,0.00,ARMED,,17.6
1791264649379,28.629728,77.318595,3.0,CNG,,14.9,,722,60.0,2.83,60.0,65.0,1.56,0.00,13.5,0.0,3.0,0.00,ARMED,,15.3
1791264649951,28.629726,77.318599,4.0,CNG,,14.9,,771,60.0,3.25,60.0,65.0,1.56,0.00,13.6,0.0,4.0,0.00,ARMED,,15.3
1791264650529,28.629726,77.318599,2.0,CNG,,14.9,,795,60.0,3.53,60.0,66.0,1.56,0.00,13.6,0.0,2.0,0.00,ARMED,,15.3
1791264651508,28.629727,77.318593,0.0,CNG,,14.9,0,808,44.3,3.91,57.0,66.0,-3.91,0.00,13.7,0.0,0.0,0.00,ARMED,,15.7
1791264652105,28.629728,77.318590,0.0,CNG,,19.6,0,1064,44.3,5.81,57.0,66.0,-3.91,0.00,13.7,6.4,0.0,0.00,ARMED,,18.8
1791264652672,28.629728,77.318590,2.0,CNG,,14.9,,969,44.3,3.71,57.0,66.0,-3.91,0.00,13.2,0.0,2.0,0.00,ARMED,,16.5
1791264653619,28.629726,77.318589,3.0,CNG,,14.9,,843,52.9,3.07,57.0,66.0,-3.13,0.00,13.2,0.0,3.0,0.00,ARMED,,15.7
1791264654230,28.629718,77.318581,5.0,CNG,3.12,14.9,,818,52.9,4.19,57.0,66.0,-3.13,0.00,13.5,0.0,5.0,0.00,ARMED,,16.1
1791264654789,28.629718,77.318581,5.0,CNG,4.17,14.9,,831,52.9,3.08,57.0,66.0,-3.13,0.00,13.5,0.0,5.0,0.00,ARMED,,15.3
1791264655725,28.629707,77.318575,3.0,CNG,3.69,14.9,,824,42.0,3.79,49.0,66.0,-0.78,0.00,13.7,0.0,3.0,0.00,ARMED,,15.3
1791264656344,28.629703,77.318573,0.0,CNG,,14.9,0,823,42.0,3.98,49.0,66.0,-0.78,0.00,13.7,0.0,0.0,0.00,ARMED,,15.7
1791264656855,28.629700,77.318572,0.0,CNG,,21.6,0,822,42.0,5.31,49.0,66.0,-0.78,0.00,13.5,9.1,0.0,0.00,ARMED,,17.6
1791264657864,28.629700,77.318572,0.0,CNG,,20.8,0,1149,54.9,6.78,49.0,66.0,2.34,-1.56,13.5,8.0,0.0,0.00,ARMED,,19.6
1791264658434,28.629700,77.318572,3.0,CNG,,14.9,,836,54.9,4.96,49.0,66.0,2.34,-1.56,13.6,0.0,3.0,0.00,ARMED,,17.6
1791264658914,28.629701,77.318580,4.0,CNG,,14.9,,881,54.9,3.15,49.0,67.0,2.34,-1.56,13.6,0.0,4.0,0.00,ARMED,,14.9
1791264659956,28.629706,77.318586,3.0,CNG,,14.9,,848,41.6,2.90,47.0,67.0,0.00,0.00,13.6,0.0,3.0,0.00,ARMED,,15.3
1791264660445,28.629706,77.318586,1.0,CNG,,14.9,,824,41.6,3.73,47.0,67.0,0.00,0.00,13.6,0.0,1.0,0.00,ARMED,,15.7
1791264661028,28.629708,77.318586,0.0,CNG,,21.6,0,840,41.6,8.60,47.0,67.0,0.00,0.00,13.3,9.1,0.0,0.00,ARMED,,20.8
1791264661915,28.629704,77.318589,1.0,CNG,,21.2,,762,81.2,5.71,90.0,67.0,9.38,-3.91,13.3,8.6,1.0,0.00,ARMED,,22.4
1791264662495,28.629704,77.318589,6.0,CNG,2.20,20.8,1,856,81.2,4.80,90.0,67.0,9.38,-3.91,13.7,8.0,6.0,0.00,ARMED,,17.3
1791264663039,28.629686,77.318590,7.0,CNG,3.68,20.8,1,967,81.2,4.00,90.0,67.0,9.38,-3.91,13.7,8.0,6.5,0.30,ARMED,,15.7
1791264664018,28.629664,77.318594,8.0,CNG,4.95,21.2,1,1133,35.7,4.29,44.0,67.0,-1.56,-3.13,13.8,8.6,7.3,0.69,ARMED,,16.5
1791264664532,28.629664,77.318594,10.0,CNG,5.98,21.2,1,1390,35.7,5.17,44.0,67.0,-1.56,-3.13,13.8,8.6,9.4,1.48,ARMED,,16.9
1791264665164,28.629638,77.318600,10.0,CNG,6.47,21.2,1,1510,35.7,5.34,44.0,67.0,-1.56,-3.13,13.8,8.6,10.6,1.66,ARMED,,17.3
1791264666318,28.629610,77.318610,11.0,CNG,7.05,21.2,1,1640,25.9,5.30,37.0,68.0,3.13,-3.13,13.8,8.6,11.7,1.69,ARMED,,17.3
1791264666862,28.629581,77.318619,12.0,CNG,7.62,20.8,1,1774,25.9,5.41,37.0,68.0,3.13,-3.13,13.7,8.0,12.9,1.35,ARMED,,17.3
1791264667459,28.629581,77.318619,13.0,CNG,9.72,14.9,1,1592,25.9,3.39,37.0,68.0,3.13,-3.13,13.7,0.0,12.5,0.59,ARMED,,14.9
1791264668371,28.629551,77.318628,13.0,CNG,12.45,14.9,2,932,23.1,2.49,69.0,68.0,0.00,-3.13,13.6,0.0,13.0,0.00,ARMED,,12.9
1791264668896,28.629522,77.318638,13.0,CNG,9.72,24.3,2,935,23.1,6.64,69.0,68.0,0.00,-3.13,13.6,12.8,13.0,0.00,ARMED,,19.2
1791264669440,28.629522,77.318638,15.0,CNG,7.72,24.3,2,1092,23.1,9.29,69.0,68.0,0.00,-3.13,13.5,12.8,13.9,0.55,ARMED,,21.6
1791264670395,28.629485,77.318652,16.0,CNG,9.82,15.7,2,1195,38.4,4.06,40.0,68.0,-12.50,-3.13,13.5,1.1,15.1,1.10,ARMED,,15.7
1791264670942,28.629447,77.318666,16.0,CNG,11.77,14.9,2,1236,38.4,3.78,40.0,68.0,-12.50,-3.13,13.7,0.0,16.4,1.17,ARMED,,16.5
1791264671482,28.629447,77.318666,16.0,CNG,10.96,22.0,2,1224,38.4,6.09,40.0,68.0,-12.50,-3.13,13.7,9.6,16.7,0.96,ARMED,,18.0
1791264672502,28.629410,77.318681,16.0,CNG,11.39,15.3,2,1187,44.3,5.04,37.0,68.0,-3.13,0.00,13.6,0.5,16.5,0.54,ARMED,,17.6
1791264673039,28.629375,77.318699,15.0,CNG,13.63,14.9,2,1061,44.3,2.89,37.0,68.0,-3.13,0.00,13.6,0.0,15.0,-0.59,ARMED,,15.3
1791264673548,28.629375,77.318699,13.0,CNG,14.54,14.9,2,922,44.3,3.00,37.0,68.0,-3.13,0.00,13.4,0.0,13.6,-1.28,ARMED,,15.3
1791264674632,28.629347,77.318716,12.0,CNG,13.70,14.9,2,825,39.2,3.68,45.0,68.0,-2.34,0.00,13.4,0.0,11.9,-1.82,ARMED,,15.3
1791264675185,28.629324,77.318722,10.0,CNG,9.49,21.2,2,819,39.2,6.49,45.0,68.0,-2.34,0.00,13.8,8.6,10.7,-1.48,ARMED,,18.4
1791264675721,28.629324,77.318722,10.0,CNG,8.30,20.4,,867,39.2,5.63,45.0,69.0,-2.34,0.00,13.8,7.5,10.0,0.00,ARMED,,18.0
1791264676660,28.629303,77.318711,11.0,CNG,10.21,18.4,2,764,44.3,2.65,50.0,69.0,0.00,-0.78,13.5,4.8,11.0,0.00,ARMED,,14.1
1791264677186,28.629286,77.318690,10.0,CNG,11.18,14.9,2,753,44.3,2.86,50.0,69.0,0.00,-0.78,13.5,0.0,10.3,-0.39,ARMED,,14.1
1791264677739,28.629286,77.318690,10.0,CNG,12.82,14.9,2,737,44.3,2.27,50.0,69.0,0.00,-0.78,13.7,0.0,10.1,-0.40,ARMED,,12.9
1791264678684,28.629275,77.318665,9.0,CNG,14.69,14.9,2,725,24.7,1.74,36.0,69.0,0.00,0.00,13.7,0.0,9.4,-0.66,ARMED,,12.9
1791264679276,28.629267,77.318641,8.0,CNG,13.84,14.9,,648,24.7,2.43,36.0,69.0,0.00,0.00,13.8,0.0,8.0,0.00,ARMED,,13.3
1791264679794,28.629267,77.318641,8.0,CNG,10.14,17.3,,620,24.7,4.37,36.0,69.0,0.00,0.00,13.8,3.2,8.0,0.00,ARMED,,16.1
1791264680683,28.629262,77.318620,8.0,CNG,12.73,14.9,,588,33.3,1.40,43.0,69.0,2.34,0.00,13.7,0.0,8.0,0.00,ARMED,,12.5
1791264681240,28.629259,77.318599,8.0,CNG,13.18,14.9,,659,33.3,2.18,43.0,69.0,2.34,0.00,13.7,0.0,8.0,0.00,ARMED,,13.3
1791264681827,28.629259,77.318599,4.0,CNG,11.74,14.9,,721,33.3,1.73,43.0,69.0,2.34,0.00,13.8,0.0,4.0,0.00,ARMED,,13.3
1791264682760,28.629262,77.318588,1.0,CNG,6.46,14.9,,743,39.2,3.19,46.0,69.0,-2.34,0.00,13.8,0.0,1.0,0.00,ARMED,,14.5
1791264683312,28.629265,77.318583,0.0,CNG,,14.9,0,780,39.2,3.56,46.0,69.0,-2.34,0.00,13.6,0.0,0.0,0.00,ARMED,,15.3
1791264683816,28.629265,77.318583,0.0,CNG,,21.2,0,798,39.2,4.25,46.0,69.0,-2.34,0.00,13.6,8.6,0.0,0.00,ARMED,,17.6
1791264684822,28.629265,77.318581,0.0,CNG,,14.9,0,893,50.2,2.77,53.0,69.0,0.78,0.00,13.5,0.0,0.0,0.00,ARMED,,15.7
1791264685309,28.629264,77.318580,1.0,CNG,,14.9,,817,50.2,3.86,53.0,70.0,0.78,0.00,13.5,0.0,1.0,0.00,ARMED,,16.1
1791264685850,28.629265,77.318577,1.0,CNG,,14.9,,813,50.2,3.21,53.0,70.0,0.78,0.00,13.5,0.0,1.0,0.00,ARMED,,15.3
1791264686926,28.629265,77.318573,1.0,CNG,,14.9,,819,39.2,2.75,45.0,70.0,-3.13,0.00,13.6,0.0,1.0,0.00,ARMED,,14.9
1791264687442,28.629265,77.318573,0.0,CNG,,15.3,0,817,39.2,2.86,45.0,70.0,-3.13,0.00,13.7,0.5,0.0,0.00,ARMED,,15.3
1791264687980,28.629264,77.318571,0.0,CNG,,16.5,0,805,39.2,3.71,45.0,70.0,-3.13,0.00,13.7,2.1,0.0,0.00,ARMED,,15.3
1791264688946,28.629265,77.318571,0.0,CNG,,14.9,0,734,44.7,3.05,49.0,70.0,-1.56,0.00,13.3,0.0,0.0,0.00,ARMED,,15.7
1791264689479,28.629265,77.318571,0.0,CNG,,18.4,0,713,44.7,2.50,49.0,70.0,-1.56,0.00,13.3,4.8,0.0,0.00,ARMED,,14.9
1791264690072,28.629265,77.318571,1.0,CNG,,14.9,,467,44.7,3.03,49.0,70.0,-1.56,0.00,13.6,0.0,1.0,0.00,ARMED,,15.3
1791264690991,28.629266,77.318569,1.0,CNG,,22.4,,763,53.3,5.96,64.0,70.0,0.78,-3.91,13.6,10.2,1.0,0.00,ARMED,,17.6
1791264691568,28.629266,77.318569,3.0,CNG,,17.6,,1042,53.3,2.34,64.0,70.0,0.78,-3.91,13.1,3.7,3.0,0.00,ARMED,,13.3
1791264692099,28.629270,77.318563,4.0,CNG,,18.8,,530,53.3,2.25,64.0,70.0,0.78,-3.91,13.1,5.4,4.0,0.00,ARMED,,12.9
1791264693033,28.629277,77.318554,4.0,CNG,4.50,19.2,,621,38.4,2.19,55.0,70.0,3.13,-3.91,13.1,5.9,4.0,0.00,ARMED,,14.5
1791264693628,28.629277,77.318554,5.0,CNG,4.53,21.2,,684,38.4,4.18,55.0,70.0,3.13,-3.91,13.1,8.6,5.0,0.00,ARMED,,16.1
1791264694194,28.629286,77.318545,6.0,CNG,5.10,21.6,1,842,38.4,3.92,55.0,70.0,3.13,-3.91,13.5,9.1,6.0,0.00,ARMED,,16.9
1791264695219,28.629299,77.318532,7.0,CNG,4.79,21.6,1,1034,54.5,5.89,52.0,70.0,-2.34,-3.91,13.5,9.1,6.5,0.31,ARMED,,18.0
1791264695792,28.629299,77.318532,9.0,CNG,5.02,20.8,1,1339,54.5,6.52,52.0,70.0,-2.34,-3.91,13.6,8.0,8.4,1.18,ARMED,,18.4
1791264696287,28.629319,77.318518,10.0,CNG,5.61,20.4,1,1412,54.5,5.95,52.0,70.0,-2.34,-3.91,13.6,7.5,9.5,1.45,ARMED,,18.0
1791264697391,28.629338,77.318506,10.0,CNG,6.03,14.9,,1112,35.7,5.71,37.0,71.0,0.00,0.00,13.5,0.0,10.0,0.00,ARMED,,17.3
1791264697991,28.629360,77.318495,10.0,CNG,6.34,19.2,,976,35.7,5.60,37.0,71.0,0.00,0.00,13.5,5.9,10.0,0.00,ARMED,,17.3
1791264698533,28.629360,77.318495,10.0,CNG,6.46,22.4,2,775,35.7,5.73,37.0,71.0,0.00,0.00,13.4,10.2,10.0,0.00,ARMED,,17.6
1791264699452,28.629384,77.318485,11.0,CNG,6.64,22.7,2,829,68.6,6.07,81.0,71.0,4.69,-3.91,13.4,10.7,10.5,0.31,ARMED,,18.8
1791264700032,28.629399,77.318478,13.0,CNG,6.81,22.4,2,991,68.6,7.03,81.0,71.0,4.69,-3.91,13.8,10.2,12.3,1.15,ARMED,,20.0
1791264700591,28.629399,77.318478,14.0,CNG,7.41,22.0,2,1068,68.6,6.43,81.0,71.0,4.69,-3.91,13.8,9.6,13.5,1.48,ARMED,,18.8
1791264701595,28.629427,77.318461,15.0,CNG,7.75,21.6,2,1136,56.1,6.93,60.0,71.0,0.00,-3.91,13.6,9.1,14.7,1.64,ARMED,,18.8
1791264702101,28.629462,77.318449,17.0,CNG,8.81,21.2,2,1238,56.1,6.15,60.0,71.0,0.00,-3.91,13.6,8.6,16.3,1.67,ARMED,,18.0
1791264702676,28.629462,77.318449,17.0,CNG,9.66,20.8,2,1267,56.1,5.84,60.0,71.0,0.00,-3.91,13.8,8.0,17.0,1.52,ARMED,,18.0
1791264703605,28.629515,77.318434,17.0,CNG,10.39,20.8,2,1302,42.7,5.58,51.0,71.0,0.00,-3.91,13.8,8.0,17.5,1.30,ARMED,,18.0
1791264704152,28.629556,77.318420,18.0,CNG,11.29,20.4,2,1342,42.7,5.35,51.0,71.0,0.00,-3.91,13.6,7.5,18.1,0.95,ARMED,,17.6
1791264704737,28.629556,77.318420,18.0,CNG,12.52,20.0,2,1353,42.7,4.62,51.0,71.0,0.00,-3.91,13.6,7.0,18.2,0.72,ARMED,,17.3
1791264705763,28.629601,77.318404,18.0,CNG,14.39,20.0,2,1374,24.3,3.73,34.0,71.0,0.78,-3.91,13.8,7.0,18.4,0.55,ARMED,,15.7
1791264706297,28.629645,77.318388,19.0,CNG,16.01,19.6,2,1400,24.3,3.81,34.0,72.0,0.78,-3.91,13.8,6.4,18.7,0.48,ARMED,,15.7
1791264706920,28.629686,77.318363,19.0,CNG,18.68,19.6,2,1393,24.3,2.94,34.0,72.0,0.78,-3.91,13.9,6.4,18.7,0.33,ARMED,,15.7
1791264707981,28.629729,77.318344,19.0,CNG,19.28,20.0,2,1401,22.7,3.57,35.0,72.0,0.78,-3.13,13.7,7.0,18.7,0.28,ARMED,,15.7
1791264708543,28.629729,77.318344,19.0,CNG,19.90,20.0,2,1406,22.7,3.46,35.0,72.0,0.78,-3.13,13.8,7.0,18.8,0.21,ARMED,,16.1
1791264709082,28.629770,77.318322,19.0,CNG,20.40,20.0,2,1432,22.7,3.41,35.0,72.0,0.78,-3.13,13.8,7.0,19.0,0.23,ARMED,,16.1
1791264710068,28.629818,77.318309,19.0,CNG,19.88,20.0,2,1437,23.5,3.77,40.0,72.0,0.00,-3.13,13.6,7.0,19.1,0.23,ARMED,,16.1
1791264710634,28.629818,77.318309,20.0,CNG,17.07,20.0,2,1458,23.5,5.35,40.0,72.0,0.00,-3.13,13.6,7.0,19.4,0.25,ARMED,,17.3
1791264711198,28.629876,77.318304,20.0,CNG,15.14,20.0,2,1485,23.5,5.85,40.0,72.0,0.00,-3.13,13.6,7.0,19.7,0.29,ARMED,,17.6
1791264712105,28.629924,77.318297,19.0,CNG,14.43,20.0,2,1453,33.3,5.37,42.0,72.0,-0.78,-3.13,13.6,7.0,19.6,0.16,ARMED,,17.6
1791264712722,28.629924,77.318297,20.0,CNG,14.51,20.4,2,1477,33.3,5.20,42.0,72.0,-0.78,-3.13,13.8,7.5,19.7,0.15,ARMED,,17.6
1791264713270,28.629969,77.318273,20.0,CNG,14.17,20.4,2,1490,33.3,5.55,42.0,72.0,-0.78,-3.13,13.8,7.5,19.8,0.16,ARMED,,17.6
1791264714224,28.630017,77.318258,20.0,CNG,13.63,20.4,2,1479,33.3,5.90,42.0,72.0,-0.78,-3.13,13.7,7.5,19.8,0.13,ARMED,,17.6
1791264714766,28.630017,77.318258,20.0,CNG,13.25,20.4,2,1497,33.3,5.97,42.0,72.0,-0.78,-3.13,13.7,7.5,20.0,0.14,ARMED,,17.6
1791264715309,28.630066,77.318245,20.0,CNG,13.12,19.6,2,1499,33.3,5.88,42.0,72.0,-0.78,-3.13,13.7,6.4,20.0,0.13,ARMED,,18.0
1791264716245,28.630113,77.318226,20.0,CNG,13.88,20.0,2,1482,32.5,5.01,42.0,72.0,0.00,-3.13,13.7,7.0,19.9,0.08,ARMED,,17.6
1791264716818,28.630113,77.318226,20.0,CNG,15.38,20.8,2,1519,32.5,4.14,42.0,72.0,0.00,-3.13,13.7,8.0,20.2,0.13,ARMED,,16.9
1791264717310,28.630159,77.318205,20.0,CNG,16.64,20.8,2,1513,32.5,4.01,42.0,72.0,0.00,-3.13,13.7,8.0,20.2,0.12,ARMED,,16.9
1791264718369,28.630205,77.318179,21.0,CNG,17.70,20.8,2,1535,25.9,4.10,36.0,72.0,0.00,-3.13,13.5,8.0,20.4,0.15,ARMED,,16.9
1791264718906,28.630250,77.318149,21.0,CNG,18.13,20.8,2,1579,25.9,4.25,36.0,73.0,0.00,-3.13,13.5,8.0,20.9,0.36,ARMED,,16.9
1791264719467,28.630250,77.318149,22.0,CNG,17.80,20.8,2,1611,25.9,4.82,36.0,73.0,0.00,-3.13,13.8,8.0,21.3,0.42,ARMED,,16.9
1791264720434,28.630295,77.318114,22.0,CNG,17.75,20.8,2,1615,25.1,4.73,35.0,73.0,0.00,-3.13,13.8,8.0,21.6,0.43,ARMED,,16.9
1791264721010,28.630342,77.318074,22.0,CNG,17.93,20.4,2,1628,25.1,4.60,35.0,73.0,0.00,-3.13,13.8,7.5,21.9,0.39,ARMED,,16.5
1791264721545,28.630342,77.318074,22.0,CNG,18.93,19.2,2,1635,25.1,4.05,35.0,73.0,0.00,-3.13,13.8,5.9,22.0,0.36,ARMED,,16.1
1791264722588,28.630382,77.318036,22.0,CNG,20.32,18.8,2,1619,19.6,3.67,29.0,73.0,2.34,-3.13,13.7,5.4,21.9,0.20,ARMED,,15.7
1791264723110,28.630423,77.317998,22.0,CNG,21.22,20.0,2,1629,19.6,3.68,29.0,73.0,2.34,-3.13,13.7,7.0,21.9,0.14,ARMED,,16.1
1791264723728,28.630423,77.317998,22.0,CNG,18.04,21.2,2,1589,19.6,5.68,29.0,73.0,2.34,-3.13,13.6,8.6,21.6,-0.07,ARMED,,17.6
1791264724804,28.630458,77.317952,22.0,CNG,16.00,20.4,2,1611,31.4,6.11,39.0,73.0,0.78,-3.13,13.6,7.5,21.6,-0.07,ARMED,,18.4
1791264725334,28.630492,77.317905,22.0,CNG,15.83,19.6,2,1615,31.4,5.37,39.0,73.0,0.78,-3.13,13.6,6.4,21.7,-0.03,ARMED,,17.6
1791264725925,28.630524,77.317858,22.0,CNG,18.85,14.9,2,1581,31.4,3.17,39.0,73.0,0.78,-3.13,13.6,0.0,21.5,-0.09,ARMED,,15.7
1791264726904,28.630551,77.317813,20.0,CNG,19.33,14.9,2,1507,20.0,3.77,29.0,73.0,0.00,0.00,13.8,0.0,20.8,-0.45,ARMED,,15.3
1791264727432,28.630551,77.317813,18.0,CNG,19.84,18.0,2,1318,20.0,3.29,29.0,73.0,0.00,0.00,13.8,4.3,18.6,-1.47,ARMED,,14.9
1791264727995,28.630577,77.317771,17.0,CNG,20.76,17.6,2,1272,20.0,2.86,29.0,73.0,0.00,0.00,13.5,3.7,17.5,-1.67,ARMED,,15.3
1791264729121,28.630605,77.317731,17.0,CNG,19.15,17.6,2,1251,25.5,3.81,34.0,73.0,0.00,-0.78,13.8,3.7,16.7,-1.63,ARMED,,15.3
1791264729682,28.630605,77.317731,16.0,CNG,17.89,14.9,2,1191,25.5,3.78,34.0,73.0,0.00,-0.78,13.8,0.0,15.7,-1.14,ARMED,,15.3
1791264730207,28.630623,77.317693,15.0,CNG,16.84,17.6,2,1145,25.5,3.73,34.0,73.0,0.00,-0.78,13.8,3.7,15.3,-1.10,ARMED,,15.3
1791264731160,28.630644,77.317659,15.0,CNG,17.38,18.4,2,1146,30.6,3.11,41.0,73.0,0.78,-3.13,13.6,4.8,15.0,-0.89,ARMED,,15.7
1791264731707,28.630644,77.317659,16.0,CNG,13.15,23.9,2,1157,30.6,6.29,41.0,73.0,0.78,-3.13,13.6,12.3,15.2,-0.33,ARMED,,18.0
1791264732309,28.630654,77.317617,16.0,CNG,8.99,26.3,2,1231,30.6,9.96,41.0,73.0,0.78,-3.13,13.8,15.5,15.7,0.12,ARMED,,21.6
1791264733213,28.630646,77.317564,18.0,CNG,8.44,25.5,2,1346,57.6,8.76,56.0,74.0,0.78,-3.13,13.8,14.4,17.0,0.83,ARMED,,20.4
1791264733814,28.630646,77.317564,20.0,CNG,9.16,24.3,2,1540,57.6,7.42,56.0,74.0,0.78,-3.13,13.8,12.8,19.8,1.95,ARMED,,19.6
1791264734428,28.630631,77.317509,22.0,CNG,9.86,22.0,2,1606,57.6,7.69,56.0,74.0,0.78,-3.13,13.8,9.6,21.3,2.13,ARMED,,19.2
1791264735346,28.630616,77.317447,23.0,CNG,12.07,20.4,2,1669,30.2,5.16,35.0,74.0,0.78,-3.13,13.8,7.5,22.4,2.14,ARMED,,17.6
1791264735885,28.630602,77.317384,23.0,CNG,14.74,20.0,2,1715,30.2,4.14,35.0,74.0,0.78,-3.13,13.8,7.0,23.5,1.60,ARMED,,16.1
1791264736475,28.630602,77.317384,23.0,CNG,17.11,23.1,2,1697,30.2,3.94,35.0,74.0,0.78,-3.13,13.5,11.2,23.6,1.15,ARMED,,16.1
1791264737398,28.630584,77.317323,23.0,CNG,14.95,22.7,2,1740,34.1,6.92,43.0,74.0,-0.78,-3.13,13.5,10.7,23.8,0.87,ARMED,,18.8
1791264737969,28.630564,77.317260,24.0,CNG,14.36,22.7,2,1806,34.1,6.71,43.0,74.0,-0.78,-3.13,13.8,10.7,24.4,0.80,ARMED,,18.8
1791264738488,28.630564,77.317260,25.0,CNG,13.64,23.1,2,1850,34.1,7.45,43.0,74.0,-0.78,-3.13,13.8,11.2,24.8,0.80,ARMED,,19.6
1791264739434,28.630542,77.317194,25.0,CNG,13.13,22.4,2,1879,38.0,7.63,46.0,74.0,0.78,-3.13,13.7,10.2,25.3,0.80,ARMED,,19.6
1791264739944,28.630522,77.317126,25.0,CNG,12.83,22.4,2,1900,38.0,7.66,46.0,75.0,0.78,-3.13,13.7,10.2,25.6,0.60,ARMED,,19.6
1791264740486,28.630522,77.317126,26.0,CNG,12.43,22.4,2,1911,38.0,8.30,46.0,75.0,0.78,-3.13,13.8,10.2,25.8,0.56,ARMED,,19.6
1791264741394,28.630499,77.317059,26.0,CNG,16.10,14.9,2,1764,26.3,3.51,41.0,75.0,0.00,0.00,13.8,0.0,25.0,-0.14,ARMED,,14.9
1791264741963,28.630483,77.316994,23.0,CNG,19.70,14.9,3,1103,26.3,2.79,41.0,75.0,0.00,0.00,13.7,0.0,23.0,0.00,ARMED,,15.3
1791264742517,28.630483,77.316994,20.0,CNG,20.52,14.9,3,1019,26.3,3.42,41.0,75.0,0.00,0.00,13.7,0.0,21.5,-0.92,ARMED,,15.3
1791264743482,28.630469,77.316944,17.0,CNG,19.75,14.9,3,922,34.9,3.52,43.0,75.0,0.00,0.00,13.6,0.0,19.2,-2.03,ARMED,,14.9
1791264744014,28.630460,77.316918,9.0,CNG,16.00,14.9,,818,34.9,3.52,43.0,75.0,0.00,0.00,13.6,0.0,9.0,0.00,ARMED,,14.9
1791264744560,28.630460,77.316918,7.0,CNG,14.50,14.9,,817,34.9,2.42,43.0,75.0,0.00,0.00,13.7,0.0,7.0,0.00,ARMED,,14.9
1791264745456,28.630454,77.316905,6.0,CNG,11.55,14.9,1,817,36.5,3.21,35.0,75.0,-0.78,0.00,13.7,0.0,6.0,0.00,ARMED,,14.9
1791264746016,28.630453,77.316889,5.0,CNG,6.03,21.2,,805,36.5,7.57,35.0,75.0,-0.78,0.00,13.6,8.6,5.0,0.00,ARMED,,20.4
1791264746525,28.630453,77.316889,5.0,CNG,7.71,14.9,,874,36.5,0.85,35.0,76.0,-0.78,0.00,13.6,0.0,5.0,0.00,ARMED,,11.8
1791264747525,28.630447,77.316875,5.0,CNG,9.08,14.9,,835,23.5,1.34,32.0,76.0,3.91,0.00,13.8,0.0,5.0,0.00,ARMED,,12.9
1791264748034,28.630445,77.316865,4.0,CNG,5.12,21.2,,723,23.5,5.90,32.0,76.0,3.91,0.00,13.8,8.6,4.0,0.00,ARMED,,17.6
1791264748631,28.630445,77.316865,4.0,CNG,3.04,23.1,,890,23.5,8.98,32.0,76.0,3.91,0.00,13.8,11.2,4.0,0.00,ARMED,,21.2
1791264749862,28.630434,77.316844,4.0,CNG,2.43,23.1,,1457,56.5,8.52,71.0,76.0,2.34,-3.91,12.9,11.2,4.0,0.00,ARMED,,20.0
1791264750454,28.630434,77.316844,6.0,CNG,3.82,17.3,1,802,56.5,2.17,71.0,76.0,2.34,-3.91,13.6,3.2,6.0,0.00,ARMED,,12.5
1791264750958,28.630424,77.316831,5.0,CNG,4.28,21.2,,848,56.5,3.62,71.0,76.0,2.34,-3.91,13.6,8.6,5.0,0.00,ARMED,,15.3
1791264751888,28.630413,77.316820,6.0,CNG,4.25,20.8,1,736,65.5,5.41,59.0,76.0,5.47,-0.78,13.7,8.0,6.0,0.00,ARMED,,18.4
1791264752366,28.630413,77.316820,6.0,CNG,3.22,25.1,1,779,65.5,9.44,59.0,76.0,5.47,-0.78,13.7,13.9,6.0,0.00,ARMED,,23.5
1791264752933,28.630400,77.316809,6.0,CNG,2.84,25.1,,1127,65.5,9.33,59.0,76.0,5.47,-0.78,13.5,13.9,6.0,0.00,ARMED,,22.4
1791264753911,28.630380,77.316796,8.0,CNG,3.10,24.7,1,1138,84.7,8.84,81.0,76.0,3.91,-3.91,13.5,13.4,8.0,0.00,ARMED,,21.6
1791264754456,28.630380,77.316796,11.0,CNG,4.60,21.6,2,804,84.7,5.11,81.0,76.0,3.91,-3.91,13.6,9.1,11.0,0.00,ARMED,,18.0
1791264755030,28.630352,77.316788,11.0,CNG,6.85,22.7,2,861,84.7,2.68,81.0,77.0,3.91,-3.91,13.6,10.7,11.0,0.00,ARMED,,13.7
1791264755993,28.630321,77.316787,12.0,CNG,6.35,23.1,2,901,71.0,7.79,49.0,77.0,1.56,-0.78,13.6,11.2,11.5,0.28,ARMED,,21.2
1791264756514,28.630321,77.316787,12.0,CNG,5.99,22.7,2,966,71.0,8.19,49.0,77.0,1.56,-0.78,13.6,10.7,11.9,0.33,ARMED,,20.8
1791264757072,28.630290,77.316794,13.0,CNG,6.31,22.4,2,979,71.0,7.30,49.0,77.0,1.56,-0.78,13.6,10.2,12.1,0.35,ARMED,,20.4
1791264758043,28.630255,77.316806,14.0,CNG,7.12,22.0,2,1061,63.1,6.25,66.0,77.0,-2.34,-3.91,13.6,9.6,12.8,0.66,ARMED,,18.8
1791264758606,28.630255,77.316806,15.0,CNG,7.85,21.6,2,1151,63.1,6.33,66.0,77.0,-2.34,-3.91,13.8,9.1,14.3,1.08,ARMED,,18.8
1791264759160,28.630218,77.316819,16.0,CNG,8.72,21.2,2,1183,63.1,5.98,66.0,77.0,-2.34,-3.91,13.8,8.6,15.0,1.10,ARMED,,18.4
1791264760153,28.630179,77.316834,17.0,CNG,9.40,21.2,2,1252,47.1,6.19,55.0,77.0,-0.78,-3.91,13.8,8.6,15.8,1.24,ARMED,,18.0
1791264760712,28.630179,77.316834,17.0,CNG,9.89,21.2,2,1291,47.1,6.07,55.0,78.0,-0.78,-3.91,13.8,8.6,16.7,1.06,ARMED,,18.4
1791264761238,28.630137,77.316848,18.0,CNG,10.21,21.2,2,1333,47.1,6.41,55.0,78.0,-0.78,-3.91,13.8,8.6,17.2,1.05,ARMED,,18.4
1791264762120,28.630093,77.316861,18.0,CNG,10.42,21.2,2,1361,42.7,6.38,51.0,78.0,0.00,-3.13,13.8,8.6,17.7,1.01,ARMED,,18.4
1791264762654,28.630093,77.316861,19.0,CNG,10.88,21.6,2,1418,42.7,6.24,51.0,78.0,0.00,-3.13,13.6,9.1,18.4,0.98,ARMED,,18.8
1791264763223,28.630050,77.316875,19.0,CNG,10.61,21.6,2,1452,42.7,7.05,51.0,78.0,0.00,-3.13,13.6,9.1,18.9,0.95,ARMED,,18.8
1791264764150,28.630002,77.316892,20.0,CNG,9.34,23.1,2,1480,51.4,9.49,65.0,78.0,5.47,-3.13,13.7,11.2,19.3,0.92,ARMED,,20.8
1791264764671,28.630002,77.316892,21.0,CNG,8.44,24.3,2,1589,51.4,10.71,65.0,78.0,5.47,-3.13,13.7,12.8,20.5,1.13,ARMED,,21.2
1791264765227,28.629951,77.316912,22.0,CNG,8.34,24.3,2,1680,51.4,10.19,65.0,78.0,5.47,-3.13,13.7,12.8,21.5,1.36,ARMED,,20.8
1791264766119,28.629897,77.316930,23.0,CNG,8.79,23.9,2,1755,48.6,9.23,53.0,78.0,0.00,-3.13,13.7,12.3,22.6,1.57,ARMED,,20.4
1791264766697,28.629897,77.316930,25.0,CNG,9.10,23.5,2,1871,48.6,9.97,53.0,78.0,0.00,-3.13,13.7,11.8,24.4,1.76,ARMED,,20.4
1791264767218,28.629839,77.316953,26.0,CNG,9.42,23.5,2,1936,48.6,9.99,53.0,78.0,0.00,-3.13,13.7,11.8,25.4,1.78,ARMED,,20.4
1791264768151,28.629779,77.316977,27.0,CNG,9.77,23.5,2,2003,42.0,9.99,44.0,78.0,0.00,-2.34,13.6,11.8,26.3,1.79,ARMED,,20.4
1791264768702,28.629779,77.316977,28.0,CNG,11.49,23.5,2,2043,42.0,7.06,44.0,79.0,0.00,-2.34,13.6,11.8,27.3,1.37,ARMED,,19.2
1791264769260,28.629715,77.317003,28.0,CNG,13.06,14.9,2,2091,42.0,6.58,44.0,79.0,0.00,-2.34,13.8,0.0,27.8,1.25,ARMED,,18.4
1791264770387,28.629650,77.317027,28.0,CNG,17.45,14.9,,1699,21.6,3.13,36.0,79.0,0.00,-3.13,13.8,0.0,28.0,0.00,ARMED,,15.7
1791264770964,28.629587,77.317051,28.0,CNG,19.86,20.4,3,1395,21.6,4.27,36.0,79.0,0.00,-3.13,13.6,7.5,28.0,0.00,ARMED,,16.1
1791264771522,28.629587,77.317051,28.0,CNG,21.19,20.4,3,1425,21.6,4.53,36.0,79.0,0.00,-3.13,13.6,7.5,28.0,0.00,ARMED,,16.5
1791264772507,28.629523,77.317075,28.0,CNG,22.23,20.4,3,1430,26.7,4.44,37.0,79.0,-0.78,-3.13,13.7,7.5,28.0,0.00,ARMED,,16.5
1791264773061,28.629458,77.317099,28.0,CNG,22.74,20.4,3,1423,26.7,4.52,37.0,79.0,-0.78,-3.13,13.7,7.5,28.0,0.00,ARMED,,16.5
1791264773589,28.629458,77.317099,28.0,CNG,23.38,20.4,3,1431,26.7,4.36,37.0,79.0,-0.78,-3.13,13.7,7.5,28.1,0.02,ARMED,,16.5
1791264774554,28.629392,77.317123,28.0,CNG,21.64,20.4,3,1440,34.1,5.47,45.0,79.0,1.56,-3.13,13.7,7.5,28.2,0.05,ARMED,,17.6
1791264775106,28.629327,77.317149,27.0,CNG,19.86,20.4,3,1420,34.1,5.83,45.0,79.0,1.56,-3.13,13.4,7.5,28.0,-0.02,ARMED,,17.6
1791264775638,28.629327,77.317149,27.0,CNG,19.09,20.4,3,1411,34.1,5.70,45.0,79.0,1.56,-3.13,13.4,7.5,27.8,-0.07,ARMED,,18.0
1791264776569,28.629263,77.317178,27.0,CNG,18.96,20.4,3,1401,38.0,5.47,49.0,79.0,-0.78,-3.13,13.6,7.5,27.6,-0.11,ARMED,,18.0
1791264777116,28.629202,77.317202,27.0,CNG,19.12,20.4,3,1402,38.0,5.30,49.0,79.0,-0.78,-3.13,13.6,7.5,27.5,-0.13,ARMED,,18.0
1791264777760,28.629202,77.317202,27.0,CNG,19.02,20.8,3,1392,38.0,5.44,49.0,79.0,-0.78,-3.13,13.6,8.0,27.3,-0.15,ARMED,,18.0
1791264778753,28.629140,77.317228,27.0,CNG,18.60,20.8,3,1389,41.6,5.70,37.0,80.0,0.00,0.00,13.6,8.0,27.2,-0.16,ARMED,,18.4
1791264779318,28.629078,77.317248,26.0,CNG,23.33,14.9,4,1059,41.6,2.56,37.0,80.0,0.00,0.00,13.6,0.0,26.0,0.00,ARMED,,15.3
1791264779874,28.629019,77.317267,25.0,CNG,26.18,14.9,4,963,41.6,2.92,37.0,80.0,0.00,0.00,13.6,0.0,25.5,-0.31,ARMED,,15.3
1791264780890,28.628980,77.317283,21.0,CNG,24.81,14.9,4,838,37.6,3.53,46.0,80.0,-3.91,0.00,13.7,0.0,23.0,-1.67,ARMED,,14.9
1791264781462,28.628980,77.317283,11.0,CNG,20.79,14.9,2,829,37.6,3.08,46.0,80.0,-3.91,0.00,13.7,0.0,11.0,0.00,ARMED,,15.3
1791264782016,28.628961,77.317289,8.0,CNG,16.53,14.9,,832,37.6,3.17,46.0,80.0,-3.91,0.00,13.6,0.0,8.0,0.00,ARMED,,15.3
1791264782943,28.628948,77.317294,7.0,CNG,13.50,14.9,,833,38.4,3.09,43.0,80.0,-1.56,0.00,13.6,0.0,7.0,0.00,ARMED,,15.3
1791264783521,28.628948,77.317294,5.0,CNG,12.04,14.9,,811,38.4,2.17,43.0,80.0,-1.56,0.00,13.6,0.0,5.0,0.00,ARMED,,12.9
1791264784039,28.628938,77.317298,4.0,CNG,10.36,14.9,,755,38.4,2.15,43.0,80.0,-1.56,0.00,13.6,0.0,4.0,0.00,ARMED,,12.9
1791264785004,28.628931,77.317302,3.0,CNG,4.39,24.7,,748,66.7,7.78,70.0,80.0,11.72,-3.91,13.9,13.4,3.0,0.00,ARMED,,19.6
1791264785601,28.628931,77.317302,4.0,CNG,3.02,24.7,,1563,66.7,8.19,70.0,80.0,11.72,-3.91,13.9,13.4,4.0,0.00,ARMED,,20.0
1791264786125,28.628918,77.317306,8.0,CNG,3.42,23.9,1,1178,66.7,7.85,70.0,80.0,11.72,-3.91,13.7,12.3,8.0,0.00,ARMED,,19.6
1791264787081,28.628895,77.317315,10.0,CNG,4.08,23.9,1,1375,48.2,7.68,38.0,80.0,-0.78,-3.13,13.7,12.3,9.0,0.59,ARMED,,19.2
1791264787681,28.628895,77.317315,11.0,CNG,6.09,14.9,,1275,48.2,3.34,38.0,80.0,-0.78,-3.13,13.5,0.0,11.0,0.00,ARMED,,14.5
1791264788211,28.628869,77.317324,10.0,CNG,7.88,14.9,2,805,48.2,2.90,38.0,80.0,-0.78,-3.13,13.5,0.0,10.0,0.00,ARMED,,14.5
1791264789241,28.628849,77.317331,8.0,CNG,9.12,14.9,,781,37.6,2.41,46.0,80.0,0.00,0.00,13.7,0.0,8.0,0.00,ARMED,,14.5
1791264789722,28.628849,77.317331,6.0,CNG,8.05,14.9,1,809,37.6,3.57,46.0,80.0,0.00,0.00,13.7,0.0,6.0,0.00,ARMED,,15.3
1791264790272,28.628834,77.317337,6.0,CNG,8.13,18.0,1,816,37.6,2.75,46.0,80.0,0.00,0.00,13.7,4.3,6.0,0.00,ARMED,,15.3
1791264791425,28.628821,77.317342,5.0,CNG,5.91,21.6,,836,66.3,5.07,74.0,81.0,6.25,-3.91,13.6,9.1,5.0,0.00,ARMED,,18.4
1791264791968,28.628804,77.317349,8.0,CNG,5.64,21.2,1,1170,66.3,5.67,74.0,81.0,6.25,-3.91,13.6,8.6,8.0,0.00,ARMED,,18.4
1791264792488,28.628804,77.317349,9.0,CNG,5.69,21.2,1,1355,66.3,5.96,74.0,81.0,6.25,-3.91,13.6,8.6,8.5,0.30,ARMED,,18.4
1791264793456,28.628783,77.317358,10.0,CNG,5.71,21.2,1,1456,40.0,6.62,48.0,81.0,-0.78,-3.13,13.8,8.6,9.3,0.70,ARMED,,18.4
1791264793941,28.628757,77.317368,11.0,CNG,6.07,21.2,1,1614,40.0,6.38,48.0,81.0,-0.78,-3.13,13.8,8.6,10.7,1.10,ARMED,,18.8
1791264794494,28.628757,77.317368,12.0,CNG,6.29,21.2,1,1663,40.0,6.94,48.0,81.0,-0.78,-3.13,13.7,8.6,11.3,1.12,ARMED,,18.4
1791264795391,28.628729,77.317380,12.0,CNG,6.56,20.4,1,1722,32.5,6.57,43.0,81.0,1.56,-3.13,13.7,7.5,11.9,1.10,ARMED,,18.4
1791264796002,28.628701,77.317392,12.0,CNG,7.14,20.4,1,1769,32.5,5.61,43.0,81.0,1.56,-3.13,13.6,7.5,12.4,0.80,ARMED,,18.0
1791264796593,28.628701,77.317392,12.0,CNG,7.32,20.0,1,1758,32.5,6.01,43.0,81.0,1.56,-3.13,13.6,7.0,12.5,0.56,ARMED,,18.0
1791264797594,28.628672,77.317404,12.0,CNG,7.40,20.4,1,1754,30.2,6.07,43.0,81.0,0.78,-3.13,13.5,7.5,12.4,0.32,ARMED,,18.0
1791264798151,28.628644,77.317416,12.0,CNG,7.52,20.4,1,1749,30.2,5.92,43.0,81.0,0.78,-3.13,13.5,7.5,12.2,0.04,ARMED,,18.0
1791264798784,28.628644,77.317416,12.0,CNG,9.77,14.9,1,1735,30.2,2.59,43.0,81.0,0.78,-3.13,13.7,0.0,12.1,-0.01,ARMED,,14.9
1791264799690,28.628615,77.317427,12.0,CNG,10.86,14.9,,1134,31.4,3.50,38.0,81.0,0.00,0.00,13.7,0.0,12.0,0.00,ARMED,,14.9
1791264800303,28.628588,77.317438,10.0,CNG,11.24,14.9,,1028,31.4,3.17,38.0,81.0,0.00,0.00,13.6,0.0,10.0,0.00,ARMED,,15.3
1791264800893,28.628567,77.317446,9.0,CNG,11.20,14.9,,908,31.4,3.08,38.0,81.0,0.00,0.00,13.6,0.0,9.0,0.00,ARMED,,14.9
1791264801898,28.628556,77.317450,6.0,CNG,10.46,14.9,1,842,38.8,2.55,47.0,81.0,-0.78,0.00,13.8,0.0,6.0,0.00,ARMED,,15.3
1791264802486,28.628556,77.317450,4.0,CNG,8.71,14.9,,836,38.8,2.69,47.0,81.0,-0.78,0.00,13.8,0.0,4.0,0.00,ARMED,,15.3
1791264803073,28.628548,77.317452,3.0,CNG,6.28,20.4,,838,38.8,3.53,47.0,81.0,-0.78,0.00,13.7,7.5,3.0,0.00,ARMED,,15.3
1791264804015,28.628542,77.317454,3.0,CNG,3.09,22.4,,927,64.3,8.63,63.0,81.0,7.81,-3.91,13.7,10.2,3.0,0.00,ARMED,,22.4
1791264804553,28.628542,77.317454,4.0,CNG,2.53,22.4,,1080,64.3,7.79,63.0,81.0,7.81,-3.91,13.0,10.2,4.0,0.00,ARMED,,20.4
1791264805060,28.628531,77.317458,6.0,CNG,3.52,22.4,,600,64.3,3.81,63.0,82.0,7.81,-3.91,13.0,10.2,6.0,0.00,ARMED,,16.9
1791264806033,28.628513,77.317465,7.0,CNG,4.65,22.4,,546,71.0,3.78,87.0,82.0,2.34,-3.91,13.2,10.2,7.0,0.00,ARMED,,17.3
1791264806599,28.628513,77.317465,10.0,CNG,6.57,21.6,2,710,71.0,3.73,87.0,82.0,2.34,-3.91,13.2,9.1,10.0,0.00,ARMED,,17.6
1791264807147,28.628490,77.317474,10.0,CNG,7.50,20.8,2,743,71.0,4.27,87.0,82.0,2.34,-3.91,13.5,8.0,10.0,0.00,ARMED,,16.1
1791264808117,28.628464,77.317485,10.0,CNG,8.53,20.8,2,774,52.9,3.68,61.0,82.0,-0.78,-3.91,13.5,8.0,10.0,0.00,ARMED,,16.1
1791264808687,28.628464,77.317485,11.0,CNG,9.14,20.8,2,848,52.9,4.17,61.0,82.0,-0.78,-3.91,13.6,8.0,10.7,0.39,ARMED,,16.1
1791264809248,28.628436,77.317496,12.0,CNG,10.56,18.0,2,876,52.9,3.49,61.0,82.0,-0.78,-3.91,13.6,4.3,11.2,0.54,ARMED,,16.1
1791264810209,28.628408,77.317508,12.0,CNG,13.56,14.9,2,881,25.9,2.09,35.0,82.0,-3.91,0.00,13.7,0.0,11.5,0.54,ARMED,,13.3
1791264810767,28.628408,77.317508,11.0,CNG,10.83,19.2,2,828,25.9,5.05,35.0,82.0,-3.91,0.00,13.7,5.9,11.2,0.06,ARMED,,16.9
1791264811358,28.628381,77.317520,11.0,CNG,11.84,18.8,2,804,25.9,3.03,35.0,82.0,-3.91,0.00,13.1,5.4,10.8,-0.15,ARMED,,15.7
1791264812517,28.628355,77.317531,11.0,CNG,12.39,14.9,2,785,40.4,3.14,48.0,83.0,-3.91,0.00,13.7,0.0,10.5,-0.30,ARMED,,14.9
1791264813034,28.628331,77.317541,10.0,CNG,13.28,14.9,2,823,40.4,2.52,48.0,83.0,-3.91,0.00,13.6,0.0,10.6,-0.08,ARMED,,15.3
1791264813601,28.628331,77.317541,9.0,CNG,11.65,14.9,,823,40.4,3.58,48.0,83.0,-3.91,0.00,13.6,0.0,9.0,0.00,ARMED,,15.3
1791264814549,28.628310,77.317549,8.0,CNG,11.60,15.3,,828,39.2,2.64,85.0,83.0,-1.56,-3.13,13.7,0.5,8.0,0.00,ARMED,,15.3
1791264815056,28.628290,77.317557,8.0,CNG,6.27,23.9,1,1156,39.2,8.70,85.0,83.0,-1.56,-3.13,13.7,12.3,8.0,0.00,ARMED,,22.7
1791264815652,28.628290,77.317557,10.0,CNG,5.50,23.1,,1110,39.2,8.01,85.0,83.0,-1.56,-3.13,13.3,11.2,10.0,0.00,ARMED,,21.6
1791264816575,28.628265,77.317567,12.0,CNG,6.17,22.4,2,955,74.9,6.36,73.0,83.0,-1.56,-3.91,13.3,10.2,12.0,0.00,ARMED,,20.0
1791264817145,28.628234,77.317581,14.0,CNG,9.35,14.9,2,1043,74.9,2.45,73.0,83.0,-1.56,-3.91,13.6,0.0,13.4,0.78,ARMED,,13.3
1791264817757,28.628234,77.317581,14.0,CNG,11.73,14.9,,923,74.9,3.07,73.0,83.0,-1.56,-3.91,13.6,0.0,14.0,0.00,ARMED,,14.9
1791264818698,28.628202,77.317595,10.0,CNG,11.86,14.9,2,836,37.6,3.14,45.0,83.0,-3.13,0.00,13.7,0.0,10.0,0.00,ARMED,,14.9
1791264819264,28.628184,77.317603,4.0,CNG,8.96,14.9,,830,37.6,3.51,45.0,83.0,-3.13,0.00,13.7,0.0,4.0,0.00,ARMED,,15.3
1791264819837,28.628184,77.317603,3.0,CNG,6.76,14.9,,833,37.6,3.46,45.0,83.0,-3.13,0.00,13.7,0.0,3.0,0.00,ARMED,,15.3
1791264820785,28.628177,77.317606,3.0,CNG,3.56,23.1,,828,72.5,8.02,87.0,83.0,13.28,-3.91,13.7,11.2,3.0,0.00,ARMED,,20.0
1791264821414,28.628171,77.317608,4.0,CNG,4.17,21.2,,1123,72.5,2.46,87.0,83.0,13.28,-3.91,13.1,8.6,4.0,0.00,ARMED,,14.9
1791264821955,28.628159,77.317613,6.0,CNG,4.34,21.6,1,895,72.5,5.01,87.0,83.0,13.28,-3.91,13.1,9.1,6.0,0.00,ARMED,,17.6
1791264822888,28.628142,77.317621,7.0,CNG,4.53,21.2,,1123,57.3,5.60,56.0,83.0,-1.56,-3.91,13.8,8.6,7.0,0.00,ARMED,,18.0
1791264823385,28.628142,77.317621,9.0,CNG,4.83,21.2,1,1383,57.3,6.63,56.0,84.0,-1.56,-3.91,13.8,8.6,9.0,0.00,ARMED,,18.4
1791264823942,28.628118,77.317631,10.0,CNG,5.34,21.2,1,1519,57.3,6.32,56.0,84.0,-1.56,-3.91,13.7,8.6,9.5,0.28,ARMED,,18.4
1791264824918,28.628091,77.317643,11.0,CNG,5.78,21.2,1,1632,36.9,6.55,48.0,84.0,0.00,-3.13,13.7,8.6,10.4,0.72,ARMED,,18.8
1791264825421,28.628091,77.317643,12.0,CNG,8.01,14.9,1,1716,36.9,3.13,48.0,84.0,0.00,-3.13,13.7,0.0,11.7,1.09,ARMED,,15.3
1791264825994,28.628063,77.317655,12.0,CNG,10.18,14.9,,1089,36.9,2.90,48.0,84.0,0.00,-3.13,13.7,0.0,12.0,0.00,ARMED,,15.3
1791264826921,28.628036,77.317668,12.0,CNG,11.05,14.9,,1085,32.2,3.64,40.0,84.0,-1.56,0.00,13.5,0.0,12.0,0.00,ARMED,,15.3
1791264827463,28.628036,77.317668,10.0,CNG,11.37,14.9,,930,32.2,3.18,40.0,84.0,-1.56,0.00,13.5,0.0,10.0,0.00,ARMED,,15.3
1791264828011,28.628015,77.317679,8.0,CNG,11.42,14.9,,845,32.2,2.64,40.0,84.0,-1.56,0.00,13.8,0.0,8.0,0.00,ARMED,,15.3
1791264828969,28.628003,77.317686,6.0,CNG,9.25,14.9,1,832,38.8,3.60,45.0,84.0,-1.56,0.00,13.8,0.0,6.0,0.00,ARMED,,15.3
1791264829595,28.628003,77.317686,3.0,CNG,6.94,14.9,,839,38.8,3.34,45.0,84.0,-1.56,0.00,13.7,0.0,3.0,0.00,ARMED,,15.3
1791264830114,28.627996,77.317691,3.0,CNG,5.66,16.5,,836,38.8,3.16,45.0,84.0,-1.56,0.00,13.7,2.1,3.0,0.00,ARMED,,15.3
1791264831019,28.627989,77.317695,3.0,CNG,4.87,18.8,,788,30.2,3.13,43.0,84.0,0.78,-3.13,13.3,5.4,3.0,0.00,ARMED,,14.5
1791264831525,28.627989,77.317695,4.0,CNG,4.74,20.0,,632,30.2,3.34,43.0,84.0,0.78,-3.13,13.3,7.0,4.0,0.00,ARMED,,14.9
1791264832097,28.627981,77.317701,5.0,CNG,5.42,14.9,,411,30.2,2.90,43.0,84.0,0.78,-3.13,13.0,0.0,5.0,0.00,ARMED,,14.5
1791264833195,28.627969,77.317710,6.0,CNG,8.98,16.1,,588,33.3,0.68,44.0,84.0,-2.34,-2.34,13.5,1.6,6.0,0.00,ARMED,,11.8
1791264833747,28.627969,77.317710,6.0,CNG,5.45,24.3,1,731,33.3,6.27,44.0,84.0,-2.34,-2.34,13.6,12.8,6.0,0.00,ARMED,,19.2
1791264834241,28.627957,77.317720,6.0,CNG,4.16,24.7,,926,33.3,7.25,44.0,84.0,-2.34,-2.34,13.6,13.4,6.0,0.00,ARMED,,21.2
1791264835230,28.627943,77.317733,8.0,CNG,4.69,14.9,,1298,33.7,5.62,41.0,84.0,0.00,0.00,13.6,0.0,8.0,0.00,ARMED,,17.6
1791264835713,28.627943,77.317733,9.0,CNG,7.02,14.9,,900,33.7,2.21,41.0,85.0,0.00,0.00,13.6,0.0,9.0,0.00,ARMED,,13.3
1791264836216,28.627926,77.317750,9.0,CNG,9.01,14.9,,902,33.7,2.44,41.0,85.0,0.00,0.00,13.8,0.0,9.0,0.00,ARMED,,13.3
1791264837136,28.627911,77.317768,8.0,CNG,7.00,23.9,,813,67.1,5.82,79.0,85.0,11.72,-3.91,13.8,12.3,8.0,0.00,ARMED,,18.4
1791264837664,28.627911,77.317768,9.0,CNG,8.72,14.9,,1438,67.1,2.63,79.0,85.0,11.72,-3.91,13.4,0.0,9.0,0.00,ARMED,,13.3
1791264838174,28.627895,77.317787,10.0,CNG,14.74,18.8,2,731,67.1,0.32,79.0,85.0,11.72,-3.91,13.4,5.4,10.0,0.00,ARMED,,11.4
1791264839159,28.627880,77.317811,10.0,CNG,15.11,19.2,2,710,39.2,2.43,49.0,85.0,-0.78,-3.13,13.7,5.9,10.0,0.00,ARMED,,14.9
1791264839670,28.627880,77.317811,10.0,CNG,13.75,14.9,2,757,39.2,3.12,49.0,85.0,-0.78,-3.13,13.7,0.0,10.0,0.00,ARMED,,14.5
1791264840183,28.627869,77.317837,9.0,CNG,12.11,14.9,,791,39.2,3.37,49.0,85.0,-0.78,-3.13,13.1,0.0,9.0,0.00,ARMED,,14.9
1791264841069,28.627862,77.317860,8.0,CNG,11.18,14.9,,812,37.6,3.09,45.0,85.0,-3.91,0.00,13.1,0.0,8.0,0.00,ARMED,,14.9
1791264841589,28.627862,77.317860,7.0,CNG,9.68,14.9,,825,37.6,3.45,45.0,85.0,-3.91,0.00,13.8,0.0,7.0,0.00,ARMED,,15.3
1791264842096,28.627857,77.317880,7.0,CNG,7.97,18.8,,827,37.6,4.36,45.0,85.0,-3.91,0.00,13.8,5.4,7.0,0.00,ARMED,,16.1
1791264843003,28.627854,77.317902,7.0,CNG,8.21,14.9,,805,46.7,3.08,49.0,85.0,0.78,0.00,13.5,0.0,7.0,0.00,ARMED,,15.3
1791264843502,28.627854,77.317902,8.0,CNG,5.53,22.4,,805,46.7,7.99,49.0,85.0,0.78,0.00,13.5,10.2,8.0,0.00,ARMED,,21.6
1791264844015,28.627855,77.317926,9.0,CNG,5.10,22.0,,931,46.7,7.37,49.0,85.0,0.78,0.00,13.2,9.6,9.0,0.00,ARMED,,21.6
1791264844864,28.627858,77.317957,11.0,CNG,7.62,20.0,2,789,51.0,2.46,51.0,85.0,-0.78,-3.91,13.2,7.0,11.0,0.00,ARMED,,14.5
1791264845388,28.627858,77.317957,12.0,CNG,10.38,19.2,2,861,51.0,2.55,51.0,85.0,-0.78,-3.91,13.8,5.9,11.7,0.38,ARMED,,15.3
1791264845884,28.627864,77.317991,12.0,CNG,9.76,18.4,2,897,51.0,5.04,51.0,85.0,-0.78,-3.91,13.8,4.8,11.9,0.40,ARMED,,16.9
1791264846784,28.627864,77.317991,12.0,CNG,12.00,14.9,2,919,32.2,2.60,40.0,85.0,-0.78,0.00,13.4,0.0,12.1,0.38,ARMED,,14.1
1791264847264,28.627869,77.318026,12.0,CNG,13.36,14.9,2,936,32.2,2.86,40.0,85.0,-0.78,0.00,13.4,0.0,12.1,0.23,ARMED,,14.9
1791264847780,28.627869,77.318026,12.0,CNG,15.04,14.9,2,930,32.2,2.48,40.0,85.0,-0.78,0.00,13.5,0.0,12.1,0.18,ARMED,,14.9
1791264848664,28.627872,77.318061,13.0,CNG,14.94,20.4,2,956,38.0,3.34,60.0,86.0,1.56,-3.13,13.5,7.5,12.2,0.20,ARMED,,15.3
1791264849237,28.627877,77.318098,13.0,CNG,11.24,21.2,2,1011,38.0,5.94,60.0,86.0,1.56,-3.13,13.7,8.6,12.8,0.43,ARMED,,18.0
1791264849777,28.627877,77.318098,14.0,CNG,9.76,20.4,2,1077,38.0,6.42,60.0,86.0,1.56,-3.13,13.7,7.5,13.5,0.69,ARMED,,18.4
1791264850703,28.627887,77.318137,15.0,CNG,9.78,21.6,2,1146,55.3,5.81,63.0,86.0,0.00,-3.13,13.8,9.1,14.3,0.97,ARMED,,17.6
1791264851274,28.627900,77.318178,17.0,CNG,9.24,22.0,2,1233,55.3,7.47,63.0,86.0,0.00,-3.13,13.8,9.6,15.9,1.28,ARMED,,19.2
1791264851829,28.627900,77.318178,17.0,CNG,9.28,22.4,2,1296,55.3,6.93,63.0,86.0,0.00,-3.13,13.8,10.2,16.7,1.40,ARMED,,19.2
1791264852942,28.627927,77.318282,19.0,CNG,9.27,22.4,2,1424,49.0,7.80,53.0,86.0,0.00,-3.13,13.6,10.2,18.1,1.75,ARMED,,19.6
1791264853454,28.627927,77.318282,21.0,CNG,9.62,22.4,2,1548,49.0,7.91,53.0,86.0,0.00,-3.13,13.7,10.2,20.3,1.92,ARMED,,19.2
1791264853960,28.627944,77.318339,22.0,CNG,10.03,22.4,2,1611,49.0,7.89,53.0,86.0,0.00,-3.13,13.7,10.2,21.3,1.92,ARMED,,19.6
1791264854846,28.627962,77.318400,22.0,CNG,10.24,22.4,2,1673,42.4,7.93,50.0,86.0,1.56,-2.34,13.7,10.2,22.2,1.90,ARMED,,19.6
1791264855338,28.627962,77.318400,24.0,CNG,10.58,22.4,2,1760,42.4,8.26,50.0,86.0,1.56,-2.34,13.7,10.2,23.5,1.70,ARMED,,19.6
1791264855913,28.627983,77.318465,24.0,CNG,11.08,22.4,2,1825,42.4,7.70,50.0,86.0,1.56,-2.34,13.8,10.2,24.3,1.66,ARMED,,19.6
1791264856777,28.627983,77.318465,25.0,CNG,11.14,22.4,2,1891,38.8,8.47,50.0,86.0,0.78,-2.34,13.8,10.2,25.1,1.65,ARMED,,19.6
1791264857287,28.628005,77.318532,26.0,CNG,11.48,22.4,2,1949,38.8,8.25,50.0,86.0,0.78,-2.34,13.6,10.2,26.1,1.40,ARMED,,19.6
1791264857805,28.628005,77.318532,27.0,CNG,12.14,21.6,2,2002,38.8,7.80,50.0,86.0,0.78,-2.34,13.6,9.1,26.7,1.36,ARMED,,19.6
1791264858704,28.628030,77.318599,28.0,CNG,14.56,14.9,2,2063,23.5,5.31,36.0,86.0,0.00,0.00,13.8,0.0,27.4,1.36,ARMED,,16.9
1791264859236,28.628055,77.318671,28.0,CNG,13.36,22.0,4,1106,23.5,8.90,36.0,86.0,0.00,0.00,13.8,9.6,28.0,0.00,ARMED,,20.0
1791264859776,28.628055,77.318671,28.0,CNG,13.79,22.0,3,1448,23.5,7.36,36.0,86.0,0.00,0.00,13.8,9.6,28.0,0.00,ARMED,,19.2
1791264860687,28.628080,77.318745,28.0,CNG,13.73,22.0,3,1476,46.3,7.80,53.0,87.0,0.00,-3.13,13.8,9.6,28.0,0.00,ARMED,,19.2
1791264861209,28.628107,77.318822,29.0,CNG,13.89,22.0,3,1510,46.3,7.81,53.0,87.0,0.00,-3.13,13.6,9.6,28.7,0.38,ARMED,,19.2
1791264861743,28.628107,77.318822,30.0,CNG,16.18,22.0,3,1534,46.3,5.41,53.0,87.0,0.00,-3.13,13.6,9.6,29.4,0.72,ARMED,,17.6
1791264862689,28.628133,77.318901,30.0,CNG,17.21,22.0,3,1559,34.1,6.02,43.0,87.0,0.78,-3.13,13.7,9.6,30.1,0.91,ARMED,,18.0
1791264863187,28.628158,77.318977,31.0,CNG,18.47,21.6,3,1580,34.1,5.72,43.0,87.0,0.78,-3.13,13.7,9.1,30.9,0.89,ARMED,,17.3
1791264863693,28.628158,77.318977,31.0,CNG,19.36,21.6,3,1591,34.1,5.66,43.0,87.0,0.78,-3.13,13.8,9.1,31.2,0.86,ARMED,,17.3
1791264864553,28.628185,77.319061,31.0,CNG,19.94,21.6,3,1620,30.6,5.65,41.0,87.0,-0.78,-3.13,13.8,9.1,31.7,0.85,ARMED,,17.6
1791264865078,28.628212,77.319145,32.0,CNG,20.33,21.6,3,1630,30.6,5.82,41.0,87.0,-0.78,-3.13,13.8,9.1,32.0,0.64,ARMED,,17.6
1791264865588,28.628212,77.319145,32.0,CNG,20.56,21.6,3,1647,30.6,5.82,41.0,87.0,-0.78,-3.13,13.8,9.1,32.3,0.61,ARMED,,17.6
1791264866479,28.628243,77.319229,32.0,CNG,21.84,21.6,3,1659,29.8,5.06,40.0,87.0,-0.78,-3.13,13.7,9.1,32.5,0.59,ARMED,,17.6
1791264867022,28.628271,77.319314,33.0,CNG,22.47,21.6,3,1683,29.8,5.35,40.0,87.0,-0.78,-3.13,13.7,9.1,32.9,0.55,ARMED,,17.6
1791264867539,28.628271,77.319314,33.0,CNG,22.24,21.6,3,1700,29.8,5.73,40.0,87.0,-0.78,-3.13,13.8,9.1,33.2,0.55,ARMED,,17.6
1791264868434,28.628302,77.319400,33.0,CNG,22.91,22.4,3,1709,31.4,5.23,45.0,87.0,-1.56,-3.13,13.8,10.2,33.4,0.54,ARMED,,17.6
1791264868959,28.628332,77.319489,34.0,CNG,21.60,22.4,3,1732,31.4,6.48,45.0,87.0,-1.56,-3.13,13.8,10.2,33.9,0.52,ARMED,,18.4
1791264869482,28.628332,77.319489,34.0,CNG,21.62,22.4,3,1754,31.4,5.97,45.0,87.0,-1.56,-3.13,13.8,10.2,34.2,0.54,ARMED,,18.4
1791264870363,28.628363,77.319577,34.0,CNG,20.74,22.4,3,1768,34.9,6.61,51.0,87.0,1.56,-3.13,13.7,10.2,34.5,0.54,ARMED,,18.4
1791264870880,28.628394,77.319670,35.0,CNG,18.52,22.7,3,1801,34.9,8.30,51.0,87.0,1.56,-3.13,13.7,10.7,35.1,0.58,ARMED,,20.0
1791264871395,28.628394,77.319670,36.0,CNG,16.44,23.1,3,1827,34.9,9.66,51.0,87.0,1.56,-3.13,13.6,11.2,35.5,0.62,ARMED,,20.4
1791264872366,28.628426,77.319763,36.0,CNG,16.29,23.1,3,1844,44.3,8.51,54.0,88.0,2.34,-2.34,13.7,11.2,35.9,0.64,ARMED,,20.0
1791264872962,28.628459,77.319860,37.0,CNG,16.24,23.5,3,1895,44.3,8.70,54.0,88.0,2.34,-2.34,13.7,11.8,36.9,0.72,ARMED,,20.4
1791264873493,28.628459,77.319860,37.0,CNG,16.05,23.1,3,1909,44.3,8.92,54.0,88.0,2.34,-2.34,13.7,11.2,37.2,0.72,ARMED,,20.4
1791264874390,28.628492,77.319959,38.0,CNG,15.55,23.1,3,1942,43.9,9.71,52.0,88.0,5.47,-2.34,13.6,11.2,37.8,0.76,ARMED,,20.4
1791264874950,28.628527,77.320059,38.0,CNG,20.66,14.9,3,1741,43.9,3.63,52.0,88.0,5.47,-2.34,13.6,0.0,35.5,-0.90,ARMED,,14.9
1791264875498,28.628527,77.320059,38.0,CNG,17.22,23.1,5,1130,43.9,10.45,52.0,88.0,5.47,-2.34,13.7,11.2,38.0,0.00,ARMED,,21.2
1791264876423,28.628557,77.320160,38.0,CNG,16.86,23.1,4,1479,53.7,8.84,58.0,88.0,0.00,-3.13,13.7,11.2,38.0,0.00,ARMED,,20.0
1791264876969,28.628587,77.320260,38.0,CNG,17.00,22.0,4,1493,53.7,8.39,58.0,88.0,0.00,-3.13,13.5,9.6,38.0,0.00,ARMED,,19.6
1791264877464,28.628587,77.320260,39.0,CNG,19.54,14.9,4,1499,53.7,5.94,58.0,88.0,0.00,-3.13,13.5,0.0,38.5,0.29,ARMED,,17.6
1791264878397,28.628621,77.320363,39.0,CNG,25.40,14.9,4,1483,21.2,3.26,31.0,88.0,0.00,0.00,13.8,0.0,38.8,0.34,ARMED,,15.3
1791264878884,28.628651,77.320460,37.0,CNG,30.15,14.9,4,1433,21.2,3.30,31.0,88.0,0.00,0.00,13.8,0.0,37.7,-0.47,ARMED,,15.3
1791264879396,28.628651,77.320460,36.0,CNG,33.02,14.9,4,1405,21.2,3.52,31.0,88.0,0.00,0.00,13.7,0.0,36.9,-0.80,ARMED,,14.9
1791264880297,28.628681,77.320555,35.0,CNG,37.39,15.7,4,1375,20.0,2.81,60.0,89.0,0.00,-3.13,13.7,1.1,36.0,-1.09,ARMED,,14.9
1791264880855,28.628711,77.320645,35.0,CNG,26.62,22.4,4,1365,20.0,7.24,60.0,89.0,0.00,-3.13,13.7,10.2,35.1,-1.04,ARMED,,19.6
1791264881403,28.628711,77.320645,35.0,CNG,25.09,22.4,4,1372,20.0,5.77,60.0,89.0,0.00,-3.13,13.7,10.2,35.0,-0.79,ARMED,,18.0
1791264882346,28.628742,77.320740,36.0,CNG,23.49,22.4,4,1381,40.4,6.38,52.0,89.0,-1.56,-3.13,13.6,10.2,35.1,-0.49,ARMED,,18.0
1791264882855,28.628775,77.320838,36.0,CNG,24.75,18.4,4,1412,40.4,5.09,52.0,89.0,-1.56,-3.13,13.6,4.8,35.8,0.21,ARMED,,16.9
1791264883390,28.628775,77.320838,36.0,CNG,30.21,14.9,4,1408,40.4,3.04,52.0,89.0,-1.56,-3.13,13.8,0.0,36.1,0.25,ARMED,,14.9
1791264884232,28.628806,77.320932,36.0,CNG,33.47,14.9,4,1381,20.8,3.43,32.0,89.0,0.00,0.00,13.8,0.0,35.9,0.07,ARMED,,14.9
1791264884748,28.628806,77.320932,35.0,CNG,38.09,14.9,4,1345,20.8,2.75,32.0,89.0,0.00,0.00,13.8,0.0,35.1,-0.42,ARMED,,14.9
1791264885266,28.628836,77.321026,34.0,CNG,41.91,14.9,4,1323,20.8,2.60,32.0,89.0,0.00,0.00,13.8,0.0,34.5,-0.65,ARMED,,14.9
1791264886212,28.628862,77.321115,33.0,CNG,46.10,14.9,5,906,22.4,2.29,32.0,89.0,0.00,0.00,13.5,0.0,33.0,0.00,ARMED,,12.9
1791264886711,28.628862,77.321115,28.0,CNG,48.24,14.9,,722,22.4,2.02,32.0,89.0,0.00,0.00,13.5,0.0,28.0,0.00,ARMED,,12.5
1791264887213,28.628884,77.321189,24.0,CNG,40.08,14.9,5,733,22.4,3.04,32.0,89.0,0.00,0.00,13.6,0.0,24.0,0.00,ARMED,,14.1
1791264888116,28.628899,77.321248,22.0,CNG,39.80,14.9,4,770,38.0,2.13,46.0,89.0,-5.47,0.00,13.6,0.0,22.0,0.00,ARMED,,14.5
1791264888636,28.628899,77.321248,20.0,CNG,36.32,14.9,4,808,38.0,2.45,46.0,89.0,-5.47,0.00,13.7,0.0,20.6,-0.77,ARMED,,14.9
1791264889174,28.628914,77.321301,19.0,CNG,33.55,14.9,4,809,38.0,2.46,46.0,89.0,-5.47,0.00,13.7,0.0,19.6,-1.13,ARMED,,15.3
1791264890338,28.628929,77.321352,19.0,CNG,26.86,14.9,4,812,39.2,3.61,48.0,89.0,-3.13,0.00,13.6,0.0,19.0,-1.12,ARMED,,15.3
1791264891057,28.628943,77.321403,18.0,CNG,25.81,14.9,3,825,39.2,2.83,48.0,89.0,-3.13,0.00,13.6,0.0,18.0,0.00,ARMED,,14.9
1791264891717,28.628943,77.321403,18.0,CNG,22.84,14.9,3,831,39.2,3.56,48.0,89.0,-3.13,0.00,13.7,0.0,18.0,0.00,ARMED,,15.3
1791264893066,28.628968,77.321501,18.0,CNG,22.65,14.9,3,832,38.0,3.06,46.0,89.0,-1.56,0.00,13.7,0.0,18.0,0.00,ARMED,,15.3
1791264893751,28.628968,77.321501,17.0,CNG,22.63,14.9,3,829,38.0,2.86,46.0,89.0,-1.56,0.00,13.6,0.0,17.2,-0.41,ARMED,,14.9
1791264894382,28.628979,77.321548,15.0,CNG,19.67,14.9,3,837,38.0,3.58,46.0,89.0,-1.56,0.00,13.6,0.0,17.0,-0.39,ARMED,,15.3
1791264895580,28.628989,77.321585,12.0,CNG,18.13,14.9,2,836,37.6,2.93,46.0,89.0,1.56,-0.78,13.7,0.0,12.0,0.00,ARMED,,14.9
1791264896282,28.628999,77.321618,12.0,CNG,8.76,25.1,,1016,37.6,10.21,46.0,89.0,1.56,-0.78,13.7,13.9,12.0,0.00,ARMED,,25.5
1791264896944,28.629007,77.321657,14.0,CNG,7.42,23.1,2,1037,37.6,8.79,46.0,89.0,1.56,-0.78,13.5,11.2,14.0,0.00,ARMED,,21.6
1791264898077,28.629019,77.321701,16.0,CNG,7.55,23.1,2,1222,65.1,7.87,62.0,89.0,0.00,-3.13,13.5,11.2,15.1,0.66,ARMED,,20.8
1791264898734,28.629019,77.321701,18.0,CNG,8.01,22.4,2,1366,65.1,7.91,62.0,89.0,0.00,-3.13,13.5,10.2,17.5,1.53,ARMED,,19.6
1791264899306,28.629036,77.321751,19.0,CNG,8.38,22.4,2,1431,65.1,8.11,62.0,89.0,0.00,-3.13,13.5,10.2,18.7,1.71,ARMED,,19.6
1791264900192,28.629053,77.321804,20.0,CNG,8.83,22.4,2,1500,47.5,8.01,50.0,89.0,-0.78,-3.13,13.7,10.2,19.7,1.76,ARMED,,19.6
1791264900681,28.629053,77.321804,21.0,CNG,9.39,22.0,2,1558,47.5,7.80,50.0,90.0,-0.78,-3.13,13.7,9.6,20.9,1.54,ARMED,,19.2
1791264901196,28.629073,77.321862,22.0,CNG,10.14,22.0,2,1613,47.5,7.38,50.0,90.0,-0.78,-3.13,13.8,9.6,21.6,1.52,ARMED,,19.2
1791264902075,28.629092,77.321922,22.0,CNG,10.23,21.2,2,1652,38.4,8.08,46.0,90.0,-0.78,-3.13,13.8,8.6,22.2,1.46,ARMED,,19.6
1791264902602,28.629092,77.321922,23.0,CNG,12.15,18.4,2,1691,38.4,5.34,46.0,90.0,-0.78,-3.13,13.7,4.8,22.9,1.11,ARMED,,17.6
1791264903156,28.629113,77.321982,23.0,CNG,15.66,14.9,2,1682,38.4,3.29,46.0,90.0,-0.78,-3.13,13.7,0.0,23.0,0.79,ARMED,,15.7
1791264904064,28.629130,77.322038,22.0,CNG,17.65,14.9,2,1606,20.0,3.82,32.0,90.0,0.00,0.00,13.8,0.0,22.5,0.28,ARMED,,15.7
1791264904554,28.629130,77.322038,20.0,CNG,19.58,14.9,2,1456,20.0,3.18,32.0,90.0,0.00,0.00,13.8,0.0,20.5,-0.99,ARMED,,15.3
1791264905111,28.629148,77.322090,19.0,CNG,11.91,27.8,2,1481,20.0,10.06,32.0,90.0,0.00,0.00,13.7,17.7,19.9,-1.02,ARMED,,20.4
1791264906035,28.629166,77.322141,20.0,CNG,9.33,26.7,2,1531,59.6,10.85,44.0,90.0,1.56,-3.13,13.7,16.1,19.9,-0.70,ARMED,,21.6
1791264906590,28.629166,77.322141,22.0,CNG,12.15,20.4,2,1666,59.6,4.02,44.0,90.0,1.56,-3.13,13.8,7.5,21.3,0.48,ARMED,,15.7
1791264907100,28.629187,77.322196,22.0,CNG,13.59,21.2,2,1672,59.6,5.11,44.0,90.0,1.56,-3.13,13.8,8.6,21.9,0.69,ARMED,,17.3
1791264908063,28.629208,77.322256,23.0,CNG,15.13,21.2,2,1685,26.7,4.87,37.0,90.0,-2.34,-3.13,13.6,8.6,22.4,0.72,ARMED,,17.3
1791264908572,28.629208,77.322256,23.0,CNG,16.14,14.9,2,1742,26.7,4.90,37.0,90.0,-2.34,-3.13,13.6,0.0,23.2,0.75,ARMED,,16.9
1791264909092,28.629229,77.322318,24.0,CNG,19.27,16.1,2,1739,26.7,3.45,37.0,90.0,-2.34,-3.13,13.7,1.6,23.4,0.71,ARMED,,16.1
1791264909977,28.629249,77.322381,23.0,CNG,20.78,20.0,2,1737,20.4,3.71,30.0,90.0,0.00,-3.13,13.7,7.0,23.5,0.55,ARMED,,16.1
1791264910515,28.629249,77.322381,23.0,CNG,20.72,20.8,2,1725,20.4,4.24,30.0,90.0,0.00,-3.13,13.7,8.0,23.4,0.18,ARMED,,16.9
1791264911049,28.629270,77.322444,23.0,CNG,17.31,20.8,2,1781,20.4,6.30,30.0,90.0,0.00,-3.13,13.7,8.0,23.6,0.22,ARMED,,18.4
1791264911990,28.629291,77.322512,24.0,CNG,15.98,20.8,2,1803,30.2,6.34,42.0,90.0,-0.78,-3.13,13.7,8.0,23.9,0.27,ARMED,,18.0
1791264912499,28.629291,77.322512,25.0,CNG,15.02,20.8,2,1852,30.2,6.86,42.0,90.0,-0.78,-3.13,13.7,8.0,24.6,0.51,ARMED,,18.4
1791264913024,28.629313,77.322579,25.0,CNG,14.50,20.8,2,1859,30.2,6.89,42.0,90.0,-0.78,-3.13,13.7,8.0,24.8,0.51,ARMED,,18.8
1791264914080,28.629334,77.322648,25.0,CNG,14.24,20.8,2,1892,31.8,6.85,44.0,90.0,0.00,-3.13,13.5,8.0,25.2,0.54,ARMED,,18.8
1791264914611,28.629334,77.322648,26.0,CNG,14.80,20.8,2,1939,31.8,6.31,44.0,90.0,0.00,-3.13,13.4,8.0,25.9,0.57,ARMED,,18.8
1791264915118,28.629355,77.322718,26.0,CNG,14.67,20.8,2,1967,31.8,6.82,44.0,90.0,0.00,-3.13,13.4,8.0,26.2,0.59,ARMED,,18.4
1791264915995,28.629375,77.322789,27.0,CNG,15.68,19.6,2,1983,26.7,5.91,37.0,90.0,0.00,-3.13,13.7,6.4,26.5,0.58,ARMED,,18.4
1791264916495,28.629375,77.322789,27.0,CNG,17.38,18.8,2,1988,26.7,4.98,37.0,90.0,0.00,-3.13,13.7,5.4,26.7,0.42,ARMED,,16.9
1791264917022,28.629397,77.322861,27.0,CNG,18.95,18.8,2,1974,26.7,4.70,37.0,90.0,0.00,-3.13,13.7,5.4,26.7,0.27,ARMED,,16.9
1791264917909,28.629419,77.322934,26.0,CNG,20.21,18.8,2,1960,21.6,4.39,35.0,90.0,1.56,-3.13,13.7,5.4,26.6,0.10,ARMED,,16.9
1791264918486,28.629419,77.322934,26.0,CNG,19.80,18.8,2,1946,21.6,5.15,35.0,90.0,1.56,-3.13,13.6,5.4,26.2,-0.14,ARMED,,16.9
1791264918985,28.629439,77.323004,26.0,CNG,20.12,18.8,2,1926,21.6,4.79,35.0,90.0,1.56,-3.13,13.6,5.4,26.0,-0.19,ARMED,,16.5
1791264919914,28.629458,77.323074,26.0,CNG,20.80,14.9,2,1924,22.0,4.51,32.0,90.0,0.00,0.00,13.8,0.0,25.8,-0.21,ARMED,,16.1
1791264920399,28.629458,77.323074,25.0,CNG,21.37,14.9,2,1871,22.0,4.26,32.0,90.0,0.00,0.00,13.8,0.0,25.2,-0.43,ARMED,,16.5
1791264920930,28.629477,77.323138,25.0,CNG,22.99,14.9,2,1827,22.0,3.65,32.0,90.0,0.00,0.00,13.8,0.0,24.8,-0.59,ARMED,,16.1
1791264921869,28.629494,77.323198,24.0,CNG,22.32,19.2,2,1792,19.2,4.28,30.0,90.0,0.00,-3.13,13.8,5.9,24.2,-0.72,ARMED,,16.1
1791264922369,28.629494,77.323198,24.0,CNG,21.73,18.8,2,1779,19.2,4.37,30.0,90.0,0.00,-3.13,13.8,5.4,23.8,-0.67,ARMED,,16.1
1791264922857,28.629513,77.323264,24.0,CNG,21.79,14.9,2,1797,19.2,4.17,30.0,89.0,0.00,-3.13,13.8,0.0,23.7,-0.48,ARMED,,16.1
1791264923768,28.629513,77.323264,23.0,CNG,21.51,14.9,2,1744,19.6,4.15,32.0,89.0,0.00,0.00,13.8,0.0,23.4,-0.50,ARMED,,16.1
1791264924252,28.629531,77.323326,23.0,CNG,22.16,14.9,2,1674,19.6,3.76,32.0,89.0,0.00,0.00,13.8,0.0,22.6,-0.71,ARMED,,15.7
1791264924829,28.629531,77.323326,22.0,CNG,22.61,16.5,2,1624,19.6,3.58,32.0,89.0,0.00,0.00,13.8,2.1,22.0,-0.84,ARMED,,15.7
1791264925713,28.629549,77.323380,21.0,CNG,21.50,18.8,2,1640,23.9,4.01,34.0,89.0,0.00,-3.13,13.8,5.4,21.8,-0.72,ARMED,,16.5
1791264926239,28.629566,77.323438,22.0,CNG,20.58,19.6,2,1634,23.9,4.33,34.0,89.0,0.00,-3.13,13.6,6.4,21.6,-0.44,ARMED,,16.9
1791264926737,28.629566,77.323438,22.0,CNG,18.53,20.0,2,1636,23.9,5.19,34.0,89.0,0.00,-3.13,13.6,7.0,21.7,-0.28,ARMED,,17.6
1791264927648,28.629586,77.323496,22.0,CNG,15.54,20.8,2,1651,34.5,6.69,46.0,89.0,-1.56,-3.13,13.5,8.0,21.8,-0.11,ARMED,,18.4
1791264928154,28.629602,77.323557,23.0,CNG,14.12,21.2,2,1703,34.5,7.01,46.0,89.0,-1.56,-3.13,13.5,8.6,22.5,0.32,ARMED,,18.8
1791264928681,28.629602,77.323557,23.0,CNG,13.38,21.2,2,1725,34.5,7.04,46.0,89.0,-1.56,-3.13,13.5,8.6,22.8,0.46,ARMED,,18.8
1791264929625,28.629617,77.323617,24.0,CNG,13.05,21.2,2,1757,36.9,7.24,48.0,89.0,-0.78,-3.13,13.5,8.6,23.3,0.60,ARMED,,18.8
1791264930163,28.629635,77.323683,24.0,CNG,13.23,21.6,2,1816,36.9,6.76,48.0,89.0,-0.78,-3.13,13.7,9.1,24.2,0.77,ARMED,,18.8
1791264930655,28.629635,77.323683,25.0,CNG,13.19,21.6,2,1841,36.9,7.24,48.0,89.0,-0.78,-3.13,13.7,9.1,24.6,0.79,ARMED,,19.2
1791264931544,28.629651,77.323746,25.0,CNG,13.17,21.6,2,1867,36.5,7.23,48.0,89.0,0.00,-3.13,13.5,9.1,25.0,0.78,ARMED,,19.2
1791264932052,28.629670,77.323818,26.0,CNG,13.43,21.6,2,1910,36.5,7.16,48.0,89.0,0.00,-3.13,13.5,9.1,25.7,0.77,ARMED,,19.2
1791264932564,28.629670,77.323818,26.0,CNG,13.00,21.6,2,1934,36.5,7.96,48.0,89.0,0.00,-3.13,13.7,9.1,26.0,0.75,ARMED,,19.2
1791264933537,28.629688,77.323888,26.0,CNG,12.63,21.6,2,1970,35.7,8.15,48.0,89.0,1.56,-3.13,13.7,9.1,26.4,0.76,ARMED,,19.6
1791264934107,28.629706,77.323958,27.0,CNG,12.97,21.6,2,2004,35.7,7.61,48.0,89.0,1.56,-3.13,13.6,9.1,27.0,0.71,ARMED,,19.6
1791264934591,28.629706,77.323958,27.0,CNG,12.95,21.6,2,2026,35.7,7.95,48.0,89.0,1.56,-3.13,13.6,9.1,27.3,0.68,ARMED,,19.2
1791264935504,28.629726,77.324030,27.0,CNG,12.84,21.6,2,2056,27.8,8.09,38.0,89.0,-0.78,-3.13,13.8,9.1,27.6,0.67,ARMED,,19.6
1791264935993,28.629748,77.324103,28.0,CNG,16.38,14.9,2,1975,27.8,3.94,38.0,89.0,-0.78,-3.13,13.8,0.0,27.1,0.06,ARMED,,16.1
1791264936566,28.629748,77.324103,28.0,CNG,20.23,20.4,3,1471,27.8,3.46,38.0,89.0,-0.78,-3.13,13.9,7.5,28.0,0.00,ARMED,,14.9
1791264937448,28.629770,77.324176,27.0,CNG,21.76,20.8,3,1455,30.2,4.17,40.0,89.0,-0.78,-3.13,13.9,8.0,27.5,-0.31,ARMED,,16.9
1791264937967,28.629792,77.324244,28.0,CNG,21.41,21.2,3,1417,30.2,5.09,40.0,89.0,-0.78,-3.13,13.8,8.6,27.7,-0.01,ARMED,,16.9
1791264938475,28.629792,77.324244,28.0,CNG,21.12,20.8,3,1433,30.2,5.14,40.0,89.0,-0.78,-3.13,13.8,8.0,27.9,0.03,ARMED,,16.9
1791264939423,28.629815,77.324315,28.0,CNG,27.17,14.9,3,1444,23.1,2.25,32.0,89.0,0.00,0.00,13.1,0.0,27.9,0.04,ARMED,,13.7
1791264939940,28.629833,77.324388,26.0,CNG,34.75,14.9,5,807,23.1,1.57,32.0,89.0,0.00,0.00,13.1,0.0,26.0,0.00,ARMED,,12.2
1791264940443,28.629833,77.324388,25.0,CNG,25.53,21.2,3,1337,23.1,5.33,32.0,89.0,0.00,0.00,13.6,8.6,25.0,0.00,ARMED,,17.6
1791264941374,28.629851,77.324450,25.0,CNG,23.87,21.2,3,1277,34.9,4.39,44.0,89.0,-2.34,-3.13,13.6,8.6,25.0,0.00,ARMED,,16.9
1791264941893,28.629869,77.324520,26.0,CNG,21.68,21.6,3,1324,34.9,5.18,44.0,89.0,-2.34,-3.13,13.8,9.1,25.7,0.38,ARMED,,16.9
1791264942385,28.629869,77.324520,26.0,CNG,15.10,25.9,3,1333,34.9,9.51,44.0,89.0,-2.34,-3.13,13.8,15.0,25.9,0.40,ARMED,,20.4
1791264943339,28.629890,77.324591,26.0,CNG,11.77,26.7,3,1364,71.8,11.17,78.0,89.0,6.25,-3.13,13.7,16.1,26.1,0.38,ARMED,,22.7
1791264943847,28.629912,77.324666,28.0,CNG,10.72,26.7,3,1442,71.8,11.17,78.0,89.0,6.25,-3.13,13.7,16.1,27.2,0.81,ARMED,,22.4
1791264944369,28.629912,77.324666,29.0,CNG,10.63,22.4,3,1486,71.8,10.50,78.0,89.0,6.25,-3.13,13.6,10.2,28.0,1.05,ARMED,,22.4
1791264945301,28.629938,77.324744,29.0,CNG,13.36,23.1,3,1493,36.9,5.22,58.0,89.0,-3.13,-3.13,13.6,11.2,28.6,1.05,ARMED,,17.3
1791264945830,28.629938,77.324744,29.0,CNG,12.52,24.3,3,1492,36.9,9.61,58.0,89.0,-3.13,-3.13,13.5,12.8,28.9,0.70,ARMED,,20.4
1791264946311,28.629963,77.324818,29.0,CNG,12.28,24.3,3,1503,36.9,9.23,58.0,89.0,-3.13,-3.13,13.5,12.8,29.0,0.57,ARMED,,20.8
1791264947187,28.629989,77.324892,30.0,CNG,12.67,24.3,3,1523,56.1,8.59,62.0,89.0,0.78,-3.13,13.6,12.8,29.3,0.56,ARMED,,20.4
1791264947716,28.629989,77.324892,30.0,CNG,12.47,24.3,3,1545,56.1,9.37,62.0,89.0,0.78,-3.13,13.6,12.8,29.7,0.54,ARMED,,20.4
1791264948237,28.630017,77.324970,31.0,CNG,12.76,24.3,3,1583,56.1,8.92,62.0,89.0,0.78,-3.13,13.8,12.8,30.2,0.66,ARMED,,20.4
1791264949116,28.630049,77.325048,31.0,CNG,12.45,24.3,3,1595,54.1,9.80,60.0,90.0,0.78,-3.13,13.8,12.8,30.6,0.69,ARMED,,20.4
1791264949698,28.630049,77.325048,32.0,CNG,12.53,24.3,3,1617,54.1,9.62,60.0,90.0,0.78,-3.13,13.8,12.8,31.2,0.67,ARMED,,20.4
1791264950217,28.630080,77.325128,32.0,CNG,15.79,14.9,3,1627,54.1,4.79,60.0,90.0,0.78,-3.13,13.8,0.0,31.5,0.64,ARMED,,16.9
1791264951130,28.630109,77.325210,31.0,CNG,20.56,14.9,3,1589,21.2,3.10,30.0,90.0,0.00,0.00,13.8,0.0,31.3,0.30,ARMED,,15.3
1791264951623,28.630109,77.325210,29.0,CNG,24.61,18.4,3,1486,21.2,3.05,30.0,90.0,0.00,0.00,13.8,4.8,29.6,-0.78,ARMED,,15.3
1791264952165,28.630137,77.325285,28.0,CNG,16.51,23.1,3,1468,21.2,9.90,30.0,90.0,0.00,0.00,13.6,11.2,28.8,-1.04,ARMED,,20.4
1791264953205,28.630164,77.325357,28.0,CNG,14.14,23.1,3,1431,56.5,9.23,65.0,90.0,3.13,-3.13,13.6,11.2,27.9,-1.23,ARMED,,20.4
1791264953728,28.630164,77.325357,28.0,CNG,14.99,23.1,3,1455,56.5,6.44,65.0,90.0,3.13,-3.13,13.8,11.2,27.7,-0.67,ARMED,,18.4
1791264954264,28.630191,77.325432,28.0,CNG,15.84,23.1,3,1457,56.5,6.14,65.0,90.0,3.13,-3.13,13.8,11.2,27.7,-0.43,ARMED,,18.4
1791264955192,28.630219,77.325505,28.0,CNG,19.22,14.9,3,1457,23.1,3.75,31.0,90.0,-3.13,-3.13,13.7,0.0,27.8,-0.26,ARMED,,15.3
1791264955684,28.630219,77.325505,26.0,CNG,22.35,14.9,3,1254,23.1,3.25,31.0,90.0,-3.13,-3.13,13.7,0.0,25.3,-1.52,ARMED,,14.5
1791264956212,28.630247,77.325567,24.0,CNG,20.73,22.4,3,1227,23.1,4.95,31.0,90.0,-3.13,-3.13,13.7,10.2,24.2,-1.75,ARMED,,16.9
1791264957155,28.630272,77.325625,24.0,CNG,18.18,22.4,3,1222,47.5,6.02,40.0,90.0,-1.56,-3.13,13.7,10.2,23.4,-1.62,ARMED,,18.0
1791264957677,28.630272,77.325625,24.0,CNG,18.81,22.4,3,1187,47.5,4.59,40.0,90.0,-1.56,-3.13,13.7,10.2,22.7,-1.20,ARMED,,17.3
1791264958202,28.630296,77.325687,23.0,CNG,15.91,23.1,3,1201,47.5,6.86,40.0,90.0,-1.56,-3.13,13.7,11.2,22.6,-0.82,ARMED,,18.8
1791264959134,28.630318,77.325750,24.0,CNG,15.45,15.7,3,1205,39.6,6.16,36.0,90.0,0.00,-3.13,13.6,1.1,22.8,-0.46,ARMED,,18.8
1791264959629,28.630318,77.325750,23.0,CNG,17.60,14.9,3,1205,39.6,3.89,36.0,90.0,0.00,-3.13,13.6,0.0,23.0,-0.09,ARMED,,15.7
1791264960153,28.630339,77.325811,22.0,CNG,22.32,14.9,3,1155,39.6,2.13,36.0,90.0,0.00,-3.13,13.6,0.0,22.7,-0.27,ARMED,,14.1
1791264961038,28.630358,77.325861,20.0,CNG,27.24,14.9,3,1009,23.5,1.73,35.0,90.0,0.00,-0.78,13.6,0.0,21.1,-1.14,ARMED,,13.7
1791264961592,28.630358,77.325861,18.0,CNG,18.54,22.0,3,961,23.5,5.83,35.0,90.0,0.00,-0.78,13.6,9.6,19.1,-1.72,ARMED,,18.0
1791264962106,28.630371,77.325908,18.0,CNG,15.19,19.6,3,932,23.5,5.88,35.0,90.0,0.00,-0.78,13.6,6.4,18.0,-1.74,ARMED,,18.8
1791264963061,28.630387,77.325956,18.0,CNG,17.40,14.9,3,933,37.6,3.01,44.0,90.0,-7.03,-0.78,13.7,0.0,17.6,-1.47,ARMED,,14.1
1791264963554,28.630387,77.325956,17.0,CNG,20.03,14.9,3,878,37.6,2.42,44.0,90.0,-7.03,-0.78,13.7,0.0,16.7,-1.20,ARMED,,14.9
1791264964100,28.630402,77.326001,17.0,CNG,15.98,27.5,3,894,37.6,5.35,44.0,90.0,-7.03,-0.78,13.7,17.1,16.6,-0.87,ARMED,,18.0
1791264964975,28.630416,77.326047,17.0,CNG,10.07,27.5,3,878,93.3,10.11,99.0,90.0,7.03,-3.91,13.7,17.1,16.5,-0.65,ARMED,,26.7
1791264965507,28.630416,77.326047,19.0,CNG,15.35,14.9,3,968,93.3,1.32,99.0,90.0,7.03,-3.91,13.5,0.0,17.8,0.39,ARMED,,14.1
1791264966061,28.630430,77.326098,18.0,CNG,17.77,25.5,3,941,93.3,2.94,99.0,90.0,7.03,-3.91,13.5,14.4,18.1,0.42,ARMED,,14.9
1791264967008,28.630445,77.326150,18.0,CNG,9.32,25.9,2,1226,66.7,12.58,75.0,90.0,3.91,-3.13,13.8,15.0,18.0,0.00,ARMED,,23.9
1791264967579,28.630445,77.326150,20.0,CNG,7.88,25.9,2,1507,66.7,11.67,75.0,90.0,3.91,-3.13,13.8,15.0,19.4,0.77,ARMED,,22.0
1791264968103,28.630463,77.326206,22.0,CNG,7.80,25.9,2,1614,66.7,10.86,75.0,90.0,3.91,-3.13,13.3,15.0,20.9,1.44,ARMED,,22.0
1791264968963,28.630482,77.326270,23.0,CNG,7.79,25.5,2,1710,58.0,11.24,64.0,89.0,0.00,-2.34,13.3,14.4,22.3,1.83,ARMED,,22.0
1791264969496,28.630482,77.326270,25.0,CNG,8.23,24.3,2,1839,58.0,10.71,64.0,89.0,0.00,-2.34,13.7,12.8,24.6,2.24,ARMED,,21.6
1791264969996,28.630504,77.326339,25.0,CNG,8.49,24.3,2,1881,58.0,10.71,64.0,89.0,0.00,-2.34,13.7,12.8,25.7,2.20,ARMED,,20.8
1791264970986,28.630525,77.326407,26.0,CNG,8.95,23.9,2,1911,47.5,10.23,55.0,89.0,-1.56,-2.34,13.6,12.3,26.4,1.92,ARMED,,20.8
1791264971482,28.630525,77.326407,26.0,CNG,9.03,23.9,2,1953,47.5,10.80,55.0,89.0,-1.56,-2.34,13.6,12.3,27.0,1.26,ARMED,,21.2
1791264971985,28.630548,77.326477,26.0,CNG,8.79,24.7,2,1962,47.5,11.70,55.0,89.0,-1.56,-2.34,13.6,13.4,27.2,0.97,ARMED,,21.6
1791264973078,28.630570,77.326550,27.0,CNG,9.01,24.7,2,1984,49.4,10.97,55.0,89.0,0.00,-2.34,13.5,13.4,27.3,0.71,ARMED,,21.2
1791264973594,28.630570,77.326550,27.0,CNG,9.06,25.1,2,2047,49.4,11.24,55.0,89.0,0.00,-2.34,13.6,13.9,27.8,0.64,ARMED,,21.6
1791264974087,28.630592,77.326626,28.0,CNG,9.75,25.5,2,2082,49.4,9.74,55.0,88.0,0.00,-2.34,13.6,14.4,28.1,0.65,ARMED,,20.8
1791264975064,28.630615,77.326703,29.0,CNG,9.99,25.1,2,2127,40.0,10.67,46.0,88.0,-0.78,-3.13,13.8,13.9,28.6,0.69,ARMED,,20.8
1791264975597,28.630615,77.326703,29.0,CNG,13.23,14.9,2,1984,40.0,4.43,46.0,88.0,-0.78,-3.13,13.8,0.0,27.7,-0.19,ARMED,,16.1
1791264976189,28.630638,77.326778,28.0,CNG,11.11,26.7,3,1536,40.0,11.91,46.0,88.0,-0.78,-3.13,13.7,16.1,28.0,0.00,ARMED,,22.0
1791264977084,28.630664,77.326855,29.0,CNG,11.15,26.7,3,1466,59.6,9.85,66.0,88.0,3.13,-3.13,13.7,16.1,28.5,0.31,ARMED,,21.2
1791264977600,28.630664,77.326855,30.0,CNG,11.50,26.3,3,1545,59.6,9.46,66.0,88.0,3.13,-3.13,13.7,15.5,29.6,0.77,ARMED,,20.4
1791264978080,28.630689,77.326935,31.0,CNG,12.44,25.9,3,1571,59.6,8.39,66.0,88.0,3.13,-3.13,13.7,15.0,30.5,1.06,ARMED,,20.0
1791264978992,28.630716,77.327019,31.0,CNG,12.73,25.1,3,1599,49.4,8.94,55.0,88.0,0.78,-3.13,13.7,13.9,31.0,1.06,ARMED,,20.0
1791264979493,28.630716,77.327019,32.0,CNG,13.63,24.7,3,1638,49.4,8.03,55.0,88.0,0.78,-3.13,13.7,13.4,31.8,1.03,ARMED,,20.0
1791264980007,28.630743,77.327105,32.0,CNG,14.45,24.3,3,1669,49.4,7.69,55.0,88.0,0.78,-3.13,13.7,12.8,32.4,1.03,ARMED,,19.6
1791264980865,28.630770,77.327196,33.0,CNG,14.68,24.3,3,1697,42.4,8.35,57.0,88.0,0.00,-3.13,13.7,12.8,32.9,1.03,ARMED,,19.6
1791264981370,28.630770,77.327196,34.0,CNG,13.88,23.9,3,1731,42.4,10.03,57.0,88.0,0.00,-3.13,13.7,12.3,33.7,1.00,ARMED,,20.4
1791264981909,28.630798,77.327286,34.0,CNG,13.91,23.9,3,1759,42.4,9.27,57.0,88.0,0.00,-3.13,13.7,12.3,34.2,0.99,ARMED,,20.4
1791264982805,28.630798,77.327286,35.0,CNG,13.57,23.9,3,1788,49.0,10.14,56.0,88.0,0.00,-2.34,13.7,12.3,34.7,0.99,ARMED,,20.8
1791264983316,28.630826,77.327378,36.0,CNG,13.64,23.9,3,1823,49.0,9.97,56.0,88.0,0.00,-2.34,13.7,12.3,35.5,0.96,ARMED,,20.8
1791264983846,28.630826,77.327378,36.0,CNG,13.69,23.5,3,1852,49.0,9.95,56.0,88.0,0.00,-2.34,13.5,11.8,36.0,0.97,ARMED,,20.8
1791264984710,28.630857,77.327467,37.0,CNG,14.03,23.5,3,1900,45.1,9.66,52.0,88.0,-0.78,-2.34,13.5,11.8,36.7,1.10,ARMED,,20.4
1791264985213,28.630889,77.327566,37.0,CNG,14.96,22.7,3,1931,45.1,8.50,52.0,88.0,-0.78,-2.34,13.8,10.7,37.6,1.08,ARMED,,20.0
1791264985723,28.630889,77.327566,38.0,CNG,16.21,22.4,3,1929,45.1,7.84,52.0,88.0,-0.78,-2.34,13.8,10.2,37.8,0.89,ARMED,,19.6
1791264986637,28.630920,77.327668,38.0,CNG,16.85,22.4,3,1968,38.8,8.08,50.0,88.0,0.00,-3.13,13.8,10.2,38.3,0.89,ARMED,,19.6
1791264987158,28.630953,77.327771,39.0,CNG,16.96,22.4,3,1977,38.8,8.66,50.0,89.0,0.00,-3.13,13.8,10.2,38.7,0.65,ARMED,,20.0
1791264987682,28.630953,77.327771,39.0,CNG,17.09,22.4,3,2013,38.8,8.58,50.0,89.0,0.00,-3.13,13.6,10.2,39.1,0.67,ARMED,,20.0
1791264988553,28.630985,77.327875,39.0,CNG,16.82,22.4,3,2024,38.0,9.03,51.0,89.0,4.69,-3.13,13.6,10.2,39.4,0.66,ARMED,,20.0
1791264989099,28.631017,77.327982,40.0,CNG,17.16,22.4,3,2057,38.0,8.60,51.0,89.0,4.69,-3.13,13.6,10.2,40.0,0.67,ARMED,,20.0
1791264989622,28.631017,77.327982,40.0,CNG,17.84,22.4,3,2061,38.0,8.03,51.0,89.0,4.69,-3.13,13.6,10.2,40.2,0.63,ARMED,,20.0
1791264990539,28.631050,77.328088,40.0,CNG,18.25,22.4,3,2068,36.5,8.05,45.0,89.0,0.00,-3.13,13.8,10.2,40.4,0.58,ARMED,,19.6
1791264991086,28.631082,77.328198,40.0,CNG,22.67,14.9,3,1902,36.5,4.29,45.0,89.0,0.00,-3.13,13.8,0.0,38.3,-0.90,ARMED,,16.1
1791264991616,28.631082,77.328198,41.0,CNG,25.74,20.8,5,1340,36.5,4.86,45.0,89.0,0.00,-3.13,13.7,8.0,41.0,0.00,ARMED,,16.9
1791264992651,28.631117,77.328305,40.0,CNG,27.11,22.0,4,1547,32.9,5.16,46.0,89.0,0.78,-3.13,13.7,9.6,40.0,0.00,ARMED,,16.9
1791264993176,28.631151,77.328410,40.0,CNG,25.08,22.4,4,1573,32.9,6.75,46.0,89.0,0.78,-3.13,13.8,10.2,40.0,0.00,ARMED,,18.4
1791264993727,28.631151,77.328410,41.0,CNG,25.25,21.6,4,1585,32.9,6.11,46.0,89.0,0.78,-3.13,13.8,9.1,40.5,0.30,ARMED,,18.0
1791264994624,28.631185,77.328520,41.0,CNG,26.89,21.6,4,1597,31.0,5.24,43.0,89.0,0.00,-3.13,13.8,9.1,40.8,0.35,ARMED,,17.6
1791264995135,28.631219,77.328632,42.0,CNG,27.97,21.6,4,1609,31.0,5.38,43.0,89.0,0.00,-3.13,13.8,9.1,41.3,0.39,ARMED,,17.6
1791264995678,28.631219,77.328632,42.0,CNG,29.36,21.6,4,1633,31.0,5.04,43.0,89.0,0.00,-3.13,13.7,9.1,41.7,0.53,ARMED,,17.3
1791264996568,28.631255,77.328743,43.0,CNG,30.73,21.6,4,1660,29.8,4.96,41.0,89.0,-3.13,-3.13,13.7,9.1,42.3,0.73,ARMED,,17.6
1791264997069,28.631291,77.328856,43.0,CNG,30.52,21.6,4,1672,29.8,5.41,41.0,89.0,-3.13,-3.13,13.8,9.1,43.0,0.74,ARMED,,17.3
1791264997567,28.631291,77.328856,43.0,CNG,30.98,21.6,4,1687,29.8,5.16,41.0,89.0,-3.13,-3.13,13.8,9.1,43.4,0.74,ARMED,,17.6
1791264998450,28.631328,77.328974,44.0,CNG,31.41,21.6,4,1695,29.0,5.22,40.0,89.0,-0.78,-3.13,13.7,9.1,43.7,0.72,ARMED,,17.6
1791264999007,28.631366,77.329090,44.0,CNG,29.39,22.0,4,1708,29.0,6.23,40.0,89.0,-0.78,-3.13,13.7,9.6,44.1,0.56,ARMED,,18.4
1791264999515,28.631366,77.329090,44.0,CNG,26.51,22.0,4,1729,29.0,7.23,40.0,89.0,-0.78,-3.13,13.6,9.6,44.4,0.58,ARMED,,19.2
1791265000383,28.631403,77.329210,44.0,CNG,24.30,22.0,4,1737,40.0,7.74,50.0,89.0,0.00,-3.13,13.6,9.6,44.7,0.57,ARMED,,19.2
1791265000902,28.631442,77.329332,45.0,CNG,23.13,22.4,4,1752,40.0,7.92,50.0,89.0,0.00,-3.13,13.7,10.2,45.1,0.54,ARMED,,19.6
1791265001411,28.631442,77.329332,46.0,CNG,23.02,22.4,4,1773,40.0,7.65,50.0,89.0,0.00,-3.13,13.7,10.2,45.4,0.58,ARMED,,19.6
1791265002309,28.631480,77.329453,46.0,CNG,21.50,23.1,4,1784,45.9,8.92,55.0,89.0,3.13,-3.13,13.8,11.2,45.8,0.59,ARMED,,20.4
1791265002870,28.631520,77.329576,46.0,CNG,20.97,23.1,4,1790,45.9,8.65,55.0,89.0,3.13,-3.13,13.8,11.2,46.1,0.53,ARMED,,20.0
1791265003394,28.631520,77.329576,46.0,CNG,20.65,23.1,4,1784,45.9,8.66,55.0,89.0,3.13,-3.13,13.7,11.2,46.1,0.37,ARMED,,20.0
1791265004273,28.631558,77.329699,46.0,CNG,19.90,23.1,4,1797,45.5,9.27,53.0,89.0,0.78,-3.13,13.7,11.2,46.3,0.35,ARMED,,20.0
1791265004810,28.631558,77.329699,46.0,CNG,19.55,23.1,4,1807,45.5,9.18,53.0,89.0,0.78,-3.13,13.8,11.2,46.5,0.32,ARMED,,20.0
1791265005324,28.631597,77.329823,46.0,CNG,19.89,23.1,4,1796,45.5,8.57,53.0,89.0,0.78,-3.13,13.8,11.2,46.4,0.17,ARMED,,20.4
1791265006230,28.631634,77.329945,46.0,CNG,19.07,23.5,4,1784,47.8,9.74,55.0,89.0,1.56,-2.34,13.8,11.8,46.2,-0.01,CANDIDATE,46.2,20.4
1791265006974,28.631673,77.330067,46.0,CNG,18.69,23.5,4,1786,47.8,9.64,55.0,89.0,1.56,-2.34,13.8,11.8,46.0,-0.06,LOCKED,46.0,20.4
1791265007557,28.631673,77.330067,46.0,CNG,18.97,23.5,4,1796,47.8,9.01,55.0,89.0,1.56,-2.34,13.7,11.8,46.1,-0.03,LOCKED,46.0,20.4
1791265008407,28.631712,77.330192,46.0,CNG,18.87,23.5,4,1776,47.5,9.34,54.0,89.0,-0.78,-2.34,13.7,11.8,45.9,-0.15,LOCKED,46.0,20.4
1791265008941,28.631750,77.330315,46.0,CNG,19.69,23.1,4,1785,47.5,8.31,54.0,89.0,-0.78,-2.34,13.6,11.2,45.8,-0.12,LOCKED,46.0,20.0
1791265009429,28.631750,77.330315,46.0,CNG,21.66,19.2,4,1788,47.5,6.86,54.0,89.0,-0.78,-2.34,13.6,5.9,45.9,-0.09,LOCKED,46.0,18.8
1791265010395,28.631789,77.330434,46.0,CNG,28.17,18.0,4,1769,19.6,3.41,37.0,90.0,-1.56,-3.13,13.7,4.3,45.7,-0.14,LOCKED,46.0,15.7
1791265010919,28.631827,77.330555,45.0,CNG,30.01,21.2,4,1744,19.6,5.13,37.0,90.0,-1.56,-3.13,13.7,8.6,45.0,-0.40,LOCKED,46.0,16.9
1791265011458,28.631827,77.330555,45.0,CNG,32.29,21.2,4,1726,19.6,4.69,37.0,90.0,-1.56,-3.13,13.8,8.6,44.6,-0.52,LOCKED,46.0,17.3
1791265012465,28.631863,77.330674,45.0,CNG,32.24,21.2,4,1726,25.5,5.32,37.0,90.0,0.00,-3.13,13.8,8.6,44.4,-0.51,LOCKED,46.0,17.3
1791265013045,28.631901,77.330790,45.0,CNG,31.09,21.6,4,1710,25.5,5.80,37.0,90.0,0.00,-3.13,13.8,9.1,44.0,-0.47,LOCKED,46.0,17.6
1791265013580,28.631901,77.330790,44.0,CNG,29.74,21.6,4,1735,25.5,6.00,37.0,89.0,0.00,-3.13,13.8,9.1,44.2,-0.18,LOCKED,46.0,17.6
1791265014485,28.631938,77.330907,44.0,CNG,28.94,25.1,4,1734,41.6,6.02,51.0,90.0,0.78,-3.13,13.8,13.9,44.4,-0.03,LOCKED,46.0,18.4
1791265015004,28.631975,77.331026,44.0,CNG,25.00,24.3,4,1732,41.6,8.07,51.0,89.0,0.78,-3.13,13.8,12.8,44.5,0.01,LOCKED,46.0,19.6
1791265015555,28.631975,77.331026,44.0,CNG,22.34,22.4,4,1742,41.6,8.69,51.0,89.0,0.78,-3.13,13.7,10.2,44.6,0.05,LOCKED,46.0,20.4
1791265016471,28.632011,77.331145,45.0,CNG,21.06,24.7,4,1744,43.9,8.81,53.0,89.0,-3.91,-3.13,13.7,13.4,44.8,0.07,LOCKED,46.0,20.0
1791265017023,28.632048,77.331264,45.0,CNG,19.26,24.7,4,1747,43.9,10.01,53.0,89.0,-3.91,-3.13,13.6,13.4,44.9,0.10,LOCKED,46.0,21.2
1791265017567,28.632048,77.331264,46.0,CNG,18.58,24.7,4,1769,43.9,9.90,53.0,89.0,-3.91,-3.13,13.6,13.4,45.2,0.27,LOCKED,46.0,20.8
1791265018550,28.632084,77.331387,47.0,CNG,16.81,25.5,4,1821,56.1,12.09,60.0,89.0,1.56,-2.34,13.6,14.4,46.1,0.71,LOCKED,46.0,22.0
1791265019033,28.632124,77.331510,47.0,CNG,16.39,25.5,4,1834,56.1,11.30,60.0,89.0,1.56,-2.34,13.6,14.4,47.1,0.87,LOCKED,46.0,21.6
1791265019585,28.632124,77.331510,47.0,CNG,15.90,25.5,4,1858,56.1,11.74,60.0,89.0,1.56,-2.34,13.7,14.4,47.6,0.91,LOCKED,46.0,21.6
1791265020451,28.632165,77.331636,48.0,CNG,16.28,28.6,4,1860,58.0,10.82,72.0,89.0,2.34,-2.34,13.7,18.7,48.0,0.87,LOCKED,46.0,21.2
1791265020962,28.632206,77.331767,49.0,CNG,14.84,28.6,4,1909,58.0,14.15,72.0,89.0,2.34,-2.34,13.6,18.7,49.0,0.94,LOCKED,46.0,23.9
1791265021460,28.632206,77.331767,50.0,CNG,14.24,27.8,4,1931,58.0,14.13,72.0,89.0,2.34,-2.34,13.6,17.7,49.6,0.97,LOCKED,46.0,23.5
1791265022357,28.632248,77.331902,51.0,CNG,14.61,14.9,4,1964,39.6,12.77,31.0,90.0,-7.03,-3.13,13.7,0.0,50.3,1.10,LOCKED,46.0,22.7
1791265022850,28.632287,77.332035,50.0,CNG,19.83,14.9,4,1945,39.6,4.49,31.0,89.0,-7.03,-3.13,13.7,0.0,50.5,0.65,LOCKED,46.0,16.1
1791265023366,28.632287,77.332035,49.0,CNG,24.90,14.9,4,1902,39.6,4.57,31.0,89.0,-7.03,-3.13,13.8,0.0,49.9,0.13,LOCKED,46.0,16.5
1791265024281,28.632327,77.332162,48.0,CNG,29.40,14.9,4,1863,19.6,4.47,33.0,90.0,0.00,0.00,13.8,0.0,49.0,-0.45,LOCKED,46.0,16.5
1791265024790,28.632327,77.332162,47.0,CNG,32.75,14.9,4,1832,19.6,4.49,33.0,90.0,0.00,0.00,13.8,0.0,47.6,-1.02,LOCKED,46.0,16.1
1791265025293,28.632363,77.332286,46.0,CNG,35.41,14.9,4,1786,19.6,4.31,33.0,90.0,0.00,0.00,13.8,0.0,46.5,-1.35,LOCKED,46.0,16.1
1791265026254,28.632399,77.332399,46.0,CNG,37.12,18.0,4,1763,18.0,4.36,50.0,89.0,0.00,-3.13,13.7,4.3,45.6,-1.48,LOCKED,46.0,16.1
1791265026755,28.632399,77.332399,46.0,CNG,28.16,24.3,4,1775,18.0,8.50,50.0,89.0,0.00,-3.13,13.7,12.8,45.3,-0.89,LOCKED,46.0,19.6
1791265027313,28.632436,77.332515,46.0,CNG,24.57,24.3,4,1802,18.0,8.49,50.0,89.0,0.00,-3.13,13.8,12.8,45.6,-0.43,LOCKED,46.0,19.6
1791265028209,28.632468,77.332636,47.0,CNG,24.31,23.5,4,1822,37.6,7.47,46.0,89.0,-1.56,-3.13,13.8,11.8,46.1,0.04,LOCKED,46.0,19.2
1791265028765,28.632468,77.332636,48.0,CNG,24.91,22.7,4,1871,37.6,7.06,46.0,89.0,-1.56,-3.13,13.6,10.7,47.5,0.82,LOCKED,46.0,18.8
1791265029294,28.632494,77.332767,49.0,CNG,27.19,19.6,4,1884,37.6,5.95,46.0,89.0,-1.56,-3.13,13.6,6.4,48.2,0.98,LOCKED,46.0,18.4
1791265030204,28.632515,77.332905,49.0,CNG,31.74,14.9,4,1899,20.0,4.43,31.0,89.0,0.00,0.00,13.9,0.0,48.8,1.01,LOCKED,46.0,16.5
1791265030698,28.632515,77.332905,49.0,CNG,35.58,14.9,4,1899,20.0,4.30,31.0,89.0,0.00,0.00,13.9,0.0,49.2,0.69,LOCKED,46.0,16.5
1791265031244,28.632534,77.333040,49.0,CNG,39.89,14.9,4,1885,20.0,3.83,31.0,89.0,0.00,0.00,13.8,0.0,49.1,0.42,LOCKED,46.0,16.5
1791265032248,28.632552,77.333178,49.0,CNG,38.47,20.8,4,1916,21.6,5.10,35.0,88.0,0.00,-3.13,13.7,8.0,49.3,0.42,LOCKED,46.0,16.9
1791265032769,28.632552,77.333178,50.0,CNG,40.23,14.9,4,1894,21.6,4.41,35.0,88.0,0.00,-3.13,13.9,0.0,49.1,0.08,LOCKED,46.0,16.5
1791265033298,28.632572,77.333316,50.0,CNG,40.25,14.9,4,1917,21.6,4.72,35.0,88.0,0.00,-3.13,13.9,0.0,49.3,0.13,LOCKED,46.0,16.5
1791265034331,28.632591,77.333456,50.0,CNG,40.06,14.9,4,1934,19.6,4.78,33.0,88.0,0.00,0.00,13.7,0.0,49.6,0.27,LOCKED,46.0,16.5
1791265034872,28.632607,77.333592,50.0,CNG,40.25,14.9,4,1925,19.6,4.69,33.0,88.0,0.00,0.00,13.7,0.0,49.8,0.23,LOCKED,46.0,16.5
1791265035431,28.632607,77.333592,49.0,CNG,40.28,14.9,4,1899,19.6,4.62,33.0,88.0,0.00,0.00,13.8,0.0,49.5,-0.02,LOCKED,46.0,16.5
1791265036446,28.632618,77.333728,49.0,CNG,40.20,14.9,4,1911,19.6,4.65,32.0,88.0,0.00,0.00,13.8,0.0,49.4,-0.04,LOCKED,46.0,16.5
1791265036970,28.632628,77.333860,48.0,CNG,41.02,14.9,4,1879,19.6,4.31,32.0,88.0,0.00,0.00,13.6,0.0,48.7,-0.38,LOCKED,46.0,16.5
1791265037459,28.632628,77.333860,48.0,CNG,43.09,14.9,4,1854,19.6,3.91,32.0,88.0,0.00,0.00,13.6,0.0,48.2,-0.58,LOCKED,46.0,16.5
1791265038381,28.632636,77.333993,48.0,CNG,44.84,14.9,4,1854,19.2,3.82,33.0,87.0,0.00,0.00,13.6,0.0,47.9,-0.60,LOCKED,46.0,16.5
1791265038875,28.632645,77.334128,48.0,CNG,44.41,14.9,4,1833,19.2,4.17,33.0,87.0,0.00,0.00,13.6,0.0,47.3,-0.60,LOCKED,46.0,16.1
1791265039416,28.632645,77.334128,47.0,CNG,43.12,18.0,4,1839,19.2,4.33,33.0,87.0,0.00,0.00,13.8,4.3,47.2,-0.47,LOCKED,46.0,16.9
1791265040348,28.632649,77.334259,47.0,CNG,38.86,19.2,4,1852,24.7,5.29,37.0,87.0,3.91,-3.13,13.8,5.9,47.4,-0.22,LOCKED,46.0,17.6
1791265040868,28.632655,77.334389,46.0,CNG,34.63,20.4,4,1791,24.7,5.90,37.0,87.0,3.91,-3.13,13.8,7.5,46.5,-0.59,LOCKED,46.0,17.6
1791265041363,28.632655,77.334389,46.0,CNG,32.26,20.0,4,1805,24.7,5.99,37.0,87.0,3.91,-3.13,13.8,7.0,46.4,-0.55,LOCKED,46.0,17.6
1791265042264,28.632657,77.334518,47.0,CNG,31.87,20.4,4,1811,23.5,5.71,34.0,87.0,-2.34,-3.13,13.8,7.5,46.4,-0.37,LOCKED,46.0,18.0
1791265042777,28.632657,77.334518,47.0,CNG,36.34,20.4,4,1798,23.5,3.89,34.0,87.0,-2.34,-3.13,13.8,7.5,46.3,-0.31,LOCKED,46.0,16.5
1791265043284,28.632660,77.334648,47.0,CNG,37.06,20.4,4,1808,23.5,4.68,34.0,87.0,-2.34,-3.13,13.8,7.5,46.4,-0.15,LOCKED,46.0,16.5
1791265044161,28.632661,77.334779,46.0,CNG,37.34,20.0,4,1806,20.4,4.63,32.0,87.0,-0.78,-3.13,13.8,7.0,46.4,-0.11,LOCKED,46.0,16.5
1791265044667,28.632661,77.334779,46.0,CNG,41.16,20.0,4,1777,20.4,3.59,32.0,87.0,-0.78,-3.13,13.7,7.0,46.0,-0.30,LOCKED,46.0,16.1
1791265045158,28.632661,77.334907,46.0,CNG,41.20,14.9,4,1769,20.4,4.24,32.0,87.0,-0.78,-3.13,13.7,0.0,45.8,-0.33,LOCKED,46.0,16.1
1791265046059,28.632659,77.335034,45.0,CNG,44.27,18.8,4,1759,19.2,3.42,31.0,87.0,0.00,-3.91,13.6,5.4,45.5,-0.36,LOCKED,46.0,16.1
1791265046577,28.632659,77.335034,45.0,CNG,43.15,19.6,4,1742,19.2,4.12,31.0,87.0,0.00,-3.91,13.6,6.4,45.0,-0.40,LOCKED,46.0,16.1
1791265047117,28.632660,77.335159,45.0,CNG,42.49,19.6,4,1728,19.2,4.12,31.0,87.0,0.00,-3.91,13.9,6.4,44.7,-0.43,LOCKED,46.0,15.7
1791265047991,28.632659,77.335286,44.0,CNG,41.98,20.4,4,1738,21.6,4.06,35.0,87.0,0.00,-3.91,13.9,7.5,44.7,-0.38,LOCKED,46.0,16.1
1791265048548,28.632659,77.335286,44.0,CNG,38.94,20.4,4,1690,21.6,4.77,35.0,87.0,0.00,-3.91,13.8,7.5,43.9,-0.65,LOCKED,46.0,16.5
1791265049023,28.632658,77.335404,44.0,CNG,37.51,21.2,4,1678,21.6,4.71,35.0,87.0,0.00,-3.91,13.8,8.6,43.4,-0.67,LOCKED,46.0,16.5
1791265049899,28.632656,77.335527,44.0,CNG,32.11,21.2,4,1677,32.5,6.34,46.0,87.0,-0.78,-3.13,13.7,8.6,43.2,-0.64,LOCKED,46.0,18.0
1791265050436,28.632656,77.335527,43.0,CNG,29.58,20.8,4,1660,32.5,6.20,46.0,88.0,-0.78,-3.13,13.7,8.0,42.8,-0.59,LOCKED,46.0,18.4
1791265050957,28.632655,77.335650,43.0,CNG,27.95,20.8,4,1653,32.5,6.34,46.0,88.0,-0.78,-3.13,13.8,8.0,42.6,-0.56,LOCKED,46.0,18.4
1791265051964,28.632654,77.335770,43.0,CNG,26.58,20.8,4,1654,34.1,6.61,45.0,88.0,0.00,-3.13,13.7,8.0,42.5,-0.44,LOCKED,46.0,18.4
1791265052539,28.632654,77.335770,43.0,CNG,25.68,20.8,4,1671,34.1,6.69,45.0,88.0,0.00,-3.13,13.7,8.0,42.9,0.01,LOCKED,46.0,18.4
1791265053018,28.632654,77.335890,43.0,CNG,26.17,20.4,4,1660,34.1,6.07,45.0,88.0,0.00,-3.13,13.7,7.5,42.9,0.01,LOCKED,46.0,18.4
1791265053934,28.632653,77.336008,43.0,CNG,27.25,20.4,4,1664,31.8,5.63,43.0,88.0,0.78,-3.13,13.7,7.5,43.0,0.03,LOCKED,46.0,18.0
1791265054450,28.632653,77.336008,42.0,CNG,27.25,20.8,4,1652,31.8,5.86,43.0,88.0,0.78,-3.13,13.7,8.0,42.8,-0.03,LOCKED,46.0,18.0
1791265055028,28.632650,77.336127,42.0,CNG,27.03,20.8,4,1641,31.8,5.98,43.0,88.0,0.78,-3.13,13.7,8.0,42.6,-0.09,LOCKED,46.0,18.0
1791265055892,28.632648,77.336246,42.0,CNG,26.37,20.8,4,1657,34.1,6.28,46.0,89.0,-0.78,-3.13,13.7,8.0,42.6,-0.05,LOCKED,46.0,18.0
1791265056444,28.632648,77.336246,42.0,CNG,23.85,24.7,4,1630,34.1,7.66,46.0,89.0,-0.78,-3.13,13.6,13.4,42.2,-0.26,LOCKED,46.0,19.2
1791265056982,28.632646,77.336365,42.0,CNG,22.45,24.3,4,1637,34.1,7.74,46.0,89.0,-0.78,-3.13,13.6,12.8,42.1,-0.24,LOCKED,46.0,19.2
1791265057919,28.632644,77.336485,42.0,CNG,21.88,23.9,4,1631,42.4,7.58,49.0,89.0,-0.78,-3.13,13.8,12.3,42.0,-0.23,LOCKED,46.0,19.2
1791265058441,28.632644,77.336485,43.0,CNG,21.53,23.9,4,1672,42.4,7.77,49.0,89.0,-0.78,-3.13,13.8,12.3,42.7,0.27,LOCKED,46.0,19.2
1791265058959,28.632644,77.336608,43.0,CNG,21.84,23.9,4,1679,42.4,7.33,49.0,89.0,-0.78,-3.13,13.8,12.3,43.1,0.39,LOCKED,46.0,19.2
1791265059867,28.632644,77.336732,43.0,CNG,22.06,23.9,4,1690,41.6,7.30,50.0,89.0,1.56,-3.13,13.8,12.3,43.4,0.43,LOCKED,46.0,19.2
1791265060384,28.632644,77.336732,44.0,CNG,22.96,23.1,4,1714,41.6,6.85,50.0,89.0,1.56,-3.13,13.7,11.2,44.0,0.50,LOCKED,46.0,19.2
1791265060944,28.632643,77.336853,44.0,CNG,23.06,23.5,4,1708,41.6,7.21,50.0,90.0,1.56,-3.13,13.7,11.8,44.2,0.45,LOCKED,46.0,19.2
1791265061830,28.632643,77.336853,44.0,CNG,23.17,23.5,4,1726,39.2,7.17,51.0,90.0,0.78,-3.13,13.8,11.8,44.4,0.46,LOCKED,46.0,19.2
1791265062315,28.632644,77.336978,45.0,CNG,20.81,23.5,4,1743,39.2,9.44,51.0,90.0,0.78,-3.13,13.8,11.8,44.9,0.48,LOCKED,46.0,20.4
1791265062877,28.632642,77.337105,44.0,CNG,20.19,23.5,4,1732,39.2,8.66,51.0,90.0,0.78,-3.13,13.7,11.8,44.9,0.32,LOCKED,46.0,20.0
1791265063734,28.632642,77.337105,45.0,CNG,19.60,23.5,4,1743,47.1,9.11,55.0,90.0,1.56,-3.13,13.7,11.8,45.0,0.30,LOCKED,46.0,20.0
1791265064278,28.632640,77.337230,45.0,CNG,19.66,23.5,4,1760,47.1,8.66,55.0,90.0,1.56,-3.13,13.8,11.8,45.3,0.31,LOCKED,46.0,20.4
1791265064820,28.632640,77.337230,45.0,CNG,20.55,21.6,4,1759,47.1,7.77,55.0,90.0,1.56,-3.13,13.8,9.1,45.4,0.29,LOCKED,46.0,19.6
1791265065690,28.632642,77.337360,45.0,CNG,22.06,22.0,4,1750,38.4,6.90,51.0,91.0,-0.78,-3.13,13.7,9.6,45.3,0.16,LOCKED,46.0,18.8
1791265066177,28.632642,77.337486,45.0,CNG,21.56,22.4,4,1748,38.4,8.21,51.0,91.0,-0.78,-3.13,13.7,10.2,45.1,-0.01,LOCKED,46.0,19.6
1791265066690,28.632642,77.337486,46.0,CNG,21.66,22.7,4,1760,38.4,8.02,51.0,91.0,-0.78,-3.13,13.6,10.7,45.2,0.01,LOCKED,46.0,19.6
1791265067585,28.632641,77.337618,46.0,CNG,21.76,22.7,4,1760,42.4,7.98,52.0,91.0,0.78,-3.13,13.6,10.7,45.3,0.03,LOCKED,46.0,19.6
1791265068165,28.632644,77.337749,46.0,CNG,21.59,22.7,4,1797,42.4,8.20,52.0,91.0,0.78,-3.13,13.7,10.7,46.0,0.41,LOCKED,46.0,19.6
1791265068680,28.632644,77.337749,47.0,CNG,22.13,22.7,4,1812,42.4,7.78,52.0,91.0,0.78,-3.13,13.7,10.7,46.4,0.55,LOCKED,46.0,19.6
1791265069594,28.632646,77.337879,47.0,CNG,22.35,22.7,4,1806,41.2,7.88,47.0,91.0,1.56,-3.13,13.7,10.7,46.6,0.52,LOCKED,46.0,19.6
1791265070073,28.632647,77.338010,47.0,CNG,23.92,22.4,4,1847,41.2,6.69,47.0,91.0,1.56,-3.13,13.7,10.2,47.4,0.70,LOCKED,46.0,18.4
1791265070593,28.632647,77.338010,48.0,CNG,26.01,22.4,4,1858,41.2,6.12,47.0,91.0,1.56,-3.13,13.8,10.2,47.8,0.72,LOCKED,46.0,18.4
1791265071627,28.632647,77.338139,48.0,CNG,27.30,22.4,4,1859,30.2,6.20,44.0,91.0,0.00,-3.13,13.7,10.2,48.0,0.67,LOCKED,46.0,18.0
1791265072205,28.632645,77.338272,48.0,CNG,27.52,22.4,4,1850,30.2,6.55,44.0,91.0,0.00,-3.13,13.8,10.2,48.0,0.25,LOCKED,46.0,18.4
1791265072762,28.632645,77.338272,49.0,CNG,28.43,22.0,4,1897,30.2,6.24,44.0,90.0,0.00,-3.13,13.8,9.6,48.5,0.50,LOCKED,46.0,18.0
1791265073658,28.632643,77.338408,49.0,CNG,33.76,16.9,4,1888,22.0,3.99,30.0,90.0,0.00,-3.91,13.8,2.7,48.7,0.48,LOCKED,46.0,16.5
1791265074191,28.632638,77.338545,48.0,CNG,36.34,14.9,4,1880,22.0,4.44,30.0,90.0,0.00,-3.91,13.8,0.0,48.7,0.19,LOCKED,46.0,16.5
1791265074764,28.632638,77.338545,48.0,CNG,40.53,14.9,4,1851,22.0,3.72,30.0,90.0,0.00,-3.91,13.9,0.0,48.3,-0.11,LOCKED,46.0,16.5
1791265075676,28.632635,77.338679,47.0,CNG,40.27,19.2,4,1852,19.6,4.48,34.0,89.0,0.00,-3.91,13.9,5.9,47.9,-0.26,LOCKED,46.0,16.1
1791265076187,28.632634,77.338813,47.0,CNG,37.58,19.2,4,1825,19.6,5.24,34.0,89.0,0.00,-3.91,13.7,5.9,47.2,-0.54,LOCKED,46.0,17.3
1791265076714,28.632634,77.338813,47.0,CNG,36.80,19.2,4,1841,19.6,5.01,34.0,89.0,0.00,-3.91,13.7,5.9,47.2,-0.40,LOCKED,46.0,17.3
1791265077610,28.632630,77.338950,47.0,CNG,35.42,19.2,4,1840,23.9,5.33,38.0,88.0,0.00,-3.91,13.8,5.9,47.1,-0.35,LOCKED,46.0,17.3
1791265078181,28.632631,77.339081,47.0,CNG,35.35,18.8,4,1836,23.9,5.07,38.0,88.0,0.00,-3.91,13.8,5.4,47.1,-0.17,LOCKED,46.0,16.9
1791265078727,28.632631,77.339081,47.0,CNG,36.79,18.8,4,1838,23.9,4.56,38.0,88.0,0.00,-3.91,13.6,5.4,47.1,-0.13,LOCKED,46.0,16.9
1791265079644,28.632629,77.339214,47.0,CNG,36.54,18.8,4,1848,23.1,4.94,36.0,87.0,-0.78,-3.91,13.6,5.4,47.3,-0.01,LOCKED,46.0,16.9
1791265080217,28.632627,77.339346,48.0,CNG,38.01,18.8,4,1841,23.1,4.52,36.0,87.0,-0.78,-3.91,13.7,5.4,47.3,0.01,LOCKED,46.0,16.9
1791265080750,28.632627,77.339346,47.0,CNG,39.07,18.8,4,1844,23.1,4.38,36.0,87.0,-0.78,-3.91,13.7,5.4,47.4,0.02,LOCKED,46.0,16.9
1791265081636,28.632626,77.339480,47.0,CNG,37.96,18.8,4,1825,22.7,4.91,35.0,87.0,-0.78,-3.91,13.8,5.4,47.2,-0.11,LOCKED,46.0,16.9
1791265082150,28.632625,77.339615,47.0,CNG,39.32,18.8,4,1847,22.7,4.30,35.0,87.0,-0.78,-3.91,13.8,5.4,47.4,-0.03,LOCKED,46.0,16.9
1791265082691,28.632625,77.339615,47.0,CNG,42.20,18.8,4,1818,22.7,3.77,35.0,87.0,-0.78,-3.91,13.8,5.4,47.1,-0.20,LOCKED,46.0,16.1
1791265083573,28.632625,77.339745,47.0,CNG,41.82,18.8,4,1838,19.2,4.33,31.0,86.0,-1.56,-3.91,13.8,5.4,47.1,-0.16,LOCKED,46.0,16.1
1791265084173,28.632626,77.339879,47.0,CNG,43.97,18.8,4,1840,19.2,3.75,31.0,86.0,-1.56,-3.91,13.9,5.4,47.2,-0.09,LOCKED,46.0,16.1
1791265084675,28.632626,77.339879,47.0,CNG,45.89,18.8,4,1833,19.2,3.64,31.0,86.0,-1.56,-3.91,13.9,5.4,47.1,-0.10,LOCKED,46.0,16.1
1791265085589,28.632629,77.340013,47.0,CNG,47.22,18.8,4,1827,19.6,3.62,31.0,86.0,0.00,-3.91,13.9,5.4,47.0,-0.11,LOCKED,46.0,16.1
1791265086134,28.632633,77.340142,47.0,CNG,44.47,18.8,4,1818,19.6,4.37,31.0,87.0,0.00,-3.91,13.9,5.4,46.8,-0.15,LOCKED,46.0,16.1
1791265086679,28.632633,77.340142,47.0,CNG,43.30,18.8,4,1822,19.6,4.29,31.0,87.0,0.00,-3.91,13.8,5.4,46.8,-0.13,LOCKED,46.0,16.1
1791265087545,28.632635,77.340275,47.0,CNG,43.80,18.8,4,1798,19.6,4.01,31.0,87.0,-0.78,-3.91,13.8,5.4,46.5,-0.26,LOCKED,46.0,16.1
1791265088075,28.632636,77.340407,47.0,CNG,41.18,18.8,4,1811,19.6,4.73,31.0,87.0,-0.78,-3.91,13.9,5.4,46.5,-0.19,LOCKED,46.0,16.5
1791265088596,28.632636,77.340407,46.0,CNG,38.82,18.8,4,1801,19.6,4.90,31.0,87.0,-0.78,-3.91,13.9,5.4,46.4,-0.20,LOCKED,46.0,16.9
1791265089522,28.632639,77.340536,46.0,CNG,37.30,18.8,4,1811,22.7,4.97,35.0,87.0,0.78,-3.91,13.7,5.4,46.4,-0.15,LOCKED,46.0,16.9
1791265090032,28.632643,77.340666,46.0,CNG,38.01,19.2,4,1808,22.7,4.47,35.0,87.0,0.78,-3.91,13.7,5.9,46.4,-0.12,LOCKED,46.0,16.9
1791265090539,28.632643,77.340666,46.0,CNG,35.09,20.0,4,1808,22.7,5.56,35.0,87.0,0.78,-3.91,13.7,7.0,46.4,-0.10,LOCKED,46.0,17.6
1791265091562,28.632646,77.340796,46.0,CNG,33.37,20.0,4,1804,27.8,5.63,42.0,87.0,-0.78,-3.91,13.8,7.0,46.4,-0.10,LOCKED,46.0,17.6
1791265092144,28.632650,77.340928,47.0,CNG,31.73,20.0,4,1810,27.8,6.04,42.0,87.0,-0.78,-3.91,13.6,7.0,46.5,-0.05,LOCKED,46.0,17.6
1791265092643,28.632650,77.340928,47.0,CNG,32.57,20.0,4,1817,27.8,5.27,42.0,87.0,-0.78,-3.91,13.6,7.0,46.6,-0.00,LOCKED,46.0,17.6
1791265093570,28.632653,77.341059,47.0,CNG,31.57,20.0,4,1821,27.8,5.92,42.0,88.0,0.00,-3.91,13.5,7.0,46.7,0.04,LOCKED,46.0,17.6
1791265094108,28.632654,77.341188,47.0,CNG,32.07,20.0,4,1817,27.8,5.44,42.0,88.0,0.00,-3.91,13.5,7.0,46.7,0.04,LOCKED,46.0,17.6
1791265094625,28.632654,77.341188,47.0,CNG,32.64,20.0,4,1823,27.8,5.33,42.0,88.0,0.00,-3.91,13.8,7.0,46.8,0.06,LOCKED,46.0,17.6
1791265095510,28.632653,77.341322,47.0,CNG,37.26,20.0,4,1822,21.2,3.78,32.0,88.0,-1.56,-3.91,13.8,7.0,46.9,0.06,LOCKED,46.0,15.7
1791265096060,28.632651,77.341453,47.0,CNG,42.17,20.0,4,1818,21.2,3.40,32.0,88.0,-1.56,-3.91,13.8,7.0,46.8,0.04,LOCKED,46.0,16.1
1791265096611,28.632651,77.341453,47.0,CNG,41.77,20.0,4,1831,21.2,4.34,32.0,88.0,-1.56,-3.91,13.8,7.0,47.0,0.08,LOCKED,46.0,16.1
1791265097533,28.632650,77.341586,47.0,CNG,41.38,20.0,4,1829,19.6,4.38,31.0,88.0,0.78,-3.91,13.7,7.0,47.1,0.08,LOCKED,46.0,16.1
1791265098048,28.632648,77.341719,47.0,CNG,44.29,19.2,4,1831,19.6,3.61,31.0,88.0,0.78,-3.91,13.7,5.9,47.1,0.08,LOCKED,46.0,16.1
1791265098602,28.632648,77.341719,47.0,CNG,42.82,15.3,4,1834,19.6,4.38,31.0,88.0,0.78,-3.91,13.8,0.5,47.2,0.08,LOCKED,46.0,16.1
1791265099498,28.632647,77.341855,47.0,CNG,42.03,14.9,4,1812,19.6,4.37,33.0,89.0,0.00,0.00,13.8,0.0,46.9,-0.09,LOCKED,46.0,16.1
1791265100074,28.632647,77.341982,44.0,CNG,43.94,14.9,4,1749,19.6,3.53,33.0,89.0,0.00,0.00,13.7,0.0,45.5,-0.83,LOCKED,46.0,15.7
1791265100610,28.632647,77.341982,44.0,CNG,45.91,20.8,4,1704,19.6,3.39,33.0,89.0,0.00,0.00,13.7,8.0,44.4,-1.21,LOCKED,46.0,15.7
1791265101495,28.632644,77.342105,44.0,CNG,37.16,21.2,4,1702,32.9,5.82,45.0,89.0,0.78,-3.13,13.5,8.6,43.8,-1.22,LOCKED,46.0,18.0
1791265101985,28.632639,77.342228,44.0,CNG,31.74,21.2,4,1721,32.9,6.44,45.0,89.0,0.78,-3.13,13.5,8.6,43.7,-0.64,LOCKED,46.0,18.4
1791265102521,28.632639,77.342228,44.0,CNG,28.23,21.2,4,1734,32.9,6.92,45.0,89.0,0.78,-3.13,13.5,8.6,43.9,-0.33,LOCKED,46.0,18.8
1791265103418,28.632633,77.342353,45.0,CNG,27.57,24.7,4,1743,43.5,6.42,67.0,89.0,6.25,-3.13,13.5,13.4,44.3,-0.03,LOCKED,46.0,18.8
1791265103960,28.632626,77.342480,45.0,CNG,27.18,14.9,4,1752,43.5,6.43,67.0,89.0,6.25,-3.13,13.8,0.0,44.8,0.27,LOCKED,46.0,18.0
1791265104438,28.632626,77.342480,46.0,CNG,25.46,25.1,4,1763,43.5,7.50,67.0,89.0,6.25,-3.13,13.8,13.9,45.1,0.39,LOCKED,46.0,19.6
1791265105324,28.632620,77.342607,46.0,CNG,20.55,25.1,4,1783,54.1,10.93,61.0,89.0,2.34,-2.34,13.6,13.9,45.5,0.55,LOCKED,46.0,21.6
1791265105915,28.632612,77.342739,47.0,CNG,20.36,23.9,4,1822,54.1,8.90,61.0,90.0,2.34,-2.34,13.6,12.3,46.6,0.85,LOCKED,46.0,20.4
1791265106462,28.632612,77.342739,47.0,CNG,19.60,23.9,4,1847,54.1,9.62,61.0,90.0,2.34,-2.34,13.7,12.3,47.3,0.97,LOCKED,46.0,20.4
1791265107349,28.632602,77.342873,48.0,CNG,19.30,23.9,4,1866,46.7,9.66,56.0,90.0,0.00,-3.13,13.7,12.3,47.9,1.00,LOCKED,46.0,20.4
1791265107893,28.632595,77.343010,49.0,CNG,22.98,18.0,4,1895,46.7,5.88,56.0,90.0,0.00,-3.13,13.6,4.3,48.8,0.99,LOCKED,46.0,18.0
1791265108392,28.632595,77.343010,49.0,CNG,28.39,14.9,4,1898,46.7,4.30,56.0,90.0,0.00,-3.13,13.6,0.0,49.1,0.87,LOCKED,46.0,16.1
1791265109313,28.632587,77.343148,49.0,CNG,34.17,14.9,4,1901,19.2,3.81,34.0,90.0,0.00,0.00,13.8,0.0,49.2,0.70,LOCKED,46.0,16.1
1791265109822,28.632587,77.343148,48.0,CNG,38.56,16.9,4,1899,19.2,3.81,34.0,91.0,0.00,0.00,13.8,2.7,49.1,0.28,LOCKED,46.0,16.5
1791265110336,28.632581,77.343281,48.0,CNG,41.85,14.9,4,1849,19.2,3.80,34.0,91.0,0.00,0.00,13.7,0.0,48.5,-0.20,LOCKED,46.0,16.1
1791265111366,28.632575,77.343415,48.0,CNG,41.32,20.4,4,1856,20.4,4.50,37.0,91.0,0.00,-3.91,13.8,7.5,48.0,-0.39,LOCKED,46.0,16.1
1791265111918,28.632570,77.343548,47.0,CNG,34.96,22.7,4,1841,20.4,6.32,37.0,91.0,0.00,-3.91,13.7,10.7,47.4,-0.46,LOCKED,46.0,18.4
1791265112427,28.632570,77.343548,48.0,CNG,30.88,22.7,4,1850,20.4,6.94,37.0,91.0,0.00,-3.91,13.7,10.7,47.3,-0.40,LOCKED,46.0,18.4
1791265113326,28.632564,77.343682,48.0,CNG,30.20,22.4,4,1870,31.8,6.24,44.0,91.0,-0.78,-3.13,13.8,10.2,47.6,-0.13,LOCKED,46.0,18.4
1791265113830,28.632564,77.343682,48.0,CNG,29.32,22.4,4,1862,31.8,6.50,44.0,91.0,-0.78,-3.13,13.8,10.2,47.7,0.03,LOCKED,47.6,18.4
1791265114384,28.632559,77.343817,48.0,CNG,26.48,22.4,4,1874,31.8,7.89,44.0,91.0,-0.78,-3.13,13.7,10.2,47.9,0.15,LOCKED,47.7,19.2
1791265115293,28.632549,77.343954,49.0,CNG,24.94,22.4,4,1886,36.9,8.11,49.0,90.0,-0.78,-3.13,13.7,10.2,48.3,0.28,LOCKED,47.7,19.6
1791265115845,28.632549,77.343954,48.0,CNG,26.04,21.6,4,1886,36.9,6.54,49.0,90.0,-0.78,-3.13,13.6,9.1,48.5,0.27,LOCKED,47.7,18.8
1791265116432,28.632536,77.344093,48.0,CNG,25.53,21.6,4,1868,36.9,7.36,49.0,90.0,-0.78,-3.13,13.6,9.1,48.3,0.08,LOCKED,47.7,18.8
1791265117343,28.632525,77.344230,48.0,CNG,23.44,23.1,4,1881,42.7,8.75,54.0,90.0,3.13,-3.13,13.8,11.2,48.3,0.07,LOCKED,47.7,20.4
1791265117859,28.632525,77.344230,48.0,CNG,22.85,23.1,4,1876,42.7,8.29,54.0,90.0,3.13,-3.13,13.8,11.2,48.3,0.03,LOCKED,47.7,20.0
1791265118404,28.632513,77.344364,48.0,CNG,21.46,23.1,4,1897,42.7,9.28,54.0,90.0,3.13,-3.13,13.8,11.2,48.5,0.16,LOCKED,47.7,20.4
1791265119313,28.632504,77.344501,49.0,CNG,20.82,24.7,4,1883,50.6,9.34,60.0,89.0,3.91,-2.34,13.8,13.4,48.5,0.13,LOCKED,47.7,20.4
1791265119887,28.632496,77.344637,49.0,CNG,27.74,14.9,4,1894,50.6,3.41,60.0,89.0,3.91,-2.34,13.8,0.0,48.6,0.14,LOCKED,47.7,14.9
1791265120443,28.632496,77.344637,48.0,CNG,21.08,25.9,,1029,50.6,11.82,60.0,89.0,3.91,-2.34,13.8,15.0,48.0,0.00,PAUSED,47.7,22.4
1791265121335,28.632489,77.344772,48.0,CNG,19.46,25.9,5,1428,65.5,10.47,66.0,89.0,1.56,-3.13,13.7,15.0,48.0,0.00,PAUSED,47.7,22.0
1791265121822,28.632489,77.344772,49.0,CNG,20.61,25.5,5,1458,65.5,8.25,66.0,89.0,1.56,-3.13,13.7,14.4,48.7,0.38,PAUSED,47.7,20.0
1791265122338,28.632485,77.344909,49.0,CNG,20.79,25.5,5,1460,65.5,8.85,66.0,89.0,1.56,-3.13,13.6,14.4,48.9,0.40,PAUSED,47.7,20.0
1791265123231,28.632482,77.345048,49.0,CNG,20.96,25.5,5,1461,53.7,8.78,63.0,89.0,1.56,-3.13,13.6,14.4,49.1,0.38,PAUSED,47.7,20.0
1791265123797,28.632482,77.345048,50.0,CNG,20.95,25.9,5,1480,53.7,9.08,63.0,89.0,1.56,-3.13,13.8,15.0,49.8,0.60,PAUSED,47.7,20.4
1791265124370,28.632477,77.345188,50.0,CNG,21.13,25.9,5,1486,53.7,8.88,63.0,89.0,1.56,-3.13,13.8,15.0,50.2,0.61,PAUSED,47.7,20.0
1791265125297,28.632476,77.345330,50.0,CNG,21.21,25.9,5,1489,54.1,8.92,62.0,89.0,1.56,-3.13,13.6,15.0,50.4,0.57,PAUSED,47.7,20.0
1791265125783,28.632476,77.345330,50.0,CNG,21.19,25.9,5,1500,54.1,8.98,62.0,89.0,1.56,-3.13,13.6,15.0,50.7,0.52,ARMED,,20.4
1791265126295,28.632474,77.345472,51.0,CNG,21.29,25.9,5,1506,54.1,9.05,62.0,89.0,1.56,-3.13,13.8,15.0,50.9,0.50,ARMED,,20.4
1791265127186,28.632472,77.345615,51.0,CNG,19.53,25.9,5,1523,60.0,11.14,68.0,89.0,3.91,-3.13,13.8,15.0,51.3,0.53,ARMED,,21.6
1791265127729,28.632472,77.345615,51.0,CNG,19.43,25.9,5,1543,60.0,10.06,68.0,89.0,3.91,-3.13,13.6,15.0,51.9,0.58,ARMED,,21.6
1791265128293,28.632470,77.345760,51.0,CNG,18.83,25.9,5,1527,60.0,10.77,68.0,89.0,3.91,-3.13,13.6,15.0,51.8,0.33,ARMED,,21.6
1791265129187,28.632468,77.345906,52.0,CNG,16.64,30.6,5,1538,78.4,13.91,85.0,89.0,3.13,-2.34,13.7,21.4,51.9,0.30,ARMED,,24.7
1791265129733,28.632468,77.345906,53.0,CNG,15.86,30.2,5,1560,78.4,13.58,85.0,89.0,3.13,-2.34,13.7,20.9,52.5,0.38,ARMED,,24.7
1791265130278,28.632467,77.346053,53.0,CNG,15.60,29.8,5,1584,78.4,13.23,85.0,89.0,3.13,-2.34,13.5,20.3,53.0,0.58,ARMED,,24.7
1791265131285,28.632466,77.346204,53.0,CNG,15.55,29.8,5,1595,76.5,13.02,80.0,89.0,0.78,-2.34,13.6,20.3,53.5,0.70,ARMED,,24.3
1791265131852,28.632464,77.346358,54.0,CNG,15.13,29.8,5,1624,76.5,14.10,80.0,89.0,0.78,-2.34,13.8,20.3,54.5,0.86,ARMED,,24.3
1791265132341,28.632464,77.346358,55.0,CNG,15.21,29.8,5,1638,76.5,13.65,80.0,89.0,0.78,-2.34,13.8,20.3,55.1,0.88,ARMED,,24.3
1791265133227,28.632463,77.346515,55.0,CNG,15.10,29.8,5,1644,75.3,13.99,79.0,89.0,0.78,-2.34,13.6,20.3,55.4,0.86,ARMED,,24.3
1791265133703,28.632463,77.346515,56.0,CNG,15.28,29.4,5,1663,75.3,13.69,79.0,89.0,0.78,-2.34,13.6,19.8,56.0,0.82,ARMED,,24.3
1791265134239,28.632462,77.346675,57.0,CNG,15.08,29.4,5,1690,75.3,14.65,79.0,89.0,0.78,-2.34,13.7,19.8,56.6,0.95,ARMED,,24.3
1791265135098,28.632460,77.346836,57.0,CNG,15.34,29.4,5,1699,66.7,13.76,70.0,89.0,0.78,-2.34,13.7,19.8,57.1,0.95,ARMED,,24.3
1791265135658,28.632460,77.346836,58.0,CNG,16.27,29.4,5,1713,66.7,12.37,70.0,89.0,0.78,-2.34,13.5,19.8,57.8,0.88,ARMED,,22.4
1791265136204,28.632459,77.346998,58.0,CNG,16.76,29.0,5,1731,66.7,12.58,70.0,89.0,0.78,-2.34,13.5,19.3,58.2,0.88,ARMED,,22.7
1791265137077,28.632455,77.347163,59.0,CNG,17.08,29.4,5,1752,63.1,12.76,70.0,89.0,0.78,-1.56,13.6,19.8,58.8,0.91,ARMED,,22.7
1791265137580,28.632455,77.347163,59.0,CNG,17.48,29.0,5,1762,63.1,12.39,70.0,89.0,0.78,-1.56,13.6,19.3,59.4,0.85,ARMED,,22.7
1791265138097,28.632452,77.347330,60.0,CNG,17.62,29.0,5,1778,63.1,12.80,70.0,89.0,0.78,-1.56,13.6,19.3,59.8,0.85,ARMED,,22.7
1791265138967,28.632449,77.347501,60.0,CNG,17.76,28.6,5,1794,60.8,12.70,66.0,89.0,0.00,-1.56,13.6,18.7,60.3,0.87,ARMED,,22.4
1791265139548,28.632449,77.347501,61.0,CNG,25.34,21.6,5,1809,60.8,3.44,66.0,89.0,0.00,-1.56,13.8,9.1,60.9,0.82,ARMED,,14.9
1791265140041,28.632444,77.347672,61.0,CNG,27.50,22.0,5,1805,60.8,7.37,66.0,89.0,0.00,-1.56,13.8,9.6,61.0,0.63,ARMED,,18.8
1791265140908,28.632442,77.347844,61.0,CNG,28.61,22.7,5,1798,38.0,7.62,52.0,89.0,-1.56,-3.13,13.6,10.7,61.0,0.40,ARMED,,19.2
1791265141392,28.632442,77.347844,60.0,CNG,27.73,23.1,5,1791,38.0,8.61,52.0,89.0,-1.56,-3.13,13.6,11.2,60.6,0.00,ARMED,,20.0
1791265141914,28.632442,77.347844,60.0,CNG,27.49,23.1,5,1789,38.0,8.41,52.0,89.0,-1.56,-3.13,13.6,11.2,60.4,-0.12,ARMED,,20.0
1791265142817,28.632446,77.348005,60.0,CNG,26.79,23.1,5,1790,43.9,8.84,55.0,89.0,0.78,-2.34,13.6,11.2,60.3,-0.14,ARMED,,20.0
1791265143380,28.632444,77.348178,61.0,CNG,26.30,23.1,5,1800,43.9,9.06,55.0,89.0,0.78,-2.34,13.8,11.2,60.5,0.02,ARMED,,20.0
1791265143872,28.632441,77.348349,61.0,CNG,26.27,23.5,5,1810,43.9,8.84,55.0,89.0,0.78,-2.34,13.8,11.8,60.7,0.15,CANDIDATE,60.7,20.0
1791265144750,28.632441,77.348349,60.0,CNG,29.37,21.2,5,1800,33.7,6.38,47.0,89.0,-0.78,-3.13,13.6,8.6,60.7,0.13,CANDIDATE,60.7,18.0
1791265145396,28.632443,77.348518,60.0,CNG,30.77,21.6,5,1789,33.7,6.88,47.0,89.0,-0.78,-3.13,13.6,9.1,60.4,-0.10,LOCKED,60.4,18.8
1791265145953,28.632444,77.348686,61.0,CNG,31.77,21.6,5,1798,33.7,6.95,47.0,89.0,-0.78,-3.13,13.5,9.1,60.4,-0.07,LOCKED,60.4,18.8
1791265146852,28.632447,77.348856,60.0,CNG,32.04,23.1,5,1772,41.6,7.03,47.0,89.0,3.13,-2.34,13.5,11.2,60.0,-0.30,LOCKED,60.4,19.2
1791265147378,28.632447,77.348856,60.0,CNG,32.04,22.0,5,1790,41.6,7.12,47.0,89.0,3.13,-2.34,13.7,9.6,60.1,-0.11,LOCKED,60.4,19.2
1791265147906,28.632442,77.349026,60.0,CNG,34.09,22.0,5,1787,41.6,6.05,47.0,89.0,3.13,-2.34,13.7,9.6,60.1,-0.09,LOCKED,60.4,18.0
1791265148823,28.632442,77.349026,60.0,CNG,35.08,22.0,5,1787,30.2,6.22,45.0,88.0,1.56,-3.13,13.8,9.6,60.1,-0.07,LOCKED,60.4,18.0
1791265149337,28.632442,77.349193,60.0,CNG,35.63,22.7,5,1793,30.2,6.25,45.0,88.0,1.56,-3.13,13.8,10.7,60.2,-0.02,LOCKED,60.4,18.4
1791265149867,28.632442,77.349361,60.0,CNG,35.07,22.7,5,1789,30.2,6.66,45.0,88.0,1.56,-3.13,13.7,10.7,60.2,-0.03,LOCKED,60.4,18.4
1791265151037,28.632439,77.349532,60.0,CNG,35.61,22.7,5,1808,32.5,6.26,45.0,88.0,0.00,-3.13,13.7,10.7,60.5,0.16,LOCKED,60.4,18.4
1791265151607,28.632439,77.349532,61.0,CNG,35.35,22.7,5,1814,32.5,6.63,45.0,88.0,0.00,-3.13,13.8,10.7,60.9,0.23,LOCKED,60.4,18.4
1791265152247,28.632437,77.349701,61.0,CNG,35.05,22.7,5,1809,32.5,6.70,45.0,88.0,0.00,-3.13,13.8,10.7,60.9,0.19,LOCKED,60.4,18.4
1791265153208,28.632433,77.349876,61.0,CNG,34.82,22.7,5,1816,35.7,6.73,50.0,88.0,2.34,-3.13,13.8,10.7,61.0,0.19,LOCKED,60.4,18.4
1791265153823,28.632433,77.349876,62.0,CNG,31.47,22.7,5,1831,35.7,8.55,50.0,88.0,2.34,-3.13,13.8,10.7,61.5,0.26,LOCKED,60.4,19.6
1791265154385,28.632428,77.350051,62.0,CNG,29.49,23.1,5,1843,35.7,8.74,50.0,88.0,2.34,-3.13,13.8,11.2,61.8,0.32,LOCKED,60.4,20.0
1791265155406,28.632430,77.350226,62.0,CNG,28.13,23.1,5,1847,43.1,8.96,53.0,88.0,0.78,-2.34,13.8,11.2,62.1,0.33,LOCKED,60.4,20.0
1791265156012,28.632426,77.350403,63.0,CNG,26.72,23.5,5,1871,43.1,9.62,53.0,88.0,0.78,-2.34,13.6,11.8,62.8,0.55,LOCKED,60.4,20.4
1791265156507,28.632426,77.350403,63.0,CNG,26.67,23.9,5,1879,43.1,9.01,53.0,88.0,0.78,-2.34,13.6,12.3,63.1,0.56,LOCKED,60.4,20.4
1791265157459,28.632422,77.350581,63.0,CNG,26.34,23.9,5,1890,45.1,9.26,54.0,88.0,0.78,-2.34,13.8,12.3,63.5,0.58,LOCKED,60.4,20.4
1791265158017,28.632419,77.350761,64.0,CNG,32.25,19.2,5,1898,45.1,5.06,54.0,88.0,0.78,-2.34,13.8,5.9,63.9,0.53,LOCKED,60.4,16.9
1791265158555,28.632419,77.350761,64.0,CNG,33.47,21.6,5,1920,45.1,6.86,54.0,88.0,0.78,-2.34,13.8,9.1,64.3,0.59,LOCKED,60.4,18.8
1791265159421,28.632419,77.350940,64.0,CNG,33.22,21.6,5,1894,33.7,7.41,46.0,88.0,-0.78,-3.13,13.8,9.1,64.2,0.30,LOCKED,60.4,18.8
1791265159981,28.632419,77.351121,64.0,CNG,36.62,14.9,5,1907,33.7,5.63,46.0,88.0,-0.78,-3.13,13.6,0.0,64.2,0.24,LOCKED,60.4,17.3
1791265160494,28.632419,77.351121,64.0,CNG,44.07,15.7,5,1906,33.7,3.84,46.0,88.0,-0.78,-3.13,13.6,1.1,64.2,0.20,LOCKED,60.4,16.5
1791265161502,28.632419,77.351302,64.0,CNG,47.71,19.2,5,1913,19.2,4.47,30.0,88.0,0.00,-3.91,13.8,5.9,64.3,0.20,LOCKED,60.4,16.5
1791265161998,28.632420,77.351482,64.0,CNG,52.31,19.2,5,1900,19.2,3.98,30.0,88.0,0.00,-3.91,13.8,5.9,64.1,-0.05,LOCKED,60.4,16.5
1791265162590,28.632420,77.351482,63.0,CNG,52.22,19.2,5,1887,19.2,4.60,30.0,88.0,0.00,-3.91,13.9,5.9,63.7,-0.24,LOCKED,60.4,16.5
1791265163445,28.632418,77.351660,63.0,CNG,54.42,19.2,5,1882,19.2,4.12,32.0,88.0,1.56,-3.91,13.9,5.9,63.4,-0.29,LOCKED,60.4,16.5
1791265163982,28.632418,77.351840,63.0,CNG,57.29,19.2,5,1889,19.2,3.85,32.0,88.0,1.56,-3.91,13.8,5.9,63.4,-0.24,LOCKED,60.4,16.1
1791265164472,28.632418,77.351840,63.0,CNG,55.49,19.6,5,1887,19.2,4.52,32.0,88.0,1.56,-3.91,13.8,6.4,63.3,-0.22,LOCKED,60.4,16.1
1791265165363,28.632417,77.352018,63.0,CNG,54.42,20.0,5,1873,19.2,4.53,33.0,88.0,0.78,-3.91,13.6,7.0,63.1,-0.26,LOCKED,60.4,16.1
1791265165864,28.632416,77.352197,63.0,CNG,51.93,20.4,5,1885,19.2,4.93,33.0,88.0,0.78,-3.91,13.6,7.5,63.1,-0.09,LOCKED,60.4,17.3
1791265166434,28.632416,77.352197,63.0,CNG,49.13,20.4,5,1866,19.2,5.27,33.0,88.0,0.78,-3.91,13.6,7.5,62.9,-0.21,LOCKED,60.4,17.6
1791265167287,28.632414,77.352376,63.0,CNG,44.16,20.4,5,1870,27.5,6.25,42.0,88.0,0.00,-3.13,13.6,7.5,62.8,-0.20,LOCKED,60.4,18.0
1791265167860,28.632412,77.352554,63.0,CNG,40.04,21.2,5,1870,27.5,6.82,42.0,88.0,0.00,-3.13,13.8,8.6,62.7,-0.17,LOCKED,60.4,18.8
1791265168383,28.632412,77.352554,63.0,CNG,37.30,21.2,5,1879,27.5,7.08,42.0,88.0,0.00,-3.13,13.8,8.6,62.9,-0.03,LOCKED,60.4,18.8
1791265169296,28.632411,77.352734,63.0,CNG,37.05,21.2,5,1878,32.5,6.53,46.0,88.0,0.78,-3.13,13.7,8.6,63.0,0.01,LOCKED,60.4,18.8
1791265169810,28.632411,77.352734,63.0,CNG,37.07,21.2,5,1873,32.5,6.46,46.0,88.0,0.78,-3.13,13.7,8.6,62.9,-0.00,LOCKED,60.4,18.8
1791265170346,28.632409,77.352911,63.0,CNG,33.92,22.0,5,1871,32.5,7.96,46.0,88.0,0.78,-3.13,13.7,9.6,62.9,-0.02,LOCKED,60.4,19.6
1791265171368,28.632405,77.353089,63.0,CNG,32.33,22.0,5,1872,37.6,7.93,51.0,88.0,0.78,-2.34,13.5,9.6,62.9,-0.02,LOCKED,60.4,19.6
1791265171922,28.632401,77.353266,63.0,CNG,32.00,22.0,5,1872,37.6,7.60,51.0,88.0,0.78,-2.34,13.7,9.6,62.9,-0.01,LOCKED,60.4,19.6
1791265172459,28.632401,77.353266,63.0,CNG,30.78,22.0,5,1865,37.6,8.23,51.0,88.0,0.78,-2.34,13.7,9.6,62.8,-0.04,LOCKED,60.4,19.6
1791265173409,28.632399,77.353442,63.0,CNG,34.29,22.0,5,1871,31.0,5.79,42.0,89.0,-0.78,-3.13,13.8,9.6,62.8,-0.03,LOCKED,60.4,18.0
1791265173921,28.632396,77.353620,63.0,CNG,36.50,22.0,5,1864,31.0,5.93,42.0,89.0,-0.78,-3.13,13.8,9.6,62.7,-0.05,LOCKED,60.4,18.4
1791265174493,28.632396,77.353620,62.0,CNG,37.87,22.0,5,1857,31.0,5.87,42.0,89.0,-0.78,-3.13,13.8,9.6,62.6,-0.09,LOCKED,60.4,18.0
1791265175377,28.632394,77.353796,62.0,CNG,37.93,21.6,5,1850,27.5,6.20,43.0,89.0,0.78,-3.13,13.8,9.1,62.3,-0.14,LOCKED,60.4,17.6
1791265175964,28.632391,77.353972,62.0,CNG,38.59,22.0,5,1845,27.5,5.95,43.0,89.0,0.78,-3.13,13.8,9.6,62.1,-0.18,LOCKED,60.4,17.6
1791265176470,28.632391,77.353972,62.0,CNG,38.71,21.6,5,1833,27.5,6.06,43.0,89.0,0.78,-3.13,13.8,9.1,61.8,-0.23,LOCKED,60.4,17.6
1791265177354,28.632390,77.354145,61.0,CNG,38.92,21.6,5,1822,27.8,5.91,41.0,89.0,0.00,-3.13,13.8,9.1,61.5,-0.35,LOCKED,60.4,17.6
1791265177832,28.632390,77.354145,61.0,CNG,39.85,21.6,5,1808,27.8,5.61,41.0,89.0,0.00,-3.13,13.8,9.1,60.9,-0.43,LOCKED,60.4,17.6
1791265178390,28.632389,77.354316,61.0,CNG,37.88,21.6,5,1810,27.8,6.58,41.0,89.0,0.00,-3.13,13.9,9.1,60.8,-0.41,LOCKED,60.4,18.8
1791265179267,28.632389,77.354485,61.0,CNG,36.10,21.6,5,1802,34.9,6.88,46.0,89.0,-1.56,-2.34,13.9,9.1,60.6,-0.40,LOCKED,60.4,18.4
1791265179812,28.632389,77.354485,60.0,CNG,33.83,21.6,5,1782,34.9,7.39,46.0,89.0,-1.56,-2.34,13.7,9.1,60.0,-0.45,LOCKED,60.4,18.8
1791265180341,28.632390,77.354653,60.0,CNG,32.43,21.6,5,1782,34.9,7.48,46.0,89.0,-1.56,-2.34,13.7,9.1,59.9,-0.43,LOCKED,60.4,19.2
1791265181281,28.632389,77.354820,59.0,CNG,32.33,21.6,5,1774,37.6,6.97,49.0,89.0,0.00,-2.34,13.7,9.1,59.6,-0.43,LOCKED,60.4,19.2
1791265181780,28.632389,77.354820,59.0,CNG,28.23,23.1,5,1751,37.6,9.48,49.0,89.0,0.00,-2.34,13.7,11.2,59.0,-0.50,LOCKED,60.4,20.4
1791265182332,28.632390,77.354986,59.0,CNG,26.38,23.1,5,1754,37.6,9.35,49.0,89.0,0.00,-2.34,13.8,11.2,58.8,-0.47,LOCKED,60.4,20.4
1791265183230,28.632390,77.355152,59.0,CNG,25.03,23.5,5,1751,48.2,9.65,56.0,89.0,1.56,-1.56,13.8,11.8,58.7,-0.42,LOCKED,60.4,20.4
1791265183757,28.632390,77.355152,59.0,CNG,24.52,23.5,5,1748,48.2,9.43,56.0,89.0,1.56,-1.56,13.7,11.8,58.7,-0.25,LOCKED,60.4,20.4
1791265184308,28.632391,77.355317,59.0,CNG,24.22,23.5,5,1751,48.2,9.43,56.0,89.0,1.56,-1.56,13.7,11.8,58.7,-0.19,LOCKED,60.4,20.4
1791265185176,28.632389,77.355480,59.0,CNG,24.05,23.5,5,1741,48.2,9.43,56.0,89.0,0.00,-1.56,13.6,11.8,58.6,-0.20,LOCKED,60.4,20.4
1791265185709,28.632389,77.355480,59.0,CNG,24.85,23.5,5,1748,48.2,8.58,56.0,89.0,0.00,-1.56,13.6,11.8,58.7,-0.12,LOCKED,60.4,20.4
1791265186232,28.632389,77.355646,58.0,CNG,26.60,23.5,5,1747,48.2,7.40,56.0,89.0,0.00,-1.56,13.7,11.8,58.7,-0.10,LOCKED,60.4,19.2
1791265187079,28.632388,77.355811,58.0,CNG,28.47,23.5,5,1745,39.2,6.92,50.0,89.0,-1.56,-2.34,13.7,11.8,58.7,-0.10,LOCKED,60.4,19.2
1791265187576,28.632388,77.355811,58.0,CNG,27.49,25.1,5,1732,39.2,8.44,50.0,89.0,-1.56,-2.34,13.7,13.9,58.3,-0.16,LOCKED,60.4,20.0
1791265188062,28.632386,77.355975,58.0,CNG,27.18,25.1,5,1739,39.2,8.25,50.0,90.0,-1.56,-2.34,13.7,13.9,58.3,-0.14,LOCKED,60.4,20.0
1791265188975,28.632384,77.356139,59.0,CNG,26.41,25.1,5,1747,45.1,8.85,53.0,90.0,0.00,-2.34,13.9,13.9,58.5,-0.02,LOCKED,60.4,20.0
1791265189471,28.632384,77.356139,59.0,CNG,25.97,24.7,5,1751,45.1,8.85,53.0,90.0,0.00,-2.34,13.9,13.4,58.7,0.13,LOCKED,60.4,20.0
1791265189987,28.632383,77.356304,59.0,CNG,25.68,25.1,5,1745,45.1,8.88,53.0,90.0,0.00,-2.34,13.8,13.9,58.7,0.12,LOCKED,60.4,20.0
1791265191033,28.632382,77.356469,59.0,CNG,25.47,24.7,5,1746,44.7,8.92,55.0,90.0,0.00,-2.34,13.7,13.4,58.8,0.11,LOCKED,60.4,20.0
1791265191597,28.632382,77.356469,59.0,CNG,23.53,24.7,5,1761,44.7,10.62,55.0,90.0,0.00,-2.34,13.6,13.4,59.1,0.17,LOCKED,60.4,20.8
1791265192090,28.632382,77.356634,59.0,CNG,23.22,24.7,5,1769,44.7,9.85,55.0,90.0,0.00,-2.34,13.6,13.4,59.3,0.21,LOCKED,60.4,20.8
1791265193024,28.632380,77.356800,59.0,CNG,22.35,25.1,5,1767,52.9,10.60,59.0,90.0,0.00,-1.56,13.6,13.9,59.4,0.20,LOCKED,60.4,20.8
1791265193579,28.632380,77.356800,60.0,CNG,22.75,24.7,5,1779,52.9,9.77,59.0,90.0,0.00,-1.56,13.6,13.4,59.7,0.24,LOCKED,60.4,21.2
1791265194117,28.632378,77.356968,60.0,CNG,23.03,24.7,5,1784,52.9,9.72,59.0,90.0,0.00,-1.56,13.8,13.4,59.9,0.25,LOCKED,60.4,21.2
1791265195032,28.632377,77.357136,60.0,CNG,22.73,24.7,5,1782,52.5,10.23,60.0,90.0,-0.78,-1.56,13.8,13.4,60.0,0.23,LOCKED,60.4,20.8
1791265195619,28.632377,77.357136,60.0,CNG,22.43,24.7,5,1789,52.5,10.37,60.0,90.0,-0.78,-1.56,13.7,13.4,60.1,0.22,LOCKED,60.4,20.8
1791265196123,28.632375,77.357308,61.0,CNG,22.51,24.7,5,1807,52.5,10.25,60.0,90.0,-0.78,-1.56,13.7,13.4,60.5,0.36,LOCKED,60.4,20.8
1791265197068,28.632374,77.357476,61.0,CNG,22.40,24.7,5,1813,51.8,10.43,59.0,90.0,-0.78,-1.56,13.7,13.4,60.8,0.40,LOCKED,60.4,20.8
1791265197591,28.632374,77.357476,61.0,CNG,22.57,24.7,5,1820,51.8,10.16,59.0,90.0,-0.78,-1.56,13.7,13.4,61.2,0.39,LOCKED,60.4,20.8
1791265198100,28.632373,77.357649,61.0,CNG,22.30,24.7,5,1822,51.8,10.59,59.0,90.0,-0.78,-1.56,13.7,13.4,61.3,0.37,LOCKED,60.4,20.8
1791265198998,28.632373,77.357823,61.0,CNG,22.74,24.7,5,1828,50.2,9.90,50.0,90.0,-1.56,-1.56,13.7,13.4,61.5,0.36,LOCKED,60.4,20.8
1791265199548,28.632373,77.357823,62.0,CNG,24.73,24.3,5,1845,50.2,8.30,50.0,90.0,-1.56,-1.56,13.6,12.8,61.9,0.40,LOCKED,60.4,19.6
1791265200042,28.632372,77.357997,62.0,CNG,25.34,24.7,5,1852,50.2,8.96,50.0,90.0,-1.56,-1.56,13.6,13.4,62.2,0.41,LOCKED,60.4,20.0
1791265200957,28.632372,77.358174,62.0,CNG,26.51,23.9,5,1858,38.8,8.28,52.0,89.0,-0.78,-2.34,13.7,12.3,62.4,0.42,LOCKED,60.4,19.6
1791265201450,28.632372,77.358174,63.0,CNG,28.07,23.9,5,1861,38.8,7.80,52.0,89.0,-0.78,-2.34,13.7,12.3,62.6,0.37,LOCKED,60.4,19.6
1791265201988,28.632370,77.358352,63.0,CNG,28.07,23.9,5,1882,38.8,8.53,52.0,89.0,-0.78,-2.34,13.8,12.3,63.0,0.49,LOCKED,60.4,19.6
1791265202920,28.632370,77.358532,63.0,CNG,29.01,23.9,5,1879,38.4,7.85,52.0,89.0,0.00,-2.34,13.8,12.3,63.2,0.47,LOCKED,60.4,19.6
1791265203475,28.632370,77.358532,64.0,CNG,29.20,23.9,5,1900,38.4,8.25,52.0,89.0,0.00,-2.34,13.8,12.3,63.8,0.51,LOCKED,60.4,19.6
1791265203988,28.632368,77.358712,64.0,CNG,29.67,23.9,5,1905,38.4,8.01,52.0,89.0,0.00,-2.34,13.8,12.3,64.0,0.50,LOCKED,60.4,19.6
1791265204954,28.632366,77.358894,64.0,CNG,26.96,23.9,5,1921,44.7,10.25,55.0,89.0,2.34,-1.56,13.8,12.3,64.4,0.54,LOCKED,60.4,20.8
1791265205468,28.632366,77.358894,65.0,CNG,32.46,14.9,5,1929,44.7,5.33,55.0,89.0,2.34,-1.56,13.8,0.0,64.8,0.51,LOCKED,60.4,17.6
1791265205976,28.632365,77.359079,64.0,CNG,29.78,22.7,5,1899,44.7,9.19,55.0,89.0,2.34,-1.56,13.7,10.7,64.5,0.15,LOCKED,60.4,20.4
1791265206855,28.632364,77.359260,65.0,CNG,28.49,22.7,5,1917,40.8,9.23,52.0,89.0,0.00,-1.56,13.7,10.7,64.5,0.13,LOCKED,60.4,20.0
1791265207498,28.632364,77.359260,65.0,CNG,28.78,23.1,5,1935,40.8,8.46,52.0,89.0,0.00,-1.56,13.6,11.2,64.9,0.29,LOCKED,60.4,20.0
1791265207989,28.632364,77.359443,65.0,CNG,28.30,23.1,5,1947,40.8,8.95,52.0,88.0,0.00,-1.56,13.6,11.2,65.3,0.35,LOCKED,60.4,20.0
1791265208887,28.632363,77.359627,66.0,CNG,28.72,23.1,5,1949,40.4,8.55,52.0,88.0,0.00,-1.56,13.6,11.2,65.5,0.36,LOCKED,60.4,20.0
1791265209406,28.632363,77.359627,66.0,CNG,28.26,23.1,5,1968,40.4,9.09,52.0,88.0,0.00,-1.56,13.6,11.2,66.0,0.42,LOCKED,60.4,20.0
1791265209949,28.632362,77.359815,66.0,CNG,27.81,22.7,5,1968,40.4,9.24,52.0,88.0,0.00,-1.56,13.7,10.7,66.2,0.41,LOCKED,60.4,20.0
1791265211035,28.632359,77.360004,67.0,CNG,28.03,23.1,5,1978,39.6,8.98,51.0,88.0,0.00,-1.56,13.7,11.2,66.5,0.41,LOCKED,60.4,20.0
1791265211606,28.632359,77.360004,67.0,CNG,28.19,23.1,5,1995,39.6,8.96,51.0,88.0,0.00,-1.56,13.7,11.2,67.0,0.44,LOCKED,60.4,20.0
1791265212096,28.632357,77.360194,67.0,CNG,27.71,23.1,5,2006,39.6,9.43,51.0,88.0,0.00,-1.56,13.7,11.2,67.3,0.47,LOCKED,60.4,20.0
1791265212982,28.632355,77.360384,68.0,CNG,30.57,23.1,5,2017,31.0,7.17,43.0,88.0,-1.56,-2.34,13.7,11.2,67.7,0.50,LOCKED,60.4,18.8
1791265213503,28.632355,77.360384,68.0,CNG,33.56,23.1,5,2025,31.0,6.59,43.0,88.0,-1.56,-2.34,13.7,11.2,68.1,0.48,LOCKED,60.4,18.8
1791265214013,28.632354,77.360576,68.0,CNG,34.93,23.1,5,2036,31.0,6.95,43.0,88.0,-1.56,-2.34,13.7,11.2,68.3,0.50,LOCKED,60.4,18.8
1791265214870,28.632354,77.360769,68.0,CNG,34.97,23.1,5,2032,30.6,7.38,43.0,88.0,0.00,-2.34,13.7,11.2,68.4,0.45,LOCKED,60.4,18.8
1791265215402,28.632354,77.360769,69.0,CNG,35.69,23.1,5,2050,30.6,7.13,43.0,88.0,0.00,-2.34,13.7,11.2,68.9,0.46,LOCKED,60.4,18.8
1791265215888,28.632353,77.360964,69.0,CNG,36.01,23.1,5,2053,30.6,7.19,43.0,88.0,0.00,-2.34,13.7,11.2,69.0,0.44,LOCKED,60.4,18.8
1791265216817,28.632353,77.360964,69.0,CNG,36.52,23.1,5,2048,30.6,7.03,44.0,88.0,0.00,-2.34,13.7,11.2,69.1,0.31,LOCKED,60.4,18.8
1791265217348,28.632353,77.361157,69.0,CNG,37.80,23.1,5,2055,30.6,6.58,44.0,88.0,0.00,-2.34,13.7,11.2,69.1,0.25,LOCKED,60.4,18.8
1791265218032,28.632355,77.361352,69.0,CNG,35.68,23.1,5,2054,30.6,7.97,44.0,88.0,0.00,-2.34,13.8,11.2,69.1,0.22,ARMED,,19.6
1791265218905,28.632357,77.361547,69.0,CNG,33.46,23.1,5,2052,37.3,8.57,49.0,88.0,0.78,-2.34,13.8,11.2,69.1,0.16,ARMED,,20.0
1791265219408,28.632357,77.361547,69.0,CNG,32.68,23.1,5,2050,37.3,8.31,49.0,88.0,0.78,-2.34,13.8,11.2,69.0,0.10,ARMED,,20.0
1791265219931,28.632358,77.361738,69.0,CNG,31.13,23.1,5,2044,37.3,9.03,49.0,88.0,0.78,-2.34,13.8,11.2,68.9,0.04,ARMED,,20.0
1791265220854,28.632358,77.361932,69.0,CNG,31.35,23.1,5,2040,38.8,8.28,51.0,88.0,0.00,-1.56,13.7,11.2,68.7,-0.01,ARMED,,20.0
1791265221404,28.632358,77.361932,68.0,CNG,30.35,23.1,5,2031,38.8,8.93,51.0,88.0,0.00,-1.56,13.7,11.2,68.4,-0.19,CANDIDATE,68.4,20.0
1791265222050,28.632356,77.362123,68.0,CNG,29.07,23.1,5,2022,38.8,9.46,51.0,88.0,0.00,-1.56,13.8,11.2,68.1,-0.24,LOCKED,68.1,20.4
1791265222907,28.632354,77.362314,68.0,CNG,28.30,23.5,5,2024,40.8,9.50,52.0,88.0,0.00,-1.56,13.8,11.8,68.0,-0.24,LOCKED,68.1,20.0
1791265223455,28.632354,77.362314,68.0,CNG,28.40,23.5,5,2022,40.8,9.06,52.0,88.0,0.00,-1.56,13.7,11.8,67.9,-0.21,LOCKED,68.1,20.0
1791265223959,28.632352,77.362506,68.0,CNG,28.08,23.5,5,2011,40.8,9.36,52.0,89.0,0.00,-1.56,13.7,11.8,67.7,-0.23,LOCKED,68.1,20.0
1791265224845,28.632352,77.362506,68.0,CNG,28.66,23.5,5,2017,41.6,8.74,53.0,89.0,0.00,-1.56,13.7,11.8,67.7,-0.20,LOCKED,68.1,20.4
1791265225367,28.632351,77.362694,67.0,CNG,28.35,23.9,5,2009,41.6,9.14,53.0,89.0,0.00,-1.56,13.7,12.3,67.5,-0.20,LOCKED,68.1,20.4
1791265225889,28.632351,77.362882,67.0,CNG,27.14,23.9,5,2004,41.6,9.99,53.0,89.0,0.00,-1.56,13.8,12.3,67.4,-0.21,LOCKED,68.1,20.4
1791265226759,28.632351,77.362882,68.0,CNG,29.24,23.9,5,2011,35.3,7.83,48.0,89.0,-3.13,-2.34,13.8,12.3,67.4,-0.17,LOCKED,68.1,19.2
1791265227280,28.632349,77.363071,68.0,CNG,25.35,26.7,5,2010,35.3,12.22,48.0,89.0,-3.13,-2.34,13.9,16.1,67.5,-0.11,LOCKED,68.1,21.6
1791265227809,28.632349,77.363071,68.0,CNG,24.82,26.7,5,2020,35.3,10.74,48.0,89.0,-3.13,-2.34,13.9,16.1,67.7,0.03,LOCKED,68.1,21.2
1791265228707,28.632348,77.363261,68.0,CNG,26.17,25.5,5,2028,43.1,9.08,54.0,89.0,-2.34,-1.56,13.6,14.4,67.9,0.19,LOCKED,68.1,20.4
1791265229223,28.632348,77.363453,68.0,CNG,26.60,25.5,5,2029,43.1,9.48,54.0,89.0,-2.34,-1.56,13.6,14.4,68.2,0.20,LOCKED,68.1,20.4
1791265229757,28.632348,77.363453,68.0,CNG,27.27,25.5,5,2031,43.1,9.12,54.0,89.0,-2.34,-1.56,13.6,14.4,68.3,0.20,LOCKED,68.1,20.4
1791265230905,28.632345,77.363840,69.0,CNG,27.45,25.1,5,2046,41.6,9.47,52.0,89.0,-0.78,-1.56,13.8,13.9,68.6,0.33,LOCKED,68.1,20.4
1791265231582,28.632345,77.363840,69.0,CNG,28.19,25.1,5,2059,41.6,8.93,52.0,89.0,-0.78,-1.56,13.8,13.9,69.1,0.37,LOCKED,68.1,20.4
1791265232224,28.632341,77.364034,69.0,CNG,29.63,24.7,5,2063,41.6,8.18,52.0,89.0,-0.78,-1.56,13.8,13.4,69.3,0.35,LOCKED,68.1,19.6
1791265233362,28.632339,77.364231,70.0,CNG,31.34,24.7,5,2069,43.1,7.77,57.0,90.0,5.47,-1.56,13.6,13.4,69.5,0.35,LOCKED,68.1,19.6
1791265234035,28.632334,77.364428,70.0,CNG,27.98,24.7,5,2080,43.1,11.03,57.0,90.0,5.47,-1.56,13.6,13.4,69.9,0.34,LOCKED,68.1,21.2
1791265234714,28.632334,77.364428,70.0,CNG,26.44,24.7,5,2093,43.1,10.89,57.0,90.0,5.47,-1.56,13.4,13.4,70.2,0.37,LOCKED,68.1,21.2
1791265235865,28.632324,77.364826,71.0,CNG,25.42,24.7,5,2108,45.5,11.22,55.0,90.0,-0.78,-1.56,13.4,13.4,70.7,0.43,LOCKED,68.1,21.2
1791265236545,28.632324,77.364826,71.0,CNG,25.50,24.7,5,2115,45.5,10.54,55.0,90.0,-0.78,-1.56,13.4,13.4,71.1,0.40,LOCKED,68.1,21.2
1791265237240,28.632324,77.365026,72.0,CNG,25.20,24.7,5,2131,45.5,11.05,55.0,90.0,-0.78,-1.56,13.4,13.4,71.5,0.45,LOCKED,68.1,21.2
1791265238446,28.632323,77.365229,72.0,CNG,25.81,24.7,5,2138,43.5,10.23,54.0,90.0,-0.78,-1.56,13.8,13.4,71.9,0.45,LOCKED,68.1,21.2
1791265239078,28.632322,77.365431,72.0,CNG,26.21,24.3,5,2151,43.5,10.20,54.0,90.0,-0.78,-1.56,13.8,12.8,72.3,0.43,LOCKED,68.1,20.8
1791265239767,28.632322,77.365431,73.0,CNG,32.58,20.0,5,2156,43.5,5.47,54.0,90.0,-0.78,-1.56,13.7,7.0,72.5,0.41,LOCKED,68.1,17.6
1791265240714,28.632319,77.365637,73.0,CNG,33.66,22.0,5,2176,30.6,7.84,43.0,90.0,-1.56,-2.34,13.7,9.6,73.0,0.47,LOCKED,68.1,19.2
1791265241220,28.632318,77.365844,73.0,CNG,33.01,22.4,5,2169,30.6,8.65,43.0,90.0,-1.56,-2.34,13.8,10.2,73.1,0.29,LOCKED,68.1,19.6
1791265241708,28.632318,77.365844,73.0,CNG,33.38,22.4,5,2170,30.6,8.18,43.0,90.0,-1.56,-2.34,13.8,10.2,73.1,0.25,LOCKED,68.1,20.0
1791265242680,28.632317,77.366048,73.0,CNG,35.76,22.4,5,2178,24.7,6.93,37.0,90.0,0.00,-3.13,13.7,10.2,73.2,0.25,LOCKED,68.1,18.4
1791265243162,28.632318,77.366254,73.0,CNG,39.07,22.4,5,2183,24.7,6.12,37.0,89.0,0.00,-3.13,13.7,10.2,73.4,0.23,LOCKED,68.1,18.4
1791265243710,28.632318,77.366254,74.0,CNG,40.27,16.9,5,2191,24.7,6.67,37.0,89.0,0.00,-3.13,13.7,2.7,73.6,0.25,LOCKED,68.1,18.4
1791265244596,28.632318,77.366461,74.0,CNG,46.31,14.9,5,2194,20.0,4.72,31.0,89.0,0.00,0.00,13.7,0.0,73.7,0.26,LOCKED,68.1,16.9
1791265245151,28.632319,77.366667,73.0,CNG,50.78,20.0,5,2219,20.0,4.67,31.0,89.0,0.00,0.00,13.7,7.0,74.3,0.47,LOCKED,68.1,16.9
1791265245652,28.632319,77.366667,73.0,CNG,53.78,20.4,5,2175,20.0,4.70,31.0,89.0,0.00,0.00,13.7,7.5,73.8,0.01,LOCKED,68.1,16.9
1791265246534,28.632318,77.366872,73.0,CNG,55.15,20.8,5,2173,18.8,4.84,30.0,89.0,2.34,-3.91,13.7,8.0,73.4,-0.23,LOCKED,68.1,16.9
1791265247053,28.632318,77.367077,73.0,CNG,53.97,21.2,5,2158,18.8,5.31,30.0,89.0,2.34,-3.91,13.7,8.6,72.7,-0.51,LOCKED,68.1,17.3
1791265247603,28.632318,77.367077,73.0,CNG,52.31,21.2,5,2159,18.8,5.55,30.0,89.0,2.34,-3.91,13.8,8.6,72.5,-0.50,LOCKED,68.1,17.3
1791265248602,28.632316,77.367282,73.0,CNG,51.87,21.6,5,2158,21.6,5.42,34.0,89.0,1.56,-3.13,13.8,9.1,72.4,-0.45,LOCKED,68.1,17.6
1791265249124,28.632313,77.367485,72.0,CNG,49.88,21.6,5,2141,21.6,5.81,34.0,89.0,1.56,-3.13,13.8,9.1,71.9,-0.45,LOCKED,68.1,17.6
1791265249608,28.632313,77.367485,72.0,CNG,44.26,22.0,5,2135,21.6,7.24,34.0,88.0,1.56,-3.13,13.8,9.6,71.7,-0.44,LOCKED,68.1,18.8
1791265250525,28.632311,77.367689,72.0,CNG,38.66,22.4,5,2123,32.2,8.43,47.0,88.0,0.00,-2.34,13.6,10.2,71.4,-0.46,LOCKED,68.1,19.6
1791265251022,28.632312,77.367889,71.0,CNG,34.96,23.1,5,2119,32.2,8.85,47.0,88.0,0.00,-2.34,13.6,11.2,71.2,-0.42,LOCKED,68.1,20.4
1791265251591,28.632312,77.367889,71.0,CNG,32.24,23.1,5,2116,32.2,9.36,47.0,88.0,0.00,-2.34,13.7,11.2,71.0,-0.40,LOCKED,68.1,20.4
1791265252628,28.632312,77.368090,71.0,CNG,30.64,23.5,5,2118,37.6,9.47,51.0,88.0,0.00,-1.56,13.8,11.8,71.0,-0.35,LOCKED,68.1,20.4
1791265253188,28.632312,77.368289,71.0,CNG,30.27,23.5,5,2118,37.6,9.08,51.0,88.0,0.00,-1.56,13.8,11.8,71.0,-0.13,LOCKED,68.1,20.4
1791265253690,28.632312,77.368289,71.0,CNG,30.65,23.1,5,2102,37.6,8.64,51.0,88.0,0.00,-1.56,13.8,11.2,70.8,-0.18,LOCKED,68.1,20.4
1791265254651,28.632312,77.368489,71.0,CNG,29.92,23.1,5,2103,37.3,9.35,50.0,88.0,-0.78,-1.56,13.6,11.2,70.7,-0.18,LOCKED,68.1,20.0
1791265255178,28.632310,77.368688,71.0,CNG,29.84,23.1,5,2108,37.3,9.08,50.0,88.0,-0.78,-1.56,13.6,11.2,70.8,-0.11,LOCKED,68.1,20.4
1791265255700,28.632310,77.368688,71.0,CNG,29.59,23.1,5,2106,37.3,9.24,50.0,88.0,-0.78,-1.56,13.7,11.2,70.8,-0.10,LOCKED,68.1,20.0
1791265256578,28.632308,77.368887,71.0,CNG,29.78,23.5,5,2098,38.8,8.98,51.0,88.0,0.00,-1.56,13.7,11.8,70.6,-0.12,LOCKED,68.1,20.4
1791265257080,28.632307,77.369086,71.0,CNG,29.21,23.1,5,2105,38.8,9.51,51.0,88.0,0.00,-1.56,13.7,11.2,70.7,-0.07,LOCKED,68.1,20.0
1791265257605,28.632307,77.369086,71.0,CNG,29.57,16.9,5,2105,38.8,8.96,51.0,88.0,0.00,-1.56,13.7,2.7,70.7,-0.05,LOCKED,68.1,20.0
1791265258607,28.632306,77.369285,71.0,CNG,37.51,17.6,5,2094,19.2,4.30,32.0,88.0,-2.34,-3.13,13.8,3.7,70.6,-0.09,LOCKED,68.1,16.5
1791265259105,28.632305,77.369482,70.0,CNG,45.42,20.4,5,2098,19.2,3.98,32.0,89.0,-2.34,-3.13,13.8,7.5,70.5,-0.07,LOCKED,68.1,16.5
1791265259633,28.632305,77.369482,70.0,CNG,50.42,20.4,5,2056,19.2,4.40,32.0,89.0,-2.34,-3.13,13.8,7.5,69.9,-0.45,LOCKED,68.1,16.5
1791265260510,28.632304,77.369677,69.0,CNG,51.81,20.4,5,2054,18.8,4.85,30.0,89.0,0.78,-3.13,13.8,7.5,69.4,-0.60,LOCKED,68.1,16.5
1791265261081,28.632303,77.369870,69.0,CNG,54.34,20.8,5,2047,18.8,4.47,30.0,89.0,0.78,-3.13,13.8,8.0,68.9,-0.60,LOCKED,68.1,16.5
1791265261598,28.632303,77.369870,69.0,CNG,57.46,20.8,5,2033,18.8,4.17,30.0,89.0,0.78,-3.13,13.8,8.0,68.5,-0.61,LOCKED,68.1,16.5
1791265262522,28.632302,77.370063,68.0,CNG,54.72,20.8,5,2029,20.8,5.07,33.0,89.0,1.56,-3.13,13.7,8.0,68.2,-0.59,LOCKED,68.1,16.9
1791265263067,28.632301,77.370256,68.0,CNG,53.27,20.8,5,2023,20.8,5.05,33.0,89.0,1.56,-3.13,13.7,8.0,68.0,-0.44,LOCKED,68.1,16.9
1791265263576,28.632301,77.370256,68.0,CNG,53.59,21.2,5,2020,20.8,4.78,33.0,89.0,1.56,-3.13,13.8,8.6,67.8,-0.40,LOCKED,68.1,16.9
1791265264426,28.632299,77.370445,68.0,CNG,39.04,24.3,5,2012,36.1,9.33,49.0,89.0,1.56,-1.56,13.8,12.8,67.7,-0.39,LOCKED,68.1,20.0
1791265264945,28.632297,77.370637,68.0,CNG,35.69,23.9,5,2020,36.1,8.18,49.0,89.0,1.56,-1.56,13.7,12.3,67.8,-0.15,LOCKED,68.1,19.6
1791265265471,28.632297,77.370637,68.0,CNG,33.71,23.9,5,2012,36.1,8.31,49.0,89.0,1.56,-1.56,13.7,12.3,67.7,-0.15,LOCKED,68.1,19.6
1791265266377,28.632296,77.370830,68.0,CNG,33.66,23.9,5,2024,35.7,7.70,53.0,89.0,0.00,-1.56,13.6,12.3,67.9,-0.01,LOCKED,68.1,19.6
1791265266904,28.632296,77.371019,68.0,CNG,31.18,23.9,5,2028,35.7,9.21,53.0,89.0,0.00,-1.56,13.6,12.3,68.1,0.07,LOCKED,68.1,20.4
1791265267434,28.632296,77.371019,68.0,CNG,29.49,23.9,5,2033,35.7,9.48,53.0,89.0,0.00,-1.56,13.7,12.3,68.3,0.10,LOCKED,68.1,20.4
1791265268293,28.632297,77.371210,68.0,CNG,29.06,23.9,5,2031,43.1,9.09,54.0,89.0,-0.78,-1.56,13.7,12.3,68.3,0.10,LOCKED,68.1,20.4
1791265268812,28.632297,77.371210,68.0,CNG,27.51,23.9,5,2036,43.1,10.15,54.0,89.0,-0.78,-1.56,13.5,12.3,68.4,0.11,LOCKED,68.1,20.4
1791265269322,28.632299,77.371400,69.0,CNG,27.63,23.9,5,2042,43.1,9.44,54.0,89.0,-0.78,-1.56,13.5,12.3,68.6,0.14,LOCKED,68.1,20.4
1791265270232,28.632299,77.371592,69.0,CNG,26.76,23.9,5,2037,43.1,10.26,53.0,89.0,-0.78,-1.56,13.4,12.3,68.6,0.12,LOCKED,68.1,20.8
1791265270757,28.632299,77.371592,69.0,CNG,26.35,23.9,5,2038,43.1,10.19,53.0,89.0,-0.78,-1.56,13.4,12.3,68.6,0.09,LOCKED,68.1,20.4
1791265271268,28.632297,77.371785,69.0,CNG,27.16,23.9,5,2053,43.1,9.21,53.0,89.0,-0.78,-1.56,13.7,12.3,68.8,0.21,LOCKED,68.1,20.4
1791265272279,28.632295,77.371979,69.0,CNG,27.02,23.9,5,2051,42.7,9.79,51.0,89.0,-0.78,-1.56,13.7,12.3,69.0,0.22,LOCKED,68.1,20.4
1791265272861,28.632293,77.372174,69.0,CNG,27.44,23.5,5,2053,42.7,9.34,51.0,89.0,-0.78,-1.56,13.7,11.8,69.1,0.19,LOCKED,68.1,20.4
1791265273363,28.632293,77.372174,69.0,CNG,27.64,23.5,5,2059,42.7,9.39,51.0,89.0,-0.78,-1.56,13.7,11.8,69.2,0.20,LOCKED,68.1,20.4
1791265274318,28.632291,77.372370,69.0,CNG,28.39,23.5,5,2052,41.2,8.86,52.0,90.0,-0.78,-1.56,13.6,11.8,69.2,0.15,LOCKED,68.1,20.4
1791265274846,28.632291,77.372370,69.0,CNG,27.88,23.5,5,2059,41.2,9.67,52.0,90.0,-0.78,-1.56,13.6,11.8,69.3,0.14,LOCKED,68.1,20.4
1791265275389,28.632289,77.372565,69.0,CNG,27.61,23.1,5,2060,41.2,9.64,52.0,90.0,-0.78,-1.56,13.6,11.2,69.3,0.13,LOCKED,68.1,20.4
1791265276267,28.632289,77.372760,69.0,CNG,35.64,20.4,5,2058,20.4,4.15,31.0,90.0,-3.13,-3.13,13.6,7.5,69.3,0.10,LOCKED,68.1,16.5
1791265276826,28.632289,77.372760,69.0,CNG,40.38,21.2,5,2040,20.4,5.20,31.0,90.0,-3.13,-3.13,13.9,8.6,68.9,-0.19,LOCKED,68.1,16.9
1791265277330,28.632291,77.372952,68.0,CNG,43.63,21.6,5,2044,20.4,5.20,31.0,90.0,-3.13,-3.13,13.9,9.1,68.7,-0.20,LOCKED,68.1,17.6
1791265278271,28.632290,77.373146,68.0,CNG,45.01,22.0,5,2036,25.1,5.47,38.0,90.0,0.00,-2.34,13.7,9.6,68.5,-0.23,LOCKED,68.1,17.6
1791265278787,28.632290,77.373146,68.0,CNG,44.17,22.0,5,2023,25.1,6.02,38.0,90.0,0.00,-2.34,13.7,9.6,68.1,-0.29,LOCKED,68.1,18.0
1791265279340,28.632288,77.373336,68.0,CNG,43.91,22.0,5,2015,25.1,5.94,38.0,90.0,0.00,-2.34,13.8,9.6,67.9,-0.32,LOCKED,68.1,18.0
1791265280199,28.632284,77.373527,68.0,CNG,41.62,22.4,5,2022,27.5,6.70,41.0,90.0,-0.78,-2.34,13.8,10.2,67.8,-0.28,LOCKED,68.1,18.4
1791265280749,28.632284,77.373527,67.0,CNG,39.36,23.5,5,2007,27.5,7.01,41.0,90.0,-0.78,-2.34,13.8,11.8,67.5,-0.30,LOCKED,68.1,19.2
1791265281273,28.632281,77.373716,68.0,CNG,37.13,23.5,5,2020,27.5,7.55,41.0,89.0,-0.78,-2.34,13.8,11.8,67.6,-0.13,LOCKED,68.1,19.2
1791265282172,28.632276,77.373906,68.0,CNG,35.23,23.5,5,2005,33.3,7.90,46.0,89.0,-0.78,-2.34,13.8,11.8,67.5,-0.15,LOCKED,68.1,19.2
1791265282654,28.632276,77.373906,68.0,CNG,33.99,23.5,5,2014,33.3,8.01,46.0,89.0,-0.78,-2.34,13.8,11.8,67.6,-0.08,LOCKED,68.1,19.2
1791265283199,28.632276,77.374093,68.0,CNG,34.36,23.5,5,2015,33.3,7.40,46.0,89.0,-0.78,-2.34,13.8,11.8,67.7,-0.05,LOCKED,68.1,19.2
1791265284138,28.632276,77.374282,68.0,CNG,31.74,23.5,5,2013,39.6,9.08,53.0,89.0,1.56,-1.56,13.8,11.8,67.7,-0.04,LOCKED,68.1,20.4
1791265284682,28.632276,77.374282,68.0,CNG,29.65,23.5,5,2015,39.6,9.58,53.0,89.0,1.56,-1.56,13.7,11.8,67.8,-0.01,LOCKED,68.1,20.4
1791265285181,28.632276,77.374475,68.0,CNG,29.38,23.5,5,2015,39.6,8.92,53.0,89.0,1.56,-1.56,13.7,11.8,67.8,0.00,LOCKED,68.1,20.4
1791265286083,28.632273,77.374665,68.0,CNG,28.23,23.5,5,2017,41.6,9.70,53.0,89.0,-0.78,-1.56,13.6,11.8,67.8,0.02,LOCKED,68.1,20.4
1791265286626,28.632273,77.374665,68.0,CNG,27.40,23.5,5,2014,41.6,9.85,53.0,89.0,-0.78,-1.56,13.6,11.8,67.8,0.01,LOCKED,68.1,20.4
1791265287141,28.632269,77.374856,68.0,CNG,27.68,23.5,5,2017,41.6,9.20,53.0,89.0,-0.78,-1.56,13.7,11.8,67.8,0.02,LOCKED,68.1,20.4
1791265288027,28.632264,77.375048,68.0,CNG,27.34,23.5,5,2022,41.6,9.63,52.0,89.0,-0.78,-1.56,13.7,11.8,68.0,0.05,LOCKED,68.1,20.4
1791265288597,28.632264,77.375048,68.0,CNG,27.64,23.5,5,2026,41.6,9.20,52.0,89.0,-0.78,-1.56,13.7,11.8,68.1,0.08,LOCKED,68.1,20.4
1791265289155,28.632260,77.375240,68.0,CNG,27.41,23.5,5,2012,41.6,9.55,52.0,89.0,-0.78,-1.56,13.7,11.8,67.9,-0.06,LOCKED,68.1,20.4
1791265290034,28.632257,77.375431,68.0,CNG,28.30,23.5,5,2010,42.0,8.69,54.0,89.0,0.00,-1.56,13.4,11.8,67.8,-0.09,LOCKED,68.1,20.4
1791265290533,28.632257,77.375431,68.0,CNG,27.70,23.5,5,2012,42.0,9.63,54.0,89.0,0.00,-1.56,13.4,11.8,67.7,-0.09,LOCKED,68.1,20.4
1791265291096,28.632257,77.375619,68.0,CNG,27.19,23.5,5,2006,42.0,9.77,54.0,89.0,0.00,-1.56,13.5,11.8,67.6,-0.10,LOCKED,68.1,20.4
1791265292120,28.632258,77.375809,67.0,CNG,27.38,23.5,5,2008,42.4,9.21,54.0,89.0,0.00,-1.56,13.7,11.8,67.6,-0.10,LOCKED,68.1,20.4
1791265292669,28.632258,77.375809,67.0,CNG,30.36,23.5,5,2004,42.4,7.01,54.0,89.0,0.00,-1.56,13.6,11.8,67.5,-0.11,LOCKED,68.1,19.2
1791265293192,28.632256,77.375999,68.0,CNG,31.39,23.5,5,2018,42.4,7.82,54.0,89.0,0.00,-1.56,13.6,11.8,67.6,0.04,LOCKED,68.1,19.2
1791265294104,28.632256,77.376186,67.0,CNG,32.88,23.5,5,2003,34.1,7.19,46.0,89.0,0.00,-1.56,13.8,11.8,67.5,0.00,LOCKED,68.1,19.2
1791265294629,28.632256,77.376186,67.0,CNG,33.66,23.5,5,2004,34.1,7.30,46.0,89.0,0.00,-1.56,13.8,11.8,67.5,-0.02,LOCKED,68.1,19.2
1791265295167,28.632255,77.376378,67.0,CNG,33.75,23.9,5,2000,34.1,7.52,46.0,89.0,0.00,-1.56,13.7,12.3,67.3,-0.05,LOCKED,68.1,19.2
1791265296044,28.632255,77.376569,67.0,CNG,33.29,23.9,5,2002,34.9,7.81,48.0,89.0,1.56,-1.56,13.7,12.3,67.3,-0.05,LOCKED,68.1,19.2
1791265296568,28.632255,77.376569,68.0,CNG,32.76,23.9,5,2005,34.9,8.08,48.0,89.0,1.56,-1.56,13.6,12.3,67.4,-0.02,LOCKED,68.1,19.2
1791265297075,28.632253,77.376759,67.0,CNG,33.45,23.9,5,2002,34.9,7.37,48.0,89.0,1.56,-1.56,13.6,12.3,67.4,-0.02,LOCKED,68.1,19.6
1791265297985,28.632250,77.376947,67.0,CNG,33.75,23.9,5,2011,35.3,7.45,49.0,89.0,0.78,-1.56,13.6,12.3,67.5,0.01,LOCKED,68.1,19.2
1791265298497,28.632250,77.376947,68.0,CNG,32.73,23.9,5,2009,35.3,8.25,49.0,89.0,0.78,-1.56,13.6,12.3,67.5,0.03,LOCKED,68.1,19.2
1791265299050,28.632248,77.377136,68.0,CNG,32.82,23.9,5,2010,35.3,7.85,49.0,89.0,0.78,-1.56,13.8,12.3,67.6,0.04,LOCKED,68.1,19.2
1791265299945,28.632246,77.377327,67.0,CNG,32.87,23.9,5,2010,34.9,7.73,52.0,89.0,0.00,-1.56,13.8,12.3,67.6,0.04,LOCKED,68.1,19.2
1791265300465,28.632246,77.377327,68.0,CNG,30.64,23.5,5,2014,34.9,9.29,52.0,89.0,0.00,-1.56,13.7,11.8,67.7,0.06,LOCKED,68.1,20.0
1791265300987,28.632243,77.377518,68.0,CNG,29.54,23.5,5,2022,34.9,9.22,52.0,89.0,0.00,-1.56,13.7,11.8,67.9,0.10,LOCKED,68.1,20.0
1791265301910,28.632241,77.377710,68.0,CNG,28.73,23.5,5,2028,41.2,9.37,53.0,89.0,0.00,-1.56,13.8,11.8,68.1,0.14,LOCKED,68.1,20.4
1791265302436,28.632241,77.377710,68.0,CNG,27.72,23.5,5,2033,41.2,9.82,53.0,89.0,0.00,-1.56,13.8,11.8,68.3,0.17,LOCKED,68.1,20.4
1791265302939,28.632240,77.377902,68.0,CNG,27.32,23.5,5,2042,41.2,9.67,53.0,89.0,0.00,-1.56,13.7,11.8,68.5,0.21,LOCKED,68.1,20.4
1791265303817,28.632240,77.377902,68.0,CNG,27.22,23.9,5,2037,42.4,9.55,52.0,89.0,0.00,-1.56,13.7,12.3,68.5,0.18,LOCKED,68.1,20.4
1791265304346,28.632241,77.378095,69.0,CNG,27.96,23.5,5,2055,42.4,9.01,52.0,89.0,0.00,-1.56,13.8,11.8,68.9,0.25,LOCKED,68.1,20.4
1791265304830,28.632241,77.378095,69.0,CNG,27.55,23.5,5,2055,42.4,9.73,52.0,89.0,0.00,-1.56,13.8,11.8,69.1,0.25,LOCKED,68.1,20.4
1791265305750,28.632243,77.378291,69.0,CNG,28.28,23.5,5,2056,40.4,8.91,51.0,89.0,-0.78,-1.56,13.8,11.8,69.1,0.23,LOCKED,68.1,20.4
1791265306241,28.632246,77.378486,70.0,CNG,27.82,23.5,5,2070,40.4,9.80,51.0,89.0,-0.78,-1.56,13.8,11.8,69.5,0.28,LOCKED,68.1,20.4
1791265306792,28.632246,77.378486,70.0,CNG,27.78,23.5,5,2083,40.4,9.60,51.0,89.0,-0.78,-1.56,13.6,11.8,69.8,0.33,LOCKED,68.1,20.4
1791265307662,28.632249,77.378682,70.0,CNG,31.19,19.2,5,2080,27.8,6.97,34.0,89.0,-3.13,-2.34,13.6,5.9,70.0,0.32,LOCKED,68.1,18.8
1791265308182,28.632248,77.378879,70.0,CNG,38.33,19.2,5,2082,27.8,4.57,34.0,89.0,-3.13,-2.34,13.7,5.9,70.1,0.27,LOCKED,68.1,16.9
1791265308671,28.632248,77.378879,69.0,CNG,44.52,19.2,5,2066,27.8,4.45,34.0,89.0,-3.13,-2.34,13.7,5.9,69.8,0.05,LOCKED,68.1,16.9
1791265309592,28.632247,77.379075,69.0,CNG,48.71,21.6,5,2054,22.7,4.62,36.0,89.0,1.56,-2.34,13.7,9.1,69.5,-0.19,LOCKED,68.1,17.3
1791265310134,28.632249,77.379269,69.0,CNG,46.99,22.0,5,2051,22.7,5.88,36.0,89.0,1.56,-2.34,13.7,9.6,69.0,-0.26,LOCKED,68.1,17.6
1791265310652,28.632249,77.379269,69.0,CNG,43.34,22.4,5,2046,22.7,6.76,36.0,89.0,1.56,-2.34,13.6,10.2,68.8,-0.28,LOCKED,68.1,18.4
1791265311661,28.632251,77.379462,69.0,CNG,42.68,22.4,5,2045,27.8,6.29,42.0,89.0,-0.78,-2.34,13.7,10.2,68.7,-0.27,LOCKED,68.1,18.4
1791265312188,28.632255,77.379655,69.0,CNG,40.07,23.1,5,2048,27.8,7.15,42.0,89.0,-0.78,-2.34,13.6,11.2,68.7,-0.11,LOCKED,68.1,18.8
1791265312690,28.632255,77.379655,69.0,CNG,37.89,23.1,5,2058,27.8,7.49,42.0,89.0,-0.78,-2.34,13.6,11.2,68.9,0.03,LOCKED,68.1,18.8
1791265313648,28.632259,77.379849,69.0,CNG,37.40,23.1,5,2057,30.6,7.15,45.0,89.0,-0.78,-2.34,13.8,11.2,69.0,0.06,LOCKED,68.1,18.8
1791265314144,28.632260,77.380045,69.0,CNG,37.67,23.1,5,2064,30.6,6.89,45.0,88.0,-0.78,-2.34,13.8,11.2,69.3,0.11,LOCKED,68.1,18.8
1791265314716,28.632260,77.380045,69.0,CNG,36.18,23.1,5,2064,30.6,7.68,45.0,88.0,-0.78,-2.34,13.9,11.2,69.3,0.12,LOCKED,68.1,19.2
1791265315634,28.632267,77.380239,69.0,CNG,36.71,23.1,5,2072,30.6,6.99,43.0,88.0,0.00,-2.34,13.9,11.2,69.5,0.15,LOCKED,68.1,18.8
1791265316160,28.632274,77.380435,69.0,CNG,37.37,23.1,5,2059,30.6,6.83,43.0,88.0,0.00,-2.34,13.7,11.2,69.3,-0.04,LOCKED,68.1,19.2
1791265316664,28.632274,77.380435,69.0,CNG,32.80,23.1,5,2065,30.6,9.47,43.0,88.0,0.00,-2.34,13.7,11.2,69.3,-0.04,LOCKED,68.1,20.0
1791265317584,28.632282,77.380631,69.0,CNG,31.00,23.1,5,2057,37.3,9.16,51.0,88.0,0.78,-1.56,13.6,11.2,69.2,-0.07,LOCKED,68.1,20.0
1791265318071,28.632296,77.380827,69.0,CNG,30.92,23.1,5,2046,37.3,8.52,51.0,88.0,0.78,-1.56,13.6,11.2,68.9,-0.14,LOCKED,68.1,20.0
1791265318610,28.632296,77.380827,69.0,CNG,30.98,23.1,5,2045,37.3,8.44,51.0,88.0,0.78,-1.56,13.6,11.2,68.7,-0.16,LOCKED,68.1,20.0
1791265319490,28.632310,77.381019,68.0,CNG,30.76,23.1,5,2038,38.8,8.50,52.0,88.0,0.00,-1.56,13.6,11.2,68.6,-0.19,LOCKED,68.1,20.0
1791265320065,28.632327,77.381211,68.0,CNG,30.54,23.1,5,2015,38.8,8.56,52.0,88.0,0.00,-1.56,13.7,11.2,67.9,-0.45,LOCKED,68.1,20.0
1791265320637,28.632327,77.381211,68.0,CNG,30.74,23.1,5,2012,38.8,8.33,52.0,89.0,0.00,-1.56,13.7,11.2,67.6,-0.46,LOCKED,68.1,20.0
1791265321510,28.632347,77.381401,67.0,CNG,29.64,23.1,5,2000,40.0,9.06,52.0,88.0,0.00,-1.56,13.6,11.2,67.3,-0.49,LOCKED,68.1,20.0
1791265322053,28.632369,77.381586,67.0,CNG,28.09,23.5,5,1996,40.0,9.79,52.0,89.0,0.00,-1.56,13.6,11.8,67.0,-0.44,LOCKED,68.1,20.4
1791265322565,28.632369,77.381586,67.0,CNG,28.33,23.5,5,1995,40.0,8.88,52.0,89.0,0.00,-1.56,13.7,11.8,66.9,-0.41,LOCKED,68.1,20.4
1791265323432,28.632388,77.381772,67.0,CNG,27.98,23.5,5,1981,42.4,9.27,53.0,89.0,0.00,-1.56,13.7,11.8,66.6,-0.43,LOCKED,68.1,20.4
1791265323952,28.632411,77.381956,66.0,CNG,28.14,23.5,5,1982,42.4,8.84,53.0,89.0,0.00,-1.56,13.6,11.8,66.4,-0.37,LOCKED,68.1,20.4
1791265324487,28.632411,77.381956,66.0,CNG,27.97,23.5,5,1967,42.4,9.06,53.0,89.0,0.00,-1.56,13.6,11.8,66.2,-0.40,LOCKED,68.1,20.4
1791265325368,28.632433,77.382141,66.0,CNG,27.19,23.5,5,1965,42.7,9.62,47.0,89.0,-0.78,-1.56,13.6,11.8,66.0,-0.39,LOCKED,68.1,20.4
1791265325904,28.632458,77.382325,66.0,CNG,29.23,23.5,5,1943,42.7,7.61,47.0,89.0,-0.78,-1.56,13.6,11.8,65.4,-0.45,LOCKED,68.1,19.2
1791265326454,28.632458,77.382325,66.0,CNG,31.11,23.5,5,1953,42.7,7.29,47.0,89.0,-0.78,-1.56,13.8,11.8,65.4,-0.31,LOCKED,68.1,19.2
1791265327388,28.632485,77.382504,65.0,CNG,31.37,23.5,5,1945,35.3,7.78,50.0,89.0,0.78,-1.56,13.8,11.8,65.3,-0.29,LOCKED,68.1,19.2
1791265327963,28.632510,77.382686,65.0,CNG,31.43,23.5,5,1928,35.3,7.84,50.0,89.0,0.78,-1.56,13.8,11.8,64.9,-0.33,LOCKED,68.1,19.6
1791265328520,28.632510,77.382686,65.0,CNG,32.40,23.5,5,1921,35.3,7.27,50.0,89.0,0.78,-1.56,13.8,11.8,64.6,-0.35,LOCKED,68.1,19.2
1791265329482,28.632544,77.382861,65.0,CNG,31.70,23.5,5,1933,36.5,8.05,56.0,89.0,0.78,-1.56,13.9,11.8,64.7,-0.19,LOCKED,68.1,19.2
1791265329989,28.632580,77.383036,65.0,CNG,23.99,28.6,5,1932,36.5,14.07,56.0,89.0,0.78,-1.56,13.9,18.7,64.8,-0.01,LOCKED,68.1,23.1
1791265330503,28.632580,77.383036,65.0,CNG,21.92,28.6,5,1934,36.5,12.74,56.0,89.0,0.78,-1.56,13.7,18.7,64.9,0.01,LOCKED,68.1,22.7
1791265331536,28.632617,77.383214,66.0,CNG,20.85,28.6,5,1952,58.0,12.90,65.0,89.0,-0.78,0.00,13.6,18.7,65.3,0.23,LOCKED,68.1,22.4
1791265332067,28.632660,77.383391,66.0,CNG,20.15,28.6,5,1969,58.0,13.08,65.0,89.0,-0.78,0.00,13.8,18.7,66.0,0.50,LOCKED,68.1,23.1
1791265332633,28.632660,77.383391,67.0,CNG,19.94,28.2,5,1987,58.0,12.97,65.0,89.0,-0.78,0.00,13.8,18.2,66.6,0.66,LOCKED,68.1,23.1
1791265333561,28.632704,77.383571,67.0,CNG,19.39,27.8,5,2005,61.2,13.68,70.0,89.0,-1.56,0.00,13.6,17.7,67.1,0.80,LOCKED,68.1,23.1
1791265334078,28.632748,77.383754,68.0,CNG,19.09,27.8,5,2016,61.2,13.85,70.0,90.0,-1.56,0.00,13.6,17.7,67.8,0.78,LOCKED,68.1,23.1
1791265334620,28.632748,77.383754,68.0,CNG,18.61,27.5,5,2026,61.2,14.41,70.0,90.0,-1.56,0.00,13.7,17.1,68.2,0.77,LOCKED,68.1,23.1
1791265335478,28.632797,77.383935,68.0,CNG,18.60,27.5,5,2026,58.8,13.91,66.0,90.0,-0.78,0.00,13.7,17.1,68.4,0.63,LOCKED,68.1,22.7
1791265336021,28.632847,77.384119,69.0,CNG,24.14,17.6,5,2032,58.8,6.11,66.0,90.0,-0.78,0.00,13.6,3.7,68.5,0.42,LOCKED,68.1,18.0
1791265336580,28.632847,77.384119,68.0,CNG,31.29,18.4,5,2016,58.8,4.58,66.0,90.0,-0.78,0.00,13.6,4.8,68.3,0.13,LOCKED,68.1,16.5
1791265337492,28.632899,77.384305,68.0,CNG,33.94,21.2,5,2033,28.2,6.65,45.0,90.0,-0.78,-2.34,13.7,8.6,68.4,0.13,LOCKED,68.1,18.4
1791265338005,28.632950,77.384488,68.0,CNG,32.32,21.6,5,2010,28.2,8.57,45.0,90.0,-0.78,-2.34,13.7,9.1,67.9,-0.20,LOCKED,68.1,19.6
1791265338513,28.632950,77.384488,68.0,CNG,31.61,22.7,5,2016,28.2,8.45,45.0,90.0,-0.78,-2.34,13.6,10.7,67.8,-0.20,LOCKED,68.1,20.0
1791265339454,28.633001,77.384669,67.0,CNG,31.06,22.7,5,2019,38.0,8.42,50.0,90.0,0.00,-1.56,13.6,10.7,67.8,-0.17,LOCKED,68.1,20.0
1791265340022,28.633053,77.384847,67.0,CNG,32.92,22.7,5,2003,38.0,7.04,50.0,90.0,0.00,-1.56,13.9,10.7,67.4,-0.22,LOCKED,68.1,18.8
1791265340566,28.633053,77.384847,68.0,CNG,35.82,22.7,5,2016,38.0,6.27,50.0,90.0,0.00,-1.56,13.9,10.7,67.6,-0.08,LOCKED,68.1,18.4
1791265341515,28.633107,77.385028,68.0,CNG,36.39,22.7,5,2010,30.6,6.94,44.0,90.0,-0.78,-2.34,13.7,10.7,67.6,-0.06,LOCKED,68.1,18.8
1791265342071,28.633161,77.385206,68.0,CNG,37.54,23.1,5,2012,30.6,6.56,44.0,90.0,-0.78,-2.34,13.7,11.2,67.6,-0.03,LOCKED,68.1,18.8
1791265342581,28.633161,77.385206,68.0,CNG,36.64,23.1,5,2024,30.6,7.31,44.0,90.0,-0.78,-2.34,13.8,11.2,67.8,0.10,LOCKED,68.1,18.8
1791265343485,28.633215,77.385386,68.0,CNG,36.53,23.1,5,2009,31.0,7.11,44.0,89.0,-0.78,-2.34,13.8,11.2,67.7,0.06,LOCKED,68.1,18.8
1791265344024,28.633269,77.385571,68.0,CNG,36.99,23.1,5,2020,31.0,6.86,44.0,89.0,-0.78,-2.34,13.7,11.2,67.9,0.09,LOCKED,68.1,18.8
1791265344513,28.633269,77.385571,68.0,CNG,37.88,23.1,5,2035,31.0,6.58,44.0,89.0,-0.78,-2.34,13.7,11.2,68.2,0.24,LOCKED,68.1,18.8
1791265345380,28.633322,77.385755,68.0,CNG,37.15,22.7,5,2028,30.6,7.16,47.0,89.0,-0.78,-2.34,13.8,10.7,68.3,0.22,LOCKED,68.1,18.8
1791265345926,28.633380,77.385940,69.0,CNG,35.32,22.7,5,2046,30.6,7.97,47.0,89.0,-0.78,-2.34,13.8,10.7,68.7,0.29,LOCKED,68.1,19.6
1791265346479,28.633380,77.385940,69.0,CNG,32.76,23.1,5,2046,30.6,8.87,47.0,89.0,-0.78,-2.34,13.6,11.2,68.9,0.29,LOCKED,68.1,20.0
1791265347406,28.633437,77.386121,69.0,CNG,31.50,23.1,5,2055,37.3,8.81,50.0,89.0,-0.78,-1.56,13.6,11.2,69.1,0.30,LOCKED,68.1,20.0
1791265347989,28.633495,77.386305,69.0,CNG,31.17,22.7,5,2059,37.3,8.55,50.0,89.0,-0.78,-1.56,13.8,10.7,69.3,0.28,LOCKED,68.1,20.0
1791265348482,28.633495,77.386305,70.0,CNG,30.70,22.7,5,2065,37.3,8.86,50.0,88.0,-0.78,-1.56,13.8,10.7,69.5,0.29,LOCKED,68.1,20.0
1791265349423,28.633551,77.386490,70.0,CNG,31.27,22.7,5,2083,36.9,8.28,49.0,88.0,-0.78,-1.56,13.7,10.7,69.8,0.42,LOCKED,68.1,20.0
1791265349926,28.633606,77.386678,70.0,CNG,30.98,22.7,5,2085,36.9,8.71,49.0,88.0,-0.78,-1.56,13.7,10.7,70.2,0.40,LOCKED,68.1,20.0
1791265350506,28.633606,77.386678,70.0,CNG,30.29,22.7,5,2101,36.9,9.08,49.0,88.0,-0.78,-1.56,13.8,10.7,70.5,0.44,LOCKED,68.1,20.0
1791265351543,28.633660,77.386868,70.0,CNG,30.33,22.0,5,2098,33.7,8.76,45.0,88.0,-1.56,-2.34,13.7,9.6,70.6,0.41,LOCKED,68.1,20.0
1791265352055,28.633720,77.387056,71.0,CNG,31.12,22.0,5,2113,33.7,8.34,45.0,88.0,-1.56,-2.34,13.6,9.6,71.0,0.40,LOCKED,68.1,19.6
1791265352597,28.633720,77.387056,71.0,CNG,33.74,22.0,5,2114,33.7,7.00,45.0,88.0,-1.56,-2.34,13.6,9.6,71.2,0.37,LOCKED,68.1,18.4
1791265353555,28.633776,77.387245,71.0,CNG,36.35,22.0,5,2124,25.5,6.57,39.0,88.0,0.00,-2.34,13.7,9.6,71.4,0.38,LOCKED,68.1,18.4
1791265354061,28.633837,77.387431,72.0,CNG,38.22,16.1,5,2125,25.5,6.62,39.0,88.0,0.00,-2.34,13.7,1.6,71.5,0.33,LOCKED,68.1,18.4
1791265354586,28.633837,77.387431,72.0,CNG,43.07,20.8,5,2130,25.5,5.16,39.0,88.0,0.00,-2.34,13.9,8.0,71.7,0.32,LOCKED,68.1,16.9
1791265355466,28.633895,77.387622,71.0,CNG,42.29,22.7,5,2156,27.5,6.56,42.0,88.0,0.78,-2.34,13.9,10.7,72.1,0.49,LOCKED,68.1,18.4
1791265356166,28.633957,77.387809,72.0,CNG,39.92,23.1,5,2134,27.5,7.43,42.0,88.0,0.78,-2.34,13.9,11.2,72.0,0.17,LOCKED,68.1,19.2
1791265356695,28.633957,77.387809,72.0,CNG,38.71,23.5,5,2148,27.5,7.39,42.0,88.0,0.78,-2.34,13.9,11.8,72.2,0.18,LOCKED,68.1,19.2
1791265357648,28.634013,77.388003,72.0,CNG,36.72,23.5,5,2149,30.6,8.03,44.0,88.0,0.78,-2.34,13.8,11.8,72.2,0.18,LOCKED,68.1,19.2
1791265358156,28.634071,77.388195,72.0,CNG,36.73,23.5,5,2151,30.6,7.45,44.0,88.0,0.78,-2.34,13.8,11.8,72.3,0.15,LOCKED,68.1,19.2
1791265358677,28.634071,77.388195,72.0,CNG,34.44,23.5,5,2146,30.6,8.69,44.0,88.0,0.78,-2.34,13.8,11.8,72.3,0.11,LOCKED,68.1,20.4
1791265359602,28.634129,77.388388,72.0,CNG,36.75,14.9,5,2145,26.3,6.70,29.0,88.0,-2.34,-3.13,13.8,0.0,72.2,0.08,LOCKED,68.1,18.8
1791265360121,28.634188,77.388580,72.0,CNG,39.46,21.6,5,2127,26.3,6.17,29.0,88.0,-2.34,-3.13,13.7,9.1,71.7,-0.23,LOCKED,68.1,17.6
1791265360644,28.634188,77.388580,71.0,CNG,37.53,22.0,5,2109,26.3,7.73,29.0,88.0,-2.34,-3.13,13.7,9.6,71.2,-0.44,LOCKED,68.1,18.8
1791265361525,28.634248,77.388769,71.0,CNG,36.88,22.0,5,2098,32.9,7.51,46.0,88.0,0.78,-2.34,13.8,9.6,70.8,-0.58,LOCKED,68.1,19.6
1791265362027,28.634303,77.388957,71.0,CNG,35.31,22.0,5,2101,32.9,8.14,46.0,89.0,0.78,-2.34,13.8,9.6,70.5,-0.51,LOCKED,68.1,19.6
1791265362551,28.634303,77.388957,70.0,CNG,34.17,22.0,5,2095,32.9,8.17,46.0,89.0,0.78,-2.34,13.5,9.6,70.4,-0.49,LOCKED,68.1,19.6
1791265363517,28.634360,77.389142,70.0,CNG,32.88,22.4,5,2088,34.5,8.56,48.0,89.0,0.78,-2.34,13.5,10.2,70.1,-0.47,LOCKED,68.1,19.6
1791265364063,28.634418,77.389325,70.0,CNG,32.36,22.4,5,2087,34.5,8.42,48.0,89.0,0.78,-2.34,13.6,10.2,70.0,-0.29,LOCKED,68.1,19.6
1791265364575,28.634418,77.389325,70.0,CNG,32.31,22.7,5,2077,34.5,8.26,48.0,89.0,0.78,-2.34,13.6,10.7,69.8,-0.30,LOCKED,68.1,19.6
1791265365566,28.634475,77.389509,70.0,CNG,32.48,22.7,5,2070,36.5,8.13,43.0,89.0,0.78,-2.34,13.7,10.7,69.6,-0.31,LOCKED,68.1,20.0
1791265366064,28.634536,77.389697,70.0,CNG,35.54,22.7,5,2064,36.5,6.43,43.0,89.0,0.78,-2.34,13.7,10.7,69.4,-0.29,LOCKED,68.1,18.4
1791265366581,28.634536,77.389697,70.0,CNG,37.99,22.7,5,2080,36.5,6.28,43.0,89.0,0.78,-2.34,13.6,10.7,69.6,-0.09,LOCKED,68.1,18.4
1791265367563,28.634594,77.389880,70.0,CNG,38.33,22.7,5,2063,29.0,6.85,43.0,89.0,0.00,-2.34,13.6,10.7,69.5,-0.11,LOCKED,68.1,18.4
1791265368069,28.634654,77.390061,70.0,CNG,37.97,22.7,5,2066,29.0,7.11,43.0,89.0,0.00,-2.34,13.8,10.7,69.5,-0.08,LOCKED,68.1,18.8
1791265368562,28.634654,77.390061,69.0,CNG,39.25,22.7,5,2055,29.0,6.34,43.0,89.0,0.00,-2.34,13.8,10.7,69.3,-0.12,LOCKED,68.1,18.4
1791265369513,28.634715,77.390242,69.0,CNG,40.10,22.7,5,2052,29.4,6.33,43.0,89.0,0.78,-2.34,13.7,10.7,69.2,-0.14,LOCKED,68.1,18.4
1791265369996,28.634775,77.390422,69.0,CNG,40.18,22.7,5,2050,29.4,6.51,43.0,89.0,0.78,-2.34,13.7,10.7,69.0,-0.15,LOCKED,68.1,18.4
1791265370530,28.634775,77.390422,69.0,CNG,40.25,22.7,5,2047,29.4,6.50,43.0,89.0,0.78,-2.34,13.9,10.7,68.9,-0.16,LOCKED,68.1,18.4
1791265371549,28.634837,77.390600,68.0,CNG,40.29,22.7,5,2041,33.7,6.41,47.0,89.0,2.34,-2.34,13.9,10.7,68.8,-0.18,LOCKED,68.1,18.4
1791265372089,28.634898,77.390783,68.0,CNG,35.76,22.7,5,2034,33.7,8.46,47.0,89.0,2.34,-2.34,13.7,10.7,68.5,-0.22,LOCKED,68.1,19.6
1791265372562,28.634898,77.390783,68.0,CNG,34.43,22.7,5,2018,33.7,7.93,47.0,89.0,2.34,-2.34,13.7,10.7,68.1,-0.34,LOCKED,68.1,19.6
1791265373502,28.634957,77.390960,68.0,CNG,32.47,22.7,5,2019,37.3,8.65,51.0,89.0,0.78,-1.56,13.6,10.7,67.9,-0.35,LOCKED,68.1,19.6
1791265373981,28.635019,77.391139,67.0,CNG,32.20,22.7,5,2010,37.3,8.01,51.0,89.0,0.78,-1.56,13.6,10.7,67.6,-0.36,LOCKED,68.1,20.0
1791265374518,28.635019,77.391139,67.0,CNG,32.73,22.4,5,1998,37.3,7.59,51.0,89.0,0.78,-1.56,13.7,10.2,67.3,-0.39,LOCKED,68.1,19.6
1791265375368,28.635077,77.391316,67.0,CNG,31.87,18.4,5,1998,32.5,8.31,37.0,89.0,-0.78,-2.34,13.7,4.8,67.1,-0.38,LOCKED,68.1,19.6
1791265375921,28.635134,77.391491,66.0,CNG,39.97,16.9,5,1965,32.5,3.84,37.0,89.0,-0.78,-2.34,13.8,2.7,66.3,-0.66,LOCKED,68.1,16.5
1791265376401,28.635134,77.391491,65.0,CNG,46.49,22.7,5,1957,32.5,3.98,37.0,89.0,-0.78,-2.34,13.8,10.7,65.9,-0.69,LOCKED,68.1,16.5
1791265377280,28.635196,77.391661,65.0,CNG,31.91,25.1,5,1980,49.8,11.45,58.0,90.0,2.34,-1.56,13.7,13.9,66.0,-0.43,LOCKED,68.1,21.6
1791265377796,28.635196,77.391661,65.0,CNG,28.13,24.7,5,1931,49.8,10.36,58.0,89.0,2.34,-1.56,13.7,13.4,65.1,-0.71,LOCKED,68.1,21.2
1791265378351,28.635253,77.391833,65.0,CNG,26.05,24.7,5,1948,49.8,10.55,58.0,89.0,2.34,-1.56,13.8,13.4,65.0,-0.51,LOCKED,68.1,20.8
1791265379260,28.635308,77.392002,65.0,CNG,28.04,24.3,5,1933,38.8,7.80,51.0,89.0,-1.56,-1.56,13.8,12.8,64.8,-0.49,LOCKED,68.1,19.6
1791265379779,28.635308,77.392002,65.0,CNG,28.96,27.5,5,1933,38.8,8.11,51.0,89.0,-1.56,-1.56,13.7,17.1,64.7,-0.29,LOCKED,68.1,20.0
1791265380280,28.635365,77.392178,65.0,CNG,25.81,26.7,5,1940,38.8,11.14,51.0,89.0,-1.56,-1.56,13.7,16.1,64.9,-0.13,LOCKED,68.1,21.6
1791265381167,28.635422,77.392351,65.0,CNG,23.96,26.7,5,1958,50.2,11.43,58.0,89.0,1.56,-0.78,13.8,16.1,65.2,0.14,LOCKED,68.1,21.2
1791265381652,28.635422,77.392351,66.0,CNG,24.02,26.3,5,1958,50.2,10.41,58.0,89.0,1.56,-0.78,13.8,15.5,65.6,0.21,LOCKED,68.1,20.8
1791265382222,28.635476,77.392525,66.0,CNG,23.63,26.3,5,1971,50.2,10.87,58.0,89.0,1.56,-0.78,13.7,15.5,65.9,0.34,LOCKED,68.1,20.8
1791265383115,28.635530,77.392703,67.0,CNG,23.92,26.3,5,1972,46.7,10.46,55.0,90.0,-0.78,-1.56,13.7,15.5,66.2,0.36,LOCKED,68.1,20.8
1791265383669,28.635530,77.392703,67.0,CNG,25.42,25.5,5,1983,46.7,9.09,55.0,90.0,-0.78,-1.56,13.7,14.4,66.6,0.38,LOCKED,68.1,20.4
1791265384152,28.635585,77.392879,67.0,CNG,24.81,25.5,5,1992,46.7,10.64,55.0,90.0,-0.78,-1.56,13.7,14.4,66.8,0.40,LOCKED,68.1,21.2
1791265385021,28.635642,77.393056,67.0,CNG,24.72,25.5,5,1998,50.2,10.36,57.0,90.0,0.78,-0.78,13.6,14.4,67.1,0.41,LOCKED,68.1,21.2
1791265385567,28.635642,77.393056,67.0,CNG,24.66,24.7,5,2001,50.2,10.37,57.0,90.0,0.78,-0.78,13.6,13.4,67.3,0.36,LOCKED,68.1,20.8
1791265386108,28.635700,77.393231,67.0,CNG,24.98,23.1,5,1994,50.2,10.00,57.0,90.0,0.78,-0.78,13.8,11.2,67.2,0.22,LOCKED,68.1,20.4
1791265387017,28.635754,77.393408,67.0,CNG,25.91,23.9,5,2002,42.7,9.28,55.0,90.0,0.00,-1.56,13.8,12.3,67.3,0.20,LOCKED,68.1,20.4
1791265387535,28.635754,77.393408,67.0,CNG,26.81,23.5,5,2008,42.7,9.01,55.0,90.0,0.00,-1.56,13.8,11.8,67.4,0.19,LOCKED,68.1,20.4
1791265388076,28.635810,77.393586,67.0,CNG,27.12,23.5,5,2010,42.7,9.23,55.0,90.0,0.00,-1.56,13.8,11.8,67.5,0.18,LOCKED,68.1,20.4
1791265388989,28.635864,77.393766,67.0,CNG,27.55,23.5,5,2001,41.2,9.03,54.0,90.0,-0.78,-1.56,13.5,11.8,67.4,0.05,LOCKED,68.1,20.4
1791265389543,28.635864,77.393766,68.0,CNG,27.61,23.5,5,2005,41.2,9.33,54.0,90.0,-0.78,-1.56,13.5,11.8,67.4,0.03,LOCKED,68.1,20.4
1791265390118,28.635920,77.393946,67.0,CNG,27.49,23.5,5,2006,41.2,9.33,54.0,90.0,-0.78,-1.56,13.8,11.8,67.4,0.03,LOCKED,68.1,20.4
1791265391208,28.635978,77.394122,67.0,CNG,28.29,23.1,5,2004,39.2,8.61,49.0,90.0,-0.78,-2.34,13.7,11.2,67.3,0.01,LOCKED,68.1,20.4
1791265391739,28.635978,77.394122,67.0,CNG,31.41,23.1,5,2006,39.2,6.77,49.0,90.0,-0.78,-2.34,13.8,11.2,67.3,0.01,LOCKED,68.1,18.8
1791265392219,28.636035,77.394299,67.0,CNG,32.51,23.1,5,2000,39.2,7.42,49.0,89.0,-0.78,-2.34,13.8,11.2,67.2,-0.03,LOCKED,68.1,19.2
1791265393082,28.636089,77.394480,67.0,CNG,33.91,23.1,5,2005,31.8,7.03,45.0,89.0,0.00,-3.13,13.5,11.2,67.2,-0.02,LOCKED,68.1,19.2
1791265393583,28.636089,77.394480,67.0,CNG,35.42,23.1,5,2002,31.8,6.71,45.0,89.0,0.00,-3.13,13.5,11.2,67.2,-0.03,LOCKED,68.1,18.8
1791265394092,28.636145,77.394658,67.0,CNG,36.42,22.4,5,2002,31.8,6.70,45.0,89.0,0.00,-3.13,13.8,10.2,67.2,-0.03,LOCKED,68.1,18.4
1791265394944,28.636200,77.394836,67.0,CNG,36.56,22.7,5,2002,29.8,6.93,43.0,89.0,1.56,-3.13,13.8,10.7,67.1,-0.03,LOCKED,68.1,18.4
1791265395510,28.636200,77.394836,67.0,CNG,38.18,22.4,5,1994,29.8,6.23,43.0,89.0,1.56,-3.13,13.5,10.2,67.0,-0.07,LOCKED,68.1,18.0
1791265396052,28.636257,77.395013,67.0,CNG,39.71,22.4,5,1983,29.8,6.03,43.0,89.0,1.56,-3.13,13.5,10.2,66.7,-0.13,LOCKED,68.1,17.6
1791265396968,28.636315,77.395191,67.0,CNG,38.66,22.4,5,1986,29.4,6.85,47.0,89.0,-0.78,-3.13,13.6,10.2,66.7,-0.13,LOCKED,68.1,18.4
1791265397500,28.636315,77.395191,66.0,CNG,35.34,22.4,5,1993,29.4,8.03,47.0,89.0,-0.78,-3.13,13.6,10.2,66.7,-0.07,LOCKED,68.1,19.2
1791265398011,28.636373,77.395367,67.0,CNG,33.39,21.2,5,1976,29.4,8.26,47.0,89.0,-0.78,-3.13,13.7,8.6,66.5,-0.19,LOCKED,68.1,20.0
1791265398877,28.636429,77.395543,67.0,CNG,32.70,23.5,5,1971,37.6,8.03,52.0,89.0,1.56,-2.34,13.7,11.8,66.3,-0.23,LOCKED,68.1,19.6
1791265399466,28.636429,77.395543,67.0,CNG,31.60,23.1,5,1980,37.6,8.47,52.0,89.0,1.56,-2.34,13.6,11.2,66.4,-0.07,LOCKED,68.1,20.0
1791265400017,28.636486,77.395720,67.0,CNG,30.12,23.1,5,1981,37.6,9.05,52.0,88.0,1.56,-2.34,13.6,11.2,66.4,-0.04,LOCKED,68.1,20.0
1791265400911,28.636544,77.395899,67.0,CNG,26.51,25.1,5,1986,49.8,11.34,59.0,88.0,3.91,-1.56,13.7,13.9,66.6,0.01,LOCKED,68.1,21.6
1791265401410,28.636544,77.395899,67.0,CNG,25.96,24.7,5,1997,49.8,10.12,59.0,88.0,3.91,-1.56,13.7,13.4,66.9,0.20,LOCKED,68.1,20.8
1791265401992,28.636602,77.396078,67.0,CNG,25.91,24.7,5,2008,49.8,9.86,59.0,88.0,3.91,-1.56,13.7,13.4,67.2,0.33,LOCKED,68.1,20.8
1791265402891,28.636655,77.396261,68.0,CNG,25.60,24.7,5,2013,46.3,10.28,56.0,88.0,0.00,-1.56,13.7,13.4,67.5,0.36,LOCKED,68.1,20.8
1791265403443,28.636655,77.396261,68.0,CNG,25.79,24.7,5,2026,46.3,9.91,56.0,88.0,0.00,-1.56,13.6,13.4,68.0,0.40,LOCKED,68.1,20.8
1791265403927,28.636709,77.396442,68.0,CNG,28.25,24.7,5,2029,46.3,7.85,56.0,88.0,0.00,-1.56,13.6,13.4,68.2,0.39,LOCKED,68.1,19.6
1791265404873,28.636763,77.396628,68.0,CNG,28.99,24.7,5,2036,37.6,8.57,50.0,88.0,-0.78,-2.34,13.6,13.4,68.4,0.39,LOCKED,68.1,20.0
1791265405373,28.636763,77.396628,69.0,CNG,29.87,24.3,5,2041,37.6,8.39,50.0,88.0,-0.78,-2.34,13.6,12.8,68.6,0.36,LOCKED,68.1,20.0
1791265405882,28.636820,77.396811,69.0,CNG,29.69,24.3,5,2048,37.6,8.92,50.0,88.0,-0.78,-2.34,13.6,12.8,68.8,0.36,LOCKED,68.1,20.0
1791265406748,28.636820,77.396811,69.0,CNG,29.64,24.3,5,2060,36.9,8.87,49.0,89.0,0.78,-2.34,13.6,12.8,69.1,0.39,LOCKED,68.1,20.0
1791265407263,28.636875,77.396996,69.0,CNG,30.64,24.3,5,2068,36.9,8.13,49.0,89.0,0.78,-2.34,13.8,12.8,69.4,0.40,LOCKED,68.1,20.0
1791265407793,28.636875,77.396996,70.0,CNG,30.58,24.3,5,2072,36.9,8.73,49.0,89.0,0.78,-2.34,13.8,12.8,69.6,0.39,LOCKED,68.1,20.0
1791265408686,28.636932,77.397183,70.0,CNG,31.58,24.3,5,2073,36.1,8.02,49.0,89.0,1.56,-2.34,13.9,12.8,69.7,0.36,LOCKED,68.1,20.0
1791265409162,28.636991,77.397364,70.0,CNG,31.70,24.3,5,2082,36.1,8.35,49.0,89.0,1.56,-2.34,13.9,12.8,70.0,0.34,LOCKED,68.1,20.0
1791265409753,28.636991,77.397364,70.0,CNG,31.31,24.3,5,2090,36.1,8.66,49.0,89.0,1.56,-2.34,13.7,12.8,70.2,0.34,LOCKED,68.1,19.6
1791265410784,28.637050,77.397550,70.0,CNG,29.37,23.9,5,2083,39.6,9.90,52.0,89.0,1.56,-2.34,13.7,12.3,70.2,0.29,LOCKED,68.1,20.4
1791265411299,28.637109,77.397735,70.0,CNG,31.14,19.6,5,2082,39.6,7.78,52.0,89.0,1.56,-2.34,13.6,6.4,70.1,0.07,LOCKED,68.1,19.6
1791265411775,28.637109,77.397735,70.0,CNG,36.02,21.6,5,2070,39.6,5.65,52.0,89.0,1.56,-2.34,13.6,9.1,69.9,-0.09,LOCKED,68.1,17.3
1791265412686,28.637166,77.397919,69.0,CNG,36.49,22.4,5,2040,33.7,7.05,50.0,89.0,0.78,-2.34,13.7,10.2,69.3,-0.43,LOCKED,68.1,19.2
1791265413165,28.637226,77.398102,69.0,CNG,34.39,23.1,5,2048,33.7,8.29,50.0,89.0,0.78,-2.34,13.7,11.2,68.8,-0.44,LOCKED,68.1,20.0
1791265413677,28.637226,77.398102,69.0,CNG,32.54,22.7,5,2046,33.7,8.72,50.0,89.0,0.78,-2.34,13.7,10.7,68.7,-0.41,LOCKED,68.1,20.0
1791265414580,28.637282,77.398284,68.0,CNG,30.94,22.7,5,2036,38.4,8.98,52.0,89.0,0.78,-2.34,13.7,10.7,68.5,-0.42,LOCKED,68.1,20.0
1791265415116,28.637342,77.398463,68.0,CNG,31.25,23.1,5,2025,38.4,8.15,52.0,89.0,0.78,-2.34,13.5,11.2,68.1,-0.43,LOCKED,68.1,20.0
1791265415603,28.637342,77.398463,68.0,CNG,30.19,22.7,5,2017,38.4,9.00,52.0,89.0,0.78,-2.34,13.5,10.7,67.8,-0.43,LOCKED,68.1,20.0
1791265416512,28.637397,77.398643,68.0,CNG,30.30,23.1,5,2011,38.8,8.49,51.0,89.0,0.78,-2.34,13.6,11.2,67.6,-0.43,LOCKED,68.1,20.0
1791265416996,28.637451,77.398821,67.0,CNG,31.97,23.1,5,1997,38.8,7.30,51.0,89.0,0.78,-2.34,13.6,11.2,67.2,-0.45,LOCKED,68.1,18.8
1791265417505,28.637451,77.398821,67.0,CNG,33.11,23.1,5,1994,38.8,7.28,51.0,89.0,0.78,-2.34,13.8,11.2,67.0,-0.43,LOCKED,68.1,18.8
1791265418391,28.637505,77.399000,67.0,CNG,34.75,23.1,5,1985,31.8,6.78,46.0,89.0,0.00,-3.13,13.8,11.2,66.7,-0.44,LOCKED,68.1,18.8
1791265418967,28.637557,77.399177,67.0,CNG,35.47,23.1,5,1981,31.8,6.96,46.0,89.0,0.00,-3.13,13.8,11.2,66.5,-0.38,LOCKED,68.1,19.2
1791265419461,28.637557,77.399177,66.0,CNG,34.44,23.1,5,1975,31.8,7.61,46.0,89.0,0.00,-3.13,13.8,11.2,66.4,-0.37,LOCKED,68.1,19.2
1791265420345,28.637612,77.399354,66.0,CNG,35.20,23.1,5,1973,32.9,6.89,46.0,89.0,0.78,-2.34,13.7,11.2,66.2,-0.35,LOCKED,68.1,19.2
1791265420907,28.637668,77.399528,66.0,CNG,34.24,23.1,5,1964,32.9,7.63,46.0,89.0,0.78,-2.34,13.7,11.2,66.0,-0.34,LOCKED,68.1,19.2
1791265421450,28.637668,77.399528,66.0,CNG,33.60,23.1,5,1962,32.9,7.68,46.0,89.0,0.78,-2.34,13.8,11.2,65.9,-0.32,LOCKED,68.1,19.2
1791265422312,28.637721,77.399704,66.0,CNG,34.62,23.1,5,1961,32.9,6.92,48.0,89.0,0.78,-2.34,13.8,11.2,65.8,-0.28,LOCKED,68.1,19.2
1791265422838,28.637721,77.399704,66.0,CNG,33.71,23.1,5,1962,32.9,7.74,48.0,89.0,0.78,-2.34,13.8,11.2,65.8,-0.21,LOCKED,68.1,19.2
1791265423334,28.637774,77.399881,66.0,CNG,32.23,23.5,5,1957,32.9,8.30,48.0,89.0,0.78,-2.34,13.8,11.8,65.8,-0.20,LOCKED,68.1,20.0
1791265424291,28.637828,77.400059,66.0,CNG,26.94,25.1,5,1967,49.0,11.61,60.0,89.0,3.13,-0.78,13.8,13.9,65.9,-0.05,LOCKED,68.1,21.6
1791265424798,28.637828,77.400059,66.0,CNG,26.28,25.1,5,1963,49.0,9.90,60.0,89.0,3.13,-0.78,13.8,13.9,66.0,-0.02,LOCKED,68.1,21.2
1791265425337,28.637883,77.400234,66.0,CNG,25.17,25.1,5,1975,49.0,10.60,60.0,89.0,3.13,-0.78,13.5,13.9,66.2,0.10,LOCKED,68.1,21.2
1791265426236,28.637935,77.400412,66.0,CNG,25.50,24.3,5,1959,45.5,9.65,55.0,89.0,-2.34,-0.78,13.5,12.8,66.0,0.05,LOCKED,68.1,20.8
1791265426748,28.637935,77.400412,66.0,CNG,25.30,24.3,5,1972,45.5,10.04,55.0,89.0,-2.34,-0.78,13.6,12.8,66.2,0.09,LOCKED,68.1,20.8
1791265427242,28.637994,77.400586,67.0,CNG,24.70,24.3,5,1982,45.5,10.67,55.0,89.0,-2.34,-0.78,13.6,12.8,66.4,0.14,LOCKED,68.1,20.8
1791265428169,28.638050,77.400764,67.0,CNG,24.81,24.3,5,1987,45.9,10.20,55.0,89.0,-0.78,-0.78,13.7,12.8,66.7,0.18,LOCKED,68.1,20.8
1791265428727,28.638050,77.400764,67.0,CNG,24.68,24.3,5,1993,45.9,10.41,55.0,89.0,-0.78,-0.78,13.7,12.8,66.9,0.22,LOCKED,68.1,20.8
1791265429248,28.638105,77.400941,67.0,CNG,23.16,26.7,5,1997,45.9,12.01,55.0,89.0,-0.78,-0.78,13.7,16.1,67.1,0.23,LOCKED,68.1,22.4
1791265430325,28.638160,77.401121,67.0,CNG,21.81,26.3,5,2000,54.9,12.70,56.0,89.0,-1.56,0.00,13.8,15.5,67.2,0.23,LOCKED,68.1,22.4
1791265430879,28.638221,77.401300,68.0,CNG,22.90,26.3,5,2017,54.9,10.46,56.0,89.0,-1.56,0.00,13.9,15.5,67.7,0.30,LOCKED,68.1,20.8
1791265431398,28.638221,77.401300,68.0,CNG,24.09,26.3,5,2031,54.9,9.90,56.0,89.0,-1.56,0.00,13.9,15.5,68.1,0.41,LOCKED,68.1,20.8
1791265432273,28.638278,77.401479,69.0,CNG,24.84,26.3,5,2037,45.1,10.08,56.0,90.0,-1.56,-0.78,13.7,15.5,68.4,0.44,LOCKED,68.1,20.8
1791265432794,28.638278,77.401479,69.0,CNG,24.90,25.9,5,2056,45.1,10.50,56.0,90.0,-1.56,-0.78,13.7,15.0,69.0,0.51,LOCKED,68.1,20.8
1791265433311,28.638336,77.401661,70.0,CNG,24.99,25.9,5,2070,45.1,10.59,56.0,90.0,-1.56,-0.78,13.7,15.0,69.4,0.56,LOCKED,68.1,20.8
1791265434194,28.638395,77.401847,70.0,CNG,25.53,25.9,5,2077,43.5,10.10,54.0,90.0,-1.56,-0.78,13.7,15.0,69.8,0.58,LOCKED,68.1,20.8
1791265434721,28.638395,77.401847,70.0,CNG,26.23,25.9,5,2095,43.5,9.73,54.0,90.0,-1.56,-0.78,13.8,15.0,70.4,0.60,LOCKED,68.1,20.8
1791265435214,28.638452,77.402035,71.0,CNG,26.22,25.9,5,2107,43.5,10.30,54.0,90.0,-1.56,-0.78,13.8,15.0,70.8,0.62,LOCKED,68.1,20.8
1791265436136,28.638510,77.402224,71.0,CNG,26.79,25.9,5,2124,47.8,9.75,55.0,90.0,0.78,-0.78,13.7,15.0,71.2,0.67,LOCKED,68.1,20.8
1791265436633,28.638510,77.402224,72.0,CNG,26.11,25.5,5,2139,47.8,10.88,55.0,90.0,0.78,-0.78,13.7,14.4,71.9,0.68,LOCKED,68.1,21.6
1791265437150,28.638567,77.402415,72.0,CNG,25.67,25.5,5,2149,47.8,10.93,55.0,90.0,0.78,-0.78,13.7,14.4,72.2,0.68,LOCKED,68.1,21.6
1791265438102,28.638628,77.402607,73.0,CNG,28.40,14.9,5,2158,21.2,8.25,29.0,90.0,-7.81,-2.34,13.7,0.0,72.6,0.67,LOCKED,68.1,20.0
1791265438636,28.638628,77.402607,72.0,CNG,31.99,21.6,5,2180,21.2,6.93,29.0,90.0,-7.81,-2.34,13.7,9.1,73.2,0.68,LOCKED,68.1,18.8
1791265439166,28.638690,77.402795,72.0,CNG,33.30,21.6,5,2153,21.2,7.72,29.0,90.0,-7.81,-2.34,13.7,9.1,72.9,0.28,LOCKED,68.1,19.2
1791265440081,28.638748,77.402990,72.0,CNG,34.13,21.6,5,2145,30.2,7.72,44.0,90.0,-0.78,-1.56,13.8,9.1,72.6,-0.01,LOCKED,68.1,19.2
1791265440696,28.638748,77.402990,72.0,CNG,34.86,21.6,5,2154,30.2,7.60,44.0,90.0,-0.78,-1.56,13.8,9.1,72.4,-0.06,LOCKED,68.1,19.2
1791265441203,28.638815,77.403178,72.0,CNG,36.12,22.4,5,2150,30.2,7.17,44.0,90.0,-0.78,-1.56,13.5,10.2,72.3,-0.09,LOCKED,68.1,19.2
1791265442097,28.638874,77.403368,72.0,CNG,34.83,22.4,5,2154,33.3,8.28,47.0,89.0,0.00,-1.56,13.5,10.2,72.2,-0.08,LOCKED,68.1,19.6
1791265442646,28.638874,77.403368,72.0,CNG,33.95,22.7,5,2148,33.3,8.37,47.0,89.0,0.00,-1.56,13.8,10.7,72.1,-0.10,LOCKED,68.1,20.0
1791265443132,28.638934,77.403561,72.0,CNG,34.64,23.5,5,2151,33.3,7.66,47.0,89.0,0.00,-1.56,13.8,11.8,72.1,-0.09,LOCKED,68.1,19.2
1791265444031,28.638995,77.403755,72.0,CNG,34.54,23.5,5,2150,31.4,7.96,45.0,89.0,-0.78,-1.56,13.6,11.8,72.1,-0.07,LOCKED,68.1,19.2
1791265444507,28.638995,77.403755,72.0,CNG,34.26,24.3,5,2145,31.4,8.09,45.0,89.0,-0.78,-1.56,13.6,12.8,72.0,-0.08,LOCKED,68.1,20.0
1791265445023,28.639052,77.403947,72.0,CNG,32.11,24.7,5,2153,31.4,9.33,45.0,89.0,-0.78,-1.56,13.7,13.4,72.1,-0.05,LOCKED,68.1,20.0
1791265445944,28.639110,77.404141,72.0,CNG,31.51,24.7,5,2149,36.1,8.93,49.0,89.0,0.00,-1.56,13.7,13.4,72.1,-0.04,LOCKED,68.1,20.0
1791265446462,28.639110,77.404141,72.0,CNG,31.07,24.7,5,2147,36.1,9.00,49.0,89.0,0.00,-1.56,13.6,13.4,72.0,-0.04,LOCKED,68.1,20.0
1791265446955,28.639168,77.404332,72.0,CNG,31.59,24.7,5,2145,36.1,8.45,49.0,89.0,0.00,-1.56,13.6,13.4,72.0,-0.05,LOCKED,68.1,20.0
1791265447878,28.639227,77.404525,72.0,CNG,30.55,24.7,5,2145,36.9,9.40,49.0,89.0,-0.78,-1.56,13.6,13.4,72.0,-0.05,LOCKED,68.1,20.0
1791265448374,28.639227,77.404525,72.0,CNG,30.43,24.7,5,2137,36.9,9.05,49.0,89.0,-0.78,-1.56,13.6,13.4,71.8,-0.09,LOCKED,68.1,20.0
1791265448931,28.639285,77.404716,72.0,CNG,30.82,24.7,5,2135,36.9,8.71,49.0,89.0,-0.78,-1.56,13.6,13.4,71.7,-0.10,LOCKED,68.1,20.4
1791265449969,28.639345,77.404905,72.0,CNG,28.35,25.1,5,2131,43.9,10.82,54.0,89.0,-0.78,-0.78,13.7,13.9,71.6,-0.11,LOCKED,68.1,21.2
1791265450513,28.639345,77.404905,71.0,CNG,26.39,25.1,5,2118,43.9,11.31,54.0,89.0,-0.78,-0.78,13.5,13.9,71.2,-0.19,LOCKED,68.1,21.2
1791265451047,28.639406,77.405091,71.0,CNG,25.83,25.1,5,2110,43.9,10.78,54.0,89.0,-0.78,-0.78,13.5,13.9,71.0,-0.23,LOCKED,68.1,21.2
1791265451966,28.639464,77.405280,71.0,CNG,25.00,25.1,5,2098,46.3,11.32,56.0,89.0,-0.78,-0.78,13.6,13.9,70.7,-0.29,LOCKED,68.1,21.2
1791265452454,28.639464,77.405280,70.0,CNG,24.05,25.1,5,2095,46.3,11.71,56.0,88.0,-0.78,-0.78,13.6,13.9,70.3,-0.30,LOCKED,68.1,21.2
1791265453023,28.639529,77.405462,70.0,CNG,24.01,25.1,5,2085,46.3,11.12,56.0,88.0,-0.78,-0.78,13.7,13.9,70.1,-0.33,LOCKED,68.1,21.2
1791265453950,28.639587,77.405645,70.0,CNG,23.76,25.1,5,2075,46.7,11.37,55.0,89.0,-1.56,-0.78,13.7,13.9,69.8,-0.36,LOCKED,68.1,21.2
1791265454513,28.639587,77.405645,69.0,CNG,23.86,25.1,5,2074,46.7,10.93,55.0,89.0,-1.56,-0.78,13.8,13.9,69.6,-0.34,LOCKED,68.1,21.2
1791265454993,28.639644,77.405832,69.0,CNG,23.72,25.1,5,2061,46.7,11.16,55.0,89.0,-1.56,-0.78,13.8,13.9,69.3,-0.37,LOCKED,68.1,21.2
1791265455925,28.639697,77.406016,69.0,CNG,23.35,25.1,5,2052,47.1,11.50,54.0,89.0,-0.78,-0.78,13.7,13.9,69.0,-0.40,LOCKED,68.1,21.2
1791265456412,28.639697,77.406016,69.0,CNG,24.91,25.1,5,2043,47.1,9.47,54.0,89.0,-0.78,-0.78,13.7,13.9,68.6,-0.41,LOCKED,68.1,20.0
1791265456951,28.639752,77.406199,68.0,CNG,25.84,25.1,5,2041,47.1,9.44,54.0,89.0,-0.78,-0.78,13.7,13.9,68.4,-0.39,LOCKED,68.1,20.0
1791265457867,28.639810,77.406377,68.0,CNG,26.65,25.1,5,2034,40.4,9.24,55.0,89.0,-0.78,-2.34,13.7,13.9,68.2,-0.39,LOCKED,68.1,20.4
1791265458383,28.639810,77.406377,68.0,CNG,25.86,25.9,5,2027,40.4,10.45,55.0,89.0,-0.78,-2.34,13.8,15.0,68.0,-0.36,LOCKED,68.1,20.8
1791265458873,28.639865,77.406558,68.0,CNG,25.08,25.9,5,2016,40.4,10.78,55.0,89.0,-0.78,-2.34,13.8,15.0,67.7,-0.38,LOCKED,68.1,20.8
1791265459857,28.639922,77.406736,68.0,CNG,25.41,26.3,5,2029,45.9,9.97,55.0,89.0,-0.78,-2.34,13.8,15.5,67.8,-0.20,LOCKED,68.1,20.8
1791265460363,28.639922,77.406736,68.0,CNG,25.48,26.3,5,2012,45.9,10.11,55.0,89.0,-0.78,-2.34,13.8,15.5,67.6,-0.21,LOCKED,68.1,20.8
1791265460909,28.639978,77.406916,68.0,CNG,25.75,26.3,5,2020,45.9,9.88,55.0,89.0,-0.78,-2.34,13.8,15.5,67.6,-0.16,LOCKED,68.1,20.8
1791265461796,28.639978,77.406916,68.0,CNG,25.22,26.3,5,2022,45.9,10.57,58.0,89.0,-0.78,-2.34,13.8,15.5,67.7,-0.11,LOCKED,68.1,20.8
1791265462365,28.640035,77.407099,68.0,CNG,24.63,26.3,5,2011,45.9,10.87,58.0,89.0,-0.78,-2.34,13.7,15.5,67.6,-0.12,LOCKED,68.1,21.6
1791265462887,28.640090,77.407283,68.0,CNG,23.46,26.3,5,2022,45.9,11.81,58.0,89.0,-0.78,-2.34,13.7,15.5,67.7,0.01,LOCKED,68.1,21.6
1791265463766,28.640090,77.407283,68.0,CNG,22.45,26.3,5,2021,52.9,12.26,60.0,89.0,0.78,-1.56,13.7,15.5,67.8,0.03,LOCKED,68.1,21.6
1791265464252,28.640147,77.407463,68.0,CNG,21.74,26.3,5,2019,52.9,12.46,60.0,89.0,0.78,-1.56,13.7,15.5,67.8,0.03,LOCKED,68.1,22.0
1791265464751,28.640147,77.407463,68.0,CNG,21.70,26.3,5,2023,52.9,11.95,60.0,89.0,0.78,-1.56,13.5,15.5,67.9,0.05,LOCKED,68.1,22.0
1791265465684,28.640199,77.407647,68.0,CNG,21.89,26.3,5,2015,52.9,11.65,61.0,89.0,0.78,-1.56,13.5,15.5,67.8,0.02,LOCKED,68.1,22.0
1791265466213,28.640253,77.407827,68.0,CNG,22.27,26.3,5,2026,52.9,11.31,61.0,89.0,0.78,-1.56,13.6,15.5,68.0,0.06,LOCKED,68.1,22.0
1791265466731,28.640253,77.407827,68.0,CNG,22.28,26.3,5,2023,52.9,11.60,61.0,90.0,0.78,-1.56,13.6,15.5,68.0,0.06,LOCKED,68.1,22.0
1791265467668,28.640311,77.408006,68.0,CNG,22.15,26.3,5,2036,52.5,11.77,60.0,90.0,0.00,-1.56,13.7,15.5,68.2,0.11,LOCKED,68.1,21.6
1791265468183,28.640369,77.408188,68.0,CNG,22.12,26.3,5,2030,52.5,11.71,60.0,90.0,0.00,-1.56,13.7,15.5,68.2,0.08,LOCKED,68.1,21.6
1791265468698,28.640369,77.408188,68.0,CNG,22.18,25.5,5,2030,52.5,11.61,60.0,90.0,0.00,-1.56,13.7,14.4,68.2,0.07,LOCKED,68.1,21.2
1791265469750,28.640425,77.408372,69.0,CNG,23.38,25.9,5,2040,44.7,10.33,55.0,90.0,0.00,-2.34,13.9,15.0,68.4,0.11,LOCKED,68.1,20.8
1791265470272,28.640482,77.408551,69.0,CNG,24.14,25.5,5,2044,44.7,10.34,55.0,90.0,0.00,-2.34,13.7,14.4,68.6,0.14,LOCKED,68.1,20.8
1791265470768,28.640482,77.408551,69.0,CNG,24.88,25.9,5,2055,44.7,10.06,55.0,90.0,0.00,-2.34,13.7,15.0,68.9,0.19,LOCKED,68.1,20.8
1791265471719,28.640540,77.408734,69.0,CNG,25.59,26.3,5,2054,44.7,9.82,55.0,90.0,1.56,-2.34,13.8,15.5,69.0,0.20,LOCKED,68.1,20.8
1791265472210,28.640597,77.408916,69.0,CNG,26.34,25.9,5,2059,44.7,9.52,55.0,90.0,1.56,-2.34,13.8,15.0,69.2,0.20,LOCKED,68.1,20.8
1791265472738,28.640597,77.408916,70.0,CNG,26.70,25.9,5,2075,44.7,9.77,55.0,90.0,1.56,-2.34,13.8,15.0,69.5,0.33,LOCKED,68.1,20.8
1791265473687,28.640650,77.409105,70.0,CNG,26.31,25.9,5,2074,43.5,10.34,52.0,90.0,0.00,-2.34,13.8,15.0,69.7,0.33,LOCKED,68.1,20.8
1791265474206,28.640699,77.409294,70.0,CNG,26.92,25.9,5,2086,43.5,9.54,52.0,90.0,0.00,-2.34,13.8,15.0,70.1,0.36,LOCKED,68.1,20.4
1791265474710,28.640699,77.409294,70.0,CNG,27.27,25.9,5,2094,43.5,9.57,52.0,90.0,0.00,-2.34,13.8,15.0,70.3,0.37,LOCKED,68.1,20.8
1791265475663,28.640746,77.409486,71.0,CNG,25.97,25.9,5,2098,47.5,11.13,56.0,90.0,1.56,-1.56,13.8,15.0,70.5,0.37,LOCKED,68.1,21.6
1791265476151,28.640793,77.409679,71.0,CNG,24.53,25.9,5,2107,47.5,11.91,56.0,90.0,1.56,-1.56,13.8,15.0,70.8,0.37,LOCKED,68.1,21.6
1791265476684,28.640793,77.409679,71.0,CNG,24.25,25.9,5,2121,47.5,11.32,56.0,90.0,1.56,-1.56,13.6,15.0,71.1,0.40,LOCKED,68.1,21.6
1791265477594,28.640840,77.409874,71.0,CNG,23.17,25.9,5,2122,48.6,12.43,57.0,90.0,0.78,-1.56,13.6,15.0,71.3,0.39,LOCKED,68.1,21.6
1791265478107,28.640886,77.410071,72.0,CNG,23.27,25.9,5,2130,48.6,11.69,57.0,90.0,0.78,-1.56,13.7,15.0,71.6,0.38,LOCKED,68.1,21.6
1791265478617,28.640886,77.410071,72.0,CNG,23.88,25.9,5,2141,48.6,11.02,57.0,89.0,0.78,-1.56,13.7,15.0,71.9,0.40,LOCKED,68.1,21.6
1791265479498,28.640928,77.410267,72.0,CNG,23.51,25.9,5,2138,48.2,11.91,56.0,89.0,0.78,-1.56,13.6,15.0,72.0,0.37,LOCKED,68.1,21.6
1791265479982,28.640972,77.410463,73.0,CNG,23.06,25.9,5,2162,48.2,12.38,56.0,89.0,0.78,-1.56,13.6,15.0,72.6,0.44,LOCKED,68.1,21.6
1791265480605,28.640972,77.410463,73.0,CNG,23.94,25.9,5,2162,48.2,10.94,56.0,89.0,0.78,-1.56,13.8,15.0,72.8,0.43,LOCKED,68.1,21.6
1791265481514,28.641014,77.410661,73.0,CNG,24.33,25.9,5,2172,47.5,11.13,56.0,89.0,0.00,-1.56,13.8,15.0,73.0,0.43,LOCKED,68.1,21.6
1791265482029,28.641053,77.410863,74.0,CNG,24.70,25.9,5,2191,47.5,11.14,56.0,89.0,0.00,-1.56,13.8,15.0,73.6,0.49,LOCKED,68.1,21.6
1791265482517,28.641053,77.410863,74.0,CNG,25.70,25.9,5,2206,47.5,10.29,56.0,89.0,0.00,-1.56,13.8,15.0,74.0,0.54,LOCKED,68.1,20.8
1791265483408,28.641090,77.411067,74.0,CNG,26.12,25.9,5,2212,39.6,10.51,51.0,89.0,0.00,-2.34,13.9,15.0,74.3,0.55,LOCKED,68.1,20.8
1791265483924,28.641126,77.411274,75.0,CNG,27.25,25.9,5,2226,39.6,9.80,51.0,89.0,0.00,-2.34,13.9,15.0,74.9,0.56,LOCKED,68.1,20.8
1791265484526,28.641126,77.411274,75.0,CNG,27.00,25.9,5,2234,39.6,10.70,51.0,89.0,0.00,-2.34,13.6,15.0,75.2,0.55,LOCKED,68.1,20.8
1791265485404,28.641160,77.411482,75.0,CNG,27.86,25.9,5,2249,39.2,9.75,32.0,89.0,-1.56,-3.13,13.6,15.0,75.5,0.57,LOCKED,68.1,20.8
1791265485944,28.641194,77.411690,75.0,CNG,36.15,22.7,5,2219,39.2,4.38,32.0,89.0,-1.56,-3.13,13.7,10.7,75.1,0.04,LOCKED,68.1,16.9
1791265486495,28.641194,77.411690,75.0,CNG,37.52,23.1,5,2237,39.2,7.17,32.0,89.0,-1.56,-3.13,13.7,11.2,75.2,0.06,LOCKED,68.1,18.4
1791265487521,28.641222,77.411899,75.0,CNG,38.90,23.1,5,2241,27.1,6.93,40.0,89.0,1.56,-3.13,13.8,11.2,75.3,0.08,LOCKED,68.1,18.8
1791265488009,28.641247,77.412107,75.0,CNG,39.01,23.1,5,2244,27.1,7.28,40.0,89.0,1.56,-3.13,13.8,11.2,75.4,0.09,LOCKED,68.1,18.8
1791265488529,28.641247,77.412107,75.0,CNG,38.86,23.5,5,2247,27.1,7.38,40.0,89.0,1.56,-3.13,13.6,11.8,75.5,0.10,LOCKED,68.1,19.2
1791265489639,28.641271,77.412316,75.0,CNG,38.75,23.5,5,2248,30.2,7.39,46.0,89.0,3.13,-3.13,13.7,11.8,75.5,0.10,LOCKED,68.1,19.2
1791265490148,28.641296,77.412524,75.0,CNG,34.95,23.5,5,2246,30.2,9.36,46.0,89.0,3.13,-3.13,13.6,11.8,75.5,0.06,LOCKED,68.1,20.4
1791265490632,28.641296,77.412524,75.0,CNG,32.50,23.5,5,2237,30.2,9.70,46.0,88.0,3.13,-3.13,13.6,11.8,75.3,-0.00,LOCKED,68.1,20.4
1791265491542,28.641315,77.412733,75.0,CNG,30.66,23.5,5,2231,35.7,10.09,48.0,88.0,-0.78,-2.34,13.8,11.8,75.1,-0.06,LOCKED,68.1,20.4
1791265492032,28.641340,77.412941,75.0,CNG,29.73,23.5,5,2226,35.7,10.03,48.0,88.0,-0.78,-2.34,13.8,11.8,74.9,-0.12,LOCKED,68.1,20.4
1791265492540,28.641340,77.412941,75.0,CNG,30.25,23.5,5,2215,35.7,9.18,48.0,88.0,-0.78,-2.34,13.6,11.8,74.6,-0.17,LOCKED,68.1,20.4
1791265493437,28.641358,77.413148,75.0,CNG,29.35,23.5,5,2215,37.3,10.15,49.0,88.0,-0.78,-2.34,13.6,11.8,74.5,-0.19,LOCKED,68.1,20.4
1791265493947,28.641378,77.413353,74.0,CNG,29.07,23.5,5,2212,37.3,9.82,49.0,88.0,-0.78,-2.34,13.6,11.8,74.3,-0.19,LOCKED,68.1,20.4
1791265494431,28.641378,77.413353,74.0,CNG,29.24,23.5,5,2207,37.3,9.54,49.0,88.0,-0.78,-2.34,13.6,11.8,74.2,-0.20,LOCKED,68.1,20.4
1791265495350,28.641395,77.413569,74.0,CNG,28.78,23.5,5,2197,37.3,10.01,49.0,88.0,-0.78,-3.13,13.8,11.8,73.9,-0.24,LOCKED,68.1,20.4
1791265495838,28.641395,77.413569,73.0,CNG,28.70,23.5,5,2182,37.3,9.71,49.0,88.0,-0.78,-3.13,13.8,11.8,73.4,-0.41,LOCKED,68.1,20.4
1791265496346,28.641415,77.413771,73.0,CNG,31.67,23.9,5,2176,37.3,7.39,49.0,88.0,-0.78,-3.13,13.8,12.3,73.2,-0.43,LOCKED,68.1,19.2
1791265497229,28.641422,77.413979,73.0,CNG,27.67,26.7,5,2165,44.3,11.94,55.0,88.0,3.13,-2.34,13.8,16.1,72.8,-0.46,LOCKED,68.1,21.6
1791265497754,28.641422,77.413979,73.0,CNG,26.14,26.7,5,2162,44.3,11.51,55.0,88.0,3.13,-2.34,13.8,16.1,72.6,-0.42,LOCKED,68.1,21.2
1791265498274,28.641428,77.414184,72.0,CNG,25.08,26.3,5,2154,44.3,11.59,55.0,89.0,3.13,-2.34,13.8,15.5,72.4,-0.42,LOCKED,68.1,21.2
1791265499214,28.641432,77.414389,72.0,CNG,24.64,26.3,5,2151,43.9,11.41,55.0,89.0,0.00,-2.34,13.5,15.5,72.2,-0.40,LOCKED,68.1,21.2
1791265499767,28.641432,77.414389,72.0,CNG,22.65,29.8,5,2136,43.9,13.56,55.0,89.0,0.00,-2.34,13.5,20.3,71.8,-0.41,LOCKED,68.1,23.1
1791265500325,28.641433,77.414593,72.0,CNG,21.01,29.0,5,2145,43.9,14.45,55.0,89.0,0.00,-2.34,13.8,19.3,71.8,-0.26,LOCKED,68.1,22.7
1791265501214,28.641433,77.414798,72.0,CNG,20.67,28.6,5,2150,54.1,13.57,61.0,89.0,0.00,-1.56,13.8,18.7,71.9,-0.09,LOCKED,68.1,22.4
1791265501736,28.641433,77.414798,72.0,CNG,20.69,28.2,5,2151,54.1,13.21,61.0,89.0,0.00,-1.56,13.5,18.2,72.1,-0.02,LOCKED,68.1,22.4
1791265502238,28.641431,77.415001,72.0,CNG,21.03,28.2,5,2153,54.1,12.70,61.0,89.0,0.00,-1.56,13.5,18.2,72.2,0.01,LOCKED,68.1,22.0
1791265503153,28.641424,77.415203,72.0,CNG,21.02,28.2,5,2161,51.0,13.03,58.0,89.0,0.00,-2.34,13.6,18.2,72.4,0.05,LOCKED,68.1,22.0
1791265503642,28.641424,77.415203,73.0,CNG,20.43,27.8,5,2162,51.0,14.15,58.0,89.0,0.00,-2.34,13.6,17.7,72.5,0.09,LOCKED,68.1,22.4
1791265504154,28.641419,77.415409,73.0,CNG,21.26,27.8,5,2166,51.0,12.27,58.0,89.0,0.00,-2.34,13.8,17.7,72.7,0.11,LOCKED,68.1,22.7
1791265505047,28.641411,77.415615,73.0,CNG,21.28,27.8,5,2168,55.7,13.02,63.0,90.0,-0.78,-1.56,13.8,17.7,72.8,0.13,LOCKED,68.1,22.7
1791265505747,28.641411,77.415615,73.0,CNG,20.38,27.8,5,2168,55.7,14.49,63.0,90.0,-0.78,-1.56,13.6,17.7,72.9,0.12,LOCKED,68.1,22.7
1791265506224,28.641403,77.415820,73.0,CNG,20.21,28.2,5,2172,55.7,13.90,63.0,90.0,-0.78,-1.56,13.6,18.2,73.0,0.13,LOCKED,68.1,23.1
1791265507164,28.641389,77.416028,73.0,CNG,19.42,28.2,5,2175,57.6,15.14,65.0,90.0,0.00,-1.56,13.7,18.2,73.0,0.13,LOCKED,68.1,23.1
1791265507661,28.641389,77.416028,74.0,CNG,19.72,27.8,5,2188,57.6,13.93,65.0,90.0,0.00,-1.56,13.7,17.7,73.4,0.21,LOCKED,68.1,23.1
1791265508214,28.641376,77.416236,74.0,CNG,27.42,22.0,5,2173,57.6,4.31,65.0,90.0,0.00,-1.56,13.8,9.6,73.3,0.07,LOCKED,68.1,16.1
1791265509245,28.641360,77.416439,73.0,CNG,30.12,22.7,5,2193,32.5,7.84,46.0,90.0,0.78,-3.13,13.6,10.7,73.5,0.12,LOCKED,68.1,19.6
1791265509801,28.641360,77.416439,73.0,CNG,30.17,22.7,5,2171,32.5,9.18,46.0,90.0,0.78,-3.13,13.8,10.7,73.1,-0.15,LOCKED,68.1,20.0
1791265510309,28.641344,77.416640,73.0,CNG,31.54,22.7,5,2158,32.5,8.20,46.0,90.0,0.78,-3.13,13.8,10.7,72.8,-0.30,LOCKED,68.1,20.0
1791265511208,28.641326,77.416839,73.0,CNG,34.86,23.1,5,2155,29.0,6.70,44.0,90.0,0.78,-3.91,13.8,11.2,72.6,-0.33,LOCKED,68.1,18.8
1791265511698,28.641326,77.416839,72.0,CNG,35.03,23.9,5,2154,29.0,7.76,44.0,90.0,0.78,-3.91,13.8,12.3,72.4,-0.30,LOCKED,68.1,19.6
1791265512264,28.641304,77.417042,73.0,CNG,35.74,23.9,5,2161,29.0,7.53,44.0,90.0,0.78,-3.91,13.6,12.3,72.4,-0.17,LOCKED,68.1,19.6
1791265513119,28.641278,77.417244,73.0,CNG,34.68,23.9,5,2161,32.2,8.36,45.0,90.0,1.56,-3.13,13.6,12.3,72.5,-0.12,LOCKED,68.1,19.6
1791265513650,28.641278,77.417244,73.0,CNG,34.09,23.9,5,2167,32.2,8.35,45.0,90.0,1.56,-3.13,13.8,12.3,72.7,0.06,LOCKED,68.1,19.6
1791265514171,28.641252,77.417447,73.0,CNG,34.80,23.9,5,2171,32.2,7.73,45.0,89.0,1.56,-3.13,13.8,12.3,72.9,0.09,LOCKED,68.1,19.6
1791265515032,28.641225,77.417646,73.0,CNG,35.23,23.9,5,2171,31.8,7.73,46.0,89.0,1.56,-3.13,13.7,12.3,73.0,0.11,LOCKED,68.1,19.6
1791265515503,28.641225,77.417646,73.0,CNG,34.70,23.9,5,2183,31.8,8.18,46.0,89.0,1.56,-3.13,13.7,12.3,73.3,0.17,LOCKED,68.1,19.6
1791265516092,28.641195,77.417848,74.0,CNG,35.64,23.9,5,2189,31.8,7.58,46.0,89.0,1.56,-3.13,13.6,12.3,73.5,0.21,LOCKED,68.1,19.6
1791265516985,28.641163,77.418050,74.0,CNG,35.65,23.9,5,2202,31.4,7.89,45.0,89.0,1.56,-3.13,13.6,12.3,73.8,0.34,LOCKED,68.1,19.6
1791265517495,28.641163,77.418050,74.0,CNG,36.11,23.9,5,2207,31.4,7.64,45.0,89.0,1.56,-3.13,13.6,12.3,74.2,0.36,LOCKED,68.1,19.6
1791265518052,28.641129,77.418256,75.0,CNG,36.59,23.9,5,2213,31.4,7.64,45.0,88.0,1.56,-3.13,13.6,12.3,74.4,0.37,LOCKED,68.1,19.6
1791265518939,28.641094,77.418460,75.0,CNG,33.99,23.9,5,2227,35.7,9.28,49.0,88.0,3.91,-3.13,13.7,12.3,74.7,0.41,LOCKED,68.1,20.4
1791265519459,28.641094,77.418460,75.0,CNG,31.35,23.9,5,2241,35.7,10.15,49.0,88.0,3.91,-3.13,13.7,12.3,75.3,0.45,LOCKED,68.1,20.4
1791265519985,28.641059,77.418664,75.0,CNG,29.80,23.9,5,2242,35.7,10.28,49.0,88.0,3.91,-3.13,13.8,12.3,75.4,0.44,LOCKED,68.1,20.4
1791265520858,28.641059,77.418664,76.0,CNG,30.06,23.9,5,2254,38.0,9.49,50.0,88.0,0.00,-3.13,13.8,12.3,75.7,0.45,LOCKED,68.1,20.4
1791265521365,28.641020,77.418871,76.0,CNG,29.78,24.3,5,2258,38.0,9.84,50.0,88.0,0.00,-3.13,13.7,12.8,76.0,0.42,LOCKED,68.1,20.8
1791265521859,28.640979,77.419079,76.0,CNG,28.53,24.3,5,2265,38.0,10.76,50.0,88.0,0.00,-3.13,13.7,12.8,76.2,0.41,LOCKED,68.1,20.8
1791265522753,28.640979,77.419079,76.0,CNG,27.65,24.7,5,2269,40.0,10.93,53.0,88.0,1.56,-3.13,13.6,13.4,76.3,0.40,LOCKED,68.1,21.2
1791265523243,28.640937,77.419287,76.0,CNG,26.88,24.7,5,2271,40.0,11.20,53.0,88.0,1.56,-3.13,13.6,13.4,76.4,0.33,LOCKED,68.1,20.8
1791265523755,28.640937,77.419287,76.0,CNG,27.17,24.7,5,2275,40.0,10.47,53.0,88.0,1.56,-3.13,13.8,13.4,76.5,0.31,LOCKED,68.1,21.2
1791265524641,28.640893,77.419496,76.0,CNG,26.69,24.7,5,2273,39.6,11.11,51.0,88.0,0.00,-3.13,13.8,13.4,76.5,0.26,LOCKED,68.1,21.2
1791265525280,28.640850,77.419705,76.0,CNG,26.27,24.7,5,2270,39.6,11.26,51.0,88.0,0.00,-3.13,13.8,13.4,76.4,0.06,ARMED,,21.2
1791265525776,28.640850,77.419705,76.0,CNG,28.81,24.7,5,2268,39.6,8.58,51.0,88.0,0.00,-3.13,13.8,13.4,76.3,0.01,ARMED,,20.0
1791265526807,28.640808,77.419914,76.0,CNG,29.53,25.1,5,2264,35.3,9.42,48.0,88.0,0.78,-3.91,13.8,13.9,76.2,-0.03,ARMED,,20.4
1791265527338,28.640766,77.420120,76.0,CNG,30.13,25.1,5,2262,35.3,9.30,48.0,89.0,0.78,-3.91,13.8,13.9,76.0,-0.06,ARMED,,20.4
1791265527847,28.640766,77.420120,76.0,CNG,29.48,25.1,5,2257,35.3,10.12,48.0,89.0,0.78,-3.91,13.8,13.9,75.9,-0.08,CANDIDATE,75.9,20.4
1791265528900,28.640687,77.420537,76.0,CNG,30.03,25.1,5,2255,35.7,9.35,48.0,89.0,0.00,-3.91,13.7,13.9,75.8,-0.10,CANDIDATE,75.8,20.4
1791265529526,28.640687,77.420537,76.0,CNG,30.17,25.1,5,2250,35.7,9.51,48.0,89.0,0.00,-3.91,13.6,13.9,75.6,-0.12,LOCKED,75.6,20.4
1791265530092,28.640646,77.420745,76.0,CNG,29.54,25.1,5,2253,35.7,10.09,48.0,89.0,0.00,-3.91,13.6,13.9,75.6,-0.09,LOCKED,75.6,20.4
1791265530982,28.640608,77.420954,76.0,CNG,30.38,25.1,5,2252,35.7,9.11,48.0,89.0,0.00,-3.13,13.7,13.9,75.7,-0.08,LOCKED,75.6,20.4
1791265531501,28.640608,77.420954,76.0,CNG,30.30,25.1,5,2247,35.7,9.57,48.0,89.0,0.00,-3.13,13.7,13.9,75.6,-0.08,LOCKED,75.6,20.4
1791265532048,28.640570,77.421162,76.0,CNG,30.26,25.1,5,2248,35.7,9.57,48.0,89.0,0.00,-3.13,13.9,13.9,75.6,-0.07,LOCKED,75.6,20.4
1791265532996,28.640529,77.421369,75.0,CNG,29.67,25.1,5,2240,35.7,9.90,53.0,89.0,0.00,-3.13,13.9,13.9,75.4,-0.10,LOCKED,75.6,20.4
1791265533510,28.640529,77.421369,75.0,CNG,28.65,25.1,5,2240,35.7,10.47,53.0,89.0,0.00,-3.13,13.5,13.9,75.3,-0.11,LOCKED,75.6,21.2
1791265534024,28.640488,77.421575,75.0,CNG,27.98,25.1,5,2231,35.7,10.55,53.0,89.0,0.00,-3.13,13.5,13.9,75.1,-0.14,LOCKED,75.6,21.2
1791265534974,28.640446,77.421781,75.0,CNG,26.69,25.1,5,2229,42.4,11.43,53.0,89.0,0.00,-3.13,13.7,13.9,75.0,-0.16,LOCKED,75.6,21.2
1791265535486,28.640446,77.421781,75.0,CNG,26.77,25.1,5,2226,42.4,10.60,53.0,90.0,0.00,-3.13,13.7,13.9,74.9,-0.16,LOCKED,75.6,21.2
1791265536030,28.640406,77.421988,75.0,CNG,26.54,25.1,5,2223,42.4,10.89,53.0,90.0,0.00,-3.13,13.8,13.9,74.8,-0.16,LOCKED,75.6,21.2
1791265536883,28.640367,77.422194,75.0,CNG,26.31,25.5,5,2222,45.9,10.98,55.0,90.0,0.00,-2.34,13.8,14.4,74.7,-0.16,LOCKED,75.6,21.2
1791265537403,28.640367,77.422194,75.0,CNG,25.38,25.9,5,2217,45.9,11.83,55.0,90.0,0.00,-2.34,13.8,15.0,74.6,-0.15,LOCKED,75.6,21.6
1791265537899,28.640327,77.422397,75.0,CNG,24.67,25.9,5,2218,45.9,12.05,55.0,90.0,0.00,-2.34,13.8,15.0,74.6,-0.13,LOCKED,75.6,21.6
1791265538772,28.640327,77.422397,75.0,CNG,24.56,25.9,5,2218,45.9,11.69,55.0,90.0,0.00,-2.34,13.7,15.0,74.6,-0.11,LOCKED,75.6,21.6
1791265539317,28.640286,77.422603,75.0,CNG,24.50,25.5,5,2223,45.9,11.68,55.0,90.0,0.00,-2.34,13.7,14.4,74.7,-0.04,LOCKED,75.6,21.6
1791265539881,28.640247,77.422808,75.0,CNG,25.88,25.5,5,2223,45.9,10.09,55.0,90.0,0.00,-2.34,13.8,14.4,74.8,-0.02,LOCKED,75.6,20.4
1791265540781,28.640247,77.422808,75.0,CNG,25.02,27.5,5,2220,46.3,11.97,56.0,90.0,0.00,-2.34,13.8,17.1,74.8,-0.02,LOCKED,75.6,22.0
1791265541482,28.640208,77.423013,75.0,CNG,25.10,27.1,5,2227,46.3,11.30,56.0,90.0,0.00,-2.34,13.8,16.6,74.9,0.03,LOCKED,75.6,21.6
1791265542172,28.640168,77.423219,75.0,CNG,25.18,27.5,5,2234,46.3,11.28,56.0,90.0,0.00,-2.34,13.8,17.1,75.1,0.07,LOCKED,75.6,21.6
1791265543276,28.640129,77.423425,75.0,CNG,24.75,27.1,5,2238,45.9,11.82,56.0,90.0,0.00,-2.34,13.8,16.6,75.2,0.11,LOCKED,75.6,21.6
1791265543955,28.640090,77.423633,76.0,CNG,24.85,27.1,5,2246,45.9,11.56,56.0,90.0,0.00,-2.34,13.8,16.6,75.6,0.16,LOCKED,75.6,21.6
1791265544664,28.640090,77.423633,76.0,CNG,23.79,27.1,5,2247,45.9,12.92,56.0,90.0,0.00,-2.34,13.7,16.6,75.7,0.16,LOCKED,75.6,21.6
1791265545759,28.640049,77.423839,76.0,CNG,23.77,27.1,5,2250,45.1,12.17,54.0,90.0,0.00,-3.13,13.7,16.6,75.8,0.16,LOCKED,75.6,21.6
1791265546487,28.640009,77.424046,76.0,CNG,23.97,27.1,5,2256,45.1,11.90,54.0,90.0,0.00,-3.13,13.7,16.6,76.0,0.16,LOCKED,75.6,21.6
1791265547225,28.639969,77.424256,76.0,CNG,23.63,26.7,5,2248,45.1,12.49,54.0,89.0,0.00,-3.13,13.7,16.1,75.9,0.10,LOCKED,75.6,22.0
1791265548444,28.639929,77.424466,76.0,CNG,23.54,26.7,5,2251,49.4,12.35,59.0,89.0,0.00,-2.34,13.8,16.1,75.9,0.08,LOCKED,75.6,22.0
1791265549090,28.639890,77.424676,75.0,CNG,22.96,26.7,5,2244,49.4,12.89,59.0,89.0,0.00,-2.34,13.8,16.1,75.7,-0.00,LOCKED,75.6,22.4
1791265549774,28.639890,77.424676,75.0,CNG,22.36,26.7,5,2238,49.4,13.26,59.0,89.0,0.00,-2.34,13.5,16.1,75.5,-0.06,LOCKED,75.6,22.4
1791265550971,28.639809,77.425085,75.0,CNG,22.37,26.7,5,2229,50.6,12.74,58.0,89.0,-0.78,-2.34,13.6,16.1,75.2,-0.19,LOCKED,75.6,22.4
1791265551491,28.639809,77.425085,74.0,CNG,22.09,26.7,5,2218,50.6,12.98,58.0,89.0,-0.78,-2.34,13.7,16.1,74.7,-0.27,LOCKED,75.6,22.4
1791265552002,28.639768,77.425289,74.0,CNG,22.09,26.7,5,2209,50.6,12.74,58.0,89.0,-0.78,-2.34,13.7,16.1,74.4,-0.30,LOCKED,75.6,22.4
1791265552973,28.639727,77.425491,74.0,CNG,22.42,26.7,5,2203,51.0,12.27,59.0,89.0,-0.78,-2.34,13.6,16.1,74.2,-0.33,LOCKED,75.6,22.4
1791265553512,28.639727,77.425491,73.0,CNG,22.32,26.7,5,2186,51.0,12.52,59.0,89.0,-0.78,-2.34,13.6,16.1,73.6,-0.49,LOCKED,75.6,22.4
1791265554017,28.639683,77.425690,73.0,CNG,23.60,26.7,5,2173,51.0,10.74,59.0,89.0,-0.78,-2.34,13.8,16.1,73.2,-0.53,LOCKED,75.6,21.2
1791265554929,28.639643,77.425889,73.0,CNG,24.48,26.7,5,2166,45.1,10.70,55.0,89.0,0.00,-3.13,13.8,16.1,72.9,-0.54,LOCKED,75.6,21.2
1791265555445,28.639643,77.425889,72.0,CNG,24.16,26.7,5,2150,45.1,11.56,55.0,89.0,0.00,-3.13,13.8,16.1,72.3,-0.56,LOCKED,75.6,21.2
1791265555956,28.639601,77.426087,72.0,CNG,24.70,26.7,5,2147,45.1,10.71,55.0,89.0,0.00,-3.13,13.8,16.1,72.1,-0.54,LOCKED,75.6,21.6
1791265556833,28.639601,77.426087,72.0,CNG,24.46,26.7,5,2148,45.5,11.35,55.0,89.0,0.00,-3.13,13.9,16.1,72.0,-0.49,LOCKED,75.6,21.2
1791265557340,28.639561,77.426284,72.0,CNG,24.99,26.7,5,2131,45.5,10.60,55.0,89.0,0.00,-3.13,13.9,16.1,71.6,-0.48,LOCKED,75.6,21.2
1791265557870,28.639519,77.426483,72.0,CNG,25.06,26.7,5,2127,45.5,10.88,55.0,89.0,0.00,-3.13,13.7,16.1,71.4,-0.45,LOCKED,75.6,21.2
1791265558779,28.639519,77.426483,71.0,CNG,24.91,26.7,5,2128,45.9,10.94,55.0,89.0,0.00,-2.34,13.7,16.1,71.4,-0.40,LOCKED,75.6,21.2
1791265559405,28.639477,77.426680,71.0,CNG,24.35,26.7,5,2119,45.9,11.46,55.0,89.0,0.00,-2.34,13.8,16.1,71.2,-0.36,LOCKED,75.6,21.2
1791265559895,28.639439,77.426872,71.0,CNG,23.59,30.6,5,2122,45.9,11.99,55.0,89.0,0.00,-2.34,13.8,21.4,71.1,-0.30,LOCKED,75.6,21.2
1791265560760,28.639439,77.426872,71.0,CNG,19.64,31.4,5,2122,66.3,17.21,73.0,89.0,0.00,-2.34,13.8,22.5,71.1,-0.26,LOCKED,75.6,25.1
1791265561274,28.639399,77.427069,72.0,CNG,18.02,31.4,5,2142,66.3,17.04,73.0,89.0,0.00,-2.34,13.8,22.5,71.6,0.16,LOCKED,75.6,25.1
1791265561777,28.639399,77.427069,72.0,CNG,16.82,31.4,5,2147,66.3,17.89,73.0,89.0,0.00,-2.34,13.8,22.5,71.9,0.28,LOCKED,75.6,25.5
1791265562630,28.639361,77.427267,72.0,CNG,16.54,31.4,5,2158,67.5,16.97,75.0,89.0,0.00,-1.56,13.8,22.5,72.3,0.40,LOCKED,75.6,25.5
1791265563183,28.639322,77.427466,73.0,CNG,16.07,31.4,5,2177,67.5,18.00,75.0,89.0,0.00,-1.56,13.7,22.5,73.0,0.60,LOCKED,75.6,25.5
1791265563663,28.639322,77.427466,73.0,CNG,16.07,30.6,5,2178,67.5,17.27,75.0,89.0,0.00,-1.56,13.7,21.4,73.2,0.58,LOCKED,75.6,25.5
1791265564523,28.639283,77.427667,74.0,CNG,16.30,30.6,5,2203,65.1,16.91,73.0,89.0,0.00,-1.56,13.8,21.4,73.7,0.72,LOCKED,75.6,25.1
1791265565005,28.639242,77.427872,75.0,CNG,16.29,30.2,5,2223,65.1,17.52,73.0,89.0,0.00,-1.56,13.8,20.9,74.6,0.79,LOCKED,75.6,25.1
1791265565591,28.639242,77.427872,75.0,CNG,16.81,29.4,5,2239,65.1,16.16,73.0,89.0,0.00,-1.56,13.8,19.8,75.1,0.82,LOCKED,75.6,24.7
1791265566442,28.639202,77.428079,76.0,CNG,17.08,29.4,5,2242,60.4,16.52,61.0,89.0,-0.78,-2.34,13.8,19.8,75.4,0.79,LOCKED,75.6,24.3
1791265566975,28.639159,77.428287,76.0,CNG,24.56,22.7,5,2242,60.4,4.14,61.0,89.0,-0.78,-2.34,13.6,10.7,75.6,0.51,LOCKED,75.6,16.5
1791265567455,28.639159,77.428287,75.0,CNG,25.29,25.5,5,2287,60.4,10.77,61.0,90.0,-0.78,-2.34,13.6,14.4,76.3,0.78,LOCKED,75.6,20.8
1791265568348,28.639115,77.428493,76.0,CNG,26.84,25.5,5,2246,37.6,9.79,50.0,89.0,-0.78,-3.13,13.8,14.4,76.2,0.44,LOCKED,75.6,20.4
1791265568864,28.639074,77.428700,76.0,CNG,27.86,25.5,5,2248,37.6,9.78,50.0,90.0,-0.78,-3.13,13.8,14.4,75.9,0.05,LOCKED,75.6,20.8
1791265569373,28.639074,77.428700,76.0,CNG,27.37,25.5,5,2255,37.6,10.84,50.0,90.0,-0.78,-3.13,13.9,14.4,75.8,0.04,LOCKED,75.6,20.8
1791265570391,28.639034,77.428911,76.0,CNG,27.62,25.9,5,2267,38.4,10.32,52.0,90.0,0.00,-3.13,13.6,15.0,76.0,0.08,LOCKED,75.6,20.8
1791265570925,28.638990,77.429121,77.0,CNG,27.92,25.9,5,2283,38.4,10.32,52.0,90.0,0.00,-3.13,13.7,15.0,76.6,0.34,LOCKED,75.6,20.8
1791265571410,28.638990,77.429121,77.0,CNG,28.32,25.9,5,2297,38.4,10.12,52.0,90.0,0.00,-3.13,13.7,15.0,77.0,0.48,LOCKED,75.6,20.8
1791265572285,28.638946,77.429334,77.0,CNG,28.11,25.9,5,2305,37.6,10.53,50.0,89.0,0.00,-3.13,13.6,15.0,77.3,0.51,LOCKED,75.6,20.8
1791265572762,28.638946,77.429334,78.0,CNG,27.78,25.9,5,2326,37.6,10.86,50.0,89.0,0.00,-3.13,13.6,15.0,78.0,0.59,LOCKED,75.6,20.8
1791265573319,28.638900,77.429550,79.0,CNG,28.35,25.9,5,2338,37.6,10.28,50.0,89.0,0.00,-3.13,13.6,15.0,78.5,0.62,LOCKED,75.6,20.8
1791265574201,28.638853,77.429768,79.0,CNG,27.01,25.9,5,2353,41.6,11.90,53.0,89.0,0.00,-3.13,13.6,15.0,78.9,0.67,LOCKED,75.6,21.6
1791265574781,28.638853,77.429768,80.0,CNG,25.79,18.0,5,2365,41.6,12.58,53.0,89.0,0.00,-3.13,13.8,4.3,79.5,0.66,LOCKED,75.6,21.6
1791265575272,28.638810,77.429985,79.0,CNG,34.21,14.9,5,2368,41.6,4.48,53.0,89.0,0.00,-3.13,13.8,0.0,79.7,0.62,LOCKED,75.6,16.9
1791265576147,28.638764,77.430202,79.0,CNG,40.92,20.4,5,2345,19.2,5.18,37.0,89.0,0.00,-4.69,13.4,7.5,79.5,0.28,LOCKED,75.6,16.9
1791265576652,28.638764,77.430202,78.0,CNG,41.09,21.2,5,2341,19.2,7.17,37.0,89.0,0.00,-4.69,13.4,8.6,79.0,-0.13,LOCKED,75.6,18.8
1791265577216,28.638719,77.430415,78.0,CNG,41.80,21.2,5,2324,19.2,6.91,37.0,89.0,0.00,-4.69,13.6,8.6,78.5,-0.37,LOCKED,75.6,18.8
1791265578067,28.638675,77.430629,78.0,CNG,42.46,20.8,5,2321,24.7,6.82,30.0,89.0,2.34,-4.69,13.6,8.0,78.2,-0.42,LOCKED,75.6,18.8
1791265578622,28.638675,77.430629,77.0,CNG,47.34,14.9,5,2276,24.7,5.10,30.0,89.0,2.34,-4.69,13.8,0.0,76.9,-0.91,LOCKED,75.6,17.3
1791265579116,28.638633,77.430841,76.0,CNG,49.91,14.9,5,2268,24.7,5.31,30.0,89.0,2.34,-4.69,13.8,0.0,76.3,-0.94,LOCKED,75.6,16.9
1791265580019,28.638592,77.431048,76.0,CNG,50.85,14.9,5,2247,18.4,5.52,35.0,89.0,0.00,-4.69,13.7,0.0,75.7,-0.99,LOCKED,75.6,17.3
1791265580534,28.638592,77.431048,74.0,CNG,44.94,23.1,5,2218,18.4,7.39,35.0,88.0,0.00,-4.69,13.7,11.2,74.6,-1.04,LOCKED,75.6,18.8
1791265581099,28.638552,77.431254,74.0,CNG,42.18,23.1,5,2208,18.4,7.30,35.0,88.0,0.00,-4.69,13.8,11.2,74.1,-1.02,LOCKED,75.6,18.8
1791265581962,28.638514,77.431457,74.0,CNG,39.35,23.1,5,2195,29.4,7.88,44.0,88.0,0.00,-3.91,13.8,11.2,73.7,-1.00,LOCKED,75.6,19.2
1791265582488,28.638514,77.431457,73.0,CNG,37.47,23.9,5,2180,29.4,7.95,44.0,88.0,0.00,-3.91,13.8,12.3,73.1,-0.84,LOCKED,75.6,19.6
1791265583010,28.638476,77.431659,73.0,CNG,36.91,23.9,5,2170,29.4,7.69,44.0,88.0,0.00,-3.91,13.8,12.3,72.8,-0.80,LOCKED,75.6,19.6
1791265583928,28.638439,77.431857,73.0,CNG,36.43,23.9,5,2165,32.5,7.77,46.0,88.0,0.00,-3.91,13.7,12.3,72.5,-0.74,LOCKED,75.6,19.6
1791265584399,28.638439,77.431857,72.0,CNG,34.84,23.9,5,2152,32.5,8.38,46.0,88.0,0.00,-3.91,13.7,12.3,72.2,-0.59,LOCKED,75.6,19.6
1791265584931,28.638406,77.432054,72.0,CNG,34.00,23.9,5,2149,32.5,8.35,46.0,88.0,0.00,-3.91,13.8,12.3,72.0,-0.54,LOCKED,75.6,19.6
1791265585787,28.638406,77.432054,72.0,CNG,34.85,23.9,5,2149,32.5,7.56,46.0,88.0,0.00,-3.91,13.8,12.3,71.9,-0.40,LOCKED,75.6,19.6
1791265586415,28.638373,77.432252,72.0,CNG,35.05,23.9,5,2127,32.5,7.74,46.0,88.0,0.00,-3.91,13.7,12.3,71.5,-0.43,LOCKED,75.6,19.2
1791265586932,28.638337,77.432445,71.0,CNG,34.59,23.9,5,2124,32.5,7.96,46.0,88.0,0.00,-3.91,13.7,12.3,71.3,-0.41,LOCKED,75.6,19.2
1791265587924,28.638303,77.432643,71.0,CNG,32.72,23.9,5,2113,38.0,8.93,51.0,88.0,0.00,-3.13,13.7,12.3,71.0,-0.42,LOCKED,75.6,20.0
1791265588408,28.638303,77.432643,71.0,CNG,31.52,23.5,5,2100,38.0,9.04,51.0,88.0,0.00,-3.13,13.7,11.8,70.6,-0.44,LOCKED,75.6,20.0
1791265588948,28.638269,77.432837,70.0,CNG,30.43,23.1,5,2095,38.0,9.21,51.0,88.0,0.00,-3.13,13.5,11.2,70.4,-0.43,LOCKED,75.6,20.0
1791265589933,28.638235,77.433030,70.0,CNG,34.46,14.9,5,2087,22.4,6.17,30.0,88.0,0.00,0.00,13.8,0.0,70.1,-0.44,LOCKED,75.6,17.6
1791265590451,28.638235,77.433030,68.0,CNG,39.83,14.9,5,2033,22.4,4.92,30.0,88.0,0.00,0.00,13.8,0.0,68.7,-1.00,LOCKED,75.6,16.5
1791265591031,28.638205,77.433215,66.0,CNG,44.86,14.9,5,1968,22.4,4.48,30.0,89.0,0.00,0.00,13.8,0.0,67.1,-1.62,LOCKED,75.6,16.5
1791265592025,28.638176,77.433391,64.0,CNG,50.96,14.9,5,1895,19.2,3.74,34.0,89.0,0.00,0.00,13.8,0.0,64.9,-2.38,LOCKED,75.6,16.1
1791265592519,28.638176,77.433391,60.0,CNG,54.07,14.9,5,1761,19.2,3.79,34.0,89.0,0.00,0.00,13.8,0.0,60.3,-3.72,LOCKED,75.6,15.7
1791265593099,28.638161,77.433553,57.0,CNG,57.60,14.9,,1281,19.2,3.35,34.0,89.0,0.00,0.00,13.6,0.0,57.0,0.00,PAUSED,75.6,16.1
1791265593973,28.638142,77.433706,55.0,CNG,65.45,14.9,,1103,29.4,2.47,37.0,89.0,0.00,-0.78,13.6,0.0,55.0,0.00,PAUSED,75.6,14.9
1791265594474,28.638142,77.433706,52.0,CNG,79.18,14.9,,910,29.4,1.61,37.0,89.0,0.00,-0.78,13.8,0.0,52.0,0.00,PAUSED,75.6,13.3
1791265594966,28.638126,77.433848,50.0,CNG,94.82,14.9,,870,29.4,1.34,37.0,88.0,0.00,-0.78,13.8,0.0,50.0,0.00,PAUSED,75.6,12.9
1791265595894,28.638126,77.433848,49.0,CNG,91.90,14.9,,782,22.0,2.13,33.0,89.0,3.91,-0.78,13.7,0.0,49.0,0.00,PAUSED,75.6,12.5
1791265596481,28.638110,77.433983,48.0,CNG,102.90,14.9,,707,22.0,1.43,33.0,89.0,3.91,-0.78,13.7,0.0,48.0,0.00,PAUSED,75.6,12.5
1791265597014,28.638094,77.434116,48.0,CNG,124.93,14.9,,692,22.0,0.97,33.0,89.0,3.91,-0.78,13.3,0.0,48.0,0.00,PAUSED,75.6,12.2
1791265597880,28.638077,77.434250,47.0,CNG,126.66,14.9,,644,27.1,1.38,36.0,89.0,-8.59,-0.78,13.3,0.0,47.0,0.00,PAUSED,75.6,12.5
1791265598414,28.638077,77.434250,47.0,CNG,107.78,14.9,,698,27.1,2.04,36.0,89.0,-8.59,-0.78,13.4,0.0,47.0,0.00,ARMED,,12.5
1791265598914,28.638057,77.434383,47.0,CNG,95.04,19.2,,774,27.1,2.22,36.0,89.0,-8.59,-0.78,13.4,5.9,47.0,0.00,ARMED,,12.5
1791265599834,28.638057,77.434383,46.0,CNG,63.42,19.2,4,1606,18.8,4.18,31.0,89.0,0.00,-3.91,13.5,5.9,46.0,0.00,ARMED,,16.1
1791265600333,28.638037,77.434511,46.0,CNG,47.84,20.0,4,1761,18.8,5.03,31.0,89.0,0.00,-3.91,13.5,7.0,46.0,0.00,ARMED,,16.9
1791265600893,28.638037,77.434511,46.0,CNG,39.25,20.4,4,1750,18.8,5.67,31.0,89.0,0.00,-3.91,13.7,7.5,46.0,0.00,ARMED,,17.6
1791265601849,28.637999,77.434764,46.0,CNG,34.57,20.4,4,1788,29.4,5.97,43.0,89.0,-0.78,-3.91,13.7,7.5,46.0,0.00,ARMED,,17.6
1791265602492,28.637999,77.434764,45.0,CNG,31.51,20.8,4,1768,29.4,6.17,43.0,89.0,-0.78,-3.91,13.7,8.0,45.6,-0.21,ARMED,,18.0
1791265603038,28.637980,77.434891,45.0,CNG,29.65,20.8,4,1756,29.4,6.29,43.0,89.0,-0.78,-3.91,13.7,8.0,45.3,-0.27,ARMED,,18.0
1791265604029,28.637959,77.435017,45.0,CNG,28.53,20.8,4,1765,31.4,6.34,43.0,89.0,-0.78,-3.91,13.7,8.0,45.3,-0.24,CANDIDATE,45.3,18.0
1791265604877,28.637938,77.435140,45.0,CNG,28.13,20.8,4,1763,31.4,6.21,43.0,89.0,-0.78,-3.91,13.7,8.0,45.2,-0.19,LOCKED,45.2,18.0
1791265605458,28.637938,77.435140,46.0,CNG,27.70,20.8,4,1764,31.4,6.46,43.0,89.0,-0.78,-3.91,13.8,8.0,45.3,-0.13,LOCKED,45.2,18.0
1791265606453,28.637915,77.435264,45.0,CNG,27.43,21.2,4,1776,33.7,6.33,50.0,89.0,-1.56,-3.13,13.8,8.6,45.4,0.02,LOCKED,45.2,18.4
1791265607001,28.637893,77.435383,46.0,CNG,26.39,22.0,4,1778,33.7,7.00,50.0,89.0,-1.56,-3.13,13.7,9.6,45.6,0.07,LOCKED,45.2,19.2
1791265607500,28.637893,77.435383,46.0,CNG,24.86,22.0,4,1773,33.7,7.64,50.0,89.0,-1.56,-3.13,13.7,9.6,45.6,0.06,LOCKED,45.2,19.2
1791265608424,28.637866,77.435510,46.0,CNG,25.80,22.0,4,1778,30.2,6.40,44.0,89.0,0.78,-3.91,13.8,9.6,45.7,0.07,LOCKED,45.2,18.0
1791265608930,28.637838,77.435638,46.0,CNG,26.80,22.0,4,1799,30.2,6.15,44.0,89.0,0.78,-3.91,13.8,9.6,46.1,0.26,LOCKED,45.2,18.0
1791265609448,28.637838,77.435638,46.0,CNG,28.10,22.0,4,1806,30.2,5.77,44.0,89.0,0.78,-3.91,13.5,9.6,46.3,0.29,LOCKED,45.2,17.6
1791265610515,28.637809,77.435766,47.0,CNG,28.35,22.0,4,1816,29.4,6.22,43.0,89.0,-0.78,-3.91,13.7,9.6,46.6,0.32,LOCKED,45.2,18.0
1791265611028,28.637782,77.435892,47.0,CNG,29.49,22.0,4,1815,29.4,5.70,43.0,89.0,-0.78,-3.91,13.7,9.6,46.8,0.28,LOCKED,45.2,17.6
1791265611561,28.637782,77.435892,47.0,CNG,29.65,22.0,4,1823,29.4,5.98,43.0,89.0,-0.78,-3.91,13.7,9.6,46.9,0.28,LOCKED,45.2,17.6
1791265612466,28.637755,77.436023,47.0,CNG,29.49,22.0,4,1855,28.6,6.11,42.0,89.0,-0.78,-3.91,13.8,9.6,47.4,0.47,LOCKED,45.2,17.6
1791265613007,28.637730,77.436154,48.0,CNG,29.90,22.0,4,1849,28.6,5.98,42.0,89.0,-0.78,-3.91,13.8,9.6,47.6,0.42,LOCKED,45.2,17.6
1791265613524,28.637730,77.436154,48.0,CNG,30.82,22.0,4,1853,28.6,5.65,42.0,89.0,-0.78,-3.91,13.6,9.6,47.8,0.40,LOCKED,45.2,18.0
1791265614487,28.637702,77.436286,48.0,CNG,28.49,22.0,4,1873,33.7,7.13,47.0,89.0,-0.78,-3.91,13.6,9.6,48.1,0.43,LOCKED,45.2,18.8
1791265615067,28.637674,77.436418,48.0,CNG,26.43,22.0,4,1884,33.7,7.65,47.0,89.0,-0.78,-3.91,13.6,9.6,48.5,0.42,LOCKED,45.2,19.2
1791265615580,28.637674,77.436418,48.0,CNG,25.11,20.0,4,1871,33.7,7.81,47.0,89.0,-0.78,-3.91,13.6,7.0,48.4,0.24,LOCKED,45.2,19.2
1791265616508,28.637644,77.436553,48.0,CNG,27.03,16.5,4,1878,22.0,5.98,36.0,89.0,0.78,-3.91,13.7,2.1,48.4,0.21,LOCKED,45.2,17.6
1791265617005,28.637615,77.436685,48.0,CNG,28.65,19.6,4,1881,22.0,5.80,36.0,88.0,0.78,-3.91,13.7,6.4,48.4,0.16,LOCKED,45.2,17.3
1791265617633,28.637615,77.436685,48.0,CNG,30.88,20.4,4,1867,22.0,5.22,36.0,88.0,0.78,-3.91,13.8,7.5,48.3,0.01,LOCKED,45.2,17.6
1791265618563,28.637585,77.436818,48.0,CNG,29.31,20.8,4,1871,29.8,6.70,42.0,88.0,-0.78,-3.13,13.8,8.0,48.2,-0.02,LOCKED,45.2,18.0
1791265619070,28.637558,77.436951,48.0,CNG,28.94,20.8,4,1871,29.8,6.43,42.0,88.0,-0.78,-3.13,13.8,8.0,48.1,-0.03,LOCKED,45.2,18.4
1791265619600,28.637558,77.436951,48.0,CNG,28.36,20.8,4,1873,29.8,6.63,42.0,89.0,-0.78,-3.13,13.8,8.0,48.1,-0.03,LOCKED,45.2,18.4
1791265620519,28.637531,77.437086,48.0,CNG,27.97,20.8,4,1890,29.4,6.66,40.0,88.0,0.00,-3.91,13.8,8.0,48.3,0.10,LOCKED,45.2,18.4
1791265621036,28.637503,77.437220,49.0,CNG,31.82,20.8,4,1889,29.4,4.67,40.0,88.0,0.00,-3.91,13.8,8.0,48.5,0.13,LOCKED,45.2,16.9
1791265621535,28.637503,77.437220,49.0,CNG,35.61,20.8,4,1903,29.4,4.31,40.0,88.0,0.00,-3.91,13.7,8.0,48.7,0.18,LOCKED,45.2,16.9
1791265622440,28.637477,77.437353,49.0,CNG,35.86,20.8,4,1900,21.6,5.14,34.0,88.0,0.78,-3.91,13.7,8.0,48.8,0.19,LOCKED,45.2,16.9
1791265623030,28.637449,77.437490,49.0,CNG,38.72,20.8,4,1893,21.6,4.24,34.0,88.0,0.78,-3.91,13.7,8.0,48.8,0.12,LOCKED,45.2,16.5
1791265623606,28.637449,77.437490,49.0,CNG,40.65,20.8,4,1888,21.6,4.24,34.0,88.0,0.78,-3.91,13.7,8.0,48.7,0.08,LOCKED,45.2,16.5
1791265624525,28.637423,77.437625,49.0,CNG,42.25,20.8,4,1895,21.6,4.15,35.0,88.0,0.00,-3.91,13.6,8.0,48.8,0.08,LOCKED,45.2,16.5
1791265625089,28.637393,77.437758,49.0,CNG,43.03,20.8,4,1896,21.6,4.21,35.0,88.0,0.00,-3.91,13.6,8.0,48.8,0.07,LOCKED,45.2,16.5
1791265625644,28.637393,77.437758,49.0,CNG,40.56,20.8,4,1885,21.6,4.99,35.0,88.0,0.00,-3.91,13.6,8.0,48.7,0.03,LOCKED,45.2,16.9
1791265626574,28.637364,77.437891,49.0,CNG,39.81,20.8,4,1896,21.6,4.81,32.0,88.0,0.00,-3.91,13.6,8.0,48.8,0.04,LOCKED,45.2,16.5
1791265627173,28.637335,77.438024,49.0,CNG,41.37,21.2,4,1864,21.6,4.24,32.0,88.0,0.00,-3.91,13.8,8.6,48.3,-0.25,LOCKED,45.2,16.9
1791265627708,28.637335,77.438024,48.0,CNG,39.53,20.4,4,1855,21.6,4.93,32.0,88.0,0.00,-3.91,13.8,7.5,48.0,-0.30,LOCKED,45.2,16.5
1791265628632,28.637306,77.438155,48.0,CNG,41.52,14.9,4,1874,20.8,4.06,31.0,88.0,0.00,0.00,13.5,0.0,48.1,-0.16,LOCKED,45.2,16.1
1791265629157,28.637277,77.438286,47.0,CNG,49.77,14.9,,1082,20.8,2.49,31.0,88.0,0.00,0.00,13.5,0.0,47.0,0.00,PAUSED,45.2,14.9
1791265629673,28.637277,77.438286,45.0,CNG,53.73,14.9,,1061,20.8,2.78,31.0,88.0,0.00,0.00,13.6,0.0,45.0,0.00,PAUSED,45.2,14.9
1791265630721,28.637250,77.438407,41.0,CNG,50.95,14.9,,979,31.8,3.33,41.0,88.0,0.78,-0.78,13.7,0.0,41.0,0.00,PAUSED,45.2,14.9
1791265631246,28.637231,77.438508,34.0,CNG,52.83,14.9,,801,31.8,2.27,41.0,88.0,0.78,-0.78,13.6,0.0,34.0,0.00,PAUSED,45.2,14.5
1791265631790,28.637231,77.438508,29.0,CNG,47.63,14.9,5,802,31.8,2.79,41.0,88.0,0.78,-0.78,13.6,0.0,29.0,0.00,PAUSED,45.2,14.5
1791265632720,28.637213,77.438588,26.0,CNG,44.52,14.9,5,805,36.5,2.52,46.0,88.0,-1.56,-0.78,13.8,0.0,27.6,-0.84,PAUSED,45.2,14.5
1791265633210,28.637199,77.438656,24.0,CNG,43.18,14.9,5,805,36.5,2.24,46.0,88.0,-1.56,-0.78,13.8,0.0,24.9,-1.94,PAUSED,45.2,14.5
1791265633704,28.637199,77.438656,24.0,CNG,40.92,14.9,5,808,36.5,2.44,46.0,88.0,-1.56,-0.78,13.7,0.0,24.0,-1.93,PAUSED,45.2,14.5
1791265634612,28.637189,77.438716,21.0,CNG,33.32,14.9,4,819,35.7,3.25,46.0,88.0,0.78,-0.78,13.7,0.0,21.0,0.00,ARMED,,14.5
1791265635136,28.637179,77.438762,16.0,CNG,28.84,14.9,3,819,35.7,2.76,46.0,88.0,0.78,-0.78,13.6,0.0,16.0,0.00,ARMED,,14.5
1791265635655,28.637179,77.438762,15.0,CNG,26.15,14.9,3,841,35.7,2.61,46.0,88.0,0.78,-0.78,13.6,0.0,15.5,-0.30,ARMED,,14.5
1791265636553,28.637171,77.438802,15.0,CNG,23.56,14.9,3,835,34.5,2.87,45.0,89.0,1.56,-0.78,13.4,0.0,15.2,-0.35,ARMED,,14.5
1791265637050,28.637160,77.438841,14.0,CNG,23.27,14.9,,816,34.5,2.34,45.0,89.0,1.56,-0.78,13.4,0.0,14.0,0.00,ARMED,,14.5
1791265637574,28.637160,77.438841,14.0,CNG,16.47,23.5,3,803,34.5,4.84,45.0,89.0,1.56,-0.78,13.6,11.8,14.0,0.00,ARMED,,17.6
1791265638425,28.637139,77.438871,14.0,CNG,12.02,23.9,,1250,57.6,6.37,62.0,89.0,-0.78,-2.34,13.6,12.3,14.0,0.00,ARMED,,19.2
1791265639024,28.637112,77.438878,15.0,CNG,10.83,22.4,2,1168,57.6,6.04,62.0,89.0,-0.78,-2.34,13.8,10.2,15.0,0.00,ARMED,,18.0
1791265639640,28.637112,77.438878,16.0,CNG,10.40,22.4,2,1209,57.6,6.17,62.0,89.0,-0.78,-2.34,13.8,10.2,15.5,0.32,ARMED,,18.0
1791265640530,28.637083,77.438886,17.0,CNG,10.45,22.4,2,1281,44.7,6.14,54.0,89.0,-3.13,-3.13,13.7,10.2,16.3,0.68,ARMED,,18.0
1791265641043,28.637051,77.438886,18.0,CNG,10.78,22.4,2,1377,44.7,6.08,54.0,89.0,-3.13,-3.13,13.7,10.2,17.7,1.10,ARMED,,18.0
1791265641623,28.637051,77.438886,19.0,CNG,11.19,22.4,2,1426,44.7,6.14,54.0,89.0,-3.13,-3.13,13.8,10.2,18.5,1.22,ARMED,,18.0
1791265642556,28.637022,77.438882,20.0,CNG,12.10,22.0,2,1489,34.5,5.60,43.0,89.0,0.00,-3.13,13.8,9.6,19.4,1.28,ARMED,,17.6
1791265643096,28.637022,77.438882,21.0,CNG,13.13,21.6,2,1559,34.5,5.40,43.0,89.0,0.00,-3.13,13.8,9.1,20.5,1.28,ARMED,,17.3
1791265643673,28.637022,77.438882,21.0,CNG,14.39,21.6,2,1600,34.5,4.80,43.0,89.0,0.00,-3.13,13.8,9.1,21.2,1.25,ARMED,,17.3
1791265644585,28.637022,77.438882,22.0,CNG,14.87,21.2,2,1640,27.8,5.37,33.0,89.0,0.78,0.00,13.9,8.6,21.7,1.22,ARMED,,17.3
1791265645076,28.637022,77.438882,22.0,CNG,17.79,14.9,,1370,27.8,3.39,33.0,89.0,0.78,0.00,13.9,0.0,22.0,0.00,ARMED,,14.9
1791265645597,28.637022,77.438882,22.0,CNG,21.43,14.9,4,905,27.8,2.74,33.0,89.0,0.78,0.00,13.7,0.0,22.0,0.00,ARMED,,13.7
1791265646491,28.637022,77.438882,20.0,CNG,26.79,14.9,4,857,31.0,1.69,44.0,89.0,0.00,-0.78,13.7,0.0,21.0,-0.58,ARMED,,13.7
1791265647011,28.637022,77.438882,14.0,CNG,26.25,14.9,3,763,31.0,2.12,44.0,89.0,0.00,-0.78,13.6,0.0,14.0,0.00,ARMED,,14.5
1791265647511,28.637022,77.438882,12.0,CNG,20.48,14.9,,792,31.0,3.34,44.0,89.0,0.00,-0.78,13.6,0.0,12.0,0.00,ARMED,,14.9
1791265648396,28.637022,77.438882,10.0,CNG,18.89,14.9,2,803,37.3,2.38,46.0,89.0,-3.13,-0.78,13.7,0.0,10.0,0.00,ARMED,,14.9
1791265648917,28.637022,77.438882,10.0,CNG,18.15,14.9,2,803,37.3,2.26,46.0,89.0,-3.13,-0.78,13.7,0.0,10.0,0.00,ARMED,,14.9
1791265649476,28.637022,77.438882,9.0,CNG,14.41,14.9,,806,37.3,3.36,46.0,89.0,-3.13,-0.78,13.6,0.0,9.0,0.00,ARMED,,14.9
1791265650551,28.637022,77.438882,9.0,CNG,13.47,17.3,,811,45.5,2.84,58.0,89.0,-2.34,-2.34,13.3,3.2,9.0,0.00,ARMED,,14.9
1791265651072,28.637022,77.438882,10.0,CNG,8.85,21.6,2,729,45.5,6.53,58.0,89.0,-2.34,-2.34,13.7,9.1,10.0,0.00,ARMED,,20.4
1791265651562,28.637022,77.438882,11.0,CNG,7.19,23.5,2,787,45.5,7.31,58.0,90.0,-2.34,-2.34,13.7,11.8,10.5,0.29,ARMED,,23.1
1791265652527,28.636678,77.438777,12.0,CNG,6.83,23.5,2,898,85.1,7.12,87.0,90.0,0.00,-2.34,13.6,11.8,11.3,0.70,ARMED,,23.5
1791265653063,28.636647,77.438737,15.0,CNG,6.92,24.3,2,1172,85.1,8.11,87.0,90.0,0.00,-2.34,13.6,12.8,14.0,1.87,ARMED,,21.6
1791265653613,28.636647,77.438737,17.0,CNG,6.92,24.3,2,1284,85.1,9.36,87.0,90.0,0.00,-2.34,13.7,12.8,16.0,2.45,ARMED,,21.2
1791265654530,28.636632,77.438682,18.0,CNG,7.14,24.3,2,1370,60.4,9.21,67.0,90.0,-0.78,-2.34,13.7,12.8,17.7,2.69,ARMED,,20.8
1791265655027,28.636622,77.438610,21.0,CNG,8.43,24.3,2,1561,60.4,7.53,67.0,90.0,-0.78,-2.34,13.8,12.8,20.5,2.92,ARMED,,19.2
1791265655554,28.636622,77.438610,22.0,CNG,9.27,24.3,2,1628,60.4,7.93,67.0,90.0,-0.78,-2.34,13.8,12.8,21.9,2.77,ARMED,,19.6
1791265656565,28.636638,77.438544,23.0,CNG,9.92,24.3,2,1721,41.2,8.03,51.0,90.0,0.00,-3.13,13.8,12.8,23.2,2.63,ARMED,,19.6
1791265657079,28.636649,77.438472,25.0,CNG,10.25,24.3,2,1896,41.2,8.88,51.0,90.0,0.00,-3.13,13.8,12.8,25.4,2.47,ARMED,,20.0
1791265657595,28.636649,77.438472,26.0,CNG,10.62,24.3,2,1981,41.2,8.87,51.0,90.0,0.00,-3.13,13.6,12.8,26.5,2.43,ARMED,,20.0
1791265658467,28.636663,77.438399,27.0,CNG,10.90,24.3,2,2037,36.5,9.09,52.0,90.0,-0.78,-3.13,13.6,12.8,27.5,2.24,ARMED,,20.0
1791265658984,28.636679,77.438319,29.0,CNG,11.13,25.1,2,2154,36.5,9.63,52.0,90.0,-0.78,-3.13,13.8,13.9,29.0,1.98,ARMED,,20.8
1791265659497,28.636679,77.438319,30.0,CNG,12.02,14.9,2,2228,36.5,8.48,52.0,89.0,-0.78,-3.13,13.8,0.0,29.9,1.94,ARMED,,20.0
1791265660431,28.636696,77.438237,30.0,CNG,15.53,14.9,2,1998,20.0,4.34,38.0,89.0,0.00,-3.91,13.8,0.0,28.9,0.75,ARMED,,16.1
1791265660945,28.636716,77.438158,30.0,CNG,14.95,24.7,3,1579,20.0,8.04,38.0,89.0,0.00,-3.91,13.8,13.4,30.0,0.00,ARMED,,19.6
1791265661477,28.636716,77.438158,31.0,CNG,15.02,24.3,3,1586,20.0,7.80,38.0,89.0,0.00,-3.91,13.8,12.8,30.5,0.29,ARMED,,19.6
1791265662362,28.636738,77.438071,32.0,CNG,13.74,24.3,3,1631,51.8,9.91,54.0,89.0,3.13,-2.34,13.8,12.8,31.3,0.69,ARMED,,20.8
1791265662898,28.636761,77.437982,33.0,CNG,14.44,23.1,3,1686,51.8,8.08,54.0,89.0,3.13,-2.34,13.8,11.2,32.6,1.11,ARMED,,20.0
1791265663433,28.636761,77.437982,33.0,CNG,14.59,23.1,3,1713,51.8,8.47,54.0,89.0,3.13,-2.34,13.8,11.2,33.1,1.07,ARMED,,20.0
1791265664386,28.636784,77.437888,34.0,CNG,14.76,23.1,3,1740,45.1,8.61,54.0,89.0,0.00,-3.13,13.7,11.2,33.6,1.04,ARMED,,20.0
1791265664895,28.636805,77.437794,35.0,CNG,14.75,22.7,3,1774,45.1,9.03,54.0,89.0,0.00,-3.13,13.7,10.7,34.4,0.98,ARMED,,20.0
1791265665459,28.636805,77.437794,35.0,CNG,15.13,22.7,3,1801,45.1,8.47,54.0,89.0,0.00,-3.13,13.8,10.7,34.8,0.97,ARMED,,20.0
1791265666372,28.636826,77.437695,36.0,CNG,15.47,22.7,3,1834,42.4,8.57,54.0,89.0,-0.78,-3.13,13.8,10.7,35.4,0.98,ARMED,,20.0
1791265666905,28.636847,77.437595,36.0,CNG,15.62,22.7,3,1864,42.4,8.63,54.0,89.0,-0.78,-3.13,13.6,10.7,36.1,0.93,ARMED,,20.0
1791265667438,28.636847,77.437595,37.0,CNG,15.49,22.7,3,1897,42.4,9.20,54.0,88.0,-0.78,-3.13,13.6,10.7,36.7,0.94,ARMED,,20.0
1791265668379,28.636868,77.437492,37.0,CNG,16.04,22.7,3,1901,34.1,8.32,45.0,88.0,-2.34,-3.13,13.8,10.7,37.0,0.89,ARMED,,20.0
1791265668872,28.636888,77.437395,38.0,CNG,17.27,23.1,3,1956,34.1,7.44,45.0,88.0,-2.34,-3.13,13.8,11.2,37.8,0.90,ARMED,,18.8
1791265669438,28.636888,77.437395,38.0,CNG,18.13,23.1,3,1956,34.1,7.39,45.0,88.0,-2.34,-3.13,13.7,11.2,38.1,0.76,ARMED,,18.8
1791265670550,28.636908,77.437290,38.0,CNG,19.22,23.1,3,1970,31.8,6.85,46.0,88.0,0.00,-3.91,13.6,11.2,38.3,0.64,ARMED,,18.8
1791265671144,28.636930,77.437184,39.0,CNG,20.36,23.1,3,1984,31.8,6.66,46.0,88.0,0.00,-3.91,13.8,11.2,38.6,0.41,ARMED,,18.8
1791265671644,28.636930,77.437184,39.0,CNG,20.57,23.1,3,2004,31.8,7.10,46.0,88.0,0.00,-3.91,13.8,11.2,38.8,0.41,ARMED,,18.8
1791265672594,28.636952,77.437078,39.0,CNG,20.02,23.5,3,2018,32.9,7.70,40.0,88.0,1.56,-3.91,13.9,11.8,39.1,0.42,ARMED,,19.2
1791265673111,28.636974,77.436967,39.0,CNG,25.51,14.9,4,1695,32.9,3.44,40.0,88.0,1.56,-3.91,13.9,0.0,39.0,0.00,ARMED,,15.7
1791265673614,28.636974,77.436967,39.0,CNG,23.50,23.1,4,1362,32.9,7.05,40.0,88.0,1.56,-3.91,13.8,11.2,39.0,0.00,ARMED,,19.2
1791265674514,28.636995,77.436859,39.0,CNG,22.96,23.1,4,1524,40.4,6.68,51.0,88.0,-1.56,-3.13,13.8,11.2,39.0,0.00,ARMED,,18.8
1791265675021,28.637017,77.436751,40.0,CNG,22.27,23.1,4,1544,40.4,7.13,51.0,88.0,-1.56,-3.13,13.7,11.2,39.7,0.38,ARMED,,18.8
1791265675506,28.637017,77.436751,40.0,CNG,22.77,22.7,4,1553,40.4,6.46,51.0,88.0,-1.56,-3.13,13.7,10.7,39.9,0.40,ARMED,,18.4
1791265676502,28.637040,77.436642,40.0,CNG,23.00,22.7,4,1557,37.6,6.51,49.0,88.0,-0.78,-3.13,13.7,10.7,40.1,0.40,ARMED,,18.4
1791265677116,28.637064,77.436532,41.0,CNG,23.67,14.9,4,1566,37.6,6.31,49.0,88.0,-0.78,-3.13,13.7,0.0,40.4,0.36,ARMED,,18.0
1791265677710,28.637064,77.436532,40.0,CNG,29.91,14.9,4,1574,37.6,3.06,49.0,88.0,-0.78,-3.13,13.9,0.0,40.6,0.36,ARMED,,15.3
1791265678633,28.637089,77.436422,40.0,CNG,33.44,14.9,4,1542,19.6,3.74,31.0,89.0,0.00,0.00,13.9,0.0,40.3,0.03,ARMED,,15.7
1791265679137,28.637114,77.436316,39.0,CNG,36.57,14.9,4,1500,19.6,3.47,31.0,89.0,0.00,0.00,13.9,0.0,39.2,-0.58,ARMED,,15.3
1791265679642,28.637114,77.436316,37.0,CNG,37.96,14.9,4,1455,19.6,3.48,31.0,89.0,0.00,0.00,13.9,0.0,38.2,-0.99,ARMED,,15.3
1791265680589,28.637137,77.436211,36.0,CNG,40.44,14.9,4,1409,20.4,3.03,32.0,89.0,0.00,0.00,13.6,0.0,37.1,-1.39,ARMED,,14.9
1791265681110,28.637157,77.436118,34.0,CNG,28.56,20.4,4,1327,20.4,6.73,32.0,89.0,0.00,0.00,13.6,7.5,34.6,-1.99,ARMED,,18.4
1791265681667,28.637157,77.436118,34.0,CNG,29.48,14.9,4,1330,20.4,4.16,32.0,89.0,0.00,0.00,13.8,0.0,33.9,-1.79,ARMED,,16.9
1791265682525,28.637175,77.436026,34.0,CNG,34.26,14.9,4,1251,22.0,2.82,37.0,89.0,0.00,0.00,13.8,0.0,32.7,-2.00,ARMED,,14.5
1791265683065,28.637194,77.435935,33.0,CNG,28.48,19.6,4,1260,22.0,5.58,37.0,89.0,0.00,0.00,13.8,6.4,32.0,-1.38,ARMED,,17.6
1791265683560,28.637194,77.435935,32.0,CNG,31.22,18.4,4,1240,22.0,3.30,37.0,89.0,0.00,0.00,13.8,4.8,31.6,-1.16,ARMED,,15.3
1791265684440,28.637212,77.435845,32.0,CNG,30.81,18.4,4,1252,27.8,4.03,39.0,89.0,-1.56,-3.13,13.6,4.8,31.6,-0.81,ARMED,,15.7
1791265684918,28.637228,77.435757,32.0,CNG,35.28,14.9,4,1207,27.8,2.68,39.0,89.0,-1.56,-3.13,13.6,0.0,31.1,-0.76,ARMED,,14.1
1791265685464,28.637228,77.435757,31.0,CNG,38.52,14.9,4,1197,27.8,2.62,39.0,89.0,-1.56,-3.13,13.8,0.0,30.8,-0.73,ARMED,,14.5
1791265686380,28.637249,77.435670,30.0,CNG,38.63,14.9,4,1165,22.4,2.94,31.0,89.0,0.00,0.00,13.8,0.0,30.3,-0.78,ARMED,,14.1
1791265686896,28.637265,77.435586,29.0,CNG,19.18,27.1,4,1173,22.4,10.41,31.0,89.0,0.00,0.00,13.3,16.6,30.0,-0.52,ARMED,,20.8
1791265687383,28.637265,77.435586,29.0,CNG,15.93,26.7,4,1155,22.4,8.76,31.0,89.0,0.00,0.00,13.3,16.1,29.8,-0.52,ARMED,,21.6
1791265688286,28.637279,77.435505,30.0,CNG,14.69,25.5,4,1165,67.8,8.66,72.0,89.0,-3.91,-2.34,13.6,14.4,29.7,-0.37,ARMED,,21.6
1791265688774,28.637279,77.435505,31.0,CNG,14.92,19.2,4,1221,67.8,7.72,72.0,89.0,-3.91,-2.34,13.6,5.9,30.8,0.40,ARMED,,19.6
1791265689301,28.637295,77.435418,32.0,CNG,21.70,14.9,4,1173,67.8,1.99,72.0,89.0,-3.91,-2.34,13.2,0.0,30.6,0.20,ARMED,,12.5
1791265690355,28.637313,77.435329,32.0,CNG,17.14,26.3,,770,58.0,9.27,60.0,89.0,-0.78,-2.34,13.8,15.5,32.0,0.00,ARMED,,20.4
1791265690916,28.637330,77.435238,32.0,CNG,14.93,25.5,3,1660,58.0,9.70,60.0,89.0,-0.78,-2.34,13.9,14.4,32.0,0.00,ARMED,,20.8
1791265691413,28.637330,77.435238,33.0,CNG,16.40,14.9,3,1701,58.0,6.56,60.0,89.0,-0.78,-2.34,13.9,0.0,32.5,0.30,ARMED,,18.8
1791265692373,28.637347,77.435145,33.0,CNG,17.79,22.4,3,1715,31.4,6.18,45.0,89.0,-1.56,-3.13,13.7,10.2,32.8,0.35,ARMED,,18.0
1791265692909,28.637367,77.435054,34.0,CNG,19.09,22.4,3,1739,31.4,6.06,45.0,89.0,-1.56,-3.13,13.7,10.2,33.7,0.68,ARMED,,18.4
1791265693427,28.637367,77.435054,34.0,CNG,19.77,22.7,3,1767,31.4,6.20,45.0,89.0,-1.56,-3.13,13.8,10.7,34.3,0.81,ARMED,,18.4
1791265694297,28.637385,77.434962,35.0,CNG,20.54,22.7,3,1790,32.9,6.12,50.0,89.0,0.00,-3.13,13.8,10.7,34.9,0.84,ARMED,,18.4
1791265694854,28.637408,77.434871,35.0,CNG,18.92,22.7,3,1822,32.9,7.84,50.0,89.0,0.00,-3.13,13.8,10.7,35.6,0.84,ARMED,,19.2
1791265695402,28.637408,77.434871,36.0,CNG,18.31,22.4,3,1820,32.9,7.82,50.0,89.0,0.00,-3.13,13.8,10.2,35.8,0.70,ARMED,,19.6
1791265696321,28.637433,77.434775,36.0,CNG,17.81,22.4,3,1856,38.4,8.00,50.0,89.0,0.78,-3.13,13.6,10.2,36.2,0.71,ARMED,,19.6
1791265696886,28.637459,77.434679,36.0,CNG,18.09,21.6,3,1850,38.4,7.39,50.0,89.0,0.78,-3.13,13.6,9.1,36.4,0.39,ARMED,,19.2
1791265697451,28.637459,77.434679,36.0,CNG,18.71,14.9,3,1880,38.4,6.94,50.0,89.0,0.78,-3.13,13.8,0.0,36.6,0.41,ARMED,,18.8
1791265698321,28.637480,77.434584,36.0,CNG,21.10,18.4,3,1867,23.5,5.25,30.0,89.0,1.56,-3.91,13.8,4.8,36.6,0.28,ARMED,,17.6
1791265698870,28.637501,77.434486,36.0,CNG,24.18,14.9,3,1820,23.5,4.43,30.0,89.0,1.56,-3.91,13.7,0.0,36.0,-0.23,ARMED,,16.1
1791265699436,28.637501,77.434486,35.0,CNG,26.69,20.0,3,1778,23.5,4.19,30.0,89.0,1.56,-3.91,13.7,7.0,35.3,-0.57,ARMED,,16.5
1791265700403,28.637522,77.434391,34.0,CNG,29.11,14.9,3,1725,20.4,3.81,32.0,89.0,0.00,0.00,13.6,0.0,34.4,-0.94,ARMED,,15.7
1791265700891,28.637547,77.434303,33.0,CNG,31.06,18.0,3,1707,20.4,3.61,32.0,89.0,0.00,0.00,13.6,4.3,33.4,-0.97,ARMED,,15.7
1791265701469,28.637547,77.434303,33.0,CNG,33.88,14.9,3,1664,20.4,3.18,32.0,89.0,0.00,0.00,13.7,0.0,32.7,-1.02,ARMED,,15.7
1791265702323,28.637568,77.434215,32.0,CNG,32.59,14.9,3,1622,19.6,3.96,32.0,89.0,0.00,0.00,13.7,0.0,31.9,-1.14,ARMED,,15.7
1791265702831,28.637568,77.434215,31.0,CNG,27.20,22.4,3,1618,19.6,5.48,32.0,89.0,0.00,0.00,13.8,10.2,31.3,-0.91,ARMED,,17.6
1791265703355,28.637586,77.434135,31.0,CNG,22.98,22.4,3,1576,19.6,6.37,32.0,89.0,0.00,0.00,13.8,10.2,30.8,-0.93,ARMED,,18.4
1791265704280,28.637607,77.434051,31.0,CNG,20.64,22.4,3,1601,35.3,6.60,46.0,89.0,-1.56,-3.13,13.7,10.2,30.8,-0.66,ARMED,,18.4
1791265704788,28.637607,77.434051,32.0,CNG,19.93,22.4,3,1631,35.3,6.42,46.0,89.0,-1.56,-3.13,13.7,10.2,31.3,-0.01,ARMED,,18.4
1791265705292,28.637625,77.433965,32.0,CNG,19.41,22.0,3,1659,35.3,6.51,46.0,89.0,-1.56,-3.13,13.7,9.6,31.8,0.28,ARMED,,18.4
1791265706153,28.637642,77.433876,33.0,CNG,20.08,21.6,3,1682,29.4,5.94,33.0,89.0,1.56,-3.91,13.7,9.1,32.4,0.54,ARMED,,17.6
1791265706737,28.637642,77.433876,33.0,CNG,24.97,14.9,3,1686,29.4,3.23,33.0,89.0,1.56,-3.91,13.8,0.0,32.9,0.55,ARMED,,15.7
1791265707265,28.637659,77.433781,33.0,CNG,29.11,19.6,3,1654,29.4,3.25,33.0,89.0,1.56,-3.91,13.8,6.4,32.8,0.29,ARMED,,15.7
1791265708149,28.637680,77.433693,33.0,CNG,30.18,20.4,3,1677,20.8,3.93,39.0,89.0,0.00,-3.91,13.8,7.5,32.8,0.27,ARMED,,15.7
1791265708649,28.637680,77.433693,33.0,CNG,28.79,21.2,3,1687,20.8,4.66,39.0,89.0,0.00,-3.91,13.8,8.6,33.0,0.25,ARMED,,17.3
1791265709172,28.637696,77.433603,33.0,CNG,24.49,21.2,3,1694,20.8,6.27,39.0,89.0,0.00,-3.91,13.8,8.6,33.1,0.25,ARMED,,18.0
1791265710176,28.637711,77.433512,33.0,CNG,21.91,21.2,3,1699,33.7,6.63,46.0,89.0,0.00,-3.13,13.6,8.6,33.2,0.24,CANDIDATE,33.2,18.4
1791265710708,28.637711,77.433512,34.0,CNG,19.95,22.0,3,1737,33.7,7.32,46.0,89.0,0.00,-3.13,13.8,9.6,33.8,0.43,ARMED,,18.8
1791265711215,28.637730,77.433420,34.0,CNG,18.77,23.5,3,1751,33.7,7.49,46.0,89.0,0.00,-3.13,13.8,11.8,34.1,0.45,ARMED,,19.2
1791265712148,28.637753,77.433322,34.0,CNG,17.73,22.0,3,1734,41.2,7.89,48.0,89.0,-1.56,-3.13,13.6,9.6,34.1,0.31,ARMED,,20.0
1791265712667,28.637753,77.433322,35.0,CNG,18.39,21.6,3,1783,41.2,6.85,48.0,89.0,-1.56,-3.13,13.6,9.1,34.7,0.48,ARMED,,19.2
1791265713177,28.637771,77.433227,35.0,CNG,17.94,22.4,3,1822,41.2,7.68,48.0,89.0,-1.56,-3.13,13.8,10.2,35.2,0.66,ARMED,,19.6
1791265714114,28.637790,77.433131,36.0,CNG,17.27,22.4,3,1826,39.6,8.35,51.0,89.0,0.78,-3.13,13.8,10.2,35.6,0.68,ARMED,,19.6
1791265714627,28.637790,77.433131,36.0,CNG,17.03,22.4,3,1863,39.6,8.20,51.0,89.0,0.78,-3.13,13.5,10.2,36.3,0.70,ARMED,,19.6
1791265715189,28.637809,77.433030,37.0,CNG,17.13,22.4,3,1910,39.6,8.15,51.0,89.0,0.78,-3.13,13.5,10.2,37.0,0.87,ARMED,,19.6
1791265716105,28.637831,77.432929,37.0,CNG,17.26,22.4,3,1914,37.6,8.06,50.0,89.0,0.00,-3.13,13.6,10.2,37.4,0.85,ARMED,,19.6
1791265716652,28.637831,77.432929,38.0,CNG,17.35,22.4,3,1960,37.6,8.26,50.0,89.0,0.00,-3.13,13.6,10.2,38.2,0.86,ARMED,,20.0
1791265717169,28.637850,77.432824,38.0,CNG,19.23,22.4,3,1987,37.6,6.33,50.0,89.0,0.00,-3.13,13.8,10.2,38.7,0.86,ARMED,,18.8
1791265718084,28.637872,77.432720,39.0,CNG,20.33,22.4,3,1967,28.2,6.69,42.0,89.0,0.78,-3.91,13.8,10.2,38.8,0.63,ARMED,,18.4
1791265718602,28.637872,77.432720,39.0,CNG,20.89,22.4,3,2027,28.2,6.81,42.0,89.0,0.78,-3.91,13.7,10.2,39.5,0.66,ARMED,,18.4
1791265719091,28.637895,77.432612,39.0,CNG,21.18,22.4,3,2017,28.2,6.86,42.0,89.0,0.78,-3.91,13.7,10.2,39.6,0.52,ARMED,,18.4
1791265719995,28.637919,77.432501,40.0,CNG,21.65,22.0,3,2061,26.7,6.80,32.0,89.0,0.00,0.00,13.8,9.6,40.0,0.57,ARMED,,18.4
1791265720494,28.637919,77.432501,40.0,CNG,28.27,20.8,4,1572,26.7,2.96,32.0,89.0,0.00,0.00,13.8,8.0,40.0,0.00,ARMED,,15.3
1791265721056,28.637944,77.432391,40.0,CNG,29.53,21.2,4,1578,26.7,4.81,32.0,89.0,0.00,0.00,13.7,8.6,40.0,0.00,ARMED,,16.9
1791265721987,28.637970,77.432282,40.0,CNG,30.14,21.6,4,1561,30.2,4.89,41.0,89.0,1.56,-3.13,13.7,9.1,40.0,0.00,ARMED,,17.6
1791265722490,28.637970,77.432282,41.0,CNG,28.85,21.6,4,1570,30.2,5.74,41.0,89.0,1.56,-3.13,13.8,9.1,40.7,0.38,ARMED,,17.6
1791265722980,28.637995,77.432172,41.0,CNG,29.03,21.6,4,1590,30.2,5.32,41.0,89.0,1.56,-3.13,13.8,9.1,40.9,0.40,ARMED,,17.6
1791265723902,28.638023,77.432060,41.0,CNG,29.66,21.6,4,1600,34.5,5.09,46.0,89.0,0.78,-3.13,13.8,9.1,41.2,0.42,ARMED,,17.6
1791265724390,28.638023,77.432060,42.0,CNG,26.41,21.6,4,1606,34.5,7.01,46.0,89.0,0.78,-3.13,13.8,9.1,41.5,0.40,ARMED,,18.8
1791265724903,28.638051,77.431949,42.0,CNG,25.37,21.6,4,1620,34.5,6.66,46.0,89.0,0.78,-3.13,13.7,9.1,41.7,0.42,ARMED,,19.2
1791265725858,28.638081,77.431834,42.0,CNG,23.65,21.6,4,1641,38.8,7.43,50.0,89.0,-0.78,-3.13,13.7,9.1,42.1,0.47,ARMED,,19.2
1791265726418,28.638081,77.431834,42.0,CNG,22.66,21.6,4,1643,38.8,7.49,50.0,89.0,-0.78,-3.13,13.8,9.1,42.4,0.43,ARMED,,19.2
1791265726897,28.638111,77.431723,43.0,CNG,22.89,22.0,4,1650,38.8,7.04,50.0,89.0,-0.78,-3.13,13.8,9.6,42.6,0.41,ARMED,,19.2
1791265727842,28.638111,77.431723,43.0,CNG,22.34,22.0,4,1673,39.6,7.58,51.0,89.0,0.78,-3.13,13.8,9.6,43.0,0.46,ARMED,,19.2
1791265728342,28.638142,77.431606,44.0,CNG,22.18,22.0,4,1683,39.6,7.62,51.0,89.0,0.78,-3.13,13.8,9.6,43.4,0.47,ARMED,,19.2
1791265728876,28.638174,77.431488,44.0,CNG,22.83,22.0,4,1702,39.6,7.01,51.0,89.0,0.78,-3.13,13.7,9.6,43.8,0.50,ARMED,,19.2
1791265729871,28.638206,77.431369,44.0,CNG,22.34,22.0,4,1713,38.4,7.73,51.0,90.0,0.00,-3.13,13.8,9.6,44.1,0.53,ARMED,,19.2
1791265730401,28.638206,77.431369,45.0,CNG,23.07,22.0,4,1746,38.4,7.06,51.0,90.0,0.00,-3.13,13.6,9.6,44.9,0.61,ARMED,,19.2
1791265730935,28.638238,77.431247,45.0,CNG,24.78,22.0,4,1751,38.4,6.15,51.0,90.0,0.00,-3.13,13.6,9.6,45.2,0.59,ARMED,,18.0
1791265731909,28.638268,77.431124,45.0,CNG,25.97,22.0,4,1749,29.8,6.12,43.0,90.0,1.56,-3.91,13.8,9.6,45.3,0.47,ARMED,,18.0
1791265732396,28.638268,77.431124,46.0,CNG,27.30,22.7,4,1780,29.8,5.93,43.0,90.0,1.56,-3.91,13.8,10.7,45.9,0.50,ARMED,,18.4
1791265732922,28.638302,77.430999,46.0,CNG,25.46,23.9,4,1785,29.8,7.55,43.0,90.0,1.56,-3.91,13.7,12.3,46.1,0.49,ARMED,,19.2
1791265733833,28.638302,77.430999,46.0,CNG,24.82,23.9,4,1805,39.2,7.31,51.0,90.0,0.78,-3.13,13.7,12.3,46.5,0.52,ARMED,,19.6
1791265734387,28.638335,77.430872,47.0,CNG,23.93,23.9,4,1816,39.2,7.86,51.0,90.0,0.78,-3.13,13.8,12.3,46.9,0.50,ARMED,,19.2
1791265734923,28.638366,77.430741,47.0,CNG,23.74,23.9,4,1849,39.2,7.62,51.0,90.0,0.78,-3.13,13.8,12.3,47.4,0.66,ARMED,,19.6
1791265735829,28.638366,77.430741,48.0,CNG,23.99,23.9,4,1870,38.0,7.49,52.0,90.0,1.56,-3.13,13.8,12.3,48.0,0.78,ARMED,,19.6
1791265736336,28.638396,77.430609,48.0,CNG,23.54,23.9,4,1881,38.0,7.97,52.0,90.0,1.56,-3.13,13.8,12.3,48.5,0.74,ARMED,,19.6
1791265736903,28.638427,77.430476,49.0,CNG,24.06,23.9,4,1909,38.0,7.49,52.0,90.0,1.56,-3.13,13.8,12.3,49.0,0.78,ARMED,,19.6
1791265737816,28.638427,77.430476,49.0,CNG,22.41,23.9,4,1897,43.1,9.16,54.0,90.0,3.91,-3.13,13.8,12.3,49.2,0.59,ARMED,,20.8
1791265738341,28.638457,77.430340,49.0,CNG,21.45,23.9,4,1913,43.1,9.24,54.0,90.0,3.91,-3.13,13.8,12.3,49.4,0.43,ARMED,,20.4
1791265738837,28.638457,77.430340,49.0,CNG,20.51,23.9,4,1919,43.1,9.68,54.0,90.0,3.91,-3.13,13.8,12.3,49.5,0.39,ARMED,,20.4
1791265739787,28.638485,77.430205,50.0,CNG,19.98,23.9,4,1932,45.1,9.87,55.0,90.0,0.00,-3.13,13.6,12.3,49.7,0.40,ARMED,,20.4
1791265740309,28.638513,77.430069,50.0,CNG,20.30,23.9,4,1942,45.1,9.15,55.0,90.0,0.00,-3.13,13.6,12.3,50.0,0.38,ARMED,,20.4
1791265740827,28.638513,77.430069,50.0,CNG,20.47,23.9,4,1931,45.1,9.17,55.0,90.0,0.00,-3.13,13.7,12.3,50.0,0.24,ARMED,,20.4
1791265741826,28.638543,77.429931,50.0,CNG,20.60,23.9,4,1931,45.1,9.14,54.0,90.0,0.00,-3.13,13.7,12.3,49.9,0.18,CANDIDATE,49.9,20.8
1791265742491,28.638571,77.429796,50.0,CNG,20.00,23.9,4,1948,45.1,9.92,54.0,90.0,0.00,-3.13,13.7,12.3,50.1,0.19,LOCKED,50.1,20.8
1791265742984,28.638598,77.429660,50.0,CNG,20.44,23.9,4,1927,45.1,9.00,54.0,90.0,0.00,-3.13,13.7,12.3,49.9,-0.02,LOCKED,50.1,20.4
1791265743895,28.638629,77.429531,50.0,CNG,19.85,23.9,4,1923,45.1,9.99,56.0,90.0,0.00,-3.13,13.7,12.3,49.8,-0.06,LOCKED,50.1,20.4
1791265744384,28.638629,77.429531,50.0,CNG,19.54,23.9,4,1929,45.1,9.96,56.0,90.0,0.00,-3.13,13.7,12.3,49.7,-0.06,LOCKED,50.1,20.8
1791265744939,28.638659,77.429401,50.0,CNG,20.99,23.9,4,1934,45.1,8.05,56.0,90.0,0.00,-3.13,13.9,12.3,49.8,-0.04,LOCKED,50.1,19.6
1791265745811,28.638659,77.429401,50.0,CNG,22.64,23.9,4,1930,36.9,7.41,50.0,90.0,0.00,-3.13,13.9,12.3,49.8,-0.03,LOCKED,50.1,19.6
1791265746342,28.638686,77.429265,50.0,CNG,22.91,23.9,4,1945,36.9,8.15,50.0,90.0,0.00,-3.13,13.6,12.3,50.0,0.13,LOCKED,50.1,19.6
1791265746880,28.638713,77.429128,50.0,CNG,23.40,23.9,4,1929,36.9,7.86,50.0,90.0,0.00,-3.13,13.6,12.3,49.9,0.08,LOCKED,50.1,19.6
1791265747769,28.638713,77.429128,50.0,CNG,23.42,23.9,4,1941,37.3,8.11,51.0,90.0,0.00,-3.13,13.8,12.3,50.0,0.09,LOCKED,50.1,19.6
1791265748282,28.638740,77.428990,50.0,CNG,23.31,23.9,4,1926,37.3,8.21,51.0,90.0,0.00,-3.13,13.8,12.3,49.8,-0.06,LOCKED,50.1,19.6
1791265748801,28.638740,77.428990,50.0,CNG,23.35,23.9,4,1948,37.3,8.12,51.0,90.0,0.00,-3.13,13.8,12.3,50.0,0.07,LOCKED,50.1,19.6
1791265749797,28.638767,77.428855,50.0,CNG,24.06,23.9,4,1945,36.9,7.54,51.0,90.0,0.78,-3.13,13.8,12.3,50.1,0.08,LOCKED,50.1,19.6
1791265750333,28.638793,77.428717,50.0,CNG,23.86,23.9,4,1945,36.9,8.07,51.0,90.0,0.78,-3.13,13.7,12.3,50.2,0.08,LOCKED,50.1,19.6
1791265750852,28.638821,77.428576,50.0,CNG,24.25,23.9,4,1963,36.9,7.65,51.0,90.0,0.78,-3.13,13.7,12.3,50.4,0.20,LOCKED,50.1,19.6
1791265751774,28.638821,77.428576,51.0,CNG,23.04,23.9,4,1958,42.7,9.03,56.0,90.0,2.34,-3.13,13.5,12.3,50.5,0.19,LOCKED,50.1,20.4
1791265752288,28.638851,77.428438,51.0,CNG,21.49,23.9,4,1965,42.7,9.93,56.0,90.0,2.34,-3.13,13.5,12.3,50.7,0.20,LOCKED,50.1,20.8
1791265752820,28.638851,77.428438,51.0,CNG,20.54,23.9,4,1988,42.7,10.06,56.0,90.0,2.34,-3.13,13.7,12.3,51.0,0.33,LOCKED,50.1,20.4
1791265753749,28.638882,77.428296,51.0,CNG,19.98,23.9,4,1969,44.3,10.10,54.0,90.0,0.00,-3.13,13.7,12.3,51.0,0.21,LOCKED,50.1,20.8
1791265754257,28.638914,77.428154,51.0,CNG,19.84,23.9,4,1989,44.3,9.88,54.0,90.0,0.00,-3.13,13.7,12.3,51.2,0.23,LOCKED,50.1,20.8
1791265754756,28.638914,77.428154,52.0,CNG,20.31,23.9,4,2013,44.3,9.39,54.0,90.0,0.00,-3.13,13.7,12.3,51.6,0.39,LOCKED,50.1,20.8
1791265755652,28.638945,77.428013,52.0,CNG,20.04,23.9,4,2004,44.3,10.07,55.0,90.0,0.78,-3.13,13.7,12.3,51.8,0.37,LOCKED,50.1,20.8
1791265756142,28.638977,77.427872,52.0,CNG,19.27,24.3,4,2020,44.3,10.84,55.0,90.0,0.78,-3.13,13.7,12.8,52.1,0.37,LOCKED,50.1,20.8
1791265756707,28.638977,77.427872,52.0,CNG,19.63,23.9,4,2052,44.3,9.79,55.0,90.0,0.78,-3.13,13.7,12.3,52.6,0.54,LOCKED,50.1,20.8
1791265757607,28.639008,77.427728,53.0,CNG,20.13,24.3,4,2049,43.5,9.64,53.0,90.0,0.78,-3.13,13.7,12.8,52.8,0.54,LOCKED,50.1,20.8
1791265758150,28.639043,77.427581,53.0,CNG,21.71,23.9,4,2065,43.5,8.20,53.0,90.0,0.78,-3.13,13.7,12.3,53.3,0.52,LOCKED,50.1,19.6
1791265758646,28.639043,77.427581,54.0,CNG,22.54,24.3,4,2081,43.5,8.60,53.0,90.0,0.78,-3.13,13.7,12.8,53.6,0.53,LOCKED,50.1,19.6
1791265759582,28.639074,77.427434,54.0,CNG,22.80,24.3,4,2100,34.5,8.85,49.0,90.0,0.78,-3.91,13.9,12.8,54.0,0.57,LOCKED,50.1,20.0
1791265760092,28.639102,77.427285,55.0,CNG,22.66,24.3,4,2130,34.5,9.31,49.0,90.0,0.78,-3.91,13.9,12.8,54.8,0.73,LOCKED,50.1,20.0
1791265760620,28.639102,77.427285,55.0,CNG,23.25,14.9,4,2144,34.5,8.65,49.0,90.0,0.78,-3.91,13.8,0.0,55.2,0.74,LOCKED,50.1,20.0
1791265761519,28.639131,77.427133,56.0,CNG,29.38,23.1,4,2152,22.4,4.46,39.0,90.0,0.78,-4.69,13.8,11.2,55.5,0.73,LOCKED,50.1,16.9
1791265762148,28.639159,77.426981,56.0,CNG,28.57,23.1,4,2160,22.4,7.76,39.0,90.0,0.78,-4.69,13.9,11.2,55.9,0.54,LOCKED,50.1,19.2
1791265762642,28.639159,77.426981,56.0,CNG,28.09,23.1,4,2187,22.4,7.77,39.0,90.0,0.78,-4.69,13.9,11.2,56.3,0.57,LOCKED,50.1,19.2
1791265763524,28.639189,77.426827,57.0,CNG,28.61,23.1,4,2197,28.2,7.37,42.0,90.0,0.78,-3.91,13.6,11.2,56.6,0.58,LOCKED,50.1,19.2
1791265764007,28.639220,77.426673,57.0,CNG,29.64,23.1,4,2222,28.2,6.92,42.0,90.0,0.78,-3.91,13.6,11.2,57.2,0.61,LOCKED,50.1,18.8
1791265764561,28.639220,77.426673,58.0,CNG,29.56,23.1,4,2238,28.2,7.49,42.0,90.0,0.78,-3.91,13.6,11.2,57.6,0.63,LOCKED,50.1,18.8
1791265765462,28.639255,77.426514,58.0,CNG,27.11,23.1,4,2256,31.4,9.13,45.0,90.0,2.34,-3.91,13.6,11.2,58.1,0.66,LOCKED,50.1,20.0
1791265765976,28.639286,77.426346,59.0,CNG,26.61,22.7,4,2272,31.4,8.66,45.0,90.0,2.34,-3.91,13.7,10.7,58.6,0.65,LOCKED,50.1,20.0
1791265766464,28.639286,77.426346,59.0,CNG,26.02,22.7,4,2286,31.4,8.90,45.0,90.0,2.34,-3.91,13.7,10.7,59.0,0.66,LOCKED,50.1,20.0
1791265767380,28.639321,77.426185,59.0,CNG,25.25,22.7,4,2297,31.4,9.28,44.0,90.0,1.56,-3.13,13.6,10.7,59.3,0.65,LOCKED,50.1,20.0
1791265767884,28.639358,77.426016,60.0,CNG,29.18,14.9,4,2313,31.4,6.03,44.0,90.0,1.56,-3.13,13.6,0.0,59.7,0.61,LOCKED,50.1,18.0
1791265768442,28.639358,77.426016,60.0,CNG,30.22,21.6,4,2319,31.4,7.15,44.0,90.0,1.56,-3.13,13.7,9.1,59.9,0.58,LOCKED,50.1,19.2
1791265769569,28.639397,77.425849,60.0,CNG,30.75,21.6,4,2363,25.9,7.23,39.0,89.0,0.00,-3.91,13.7,9.1,60.6,0.78,ARMED,,19.2
1791265770090,28.639431,77.425681,61.0,CNG,33.68,20.4,4,2366,25.9,5.92,39.0,89.0,0.00,-3.91,13.7,7.5,61.1,0.60,ARMED,,18.0
1791265770580,28.639431,77.425681,61.0,CNG,37.40,18.8,4,2373,25.9,5.19,39.0,89.0,0.00,-3.91,13.7,5.4,61.3,0.56,ARMED,,17.6
1791265771495,28.639466,77.425514,61.0,CNG,38.76,18.4,4,2380,17.6,5.66,29.0,89.0,1.56,-4.69,13.8,4.8,61.5,0.52,ARMED,,17.3
1791265772020,28.639500,77.425346,61.0,CNG,40.91,17.3,4,2383,17.6,5.20,29.0,89.0,1.56,-4.69,13.8,3.2,61.6,0.32,ARMED,,17.3
1791265772545,28.639500,77.425346,61.0,CNG,42.07,17.3,4,2372,17.6,5.28,29.0,89.0,1.56,-4.69,13.7,3.2,61.4,0.14,ARMED,,17.3
1791265773446,28.639533,77.425176,61.0,CNG,42.11,17.3,4,2371,17.6,5.50,29.0,89.0,0.78,-4.69,13.7,3.2,61.3,0.01,ARMED,,17.3
1791265773971,28.639567,77.425012,61.0,CNG,44.36,17.3,4,2371,17.6,4.81,29.0,89.0,0.78,-4.69,13.8,3.2,61.2,-0.04,ARMED,,17.3
1791265774470,28.639567,77.425012,61.0,CNG,43.17,16.9,4,2359,17.6,5.59,29.0,89.0,0.78,-4.69,13.8,2.7,61.0,-0.09,CANDIDATE,61.0,17.3
1791265775482,28.639599,77.424852,61.0,CNG,44.33,16.5,4,2352,18.0,5.02,32.0,89.0,0.00,0.00,13.8,2.1,60.8,-0.13,LOCKED,60.8,17.3
1791265776023,28.639637,77.424682,60.0,CNG,44.22,16.5,4,2332,18.0,5.18,32.0,89.0,0.00,0.00,13.8,2.1,60.3,-0.35,LOCKED,60.8,17.3
1791265776572,28.639637,77.424682,60.0,CNG,44.77,16.5,4,2313,18.0,5.00,32.0,89.0,0.00,0.00,13.8,2.1,59.9,-0.48,LOCKED,60.8,17.3
1791265777432,28.639669,77.424518,59.0,CNG,45.24,16.5,4,2299,18.0,4.88,31.0,89.0,0.00,0.00,13.8,2.1,59.4,-0.53,LOCKED,60.8,17.3
1791265778001,28.639706,77.424357,59.0,CNG,43.06,16.9,4,2277,18.0,5.59,31.0,89.0,0.00,0.00,13.7,2.7,58.8,-0.58,LOCKED,60.8,17.3
1791265778477,28.639706,77.424357,58.0,CNG,42.35,18.0,4,2265,18.0,5.34,31.0,89.0,0.00,0.00,13.7,4.3,58.4,-0.59,LOCKED,60.8,17.3
1791265779388,28.639739,77.424198,58.0,CNG,44.12,18.0,4,2241,18.4,4.68,29.0,89.0,2.34,-4.69,13.5,4.3,58.0,-0.64,LOCKED,60.8,17.3
1791265779936,28.639770,77.424033,58.0,CNG,43.39,17.6,4,2232,18.4,5.21,29.0,88.0,2.34,-4.69,13.5,3.7,57.5,-0.61,LOCKED,60.8,17.3
1791265780448,28.639770,77.424033,57.0,CNG,44.86,14.9,4,2226,18.4,4.58,29.0,88.0,2.34,-4.69,13.7,0.0,57.3,-0.58,LOCKED,60.8,16.9
1791265781291,28.639800,77.423875,56.0,CNG,43.24,17.6,4,2204,18.0,5.20,30.0,88.0,0.00,0.00,13.7,3.7,56.9,-0.61,LOCKED,60.8,16.9
1791265781792,28.639800,77.423875,55.0,CNG,43.23,14.9,4,2160,18.0,4.84,30.0,88.0,0.00,0.00,13.7,0.0,55.9,-0.89,LOCKED,60.8,16.9
1791265782286,28.639825,77.423725,55.0,CNG,44.57,14.9,4,2134,18.0,4.47,30.0,88.0,0.00,0.00,13.7,0.0,55.2,-1.03,LOCKED,60.8,16.9
1791265783192,28.639850,77.423574,54.0,CNG,43.41,19.2,4,2143,20.4,4.92,32.0,88.0,0.00,-3.91,13.8,5.9,54.9,-0.90,LOCKED,60.8,17.3
1791265783711,28.639850,77.423574,54.0,CNG,43.34,19.2,4,2102,20.4,4.75,32.0,88.0,0.00,-3.91,13.8,5.9,54.1,-0.90,LOCKED,60.8,17.3
1791265784277,28.639875,77.423421,54.0,CNG,43.37,18.8,4,2070,20.4,4.73,32.0,88.0,0.00,-3.91,13.6,5.4,53.5,-0.94,LOCKED,60.8,16.9
1791265785164,28.639895,77.423273,53.0,CNG,42.49,19.2,4,2063,20.0,4.89,35.0,88.0,0.00,-3.91,13.6,5.9,53.0,-0.92,LOCKED,60.8,16.9
1791265785670,28.639895,77.423273,53.0,CNG,43.11,19.2,4,2032,20.0,4.57,35.0,88.0,0.00,-3.91,13.6,5.9,52.3,-0.89,LOCKED,60.8,17.3
1791265786207,28.639916,77.423127,53.0,CNG,42.27,17.6,4,2062,20.0,4.91,35.0,88.0,0.00,-3.91,13.6,3.7,52.5,-0.51,LOCKED,60.8,16.5
1791265787117,28.639938,77.422982,52.0,CNG,41.56,17.3,4,2024,20.4,4.88,32.0,88.0,0.00,0.00,13.8,3.2,52.2,-0.52,LOCKED,60.8,16.5
1791265787628,28.639938,77.422982,51.0,CNG,40.89,17.3,4,1993,20.4,4.86,32.0,88.0,0.00,0.00,13.8,3.2,51.4,-0.59,LOCKED,60.8,16.5
1791265788172,28.639959,77.422840,51.0,CNG,41.70,14.9,4,1981,20.4,4.51,32.0,88.0,0.00,0.00,13.7,0.0,51.1,-0.61,LOCKED,60.8,16.5
1791265789309,28.639982,77.422701,51.0,CNG,44.60,14.9,4,1960,19.2,3.89,32.0,88.0,0.00,0.00,13.8,0.0,50.6,-0.65,ARMED,,16.5
1791265789882,28.640005,77.422564,50.0,CNG,45.32,20.8,4,1928,19.2,4.09,32.0,88.0,0.00,0.00,13.8,8.0,49.7,-0.68,ARMED,,16.5
1791265790399,28.640005,77.422564,50.0,CNG,42.95,20.8,4,1928,19.2,4.78,32.0,88.0,0.00,0.00,13.8,8.0,49.5,-0.63,ARMED,,16.9
1791265791283,28.640030,77.422427,49.0,CNG,42.37,20.4,4,1927,20.4,4.49,31.0,88.0,3.13,-3.91,13.9,7.5,49.4,-0.51,ARMED,,16.9
1791265791789,28.640030,77.422427,49.0,CNG,41.28,17.3,4,1937,20.4,4.69,31.0,88.0,3.13,-3.91,13.9,3.2,49.5,-0.18,ARMED,,16.5
1791265792310,28.640055,77.422294,49.0,CNG,40.90,17.3,4,1887,20.4,4.62,31.0,88.0,3.13,-3.91,13.8,3.2,49.0,-0.43,ARMED,,16.5
1791265793246,28.640078,77.422161,49.0,CNG,43.83,14.9,4,1876,19.6,3.79,32.0,88.0,0.00,0.00,13.8,0.0,48.6,-0.57,ARMED,,16.5
1791265793771,28.640078,77.422161,48.0,CNG,42.21,14.9,4,1857,19.6,4.57,32.0,88.0,0.00,0.00,13.6,0.0,47.9,-0.61,ARMED,,16.1
1791265794265,28.640103,77.422030,47.0,CNG,41.16,14.9,4,1840,19.6,4.51,32.0,88.0,0.00,0.00,13.6,0.0,47.5,-0.64,ARMED,,16.1
1791265795162,28.640125,77.421902,46.0,CNG,40.42,14.9,4,1811,18.4,4.45,39.0,88.0,0.00,-3.91,13.6,0.0,46.9,-0.79,ARMED,,16.1
1791265795651,28.640125,77.421902,46.0,CNG,38.42,14.9,4,1780,18.4,4.90,39.0,88.0,0.00,-3.91,13.6,0.0,45.9,-0.87,ARMED,,16.9
1791265796180,28.640148,77.421776,45.0,CNG,41.61,14.9,4,1785,18.4,3.58,39.0,88.0,0.00,-3.91,13.7,0.0,45.7,-0.75,ARMED,,16.1
1791265797100,28.640171,77.421653,45.0,CNG,44.43,14.9,4,1745,19.6,3.45,33.0,88.0,0.00,0.00,13.7,0.0,45.1,-0.81,ARMED,,16.1
1791265797598,28.640171,77.421653,44.0,CNG,45.16,14.9,4,1704,19.6,3.61,33.0,88.0,0.00,0.00,13.7,0.0,44.0,-1.02,ARMED,,15.7
1791265798133,28.640192,77.421533,43.0,CNG,45.95,14.9,4,1679,19.6,3.46,33.0,88.0,0.00,0.00,13.7,0.0,43.3,-1.06,ARMED,,15.7
1791265799008,28.640215,77.421414,42.0,CNG,43.05,14.9,4,1633,19.6,4.08,32.0,88.0,0.00,0.00,13.8,0.0,42.4,-1.28,ARMED,,15.7
1791265799527,28.640215,77.421414,39.0,CNG,43.50,14.9,4,1514,19.6,3.35,32.0,88.0,0.00,0.00,13.8,0.0,39.7,-2.18,ARMED,,15.3
1791265800042,28.640234,77.421307,37.0,CNG,40.32,14.9,,1279,19.6,3.92,32.0,88.0,0.00,0.00,13.6,0.0,37.0,0.00,ARMED,,16.9
1791265800899,28.640250,77.421216,35.0,CNG,52.19,14.9,5,1131,24.3,1.27,31.0,88.0,0.00,-0.78,13.6,0.0,35.0,0.00,ARMED,,12.9
1791265801510,28.640250,77.421216,33.0,CNG,58.59,14.9,5,958,24.3,1.69,31.0,88.0,0.00,-0.78,13.7,0.0,33.6,-0.78,ARMED,,13.3
1791265801987,28.640265,77.421132,32.0,CNG,62.12,14.9,5,872,24.3,1.76,31.0,88.0,0.00,-0.78,13.7,0.0,32.6,-1.13,ARMED,,12.9
1791265802923,28.640284,77.421048,32.0,CNG,73.80,14.9,,772,22.0,1.15,31.0,88.0,0.00,-0.78,13.8,0.0,32.0,0.00,ARMED,,12.5
1791265803441,28.640284,77.421048,31.0,CNG,75.37,14.9,,708,22.0,1.51,31.0,88.0,0.00,-0.78,13.8,0.0,31.0,0.00,ARMED,,12.2
1791265803998,28.640297,77.420968,31.0,CNG,67.54,14.9,,668,22.0,2.03,31.0,88.0,0.00,-0.78,13.5,0.0,31.0,0.00,ARMED,,12.9
1791265804864,28.640320,77.420887,30.0,CNG,67.52,20.4,,681,38.4,1.69,40.0,88.0,-7.03,-3.13,13.5,7.5,30.0,0.00,ARMED,,12.5
1791265805414,28.640320,77.420887,30.0,CNG,41.07,20.8,3,1490,38.4,4.47,40.0,88.0,-7.03,-3.13,13.8,8.0,30.0,0.00,ARMED,,16.9
1791265805922,28.640332,77.420800,30.0,CNG,32.85,20.8,3,1534,38.4,4.54,40.0,88.0,-7.03,-3.13,13.8,8.0,30.0,0.00,ARMED,,16.9
1791265806808,28.640332,77.420800,30.0,CNG,28.75,20.8,3,1513,32.5,4.72,44.0,89.0,0.00,-3.13,13.7,8.0,30.0,0.00,ARMED,,16.9
1791265807303,28.640346,77.420716,30.0,CNG,23.74,20.4,3,1565,32.5,6.07,44.0,89.0,0.00,-3.13,13.7,7.5,30.0,0.00,ARMED,,18.0
1791265807829,28.640346,77.420716,30.0,CNG,23.33,20.0,3,1565,32.5,5.02,44.0,89.0,0.00,-3.13,13.6,7.0,30.0,0.00,ARMED,,17.6
1791265808895,28.640380,77.420548,31.0,CNG,22.55,20.0,3,1568,31.0,5.48,42.0,89.0,-2.34,-3.13,13.5,7.0,30.0,0.01,ARMED,,17.3
1791265809403,28.640380,77.420548,31.0,CNG,22.83,19.2,3,1583,31.0,5.07,42.0,89.0,-2.34,-3.13,13.7,5.9,30.3,0.09,ARMED,,16.9
1791265809933,28.640394,77.420462,31.0,CNG,26.64,14.9,3,1590,31.0,3.33,42.0,89.0,-2.34,-3.13,13.7,0.0,30.5,0.12,ARMED,,15.3
1791265810952,28.640394,77.420462,30.0,CNG,27.93,14.9,3,1561,19.6,3.78,30.0,89.0,0.00,0.00,13.6,0.0,30.3,-0.05,ARMED,,15.7
1791265811484,28.640409,77.420381,29.0,CNG,26.94,18.8,3,1519,19.6,4.32,30.0,89.0,0.00,0.00,13.6,5.4,29.5,-0.46,ARMED,,16.5
1791265812024,28.640424,77.420299,29.0,CNG,29.75,15.7,3,1480,19.6,3.11,30.0,89.0,0.00,0.00,13.8,1.1,28.9,-0.69,ARMED,,15.3
1791265812978,28.640437,77.420219,29.0,CNG,32.06,18.8,3,1462,22.0,3.03,34.0,89.0,0.00,-3.13,13.8,5.4,28.3,-0.75,ARMED,,15.3
1791265813481,28.640437,77.420219,28.0,CNG,33.89,15.3,3,1347,22.0,2.86,34.0,89.0,0.00,-3.13,13.8,0.5,26.5,-1.37,ARMED,,14.9
1791265813969,28.640449,77.420140,27.0,CNG,35.80,14.9,3,1376,22.0,2.61,34.0,89.0,0.00,-3.13,13.8,0.0,26.2,-1.16,ARMED,,14.9
1791265814833,28.640449,77.420140,26.0,CNG,33.02,14.9,3,1348,20.8,3.37,33.0,89.0,0.00,0.00,13.8,0.0,25.8,-1.05,ARMED,,14.9
1791265815345,28.640459,77.420071,25.0,CNG,31.32,14.9,3,1303,20.8,3.29,33.0,89.0,0.00,0.00,13.8,0.0,25.0,-1.00,ARMED,,14.5
1791265815877,28.640466,77.420005,25.0,CNG,32.29,14.9,3,1274,20.8,2.80,33.0,89.0,0.00,0.00,13.8,0.0,24.6,-0.99,ARMED,,14.5
1791265816751,28.640466,77.420005,24.0,CNG,31.22,17.3,3,1256,20.0,3.08,31.0,89.0,0.00,-3.13,13.8,3.2,24.1,-0.96,ARMED,,14.5
1791265817320,28.640484,77.419939,24.0,CNG,30.58,18.4,3,1216,20.0,3.08,31.0,89.0,0.00,-3.13,13.5,4.8,23.4,-0.92,ARMED,,14.5
1791265817860,28.640489,77.419876,24.0,CNG,33.47,18.4,3,1217,20.0,2.33,31.0,89.0,0.00,-3.13,13.5,4.8,23.2,-0.73,ARMED,,14.5
1791265818733,28.640489,77.419876,24.0,CNG,31.49,18.4,3,1224,21.6,3.16,32.0,89.0,-0.78,-3.13,13.9,4.8,23.2,-0.50,ARMED,,14.5
1791265819243,28.640505,77.419806,24.0,CNG,31.05,18.4,3,1206,21.6,3.00,32.0,89.0,-0.78,-3.13,13.9,4.8,23.2,-0.28,ARMED,,14.5
1791265819776,28.640505,77.419806,23.0,CNG,30.45,18.4,3,1209,21.6,2.96,32.0,89.0,-0.78,-3.13,13.8,4.8,23.2,-0.23,ARMED,,14.5
1791265820638,28.640519,77.419741,23.0,CNG,31.27,18.4,3,1213,25.5,2.68,37.0,89.0,-2.34,-3.13,13.8,4.8,23.3,-0.17,ARMED,,15.3
1791265821206,28.640528,77.419680,23.0,CNG,30.61,18.4,3,1186,25.5,2.95,37.0,89.0,-2.34,-3.13,13.7,4.8,23.0,-0.21,ARMED,,15.7
1791265821709,28.640528,77.419680,23.0,CNG,22.82,20.8,3,1190,25.5,5.31,37.0,88.0,-2.34,-3.13,13.7,8.0,22.9,-0.19,ARMED,,17.6
1791265822648,28.640537,77.419617,23.0,CNG,19.48,20.8,3,1194,47.5,5.48,58.0,88.0,0.00,-3.13,13.7,8.0,23.0,-0.15,ARMED,,17.6
1791265823184,28.640549,77.419552,24.0,CNG,17.61,21.6,3,1228,47.5,5.90,58.0,89.0,0.00,-3.13,13.7,9.1,23.5,0.22,ARMED,,18.8
1791265823758,28.640549,77.419552,24.0,CNG,16.56,21.6,3,1248,47.5,5.99,58.0,89.0,0.00,-3.13,13.7,9.1,23.9,0.39,ARMED,,18.8
1791265824668,28.640559,77.419481,25.0,CNG,15.58,21.6,3,1288,49.0,6.62,58.0,89.0,-0.78,-3.13,13.7,9.1,24.5,0.64,ARMED,,18.8
1791265825218,28.640574,77.419411,26.0,CNG,16.30,20.8,3,1338,49.0,5.67,58.0,89.0,-0.78,-3.13,13.8,8.0,25.7,0.96,ARMED,,18.0
1791265825722,28.640574,77.419411,26.0,CNG,17.48,20.4,3,1356,49.0,5.07,58.0,89.0,-0.78,-3.13,13.8,7.5,26.2,0.97,ARMED,,17.6
1791265826654,28.640587,77.419337,27.0,CNG,18.77,20.4,3,1373,37.3,4.90,48.0,89.0,-1.56,-3.13,13.7,7.5,26.7,0.96,ARMED,,17.6
1791265827186,28.640605,77.419261,27.0,CNG,19.73,19.6,3,1403,37.3,4.82,48.0,89.0,-1.56,-3.13,13.7,6.4,27.3,0.88,ARMED,,17.3
1791265827732,28.640605,77.419261,27.0,CNG,23.40,19.6,3,1414,37.3,3.19,48.0,89.0,-1.56,-3.13,13.8,6.4,27.6,0.83,ARMED,,15.3
1791265828811,28.640621,77.419184,28.0,CNG,28.26,19.2,3,1422,20.4,2.65,32.0,89.0,0.78,-3.13,13.7,5.9,27.8,0.69,ARMED,,14.9
1791265829331,28.640637,77.419109,28.0,CNG,29.46,18.8,3,1419,20.4,3.39,32.0,89.0,0.78,-3.13,13.6,5.4,27.8,0.29,ARMED,,14.9
1791265829866,28.640649,77.419032,28.0,CNG,31.04,18.8,3,1435,20.4,3.16,32.0,89.0,0.78,-3.13,13.6,5.4,27.9,0.27,ARMED,,14.9
1791265830807,28.640649,77.419032,28.0,CNG,32.53,18.8,3,1433,20.4,3.04,31.0,89.0,0.00,-3.13,13.9,5.4,27.9,0.24,ARMED,,15.3
1791265831346,28.640664,77.418956,28.0,CNG,33.03,18.8,3,1446,20.4,3.15,31.0,89.0,0.00,-3.13,13.9,5.4,28.1,0.22,ARMED,,15.3
1791265831851,28.640679,77.418880,28.0,CNG,34.77,14.9,3,1418,20.4,2.82,31.0,89.0,0.00,-3.13,13.8,0.0,27.9,0.02,ARMED,,15.3
1791265832710,28.640679,77.418880,28.0,CNG,33.30,14.9,3,1410,20.4,3.40,32.0,89.0,0.00,0.00,13.8,0.0,27.7,-0.12,ARMED,,15.3
1791265833312,28.640694,77.418805,27.0,CNG,32.69,14.9,3,1352,20.4,3.23,32.0,89.0,0.00,0.00,13.8,0.0,26.7,-0.59,ARMED,,14.9
1791265833803,28.640694,77.418805,25.0,CNG,32.64,14.9,3,1260,20.4,2.92,32.0,89.0,0.00,0.00,13.8,0.0,25.4,-1.17,ARMED,,14.5
1791265834699,28.640707,77.418738,23.0,CNG,34.77,14.9,3,1144,27.1,2.23,36.0,89.0,0.00,-0.78,13.4,0.0,23.6,-1.88,ARMED,,14.1
1791265835196,28.640716,77.418681,19.0,CNG,31.79,14.9,,839,27.1,2.66,36.0,89.0,0.00,-0.78,13.4,0.0,19.0,0.00,ARMED,,14.5
1791265835717,28.640716,77.418681,18.0,CNG,27.10,14.9,,794,27.1,3.23,36.0,89.0,0.00,-0.78,13.6,0.0,18.0,0.00,ARMED,,14.5
1791265836668,28.640724,77.418634,17.0,CNG,23.56,14.9,3,810,38.0,3.40,48.0,89.0,-2.34,-0.78,13.6,0.0,17.0,0.00,ARMED,,14.9
1791265837170,28.640731,77.418587,17.0,CNG,24.09,14.9,3,817,38.0,2.58,48.0,89.0,-2.34,-0.78,13.6,0.0,17.0,0.00,ARMED,,15.3
1791265837686,28.640731,77.418587,17.0,CNG,24.81,14.9,3,824,38.0,2.48,48.0,89.0,-2.34,-0.78,13.6,0.0,17.0,0.00,ARMED,,15.3
1791265838672,28.640740,77.418540,17.0,CNG,25.44,14.9,3,825,38.4,2.44,48.0,89.0,-3.13,-0.78,13.6,0.0,17.0,0.00,ARMED,,15.3
1791265839164,28.640747,77.418497,16.0,CNG,21.47,14.9,3,838,38.4,3.56,48.0,89.0,-3.13,-0.78,13.6,0.0,17.1,0.04,ARMED,,15.3
1791265839745,28.640747,77.418497,16.0,CNG,22.36,14.9,3,827,38.4,2.54,48.0,89.0,-3.13,-0.78,13.7,0.0,17.0,0.00,ARMED,,14.9
1791265840627,28.640753,77.418453,16.0,CNG,23.24,14.9,3,834,37.6,2.46,48.0,89.0,-1.56,-0.78,13.7,0.0,17.0,0.00,ARMED,,15.3
1791265841188,28.640762,77.418407,16.0,CNG,23.59,14.9,3,830,37.6,2.52,48.0,89.0,-1.56,-0.78,13.6,0.0,16.9,-0.02,ARMED,,14.9
1791265841709,28.640762,77.418407,16.0,CNG,24.18,14.9,3,830,37.6,2.42,48.0,90.0,-1.56,-0.78,13.6,0.0,16.9,-0.03,ARMED,,15.3
1791265842666,28.640769,77.418363,16.0,CNG,21.24,14.9,3,831,37.6,3.39,46.0,90.0,-0.78,-1.56,13.3,0.0,16.9,-0.04,ARMED,,14.9
1791265843181,28.640776,77.418318,17.0,CNG,22.67,14.9,3,831,37.6,2.58,46.0,90.0,-0.78,-1.56,13.3,0.0,16.8,-0.03,ARMED,,14.9
1791265843712,28.640776,77.418318,17.0,CNG,22.07,14.9,3,828,37.6,3.04,46.0,90.0,-0.78,-1.56,13.5,0.0,16.8,-0.04,ARMED,,14.9
1791265844646,28.640782,77.418272,17.0,CNG,23.88,14.9,3,829,37.6,2.38,40.0,90.0,-0.78,-1.56,13.5,0.0,16.8,-0.03,ARMED,,14.9
1791265845163,28.640789,77.418225,17.0,CNG,28.64,14.9,3,783,37.6,1.59,40.0,90.0,-0.78,-1.56,13.7,0.0,16.3,-0.33,ARMED,,12.9
1791265845686,28.640789,77.418225,17.0,CNG,30.82,14.9,,758,37.6,1.86,40.0,90.0,-0.78,-1.56,13.7,0.0,17.0,0.00,ARMED,,12.9
1791265846636,28.640796,77.418177,18.0,CNG,38.17,14.9,4,788,22.4,1.19,32.0,90.0,10.94,-1.56,13.7,0.0,18.0,0.00,ARMED,,12.9
1791265847240,28.640802,77.418128,18.0,CNG,47.52,14.9,4,761,22.4,0.93,32.0,90.0,10.94,-1.56,13.7,0.0,18.0,0.00,ARMED,,12.5
1791265847750,28.640802,77.418128,18.0,CNG,42.40,14.9,4,736,22.4,1.87,32.0,90.0,10.94,-1.56,13.5,0.0,18.0,0.00,ARMED,,12.5
1791265848843,28.640809,77.418077,18.0,CNG,37.98,14.9,4,726,22.0,2.08,31.0,90.0,0.78,0.00,13.6,0.0,18.0,0.00,ARMED,,12.5
1791265849406,28.640815,77.418026,18.0,CNG,26.27,19.2,3,929,22.0,3.80,31.0,90.0,0.78,0.00,13.7,5.9,18.0,0.00,ARMED,,15.7
1791265849954,28.640823,77.417976,19.0,CNG,22.57,20.8,3,955,22.0,3.84,31.0,90.0,0.78,0.00,13.7,8.0,18.5,0.30,ARMED,,16.1
1791265850825,28.640823,77.417976,19.0,CNG,18.59,20.8,3,983,55.3,4.88,62.0,90.0,-0.78,-3.13,13.5,8.0,18.8,0.35,ARMED,,17.6
1791265851318,28.640830,77.417923,20.0,CNG,18.35,20.0,3,1031,55.3,4.22,62.0,90.0,-0.78,-3.13,13.5,7.0,19.7,0.68,ARMED,,16.9
1791265851847,28.640830,77.417923,21.0,CNG,21.85,14.9,3,1065,55.3,2.70,62.0,90.0,-0.78,-3.13,13.6,0.0,20.5,0.95,ARMED,,13.7
1791265852748,28.640837,77.417866,21.0,CNG,22.06,19.6,,951,39.6,3.57,65.0,90.0,-3.13,-3.13,13.6,6.4,21.0,0.00,ARMED,,15.3
1791265853284,28.640845,77.417808,21.0,CNG,14.71,22.4,2,1499,39.6,8.06,65.0,90.0,-3.13,-3.13,13.5,10.2,21.0,0.00,ARMED,,19.6
1791265853781,28.640845,77.417808,21.0,CNG,13.65,20.0,2,1593,39.6,6.47,65.0,90.0,-3.13,-3.13,13.5,7.0,21.0,0.00,ARMED,,18.4
1791265854716,28.640854,77.417750,22.0,CNG,15.39,17.3,2,1606,23.5,4.45,30.0,90.0,-2.34,-3.91,13.6,3.2,21.5,0.28,ARMED,,16.9
1791265855265,28.640862,77.417690,21.0,CNG,17.74,18.0,2,1544,23.5,3.46,30.0,90.0,-2.34,-3.91,13.6,4.3,21.2,-0.01,ARMED,,15.7
1791265855782,28.640862,77.417690,21.0,CNG,18.60,17.6,2,1514,23.5,3.98,30.0,90.0,-2.34,-3.91,13.7,3.7,20.9,-0.18,ARMED,,15.7
1791265856644,28.640870,77.417629,21.0,CNG,20.55,17.6,2,1530,21.6,3.27,32.0,90.0,-3.13,-3.13,13.7,3.7,20.8,-0.18,ARMED,,15.7
1791265857189,28.640876,77.417570,20.0,CNG,20.32,19.2,2,1520,21.6,3.81,32.0,90.0,-3.13,-3.13,13.7,5.9,20.7,-0.18,ARMED,,15.7
1791265857699,28.640876,77.417570,20.0,CNG,20.16,20.4,2,1530,21.6,3.82,32.0,90.0,-3.13,-3.13,13.7,7.5,20.7,-0.15,ARMED,,16.1
1791265858652,28.640882,77.417516,21.0,CNG,19.50,20.4,2,1542,23.1,4.29,35.0,90.0,-3.91,-3.13,13.6,7.5,20.8,-0.10,ARMED,,16.1
1791265859155,28.640887,77.417458,21.0,CNG,20.27,20.0,2,1597,23.1,3.71,35.0,90.0,-3.91,-3.13,13.6,7.0,21.3,0.27,ARMED,,16.1
1791265859678,28.640887,77.417458,22.0,CNG,20.10,20.0,2,1624,23.1,4.21,35.0,90.0,-3.91,-3.13,13.6,7.0,21.7,0.42,ARMED,,16.1
1791265860574,28.640893,77.417397,22.0,CNG,20.84,20.0,2,1642,21.2,3.80,33.0,89.0,-1.56,-3.91,13.6,7.0,22.1,0.47,ARMED,,16.1
1791265861177,28.640899,77.417335,23.0,CNG,22.29,20.0,2,1685,21.2,3.54,33.0,89.0,-1.56,-3.91,13.8,7.0,22.7,0.53,ARMED,,16.1
1791265861675,28.640899,77.417335,23.0,CNG,22.94,20.0,2,1722,21.2,3.65,33.0,89.0,-1.56,-3.91,13.8,7.0,23.2,0.57,ARMED,,16.1
1791265862550,28.640906,77.417269,23.0,CNG,23.40,20.0,2,1745,20.4,3.63,32.0,89.0,-0.78,-3.91,13.7,7.0,23.5,0.59,ARMED,,16.1
1791265863089,28.640912,77.417205,24.0,CNG,24.01,20.0,2,1754,20.4,3.66,32.0,89.0,-0.78,-3.91,13.7,7.0,23.8,0.53,ARMED,,16.1
1791265863592,28.640912,77.417205,24.0,CNG,22.65,20.0,2,1776,20.4,4.36,32.0,89.0,-0.78,-3.91,13.7,7.0,24.1,0.52,ARMED,,16.1
1791265864519,28.640916,77.417139,24.0,CNG,21.86,20.0,2,1794,24.7,4.39,38.0,89.0,2.34,-3.91,13.7,7.0,24.3,0.51,ARMED,,16.1
1791265865079,28.640922,77.417069,24.0,CNG,19.93,20.0,2,1795,24.7,5.18,38.0,89.0,2.34,-3.91,13.7,7.0,24.4,0.31,ARMED,,17.6
1791265865598,28.640922,77.417069,24.0,CNG,19.04,20.0,2,1808,24.7,5.11,38.0,88.0,2.34,-3.91,13.7,7.0,24.5,0.28,ARMED,,17.6
1791265866537,28.640928,77.417002,24.0,CNG,18.08,19.6,2,1810,26.3,5.43,38.0,88.0,-0.78,-3.91,13.6,6.4,24.5,0.25,ARMED,,17.3
1791265867056,28.640930,77.416934,24.0,CNG,18.87,17.6,2,1786,26.3,4.52,38.0,88.0,-0.78,-3.91,13.6,3.7,24.3,-0.01,ARMED,,16.1
1791265867566,28.640930,77.416934,24.0,CNG,21.08,14.9,2,1797,26.3,3.57,38.0,88.0,-0.78,-3.91,13.7,0.0,24.3,-0.02,ARMED,,16.1
1791265868740,28.640933,77.416868,23.0,CNG,22.27,19.2,2,1701,22.7,3.58,36.0,88.0,0.00,-3.91,13.7,5.9,23.6,-0.41,ARMED,,15.7
1791265869435,28.640932,77.416805,22.0,CNG,22.51,17.3,2,1658,22.7,3.65,36.0,88.0,0.00,-3.91,13.7,3.2,22.5,-0.72,ARMED,,16.1
1791265870121,28.640928,77.416743,21.0,CNG,22.53,14.9,2,1574,22.7,3.54,36.0,88.0,0.00,-3.91,13.7,0.0,21.5,-0.99,ARMED,,15.3
1791265871293,28.640932,77.416690,19.0,CNG,21.95,14.9,2,1422,20.4,3.44,31.0,88.0,0.00,0.00,13.7,0.0,19.9,-1.57,ARMED,,15.3
1791265871993,28.640937,77.416639,18.0,CNG,23.87,14.9,,1168,20.4,2.43,31.0,88.0,0.00,0.00,13.7,0.0,18.0,0.00,ARMED,,14.1
1791265872707,28.640937,77.416639,16.0,CNG,26.29,14.9,3,817,20.4,1.88,31.0,88.0,0.00,0.00,13.5,0.0,16.0,0.00,ARMED,,12.9
1791265873909,28.640945,77.416564,13.0,CNG,30.05,14.9,3,724,23.1,1.15,33.0,88.0,0.00,0.78,13.5,0.0,14.2,-1.04,ARMED,,12.5
1791265874586,28.640945,77.416564,7.0,CNG,26.77,14.9,,703,23.1,1.37,33.0,88.0,0.00,0.78,13.6,0.0,7.0,0.00,ARMED,,12.5
1791265875169,28.640948,77.416546,7.0,CNG,24.27,14.9,,693,23.1,1.37,33.0,88.0,0.00,0.78,13.6,0.0,7.0,0.00,ARMED,,12.2
1791265876435,28.640950,77.416526,7.0,CNG,18.36,14.9,,659,28.6,2.23,50.0,88.0,-7.03,-3.13,13.7,0.0,7.0,0.00,ARMED,,12.9
1791265877118,28.640950,77.416508,6.0,CNG,12.30,19.6,,985,28.6,3.23,50.0,88.0,-7.03,-3.13,13.7,6.4,6.0,0.00,ARMED,,14.5
1791265877808,28.640950,77.416508,7.0,CNG,8.84,19.6,1,1039,28.6,4.42,50.0,88.0,-7.03,-3.13,13.7,6.4,7.0,0.00,ARMED,,16.1
1791265878770,28.640952,77.416488,8.0,CNG,7.66,19.2,1,1169,36.1,4.72,44.0,88.0,-2.34,-3.13,13.7,5.9,7.5,0.31,ARMED,,16.9
1791265879291,28.640955,77.416466,8.0,CNG,7.71,19.2,1,1171,36.1,3.91,44.0,88.0,-2.34,-3.13,13.5,5.9,7.9,0.35,ARMED,,16.5
1791265879840,28.640959,77.416443,8.0,CNG,7.87,19.6,1,1191,36.1,3.74,44.0,88.0,-2.34,-3.13,13.5,6.4,8.1,0.33,ARMED,,15.7
1791265880833,28.640959,77.416443,8.0,CNG,7.23,19.6,1,1229,38.8,4.71,49.0,88.0,0.78,-3.13,13.6,6.4,8.3,0.33,ARMED,,16.9
1791265881352,28.640963,77.416419,9.0,CNG,7.65,18.8,1,1225,38.8,4.14,49.0,88.0,0.78,-3.13,13.6,5.4,8.4,0.28,ARMED,,16.5
1791265881869,28.640967,77.416395,9.0,CNG,7.50,19.6,1,1255,38.8,4.68,49.0,88.0,0.78,-3.13,13.5,6.4,8.5,0.28,ARMED,,16.9
1791265882754,28.640967,77.416395,9.0,CNG,7.66,19.6,1,1305,35.7,4.33,47.0,88.0,-1.56,-3.13,13.5,6.4,8.8,0.31,ARMED,,16.9
1791265883271,28.640971,77.416370,10.0,CNG,7.20,20.0,1,1406,35.7,5.70,47.0,88.0,-1.56,-3.13,13.7,7.0,9.4,0.54,ARMED,,17.6
1791265883760,28.640971,77.416370,10.0,CNG,6.97,20.4,1,1467,35.7,5.70,47.0,88.0,-1.56,-3.13,13.7,7.5,9.9,0.59,ARMED,,17.6
1791265884658,28.640975,77.416342,11.0,CNG,6.95,20.4,1,1534,34.1,6.03,45.0,88.0,0.78,-3.13,13.5,7.5,10.4,0.71,ARMED,,18.0
1791265885156,28.640978,77.416311,12.0,CNG,7.10,20.4,1,1691,34.1,6.26,45.0,89.0,0.78,-3.13,13.5,7.5,11.5,1.00,ARMED,,18.0
1791265885736,28.640978,77.416311,12.0,CNG,8.57,14.9,1,1746,34.1,3.82,45.0,89.0,0.78,-3.13,13.7,0.0,12.1,1.01,ARMED,,16.5
1791265886592,28.640981,77.416278,12.0,CNG,9.96,14.9,1,1475,22.7,3.53,49.0,89.0,0.00,-3.13,13.7,0.0,11.5,0.29,ARMED,,15.3
1791265887142,28.640983,77.416244,12.0,CNG,9.57,22.0,2,937,22.7,5.04,49.0,89.0,0.00,-3.13,13.5,9.6,12.0,0.00,ARMED,,17.6
1791265887636,28.640983,77.416244,13.0,CNG,10.01,22.0,2,974,22.7,4.63,49.0,89.0,0.00,-3.13,13.5,9.6,12.5,0.29,ARMED,,17.6
1791265888582,28.640985,77.416206,14.0,CNG,9.84,21.6,2,1035,50.6,5.53,57.0,89.0,-3.13,-3.13,13.6,9.1,13.3,0.68,ARMED,,17.6
1791265889107,28.640988,77.416165,15.0,CNG,10.54,21.6,2,1146,50.6,4.91,57.0,89.0,-3.13,-3.13,13.6,9.1,14.7,1.10,ARMED,,17.3
1791265889651,28.640988,77.416165,16.0,CNG,10.50,22.4,2,1182,50.6,5.82,57.0,89.0,-3.13,-3.13,13.7,10.2,15.6,1.32,ARMED,,17.6
1791265890678,28.640993,77.416120,17.0,CNG,10.53,22.4,2,1244,45.1,6.12,56.0,89.0,-2.34,-3.13,13.6,10.2,16.5,1.48,ARMED,,18.0
1791265891217,28.640997,77.416070,18.0,CNG,11.42,22.4,2,1358,45.1,5.33,56.0,89.0,-2.34,-3.13,13.5,10.2,18.3,1.53,ARMED,,18.0
1791265891714,28.640997,77.416070,19.0,CNG,10.55,22.4,2,1398,45.1,7.53,56.0,89.0,-2.34,-3.13,13.5,10.2,19.0,1.50,ARMED,,19.2
1791265892691,28.641001,77.416014,19.0,CNG,10.67,22.4,2,1427,46.3,6.66,52.0,89.0,0.78,-3.13,13.3,10.2,19.5,1.35,ARMED,,18.8
1791265893185,28.641006,77.415958,20.0,CNG,10.32,22.4,2,1519,46.3,7.70,52.0,89.0,0.78,-3.13,13.3,10.2,20.6,1.29,ARMED,,19.2
1791265893727,28.641006,77.415958,21.0,CNG,10.26,22.4,2,1546,46.3,7.85,52.0,89.0,0.78,-3.13,13.6,10.2,21.1,1.17,ARMED,,19.6
1791265894628,28.641011,77.415898,21.0,CNG,10.56,22.0,2,1590,44.3,7.25,51.0,90.0,0.78,-3.13,13.6,9.6,21.6,1.13,ARMED,,19.6
1791265895158,28.641017,77.415838,22.0,CNG,10.59,22.0,2,1642,44.3,7.86,51.0,90.0,0.78,-3.13,13.4,9.6,22.3,0.97,ARMED,,19.6
1791265895656,28.641017,77.415838,22.0,CNG,10.89,22.0,2,1676,44.3,7.37,51.0,90.0,0.78,-3.13,13.4,9.6,22.7,0.94,ARMED,,19.6
1791265896590,28.641023,77.415775,23.0,CNG,11.26,22.0,2,1711,42.0,7.40,52.0,90.0,1.56,-3.13,13.6,9.6,23.1,0.92,ARMED,,19.6
1791265897073,28.641026,77.415708,24.0,CNG,11.41,22.0,2,1763,42.0,7.85,52.0,90.0,1.56,-3.13,13.6,9.6,23.8,0.89,ARMED,,19.6
1791265897590,28.641026,77.415708,24.0,CNG,11.36,22.4,2,1800,42.0,8.08,52.0,90.0,1.56,-3.13,13.7,10.2,24.2,0.88,ARMED,,19.6
1791265898522,28.641028,77.415640,24.0,CNG,11.38,22.4,2,1829,39.2,8.00,52.0,90.0,1.56,-3.13,13.7,10.2,24.7,0.86,ARMED,,19.6
1791265899031,28.641030,77.415571,25.0,CNG,13.00,22.0,2,1871,39.2,5.84,52.0,90.0,1.56,-3.13,13.6,9.6,25.2,0.81,ARMED,,18.0
1791265899537,28.641030,77.415571,26.0,CNG,13.98,22.0,2,1905,39.2,6.33,52.0,90.0,1.56,-3.13,13.6,9.6,25.7,0.81,ARMED,,18.0
1791265900472,28.641036,77.415503,26.0,CNG,14.74,22.0,2,1939,29.0,6.18,42.0,90.0,2.34,-3.91,13.7,9.6,26.1,0.81,ARMED,,18.4
1791265900960,28.641035,77.415426,27.0,CNG,15.82,22.0,2,1991,29.0,5.82,42.0,90.0,2.34,-3.91,13.7,9.6,26.8,0.81,ARMED,,18.4
1791265901480,28.641035,77.415426,27.0,CNG,15.73,22.0,2,2012,29.0,6.58,42.0,90.0,2.34,-3.91,13.7,9.6,27.1,0.79,ARMED,,18.4
1791265902355,28.641034,77.415347,27.0,CNG,15.33,22.4,2,2029,27.8,6.95,40.0,90.0,0.78,-3.91,13.7,10.2,27.4,0.75,ARMED,,18.4
1791265902879,28.641034,77.415271,28.0,CNG,18.97,14.9,,1796,27.8,3.71,40.0,90.0,0.78,-3.91,13.6,0.0,28.0,0.00,ARMED,,16.1
1791265903385,28.641034,77.415271,27.0,CNG,16.67,22.7,3,1430,27.8,7.29,40.0,90.0,0.78,-3.91,13.6,10.7,27.0,0.00,ARMED,,19.2
1791265904294,28.641034,77.415193,28.0,CNG,16.58,22.7,3,1418,40.8,6.47,50.0,90.0,-0.78,-3.13,13.7,10.7,27.5,0.28,ARMED,,18.4
1791265904815,28.641034,77.415193,28.0,CNG,16.51,22.4,3,1470,40.8,6.49,50.0,90.0,-0.78,-3.13,13.7,10.2,27.9,0.34,ARMED,,18.4
1791265905326,28.641032,77.415111,29.0,CNG,17.02,22.0,3,1490,40.8,6.19,50.0,90.0,-0.78,-3.13,13.8,9.6,28.5,0.59,ARMED,,18.0
1791265906198,28.641034,77.415030,30.0,CNG,17.26,22.0,3,1520,40.4,6.48,46.0,90.0,-1.56,-3.13,13.8,9.6,29.4,0.94,ARMED,,18.8
1791265906796,28.641034,77.415030,30.0,CNG,17.40,21.2,3,1529,40.4,6.48,46.0,90.0,-1.56,-3.13,13.6,8.6,30.2,0.92,ARMED,,18.8
1791265907319,28.641035,77.414946,30.0,CNG,17.50,22.0,3,1539,40.4,6.46,46.0,90.0,-1.56,-3.13,13.6,9.6,30.5,0.87,ARMED,,18.8
1791265908229,28.641037,77.414863,30.0,CNG,16.14,22.0,3,1557,44.3,7.88,53.0,90.0,-0.78,-3.13,13.6,9.6,30.8,0.82,ARMED,,19.6
1791265908760,28.641037,77.414863,31.0,CNG,15.80,22.4,3,1591,44.3,7.69,53.0,90.0,-0.78,-3.13,13.6,10.2,31.4,0.77,ARMED,,20.0
1791265909284,28.641039,77.414776,31.0,CNG,15.20,22.7,3,1612,44.3,8.18,53.0,90.0,-0.78,-3.13,13.7,10.7,31.8,0.76,ARMED,,20.0
1791265910358,28.641040,77.414684,32.0,CNG,15.17,22.7,3,1635,46.7,8.05,54.0,90.0,0.78,-3.13,13.7,10.7,32.2,0.76,ARMED,,20.0
1791265910905,28.641041,77.414590,33.0,CNG,15.16,22.7,3,1700,46.7,8.28,54.0,90.0,0.78,-3.13,13.6,10.7,33.3,0.92,ARMED,,20.0
1791265911379,28.641041,77.414590,34.0,CNG,15.11,22.7,3,1717,46.7,8.60,54.0,90.0,0.78,-3.13,13.6,10.7,33.7,0.92,ARMED,,20.0
1791265912311,28.641040,77.414494,34.0,CNG,14.93,22.7,3,1749,43.9,8.81,54.0,90.0,0.00,-3.13,13.7,10.7,34.3,0.94,ARMED,,20.0
1791265912838,28.641041,77.414399,35.0,CNG,16.74,22.7,3,1777,43.9,6.58,54.0,90.0,0.00,-3.13,13.7,10.7,35.0,0.89,ARMED,,18.8
1791265913400,28.641041,77.414399,35.0,CNG,17.82,22.7,3,1803,43.9,6.76,54.0,90.0,0.00,-3.13,13.6,10.7,35.4,0.88,ARMED,,18.8
1791265914242,28.641036,77.414300,36.0,CNG,19.09,22.7,3,1833,32.9,6.44,46.0,90.0,-0.78,-3.13,13.6,10.7,35.9,0.90,ARMED,,18.8
1791265914749,28.641036,77.414300,36.0,CNG,20.08,22.7,3,1861,32.9,6.30,46.0,90.0,-0.78,-3.13,13.7,10.7,36.6,0.86,ARMED,,18.8
1791265915236,28.641031,77.414199,37.0,CNG,20.75,22.7,3,1869,32.9,6.46,46.0,90.0,-0.78,-3.13,13.7,10.7,36.9,0.81,ARMED,,18.8
1791265916149,28.641030,77.414094,37.0,CNG,21.44,22.7,3,1890,31.8,6.24,45.0,90.0,0.78,-3.13,13.7,10.7,37.2,0.78,ARMED,,18.8
1791265916661,28.641030,77.414094,38.0,CNG,21.80,22.7,3,1931,31.8,6.47,45.0,90.0,0.78,-3.13,13.7,10.7,37.9,0.78,ARMED,,18.8
1791265917192,28.641026,77.413990,38.0,CNG,25.24,14.9,3,1931,31.8,4.40,45.0,90.0,0.78,-3.13,13.7,0.0,38.1,0.73,ARMED,,16.1
1791265918095,28.641023,77.413884,38.0,CNG,30.14,20.0,4,1474,23.1,3.42,40.0,90.0,0.00,-3.13,13.7,7.0,38.0,0.00,ARMED,,15.3
1791265918609,28.641023,77.413884,37.0,CNG,30.63,21.2,4,1457,23.1,4.48,40.0,90.0,0.00,-3.13,13.8,8.6,37.3,-0.38,ARMED,,16.9
1791265919128,28.641018,77.413773,38.0,CNG,30.52,21.2,4,1462,23.1,4.76,40.0,90.0,0.00,-3.13,13.8,8.6,37.6,-0.12,ARMED,,17.3
1791265920048,28.641014,77.413666,38.0,CNG,27.08,21.6,4,1469,39.2,6.23,50.0,90.0,-2.34,-3.13,13.7,9.1,37.7,0.02,ARMED,,18.4
1791265920555,28.641014,77.413666,38.0,CNG,24.73,21.6,4,1471,39.2,6.60,50.0,90.0,-2.34,-3.13,13.7,9.1,37.9,0.07,ARMED,,18.4
1791265921082,28.641006,77.413560,38.0,CNG,23.43,21.6,4,1474,39.2,6.65,50.0,90.0,-2.34,-3.13,13.7,9.1,38.0,0.08,ARMED,,18.8
1791265921946,28.640994,77.413455,38.0,CNG,22.66,21.6,4,1476,41.6,6.69,52.0,90.0,-0.78,-3.13,13.7,9.1,38.1,0.09,ARMED,,18.8
1791265922469,28.640994,77.413455,38.0,CNG,22.73,22.7,4,1494,41.6,6.33,52.0,90.0,-0.78,-3.13,13.6,10.7,38.4,0.17,ARMED,,18.8
1791265922994,28.640985,77.413349,39.0,CNG,20.80,22.7,4,1503,41.6,8.01,52.0,90.0,-0.78,-3.13,13.6,10.7,38.6,0.21,ARMED,,20.0
1791265923937,28.640975,77.413237,39.0,CNG,20.07,22.4,4,1523,48.6,7.77,55.0,90.0,0.78,-2.34,13.5,10.2,39.0,0.36,ARMED,,19.6
1791265924522,28.640975,77.413237,40.0,CNG,20.09,22.0,4,1543,48.6,7.56,55.0,90.0,0.78,-2.34,13.5,9.6,39.7,0.54,ARMED,,19.2
1791265925058,28.640970,77.413126,40.0,CNG,21.36,21.6,4,1557,48.6,6.46,55.0,90.0,0.78,-2.34,13.6,9.1,40.1,0.57,ARMED,,18.8
1791265925905,28.640959,77.413016,40.0,CNG,22.31,21.2,4,1564,38.0,6.37,50.0,90.0,-0.78,-3.13,13.6,8.6,40.3,0.57,ARMED,,18.4
1791265926430,28.640959,77.413016,40.0,CNG,23.64,20.8,4,1574,38.0,5.86,50.0,90.0,-0.78,-3.13,13.6,8.0,40.7,0.52,ARMED,,18.4
1791265926951,28.640947,77.412902,41.0,CNG,26.40,20.8,4,1585,38.0,4.90,50.0,90.0,-0.78,-3.13,13.6,8.0,40.9,0.51,ARMED,,17.3
1791265927842,28.640947,77.412902,41.0,CNG,28.67,20.8,4,1575,26.7,4.75,37.0,90.0,-0.78,-3.13,13.7,8.0,40.9,0.35,ARMED,,16.9
1791265928385,28.640937,77.412788,41.0,CNG,30.52,20.8,4,1587,26.7,4.62,37.0,90.0,-0.78,-3.13,13.7,8.0,41.0,0.29,ARMED,,16.5
1791265928940,28.640921,77.412676,41.0,CNG,34.47,14.9,4,1594,26.7,3.65,37.0,90.0,-0.78,-3.13,13.7,0.0,41.1,0.28,ARMED,,15.7
1791265930020,28.640910,77.412561,41.0,CNG,40.18,14.9,4,1562,19.6,2.92,39.0,90.0,0.00,-3.91,13.7,0.0,40.8,-0.01,ARMED,,15.3
1791265930543,28.640910,77.412561,40.0,CNG,37.03,19.6,4,1565,19.6,4.60,39.0,90.0,0.00,-3.91,13.6,6.4,40.5,-0.19,ARMED,,17.3
1791265931061,28.640899,77.412451,41.0,CNG,42.52,14.9,4,1568,19.6,2.86,39.0,90.0,0.00,-3.91,13.6,0.0,40.4,-0.18,ARMED,,15.3
1791265931985,28.640887,77.412343,40.0,CNG,43.52,14.9,4,1553,20.4,3.37,33.0,90.0,0.00,0.00,13.5,0.0,40.2,-0.21,ARMED,,15.7
1791265932496,28.640887,77.412343,34.0,CNG,41.95,17.6,4,1299,20.4,3.28,33.0,90.0,0.00,0.00,13.5,3.7,35.6,-2.68,ARMED,,14.9
1791265933058,28.640877,77.412251,33.0,CNG,20.92,28.2,4,1315,20.4,11.17,33.0,90.0,0.00,0.00,13.7,18.2,34.1,-2.72,ARMED,,21.6
1791265933922,28.640864,77.412158,33.0,CNG,16.97,26.3,4,1308,67.5,9.67,75.0,90.0,-0.78,-2.34,13.7,15.5,33.2,-2.41,ARMED,,22.4
1791265934490,28.640864,77.412158,35.0,CNG,15.85,24.3,4,1351,67.5,9.23,75.0,90.0,-0.78,-2.34,13.8,12.8,33.6,-0.92,ARMED,,21.2
1791265935007,28.640848,77.412062,35.0,CNG,22.42,22.4,4,1362,67.5,2.26,75.0,90.0,-0.78,-2.34,13.8,10.2,34.1,-0.34,ARMED,,14.5
1791265935894,28.640834,77.411961,35.0,CNG,20.77,22.0,4,1371,49.0,7.11,59.0,90.0,-7.03,-3.13,13.5,9.6,34.6,0.06,ARMED,,18.8
1791265936386,28.640834,77.411961,35.0,CNG,19.77,22.0,4,1379,49.0,7.22,59.0,90.0,-7.03,-3.13,13.5,9.6,35.2,0.40,ARMED,,19.2
1791265936969,28.640818,77.411863,36.0,CNG,21.71,14.9,4,1385,49.0,5.40,59.0,90.0,-7.03,-3.13,13.6,0.0,35.6,0.43,ARMED,,17.6
1791265937831,28.640818,77.411863,35.0,CNG,28.74,14.9,4,1352,22.7,2.36,32.0,90.0,0.00,0.00,13.6,0.0,35.3,0.15,ARMED,,14.1
1791265938421,28.640802,77.411766,34.0,CNG,34.64,14.9,4,1330,22.7,2.54,32.0,90.0,0.00,0.00,13.5,0.0,34.6,-0.31,ARMED,,14.9
1791265938979,28.640794,77.411674,32.0,CNG,36.72,14.9,4,1257,22.7,2.99,32.0,90.0,0.00,0.00,13.5,0.0,33.3,-0.97,ARMED,,14.5
1791265939882,28.640786,77.411586,32.0,CNG,23.39,22.7,4,1221,59.6,8.18,70.0,90.0,0.00,-2.34,13.7,10.7,32.2,-1.37,ARMED,,19.6
1791265940386,28.640786,77.411586,32.0,CNG,25.88,20.0,4,1227,59.6,3.93,70.0,90.0,0.00,-2.34,13.7,7.0,31.4,-1.12,ARMED,,16.1
1791265940959,28.640776,77.411502,31.0,CNG,29.51,15.3,4,1202,59.6,3.11,70.0,90.0,0.00,-2.34,13.5,0.5,30.9,-1.09,ARMED,,14.5
1791265941873,28.640767,77.411417,31.0,CNG,32.81,14.9,4,1157,21.2,2.97,50.0,90.0,0.00,-3.13,13.5,0.0,30.1,-1.22,ARMED,,14.1
1791265942420,28.640767,77.411417,30.0,CNG,33.74,15.7,4,1164,21.2,3.23,50.0,90.0,0.00,-3.13,13.8,1.1,29.7,-0.80,ARMED,,15.3
1791265942951,28.640752,77.411333,30.0,CNG,36.45,14.9,4,1143,21.2,2.74,50.0,90.0,0.00,-3.13,13.8,0.0,29.4,-0.76,ARMED,,14.1
1791265943867,28.640732,77.411254,29.0,CNG,37.94,14.9,4,1134,22.7,2.72,32.0,90.0,0.00,0.00,13.7,0.0,29.1,-0.72,ARMED,,14.1
1791265944419,28.640732,77.411254,28.0,CNG,41.25,14.9,4,1088,22.7,2.22,32.0,90.0,0.00,0.00,13.7,0.0,28.2,-0.79,ARMED,,14.1
1791265944956,28.640708,77.411180,27.0,CNG,44.66,14.9,4,1057,22.7,1.99,32.0,90.0,0.00,0.00,13.7,0.0,27.5,-0.94,ARMED,,14.1
1791265945837,28.640708,77.411180,27.0,CNG,43.26,14.9,4,1034,23.1,2.49,32.0,90.0,0.00,0.00,13.7,0.0,26.9,-0.99,ARMED,,13.7
1791265946383,28.640675,77.411115,26.0,CNG,40.63,14.9,4,995,23.1,2.67,32.0,90.0,0.00,0.00,13.6,0.0,25.8,-1.04,ARMED,,13.7
1791265946861,28.640638,77.411056,25.0,CNG,40.50,14.9,4,978,23.1,2.36,32.0,90.0,0.00,0.00,13.6,0.0,25.3,-1.04,ARMED,,13.7
1791265947720,28.640638,77.411056,24.0,CNG,30.79,21.6,4,950,42.7,4.13,62.0,90.0,0.00,-3.13,13.6,9.1,24.6,-1.08,ARMED,,16.9
1791265948226,28.640597,77.411007,25.0,CNG,25.67,22.4,4,947,42.7,4.64,62.0,90.0,0.00,-3.13,13.6,10.2,24.2,-0.78,ARMED,,17.6
1791265948828,28.640597,77.411007,25.0,CNG,21.65,22.0,4,972,42.7,5.43,62.0,90.0,0.00,-3.13,13.5,9.6,24.4,-0.38,ARMED,,18.0
1791265949900,28.640487,77.410941,25.0,CNG,24.25,20.0,4,969,36.9,3.21,45.0,90.0,-3.91,-3.13,13.6,7.0,24.6,-0.14,ARMED,,14.9
1791265950405,28.640487,77.410941,25.0,CNG,18.23,22.7,4,976,36.9,7.16,45.0,90.0,-3.91,-3.13,13.6,10.7,25.0,0.14,ARMED,,19.6
1791265950895,28.640425,77.410928,26.0,CNG,16.12,22.4,4,986,36.9,7.16,45.0,90.0,-3.91,-3.13,13.6,10.2,25.3,0.20,ARMED,,20.8
1791265951812,28.640425,77.410928,26.0,CNG,20.47,14.9,4,997,36.9,2.92,41.0,90.0,-10.94,0.78,13.6,0.0,25.5,0.26,ARMED,,14.1
1791265952298,28.640361,77.410920,25.0,CNG,24.58,14.9,4,942,36.9,2.67,41.0,90.0,-10.94,0.78,13.6,0.0,24.8,-0.28,ARMED,,14.9
1791265952796,28.640361,77.410920,23.0,CNG,25.33,14.9,4,810,36.9,3.28,41.0,90.0,-10.94,0.78,13.6,0.0,23.1,-1.27,ARMED,,14.5
1791265953667,28.640305,77.410908,21.0,CNG,27.16,14.9,4,815,37.3,2.57,47.0,90.0,-5.47,0.78,13.6,0.0,21.8,-1.62,ARMED,,14.9
1791265954267,28.640259,77.410900,17.0,CNG,27.31,14.9,3,815,37.3,2.34,47.0,90.0,-5.47,0.78,13.4,0.0,17.0,0.00,ARMED,,14.9
1791265954748,28.640259,77.410900,14.0,CNG,22.70,14.9,,816,37.3,3.22,47.0,90.0,-5.47,0.78,13.4,0.0,14.0,0.00,ARMED,,14.9
1791265955677,28.640226,77.410896,13.0,CNG,20.06,14.9,,819,37.3,3.06,46.0,90.0,-2.34,0.78,13.5,0.0,13.0,0.00,ARMED,,14.9
1791265956234,28.640201,77.410894,10.0,CNG,18.90,21.6,2,826,37.3,2.29,46.0,90.0,-2.34,0.78,13.5,9.1,10.0,0.00,ARMED,,14.9
1791265956772,28.640201,77.410894,10.0,CNG,9.37,23.5,2,833,37.3,8.23,46.0,90.0,-2.34,0.78,13.6,11.8,10.0,0.00,ARMED,,22.7
1791265957671,28.640175,77.410896,11.0,CNG,7.20,23.5,,1197,64.7,8.03,62.0,90.0,1.56,-2.34,13.6,11.8,11.0,0.00,ARMED,,21.2
1791265958225,28.640143,77.410897,13.0,CNG,8.98,19.6,2,988,64.7,3.68,62.0,90.0,1.56,-2.34,13.5,6.4,13.0,0.00,ARMED,,16.1
1791265958792,28.640143,77.410897,14.0,CNG,10.16,19.6,2,1009,64.7,4.33,62.0,90.0,1.56,-2.34,13.5,6.4,13.5,0.31,ARMED,,16.1
1791265959714,28.640110,77.410899,14.0,CNG,12.96,21.2,2,1036,38.0,2.54,57.0,91.0,-2.34,-3.13,13.7,8.6,13.8,0.36,ARMED,,14.5
1791265960219,28.640076,77.410903,15.0,CNG,10.55,24.3,2,1108,38.0,6.75,57.0,91.0,-2.34,-3.13,13.7,12.8,14.7,0.68,ARMED,,19.2
1791265960727,28.640076,77.410903,16.0,CNG,9.37,24.3,2,1180,38.0,7.44,57.0,91.0,-2.34,-3.13,13.8,12.8,15.5,0.93,ARMED,,19.6
1791265961628,28.640037,77.410905,17.0,CNG,9.42,24.3,2,1286,54.5,6.82,59.0,91.0,0.00,-2.34,13.8,12.8,16.6,1.35,ARMED,,19.6
1791265962193,28.639990,77.410906,20.0,CNG,9.77,23.9,2,1487,54.5,7.44,59.0,91.0,0.00,-2.34,13.5,12.3,19.4,2.19,ARMED,,19.2
1791265962695,28.639990,77.410906,21.0,CNG,10.21,23.5,2,1589,54.5,7.39,59.0,91.0,0.00,-2.34,13.5,11.8,21.0,2.44,ARMED,,19.2
1791265963625,28.639934,77.410913,22.0,CNG,13.67,14.9,2,1650,22.7,3.45,34.0,91.0,0.00,0.00,13.3,0.0,22.3,2.43,ARMED,,14.9
1791265964176,28.639879,77.410925,22.0,CNG,16.88,18.4,4,906,22.7,3.36,34.0,91.0,0.00,0.00,13.3,4.8,22.0,0.00,ARMED,,14.9
1791265964728,28.639879,77.410925,22.0,CNG,11.71,25.1,3,1069,22.7,10.26,34.0,91.0,0.00,0.00,13.7,13.9,22.0,0.00,ARMED,,22.7
1791265965621,28.639825,77.410944,23.0,CNG,10.44,25.9,3,1206,78.4,9.64,86.0,91.0,2.34,-2.34,13.7,15.0,22.5,0.30,ARMED,,22.7
1791265966172,28.639766,77.410963,26.0,CNG,9.83,27.1,3,1300,78.4,10.80,86.0,91.0,2.34,-2.34,13.4,16.6,24.9,1.53,ARMED,,23.9
1791265966725,28.639766,77.410963,27.0,CNG,9.54,26.7,3,1393,78.4,11.19,86.0,91.0,2.34,-2.34,13.4,16.1,26.4,1.89,ARMED,,22.7
1791265967672,28.639699,77.410979,29.0,CNG,9.82,26.3,3,1482,67.1,10.79,74.0,91.0,0.78,-2.34,13.5,15.5,28.1,2.28,ARMED,,22.0
1791265968184,28.639625,77.410998,31.0,CNG,8.30,36.1,3,1621,67.1,17.05,74.0,91.0,0.78,-2.34,13.5,28.9,31.0,2.76,ARMED,,29.0
1791265968868,28.639541,77.411014,34.0,CNG,7.54,34.5,3,1737,67.1,19.08,74.0,91.0,0.78,-2.34,13.5,26.8,33.3,3.05,ARMED,,32.9
1791265969903,28.639447,77.411032,36.0,CNG,7.75,34.1,3,1852,83.9,17.06,88.0,91.0,0.00,-2.34,13.6,26.2,35.5,3.34,ARMED,,29.8
1791265970449,28.639447,77.411032,40.0,CNG,9.53,14.9,3,2022,83.9,11.43,88.0,91.0,0.00,-2.34,13.6,0.0,39.2,3.41,ARMED,,22.4
1791265970927,28.639352,77.411052,40.0,CNG,14.47,14.9,4,1569,83.9,3.24,88.0,91.0,0.00,-2.34,13.6,0.0,40.0,0.00,ARMED,,15.3
1791265971880,28.639255,77.411074,40.0,CNG,17.87,22.0,5,1077,35.3,5.70,50.0,91.0,0.00,-3.13,13.7,9.6,40.0,0.00,ARMED,,17.6
1791265972380,28.639255,77.411074,40.0,CNG,18.76,23.9,4,1545,35.3,7.53,50.0,91.0,0.00,-3.13,13.7,12.3,40.0,0.00,ARMED,,19.2
1791265972894,28.639158,77.411096,40.0,CNG,18.86,23.9,4,1569,35.3,8.00,50.0,91.0,0.00,-3.13,13.7,12.3,40.0,0.00,ARMED,,19.6
1791265973809,28.639158,77.411096,41.0,CNG,19.36,23.9,4,1595,43.9,7.74,53.0,91.0,-1.56,-3.13,13.7,12.3,40.5,0.29,ARMED,,19.6
1791265974332,28.639057,77.411119,42.0,CNG,20.03,24.3,4,1642,43.9,7.58,53.0,91.0,-1.56,-3.13,13.7,12.8,41.6,0.77,ARMED,,19.6
1791265974803,28.639057,77.411119,43.0,CNG,19.94,23.9,4,1672,43.9,8.25,53.0,91.0,-1.56,-3.13,13.7,12.3,42.5,1.06,ARMED,,19.6
1791265975713,28.638952,77.411144,43.0,CNG,19.94,23.9,4,1690,42.4,8.20,52.0,91.0,-1.56,-3.13,13.7,12.3,43.2,1.19,ARMED,,19.6
1791265976227,28.638844,77.411169,45.0,CNG,20.56,23.9,4,1735,42.4,7.96,52.0,91.0,-1.56,-3.13,13.7,12.3,44.5,1.25,ARMED,,19.6
1791265976786,28.638844,77.411169,45.0,CNG,21.02,23.5,4,1762,42.4,7.88,52.0,91.0,-1.56,-3.13,13.5,11.8,45.3,1.27,ARMED,,19.2
1791265977678,28.638732,77.411196,46.0,CNG,21.91,23.5,4,1789,38.4,7.50,51.0,91.0,-0.78,-3.13,13.5,11.8,46.0,1.28,ARMED,,19.6
1791265978275,28.638617,77.411224,47.0,CNG,20.92,23.5,4,1828,38.4,9.09,51.0,91.0,-0.78,-3.13,13.7,11.8,47.1,1.26,ARMED,,20.4
1791265978808,28.638617,77.411224,47.0,CNG,20.44,23.5,4,1844,38.4,9.04,51.0,91.0,-0.78,-3.13,13.7,11.8,47.6,1.13,ARMED,,20.4
1791265979785,28.638501,77.411251,48.0,CNG,20.18,23.5,4,1862,45.1,9.21,56.0,90.0,-0.78,-3.13,13.7,11.8,48.0,1.08,ARMED,,20.4
1791265980303,28.638385,77.411280,49.0,CNG,19.65,23.5,4,1894,45.1,9.84,56.0,90.0,-0.78,-3.13,13.7,11.8,48.8,1.02,ARMED,,20.4
1791265980822,28.638385,77.411280,49.0,CNG,19.79,23.5,4,1915,45.1,9.32,56.0,90.0,-0.78,-3.13,13.7,11.8,49.3,1.01,ARMED,,20.8
1791265981783,28.638266,77.411311,50.0,CNG,20.02,23.5,4,1925,45.1,9.33,54.0,90.0,0.00,-3.13,13.7,11.8,49.7,0.88,ARMED,,20.8
1791265982306,28.638141,77.411341,50.0,CNG,20.31,23.5,4,1957,45.1,9.16,54.0,90.0,0.00,-3.13,13.5,11.8,50.4,0.85,ARMED,,20.8
1791265982806,28.638141,77.411341,51.0,CNG,21.31,14.9,4,1969,45.1,8.45,54.0,90.0,0.00,-3.13,13.5,0.0,50.7,0.83,ARMED,,20.0
1791265983770,28.638017,77.411369,51.0,CNG,30.01,19.6,5,1531,35.7,2.58,58.0,90.0,0.00,-3.13,13.6,6.4,51.0,0.00,ARMED,,14.9
1791265984271,28.637893,77.411401,51.0,CNG,29.06,22.4,5,1496,35.7,6.99,58.0,90.0,0.00,-3.13,13.6,10.2,51.0,0.00,ARMED,,18.8
1791265984823,28.637893,77.411401,51.0,CNG,30.91,22.4,5,1511,35.7,5.68,58.0,90.0,0.00,-3.13,13.7,10.2,51.0,0.00,ARMED,,18.0
1791265985738,28.637771,77.411432,51.0,CNG,31.29,22.4,5,1522,36.1,6.08,47.0,90.0,0.78,-3.13,13.7,10.2,51.0,0.00,ARMED,,18.0
1791265986255,28.637643,77.411459,52.0,CNG,32.63,22.0,5,1538,36.1,5.68,47.0,90.0,0.78,-3.13,13.6,9.6,51.7,0.39,ARMED,,18.0
1791265986784,28.637643,77.411459,52.0,CNG,34.13,22.0,5,1541,36.1,5.40,47.0,90.0,0.78,-3.13,13.6,9.6,52.0,0.42,ARMED,,17.6
1791265987724,28.637518,77.411487,52.0,CNG,34.00,22.0,5,1553,33.3,5.85,45.0,90.0,1.56,-3.13,13.7,9.6,52.4,0.46,ARMED,,17.6
1791265988304,28.637386,77.411513,52.0,CNG,35.15,22.0,5,1563,33.3,5.34,45.0,90.0,1.56,-3.13,13.7,9.6,52.8,0.45,ARMED,,17.6
1791265988823,28.637386,77.411513,53.0,CNG,34.74,22.0,5,1572,33.3,5.90,45.0,90.0,1.56,-3.13,13.7,9.6,53.0,0.46,ARMED,,17.6
1791265989920,28.637129,77.411569,53.0,CNG,35.06,22.0,5,1579,32.9,5.67,45.0,90.0,1.56,-3.13,13.7,9.6,53.3,0.46,ARMED,,17.6
1791265990433,28.637129,77.411569,54.0,CNG,34.74,22.0,5,1591,32.9,5.99,45.0,90.0,1.56,-3.13,13.7,9.6,53.7,0.45,ARMED,,18.0
1791265990937,28.636999,77.411597,54.0,CNG,35.15,22.0,5,1600,32.9,5.74,45.0,90.0,1.56,-3.13,13.7,9.6,54.0,0.46,ARMED,,18.0
1791265991861,28.636870,77.411626,54.0,CNG,34.49,22.0,5,1603,33.7,6.12,45.0,90.0,0.78,-3.13,13.7,9.6,54.2,0.44,ARMED,,18.0
1791265992382,28.636870,77.411626,54.0,CNG,30.82,22.0,5,1618,33.7,7.72,45.0,90.0,0.78,-3.13,13.7,9.6,54.6,0.44,ARMED,,19.2
1791265992905,28.636737,77.411654,54.0,CNG,33.40,14.9,5,1617,33.7,5.38,45.0,90.0,0.78,-3.13,13.7,0.0,54.7,0.40,ARMED,,17.3
1791265993797,28.636737,77.411654,54.0,CNG,39.37,14.9,5,1603,21.2,3.82,31.0,90.0,0.00,0.00,13.7,0.0,54.5,0.16,ARMED,,15.3
1791265994337,28.636610,77.411681,50.0,CNG,43.00,14.9,,1300,21.2,3.76,31.0,90.0,0.00,0.00,13.5,0.0,50.0,0.00,ARMED,,15.7
1791265994819,28.636610,77.411681,47.0,CNG,48.29,14.9,,1104,21.2,2.94,31.0,90.0,0.00,0.00,13.5,0.0,47.0,0.00,ARMED,,14.9
1791265995685,28.636496,77.411707,45.0,CNG,54.72,14.9,,1018,31.4,2.43,40.0,89.0,-2.34,0.78,13.6,0.0,45.0,0.00,ARMED,,14.9
1791265996211,28.636391,77.411729,42.0,CNG,56.13,14.9,,856,31.4,2.72,40.0,89.0,-2.34,0.78,13.6,0.0,42.0,0.00,ARMED,,14.5
1791265996727,28.636391,77.411729,41.0,CNG,53.79,14.9,,801,31.4,3.10,40.0,89.0,-2.34,0.78,13.6,0.0,41.0,0.00,ARMED,,14.9
1791265997584,28.636291,77.411750,39.0,CNG,51.08,14.9,,808,36.9,3.15,47.0,89.0,-3.91,0.78,13.6,0.0,39.0,0.00,ARMED,,14.9
1791265998139,28.636199,77.411771,38.0,CNG,53.27,14.9,,811,36.9,2.52,47.0,89.0,-3.91,0.78,13.5,0.0,38.0,0.00,ARMED,,14.9
1791265998661,28.636199,77.411771,38.0,CNG,48.97,14.9,,807,36.9,3.33,47.0,90.0,-3.91,0.78,13.5,0.0,38.0,0.00,ARMED,,14.9
1791265999544,28.636109,77.411793,37.0,CNG,50.69,14.9,,809,36.9,2.62,45.0,90.0,-4.69,0.78,13.6,0.0,37.0,0.00,ARMED,,14.9
1791266000036,28.636024,77.411817,37.0,CNG,31.98,22.7,,841,36.9,6.93,45.0,90.0,-4.69,0.78,13.6,10.7,37.0,0.00,ARMED,,20.0
1791266000548,28.636024,77.411817,37.0,CNG,21.90,24.7,4,1512,36.9,9.53,45.0,90.0,-4.69,0.78,13.6,13.4,37.0,0.00,ARMED,,21.2
1791266001431,28.635935,77.411833,37.0,CNG,19.26,14.9,3,2059,29.4,8.65,35.0,90.0,0.00,0.00,13.6,0.0,37.0,0.00,ARMED,,20.0
1791266001947,28.635845,77.411853,36.0,CNG,22.38,14.9,,1246,29.4,4.57,35.0,90.0,0.00,0.00,13.6,0.0,36.0,0.00,ARMED,,16.9
1791266002487,28.635845,77.411853,36.0,CNG,27.04,23.9,5,1109,29.4,3.45,35.0,90.0,0.00,0.00,13.6,12.3,36.0,0.00,ARMED,,14.9
1791266003401,28.635759,77.411864,36.0,CNG,18.63,26.3,4,1457,69.4,10.82,78.0,90.0,1.56,-2.34,13.5,15.5,36.0,0.00,ARMED,,22.4
1791266003889,28.635667,77.411885,37.0,CNG,16.01,26.3,4,1452,69.4,10.60,78.0,89.0,1.56,-2.34,13.5,15.5,36.7,0.38,ARMED,,22.0
1791266004426,28.635667,77.411885,38.0,CNG,14.73,26.3,4,1480,69.4,10.94,78.0,89.0,1.56,-2.34,13.7,15.5,37.4,0.70,ARMED,,22.0
1791266005335,28.635576,77.411902,39.0,CNG,15.37,26.3,4,1502,56.1,9.06,62.0,90.0,-2.34,-2.34,13.7,15.5,38.4,1.07,ARMED,,20.4
1791266005852,28.635478,77.411922,40.0,CNG,15.64,26.3,4,1557,56.1,9.48,62.0,90.0,-2.34,-2.34,13.6,15.5,39.8,1.32,ARMED,,20.4
1791266006384,28.635478,77.411922,41.0,CNG,16.32,26.3,4,1581,56.1,8.96,62.0,90.0,-2.34,-2.34,13.6,15.5,40.6,1.34,ARMED,,20.4
1791266007264,28.635379,77.411945,42.0,CNG,16.49,25.9,4,1614,52.5,9.55,59.0,90.0,0.00,-3.13,13.5,15.0,41.3,1.38,ARMED,,20.4
1791266007760,28.635379,77.411945,43.0,CNG,16.83,25.9,4,1661,52.5,9.43,59.0,90.0,0.00,-3.13,13.5,15.0,42.7,1.41,ARMED,,20.4
1791266008441,28.635277,77.411966,43.0,CNG,16.93,25.9,4,1682,52.5,9.57,59.0,90.0,0.00,-3.13,13.7,15.0,43.3,1.39,ARMED,,20.4
1791266009495,28.635167,77.411990,44.0,CNG,17.57,25.5,4,1718,48.2,9.01,56.0,90.0,0.00,-3.13,13.7,14.4,44.2,1.36,ARMED,,20.0
1791266010028,28.635057,77.412019,45.0,CNG,18.23,24.7,4,1768,48.2,8.88,56.0,90.0,0.00,-3.13,13.7,13.4,45.5,1.33,ARMED,,20.0
1791266010496,28.635057,77.412019,46.0,CNG,19.69,23.9,4,1783,48.2,7.87,56.0,89.0,0.00,-3.13,13.7,12.3,46.0,1.28,ARMED,,19.2
1791266011432,28.634953,77.412042,46.0,CNG,19.70,23.9,4,1794,46.3,8.87,55.0,89.0,3.91,-3.13,13.7,12.3,46.4,1.11,ARMED,,20.4
1791266011926,28.634845,77.412066,47.0,CNG,20.77,23.1,4,1819,46.3,7.93,55.0,89.0,3.91,-3.13,13.7,11.2,47.0,0.87,ARMED,,20.0
1791266012464,28.634845,77.412066,47.0,CNG,21.27,22.4,4,1828,46.3,8.11,55.0,89.0,3.91,-3.13,13.6,10.2,47.2,0.75,ARMED,,19.6
1791266013354,28.634728,77.412096,47.0,CNG,23.18,14.9,4,1825,29.8,6.68,36.0,89.0,0.00,0.00,13.6,0.0,47.3,0.54,ARMED,,18.4
1791266013870,28.634616,77.412119,46.0,CNG,28.91,14.9,,1064,29.8,3.78,36.0,89.0,0.00,0.00,13.7,0.0,46.0,0.00,ARMED,,15.3
1791266014387,28.634616,77.412119,45.0,CNG,36.49,14.9,,1074,29.8,2.79,36.0,89.0,0.00,0.00,13.7,0.0,45.0,0.00,ARMED,,14.9
1791266015332,28.634513,77.412140,43.0,CNG,40.15,14.9,,998,32.2,3.42,41.0,89.0,-2.34,0.78,13.4,0.0,43.0,0.00,ARMED,,14.9
1791266015852,28.634513,77.412140,39.0,CNG,41.91,14.9,,818,32.2,3.27,41.0,89.0,-2.34,0.78,13.4,0.0,39.0,0.00,ARMED,,14.5
1791266016365,28.634417,77.412162,38.0,CNG,43.36,14.9,,812,32.2,3.14,41.0,89.0,-2.34,0.78,13.5,0.0,38.0,0.00,ARMED,,14.5
1791266017261,28.634329,77.412183,36.0,CNG,48.03,14.9,,812,36.1,2.33,45.0,89.0,-2.34,0.78,13.5,0.0,36.0,0.00,ARMED,,14.5
1791266017796,28.634329,77.412183,33.0,CNG,52.33,14.9,,760,36.1,2.02,45.0,89.0,-2.34,0.78,13.6,0.0,33.0,0.00,ARMED,,12.5
1791266018286,28.634249,77.412189,30.0,CNG,57.56,14.9,,759,36.1,1.62,45.0,89.0,-2.34,0.78,13.6,0.0,30.0,0.00,ARMED,,12.9
1791266019183,28.634176,77.412207,28.0,CNG,56.80,14.9,5,747,22.4,1.92,34.0,89.0,6.25,0.78,13.7,0.0,28.0,0.00,ARMED,,12.5
1791266019685,28.634176,77.412207,27.0,CNG,53.54,14.9,5,726,22.4,2.11,34.0,89.0,6.25,0.78,13.7,0.0,27.3,-0.38,ARMED,,12.5
1791266020209,28.634109,77.412223,27.0,CNG,56.40,14.9,5,721,22.4,1.66,34.0,89.0,6.25,0.78,13.5,0.0,27.1,-0.40,ARMED,,12.5
1791266021088,28.634045,77.412241,27.0,CNG,55.81,14.9,,709,22.7,1.87,33.0,89.0,0.78,0.78,13.5,0.0,27.0,0.00,ARMED,,12.5
1791266021597,28.634045,77.412241,27.0,CNG,55.10,17.6,,717,22.7,1.90,33.0,89.0,0.78,0.78,13.6,3.7,27.0,0.00,ARMED,,12.5
1791266022135,28.633982,77.412260,26.0,CNG,28.17,22.4,5,853,22.7,6.24,33.0,89.0,0.78,0.78,13.6,10.2,26.0,0.00,ARMED,,18.4
1791266023022,28.633915,77.412278,26.0,CNG,23.84,21.2,3,1369,36.1,5.14,39.0,89.0,-3.13,-3.13,13.6,8.6,26.0,0.00,ARMED,,16.9
1791266023578,28.633915,77.412278,27.0,CNG,28.51,14.9,3,1361,36.1,2.56,39.0,90.0,-3.13,-3.13,13.6,0.0,26.7,0.39,ARMED,,14.9
1791266024097,28.633850,77.412293,26.0,CNG,31.54,14.9,3,1373,36.1,2.62,39.0,90.0,-3.13,-3.13,13.8,0.0,26.5,0.14,ARMED,,14.9
1791266025008,28.633790,77.412309,25.0,CNG,30.69,14.9,3,1290,21.6,3.23,32.0,89.0,0.00,0.00,13.8,0.0,25.8,-0.32,ARMED,,14.9
1791266025553,28.633790,77.412309,23.0,CNG,29.13,19.2,3,1210,21.6,3.26,32.0,89.0,0.00,0.00,13.6,5.9,23.8,-1.28,ARMED,,14.5
1791266026098,28.633732,77.412323,23.0,CNG,26.88,19.6,3,1182,21.6,3.66,32.0,89.0,0.00,0.00,13.6,6.4,22.8,-1.46,ARMED,,16.5
1791266027004,28.633676,77.412336,23.0,CNG,23.10,19.6,3,1194,37.3,4.62,47.0,89.0,0.78,-3.13,13.6,6.4,22.4,-1.27,ARMED,,16.5
1791266027521,28.633676,77.412336,23.0,CNG,25.86,18.4,3,1195,37.3,2.76,47.0,89.0,0.78,-3.13,13.6,4.8,22.3,-0.66,ARMED,,14.9
1791266028122,28.633619,77.412350,23.0,CNG,27.51,18.8,3,1185,37.3,2.87,47.0,89.0,0.78,-3.13,13.5,5.4,22.2,-0.44,ARMED,,15.3
1791266029148,28.633563,77.412364,23.0,CNG,22.29,20.4,3,1256,38.8,5.05,51.0,89.0,0.00,-3.13,13.4,7.5,22.9,0.10,ARMED,,16.9
1791266029651,28.633563,77.412364,24.0,CNG,22.87,18.8,3,1220,38.8,3.84,51.0,89.0,0.00,-3.13,13.6,5.4,23.2,0.15,ARMED,,16.1
1791266030148,28.633505,77.412381,24.0,CNG,23.47,18.4,3,1212,38.8,3.74,51.0,89.0,0.00,-3.13,13.6,4.8,23.2,0.13,ARMED,,15.7
1791266031111,28.633448,77.412397,24.0,CNG,19.07,20.4,3,1210,41.2,6.11,53.0,88.0,0.78,-3.13,13.5,7.5,23.2,0.11,ARMED,,18.0
1791266031598,28.633448,77.412397,24.0,CNG,17.88,20.4,3,1226,41.2,5.58,53.0,88.0,0.78,-3.13,13.5,7.5,23.4,0.14,ARMED,,17.3
1791266032135,28.633391,77.412412,24.0,CNG,18.54,20.4,3,1221,41.2,4.65,53.0,88.0,0.78,-3.13,13.7,7.5,23.5,0.13,ARMED,,17.3
1791266033025,28.633331,77.412428,24.0,CNG,19.55,20.4,3,1248,30.6,4.29,41.0,88.0,-3.91,-3.91,13.7,7.5,23.7,0.25,ARMED,,16.1
1791266033581,28.633331,77.412428,25.0,CNG,21.65,20.8,3,1266,30.6,3.71,41.0,88.0,-3.91,-3.91,13.7,8.0,24.2,0.32,ARMED,,16.5
1791266034132,28.633270,77.412445,25.0,CNG,22.64,21.2,3,1276,30.6,3.92,41.0,88.0,-3.91,-3.91,13.7,8.6,24.5,0.34,ARMED,,16.5
1791266035028,28.633210,77.412462,25.0,CNG,19.88,21.6,3,1292,37.6,5.64,51.0,88.0,1.56,-3.91,13.6,9.1,24.7,0.38,ARMED,,17.3
1791266035546,28.633210,77.412462,26.0,CNG,20.17,22.0,3,1342,37.6,4.80,51.0,88.0,1.56,-3.91,13.6,9.6,25.6,0.66,ARMED,,17.3
1791266036113,28.633147,77.412482,27.0,CNG,18.07,22.7,3,1368,37.6,6.51,51.0,88.0,1.56,-3.91,13.7,10.7,26.2,0.79,ARMED,,18.4
1791266037058,28.633084,77.412499,27.0,CNG,16.98,22.7,3,1408,41.6,6.57,51.0,88.0,-0.78,-3.91,13.7,10.7,26.9,0.95,ARMED,,18.4
1791266037601,28.633084,77.412499,29.0,CNG,12.48,31.4,3,1469,41.6,12.04,51.0,88.0,-0.78,-3.91,13.6,22.5,28.2,1.20,ARMED,,22.4
1791266038105,28.633020,77.412518,30.0,CNG,10.60,31.4,3,1539,41.6,12.97,51.0,88.0,-0.78,-3.91,13.6,22.5,29.3,1.47,ARMED,,24.3
1791266039016,28.632942,77.412534,32.0,CNG,9.42,31.4,3,1621,77.3,14.84,80.0,88.0,3.13,-3.13,13.5,22.5,30.7,1.86,ARMED,,25.1
1791266039497,28.632942,77.412534,33.0,CNG,15.17,14.9,4,1413,77.3,1.41,80.0,88.0,3.13,-3.13,13.5,0.0,33.0,0.00,ARMED,,12.9
1791266040070,28.632861,77.412560,33.0,CNG,13.39,25.5,5,1083,77.3,10.93,80.0,88.0,3.13,-3.13,13.3,14.4,33.0,0.00,ARMED,,21.6
1791266040977,28.632781,77.412590,33.0,CNG,13.17,25.5,4,1295,69.4,9.75,78.0,88.0,0.00,-3.91,13.3,14.4,33.0,0.00,ARMED,,21.6
1791266041539,28.632781,77.412590,35.0,CNG,13.53,25.5,4,1352,69.4,9.46,78.0,88.0,0.00,-3.91,13.7,14.4,34.4,0.77,ARMED,,21.6
1791266042027,28.632696,77.412615,35.0,CNG,13.36,25.5,4,1375,69.4,10.14,78.0,88.0,0.00,-3.91,13.7,14.4,34.9,0.80,ARMED,,22.0
1791266043057,28.632603,77.412638,36.0,CNG,13.30,25.5,4,1411,65.5,10.37,74.0,88.0,1.56,-3.13,13.7,14.4,35.7,1.01,ARMED,,21.6
1791266043529,28.632603,77.412638,38.0,CNG,13.51,25.5,4,1470,65.5,10.45,74.0,88.0,1.56,-3.13,13.7,14.4,37.3,1.38,ARMED,,21.6
1791266044052,28.632520,77.412666,39.0,CNG,13.91,25.5,4,1501,65.5,10.23,74.0,88.0,1.56,-3.13,13.7,14.4,38.1,1.50,ARMED,,21.2
1791266044937,28.632428,77.412698,39.0,CNG,14.47,25.1,4,1521,59.2,9.65,65.0,88.0,0.00,-3.13,13.7,13.9,38.9,1.49,ARMED,,21.2
1791266045487,28.632428,77.412698,40.0,CNG,14.81,24.7,4,1563,59.2,9.93,65.0,88.0,0.00,-3.13,13.7,13.4,40.1,1.43,ARMED,,20.8
1791266045990,28.632332,77.412729,41.0,CNG,16.42,24.3,4,1590,59.2,8.03,65.0,88.0,0.00,-3.13,13.7,12.8,40.8,1.42,ARMED,,19.6
1791266046942,28.632234,77.412754,41.0,CNG,18.26,14.9,4,1617,32.5,7.15,32.0,88.0,-1.56,-4.69,13.7,0.0,41.4,1.40,ARMED,,19.2
1791266047430,28.632234,77.412754,41.0,CNG,23.64,20.0,4,1621,32.5,3.74,32.0,88.0,-1.56,-4.69,13.7,7.0,41.8,0.90,ARMED,,16.1
1791266047988,28.632131,77.412779,41.0,CNG,27.93,20.0,4,1603,32.5,4.08,32.0,88.0,-1.56,-4.69,13.7,7.0,41.7,0.50,ARMED,,15.7
1791266049065,28.632033,77.412806,41.0,CNG,31.26,20.4,4,1595,22.0,4.10,34.0,88.0,0.78,-4.69,13.7,7.5,41.4,0.16,ARMED,,16.1
1791266049583,28.632033,77.412806,41.0,CNG,30.00,22.4,4,1611,22.0,5.51,34.0,88.0,0.78,-4.69,13.8,10.2,41.3,0.09,ARMED,,18.0
1791266050114,28.631933,77.412828,42.0,CNG,29.23,22.0,4,1620,22.0,5.67,34.0,88.0,0.78,-4.69,13.8,9.6,41.4,0.10,ARMED,,18.0
1791266051046,28.631833,77.412858,42.0,CNG,28.11,22.0,4,1634,31.8,6.00,43.0,88.0,1.56,-4.69,13.5,9.6,41.6,0.16,CANDIDATE,41.6,17.6
1791266051763,28.631833,77.412858,42.0,CNG,29.17,21.2,4,1641,31.8,5.17,43.0,88.0,1.56,-4.69,13.5,8.6,41.9,0.20,LOCKED,41.9,17.3
1791266052269,28.631727,77.412891,43.0,CNG,31.37,14.9,4,1653,31.8,4.64,43.0,88.0,1.56,-4.69,13.7,0.0,42.2,0.25,LOCKED,41.9,16.9
1791266053150,28.631625,77.412922,42.0,CNG,36.02,14.9,4,1649,21.6,3.44,31.0,88.0,0.00,0.00,13.7,0.0,42.3,0.23,LOCKED,41.9,15.3
1791266053712,28.631625,77.412922,41.0,CNG,40.63,14.9,4,1594,21.6,3.08,31.0,88.0,0.00,0.00,13.8,0.0,41.3,-0.42,LOCKED,41.9,15.7
1791266054208,28.631525,77.412957,40.0,CNG,30.86,21.6,4,1550,21.6,6.78,31.0,88.0,0.00,0.00,13.8,9.1,40.4,-0.83,LOCKED,41.9,18.4
1791266055109,28.631430,77.412992,40.0,CNG,26.88,21.6,4,1554,38.8,6.78,47.0,88.0,0.78,-3.91,13.7,9.1,39.9,-0.87,LOCKED,41.9,18.8
1791266055617,28.631430,77.412992,40.0,CNG,30.06,14.9,4,1544,38.8,4.15,47.0,88.0,0.78,-3.91,13.7,0.0,39.4,-0.71,LOCKED,41.9,15.7
1791266056171,28.631331,77.413028,40.0,CNG,34.70,14.9,5,1346,38.8,3.36,47.0,88.0,0.78,-3.91,13.5,0.0,40.0,0.00,PAUSED,41.9,14.9
1791266057073,28.631238,77.413057,39.0,CNG,41.45,14.9,5,1118,30.6,2.50,38.0,88.0,0.00,0.78,13.5,0.0,39.5,-0.30,PAUSED,41.9,14.9
1791266057589,28.631238,77.413057,38.0,CNG,42.87,14.9,,979,30.6,3.19,38.0,88.0,0.00,0.78,13.5,0.0,38.0,0.00,PAUSED,41.9,14.9
1791266058072,28.631147,77.413089,37.0,CNG,43.13,14.9,,874,30.6,3.23,38.0,87.0,0.00,0.78,13.5,0.0,37.0,0.00,PAUSED,41.9,14.5
1791266059002,28.631065,77.413112,36.0,CNG,48.45,14.9,,823,36.1,2.27,46.0,88.0,-7.03,0.78,13.5,0.0,36.0,0.00,PAUSED,41.9,14.9
1791266059472,28.631065,77.413112,33.0,CNG,46.84,14.9,,813,36.1,2.83,46.0,88.0,-7.03,0.78,13.5,0.0,33.0,0.00,PAUSED,41.9,14.5
1791266059982,28.630984,77.413136,32.0,CNG,45.32,14.9,,812,36.1,2.83,46.0,88.0,-7.03,0.78,13.5,0.0,32.0,0.00,PAUSED,41.9,14.5
1791266060855,28.630906,77.413162,32.0,CNG,44.03,14.9,,810,36.1,2.89,46.0,88.0,-3.91,0.78,13.5,0.0,32.0,0.00,PAUSED,41.9,14.5
1791266061414,28.630906,77.413162,31.0,CNG,43.70,14.9,,804,36.1,2.73,46.0,88.0,-3.91,0.78,13.5,0.0,31.0,0.00,ARMED,,14.5
1791266061976,28.630835,77.413186,31.0,CNG,51.05,14.9,,750,36.1,1.70,46.0,88.0,-3.91,0.78,13.5,0.0,31.0,0.00,ARMED,,12.9
1791266062925,28.630761,77.413213,29.0,CNG,50.79,14.9,,739,22.4,2.19,32.0,88.0,2.34,0.78,13.7,0.0,29.0,0.00,ARMED,,12.5
1791266063425,28.630761,77.413213,26.0,CNG,59.98,14.9,5,730,22.4,1.12,32.0,88.0,2.34,0.78,13.7,0.0,26.0,0.00,ARMED,,12.5
1791266063953,28.630700,77.413242,24.0,CNG,64.38,14.9,5,721,22.4,1.23,32.0,88.0,2.34,0.78,13.7,0.0,25.1,-0.57,ARMED,,12.5
1791266064863,28.630654,77.413266,23.0,CNG,54.34,14.9,5,718,22.7,2.05,31.0,88.0,-1.56,0.78,13.7,0.0,23.9,-1.10,ARMED,,12.5
1791266065403,28.630654,77.413266,20.0,CNG,46.44,14.9,4,711,22.7,2.09,31.0,88.0,-1.56,0.78,13.5,0.0,20.0,0.00,ARMED,,12.5
1791266065910,28.630610,77.413287,17.0,CNG,41.38,14.9,4,716,22.7,1.91,31.0,88.0,-1.56,0.78,13.5,0.0,18.5,-0.88,ARMED,,12.5
1791266066816,28.630610,77.413287,14.0,CNG,46.51,14.9,3,720,22.4,0.83,32.0,88.0,-2.34,0.78,13.6,0.0,14.0,0.00,ARMED,,12.5
1791266067318,28.630580,77.413301,10.0,CNG,32.98,14.9,2,724,22.4,2.06,32.0,88.0,-2.34,0.78,13.6,0.0,10.0,0.00,ARMED,,12.5
1791266067905,28.630562,77.413312,9.0,CNG,27.22,16.9,2,728,22.4,1.80,32.0,88.0,-2.34,0.78,13.6,2.7,9.5,-0.30,ARMED,,14.1
1791266068902,28.630543,77.413326,9.0,CNG,16.21,19.2,,697,45.5,3.89,56.0,89.0,0.78,-4.69,13.6,5.9,9.0,0.00,ARMED,,15.7
1791266069399,28.630543,77.413326,10.0,CNG,13.43,20.0,2,749,45.5,3.64,56.0,89.0,0.78,-4.69,13.5,7.0,10.0,0.00,ARMED,,15.7
1791266069911,28.630527,77.413344,10.0,CNG,11.16,20.0,2,759,45.5,4.33,56.0,89.0,0.78,-4.69,13.5,7.0,10.0,0.00,ARMED,,16.5
1791266070839,28.630527,77.413344,11.0,CNG,10.45,20.0,2,796,55.3,4.36,69.0,89.0,1.56,-3.91,13.6,7.0,10.5,0.29,ARMED,,16.5
1791266071318,28.630515,77.413370,12.0,CNG,10.12,21.2,2,874,55.3,4.70,69.0,89.0,1.56,-3.91,13.6,8.6,11.6,0.77,ARMED,,17.6
1791266071887,28.630492,77.413395,12.0,CNG,9.08,21.2,2,923,55.3,5.74,69.0,89.0,1.56,-3.91,13.6,8.6,12.0,0.77,ARMED,,18.0
1791266072725,28.630492,77.413395,13.0,CNG,9.66,14.9,2,992,47.8,4.69,52.0,89.0,-4.69,-3.13,13.6,0.0,12.6,0.92,ARMED,,16.9
1791266073233,28.630465,77.413421,14.0,CNG,9.92,21.2,2,1042,47.8,5.18,52.0,89.0,-4.69,-3.13,13.6,8.6,13.6,0.96,ARMED,,18.0
1791266073717,28.630465,77.413421,14.0,CNG,11.52,17.6,2,1064,47.8,3.59,52.0,89.0,-4.69,-3.13,13.6,3.7,14.0,0.95,ARMED,,16.5
1791266074579,28.630438,77.413445,15.0,CNG,14.24,17.3,2,1070,31.4,2.75,39.0,89.0,-8.59,-0.78,13.6,3.2,14.3,0.89,ARMED,,13.7
1791266075080,28.630410,77.413465,14.0,CNG,12.82,21.2,2,1064,31.4,4.77,39.0,89.0,-8.59,-0.78,13.6,8.6,14.3,0.48,ARMED,,16.9
1791266075620,28.630410,77.413465,13.0,CNG,10.76,22.0,2,1003,31.4,5.79,39.0,89.0,-8.59,-0.78,13.3,9.6,13.9,0.07,ARMED,,17.6
1791266076485,28.630380,77.413481,14.0,CNG,13.78,14.9,2,994,35.7,2.28,43.0,89.0,-8.59,0.78,13.3,0.0,13.5,-0.19,ARMED,,13.3
1791266077003,28.630349,77.413495,12.0,CNG,15.68,14.9,2,824,35.7,2.22,43.0,89.0,-8.59,0.78,13.7,0.0,11.7,-1.13,ARMED,,14.5
1791266077554,28.630349,77.413495,13.0,CNG,15.39,14.9,,840,35.7,3.30,43.0,89.0,-8.59,0.78,13.7,0.0,13.0,0.00,ARMED,,14.5
1791266078455,28.630320,77.413505,12.0,CNG,8.11,25.5,2,899,81.6,9.97,78.0,89.0,9.38,-3.91,13.5,14.4,12.0,0.00,ARMED,,20.8
1791266078957,28.630290,77.413511,12.0,CNG,11.29,14.9,2,871,81.6,1.54,78.0,89.0,9.38,-3.91,13.5,0.0,12.0,0.00,ARMED,,13.3
1791266079479,28.630290,77.413511,11.0,CNG,12.95,14.9,2,838,81.6,2.43,78.0,89.0,9.38,-3.91,13.6,0.0,11.5,-0.28,ARMED,,14.5
1791266080319,28.630261,77.413511,11.0,CNG,13.85,14.9,2,820,32.5,2.68,35.0,89.0,-4.69,0.78,13.6,0.0,11.2,-0.34,ARMED,,14.9
1791266080863,28.630236,77.413508,10.0,CNG,16.86,21.6,2,708,32.5,1.41,35.0,89.0,-4.69,0.78,13.4,9.1,10.3,-0.68,ARMED,,12.5
1791266081381,28.630236,77.413508,9.0,CNG,26.14,17.6,2,756,32.5,0.00,35.0,89.0,-4.69,0.78,13.4,3.7,10.3,-0.50,ARMED,,10.2
1791266082275,28.630215,77.413504,9.0,CNG,21.06,22.7,2,727,53.7,2.16,73.0,89.0,-8.59,-3.91,13.4,10.7,10.1,-0.48,ARMED,,12.5
1791266082808,28.630215,77.413504,9.0,CNG,34.10,14.9,,673,53.7,0.00,73.0,89.0,-8.59,-3.91,13.4,0.0,9.0,0.00,ARMED,,10.6
1791266083341,28.630196,77.413503,9.0,CNG,23.05,14.9,,661,53.7,2.24,73.0,89.0,-8.59,-3.91,13.4,0.0,9.0,0.00,ARMED,,12.9
1791266084214,28.630179,77.413498,9.0,CNG,26.05,14.9,,698,25.1,1.05,37.0,90.0,-2.34,0.78,13.4,0.0,9.0,0.00,ARMED,,12.5
1791266084746,28.630179,77.413498,7.0,CNG,27.05,14.9,,721,25.1,0.91,37.0,90.0,-2.34,0.78,13.6,0.0,7.0,0.00,ARMED,,12.5
1791266085279,28.630165,77.413493,6.0,CNG,26.37,14.9,1,731,25.1,0.91,37.0,90.0,-2.34,0.78,13.6,0.0,6.0,0.00,ARMED,,12.5
1791266086260,28.630153,77.413488,6.0,CNG,6.66,25.1,1,731,73.3,8.15,64.0,90.0,11.72,-3.91,13.1,13.9,6.0,0.00,ARMED,,19.6
1791266086796,28.630153,77.413488,6.0,CNG,8.14,14.9,,707,73.3,1.74,64.0,90.0,11.72,-3.91,13.1,0.0,6.0,0.00,ARMED,,12.2
1791266087299,28.630139,77.413482,6.0,CNG,8.81,14.9,1,749,73.3,2.24,64.0,90.0,11.72,-3.91,13.7,0.0,6.0,0.00,ARMED,,12.9
1791266088360,28.630127,77.413478,6.0,CNG,9.03,22.0,1,759,51.0,2.43,81.0,90.0,3.91,-3.91,13.7,9.6,6.0,0.00,ARMED,,13.3
1791266088910,28.630111,77.413473,7.0,CNG,13.58,14.9,,683,51.0,0.65,81.0,90.0,3.91,-3.91,13.2,0.0,7.0,0.00,ARMED,,12.2
1791266089428,28.630111,77.413473,7.0,CNG,15.92,15.3,,720,51.0,1.27,81.0,90.0,3.91,-3.91,13.2,0.5,7.0,0.00,ARMED,,12.5
1791266090396,28.630094,77.413467,8.0,CNG,7.01,21.6,,764,62.4,7.40,53.0,90.0,2.34,0.00,13.7,9.1,8.0,0.00,ARMED,,19.6
1791266090887,28.630072,77.413464,8.0,CNG,6.30,22.7,,734,62.4,5.49,53.0,90.0,2.34,0.00,13.7,10.7,8.0,0.00,ARMED,,17.6
1791266091398,28.630072,77.413464,9.0,CNG,6.62,20.8,,688,62.4,4.83,53.0,90.0,2.34,0.00,13.3,8.0,9.0,0.00,ARMED,,20.0
1791266092265,28.630047,77.413462,10.0,CNG,6.74,23.1,2,737,84.3,5.52,97.0,90.0,0.78,-3.91,13.3,11.2,10.0,0.00,ARMED,,18.8
1791266092829,28.630047,77.413462,11.0,CNG,6.15,23.1,2,859,84.3,7.52,97.0,90.0,0.78,-3.91,13.5,11.2,10.7,0.38,ARMED,,25.5
1791266093338,28.630017,77.413462,13.0,CNG,6.35,23.1,2,960,84.3,7.51,97.0,90.0,0.78,-3.91,13.5,11.2,11.9,1.01,ARMED,,22.7
1791266094229,28.629981,77.413466,14.0,CNG,6.28,23.5,2,1052,78.4,8.58,84.0,90.0,0.78,-3.91,13.6,11.8,13.1,1.45,ARMED,,22.0
1791266094724,28.629981,77.413466,16.0,CNG,6.86,23.5,2,1233,78.4,7.92,84.0,90.0,0.78,-3.91,13.6,11.8,15.5,2.04,ARMED,,20.8
1791266095228,28.629940,77.413473,18.0,CNG,7.45,23.9,2,1302,78.4,8.30,84.0,90.0,0.78,-3.91,13.7,12.3,16.7,2.18,ARMED,,20.8
1791266096136,28.629890,77.413477,19.0,CNG,7.83,23.9,2,1425,56.9,8.65,61.0,90.0,0.00,-3.13,13.7,12.3,18.3,2.40,ARMED,,20.4
1791266096713,28.629890,77.413477,21.0,CNG,8.04,23.9,2,1587,56.9,9.62,61.0,90.0,0.00,-3.13,13.7,12.3,20.7,2.56,ARMED,,20.4
1791266097257,28.629838,77.413490,23.0,CNG,8.46,23.9,2,1682,56.9,9.68,61.0,90.0,0.00,-3.13,13.7,12.3,22.1,2.57,ARMED,,20.4
1791266098155,28.629779,77.413503,23.0,CNG,8.50,25.5,2,1749,54.9,10.23,61.0,90.0,3.13,-3.13,13.4,14.4,23.3,2.43,ARMED,,21.2
1791266098717,28.629779,77.413503,25.0,CNG,12.64,14.9,2,1835,54.9,2.82,61.0,90.0,3.13,-3.13,13.4,0.0,24.7,1.88,ARMED,,15.3
1791266099252,28.629718,77.413526,25.0,CNG,16.31,14.9,4,1088,54.9,3.51,61.0,90.0,3.13,-3.13,13.6,0.0,25.0,0.00,ARMED,,15.7
1791266100160,28.629659,77.413539,24.0,CNG,12.65,23.5,3,1255,63.5,9.61,74.0,90.0,0.00,-3.91,13.6,11.8,24.0,0.00,ARMED,,20.8
1791266100675,28.629659,77.413539,26.0,CNG,12.12,23.5,3,1310,63.5,8.63,74.0,90.0,0.00,-3.91,13.7,11.8,25.3,0.76,ARMED,,20.8
1791266101207,28.629600,77.413558,26.0,CNG,11.67,23.1,3,1341,63.5,8.92,74.0,90.0,0.00,-3.91,13.7,11.2,25.9,0.80,ARMED,,20.4
1791266102107,28.629533,77.413581,27.0,CNG,12.13,22.7,3,1396,51.8,7.99,49.0,90.0,-3.13,-3.91,13.6,10.7,26.6,1.01,ARMED,,20.0
1791266102660,28.629533,77.413581,28.0,CNG,14.26,21.6,3,1447,51.8,5.65,49.0,90.0,-3.13,-3.91,13.6,9.1,27.9,1.18,ARMED,,17.6
1791266103189,28.629472,77.413599,29.0,CNG,16.34,21.6,3,1472,51.8,5.39,49.0,90.0,-3.13,-3.91,13.8,9.1,28.5,1.18,ARMED,,17.3
1791266104110,28.629402,77.413621,29.0,CNG,18.35,21.6,3,1486,32.5,4.95,43.0,90.0,0.78,-4.69,13.8,9.1,29.0,1.13,ARMED,,17.6
1791266104645,28.629402,77.413621,29.0,CNG,18.86,21.6,3,1513,32.5,5.61,43.0,90.0,0.78,-4.69,13.7,9.1,29.5,0.85,ARMED,,17.6
1791266105131,28.629333,77.413641,30.0,CNG,19.63,21.6,3,1533,32.5,5.47,43.0,90.0,0.78,-4.69,13.7,9.1,29.8,0.82,ARMED,,17.3
1791266106008,28.629261,77.413660,30.0,CNG,20.77,21.6,3,1558,30.2,5.03,40.0,90.0,1.56,-4.69,13.6,9.1,30.2,0.81,ARMED,,17.6
1791266106487,28.629261,77.413660,31.0,CNG,24.84,20.0,3,1583,30.2,3.42,40.0,90.0,1.56,-4.69,13.6,7.0,30.8,0.77,ARMED,,15.3
1791266106994,28.629188,77.413683,31.0,CNG,26.06,20.0,3,1576,30.2,4.20,40.0,90.0,1.56,-4.69,13.7,7.0,30.9,0.61,ARMED,,15.7
1791266108043,28.629114,77.413706,31.0,CNG,28.29,19.6,3,1568,20.0,3.64,31.0,89.0,0.78,-4.69,13.7,6.4,30.8,0.38,ARMED,,15.7
1791266108586,28.629114,77.413706,31.0,CNG,31.27,18.8,3,1559,20.0,3.18,31.0,89.0,0.78,-4.69,13.6,5.4,30.5,0.01,ARMED,,15.3
1791266109090,28.629041,77.413729,30.0,CNG,31.50,19.2,3,1537,20.0,3.58,31.0,89.0,0.78,-4.69,13.6,5.9,30.2,-0.19,ARMED,,15.3
1791266110003,28.628967,77.413753,30.0,CNG,30.96,20.0,3,1575,20.4,3.78,32.0,89.0,0.00,-3.91,13.6,7.0,30.3,-0.06,ARMED,,15.7
1791266110505,28.628967,77.413753,30.0,CNG,33.63,18.4,3,1525,20.4,2.95,32.0,89.0,0.00,-3.91,13.6,4.8,29.9,-0.31,ARMED,,15.3
1791266111034,28.628896,77.413776,29.0,CNG,34.96,17.6,3,1490,20.4,2.96,32.0,89.0,0.00,-3.91,13.6,3.7,29.4,-0.51,ARMED,,15.3
1791266111933,28.628826,77.413796,29.0,CNG,32.84,17.3,3,1500,20.0,3.67,30.0,89.0,0.78,0.00,13.6,3.2,29.1,-0.50,ARMED,,15.3
1791266112451,28.628826,77.413796,29.0,CNG,34.85,14.9,3,1479,20.0,2.87,30.0,89.0,0.78,0.00,13.7,0.0,28.7,-0.49,ARMED,,15.3
1791266112937,28.628758,77.413812,28.0,CNG,32.90,14.9,3,1436,20.0,3.52,30.0,89.0,0.78,0.00,13.7,0.0,28.2,-0.65,ARMED,,14.9
1791266113880,28.628696,77.413829,27.0,CNG,34.43,14.9,3,1378,21.2,2.76,32.0,89.0,0.00,0.00,13.7,0.0,27.4,-0.96,ARMED,,14.9
1791266114371,28.628696,77.413829,24.0,CNG,35.21,22.4,3,1247,21.2,2.49,32.0,88.0,0.00,0.00,13.7,10.2,24.9,-1.83,ARMED,,14.5
1791266114875,28.628635,77.413842,24.0,CNG,18.98,21.2,3,1229,21.2,8.47,32.0,88.0,0.00,0.00,13.7,8.6,24.0,-1.86,ARMED,,20.0
1791266115762,28.628635,77.413842,24.0,CNG,19.51,18.8,3,1255,33.7,4.47,32.0,88.0,-2.34,-3.91,13.7,5.4,23.7,-1.47,ARMED,,16.1
1791266116265,28.628580,77.413861,24.0,CNG,22.45,14.9,3,1167,33.7,3.11,32.0,88.0,-2.34,-3.91,13.7,0.0,22.6,-1.40,ARMED,,14.5
1791266116775,28.628580,77.413861,23.0,CNG,27.00,14.9,3,1167,33.7,2.19,32.0,88.0,-2.34,-3.91,13.7,0.0,22.3,-1.15,ARMED,,14.1
1791266117653,28.628525,77.413877,22.0,CNG,31.25,22.0,3,1121,31.0,1.99,68.0,88.0,0.00,-3.91,13.6,9.6,21.8,-1.13,ARMED,,14.1
1791266118175,28.628475,77.413893,21.0,CNG,20.36,21.6,3,1091,31.0,6.18,68.0,88.0,0.00,-3.91,13.6,9.1,21.1,-0.95,ARMED,,18.8
1791266118702,28.628475,77.413893,22.0,CNG,16.86,21.2,3,1126,31.0,6.26,68.0,88.0,0.00,-3.91,13.6,8.6,21.2,-0.57,ARMED,,18.4
1791266119611,28.628422,77.413910,22.0,CNG,15.63,21.2,3,1152,51.0,5.94,58.0,88.0,-0.78,-3.91,13.6,8.6,21.7,-0.11,ARMED,,18.0
1791266120145,28.628366,77.413927,23.0,CNG,15.13,21.2,3,1194,51.0,6.05,58.0,88.0,-0.78,-3.91,13.4,8.6,22.7,0.52,ARMED,,18.0
1791266120690,28.628366,77.413927,24.0,CNG,15.91,21.2,3,1224,51.0,5.32,58.0,88.0,-0.78,-3.91,13.4,8.6,23.4,0.78,ARMED,,18.0
1791266121623,28.628313,77.413944,24.0,CNG,14.39,22.0,3,1256,45.1,7.22,54.0,88.0,-0.78,-3.91,13.6,9.6,24.1,0.96,ARMED,,19.2
1791266122117,28.628253,77.413966,25.0,CNG,16.13,22.0,3,1297,45.1,4.89,54.0,88.0,-0.78,-3.91,13.6,9.6,25.1,1.01,ARMED,,17.6
1791266122617,28.628253,77.413966,26.0,CNG,17.58,22.0,3,1321,45.1,4.92,54.0,88.0,-0.78,-3.91,13.7,9.6,25.7,1.02,ARMED,,17.6
1791266123533,28.628196,77.413985,26.0,CNG,17.60,22.0,3,1358,38.0,5.61,49.0,88.0,-1.56,-3.91,13.7,9.6,26.3,1.05,ARMED,,17.6
1791266124099,28.628133,77.414007,27.0,CNG,18.04,22.0,3,1396,38.0,5.49,49.0,88.0,-1.56,-3.91,13.7,9.6,27.2,1.02,ARMED,,17.6
1791266124619,28.628133,77.414007,28.0,CNG,18.35,22.0,3,1418,38.0,5.66,49.0,88.0,-1.56,-3.91,13.7,9.6,27.7,1.00,ARMED,,17.6
1791266125573,28.628063,77.414028,28.0,CNG,18.77,22.0,3,1447,34.9,5.49,47.0,88.0,0.00,-3.91,13.7,9.6,28.2,0.98,ARMED,,17.6
1791266126083,28.627999,77.414052,29.0,CNG,19.85,22.0,3,1496,34.9,5.10,47.0,88.0,0.00,-3.91,13.7,9.6,29.1,0.99,ARMED,,17.6
1791266126659,28.627999,77.414052,30.0,CNG,18.21,22.0,3,1510,34.9,6.99,47.0,88.0,0.00,-3.91,13.7,9.6,29.5,0.95,ARMED,,18.8
1791266127713,28.627926,77.414077,30.0,CNG,18.06,22.4,3,1538,43.9,6.39,56.0,88.0,0.78,-3.13,13.6,10.2,30.0,0.94,ARMED,,18.4
1791266128261,28.627852,77.414103,31.0,CNG,15.86,23.1,3,1607,43.9,8.71,56.0,88.0,0.78,-3.13,13.5,11.2,31.2,1.00,ARMED,,20.0
1791266128728,28.627852,77.414103,32.0,CNG,15.68,22.7,3,1625,43.9,7.89,56.0,88.0,0.78,-3.13,13.5,10.7,31.7,0.99,ARMED,,19.6
1791266129656,28.627777,77.414129,32.0,CNG,16.43,22.0,3,1651,40.0,6.89,50.0,88.0,-0.78,-3.91,13.6,9.6,32.2,0.98,ARMED,,19.2
1791266130149,28.627696,77.414149,33.0,CNG,15.23,23.5,3,1691,40.0,9.09,50.0,88.0,-0.78,-3.91,13.6,11.8,33.0,0.96,ARMED,,20.4
1791266130663,28.627613,77.414174,33.0,CNG,10.92,41.2,3,1717,40.0,16.22,50.0,88.0,-0.78,-3.91,13.3,35.8,33.4,0.96,ARMED,,25.1
1791266131720,28.627613,77.414174,35.0,CNG,7.03,35.7,3,1828,92.5,28.27,88.0,88.0,1.56,-2.34,13.3,28.4,35.0,1.46,ARMED,,45.1
1791266132364,28.627524,77.414205,38.0,CNG,11.16,14.9,4,1650,92.5,2.92,88.0,88.0,1.56,-2.34,13.8,0.0,38.0,0.00,ARMED,,14.1
1791266132876,28.627435,77.414231,38.0,CNG,12.75,22.7,5,1063,92.5,9.08,88.0,88.0,1.56,-2.34,13.8,10.7,38.0,0.00,ARMED,,20.4
1791266133759,28.627435,77.414231,37.0,CNG,14.57,22.7,4,1458,47.1,7.63,51.0,88.0,-3.13,-3.91,13.7,10.7,37.0,0.00,ARMED,,19.2
