t_ms,lat,lon,speed_kmh,fuel,inst_eff,pedal,gear,rpm,load,maf,map,ect,stft,ltft,volt,pedal_norm,v_est,a_est,cruise_state,cruise_target,throttle,sugg_gear,cue
1791298590059,28.510429,77.382615,0.0,PETROL,,14.9,0,818,23.9,1.79,,90.0,4.69,-3.91,13.5,0.0,0.0,0.00,ARMED,,12.5,1,
1791298592242,28.510429,77.382615,0.0,PETROL,,14.9,0,706,23.9,2.12,,90.0,4.69,-3.91,13.5,0.0,0.0,0.00,ARMED,,12.5,1,
1791298593260,28.510429,77.382615,0.0,PETROL,,14.9,0,709,23.9,9.44,,90.0,4.69,-3.91,13.5,0.0,0.0,0.00,ARMED,,12.5,1,
1791298595489,28.510429,77.382615,0.0,CNG,,14.9,0,967,40.8,1.12,,90.0,0.00,-3.91,13.4,0.0,0.0,0.00,ARMED,,24.7,1,
1791298596465,28.510429,77.382615,0.0,CNG,,14.9,0,2104,40.8,2.97,,90.0,0.00,-3.91,13.4,0.0,0.0,0.00,ARMED,,24.7,1,
1791298597508,28.510429,77.382615,0.0,CNG,,23.9,0,1122,40.8,11.08,,90.0,0.00,-3.91,13.2,12.3,0.0,0.00,ARMED,,24.7,1,
1791298599644,28.510429,77.382615,0.0,CNG,,14.9,0,1750,34.1,3.01,,89.0,0.00,-3.91,13.2,0.0,0.0,0.00,ARMED,,15.3,1,
1791298600672,28.510429,77.382615,0.0,CNG,,22.0,0,899,34.1,2.53,,89.0,0.00,-3.91,13.4,9.6,0.0,0.00,ARMED,,15.3,1,
1791298601451,28.510429,77.382615,0.0,CNG,,14.9,0,1486,34.1,2.35,,89.0,0.00,-3.91,13.4,0.0,0.0,0.00,ARMED,,15.3,1,
1791298603177,28.510429,77.382615,0.0,CNG,,15.3,0,1088,23.1,3.21,,89.0,0.00,-3.13,13.4,0.5,0.0,0.00,ARMED,,12.9,1,
1791298603997,28.510429,77.382615,0.0,CNG,,20.8,0,833,23.1,4.26,,89.0,0.00,-3.13,13.4,8.0,0.0,0.00,ARMED,,12.9,1,
1791298604805,28.510429,77.382615,0.0,CNG,,14.9,0,1371,23.1,3.29,,89.0,0.00,-3.13,13.2,0.0,0.0,0.00,ARMED,,12.9,1,
1791298606388,28.510429,77.382615,0.0,CNG,,20.0,0,799,33.3,2.10,,89.0,0.00,-3.13,13.2,7.0,0.0,0.00,ARMED,,16.9,1,
1791298607155,28.510429,77.382615,0.0,CNG,,14.9,0,1471,33.3,2.43,,89.0,0.00,-3.13,13.2,0.0,0.0,0.00,ARMED,,16.9,1,
1791298607895,28.510429,77.382615,0.0,CNG,,14.9,0,802,33.3,1.76,,89.0,0.00,-3.13,13.2,0.0,0.0,0.00,ARMED,,16.9,1,
1791298609665,28.510429,77.382615,0.0,CNG,,14.9,0,710,25.1,2.14,,89.0,0.00,-3.91,13.3,0.0,0.0,0.00,ARMED,,12.5,1,
1791298610459,28.510429,77.382615,0.0,CNG,,14.9,0,707,25.1,1.43,,89.0,0.00,-3.91,13.3,0.0,0.0,0.00,ARMED,,12.5,1,
1791298611268,28.510429,77.382615,0.0,CNG,,14.9,0,703,25.1,2.16,,89.0,0.00,-3.91,13.4,0.0,0.0,0.00,ARMED,,12.5,1,
1791298612897,28.510429,77.382615,0.0,CNG,,14.9,0,716,38.8,2.18,,88.0,-3.91,-3.91,13.4,0.0,0.0,0.00,ARMED,,14.5,1,
1791298613650,28.510429,77.382615,0.0,CNG,,14.9,0,765,38.8,2.24,,88.0,-3.91,-3.91,12.9,0.0,0.0,0.00,ARMED,,14.5,1,
1791298614483,28.510429,77.382615,0.0,CNG,,14.9,0,796,38.8,3.54,,88.0,-3.91,-3.91,12.9,0.0,0.0,0.00,ARMED,,14.5,1,
1791298616141,28.510429,77.382615,0.0,CNG,,14.9,0,818,46.7,3.74,,88.0,0.00,-3.91,13.5,0.0,0.0,0.00,ARMED,,15.7,1,
1791298616872,28.510429,77.382615,0.0,CNG,,15.7,0,831,46.7,5.55,,88.0,0.00,-3.91,13.5,1.1,0.0,0.00,ARMED,,15.7,1,
1791298617664,28.510429,77.382615,1.0,CNG,,14.9,,824,46.7,4.19,,88.0,0.00,-3.91,13.3,0.0,1.0,0.00,ARMED,,15.7,,
1791298619307,28.510434,77.382621,2.0,CNG,,14.9,,838,59.6,3.78,,88.0,-0.78,-3.13,13.3,0.0,2.0,0.00,ARMED,,22.0,,
1791298620095,28.510438,77.382623,5.0,CNG,,22.4,1,759,59.6,6.60,,88.0,-0.78,-3.13,13.3,10.2,5.0,0.00,ARMED,,22.0,1,
1791298620866,28.510454,77.382639,8.0,CNG,3.26,23.1,1,1098,59.6,8.37,,88.0,-0.78,-3.13,13.3,11.2,6.9,1.09,ARMED,,22.0,1,
1791298622480,28.510476,77.382659,10.0,CNG,4.71,23.1,1,1446,36.9,6.27,,88.0,-7.03,-2.34,13.5,11.2,9.1,1.91,ARMED,,19.2,1,
1791298623229,28.510500,77.382684,13.0,CNG,7.82,14.9,1,1709,36.9,3.44,,88.0,-7.03,-2.34,13.5,0.0,12.9,2.25,ARMED,,19.2,1,
1791298624023,28.510526,77.382709,13.0,CNG,6.89,23.5,2,905,36.9,9.24,,88.0,-7.03,-2.34,13.2,11.8,13.0,0.00,ARMED,,19.2,2,
1791298625913,28.510586,77.382766,15.0,CNG,7.90,23.5,2,1074,52.5,6.94,,89.0,-0.78,-3.13,13.3,11.8,14.3,0.73,ARMED,,18.0,2,
1791298626688,28.510586,77.382766,18.0,CNG,9.66,22.4,2,1350,52.5,6.22,,89.0,-0.78,-3.13,13.3,10.2,17.8,1.67,ARMED,,18.0,2,
1791298627473,28.510621,77.382799,19.0,CNG,11.07,22.4,2,1428,52.5,6.20,,89.0,-0.78,-3.13,13.3,10.2,19.1,1.66,ARMED,,18.0,2,
1791298629177,28.510700,77.382867,20.0,CNG,12.39,22.4,2,1496,44.3,5.98,,89.0,-3.91,-2.34,13.4,10.2,20.1,1.60,ARMED,,19.6,2,
1791298629975,28.510744,77.382905,22.0,CNG,12.07,22.4,2,1629,44.3,8.17,,89.0,-3.91,-2.34,13.4,10.2,21.9,1.14,ARMED,,19.6,2,
1791298630801,28.510790,77.382944,23.0,CNG,12.30,22.4,2,1695,44.3,7.92,,89.0,-3.91,-2.34,13.3,10.2,22.7,1.11,ARMED,,19.6,2,
1791298632464,28.510837,77.382987,24.0,CNG,12.20,22.4,2,1740,93.3,8.64,,89.0,4.69,-2.34,13.3,10.2,23.4,1.06,ARMED,,53.7,2,
1791298633283,28.510890,77.383033,29.0,CNG,5.14,47.5,2,2103,93.3,40.76,,89.0,4.69,-2.34,13.4,44.4,27.9,2.31,ARMED,,53.7,2,
1791298634206,28.510954,77.383087,34.0,CNG,8.15,14.9,2,2543,93.3,6.44,,89.0,4.69,-2.34,13.4,0.0,33.0,3.91,ARMED,,53.7,3,
1791298635839,28.511094,77.383205,35.0,CNG,13.02,23.1,3,1869,42.7,3.16,,89.0,-2.34,-3.13,13.5,11.2,35.0,0.00,ARMED,,18.0,3,
1791298636578,28.511094,77.383205,35.0,CNG,16.33,22.0,3,1775,42.7,6.15,,90.0,-2.34,-3.13,13.5,9.6,35.0,0.00,ARMED,,18.0,3,
1791298637377,28.511165,77.383263,35.0,CNG,18.79,22.0,3,1806,42.7,6.39,,90.0,-2.34,-3.13,13.3,9.6,35.0,0.00,ARMED,,18.0,3,
1791298639039,28.511308,77.383382,36.0,CNG,21.48,21.2,3,1818,27.1,5.82,,90.0,-2.34,-3.13,13.3,8.6,35.2,0.05,ARMED,,17.6,3,
1791298639848,28.511379,77.383440,36.0,CNG,24.39,21.2,3,1844,27.1,5.16,,90.0,-2.34,-3.13,13.5,8.6,35.7,0.27,CANDIDATE,35.7,17.6,3,
1791298640702,28.511379,77.383440,36.0,CNG,26.29,21.2,3,1857,27.1,5.27,,90.0,-2.34,-3.13,13.5,8.6,36.0,0.29,LOCKED,36.0,17.6,3,
1791298642413,28.511519,77.383559,36.0,CNG,26.32,21.2,3,1864,26.3,5.93,,90.0,-2.34,-3.13,13.4,8.6,36.2,0.27,LOCKED,36.0,17.6,3,
1791298643180,28.511588,77.383621,37.0,CNG,26.63,21.2,3,1893,26.3,5.93,,90.0,-2.34,-3.13,13.4,8.6,36.8,0.29,LOCKED,36.0,17.6,3,
1791298644037,28.511660,77.383685,37.0,CNG,27.86,21.2,3,1866,26.3,5.38,,90.0,-2.34,-3.13,13.5,8.6,36.5,0.04,LOCKED,36.0,17.6,3,
1791298645643,28.511732,77.383750,37.0,CNG,32.14,16.5,3,1870,19.6,3.86,,90.0,0.00,-4.69,13.5,2.1,36.5,0.00,LOCKED,36.0,16.1,3,
1791298646471,28.511805,77.383810,36.0,CNG,33.43,14.9,3,1844,19.6,4.39,,90.0,0.00,-4.69,13.3,0.0,36.0,-0.23,LOCKED,36.0,16.1,3,
1791298647210,28.511877,77.383869,35.0,CNG,31.61,14.9,4,1265,19.6,5.22,,90.0,0.00,-4.69,13.3,0.0,35.0,0.00,PAUSED,36.0,16.1,4,
1791298648913,28.511983,77.383968,31.0,CNG,35.41,14.9,,1061,36.1,3.01,,90.0,0.00,-3.91,13.3,0.0,31.0,0.00,PAUSED,36.0,14.9,,
1791298649675,28.511983,77.383968,20.0,CNG,31.73,14.9,4,815,36.1,3.46,,90.0,0.00,-3.91,13.3,0.0,20.0,0.00,PAUSED,36.0,14.9,4,
1791298650432,28.512022,77.384002,16.0,CNG,30.01,14.9,3,815,36.1,2.65,,90.0,0.00,-3.91,13.4,0.0,16.0,0.00,PAUSED,36.0,14.9,3,
1791298652135,28.512081,77.384047,14.0,CNG,18.24,25.1,3,811,69.4,6.61,,90.0,6.25,-3.91,13.4,13.9,14.8,-0.71,PAUSED,36.0,21.2,2,
1791298652936,28.512119,77.384074,18.0,CNG,14.34,22.4,2,1284,69.4,7.36,,90.0,6.25,-3.91,13.3,10.2,18.0,0.00,ARMED,,21.2,2,
1791298653640,28.512119,77.384074,19.0,CNG,10.79,26.3,2,1398,69.4,10.49,,90.0,6.25,-3.91,13.3,15.5,18.6,0.35,ARMED,,21.2,2,
1791298655279,28.512225,77.384082,21.0,CNG,10.34,25.9,2,1519,41.2,9.32,,90.0,-0.78,-3.13,13.5,15.0,20.2,1.11,ARMED,,14.5,2,
1791298656016,28.512281,77.384061,22.0,CNG,15.48,27.8,3,1247,41.2,2.03,,90.0,-0.78,-3.13,13.5,17.7,22.0,0.00,ARMED,,14.5,2,
1791298656794,28.512334,77.384029,23.0,CNG,12.52,27.8,3,1145,41.2,10.04,,90.0,-0.78,-3.13,13.4,17.7,22.6,0.36,ARMED,,14.5,2,
1791298658534,28.512384,77.383986,25.0,CNG,12.20,26.7,3,1267,59.2,9.20,,90.0,-1.56,-3.91,13.6,16.1,24.2,1.11,ARMED,,20.0,2,
1791298659333,28.512438,77.383934,29.0,CNG,14.33,22.7,3,1472,59.2,6.97,,90.0,-1.56,-3.91,13.4,10.7,28.7,2.27,ARMED,,20.0,3,
1791298660156,28.512493,77.383879,30.0,CNG,16.62,22.7,3,1517,59.2,6.25,,90.0,-1.56,-3.91,13.4,10.7,30.1,1.99,ARMED,,20.0,3,
1791298661879,28.512606,77.383766,30.0,CNG,17.96,22.7,3,1550,38.0,6.46,,90.0,0.00,-3.91,13.4,10.7,30.9,1.57,ARMED,,18.8,3,
1791298662605,28.512606,77.383766,32.0,CNG,18.73,22.7,3,1638,38.0,7.00,,90.0,0.00,-3.91,13.4,10.7,32.4,1.00,ARMED,,18.8,3,
1791298663395,28.512667,77.383707,33.0,CNG,18.66,22.7,3,1676,38.0,7.72,,90.0,0.00,-3.91,13.4,10.7,33.0,0.97,ARMED,,18.8,3,
1791298665012,28.512787,77.383577,33.0,CNG,17.72,22.7,3,1715,43.1,8.66,,90.0,-0.78,-3.91,13.4,10.7,33.7,0.95,ARMED,,20.0,3,
1791298665853,28.512850,77.383513,35.0,CNG,18.08,22.7,3,1785,43.1,8.18,,90.0,-0.78,-3.91,13.2,10.7,35.1,0.89,ARMED,,20.0,3,
1791298666631,28.512850,77.383513,36.0,CNG,18.43,22.4,3,1809,43.1,8.26,,89.0,-0.78,-3.91,13.2,10.2,35.6,0.85,ARMED,,20.0,3,
1791298668323,28.512980,77.383377,36.0,CNG,18.40,22.4,3,1846,39.6,8.52,,89.0,0.00,-3.91,13.5,10.2,36.3,0.84,ARMED,,20.0,3,
1791298669079,28.513045,77.383306,37.0,CNG,20.22,22.4,3,1897,39.6,6.83,,89.0,0.00,-3.91,13.5,10.2,37.3,0.65,ARMED,,20.0,3,
1791298669833,28.513111,77.383233,37.0,CNG,21.27,22.4,3,1920,39.6,6.99,,89.0,0.00,-3.91,13.2,10.2,37.7,0.63,ARMED,,20.0,3,
1791298671496,28.513178,77.383162,38.0,CNG,22.58,22.4,3,1920,29.4,6.66,,88.0,-0.78,-4.69,13.2,10.2,37.8,0.45,ARMED,,18.4,3,
1791298672305,28.513246,77.383088,38.0,CNG,24.10,22.0,3,1962,29.4,6.18,,88.0,-0.78,-4.69,13.5,9.6,38.4,0.41,ARMED,,18.4,3,
1791298673086,28.513317,77.383008,39.0,CNG,25.08,19.6,3,1984,29.4,6.36,,88.0,-0.78,-4.69,13.5,6.4,38.8,0.43,ARMED,,18.4,4,
1791298674784,28.513457,77.382858,39.0,CNG,31.75,21.2,3,1808,38.0,3.26,,88.0,0.00,-4.69,13.5,8.6,37.0,-0.85,ARMED,,18.4,3,
1791298675521,28.513457,77.382858,39.0,CNG,28.74,21.6,4,1509,38.0,6.72,,87.0,0.00,-4.69,13.5,9.1,39.0,0.00,ARMED,,18.4,4,
1791298676303,28.513528,77.382781,39.0,CNG,29.62,21.2,4,1533,38.0,5.46,,87.0,0.00,-4.69,13.5,8.6,39.0,0.00,ARMED,,18.4,4,
1791298677960,28.513672,77.382628,40.0,CNG,31.65,21.2,4,1548,30.6,4.94,,88.0,0.78,-4.69,13.5,8.6,39.6,0.36,ARMED,,17.3,4,
1791298678729,28.513672,77.382628,40.0,CNG,32.17,21.2,4,1556,30.6,5.27,,88.0,0.78,-4.69,13.4,8.6,40.0,0.32,ARMED,,17.3,4,
1791298679517,28.513744,77.382553,40.0,CNG,33.37,21.2,4,1569,30.6,4.92,,88.0,0.78,-4.69,13.4,8.6,40.3,0.32,ARMED,,17.3,4,
1791298681169,28.513889,77.382394,41.0,CNG,31.35,21.2,4,1581,35.7,6.18,,88.0,-1.56,-4.69,13.4,8.6,40.6,0.34,ARMED,,18.4,4,
1791298682051,28.513959,77.382317,41.0,CNG,30.27,20.4,4,1580,35.7,6.18,,88.0,-1.56,-4.69,13.4,7.5,40.7,0.12,ARMED,,18.4,4,
1791298682861,28.514032,77.382238,41.0,CNG,30.63,14.9,4,1584,35.7,5.71,,88.0,-1.56,-4.69,13.4,0.0,40.8,0.11,ARMED,,18.4,4,
1791298684579,28.514103,77.382158,40.0,CNG,29.58,14.9,4,1560,20.0,6.18,,88.0,0.00,0.00,13.4,0.0,40.4,-0.16,ARMED,,15.3,4,
1791298685346,28.514173,77.382081,37.0,CNG,34.08,14.9,4,1451,20.0,3.54,,88.0,0.00,0.00,13.4,0.0,37.7,-1.33,ARMED,,15.3,4,
1791298686173,28.514238,77.382003,34.0,CNG,37.21,14.9,4,1358,20.0,3.34,,88.0,0.00,0.00,13.4,0.0,35.5,-1.97,ARMED,,15.3,4,
1791298687829,28.514344,77.381889,31.0,CNG,42.85,14.9,5,1047,23.1,2.29,,88.0,0.00,-3.91,13.3,0.0,31.0,0.00,ARMED,,12.9,5,
1791298688565,28.514344,77.381889,27.0,CNG,54.55,21.6,5,767,23.1,1.02,,88.0,0.00,-3.91,13.3,9.1,27.5,-1.64,ARMED,,12.9,5,
1791298689333,28.514391,77.381838,26.0,CNG,23.96,27.1,3,1507,23.1,9.53,,88.0,0.00,-3.91,13.5,16.6,26.0,0.00,ARMED,,12.9,3,
1791298691131,28.514489,77.381736,27.0,CNG,20.12,24.3,3,1395,47.1,7.35,,88.0,-4.69,-3.91,13.5,12.8,26.6,0.36,ARMED,,19.2,3,
1791298691897,28.514543,77.381679,30.0,CNG,25.09,22.0,3,1522,47.1,3.37,,88.0,-4.69,-3.91,13.3,9.6,29.7,1.46,ARMED,,19.2,3,
1791298692692,28.514543,77.381679,30.0,CNG,24.17,22.0,3,1538,47.1,5.68,,89.0,-4.69,-3.91,13.3,9.6,30.5,1.23,ARMED,,19.2,3,
1791298694365,28.514657,77.381561,31.0,CNG,24.98,21.6,3,1565,32.2,5.13,,89.0,0.00,-4.69,13.4,9.1,31.1,1.01,ARMED,,17.6,3,
1791298695143,28.514718,77.381498,32.0,CNG,25.14,21.6,3,1629,32.2,5.48,,89.0,0.00,-4.69,13.4,9.1,32.1,0.72,ARMED,,17.6,3,
1791298695894,28.514774,77.381434,32.0,CNG,24.88,21.6,3,1647,32.2,5.67,,89.0,0.00,-4.69,13.4,9.1,32.5,0.67,ARMED,,17.6,3,
1791298697551,28.514831,77.381372,33.0,CNG,27.57,20.4,3,1664,23.5,4.40,,89.0,-0.78,-4.69,13.4,7.5,32.9,0.62,ARMED,,17.6,3,
1791298698361,28.514890,77.381309,33.0,CNG,27.89,18.0,3,1681,23.5,5.05,,89.0,-0.78,-4.69,13.2,4.3,33.2,0.27,ARMED,,17.6,3,
1791298699148,28.514948,77.381246,32.0,CNG,30.61,14.9,3,1612,23.5,3.87,,89.0,-0.78,-4.69,13.2,0.0,32.3,-0.33,ARMED,,17.6,3,
1791298700810,28.515054,77.381132,30.0,CNG,32.94,14.9,,1036,32.9,3.47,,89.0,0.00,-3.91,13.2,0.0,30.0,0.00,ARMED,,15.3,,
1791298701538,28.515054,77.381132,29.0,CNG,34.76,14.9,5,886,32.9,3.30,,89.0,0.00,-3.91,13.2,0.0,29.0,0.00,ARMED,,15.3,5,
1791298702328,28.515104,77.381079,28.0,CNG,37.48,22.4,5,810,32.9,2.83,,89.0,0.00,-3.91,13.5,10.2,28.4,-0.36,ARMED,,15.3,5,
1791298704035,28.515212,77.380972,27.0,CNG,19.65,25.5,3,1423,63.5,10.61,,89.0,5.47,-3.91,13.5,14.4,27.0,0.00,ARMED,,20.8,2,
1791298704796,28.515266,77.380920,30.0,CNG,18.88,22.0,3,1545,63.5,7.29,,89.0,5.47,-3.91,13.4,9.6,29.6,1.23,ARMED,,20.8,3,
1791298705607,28.515266,77.380920,31.0,CNG,21.60,21.2,3,1580,63.5,4.97,,90.0,5.47,-3.91,13.4,8.6,30.9,1.29,ARMED,,20.8,3,
1791298707351,28.515375,77.380802,32.0,CNG,25.66,20.4,3,1587,22.7,3.99,,90.0,0.00,-4.69,13.4,7.5,31.4,1.04,ARMED,,15.3,3,
1791298708122,28.515429,77.380742,31.0,CNG,26.28,20.8,3,1601,22.7,4.94,,90.0,0.00,-4.69,13.4,8.0,31.6,0.29,ARMED,,15.3,3,
1791298708926,28.515484,77.380685,31.0,CNG,29.22,20.0,3,1601,22.7,3.84,,90.0,0.00,-4.69,13.5,7.0,31.6,0.13,ARMED,,15.3,3,
1791298710573,28.515541,77.380625,31.0,CNG,33.20,14.9,3,1597,23.9,3.23,,90.0,0.00,0.00,13.5,0.0,31.4,0.06,ARMED,,13.3,3,
1791298711350,28.515594,77.380567,28.0,CNG,38.88,14.9,5,819,23.9,2.24,,90.0,0.00,0.00,13.3,0.0,28.0,0.00,ARMED,,13.3,5,
1791298712086,28.515639,77.380520,23.0,CNG,42.60,14.9,5,714,23.9,1.91,,90.0,0.00,0.00,13.3,0.0,25.0,-1.78,ARMED,,13.3,5,
1791298713684,28.515673,77.380481,19.0,CNG,42.44,14.9,4,710,24.7,1.96,,90.0,0.00,-3.91,13.6,0.0,19.0,0.00,ARMED,,12.9,4,
1791298714462,28.515697,77.380455,11.0,CNG,34.66,14.9,,715,24.7,2.20,,89.0,0.00,-3.91,13.6,0.0,11.0,0.00,ARMED,,12.9,,
1791298715211,28.515716,77.380439,11.0,CNG,27.87,14.9,2,759,24.7,2.57,,89.0,0.00,-3.91,13.4,0.0,11.0,0.00,ARMED,,12.9,2,
1791298716817,28.515755,77.380401,10.0,CNG,23.19,14.9,2,763,38.4,2.61,,90.0,-1.56,-3.91,13.4,0.0,10.4,-0.36,ARMED,,14.9,2,
1791298717652,28.515755,77.380401,9.0,CNG,20.11,14.9,,794,38.4,2.52,,90.0,-1.56,-3.91,13.3,0.0,9.0,0.00,ARMED,,14.9,,
1791298718448,28.515773,77.380385,10.0,CNG,10.00,14.9,2,814,38.4,8.15,,90.0,-1.56,-3.91,13.3,0.0,10.0,0.00,ARMED,,14.9,2,
1791298720190,28.515807,77.380347,10.0,CNG,10.85,14.9,,910,38.4,3.44,,90.0,-0.78,-3.91,13.3,0.0,10.0,0.00,ARMED,,14.9,,
1791298720981,28.515819,77.380333,6.0,CNG,5.92,27.5,1,822,38.4,9.71,,90.0,-0.78,-3.91,13.3,17.1,6.0,0.00,ARMED,,14.9,1,
1791298721798,28.515831,77.380318,7.0,CNG,6.70,14.9,,1462,38.4,3.40,,90.0,-0.78,-3.91,13.4,0.0,7.0,0.00,ARMED,,14.9,,
1791298723558,28.515843,77.380302,8.0,CNG,8.82,14.9,1,1029,27.5,2.06,,90.0,8.59,-3.91,13.5,0.0,8.0,0.00,ARMED,,20.8,1,
1791298724376,28.515852,77.380289,6.0,CNG,5.30,22.0,,1378,27.5,8.86,,90.0,8.59,-3.91,13.3,9.6,6.0,0.00,ARMED,,20.8,,
1791298725110,28.515861,77.380274,7.0,CNG,7.07,23.1,,756,27.5,2.08,,90.0,8.59,-3.91,13.3,11.2,7.0,0.00,ARMED,,20.8,,
1791298726717,28.515872,77.380258,7.0,CNG,6.17,24.7,,702,47.5,5.88,,90.0,0.00,-3.91,13.1,13.4,7.0,0.00,ARMED,,11.0,,
1791298727451,28.515886,77.380237,9.0,CNG,6.03,25.5,,654,47.5,6.66,,90.0,0.00,-3.91,13.1,14.4,9.0,0.00,ARMED,,11.0,,
1791298728275,28.515900,77.380214,11.0,CNG,6.41,23.5,2,758,47.5,6.94,,90.0,0.00,-3.91,13.5,11.8,11.0,0.00,ARMED,,11.0,2,
1791298729919,28.515939,77.380153,13.0,CNG,9.30,19.6,2,962,25.9,3.20,,90.0,-4.69,-4.69,13.5,6.4,12.2,0.72,ARMED,,14.1,2,
1791298730739,28.515939,77.380153,14.0,CNG,12.62,18.0,2,1071,25.9,2.85,,90.0,-4.69,-4.69,13.5,4.3,13.9,0.94,ARMED,,14.1,2,
1791298731490,28.515962,77.380122,14.0,CNG,17.30,15.7,2,1067,25.9,1.84,,90.0,-4.69,-4.69,13.5,1.1,14.2,0.68,ARMED,,14.1,2,
1791298733175,28.516012,77.380070,14.0,CNG,20.57,14.9,2,1042,32.9,2.19,,90.0,2.34,-3.91,12.9,0.0,14.1,0.29,ARMED,,14.5,2,
1791298733920,28.516034,77.380054,11.0,CNG,20.58,14.9,2,780,32.9,2.32,,90.0,2.34,-3.91,12.9,0.0,10.7,-1.49,ARMED,,14.5,2,
1791298734742,28.516034,77.380054,10.0,CNG,17.70,18.8,2,797,32.9,3.09,,90.0,2.34,-3.91,13.0,5.4,10.1,-1.17,ARMED,,14.5,2,
1791298736443,28.516078,77.380026,10.0,CNG,12.67,20.8,2,798,41.6,5.10,,90.0,-1.56,-3.13,13.0,8.0,9.9,-0.73,ARMED,,14.9,2,
1791298737188,28.516100,77.380009,11.0,CNG,11.25,14.9,2,841,41.6,4.95,,90.0,-1.56,-3.13,13.4,0.0,10.7,0.20,ARMED,,14.9,2,
1791298737985,28.516122,77.379994,11.0,CNG,13.70,17.3,2,787,41.6,2.36,,90.0,-1.56,-3.13,13.4,3.2,10.5,-0.01,ARMED,,14.9,2,
1791298739743,28.516145,77.379984,10.0,CNG,10.40,23.9,2,786,67.5,5.83,,90.0,7.81,-3.91,13.3,12.3,10.4,-0.05,ARMED,,13.3,2,
1791298740496,28.516173,77.379987,12.0,CNG,12.44,14.9,2,859,67.5,3.10,,89.0,7.81,-3.91,13.3,0.0,11.2,0.38,ARMED,,13.3,2,
1791298741245,28.516196,77.380002,8.0,CNG,13.25,14.9,,768,67.5,2.27,,89.0,7.81,-3.91,13.4,0.0,8.0,0.00,ARMED,,13.3,,
1791298742943,28.516212,77.380025,4.0,CNG,12.52,14.9,,744,67.1,1.67,,90.0,10.94,-4.69,13.4,0.0,4.0,0.00,ARMED,,20.0,,
1791298743781,28.516221,77.380037,6.0,CNG,16.30,14.9,,977,67.1,0.69,,90.0,10.94,-4.69,13.1,0.0,6.0,0.00,ARMED,,20.0,,
1791298744557,28.516221,77.380037,5.0,CNG,6.32,22.4,,882,67.1,7.80,,90.0,10.94,-4.69,13.1,10.2,5.0,0.00,ARMED,,20.0,,
1791298746198,28.516239,77.380070,8.0,CNG,7.40,14.9,1,1055,24.3,3.77,,90.0,-1.56,-3.13,13.5,0.0,8.0,0.00,ARMED,,13.7,1,
1791298746973,28.516245,77.380088,7.0,CNG,5.56,24.3,1,891,24.3,7.47,,89.0,-1.56,-3.13,13.5,12.8,7.1,-0.41,ARMED,,13.7,1,
1791298747747,28.516245,77.380088,8.0,CNG,5.54,24.7,,863,24.3,6.31,,89.0,-1.56,-3.13,13.3,13.4,8.0,0.00,ARMED,,13.7,,
1791298749338,28.516259,77.380138,11.0,CNG,5.41,14.9,2,778,82.7,9.04,,89.0,-6.25,-3.91,13.3,0.0,11.0,0.00,ARMED,,32.5,2,
1791298750118,28.516265,77.380168,12.0,CNG,5.80,27.1,2,848,82.7,8.28,,89.0,-6.25,-3.91,13.2,16.6,11.9,0.41,ARMED,,32.5,2,
1791298750910,28.516276,77.380204,14.0,CNG,6.32,24.3,2,1033,82.7,8.69,,89.0,-6.25,-3.91,13.2,12.8,13.3,1.07,ARMED,,32.5,2,
1791298752578,28.516296,77.380247,17.0,CNG,7.18,23.9,2,1239,52.2,8.84,,89.0,0.78,-3.91,13.4,12.3,15.8,2.01,ARMED,,17.3,2,
1791298753375,28.516327,77.380296,20.0,CNG,10.79,14.9,,1188,52.2,3.87,,89.0,0.78,-3.91,13.4,0.0,20.0,0.00,ARMED,,17.3,,
1791298754186,28.516354,77.380340,20.0,CNG,12.29,20.4,3,1068,52.2,5.86,,89.0,0.78,-3.91,13.2,7.5,20.0,0.00,ARMED,,17.3,3,
1791298755966,28.516415,77.380425,20.0,CNG,14.32,14.9,3,1045,23.9,4.73,,89.0,-7.03,-3.13,13.1,0.0,20.0,0.00,ARMED,,12.9,3,
1791298756730,28.516415,77.380425,17.0,CNG,18.46,14.9,4,736,23.9,2.10,,89.0,-7.03,-3.13,13.2,0.0,17.0,0.00,ARMED,,12.9,4,
1791298757479,28.516439,77.380462,15.0,CNG,23.50,14.9,3,710,23.9,1.41,,89.0,-7.03,-3.13,13.2,0.0,15.0,0.00,ARMED,,12.9,3,
1791298759194,28.516495,77.380511,14.0,CNG,28.15,18.4,3,708,54.9,1.39,,89.0,0.00,-4.69,13.2,4.8,14.4,-0.36,ARMED,,12.5,3,
1791298760027,28.516529,77.380519,14.0,CNG,27.12,20.0,2,1052,54.9,2.38,,89.0,0.00,-4.69,13.2,7.0,14.0,0.00,ARMED,,12.5,2,
1791298760878,28.516567,77.380515,14.0,CNG,19.35,20.8,2,1039,54.9,4.59,,89.0,0.00,-4.69,13.4,8.0,14.0,0.00,ARMED,,12.5,2,
1791298762527,28.516602,77.380503,14.0,CNG,17.61,23.5,2,1074,72.9,3.94,,89.0,0.78,-4.69,13.4,11.8,14.0,0.00,ARMED,,22.4,2,
1791298763307,28.516636,77.380482,18.0,CNG,12.87,24.3,2,1310,72.9,8.03,,89.0,0.78,-4.69,13.5,12.8,17.5,1.64,ARMED,,22.4,2,
1791298764106,28.516674,77.380452,19.0,CNG,12.23,22.7,2,1450,72.9,7.17,,88.0,0.78,-4.69,13.5,10.7,19.5,2.02,ARMED,,22.4,2,
1791298765772,28.516753,77.380377,20.0,CNG,13.67,14.9,2,1518,32.5,5.39,,88.0,-2.34,-4.69,13.4,0.0,20.8,1.96,ARMED,,18.0,2,
1791298766528,28.516753,77.380377,21.0,CNG,18.29,14.9,2,1585,32.5,2.79,,88.0,-2.34,-4.69,13.4,0.0,21.9,0.92,ARMED,,18.0,2,
1791298767281,28.516790,77.380336,21.0,CNG,22.35,14.9,3,1011,32.5,2.83,,88.0,-2.34,-4.69,13.3,0.0,21.0,0.00,ARMED,,18.0,3,
1791298768924,28.516852,77.380263,19.0,CNG,23.28,14.9,3,1005,36.5,3.31,,88.0,0.00,-3.13,13.3,0.0,19.7,-0.73,ARMED,,15.3,3,
1791298769708,28.516852,77.380263,14.0,CNG,23.67,14.9,,827,36.5,2.48,,88.0,0.00,-3.13,13.4,0.0,14.0,0.00,ARMED,,15.3,,
1791298770466,28.516877,77.380238,14.0,CNG,23.41,14.9,,823,36.5,2.65,,88.0,0.00,-3.13,13.4,0.0,14.0,0.00,ARMED,,15.3,,
1791298772060,28.516923,77.380182,14.0,CNG,20.60,14.9,,822,38.8,3.56,,88.0,0.78,-3.13,13.4,0.0,14.0,0.00,ARMED,,15.3,,
1791298772852,28.516947,77.380156,13.0,CNG,18.63,20.8,,820,38.8,3.54,,88.0,0.78,-3.13,13.4,8.0,13.0,0.00,ARMED,,15.3,,
1791298773660,28.516947,77.380156,13.0,CNG,15.52,14.9,2,1016,38.8,4.64,,88.0,0.78,-3.13,13.4,0.0,13.0,0.00,ARMED,,15.3,2,
1791298775366,28.516992,77.380105,13.0,CNG,17.18,18.4,2,972,46.3,2.73,,88.0,6.25,-4.69,13.4,4.8,13.0,0.00,ARMED,,17.3,2,
1791298776140,28.517015,77.380081,13.0,CNG,20.69,19.6,2,954,46.3,1.86,,88.0,6.25,-4.69,13.5,6.4,13.0,0.00,ARMED,,17.3,2,
1791298776887,28.517040,77.380056,14.0,CNG,16.55,20.8,2,958,46.3,4.72,,88.0,6.25,-4.69,13.5,8.0,13.1,0.02,ARMED,,17.3,2,
1791298778630,28.517068,77.380032,14.0,CNG,16.78,20.8,2,1025,39.2,3.55,,88.0,-0.78,-4.69,13.3,8.0,13.6,0.35,ARMED,,16.5,2,
1791298779385,28.517099,77.380011,15.0,CNG,15.74,20.4,2,1126,39.2,4.49,,88.0,-0.78,-4.69,13.3,7.5,15.2,0.79,ARMED,,16.5,2,
1791298780135,28.517133,77.379991,15.0,CNG,16.13,20.4,2,1154,39.2,3.90,,88.0,-0.78,-4.69,13.4,7.5,15.7,0.77,ARMED,,16.5,2,
1791298781744,28.517169,77.379973,15.0,CNG,18.12,20.0,2,1142,30.6,2.95,,88.0,0.78,-4.69,13.4,7.0,15.8,0.47,ARMED,,15.7,2,
1791298782482,28.517206,77.379958,15.0,CNG,18.59,20.0,2,1142,30.6,3.37,,88.0,0.78,-4.69,13.4,7.0,15.6,0.01,ARMED,,15.7,2,
1791298783285,28.517244,77.379947,16.0,CNG,13.93,22.4,2,1171,30.6,6.73,,88.0,0.78,-4.69,13.4,10.2,15.7,0.06,ARMED,,15.7,2,
1791298784937,28.517324,77.379927,16.0,CNG,16.26,20.4,2,1228,68.2,3.25,,88.0,0.78,-4.69,13.4,7.5,16.3,0.34,ARMED,,27.8,2,
1791298785675,28.517324,77.379927,19.0,CNG,7.89,33.7,2,1363,68.2,17.08,,88.0,0.78,-4.69,13.4,25.7,18.2,1.01,ARMED,,27.8,2,
1791298786463,28.517367,77.379906,22.0,CNG,6.69,33.7,2,1593,68.2,16.81,,88.0,0.78,-4.69,13.2,25.7,20.5,1.92,ARMED,,27.8,2,
1791298788272,28.517470,77.379828,26.0,CNG,6.64,14.9,2,1882,52.5,17.13,,88.0,0.00,-3.91,13.4,0.0,24.3,3.16,ARMED,,23.1,2,
1791298789067,28.517522,77.379781,28.0,CNG,8.01,25.9,3,1412,52.5,11.53,,88.0,0.00,-3.91,13.4,15.0,28.0,0.00,ARMED,,23.1,3,
1791298789805,28.517577,77.379732,29.0,CNG,9.90,24.3,3,1495,52.5,8.96,,88.0,0.00,-3.91,13.4,12.8,28.6,0.36,ARMED,,23.1,3,
1791298791512,28.517636,77.379676,30.0,CNG,11.19,24.3,3,1548,57.6,9.65,,88.0,-5.47,-3.91,13.3,12.8,29.6,0.76,ARMED,,21.6,3,
1791298792321,28.517695,77.379618,33.0,CNG,11.95,27.1,3,1691,57.6,10.98,,89.0,-5.47,-3.91,13.3,16.6,32.7,1.64,ARMED,,21.6,3,
1791298793144,28.517760,77.379557,35.0,CNG,12.83,26.7,3,1781,57.6,10.72,,89.0,-5.47,-3.91,13.4,16.1,34.5,1.89,ARMED,,21.6,3,
1791298794774,28.517898,77.379416,37.0,CNG,13.55,26.7,3,1865,32.9,11.00,,89.0,-2.34,-3.13,13.4,16.1,36.3,1.96,ARMED,,14.9,3,
1791298795583,28.517898,77.379416,38.0,CNG,15.78,23.1,4,1434,32.9,8.15,,89.0,-2.34,-3.13,13.4,11.2,38.0,0.00,ARMED,,14.9,4,
1791298796368,28.517966,77.379342,38.0,CNG,18.33,22.4,4,1495,32.9,6.97,,89.0,-2.34,-3.13,13.4,10.2,38.0,0.00,ARMED,,14.9,4,
1791298798071,28.518107,77.379192,38.0,CNG,22.62,14.9,4,1495,32.9,4.83,,89.0,-4.69,-4.69,13.4,0.0,38.0,0.00,ARMED,,17.6,4,
1791298798832,28.518179,77.379122,39.0,CNG,25.64,22.0,4,1505,32.9,5.35,,90.0,-4.69,-4.69,13.4,9.6,38.9,0.41,ARMED,,17.6,4,
1791298799599,28.518179,77.379122,39.0,CNG,25.90,22.4,4,1521,32.9,6.44,,90.0,-4.69,-4.69,13.5,10.2,39.3,0.45,ARMED,,17.6,4,
1791298801241,28.518319,77.378974,39.0,CNG,32.29,23.1,4,1520,41.2,3.34,,90.0,0.78,-3.91,13.5,11.2,39.5,0.38,ARMED,,18.8,4,
1791298802001,28.518391,77.378899,40.0,CNG,28.58,23.1,4,1544,41.2,7.09,,90.0,0.78,-3.91,13.3,11.2,40.0,0.37,ARMED,,18.8,4,
1791298802739,28.518463,77.378822,41.0,CNG,27.99,22.7,4,1567,41.2,6.55,,90.0,0.78,-3.91,13.3,10.7,40.5,0.42,ARMED,,18.8,4,
1791298804531,28.518538,77.378744,41.0,CNG,25.12,22.4,4,1600,43.1,8.15,,90.0,-0.78,-3.91,13.3,10.2,41.2,0.64,ARMED,,19.2,4,
1791298805376,28.518614,77.378663,42.0,CNG,24.64,22.0,4,1630,43.1,7.61,,90.0,-0.78,-3.91,13.3,9.6,42.2,0.60,ARMED,,19.2,4,
1791298806239,28.518691,77.378581,42.0,CNG,24.55,22.0,4,1643,43.1,7.47,,90.0,-0.78,-3.91,13.4,9.6,42.5,0.57,ARMED,,19.2,4,
1791298808062,28.518847,77.378420,43.0,CNG,24.76,20.0,4,1670,30.2,7.45,,90.0,0.78,-4.69,13.4,7.0,43.1,0.58,ARMED,,17.6,4,
1791298808964,28.518924,77.378335,43.0,CNG,28.10,19.6,4,1673,30.2,5.33,,90.0,0.78,-4.69,13.3,6.4,43.3,0.19,ARMED,,17.6,4,
1791298809705,28.519001,77.378252,43.0,CNG,33.87,18.8,4,1675,30.2,3.84,,90.0,0.78,-4.69,13.3,5.4,43.3,0.15,ARMED,,17.6,4,
1791298811445,28.519077,77.378170,43.0,CNG,35.11,20.8,4,1673,25.9,5.03,,90.0,0.78,-4.69,13.5,8.0,43.3,0.10,ARMED,,17.3,4,
1791298812365,28.519155,77.378091,43.0,CNG,35.08,21.6,4,1663,25.9,5.33,,89.0,0.78,-4.69,13.5,9.1,43.0,-0.11,LOCKED,43.0,17.3,4,
1791298813124,28.519234,77.378011,43.0,CNG,35.01,21.6,4,1671,25.9,5.35,,89.0,0.78,-4.69,13.5,9.1,43.0,-0.07,LOCKED,43.0,17.3,4,
1791298814906,28.519392,77.377845,43.0,CNG,31.52,23.1,4,1686,38.8,6.81,,89.0,3.13,-3.91,13.5,11.2,43.3,0.13,LOCKED,43.0,19.2,4,
1791298815775,28.519473,77.377758,45.0,CNG,28.36,23.9,4,1725,38.8,7.88,,89.0,3.13,-3.91,13.5,12.3,44.4,0.53,LOCKED,43.0,19.2,4,
1791298816517,28.519473,77.377758,45.0,CNG,26.09,23.5,4,1752,38.8,8.37,,89.0,3.13,-3.91,13.5,11.8,45.1,0.60,LOCKED,43.0,19.2,4,
1791298818373,28.519639,77.377582,46.0,CNG,25.21,20.4,4,1773,19.6,8.31,,89.0,-1.56,-4.69,13.5,7.5,45.7,0.64,LOCKED,43.0,16.1,4,
1791298819247,28.519720,77.377492,46.0,CNG,31.46,18.4,4,1763,19.6,4.04,,89.0,-1.56,-4.69,13.5,4.8,45.7,0.10,LOCKED,43.0,16.1,4,
1791298820031,28.519801,77.377403,45.0,CNG,38.29,20.8,4,1757,19.6,3.43,,89.0,-1.56,-4.69,13.5,8.0,45.6,0.04,LOCKED,43.0,16.1,4,
1791298821868,28.519959,77.377223,45.0,CNG,38.48,17.3,4,1748,18.4,5.04,,89.0,-1.56,-4.69,13.4,3.2,45.3,-0.12,LOCKED,43.0,16.9,4,
1791298822722,28.519959,77.377223,45.0,CNG,39.25,19.2,4,1753,18.4,4.83,,89.0,-1.56,-4.69,13.4,5.9,45.3,-0.09,LOCKED,43.0,16.9,4,
1791298823494,28.520038,77.377136,45.0,CNG,40.45,19.2,4,1725,18.4,4.61,,88.0,-1.56,-4.69,13.4,5.9,44.8,-0.31,LOCKED,43.0,16.9,4,
1791298825328,28.520203,77.376962,45.0,CNG,39.45,14.9,4,1729,27.1,5.14,,88.0,0.00,-4.69,13.4,0.0,44.6,-0.28,LOCKED,43.0,17.6,4,
1791298826222,28.520281,77.376877,44.0,CNG,37.36,20.0,4,1698,27.1,5.53,,88.0,0.00,-4.69,13.4,7.0,43.9,-0.32,LOCKED,43.0,17.6,4,
1791298826985,28.520358,77.376789,44.0,CNG,35.24,20.0,4,1698,27.1,5.89,,88.0,0.00,-4.69,13.4,7.0,43.8,-0.28,LOCKED,43.0,17.6,4,
1791298828704,28.520511,77.376611,44.0,CNG,31.90,21.6,4,1706,29.0,6.85,,88.0,-0.78,-4.69,13.4,9.1,43.9,-0.08,LOCKED,43.0,17.6,4,
1791298829596,28.520511,77.376611,44.0,CNG,32.27,21.6,4,1723,29.0,5.82,,88.0,-0.78,-4.69,13.5,9.1,44.4,0.21,LOCKED,43.0,17.6,4,
1791298830350,28.520585,77.376521,44.0,CNG,32.34,21.6,4,1711,29.0,5.89,,88.0,-0.78,-4.69,13.5,9.1,44.3,0.06,LOCKED,43.0,17.6,4,
1791298832169,28.520731,77.376333,45.0,CNG,34.47,21.6,4,1721,29.0,5.12,,88.0,-1.56,-4.69,13.6,9.1,44.4,0.08,LOCKED,43.0,18.0,4,
1791298833052,28.520803,77.376236,45.0,CNG,35.30,21.6,4,1759,29.0,5.34,,88.0,-1.56,-4.69,13.6,9.1,45.3,0.40,LOCKED,43.0,18.0,4,
1791298833792,28.520876,77.376136,45.0,CNG,34.76,21.6,4,1755,29.0,5.75,,88.0,-1.56,-4.69,13.3,9.1,45.4,0.34,LOCKED,43.0,18.0,4,
1791298835520,28.520945,77.376034,46.0,CNG,38.60,14.9,4,1764,19.6,4.34,,88.0,0.00,0.00,13.3,0.0,45.6,0.31,LOCKED,43.0,16.1,4,
1791298836441,28.521017,77.375934,44.0,CNG,41.23,18.8,4,1710,19.6,4.15,,88.0,0.00,0.00,13.4,5.4,44.3,-0.50,LOCKED,43.0,16.1,4,
1791298837219,28.521085,77.375837,44.0,CNG,45.96,19.2,4,1707,19.6,3.43,,88.0,0.00,0.00,13.4,5.9,44.0,-0.49,LOCKED,43.0,16.1,4,
1791298838981,28.521211,77.375639,44.0,CNG,46.85,19.2,4,1678,19.6,3.96,,88.0,0.00,-4.69,13.3,5.9,43.4,-0.53,LOCKED,43.0,15.7,4,
1791298839884,28.521272,77.375542,43.0,CNG,50.25,20.8,4,1677,19.6,3.30,,88.0,0.00,-4.69,13.3,8.0,43.2,-0.21,LOCKED,43.0,15.7,4,
1791298840699,28.521332,77.375442,43.0,CNG,47.94,20.8,4,1646,19.6,4.17,,88.0,0.00,-4.69,13.5,8.0,42.7,-0.40,LOCKED,43.0,15.7,4,
1791298842361,28.521392,77.375343,42.0,CNG,39.84,20.8,4,1656,40.4,5.78,,88.0,-0.78,-3.91,13.5,8.0,42.6,-0.33,LOCKED,43.0,19.2,4,
1791298843316,28.521451,77.375245,42.0,CNG,32.95,22.0,4,1637,40.4,7.00,,88.0,-0.78,-3.91,13.4,9.6,42.2,-0.29,LOCKED,43.0,19.2,4,
1791298844049,28.521508,77.375144,42.0,CNG,29.42,22.0,4,1640,40.4,7.21,,88.0,-0.78,-3.91,13.4,9.6,42.1,-0.23,LOCKED,43.0,19.2,4,
1791298845791,28.521623,77.374948,43.0,CNG,26.93,22.0,4,1650,41.6,7.80,,88.0,0.00,-3.91,13.3,9.6,42.3,-0.01,LOCKED,43.0,19.2,4,
1791298846679,28.521623,77.374948,43.0,CNG,25.75,22.0,4,1673,41.6,7.73,,89.0,0.00,-3.91,13.3,9.6,43.0,0.32,LOCKED,43.0,19.2,4,
1791298847457,28.521680,77.374846,43.0,CNG,26.00,22.0,4,1666,41.6,7.08,,89.0,0.00,-3.91,13.5,9.6,43.1,0.26,LOCKED,43.0,19.2,4,
1791298849303,28.521790,77.374637,43.0,CNG,28.31,22.0,4,1681,32.9,5.72,,89.0,0.00,-4.69,13.5,9.6,43.3,0.26,LOCKED,43.0,18.0,4,
1791298850220,28.521848,77.374534,43.0,CNG,29.30,22.0,4,1686,32.9,6.04,,89.0,0.00,-4.69,13.3,9.6,43.4,0.10,LOCKED,43.0,18.0,4,
1791298850993,28.521898,77.374431,43.0,CNG,30.18,22.0,5,1244,32.9,5.91,,89.0,0.00,-4.69,13.3,9.6,43.0,0.00,PAUSED,43.0,18.0,5,
1791298852815,28.522006,77.374218,43.0,CNG,31.35,22.0,5,1283,42.0,5.61,,89.0,0.00,-4.69,13.4,9.6,43.0,0.00,PAUSED,43.0,17.6,5,
1791298853734,28.522006,77.374218,44.0,CNG,33.46,22.0,5,1300,42.0,5.15,,89.0,0.00,-4.69,13.4,9.6,43.9,0.40,PAUSED,43.0,17.6,5,
1791298854515,28.522060,77.374111,44.0,CNG,33.53,22.0,5,1322,42.0,5.68,,89.0,0.00,-4.69,13.5,9.6,44.5,0.59,PAUSED,43.0,17.6,5,
1791298856391,28.522169,77.373891,45.0,CNG,33.46,22.0,5,1333,33.3,5.86,,90.0,0.00,-4.69,13.5,9.6,45.1,0.59,PAUSED,43.0,14.5,5,
1791298857346,28.522224,77.373778,45.0,CNG,36.55,21.6,5,1345,33.3,4.62,,90.0,0.00,-4.69,13.3,9.1,45.5,0.28,ARMED,,14.5,5,
1791298858068,28.522283,77.373671,46.0,CNG,36.65,21.6,5,1357,33.3,5.43,,90.0,0.00,-4.69,13.3,9.1,45.8,0.30,ARMED,,14.5,5,
1791298859834,28.522397,77.373445,46.0,CNG,37.04,21.6,5,1367,36.1,5.31,,90.0,0.78,-4.69,13.4,9.1,46.1,0.33,ARMED,,17.3,5,
1791298860659,28.522397,77.373445,47.0,CNG,34.87,21.6,5,1375,36.1,6.35,,90.0,0.78,-4.69,13.4,9.1,46.5,0.28,ARMED,,17.3,5,
1791298861428,28.522456,77.373330,47.0,CNG,33.63,21.6,5,1391,36.1,6.39,,90.0,0.78,-4.69,13.5,9.1,46.9,0.34,ARMED,,17.3,5,
1791298863186,28.522573,77.373099,47.0,CNG,32.16,21.6,5,1399,32.5,6.76,,90.0,0.78,-4.69,13.5,9.1,47.3,0.35,ARMED,,14.1,5,
1791298864092,28.522630,77.372981,47.0,CNG,36.52,20.0,5,1394,32.5,4.46,,90.0,0.78,-4.69,13.4,7.0,47.2,0.03,ARMED,,14.1,5,
1791298864813,28.522693,77.372867,47.0,CNG,39.25,20.0,5,1405,32.5,4.62,,90.0,0.78,-4.69,13.4,7.0,47.4,0.08,ARMED,,14.1,5,
1791298866645,28.522755,77.372755,47.0,CNG,41.02,19.6,5,1399,32.9,4.64,,90.0,0.00,-4.69,13.4,6.4,47.3,0.04,ARMED,,14.9,5,
1791298867517,28.522813,77.372639,47.0,CNG,45.76,20.0,5,1412,32.9,3.69,,90.0,0.00,-4.69,13.4,7.0,47.6,0.09,ARMED,,14.9,5,
1791298868282,28.522870,77.372522,47.0,CNG,49.69,20.0,5,1400,32.9,3.58,,90.0,0.00,-4.69,13.5,7.0,47.4,-0.08,ARMED,,14.9,5,
1791298870046,28.522984,77.372292,47.0,CNG,51.48,19.6,5,1394,23.9,3.75,,89.0,0.00,-4.69,13.5,6.4,47.1,-0.13,ARMED,,15.7,5,
1791298870958,28.523041,77.372180,46.0,CNG,51.33,20.0,5,1376,23.9,3.91,,89.0,0.00,-4.69,13.4,7.0,46.4,-0.35,ARMED,,15.7,5,
1791298871725,28.523100,77.372068,46.0,CNG,51.61,20.0,5,1365,23.9,3.84,,89.0,0.00,-4.69,13.4,7.0,46.0,-0.37,ARMED,,15.7,5,
1791298873454,28.523158,77.371955,46.0,CNG,50.83,20.0,5,1380,25.5,4.02,,89.0,0.00,-4.69,13.5,7.0,46.2,-0.10,ARMED,,15.7,5,
1791298874340,28.523217,77.371847,46.0,CNG,51.04,20.0,5,1358,25.5,3.89,,89.0,0.00,-4.69,13.5,7.0,45.8,-0.15,ARMED,,15.7,5,
1791298875100,28.523276,77.371741,46.0,CNG,55.42,20.0,5,1355,25.5,3.14,,89.0,0.00,-4.69,13.4,7.0,45.7,-0.15,ARMED,,15.7,5,
1791298876831,28.523396,77.371527,45.0,CNG,52.63,20.0,5,1353,25.9,4.00,,89.0,0.78,-4.69,13.4,7.0,45.5,-0.15,ARMED,,15.7,5,
1791298877756,28.523460,77.371425,45.0,CNG,47.53,21.2,5,1346,25.9,4.72,,89.0,0.78,-4.69,13.5,8.6,45.3,-0.14,ARMED,,15.7,5,
1791298878481,28.523460,77.371425,45.0,CNG,43.23,22.0,5,1341,25.9,5.14,,88.0,0.78,-4.69,13.5,9.6,45.1,-0.16,ARMED,,15.7,5,
1791298880262,28.523592,77.371217,45.0,CNG,39.22,22.0,5,1349,46.7,5.68,,88.0,-0.78,-4.69,13.3,9.6,45.2,-0.09,ARMED,,18.8,5,
1791298881102,28.523658,77.371114,46.0,CNG,34.25,22.0,5,1364,46.7,6.92,,88.0,-0.78,-4.69,13.3,9.6,45.8,0.23,ARMED,,18.8,5,
1791298881916,28.523728,77.371012,46.0,CNG,32.99,22.0,5,1363,46.7,6.39,,88.0,-0.78,-4.69,13.4,9.6,45.9,0.21,ARMED,,18.8,5,
1791298883667,28.523870,77.370808,46.0,CNG,31.20,22.0,5,1383,47.5,6.92,,88.0,0.78,-4.69,13.4,9.6,46.4,0.37,ARMED,,18.8,5,
1791298884518,28.523870,77.370808,47.0,CNG,31.34,22.0,5,1392,47.5,6.47,,88.0,0.78,-4.69,13.2,9.6,46.8,0.33,ARMED,,18.8,5,
1791298885288,28.523942,77.370706,47.0,CNG,31.35,22.0,5,1403,47.5,6.51,,88.0,0.78,-4.69,13.2,9.6,47.1,0.34,ARMED,,18.8,5,
1791298887032,28.524096,77.370504,47.0,CNG,33.50,21.6,5,1404,36.5,5.47,,88.0,1.56,-4.69,13.6,9.1,47.3,0.30,ARMED,,17.6,5,
1791298887961,28.524174,77.370401,48.0,CNG,34.81,21.6,5,1426,36.5,5.65,,88.0,1.56,-4.69,13.6,9.1,47.9,0.32,ARMED,,17.6,5,
1791298888742,28.524254,77.370299,48.0,CNG,35.50,21.6,5,1436,36.5,5.70,,88.0,1.56,-4.69,13.3,9.1,48.2,0.34,ARMED,,17.6,5,
1791298890677,28.524415,77.370089,49.0,CNG,36.20,21.6,5,1452,34.5,5.71,,89.0,0.78,-4.69,13.5,9.1,48.7,0.40,ARMED,,17.6,5,
1791298891567,28.524415,77.370089,49.0,CNG,42.24,20.8,5,1468,34.5,3.80,,89.0,0.78,-4.69,13.4,8.0,49.3,0.36,ARMED,,17.6,5,
1791298892294,28.524495,77.369985,49.0,CNG,43.24,20.8,5,1471,34.5,4.75,,89.0,0.78,-4.69,13.4,8.0,49.5,0.32,ARMED,,17.6,5,
1791298894032,28.524657,77.369776,49.0,CNG,43.32,20.8,5,1474,29.0,4.90,,89.0,-0.78,-4.69,13.4,8.0,49.6,0.27,ARMED,,16.9,5,
1791298894923,28.524742,77.369671,49.0,CNG,44.83,20.8,5,1480,29.0,4.50,,88.0,-0.78,-4.69,13.4,8.0,49.6,0.09,ARMED,,16.9,5,
1791298895716,28.524822,77.369564,49.0,CNG,46.67,20.8,5,1479,29.0,4.28,,88.0,-0.78,-4.69,13.5,8.0,49.6,0.06,ARMED,,16.9,5,
1791298897496,28.524904,77.369460,50.0,CNG,47.34,20.8,5,1480,20.4,4.49,,88.0,-0.78,-4.69,13.5,8.0,49.6,0.04,ARMED,,14.9,5,
1791298898376,28.524986,77.369356,49.0,CNG,54.02,14.9,5,1466,20.4,3.10,,88.0,-0.78,-4.69,13.4,0.0,49.2,-0.18,ARMED,,14.9,5,
1791298899128,28.525066,77.369256,48.0,CNG,57.17,20.0,5,1419,20.4,3.32,,88.0,-0.78,-4.69,13.4,7.0,48.1,-0.72,ARMED,,14.9,5,
1791298900898,28.525224,77.369064,47.0,CNG,46.48,20.4,5,1402,22.7,5.67,,88.0,2.34,-4.69,13.3,7.5,47.2,-0.92,ARMED,,15.3,5,
1791298901739,28.525224,77.369064,46.0,CNG,51.67,14.9,5,1400,22.7,3.19,,88.0,2.34,-4.69,13.3,0.0,46.7,-0.40,ARMED,,15.3,5,
1791298902526,28.525301,77.368970,45.0,CNG,56.31,16.5,5,1337,22.7,2.98,,88.0,2.34,-4.69,13.4,2.1,45.4,-0.98,ARMED,,15.3,5,
1791298904249,28.525452,77.368788,44.0,CNG,43.32,21.2,5,1311,44.7,6.02,,88.0,1.56,-4.69,13.4,8.6,44.1,-1.22,ARMED,,17.6,5,
1791298905149,28.525524,77.368695,44.0,CNG,40.61,21.6,5,1321,44.7,5.16,,88.0,1.56,-4.69,13.5,9.1,43.9,-0.33,ARMED,,17.6,5,
1791298905916,28.525598,77.368604,44.0,CNG,39.83,22.0,5,1325,44.7,4.94,,88.0,1.56,-4.69,13.5,9.6,44.0,-0.09,ARMED,,17.6,5,
1791298907719,28.525747,77.368420,45.0,CNG,37.45,22.0,5,1329,40.8,5.68,,88.0,-1.56,-4.69,13.5,9.6,44.3,0.09,ARMED,,18.0,5,
1791298908613,28.525747,77.368420,45.0,CNG,35.28,22.0,5,1347,40.8,6.02,,88.0,-1.56,-4.69,13.5,9.6,45.0,0.33,ARMED,,18.0,5,
1791298909390,28.525822,77.368326,46.0,CNG,34.21,22.0,5,1359,40.8,6.10,,88.0,-1.56,-4.69,13.4,9.6,45.4,0.37,ARMED,,18.0,5,
1791298911144,28.525973,77.368131,46.0,CNG,33.56,22.0,5,1367,38.8,6.12,,88.0,0.00,-4.69,13.4,9.6,45.7,0.38,ARMED,,18.0,5,
1791298912049,28.526049,77.368032,47.0,CNG,33.75,22.0,5,1397,38.8,6.00,,88.0,0.00,-4.69,13.6,9.6,46.8,0.46,ARMED,,18.0,5,
1791298912801,28.526125,77.367931,47.0,CNG,33.61,22.0,5,1405,38.8,6.11,,88.0,0.00,-4.69,13.6,9.6,47.1,0.45,ARMED,,18.0,5,
1791298914497,28.526204,77.367831,48.0,CNG,33.75,22.0,5,1422,37.3,6.14,,88.0,0.00,-4.69,13.4,9.6,47.6,0.49,ARMED,,18.0,5,
1791298915338,28.526283,77.367726,48.0,CNG,35.05,23.5,5,1435,37.3,5.61,,88.0,0.00,-4.69,13.4,11.8,48.1,0.42,ARMED,,18.0,5,
1791298916118,28.526361,77.367621,49.0,CNG,32.52,23.5,5,1452,37.3,7.23,,88.0,0.00,-4.69,13.2,11.8,48.6,0.46,ARMED,,18.0,5,
1791298917881,28.526511,77.367404,49.0,CNG,31.92,23.5,5,1472,50.6,6.85,,88.0,1.56,-4.69,13.2,11.8,49.2,0.52,ARMED,,20.0,5,
1791298918780,28.526585,77.367290,50.0,CNG,30.41,22.7,5,1501,50.6,7.63,,88.0,1.56,-4.69,13.4,10.7,50.2,0.55,ARMED,,20.0,5,
1791298919527,28.526585,77.367290,50.0,CNG,28.65,22.7,5,1501,50.6,8.23,,89.0,1.56,-4.69,13.4,10.7,50.4,0.39,ARMED,,20.0,5,
1791298921359,28.526733,77.367059,51.0,CNG,28.70,14.9,5,1515,38.8,7.70,,89.0,-0.78,-4.69,13.3,0.0,50.7,0.39,ARMED,,18.8,5,
1791298922207,28.526805,77.366942,51.0,CNG,30.33,22.0,5,1518,38.8,6.69,,89.0,-0.78,-4.69,13.3,9.6,50.9,0.16,ARMED,,18.8,5,
1791298922980,28.526874,77.366823,51.0,CNG,29.70,22.4,5,1522,38.8,7.69,,89.0,-0.78,-4.69,13.3,10.2,51.0,0.15,ARMED,,18.8,5,
1791298924886,28.527011,77.366581,51.0,CNG,29.95,22.4,5,1533,37.3,7.30,,89.0,-0.78,-4.69,13.4,10.2,51.3,0.19,ARMED,,18.4,5,
1791298925781,28.527079,77.366456,51.0,CNG,32.22,22.7,5,1533,37.3,6.10,,89.0,-0.78,-4.69,13.4,10.7,51.3,0.12,ARMED,,18.4,5,
1791298926527,28.527079,77.366456,51.0,CNG,33.42,22.7,5,1532,37.3,6.26,,89.0,-0.78,-4.69,13.4,10.7,51.3,0.09,ARMED,,18.4,5,
1791298928326,28.527210,77.366209,51.0,CNG,34.09,22.7,5,1529,40.4,6.30,,89.0,0.00,-4.69,13.3,10.7,51.2,0.05,ARMED,,18.8,5,
1791298929267,28.527275,77.366087,51.0,CNG,34.24,22.7,5,1522,40.4,6.43,,89.0,0.00,-4.69,13.3,10.7,51.0,-0.03,ARMED,,18.8,5,
1791298930263,28.527341,77.365965,51.0,CNG,34.47,22.7,5,1509,40.4,6.36,,89.0,0.00,-4.69,13.5,10.7,50.6,-0.20,ARMED,,18.8,5,
1791298932534,28.527467,77.365719,51.0,CNG,34.02,22.7,5,1507,40.8,6.64,,90.0,0.00,-4.69,13.5,10.7,50.5,-0.18,ARMED,,18.8,5,
1791298933577,28.527528,77.365593,51.0,CNG,34.00,22.7,5,1504,40.8,6.52,,90.0,0.00,-4.69,13.5,10.7,50.4,-0.03,ARMED,,18.8,5,
1791298934686,28.527650,77.365343,51.0,CNG,34.35,22.7,5,1509,40.8,6.35,,90.0,0.00,-4.69,13.5,10.7,50.6,0.02,ARMED,,18.8,5,
1791298936841,28.527775,77.365100,51.0,CNG,34.09,23.1,5,1511,41.2,6.57,,90.0,0.00,-4.69,13.5,11.2,50.7,0.05,ARMED,,18.8,5,
1791298937937,28.527838,77.364975,51.0,CNG,31.31,23.1,5,1511,41.2,7.94,,90.0,0.00,-4.69,13.5,11.2,50.8,0.04,ARMED,,18.8,5,
1791298939011,28.527903,77.364854,51.0,CNG,28.63,23.1,5,1504,41.2,8.73,,90.0,0.00,-4.69,13.4,11.2,50.7,-0.01,ARMED,,18.8,5,
1791298940833,28.528029,77.364606,51.0,CNG,28.22,23.1,5,1511,52.2,8.02,,90.0,2.34,-4.69,13.4,11.2,50.8,0.03,ARMED,,20.4,5,
1791298941706,28.528029,77.364606,51.0,CNG,26.45,23.1,5,1512,52.2,9.16,,90.0,2.34,-4.69,13.3,11.2,50.9,0.04,ARMED,,20.4,5,
1791298942467,28.528090,77.364482,51.0,CNG,25.68,23.1,5,1514,52.2,9.00,,90.0,2.34,-4.69,13.3,11.2,50.9,0.05,ARMED,,20.4,5,
1791298944279,28.528214,77.364231,51.0,CNG,25.57,23.1,5,1512,43.9,8.72,,90.0,1.56,-3.91,13.4,11.2,50.9,0.03,ARMED,,18.8,5,
1791298945182,28.528277,77.364104,51.0,CNG,30.54,14.9,5,1512,43.9,5.14,,90.0,1.56,-3.91,13.4,0.0,50.9,0.01,ARMED,,18.8,5,
1791298945954,28.528338,77.363979,50.0,CNG,33.48,20.8,5,1490,43.9,5.53,,90.0,1.56,-3.91,13.4,8.0,50.5,-0.25,ARMED,,18.8,5,
1791298947701,28.528465,77.363745,50.0,CNG,38.52,20.8,5,1472,29.8,4.35,,90.0,0.00,-4.69,13.4,8.0,49.8,-0.50,ARMED,,17.3,5,
1791298948555,28.528465,77.363745,49.0,CNG,40.22,21.2,5,1464,29.8,4.93,,90.0,0.00,-4.69,13.5,8.6,49.2,-0.43,ARMED,,17.3,5,
1791298949305,28.528530,77.363627,49.0,CNG,40.47,21.2,5,1448,29.8,5.21,,90.0,0.00,-4.69,13.5,8.6,48.8,-0.46,ARMED,,17.3,5,
1791298951106,28.528662,77.363396,48.0,CNG,41.98,21.2,5,1447,31.8,4.68,,90.0,-0.78,-4.69,13.4,8.6,48.6,-0.41,ARMED,,17.3,5,
1791298951976,28.528727,77.363283,48.0,CNG,43.56,21.2,5,1429,31.8,4.51,,89.0,-0.78,-4.69,13.4,8.6,48.0,-0.36,ARMED,,17.3,5,
1791298952799,28.528795,77.363167,48.0,CNG,42.08,21.6,5,1434,31.8,5.21,,89.0,-0.78,-4.69,13.5,9.1,48.0,-0.20,ARMED,,17.3,5,
1791298954546,28.528861,77.363058,48.0,CNG,42.10,21.6,5,1427,34.9,4.95,,89.0,-1.56,-4.69,13.5,9.1,47.9,-0.17,ARMED,,17.6,5,
1791298955407,28.528928,77.362948,48.0,CNG,38.53,22.7,5,1422,34.9,6.10,,89.0,-1.56,-4.69,13.4,10.7,47.8,-0.14,ARMED,,17.6,5,
1791298956146,28.528995,77.362839,48.0,CNG,35.98,22.7,5,1427,34.9,6.37,,89.0,-1.56,-4.69,13.4,10.7,47.9,-0.09,ARMED,,17.6,5,
1791298957971,28.529129,77.362608,48.0,CNG,34.38,22.7,5,1430,49.4,6.47,,89.0,0.00,-4.69,13.4,10.7,48.0,-0.03,ARMED,,19.6,5,
1791298958850,28.529198,77.362497,49.0,CNG,31.11,22.7,5,1462,49.4,7.80,,89.0,0.00,-4.69,13.4,10.7,49.0,0.46,ARMED,,19.6,5,
1791298959597,28.529198,77.362497,49.0,CNG,29.73,22.7,5,1462,49.4,7.63,,89.0,0.00,-4.69,13.4,10.7,49.2,0.42,ARMED,,19.6,5,
1791298961493,28.529336,77.362269,49.0,CNG,28.92,22.7,5,1469,50.6,7.66,,89.0,0.78,-3.91,13.3,10.7,49.4,0.37,ARMED,,19.6,5,
1791298962393,28.529404,77.362150,50.0,CNG,27.95,22.7,5,1491,50.6,8.15,,89.0,0.78,-3.91,13.3,10.7,50.1,0.36,ARMED,,19.6,5,
1791298963143,28.529473,77.362033,50.0,CNG,27.35,22.7,5,1502,50.6,8.19,,89.0,0.78,-3.91,13.3,10.7,50.4,0.37,ARMED,,19.6,5,
1791298964986,28.529612,77.361795,51.0,CNG,27.08,22.7,5,1509,37.3,8.30,,89.0,-1.56,-4.69,13.5,10.7,50.7,0.36,ARMED,,15.7,5,
1791298965829,28.529682,77.361674,51.0,CNG,31.72,21.2,5,1530,37.3,5.22,,89.0,-1.56,-4.69,13.5,8.6,51.3,0.36,ARMED,,15.7,5,
1791298966606,28.529682,77.361674,51.0,CNG,35.40,21.2,5,1528,37.3,5.18,,89.0,-1.56,-4.69,13.5,8.6,51.4,0.30,ARMED,,15.7,5,
1791298968368,28.529827,77.361434,52.0,CNG,38.83,21.6,5,1534,31.4,4.99,,89.0,0.00,-4.69,13.5,9.1,51.6,0.26,ARMED,,17.6,5,
1791298969224,28.529902,77.361317,52.0,CNG,41.29,21.6,5,1539,31.4,4.96,,89.0,0.00,-4.69,13.3,9.1,51.7,0.20,ARMED,,17.6,5,
1791298969959,28.529975,77.361198,52.0,CNG,42.90,21.6,5,1538,31.4,4.96,,89.0,0.00,-4.69,13.3,9.1,51.8,0.17,ARMED,,17.6,5,
1791298971738,28.530123,77.360959,52.0,CNG,42.05,21.6,5,1547,31.4,5.53,,89.0,0.00,-4.69,13.5,9.1,52.0,0.18,ARMED,,17.6,5,
1791298972665,28.530123,77.360959,52.0,CNG,43.18,21.6,5,1549,31.4,5.02,,89.0,0.00,-4.69,13.5,9.1,52.1,0.13,ARMED,,17.6,5,
1791298973435,28.530196,77.360841,52.0,CNG,41.35,21.6,5,1545,31.4,5.81,,89.0,0.00,-4.69,13.6,9.1,52.0,0.09,ARMED,,17.6,5,
1791298975217,28.530350,77.360607,52.0,CNG,41.69,21.6,5,1539,31.4,5.35,,89.0,0.00,-4.69,13.6,9.1,51.9,0.02,ARMED,,17.6,5,
1791298976083,28.530423,77.360489,53.0,CNG,43.02,21.6,5,1557,31.4,5.10,,89.0,0.00,-4.69,13.5,9.1,52.4,0.23,ARMED,,17.6,5,
1791298976850,28.530498,77.360369,53.0,CNG,41.31,21.6,5,1560,31.4,5.90,,89.0,0.00,-4.69,13.5,9.1,52.5,0.23,ARMED,,17.6,5,
1791298978656,28.530657,77.360135,53.0,CNG,38.83,21.6,5,1565,38.8,6.46,,89.0,-0.78,-3.91,13.4,9.1,52.7,0.23,ARMED,,18.8,5,
1791298979486,28.530657,77.360135,53.0,CNG,35.55,21.6,5,1593,38.8,7.29,,89.0,-0.78,-3.91,13.4,9.1,53.5,0.41,ARMED,,18.8,5,
1791298980264,28.530740,77.360014,54.0,CNG,35.22,21.6,5,1603,38.8,6.75,,89.0,-0.78,-3.91,13.1,9.1,53.9,0.42,ARMED,,18.8,5,
1791298982041,28.530906,77.359776,54.0,CNG,35.03,21.6,5,1613,38.4,6.75,,88.0,0.78,-3.91,13.1,9.1,54.3,0.41,ARMED,,18.8,5,
1791298982925,28.530994,77.359661,55.0,CNG,44.36,14.9,5,1645,38.4,3.29,,88.0,0.78,-3.91,13.3,0.0,55.3,0.48,ARMED,,18.8,5,
1791298983656,28.531081,77.359545,55.0,CNG,52.48,18.8,5,1670,38.4,3.32,,89.0,0.78,-3.91,13.3,5.4,55.9,0.64,ARMED,,18.8,5,
1791298985445,28.531169,77.359428,55.0,CNG,59.48,19.6,5,1644,19.6,3.22,,89.0,0.00,-4.69,13.4,6.4,55.6,0.17,ARMED,,15.7,5,
1791298986296,28.531260,77.359310,56.0,CNG,64.60,19.6,5,1654,19.6,3.29,,88.0,0.00,-4.69,13.4,6.4,55.6,0.10,ARMED,,15.7,5,
1791298987081,28.531349,77.359190,56.0,CNG,69.56,19.6,5,1662,19.6,3.10,,88.0,0.00,-4.69,13.5,6.4,55.8,0.13,CANDIDATE,55.8,15.7,5,
1791298989017,28.531529,77.358950,56.0,CNG,72.28,20.4,5,1653,23.9,3.17,,88.0,0.00,-4.69,13.5,7.5,55.7,0.06,LOCKED,55.7,16.9,5,
1791298989912,28.531616,77.358827,57.0,CNG,63.19,20.4,5,1686,23.9,4.64,,88.0,0.00,-4.69,13.5,7.5,56.6,0.43,LOCKED,55.7,16.9,5,
1791298990693,28.531707,77.358704,57.0,CNG,58.65,20.4,5,1686,23.9,4.67,,88.0,0.00,-4.69,13.5,7.5,56.8,0.38,LOCKED,55.7,16.9,5,
1791298992472,28.531799,77.358581,57.0,CNG,58.38,15.3,5,1709,20.0,4.27,,88.0,-2.34,0.00,13.5,0.5,57.4,0.44,LOCKED,55.7,15.7,5,
1791298993342,28.531890,77.358457,57.0,CNG,58.66,17.6,5,1680,20.0,4.19,,88.0,-2.34,0.00,13.5,3.7,56.7,-0.20,LOCKED,55.7,15.7,5,
1791298994133,28.531979,77.358336,57.0,CNG,60.68,17.6,5,1675,20.0,3.87,,88.0,-2.34,0.00,13.4,3.7,56.5,-0.23,LOCKED,55.7,15.7,5,
1791298996067,28.532158,77.358095,57.0,CNG,60.38,17.6,5,1687,19.6,4.13,,88.0,0.00,-4.69,13.5,3.7,56.7,-0.01,LOCKED,55.7,15.7,5,
1791298996934,28.532247,77.357973,57.0,CNG,61.40,18.0,5,1684,19.6,3.93,,88.0,0.00,-4.69,13.4,4.3,56.8,0.01,LOCKED,55.7,15.7,5,
1791298997703,28.532335,77.357852,56.0,CNG,65.26,18.0,5,1677,19.6,3.37,,88.0,0.00,-4.69,13.4,4.3,56.6,-0.04,LOCKED,55.7,15.7,5,
1791298999508,28.532420,77.357726,56.0,CNG,68.37,18.0,5,1675,20.4,3.30,,88.0,-1.56,-4.69,13.3,4.3,56.5,-0.07,LOCKED,55.7,15.7,5,
1791299000390,28.532503,77.357601,56.0,CNG,70.40,18.0,5,1666,20.4,3.30,,88.0,-1.56,-4.69,13.3,4.3,56.1,-0.11,LOCKED,55.7,15.7,5,
1791299001196,28.532585,77.357476,56.0,CNG,71.02,18.0,5,1658,20.4,3.38,,88.0,-1.56,-4.69,13.4,4.3,55.9,-0.15,LOCKED,55.7,15.7,5,
1791299002894,28.532751,77.357226,55.0,CNG,64.73,18.4,5,1649,21.2,4.19,,88.0,-0.78,-4.69,13.4,4.8,55.6,-0.20,LOCKED,55.7,16.1,5,
1791299003800,28.532834,77.357103,55.0,CNG,63.31,18.4,5,1632,21.2,3.90,,88.0,-0.78,-4.69,13.4,4.8,55.0,-0.27,LOCKED,55.7,16.1,5,
1791299004562,28.532834,77.357103,54.0,CNG,63.00,18.4,5,1619,21.2,3.75,,88.0,-0.78,-4.69,13.4,4.8,54.6,-0.32,LOCKED,55.7,16.1,5,
1791299006329,28.532999,77.356862,54.0,CNG,63.16,18.4,5,1608,19.6,3.70,,88.0,0.00,-4.69,13.5,4.8,54.2,-0.36,LOCKED,55.7,15.3,5,
1791299007207,28.533079,77.356746,53.0,CNG,51.92,21.6,5,1576,19.6,5.65,,88.0,0.00,-4.69,13.5,9.1,53.1,-0.56,LOCKED,55.7,15.3,5,
1791299008019,28.533160,77.356629,53.0,CNG,47.14,21.6,5,1588,19.6,5.57,,88.0,0.00,-4.69,13.4,9.1,53.1,-0.29,LOCKED,55.7,15.3,5,
1791299009816,28.533325,77.356389,53.0,CNG,47.00,21.6,5,1581,31.0,4.92,,88.0,-0.78,-4.69,13.4,9.1,53.1,-0.23,LOCKED,55.7,17.6,5,
1791299010729,28.533325,77.356389,53.0,CNG,46.73,21.6,5,1591,31.0,4.97,,88.0,-0.78,-4.69,13.1,9.1,53.3,0.09,LOCKED,55.7,17.6,5,
1791299011467,28.533406,77.356269,54.0,CNG,46.80,21.6,5,1596,31.0,5.00,,88.0,-0.78,-4.69,13.1,9.1,53.6,0.13,LOCKED,55.7,17.6,5,
1791299013249,28.533571,77.356030,54.0,CNG,45.14,21.6,5,1603,31.0,5.47,,88.0,-2.34,-4.69,13.5,9.1,53.8,0.17,LOCKED,55.7,17.6,5,
1791299014201,28.533653,77.355907,54.0,CNG,43.26,21.6,5,1603,31.0,5.76,,89.0,-2.34,-4.69,13.5,9.1,53.9,0.12,LOCKED,55.7,17.6,5,
1791299014949,28.533732,77.355785,54.0,CNG,41.90,21.6,5,1594,31.0,5.86,,89.0,-2.34,-4.69,13.4,9.1,53.8,-0.02,LOCKED,55.7,17.6,5,
1791299016712,28.533896,77.355546,54.0,CNG,43.00,21.6,5,1597,31.4,5.24,,89.0,1.56,-4.69,13.4,9.1,53.7,-0.02,LOCKED,55.7,17.6,5,
1791299017631,28.533896,77.355546,54.0,CNG,41.00,21.6,5,1594,31.4,6.12,,89.0,1.56,-4.69,13.3,9.1,53.7,-0.03,LOCKED,55.7,17.6,5,
1791299018353,28.533977,77.355428,54.0,CNG,36.80,22.0,5,1581,31.4,7.35,,89.0,1.56,-4.69,13.3,9.6,53.4,-0.10,LOCKED,55.7,17.6,5,
1791299020129,28.534139,77.355189,53.0,CNG,34.32,22.0,5,1590,43.1,7.40,,89.0,0.78,-3.91,13.4,9.6,53.5,-0.05,LOCKED,55.7,19.2,5,
1791299020972,28.534218,77.355066,53.0,CNG,32.14,22.0,5,1578,43.1,7.85,,89.0,0.78,-3.91,13.4,9.6,53.1,-0.11,LOCKED,55.7,19.2,5,
1791299021731,28.534297,77.354945,53.0,CNG,32.08,22.0,5,1570,43.1,7.20,,89.0,0.78,-3.91,13.3,9.6,52.9,-0.14,LOCKED,55.7,19.2,5,
1791299023592,28.534377,77.354823,53.0,CNG,31.20,22.0,5,1572,40.4,7.68,,89.0,0.78,-3.13,13.3,9.6,52.9,-0.12,LOCKED,55.7,18.4,5,
1791299024461,28.534458,77.354705,53.0,CNG,33.42,22.7,5,1588,40.4,6.15,,89.0,0.78,-3.13,13.5,10.7,53.3,0.18,LOCKED,55.7,18.4,5,
1791299025288,28.534536,77.354585,53.0,CNG,33.36,23.1,5,1587,40.4,6.92,,90.0,0.78,-3.13,13.5,11.2,53.4,0.16,LOCKED,55.7,18.4,5,
1791299026991,28.534696,77.354344,54.0,CNG,33.13,23.5,5,1602,42.0,7.15,,90.0,0.00,-3.13,13.5,11.8,53.8,0.22,LOCKED,55.7,19.2,5,
1791299027860,28.534778,77.354222,55.0,CNG,32.85,23.5,5,1627,42.0,7.36,,90.0,0.00,-3.13,13.5,11.8,54.7,0.46,LOCKED,55.7,19.2,5,
1791299028615,28.534778,77.354222,55.0,CNG,32.11,23.5,5,1629,42.0,7.69,,90.0,0.00,-3.13,13.4,11.8,54.9,0.43,LOCKED,55.7,19.2,5,
1791299030526,28.534947,77.353976,56.0,CNG,32.43,23.5,5,1643,25.1,7.39,,90.0,0.00,-3.91,13.4,11.8,55.3,0.44,LOCKED,55.7,15.7,5,
1791299031419,28.535033,77.353852,56.0,CNG,37.48,20.8,5,1660,25.1,5.00,,90.0,0.00,-3.91,13.4,8.0,55.9,0.39,LOCKED,55.7,15.7,5,
1791299032218,28.535117,77.353728,55.0,CNG,41.83,20.8,5,1654,25.1,4.71,,90.0,0.00,-3.91,13.4,8.0,55.9,0.17,LOCKED,55.7,15.7,5,
1791299033996,28.535287,77.353486,55.0,CNG,44.87,20.8,5,1647,28.2,4.74,,90.0,-0.78,-3.91,13.2,8.0,55.6,-0.07,LOCKED,55.7,17.3,5,
1791299034888,28.535367,77.353363,56.0,CNG,43.86,22.0,5,1657,28.2,5.73,,89.0,-0.78,-3.91,13.2,9.6,55.7,-0.01,LOCKED,55.7,17.3,5,
1791299035653,28.535454,77.353240,56.0,CNG,43.41,22.0,5,1671,28.2,5.69,,89.0,-0.78,-3.91,13.5,9.6,56.0,0.17,LOCKED,55.7,17.3,5,
1791299037428,28.535536,77.353115,56.0,CNG,42.80,22.0,5,1672,36.5,5.80,,89.0,-0.78,-3.91,13.5,9.6,56.2,0.18,LOCKED,55.7,18.8,5,
1791299038279,28.535623,77.352989,57.0,CNG,40.46,22.0,5,1692,36.5,6.61,,89.0,-0.78,-3.91,13.4,9.6,56.9,0.26,LOCKED,55.7,18.8,5,
1791299039067,28.535707,77.352864,57.0,CNG,37.40,22.0,5,1695,36.5,7.36,,88.0,-0.78,-3.91,13.4,9.6,57.0,0.24,LOCKED,55.7,18.8,5,
1791299040881,28.535879,77.352608,57.0,CNG,35.40,15.3,5,1704,20.8,7.55,,88.0,0.78,-3.91,13.4,0.5,57.3,0.25,LOCKED,55.7,16.1,5,
1791299041800,28.535964,77.352480,56.0,CNG,35.40,20.8,5,1709,20.8,6.87,,88.0,0.78,-3.91,13.4,8.0,57.4,0.07,LOCKED,55.7,16.1,5,
1791299042609,28.535964,77.352480,56.0,CNG,36.53,21.2,5,1678,20.8,6.34,,88.0,0.78,-3.91,13.5,8.6,56.7,-0.35,LOCKED,55.7,16.1,5,
1791299044366,28.536138,77.352231,57.0,CNG,40.79,21.2,5,1683,27.1,5.02,,88.0,1.56,-3.91,13.5,8.6,56.4,-0.33,LOCKED,55.7,17.3,5,
1791299045265,28.536225,77.352107,57.0,CNG,42.83,21.2,5,1684,27.1,5.35,,88.0,1.56,-3.91,13.3,8.6,56.5,-0.05,LOCKED,55.7,17.3,5,
1791299045998,28.536310,77.351981,57.0,CNG,45.25,21.2,5,1678,27.1,5.01,,88.0,1.56,-3.91,13.3,8.6,56.4,-0.06,LOCKED,55.7,17.3,5,
1791299047790,28.536475,77.351724,57.0,CNG,48.07,21.2,5,1686,27.1,4.67,,88.0,-0.78,-3.91,13.4,8.6,56.6,0.01,LOCKED,55.7,17.3,5,
1791299048639,28.536475,77.351724,56.0,CNG,49.66,21.2,5,1682,27.1,4.65,,88.0,-0.78,-3.91,13.4,8.6,56.5,-0.01,LOCKED,55.7,17.3,5,
1791299049455,28.536559,77.351597,56.0,CNG,48.32,21.2,5,1672,27.1,5.24,,88.0,-0.78,-3.91,13.5,8.6,56.3,-0.08,LOCKED,55.7,17.3,5,
1791299051150,28.536722,77.351337,56.0,CNG,46.78,21.2,5,1675,27.1,5.45,,88.0,-0.78,-3.91,13.5,8.6,56.2,-0.08,LOCKED,55.7,17.3,5,
1791299052018,28.536802,77.351207,56.0,CNG,46.10,21.2,5,1668,27.1,5.39,,88.0,-0.78,-3.91,13.5,8.6,56.0,-0.10,LOCKED,55.7,17.3,5,
1791299052813,28.536883,77.351077,56.0,CNG,45.78,21.2,5,1674,27.1,5.37,,88.0,-0.78,-3.91,13.5,8.6,56.1,-0.05,LOCKED,55.7,17.3,5,
1791299054584,28.536964,77.350950,56.0,CNG,47.10,21.2,5,1667,27.1,4.94,,88.0,0.00,-3.91,13.5,8.6,56.0,-0.07,LOCKED,55.7,17.3,5,
1791299055455,28.537044,77.350821,56.0,CNG,48.58,21.2,5,1666,27.1,4.77,,88.0,0.00,-3.91,13.5,8.6,55.9,-0.05,LOCKED,55.7,17.3,5,
1791299056209,28.537123,77.350692,56.0,CNG,48.69,21.2,5,1670,27.1,4.98,,88.0,0.00,-3.91,13.4,8.6,56.0,-0.02,LOCKED,55.7,17.3,5,
1791299058019,28.537281,77.350431,56.0,CNG,45.20,21.2,5,1661,34.1,5.96,,88.0,-0.78,-3.91,13.4,8.6,55.8,-0.06,LOCKED,55.7,18.4,5,
1791299058866,28.537360,77.350301,56.0,CNG,41.59,21.2,5,1663,34.1,6.55,,88.0,-0.78,-3.91,13.4,8.6,55.8,-0.03,LOCKED,55.7,18.4,5,
1791299059633,28.537360,77.350301,56.0,CNG,40.75,21.2,5,1648,34.1,6.15,,88.0,-0.78,-3.91,13.4,8.6,55.6,-0.18,LOCKED,55.7,18.4,5,
1791299061434,28.537520,77.350048,55.0,CNG,40.21,21.2,5,1657,35.7,6.06,,88.0,0.00,-3.91,13.4,8.6,55.6,-0.13,LOCKED,55.7,18.4,5,
1791299062330,28.537599,77.349921,56.0,CNG,39.09,21.2,5,1646,35.7,6.48,,89.0,0.00,-3.91,13.4,8.6,55.4,-0.13,LOCKED,55.7,18.4,5,
1791299063089,28.537678,77.349792,56.0,CNG,39.15,21.2,5,1644,35.7,6.20,,89.0,0.00,-3.91,13.3,8.6,55.3,-0.11,LOCKED,55.7,18.4,5,
1791299064953,28.537833,77.349537,55.0,CNG,41.96,21.2,5,1648,27.8,5.07,,89.0,0.00,-3.91,13.5,8.6,55.4,-0.07,LOCKED,55.7,17.3,5,
1791299065855,28.537909,77.349407,55.0,CNG,42.75,22.0,5,1647,27.8,5.43,,89.0,0.00,-3.91,13.5,9.6,55.3,-0.04,LOCKED,55.7,17.3,5,
1791299066613,28.537909,77.349407,56.0,CNG,41.43,22.0,5,1661,27.8,6.14,,89.0,0.00,-3.91,13.5,9.6,55.6,0.15,LOCKED,55.7,17.3,5,
1791299068410,28.538068,77.349147,56.0,CNG,42.36,22.0,5,1659,32.2,5.55,,89.0,0.00,-3.91,13.5,9.6,55.8,0.15,LOCKED,55.7,18.0,5,
1791299069282,28.538153,77.349018,56.0,CNG,43.77,22.0,5,1659,32.2,5.28,,89.0,0.00,-3.91,13.5,9.6,55.8,0.10,LOCKED,55.7,18.0,5,
1791299070085,28.538233,77.348893,56.0,CNG,43.26,21.6,5,1664,32.2,5.72,,89.0,0.00,-3.91,13.5,9.1,55.9,0.11,LOCKED,55.7,18.0,5,
1791299071873,28.538392,77.348639,56.0,CNG,42.16,22.0,5,1658,31.0,5.99,,89.0,0.00,-3.91,13.5,9.6,55.9,0.07,LOCKED,55.7,17.6,5,
1791299072773,28.538476,77.348509,56.0,CNG,43.77,22.0,5,1662,31.0,5.24,,89.0,0.00,-3.91,13.4,9.6,55.9,0.05,LOCKED,55.7,17.6,5,
1791299073591,28.538476,77.348509,56.0,CNG,44.11,21.6,5,1672,31.0,5.45,,89.0,0.00,-3.91,13.4,9.1,56.1,0.10,LOCKED,55.7,17.6,5,
1791299075380,28.538635,77.348252,56.0,CNG,44.54,22.0,5,1674,31.0,5.38,,89.0,0.00,-3.91,13.4,9.6,56.3,0.11,LOCKED,55.7,17.6,5,
1791299076298,28.538717,77.348124,56.0,CNG,44.12,22.0,5,1673,31.0,5.59,,89.0,0.00,-3.91,13.4,9.6,56.3,0.06,LOCKED,55.7,17.6,5,
1791299077066,28.538800,77.347994,56.0,CNG,43.28,22.0,5,1678,31.0,5.78,,89.0,0.00,-3.91,13.4,9.6,56.3,0.08,LOCKED,55.7,17.6,5,
1791299078897,28.538961,77.347736,57.0,CNG,39.64,22.0,5,1687,38.4,7.02,,89.0,-0.78,-3.91,13.4,9.6,56.6,0.13,LOCKED,55.7,19.2,5,
1791299079783,28.539041,77.347608,57.0,CNG,36.74,21.6,5,1676,38.4,7.47,,89.0,-0.78,-3.91,13.4,9.1,56.5,-0.05,LOCKED,55.7,19.2,5,
1791299080538,28.539041,77.347608,57.0,CNG,38.89,19.2,5,1685,38.4,5.81,,89.0,-0.78,-3.91,13.4,5.9,56.6,0.01,LOCKED,55.7,19.2,5,
1791299082296,28.539201,77.347347,56.0,CNG,41.88,19.2,5,1670,29.8,5.13,,89.0,0.00,-3.91,13.5,5.9,56.4,-0.14,LOCKED,55.7,17.6,5,
1791299083129,28.539279,77.347218,56.0,CNG,42.40,20.0,5,1662,29.8,5.63,,89.0,0.00,-3.91,13.5,7.0,56.0,-0.17,LOCKED,55.7,17.6,5,
1791299083892,28.539361,77.347090,56.0,CNG,47.54,20.0,5,1647,29.8,4.18,,89.0,0.00,-3.91,13.5,7.0,55.6,-0.24,LOCKED,55.7,17.6,5,
1791299085701,28.539520,77.346838,55.0,CNG,52.79,20.0,5,1647,22.0,3.76,,89.0,-1.56,-4.69,13.5,7.0,55.4,-0.23,LOCKED,55.7,16.1,5,
1791299086596,28.539520,77.346838,55.0,CNG,55.54,20.0,5,1628,22.0,3.96,,89.0,-1.56,-4.69,13.5,7.0,54.8,-0.27,LOCKED,55.7,16.1,5,
1791299087341,28.539599,77.346713,55.0,CNG,55.50,21.2,5,1631,22.0,4.31,,89.0,-1.56,-4.69,13.5,8.6,54.8,-0.22,LOCKED,55.7,16.1,5,
1791299089113,28.539757,77.346459,55.0,CNG,50.34,21.2,5,1620,28.2,5.41,,89.0,0.00,-3.91,13.3,8.6,54.6,-0.22,LOCKED,55.7,17.3,5,
1791299090044,28.539835,77.346332,55.0,CNG,48.29,21.2,5,1631,28.2,5.25,,89.0,0.00,-3.91,13.3,8.6,54.9,0.08,LOCKED,55.7,17.3,5,
1791299090799,28.539913,77.346208,55.0,CNG,45.45,21.2,5,1633,28.2,5.72,,89.0,0.00,-3.91,13.5,8.6,55.0,0.10,LOCKED,55.7,17.3,5,
1791299092500,28.539991,77.346080,55.0,CNG,45.89,21.2,5,1638,29.8,5.13,,89.0,0.00,-3.91,13.5,8.6,55.1,0.11,LOCKED,55.7,17.3,5,
1791299093398,28.540069,77.345955,55.0,CNG,46.45,21.6,5,1626,29.8,5.05,,89.0,0.00,-3.91,13.1,9.1,54.9,-0.11,LOCKED,55.7,17.3,5,
1791299094144,28.540146,77.345828,55.0,CNG,46.82,21.2,5,1638,29.8,5.04,,89.0,0.00,-3.91,13.1,8.6,55.0,0.04,LOCKED,55.7,17.3,5,
1791299095966,28.540303,77.345573,55.0,CNG,45.13,21.2,5,1640,29.4,5.58,,89.0,0.00,-3.91,13.5,8.6,55.2,0.08,LOCKED,55.7,17.3,5,
1791299096876,28.540381,77.345446,55.0,CNG,45.84,21.6,5,1644,29.4,5.09,,89.0,0.00,-3.91,13.5,9.1,55.3,0.08,LOCKED,55.7,17.3,5,
1791299097656,28.540460,77.345321,55.0,CNG,41.65,21.6,5,1627,29.4,6.52,,89.0,0.00,-3.91,13.5,9.1,55.0,-0.14,LOCKED,55.7,17.3,5,
1791299099503,28.540541,77.345195,55.0,CNG,38.38,21.6,5,1643,38.4,6.96,,88.0,-0.78,-3.91,13.4,9.1,55.2,-0.07,LOCKED,55.7,18.8,5,
1791299100416,28.540620,77.345066,55.0,CNG,36.47,21.6,5,1644,38.4,7.04,,88.0,-0.78,-3.91,13.4,9.1,55.3,-0.02,LOCKED,55.7,18.8,5,
1791299101167,28.540702,77.344941,55.0,CNG,36.38,21.6,5,1644,38.4,6.59,,89.0,-0.78,-3.91,13.4,9.1,55.3,-0.02,LOCKED,55.7,18.8,5,
1791299102916,28.540860,77.344687,55.0,CNG,35.13,21.6,5,1650,38.4,7.15,,89.0,0.00,-3.91,13.4,9.1,55.4,0.03,LOCKED,55.7,18.8,5,
1791299103789,28.540938,77.344560,55.0,CNG,36.96,21.6,5,1630,38.4,5.96,,89.0,0.00,-3.91,13.4,9.1,54.9,-0.23,LOCKED,55.7,18.8,5,
1791299104553,28.540938,77.344560,55.0,CNG,39.48,21.6,5,1651,38.4,5.43,,89.0,0.00,-3.91,13.4,9.1,55.2,0.05,LOCKED,55.7,18.8,5,
1791299106271,28.541097,77.344305,55.0,CNG,40.86,21.6,5,1654,34.5,5.54,,89.0,0.00,-3.91,13.4,9.1,55.4,0.11,LOCKED,55.7,18.4,5,
1791299107198,28.541175,77.344178,56.0,CNG,39.97,22.4,5,1645,34.5,6.28,,89.0,0.00,-3.91,13.5,10.2,55.4,0.05,LOCKED,55.7,18.4,5,
1791299107947,28.541254,77.344050,56.0,CNG,38.66,22.4,5,1649,34.5,6.60,,89.0,0.00,-3.91,13.5,10.2,55.5,0.07,LOCKED,55.7,18.4,5,
1791299109698,28.541416,77.343798,56.0,CNG,39.26,22.4,5,1661,34.9,6.05,,89.0,0.00,-3.91,13.4,10.2,55.8,0.14,LOCKED,55.7,18.4,5,
1791299110601,28.541416,77.343798,56.0,CNG,38.41,22.4,5,1684,34.9,6.54,,89.0,0.00,-3.91,13.4,10.2,56.5,0.36,LOCKED,55.7,18.4,5,
1791299111406,28.541499,77.343669,57.0,CNG,38.04,22.4,5,1684,34.9,6.60,,89.0,0.00,-3.91,13.4,10.2,56.7,0.33,LOCKED,55.7,18.4,5,
1791299113171,28.541665,77.343406,57.0,CNG,38.06,22.4,5,1700,33.7,6.50,,89.0,0.00,-3.91,13.4,10.2,57.1,0.36,LOCKED,55.7,18.4,5,
1791299114052,28.541749,77.343276,57.0,CNG,45.39,20.0,5,1712,33.7,3.89,,89.0,0.00,-3.91,13.5,7.0,57.5,0.31,LOCKED,55.7,18.4,5,
1791299114817,28.541830,77.343143,57.0,CNG,49.05,21.2,5,1694,33.7,4.44,,89.0,0.00,-3.91,13.5,8.6,57.2,-0.01,LOCKED,55.7,18.4,5,
1791299116561,28.541908,77.343009,57.0,CNG,51.62,21.6,5,1707,27.8,4.42,,89.0,-0.78,-4.69,13.4,9.1,57.3,0.01,LOCKED,55.7,16.9,5,
1791299117427,28.541988,77.342879,57.0,CNG,48.30,21.2,5,1699,27.8,5.62,,89.0,-0.78,-4.69,13.4,8.6,57.1,-0.04,LOCKED,55.7,16.9,5,
1791299118241,28.542071,77.342750,57.0,CNG,41.88,21.6,5,1696,27.8,7.09,,89.0,-0.78,-4.69,13.3,9.1,57.0,-0.06,LOCKED,55.7,16.9,5,
1791299119976,28.542229,77.342491,56.0,CNG,40.23,22.0,5,1664,35.7,6.41,,89.0,0.78,-3.91,13.3,9.6,56.2,-0.46,LOCKED,55.7,18.8,5,
1791299120849,28.542312,77.342361,56.0,CNG,37.32,21.6,5,1673,35.7,7.23,,89.0,0.78,-3.91,13.2,9.1,56.1,-0.16,LOCKED,55.7,18.8,5,
1791299121576,28.542312,77.342361,56.0,CNG,34.59,22.0,5,1655,35.7,7.81,,89.0,0.78,-3.91,13.2,9.6,55.7,-0.23,LOCKED,55.7,18.8,5,
1791299123376,28.542471,77.342104,56.0,CNG,33.25,22.0,5,1661,35.3,7.74,,89.0,0.78,-3.91,13.5,9.6,55.7,-0.18,LOCKED,55.7,18.4,5,
1791299124227,28.542551,77.341975,56.0,CNG,35.02,22.0,5,1668,35.3,6.39,,89.0,0.78,-3.91,13.5,9.6,56.0,0.08,LOCKED,55.7,18.4,5,
1791299124976,28.542635,77.341848,56.0,CNG,37.56,22.4,5,1684,35.3,5.77,,89.0,0.78,-3.91,13.5,10.2,56.3,0.26,LOCKED,55.7,18.4,5,
1791299126713,28.542799,77.341587,57.0,CNG,38.10,22.4,5,1673,32.9,6.36,,89.0,0.00,-3.91,13.5,10.2,56.3,0.20,LOCKED,55.7,18.0,5,
1791299127613,28.542799,77.341587,57.0,CNG,38.48,22.4,5,1685,32.9,6.34,,89.0,0.00,-3.91,13.5,10.2,56.6,0.19,LOCKED,55.7,18.0,5,
1791299128397,28.542882,77.341456,57.0,CNG,40.27,22.4,5,1703,32.9,5.72,,89.0,0.00,-3.91,13.5,10.2,57.1,0.35,LOCKED,55.7,18.0,5,
1791299130191,28.543045,77.341193,57.0,CNG,40.64,22.0,5,1678,31.0,6.01,,89.0,0.78,-3.91,13.5,9.6,56.8,-0.01,LOCKED,55.7,18.0,5,
1791299131059,28.543127,77.341062,57.0,CNG,42.69,22.0,5,1703,31.0,5.36,,89.0,0.78,-3.91,13.5,9.6,57.2,0.20,LOCKED,55.7,18.0,5,
1791299131821,28.543208,77.340931,57.0,CNG,44.18,22.0,5,1691,31.0,5.31,,89.0,0.78,-3.91,13.3,9.6,57.0,0.02,LOCKED,55.7,18.0,5,
1791299133756,28.543368,77.340667,57.0,CNG,42.70,22.0,5,1716,20.0,6.09,,89.0,0.78,-4.69,13.5,9.6,57.5,0.25,LOCKED,55.7,15.7,5,
1791299134609,28.543368,77.340667,57.0,CNG,48.75,20.0,5,1681,20.0,4.00,,89.0,0.78,-4.69,13.5,7.0,56.7,-0.30,LOCKED,55.7,15.7,5,
1791299135421,28.543445,77.340536,56.0,CNG,54.50,20.0,5,1687,20.0,3.66,,89.0,0.78,-4.69,13.5,7.0,56.6,-0.25,LOCKED,55.7,15.7,5,
1791299137220,28.543602,77.340279,56.0,CNG,57.37,20.0,5,1672,25.5,3.90,,89.0,-0.78,-4.69,13.4,7.0,56.3,-0.29,LOCKED,55.7,16.9,5,
1791299138139,28.543683,77.340151,55.0,CNG,46.73,21.6,5,1653,25.5,6.57,,89.0,-0.78,-4.69,13.4,9.1,55.5,-0.34,LOCKED,55.7,16.9,5,
1791299138931,28.543761,77.340023,55.0,CNG,40.54,21.6,5,1637,25.5,7.08,,89.0,-0.78,-4.69,13.5,9.1,55.1,-0.39,LOCKED,55.7,16.9,5,
1791299140711,28.543921,77.339770,55.0,CNG,37.18,21.6,5,1648,38.8,7.23,,89.0,-0.78,-3.91,13.5,9.1,55.1,-0.16,LOCKED,55.7,19.2,5,
1791299141598,28.543921,77.339770,55.0,CNG,35.58,21.6,5,1636,38.8,7.15,,89.0,-0.78,-3.91,13.3,9.1,54.9,-0.15,LOCKED,55.7,19.2,5,
1791299142337,28.544001,77.339644,55.0,CNG,35.67,21.6,5,1652,38.8,6.67,,89.0,-0.78,-3.91,13.3,9.1,55.2,0.08,LOCKED,55.7,19.2,5,
1791299144141,28.544161,77.339388,56.0,CNG,34.84,21.6,5,1649,30.6,7.22,,89.0,0.78,-3.91,13.4,9.1,55.3,0.10,LOCKED,55.7,17.6,5,
1791299145009,28.544242,77.339261,56.0,CNG,39.13,21.6,5,1656,30.6,5.08,,89.0,0.78,-3.91,13.4,9.1,55.6,0.13,LOCKED,55.7,17.6,5,
1791299145837,28.544324,77.339135,56.0,CNG,40.43,21.6,5,1656,30.6,5.72,,89.0,0.78,-3.91,13.5,9.1,55.7,0.12,LOCKED,55.7,17.6,5,
1791299147582,28.544406,77.339010,56.0,CNG,41.81,21.6,5,1648,29.8,5.52,,89.0,0.00,-3.91,13.5,9.1,55.5,0.05,LOCKED,55.7,17.6,5,
1791299148511,28.544488,77.338882,56.0,CNG,44.08,21.6,5,1671,29.8,5.07,,89.0,0.00,-3.91,13.4,9.1,56.1,0.27,LOCKED,55.7,17.6,5,
1791299149253,28.544572,77.338758,56.0,CNG,45.66,21.6,5,1671,29.8,5.04,,89.0,0.00,-3.91,13.4,9.1,56.2,0.24,LOCKED,55.7,17.6,5,
1791299151068,28.544738,77.338512,56.0,CNG,43.78,21.6,5,1650,29.8,5.90,,89.0,0.78,-3.91,13.5,9.1,55.8,-0.12,LOCKED,55.7,17.6,5,
1791299151950,28.544825,77.338390,56.0,CNG,42.69,21.6,5,1652,29.8,5.91,,89.0,0.78,-3.91,13.5,9.1,55.6,-0.12,LOCKED,55.7,17.6,5,
1791299152739,28.544914,77.338272,56.0,CNG,42.50,21.6,5,1676,29.8,5.76,,89.0,0.78,-3.91,13.3,9.1,56.1,0.20,LOCKED,55.7,17.6,5,
1791299154462,28.545002,77.338152,56.0,CNG,45.40,21.6,5,1643,28.6,4.81,,89.0,0.00,-3.91,13.3,9.1,55.6,-0.15,LOCKED,55.7,17.6,5,
1791299155346,28.545087,77.338034,56.0,CNG,44.86,21.6,5,1670,28.6,5.52,,89.0,0.00,-3.91,13.3,9.1,56.1,0.19,LOCKED,55.7,17.6,5,
1791299156112,28.545177,77.337914,56.0,CNG,45.13,21.6,5,1649,28.6,5.34,,89.0,0.00,-3.91,13.3,9.1,55.8,-0.06,LOCKED,55.7,17.6,5,
1791299157887,28.545356,77.337677,56.0,CNG,41.75,21.6,5,1663,36.1,6.48,,89.0,-0.78,-3.91,13.5,9.1,55.9,-0.02,LOCKED,55.7,18.4,5,
1791299158800,28.545445,77.337559,55.0,CNG,40.17,21.6,5,1644,36.1,6.29,,89.0,-0.78,-3.91,13.5,9.1,55.4,-0.25,LOCKED,55.7,18.4,5,
1791299159550,28.545445,77.337559,55.0,CNG,37.55,21.6,5,1641,36.1,6.99,,89.0,-0.78,-3.91,13.5,9.1,55.2,-0.25,LOCKED,55.7,18.4,5,
1791299161289,28.545621,77.337324,55.0,CNG,36.28,21.6,5,1641,37.3,6.92,,89.0,0.00,-3.91,13.5,9.1,55.1,-0.21,LOCKED,55.7,18.8,5,
1791299162222,28.545712,77.337207,55.0,CNG,35.54,21.6,5,1653,37.3,6.93,,89.0,0.00,-3.91,13.2,9.1,55.5,0.11,LOCKED,55.7,18.8,5,
1791299162956,28.545804,77.337092,55.0,CNG,36.77,21.6,5,1653,37.3,6.16,,89.0,0.00,-3.91,13.2,9.1,55.5,0.11,LOCKED,55.7,18.8,5,
1791299164747,28.545988,77.336862,55.0,CNG,39.25,21.6,5,1655,29.0,5.47,,89.0,0.00,-3.91,13.5,9.1,55.6,0.09,LOCKED,55.7,17.3,5,
1791299165620,28.545988,77.336862,55.0,CNG,40.74,21.6,5,1654,29.0,5.53,,89.0,0.00,-3.91,13.5,9.1,55.5,0.04,LOCKED,55.7,17.3,5,
1791299166366,28.546082,77.336747,55.0,CNG,41.89,21.6,5,1639,29.0,5.46,,89.0,0.00,-3.91,13.3,9.1,55.2,-0.16,LOCKED,55.7,17.3,5,
1791299168200,28.546271,77.336520,55.0,CNG,44.26,21.6,5,1636,29.0,4.94,,89.0,-0.78,-3.91,13.4,9.1,54.9,-0.20,LOCKED,55.7,17.3,5,
1791299169054,28.546367,77.336405,55.0,CNG,46.17,21.6,5,1641,29.0,4.84,,89.0,-0.78,-3.91,13.4,9.1,55.0,-0.01,LOCKED,55.7,17.3,5,
1791299169881,28.546462,77.336297,55.0,CNG,46.00,21.6,5,1654,29.0,5.22,,89.0,-0.78,-3.91,13.4,9.1,55.3,0.17,LOCKED,55.7,17.3,5,
1791299171721,28.546658,77.336076,55.0,CNG,46.37,21.6,5,1649,29.0,5.09,,89.0,0.00,-3.91,13.4,9.1,55.3,0.13,LOCKED,55.7,17.3,5,
1791299172535,28.546658,77.336076,55.0,CNG,45.25,21.6,5,1655,29.0,5.47,,89.0,0.00,-3.91,13.4,9.1,55.4,0.10,LOCKED,55.7,17.3,5,
1791299173318,28.546755,77.335966,55.0,CNG,44.18,21.6,5,1657,29.0,5.60,,89.0,0.00,-3.91,13.4,9.1,55.5,0.10,LOCKED,55.7,17.3,5,
1791299174988,28.546954,77.335752,55.0,CNG,45.87,21.6,5,1638,29.0,4.91,,89.0,0.00,-3.91,13.4,9.1,55.1,-0.18,LOCKED,55.7,17.3,5,
1791299175840,28.547054,77.335644,55.0,CNG,44.76,22.0,5,1644,29.0,5.53,,89.0,0.00,-3.91,13.3,9.6,55.0,-0.13,LOCKED,55.7,17.3,5,
1791299176564,28.547054,77.335644,56.0,CNG,45.66,22.0,5,1644,29.0,5.17,,89.0,0.00,-3.91,13.3,9.6,55.0,-0.10,LOCKED,55.7,17.3,5,
1791299178300,28.547256,77.335432,56.0,CNG,40.59,22.0,5,1658,38.8,6.98,,89.0,-1.56,-3.91,13.4,9.6,55.3,0.14,LOCKED,55.7,18.8,5,
1791299179164,28.547356,77.335330,56.0,CNG,38.70,22.0,5,1657,38.8,6.72,,89.0,-1.56,-3.91,13.4,9.6,55.6,0.14,LOCKED,55.7,18.8,5,
1791299179997,28.547454,77.335225,56.0,CNG,35.98,22.0,5,1643,38.8,7.47,,89.0,-1.56,-3.91,13.4,9.6,55.4,-0.05,LOCKED,55.7,18.8,5,
1791299181753,28.547653,77.335009,56.0,CNG,34.67,22.0,5,1646,39.6,7.40,,89.0,0.00,-3.13,13.4,9.6,55.3,-0.05,LOCKED,55.7,19.2,5,
1791299182666,28.547653,77.335009,56.0,CNG,34.72,22.0,5,1667,39.6,6.99,,89.0,0.00,-3.13,13.3,9.6,55.9,0.26,LOCKED,55.7,19.2,5,
1791299183423,28.547757,77.334900,56.0,CNG,36.11,22.0,5,1665,39.6,6.33,,89.0,0.00,-3.13,13.3,9.6,56.0,0.23,LOCKED,55.7,19.2,5,
1791299185147,28.547954,77.334685,56.0,CNG,38.36,22.0,5,1668,31.0,5.75,,89.0,0.78,-3.91,13.5,9.6,56.1,0.20,LOCKED,55.7,18.0,5,
1791299185995,28.548054,77.334575,56.0,CNG,40.19,22.0,5,1672,31.0,5.62,,89.0,0.78,-3.91,13.5,9.6,56.2,0.14,LOCKED,55.7,18.0,5,
1791299186770,28.548157,77.334467,56.0,CNG,39.88,22.0,5,1678,31.0,6.17,,89.0,0.78,-3.91,13.5,9.6,56.3,0.15,LOCKED,55.7,18.0,5,
1791299188551,28.548256,77.334357,56.0,CNG,39.93,22.0,5,1661,31.4,6.08,,89.0,0.00,-3.91,13.5,9.6,56.0,-0.11,LOCKED,55.7,18.0,5,
1791299189433,28.548355,77.334248,56.0,CNG,41.60,22.0,5,1664,31.4,5.48,,89.0,0.00,-3.91,13.3,9.6,55.9,-0.09,LOCKED,55.7,18.0,5,
1791299190249,28.548455,77.334145,56.0,CNG,40.70,22.0,5,1671,31.4,6.17,,89.0,0.00,-3.91,13.3,9.6,56.0,-0.03,LOCKED,55.7,18.0,5,
1791299192109,28.548656,77.333931,56.0,CNG,40.37,22.0,5,1675,31.4,6.10,,89.0,0.00,-3.91,13.3,9.6,56.2,0.02,LOCKED,55.7,17.6,5,
1791299192983,28.548758,77.333820,56.0,CNG,40.27,22.0,5,1667,31.4,6.06,,89.0,0.00,-3.91,13.3,9.6,56.0,-0.02,LOCKED,55.7,17.6,5,
1791299193852,28.548860,77.333711,56.0,CNG,40.60,22.0,5,1683,31.4,5.92,,89.0,0.00,-3.91,13.5,9.6,56.3,0.16,LOCKED,55.7,17.6,5,
1791299195672,28.549061,77.333495,56.0,CNG,40.41,22.0,5,1682,31.0,6.06,,89.0,-0.78,-3.91,13.5,9.6,56.4,0.15,LOCKED,55.7,17.6,5,
1791299196563,28.549061,77.333495,57.0,CNG,41.11,22.0,5,1677,31.0,5.87,,89.0,-0.78,-3.91,13.4,9.6,56.4,0.08,LOCKED,55.7,17.6,5,
1791299197369,28.549163,77.333383,57.0,CNG,39.05,22.0,5,1682,31.0,6.81,,89.0,-0.78,-3.91,13.4,9.6,56.5,0.10,LOCKED,55.7,17.6,5,
1791299199228,28.549367,77.333161,57.0,CNG,39.00,22.0,5,1681,36.5,6.36,,89.0,-1.56,-3.13,13.3,9.6,56.5,0.08,LOCKED,55.7,18.4,5,
1791299200073,28.549471,77.333051,56.0,CNG,46.75,14.9,5,1682,36.5,3.63,,89.0,-1.56,-3.13,13.3,0.0,56.5,0.04,LOCKED,55.7,18.4,5,
1791299200860,28.549570,77.332943,56.0,CNG,53.28,14.9,5,1655,36.5,3.60,,89.0,-1.56,-3.13,13.4,0.0,56.0,-0.29,LOCKED,55.7,18.4,5,
1791299202724,28.549750,77.332749,52.0,CNG,57.30,14.9,5,1562,20.4,3.46,,89.0,0.00,0.00,13.3,0.0,53.5,-1.53,LOCKED,55.7,14.9,5,
1791299203623,28.549750,77.332749,45.0,CNG,61.67,14.9,5,1350,20.4,2.73,,89.0,0.00,0.00,13.4,0.0,45.8,-3.67,LOCKED,55.7,14.9,4,
1791299204397,28.549832,77.332663,44.0,CNG,63.08,20.0,5,1311,20.4,2.91,,89.0,0.00,0.00,13.4,7.0,43.6,-3.30,LOCKED,55.7,14.9,4,
1791299206184,28.549989,77.332489,44.0,CNG,62.45,19.6,5,1302,22.7,3.11,,89.0,2.34,-3.91,13.4,6.4,42.7,-2.16,LOCKED,55.7,14.9,4,
1791299207135,28.550065,77.332401,43.0,CNG,40.39,23.5,5,1320,22.7,7.27,,88.0,2.34,-3.91,13.4,11.8,43.6,-0.01,ARMED,,14.9,5,
1791299207929,28.550142,77.332312,44.0,CNG,35.10,23.1,5,1295,22.7,6.54,,88.0,2.34,-3.91,13.5,11.2,43.4,-0.05,ARMED,,14.9,5,
1791299209666,28.550297,77.332132,44.0,CNG,32.40,23.1,5,1318,35.3,6.59,,88.0,-1.56,-3.13,13.5,11.2,43.9,0.22,ARMED,,15.3,5,
1791299210565,28.550297,77.332132,45.0,CNG,36.15,20.4,5,1333,35.3,4.48,,88.0,-1.56,-3.13,13.4,7.5,44.6,0.30,ARMED,,15.3,5,
1791299211338,28.550375,77.332041,45.0,CNG,41.80,20.4,5,1340,35.3,3.59,,88.0,-1.56,-3.13,13.4,7.5,44.9,0.31,ARMED,,15.3,5,
1791299213109,28.550534,77.331863,45.0,CNG,44.49,20.4,5,1342,29.0,3.97,,88.0,-1.56,-3.91,13.5,7.5,45.0,0.28,ARMED,,16.5,5,
1791299213974,28.550615,77.331775,45.0,CNG,46.10,20.4,5,1355,29.0,4.01,,88.0,-1.56,-3.91,13.5,7.5,45.4,0.25,ARMED,,16.5,5,
1791299214770,28.550694,77.331687,46.0,CNG,45.52,20.4,5,1352,29.0,4.47,,88.0,-1.56,-3.91,13.3,7.5,45.4,0.20,ARMED,,16.5,5,
1791299216553,28.550775,77.331603,45.0,CNG,44.95,14.9,5,1351,22.7,4.43,,89.0,-0.78,-3.91,13.3,0.0,45.3,0.13,ARMED,,14.9,5,
1791299217504,28.550856,77.331513,45.0,CNG,53.36,17.6,5,1331,22.7,2.63,,89.0,-0.78,-3.91,13.4,3.7,44.7,-0.26,ARMED,,14.9,5,
1791299218333,28.550936,77.331426,44.0,CNG,51.45,17.6,5,1342,22.7,3.92,,89.0,-0.78,-3.91,13.4,3.7,44.8,-0.09,ARMED,,14.9,5,
1791299220061,28.551093,77.331261,44.0,CNG,50.50,18.0,5,1309,27.5,3.89,,89.0,-1.56,-3.91,13.3,4.3,44.2,-0.41,ARMED,,16.1,5,
1791299220957,28.551169,77.331179,43.0,CNG,49.86,18.4,5,1290,27.5,3.82,,88.0,-1.56,-3.91,13.3,4.8,43.2,-0.46,ARMED,,16.1,5,
1791299221716,28.551246,77.331097,43.0,CNG,52.73,18.4,5,1271,27.5,3.23,,88.0,-1.56,-3.91,13.4,4.8,42.7,-0.51,ARMED,,16.1,5,
1791299223524,28.551323,77.331014,42.0,CNG,49.74,18.4,5,1256,25.9,3.99,,88.0,0.00,-3.91,13.4,4.8,42.1,-0.54,ARMED,,14.5,5,
1791299224433,28.551400,77.330929,42.0,CNG,53.72,19.2,5,1229,25.9,2.98,,88.0,0.00,-3.91,13.5,5.9,41.2,-0.52,ARMED,,14.5,5,
1791299225160,28.551475,77.330849,42.0,CNG,43.57,20.8,5,1252,25.9,5.39,,88.0,0.00,-3.91,13.5,8.0,41.6,-0.10,ARMED,,14.5,5,
1791299226930,28.551625,77.330687,42.0,CNG,43.02,20.8,5,1239,31.8,4.32,,88.0,-1.56,-3.91,13.3,8.0,41.6,-0.07,ARMED,,16.5,5,
1791299227826,28.551699,77.330606,42.0,CNG,42.39,20.8,5,1251,31.8,4.40,,88.0,-1.56,-3.91,13.3,8.0,42.0,0.16,ARMED,,16.5,5,
1791299228640,28.551699,77.330606,42.0,CNG,41.82,20.4,5,1255,31.8,4.45,,88.0,-1.56,-3.91,13.4,7.5,42.1,0.18,ARMED,,16.5,5,
1791299230361,28.551847,77.330442,42.0,CNG,41.19,20.8,5,1256,31.4,4.53,,88.0,-1.56,-3.91,13.4,8.0,42.2,0.15,ARMED,,16.5,5,
1791299231223,28.551921,77.330360,42.0,CNG,44.17,20.8,5,1260,31.4,3.68,,88.0,-1.56,-3.91,13.3,8.0,42.3,0.11,ARMED,,16.5,5,
1791299231985,28.551997,77.330275,43.0,CNG,46.44,20.8,5,1275,31.4,3.72,,88.0,-1.56,-3.91,13.3,8.0,42.6,0.18,ARMED,,16.5,5,
1791299233761,28.552148,77.330109,43.0,CNG,45.49,20.4,5,1273,31.4,4.23,,88.0,-0.78,-4.69,13.4,7.5,42.7,0.17,ARMED,,16.5,5,
1791299234616,28.552148,77.330109,43.0,CNG,52.87,14.9,5,1280,31.4,2.68,,88.0,-0.78,-4.69,13.4,0.0,43.0,0.16,ARMED,,16.5,5,
1791299235418,28.552222,77.330023,42.0,CNG,56.99,20.4,,788,31.4,2.82,,88.0,-0.78,-4.69,13.4,7.5,42.0,0.00,ARMED,,16.5,,
1791299237241,28.552370,77.329854,42.0,CNG,51.67,20.4,4,1574,23.5,4.03,,88.0,-2.34,-4.69,13.5,7.5,42.0,0.00,ARMED,,16.5,4,
1791299238107,28.552442,77.329767,42.0,CNG,43.73,20.4,4,1629,23.5,5.14,,88.0,-2.34,-4.69,13.3,7.5,42.0,0.00,ARMED,,16.5,4,
1791299238850,28.552515,77.329680,42.0,CNG,37.90,20.4,4,1625,23.5,5.78,,88.0,-2.34,-4.69,13.3,7.5,42.0,0.00,ARMED,,16.5,4,
1791299240653,28.552654,77.329506,42.0,CNG,34.69,20.4,4,1624,34.9,5.93,,88.0,-0.78,-3.91,13.4,7.5,42.0,-0.00,ARMED,,19.6,4,
1791299241534,28.552654,77.329506,42.0,CNG,28.76,22.4,4,1631,34.9,7.97,,88.0,-0.78,-3.91,13.4,10.2,42.1,0.03,CANDIDATE,42.1,19.6,4,
1791299242398,28.552727,77.329419,43.0,CNG,26.07,22.4,4,1645,34.9,8.15,,88.0,-0.78,-3.91,13.1,10.2,42.4,0.10,LOCKED,42.4,19.6,4,
1791299244057,28.552872,77.329240,43.0,CNG,25.40,22.4,4,1676,34.9,7.63,,88.0,1.56,-3.91,13.1,10.2,43.0,0.41,LOCKED,42.4,18.4,4,
1791299244917,28.552945,77.329149,44.0,CNG,26.54,22.4,4,1718,34.9,6.73,,88.0,1.56,-3.91,13.5,10.2,44.3,0.66,LOCKED,42.4,18.4,4,
1791299245681,28.553020,77.329057,45.0,CNG,27.64,22.4,4,1728,34.9,6.65,,89.0,1.56,-3.91,13.5,10.2,44.7,0.63,LOCKED,42.4,18.4,4,
1791299247433,28.553096,77.328962,45.0,CNG,28.68,22.4,4,1745,21.2,6.44,,89.0,1.56,-3.91,13.6,10.2,45.1,0.60,LOCKED,42.4,16.1,4,
1791299248274,28.553170,77.328865,45.0,CNG,34.61,17.6,4,1735,21.2,3.92,,89.0,1.56,-3.91,13.6,3.7,45.0,0.05,LOCKED,42.4,16.1,4,
1791299249050,28.553246,77.328770,45.0,CNG,38.84,20.8,4,1739,21.2,4.12,,89.0,1.56,-3.91,13.3,8.0,45.0,0.04,LOCKED,42.4,16.1,4,
1791299251229,28.553396,77.328581,45.0,CNG,40.29,20.8,4,1726,25.5,4.58,,89.0,0.78,-4.69,13.3,8.0,44.7,-0.04,LOCKED,42.4,16.9,4,
1791299252393,28.553468,77.328486,45.0,CNG,40.13,20.8,4,1737,25.5,4.90,,89.0,0.78,-4.69,13.3,8.0,44.9,0.01,LOCKED,42.4,16.9,4,
1791299253468,28.553542,77.328390,45.0,CNG,41.25,20.8,4,1753,25.5,4.54,,89.0,0.78,-4.69,13.3,8.0,45.2,0.09,LOCKED,42.4,16.9,4,
1791299255743,28.553762,77.328099,45.0,CNG,39.77,20.8,4,1764,25.1,5.18,,89.0,0.00,-4.69,13.3,8.0,45.5,0.14,LOCKED,42.4,16.9,4,
1791299256874,28.553833,77.328002,46.0,CNG,39.43,20.8,4,1760,25.1,5.13,,89.0,0.00,-4.69,13.3,8.0,45.5,0.09,LOCKED,42.4,16.9,4,
1791299257978,28.553904,77.327905,46.0,CNG,46.05,14.9,4,1778,25.1,3.26,,89.0,0.00,-4.69,13.5,0.0,45.9,0.16,LOCKED,42.4,16.9,4,
1791299259850,28.554046,77.327719,45.0,CNG,48.05,14.9,4,1745,31.8,3.80,,89.0,0.00,-3.13,13.5,0.0,45.4,-0.22,LOCKED,42.4,15.3,4,
1791299260741,28.554046,77.327719,36.0,CNG,47.41,14.9,5,989,31.8,3.38,,89.0,0.00,-3.13,13.2,0.0,36.0,0.00,PAUSED,42.4,15.3,5,
1791299261542,28.554105,77.327643,35.0,CNG,50.03,14.9,,829,31.8,2.74,,89.0,0.00,-3.13,13.2,0.0,35.0,0.00,PAUSED,42.4,15.3,,
1791299263242,28.554218,77.327497,35.0,CNG,48.93,14.9,,807,38.4,3.22,,89.0,0.00,-3.13,13.4,0.0,35.0,0.00,PAUSED,42.4,14.9,,
1791299263983,28.554273,77.327422,34.0,CNG,48.98,14.9,,812,38.4,3.01,,89.0,0.00,-3.13,13.4,0.0,34.0,0.00,PAUSED,42.4,14.9,,
1791299264831,28.554326,77.327350,34.0,CNG,54.00,14.9,,812,38.4,2.29,,89.0,0.00,-3.13,13.3,0.0,34.0,0.00,PAUSED,42.4,14.9,,
1791299266509,28.554378,77.327277,34.0,CNG,57.32,14.9,,809,23.5,2.33,,89.0,0.00,-3.13,13.3,0.0,34.0,0.00,PAUSED,42.4,12.9,,
1791299267311,28.554430,77.327204,34.0,CNG,62.25,16.1,,748,23.5,2.06,,89.0,0.00,-3.13,13.5,1.6,34.0,0.00,ARMED,,12.9,,
1791299268038,28.554481,77.327132,33.0,CNG,62.17,17.6,5,911,23.5,2.31,,89.0,0.00,-3.13,13.5,3.7,33.0,0.00,ARMED,,12.9,5,
1791299269699,28.554529,77.327063,32.0,CNG,54.58,18.0,3,1656,19.6,3.04,,89.0,0.00,-4.69,13.5,4.3,32.0,0.00,ARMED,,15.7,3,
1791299270446,28.554583,77.326998,31.0,CNG,44.96,18.0,3,1600,19.6,3.84,,90.0,0.00,-4.69,13.5,4.3,31.1,-0.41,ARMED,,15.7,3,
1791299271242,28.554635,77.326931,31.0,CNG,40.98,18.0,3,1574,19.6,3.74,,90.0,0.00,-4.69,13.6,4.3,30.9,-0.37,ARMED,,15.7,3,
1791299273010,28.554733,77.326800,30.0,CNG,38.63,18.0,3,1564,19.6,3.68,,89.0,0.78,-4.69,13.4,4.3,30.7,-0.35,ARMED,,15.3,3,
1791299273782,28.554781,77.326736,30.0,CNG,36.93,19.2,3,1528,19.6,3.77,,89.0,0.78,-4.69,13.4,5.9,30.0,-0.36,ARMED,,15.3,3,
1791299274546,28.554781,77.326736,29.0,CNG,37.88,19.2,3,1510,19.6,3.19,,89.0,0.78,-4.69,13.4,5.9,29.7,-0.38,ARMED,,15.3,3,
1791299276219,28.554881,77.326615,29.0,CNG,37.20,19.2,3,1511,19.6,3.48,,89.0,0.00,-4.69,13.5,5.9,29.6,-0.34,ARMED,,17.3,3,
1791299276986,28.554929,77.326552,30.0,CNG,31.92,21.6,3,1520,19.6,4.94,,89.0,0.00,-4.69,13.5,9.1,29.7,0.01,ARMED,,17.3,3,
1791299277729,28.554929,77.326552,30.0,CNG,26.85,21.6,3,1533,19.6,6.00,,89.0,0.00,-4.69,13.3,9.1,30.0,0.07,ARMED,,17.3,3,
1791299279340,28.555031,77.326426,30.0,CNG,23.21,21.6,3,1538,39.2,6.75,,89.0,-1.56,-3.91,13.3,9.1,30.1,0.10,ARMED,,18.8,3,
1791299280080,28.555083,77.326364,31.0,CNG,21.09,21.6,3,1602,39.2,7.23,,89.0,-1.56,-3.91,13.4,9.1,31.2,0.56,ARMED,,18.8,3,
1791299280829,28.555138,77.326302,32.0,CNG,20.17,21.6,3,1628,39.2,7.32,,89.0,-1.56,-3.91,13.4,9.1,31.8,0.60,ARMED,,18.8,3,
1791299282426,28.555196,77.326237,32.0,CNG,19.73,21.6,3,1657,38.0,7.27,,89.0,-1.56,-3.91,13.4,9.1,32.4,0.64,ARMED,,19.2,3,
1791299283183,28.555254,77.326172,33.0,CNG,20.06,21.6,3,1708,38.0,6.97,,89.0,-1.56,-3.91,13.4,9.1,33.4,0.64,ARMED,,19.2,3,
1791299283993,28.555314,77.326107,34.0,CNG,22.33,21.6,3,1739,38.0,5.56,,89.0,-1.56,-3.91,13.5,9.1,34.0,0.66,ARMED,,19.2,3,
1791299285625,28.555378,77.326041,34.0,CNG,22.84,26.3,3,1770,61.2,6.25,,89.0,8.59,-2.34,13.5,15.5,34.5,0.67,ARMED,,22.4,3,
1791299286397,28.555445,77.325973,37.0,CNG,17.44,27.8,3,1924,61.2,12.16,,89.0,8.59,-2.34,13.5,17.7,37.3,1.45,ARMED,,22.4,3,
1791299287228,28.555514,77.325899,39.0,CNG,24.63,14.9,3,1976,61.2,3.08,,89.0,8.59,-2.34,13.5,0.0,38.5,1.46,ARMED,,22.4,3,
1791299288887,28.555652,77.325751,39.0,CNG,27.18,21.6,4,1532,31.4,5.33,,89.0,0.00,-3.91,13.4,9.1,39.0,0.00,ARMED,,17.6,4,
1791299289616,28.555652,77.325751,40.0,CNG,29.30,21.6,4,1526,31.4,5.28,,89.0,0.00,-3.91,13.4,9.1,39.9,0.41,ARMED,,17.6,4,
1791299290482,28.555722,77.325676,40.0,CNG,31.35,21.6,4,1550,31.4,4.98,,89.0,0.00,-3.91,13.5,9.1,40.1,0.37,ARMED,,17.6,4,
1791299292135,28.555863,77.325513,40.0,CNG,32.92,21.6,4,1569,30.6,4.89,,89.0,0.00,-3.91,13.5,9.1,40.4,0.39,ARMED,,17.6,4,
1791299292959,28.555933,77.325428,41.0,CNG,32.31,21.6,4,1595,30.6,5.66,,89.0,0.00,-3.91,13.3,9.1,41.1,0.39,ARMED,,17.6,4,
1791299293897,28.556005,77.325342,42.0,CNG,33.22,22.4,4,1643,30.6,5.27,,90.0,0.00,-3.91,13.3,10.2,42.1,0.73,ARMED,,17.6,4,
1791299295548,28.556078,77.325256,42.0,CNG,23.22,27.5,4,1646,51.0,11.31,,90.0,2.34,-2.34,13.4,17.1,42.5,0.68,ARMED,,19.6,4,
1791299296458,28.556152,77.325167,44.0,CNG,26.30,21.6,4,1716,51.0,5.91,,90.0,2.34,-2.34,13.4,9.1,44.1,0.87,ARMED,,19.6,4,
1791299297272,28.556222,77.325078,44.0,CNG,27.40,21.6,4,1698,51.0,6.55,,90.0,2.34,-2.34,13.3,9.1,44.1,0.47,ARMED,,19.6,4,
1791299299006,28.556359,77.324908,43.0,CNG,27.11,21.6,4,1692,38.0,7.00,,90.0,0.00,-3.91,13.3,9.1,43.9,0.07,ARMED,,19.2,4,
1791299299904,28.556432,77.324818,44.0,CNG,27.14,22.0,4,1681,38.0,7.03,,90.0,0.00,-3.91,13.4,9.6,43.4,-0.19,ARMED,,19.2,4,
1791299300697,28.556505,77.324726,44.0,CNG,26.01,23.5,4,1710,38.0,7.80,,90.0,0.00,-3.91,13.4,11.8,43.8,0.12,CANDIDATE,43.8,19.2,4,
1791299302533,28.556578,77.324631,44.0,CNG,24.27,23.5,4,1725,46.7,8.66,,90.0,-0.78,-3.13,13.5,11.8,44.3,0.33,LOCKED,44.3,20.0,4,
1791299303389,28.556652,77.324530,45.0,CNG,28.07,14.9,4,1768,46.7,5.37,,90.0,-0.78,-3.13,13.5,0.0,45.4,0.58,LOCKED,44.3,20.0,4,
1791299304246,28.556727,77.324434,45.0,CNG,34.48,20.8,4,1765,46.7,3.76,,90.0,-0.78,-3.13,13.4,8.0,45.6,0.39,LOCKED,44.3,20.0,4,
1791299306150,28.556873,77.324238,45.0,CNG,32.28,22.4,4,1748,38.0,6.63,,90.0,0.00,-3.91,13.3,10.2,45.3,0.00,LOCKED,44.3,19.2,4,
1791299307058,28.556949,77.324142,46.0,CNG,21.46,29.4,4,1786,38.0,13.86,,90.0,0.00,-3.91,13.3,19.8,45.9,0.28,LOCKED,44.3,19.2,4,
1791299307792,28.557028,77.324038,47.0,CNG,18.37,29.0,4,1836,38.0,13.42,,90.0,0.00,-3.91,13.3,19.3,46.8,0.67,LOCKED,44.3,19.2,4,
1791299309556,28.557107,77.323938,49.0,CNG,17.15,27.8,4,1898,51.8,13.58,,90.0,0.00,-2.34,13.4,17.7,48.4,1.23,LOCKED,44.3,20.4,4,
1791299310422,28.557185,77.323833,51.0,CNG,19.71,14.9,4,1963,51.8,8.91,,90.0,0.00,-2.34,13.4,0.0,50.6,1.24,LOCKED,44.3,20.4,5,
1791299311227,28.557268,77.323725,50.0,CNG,28.40,21.6,5,1655,51.8,2.72,,90.0,0.00,-2.34,13.5,9.1,50.0,0.00,PAUSED,44.3,20.4,5,
1791299312970,28.557431,77.323510,50.0,CNG,32.73,21.6,5,1510,25.1,5.14,,90.0,2.34,-3.91,13.5,9.1,50.0,0.00,PAUSED,44.3,16.1,5,
1791299313862,28.557509,77.323406,49.0,CNG,40.33,20.0,5,1448,25.1,3.42,,90.0,2.34,-3.91,13.5,7.0,49.1,-0.40,PAUSED,44.3,16.1,5,
1791299314670,28.557585,77.323303,48.0,CNG,44.31,19.6,5,1434,25.1,3.99,,90.0,2.34,-3.91,13.5,6.4,48.6,-0.46,PAUSED,44.3,16.1,5,
1791299316450,28.557660,77.323201,48.0,CNG,51.18,19.6,5,1431,33.3,3.11,,90.0,-0.78,-4.69,13.4,6.4,48.3,-0.42,PAUSED,44.3,17.6,5,
1791299317291,28.557735,77.323102,47.0,CNG,43.44,21.6,5,1408,33.3,5.80,,90.0,-0.78,-4.69,13.4,9.1,47.5,-0.43,ARMED,,17.6,5,
1791299318063,28.557808,77.322999,46.0,CNG,36.86,21.6,5,1385,33.3,6.70,,90.0,-0.78,-4.69,13.3,9.1,46.9,-0.61,ARMED,,17.6,5,
1791299319787,28.557947,77.322792,46.0,CNG,33.19,21.6,5,1383,44.7,6.94,,89.0,0.00,-3.91,13.3,9.1,46.5,-0.56,ARMED,,18.8,5,
1791299320630,28.557947,77.322792,47.0,CNG,32.08,21.2,5,1379,44.7,6.68,,89.0,0.00,-3.91,13.5,8.6,46.4,-0.18,ARMED,,18.8,5,
1791299321390,28.558008,77.322682,46.0,CNG,31.28,21.2,5,1377,44.7,6.63,,90.0,0.00,-3.91,13.5,8.6,46.4,-0.15,ARMED,,18.8,5,
1791299323223,28.558123,77.322457,46.0,CNG,32.24,21.2,5,1381,34.5,5.91,,90.0,0.00,-3.91,13.4,8.6,46.4,-0.09,ARMED,,17.3,5,
1791299324072,28.558179,77.322342,46.0,CNG,34.83,21.2,5,1367,34.5,5.04,,90.0,0.00,-3.91,13.4,8.6,46.1,-0.14,ARMED,,17.3,5,
1791299324867,28.558237,77.322228,47.0,CNG,35.08,22.0,5,1365,34.5,5.76,,90.0,0.00,-3.91,13.5,9.6,46.0,-0.12,ARMED,,17.3,5,
1791299326611,28.558298,77.322114,47.0,CNG,32.28,23.9,5,1379,49.0,7.07,,90.0,-0.78,-3.91,13.5,12.3,46.4,0.12,ARMED,,19.2,5,
1791299327512,28.558358,77.321998,48.0,CNG,30.77,23.5,5,1421,49.0,7.24,,90.0,-0.78,-3.91,13.5,11.8,47.8,0.69,ARMED,,19.2,5,
1791299328285,28.558417,77.321884,48.0,CNG,30.78,23.5,5,1430,49.0,6.77,,90.0,-0.78,-3.91,13.5,11.8,48.3,0.67,ARMED,,19.2,5,
1791299330057,28.558542,77.321647,48.0,CNG,29.90,23.1,5,1432,40.0,7.27,,90.0,0.78,-3.91,13.5,11.2,48.5,0.47,ARMED,,18.0,5,
1791299330897,28.558603,77.321531,48.0,CNG,31.07,22.4,5,1422,40.0,6.32,,90.0,0.78,-3.91,13.5,10.2,48.1,-0.08,ARMED,,18.0,5,
1791299331646,28.558664,77.321419,47.0,CNG,31.76,22.4,5,1408,40.0,6.21,,90.0,0.78,-3.91,13.4,10.2,47.7,-0.29,ARMED,,18.0,5,
1791299333448,28.558724,77.321307,47.0,CNG,33.47,20.0,5,1410,31.4,5.60,,90.0,-1.56,-4.69,13.4,7.0,47.5,-0.27,ARMED,,16.9,5,
1791299334329,28.558786,77.321195,47.0,CNG,32.60,25.1,5,1391,31.4,6.51,,90.0,-1.56,-4.69,13.2,13.9,46.9,-0.30,ARMED,,16.9,5,
1791299335122,28.558845,77.321083,47.0,CNG,41.22,21.2,5,1411,31.4,2.98,,90.0,-1.56,-4.69,13.2,8.6,47.2,0.02,ARMED,,16.9,5,
1791299336967,28.558971,77.320857,47.0,CNG,40.44,21.2,5,1405,37.3,5.19,,90.0,-0.78,-3.91,13.3,8.6,47.3,0.03,ARMED,,17.6,5,
1791299337834,28.559033,77.320742,47.0,CNG,39.19,20.8,5,1411,37.3,5.45,,90.0,-0.78,-3.91,13.3,8.0,47.4,0.06,ARMED,,17.6,5,
1791299338620,28.559033,77.320742,47.0,CNG,37.97,20.8,5,1407,37.3,5.63,,90.0,-0.78,-3.91,13.5,8.0,47.4,0.03,ARMED,,17.6,5,
1791299340552,28.559160,77.320520,47.0,CNG,37.73,21.2,5,1411,40.4,5.46,,90.0,-0.78,-3.91,13.5,8.6,47.4,0.03,ARMED,,18.0,5,
1791299341471,28.559222,77.320406,49.0,CNG,37.60,20.8,5,1442,40.4,5.69,,90.0,-0.78,-3.91,13.3,8.0,48.4,0.44,ARMED,,18.0,5,
1791299342263,28.559288,77.320292,49.0,CNG,38.15,20.8,5,1448,40.4,5.46,,89.0,-0.78,-3.91,13.3,8.0,48.8,0.43,ARMED,,18.0,5,
1791299344037,28.559420,77.320056,49.0,CNG,42.61,20.8,5,1462,28.6,4.13,,89.0,-0.78,-4.69,13.4,8.0,49.2,0.44,ARMED,,16.9,5,
1791299344937,28.559483,77.319937,50.0,CNG,43.90,20.8,5,1474,28.6,4.73,,89.0,-0.78,-4.69,13.4,8.0,49.7,0.38,ARMED,,16.9,5,
1791299345755,28.559545,77.319817,50.0,CNG,46.96,20.8,5,1477,28.6,4.15,,89.0,-0.78,-4.69,13.5,8.0,49.8,0.34,ARMED,,16.9,5,
1791299347490,28.559606,77.319696,49.0,CNG,46.56,20.0,5,1490,24.3,4.63,,89.0,-1.56,-4.69,13.5,7.0,50.1,0.34,ARMED,,16.1,5,
1791299348349,28.559672,77.319578,49.0,CNG,49.36,20.0,5,1468,24.3,3.92,,89.0,-1.56,-4.69,13.5,7.0,49.5,-0.22,ARMED,,16.1,5,
1791299349127,28.559734,77.319459,49.0,CNG,50.83,20.0,5,1465,24.3,4.00,,89.0,-1.56,-4.69,13.5,7.0,49.3,-0.24,ARMED,,16.1,5,
1791299350955,28.559858,77.319218,49.0,CNG,54.34,20.0,5,1457,24.3,3.51,,89.0,0.00,-4.69,13.3,7.0,49.0,-0.25,ARMED,,16.1,5,
1791299351842,28.559918,77.319100,49.0,CNG,54.94,20.0,5,1456,24.3,3.81,,89.0,0.00,-4.69,13.3,7.0,48.9,-0.09,ARMED,,16.1,5,
1791299352637,28.559918,77.319100,49.0,CNG,52.68,20.0,5,1460,24.3,4.29,,89.0,0.00,-4.69,13.5,7.0,49.0,-0.05,ARMED,,16.1,5,
1791299354322,28.560045,77.318866,49.0,CNG,52.42,20.0,5,1455,24.3,4.09,,88.0,0.00,-4.69,13.5,7.0,48.9,-0.06,ARMED,,16.1,5,
1791299355231,28.560116,77.318752,49.0,CNG,45.51,20.0,5,1458,24.3,5.60,,88.0,0.00,-4.69,13.4,7.0,49.0,-0.02,ARMED,,16.1,5,
1791299355999,28.560188,77.318640,49.0,CNG,43.46,19.6,5,1456,24.3,5.23,,88.0,0.00,-4.69,13.4,6.4,49.0,-0.02,ARMED,,16.1,5,
1791299357695,28.560333,77.318417,49.0,CNG,44.54,19.6,5,1464,31.0,4.60,,88.0,-0.78,-3.91,13.4,6.4,49.1,0.03,ARMED,,17.3,5,
1791299358542,28.560333,77.318417,49.0,CNG,53.86,14.9,5,1455,31.0,2.71,,88.0,-0.78,-3.91,13.4,0.0,48.9,-0.02,ARMED,,17.3,5,
1791299359287,28.560410,77.318312,49.0,CNG,46.44,19.6,5,1475,31.0,5.53,,88.0,-0.78,-3.91,13.1,6.4,49.3,0.20,ARMED,,17.3,5,
1791299361037,28.560573,77.318110,49.0,CNG,43.99,19.6,5,1452,30.6,5.22,,88.0,0.78,-3.91,13.1,6.4,49.0,-0.06,ARMED,,16.9,5,
1791299361968,28.560659,77.318012,49.0,CNG,51.98,19.6,5,1452,30.6,2.98,,88.0,0.78,-3.91,13.3,6.4,48.8,-0.08,ARMED,,16.9,5,
1791299362757,28.560749,77.317918,49.0,CNG,55.07,19.6,5,1462,30.6,3.52,,88.0,0.78,-3.91,13.3,6.4,49.0,-0.01,ARMED,,16.9,5,
1791299364565,28.560842,77.317829,49.0,CNG,59.80,19.2,5,1457,20.0,3.10,,88.0,0.78,-4.69,13.5,5.9,49.0,-0.01,ARMED,,15.3,5,
1791299365408,28.560938,77.317748,49.0,CNG,63.05,19.2,5,1454,20.0,3.10,,88.0,0.78,-4.69,13.5,5.9,48.9,-0.03,ARMED,,15.3,5,
1791299366215,28.561040,77.317671,49.0,CNG,63.32,19.2,5,1449,20.0,3.34,,88.0,0.78,-4.69,13.5,5.9,48.8,-0.06,ARMED,,15.3,5,
1791299367938,28.561245,77.317530,48.0,CNG,67.47,18.8,5,1425,20.0,2.78,,88.0,0.00,-4.69,13.5,5.4,48.2,-0.36,ARMED,,15.3,5,
1791299368830,28.561352,77.317471,48.0,CNG,63.78,18.8,5,1428,20.0,3.54,,88.0,0.00,-4.69,13.5,5.4,48.0,-0.18,ARMED,,15.3,5,
1791299369610,28.561352,77.317471,48.0,CNG,68.35,18.8,5,1402,20.0,2.72,,88.0,0.00,-4.69,13.5,5.4,47.4,-0.40,ARMED,,15.3,5,
1791299371382,28.561570,77.317368,48.0,CNG,71.73,18.4,5,1439,20.0,2.69,,88.0,1.56,-4.69,13.5,4.8,48.0,0.09,ARMED,,14.9,5,
1791299372283,28.561679,77.317323,48.0,CNG,68.41,14.9,5,1369,20.0,3.26,,88.0,1.56,-4.69,13.5,0.0,46.5,-0.64,ARMED,,14.9,5,
1791299373061,28.561785,77.317276,47.0,CNG,68.63,19.2,5,1393,20.0,2.96,,88.0,1.56,-4.69,13.6,5.9,46.7,-0.25,ARMED,,14.9,5,
1791299374934,28.562000,77.317184,47.0,CNG,72.03,19.2,5,1395,20.8,2.62,,88.0,0.00,-4.69,13.4,5.9,46.9,0.02,ARMED,,17.3,5,
1791299375832,28.562107,77.317140,47.0,CNG,63.66,18.4,5,1357,20.8,3.77,,88.0,0.00,-4.69,13.3,4.8,46.1,-0.36,ARMED,,17.3,5,
1791299376576,28.562107,77.317140,46.0,CNG,56.75,19.2,5,1388,20.8,4.11,,88.0,0.00,-4.69,13.3,5.9,46.5,0.06,ARMED,,17.3,5,
1791299378361,28.562321,77.317049,46.0,CNG,49.41,19.2,5,1362,31.4,4.84,,88.0,-3.13,-3.91,13.0,5.9,46.3,-0.12,ARMED,,16.1,5,
1791299379192,28.562426,77.317002,46.0,CNG,52.42,16.1,5,1368,31.4,3.46,,88.0,-3.13,-3.91,13.0,1.6,46.2,-0.08,ARMED,,16.1,5,
1791299380013,28.562530,77.316953,45.0,CNG,43.06,21.2,5,1350,31.4,5.79,,88.0,-3.13,-3.91,13.3,8.6,45.9,-0.27,ARMED,,16.1,5,
1791299381783,28.562731,77.316839,45.0,CNG,43.94,20.0,5,1339,27.5,4.31,,88.0,-0.78,-3.91,13.3,7.0,45.4,-0.34,ARMED,,15.7,5,
1791299382662,28.562731,77.316839,45.0,CNG,46.42,20.0,5,1333,27.5,3.85,,88.0,-0.78,-3.91,13.5,7.0,45.0,-0.28,ARMED,,15.7,5,
1791299383437,28.562829,77.316774,45.0,CNG,48.58,20.4,5,1325,27.5,3.74,,88.0,-0.78,-3.91,13.5,7.5,44.8,-0.29,ARMED,,15.7,5,
1791299385235,28.563018,77.316640,45.0,CNG,50.30,20.8,5,1329,30.2,3.68,,88.0,0.00,-3.91,13.5,8.0,44.8,-0.21,ARMED,,16.1,5,
1791299386130,28.563109,77.316573,44.0,CNG,54.78,14.9,5,1313,30.2,3.01,,88.0,0.00,-3.91,13.5,0.0,44.4,-0.22,ARMED,,16.1,5,
1791299386915,28.563199,77.316508,43.0,CNG,55.41,14.9,5,1292,30.2,3.31,,88.0,0.00,-3.91,13.3,0.0,43.8,-0.43,ARMED,,16.1,5,
1791299388652,28.563283,77.316446,40.0,CNG,60.79,14.9,5,1199,22.4,2.40,,89.0,0.00,0.00,13.3,0.0,41.4,-1.57,ARMED,,14.1,5,
1791299389409,28.563360,77.316390,36.0,CNG,64.63,14.9,5,1073,22.4,2.15,,89.0,0.00,0.00,13.4,0.0,36.6,-2.69,ARMED,,14.1,5,
1791299390234,28.563436,77.316337,36.0,CNG,67.23,17.6,5,1064,22.4,2.17,,89.0,0.00,0.00,13.4,3.7,35.4,-2.18,ARMED,,14.1,5,
1791299391856,28.563586,77.316229,35.0,CNG,51.54,20.8,5,1044,38.8,4.08,,89.0,0.00,-3.91,13.5,8.0,34.6,-1.57,ARMED,,16.1,5,
1791299392604,28.563586,77.316229,35.0,CNG,43.45,14.9,5,1053,38.8,4.37,,88.0,0.00,-3.91,13.5,0.0,35.0,-0.18,ARMED,,16.1,5,
1791299393383,28.563659,77.316176,35.0,CNG,48.31,21.2,5,1014,38.8,2.60,,88.0,0.00,-3.91,13.5,8.6,34.5,-0.42,ARMED,,16.1,5,
1791299394996,28.563807,77.316064,35.0,CNG,38.07,21.2,4,1402,38.8,5.29,,88.0,-1.56,-3.91,13.5,8.6,35.0,0.00,ARMED,,17.6,4,
1791299395769,28.563882,77.316010,36.0,CNG,33.63,20.4,4,1379,38.8,5.45,,88.0,-1.56,-3.91,13.3,7.5,35.9,0.41,ARMED,,17.6,4,
1791299396503,28.563882,77.316010,36.0,CNG,31.60,20.4,4,1377,38.8,5.39,,88.0,-1.56,-3.91,13.3,7.5,36.1,0.38,ARMED,,17.6,4,
1791299398168,28.564035,77.315906,36.0,CNG,29.63,20.4,4,1389,38.0,5.77,,88.0,0.00,-3.91,13.3,7.5,36.3,0.37,ARMED,,17.6,4,
1791299398928,28.564111,77.315852,36.0,CNG,29.20,20.8,4,1387,38.0,5.47,,89.0,0.00,-3.91,13.3,8.0,36.3,0.08,ARMED,,17.6,4,
1791299399727,28.564111,77.315852,36.0,CNG,27.37,21.2,4,1404,38.0,6.25,,89.0,0.00,-3.91,13.2,8.6,36.5,0.12,ARMED,,17.6,4,
1791299401384,28.564264,77.315742,37.0,CNG,27.64,21.2,4,1417,35.3,5.73,,89.0,0.00,-3.91,13.2,8.6,36.8,0.19,ARMED,,17.3,4,
1791299402209,28.564342,77.315687,37.0,CNG,29.23,22.4,4,1452,35.3,5.03,,89.0,0.00,-3.91,13.5,10.2,37.7,0.44,ARMED,,17.3,4,
1791299403029,28.564423,77.315630,38.0,CNG,28.07,22.4,4,1469,35.3,6.22,,89.0,0.00,-3.91,13.5,10.2,38.2,0.46,ARMED,,17.3,4,
1791299404613,28.564503,77.315573,38.0,CNG,27.80,22.4,4,1485,35.7,6.02,,89.0,0.00,-3.91,13.4,10.2,38.6,0.48,ARMED,,16.5,4,
1791299405335,28.564587,77.315516,39.0,CNG,28.52,21.2,4,1521,35.7,5.72,,89.0,0.00,-3.91,13.4,8.6,39.4,0.51,ARMED,,16.5,4,
1791299406166,28.564670,77.315455,39.0,CNG,29.73,21.6,4,1527,35.7,5.34,,89.0,0.00,-3.91,13.5,9.1,39.7,0.46,ARMED,,16.5,4,
1791299407956,28.564835,77.315330,40.0,CNG,32.01,21.6,4,1541,30.6,4.83,,89.0,0.00,-3.91,13.5,9.1,40.0,0.45,ARMED,,17.3,4,
1791299408731,28.564919,77.315272,41.0,CNG,31.80,21.6,4,1592,30.6,5.65,,89.0,0.00,-3.91,13.6,9.1,41.2,0.64,ARMED,,17.3,4,
1791299409629,28.564919,77.315272,41.0,CNG,31.41,21.6,4,1587,30.6,5.77,,89.0,0.00,-3.91,13.6,9.1,41.3,0.36,ARMED,,17.3,4,
1791299411342,28.565097,77.315134,41.0,CNG,32.74,21.2,4,1597,22.0,5.10,,89.0,1.56,-3.91,13.3,8.6,41.4,0.31,ARMED,,15.7,4,
1791299412189,28.565184,77.315075,41.0,CNG,38.86,20.0,4,1593,22.0,3.31,,89.0,1.56,-3.91,13.3,7.0,41.3,0.00,CANDIDATE,41.3,15.7,4,
1791299413129,28.565271,77.315013,41.0,CNG,41.84,20.0,4,1589,22.0,3.77,,89.0,1.56,-3.91,13.5,7.0,41.2,-0.03,LOCKED,41.2,15.7,4,
1791299414790,28.565439,77.314889,41.0,CNG,42.34,20.0,4,1590,27.8,4.13,,89.0,3.13,-3.91,13.5,7.0,41.1,-0.04,LOCKED,41.2,17.3,4,
1791299415680,28.565439,77.314889,41.0,CNG,38.38,20.0,4,1584,27.8,5.29,,89.0,3.13,-3.91,13.5,7.0,41.0,-0.06,LOCKED,41.2,17.3,4,
1791299416420,28.565523,77.314825,41.0,CNG,35.47,20.0,4,1576,27.8,5.59,,89.0,3.13,-3.91,13.5,7.0,40.8,-0.09,LOCKED,41.2,17.3,4,
1791299418160,28.565690,77.314700,40.0,CNG,34.93,20.0,4,1572,32.2,5.09,,89.0,0.00,-3.91,13.3,7.0,40.7,-0.11,LOCKED,41.2,17.6,4,
1791299418897,28.565773,77.314638,40.0,CNG,32.75,20.0,4,1567,32.2,5.81,,89.0,0.00,-3.91,13.3,7.0,40.5,-0.12,LOCKED,41.2,17.6,4,
1791299419727,28.565773,77.314638,40.0,CNG,31.85,20.0,4,1564,32.2,5.68,,89.0,0.00,-3.91,13.5,7.0,40.4,-0.12,LOCKED,41.2,17.6,4,
1791299421378,28.565937,77.314517,40.0,CNG,31.89,20.0,4,1567,22.7,5.44,,89.0,0.00,-3.91,13.5,7.0,40.4,-0.10,LOCKED,41.2,16.1,4,
1791299422178,28.566020,77.314452,40.0,CNG,36.54,20.0,4,1558,22.7,3.71,,89.0,0.00,-3.91,13.5,7.0,40.2,-0.10,LOCKED,41.2,16.1,4,
1791299422914,28.566103,77.314391,40.0,CNG,40.39,20.0,4,1568,22.7,3.62,,89.0,0.00,-3.91,13.5,7.0,40.3,-0.05,LOCKED,41.2,16.1,4,
1791299424586,28.566184,77.314327,40.0,CNG,44.00,20.0,4,1556,22.7,3.42,,89.0,0.78,-3.91,13.4,7.0,40.1,-0.08,LOCKED,41.2,16.1,4,
1791299425373,28.566266,77.314265,40.0,CNG,46.24,20.0,4,1555,22.7,3.47,,89.0,0.78,-3.91,13.4,7.0,40.1,-0.06,LOCKED,41.2,16.1,4,
1791299426162,28.566348,77.314204,40.0,CNG,45.07,20.0,4,1555,22.7,4.00,,89.0,0.78,-3.91,13.5,7.0,40.0,-0.06,LOCKED,41.2,16.1,4,
1791299427853,28.566514,77.314083,40.0,CNG,44.49,14.9,4,1549,20.0,3.98,,89.0,0.00,0.00,13.5,0.0,39.9,-0.07,LOCKED,41.2,15.3,4,
1791299428698,28.566514,77.314083,37.0,CNG,48.28,14.9,4,1454,20.0,2.87,,89.0,0.00,0.00,13.5,0.0,37.7,-1.05,LOCKED,41.2,15.3,3,
1791299429472,28.566592,77.314025,36.0,CNG,47.00,14.9,4,1393,20.0,3.47,,89.0,0.00,0.00,13.5,0.0,36.2,-1.41,LOCKED,41.2,15.3,3,
1791299431071,28.566740,77.313919,35.0,CNG,47.02,18.8,4,1362,21.6,3.23,,89.0,0.00,-3.91,13.3,5.4,35.1,-1.44,LOCKED,41.2,16.9,3,
1791299431816,28.566811,77.313866,35.0,CNG,29.31,23.9,4,1355,21.6,8.25,,89.0,0.00,-3.91,13.3,12.3,34.6,-0.59,LOCKED,41.2,16.9,3,
1791299432565,28.566811,77.313866,36.0,CNG,24.83,23.9,4,1375,21.6,7.74,,89.0,0.00,-3.91,13.5,12.3,34.9,-0.14,LOCKED,41.2,16.9,3,
1791299434290,28.566960,77.313752,36.0,CNG,23.14,23.9,4,1415,47.1,7.45,,89.0,-0.78,-3.13,13.5,12.3,35.8,0.45,LOCKED,41.2,20.4,3,
1791299435084,28.567036,77.313695,39.0,CNG,20.87,23.5,4,1493,47.1,9.22,,89.0,-0.78,-3.13,13.3,11.8,38.3,1.23,LOCKED,41.2,20.4,3,
1791299435808,28.567117,77.313635,39.0,CNG,19.99,22.7,4,1519,47.1,8.98,,89.0,-0.78,-3.13,13.3,10.7,39.2,1.21,LOCKED,41.2,20.4,4,
1791299437444,28.567199,77.313573,40.0,CNG,20.62,22.7,4,1551,32.2,8.05,,89.0,0.00,-3.13,13.5,10.7,40.0,1.20,LOCKED,41.2,16.5,4,
1791299438164,28.567280,77.313510,40.0,CNG,23.10,20.8,4,1574,32.2,6.21,,89.0,0.00,-3.13,13.5,8.0,40.7,0.60,LOCKED,41.2,16.5,4,
1791299438970,28.567364,77.313451,40.0,CNG,24.41,21.2,4,1563,32.2,6.52,,89.0,0.00,-3.13,13.4,8.6,40.6,0.26,LOCKED,41.2,16.5,4,
1791299440698,28.567532,77.313323,41.0,CNG,25.98,21.2,4,1569,37.6,6.22,,89.0,0.00,-3.13,13.4,8.6,40.6,0.19,LOCKED,41.2,18.8,4,
1791299441602,28.567532,77.313323,41.0,CNG,29.45,21.2,4,1598,37.6,4.86,,89.0,0.00,-3.13,13.4,8.6,41.1,0.24,LOCKED,41.2,18.8,4,
1791299442436,28.567615,77.313258,41.0,CNG,30.71,21.2,4,1597,37.6,5.43,,89.0,0.00,-3.13,13.4,8.6,41.2,0.20,LOCKED,41.2,18.8,4,
1791299444173,28.567787,77.313129,42.0,CNG,33.15,21.2,4,1615,22.0,4.87,,89.0,1.56,-3.91,13.4,8.6,41.5,0.25,LOCKED,41.2,15.3,4,
1791299445070,28.567874,77.313063,42.0,CNG,37.39,20.0,5,1197,22.0,3.96,,89.0,1.56,-3.91,13.4,7.0,42.0,0.00,PAUSED,41.2,15.3,5,
1791299445883,28.567961,77.312996,42.0,CNG,40.42,20.0,5,1251,22.0,3.97,,89.0,1.56,-3.91,13.5,7.0,42.0,0.00,PAUSED,41.2,15.3,5,
1791299447694,28.568133,77.312872,42.0,CNG,43.08,20.0,5,1253,29.0,3.82,,90.0,0.00,-3.91,13.5,7.0,42.0,0.00,PAUSED,41.2,15.7,5,
1791299448544,28.568133,77.312872,42.0,CNG,46.11,20.0,5,1249,29.0,3.54,,90.0,0.00,-3.91,13.5,7.0,42.0,0.00,PAUSED,41.2,15.7,5,
1791299449302,28.568219,77.312806,42.0,CNG,41.40,24.3,5,1244,29.0,5.08,,90.0,0.00,-3.91,13.5,12.8,41.9,-0.03,PAUSED,41.2,15.7,5,
1791299451119,28.568395,77.312679,42.0,CNG,33.16,14.9,5,1250,36.1,7.14,,90.0,-1.56,-3.91,13.4,0.0,42.0,0.01,ARMED,,16.9,5,
1791299452022,28.568485,77.312614,43.0,CNG,34.41,21.2,5,1264,36.1,5.13,,90.0,-1.56,-3.91,13.4,8.6,42.5,0.23,ARMED,,16.9,5,
1791299452820,28.568575,77.312545,43.0,CNG,37.53,21.2,5,1273,36.1,4.31,,90.0,-1.56,-3.91,13.6,8.6,42.8,0.26,ARMED,,16.9,5,
1791299454575,28.568665,77.312482,43.0,CNG,37.64,21.2,5,1280,35.7,4.94,,90.0,0.00,-3.91,13.6,8.6,43.1,0.27,ARMED,,16.9,5,
1791299455486,28.568756,77.312414,44.0,CNG,36.41,21.2,5,1294,35.7,5.50,,90.0,0.00,-3.91,13.5,8.6,43.6,0.29,ARMED,,16.9,5,
1791299456270,28.568847,77.312347,44.0,CNG,39.71,14.9,5,1297,35.7,4.17,,90.0,0.00,-3.91,13.5,0.0,43.8,0.27,ARMED,,16.9,5,
1791299458107,28.569024,77.312210,43.0,CNG,36.04,20.0,5,1276,38.4,5.91,,90.0,-1.56,-3.91,13.3,7.0,43.3,-0.12,ARMED,,17.3,5,
1791299458965,28.569114,77.312144,43.0,CNG,36.87,16.1,5,1281,38.4,4.89,,90.0,-1.56,-3.91,13.3,1.6,43.2,-0.11,ARMED,,17.3,5,
1791299459732,28.569203,77.312078,42.0,CNG,42.58,18.4,5,1260,38.4,3.26,,90.0,-1.56,-3.91,13.3,4.8,42.7,-0.34,ARMED,,17.3,5,
1791299461446,28.569291,77.312014,42.0,CNG,45.68,18.8,5,1270,32.2,3.55,,90.0,0.00,-3.91,13.3,5.4,42.6,-0.28,ARMED,,14.5,5,
1791299462307,28.569375,77.311950,42.0,CNG,49.12,19.2,5,1253,32.2,3.29,,90.0,0.00,-3.91,13.3,5.9,42.1,-0.28,ARMED,,14.5,5,
1791299463057,28.569461,77.311888,42.0,CNG,50.33,19.2,5,1243,32.2,3.49,,90.0,0.00,-3.91,13.3,5.9,41.9,-0.30,ARMED,,14.5,5,
1791299464837,28.569633,77.311764,42.0,CNG,51.78,19.2,5,1240,23.9,3.37,,90.0,0.78,-3.91,13.5,5.9,41.7,-0.27,ARMED,,14.9,5,
1791299465692,28.569633,77.311764,41.0,CNG,51.19,19.6,5,1229,23.9,3.54,,90.0,0.78,-3.91,13.5,6.4,41.3,-0.25,ARMED,,14.9,5,
1791299466450,28.569718,77.311702,41.0,CNG,51.36,19.2,5,1225,23.9,3.45,,90.0,0.78,-3.91,13.5,5.9,41.2,-0.24,ARMED,,14.9,5,
1791299468261,28.569890,77.311577,41.0,CNG,55.14,19.6,5,1229,24.3,2.87,,89.0,0.78,-3.91,13.5,6.4,41.2,-0.17,ARMED,,14.9,5,
1791299469121,28.569975,77.311514,41.0,CNG,58.15,19.6,5,1220,24.3,2.81,,89.0,0.78,-3.91,13.4,6.4,41.0,-0.15,ARMED,,14.9,5,
1791299469845,28.570061,77.311449,41.0,CNG,57.27,19.6,5,1216,24.3,3.18,,89.0,0.78,-3.91,13.4,6.4,40.9,-0.15,ARMED,,14.9,5,
1791299471651,28.570229,77.311326,41.0,CNG,55.97,19.6,5,1216,26.3,3.29,,89.0,0.78,-3.91,13.3,6.4,40.8,-0.13,ARMED,,16.5,5,
1791299472525,28.570229,77.311326,41.0,CNG,49.68,20.4,5,1213,26.3,4.19,,89.0,0.78,-3.91,13.3,7.5,40.8,-0.08,ARMED,,16.5,5,
1791299473294,28.570314,77.311261,41.0,CNG,47.38,20.4,5,1218,26.3,4.02,,89.0,0.78,-3.91,13.4,7.5,40.9,-0.04,ARMED,,16.5,5,
1791299475176,28.570488,77.311140,41.0,CNG,47.78,20.4,5,1211,32.2,3.68,,89.0,0.00,-3.91,13.5,7.5,40.8,-0.06,ARMED,,17.6,5,
1791299476029,28.570574,77.311079,41.0,CNG,36.43,22.0,5,1222,32.2,6.63,,89.0,0.00,-3.91,13.1,9.6,41.1,0.12,ARMED,,17.6,5,
1791299476823,28.570660,77.311015,41.0,CNG,26.85,25.9,5,1219,32.2,9.25,,89.0,0.00,-3.91,13.1,15.0,41.1,0.09,ARMED,,17.6,5,
1791299478670,28.570837,77.310883,42.0,CNG,37.00,14.9,5,1256,63.1,2.20,,89.0,0.00,-2.34,13.5,0.0,41.9,0.51,ARMED,,22.4,4,
1791299479538,28.570837,77.310883,43.0,CNG,21.83,28.6,4,1677,63.1,13.62,,89.0,0.00,-2.34,13.5,18.7,43.0,0.00,ARMED,,22.4,4,
1791299480332,28.570929,77.310816,45.0,CNG,18.08,28.6,4,1724,63.1,13.41,,89.0,0.00,-2.34,13.4,18.7,44.2,0.72,ARMED,,22.4,4,
1791299482189,28.571126,77.310675,47.0,CNG,16.50,28.6,4,1806,59.2,13.87,,89.0,0.00,-2.34,13.4,18.7,46.3,1.53,ARMED,,22.0,4,
1791299483089,28.571227,77.310604,49.0,CNG,23.94,18.4,4,1880,59.2,3.40,,89.0,0.00,-2.34,13.4,4.8,49.0,1.50,ARMED,,22.0,4,
1791299483911,28.571326,77.310529,49.0,CNG,27.14,23.1,5,1520,59.2,6.35,,89.0,0.00,-2.34,13.4,11.2,49.0,0.00,ARMED,,22.0,5,
1791299485684,28.571528,77.310380,49.0,CNG,32.62,22.0,5,1461,35.3,4.61,,89.0,0.78,-3.91,13.4,9.6,49.0,0.00,ARMED,,17.6,5,
1791299486543,28.571528,77.310380,49.0,CNG,38.03,14.9,5,1463,35.3,4.23,,89.0,0.78,-3.91,13.4,0.0,49.0,0.00,ARMED,,17.6,5,
1791299487336,28.571630,77.310302,49.0,CNG,47.23,20.0,5,1447,35.3,2.89,,89.0,0.78,-3.91,13.5,7.0,48.7,-0.19,ARMED,,17.6,5,
1791299489082,28.571829,77.310149,49.0,CNG,51.53,19.6,5,1466,22.4,3.57,,89.0,-0.78,-3.91,13.5,6.4,48.9,0.04,ARMED,,15.3,5,
1791299489944,28.571931,77.310073,48.0,CNG,53.88,19.6,5,1458,22.4,3.60,,89.0,-0.78,-3.91,13.5,6.4,48.8,-0.01,ARMED,,15.3,5,
1791299490672,28.572028,77.309998,48.0,CNG,56.92,20.0,5,1443,22.4,3.35,,89.0,-0.78,-3.91,13.5,7.0,48.4,-0.20,ARMED,,15.3,5,
1791299492384,28.572126,77.309923,48.0,CNG,61.06,19.6,5,1430,22.7,3.04,,89.0,-0.78,-3.91,13.6,6.4,48.0,-0.37,ARMED,,15.3,5,
1791299493284,28.572221,77.309846,48.0,CNG,64.17,19.6,5,1430,22.7,3.00,,89.0,-0.78,-3.91,13.6,6.4,47.8,-0.16,ARMED,,15.3,5,
1791299494077,28.572317,77.309766,48.0,CNG,60.44,20.0,5,1420,22.7,3.75,,89.0,-0.78,-3.91,13.3,7.0,47.6,-0.19,ARMED,,15.3,5,
1791299495782,28.572519,77.309601,48.0,CNG,53.94,19.6,5,1421,31.0,4.49,,89.0,0.78,-3.91,13.3,6.4,47.5,-0.15,ARMED,,17.3,5,
1791299496699,28.572519,77.309601,47.0,CNG,47.78,20.0,5,1404,31.0,5.02,,89.0,0.78,-3.91,13.4,7.0,47.0,-0.20,ARMED,,17.3,5,
1791299497456,28.572624,77.309515,47.0,CNG,43.47,19.6,5,1393,31.0,5.34,,89.0,0.78,-3.91,13.4,6.4,46.7,-0.24,ARMED,,17.3,5,
1791299499198,28.572805,77.309373,47.0,CNG,43.57,19.6,5,1407,33.3,4.67,,89.0,0.00,-3.91,13.3,6.4,46.9,-0.02,ARMED,,17.3,5,
1791299500054,28.572896,77.309313,47.0,CNG,41.67,19.6,5,1384,33.3,5.22,,89.0,0.00,-3.91,13.3,6.4,46.5,-0.21,ARMED,,17.3,5,
1791299500883,28.572998,77.309246,47.0,CNG,42.96,19.6,5,1388,33.3,4.53,,89.0,0.00,-3.91,13.4,6.4,46.5,-0.16,ARMED,,17.3,5,
1791299502661,28.573200,77.309107,46.0,CNG,46.64,19.6,5,1396,23.5,3.72,,89.0,-0.78,-4.69,13.4,6.4,46.7,0.02,ARMED,,15.7,5,
1791299503554,28.573200,77.309107,46.0,CNG,52.99,19.6,5,1370,23.5,2.99,,89.0,-0.78,-4.69,13.4,6.4,46.0,-0.29,ARMED,,15.7,5,
1791299504299,28.573301,77.309038,46.0,CNG,54.08,20.0,5,1364,23.5,3.58,,89.0,-0.78,-4.69,13.4,7.0,45.8,-0.29,ARMED,,15.7,5,
1791299506125,28.573500,77.308916,45.0,CNG,53.12,20.8,5,1360,20.8,3.78,,89.0,-1.56,-4.69,13.5,8.0,45.5,-0.28,ARMED,,14.9,5,
1791299506959,28.573599,77.308855,45.0,CNG,56.07,19.2,5,1333,20.8,3.19,,88.0,-1.56,-4.69,13.5,5.9,44.7,-0.35,ARMED,,14.9,5,
1791299507756,28.573697,77.308789,45.0,CNG,59.80,19.2,5,1341,20.8,2.94,,88.0,-1.56,-4.69,13.4,5.9,44.8,-0.17,ARMED,,14.9,5,
1791299509706,28.573884,77.308661,45.0,CNG,61.98,19.2,5,1334,24.3,2.98,,88.0,0.78,-4.69,13.5,5.9,44.7,-0.14,ARMED,,14.5,5,
1791299510597,28.573884,77.308661,44.0,CNG,70.26,14.9,,808,24.3,2.16,,88.0,0.78,-4.69,13.2,0.0,44.0,0.00,ARMED,,14.5,,
1791299511327,28.573976,77.308596,43.0,CNG,76.67,14.9,,717,24.3,2.09,,88.0,0.78,-4.69,13.2,0.0,43.0,0.00,ARMED,,14.5,,
1791299513193,28.574145,77.308471,41.0,CNG,78.92,14.9,,707,24.3,2.15,,88.0,0.00,-3.13,13.5,0.0,41.0,0.00,ARMED,,12.5,,
1791299514060,28.574218,77.308416,33.0,CNG,78.86,14.9,,715,24.3,1.82,,88.0,0.00,-3.13,13.5,0.0,33.0,0.00,ARMED,,12.5,,
1791299514879,28.574275,77.308376,29.0,CNG,72.77,14.9,,714,24.3,2.00,,88.0,0.00,-3.13,13.4,0.0,29.0,0.00,ARMED,,12.5,,
1791299516508,28.574328,77.308340,26.0,CNG,64.89,14.9,5,738,31.4,2.12,,88.0,1.56,-3.13,13.4,0.0,26.0,0.00,ARMED,,14.1,5,
1791299517315,28.574369,77.308311,15.0,CNG,46.15,14.9,3,775,31.4,2.69,,88.0,1.56,-3.13,13.2,0.0,15.0,0.00,ARMED,,14.1,3,
1791299518046,28.574395,77.308290,12.0,CNG,35.97,14.9,,779,31.4,2.44,,88.0,1.56,-3.13,13.2,0.0,12.0,0.00,ARMED,,14.1,,
1791299519705,28.574416,77.308273,11.0,CNG,25.35,14.9,2,787,38.4,3.38,,88.0,-0.78,-2.34,13.4,0.0,11.0,0.00,ARMED,,14.9,2,
1791299520449,28.574424,77.308263,0.0,CNG,13.98,14.9,0,802,38.4,3.39,,89.0,-0.78,-2.34,13.4,0.0,0.0,0.00,ARMED,,14.9,1,
1791299521224,28.574424,77.308266,0.0,CNG,7.99,14.9,0,808,38.4,3.40,,89.0,-0.78,-2.34,13.4,0.0,0.0,0.00,ARMED,,14.9,1,
1791299522841,28.574427,77.308262,0.0,CNG,4.58,22.7,0,807,49.4,3.54,,89.0,5.47,-3.13,13.4,10.7,0.0,0.00,ARMED,,16.5,1,
1791299523642,28.574427,77.308262,4.0,CNG,4.51,14.9,,822,49.4,3.93,,89.0,5.47,-3.13,13.3,0.0,4.0,0.00,ARMED,,16.5,,
1791299524420,28.574435,77.308257,5.0,CNG,5.68,14.9,,863,49.4,2.72,,89.0,5.47,-3.13,13.3,0.0,5.0,0.00,ARMED,,16.5,,
1791299526107,28.574455,77.308242,5.0,CNG,7.84,14.9,,842,24.3,1.44,,89.0,6.25,-2.34,13.3,0.0,5.0,0.00,ARMED,,12.5,,
1791299526851,28.574465,77.308233,5.0,CNG,9.01,15.3,,787,24.3,1.92,,89.0,6.25,-2.34,13.3,0.5,5.0,0.00,ARMED,,12.5,,
1791299527617,28.574465,77.308233,5.0,CNG,11.92,14.9,,774,24.3,0.99,,89.0,6.25,-2.34,13.3,0.0,5.0,0.00,ARMED,,12.5,,
1791299529267,28.574487,77.308216,5.0,CNG,12.14,14.9,1,755,22.4,1.74,,89.0,1.56,0.00,13.3,0.0,5.0,0.00,ARMED,,12.5,1,
1791299530127,28.574497,77.308207,5.0,CNG,13.12,14.9,1,736,22.4,1.46,,89.0,1.56,0.00,13.3,0.0,5.0,0.00,ARMED,,12.5,1,
1791299530922,28.574508,77.308199,5.0,CNG,13.04,18.0,1,739,22.4,1.68,,89.0,1.56,0.00,13.3,4.3,5.0,0.00,ARMED,,12.5,1,
1791299532581,28.574518,77.308191,5.0,CNG,11.21,18.4,1,736,26.7,2.34,,89.0,-0.78,-4.69,13.5,4.8,5.0,-0.00,ARMED,,13.3,1,
1791299533394,28.574529,77.308183,6.0,CNG,11.07,18.8,1,854,26.7,2.39,,89.0,-0.78,-4.69,13.5,5.4,5.8,0.36,ARMED,,13.3,1,
1791299534172,28.574542,77.308175,6.0,CNG,11.65,18.8,1,911,26.7,2.08,,89.0,-0.78,-4.69,13.4,5.4,6.2,0.40,ARMED,,13.3,1,
1791299535764,28.574571,77.308152,7.0,CNG,11.73,18.8,1,965,33.3,2.57,,89.0,2.34,-4.69,13.4,5.4,6.6,0.43,ARMED,,14.9,1,
1791299536523,28.574571,77.308152,7.0,CNG,10.21,18.8,1,1037,33.3,3.49,,89.0,2.34,-4.69,13.2,5.4,7.2,0.41,ARMED,,14.9,1,
1791299537262,28.574586,77.308141,7.0,CNG,9.94,18.8,1,1052,33.3,3.17,,89.0,2.34,-4.69,13.2,5.4,7.4,0.37,ARMED,,14.9,1,
1791299538879,28.574619,77.308116,8.0,CNG,9.60,19.2,1,1081,36.9,3.78,,89.0,-0.78,-3.91,13.2,5.9,7.6,0.35,ARMED,,16.5,1,
1791299539630,28.574619,77.308116,8.0,CNG,9.44,19.2,1,1189,36.9,3.76,,89.0,-0.78,-3.91,13.2,5.9,8.3,0.38,ARMED,,16.5,1,
1791299540437,28.574637,77.308103,9.0,CNG,9.77,19.2,1,1255,36.9,3.83,,89.0,-0.78,-3.91,13.5,5.9,8.7,0.42,ARMED,,16.5,1,
1791299542365,28.574677,77.308073,9.0,CNG,9.26,19.2,1,1321,24.3,4.52,,89.0,-1.56,-3.91,13.5,5.9,9.2,0.46,ARMED,,14.9,1,
1791299543154,28.574696,77.308059,9.0,CNG,10.72,14.9,1,1243,24.3,2.83,,89.0,-1.56,-3.91,13.4,0.0,8.8,-0.07,ARMED,,14.9,1,
1791299543955,28.574713,77.308047,8.0,CNG,12.69,14.9,1,1103,24.3,1.92,,89.0,-1.56,-3.91,13.4,0.0,8.1,-0.47,ARMED,,14.9,1,
1791299545715,28.574728,77.308035,7.0,CNG,12.52,14.9,1,988,22.7,2.49,,89.0,-2.34,0.78,13.5,0.0,7.2,-0.78,ARMED,,12.9,1,
1791299546523,28.574741,77.308025,6.0,CNG,12.07,14.9,1,840,22.7,2.31,,89.0,-2.34,0.78,13.5,0.0,5.8,-0.78,ARMED,,12.9,1,
1791299547291,28.574752,77.308016,5.0,CNG,13.89,14.9,,781,22.7,1.06,,89.0,-2.34,0.78,13.3,0.0,5.0,0.00,ARMED,,12.9,,
1791299548932,28.574770,77.308000,5.0,CNG,12.31,14.9,,699,28.2,2.14,,89.0,-1.56,-0.78,13.3,0.0,5.0,0.00,ARMED,,12.5,,
1791299549724,28.574770,77.308000,4.0,CNG,13.02,14.9,,695,28.2,1.17,,89.0,-1.56,-0.78,13.5,0.0,4.0,0.00,ARMED,,12.5,,
1791299550457,28.574776,77.307995,3.0,CNG,11.73,14.9,,709,28.2,1.39,,89.0,-1.56,-0.78,13.5,0.0,3.0,0.00,ARMED,,12.5,,
1791299552169,28.574784,77.307987,2.0,CNG,4.49,18.4,,697,42.0,5.73,,89.0,1.56,-3.13,13.5,4.8,2.0,0.00,ARMED,,14.9,,
1791299552899,28.574790,77.307981,4.0,CNG,4.88,18.0,,806,42.0,3.17,,89.0,1.56,-3.13,13.5,4.3,4.0,0.00,ARMED,,14.9,,
1791299553710,28.574790,77.307981,5.0,CNG,7.40,14.9,1,770,42.0,1.30,,89.0,1.56,-3.13,13.4,0.0,5.0,0.00,ARMED,,14.9,1,
1791299555364,28.574810,77.307963,5.0,CNG,8.25,14.9,1,744,43.5,2.25,,89.0,-0.78,-0.78,13.4,0.0,5.0,0.00,ARMED,,15.3,1,
1791299556174,28.574820,77.307955,5.0,CNG,7.33,14.9,1,759,43.5,3.41,,89.0,-0.78,-0.78,13.1,0.0,5.0,0.00,ARMED,,15.3,1,
1791299556971,28.574832,77.307946,5.0,CNG,6.55,14.9,,806,43.5,3.81,,89.0,-0.78,-0.78,13.1,0.0,5.0,0.00,ARMED,,15.3,,
1791299558677,28.574845,77.307938,6.0,CNG,6.46,14.9,1,821,49.0,4.10,,89.0,-3.13,-0.78,13.1,0.0,6.0,0.00,ARMED,,18.8,1,
1791299559441,28.574857,77.307928,6.0,CNG,6.19,14.9,,697,49.0,4.44,,89.0,-3.13,-0.78,13.1,0.0,6.0,0.00,ARMED,,18.8,,
1791299560231,28.574872,77.307917,8.0,CNG,6.96,14.9,,737,49.0,4.35,,89.0,-3.13,-0.78,12.9,0.0,8.0,0.00,ARMED,,18.8,,
1791299561868,28.574916,77.307888,10.0,CNG,7.44,14.9,2,702,50.6,5.44,,89.0,-3.91,-0.78,12.9,0.0,10.0,0.00,ARMED,,14.5,2,
1791299562668,28.574916,77.307888,11.0,CNG,9.11,14.9,2,812,50.6,3.97,,89.0,-3.91,-0.78,13.1,0.0,10.9,0.41,ARMED,,14.5,2,
1791299563392,28.574940,77.307873,11.0,CNG,11.35,14.9,2,804,50.6,2.92,,89.0,-3.91,-0.78,13.1,0.0,11.1,0.38,ARMED,,14.5,2,
1791299565023,28.574986,77.307843,11.0,CNG,15.07,14.9,2,784,22.4,1.77,,89.0,-3.91,-1.56,13.4,0.0,11.0,0.16,ARMED,,12.9,2,
1791299565842,28.575008,77.307827,10.0,CNG,20.36,14.9,2,756,22.4,0.97,,90.0,-3.91,-1.56,13.4,0.0,10.4,-0.22,ARMED,,12.9,2,
1791299566594,28.575008,77.307827,10.0,CNG,25.42,14.9,2,731,22.4,1.06,,90.0,-3.91,-1.56,13.4,0.0,10.1,-0.27,ARMED,,12.9,2,
1791299568242,28.575049,77.307799,9.0,CNG,17.32,19.2,2,703,46.7,3.47,,90.0,1.56,-3.91,13.4,5.9,9.7,-0.32,ARMED,,17.3,2,
1791299569028,28.575071,77.307784,10.0,CNG,12.86,21.2,2,746,46.7,4.64,,90.0,1.56,-3.91,13.4,8.6,10.0,0.08,ARMED,,17.3,2,
1791299569778,28.575094,77.307767,11.0,CNG,12.03,21.2,2,812,46.7,4.31,,90.0,1.56,-3.91,13.4,8.6,10.7,0.42,ARMED,,17.3,2,
1791299571458,28.575120,77.307747,12.0,CNG,11.89,21.2,2,891,47.8,4.45,,90.0,-1.56,-3.91,13.3,8.6,11.7,0.82,ARMED,,16.9,2,
1791299572182,28.575148,77.307725,14.0,CNG,11.81,21.6,2,1051,47.8,5.19,,90.0,-1.56,-3.91,13.3,9.1,14.1,1.32,ARMED,,16.9,2,
1791299572952,28.575179,77.307702,15.0,CNG,12.35,21.6,2,1115,47.8,4.98,,90.0,-1.56,-3.91,13.3,9.1,15.1,1.33,ARMED,,16.9,2,
1791299575168,28.575246,77.307650,16.0,CNG,12.88,21.6,2,1177,38.8,5.11,,90.0,-1.56,-3.91,13.5,9.1,16.0,1.27,ARMED,,17.3,2,
1791299576141,28.575282,77.307623,18.0,CNG,12.49,21.6,2,1340,38.8,6.49,,90.0,-1.56,-3.91,13.4,9.1,18.1,0.96,ARMED,,17.3,2,
1791299577115,28.575319,77.307600,19.0,CNG,12.25,21.6,2,1391,38.8,6.89,,90.0,-1.56,-3.91,13.4,9.1,18.9,0.91,ARMED,,17.3,2,
1791299579148,28.575403,77.307541,19.0,CNG,12.19,21.6,2,1441,42.4,6.82,,90.0,0.00,-3.13,13.2,9.1,19.5,0.86,ARMED,,18.8,2,
1791299580015,28.575447,77.307510,21.0,CNG,12.67,21.6,2,1560,42.4,6.84,,90.0,0.00,-3.13,13.2,9.1,21.1,0.82,ARMED,,18.8,2,
1791299580976,28.575492,77.307474,22.0,CNG,13.31,21.6,2,1617,42.4,6.70,,90.0,0.00,-3.13,13.2,9.1,21.8,0.82,ARMED,,18.8,2,
1791299582962,28.575585,77.307401,22.0,CNG,14.52,21.6,2,1670,28.6,5.76,,90.0,0.78,-3.91,13.2,9.1,22.5,0.79,ARMED,,17.6,2,
1791299583739,28.575585,77.307401,24.0,CNG,15.71,21.6,2,1809,28.6,5.92,,90.0,0.78,-3.91,13.3,9.1,24.3,0.87,ARMED,,17.6,2,
1791299584450,28.575633,77.307365,25.0,CNG,18.83,14.9,2,1844,28.6,4.24,,89.0,0.78,-3.91,13.3,0.0,24.9,0.84,ARMED,,17.6,2,
1791299586097,28.575733,77.307291,25.0,CNG,25.16,14.9,3,1347,22.4,2.29,,89.0,0.00,-1.56,13.3,0.0,25.0,0.00,ARMED,,12.5,3,
1791299586863,28.575782,77.307253,24.0,CNG,30.93,14.9,5,745,22.4,2.21,,89.0,0.00,-1.56,13.3,0.0,24.0,0.00,ARMED,,12.5,5,
1791299587639,28.575782,77.307253,24.0,CNG,37.47,14.9,5,737,22.4,1.90,,89.0,0.00,-1.56,13.3,0.0,24.0,0.00,ARMED,,12.5,5,
1791299589289,28.575877,77.307187,24.0,CNG,42.50,14.9,5,742,23.1,1.96,,89.0,-0.78,-1.56,13.3,0.0,24.0,0.00,ARMED,,12.5,5,
1791299590117,28.575926,77.307152,23.0,CNG,44.19,14.9,5,738,23.1,2.12,,89.0,-0.78,-1.56,13.3,0.0,23.1,-0.41,ARMED,,12.5,5,
1791299590877,28.575973,77.307115,23.0,CNG,57.39,14.9,5,740,23.1,0.94,,89.0,-0.78,-1.56,13.3,0.0,23.0,-0.36,ARMED,,12.5,5,
1791299592557,28.576020,77.307077,22.0,CNG,58.82,14.9,5,740,22.7,1.56,,89.0,-2.34,-2.34,13.5,0.0,22.9,-0.30,ARMED,,12.5,5,
1791299593380,28.576067,77.307042,22.0,CNG,66.78,14.9,5,739,22.7,1.13,,89.0,-2.34,-2.34,13.5,0.0,22.8,-0.10,ARMED,,12.5,5,
1791299594154,28.576113,77.307007,22.0,CNG,60.31,14.9,5,742,22.7,1.82,,89.0,-2.34,-2.34,13.3,0.0,22.9,-0.07,ARMED,,12.5,5,
1791299595826,28.576202,77.306939,22.0,CNG,52.03,14.9,5,742,36.9,2.22,,89.0,0.78,-3.13,13.3,0.0,22.9,-0.05,ARMED,,14.5,5,
1791299596632,28.576202,77.306939,21.0,CNG,44.58,14.9,4,785,36.9,2.51,,89.0,0.78,-3.13,13.2,0.0,21.0,0.00,ARMED,,14.5,4,
1791299597416,28.576246,77.306906,21.0,CNG,40.65,14.9,4,798,36.9,2.55,,89.0,0.78,-3.13,13.2,0.0,21.0,0.00,ARMED,,14.5,4,
1791299599056,28.576332,77.306845,20.0,CNG,38.10,14.9,4,813,38.8,2.51,,89.0,0.78,-3.13,13.4,0.0,20.4,-0.36,ARMED,,14.9,4,
1791299599917,28.576373,77.306813,20.0,CNG,37.15,14.9,4,828,38.8,2.43,,89.0,0.78,-3.13,13.4,0.0,20.0,-0.31,ARMED,,14.9,4,
1791299600661,28.576373,77.306813,19.0,CNG,30.72,14.9,4,832,38.8,3.44,,89.0,0.78,-3.13,13.4,0.0,19.9,-0.26,ARMED,,14.9,4,
1791299602278,28.576454,77.306753,19.0,CNG,30.75,14.9,4,826,38.4,2.68,,90.0,0.78,-3.13,13.4,0.0,19.8,-0.24,ARMED,,14.9,4,
1791299603075,28.576493,77.306722,19.0,CNG,36.68,14.9,4,823,38.4,1.58,,90.0,0.78,-3.13,13.5,0.0,19.6,-0.18,ARMED,,14.9,4,
1791299603918,28.576526,77.306701,16.0,CNG,34.33,14.9,3,783,38.4,2.26,,90.0,0.78,-3.13,13.5,0.0,16.0,0.00,ARMED,,14.9,3,
1791299605638,28.576554,77.306678,14.0,CNG,39.43,14.9,3,775,22.0,1.10,,90.0,7.81,-3.13,13.5,0.0,14.7,-0.73,ARMED,,12.5,3,
1791299606361,28.576582,77.306655,13.0,CNG,36.05,14.9,,758,22.0,1.82,,90.0,7.81,-3.13,13.5,0.0,13.0,0.00,ARMED,,12.5,,
1791299607129,28.576609,77.306636,12.0,CNG,31.95,14.9,,743,22.0,1.98,,90.0,7.81,-3.13,13.5,0.0,12.0,0.00,ARMED,,12.5,,
1791299608924,28.576658,77.306599,12.0,CNG,30.32,14.9,,742,22.7,1.87,,90.0,0.78,-0.78,13.4,0.0,12.0,0.00,ARMED,,12.5,,
1791299609776,28.576681,77.306581,11.0,CNG,27.20,14.9,2,742,22.7,2.08,,90.0,0.78,-0.78,13.5,0.0,11.0,0.00,ARMED,,12.5,2,
1791299610511,28.576681,77.306581,11.0,CNG,31.55,14.9,,709,22.7,1.11,,90.0,0.78,-0.78,13.5,0.0,11.0,0.00,ARMED,,12.5,,
1791299612209,28.576727,77.306544,11.0,CNG,31.66,18.4,,724,34.1,1.50,,90.0,0.78,-4.69,13.5,4.8,11.0,0.00,ARMED,,14.9,,
1791299612953,28.576750,77.306526,12.0,CNG,21.57,20.4,2,861,34.1,3.52,,90.0,0.78,-4.69,13.5,7.5,12.0,0.00,ARMED,,14.9,2,
1791299613696,28.576750,77.306526,12.0,CNG,20.29,20.4,2,913,34.1,2.79,,90.0,0.78,-4.69,13.4,7.5,12.0,0.00,ARMED,,14.9,2,
1791299615255,28.576803,77.306485,13.0,CNG,20.15,21.2,2,980,51.4,2.83,,90.0,2.34,-3.91,13.4,8.6,12.6,0.35,ARMED,,17.6,2,
1791299616049,28.576833,77.306462,15.0,CNG,15.04,21.2,2,1120,51.4,5.68,,90.0,2.34,-3.91,13.3,8.6,14.7,1.11,ARMED,,17.6,2,
1791299616814,28.576866,77.306435,16.0,CNG,14.14,20.8,2,1180,51.4,5.28,,90.0,2.34,-3.91,13.3,8.0,15.8,1.14,ARMED,,17.6,2,
1791299618496,28.576901,77.306408,16.0,CNG,13.22,20.8,2,1214,46.7,5.72,,90.0,-0.78,-3.91,13.2,8.0,16.4,1.07,ARMED,,18.0,2,
1791299619224,28.576936,77.306381,17.0,CNG,12.61,20.8,2,1292,46.7,6.22,,90.0,-0.78,-3.91,13.2,8.0,17.4,0.71,ARMED,,18.0,2,
1791299619981,28.576974,77.306353,18.0,CNG,13.17,20.8,2,1335,46.7,5.59,,90.0,-0.78,-3.91,13.4,8.0,17.9,0.71,ARMED,,18.0,2,
1791299621619,28.577013,77.306325,18.0,CNG,15.67,14.9,2,1354,22.4,3.67,,90.0,-7.03,-3.91,13.4,0.0,18.2,0.65,ARMED,,14.9,2,
1791299622418,28.577050,77.306299,17.0,CNG,18.18,18.4,2,1284,22.4,3.07,,90.0,-7.03,-3.91,13.5,4.8,17.4,-0.23,ARMED,,14.9,2,
1791299623225,28.577086,77.306272,17.0,CNG,21.98,18.4,2,1262,22.4,2.30,,90.0,-7.03,-3.91,13.5,4.8,17.0,-0.30,ARMED,,14.9,2,
1791299624922,28.577157,77.306219,17.0,CNG,23.63,18.4,2,1256,21.6,2.77,,90.0,0.78,-4.69,13.3,4.8,16.8,-0.29,ARMED,,14.5,2,
1791299625678,28.577157,77.306219,17.0,CNG,23.38,18.4,2,1236,21.6,3.21,,89.0,0.78,-4.69,13.3,4.8,16.5,-0.24,ARMED,,14.5,2,
1791299626494,28.577192,77.306194,16.0,CNG,25.90,18.4,2,1203,21.6,2.22,,89.0,0.78,-4.69,13.5,4.8,16.2,-0.28,ARMED,,14.5,2,
1791299628131,28.577259,77.306145,16.0,CNG,27.82,18.4,2,1188,22.0,2.21,,89.0,1.56,-4.69,13.5,4.8,15.9,-0.29,ARMED,,14.1,2,
1791299628900,28.577291,77.306121,15.0,CNG,25.14,18.4,2,1154,22.0,3.00,,89.0,1.56,-4.69,13.5,4.8,15.4,-0.30,ARMED,,14.1,2,
1791299629692,28.577291,77.306121,15.0,CNG,23.69,18.4,2,1130,22.0,3.00,,89.0,1.56,-4.69,13.5,4.8,15.1,-0.32,ARMED,,14.1,2,
1791299631337,28.577354,77.306074,15.0,CNG,26.88,18.4,2,1122,22.4,1.92,,89.0,1.56,-4.69,13.3,4.8,14.9,-0.30,ARMED,,14.1,2,
1791299632072,28.577384,77.306051,15.0,CNG,26.98,18.4,2,1104,22.4,2.40,,89.0,1.56,-4.69,13.3,4.8,14.7,-0.24,ARMED,,14.1,2,
1791299632835,28.577415,77.306029,15.0,CNG,29.58,18.8,2,1100,22.4,1.88,,89.0,1.56,-4.69,13.3,5.4,14.7,-0.20,ARMED,,14.1,2,
1791299634583,28.577446,77.306009,15.0,CNG,25.98,18.8,2,1092,32.9,2.97,,89.0,0.00,-3.91,13.3,5.4,14.6,-0.18,ARMED,,15.7,2,
1791299635328,28.577477,77.305988,14.0,CNG,22.11,16.1,2,1070,32.9,3.41,,89.0,0.00,-3.91,13.4,1.6,14.3,-0.17,ARMED,,15.7,2,
1791299636065,28.577508,77.305968,14.0,CNG,20.71,14.9,2,1068,32.9,3.23,,89.0,0.00,-3.91,13.4,0.0,14.2,-0.16,ARMED,,15.7,2,
1791299637726,28.577537,77.305948,14.0,CNG,20.10,14.9,2,1049,38.4,3.16,,89.0,-0.78,0.00,13.3,0.0,14.0,-0.17,ARMED,,15.3,2,
1791299638521,28.577558,77.305935,6.0,CNG,16.42,14.9,1,833,38.4,2.62,,89.0,-0.78,0.00,13.3,0.0,6.0,0.00,ARMED,,15.3,1,
1791299639285,28.577568,77.305928,5.0,CNG,12.95,14.9,,830,38.4,2.84,,89.0,-0.78,0.00,13.3,0.0,5.0,0.00,ARMED,,15.3,,
1791299641194,28.577580,77.305921,5.0,CNG,10.51,14.9,,832,26.3,3.07,,89.0,-2.34,0.00,13.4,0.0,5.0,0.00,ARMED,,13.3,,
1791299641994,28.577578,77.305924,0.0,CNG,7.33,14.9,0,741,26.3,1.92,,89.0,-2.34,0.00,13.4,0.0,0.0,0.00,ARMED,,13.3,1,
1791299642714,28.577578,77.305924,0.0,CNG,,14.9,0,711,26.3,2.24,,89.0,-2.34,0.00,13.4,0.0,0.0,0.00,ARMED,,13.3,1,
1791299644360,28.577575,77.305928,0.0,CNG,,16.5,0,812,31.8,3.01,,89.0,-3.13,0.00,13.3,2.1,0.0,0.00,ARMED,,14.5,1,
1791299645110,28.577573,77.305929,0.0,CNG,,14.9,0,823,31.8,2.92,,89.0,-3.13,0.00,13.3,0.0,0.0,0.00,ARMED,,14.5,1,
1791299645942,28.577573,77.305929,1.0,CNG,,14.9,,837,31.8,1.80,,89.0,-3.13,0.00,13.3,0.0,1.0,0.00,ARMED,,14.5,,
1791299647596,28.577572,77.305929,1.0,CNG,,14.9,,753,25.9,2.15,,89.0,6.25,0.00,13.3,0.0,1.0,0.00,ARMED,,12.9,,
1791299648364,28.577571,77.305929,0.0,CNG,,14.9,0,703,25.9,1.18,,89.0,6.25,0.00,13.5,0.0,0.0,0.00,ARMED,,12.9,1,
1791299649104,28.577570,77.305928,0.0,CNG,,14.9,0,692,25.9,1.45,,89.0,6.25,0.00,13.5,0.0,0.0,0.00,ARMED,,12.9,1,
1791299650796,28.577570,77.305925,0.0,CNG,,14.9,0,694,27.8,1.59,,89.0,-3.13,0.78,13.3,0.0,0.0,0.00,ARMED,,12.9,1,
1791299651548,28.577570,77.305925,0.0,CNG,,14.9,0,697,27.8,1.68,,89.0,-3.13,0.78,13.3,0.0,0.0,0.00,ARMED,,12.9,1,
1791299652388,28.577570,77.305925,0.0,CNG,,14.9,0,695,27.8,2.11,,89.0,-3.13,0.78,13.5,0.0,0.0,0.00,ARMED,,12.9,1,
1791299654049,28.577570,77.305925,0.0,CNG,,14.9,0,785,44.7,4.15,,90.0,-6.25,0.00,13.5,0.0,0.0,0.00,ARMED,,15.3,1,
1791299654798,28.577569,77.305925,0.0,CNG,,14.9,0,825,44.7,3.69,,90.0,-6.25,0.00,13.3,0.0,0.0,0.00,ARMED,,15.3,1,
1791299655556,28.577569,77.305925,0.0,CNG,,14.9,0,827,44.7,3.51,,90.0,-6.25,0.00,13.3,0.0,0.0,0.00,ARMED,,15.3,1,
1791299657192,28.577569,77.305925,0.0,CNG,,14.9,0,832,44.3,3.50,,90.0,-2.34,0.00,13.2,0.0,0.0,0.00,ARMED,,15.7,1,
1791299657977,28.577569,77.305925,0.0,CNG,,14.9,0,829,44.3,3.62,,90.0,-2.34,0.00,13.2,0.0,0.0,0.00,ARMED,,15.7,1,
1791299658795,28.577574,77.305922,2.0,CNG,,14.9,,814,44.3,4.57,,90.0,-2.34,0.00,13.3,0.0,2.0,0.00,ARMED,,15.7,,
1791299660421,28.577584,77.305914,5.0,CNG,,17.6,1,756,46.7,5.30,,90.0,-2.34,-3.91,13.3,3.7,5.0,0.00,ARMED,,15.3,1,
1791299661180,28.577600,77.305903,8.0,CNG,4.73,20.4,1,1080,46.7,4.07,,90.0,-2.34,-3.91,13.4,7.5,7.6,1.23,ARMED,,15.3,1,
1791299661909,28.577619,77.305889,9.0,CNG,7.97,14.9,1,1302,46.7,2.28,,90.0,-2.34,-3.91,13.4,0.0,8.8,1.39,ARMED,,15.3,1,
1791299663597,28.577639,77.305874,9.0,CNG,6.82,22.0,,800,62.4,6.62,,90.0,0.00,-3.91,13.3,9.6,9.0,0.00,ARMED,,17.3,,
1791299664318,28.577663,77.305857,12.0,CNG,8.65,20.8,2,899,62.4,4.51,,90.0,0.00,-3.91,13.3,8.0,12.0,0.00,ARMED,,17.3,2,
1791299665109,28.577689,77.305837,13.0,CNG,12.21,20.0,2,965,62.4,2.59,,90.0,0.00,-3.91,13.4,7.0,12.6,0.36,ARMED,,17.3,2,
1791299666848,28.577746,77.305796,13.0,CNG,14.38,19.2,2,999,28.6,3.06,,90.0,0.78,-4.69,13.4,5.9,13.0,0.37,ARMED,,14.5,2,
1791299667675,28.577746,77.305796,14.0,CNG,16.28,19.2,2,1032,28.6,3.12,,90.0,0.78,-4.69,13.4,5.9,14.0,0.45,ARMED,,14.5,2,
1791299668416,28.577775,77.305774,14.0,CNG,18.41,22.4,2,1055,28.6,2.72,,90.0,0.78,-4.69,13.4,10.2,14.3,0.45,ARMED,,14.5,2,
1791299670105,28.577841,77.305728,15.0,CNG,10.73,26.7,2,1093,47.8,9.41,,90.0,3.91,-3.13,13.5,16.1,14.7,0.48,ARMED,,15.7,2,
1791299670875,28.577878,77.305701,17.0,CNG,14.47,14.9,2,1265,47.8,2.92,,90.0,3.91,-3.13,13.5,0.0,16.9,1.11,ARMED,,15.7,2,
1791299671686,28.577878,77.305701,17.0,CNG,17.27,14.9,2,1239,47.8,3.17,,90.0,3.91,-3.13,13.4,0.0,17.2,0.74,ARMED,,15.7,2,
1791299673479,28.577948,77.305649,16.0,CNG,17.74,14.9,,1034,36.1,3.76,,90.0,-3.13,0.00,13.4,0.0,16.0,0.00,ARMED,,15.3,,
1791299674298,28.577982,77.305625,16.0,CNG,18.43,14.9,3,902,36.1,3.55,,90.0,-3.13,0.00,13.3,0.0,16.0,0.00,ARMED,,15.3,3,
1791299675048,28.578015,77.305600,16.0,CNG,18.89,14.9,3,875,36.1,3.54,,90.0,-3.13,0.00,13.3,0.0,16.0,0.00,ARMED,,15.3,3,
1791299676783,28.578081,77.305551,16.0,CNG,20.00,14.9,3,873,23.9,3.17,,90.0,-1.56,0.00,13.5,0.0,16.0,0.00,ARMED,,12.9,3,
1791299677513,28.578081,77.305551,16.0,CNG,23.38,14.9,3,769,23.9,2.22,,90.0,-1.56,0.00,13.5,0.0,16.0,0.00,ARMED,,12.9,3,
1791299678315,28.578114,77.305527,15.0,CNG,26.19,14.9,3,757,23.9,2.01,,90.0,-1.56,0.00,13.5,0.0,15.8,-0.05,ARMED,,12.9,3,
1791299679947,28.578178,77.305479,15.0,CNG,33.09,14.9,3,746,25.1,1.16,,90.0,-1.56,0.00,13.5,0.0,15.6,-0.10,ARMED,,20.0,3,
1791299680789,28.578209,77.305455,15.0,CNG,15.76,22.0,,1280,25.1,7.46,,90.0,-1.56,0.00,13.5,9.6,15.0,0.00,ARMED,,20.0,,
1791299681511,28.578209,77.305455,16.0,CNG,22.13,14.9,2,1203,25.1,1.33,,91.0,-1.56,0.00,13.5,0.0,16.0,0.00,ARMED,,20.0,2,
1791299683212,28.578274,77.305410,15.0,CNG,25.08,14.9,2,1137,23.1,2.06,,91.0,0.00,0.00,13.5,0.0,15.4,-0.35,ARMED,,13.7,2,
1791299683975,28.578306,77.305389,14.0,CNG,27.18,14.9,2,1029,23.1,1.93,,90.0,0.00,0.00,13.5,0.0,14.1,-0.67,ARMED,,13.7,2,
1791299684770,28.578331,77.305371,12.0,CNG,26.35,14.9,2,880,23.1,2.09,,90.0,0.00,0.00,13.2,0.0,12.6,-1.24,ARMED,,13.7,2,
1791299686454,28.578346,77.305360,7.0,CNG,21.80,14.9,,711,51.8,2.10,,90.0,-1.56,-0.78,13.2,0.0,7.0,0.00,ARMED,,20.4,,
1791299687205,28.578358,77.305350,6.0,CNG,16.30,14.9,,1522,51.8,2.71,,90.0,-1.56,-0.78,13.5,0.0,6.0,0.00,ARMED,,20.4,,
1791299688007,28.578370,77.305342,5.0,CNG,6.20,30.6,,1104,51.8,9.36,,90.0,-1.56,-0.78,13.5,21.4,5.0,0.00,ARMED,,20.4,,
1791299689815,28.578409,77.305313,8.0,CNG,6.07,35.3,,788,94.5,5.90,,90.0,1.56,-3.13,13.4,27.8,8.0,0.00,ARMED,,38.0,,
1791299690654,28.578409,77.305313,16.0,CNG,5.59,40.0,2,1169,94.5,13.12,,90.0,1.56,-3.13,13.4,34.2,16.0,0.00,ARMED,,38.0,2,
1791299691385,28.578443,77.305288,20.0,CNG,4.81,36.9,2,1432,94.5,20.14,,90.0,1.56,-3.13,13.4,30.0,18.4,1.38,ARMED,,38.0,2,
1791299693159,28.578545,77.305217,25.0,CNG,5.16,31.8,2,1809,31.0,19.72,,90.0,0.00,0.00,13.4,23.0,23.1,3.43,ARMED,,15.7,2,
1791299693911,28.578600,77.305179,27.0,CNG,8.74,14.9,4,1126,31.0,3.71,,90.0,0.00,0.00,13.4,0.0,27.0,0.00,ARMED,,15.7,4,
1791299694709,28.578600,77.305179,27.0,CNG,13.67,14.9,4,1030,31.0,2.65,,90.0,0.00,0.00,13.4,0.0,27.0,0.00,ARMED,,15.7,4,
1791299696492,28.578707,77.305100,25.0,CNG,18.76,14.9,4,989,36.5,2.68,,90.0,-4.69,0.00,13.4,0.0,25.8,-0.71,ARMED,,15.3,4,
1791299697236,28.578755,77.305064,23.0,CNG,24.69,14.9,4,822,36.5,2.01,,91.0,-4.69,0.00,13.4,0.0,23.2,-1.33,ARMED,,15.3,4,
1791299698030,28.578798,77.305031,21.0,CNG,32.60,14.9,4,773,36.5,1.27,,91.0,-4.69,0.00,13.5,0.0,21.9,-1.48,ARMED,,15.3,4,
1791299699757,28.578872,77.304980,20.0,CNG,38.63,14.9,4,787,22.4,1.54,,91.0,3.13,0.00,13.5,0.0,21.5,-1.03,ARMED,,12.5,4,
1791299700580,28.578872,77.304980,16.0,CNG,43.41,14.9,3,748,22.4,1.20,,91.0,3.13,0.00,13.5,0.0,16.0,0.00,ARMED,,12.5,3,
1791299701341,28.578904,77.304957,15.0,CNG,38.21,14.9,3,746,22.4,2.10,,91.0,3.13,0.00,13.5,0.0,15.4,-0.36,ARMED,,12.5,3,
1791299702964,28.578956,77.304918,13.0,CNG,41.83,14.9,,757,22.4,1.09,,91.0,0.00,0.00,13.2,0.0,13.0,0.00,ARMED,,12.5,,
1791299703702,28.578956,77.304918,13.0,CNG,44.77,21.2,3,709,22.4,1.10,,91.0,0.00,0.00,13.2,8.6,13.0,0.00,ARMED,,12.5,3,
1791299704542,28.578983,77.304899,12.0,CNG,16.01,25.1,2,826,22.4,7.09,,91.0,0.00,0.00,13.2,13.9,12.0,0.00,ARMED,,12.5,2,
1791299706316,28.579046,77.304856,15.0,CNG,10.41,30.2,2,1102,65.1,9.24,,91.0,3.13,-3.13,13.4,20.9,13.9,1.09,ARMED,,13.7,2,
1791299707089,28.579089,77.304827,20.0,CNG,16.34,14.9,3,1062,65.1,2.10,,91.0,3.13,-3.13,13.1,0.0,20.0,0.00,ARMED,,13.7,2,
1791299707861,28.579130,77.304795,19.0,CNG,24.68,14.9,4,748,65.1,1.12,,91.0,3.13,-3.13,13.1,0.0,19.0,0.00,ARMED,,13.7,3,
1791299709526,28.579170,77.304766,19.0,CNG,25.96,14.9,4,702,38.4,2.95,,91.0,-4.69,0.00,13.3,0.0,19.0,0.00,ARMED,,14.9,4,
1791299710295,28.579202,77.304742,14.0,CNG,22.70,14.9,3,796,38.4,3.33,,91.0,-4.69,0.00,13.3,0.0,14.0,0.00,ARMED,,14.9,3,
1791299711077,28.579233,77.304720,14.0,CNG,23.49,14.9,3,809,38.4,2.43,,91.0,-4.69,0.00,13.4,0.0,14.0,0.00,ARMED,,14.9,3,
1791299712729,28.579263,77.304698,14.0,CNG,21.78,14.9,,818,61.2,3.13,,91.0,-2.34,-2.34,13.4,0.0,14.0,0.00,ARMED,,19.2,,
1791299713576,28.579292,77.304676,14.0,CNG,15.18,22.0,2,1051,61.2,5.94,,91.0,-2.34,-2.34,13.4,9.6,14.0,0.00,ARMED,,19.2,2,
1791299714347,28.579323,77.304652,16.0,CNG,9.29,27.5,2,1181,61.2,11.43,,91.0,-2.34,-2.34,13.4,17.1,15.3,0.76,ARMED,,19.2,2,
1791299716063,28.579406,77.304588,19.0,CNG,8.35,27.5,2,1384,47.8,11.07,,91.0,0.00,-2.34,13.3,17.1,17.8,1.86,ARMED,,14.5,2,
1791299716806,28.579454,77.304553,23.0,CNG,13.23,24.3,3,1248,47.8,2.76,,91.0,0.00,-2.34,13.3,12.8,23.0,0.00,ARMED,,14.5,3,
1791299717576,28.579454,77.304553,23.0,CNG,11.58,27.1,3,1097,47.8,9.98,,91.0,0.00,-2.34,13.4,16.6,23.0,0.00,ARMED,,14.5,2,
1791299719240,28.579558,77.304474,25.0,CNG,11.33,27.8,3,1279,68.2,9.84,,91.0,-0.78,-3.13,13.4,17.7,24.2,0.71,ARMED,,22.0,2,
1791299720055,28.579619,77.304428,30.0,CNG,11.67,14.9,3,1505,68.2,10.78,,91.0,-0.78,-3.13,13.5,0.0,29.5,2.57,ARMED,,22.0,3,
1791299720798,28.579682,77.304380,30.0,CNG,17.49,14.9,4,1318,68.2,2.73,,91.0,-0.78,-3.13,13.5,0.0,30.0,0.00,ARMED,,22.0,3,
1791299722444,28.579744,77.304334,30.0,CNG,26.12,14.9,,788,23.9,1.63,,91.0,0.00,0.00,13.2,0.0,30.0,0.00,ARMED,,12.9,,
1791299723241,28.579804,77.304290,29.0,CNG,34.85,14.9,,685,23.9,1.84,,91.0,0.00,0.00,13.2,0.0,29.0,0.00,ARMED,,12.9,,
1791299724085,28.579865,77.304245,29.0,CNG,44.01,14.9,,689,23.9,1.75,,91.0,0.00,0.00,13.6,0.0,29.0,0.00,ARMED,,12.9,,
1791299725745,28.579925,77.304200,28.0,CNG,48.67,14.9,,709,24.7,2.09,,92.0,-6.25,0.00,13.6,0.0,28.0,0.00,ARMED,,16.5,,
1791299726548,28.579982,77.304157,28.0,CNG,49.93,14.9,,723,24.7,2.34,,92.0,-6.25,0.00,13.1,0.0,28.0,0.00,ARMED,,16.5,,
1791299727332,28.580038,77.304114,26.0,CNG,42.39,14.9,5,772,24.7,3.32,,92.0,-6.25,0.00,13.1,0.0,26.0,0.00,ARMED,,16.5,5,
1791299729004,28.580120,77.304043,21.0,CNG,37.87,14.9,4,795,40.0,2.91,,92.0,-3.91,0.00,13.5,0.0,21.0,0.00,ARMED,,15.3,4,
1791299729808,28.580146,77.304017,15.0,CNG,32.74,14.9,3,816,40.0,2.66,,92.0,-3.91,0.00,13.5,0.0,15.0,0.00,ARMED,,15.3,3,
1791299730609,28.580146,77.304017,12.0,CNG,25.27,14.9,2,829,40.0,3.29,,92.0,-3.91,0.00,13.5,0.0,12.0,0.00,ARMED,,15.3,2,
1791299732202,28.580186,77.303978,11.0,CNG,20.02,14.9,2,831,39.2,3.56,,92.0,1.56,0.00,13.5,0.0,11.4,-0.37,ARMED,,15.3,2,
1791299732985,28.580201,77.303963,7.0,CNG,16.31,18.0,,838,39.2,2.96,,92.0,1.56,0.00,13.1,4.3,7.0,0.00,ARMED,,15.3,,
1791299733724,28.580201,77.303963,8.0,CNG,14.40,21.2,,626,39.2,3.03,,92.0,1.56,0.00,13.1,8.6,8.0,0.00,ARMED,,15.3,,
1791299735388,28.580238,77.303934,9.0,CNG,10.76,22.4,,652,49.0,5.20,,92.0,-0.78,-3.91,13.5,10.2,9.0,0.00,ARMED,,15.7,,
1791299736136,28.580261,77.303917,12.0,CNG,13.33,20.4,2,865,49.0,2.77,,91.0,-0.78,-3.91,13.5,7.5,12.0,0.00,ARMED,,15.7,2,
1791299736943,28.580287,77.303898,12.0,CNG,11.90,24.3,2,906,49.0,5.01,,91.0,-0.78,-3.91,13.4,12.8,12.0,0.00,ARMED,,15.7,2,
1791299738841,28.580348,77.303852,14.0,CNG,9.85,23.9,2,1030,33.3,7.45,,92.0,-2.34,-3.91,13.0,12.3,13.3,0.73,ARMED,,12.9,2,
1791299739614,28.580348,77.303852,16.0,CNG,15.25,14.9,,970,33.3,1.67,,92.0,-2.34,-3.91,13.3,0.0,16.0,0.00,ARMED,,12.9,,
1791299740357,28.580381,77.303827,16.0,CNG,20.30,14.9,3,925,33.3,1.96,,91.0,-2.34,-3.91,13.3,0.0,16.0,0.00,ARMED,,12.9,3,
1791299742005,28.580438,77.303782,14.0,CNG,23.66,14.9,3,766,25.1,1.90,,91.0,2.34,0.00,13.5,0.0,14.8,-0.69,ARMED,,12.2,3,
1791299742787,28.580458,77.303766,11.0,CNG,25.63,14.9,,676,25.1,1.56,,91.0,2.34,0.00,13.5,0.0,11.0,0.00,ARMED,,12.2,,
1791299743528,28.580458,77.303766,7.0,CNG,22.21,14.9,,675,25.1,1.88,,91.0,2.34,0.00,13.5,0.0,7.0,0.00,ARMED,,12.2,,
1791299745273,28.580478,77.303751,5.0,CNG,18.84,14.9,,688,27.5,1.71,,91.0,-13.28,0.00,13.5,0.0,5.0,0.00,ARMED,,16.9,,
1791299746031,28.580477,77.303751,0.0,CNG,10.99,14.9,0,723,27.5,2.07,,91.0,-13.28,0.00,13.4,0.0,0.0,0.00,ARMED,,16.9,1,
1791299746791,28.580477,77.303751,0.0,CNG,5.26,14.9,0,776,27.5,3.25,,91.0,-13.28,0.00,13.4,0.0,0.0,0.00,ARMED,,16.9,1,
1791299748530,28.580477,77.303751,0.0,CNG,,14.9,0,808,80.8,3.23,,91.0,-3.91,-3.13,13.4,0.0,0.0,0.00,ARMED,,24.7,1,
1791299749282,28.580481,77.303748,2.0,CNG,,14.9,,947,80.8,3.33,,91.0,-3.91,-3.13,13.4,0.0,2.0,0.00,ARMED,,24.7,,
1791299750101,28.580485,77.303746,2.0,CNG,,22.7,,843,80.8,2.70,,91.0,-3.91,-3.13,13.0,10.7,2.0,0.00,ARMED,,24.7,,
1791299751730,28.580492,77.303742,3.0,CNG,,14.9,,843,70.2,2.12,,91.0,-6.25,-3.13,13.0,0.0,3.0,0.00,ARMED,,18.0,,
1791299752527,28.580502,77.303735,6.0,CNG,4.95,20.8,1,815,70.2,4.51,,91.0,-6.25,-3.13,13.2,8.0,6.0,0.00,ARMED,,18.0,1,
1791299753243,28.580516,77.303724,8.0,CNG,6.21,14.9,1,1158,70.2,4.58,,91.0,-6.25,-3.13,13.2,0.0,7.2,0.72,ARMED,,18.0,1,
1791299754825,28.580555,77.303697,9.0,CNG,9.15,23.1,,1076,64.7,2.42,,91.0,9.38,-3.13,13.1,11.2,9.0,0.00,ARMED,,14.5,,
1791299755585,28.580555,77.303697,11.0,CNG,12.36,14.9,2,798,64.7,2.59,,91.0,9.38,-3.13,13.1,0.0,11.0,0.00,ARMED,,14.5,2,
1791299756392,28.580577,77.303681,11.0,CNG,12.21,22.4,2,792,64.7,3.97,,91.0,9.38,-3.13,13.3,10.2,11.0,0.00,ARMED,,14.5,2,
1791299758014,28.580627,77.303646,11.0,CNG,10.62,22.0,2,850,43.5,5.26,,91.0,-2.34,-3.91,13.3,9.6,11.0,0.00,ARMED,,13.7,2,
1791299758795,28.580654,77.303626,13.0,CNG,15.68,20.4,2,955,43.5,1.60,,91.0,-2.34,-3.91,13.3,7.5,12.7,0.82,ARMED,,13.7,2,
1791299759532,28.580654,77.303626,13.0,CNG,16.37,14.9,2,973,43.5,3.25,,91.0,-2.34,-3.91,13.3,0.0,13.3,0.80,ARMED,,13.7,2,
1791299761299,28.580707,77.303586,13.0,CNG,19.71,20.8,2,967,41.2,2.06,,91.0,3.13,-3.91,13.4,8.0,13.4,0.53,ARMED,,16.5,2,
1791299762029,28.580735,77.303567,13.0,CNG,21.82,14.9,2,994,41.2,2.19,,91.0,3.13,-3.91,13.4,0.0,13.6,0.16,ARMED,,16.5,2,
1791299762771,28.580761,77.303548,13.0,CNG,21.15,14.9,2,980,41.2,2.79,,91.0,3.13,-3.91,13.1,0.0,13.4,0.02,ARMED,,16.5,2,
1791299764441,28.580781,77.303534,12.0,CNG,20.25,14.9,2,922,40.8,2.75,,90.0,-2.34,-1.56,13.1,0.0,12.8,-0.33,ARMED,,15.3,2,
1791299765208,28.580797,77.303523,7.0,CNG,16.24,14.9,,837,40.8,2.86,,90.0,-2.34,-1.56,13.3,0.0,7.0,0.00,ARMED,,15.3,,
1791299765968,28.580811,77.303511,7.0,CNG,13.58,14.9,,843,40.8,3.05,,90.0,-2.34,-1.56,13.3,0.0,7.0,0.00,ARMED,,15.3,,
1791299767605,28.580824,77.303502,6.0,CNG,10.94,18.8,1,843,47.1,3.42,,90.0,1.56,-4.69,13.4,5.4,6.0,0.00,ARMED,,16.1,1,
1791299768342,28.580837,77.303492,7.0,CNG,9.08,18.8,1,952,47.1,4.30,,90.0,1.56,-4.69,13.4,5.4,6.9,0.41,ARMED,,16.1,1,
1791299769133,28.580852,77.303482,7.0,CNG,9.98,19.2,1,1018,47.1,2.56,,90.0,1.56,-4.69,13.5,5.9,7.1,0.38,ARMED,,16.1,1,
1791299770947,28.580889,77.303457,8.0,CNG,8.62,21.2,1,1088,37.3,4.78,,90.0,-0.78,-3.91,13.5,8.6,7.5,0.41,ARMED,,16.9,1,
1791299771689,28.580889,77.303457,9.0,CNG,10.86,14.9,,966,37.3,2.42,,90.0,-0.78,-3.91,13.4,0.0,9.0,0.00,ARMED,,16.9,,
1791299772464,28.580908,77.303443,9.0,CNG,11.02,20.4,2,737,37.3,3.48,,90.0,-0.78,-3.91,13.4,7.5,9.0,0.00,ARMED,,16.9,2,
1791299774165,28.580951,77.303411,10.0,CNG,9.73,21.2,2,734,50.6,5.13,,90.0,0.78,-3.91,13.4,8.6,9.6,0.36,ARMED,,15.7,2,
1791299774910,28.580977,77.303393,12.0,CNG,11.18,20.8,2,875,50.6,3.87,,90.0,0.78,-3.91,13.4,8.0,11.8,1.09,ARMED,,15.7,2,
1791299775734,28.580977,77.303393,13.0,CNG,11.99,21.6,2,954,50.6,4.31,,90.0,0.78,-3.91,13.4,9.1,12.9,1.16,ARMED,,15.7,2,
1791299777340,28.581034,77.303351,14.0,CNG,12.34,21.6,2,1013,43.5,4.75,,90.0,2.34,-3.91,13.4,9.1,13.9,1.17,ARMED,,16.5,2,
1791299778114,28.581064,77.303328,15.0,CNG,15.35,14.9,2,1127,43.5,2.96,,90.0,2.34,-3.91,13.4,0.0,15.4,1.10,ARMED,,16.5,2,
1791299778856,28.581096,77.303304,15.0,CNG,17.87,14.9,2,1098,43.5,2.84,,90.0,2.34,-3.91,13.4,0.0,15.5,0.64,ARMED,,16.5,2,
1791299780489,28.581121,77.303284,13.0,CNG,20.55,14.9,2,1030,23.1,2.08,,90.0,5.47,-2.34,13.3,0.0,14.8,-0.06,ARMED,,12.5,2,
1791299781291,28.581143,77.303268,9.0,CNG,13.87,14.9,,697,23.1,4.90,,90.0,5.47,-2.34,13.3,0.0,9.0,0.00,ARMED,,12.5,,
1791299782089,28.581159,77.303256,8.0,CNG,14.22,14.9,,756,23.1,2.31,,90.0,5.47,-2.34,12.9,0.0,8.0,0.00,ARMED,,12.5,,
1791299783771,28.581192,77.303233,7.0,CNG,8.75,21.2,,799,53.7,6.42,,90.0,-3.13,-3.91,12.9,8.6,7.0,0.00,ARMED,,18.4,,
1791299784577,28.581192,77.303233,10.0,CNG,7.88,14.9,1,1387,53.7,6.25,,90.0,-3.13,-3.91,13.4,0.0,10.0,0.00,ARMED,,18.4,1,
1791299785289,28.581214,77.303217,11.0,CNG,8.83,14.9,,1179,53.7,4.58,,90.0,-3.13,-3.91,13.4,0.0,11.0,0.00,ARMED,,18.4,,
1791299787012,28.581260,77.303182,11.0,CNG,10.15,19.6,,1066,58.4,3.74,,90.0,0.78,-3.91,13.5,6.4,11.0,0.00,ARMED,,17.3,,
1791299787753,28.581286,77.303160,13.0,CNG,10.45,20.4,2,948,58.4,5.21,,90.0,0.78,-3.91,13.5,7.5,13.0,0.00,ARMED,,17.3,2,
1791299788556,28.581286,77.303160,14.0,CNG,13.30,20.4,2,1024,58.4,3.04,,90.0,0.78,-3.91,13.4,7.5,13.6,0.36,ARMED,,17.3,2,
1791299790136,28.581346,77.303116,14.0,CNG,16.80,20.4,2,1074,27.5,2.35,,90.0,0.00,-4.69,13.4,7.5,14.0,0.38,ARMED,,14.1,2,
1791299790891,28.581376,77.303094,15.0,CNG,20.88,14.9,2,1085,27.5,2.13,,90.0,0.00,-4.69,13.4,0.0,14.9,0.56,ARMED,,14.1,2,
1791299791686,28.581376,77.303094,12.0,CNG,23.64,14.9,2,1001,27.5,1.70,,90.0,0.00,-4.69,13.4,0.0,14.4,-0.04,ARMED,,14.1,2,
1791299793355,28.581415,77.303064,9.0,CNG,27.52,14.9,,805,24.3,0.91,,90.0,5.47,-1.56,13.2,0.0,9.0,0.00,ARMED,,12.9,,
1791299794165,28.581428,77.303054,6.0,CNG,21.47,14.9,,695,24.3,1.98,,90.0,5.47,-1.56,13.2,0.0,6.0,0.00,ARMED,,12.9,,
1791299794918,28.581433,77.303051,3.0,CNG,13.75,14.9,,671,24.3,2.53,,90.0,5.47,-1.56,13.5,0.0,3.0,0.00,ARMED,,12.9,,
1791299796665,28.581437,77.303048,2.0,CNG,10.17,14.9,,676,43.1,1.98,,91.0,-3.91,-0.78,13.5,0.0,2.0,0.00,ARMED,,18.0,,
1791299797450,28.581440,77.303047,2.0,CNG,3.62,14.9,,885,43.1,8.04,,91.0,-3.91,-0.78,13.1,0.0,2.0,0.00,ARMED,,18.0,,
1791299798180,28.581445,77.303043,3.0,CNG,3.59,14.9,,946,43.1,3.68,,91.0,-3.91,-0.78,13.1,0.0,3.0,0.00,ARMED,,18.0,,
1791299799815,28.581452,77.303037,2.0,CNG,,14.9,,824,85.9,2.84,,91.0,-3.13,-3.91,13.0,0.0,2.0,0.00,ARMED,,20.4,,
1791299800621,28.581452,77.303037,5.0,CNG,4.25,14.9,,812,85.9,4.06,,91.0,-3.13,-3.91,13.0,0.0,5.0,0.00,ARMED,,20.4,,
1791299801387,28.581463,77.303030,6.0,CNG,5.33,18.8,1,788,85.9,3.74,,91.0,-3.13,-3.91,13.4,5.4,6.0,0.00,ARMED,,20.4,1,
1791299803227,28.581487,77.303012,6.0,CNG,5.85,18.8,1,876,54.5,3.95,,91.0,0.00,-3.91,13.3,5.4,6.0,0.00,ARMED,,18.0,1,
1791299803982,28.581506,77.302999,8.0,CNG,5.60,22.0,1,1142,54.5,6.46,,91.0,0.00,-3.91,13.4,9.6,7.8,0.80,ARMED,,18.0,1,
1791299804700,28.581506,77.302999,10.0,CNG,8.76,14.9,1,1388,54.5,2.31,,91.0,0.00,-3.91,13.4,0.0,9.3,1.31,ARMED,,18.0,1,
1791299806367,28.581547,77.302968,10.0,CNG,8.02,20.8,2,793,39.6,5.95,,91.0,0.00,-3.91,13.4,8.0,10.0,0.00,ARMED,,14.5,2,
1791299807142,28.581569,77.302952,11.0,CNG,10.42,18.8,2,802,39.6,2.96,,91.0,0.00,-3.91,13.4,5.4,10.9,0.41,ARMED,,14.5,2,
1791299807927,28.581591,77.302931,11.0,CNG,14.29,18.0,2,812,39.6,1.72,,91.0,0.00,-3.91,13.5,4.3,11.1,0.37,ARMED,,14.5,2,
1791299809528,28.581618,77.302917,11.0,CNG,16.28,18.0,2,829,23.5,2.37,,91.0,3.91,-4.69,13.5,4.3,11.3,0.35,ARMED,,12.9,2,
1791299810307,28.581638,77.302901,11.0,CNG,19.26,18.0,2,821,23.5,1.83,,91.0,3.91,-4.69,13.4,4.3,11.2,0.04,ARMED,,12.9,2,
1791299811131,28.581662,77.302884,11.0,CNG,20.12,18.0,2,833,23.5,2.22,,91.0,3.91,-4.69,13.4,4.3,11.2,0.05,ARMED,,12.9,2,
1791299812731,28.581686,77.302867,11.0,CNG,17.94,18.0,2,822,36.5,3.09,,91.0,-0.78,-4.69,13.3,4.3,11.2,0.01,ARMED,,14.9,2,
1791299813531,28.581710,77.302852,11.0,CNG,18.53,20.0,2,810,36.5,2.45,,91.0,-0.78,-4.69,13.3,7.0,11.0,-0.04,ARMED,,14.9,2,
1791299814346,28.581733,77.302834,11.0,CNG,15.14,19.2,2,813,36.5,4.02,,91.0,-0.78,-4.69,13.2,5.9,11.0,-0.03,ARMED,,14.9,2,
1791299816033,28.581781,77.302795,11.0,CNG,13.85,18.8,2,848,44.3,3.89,,91.0,-1.56,-3.91,13.2,5.4,11.2,0.14,ARMED,,15.3,2,
1791299816778,28.581805,77.302776,12.0,CNG,14.96,18.4,2,885,44.3,3.10,,91.0,-1.56,-3.91,13.3,4.8,11.9,0.33,ARMED,,15.3,2,
1791299817493,28.581805,77.302776,12.0,CNG,14.40,18.4,2,896,44.3,3.81,,91.0,-1.56,-3.91,13.3,4.8,12.1,0.32,ARMED,,15.3,2,
1791299819097,28.581855,77.302737,12.0,CNG,14.92,18.4,2,907,25.1,3.31,,91.0,0.00,-4.69,13.4,4.8,12.3,0.30,ARMED,,13.3,2,
1791299819859,28.581881,77.302719,12.0,CNG,18.43,18.0,2,914,25.1,1.85,,91.0,0.00,-4.69,13.4,4.3,12.3,0.11,ARMED,,13.3,2,
1791299820650,28.581881,77.302719,12.0,CNG,23.38,17.6,2,898,25.1,1.34,,91.0,0.00,-4.69,13.6,3.7,12.2,0.04,ARMED,,13.3,2,
1791299822379,28.581929,77.302682,12.0,CNG,23.55,17.6,2,882,22.4,2.19,,91.0,1.56,-4.69,13.6,3.7,12.0,-0.03,ARMED,,12.9,2,
1791299823195,28.581952,77.302662,11.0,CNG,23.54,18.0,2,831,22.4,2.03,,91.0,1.56,-4.69,13.4,4.3,11.2,-0.35,ARMED,,12.9,2,
1791299823960,28.581975,77.302645,11.0,CNG,18.71,18.8,2,829,22.4,3.38,,91.0,1.56,-4.69,13.4,5.4,11.1,-0.32,ARMED,,12.9,2,
1791299825656,28.581998,77.302627,11.0,CNG,18.08,19.6,2,824,36.9,2.78,,91.0,0.00,-4.69,13.3,6.4,11.0,-0.28,ARMED,,14.9,2,
1791299826373,28.582021,77.302609,12.0,CNG,19.11,19.6,2,893,36.9,2.51,,91.0,0.00,-4.69,13.3,6.4,11.8,0.33,ARMED,,14.9,2,
1791299827123,28.582046,77.302589,13.0,CNG,18.50,19.6,2,930,36.9,3.18,,91.0,0.00,-4.69,13.5,6.4,12.3,0.49,ARMED,,14.9,2,
1791299828695,28.582073,77.302570,13.0,CNG,18.31,20.0,2,968,37.3,3.13,,91.0,0.78,-3.91,13.5,7.0,12.9,0.55,ARMED,,15.7,2,
1791299829454,28.582101,77.302548,14.0,CNG,17.10,20.4,2,1036,37.3,3.87,,91.0,0.78,-3.91,13.2,7.5,13.9,0.59,ARMED,,15.7,2,
1791299830200,28.582130,77.302526,14.0,CNG,16.40,20.0,2,1060,37.3,3.92,,91.0,0.78,-3.91,13.2,7.0,14.3,0.57,ARMED,,15.7,2,
1791299831891,28.582191,77.302478,15.0,CNG,15.98,19.6,2,1119,40.8,4.22,,91.0,-2.34,-3.91,13.2,6.4,14.9,0.63,ARMED,,16.9,2,
1791299832643,28.582191,77.302478,16.0,CNG,14.99,19.6,2,1160,40.8,5.01,,90.0,-2.34,-3.91,13.2,6.4,15.7,0.56,ARMED,,16.9,2,
1791299833403,28.582224,77.302453,16.0,CNG,14.42,19.6,2,1185,40.8,5.08,,90.0,-2.34,-3.91,13.3,6.4,16.0,0.54,ARMED,,16.9,2,
1791299835206,28.582290,77.302403,16.0,CNG,14.67,19.6,2,1206,32.5,4.62,,90.0,-1.56,-3.91,13.2,6.4,16.3,0.50,ARMED,,15.7,2,
1791299835963,28.582323,77.302378,16.0,CNG,17.66,14.9,2,1119,32.5,2.76,,90.0,-1.56,-3.91,13.3,0.0,15.4,-0.32,ARMED,,15.7,2,
1791299836746,28.582323,77.302378,14.0,CNG,17.80,14.9,2,930,32.5,3.37,,90.0,-1.56,-3.91,13.3,0.0,13.6,-1.22,ARMED,,15.7,2,
1791299838430,28.582373,77.302340,11.0,CNG,16.75,22.0,2,839,41.6,3.20,,90.0,3.91,-3.13,13.4,9.6,11.9,-1.64,ARMED,,11.4,2,
1791299839186,28.582397,77.302323,11.0,CNG,17.98,20.8,2,868,41.6,2.30,,90.0,3.91,-3.13,13.4,8.0,11.4,-0.59,ARMED,,11.4,2,
1791299839971,28.582421,77.302306,11.0,CNG,19.06,18.8,2,797,41.6,2.25,,90.0,3.91,-3.13,13.4,5.4,10.9,-0.62,ARMED,,11.4,2,
1791299841607,28.582444,77.302290,11.0,CNG,17.96,18.4,2,828,23.9,2.91,,90.0,3.13,-0.78,13.4,4.8,10.9,-0.33,ARMED,,12.9,2,
1791299842339,28.582467,77.302275,10.0,CNG,13.47,19.6,2,794,23.9,4.62,,90.0,3.13,-0.78,13.4,6.4,10.6,-0.26,ARMED,,12.9,2,
1791299843099,28.582489,77.302260,11.0,CNG,16.15,17.6,2,793,23.9,2.08,,90.0,3.13,-0.78,13.4,3.7,10.6,-0.22,ARMED,,12.9,2,
1791299844750,28.582535,77.302230,11.0,CNG,18.08,18.8,2,797,28.6,2.17,,90.0,0.78,-3.91,13.4,5.4,10.6,-0.16,ARMED,,13.7,2,
1791299845555,28.582535,77.302230,11.0,CNG,21.52,18.4,2,812,28.6,1.59,,91.0,0.78,-3.91,13.4,4.8,10.9,0.09,ARMED,,13.7,2,
1791299846338,28.582559,77.302213,11.0,CNG,20.38,18.8,2,822,28.6,2.53,,91.0,0.78,-3.91,13.3,5.4,11.0,0.11,ARMED,,13.7,2,
1791299848011,28.582606,77.302180,11.0,CNG,20.05,18.8,2,834,39.6,2.44,,91.0,3.91,-3.91,13.3,5.4,11.2,0.13,ARMED,,15.3,2,
1791299848782,28.582630,77.302163,11.0,CNG,17.27,18.8,2,847,39.6,3.34,,91.0,3.91,-3.91,13.1,5.4,11.4,0.12,ARMED,,15.3,2,
1791299849512,28.582630,77.302163,11.0,CNG,16.50,18.8,2,848,39.6,3.09,,91.0,3.91,-3.91,13.1,5.4,11.4,0.10,ARMED,,15.3,2,
1791299851150,28.582678,77.302129,11.0,CNG,16.36,18.8,2,854,43.5,2.96,,91.0,0.78,-3.91,13.4,5.4,11.4,0.09,ARMED,,15.7,2,
1791299851888,28.582703,77.302111,12.0,CNG,16.63,18.4,2,873,43.5,3.06,,91.0,0.78,-3.91,13.4,4.8,11.7,0.12,ARMED,,15.7,2,
1791299852637,28.582703,77.302111,12.0,CNG,15.18,18.4,2,881,43.5,3.86,,91.0,0.78,-3.91,13.3,4.8,11.8,0.12,ARMED,,15.7,2,
1791299854262,28.582752,77.302074,12.0,CNG,14.96,18.4,2,897,41.6,3.56,,91.0,0.78,-3.91,13.3,4.8,12.0,0.15,ARMED,,15.7,2,
1791299855021,28.582778,77.302056,12.0,CNG,17.48,18.4,2,908,41.6,2.24,,91.0,0.78,-3.91,13.3,4.8,12.2,0.14,ARMED,,15.7,2,
1791299855814,28.582803,77.302038,12.0,CNG,20.97,18.4,2,897,41.6,1.75,,91.0,0.78,-3.91,13.3,4.8,12.1,0.09,ARMED,,15.7,2,
1791299857538,28.582828,77.302019,12.0,CNG,24.80,18.4,2,894,25.5,1.53,,91.0,3.13,-3.91,13.5,4.8,12.1,0.05,ARMED,,13.3,2,
1791299858291,28.582852,77.302002,12.0,CNG,28.01,18.4,2,886,25.5,1.50,,91.0,3.13,-3.91,13.5,4.8,11.9,-0.00,ARMED,,13.3,2,
1791299859053,28.582877,77.301985,12.0,CNG,26.32,18.4,2,884,25.5,2.16,,91.0,3.13,-3.91,13.5,4.8,11.9,-0.01,ARMED,,13.3,2,
1791299860696,28.582901,77.301967,12.0,CNG,24.49,18.4,2,883,25.9,2.35,,91.0,2.34,-3.91,13.5,4.8,11.9,-0.01,ARMED,,13.7,2,
1791299861452,28.582926,77.301949,12.0,CNG,27.13,18.8,2,868,25.9,1.61,,91.0,2.34,-3.91,13.3,5.4,11.7,-0.04,ARMED,,13.7,2,
1791299862199,28.582949,77.301931,12.0,CNG,26.53,18.8,2,870,25.9,2.03,,91.0,2.34,-3.91,13.3,5.4,11.7,-0.04,ARMED,,13.7,2,
1791299863870,28.582998,77.301892,12.0,CNG,27.39,18.4,2,872,26.3,1.81,,91.0,3.91,-3.13,13.6,4.8,11.7,-0.02,ARMED,,13.7,2,
1791299864616,28.582998,77.301892,12.0,CNG,25.23,18.4,2,884,26.3,2.31,,90.0,3.91,-3.13,13.6,4.8,11.9,0.03,ARMED,,13.7,2,
1791299865437,28.583022,77.301872,12.0,CNG,22.79,18.4,2,881,26.3,2.62,,90.0,3.91,-3.13,13.5,4.8,11.9,0.02,ARMED,,13.7,2,
1791299867277,28.583069,77.301834,12.0,CNG,16.58,18.4,2,872,38.8,4.43,,90.0,2.34,-2.34,13.1,4.8,11.8,-0.00,ARMED,,15.3,2,
1791299868044,28.583093,77.301817,11.0,CNG,14.79,20.0,2,852,38.8,3.80,,90.0,2.34,-2.34,13.4,7.0,11.5,-0.08,ARMED,,15.3,2,
1791299868776,28.583119,77.301799,12.0,CNG,11.25,22.0,2,861,38.8,6.24,,90.0,2.34,-2.34,13.4,9.6,11.5,-0.05,ARMED,,15.3,2,
1791299870484,28.583141,77.301773,12.0,CNG,6.54,26.3,2,908,39.6,12.87,,90.0,2.34,-1.56,13.3,15.5,12.0,0.21,ARMED,,15.3,2,
1791299871271,28.583179,77.301759,15.0,CNG,9.22,19.6,,901,39.6,3.64,,90.0,2.34,-1.56,13.3,6.4,15.0,0.00,ARMED,,15.3,,
1791299872050,28.583210,77.301737,15.0,CNG,11.26,20.4,3,769,39.6,4.10,,90.0,2.34,-1.56,13.2,7.5,15.0,0.00,ARMED,,15.3,3,
1791299873653,28.583242,77.301712,15.0,CNG,12.73,19.6,3,773,39.2,4.19,,90.0,-0.78,-2.34,13.2,6.4,15.0,0.00,ARMED,,15.3,3,
1791299874399,28.583274,77.301687,16.0,CNG,17.03,18.4,3,800,39.2,2.23,,90.0,-0.78,-2.34,13.5,4.8,15.9,0.41,ARMED,,15.3,3,
1791299875192,28.583307,77.301663,16.0,CNG,20.20,18.4,3,812,39.2,2.54,,91.0,-0.78,-2.34,13.5,4.8,16.2,0.42,ARMED,,15.3,3,
1791299876881,28.583373,77.301615,16.0,CNG,23.15,18.4,3,797,28.2,2.37,,91.0,0.78,-1.56,13.4,4.8,16.2,0.20,ARMED,,13.7,3,
1791299877640,28.583373,77.301615,16.0,CNG,27.64,18.8,3,800,28.2,1.80,,91.0,0.78,-1.56,13.4,5.4,16.1,-0.01,ARMED,,13.7,3,
1791299878484,28.583405,77.301590,16.0,CNG,29.76,18.8,3,806,28.2,2.07,,91.0,0.78,-1.56,13.3,5.4,16.1,0.00,ARMED,,13.7,3,
1791299880153,28.583469,77.301541,16.0,CNG,27.04,18.8,3,800,31.8,2.92,,91.0,0.78,-1.56,13.3,5.4,16.0,-0.01,ARMED,,14.1,3,
1791299880982,28.583500,77.301517,16.0,CNG,30.36,18.8,3,802,31.8,1.87,,91.0,0.78,-1.56,13.4,5.4,16.0,-0.01,ARMED,,14.1,3,
1791299881741,28.583500,77.301517,16.0,CNG,28.05,18.8,3,799,31.8,2.76,,91.0,0.78,-1.56,13.4,5.4,16.0,-0.02,ARMED,,14.1,3,
1791299883457,28.583564,77.301469,16.0,CNG,26.66,18.8,3,803,42.4,2.80,,91.0,0.78,-1.56,13.1,5.4,16.0,-0.01,ARMED,,15.7,3,
1791299884198,28.583597,77.301444,16.0,CNG,23.10,18.8,3,809,42.4,3.61,,91.0,0.78,-1.56,13.1,5.4,16.1,0.02,ARMED,,15.7,3,
1791299885006,28.583629,77.301418,16.0,CNG,23.28,18.8,3,824,42.4,2.95,,91.0,0.78,-1.56,13.3,5.4,16.3,0.07,ARMED,,15.7,3,
1791299886618,28.583662,77.301393,16.0,CNG,20.81,18.8,3,830,47.1,3.87,,91.0,0.00,-2.34,13.3,5.4,16.5,0.09,ARMED,,15.7,3,
1791299887410,28.583694,77.301367,16.0,CNG,22.02,18.8,3,834,47.1,2.88,,91.0,0.00,-2.34,13.2,5.4,16.5,0.08,ARMED,,15.7,3,
1791299888149,28.583727,77.301342,16.0,CNG,19.89,19.2,3,825,47.1,4.00,,91.0,0.00,-2.34,13.2,5.9,16.4,0.03,ARMED,,15.7,3,
1791299889791,28.583790,77.301291,16.0,CNG,20.37,19.2,3,804,49.0,3.29,,91.0,-0.78,-2.34,13.5,5.9,16.1,-0.16,ARMED,,15.7,3,
1791299890537,28.583790,77.301291,16.0,CNG,22.34,19.6,3,803,49.0,2.66,,91.0,-0.78,-2.34,13.5,6.4,15.9,-0.15,ARMED,,15.7,3,
1791299891310,28.583822,77.301266,16.0,CNG,22.81,19.6,3,799,49.0,2.95,,91.0,-0.78,-2.34,13.5,6.4,15.8,-0.14,ARMED,,15.7,3,
1791299892968,28.583887,77.301213,16.0,CNG,24.71,19.6,3,819,35.3,2.46,,91.0,-0.78,-1.56,13.5,6.4,16.0,0.05,ARMED,,14.5,3,
1791299893760,28.583920,77.301186,17.0,CNG,26.87,19.6,3,852,35.3,2.41,,91.0,-0.78,-1.56,13.4,6.4,16.8,0.36,ARMED,,14.5,3,
1791299894547,28.583920,77.301186,17.0,CNG,25.07,19.6,3,857,35.3,3.23,,91.0,-0.78,-1.56,13.4,6.4,17.0,0.34,ARMED,,14.5,3,
1791299896178,28.583987,77.301130,17.0,CNG,24.13,19.6,3,863,34.1,3.23,,91.0,0.78,-1.56,13.5,6.4,17.2,0.31,ARMED,,14.5,3,
1791299896954,28.584022,77.301102,17.0,CNG,25.58,19.6,3,884,34.1,2.63,,91.0,0.78,-1.56,13.5,6.4,17.5,0.27,ARMED,,14.5,3,
1791299897728,28.584022,77.301102,17.0,CNG,28.46,19.6,3,896,34.1,2.16,,91.0,0.78,-1.56,13.6,6.4,17.7,0.26,ARMED,,14.5,3,
1791299899893,28.584127,77.301016,18.0,CNG,26.75,19.6,3,895,32.9,3.17,,91.0,0.00,-1.56,13.3,6.4,17.7,0.22,ARMED,,14.5,3,
1791299900893,28.584163,77.300985,18.0,CNG,27.22,19.6,3,912,32.9,2.80,,91.0,0.00,-1.56,13.3,6.4,18.0,0.17,ARMED,,14.5,3,
1791299901820,28.584199,77.300955,18.0,CNG,24.10,19.6,3,928,32.9,3.79,,91.0,0.00,-1.56,13.3,6.4,18.2,0.19,ARMED,,14.5,3,
1791299903937,28.584270,77.300895,18.0,CNG,21.30,19.6,3,910,39.2,4.30,,91.0,-0.78,-0.78,13.1,6.4,18.1,-0.01,ARMED,,15.3,3,
1791299904939,28.584300,77.300868,16.0,CNG,20.58,14.9,3,846,39.2,3.57,,90.0,-0.78,-0.78,13.1,0.0,16.7,-0.57,ARMED,,15.3,3,
1791299905928,28.584324,77.300847,12.0,CNG,18.35,14.9,2,831,39.2,3.50,,90.0,-0.78,-0.78,13.4,0.0,12.0,0.00,ARMED,,15.3,2,
1791299908001,28.584368,77.300808,11.0,CNG,18.26,14.9,2,835,71.4,2.64,,90.0,-0.78,-1.56,13.4,0.0,11.3,-0.40,ARMED,,18.0,2,
1791299908792,28.584392,77.300787,12.0,CNG,17.81,20.8,,697,71.4,3.05,,90.0,-0.78,-1.56,13.1,8.0,12.0,0.00,ARMED,,18.0,,
1791299909579,28.584392,77.300787,13.0,CNG,17.26,14.9,,656,71.4,3.42,,90.0,-0.78,-1.56,13.1,0.0,13.0,0.00,ARMED,,18.0,,
1791299911290,28.584441,77.300740,13.0,CNG,15.00,20.8,,660,36.1,4.50,,90.0,4.69,-2.34,13.6,8.0,13.0,0.00,ARMED,,11.8,,
1791299912046,28.584466,77.300715,13.0,CNG,18.04,18.0,,696,36.1,2.18,,91.0,4.69,-2.34,13.6,4.3,13.0,0.00,ARMED,,11.8,,
1791299912822,28.584492,77.300690,13.0,CNG,24.46,14.9,,688,36.1,1.08,,91.0,4.69,-2.34,13.4,0.0,13.0,0.00,ARMED,,11.8,,
1791299914424,28.584516,77.300666,13.0,CNG,19.09,20.0,,689,32.9,3.93,,91.0,5.47,-1.56,13.4,7.0,13.0,0.00,ARMED,,12.9,,
1791299915171,28.584541,77.300641,13.0,CNG,25.50,14.9,3,708,32.9,1.10,,91.0,5.47,-1.56,13.5,0.0,13.0,0.00,ARMED,,12.9,3,
1791299915915,28.584563,77.300617,13.0,CNG,25.99,14.9,3,732,32.9,2.11,,91.0,5.47,-1.56,13.5,0.0,13.0,0.00,ARMED,,12.9,3,
1791299917536,28.584581,77.300597,10.0,CNG,30.23,14.9,2,731,23.5,0.98,,91.0,7.81,-0.78,13.3,0.0,10.0,0.00,ARMED,,12.5,2,
1791299918247,28.584595,77.300583,7.0,CNG,18.52,14.9,,722,23.5,3.25,,91.0,7.81,-0.78,13.3,0.0,7.0,0.00,ARMED,,12.5,,
1791299919001,28.584608,77.300569,7.0,CNG,13.04,20.8,,656,23.5,3.79,,91.0,7.81,-0.78,13.4,8.0,7.0,0.00,ARMED,,12.5,,
1791299920965,28.584638,77.300537,8.0,CNG,11.31,20.0,,787,31.0,3.74,,91.0,0.00,-1.56,13.4,7.0,8.0,0.00,ARMED,,13.3,,
1791299921848,28.584653,77.300520,9.0,CNG,10.76,18.4,,689,31.0,3.88,,91.0,0.00,-1.56,13.2,4.8,9.0,0.00,ARMED,,13.3,,
1791299922662,28.584653,77.300520,9.0,CNG,11.08,18.4,,684,31.0,3.38,,91.0,0.00,-1.56,13.2,4.8,9.0,0.00,ARMED,,13.3,,
1791299924528,28.584687,77.300483,9.0,CNG,11.01,18.4,,694,48.6,3.58,,91.0,-0.78,-1.56,13.4,4.8,9.0,0.00,ARMED,,14.9,,
1791299925329,28.584703,77.300465,8.0,CNG,12.26,14.9,,719,48.6,2.30,,91.0,-0.78,-1.56,13.4,0.0,8.0,0.00,ARMED,,14.9,,
1791299926167,28.584712,77.300454,5.0,CNG,10.15,14.9,,832,48.6,3.08,,91.0,-0.78,-1.56,13.4,0.0,5.0,0.00,ARMED,,14.9,,
1791299928146,28.584724,77.300440,4.0,CNG,7.81,14.9,,838,43.5,3.59,,91.0,-0.78,-1.56,13.4,0.0,4.0,0.00,ARMED,,15.7,,
1791299929077,28.584727,77.300436,2.0,CNG,3.33,22.0,,834,43.5,9.19,,91.0,-0.78,-1.56,13.3,9.6,2.0,0.00,ARMED,,15.7,,
1791299929981,28.584733,77.300429,3.0,CNG,2.71,14.9,,1143,43.5,6.76,,91.0,-0.78,-1.56,13.3,0.0,3.0,0.00,ARMED,,15.7,,
1791299931917,28.584751,77.300407,4.0,CNG,2.74,22.0,,879,39.6,6.24,,91.0,0.78,-1.56,12.9,9.6,4.0,0.00,ARMED,,12.9,,
1791299932738,28.584751,77.300407,7.0,CNG,4.76,19.2,,538,39.6,2.47,,91.0,0.78,-1.56,12.9,5.9,7.0,0.00,ARMED,,12.9,,
1791299933550,28.584764,77.300392,8.0,CNG,7.05,19.2,,567,39.6,2.65,,91.0,0.78,-1.56,13.0,5.9,8.0,0.00,ARMED,,12.9,,
1791299935430,28.584792,77.300360,8.0,CNG,10.38,14.9,,597,32.2,1.49,,91.0,-3.91,-1.56,13.1,0.0,8.0,0.00,ARMED,,13.3,,
1791299936289,28.584806,77.300343,8.0,CNG,12.30,14.9,,614,32.2,2.14,,91.0,-3.91,-1.56,13.1,0.0,8.0,0.00,ARMED,,13.3,,
1791299937117,28.584819,77.300326,8.0,CNG,14.61,14.9,,602,32.2,1.76,,91.0,-3.91,-1.56,13.1,0.0,8.0,0.00,ARMED,,13.3,,
1791299938955,28.584841,77.300299,7.0,CNG,15.67,20.4,,721,45.9,1.71,,91.0,10.94,-2.34,13.4,7.5,7.0,0.00,ARMED,,16.1,,
1791299939822,28.584853,77.300284,7.0,CNG,14.10,14.9,1,1038,45.9,2.50,,91.0,10.94,-2.34,13.4,0.0,7.0,0.00,ARMED,,16.1,1,
1791299940635,28.584853,77.300284,7.0,CNG,11.72,19.2,1,881,45.9,3.27,,91.0,10.94,-2.34,12.9,5.9,7.0,0.00,ARMED,,16.1,1,
1791299942567,28.584877,77.300254,7.0,CNG,12.43,20.0,,683,51.0,2.22,,91.0,3.13,-2.34,12.9,7.0,7.0,0.00,ARMED,,14.9,,
1791299943408,28.584890,77.300236,8.0,CNG,18.38,14.9,,608,51.0,0.69,,91.0,3.13,-2.34,13.0,0.0,8.0,0.00,ARMED,,14.9,,
1791299944276,28.584904,77.300220,8.0,CNG,12.73,20.0,,610,51.0,3.90,,91.0,3.13,-2.34,13.0,7.0,8.0,0.00,ARMED,,14.9,,
1791299946028,28.584931,77.300183,8.0,CNG,11.15,20.0,,619,56.5,3.67,,91.0,1.56,-2.34,13.3,7.0,8.0,0.00,ARMED,,15.7,,
1791299946854,28.584945,77.300164,9.0,CNG,10.63,19.6,,674,56.5,3.90,,91.0,1.56,-2.34,13.3,6.4,9.0,0.00,ARMED,,15.7,,
1791299947758,28.584960,77.300144,9.0,CNG,10.90,19.6,,679,56.5,3.46,,91.0,1.56,-2.34,12.9,6.4,9.0,0.00,ARMED,,15.7,,
1791299949651,28.584976,77.300123,9.0,CNG,10.10,19.2,,681,62.4,4.28,,91.0,-0.78,-2.34,12.9,5.9,9.0,0.00,ARMED,,16.5,,
1791299950499,28.584990,77.300104,9.0,CNG,9.61,14.9,2,701,62.4,4.35,,91.0,-0.78,-2.34,13.5,0.0,9.0,0.00,ARMED,,16.5,2,
1791299951339,28.585005,77.300084,9.0,CNG,11.07,18.4,,817,62.4,2.74,,91.0,-0.78,-2.34,13.5,4.8,9.0,0.00,ARMED,,16.5,,
1791299953187,28.585032,77.300046,9.0,CNG,12.40,19.6,2,707,69.4,2.59,,91.0,3.13,-2.34,13.0,6.4,9.0,0.00,ARMED,,19.2,2,
1791299954087,28.585046,77.300026,9.0,CNG,9.78,20.8,,666,69.4,5.26,,92.0,3.13,-2.34,13.0,8.0,9.0,0.00,ARMED,,19.2,,
1791299954999,28.585063,77.300004,10.0,CNG,9.07,20.8,2,718,69.4,5.26,,92.0,3.13,-2.34,13.7,8.0,10.0,0.00,ARMED,,19.2,2,
1791299956822,28.585096,77.299955,10.0,CNG,10.68,20.8,2,761,49.8,3.05,,92.0,-2.34,-2.34,13.7,8.0,10.0,0.00,ARMED,,15.7,2,
1791299957670,28.585096,77.299955,12.0,CNG,11.90,21.2,2,864,49.8,3.78,,92.0,-2.34,-2.34,13.4,8.6,11.8,0.80,ARMED,,15.7,2,
1791299958477,28.585113,77.299928,12.0,CNG,12.10,21.2,2,913,49.8,4.21,,92.0,-2.34,-2.34,13.4,8.6,12.6,0.83,ARMED,,15.7,2,
1791299960386,28.585153,77.299867,13.0,CNG,13.49,21.2,2,962,45.1,3.57,,92.0,-1.56,-1.56,13.5,8.6,13.3,0.82,ARMED,,16.5,2,
1791299961231,28.585173,77.299834,14.0,CNG,13.93,21.2,2,1064,45.1,4.18,,91.0,-1.56,-1.56,13.5,8.6,14.6,0.77,ARMED,,16.5,2,
1791299962073,28.585194,77.299801,15.0,CNG,17.19,18.4,2,1081,45.1,2.66,,91.0,-1.56,-1.56,13.3,4.8,15.0,0.61,ARMED,,16.5,2,
1791299963925,28.585233,77.299743,14.0,CNG,20.12,14.9,2,1061,23.5,2.27,,91.0,6.25,-2.34,13.3,0.0,14.8,0.24,ARMED,,12.9,2,
1791299964781,28.585249,77.299718,10.0,CNG,21.17,14.9,2,826,23.5,1.83,,91.0,6.25,-2.34,13.5,0.0,11.6,-1.40,ARMED,,12.9,2,
1791299965631,28.585249,77.299718,10.0,CNG,20.21,14.9,2,776,23.5,2.33,,90.0,6.25,-2.34,13.5,0.0,10.5,-1.38,ARMED,,12.9,2,
1791299967517,28.585276,77.299672,10.0,CNG,17.04,14.9,2,801,41.2,3.23,,90.0,-0.78,-2.34,13.4,0.0,10.3,-0.86,ARMED,,15.3,2,
1791299968375,28.585289,77.299652,9.0,CNG,11.59,14.9,,830,41.2,5.32,,90.0,-0.78,-2.34,13.4,0.0,9.0,0.00,ARMED,,15.3,,
1791299969163,28.585301,77.299631,9.0,CNG,12.79,14.9,,813,41.2,2.52,,90.0,-0.78,-2.34,13.3,0.0,9.0,0.00,ARMED,,15.3,,
1791299971103,28.585328,77.299586,9.0,CNG,11.37,17.3,2,707,53.7,4.05,,90.0,0.78,-2.34,13.5,3.2,9.0,0.00,ARMED,,16.5,2,
1791299971996,28.585343,77.299560,11.0,CNG,11.91,20.0,2,779,53.7,3.77,,90.0,0.78,-2.34,13.4,7.0,10.8,0.78,ARMED,,16.5,2,
1791299972803,28.585358,77.299534,11.0,CNG,12.83,20.0,2,829,53.7,3.33,,90.0,0.78,-2.34,13.4,7.0,11.2,0.60,ARMED,,16.5,2,
1791299974631,28.585376,77.299506,12.0,CNG,13.87,20.4,2,889,38.0,3.36,,90.0,-1.56,-1.56,13.3,7.5,11.8,0.63,ARMED,,15.3,2,
1791299975473,28.585394,77.299475,13.0,CNG,16.81,19.6,2,989,38.0,2.45,,90.0,-1.56,-1.56,13.3,6.4,13.1,0.67,ARMED,,15.3,2,
1791299976322,28.585412,77.299444,14.0,CNG,19.97,19.6,2,1027,38.0,2.32,,90.0,-1.56,-1.56,13.4,6.4,13.7,0.67,ARMED,,15.3,2,
1791299978229,28.585454,77.299379,14.0,CNG,19.31,19.6,2,1044,27.1,3.29,,90.0,0.78,-1.56,13.4,6.4,14.0,0.60,ARMED,,14.1,2,
1791299979098,28.585473,77.299347,14.0,CNG,21.64,14.9,2,1086,27.1,2.33,,90.0,0.78,-1.56,13.5,0.0,14.5,0.31,ARMED,,14.1,2,
1791299979916,28.585494,77.299315,14.0,CNG,22.19,14.9,2,1035,27.1,2.64,,90.0,0.78,-1.56,13.5,0.0,14.1,-0.07,ARMED,,14.1,2,
1791299981676,28.585512,77.299287,13.0,CNG,19.66,14.9,2,983,39.6,3.39,,90.0,-1.56,-2.34,13.1,0.0,13.4,-0.43,ARMED,,15.3,2,
1791299982570,28.585528,77.299262,11.0,CNG,17.43,18.0,2,811,39.6,3.31,,89.0,-1.56,-2.34,13.1,4.3,10.9,-1.17,ARMED,,15.3,2,
1791299983897,28.585545,77.299238,11.0,CNG,11.78,21.2,2,837,39.6,6.29,,89.0,-1.56,-2.34,13.4,8.6,10.8,-0.46,ARMED,,15.3,2,
1791299985532,28.585585,77.299178,13.0,CNG,11.05,21.2,2,989,57.6,5.54,,90.0,-0.78,-2.34,13.4,8.6,12.1,0.54,ARMED,,18.4,2,
1791299986317,28.585608,77.299144,16.0,CNG,13.35,14.9,2,1167,57.6,3.96,,90.0,-0.78,-2.34,13.5,0.0,15.2,1.60,ARMED,,18.4,2,
1791299987096,28.585632,77.299109,16.0,CNG,17.60,18.8,2,1194,57.6,2.32,,90.0,-0.78,-2.34,13.5,5.4,16.2,1.39,ARMED,,18.4,2,
1791299988765,28.585685,77.299039,16.0,CNG,19.33,18.8,2,1202,22.0,3.11,,90.0,0.00,-0.78,13.5,5.4,16.5,0.99,ARMED,,14.5,2,
1791299989549,28.585685,77.299039,16.0,CNG,22.02,19.2,2,1224,22.0,2.53,,90.0,0.00,-0.78,13.5,5.9,16.5,0.22,ARMED,,14.5,2,
1791299990330,28.585712,77.299004,17.0,CNG,23.57,19.6,2,1236,22.0,2.83,,90.0,0.00,-0.78,13.6,6.4,16.6,0.19,ARMED,,14.5,2,
1791299991958,28.585768,77.298931,17.0,CNG,22.26,20.0,2,1256,28.6,3.58,,90.0,-2.34,-1.56,13.6,7.0,16.8,0.20,ARMED,,16.9,2,
1791299992729,28.585768,77.298931,18.0,CNG,19.77,20.8,2,1334,28.6,4.56,,90.0,-2.34,-1.56,13.4,8.0,17.8,0.51,ARMED,,16.9,2,
1791299993485,28.585797,77.298893,18.0,CNG,19.64,20.8,2,1369,28.6,4.02,,90.0,-2.34,-1.56,13.4,8.0,18.2,0.54,ARMED,,16.9,2,
1791299995180,28.585861,77.298815,19.0,CNG,19.47,20.8,2,1393,29.0,4.29,,90.0,-0.78,-3.13,13.5,8.0,18.7,0.54,ARMED,,16.9,2,
1791299995938,28.585895,77.298775,20.0,CNG,17.76,23.1,2,1481,29.0,5.47,,89.0,-0.78,-3.13,13.5,11.2,19.8,0.60,ARMED,,16.9,2,
1791299996709,28.585895,77.298775,21.0,CNG,15.46,22.7,2,1515,29.0,6.93,,89.0,-0.78,-3.13,13.5,10.7,20.3,0.61,ARMED,,16.9,2,
1791299998348,28.585970,77.298688,22.0,CNG,14.81,22.7,2,1592,38.8,6.82,,89.0,2.34,-3.13,13.5,10.7,21.2,0.84,ARMED,,18.0,2,
1791299999179,28.586011,77.298645,23.0,CNG,17.12,19.6,2,1721,38.8,4.61,,89.0,2.34,-3.13,13.2,6.4,23.1,1.06,ARMED,,18.0,2,
1791299999943,28.586055,77.298602,23.0,CNG,20.59,14.9,2,1717,38.8,3.47,,89.0,2.34,-3.13,13.2,0.0,23.4,0.75,ARMED,,18.0,2,
1791300001658,28.586096,77.298564,22.0,CNG,16.00,22.4,2,1629,47.1,7.98,,89.0,0.00,-3.13,13.5,10.2,22.7,0.01,ARMED,,20.0,2,
1791300002431,28.586140,77.298524,24.0,CNG,13.82,22.4,2,1729,47.1,8.96,,89.0,0.00,-3.13,13.5,10.2,23.2,0.26,ARMED,,20.0,2,
1791300003186,28.586187,77.298483,25.0,CNG,13.61,22.4,2,1833,47.1,8.14,,89.0,0.00,-3.13,13.3,10.2,24.2,0.72,ARMED,,20.0,2,
1791300005013,28.586288,77.298394,26.0,CNG,13.19,22.4,2,1908,31.8,8.92,,89.0,0.78,-3.13,13.4,10.2,25.4,1.07,ARMED,,18.8,2,
1791300005783,28.586339,77.298350,26.0,CNG,14.74,22.4,2,1957,31.8,6.39,,89.0,0.78,-3.13,13.5,10.2,26.5,0.69,ARMED,,18.8,2,
1791300006518,28.586339,77.298350,27.0,CNG,15.52,22.7,2,2018,31.8,6.99,,90.0,0.78,-3.13,13.5,10.7,27.1,0.72,ARMED,,18.8,2,
1791300008177,28.586446,77.298257,27.0,CNG,15.51,24.3,2,2037,37.3,7.57,,90.0,3.13,-3.13,13.4,12.8,27.5,0.68,ARMED,,20.0,2,
1791300008950,28.586502,77.298211,28.0,CNG,20.06,22.4,2,2042,37.3,3.55,,90.0,3.13,-3.13,13.4,10.2,27.7,0.23,ARMED,,20.0,2,
1791300009726,28.586502,77.298211,28.0,CNG,17.92,24.3,3,1564,37.3,7.84,,90.0,3.13,-3.13,13.5,12.8,28.0,0.00,ARMED,,20.0,3,
1791300011388,28.586615,77.298121,28.0,CNG,16.81,24.3,3,1440,48.2,7.89,,90.0,1.56,-3.13,13.5,12.8,28.0,0.00,ARMED,,19.6,3,
1791300012194,28.586676,77.298075,30.0,CNG,16.90,29.8,3,1511,48.2,7.65,,90.0,1.56,-3.13,13.4,20.3,29.7,0.82,ARMED,,19.6,3,
1791300012960,28.586739,77.298030,31.0,CNG,13.86,29.0,3,1565,48.2,12.14,,90.0,1.56,-3.13,13.4,19.3,30.8,1.06,ARMED,,19.6,3,
1791300014668,28.586807,77.297983,32.0,CNG,12.99,28.2,3,1611,62.7,11.62,,90.0,1.56,-2.34,13.3,18.2,31.8,1.12,ARMED,,22.4,3,
1791300015409,28.586877,77.297935,34.0,CNG,12.80,27.8,3,1770,62.7,11.77,,91.0,1.56,-2.34,13.3,17.7,34.8,1.62,ARMED,,22.4,3,
1791300016173,28.586953,77.297886,36.0,CNG,12.96,27.8,3,1818,62.7,11.87,,91.0,1.56,-2.34,13.5,17.7,35.9,1.60,ARMED,,22.4,3,
1791300017798,28.587114,77.297791,36.0,CNG,13.16,27.8,3,1867,59.2,11.62,,91.0,0.00,-2.34,13.5,17.7,37.0,1.45,ARMED,,22.4,3,
1791300018566,28.587114,77.297791,38.0,CNG,12.99,19.6,3,1943,59.2,12.93,,91.0,0.00,-2.34,13.4,6.4,38.4,1.03,ARMED,,22.4,3,
1791300019371,28.587196,77.297746,38.0,CNG,17.34,20.8,4,1628,59.2,5.00,,92.0,0.00,-2.34,13.4,8.0,38.0,0.00,ARMED,,22.4,4,
1791300021070,28.587361,77.297658,36.0,CNG,17.05,23.9,4,1427,57.3,9.40,,92.0,3.91,-3.13,13.3,12.3,36.8,-0.71,ARMED,,19.6,4,
1791300021818,28.587443,77.297614,36.0,CNG,18.28,22.4,4,1405,57.3,7.62,,92.0,3.91,-3.13,13.3,10.2,35.9,-0.54,ARMED,,19.6,4,
1791300022581,28.587443,77.297614,36.0,CNG,18.95,22.4,4,1413,57.3,7.79,,92.0,3.91,-3.13,13.5,10.2,35.9,-0.31,ARMED,,19.6,4,
1791300024279,28.587605,77.297527,36.0,CNG,20.13,22.0,4,1414,37.6,7.04,,92.0,-2.34,-3.13,13.5,9.6,36.0,-0.12,ARMED,,17.6,4,
1791300025102,28.587684,77.297486,36.0,CNG,23.21,22.0,4,1382,37.6,5.19,,92.0,-2.34,-3.13,13.4,9.6,35.5,-0.20,ARMED,,17.6,4,
1791300025901,28.587762,77.297445,34.0,CNG,24.21,22.0,4,1341,37.6,5.68,,92.0,-2.34,-3.13,13.4,9.6,34.7,-0.55,ARMED,,17.6,4,
1791300027548,28.587838,77.297405,34.0,CNG,24.30,22.4,4,1320,43.9,6.04,,92.0,-0.78,-3.13,13.5,10.2,34.0,-0.71,ARMED,,18.0,4,
1791300028357,28.587916,77.297365,34.0,CNG,24.47,22.4,4,1314,43.9,5.97,,92.0,-0.78,-3.13,13.5,10.2,33.6,-0.34,ARMED,,18.0,4,
1791300029124,28.587992,77.297326,34.0,CNG,24.29,22.4,4,1314,43.9,6.15,,92.0,-0.78,-3.13,13.5,10.2,33.6,-0.27,ARMED,,18.0,4,
1791300030741,28.588068,77.297286,34.0,CNG,24.26,22.4,4,1311,44.7,6.10,,92.0,0.00,-3.13,13.5,10.2,33.6,-0.22,ARMED,,18.4,4,
1791300031574,28.588143,77.297249,33.0,CNG,23.55,23.1,4,1306,44.7,6.36,,92.0,0.00,-3.13,13.4,11.2,33.4,-0.16,ARMED,,18.4,4,
1791300032333,28.588220,77.297209,34.0,CNG,22.93,23.1,4,1304,44.7,6.69,,91.0,0.00,-3.13,13.4,11.2,33.4,-0.14,ARMED,,18.4,4,
1791300033958,28.588373,77.297130,34.0,CNG,22.08,23.1,4,1309,48.2,7.06,,91.0,1.56,-2.34,13.5,11.2,33.5,-0.08,ARMED,,18.8,4,
1791300034725,28.588373,77.297130,35.0,CNG,22.22,14.9,4,1350,48.2,6.78,,91.0,1.56,-2.34,13.5,0.0,34.5,0.47,ARMED,,18.8,4,
1791300035536,28.588450,77.297090,35.0,CNG,27.92,14.9,4,1346,48.2,3.39,,91.0,1.56,-2.34,13.3,0.0,34.7,0.42,ARMED,,18.8,4,
1791300037380,28.588602,77.297008,34.0,CNG,32.01,20.0,4,1298,34.9,3.58,,90.0,0.00,-2.34,13.5,7.0,34.0,-0.18,ARMED,,17.3,4,
1791300038220,28.588675,77.296968,33.0,CNG,30.59,20.8,4,1265,34.9,5.01,,90.0,0.00,-2.34,13.3,8.0,32.7,-0.60,ARMED,,17.3,4,
1791300039021,28.588747,77.296928,33.0,CNG,27.69,20.8,4,1273,34.9,5.93,,90.0,0.00,-2.34,13.3,8.0,32.6,-0.38,ARMED,,17.3,4,
1791300040686,28.588822,77.296888,33.0,CNG,27.37,20.8,4,1285,43.1,5.33,,90.0,0.00,-2.34,13.2,8.0,32.8,-0.10,ARMED,,18.0,4,
1791300041426,28.588897,77.296847,34.0,CNG,26.03,20.8,4,1303,43.1,6.08,,90.0,0.00,-2.34,13.2,8.0,33.5,0.30,ARMED,,18.0,4,
1791300042192,28.588972,77.296806,34.0,CNG,25.57,20.8,4,1317,43.1,5.93,,90.0,0.00,-2.34,13.3,8.0,33.9,0.35,ARMED,,18.0,4,
1791300043819,28.589123,77.296723,34.0,CNG,25.88,20.8,4,1326,35.7,5.60,,90.0,0.78,-2.34,13.3,8.0,34.2,0.36,ARMED,,16.9,4,
1791300044606,28.589123,77.296723,35.0,CNG,27.78,20.8,4,1335,35.7,4.89,,90.0,0.78,-2.34,13.5,8.0,34.5,0.30,ARMED,,16.9,4,
1791300045413,28.589200,77.296679,34.0,CNG,29.03,20.8,4,1332,35.7,4.74,,90.0,0.78,-2.34,13.5,8.0,34.5,0.23,ARMED,,16.9,4,
1791300047061,28.589353,77.296593,35.0,CNG,30.29,21.2,4,1340,42.7,4.70,,90.0,-0.78,-2.34,13.3,8.6,34.7,0.21,ARMED,,18.0,4,
1791300047802,28.589431,77.296547,35.0,CNG,27.48,23.1,4,1367,42.7,6.29,,90.0,-0.78,-2.34,13.3,11.2,35.3,0.27,ARMED,,18.0,4,
1791300048615,28.589431,77.296547,36.0,CNG,26.22,23.1,4,1396,42.7,6.36,,90.0,-0.78,-2.34,13.3,11.2,35.8,0.48,ARMED,,18.0,4,
1791300050261,28.589593,77.296453,37.0,CNG,25.68,23.1,4,1423,43.1,6.44,,90.0,-0.78,-2.34,13.3,11.2,36.6,0.68,ARMED,,18.8,4,
1791300051101,28.589676,77.296405,38.0,CNG,25.94,22.7,4,1470,43.1,6.27,,90.0,-0.78,-2.34,13.3,10.7,37.9,0.73,ARMED,,18.8,4,
1791300051928,28.589761,77.296355,39.0,CNG,25.94,22.7,4,1493,43.1,6.53,,90.0,-0.78,-2.34,13.3,10.7,38.6,0.74,ARMED,,18.8,4,
1791300053565,28.589848,77.296303,39.0,CNG,25.93,22.7,4,1515,38.4,6.54,,90.0,0.00,-2.34,13.5,10.7,39.1,0.74,ARMED,,18.4,4,
1791300054308,28.589935,77.296253,40.0,CNG,25.93,22.7,4,1547,38.4,6.70,,90.0,0.00,-2.34,13.5,10.7,40.0,0.67,ARMED,,18.4,4,
1791300055058,28.590024,77.296201,41.0,CNG,26.56,16.1,4,1575,38.4,6.47,,90.0,0.00,-2.34,13.3,1.6,40.6,0.70,ARMED,,18.4,4,
1791300056902,28.590203,77.296096,41.0,CNG,27.30,21.2,4,1578,36.9,6.26,,90.0,0.00,-2.34,13.3,8.6,41.0,0.51,ARMED,,18.4,4,
1791300057826,28.590293,77.296042,41.0,CNG,27.36,21.2,4,1578,36.9,6.49,,90.0,0.00,-2.34,13.3,8.6,40.9,0.09,ARMED,,18.4,4,
1791300058581,28.590293,77.296042,41.0,CNG,27.89,21.2,4,1576,36.9,6.20,,90.0,0.00,-2.34,13.3,8.6,40.9,0.05,ARMED,,18.4,4,
1791300060421,28.590471,77.295934,41.0,CNG,28.36,20.4,4,1585,30.6,6.12,,90.0,0.78,-2.34,13.4,7.5,41.0,0.07,ARMED,,17.6,4,
1791300061359,28.590559,77.295878,41.0,CNG,30.59,20.0,4,1581,30.6,5.14,,89.0,0.78,-2.34,13.4,7.0,40.9,0.03,LOCKED,40.9,17.6,4,
1791300062161,28.590647,77.295824,41.0,CNG,34.17,20.0,4,1570,30.6,4.30,,89.0,0.78,-2.34,13.3,7.0,40.8,-0.03,LOCKED,40.9,17.6,4,
1791300063949,28.590822,77.295715,41.0,CNG,36.95,20.0,4,1576,23.1,4.23,,89.0,-0.78,-2.34,13.3,7.0,40.8,-0.01,LOCKED,40.9,16.1,4,
1791300064820,28.590910,77.295660,40.0,CNG,38.61,20.0,4,1567,23.1,4.19,,89.0,-0.78,-2.34,13.6,7.0,40.6,-0.06,LOCKED,40.9,16.1,4,
1791300065576,28.590910,77.295660,40.0,CNG,43.05,20.0,4,1565,23.1,3.33,,89.0,-0.78,-2.34,13.6,7.0,40.5,-0.07,LOCKED,40.9,16.1,4,
1791300067243,28.591087,77.295553,41.0,CNG,46.38,20.0,4,1575,23.9,3.40,,89.0,-0.78,-2.34,13.5,7.0,40.6,-0.02,LOCKED,40.9,16.5,4,
1791300068170,28.591175,77.295500,41.0,CNG,37.34,21.6,4,1564,23.9,6.15,,89.0,-0.78,-2.34,13.5,9.1,40.5,-0.03,LOCKED,40.9,16.5,4,
1791300068955,28.591265,77.295444,41.0,CNG,42.33,18.4,4,1591,23.9,3.37,,89.0,-0.78,-2.34,13.4,4.8,40.9,0.23,LOCKED,40.9,16.5,4,
1791300070889,28.591439,77.295332,41.0,CNG,42.97,20.4,4,1589,23.9,4.05,,89.0,-0.78,-2.34,13.5,7.5,41.1,0.23,LOCKED,40.9,16.5,4,
1791300071750,28.591528,77.295275,41.0,CNG,41.50,20.4,4,1593,23.9,4.51,,89.0,-0.78,-2.34,13.3,7.5,41.2,0.15,LOCKED,40.9,16.5,4,
1791300072490,28.591528,77.295275,41.0,CNG,42.34,20.4,4,1596,23.9,4.08,,89.0,-0.78,-2.34,13.3,7.5,41.3,0.14,LOCKED,40.9,16.5,4,
1791300074258,28.591704,77.295162,41.0,CNG,42.00,20.4,4,1588,23.1,4.29,,89.0,-0.78,-3.13,13.4,7.5,41.2,0.07,LOCKED,40.9,15.7,4,
1791300075096,28.591794,77.295105,41.0,CNG,42.64,20.8,4,1604,23.1,4.08,,89.0,-0.78,-3.13,13.4,8.0,41.4,0.09,LOCKED,40.9,15.7,4,
1791300075903,28.591883,77.295048,42.0,CNG,40.89,20.8,4,1615,23.1,4.73,,89.0,-0.78,-3.13,13.6,8.0,41.6,0.14,LOCKED,40.9,15.7,4,
1791300077710,28.592062,77.294934,42.0,CNG,37.78,20.8,4,1622,29.8,5.37,,88.0,0.00,-2.34,13.6,8.0,41.9,0.17,LOCKED,40.9,17.6,4,
1791300078646,28.592062,77.294934,41.0,CNG,34.02,20.4,4,1597,29.8,6.03,,88.0,0.00,-2.34,13.5,7.5,41.3,-0.20,LOCKED,40.9,17.6,4,
1791300079519,28.592152,77.294877,41.0,CNG,33.85,20.4,4,1613,29.8,5.30,,88.0,0.00,-2.34,13.5,7.5,41.5,-0.04,LOCKED,40.9,17.6,4,
1791300081308,28.592330,77.294761,41.0,CNG,32.71,20.4,4,1615,32.5,5.72,,88.0,0.00,-2.34,13.4,7.5,41.6,0.01,LOCKED,40.9,17.6,4,
1791300082210,28.592419,77.294704,42.0,CNG,30.74,19.6,4,1607,32.5,6.46,,88.0,0.00,-2.34,13.4,6.4,41.5,-0.01,LOCKED,40.9,17.6,4,
1791300082998,28.592510,77.294646,42.0,CNG,35.64,19.6,4,1625,32.5,3.91,,88.0,0.00,-2.34,13.5,6.4,41.8,0.16,LOCKED,40.9,17.6,4,
1791300084769,28.592690,77.294534,41.0,CNG,42.38,19.6,4,1610,20.0,2.99,,88.0,-0.78,-2.34,13.5,6.4,41.7,0.08,LOCKED,40.9,15.7,4,
1791300085647,28.592690,77.294534,41.0,CNG,47.26,19.6,4,1601,20.0,3.11,,88.0,-0.78,-2.34,13.5,6.4,41.3,-0.14,LOCKED,40.9,15.7,4,
1791300086409,28.592779,77.294478,41.0,CNG,47.10,19.6,4,1589,20.0,3.80,,88.0,-0.78,-2.34,13.5,6.4,41.1,-0.18,LOCKED,40.9,15.7,4,
1791300088219,28.592958,77.294365,41.0,CNG,49.73,14.9,4,1603,26.3,3.28,,88.0,0.00,-2.34,13.5,0.0,41.2,-0.03,LOCKED,40.9,15.3,4,
1791300089086,28.593048,77.294309,41.0,CNG,52.06,20.0,5,1219,26.3,3.18,,88.0,0.00,-2.34,13.5,7.0,41.0,0.00,PAUSED,40.9,15.3,5,
1791300089870,28.593136,77.294254,41.0,CNG,51.70,20.0,5,1226,26.3,3.48,,88.0,0.00,-2.34,13.4,7.0,41.0,0.00,PAUSED,40.9,15.3,5,
1791300091706,28.593316,77.294142,41.0,CNG,54.65,18.4,5,1231,22.4,2.98,,88.0,0.78,-2.34,13.4,4.8,41.0,0.00,PAUSED,40.9,14.5,5,
1791300092558,28.593316,77.294142,41.0,CNG,57.38,18.4,5,1229,22.4,2.87,,88.0,0.78,-2.34,13.4,4.8,41.0,0.00,PAUSED,40.9,14.5,5,
1791300093281,28.593406,77.294086,42.0,CNG,61.54,18.4,5,1246,22.4,2.65,,88.0,0.78,-2.34,13.4,4.8,41.4,0.20,PAUSED,40.9,14.5,5,
1791300095043,28.593588,77.293976,42.0,CNG,68.89,18.4,5,1250,21.6,2.18,,88.0,0.00,-2.34,13.5,4.8,41.7,0.24,ARMED,,14.5,5,
1791300095902,28.593683,77.293920,43.0,CNG,65.09,18.4,5,1261,21.6,3.10,,88.0,0.00,-2.34,13.5,4.8,42.2,0.26,ARMED,,14.5,5,
1791300096679,28.593778,77.293865,43.0,CNG,63.38,18.4,5,1287,21.6,3.06,,88.0,0.00,-2.34,13.5,4.8,42.8,0.51,ARMED,,14.5,5,
1791300098449,28.593874,77.293811,44.0,CNG,65.19,18.4,5,1288,24.3,2.81,,88.0,0.00,-2.34,13.5,4.8,43.2,0.50,ARMED,,15.3,5,
1791300099371,28.593973,77.293757,44.0,CNG,57.64,18.4,5,1329,24.3,3.88,,88.0,0.00,-2.34,13.4,4.8,44.4,0.57,ARMED,,15.3,5,
1791300100147,28.594075,77.293702,45.0,CNG,58.78,18.4,5,1341,24.3,3.23,,88.0,0.00,-2.34,13.4,4.8,44.9,0.57,ARMED,,15.3,5,
1791300101946,28.594280,77.293594,46.0,CNG,58.92,18.4,5,1355,26.7,3.38,,88.0,-0.78,-2.34,13.4,4.8,45.4,0.57,ARMED,,16.1,5,
1791300102775,28.594387,77.293539,47.0,CNG,59.37,18.4,5,1390,26.7,3.40,,88.0,-0.78,-2.34,13.4,4.8,46.6,0.62,ARMED,,16.1,5,
1791300103510,28.594387,77.293539,47.0,CNG,58.60,18.4,5,1414,26.7,3.55,,88.0,-0.78,-2.34,13.3,4.8,47.3,0.68,ARMED,,16.1,5,
1791300105517,28.594605,77.293426,48.0,CNG,65.94,18.4,5,1433,20.4,2.59,,88.0,0.78,-2.34,13.5,4.8,48.0,0.71,ARMED,,15.3,5,
1791300106432,28.594714,77.293371,49.0,CNG,62.65,18.4,5,1449,20.4,3.64,,88.0,0.78,-2.34,13.5,4.8,48.7,0.40,ARMED,,15.3,5,
1791300107154,28.594826,77.293316,50.0,CNG,61.82,18.4,5,1470,20.4,3.58,,88.0,0.78,-2.34,13.5,4.8,49.2,0.47,ARMED,,15.3,5,
1791300108879,28.595058,77.293201,50.0,CNG,66.54,18.4,5,1473,20.0,2.90,,88.0,1.56,-2.34,13.4,4.8,49.5,0.45,ARMED,,15.3,5,
1791300109855,28.595172,77.293144,51.0,CNG,64.40,18.4,5,1529,20.0,3.60,,88.0,1.56,-2.34,13.4,4.8,51.2,0.85,ARMED,,15.3,5,
1791300110593,28.595172,77.293144,52.0,CNG,63.85,18.4,5,1543,20.0,3.58,,88.0,1.56,-2.34,13.4,4.8,51.8,0.84,ARMED,,15.3,5,
1791300112391,28.595409,77.293026,52.0,CNG,65.87,18.4,5,1555,20.0,3.27,,87.0,0.78,-2.34,13.4,4.8,52.3,0.76,ARMED,,15.7,5,
1791300113288,28.595528,77.292967,52.0,CNG,64.95,18.4,5,1565,20.0,3.55,,87.0,0.78,-2.34,13.5,4.8,52.6,0.26,ARMED,,15.7,5,
1791300113997,28.595645,77.292907,52.0,CNG,64.11,18.4,5,1544,20.0,3.59,,87.0,0.78,-2.34,13.5,4.8,52.2,-0.09,ARMED,,15.7,5,
1791300115829,28.595878,77.292788,52.0,CNG,63.77,18.0,5,1546,20.0,3.57,,87.0,0.78,-2.34,13.4,4.3,51.9,-0.14,ARMED,,15.3,5,
1791300116686,28.595878,77.292788,51.0,CNG,63.94,18.0,5,1503,20.0,3.45,,87.0,0.78,-2.34,13.4,4.3,50.6,-0.63,ARMED,,15.3,5,
1791300117453,28.595994,77.292730,50.0,CNG,64.36,18.4,5,1496,20.0,3.34,,87.0,0.78,-2.34,13.3,4.8,50.2,-0.62,ARMED,,15.3,5,
1791300119287,28.596218,77.292618,50.0,CNG,62.06,18.4,5,1490,24.7,3.69,,87.0,-0.78,-1.56,13.3,4.8,49.9,-0.44,ARMED,,16.5,5,
1791300120238,28.596329,77.292563,49.0,CNG,59.80,18.8,5,1442,24.7,3.76,,87.0,-0.78,-1.56,13.5,5.4,48.6,-0.69,ARMED,,16.5,5,
1791300120979,28.596439,77.292506,48.0,CNG,54.86,18.8,5,1422,24.7,4.29,,87.0,-0.78,-1.56,13.5,5.4,47.9,-0.73,ARMED,,16.5,5,
1791300122682,28.596653,77.292395,48.0,CNG,53.80,18.8,5,1413,28.6,3.99,,87.0,-0.78,-1.56,13.5,5.4,47.5,-0.68,ARMED,,16.5,5,
1791300123609,28.596653,77.292395,47.0,CNG,51.39,18.8,5,1397,28.6,4.25,,87.0,-0.78,-1.56,13.5,5.4,46.9,-0.37,ARMED,,16.5,5,
1791300124394,28.596762,77.292340,47.0,CNG,50.01,18.8,5,1395,28.6,4.25,,87.0,-0.78,-1.56,13.4,5.4,46.8,-0.32,ARMED,,16.5,5,
1791300126144,28.596972,77.292232,47.0,CNG,56.56,18.8,5,1393,20.8,2.89,,87.0,0.00,-1.56,13.4,5.4,46.8,-0.25,ARMED,,14.9,5,
1791300127044,28.597074,77.292179,46.0,CNG,60.77,18.8,5,1376,20.8,2.91,,87.0,0.00,-1.56,13.5,5.4,46.3,-0.26,ARMED,,14.9,5,
1791300127809,28.597179,77.292125,46.0,CNG,63.51,18.8,5,1357,20.8,2.93,,88.0,0.00,-1.56,13.5,5.4,45.8,-0.34,ARMED,,14.9,5,
1791300129618,28.597282,77.292074,45.0,CNG,68.84,18.8,5,1357,21.2,2.47,,88.0,0.00,-1.56,13.5,5.4,45.6,-0.32,ARMED,,14.9,5,
1791300130520,28.597385,77.292024,45.0,CNG,65.11,19.2,5,1336,21.2,3.25,,88.0,0.00,-1.56,13.5,5.9,44.9,-0.33,ARMED,,14.9,5,
1791300131255,28.597485,77.291975,45.0,CNG,71.26,18.8,5,1327,21.2,2.35,,88.0,0.00,-1.56,13.5,5.4,44.7,-0.34,ARMED,,14.9,5,
1791300133089,28.597690,77.291872,44.0,CNG,65.87,19.2,5,1317,21.2,3.24,,88.0,-0.78,-1.56,13.5,5.9,44.3,-0.35,ARMED,,14.9,5,
1791300134043,28.597789,77.291821,44.0,CNG,61.83,19.2,5,1306,21.2,3.38,,88.0,-0.78,-1.56,13.5,5.9,43.9,-0.30,ARMED,,14.9,5,
1791300134846,28.597887,77.291772,44.0,CNG,64.75,19.2,5,1306,21.2,2.74,,88.0,-0.78,-1.56,13.5,5.9,43.8,-0.25,ARMED,,14.9,5,
1791300136622,28.597986,77.291722,44.0,CNG,66.66,19.2,5,1287,22.4,2.74,,88.0,-0.78,-1.56,13.5,5.9,43.4,-0.30,ARMED,,14.9,5,
1791300137447,28.598085,77.291672,43.0,CNG,70.33,19.2,5,1292,22.4,2.43,,88.0,-0.78,-1.56,13.5,5.9,43.4,-0.07,ARMED,,14.9,5,
1791300138196,28.598182,77.291623,43.0,CNG,72.00,19.2,5,1297,22.4,2.50,,88.0,-0.78,-1.56,13.3,5.9,43.5,-0.03,ARMED,,14.9,5,
1791300140087,28.598375,77.291523,43.0,CNG,61.32,19.2,5,1282,33.3,3.73,,88.0,-3.13,-1.56,13.5,5.9,43.2,-0.10,ARMED,,16.9,5,
1791300140942,28.598472,77.291472,42.0,CNG,51.15,19.6,5,1275,33.3,4.48,,88.0,-3.13,-1.56,13.4,6.4,42.8,-0.16,ARMED,,16.9,5,
1791300141688,28.598566,77.291421,42.0,CNG,48.19,19.6,5,1277,33.3,4.12,,88.0,-3.13,-1.56,13.4,6.4,42.7,-0.14,ARMED,,16.9,5,
1791300143374,28.598660,77.291369,42.0,CNG,46.75,19.6,5,1261,35.7,4.08,,88.0,-0.78,-2.34,13.4,6.4,42.3,-0.21,ARMED,,16.9,5,
1791300144207,28.598756,77.291319,42.0,CNG,45.87,19.6,5,1242,35.7,4.09,,89.0,-0.78,-2.34,13.4,6.4,41.7,-0.29,ARMED,,16.9,5,
1791300144986,28.598849,77.291269,41.0,CNG,44.79,19.6,5,1236,35.7,4.12,,89.0,-0.78,-2.34,13.3,6.4,41.4,-0.29,ARMED,,16.9,5,
1791300146776,28.599034,77.291170,42.0,CNG,51.45,20.4,5,1236,29.8,2.76,,89.0,0.00,-2.34,13.3,7.5,41.4,-0.24,ARMED,,16.1,5,
1791300147728,28.599034,77.291170,41.0,CNG,56.99,14.9,5,1233,29.8,2.61,,89.0,0.00,-2.34,13.2,0.0,41.2,-0.16,ARMED,,16.1,5,
1791300148436,28.599128,77.291121,40.0,CNG,38.27,23.5,,833,29.8,6.86,,89.0,0.00,-2.34,13.2,11.8,40.0,0.00,ARMED,,16.1,,
1791300150105,28.599311,77.291027,40.0,CNG,26.24,26.3,4,1556,56.1,9.81,,89.0,3.91,-2.34,13.3,15.5,40.0,0.00,ARMED,,20.8,4,
1791300150891,28.599406,77.290979,42.0,CNG,22.67,26.3,4,1611,56.1,9.63,,89.0,3.91,-2.34,13.3,15.5,41.8,0.82,ARMED,,20.8,4,
1791300151753,28.599503,77.290929,42.0,CNG,20.66,26.3,4,1631,56.1,9.98,,89.0,3.91,-2.34,13.6,15.5,42.2,0.66,ARMED,,20.8,4,
1791300153380,28.599600,77.290880,43.0,CNG,20.70,25.9,4,1644,52.2,9.00,,90.0,0.00,-2.34,13.6,15.0,42.5,0.60,ARMED,,20.8,4,
1791300154248,28.599696,77.290830,43.0,CNG,20.28,14.9,4,1673,52.2,9.48,,90.0,0.00,-2.34,13.5,0.0,43.2,0.44,ARMED,,20.8,4,
1791300154979,28.599793,77.290781,43.0,CNG,23.69,23.1,4,1670,52.2,5.92,,90.0,0.00,-2.34,13.5,11.2,43.2,0.27,ARMED,,20.8,4,
1791300156721,28.599986,77.290684,42.0,CNG,25.21,23.1,4,1651,39.6,6.53,,90.0,-0.78,-2.34,13.4,11.2,42.8,-0.08,ARMED,,19.2,4,
1791300157610,28.599986,77.290684,42.0,CNG,25.18,23.1,4,1614,39.6,7.26,,90.0,-0.78,-2.34,13.4,11.2,41.7,-0.51,ARMED,,19.2,4,
1791300158418,28.600079,77.290638,42.0,CNG,25.05,23.1,4,1611,39.6,7.34,,90.0,-0.78,-2.34,13.3,11.2,41.5,-0.47,ARMED,,19.2,4,
1791300160182,28.600267,77.290544,41.0,CNG,25.48,23.1,4,1604,48.6,6.80,,90.0,3.13,-2.34,13.3,11.2,41.2,-0.41,ARMED,,20.0,4,
1791300161080,28.600360,77.290499,41.0,CNG,23.13,23.5,4,1586,48.6,8.78,,90.0,3.13,-2.34,13.4,11.8,40.9,-0.34,ARMED,,20.0,4,
1791300161869,28.600451,77.290454,41.0,CNG,21.80,23.1,4,1574,48.6,8.88,,89.0,3.13,-2.34,13.4,11.2,40.6,-0.33,ARMED,,20.0,4,
1791300163574,28.600542,77.290408,40.0,CNG,21.53,23.5,4,1575,51.4,8.23,,89.0,0.78,-2.34,13.4,11.8,40.5,-0.28,ARMED,,20.0,4,
1791300164289,28.600632,77.290361,40.0,CNG,20.88,23.5,4,1550,51.4,8.70,,89.0,0.78,-2.34,13.4,11.8,40.0,-0.30,ARMED,,20.0,4,
1791300165061,28.600723,77.290315,40.0,CNG,20.48,24.3,4,1558,51.4,8.73,,89.0,0.78,-2.34,13.5,12.8,40.0,-0.16,ARMED,,20.0,4,
1791300166738,28.600811,77.290270,40.0,CNG,20.98,24.7,4,1548,47.5,7.98,,89.0,-2.34,-2.34,13.5,13.4,39.9,-0.15,ARMED,,17.6,4,
1791300167516,28.600901,77.290224,39.0,CNG,27.05,15.3,4,1532,47.5,3.46,,89.0,-2.34,-2.34,13.4,0.5,39.5,-0.19,ARMED,,17.6,4,
1791300168244,28.600989,77.290180,38.0,CNG,25.13,22.4,4,1528,47.5,7.30,,90.0,-2.34,-2.34,13.4,10.2,39.3,-0.20,ARMED,,17.6,4,
1791300169894,28.601159,77.290093,38.0,CNG,26.52,22.4,4,1475,41.2,5.69,,90.0,-1.56,-2.34,13.5,10.2,38.4,-0.64,ARMED,,18.4,4,
1791300170689,28.601159,77.290093,37.0,CNG,26.12,23.1,4,1450,41.2,6.30,,90.0,-1.56,-2.34,13.5,11.2,37.2,-0.65,ARMED,,18.4,4,
1791300171502,28.601244,77.290050,37.0,CNG,24.82,23.1,4,1462,41.2,6.97,,90.0,-1.56,-2.34,13.3,11.2,37.2,-0.37,ARMED,,18.4,4,
1791300173324,28.601415,77.289964,38.0,CNG,24.46,14.9,4,1464,41.2,6.89,,89.0,-1.56,-2.34,13.5,0.0,37.3,-0.13,ARMED,,18.4,4,
1791300174062,28.601499,77.289922,37.0,CNG,24.75,22.7,4,1450,41.2,6.38,,89.0,-1.56,-2.34,13.4,10.7,37.2,-0.11,ARMED,,18.4,4,
1791300174828,28.601584,77.289878,38.0,CNG,24.66,22.7,4,1458,41.2,6.73,,89.0,-1.56,-2.34,13.4,10.7,37.3,-0.06,ARMED,,18.4,4,
1791300176541,28.601670,77.289833,38.0,CNG,25.89,21.6,4,1457,39.2,5.90,,89.0,1.56,-2.34,13.5,9.1,37.4,-0.02,ARMED,,18.8,4,
1791300177301,28.601758,77.289789,38.0,CNG,25.58,22.7,4,1468,39.2,6.57,,89.0,1.56,-2.34,13.5,10.7,37.7,0.14,ARMED,,18.8,4,
1791300178068,28.601843,77.289745,38.0,CNG,25.11,23.1,4,1489,39.2,6.75,,89.0,1.56,-2.34,13.4,11.2,38.1,0.31,ARMED,,18.8,4,
1791300179738,28.601932,77.289700,39.0,CNG,25.20,23.1,4,1515,41.2,6.69,,89.0,0.78,-2.34,13.4,11.2,38.7,0.54,ARMED,,19.2,4,
1791300180499,28.602023,77.289654,41.0,CNG,24.22,24.3,4,1576,41.2,7.75,,89.0,0.78,-2.34,13.4,12.8,40.5,0.93,ARMED,,19.2,4,
1791300181384,28.602118,77.289608,41.0,CNG,28.82,18.4,4,1598,41.2,4.49,,89.0,0.78,-2.34,13.4,4.8,41.2,0.90,ARMED,,19.2,4,
1791300183089,28.602305,77.289514,41.0,CNG,28.15,21.6,4,1587,39.2,6.54,,89.0,-1.56,-2.34,13.4,9.1,41.3,0.53,ARMED,,19.2,4,
1791300183924,28.602399,77.289465,42.0,CNG,26.57,21.6,4,1613,39.2,7.42,,89.0,-1.56,-2.34,13.4,9.1,41.6,0.28,ARMED,,19.2,4,
1791300184703,28.602497,77.289414,42.0,CNG,26.58,21.6,4,1630,39.2,6.86,,89.0,-1.56,-2.34,13.5,9.1,42.0,0.31,ARMED,,19.2,4,
1791300186440,28.602590,77.289363,42.0,CNG,28.93,14.9,4,1638,19.6,5.48,,89.0,0.00,0.00,13.5,0.0,42.2,0.31,ARMED,,18.4,4,
1791300187449,28.602682,77.289311,41.0,CNG,31.00,21.2,4,1610,19.6,5.12,,89.0,0.00,0.00,13.6,8.6,41.6,-0.22,LOCKED,41.6,18.4,4,
1791300188213,28.602775,77.289258,42.0,CNG,33.02,21.2,4,1613,19.6,4.99,,89.0,0.00,0.00,13.6,8.6,41.5,-0.20,LOCKED,41.6,18.4,4,
1791300189941,28.602961,77.289154,42.0,CNG,33.77,21.2,4,1630,27.1,5.22,,89.0,0.00,-2.34,13.3,8.6,41.7,0.03,LOCKED,41.6,17.3,4,
1791300190796,28.603055,77.289104,42.0,CNG,34.05,14.9,4,1636,27.1,5.29,,89.0,0.00,-2.34,13.3,0.0,42.1,0.10,LOCKED,41.6,17.3,4,
1791300191562,28.603055,77.289104,42.0,CNG,44.24,18.4,5,1260,27.1,2.28,,89.0,0.00,-2.34,13.4,4.8,42.0,0.00,PAUSED,41.6,17.3,5,
1791300193296,28.603245,77.289006,41.0,CNG,53.37,18.8,5,1258,21.6,2.28,,89.0,0.00,-2.34,13.4,5.4,41.3,-0.39,PAUSED,41.6,14.5,5,
1791300194196,28.603337,77.288960,41.0,CNG,60.30,18.8,5,1247,21.6,2.37,,89.0,0.00,-2.34,13.5,5.4,41.0,-0.31,PAUSED,41.6,14.5,5,
1791300194978,28.603430,77.288915,41.0,CNG,66.32,18.8,5,1198,21.6,2.28,,89.0,0.00,-2.34,13.5,5.4,39.9,-0.78,PAUSED,41.6,14.5,5,
1791300196773,28.603614,77.288823,41.0,CNG,62.04,18.8,5,1218,22.0,3.15,,89.0,-0.78,-2.34,13.5,5.4,39.9,-0.42,PAUSED,41.6,14.5,5,
1791300197624,28.603614,77.288823,40.0,CNG,62.93,18.4,5,1189,22.0,2.70,,89.0,-0.78,-2.34,13.5,4.8,39.3,-0.38,ARMED,,14.5,5,
1791300198415,28.603704,77.288777,40.0,CNG,60.42,18.8,5,1193,22.0,3.05,,89.0,-0.78,-2.34,13.5,5.4,39.3,-0.21,ARMED,,14.5,5,
1791300200061,28.603883,77.288687,39.0,CNG,59.45,18.8,5,1177,22.4,2.92,,89.0,0.00,-2.34,13.5,5.4,39.0,-0.25,ARMED,,14.1,5,
1791300200901,28.603972,77.288642,39.0,CNG,65.83,18.8,5,1167,22.4,2.15,,89.0,0.00,-2.34,13.3,5.4,38.6,-0.24,ARMED,,14.1,5,
1791300201657,28.603972,77.288642,39.0,CNG,67.32,18.8,5,1165,22.4,2.43,,88.0,0.00,-2.34,13.3,5.4,38.5,-0.21,ARMED,,14.1,5,
1791300203299,28.604145,77.288554,39.0,CNG,73.18,18.8,5,1150,28.6,2.01,,88.0,1.56,-2.34,13.1,5.4,38.2,-0.25,ARMED,,15.3,5,
1791300204086,28.604234,77.288508,39.0,CNG,58.43,18.8,5,1166,28.6,3.78,,88.0,1.56,-2.34,13.1,5.4,38.6,0.12,ARMED,,15.3,5,
1791300204908,28.604323,77.288463,39.0,CNG,56.48,18.8,5,1168,28.6,3.15,,88.0,1.56,-2.34,13.2,5.4,38.7,0.13,ARMED,,15.3,5,
1791300206774,28.604503,77.288374,39.0,CNG,49.48,18.8,5,1171,31.8,4.06,,88.0,-0.78,-2.34,13.5,5.4,38.9,0.14,ARMED,,15.7,5,
1791300207517,28.604503,77.288374,40.0,CNG,48.32,18.8,5,1197,31.8,3.72,,88.0,-0.78,-2.34,13.4,5.4,39.7,0.40,ARMED,,15.7,5,
1791300208268,28.604597,77.288327,41.0,CNG,46.59,18.8,5,1214,31.8,4.02,,88.0,-0.78,-2.34,13.4,5.4,40.2,0.47,ARMED,,15.7,5,
1791300209972,28.604786,77.288234,41.0,CNG,50.17,18.8,5,1223,22.0,3.15,,88.0,-3.13,-2.34,13.5,5.4,40.7,0.48,ARMED,,14.5,5,
1791300210801,28.604881,77.288186,42.0,CNG,59.05,18.8,5,1262,22.0,2.30,,88.0,-3.13,-2.34,13.5,5.4,42.0,0.70,ARMED,,14.5,5,
1791300211582,28.604881,77.288186,43.0,CNG,64.98,18.8,5,1291,22.0,2.46,,88.0,-3.13,-2.34,13.6,5.4,42.8,0.88,ARMED,,14.5,5,
1791300213274,28.605082,77.288085,44.0,CNG,70.10,18.8,5,1312,20.8,2.42,,88.0,0.00,-2.34,13.6,5.4,43.7,0.91,ARMED,,14.9,5,
1791300214195,28.605185,77.288033,45.0,CNG,64.54,14.9,5,1372,20.8,3.37,,88.0,0.00,-2.34,13.5,0.0,45.6,0.99,ARMED,,14.9,5,
1791300214954,28.605288,77.287983,45.0,CNG,65.77,14.9,5,1375,20.8,2.89,,88.0,0.00,-2.34,13.5,0.0,46.0,0.74,ARMED,,14.9,5,
1791300216756,28.605491,77.287885,46.0,CNG,65.84,14.9,5,1357,21.6,3.03,,88.0,0.00,0.00,13.6,0.0,45.7,0.20,ARMED,,14.5,5,
1791300217648,28.605491,77.287885,41.0,CNG,61.98,25.9,5,1219,21.6,3.15,,88.0,0.00,0.00,13.6,15.0,41.1,-1.98,ARMED,,14.5,5,
1791300218444,28.605586,77.287841,42.0,CNG,35.90,25.9,5,1243,21.6,8.39,,88.0,0.00,0.00,13.4,15.0,40.7,-1.32,ARMED,,14.5,5,
1791300220236,28.605788,77.287747,44.0,CNG,30.21,16.9,5,1302,21.2,7.79,,88.0,-7.81,-2.34,13.4,2.7,42.2,0.20,ARMED,,14.9,5,
1791300221134,28.605893,77.287697,46.0,CNG,38.07,14.9,5,1355,21.2,3.32,,88.0,-7.81,-2.34,13.5,0.0,45.0,1.32,ARMED,,14.9,5,
1791300221932,28.605997,77.287647,46.0,CNG,48.10,14.9,5,1363,21.2,2.57,,88.0,-7.81,-2.34,13.5,0.0,45.8,1.15,ARMED,,14.9,5,
1791300223700,28.606206,77.287543,46.0,CNG,56.83,17.3,5,1366,20.8,2.58,,88.0,0.00,0.00,13.5,3.2,46.1,0.74,ARMED,,15.3,5,
1791300224577,28.606206,77.287543,46.0,CNG,57.26,18.4,5,1376,20.8,3.45,,88.0,0.00,0.00,13.5,4.8,46.2,0.20,ARMED,,15.3,5,
1791300225330,28.606310,77.287491,46.0,CNG,54.61,18.4,5,1371,20.8,3.91,,88.0,0.00,0.00,13.3,4.8,46.1,0.04,ARMED,,15.3,5,
1791300227102,28.606517,77.287386,46.0,CNG,57.50,18.4,5,1369,25.9,3.20,,88.0,-1.56,-2.34,13.3,4.8,45.9,-0.01,ARMED,,14.9,5,
1791300228024,28.606621,77.287334,45.0,CNG,56.97,18.4,5,1342,25.9,3.48,,88.0,-1.56,-2.34,13.5,4.8,45.0,-0.40,ARMED,,14.9,5,
1791300228759,28.606723,77.287284,45.0,CNG,53.33,18.0,5,1339,25.9,4.02,,87.0,-1.56,-2.34,13.5,4.3,44.8,-0.38,ARMED,,14.9,5,
1791300230537,28.606824,77.287236,44.0,CNG,51.93,18.0,5,1330,21.6,3.83,,87.0,-2.34,-2.34,13.6,4.3,44.5,-0.38,ARMED,,14.9,5,
1791300231363,28.606924,77.287191,44.0,CNG,55.45,16.1,5,1302,21.6,3.09,,87.0,-2.34,-2.34,13.6,1.6,43.6,-0.42,ARMED,,14.9,5,
1791300232182,28.607024,77.287145,43.0,CNG,59.15,16.5,5,1271,21.6,2.83,,87.0,-2.34,-2.34,13.4,2.1,42.9,-0.68,ARMED,,14.9,5,
1791300233958,28.607215,77.287049,42.0,CNG,58.23,17.6,5,1256,21.2,3.21,,88.0,0.00,-2.34,13.4,3.7,42.1,-0.71,ARMED,,14.5,5,
1791300234868,28.607306,77.287000,41.0,CNG,58.81,18.0,5,1225,21.2,2.98,,88.0,0.00,-2.34,13.5,4.3,41.0,-0.68,ARMED,,14.5,5,
1791300235695,28.607400,77.286952,41.0,CNG,57.75,18.8,5,1224,21.2,3.17,,87.0,0.00,-2.34,13.5,5.4,40.8,-0.46,ARMED,,14.5,5,
1791300237512,28.607492,77.286902,41.0,CNG,62.25,19.2,5,1209,23.1,2.52,,87.0,0.00,-2.34,13.5,5.9,40.5,-0.44,ARMED,,14.9,5,
1791300238402,28.607583,77.286854,40.0,CNG,58.95,19.2,5,1206,23.1,3.19,,88.0,0.00,-2.34,13.5,5.9,40.3,-0.16,ARMED,,14.9,5,
1791300239451,28.607671,77.286805,40.0,CNG,58.69,19.2,5,1201,23.1,2.98,,88.0,0.00,-2.34,13.4,5.9,40.2,-0.15,ARMED,,14.9,5,
1791300241768,28.607942,77.286663,40.0,CNG,63.55,19.2,5,1191,24.7,2.39,,88.0,0.78,-2.34,13.5,5.9,39.9,-0.18,ARMED,,14.5,5,
1791300242727,28.607942,77.286663,40.0,CNG,62.76,19.2,5,1176,24.7,2.82,,88.0,0.78,-2.34,13.4,5.9,39.4,-0.19,ARMED,,14.5,5,
1791300243648,28.608029,77.286615,40.0,CNG,58.30,19.2,5,1176,24.7,3.30,,88.0,0.78,-2.34,13.4,5.9,39.4,-0.15,ARMED,,14.5,5,
1791300245802,28.608291,77.286463,39.0,CNG,49.04,19.2,5,1183,36.9,4.30,,88.0,-1.56,-2.34,13.4,5.9,39.5,0.01,ARMED,,16.5,5,
1791300246787,28.608376,77.286412,39.0,CNG,42.87,19.2,5,1174,36.9,4.71,,88.0,-1.56,-2.34,13.4,5.9,39.3,-0.04,ARMED,,16.5,5,
1791300247790,28.608463,77.286358,39.0,CNG,39.87,19.2,5,1164,36.9,4.70,,88.0,-1.56,-2.34,13.1,5.9,39.1,-0.10,ARMED,,16.5,5,
1791300249546,28.608548,77.286305,39.0,CNG,38.25,19.2,5,1165,36.9,4.70,,88.0,-1.56,-3.13,13.1,5.9,39.0,-0.09,ARMED,,16.5,5,
1791300250361,28.608632,77.286250,39.0,CNG,44.69,19.2,5,1164,36.9,2.83,,88.0,-1.56,-3.13,13.4,5.9,39.0,-0.06,ARMED,,16.5,5,
1791300251124,28.608715,77.286198,38.0,CNG,51.76,19.2,5,1162,36.9,2.41,,89.0,-1.56,-3.13,13.4,5.9,38.9,-0.07,ARMED,,16.5,5,
1791300252806,28.608882,77.286088,38.0,CNG,55.03,19.2,5,1149,25.1,2.71,,89.0,1.56,-3.13,13.5,5.9,38.6,-0.22,ARMED,,14.9,5,
1791300253576,28.608882,77.286088,39.0,CNG,60.23,19.2,5,1143,25.1,2.42,,89.0,1.56,-3.13,13.5,5.9,38.3,-0.20,ARMED,,14.9,5,
1791300254340,28.608964,77.286032,39.0,CNG,56.46,19.2,5,1142,25.1,3.28,,89.0,1.56,-3.13,13.6,5.9,38.2,-0.17,ARMED,,14.9,5,
1791300256016,28.609124,77.285919,38.0,CNG,55.73,19.2,5,1143,25.1,3.02,,89.0,1.56,-3.13,13.6,5.9,38.2,-0.14,ARMED,,14.9,5,
1791300256782,28.609203,77.285863,38.0,CNG,59.75,19.2,5,1131,25.1,2.46,,89.0,1.56,-3.13,13.1,5.9,37.9,-0.16,ARMED,,14.9,5,
1791300257531,28.609203,77.285863,38.0,CNG,61.54,19.2,5,1120,25.1,2.56,,89.0,1.56,-3.13,13.1,5.9,37.7,-0.20,ARMED,,14.9,5,
1791300259197,28.609360,77.285752,37.0,CNG,59.24,19.2,5,1114,25.9,2.87,,89.0,1.56,-3.13,13.5,5.9,37.4,-0.23,ARMED,,14.5,5,
1791300259974,28.609440,77.285696,37.0,CNG,64.13,14.9,5,1109,25.9,2.19,,89.0,1.56,-3.13,13.5,0.0,37.1,-0.20,ARMED,,14.5,5,
1791300260735,28.609440,77.285696,37.0,CNG,73.79,16.5,,790,25.9,1.68,,89.0,1.56,-3.13,13.5,2.1,37.0,0.00,ARMED,,14.5,,
1791300262380,28.609594,77.285588,36.0,CNG,59.13,16.5,5,1130,20.8,3.46,,89.0,-1.56,-2.34,13.5,2.1,36.0,0.00,ARMED,,14.9,5,
1791300263196,28.609666,77.285537,35.0,CNG,58.00,19.6,4,1353,20.8,2.70,,89.0,-1.56,-2.34,13.3,6.4,35.0,0.00,ARMED,,14.9,4,
1791300263960,28.609740,77.285484,35.0,CNG,52.71,19.6,4,1351,20.8,3.29,,89.0,-1.56,-2.34,13.3,6.4,35.0,0.00,ARMED,,14.9,4,
1791300265644,28.609812,77.285432,34.0,CNG,42.90,19.6,4,1327,33.7,4.45,,89.0,-0.78,-3.13,13.4,6.4,34.4,-0.36,ARMED,,16.9,4,
1791300266418,28.609884,77.285379,34.0,CNG,38.75,19.6,4,1332,33.7,4.38,,89.0,-0.78,-3.13,13.4,6.4,34.0,-0.31,ARMED,,16.9,4,
1791300267173,28.609956,77.285329,35.0,CNG,36.06,19.6,4,1343,33.7,4.65,,89.0,-0.78,-3.13,13.3,6.4,34.1,-0.11,ARMED,,16.9,4,
1791300268882,28.610105,77.285227,35.0,CNG,33.88,19.6,4,1346,34.9,4.89,,89.0,1.56,-3.13,13.3,6.4,34.3,0.05,ARMED,,17.3,4,
1791300269664,28.610105,77.285227,35.0,CNG,32.09,17.3,4,1353,34.9,5.11,,89.0,1.56,-3.13,13.2,3.2,34.6,0.10,ARMED,,17.3,4,
1791300270413,28.610178,77.285178,35.0,CNG,35.91,14.9,5,1051,34.9,3.48,,89.0,1.56,-3.13,13.2,0.0,35.0,0.00,ARMED,,17.3,5,
1791300272073,28.610320,77.285081,34.0,CNG,41.57,19.6,5,1059,17.3,2.69,,89.0,0.00,-3.13,13.5,6.4,34.4,-0.36,ARMED,,17.6,5,
1791300272805,28.610388,77.285034,32.0,CNG,32.85,20.4,2,2397,17.3,5.67,,89.0,0.00,-3.13,13.5,7.5,32.0,0.00,ARMED,,17.6,3,
1791300273581,28.610388,77.285034,31.0,CNG,29.18,20.4,2,2328,17.3,5.45,,89.0,0.00,-3.13,13.5,7.5,31.4,-0.35,ARMED,,17.6,3,
1791300275376,28.610517,77.284939,31.0,CNG,27.16,20.4,2,2326,18.0,5.50,,89.0,2.34,-3.13,13.4,7.5,31.0,-0.38,ARMED,,17.3,3,
1791300276139,28.610580,77.284889,30.0,CNG,27.89,20.4,2,2261,18.0,4.47,,89.0,2.34,-3.13,13.6,7.5,30.0,-0.45,ARMED,,17.3,3,
1791300276861,28.610642,77.284842,30.0,CNG,24.91,22.4,2,2253,18.0,6.10,,89.0,2.34,-3.13,13.6,10.2,29.8,-0.42,ARMED,,17.3,3,
1791300278517,28.610704,77.284794,30.0,CNG,23.65,22.4,2,2245,23.1,5.94,,89.0,0.78,-3.13,13.5,10.2,29.7,-0.37,ARMED,,18.4,3,
1791300279331,28.610765,77.284745,31.0,CNG,24.31,16.1,2,2302,23.1,5.31,,89.0,0.78,-3.13,13.5,1.6,30.4,0.27,ARMED,,18.4,3,
1791300280109,28.610827,77.284694,31.0,CNG,24.68,22.0,3,1742,23.1,5.33,,89.0,0.78,-3.13,13.4,9.6,31.0,0.00,ARMED,,18.4,3,
1791300281773,28.610956,77.284592,32.0,CNG,24.12,21.6,3,1621,49.8,5.95,,89.0,1.56,-3.13,13.4,9.1,31.6,0.36,ARMED,,23.9,3,
1791300282538,28.610956,77.284592,34.0,CNG,14.89,32.2,3,1730,49.8,15.15,,89.0,1.56,-3.13,13.6,23.5,33.8,1.09,ARMED,,23.9,3,
1791300283364,28.611027,77.284539,36.0,CNG,12.37,31.0,3,1853,49.8,15.53,,89.0,1.56,-3.13,13.6,21.9,35.8,1.72,ARMED,,23.9,3,
1791300285046,28.611188,77.284423,39.0,CNG,18.35,14.9,3,1990,32.9,3.43,,89.0,0.00,-3.13,13.3,0.0,38.4,2.40,ARMED,,18.0,4,
1791300285809,28.611270,77.284366,39.0,CNG,21.80,20.8,4,1499,32.9,5.75,,89.0,0.00,-3.13,13.3,8.0,39.0,0.00,ARMED,,18.0,4,
1791300286614,28.611270,77.284366,39.0,CNG,24.44,20.8,4,1496,32.9,5.73,,89.0,0.00,-3.13,13.4,8.0,39.0,0.00,ARMED,,18.0,4,
1791300288266,28.611435,77.284254,39.0,CNG,26.31,20.8,4,1500,36.5,5.72,,90.0,-1.56,-3.13,13.4,8.0,39.0,0.00,ARMED,,17.3,4,
1791300289026,28.611518,77.284199,39.0,CNG,28.40,19.6,4,1500,36.5,5.27,,90.0,-1.56,-3.13,13.3,6.4,39.0,0.00,ARMED,,17.3,4,
1791300289822,28.611601,77.284146,39.0,CNG,30.13,19.6,4,1502,36.5,5.11,,90.0,-1.56,-3.13,13.3,6.4,39.0,0.01,ARMED,,17.3,4,
1791300291416,28.611683,77.284094,38.0,CNG,35.45,19.6,4,1492,21.2,3.40,,90.0,-0.78,-3.13,13.4,6.4,38.9,-0.04,ARMED,,15.7,4,
1791300292297,28.611768,77.284041,38.0,CNG,38.38,19.6,4,1484,21.2,3.76,,90.0,-0.78,-3.13,13.4,6.4,38.5,-0.10,ARMED,,15.7,4,
1791300293091,28.611849,77.283989,38.0,CNG,43.09,19.6,4,1478,21.2,3.12,,90.0,-0.78,-3.13,13.5,6.4,38.4,-0.13,ARMED,,15.7,4,
1791300294732,28.611931,77.283935,38.0,CNG,44.25,19.6,4,1468,21.6,3.58,,90.0,0.00,-3.13,13.5,6.4,38.1,-0.17,ARMED,,15.7,4,
1791300295548,28.612011,77.283882,38.0,CNG,47.07,19.6,4,1467,21.6,3.17,,90.0,0.00,-3.13,13.5,6.4,38.0,-0.13,ARMED,,15.7,4,
1791300296302,28.612093,77.283826,38.0,CNG,46.31,19.6,4,1471,21.6,3.65,,89.0,0.00,-3.13,13.5,6.4,38.0,-0.09,ARMED,,15.7,4,
1791300297936,28.612255,77.283713,38.0,CNG,45.67,19.6,4,1462,21.6,3.69,,89.0,0.78,-3.91,13.5,6.4,37.9,-0.10,ARMED,,15.7,4,
1791300298792,28.612335,77.283656,38.0,CNG,44.17,14.9,4,1498,21.6,3.92,,89.0,0.78,-3.91,13.5,0.0,38.6,0.30,ARMED,,15.7,4,
1791300299539,28.612335,77.283656,38.0,CNG,47.46,14.9,4,1323,21.6,3.09,,89.0,0.78,-3.91,13.1,0.0,36.1,-1.32,ARMED,,15.7,4,
1791300301237,28.612488,77.283538,37.0,CNG,55.87,14.9,,820,23.9,2.09,,89.0,0.00,-2.34,13.1,0.0,37.0,0.00,ARMED,,12.5,,
1791300302047,28.612551,77.283475,34.0,CNG,66.39,14.9,,692,23.9,1.53,,89.0,0.00,-2.34,13.1,0.0,34.0,0.00,ARMED,,12.5,,
1791300302861,28.612602,77.283402,33.0,CNG,64.46,20.0,,667,23.9,2.33,,89.0,0.00,-2.34,13.1,7.0,33.0,0.00,ARMED,,12.5,,
1791300304689,28.612639,77.283316,33.0,CNG,49.12,21.6,,799,21.2,4.02,,89.0,-7.03,-3.13,13.4,9.1,33.0,0.00,ARMED,,18.8,,
1791300305499,28.612659,77.283227,33.0,CNG,43.40,20.0,,2142,21.2,3.90,,89.0,-7.03,-3.13,13.4,7.0,33.0,0.00,ARMED,,18.8,,
1791300306274,28.612666,77.283137,33.0,CNG,31.50,22.4,3,1686,21.2,6.46,,89.0,-7.03,-3.13,13.2,10.2,33.0,0.00,ARMED,,18.8,3,
1791300308041,28.612644,77.282948,33.0,CNG,25.21,22.0,3,1690,40.0,7.41,,88.0,0.00,-3.13,13.2,9.6,33.0,0.00,ARMED,,19.6,3,
1791300308798,28.612617,77.282855,35.0,CNG,24.55,20.8,3,1778,40.0,6.42,,88.0,0.00,-3.13,13.5,8.0,34.8,0.81,ARMED,,19.6,3,
1791300309570,28.612617,77.282855,35.0,CNG,18.74,25.1,3,1801,40.0,10.91,,88.0,0.00,-3.13,13.5,13.9,35.4,0.80,ARMED,,19.6,3,
1791300311243,28.612519,77.282690,36.0,CNG,15.88,25.9,3,1820,55.7,12.00,,88.0,0.78,-2.34,13.5,15.0,35.9,0.77,ARMED,,20.8,3,
1791300311999,28.612451,77.282615,37.0,CNG,15.88,26.7,3,1904,55.7,10.12,,88.0,0.78,-2.34,13.5,16.1,37.4,0.81,ARMED,,20.8,3,
1791300312785,28.612381,77.282542,39.0,CNG,15.02,27.5,3,1964,55.7,12.11,,88.0,0.78,-2.34,13.5,17.1,38.4,1.02,ARMED,,20.8,3,
1791300314533,28.612307,77.282467,40.0,CNG,14.54,27.5,3,2047,25.1,12.49,,89.0,0.00,-2.34,13.5,17.1,39.8,1.40,ARMED,,15.7,4,
1791300315349,28.612231,77.282392,41.0,CNG,21.28,19.2,4,1511,25.1,2.94,,89.0,0.00,-2.34,13.3,5.9,41.0,0.00,ARMED,,15.7,4,
1791300316281,28.612153,77.282318,41.0,CNG,28.07,19.6,5,1202,25.1,3.43,,89.0,0.00,-2.34,13.3,6.4,41.0,0.00,ARMED,,15.7,5,
1791300317968,28.611995,77.282175,41.0,CNG,35.16,19.6,5,1203,25.1,3.19,,89.0,0.78,-3.91,13.5,6.4,41.0,0.00,ARMED,,14.9,5,
1791300318804,28.611918,77.282107,40.0,CNG,41.39,19.6,5,1204,25.1,3.07,,89.0,0.78,-3.91,13.5,6.4,40.1,-0.40,ARMED,,14.9,5,
1791300319644,28.611918,77.282107,40.0,CNG,45.96,19.6,5,1212,25.1,3.15,,89.0,0.78,-3.91,13.5,6.4,40.1,-0.24,ARMED,,14.9,5,
1791300321354,28.611760,77.281965,40.0,CNG,51.70,19.2,5,1199,25.1,2.73,,89.0,0.78,-3.13,13.5,5.9,39.9,-0.24,ARMED,,14.9,5,
1791300322139,28.611683,77.281894,40.0,CNG,57.36,19.6,5,1190,25.1,2.53,,89.0,0.78,-3.13,13.4,6.4,39.6,-0.22,ARMED,,14.9,5,
1791300322876,28.611607,77.281825,40.0,CNG,54.75,19.6,5,1196,25.1,3.39,,89.0,0.78,-3.13,13.4,6.4,39.6,-0.15,ARMED,,14.9,5,
1791300324469,28.611528,77.281753,40.0,CNG,53.82,19.6,5,1195,25.5,3.31,,89.0,0.78,-3.13,13.5,6.4,39.7,-0.10,ARMED,,14.9,5,
1791300325220,28.611451,77.281683,40.0,CNG,53.22,19.6,5,1183,25.5,3.32,,89.0,0.78,-3.13,13.5,6.4,39.4,-0.12,ARMED,,14.9,5,
1791300325967,28.611373,77.281612,40.0,CNG,52.35,19.6,5,1184,25.5,3.40,,89.0,0.78,-3.13,13.5,6.4,39.4,-0.10,ARMED,,14.9,5,
1791300327704,28.611298,77.281543,40.0,CNG,46.91,19.6,5,1178,36.9,4.28,,89.0,-2.34,-3.13,13.5,6.4,39.3,-0.10,ARMED,,16.5,5,
1791300328542,28.611220,77.281472,40.0,CNG,42.31,19.6,5,1174,36.9,4.71,,89.0,-2.34,-3.13,13.4,6.4,39.3,-0.08,ARMED,,16.5,5,
1791300329290,28.611144,77.281402,39.0,CNG,39.71,19.6,5,1171,36.9,4.67,,89.0,-2.34,-3.13,13.4,6.4,39.2,-0.08,ARMED,,16.5,5,
1791300330973,28.610995,77.281265,39.0,CNG,41.47,19.6,5,1176,46.7,3.81,,89.0,-1.56,-3.13,13.1,6.4,39.3,-0.04,ARMED,,17.6,5,
1791300331735,28.610995,77.281265,39.0,CNG,38.94,20.8,5,1165,46.7,4.75,,89.0,-1.56,-3.13,13.1,8.0,39.0,-0.09,ARMED,,17.6,5,
1791300332514,28.610918,77.281194,40.0,CNG,36.22,20.8,5,1178,46.7,5.29,,89.0,-1.56,-3.13,13.3,8.0,39.2,0.10,ARMED,,17.6,5,
1791300334143,28.610766,77.281050,40.0,CNG,37.37,20.8,5,1186,34.5,4.43,,89.0,-0.78,-3.13,13.3,8.0,39.6,0.24,ARMED,,16.1,5,
1791300334977,28.610691,77.280979,40.0,CNG,41.69,20.8,5,1191,34.5,3.45,,89.0,-0.78,-3.13,13.5,8.0,39.9,0.23,ARMED,,16.1,5,
1791300335705,28.610691,77.280979,40.0,CNG,42.62,20.8,5,1195,34.5,3.94,,89.0,-0.78,-3.13,13.5,8.0,40.1,0.22,ARMED,,16.1,5,
1791300337348,28.610537,77.280832,40.0,CNG,45.13,20.8,5,1198,34.1,3.51,,89.0,-0.78,-3.13,13.5,8.0,40.2,0.20,ARMED,,16.5,5,
1791300338130,28.610460,77.280761,40.0,CNG,44.67,20.8,5,1205,34.1,3.95,,89.0,-0.78,-3.13,13.5,8.0,40.3,0.17,ARMED,,16.5,5,
1791300338928,28.610382,77.280690,41.0,CNG,45.82,20.8,5,1206,34.1,3.74,,89.0,-0.78,-3.13,13.4,8.0,40.4,0.15,ARMED,,16.5,5,
1791300340825,28.610222,77.280546,41.0,CNG,47.63,20.8,5,1217,33.7,3.52,,89.0,-1.56,-3.13,13.5,8.0,40.7,0.19,ARMED,,16.5,5,
1791300341698,28.610222,77.280546,41.0,CNG,46.04,20.8,5,1225,33.7,4.06,,89.0,-1.56,-3.13,13.5,8.0,41.0,0.19,ARMED,,16.5,5,
1791300342431,28.610143,77.280477,41.0,CNG,45.94,20.8,5,1228,33.7,3.89,,89.0,-1.56,-3.13,13.5,8.0,41.1,0.18,ARMED,,16.5,5,
1791300344243,28.609979,77.280335,42.0,CNG,43.66,20.8,5,1232,33.7,4.48,,89.0,0.00,-3.13,13.5,8.0,41.3,0.18,ARMED,,16.5,5,
1791300345130,28.609896,77.280263,42.0,CNG,45.69,20.8,5,1247,33.7,3.72,,89.0,0.00,-3.13,13.5,8.0,41.8,0.22,ARMED,,16.5,5,
1791300345892,28.609814,77.280192,42.0,CNG,46.12,20.8,5,1249,33.7,3.90,,89.0,0.00,-3.13,13.4,8.0,41.9,0.21,ARMED,,16.5,5,
1791300347650,28.609649,77.280045,42.0,CNG,43.83,20.8,5,1247,33.3,4.47,,89.0,0.78,-3.13,13.4,8.0,41.9,0.16,ARMED,,18.0,5,
1791300348521,28.609649,77.280045,42.0,CNG,40.23,20.8,5,1266,33.3,5.09,,89.0,0.78,-3.13,13.4,8.0,42.4,0.20,ARMED,,18.0,5,
1791300349254,28.609568,77.279968,43.0,CNG,35.96,20.8,5,1269,33.3,6.00,,89.0,0.78,-3.13,13.4,8.0,42.6,0.20,ARMED,,18.0,5,
1791300351045,28.609407,77.279815,43.0,CNG,33.67,20.8,5,1275,43.9,6.07,,89.0,0.78,-3.13,13.4,8.0,42.8,0.21,ARMED,,18.0,5,
1791300351900,28.609324,77.279736,43.0,CNG,32.48,21.2,5,1275,43.9,6.05,,89.0,0.78,-3.13,13.4,8.6,42.8,0.14,ARMED,,18.0,5,
1791300352786,28.609243,77.279658,43.0,CNG,31.32,21.2,5,1283,43.9,6.28,,89.0,0.78,-3.13,13.4,8.6,43.0,0.16,ARMED,,18.0,5,
1791300354496,28.609161,77.279579,43.0,CNG,32.22,21.2,5,1285,37.3,5.55,,89.0,0.00,-2.34,13.4,8.6,43.1,0.15,ARMED,,17.3,5,
1791300355417,28.609081,77.279501,43.0,CNG,34.55,21.2,5,1286,37.3,4.82,,89.0,0.00,-2.34,13.3,8.6,43.2,0.10,ARMED,,17.3,5,
1791300356180,28.608999,77.279419,43.0,CNG,35.54,21.2,5,1288,37.3,5.03,,89.0,0.00,-2.34,13.3,8.6,43.2,0.09,ARMED,,17.3,5,
1791300357935,28.608838,77.279257,43.0,CNG,36.44,21.2,5,1292,35.3,4.93,,89.0,0.00,-3.13,13.4,8.6,43.3,0.09,ARMED,,16.9,5,
1791300358864,28.608758,77.279175,44.0,CNG,37.17,21.2,5,1297,35.3,4.99,,89.0,0.00,-3.13,13.4,8.6,43.5,0.11,ARMED,,16.9,5,
1791300359654,28.608678,77.279090,44.0,CNG,39.90,21.2,5,1312,35.3,4.27,,89.0,0.00,-3.13,13.3,8.6,43.9,0.26,ARMED,,16.9,5,
1791300361423,28.608599,77.279005,44.0,CNG,39.93,21.2,5,1317,35.3,4.78,,89.0,0.00,-3.13,13.3,8.6,44.2,0.28,ARMED,,16.9,5,
1791300362369,28.608521,77.278920,44.0,CNG,41.81,21.2,5,1318,35.3,4.25,,89.0,0.00,-3.13,13.3,8.6,44.3,0.09,ARMED,,16.9,5,
1791300363107,28.608442,77.278832,45.0,CNG,43.10,21.2,5,1327,35.3,4.33,,89.0,0.00,-3.13,13.3,8.6,44.5,0.13,ARMED,,16.9,5,
1791300364886,28.608285,77.278651,45.0,CNG,41.53,21.2,5,1341,34.5,4.96,,89.0,0.00,-3.13,13.5,8.6,44.8,0.29,ARMED,,16.9,5,
1791300365817,28.608210,77.278559,45.0,CNG,43.10,21.2,5,1342,34.5,4.28,,89.0,0.00,-3.13,13.5,8.6,45.1,0.22,ARMED,,16.9,5,
1791300366675,28.608133,77.278464,46.0,CNG,41.94,21.2,5,1355,34.5,4.95,,89.0,0.00,-3.13,13.5,8.6,45.4,0.26,ARMED,,16.9,5,
1791300368427,28.608057,77.278367,46.0,CNG,40.88,21.2,5,1370,40.8,5.07,,89.0,-0.78,-2.34,13.5,8.6,45.9,0.33,ARMED,,18.0,5,
1791300369312,28.607981,77.278268,46.0,CNG,38.86,21.2,5,1371,40.8,5.52,,89.0,-0.78,-2.34,13.5,8.6,46.1,0.16,ARMED,,18.0,5,
1791300370026,28.607907,77.278170,46.0,CNG,37.54,21.2,5,1380,40.8,5.59,,89.0,-0.78,-2.34,13.5,8.6,46.3,0.18,ARMED,,18.0,5,
1791300371875,28.607760,77.277969,46.0,CNG,35.72,21.2,5,1380,42.7,6.00,,89.0,0.00,-2.34,13.4,8.6,46.3,0.15,ARMED,,18.4,5,
1791300372774,28.607687,77.277864,47.0,CNG,35.16,21.2,5,1398,42.7,5.94,,89.0,0.00,-2.34,13.4,8.6,46.9,0.21,ARMED,,18.4,5,
1791300373569,28.607687,77.277864,47.0,CNG,35.20,21.2,5,1403,42.7,5.79,,89.0,0.00,-2.34,13.5,8.6,47.1,0.22,ARMED,,18.4,5,
1791300375501,28.607544,77.277657,47.0,CNG,36.89,21.2,5,1399,32.5,5.14,,89.0,1.56,-3.13,13.5,8.6,47.0,0.16,ARMED,,17.3,5,
1791300376393,28.607472,77.277549,47.0,CNG,38.96,21.2,5,1415,32.5,4.80,,89.0,1.56,-3.13,13.5,8.6,47.4,0.17,ARMED,,17.3,5,
1791300377190,28.607402,77.277441,48.0,CNG,39.93,21.2,5,1418,32.5,5.03,,89.0,1.56,-3.13,13.5,8.6,47.5,0.17,ARMED,,17.3,5,
1791300378974,28.607265,77.277226,48.0,CNG,40.40,21.2,5,1427,31.8,5.07,,89.0,-0.78,-3.13,13.4,8.6,47.8,0.20,ARMED,,17.3,5,
1791300379789,28.607196,77.277112,48.0,CNG,42.25,21.2,5,1441,31.8,4.60,,89.0,-0.78,-3.13,13.4,8.6,48.3,0.23,ARMED,,17.3,5,
1791300380592,28.607196,77.277112,48.0,CNG,43.29,21.2,5,1434,31.8,4.64,,89.0,-0.78,-3.13,13.5,8.6,48.2,0.08,ARMED,,17.3,5,
1791300382356,28.607063,77.276886,48.0,CNG,42.15,21.2,5,1443,31.4,5.14,,89.0,0.00,-3.13,13.5,8.6,48.3,0.09,ARMED,,17.3,5,
1791300383223,28.606997,77.276772,49.0,CNG,50.40,19.2,5,1444,31.4,3.01,,89.0,0.00,-3.13,13.3,5.9,48.5,0.09,ARMED,,17.3,5,
1791300383965,28.606933,77.276657,48.0,CNG,53.69,19.6,5,1444,31.4,3.50,,89.0,0.00,-3.13,13.3,6.4,48.5,0.06,ARMED,,17.3,5,
1791300385677,28.606807,77.276425,48.0,CNG,56.99,20.0,5,1448,23.1,3.32,,89.0,-0.78,-3.13,13.5,7.0,48.5,0.07,ARMED,,15.7,5,
1791300386553,28.606807,77.276425,48.0,CNG,56.00,20.0,5,1439,23.1,3.82,,88.0,-0.78,-3.13,13.5,7.0,48.2,-0.11,ARMED,,15.7,5,
1791300387364,28.606746,77.276309,48.0,CNG,58.14,20.0,5,1431,23.1,3.38,,88.0,-0.78,-3.13,13.5,7.0,48.0,-0.15,ARMED,,15.7,5,
1791300389130,28.606624,77.276076,48.0,CNG,60.68,20.0,5,1420,29.8,3.21,,88.0,1.56,-3.13,13.5,7.0,47.7,-0.21,ARMED,,16.9,5,
1791300390044,28.606566,77.275959,48.0,CNG,50.98,20.0,5,1430,29.8,5.07,,88.0,1.56,-3.13,13.4,7.0,47.9,0.04,ARMED,,16.9,5,
1791300390822,28.606511,77.275843,48.0,CNG,48.24,20.0,5,1417,29.8,4.67,,88.0,1.56,-3.13,13.4,7.0,47.7,-0.02,ARMED,,16.9,5,
1791300392616,28.606456,77.275724,47.0,CNG,46.94,14.9,5,1421,21.2,4.53,,88.0,0.00,0.00,13.4,0.0,47.6,-0.03,ARMED,,14.9,5,
1791300393509,28.606403,77.275614,39.0,CNG,49.86,14.9,5,1181,21.2,3.01,,88.0,0.00,0.00,13.4,0.0,40.3,-3.26,ARMED,,14.9,5,
1791300394296,28.606359,77.275528,32.0,CNG,46.48,14.9,5,971,21.2,3.41,,88.0,0.00,0.00,13.3,0.0,34.6,-5.19,ARMED,,14.9,5,
1791300395907,28.606289,77.275391,28.0,CNG,61.72,14.9,5,810,22.4,0.61,,88.0,2.34,-2.34,13.3,0.0,28.4,-6.43,ARMED,,12.9,5,
1791300396673,28.606289,77.275391,27.0,CNG,30.05,26.7,4,954,22.4,7.77,,88.0,2.34,-2.34,13.4,16.1,27.0,0.00,ARMED,,12.9,3,
1791300397422,28.606258,77.275320,28.0,CNG,21.29,28.2,4,1095,22.4,8.54,,88.0,2.34,-2.34,13.4,18.2,27.6,0.36,ARMED,,12.9,3,
1791300399116,28.606199,77.275164,30.0,CNG,17.62,27.8,4,1164,72.9,9.32,,88.0,-0.78,-3.13,13.4,17.7,29.2,1.10,ARMED,,22.0,3,
1791300399903,28.606167,77.275078,34.0,CNG,16.53,27.8,4,1304,72.9,9.67,,88.0,-0.78,-3.13,13.4,17.7,33.7,2.28,ARMED,,22.0,3,
1791300400716,28.606167,77.275078,35.0,CNG,16.00,27.5,4,1373,72.9,9.91,,88.0,-0.78,-3.13,13.5,17.1,35.6,2.33,ARMED,,22.0,3,
1791300402412,28.606091,77.274892,37.0,CNG,19.70,14.9,4,1437,62.4,5.64,,89.0,0.00,-3.13,13.5,0.0,37.4,2.31,ARMED,,19.2,3,
1791300403217,28.606050,77.274798,37.0,CNG,21.77,14.9,5,1118,62.4,6.29,,89.0,0.00,-3.13,13.4,0.0,37.0,0.00,ARMED,,19.2,4,
1791300403949,28.606008,77.274702,38.0,CNG,28.72,20.4,5,1128,62.4,3.17,,89.0,0.00,-3.13,13.4,7.5,37.6,0.36,ARMED,,19.2,4,
1791300405548,28.605965,77.274607,38.0,CNG,32.38,20.4,5,1124,24.7,4.16,,89.0,-2.34,-3.13,13.5,7.5,38.0,0.38,ARMED,,14.1,5,
1791300406315,28.605923,77.274512,38.0,CNG,42.98,18.4,5,1136,24.7,2.00,,89.0,-2.34,-3.13,13.5,4.8,38.1,0.15,ARMED,,14.1,5,
1791300407089,28.605882,77.274419,37.0,CNG,47.07,15.7,5,1119,24.7,2.92,,89.0,-2.34,-3.13,13.3,1.1,37.7,-0.13,ARMED,,14.1,5,
1791300408863,28.605809,77.274237,37.0,CNG,60.78,14.9,5,1081,22.4,1.48,,89.0,0.00,-2.34,12.9,0.0,36.7,-0.65,ARMED,,12.9,5,
1791300409694,28.605809,77.274237,31.0,CNG,53.64,14.9,,721,22.4,3.04,,89.0,0.00,-2.34,13.1,0.0,31.0,0.00,ARMED,,12.9,,
1791300410477,28.605796,77.274155,28.0,CNG,49.36,14.9,5,765,22.4,2.83,,89.0,0.00,-2.34,13.1,0.0,28.0,0.00,ARMED,,12.9,5,
1791300412102,28.605845,77.274009,28.0,CNG,48.66,14.9,5,784,70.6,2.56,,89.0,-0.78,-3.13,13.5,0.0,28.0,0.00,ARMED,,22.0,4,
1791300412842,28.605902,77.273956,29.0,CNG,25.02,24.3,4,1210,70.6,8.88,,89.0,-0.78,-3.13,13.5,12.8,29.0,0.00,ARMED,,22.0,3,
1791300413645,28.605902,77.273956,30.0,CNG,20.41,22.7,4,1180,70.6,8.14,,89.0,-0.78,-3.13,13.4,10.7,29.6,0.36,ARMED,,22.0,3,
1791300415312,28.606035,77.273880,31.0,CNG,25.26,18.4,4,1218,25.1,3.50,,90.0,0.00,0.00,13.4,4.8,30.6,0.76,ARMED,,16.5,4,
1791300416096,28.606109,77.273853,31.0,CNG,33.31,14.9,5,900,25.1,2.15,,90.0,0.00,0.00,13.1,0.0,31.0,0.00,ARMED,,16.5,5,
1791300416824,28.606175,77.273837,28.0,CNG,44.30,14.9,5,760,25.1,1.26,,90.0,0.00,0.00,13.1,0.0,29.2,-1.07,ARMED,,16.5,5,
1791300418563,28.606242,77.273836,25.0,CNG,52.40,14.9,5,745,24.3,1.40,,90.0,2.34,-2.34,13.3,0.0,26.3,-2.27,ARMED,,12.5,5,
1791300419324,28.606269,77.273858,15.0,CNG,45.37,14.9,3,718,24.3,1.97,,90.0,2.34,-2.34,13.3,0.0,15.0,0.00,ARMED,,12.5,3,
1791300420108,28.606293,77.273878,11.0,CNG,36.50,14.9,,711,24.3,2.10,,90.0,2.34,-2.34,13.2,0.0,11.0,0.00,ARMED,,12.5,,
1791300421745,28.606324,77.273923,10.0,CNG,29.91,20.8,2,721,64.7,2.16,,90.0,4.69,-3.13,13.2,8.0,10.0,0.00,ARMED,,17.6,2,
1791300422523,28.606324,77.273923,11.0,CNG,14.30,27.1,2,844,64.7,6.86,,90.0,4.69,-3.13,13.3,16.6,10.9,0.41,ARMED,,17.6,2,
1791300423290,28.606342,77.273952,14.0,CNG,10.01,30.2,2,1017,64.7,8.66,,90.0,4.69,-3.13,13.3,20.9,13.0,1.43,ARMED,,17.6,2,
1791300424968,28.606398,77.274045,18.0,CNG,8.07,33.7,2,1258,76.9,11.82,,90.0,2.34,-2.34,13.5,25.7,16.0,2.58,ARMED,,25.5,2,
1791300425718,28.606398,77.274045,26.0,CNG,13.23,14.9,2,1901,76.9,3.70,,90.0,2.34,-2.34,13.5,0.0,25.3,4.87,ARMED,,25.5,2,
1791300426509,28.606433,77.274106,26.0,CNG,10.85,33.3,3,1362,76.9,12.53,,90.0,2.34,-2.34,13.5,25.1,26.0,0.00,ARMED,,25.5,2,
1791300428160,28.606505,77.274248,28.0,CNG,10.38,33.3,3,1416,75.3,12.31,,90.0,0.78,-2.34,13.5,25.1,27.3,0.72,ARMED,,24.3,2,
1791300428924,28.606545,77.274333,34.0,CNG,9.87,32.2,3,1720,75.3,15.75,,90.0,0.78,-2.34,13.4,23.5,33.3,3.01,ARMED,,24.3,3,
1791300429683,28.606545,77.274333,36.0,CNG,10.49,29.0,3,1861,75.3,13.80,,90.0,0.78,-2.34,13.4,19.3,36.3,3.41,ARMED,,24.3,3,
1791300431410,28.606628,77.274517,37.0,CNG,16.75,14.9,3,1909,65.1,2.32,,90.0,0.00,-2.34,13.4,0.0,38.1,2.94,ARMED,,21.6,3,
1791300432180,28.606668,77.274614,38.0,CNG,21.51,14.9,4,1482,65.1,4.78,,90.0,0.00,-2.34,13.4,0.0,38.0,0.00,ARMED,,21.6,3,
1791300432962,28.606708,77.274713,38.0,CNG,29.07,14.9,4,1465,65.1,2.89,,90.0,0.00,-2.34,13.4,0.0,38.0,0.00,ARMED,,21.6,3,
1791300434653,28.606746,77.274803,37.0,CNG,36.04,14.9,4,1440,32.2,2.88,,90.0,0.00,-1.56,13.4,0.0,37.4,-0.36,ARMED,,12.5,4,
1791300435455,28.606782,77.274882,29.0,CNG,41.47,14.9,,1002,32.2,2.17,,90.0,0.00,-1.56,13.1,0.0,29.0,0.00,ARMED,,12.5,,
1791300436202,28.606812,77.274947,24.0,CNG,43.68,14.9,4,860,32.2,2.12,,90.0,0.00,-1.56,13.1,0.0,24.0,0.00,ARMED,,12.5,4,
1791300437928,28.606863,77.275051,20.0,CNG,42.48,24.3,4,733,54.1,2.17,,90.0,-5.47,-2.34,13.5,12.8,21.5,-1.45,ARMED,,20.0,4,
1791300438690,28.606863,77.275051,22.0,CNG,19.90,14.9,2,1628,54.1,9.30,,89.0,-5.47,-2.34,13.5,0.0,22.0,0.00,ARMED,,20.0,2,
1791300439464,28.606884,77.275106,23.0,CNG,23.08,14.9,2,1613,54.1,3.23,,89.0,-5.47,-2.34,13.4,0.0,22.6,0.35,ARMED,,20.0,2,
1791300441236,28.606927,77.275225,22.0,CNG,15.32,25.9,3,1199,54.5,9.64,,89.0,0.78,-2.34,13.3,15.0,22.0,0.00,ARMED,,24.3,3,
1791300442001,28.606954,77.275291,27.0,CNG,10.05,34.1,2,1938,54.5,16.82,,89.0,0.78,-2.34,13.4,26.2,27.0,0.00,ARMED,,24.3,2,
1791300442752,28.606987,77.275367,30.0,CNG,7.74,37.6,2,2207,54.5,21.61,,89.0,0.78,-2.34,13.4,31.0,28.9,1.08,ARMED,,24.3,3,
1791300444574,28.607027,77.275451,34.0,CNG,11.15,14.9,2,2510,51.0,6.35,,89.0,0.00,-3.13,13.5,0.0,32.5,2.66,ARMED,,22.0,3,
1791300445326,28.607068,77.275537,35.0,CNG,11.45,29.0,3,1794,51.0,12.82,,89.0,0.00,-3.13,13.5,19.3,35.0,0.00,ARMED,,22.0,3,
1791300446160,28.607110,77.275626,37.0,CNG,11.33,31.4,3,1892,51.0,14.38,,89.0,0.00,-3.13,13.3,22.5,36.3,0.74,ARMED,,22.0,3,
1791300447903,28.607207,77.275826,40.0,CNG,11.38,31.0,3,2028,26.3,15.17,,89.0,-0.78,0.00,13.3,21.9,38.8,1.88,ARMED,,15.7,4,
1791300448718,28.607259,77.275929,42.0,CNG,13.14,28.6,4,1635,26.3,11.11,,89.0,-0.78,0.00,13.3,18.7,42.0,0.00,ARMED,,15.7,4,
1791300449566,28.607259,77.275929,43.0,CNG,13.81,29.8,4,1673,26.3,12.60,,89.0,-0.78,0.00,13.3,20.3,42.7,0.38,ARMED,,15.7,4,
1791300451269,28.607372,77.276146,45.0,CNG,12.68,34.9,4,1730,85.1,17.10,,89.0,-0.78,-2.34,13.2,27.3,44.2,1.11,ARMED,,30.6,4,
1791300452134,28.607436,77.276263,49.0,CNG,20.15,14.9,4,1906,85.1,2.52,,89.0,-0.78,-2.34,13.2,0.0,48.7,2.22,ARMED,,30.6,4,
1791300452909,28.607502,77.276377,48.0,CNG,24.62,22.0,,1045,85.1,5.83,,89.0,-0.78,-2.34,13.4,9.6,48.0,0.00,ARMED,,30.6,,
1791300454643,28.607638,77.276602,48.0,CNG,25.39,22.4,5,1449,34.5,7.84,,89.0,0.00,-3.13,13.4,10.2,48.0,0.00,ARMED,,18.4,5,
1791300455517,28.607638,77.276602,49.0,CNG,24.63,23.1,5,1457,34.5,9.01,,89.0,0.00,-3.13,13.4,11.2,48.9,0.41,ARMED,,18.4,5,
1791300456281,28.607708,77.276716,49.0,CNG,27.68,23.1,5,1469,34.5,6.30,,89.0,0.00,-3.13,13.4,11.2,49.1,0.37,ARMED,,18.4,5,
1791300458142,28.607852,77.276945,50.0,CNG,28.89,23.1,5,1483,42.7,7.04,,89.0,-1.56,-3.13,13.4,11.2,49.5,0.39,ARMED,,18.8,5,
1791300459084,28.607924,77.277060,51.0,CNG,29.23,23.1,5,1522,42.7,7.45,,90.0,-1.56,-3.13,13.4,11.2,50.8,0.64,ARMED,,18.8,5,
1791300459884,28.608001,77.277179,52.0,CNG,29.91,23.1,5,1533,42.7,7.30,,90.0,-1.56,-3.13,13.4,11.2,51.3,0.63,ARMED,,18.8,5,
1791300461632,28.608078,77.277296,52.0,CNG,37.91,14.9,5,1543,28.2,3.63,,90.0,1.56,-3.13,13.4,0.0,51.7,0.59,ARMED,,17.6,5,
1791300462526,28.608158,77.277410,52.0,CNG,41.01,21.2,5,1550,28.2,4.84,,90.0,1.56,-3.13,13.6,8.6,52.0,0.25,ARMED,,17.6,5,
1791300463271,28.608239,77.277523,52.0,CNG,41.80,21.2,5,1558,28.2,5.25,,90.0,1.56,-3.13,13.6,8.6,52.1,0.25,ARMED,,17.6,5,
1791300465089,28.608407,77.277749,52.0,CNG,47.53,19.6,5,1563,21.2,3.78,,90.0,1.56,-3.13,13.5,6.4,52.3,0.22,ARMED,,15.7,5,
1791300465968,28.608493,77.277859,52.0,CNG,54.06,20.0,5,1567,21.2,3.32,,90.0,1.56,-3.13,13.5,7.0,52.4,0.16,ARMED,,15.7,5,
1791300466718,28.608579,77.277967,52.0,CNG,58.78,20.0,5,1563,21.2,3.34,,90.0,1.56,-3.13,13.5,7.0,52.3,0.11,ARMED,,15.7,5,
1791300468467,28.608668,77.278078,52.0,CNG,60.11,20.0,5,1565,21.2,3.63,,90.0,-0.78,-3.91,13.5,7.0,52.3,0.08,ARMED,,15.7,5,
1791300469358,28.608758,77.278186,52.0,CNG,58.17,20.0,5,1558,21.2,4.07,,90.0,-0.78,-3.91,13.3,7.0,52.1,-0.10,ARMED,,15.7,5,
1791300470116,28.608847,77.278289,52.0,CNG,57.95,20.0,5,1550,21.2,3.92,,89.0,-0.78,-3.91,13.3,7.0,51.9,-0.14,ARMED,,15.7,5,
1791300471865,28.609028,77.278494,52.0,CNG,52.06,20.0,5,1546,29.8,5.00,,89.0,0.00,-3.13,13.5,7.0,51.7,-0.15,ARMED,,16.9,5,
1791300472775,28.609122,77.278596,51.0,CNG,49.38,20.0,5,1526,29.8,4.84,,89.0,0.00,-3.13,13.5,7.0,51.0,-0.32,ARMED,,16.9,5,
1791300473647,28.609213,77.278693,51.0,CNG,48.33,20.0,5,1519,29.8,4.73,,89.0,0.00,-3.13,13.5,7.0,50.8,-0.33,ARMED,,16.9,5,
1791300475496,28.609305,77.278788,51.0,CNG,45.50,20.0,5,1510,31.0,5.30,,89.0,0.00,-3.13,13.5,7.0,50.5,-0.32,ARMED,,17.3,5,
1791300476376,28.609398,77.278883,50.0,CNG,45.93,19.2,5,1495,31.0,4.66,,89.0,0.00,-3.13,13.2,5.9,50.0,-0.30,ARMED,,17.3,5,
1791300477107,28.609492,77.278978,50.0,CNG,52.53,14.9,5,1495,31.0,3.23,,89.0,0.00,-3.13,13.2,0.0,49.9,-0.26,ARMED,,17.3,5,
1791300478954,28.609664,77.279156,49.0,CNG,59.72,14.9,5,1456,20.8,2.81,,89.0,0.00,0.00,13.3,0.0,49.0,-0.63,ARMED,,14.9,5,
1791300479811,28.609746,77.279240,45.0,CNG,65.54,18.4,5,1329,20.8,2.50,,89.0,0.00,0.00,13.3,4.8,44.9,-1.98,ARMED,,14.9,5,
1791300480627,28.609746,77.279240,44.0,CNG,62.42,18.4,5,1306,20.8,3.30,,89.0,0.00,0.00,13.2,4.8,43.6,-1.82,ARMED,,14.9,5,
1791300482395,28.609912,77.279406,44.0,CNG,66.92,18.4,5,1296,21.2,2.53,,88.0,0.00,-3.91,13.2,4.8,43.0,-1.20,ARMED,,14.5,5,
1791300483287,28.609992,77.279486,43.0,CNG,69.53,18.4,5,1299,21.2,2.52,,88.0,0.00,-3.91,13.5,4.8,43.2,-0.15,ARMED,,14.5,5,
1791300484018,28.610074,77.279565,43.0,CNG,64.33,18.4,5,1266,21.2,3.24,,88.0,0.00,-3.91,13.5,4.8,42.7,-0.39,ARMED,,14.5,5,
1791300485779,28.610236,77.279721,43.0,CNG,62.74,18.4,5,1272,21.2,3.09,,88.0,-1.56,-3.91,13.5,4.8,42.5,-0.33,ARMED,,14.5,5,
1791300486732,28.610236,77.279721,42.0,CNG,63.49,18.4,5,1270,21.2,2.82,,88.0,-1.56,-3.91,13.5,4.8,42.4,-0.10,ARMED,,14.5,5,
1791300487509,28.610314,77.279796,41.0,CNG,63.53,18.4,5,1221,21.2,2.80,,88.0,-1.56,-3.91,13.5,4.8,41.4,-0.65,ARMED,,14.5,5,
1791300489218,28.610470,77.279947,41.0,CNG,65.30,18.4,5,1223,21.6,2.61,,88.0,0.00,-3.91,13.5,4.8,40.9,-0.63,ARMED,,14.1,5,
1791300490103,28.610547,77.280020,40.0,CNG,69.59,18.8,5,1199,21.6,2.24,,88.0,0.00,-3.91,13.2,5.4,40.1,-0.57,ARMED,,14.1,5,
1791300490879,28.610623,77.280091,40.0,CNG,56.53,18.8,5,1198,21.6,3.96,,88.0,0.00,-3.91,13.2,5.4,39.9,-0.40,ARMED,,14.1,5,
1791300492457,28.610701,77.280162,40.0,CNG,56.48,18.8,5,1184,32.5,3.08,,88.0,-0.78,-3.13,13.4,5.4,39.6,-0.40,ARMED,,15.7,5,
1791300493252,28.610779,77.280232,39.0,CNG,48.82,18.8,5,1176,32.5,4.20,,88.0,-0.78,-3.13,13.4,5.4,39.3,-0.33,ARMED,,15.7,5,
1791300494098,28.610855,77.280299,39.0,CNG,45.07,18.8,5,1179,32.5,4.20,,88.0,-0.78,-3.13,13.3,5.4,39.3,-0.17,ARMED,,15.7,5,
1791300495770,28.611008,77.280433,39.0,CNG,43.91,18.8,5,1179,33.7,4.01,,88.0,0.00,-3.13,13.3,5.4,39.3,-0.12,ARMED,,16.1,5,
1791300496574,28.611008,77.280433,39.0,CNG,43.85,19.2,5,1149,33.7,3.87,,88.0,0.00,-3.13,13.4,5.9,38.5,-0.39,ARMED,,16.1,5,
1791300497348,28.611085,77.280500,39.0,CNG,42.85,19.2,5,1146,33.7,4.09,,88.0,0.00,-3.13,13.4,5.9,38.3,-0.36,ARMED,,16.1,5,
1791300498981,28.611238,77.280634,39.0,CNG,47.41,19.2,5,1150,23.9,3.00,,88.0,0.78,-3.91,13.3,5.9,38.3,-0.18,ARMED,,14.5,5,
1791300499788,28.611314,77.280701,39.0,CNG,54.08,19.2,5,1161,23.9,2.47,,88.0,0.78,-3.91,13.3,5.9,38.8,0.18,ARMED,,14.5,5,
1791300500583,28.611314,77.280701,39.0,CNG,60.77,19.2,5,1155,23.9,2.27,,88.0,0.78,-3.91,13.5,5.9,38.8,0.14,ARMED,,14.5,5,
1791300502241,28.611465,77.280836,39.0,CNG,57.37,19.2,5,1156,23.9,3.20,,88.0,0.78,-3.91,13.5,5.9,38.8,0.11,ARMED,,14.5,5,
1791300503032,28.611539,77.280902,39.0,CNG,57.86,19.2,5,1161,23.9,2.89,,88.0,0.78,-3.91,13.3,5.9,39.0,0.10,ARMED,,14.5,5,
1791300503846,28.611616,77.280971,39.0,CNG,56.08,19.2,5,1145,23.9,3.16,,88.0,0.78,-3.91,13.3,5.9,38.7,-0.11,ARMED,,14.5,5,
1791300505548,28.611691,77.281037,38.0,CNG,55.15,19.2,5,1150,24.3,3.07,,88.0,0.78,-3.13,13.5,5.9,38.6,-0.12,ARMED,,14.5,5,
1791300506308,28.611766,77.281103,38.0,CNG,54.02,19.2,5,1136,24.3,3.15,,88.0,0.78,-3.13,13.5,5.9,38.1,-0.17,ARMED,,14.5,5,
1791300507113,28.611840,77.281167,38.0,CNG,60.44,19.2,5,1134,24.3,2.24,,88.0,0.78,-3.13,13.4,5.9,38.0,-0.17,ARMED,,14.5,5,
1791300508948,28.611991,77.281300,38.0,CNG,59.32,19.2,5,1123,24.3,2.86,,88.0,0.78,-3.13,13.5,5.9,37.7,-0.20,ARMED,,14.5,5,
1791300509825,28.612064,77.281365,38.0,CNG,58.09,19.2,5,1127,24.3,2.93,,88.0,0.78,-3.13,13.5,5.9,37.8,-0.03,ARMED,,14.5,5,
1791300510586,28.612064,77.281365,38.0,CNG,55.97,20.0,5,1137,24.3,3.11,,88.0,0.78,-3.13,13.5,7.0,38.0,0.12,ARMED,,14.5,5,
1791300512205,28.612212,77.281499,38.0,CNG,51.63,20.0,5,1132,36.9,3.57,,88.0,0.00,-3.13,13.5,7.0,38.0,0.10,ARMED,,16.5,5,
1791300512935,28.612287,77.281567,38.0,CNG,46.03,20.0,5,1137,36.9,4.17,,88.0,0.00,-3.13,13.5,7.0,38.1,0.09,ARMED,,16.5,5,
1791300513710,28.612287,77.281567,38.0,CNG,39.42,20.0,5,1135,36.9,5.09,,88.0,0.00,-3.13,13.4,7.0,38.1,0.07,ARMED,,16.5,5,
1791300515336,28.612435,77.281699,38.0,CNG,36.45,20.0,5,1139,43.9,5.04,,88.0,0.78,-3.13,13.4,7.0,38.2,0.07,ARMED,,16.9,5,
1791300516121,28.612510,77.281766,38.0,CNG,34.12,20.4,5,1145,43.9,5.30,,88.0,0.78,-3.13,13.3,7.5,38.4,0.08,ARMED,,16.9,5,
1791300516884,28.612587,77.281833,39.0,CNG,34.94,20.4,5,1146,43.9,4.68,,88.0,0.78,-3.13,13.3,7.5,38.4,0.08,ARMED,,16.9,5,
1791300518648,28.612662,77.281898,39.0,CNG,33.86,20.4,5,1160,36.1,5.23,,88.0,0.00,-3.13,13.2,7.5,38.7,0.23,ARMED,,16.1,5,
1791300519392,28.612739,77.281965,39.0,CNG,39.82,20.4,5,1165,36.1,3.14,,88.0,0.00,-3.13,13.2,7.5,39.1,0.21,ARMED,,16.1,5,
1791300520154,28.612817,77.282030,39.0,CNG,41.08,20.4,5,1165,36.1,3.93,,88.0,0.00,-3.13,13.5,7.5,39.1,0.18,ARMED,,16.1,5,
1791300521835,28.612974,77.282161,39.0,CNG,43.24,20.4,5,1168,32.9,3.61,,89.0,0.00,-3.13,13.5,7.5,39.2,0.16,ARMED,,15.7,5,
1791300522638,28.612974,77.282161,39.0,CNG,42.53,20.4,5,1177,32.9,4.08,,89.0,0.00,-3.13,13.4,7.5,39.4,0.15,ARMED,,15.7,5,
1791300523409,28.613053,77.282228,40.0,CNG,42.13,20.4,5,1181,32.9,4.18,,89.0,0.00,-3.13,13.4,7.5,39.5,0.15,ARMED,,15.7,5,
1791300525066,28.613213,77.282362,40.0,CNG,42.31,20.4,5,1183,31.8,4.08,,89.0,-0.78,-3.13,13.3,7.5,39.6,0.15,ARMED,,15.7,5,
1791300525812,28.613291,77.282428,40.0,CNG,42.80,20.4,5,1192,31.8,3.99,,89.0,-0.78,-3.13,13.3,7.5,39.9,0.16,ARMED,,15.7,5,
1791300526579,28.613291,77.282428,39.0,CNG,46.15,20.4,5,1173,31.8,3.23,,89.0,-0.78,-3.13,13.2,7.5,39.6,-0.11,ARMED,,15.7,5,
1791300528166,28.613449,77.282559,40.0,CNG,49.18,20.4,5,1170,32.9,3.19,,88.0,-0.78,-3.13,13.2,7.5,39.3,-0.16,ARMED,,16.1,5,
1791300528958,28.613529,77.282626,40.0,CNG,47.99,20.4,5,1183,32.9,3.75,,88.0,-0.78,-3.13,13.2,7.5,39.6,0.09,ARMED,,16.1,5,
1791300529723,28.613529,77.282626,40.0,CNG,45.47,20.4,5,1197,32.9,4.12,,89.0,-0.78,-3.13,13.2,7.5,40.0,0.27,ARMED,,16.1,5,
1791300531351,28.613689,77.282761,41.0,CNG,48.85,20.4,5,1200,31.8,3.25,,89.0,-0.78,-3.13,13.4,7.5,40.3,0.29,ARMED,,16.1,5,
1791300532189,28.613771,77.282829,41.0,CNG,49.15,20.4,5,1225,31.8,3.59,,89.0,-0.78,-3.13,13.4,7.5,41.1,0.36,ARMED,,16.1,5,
1791300532968,28.613856,77.282899,42.0,CNG,42.32,20.4,5,1245,31.8,5.18,,89.0,-0.78,-3.13,13.2,7.5,41.6,0.52,ARMED,,16.1,5,
1791300534746,28.614020,77.283035,42.0,CNG,39.96,20.4,5,1244,39.6,4.94,,89.0,-2.34,-3.13,13.2,7.5,41.9,0.47,ARMED,,15.3,5,
1791300535650,28.614020,77.283035,41.0,CNG,47.83,18.0,5,1212,39.6,2.61,,89.0,-2.34,-3.13,13.3,4.3,41.0,-0.33,ARMED,,15.3,5,
1791300536397,28.614103,77.283104,41.0,CNG,47.69,17.6,5,1188,39.6,3.75,,89.0,-2.34,-3.13,13.3,3.7,40.3,-0.59,ARMED,,15.3,5,
1791300538181,28.614263,77.283246,40.0,CNG,53.22,17.6,5,1186,26.7,2.68,,89.0,0.00,-3.13,13.4,3.7,39.9,-0.55,ARMED,,15.3,5,
1791300538934,28.614337,77.283318,40.0,CNG,56.47,18.4,5,1167,26.7,2.79,,89.0,0.00,-3.13,13.4,4.8,39.3,-0.38,ARMED,,15.3,5,
1791300539706,28.614337,77.283318,40.0,CNG,56.37,18.4,5,1171,26.7,3.09,,89.0,0.00,-3.13,13.5,4.8,39.3,-0.21,ARMED,,15.3,5,
1791300541491,28.614480,77.283475,40.0,CNG,56.10,20.0,5,1171,27.8,3.12,,89.0,1.56,-2.34,13.5,7.0,39.4,-0.14,ARMED,,15.3,5,
1791300542260,28.614549,77.283554,39.0,CNG,54.26,20.0,5,1173,27.8,3.28,,89.0,1.56,-2.34,13.4,7.0,39.5,-0.06,ARMED,,15.3,5,
1791300543009,28.614615,77.283632,39.0,CNG,51.97,20.0,5,1171,27.8,3.47,,89.0,1.56,-2.34,13.4,7.0,39.5,-0.06,ARMED,,15.3,5,
1791300544677,28.614682,77.283715,39.0,CNG,52.41,20.0,5,1164,28.2,3.19,,89.0,0.00,-2.34,13.4,7.0,39.3,-0.10,ARMED,,15.3,5,
1791300545443,28.614746,77.283797,39.0,CNG,43.03,21.2,5,1152,28.2,5.00,,89.0,0.00,-2.34,13.4,8.6,38.9,-0.16,ARMED,,15.3,5,
1791300546298,28.614808,77.283880,39.0,CNG,40.75,21.2,5,1162,28.2,4.49,,89.0,0.00,-2.34,13.2,8.6,39.0,-0.01,ARMED,,15.3,5,
1791300548345,28.614933,77.284048,39.0,CNG,41.17,21.2,5,1168,40.0,4.05,,89.0,-0.78,-2.34,13.2,8.6,39.2,0.06,ARMED,,16.9,5,
1791300549413,28.614998,77.284134,40.0,CNG,38.78,21.2,5,1183,40.0,4.86,,89.0,-0.78,-2.34,13.3,8.6,39.8,0.25,ARMED,,16.9,5,
1791300550404,28.615062,77.284219,40.0,CNG,38.00,21.2,5,1183,40.0,4.71,,89.0,-0.78,-2.34,13.3,8.6,39.9,0.21,ARMED,,16.9,5,
1791300552560,28.615200,77.284387,40.0,CNG,37.12,21.2,5,1191,35.3,4.84,,89.0,-1.56,-2.34,13.4,8.6,40.1,0.21,ARMED,,16.5,5,
1791300553508,28.615272,77.284473,42.0,CNG,35.93,20.8,5,1253,35.3,5.31,,89.0,-1.56,-2.34,13.4,8.0,42.1,0.82,ARMED,,16.5,5,
1791300554640,28.615414,77.284642,42.0,CNG,34.11,20.8,5,1255,35.3,5.74,,89.0,-1.56,-2.34,13.1,8.0,42.4,0.52,ARMED,,16.5,5,
1791300556649,28.615557,77.284822,42.0,CNG,34.82,20.8,5,1264,43.5,5.08,,89.0,0.00,-2.34,13.1,8.0,42.6,0.32,ARMED,,17.6,5,
1791300557536,28.615557,77.284822,43.0,CNG,33.48,20.8,5,1266,43.5,5.89,,89.0,0.00,-2.34,13.5,8.0,42.7,0.09,ARMED,,17.6,5,
1791300558356,28.615625,77.284911,43.0,CNG,34.27,20.8,5,1272,43.5,5.26,,89.0,0.00,-2.34,13.5,8.0,42.8,0.10,ARMED,,17.6,5,
1791300560192,28.615763,77.285094,43.0,CNG,33.92,20.8,5,1267,34.1,5.59,,89.0,0.00,-2.34,13.3,8.0,42.7,0.06,ARMED,,16.5,5,
1791300561052,28.615832,77.285186,43.0,CNG,36.64,20.8,5,1272,34.1,4.49,,89.0,0.00,-2.34,13.3,8.0,42.9,0.06,ARMED,,16.5,5,
1791300561803,28.615901,77.285277,43.0,CNG,38.19,20.8,5,1278,34.1,4.58,,89.0,0.00,-2.34,13.5,8.0,43.0,0.09,ARMED,,16.5,5,
1791300563630,28.615970,77.285369,43.0,CNG,42.36,20.8,5,1288,32.2,3.69,,89.0,-1.56,-2.34,13.5,8.0,43.3,0.14,ARMED,,16.5,5,
1791300564535,28.616042,77.285463,44.0,CNG,44.82,20.8,5,1292,32.2,3.90,,89.0,-1.56,-2.34,13.3,8.0,43.6,0.15,ARMED,,16.5,5,
1791300565294,28.616113,77.285558,44.0,CNG,47.07,20.8,5,1293,32.2,3.76,,89.0,-1.56,-2.34,13.3,8.0,43.6,0.14,ARMED,,16.5,5,
1791300567065,28.616250,77.285743,44.0,CNG,48.56,20.8,5,1297,32.5,3.75,,89.0,-1.56,-2.34,13.5,8.0,43.8,0.14,ARMED,,16.5,5,
1791300567897,28.616320,77.285838,44.0,CNG,45.57,22.0,5,1308,32.5,4.58,,89.0,-1.56,-2.34,13.5,9.6,44.1,0.16,ARMED,,16.5,5,
1791300568698,28.616390,77.285932,44.0,CNG,39.41,22.0,5,1315,32.5,5.83,,89.0,-1.56,-2.34,13.4,9.6,44.3,0.18,ARMED,,16.5,5,
1791300570534,28.616458,77.286028,44.0,CNG,36.62,23.1,5,1299,49.8,5.77,,89.0,-0.78,-2.34,13.4,11.2,44.0,-0.08,ARMED,,15.7,5,
1791300571478,28.616524,77.286121,43.0,CNG,26.82,25.9,,1045,49.8,9.82,,89.0,-0.78,-2.34,13.5,15.0,43.0,0.00,ARMED,,15.7,,
1791300572215,28.616591,77.286217,43.0,CNG,21.73,28.2,4,1652,49.8,11.08,,89.0,-0.78,-2.34,13.5,18.2,43.0,0.00,ARMED,,15.7,4,
1791300573971,28.616720,77.286412,43.0,CNG,19.23,27.8,4,1692,22.0,11.40,,89.0,0.78,-2.34,13.5,17.7,43.0,0.00,ARMED,,18.0,4,
1791300574816,28.616783,77.286510,43.0,CNG,19.36,23.9,4,1683,22.0,9.55,,89.0,0.78,-2.34,13.5,12.3,43.0,0.00,ARMED,,18.0,4,
1791300575569,28.616783,77.286510,43.0,CNG,19.24,23.9,4,1675,22.0,9.80,,89.0,0.78,-2.34,13.4,12.3,42.9,-0.04,ARMED,,18.0,4,
1791300577518,28.616906,77.286708,43.0,CNG,19.09,24.3,4,1667,52.5,9.90,,89.0,0.78,-2.34,13.3,12.8,42.7,-0.08,ARMED,,20.8,4,
1791300578569,28.616967,77.286807,43.0,CNG,18.87,24.3,4,1682,52.5,10.06,,89.0,0.78,-2.34,13.3,12.8,43.0,0.10,LOCKED,43.0,20.8,4,
1791300579388,28.617027,77.286905,43.0,CNG,19.25,24.3,4,1692,52.5,9.41,,89.0,0.78,-2.34,13.3,12.8,43.2,0.14,LOCKED,43.0,20.8,4,
1791300581003,28.617150,77.287111,44.0,CNG,20.69,24.3,4,1693,42.4,8.22,,89.0,-1.56,-2.34,13.4,12.8,43.3,0.14,LOCKED,43.0,19.6,4,
1791300581872,28.617210,77.287215,44.0,CNG,22.02,24.3,4,1714,42.4,7.86,,89.0,-1.56,-2.34,13.4,12.8,43.8,0.21,LOCKED,43.0,19.6,4,
1791300582648,28.617266,77.287321,45.0,CNG,27.74,23.9,4,1734,42.4,4.38,,89.0,-1.56,-2.34,13.2,12.3,44.2,0.36,LOCKED,43.0,19.6,4,
1791300584371,28.617322,77.287433,44.0,CNG,26.79,23.5,4,1717,37.6,7.50,,89.0,0.00,-3.13,13.2,11.8,44.2,0.13,LOCKED,43.0,19.2,4,
1791300585270,28.617375,77.287546,46.0,CNG,26.23,22.7,4,1782,37.6,7.85,,89.0,0.00,-3.13,13.5,10.7,45.5,0.66,LOCKED,43.0,19.2,4,
1791300585981,28.617428,77.287659,47.0,CNG,27.77,22.0,4,1794,37.6,6.73,,89.0,0.00,-3.13,13.5,9.6,46.0,0.66,LOCKED,43.0,19.2,4,
1791300587751,28.617536,77.287893,47.0,CNG,34.85,14.9,4,1763,22.0,3.68,,89.0,0.00,-3.13,13.5,0.0,45.8,0.21,LOCKED,43.0,14.9,4,
1791300588616,28.617536,77.287893,47.0,CNG,42.00,19.2,5,1412,22.0,3.39,,89.0,0.00,-3.13,13.5,5.9,47.0,0.00,PAUSED,43.0,14.9,5,
1791300589409,28.617590,77.288010,47.0,CNG,50.03,19.2,5,1393,22.0,2.92,,89.0,0.00,-3.13,13.5,5.9,47.0,0.00,PAUSED,43.0,14.9,5,
1791300591253,28.617696,77.288248,48.0,CNG,53.29,19.2,5,1419,20.0,3.54,,89.0,0.00,-3.13,13.5,5.9,47.7,0.39,PAUSED,43.0,14.9,5,
1791300592185,28.617748,77.288373,49.0,CNG,57.43,19.2,5,1444,20.0,3.29,,89.0,0.00,-3.13,13.3,5.9,48.9,0.64,PAUSED,43.0,14.9,5,
1791300592963,28.617799,77.288498,49.0,CNG,58.56,19.2,5,1455,20.0,3.53,,89.0,0.00,-3.13,13.3,5.9,49.4,0.62,PAUSED,43.0,14.9,5,
1791300594671,28.617899,77.288750,49.0,CNG,60.12,19.2,5,1478,20.0,3.40,,89.0,0.00,-3.13,13.3,5.9,50.0,0.64,ARMED,,16.5,5,
1791300595550,28.617899,77.288750,50.0,CNG,56.57,19.2,5,1481,20.0,4.17,,88.0,0.00,-3.13,13.3,5.9,50.3,0.25,ARMED,,16.5,5,
1791300596300,28.617950,77.288880,50.0,CNG,52.17,19.2,5,1481,20.0,4.64,,88.0,0.00,-3.13,13.4,5.9,50.3,0.19,ARMED,,16.5,5,
1791300598059,28.618051,77.289137,50.0,CNG,50.34,19.2,5,1484,27.5,4.54,,88.0,0.00,-3.13,13.4,5.9,50.3,0.15,ARMED,,16.5,5,
1791300598940,28.618101,77.289265,50.0,CNG,50.22,19.2,5,1489,27.5,4.34,,88.0,0.00,-3.13,13.4,5.9,50.4,0.11,ARMED,,16.5,5,
1791300599755,28.618150,77.289396,50.0,CNG,48.75,19.2,5,1496,27.5,4.65,,88.0,0.00,-3.13,13.4,5.9,50.5,0.13,ARMED,,16.5,5,
1791300601470,28.618200,77.289530,51.0,CNG,49.16,19.2,5,1499,20.0,4.45,,88.0,-0.78,-3.13,13.4,5.9,50.7,0.13,ARMED,,15.3,5,
1791300602348,28.618248,77.289660,51.0,CNG,56.99,19.2,5,1512,20.0,2.97,,88.0,-0.78,-3.13,13.4,5.9,51.1,0.18,ARMED,,15.3,5,
1791300603102,28.618295,77.289791,51.0,CNG,59.88,19.2,5,1535,20.0,3.42,,88.0,-0.78,-3.13,13.5,5.9,51.6,0.40,ARMED,,15.3,5,
1791300604940,28.618392,77.290063,51.0,CNG,61.41,18.8,5,1536,19.6,3.47,,88.0,0.78,-3.13,13.5,5.4,51.9,0.37,ARMED,,15.3,5,
1791300605837,28.618438,77.290197,52.0,CNG,61.87,18.8,5,1535,19.6,3.61,,88.0,0.78,-3.13,13.5,5.4,51.9,0.08,ARMED,,15.3,5,
1791300606596,28.618438,77.290197,52.0,CNG,63.56,18.8,5,1549,19.6,3.41,,88.0,0.78,-3.13,13.5,5.4,52.1,0.14,ARMED,,15.3,5,
1791300608333,28.618530,77.290470,52.0,CNG,63.87,18.8,5,1527,19.6,3.51,,88.0,0.00,-3.13,13.5,5.4,51.8,-0.14,ARMED,,15.3,5,
1791300609187,28.618576,77.290606,51.0,CNG,63.07,18.8,5,1515,19.6,3.58,,88.0,0.00,-3.13,13.5,5.4,51.2,-0.31,ARMED,,15.3,5,
1791300609952,28.618620,77.290737,50.0,CNG,64.49,18.8,5,1498,19.6,3.25,,88.0,0.00,-3.13,13.6,5.4,50.7,-0.45,ARMED,,15.3,5,
1791300611842,28.618711,77.290997,50.0,CNG,64.10,18.8,5,1486,20.0,3.42,,88.0,-0.78,-3.13,13.5,5.4,50.2,-0.49,ARMED,,14.9,5,
1791300612684,28.618711,77.290997,49.0,CNG,67.79,19.2,5,1468,20.0,2.86,,88.0,-0.78,-3.13,13.5,5.9,49.4,-0.45,ARMED,,14.9,5,
1791300613458,28.618757,77.291127,49.0,CNG,66.20,19.2,5,1453,20.0,3.33,,88.0,-0.78,-3.13,13.5,5.9,49.0,-0.48,ARMED,,14.9,5,
1791300615193,28.618845,77.291379,49.0,CNG,65.11,19.2,5,1450,20.8,3.35,,88.0,0.78,-3.13,13.5,5.9,48.8,-0.42,ARMED,,14.9,5,
1791300616049,28.618889,77.291505,48.0,CNG,68.85,19.6,5,1432,20.8,2.76,,88.0,0.78,-3.13,13.5,6.4,48.2,-0.39,ARMED,,14.9,5,
1791300616800,28.618934,77.291633,48.0,CNG,62.61,19.6,5,1426,20.8,3.79,,88.0,0.78,-3.13,13.4,6.4,48.0,-0.37,ARMED,,14.9,5,
1791300618502,28.618977,77.291757,48.0,CNG,51.58,19.6,5,1423,35.3,5.12,,88.0,0.78,-3.13,13.4,6.4,47.8,-0.32,ARMED,,17.6,5,
1791300619381,28.619019,77.291881,48.0,CNG,46.67,20.4,5,1407,35.3,5.11,,88.0,0.78,-3.13,13.3,7.5,47.4,-0.28,ARMED,,17.6,5,
1791300620150,28.619061,77.292006,47.0,CNG,43.36,20.4,5,1406,35.3,5.22,,88.0,0.78,-3.13,13.3,7.5,47.3,-0.25,ARMED,,17.6,5,
1791300621880,28.619142,77.292250,47.0,CNG,39.65,20.4,5,1387,37.3,5.82,,88.0,0.00,-3.13,13.3,7.5,46.9,-0.32,ARMED,,17.6,5,
1791300622745,28.619142,77.292250,46.0,CNG,38.89,21.6,5,1368,37.3,5.29,,88.0,0.00,-3.13,13.3,9.1,46.1,-0.36,ARMED,,17.6,5,
1791300623533,28.619182,77.292371,46.0,CNG,38.53,22.0,5,1355,37.3,5.26,,88.0,0.00,-3.13,13.6,9.6,45.8,-0.39,ARMED,,17.6,5,
1791300625218,28.619260,77.292613,46.0,CNG,38.48,21.6,5,1359,37.6,5.20,,88.0,0.78,-3.13,13.6,9.1,45.7,-0.23,ARMED,,17.3,5,
1791300626162,28.619298,77.292730,45.0,CNG,39.09,21.6,5,1339,37.6,4.88,,88.0,0.78,-3.13,13.4,9.1,45.2,-0.26,ARMED,,17.3,5,
1791300626916,28.619335,77.292847,44.0,CNG,31.15,26.3,5,1316,37.6,8.08,,89.0,0.78,-3.13,13.4,15.5,44.6,-0.49,ARMED,,17.3,4,
1791300628724,28.619409,77.293082,44.0,CNG,26.48,26.3,5,1310,63.5,8.88,,89.0,1.56,-3.13,13.3,15.5,44.1,-0.48,ARMED,,20.4,4,
1791300629566,28.619409,77.293082,44.0,CNG,24.77,25.9,5,1314,63.5,8.47,,89.0,1.56,-3.13,13.3,15.0,44.2,-0.09,ARMED,,20.4,4,
1791300630351,28.619446,77.293197,44.0,CNG,23.81,25.5,5,1312,63.5,8.50,,89.0,1.56,-3.13,13.4,14.4,44.1,-0.08,ARMED,,20.4,4,
1791300632202,28.619522,77.293427,44.0,CNG,24.08,25.1,5,1311,59.6,7.80,,90.0,0.78,-3.13,13.4,13.9,44.1,-0.07,ARMED,,20.0,5,
1791300633114,28.619561,77.293544,44.0,CNG,24.52,25.1,5,1299,59.6,7.58,,90.0,0.78,-3.13,13.5,13.9,43.8,-0.11,ARMED,,20.0,5,
1791300633857,28.619600,77.293658,44.0,CNG,25.16,24.7,5,1313,59.6,7.30,,90.0,0.78,-3.13,13.5,13.4,44.0,0.07,ARMED,,20.0,5,
1791300635596,28.619641,77.293774,44.0,CNG,24.65,24.7,5,1320,56.1,7.99,,90.0,0.78,-3.13,13.5,13.4,44.3,0.14,ARMED,,19.6,5,
1791300636456,28.619682,77.293892,45.0,CNG,25.44,24.7,5,1342,56.1,7.32,,90.0,0.78,-3.13,13.5,13.4,45.1,0.38,ARMED,,19.6,5,
1791300637229,28.619723,77.294010,45.0,CNG,23.85,24.7,5,1343,56.1,8.95,,90.0,0.78,-3.13,13.4,13.4,45.3,0.35,ARMED,,19.6,5,
1791300638937,28.619805,77.294248,46.0,CNG,23.69,24.7,5,1361,63.5,8.52,,90.0,0.78,-3.13,13.4,13.4,45.7,0.39,ARMED,,18.8,4,
1791300639832,28.619847,77.294370,46.0,CNG,30.34,22.0,5,1372,63.5,3.86,,90.0,0.78,-3.13,13.4,9.6,46.2,0.34,ARMED,,18.8,4,
1791300640587,28.619847,77.294370,46.0,CNG,29.95,22.0,5,1368,63.5,6.80,,90.0,0.78,-3.13,13.4,9.6,46.2,0.19,ARMED,,18.8,4,
1791300642364,28.619927,77.294611,46.0,CNG,30.11,22.0,5,1365,47.8,6.58,,90.0,0.78,-3.13,13.2,9.6,46.1,0.03,ARMED,,18.8,5,
1791300643270,28.619966,77.294731,46.0,CNG,30.12,22.0,5,1363,47.8,6.63,,90.0,0.78,-3.13,13.2,9.6,45.9,-0.02,ARMED,,18.8,5,
1791300644068,28.620007,77.294855,46.0,CNG,38.89,19.6,5,1379,47.8,2.90,,90.0,0.78,-3.13,13.6,6.4,46.2,0.17,ARMED,,18.8,5,
1791300645951,28.620087,77.295100,46.0,CNG,43.15,20.0,5,1366,24.3,3.87,,90.0,0.78,-3.13,13.5,7.0,46.1,0.01,ARMED,,15.7,5,
1791300646840,28.620126,77.295220,46.0,CNG,46.31,20.0,5,1383,24.3,3.84,,90.0,0.78,-3.13,13.5,7.0,46.4,0.08,ARMED,,15.7,5,
1791300647570,28.620126,77.295220,47.0,CNG,48.87,20.0,5,1383,24.3,3.84,,90.0,0.78,-3.13,13.5,7.0,46.5,0.08,ARMED,,15.7,5,
1791300649345,28.620207,77.295469,47.0,CNG,51.70,20.0,5,1390,23.9,3.61,,90.0,0.78,-3.13,13.4,7.0,46.7,0.11,ARMED,,15.7,5,
1791300650199,28.620247,77.295591,47.0,CNG,56.15,20.0,5,1398,23.9,3.17,,89.0,0.78,-3.13,13.4,7.0,47.0,0.14,ARMED,,15.7,5,
1791300650999,28.620287,77.295716,47.0,CNG,58.64,20.0,5,1413,23.9,3.25,,89.0,0.78,-3.13,13.5,7.0,47.3,0.21,ARMED,,15.7,5,
1791300652773,28.620370,77.295971,48.0,CNG,56.42,20.0,5,1414,23.1,3.90,,89.0,0.00,-3.13,13.5,7.0,47.5,0.21,ARMED,,15.7,5,
1791300653703,28.620370,77.295971,49.0,CNG,59.46,20.0,5,1443,23.1,3.30,,89.0,0.00,-3.13,13.5,7.0,48.5,0.48,ARMED,,15.7,5,
1791300654495,28.620411,77.296099,49.0,CNG,58.86,20.0,5,1453,23.1,3.67,,88.0,0.00,-3.13,13.5,7.0,48.9,0.48,ARMED,,15.7,5,
1791300656293,28.620496,77.296358,49.0,CNG,56.20,20.0,5,1465,22.4,4.04,,88.0,-0.78,-3.13,13.3,7.0,49.3,0.47,ARMED,,15.7,5,
1791300657112,28.620541,77.296492,50.0,CNG,57.62,20.0,5,1498,22.4,3.63,,88.0,-0.78,-3.13,13.3,7.0,50.3,0.52,ARMED,,15.7,5,
1791300657879,28.620585,77.296623,51.0,CNG,50.60,19.2,5,1507,22.4,5.15,,88.0,-0.78,-3.13,13.5,5.9,50.7,0.51,ARMED,,15.7,5,
1791300659661,28.620671,77.296888,51.0,CNG,53.61,14.9,5,1485,20.0,3.77,,87.0,0.00,0.00,13.5,0.0,50.4,0.07,ARMED,,15.3,5,
1791300660531,28.620671,77.296888,48.0,CNG,58.84,14.9,5,1432,20.0,3.00,,87.0,0.00,0.00,13.4,0.0,48.4,-0.86,ARMED,,15.3,5,
1791300661285,28.620713,77.297015,47.0,CNG,64.54,14.9,5,1399,20.0,2.68,,87.0,0.00,0.00,13.4,0.0,47.3,-1.11,ARMED,,15.3,5,
1791300663087,28.620793,77.297255,46.0,CNG,67.73,14.9,5,1380,20.8,2.72,,87.0,0.00,0.00,13.4,0.0,46.4,-1.10,ARMED,,14.9,5,
1791300663942,28.620834,77.297375,45.0,CNG,63.76,16.9,5,1334,20.8,3.35,,87.0,0.00,0.00,13.4,2.7,44.8,-0.92,ARMED,,14.9,5,
1791300664691,28.620873,77.297491,44.0,CNG,58.18,16.5,5,1348,20.8,3.74,,87.0,0.00,0.00,13.3,2.1,44.8,-0.53,ARMED,,14.9,5,
1791300666403,28.620911,77.297605,43.0,CNG,59.32,14.9,5,1301,21.2,3.05,,87.0,0.00,0.00,13.3,0.0,43.9,-0.79,ARMED,,14.5,5,
1791300667274,28.620946,77.297713,41.0,CNG,65.67,14.9,5,1236,21.2,2.24,,87.0,0.00,0.00,13.4,0.0,41.6,-1.26,ARMED,,14.5,5,
1791300668034,28.620980,77.297820,39.0,CNG,64.72,14.9,5,1161,21.2,2.68,,86.0,0.00,0.00,13.4,0.0,39.5,-1.86,ARMED,,14.5,5,
1791300669710,28.621013,77.297922,38.0,CNG,44.75,22.0,5,1203,30.2,5.55,,86.0,-0.78,-2.34,13.3,9.6,39.4,-1.12,ARMED,,13.7,5,
1791300670486,28.621046,77.298025,39.0,CNG,46.72,19.6,5,1151,30.2,3.38,,87.0,-0.78,-2.34,13.3,6.4,38.4,-0.71,ARMED,,13.7,5,
1791300671234,28.621078,77.298126,39.0,CNG,48.06,20.0,5,1152,30.2,3.37,,87.0,-0.78,-2.34,13.3,7.0,38.3,-0.46,ARMED,,13.7,5,
1791300672838,28.621147,77.298328,38.0,CNG,45.54,20.0,5,1141,35.7,3.92,,87.0,-0.78,-3.13,13.3,7.0,38.1,-0.42,ARMED,,16.1,5,
1791300673638,28.621147,77.298328,38.0,CNG,45.27,20.8,5,1127,35.7,3.68,,87.0,-0.78,-3.13,13.3,8.0,37.7,-0.35,ARMED,,16.1,5,
1791300674356,28.621181,77.298426,38.0,CNG,43.14,20.4,5,1123,35.7,4.10,,87.0,-0.78,-3.13,13.3,7.5,37.6,-0.31,ARMED,,16.1,5,
1791300676050,28.621252,77.298622,38.0,CNG,39.02,15.3,5,1108,29.4,4.84,,87.0,-2.34,-1.56,13.5,0.5,37.2,-0.34,ARMED,,15.3,5,
1791300676832,28.621287,77.298717,37.0,CNG,38.90,20.4,4,1427,29.4,4.15,,88.0,-2.34,-1.56,13.5,7.5,37.0,0.00,ARMED,,15.3,4,
1791300677603,28.621287,77.298717,36.0,CNG,38.42,20.4,4,1397,29.4,4.15,,88.0,-2.34,-1.56,13.4,7.5,36.4,-0.36,ARMED,,15.3,4,
1791300679413,28.621355,77.298904,36.0,CNG,39.92,21.6,4,1410,56.1,3.68,,88.0,1.56,-3.13,13.4,9.1,36.0,-0.38,ARMED,,20.4,4,
1791300680184,28.621389,77.299002,37.0,CNG,24.88,25.5,4,1453,56.1,10.07,,88.0,1.56,-3.13,13.3,14.4,36.8,0.28,ARMED,,20.4,4,
1791300680976,28.621423,77.299103,38.0,CNG,21.44,25.1,4,1478,56.1,9.24,,89.0,1.56,-3.13,13.3,13.9,37.4,0.51,ARMED,,20.4,4,
1791300682605,28.621457,77.299206,39.0,CNG,19.68,25.1,4,1510,58.0,9.62,,89.0,-0.78,-3.13,13.4,13.9,38.2,0.76,ARMED,,20.8,4,
1791300683384,28.621492,77.299309,40.0,CNG,18.90,24.7,4,1563,58.0,9.71,,89.0,-0.78,-3.13,13.4,13.4,39.9,0.93,ARMED,,20.8,4,
1791300684188,28.621527,77.299419,41.0,CNG,22.21,14.9,4,1590,58.0,6.03,,89.0,-0.78,-3.13,13.5,0.0,40.6,0.94,ARMED,,20.8,4,
1791300685977,28.621597,77.299633,41.0,CNG,23.09,22.0,4,1582,41.6,7.27,,90.0,0.00,-3.13,13.5,9.6,40.8,0.51,ARMED,,18.4,4,
1791300686904,28.621632,77.299740,41.0,CNG,24.74,22.0,4,1589,41.6,6.44,,90.0,0.00,-3.13,13.5,9.6,40.8,0.11,ARMED,,18.4,4,
1791300687662,28.621668,77.299850,41.0,CNG,31.42,14.9,4,1608,41.6,3.40,,91.0,0.00,-3.13,13.5,0.0,41.0,0.16,ARMED,,18.4,4,
1791300689549,28.621703,77.299958,41.0,CNG,35.86,19.6,4,1622,22.0,3.92,,91.0,0.00,-3.91,13.4,6.4,41.4,0.22,ARMED,,15.7,4,
1791300690425,28.621739,77.300065,41.0,CNG,40.45,20.0,4,1571,22.0,3.56,,91.0,0.00,-3.91,13.4,7.0,40.4,-0.39,ARMED,,15.7,4,
1791300691162,28.621774,77.300169,40.0,CNG,41.74,20.0,4,1566,22.0,3.96,,91.0,0.00,-3.91,13.3,7.0,40.1,-0.40,ARMED,,15.7,4,
1791300692788,28.621845,77.300382,40.0,CNG,41.95,20.0,4,1531,22.4,4.11,,91.0,-0.78,-3.91,13.3,7.0,39.5,-0.59,ARMED,,15.7,4,
1791300693596,28.621845,77.300382,40.0,CNG,43.12,20.0,4,1551,22.4,3.86,,91.0,-0.78,-3.91,13.5,7.0,39.6,-0.05,ARMED,,15.7,4,
1791300694375,28.621879,77.300485,40.0,CNG,45.60,20.0,4,1543,22.4,3.48,,91.0,-0.78,-3.91,13.5,7.0,39.6,-0.05,ARMED,,15.7,4,
1791300695981,28.621949,77.300696,40.0,CNG,44.03,20.0,4,1556,22.0,4.15,,91.0,-0.78,-3.91,13.5,7.0,39.8,0.02,ARMED,,15.7,4,
1791300696741,28.621985,77.300803,40.0,CNG,45.39,19.6,4,1558,22.0,3.65,,90.0,-0.78,-3.91,13.5,6.4,40.0,0.05,ARMED,,15.7,4,
1791300697483,28.621985,77.300803,40.0,CNG,47.00,19.6,4,1563,22.0,3.50,,90.0,-0.78,-3.91,13.3,6.4,40.1,0.07,ARMED,,15.7,4,
1791300699077,28.622057,77.301012,40.0,CNG,45.84,19.6,4,1568,20.8,3.93,,89.0,0.00,-3.91,13.3,6.4,40.2,0.09,ARMED,,15.3,4,
1791300699955,28.622094,77.301117,40.0,CNG,45.41,19.6,4,1555,20.8,3.88,,89.0,0.00,-3.91,13.4,6.4,40.0,-0.08,ARMED,,15.3,4,
1791300700710,28.622094,77.301117,40.0,CNG,48.00,19.6,4,1563,20.8,3.31,,89.0,0.00,-3.91,13.4,6.4,40.0,-0.04,ARMED,,15.3,4,
1791300702335,28.622166,77.301329,40.0,CNG,42.59,19.6,4,1569,29.0,4.77,,89.0,0.00,-3.13,13.4,6.4,40.2,-0.00,ARMED,,17.3,4,
1791300703087,28.622201,77.301437,41.0,CNG,37.69,19.6,4,1582,29.0,5.52,,88.0,0.00,-3.13,13.4,6.4,40.6,0.20,ARMED,,17.3,4,
1791300703942,28.622235,77.301545,41.0,CNG,37.42,14.9,4,1593,29.0,4.81,,88.0,0.00,-3.13,13.4,0.0,40.9,0.23,ARMED,,17.3,4,
1791300705570,28.622269,77.301655,41.0,CNG,40.91,14.9,4,1598,19.6,3.75,,88.0,0.00,0.00,13.4,0.0,41.0,0.23,ARMED,,15.3,4,
1791300706421,28.622301,77.301760,39.0,CNG,41.06,18.8,4,1567,19.6,4.10,,88.0,0.00,0.00,13.1,5.4,40.3,-0.31,ARMED,,15.3,4,
1791300707199,28.622332,77.301861,39.0,CNG,46.80,18.8,4,1527,19.6,2.84,,88.0,0.00,0.00,13.1,5.4,39.4,-0.65,ARMED,,15.3,4,
1791300708908,28.622399,77.302073,40.0,CNG,46.76,18.8,4,1535,19.6,3.72,,88.0,0.00,-3.91,13.5,5.4,39.2,-0.51,ARMED,,15.3,4,
1791300709699,28.622399,77.302073,40.0,CNG,45.80,17.6,4,1545,19.6,3.91,,87.0,0.00,-3.91,13.5,3.7,39.5,0.03,ARMED,,15.3,4,
1791300710461,28.622433,77.302180,40.0,CNG,47.89,14.9,4,1591,19.6,3.38,,87.0,0.00,-3.91,13.5,0.0,40.3,0.49,ARMED,,15.3,4,
1791300712311,28.622504,77.302394,40.0,CNG,51.34,14.9,4,1562,21.6,3.02,,87.0,0.00,0.00,13.3,0.0,40.3,0.26,ARMED,,14.1,4,
1791300713092,28.622540,77.302501,41.0,CNG,58.45,18.0,5,1206,21.6,2.43,,87.0,0.00,0.00,13.4,4.3,41.0,0.00,ARMED,,14.1,5,
1791300713977,28.622577,77.302607,41.0,CNG,58.19,18.0,5,1223,21.6,3.08,,87.0,0.00,0.00,13.4,4.3,41.0,0.00,ARMED,,14.1,5,
1791300715660,28.622654,77.302826,42.0,CNG,65.10,18.0,5,1250,21.2,2.32,,87.0,0.00,-3.91,13.3,4.3,41.6,0.36,ARMED,,14.5,5,
1791300716589,28.622654,77.302826,43.0,CNG,61.90,19.2,5,1247,21.2,3.23,,87.0,0.00,-3.91,13.3,5.9,42.9,0.65,ARMED,,14.5,5,
1791300717401,28.622693,77.302940,43.0,CNG,59.71,19.2,5,1279,21.2,3.29,,87.0,0.00,-3.91,13.6,5.9,43.8,0.85,ARMED,,14.5,5,
1791300719150,28.622770,77.303166,44.0,CNG,65.40,19.2,5,1293,22.0,2.52,,87.0,-0.78,-3.91,13.6,5.9,44.5,0.84,ARMED,,14.9,5,
1791300720019,28.622810,77.303279,43.0,CNG,61.01,19.2,5,1282,22.0,3.37,,87.0,-0.78,-3.91,13.5,5.9,44.2,0.02,ARMED,,14.9,5,
1791300720801,28.622850,77.303393,43.0,CNG,59.77,19.6,5,1288,22.0,3.22,,87.0,-0.78,-3.91,13.5,6.4,44.1,0.01,ARMED,,14.9,5,
1791300722560,28.622889,77.303503,43.0,CNG,59.20,19.6,5,1274,30.6,3.20,,87.0,3.13,-3.91,13.3,6.4,43.8,-0.20,ARMED,,16.1,5,
1791300723421,28.622927,77.303614,42.0,CNG,49.46,19.2,5,1255,30.6,4.62,,88.0,3.13,-3.91,13.3,5.9,42.9,-0.43,ARMED,,16.1,5,
1791300724230,28.622964,77.303725,42.0,CNG,47.46,19.2,5,1247,30.6,4.08,,88.0,3.13,-3.91,13.3,5.9,42.6,-0.43,ARMED,,16.1,5,
1791300725954,28.623035,77.303945,42.0,CNG,43.93,19.2,5,1243,34.9,4.62,,88.0,-1.56,-3.91,13.3,5.9,42.3,-0.39,ARMED,,16.5,5,
1791300726830,28.623072,77.304054,42.0,CNG,41.81,19.2,5,1233,34.9,4.68,,88.0,-1.56,-3.91,13.4,5.9,42.0,-0.31,ARMED,,16.5,5,
1791300727610,28.623072,77.304054,41.0,CNG,40.98,19.2,5,1230,34.9,4.48,,89.0,-1.56,-3.91,13.4,5.9,41.8,-0.29,ARMED,,16.5,5,
1791300729412,28.623147,77.304272,41.0,CNG,41.99,19.2,5,1223,23.9,4.08,,89.0,-3.91,-3.91,13.5,5.9,41.6,-0.28,ARMED,,16.9,5,
1791300730281,28.623184,77.304378,41.0,CNG,43.89,20.8,5,1222,23.9,3.78,,89.0,-3.91,-3.91,13.5,8.0,41.5,-0.10,ARMED,,16.9,5,
1791300731085,28.623220,77.304487,42.0,CNG,42.23,20.8,5,1237,23.9,4.56,,89.0,-3.91,-3.91,13.5,8.0,41.8,0.12,ARMED,,16.9,5,
1791300732863,28.623295,77.304707,42.0,CNG,44.69,20.8,5,1236,33.7,3.73,,90.0,-1.56,-3.91,13.5,8.0,42.0,0.13,ARMED,,16.5,5,
1791300733780,28.623333,77.304816,42.0,CNG,42.44,20.8,5,1254,33.7,4.62,,90.0,-1.56,-3.91,13.5,8.0,42.5,0.20,ARMED,,16.5,5,
1791300734551,28.623333,77.304816,42.0,CNG,41.89,20.8,5,1247,33.7,4.44,,90.0,-1.56,-3.91,13.5,8.0,42.4,0.13,ARMED,,16.5,5,
1791300736332,28.623408,77.305038,42.0,CNG,40.89,20.8,5,1262,32.9,4.62,,90.0,-1.56,-3.91,13.4,8.0,42.7,0.17,ARMED,,16.5,5,
1791300737188,28.623447,77.305150,43.0,CNG,41.96,21.2,5,1267,32.9,4.28,,90.0,-1.56,-3.91,13.4,8.6,42.9,0.16,ARMED,,16.5,5,
1791300737953,28.623485,77.305262,43.0,CNG,40.32,22.4,5,1269,32.9,4.90,,90.0,-1.56,-3.91,13.4,10.2,43.0,0.15,ARMED,,16.5,5,
1791300739771,28.623563,77.305491,43.0,CNG,38.17,22.4,5,1289,44.3,5.28,,91.0,-2.34,-3.13,13.4,10.2,43.5,0.34,ARMED,,18.0,5,
1791300740660,28.623563,77.305491,44.0,CNG,34.44,22.7,5,1326,44.3,6.34,,91.0,-2.34,-3.13,13.5,10.7,44.7,0.61,ARMED,,18.0,5,
1791300741403,28.623602,77.305609,45.0,CNG,31.35,23.9,5,1338,44.3,7.04,,91.0,-2.34,-3.13,13.5,12.3,45.2,0.61,ARMED,,18.0,5,
1791300743166,28.623681,77.305849,46.0,CNG,29.18,23.9,5,1357,59.2,7.53,,91.0,3.91,-3.13,13.2,12.3,45.8,0.63,ARMED,,20.4,5,
1791300744009,28.623721,77.305970,46.0,CNG,25.90,23.5,5,1365,59.2,8.98,,91.0,3.91,-3.13,13.2,11.8,46.2,0.31,ARMED,,20.4,5,
1791300744773,28.623762,77.306092,46.0,CNG,25.93,23.1,5,1360,59.2,7.69,,91.0,3.91,-3.13,13.4,11.2,46.1,0.14,ARMED,,20.4,5,
1791300746626,28.623801,77.306211,46.0,CNG,25.00,23.1,5,1365,57.6,8.42,,91.0,0.78,-3.13,13.2,11.2,46.1,0.11,ARMED,,20.0,5,
1791300747491,28.623842,77.306332,46.0,CNG,25.32,23.1,5,1369,57.6,7.74,,91.0,0.78,-3.13,13.4,11.2,46.2,0.08,ARMED,,20.0,5,
1791300748219,28.623883,77.306453,46.0,CNG,24.79,23.1,5,1370,57.6,8.31,,90.0,0.78,-3.13,13.4,11.2,46.2,0.07,ARMED,,20.0,5,
1791300750052,28.623966,77.306695,46.0,CNG,29.10,22.0,5,1355,40.0,5.08,,90.0,-1.56,-3.13,13.5,9.6,45.9,-0.14,ARMED,,18.0,5,
1791300750955,28.624007,77.306813,46.0,CNG,34.89,16.5,5,1358,40.0,4.02,,90.0,-1.56,-3.13,13.5,2.1,45.8,-0.11,ARMED,,18.0,5,
1791300751721,28.624049,77.306933,45.0,CNG,33.73,22.4,5,1352,40.0,6.09,,90.0,-1.56,-3.13,13.5,10.2,45.7,-0.13,ARMED,,18.0,5,
1791300753515,28.624091,77.307052,45.0,CNG,33.58,22.4,5,1351,41.2,5.86,,90.0,0.00,-3.13,13.5,10.2,45.5,-0.13,ARMED,,17.6,5,
1791300754425,28.624132,77.307169,45.0,CNG,43.03,22.7,5,1340,41.2,2.61,,90.0,0.00,-3.13,13.3,10.7,45.2,-0.16,ARMED,,17.6,5,
1791300755183,28.624174,77.307284,45.0,CNG,37.53,22.7,5,1325,41.2,6.21,,90.0,0.00,-3.13,13.3,10.7,44.8,-0.23,ARMED,,17.6,5,
1791300757006,28.624260,77.307518,45.0,CNG,34.36,14.9,5,1330,23.1,6.41,,90.0,-2.34,-3.91,13.4,0.0,44.8,-0.19,ARMED,,14.5,5,
1791300757876,28.624301,77.307627,43.0,CNG,43.18,14.9,5,1292,23.1,2.58,,90.0,-2.34,-3.91,13.4,0.0,43.6,-0.55,ARMED,,14.5,5,
1791300758652,28.624301,77.307627,40.0,CNG,47.36,14.9,5,1206,23.1,3.08,,90.0,-2.34,-3.91,13.4,0.0,41.6,-1.47,ARMED,,14.5,5,
1791300760290,28.624370,77.307824,37.0,CNG,51.80,14.9,5,1119,22.0,2.60,,90.0,0.00,-1.56,13.4,0.0,38.7,-2.51,ARMED,,18.8,5,
1791300761090,28.624403,77.307918,35.0,CNG,35.00,23.1,4,1476,22.0,6.78,,90.0,0.00,-1.56,13.3,11.2,35.0,0.00,ARMED,,18.8,4,
1791300761837,28.624435,77.308008,35.0,CNG,28.96,20.8,4,1364,22.0,6.73,,89.0,0.00,-1.56,13.3,8.0,35.0,0.00,ARMED,,18.8,4,
1791300763580,28.624468,77.308099,35.0,CNG,29.00,14.9,4,1360,52.2,5.23,,89.0,-2.34,-3.13,13.4,0.0,35.0,0.00,ARMED,,19.2,4,
1791300764333,28.624500,77.308191,35.0,CNG,23.77,23.1,4,1360,52.2,8.18,,89.0,-2.34,-3.13,13.4,11.2,35.0,0.00,ARMED,,19.2,4,
1791300765102,28.624533,77.308285,36.0,CNG,21.92,22.4,4,1386,52.2,7.96,,89.0,-2.34,-3.13,13.4,10.2,35.4,0.24,ARMED,,19.2,4,
1791300766795,28.624599,77.308466,36.0,CNG,25.46,20.0,4,1391,32.9,4.66,,89.0,-0.78,-3.13,13.4,7.0,35.7,0.28,ARMED,,16.5,4,
1791300767559,28.624599,77.308466,35.0,CNG,27.48,19.2,4,1354,32.9,4.86,,89.0,-0.78,-3.13,13.3,5.9,35.0,-0.26,ARMED,,16.5,4,
1791300768285,28.624633,77.308555,34.0,CNG,29.31,19.6,4,1326,32.9,4.51,,89.0,-0.78,-3.13,13.3,6.4,34.4,-0.51,ARMED,,16.5,4,
1791300769926,28.624697,77.308730,33.0,CNG,29.93,19.2,4,1301,23.1,4.63,,89.0,-3.91,-3.91,13.3,5.9,33.7,-0.71,ARMED,,14.9,4,
1791300770693,28.624697,77.308730,33.0,CNG,34.21,19.2,4,1276,23.1,3.26,,88.0,-3.91,-3.91,13.3,5.9,32.8,-0.64,ARMED,,14.9,4,
1791300771490,28.624727,77.308816,33.0,CNG,38.65,19.2,4,1266,23.1,2.97,,88.0,-3.91,-3.91,13.5,5.9,32.5,-0.59,ARMED,,14.9,4,
1791300773173,28.624783,77.308989,33.0,CNG,46.33,14.9,4,1266,33.7,2.16,,88.0,0.00,-3.91,13.5,0.0,32.4,-0.36,ARMED,,14.9,4,
1791300773982,28.624810,77.309073,32.0,CNG,45.80,19.2,5,959,33.7,3.09,,88.0,0.00,-3.91,13.5,5.9,32.0,0.00,ARMED,,14.9,5,
1791300774764,28.624836,77.309159,32.0,CNG,48.61,18.4,5,952,33.7,2.59,,88.0,0.00,-3.91,13.5,4.8,32.0,0.00,ARMED,,14.9,5,
1791300776385,28.624862,77.309245,32.0,CNG,48.74,18.4,5,950,23.5,2.84,,88.0,0.78,-3.91,13.6,4.8,32.0,0.00,ARMED,,13.3,5,
1791300777192,28.624888,77.309331,32.0,CNG,58.46,18.4,5,966,23.5,1.66,,88.0,0.78,-3.91,13.6,4.8,32.0,0.00,ARMED,,13.3,5,
1791300777972,28.624914,77.309417,32.0,CNG,66.21,18.4,5,968,23.5,1.68,,88.0,0.78,-3.91,13.3,4.8,32.0,0.01,ARMED,,13.3,5,
1791300779755,28.624966,77.309591,32.0,CNG,73.46,18.4,5,969,22.7,1.58,,88.0,0.78,-3.13,13.4,4.8,32.1,0.02,ARMED,,13.3,5,
1791300780504,28.624966,77.309591,33.0,CNG,66.29,17.3,5,958,22.7,2.47,,88.0,0.78,-3.13,13.4,3.2,31.9,-0.03,ARMED,,13.3,5,
1791300781237,28.624991,77.309679,33.0,CNG,66.82,16.1,5,971,22.7,2.12,,88.0,0.78,-3.13,13.4,1.6,32.2,0.14,ARMED,,13.3,5,
1791300782858,28.625042,77.309852,33.0,CNG,60.93,16.1,5,980,23.1,2.66,,88.0,0.00,-1.56,13.3,1.6,32.5,0.21,ARMED,,13.3,5,
1791300783626,28.625042,77.309852,33.0,CNG,61.69,17.6,5,991,23.1,2.28,,88.0,0.00,-1.56,13.3,3.7,33.0,0.25,ARMED,,13.3,5,
1791300784402,28.625067,77.309942,33.0,CNG,42.55,19.2,5,1003,23.1,4.93,,88.0,0.00,-1.56,13.1,5.9,33.3,0.29,ARMED,,13.3,5,
1791300786088,28.625123,77.310124,34.0,CNG,40.37,18.8,5,1017,37.3,3.93,,88.0,-0.78,-3.13,13.1,5.4,33.8,0.34,ARMED,,15.7,5,
1791300786876,28.625153,77.310215,35.0,CNG,40.75,18.8,5,1035,37.3,3.68,,88.0,-0.78,-3.13,13.5,5.4,34.5,0.38,ARMED,,15.7,5,
1791300787675,28.625153,77.310215,35.0,CNG,39.42,18.8,5,1038,37.3,4.04,,88.0,-0.78,-3.13,13.5,5.4,34.7,0.36,ARMED,,15.7,5,
1791300789320,28.625217,77.310402,35.0,CNG,46.81,14.9,5,1048,31.0,2.35,,88.0,-2.34,-1.56,13.3,0.0,35.0,0.36,ARMED,,15.3,5,
1791300790086,28.625248,77.310493,35.0,CNG,51.45,14.9,5,1050,31.0,2.52,,88.0,-2.34,-1.56,13.3,0.0,35.1,0.14,ARMED,,15.3,5,
1791300790879,28.625277,77.310580,33.0,CNG,57.49,14.9,5,1001,31.0,2.03,,88.0,-2.34,-1.56,13.5,0.0,34.1,-0.52,ARMED,,15.3,5,
1791300792559,28.625305,77.310663,31.0,CNG,56.87,14.9,5,949,22.7,2.41,,88.0,6.25,-1.56,13.5,0.0,32.4,-1.27,ARMED,,12.9,5,
1791300793316,28.625333,77.310746,31.0,CNG,60.92,14.9,,798,22.7,1.96,,88.0,6.25,-1.56,13.1,0.0,31.0,0.00,ARMED,,12.9,,
1791300794087,28.625359,77.310824,30.0,CNG,81.15,14.9,,704,22.7,0.75,,88.0,6.25,-1.56,13.1,0.0,30.0,0.00,ARMED,,12.9,,
1791300795754,28.625409,77.310977,30.0,CNG,77.13,14.9,,679,26.7,1.82,,88.0,-9.38,0.00,13.4,0.0,30.0,0.00,ARMED,,12.2,,
1791300796512,28.625409,77.310977,26.0,CNG,95.58,14.9,,689,26.7,0.68,,88.0,-9.38,0.00,13.4,0.0,26.0,0.00,ARMED,,12.2,,
1791300797253,28.625431,77.311044,24.0,CNG,75.19,14.9,5,700,26.7,1.92,,88.0,-9.38,0.00,13.4,0.0,24.0,0.00,ARMED,,12.2,5,
1791300798886,28.625472,77.311170,24.0,CNG,94.71,14.9,,698,25.5,0.62,,88.0,-11.72,0.00,13.4,0.0,24.0,0.00,ARMED,,12.5,,
1791300799711,28.625472,77.311170,24.0,CNG,88.56,14.9,5,701,25.5,1.30,,88.0,-11.72,0.00,13.5,0.0,24.0,0.00,ARMED,,12.5,5,
1791300800438,28.625492,77.311233,24.0,CNG,56.51,20.8,5,769,25.5,2.89,,88.0,-11.72,0.00,13.5,8.0,24.0,0.00,ARMED,,12.5,5,
1791300802079,28.625534,77.311357,23.0,CNG,33.30,21.2,3,1191,37.6,4.98,,88.0,0.00,-3.13,13.4,8.6,23.0,0.00,ARMED,,16.9,3,
1791300802818,28.625555,77.311421,24.0,CNG,32.63,19.6,3,1246,37.6,3.29,,88.0,0.00,-3.13,13.4,6.4,23.9,0.41,ARMED,,16.9,3,
1791300803609,28.625555,77.311421,24.0,CNG,32.69,19.6,3,1249,37.6,3.18,,88.0,0.00,-3.13,13.5,6.4,24.1,0.38,ARMED,,16.9,3,
1791300805295,28.625598,77.311550,24.0,CNG,36.08,14.9,3,1265,22.0,2.44,,88.0,0.00,0.00,13.5,0.0,24.3,0.36,ARMED,,14.5,3,
1791300806107,28.625617,77.311609,23.0,CNG,24.73,19.6,3,1187,22.0,6.03,,88.0,0.00,0.00,13.4,6.4,23.1,-0.51,ARMED,,14.5,3,
1791300806826,28.625638,77.311669,23.0,CNG,25.60,19.6,3,1174,22.0,3.69,,88.0,0.00,0.00,13.4,6.4,22.6,-0.53,ARMED,,14.5,3,
1791300808495,28.625659,77.311729,23.0,CNG,24.63,19.6,3,1162,27.5,4.29,,88.0,0.78,-3.13,13.4,6.4,22.3,-0.50,ARMED,,18.8,3,
1791300809251,28.625682,77.311789,23.0,CNG,22.46,14.9,3,1163,27.5,5.04,,88.0,0.78,-3.13,13.4,0.0,22.3,-0.10,ARMED,,18.8,3,
1791300810028,28.625705,77.311846,23.0,CNG,22.08,18.8,3,1167,27.5,4.64,,88.0,0.78,-3.13,13.4,5.4,22.4,-0.05,ARMED,,18.8,3,
1791300811790,28.625751,77.311961,23.0,CNG,24.20,16.9,3,1183,41.2,3.53,,88.0,0.00,-2.34,13.3,2.7,22.7,0.12,ARMED,,11.4,3,
1791300812559,28.625751,77.311961,21.0,CNG,26.14,19.6,3,1108,41.2,3.03,,88.0,0.00,-2.34,13.2,6.4,21.5,-0.50,ARMED,,11.4,3,
1791300813338,28.625776,77.312014,21.0,CNG,29.95,18.0,3,1087,41.2,2.34,,88.0,0.00,-2.34,13.2,4.3,21.0,-0.53,ARMED,,11.4,3,
1791300815064,28.625827,77.312118,21.0,CNG,35.08,14.9,3,1079,23.1,1.91,,88.0,0.78,-0.78,13.5,0.0,20.7,-0.50,ARMED,,13.7,3,
1791300815869,28.625852,77.312168,21.0,CNG,35.67,14.9,3,1069,23.1,2.49,,88.0,0.78,-0.78,13.5,0.0,20.6,-0.17,ARMED,,13.7,3,
1791300816645,28.625852,77.312168,19.0,CNG,35.98,14.9,,865,23.1,2.26,,88.0,0.78,-0.78,13.1,0.0,19.0,0.00,ARMED,,13.7,,
1791300818233,28.625891,77.312248,15.0,CNG,33.78,14.9,3,725,58.4,2.17,,88.0,4.69,-3.13,13.1,0.0,15.0,0.00,ARMED,,18.4,3,
1791300819026,28.625909,77.312286,16.0,CNG,33.52,18.4,2,1142,58.4,2.10,,88.0,4.69,-3.13,13.4,4.8,16.0,0.00,ARMED,,18.4,2,
1791300819812,28.625927,77.312325,16.0,CNG,29.43,18.0,2,1174,58.4,2.83,,88.0,4.69,-3.13,13.4,4.3,16.0,0.00,ARMED,,18.4,2,
1791300821469,28.625946,77.312363,15.0,CNG,27.85,21.6,2,1121,41.2,2.55,,88.0,0.00,-3.13,13.5,9.1,15.4,-0.35,ARMED,,16.9,2,
1791300822248,28.625964,77.312403,16.0,CNG,25.47,18.0,2,1212,41.2,3.08,,88.0,0.00,-3.13,13.5,4.3,15.9,0.14,ARMED,,16.9,2,
1791300823034,28.625982,77.312444,17.0,CNG,27.72,19.2,2,1223,41.2,2.33,,88.0,0.00,-3.13,13.1,5.9,16.1,0.18,ARMED,,16.9,2,
1791300824767,28.626011,77.312528,16.0,CNG,23.16,20.0,2,1198,38.8,3.76,,88.0,0.00,-3.13,13.1,7.0,16.0,0.11,ARMED,,16.9,2,
1791300825572,28.626011,77.312528,16.0,CNG,17.95,20.4,2,1220,38.8,5.20,,88.0,0.00,-3.13,13.5,7.5,16.1,0.10,ARMED,,16.9,2,
1791300826346,28.626026,77.312570,17.0,CNG,15.61,21.6,2,1251,38.8,5.61,,88.0,0.00,-3.13,13.5,9.1,16.4,0.16,ARMED,,16.9,2,
1791300827941,28.626059,77.312661,17.0,CNG,14.30,21.2,2,1284,44.7,5.79,,88.0,-0.78,-3.13,13.4,8.6,16.8,0.32,ARMED,,17.6,2,
1791300828724,28.626059,77.312661,18.0,CNG,17.22,20.4,2,1364,44.7,3.25,,88.0,-0.78,-3.13,13.4,7.5,18.0,0.62,ARMED,,17.6,2,
1791300829488,28.626077,77.312709,18.0,CNG,16.25,18.0,2,1346,44.7,5.20,,88.0,-0.78,-3.13,13.4,4.3,18.1,0.41,ARMED,,17.6,2,
1791300831150,28.626112,77.312804,19.0,CNG,18.41,18.0,2,1351,22.0,3.66,,88.0,-0.78,-3.13,13.4,4.3,18.1,0.26,ARMED,,14.9,2,
1791300831928,28.626129,77.312851,18.0,CNG,20.06,14.9,2,1307,22.0,3.37,,88.0,-0.78,-3.13,13.4,0.0,17.6,-0.20,ARMED,,14.9,2,
1791300832717,28.626129,77.312851,17.0,CNG,27.89,14.9,3,816,22.0,1.00,,88.0,-0.78,-3.13,13.4,0.0,17.0,0.00,ARMED,,14.9,3,
1791300834350,28.626156,77.312918,13.0,CNG,26.08,14.9,2,927,22.7,2.45,,88.0,0.78,0.00,13.4,0.0,13.0,0.00,ARMED,,12.5,2,
1791300835115,28.626163,77.312937,7.0,CNG,22.42,14.9,,703,22.7,2.00,,88.0,0.78,0.00,13.4,0.0,7.0,0.00,ARMED,,12.5,,
1791300835922,28.626169,77.312954,7.0,CNG,17.81,14.9,,654,22.7,2.63,,88.0,0.78,0.00,13.3,0.0,7.0,0.00,ARMED,,12.5,,
1791300837590,28.626173,77.312964,5.0,CNG,19.90,14.9,1,706,33.7,0.70,,88.0,-8.59,0.00,13.3,0.0,5.0,0.00,ARMED,,19.2,1,
1791300838371,28.626176,77.312972,3.0,CNG,16.04,14.9,,847,33.7,1.45,,88.0,-8.59,0.00,13.3,0.0,3.0,0.00,ARMED,,19.2,,
1791300839204,28.626180,77.312982,4.0,CNG,6.98,20.4,,800,33.7,5.68,,89.0,-8.59,0.00,13.3,7.5,4.0,0.00,ARMED,,19.2,,
1791300840805,28.626191,77.313010,5.0,CNG,9.30,20.0,1,721,40.0,1.12,,89.0,-7.81,-3.13,13.5,7.0,5.0,0.00,ARMED,,14.9,1,
1791300841550,28.626191,77.313010,7.0,CNG,8.96,20.0,1,942,40.0,3.53,,89.0,-7.81,-3.13,13.5,7.0,6.7,0.82,ARMED,,14.9,1,
1791300842296,28.626199,77.313028,8.0,CNG,9.35,14.9,1,1060,40.0,3.54,,89.0,-7.81,-3.13,13.5,0.0,7.7,1.05,ARMED,,14.9,1,
1791300844105,28.626214,77.313066,8.0,CNG,10.55,14.9,1,1050,23.1,2.76,,89.0,3.13,0.00,13.2,0.0,8.2,0.80,ARMED,,12.5,1,
1791300844853,28.626220,77.313080,5.0,CNG,10.31,14.9,1,714,23.1,2.21,,89.0,3.13,0.00,13.5,0.0,5.9,-0.88,ARMED,,12.5,1,
1791300845592,28.626220,77.313080,5.0,CNG,6.90,14.9,1,760,23.1,5.13,,89.0,3.13,0.00,13.5,0.0,5.5,-0.71,ARMED,,12.5,1,
1791300847263,28.626231,77.313109,6.0,CNG,7.39,20.0,1,802,53.3,3.16,,89.0,-3.13,0.00,13.2,7.0,5.6,-0.35,ARMED,,14.5,1,
1791300848005,28.626236,77.313122,6.0,CNG,7.53,14.9,1,800,53.3,3.37,,89.0,-3.13,0.00,13.2,0.0,5.9,0.05,ARMED,,14.5,1,
1791300848842,28.626239,77.313130,3.0,CNG,6.05,14.9,,821,53.3,3.41,,89.0,-3.13,0.00,13.5,0.0,3.0,0.00,ARMED,,14.5,,
1791300850596,28.626240,77.313131,1.0,CNG,4.09,14.9,,827,43.5,3.51,,89.0,-3.13,0.00,13.5,0.0,1.0,0.00,ARMED,,16.9,,
1791300851333,28.626240,77.313131,0.0,CNG,,14.9,0,1084,43.5,3.08,,89.0,-3.13,0.00,13.2,0.0,0.0,0.00,ARMED,,16.9,1,
1791300852116,28.626241,77.313134,1.0,CNG,,14.9,,881,43.5,5.14,,90.0,-3.13,0.00,13.2,0.0,1.0,0.00,ARMED,,16.9,,
1791300853755,28.626247,77.313148,3.0,CNG,,15.7,,824,29.8,3.50,,90.0,-3.91,-1.56,13.5,1.1,3.0,0.00,ARMED,,12.5,,
1791300854545,28.626247,77.313148,3.0,CNG,,14.9,,774,29.8,2.26,,90.0,-3.91,-1.56,13.5,0.0,3.0,0.00,ARMED,,12.5,,
1791300855310,28.626249,77.313155,3.0,CNG,,19.6,,744,29.8,2.41,,90.0,-3.91,-1.56,13.2,6.4,3.0,0.00,ARMED,,12.5,,
1791300856969,28.626258,77.313175,3.0,CNG,,14.9,,815,34.1,2.47,,90.0,-4.69,0.00,13.2,0.0,3.0,0.00,ARMED,,12.5,,
1791300857759,28.626264,77.313188,5.0,CNG,6.71,14.9,1,769,34.1,1.89,,90.0,-4.69,0.00,13.3,0.0,5.0,0.00,ARMED,,12.5,1,
1791300858515,28.626264,77.313188,5.0,CNG,9.47,14.9,1,752,34.1,1.25,,90.0,-4.69,0.00,13.3,0.0,5.0,0.00,ARMED,,12.5,1,
1791300860119,28.626278,77.313212,5.0,CNG,11.49,16.5,1,745,23.5,1.38,,90.0,3.91,0.00,13.5,2.1,5.0,0.00,ARMED,,12.5,1,
1791300860878,28.626287,77.313224,5.0,CNG,11.84,18.0,,774,23.5,1.76,,90.0,3.91,0.00,13.5,4.3,5.0,0.00,ARMED,,12.5,,
1791300861644,28.626287,77.313224,6.0,CNG,13.38,19.2,1,813,23.5,1.65,,90.0,3.91,0.00,13.4,5.9,6.0,0.00,ARMED,,12.5,1,
1791300863239,28.626311,77.313244,6.0,CNG,13.11,14.9,1,877,23.1,2.04,,90.0,-6.25,0.00,13.4,0.0,6.0,0.00,ARMED,,12.5,1,
1791300864005,28.626319,77.313250,4.0,CNG,14.32,14.9,,724,23.1,0.98,,90.0,-6.25,0.00,13.2,0.0,4.0,0.00,ARMED,,12.5,,
1791300864747,28.626325,77.313255,4.0,CNG,14.94,14.9,,722,23.1,1.07,,90.0,-6.25,0.00,13.2,0.0,4.0,0.00,ARMED,,12.5,,
1791300866373,28.626336,77.313260,3.0,CNG,7.48,20.4,,688,78.8,3.72,,90.0,8.59,-3.13,12.9,7.5,3.0,0.00,ARMED,,19.6,,
1791300867153,28.626355,77.313267,9.0,CNG,7.40,22.4,,629,78.8,5.32,,90.0,8.59,-3.13,12.9,10.2,9.0,0.00,ARMED,,19.6,,
1791300867893,28.626381,77.313268,11.0,CNG,7.21,22.4,2,841,78.8,6.77,,90.0,8.59,-3.13,13.3,10.2,11.0,0.00,ARMED,,19.6,2,
1791300869574,28.626412,77.313264,13.0,CNG,11.33,23.9,2,930,83.1,2.36,,90.0,3.91,-3.13,13.3,12.3,12.2,0.71,ARMED,,22.0,2,
1791300870393,28.626449,77.313252,16.0,CNG,9.89,14.9,2,1203,83.1,7.86,,90.0,3.91,-3.13,13.4,0.0,15.7,1.77,ARMED,,22.0,2,
1791300871370,28.626488,77.313236,17.0,CNG,13.08,20.0,2,1165,83.1,3.66,,90.0,3.91,-3.13,13.4,7.0,16.1,1.03,ARMED,,22.0,2,
1791300873470,28.626577,77.313194,18.0,CNG,13.02,21.2,3,946,57.3,6.04,,90.0,-1.56,-3.13,13.2,8.6,18.0,0.00,ARMED,,18.4,3,
1791300874481,28.626627,77.313171,23.0,CNG,15.35,21.2,3,1149,57.3,5.31,,91.0,-1.56,-3.13,13.2,8.6,22.7,1.88,ARMED,,18.4,3,
1791300875391,28.626681,77.313146,24.0,CNG,16.35,21.2,3,1234,57.3,5.89,,91.0,-1.56,-3.13,13.4,8.6,24.5,1.93,ARMED,,18.4,3,
1791300877794,28.626859,77.313067,25.0,CNG,20.15,20.8,3,1293,29.4,3.83,,91.0,-2.34,-2.34,13.3,8.0,26.0,1.57,ARMED,,14.1,3,
1791300878785,28.626921,77.313040,27.0,CNG,24.42,20.0,3,1372,29.4,3.53,,91.0,-2.34,-2.34,13.6,7.0,27.4,0.70,ARMED,,14.1,3,
1791300879767,28.626985,77.313011,27.0,CNG,28.91,20.0,3,1400,29.4,3.05,,91.0,-2.34,-2.34,13.6,7.0,27.8,0.64,ARMED,,14.1,3,
1791300881419,28.627052,77.312981,28.0,CNG,31.71,20.0,3,1444,22.0,3.33,,91.0,0.00,-3.13,13.4,7.0,28.5,0.68,ARMED,,15.7,3,
1791300882163,28.627119,77.312951,30.0,CNG,34.73,20.0,3,1529,22.0,3.28,,90.0,0.00,-3.13,13.4,7.0,30.1,0.93,ARMED,,15.7,3,
1791300882943,28.627190,77.312920,31.0,CNG,34.91,20.0,3,1570,22.0,3.83,,90.0,0.00,-3.13,13.6,7.0,30.9,0.96,ARMED,,15.7,3,
1791300884710,28.627261,77.312889,31.0,CNG,34.42,20.0,3,1594,20.8,3.99,,90.0,0.00,-3.13,13.6,7.0,31.5,0.90,ARMED,,15.7,3,
1791300885533,28.627335,77.312857,32.0,CNG,37.21,20.0,3,1630,20.8,3.31,,90.0,0.00,-3.13,13.5,7.0,32.2,0.50,ARMED,,15.7,3,
1791300886298,28.627408,77.312825,32.0,CNG,32.15,20.0,3,1636,20.8,5.17,,90.0,0.00,-3.13,13.5,7.0,32.4,0.43,ARMED,,15.7,3,
1791300888048,28.627557,77.312762,32.0,CNG,29.60,19.6,3,1650,28.6,5.24,,90.0,-0.78,-3.13,13.5,6.4,32.6,0.39,ARMED,,17.3,3,
1791300888850,28.627634,77.312731,32.0,CNG,29.16,19.6,3,1665,28.6,4.87,,89.0,-0.78,-3.13,13.5,6.4,32.7,0.15,ARMED,,17.3,3,
1791300889646,28.627634,77.312731,32.0,CNG,27.46,19.6,3,1666,28.6,5.50,,89.0,-0.78,-3.13,13.4,6.4,32.7,0.12,CANDIDATE,32.7,17.3,3,
1791300891424,28.627785,77.312669,33.0,CNG,28.19,20.0,3,1682,28.6,4.89,,89.0,0.00,-3.13,13.4,7.0,32.9,0.15,LOCKED,32.9,17.3,3,
1791300892219,28.627863,77.312638,33.0,CNG,28.07,20.0,3,1695,28.6,5.14,,89.0,0.00,-3.13,13.2,7.0,33.2,0.15,LOCKED,32.9,17.3,3,
1791300892972,28.627942,77.312607,33.0,CNG,30.54,20.0,3,1709,28.6,4.08,,89.0,0.00,-3.13,13.2,7.0,33.4,0.17,LOCKED,32.9,17.3,3,
1791300894684,28.628018,77.312575,33.0,CNG,32.35,20.0,3,1711,19.6,4.04,,89.0,-0.78,-3.13,13.3,7.0,33.5,0.16,LOCKED,32.9,16.1,3,
1791300895444,28.628097,77.312546,33.0,CNG,34.34,19.6,3,1703,19.6,3.79,,88.0,-0.78,-3.13,13.3,6.4,33.3,-0.04,LOCKED,32.9,16.1,3,
1791300896228,28.628176,77.312517,33.0,CNG,34.99,19.6,3,1706,19.6,3.98,,88.0,-0.78,-3.13,13.5,6.4,33.3,-0.04,LOCKED,32.9,16.1,3,
1791300897929,28.628331,77.312458,33.0,CNG,34.71,19.6,3,1707,20.0,4.18,,88.0,-0.78,-3.91,13.5,6.4,33.3,-0.03,LOCKED,32.9,15.7,3,
1791300898759,28.628408,77.312428,33.0,CNG,35.78,19.6,3,1664,20.0,3.82,,88.0,-0.78,-3.91,13.6,6.4,32.6,-0.32,LOCKED,32.9,15.7,3,
1791300899488,28.628408,77.312428,33.0,CNG,36.31,19.6,3,1683,20.0,3.86,,88.0,-0.78,-3.91,13.6,6.4,32.7,-0.13,LOCKED,32.9,15.7,3,
1791300901074,28.628561,77.312360,33.0,CNG,38.73,19.6,3,1676,20.0,3.33,,88.0,0.00,-3.91,13.4,6.4,32.7,-0.10,LOCKED,32.9,15.7,3,
1791300901870,28.628633,77.312326,33.0,CNG,37.40,14.9,3,1667,20.0,4.03,,88.0,0.00,-3.91,13.4,0.0,32.6,-0.08,LOCKED,32.9,15.7,3,
1791300902709,28.628633,77.312326,32.0,CNG,43.87,14.9,4,1317,20.0,2.32,,88.0,0.00,-3.91,13.2,0.0,32.0,0.00,PAUSED,32.9,15.7,4,
1791300904377,28.628755,77.312271,27.0,CNG,50.09,14.9,5,817,25.1,1.74,,88.0,0.00,0.00,13.2,0.0,27.0,0.00,PAUSED,32.9,12.2,5,
1791300905158,28.628791,77.312255,13.0,CNG,44.86,14.9,,605,25.1,1.72,,88.0,0.00,0.00,13.3,0.0,13.0,0.00,PAUSED,32.9,12.2,,
1791300905893,28.628808,77.312247,7.0,CNG,42.05,14.9,,644,25.1,0.95,,88.0,0.00,0.00,13.3,0.0,7.0,0.00,PAUSED,32.9,12.2,,
1791300907628,28.628812,77.312246,2.0,CNG,33.55,14.9,,684,38.0,0.92,,88.0,-7.03,0.00,13.0,0.0,2.0,0.00,PAUSED,32.9,14.5,,
1791300908404,28.628812,77.312246,0.0,CNG,13.09,14.9,0,777,38.0,3.31,,88.0,-7.03,0.00,13.0,0.0,0.0,0.00,ARMED,,14.5,1,
1791300909156,28.628812,77.312246,0.0,CNG,6.77,14.9,0,791,38.0,3.04,,88.0,-7.03,0.00,13.2,0.0,0.0,0.00,ARMED,,14.5,1,
1791300910902,28.628812,77.312246,0.0,CNG,,14.9,0,806,43.1,3.53,,88.0,-1.56,0.00,13.5,0.0,0.0,0.00,ARMED,,15.7,1,
1791300911748,28.628812,77.312246,0.0,CNG,,19.6,0,842,43.1,3.66,,88.0,-1.56,0.00,13.1,6.4,0.0,0.00,ARMED,,15.7,1,
1791300912510,28.628812,77.312246,1.0,CNG,,14.9,,812,43.1,4.70,,88.0,-1.56,0.00,13.1,0.0,1.0,0.00,ARMED,,15.7,,
1791300914172,28.628818,77.312243,1.0,CNG,,14.9,,850,41.2,3.81,,88.0,-3.13,0.00,13.4,0.0,1.0,0.00,ARMED,,15.3,,
1791300914894,28.628820,77.312242,1.0,CNG,,15.7,,822,41.2,1.50,,89.0,-3.13,0.00,13.4,1.1,1.0,0.00,ARMED,,15.3,,
1791300915659,28.628820,77.312242,1.0,CNG,,20.4,,822,41.2,4.10,,89.0,-3.13,0.00,13.5,7.5,1.0,0.00,ARMED,,15.3,,
1791300917337,28.628829,77.312238,1.0,CNG,,20.4,,1392,47.8,3.98,,89.0,3.13,-3.13,13.5,7.5,1.0,0.00,ARMED,,15.3,,
1791300918172,28.628841,77.312232,6.0,CNG,3.40,21.6,1,816,47.8,4.23,,89.0,3.13,-3.13,13.4,9.1,6.0,0.00,ARMED,,15.3,1,
1791300918928,28.628859,77.312225,8.0,CNG,5.00,21.6,1,1072,47.8,5.10,,89.0,3.13,-3.13,13.4,9.1,7.3,0.74,ARMED,,15.3,1,
1791300920631,28.628883,77.312215,10.0,CNG,6.31,21.6,1,1336,30.2,5.52,,89.0,-3.13,-3.13,13.4,9.1,9.2,1.51,ARMED,,18.0,1,
1791300921364,28.628910,77.312204,13.0,CNG,9.48,14.9,1,1834,30.2,3.54,,89.0,-3.13,-3.13,13.4,0.0,12.8,2.04,ARMED,,18.0,1,
1791300922171,28.628940,77.312193,13.0,CNG,10.06,21.2,,1230,30.2,5.24,,89.0,-3.13,-3.13,13.4,8.6,13.0,0.00,ARMED,,18.0,,
1791300923790,28.629005,77.312166,14.0,CNG,11.63,21.2,2,1023,42.0,4.28,,89.0,0.00,-3.13,13.4,8.6,14.0,0.00,ARMED,,16.9,2,
1791300924591,28.629005,77.312166,15.0,CNG,13.30,21.2,2,1150,42.0,4.05,,89.0,0.00,-3.13,13.4,8.6,14.9,0.41,ARMED,,16.9,2,
1791300925329,28.629041,77.312151,16.0,CNG,14.32,21.2,2,1194,42.0,4.39,,89.0,0.00,-3.13,13.4,8.6,15.7,0.70,ARMED,,16.9,2,
1791300926993,28.629119,77.312120,16.0,CNG,14.14,21.2,2,1237,42.4,5.00,,89.0,-0.78,-3.13,13.3,8.6,16.4,0.77,ARMED,,18.0,2,
1791300927717,28.629119,77.312120,18.0,CNG,13.27,21.2,2,1350,42.4,6.34,,89.0,-0.78,-3.13,13.3,8.6,18.0,0.85,ARMED,,18.0,2,
1791300928514,28.629163,77.312103,19.0,CNG,13.57,21.2,2,1385,42.4,5.91,,89.0,-0.78,-3.13,13.2,8.6,18.6,0.83,ARMED,,18.0,2,
1791300930158,28.629250,77.312066,19.0,CNG,13.28,21.2,2,1425,40.8,6.39,,89.0,0.00,-3.13,13.2,8.6,19.2,0.80,ARMED,,18.4,2,
1791300930918,28.629295,77.312046,20.0,CNG,13.65,21.2,2,1509,40.8,6.13,,89.0,0.00,-3.13,13.4,8.6,20.2,0.75,ARMED,,18.4,2,
1791300931735,28.629295,77.312046,21.0,CNG,13.55,21.2,2,1537,40.8,6.80,,89.0,0.00,-3.13,13.4,8.6,20.7,0.70,ARMED,,18.4,2,
1791300933429,28.629394,77.312005,21.0,CNG,13.61,21.2,2,1573,29.4,6.66,,89.0,0.78,-3.13,13.3,8.6,21.1,0.68,ARMED,,17.3,2,
1791300934250,28.629445,77.311983,23.0,CNG,15.99,21.2,2,1683,29.4,4.81,,89.0,0.78,-3.13,13.3,8.6,22.6,0.73,ARMED,,17.3,2,
1791300935034,28.629498,77.311961,23.0,CNG,20.20,20.0,2,1735,29.4,3.13,,89.0,0.78,-3.13,13.5,7.0,23.2,0.76,ARMED,,17.3,2,
1791300936740,28.629551,77.311938,23.0,CNG,21.44,20.0,2,1748,21.6,4.25,,89.0,0.00,-3.91,13.5,7.0,23.6,0.70,ARMED,,16.1,2,
1791300937549,28.629607,77.311914,24.0,CNG,22.11,20.4,2,1764,21.6,4.51,,89.0,0.00,-3.91,13.5,7.5,23.8,0.24,ARMED,,16.1,2,
1791300938297,28.629662,77.311891,24.0,CNG,24.36,20.4,2,1782,21.6,3.65,,89.0,0.00,-3.91,13.5,7.5,24.0,0.23,ARMED,,16.1,2,
1791300939959,28.629772,77.311843,24.0,CNG,23.97,20.4,2,1796,20.8,4.45,,89.0,-1.56,-3.91,13.6,7.5,24.1,0.23,ARMED,,16.1,2,
1791300940691,28.629772,77.311843,24.0,CNG,20.99,21.2,2,1773,20.8,5.88,,89.0,-1.56,-3.91,13.6,8.6,23.9,-0.05,ARMED,,16.1,2,
1791300941436,28.629826,77.311819,24.0,CNG,20.11,18.4,2,1789,20.8,5.51,,89.0,-1.56,-3.91,13.4,4.8,24.0,-0.02,ARMED,,16.1,2,
1791300943290,28.629935,77.311770,24.0,CNG,25.08,16.9,,1573,21.2,2.62,,88.0,0.00,-3.13,13.5,2.7,24.0,0.00,ARMED,,14.5,,
1791300944104,28.629988,77.311747,23.0,CNG,30.04,18.0,3,1182,21.2,2.30,,88.0,0.00,-3.13,13.5,4.3,23.0,0.00,ARMED,,14.5,3,
1791300944837,28.630041,77.311724,23.0,CNG,31.02,18.0,3,1175,21.2,3.06,,88.0,0.00,-3.13,13.5,4.3,23.0,0.00,ARMED,,14.5,3,
1791300946532,28.630091,77.311701,23.0,CNG,34.98,18.0,3,1170,24.7,2.30,,88.0,2.34,-2.34,13.2,4.3,23.0,0.00,ARMED,,15.3,3,
1791300947264,28.630143,77.311679,22.0,CNG,30.27,18.4,3,1121,24.7,3.83,,88.0,2.34,-2.34,13.2,4.8,22.1,-0.41,ARMED,,15.3,3,
1791300948031,28.630193,77.311657,22.0,CNG,29.42,18.4,3,1105,24.7,3.39,,88.0,2.34,-2.34,13.3,4.8,21.8,-0.43,ARMED,,15.3,3,
1791300949681,28.630246,77.311636,22.0,CNG,29.85,18.4,3,1127,33.7,3.13,,88.0,0.00,-2.34,13.3,4.8,21.9,-0.17,ARMED,,16.1,3,
1791300950455,28.630294,77.311615,21.0,CNG,29.76,18.4,3,1097,33.7,3.08,,88.0,0.00,-2.34,13.2,4.8,21.5,-0.19,ARMED,,16.1,3,
1791300951280,28.630342,77.311592,21.0,CNG,28.68,16.5,3,1100,33.7,3.36,,89.0,0.00,-2.34,13.2,2.1,21.5,-0.16,ARMED,,16.1,3,
1791300952913,28.630435,77.311552,21.0,CNG,29.79,14.9,4,910,38.0,2.88,,89.0,0.00,0.00,13.3,0.0,21.0,0.00,ARMED,,14.9,4,
1791300953699,28.630435,77.311552,15.0,CNG,31.43,14.9,3,806,38.0,1.83,,89.0,0.00,0.00,13.3,0.0,15.0,0.00,ARMED,,14.9,3,
1791300954476,28.630466,77.311539,10.0,CNG,31.62,14.9,2,775,38.0,1.35,,89.0,0.00,0.00,13.5,0.0,10.0,0.00,ARMED,,14.9,2,
1791300956084,28.630494,77.311526,6.0,CNG,29.02,14.9,1,778,22.0,1.18,,89.0,5.47,0.00,13.5,0.0,6.0,0.00,ARMED,,12.5,1,
1791300956879,28.630501,77.311523,3.0,CNG,18.81,14.9,,753,22.0,2.10,,89.0,5.47,0.00,13.4,0.0,3.0,0.00,ARMED,,12.5,,
1791300957659,28.630501,77.311523,2.0,CNG,15.55,14.9,,706,22.0,1.15,,89.0,5.47,0.00,13.4,0.0,2.0,0.00,ARMED,,12.5,,
1791300959311,28.630502,77.311522,0.0,CNG,10.88,14.9,0,705,24.7,1.02,,89.0,-5.47,1.56,13.5,0.0,0.0,0.00,ARMED,,12.5,1,
1791300960048,28.630502,77.311522,0.0,CNG,,14.9,0,716,24.7,2.16,,89.0,-5.47,1.56,13.5,0.0,0.0,0.00,ARMED,,12.5,1,
1791300960819,28.630502,77.311522,0.0,CNG,,14.9,0,710,24.7,1.71,,89.0,-5.47,1.56,13.4,0.0,0.0,0.00,ARMED,,12.5,1,
1791300962462,28.630502,77.311522,0.0,CNG,,14.9,0,708,23.5,2.02,,89.0,-2.34,0.00,13.4,0.0,0.0,0.00,ARMED,,12.5,1,
1791300963253,28.630502,77.311522,0.0,CNG,,14.9,0,706,23.5,1.41,,89.0,-2.34,0.00,13.4,0.0,0.0,0.00,ARMED,,12.5,1,
1791300964013,28.630502,77.311522,0.0,CNG,,14.9,0,703,23.5,0.91,,89.0,-2.34,0.00,13.4,0.0,0.0,0.00,ARMED,,12.5,1,
1791300965716,28.630502,77.311522,0.0,CNG,,14.9,0,700,23.1,2.15,,89.0,-2.34,-1.56,13.4,0.0,0.0,0.00,ARMED,,12.5,1,
1791300966468,28.630502,77.311522,0.0,CNG,,14.9,0,705,23.1,1.21,,89.0,-2.34,-1.56,13.4,0.0,0.0,0.00,ARMED,,12.5,1,
1791300967255,28.630502,77.311522,0.0,CNG,,14.9,0,708,23.1,2.15,,89.0,-2.34,-1.56,13.3,0.0,0.0,0.00,ARMED,,12.5,1,
1791300968875,28.630502,77.311522,0.0,CNG,,14.9,0,773,40.0,3.23,,89.0,-2.34,-2.34,13.3,0.0,0.0,0.00,ARMED,,15.3,1,
1791300969657,28.630502,77.311522,0.0,CNG,,14.9,0,818,40.0,3.31,,89.0,-2.34,-2.34,13.4,0.0,0.0,0.00,ARMED,,15.3,1,
1791300970472,28.630502,77.311522,0.0,CNG,,14.9,0,821,40.0,3.42,,90.0,-2.34,-2.34,13.4,0.0,0.0,0.00,ARMED,,15.3,1,
1791300972148,28.630502,77.311522,0.0,CNG,,14.9,0,829,39.6,2.54,,90.0,1.56,-2.34,13.4,0.0,0.0,0.00,ARMED,,14.9,1,
1791300972883,28.630502,77.311522,0.0,CNG,,14.9,0,831,39.6,2.87,,90.0,1.56,-2.34,13.4,0.0,0.0,0.00,ARMED,,14.9,1,
1791300973735,28.630502,77.311522,0.0,CNG,,14.9,0,821,39.6,3.47,,90.0,1.56,-2.34,13.4,0.0,0.0,0.00,ARMED,,14.9,1,
1791300975569,28.630502,77.311522,0.0,CNG,,14.9,0,828,23.5,2.90,,90.0,-0.78,-2.34,13.4,0.0,0.0,0.00,ARMED,,12.9,1,
1791300976410,28.630502,77.311522,0.0,CNG,,14.9,0,731,23.5,1.70,,90.0,-0.78,-2.34,13.2,0.0,0.0,0.00,ARMED,,12.9,1,
1791300977166,28.630502,77.311522,0.0,CNG,,14.9,0,711,23.5,1.04,,90.0,-0.78,-2.34,13.2,0.0,0.0,0.00,ARMED,,12.9,1,
1791300978934,28.630502,77.311522,0.0,CNG,,14.9,0,701,24.3,1.94,,90.0,-0.78,-2.34,13.5,0.0,0.0,0.00,ARMED,,12.5,1,
1791300979707,28.630502,77.311522,0.0,CNG,,14.9,0,706,24.3,1.14,,90.0,-0.78,-2.34,13.5,0.0,0.0,0.00,ARMED,,12.5,1,
1791300980459,28.630502,77.311522,0.0,CNG,,14.9,0,702,24.3,2.17,,90.0,-0.78,-2.34,13.6,0.0,0.0,0.00,ARMED,,12.5,1,
1791300982106,28.630502,77.311522,0.0,CNG,,14.9,0,707,24.3,2.13,,90.0,-1.56,-2.34,13.6,0.0,0.0,0.00,ARMED,,12.5,1,
1791300982920,28.630502,77.311522,0.0,CNG,,14.9,0,705,24.3,1.18,,90.0,-1.56,-2.34,13.4,0.0,0.0,0.00,ARMED,,12.5,1,
1791300983666,28.630502,77.311522,0.0,CNG,,14.9,0,706,24.3,0.95,,90.0,-1.56,-2.34,13.4,0.0,0.0,0.00,ARMED,,12.5,1,
1791300985366,28.630502,77.311522,0.0,CNG,,14.9,0,702,38.0,1.85,,90.0,2.34,-3.13,13.0,0.0,0.0,0.00,ARMED,,14.5,1,
1791300986128,28.630502,77.311522,0.0,CNG,,14.9,0,782,38.0,2.73,,90.0,2.34,-3.13,13.0,0.0,0.0,0.00,ARMED,,14.5,1,
1791300986894,28.630502,77.311522,0.0,CNG,,14.9,0,805,38.0,3.51,,90.0,2.34,-3.13,13.3,0.0,0.0,0.00,ARMED,,14.5,1,
1791300988591,28.630502,77.311522,0.0,CNG,,14.9,0,807,40.4,2.95,,90.0,1.56,-3.13,13.3,0.0,0.0,0.00,ARMED,,15.3,1,
1791300989350,28.630502,77.311522,0.0,CNG,,14.9,0,834,40.4,3.53,,90.0,1.56,-3.13,13.4,0.0,0.0,0.00,ARMED,,15.3,1,
1791300990125,28.630502,77.311522,0.0,CNG,,14.9,0,835,40.4,3.29,,90.0,1.56,-3.13,13.4,0.0,0.0,0.00,ARMED,,15.3,1,
1791300991793,28.630502,77.311522,0.0,CNG,,14.9,0,841,40.0,3.42,,90.0,1.56,-3.13,13.3,0.0,0.0,0.00,ARMED,,15.3,1,
1791300992594,28.630502,77.311522,0.0,CNG,,14.9,0,800,40.0,1.48,,90.0,1.56,-3.13,13.3,0.0,0.0,0.00,ARMED,,15.3,1,
1791300993365,28.630502,77.311522,0.0,CNG,,14.9,0,751,40.0,2.25,,90.0,1.56,-3.13,13.3,0.0,0.0,0.00,ARMED,,15.3,1,
1791300995049,28.630502,77.311522,0.0,CNG,,14.9,0,726,24.7,1.12,,90.0,3.13,-3.13,13.3,0.0,0.0,0.00,ARMED,,12.5,1,
1791300995856,28.630502,77.311522,0.0,CNG,,14.9,0,705,24.7,2.19,,90.0,3.13,-3.13,13.3,0.0,0.0,0.00,ARMED,,12.5,1,
1791300996591,28.630502,77.311522,0.0,CNG,,14.9,0,711,24.7,1.64,,90.0,3.13,-3.13,13.3,0.0,0.0,0.00,ARMED,,12.5,1,
1791300998307,28.630502,77.311522,0.0,CNG,,14.9,0,710,27.8,2.32,,90.0,1.56,-2.34,13.2,0.0,0.0,0.00,ARMED,,12.2,1,
1791300999045,28.630502,77.311522,0.0,CNG,,25.1,0,747,27.8,5.91,,90.0,1.56,-2.34,13.2,13.9,0.0,0.00,ARMED,,12.2,1,
1791300999888,28.630517,77.311518,4.0,CNG,,22.4,,1142,27.8,0.89,,90.0,1.56,-2.34,13.0,10.2,4.0,0.00,ARMED,,12.2,,
1791301001518,28.630536,77.311510,6.0,CNG,2.86,25.9,1,896,53.7,9.01,,90.0,2.34,-3.13,13.0,15.0,6.0,0.00,ARMED,,19.6,1,
1791301002299,28.630563,77.311501,12.0,CNG,6.79,14.9,1,1508,53.7,3.24,,90.0,2.34,-3.13,12.9,0.0,11.2,2.46,ARMED,,19.6,1,
1791301003085,28.630590,77.311492,12.0,CNG,11.38,14.9,2,800,53.7,1.94,,90.0,2.34,-3.13,12.9,0.0,12.0,0.00,ARMED,,19.6,2,
1791301004771,28.630639,77.311500,11.0,CNG,15.68,14.9,,717,47.8,1.65,,90.0,0.00,-2.34,13.2,0.0,11.0,0.00,ARMED,,17.3,,
1791301005514,28.630639,77.311500,10.0,CNG,11.21,21.2,2,806,47.8,5.49,,90.0,0.00,-2.34,13.2,8.6,10.0,0.00,ARMED,,17.3,2,
1791301006279,28.630649,77.311521,11.0,CNG,9.82,21.2,2,820,47.8,5.67,,90.0,0.00,-2.34,13.5,8.6,10.6,0.35,ARMED,,17.3,2,
1791301008039,28.630624,77.311573,13.0,CNG,9.53,21.2,2,931,65.9,6.14,,90.0,-1.56,-3.13,13.3,8.6,12.2,1.11,ARMED,,19.6,2,
1791301008838,28.630591,77.311590,15.0,CNG,9.34,22.0,2,1134,65.9,7.13,,90.0,-1.56,-3.13,13.4,9.6,14.9,1.44,ARMED,,19.6,2,
1791301009594,28.630591,77.311590,17.0,CNG,9.69,22.0,2,1220,65.9,7.29,,90.0,-1.56,-3.13,13.4,9.6,16.1,1.47,ARMED,,19.6,2,
1791301011264,28.630512,77.311623,18.0,CNG,10.09,22.0,2,1296,45.9,7.37,,90.0,-1.56,-3.13,13.4,9.6,17.2,1.48,ARMED,,13.7,2,
1791301012047,28.630469,77.311640,19.0,CNG,15.13,20.4,3,937,45.9,2.03,,91.0,-1.56,-3.13,13.4,7.5,19.0,0.00,ARMED,,13.7,3,
1791301012870,28.630426,77.311659,18.0,CNG,16.95,21.2,3,957,45.9,3.82,,91.0,-1.56,-3.13,13.3,8.6,18.4,-0.36,ARMED,,13.7,3,
1791301014498,28.630382,77.311678,19.0,CNG,17.81,20.8,3,969,39.6,4.31,,91.0,-3.13,-2.34,13.3,8.0,18.6,-0.04,ARMED,,15.7,3,
1791301015302,28.630335,77.311698,20.0,CNG,24.82,19.2,3,1041,39.6,1.63,,91.0,-3.13,-2.34,13.4,5.9,19.8,0.54,ARMED,,15.7,3,
1791301016090,28.630287,77.311717,20.0,CNG,29.88,19.2,3,1057,39.6,2.07,,91.0,-3.13,-2.34,13.4,5.9,20.3,0.55,ARMED,,15.7,3,
1791301017804,28.630191,77.311758,21.0,CNG,29.40,19.2,3,1059,26.7,3.17,,91.0,-0.78,-2.34,13.5,5.9,20.5,0.48,ARMED,,14.5,3,
1791301018535,28.630191,77.311758,21.0,CNG,32.62,19.2,3,1067,26.7,2.36,,91.0,-0.78,-2.34,13.5,5.9,20.7,0.19,ARMED,,14.5,3,
1791301019357,28.630144,77.311779,21.0,CNG,33.83,19.2,3,1068,26.7,2.55,,91.0,-0.78,-2.34,13.5,5.9,20.7,0.15,ARMED,,14.5,3,
1791301020989,28.630044,77.311818,21.0,CNG,35.74,19.2,3,1063,25.1,2.34,,91.0,0.00,-2.34,13.5,5.9,20.7,0.11,ARMED,,13.7,3,
1791301021831,28.629998,77.311835,20.0,CNG,34.96,14.9,3,995,25.1,2.57,,91.0,0.00,-2.34,13.3,0.0,19.5,-0.52,ARMED,,13.7,3,
1791301022564,28.629998,77.311835,17.0,CNG,36.64,14.9,3,798,25.1,1.84,,91.0,0.00,-2.34,13.3,0.0,16.8,-1.81,ARMED,,13.7,3,
1791301024194,28.629934,77.311859,14.0,CNG,30.84,14.9,3,759,39.2,2.61,,91.0,-2.34,-2.34,13.5,0.0,15.0,-2.07,ARMED,,14.9,3,
1791301024966,28.629918,77.311866,6.0,CNG,19.45,14.9,1,793,39.2,3.45,,90.0,-2.34,-2.34,13.5,0.0,6.0,0.00,ARMED,,14.9,1,
1791301025738,28.629907,77.311873,5.0,CNG,13.94,14.9,,809,39.2,3.23,,90.0,-2.34,-2.34,13.5,0.0,5.0,0.00,ARMED,,14.9,,
1791301027388,28.629896,77.311881,5.0,CNG,10.47,14.9,,819,39.2,3.56,,91.0,0.78,-2.34,13.5,0.0,5.0,0.00,ARMED,,14.9,,
1791301028152,28.629891,77.311884,2.0,CNG,7.30,14.9,,826,39.2,3.28,,91.0,0.78,-2.34,13.3,0.0,2.0,0.00,ARMED,,14.9,,
1791301028889,28.629891,77.311884,0.0,CNG,4.13,14.9,0,827,39.2,3.73,,91.0,0.78,-2.34,13.3,0.0,0.0,0.00,ARMED,,14.9,1,
1791301030618,28.629891,77.311884,0.0,CNG,,14.9,0,821,26.7,3.20,,91.0,0.00,-2.34,13.4,0.0,0.0,0.00,ARMED,,12.9,1,
1791301031353,28.629891,77.311884,0.0,CNG,,14.9,0,742,26.7,1.29,,91.0,0.00,-2.34,13.4,0.0,0.0,0.00,ARMED,,12.9,1,
1791301032111,28.629891,77.311884,0.0,CNG,,14.9,0,704,26.7,1.34,,91.0,0.00,-2.34,13.5,0.0,0.0,0.00,ARMED,,12.9,1,
1791301033752,28.629890,77.311885,0.0,CNG,,14.9,0,712,71.0,0.84,,91.0,3.13,-2.34,13.5,0.0,0.0,0.00,ARMED,,12.5,1,
1791301034511,28.629890,77.311885,1.0,CNG,,14.9,,764,71.0,1.58,,91.0,3.13,-2.34,13.1,0.0,1.0,0.00,ARMED,,12.5,,
1791301035290,28.629890,77.311885,0.0,CNG,,14.9,0,743,71.0,1.90,,91.0,3.13,-2.34,13.1,0.0,0.0,0.00,ARMED,,12.5,1,
1791301037047,28.629893,77.311882,0.0,CNG,,14.9,0,675,25.1,7.32,,91.0,-12.50,-1.56,13.4,0.0,0.0,0.00,ARMED,,12.9,1,
1791301037804,28.629893,77.311883,0.0,CNG,,27.1,0,686,25.1,8.88,,91.0,-12.50,-1.56,13.4,16.6,0.0,0.00,ARMED,,12.9,1,
1791301038589,28.629893,77.311883,3.0,CNG,,14.9,,830,25.1,1.39,,91.0,-12.50,-1.56,13.1,0.0,3.0,0.00,ARMED,,12.9,,
1791301040408,28.629877,77.311901,5.0,CNG,,14.9,,691,26.3,2.09,,91.0,-3.91,-1.56,13.4,0.0,5.0,0.00,ARMED,,12.2,,
1791301041171,28.629872,77.311907,2.0,CNG,,14.9,,686,26.3,1.97,,91.0,-3.91,-1.56,13.1,0.0,2.0,0.00,ARMED,,12.2,,
1791301041931,28.629871,77.311908,0.0,CNG,,14.9,0,659,26.3,0.86,,91.0,-3.91,-1.56,13.1,0.0,0.0,0.00,ARMED,,12.2,1,
1791301043589,28.629871,77.311908,0.0,CNG,,14.9,0,729,40.8,2.75,,91.0,-5.47,-1.56,13.3,0.0,0.0,0.00,ARMED,,15.3,1,
1791301044333,28.629871,77.311908,0.0,CNG,,14.9,0,811,40.8,2.58,,91.0,-5.47,-1.56,13.3,0.0,0.0,0.00,ARMED,,15.3,1,
1791301045076,28.629871,77.311908,0.0,CNG,,17.6,0,814,40.8,3.68,,91.0,-5.47,-1.56,12.9,3.7,0.0,0.00,ARMED,,15.3,1,
1791301046719,28.629872,77.311906,0.0,CNG,,14.9,0,607,37.6,3.16,,91.0,-0.78,-1.56,12.9,0.0,0.0,0.00,ARMED,,16.1,1,
1791301047509,28.629875,77.311901,2.0,CNG,,14.9,,826,37.6,4.30,,91.0,-0.78,-1.56,13.4,0.0,2.0,0.00,ARMED,,16.1,,
1791301048314,28.629879,77.311896,3.0,CNG,,14.9,,832,37.6,2.81,,91.0,-0.78,-1.56,13.4,0.0,3.0,0.00,ARMED,,16.1,,
1791301049960,28.629882,77.311892,1.0,CNG,,14.9,,825,67.8,3.51,,91.0,-2.34,-2.34,12.9,0.0,1.0,0.00,ARMED,,19.6,,
1791301050724,28.629882,77.311892,2.0,CNG,,14.9,,684,67.8,3.55,,91.0,-2.34,-2.34,12.9,0.0,2.0,0.00,ARMED,,19.6,,
1791301051550,28.629876,77.311892,3.0,CNG,,22.4,,798,67.8,3.51,,91.0,-2.34,-2.34,13.0,10.2,3.0,0.00,ARMED,,19.6,,
1791301053199,28.629857,77.311890,4.0,CNG,,14.9,,670,34.1,5.26,,91.0,-9.38,-2.34,13.0,0.0,4.0,0.00,ARMED,,15.7,,
1791301053939,28.629842,77.311892,6.0,CNG,3.32,22.4,1,819,34.1,7.32,,91.0,-9.38,-2.34,13.5,10.2,6.0,0.00,ARMED,,15.7,1,
1791301054694,28.629842,77.311892,8.0,CNG,4.31,18.8,1,1199,34.1,6.18,,91.0,-9.38,-2.34,13.5,5.4,7.2,0.72,ARMED,,15.7,1,
1791301056408,28.629799,77.311911,9.0,CNG,6.70,14.9,1,1202,23.9,2.76,,91.0,0.00,-1.56,13.3,0.0,8.5,1.15,ARMED,,13.3,1,
1791301057198,28.629778,77.311923,9.0,CNG,10.51,14.9,,844,23.9,1.25,,91.0,0.00,-1.56,13.3,0.0,9.0,0.00,ARMED,,13.3,,
1791301058006,28.629760,77.311934,8.0,CNG,12.20,14.9,,718,23.9,2.18,,91.0,0.00,-1.56,13.3,0.0,8.0,0.00,ARMED,,13.3,,
1791301059710,28.629742,77.311945,8.0,CNG,14.62,14.9,,708,26.3,1.68,,91.0,-3.91,-1.56,13.3,0.0,8.0,0.00,ARMED,,16.5,,
1791301060508,28.629726,77.311956,7.0,CNG,14.59,14.9,,728,26.3,2.09,,91.0,-3.91,-1.56,12.9,0.0,7.0,0.00,ARMED,,16.5,,
1791301061303,28.629711,77.311968,7.0,CNG,12.80,15.3,,772,26.3,2.85,,91.0,-3.91,-1.56,12.9,0.5,7.0,0.00,ARMED,,16.5,,
1791301063038,28.629684,77.311998,7.0,CNG,10.01,16.9,,794,52.9,4.08,,91.0,3.91,-1.56,13.3,2.7,7.0,0.00,ARMED,,14.5,,
1791301063779,28.629673,77.312015,8.0,CNG,10.36,14.9,,805,52.9,3.19,,91.0,3.91,-1.56,13.3,0.0,8.0,0.00,ARMED,,14.5,,
1791301064554,28.629673,77.312015,8.0,CNG,11.46,14.9,,816,52.9,2.58,,91.0,3.91,-1.56,13.5,0.0,8.0,0.00,ARMED,,14.5,,
1791301066225,28.629654,77.312047,7.0,CNG,10.58,14.9,,817,39.2,3.24,,91.0,-0.78,-1.56,13.5,0.0,7.0,0.00,ARMED,,14.9,,
1791301067020,28.629643,77.312060,6.0,CNG,9.28,14.9,1,818,39.2,3.45,,91.0,-0.78,-1.56,13.2,0.0,6.0,0.00,ARMED,,14.9,1,
1791301067767,28.629635,77.312069,5.0,CNG,9.93,14.9,,791,39.2,1.87,,91.0,-0.78,-1.56,13.2,0.0,5.0,0.00,ARMED,,14.9,,
1791301069411,28.629627,77.312076,4.0,CNG,11.28,14.9,,746,29.4,1.06,,91.0,7.81,-1.56,12.9,0.0,4.0,0.00,ARMED,,18.4,,
1791301070192,28.629620,77.312082,4.0,CNG,12.07,14.9,,634,29.4,1.24,,91.0,7.81,-1.56,12.9,0.0,4.0,0.00,ARMED,,18.4,,
1791301070951,28.629611,77.312088,4.0,CNG,10.76,16.5,,669,29.4,1.93,,91.0,7.81,-1.56,13.3,2.1,4.0,0.00,ARMED,,18.4,,
1791301072725,28.629602,77.312094,5.0,CNG,9.54,19.2,,607,45.9,2.62,,91.0,3.13,-2.34,12.7,5.9,5.0,0.00,ARMED,,14.1,,
1791301073487,28.629590,77.312100,6.0,CNG,10.31,18.4,,513,45.9,2.29,,91.0,3.13,-2.34,12.9,4.8,6.0,0.00,ARMED,,14.1,,
1791301074262,28.629577,77.312108,6.0,CNG,11.15,20.0,,615,45.9,2.09,,91.0,3.13,-2.34,12.9,7.0,6.0,0.00,ARMED,,14.1,,
1791301075901,28.629558,77.312139,6.0,CNG,9.39,20.4,,578,47.1,3.38,,91.0,7.03,-3.13,13.5,7.5,6.0,0.00,ARMED,,11.4,,
1791301076680,28.629558,77.312139,6.0,CNG,13.28,14.9,,686,47.1,0.80,,91.0,7.03,-3.13,13.5,0.0,6.0,0.00,ARMED,,11.4,,
1791301077512,28.629555,77.312152,3.0,CNG,7.05,14.9,,692,47.1,4.38,,91.0,7.03,-3.13,13.3,0.0,3.0,0.00,ARMED,,11.4,,
1791301079239,28.629555,77.312155,0.0,CNG,,14.9,0,752,42.0,2.73,,91.0,-2.34,-1.56,13.3,0.0,0.0,0.00,ARMED,,16.1,1,
1791301080040,28.629555,77.312155,0.0,CNG,,14.9,0,794,42.0,3.74,,91.0,-2.34,-1.56,13.5,0.0,0.0,0.00,ARMED,,16.1,1,
1791301080782,28.629555,77.312155,0.0,CNG,,14.9,0,811,42.0,2.75,,91.0,-2.34,-1.56,13.5,0.0,0.0,0.00,ARMED,,16.1,1,
1791301082502,28.629555,77.312155,0.0,CNG,,14.9,0,842,43.5,3.03,,91.0,-0.78,-1.56,13.4,0.0,0.0,0.00,ARMED,,15.3,1,
1791301083272,28.629555,77.312155,0.0,CNG,,14.9,0,840,43.5,3.14,,91.0,-0.78,-1.56,13.4,0.0,0.0,0.00,ARMED,,15.3,1,
1791301084027,28.629555,77.312155,0.0,CNG,,14.9,0,834,43.5,2.99,,91.0,-0.78,-1.56,13.4,0.0,0.0,0.00,ARMED,,15.3,1,
1791301085756,28.629555,77.312155,0.0,CNG,,14.9,0,836,23.1,3.12,,91.0,-1.56,-1.56,13.4,0.0,0.0,0.00,ARMED,,12.9,1,
1791301086518,28.629555,77.312155,0.0,CNG,,14.9,0,745,23.1,2.26,,91.0,-1.56,-1.56,13.3,0.0,0.0,0.00,ARMED,,12.9,1,
1791301087292,28.629555,77.312155,0.0,CNG,,14.9,0,724,23.1,1.53,,91.0,-1.56,-1.56,13.3,0.0,0.0,0.00,ARMED,,12.9,1,
1791301088919,28.629555,77.312155,0.0,CNG,,14.9,0,703,24.7,2.01,,91.0,0.78,0.00,13.2,0.0,0.0,0.00,ARMED,,12.5,1,
1791301089649,28.629555,77.312155,0.0,CNG,,14.9,0,706,24.7,2.13,,91.0,0.78,0.00,13.2,0.0,0.0,0.00,ARMED,,12.5,1,
1791301090418,28.629555,77.312155,0.0,CNG,,14.9,0,709,24.7,2.08,,91.0,0.78,0.00,13.5,0.0,0.0,0.00,ARMED,,12.5,1,
1791301092101,28.629555,77.312155,0.0,CNG,,14.9,0,712,23.9,1.51,,91.0,-3.13,0.00,13.5,0.0,0.0,0.00,ARMED,,12.5,1,
1791301092864,28.629555,77.312155,0.0,CNG,,14.9,0,709,23.9,0.94,,91.0,-3.13,0.00,13.5,0.0,0.0,0.00,ARMED,,12.5,1,
1791301093605,28.629555,77.312155,0.0,CNG,,14.9,0,705,23.9,1.02,,91.0,-3.13,0.00,13.5,0.0,0.0,0.00,ARMED,,12.5,1,
1791301095300,28.629555,77.312155,0.0,CNG,,14.9,0,706,23.5,1.30,,91.0,-3.13,-1.56,13.4,0.0,0.0,0.00,ARMED,,12.5,1,
1791301096079,28.629552,77.312158,0.0,CNG,,14.9,0,701,23.5,3.92,,90.0,-3.13,-1.56,13.4,0.0,0.0,0.00,ARMED,,12.5,1,
1791301096836,28.629551,77.312157,0.0,CNG,,14.9,0,785,23.5,3.54,,90.0,-3.13,-1.56,13.0,0.0,0.0,0.00,ARMED,,12.5,1,
1791301098426,28.629551,77.312157,0.0,CNG,,14.9,0,807,41.6,3.37,,90.0,-1.56,-2.34,13.0,0.0,0.0,0.00,ARMED,,15.3,1,
1791301099220,28.629551,77.312157,0.0,CNG,,14.9,0,827,41.6,3.26,,90.0,-1.56,-2.34,13.5,0.0,0.0,0.00,ARMED,,15.3,1,
1791301099995,28.629551,77.312157,0.0,CNG,,14.9,0,831,41.6,2.81,,90.0,-1.56,-2.34,13.5,0.0,0.0,0.00,ARMED,,15.3,1,
1791301101660,28.629551,77.312157,0.0,CNG,,14.9,0,831,39.6,3.27,,90.0,0.78,-2.34,13.3,0.0,0.0,0.00,ARMED,,14.9,1,
1791301102384,28.629551,77.312157,0.0,CNG,,14.9,0,837,39.6,2.41,,90.0,0.78,-2.34,13.3,0.0,0.0,0.00,ARMED,,14.9,1,
1791301103156,28.629551,77.312157,0.0,CNG,,14.9,0,828,39.6,3.41,,90.0,0.78,-2.34,13.3,0.0,0.0,0.00,ARMED,,14.9,1,
1791301104875,28.629551,77.312157,0.0,CNG,,14.9,0,785,23.5,1.10,,90.0,-1.56,-2.34,13.5,0.0,0.0,0.00,ARMED,,12.9,1,
1791301105670,28.629551,77.312157,0.0,CNG,,14.9,0,719,23.5,0.98,,90.0,-1.56,-2.34,13.5,0.0,0.0,0.00,ARMED,,12.9,1,
1791301106408,28.629551,77.312160,0.0,CNG,,14.9,0,710,23.5,2.10,,90.0,-1.56,-2.34,13.5,0.0,0.0,0.00,ARMED,,12.9,1,
1791301108065,28.629545,77.312203,0.0,CNG,,14.9,0,708,24.3,2.03,,90.0,-0.78,-1.56,13.4,0.0,0.0,0.00,ARMED,,12.5,1,
1791301108804,28.629540,77.312236,0.0,CNG,,14.9,0,705,24.3,2.11,,90.0,-0.78,-1.56,13.4,0.0,0.0,0.00,ARMED,,12.5,1,
1791301109575,28.629540,77.312236,0.0,CNG,,14.9,0,707,24.3,0.91,,90.0,-0.78,-1.56,13.5,0.0,0.0,0.00,ARMED,,12.5,1,
1791301111269,28.629558,77.312145,0.0,CNG,,14.9,0,704,23.9,2.14,,90.0,-2.34,-2.34,13.5,0.0,0.0,0.00,ARMED,,12.5,1,
1791301112011,28.629560,77.312145,0.0,CNG,,14.9,0,702,23.9,1.83,,90.0,-2.34,-2.34,13.5,0.0,0.0,0.00,ARMED,,12.5,1,
1791301112747,28.629560,77.312146,0.0,CNG,,14.9,0,699,23.9,0.91,,90.0,-2.34,-2.34,13.5,0.0,0.0,0.00,ARMED,,12.5,1,
1791301114460,28.629560,77.312144,0.0,CNG,,14.9,0,702,42.4,2.95,,90.0,-3.13,-3.13,13.2,0.0,0.0,0.00,ARMED,,14.9,1,
1791301115329,28.629561,77.312144,0.0,CNG,,14.9,0,806,42.4,3.23,,90.0,-3.13,-3.13,13.2,0.0,0.0,0.00,ARMED,,14.9,1,
1791301116300,28.629562,77.312144,0.0,CNG,,14.9,0,830,42.4,3.57,,90.0,-3.13,-3.13,13.3,0.0,0.0,0.00,ARMED,,14.9,1,
1791301118068,28.629559,77.312143,0.0,CNG,,14.9,0,830,39.6,3.08,,90.0,1.56,-3.13,13.3,0.0,0.0,0.00,ARMED,,14.9,1,
1791301118871,28.629559,77.312142,0.0,CNG,,14.9,0,843,39.6,2.94,,90.0,1.56,-3.13,13.2,0.0,0.0,0.00,ARMED,,14.9,1,
1791301119817,28.629559,77.312141,0.0,CNG,,14.9,0,843,39.6,2.45,,90.0,1.56,-3.13,13.2,0.0,0.0,0.00,ARMED,,14.9,1,
1791301121775,28.629559,77.312141,0.0,CNG,,14.9,0,838,22.7,2.78,,90.0,0.00,-3.13,13.5,0.0,0.0,0.00,ARMED,,12.9,1,
1791301122789,28.629559,77.312141,0.0,CNG,,14.9,0,730,22.7,1.03,,90.0,0.00,-3.13,13.5,0.0,0.0,0.00,ARMED,,12.9,1,
1791301123635,28.629559,77.312141,0.0,CNG,,14.9,0,715,22.7,2.18,,90.0,0.00,-3.13,13.2,0.0,0.0,0.00,ARMED,,12.9,1,
1791301125468,28.629558,77.312141,0.0,CNG,,14.9,0,700,24.3,1.56,,90.0,0.00,-2.34,13.2,0.0,0.0,0.00,ARMED,,12.5,1,
1791301126329,28.629558,77.312141,0.0,CNG,,14.9,0,700,24.3,1.75,,90.0,0.00,-2.34,13.5,0.0,0.0,0.00,ARMED,,12.5,1,
1791301127212,28.629558,77.312142,0.0,CNG,,14.9,0,705,24.3,1.35,,90.0,0.00,-2.34,13.5,0.0,0.0,0.00,ARMED,,12.5,1,
1791301129119,28.629558,77.312143,0.0,CNG,,14.9,0,701,23.5,0.86,,90.0,-1.56,-2.34,13.3,0.0,0.0,0.00,ARMED,,12.5,1,
1791301129913,28.629557,77.312143,0.0,CNG,,14.9,0,704,23.5,0.88,,90.0,-1.56,-2.34,13.3,0.0,0.0,0.00,ARMED,,12.5,1,
1791301130733,28.629557,77.312143,0.0,CNG,,14.9,0,704,23.5,1.62,,90.0,-1.56,-2.34,13.4,0.0,0.0,0.00,ARMED,,12.5,1,
1791301132586,28.629558,77.312143,0.0,CNG,,14.9,0,697,43.5,1.10,,90.0,3.91,-3.13,13.4,0.0,0.0,0.00,ARMED,,14.9,1,
1791301133391,28.629558,77.312143,0.0,CNG,,14.9,0,797,43.5,3.58,,90.0,3.91,-3.13,13.4,0.0,0.0,0.00,ARMED,,14.9,1,
1791301134241,28.629558,77.312143,0.0,CNG,,14.9,0,820,43.5,2.92,,90.0,3.91,-3.13,13.4,0.0,0.0,0.00,ARMED,,14.9,1,
1791301136009,28.629558,77.312144,0.0,CNG,,14.9,0,826,40.0,3.56,,90.0,0.78,-3.13,13.4,0.0,0.0,0.00,ARMED,,14.9,1,
1791301136927,28.629558,77.312144,0.0,CNG,,14.9,0,842,40.0,3.44,,90.0,0.78,-3.13,13.4,0.0,0.0,0.00,ARMED,,14.9,1,
1791301137789,28.629558,77.312144,0.0,CNG,,14.9,0,846,40.0,3.51,,90.0,0.78,-3.13,13.4,0.0,0.0,0.00,ARMED,,14.9,1,
1791301139824,28.629558,77.312144,0.0,CNG,,14.9,0,838,24.3,3.37,,90.0,1.56,-3.13,13.5,0.0,0.0,0.00,ARMED,,12.9,1,IDLE
1791301140767,28.629558,77.312144,0.0,CNG,,14.9,0,740,24.3,1.14,,90.0,1.56,-3.13,13.5,0.0,0.0,0.00,ARMED,,12.9,1,
1791301141593,28.629558,77.312144,0.0,CNG,,14.9,0,720,24.3,1.88,,90.0,1.56,-3.13,13.5,0.0,0.0,0.00,ARMED,,12.9,1,
1791301143469,28.629558,77.312144,0.0,CNG,,14.9,0,710,23.9,2.13,,90.0,0.78,-3.13,13.4,0.0,0.0,0.00,ARMED,,12.5,1,
1791301144368,28.629558,77.312144,0.0,CNG,,14.9,0,701,23.9,2.03,,90.0,0.78,-3.13,13.4,0.0,0.0,0.00,ARMED,,12.5,1,
1791301145162,28.629558,77.312144,0.0,CNG,,14.9,0,706,23.9,2.12,,90.0,0.78,-3.13,13.5,0.0,0.0,0.00,ARMED,,12.5,1,
1791301146840,28.629558,77.312144,0.0,CNG,,14.9,0,708,23.5,1.30,,90.0,-0.78,-2.34,13.5,0.0,0.0,0.00,ARMED,,12.5,1,
1791301147623,28.629558,77.312144,0.0,CNG,,14.9,0,702,23.5,2.09,,90.0,-0.78,-2.34,13.5,0.0,0.0,0.00,ARMED,,12.5,1,
1791301148356,28.629558,77.312144,0.0,CNG,,14.9,0,704,23.5,0.91,,90.0,-0.78,-2.34,13.5,0.0,0.0,0.00,ARMED,,12.5,1,
1791301149893,28.629558,77.312144,0.0,CNG,,14.9,0,708,23.5,0.97,,90.0,-0.78,-2.34,13.5,0.0,0.0,0.00,ARMED,,12.5,1,
1791301150792,28.629558,77.312144,0.0,CNG,,14.9,,,23.5,0.00,,90.0,-0.78,-2.34,13.5,0.0,0.0,0.00,OFF,,12.5,,
1791301151581,28.629558,77.312144,0.0,CNG,,14.9,,0,23.5,0.00,,90.0,-0.78,-2.34,12.7,0.0,0.0,0.00,OFF,,12.5,,
1791301153200,28.629558,77.312144,0.0,CNG,,14.9,,0,0.0,0.00,,90.0,0.00,0.00,12.7,0.0,0.0,0.00,OFF,,17.3,,
1791301153962,28.629558,77.312144,0.0,CNG,,14.9,,0,0.0,0.00,,90.0,0.00,0.00,12.6,0.0,0.0,0.00,OFF,,17.3,,
1791301154745,28.629558,77.312144,0.0,CNG,,14.9,,0,0.0,0.00,,90.0,0.00,0.00,12.6,0.0,0.0,0.00,OFF,,17.3,,
1791301156414,28.629558,77.312144,0.0,CNG,,14.9,,0,0.0,0.00,,90.0,0.00,0.00,12.4,0.0,0.0,0.00,OFF,,17.3,,
1791301157192,28.629558,77.312144,0.0,CNG,,14.9,,0,0.0,0.00,,90.0,0.00,0.00,12.4,0.0,0.0,0.00,OFF,,17.3,,
1791301157982,28.629558,77.312144,0.0,CNG,,14.9,,0,0.0,0.00,,90.0,0.00,0.00,12.3,0.0,0.0,0.00,OFF,,17.3,,
1791301159608,28.629558,77.312144,0.0,CNG,,14.9,,0,0.0,0.00,,90.0,0.00,0.00,12.3,0.0,0.0,0.00,OFF,,17.3,,
1791301160374,28.629558,77.312144,0.0,CNG,,14.9,,0,0.0,0.00,,90.0,0.00,0.00,12.3,0.0,0.0,0.00,OFF,,17.3,,
