t_ms,lat,lon,speed_kmh,fuel,inst_eff,pedal,gear,rpm,load,maf,map,ect,stft,ltft,volt,pedal_norm,v_est,a_est,cruise_state,cruise_target,throttle,sugg_gear,cue
1791340647532,28.630444,77.317541,17.0,PETROL,29.16,14.9,3,863,34.5,1.76,,64.0,1.56,-0.78,13.8,0.0,17.0,0.00,ARMED,,14.1,3,
1791340649572,28.630494,77.317451,5.0,PETROL,15.14,14.9,,783,34.5,3.44,,64.0,1.56,-0.78,13.7,0.0,5.0,0.00,ARMED,,14.1,,
1791340650466,28.630500,77.317418,5.0,PETROL,10.64,14.9,,790,34.5,2.96,,64.0,1.56,-0.78,13.7,0.0,5.0,0.00,ARMED,,14.1,,
1791340652213,28.630501,77.317380,5.0,CNG,8.70,16.5,,783,51.8,2.35,,64.0,0.00,0.00,13.8,2.1,5.0,0.00,ARMED,,12.2,,
1791340653073,28.630501,77.317360,5.0,CNG,10.57,14.9,1,757,51.8,1.31,,64.0,0.00,0.00,13.8,0.0,5.0,0.00,ARMED,,12.2,1,
1791340654003,28.630501,77.317360,5.0,CNG,9.55,14.9,1,745,51.8,2.45,,64.0,0.00,0.00,13.7,0.0,5.0,0.00,ARMED,,12.2,1,
1791340656037,28.630543,77.317335,5.0,CNG,9.69,15.3,1,762,51.8,2.06,,65.0,0.00,-0.78,13.7,0.5,5.0,0.00,ARMED,,13.3,1,
1791340657047,28.630541,77.317352,7.0,CNG,13.77,17.6,,353,51.8,1.14,,65.0,0.00,-0.78,12.8,3.7,7.0,0.00,ARMED,,13.3,,
1791340658000,28.630531,77.317322,8.0,CNG,11.06,21.2,,399,51.8,3.59,,65.0,0.00,-0.78,12.8,8.6,8.0,0.00,ARMED,,13.3,,
1791340660015,28.630546,77.317266,9.0,CNG,15.79,17.3,,683,87.8,1.22,,65.0,0.00,-3.91,13.7,3.2,9.0,0.00,ARMED,,33.3,,
1791340661071,28.630550,77.317238,13.0,CNG,6.18,35.7,2,889,87.8,13.20,,65.0,0.00,-3.91,13.7,28.4,13.0,0.00,ARMED,,33.3,2,
1791340662239,28.630539,77.317191,18.0,CNG,6.05,14.9,2,1345,87.8,12.37,,65.0,0.00,-3.91,13.7,0.0,16.8,2.05,ARMED,,33.3,2,
1791340664491,28.630483,77.317083,19.0,CNG,9.60,14.9,3,1091,33.7,3.19,,65.0,-1.56,-0.78,13.7,0.0,19.0,0.00,ARMED,,23.5,3,
1791340665571,28.630472,77.317042,15.0,CNG,8.04,16.9,,1275,33.7,9.54,,65.0,-1.56,-0.78,13.3,2.7,15.0,0.00,ARMED,,23.5,,
1791340666582,28.630464,77.316992,16.0,CNG,10.66,14.9,2,1189,33.7,3.27,,66.0,-1.56,-0.78,13.3,0.0,16.0,0.00,ARMED,,23.5,2,
1791340668681,28.630436,77.316875,15.0,CNG,14.00,14.9,,904,31.8,2.25,,66.0,-2.34,-0.78,13.8,0.0,15.0,0.00,ARMED,,12.9,,
1791340669739,28.630426,77.316851,9.0,CNG,16.52,14.9,2,759,31.8,1.20,,66.0,-2.34,-0.78,13.8,0.0,9.0,0.00,ARMED,,12.9,2,
1791340670764,28.630420,77.316837,7.0,CNG,17.70,14.9,,736,31.8,1.30,,66.0,-2.34,-0.78,13.5,0.0,7.0,0.00,ARMED,,12.9,,
1791340673065,28.630403,77.316812,5.0,CNG,6.61,27.1,1,725,36.1,9.18,,67.0,0.00,-0.78,13.5,16.6,5.0,0.00,ARMED,,18.0,1,
1791340674055,28.630395,77.316801,4.0,CNG,6.71,23.9,,812,36.1,2.32,,67.0,0.00,-0.78,13.7,12.3,4.0,0.00,ARMED,,18.0,,
1791340675064,28.630389,77.316793,3.0,CNG,7.39,14.9,,923,36.1,1.11,,67.0,0.00,-0.78,13.7,0.0,3.0,0.00,ARMED,,18.0,,
1791340677323,28.630382,77.316782,2.0,CNG,2.64,27.1,,853,36.5,10.78,,67.0,0.00,-0.78,13.6,16.6,2.0,0.00,ARMED,,14.9,,
1791340678343,28.630379,77.316778,1.0,CNG,,34.5,,981,36.5,14.08,,67.0,0.00,-0.78,13.6,26.8,1.0,0.00,ARMED,,14.9,,
1791340679321,28.630375,77.316774,3.0,CNG,,34.5,,1864,36.5,16.70,,67.0,0.00,-0.78,13.7,26.8,3.0,0.00,ARMED,,14.9,,
1791340681518,28.630344,77.316748,8.0,CNG,1.63,34.1,,1583,100.0,12.49,,68.0,2.34,-3.91,13.7,26.2,8.0,0.00,ARMED,,35.7,,
1791340682502,28.630307,77.316732,18.0,CNG,3.28,36.1,2,1322,100.0,13.14,,68.0,2.34,-3.91,13.7,28.9,18.0,0.00,ARMED,,35.7,2,
1791340683556,28.630253,77.316720,23.0,CNG,4.37,14.9,2,1667,100.0,16.79,,68.0,2.34,-3.91,13.7,0.0,21.7,2.01,ARMED,,35.7,2,
1791340685754,28.630075,77.316762,24.0,CNG,6.66,26.7,3,1181,64.7,7.35,,68.0,0.00,-3.91,13.7,16.1,24.0,0.00,ARMED,,20.8,2,
1791340686846,28.630009,77.316785,28.0,CNG,8.41,35.3,3,1395,64.7,10.01,,69.0,0.00,-3.91,13.7,27.8,27.8,1.49,ARMED,,20.8,2,
1791340687875,28.629936,77.316807,30.0,CNG,7.99,42.7,3,1545,64.7,16.21,,69.0,0.00,-3.91,13.7,38.0,30.4,2.10,ARMED,,20.8,3,
1791340690275,28.629768,77.316867,35.0,CNG,7.36,42.0,3,1743,21.6,21.08,,70.0,0.00,0.00,13.6,36.9,34.2,2.94,ARMED,,22.0,3,
1791340691355,28.629677,77.316902,40.0,CNG,9.10,31.4,4,1522,21.6,13.33,,70.0,0.00,0.00,13.7,22.5,40.0,0.00,ARMED,,22.0,4,
1791340692402,28.629582,77.316942,42.0,CNG,9.28,39.6,4,1619,21.6,18.06,,71.0,0.00,0.00,13.7,33.7,41.5,0.80,ARMED,,22.0,4,
1791340694481,28.629370,77.317025,45.0,CNG,9.58,39.6,4,1740,86.7,18.42,,71.0,0.78,-2.34,13.8,33.7,44.3,1.88,ARMED,,29.4,4,
1791340695460,28.629250,77.317066,52.0,CNG,15.52,14.9,4,2058,86.7,3.87,,72.0,0.78,-2.34,13.8,0.0,52.7,3.80,ARMED,,29.4,5,
1791340696308,28.629128,77.317114,52.0,CNG,17.04,24.7,,1019,86.7,10.89,,72.0,0.78,-2.34,13.7,13.4,52.0,0.00,ARMED,,29.4,,
1791340698063,28.628874,77.317214,53.0,CNG,19.45,23.9,5,1585,43.1,9.01,,72.0,-1.56,-3.13,13.7,12.3,53.0,0.00,ARMED,,19.2,5,
1791340698950,28.628745,77.317265,56.0,CNG,22.68,21.6,5,1639,43.1,7.85,,72.0,-1.56,-3.13,13.6,9.1,55.7,1.22,ARMED,,19.2,5,
1791340699850,28.628615,77.317319,56.0,CNG,26.61,20.8,5,1667,43.1,6.51,,73.0,-1.56,-3.13,13.6,8.0,56.2,0.91,ARMED,,19.2,5,
1791340701617,28.628353,77.317432,57.0,CNG,29.95,20.4,5,1696,21.2,6.40,,73.0,0.78,-3.13,13.8,7.5,57.0,0.89,ARMED,,16.1,5,
1791340702501,28.628353,77.317432,58.0,CNG,37.90,21.2,5,1731,21.2,3.89,,73.0,0.78,-3.13,13.8,8.6,58.2,0.69,ARMED,,16.1,5,
1791340703380,28.628219,77.317486,58.0,CNG,40.02,16.1,5,1737,21.2,5.44,,73.0,0.78,-3.13,13.6,1.6,58.5,0.54,ARMED,,16.1,5,
1791340705152,28.628083,77.317547,58.0,CNG,38.94,22.4,5,1739,31.8,6.33,,74.0,-0.78,-3.13,13.6,10.2,58.6,0.33,ARMED,,18.4,5,
1791340706092,28.628083,77.317547,58.0,CNG,38.48,22.4,5,1722,31.8,6.27,,74.0,-0.78,-3.13,13.7,10.2,57.9,-0.22,ARMED,,18.4,5,
1791340706896,28.627755,77.317688,58.0,CNG,37.69,14.9,5,1736,31.8,6.48,,74.0,-0.78,-3.13,13.7,0.0,58.1,-0.03,CANDIDATE,58.1,18.4,5,
1791340709025,28.627406,77.317840,58.0,CNG,46.38,19.6,5,1714,19.2,3.35,,74.0,0.00,-3.91,13.8,6.4,57.7,-0.22,LOCKED,57.7,15.7,5,
1791340709894,28.627272,77.317898,57.0,CNG,47.48,21.2,5,1680,19.2,4.73,,74.0,0.00,-3.91,13.8,8.6,56.6,-0.51,LOCKED,57.7,15.7,5,
1791340710814,28.627133,77.317954,56.0,CNG,45.44,21.2,5,1670,19.2,5.37,,74.0,0.00,-3.91,13.7,8.6,56.1,-0.50,LOCKED,57.7,15.7,5,
1791340712963,28.626898,77.318092,56.0,CNG,45.75,21.2,5,1675,31.8,4.95,,74.0,-0.78,-3.13,13.7,8.6,56.1,-0.22,LOCKED,57.7,18.0,5,
1791340713883,28.626796,77.318177,55.0,CNG,40.31,21.2,5,1611,31.8,6.60,,74.0,-0.78,-3.13,13.7,8.6,54.4,-0.76,LOCKED,57.7,18.0,5,
1791340714817,28.626653,77.318239,54.0,CNG,39.26,21.2,5,1606,31.8,5.85,,74.0,-0.78,-3.13,13.7,8.6,53.9,-0.69,LOCKED,57.7,18.0,5,
1791340716857,28.626434,77.318376,52.0,CNG,36.03,20.8,5,1559,34.5,6.67,,74.0,0.78,-3.13,13.7,8.0,52.7,-1.00,LOCKED,57.7,17.6,5,
1791340718001,28.626326,77.318442,49.0,CNG,41.65,15.3,5,1469,34.5,3.57,,74.0,0.78,-3.13,13.7,0.5,49.4,-1.40,LOCKED,57.7,17.6,4,
1791340719000,28.626224,77.318502,48.0,CNG,48.30,14.9,,1146,34.5,3.01,,74.0,0.78,-3.13,13.5,0.0,48.0,0.00,PAUSED,57.7,17.6,,
1791340720831,28.626031,77.318608,45.0,CNG,60.36,14.9,,1037,22.7,1.77,,75.0,0.78,-0.78,13.5,0.0,45.0,0.00,PAUSED,57.7,12.5,,
1791340721783,28.625943,77.318651,39.0,CNG,64.20,14.9,,697,22.7,2.19,,75.0,0.78,-0.78,13.7,0.0,39.0,0.00,PAUSED,57.7,12.5,,
1791340722859,28.625863,77.318689,35.0,CNG,76.30,14.9,,705,22.7,1.20,,75.0,0.78,-0.78,13.7,0.0,35.0,0.00,PAUSED,57.7,12.5,,
1791340724948,28.625753,77.318746,28.0,CNG,69.06,14.9,,707,24.3,2.00,,75.0,-2.34,-1.56,13.6,0.0,28.0,0.00,PAUSED,57.7,12.5,,
1791340725769,28.625716,77.318758,17.0,CNG,53.99,14.9,4,710,24.3,2.17,,75.0,-2.34,-1.56,13.6,0.0,17.0,0.00,ARMED,,12.5,4,
1791340726793,28.625677,77.318776,16.0,CNG,45.89,14.9,,711,24.3,1.99,,75.0,-2.34,-1.56,13.7,0.0,16.0,0.00,ARMED,,12.5,,
1791340729590,28.625613,77.318810,15.0,CNG,48.92,14.9,3,705,23.9,1.06,,75.0,-0.78,-2.34,13.7,0.0,15.0,0.00,ARMED,,12.5,3,
1791340730663,28.625557,77.318843,13.0,CNG,45.93,14.9,3,704,23.9,1.32,,75.0,-0.78,-2.34,13.6,0.0,13.0,0.00,ARMED,,12.5,3,
1791340731762,28.625529,77.318858,13.0,CNG,33.62,14.9,3,713,23.9,2.42,,75.0,-0.78,-2.34,13.6,0.0,13.0,0.00,ARMED,,12.5,3,
1791340734228,28.625472,77.318883,12.0,CNG,29.07,24.7,,764,65.5,2.13,,75.0,3.91,-3.91,12.8,13.4,12.0,0.00,ARMED,,12.2,,
1791340735423,28.625443,77.318889,14.0,CNG,24.09,14.9,,893,65.5,2.99,,75.0,3.91,-3.91,12.8,0.0,14.0,0.00,ARMED,,12.2,,
1791340736612,28.625411,77.318892,11.0,CNG,18.80,14.9,2,787,65.5,3.40,,75.0,3.91,-3.91,13.6,0.0,11.0,0.00,ARMED,,12.2,2,
1791340739005,28.625370,77.318846,10.0,CNG,18.35,18.8,2,791,24.7,2.33,,75.0,1.56,-3.13,13.6,5.4,10.2,-0.41,ARMED,,17.6,2,
1791340740103,28.625379,77.318817,11.0,CNG,13.16,22.0,2,802,24.7,4.96,,75.0,1.56,-3.13,13.8,9.6,10.9,0.21,ARMED,,17.6,2,
1791340741238,28.625400,77.318790,13.0,CNG,9.83,23.9,2,955,24.7,7.20,,75.0,1.56,-3.13,13.8,12.3,12.6,0.99,ARMED,,17.6,2,
1791340743764,28.625505,77.318685,16.0,CNG,9.60,24.7,2,1162,49.4,6.99,,75.0,0.78,-3.13,13.8,13.4,15.2,1.87,ARMED,,20.0,2,
1791340744953,28.625552,77.318648,23.0,CNG,9.71,25.5,2,1662,49.4,9.59,,75.0,0.78,-3.13,13.8,14.4,23.0,0.00,ARMED,,20.0,2,
1791340746032,28.625604,77.318613,26.0,CNG,8.30,14.9,2,1891,49.4,14.67,,75.0,0.78,-3.13,13.7,0.0,25.0,1.10,ARMED,,20.0,2,
1791340748395,28.625723,77.318546,27.0,CNG,13.04,27.5,,1706,69.4,2.87,,76.0,2.34,-3.13,13.7,17.1,27.0,0.00,ARMED,,22.4,,
1791340749363,28.625787,77.318509,30.0,CNG,11.20,28.2,3,1533,69.4,12.74,,76.0,2.34,-3.13,13.8,18.2,30.0,0.00,ARMED,,22.4,3,
1791340750609,28.625856,77.318473,32.0,CNG,10.49,28.2,3,1610,69.4,13.44,,76.0,2.34,-3.13,13.8,18.2,31.6,0.82,ARMED,,22.4,3,
1791340753066,28.626079,77.318362,33.0,CNG,10.28,27.8,3,1678,64.3,13.45,,76.0,1.56,-2.34,13.6,17.7,32.9,1.03,ARMED,,22.7,3,
1791340754288,28.626156,77.318322,35.0,CNG,10.66,27.5,3,1802,64.3,12.78,,77.0,1.56,-2.34,13.6,17.1,35.0,0.00,ARMED,,22.7,3,
1791340755362,28.626237,77.318280,36.0,CNG,11.29,14.9,3,1838,64.3,12.01,,77.0,1.56,-2.34,13.7,0.0,35.8,0.44,ARMED,,22.7,3,
1791340757826,28.626465,77.318155,35.0,CNG,15.32,20.8,3,1808,24.3,4.52,,78.0,-0.78,-3.91,13.7,8.0,35.7,0.09,ARMED,,16.9,3,
1791340758819,28.626530,77.318106,33.0,CNG,18.30,21.2,3,1680,24.3,5.14,,78.0,-0.78,-3.91,13.6,8.6,33.1,-0.97,ARMED,,16.9,3,
1791340759987,28.626598,77.318062,32.0,CNG,20.77,21.2,3,1625,24.3,4.95,,78.0,-0.78,-3.91,13.6,8.6,32.0,-1.00,ARMED,,16.9,3,
1791340762377,28.626733,77.317983,31.0,CNG,22.77,20.8,3,1610,23.5,4.71,,78.0,-0.78,-3.91,13.8,8.0,31.4,-0.72,ARMED,,14.9,3,
1791340763333,28.626799,77.317949,30.0,CNG,29.12,14.9,5,915,23.5,2.32,,78.0,-0.78,-3.91,13.8,0.0,30.0,0.00,ARMED,,14.9,5,
1791340764455,28.626860,77.317917,24.0,CNG,37.75,14.9,5,724,23.5,1.09,,78.0,-0.78,-3.91,13.7,0.0,25.6,-2.42,ARMED,,14.9,5,
1791340766268,28.626947,77.317863,19.0,CNG,40.86,14.9,,698,23.9,1.55,,78.0,0.00,-3.13,13.7,0.0,19.0,0.00,ARMED,,12.5,,
1791340767082,28.626972,77.317840,11.0,CNG,39.94,14.9,,703,23.9,1.21,,78.0,0.00,-3.13,13.7,0.0,11.0,0.00,ARMED,,12.5,,
1791340767914,28.626992,77.317824,10.0,CNG,39.38,14.9,2,709,23.9,1.08,,79.0,0.00,-3.13,13.7,0.0,10.0,0.00,ARMED,,12.5,2,
1791340769674,28.627005,77.317795,8.0,CNG,26.21,14.9,,735,36.5,2.46,,79.0,-1.56,-3.13,13.7,0.0,8.0,0.00,ARMED,,14.9,,
1791340770490,28.627005,77.317795,2.0,CNG,13.97,20.0,,779,36.5,3.15,,79.0,-1.56,-3.13,13.7,7.0,2.0,0.00,ARMED,,14.9,,
1791340771293,28.627009,77.317789,2.0,CNG,8.00,14.9,,834,36.5,3.74,,79.0,-1.56,-3.13,13.7,0.0,2.0,0.00,ARMED,,14.9,,
1791340773243,28.627020,77.317772,3.0,CNG,5.71,21.6,,833,45.9,3.92,,79.0,5.47,-3.91,13.3,9.1,3.0,0.00,ARMED,,14.5,,
1791340774111,28.627025,77.317764,2.0,CNG,4.37,14.9,,845,45.9,3.41,,79.0,5.47,-3.91,13.7,0.0,2.0,0.00,ARMED,,14.5,,
1791340774882,28.627030,77.317758,2.0,CNG,,14.9,,806,45.9,3.17,,79.0,5.47,-3.91,13.7,0.0,2.0,0.00,ARMED,,14.5,,
1791340776727,28.627030,77.317755,1.0,CNG,,14.9,,799,35.7,2.57,,79.0,3.13,-3.13,13.6,0.0,1.0,0.00,ARMED,,20.4,,
1791340777509,28.627030,77.317755,0.0,CNG,,14.9,0,1318,35.7,2.16,,79.0,3.13,-3.13,13.6,0.0,0.0,0.00,ARMED,,20.4,1,
1791340778295,28.627032,77.317751,3.0,CNG,,14.9,,795,35.7,0.29,,79.0,3.13,-3.13,13.6,0.0,3.0,0.00,ARMED,,20.4,,
1791340780037,28.627033,77.317749,1.0,CNG,,14.9,,875,23.1,2.35,,79.0,9.38,-3.13,13.6,0.0,1.0,0.00,ARMED,,12.5,,
1791340780949,28.627034,77.317750,0.0,CNG,,14.9,0,717,23.1,2.94,,79.0,9.38,-3.13,13.3,0.0,0.0,0.00,ARMED,,12.5,1,
1791340781745,28.627032,77.317750,1.0,CNG,,14.9,,737,23.1,2.23,,79.0,9.38,-3.13,13.3,0.0,1.0,0.00,ARMED,,12.5,,
1791340783569,28.627033,77.317747,1.0,CNG,,14.9,,709,37.6,1.95,,79.0,0.78,-3.13,13.2,0.0,1.0,0.00,ARMED,,12.5,,
1791340784366,28.627033,77.317745,1.0,CNG,,20.0,,679,37.6,4.37,,79.0,0.78,-3.13,13.2,7.0,1.0,0.00,ARMED,,12.5,,
1791340785268,28.627035,77.317743,2.0,CNG,,14.9,,622,37.6,1.00,,79.0,0.78,-3.13,13.8,0.0,2.0,0.00,ARMED,,12.5,,
1791340787055,28.627037,77.317728,2.0,CNG,,14.9,,671,37.6,4.67,,79.0,0.78,-3.13,13.8,0.0,2.0,0.00,ARMED,,15.3,,
1791340787878,28.627039,77.317713,5.0,CNG,,18.4,1,706,37.6,4.56,,79.0,0.78,-3.13,13.1,4.8,5.0,0.00,ARMED,,15.3,1,
1791340788760,28.627042,77.317696,5.0,CNG,5.01,14.9,,772,37.6,2.10,,79.0,0.78,-3.13,13.1,0.0,5.0,0.00,ARMED,,15.3,,
1791340790524,28.627043,77.317682,5.0,CNG,6.11,14.9,,783,64.3,2.51,,79.0,0.78,-3.13,13.7,0.0,5.0,0.00,ARMED,,18.8,,
1791340791392,28.627045,77.317670,6.0,CNG,6.41,19.6,1,749,64.3,3.63,,79.0,0.78,-3.13,13.7,6.4,6.0,0.00,ARMED,,18.8,1,
1791340792197,28.627048,77.317655,6.0,CNG,7.68,15.7,1,820,64.3,2.41,,79.0,0.78,-3.13,13.7,1.1,6.0,0.00,ARMED,,18.8,1,
1791340793991,28.627056,77.317625,5.0,CNG,7.93,14.9,,783,39.2,2.44,,79.0,-0.78,-3.13,13.7,0.0,5.0,0.00,ARMED,,15.3,,
1791340794798,28.627058,77.317609,5.0,CNG,8.37,20.0,1,754,39.2,2.23,,79.0,-0.78,-3.13,13.8,7.0,5.0,0.00,ARMED,,15.3,1,
1791340795577,28.627058,77.317609,6.0,CNG,7.67,20.4,1,796,39.2,3.54,,80.0,-0.78,-3.13,13.8,7.5,5.6,0.37,ARMED,,15.3,1,
1791340797437,28.627057,77.317570,7.0,CNG,7.46,22.0,1,918,38.8,3.96,,80.0,2.34,-3.13,13.8,9.6,6.6,0.76,ARMED,,17.6,1,
1791340798331,28.627054,77.317545,11.0,CNG,9.32,14.9,1,1516,38.8,3.82,,80.0,2.34,-3.13,13.8,0.0,10.7,1.94,ARMED,,17.6,1,
1791340799167,28.627046,77.317514,12.0,CNG,12.29,14.9,,1165,38.8,2.71,,80.0,2.34,-3.13,13.7,0.0,12.0,0.00,ARMED,,17.6,,
1791340800938,28.627030,77.317448,12.0,CNG,17.20,14.9,2,820,23.5,1.48,,80.0,0.00,-3.13,13.7,0.0,12.0,0.00,ARMED,,12.5,2,
1791340801778,28.627025,77.317420,10.0,CNG,17.86,14.9,2,716,23.5,2.15,,80.0,0.00,-3.13,13.8,0.0,10.2,-0.81,ARMED,,12.5,2,
1791340802584,28.627025,77.317420,8.0,CNG,19.94,14.9,,705,23.5,1.27,,80.0,0.00,-3.13,13.8,0.0,8.0,0.00,ARMED,,12.5,,
1791340804388,28.627018,77.317376,8.0,CNG,19.85,14.9,,707,36.9,1.66,,80.0,3.91,-2.34,13.8,0.0,8.0,0.00,ARMED,,20.8,,
1791340805159,28.627015,77.317360,6.0,CNG,18.39,14.9,,1024,36.9,1.55,,80.0,3.91,-2.34,13.8,0.0,6.0,0.00,ARMED,,20.8,,
1791340805991,28.627012,77.317343,7.0,CNG,15.36,14.9,1,868,36.9,2.37,,80.0,3.91,-2.34,13.1,0.0,7.0,0.00,ARMED,,20.8,1,
1791340807872,28.627006,77.317316,6.0,CNG,13.56,14.9,1,789,38.0,2.20,,80.0,-0.78,-2.34,13.5,0.0,6.4,-0.37,ARMED,,14.9,1,
1791340808798,28.627003,77.317307,3.0,CNG,8.65,14.9,,792,38.0,3.18,,80.0,-0.78,-2.34,13.6,0.0,3.0,0.00,ARMED,,14.9,,
1791340809538,28.627003,77.317307,3.0,CNG,6.48,16.5,,797,38.0,3.15,,80.0,-0.78,-2.34,13.6,2.1,3.0,0.00,ARMED,,14.9,,
1791340811289,28.627000,77.317295,3.0,CNG,4.94,14.9,,682,38.0,3.77,,80.0,-1.56,-2.34,13.6,0.0,3.0,0.00,ARMED,,11.0,,
1791340812141,28.626999,77.317295,0.0,CNG,,14.9,0,771,38.0,2.24,,80.0,-1.56,-2.34,13.6,0.0,0.0,0.00,ARMED,,11.0,1,
1791340813011,28.626997,77.317295,0.0,CNG,,14.9,0,734,38.0,1.35,,80.0,-1.56,-2.34,13.7,0.0,0.0,0.00,ARMED,,11.0,1,
1791340814766,28.626993,77.317295,0.0,CNG,,14.9,0,696,27.8,2.31,,80.0,3.13,-2.34,13.7,0.0,0.0,0.00,ARMED,,12.9,1,
1791340815532,28.626993,77.317295,0.0,CNG,,14.9,0,686,27.8,1.64,,80.0,3.13,-2.34,13.7,0.0,0.0,0.00,ARMED,,12.9,1,
1791340816380,28.626991,77.317295,0.0,CNG,,23.5,0,696,27.8,7.66,,80.0,3.13,-2.34,13.7,11.8,0.0,0.00,ARMED,,12.9,1,
1791340818174,28.626988,77.317290,2.0,CNG,,14.9,,1125,33.3,1.74,,80.0,0.00,-1.56,13.5,0.0,2.0,0.00,ARMED,,13.3,,
1791340818957,28.626985,77.317280,4.0,CNG,,14.9,,746,33.3,2.23,,80.0,0.00,-1.56,13.5,0.0,4.0,0.00,ARMED,,13.3,,
1791340819771,28.626983,77.317275,2.0,CNG,,14.9,,716,33.3,1.01,,80.0,0.00,-1.56,13.7,0.0,2.0,0.00,ARMED,,13.3,,
1791340821423,28.626983,77.317275,1.0,CNG,,14.9,,712,38.0,2.09,,80.0,3.13,-3.13,13.7,0.0,1.0,0.00,ARMED,,11.8,,
1791340822195,28.626983,77.317275,2.0,CNG,,14.9,,617,38.0,3.31,,80.0,3.13,-3.13,13.8,0.0,2.0,0.00,ARMED,,11.8,,
1791340822964,28.626984,77.317275,2.0,CNG,,14.9,,769,38.0,2.17,,80.0,3.13,-3.13,13.8,0.0,2.0,0.00,ARMED,,11.8,,
1791340824681,28.626983,77.317273,1.0,CNG,,14.9,,773,52.5,2.41,,80.0,-0.78,-3.13,13.5,0.0,1.0,0.00,ARMED,,14.5,,
1791340825464,28.626983,77.317273,3.0,CNG,,14.9,,747,52.5,2.56,,80.0,-0.78,-3.13,13.5,0.0,3.0,0.00,ARMED,,14.5,,
1791340826275,28.626981,77.317265,3.0,CNG,,14.9,,798,52.5,2.54,,80.0,-0.78,-3.13,13.5,0.0,3.0,0.00,ARMED,,14.5,,
1791340827995,28.626976,77.317251,2.0,CNG,,14.9,,799,40.4,3.11,,80.0,0.00,-1.56,13.5,0.0,2.0,0.00,ARMED,,15.3,,
1791340828792,28.626976,77.317248,1.0,CNG,,14.9,,794,40.4,2.45,,80.0,0.00,-1.56,13.6,0.0,1.0,0.00,ARMED,,15.3,,
1791340829598,28.626976,77.317248,1.0,CNG,,14.9,,794,40.4,1.92,,80.0,0.00,-1.56,13.6,0.0,1.0,0.00,ARMED,,15.3,,
1791340831361,28.626981,77.317251,0.0,CNG,,14.9,0,757,29.8,1.55,,80.0,5.47,-3.13,13.3,0.0,0.0,0.00,ARMED,,14.1,1,
1791340832138,28.626982,77.317251,1.0,CNG,,14.9,,798,29.8,3.22,,80.0,5.47,-3.13,13.3,0.0,1.0,0.00,ARMED,,14.1,,
1791340833026,28.626983,77.317250,1.0,CNG,,14.9,,827,29.8,2.13,,80.0,5.47,-3.13,13.7,0.0,1.0,0.00,ARMED,,14.1,,
1791340834796,28.626983,77.317250,1.0,CNG,,14.9,,840,23.5,2.43,,80.0,2.34,-1.56,13.7,0.0,1.0,0.00,ARMED,,12.5,,
1791340835670,28.626983,77.317250,0.0,CNG,,14.9,0,739,23.5,0.92,,80.0,2.34,-1.56,13.5,0.0,0.0,0.00,ARMED,,12.5,1,
1791340836438,28.626983,77.317250,0.0,CNG,,14.9,0,722,23.5,1.31,,80.0,2.34,-1.56,13.5,0.0,0.0,0.00,ARMED,,12.5,1,
1791340838176,28.626983,77.317247,0.0,CNG,,14.9,0,715,23.5,1.99,,80.0,-2.34,0.00,13.4,0.0,0.0,0.00,ARMED,,12.9,1,
1791340838963,28.626983,77.317246,0.0,CNG,,14.9,0,705,23.5,3.20,,81.0,-2.34,0.00,13.4,0.0,0.0,0.00,ARMED,,12.9,1,
1791340839750,28.626983,77.317246,0.0,CNG,,14.9,0,751,23.5,3.54,,81.0,-2.34,0.00,13.3,0.0,0.0,0.00,ARMED,,12.9,1,
1791340841757,28.626983,77.317246,0.0,CNG,,14.9,0,774,43.1,3.68,,80.0,-3.13,0.00,13.6,0.0,0.0,0.00,ARMED,,15.7,1,
1791340842589,28.626983,77.317246,0.0,CNG,,14.9,0,811,43.1,3.49,,80.0,-3.13,0.00,13.7,0.0,0.0,0.00,ARMED,,15.7,1,
1791340843409,28.626983,77.317246,0.0,CNG,,16.5,0,835,43.1,3.75,,81.0,-3.13,0.00,13.7,2.1,0.0,0.00,ARMED,,15.7,1,
1791340845199,28.626983,77.317246,0.0,CNG,,18.8,0,831,55.3,3.16,,81.0,3.13,0.00,13.6,5.4,0.0,0.00,ARMED,,14.1,1,
1791340845970,28.626982,77.317241,2.0,CNG,,14.9,,811,55.3,3.12,,81.0,3.13,0.00,13.6,0.0,2.0,0.00,ARMED,,14.1,,
1791340846769,28.626980,77.317237,2.0,CNG,,14.9,,748,55.3,1.86,,81.0,3.13,0.00,13.7,0.0,2.0,0.00,ARMED,,14.1,,
1791340848625,28.626979,77.317235,2.0,CNG,,14.9,,731,65.5,2.24,,81.0,3.13,-3.13,13.7,0.0,2.0,0.00,ARMED,,14.1,,
1791340849476,28.626978,77.317234,2.0,CNG,,14.9,,937,65.5,1.78,,81.0,3.13,-3.13,13.1,0.0,2.0,0.00,ARMED,,14.1,,
1791340850231,28.626977,77.317228,4.0,CNG,,20.0,,720,65.5,4.94,,81.0,3.13,-3.13,13.1,7.0,4.0,0.00,ARMED,,14.1,,
1791340852120,28.626967,77.317202,5.0,CNG,4.93,19.6,,652,32.5,2.47,,81.0,-2.34,-3.13,13.5,6.4,5.0,0.00,ARMED,,14.5,,
1791340852988,28.626960,77.317184,7.0,CNG,8.27,14.9,1,994,32.5,1.66,,81.0,-2.34,-3.13,13.5,0.0,7.0,0.00,ARMED,,14.5,1,
1791340853859,28.626953,77.317168,6.0,CNG,11.82,14.9,1,813,32.5,0.97,,81.0,-2.34,-3.13,13.6,0.0,6.4,-0.37,ARMED,,14.5,1,
1791340855545,28.626950,77.317158,4.0,CNG,4.68,23.9,,720,47.8,7.75,,81.0,0.00,-3.91,13.6,12.3,4.0,0.00,ARMED,,16.9,,
1791340856357,28.626945,77.317144,7.0,CNG,7.29,18.8,,627,47.8,1.66,,81.0,0.00,-3.91,12.9,5.4,7.0,0.00,ARMED,,16.9,,
1791340857178,28.626937,77.317124,8.0,CNG,9.76,14.9,,573,47.8,2.14,,81.0,0.00,-3.91,12.9,0.0,8.0,0.00,ARMED,,16.9,,
1791340859012,28.626919,77.317079,9.0,CNG,9.52,19.2,,623,29.4,3.97,,81.0,3.13,-3.13,13.2,5.9,9.0,0.00,ARMED,,15.7,,
1791340859782,28.626909,77.317054,9.0,CNG,9.98,14.9,,667,29.4,3.46,,81.0,3.13,-3.13,13.2,0.0,9.0,0.00,ARMED,,15.7,,
1791340860602,28.626909,77.317054,10.0,CNG,11.23,14.9,2,757,29.4,3.08,,81.0,3.13,-3.13,13.6,0.0,10.0,0.00,ARMED,,15.7,2,
1791340862316,28.626893,77.317012,6.0,CNG,10.33,14.9,1,785,54.5,2.80,,81.0,-3.91,-3.13,13.6,0.0,6.0,0.00,ARMED,,15.7,1,
1791340863109,28.626888,77.316994,7.0,CNG,10.11,14.9,,517,54.5,2.93,,81.0,-3.91,-3.13,13.7,0.0,7.0,0.00,ARMED,,15.7,,
1791340863974,28.626883,77.316975,6.0,CNG,10.43,14.9,1,783,54.5,2.21,,81.0,-3.91,-3.13,13.7,0.0,6.0,0.00,ARMED,,15.7,1,
1791340865753,28.626878,77.316957,2.0,CNG,3.69,26.3,,807,45.1,9.59,,81.0,10.16,0.00,12.9,15.5,2.0,0.00,ARMED,,14.9,,
1791340866587,28.626878,77.316957,5.0,CNG,4.25,21.2,,406,45.1,3.74,,82.0,10.16,0.00,12.9,8.6,5.0,0.00,ARMED,,14.9,,
1791340867468,28.626875,77.316943,7.0,CNG,6.74,18.8,,501,45.1,1.60,,82.0,10.16,0.00,12.7,5.4,7.0,0.00,ARMED,,14.9,,
1791340869229,28.626863,77.316903,8.0,CNG,7.65,14.9,,557,27.5,3.65,,82.0,-3.13,0.00,12.7,0.0,8.0,0.00,ARMED,,13.3,,
1791340870081,28.626858,77.316885,6.0,CNG,10.58,14.9,1,790,27.5,0.84,,82.0,-3.13,0.00,13.7,0.0,6.0,0.00,ARMED,,13.3,1,
1791340870871,28.626855,77.316871,5.0,CNG,8.37,17.6,,784,27.5,3.42,,82.0,-3.13,0.00,13.7,3.7,5.0,0.00,ARMED,,13.3,,
1791340872613,28.626854,77.316858,5.0,CNG,6.32,14.9,,777,43.1,4.62,,82.0,1.56,0.00,13.5,0.0,5.0,0.00,ARMED,,14.9,,
1791340873491,28.626852,77.316846,4.0,CNG,3.47,23.5,,750,43.1,9.11,,82.0,1.56,0.00,13.5,11.8,4.0,0.00,ARMED,,14.9,,
1791340874368,28.626850,77.316833,6.0,CNG,5.27,14.9,1,828,43.1,1.68,,82.0,1.56,0.00,14.0,0.0,6.0,0.00,ARMED,,14.9,1,
1791340876252,28.626841,77.316799,7.0,CNG,7.78,22.4,,726,76.5,1.68,,82.0,7.03,-3.91,13.0,10.2,7.0,0.00,ARMED,,27.5,,
1791340877123,28.626836,77.316778,9.0,CNG,11.40,14.9,,665,76.5,1.72,,82.0,7.03,-3.91,13.8,0.0,9.0,0.00,ARMED,,27.5,,
1791340878014,28.626831,77.316753,9.0,CNG,15.74,14.9,,684,76.5,1.27,,82.0,7.03,-3.91,13.8,0.0,9.0,0.00,ARMED,,27.5,,
1791340879698,28.626825,77.316718,6.0,CNG,20.79,22.0,,690,78.4,0.43,,82.0,0.00,-3.91,13.0,9.6,6.0,0.00,ARMED,,26.3,,
1791340880446,28.626825,77.316718,8.0,CNG,18.01,19.6,,583,78.4,2.14,,83.0,0.00,-3.91,13.0,6.4,8.0,0.00,ARMED,,26.3,,
1791340881253,28.626820,77.316695,9.0,CNG,32.44,16.9,,654,78.4,0.00,,83.0,0.00,-3.91,13.5,2.7,9.0,0.00,ARMED,,26.3,,
1791340882995,28.626808,77.316646,9.0,CNG,12.24,14.9,,652,44.7,5.53,,83.0,5.47,0.00,13.5,0.0,9.0,0.00,ARMED,,14.9,,
1791340883812,28.626798,77.316620,10.0,CNG,11.89,14.9,2,711,44.7,3.56,,83.0,5.47,0.00,13.5,0.0,10.0,0.00,ARMED,,14.9,2,
1791340884551,28.626798,77.316620,10.0,CNG,11.92,14.9,2,748,44.7,3.42,,83.0,5.47,0.00,13.5,0.0,10.0,0.00,ARMED,,14.9,2,
1791340886274,28.626776,77.316566,10.0,CNG,11.86,14.9,2,751,42.4,3.47,,83.0,-2.34,0.00,13.8,0.0,10.0,0.00,ARMED,,14.5,2,
1791340887109,28.626765,77.316538,11.0,CNG,7.18,26.7,2,779,42.4,9.51,,83.0,-2.34,0.00,13.8,16.1,10.9,0.40,ARMED,,14.5,2,
1791340887960,28.626753,77.316506,12.0,CNG,7.39,26.3,2,889,42.4,6.39,,83.0,-2.34,0.00,13.2,15.5,12.0,0.86,ARMED,,14.5,2,
1791340889683,28.626723,77.316417,15.0,CNG,7.47,23.1,2,1179,59.6,8.12,,83.0,-0.78,-3.91,13.2,11.2,15.0,2.19,ARMED,,20.0,2,
1791340890516,28.626723,77.316417,19.0,CNG,9.41,23.9,2,1397,59.6,6.13,,83.0,-0.78,-3.91,13.7,12.3,19.2,2.25,ARMED,,20.0,2,
1791340891309,28.626707,77.316357,21.0,CNG,10.39,24.3,2,1542,59.6,7.32,,83.0,-0.78,-3.91,13.7,12.8,21.1,2.28,ARMED,,20.0,2,
1791340893027,28.626670,77.316234,23.0,CNG,11.63,14.9,2,1676,35.3,6.99,,83.0,0.00,0.00,13.8,0.0,22.9,2.30,ARMED,,16.5,2,
1791340893877,28.626650,77.316173,23.0,CNG,14.85,21.2,3,1154,35.3,4.08,,84.0,0.00,0.00,13.8,8.6,23.0,0.00,ARMED,,16.5,3,
1791340894721,28.626628,77.316111,24.0,CNG,17.02,21.2,3,1207,35.3,4.66,,84.0,0.00,0.00,13.8,8.6,23.7,0.38,ARMED,,16.5,3,
1791340896455,28.626606,77.316046,24.0,CNG,15.11,35.3,3,1247,85.9,7.50,,84.0,8.59,-3.13,13.8,27.8,24.0,0.38,ARMED,,26.3,2,
1791340897358,28.626581,77.315973,30.0,CNG,11.57,33.7,3,1502,85.9,13.44,,84.0,8.59,-3.13,13.7,25.7,29.4,2.53,ARMED,,26.3,3,
1791340898183,28.626554,77.315891,32.0,CNG,17.58,14.9,3,1650,85.9,2.78,,84.0,8.59,-3.13,13.7,0.0,32.4,3.03,ARMED,,26.3,3,
1791340899980,28.626496,77.315720,32.0,CNG,13.96,31.4,5,1012,87.8,11.92,,84.0,4.69,-3.13,13.6,22.5,32.0,0.00,ARMED,,26.7,4,
1791340900763,28.626464,77.315628,36.0,CNG,12.77,30.6,4,1400,87.8,12.75,,84.0,4.69,-3.13,13.6,21.4,36.0,0.00,ARMED,,26.7,3,
1791340901575,28.626464,77.315628,38.0,CNG,12.36,27.8,4,1470,87.8,13.07,,84.0,4.69,-3.13,13.8,17.7,37.3,0.73,ARMED,,26.7,3,
1791340903293,28.626394,77.315422,40.0,CNG,13.08,14.9,4,1534,33.3,11.56,,85.0,0.00,-0.78,13.8,0.0,39.2,1.52,ARMED,,21.2,4,
1791340904099,28.626360,77.315316,40.0,CNG,15.02,23.9,5,1217,33.3,8.66,,85.0,0.00,-0.78,13.6,12.3,40.0,0.00,ARMED,,21.2,5,
1791340904984,28.626325,77.315206,41.0,CNG,20.01,14.9,5,1207,33.3,4.50,,85.0,0.00,-0.78,13.6,0.0,40.7,0.38,ARMED,,21.2,5,
1791340907013,28.626264,77.315014,40.0,CNG,28.36,14.9,5,1164,22.4,2.23,,85.0,0.00,-0.78,12.8,0.0,40.3,-0.03,ARMED,,12.2,5,
1791340907836,28.626238,77.314946,25.0,CNG,33.30,14.9,,640,22.4,1.80,,86.0,0.00,-0.78,12.8,0.0,25.0,0.00,ARMED,,12.2,,
1791340908653,28.626238,77.314946,18.0,CNG,36.41,14.9,,660,22.4,1.49,,86.0,0.00,-0.78,13.7,0.0,18.0,0.00,ARMED,,12.2,,
1791340910601,28.626208,77.314869,13.0,CNG,32.89,14.9,,692,25.1,2.11,,86.0,-5.47,-0.78,13.7,0.0,13.0,0.00,ARMED,,12.2,,
1791340911399,28.626195,77.314839,10.0,CNG,33.93,14.9,,694,25.1,1.08,,86.0,-5.47,-0.78,13.7,0.0,10.0,0.00,ARMED,,12.2,,
1791340912317,28.626186,77.314813,9.0,CNG,27.86,14.9,,685,25.1,1.99,,86.0,-5.47,-0.78,13.7,0.0,9.0,0.00,ARMED,,12.2,,
1791340914125,28.626169,77.314776,6.0,CNG,21.97,34.5,,700,83.1,1.93,,86.0,4.69,-3.91,13.6,26.8,6.0,0.00,ARMED,,30.2,,
1791340914968,28.626157,77.314750,11.0,CNG,8.91,37.3,2,742,83.1,9.42,,86.0,4.69,-3.91,13.6,30.5,11.0,0.00,ARMED,,30.2,2,
1791340916078,28.626144,77.314712,15.0,CNG,7.41,14.9,2,1104,83.1,9.77,,86.0,4.69,-3.91,13.8,0.0,14.0,1.62,ARMED,,30.2,2,
1791340917810,28.626113,77.314617,17.0,CNG,8.24,28.6,2,1292,69.4,7.39,,86.0,3.13,-3.13,13.8,18.7,16.4,2.25,ARMED,,22.4,2,
1791340918722,28.626094,77.314555,22.0,CNG,7.91,16.1,2,1595,69.4,11.81,,86.0,3.13,-3.13,13.8,1.6,21.8,2.92,ARMED,,22.4,2,
1791340919468,28.626094,77.314555,22.0,CNG,10.76,14.9,3,1169,69.4,4.79,,86.0,3.13,-3.13,13.8,0.0,22.0,0.00,ARMED,,22.4,2,
1791340921229,28.626052,77.314435,22.0,CNG,9.71,24.7,3,1059,80.4,10.45,,86.0,3.13,-3.91,13.6,13.4,22.0,0.00,ARMED,,23.1,2,
1791340922016,28.626033,77.314367,26.0,CNG,9.61,27.1,3,1300,80.4,11.19,,87.0,3.13,-3.91,13.6,16.6,25.6,1.61,ARMED,,23.1,2,
1791340922899,28.626010,77.314292,28.0,CNG,10.13,25.1,3,1398,80.4,10.56,,87.0,3.13,-3.91,13.5,13.9,27.6,1.98,ARMED,,23.1,2,
1791340924682,28.625960,77.314134,29.0,CNG,13.42,27.1,3,1462,59.6,5.15,,87.0,3.13,-3.13,13.5,16.6,29.2,1.96,ARMED,,21.6,2,
1791340925441,28.625960,77.314134,31.0,CNG,12.78,27.5,3,1591,59.6,10.52,,87.0,3.13,-3.13,13.8,17.1,31.7,1.61,ARMED,,21.6,3,
1791340926223,28.625935,77.314055,32.0,CNG,12.72,27.5,3,1668,59.6,10.34,,87.0,3.13,-3.13,13.8,17.1,33.0,1.62,ARMED,,21.6,3,
1791340927827,28.625890,77.313876,34.0,CNG,18.91,14.9,3,1722,37.3,2.66,,87.0,0.00,-3.13,13.8,0.0,34.2,1.59,ARMED,,17.3,3,
1791340928672,28.625868,77.313782,33.0,CNG,22.08,21.6,4,1290,37.3,4.64,,88.0,0.00,-3.13,13.8,9.1,33.0,0.00,ARMED,,17.3,4,
1791340929482,28.625868,77.313782,33.0,CNG,27.12,19.6,4,1293,37.3,3.32,,88.0,0.00,-3.13,13.8,6.4,33.0,0.00,ARMED,,17.3,4,
1791340931255,28.625825,77.313599,33.0,CNG,18.47,30.2,4,1298,76.5,10.74,,88.0,5.47,-3.13,13.8,20.9,33.0,0.00,ARMED,,23.1,3,
1791340932074,28.625796,77.313498,36.0,CNG,15.27,31.4,4,1401,76.5,11.90,,88.0,5.47,-3.13,13.8,22.5,35.7,1.21,ARMED,,23.1,3,
1791340932857,28.625766,77.313399,38.0,CNG,14.23,18.0,4,1466,76.5,11.91,,88.0,5.47,-3.13,13.8,4.3,37.3,1.59,ARMED,,23.1,3,
1791340934585,28.625737,77.313300,39.0,CNG,20.03,24.3,4,1492,32.5,3.52,,88.0,0.00,-3.13,13.8,12.8,38.5,1.55,ARMED,,13.7,4,
1791340935335,28.625705,77.313198,38.0,CNG,18.43,32.2,5,1092,32.5,9.41,,89.0,0.00,-3.13,13.8,23.5,38.0,0.00,ARMED,,13.7,4,
1791340936197,28.625673,77.313098,39.0,CNG,12.45,36.9,3,2160,32.5,18.77,,89.0,0.00,-3.13,13.8,30.0,39.0,0.00,ARMED,,13.7,4,
1791340938068,28.625606,77.312876,42.0,CNG,9.68,14.9,3,2147,53.7,23.09,,89.0,0.00,-2.34,13.8,0.0,41.2,1.21,ARMED,,24.3,4,
1791340939082,28.625572,77.312761,43.0,CNG,11.23,25.5,4,1669,53.7,12.20,,89.0,0.00,-2.34,13.7,14.4,43.0,0.00,ARMED,,24.3,4,
1791340940050,28.625536,77.312640,44.0,CNG,13.92,23.5,4,1708,53.7,8.58,,89.0,0.00,-2.34,13.7,11.8,43.7,0.39,ARMED,,24.3,4,
1791340941872,28.625463,77.312412,44.0,CNG,20.77,14.9,4,1537,36.1,2.54,,89.0,0.00,-3.13,13.7,0.0,44.0,0.38,ARMED,,17.3,4,
1791340942872,28.625426,77.312298,43.0,CNG,27.99,20.4,5,1288,36.1,3.01,,90.0,0.00,-3.13,13.7,7.5,43.0,0.00,ARMED,,17.3,5,
1791340943843,28.625389,77.312185,43.0,CNG,30.45,20.8,5,1282,36.1,5.01,,90.0,0.00,-3.13,13.8,8.0,43.0,0.00,ARMED,,17.3,5,
1791340945814,28.625317,77.311957,43.0,CNG,35.79,22.0,5,1273,40.8,3.62,,90.0,-1.56,-3.13,13.8,9.6,43.0,0.00,ARMED,,17.6,5,
1791340946746,28.625283,77.311841,43.0,CNG,34.61,22.0,5,1285,40.8,5.33,,90.0,-1.56,-3.13,13.8,9.6,43.0,0.00,ARMED,,17.6,5,
1791340947482,28.625283,77.311841,44.0,CNG,32.76,22.0,5,1296,40.8,5.92,,90.0,-1.56,-3.13,13.8,9.6,43.2,0.07,ARMED,,17.6,5,
1791340949334,28.625206,77.311608,44.0,CNG,33.42,22.0,5,1310,40.8,5.22,,90.0,-1.56,-3.91,13.7,9.6,43.7,0.29,ARMED,,18.0,5,
1791340950241,28.625167,77.311493,45.0,CNG,30.60,22.7,5,1326,40.8,6.75,,90.0,-1.56,-3.91,13.7,10.7,44.5,0.34,ARMED,,18.0,5,
1791340951039,28.625128,77.311375,45.0,CNG,30.05,23.1,5,1327,40.8,6.28,,90.0,-1.56,-3.91,13.8,11.2,44.6,0.31,ARMED,,18.0,5,
1791340952874,28.625052,77.311133,45.0,CNG,28.06,23.1,5,1340,47.8,7.20,,90.0,0.00,-3.91,13.8,11.2,44.9,0.32,ARMED,,18.8,5,
1791340953807,28.625016,77.311015,45.0,CNG,27.51,23.1,5,1346,47.8,6.88,,90.0,0.00,-3.91,13.8,11.2,45.2,0.25,ARMED,,18.8,5,
1791340954631,28.624979,77.310897,45.0,CNG,27.62,23.1,5,1345,47.8,6.62,,90.0,0.00,-3.91,13.8,11.2,45.2,0.19,ARMED,,18.8,5,
1791340956379,28.624940,77.310775,45.0,CNG,25.25,23.1,5,1347,57.3,8.22,,90.0,2.34,-3.91,13.7,11.2,45.2,0.15,ARMED,,20.0,5,
1791340957215,28.624901,77.310655,45.0,CNG,23.68,23.1,5,1346,57.3,8.49,,90.0,2.34,-3.91,13.7,11.2,45.2,0.07,ARMED,,20.0,5,
1791340957972,28.624861,77.310537,45.0,CNG,23.03,23.1,5,1343,57.3,8.31,,90.0,2.34,-3.91,13.6,11.2,45.1,0.04,ARMED,,20.0,5,
1791340959730,28.624784,77.310297,45.0,CNG,22.44,23.1,5,1335,57.3,8.51,,90.0,0.78,-3.91,13.6,11.2,44.9,-0.03,ARMED,,20.0,5,
1791340960650,28.624784,77.310297,45.0,CNG,21.96,23.1,5,1342,57.3,8.65,,90.0,0.78,-3.91,13.8,11.2,45.0,0.00,ARMED,,20.0,5,
1791340961434,28.624746,77.310176,45.0,CNG,22.57,23.1,5,1349,57.3,7.81,,90.0,0.78,-3.91,13.8,11.2,45.1,0.05,ARMED,,20.0,5,
1791340963218,28.624672,77.309938,45.0,CNG,24.49,23.1,5,1355,26.3,6.55,,90.0,0.00,-3.91,13.6,11.2,45.3,0.09,ARMED,,16.9,5,
1791340964088,28.624636,77.309819,44.0,CNG,27.88,21.2,5,1317,26.3,5.08,,90.0,0.00,-3.91,13.6,8.6,44.3,-0.46,ARMED,,16.9,5,
1791340964858,28.624601,77.309702,44.0,CNG,29.83,21.6,5,1310,26.3,5.39,,90.0,0.00,-3.91,13.8,9.1,43.9,-0.47,ARMED,,16.9,5,
1791340966576,28.624531,77.309473,43.0,CNG,31.91,19.2,5,1293,27.8,4.91,,89.0,-2.34,-3.13,13.8,5.9,43.3,-0.51,ARMED,,15.7,5,
1791340967450,28.624531,77.309473,43.0,CNG,36.82,20.0,5,1274,27.8,3.65,,89.0,-2.34,-3.13,13.6,7.0,42.7,-0.46,ARMED,,15.7,5,
1791340968221,28.624497,77.309364,42.0,CNG,39.31,20.4,5,1258,27.8,3.91,,89.0,-2.34,-3.13,13.6,7.5,42.2,-0.49,ARMED,,15.7,5,
1791340969964,28.624423,77.309139,42.0,CNG,44.76,20.4,5,1246,36.1,3.02,,89.0,-0.78,-3.13,13.8,7.5,41.8,-0.50,ARMED,,18.8,5,
1791340970869,28.624385,77.309027,42.0,CNG,31.21,25.1,5,1251,36.1,8.03,,88.0,-0.78,-3.13,13.8,13.9,41.8,-0.07,ARMED,,18.8,5,
1791340971674,28.624344,77.308911,43.0,CNG,26.58,25.1,5,1278,36.1,8.06,,88.0,-0.78,-3.13,13.7,13.9,42.4,0.32,ARMED,,18.8,5,
1791340973367,28.624304,77.308796,45.0,CNG,25.37,25.1,5,1325,55.3,7.72,,87.0,0.78,-3.91,13.7,13.9,43.9,0.98,ARMED,,20.0,5,
1791340974368,28.624261,77.308675,47.0,CNG,25.64,23.5,5,1388,55.3,7.38,,87.0,0.78,-3.91,13.6,11.8,46.5,1.37,ARMED,,20.0,5,
1791340975232,28.624217,77.308552,48.0,CNG,25.81,23.5,5,1422,55.3,7.53,,87.0,0.78,-3.91,13.6,11.8,47.8,1.37,ARMED,,20.0,5,
1791340976990,28.624126,77.308299,49.0,CNG,24.76,16.9,5,1439,20.4,8.55,,87.0,-3.13,-3.91,13.7,2.7,48.6,1.20,ARMED,,15.7,5,
1791340977832,28.624080,77.308172,49.0,CNG,30.19,19.2,5,1446,20.4,4.53,,87.0,-3.13,-3.91,13.7,5.9,48.9,0.36,ARMED,,15.7,5,
1791340978613,28.624036,77.308044,49.0,CNG,33.83,19.6,5,1459,20.4,4.87,,87.0,-3.13,-3.91,13.7,6.4,49.1,0.35,ARMED,,15.7,5,
1791340980592,28.623945,77.307788,49.0,CNG,36.76,19.6,5,1459,28.6,4.75,,87.0,-1.56,-3.91,13.8,6.4,49.2,0.28,ARMED,,16.9,5,
1791340981553,28.623945,77.307788,49.0,CNG,43.22,19.6,5,1467,28.6,3.42,,87.0,-1.56,-3.91,13.6,6.4,49.3,0.11,ARMED,,16.9,5,
1791340982317,28.623900,77.307661,49.0,CNG,50.60,19.6,5,1463,28.6,2.95,,87.0,-1.56,-3.91,13.6,6.4,49.3,0.06,ARMED,,16.9,5,
1791340984110,28.623809,77.307407,49.0,CNG,56.28,19.6,5,1466,21.2,2.96,,87.0,-0.78,-3.91,13.8,6.4,49.3,0.05,ARMED,,15.7,5,
1791340984975,28.623762,77.307273,50.0,CNG,55.12,20.0,5,1475,21.2,3.82,,87.0,-0.78,-3.91,13.8,7.0,49.6,0.10,ARMED,,15.7,5,
1791340985743,28.623717,77.307143,50.0,CNG,59.09,20.0,5,1490,21.2,3.09,,87.0,-0.78,-3.91,13.7,7.0,49.9,0.26,ARMED,,15.7,5,
1791340987590,28.623630,77.306882,50.0,CNG,62.18,20.0,5,1479,21.6,3.03,,87.0,-0.78,-3.91,13.7,7.0,49.9,0.09,ARMED,,15.7,5,
1791340988484,28.623630,77.306882,50.0,CNG,60.10,20.0,5,1470,21.6,3.57,,87.0,-0.78,-3.91,13.6,7.0,49.6,-0.12,ARMED,,15.7,5,
1791340989261,28.623587,77.306751,49.0,CNG,54.54,20.4,5,1458,21.6,4.19,,87.0,-0.78,-3.91,13.6,7.5,49.2,-0.19,ARMED,,15.7,5,
1791340991084,28.623501,77.306492,49.0,CNG,51.86,20.4,5,1463,24.3,4.15,,87.0,-0.78,-3.91,13.6,7.5,49.2,-0.15,ARMED,,16.1,5,
1791340992002,28.623459,77.306369,49.0,CNG,49.86,20.4,5,1461,24.3,4.25,,87.0,-0.78,-3.91,13.6,7.5,49.1,-0.10,ARMED,,16.1,5,
1791340992772,28.623414,77.306236,49.0,CNG,48.12,20.4,5,1464,24.3,4.38,,87.0,-0.78,-3.91,13.6,7.5,49.2,-0.07,ARMED,,16.1,5,
1791340994598,28.623329,77.305978,49.0,CNG,50.10,21.2,5,1454,40.4,3.75,,87.0,0.00,-3.13,13.6,8.6,49.0,-0.11,ARMED,,18.8,5,
1791340995522,28.623329,77.305978,49.0,CNG,38.30,22.4,5,1457,40.4,7.08,,87.0,0.00,-3.13,13.8,10.2,49.0,-0.06,ARMED,,18.8,5,
1791340996247,28.623287,77.305849,49.0,CNG,31.38,22.4,5,1464,40.4,8.11,,87.0,0.00,-3.13,13.8,10.2,49.1,-0.01,ARMED,,18.8,5,
1791340998124,28.623200,77.305588,49.0,CNG,29.24,14.9,5,1476,22.0,7.55,,87.0,-2.34,-3.91,13.8,0.0,49.5,0.18,ARMED,,20.8,5,
1791340998985,28.623157,77.305459,49.0,CNG,21.39,18.0,5,1488,22.0,13.14,,88.0,-2.34,-3.91,13.8,4.3,49.9,0.20,ARMED,,20.8,5,
1791340999791,28.623113,77.305334,50.0,CNG,26.56,20.0,5,1465,22.0,4.96,,88.0,-2.34,-3.91,13.7,7.0,49.5,-0.11,ARMED,,20.8,5,
1791341001568,28.623023,77.305073,49.0,CNG,30.05,21.2,5,1449,31.0,5.34,,88.0,-1.56,-3.91,13.7,8.6,48.9,-0.40,ARMED,,17.3,5,
1791341002529,28.623023,77.305073,49.0,CNG,30.06,22.7,5,1456,31.0,6.66,,88.0,-1.56,-3.91,13.7,10.7,48.8,-0.10,ARMED,,17.3,5,
1791341003286,28.622980,77.304944,49.0,CNG,30.04,22.7,5,1464,31.0,6.67,,88.0,-1.56,-3.91,13.7,10.7,49.0,0.04,ARMED,,17.3,5,
1791341005020,28.622893,77.304684,50.0,CNG,31.33,22.7,5,1477,39.2,6.11,,88.0,0.00,-3.91,13.8,10.7,49.4,0.26,ARMED,,18.4,5,
1791341005898,28.622849,77.304552,50.0,CNG,31.95,22.7,5,1499,39.2,6.21,,89.0,0.00,-3.91,13.8,10.7,50.3,0.44,ARMED,,18.4,5,
1791341006678,28.622804,77.304419,51.0,CNG,32.52,22.7,5,1507,39.2,6.24,,89.0,0.00,-3.91,13.8,10.7,50.6,0.44,ARMED,,18.4,5,
1791341008405,28.622759,77.304290,51.0,CNG,31.34,22.7,5,1513,38.8,7.01,,89.0,-0.78,-3.91,13.8,10.7,50.9,0.41,ARMED,,18.8,5,
1791341009321,28.622711,77.304150,51.0,CNG,31.59,22.7,5,1530,38.8,6.52,,89.0,-0.78,-3.91,13.7,10.7,51.4,0.36,ARMED,,18.8,5,
1791341010087,28.622664,77.304016,52.0,CNG,31.23,22.7,5,1532,38.8,6.92,,89.0,-0.78,-3.91,13.7,10.7,51.5,0.32,ARMED,,18.8,5,
1791341011865,28.622569,77.303739,52.0,CNG,30.73,22.7,5,1540,28.2,7.08,,89.0,-3.13,-3.91,13.8,10.7,51.8,0.31,ARMED,,15.3,5,
1791341012792,28.622523,77.303603,52.0,CNG,36.39,20.0,5,1552,28.2,4.24,,89.0,-3.13,-3.91,13.8,7.0,52.1,0.26,ARMED,,15.3,5,
1791341013555,28.622523,77.303603,52.0,CNG,39.57,20.0,5,1549,28.2,4.67,,89.0,-3.13,-3.91,13.6,7.0,52.1,0.21,ARMED,,15.3,5,
1791341015503,28.622435,77.303334,52.0,CNG,39.63,20.0,5,1535,30.6,5.35,,90.0,-1.56,-3.91,13.7,7.0,51.8,-0.08,ARMED,,17.3,5,
1791341016375,28.622390,77.303198,52.0,CNG,38.57,20.0,5,1541,30.6,5.73,,90.0,-1.56,-3.91,13.6,7.0,51.8,-0.05,ARMED,,17.3,5,
1791341017116,28.622343,77.303057,52.0,CNG,37.78,20.4,5,1555,30.6,5.80,,90.0,-1.56,-3.91,13.6,7.5,52.1,0.14,ARMED,,17.3,5,
1791341018896,28.622252,77.302788,52.0,CNG,37.53,20.8,5,1543,23.5,5.72,,90.0,-1.56,-3.91,13.6,8.0,52.0,0.08,ARMED,,15.3,5,
1791341019887,28.622210,77.302658,48.0,CNG,45.51,14.9,5,1458,23.5,2.82,,90.0,-1.56,-3.91,13.6,0.0,49.2,-1.20,ARMED,,15.3,5,
1791341020716,28.622181,77.302554,41.0,CNG,53.43,14.9,,1056,23.5,2.13,,90.0,-1.56,-3.91,13.1,0.0,41.0,0.00,ARMED,,15.3,,
1791341022503,28.622156,77.302460,35.0,CNG,59.82,14.9,,753,26.7,1.82,,90.0,0.00,-0.78,13.1,0.0,35.0,0.00,ARMED,,12.5,,
1791341023253,28.622132,77.302371,32.0,CNG,67.13,14.9,,655,26.7,1.48,,90.0,0.00,-0.78,13.6,0.0,32.0,0.00,ARMED,,12.5,,
1791341024054,28.622105,77.302286,32.0,CNG,67.48,21.6,,686,26.7,1.92,,90.0,0.00,-0.78,13.6,9.1,32.0,0.00,ARMED,,12.5,,
1791341025684,28.622050,77.302119,31.0,CNG,32.22,25.5,5,883,49.0,7.47,,90.0,0.78,-3.91,13.7,14.4,31.0,0.00,ARMED,,20.4,5,
1791341026425,28.622050,77.302119,33.0,CNG,22.24,25.5,3,1697,49.0,8.95,,90.0,0.78,-3.91,13.7,14.4,33.0,0.00,ARMED,,20.4,3,
1791341027201,28.622019,77.302033,34.0,CNG,18.95,25.5,3,1742,49.0,8.93,,90.0,0.78,-3.91,13.8,14.4,33.6,0.35,ARMED,,20.4,3,
1791341028845,28.621957,77.301852,35.0,CNG,17.22,14.9,3,1779,20.4,9.40,,90.0,0.00,0.00,13.8,0.0,34.6,0.76,ARMED,,18.8,3,
1791341029656,28.621957,77.301852,34.0,CNG,18.25,24.3,4,1327,20.4,6.93,,90.0,0.00,0.00,13.6,12.8,34.0,0.00,ARMED,,18.8,4,
1791341030425,28.621926,77.301764,34.0,CNG,17.95,24.3,4,1326,20.4,7.93,,90.0,0.00,0.00,13.6,12.8,34.0,0.00,ARMED,,18.8,4,
1791341032176,28.621865,77.301582,35.0,CNG,18.58,28.6,4,1358,94.5,7.31,,90.0,8.59,-3.91,13.8,18.7,34.6,0.37,ARMED,,46.7,3,
1791341032901,28.621831,77.301481,38.0,CNG,16.23,52.5,4,1476,94.5,11.21,,89.0,8.59,-3.91,13.8,51.4,37.6,1.50,ARMED,,46.7,3,
1791341033761,28.621794,77.301378,40.0,CNG,14.37,48.6,4,1539,94.5,13.14,,89.0,8.59,-3.91,13.3,46.0,39.4,1.77,ARMED,,46.7,4,
1791341035467,28.621755,77.301268,42.0,CNG,10.16,46.7,4,1615,96.9,23.52,,89.0,1.56,-3.13,13.3,43.3,41.4,2.06,ARMED,,51.8,4,
1791341036396,28.621713,77.301149,46.0,CNG,8.90,56.5,4,1800,96.9,24.48,,89.0,1.56,-3.13,13.8,56.7,46.2,2.56,ARMED,,51.8,4,
1791341037165,28.621671,77.301028,49.0,CNG,7.98,38.0,4,1875,96.9,28.42,,90.0,1.56,-3.13,13.8,31.6,48.3,2.57,ARMED,,51.8,4,
1791341038939,28.621585,77.300769,50.0,CNG,12.85,14.9,4,1788,65.1,2.87,,90.0,0.00,-3.91,13.9,0.0,47.7,0.93,ARMED,,22.0,4,
1791341039784,28.621543,77.300645,49.0,CNG,15.49,24.7,5,1452,65.1,9.12,,90.0,0.00,-3.91,13.9,13.4,49.0,0.00,ARMED,,22.0,4,
1791341040515,28.621543,77.300645,49.0,CNG,18.70,24.7,5,1470,65.1,7.46,,90.0,0.00,-3.91,13.8,13.4,49.0,0.00,ARMED,,22.0,4,
1791341042315,28.621451,77.300380,50.0,CNG,20.91,14.9,5,1485,34.1,8.10,,90.0,-5.47,-3.91,13.8,0.0,49.7,0.38,ARMED,,18.4,5,
1791341043219,28.621404,77.300249,51.0,CNG,24.28,22.7,5,1504,34.1,6.60,,90.0,-5.47,-3.91,13.7,10.7,50.9,0.64,ARMED,,18.4,5,
1791341043934,28.621355,77.300116,51.0,CNG,26.65,22.4,5,1518,34.1,6.70,,90.0,-5.47,-3.91,13.7,10.2,51.4,0.64,ARMED,,18.4,5,
1791341045751,28.621257,77.299847,52.0,CNG,29.46,22.4,5,1533,35.7,6.11,,90.0,-2.34,-3.91,13.8,10.2,51.9,0.64,ARMED,,18.4,5,
1791341046681,28.621209,77.299710,53.0,CNG,32.08,22.0,5,1557,35.7,5.89,,89.0,-2.34,-3.91,13.8,9.6,52.8,0.57,ARMED,,18.4,5,
1791341047473,28.621209,77.299710,53.0,CNG,34.53,22.0,5,1582,35.7,5.57,,89.0,-2.34,-3.91,13.9,9.6,53.5,0.63,ARMED,,18.4,5,
1791341049368,28.621112,77.299430,53.0,CNG,36.12,22.0,5,1590,38.4,5.59,,89.0,-1.56,-3.91,13.7,9.6,53.9,0.58,ARMED,,18.8,5,
1791341050302,28.621065,77.299288,55.0,CNG,33.29,22.0,5,1615,38.4,7.51,,89.0,-1.56,-3.91,13.8,9.6,54.7,0.53,ARMED,,18.8,5,
1791341051035,28.621016,77.299143,55.0,CNG,31.99,22.0,5,1632,38.4,7.43,,88.0,-1.56,-3.91,13.8,9.6,55.2,0.55,ARMED,,18.8,5,
1791341052832,28.620919,77.298852,55.0,CNG,30.95,22.0,5,1640,40.0,7.61,,88.0,0.00,-3.91,13.6,9.6,55.6,0.51,ARMED,,19.2,5,
1791341053712,28.620869,77.298707,56.0,CNG,36.24,19.6,5,1660,40.0,4.74,,88.0,0.00,-3.91,13.6,6.4,56.2,0.44,ARMED,,19.2,5,
1791341054520,28.620869,77.298707,55.0,CNG,40.94,19.6,5,1638,40.0,4.42,,88.0,0.00,-3.91,13.6,6.4,55.8,0.03,ARMED,,19.2,5,
1791341056301,28.620770,77.298421,55.0,CNG,49.18,20.0,5,1636,21.6,3.19,,87.0,-0.78,-4.69,13.6,7.0,55.5,-0.17,ARMED,,16.1,5,
1791341057229,28.620719,77.298272,55.0,CNG,50.60,20.4,5,1639,21.6,4.25,,87.0,-0.78,-4.69,13.9,7.5,55.3,-0.13,CANDIDATE,55.3,16.1,5,
1791341058140,28.620670,77.298128,55.0,CNG,54.81,20.4,5,1636,21.6,3.59,,87.0,-0.78,-4.69,13.9,7.5,55.2,-0.13,LOCKED,55.2,16.1,5,
1791341059874,28.620572,77.297840,55.0,CNG,56.30,19.6,5,1633,19.2,3.83,,87.0,-0.78,-4.69,13.7,6.4,55.1,-0.13,LOCKED,55.2,15.7,5,
1791341060762,28.620524,77.297699,54.0,CNG,58.36,20.4,5,1577,19.2,3.57,,87.0,-0.78,-4.69,13.7,7.5,53.5,-0.76,LOCKED,55.2,15.7,5,
1791341061573,28.620475,77.297559,54.0,CNG,59.95,20.0,5,1606,19.2,3.53,,87.0,-0.78,-4.69,13.9,7.0,53.8,-0.26,LOCKED,55.2,15.7,5,
1791341063331,28.620428,77.297420,53.0,CNG,59.51,20.4,5,1588,25.9,3.68,,87.0,-0.78,-3.91,13.9,7.5,53.6,-0.24,LOCKED,55.2,16.5,5,
1791341064222,28.620382,77.297286,53.0,CNG,53.88,20.8,5,1557,25.9,4.60,,87.0,-0.78,-3.91,13.7,8.0,52.7,-0.46,LOCKED,55.2,16.5,5,
1791341065024,28.620334,77.297145,52.0,CNG,46.93,21.2,5,1551,25.9,5.43,,87.0,-0.78,-3.91,13.7,8.6,52.4,-0.44,LOCKED,55.2,16.5,5,
1791341066822,28.620243,77.296875,52.0,CNG,38.62,22.0,5,1537,42.0,6.99,,87.0,-1.56,-3.91,13.7,9.6,52.0,-0.45,LOCKED,55.2,18.8,5,
1791341067742,28.620200,77.296742,51.0,CNG,33.86,22.0,5,1510,42.0,7.33,,87.0,-1.56,-3.91,13.7,9.6,51.1,-0.47,LOCKED,55.2,18.8,5,
1791341068504,28.620200,77.296742,50.0,CNG,32.60,21.6,5,1493,42.0,6.63,,87.0,-1.56,-3.91,13.8,9.1,50.6,-0.51,LOCKED,55.2,18.8,4,
1791341070315,28.620115,77.296479,50.0,CNG,31.43,21.6,5,1476,41.6,6.86,,88.0,0.00,-3.91,13.8,9.1,49.9,-0.55,LOCKED,55.2,18.8,4,
1791341071189,28.620072,77.296348,49.0,CNG,32.27,21.2,5,1465,41.6,5.95,,88.0,0.00,-3.91,13.7,8.6,49.4,-0.36,LOCKED,55.2,18.8,4,
1791341072017,28.620031,77.296224,49.0,CNG,36.36,21.2,5,1454,41.6,4.44,,88.0,0.00,-3.91,13.7,8.6,49.1,-0.36,LOCKED,55.2,18.8,4,
1791341073774,28.619944,77.295969,48.0,CNG,38.41,20.8,5,1441,29.0,4.66,,88.0,-1.56,-3.91,13.8,8.0,48.7,-0.39,LOCKED,55.2,16.9,4,
1791341074643,28.619944,77.295969,47.0,CNG,38.65,20.8,5,1410,29.0,4.92,,89.0,-1.56,-3.91,13.8,8.0,47.6,-0.58,LOCKED,55.2,16.9,4,
1791341075466,28.619901,77.295845,47.0,CNG,38.35,21.2,5,1403,29.0,5.07,,89.0,-1.56,-3.91,13.8,8.6,47.2,-0.55,LOCKED,55.2,16.9,4,
1791341077190,28.619818,77.295598,47.0,CNG,36.09,23.5,5,1392,63.5,5.80,,89.0,-0.78,-3.91,13.8,11.8,46.8,-0.51,LOCKED,55.2,22.0,4,
1791341078071,28.619777,77.295474,47.0,CNG,26.06,27.5,5,1415,63.5,10.47,,89.0,-0.78,-3.91,13.8,17.1,47.4,0.15,LOCKED,55.2,22.0,4,
1791341078778,28.619735,77.295346,48.0,CNG,23.31,26.3,5,1426,63.5,9.73,,89.0,-0.78,-3.91,13.8,15.5,47.8,0.31,LOCKED,55.2,22.0,4,
1791341080627,28.619650,77.295088,49.0,CNG,22.97,26.7,5,1457,56.5,8.90,,89.0,0.00,-3.13,13.7,16.1,48.7,0.67,LOCKED,55.2,20.0,4,
1791341081491,28.619650,77.295088,50.0,CNG,22.85,25.5,5,1484,56.5,9.01,,90.0,0.00,-3.13,13.7,14.4,49.9,0.67,LOCKED,55.2,20.0,4,
1791341082298,28.619606,77.294954,51.0,CNG,22.84,25.5,5,1501,56.5,9.13,,90.0,0.00,-3.13,13.8,14.4,50.5,0.68,LOCKED,55.2,20.0,5,
1791341084276,28.619517,77.294682,52.0,CNG,23.03,24.7,5,1541,52.9,9.12,,90.0,-3.13,-3.13,13.8,13.4,51.7,0.96,LOCKED,55.2,20.4,5,
1791341085206,28.619471,77.294542,53.0,CNG,28.72,21.6,5,1590,52.9,4.87,,90.0,-3.13,-3.13,13.5,9.1,53.5,0.95,LOCKED,55.2,20.4,5,
1791341085970,28.619424,77.294401,54.0,CNG,30.00,16.5,5,1571,52.9,6.89,,90.0,-3.13,-3.13,13.5,2.1,53.4,0.47,LOCKED,55.2,20.4,5,
1791341087702,28.619331,77.294127,54.0,CNG,32.31,14.9,,1319,30.2,6.06,,90.0,0.00,-0.78,13.6,0.0,54.0,0.00,PAUSED,55.2,14.9,,
1791341088610,28.619331,77.294127,51.0,CNG,40.53,14.9,,904,30.2,3.10,,91.0,0.00,-0.78,13.6,0.0,51.0,0.00,PAUSED,55.2,14.9,,
1791341089391,28.619287,77.293992,47.0,CNG,49.11,14.9,,803,30.2,2.53,,91.0,0.00,-0.78,13.7,0.0,47.0,0.00,PAUSED,55.2,14.9,,
1791341091142,28.619214,77.293764,44.0,CNG,55.12,14.9,,796,22.0,2.58,,90.0,-3.91,-0.78,13.7,0.0,44.0,0.00,PAUSED,55.2,12.5,,
1791341092034,28.619182,77.293661,36.0,CNG,59.52,14.9,,738,22.0,2.08,,90.0,-3.91,-0.78,13.9,0.0,36.0,0.00,ARMED,,12.5,,
1791341092751,28.619153,77.293573,33.0,CNG,64.59,14.9,,717,22.0,1.74,,91.0,-3.91,-0.78,13.9,0.0,33.0,0.00,ARMED,,12.5,,
1791341094396,28.619130,77.293501,29.0,CNG,60.91,14.9,,723,21.6,2.17,,91.0,-2.34,-0.78,13.7,0.0,29.0,0.00,ARMED,,12.5,,
1791341095218,28.619111,77.293442,22.0,CNG,64.20,14.9,4,780,21.6,1.22,,90.0,-2.34,-0.78,13.7,0.0,22.0,0.00,ARMED,,12.5,4,
1791341095988,28.619092,77.293385,22.0,CNG,56.14,14.9,4,778,21.6,2.01,,90.0,-2.34,-0.78,13.7,0.0,22.0,0.00,ARMED,,12.5,4,
1791341097580,28.619073,77.293326,22.0,CNG,63.79,14.9,,761,21.6,1.06,,90.0,3.13,0.00,13.7,0.0,22.0,0.00,ARMED,,12.5,,
1791341098355,28.619060,77.293288,13.0,CNG,59.76,14.9,,792,21.6,1.05,,90.0,3.13,0.00,13.8,0.0,13.0,0.00,ARMED,,12.5,,
1791341099136,28.619051,77.293260,9.0,CNG,37.71,14.9,,785,21.6,2.18,,90.0,3.13,0.00,13.8,0.0,9.0,0.00,ARMED,,12.5,,
1791341100776,28.619043,77.293238,4.0,CNG,24.34,14.9,,740,21.2,2.07,,90.0,1.56,1.56,13.6,0.0,4.0,0.00,ARMED,,12.5,,
1791341101521,28.619043,77.293238,0.0,CNG,14.13,14.9,0,722,21.2,2.00,,89.0,1.56,1.56,13.6,0.0,0.0,0.00,ARMED,,12.5,1,
1791341102358,28.619043,77.293236,0.0,CNG,8.00,14.9,0,736,21.2,2.19,,89.0,1.56,1.56,13.2,0.0,0.0,0.00,ARMED,,12.5,1,
1791341103956,28.619041,77.293227,0.0,CNG,,14.9,0,766,60.8,5.33,,89.0,-0.78,2.34,13.2,0.0,0.0,0.00,ARMED,,18.4,1,
1791341104780,28.619037,77.293213,6.0,CNG,5.53,15.3,1,797,60.8,2.05,,89.0,-0.78,2.34,13.7,0.5,6.0,0.00,ARMED,,18.4,1,
1791341105525,28.619037,77.293213,6.0,CNG,5.56,20.4,1,860,60.8,4.39,,88.0,-0.78,2.34,13.7,7.5,6.0,0.00,ARMED,,18.4,1,
1791341107318,28.619025,77.293178,6.0,CNG,4.94,21.2,1,891,44.7,5.61,,88.0,-2.34,-3.91,13.8,8.6,6.0,0.00,ARMED,,18.0,1,
1791341108100,28.619016,77.293152,10.0,CNG,7.20,17.3,1,1419,44.7,3.64,,88.0,-2.34,-3.91,13.8,3.2,9.5,1.62,ARMED,,18.0,1,
1791341108894,28.619007,77.293127,10.0,CNG,7.57,20.8,1,1363,44.7,5.10,,88.0,-2.34,-3.91,13.8,8.0,10.1,1.22,ARMED,,18.0,1,
1791341110545,28.618999,77.293099,10.0,CNG,7.91,20.8,1,1418,25.5,4.88,,88.0,-0.78,-4.69,13.8,8.0,10.4,0.84,ARMED,,16.9,1,
1791341111324,28.618989,77.293070,12.0,CNG,8.59,20.8,1,1747,25.5,5.16,,88.0,-0.78,-4.69,13.6,8.0,12.3,1.09,ARMED,,16.9,1,
1791341112082,28.618979,77.293036,13.0,CNG,9.36,18.8,1,1884,25.5,5.08,,87.0,-0.78,-4.69,13.6,5.4,13.3,1.13,ARMED,,16.9,1,
1791341113748,28.618956,77.292968,14.0,CNG,11.48,14.9,1,1918,20.8,3.62,,87.0,0.00,0.00,13.8,0.0,13.8,0.96,ARMED,,15.7,1,
1791341114477,28.618956,77.292968,11.0,CNG,12.31,18.4,1,1606,20.8,3.20,,86.0,0.00,0.00,13.8,4.8,11.8,-0.73,ARMED,,15.7,1,
1791341115249,28.618946,77.292938,11.0,CNG,13.58,18.4,1,1562,20.8,2.76,,86.0,0.00,0.00,13.8,4.8,11.1,-0.78,ARMED,,15.7,1,
1791341117059,28.618929,77.292884,11.0,CNG,14.43,18.8,1,1538,19.6,2.81,,86.0,0.78,-4.69,13.7,5.4,10.7,-0.73,ARMED,,15.3,1,
1791341117865,28.618920,77.292857,10.0,CNG,14.12,19.2,1,1514,19.6,3.00,,86.0,0.78,-4.69,13.7,5.9,10.5,-0.24,ARMED,,15.3,1,
1791341118598,28.618920,77.292857,11.0,CNG,13.69,19.2,1,1508,19.6,3.43,,86.0,0.78,-4.69,13.7,5.9,10.4,-0.19,ARMED,,15.3,1,
1791341120198,28.618901,77.292801,11.0,CNG,12.71,20.0,1,1563,23.1,3.91,,86.0,0.00,0.00,13.6,7.0,10.7,0.04,ARMED,,13.7,1,
1791341120981,28.618891,77.292770,11.0,CNG,13.23,17.6,2,896,23.1,3.19,,86.0,0.00,0.00,13.6,3.7,11.0,0.00,ARMED,,13.7,2,
1791341121784,28.618881,77.292740,11.0,CNG,13.18,19.2,2,857,23.1,3.43,,86.0,0.00,0.00,13.7,5.9,11.0,0.00,ARMED,,13.7,2,
1791341123432,28.618871,77.292710,11.0,CNG,11.63,20.4,2,850,56.1,4.55,,86.0,1.56,-3.91,13.7,7.5,11.0,0.00,ARMED,,17.3,2,
1791341124259,28.618859,77.292675,14.0,CNG,11.29,20.4,2,993,56.1,5.24,,86.0,1.56,-3.91,13.5,7.5,13.6,1.23,ARMED,,17.3,2,
1791341125046,28.618847,77.292638,15.0,CNG,11.49,20.0,2,1080,56.1,5.22,,86.0,1.56,-3.91,13.5,7.0,15.0,1.43,ARMED,,17.3,2,
1791341126779,28.618820,77.292559,15.0,CNG,13.03,14.9,2,1152,27.5,3.87,,86.0,-13.28,2.34,13.7,0.0,16.1,1.42,ARMED,,15.3,2,
1791341127514,28.618820,77.292559,15.0,CNG,14.38,17.6,2,1114,27.5,3.64,,87.0,-13.28,2.34,13.7,3.7,15.9,0.21,ARMED,,15.3,2,
1791341128309,28.618806,77.292521,15.0,CNG,16.44,18.0,2,1132,27.5,2.96,,87.0,-13.28,2.34,13.9,4.3,15.8,0.15,ARMED,,15.3,2,
1791341129997,28.618782,77.292441,15.0,CNG,18.63,18.0,2,1102,22.4,2.65,,87.0,1.56,-4.69,13.9,4.3,15.5,-0.09,ARMED,,14.1,2,
1791341130803,28.618770,77.292401,15.0,CNG,19.62,18.4,2,1105,22.4,2.88,,87.0,1.56,-4.69,13.6,4.8,15.3,-0.11,ARMED,,14.1,2,
1791341131542,28.618770,77.292401,15.0,CNG,23.43,18.4,2,1106,22.4,1.86,,87.0,1.56,-4.69,13.6,4.8,15.3,-0.10,ARMED,,14.1,2,
1791341133235,28.618746,77.292322,15.0,CNG,24.63,18.4,2,1115,22.0,2.30,,87.0,2.34,-4.69,13.8,4.8,15.3,-0.06,ARMED,,14.1,2,
1791341134029,28.618734,77.292281,15.0,CNG,23.82,18.4,2,1113,22.0,2.70,,87.0,2.34,-4.69,13.8,4.8,15.3,-0.04,ARMED,,14.1,2,
1791341134844,28.618723,77.292241,15.0,CNG,23.04,18.4,2,1106,22.0,2.79,,87.0,2.34,-4.69,13.9,4.8,15.2,-0.05,ARMED,,14.1,2,
1791341136479,28.618711,77.292202,15.0,CNG,23.58,18.4,2,1104,22.4,2.51,,88.0,0.00,-4.69,13.9,4.8,15.2,-0.05,ARMED,,14.1,2,
1791341137286,28.618699,77.292162,15.0,CNG,25.54,18.4,2,1103,22.4,2.10,,88.0,0.00,-4.69,13.9,4.8,15.2,-0.04,ARMED,,14.1,2,
1791341138030,28.618687,77.292123,15.0,CNG,24.52,16.1,2,1093,22.4,2.65,,88.0,0.00,-4.69,13.9,1.6,15.1,-0.06,ARMED,,14.1,2,
1791341139747,28.618666,77.292049,15.0,CNG,23.51,14.9,2,1085,28.2,2.77,,88.0,-3.91,2.34,13.5,0.0,14.9,-0.08,ARMED,,13.7,2,
1791341140533,28.618666,77.292049,10.0,CNG,22.02,14.9,2,745,28.2,2.12,,88.0,-3.91,2.34,13.5,0.0,10.9,-1.92,ARMED,,13.7,2,
1791341141286,28.618659,77.292026,7.0,CNG,15.45,14.9,,776,28.2,3.39,,88.0,-3.91,2.34,13.5,0.0,7.0,0.00,ARMED,,13.7,,
1791341142888,28.618647,77.291991,6.0,CNG,12.83,14.9,1,799,38.0,2.77,,88.0,-4.69,0.78,13.5,0.0,6.0,0.00,ARMED,,14.9,1,
1791341143685,28.618641,77.291974,6.0,CNG,11.77,14.9,1,817,38.0,2.46,,88.0,-4.69,0.78,13.8,0.0,6.0,0.00,ARMED,,14.9,1,
1791341144434,28.618641,77.291974,6.0,CNG,9.56,14.9,1,824,38.0,3.49,,88.0,-4.69,0.78,13.8,0.0,6.0,0.00,ARMED,,14.9,1,
1791341146114,28.618633,77.291954,4.0,CNG,8.56,14.9,,826,37.3,2.43,,88.0,-0.78,-1.56,13.8,0.0,4.0,0.00,ARMED,,14.9,,
1791341146846,28.618633,77.291953,0.0,CNG,4.74,14.9,0,820,37.3,3.35,,88.0,-0.78,-1.56,13.8,0.0,0.0,0.00,ARMED,,14.9,1,
1791341147632,28.618633,77.291953,0.0,CNG,,14.9,0,811,37.3,3.12,,88.0,-0.78,-1.56,13.7,0.0,0.0,0.00,ARMED,,14.9,1,
1791341149556,28.618633,77.291953,0.0,CNG,,14.9,0,788,24.7,1.14,,89.0,11.72,-2.34,13.9,0.0,0.0,0.00,ARMED,,13.3,1,
1791341150406,28.618633,77.291953,0.0,CNG,,14.9,0,759,24.7,2.49,,89.0,11.72,-2.34,13.6,0.0,0.0,0.00,ARMED,,13.3,1,
1791341151135,28.618630,77.291946,3.0,CNG,,14.9,,778,24.7,3.41,,89.0,11.72,-2.34,13.6,0.0,3.0,0.00,ARMED,,13.3,,
1791341152826,28.618623,77.291926,4.0,CNG,,14.9,,822,27.1,2.08,,89.0,0.00,-1.56,13.4,0.0,4.0,0.00,ARMED,,12.9,,
1791341153563,28.618623,77.291926,5.0,CNG,7.35,14.9,1,725,27.1,1.19,,89.0,0.00,-1.56,13.4,0.0,5.0,0.00,ARMED,,12.9,1,
1791341154356,28.618618,77.291913,5.0,CNG,10.44,14.9,1,740,27.1,1.08,,89.0,0.00,-1.56,13.7,0.0,5.0,0.00,ARMED,,12.9,1,
1791341155947,28.618611,77.291890,5.0,CNG,10.15,14.9,1,734,23.1,2.08,,90.0,4.69,-1.56,13.7,0.0,5.0,0.00,ARMED,,12.9,1,
1791341156742,28.618608,77.291883,2.0,CNG,8.26,14.9,,724,23.1,1.61,,90.0,4.69,-1.56,13.9,0.0,2.0,0.00,ARMED,,12.9,,
1791341157491,28.618608,77.291883,2.0,CNG,,14.9,,825,23.1,1.66,,90.0,4.69,-1.56,13.9,0.0,2.0,0.00,ARMED,,12.9,,
1791341159115,28.618605,77.291871,3.0,CNG,,14.9,,777,40.0,2.48,,90.0,0.78,-0.78,13.8,0.0,3.0,0.00,ARMED,,15.3,,
1791341159852,28.618604,77.291865,2.0,CNG,,14.9,,784,40.0,4.15,,90.0,0.78,-0.78,13.8,0.0,2.0,0.00,ARMED,,15.3,,
1791341160623,28.618604,77.291865,4.0,CNG,3.78,14.9,,647,40.0,4.18,,90.0,0.78,-0.78,13.7,0.0,4.0,0.00,ARMED,,15.3,,
1791341162315,28.618596,77.291840,6.0,CNG,5.27,14.9,1,747,38.8,3.22,,90.0,-3.91,-0.78,13.7,0.0,6.0,0.00,ARMED,,15.3,1,
1791341163107,28.618594,77.291834,1.0,CNG,,14.9,,816,38.8,2.67,,90.0,-3.91,-0.78,13.7,0.0,1.0,0.00,ARMED,,15.3,,
1791341163826,28.618594,77.291834,0.0,CNG,,14.9,0,814,38.8,2.91,,90.0,-3.91,-0.78,13.7,0.0,0.0,0.00,ARMED,,15.3,1,
1791341165477,28.618594,77.291834,0.0,CNG,,14.9,0,815,41.2,2.95,,90.0,0.00,-0.78,13.5,0.0,0.0,0.00,ARMED,,12.5,1,
1791341166259,28.618594,77.291834,0.0,CNG,,14.9,0,781,41.2,1.37,,90.0,0.00,-0.78,13.5,0.0,0.0,0.00,ARMED,,12.5,1,
1791341167020,28.618594,77.291834,0.0,CNG,,14.9,0,748,41.2,2.38,,90.0,0.00,-0.78,13.2,0.0,0.0,0.00,ARMED,,12.5,1,
1791341168755,28.618591,77.291821,1.0,CNG,,14.9,,654,57.3,1.62,,90.0,3.91,-0.78,13.2,0.0,1.0,0.00,ARMED,,14.1,,
1791341169562,28.618591,77.291821,5.0,CNG,,14.9,,621,57.3,1.80,,90.0,3.91,-0.78,13.8,0.0,5.0,0.00,ARMED,,14.1,,
1791341170301,28.618587,77.291808,5.0,CNG,7.13,14.9,1,713,57.3,1.98,,91.0,3.91,-0.78,13.8,0.0,5.0,0.00,ARMED,,14.1,1,
1791341171930,28.618578,77.291779,5.0,CNG,9.76,14.9,1,717,54.9,1.30,,91.0,3.91,-0.78,13.1,0.0,5.0,0.00,ARMED,,14.5,1,
1791341172717,28.618571,77.291759,8.0,CNG,12.28,14.9,,550,54.9,2.14,,91.0,3.91,-0.78,13.1,0.0,8.0,0.00,ARMED,,14.5,,
1791341173510,28.618571,77.291759,9.0,CNG,19.96,14.9,,659,54.9,0.76,,91.0,3.91,-0.78,13.8,0.0,9.0,0.00,ARMED,,14.5,,
1791341175117,28.618555,77.291712,9.0,CNG,19.16,14.9,,691,25.1,2.01,,91.0,-3.13,-0.78,13.8,0.0,9.0,0.00,ARMED,,17.3,,
1791341175979,28.618546,77.291686,10.0,CNG,18.04,14.9,2,724,25.1,2.42,,91.0,-3.13,-0.78,13.7,0.0,10.0,0.00,ARMED,,17.3,2,
1791341176725,28.618536,77.291659,10.0,CNG,16.74,14.9,2,765,25.1,2.67,,91.0,-3.13,-0.78,13.7,0.0,10.0,0.00,ARMED,,17.3,2,
1791341178389,28.618526,77.291632,11.0,CNG,15.64,14.9,2,784,39.6,3.11,,91.0,-3.13,-0.78,13.7,0.0,10.6,0.35,ARMED,,15.3,2,
1791341179134,28.618516,77.291603,11.0,CNG,16.23,16.1,2,811,39.6,2.63,,91.0,-3.13,-0.78,13.7,1.6,11.0,0.31,ARMED,,15.3,2,
1791341179973,28.618506,77.291574,11.0,CNG,15.47,16.9,2,808,39.6,3.10,,91.0,-3.13,-0.78,13.6,2.7,11.1,0.26,ARMED,,15.3,2,
1791341181812,28.618486,77.291518,11.0,CNG,14.37,16.9,2,815,36.9,3.45,,90.0,-1.56,-1.56,13.7,2.7,11.1,0.21,ARMED,,14.9,2,
1791341182654,28.618486,77.291518,11.0,CNG,14.73,17.6,2,820,36.9,2.94,,90.0,-1.56,-1.56,13.5,3.7,11.2,0.04,ARMED,,14.9,2,
1791341183416,28.618477,77.291488,11.0,CNG,17.19,14.9,2,819,36.9,1.97,,90.0,-1.56,-1.56,13.5,0.0,11.1,0.02,ARMED,,14.9,2,
1791341185116,28.618457,77.291429,11.0,CNG,19.61,16.5,2,806,24.3,1.81,,90.0,4.69,-3.91,13.8,2.1,11.0,-0.02,ARMED,,13.3,2,
1791341185838,28.618448,77.291401,11.0,CNG,19.45,18.4,2,838,24.3,2.34,,90.0,4.69,-3.91,13.8,4.8,11.3,0.05,ARMED,,13.3,2,
1791341186594,28.618448,77.291401,11.0,CNG,19.63,18.4,2,859,24.3,2.26,,90.0,4.69,-3.91,13.5,4.8,11.5,0.10,ARMED,,13.3,2,
1791341188196,28.618427,77.291338,12.0,CNG,19.92,18.4,2,869,23.1,2.41,,89.0,3.13,-3.91,13.5,4.8,11.6,0.13,ARMED,,13.3,2,
1791341188984,28.618417,77.291307,12.0,CNG,20.30,18.4,2,897,23.1,2.35,,89.0,3.13,-3.91,13.7,4.8,12.0,0.18,ARMED,,13.3,2,
1791341189760,28.618406,77.291276,12.0,CNG,20.57,18.4,2,916,23.1,2.34,,89.0,3.13,-3.91,13.7,4.8,12.3,0.20,ARMED,,13.3,2,
1791341191476,28.618395,77.291244,12.0,CNG,21.05,18.4,2,925,22.7,2.25,,89.0,1.56,-3.91,13.7,4.8,12.4,0.20,ARMED,,13.3,2,
1791341192191,28.618383,77.291211,13.0,CNG,23.33,18.4,2,945,22.7,1.94,,88.0,1.56,-3.91,13.7,4.8,12.7,0.19,ARMED,,13.3,2,
1791341192980,28.618371,77.291177,13.0,CNG,19.47,18.4,2,945,22.7,3.37,,88.0,1.56,-3.91,13.3,4.8,12.8,0.17,ARMED,,13.3,2,
1791341194721,28.618348,77.291111,13.0,CNG,17.41,18.4,2,962,35.7,3.52,,88.0,0.78,-3.91,13.3,4.8,12.9,0.18,ARMED,,15.3,2,
1791341195476,28.618348,77.291111,13.0,CNG,16.09,14.9,2,976,35.7,3.67,,88.0,0.78,-3.91,13.6,0.0,13.2,0.15,ARMED,,15.3,2,
1791341196204,28.618335,77.291076,13.0,CNG,15.56,14.9,2,956,35.7,3.58,,87.0,0.78,-3.91,13.6,0.0,13.0,0.08,ARMED,,15.3,2,
1791341197808,28.618315,77.291018,12.0,CNG,14.95,14.9,2,820,37.3,3.49,,87.0,-0.78,-1.56,13.7,0.0,11.9,-0.61,ARMED,,14.9,2,
1791341198547,28.618315,77.291018,6.0,CNG,12.04,14.9,1,813,37.3,3.28,,87.0,-0.78,-1.56,13.7,0.0,6.0,0.00,ARMED,,14.9,1,
1791341199335,28.618311,77.291004,3.0,CNG,12.91,14.9,,818,37.3,0.61,,87.0,-0.78,-1.56,13.8,0.0,3.0,0.00,ARMED,,14.9,,
1791341200938,28.618304,77.290986,3.0,CNG,9.03,15.7,,761,57.3,2.82,,87.0,12.50,-1.56,13.8,1.1,3.0,0.00,ARMED,,16.1,,
1791341201735,28.618298,77.290970,6.0,CNG,6.56,14.9,,673,57.3,5.14,,87.0,12.50,-1.56,12.9,0.0,6.0,0.00,ARMED,,16.1,,
1791341202473,28.618298,77.290970,8.0,CNG,8.40,14.9,,566,57.3,2.73,,87.0,12.50,-1.56,12.9,0.0,8.0,0.00,ARMED,,16.1,,
1791341204244,28.618282,77.290924,9.0,CNG,10.99,14.9,,653,25.9,2.21,,87.0,-5.47,-1.56,13.8,0.0,9.0,0.00,ARMED,,12.9,,
1791341205039,28.618275,77.290900,9.0,CNG,13.47,16.5,2,702,25.9,1.95,,87.0,-5.47,-1.56,13.8,2.1,9.0,0.00,ARMED,,12.9,2,
1791341205785,28.618265,77.290875,10.0,CNG,17.68,16.5,2,715,25.9,1.43,,87.0,-5.47,-1.56,13.5,2.1,9.6,0.36,ARMED,,12.9,2,
1791341207437,28.618257,77.290850,10.0,CNG,23.95,16.5,2,732,21.6,0.90,,87.0,0.00,-1.56,13.5,2.1,10.0,0.38,ARMED,,12.5,2,
1791341208254,28.618248,77.290823,10.0,CNG,21.51,16.5,2,769,21.6,2.17,,87.0,0.00,-1.56,13.8,2.1,10.1,0.14,ARMED,,12.5,2,
1791341209006,28.618239,77.290796,10.0,CNG,21.61,17.6,2,766,21.6,1.88,,87.0,0.00,-1.56,13.8,3.7,10.0,0.10,ARMED,,12.5,2,
1791341210633,28.618229,77.290769,10.0,CNG,20.98,17.6,2,790,38.0,2.03,,87.0,0.78,-3.91,13.6,3.7,10.2,0.13,ARMED,,15.3,2,
1791341211397,28.618219,77.290742,11.0,CNG,19.85,18.0,2,797,38.0,2.43,,87.0,0.78,-3.91,13.6,4.3,10.4,0.13,ARMED,,15.3,2,
1791341212196,28.618208,77.290713,11.0,CNG,19.58,17.6,2,810,38.0,2.34,,87.0,0.78,-3.91,13.6,3.7,10.6,0.14,ARMED,,15.3,2,
1791341214022,28.618189,77.290655,11.0,CNG,15.14,19.2,2,825,45.9,3.94,,87.0,2.34,-3.91,13.8,5.9,10.8,0.17,ARMED,,16.1,2,
1791341214839,28.618178,77.290625,12.0,CNG,13.49,19.2,2,893,45.9,4.17,,87.0,2.34,-3.91,13.7,5.9,11.7,0.45,ARMED,,16.1,2,
1791341215564,28.618178,77.290625,12.0,CNG,13.01,19.2,2,915,45.9,3.96,,87.0,2.34,-3.91,13.7,5.9,12.1,0.45,ARMED,,16.1,2,
1791341217269,28.618155,77.290559,13.0,CNG,13.92,19.2,2,940,24.3,3.46,,87.0,-3.13,-1.56,13.8,5.9,12.4,0.45,ARMED,,13.3,2,
1791341218080,28.618144,77.290527,12.0,CNG,18.28,18.0,2,936,24.3,1.41,,88.0,-3.13,-1.56,13.8,4.3,12.4,0.10,ARMED,,13.3,2,
1791341218895,28.618133,77.290495,12.0,CNG,19.38,18.0,2,903,24.3,2.30,,88.0,-3.13,-1.56,13.7,4.3,12.1,-0.13,ARMED,,13.3,2,
1791341220567,28.618123,77.290463,12.0,CNG,24.05,18.0,2,883,22.4,1.30,,88.0,0.78,-3.91,13.7,4.3,11.8,-0.19,ARMED,,14.5,2,
1791341221428,28.618113,77.290435,11.0,CNG,20.58,14.9,2,844,22.4,2.70,,88.0,0.78,-3.91,13.8,0.0,11.2,-0.27,ARMED,,14.5,2,
1791341222206,28.618104,77.290404,11.0,CNG,21.59,14.9,2,780,22.4,1.92,,88.0,0.78,-3.91,13.8,0.0,10.5,-0.51,ARMED,,14.5,2,
1791341223835,28.618090,77.290355,10.0,CNG,21.69,14.9,2,718,23.1,1.87,,88.0,1.56,-1.56,13.0,0.0,9.7,-0.73,ARMED,,14.5,2,
1791341224597,28.618090,77.290355,8.0,CNG,18.48,20.8,,593,23.1,2.30,,88.0,1.56,-1.56,13.0,8.0,8.0,0.00,ARMED,,14.5,,
1791341225384,28.618083,77.290334,8.0,CNG,14.97,20.8,,589,23.1,2.94,,88.0,1.56,-1.56,13.3,8.0,8.0,0.00,ARMED,,14.5,,
1791341227000,28.618068,77.290289,9.0,CNG,18.74,15.7,,624,49.8,1.22,,88.0,-10.16,-3.13,13.3,1.1,9.0,0.00,ARMED,,18.4,,
1791341227822,28.618059,77.290264,9.0,CNG,11.94,21.2,,674,49.8,4.76,,88.0,-10.16,-3.13,13.5,8.6,9.0,0.00,ARMED,,18.4,,
1791341228560,28.618059,77.290264,10.0,CNG,14.04,14.9,2,731,49.8,2.22,,88.0,-10.16,-3.13,13.5,0.0,10.0,0.00,ARMED,,18.4,2,
1791341230341,28.618041,77.290213,10.0,CNG,14.65,14.9,2,777,37.6,2.62,,88.0,-3.91,-1.56,13.8,0.0,10.0,0.00,ARMED,,14.9,2,
1791341231104,28.618033,77.290191,8.0,CNG,12.79,14.9,,811,37.6,3.14,,88.0,-3.91,-1.56,13.8,0.0,8.0,0.00,ARMED,,14.9,,
1791341231892,28.618028,77.290172,7.0,CNG,12.23,14.9,,815,37.6,2.54,,88.0,-3.91,-1.56,13.8,0.0,7.0,0.00,ARMED,,14.9,,
1791341233528,28.618022,77.290156,6.0,CNG,9.96,14.9,1,816,36.5,3.40,,89.0,0.00,-3.13,13.8,0.0,6.0,0.00,ARMED,,14.9,1,
1791341234316,28.618018,77.290143,5.0,CNG,14.49,14.9,,819,36.5,0.00,,89.0,0.00,-3.13,13.8,0.0,5.0,0.00,ARMED,,14.9,,
1791341235053,28.618014,77.290131,4.0,CNG,12.52,14.9,,751,36.5,1.73,,89.0,0.00,-3.13,13.8,0.0,4.0,0.00,ARMED,,14.9,,
1791341236764,28.618007,77.290113,4.0,CNG,10.68,14.9,,740,22.7,1.99,,89.0,5.47,-2.34,13.7,0.0,4.0,0.00,ARMED,,12.5,,
1791341237523,28.618007,77.290113,3.0,CNG,6.47,14.9,,713,22.7,3.71,,89.0,5.47,-2.34,13.7,0.0,3.0,0.00,ARMED,,12.5,,
1791341238321,28.618005,77.290105,3.0,CNG,5.96,14.9,,772,22.7,2.39,,89.0,5.47,-2.34,13.5,0.0,3.0,0.00,ARMED,,12.5,,
1791341239914,28.617999,77.290085,4.0,CNG,6.16,14.9,,789,35.3,2.53,,89.0,-2.34,-1.56,13.5,0.0,4.0,0.00,ARMED,,11.8,,
1791341240725,28.617994,77.290072,5.0,CNG,8.19,14.9,1,741,35.3,1.56,,89.0,-2.34,-1.56,13.7,0.0,5.0,0.00,ARMED,,11.8,1,
1791341241519,28.617994,77.290072,5.0,CNG,8.92,14.9,1,716,35.3,2.03,,89.0,-2.34,-1.56,13.7,0.0,5.0,0.00,ARMED,,11.8,1,
1791341243210,28.617986,77.290047,5.0,CNG,8.68,18.4,,674,47.5,2.44,,89.0,1.56,-3.91,13.6,4.8,5.0,0.00,ARMED,,15.7,,
1791341244005,28.617982,77.290033,5.0,CNG,9.41,19.6,1,756,47.5,1.91,,89.0,1.56,-3.91,13.6,6.4,5.0,0.00,ARMED,,15.7,1,
1791341244805,28.617977,77.290019,6.0,CNG,7.47,21.2,1,852,47.5,4.10,,89.0,1.56,-3.91,13.8,8.6,5.6,0.36,ARMED,,15.7,1,
1791341246569,28.617972,77.290001,6.0,CNG,5.66,21.2,1,904,56.1,5.72,,90.0,-1.56,-3.13,13.7,8.6,6.0,0.38,ARMED,,21.6,1,
1791341247351,28.617965,77.289978,10.0,CNG,4.48,25.9,1,1398,56.1,10.71,,90.0,-1.56,-3.13,13.8,15.0,9.6,1.74,ARMED,,21.6,1,
1791341248110,28.617956,77.289947,12.0,CNG,7.46,14.9,1,1664,56.1,2.57,,90.0,-1.56,-3.13,13.8,0.0,11.6,2.09,ARMED,,21.6,1,
1791341249861,28.617939,77.289884,12.0,CNG,9.89,18.0,,1101,56.1,3.09,,90.0,0.00,-3.91,13.7,4.3,12.0,0.00,ARMED,,17.6,,
1791341250583,28.617939,77.289884,11.0,CNG,9.05,21.6,2,818,56.1,5.57,,90.0,0.00,-3.91,13.7,9.1,11.0,0.00,ARMED,,17.6,2,
1791341251367,28.617930,77.289854,12.0,CNG,10.04,21.6,2,845,56.1,4.17,,90.0,0.00,-3.91,13.5,9.1,11.6,0.36,ARMED,,17.6,2,
1791341252977,28.617909,77.289786,12.0,CNG,10.57,21.6,2,923,49.8,4.30,,90.0,-1.56,-3.91,13.5,9.1,12.0,0.38,ARMED,,16.9,2,
1791341253776,28.617896,77.289750,14.0,CNG,15.03,19.2,2,1040,49.8,1.83,,90.0,-1.56,-3.91,13.7,5.9,13.8,0.96,ARMED,,16.9,2,
1791341254546,28.617896,77.289750,14.0,CNG,18.14,19.2,2,1055,49.8,2.28,,90.0,-1.56,-3.91,13.7,5.9,14.3,0.89,ARMED,,16.9,2,
1791341256197,28.617869,77.289676,14.0,CNG,17.82,19.6,2,1068,27.8,3.29,,90.0,0.00,-3.91,13.8,6.4,14.6,0.67,ARMED,,15.3,2,
1791341256973,28.617854,77.289637,15.0,CNG,17.12,20.4,2,1114,27.8,3.77,,90.0,0.00,-3.91,13.8,7.5,15.1,0.36,ARMED,,15.3,2,
1791341257848,28.617840,77.289597,15.0,CNG,17.78,20.4,2,1151,27.8,3.26,,90.0,0.00,-3.91,13.6,7.5,15.4,0.37,ARMED,,15.3,2,
1791341259457,28.617825,77.289556,16.0,CNG,18.71,20.4,2,1184,29.4,3.25,,90.0,-0.78,-3.91,13.6,7.5,15.8,0.40,ARMED,,15.7,2,
1791341260269,28.617809,77.289513,17.0,CNG,17.79,20.8,2,1248,29.4,4.16,,90.0,-0.78,-3.91,13.6,8.0,16.7,0.46,ARMED,,15.7,2,
1791341261066,28.617792,77.289468,17.0,CNG,16.69,20.8,2,1286,29.4,4.52,,90.0,-0.78,-3.91,13.6,8.0,17.2,0.49,ARMED,,15.7,2,
1791341262755,28.617755,77.289372,18.0,CNG,15.39,21.2,2,1326,61.2,5.29,,90.0,0.78,-3.13,13.7,8.6,17.7,0.54,ARMED,,21.2,2,
1791341263545,28.617755,77.289372,21.0,CNG,11.61,24.3,2,1550,61.2,9.60,,89.0,0.78,-3.13,13.7,12.8,20.6,1.42,ARMED,,21.2,2,
1791341264307,28.617734,77.289318,22.0,CNG,9.76,25.1,2,1657,61.2,11.06,,89.0,0.78,-3.13,13.6,13.9,22.0,1.65,ARMED,,21.2,2,
1791341265950,28.617686,77.289192,24.0,CNG,8.02,35.7,2,1767,89.8,14.96,,89.0,2.34,-2.34,13.6,28.4,23.6,1.81,ARMED,,31.4,2,
1791341266934,28.617658,77.289117,29.0,CNG,13.07,14.9,2,2133,89.8,2.70,,89.0,2.34,-2.34,13.8,0.0,28.6,2.54,ARMED,,31.4,2,
1791341267683,28.617629,77.289043,28.0,CNG,11.26,29.4,4,973,89.8,12.02,,89.0,2.34,-2.34,13.8,19.8,28.0,0.00,ARMED,,31.4,3,
1791341269364,28.617599,77.288968,29.0,CNG,10.94,29.4,3,1489,49.8,11.24,,89.0,-1.56,-3.13,13.7,19.8,29.0,0.00,ARMED,,19.6,2,
1791341270105,28.617567,77.288890,31.0,CNG,12.60,25.1,3,1578,49.8,8.05,,89.0,-1.56,-3.13,13.7,13.9,30.7,0.82,ARMED,,19.6,3,
1791341270838,28.617535,77.288811,31.0,CNG,16.15,14.9,3,1612,49.8,4.78,,89.0,-1.56,-3.13,13.7,0.0,31.1,0.76,ARMED,,19.6,3,
1791341272449,28.617503,77.288733,31.0,CNG,16.53,23.5,3,1603,40.8,7.41,,89.0,-1.56,-3.91,13.7,11.8,31.2,0.46,ARMED,,19.2,3,
1791341273234,28.617469,77.288650,32.0,CNG,16.73,23.5,3,1629,40.8,7.68,,89.0,-1.56,-3.91,13.8,11.8,31.5,0.24,ARMED,,19.2,3,
1791341274001,28.617434,77.288568,32.0,CNG,17.38,23.5,3,1648,40.8,7.10,,89.0,-1.56,-3.91,13.8,11.8,31.7,0.27,ARMED,,19.2,3,
1791341275667,28.617400,77.288486,33.0,CNG,17.93,20.8,3,1669,26.3,7.18,,89.0,0.78,-4.69,13.7,8.0,32.1,0.32,ARMED,,17.3,3,
1791341276527,28.617365,77.288404,32.0,CNG,19.13,22.4,3,1659,26.3,6.15,,88.0,0.78,-4.69,13.7,10.2,32.1,0.07,LOCKED,32.1,17.3,3,
1791341277289,28.617331,77.288323,32.0,CNG,18.20,23.5,3,1669,26.3,7.71,,88.0,0.78,-4.69,13.7,11.8,32.2,0.08,LOCKED,32.1,17.3,3,
1791341279191,28.617260,77.288158,33.0,CNG,17.89,23.5,3,1683,39.2,7.73,,88.0,-0.78,-3.91,13.7,11.8,32.4,0.12,LOCKED,32.1,19.2,3,
1791341279971,28.617223,77.288074,34.0,CNG,18.15,23.5,3,1737,39.2,7.50,,88.0,-0.78,-3.91,13.8,11.8,33.5,0.51,LOCKED,32.1,19.2,3,
1791341280713,28.617184,77.287984,35.0,CNG,18.29,23.5,3,1776,39.2,7.73,,88.0,-0.78,-3.91,13.8,11.8,34.2,0.69,LOCKED,32.1,19.2,3,
1791341282363,28.617144,77.287896,35.0,CNG,16.94,23.5,3,1791,45.5,9.35,,88.0,-0.78,-3.13,13.6,11.8,34.7,0.69,LOCKED,32.1,20.4,3,
1791341283082,28.617103,77.287806,36.0,CNG,16.13,23.5,3,1850,45.5,9.74,,88.0,-0.78,-3.13,13.6,11.8,35.9,0.69,LOCKED,32.1,20.4,3,
1791341283871,28.617059,77.287716,36.0,CNG,16.26,14.9,3,1863,45.5,8.94,,88.0,-0.78,-3.13,13.6,0.0,36.2,0.64,LOCKED,32.1,20.4,3,
1791341285512,28.617015,77.287627,36.0,CNG,20.13,20.8,4,1273,53.3,4.75,,88.0,-1.56,-3.13,13.6,8.0,36.0,0.00,PAUSED,32.1,21.2,4,
1791341286285,28.616971,77.287539,37.0,CNG,17.19,26.3,4,1422,53.3,10.65,,88.0,-1.56,-3.13,13.7,15.5,36.9,0.41,PAUSED,32.1,21.2,3,
1791341287083,28.616925,77.287448,38.0,CNG,18.00,25.5,4,1471,53.3,8.05,,88.0,-1.56,-3.13,13.7,14.4,37.7,0.70,PAUSED,32.1,21.2,4,
1791341288664,28.616876,77.287357,39.0,CNG,18.59,25.5,4,1521,41.6,8.17,,88.0,0.00,-3.13,13.8,14.4,38.8,1.07,PAUSED,32.1,14.1,4,
1791341289453,28.616818,77.287260,40.0,CNG,26.42,16.9,5,1141,41.6,2.50,,89.0,0.00,-3.13,13.8,2.7,40.0,0.00,PAUSED,32.1,14.1,5,
1791341290232,28.616762,77.287168,40.0,CNG,35.83,19.2,5,1203,41.6,2.21,,89.0,0.00,-3.13,13.8,5.9,40.0,0.00,ARMED,,14.1,5,
1791341291812,28.616644,77.286980,41.0,CNG,40.96,19.6,5,1196,24.7,3.25,,89.0,-0.78,-3.91,13.8,6.4,40.6,0.36,ARMED,,15.3,5,
1791341292738,28.616585,77.286885,41.0,CNG,42.97,19.6,5,1231,24.7,3.62,,89.0,-0.78,-3.91,13.8,6.4,41.0,0.31,ARMED,,15.3,5,
1791341293456,28.616585,77.286885,42.0,CNG,44.59,19.6,5,1247,24.7,3.64,,89.0,-0.78,-3.91,13.8,6.4,41.5,0.37,ARMED,,15.3,5,
1791341295217,28.616463,77.286694,42.0,CNG,47.07,19.6,5,1239,23.9,3.35,,89.0,-0.78,-4.69,13.7,6.4,41.5,0.20,ARMED,,15.3,5,
1791341296073,28.616403,77.286599,43.0,CNG,47.88,19.6,5,1276,23.9,3.58,,89.0,-0.78,-4.69,13.7,6.4,42.5,0.51,ARMED,,15.3,5,
1791341296876,28.616336,77.286498,43.0,CNG,48.15,19.6,5,1283,23.9,3.62,,89.0,-0.78,-4.69,13.9,6.4,42.9,0.51,ARMED,,15.3,5,
1791341298637,28.616202,77.286303,44.0,CNG,51.74,19.6,5,1293,23.1,3.10,,89.0,0.00,-4.69,13.9,6.4,43.3,0.49,ARMED,,15.3,5,
1791341299569,28.616202,77.286303,45.0,CNG,51.00,19.6,5,1335,23.1,3.68,,89.0,0.00,-4.69,13.8,6.4,44.6,0.70,ARMED,,15.3,5,
1791341300315,28.616131,77.286203,46.0,CNG,47.58,19.6,5,1353,23.1,4.33,,89.0,0.00,-4.69,13.8,6.4,45.3,0.73,ARMED,,15.3,5,
1791341302068,28.615982,77.286006,46.0,CNG,46.44,19.6,5,1367,31.0,4.19,,89.0,-1.56,-4.69,13.5,6.4,45.9,0.71,ARMED,,16.9,5,
1791341302920,28.615904,77.285912,48.0,CNG,43.59,14.9,5,1417,31.0,4.89,,89.0,-1.56,-4.69,13.5,0.0,47.5,0.90,ARMED,,16.9,5,
1791341303680,28.615825,77.285817,47.0,CNG,49.78,14.9,5,1388,31.0,3.05,,89.0,-1.56,-4.69,13.8,0.0,47.2,0.35,ARMED,,16.9,5,
1791341305470,28.615753,77.285727,43.0,CNG,54.35,14.9,5,1299,37.3,2.75,,89.0,0.00,0.00,13.8,0.0,44.9,-1.14,ARMED,,14.1,5,
1791341306340,28.615694,77.285651,32.0,CNG,68.58,14.9,5,855,37.3,0.85,,89.0,0.00,0.00,13.7,0.0,30.5,-6.72,ARMED,,14.1,5,
1791341307103,28.615647,77.285589,28.0,CNG,64.62,14.9,5,753,37.3,1.99,,89.0,0.00,0.00,13.7,0.0,25.6,-6.57,ARMED,,14.1,5,
1791341308740,28.615564,77.285486,25.0,CNG,73.79,14.9,5,748,22.0,0.97,,89.0,1.56,-1.56,13.7,0.0,23.6,-4.85,ARMED,,12.5,5,
1791341309516,28.615564,77.285486,20.0,CNG,59.04,14.9,4,774,22.0,2.03,,88.0,1.56,-1.56,13.7,0.0,20.0,0.00,ARMED,,12.5,4,
1791341310267,28.615533,77.285447,18.0,CNG,57.83,14.9,4,789,22.0,1.33,,88.0,1.56,-1.56,13.6,0.0,18.8,-0.70,ARMED,,12.5,4,
1791341312131,28.615473,77.285376,18.0,CNG,55.06,14.9,4,771,22.0,1.46,,89.0,3.13,-1.56,13.7,0.0,18.1,-0.74,ARMED,,14.1,4,
1791341312887,28.615444,77.285341,16.0,CNG,33.59,19.6,2,1158,22.0,3.45,,89.0,3.13,-1.56,13.8,6.4,16.0,0.00,ARMED,,14.1,2,
1791341313653,28.615444,77.285341,16.0,CNG,16.16,33.7,2,1194,22.0,7.80,,88.0,3.13,-1.56,13.8,25.7,16.0,0.00,ARMED,,14.1,2,
1791341315366,28.615386,77.285265,18.0,CNG,10.23,39.6,2,1342,87.1,11.12,,88.0,2.34,-2.34,13.7,33.7,17.2,0.72,ARMED,,29.0,2,
1791341316210,28.615343,77.285210,26.0,CNG,15.15,14.9,2,1839,87.1,3.53,,88.0,2.34,-2.34,13.7,0.0,25.2,3.73,ARMED,,29.0,2,
1791341316981,28.615298,77.285158,26.0,CNG,10.84,32.5,,1148,87.1,13.20,,88.0,2.34,-2.34,13.6,24.1,26.0,0.00,ARMED,,29.0,,
1791341318659,28.615194,77.285041,28.0,CNG,8.95,37.6,3,1423,72.9,15.53,,89.0,0.00,-2.34,13.6,31.0,28.0,0.00,ARMED,,13.7,2,
1791341319539,28.615194,77.285041,32.0,CNG,10.64,25.5,3,1575,72.9,9.57,,89.0,0.00,-2.34,13.7,14.4,31.6,1.61,ARMED,,13.7,3,
1791341320318,28.615139,77.284977,33.0,CNG,10.83,27.5,3,1672,72.9,12.17,,89.0,0.00,-2.34,13.7,17.1,33.0,1.63,ARMED,,13.7,3,
1791341321996,28.615016,77.284838,34.0,CNG,10.93,27.1,3,1732,59.6,12.55,,89.0,-3.91,-2.34,13.5,16.6,34.2,1.62,ARMED,,22.4,3,
1791341322775,28.614953,77.284767,37.0,CNG,10.18,31.8,3,1912,59.6,16.15,,89.0,-3.91,-2.34,13.5,23.0,37.5,1.90,ARMED,,22.4,3,
1791341323595,28.614953,77.284767,39.0,CNG,15.66,14.9,3,1977,59.6,3.08,,89.0,-3.91,-2.34,13.8,0.0,38.9,1.87,ARMED,,22.4,3,
1791341325288,28.614815,77.284614,38.0,CNG,14.57,26.3,5,1114,84.3,11.71,,89.0,3.13,-3.13,13.8,15.5,38.0,0.00,ARMED,,27.8,4,
1791341326082,28.614744,77.284534,41.0,CNG,13.71,32.2,4,1588,84.3,13.20,,89.0,3.13,-3.13,13.9,23.5,41.0,0.00,ARMED,,27.8,4,
1791341326928,28.614671,77.284453,42.0,CNG,20.61,14.9,4,1609,84.3,2.57,,90.0,3.13,-3.13,13.9,0.0,41.7,0.38,ARMED,,27.8,4,
1791341328653,28.614518,77.284287,43.0,CNG,31.39,14.9,,949,20.8,1.53,,90.0,0.00,-0.78,13.8,0.0,43.0,0.00,ARMED,,14.5,,
1791341329506,28.614518,77.284287,41.0,CNG,39.36,18.8,5,1232,20.8,2.63,,90.0,0.00,-0.78,13.8,5.4,41.0,0.00,ARMED,,14.5,5,
1791341330262,28.614440,77.284212,41.0,CNG,44.11,17.6,5,1237,20.8,3.11,,90.0,0.00,-0.78,13.7,3.7,41.0,0.00,ARMED,,14.5,5,
1791341331938,28.614276,77.284081,41.0,CNG,49.47,18.8,5,1228,21.6,2.77,,90.0,0.00,-4.69,13.7,5.4,41.0,0.00,ARMED,,14.5,5,
1791341332814,28.614186,77.284029,40.0,CNG,50.34,19.2,5,1196,21.6,3.16,,90.0,0.00,-4.69,13.8,5.9,40.1,-0.41,ARMED,,14.5,5,
1791341333538,28.614186,77.284029,40.0,CNG,57.08,19.6,5,1201,21.6,2.28,,90.0,0.00,-4.69,13.8,6.4,40.0,-0.35,ARMED,,14.5,5,
1791341335200,28.614000,77.283955,41.0,CNG,43.16,21.6,5,1209,41.6,5.28,,90.0,-1.56,-3.91,13.7,9.1,40.2,-0.10,ARMED,,17.3,5,
1791341336054,28.613900,77.283938,41.0,CNG,39.05,21.6,5,1230,41.6,4.90,,89.0,-1.56,-3.91,13.7,9.1,41.0,0.36,ARMED,,17.3,5,
1791341336826,28.613794,77.283936,42.0,CNG,35.79,21.6,5,1236,41.6,5.38,,89.0,-1.56,-3.91,13.9,9.1,41.3,0.37,ARMED,,17.3,5,
1791341338586,28.613594,77.283987,42.0,CNG,33.97,21.6,5,1246,43.9,5.43,,89.0,-0.78,-3.91,13.9,9.1,41.7,0.38,ARMED,,18.0,5,
1791341339446,28.613594,77.283987,43.0,CNG,31.36,21.6,5,1265,43.9,6.23,,89.0,-0.78,-3.91,13.6,9.1,42.4,0.40,ARMED,,18.0,5,
1791341340243,28.613495,77.284038,43.0,CNG,32.35,20.4,5,1270,43.9,5.18,,89.0,-0.78,-3.91,13.6,7.5,42.7,0.38,ARMED,,18.0,5,
1791341342006,28.613308,77.284149,42.0,CNG,33.26,20.4,5,1266,23.5,4.94,,89.0,-1.56,-4.69,13.6,7.5,42.6,0.16,ARMED,,14.5,5,
1791341342965,28.613220,77.284201,41.0,CNG,39.69,16.1,5,1235,23.5,2.96,,89.0,-1.56,-4.69,13.6,1.6,41.5,-0.46,ARMED,,14.5,5,
1791341343747,28.613131,77.284253,40.0,CNG,48.55,16.5,5,1201,23.5,2.19,,89.0,-1.56,-4.69,13.8,2.1,40.6,-0.80,ARMED,,14.5,5,
1791341345569,28.613038,77.284295,39.0,CNG,47.01,18.8,5,1161,25.5,3.56,,89.0,0.00,-4.69,13.8,5.4,39.3,-1.19,ARMED,,14.1,5,
1791341346369,28.612950,77.284327,38.0,CNG,47.03,19.2,5,1133,25.5,3.30,,89.0,0.00,-4.69,13.7,5.9,37.9,-0.85,ARMED,,14.1,5,
1791341347091,28.612859,77.284353,38.0,CNG,50.33,19.2,5,1148,25.5,2.75,,88.0,0.00,-4.69,13.7,5.9,38.0,-0.43,ARMED,,14.1,5,
1791341348794,28.612671,77.284382,38.0,CNG,54.33,19.6,5,1141,24.3,2.51,,88.0,-0.78,-4.69,13.8,6.4,38.0,-0.24,ARMED,,14.5,5,
1791341349517,28.612671,77.284382,38.0,CNG,60.92,14.9,5,1098,24.3,2.08,,88.0,-0.78,-4.69,13.8,0.0,37.0,-0.51,ARMED,,14.5,5,
1791341350346,28.612581,77.284388,37.0,CNG,65.60,14.9,5,1109,24.3,2.03,,88.0,-0.78,-4.69,13.8,0.0,37.0,-0.26,ARMED,,14.5,5,
1791341351954,28.612401,77.284389,36.0,CNG,69.87,15.3,5,1077,23.1,1.89,,88.0,0.00,-4.69,13.8,0.5,36.4,-0.50,ARMED,,14.1,5,
1791341352747,28.612311,77.284389,35.0,CNG,61.69,14.9,5,1068,23.1,2.75,,88.0,0.00,-4.69,13.5,0.0,35.7,-0.46,ARMED,,14.1,5,
1791341353514,28.612311,77.284389,36.0,CNG,65.70,14.9,,930,23.1,2.02,,87.0,0.00,-4.69,13.5,0.0,36.0,0.00,ARMED,,14.1,,
1791341355133,28.612142,77.284388,35.0,CNG,77.54,14.9,,824,23.9,1.33,,87.0,3.13,-0.78,13.8,0.0,35.0,0.00,ARMED,,12.9,,
1791341355946,28.612057,77.284388,33.0,CNG,68.92,14.9,,634,23.9,2.31,,87.0,3.13,-0.78,13.8,0.0,33.0,0.00,ARMED,,12.9,,
1791341356739,28.611980,77.284397,33.0,CNG,84.06,20.4,,673,23.9,1.05,,87.0,3.13,-0.78,13.8,7.5,33.0,0.00,ARMED,,12.9,,
1791341358348,28.611904,77.284421,32.0,CNG,34.18,23.5,4,1299,62.0,7.44,,87.0,1.56,-3.13,13.8,11.8,32.0,0.00,ARMED,,20.8,3,
1791341359094,28.611828,77.284457,33.0,CNG,24.16,23.9,4,1285,62.0,8.05,,87.0,1.56,-3.13,13.8,12.3,32.9,0.41,ARMED,,20.8,3,
1791341359826,28.611754,77.284503,34.0,CNG,20.26,23.9,4,1318,62.0,8.48,,87.0,1.56,-3.13,13.8,12.3,33.7,0.70,ARMED,,20.8,3,
1791341361521,28.611679,77.284552,35.0,CNG,18.50,23.5,4,1347,56.9,8.69,,87.0,0.00,-3.13,13.7,11.8,34.5,0.90,ARMED,,20.0,4,
1791341362289,28.611601,77.284603,37.0,CNG,20.83,20.4,4,1429,56.9,6.00,,87.0,0.00,-3.13,13.7,7.5,36.8,1.23,ARMED,,20.0,4,
1791341363077,28.611521,77.284656,37.0,CNG,23.23,21.2,4,1432,56.9,5.44,,87.0,0.00,-3.13,13.8,8.6,37.3,0.95,ARMED,,20.0,4,
1791341364733,28.611362,77.284762,37.0,CNG,23.99,21.2,4,1446,30.2,6.00,,88.0,-1.56,-4.69,13.8,8.6,37.6,0.69,ARMED,,16.9,4,
1791341365516,28.611362,77.284762,38.0,CNG,26.41,18.0,4,1470,30.2,5.03,,88.0,-1.56,-4.69,13.8,4.3,38.0,0.37,ARMED,,16.9,4,
1791341366247,28.611281,77.284815,38.0,CNG,32.09,18.8,4,1462,30.2,3.32,,88.0,-1.56,-4.69,13.8,5.4,38.0,0.17,ARMED,,16.9,4,
1791341367961,28.611121,77.284918,37.0,CNG,35.88,18.8,4,1437,20.0,3.46,,88.0,0.78,-4.69,13.8,5.4,37.5,-0.19,ARMED,,14.9,4,
1791341368770,28.611042,77.284961,36.0,CNG,38.18,18.4,4,1413,20.0,3.47,,88.0,0.78,-4.69,13.8,4.8,36.5,-0.49,ARMED,,14.9,4,
1791341369540,28.611042,77.284961,35.0,CNG,39.60,21.6,4,1395,20.0,3.40,,88.0,0.78,-4.69,13.8,9.1,36.0,-0.53,ARMED,,14.9,4,
1791341371260,28.610881,77.285038,35.0,CNG,32.50,22.4,4,1379,40.4,5.62,,89.0,-3.13,-3.91,13.8,10.2,35.5,-0.54,ARMED,,18.0,4,
1791341372093,28.610798,77.285078,35.0,CNG,28.00,22.4,4,1380,40.4,6.19,,89.0,-3.13,-3.91,13.7,10.2,35.3,-0.19,ARMED,,18.0,4,
1791341372863,28.610718,77.285119,36.0,CNG,26.12,22.7,4,1394,40.4,6.19,,89.0,-3.13,-3.91,13.7,10.7,35.6,0.05,ARMED,,18.0,4,
1791341374601,28.610638,77.285162,36.0,CNG,25.07,22.7,4,1410,40.8,6.22,,89.0,0.00,-3.91,13.8,10.7,36.0,0.26,ARMED,,18.4,4,
1791341375363,28.610554,77.285207,37.0,CNG,24.82,22.4,4,1442,40.8,6.18,,89.0,0.00,-3.91,13.8,10.2,37.0,0.50,ARMED,,18.4,4,
1791341376115,28.610473,77.285252,38.0,CNG,24.90,22.0,4,1463,40.8,6.21,,89.0,0.00,-3.91,13.7,9.6,37.5,0.55,ARMED,,18.4,4,
1791341377857,28.610299,77.285347,38.0,CNG,23.82,22.4,4,1489,42.7,6.93,,89.0,-1.56,-3.91,13.5,10.2,38.1,0.61,ARMED,,19.2,4,
1791341378674,28.610215,77.285395,39.0,CNG,22.83,22.4,4,1497,42.7,7.40,,89.0,-1.56,-3.91,13.7,10.2,38.6,0.33,ARMED,,19.2,4,
1791341379432,28.610215,77.285395,39.0,CNG,22.09,22.7,4,1497,42.7,7.56,,90.0,-1.56,-3.91,13.7,10.7,38.7,0.28,ARMED,,19.2,4,
1791341381052,28.610037,77.285501,40.0,CNG,18.63,25.9,4,1529,60.8,10.75,,90.0,3.91,-2.34,13.7,15.0,39.2,0.47,ARMED,,21.2,4,
1791341381808,28.609947,77.285557,42.0,CNG,17.93,14.9,4,1623,60.8,10.08,,90.0,3.91,-2.34,13.7,0.0,41.6,1.25,ARMED,,21.2,4,
1791341382777,28.609860,77.285613,42.0,CNG,25.53,16.1,,1081,60.8,2.63,,90.0,3.91,-2.34,13.7,1.6,42.0,0.00,ARMED,,21.2,,
1791341384357,28.609771,77.285672,41.0,CNG,32.19,19.6,5,1264,35.3,3.17,,90.0,0.00,-4.69,13.7,6.4,41.0,0.00,ARMED,,16.9,5,
1791341385258,28.609681,77.285729,42.0,CNG,31.45,22.0,5,1222,35.3,5.64,,90.0,0.00,-4.69,13.5,9.6,41.9,0.41,ARMED,,16.9,5,
1791341386045,28.609591,77.285785,41.0,CNG,31.10,22.0,5,1231,35.3,5.48,,90.0,0.00,-4.69,13.5,9.6,41.4,-0.04,ARMED,,16.9,5,
1791341387768,28.609409,77.285900,42.0,CNG,30.90,22.0,5,1233,41.6,5.61,,90.0,-0.78,-3.91,13.8,9.6,41.2,-0.09,ARMED,,17.3,5,
1791341388637,28.609409,77.285900,42.0,CNG,31.43,22.0,5,1257,41.6,5.32,,90.0,-0.78,-3.91,13.8,9.6,41.8,0.27,ARMED,,17.3,5,
1791341389406,28.609317,77.285957,43.0,CNG,31.57,22.0,5,1266,41.6,5.53,,90.0,-0.78,-3.91,13.8,9.6,42.2,0.31,ARMED,,17.3,5,
1791341391220,28.609132,77.286070,43.0,CNG,33.46,22.0,5,1267,40.4,4.79,,90.0,-0.78,-3.91,13.8,9.6,42.4,0.29,ARMED,,17.3,5,
1791341392115,28.609035,77.286128,44.0,CNG,33.86,22.0,5,1296,40.4,5.22,,90.0,-0.78,-3.91,13.7,9.6,43.4,0.49,ARMED,,17.3,5,
1791341392873,28.608937,77.286186,44.0,CNG,33.30,21.6,5,1294,40.4,5.53,,90.0,-0.78,-3.91,13.7,9.1,43.5,0.42,ARMED,,17.3,5,
1791341394673,28.608749,77.286303,44.0,CNG,34.12,20.8,5,1310,22.4,5.08,,90.0,-1.56,-4.69,13.9,8.0,43.9,0.43,ARMED,,14.5,5,
1791341395552,28.608749,77.286303,43.0,CNG,43.32,17.3,5,1285,22.4,2.39,,89.0,-1.56,-4.69,13.9,3.2,43.2,-0.22,ARMED,,14.5,5,
1791341396307,28.608654,77.286365,42.0,CNG,51.79,18.0,5,1262,22.4,2.31,,89.0,-1.56,-4.69,13.8,4.3,42.6,-0.50,ARMED,,14.5,5,
1791341398041,28.608474,77.286478,42.0,CNG,55.74,18.0,5,1263,22.4,2.72,,89.0,0.00,-4.69,13.8,4.3,42.3,-0.47,ARMED,,14.9,5,
1791341398950,28.608384,77.286533,41.0,CNG,57.20,18.0,5,1209,22.4,2.81,,89.0,0.00,-4.69,13.8,4.3,40.6,-0.84,ARMED,,14.9,5,
1791341399774,28.608295,77.286584,40.0,CNG,51.83,18.0,5,1205,22.4,3.62,,88.0,0.00,-4.69,13.8,4.3,40.2,-0.67,ARMED,,14.9,5,
1791341401484,28.608205,77.286632,40.0,CNG,47.69,18.4,5,1193,32.9,3.85,,88.0,-0.78,-4.69,13.8,4.8,39.9,-0.62,ARMED,,16.1,5,
1791341402224,28.608116,77.286680,39.0,CNG,43.68,19.2,5,1178,32.9,4.13,,88.0,-0.78,-4.69,13.8,5.9,39.4,-0.37,ARMED,,16.1,5,
1791341403064,28.608028,77.286726,39.0,CNG,44.64,19.2,5,1167,32.9,3.45,,88.0,-0.78,-4.69,13.7,5.9,39.1,-0.37,ARMED,,16.1,5,
1791341404787,28.607851,77.286817,39.0,CNG,45.81,19.2,5,1161,23.5,3.34,,87.0,-1.56,-4.69,13.7,5.9,38.8,-0.35,ARMED,,14.1,5,
1791341405628,28.607851,77.286817,38.0,CNG,45.76,19.6,5,1132,23.5,3.40,,87.0,-1.56,-4.69,13.8,6.4,37.9,-0.42,ARMED,,14.1,5,
1791341406412,28.607766,77.286860,38.0,CNG,45.62,19.6,5,1130,23.5,3.42,,87.0,-1.56,-4.69,13.8,6.4,37.7,-0.37,ARMED,,14.1,5,
1791341408074,28.607596,77.286949,38.0,CNG,50.73,19.6,5,1134,26.7,2.54,,87.0,0.78,-4.69,13.7,6.4,37.8,-0.19,ARMED,,14.9,5,
1791341408911,28.607510,77.286994,38.0,CNG,47.59,20.0,5,1130,26.7,3.57,,87.0,0.78,-4.69,13.7,7.0,37.8,-0.11,ARMED,,14.9,5,
1791341409709,28.607425,77.287039,38.0,CNG,47.20,20.4,5,1129,26.7,3.33,,87.0,0.78,-4.69,13.7,7.5,37.8,-0.09,ARMED,,14.9,5,
1791341411544,28.607340,77.287083,38.0,CNG,46.75,25.5,5,1129,63.9,3.37,,87.0,0.78,-3.91,13.7,14.4,37.8,-0.07,ARMED,,20.4,4,
1791341412300,28.607251,77.287129,39.0,CNG,30.21,25.1,5,1167,63.9,8.01,,87.0,0.78,-3.91,13.9,13.9,39.0,0.51,ARMED,,20.4,4,
1791341413034,28.607160,77.287174,40.0,CNG,27.66,22.7,5,1197,63.9,6.63,,87.0,0.78,-3.91,13.9,10.7,39.8,0.78,ARMED,,20.4,4,
1791341414714,28.606977,77.287267,41.0,CNG,37.31,14.9,5,1220,22.4,2.25,,87.0,-3.91,0.00,13.7,0.0,40.7,0.96,ARMED,,14.5,5,
1791341415549,28.606977,77.287267,40.0,CNG,42.18,14.9,5,1186,22.4,3.12,,87.0,-3.91,0.00,13.7,0.0,40.1,-0.09,ARMED,,14.5,5,
1791341416350,28.606890,77.287313,36.0,CNG,46.04,14.9,5,1097,22.4,2.71,,87.0,-3.91,0.00,13.8,0.0,38.0,-1.26,ARMED,,14.5,5,
1791341417969,28.606741,77.287387,33.0,CNG,48.20,14.9,5,990,22.0,2.57,,88.0,0.00,-1.56,13.8,0.0,34.6,-2.66,ARMED,,13.7,5,
1791341418788,28.606673,77.287420,30.0,CNG,52.25,14.9,5,884,22.0,1.99,,88.0,0.00,-1.56,13.7,0.0,29.7,-2.92,ARMED,,13.7,5,
1791341419584,28.606673,77.287420,29.0,CNG,48.71,14.9,5,873,22.0,2.72,,88.0,0.00,-1.56,13.7,0.0,28.5,-2.18,ARMED,,13.7,5,
1791341421243,28.606542,77.287482,29.0,CNG,44.14,14.9,5,777,29.4,3.10,,88.0,-3.13,-3.91,13.6,0.0,26.4,-2.44,ARMED,,15.3,5,
1791341422046,28.606479,77.287512,27.0,CNG,36.75,18.8,4,1082,29.4,3.86,,88.0,-3.13,-3.91,13.6,5.4,27.0,0.00,ARMED,,15.3,4,
1791341422822,28.606416,77.287542,27.0,CNG,35.85,19.6,4,1061,29.4,3.20,,88.0,-3.13,-3.91,13.7,6.4,27.0,0.00,ARMED,,15.3,4,
1791341424467,28.606356,77.287571,27.0,CNG,31.58,19.6,4,1053,41.6,4.15,,88.0,-0.78,-3.91,13.7,6.4,27.0,0.00,ARMED,,16.5,4,
1791341425215,28.606290,77.287603,28.0,CNG,37.75,20.0,4,1077,41.6,2.15,,88.0,-0.78,-3.91,13.7,7.0,27.9,0.41,ARMED,,16.5,4,
1791341425936,28.606228,77.287635,28.0,CNG,36.13,20.0,4,1087,41.6,3.37,,88.0,-0.78,-3.91,13.7,7.0,28.2,0.43,ARMED,,16.5,4,
1791341427655,28.606100,77.287699,28.0,CNG,36.82,20.0,4,1085,32.9,3.02,,88.0,0.78,-4.69,13.6,7.0,28.3,0.37,ARMED,,16.1,4,
1791341428409,28.606100,77.287699,28.0,CNG,36.11,20.8,4,1100,32.9,3.26,,88.0,0.78,-4.69,13.6,8.0,28.6,0.19,ARMED,,16.1,4,
1791341429192,28.606036,77.287732,28.0,CNG,32.76,20.8,4,1100,32.9,3.98,,88.0,0.78,-4.69,13.7,8.0,28.6,0.15,ARMED,,16.1,4,
1791341430818,28.605907,77.287799,29.0,CNG,31.47,20.8,4,1105,40.0,3.98,,89.0,0.00,-4.69,13.7,8.0,28.7,0.14,ARMED,,16.5,4,
1791341431550,28.605907,77.287799,29.0,CNG,27.78,21.6,4,1125,40.0,5.00,,89.0,0.00,-4.69,13.9,9.1,29.1,0.19,ARMED,,16.5,4,
1791341432311,28.605843,77.287832,29.0,CNG,28.56,21.6,4,1130,40.0,3.98,,89.0,0.00,-4.69,13.9,9.1,29.2,0.19,ARMED,,16.5,4,
1791341434014,28.605708,77.287904,29.0,CNG,27.42,21.6,4,1138,42.0,4.58,,89.0,-1.56,-3.91,13.8,9.1,29.4,0.20,ARMED,,16.9,4,
1791341434816,28.605642,77.287938,29.0,CNG,27.86,21.6,4,1148,42.0,4.15,,89.0,-1.56,-3.91,13.8,9.1,29.6,0.17,ARMED,,16.9,4,
1791341435612,28.605642,77.287938,29.0,CNG,28.33,21.6,4,1142,42.0,4.08,,89.0,-1.56,-3.91,13.8,9.1,29.6,0.11,ARMED,,16.9,4,
1791341437242,28.605508,77.288007,29.0,CNG,27.86,21.6,4,1139,43.9,4.36,,89.0,-1.56,-3.91,13.8,9.1,29.5,0.06,ARMED,,17.6,4,
1791341438014,28.605444,77.288039,29.0,CNG,25.00,21.6,4,1119,43.9,5.47,,89.0,-1.56,-3.91,13.2,9.1,28.9,-0.23,ARMED,,17.6,4,
1791341438794,28.605379,77.288071,28.0,CNG,21.89,28.6,4,1111,43.9,6.24,,90.0,-1.56,-3.91,13.2,18.7,28.7,-0.26,ARMED,,17.6,3,
1791341440429,28.605314,77.288104,29.0,CNG,15.46,29.8,4,1113,94.9,11.00,,90.0,2.34,-3.13,13.5,20.3,28.6,-0.22,ARMED,,25.9,3,
1791341441170,28.605246,77.288139,31.0,CNG,13.66,27.8,4,1192,94.9,10.78,,90.0,2.34,-3.13,13.5,17.7,30.4,0.81,ARMED,,25.9,3,
1791341441969,28.605174,77.288174,32.0,CNG,12.84,27.8,4,1232,94.9,11.04,,90.0,2.34,-3.13,13.6,17.7,31.5,1.08,ARMED,,25.9,3,
1791341443743,28.605028,77.288250,33.0,CNG,12.78,14.9,4,1265,41.2,10.61,,90.0,-9.38,-0.78,13.6,0.0,32.5,1.13,ARMED,,20.8,4,
1791341444497,28.605028,77.288250,31.0,CNG,12.76,26.7,3,1617,41.2,9.95,,90.0,-9.38,-0.78,13.8,16.1,31.0,0.00,ARMED,,20.8,3,
1791341445249,28.604957,77.288288,32.0,CNG,12.69,26.7,3,1658,41.2,10.39,,90.0,-9.38,-0.78,13.8,16.1,31.6,0.35,ARMED,,20.8,3,
1791341446853,28.604805,77.288367,33.0,CNG,10.31,45.5,3,1698,96.9,16.61,,90.0,3.13,-2.34,13.8,41.7,32.6,0.76,ARMED,,43.9,3,
1791341447821,28.604722,77.288410,39.0,CNG,11.00,14.9,3,1957,96.9,13.30,,91.0,3.13,-2.34,13.8,0.0,38.4,2.82,ARMED,,43.9,3,
1791341448590,28.604722,77.288410,38.0,CNG,11.37,29.8,4,1482,96.9,13.01,,91.0,3.13,-2.34,13.9,20.3,38.0,0.00,ARMED,,43.9,3,
1791341450279,28.604546,77.288501,38.0,CNG,11.80,32.5,4,1474,74.9,12.45,,90.0,0.00,-3.13,13.9,24.1,38.0,0.00,ARMED,,23.9,3,
1791341451055,28.604456,77.288547,41.0,CNG,15.60,14.9,4,1567,74.9,6.08,,90.0,0.00,-3.13,13.6,0.0,40.6,1.23,ARMED,,23.9,4,
1791341451876,28.604366,77.288592,40.0,CNG,17.53,22.7,,1036,74.9,7.66,,90.0,0.00,-3.13,13.6,10.7,40.0,0.00,ARMED,,23.9,,
1791341453506,28.604277,77.288637,39.0,CNG,20.38,23.1,5,1145,66.7,5.91,,90.0,-0.78,-3.13,13.5,11.2,39.0,0.00,ARMED,,20.4,4,
1791341454271,28.604188,77.288681,39.0,CNG,20.73,25.5,5,1168,66.7,7.49,,90.0,-0.78,-3.13,13.5,14.4,39.0,0.00,ARMED,,20.4,4,
1791341455061,28.604098,77.288727,40.0,CNG,21.35,25.1,5,1197,66.7,7.32,,90.0,-0.78,-3.13,13.5,13.9,39.6,0.35,ARMED,,20.4,4,
1791341456711,28.603918,77.288816,40.0,CNG,21.29,25.1,5,1188,64.7,7.71,,90.0,-2.34,-3.13,13.5,13.9,39.8,0.32,ARMED,,21.6,4,
1791341457450,28.603918,77.288816,40.0,CNG,19.73,25.1,5,1193,64.7,9.19,,90.0,-2.34,-3.13,13.5,13.9,40.0,0.24,ARMED,,21.6,4,
1791341458171,28.603827,77.288861,40.0,CNG,18.79,25.1,5,1198,64.7,9.32,,89.0,-2.34,-3.13,13.5,13.9,40.1,0.23,ARMED,,21.6,4,
1791341459826,28.603639,77.288956,41.0,CNG,18.44,25.1,5,1209,73.7,9.33,,89.0,-0.78,-3.13,13.7,13.9,40.4,0.26,ARMED,,21.6,4,
1791341460669,28.603548,77.289002,41.0,CNG,17.96,25.1,5,1228,73.7,9.69,,89.0,-0.78,-3.13,13.7,13.9,41.1,0.31,ARMED,,21.6,4,
1791341461440,28.603548,77.289002,42.0,CNG,18.41,25.1,5,1248,73.7,8.99,,89.0,-0.78,-3.13,13.7,13.9,41.6,0.48,ARMED,,21.6,4,
1791341463156,28.603357,77.289100,42.0,CNG,18.66,25.1,5,1261,67.1,9.01,,89.0,-0.78,-3.91,13.7,13.9,42.1,0.52,ARMED,,21.2,4,
1791341464061,28.603262,77.289147,43.0,CNG,26.67,22.0,5,1296,67.1,2.50,,89.0,-0.78,-3.91,13.7,9.6,43.3,0.58,ARMED,,21.2,4,
1791341464841,28.603160,77.289197,43.0,CNG,27.83,22.4,5,1287,67.1,5.91,,89.0,-0.78,-3.91,13.7,10.2,43.3,0.31,ARMED,,21.2,4,
1791341466683,28.602964,77.289294,43.0,CNG,27.75,22.4,5,1287,45.1,6.36,,89.0,0.00,-3.91,13.6,10.2,43.2,0.09,ARMED,,18.0,5,
1791341467565,28.602964,77.289294,44.0,CNG,28.39,22.0,5,1316,45.1,6.12,,89.0,0.00,-3.91,13.6,9.6,43.9,0.35,ARMED,,18.0,5,
1791341468354,28.602860,77.289345,44.0,CNG,28.99,22.0,5,1319,45.1,6.01,,89.0,0.00,-3.91,13.7,9.6,44.1,0.33,ARMED,,18.0,5,
1791341470141,28.602661,77.289445,45.0,CNG,30.59,22.0,5,1329,38.0,5.53,,88.0,-0.78,-3.91,13.7,9.6,44.5,0.33,ARMED,,17.6,5,
1791341471057,28.602558,77.289498,46.0,CNG,31.04,22.0,5,1355,38.0,5.93,,88.0,-0.78,-3.91,13.8,9.6,45.4,0.41,ARMED,,17.6,5,
1791341471808,28.602457,77.289550,45.0,CNG,32.97,21.2,5,1359,38.0,5.06,,88.0,-0.78,-3.91,13.8,8.6,45.6,0.38,ARMED,,17.6,5,
1791341473561,28.602241,77.289659,47.0,CNG,37.06,14.9,5,1383,20.0,4.26,,88.0,-0.78,-4.69,13.8,0.0,46.2,0.55,ARMED,,14.9,5,
1791341474431,28.602241,77.289659,47.0,CNG,44.97,18.8,5,1406,20.0,2.94,,88.0,-0.78,-4.69,13.8,5.4,47.1,0.54,ARMED,,14.9,5,
1791341475174,28.602134,77.289713,47.0,CNG,53.59,18.8,5,1413,20.0,2.57,,88.0,-0.78,-4.69,13.8,5.4,47.4,0.51,ARMED,,14.9,5,
1791341477086,28.601917,77.289825,48.0,CNG,50.83,18.8,5,1416,25.1,4.15,,87.0,0.78,-5.47,13.7,5.4,47.6,0.35,ARMED,,16.5,5,
1791341478025,28.601810,77.289879,48.0,CNG,49.48,18.8,5,1444,25.1,4.12,,87.0,0.78,-5.47,13.7,5.4,48.4,0.36,ARMED,,16.5,5,
1791341478760,28.601699,77.289935,49.0,CNG,47.64,20.0,5,1454,25.1,4.43,,87.0,0.78,-5.47,13.7,7.0,48.7,0.38,ARMED,,16.5,5,
1791341480599,28.601476,77.290047,49.0,CNG,46.80,19.2,5,1414,22.4,4.39,,87.0,0.78,-4.69,13.8,5.9,48.0,-0.20,ARMED,,15.3,5,
1791341481463,28.601476,77.290047,49.0,CNG,52.42,14.9,5,1453,22.4,3.14,,87.0,0.78,-4.69,13.8,0.0,48.7,0.28,ARMED,,15.3,5,
1791341482266,28.601365,77.290103,49.0,CNG,55.27,14.9,5,1447,22.4,3.33,,87.0,0.78,-4.69,13.8,0.0,48.7,0.23,ARMED,,15.3,5,
1791341484053,28.601146,77.290214,48.0,CNG,60.39,14.9,5,1432,20.4,2.79,,87.0,0.00,0.00,13.8,0.0,48.4,-0.10,ARMED,,14.9,5,
1791341484950,28.601043,77.290267,46.0,CNG,58.10,14.9,5,1383,20.4,3.43,,87.0,0.00,0.00,13.9,0.0,46.6,-0.83,ARMED,,14.9,5,
1791341485748,28.600942,77.290323,46.0,CNG,60.64,14.9,5,1379,20.4,2.89,,87.0,0.00,0.00,13.9,0.0,46.1,-0.76,ARMED,,14.9,5,
1791341487487,28.600840,77.290383,46.0,CNG,61.51,17.6,5,1382,20.0,2.99,,87.0,0.00,-5.47,13.8,3.7,46.0,-0.45,ARMED,,14.9,5,
1791341488362,28.600738,77.290440,47.0,CNG,59.02,17.3,5,1396,20.0,3.45,,87.0,0.00,-5.47,13.8,3.2,46.7,0.19,ARMED,,14.9,5,
1791341489154,28.600632,77.290498,47.0,CNG,61.88,17.3,5,1386,20.0,2.88,,87.0,0.00,-5.47,13.9,3.2,46.6,0.14,ARMED,,14.9,5,
1791341490968,28.600422,77.290607,46.0,CNG,63.10,17.3,5,1386,20.4,2.89,,87.0,0.00,0.00,13.9,3.2,46.6,0.09,ARMED,,14.9,5,
1791341491900,28.600313,77.290660,46.0,CNG,59.52,17.3,5,1375,20.4,3.43,,87.0,0.00,0.00,13.7,3.2,46.2,-0.16,ARMED,,14.9,5,
1791341492672,28.600211,77.290709,46.0,CNG,60.82,17.3,5,1373,20.4,2.99,,87.0,0.00,0.00,13.7,3.2,46.1,-0.16,ARMED,,14.9,5,
1791341494413,28.600106,77.290761,46.0,CNG,58.27,17.3,5,1370,20.4,3.43,,87.0,0.00,0.00,13.9,3.2,45.9,-0.15,ARMED,,14.9,5,
1791341495281,28.600003,77.290811,46.0,CNG,56.63,17.3,5,1372,20.4,3.46,,87.0,0.00,0.00,13.9,3.2,46.0,-0.09,ARMED,,14.9,5,
1791341496116,28.599898,77.290862,45.0,CNG,57.81,17.3,5,1351,20.4,3.08,,87.0,0.00,0.00,13.6,3.2,45.5,-0.30,ARMED,,14.9,5,
1791341497841,28.599692,77.290959,45.0,CNG,56.41,17.3,5,1342,25.1,3.38,,87.0,0.00,-5.47,13.6,3.2,45.1,-0.35,ARMED,,15.7,5,
1791341498691,28.599590,77.291009,45.0,CNG,50.61,18.8,5,1334,25.1,4.20,,87.0,0.00,-5.47,13.8,5.4,44.7,-0.29,ARMED,,15.7,5,
1791341499452,28.599590,77.291009,45.0,CNG,48.25,18.4,5,1328,25.1,4.08,,87.0,0.00,-5.47,13.8,4.8,44.5,-0.28,ARMED,,15.7,5,
1791341501236,28.599385,77.291112,45.0,CNG,48.41,18.0,5,1352,21.6,3.78,,87.0,-0.78,-5.47,13.8,4.3,45.0,0.13,ARMED,,14.5,5,
1791341502123,28.599285,77.291163,44.0,CNG,51.38,18.0,5,1310,21.6,3.17,,87.0,-0.78,-5.47,13.8,4.3,44.1,-0.40,ARMED,,14.5,5,
1791341502981,28.599187,77.291214,44.0,CNG,57.07,18.8,5,1306,21.6,2.62,,87.0,-0.78,-5.47,13.8,5.4,43.8,-0.38,ARMED,,14.5,5,
1791341504758,28.598991,77.291312,43.0,CNG,57.43,18.8,5,1299,20.8,3.03,,87.0,1.56,-5.47,13.8,5.4,43.5,-0.36,ARMED,,14.5,5,
1791341505668,28.598897,77.291360,43.0,CNG,60.32,19.2,5,1262,20.8,2.69,,87.0,1.56,-5.47,13.8,5.9,42.4,-0.56,ARMED,,14.5,5,
1791341506416,28.598897,77.291360,42.0,CNG,58.83,19.2,5,1240,20.8,3.03,,87.0,1.56,-5.47,13.8,5.9,41.8,-0.62,ARMED,,14.5,5,
1791341508303,28.598704,77.291456,42.0,CNG,59.54,19.2,5,1250,22.0,2.83,,87.0,1.56,-5.47,13.9,5.9,41.8,-0.32,ARMED,,14.5,5,
1791341509176,28.598610,77.291504,42.0,CNG,60.31,19.6,5,1239,22.0,2.79,,88.0,1.56,-5.47,13.9,6.4,41.6,-0.12,ARMED,,14.5,5,
1791341509929,28.598516,77.291550,41.0,CNG,58.88,19.6,5,1232,22.0,2.95,,88.0,1.56,-5.47,13.5,6.4,41.5,-0.14,ARMED,,14.5,5,
1791341511797,28.598331,77.291642,41.0,CNG,54.96,19.6,5,1224,24.3,3.36,,88.0,1.56,-5.47,13.8,6.4,41.2,-0.18,ARMED,,14.9,5,
1791341512704,28.598234,77.291691,41.0,CNG,48.79,21.2,5,1220,24.3,4.02,,88.0,1.56,-5.47,13.7,8.6,41.0,-0.16,ARMED,,14.9,5,
1791341513421,28.598234,77.291691,41.0,CNG,42.20,21.2,5,1232,24.3,4.78,,88.0,1.56,-5.47,13.7,8.6,41.2,0.04,ARMED,,14.9,5,
1791341515117,28.598045,77.291785,41.0,CNG,39.06,21.2,5,1243,45.5,4.77,,88.0,-0.78,-4.69,13.7,8.6,41.5,0.22,ARMED,,17.6,5,
1791341515947,28.597951,77.291831,42.0,CNG,36.30,21.2,5,1236,45.5,5.22,,88.0,-0.78,-4.69,13.7,8.6,41.6,0.14,ARMED,,17.6,5,
1791341516705,28.597856,77.291877,42.0,CNG,33.74,21.2,5,1246,45.5,5.62,,88.0,-0.78,-4.69,13.7,8.6,41.8,0.18,ARMED,,17.6,5,
1791341518448,28.597760,77.291925,42.0,CNG,33.39,21.2,5,1252,45.1,5.22,,89.0,0.00,-4.69,13.7,8.6,42.0,0.20,ARMED,,18.0,5,
1791341519321,28.597664,77.291972,42.0,CNG,32.75,21.2,5,1261,45.1,5.39,,89.0,0.00,-4.69,13.7,8.6,42.3,0.19,ARMED,,18.0,5,
1791341520119,28.597570,77.292018,42.0,CNG,30.67,21.2,5,1263,45.1,6.13,,89.0,0.00,-4.69,13.7,8.6,42.4,0.17,ARMED,,18.0,5,
1791341521912,28.597374,77.292116,43.0,CNG,34.45,21.2,5,1271,34.5,4.18,,89.0,-0.78,-4.69,13.9,8.6,42.6,0.19,ARMED,,16.9,5,
1791341522795,28.597278,77.292162,43.0,CNG,37.26,21.2,5,1283,34.5,4.15,,90.0,-0.78,-4.69,13.9,8.6,43.1,0.20,ARMED,,16.9,5,
1791341523582,28.597179,77.292212,43.0,CNG,38.53,21.2,5,1274,34.5,4.33,,90.0,-0.78,-4.69,13.7,8.6,42.9,0.05,ARMED,,16.9,5,
1791341525361,28.597081,77.292261,43.0,CNG,37.29,21.2,5,1277,34.1,4.94,,90.0,0.78,-4.69,13.7,8.6,42.9,0.03,ARMED,,16.9,5,
1791341526261,28.596983,77.292310,44.0,CNG,37.11,21.2,5,1295,34.1,4.88,,90.0,0.78,-4.69,13.8,8.6,43.5,0.27,ARMED,,16.9,5,
1791341527008,28.596884,77.292361,44.0,CNG,37.28,21.2,5,1297,34.1,4.79,,90.0,0.78,-4.69,13.8,8.6,43.7,0.26,ARMED,,16.9,5,
1791341528825,28.596686,77.292462,44.0,CNG,36.89,21.2,5,1302,33.3,4.95,,90.0,0.00,-4.69,13.8,8.6,43.8,0.24,ARMED,,16.9,5,
1791341529655,28.596686,77.292462,44.0,CNG,37.24,20.8,5,1301,33.3,4.76,,91.0,0.00,-4.69,13.8,8.0,43.9,0.06,ARMED,,16.9,5,
1791341530479,28.596587,77.292512,44.0,CNG,40.07,20.8,5,1305,33.3,3.98,,91.0,0.00,-4.69,13.8,8.0,43.9,0.07,ARMED,,16.9,5,
1791341532202,28.596387,77.292613,44.0,CNG,40.17,20.8,5,1309,31.8,4.46,,91.0,-0.78,-4.69,13.8,8.0,44.0,0.08,ARMED,,16.5,5,
1791341533128,28.596287,77.292662,44.0,CNG,38.64,20.8,5,1307,31.8,4.92,,91.0,-0.78,-4.69,13.7,8.0,44.0,0.04,ARMED,,16.5,5,
1791341533885,28.596187,77.292712,44.0,CNG,38.42,20.8,5,1300,31.8,4.72,,90.0,-0.78,-4.69,13.7,8.0,43.9,-0.01,ARMED,,16.5,5,
1791341535778,28.595991,77.292806,44.0,CNG,33.57,21.6,5,1303,35.7,6.37,,90.0,-0.78,-3.91,13.8,9.1,43.9,-0.00,ARMED,,17.3,5,
1791341536698,28.595991,77.292806,44.0,CNG,31.94,22.0,5,1302,35.7,6.04,,90.0,-0.78,-3.91,13.8,9.6,43.9,-0.00,ARMED,,17.3,5,
1791341537502,28.595888,77.292854,44.0,CNG,30.00,22.0,5,1306,35.7,6.54,,90.0,-0.78,-3.91,13.8,9.6,44.0,0.02,ARMED,,17.3,5,
1791341539328,28.595686,77.292949,44.0,CNG,27.80,22.4,5,1320,46.3,7.18,,89.0,2.34,-3.91,13.8,10.2,44.3,0.21,ARMED,,18.4,5,
1791341540278,28.595585,77.293000,45.0,CNG,23.60,26.3,5,1335,46.3,9.52,,89.0,2.34,-3.91,13.9,15.5,44.9,0.26,ARMED,,18.4,4,
1791341541055,28.595484,77.293051,45.0,CNG,22.26,26.3,5,1325,46.3,8.96,,89.0,2.34,-3.91,13.9,15.5,44.8,0.08,ARMED,,18.4,4,
1791341542795,28.595282,77.293154,45.0,CNG,22.38,26.3,5,1336,61.2,8.15,,89.0,0.78,-3.13,13.9,15.5,45.0,0.10,ARMED,,20.4,4,
1791341543662,28.595282,77.293154,45.0,CNG,21.74,26.3,5,1337,61.2,8.82,,89.0,0.78,-3.13,13.9,15.5,45.1,0.08,ARMED,,20.4,4,
1791341544423,28.595184,77.293203,45.0,CNG,21.33,26.3,5,1338,61.2,8.87,,89.0,0.78,-3.13,13.8,15.5,45.1,0.07,ARMED,,20.4,4,
1791341546267,28.594977,77.293304,45.0,CNG,21.96,26.3,5,1335,62.0,8.00,,88.0,0.00,-3.13,13.6,15.5,45.0,0.04,ARMED,,20.4,4,
1791341547139,28.594875,77.293353,45.0,CNG,21.54,26.3,5,1333,62.0,8.78,,88.0,0.00,-3.13,13.8,15.5,44.9,0.00,ARMED,,20.4,4,
1791341547927,28.594774,77.293404,45.0,CNG,21.78,26.3,5,1335,62.0,8.31,,88.0,0.00,-3.13,13.8,15.5,45.0,0.01,ARMED,,20.4,4,
1791341549741,28.594572,77.293506,44.0,CNG,21.18,26.3,5,1324,63.1,8.85,,88.0,0.78,-3.13,13.6,15.5,44.7,-0.07,ARMED,,20.4,4,
1791341550577,28.594572,77.293506,44.0,CNG,20.98,25.9,5,1322,63.1,8.69,,88.0,0.78,-3.13,13.6,15.0,44.5,-0.09,ARMED,,20.4,4,
1791341551403,28.594472,77.293557,44.0,CNG,21.26,25.9,5,1317,63.1,8.29,,88.0,0.78,-3.13,13.8,15.0,44.3,-0.11,ARMED,,20.4,4,
1791341553174,28.594273,77.293660,44.0,CNG,20.07,25.5,5,1312,69.8,9.72,,88.0,0.78,-3.13,13.8,14.4,44.1,-0.14,ARMED,,21.6,4,
1791341554060,28.594175,77.293713,44.0,CNG,20.07,25.5,5,1310,69.8,8.96,,88.0,0.78,-3.13,13.8,14.4,44.0,-0.11,ARMED,,21.6,4,
1791341554788,28.594077,77.293766,44.0,CNG,20.16,23.9,5,1307,69.8,8.86,,88.0,0.78,-3.13,13.8,12.3,43.9,-0.11,ARMED,,21.6,4,
1791341556520,28.593981,77.293820,44.0,CNG,23.47,22.0,5,1289,50.2,5.77,,88.0,-2.34,-3.91,13.6,9.6,43.5,-0.29,ARMED,,19.2,5,
1791341557387,28.593886,77.293872,42.0,CNG,21.88,23.9,5,1263,50.2,8.68,,88.0,-2.34,-3.91,13.6,12.3,42.5,-0.53,ARMED,,19.2,5,
1791341558193,28.593792,77.293925,42.0,CNG,21.26,23.5,5,1258,50.2,8.43,,88.0,-2.34,-3.91,13.6,11.8,42.2,-0.50,ARMED,,19.2,5,
1791341559974,28.593609,77.294030,42.0,CNG,23.21,23.9,5,1240,59.2,6.36,,88.0,1.56,-3.91,13.6,12.3,41.7,-0.51,ARMED,,20.0,5,
1791341560856,28.593514,77.294087,42.0,CNG,23.43,25.1,5,1251,59.2,7.22,,88.0,1.56,-3.91,13.8,13.9,41.9,-0.01,ARMED,,20.0,5,
1791341561631,28.593421,77.294143,42.0,CNG,22.56,25.1,5,1253,59.2,8.04,,88.0,1.56,-3.91,13.8,13.9,42.0,0.03,ARMED,,20.0,5,
1791341563420,28.593330,77.294199,43.0,CNG,21.67,26.3,5,1263,64.3,8.58,,88.0,2.34,-3.13,13.8,15.5,42.3,0.19,ARMED,,20.4,4,
1791341564316,28.593232,77.294261,44.0,CNG,21.67,26.7,5,1302,64.3,8.30,,88.0,2.34,-3.13,13.8,16.1,43.7,0.65,ARMED,,20.4,4,
1791341565124,28.593136,77.294322,44.0,CNG,21.27,26.7,5,1333,64.3,8.68,,88.0,2.34,-3.13,13.7,16.1,44.6,0.87,ARMED,,20.4,4,
1791341566906,28.592941,77.294444,46.0,CNG,20.99,26.7,5,1352,60.8,9.13,,88.0,0.78,-3.13,13.7,16.1,45.4,0.89,ARMED,,20.8,4,
1791341567827,28.592840,77.294507,47.0,CNG,20.77,26.7,5,1406,60.8,9.38,,88.0,0.78,-3.13,13.7,16.1,47.2,0.94,ARMED,,20.8,4,
1791341568597,28.592732,77.294575,48.0,CNG,20.88,26.7,5,1425,60.8,9.33,,88.0,0.78,-3.13,13.7,16.1,47.9,0.92,ARMED,,20.8,4,
1791341570366,28.592627,77.294643,49.0,CNG,21.19,26.3,5,1448,60.0,9.25,,88.0,0.78,-3.13,13.5,15.5,48.7,0.91,ARMED,,21.2,4,
1791341571229,28.592520,77.294711,50.0,CNG,20.88,25.9,5,1502,60.0,9.99,,88.0,0.78,-3.13,13.5,15.0,50.4,0.94,ARMED,,21.2,5,
1791341572001,28.592409,77.294779,51.0,CNG,21.26,25.1,5,1499,60.0,9.55,,88.0,0.78,-3.13,13.7,13.9,50.7,0.68,ARMED,,21.2,5,
1791341573704,28.592187,77.294919,52.0,CNG,21.83,23.9,5,1515,52.5,9.36,,88.0,0.00,-3.13,13.7,12.3,51.1,0.62,ARMED,,20.0,5,
1791341574585,28.592187,77.294919,52.0,CNG,21.47,25.1,5,1535,52.5,10.14,,88.0,0.00,-3.13,13.7,13.9,51.7,0.45,ARMED,,20.0,5,
1791341575336,28.592078,77.294987,52.0,CNG,21.09,25.1,5,1569,52.5,10.34,,89.0,0.00,-3.13,13.7,13.9,52.5,0.69,ARMED,,20.0,5,
1791341577183,28.591850,77.295136,53.0,CNG,21.87,24.7,5,1565,49.8,9.37,,89.0,-2.34,-3.13,13.9,13.4,52.8,0.52,ARMED,,20.4,5,
1791341578062,28.591734,77.295214,54.0,CNG,23.08,25.1,5,1600,49.8,8.80,,89.0,-2.34,-3.13,13.9,13.9,53.9,0.54,ARMED,,20.4,5,
1791341578818,28.591622,77.295290,54.0,CNG,26.14,23.5,5,1601,49.8,6.80,,89.0,-2.34,-3.13,13.7,11.8,54.0,0.47,ARMED,,20.4,5,
1791341580758,28.591386,77.295445,54.0,CNG,27.65,23.5,5,1623,40.4,7.30,,89.0,0.00,-3.91,13.7,11.8,54.6,0.50,ARMED,,20.0,5,
1791341581651,28.591386,77.295445,55.0,CNG,27.33,25.1,5,1630,40.4,8.36,,89.0,0.00,-3.91,13.8,13.9,54.9,0.23,ARMED,,20.0,5,
1791341582464,28.591266,77.295522,56.0,CNG,27.85,24.3,5,1643,40.4,7.99,,89.0,0.00,-3.91,13.8,12.8,55.3,0.28,ARMED,,20.0,5,
1791341584260,28.591030,77.295673,56.0,CNG,28.90,23.9,5,1667,47.1,7.48,,89.0,1.56,-3.91,13.8,12.3,55.9,0.52,ARMED,,20.4,5,
1791341585147,28.590904,77.295751,57.0,CNG,27.30,25.5,5,1681,47.1,9.22,,88.0,1.56,-3.91,13.8,14.4,56.7,0.47,ARMED,,20.4,5,
1791341585952,28.590779,77.295827,57.0,CNG,27.41,25.5,5,1690,47.1,8.45,,88.0,1.56,-3.91,13.8,14.4,57.0,0.46,ARMED,,20.4,5,
1791341587692,28.590527,77.295979,58.0,CNG,29.70,23.9,5,1711,40.4,7.01,,88.0,-0.78,-3.91,13.8,12.3,57.6,0.51,ARMED,,19.6,5,
1791341588649,28.590527,77.295979,58.0,CNG,30.43,23.9,5,1720,40.4,7.51,,88.0,-0.78,-3.91,13.8,12.3,58.0,0.29,ARMED,,19.6,5,
1791341589388,28.590399,77.296057,58.0,CNG,30.76,25.1,5,1739,40.4,7.58,,88.0,-0.78,-3.91,13.8,13.9,58.5,0.36,ARMED,,19.6,5,
1791341591193,28.590144,77.296207,59.0,CNG,26.62,25.9,5,1754,52.5,10.85,,88.0,0.78,-2.34,13.7,15.0,59.0,0.42,ARMED,,21.2,5,
1791341592046,28.590011,77.296283,60.0,CNG,25.19,25.1,5,1790,52.5,10.49,,88.0,0.78,-2.34,13.7,13.9,60.2,0.63,ARMED,,21.2,5,
1791341592922,28.589873,77.296360,60.0,CNG,26.37,23.5,5,1798,52.5,8.66,,88.0,0.78,-2.34,13.8,11.8,60.6,0.59,ARMED,,21.2,5,
1791341594648,28.589611,77.296509,60.0,CNG,31.64,14.9,5,1793,19.6,5.45,,88.0,0.00,0.00,13.8,0.0,60.6,0.29,ARMED,,16.1,5,
1791341595573,28.589611,77.296509,58.0,CNG,38.09,14.9,5,1752,19.6,4.27,,88.0,0.00,0.00,13.7,0.0,59.1,-0.62,ARMED,,16.1,5,
1791341596326,28.589481,77.296585,54.0,CNG,44.37,14.9,5,1642,19.6,3.63,,88.0,0.00,0.00,13.7,0.0,56.4,-1.88,ARMED,,16.1,5,
1791341598071,28.589267,77.296713,49.0,CNG,49.86,14.9,5,1505,21.2,3.15,,88.0,0.00,0.00,13.7,0.0,51.9,-3.55,ARMED,,14.1,5,
1791341599063,28.589179,77.296764,38.0,CNG,56.18,14.9,,826,21.2,2.02,,88.0,0.00,0.00,13.7,0.0,38.0,0.00,ARMED,,14.1,,
1791341599852,28.589108,77.296805,33.0,CNG,58.34,14.9,,613,21.2,2.12,,88.0,0.00,0.00,13.5,0.0,33.0,0.00,ARMED,,14.1,,
1791341601555,28.589036,77.296848,31.0,CNG,77.85,14.9,,700,24.3,0.53,,88.0,-3.91,-0.78,13.5,0.0,31.0,0.00,ARMED,,12.5,,
1791341602378,28.588969,77.296887,31.0,CNG,81.55,14.9,,702,24.3,1.42,,88.0,-3.91,-0.78,13.6,0.0,31.0,0.00,ARMED,,12.5,,
1791341603109,28.588902,77.296924,30.0,CNG,90.88,14.9,,699,24.3,1.08,,88.0,-3.91,-0.78,13.6,0.0,30.0,0.00,ARMED,,12.5,,
1791341604771,28.588767,77.296994,30.0,CNG,75.44,18.0,,710,43.9,2.08,,88.0,-1.56,-4.69,13.8,4.3,30.0,0.00,ARMED,,17.6,,
1791341605515,28.588767,77.296994,30.0,CNG,38.41,22.4,4,1155,43.9,5.68,,88.0,-1.56,-4.69,13.8,10.2,30.0,0.00,ARMED,,17.6,4,
1791341606269,28.588699,77.297030,31.0,CNG,28.62,22.4,4,1188,43.9,6.12,,88.0,-1.56,-4.69,13.7,10.2,30.6,0.35,ARMED,,17.6,4,
1791341607988,28.588559,77.297105,31.0,CNG,26.05,22.4,4,1210,46.7,5.52,,88.0,-0.78,-3.91,13.7,10.2,31.0,0.37,ARMED,,18.8,4,
1791341608742,28.588481,77.297147,34.0,CNG,24.13,23.1,4,1309,46.7,6.34,,88.0,-0.78,-3.91,13.7,11.2,33.7,1.36,ARMED,,18.8,4,
1791341609540,28.588481,77.297147,35.0,CNG,22.65,23.1,4,1349,46.7,6.85,,88.0,-0.78,-3.91,13.7,11.2,34.9,1.40,ARMED,,18.8,4,
1791341611180,28.588319,77.297235,36.0,CNG,14.42,14.9,4,1406,36.5,15.36,,88.0,-5.47,-5.47,13.6,0.0,36.3,1.56,ARMED,,18.4,4,
1791341611972,28.588234,77.297278,38.0,CNG,22.10,14.9,4,1466,36.5,1.94,,88.0,-5.47,-5.47,13.6,0.0,38.1,1.18,ARMED,,18.4,4,
1791341612757,28.588152,77.297317,36.0,CNG,27.58,14.9,5,1095,36.5,3.36,,88.0,-5.47,-5.47,13.7,0.0,36.0,0.00,ARMED,,18.4,5,
1791341614594,28.588084,77.297349,30.0,CNG,30.33,14.9,5,987,34.5,3.32,,88.0,-2.34,-0.78,13.7,0.0,32.2,-2.21,ARMED,,14.5,5,
1791341615369,28.588034,77.297375,21.0,CNG,28.97,14.9,4,799,34.5,3.28,,88.0,-2.34,-0.78,13.7,0.0,21.0,0.00,ARMED,,14.5,4,
1791341616141,28.587986,77.297399,20.0,CNG,31.16,14.9,4,796,34.5,2.20,,88.0,-2.34,-0.78,13.7,0.0,20.4,-0.36,ARMED,,14.5,4,
1791341617851,28.587902,77.297441,20.0,CNG,29.17,14.9,4,799,22.0,3.14,,88.0,0.78,-1.56,13.6,0.0,20.0,-0.38,ARMED,,12.9,4,
1791341618690,28.587869,77.297458,15.0,CNG,32.60,14.9,3,826,22.0,1.37,,88.0,0.78,-1.56,13.6,0.0,15.0,0.00,ARMED,,12.9,3,
1791341619503,28.587869,77.297458,15.0,CNG,30.74,14.9,3,841,22.0,2.22,,88.0,0.78,-1.56,13.6,0.0,15.0,0.00,ARMED,,12.9,3,
1791341621109,28.587797,77.297495,16.0,CNG,39.18,14.9,3,756,21.6,0.90,,89.0,4.69,0.78,13.6,0.0,15.6,0.36,ARMED,,12.5,3,
1791341621918,28.587759,77.297514,17.0,CNG,49.70,14.9,4,725,21.6,0.83,,89.0,4.69,0.78,13.8,0.0,17.0,0.00,ARMED,,12.5,4,
1791341622685,28.587719,77.297536,18.0,CNG,43.62,14.9,4,736,21.6,1.98,,89.0,4.69,0.78,13.8,0.0,17.6,0.35,ARMED,,12.5,4,
1791341624360,28.587676,77.297559,19.0,CNG,55.74,14.9,4,752,21.6,0.86,,89.0,-5.47,1.56,13.8,0.0,18.6,0.76,ARMED,,12.5,4,
1791341625151,28.587628,77.297583,21.0,CNG,56.54,14.9,4,747,21.6,1.49,,89.0,-5.47,1.56,13.8,0.0,20.9,1.21,ARMED,,12.5,4,
1791341625984,28.587579,77.297609,22.0,CNG,70.08,14.9,,745,21.6,0.88,,89.0,-5.47,1.56,13.8,0.0,22.0,0.00,ARMED,,12.5,,
1791341627715,28.587477,77.297665,23.0,CNG,80.42,14.9,5,743,21.6,0.94,,89.0,-4.69,-0.78,13.8,0.0,23.0,0.00,ARMED,,12.5,5,
1791341628483,28.587477,77.297665,23.0,CNG,80.10,14.9,5,752,21.6,1.18,,89.0,-4.69,-0.78,13.6,0.0,23.0,0.00,ARMED,,12.5,5,
1791341629219,28.587426,77.297690,22.0,CNG,50.72,14.9,4,765,21.6,2.75,,89.0,-4.69,-0.78,13.6,0.0,22.0,0.00,ARMED,,12.5,4,
1791341630834,28.587334,77.297739,21.0,CNG,42.05,14.9,4,781,35.3,2.59,,89.0,-3.13,-2.34,13.7,0.0,21.4,-0.35,ARMED,,14.5,4,
1791341631583,28.587334,77.297739,20.0,CNG,38.39,14.9,4,788,35.3,2.43,,89.0,-3.13,-2.34,13.7,0.0,20.1,-0.69,ARMED,,14.5,4,
1791341632319,28.587290,77.297763,19.0,CNG,37.10,14.9,4,791,35.3,2.21,,89.0,-3.13,-2.34,13.4,0.0,19.9,-0.54,ARMED,,14.5,4,
1791341633996,28.587216,77.297803,16.0,CNG,32.80,14.9,3,794,35.7,2.43,,89.0,0.00,-3.13,13.4,0.0,16.0,0.00,ARMED,,14.5,3,
1791341634787,28.587183,77.297822,15.0,CNG,30.78,14.9,3,791,35.7,2.22,,89.0,0.00,-3.13,13.8,0.0,15.1,-0.41,ARMED,,14.5,3,
1791341635514,28.587183,77.297822,15.0,CNG,25.77,14.9,3,796,35.7,3.04,,89.0,0.00,-3.13,13.8,0.0,14.9,-0.37,ARMED,,14.5,3,
1791341637199,28.587115,77.297860,15.0,CNG,24.33,14.9,3,802,22.4,2.75,,89.0,3.13,-3.13,13.5,0.0,14.9,-0.21,ARMED,,12.9,3,
1791341638003,28.587083,77.297880,14.0,CNG,24.61,14.9,3,809,22.4,2.28,,89.0,3.13,-3.13,13.5,0.0,15.0,0.01,ARMED,,12.9,3,
1791341638815,28.587050,77.297899,15.0,CNG,26.12,14.9,3,827,22.4,2.13,,89.0,3.13,-3.13,13.8,0.0,15.3,0.08,ARMED,,12.9,3,
1791341640485,28.587017,77.297922,15.0,CNG,31.65,14.9,3,770,21.6,1.32,,89.0,6.25,-2.34,13.8,0.0,14.7,-0.28,ARMED,,12.5,3,
1791341641263,28.586982,77.297946,17.0,CNG,34.53,14.9,,752,21.6,1.77,,89.0,6.25,-2.34,13.5,0.0,17.0,0.00,ARMED,,12.5,,
1791341642012,28.586948,77.297968,16.0,CNG,33.35,14.9,3,761,21.6,2.06,,89.0,6.25,-2.34,13.5,0.0,16.0,0.00,ARMED,,12.5,3,
1791341643629,28.586913,77.297990,16.0,CNG,32.23,14.9,3,776,21.6,2.13,,89.0,3.13,0.78,13.7,0.0,16.0,0.00,ARMED,,12.5,3,
1791341644387,28.586874,77.298014,17.0,CNG,41.79,14.9,,762,21.6,0.97,,89.0,3.13,0.78,13.7,0.0,17.0,0.00,ARMED,,12.5,,
1791341645134,28.586840,77.298038,17.0,CNG,42.98,14.9,,754,21.6,1.55,,89.0,3.13,0.78,13.5,0.0,17.0,0.00,ARMED,,12.5,,
1791341646988,28.586769,77.298090,17.0,CNG,53.38,14.9,4,745,31.8,0.84,,89.0,-3.91,1.56,13.7,0.0,17.0,0.00,ARMED,,14.1,4,
1791341647739,28.586738,77.298114,15.0,CNG,37.50,14.9,3,772,31.8,2.45,,89.0,-3.91,1.56,13.5,0.0,15.0,0.00,ARMED,,14.1,3,
1791341648475,28.586738,77.298114,16.0,CNG,28.03,14.9,3,786,31.8,3.22,,89.0,-3.91,1.56,13.5,0.0,15.6,0.36,ARMED,,14.1,3,
1791341650144,28.586674,77.298163,15.0,CNG,23.48,14.9,3,788,36.5,3.29,,89.0,-3.13,0.78,13.6,0.0,15.3,0.04,ARMED,,14.5,3,
1791341650942,28.586642,77.298189,16.0,CNG,25.55,14.9,3,799,36.5,2.23,,89.0,-3.13,0.78,13.6,0.0,15.9,0.28,ARMED,,14.5,3,
1791341651770,28.586611,77.298216,16.0,CNG,27.17,14.9,3,807,36.5,2.18,,89.0,-3.13,0.78,13.5,0.0,16.1,0.28,ARMED,,14.5,3,
1791341653371,28.586579,77.298243,16.0,CNG,26.11,14.9,3,805,34.9,2.65,,89.0,0.78,0.78,13.5,0.0,16.2,0.23,ARMED,,14.5,3,
1791341654143,28.586548,77.298270,15.0,CNG,31.11,14.9,3,825,34.9,1.37,,89.0,0.78,0.78,13.6,0.0,16.4,0.19,ARMED,,14.5,3,
1791341654883,28.586522,77.298293,13.0,CNG,31.03,14.9,,803,34.9,1.72,,89.0,0.78,0.78,13.6,0.0,13.0,0.00,ARMED,,14.5,,
1791341656622,28.586500,77.298313,11.0,CNG,25.58,14.9,2,831,22.0,2.37,,89.0,11.72,0.78,13.7,0.0,11.0,0.00,ARMED,,12.5,2,
1791341657374,28.586476,77.298335,12.0,CNG,29.33,14.9,,765,22.0,1.27,,89.0,11.72,0.78,13.7,0.0,12.0,0.00,ARMED,,12.5,,
1791341658128,28.586457,77.298355,11.0,CNG,25.35,14.9,2,785,22.0,2.19,,89.0,11.72,0.78,13.7,0.0,11.0,0.00,ARMED,,12.5,2,
1791341659805,28.586417,77.298395,11.0,CNG,29.76,14.9,2,771,21.6,1.08,,89.0,1.56,3.13,13.7,0.0,11.0,0.00,ARMED,,12.5,2,
1791341660586,28.586417,77.298395,10.0,CNG,28.79,14.9,2,771,21.6,1.50,,89.0,1.56,3.13,13.8,0.0,10.1,-0.41,ARMED,,12.5,2,
1791341661371,28.586398,77.298415,11.0,CNG,33.34,14.9,2,748,21.6,1.03,,89.0,1.56,3.13,13.8,0.0,9.8,-0.41,ARMED,,12.5,2,
1791341663012,28.586357,77.298458,11.0,CNG,29.32,14.9,,717,22.7,1.81,,89.0,-6.25,3.91,13.6,0.0,11.0,0.00,ARMED,,12.5,,
1791341663841,28.586335,77.298482,13.0,CNG,37.34,14.9,3,712,22.7,0.93,,89.0,-6.25,3.91,13.6,0.0,13.0,0.00,ARMED,,12.5,3,
1791341664613,28.586335,77.298482,13.0,CNG,31.31,14.9,3,707,22.7,2.07,,89.0,-6.25,3.91,13.7,0.0,13.0,0.00,ARMED,,12.5,3,
1791341666302,28.586288,77.298533,13.0,CNG,23.28,22.0,2,967,63.5,3.11,,89.0,0.78,-3.13,13.7,9.6,13.0,0.00,ARMED,,18.4,2,
1791341667140,28.586265,77.298562,14.0,CNG,13.58,22.4,2,1062,63.5,6.58,,89.0,0.78,-3.13,13.3,10.2,13.9,0.41,ARMED,,18.4,2,
1791341667894,28.586239,77.298592,15.0,CNG,12.31,20.0,2,1137,63.5,5.59,,89.0,0.78,-3.13,13.3,7.0,14.7,0.69,ARMED,,18.4,2,
1791341669550,28.586212,77.298624,16.0,CNG,12.62,19.2,2,1167,46.3,5.01,,89.0,-0.78,-4.69,13.6,5.9,15.4,0.73,ARMED,,20.0,2,
1791341670268,28.586187,77.298660,17.0,CNG,10.73,22.7,2,1261,46.3,7.74,,88.0,-0.78,-4.69,13.6,10.7,16.7,0.77,ARMED,,20.0,2,
1791341671012,28.586159,77.298699,18.0,CNG,10.12,23.1,2,1329,46.3,7.80,,88.0,-0.78,-4.69,13.6,11.2,17.5,0.91,ARMED,,20.0,2,
1791341672703,28.586091,77.298785,20.0,CNG,9.99,23.5,2,1456,40.0,8.32,,89.0,-2.34,-3.91,13.6,11.8,19.0,1.34,ARMED,,20.0,2,
1791341673502,28.586091,77.298785,23.0,CNG,10.24,24.7,2,1718,40.0,8.91,,89.0,-2.34,-3.91,13.7,13.4,22.7,2.03,ARMED,,20.0,2,
1791341674245,28.586050,77.298834,25.0,CNG,11.12,24.7,2,1833,40.0,8.24,,89.0,-2.34,-3.91,13.7,13.4,24.4,2.07,ARMED,,20.0,2,
1791341675931,28.585964,77.298941,26.0,CNG,14.86,14.9,2,1927,58.8,4.10,,89.0,0.00,-4.69,13.7,0.0,25.9,2.04,ARMED,,20.0,2,
1791341676725,28.585921,77.298994,26.0,CNG,12.37,28.2,3,1336,58.8,10.55,,88.0,0.00,-4.69,13.7,18.2,26.0,0.00,ARMED,,20.0,2,
1791341677573,28.585921,77.298994,28.0,CNG,11.65,27.8,3,1412,58.8,10.58,,88.0,0.00,-4.69,13.8,17.7,27.3,0.74,ARMED,,20.0,2,
1791341679350,28.585825,77.299115,29.0,CNG,11.52,28.2,3,1497,61.2,10.43,,89.0,0.00,-2.34,13.7,18.2,28.6,1.15,ARMED,,21.6,2,
1791341680093,28.585772,77.299183,33.0,CNG,12.16,27.8,3,1657,61.2,10.33,,89.0,0.00,-2.34,13.9,17.7,32.7,2.14,ARMED,,21.6,3,
1791341680848,28.585720,77.299255,34.0,CNG,11.13,30.2,3,1713,61.2,13.86,,89.0,0.00,-2.34,13.9,20.9,34.2,2.09,ARMED,,21.6,3,
1791341682525,28.585668,77.299335,35.0,CNG,11.27,29.8,3,1788,62.0,12.47,,89.0,-1.56,-1.56,13.8,20.3,35.6,2.05,ARMED,,22.7,3,
1791341683310,28.585618,77.299422,38.0,CNG,16.29,14.9,3,1954,62.0,4.04,,89.0,-1.56,-1.56,13.8,0.0,38.8,1.87,ARMED,,22.7,3,
1791341684131,28.585566,77.299514,38.0,CNG,21.81,21.6,4,1430,62.0,3.80,,89.0,-1.56,-1.56,13.9,9.1,38.0,0.00,ARMED,,22.7,3,
1791341685776,28.585466,77.299692,38.0,CNG,20.60,23.5,4,1461,52.5,8.14,,89.0,1.56,-3.13,13.9,11.8,38.0,0.00,ARMED,,20.4,4,
1791341686575,28.585466,77.299692,39.0,CNG,19.19,23.9,4,1522,52.5,9.11,,89.0,1.56,-3.13,13.7,12.3,38.9,0.41,ARMED,,20.4,4,
1791341687342,28.585412,77.299784,40.0,CNG,19.22,23.9,4,1545,52.5,8.49,,90.0,1.56,-3.13,13.7,12.3,39.5,0.56,ARMED,,20.4,4,
1791341689054,28.585291,77.299968,41.0,CNG,18.75,23.9,4,1580,64.3,9.24,,90.0,0.78,-2.34,13.8,12.3,40.3,0.79,ARMED,,22.7,4,
1791341689955,28.585220,77.300061,44.0,CNG,16.43,27.1,4,1701,64.3,12.77,,90.0,0.78,-2.34,13.8,16.6,43.5,1.57,ARMED,,22.7,4,
1791341690721,28.585140,77.300153,46.0,CNG,16.57,27.1,4,1767,64.3,11.22,,90.0,0.78,-2.34,13.6,16.6,45.1,1.84,ARMED,,22.7,4,
1791341692455,28.585052,77.300247,48.0,CNG,20.02,14.9,4,1839,22.4,7.04,,90.0,0.00,0.00,13.6,0.0,47.1,2.07,ARMED,,13.7,4,
1791341693358,28.584969,77.300333,45.0,CNG,31.99,14.9,,817,22.4,0.58,,90.0,0.00,0.00,13.4,0.0,45.0,0.00,ARMED,,13.7,,
1791341694111,28.584893,77.300414,40.0,CNG,42.22,14.9,,571,22.4,1.78,,90.0,0.00,0.00,13.4,0.0,40.0,0.00,ARMED,,13.7,,
1791341695791,28.584789,77.300531,33.0,CNG,50.34,14.9,,684,26.7,1.67,,90.0,-8.59,2.34,13.7,0.0,33.0,0.00,ARMED,,12.2,,
1791341696553,28.584789,77.300531,14.0,CNG,54.28,14.9,,666,26.7,0.71,,90.0,-8.59,2.34,13.7,0.0,14.0,0.00,ARMED,,12.2,,
1791341697352,28.584768,77.300555,6.0,CNG,42.37,14.9,,701,26.7,1.50,,90.0,-8.59,2.34,13.6,0.0,6.0,0.00,ARMED,,12.2,,
1791341698993,28.584753,77.300572,5.0,CNG,30.47,14.9,1,730,22.4,1.79,,90.0,-12.50,2.34,13.6,0.0,5.0,0.00,ARMED,,11.8,1,
1791341699764,28.584750,77.300576,2.0,CNG,21.78,14.9,,666,22.4,1.49,,90.0,-12.50,2.34,13.7,0.0,2.0,0.00,ARMED,,11.8,,
1791341700530,28.584750,77.300576,2.0,CNG,10.62,19.6,,745,22.4,3.47,,90.0,-12.50,2.34,13.7,6.4,2.0,0.00,ARMED,,11.8,,
1791341702217,28.584737,77.300591,4.0,CNG,7.47,16.9,,612,80.4,3.72,,90.0,-7.03,-3.13,13.4,2.7,4.0,0.00,ARMED,,23.1,,
1791341702974,28.584722,77.300607,9.0,CNG,15.81,21.2,,641,80.4,0.00,,90.0,-7.03,-3.13,13.4,8.6,9.0,0.00,ARMED,,23.1,,
1791341703728,28.584704,77.300626,10.0,CNG,10.77,23.9,2,744,80.4,5.03,,90.0,-7.03,-3.13,13.5,12.3,10.0,0.00,ARMED,,23.1,2,
1791341705453,28.584679,77.300650,12.0,CNG,7.88,21.6,2,899,43.9,7.91,,90.0,-5.47,1.56,13.5,9.1,11.2,0.71,ARMED,,18.0,2,
1791341706252,28.584652,77.300675,15.0,CNG,8.22,22.7,2,1094,43.9,7.15,,90.0,-5.47,1.56,13.5,10.7,14.7,1.73,ARMED,,18.0,2,
1791341706968,28.584622,77.300702,16.0,CNG,8.29,14.9,2,1205,43.9,7.82,,90.0,-5.47,1.56,13.5,0.0,16.3,1.90,ARMED,,18.0,2,
1791341708641,28.584587,77.300732,17.0,CNG,11.41,14.9,2,1272,25.5,3.36,,90.0,-7.03,-3.91,13.6,0.0,17.5,1.75,ARMED,,15.3,2,
1791341709453,28.584553,77.300760,16.0,CNG,14.58,17.6,2,1237,25.5,2.75,,90.0,-7.03,-3.91,13.6,3.7,17.2,0.25,ARMED,,15.3,2,
1791341710211,28.584520,77.300788,16.0,CNG,15.52,24.7,2,1220,25.5,3.82,,90.0,-7.03,-3.91,13.6,13.4,16.9,-0.07,ARMED,,15.3,2,
1791341712029,28.584451,77.300850,17.0,CNG,9.32,28.6,2,1244,58.0,11.55,,89.0,2.34,-2.34,13.7,18.7,16.9,-0.06,ARMED,,20.4,2,
1791341712791,28.584406,77.300888,22.0,CNG,14.19,14.9,2,1556,58.0,2.69,,89.0,2.34,-2.34,13.6,0.0,20.7,1.72,ARMED,,20.4,2,
1791341713521,28.584406,77.300888,22.0,CNG,12.77,23.5,4,840,58.0,7.93,,89.0,2.34,-2.34,13.6,11.8,22.0,0.00,ARMED,,20.4,4,
1791341715245,28.584319,77.300964,23.0,CNG,13.96,22.0,3,1155,43.5,5.92,,89.0,-0.78,-3.91,13.8,9.6,23.0,0.00,ARMED,,17.6,3,
1791341716010,28.584269,77.301006,25.0,CNG,19.54,14.9,3,1249,43.5,2.58,,89.0,-0.78,-3.91,13.8,0.0,24.8,0.82,ARMED,,17.6,3,
1791341716827,28.584219,77.301047,25.0,CNG,23.25,14.9,3,1262,43.5,3.26,,89.0,-0.78,-3.91,13.7,0.0,25.2,0.67,ARMED,,17.6,3,
1791341718382,28.584172,77.301085,24.0,CNG,28.08,14.9,3,1224,22.0,2.42,,88.0,0.00,0.00,13.7,0.0,24.8,0.16,ARMED,,14.1,3,
1791341719179,28.584129,77.301120,22.0,CNG,30.33,19.6,3,1159,22.0,2.58,,88.0,0.00,0.00,13.6,6.4,23.2,-0.73,ARMED,,14.1,3,
1791341719943,28.584084,77.301157,22.0,CNG,33.42,21.6,3,1127,22.0,2.26,,88.0,0.00,0.00,13.6,9.1,22.4,-0.80,ARMED,,14.1,3,
1791341721568,28.584036,77.301194,22.0,CNG,22.15,24.3,3,1150,60.4,6.17,,88.0,2.34,-3.13,13.8,12.8,22.3,-0.46,ARMED,,20.0,2,
1791341722322,28.583987,77.301232,25.0,CNG,14.85,25.5,3,1274,60.4,9.93,,88.0,2.34,-3.13,13.8,14.4,24.6,0.97,ARMED,,20.0,2,
1791341723142,28.583934,77.301271,27.0,CNG,14.87,14.9,3,1377,60.4,7.41,,88.0,2.34,-3.13,13.5,0.0,26.4,1.60,ARMED,,20.0,2,
1791341724821,28.583821,77.301355,27.0,CNG,14.64,22.0,3,1375,43.1,7.70,,88.0,-4.69,-3.91,13.5,9.6,27.3,1.37,ARMED,,18.4,3,
1791341725589,28.583821,77.301355,28.0,CNG,16.57,20.4,3,1441,43.1,5.65,,88.0,-4.69,-3.91,13.7,7.5,28.5,0.86,ARMED,,18.4,3,
1791341726452,28.583763,77.301400,28.0,CNG,17.63,20.4,3,1450,43.1,5.90,,88.0,-4.69,-3.91,13.7,7.5,28.7,0.59,ARMED,,18.4,3,
1791341728162,28.583647,77.301492,29.0,CNG,19.01,20.4,3,1473,32.2,5.55,,88.0,-0.78,-4.69,13.7,7.5,29.0,0.53,ARMED,,17.6,3,
1791341728878,28.583587,77.301539,29.0,CNG,20.80,14.9,3,1496,32.2,4.92,,88.0,-0.78,-4.69,13.7,0.0,29.4,0.30,ARMED,,17.6,3,
1791341729686,28.583528,77.301586,29.0,CNG,26.16,15.3,4,1175,32.2,2.82,,88.0,-0.78,-4.69,13.4,0.5,29.0,0.00,ARMED,,17.6,4,
1791341731319,28.583470,77.301631,29.0,CNG,33.92,16.9,4,1160,22.4,1.96,,88.0,0.00,2.34,13.4,2.7,29.0,0.00,ARMED,,16.1,4,
1791341732141,28.583410,77.301678,28.0,CNG,36.27,20.4,4,1135,22.4,2.82,,88.0,0.00,2.34,13.7,7.5,28.1,-0.41,ARMED,,16.1,4,
1791341732870,28.583354,77.301723,28.0,CNG,36.80,20.4,4,1089,22.4,3.04,,88.0,0.00,2.34,13.7,7.5,27.2,-0.74,ARMED,,16.1,4,
1791341734576,28.583296,77.301768,28.0,CNG,34.22,20.4,4,1102,31.4,3.70,,88.0,-0.78,-4.69,13.7,7.5,27.0,-0.56,ARMED,,15.7,4,
1791341735303,28.583238,77.301813,29.0,CNG,33.52,20.4,4,1134,31.4,3.64,,88.0,-0.78,-4.69,13.7,7.5,27.9,0.30,ARMED,,15.7,4,
1791341736060,28.583178,77.301861,30.0,CNG,33.18,20.0,4,1156,31.4,3.75,,88.0,-0.78,-4.69,13.7,7.0,28.5,0.53,ARMED,,15.7,4,
1791341737705,28.583055,77.301955,30.0,CNG,35.98,20.4,4,1172,29.0,2.99,,88.0,0.00,-5.47,13.7,7.5,29.1,0.58,ARMED,,15.7,4,
1791341738514,28.583055,77.301955,31.0,CNG,34.76,20.4,4,1203,29.0,3.82,,88.0,0.00,-5.47,13.8,7.5,30.1,0.59,ARMED,,15.7,4,
1791341739254,28.582991,77.302003,31.0,CNG,33.72,20.4,4,1208,29.0,3.92,,88.0,0.00,-5.47,13.8,7.5,30.4,0.54,ARMED,,15.7,4,
1791341740950,28.582859,77.302103,31.0,CNG,32.73,20.0,4,1216,27.8,4.04,,88.0,0.78,-5.47,13.7,7.0,30.6,0.49,ARMED,,15.7,4,
1791341741759,28.582794,77.302154,31.0,CNG,30.84,20.0,4,1219,27.8,4.46,,88.0,0.78,-5.47,13.7,7.0,30.8,0.15,ARMED,,15.7,4,
1791341742534,28.582794,77.302154,32.0,CNG,26.13,22.4,4,1234,27.8,6.11,,88.0,0.78,-5.47,13.5,10.2,31.0,0.19,ARMED,,15.7,4,
1791341744350,28.582665,77.302258,32.0,CNG,22.09,22.4,4,1261,54.5,7.26,,88.0,0.78,-3.91,13.4,10.2,31.6,0.43,ARMED,,19.2,4,
1791341745142,28.582595,77.302315,34.0,CNG,21.56,22.4,4,1327,54.5,6.66,,88.0,0.78,-3.91,13.7,10.2,33.4,0.91,ARMED,,19.2,4,
1791341745880,28.582525,77.302371,35.0,CNG,20.36,22.4,4,1342,54.5,7.57,,88.0,0.78,-3.91,13.7,10.2,34.0,0.89,ARMED,,19.2,4,
1791341747519,28.582453,77.302427,35.0,CNG,19.94,22.4,4,1365,47.8,7.39,,88.0,0.78,-3.91,13.5,10.2,34.7,0.87,ARMED,,18.8,4,
1791341748326,28.582378,77.302484,36.0,CNG,21.82,22.0,4,1413,47.8,5.84,,89.0,0.78,-3.91,13.5,9.6,35.9,0.82,ARMED,,18.8,4,
1791341749142,28.582303,77.302542,37.0,CNG,24.30,22.0,4,1425,47.8,5.22,,89.0,0.78,-3.91,13.7,9.6,36.3,0.76,ARMED,,18.8,4,
1791341750751,28.582151,77.302660,38.0,CNG,26.19,22.0,4,1452,33.7,5.28,,89.0,0.78,-4.69,13.7,9.6,36.9,0.77,ARMED,,17.3,4,
1791341751564,28.582151,77.302660,38.0,CNG,26.80,21.6,4,1484,33.7,5.60,,89.0,0.78,-4.69,13.7,9.1,37.9,0.69,ARMED,,17.3,4,
1791341752338,28.582072,77.302722,38.0,CNG,27.80,21.6,4,1483,33.7,5.28,,89.0,0.78,-4.69,13.7,9.1,38.0,0.47,ARMED,,17.3,4,
1791341753975,28.581914,77.302848,39.0,CNG,29.65,21.6,4,1496,31.4,4.86,,89.0,0.78,-4.69,13.8,9.1,38.3,0.42,ARMED,,17.3,4,
1791341754718,28.581835,77.302914,39.0,CNG,29.66,21.6,4,1530,31.4,5.37,,89.0,0.78,-4.69,13.8,9.1,39.0,0.45,ARMED,,17.3,4,
1791341755496,28.581835,77.302914,40.0,CNG,30.48,21.6,4,1541,31.4,5.15,,89.0,0.78,-4.69,13.8,9.1,39.4,0.44,ARMED,,17.3,4,
1791341757153,28.581674,77.303051,40.0,CNG,31.51,21.6,4,1540,30.6,4.93,,89.0,0.78,-4.69,13.8,9.1,39.5,0.38,ARMED,,17.3,4,
1791341757966,28.581597,77.303116,40.0,CNG,31.12,21.2,4,1558,30.6,5.35,,89.0,0.78,-4.69,13.8,8.6,39.9,0.32,ARMED,,17.3,4,
1791341758800,28.581515,77.303183,41.0,CNG,33.44,21.2,4,1571,30.6,4.47,,89.0,0.78,-4.69,13.8,8.6,40.2,0.34,ARMED,,17.3,4,
1791341760546,28.581430,77.303245,41.0,CNG,37.00,14.9,4,1593,19.6,3.82,,89.0,0.00,0.00,13.9,0.0,40.7,0.40,ARMED,,15.3,4,
1791341761465,28.581343,77.303302,37.0,CNG,42.36,18.8,4,1438,19.6,2.72,,89.0,0.00,0.00,13.9,5.4,37.3,-1.45,ARMED,,15.3,4,
1791341762211,28.581264,77.303348,36.0,CNG,36.74,20.0,4,1403,19.6,4.87,,89.0,0.00,0.00,13.8,7.0,36.0,-1.50,ARMED,,15.3,4,
1791341763797,28.581100,77.303436,36.0,CNG,32.07,20.4,4,1408,36.9,5.51,,89.0,0.00,-4.69,13.8,7.5,35.6,-1.08,ARMED,,17.6,4,
1791341764597,28.581100,77.303436,36.0,CNG,28.03,21.2,4,1402,36.9,6.27,,89.0,0.00,-4.69,13.6,8.6,35.6,-0.24,ARMED,,17.6,4,
1791341765340,28.581020,77.303482,36.0,CNG,27.01,21.2,4,1408,36.9,5.75,,89.0,0.00,-4.69,13.6,8.6,35.8,-0.02,ARMED,,17.6,4,
1791341766964,28.580863,77.303585,37.0,CNG,26.59,21.2,4,1434,34.5,5.82,,89.0,-3.91,-3.91,13.7,8.6,36.4,0.31,ARMED,,17.3,4,
1791341767703,28.580784,77.303642,38.0,CNG,27.65,21.2,4,1462,34.5,5.29,,89.0,-3.91,-3.91,13.7,8.6,37.4,0.57,ARMED,,17.3,4,
1791341768451,28.580784,77.303642,38.0,CNG,27.95,21.6,4,1481,34.5,5.47,,89.0,-3.91,-3.91,13.8,9.1,38.0,0.60,ARMED,,17.3,4,
1791341770117,28.580626,77.303763,39.0,CNG,29.28,21.6,4,1493,31.0,5.07,,89.0,-0.78,-4.69,13.8,9.1,38.4,0.59,ARMED,,17.3,4,
1791341770890,28.580545,77.303825,39.0,CNG,38.72,14.9,4,1528,31.0,2.17,,89.0,-0.78,-4.69,13.8,0.0,39.2,0.56,ARMED,,17.3,4,
1791341771680,28.580461,77.303887,39.0,CNG,32.91,21.2,,956,31.0,5.92,,89.0,-0.78,-4.69,13.8,8.6,39.0,0.00,ARMED,,17.3,,
1791341773401,28.580379,77.303949,39.0,CNG,36.46,21.2,5,1172,36.9,3.67,,89.0,-1.56,-4.69,13.7,8.6,39.0,0.00,ARMED,,16.5,5,
1791341774192,28.580300,77.304008,40.0,CNG,37.60,21.2,5,1185,36.9,4.15,,89.0,-1.56,-4.69,13.7,8.6,39.9,0.40,ARMED,,16.5,5,
1791341774974,28.580216,77.304070,40.0,CNG,35.86,21.6,5,1198,36.9,4.87,,89.0,-1.56,-4.69,13.7,9.1,40.1,0.37,ARMED,,16.5,5,
1791341776749,28.580047,77.304195,41.0,CNG,36.57,21.6,5,1205,39.2,4.45,,89.0,-2.34,-4.69,13.8,9.1,40.3,0.36,ARMED,,16.9,5,
1791341777617,28.580047,77.304195,41.0,CNG,36.94,22.0,5,1229,39.2,4.47,,89.0,-2.34,-4.69,13.7,9.6,41.1,0.38,ARMED,,16.9,5,
1791341778377,28.579960,77.304258,41.0,CNG,35.12,22.0,5,1230,39.2,5.12,,89.0,-2.34,-4.69,13.7,9.6,41.2,0.33,ARMED,,16.9,5,
1791341780145,28.579782,77.304387,42.0,CNG,35.53,21.6,5,1236,47.8,4.75,,89.0,-1.56,-4.69,13.7,9.1,41.4,0.31,ARMED,,18.4,5,
1791341781079,28.579696,77.304449,42.0,CNG,30.35,22.0,5,1271,47.8,6.87,,89.0,-1.56,-4.69,13.7,9.6,42.4,0.50,ARMED,,18.4,5,
1791341781880,28.579607,77.304514,43.0,CNG,27.89,22.0,5,1274,47.8,7.04,,89.0,-1.56,-4.69,13.8,9.6,42.7,0.46,ARMED,,18.4,5,
1791341783598,28.579426,77.304645,43.0,CNG,27.57,22.0,5,1279,49.8,6.48,,89.0,2.34,-4.69,13.8,9.6,42.9,0.41,ARMED,,18.8,5,
1791341784466,28.579426,77.304645,44.0,CNG,26.56,22.0,5,1308,49.8,7.13,,89.0,2.34,-4.69,13.7,9.6,43.7,0.45,ARMED,,18.8,5,
1791341785269,28.579335,77.304711,44.0,CNG,27.31,22.0,5,1307,49.8,6.31,,89.0,2.34,-4.69,13.7,9.6,43.9,0.38,ARMED,,18.8,5,
1791341787020,28.579150,77.304848,44.0,CNG,29.20,22.0,5,1324,40.8,5.53,,89.0,1.56,-4.69,13.9,9.6,44.3,0.40,ARMED,,17.6,5,
1791341787851,28.579054,77.304919,45.0,CNG,31.00,22.4,5,1345,40.8,5.40,,89.0,1.56,-4.69,13.9,10.2,45.0,0.41,ARMED,,17.6,5,
1791341788639,28.578964,77.304987,45.0,CNG,31.18,22.4,5,1345,40.8,5.85,,89.0,1.56,-4.69,13.9,10.2,45.1,0.36,ARMED,,17.6,5,
1791341790486,28.578870,77.305058,46.0,CNG,31.11,22.4,5,1357,40.4,6.06,,89.0,0.78,-4.69,13.9,10.2,45.5,0.35,ARMED,,17.6,5,
1791341791391,28.578775,77.305130,46.0,CNG,32.44,22.4,5,1374,40.4,5.43,,89.0,0.78,-4.69,13.8,10.2,46.0,0.34,ARMED,,17.6,5,
1791341792114,28.578679,77.305201,47.0,CNG,32.45,22.4,5,1384,40.4,5.92,,89.0,0.78,-4.69,13.8,10.2,46.3,0.35,ARMED,,17.6,5,
1791341793914,28.578483,77.305344,47.0,CNG,32.81,22.4,5,1389,38.8,5.76,,89.0,0.78,-4.69,13.8,10.2,46.6,0.34,ARMED,,17.6,5,
1791341794790,28.578383,77.305417,47.0,CNG,32.71,22.4,5,1405,38.8,5.90,,89.0,0.78,-4.69,13.8,10.2,47.1,0.31,ARMED,,17.6,5,
1791341795544,28.578383,77.305417,48.0,CNG,32.77,22.4,5,1417,38.8,5.97,,89.0,0.78,-4.69,13.8,10.2,47.5,0.35,ARMED,,17.6,5,
1791341797245,28.578183,77.305561,48.0,CNG,32.48,22.4,5,1427,37.6,6.12,,89.0,0.78,-4.69,13.8,10.2,47.8,0.37,ARMED,,18.0,5,
1791341798136,28.578081,77.305636,48.0,CNG,33.14,22.4,5,1444,37.6,5.74,,89.0,0.78,-4.69,13.8,10.2,48.4,0.35,ARMED,,18.0,5,
1791341798878,28.577983,77.305708,49.0,CNG,42.17,14.9,5,1452,37.6,2.86,,89.0,0.78,-4.69,13.8,0.0,48.7,0.36,ARMED,,18.0,5,
1791341800667,28.577790,77.305858,47.0,CNG,46.85,14.9,5,1410,20.4,3.40,,89.0,0.00,0.00,13.7,0.0,47.9,-0.29,ARMED,,14.9,5,
1791341801588,28.577790,77.305858,44.0,CNG,48.42,20.4,5,1319,20.4,3.51,,89.0,0.00,0.00,13.7,7.5,44.5,-1.54,ARMED,,14.9,5,
1791341802354,28.577700,77.305930,44.0,CNG,43.24,20.0,5,1321,20.4,4.86,,89.0,0.00,0.00,13.6,7.0,43.9,-1.24,ARMED,,14.9,5,
1791341804124,28.577521,77.306076,44.0,CNG,37.59,21.6,5,1314,46.7,5.75,,89.0,0.00,-4.69,13.6,9.1,43.6,-0.75,ARMED,,18.4,5,
1791341804992,28.577431,77.306148,45.0,CNG,32.58,21.6,5,1328,46.7,6.77,,89.0,0.00,-4.69,13.7,9.1,44.3,0.15,ARMED,,18.4,5,
1791341805725,28.577340,77.306216,45.0,CNG,30.53,21.6,5,1326,46.7,6.59,,89.0,0.00,-4.69,13.7,9.1,44.4,0.17,ARMED,,18.4,5,
1791341807480,28.577249,77.306285,45.0,CNG,31.79,21.6,5,1342,36.1,5.43,,89.0,0.78,-5.47,13.8,9.1,44.9,0.33,ARMED,,17.3,5,
1791341808320,28.577152,77.306356,46.0,CNG,34.11,21.6,5,1353,36.1,4.92,,89.0,0.78,-5.47,13.8,9.1,45.5,0.33,ARMED,,17.3,5,
1791341809087,28.577056,77.306426,46.0,CNG,34.39,21.6,5,1363,36.1,5.40,,89.0,0.78,-5.47,13.7,9.1,45.8,0.35,ARMED,,17.3,5,
1791341811035,28.576862,77.306570,46.0,CNG,34.49,21.6,5,1381,35.3,5.43,,89.0,-0.78,-5.47,13.6,9.1,46.3,0.41,ARMED,,17.3,5,
1791341811950,28.576765,77.306643,47.0,CNG,36.54,21.6,5,1394,35.3,4.80,,89.0,-0.78,-5.47,13.8,9.1,46.9,0.36,ARMED,,17.3,5,
1791341812713,28.576667,77.306715,47.0,CNG,36.93,21.6,5,1391,35.3,5.12,,88.0,-0.78,-5.47,13.8,9.1,46.9,0.29,ARMED,,17.3,5,
1791341814533,28.576569,77.306787,47.0,CNG,38.05,21.6,5,1398,34.5,4.82,,88.0,0.00,-5.47,13.8,9.1,47.0,0.25,ARMED,,17.3,5,
1791341815417,28.576472,77.306859,47.0,CNG,36.62,21.6,5,1411,34.5,5.54,,88.0,0.00,-5.47,13.8,9.1,47.4,0.23,ARMED,,17.3,5,
1791341816203,28.576376,77.306930,48.0,CNG,37.18,21.6,5,1417,34.5,5.16,,88.0,0.00,-5.47,13.7,9.1,47.6,0.23,ARMED,,17.3,5,
1791341817978,28.576175,77.307079,48.0,CNG,38.34,21.6,5,1419,34.1,4.88,,88.0,0.78,-5.47,13.7,9.1,47.7,0.21,ARMED,,17.3,5,
1791341818941,28.576075,77.307152,48.0,CNG,38.85,21.6,5,1421,34.1,4.95,,88.0,0.78,-5.47,13.7,9.1,47.8,0.15,ARMED,,17.3,5,
1791341819679,28.575974,77.307228,48.0,CNG,36.94,14.9,5,1436,34.1,5.70,,88.0,0.78,-5.47,13.7,0.0,48.1,0.21,ARMED,,17.3,5,
1791341821481,28.575873,77.307301,48.0,CNG,45.75,18.8,5,1418,22.4,2.76,,88.0,0.00,-6.25,13.8,5.4,47.9,-0.03,ARMED,,15.3,5,
1791341822360,28.575775,77.307374,48.0,CNG,50.82,18.8,5,1430,22.4,3.22,,88.0,0.00,-6.25,13.8,5.4,48.1,0.01,ARMED,,15.3,5,
1791341823170,28.575680,77.307443,47.0,CNG,52.69,18.8,5,1380,22.4,3.44,,88.0,0.00,-6.25,13.6,5.4,47.0,-0.58,ARMED,,15.3,5,
1791341825069,28.575484,77.307587,47.0,CNG,52.49,14.9,5,1385,20.8,3.68,,88.0,0.00,0.00,13.6,0.0,46.6,-0.55,ARMED,,14.9,5,
1791341825955,28.575392,77.307655,44.0,CNG,58.91,14.9,5,1308,20.8,2.45,,88.0,0.00,0.00,13.8,0.0,44.2,-1.17,ARMED,,14.9,5,
1791341826707,28.575307,77.307718,41.0,CNG,62.56,14.9,5,1240,20.8,2.40,,88.0,0.00,0.00,13.8,0.0,42.3,-1.73,ARMED,,14.9,5,
1791341828452,28.575228,77.307775,38.0,CNG,62.12,14.9,5,1138,22.4,2.53,,88.0,0.00,0.00,13.8,0.0,39.2,-2.69,ARMED,,13.7,5,
1791341829253,28.575153,77.307830,36.0,CNG,66.75,14.9,5,1058,22.4,1.92,,87.0,0.00,0.00,13.8,0.0,35.5,-2.28,ARMED,,13.7,5,
1791341830052,28.575079,77.307884,35.0,CNG,69.94,14.9,5,1044,22.4,1.88,,87.0,0.00,0.00,13.8,0.0,34.6,-1.75,ARMED,,13.7,5,
1791341831709,28.574938,77.307984,34.0,CNG,63.42,14.9,5,1025,23.1,2.53,,87.0,0.00,0.00,13.8,0.0,34.0,-1.30,ARMED,,13.3,5,
1791341832525,28.574938,77.307984,33.0,CNG,58.69,19.6,5,1042,23.1,2.58,,87.0,0.00,0.00,13.6,6.4,34.5,-0.08,ARMED,,13.3,5,
1791341833317,28.574865,77.308037,34.0,CNG,51.48,19.6,5,1004,23.1,3.21,,87.0,0.00,0.00,13.6,6.4,33.9,-0.37,ARMED,,13.3,5,
1791341835004,28.574727,77.308139,34.0,CNG,54.01,19.6,5,1003,30.2,2.38,,87.0,0.78,-5.47,13.7,6.4,33.6,-0.38,ARMED,,14.9,5,
1791341835756,28.574655,77.308193,34.0,CNG,54.03,19.6,5,998,30.2,2.57,,87.0,0.78,-5.47,13.7,6.4,33.4,-0.17,ARMED,,14.9,5,
1791341836525,28.574655,77.308193,34.0,CNG,48.35,19.6,5,1014,30.2,3.33,,87.0,0.78,-5.47,13.8,6.4,33.7,0.09,ARMED,,14.9,5,
1791341838147,28.574514,77.308296,34.0,CNG,49.55,19.6,5,1005,30.2,2.70,,87.0,2.34,-6.25,13.8,6.4,33.7,0.08,ARMED,,14.5,5,
1791341838940,28.574446,77.308347,34.0,CNG,48.68,19.6,5,1005,30.2,2.93,,87.0,2.34,-6.25,13.5,6.4,33.8,0.05,ARMED,,14.5,5,
1791341839709,28.574377,77.308399,34.0,CNG,49.83,19.6,5,998,30.2,2.69,,87.0,2.34,-6.25,13.5,6.4,33.6,0.00,ARMED,,14.5,5,
1791341841388,28.574304,77.308453,34.0,CNG,49.82,19.6,5,1000,30.2,2.79,,87.0,2.34,-6.25,13.9,6.4,33.6,0.00,ARMED,,14.5,5,
1791341842166,28.574236,77.308506,34.0,CNG,53.91,19.6,5,1001,30.2,2.26,,87.0,2.34,-6.25,13.9,6.4,33.7,0.01,ARMED,,14.5,5,
1791341842938,28.574166,77.308558,34.0,CNG,49.65,19.6,5,1001,30.2,3.13,,87.0,2.34,-6.25,13.7,6.4,33.7,0.02,ARMED,,14.5,5,
1791341844790,28.574026,77.308660,34.0,CNG,47.47,19.6,5,1008,42.4,3.12,,87.0,0.00,-5.47,13.6,6.4,33.9,0.06,ARMED,,16.1,5,
1791341845625,28.574026,77.308660,34.0,CNG,40.87,19.6,5,1018,42.4,4.11,,87.0,0.00,-5.47,13.6,6.4,34.2,0.11,ARMED,,16.1,5,
1791341846407,28.573954,77.308713,34.0,CNG,40.97,19.6,5,1019,42.4,3.38,,88.0,0.00,-5.47,13.6,6.4,34.3,0.10,ARMED,,16.1,5,
1791341848101,28.573811,77.308816,34.0,CNG,40.40,19.6,5,1017,42.4,3.51,,88.0,0.78,-5.47,13.6,6.4,34.3,0.07,ARMED,,16.1,5,
1791341848876,28.573739,77.308867,34.0,CNG,37.85,19.6,5,1021,42.4,4.02,,88.0,0.78,-5.47,13.6,6.4,34.3,0.06,ARMED,,16.1,5,
1791341849711,28.573668,77.308919,34.0,CNG,43.06,19.6,5,1017,42.4,2.56,,88.0,0.78,-5.47,13.5,6.4,34.2,0.02,ARMED,,16.1,5,
1791341851362,28.573597,77.308972,34.0,CNG,43.97,19.6,5,1011,29.8,3.06,,88.0,2.34,-6.25,13.5,6.4,34.0,-0.03,ARMED,,14.5,5,
1791341852107,28.573524,77.309027,34.0,CNG,48.79,20.0,5,1020,29.8,2.38,,88.0,2.34,-6.25,13.6,7.0,34.2,0.02,ARMED,,14.5,5,
1791341852858,28.573455,77.309081,34.0,CNG,45.64,19.6,5,1022,29.8,3.34,,89.0,2.34,-6.25,13.6,6.4,34.2,0.02,ARMED,,14.5,5,
1791341854552,28.573386,77.309134,34.0,CNG,49.79,19.6,5,1020,30.2,2.41,,89.0,2.34,-6.25,13.6,6.4,34.2,0.01,ARMED,,14.5,5,
1791341855346,28.573315,77.309187,34.0,CNG,55.09,14.9,5,1017,30.2,2.12,,89.0,2.34,-6.25,13.6,0.0,34.1,-0.02,ARMED,,14.5,5,
1791341856109,28.573243,77.309239,34.0,CNG,62.78,14.9,5,982,30.2,1.75,,89.0,2.34,-6.25,13.6,0.0,33.4,-0.42,ARMED,,14.5,5,
1791341857760,28.573110,77.309331,33.0,CNG,70.06,14.9,5,967,22.4,1.58,,89.0,-1.56,2.34,13.6,0.0,32.7,-0.64,ARMED,,12.5,5,
1791341858524,28.573110,77.309331,26.0,CNG,65.60,14.9,5,720,22.4,1.82,,89.0,-1.56,2.34,13.5,0.0,25.3,-3.63,ARMED,,12.5,5,
1791341859342,28.573056,77.309369,24.0,CNG,62.79,15.3,4,941,22.4,1.69,,89.0,-1.56,2.34,13.5,0.5,24.0,0.00,ARMED,,12.5,4,
1791341861027,28.572955,77.309441,24.0,CNG,54.00,18.8,4,913,34.1,2.26,,89.0,-3.91,-6.25,13.8,5.4,24.0,0.00,ARMED,,14.9,4,
1791341861820,28.572907,77.309476,23.0,CNG,38.89,20.0,4,910,34.1,3.58,,89.0,-3.91,-6.25,13.8,7.0,23.1,-0.41,ARMED,,14.9,4,
1791341862600,28.572907,77.309476,23.0,CNG,35.37,20.0,4,919,34.1,3.05,,89.0,-3.91,-6.25,13.5,7.0,23.1,-0.26,ARMED,,14.9,4,
1791341864178,28.572808,77.309549,24.0,CNG,30.45,20.0,4,924,46.3,3.90,,90.0,0.78,-5.47,13.5,7.0,23.2,-0.08,ARMED,,16.5,4,
1791341864967,28.572757,77.309587,24.0,CNG,27.19,20.0,4,931,46.3,4.19,,90.0,0.78,-5.47,13.5,7.0,23.5,0.15,ARMED,,16.5,4,
1791341865772,28.572706,77.309625,25.0,CNG,24.49,20.0,4,950,46.3,4.77,,90.0,0.78,-5.47,13.5,7.0,24.0,0.33,ARMED,,16.5,4,
1791341867431,28.572653,77.309664,25.0,CNG,24.33,20.0,4,968,51.8,4.24,,90.0,1.56,-4.69,13.7,7.0,24.5,0.47,ARMED,,17.3,4,
1791341868288,28.572597,77.309705,26.0,CNG,23.96,20.4,4,997,51.8,4.53,,90.0,1.56,-4.69,13.7,7.5,25.4,0.51,ARMED,,17.3,4,
1791341869117,28.572546,77.309744,26.0,CNG,20.67,25.5,4,1016,51.8,6.17,,90.0,1.56,-4.69,13.3,14.4,25.9,0.52,ARMED,,17.3,4,
1791341870720,28.572436,77.309828,27.0,CNG,16.79,24.3,4,1047,45.5,8.32,,90.0,-0.78,-1.56,13.3,12.8,26.6,0.68,ARMED,,13.7,4,
1791341871554,28.572436,77.309828,28.0,CNG,17.67,22.7,4,1102,45.5,6.00,,90.0,-0.78,-1.56,13.5,10.7,28.1,0.86,ARMED,,13.7,4,
1791341872291,28.572383,77.309870,29.0,CNG,18.66,22.7,4,1118,45.5,5.86,,90.0,-0.78,-1.56,13.5,10.7,28.6,0.83,ARMED,,13.7,4,
1791341873902,28.572250,77.309969,30.0,CNG,18.58,22.7,4,1161,52.2,6.64,,90.0,0.00,-3.13,13.6,10.7,29.5,0.98,ARMED,,18.8,4,
1791341874636,28.572250,77.309969,32.0,CNG,19.73,22.7,4,1236,52.2,6.08,,90.0,0.00,-3.13,13.6,10.7,31.6,1.21,ARMED,,18.8,4,
1791341875488,28.572185,77.310018,33.0,CNG,19.72,22.7,4,1270,52.2,6.84,,90.0,0.00,-3.13,13.7,10.7,32.6,1.22,ARMED,,18.8,4,
1791341877312,28.572046,77.310121,34.0,CNG,21.04,22.7,4,1308,43.1,6.00,,90.0,0.00,-3.13,13.5,10.7,33.6,1.22,ARMED,,17.6,4,
1791341878087,28.571974,77.310175,35.0,CNG,25.85,18.4,4,1357,43.1,3.78,,90.0,0.00,-3.13,13.5,4.8,35.0,0.84,ARMED,,17.6,4,
1791341878876,28.571901,77.310228,35.0,CNG,30.70,14.9,4,1356,43.1,3.41,,90.0,0.00,-3.13,13.5,0.0,35.1,0.57,ARMED,,17.6,4,
1791341880634,28.571830,77.310281,35.0,CNG,44.48,14.9,,810,22.4,1.11,,90.0,0.00,1.56,13.6,0.0,35.0,0.00,ARMED,,12.5,,
1791341881388,28.571762,77.310331,31.0,CNG,62.61,14.9,,683,22.4,0.65,,90.0,0.00,1.56,13.6,0.0,31.0,0.00,ARMED,,12.5,,
1791341882154,28.571700,77.310376,28.0,CNG,60.55,14.9,,664,22.4,2.00,,90.0,0.00,1.56,13.7,0.0,28.0,0.00,ARMED,,12.5,,
1791341883817,28.571601,77.310448,25.0,CNG,83.74,14.9,,699,34.9,0.35,,90.0,-10.16,1.56,13.7,0.0,25.0,0.00,ARMED,,14.1,,
1791341884593,28.571601,77.310448,19.0,CNG,61.66,14.9,4,771,34.9,2.01,,90.0,-10.16,1.56,13.7,0.0,19.0,0.00,ARMED,,14.1,4,
1791341885312,28.571562,77.310475,18.0,CNG,48.55,14.9,4,781,34.9,2.18,,89.0,-10.16,1.56,13.7,0.0,18.4,-0.35,ARMED,,14.1,4,
1791341887025,28.571492,77.310526,17.0,CNG,33.75,14.9,3,786,36.1,3.28,,89.0,-4.69,1.56,13.7,0.0,17.0,0.00,ARMED,,14.5,3,
1791341887773,28.571462,77.310549,15.0,CNG,27.57,14.9,3,802,36.1,3.04,,89.0,-4.69,1.56,13.7,0.0,15.2,-0.81,ARMED,,14.5,3,
1791341888560,28.571462,77.310549,14.0,CNG,22.89,14.9,3,804,36.1,3.32,,89.0,-4.69,1.56,13.6,0.0,14.2,-1.04,ARMED,,14.5,3,
1791341890190,28.571402,77.310593,14.0,CNG,20.53,14.9,3,806,35.7,3.29,,89.0,-2.34,-0.78,13.6,0.0,13.8,-0.83,ARMED,,14.5,3,
1791341891039,28.571372,77.310615,14.0,CNG,26.74,14.9,3,766,35.7,1.07,,89.0,-2.34,-0.78,13.7,0.0,13.2,-0.44,ARMED,,14.5,3,
1791341891785,28.571341,77.310637,14.0,CNG,27.63,14.9,3,750,35.7,1.96,,89.0,-2.34,-0.78,13.7,0.0,13.0,-0.41,ARMED,,14.5,3,
1791341893459,28.571312,77.310658,14.0,CNG,35.74,14.9,3,733,22.0,0.87,,89.0,5.47,0.00,13.5,0.0,12.8,-0.38,ARMED,,12.5,3,
1791341894192,28.571283,77.310679,14.0,CNG,22.22,20.0,,693,22.0,4.07,,89.0,5.47,0.00,13.5,7.0,14.0,0.00,ARMED,,12.5,,
1791341895011,28.571254,77.310700,14.0,CNG,19.66,20.0,3,742,22.0,3.42,,89.0,5.47,0.00,13.5,7.0,14.0,0.00,ARMED,,12.5,3,
1791341896694,28.571190,77.310746,15.0,CNG,21.67,20.0,3,764,41.2,2.42,,89.0,0.00,-3.91,13.5,7.0,14.6,0.36,ARMED,,14.9,3,
1791341897534,28.571190,77.310746,16.0,CNG,20.35,20.0,3,825,41.2,3.48,,89.0,0.00,-3.91,13.5,7.0,15.9,0.67,ARMED,,14.9,3,
1791341898250,28.571156,77.310770,17.0,CNG,20.39,20.0,3,851,41.2,3.40,,89.0,0.00,-3.91,13.5,7.0,16.5,0.69,ARMED,,14.9,3,
1791341899851,28.571084,77.310823,17.0,CNG,20.13,20.0,3,880,35.7,3.51,,89.0,2.34,-4.69,13.5,7.0,17.1,0.70,ARMED,,14.9,3,
1791341900681,28.571046,77.310850,18.0,CNG,20.87,20.0,3,930,35.7,3.35,,89.0,2.34,-4.69,13.5,7.0,18.1,0.68,ARMED,,14.9,3,
1791341901459,28.571046,77.310850,18.0,CNG,21.91,20.0,3,946,35.7,3.12,,89.0,2.34,-4.69,13.6,7.0,18.4,0.63,ARMED,,14.9,3,
1791341903038,28.570969,77.310907,19.0,CNG,23.02,20.0,3,964,42.7,3.14,,88.0,1.56,-3.91,13.6,7.0,18.8,0.59,ARMED,,16.1,3,
1791341903808,28.570928,77.310936,19.0,CNG,21.24,20.0,3,977,42.7,4.06,,88.0,1.56,-3.91,13.6,7.0,19.1,0.27,ARMED,,16.1,3,
1791341904579,28.570928,77.310936,19.0,CNG,20.52,20.0,3,984,42.7,3.97,,88.0,1.56,-3.91,13.6,7.0,19.2,0.24,ARMED,,16.1,3,
1791341906300,28.570846,77.310994,19.0,CNG,19.35,20.0,3,1002,44.7,4.35,,88.0,0.00,-3.91,13.5,7.0,19.4,0.25,ARMED,,16.5,3,
1791341907091,28.570803,77.311024,20.0,CNG,18.98,20.0,3,1036,44.7,4.42,,88.0,0.00,-3.91,13.5,7.0,20.1,0.30,ARMED,,16.5,3,
1791341907957,28.570760,77.311055,21.0,CNG,19.64,20.0,3,1053,44.7,4.16,,88.0,0.00,-3.91,13.4,7.0,20.4,0.33,ARMED,,16.5,3,
1791341909721,28.570675,77.311117,21.0,CNG,19.94,20.0,3,1070,30.2,4.21,,88.0,-1.56,-4.69,13.4,7.0,20.7,0.35,ARMED,,14.9,3,
1791341910515,28.570675,77.311117,21.0,CNG,21.61,20.0,3,1099,30.2,3.49,,88.0,-1.56,-4.69,13.7,7.0,21.3,0.34,ARMED,,14.9,3,
1791341911332,28.570632,77.311149,22.0,CNG,22.99,20.0,3,1114,30.2,3.56,,88.0,-1.56,-4.69,13.7,7.0,21.6,0.35,ARMED,,14.9,3,
1791341913068,28.570540,77.311215,22.0,CNG,23.66,20.0,3,1126,29.0,3.64,,88.0,1.56,-4.69,13.7,7.0,21.9,0.34,ARMED,,15.3,3,
1791341913838,28.570492,77.311247,22.0,CNG,24.74,20.4,3,1126,29.0,3.39,,88.0,1.56,-4.69,13.7,7.5,22.0,0.10,ARMED,,15.3,3,
1791341914613,28.570492,77.311247,22.0,CNG,23.65,20.8,3,1144,29.0,4.05,,88.0,1.56,-4.69,13.7,8.0,22.2,0.14,ARMED,,15.3,3,
1791341916272,28.570394,77.311314,23.0,CNG,23.89,20.8,3,1161,31.8,3.88,,87.0,-0.78,-4.69,13.7,8.0,22.5,0.20,ARMED,,15.7,3,
1791341917052,28.570345,77.311347,24.0,CNG,23.52,20.4,3,1218,31.8,4.26,,87.0,-0.78,-4.69,13.6,7.5,23.6,0.58,ARMED,,15.7,3,
1791341917823,28.570294,77.311383,24.0,CNG,24.84,20.8,3,1234,31.8,3.63,,87.0,-0.78,-4.69,13.6,8.0,24.1,0.57,ARMED,,15.7,3,
1791341919508,28.570245,77.311421,25.0,CNG,24.31,20.8,3,1269,30.6,4.33,,87.0,-0.78,-4.69,13.5,8.0,24.6,0.62,ARMED,,16.1,3,
1791341920291,28.570193,77.311461,25.0,CNG,20.58,20.8,3,1298,30.6,6.06,,87.0,-0.78,-4.69,13.5,8.0,25.3,0.44,ARMED,,16.1,3,
1791341921052,28.570139,77.311499,26.0,CNG,20.23,20.8,3,1316,30.6,5.38,,87.0,-0.78,-4.69,13.6,8.0,25.6,0.45,ARMED,,16.1,3,
1791341922683,28.570029,77.311575,26.0,CNG,19.25,20.8,3,1344,23.5,5.91,,87.0,-0.78,-4.69,13.6,8.0,26.1,0.48,ARMED,,14.9,3,
1791341923497,28.570029,77.311575,25.0,CNG,22.82,14.9,3,1310,23.5,3.21,,87.0,-0.78,-4.69,13.7,0.0,25.6,-0.11,ARMED,,14.9,3,
1791341924233,28.569975,77.311614,24.0,CNG,26.44,16.5,3,1242,23.5,2.78,,88.0,-0.78,-4.69,13.7,2.1,24.7,-0.62,ARMED,,14.9,3,
1791341925947,28.569881,77.311685,23.0,CNG,25.60,19.2,3,1225,34.9,3.86,,88.0,0.78,-4.69,13.4,5.9,23.9,-0.78,ARMED,,16.5,3,
1791341926715,28.569835,77.311720,23.0,CNG,23.26,19.2,3,1166,34.9,4.62,,88.0,0.78,-4.69,13.4,5.9,22.6,-0.77,ARMED,,16.5,3,
1791341927503,28.569835,77.311720,23.0,CNG,25.26,19.2,3,1148,34.9,3.23,,88.0,0.78,-4.69,13.5,5.9,22.2,-0.72,ARMED,,16.5,3,
1791341929233,28.569741,77.311793,23.0,CNG,27.17,19.6,3,1181,25.5,3.06,,88.0,0.78,-5.47,13.5,6.4,22.5,-0.25,ARMED,,14.9,3,
1791341930001,28.569694,77.311829,23.0,CNG,26.74,20.0,3,1147,25.5,3.60,,88.0,0.78,-5.47,13.6,7.0,22.3,-0.18,ARMED,,14.9,3,
1791341930770,28.569646,77.311865,23.0,CNG,28.40,20.4,3,1204,25.5,3.00,,88.0,0.78,-5.47,13.6,7.5,23.0,0.28,ARMED,,14.9,3,
1791341932456,28.569595,77.311901,23.0,CNG,26.66,20.8,3,1187,32.2,3.85,,88.0,-0.78,-4.69,13.8,8.0,23.2,0.27,ARMED,,16.1,3,
1791341933198,28.569547,77.311936,24.0,CNG,25.23,20.8,3,1233,32.2,4.19,,88.0,-0.78,-4.69,13.8,8.0,24.0,0.44,ARMED,,16.1,3,
1791341933964,28.569496,77.311974,24.0,CNG,25.79,20.8,3,1241,32.2,3.68,,88.0,-0.78,-4.69,13.6,8.0,24.2,0.42,ARMED,,16.1,3,
1791341935614,28.569445,77.312013,25.0,CNG,24.39,20.8,3,1268,30.2,4.51,,88.0,-0.78,-4.69,13.6,8.0,24.7,0.45,ARMED,,16.5,3,
1791341936361,28.569392,77.312052,26.0,CNG,25.74,20.8,3,1304,30.2,3.81,,88.0,-0.78,-4.69,13.7,8.0,25.5,0.47,ARMED,,16.5,3,
1791341937147,28.569339,77.312092,26.0,CNG,24.94,20.8,3,1340,30.2,4.45,,88.0,-0.78,-4.69,13.7,8.0,26.1,0.53,ARMED,,16.5,3,
1791341938814,28.569231,77.312174,26.0,CNG,24.80,20.8,3,1358,31.4,4.32,,88.0,-1.56,-4.69,13.7,8.0,26.5,0.54,ARMED,,17.6,3,
1791341939576,28.569231,77.312174,27.0,CNG,22.71,20.8,3,1373,31.4,5.44,,89.0,-1.56,-4.69,13.7,8.0,26.9,0.31,ARMED,,17.6,3,
1791341940322,28.569174,77.312215,27.0,CNG,21.69,20.8,3,1401,31.4,5.42,,89.0,-1.56,-4.69,13.6,8.0,27.3,0.35,ARMED,,17.6,3,
1791341942166,28.569059,77.312299,27.0,CNG,21.72,20.8,3,1409,36.9,5.07,,89.0,-1.56,-3.91,13.7,8.0,27.5,0.34,ARMED,,17.6,3,
1791341943009,28.569000,77.312342,28.0,CNG,21.35,20.8,3,1443,36.9,5.49,,89.0,-1.56,-3.91,13.6,8.0,28.1,0.34,ARMED,,17.6,3,
1791341943793,28.568943,77.312385,29.0,CNG,21.56,21.2,3,1462,36.9,5.42,,89.0,-1.56,-3.91,13.6,8.6,28.5,0.36,ARMED,,17.6,3,
1791341945449,28.568880,77.312431,29.0,CNG,19.52,22.7,3,1476,48.2,6.90,,89.0,0.00,-3.13,13.7,10.7,28.8,0.37,ARMED,,19.6,3,
1791341946183,28.568817,77.312477,31.0,CNG,15.35,26.7,3,1579,48.2,10.67,,89.0,0.00,-3.13,13.7,16.1,30.6,0.96,ARMED,,19.6,3,
1791341946992,28.568750,77.312527,32.0,CNG,13.99,26.7,3,1654,48.2,10.49,,89.0,0.00,-3.13,13.7,16.1,31.9,1.29,ARMED,,19.6,3,
1791341948627,28.568682,77.312577,33.0,CNG,19.62,17.6,3,1606,54.5,3.05,,90.0,0.00,-3.91,13.7,3.7,32.0,0.73,ARMED,,19.6,3,
1791341949431,28.568613,77.312629,34.0,CNG,17.98,25.5,4,1308,54.5,8.62,,90.0,0.00,-3.91,13.7,14.4,34.0,0.00,ARMED,,19.6,4,
1791341950191,28.568542,77.312682,35.0,CNG,17.41,25.5,4,1357,54.5,8.58,,90.0,0.00,-3.91,13.7,14.4,34.6,0.36,ARMED,,19.6,4,
1791341951893,28.568393,77.312793,36.0,CNG,17.99,25.5,4,1396,52.9,7.80,,90.0,0.78,-3.13,13.7,14.4,35.6,0.76,ARMED,,20.0,4,
1791341952688,28.568310,77.312853,38.0,CNG,18.53,25.5,4,1491,52.9,8.04,,90.0,0.78,-3.13,13.7,14.4,37.9,1.21,ARMED,,20.0,4,
1791341953521,28.568310,77.312853,39.0,CNG,18.49,25.5,4,1531,52.9,8.64,,90.0,0.78,-3.13,13.6,14.4,39.0,1.25,ARMED,,20.0,4,
1791341955227,28.568142,77.312979,41.0,CNG,18.64,25.5,4,1573,26.3,8.89,,90.0,0.78,-3.13,13.6,14.4,40.1,1.27,ARMED,,14.9,4,
1791341956138,28.568057,77.313045,41.0,CNG,22.10,22.7,5,1246,26.3,5.59,,90.0,0.78,-3.13,13.8,10.7,41.0,0.00,ARMED,,14.9,5,
1791341956874,28.567971,77.313111,42.0,CNG,22.47,23.9,5,1248,26.3,7.46,,90.0,0.78,-3.13,13.8,12.3,41.6,0.36,ARMED,,14.9,5,
1791341958655,28.567796,77.313245,43.0,CNG,21.65,25.1,5,1270,71.0,8.54,,90.0,0.00,-2.34,13.6,13.9,42.6,0.76,ARMED,,21.6,4,
1791341959525,28.567796,77.313245,44.0,CNG,20.60,26.3,5,1311,71.0,9.33,,90.0,0.00,-2.34,13.6,15.5,44.0,0.77,ARMED,,21.6,4,
1791341960319,28.567708,77.313313,45.0,CNG,18.68,29.0,5,1333,71.0,11.15,,90.0,0.00,-2.34,13.7,19.3,44.7,0.80,ARMED,,21.6,4,
1791341962116,28.567513,77.313458,46.0,CNG,17.71,28.2,5,1372,76.1,11.40,,90.0,0.00,-2.34,13.7,18.2,45.9,1.04,ARMED,,23.1,4,
1791341963016,28.567412,77.313531,49.0,CNG,17.36,28.2,5,1443,76.1,11.84,,90.0,0.00,-2.34,13.7,18.2,48.4,1.36,ARMED,,23.1,4,
1791341963790,28.567310,77.313608,49.0,CNG,17.35,28.2,5,1473,76.1,11.55,,90.0,0.00,-2.34,13.7,18.2,49.5,1.35,ARMED,,23.1,4,
1791341965558,28.567097,77.313765,51.0,CNG,18.40,27.8,5,1509,62.7,10.37,,90.0,0.78,-2.34,13.8,17.7,50.7,1.37,ARMED,,21.6,5,
1791341966390,28.567097,77.313765,53.0,CNG,18.97,27.8,5,1565,62.7,10.93,,90.0,0.78,-2.34,13.8,17.7,52.7,1.18,ARMED,,21.6,5,
1791341967187,28.566986,77.313845,54.0,CNG,19.88,27.8,5,1589,62.7,10.36,,90.0,0.78,-2.34,13.5,17.7,53.5,1.16,ARMED,,21.6,5,
1791341969010,28.566757,77.314012,55.0,CNG,20.54,27.8,5,1627,59.2,10.43,,90.0,0.00,-2.34,13.5,17.7,54.7,1.19,ARMED,,21.6,5,
1791341969929,28.566639,77.314098,57.0,CNG,20.74,27.8,5,1690,59.2,11.08,,90.0,0.00,-2.34,13.7,17.7,56.9,1.21,ARMED,,21.6,5,
1791341970718,28.566519,77.314186,58.0,CNG,20.66,27.5,5,1711,59.2,11.54,,90.0,0.00,-2.34,13.7,17.1,57.7,1.16,ARMED,,21.6,5,
1791341972450,28.566397,77.314276,58.0,CNG,20.70,14.9,5,1741,20.0,11.41,,90.0,-6.25,-5.47,13.7,0.0,58.7,1.14,ARMED,,15.7,5,
1791341973318,28.566278,77.314365,55.0,CNG,28.84,14.9,,1334,20.0,3.05,,90.0,-6.25,-5.47,13.7,0.0,55.0,0.00,ARMED,,15.7,,
1791341974111,28.566171,77.314447,51.0,CNG,41.30,14.9,,812,20.0,1.45,,90.0,-6.25,-5.47,13.2,0.0,51.0,0.00,ARMED,,15.7,,
1791341975973,28.566002,77.314572,44.0,CNG,57.94,14.9,,623,29.0,0.80,,89.0,-0.78,0.00,13.4,0.0,44.0,0.00,ARMED,,12.5,,
1791341976844,28.565937,77.314622,30.0,CNG,54.18,14.9,,732,29.0,2.63,,89.0,-0.78,0.00,13.7,0.0,30.0,0.00,ARMED,,12.5,,
1791341977605,28.565937,77.314622,28.0,CNG,51.21,20.4,5,837,29.0,2.51,,89.0,-0.78,0.00,13.7,7.5,28.0,0.00,ARMED,,12.5,5,
1791341979191,28.565821,77.314711,28.0,CNG,31.41,21.6,4,1070,54.9,6.39,,89.0,-1.56,-3.13,13.6,9.1,28.0,0.00,ARMED,,18.4,4,
1791341979972,28.565762,77.314756,29.0,CNG,25.11,21.6,4,1112,54.9,6.34,,89.0,-1.56,-3.13,13.6,9.1,28.9,0.41,ARMED,,18.4,4,
1791341980738,28.565702,77.314802,29.0,CNG,23.57,21.6,4,1136,54.9,5.53,,89.0,-1.56,-3.13,13.4,9.1,29.1,0.38,ARMED,,18.4,4,
1791341982347,28.565640,77.314849,30.0,CNG,21.63,21.6,4,1154,50.6,6.38,,89.0,-0.78,-3.91,13.4,9.1,29.4,0.40,ARMED,,18.4,4,
1791341983123,28.565577,77.314896,31.0,CNG,21.96,21.2,4,1194,50.6,5.64,,89.0,-0.78,-3.91,13.6,8.6,30.5,0.60,ARMED,,18.4,4,
1791341983926,28.565515,77.314943,31.0,CNG,24.19,21.2,4,1223,50.6,4.45,,89.0,-0.78,-3.91,13.6,8.6,31.2,0.65,ARMED,,18.4,4,
1791341985598,28.565447,77.314991,32.0,CNG,32.71,21.2,4,1227,39.2,1.97,,89.0,3.91,-4.69,13.6,8.6,31.5,0.61,ARMED,,17.3,4,
1791341986396,28.565380,77.315044,33.0,CNG,29.23,21.6,4,1276,39.2,5.31,,89.0,3.91,-4.69,13.6,9.1,32.7,0.64,ARMED,,17.3,4,
1791341987184,28.565312,77.315094,33.0,CNG,29.11,21.6,4,1294,39.2,4.66,,89.0,3.91,-4.69,13.6,9.1,33.2,0.64,ARMED,,17.3,4,
1791341988808,28.565175,77.315203,34.0,CNG,28.22,21.2,4,1296,29.0,5.14,,89.0,-2.34,-4.69,13.6,8.6,33.4,0.49,ARMED,,15.7,4,
1791341989572,28.565175,77.315203,34.0,CNG,30.94,20.8,4,1321,29.0,3.86,,89.0,-2.34,-4.69,13.6,8.0,34.0,0.43,ARMED,,15.7,4,
1791341990303,28.565106,77.315259,34.0,CNG,32.74,20.8,4,1321,29.0,3.88,,88.0,-2.34,-4.69,13.6,8.0,34.1,0.37,ARMED,,15.7,4,
1791341991945,28.564971,77.315371,34.0,CNG,33.16,20.8,4,1330,31.4,4.11,,88.0,-0.78,-4.69,13.7,8.0,34.2,0.34,ARMED,,16.5,4,
1791341992741,28.564899,77.315429,34.0,CNG,34.18,20.8,4,1339,31.4,3.88,,88.0,-0.78,-4.69,13.7,8.0,34.4,0.14,ARMED,,16.5,4,
1791341993500,28.564899,77.315429,35.0,CNG,35.80,14.9,4,1362,31.4,3.72,,88.0,-0.78,-4.69,13.7,0.0,34.8,0.30,ARMED,,16.5,4,
1791341995223,28.564759,77.315542,35.0,CNG,37.94,14.9,4,1323,32.9,3.44,,88.0,0.00,-5.47,13.7,0.0,34.4,-0.07,ARMED,,16.9,4,
1791341995974,28.564687,77.315597,34.0,CNG,32.56,20.8,4,1316,32.9,5.19,,88.0,0.00,-5.47,13.5,8.0,33.9,-0.24,ARMED,,16.9,4,
1791341996739,28.564616,77.315651,34.0,CNG,28.64,20.8,4,1312,32.9,5.74,,88.0,0.00,-5.47,13.5,8.0,33.7,-0.23,ARMED,,16.9,4,
1791341998513,28.564546,77.315703,34.0,CNG,25.86,21.2,4,1328,43.1,6.16,,88.0,0.78,-3.91,13.6,8.6,33.9,-0.01,ARMED,,18.0,4,
1791341999315,28.564474,77.315756,35.0,CNG,24.88,21.2,4,1347,43.1,6.07,,87.0,0.78,-3.91,13.6,8.6,34.6,0.30,ARMED,,18.0,4,
1791342000100,28.564403,77.315807,35.0,CNG,23.68,21.2,4,1373,43.1,6.47,,87.0,0.78,-3.91,13.6,8.6,35.1,0.48,ARMED,,18.0,4,
1791342001794,28.564253,77.315916,35.0,CNG,25.10,21.6,4,1380,35.7,5.19,,87.0,1.56,-4.69,13.6,9.1,35.5,0.48,ARMED,,17.3,4,
1791342002557,28.564253,77.315916,36.0,CNG,26.98,21.6,4,1400,35.7,4.86,,87.0,1.56,-4.69,13.6,9.1,36.0,0.42,ARMED,,17.3,4,
1791342003313,28.564179,77.315970,36.0,CNG,28.49,21.6,4,1416,35.7,4.74,,87.0,1.56,-4.69,13.6,9.1,36.4,0.42,ARMED,,17.3,4,
1791342005038,28.564022,77.316082,37.0,CNG,28.29,21.6,4,1439,33.7,5.40,,87.0,0.78,-4.69,13.7,9.1,36.9,0.47,ARMED,,17.3,4,
1791342005785,28.563943,77.316139,38.0,CNG,28.74,22.0,4,1463,33.7,5.28,,88.0,0.78,-4.69,13.7,9.6,37.7,0.47,ARMED,,17.3,4,
1791342006582,28.563943,77.316139,38.0,CNG,27.93,22.4,4,1478,33.7,5.79,,88.0,0.78,-4.69,13.7,10.2,38.0,0.47,ARMED,,17.3,4,
1791342008316,28.563784,77.316252,39.0,CNG,27.24,22.4,4,1508,35.7,6.06,,88.0,0.00,-3.91,13.6,10.2,38.6,0.63,ARMED,,17.6,4,
1791342009140,28.563699,77.316313,39.0,CNG,30.17,21.2,4,1531,35.7,4.45,,88.0,0.00,-3.91,13.6,8.6,39.4,0.46,ARMED,,17.6,4,
1791342009919,28.563617,77.316370,39.0,CNG,31.56,21.6,4,1521,35.7,4.71,,88.0,0.00,-3.91,13.6,9.1,39.3,0.21,ARMED,,17.6,4,
1791342011616,28.563535,77.316427,39.0,CNG,29.89,22.0,4,1534,32.5,5.75,,88.0,0.00,-4.69,13.8,9.6,39.4,0.19,ARMED,,17.6,4,
1791342012396,28.563449,77.316493,40.0,CNG,29.85,22.0,4,1547,32.5,5.49,,88.0,0.00,-4.69,13.8,9.6,39.8,0.19,ARMED,,17.6,4,
1791342013240,28.563366,77.316554,40.0,CNG,27.45,21.6,4,1562,32.5,6.66,,88.0,0.00,-4.69,13.7,9.1,40.1,0.23,ARMED,,17.6,4,
1791342014949,28.563199,77.316676,41.0,CNG,25.35,22.0,4,1577,45.5,7.34,,89.0,-0.78,-3.91,13.7,9.6,40.4,0.29,ARMED,,19.6,4,
1791342015831,28.563114,77.316739,41.0,CNG,24.41,22.0,4,1600,45.5,7.24,,89.0,-0.78,-3.91,13.5,9.6,41.1,0.32,ARMED,,19.6,4,
1791342016596,28.563025,77.316805,41.0,CNG,24.12,14.9,4,1612,45.5,7.07,,89.0,-0.78,-3.91,13.5,0.0,41.4,0.33,ARMED,,19.6,4,
1791342018470,28.562942,77.316866,42.0,CNG,25.29,20.8,4,1594,33.7,6.31,,89.0,0.78,-3.91,13.6,8.0,41.2,0.08,ARMED,,18.0,4,
1791342019387,28.562857,77.316931,42.0,CNG,29.57,20.4,4,1629,33.7,4.36,,89.0,0.78,-3.91,13.6,7.5,41.9,0.30,LOCKED,41.9,18.0,4,
1791342020171,28.562767,77.316997,42.0,CNG,32.27,21.2,4,1627,33.7,4.60,,89.0,0.78,-3.91,13.6,8.6,42.0,0.25,LOCKED,41.9,18.0,4,
1791342021894,28.562595,77.317125,42.0,CNG,31.60,21.6,4,1625,30.6,5.60,,89.0,0.00,-4.69,13.6,9.1,42.0,0.18,LOCKED,41.9,17.6,4,
1791342022774,28.562508,77.317189,43.0,CNG,26.93,24.3,4,1640,30.6,7.93,,89.0,0.00,-4.69,13.7,12.8,42.3,0.19,LOCKED,41.9,17.6,4,
1791342023561,28.562417,77.317254,43.0,CNG,25.42,24.3,4,1660,30.6,7.49,,89.0,0.00,-4.69,13.7,12.8,42.7,0.26,LOCKED,41.9,17.6,4,
1791342025351,28.562324,77.317320,43.0,CNG,24.48,14.9,4,1682,23.5,7.57,,89.0,0.00,-5.47,13.7,0.0,43.2,0.43,LOCKED,41.9,16.1,4,
1791342026213,28.562237,77.317382,42.0,CNG,27.76,22.0,5,1263,23.5,4.92,,90.0,0.00,-5.47,13.7,9.6,42.0,0.00,PAUSED,41.9,16.1,5,
1791342027005,28.562148,77.317447,43.0,CNG,28.98,22.0,5,1270,23.5,5.67,,90.0,0.00,-5.47,13.7,9.6,42.6,0.36,PAUSED,41.9,16.1,5,
1791342028807,28.561965,77.317575,43.0,CNG,30.00,22.0,5,1261,40.0,5.55,,90.0,0.00,-3.91,13.7,9.6,43.0,0.37,PAUSED,41.9,17.3,5,
1791342029707,28.561879,77.317638,43.0,CNG,30.93,21.6,5,1276,40.0,5.42,,90.0,0.00,-3.91,13.7,9.1,43.1,0.11,PAUSED,41.9,17.3,5,
1791342030464,28.561879,77.317638,43.0,CNG,33.98,17.6,5,1297,40.0,4.41,,90.0,0.00,-3.91,13.7,3.7,43.5,0.30,PAUSED,41.9,17.3,5,
1791342032298,28.561700,77.317770,43.0,CNG,42.84,15.3,5,1276,21.2,2.50,,90.0,0.00,0.00,13.8,0.5,43.2,-0.01,ARMED,,14.5,5,
1791342033187,28.561612,77.317835,41.0,CNG,46.70,15.3,5,1242,21.2,3.08,,90.0,0.00,0.00,13.8,0.5,41.9,-0.60,ARMED,,14.5,5,
1791342034052,28.561528,77.317898,40.0,CNG,50.99,16.9,5,1212,21.2,2.74,,90.0,0.00,0.00,13.7,2.7,41.0,-0.86,ARMED,,14.5,5,
1791342035664,28.561364,77.318020,39.0,CNG,52.26,17.3,5,1181,24.7,2.93,,89.0,0.00,-5.47,13.7,3.2,39.8,-1.10,ARMED,,14.9,5,
1791342036460,28.561364,77.318020,38.0,CNG,45.03,18.8,5,1122,24.7,4.21,,89.0,0.00,-5.47,13.7,5.4,37.7,-1.18,ARMED,,14.9,5,
1791342037230,28.561288,77.318075,38.0,CNG,35.30,20.4,5,1102,24.7,5.88,,89.0,0.00,-5.47,13.7,7.5,36.9,-1.12,ARMED,,14.9,5,
1791342038874,28.561133,77.318190,37.0,CNG,33.26,20.4,5,1108,34.5,4.96,,89.0,-0.78,-3.91,13.4,7.5,36.8,-0.71,ARMED,,15.7,5,
1791342039656,28.561133,77.318190,37.0,CNG,34.81,20.4,5,1099,34.5,4.03,,89.0,-0.78,-3.91,13.4,7.5,36.8,-0.17,ARMED,,15.7,5,
1791342040432,28.561056,77.318246,37.0,CNG,37.90,20.4,5,1097,34.5,3.45,,89.0,-0.78,-3.91,13.6,7.5,36.8,-0.13,ARMED,,15.7,5,
1791342042240,28.560903,77.318361,37.0,CNG,36.98,23.5,5,1090,63.9,4.24,,89.0,0.78,-3.13,13.7,11.8,36.7,-0.14,ARMED,,19.6,4,
1791342042993,28.560827,77.318421,38.0,CNG,28.14,25.1,5,1114,63.9,7.46,,89.0,0.78,-3.13,13.5,13.9,37.4,0.31,ARMED,,19.6,4,
1791342043752,28.560746,77.318484,39.0,CNG,24.67,25.5,5,1143,63.9,7.61,,89.0,0.78,-3.13,13.5,14.4,38.2,0.62,ARMED,,19.6,4,
1791342045522,28.560668,77.318548,39.0,CNG,22.64,25.5,5,1177,63.9,7.89,,89.0,0.00,-2.34,13.3,14.4,39.3,0.97,ARMED,,20.0,4,
1791342046306,28.560589,77.318619,41.0,CNG,22.29,25.5,5,1231,63.9,7.68,,89.0,0.00,-2.34,13.3,14.4,41.4,1.13,ARMED,,20.0,4,
1791342047191,28.560510,77.318695,42.0,CNG,22.05,25.5,5,1259,63.9,7.90,,89.0,0.00,-2.34,13.6,14.4,42.3,1.14,ARMED,,20.0,4,
1791342048782,28.560356,77.318860,43.0,CNG,22.69,25.5,5,1274,53.3,7.43,,89.0,0.00,-2.34,13.6,14.4,43.0,1.07,ARMED,,19.2,5,
1791342049725,28.560280,77.318950,44.0,CNG,23.41,24.3,5,1308,53.3,7.34,,89.0,0.00,-2.34,13.8,12.8,44.1,0.70,ARMED,,19.2,5,
1791342050530,28.560280,77.318950,45.0,CNG,22.05,24.3,5,1319,53.3,9.03,,89.0,0.00,-2.34,13.8,12.8,44.5,0.66,ARMED,,19.2,5,
1791342052335,28.560134,77.319147,45.0,CNG,21.99,24.3,5,1346,63.1,8.39,,89.0,0.78,-2.34,13.6,12.8,45.2,0.70,ARMED,,20.8,4,
1791342053259,28.560069,77.319250,46.0,CNG,21.44,24.3,5,1367,63.1,9.09,,89.0,0.78,-2.34,13.6,12.8,46.0,0.50,ARMED,,20.8,4,
1791342054019,28.560006,77.319355,46.0,CNG,23.77,14.9,5,1375,63.1,6.65,,89.0,0.78,-2.34,13.6,0.0,46.3,0.47,ARMED,,20.8,4,
1791342055740,28.559887,77.319570,46.0,CNG,32.72,14.9,5,1325,20.8,2.55,,89.0,0.00,0.00,13.6,0.0,45.3,-0.33,ARMED,,14.5,5,
1791342056607,28.559887,77.319570,43.0,CNG,41.79,14.9,5,1291,20.8,2.35,,89.0,0.00,0.00,13.6,0.0,43.6,-0.87,ARMED,,14.5,5,
1791342057331,28.559830,77.319672,42.0,CNG,37.55,20.0,5,1260,20.8,5.31,,89.0,0.00,0.00,13.6,7.0,42.6,-1.07,ARMED,,14.5,5,
1791342059078,28.559721,77.319871,42.0,CNG,46.72,18.8,5,1263,24.3,2.28,,89.0,3.13,-5.47,13.5,5.4,42.2,-0.77,ARMED,,14.1,5,
1791342059958,28.559667,77.319971,40.0,CNG,42.02,20.4,5,1204,24.3,4.52,,89.0,3.13,-5.47,13.5,7.5,40.5,-0.94,ARMED,,14.1,5,
1791342060787,28.559614,77.320065,40.0,CNG,41.40,20.4,5,1201,24.3,4.04,,89.0,3.13,-5.47,13.8,7.5,40.1,-0.72,ARMED,,14.1,5,
1791342062457,28.559561,77.320156,40.0,CNG,44.69,20.4,5,1189,31.0,3.21,,88.0,-0.78,-4.69,13.8,7.5,39.8,-0.57,ARMED,,15.7,5,
1791342063219,28.559507,77.320250,40.0,CNG,43.51,20.4,5,1174,31.0,3.91,,88.0,-0.78,-4.69,13.6,7.5,39.4,-0.32,ARMED,,15.7,5,
1791342063976,28.559453,77.320343,39.0,CNG,46.83,20.0,5,1162,31.0,3.00,,88.0,-0.78,-4.69,13.6,7.0,39.1,-0.33,ARMED,,15.7,5,
1791342065655,28.559401,77.320434,39.0,CNG,45.22,20.0,5,1161,25.1,3.71,,88.0,0.78,-4.69,13.7,7.0,38.9,-0.30,ARMED,,14.9,5,
1791342066418,28.559350,77.320526,38.0,CNG,46.57,20.4,5,1144,25.1,3.18,,88.0,0.78,-4.69,13.7,7.5,38.4,-0.31,ARMED,,14.9,5,
1791342067226,28.559302,77.320617,38.0,CNG,37.93,20.4,5,1135,25.1,5.26,,88.0,0.78,-4.69,13.7,7.5,38.1,-0.32,ARMED,,14.9,5,
1791342068855,28.559207,77.320805,39.0,CNG,34.47,22.0,5,1145,56.9,5.25,,88.0,-2.34,-3.13,13.7,9.6,38.2,-0.10,ARMED,,19.2,5,
1791342069689,28.559160,77.320901,39.0,CNG,30.02,22.0,5,1168,56.9,6.33,,88.0,-2.34,-3.13,13.6,9.6,39.1,0.36,ARMED,,19.2,5,
1791342070424,28.559160,77.320901,40.0,CNG,26.59,22.0,5,1178,56.9,7.17,,88.0,-2.34,-3.13,13.6,9.6,39.5,0.40,ARMED,,19.2,5,
1791342072127,28.559063,77.321094,40.0,CNG,25.04,22.0,5,1192,55.7,7.09,,88.0,-0.78,-3.13,13.7,9.6,39.9,0.44,ARMED,,18.8,5,
1791342072925,28.559010,77.321199,41.0,CNG,25.38,21.6,5,1218,55.7,6.47,,88.0,-0.78,-3.13,13.7,9.1,40.9,0.49,ARMED,,18.8,5,
1791342073777,28.558958,77.321297,41.0,CNG,27.46,21.2,5,1221,55.7,5.37,,88.0,-0.78,-3.13,13.7,8.6,41.1,0.44,ARMED,,18.8,5,
1791342075547,28.558852,77.321500,41.0,CNG,31.91,21.2,5,1239,35.3,3.99,,88.0,-0.78,-3.91,13.8,8.6,41.5,0.46,ARMED,,16.5,5,
1791342076431,28.558852,77.321500,42.0,CNG,35.19,20.8,5,1252,35.3,4.15,,88.0,-0.78,-3.91,13.8,8.0,42.1,0.39,ARMED,,16.5,5,
1791342077205,28.558800,77.321602,42.0,CNG,37.48,20.8,5,1270,35.3,4.14,,88.0,-0.78,-3.91,13.8,8.0,42.5,0.43,ARMED,,16.5,5,
1791342079031,28.558692,77.321809,43.0,CNG,46.06,20.4,5,1279,29.8,2.55,,88.0,0.00,-4.69,13.7,7.5,42.9,0.42,ARMED,,16.1,5,
1791342079916,28.558638,77.321916,44.0,CNG,43.74,20.0,5,1307,29.8,4.41,,89.0,0.00,-4.69,13.7,7.0,43.8,0.46,ARMED,,16.1,5,
1791342080686,28.558583,77.322021,44.0,CNG,47.14,20.4,5,1311,29.8,3.38,,89.0,0.00,-4.69,13.7,7.5,44.1,0.43,ARMED,,16.1,5,
1791342082443,28.558528,77.322127,44.0,CNG,41.73,20.8,5,1327,29.8,5.04,,88.0,0.78,-4.69,13.7,8.0,44.5,0.44,ARMED,,16.1,5,
1791342083327,28.558473,77.322234,44.0,CNG,45.37,20.4,5,1310,29.8,3.45,,88.0,0.78,-4.69,13.8,7.5,44.1,-0.10,ARMED,,16.1,5,
1791342084094,28.558417,77.322344,44.0,CNG,43.70,20.4,5,1324,29.8,4.34,,88.0,0.78,-4.69,13.8,7.5,44.2,-0.03,ARMED,,16.1,5,
1791342085902,28.558305,77.322559,45.0,CNG,47.96,20.4,5,1332,33.3,3.29,,88.0,3.13,-4.69,13.7,7.5,44.5,0.15,ARMED,,16.1,5,
1791342086764,28.558246,77.322665,45.0,CNG,47.58,18.8,5,1343,33.3,3.91,,88.0,3.13,-4.69,13.7,5.4,45.0,0.20,ARMED,,16.1,5,
1791342087580,28.558183,77.322768,45.0,CNG,48.57,18.8,5,1320,33.3,3.67,,88.0,3.13,-4.69,13.6,5.4,44.6,-0.12,ARMED,,16.1,5,
1791342089414,28.558114,77.322866,45.0,CNG,50.37,18.8,5,1315,31.0,3.45,,88.0,0.00,-4.69,13.6,5.4,44.3,-0.18,ARMED,,16.5,5,
1791342090325,28.558043,77.322960,44.0,CNG,46.74,19.6,5,1307,31.0,4.27,,88.0,0.00,-4.69,13.4,6.4,43.9,-0.19,ARMED,,16.5,5,
1791342091115,28.557969,77.323053,44.0,CNG,45.10,19.6,5,1305,31.0,4.20,,88.0,0.00,-4.69,13.4,6.4,43.8,-0.17,ARMED,,16.5,5,
1791342092912,28.557820,77.323235,44.0,CNG,42.34,19.6,5,1321,23.1,4.64,,88.0,-2.34,-4.69,13.5,6.4,44.1,0.09,ARMED,,14.9,5,
1791342093803,28.557744,77.323329,45.0,CNG,47.39,14.9,5,1340,23.1,3.20,,88.0,-2.34,-4.69,13.5,0.0,45.0,0.38,ARMED,,14.9,5,
1791342094574,28.557669,77.323423,45.0,CNG,51.57,14.9,5,1340,23.1,3.10,,88.0,-2.34,-4.69,13.7,0.0,45.1,0.34,ARMED,,14.9,5,
1791342096337,28.557600,77.323514,45.0,CNG,54.82,14.9,5,1323,19.6,3.04,,88.0,0.00,0.00,13.7,0.0,44.8,-0.02,ARMED,,14.5,5,
1791342097209,28.557526,77.323613,44.0,CNG,60.92,19.2,5,1343,19.6,2.45,,88.0,0.00,0.00,13.8,5.9,45.0,0.04,ARMED,,14.5,5,
1791342097984,28.557454,77.323708,45.0,CNG,58.64,19.2,5,1326,19.6,3.31,,88.0,0.00,0.00,13.8,5.9,44.7,-0.16,ARMED,,14.5,5,
1791342099810,28.557308,77.323902,45.0,CNG,61.69,19.2,5,1317,20.8,2.75,,88.0,0.78,-5.47,13.5,5.9,44.3,-0.22,ARMED,,14.5,5,
1791342100767,28.557236,77.323997,45.0,CNG,67.02,19.2,5,1328,20.8,2.39,,88.0,0.78,-5.47,13.5,5.9,44.6,0.07,ARMED,,14.5,5,
1791342101517,28.557236,77.323997,45.0,CNG,63.98,19.2,5,1338,20.8,3.07,,88.0,0.78,-5.47,13.8,5.9,44.8,0.13,ARMED,,14.5,5,
1791342103305,28.557089,77.324184,45.0,CNG,59.85,14.9,5,1337,20.8,3.37,,88.0,0.00,0.00,13.8,0.0,45.0,0.13,ARMED,,14.9,5,
1791342104186,28.557015,77.324275,44.0,CNG,54.45,18.4,5,1338,20.8,3.76,,88.0,0.00,0.00,13.6,4.8,44.9,0.07,ARMED,,14.9,5,
1791342104972,28.556938,77.324368,44.0,CNG,51.26,18.4,5,1282,20.8,3.82,,88.0,0.00,0.00,13.6,4.8,43.7,-0.64,ARMED,,14.9,5,
1791342106794,28.556796,77.324540,44.0,CNG,58.26,14.9,5,1295,21.6,2.45,,88.0,0.00,0.00,13.7,0.0,43.4,-0.57,ARMED,,14.5,5,
1791342107666,28.556732,77.324621,38.0,CNG,59.78,14.9,5,1150,21.6,2.48,,87.0,0.00,0.00,13.7,0.0,39.0,-2.11,ARMED,,14.5,5,
1791342108462,28.556732,77.324621,34.0,CNG,51.14,14.9,5,1036,21.6,3.44,,87.0,0.00,0.00,13.6,0.0,35.7,-3.06,ARMED,,14.5,5,
1791342110264,28.556633,77.324747,30.0,CNG,52.77,14.9,5,863,22.7,2.18,,87.0,-1.56,0.00,13.8,0.0,30.6,-4.63,ARMED,,12.5,5,
1791342111048,28.556592,77.324802,24.0,CNG,49.75,14.9,5,775,22.7,2.22,,87.0,-1.56,0.00,13.7,0.0,25.4,-3.24,ARMED,,12.5,5,
1791342111854,28.556556,77.324851,22.0,CNG,49.37,14.9,5,735,22.7,1.85,,87.0,-1.56,0.00,13.7,0.0,23.7,-2.70,ARMED,,12.5,5,
1791342113484,28.556522,77.324899,21.0,CNG,61.64,14.9,5,705,24.3,0.72,,87.0,-4.69,0.00,13.6,0.0,22.6,-2.13,ARMED,,12.5,5,
1791342114239,28.556488,77.324944,21.0,CNG,70.46,14.9,,713,24.3,0.91,,87.0,-4.69,0.00,13.6,0.0,21.0,0.00,ARMED,,12.5,,
1791342115018,28.556456,77.324987,21.0,CNG,61.17,14.9,,724,24.3,1.71,,87.0,-4.69,0.00,13.6,0.0,21.0,0.00,ARMED,,12.5,,
1791342116709,28.556388,77.325075,21.0,CNG,61.22,14.9,5,709,22.7,1.40,,88.0,-4.69,-0.78,13.6,0.0,21.0,0.00,ARMED,,17.6,5,
1791342117517,28.556388,77.325075,20.0,CNG,29.30,22.7,3,1144,22.7,5.17,,88.0,-4.69,-0.78,13.6,10.7,20.0,0.00,ARMED,,17.6,3,
1791342118274,28.556357,77.325116,21.0,CNG,21.27,22.7,3,1098,22.7,5.70,,88.0,-4.69,-0.78,13.6,10.7,20.6,0.36,ARMED,,17.6,3,
1791342120009,28.556285,77.325208,23.0,CNG,18.81,21.2,3,1154,36.9,5.79,,88.0,-0.78,-3.91,13.6,8.6,22.2,1.12,ARMED,,16.9,3,
1791342120790,28.556245,77.325259,25.0,CNG,19.42,20.4,3,1271,36.9,5.04,,88.0,-0.78,-3.91,13.6,7.5,24.9,1.47,ARMED,,16.9,3,
1791342121619,28.556245,77.325259,25.0,CNG,20.60,20.4,3,1315,36.9,4.54,,88.0,-0.78,-3.91,13.5,7.5,25.9,1.42,ARMED,,16.9,3,
1791342123278,28.556153,77.325368,26.0,CNG,20.15,20.4,3,1330,39.2,5.43,,88.0,-1.56,-3.91,13.5,7.5,26.4,1.09,ARMED,,18.0,3,
1791342124086,28.556105,77.325424,27.0,CNG,20.53,14.9,3,1372,39.2,5.24,,88.0,-1.56,-3.91,13.7,0.0,27.1,0.53,ARMED,,18.0,3,
1791342124835,28.556061,77.325479,27.0,CNG,25.37,14.9,3,1354,39.2,2.89,,88.0,-1.56,-3.91,13.7,0.0,27.0,0.21,ARMED,,18.0,3,
1791342126548,28.556021,77.325529,25.0,CNG,30.24,14.9,3,1304,22.0,2.36,,88.0,0.00,0.00,13.6,0.0,26.1,-0.35,ARMED,,14.1,3,
1791342127282,28.555985,77.325576,21.0,CNG,29.79,14.9,3,1112,22.0,2.96,,88.0,0.00,0.00,13.6,0.0,22.2,-1.92,ARMED,,14.1,3,
1791342128086,28.555950,77.325619,21.0,CNG,33.84,18.4,3,1094,22.0,1.95,,88.0,0.00,0.00,13.6,4.8,21.1,-1.69,ARMED,,14.1,3,
1791342129724,28.555880,77.325700,20.0,CNG,31.86,18.4,3,1045,23.1,2.82,,88.0,1.56,-5.47,13.6,4.8,20.2,-1.49,ARMED,,16.5,3,
1791342130508,28.555880,77.325700,20.0,CNG,30.27,20.0,3,1021,23.1,2.92,,88.0,1.56,-5.47,13.5,7.0,19.7,-0.59,ARMED,,16.5,3,
1791342131236,28.555845,77.325739,20.0,CNG,29.26,20.0,3,1027,23.1,2.94,,88.0,1.56,-5.47,13.5,7.0,19.7,-0.28,ARMED,,16.5,3,
1791342132884,28.555770,77.325820,20.0,CNG,27.28,20.0,3,1045,53.3,3.31,,88.0,0.78,-5.47,13.6,7.0,20.0,0.02,ARMED,,22.4,3,
1791342133736,28.555730,77.325863,23.0,CNG,14.40,41.2,3,1139,53.3,10.62,,88.0,0.78,-5.47,13.6,35.8,22.0,0.92,ARMED,,22.4,2,
1791342134657,28.555730,77.325863,26.0,CNG,10.43,37.3,3,1342,53.3,13.66,,88.0,0.78,-5.47,13.6,30.5,25.2,2.22,ARMED,,22.4,2,
1791342136375,28.555628,77.325974,30.0,CNG,9.33,14.9,3,1510,23.1,14.74,,89.0,0.00,0.00,13.6,0.0,28.7,3.16,ARMED,,16.9,3,
1791342137183,28.555571,77.326036,31.0,CNG,11.22,34.1,4,1206,23.1,8.42,,89.0,0.00,0.00,13.5,26.2,31.0,0.00,ARMED,,16.9,3,
1791342137963,28.555512,77.326100,33.0,CNG,11.13,36.1,4,1273,23.1,12.24,,89.0,0.00,0.00,13.5,28.9,32.3,0.73,ARMED,,16.9,3,
1791342139835,28.555379,77.326238,35.0,CNG,9.68,36.5,4,1355,93.3,17.27,,89.0,0.00,-2.34,13.7,29.4,34.3,1.52,ARMED,,39.2,3,
1791342140715,28.555307,77.326316,40.0,CNG,9.18,36.1,4,1553,93.3,18.91,,90.0,0.00,-2.34,13.7,28.9,39.7,2.64,ARMED,,39.2,4,
1791342141490,28.555307,77.326316,42.0,CNG,10.35,14.9,4,1634,93.3,13.94,,90.0,0.00,-2.34,13.7,0.0,42.0,2.71,ARMED,,39.2,4,
1791342143431,28.555158,77.326486,42.0,CNG,11.52,28.6,,1101,86.3,12.61,,90.0,-1.56,-3.13,13.5,18.7,42.0,0.00,ARMED,,25.9,,
1791342144391,28.555083,77.326575,45.0,CNG,18.89,20.8,5,1318,86.3,1.53,,90.0,-1.56,-3.13,13.7,8.0,45.0,0.00,ARMED,,25.9,4,
1791342145132,28.555009,77.326668,45.0,CNG,25.92,14.9,5,1327,86.3,3.42,,91.0,-1.56,-3.13,13.7,0.0,45.0,0.00,ARMED,,25.9,4,
1791342146988,28.554867,77.326852,44.0,CNG,35.16,14.9,5,1303,35.7,2.44,,91.0,0.00,-5.47,13.7,0.0,44.3,-0.38,ARMED,,16.9,5,
1791342147864,28.554798,77.326946,43.0,CNG,37.07,21.6,5,1291,35.7,4.35,,90.0,0.00,-5.47,13.7,9.1,43.1,-0.63,ARMED,,16.9,5,
1791342148663,28.554729,77.327040,43.0,CNG,37.87,21.6,5,1292,35.7,4.49,,90.0,0.00,-5.47,13.7,9.1,42.8,-0.48,ARMED,,16.9,5,
1791342150426,28.554662,77.327135,44.0,CNG,37.26,21.6,5,1289,36.5,4.94,,90.0,-1.56,-4.69,13.7,9.1,42.8,-0.27,ARMED,,17.3,5,
1791342151286,28.554592,77.327231,44.0,CNG,36.02,21.6,5,1301,36.5,5.24,,90.0,-1.56,-4.69,13.7,9.1,43.3,0.19,ARMED,,17.3,5,
1791342152048,28.554523,77.327324,44.0,CNG,35.12,21.6,5,1307,36.5,5.31,,90.0,-1.56,-4.69,13.7,9.1,43.6,0.23,ARMED,,17.3,5,
1791342153833,28.554378,77.327512,44.0,CNG,34.37,22.7,5,1319,47.1,5.40,,90.0,-1.56,-3.91,13.5,10.7,44.0,0.28,ARMED,,18.8,5,
1791342154679,28.554303,77.327603,45.0,CNG,29.71,23.5,5,1329,47.1,7.42,,89.0,-1.56,-3.91,13.5,11.8,44.5,0.28,ARMED,,18.8,5,
1791342155425,28.554303,77.327603,46.0,CNG,28.77,23.5,5,1348,47.1,6.83,,89.0,-1.56,-3.91,13.8,11.8,45.0,0.44,ARMED,,18.8,5,
1791342157155,28.554150,77.327794,46.0,CNG,27.62,23.5,5,1364,54.9,7.21,,89.0,3.91,-3.91,13.8,11.8,45.6,0.51,ARMED,,20.0,5,
1791342158050,28.554076,77.327892,47.0,CNG,25.69,23.5,5,1394,54.9,8.23,,89.0,3.91,-3.91,13.6,11.8,46.7,0.57,ARMED,,20.0,5,
1791342158812,28.554000,77.327994,47.0,CNG,24.06,23.5,5,1408,54.9,8.73,,89.0,3.91,-3.91,13.6,11.8,47.2,0.58,ARMED,,20.0,5,
1791342160585,28.553848,77.328203,48.0,CNG,23.83,23.5,5,1423,54.9,8.35,,89.0,0.00,-3.13,13.6,11.8,47.7,0.58,ARMED,,20.0,5,
1791342161452,28.553848,77.328203,49.0,CNG,24.03,23.1,5,1455,54.9,8.23,,88.0,0.00,-3.13,13.6,11.2,48.8,0.60,ARMED,,20.0,5,
1791342162210,28.553771,77.328309,49.0,CNG,23.93,23.1,5,1468,54.9,8.42,,88.0,0.00,-3.13,13.7,11.2,49.3,0.60,ARMED,,20.0,5,
1791342164003,28.553611,77.328530,50.0,CNG,24.13,23.1,5,1480,39.6,8.37,,88.0,-0.78,-3.91,13.7,11.2,49.7,0.58,ARMED,,18.4,5,
1791342164930,28.553534,77.328636,51.0,CNG,26.82,22.7,5,1505,39.6,6.52,,88.0,-0.78,-3.91,13.6,10.7,50.6,0.54,ARMED,,18.4,5,
1791342165647,28.553454,77.328746,51.0,CNG,29.35,22.7,5,1512,39.6,6.12,,88.0,-0.78,-3.91,13.6,10.7,50.9,0.50,ARMED,,18.4,5,
1791342167469,28.553371,77.328856,51.0,CNG,30.09,22.7,5,1530,38.4,6.67,,88.0,0.78,-4.69,13.7,10.7,51.4,0.52,ARMED,,18.4,5,
1791342168375,28.553290,77.328963,52.0,CNG,32.05,22.4,5,1548,38.4,6.00,,88.0,0.78,-4.69,13.7,10.2,52.0,0.45,ARMED,,18.4,5,
1791342169125,28.553203,77.329077,52.0,CNG,32.51,22.4,5,1551,38.4,6.40,,88.0,0.78,-4.69,13.8,10.2,52.2,0.40,ARMED,,18.4,5,
1791342170811,28.553032,77.329298,52.0,CNG,32.44,22.4,5,1557,35.7,6.57,,88.0,0.78,-4.69,13.8,10.2,52.4,0.36,ARMED,,18.0,5,
1791342171703,28.552942,77.329408,53.0,CNG,33.02,22.0,5,1574,35.7,6.39,,88.0,0.78,-4.69,13.7,9.6,52.9,0.33,ARMED,,18.0,5,
1791342172466,28.552942,77.329408,53.0,CNG,35.14,22.0,5,1579,35.7,5.58,,88.0,0.78,-4.69,13.7,9.6,53.1,0.31,ARMED,,18.0,5,
1791342174203,28.552758,77.329622,53.0,CNG,37.26,22.0,5,1581,34.1,5.29,,88.0,0.78,-4.69,13.7,9.6,53.2,0.27,ARMED,,16.5,5,
1791342175207,28.552666,77.329729,53.0,CNG,44.02,17.6,5,1568,34.1,3.59,,88.0,0.78,-4.69,13.7,3.7,52.8,-0.12,LOCKED,52.8,16.5,5,
1791342175965,28.552578,77.329830,52.0,CNG,52.45,18.0,5,1571,34.1,2.87,,88.0,0.78,-4.69,13.6,4.3,52.7,-0.11,LOCKED,52.8,16.5,5,
1791342177789,28.552397,77.330040,52.0,CNG,55.86,18.0,5,1549,20.8,3.43,,88.0,0.78,-6.25,13.6,4.3,52.2,-0.35,LOCKED,52.8,15.7,5,
1791342178694,28.552311,77.330140,51.0,CNG,52.75,18.8,5,1518,20.8,4.29,,88.0,0.78,-6.25,13.5,5.4,51.0,-0.58,LOCKED,52.8,15.7,5,
1791342179467,28.552311,77.330140,51.0,CNG,52.28,18.8,5,1501,20.8,4.04,,88.0,0.78,-6.25,13.5,5.4,50.5,-0.60,LOCKED,52.8,15.7,5,
1791342181276,28.552131,77.330343,50.0,CNG,50.40,15.7,5,1492,20.0,4.28,,88.0,0.00,0.00,13.7,1.1,50.1,-0.58,LOCKED,52.8,15.3,4,
1791342182135,28.552044,77.330441,49.0,CNG,54.50,16.1,5,1460,20.0,3.21,,88.0,0.00,0.00,13.7,1.6,49.0,-0.57,LOCKED,52.8,15.3,4,
1791342182953,28.551960,77.330537,48.0,CNG,54.67,21.2,5,1436,20.0,3.57,,88.0,0.00,0.00,13.7,8.6,48.4,-0.64,LOCKED,52.8,15.3,4,
1791342184777,28.551791,77.330729,48.0,CNG,50.66,20.8,5,1419,28.2,4.31,,88.0,0.78,-5.47,13.7,8.0,47.7,-0.66,LOCKED,52.8,16.5,4,
1791342185724,28.551705,77.330824,48.0,CNG,47.60,20.8,5,1438,28.2,4.50,,88.0,0.78,-5.47,13.6,8.0,48.1,0.05,LOCKED,52.8,16.5,4,
1791342186516,28.551705,77.330824,48.0,CNG,45.88,20.8,5,1437,28.2,4.51,,87.0,0.78,-5.47,13.6,8.0,48.2,0.07,LOCKED,52.8,16.5,4,
1791342188284,28.551531,77.331013,48.0,CNG,45.52,20.8,5,1442,29.4,4.36,,87.0,-3.13,-5.47,13.8,8.0,48.3,0.09,LOCKED,52.8,16.9,4,
1791342189242,28.551442,77.331105,49.0,CNG,44.86,21.2,5,1452,29.4,4.56,,88.0,-3.13,-5.47,13.8,8.6,48.7,0.14,LOCKED,52.8,16.9,4,
1791342190042,28.551353,77.331199,49.0,CNG,45.04,21.2,5,1448,29.4,4.42,,88.0,-3.13,-5.47,13.6,8.6,48.7,0.10,LOCKED,52.8,16.9,4,
1791342191784,28.551179,77.331384,49.0,CNG,42.57,21.2,5,1455,33.7,5.09,,88.0,0.00,-4.69,13.6,8.6,48.8,0.12,LOCKED,52.8,17.3,4,
1791342192680,28.551088,77.331482,49.0,CNG,36.89,22.0,5,1466,33.7,6.51,,88.0,0.00,-4.69,13.7,9.6,49.2,0.15,LOCKED,52.8,17.3,4,
1791342193451,28.551088,77.331482,49.0,CNG,33.23,21.6,5,1467,33.7,6.92,,88.0,0.00,-4.69,13.7,9.1,49.3,0.13,LOCKED,52.8,17.3,4,
1791342195256,28.550911,77.331676,49.0,CNG,32.32,22.0,5,1471,42.0,6.45,,88.0,0.78,-4.69,13.7,9.6,49.4,0.13,LOCKED,52.8,18.8,4,
1791342196119,28.550822,77.331772,50.0,CNG,30.66,22.7,5,1483,42.0,7.17,,88.0,0.78,-4.69,13.7,10.7,49.8,0.17,LOCKED,52.8,18.8,4,
1791342196962,28.550731,77.331869,50.0,CNG,28.67,22.7,5,1492,42.0,7.81,,88.0,0.78,-4.69,13.6,10.7,50.0,0.20,LOCKED,52.8,18.8,4,
1791342198774,28.550546,77.332063,51.0,CNG,28.11,22.7,5,1509,37.3,7.63,,89.0,0.78,-3.91,13.6,10.7,50.5,0.38,LOCKED,52.8,15.3,5,
1791342199665,28.550546,77.332063,50.0,CNG,37.11,14.9,5,1497,37.3,2.85,,89.0,0.78,-3.91,13.7,0.0,50.3,-0.01,LOCKED,52.8,15.3,4,
1791342200456,28.550457,77.332153,47.0,CNG,45.65,14.9,5,1405,37.3,2.66,,89.0,0.78,-3.91,13.7,0.0,48.3,-1.17,LOCKED,52.8,15.3,4,
1791342202247,28.550294,77.332324,43.0,CNG,48.20,14.9,5,1290,19.2,3.30,,89.0,0.00,0.00,13.5,0.0,44.6,-2.69,LOCKED,52.8,15.3,4,
1791342203112,28.550218,77.332409,42.0,CNG,48.05,19.6,5,1233,19.2,3.59,,90.0,0.00,0.00,13.5,6.4,41.2,-2.04,LOCKED,52.8,15.3,4,
1791342203879,28.550142,77.332492,42.0,CNG,48.01,19.6,5,1247,19.2,3.58,,90.0,0.00,0.00,13.6,6.4,41.0,-1.28,LOCKED,52.8,15.3,4,
1791342205804,28.549990,77.332654,42.0,CNG,47.42,20.4,5,1243,40.4,3.69,,90.0,-0.78,-4.69,13.6,7.5,41.2,-0.54,ARMED,,17.3,5,
1791342206688,28.549915,77.332733,42.0,CNG,40.15,22.0,5,1258,40.4,5.28,,90.0,-0.78,-4.69,13.6,9.6,42.0,0.29,ARMED,,17.3,5,
1791342207453,28.549915,77.332733,43.0,CNG,35.54,22.0,5,1263,40.4,5.79,,89.0,-0.78,-4.69,13.6,9.6,42.4,0.32,ARMED,,17.3,5,
1791342209181,28.549759,77.332900,43.0,CNG,33.31,22.4,5,1273,34.5,5.77,,89.0,0.00,-4.69,13.7,10.2,42.7,0.35,ARMED,,14.9,5,
1791342210040,28.549682,77.332982,43.0,CNG,33.55,21.2,5,1301,34.5,5.18,,89.0,0.00,-4.69,13.7,8.6,43.6,0.41,ARMED,,14.9,5,
1791342210854,28.549604,77.333066,44.0,CNG,31.12,23.5,5,1301,34.5,6.39,,89.0,0.00,-4.69,13.8,11.8,43.8,0.36,ARMED,,14.9,5,
1791342212836,28.549441,77.333243,44.0,CNG,27.46,23.9,5,1312,62.7,7.69,,90.0,2.34,-3.13,13.5,12.3,44.1,0.35,ARMED,,20.8,4,
1791342213738,28.549358,77.333330,46.0,CNG,24.34,24.3,5,1363,62.7,8.97,,90.0,2.34,-3.13,13.6,12.8,45.7,0.75,ARMED,,20.8,4,
1791342214517,28.549358,77.333330,46.0,CNG,21.67,29.8,5,1383,62.7,10.06,,90.0,2.34,-3.13,13.6,20.3,46.4,0.77,ARMED,,20.8,4,
1791342216362,28.549187,77.333511,48.0,CNG,18.37,31.8,5,1418,83.1,12.97,,90.0,1.56,-3.13,13.6,23.0,47.4,1.00,ARMED,,26.3,4,
1791342217248,28.549095,77.333611,51.0,CNG,17.21,31.8,5,1507,83.1,13.15,,90.0,1.56,-3.13,13.6,23.0,50.5,1.53,ARMED,,26.3,5,
1791342218039,28.549003,77.333712,52.0,CNG,19.63,26.7,5,1541,83.1,8.72,,90.0,1.56,-3.13,13.7,16.1,51.8,1.55,ARMED,,26.3,5,
1791342219826,28.548813,77.333917,53.0,CNG,20.70,26.7,5,1574,56.1,9.66,,90.0,0.00,-3.13,13.7,16.1,53.0,1.50,ARMED,,20.8,5,
1791342220692,28.548715,77.334021,55.0,CNG,21.81,26.7,5,1617,56.1,9.54,,90.0,0.00,-3.13,13.7,16.1,54.6,1.03,ARMED,,20.8,5,
1791342221439,28.548715,77.334021,55.0,CNG,22.64,26.7,5,1653,56.1,9.38,,90.0,0.00,-3.13,13.7,16.1,55.5,1.08,ARMED,,20.8,5,
1791342223256,28.548511,77.334238,56.0,CNG,22.86,26.7,5,1679,53.7,9.88,,90.0,0.00,-3.13,13.7,16.1,56.5,1.06,ARMED,,20.8,5,
1791342224154,28.548407,77.334348,58.0,CNG,31.94,14.9,5,1720,53.7,3.26,,90.0,0.00,-3.13,13.7,0.0,57.9,0.85,ARMED,,20.8,5,
1791342224925,28.548307,77.334455,55.0,CNG,38.90,14.9,5,1631,53.7,3.86,,90.0,0.00,-3.13,13.7,0.0,56.3,-0.46,ARMED,,20.8,5,
1791342226684,28.548130,77.334647,50.0,CNG,44.43,14.9,5,1496,20.0,3.51,,90.0,0.00,0.00,13.7,0.0,52.1,-2.59,ARMED,,14.9,5,
1791342227568,28.548130,77.334647,47.0,CNG,48.74,19.2,5,1408,20.0,3.29,,90.0,0.00,0.00,13.7,5.9,47.4,-2.67,ARMED,,14.9,5,
1791342228327,28.548044,77.334741,47.0,CNG,53.12,19.6,5,1391,20.0,3.09,,90.0,0.00,0.00,13.7,6.4,46.2,-2.09,ARMED,,14.9,5,
1791342230078,28.547875,77.334924,47.0,CNG,55.05,20.0,5,1395,33.7,3.29,,90.0,1.56,-5.47,13.8,7.0,46.1,-1.14,ARMED,,17.6,5,
1791342230973,28.547790,77.335018,47.0,CNG,41.11,21.6,5,1405,33.7,6.50,,89.0,1.56,-5.47,13.8,9.1,46.9,0.14,ARMED,,17.6,5,
1791342231746,28.547708,77.335107,47.0,CNG,33.69,22.0,5,1410,33.7,7.27,,89.0,1.56,-5.47,13.6,9.6,47.2,0.29,ARMED,,17.6,5,
1791342233510,28.547619,77.335206,48.0,CNG,29.99,22.4,5,1415,47.8,7.61,,88.0,1.56,-3.91,13.6,10.2,47.5,0.30,ARMED,,19.2,5,
1791342234385,28.547535,77.335297,48.0,CNG,27.39,22.7,5,1435,47.8,8.09,,88.0,1.56,-3.91,13.6,10.7,48.2,0.33,ARMED,,19.2,5,
1791342235172,28.547449,77.335392,49.0,CNG,26.00,22.7,5,1443,47.8,8.27,,88.0,1.56,-3.91,13.6,10.7,48.5,0.34,ARMED,,19.2,5,
1791342236968,28.547273,77.335581,49.0,CNG,25.97,22.7,5,1464,39.6,7.73,,88.0,-1.56,-3.91,13.7,10.7,49.1,0.50,ARMED,,19.2,5,
1791342237830,28.547183,77.335680,50.0,CNG,26.09,24.7,5,1486,39.6,7.78,,88.0,-1.56,-3.91,13.7,13.4,50.0,0.50,ARMED,,19.2,5,
1791342238653,28.547093,77.335779,51.0,CNG,26.09,24.7,5,1503,39.6,7.99,,88.0,-1.56,-3.91,13.7,13.4,50.5,0.53,ARMED,,19.2,5,
1791342240387,28.547004,77.335876,51.0,CNG,25.67,24.7,5,1525,46.3,8.31,,88.0,0.78,-3.13,13.7,13.4,51.1,0.59,ARMED,,19.6,5,
1791342241344,28.546908,77.335982,53.0,CNG,26.75,24.3,5,1567,46.3,7.61,,88.0,0.78,-3.13,13.8,12.8,52.6,0.79,ARMED,,19.6,5,
1791342242137,28.546815,77.336086,53.0,CNG,26.68,24.7,5,1583,46.3,8.15,,88.0,0.78,-3.13,13.8,13.4,53.3,0.78,ARMED,,19.6,5,
1791342243949,28.546624,77.336299,54.0,CNG,26.62,24.7,5,1598,45.5,8.32,,88.0,1.56,-3.13,13.5,13.4,53.8,0.73,ARMED,,19.6,5,
1791342244782,28.546529,77.336409,55.0,CNG,27.59,24.3,5,1637,45.5,7.72,,88.0,1.56,-3.13,13.5,12.8,55.1,0.72,ARMED,,19.6,5,
1791342245565,28.546434,77.336522,55.0,CNG,27.48,24.3,5,1648,45.5,8.23,,88.0,1.56,-3.13,13.7,12.8,55.5,0.69,ARMED,,19.6,5,
1791342247513,28.546340,77.336636,56.0,CNG,27.91,24.3,5,1663,43.9,8.01,,88.0,0.78,-3.13,13.6,12.8,56.0,0.66,ARMED,,19.6,5,
1791342248388,28.546245,77.336754,57.0,CNG,26.77,24.3,5,1701,43.9,9.22,,88.0,0.78,-3.13,13.7,12.8,57.2,0.64,ARMED,,19.6,5,
1791342249147,28.546149,77.336874,57.0,CNG,26.07,24.3,5,1707,43.9,9.28,,88.0,0.78,-3.13,13.7,12.8,57.5,0.59,ARMED,,19.6,5,
1791342250975,28.545956,77.337117,58.0,CNG,25.18,24.7,5,1728,51.4,9.88,,88.0,0.00,-2.34,13.7,13.4,58.0,0.59,ARMED,,20.4,5,
1791342251820,28.545858,77.337240,59.0,CNG,23.66,25.5,5,1749,51.4,11.08,,89.0,0.00,-2.34,13.7,14.4,58.8,0.53,ARMED,,20.4,5,
1791342252593,28.545759,77.337364,59.0,CNG,22.96,25.5,5,1760,51.4,10.96,,89.0,0.00,-2.34,13.6,14.4,59.2,0.52,ARMED,,20.4,5,
1791342254403,28.545660,77.337490,60.0,CNG,22.79,25.5,5,1784,45.9,10.88,,89.0,-0.78,-3.13,13.6,14.4,59.9,0.57,ARMED,,20.0,5,
1791342255343,28.545561,77.337619,61.0,CNG,24.22,25.5,5,1809,45.9,9.35,,89.0,-0.78,-3.13,13.7,14.4,60.8,0.56,ARMED,,20.0,5,
1791342256138,28.545466,77.337746,62.0,CNG,25.93,25.5,5,1836,45.9,8.78,,89.0,-0.78,-3.13,13.7,14.4,61.6,0.72,ARMED,,20.0,5,
1791342257950,28.545267,77.338021,62.0,CNG,29.81,24.3,5,1854,39.2,6.63,,89.0,0.00,-3.91,13.9,12.8,62.3,0.75,ARMED,,19.6,5,
1791342258807,28.545170,77.338158,63.0,CNG,30.65,24.7,5,1868,39.2,8.06,,89.0,0.00,-3.91,13.9,13.4,62.9,0.42,ARMED,,19.6,5,
1791342259587,28.545072,77.338296,63.0,CNG,29.13,25.9,5,1869,39.2,9.48,,89.0,0.00,-3.91,13.8,15.0,63.0,0.36,ARMED,,19.6,5,
1791342261312,28.544973,77.338435,63.0,CNG,28.51,25.9,5,1874,45.5,9.32,,89.0,0.00,-3.13,13.8,15.0,63.1,0.30,ARMED,,20.4,5,
1791342262184,28.544874,77.338575,64.0,CNG,28.54,25.9,5,1912,45.5,9.15,,89.0,0.00,-3.13,13.8,15.0,64.2,0.56,ARMED,,20.4,5,
1791342262965,28.544775,77.338719,65.0,CNG,28.69,25.9,5,1934,45.5,9.19,,89.0,0.00,-3.13,13.8,15.0,64.9,0.63,ARMED,,20.4,5,
1791342264766,28.544578,77.339014,65.0,CNG,27.99,25.9,5,1947,44.7,9.83,,89.0,0.00,-3.13,13.8,15.0,65.4,0.62,ARMED,,20.8,5,
1791342265742,28.544481,77.339166,66.0,CNG,27.66,25.9,5,1972,44.7,9.92,,89.0,0.00,-3.13,13.8,15.0,66.3,0.56,ARMED,,20.8,5,
1791342266492,28.544481,77.339166,67.0,CNG,25.89,25.9,5,1988,44.7,11.56,,89.0,0.00,-3.13,13.8,15.0,66.8,0.57,ARMED,,20.8,5,
1791342268263,28.544285,77.339476,67.0,CNG,25.64,25.9,5,1993,50.6,10.83,,89.0,0.00,-2.34,13.8,15.0,67.1,0.52,ARMED,,21.6,5,
1791342269221,28.544187,77.339629,68.0,CNG,25.16,25.9,5,2024,50.6,11.35,,89.0,0.00,-2.34,13.8,15.0,68.0,0.51,ARMED,,21.6,5,
1791342269969,28.544091,77.339782,68.0,CNG,25.30,25.9,5,2029,50.6,10.89,,89.0,0.00,-2.34,13.8,15.0,68.2,0.47,ARMED,,21.6,5,
1791342271787,28.543894,77.340092,69.0,CNG,24.36,25.9,5,2046,49.8,12.21,,89.0,-0.78,-2.34,13.7,15.0,68.7,0.49,ARMED,,21.6,5,
1791342272644,28.543894,77.340092,69.0,CNG,25.36,25.9,5,2065,49.8,10.45,,89.0,-0.78,-2.34,13.7,15.0,69.4,0.43,ARMED,,21.6,5,
1791342273412,28.543791,77.340256,70.0,CNG,26.33,25.9,5,2076,49.8,10.25,,89.0,-0.78,-2.34,13.8,15.0,69.7,0.44,ARMED,,21.6,5,
1791342275219,28.543594,77.340579,70.0,CNG,27.77,25.9,5,2087,42.0,9.47,,89.0,-0.78,-3.13,13.8,15.0,70.1,0.43,ARMED,,20.4,5,
1791342276109,28.543496,77.340744,71.0,CNG,27.63,25.9,5,2110,42.0,10.58,,89.0,-0.78,-3.13,13.7,15.0,70.9,0.44,ARMED,,20.4,5,
1791342276847,28.543397,77.340910,71.0,CNG,28.02,25.9,5,2121,42.0,10.14,,89.0,-0.78,-3.13,13.7,15.0,71.2,0.44,ARMED,,20.4,5,
1791342278670,28.543194,77.341241,72.0,CNG,28.17,25.9,5,2129,40.8,10.36,,89.0,0.00,-3.13,13.9,15.0,71.6,0.42,ARMED,,20.4,5,
1791342279533,28.543194,77.341241,73.0,CNG,29.70,25.5,5,2156,40.8,9.25,,89.0,0.00,-3.13,13.9,14.4,72.5,0.46,ARMED,,20.4,5,
1791342280314,28.543093,77.341402,73.0,CNG,34.35,23.5,5,2163,40.8,6.68,,89.0,0.00,-3.13,13.7,11.8,72.8,0.44,ARMED,,20.4,5,
1791342282192,28.542881,77.341739,73.0,CNG,40.32,18.4,5,2157,18.8,5.49,,89.0,3.91,0.00,13.6,4.8,72.8,0.21,ARMED,,16.9,5,
1791342283109,28.542778,77.341896,71.0,CNG,48.06,14.9,5,2112,18.8,4.26,,89.0,3.91,0.00,13.7,0.0,71.3,-0.62,ARMED,,16.9,5,
1791342283879,28.542668,77.342056,70.0,CNG,51.84,14.9,5,2088,18.8,4.85,,89.0,3.91,0.00,13.7,0.0,70.4,-0.81,ARMED,,16.9,5,
1791342285703,28.542460,77.342360,69.0,CNG,57.21,14.9,5,2071,19.2,4.14,,89.0,0.00,0.00,13.7,0.0,69.7,-0.84,ARMED,,16.5,5,
1791342286546,28.542460,77.342360,66.0,CNG,60.70,14.9,5,1967,19.2,4.01,,88.0,0.00,0.00,13.7,0.0,66.3,-1.65,ARMED,,16.5,5,
1791342287296,28.542361,77.342507,64.0,CNG,58.86,14.9,5,1921,19.2,4.66,,88.0,0.00,0.00,13.8,0.0,64.8,-1.86,ARMED,,16.5,5,
1791342289107,28.542178,77.342789,62.0,CNG,57.51,14.9,5,1864,19.2,4.57,,87.0,0.00,0.00,13.8,0.0,62.7,-2.04,ARMED,,15.7,5,
1791342290028,28.542094,77.342923,58.0,CNG,59.51,14.9,5,1738,19.2,3.75,,87.0,0.00,0.00,13.6,0.0,58.4,-2.34,ARMED,,15.7,5,
1791342290796,28.542012,77.343056,58.0,CNG,58.08,14.9,5,1714,19.2,4.24,,87.0,0.00,0.00,13.6,0.0,57.2,-2.00,ARMED,,15.7,5,
1791342292592,28.541854,77.343317,57.0,CNG,57.42,14.9,5,1721,19.6,4.13,,87.0,0.00,0.00,13.7,0.0,57.0,-1.12,ARMED,,15.7,5,
1791342293483,28.541854,77.343317,55.0,CNG,59.79,14.9,5,1638,19.6,3.51,,87.0,0.00,0.00,13.7,0.0,54.9,-1.11,ARMED,,15.7,5,
1791342294299,28.541775,77.343442,54.0,CNG,59.06,14.9,5,1623,19.6,3.81,,87.0,0.00,0.00,13.8,0.0,54.3,-1.05,ARMED,,15.7,5,
1791342296048,28.541623,77.343683,53.0,CNG,57.41,14.9,5,1588,19.6,3.94,,87.0,0.00,0.00,13.8,0.0,53.3,-1.07,ARMED,,15.3,5,
1791342297007,28.541546,77.343807,52.0,CNG,60.13,17.3,5,1545,19.6,3.27,,87.0,0.00,0.00,13.8,3.2,51.8,-0.88,ARMED,,15.3,5,
1791342297730,28.541473,77.343926,52.0,CNG,63.03,18.0,5,1553,19.6,3.12,,87.0,0.00,0.00,13.8,4.3,51.7,-0.54,ARMED,,15.3,5,
1791342299514,28.541401,77.344043,51.0,CNG,61.77,18.0,5,1530,21.6,3.48,,87.0,3.91,-5.47,13.8,4.3,51.3,-0.53,ARMED,,15.7,5,
1791342300427,28.541330,77.344159,50.0,CNG,57.36,20.0,5,1501,21.6,3.96,,87.0,3.91,-5.47,13.8,7.0,50.3,-0.53,ARMED,,15.7,5,
1791342301208,28.541259,77.344276,50.0,CNG,56.75,20.0,5,1493,21.6,3.66,,87.0,3.91,-5.47,13.8,7.0,49.9,-0.51,ARMED,,15.7,5,
1791342302996,28.541118,77.344506,50.0,CNG,58.96,20.0,5,1489,25.9,3.26,,87.0,1.56,-5.47,13.8,7.0,49.7,-0.44,ARMED,,17.3,5,
1791342303885,28.541049,77.344618,50.0,CNG,50.43,20.4,5,1485,25.9,4.94,,87.0,1.56,-5.47,13.7,7.5,49.7,-0.11,ARMED,,17.3,5,
1791342304659,28.540975,77.344736,50.0,CNG,43.36,20.4,5,1482,25.9,5.71,,88.0,1.56,-5.47,13.7,7.5,49.7,-0.09,ARMED,,17.3,5,
1791342306457,28.540904,77.344850,50.0,CNG,38.86,21.6,5,1479,43.5,6.08,,88.0,-1.56,-3.91,13.7,9.1,49.6,-0.09,ARMED,,18.8,5,
1791342307345,28.540832,77.344965,50.0,CNG,29.82,23.9,5,1491,43.5,9.25,,88.0,-1.56,-3.91,13.7,12.3,49.9,0.14,ARMED,,18.8,5,
1791342308115,28.540760,77.345083,51.0,CNG,26.17,24.7,5,1504,43.5,9.40,,88.0,-1.56,-3.91,13.7,13.4,50.3,0.30,ARMED,,18.8,5,
1791342309857,28.540615,77.345317,51.0,CNG,24.05,24.7,5,1527,47.8,9.71,,89.0,-0.78,-2.34,13.7,13.4,51.0,0.55,ARMED,,19.2,5,
1791342310752,28.540541,77.345435,52.0,CNG,24.61,24.7,5,1558,47.8,8.34,,89.0,-0.78,-2.34,13.8,13.4,52.2,0.60,ARMED,,19.2,5,
1791342311522,28.540541,77.345435,53.0,CNG,24.57,33.7,5,1584,47.8,8.84,,90.0,-0.78,-2.34,13.8,25.7,53.0,0.76,ARMED,,19.2,5,
1791342313282,28.540384,77.345688,54.0,CNG,20.00,33.3,5,1613,74.9,13.99,,90.0,0.78,-1.56,13.8,25.1,53.9,0.94,ARMED,,24.3,5,
1791342314146,28.540304,77.345819,57.0,CNG,18.33,32.9,5,1694,74.9,14.19,,90.0,0.78,-1.56,13.8,24.6,56.7,1.44,ARMED,,24.3,5,
1791342314902,28.540225,77.345949,59.0,CNG,17.72,32.9,5,1736,74.9,14.23,,90.0,0.78,-1.56,13.8,24.6,58.1,1.63,ARMED,,24.3,5,
1791342316812,28.540053,77.346228,59.0,CNG,21.28,25.1,5,1756,47.8,8.08,,91.0,0.78,-3.13,13.8,13.9,59.1,1.41,ARMED,,20.4,5,
1791342317743,28.539966,77.346367,60.0,CNG,28.45,25.5,5,1791,47.8,4.45,,91.0,0.78,-3.13,13.8,14.4,60.3,0.71,ARMED,,20.4,5,
1791342318500,28.539966,77.346367,61.0,CNG,27.26,26.3,5,1810,47.8,9.70,,92.0,0.78,-3.13,13.8,15.5,60.8,0.71,ARMED,,20.4,5,
1791342320327,28.539791,77.346642,61.0,CNG,26.55,26.3,5,1831,49.0,9.75,,92.0,0.00,-2.34,13.7,15.5,61.4,0.71,ARMED,,20.8,5,
1791342321170,28.539699,77.346789,63.0,CNG,23.89,26.3,5,1868,49.0,12.32,,91.0,0.00,-2.34,13.7,15.5,62.7,0.71,ARMED,,20.8,5,
1791342321944,28.539608,77.346934,63.0,CNG,22.75,26.3,5,1880,49.0,12.11,,91.0,0.00,-2.34,13.7,15.5,63.2,0.69,ARMED,,20.8,5,
1791342323724,28.539429,77.347226,63.0,CNG,30.76,14.9,5,1893,19.2,4.02,,91.0,0.00,0.00,13.7,0.0,63.6,0.64,ARMED,,16.1,5,
1791342324642,28.539429,77.347226,61.0,CNG,38.31,14.9,5,1808,19.2,4.06,,91.0,0.00,0.00,13.7,0.0,61.1,-1.00,ARMED,,16.1,5,
1791342325372,28.539347,77.347366,58.0,CNG,43.49,14.9,5,1722,19.2,4.27,,90.0,0.00,0.00,13.7,0.0,58.8,-1.91,ARMED,,16.1,5,
1791342327149,28.539193,77.347622,55.0,CNG,50.17,14.9,5,1649,19.6,3.35,,90.0,0.00,0.00,13.6,0.0,55.9,-2.59,ARMED,,15.3,5,
1791342328022,28.539123,77.347739,52.0,CNG,43.65,22.0,5,1541,19.6,5.93,,89.0,0.00,0.00,13.6,9.6,51.7,-2.51,ARMED,,15.3,5,
1791342328792,28.539047,77.347866,52.0,CNG,41.43,21.6,5,1545,19.6,5.55,,89.0,0.00,0.00,13.7,9.1,51.1,-1.79,ARMED,,15.3,5,
1791342330562,28.538904,77.348107,52.0,CNG,41.75,20.8,5,1546,27.5,5.03,,88.0,0.00,-4.69,13.7,8.0,51.1,-0.84,ARMED,,16.9,5,
1791342331461,28.538904,77.348107,52.0,CNG,43.26,21.2,5,1558,27.5,4.64,,88.0,0.00,-4.69,13.8,8.6,52.0,0.23,ARMED,,16.9,5,
1791342332222,28.538829,77.348230,52.0,CNG,43.44,21.2,5,1551,27.5,4.86,,88.0,0.00,-4.69,13.8,8.6,52.1,0.21,ARMED,,16.9,5,
1791342333952,28.538681,77.348466,52.0,CNG,45.02,21.2,5,1545,27.5,4.46,,88.0,0.00,-4.69,13.8,8.6,52.0,0.05,ARMED,,16.9,5,
1791342334834,28.538606,77.348586,52.0,CNG,45.06,21.2,5,1565,27.5,4.71,,87.0,0.00,-4.69,13.8,8.6,52.4,0.13,ARMED,,16.9,5,
1791342335604,28.538531,77.348703,53.0,CNG,45.94,21.2,5,1553,27.5,4.58,,87.0,0.00,-4.69,13.6,8.6,52.3,-0.02,ARMED,,16.9,5,
1791342337295,28.538451,77.348826,53.0,CNG,43.65,21.2,5,1555,29.0,5.33,,87.0,0.00,-4.69,13.6,8.6,52.2,-0.02,ARMED,,17.3,5,
1791342338214,28.538375,77.348947,53.0,CNG,42.36,21.6,5,1572,29.0,5.34,,87.0,0.00,-4.69,13.8,9.1,52.8,0.23,ARMED,,17.3,5,
1791342338934,28.538300,77.349064,53.0,CNG,40.20,21.6,5,1564,29.0,5.80,,87.0,0.00,-4.69,13.8,9.1,52.7,0.17,ARMED,,17.3,5,
1791342340696,28.538145,77.349310,53.0,CNG,40.95,21.6,5,1575,38.8,5.14,,87.0,-0.78,-3.91,13.6,9.1,52.9,0.18,ARMED,,18.4,5,
1791342341709,28.538069,77.349432,53.0,CNG,36.02,21.2,5,1578,38.8,7.10,,87.0,-0.78,-3.91,13.6,8.6,53.1,0.14,LOCKED,53.1,18.4,5,
1791342342517,28.538069,77.349432,53.0,CNG,35.70,20.8,5,1585,38.8,6.15,,87.0,-0.78,-3.91,13.6,8.0,53.2,0.16,LOCKED,53.1,18.4,5,
1791342344129,28.537917,77.349674,53.0,CNG,34.93,21.2,5,1590,36.1,6.40,,87.0,0.78,-3.91,13.6,8.6,53.4,0.16,LOCKED,53.1,18.0,5,
1791342345039,28.537838,77.349797,53.0,CNG,34.49,21.2,5,1595,36.1,6.40,,87.0,0.78,-3.91,13.6,8.6,53.5,0.13,LOCKED,53.1,18.0,5,
1791342345826,28.537762,77.349920,53.0,CNG,33.86,20.8,5,1589,36.1,6.57,,88.0,0.78,-3.91,13.6,8.0,53.4,0.07,LOCKED,53.1,18.0,5,
1791342347632,28.537609,77.350168,53.0,CNG,36.83,20.8,5,1598,27.1,5.11,,88.0,1.56,-4.69,13.7,8.0,53.5,0.09,LOCKED,53.1,16.9,5,
1791342348505,28.537609,77.350168,54.0,CNG,41.52,21.2,5,1581,27.1,4.32,,88.0,1.56,-4.69,13.7,8.6,53.2,-0.14,LOCKED,53.1,16.9,5,
1791342349271,28.537533,77.350291,54.0,CNG,42.80,21.2,5,1586,27.1,4.92,,88.0,1.56,-4.69,13.8,8.6,53.2,-0.10,LOCKED,53.1,16.9,5,
1791342351199,28.537381,77.350533,54.0,CNG,43.53,20.8,5,1598,26.7,4.94,,89.0,0.78,-4.69,13.6,8.0,53.5,0.13,LOCKED,53.1,16.5,5,
1791342352181,28.537304,77.350656,54.0,CNG,46.47,21.2,5,1607,26.7,4.27,,89.0,0.78,-4.69,13.7,8.6,54.0,0.17,LOCKED,53.1,16.5,5,
1791342352927,28.537224,77.350783,54.0,CNG,48.39,20.8,5,1597,26.7,4.28,,89.0,0.78,-4.69,13.7,8.0,53.9,0.02,LOCKED,53.1,16.5,5,
1791342354664,28.537071,77.351023,54.0,CNG,48.39,20.8,5,1600,26.7,4.56,,89.0,0.78,-4.69,13.7,8.0,53.8,0.00,LOCKED,53.1,16.9,5,
1791342355545,28.537071,77.351023,54.0,CNG,46.48,20.8,5,1587,26.7,5.03,,89.0,0.78,-4.69,13.7,8.0,53.5,-0.08,LOCKED,53.1,16.9,5,
1791342356338,28.536990,77.351148,54.0,CNG,45.82,20.8,5,1586,26.7,4.92,,89.0,0.78,-4.69,13.8,8.0,53.4,-0.07,LOCKED,53.1,16.9,5,
1791342358207,28.536836,77.351387,54.0,CNG,45.02,20.8,5,1596,32.2,5.03,,90.0,0.78,-4.69,13.8,8.0,53.7,0.09,LOCKED,53.1,17.6,5,
1791342359155,28.536758,77.351508,53.0,CNG,42.02,21.2,5,1594,32.2,5.68,,90.0,0.78,-4.69,13.6,8.6,53.7,0.05,LOCKED,53.1,17.6,5,
1791342359917,28.536679,77.351630,54.0,CNG,38.28,21.2,5,1589,32.2,6.53,,90.0,0.78,-4.69,13.6,8.6,53.6,0.02,LOCKED,53.1,17.6,5,
1791342361675,28.536524,77.351872,53.0,CNG,36.83,21.2,5,1588,36.5,6.22,,90.0,0.78,-3.91,13.8,8.6,53.5,-0.01,LOCKED,53.1,18.4,5,
1791342362543,28.536524,77.351872,53.0,CNG,36.27,21.2,5,1600,36.5,6.11,,90.0,0.78,-3.91,13.8,8.6,53.7,0.04,LOCKED,53.1,18.4,5,
1791342363360,28.536446,77.351994,53.0,CNG,34.68,21.2,5,1594,36.5,6.66,,90.0,0.78,-3.91,13.7,8.6,53.6,0.00,LOCKED,53.1,18.4,5,
1791342365071,28.536286,77.352240,54.0,CNG,35.04,21.2,5,1596,28.6,6.20,,90.0,2.34,-4.69,13.7,8.6,53.6,0.00,LOCKED,53.1,17.3,5,
1791342365993,28.536208,77.352357,54.0,CNG,38.83,21.2,5,1587,28.6,4.77,,90.0,2.34,-4.69,13.6,8.6,53.4,-0.05,LOCKED,53.1,17.3,5,
1791342366757,28.536127,77.352478,54.0,CNG,40.95,21.2,5,1600,28.6,4.95,,90.0,2.34,-4.69,13.6,8.6,53.7,0.13,LOCKED,53.1,17.3,5,
1791342368534,28.536045,77.352597,54.0,CNG,43.17,21.2,5,1590,27.8,4.70,,90.0,0.78,-4.69,13.8,8.6,53.6,0.08,LOCKED,53.1,17.3,5,
1791342369432,28.535961,77.352720,54.0,CNG,42.81,21.2,5,1599,27.8,5.22,,90.0,0.78,-4.69,13.8,8.6,53.8,0.10,LOCKED,53.1,17.3,5,
1791342370211,28.535883,77.352834,53.0,CNG,44.26,21.2,5,1596,27.8,4.64,,90.0,0.78,-4.69,13.7,8.6,53.8,0.06,LOCKED,53.1,17.3,5,
1791342371978,28.535720,77.353076,53.0,CNG,43.92,21.2,5,1581,28.2,4.99,,89.0,0.78,-4.69,13.7,8.6,53.4,-0.18,LOCKED,53.1,16.9,5,
1791342372838,28.535642,77.353195,53.0,CNG,42.68,21.2,5,1567,28.2,5.29,,89.0,0.78,-4.69,13.7,8.6,52.8,-0.25,LOCKED,53.1,16.9,5,
1791342373606,28.535566,77.353309,53.0,CNG,41.65,21.2,5,1560,28.2,5.39,,89.0,0.78,-4.69,13.7,8.6,52.6,-0.26,LOCKED,53.1,16.9,5,
1791342375408,28.535487,77.353427,53.0,CNG,49.57,14.9,5,1560,19.6,3.12,,89.0,0.00,0.00,13.7,0.0,52.5,-0.22,LOCKED,53.1,15.3,5,
1791342376234,28.535411,77.353543,50.0,CNG,52.74,14.9,5,1498,19.6,3.48,,88.0,0.00,0.00,13.7,0.0,50.6,-0.89,LOCKED,53.1,15.3,4,
1791342377015,28.535336,77.353659,50.0,CNG,56.11,14.9,5,1469,19.6,3.28,,88.0,0.00,0.00,13.7,0.0,49.7,-1.06,LOCKED,53.1,15.3,4,
1791342378744,28.535197,77.353876,48.0,CNG,47.60,19.6,5,1458,32.5,5.12,,88.0,0.00,-4.69,13.7,6.4,48.9,-1.00,LOCKED,53.1,17.3,4,
1791342379631,28.535197,77.353876,48.0,CNG,37.96,22.4,5,1438,32.5,6.80,,88.0,0.00,-4.69,13.5,10.2,48.2,-0.54,LOCKED,53.1,17.3,4,
1791342380467,28.535124,77.353987,48.0,CNG,33.62,22.0,5,1430,32.5,6.86,,88.0,0.00,-4.69,13.5,9.6,47.9,-0.49,LOCKED,53.1,17.3,4,
1791342382213,28.534978,77.354198,49.0,CNG,35.38,14.9,5,1440,21.6,5.22,,88.0,-1.56,-4.69,13.7,0.0,48.1,-0.15,LOCKED,53.1,15.3,4,
1791342383117,28.534903,77.354302,47.0,CNG,41.64,14.9,5,1409,21.6,3.34,,88.0,-1.56,-4.69,13.7,0.0,47.4,-0.36,LOCKED,53.1,15.3,4,
1791342383870,28.534832,77.354402,46.0,CNG,47.20,14.9,5,1359,21.6,3.15,,88.0,-1.56,-4.69,13.8,0.0,46.2,-0.88,LOCKED,53.1,15.3,4,
1791342385777,28.534700,77.354594,43.0,CNG,51.56,14.9,5,1294,26.7,2.89,,88.0,0.00,-5.47,13.7,0.0,44.1,-1.62,LOCKED,53.1,15.7,4,
1791342386787,28.534638,77.354690,43.0,CNG,50.18,20.0,5,1263,26.7,3.65,,88.0,0.00,-5.47,13.5,7.0,42.4,-1.05,ARMED,,15.7,5,
1791342387592,28.534638,77.354690,43.0,CNG,30.95,27.5,5,1277,26.7,9.06,,87.0,0.00,-5.47,13.5,17.1,42.5,-0.42,ARMED,,15.7,4,
1791342389319,28.534509,77.354893,44.0,CNG,26.28,26.3,5,1298,62.0,8.39,,87.0,-0.78,-2.34,13.8,15.5,43.1,0.13,ARMED,,20.4,4,
1791342390184,28.534442,77.354992,46.0,CNG,23.98,26.3,5,1377,62.0,8.82,,87.0,-0.78,-2.34,13.8,15.5,46.0,1.32,ARMED,,20.4,4,
1791342390972,28.534371,77.355097,47.0,CNG,34.27,23.5,5,1389,62.0,2.17,,87.0,-0.78,-2.34,13.8,11.8,46.8,1.27,ARMED,,20.4,4,
1791342392798,28.534221,77.355310,48.0,CNG,32.95,23.9,5,1413,46.3,6.28,,88.0,-2.34,-3.13,13.8,12.3,47.7,1.10,ARMED,,18.8,5,
1791342393675,28.534146,77.355418,49.0,CNG,35.27,21.2,5,1461,46.3,5.11,,88.0,-2.34,-3.13,13.8,8.6,49.2,0.90,ARMED,,18.8,5,
1791342394460,28.534146,77.355418,50.0,CNG,39.40,18.0,5,1474,46.3,4.32,,88.0,-2.34,-3.13,13.8,4.3,49.7,0.84,ARMED,,18.8,5,
1791342396274,28.534002,77.355644,50.0,CNG,42.03,19.6,5,1500,43.5,4.39,,88.0,0.78,-3.91,13.5,6.4,50.5,0.83,ARMED,,18.8,5,
1791342397162,28.533929,77.355758,50.0,CNG,46.14,14.9,5,1496,43.5,3.79,,89.0,0.78,-3.91,13.5,0.0,50.5,0.16,ARMED,,18.8,5,
1791342397975,28.533857,77.355872,49.0,CNG,53.04,14.9,5,1468,43.5,2.92,,89.0,0.78,-3.91,13.8,0.0,49.8,-0.29,ARMED,,18.8,5,
1791342399943,28.533718,77.356087,49.0,CNG,57.18,14.9,5,1445,20.0,3.09,,89.0,0.00,0.00,13.8,0.0,48.8,-0.66,ARMED,,14.9,5,
1791342400962,28.533646,77.356196,47.0,CNG,58.74,20.8,5,1390,20.0,3.13,,89.0,0.00,0.00,13.8,8.0,46.8,-0.97,ARMED,,14.9,5,
1791342401932,28.533575,77.356301,47.0,CNG,43.78,22.4,5,1382,20.0,6.11,,89.0,0.00,0.00,13.8,10.2,46.3,-0.70,ARMED,,14.9,5,
1791342403668,28.533433,77.356513,47.0,CNG,36.97,22.4,5,1389,40.8,6.43,,89.0,-1.56,-3.91,13.8,10.2,46.4,-0.35,ARMED,,18.0,5,
1791342404527,28.533433,77.356513,48.0,CNG,34.57,22.4,5,1429,40.8,6.22,,89.0,-1.56,-3.91,13.8,10.2,47.9,0.59,ARMED,,18.0,5,
1791342405307,28.533359,77.356619,48.0,CNG,34.22,22.4,5,1425,40.8,5.82,,89.0,-1.56,-3.91,13.8,10.2,48.1,0.53,ARMED,,18.0,5,
1791342407116,28.533216,77.356833,49.0,CNG,33.01,22.4,5,1449,39.2,6.38,,89.0,0.00,-3.91,13.8,10.2,48.7,0.57,ARMED,,18.0,5,
1791342407963,28.533142,77.356942,49.0,CNG,33.49,22.4,5,1464,39.2,5.85,,89.0,0.00,-3.91,13.8,10.2,49.3,0.38,ARMED,,18.0,5,
1791342408700,28.533063,77.357056,50.0,CNG,34.65,22.4,5,1472,39.2,5.60,,89.0,0.00,-3.91,13.8,10.2,49.6,0.37,ARMED,,18.0,5,
1791342410518,28.532987,77.357167,50.0,CNG,35.35,22.4,5,1478,36.5,5.61,,89.0,-0.78,-3.91,13.9,10.2,49.8,0.35,ARMED,,17.6,5,
1791342411352,28.532914,77.357275,50.0,CNG,36.65,22.0,5,1482,36.5,5.27,,90.0,-0.78,-3.91,13.9,9.6,50.0,0.13,ARMED,,17.6,5,
1791342412186,28.532834,77.357391,50.0,CNG,35.87,22.0,5,1496,36.5,5.88,,90.0,-0.78,-3.91,13.7,9.6,50.2,0.18,ARMED,,17.6,5,
1791342413886,28.532682,77.357612,50.0,CNG,33.18,22.0,5,1489,43.1,6.85,,90.0,-3.13,-3.13,13.7,9.6,50.2,0.12,ARMED,,19.2,5,
1791342414753,28.532607,77.357723,50.0,CNG,31.26,22.0,5,1486,43.1,7.10,,90.0,-3.13,-3.13,13.8,9.6,50.1,0.05,ARMED,,19.2,5,
1791342415511,28.532607,77.357723,50.0,CNG,29.44,22.0,5,1480,43.1,7.55,,90.0,-3.13,-3.13,13.8,9.6,49.9,-0.01,ARMED,,19.2,5,
1791342417246,28.532457,77.357945,50.0,CNG,28.71,22.0,5,1476,45.1,7.38,,90.0,0.78,-3.13,13.6,9.6,49.8,-0.04,ARMED,,19.2,5,
1791342418188,28.532383,77.358054,49.0,CNG,30.03,21.2,5,1471,45.1,6.20,,90.0,0.78,-3.13,13.6,8.6,49.5,-0.09,ARMED,,19.2,5,
1791342418962,28.532307,77.358162,49.0,CNG,32.80,21.2,5,1447,45.1,5.25,,90.0,0.78,-3.13,13.8,8.6,49.0,-0.36,ARMED,,19.2,5,
1791342420781,28.532156,77.358373,48.0,CNG,34.58,21.2,5,1438,31.4,5.20,,90.0,0.78,-3.91,13.8,8.6,48.5,-0.42,ARMED,,16.9,5,
1791342421679,28.532083,77.358476,48.0,CNG,36.80,21.2,5,1423,31.4,4.81,,90.0,0.78,-3.91,13.9,8.6,47.9,-0.37,ARMED,,16.9,5,
1791342422460,28.532083,77.358476,47.0,CNG,37.44,21.2,5,1410,31.4,4.99,,90.0,0.78,-3.91,13.9,8.6,47.5,-0.40,ARMED,,16.9,5,
1791342424211,28.531937,77.358676,47.0,CNG,37.65,21.2,5,1393,22.7,5.06,,90.0,0.00,-3.91,13.7,8.6,46.9,-0.45,ARMED,,14.9,5,
1791342425099,28.531862,77.358780,46.0,CNG,30.02,25.9,5,1374,22.7,8.23,,90.0,0.00,-3.91,13.7,15.0,46.2,-0.44,ARMED,,14.9,5,
1791342425861,28.531789,77.358881,46.0,CNG,26.20,26.3,5,1379,22.7,8.57,,90.0,0.00,-3.91,13.9,15.5,46.1,-0.28,ARMED,,14.9,4,
1791342427578,28.531641,77.359087,47.0,CNG,24.22,25.9,5,1397,56.9,8.82,,89.0,0.00,-1.56,13.9,15.0,46.6,0.11,ARMED,,20.0,5,
1791342428478,28.531641,77.359087,48.0,CNG,24.21,25.1,5,1416,56.9,8.11,,89.0,0.00,-1.56,13.7,13.9,47.5,0.45,ARMED,,20.0,5,
1791342429216,28.531566,77.359189,48.0,CNG,25.22,24.7,5,1424,56.9,7.30,,89.0,0.00,-1.56,13.7,13.4,47.9,0.46,ARMED,,20.0,5,
1791342430945,28.531415,77.359394,48.0,CNG,25.06,24.7,5,1431,55.7,7.90,,89.0,0.00,-1.56,13.7,13.4,48.2,0.43,ARMED,,20.4,5,
1791342431832,28.531338,77.359498,49.0,CNG,23.80,24.3,5,1443,55.7,9.03,,90.0,0.00,-1.56,13.7,12.8,48.6,0.36,ARMED,,20.4,5,
1791342432686,28.531257,77.359605,49.0,CNG,23.60,24.3,5,1443,55.7,8.59,,90.0,0.00,-1.56,13.6,12.8,48.7,0.30,ARMED,,20.4,5,
1791342434381,28.531179,77.359709,49.0,CNG,30.47,20.4,5,1433,33.7,3.73,,90.0,-0.78,-3.13,13.6,7.5,48.5,0.03,ARMED,,17.3,5,
1791342435264,28.531105,77.359808,48.0,CNG,33.84,20.4,5,1421,33.7,4.82,,90.0,-0.78,-3.13,13.8,7.5,48.0,-0.23,ARMED,,17.3,5,
1791342436020,28.531027,77.359913,47.0,CNG,34.77,20.4,5,1412,33.7,5.29,,89.0,-0.78,-3.13,13.8,7.5,47.7,-0.27,ARMED,,17.3,5,
1791342437822,28.530877,77.360114,47.0,CNG,32.44,21.6,5,1398,34.1,6.53,,89.0,-1.56,-3.13,13.8,9.1,47.2,-0.34,ARMED,,16.9,5,
1791342438703,28.530807,77.360212,47.0,CNG,35.75,21.6,5,1392,34.1,4.54,,89.0,-1.56,-3.13,13.8,9.1,46.9,-0.28,ARMED,,16.9,5,
1791342439463,28.530807,77.360212,47.0,CNG,36.60,21.6,5,1397,34.1,5.06,,89.0,-1.56,-3.13,13.9,9.1,46.9,-0.13,ARMED,,16.9,5,
1791342441206,28.530673,77.360417,47.0,CNG,36.21,21.6,5,1393,40.8,5.39,,89.0,-0.78,-3.13,13.9,9.1,46.9,-0.11,ARMED,,18.4,5,
1791342442069,28.530601,77.360522,47.0,CNG,30.27,24.7,5,1398,40.8,7.91,,89.0,-0.78,-3.13,13.5,13.4,47.1,0.06,ARMED,,18.4,5,
1791342442821,28.530533,77.360628,47.0,CNG,27.06,24.7,5,1407,40.8,8.23,,89.0,-0.78,-3.13,13.5,13.4,47.3,0.11,ARMED,,18.4,5,
1791342444580,28.530396,77.360852,48.0,CNG,26.07,24.7,5,1430,50.6,7.93,,89.0,0.00,-2.34,13.8,13.4,47.9,0.40,ARMED,,19.6,5,
1791342445439,28.530396,77.360852,49.0,CNG,25.49,24.7,5,1464,50.6,8.11,,89.0,0.00,-2.34,13.8,13.4,49.2,0.67,ARMED,,19.6,5,
1791342446240,28.530324,77.360964,50.0,CNG,25.62,24.7,5,1480,50.6,7.92,,89.0,0.00,-2.34,13.8,13.4,49.8,0.69,ARMED,,19.6,5,
1791342448035,28.530180,77.361192,51.0,CNG,27.35,14.9,5,1495,20.0,6.88,,89.0,-1.56,-4.69,13.8,0.0,50.4,0.68,ARMED,,15.3,5,
1791342448942,28.530108,77.361306,50.0,CNG,36.08,14.9,5,1494,20.0,2.97,,89.0,-1.56,-4.69,13.8,0.0,50.4,0.15,ARMED,,15.3,5,
1791342449689,28.530038,77.361415,48.0,CNG,42.49,14.9,5,1441,20.0,3.34,,89.0,-1.56,-4.69,13.8,0.0,49.3,-0.58,ARMED,,15.3,5,
1791342451465,28.529975,77.361521,45.0,CNG,47.34,14.9,5,1362,21.6,3.16,,89.0,0.00,0.00,13.8,0.0,46.8,-1.70,ARMED,,14.5,5,
1791342452363,28.529916,77.361615,40.0,CNG,54.38,14.9,5,1203,21.6,2.21,,89.0,0.00,0.00,13.8,0.0,40.7,-3.04,ARMED,,14.5,5,
1791342453207,28.529859,77.361705,39.0,CNG,56.16,14.9,5,1171,21.6,2.68,,89.0,0.00,0.00,13.5,0.0,38.9,-2.69,ARMED,,14.5,5,
1791342454903,28.529751,77.361879,38.0,CNG,57.44,14.9,5,1146,65.1,2.60,,89.0,0.00,-3.91,13.7,0.0,37.8,-2.14,ARMED,,20.4,4,
1791342455707,28.529698,77.361966,38.0,CNG,33.95,23.1,5,1128,65.1,7.57,,89.0,0.00,-3.91,13.5,11.2,37.4,-0.62,ARMED,,20.4,4,
1791342456483,28.529698,77.361966,39.0,CNG,26.35,23.1,5,1150,65.1,8.11,,88.0,0.00,-3.91,13.5,11.2,38.0,-0.03,ARMED,,20.4,4,
1791342458080,28.529588,77.362151,39.0,CNG,26.50,23.1,5,1172,54.9,5.96,,88.0,-3.13,-2.34,13.6,11.2,38.8,0.46,ARMED,,18.8,5,
1791342458811,28.529531,77.362246,41.0,CNG,26.73,23.1,5,1217,54.9,6.19,,88.0,-3.13,-2.34,13.6,11.2,40.7,1.00,ARMED,,18.8,5,
1791342459711,28.529473,77.362347,42.0,CNG,25.84,22.0,5,1240,54.9,6.96,,88.0,-3.13,-2.34,13.7,9.6,41.6,1.02,ARMED,,18.8,5,
1791342461387,28.529413,77.362444,42.0,CNG,34.13,14.9,5,1248,21.6,2.68,,88.0,0.00,0.00,13.7,0.0,42.1,0.81,ARMED,,14.5,5,
1791342462334,28.529357,77.362543,41.0,CNG,37.02,20.4,5,1232,21.6,3.95,,88.0,0.00,0.00,13.6,7.5,41.6,-0.07,ARMED,,14.5,5,
1791342463152,28.529298,77.362641,41.0,CNG,38.29,20.8,5,1232,21.6,4.15,,89.0,0.00,0.00,13.6,8.0,41.4,-0.11,ARMED,,14.5,5,
1791342464969,28.529185,77.362836,41.0,CNG,40.93,20.8,5,1233,32.2,3.67,,89.0,-1.56,-3.91,13.6,8.0,41.3,-0.10,ARMED,,18.0,5,
1791342465825,28.529127,77.362937,42.0,CNG,36.18,20.8,5,1248,32.2,5.55,,88.0,-1.56,-3.91,13.6,8.0,41.8,0.18,ARMED,,18.0,5,
1791342466609,28.529065,77.363039,43.0,CNG,35.49,20.8,5,1261,32.2,5.09,,88.0,-1.56,-3.91,13.6,8.0,42.2,0.34,ARMED,,18.0,5,
1791342468458,28.529009,77.363142,43.0,CNG,32.96,20.8,5,1276,41.6,5.89,,89.0,-2.34,-3.13,13.6,8.0,42.7,0.41,ARMED,,17.6,5,
1791342469295,28.528951,77.363246,44.0,CNG,32.27,20.8,5,1293,41.6,5.74,,89.0,-2.34,-3.13,13.6,8.0,43.5,0.41,ARMED,,17.6,5,
1791342470054,28.528890,77.363347,44.0,CNG,33.37,20.8,5,1308,41.6,5.12,,88.0,-2.34,-3.13,13.6,8.0,43.9,0.45,ARMED,,17.6,5,
1791342471883,28.528769,77.363558,44.0,CNG,34.06,20.8,5,1322,39.6,5.12,,88.0,-0.78,-3.91,13.7,8.0,44.4,0.47,ARMED,,16.1,5,
1791342472747,28.528711,77.363663,45.0,CNG,37.70,20.8,5,1351,39.6,4.12,,89.0,-0.78,-3.91,13.7,8.0,45.4,0.49,ARMED,,16.1,5,
1791342473536,28.528711,77.363663,46.0,CNG,38.90,20.8,5,1359,39.6,4.61,,89.0,-0.78,-3.91,13.7,8.0,45.7,0.48,ARMED,,16.1,5,
1791342475250,28.528589,77.363882,46.0,CNG,42.32,20.8,5,1374,28.6,3.87,,89.0,-0.78,-5.47,13.7,8.0,46.1,0.49,ARMED,,16.5,5,
1791342476194,28.528529,77.363993,47.0,CNG,42.24,20.8,5,1404,28.6,4.56,,89.0,-0.78,-5.47,13.4,8.0,47.1,0.52,ARMED,,16.5,5,
1791342476941,28.528466,77.364106,48.0,CNG,45.34,20.8,5,1416,28.6,3.87,,89.0,-0.78,-5.47,13.4,8.0,47.6,0.53,ARMED,,16.5,5,
1791342478734,28.528347,77.364339,48.0,CNG,47.19,20.8,5,1427,27.5,3.91,,89.0,-0.78,-5.47,13.7,8.0,48.0,0.51,ARMED,,16.5,5,
1791342479631,28.528347,77.364339,49.0,CNG,45.75,20.8,5,1452,27.5,4.57,,88.0,-0.78,-5.47,13.7,8.0,48.8,0.49,ARMED,,16.5,5,
1791342480398,28.528287,77.364456,49.0,CNG,47.77,20.8,5,1467,27.5,3.92,,88.0,-0.78,-5.47,13.8,8.0,49.2,0.51,ARMED,,16.5,5,
1791342482233,28.528165,77.364695,50.0,CNG,47.63,20.8,5,1476,34.5,4.31,,88.0,3.13,-4.69,13.8,8.0,49.6,0.49,ARMED,,17.6,5,
1791342483118,28.528101,77.364824,50.0,CNG,43.04,20.8,5,1500,34.5,5.42,,88.0,3.13,-4.69,13.6,8.0,50.4,0.46,ARMED,,17.6,5,
1791342483867,28.528035,77.364948,51.0,CNG,38.78,20.8,5,1520,34.5,6.15,,88.0,3.13,-4.69,13.6,8.0,50.9,0.52,ARMED,,17.6,5,
1791342485642,28.527904,77.365200,51.0,CNG,36.74,20.8,5,1526,34.9,6.11,,88.0,1.56,-4.69,13.6,8.0,51.3,0.49,ARMED,,18.0,5,
1791342486513,28.527904,77.365200,52.0,CNG,36.50,20.8,5,1551,34.9,5.88,,88.0,1.56,-4.69,13.6,8.0,52.1,0.47,ARMED,,18.0,5,
1791342487293,28.527838,77.365329,53.0,CNG,37.28,20.8,5,1565,34.9,5.63,,88.0,1.56,-4.69,13.7,8.0,52.5,0.49,ARMED,,18.0,5,
1791342489131,28.527706,77.365592,53.0,CNG,40.69,20.8,5,1577,25.1,4.61,,88.0,1.56,-5.47,13.7,8.0,52.9,0.49,ARMED,,16.5,5,
1791342489961,28.527641,77.365723,54.0,CNG,44.52,20.8,5,1603,25.1,4.28,,88.0,1.56,-5.47,13.5,8.0,53.9,0.50,ARMED,,16.5,5,
1791342490715,28.527575,77.365858,54.0,CNG,48.04,20.8,5,1609,25.1,4.06,,88.0,1.56,-5.47,13.5,8.0,54.1,0.47,ARMED,,16.5,5,
1791342492417,28.527507,77.365992,55.0,CNG,49.86,20.8,5,1622,24.7,4.26,,88.0,0.78,-5.47,13.9,8.0,54.5,0.47,ARMED,,16.5,5,
1791342493251,28.527435,77.366123,55.0,CNG,51.42,20.8,5,1643,24.7,4.17,,88.0,0.78,-5.47,13.9,8.0,55.2,0.44,ARMED,,16.5,5,
1791342494058,28.527365,77.366258,56.0,CNG,51.24,20.8,5,1661,24.7,4.49,,88.0,0.78,-5.47,13.5,8.0,55.7,0.49,ARMED,,16.5,5,
1791342495806,28.527216,77.366526,56.0,CNG,51.22,20.8,5,1659,24.3,4.47,,88.0,0.78,-5.47,13.5,8.0,55.9,0.42,ARMED,,16.5,5,
1791342496675,28.527141,77.366660,56.0,CNG,52.59,20.8,5,1677,24.3,4.18,,88.0,0.78,-5.47,13.8,8.0,56.4,0.35,ARMED,,16.5,5,
1791342497445,28.527141,77.366660,56.0,CNG,45.91,20.8,5,1680,24.3,5.93,,88.0,0.78,-5.47,13.8,8.0,56.5,0.32,ARMED,,16.5,5,
1791342499274,28.526992,77.366928,57.0,CNG,44.40,20.8,5,1682,32.5,5.50,,88.0,0.78,-4.69,13.6,8.0,56.6,0.27,ARMED,,18.0,5,
1791342500214,28.526913,77.367056,56.0,CNG,42.99,20.8,5,1679,32.5,5.58,,88.0,0.78,-4.69,13.6,8.0,56.4,-0.03,LOCKED,56.4,18.0,5,
1791342500969,28.526834,77.367186,57.0,CNG,39.73,20.8,5,1679,32.5,6.52,,88.0,0.78,-4.69,13.7,8.0,56.4,-0.03,LOCKED,56.4,18.0,5,
1791342502817,28.526669,77.367440,56.0,CNG,37.75,20.8,5,1686,32.9,6.52,,88.0,0.78,-3.91,13.7,8.0,56.5,0.02,LOCKED,56.4,18.0,5,
1791342503727,28.526585,77.367562,56.0,CNG,36.77,20.8,5,1674,32.9,6.47,,88.0,0.78,-3.91,13.7,8.0,56.2,-0.06,LOCKED,56.4,18.0,5,
1791342504478,28.526585,77.367562,56.0,CNG,39.93,20.8,5,1677,32.9,4.99,,88.0,0.78,-3.91,13.7,8.0,56.2,-0.05,LOCKED,56.4,18.0,5,
1791342506217,28.526402,77.367809,56.0,CNG,43.35,20.8,5,1672,23.5,4.60,,88.0,0.78,-4.69,13.7,8.0,56.1,-0.06,LOCKED,56.4,15.3,5,
1791342507091,28.526310,77.367929,56.0,CNG,47.40,14.9,5,1690,23.5,4.15,,89.0,0.78,-4.69,13.7,0.0,56.6,0.19,LOCKED,56.4,15.3,5,
1791342507845,28.526219,77.368046,55.0,CNG,50.89,14.9,5,1657,23.5,3.92,,89.0,0.78,-4.69,13.8,0.0,56.0,-0.24,LOCKED,56.4,15.3,5,
1791342509513,28.526129,77.368162,55.0,CNG,57.38,14.9,5,1641,19.6,3.16,,88.0,0.00,0.00,13.8,0.0,55.2,-0.55,LOCKED,56.4,15.3,5,
1791342510481,28.526038,77.368275,53.0,CNG,59.44,14.9,5,1600,19.6,3.44,,88.0,0.00,0.00,13.7,0.0,53.6,-0.85,LOCKED,56.4,15.3,5,
1791342511202,28.525951,77.368387,51.0,CNG,58.58,14.9,5,1536,19.6,3.64,,88.0,0.00,0.00,13.7,0.0,51.9,-1.42,LOCKED,56.4,15.3,5,
1791342512923,28.525798,77.368582,48.0,CNG,63.34,14.9,5,1444,21.2,2.68,,88.0,0.00,0.00,13.9,0.0,49.1,-2.37,LOCKED,56.4,14.5,4,
1791342513826,28.525731,77.368663,39.0,CNG,58.67,14.9,5,1181,21.2,3.11,,88.0,0.00,0.00,13.9,0.0,39.9,-4.60,LOCKED,56.4,14.5,4,
1791342514592,28.525731,77.368663,37.0,CNG,61.04,19.2,5,1115,21.2,2.29,,88.0,0.00,0.00,13.6,5.9,36.9,-4.39,LOCKED,56.4,14.5,4,
1791342516166,28.525609,77.368816,37.0,CNG,44.29,20.4,5,1078,49.8,5.03,,88.0,0.00,-3.91,13.6,7.5,35.0,-3.56,LOCKED,56.4,18.8,4,
1791342517069,28.525547,77.368896,37.0,CNG,28.35,25.9,5,1119,49.8,8.47,,88.0,0.00,-3.91,13.6,15.0,36.2,-0.28,ARMED,,18.8,5,
1791342517829,28.525484,77.368975,39.0,CNG,22.23,25.9,5,1151,49.8,9.49,,88.0,0.00,-3.91,13.6,15.0,37.6,0.65,ARMED,,18.8,5,
1791342519490,28.525424,77.369064,40.0,CNG,19.87,25.9,5,1184,76.9,9.51,,88.0,-1.56,-2.34,13.6,15.0,39.0,1.16,ARMED,,22.0,4,
1791342520261,28.525357,77.369151,42.0,CNG,19.27,25.9,5,1247,76.9,9.28,,88.0,-1.56,-2.34,13.6,15.0,41.6,1.47,ARMED,,22.0,4,
1791342521205,28.525290,77.369243,43.0,CNG,27.21,21.6,5,1266,76.9,2.71,,88.0,-1.56,-2.34,13.5,9.1,42.5,1.27,ARMED,,22.0,4,
1791342523040,28.525145,77.369422,43.0,CNG,29.60,21.6,5,1268,37.6,5.18,,88.0,-3.13,-3.91,13.7,9.1,42.9,0.88,ARMED,,17.3,5,
1791342523891,28.525070,77.369513,44.0,CNG,32.93,21.6,5,1290,37.6,4.58,,88.0,-3.13,-3.91,13.6,9.1,43.4,0.38,ARMED,,17.3,5,
1791342524625,28.524999,77.369608,44.0,CNG,33.36,21.6,5,1298,37.6,5.29,,89.0,-3.13,-3.91,13.6,9.1,43.6,0.36,ARMED,,17.3,5,
1791342526427,28.524924,77.369702,44.0,CNG,35.23,21.6,5,1313,36.9,4.68,,89.0,-1.56,-3.91,13.8,9.1,44.0,0.39,ARMED,,17.3,5,
1791342527290,28.524855,77.369793,45.0,CNG,35.99,21.6,5,1332,36.9,4.95,,89.0,-1.56,-3.91,13.8,9.1,44.7,0.39,ARMED,,17.3,5,
1791342528042,28.524779,77.369886,45.0,CNG,36.99,21.6,5,1342,36.9,4.77,,89.0,-1.56,-3.91,13.7,9.1,45.1,0.40,ARMED,,17.3,5,
1791342529757,28.524633,77.370080,45.0,CNG,35.64,21.6,5,1341,36.5,5.44,,89.0,0.78,-3.91,13.7,9.1,45.2,0.34,ARMED,,17.3,5,
1791342530671,28.524558,77.370177,46.0,CNG,33.68,22.0,5,1368,36.5,6.03,,89.0,0.78,-3.91,13.7,9.6,45.9,0.37,ARMED,,17.3,5,
1791342531452,28.524558,77.370177,46.0,CNG,31.86,22.0,5,1356,36.5,6.37,,89.0,0.78,-3.91,13.7,9.6,45.8,0.13,ARMED,,17.3,5,
1791342533182,28.524410,77.370373,47.0,CNG,30.70,22.0,5,1383,47.1,6.59,,89.0,0.00,-3.13,13.7,9.6,46.3,0.35,ARMED,,18.8,5,
1791342534046,28.524334,77.370473,47.0,CNG,29.49,22.0,5,1400,47.1,6.89,,90.0,0.00,-3.13,13.7,9.6,47.1,0.38,ARMED,,18.8,5,
1791342534801,28.524256,77.370573,47.0,CNG,28.36,22.0,5,1410,47.1,7.16,,90.0,0.00,-3.13,13.6,9.6,47.4,0.39,ARMED,,18.8,5,
1791342536588,28.524098,77.370777,48.0,CNG,27.96,22.0,5,1413,45.1,7.16,,90.0,0.78,-3.13,13.6,9.6,47.6,0.35,ARMED,,18.8,5,
1791342537483,28.524098,77.370777,48.0,CNG,30.71,22.0,5,1438,45.1,5.46,,90.0,0.78,-3.13,13.7,9.6,48.3,0.38,ARMED,,18.8,5,
1791342538207,28.524023,77.370880,48.0,CNG,32.79,22.4,5,1438,45.1,5.38,,90.0,0.78,-3.13,13.7,10.2,48.4,0.32,ARMED,,18.8,5,
1791342539937,28.523872,77.371097,49.0,CNG,34.06,22.4,5,1456,37.6,5.55,,90.0,0.00,-3.91,13.5,10.2,48.9,0.37,ARMED,,18.0,5,
1791342540762,28.523798,77.371209,50.0,CNG,34.13,22.4,5,1468,37.6,5.97,,90.0,0.00,-3.91,13.5,10.2,49.4,0.35,ARMED,,18.0,5,
1791342541548,28.523727,77.371322,50.0,CNG,34.81,22.4,5,1477,37.6,5.70,,90.0,0.00,-3.91,13.6,10.2,49.7,0.36,ARMED,,18.0,5,
1791342543285,28.523655,77.371438,50.0,CNG,34.98,22.7,5,1496,37.6,5.80,,90.0,0.00,-3.91,13.6,10.7,50.2,0.42,ARMED,,18.0,5,
1791342544184,28.523580,77.371561,51.0,CNG,33.98,22.7,5,1509,37.6,6.39,,90.0,0.00,-3.91,13.7,10.7,50.8,0.39,ARMED,,18.0,5,
1791342544945,28.523507,77.371682,51.0,CNG,34.15,22.7,5,1527,37.6,6.06,,90.0,0.00,-3.91,13.7,10.7,51.3,0.44,ARMED,,18.0,5,
1791342546714,28.523370,77.371923,52.0,CNG,33.54,22.7,5,1532,36.9,6.50,,90.0,0.00,-3.91,13.9,10.7,51.6,0.41,ARMED,,18.0,5,
1791342547554,28.523370,77.371923,52.0,CNG,32.97,22.4,5,1554,36.9,6.61,,90.0,0.00,-3.91,13.9,10.2,52.3,0.41,ARMED,,18.0,5,
1791342548354,28.523303,77.372047,52.0,CNG,31.08,22.7,5,1564,36.9,7.42,,90.0,0.00,-3.91,13.6,10.7,52.6,0.40,ARMED,,18.0,5,
1791342550160,28.523167,77.372300,53.0,CNG,29.86,22.7,5,1563,44.7,7.67,,89.0,0.00,-3.13,13.6,10.7,52.7,0.33,ARMED,,19.2,5,
1791342551031,28.523096,77.372428,53.0,CNG,29.73,22.7,5,1578,44.7,7.33,,89.0,0.00,-3.13,13.5,10.7,53.1,0.29,ARMED,,19.2,5,
1791342551836,28.523029,77.372553,53.0,CNG,29.69,22.7,5,1588,44.7,7.31,,89.0,0.00,-3.13,13.5,10.7,53.4,0.30,CANDIDATE,53.4,19.2,5,
1791342553811,28.522894,77.372813,53.0,CNG,28.36,22.4,5,1578,38.8,8.15,,89.0,0.78,-3.13,13.7,10.2,53.2,0.08,LOCKED,53.2,18.4,5,
1791342554703,28.522832,77.372942,53.0,CNG,30.13,22.7,5,1594,38.8,6.52,,89.0,0.78,-3.13,13.7,10.7,53.5,0.10,LOCKED,53.2,18.4,5,
1791342555470,28.522832,77.372942,54.0,CNG,32.47,22.4,5,1585,38.8,6.02,,89.0,0.78,-3.13,13.8,10.2,53.4,0.05,LOCKED,53.2,18.4,5,
1791342557322,28.522705,77.373214,54.0,CNG,33.58,22.4,5,1591,36.1,6.24,,89.0,0.00,-3.13,13.7,10.2,53.5,0.06,LOCKED,53.2,18.4,5,
1791342558250,28.522641,77.373343,54.0,CNG,33.40,22.4,5,1594,36.1,6.66,,89.0,0.00,-3.13,13.9,10.2,53.6,0.07,LOCKED,53.2,18.4,5,
1791342559034,28.522578,77.373475,54.0,CNG,33.42,22.4,5,1603,36.1,6.60,,89.0,0.00,-3.13,13.9,10.2,53.8,0.12,LOCKED,53.2,18.4,5,
1791342560920,28.522446,77.373741,54.0,CNG,33.32,22.4,5,1598,35.7,6.65,,89.0,0.78,-3.13,13.8,10.2,53.8,0.09,LOCKED,53.2,18.4,5,
1791342561788,28.522385,77.373868,54.0,CNG,34.28,20.0,5,1613,35.7,6.16,,89.0,0.78,-3.13,13.8,7.0,54.2,0.13,LOCKED,53.2,18.4,5,
1791342562599,28.522313,77.374001,54.0,CNG,42.49,20.0,5,1612,35.7,3.33,,89.0,0.78,-3.13,13.8,7.0,54.3,0.11,LOCKED,53.2,18.4,5,
1791342564290,28.522247,77.374134,54.0,CNG,46.68,20.0,5,1605,26.7,4.03,,88.0,0.00,-4.69,13.8,7.0,54.1,0.04,LOCKED,53.2,16.5,5,
1791342565181,28.522182,77.374265,53.0,CNG,44.34,20.0,5,1594,26.7,5.26,,88.0,0.00,-4.69,13.7,7.0,53.6,-0.22,LOCKED,53.2,16.5,5,
1791342565988,28.522112,77.374388,53.0,CNG,42.66,20.0,5,1581,26.7,5.37,,88.0,0.00,-4.69,13.7,7.0,53.2,-0.28,LOCKED,53.2,16.5,5,
1791342567793,28.521974,77.374638,53.0,CNG,41.77,20.0,5,1566,32.9,5.35,,88.0,0.00,-3.91,13.6,7.0,52.7,-0.35,LOCKED,53.2,18.0,5,
1791342568718,28.521903,77.374760,52.0,CNG,38.05,20.8,5,1573,32.9,6.35,,88.0,0.00,-3.91,13.6,8.0,52.7,-0.08,LOCKED,53.2,18.0,5,
1791342569536,28.521903,77.374760,53.0,CNG,36.78,20.8,5,1559,32.9,6.18,,88.0,0.00,-3.91,13.7,8.0,52.4,-0.13,LOCKED,53.2,18.0,5,
1791342571334,28.521761,77.375006,53.0,CNG,38.00,20.8,5,1578,26.7,5.42,,88.0,0.00,-3.91,13.7,8.0,52.8,0.12,LOCKED,53.2,16.5,5,
1791342572227,28.521692,77.375129,53.0,CNG,41.12,20.8,5,1576,26.7,4.62,,88.0,0.00,-3.91,13.8,8.0,52.9,0.10,LOCKED,53.2,16.5,5,
1791342572983,28.521622,77.375255,53.0,CNG,42.30,20.8,5,1585,26.7,4.90,,88.0,0.00,-3.91,13.8,8.0,53.1,0.14,LOCKED,53.2,16.5,5,
1791342574727,28.521477,77.375507,53.0,CNG,44.42,20.8,5,1587,27.1,4.51,,88.0,0.00,-3.91,13.7,8.0,53.3,0.15,LOCKED,53.2,16.9,5,
1791342575547,28.521477,77.375507,53.0,CNG,43.66,21.2,5,1590,27.1,5.09,,88.0,0.00,-3.91,13.7,8.6,53.3,0.11,LOCKED,53.2,16.9,5,
1791342576290,28.521401,77.375633,54.0,CNG,43.36,21.2,5,1596,27.1,5.14,,88.0,0.00,-3.91,13.8,8.6,53.5,0.13,LOCKED,53.2,16.9,5,
1791342578074,28.521247,77.375875,54.0,CNG,43.12,21.2,5,1595,27.5,5.16,,88.0,0.78,-3.91,13.8,8.6,53.6,0.11,LOCKED,53.2,16.9,5,
1791342578944,28.521167,77.375997,54.0,CNG,47.19,18.8,5,1604,27.5,4.02,,88.0,0.78,-3.91,13.7,5.4,53.8,0.14,LOCKED,53.2,16.9,5,
1791342579680,28.521084,77.376118,54.0,CNG,51.60,18.8,5,1597,27.5,3.68,,88.0,0.78,-3.91,13.7,5.4,53.8,0.08,LOCKED,53.2,16.9,5,
1791342581478,28.520998,77.376239,54.0,CNG,53.96,19.2,5,1589,22.7,3.81,,88.0,0.78,-4.69,13.6,5.9,53.5,-0.08,LOCKED,53.2,16.1,5,
1791342582355,28.520915,77.376355,53.0,CNG,51.64,19.2,5,1582,22.7,4.47,,88.0,0.78,-4.69,13.6,5.9,53.2,-0.13,LOCKED,53.2,16.1,5,
1791342583152,28.520832,77.376467,52.0,CNG,49.40,19.2,5,1545,22.7,4.59,,88.0,0.78,-4.69,13.5,5.9,52.4,-0.55,LOCKED,53.2,16.1,5,
1791342584907,28.520660,77.376684,52.0,CNG,48.08,19.2,5,1547,25.9,4.60,,88.0,0.00,-3.91,13.5,5.9,51.9,-0.53,LOCKED,53.2,16.5,5,
1791342585770,28.520573,77.376785,51.0,CNG,46.50,20.4,5,1519,25.9,4.71,,88.0,0.00,-3.91,13.7,7.5,51.0,-0.53,LOCKED,53.2,16.5,5,
1791342586567,28.520484,77.376889,51.0,CNG,41.89,21.2,5,1515,25.9,5.73,,88.0,0.00,-3.91,13.7,8.6,50.8,-0.47,LOCKED,53.2,16.5,5,
1791342588349,28.520394,77.376995,51.0,CNG,41.41,21.2,5,1507,29.8,5.12,,88.0,1.56,-3.91,13.8,8.6,50.6,-0.41,LOCKED,53.2,17.3,5,
1791342589192,28.520309,77.377092,51.0,CNG,40.97,21.6,5,1514,29.8,5.17,,88.0,1.56,-3.91,13.8,9.1,50.8,0.01,LOCKED,53.2,17.3,5,
1791342589947,28.520218,77.377195,51.0,CNG,40.27,21.6,5,1514,29.8,5.31,,88.0,1.56,-3.91,13.7,9.1,50.8,0.03,LOCKED,53.2,17.3,5,
1791342591856,28.520038,77.377397,51.0,CNG,38.36,21.6,5,1525,32.2,5.82,,88.0,0.00,-3.91,13.7,9.1,51.1,0.18,LOCKED,53.2,17.6,5,
1791342592750,28.519947,77.377498,52.0,CNG,39.52,21.6,5,1535,32.2,5.14,,88.0,0.00,-3.91,13.5,9.1,51.6,0.21,LOCKED,53.2,17.6,5,
1791342593504,28.519947,77.377498,52.0,CNG,40.26,21.6,5,1543,32.2,5.13,,88.0,0.00,-3.91,13.5,9.1,51.9,0.23,LOCKED,53.2,17.6,5,
1791342595365,28.519761,77.377700,52.0,CNG,38.73,21.6,5,1545,31.8,5.80,,88.0,0.00,-3.91,13.8,9.1,52.0,0.22,LOCKED,53.2,17.6,5,
1791342596238,28.519667,77.377800,52.0,CNG,39.12,21.6,5,1548,31.8,5.35,,89.0,0.00,-3.91,13.8,9.1,52.1,0.15,LOCKED,53.2,17.6,5,
1791342596997,28.519574,77.377900,52.0,CNG,37.98,21.6,5,1547,31.8,5.84,,89.0,0.00,-3.91,13.8,9.1,52.1,0.12,LOCKED,53.2,17.6,5,
1791342598655,28.519383,77.378100,52.0,CNG,37.28,21.6,5,1550,38.4,5.86,,89.0,-0.78,-3.13,13.8,9.1,52.2,0.10,LOCKED,53.2,18.4,5,
1791342599525,28.519383,77.378100,52.0,CNG,35.18,19.6,5,1554,38.4,6.55,,89.0,-0.78,-3.13,13.5,6.4,52.2,0.08,LOCKED,53.2,18.4,5,
1791342600351,28.519288,77.378201,52.0,CNG,43.19,14.9,5,1561,38.4,3.24,,89.0,-0.78,-3.13,13.5,0.0,52.4,0.11,LOCKED,53.2,18.4,5,
1791342602078,28.519105,77.378399,51.0,CNG,50.99,14.9,5,1527,20.0,2.96,,89.0,0.00,0.00,13.8,0.0,51.7,-0.35,LOCKED,53.2,14.9,5,
1791342603027,28.519022,77.378490,47.0,CNG,51.28,19.2,5,1390,20.0,3.71,,89.0,0.00,0.00,13.8,5.9,47.2,-2.08,LOCKED,53.2,14.9,4,
1791342603830,28.518940,77.378583,47.0,CNG,51.16,19.2,5,1370,20.0,3.77,,89.0,0.00,0.00,13.8,5.9,45.9,-1.90,LOCKED,53.2,14.9,4,
1791342605567,28.518776,77.378770,46.0,CNG,55.32,19.2,5,1400,20.4,2.96,,89.0,2.34,-4.69,13.8,5.9,46.1,-0.82,LOCKED,53.2,14.9,4,
1791342606595,28.518776,77.378770,46.0,CNG,62.11,14.9,5,1358,20.4,2.45,,89.0,2.34,-4.69,13.9,0.0,45.6,-0.40,ARMED,,14.9,5,
1791342607377,28.518696,77.378861,45.0,CNG,61.63,14.9,5,1352,20.4,3.02,,89.0,2.34,-4.69,13.9,0.0,45.4,-0.35,ARMED,,14.9,5,
1791342609167,28.518544,77.379031,44.0,CNG,65.73,14.9,5,1324,21.6,2.45,,89.0,0.00,0.00,13.8,0.0,44.7,-0.58,ARMED,,14.1,5,
1791342609993,28.518468,77.379104,39.0,CNG,65.09,20.4,5,1177,21.6,2.49,,89.0,0.00,0.00,13.8,7.5,39.9,-2.25,ARMED,,14.1,5,
1791342610773,28.518398,77.379178,39.0,CNG,37.89,24.7,5,1121,21.6,7.10,,89.0,0.00,0.00,13.8,13.4,37.9,-2.45,ARMED,,14.1,5,
1791342612391,28.518324,77.379255,40.0,CNG,28.91,24.7,5,1176,61.2,7.73,,88.0,0.00,-2.34,13.8,13.4,38.2,-1.22,ARMED,,19.6,4,
1791342613217,28.518249,77.379332,41.0,CNG,27.06,23.9,5,1219,61.2,6.78,,88.0,0.00,-2.34,13.8,12.3,40.4,0.77,ARMED,,19.6,4,
1791342614084,28.518171,77.379411,42.0,CNG,27.23,23.5,5,1243,61.2,6.25,,88.0,0.00,-2.34,13.8,11.8,41.6,1.05,ARMED,,19.6,4,
1791342615783,28.518015,77.379571,43.0,CNG,24.58,14.9,5,1268,36.5,8.15,,88.0,-4.69,-3.91,13.8,0.0,42.6,1.11,ARMED,,17.6,5,
1791342616674,28.517935,77.379653,43.0,CNG,26.39,21.2,5,1269,36.5,5.94,,89.0,-4.69,-3.91,13.8,8.6,42.9,0.36,ARMED,,17.6,5,
1791342617431,28.517935,77.379653,43.0,CNG,28.78,21.2,5,1275,36.5,5.29,,89.0,-4.69,-3.91,13.6,8.6,43.0,0.32,ARMED,,17.6,5,
1791342619163,28.517775,77.379817,43.0,CNG,29.55,21.2,5,1281,49.0,5.71,,89.0,0.00,-3.13,13.6,8.6,43.2,0.28,ARMED,,18.8,5,
1791342620095,28.517698,77.379901,44.0,CNG,28.10,22.0,5,1297,49.0,6.86,,89.0,0.00,-3.13,13.6,9.6,43.7,0.29,ARMED,,18.8,5,
1791342620928,28.517620,77.379986,44.0,CNG,27.71,22.0,5,1312,49.0,6.62,,89.0,0.00,-3.13,13.6,9.6,44.1,0.33,ARMED,,18.8,5,
1791342622719,28.517460,77.380158,44.0,CNG,30.28,22.0,5,1322,40.8,5.12,,89.0,-0.78,-3.13,13.7,9.6,44.5,0.35,ARMED,,17.6,5,
1791342623562,28.517460,77.380158,45.0,CNG,30.49,22.0,5,1351,40.8,5.97,,89.0,-0.78,-3.13,13.7,9.6,45.4,0.42,ARMED,,17.6,5,
1791342624306,28.517377,77.380247,46.0,CNG,32.28,22.0,5,1363,40.8,5.33,,89.0,-0.78,-3.13,13.7,9.6,45.8,0.44,ARMED,,17.6,5,
1791342626176,28.517211,77.380423,46.0,CNG,32.89,22.0,5,1369,38.8,5.56,,89.0,0.78,-3.13,13.6,9.6,46.1,0.42,ARMED,,17.6,5,
1791342627070,28.517126,77.380511,47.0,CNG,32.55,22.0,5,1387,38.8,5.99,,89.0,0.78,-3.13,13.7,9.6,46.7,0.38,ARMED,,17.6,5,
1791342627785,28.517041,77.380603,47.0,CNG,32.82,22.0,5,1399,38.8,5.78,,89.0,0.78,-3.13,13.7,9.6,47.0,0.40,ARMED,,17.6,5,
1791342629649,28.516876,77.380789,48.0,CNG,32.97,22.0,5,1416,37.6,5.91,,89.0,0.00,-3.13,13.8,9.6,47.6,0.45,ARMED,,17.6,5,
1791342630507,28.516876,77.380789,48.0,CNG,32.25,22.7,5,1436,37.6,6.28,,89.0,0.00,-3.13,13.8,10.7,48.3,0.43,ARMED,,17.6,5,
1791342631301,28.516790,77.380882,49.0,CNG,32.16,22.7,5,1443,37.6,6.25,,89.0,0.00,-3.13,13.6,10.7,48.6,0.42,ARMED,,17.6,5,
1791342633070,28.516613,77.381073,49.0,CNG,29.13,22.7,5,1455,47.8,7.83,,89.0,0.00,-2.34,13.6,10.7,49.0,0.42,ARMED,,19.6,5,
1791342633996,28.516525,77.381170,50.0,CNG,27.34,22.7,5,1477,47.8,8.14,,89.0,0.00,-2.34,13.5,10.7,49.7,0.42,ARMED,,19.6,5,
1791342634729,28.516435,77.381269,50.0,CNG,27.04,22.7,5,1490,47.8,7.68,,89.0,0.00,-2.34,13.5,10.7,50.1,0.44,ARMED,,19.6,5,
1791342636586,28.516253,77.381470,50.0,CNG,26.25,22.7,5,1501,47.1,8.12,,89.0,0.00,-2.34,13.7,10.7,50.5,0.44,ARMED,,19.6,5,
1791342637434,28.516253,77.381470,51.0,CNG,26.68,22.7,5,1524,47.1,7.63,,90.0,0.00,-2.34,13.7,10.7,51.3,0.42,ARMED,,19.6,5,
1791342638231,28.516164,77.381571,52.0,CNG,28.99,22.7,5,1535,47.1,6.41,,90.0,0.00,-2.34,13.7,10.7,51.6,0.44,ARMED,,19.6,5,
1791342640050,28.515974,77.381771,52.0,CNG,30.11,22.7,5,1552,37.6,6.66,,90.0,0.00,-3.13,13.7,10.7,52.1,0.47,ARMED,,18.4,5,
1791342640914,28.515878,77.381876,53.0,CNG,31.83,22.7,5,1574,37.6,6.24,,90.0,0.00,-3.13,13.8,10.7,52.9,0.47,ARMED,,18.4,5,
1791342641646,28.515785,77.381975,53.0,CNG,31.76,22.7,5,1587,37.6,6.84,,90.0,0.00,-3.13,13.8,10.7,53.3,0.48,ARMED,,18.4,5,
1791342643472,28.515686,77.382077,54.0,CNG,32.56,22.7,5,1596,36.9,6.53,,90.0,0.00,-3.13,13.9,10.7,53.7,0.46,ARMED,,18.4,5,
1791342644311,28.515587,77.382180,55.0,CNG,32.78,22.7,5,1625,36.9,6.79,,90.0,0.00,-3.13,13.9,10.7,54.7,0.49,ARMED,,18.4,5,
1791342645109,28.515487,77.382288,55.0,CNG,34.27,22.7,5,1636,36.9,6.12,,90.0,0.00,-3.13,13.6,10.7,55.0,0.50,ARMED,,18.4,5,
1791342646864,28.515284,77.382499,55.0,CNG,38.01,21.6,5,1633,30.2,4.96,,89.0,2.34,-3.13,13.6,9.1,55.1,0.29,ARMED,,17.3,5,
1791342647752,28.515184,77.382604,55.0,CNG,39.00,21.6,5,1648,30.2,5.54,,89.0,2.34,-3.13,13.8,9.1,55.4,0.25,ARMED,,17.3,5,
1791342648506,28.515184,77.382604,55.0,CNG,40.68,22.0,5,1647,30.2,5.17,,89.0,2.34,-3.13,13.8,9.6,55.5,0.20,CANDIDATE,55.5,17.3,5,
1791342650371,28.514984,77.382816,55.0,CNG,37.74,22.0,5,1654,38.4,6.60,,89.0,-1.56,-2.34,13.7,9.6,55.6,0.18,LOCKED,55.6,18.8,5,
1791342651245,28.514885,77.382925,56.0,CNG,47.13,14.9,5,1648,38.4,3.08,,89.0,-1.56,-2.34,13.7,0.0,55.5,-0.01,LOCKED,55.6,18.8,5,
1791342652031,28.514784,77.383032,55.0,CNG,49.83,14.9,5,1639,38.4,4.12,,89.0,-1.56,-2.34,13.6,0.0,55.3,-0.07,LOCKED,55.6,18.8,5,
1791342653740,28.514588,77.383237,54.0,CNG,54.86,14.9,5,1613,19.6,3.40,,89.0,0.00,0.00,13.6,0.0,54.5,-0.45,LOCKED,55.6,15.3,5,
1791342654631,28.514588,77.383237,52.0,CNG,48.78,19.6,5,1554,19.6,5.12,,89.0,0.00,0.00,13.7,6.4,52.4,-1.07,LOCKED,55.6,15.3,5,
1791342655354,28.514493,77.383337,52.0,CNG,51.16,19.6,5,1563,19.6,3.84,,88.0,0.00,0.00,13.7,6.4,52.2,-0.76,LOCKED,55.6,15.3,5,
1791342657142,28.514307,77.383535,51.0,CNG,53.23,19.6,5,1534,19.6,3.67,,88.0,0.00,-4.69,13.9,6.4,51.5,-0.76,LOCKED,55.6,15.3,5,
1791342657983,28.514214,77.383632,51.0,CNG,57.12,19.6,5,1517,19.6,3.24,,88.0,0.00,-4.69,13.9,6.4,50.8,-0.44,LOCKED,55.6,15.3,5,
1791342658747,28.514118,77.383733,51.0,CNG,57.30,19.6,5,1523,19.6,3.62,,88.0,0.00,-4.69,13.8,6.4,50.9,-0.22,LOCKED,55.6,15.3,5,
1791342660585,28.513933,77.383935,51.0,CNG,58.63,20.4,5,1530,25.5,3.43,,88.0,-0.78,-3.91,13.7,7.5,51.1,0.02,LOCKED,55.6,16.9,5,
1791342661454,28.513933,77.383935,52.0,CNG,49.51,21.6,5,1530,25.5,5.28,,88.0,-0.78,-3.91,13.8,9.1,51.4,0.07,LOCKED,55.6,16.9,5,
1791342662196,28.513843,77.384042,51.0,CNG,45.20,21.6,5,1522,25.5,5.22,,88.0,-0.78,-3.91,13.8,9.1,51.3,0.01,LOCKED,55.6,16.9,5,
1791342663962,28.513668,77.384251,52.0,CNG,44.60,21.6,5,1528,30.6,4.86,,88.0,-0.78,-3.91,13.8,9.1,51.3,0.04,LOCKED,55.6,17.3,5,
1791342664852,28.513576,77.384352,52.0,CNG,44.32,21.6,5,1544,30.6,4.84,,88.0,-0.78,-3.91,13.8,9.1,51.9,0.25,LOCKED,55.6,17.3,5,
1791342665671,28.513484,77.384452,52.0,CNG,44.56,21.6,5,1541,30.6,4.73,,88.0,-0.78,-3.91,13.7,9.1,51.9,0.21,LOCKED,55.6,17.3,5,
1791342667387,28.513393,77.384556,52.0,CNG,40.73,21.6,5,1545,38.0,5.89,,88.0,-1.56,-3.13,13.7,9.1,52.0,0.18,LOCKED,55.6,18.4,5,
1791342668304,28.513298,77.384653,52.0,CNG,36.65,21.6,5,1549,38.0,6.67,,88.0,-1.56,-3.13,13.6,9.1,52.1,0.13,LOCKED,55.6,18.4,5,
1791342669106,28.513202,77.384749,52.0,CNG,35.45,21.6,5,1548,38.0,6.29,,88.0,-1.56,-3.13,13.6,9.1,52.1,0.10,LOCKED,55.6,18.4,5,
1791342670819,28.513014,77.384950,52.0,CNG,33.05,21.6,5,1552,38.4,7.08,,88.0,-0.78,-3.13,13.6,9.1,52.2,0.09,LOCKED,55.6,18.8,5,
1791342671706,28.512920,77.385051,53.0,CNG,33.02,21.6,5,1563,38.4,6.57,,89.0,-0.78,-3.13,13.6,9.1,52.6,0.15,LOCKED,55.6,18.8,5,
1791342672466,28.512920,77.385051,53.0,CNG,34.59,21.6,5,1566,38.4,5.82,,89.0,-0.78,-3.13,13.8,9.1,52.7,0.15,LOCKED,55.6,18.8,5,
1791342674274,28.512731,77.385258,53.0,CNG,36.89,21.6,5,1572,30.6,5.29,,89.0,0.78,-3.13,13.8,9.1,52.9,0.16,LOCKED,55.6,17.3,5,
1791342675161,28.512635,77.385357,53.0,CNG,38.42,21.6,5,1583,30.6,5.29,,89.0,0.78,-3.13,13.9,9.1,53.2,0.18,LOCKED,55.6,17.3,5,
1791342675904,28.512538,77.385459,53.0,CNG,40.27,21.6,5,1574,30.6,4.99,,89.0,0.78,-3.13,13.9,9.1,53.1,0.03,LOCKED,55.6,17.3,5,
1791342677739,28.512340,77.385665,53.0,CNG,40.30,21.6,5,1583,30.2,5.37,,89.0,0.00,-3.13,13.7,9.1,53.2,0.04,LOCKED,55.6,17.3,5,
1791342678644,28.512340,77.385665,53.0,CNG,41.55,21.6,5,1597,30.2,4.97,,89.0,0.00,-3.13,13.7,9.1,53.6,0.11,LOCKED,55.6,17.3,5,
1791342679405,28.512245,77.385763,54.0,CNG,40.30,21.6,5,1586,30.2,5.72,,89.0,0.00,-3.13,13.6,9.1,53.5,0.05,LOCKED,55.6,17.3,5,
1791342681150,28.512047,77.385966,54.0,CNG,39.91,21.6,5,1594,30.2,5.61,,89.0,0.78,-3.13,13.6,9.1,53.5,0.06,LOCKED,55.6,17.3,5,
1791342682055,28.511948,77.386064,54.0,CNG,41.60,21.6,5,1605,30.2,4.97,,89.0,0.78,-3.13,13.8,9.1,53.9,0.13,LOCKED,55.6,17.3,5,
1791342682820,28.511845,77.386162,54.0,CNG,40.37,21.6,5,1604,30.2,5.71,,89.0,0.78,-3.13,13.8,9.1,54.0,0.11,LOCKED,55.6,17.3,5,
1791342684571,28.511637,77.386355,54.0,CNG,41.23,21.6,5,1605,29.8,5.18,,89.0,0.78,-3.13,13.6,9.1,54.0,0.09,LOCKED,55.6,17.3,5,
1791342685419,28.511637,77.386355,54.0,CNG,41.12,21.6,5,1617,29.8,5.39,,89.0,0.78,-3.13,13.6,9.1,54.3,0.12,LOCKED,55.6,17.3,5,
1791342686225,28.511530,77.386453,55.0,CNG,39.36,21.6,5,1628,29.8,6.07,,89.0,0.78,-3.13,13.7,9.1,54.6,0.18,LOCKED,55.6,17.3,5,
1791342688029,28.511320,77.386643,55.0,CNG,37.87,21.6,5,1617,37.3,6.27,,89.0,-0.78,-2.34,13.7,9.1,54.5,0.11,LOCKED,55.6,18.4,5,
1791342688986,28.511213,77.386741,55.0,CNG,34.82,22.0,5,1621,37.3,7.23,,89.0,-0.78,-2.34,13.7,9.6,54.6,0.08,LOCKED,55.6,18.4,5,
1791342689717,28.511104,77.386833,55.0,CNG,32.91,22.0,5,1630,37.3,7.39,,89.0,-0.78,-2.34,13.7,9.6,54.8,0.12,LOCKED,55.6,18.4,5,
1791342691483,28.510998,77.386930,55.0,CNG,32.51,22.0,5,1639,39.2,7.04,,89.0,0.78,-2.34,13.7,9.6,55.1,0.18,LOCKED,55.6,18.8,5,
1791342692360,28.510888,77.387022,55.0,CNG,32.73,22.0,5,1641,39.2,6.80,,89.0,0.78,-2.34,13.7,9.6,55.2,0.14,LOCKED,55.6,18.8,5,
1791342693109,28.510780,77.387117,55.0,CNG,34.26,22.0,5,1635,39.2,6.10,,89.0,0.78,-2.34,13.6,9.6,55.1,0.08,LOCKED,55.6,18.8,5,
1791342694999,28.510566,77.387305,55.0,CNG,35.36,22.0,5,1633,31.4,6.05,,89.0,0.78,-3.13,13.7,9.6,55.0,0.03,LOCKED,55.6,17.6,5,
1791342695851,28.510456,77.387395,55.0,CNG,36.15,22.0,5,1646,31.4,6.01,,89.0,0.78,-3.13,13.8,9.6,55.3,0.08,LOCKED,55.6,17.6,5,
1791342696564,28.510342,77.387482,55.0,CNG,36.74,22.0,5,1629,31.4,5.97,,89.0,0.78,-3.13,13.8,9.6,55.0,-0.13,LOCKED,55.6,17.6,5,
1791342698307,28.510233,77.387575,55.0,CNG,37.10,22.0,5,1635,32.5,5.97,,89.0,0.00,-3.13,13.8,9.6,55.0,-0.12,LOCKED,55.6,17.6,5,
1791342699194,28.510123,77.387663,54.0,CNG,38.56,22.0,5,1604,32.5,5.38,,89.0,0.00,-3.13,13.8,9.6,54.0,-0.43,LOCKED,55.6,17.6,5,
1791342699949,28.510015,77.387750,54.0,CNG,38.09,22.0,5,1607,32.5,5.90,,89.0,0.00,-3.13,13.7,9.6,53.9,-0.37,LOCKED,55.6,17.6,5,
1791342701687,28.509797,77.387920,54.0,CNG,37.82,22.4,5,1600,33.7,5.90,,89.0,0.00,-3.13,13.7,10.2,53.7,-0.33,LOCKED,55.6,18.0,5,
1791342702591,28.509797,77.387920,53.0,CNG,36.14,22.4,5,1584,33.7,6.40,,89.0,0.00,-3.13,13.7,10.2,53.3,-0.31,LOCKED,55.6,18.0,5,
1791342703364,28.509691,77.388008,53.0,CNG,36.20,22.4,5,1571,33.7,5.97,,89.0,0.00,-3.13,13.7,10.2,52.9,-0.35,LOCKED,55.6,18.0,5,
1791342705132,28.509478,77.388177,53.0,CNG,36.38,22.4,5,1562,34.1,5.91,,89.0,-0.78,-3.13,13.6,10.2,52.5,-0.35,LOCKED,55.6,18.0,5,
1791342706081,28.509377,77.388266,52.0,CNG,34.81,22.4,5,1561,34.1,6.51,,89.0,-0.78,-3.13,13.6,10.2,52.4,-0.13,LOCKED,55.6,18.0,5,
1791342706882,28.509275,77.388353,52.0,CNG,33.06,22.4,5,1555,34.1,6.92,,89.0,-0.78,-3.13,13.7,10.2,52.3,-0.14,LOCKED,55.6,18.0,5,
1791342708744,28.509069,77.388531,52.0,CNG,30.68,22.4,5,1549,43.1,7.68,,89.0,0.78,-2.34,13.7,10.2,52.1,-0.16,LOCKED,55.6,19.2,5,
1791342709634,28.509069,77.388531,51.0,CNG,29.26,22.4,5,1522,43.1,7.63,,89.0,0.78,-2.34,13.6,10.2,51.2,-0.43,LOCKED,55.6,19.2,5,
1791342710403,28.508968,77.388619,51.0,CNG,28.32,23.1,5,1523,43.1,7.72,,89.0,0.78,-2.34,13.6,11.2,51.0,-0.38,LOCKED,55.6,19.2,5,
1791342712276,28.508772,77.388804,51.0,CNG,27.01,23.1,5,1521,40.4,8.26,,89.0,-2.34,-3.13,13.8,11.2,51.0,-0.22,LOCKED,55.6,18.4,5,
1791342713122,28.508670,77.388899,51.0,CNG,22.00,28.6,5,1528,40.4,12.12,,89.0,-2.34,-3.13,13.8,18.7,51.2,0.06,LOCKED,55.6,18.4,5,
1791342713912,28.508575,77.388994,52.0,CNG,20.53,28.2,5,1546,40.4,11.37,,89.0,-2.34,-3.13,13.8,18.2,51.6,0.30,LOCKED,55.6,18.4,5,
1791342715670,28.508388,77.389200,53.0,CNG,20.38,28.2,5,1572,60.0,10.75,,89.0,0.00,-1.56,13.8,18.2,52.5,0.63,LOCKED,55.6,20.4,5,
1791342716569,28.508388,77.389200,54.0,CNG,25.10,22.0,5,1584,60.0,5.84,,89.0,0.00,-1.56,13.8,9.6,53.3,0.57,LOCKED,55.6,20.4,5,
1791342717308,28.508291,77.389302,53.0,CNG,29.64,21.6,5,1588,60.0,5.33,,89.0,0.00,-1.56,13.8,9.1,53.5,0.50,LOCKED,55.6,20.4,5,
1791342719173,28.508105,77.389512,53.0,CNG,33.43,22.4,5,1574,41.6,5.24,,89.0,0.00,-3.13,13.8,10.2,53.3,0.10,LOCKED,55.6,18.8,5,
1791342720037,28.508015,77.389618,53.0,CNG,31.52,23.5,5,1567,41.6,7.46,,89.0,0.00,-3.13,13.8,11.8,52.8,-0.20,LOCKED,55.6,18.8,5,
1791342720846,28.507924,77.389728,53.0,CNG,31.14,23.5,5,1565,41.6,7.08,,89.0,0.00,-3.13,13.8,11.8,52.7,-0.19,LOCKED,55.6,18.8,5,
1791342722570,28.507750,77.389951,53.0,CNG,30.01,23.5,5,1577,42.0,7.61,,89.0,0.78,-2.34,13.8,11.8,52.9,0.04,LOCKED,55.6,18.8,5,
1791342723453,28.507750,77.389951,53.0,CNG,30.69,23.5,5,1578,42.0,6.82,,89.0,0.78,-2.34,13.6,11.8,53.1,0.07,LOCKED,55.6,18.8,5,
1791342724185,28.507663,77.390067,54.0,CNG,31.22,23.5,5,1599,42.0,6.89,,89.0,0.78,-2.34,13.6,11.8,53.5,0.31,LOCKED,55.6,18.8,5,
1791342725976,28.507496,77.390304,54.0,CNG,30.39,23.5,5,1601,41.2,7.55,,89.0,0.00,-2.34,13.7,11.8,53.9,0.32,LOCKED,55.6,19.2,5,
1791342726852,28.507413,77.390423,54.0,CNG,29.85,23.5,5,1612,41.2,7.59,,89.0,0.00,-2.34,13.7,11.8,54.3,0.28,LOCKED,55.6,19.2,5,
1791342727692,28.507334,77.390546,55.0,CNG,28.14,23.5,5,1623,41.2,8.66,,89.0,0.00,-2.34,13.8,11.8,54.6,0.30,LOCKED,55.6,19.2,5,
1791342729542,28.507256,77.390674,55.0,CNG,27.65,23.5,5,1620,48.6,8.34,,89.0,0.78,-2.34,13.8,11.8,54.6,0.24,LOCKED,55.6,20.0,5,
1791342730443,28.507180,77.390804,55.0,CNG,26.47,23.5,5,1655,48.6,9.03,,89.0,0.78,-2.34,13.8,11.8,55.6,0.46,LOCKED,55.6,20.0,5,
1791342731174,28.507107,77.390935,56.0,CNG,26.68,23.5,5,1653,48.6,8.48,,89.0,0.78,-2.34,13.8,11.8,55.7,0.40,LOCKED,55.6,20.0,5,
1791342732973,28.506958,77.391207,56.0,CNG,25.93,23.5,5,1656,48.2,9.19,,89.0,0.00,-2.34,13.8,11.8,55.8,0.33,LOCKED,55.6,18.8,5,
1791342733816,28.506886,77.391344,57.0,CNG,27.69,23.5,5,1678,48.2,7.58,,89.0,0.00,-2.34,13.8,11.8,56.5,0.35,LOCKED,55.6,18.8,5,
1791342734587,28.506817,77.391482,57.0,CNG,29.45,23.5,5,1712,48.2,7.17,,89.0,0.00,-2.34,13.7,11.8,57.3,0.65,LOCKED,55.6,18.8,5,
1791342736360,28.506748,77.391623,57.0,CNG,30.42,23.5,5,1701,38.8,7.28,,90.0,0.00,-2.34,13.7,11.8,57.4,0.41,LOCKED,55.6,19.2,5,
1791342737269,28.506677,77.391765,58.0,CNG,38.28,21.2,5,1727,38.8,3.85,,90.0,0.00,-2.34,13.6,8.6,58.1,0.40,LOCKED,55.6,19.2,5,
1791342737997,28.506607,77.391905,58.0,CNG,46.93,14.9,5,1719,38.8,3.36,,90.0,0.00,-2.34,13.6,0.0,58.1,0.20,LOCKED,55.6,19.2,5,
1791342739766,28.506470,77.392189,58.0,CNG,53.49,19.2,5,1724,21.6,3.51,,90.0,0.78,-3.91,13.9,5.9,58.1,0.15,LOCKED,55.6,16.5,5,
1791342740610,28.506470,77.392189,58.0,CNG,49.76,21.2,5,1715,21.6,5.26,,89.0,0.78,-3.91,13.9,8.6,57.8,-0.10,LOCKED,55.6,16.5,5,
1791342741377,28.506403,77.392332,58.0,CNG,46.38,21.6,5,1718,21.6,5.63,,89.0,0.78,-3.91,13.6,9.1,57.8,-0.08,LOCKED,55.6,16.5,5,
1791342743158,28.506279,77.392618,58.0,CNG,43.23,22.0,5,1724,29.4,6.04,,89.0,0.00,-3.91,13.6,9.6,57.9,-0.01,LOCKED,55.6,17.6,5,
1791342744048,28.506218,77.392764,59.0,CNG,43.61,22.0,5,1761,29.4,5.46,,89.0,0.00,-3.91,13.6,9.6,59.1,0.53,LOCKED,55.6,17.6,5,
1791342744796,28.506157,77.392911,59.0,CNG,42.13,22.0,5,1767,29.4,6.01,,89.0,0.00,-3.91,13.6,9.6,59.5,0.52,LOCKED,55.6,17.6,5,
1791342746574,28.506030,77.393222,60.0,CNG,48.56,18.8,5,1769,19.2,3.92,,89.0,0.00,-4.69,13.9,5.4,59.7,0.45,LOCKED,55.6,16.1,5,
1791342747401,28.506030,77.393222,60.0,CNG,54.48,19.2,5,1787,19.2,3.69,,88.0,0.00,-4.69,13.9,5.9,60.1,0.38,LOCKED,55.6,16.1,5,
1791342748188,28.505968,77.393374,60.0,CNG,55.08,19.6,5,1766,19.2,4.38,,88.0,0.00,-4.69,13.8,6.4,59.8,0.02,LOCKED,55.6,16.1,5,
1791342749955,28.505836,77.393678,60.0,CNG,54.35,19.2,5,1790,23.1,4.60,,88.0,0.78,-3.91,13.8,5.9,60.1,0.10,LOCKED,55.6,16.5,5,
1791342750832,28.505772,77.393829,60.0,CNG,54.75,19.2,5,1795,23.1,4.43,,88.0,0.78,-3.91,13.6,5.9,60.3,0.11,LOCKED,55.6,16.5,5,
1791342751614,28.505711,77.393978,60.0,CNG,52.90,19.2,5,1790,23.1,4.87,,88.0,0.78,-3.91,13.6,5.9,60.3,0.07,LOCKED,55.6,16.5,5,
1791342753396,28.505648,77.394133,60.0,CNG,54.43,19.2,5,1797,20.0,4.31,,88.0,0.78,-3.91,13.9,5.9,60.4,0.08,LOCKED,55.6,15.7,5,
1791342754226,28.505582,77.394288,61.0,CNG,59.41,19.2,5,1805,20.0,3.63,,88.0,0.78,-3.91,13.9,5.9,60.7,0.12,LOCKED,55.6,15.7,5,
1791342754980,28.505520,77.394443,61.0,CNG,63.80,19.2,5,1799,20.0,3.48,,88.0,0.78,-3.91,13.5,5.9,60.6,0.07,LOCKED,55.6,15.7,5,
1791342756781,28.505397,77.394754,61.0,CNG,65.60,14.9,5,1808,19.2,3.64,,88.0,0.00,0.00,13.5,0.0,60.8,0.11,LOCKED,55.6,16.1,5,
1791342757670,28.505335,77.394907,60.0,CNG,66.58,15.3,5,1800,19.2,3.60,,88.0,0.00,0.00,13.9,0.5,60.6,-0.09,LOCKED,55.6,16.1,5,
1791342758410,28.505335,77.394907,60.0,CNG,67.77,16.1,5,1784,19.2,3.52,,88.0,0.00,0.00,13.9,1.6,60.2,-0.27,LOCKED,55.6,16.1,5,
1791342760211,28.505202,77.395211,60.0,CNG,68.75,17.6,5,1804,19.2,3.49,,88.0,0.78,-4.69,13.9,3.7,60.4,-0.02,LOCKED,55.6,15.7,5,
1791342761103,28.505137,77.395364,60.0,CNG,66.64,14.9,5,1771,19.2,3.85,,88.0,0.78,-4.69,13.9,0.0,59.6,-0.33,LOCKED,55.6,15.7,5,
1791342761868,28.505071,77.395518,59.0,CNG,67.14,14.9,5,1770,19.2,3.55,,88.0,0.78,-4.69,13.8,0.0,59.4,-0.32,LOCKED,55.6,15.7,5,
1791342763820,28.504938,77.395804,59.0,CNG,67.68,14.9,5,1763,19.2,3.52,,88.0,0.00,0.00,13.8,0.0,59.2,-0.30,LOCKED,55.6,15.7,5,
1791342764723,28.504876,77.395949,58.0,CNG,68.31,18.0,5,1693,19.2,3.42,,88.0,0.00,0.00,13.6,4.3,57.2,-0.93,LOCKED,55.6,15.7,5,
1791342765521,28.504876,77.395949,58.0,CNG,67.24,18.0,5,1723,19.2,3.61,,87.0,0.00,0.00,13.6,4.3,57.4,-0.37,LOCKED,55.6,15.7,5,
1791342767318,28.504753,77.396237,57.0,CNG,57.03,20.4,5,1720,29.4,5.04,,87.0,-1.56,-3.91,13.7,7.5,57.6,-0.06,LOCKED,55.6,18.4,5,
1791342768196,28.504690,77.396385,57.0,CNG,47.90,21.2,5,1698,29.4,6.05,,88.0,-1.56,-3.91,13.7,8.6,57.2,-0.14,LOCKED,55.6,18.4,5,
1791342768995,28.504623,77.396525,57.0,CNG,41.76,21.2,5,1712,29.4,6.66,,88.0,-1.56,-3.91,13.8,8.6,57.4,0.04,LOCKED,55.6,18.4,5,
1791342770665,28.504505,77.396821,57.0,CNG,38.97,21.2,5,1698,33.7,6.58,,88.0,0.00,-3.13,13.8,8.6,57.2,-0.02,LOCKED,55.6,17.3,5,
1791342771547,28.504505,77.396821,57.0,CNG,41.05,21.2,5,1692,33.7,5.22,,88.0,0.00,-3.13,13.7,8.6,56.9,-0.07,LOCKED,55.6,17.3,5,
1791342772274,28.504446,77.396963,57.0,CNG,44.18,21.2,5,1705,33.7,4.67,,88.0,0.00,-3.13,13.7,8.6,57.1,0.08,LOCKED,55.6,17.3,5,
1791342774096,28.504321,77.397261,57.0,CNG,45.78,21.2,5,1698,26.3,4.81,,88.0,0.00,-3.91,13.8,8.6,57.1,0.05,LOCKED,55.6,16.9,5,
1791342774977,28.504264,77.397405,57.0,CNG,47.73,21.2,5,1686,26.3,4.57,,88.0,0.00,-3.91,13.8,8.6,56.7,-0.15,LOCKED,55.6,16.9,5,
1791342775736,28.504198,77.397547,57.0,CNG,46.74,21.2,5,1691,26.3,5.14,,88.0,0.00,-3.91,13.8,8.6,56.8,-0.11,LOCKED,55.6,16.9,5,
1791342777486,28.504138,77.397691,57.0,CNG,47.29,21.2,5,1692,26.3,4.84,,89.0,-0.78,-3.91,13.8,8.6,56.8,-0.06,LOCKED,55.6,16.9,5,
1791342778339,28.504081,77.397835,57.0,CNG,46.33,21.2,5,1682,26.3,5.18,,89.0,-0.78,-3.91,13.9,8.6,56.6,-0.09,LOCKED,55.6,16.9,5,
1791342779118,28.504020,77.397982,57.0,CNG,45.85,21.2,5,1694,26.3,5.16,,89.0,-0.78,-3.91,13.9,8.6,56.9,0.09,LOCKED,55.6,16.9,5,
1791342780893,28.503898,77.398269,57.0,CNG,45.53,21.2,5,1675,26.3,5.17,,89.0,-0.78,-3.91,13.8,8.6,56.6,-0.12,LOCKED,55.6,16.9,5,
1791342781730,28.503842,77.398415,56.0,CNG,41.41,21.2,5,1684,26.3,6.29,,89.0,-0.78,-3.91,13.8,8.6,56.6,-0.06,LOCKED,55.6,16.9,5,
1791342782583,28.503784,77.398560,57.0,CNG,38.82,21.2,5,1681,26.3,6.56,,89.0,-0.78,-3.91,13.7,8.6,56.6,-0.06,LOCKED,55.6,16.9,5,
1791342784281,28.503728,77.398702,56.0,CNG,36.55,21.6,5,1686,38.8,6.82,,90.0,0.00,-3.13,13.7,9.1,56.6,-0.03,LOCKED,55.6,19.2,5,
1791342785152,28.503671,77.398845,57.0,CNG,26.39,29.4,5,1674,38.8,12.47,,90.0,0.00,-3.13,13.6,19.8,56.4,-0.07,LOCKED,55.6,19.2,5,
1791342785960,28.503609,77.398986,57.0,CNG,21.33,29.0,5,1699,38.8,14.05,,90.0,0.00,-3.13,13.6,19.3,56.9,0.25,LOCKED,55.6,19.2,5,
1791342787778,28.503490,77.399291,59.0,CNG,19.16,28.6,5,1741,65.5,14.44,,90.0,0.00,-0.78,13.8,18.7,58.1,0.82,LOCKED,55.6,22.4,5,
1791342788642,28.503490,77.399291,61.0,CNG,19.71,27.8,5,1801,65.5,12.13,,90.0,0.00,-0.78,13.8,17.7,60.6,1.26,LOCKED,55.6,22.4,5,
1791342789415,28.503425,77.399443,61.0,CNG,20.04,20.4,5,1827,65.5,12.14,,90.0,0.00,-0.78,13.9,7.5,61.5,1.26,LOCKED,55.6,22.4,5,
1791342791147,28.503300,77.399763,62.0,CNG,26.70,24.3,5,1825,38.8,4.93,,90.0,-1.56,-2.34,13.9,12.8,61.9,0.83,LOCKED,55.6,19.6,5,
1791342792042,28.503237,77.399922,62.0,CNG,27.93,24.3,5,1844,38.8,8.46,,90.0,-1.56,-2.34,13.6,12.8,62.3,0.34,LOCKED,55.6,19.6,5,
1791342792797,28.503175,77.400086,62.0,CNG,29.19,24.3,5,1851,38.8,8.10,,90.0,-1.56,-2.34,13.6,12.8,62.4,0.31,LOCKED,55.6,19.6,5,
1791342794636,28.503047,77.400409,63.0,CNG,36.34,17.6,5,1861,20.0,4.54,,90.0,0.78,-4.69,13.6,3.7,62.7,0.31,LOCKED,55.6,16.9,5,
1791342795495,28.503047,77.400409,62.0,CNG,41.87,21.2,5,1851,20.0,4.67,,90.0,0.78,-4.69,13.6,8.6,62.4,-0.07,LOCKED,55.6,16.9,5,
1791342796315,28.502986,77.400567,62.0,CNG,44.90,21.6,5,1848,20.0,5.03,,90.0,0.78,-4.69,13.9,9.1,62.3,-0.10,LOCKED,55.6,16.9,5,
1791342798159,28.502854,77.400883,62.0,CNG,46.22,21.6,5,1840,25.9,5.24,,89.0,0.00,-3.91,13.8,9.1,62.0,-0.14,LOCKED,55.6,17.3,5,
1791342799041,28.502790,77.401046,62.0,CNG,44.17,21.6,5,1844,25.9,6.12,,89.0,0.00,-3.91,13.8,9.1,62.0,-0.08,LOCKED,55.6,17.3,5,
1791342799801,28.502728,77.401201,62.0,CNG,41.77,21.6,5,1837,25.9,6.56,,88.0,0.00,-3.91,13.8,9.1,61.9,-0.10,LOCKED,55.6,17.3,5,
1791342801524,28.502665,77.401360,61.0,CNG,40.50,21.6,5,1828,33.7,6.44,,88.0,0.00,-3.13,13.5,9.1,61.6,-0.16,LOCKED,55.6,18.8,5,
1791342802392,28.502602,77.401518,61.0,CNG,37.44,21.6,5,1826,33.7,7.42,,88.0,0.00,-3.13,13.5,9.1,61.4,-0.14,LOCKED,55.6,18.8,5,
1791342803134,28.502539,77.401676,61.0,CNG,36.14,22.0,5,1829,33.7,7.26,,88.0,0.00,-3.13,13.7,9.6,61.4,-0.11,LOCKED,55.6,18.8,5,
1791342804843,28.502417,77.401989,61.0,CNG,36.18,22.0,5,1827,35.7,6.88,,88.0,0.78,-3.13,13.7,9.6,61.4,-0.10,LOCKED,55.6,18.8,5,
1791342805748,28.502358,77.402145,61.0,CNG,39.45,22.0,5,1816,35.7,5.46,,88.0,0.78,-3.13,13.6,9.6,61.0,-0.14,LOCKED,55.6,18.8,5,
1791342806474,28.502358,77.402145,61.0,CNG,39.96,22.0,5,1822,35.7,6.12,,88.0,0.78,-3.13,13.6,9.6,61.1,-0.09,LOCKED,55.6,18.8,5,
1791342808294,28.502240,77.402455,61.0,CNG,42.49,22.0,5,1822,27.8,5.31,,88.0,0.00,-3.91,13.8,9.6,61.1,-0.05,LOCKED,55.6,17.6,5,
1791342809169,28.502180,77.402612,61.0,CNG,44.10,22.0,5,1826,27.8,5.33,,88.0,0.00,-3.91,13.8,9.6,61.2,-0.00,LOCKED,55.6,17.6,5,
1791342809982,28.502117,77.402761,61.0,CNG,44.94,22.0,5,1828,27.8,5.39,,88.0,0.00,-3.91,13.6,9.6,61.3,0.01,LOCKED,55.6,17.6,5,
1791342811791,28.501993,77.403077,61.0,CNG,45.52,22.0,5,1822,31.4,5.37,,88.0,0.00,-3.13,13.6,9.6,61.2,-0.03,LOCKED,55.6,18.0,5,
1791342812676,28.501929,77.403237,61.0,CNG,43.48,22.4,5,1826,31.4,6.12,,88.0,0.00,-3.13,13.7,10.2,61.2,-0.01,LOCKED,55.6,18.0,5,
1791342813491,28.501929,77.403237,61.0,CNG,42.17,22.4,5,1832,31.4,6.18,,88.0,0.00,-3.13,13.7,10.2,61.4,0.03,LOCKED,55.6,18.0,5,
1791342815179,28.501802,77.403552,62.0,CNG,39.99,22.7,5,1831,31.8,6.82,,88.0,0.78,-3.13,13.8,10.7,61.4,0.04,LOCKED,55.6,18.0,5,
1791342816033,28.501738,77.403710,62.0,CNG,48.03,21.2,5,1822,31.8,3.70,,88.0,0.78,-3.13,13.8,8.6,61.2,-0.01,LOCKED,55.6,18.0,5,
1791342816840,28.501675,77.403867,61.0,CNG,40.79,22.4,5,1816,31.8,7.51,,88.0,0.78,-3.13,13.8,10.2,61.1,-0.05,LOCKED,55.6,18.0,5,
1791342818574,28.501548,77.404178,61.0,CNG,36.79,22.4,5,1823,38.0,7.78,,89.0,0.78,-3.13,13.8,10.2,61.2,-0.02,LOCKED,55.6,19.2,5,
1791342819506,28.501548,77.404178,60.0,CNG,34.17,22.4,5,1806,38.0,7.96,,89.0,0.78,-3.13,13.7,10.2,60.6,-0.25,LOCKED,55.6,19.2,5,
1791342820244,28.501485,77.404332,60.0,CNG,33.22,22.4,5,1795,38.0,7.69,,89.0,0.78,-3.13,13.7,10.2,60.3,-0.29,LOCKED,55.6,19.2,5,
1791342821994,28.501364,77.404643,60.0,CNG,33.48,22.4,5,1786,38.4,7.24,,89.0,0.78,-3.13,13.8,10.2,60.0,-0.32,LOCKED,55.6,19.2,5,
1791342822865,28.501301,77.404798,59.0,CNG,37.65,14.9,5,1764,38.4,5.18,,90.0,0.78,-3.13,13.8,0.0,59.2,-0.37,LOCKED,55.6,19.2,5,
1791342823707,28.501242,77.404948,59.0,CNG,44.06,20.4,5,1737,38.4,4.06,,90.0,0.78,-3.13,13.9,7.5,58.5,-0.59,LOCKED,55.6,19.2,5,
1791342825436,28.501185,77.405096,58.0,CNG,48.15,20.8,5,1737,20.0,4.22,,90.0,0.78,-4.69,13.9,8.0,58.2,-0.54,LOCKED,55.6,15.7,5,
1791342826349,28.501126,77.405246,57.0,CNG,48.94,20.4,5,1721,20.0,4.64,,90.0,0.78,-4.69,13.9,7.5,57.6,-0.37,LOCKED,55.6,15.7,5,
1791342827083,28.501072,77.405391,57.0,CNG,51.87,14.9,5,1687,20.0,4.08,,90.0,0.78,-4.69,13.9,0.0,56.8,-0.65,LOCKED,55.6,15.7,5,
1791342828907,28.500958,77.405674,56.0,CNG,53.90,14.9,5,1661,19.6,3.99,,90.0,0.00,0.00,13.8,0.0,55.9,-0.87,LOCKED,55.6,15.3,5,
1791342829754,28.500905,77.405805,51.0,CNG,54.57,14.9,5,1506,19.6,3.74,,90.0,0.00,0.00,13.8,0.0,50.9,-2.38,LOCKED,55.6,15.3,5,
1791342830576,28.500858,77.405916,47.0,CNG,55.20,14.9,5,1412,19.6,3.41,,90.0,0.00,0.00,13.7,0.0,48.0,-3.00,LOCKED,55.6,15.3,4,
1791342832565,28.500816,77.406013,39.0,CNG,56.97,14.9,5,1159,75.3,2.62,,89.0,0.00,-3.13,13.8,0.0,41.2,-5.45,RESUMABLE,55.6,21.6,4,
1791342833346,28.500777,77.406110,39.0,CNG,26.81,28.6,5,1147,75.3,11.58,,89.0,0.00,-3.13,13.7,18.7,37.8,-2.37,RESUMABLE,55.6,21.6,4,
1791342834098,28.500740,77.406214,40.0,CNG,21.00,29.0,5,1195,75.3,10.54,,89.0,0.00,-3.13,13.7,19.3,38.5,-0.91,RESUMABLE,55.6,21.6,4,
1791342835834,28.500661,77.406429,41.0,CNG,18.90,29.0,5,1216,85.9,10.23,,89.0,0.78,-2.34,13.6,19.3,39.7,0.23,RESUMABLE,55.6,25.5,4,
1791342836755,28.500615,77.406542,44.0,CNG,17.28,29.0,5,1312,85.9,11.68,,89.0,0.78,-2.34,13.6,19.3,43.7,1.78,RESUMABLE,55.6,25.5,4,
1791342837559,28.500568,77.406662,46.0,CNG,16.56,29.0,5,1350,85.9,12.00,,89.0,0.78,-2.34,13.7,19.3,45.3,1.84,RESUMABLE,55.6,25.5,4,
1791342839279,28.500520,77.406788,47.0,CNG,16.23,29.0,5,1393,77.6,12.17,,90.0,0.78,-1.56,13.7,19.3,46.8,1.84,RESUMABLE,55.6,23.9,4,
1791342840148,28.500470,77.406913,49.0,CNG,24.34,22.7,5,1455,77.6,2.54,,90.0,0.78,-1.56,13.7,10.7,49.1,1.40,RESUMABLE,55.6,23.9,4,
1791342840886,28.500418,77.407039,49.0,CNG,27.68,22.7,5,1497,77.6,5.82,,90.0,0.78,-1.56,13.7,10.7,50.2,1.42,RESUMABLE,55.6,23.9,4,
1791342842580,28.500311,77.407282,49.0,CNG,29.46,21.2,5,1463,20.4,6.16,,90.0,0.78,-3.91,13.8,8.6,49.9,0.58,RESUMABLE,55.6,15.3,5,
1791342843405,28.500311,77.407282,49.0,CNG,38.58,14.9,5,1443,20.4,2.82,,90.0,0.78,-3.91,13.8,0.0,48.8,-0.40,RESUMABLE,55.6,15.3,5,
1791342844195,28.500262,77.407405,47.0,CNG,44.43,14.9,5,1409,20.4,3.31,,90.0,0.78,-3.91,13.8,0.0,47.8,-0.81,RESUMABLE,55.6,15.3,5,
1791342845981,28.500170,77.407638,46.0,CNG,49.25,14.9,5,1355,20.8,3.17,,90.0,0.00,0.00,13.8,0.0,46.1,-1.38,RESUMABLE,55.6,14.5,5,
1791342846835,28.500129,77.407746,41.0,CNG,56.31,14.9,5,1219,20.8,2.24,,90.0,0.00,0.00,13.5,0.0,41.3,-2.44,RESUMABLE,55.6,14.5,5,
1791342847562,28.500129,77.407746,39.0,CNG,61.08,14.9,5,1180,20.8,2.23,,89.0,0.00,0.00,13.5,0.0,39.6,-2.40,RESUMABLE,55.6,14.5,5,
1791342849208,28.500045,77.407946,39.0,CNG,41.01,20.8,5,1159,31.8,5.97,,89.0,0.00,-3.13,13.7,8.0,38.5,-2.01,RESUMABLE,55.6,17.6,5,
1791342850028,28.500005,77.408047,39.0,CNG,34.12,14.9,5,1184,31.8,5.91,,89.0,0.00,-3.13,13.7,0.0,39.1,-0.15,RESUMABLE,55.6,17.6,5,
1791342850814,28.499962,77.408148,40.0,CNG,34.18,23.1,5,1155,31.8,4.77,,89.0,0.00,-3.13,13.3,11.2,38.9,-0.18,RESUMABLE,55.6,17.6,5,
1791342852448,28.499919,77.408247,40.0,CNG,25.42,23.5,5,1183,68.6,8.91,,89.0,0.78,-2.34,13.3,11.8,39.4,0.19,RESUMABLE,55.6,20.8,4,
1791342853194,28.499875,77.408350,41.0,CNG,22.68,23.5,5,1226,68.6,8.56,,89.0,0.78,-2.34,13.6,11.8,41.0,0.80,RESUMABLE,55.6,20.8,4,
1791342854050,28.499825,77.408450,42.0,CNG,22.07,23.5,5,1251,68.6,8.08,,89.0,0.78,-2.34,13.6,11.8,41.9,0.87,RESUMABLE,55.6,20.8,4,
1791342855671,28.499736,77.408668,43.0,CNG,21.97,23.9,5,1274,63.1,8.05,,89.0,0.00,-2.34,13.7,12.3,42.7,0.92,RESUMABLE,55.6,20.4,4,
1791342856609,28.499736,77.408668,45.0,CNG,21.35,23.9,5,1340,63.1,8.95,,89.0,0.00,-2.34,13.7,12.3,44.9,1.19,RESUMABLE,55.6,20.4,4,
1791342857403,28.499691,77.408785,46.0,CNG,22.81,23.9,5,1360,63.1,7.45,,89.0,0.00,-2.34,13.8,12.3,45.8,1.16,RESUMABLE,55.6,20.4,4,
1791342859156,28.499595,77.409026,46.0,CNG,23.87,23.9,5,1371,25.1,7.35,,89.0,0.00,0.00,13.8,12.3,46.3,0.89,RESUMABLE,55.6,13.7,5,
1791342860051,28.499549,77.409151,47.0,CNG,22.84,25.5,4,1932,25.1,8.93,,89.0,0.00,0.00,13.8,14.4,47.0,0.00,RESUMABLE,55.6,13.7,4,
1791342860817,28.499503,77.409275,48.0,CNG,21.37,25.5,4,1861,25.1,10.03,,89.0,0.00,0.00,13.8,14.4,47.6,0.36,RESUMABLE,55.6,13.7,4,
1791342862636,28.499408,77.409528,50.0,CNG,23.07,23.5,4,1901,33.7,7.87,,89.0,-0.78,-3.13,13.9,11.8,49.3,1.14,ARMED,,17.6,4,
1791342863470,28.499408,77.409528,50.0,CNG,25.42,22.4,4,1961,33.7,6.86,,89.0,-0.78,-3.13,13.9,10.2,50.1,0.60,ARMED,,17.6,5,
1791342864257,28.499359,77.409657,51.0,CNG,28.68,22.0,4,1959,33.7,5.93,,89.0,-0.78,-3.13,13.6,9.6,50.2,0.39,ARMED,,17.6,5,
1791342866145,28.499260,77.409922,52.0,CNG,30.45,22.0,4,1993,26.7,6.36,,88.0,0.78,-3.91,13.7,9.6,50.8,0.46,ARMED,,18.0,5,
1791342867014,28.499207,77.410057,52.0,CNG,31.52,22.0,4,2043,26.7,6.40,,88.0,0.78,-3.91,13.9,9.6,52.2,0.67,ARMED,,18.0,5,
1791342867781,28.499153,77.410193,53.0,CNG,30.49,22.0,4,2047,26.7,7.44,,88.0,0.78,-3.91,13.9,9.6,52.5,0.61,ARMED,,18.0,5,
1791342869545,28.499100,77.410331,53.0,CNG,29.77,22.0,4,2049,32.5,7.53,,88.0,0.78,-3.13,13.7,9.6,52.6,0.38,ARMED,,19.2,5,
1791342870435,28.499047,77.410471,54.0,CNG,29.24,22.0,4,2083,32.5,7.74,,88.0,0.78,-3.13,13.7,9.6,53.4,0.40,ARMED,,19.2,5,
1791342871252,28.498992,77.410607,54.0,CNG,29.38,22.0,4,2101,32.5,7.46,,88.0,0.78,-3.13,13.8,9.6,53.8,0.43,ARMED,,19.2,5,
1791342873015,28.498876,77.410883,54.0,CNG,29.40,22.0,4,2099,32.2,7.50,,88.0,0.78,-3.13,13.8,9.6,53.9,0.36,ARMED,,19.2,5,
1791342873885,28.498822,77.411022,54.0,CNG,31.23,22.0,4,2110,32.2,6.41,,88.0,0.78,-3.13,13.9,9.6,54.1,0.17,ARMED,,19.2,5,
1791342874633,28.498768,77.411161,54.0,CNG,36.87,14.9,4,2118,32.2,4.37,,88.0,0.78,-3.13,13.9,0.0,54.3,0.17,CANDIDATE,54.3,19.2,5,
1791342876463,28.498715,77.411303,54.0,CNG,41.75,20.8,5,1441,24.3,4.24,,88.0,-0.78,-4.69,13.8,8.0,54.0,0.00,ARMED,,16.5,5,
1791342877322,28.498664,77.411442,54.0,CNG,43.86,20.8,5,1598,24.3,4.65,,88.0,-0.78,-4.69,13.8,8.0,54.0,0.00,ARMED,,16.5,5,
1791342878068,28.498610,77.411581,54.0,CNG,47.58,20.8,5,1591,24.3,4.05,,88.0,-0.78,-4.69,13.5,8.0,54.0,0.00,ARMED,,16.5,5,
1791342879917,28.498500,77.411854,54.0,CNG,47.90,20.8,5,1605,25.1,4.56,,89.0,-0.78,-4.69,13.5,8.0,54.3,0.17,ARMED,,16.5,5,
1791342880844,28.498443,77.411995,54.0,CNG,50.11,20.8,5,1588,25.1,4.10,,89.0,-0.78,-4.69,13.7,8.0,54.0,-0.13,CANDIDATE,54.0,16.5,5,
1791342881726,28.498389,77.412136,54.0,CNG,49.37,20.8,5,1600,25.1,4.57,,89.0,-0.78,-4.69,13.7,8.0,54.1,0.03,LOCKED,54.1,16.5,5,
1791342883377,28.498335,77.412275,54.0,CNG,46.89,21.2,5,1592,29.4,5.06,,89.0,0.00,-3.91,13.8,8.6,54.1,0.01,LOCKED,54.1,17.3,5,
1791342884276,28.498282,77.412417,54.0,CNG,40.87,21.6,5,1616,29.4,6.44,,89.0,0.00,-3.91,13.8,9.1,54.6,0.27,LOCKED,54.1,17.3,5,
1791342885025,28.498226,77.412553,54.0,CNG,38.97,21.6,5,1623,29.4,6.06,,89.0,0.00,-3.91,13.7,9.1,54.9,0.28,LOCKED,54.1,17.3,5,
1791342886774,28.498116,77.412835,54.0,CNG,37.17,22.0,5,1620,40.8,6.35,,89.0,-0.78,-3.13,13.7,9.6,54.9,0.21,LOCKED,54.1,19.2,5,
1791342887655,28.498116,77.412835,54.0,CNG,33.30,22.0,5,1613,40.8,7.66,,89.0,-0.78,-3.13,13.8,9.6,54.6,-0.10,LOCKED,54.1,19.2,5,
1791342888378,28.498061,77.412974,54.0,CNG,32.44,22.0,5,1627,40.8,7.07,,89.0,-0.78,-3.13,13.8,9.6,54.7,-0.03,LOCKED,54.1,19.2,5,
1791342890131,28.497951,77.413249,55.0,CNG,32.49,20.8,5,1624,24.3,6.90,,89.0,0.78,-3.91,13.6,8.0,54.8,-0.01,LOCKED,54.1,18.4,5,
1791342890986,28.497896,77.413389,55.0,CNG,37.09,21.2,5,1645,24.3,4.79,,90.0,0.78,-3.91,13.6,8.6,55.4,0.27,LOCKED,54.1,18.4,5,
1791342891747,28.497839,77.413530,55.0,CNG,41.40,21.2,5,1620,24.3,4.49,,90.0,0.78,-3.91,13.8,8.6,55.0,-0.06,LOCKED,54.1,18.4,5,
1791342893436,28.497783,77.413667,55.0,CNG,44.55,21.2,5,1613,19.6,4.47,,90.0,0.00,-4.69,13.8,8.6,54.6,-0.25,LOCKED,54.1,15.3,5,
1791342894347,28.497731,77.413803,54.0,CNG,48.65,18.8,5,1613,19.6,3.90,,90.0,0.00,-4.69,13.8,5.4,54.4,-0.21,LOCKED,54.1,15.3,5,
1791342895117,28.497675,77.413941,54.0,CNG,52.21,18.8,5,1586,19.6,3.76,,90.0,0.00,-4.69,13.8,5.4,53.8,-0.45,LOCKED,54.1,15.3,5,
1791342896913,28.497562,77.414216,53.0,CNG,56.38,19.2,5,1597,19.6,3.37,,90.0,1.56,-4.69,13.9,5.9,53.7,-0.28,LOCKED,54.1,15.3,5,
1791342897775,28.497505,77.414349,53.0,CNG,60.45,19.2,5,1570,19.6,3.19,,89.0,1.56,-4.69,13.9,5.9,53.0,-0.33,LOCKED,54.1,15.3,5,
1791342898561,28.497451,77.414481,52.0,CNG,63.03,20.0,5,1553,19.6,3.15,,89.0,1.56,-4.69,13.6,7.0,52.5,-0.39,LOCKED,54.1,15.3,5,
1791342900507,28.497398,77.414618,52.0,CNG,59.09,20.0,5,1536,20.8,3.94,,89.0,0.00,-3.91,13.8,7.0,51.9,-0.46,LOCKED,54.1,15.7,5,
1791342901352,28.497343,77.414747,52.0,CNG,57.29,20.4,5,1529,20.8,3.88,,89.0,0.00,-3.91,13.9,7.5,51.5,-0.24,LOCKED,54.1,15.7,5,
1791342902175,28.497288,77.414878,52.0,CNG,49.57,20.8,5,1524,20.8,5.16,,89.0,0.00,-3.91,13.9,8.0,51.4,-0.21,LOCKED,54.1,15.7,5,
1791342903907,28.497175,77.415143,51.0,CNG,42.02,20.8,5,1534,34.1,6.12,,89.0,0.00,-3.13,13.7,8.0,51.6,-0.02,LOCKED,54.1,17.6,5,
1791342904741,28.497117,77.415271,51.0,CNG,38.01,21.2,5,1529,34.1,6.28,,89.0,0.00,-3.13,13.7,8.6,51.5,-0.02,LOCKED,54.1,17.6,5,
1791342905487,28.497117,77.415271,51.0,CNG,35.76,21.2,5,1526,34.1,6.35,,89.0,0.00,-3.13,13.7,8.6,51.4,-0.04,LOCKED,54.1,17.6,5,
1791342907276,28.497003,77.415532,52.0,CNG,35.82,26.3,5,1540,60.4,5.92,,89.0,4.69,-2.34,13.7,15.5,51.7,0.13,LOCKED,54.1,21.2,5,
1791342908150,28.496943,77.415660,53.0,CNG,28.57,25.1,5,1575,60.4,9.82,,89.0,4.69,-2.34,13.7,13.9,52.9,0.58,LOCKED,54.1,21.2,5,
1791342908882,28.496882,77.415793,53.0,CNG,27.69,25.1,5,1582,60.4,8.18,,88.0,4.69,-2.34,13.7,13.9,53.3,0.56,LOCKED,54.1,21.2,5,
1791342910706,28.496759,77.416060,54.0,CNG,27.40,25.1,5,1605,43.9,8.18,,88.0,0.78,-2.34,13.7,13.9,54.0,0.59,LOCKED,54.1,17.6,5,
1791342911559,28.496759,77.416060,55.0,CNG,30.07,22.7,5,1637,43.9,6.42,,89.0,0.78,-2.34,13.7,10.7,55.1,0.62,LOCKED,54.1,17.6,5,
1791342912296,28.496699,77.416198,55.0,CNG,32.04,23.1,5,1632,43.9,6.34,,89.0,0.78,-2.34,13.8,11.2,55.2,0.41,LOCKED,54.1,17.6,5,
1791342914172,28.496578,77.416475,56.0,CNG,32.49,23.1,5,1646,37.6,6.90,,89.0,0.00,-3.13,13.8,11.2,55.5,0.39,LOCKED,54.1,18.8,5,
1791342915069,28.496515,77.416616,56.0,CNG,32.33,23.1,5,1681,37.6,7.13,,89.0,0.00,-3.13,13.6,11.2,56.5,0.46,LOCKED,54.1,18.8,5,
1791342915790,28.496450,77.416758,57.0,CNG,33.44,23.1,5,1694,37.6,6.62,,89.0,0.00,-3.13,13.6,11.2,56.9,0.48,LOCKED,54.1,18.8,5,
1791342917518,28.496386,77.416898,57.0,CNG,33.32,23.1,5,1698,34.9,7.03,,89.0,0.00,-3.13,13.8,11.2,57.2,0.44,LOCKED,54.1,18.0,5,
1791342918371,28.496320,77.417039,58.0,CNG,30.14,24.3,5,1716,34.9,8.96,,89.0,0.00,-3.13,13.8,12.8,57.8,0.40,LOCKED,54.1,18.0,5,
1791342919155,28.496252,77.417186,58.0,CNG,29.22,23.5,5,1729,34.9,8.48,,89.0,0.00,-3.13,13.7,11.8,58.1,0.41,LOCKED,54.1,18.0,5,
1791342920923,28.496119,77.417477,58.0,CNG,29.02,23.5,5,1738,45.5,8.25,,89.0,0.78,-2.34,13.7,11.8,58.5,0.40,LOCKED,54.1,20.0,5,
1791342921887,28.496050,77.417622,59.0,CNG,27.81,23.5,5,1755,45.5,9.20,,89.0,0.78,-2.34,13.7,11.8,59.0,0.36,LOCKED,54.1,20.0,5,
1791342922618,28.495983,77.417769,59.0,CNG,27.28,23.5,5,1763,45.5,9.09,,89.0,0.78,-2.34,13.7,11.8,59.3,0.36,LOCKED,54.1,20.0,5,
1791342924402,28.495914,77.417918,59.0,CNG,27.91,23.5,5,1763,44.3,8.34,,89.0,-0.78,-2.34,13.8,11.8,59.4,0.29,LOCKED,54.1,20.0,5,
1791342925242,28.495843,77.418066,60.0,CNG,35.11,19.6,5,1791,44.3,4.34,,89.0,-0.78,-2.34,13.8,6.4,60.2,0.36,LOCKED,54.1,20.0,5,
1791342926002,28.495772,77.418215,60.0,CNG,36.73,22.4,5,1785,44.3,6.22,,89.0,-0.78,-2.34,13.8,10.2,60.2,0.20,LOCKED,54.1,20.0,5,
1791342927759,28.495635,77.418515,60.0,CNG,37.51,22.4,5,1773,32.2,6.33,,89.0,0.00,-3.13,13.8,10.2,59.8,-0.07,LOCKED,54.1,18.4,5,
1791342928670,28.495570,77.418669,60.0,CNG,37.21,22.4,5,1794,32.2,6.67,,89.0,0.00,-3.13,13.9,10.2,60.2,0.15,LOCKED,54.1,18.4,5,
1791342929410,28.495570,77.418669,60.0,CNG,37.85,22.4,5,1790,32.2,6.31,,89.0,0.00,-3.13,13.9,10.2,60.2,0.11,LOCKED,54.1,18.4,5,
1791342931222,28.495438,77.418978,60.0,CNG,37.09,22.7,5,1795,32.5,6.81,,89.0,0.00,-3.13,13.8,10.7,60.3,0.11,LOCKED,54.1,18.4,5,
1791342932083,28.495373,77.419128,60.0,CNG,37.88,22.4,5,1794,32.5,6.27,,89.0,0.00,-3.13,13.8,10.2,60.3,0.06,LOCKED,54.1,18.4,5,
1791342932878,28.495305,77.419279,60.0,CNG,38.41,22.4,5,1805,32.5,6.25,,89.0,0.00,-3.13,13.6,10.2,60.5,0.11,LOCKED,54.1,18.4,5,
1791342934851,28.495165,77.419580,60.0,CNG,38.23,22.4,5,1790,30.6,6.46,,89.0,0.00,-3.13,13.7,10.2,60.2,-0.09,LOCKED,54.1,18.0,5,
1791342935768,28.495089,77.419726,60.0,CNG,38.41,14.9,5,1806,30.6,6.34,,89.0,0.00,-3.13,13.8,0.0,60.5,0.10,LOCKED,54.1,18.0,5,
1791342936482,28.495089,77.419726,60.0,CNG,44.05,19.6,5,1788,30.6,4.34,,89.0,0.00,-3.13,13.8,6.4,60.2,-0.12,LOCKED,54.1,18.0,5,
1791342938252,28.494932,77.420009,60.0,CNG,45.11,19.6,5,1794,25.9,5.24,,89.0,-0.78,-3.13,13.4,6.4,60.1,-0.11,LOCKED,54.1,17.3,5,
1791342939116,28.494853,77.420147,59.0,CNG,45.23,20.4,5,1763,25.9,5.31,,88.0,-0.78,-3.13,13.4,7.5,59.2,-0.45,LOCKED,54.1,17.3,5,
1791342939914,28.494772,77.420285,59.0,CNG,45.75,20.0,5,1760,25.9,5.18,,88.0,-0.78,-3.13,13.7,7.0,58.9,-0.43,LOCKED,54.1,17.3,5,
1791342941748,28.494609,77.420558,59.0,CNG,39.98,22.4,5,1729,40.0,7.18,,88.0,-1.56,-2.34,13.7,10.2,58.1,-0.62,LOCKED,54.1,19.2,5,
1791342942612,28.494609,77.420558,59.0,CNG,38.70,22.4,5,1752,40.0,6.53,,88.0,-1.56,-2.34,13.6,10.2,58.6,0.08,LOCKED,54.1,19.2,5,
1791342943369,28.494522,77.420692,59.0,CNG,44.23,14.9,5,1737,40.0,4.28,,88.0,-1.56,-2.34,13.6,0.0,58.4,0.02,LOCKED,54.1,19.2,5,
1791342945195,28.494342,77.420954,59.0,CNG,45.40,20.8,5,1729,25.1,5.10,,88.0,0.00,-3.13,13.7,8.0,58.2,-0.05,LOCKED,54.1,20.0,5,
1791342946043,28.494252,77.421080,59.0,CNG,25.22,32.9,5,1749,25.1,15.94,,88.0,0.00,-3.13,13.7,24.6,58.7,0.22,LOCKED,54.1,20.0,5,
1791342946811,28.494154,77.421210,60.0,CNG,20.64,31.4,5,1777,25.1,15.06,,88.0,0.00,-3.13,13.7,22.5,59.4,0.52,LOCKED,54.1,20.0,5,
1791342948530,28.494055,77.421341,61.0,CNG,19.68,31.0,5,1816,62.7,13.54,,88.0,0.00,-1.56,13.7,21.9,60.7,0.98,LOCKED,54.1,22.7,5,
1791342949464,28.493956,77.421473,63.0,CNG,19.67,14.9,5,1880,62.7,13.10,,88.0,0.00,-1.56,13.8,0.0,63.1,1.30,LOCKED,54.1,22.7,5,
1791342950192,28.493850,77.421611,63.0,CNG,26.96,22.7,5,1891,62.7,4.39,,89.0,0.00,-1.56,13.8,10.7,63.7,1.10,LOCKED,54.1,22.7,5,
1791342951977,28.493641,77.421885,63.0,CNG,30.73,22.7,5,1891,31.8,6.65,,89.0,0.00,-3.13,13.9,10.7,63.9,0.66,LOCKED,54.1,18.4,5,
1791342952926,28.493541,77.422022,64.0,CNG,33.05,22.7,5,1904,31.8,7.04,,89.0,0.00,-3.13,13.9,10.7,64.1,0.20,ARMED,,18.4,5,
1791342953720,28.493435,77.422160,64.0,CNG,34.23,22.7,5,1913,31.8,7.24,,89.0,0.00,-3.13,13.6,10.7,64.2,0.20,ARMED,,18.4,5,
1791342955499,28.493330,77.422295,64.0,CNG,34.09,22.7,5,1920,38.4,7.72,,89.0,0.78,-2.34,13.6,10.7,64.4,0.20,ARMED,,19.6,5,
1791342956411,28.493226,77.422425,64.0,CNG,32.81,22.7,5,1919,38.4,8.42,,89.0,0.78,-2.34,13.5,10.7,64.4,0.03,CANDIDATE,64.4,19.6,5,
1791342957279,28.493121,77.422561,64.0,CNG,31.94,22.7,5,1912,38.4,8.51,,89.0,0.78,-2.34,13.5,10.7,64.2,-0.02,LOCKED,64.2,19.6,5,
1791342958999,28.492911,77.422830,64.0,CNG,32.53,22.7,5,1919,37.3,7.82,,89.0,0.78,-2.34,13.5,10.7,64.3,-0.00,LOCKED,64.2,19.2,5,
1791342959857,28.492803,77.422966,65.0,CNG,36.18,22.4,5,1914,37.3,6.13,,90.0,0.78,-2.34,13.5,10.2,64.3,-0.01,LOCKED,64.2,19.2,5,
1791342960596,28.492694,77.423100,64.0,CNG,41.80,14.9,5,1912,37.3,4.79,,90.0,0.78,-2.34,13.8,0.0,64.2,-0.02,LOCKED,64.2,19.2,5,
1791342962279,28.492592,77.423237,64.0,CNG,46.25,14.9,5,1924,19.2,4.75,,90.0,0.00,0.00,13.8,0.0,64.4,0.05,LOCKED,64.2,16.1,5,
1791342963144,28.492495,77.423367,59.0,CNG,51.86,14.9,5,1762,19.2,3.73,,90.0,0.00,0.00,13.7,0.0,59.8,-2.16,LOCKED,64.2,16.1,5,
1791342963882,28.492410,77.423486,54.0,CNG,55.94,14.9,5,1613,19.2,3.41,,89.0,0.00,0.00,13.7,0.0,55.6,-3.60,LOCKED,64.2,16.1,5,
1791342965676,28.492270,77.423685,47.0,CNG,57.78,14.9,5,1428,22.4,3.12,,89.0,0.00,0.00,13.5,0.0,49.3,-5.35,LOCKED,64.2,12.2,4,
1791342966513,28.492270,77.423685,37.0,CNG,63.28,14.9,,813,22.4,1.89,,89.0,0.00,0.00,13.5,0.0,37.0,0.00,PAUSED,64.2,12.2,,
1791342967332,28.492221,77.423765,34.0,CNG,54.28,14.9,,668,22.4,3.32,,89.0,0.00,0.00,13.4,0.0,34.0,0.00,PAUSED,64.2,12.2,,
1791342969076,28.492134,77.423917,32.0,CNG,70.94,14.9,,644,27.1,0.73,,89.0,-10.16,-1.56,13.7,0.0,32.0,0.00,PAUSED,64.2,12.5,,
1791342969868,28.492101,77.423979,27.0,CNG,66.10,14.9,,689,27.1,1.91,,89.0,-10.16,-1.56,13.6,0.0,27.0,0.00,PAUSED,64.2,12.5,,
1791342970670,28.492065,77.424046,27.0,CNG,71.31,14.9,,704,27.1,1.32,,89.0,-10.16,-1.56,13.6,0.0,27.0,0.00,PAUSED,64.2,12.5,,
1791342972312,28.492036,77.424112,27.0,CNG,87.21,16.1,,693,41.2,0.78,,89.0,-12.50,-3.13,13.5,1.6,27.0,0.00,PAUSED,64.2,13.3,,
1791342973061,28.492004,77.424176,26.0,CNG,67.46,16.5,4,1030,41.2,2.18,,89.0,-12.50,-3.13,13.5,2.1,26.0,0.00,ARMED,,13.3,4,
1791342973856,28.491971,77.424240,26.0,CNG,26.77,14.9,5,829,41.2,7.84,,89.0,-12.50,-3.13,13.2,0.0,26.0,0.00,ARMED,,13.3,5,
1791342975472,28.491940,77.424301,26.0,CNG,32.31,14.9,5,878,32.9,2.22,,89.0,-0.78,-1.56,13.2,0.0,26.0,0.00,ARMED,,14.5,5,
1791342976219,28.491908,77.424365,26.0,CNG,19.63,22.7,5,861,32.9,8.69,,89.0,-0.78,-1.56,13.7,10.7,26.0,0.00,ARMED,,14.5,5,
1791342976958,28.491875,77.424418,26.0,CNG,16.01,23.1,3,1312,32.9,8.50,,89.0,-0.78,-1.56,13.7,11.2,26.0,0.00,ARMED,,14.5,3,
1791342978607,28.491830,77.424475,27.0,CNG,14.71,23.1,3,1368,47.5,8.39,,89.0,0.00,-2.34,13.8,11.2,26.6,0.36,ARMED,,18.0,3,
1791342979360,28.491788,77.424534,28.0,CNG,19.20,20.8,3,1438,47.5,3.37,,89.0,0.00,-2.34,13.8,8.0,27.9,0.69,ARMED,,18.0,3,
1791342980122,28.491740,77.424593,28.0,CNG,19.32,21.2,3,1448,47.5,5.87,,89.0,0.00,-2.34,13.7,8.6,28.3,0.65,ARMED,,18.0,3,
1791342981832,28.491644,77.424713,28.0,CNG,20.49,22.4,3,1468,36.9,5.09,,89.0,-0.78,-3.13,13.7,10.2,28.6,0.60,ARMED,,18.0,3,
1791342982593,28.491644,77.424713,30.0,CNG,20.49,22.4,3,1525,36.9,5.98,,89.0,-0.78,-3.13,13.8,10.2,29.7,0.61,ARMED,,18.0,3,
1791342983317,28.491592,77.424776,31.0,CNG,20.04,22.4,3,1560,36.9,6.52,,89.0,-0.78,-3.13,13.8,10.2,30.3,0.66,ARMED,,18.0,3,
1791342984971,28.491490,77.424902,31.0,CNG,21.42,20.0,3,1602,22.4,5.33,,89.0,-0.78,-4.69,13.7,7.0,31.1,0.80,ARMED,,17.6,3,
1791342985774,28.491439,77.424965,32.0,CNG,20.13,23.9,3,1617,22.4,7.05,,89.0,-0.78,-4.69,13.7,12.3,31.7,0.45,ARMED,,17.6,3,
1791342986516,28.491439,77.424965,32.0,CNG,18.71,23.9,3,1650,22.4,7.70,,89.0,-0.78,-4.69,13.8,12.3,32.1,0.49,ARMED,,17.6,3,
1791342988117,28.491317,77.425092,33.0,CNG,20.38,14.9,3,1701,21.2,5.78,,89.0,0.00,0.00,13.8,0.0,32.9,0.74,ARMED,,14.5,3,
1791342988912,28.491271,77.425155,32.0,CNG,27.28,14.9,5,980,21.2,2.36,,89.0,0.00,0.00,13.6,0.0,32.0,0.00,ARMED,,14.5,5,
1791342989667,28.491228,77.425217,29.0,CNG,33.83,14.9,5,784,21.2,2.11,,89.0,0.00,0.00,13.6,0.0,30.1,-1.10,ARMED,,14.5,5,
1791342991306,28.491199,77.425293,27.0,CNG,45.46,14.9,,712,18.8,1.00,,89.0,0.00,-1.56,13.8,0.0,27.0,0.00,ARMED,,14.5,,
1791342992105,28.491190,77.425363,25.0,CNG,44.02,19.2,3,1313,18.8,2.45,,89.0,0.00,-1.56,13.8,5.9,25.0,0.00,ARMED,,14.5,3,
1791342992937,28.491206,77.425434,26.0,CNG,38.72,19.2,3,1312,18.8,3.27,,89.0,0.00,-1.56,13.8,5.9,25.6,0.36,ARMED,,14.5,3,
1791342994568,28.491237,77.425499,26.0,CNG,35.32,19.2,3,1317,29.0,3.42,,89.0,0.00,-4.69,13.8,5.9,26.0,0.38,ARMED,,14.1,3,
1791342995356,28.491278,77.425554,25.0,CNG,34.32,15.3,3,1291,29.0,3.11,,89.0,0.00,-4.69,13.7,0.5,25.2,-0.27,ARMED,,14.1,3,
1791342996070,28.491319,77.425596,24.0,CNG,33.04,16.9,3,1209,29.0,3.15,,88.0,0.00,-4.69,13.7,2.7,24.1,-0.82,ARMED,,14.1,3,
1791342997746,28.491415,77.425664,23.0,CNG,26.96,18.8,3,1165,31.0,4.54,,88.0,0.00,-4.69,13.8,5.4,22.9,-1.12,ARMED,,15.7,3,
1791342998481,28.491415,77.425664,23.0,CNG,24.45,19.6,3,1155,31.0,4.41,,88.0,0.00,-4.69,13.8,6.4,22.3,-0.56,ARMED,,15.7,3,
1791342999236,28.491469,77.425683,22.0,CNG,22.73,20.4,3,1154,31.0,4.41,,88.0,0.00,-4.69,13.7,7.5,22.2,-0.36,ARMED,,15.7,3,
1791343000965,28.491585,77.425675,23.0,CNG,18.40,22.7,3,1162,50.6,6.57,,88.0,0.00,-3.91,13.6,10.7,22.3,-0.13,ARMED,,18.4,3,
1791343001709,28.491637,77.425642,25.0,CNG,17.53,23.5,3,1249,50.6,6.21,,88.0,0.00,-3.91,13.9,11.8,24.1,0.79,ARMED,,18.4,3,
1791343002475,28.491637,77.425642,26.0,CNG,13.82,27.5,3,1301,50.6,9.93,,88.0,0.00,-3.91,13.9,17.1,25.2,1.04,ARMED,,18.4,2,
1791343004138,28.491741,77.425538,28.0,CNG,12.58,27.5,3,1401,59.6,10.17,,88.0,0.78,-2.34,13.8,17.1,26.9,1.55,ARMED,,20.8,2,
1791343005000,28.491786,77.425478,32.0,CNG,12.43,27.5,3,1608,59.6,10.68,,88.0,0.78,-2.34,13.8,17.1,31.3,2.38,ARMED,,20.8,3,
1791343005779,28.491835,77.425413,33.0,CNG,12.45,27.5,3,1712,59.6,10.81,,88.0,0.78,-2.34,13.8,17.1,33.4,2.44,ARMED,,20.8,3,
1791343007431,28.491890,77.425336,35.0,CNG,13.02,27.5,3,1782,52.2,10.33,,88.0,-0.78,-2.34,13.8,17.1,35.0,2.37,ARMED,,21.2,3,
1791343008190,28.491951,77.425260,38.0,CNG,13.44,27.5,3,1960,52.2,11.08,,88.0,-0.78,-2.34,13.8,17.1,38.4,2.13,ARMED,,21.2,3,
1791343008943,28.492025,77.425171,40.0,CNG,13.95,27.5,3,2052,52.2,11.14,,88.0,-0.78,-2.34,13.8,17.1,40.1,2.13,ARMED,,21.2,4,
1791343010607,28.492170,77.424999,41.0,CNG,14.25,14.9,3,2087,18.0,11.42,,88.0,0.00,0.00,13.8,0.0,41.2,1.84,ARMED,,18.4,4,
1791343011460,28.492170,77.424999,41.0,CNG,16.48,24.3,4,1601,18.0,7.93,,89.0,0.00,0.00,13.8,12.8,41.0,0.00,ARMED,,18.4,4,
1791343012257,28.492237,77.424917,42.0,CNG,18.40,25.5,4,1625,18.0,7.80,,89.0,0.00,0.00,13.9,14.4,41.6,0.35,ARMED,,18.4,4,
1791343014002,28.492377,77.424733,43.0,CNG,16.91,27.5,4,1666,62.4,11.58,,89.0,3.13,-2.34,13.9,17.1,42.6,0.77,ARMED,,22.4,4,
1791343014896,28.492449,77.424642,46.0,CNG,15.89,27.5,4,1756,62.4,12.79,,89.0,3.13,-2.34,13.7,17.1,45.8,1.56,ARMED,,22.4,4,
1791343015676,28.492535,77.424546,47.0,CNG,16.06,27.1,4,1820,62.4,11.79,,89.0,3.13,-2.34,13.7,16.6,47.4,1.78,ARMED,,22.4,4,
1791343017498,28.492622,77.424449,48.0,CNG,16.25,27.1,4,1845,58.0,11.88,,89.0,-0.78,-1.56,13.6,16.6,48.5,1.52,ARMED,,22.4,4,
1791343018412,28.492705,77.424348,50.0,CNG,16.55,27.1,4,1961,58.0,12.02,,90.0,-0.78,-1.56,13.6,16.6,51.1,1.47,ARMED,,22.4,5,
1791343019245,28.492791,77.424246,51.0,CNG,17.43,27.1,4,1991,58.0,11.07,,90.0,-0.78,-1.56,13.8,16.6,52.0,1.29,ARMED,,22.4,5,
1791343020935,28.492968,77.424025,52.0,CNG,17.96,27.1,4,2015,47.5,11.33,,90.0,0.00,-1.56,13.8,16.6,52.6,1.03,ARMED,,21.2,5,
1791343021873,28.493058,77.423913,54.0,CNG,18.62,27.1,4,2106,47.5,11.24,,90.0,0.00,-1.56,13.8,16.6,54.7,1.07,ARMED,,21.2,5,
1791343022624,28.493146,77.423797,55.0,CNG,19.19,14.9,4,2135,47.5,11.21,,90.0,0.00,-1.56,13.8,0.0,55.4,1.06,ARMED,,21.2,5,
1791343024477,28.493238,77.423681,55.0,CNG,27.63,24.3,5,1726,42.7,2.96,,90.0,-3.13,-3.13,13.9,12.8,55.0,0.00,ARMED,,19.2,5,
1791343025350,28.493332,77.423559,55.0,CNG,30.97,22.4,5,1636,42.7,5.97,,90.0,-3.13,-3.13,13.9,10.2,55.0,0.00,ARMED,,19.2,5,
1791343026203,28.493423,77.423444,55.0,CNG,31.69,22.7,5,1657,42.7,6.85,,90.0,-3.13,-3.13,13.9,10.7,55.0,0.00,ARMED,,19.2,5,
1791343028015,28.493606,77.423213,56.0,CNG,33.34,22.7,5,1663,36.1,6.34,,90.0,-0.78,-3.91,13.9,10.7,55.2,0.05,ARMED,,18.8,5,
1791343028883,28.493700,77.423098,56.0,CNG,32.42,23.1,5,1683,36.1,7.35,,90.0,-0.78,-3.91,13.6,11.2,55.8,0.32,CANDIDATE,55.8,18.8,5,
1791343029729,28.493791,77.422983,57.0,CNG,32.99,22.7,5,1666,36.1,6.88,,89.0,-0.78,-3.91,13.6,10.7,55.7,0.09,LOCKED,55.7,18.8,5,
1791343031425,28.493886,77.422868,57.0,CNG,32.58,22.7,5,1687,34.5,7.28,,89.0,0.00,-3.91,13.6,10.7,56.1,0.25,LOCKED,55.7,18.4,5,
1791343032308,28.493982,77.422751,57.0,CNG,34.16,23.9,5,1714,34.5,6.33,,89.0,0.00,-3.91,13.6,12.3,57.0,0.49,LOCKED,55.7,18.4,5,
1791343033059,28.494077,77.422634,58.0,CNG,33.96,23.1,5,1705,34.5,7.04,,89.0,0.00,-3.91,13.9,11.2,57.1,0.29,LOCKED,55.7,18.4,5,
1791343034951,28.494273,77.422397,58.0,CNG,34.64,23.1,5,1724,34.9,6.64,,89.0,0.00,-3.91,13.7,11.2,57.4,0.33,LOCKED,55.7,19.2,5,
1791343035855,28.494367,77.422274,58.0,CNG,31.35,22.0,5,1724,34.9,8.63,,89.0,0.00,-3.91,13.6,9.6,57.6,0.13,LOCKED,55.7,19.2,5,
1791343036616,28.494458,77.422154,58.0,CNG,32.80,22.4,5,1708,34.9,6.73,,89.0,0.00,-3.91,13.6,10.2,57.3,-0.10,LOCKED,55.7,19.2,5,
1791343038403,28.494543,77.422032,58.0,CNG,31.05,22.7,5,1715,43.9,8.24,,89.0,1.56,-3.13,13.6,10.7,57.3,-0.07,LOCKED,55.7,20.0,5,
1791343039347,28.494639,77.421891,58.0,CNG,30.63,22.7,5,1722,43.9,7.90,,88.0,1.56,-3.13,13.6,10.7,57.6,0.11,LOCKED,55.7,20.0,5,
1791343040109,28.494728,77.421759,58.0,CNG,29.42,22.7,5,1728,43.9,8.53,,88.0,1.56,-3.13,13.7,10.7,57.8,0.14,LOCKED,55.7,20.0,5,
1791343041824,28.494901,77.421516,58.0,CNG,30.88,22.4,5,1753,33.7,7.11,,88.0,0.78,-3.91,13.7,10.2,58.4,0.42,LOCKED,55.7,18.4,5,
1791343042697,28.494991,77.421385,59.0,CNG,32.04,23.5,5,1747,33.7,7.11,,88.0,0.78,-3.91,13.6,11.8,58.6,0.17,LOCKED,55.7,18.4,5,
1791343043484,28.494991,77.421385,59.0,CNG,31.86,23.5,5,1757,33.7,7.63,,88.0,0.78,-3.91,13.6,11.8,58.8,0.19,LOCKED,55.7,18.4,5,
1791343045270,28.495166,77.421118,59.0,CNG,31.59,23.5,5,1749,38.0,7.73,,88.0,0.78,-3.13,13.6,11.8,58.7,0.13,LOCKED,55.7,19.2,5,
1791343046091,28.495249,77.420982,60.0,CNG,32.85,23.5,5,1760,38.0,7.03,,88.0,0.78,-3.13,13.6,11.8,59.1,0.15,LOCKED,55.7,19.2,5,
1791343046835,28.495330,77.420842,60.0,CNG,33.49,23.5,5,1785,38.0,7.11,,88.0,0.78,-3.13,13.8,11.8,59.6,0.41,LOCKED,55.7,19.2,5,
1791343048629,28.495492,77.420560,60.0,CNG,33.53,23.9,5,1783,38.4,7.30,,88.0,0.78,-3.13,13.8,12.3,59.9,0.39,LOCKED,55.7,19.2,5,
1791343049529,28.495492,77.420560,61.0,CNG,33.84,23.9,5,1803,38.4,7.27,,88.0,0.78,-3.13,13.8,12.3,60.6,0.39,LOCKED,55.7,19.2,5,
1791343050265,28.495571,77.420420,61.0,CNG,32.65,23.9,5,1822,38.4,8.03,,88.0,0.78,-3.13,13.8,12.3,61.1,0.45,LOCKED,55.7,19.2,5,
1791343052091,28.495730,77.420123,61.0,CNG,33.26,23.9,5,1815,38.0,7.29,,88.0,0.78,-3.13,13.8,12.3,61.2,0.26,LOCKED,55.7,19.2,5,
1791343052982,28.495809,77.419973,62.0,CNG,33.13,23.9,5,1842,38.0,7.69,,88.0,0.78,-3.13,13.8,12.3,61.9,0.31,LOCKED,55.7,19.2,5,
1791343053749,28.495888,77.419822,62.0,CNG,33.45,23.9,5,1841,38.0,7.47,,88.0,0.78,-3.13,13.8,12.3,62.0,0.27,LOCKED,55.7,19.2,5,
1791343055494,28.495962,77.419667,63.0,CNG,33.32,23.9,5,1851,37.3,7.77,,88.0,0.78,-3.13,13.8,12.3,62.2,0.28,LOCKED,55.7,19.6,5,
1791343056353,28.496035,77.419512,63.0,CNG,33.39,23.9,5,1866,37.3,7.69,,88.0,0.78,-3.13,13.9,12.3,62.8,0.30,LOCKED,55.7,19.6,5,
1791343057160,28.496106,77.419350,63.0,CNG,34.01,23.9,5,1876,37.3,7.36,,88.0,0.78,-3.13,13.9,12.3,63.1,0.31,LOCKED,55.7,19.6,5,
1791343058981,28.496251,77.419036,63.0,CNG,31.80,23.9,5,1883,42.7,8.88,,88.0,1.56,-3.13,13.7,12.3,63.3,0.30,LOCKED,55.7,20.8,5,
1791343059850,28.496324,77.418876,64.0,CNG,29.32,23.9,5,1896,42.7,9.95,,89.0,1.56,-3.13,13.7,12.3,63.8,0.28,LOCKED,55.7,20.8,5,
1791343060600,28.496395,77.418715,64.0,CNG,27.97,23.9,5,1896,42.7,9.99,,89.0,1.56,-3.13,13.6,12.3,63.9,0.25,LOCKED,55.7,20.8,5,
1791343062307,28.496472,77.418560,64.0,CNG,32.09,14.9,5,1905,19.2,6.36,,89.0,0.00,0.00,13.6,0.0,64.1,0.25,LOCKED,55.7,16.1,5,
1791343063204,28.496541,77.418406,60.0,CNG,40.73,14.9,5,1625,19.2,3.44,,89.0,0.00,0.00,13.7,0.0,56.3,-3.53,LOCKED,55.7,16.1,5,
1791343064002,28.496601,77.418258,57.0,CNG,56.33,14.9,,1102,19.2,1.54,,89.0,0.00,0.00,13.7,0.0,57.0,0.00,PAUSED,55.7,16.1,,
1791343065811,28.496701,77.417983,54.0,CNG,65.38,14.9,,964,22.0,2.47,,89.0,2.34,-1.56,13.7,0.0,54.0,0.00,PAUSED,55.7,12.5,,
1791343066667,28.496753,77.417856,50.0,CNG,76.24,14.9,,702,22.0,1.91,,89.0,2.34,-1.56,13.7,0.0,50.0,0.00,PAUSED,55.7,12.5,,
1791343067426,28.496753,77.417856,47.0,CNG,84.55,14.9,,681,22.0,1.84,,89.0,2.34,-1.56,13.6,0.0,47.0,0.00,PAUSED,55.7,12.5,,
1791343069365,28.496865,77.417616,48.0,CNG,86.55,14.9,,683,22.7,2.18,,89.0,-14.06,-1.56,13.7,0.0,48.0,0.00,PAUSED,55.7,12.5,,
1791343070252,28.496925,77.417498,47.0,CNG,50.14,22.4,,915,22.7,6.41,,89.0,-14.06,-1.56,13.8,10.2,47.0,0.00,ARMED,,12.5,,
1791343070968,28.496984,77.417379,47.0,CNG,47.53,14.9,4,1799,22.7,4.37,,89.0,-14.06,-1.56,13.8,0.0,47.0,0.00,ARMED,,12.5,4,
1791343072700,28.497087,77.417139,46.0,CNG,28.04,25.9,4,1795,38.4,11.02,,89.0,0.78,-2.34,13.8,15.0,46.4,-0.37,ARMED,,18.8,4,
1791343073543,28.497087,77.417139,47.0,CNG,34.78,14.9,4,1825,38.4,3.52,,89.0,0.78,-2.34,13.8,0.0,46.9,0.15,ARMED,,18.8,4,
1791343074360,28.497145,77.417024,47.0,CNG,32.16,25.1,4,1845,38.4,6.65,,89.0,0.78,-2.34,13.7,13.9,47.3,0.34,ARMED,,18.8,4,
1791343076140,28.497260,77.416794,47.0,CNG,25.40,24.7,4,1831,35.7,9.95,,88.0,-4.69,-3.13,13.7,13.4,47.3,0.15,ARMED,,19.2,4,
1791343076987,28.497321,77.416679,49.0,CNG,26.35,23.5,4,1882,35.7,7.19,,88.0,-4.69,-3.13,13.7,11.8,48.4,0.54,ARMED,,19.2,4,
1791343077737,28.497383,77.416565,49.0,CNG,28.25,22.4,4,1898,35.7,6.34,,88.0,-4.69,-3.13,13.7,10.2,48.9,0.57,ARMED,,19.2,4,
1791343079543,28.497444,77.416446,49.0,CNG,29.76,22.4,4,1908,30.2,6.20,,88.0,0.00,-3.91,13.8,10.2,49.2,0.52,ARMED,,18.8,4,
1791343080392,28.497503,77.416324,50.0,CNG,29.53,22.7,4,1932,30.2,7.00,,88.0,0.00,-3.91,13.8,10.7,49.9,0.46,ARMED,,18.8,4,
1791343081137,28.497563,77.416204,50.0,CNG,28.51,22.7,4,1931,30.2,7.53,,88.0,0.00,-3.91,13.8,10.7,49.9,0.32,ARMED,,18.8,4,
1791343082878,28.497681,77.415960,50.0,CNG,26.50,22.7,4,1938,39.6,8.52,,88.0,0.78,-3.13,13.8,10.7,50.1,0.27,ARMED,,20.4,4,
1791343083831,28.497738,77.415834,50.0,CNG,24.77,23.5,4,1957,39.6,9.05,,88.0,0.78,-3.13,13.8,11.8,50.4,0.24,CANDIDATE,50.4,20.4,5,
1791343084671,28.497795,77.415705,51.0,CNG,23.19,23.9,4,1975,39.6,9.83,,88.0,0.78,-3.13,13.8,12.3,50.8,0.29,LOCKED,50.8,20.4,5,
1791343086303,28.497851,77.415576,51.0,CNG,23.22,23.9,4,1988,44.3,8.96,,88.0,0.00,-2.34,13.6,12.3,51.1,0.33,LOCKED,50.8,20.8,5,
1791343087182,28.497906,77.415444,52.0,CNG,31.32,14.9,4,2025,44.3,3.33,,88.0,0.00,-2.34,13.6,0.0,52.1,0.50,LOCKED,50.8,20.8,5,
1791343087940,28.497962,77.415312,51.0,CNG,31.98,23.1,5,1485,44.3,6.31,,88.0,0.00,-2.34,13.6,11.2,51.0,0.00,PAUSED,50.8,20.8,5,
1791343089761,28.498068,77.415047,52.0,CNG,31.36,23.1,5,1540,39.2,6.97,,88.0,1.56,-3.91,13.6,11.2,51.7,0.39,PAUSED,50.8,18.8,5,
1791343090770,28.498122,77.414919,53.0,CNG,32.08,23.1,5,1566,39.2,6.53,,88.0,1.56,-3.91,13.8,11.2,52.9,0.63,LOCKED,50.8,18.8,5,
1791343091641,28.498122,77.414919,53.0,CNG,32.59,23.1,5,1583,39.2,6.49,,88.0,1.56,-3.91,13.8,11.2,53.5,0.63,LOCKED,50.8,18.8,5,
1791343093249,28.498230,77.414646,53.0,CNG,32.15,22.7,5,1588,36.9,6.87,,88.0,0.78,-3.91,13.7,10.7,53.8,0.56,LOCKED,50.8,18.4,5,
1791343094163,28.498286,77.414507,54.0,CNG,33.18,22.4,5,1616,36.9,6.34,,89.0,0.78,-3.91,13.7,10.2,54.6,0.52,LOCKED,50.8,18.4,5,
1791343094933,28.498342,77.414369,54.0,CNG,34.83,22.4,5,1609,36.9,5.87,,89.0,0.78,-3.91,13.7,10.2,54.6,0.28,LOCKED,50.8,18.4,5,
1791343096794,28.498450,77.414082,54.0,CNG,34.24,22.4,5,1615,35.3,6.61,,89.0,0.78,-3.91,13.7,10.2,54.6,0.22,LOCKED,50.8,18.4,5,
1791343097656,28.498503,77.413941,55.0,CNG,35.61,22.0,5,1641,35.3,5.94,,89.0,0.78,-3.91,13.8,9.6,55.3,0.28,LOCKED,50.8,18.4,5,
1791343098375,28.498503,77.413941,55.0,CNG,44.28,20.0,5,1623,35.3,3.25,,89.0,0.78,-3.91,13.8,7.0,55.0,0.01,LOCKED,50.8,18.4,5,
1791343100240,28.498611,77.413661,55.0,CNG,47.46,20.8,5,1640,24.7,4.23,,89.0,0.00,-4.69,13.9,8.0,55.2,0.06,LOCKED,50.8,16.5,5,
1791343101105,28.498664,77.413522,55.0,CNG,49.15,20.8,5,1615,24.7,4.33,,89.0,0.00,-4.69,13.9,8.0,54.6,-0.26,LOCKED,50.8,16.5,5,
1791343101874,28.498719,77.413383,54.0,CNG,50.49,20.8,5,1628,24.7,4.19,,89.0,0.00,-4.69,13.7,8.0,54.7,-0.08,LOCKED,50.8,16.5,5,
1791343103781,28.498827,77.413102,54.0,CNG,56.17,20.0,5,1615,24.3,3.26,,89.0,0.00,-4.69,13.8,7.0,54.5,-0.12,LOCKED,50.8,16.9,5,
1791343104688,28.498882,77.412965,54.0,CNG,56.22,19.6,5,1596,24.3,3.92,,89.0,0.00,-4.69,13.7,6.4,53.8,-0.30,LOCKED,50.8,16.9,5,
1791343105500,28.498882,77.412965,53.0,CNG,56.59,14.9,5,1591,24.3,3.79,,89.0,0.00,-4.69,13.7,0.0,53.6,-0.30,LOCKED,50.8,16.9,5,
1791343107294,28.498992,77.412701,51.0,CNG,56.08,14.9,5,1543,20.0,3.77,,89.0,0.00,0.00,13.8,0.0,52.4,-0.84,LOCKED,50.8,14.9,5,
1791343108191,28.499038,77.412599,45.0,CNG,59.85,14.9,5,1357,20.0,2.71,,88.0,0.00,0.00,13.8,0.0,46.2,-2.94,LOCKED,50.8,14.9,4,
1791343108978,28.499082,77.412498,43.0,CNG,62.88,14.9,5,1291,20.0,2.55,,88.0,0.00,0.00,13.8,0.0,43.6,-3.15,LOCKED,50.8,14.9,4,
1791343110718,28.499175,77.412284,41.0,CNG,58.71,14.9,5,1228,22.4,3.18,,88.0,0.00,0.00,13.8,0.0,41.1,-2.96,LOCKED,50.8,12.2,4,
1791343111597,28.499175,77.412284,40.0,CNG,67.14,17.3,,758,22.4,1.85,,88.0,0.00,0.00,13.8,3.2,40.0,0.00,PAUSED,50.8,12.2,,
1791343112390,28.499213,77.412185,39.0,CNG,58.51,19.2,,999,22.4,3.30,,88.0,0.00,0.00,13.8,5.9,39.0,0.00,PAUSED,50.8,12.2,,
1791343114072,28.499284,77.411976,38.0,CNG,48.41,20.4,4,1484,25.5,4.11,,88.0,-3.13,-4.69,13.8,7.5,38.0,0.00,PAUSED,50.8,16.5,4,
1791343114880,28.499324,77.411878,38.0,CNG,45.48,20.4,4,1479,25.5,3.74,,88.0,-3.13,-4.69,13.8,7.5,38.0,0.00,PAUSED,50.8,16.5,4,
1791343115678,28.499362,77.411780,38.0,CNG,36.92,21.6,4,1487,25.5,5.43,,88.0,-3.13,-4.69,13.6,9.1,38.0,0.00,PAUSED,50.8,16.5,4,
1791343117338,28.499398,77.411679,39.0,CNG,34.96,21.6,4,1499,31.8,4.92,,87.0,-0.78,-4.69,13.6,9.1,38.2,0.06,PAUSED,50.8,17.6,4,
1791343118078,28.499436,77.411576,39.0,CNG,33.26,22.4,4,1518,31.8,5.14,,87.0,-0.78,-4.69,13.6,10.2,38.8,0.28,ARMED,,17.6,4,
1791343118805,28.499477,77.411472,40.0,CNG,30.41,22.4,4,1531,31.8,6.05,,87.0,-0.78,-4.69,13.6,10.2,39.1,0.32,ARMED,,17.6,4,
1791343120471,28.499515,77.411371,40.0,CNG,29.64,22.4,4,1548,34.5,5.72,,87.0,-0.78,-3.91,13.8,10.2,39.6,0.38,ARMED,,16.5,4,
1791343121265,28.499557,77.411266,41.0,CNG,36.38,14.9,4,1583,34.5,3.09,,87.0,-0.78,-3.91,13.8,0.0,40.6,0.55,ARMED,,16.5,4,
1791343122174,28.499598,77.411171,40.0,CNG,38.58,14.9,4,1552,34.5,3.85,,87.0,-0.78,-3.91,13.9,0.0,40.2,0.08,ARMED,,16.5,4,
1791343123803,28.499667,77.410981,39.0,CNG,40.36,18.0,4,1519,19.2,3.67,,88.0,0.00,-4.69,13.9,4.3,39.5,-0.39,ARMED,,15.3,4,
1791343124590,28.499667,77.410981,38.0,CNG,34.01,20.8,4,1501,19.2,5.69,,88.0,0.00,-4.69,13.8,8.0,38.5,-0.56,ARMED,,15.3,4,
1791343125311,28.499709,77.410884,38.0,CNG,38.97,14.9,4,1486,19.2,3.09,,88.0,0.00,-4.69,13.8,0.0,38.1,-0.55,ARMED,,15.3,4,
1791343127056,28.499790,77.410693,37.0,CNG,39.98,14.9,4,1425,20.0,3.63,,88.0,0.00,0.00,13.7,0.0,36.9,-0.96,ARMED,,14.9,4,
1791343127787,28.499826,77.410598,36.0,CNG,41.88,15.3,4,1386,20.0,3.25,,88.0,0.00,0.00,13.7,0.5,35.5,-0.91,ARMED,,14.9,4,
1791343128573,28.499826,77.410598,35.0,CNG,46.01,21.6,4,1364,20.0,2.62,,88.0,0.00,0.00,13.7,9.1,35.0,-0.89,ARMED,,14.9,4,
1791343130192,28.499896,77.410418,35.0,CNG,34.02,21.6,4,1344,26.3,5.91,,88.0,1.56,-4.69,13.7,9.1,34.4,-0.84,ARMED,,16.5,4,
1791343131046,28.499933,77.410327,35.0,CNG,33.13,14.9,4,1364,26.3,4.49,,88.0,1.56,-4.69,13.6,0.0,34.8,-0.01,ARMED,,16.5,4,
1791343131828,28.499970,77.410238,34.0,CNG,28.83,20.0,4,1320,26.3,5.80,,88.0,1.56,-4.69,13.6,7.0,34.2,-0.34,ARMED,,16.5,4,
1791343133553,28.500010,77.410147,34.0,CNG,32.29,18.4,4,1306,23.1,3.51,,88.0,0.00,-5.47,13.8,4.8,33.7,-0.41,ARMED,,15.3,4,
1791343134275,28.500046,77.410060,34.0,CNG,33.76,20.4,4,1308,23.1,3.83,,88.0,0.00,-5.47,13.8,7.5,33.6,-0.15,ARMED,,15.3,4,
1791343135055,28.500082,77.409972,34.0,CNG,30.56,22.4,4,1320,23.1,5.20,,88.0,0.00,-5.47,13.8,10.2,33.8,0.03,ARMED,,15.3,4,
1791343136813,28.500154,77.409793,34.0,CNG,28.27,22.4,4,1323,41.2,5.47,,88.0,-0.78,-3.91,13.7,10.2,33.9,0.07,ARMED,,18.4,4,
1791343137582,28.500154,77.409793,35.0,CNG,30.11,14.9,4,1377,41.2,4.30,,88.0,-0.78,-3.91,13.9,0.0,35.2,0.60,ARMED,,18.4,4,
1791343138381,28.500191,77.409703,36.0,CNG,36.96,14.9,4,1373,41.2,2.68,,88.0,-0.78,-3.91,13.9,0.0,35.5,0.45,ARMED,,18.4,4,
1791343140011,28.500257,77.409522,35.0,CNG,38.72,14.9,4,1355,21.2,3.43,,88.0,0.00,0.00,13.8,0.0,35.2,0.11,ARMED,,14.5,4,
1791343140845,28.500288,77.409441,31.0,CNG,42.22,22.4,4,1198,21.2,2.54,,88.0,0.00,0.00,13.8,10.2,31.4,-1.75,ARMED,,14.5,4,
1791343141653,28.500326,77.409359,31.0,CNG,33.05,22.0,4,1191,21.2,5.18,,88.0,0.00,0.00,13.8,9.6,30.4,-1.50,ARMED,,14.5,4,
1791343143302,28.500358,77.409279,31.0,CNG,27.86,21.2,4,1222,54.1,5.67,,88.0,-1.56,-4.69,13.8,8.6,30.6,-0.70,ARMED,,22.0,4,
1791343144050,28.500394,77.409198,33.0,CNG,27.63,14.9,4,1259,54.1,4.94,,88.0,-1.56,-4.69,13.8,0.0,32.1,0.52,ARMED,,22.0,4,
1791343144783,28.500426,77.409116,33.0,CNG,26.77,21.6,4,1259,54.1,5.27,,88.0,-1.56,-4.69,13.8,9.1,32.5,0.52,ARMED,,22.0,4,
1791343146502,28.500462,77.409031,33.0,CNG,25.95,21.6,4,1295,32.5,5.43,,88.0,-3.13,-4.69,13.7,9.1,33.2,0.71,ARMED,,16.5,4,
1791343147258,28.500498,77.408945,34.0,CNG,29.40,20.0,4,1313,32.5,3.82,,89.0,-3.13,-4.69,13.7,7.0,33.9,0.49,ARMED,,16.5,4,
1791343148027,28.500535,77.408857,34.0,CNG,26.96,20.0,4,1334,32.5,5.78,,89.0,-3.13,-4.69,13.8,7.0,34.4,0.51,ARMED,,16.5,4,
1791343149711,28.500610,77.408687,34.0,CNG,28.61,20.0,4,1348,38.4,4.42,,89.0,0.78,-4.69,13.8,7.0,34.7,0.50,ARMED,,17.6,4,
1791343150463,28.500610,77.408687,35.0,CNG,26.67,20.8,4,1344,38.4,5.89,,89.0,0.78,-4.69,13.6,8.0,34.8,0.13,ARMED,,17.6,4,
1791343151212,28.500642,77.408598,34.0,CNG,25.35,20.8,4,1342,38.4,5.89,,89.0,0.78,-4.69,13.6,8.0,34.7,0.08,ARMED,,17.6,4,
1791343152891,28.500708,77.408410,35.0,CNG,24.63,21.6,4,1363,69.4,6.05,,89.0,0.78,-3.91,13.6,9.1,35.0,0.14,ARMED,,27.5,3,
1791343153719,28.500738,77.408310,38.0,CNG,16.20,33.7,4,1459,69.4,14.05,,89.0,0.78,-3.91,13.6,25.7,37.4,1.13,ARMED,,27.5,3,
1791343154529,28.500738,77.408310,39.0,CNG,14.30,34.1,4,1504,69.4,12.95,,89.0,0.78,-3.91,13.8,26.2,38.6,1.32,ARMED,,27.5,4,
1791343156155,28.500793,77.408103,39.0,CNG,13.74,30.6,4,1526,28.6,12.26,,89.0,-2.34,-4.69,13.8,21.4,39.4,1.28,ARMED,,19.6,4,
1791343156999,28.500826,77.408006,36.0,CNG,15.71,18.0,4,1421,28.6,7.24,,89.0,-2.34,-4.69,13.7,4.3,37.2,-0.78,ARMED,,19.6,4,
1791343157738,28.500859,77.407919,35.0,CNG,20.96,14.9,4,1331,28.6,3.20,,90.0,-2.34,-4.69,13.7,0.0,35.2,-1.60,ARMED,,19.6,4,
1791343159438,28.500887,77.407839,31.0,CNG,17.87,26.7,4,1240,72.5,8.92,,90.0,3.91,-3.91,13.5,16.1,32.7,-2.32,ARMED,,21.2,3,
1791343160213,28.500914,77.407760,30.0,CNG,19.66,23.9,4,1142,72.5,5.17,,90.0,3.91,-3.91,13.5,12.3,29.4,-2.03,ARMED,,21.2,3,
1791343160995,28.500948,77.407684,30.0,CNG,18.94,26.3,4,1183,72.5,6.86,,90.0,3.91,-3.91,13.6,15.5,29.4,-1.08,ARMED,,21.2,3,
1791343162628,28.500980,77.407609,31.0,CNG,16.93,26.3,4,1190,63.1,8.69,,90.0,2.34,-3.91,13.6,15.5,29.9,-0.34,ARMED,,20.4,3,
1791343163431,28.501016,77.407522,34.0,CNG,17.56,25.1,4,1306,63.1,7.51,,90.0,2.34,-3.91,13.8,13.9,33.2,1.45,ARMED,,20.4,3,
1791343164180,28.501053,77.407435,35.0,CNG,19.09,23.5,4,1340,63.1,6.59,,90.0,2.34,-3.91,13.8,11.8,34.5,1.51,ARMED,,20.4,3,
1791343165820,28.501126,77.407256,35.0,CNG,22.18,23.9,4,1375,49.0,4.95,,90.0,1.56,-3.91,13.8,12.3,35.5,1.48,ARMED,,19.2,4,
1791343166581,28.501126,77.407256,37.0,CNG,21.16,23.9,4,1418,49.0,7.60,,90.0,1.56,-3.91,13.8,12.3,36.8,0.94,ARMED,,19.2,4,
1791343167417,28.501162,77.407164,37.0,CNG,20.65,23.5,4,1441,49.0,7.58,,90.0,1.56,-3.91,13.8,11.8,37.3,0.88,ARMED,,19.2,4,
1791343169129,28.501238,77.406967,38.0,CNG,21.62,23.5,4,1485,42.7,6.70,,90.0,0.78,-3.91,13.8,11.8,38.2,0.93,ARMED,,19.2,4,
1791343169917,28.501276,77.406862,40.0,CNG,21.70,21.2,4,1544,42.7,7.50,,90.0,0.78,-3.91,13.7,8.6,39.9,0.94,ARMED,,19.2,4,
1791343170679,28.501318,77.406756,40.0,CNG,22.58,22.7,4,1579,42.7,6.82,,89.0,0.78,-3.91,13.7,10.7,40.7,0.96,ARMED,,19.2,4,
1791343172349,28.501358,77.406647,42.0,CNG,22.20,23.1,4,1601,27.5,7.91,,89.0,1.56,-3.91,13.8,11.2,41.4,0.95,ARMED,,18.4,4,
1791343173228,28.501401,77.406534,43.0,CNG,22.27,22.7,4,1728,27.5,7.86,,89.0,1.56,-3.91,13.8,10.7,44.3,1.50,ARMED,,18.4,4,
1791343174000,28.501439,77.406420,44.0,CNG,21.88,22.7,4,1706,27.5,8.42,,89.0,1.56,-3.91,13.7,10.7,44.5,0.95,ARMED,,18.4,4,
1791343175761,28.501534,77.406189,46.0,CNG,22.42,22.7,4,1747,36.9,8.10,,88.0,0.00,-3.91,13.7,10.7,45.1,0.89,ARMED,,18.8,4,
1791343176606,28.501534,77.406189,47.0,CNG,24.25,22.7,4,1815,36.9,7.02,,88.0,0.00,-3.91,13.7,10.7,46.8,0.92,ARMED,,18.8,4,
1791343177386,28.501575,77.406069,47.0,CNG,30.82,14.9,4,1652,36.9,3.80,,88.0,0.00,-3.91,13.7,0.0,44.5,-0.80,ARMED,,18.8,4,
1791343179169,28.501674,77.405826,47.0,CNG,30.37,23.5,5,1287,45.5,6.46,,88.0,0.00,-3.91,13.6,11.8,47.0,0.00,ARMED,,18.8,5,
1791343180013,28.501727,77.405703,50.0,CNG,30.60,23.1,5,1469,45.5,6.61,,88.0,0.00,-3.91,13.6,11.2,49.7,1.21,ARMED,,18.8,5,
1791343180820,28.501787,77.405577,50.0,CNG,40.29,24.3,5,1487,45.5,2.77,,88.0,0.00,-3.91,13.7,12.8,50.2,0.98,ARMED,,18.8,5,
1791343182550,28.501903,77.405325,51.0,CNG,40.46,21.6,5,1494,31.0,5.12,,87.0,0.00,-4.69,13.7,9.1,50.5,0.66,ARMED,,17.3,5,
1791343183422,28.501903,77.405325,52.0,CNG,39.91,21.6,5,1534,31.0,5.43,,87.0,0.00,-4.69,13.9,9.1,51.7,0.66,ARMED,,17.3,5,
1791343184172,28.501963,77.405199,52.0,CNG,41.02,21.6,5,1539,31.0,4.97,,87.0,0.00,-4.69,13.9,9.1,52.0,0.60,ARMED,,17.3,5,
1791343185936,28.502084,77.404938,52.0,CNG,41.09,21.6,5,1550,31.8,5.16,,87.0,0.00,-4.69,13.7,9.1,52.3,0.55,ARMED,,17.6,5,
1791343186817,28.502139,77.404804,52.0,CNG,39.20,21.6,5,1562,31.8,5.79,,88.0,0.00,-4.69,13.7,9.1,52.6,0.25,ARMED,,17.6,5,
1791343187585,28.502196,77.404672,53.0,CNG,39.42,22.0,5,1563,31.8,5.45,,88.0,0.00,-4.69,13.6,9.6,52.7,0.21,ARMED,,17.6,5,
1791343189354,28.502252,77.404540,52.0,CNG,38.71,21.6,5,1554,34.5,5.64,,88.0,-1.56,-4.69,13.6,9.1,52.5,-0.02,ARMED,,18.0,5,
1791343190320,28.502307,77.404405,53.0,CNG,38.45,22.4,5,1565,34.5,5.69,,88.0,-1.56,-4.69,13.7,10.2,52.7,0.04,LOCKED,52.7,18.0,5,
1791343191070,28.502366,77.404269,53.0,CNG,37.42,22.4,5,1572,34.5,6.02,,88.0,-1.56,-4.69,13.7,10.2,52.8,0.08,LOCKED,52.7,18.0,5,
1791343192829,28.502472,77.403996,53.0,CNG,37.68,22.4,5,1573,34.5,5.69,,88.0,0.00,-4.69,13.6,10.2,52.9,0.09,LOCKED,52.7,19.2,5,
1791343193719,28.502522,77.403857,53.0,CNG,34.19,22.4,5,1594,34.5,7.21,,88.0,0.00,-4.69,13.6,10.2,53.5,0.28,LOCKED,52.7,19.2,5,
1791343194482,28.502522,77.403857,54.0,CNG,32.51,22.4,5,1601,34.5,7.28,,88.0,0.00,-4.69,13.8,10.2,53.8,0.30,LOCKED,52.7,19.2,5,
1791343196269,28.502631,77.403581,54.0,CNG,31.79,22.4,5,1608,42.7,7.17,,89.0,1.56,-3.91,13.8,10.2,54.1,0.30,LOCKED,52.7,19.2,5,
1791343197172,28.502688,77.403443,54.0,CNG,30.42,22.4,5,1608,42.7,7.72,,89.0,1.56,-3.91,13.5,10.2,54.1,0.07,LOCKED,52.7,19.2,5,
1791343197930,28.502744,77.403303,54.0,CNG,29.64,22.4,5,1612,42.7,7.73,,89.0,1.56,-3.91,13.5,10.2,54.2,0.07,LOCKED,52.7,19.2,5,
1791343199720,28.502858,77.403025,54.0,CNG,29.91,22.4,5,1616,34.5,7.28,,89.0,0.78,-3.91,13.9,10.2,54.3,0.09,LOCKED,52.7,18.0,5,
1791343200603,28.502858,77.403025,54.0,CNG,31.59,22.4,5,1621,34.5,6.40,,89.0,0.78,-3.91,13.9,10.2,54.4,0.08,LOCKED,52.7,18.0,5,
1791343201376,28.502914,77.402886,55.0,CNG,32.99,22.4,5,1622,34.5,6.37,,89.0,0.78,-3.91,13.9,10.2,54.5,0.09,LOCKED,52.7,18.0,5,
1791343203289,28.503026,77.402607,55.0,CNG,35.43,22.4,5,1628,33.7,5.65,,90.0,0.78,-4.69,13.8,10.2,54.6,0.11,LOCKED,52.7,18.0,5,
1791343204256,28.503078,77.402465,55.0,CNG,36.93,22.4,5,1640,33.7,5.70,,90.0,0.78,-4.69,13.6,10.2,55.1,0.15,LOCKED,52.7,18.0,5,
1791343205003,28.503135,77.402324,55.0,CNG,36.26,22.4,5,1639,33.7,6.37,,90.0,0.78,-4.69,13.6,10.2,55.1,0.13,LOCKED,52.7,18.0,5,
1791343206768,28.503253,77.402042,55.0,CNG,37.27,22.4,5,1648,33.3,5.78,,90.0,1.56,-4.69,13.6,10.2,55.3,0.15,LOCKED,52.7,18.0,5,
1791343207599,28.503253,77.402042,56.0,CNG,36.88,22.4,5,1660,33.3,6.30,,90.0,1.56,-4.69,13.6,10.2,55.7,0.20,LOCKED,52.7,18.0,5,
1791343208360,28.503311,77.401901,56.0,CNG,36.82,22.4,5,1657,33.3,6.23,,90.0,1.56,-4.69,13.8,10.2,55.8,0.16,LOCKED,52.7,18.0,5,
1791343210091,28.503421,77.401611,56.0,CNG,36.55,22.4,5,1663,32.9,6.33,,90.0,1.56,-4.69,13.8,10.2,55.9,0.15,LOCKED,52.7,18.0,5,
1791343210961,28.503476,77.401466,56.0,CNG,36.74,22.4,5,1678,32.9,6.18,,90.0,1.56,-4.69,13.8,10.2,56.3,0.20,LOCKED,52.7,18.0,5,
1791343211689,28.503541,77.401315,56.0,CNG,37.74,22.4,5,1642,32.9,5.82,,90.0,1.56,-4.69,13.8,10.2,55.7,-0.26,LOCKED,52.7,18.0,5,
1791343213536,28.503600,77.401170,56.0,CNG,37.40,22.0,5,1676,31.0,6.20,,90.0,0.78,-4.69,13.8,9.6,56.0,0.06,LOCKED,52.7,17.6,5,
1791343214361,28.503655,77.401025,56.0,CNG,38.90,22.0,5,1677,31.0,5.53,,89.0,0.78,-4.69,13.8,9.6,56.3,0.09,LOCKED,52.7,17.6,5,
1791343215147,28.503706,77.400884,57.0,CNG,38.41,22.0,5,1674,31.0,6.18,,89.0,0.78,-4.69,13.7,9.6,56.3,0.07,LOCKED,52.7,17.6,5,
1791343216905,28.503820,77.400595,57.0,CNG,35.50,22.0,5,1688,37.6,7.30,,89.0,-0.78,-3.91,13.7,9.6,56.6,0.14,LOCKED,52.7,19.2,5,
1791343217798,28.503878,77.400453,56.0,CNG,33.77,22.0,5,1685,37.6,7.28,,89.0,-0.78,-3.91,13.6,9.6,56.6,0.08,LOCKED,52.7,19.2,5,
1791343218562,28.503935,77.400306,56.0,CNG,32.25,22.0,5,1673,37.6,7.58,,89.0,-0.78,-3.91,13.6,9.6,56.3,-0.11,LOCKED,52.7,19.2,5,
1791343220333,28.503989,77.400160,56.0,CNG,31.92,22.0,5,1689,38.4,7.28,,89.0,1.56,-3.91,13.7,9.6,56.5,0.04,LOCKED,52.7,19.2,5,
1791343221200,28.504044,77.400014,57.0,CNG,34.47,22.0,5,1693,38.4,5.96,,88.0,1.56,-3.91,13.7,9.6,56.8,0.09,LOCKED,52.7,19.2,5,
1791343221980,28.504102,77.399871,57.0,CNG,35.24,22.0,5,1684,38.4,6.39,,88.0,1.56,-3.91,13.7,9.6,56.6,0.03,LOCKED,52.7,19.2,5,
1791343223823,28.504216,77.399581,57.0,CNG,37.64,22.0,5,1688,31.0,5.56,,88.0,0.00,-3.91,13.7,9.6,56.7,0.04,LOCKED,52.7,18.0,5,
1791343224739,28.504273,77.399439,57.0,CNG,37.93,22.0,5,1683,31.0,6.07,,88.0,0.00,-3.91,13.4,9.6,56.6,-0.00,LOCKED,52.7,18.0,5,
1791343225514,28.504273,77.399439,57.0,CNG,39.14,22.0,5,1676,31.0,5.67,,88.0,0.00,-3.91,13.4,9.6,56.4,-0.04,LOCKED,52.7,18.0,5,
1791343227305,28.504389,77.399150,57.0,CNG,40.56,22.0,5,1684,31.0,5.43,,88.0,0.00,-3.91,13.8,9.6,56.6,0.01,LOCKED,52.7,17.6,5,
1791343228147,28.504448,77.399005,57.0,CNG,39.53,22.0,5,1691,31.0,6.12,,88.0,0.00,-3.91,13.8,9.6,56.9,0.07,LOCKED,52.7,17.6,5,
1791343228906,28.504504,77.398862,57.0,CNG,40.27,22.0,5,1682,31.0,5.62,,88.0,0.00,-3.91,13.9,9.6,56.7,0.02,LOCKED,52.7,17.6,5,
1791343230692,28.504624,77.398574,57.0,CNG,39.44,22.0,5,1677,31.0,6.09,,88.0,-0.78,-3.91,13.9,9.6,56.6,-0.03,LOCKED,52.7,17.6,5,
1791343231562,28.504624,77.398574,57.0,CNG,40.25,22.0,5,1693,31.0,5.61,,88.0,-0.78,-3.91,13.8,9.6,57.0,0.17,LOCKED,52.7,17.6,5,
1791343232359,28.504678,77.398431,57.0,CNG,40.30,22.0,5,1692,31.0,5.77,,88.0,-0.78,-3.91,13.8,9.6,57.0,0.15,LOCKED,52.7,17.6,5,
1791343234116,28.504796,77.398138,57.0,CNG,41.33,22.0,5,1685,31.0,5.42,,88.0,0.00,-3.91,13.8,9.6,56.9,0.07,LOCKED,52.7,17.6,5,
1791343234959,28.504857,77.397992,57.0,CNG,40.13,22.0,5,1684,31.0,6.06,,88.0,0.00,-3.91,13.8,9.6,56.8,0.02,LOCKED,52.7,17.6,5,
1791343235752,28.504919,77.397845,57.0,CNG,39.30,22.0,5,1689,31.0,6.11,,88.0,0.00,-3.91,13.7,9.6,56.9,0.04,LOCKED,52.7,17.6,5,
1791343237652,28.505030,77.397558,57.0,CNG,38.01,22.0,5,1692,25.9,6.43,,88.0,0.00,0.00,13.5,9.6,57.0,0.06,LOCKED,52.7,16.1,5,
1791343238537,28.505030,77.397558,55.0,CNG,46.41,14.9,,1054,25.9,3.18,,88.0,0.00,0.00,13.5,0.0,55.0,0.00,PAUSED,52.7,16.1,,
1791343239259,28.505083,77.397419,50.0,CNG,56.92,14.9,,920,25.9,2.22,,88.0,0.00,0.00,13.5,0.0,50.0,0.00,PAUSED,52.7,16.1,,
1791343241000,28.505173,77.397184,45.0,CNG,58.22,14.9,,801,34.9,3.03,,88.0,0.00,-1.56,13.6,0.0,45.0,0.00,PAUSED,52.7,14.5,,
1791343241838,28.505203,77.397102,31.0,CNG,55.44,14.9,,802,34.9,2.55,,88.0,0.00,-1.56,13.6,0.0,31.0,0.00,PAUSED,52.7,14.5,,
1791343242636,28.505203,77.397102,28.0,CNG,48.96,14.9,5,807,34.9,2.96,,88.0,0.00,-1.56,13.6,0.0,28.0,0.00,PAUSED,52.7,14.5,5,
1791343244282,28.505252,77.396983,24.0,CNG,50.84,14.9,5,778,22.0,1.76,,89.0,5.47,-1.56,13.6,0.0,25.5,-1.43,PAUSED,52.7,12.9,5,
1791343245137,28.505267,77.396938,14.0,CNG,49.68,14.9,3,808,22.0,1.24,,89.0,5.47,-1.56,13.7,0.0,14.0,0.00,ARMED,,12.9,3,
1791343245893,28.505280,77.396907,11.0,CNG,47.80,14.9,2,783,22.0,1.06,,89.0,5.47,-1.56,13.7,0.0,11.0,0.00,ARMED,,12.9,2,
1791343247503,28.505286,77.396886,10.0,CNG,40.11,14.9,2,762,21.6,1.49,,89.0,4.69,0.00,13.5,0.0,10.4,-0.35,ARMED,,12.5,2,
1791343248311,28.505291,77.396872,4.0,CNG,26.71,14.9,,737,21.6,1.80,,89.0,4.69,0.00,13.5,0.0,4.0,0.00,ARMED,,12.5,,
1791343249076,28.505295,77.396865,1.0,CNG,16.99,14.9,,700,21.6,1.67,,89.0,4.69,0.00,13.6,0.0,1.0,0.00,ARMED,,12.5,,
1791343250629,28.505296,77.396862,0.0,CNG,13.07,14.9,0,685,25.1,0.75,,89.0,-11.72,0.78,13.6,0.0,0.0,0.00,ARMED,,12.5,1,
1791343251435,28.505296,77.396864,0.0,CNG,,14.9,0,697,25.1,1.98,,89.0,-11.72,0.78,13.6,0.0,0.0,0.00,ARMED,,12.5,1,
1791343252290,28.505298,77.396866,0.0,CNG,,14.9,0,699,25.1,1.80,,89.0,-11.72,0.78,13.6,0.0,0.0,0.00,ARMED,,12.5,1,
1791343253880,28.505299,77.396867,0.0,CNG,,14.9,0,706,24.3,1.70,,89.0,-15.63,0.78,13.7,0.0,0.0,0.00,ARMED,,12.5,1,
1791343254647,28.505299,77.396867,0.0,CNG,,14.9,0,698,24.3,1.72,,90.0,-15.63,0.78,13.7,0.0,0.0,0.00,ARMED,,12.5,1,
1791343255412,28.505300,77.396867,0.0,CNG,,14.9,0,697,24.3,1.60,,90.0,-15.63,0.78,13.6,0.0,0.0,0.00,ARMED,,12.5,1,
1791343257026,28.505301,77.396866,0.0,CNG,,14.9,0,695,32.9,1.11,,89.0,-14.84,0.78,13.6,0.0,0.0,0.00,ARMED,,14.1,1,
1791343257800,28.505301,77.396867,0.0,CNG,,14.9,0,735,32.9,3.46,,89.0,-14.84,0.78,13.2,0.0,0.0,0.00,ARMED,,14.1,1,
1791343258596,28.505301,77.396867,0.0,CNG,,14.9,0,772,32.9,3.25,,89.0,-14.84,0.78,13.2,0.0,0.0,0.00,ARMED,,14.1,1,
1791343260243,28.505302,77.396867,0.0,CNG,,14.9,0,787,38.4,3.44,,89.0,-3.91,0.78,13.6,0.0,0.0,0.00,ARMED,,14.9,1,
1791343260992,28.505302,77.396867,0.0,CNG,,14.9,0,797,38.4,2.95,,89.0,-3.91,0.78,13.6,0.0,0.0,0.00,ARMED,,14.9,1,
1791343261705,28.505303,77.396867,0.0,CNG,,,0,812,38.4,2.83,,89.0,-3.91,0.78,13.6,,0.0,0.00,ARMED,,14.9,1,
1791343263456,28.505303,77.396867,,CNG,,,,,0.0,2.83,,89.0,0.00,0.00,13.6,,0.0,0.00,OFF,,17.3,,
1791343264234,28.505303,77.396867,0.0,CNG,,14.9,,0,0.0,0.00,,89.0,0.00,0.00,13.1,0.0,0.0,0.00,OFF,,17.3,,
1791343265004,28.505303,77.396867,0.0,CNG,,14.9,,0,0.0,0.18,,89.0,0.00,0.00,13.1,0.0,0.0,0.00,OFF,,17.3,,
1791343266641,28.505303,77.396867,0.0,CNG,,14.9,,0,0.0,0.03,,89.0,0.00,0.00,12.9,0.0,0.0,0.00,OFF,,17.3,,
1791343267483,28.505303,77.396867,0.0,CNG,,14.9,,0,0.0,0.02,,89.0,0.00,0.00,12.9,0.0,0.0,0.00,OFF,,17.3,,
1791343268281,28.505303,77.396867,0.0,CNG,,14.9,,0,0.0,0.00,,89.0,0.00,0.00,12.8,0.0,0.0,0.00,OFF,,17.3,,
1791343270154,28.505303,77.396867,0.0,CNG,,14.9,,0,0.0,0.00,,89.0,0.00,0.00,12.8,0.0,0.0,0.00,OFF,,17.3,,
1791343270977,28.505303,77.396867,0.0,CNG,,14.9,,0,0.0,0.03,,89.0,0.00,0.00,12.7,0.0,0.0,0.00,OFF,,17.3,,
1791343271744,28.505303,77.396867,0.0,CNG,,14.9,,0,0.0,0.18,,89.0,0.00,0.00,12.7,0.0,0.0,0.00,OFF,,17.3,,
1791343273515,28.505303,77.396867,,CNG,,14.9,,,23.9,0.18,,89.0,0.00,1.56,12.0,0.0,0.0,0.00,OFF,,13.3,,
1791343274282,28.505303,77.396867,0.0,CNG,,18.8,0,1082,23.9,2.21,,89.0,0.00,1.56,12.0,5.4,0.0,0.00,ARMED,,13.3,1,
1791343275076,28.505303,77.396867,1.0,CNG,,14.9,,715,23.9,3.55,,89.0,0.00,1.56,12.0,0.0,1.0,0.00,ARMED,,13.3,,
1791343276791,28.505313,77.396850,3.0,PETROL,1.57,22.4,,810,45.5,5.72,,90.0,0.00,1.56,12.0,10.2,3.0,0.00,ARMED,,17.6,,
1791343277536,28.505313,77.396850,6.0,PETROL,2.54,21.2,1,822,45.5,3.82,,90.0,0.00,1.56,11.9,8.6,6.0,0.00,ARMED,,17.6,1,
1791343278277,28.505322,77.396836,7.0,PETROL,3.30,21.2,1,1004,45.5,4.65,,90.0,0.00,1.56,11.9,8.6,6.6,0.36,ARMED,,17.6,1,
1791343279934,28.505344,77.396793,9.0,PETROL,5.32,14.9,1,1217,29.4,2.31,,90.0,0.00,1.56,12.1,0.0,8.2,1.12,ARMED,,14.5,1,
1791343280681,28.505356,77.396775,8.0,PETROL,6.33,20.4,,841,29.4,2.87,,89.0,0.00,1.56,12.1,7.5,8.0,0.00,ARMED,,14.5,,
1791343281464,28.505356,77.396775,8.0,PETROL,7.56,14.9,,742,29.4,2.33,,89.0,0.00,1.56,12.2,0.0,8.0,0.00,ARMED,,14.5,,
1791343283087,28.505392,77.396767,8.0,PETROL,7.65,19.2,,639,75.3,3.01,,88.0,0.00,3.91,12.2,5.9,8.0,0.00,ARMED,,19.2,,
1791343283857,28.505412,77.396781,10.0,PETROL,6.02,22.0,2,729,75.3,6.06,,88.0,0.00,3.91,13.1,9.6,10.0,0.00,ARMED,,19.2,2,
1791343284628,28.505412,77.396781,12.0,PETROL,6.28,22.4,2,860,75.3,5.33,,88.0,0.00,3.91,13.1,10.2,11.3,0.73,ARMED,,19.2,2,
1791343286233,28.505420,77.396849,13.0,PETROL,6.62,22.7,2,938,63.5,6.13,,88.0,-5.47,-3.13,13.8,10.7,12.5,1.15,ARMED,,19.2,2,
1791343286991,28.505404,77.396890,16.0,PETROL,7.01,23.5,2,1157,63.5,7.12,,88.0,-5.47,-3.13,13.8,11.8,15.8,1.80,ARMED,,19.2,2,
1791343287756,28.505384,77.396934,17.0,PETROL,7.35,23.5,2,1281,63.5,7.28,,88.0,-5.47,-3.13,13.7,11.8,17.4,1.98,ARMED,,19.2,2,
1791343289435,28.505355,77.396989,19.0,PETROL,6.85,25.1,2,1425,49.0,9.11,,88.0,2.34,-2.34,13.7,13.9,19.3,2.20,ARMED,,20.0,2,
1791343290269,28.505330,77.397044,23.0,PETROL,9.20,14.9,2,1729,49.0,4.80,,88.0,2.34,-2.34,13.7,0.0,23.5,2.28,ARMED,,20.0,2,
1791343291007,28.505308,77.397104,24.0,PETROL,9.59,23.1,3,1162,49.0,7.23,,88.0,2.34,-2.34,13.7,11.2,24.0,0.00,ARMED,,20.0,3,
1791343292740,28.505260,77.397231,24.0,CNG,14.71,23.9,3,1224,55.3,6.67,,88.0,0.78,-3.13,13.8,12.3,24.0,0.00,ARMED,,20.8,3,
1791343293457,28.505260,77.397231,27.0,CNG,13.33,26.3,3,1378,55.3,9.31,,88.0,0.78,-3.13,13.8,15.5,26.6,1.22,ARMED,,20.8,2,
1791343294280,28.505232,77.397303,28.0,CNG,12.43,26.3,3,1445,55.3,10.04,,88.0,0.78,-3.13,13.5,15.5,28.0,1.47,ARMED,,20.8,2,
1791343295880,28.505176,77.397459,30.0,CNG,11.49,26.7,3,1528,63.1,11.74,,88.0,0.00,-2.34,13.5,16.1,29.6,1.74,ARMED,,22.0,3,
1791343296643,28.505176,77.397459,32.0,CNG,17.87,14.9,3,1605,63.1,2.02,,88.0,0.00,-2.34,13.6,0.0,31.6,1.35,ARMED,,22.0,3,
1791343297415,28.505139,77.397542,32.0,CNG,17.85,23.9,,1102,63.1,7.34,,88.0,0.00,-2.34,13.6,12.3,32.0,0.00,ARMED,,22.0,,
1791343299080,28.505072,77.397710,33.0,CNG,16.37,23.9,4,1271,62.7,9.18,,88.0,0.00,-3.13,13.7,12.3,33.0,0.00,ARMED,,20.8,3,
1791343299835,28.505036,77.397797,35.0,CNG,16.38,23.9,4,1358,62.7,8.73,,88.0,0.00,-3.13,13.7,12.3,34.8,0.82,ARMED,,20.8,3,
1791343300611,28.505036,77.397797,36.0,CNG,18.02,23.9,4,1384,62.7,7.04,,88.0,0.00,-3.13,13.5,12.3,35.7,1.04,ARMED,,20.8,3,
1791343302373,28.504962,77.397986,37.0,CNG,19.09,23.9,4,1423,46.3,7.27,,88.0,-0.78,-3.13,13.8,12.3,36.8,1.12,ARMED,,19.2,4,
1791343303220,28.504926,77.398082,38.0,CNG,19.79,23.9,4,1483,46.3,7.45,,88.0,-0.78,-3.13,13.8,12.3,38.5,1.04,ARMED,,19.2,4,
1791343303982,28.504885,77.398182,39.0,CNG,20.22,23.9,4,1509,46.3,7.64,,88.0,-0.78,-3.13,13.8,12.3,39.2,1.00,ARMED,,19.2,4,
1791343305734,28.504808,77.398393,40.0,CNG,21.30,23.5,4,1527,23.5,7.10,,88.0,1.56,0.00,13.8,11.8,39.8,0.93,ARMED,,14.9,4,
1791343306525,28.504808,77.398393,40.0,CNG,24.04,20.8,,928,23.5,5.54,,89.0,1.56,0.00,13.8,8.0,40.0,0.00,ARMED,,14.9,,
1791343307339,28.504773,77.398492,40.0,CNG,29.15,21.2,5,1186,23.5,3.86,,89.0,1.56,0.00,13.8,8.6,40.0,0.00,ARMED,,14.9,5,
1791343308956,28.504699,77.398694,40.0,CNG,30.79,21.2,5,1194,45.5,4.87,,89.0,2.34,-3.91,13.8,8.6,40.0,0.00,ARMED,,17.6,5,
1791343309744,28.504655,77.398797,40.0,CNG,29.43,22.0,5,1201,45.5,5.92,,89.0,2.34,-3.91,13.8,9.6,40.0,0.00,ARMED,,17.6,5,
1791343310470,28.504655,77.398797,41.0,CNG,41.19,14.9,5,1211,45.5,1.70,,89.0,2.34,-3.91,13.8,0.0,40.2,0.06,ARMED,,17.6,5,
1791343312247,28.504571,77.399003,41.0,CNG,58.02,14.9,,787,22.4,1.15,,89.0,0.00,0.00,13.6,0.0,41.0,0.00,ARMED,,12.5,,
1791343313122,28.504536,77.399100,35.0,CNG,60.67,14.9,,710,22.4,2.17,,89.0,0.00,0.00,13.6,0.0,35.0,0.00,ARMED,,12.5,,
1791343313875,28.504517,77.399188,32.0,CNG,54.09,14.9,,711,22.4,2.89,,89.0,0.00,0.00,13.7,0.0,32.0,0.00,ARMED,,12.5,,
1791343315432,28.504516,77.399268,29.0,CNG,50.69,14.9,,765,35.3,2.61,,89.0,-5.47,0.00,13.7,0.0,29.0,0.00,ARMED,,14.5,,
1791343316215,28.504545,77.399334,26.0,CNG,50.17,14.9,5,789,35.3,2.16,,89.0,-5.47,0.00,13.6,0.0,26.0,0.00,ARMED,,14.5,5,
1791343317009,28.504588,77.399380,25.0,CNG,44.34,23.1,5,787,35.3,2.79,,89.0,-5.47,0.00,13.6,11.2,25.4,-0.37,ARMED,,14.5,5,
1791343318648,28.504705,77.399438,24.0,CNG,15.04,45.5,3,1247,94.5,14.11,,89.0,3.13,-2.34,13.7,41.7,24.0,0.00,ARMED,,44.7,2,
1791343319510,28.504705,77.399438,31.0,CNG,8.14,48.2,3,1585,94.5,24.71,,89.0,3.13,-2.34,13.7,45.5,30.2,2.83,ARMED,,44.7,3,
1791343320270,28.504791,77.399464,34.0,CNG,7.05,48.2,3,1747,94.5,23.00,,89.0,3.13,-2.34,13.5,45.5,33.3,3.42,ARMED,,44.7,3,
1791343322008,28.504959,77.399535,38.0,CNG,8.30,14.9,3,1913,90.2,14.73,,90.0,0.00,-3.13,13.5,0.0,37.0,3.78,ARMED,,43.9,3,
1791343322803,28.505050,77.399579,40.0,CNG,10.60,49.4,4,1547,90.2,10.04,,90.0,0.00,-3.13,13.6,47.1,40.0,0.00,ARMED,,43.9,4,
1791343323687,28.505145,77.399631,43.0,CNG,9.47,49.4,4,1650,90.2,21.07,,90.0,0.00,-3.13,13.6,47.1,42.1,1.17,ARMED,,43.9,4,
1791343325472,28.505247,77.399686,46.0,CNG,9.06,49.4,4,1760,96.1,21.89,,90.0,-1.56,-1.56,13.7,47.1,45.0,2.26,ARMED,,19.6,4,
1791343326309,28.505353,77.399744,49.0,CNG,13.62,33.3,,1680,96.1,5.24,,90.0,-1.56,-1.56,13.7,25.1,49.0,0.00,ARMED,,19.6,,
1791343327092,28.505472,77.399798,50.0,CNG,13.63,36.5,5,1505,96.1,14.98,,90.0,-1.56,-1.56,13.8,29.4,50.0,0.00,ARMED,,19.6,5,
1791343328801,28.505701,77.399926,51.0,CNG,21.04,24.7,5,1521,45.5,2.50,,90.0,2.34,-3.13,13.8,13.4,50.7,0.37,ARMED,,19.2,5,
1791343329658,28.505813,77.399995,52.0,CNG,23.24,24.3,5,1528,45.5,7.81,,90.0,2.34,-3.13,13.9,12.8,51.9,0.66,ARMED,,19.2,5,
1791343330411,28.505813,77.399995,52.0,CNG,24.65,24.3,5,1543,45.5,7.87,,90.0,2.34,-3.13,13.9,12.8,52.4,0.67,ARMED,,19.2,5,
1791343332146,28.506029,77.400148,53.0,CNG,26.96,23.5,5,1551,41.2,6.95,,90.0,0.00,-3.13,13.8,11.8,52.9,0.62,ARMED,,18.8,5,
1791343333010,28.506133,77.400238,53.0,CNG,28.87,22.7,5,1572,41.2,6.73,,90.0,0.00,-3.13,13.8,10.7,53.5,0.40,ARMED,,18.8,5,
1791343333826,28.506236,77.400331,53.0,CNG,28.73,17.3,5,1573,41.2,7.59,,90.0,0.00,-3.13,13.9,3.2,53.6,0.34,ARMED,,18.8,5,
1791343335792,28.506435,77.400515,53.0,CNG,37.73,14.9,5,1564,30.2,3.07,,89.0,0.00,-3.91,13.6,0.0,53.4,0.05,ARMED,,17.6,5,
1791343336690,28.506528,77.400611,51.0,CNG,37.85,20.4,5,1524,30.2,5.48,,89.0,0.00,-3.91,13.8,7.5,51.8,-0.65,ARMED,,17.6,5,
1791343337431,28.506528,77.400611,51.0,CNG,37.12,21.2,5,1515,30.2,5.78,,89.0,0.00,-3.91,13.8,8.6,51.3,-0.64,ARMED,,17.6,5,
1791343339144,28.506704,77.400814,51.0,CNG,35.60,20.0,5,1504,29.8,6.22,,89.0,0.78,-3.91,13.5,7.0,50.9,-0.61,ARMED,,16.9,5,
1791343339996,28.506790,77.400916,50.0,CNG,44.70,19.6,5,1496,29.8,2.77,,89.0,0.78,-3.91,13.5,6.4,50.5,-0.30,ARMED,,16.9,5,
1791343340828,28.506879,77.401016,50.0,CNG,52.22,19.6,5,1488,29.8,2.91,,89.0,0.78,-3.91,13.8,6.4,50.3,-0.30,ARMED,,16.9,5,
1791343342560,28.507047,77.401212,50.0,CNG,58.75,14.9,5,1467,22.4,2.82,,88.0,0.00,0.00,13.8,0.0,49.8,-0.37,ARMED,,12.2,5,
1791343343422,28.507047,77.401212,42.0,CNG,68.39,14.9,,760,22.4,1.77,,88.0,0.00,0.00,13.4,0.0,42.0,0.00,ARMED,,12.2,,
1791343344150,28.507117,77.401285,36.0,CNG,65.52,14.9,,668,22.4,2.43,,88.0,0.00,0.00,13.4,0.0,36.0,0.00,ARMED,,12.2,,
1791343345750,28.507237,77.401364,30.0,CNG,70.08,14.9,,643,24.7,1.49,,88.0,-14.06,0.00,13.6,0.0,30.0,0.00,ARMED,,12.2,,
1791343346485,28.507237,77.401364,16.0,CNG,57.79,14.9,,684,24.7,1.83,,88.0,-14.06,0.00,13.6,0.0,16.0,0.00,ARMED,,12.2,,
1791343347321,28.507265,77.401383,9.0,CNG,42.25,14.9,,671,24.7,2.00,,88.0,-14.06,0.00,13.5,0.0,9.0,0.00,ARMED,,12.2,,
1791343348974,28.507277,77.401394,2.0,CNG,29.26,14.9,,693,27.1,1.63,,88.0,-14.84,0.00,13.5,0.0,2.0,0.00,ARMED,,12.9,,
1791343349744,28.507274,77.401388,0.0,CNG,17.11,14.9,0,685,27.1,1.99,,88.0,-14.84,0.00,13.7,0.0,0.0,0.00,ARMED,,12.9,1,
1791343350495,28.507274,77.401388,0.0,CNG,11.43,14.9,0,700,27.1,1.43,,88.0,-14.84,0.00,13.7,0.0,0.0,0.00,ARMED,,12.9,1,
1791343352132,28.507289,77.401411,0.0,CNG,,14.9,0,700,26.7,2.26,,88.0,-4.69,-1.56,13.7,0.0,0.0,0.00,ARMED,,12.9,1,
1791343352870,28.507286,77.401410,0.0,CNG,,14.9,0,706,26.7,1.97,,88.0,-4.69,-1.56,13.7,0.0,0.0,0.00,ARMED,,12.9,1,
1791343353623,28.507286,77.401410,0.0,CNG,,14.9,0,736,26.7,2.83,,88.0,-4.69,-1.56,13.5,0.0,0.0,0.00,ARMED,,12.9,1,
1791343355376,28.507286,77.401407,0.0,CNG,,14.9,0,773,36.1,2.89,,88.0,-1.56,-3.91,13.5,0.0,0.0,0.00,ARMED,,14.5,1,
1791343356238,28.507287,77.401406,0.0,CNG,,14.9,0,793,36.1,2.48,,88.0,-1.56,-3.91,13.6,0.0,0.0,0.00,ARMED,,14.5,1,
