t_ms,lat,lon,speed_kmh,fuel,inst_eff,pedal,gear,rpm,load,maf,map,ect,stft,ltft,volt,pedal_norm,v_est,a_est,cruise_state,cruise_target,throttle
1791218342016,,,0.0,PETROL,,14.9,0,792,35.7,2.73,38.0,68.0,0.00,-0.78,11.8,0.0,0.0,0.00,ARMED,,14.5
1791218342539,,,0.0,PETROL,,14.9,0,808,35.7,2.41,38.0,68.0,0.00,-0.78,11.7,0.0,0.0,0.00,ARMED,,14.9
1791218343047,,,0.0,PETROL,,14.9,0,814,35.7,2.76,38.0,68.0,0.00,-0.78,11.7,0.0,0.0,0.00,ARMED,,14.9
1791218343982,,,0.0,PETROL,,14.9,0,822,41.2,3.22,45.0,67.0,0.00,-0.78,12.4,0.0,0.0,0.00,ARMED,,15.3
1791218344531,,,0.0,PETROL,,14.9,0,821,41.2,3.58,45.0,67.0,0.00,-0.78,12.4,0.0,0.0,0.00,ARMED,,15.7
1791218345040,,,0.0,PETROL,,14.9,0,819,41.2,3.67,45.0,67.0,0.00,-0.78,13.1,0.0,0.0,0.00,ARMED,,16.1
1791218345895,,,0.0,PETROL,,14.9,0,825,49.8,3.68,52.0,67.0,0.00,-0.78,13.1,0.0,0.0,0.00,ARMED,,16.1
1791218346479,28.629724,77.318479,0.0,PETROL,,14.9,0,825,49.8,3.19,52.0,67.0,0.00,-0.78,13.3,0.0,0.0,0.00,ARMED,,16.1
1791218347010,28.629714,77.318520,0.0,PETROL,,14.9,0,826,49.8,3.86,52.0,67.0,0.00,-0.78,13.3,0.0,0.0,0.00,ARMED,,16.1
1791218347959,28.629663,77.318533,0.0,PETROL,,14.9,0,831,49.8,4.22,49.0,67.0,-1.56,-0.78,13.3,0.0,0.0,0.00,ARMED,,16.1
1791218348498,28.629663,77.318533,0.0,PETROL,,14.9,0,830,49.8,3.36,49.0,68.0,-1.56,-0.78,13.3,0.0,0.0,0.00,ARMED,,16.1
1791218349051,28.629687,77.318406,0.0,PETROL,,14.9,0,834,49.8,3.98,49.0,68.0,-1.56,-0.78,13.5,0.0,0.0,0.00,ARMED,,16.1
1791218349922,28.629687,77.318406,0.0,PETROL,,14.9,0,835,49.4,4.26,49.0,68.0,-1.56,-0.78,13.5,0.0,0.0,0.00,ARMED,,16.1
1791218350550,28.629667,77.318409,0.0,PETROL,,14.9,0,844,49.4,3.28,49.0,68.0,-1.56,-0.78,13.5,0.0,0.0,0.00,ARMED,,16.1
1791218351019,28.629664,77.318409,0.0,PETROL,,14.9,0,852,49.4,3.16,49.0,68.0,-1.56,-0.78,13.5,0.0,0.0,0.00,ARMED,,16.1
1791218351987,28.629654,77.318422,0.0,PETROL,,14.9,0,846,48.6,3.23,49.0,68.0,-1.56,-0.78,13.6,0.0,0.0,0.00,ARMED,,16.1
1791218352556,28.629654,77.318422,0.0,PETROL,,14.9,0,846,48.6,3.23,49.0,69.0,-1.56,-0.78,13.6,0.0,0.0,0.00,ARMED,,16.1
1791218353089,28.629680,77.318476,0.0,PETROL,,14.9,0,849,48.6,4.15,49.0,69.0,-1.56,-0.78,13.4,0.0,0.0,0.00,ARMED,,16.1
1791218354305,28.629677,77.318499,0.0,PETROL,,14.9,0,852,47.5,3.86,49.0,69.0,-1.56,-0.78,13.4,0.0,0.0,0.00,ARMED,,16.1
1791218355073,28.629674,77.318507,0.0,PETROL,,14.9,0,853,47.5,3.69,49.0,69.0,-1.56,-0.78,13.6,0.0,0.0,0.00,ARMED,,16.1
1791218355589,28.629674,77.318507,0.0,PETROL,,14.9,0,849,47.5,4.07,49.0,69.0,-1.56,-0.78,13.6,0.0,0.0,0.00,ARMED,,16.1
1791218356563,28.629669,77.318510,0.0,PETROL,,14.9,0,848,46.7,3.17,48.0,69.0,-1.56,-0.78,13.7,0.0,0.0,0.00,ARMED,,15.7
1791218357112,28.629674,77.318508,0.0,PETROL,,14.9,0,854,46.7,3.62,48.0,70.0,-1.56,-0.78,13.7,0.0,0.0,0.00,ARMED,,15.7
1791218357821,28.629674,77.318508,0.0,PETROL,,14.9,0,847,46.7,3.97,48.0,70.0,-1.56,-0.78,13.6,0.0,0.0,0.00,ARMED,,15.7
1791218358788,28.629686,77.318515,0.0,PETROL,,14.9,0,847,45.5,3.14,46.0,70.0,-1.56,-0.78,13.6,0.0,0.0,0.00,ARMED,,15.7
1791218359328,28.629690,77.318528,0.0,PETROL,,14.9,0,847,45.5,2.95,46.0,70.0,-1.56,-0.78,13.7,0.0,0.0,0.00,ARMED,,15.7
1791218359867,28.629690,77.318528,0.0,PETROL,,14.9,0,843,45.5,2.80,46.0,70.0,-1.56,-0.78,13.7,0.0,0.0,0.00,ARMED,,15.7
1791218360852,28.629692,77.318531,0.0,PETROL,,14.9,0,841,44.7,3.27,46.0,70.0,-1.56,-0.78,13.6,0.0,0.0,0.00,ARMED,,15.7
1791218361384,28.629695,77.318536,0.0,PETROL,,14.9,0,838,44.7,3.37,46.0,70.0,-1.56,-0.78,13.6,0.0,0.0,0.00,ARMED,,15.7
1791218361912,28.629695,77.318536,0.0,PETROL,,14.9,0,847,44.7,3.34,46.0,70.0,-1.56,-0.78,13.5,0.0,0.0,0.00,ARMED,,15.7
1791218363059,28.629698,77.318546,0.0,PETROL,,14.9,0,838,43.9,3.92,46.0,71.0,-0.78,-0.78,13.6,0.0,0.0,0.00,ARMED,,15.7
1791218363642,28.629698,77.318546,0.0,PETROL,,14.9,0,844,43.9,3.46,46.0,71.0,-0.78,-0.78,13.7,0.0,0.0,0.00,ARMED,,15.7
1791218364180,28.629702,77.318548,0.0,PETROL,,14.9,0,844,43.9,2.74,46.0,71.0,-0.78,-0.78,13.7,0.0,0.0,0.00,ARMED,,15.7
1791218365182,28.629706,77.318552,0.0,PETROL,,14.9,0,843,43.5,3.25,47.0,71.0,-1.56,-0.78,13.7,0.0,0.0,0.00,ARMED,,15.7
1791218365818,28.629706,77.318552,0.0,PETROL,,14.9,0,847,43.5,2.72,47.0,71.0,-1.56,-0.78,13.7,0.0,0.0,0.00,ARMED,,15.7
1791218366397,28.629709,77.318556,0.0,PETROL,,14.9,0,833,43.5,3.81,47.0,71.0,-1.56,-0.78,13.6,0.0,0.0,0.00,ARMED,,15.7
1791218367335,28.629713,77.318556,0.0,PETROL,,14.9,0,837,43.1,3.74,44.0,71.0,-1.56,-0.78,13.6,0.0,0.0,0.00,ARMED,,15.7
1791218367991,28.629714,77.318556,0.0,PETROL,,14.9,0,835,43.1,3.61,44.0,71.0,-1.56,-0.78,13.7,0.0,0.0,0.00,ARMED,,15.3
1791218368603,28.629714,77.318556,0.0,PETROL,,14.9,0,836,43.1,2.46,44.0,72.0,-1.56,-0.78,13.7,0.0,0.0,0.00,ARMED,,15.3
1791218369605,28.629714,77.318556,0.0,PETROL,,14.9,0,836,39.6,2.55,42.0,72.0,0.00,-0.78,13.6,0.0,0.0,0.00,ARMED,,15.3
1791218370135,28.629714,77.318556,0.0,PETROL,,14.9,0,838,39.6,3.50,42.0,72.0,0.00,-0.78,13.6,0.0,0.0,0.00,ARMED,,15.3
1791218370682,28.629714,77.318556,0.0,PETROL,,14.9,0,839,39.6,3.10,42.0,72.0,0.00,-0.78,13.5,0.0,0.0,0.00,ARMED,,15.3
1791218371653,28.629716,77.318569,0.0,PETROL,,14.9,0,842,38.8,3.54,43.0,72.0,0.00,-0.78,13.5,0.0,0.0,0.00,ARMED,,15.3
1791218372204,28.629716,77.318573,0.0,PETROL,,14.9,0,834,38.8,3.12,43.0,72.0,0.00,-0.78,13.6,0.0,0.0,0.00,ARMED,,15.3
1791218372770,28.629716,77.318573,0.0,PETROL,,14.9,0,833,38.8,2.63,43.0,72.0,0.00,-0.78,13.6,0.0,0.0,0.00,ARMED,,15.3
1791218373845,28.629716,77.318573,0.0,PETROL,,14.9,0,837,38.8,3.27,41.0,72.0,0.78,-0.78,13.2,0.0,0.0,0.00,ARMED,,15.3
1791218374460,28.629715,77.318573,0.0,PETROL,,14.9,0,834,38.8,3.42,41.0,73.0,0.78,-0.78,13.2,0.0,0.0,0.00,ARMED,,14.9
1791218375087,28.629715,77.318573,0.0,PETROL,,14.9,0,837,38.8,2.97,41.0,73.0,0.78,-0.78,13.3,0.0,0.0,0.00,ARMED,,14.9
1791218376066,28.629772,77.318675,0.0,PETROL,,14.9,0,833,39.2,2.42,42.0,73.0,-0.78,-0.78,13.3,0.0,0.0,0.00,ARMED,,15.3
1791218376725,28.629772,77.318675,0.0,PETROL,,14.9,0,832,39.2,3.18,42.0,73.0,-0.78,-0.78,13.3,0.0,0.0,0.00,ARMED,,15.3
1791218377341,28.629750,77.318670,0.0,PETROL,,14.9,0,830,39.2,2.67,42.0,73.0,-0.78,-0.78,13.3,0.0,0.0,0.00,ARMED,,15.3
1791218378490,28.629751,77.318672,0.0,PETROL,,14.9,0,834,40.0,3.48,42.0,73.0,-0.78,-0.78,13.2,0.0,0.0,0.00,ARMED,,15.3
1791218379115,28.629741,77.318664,0.0,PETROL,,14.9,0,835,40.0,3.17,42.0,73.0,-0.78,-0.78,13.2,0.0,0.0,0.00,ARMED,,15.3
1791218379838,28.629741,77.318664,0.0,PETROL,,14.9,0,833,40.0,3.42,42.0,73.0,-0.78,-0.78,13.2,0.0,0.0,0.00,ARMED,,15.3
1791218381128,28.629730,77.318633,0.0,PETROL,,14.9,0,834,40.0,2.96,44.0,74.0,-1.56,-0.78,13.2,0.0,0.0,0.00,ARMED,,15.3
1791218381841,28.629730,77.318633,0.0,PETROL,,14.9,0,835,40.0,2.73,44.0,74.0,-1.56,-0.78,13.3,0.0,0.0,0.00,ARMED,,15.3
1791218382493,28.629728,77.318615,0.0,PETROL,,14.9,0,832,40.0,2.43,44.0,74.0,-1.56,-0.78,13.3,0.0,0.0,0.00,ARMED,,15.3
1791218383670,28.629729,77.318577,0.0,PETROL,,14.9,0,835,40.0,2.50,43.0,74.0,-1.56,-0.78,13.3,0.0,0.0,0.00,ARMED,,15.3
1791218384354,28.629724,77.318553,0.0,PETROL,,14.9,0,833,40.0,3.23,43.0,74.0,-1.56,-0.78,13.3,0.0,0.0,0.00,ARMED,,15.3
1791218385036,28.629722,77.318548,0.0,PETROL,,14.9,0,834,40.0,2.41,43.0,74.0,-1.56,-0.78,13.3,0.0,0.0,0.00,ARMED,,14.9
1791218386452,28.629721,77.318547,0.0,PETROL,,14.9,0,827,39.6,2.39,33.0,75.0,-2.34,-0.78,13.4,0.0,0.0,0.00,ARMED,,14.9
1791218387221,28.629721,77.318549,0.0,PETROL,,14.9,0,746,39.6,2.11,33.0,75.0,-2.34,-0.78,13.4,0.0,0.0,0.00,ARMED,,12.9
1791218387932,28.629721,77.318549,0.0,PETROL,,14.9,0,722,39.6,2.25,33.0,75.0,-2.34,-0.78,13.4,0.0,0.0,0.00,ARMED,,12.9
1791218389185,28.629720,77.318550,0.0,PETROL,,14.9,0,710,26.3,2.25,32.0,75.0,1.56,-0.78,13.4,0.0,0.0,0.00,ARMED,,12.9
1791218389894,28.629720,77.318550,0.0,PETROL,,14.9,0,698,26.3,2.28,32.0,75.0,1.56,-0.78,13.4,0.0,0.0,0.00,ARMED,,12.9
1791218390579,28.629719,77.318553,0.0,PETROL,,14.9,0,696,26.3,2.17,32.0,75.0,1.56,-0.78,13.3,0.0,0.0,0.00,ARMED,,12.9
1791218391776,28.629718,77.318556,0.0,PETROL,,14.9,0,722,37.6,1.92,42.0,75.0,-2.34,-0.78,13.3,0.0,0.0,0.00,ARMED,,14.1
1791218392425,28.629719,77.318556,0.0,PETROL,,14.9,0,786,37.6,2.54,42.0,75.0,-2.34,-0.78,13.2,0.0,0.0,0.00,ARMED,,15.3
1791218393147,28.629719,77.318557,0.0,PETROL,,14.9,0,800,37.6,3.60,42.0,76.0,-2.34,-0.78,13.2,0.0,0.0,0.00,ARMED,,15.7
1791218394468,28.629719,77.318551,0.0,PETROL,,14.9,0,814,45.1,3.10,47.0,76.0,-1.56,-0.78,13.4,0.0,0.0,0.00,ARMED,,15.7
1791218395184,28.629718,77.318550,0.0,PETROL,,14.9,0,838,45.1,3.83,47.0,76.0,-1.56,-0.78,13.4,0.0,0.0,0.00,ARMED,,15.7
1791218395874,28.629718,77.318550,0.0,PETROL,,14.9,0,839,45.1,3.27,47.0,76.0,-1.56,-0.78,13.2,0.0,0.0,0.00,ARMED,,15.7
1791218397060,28.629718,77.318551,0.0,PETROL,,14.9,0,843,43.5,3.81,45.0,76.0,-0.78,-0.78,13.2,0.0,0.0,0.00,ARMED,,15.7
1791218397754,28.629718,77.318551,0.0,PETROL,,14.9,0,838,43.5,2.91,45.0,76.0,-0.78,-0.78,13.3,0.0,0.0,0.00,ARMED,,15.7
1791218398504,28.629717,77.318553,0.0,PETROL,,14.9,0,834,43.5,3.81,45.0,76.0,-0.78,-0.78,13.3,0.0,0.0,0.00,ARMED,,15.7
1791218399665,28.629718,77.318558,0.0,PETROL,,14.9,0,830,29.4,3.77,33.0,76.0,-2.34,-0.78,13.4,0.0,0.0,0.00,ARMED,,15.7
1791218400399,28.629718,77.318558,0.0,PETROL,,14.9,0,741,29.4,2.50,33.0,76.0,-2.34,-0.78,13.4,0.0,0.0,0.00,ARMED,,13.3
1791218401023,28.629718,77.318559,0.0,PETROL,,14.9,0,716,29.4,1.39,33.0,76.0,-2.34,-0.78,13.0,0.0,0.0,0.00,ARMED,,13.3
1791218402236,28.629718,77.318559,0.0,PETROL,,14.9,0,698,31.8,2.54,37.0,77.0,-0.78,-0.78,13.0,0.0,0.0,0.00,ARMED,,13.3
1791218402964,28.629718,77.318559,0.0,PETROL,,16.9,0,651,31.8,3.17,37.0,77.0,-0.78,-0.78,13.4,2.7,0.0,0.00,ARMED,,15.7
1791218403670,28.629718,77.318559,2.0,PETROL,,14.9,,791,31.8,3.07,37.0,77.0,-0.78,-0.78,13.4,0.0,2.0,0.00,ARMED,,14.9
1791218404826,28.629718,77.318559,3.0,PETROL,,14.9,,794,51.4,3.71,62.0,77.0,-0.78,-0.78,13.1,0.0,3.0,0.00,ARMED,,15.3
1791218405486,28.629718,77.318559,5.0,PETROL,3.16,14.9,,816,51.4,2.54,62.0,77.0,-0.78,-0.78,13.1,0.0,5.0,0.00,ARMED,,15.3
1791218406175,28.629719,77.318556,5.0,PETROL,4.19,14.9,,820,51.4,2.61,62.0,77.0,-0.78,-0.78,13.3,0.0,5.0,0.00,ARMED,,15.3
1791218407499,28.629719,77.318553,4.0,PETROL,4.14,14.9,,817,42.0,3.11,46.0,77.0,-3.13,-0.78,13.3,0.0,4.0,0.00,ARMED,,15.3
1791218408141,28.629719,77.318552,1.0,PETROL,,14.9,,821,42.0,3.63,46.0,77.0,-3.13,-0.78,13.1,0.0,1.0,0.00,ARMED,,15.3
1791218408774,28.629719,77.318552,0.0,PETROL,,23.1,0,822,42.0,2.98,46.0,78.0,-3.13,-0.78,13.1,11.2,0.0,0.00,ARMED,,15.7
1791218409996,28.629718,77.318553,0.0,PETROL,,14.9,0,793,68.6,9.91,49.0,78.0,3.91,-0.78,13.0,0.0,0.0,0.00,ARMED,,48.2
1791218410706,28.629718,77.318553,2.0,PETROL,,14.9,,827,68.6,3.05,49.0,78.0,3.91,-0.78,13.0,0.0,2.0,0.00,ARMED,,14.9
1791218411390,28.629717,77.318550,2.0,PETROL,,16.9,,831,68.6,5.63,49.0,78.0,3.91,-0.78,13.0,2.7,2.0,0.00,ARMED,,18.0
1791218412814,28.629717,77.318550,3.0,PETROL,,14.9,,822,48.2,3.22,45.0,78.0,-3.91,-0.78,13.1,0.0,3.0,0.00,ARMED,,15.7
1791218413553,28.629718,77.318548,3.0,PETROL,,14.9,,815,48.2,2.77,45.0,78.0,-3.91,-0.78,13.1,0.0,3.0,0.00,ARMED,,15.7
1791218414247,28.629717,77.318548,2.0,PETROL,,17.6,,815,48.2,4.92,45.0,78.0,-3.91,-0.78,13.1,3.7,2.0,0.00,ARMED,,17.3
1791218415266,28.629717,77.318547,2.0,PETROL,,14.9,,795,37.3,1.97,38.0,78.0,-2.34,-0.78,13.4,0.0,2.0,0.00,ARMED,,12.5
1791218415838,28.629717,77.318547,2.0,PETROL,,14.9,,854,37.3,2.46,38.0,79.0,-2.34,-0.78,13.4,0.0,2.0,0.00,ARMED,,13.3
1791218416400,28.629717,77.318547,1.0,PETROL,,14.9,,789,37.3,2.04,38.0,79.0,-2.34,-0.78,13.2,0.0,1.0,0.00,ARMED,,12.9
1791218417307,28.629717,77.318547,1.0,PETROL,,14.9,,756,26.7,2.23,37.0,79.0,8.59,-0.78,13.2,0.0,1.0,0.00,ARMED,,13.3
1791218417829,28.629717,77.318547,0.0,PETROL,,18.8,0,721,26.7,7.31,37.0,79.0,8.59,-0.78,13.3,5.4,0.0,0.00,ARMED,,19.6
1791218418319,28.629717,77.318547,1.0,PETROL,,16.1,,725,26.7,3.29,37.0,79.0,8.59,-0.78,13.3,1.6,1.0,0.00,ARMED,,16.1
1791218419208,28.629717,77.318547,3.0,PETROL,,15.3,,782,48.6,3.01,50.0,79.0,-3.91,-0.78,13.5,0.5,3.0,0.00,ARMED,,15.7
1791218419702,28.629717,77.318547,5.0,PETROL,2.86,14.9,1,725,48.6,2.71,50.0,79.0,-3.91,-0.78,13.5,0.0,5.0,0.00,ARMED,,14.1
1791218420208,28.629717,77.318547,5.0,PETROL,4.20,14.9,,788,48.6,2.19,50.0,79.0,-3.91,-0.78,13.2,0.0,5.0,0.00,ARMED,,14.1
1791218421109,28.629703,77.318553,4.0,PETROL,3.97,14.9,,794,38.4,3.36,44.0,79.0,-0.78,-0.78,13.2,0.0,4.0,0.00,ARMED,,14.9
1791218421637,28.629703,77.318553,1.0,PETROL,,14.9,,803,38.4,3.34,44.0,79.0,-0.78,-0.78,13.3,0.0,1.0,0.00,ARMED,,15.7
1791218422118,28.629697,77.318555,0.0,PETROL,,14.9,0,809,38.4,3.39,44.0,79.0,-0.78,-0.78,13.3,0.0,0.0,0.00,ARMED,,15.7
1791218423040,28.629680,77.318568,0.0,PETROL,,14.9,0,815,45.1,2.85,70.0,79.0,-1.56,1.56,13.4,0.0,0.0,0.00,ARMED,,15.7
1791218423556,28.629680,77.318568,1.0,PETROL,,14.9,,1203,45.1,5.81,70.0,79.0,-1.56,1.56,13.4,0.0,1.0,0.00,ARMED,,17.6
1791218424083,28.629682,77.318559,2.0,PETROL,,14.9,,1094,45.1,5.34,70.0,79.0,-1.56,1.56,13.4,0.0,2.0,0.00,ARMED,,17.3
1791218424972,28.629683,77.318562,2.0,PETROL,,14.9,,1009,43.5,3.16,45.0,80.0,-3.13,-0.78,13.4,0.0,2.0,0.00,ARMED,,16.1
1791218425498,28.629683,77.318562,3.0,PETROL,,14.9,,821,43.5,3.79,45.0,80.0,-3.13,-0.78,13.3,0.0,3.0,0.00,ARMED,,15.7
1791218425981,28.629683,77.318567,3.0,PETROL,,14.9,,832,43.5,3.53,45.0,80.0,-3.13,-0.78,13.3,0.0,3.0,0.00,ARMED,,15.7
1791218426997,28.629682,77.318561,2.0,PETROL,,14.9,,823,44.3,3.76,48.0,80.0,0.00,-0.78,13.5,0.0,2.0,0.00,ARMED,,15.7
1791218427533,28.629682,77.318561,0.0,PETROL,,14.9,0,825,44.3,2.62,48.0,80.0,0.00,-0.78,13.5,0.0,0.0,0.00,ARMED,,15.3
1791218428080,28.629680,77.318565,0.0,PETROL,,24.3,0,797,44.3,9.09,48.0,80.0,0.00,-0.78,13.2,12.8,0.0,0.00,ARMED,,20.0
1791218428951,28.629680,77.318563,0.0,PETROL,,21.6,0,1241,41.2,5.38,46.0,80.0,-3.13,1.56,13.2,9.1,0.0,0.00,ARMED,,17.6
1791218429488,28.629680,77.318563,4.0,PETROL,,14.9,,1261,41.2,1.38,46.0,80.0,-3.13,1.56,13.0,0.0,4.0,0.00,ARMED,,12.2
1791218429970,28.629682,77.318565,5.0,PETROL,2.99,14.9,1,748,41.2,2.30,46.0,80.0,-3.13,1.56,13.0,0.0,5.0,0.00,ARMED,,13.7
1791218430964,28.629683,77.318565,4.0,PETROL,3.82,14.9,,882,21.6,2.16,32.0,80.0,0.00,-0.78,13.1,0.0,4.0,0.00,ARMED,,12.9
1791218431453,28.629683,77.318565,0.0,PETROL,,14.9,0,748,21.6,2.32,32.0,80.0,0.00,-0.78,13.1,0.0,0.0,0.00,ARMED,,13.3
1791218431959,28.629683,77.318565,0.0,PETROL,,17.3,0,698,21.6,1.37,32.0,80.0,0.00,-0.78,12.8,3.2,0.0,0.00,ARMED,,12.9
1791218432991,28.629685,77.318561,0.0,PETROL,,22.0,0,725,71.4,8.90,49.0,81.0,5.47,3.91,12.9,9.6,0.0,0.00,ARMED,,21.2
1791218433560,28.629685,77.318561,2.0,PETROL,,15.7,,886,71.4,4.36,49.0,81.0,5.47,3.91,12.7,1.1,2.0,0.00,ARMED,,16.1
1791218434150,28.629685,77.318562,3.0,PETROL,,14.9,,655,71.4,4.39,49.0,81.0,5.47,3.91,12.7,0.0,3.0,0.00,ARMED,,16.9
1791218435083,28.629683,77.318563,4.0,PETROL,,14.9,,815,46.3,2.54,46.0,81.0,-3.91,-0.78,13.2,0.0,4.0,0.00,ARMED,,14.5
1791218435615,28.629683,77.318563,2.0,PETROL,,14.9,,818,46.3,2.60,46.0,81.0,-3.91,-0.78,13.2,0.0,2.0,0.00,ARMED,,15.3
1791218436128,28.629683,77.318564,0.0,PETROL,,16.1,0,818,46.3,3.81,46.0,81.0,-3.91,-0.78,13.2,1.6,0.0,0.00,ARMED,,15.7
1791218437064,28.629683,77.318564,0.0,PETROL,,27.1,0,828,95.7,9.28,73.0,81.0,14.06,3.91,13.2,16.6,0.0,0.00,ARMED,,25.1
1791218437607,28.629683,77.318564,3.0,PETROL,,23.5,,914,95.7,2.60,73.0,81.0,14.06,3.91,12.5,11.8,3.0,0.00,ARMED,,15.3
1791218438133,28.629683,77.318564,5.0,PETROL,1.40,28.6,1,708,95.7,7.53,73.0,81.0,14.06,3.91,12.5,18.7,5.0,0.00,ARMED,,21.6
1791218439020,28.629682,77.318563,6.0,PETROL,1.52,28.6,,945,100.0,10.41,87.0,81.0,3.91,3.91,13.5,18.7,6.0,0.00,ARMED,,48.2
1791218439527,28.629682,77.318563,11.0,PETROL,1.96,29.0,1,1688,100.0,13.15,87.0,81.0,3.91,3.91,13.5,19.3,11.0,0.00,ARMED,,23.5
1791218440052,28.629666,77.318578,14.0,PETROL,3.70,14.9,1,2024,100.0,3.65,87.0,81.0,3.91,3.91,13.4,0.0,12.4,0.85,ARMED,,15.3
1791218441014,28.629621,77.318546,14.0,PETROL,5.33,23.1,2,1094,65.9,4.16,73.0,82.0,0.00,3.91,13.4,11.2,14.0,0.00,ARMED,,16.5
1791218441523,28.629621,77.318546,16.0,PETROL,6.63,23.9,2,1162,65.9,5.21,73.0,82.0,0.00,3.91,13.4,12.3,15.4,0.77,ARMED,,18.4
1791218442027,28.629543,77.318566,17.0,PETROL,7.50,22.7,2,1269,65.9,5.62,73.0,82.0,0.00,3.91,13.4,10.7,16.4,1.13,ARMED,,18.4
1791218442983,28.629481,77.318610,18.0,PETROL,8.54,22.7,2,1316,42.4,5.57,50.0,82.0,-6.25,1.56,13.5,10.7,17.4,1.43,ARMED,,18.0
1791218443554,28.629481,77.318610,19.0,PETROL,8.53,29.8,2,1426,42.4,7.12,50.0,82.0,-6.25,1.56,13.5,20.3,19.0,1.45,ARMED,,19.2
1791218444079,28.629431,77.318629,20.0,PETROL,7.34,20.8,2,1528,42.4,10.28,50.0,82.0,-6.25,1.56,13.4,8.0,20.0,1.64,ARMED,,22.0
1791218444969,28.629383,77.318655,21.0,PETROL,12.93,14.9,,1387,20.0,2.73,35.0,82.0,0.00,-0.78,13.4,0.0,21.0,0.00,ARMED,,14.1
1791218445514,28.629383,77.318655,19.0,PETROL,16.03,14.9,,860,20.0,2.30,35.0,82.0,0.00,-0.78,13.1,0.0,19.0,0.00,ARMED,,12.9
1791218446068,28.629347,77.318686,17.0,PETROL,22.39,14.9,4,733,20.0,0.76,35.0,83.0,0.00,-0.78,13.1,0.0,17.0,0.00,ARMED,,12.5
1791218446976,28.629314,77.318696,15.0,PETROL,24.38,14.9,3,708,23.9,1.58,32.0,83.0,0.00,-0.78,13.3,0.0,15.0,0.00,ARMED,,12.5
1791218447470,28.629314,77.318696,11.0,PETROL,26.22,14.9,,694,23.9,1.06,32.0,83.0,0.00,-0.78,13.3,0.0,11.0,0.00,ARMED,,12.9
1791218447992,28.629287,77.318713,9.0,PETROL,20.82,14.9,2,713,23.9,1.99,32.0,83.0,0.00,-0.78,13.5,0.0,9.0,0.00,ARMED,,14.1
1791218448844,28.629287,77.318713,8.0,PETROL,14.70,14.9,,766,37.3,2.92,40.0,83.0,-3.91,-0.78,13.5,0.0,8.0,0.00,ARMED,,14.5
1791218449362,28.629260,77.318720,5.0,PETROL,10.28,14.9,1,765,37.3,3.04,40.0,83.0,-3.91,-0.78,13.2,0.0,5.0,0.00,ARMED,,14.9
1791218449877,28.629260,77.318720,3.0,PETROL,7.70,14.9,,787,37.3,2.55,40.0,83.0,-3.91,-0.78,13.2,0.0,3.0,0.00,ARMED,,15.3
1791218450786,28.629248,77.318731,1.0,PETROL,4.35,14.9,,797,42.7,3.63,47.0,83.0,-1.56,-0.78,13.3,0.0,1.0,0.00,ARMED,,15.3
1791218451290,28.629217,77.318722,0.0,PETROL,,14.9,0,809,42.7,3.01,47.0,83.0,-1.56,-0.78,13.3,0.0,0.0,0.00,ARMED,,15.3
1791218451813,28.629217,77.318722,0.0,PETROL,,14.9,0,815,42.7,3.61,47.0,83.0,-1.56,-0.78,13.3,0.0,0.0,0.00,ARMED,,15.3
1791218452871,28.629221,77.318700,0.0,PETROL,,14.9,0,823,42.7,3.25,46.0,83.0,-2.34,-0.78,13.2,0.0,0.0,0.00,ARMED,,15.3
1791218453429,28.629220,77.318691,0.0,PETROL,,14.9,0,830,42.7,2.54,46.0,83.0,-2.34,-0.78,13.3,0.0,0.0,0.00,ARMED,,15.3
1791218453921,28.629220,77.318691,0.0,PETROL,,14.9,0,826,42.7,3.64,46.0,83.0,-2.34,-0.78,13.3,0.0,0.0,0.00,ARMED,,15.3
1791218454844,28.629223,77.318678,0.0,PETROL,,14.9,0,822,42.7,3.54,46.0,84.0,-2.34,-0.78,13.3,0.0,0.0,0.00,ARMED,,15.3
1791218455365,28.629226,77.318670,0.0,PETROL,,14.9,0,826,42.7,3.64,46.0,84.0,-2.34,-0.78,13.3,0.0,0.0,0.00,ARMED,,15.3
1791218455869,28.629226,77.318670,0.0,PETROL,,14.9,0,828,42.7,3.47,46.0,84.0,-2.34,-0.78,13.1,0.0,0.0,0.00,ARMED,,15.3
1791218456735,28.629235,77.318668,0.0,PETROL,,14.9,0,825,29.8,1.64,36.0,84.0,-3.13,-0.78,13.1,0.0,0.0,0.00,ARMED,,12.2
1791218457345,28.629240,77.318666,1.0,PETROL,,22.0,,834,29.8,6.35,36.0,84.0,-3.13,-0.78,13.5,9.6,1.0,0.00,ARMED,,18.0
1791218457851,28.629240,77.318666,1.0,PETROL,,14.9,,970,29.8,4.79,36.0,84.0,-3.13,-0.78,13.5,0.0,1.0,0.00,ARMED,,17.3
1791218458820,28.629240,77.318662,3.0,PETROL,,14.9,,810,49.0,4.50,50.0,84.0,-3.91,-0.78,13.0,0.0,3.0,0.00,ARMED,,16.9
1791218459378,28.629232,77.318658,6.0,PETROL,3.38,14.9,1,759,49.0,1.19,50.0,84.0,-3.91,-0.78,13.0,0.0,6.0,0.00,ARMED,,12.9
1791218459892,28.629232,77.318658,5.0,PETROL,5.40,14.9,1,756,49.0,1.18,50.0,84.0,-3.91,-0.78,13.3,0.0,5.5,-0.29,ARMED,,12.9
1791218460848,28.629225,77.318654,5.0,PETROL,7.44,17.3,1,726,25.1,1.10,44.0,84.0,2.34,-0.78,13.3,3.2,5.2,-0.34,ARMED,,12.9
1791218461362,28.629220,77.318648,4.0,PETROL,3.87,20.8,,660,25.1,5.56,44.0,84.0,2.34,-0.78,13.2,8.0,4.0,0.00,ARMED,,17.6
1791218461901,28.629220,77.318648,5.0,PETROL,3.38,26.7,1,704,25.1,5.13,44.0,84.0,2.34,-0.78,13.2,16.1,5.0,0.00,ARMED,,18.4
1791218462801,28.629215,77.318639,7.0,PETROL,3.14,25.9,1,982,78.4,6.95,74.0,84.0,0.78,3.91,13.2,15.0,6.0,0.59,ARMED,,20.8
1791218463322,28.629206,77.318622,10.0,PETROL,3.28,14.9,1,1352,78.4,8.51,74.0,85.0,0.78,3.91,13.2,0.0,8.9,1.93,ARMED,,20.4
1791218463845,28.629206,77.318622,10.0,PETROL,4.75,14.9,,1097,78.4,3.12,74.0,85.0,0.78,3.91,13.3,0.0,10.0,0.00,ARMED,,15.7
1791218464712,28.629200,77.318602,9.0,PETROL,5.12,18.8,,1088,37.3,4.77,41.0,85.0,0.00,0.00,13.3,5.4,9.0,0.00,ARMED,,16.9
1791218465245,28.629199,77.318576,9.0,PETROL,6.34,14.9,2,716,37.3,2.83,41.0,85.0,0.00,0.00,13.1,0.0,9.0,0.00,ARMED,,15.7
1791218465772,28.629199,77.318576,9.0,PETROL,8.30,19.2,,765,37.3,1.81,41.0,85.0,0.00,0.00,13.1,5.9,9.0,0.00,ARMED,,13.7
1791218466740,28.629206,77.318551,10.0,PETROL,5.22,22.4,2,736,86.3,7.80,86.0,85.0,7.81,3.91,13.1,10.2,10.0,0.00,ARMED,,21.6
1791218467277,28.629224,77.318525,11.0,PETROL,7.66,14.9,2,816,86.3,1.58,86.0,85.0,7.81,3.91,13.1,0.0,10.7,0.40,ARMED,,12.9
1791218467880,28.629224,77.318525,11.0,PETROL,9.17,23.1,2,801,86.3,2.39,86.0,85.0,7.81,3.91,13.4,11.2,11.0,0.41,ARMED,,14.9
1791218468719,28.629248,77.318507,11.0,PETROL,15.64,23.5,2,825,98.8,0.00,98.0,85.0,4.69,3.91,13.4,11.8,11.1,0.38,ARMED,,48.2
1791218469287,28.629277,77.318498,13.0,PETROL,8.14,23.5,2,965,98.8,7.11,98.0,85.0,4.69,3.91,13.3,11.8,12.4,0.94,ARMED,,21.6
1791218469816,28.629277,77.318498,14.0,PETROL,6.86,23.5,2,1090,98.8,6.84,98.0,85.0,4.69,3.91,13.3,11.8,13.7,1.43,ARMED,,20.0
1791218470737,28.629307,77.318494,16.0,PETROL,6.93,23.5,2,1170,65.1,7.10,78.0,85.0,-6.25,3.91,13.2,11.8,15.1,1.76,ARMED,,20.0
1791218471225,28.629341,77.318487,17.0,PETROL,6.94,22.4,2,1301,65.1,7.61,78.0,86.0,-6.25,3.91,13.2,10.2,17.2,2.05,ARMED,,20.0
1791218471763,28.629341,77.318487,18.0,PETROL,8.08,21.6,2,1326,65.1,5.51,78.0,86.0,-6.25,3.91,13.2,9.1,18.0,1.92,ARMED,,17.6
1791218472824,28.629374,77.318477,18.0,PETROL,7.65,23.5,2,1370,53.7,7.50,69.0,86.0,-0.78,3.13,13.3,11.8,18.7,1.72,ARMED,,20.0
1791218473383,28.629414,77.318464,20.0,PETROL,8.22,22.0,2,1451,53.7,6.54,69.0,86.0,-0.78,3.13,13.4,9.6,19.7,1.28,ARMED,,18.8
1791218473942,28.629459,77.318450,20.0,PETROL,8.77,22.0,2,1494,53.7,6.16,69.0,86.0,-0.78,3.13,13.4,9.6,20.2,1.15,ARMED,,18.8
1791218474834,28.629459,77.318450,20.0,PETROL,12.65,14.9,2,1411,34.1,1.79,39.0,86.0,0.00,0.00,13.1,0.0,20.0,0.63,ARMED,,12.9
1791218475331,28.629519,77.318422,21.0,PETROL,11.57,21.6,3,1028,34.1,6.18,39.0,87.0,0.00,0.00,13.1,9.1,21.0,0.00,ARMED,,18.8
1791218475870,28.629519,77.318422,21.0,PETROL,11.75,21.6,3,1074,34.1,5.31,39.0,87.0,0.00,0.00,13.3,9.1,21.0,0.00,ARMED,,17.3
1791218476788,28.629574,77.318398,22.0,PETROL,13.25,21.6,3,1112,41.6,4.26,43.0,87.0,-3.13,0.78,13.3,9.1,21.5,0.30,ARMED,,16.9
1791218477360,28.629621,77.318386,22.0,PETROL,14.88,19.2,3,1143,41.6,3.79,43.0,87.0,-3.13,0.78,13.3,5.9,21.9,0.34,ARMED,,15.3
1791218477856,28.629621,77.318386,22.0,PETROL,16.95,19.2,3,1148,41.6,3.22,43.0,87.0,-3.13,0.78,13.3,5.9,22.1,0.32,ARMED,,14.5
1791218478815,28.629671,77.318349,22.0,PETROL,18.47,19.2,3,1144,24.3,3.22,33.0,87.0,-1.56,-0.78,13.2,5.9,22.1,0.28,ARMED,,14.5
1791218479356,28.629723,77.318316,22.0,PETROL,20.30,19.2,3,1155,24.3,2.88,33.0,87.0,-1.56,-0.78,13.2,5.9,22.2,0.24,ARMED,,14.1
1791218479901,28.629723,77.318316,22.0,PETROL,22.42,19.2,3,1128,24.3,2.58,33.0,87.0,-1.56,-0.78,13.4,5.9,22.0,0.03,ARMED,,14.1
1791218480767,28.629783,77.318297,22.0,PETROL,23.32,19.2,3,1137,23.1,2.72,32.0,87.0,0.00,-0.78,13.4,5.9,21.9,0.00,ARMED,,14.1
1791218481286,28.629830,77.318274,22.0,PETROL,22.49,19.6,3,1144,23.1,3.16,32.0,87.0,0.00,-0.78,13.3,6.4,21.9,0.01,ARMED,,14.9
1791218481780,28.629830,77.318274,22.0,PETROL,22.94,19.6,3,1137,23.1,2.85,32.0,87.0,0.00,-0.78,13.3,6.4,21.9,-0.01,ARMED,,14.9
1791218482734,28.629900,77.318252,22.0,PETROL,24.70,19.6,3,1150,26.3,2.40,35.0,87.0,0.78,-0.78,13.3,6.4,22.0,0.02,ARMED,,14.9
1791218483218,28.629953,77.318242,22.0,PETROL,23.35,19.6,3,1133,26.3,3.10,35.0,87.0,0.78,-0.78,13.3,6.4,21.8,-0.03,ARMED,,14.5
1791218483743,28.629953,77.318242,22.0,PETROL,25.59,19.6,3,1153,26.3,2.24,35.0,87.0,0.78,-0.78,13.3,6.4,22.0,0.02,ARMED,,14.5
1791218484618,28.630007,77.318218,22.0,PETROL,30.20,14.9,3,1144,20.4,1.63,30.0,87.0,0.00,-0.78,13.3,0.0,22.0,0.02,ARMED,,13.3
1791218485204,28.630063,77.318210,21.0,PETROL,26.62,14.9,3,977,20.4,2.87,30.0,87.0,0.00,-0.78,13.0,0.0,19.8,-1.21,ARMED,,14.1
1791218485719,28.630063,77.318210,19.0,PETROL,27.73,14.9,4,808,20.4,1.95,30.0,87.0,0.00,-0.78,13.0,0.0,19.0,0.00,ARMED,,14.1
1791218486615,28.630101,77.318195,18.0,PETROL,23.04,14.9,4,771,34.9,3.09,41.0,87.0,0.00,-0.78,13.1,0.0,18.5,-0.29,ARMED,,14.5
1791218487146,28.630142,77.318194,16.0,PETROL,11.18,23.1,3,794,34.9,8.53,41.0,87.0,0.00,-0.78,13.1,11.2,16.0,0.00,ARMED,,21.2
1791218487685,28.630142,77.318194,16.0,PETROL,8.83,22.7,2,1345,34.9,7.53,41.0,87.0,0.00,-0.78,13.3,10.7,16.0,0.00,ARMED,,19.6
1791218488603,28.630183,77.318173,18.0,PETROL,8.50,22.4,2,1304,52.2,6.84,65.0,87.0,-3.13,2.34,13.3,10.2,17.0,0.60,ARMED,,19.2
1791218489114,28.630227,77.318153,18.0,PETROL,8.34,22.7,2,1409,52.2,6.80,65.0,87.0,-3.13,2.34,13.4,10.7,17.9,0.78,ARMED,,19.2
1791218489615,28.630227,77.318153,19.0,PETROL,8.37,22.7,2,1437,52.2,6.92,65.0,87.0,-3.13,2.34,13.4,10.7,18.6,0.99,ARMED,,19.2
1791218490552,28.630267,77.318118,20.0,PETROL,8.31,22.7,2,1508,44.7,7.11,56.0,87.0,1.56,2.34,13.3,10.7,19.5,1.25,ARMED,,19.2
1791218491035,28.630310,77.318085,21.0,PETROL,8.69,22.0,2,1578,44.7,6.65,56.0,88.0,1.56,2.34,13.3,9.6,20.9,1.30,ARMED,,18.8
1791218491564,28.630310,77.318085,22.0,PETROL,8.92,22.0,2,1606,44.7,6.95,56.0,88.0,1.56,2.34,13.4,9.6,21.4,1.28,ARMED,,18.8
1791218492562,28.630356,77.318044,22.0,PETROL,9.62,22.0,2,1645,31.0,6.00,42.0,88.0,1.56,1.56,13.4,9.6,22.0,1.24,ARMED,,18.0
1791218493107,28.630399,77.318006,23.0,PETROL,10.38,22.0,2,1712,31.0,5.82,42.0,88.0,1.56,1.56,13.4,9.6,22.9,1.05,ARMED,,17.6
1791218493637,28.630399,77.318006,23.0,PETROL,11.18,22.0,2,1728,31.0,5.40,42.0,88.0,1.56,1.56,13.4,9.6,23.3,0.91,ARMED,,17.3
1791218494575,28.630439,77.317959,23.0,PETROL,11.91,21.6,2,1759,27.5,5.20,36.0,88.0,0.78,1.56,13.4,9.1,23.6,0.87,ARMED,,17.6
1791218495147,28.630476,77.317903,24.0,PETROL,13.03,21.2,2,1802,27.5,4.75,36.0,88.0,0.78,1.56,13.4,8.6,24.1,0.69,ARMED,,17.3
1791218495661,28.630476,77.317903,24.0,PETROL,13.03,22.4,2,1828,27.5,5.47,36.0,88.0,0.78,1.56,13.4,10.2,24.4,0.67,ARMED,,17.6
1791218496537,28.630496,77.317845,25.0,PETROL,22.27,14.9,2,1845,23.5,5.75,30.0,88.0,0.00,0.00,13.4,0.0,24.7,0.64,ARMED,,18.4
1791218497116,28.630520,77.317782,24.0,PETROL,24.54,14.9,3,1133,23.5,2.52,30.0,88.0,0.00,0.00,13.2,0.0,24.0,0.00,ARMED,,13.3
1791218497645,28.630520,77.317782,24.0,PETROL,32.10,14.9,4,836,23.5,1.22,30.0,88.0,0.00,0.00,13.2,0.0,24.0,0.00,ARMED,,12.9
1791218498588,28.630548,77.317721,24.0,PETROL,37.17,14.9,5,747,22.4,1.51,31.0,88.0,0.00,-0.78,13.3,0.0,24.0,0.00,ARMED,,12.5
1791218499085,28.630570,77.317667,23.0,PETROL,17.10,22.7,5,719,22.4,7.61,31.0,88.0,0.00,-0.78,13.3,10.7,23.3,-0.39,ARMED,,19.2
1791218499631,28.630570,77.317667,23.0,PETROL,14.17,23.1,3,1233,22.4,6.29,31.0,88.0,0.00,-0.78,13.4,11.2,23.0,0.00,ARMED,,18.4
1791218500504,28.630585,77.317601,24.0,PETROL,11.75,22.7,3,1241,53.7,7.59,63.0,88.0,0.00,2.34,13.4,10.7,23.5,0.29,ARMED,,19.6
1791218501042,28.630586,77.317528,25.0,PETROL,12.34,22.4,3,1263,53.7,5.59,63.0,88.0,0.00,2.34,13.3,10.2,24.6,0.77,ARMED,,18.4
1791218501548,28.630586,77.317528,25.0,PETROL,10.74,23.5,3,1310,53.7,8.22,63.0,89.0,0.00,2.34,13.3,11.8,25.0,0.77,ARMED,,20.4
1791218502458,28.630576,77.317453,25.0,PETROL,9.76,23.5,3,1327,56.5,8.26,70.0,89.0,3.91,3.13,13.4,11.8,25.2,0.72,ARMED,,20.8
1791218502946,28.630556,77.317379,27.0,PETROL,10.27,22.0,3,1398,56.5,6.93,70.0,89.0,3.91,3.13,13.4,9.6,26.3,0.94,ARMED,,19.2
1791218503489,28.630556,77.317379,27.0,PETROL,11.08,21.2,3,1397,56.5,6.15,70.0,89.0,3.91,3.13,13.4,8.6,26.6,0.90,ARMED,,18.0
1791218504361,28.630535,77.317304,28.0,PETROL,12.36,20.0,3,1432,32.9,5.73,38.0,89.0,0.00,0.78,13.4,7.0,27.1,0.91,ARMED,,17.6
1791218504889,28.630535,77.317304,28.0,PETROL,14.52,19.2,3,1433,32.9,4.36,38.0,89.0,0.00,0.78,13.4,5.9,27.4,0.65,ARMED,,16.1
1791218505410,28.630515,77.317229,28.0,PETROL,16.35,19.2,3,1424,32.9,4.21,38.0,89.0,0.00,0.78,13.4,5.9,27.4,0.44,ARMED,,16.1
1791218506397,28.630495,77.317150,28.0,PETROL,17.56,19.2,3,1417,27.1,4.32,36.0,89.0,0.00,0.00,13.3,5.9,27.3,0.23,ARMED,,16.5
1791218506921,28.630495,77.317150,27.0,PETROL,21.59,19.2,3,1385,27.1,2.46,36.0,89.0,0.00,0.00,13.3,5.9,26.7,-0.23,ARMED,,14.5
1791218507483,28.630469,77.317077,27.0,PETROL,23.56,18.4,3,1384,27.1,3.00,36.0,89.0,0.00,0.00,13.4,4.8,26.5,-0.27,ARMED,,14.5
1791218508373,28.630453,77.317008,26.0,PETROL,25.07,18.8,3,1370,18.0,2.75,29.0,89.0,3.91,-0.78,13.4,5.4,26.2,-0.30,ARMED,,14.1
1791218508903,28.630453,77.317008,26.0,PETROL,27.66,14.9,3,1208,18.0,2.33,29.0,89.0,3.91,-0.78,13.2,0.0,24.0,-1.39,ARMED,,13.7
1791218509425,28.630430,77.316942,24.0,PETROL,29.35,14.9,4,838,18.0,2.17,29.0,89.0,3.91,-0.78,13.2,0.0,24.0,0.00,ARMED,,12.9
1791218510324,28.630413,77.316889,21.0,PETROL,31.07,14.9,4,788,22.4,1.85,30.0,89.0,0.00,-0.78,13.2,0.0,22.5,-0.88,ARMED,,12.5
1791218510828,28.630413,77.316889,16.0,PETROL,32.74,14.9,4,703,22.4,1.32,30.0,89.0,0.00,-0.78,13.2,0.0,17.9,-3.08,ARMED,,12.5
1791218511369,28.630396,77.316847,13.0,PETROL,28.80,14.9,,696,22.4,1.78,30.0,89.0,0.00,-0.78,13.4,0.0,13.0,0.00,ARMED,,12.9
1791218512426,28.630380,77.316820,10.0,PETROL,29.05,14.9,,695,25.9,1.04,33.0,89.0,-0.78,-0.78,13.3,0.0,10.0,0.00,ARMED,,12.9
1791218513056,28.630364,77.316800,9.0,PETROL,11.23,17.3,2,719,25.9,6.16,33.0,89.0,-0.78,-0.78,13.2,3.2,9.0,0.00,ARMED,,19.2
1791218513577,28.630364,77.316800,9.0,PETROL,12.42,14.9,,842,25.9,1.75,33.0,89.0,-0.78,-0.78,13.2,0.0,9.0,0.00,ARMED,,11.8
1791218514507,28.630346,77.316793,8.0,PETROL,5.46,30.2,,770,84.3,8.98,98.0,89.0,3.13,3.91,13.0,20.9,8.0,0.00,ARMED,,20.8
1791218515040,28.630325,77.316776,10.0,PETROL,3.20,30.6,2,748,84.3,14.27,98.0,90.0,3.13,3.91,13.0,21.4,10.0,0.00,ARMED,,48.2
1791218515574,28.630325,77.316776,11.0,PETROL,3.22,30.6,2,844,84.3,9.65,98.0,90.0,3.13,3.91,13.3,21.4,10.5,0.29,ARMED,,48.2
1791218516478,28.630298,77.316754,13.0,PETROL,3.45,30.6,2,995,96.1,10.51,84.0,90.0,-3.91,3.91,13.3,21.4,11.8,1.00,ARMED,,27.8
1791218517035,28.630261,77.316733,17.0,PETROL,4.04,30.6,2,1264,96.1,10.61,84.0,90.0,-3.91,3.91,13.3,21.4,15.6,2.64,ARMED,,24.3
1791218517614,28.630261,77.316733,19.0,PETROL,4.41,30.6,2,1414,96.1,11.80,84.0,90.0,-3.91,3.91,13.3,21.4,18.1,3.21,ARMED,,24.7
1791218518480,28.630212,77.316707,21.0,PETROL,8.32,14.9,2,1558,38.8,12.44,41.0,90.0,0.00,0.78,13.2,0.0,20.3,3.54,ARMED,,24.3
1791218518980,28.630167,77.316697,21.0,PETROL,6.41,32.5,3,1083,38.8,12.79,41.0,90.0,0.00,0.78,13.2,24.1,21.0,0.00,ARMED,,22.4
1791218519504,28.630167,77.316697,22.0,PETROL,6.08,41.2,3,1105,38.8,11.66,41.0,90.0,0.00,0.78,13.2,35.8,21.5,0.28,ARMED,,48.2
1791218520615,28.630115,77.316705,24.0,PETROL,5.14,43.1,3,1205,100.0,16.72,99.0,90.0,-2.34,3.91,13.2,38.5,23.1,1.10,ARMED,,48.2
1791218521260,28.630055,77.316722,27.0,PETROL,4.60,41.6,3,1348,100.0,19.80,99.0,90.0,-2.34,3.91,13.3,36.4,26.2,2.22,ARMED,,49.0
1791218521783,28.630055,77.316722,28.0,PETROL,5.65,41.2,3,1447,100.0,10.50,99.0,91.0,-2.34,3.91,13.3,35.8,28.1,2.66,ARMED,,49.4
1791218522787,28.629988,77.316748,30.0,PETROL,4.87,40.8,3,1555,100.0,21.42,97.0,91.0,0.00,3.13,13.3,35.3,30.5,3.04,ARMED,,51.0
1791218523408,28.629910,77.316774,34.0,PETROL,5.33,39.2,3,1753,100.0,16.63,97.0,91.0,0.00,3.13,13.3,33.2,34.5,3.54,ARMED,,52.2
1791218524012,28.629823,77.316803,36.0,PETROL,8.54,14.9,3,1838,100.0,3.10,97.0,91.0,0.00,3.13,13.4,0.0,36.5,3.53,ARMED,,14.5
1791218524879,28.629823,77.316803,36.0,PETROL,12.78,25.1,4,1383,45.1,2.76,55.0,91.0,0.00,2.34,13.4,13.9,36.0,0.00,ARMED,,13.7
1791218525408,28.629736,77.316834,37.0,PETROL,13.32,25.9,4,1424,45.1,7.77,55.0,91.0,0.00,2.34,13.2,15.0,36.7,0.38,ARMED,,19.2
1791218525903,28.629736,77.316834,38.0,PETROL,13.68,25.1,4,1465,45.1,7.95,55.0,92.0,0.00,2.34,13.2,13.9,37.4,0.70,ARMED,,19.6
1791218526866,28.629647,77.316866,38.0,PETROL,14.57,24.3,4,1496,44.3,7.20,57.0,92.0,-2.34,2.34,13.4,12.8,37.9,0.74,ARMED,,19.2
1791218527349,28.629556,77.316910,39.0,PETROL,15.80,23.9,4,1539,44.3,6.60,57.0,92.0,-2.34,2.34,13.4,12.3,38.9,0.91,ARMED,,18.8
1791218527865,28.629556,77.316910,40.0,PETROL,16.29,23.9,4,1549,44.3,7.15,57.0,92.0,-2.34,2.34,13.4,12.3,39.3,0.90,ARMED,,18.8
1791218528764,28.629463,77.316948,41.0,PETROL,16.63,23.9,4,1587,40.4,7.11,53.0,91.0,0.78,1.56,13.4,12.3,40.1,1.05,ARMED,,18.8
1791218529314,28.629366,77.316984,42.0,PETROL,17.05,23.9,4,1635,40.4,7.06,53.0,91.0,0.78,1.56,13.4,12.3,41.4,1.27,ARMED,,18.8
1791218529826,28.629366,77.316984,43.0,PETROL,17.49,23.1,4,1663,40.4,7.04,53.0,91.0,0.78,1.56,13.4,11.2,42.2,1.31,ARMED,,18.8
1791218530733,28.629267,77.317025,43.0,PETROL,22.10,14.9,4,1691,18.0,3.66,26.0,91.0,-0.78,0.78,13.4,0.0,42.9,1.34,ARMED,,15.3
1791218531246,28.629165,77.317068,44.0,PETROL,26.84,17.3,4,1693,18.0,3.45,26.0,90.0,-0.78,0.78,13.4,3.2,43.5,0.95,ARMED,,15.3
1791218531843,28.629165,77.317068,44.0,PETROL,30.34,17.3,4,1690,18.0,3.57,26.0,90.0,-0.78,0.78,13.5,3.2,43.5,0.67,ARMED,,15.3
1791218532940,28.629060,77.317107,44.0,PETROL,50.89,17.3,4,1705,16.9,3.66,28.0,90.0,0.00,0.00,13.4,3.2,43.7,0.61,ARMED,,15.3
1791218533464,28.628957,77.317146,44.0,PETROL,50.12,14.9,4,1684,16.9,2.73,28.0,90.0,0.00,0.00,13.2,0.0,43.4,0.07,ARMED,,15.3
1791218533975,28.628856,77.317187,43.0,PETROL,45.00,14.9,4,1675,16.9,3.36,28.0,89.0,0.00,0.00,13.2,0.0,43.1,-0.11,ARMED,,15.3
1791218534938,28.628753,77.317227,44.0,PETROL,75.38,14.9,4,1694,16.9,3.63,29.0,89.0,0.00,0.00,13.4,0.0,43.2,-0.07,ARMED,,15.3
1791218535515,28.628753,77.317227,43.0,PETROL,62.00,16.5,4,1660,16.9,2.68,29.0,88.0,0.00,0.00,13.4,2.1,42.7,-0.32,CANDIDATE,42.7,14.9
1791218536052,28.628653,77.317266,43.0,PETROL,52.17,16.9,4,1663,16.9,3.11,29.0,88.0,0.00,0.00,13.3,2.7,42.5,-0.30,CANDIDATE,42.5,14.9
1791218537062,28.628554,77.317303,42.0,PETROL,47.91,18.0,4,1650,18.8,2.98,27.0,87.0,0.00,0.78,13.3,4.3,42.3,-0.33,LOCKED,42.3,14.9
1791218537595,28.628554,77.317303,42.0,PETROL,40.55,18.0,4,1649,18.8,3.86,27.0,87.0,0.00,0.78,13.4,4.3,42.1,-0.28,LOCKED,42.3,15.7
1791218538081,28.628456,77.317344,43.0,PETROL,38.20,18.8,4,1651,18.8,3.69,27.0,86.0,0.00,0.78,13.4,5.4,42.1,-0.24,LOCKED,42.3,15.7
1791218538981,28.628357,77.317382,43.0,PETROL,34.42,18.8,4,1664,22.4,4.36,31.0,86.0,-0.78,0.78,13.3,5.4,42.3,-0.07,LOCKED,42.3,16.5
1791218539532,28.628357,77.317382,43.0,PETROL,32.15,18.8,4,1679,22.4,4.47,31.0,86.0,-0.78,0.78,13.3,5.4,42.8,0.24,LOCKED,42.3,16.1
1791218540048,28.628254,77.317425,44.0,PETROL,31.73,18.8,4,1693,22.4,4.30,31.0,86.0,-0.78,0.78,13.4,5.4,43.1,0.38,LOCKED,42.3,16.1
1791218540959,28.628151,77.317468,44.0,PETROL,33.65,20.4,4,1702,18.8,3.62,30.0,85.0,-0.78,0.78,13.4,7.5,43.5,0.42,LOCKED,42.3,15.3
1791218541473,28.628151,77.317468,44.0,PETROL,33.48,20.4,4,1707,18.8,4.03,30.0,85.0,-0.78,0.78,13.4,7.5,43.8,0.41,LOCKED,42.3,15.7
1791218541967,28.628049,77.317511,44.0,PETROL,33.95,20.4,4,1720,18.8,3.86,30.0,85.0,-0.78,0.78,13.4,7.5,44.1,0.42,LOCKED,42.3,15.7
1791218542866,28.628049,77.317511,44.0,PETROL,32.57,20.4,4,1718,21.2,4.36,27.0,85.0,-0.78,0.78,13.4,7.5,44.2,0.40,LOCKED,42.3,16.1
1791218543371,28.627949,77.317555,44.0,PETROL,35.21,18.0,4,1669,21.2,3.34,27.0,85.0,-0.78,0.78,13.4,4.3,43.4,-0.25,LOCKED,42.3,14.9
1791218543887,28.627949,77.317555,44.0,PETROL,35.93,19.2,4,1673,21.2,3.61,27.0,85.0,-0.78,0.78,13.5,5.9,43.1,-0.29,LOCKED,42.3,15.3
1791218544825,28.627848,77.317602,43.0,PETROL,35.79,19.6,4,1680,16.9,3.62,27.0,85.0,0.78,0.78,13.5,6.4,43.1,-0.25,LOCKED,42.3,15.3
1791218545376,28.627749,77.317650,43.0,PETROL,35.63,19.6,4,1674,16.9,3.64,27.0,85.0,0.78,0.78,13.4,6.4,43.0,-0.23,LOCKED,42.3,15.3
1791218545875,28.627749,77.317650,43.0,PETROL,37.86,19.6,4,1651,16.9,3.08,27.0,85.0,0.78,0.78,13.4,6.4,42.6,-0.29,LOCKED,42.3,15.3
1791218546773,28.627651,77.317698,43.0,PETROL,39.31,20.4,4,1649,19.6,3.16,30.0,85.0,-1.56,0.78,13.2,7.5,42.5,-0.30,LOCKED,42.3,15.7
1791218547279,28.627651,77.317698,42.0,PETROL,35.69,20.4,4,1645,19.6,4.12,30.0,85.0,-1.56,0.78,13.2,7.5,42.3,-0.28,LOCKED,42.3,15.7
1791218547815,28.627651,77.317698,42.0,PETROL,37.19,20.4,4,1643,19.6,3.24,30.0,85.0,-1.56,0.78,13.2,7.5,42.2,-0.26,LOCKED,42.3,15.7
1791218548709,28.627651,77.317698,42.0,PETROL,37.04,20.4,4,1632,21.2,3.47,32.0,85.0,-0.78,0.78,13.2,7.5,42.0,-0.27,LOCKED,42.3,15.7
1791218549238,28.627651,77.317698,42.0,PETROL,31.91,22.0,4,1625,21.2,4.84,32.0,85.0,-0.78,0.78,13.5,9.6,41.8,-0.27,LOCKED,42.3,16.5
1791218549754,28.627651,77.317698,42.0,PETROL,25.76,22.7,4,1629,21.2,6.40,32.0,85.0,-0.78,0.78,13.5,10.7,41.8,-0.23,LOCKED,42.3,18.0
1791218550674,28.627651,77.317698,42.0,PETROL,23.76,22.7,4,1647,34.9,5.82,48.0,85.0,1.56,1.56,13.3,10.7,42.0,-0.02,LOCKED,42.3,18.4
1791218551171,28.627651,77.317698,43.0,PETROL,22.50,22.7,4,1665,34.9,6.08,48.0,86.0,1.56,1.56,13.3,10.7,42.5,0.31,LOCKED,42.3,18.0
1791218551767,28.627651,77.317698,43.0,PETROL,20.92,22.7,4,1679,34.9,6.69,48.0,86.0,1.56,1.56,13.3,10.7,42.9,0.45,LOCKED,42.3,18.8
1791218552813,28.627651,77.317698,44.0,PETROL,19.98,23.1,4,1693,40.0,6.92,55.0,86.0,0.78,2.34,13.1,11.2,43.4,0.50,LOCKED,42.3,19.2
1791218553332,28.627651,77.317698,44.0,PETROL,19.03,23.1,4,1691,40.0,7.30,55.0,86.0,0.78,2.34,13.3,11.2,43.6,0.43,LOCKED,42.3,19.2
1791218553815,28.627651,77.317698,44.0,PETROL,16.30,25.1,4,1695,40.0,9.66,55.0,86.0,0.78,2.34,13.3,13.9,43.7,0.40,LOCKED,42.3,21.2
1791218554747,28.626883,77.318099,44.0,PETROL,14.55,25.1,4,1703,52.2,10.12,64.0,86.0,3.13,2.34,13.2,13.9,43.9,0.39,LOCKED,42.3,21.2
1791218555284,28.626784,77.318142,44.0,PETROL,14.02,25.1,4,1708,52.2,9.54,64.0,86.0,3.13,2.34,13.2,13.9,44.1,0.33,LOCKED,42.3,20.8
1791218555826,28.626784,77.318142,44.0,PETROL,13.81,25.1,4,1716,52.2,9.40,64.0,86.0,3.13,2.34,13.3,13.9,44.2,0.32,LOCKED,42.3,20.4
1791218556701,28.626688,77.318199,44.0,PETROL,13.99,25.1,4,1723,49.4,9.30,64.0,86.0,-1.56,2.34,13.3,13.9,44.4,0.32,LOCKED,42.3,20.4
1791218557203,28.626592,77.318255,44.0,PETROL,14.36,25.1,4,1717,49.4,8.89,64.0,86.0,-1.56,2.34,13.4,13.9,44.3,0.14,LOCKED,42.3,20.4
1791218557689,28.626592,77.318255,44.0,PETROL,14.77,24.7,4,1704,49.4,8.60,64.0,87.0,-1.56,2.34,13.4,13.4,44.1,-0.02,LOCKED,42.3,20.4
1791218558611,28.626490,77.318310,44.0,PETROL,16.19,24.7,4,1706,41.2,7.13,55.0,87.0,-3.13,2.34,13.3,13.4,44.0,-0.05,LOCKED,42.3,19.2
1791218559110,28.626397,77.318363,44.0,PETROL,16.58,24.7,4,1698,41.2,7.85,55.0,87.0,-3.13,2.34,13.3,13.4,43.8,-0.10,LOCKED,42.3,19.2
1791218559637,28.626397,77.318363,44.0,PETROL,16.72,24.7,4,1687,41.2,7.96,55.0,87.0,-3.13,2.34,13.3,13.4,43.6,-0.14,LOCKED,42.3,19.6
1791218560494,28.626297,77.318418,44.0,PETROL,16.59,25.1,4,1683,42.4,7.98,57.0,88.0,0.00,2.34,13.3,13.9,43.5,-0.17,LOCKED,42.3,19.6
1791218561003,28.626200,77.318473,43.0,PETROL,16.65,25.1,4,1684,42.4,7.63,57.0,88.0,0.00,2.34,13.5,13.9,43.4,-0.16,LOCKED,42.3,19.6
1791218561505,28.626200,77.318473,43.0,PETROL,16.83,25.5,4,1689,42.4,7.47,57.0,88.0,0.00,2.34,13.5,14.4,43.4,-0.13,LOCKED,42.3,19.6
1791218562410,28.626104,77.318526,43.0,PETROL,16.34,25.1,4,1689,43.9,8.17,59.0,88.0,0.00,2.34,13.3,13.9,43.4,-0.10,LOCKED,42.3,19.6
1791218562935,28.626104,77.318526,43.0,PETROL,16.44,25.1,4,1683,43.9,7.70,59.0,88.0,0.00,2.34,13.3,13.9,43.3,-0.10,LOCKED,42.3,19.6
1791218563456,28.626007,77.318578,43.0,PETROL,16.65,25.1,4,1690,43.9,7.53,59.0,88.0,0.00,2.34,13.3,13.9,43.4,-0.07,LOCKED,42.3,19.6
1791218564379,28.625908,77.318630,43.0,PETROL,16.57,25.5,4,1696,44.3,8.08,69.0,89.0,-3.91,2.34,13.3,14.4,43.5,-0.03,LOCKED,42.3,19.6
1791218564864,28.625908,77.318630,44.0,PETROL,15.02,26.7,4,1719,44.3,10.30,69.0,89.0,-3.91,2.34,13.4,16.1,43.9,0.25,LOCKED,42.3,21.2
1791218565421,28.625806,77.318680,45.0,PETROL,17.68,14.9,4,1733,44.3,5.85,69.0,89.0,-3.91,2.34,13.4,0.0,44.3,0.40,LOCKED,42.3,17.6
1791218566380,28.625709,77.318730,44.0,PETROL,24.16,14.9,5,1372,19.6,2.51,31.0,89.0,0.00,-0.78,13.3,0.0,44.0,0.00,PAUSED,42.3,13.7
1791218566873,28.625709,77.318730,41.0,PETROL,31.10,14.9,,840,19.6,2.17,31.0,89.0,0.00,-0.78,13.3,0.0,41.0,0.00,PAUSED,42.3,12.9
1791218567399,28.625618,77.318778,37.0,PETROL,41.82,14.9,,731,19.6,1.09,31.0,89.0,0.00,-0.78,13.3,0.0,37.0,0.00,PAUSED,42.3,12.5
1791218568246,28.625542,77.318820,34.0,PETROL,44.12,14.9,,709,23.9,2.13,32.0,89.0,0.00,-0.78,13.3,0.0,34.0,0.00,PAUSED,42.3,12.5
1791218568792,28.625542,77.318820,28.0,PETROL,46.54,14.9,,700,23.9,1.64,32.0,89.0,0.00,-0.78,13.2,0.0,28.0,0.00,PAUSED,42.3,12.5
1791218569274,28.625480,77.318849,24.0,PETROL,52.87,14.9,5,702,23.9,0.99,32.0,90.0,0.00,-0.78,13.2,0.0,24.0,0.00,PAUSED,42.3,12.5
1791218570235,28.625435,77.318867,20.0,PETROL,45.68,14.9,4,711,33.3,1.81,39.0,90.0,-3.13,-0.78,13.2,0.0,20.0,0.00,PAUSED,42.3,13.7
1791218570746,28.625435,77.318867,15.0,PETROL,32.66,14.9,3,761,33.3,2.53,39.0,90.0,-3.13,-0.78,13.2,0.0,15.0,0.00,PAUSED,42.3,14.1
1791218571284,28.625402,77.318876,12.0,PETROL,24.53,14.9,,763,33.3,2.59,39.0,90.0,-3.13,-0.78,13.3,0.0,12.0,0.00,ARMED,,14.5
1791218572336,28.625383,77.318876,9.0,PETROL,19.40,14.9,,762,38.8,2.34,45.0,90.0,-1.56,-0.78,13.4,0.0,9.0,0.00,ARMED,,14.9
1791218572864,28.625383,77.318876,5.0,PETROL,14.36,14.9,,787,38.8,2.29,45.0,90.0,-1.56,-0.78,13.4,0.0,5.0,0.00,ARMED,,14.5
1791218573357,28.625371,77.318875,4.0,PETROL,9.24,14.9,,794,38.8,3.25,45.0,90.0,-1.56,-0.78,13.4,0.0,4.0,0.00,ARMED,,14.9
1791218574298,28.625365,77.318871,3.0,PETROL,6.13,14.9,,797,40.0,3.48,45.0,90.0,0.78,-0.78,13.2,0.0,3.0,0.00,ARMED,,15.3
1791218574807,28.625365,77.318871,3.0,PETROL,2.71,22.0,,812,40.0,8.94,45.0,90.0,0.78,-0.78,13.2,9.6,3.0,0.00,ARMED,,21.2
1791218575355,28.625362,77.318869,3.0,PETROL,2.88,14.9,,968,40.0,2.69,45.0,90.0,0.78,-0.78,13.2,0.0,3.0,0.00,ARMED,,14.1
1791218576274,28.625358,77.318866,3.0,PETROL,3.11,14.9,,849,37.6,2.52,43.0,90.0,-0.78,-0.78,13.2,0.0,3.0,0.00,ARMED,,14.9
1791218576817,28.625358,77.318866,2.0,PETROL,,24.3,,804,37.6,8.59,43.0,90.0,-0.78,-0.78,13.1,12.8,2.0,0.00,ARMED,,20.4
1791218577310,28.625357,77.318864,3.0,PETROL,,14.9,,1061,37.6,2.62,43.0,90.0,-0.78,-0.78,13.1,0.0,3.0,0.00,ARMED,,14.1
1791218578230,28.625356,77.318862,3.0,PETROL,,14.9,,919,34.5,3.03,36.0,90.0,3.13,-0.78,13.4,0.0,3.0,0.00,ARMED,,14.9
1791218578740,28.625356,77.318862,0.0,PETROL,,14.9,0,757,34.5,2.27,36.0,90.0,3.13,-0.78,13.4,0.0,0.0,0.00,ARMED,,12.9
1791218579341,28.625356,77.318862,0.0,PETROL,,14.9,0,737,34.5,1.37,36.0,90.0,3.13,-0.78,13.3,0.0,0.0,0.00,ARMED,,12.9
1791218580223,28.625356,77.318862,0.0,PETROL,,15.3,0,736,34.5,2.56,42.0,90.0,10.16,-0.78,13.3,0.5,0.0,0.00,ARMED,,13.7
1791218580771,28.625356,77.318862,0.0,PETROL,,14.9,0,837,34.5,2.05,42.0,90.0,10.16,-0.78,13.4,0.0,0.0,0.00,ARMED,,12.5
1791218581333,28.625356,77.318862,0.0,PETROL,,14.9,0,776,34.5,2.09,42.0,91.0,10.16,-0.78,13.4,0.0,0.0,0.00,ARMED,,12.9
1791218582227,28.625356,77.318862,0.0,PETROL,,14.9,0,737,25.1,2.03,33.0,91.0,7.81,-0.78,13.3,0.0,0.0,0.00,ARMED,,12.9
1791218582737,28.625356,77.318862,0.0,PETROL,,18.4,0,718,25.1,2.01,33.0,91.0,7.81,-0.78,13.3,4.8,0.0,0.00,ARMED,,14.1
1791218583291,28.625356,77.318862,0.0,PETROL,,14.9,0,820,25.1,1.98,33.0,91.0,7.81,-0.78,13.3,0.0,0.0,0.00,ARMED,,12.2
1791218584175,28.625356,77.318862,0.0,PETROL,,14.9,0,765,24.3,1.16,36.0,91.0,3.13,-0.78,13.3,0.0,0.0,0.00,ARMED,,12.9
1791218584726,28.625356,77.318862,0.0,PETROL,,14.9,0,797,24.3,1.26,36.0,91.0,3.13,-0.78,13.3,0.0,0.0,0.00,ARMED,,11.0
1791218585219,28.625356,77.318862,1.0,PETROL,,28.2,,833,24.3,7.36,36.0,91.0,3.13,-0.78,13.3,18.2,1.0,0.00,ARMED,,18.8
1791218586176,28.625352,77.318840,2.0,PETROL,,14.9,,1250,36.1,8.37,45.0,91.0,0.00,0.00,13.4,0.0,2.0,0.00,ARMED,,20.8
1791218586660,28.625352,77.318840,5.0,PETROL,,19.2,1,718,36.1,4.16,45.0,91.0,0.00,0.00,13.4,5.9,5.0,0.00,ARMED,,15.7
1791218587224,28.625352,77.318828,5.0,PETROL,1.59,24.7,1,765,36.1,9.45,45.0,91.0,0.00,0.00,13.1,13.4,5.0,0.00,ARMED,,21.2
1791218588103,28.625357,77.318811,7.0,PETROL,1.93,24.7,1,1025,67.5,8.96,73.0,90.0,-0.78,3.91,13.1,13.4,5.9,0.57,ARMED,,22.0
1791218588643,28.625357,77.318811,11.0,PETROL,2.57,24.7,1,1544,67.5,9.79,73.0,90.0,-0.78,3.91,13.4,13.4,9.5,2.31,ARMED,,21.2
1791218589173,28.625377,77.318787,12.0,PETROL,2.74,27.1,1,1767,67.5,12.12,73.0,90.0,-0.78,3.91,13.4,16.6,11.4,2.67,ARMED,,22.4
1791218590136,28.625400,77.318759,14.0,PETROL,5.52,14.9,1,2054,18.8,8.03,32.0,90.0,0.00,0.00,13.3,0.0,13.5,3.03,ARMED,,19.6
1791218590654,28.625400,77.318759,15.0,PETROL,6.44,20.4,2,1130,18.8,5.76,32.0,90.0,0.00,0.00,13.3,7.5,15.0,0.00,ARMED,,17.6
1791218591178,28.625427,77.318728,15.0,PETROL,7.78,20.0,2,1119,18.8,4.32,32.0,90.0,0.00,0.00,13.3,7.0,15.0,0.00,ARMED,,16.9
1791218592227,28.625454,77.318697,15.0,PETROL,9.11,19.2,2,1155,34.9,4.03,40.0,89.0,-4.69,0.00,13.2,5.9,15.0,0.00,ARMED,,15.7
1791218592775,28.625454,77.318697,16.0,PETROL,10.21,19.6,2,1171,34.9,4.20,40.0,89.0,-4.69,0.00,13.4,6.4,15.7,0.40,ARMED,,16.5
1791218593270,28.625483,77.318665,16.0,PETROL,13.01,18.0,2,1182,34.9,2.42,40.0,89.0,-4.69,0.00,13.4,4.3,16.0,0.43,ARMED,,14.1
1791218594199,28.625510,77.318635,16.0,PETROL,16.32,14.9,2,1135,19.2,1.85,27.0,89.0,3.13,-0.78,13.4,0.0,15.9,0.21,ARMED,,13.7
1791218594716,28.625510,77.318635,15.0,PETROL,18.61,14.9,2,1115,19.2,1.87,27.0,89.0,3.13,-0.78,13.4,0.0,15.5,-0.12,ARMED,,13.7
1791218595218,28.625541,77.318611,15.0,PETROL,14.44,20.8,2,1097,19.2,4.15,27.0,89.0,3.13,-0.78,13.4,8.0,15.2,-0.25,ARMED,,16.9
1791218596123,28.625572,77.318590,15.0,PETROL,14.45,21.2,2,1104,36.5,3.31,55.0,88.0,-5.47,0.78,13.4,8.6,15.1,-0.25,ARMED,,16.1
1791218596628,28.625572,77.318590,16.0,PETROL,8.33,26.3,2,1228,36.5,9.82,55.0,88.0,-5.47,0.78,13.4,15.5,16.1,0.45,ARMED,,22.4
1791218597109,28.625608,77.318571,18.0,PETROL,8.20,25.1,2,1352,36.5,7.15,55.0,88.0,-5.47,0.78,13.4,13.9,17.3,1.02,ARMED,,19.6
1791218597985,28.625659,77.318542,19.0,PETROL,8.76,23.1,2,1401,41.2,6.15,48.0,88.0,-3.91,1.56,13.3,11.2,18.4,1.37,ARMED,,18.8
1791218598499,28.625659,77.318542,20.0,PETROL,10.38,21.6,2,1476,41.2,4.55,48.0,88.0,-3.91,1.56,13.3,9.1,19.9,1.54,ARMED,,16.9
1791218599026,28.625708,77.318518,20.0,PETROL,11.47,21.6,2,1498,41.2,4.64,48.0,88.0,-3.91,1.56,13.4,9.1,20.5,1.49,ARMED,,17.3
1791218599882,28.625708,77.318518,20.0,PETROL,11.93,22.0,2,1529,31.4,4.73,46.0,87.0,0.78,0.78,13.4,9.6,21.0,1.34,ARMED,,17.3
1791218600430,28.625754,77.318493,21.0,PETROL,11.27,22.7,2,1560,31.4,6.01,46.0,87.0,0.78,0.78,13.4,10.7,21.5,0.93,ARMED,,18.0
1791218600918,28.625754,77.318493,21.0,PETROL,10.76,22.7,2,1580,31.4,6.23,46.0,87.0,0.78,0.78,13.4,10.7,21.7,0.77,ARMED,,18.0
1791218601817,28.625805,77.318465,22.0,PETROL,10.88,22.7,2,1613,35.3,5.91,49.0,87.0,0.78,1.56,13.2,10.7,22.0,0.74,ARMED,,18.0
1791218602316,28.625863,77.318441,22.0,PETROL,10.79,22.7,2,1651,35.3,6.13,49.0,87.0,0.78,1.56,13.2,10.7,22.4,0.68,ARMED,,18.4
1791218602862,28.625863,77.318441,22.0,PETROL,10.52,22.7,2,1674,35.3,6.45,49.0,87.0,0.78,1.56,13.3,10.7,22.7,0.66,ARMED,,18.4
1791218603742,28.625900,77.318411,23.0,PETROL,9.93,23.9,2,1693,38.8,7.27,56.0,87.0,2.34,2.34,13.3,12.3,23.0,0.63,ARMED,,18.8
1791218604267,28.625956,77.318390,24.0,PETROL,8.13,25.9,2,1766,38.8,10.72,56.0,87.0,2.34,2.34,13.4,15.0,23.8,0.70,ARMED,,21.6
1791218604778,28.625956,77.318390,24.0,PETROL,7.53,24.7,2,1816,38.8,10.25,56.0,86.0,2.34,2.34,13.4,13.4,24.3,0.81,ARMED,,21.2
1791218605793,28.626004,77.318360,25.0,PETROL,7.84,24.3,2,1855,43.9,9.06,58.0,86.0,-1.56,2.34,13.2,12.8,24.9,0.85,ARMED,,20.4
1791218606302,28.626064,77.318331,25.0,PETROL,8.09,23.5,2,1886,43.9,8.90,58.0,86.0,-1.56,2.34,13.2,11.8,25.5,0.79,ARMED,,20.0
1791218606864,28.626064,77.318331,26.0,PETROL,8.58,23.1,2,1889,43.9,8.36,58.0,86.0,-1.56,2.34,13.4,11.2,25.7,0.67,ARMED,,19.6
1791218607742,28.626116,77.318300,26.0,PETROL,8.82,23.5,2,1906,40.4,8.28,57.0,87.0,1.56,2.34,13.4,11.8,25.9,0.62,ARMED,,20.0
1791218608269,28.626181,77.318270,26.0,PETROL,8.96,23.5,2,1926,40.4,8.30,57.0,87.0,1.56,2.34,13.3,11.8,26.2,0.45,ARMED,,20.0
1791218608774,28.626181,77.318270,26.0,PETROL,9.01,23.5,2,1934,40.4,8.38,57.0,87.0,1.56,2.34,13.3,11.8,26.2,0.40,ARMED,,20.0
1791218609679,28.626240,77.318245,26.0,PETROL,8.97,23.5,2,1944,39.6,8.55,49.0,87.0,1.56,2.34,13.5,11.8,26.4,0.37,ARMED,,20.0
1791218610159,28.626297,77.318213,26.0,PETROL,9.72,23.5,2,1961,39.6,6.85,49.0,87.0,1.56,2.34,13.5,11.8,26.5,0.32,ARMED,,18.8
1791218610681,28.626297,77.318213,26.0,PETROL,10.45,23.5,2,1962,39.6,6.46,49.0,87.0,1.56,2.34,13.4,11.8,26.6,0.29,ARMED,,18.8
1791218611683,28.626363,77.318179,27.0,PETROL,11.14,23.5,2,1977,31.8,6.42,46.0,87.0,1.56,2.34,13.4,11.8,26.7,0.28,ARMED,,18.8
1791218612276,28.626421,77.318143,27.0,PETROL,11.57,23.5,2,1995,31.8,6.45,46.0,87.0,1.56,2.34,13.4,11.8,26.9,0.26,ARMED,,18.8
1791218612764,28.626421,77.318143,27.0,PETROL,11.28,23.5,2,2000,31.8,7.26,46.0,88.0,1.56,2.34,13.4,11.8,27.0,0.25,ARMED,,18.8
1791218613646,28.626480,77.318111,27.0,PETROL,11.24,23.1,2,2007,31.4,7.24,43.0,88.0,-0.78,2.34,13.4,11.2,27.1,0.24,ARMED,,18.8
1791218614166,28.626537,77.318077,27.0,PETROL,11.77,22.4,2,2002,31.4,6.38,43.0,88.0,-0.78,2.34,13.4,10.2,27.1,0.18,ARMED,,18.0
1791218614676,28.626537,77.318077,27.0,PETROL,12.52,22.4,2,1981,31.4,5.85,43.0,88.0,-0.78,2.34,13.4,10.2,27.0,0.04,ARMED,,18.0
1791218615567,28.626598,77.318045,27.0,PETROL,13.16,22.4,2,1987,27.1,5.55,40.0,88.0,1.56,2.34,13.4,10.2,26.9,0.02,ARMED,,18.0
1791218616077,28.626660,77.318019,27.0,PETROL,12.45,22.7,2,1988,27.1,6.86,40.0,88.0,1.56,2.34,13.4,10.7,26.9,0.00,ARMED,,18.4
1791218616581,28.626660,77.318019,27.0,PETROL,12.52,24.7,2,1998,27.1,6.26,40.0,88.0,1.56,2.34,13.4,13.4,26.9,0.02,ARMED,,18.4
1791218617523,28.626727,77.317988,27.0,PETROL,10.20,25.9,2,2033,41.6,9.62,62.0,88.0,4.69,2.34,13.5,15.0,27.2,0.17,ARMED,,20.4
1791218618111,28.626789,77.317956,29.0,PETROL,9.35,14.9,2,2136,41.6,9.83,62.0,89.0,4.69,2.34,13.5,0.0,28.3,0.74,ARMED,,21.2
1791218618657,28.626789,77.317956,29.0,PETROL,12.04,14.9,2,1998,41.6,4.02,62.0,89.0,4.69,2.34,13.4,0.0,27.9,0.22,ARMED,,15.7
1791218619575,28.626850,77.317903,29.0,PETROL,20.27,14.9,3,1405,19.6,2.74,30.0,89.0,0.00,-0.78,13.4,0.0,29.0,0.00,ARMED,,14.1
1791218620087,28.626909,77.317853,26.0,PETROL,27.52,14.9,5,836,19.6,1.19,30.0,89.0,0.00,-0.78,13.2,0.0,26.0,0.00,ARMED,,12.9
1791218620581,28.626909,77.317853,24.0,PETROL,33.14,14.9,5,740,19.6,1.44,30.0,89.0,0.00,-0.78,13.2,0.0,25.1,-0.57,ARMED,,12.5
1791218621456,28.626947,77.317819,22.0,PETROL,38.79,14.9,5,710,23.5,1.21,31.0,89.0,0.00,-0.78,13.4,0.0,23.5,-1.34,ARMED,,12.5
1791218622030,28.626973,77.317795,16.0,PETROL,26.80,14.9,4,701,23.5,3.13,31.0,89.0,0.00,-0.78,13.4,0.0,16.0,0.00,ARMED,,14.5
1791218622612,28.626973,77.317795,11.0,PETROL,19.84,14.9,2,761,23.5,2.97,31.0,89.0,0.00,-0.78,13.2,0.0,11.0,0.00,ARMED,,14.9
1791218623468,28.626979,77.317773,7.0,PETROL,14.72,14.9,,763,35.3,2.90,43.0,89.0,-2.34,-0.78,13.2,0.0,7.0,0.00,ARMED,,14.1
1791218623986,28.626987,77.317764,5.0,PETROL,11.95,14.9,1,765,35.3,2.28,43.0,89.0,-2.34,-0.78,13.2,0.0,5.0,0.00,ARMED,,14.9
1791218624474,28.626987,77.317764,4.0,PETROL,4.56,27.8,,760,35.3,9.04,43.0,90.0,-2.34,-0.78,13.2,17.7,4.0,0.00,ARMED,,21.6
1791218625393,28.626997,77.317752,5.0,PETROL,2.49,27.1,,1008,85.5,11.43,69.0,90.0,3.91,3.91,13.4,16.6,5.0,0.00,ARMED,,31.4
1791218625923,28.626997,77.317752,8.0,PETROL,2.26,29.0,1,1229,85.5,11.12,69.0,90.0,3.91,3.91,13.4,19.3,8.0,0.00,ARMED,,25.1
1791218626434,28.627007,77.317733,11.0,PETROL,2.10,28.2,,1066,85.5,15.80,69.0,90.0,3.91,3.91,13.2,18.2,11.0,0.00,ARMED,,47.5
1791218627347,28.627013,77.317699,13.0,PETROL,4.20,29.4,2,989,100.0,0.00,95.0,90.0,0.00,3.91,13.2,19.8,13.0,0.00,ARMED,,48.2
1791218627866,28.627013,77.317699,16.0,PETROL,4.48,26.3,2,1213,100.0,9.79,95.0,90.0,0.00,3.91,13.4,15.5,15.0,1.14,ARMED,,23.9
1791218628380,28.627014,77.317655,18.0,PETROL,6.79,14.9,2,1303,100.0,3.55,95.0,90.0,0.00,3.91,13.4,0.0,16.8,1.85,ARMED,,14.9
1791218629286,28.627014,77.317607,18.0,PETROL,5.80,25.5,,1148,76.1,10.89,70.0,90.0,-1.56,3.91,12.7,14.4,18.0,0.00,ARMED,,21.6
1791218629771,28.627014,77.317607,19.0,PETROL,7.72,21.6,3,962,76.1,4.23,70.0,91.0,-1.56,3.91,12.7,9.1,19.0,0.00,ARMED,,16.5
1791218630297,28.627024,77.317548,20.0,PETROL,9.16,21.6,3,1013,76.1,4.93,70.0,91.0,-1.56,3.91,13.2,9.1,19.5,0.28,ARMED,,16.9
1791218631313,28.627019,77.317489,20.0,PETROL,9.13,24.3,3,1040,61.2,6.69,68.0,91.0,-3.13,3.13,13.4,12.8,19.8,0.34,ARMED,,18.8
1791218631862,28.627019,77.317489,23.0,PETROL,9.23,29.0,3,1174,61.2,7.47,68.0,91.0,-3.13,3.13,13.4,19.3,22.2,1.47,ARMED,,20.4
1791218632376,28.627013,77.317421,25.0,PETROL,6.94,35.3,3,1286,61.2,14.31,68.0,91.0,-3.13,3.13,13.4,27.8,24.1,2.13,ARMED,,33.3
1791218633454,28.627001,77.317347,27.0,PETROL,7.22,31.0,3,1408,69.4,10.65,82.0,91.0,-2.34,3.91,13.4,21.9,26.6,2.80,ARMED,,23.5
1791218633950,28.626982,77.317269,30.0,PETROL,7.86,27.1,3,1518,69.4,10.22,82.0,91.0,-2.34,3.91,13.4,16.6,29.6,2.99,ARMED,,22.0
1791218634505,28.626982,77.317269,30.0,PETROL,12.04,14.9,3,1554,69.4,2.19,82.0,91.0,-2.34,3.91,13.3,0.0,30.7,2.82,ARMED,,13.3
1791218635370,28.626958,77.317187,30.0,PETROL,12.23,24.3,3,1599,42.0,7.24,45.0,91.0,-1.56,2.34,13.3,12.8,31.8,2.49,ARMED,,19.2
1791218635959,28.626925,77.317103,31.0,PETROL,13.48,22.7,3,1594,42.0,5.96,45.0,91.0,-1.56,2.34,13.4,10.7,32.1,1.40,ARMED,,18.4
1791218636446,28.626925,77.317103,32.0,PETROL,14.53,21.6,3,1608,42.0,5.92,45.0,91.0,-1.56,2.34,13.4,9.1,32.1,0.97,ARMED,,18.0
1791218637350,28.626893,77.317019,32.0,PETROL,16.36,19.2,3,1623,22.7,4.92,28.0,91.0,-1.56,0.78,13.5,5.9,32.2,0.71,ARMED,,16.9
1791218637833,28.626893,77.317019,32.0,PETROL,19.61,14.9,3,1625,22.7,3.55,28.0,91.0,-1.56,0.78,13.5,0.0,32.1,0.31,ARMED,,15.3
1791218638361,28.626862,77.316936,30.0,PETROL,23.83,14.9,3,1533,22.7,2.55,28.0,91.0,-1.56,0.78,13.4,0.0,31.2,-0.34,ARMED,,14.9
1791218639217,28.626844,77.316866,27.0,PETROL,37.72,14.9,3,1366,18.4,2.67,30.0,90.0,0.00,0.00,13.4,0.0,29.0,-1.58,ARMED,,14.1
1791218639762,28.626844,77.316866,22.0,PETROL,37.33,25.1,3,1126,18.4,1.83,30.0,90.0,0.00,0.00,13.2,13.9,23.9,-3.69,ARMED,,13.7
1791218640289,28.626823,77.316797,22.0,PETROL,13.99,28.2,3,1124,18.4,10.17,30.0,90.0,0.00,0.00,13.2,18.2,21.9,-3.66,ARMED,,21.2
1791218641276,28.626798,77.316736,23.0,PETROL,9.46,27.5,3,1170,86.3,10.83,79.0,90.0,0.00,3.91,13.4,17.1,21.4,-2.85,ARMED,,23.5
1791218641751,28.626798,77.316736,25.0,PETROL,8.63,26.7,3,1271,86.3,9.54,79.0,89.0,0.00,3.91,13.4,16.1,23.0,-0.43,ARMED,,21.6
1791218642263,28.626776,77.316669,26.0,PETROL,8.39,26.7,3,1346,86.3,9.42,79.0,89.0,0.00,3.91,13.2,16.1,24.4,0.54,ARMED,,21.6
1791218643176,28.626756,77.316606,27.0,PETROL,8.59,26.3,3,1394,64.3,9.32,77.0,89.0,-4.69,3.91,13.2,15.5,25.9,1.31,ARMED,,22.0
1791218643753,28.626756,77.316606,29.0,PETROL,9.08,24.7,3,1489,64.3,9.06,77.0,89.0,-4.69,3.91,13.4,13.4,28.5,2.07,ARMED,,21.2
1791218644314,28.626726,77.316531,30.0,PETROL,9.97,23.5,3,1549,64.3,7.99,77.0,89.0,-4.69,3.91,13.4,11.8,30.0,2.24,ARMED,,20.0
1791218645242,28.626701,77.316444,31.0,PETROL,10.60,23.5,3,1593,45.1,8.06,57.0,89.0,-1.56,2.34,13.4,11.8,31.2,2.22,ARMED,,19.6
1791218645738,28.626701,77.316444,32.0,PETROL,11.84,22.4,3,1643,45.1,6.85,57.0,89.0,-1.56,2.34,13.4,10.2,32.5,1.81,ARMED,,18.8
1791218646250,28.626675,77.316358,32.0,PETROL,12.89,22.0,3,1669,45.1,6.55,57.0,89.0,-1.56,2.34,13.2,9.6,33.0,1.59,ARMED,,18.8
1791218647110,28.626645,77.316268,33.0,PETROL,13.57,22.0,3,1697,33.7,6.64,39.0,88.0,1.56,1.56,13.2,9.6,33.5,1.40,ARMED,,18.8
1791218647643,28.626645,77.316268,33.0,PETROL,14.88,22.4,3,1722,33.7,5.63,39.0,88.0,1.56,1.56,13.2,10.2,34.0,0.98,ARMED,,17.6
1791218648170,28.626619,77.316183,34.0,PETROL,15.73,21.6,3,1734,33.7,5.86,39.0,88.0,1.56,1.56,13.2,9.1,34.2,0.77,ARMED,,17.6
1791218649074,28.626588,77.316098,34.0,PETROL,19.46,19.6,3,1752,18.8,3.48,27.0,88.0,-0.78,0.78,13.3,6.4,34.4,0.72,ARMED,,16.1
1791218649563,28.626588,77.316098,34.0,PETROL,23.34,14.9,3,1734,18.8,3.13,27.0,88.0,-0.78,0.78,13.3,0.0,34.2,0.26,ARMED,,15.3
1791218650122,28.626558,77.316003,33.0,PETROL,26.10,18.8,3,1717,18.8,3.15,27.0,88.0,-0.78,0.78,13.4,5.4,33.9,0.01,ARMED,,15.3
1791218651134,28.626536,77.315917,33.0,PETROL,27.31,18.8,3,1706,16.9,3.39,27.0,87.0,0.00,0.78,13.3,5.4,33.6,-0.20,ARMED,,15.3
1791218651672,28.626536,77.315917,33.0,PETROL,30.10,19.6,3,1697,16.9,2.80,27.0,87.0,0.00,0.78,13.5,6.4,33.2,-0.26,CANDIDATE,33.2,15.3
1791218652230,28.626503,77.315830,33.0,PETROL,32.07,19.6,3,1693,16.9,2.80,27.0,87.0,0.00,0.78,13.5,6.4,33.0,-0.26,CANDIDATE,33.0,15.3
1791218653285,28.626477,77.315741,33.0,PETROL,31.65,19.6,3,1719,17.3,3.26,27.0,87.0,-1.56,0.78,13.4,6.4,33.2,-0.08,LOCKED,33.2,15.3
1791218653779,28.626477,77.315741,33.0,PETROL,30.02,19.6,3,1696,17.3,3.63,27.0,87.0,-1.56,0.78,13.4,6.4,33.1,-0.09,LOCKED,33.2,15.3
1791218654368,28.626446,77.315656,33.0,PETROL,29.53,19.6,3,1688,17.3,3.51,27.0,87.0,-1.56,0.78,13.2,6.4,33.0,-0.11,LOCKED,33.2,15.3
1791218655246,28.626421,77.315574,33.0,PETROL,49.21,14.9,3,1682,17.6,3.41,29.0,86.0,0.00,0.00,13.2,0.0,32.8,-0.12,LOCKED,33.2,15.3
1791218655767,28.626421,77.315574,31.0,PETROL,46.12,14.9,4,1167,17.6,2.25,29.0,86.0,0.00,0.00,13.0,0.0,31.0,0.00,PAUSED,33.2,13.7
1791218656311,28.626395,77.315488,26.0,PETROL,53.48,14.9,5,835,17.6,1.04,29.0,86.0,0.00,0.00,13.0,0.0,26.0,0.00,PAUSED,33.2,12.5
1791218657247,28.626373,77.315434,21.0,PETROL,47.58,14.9,4,779,21.6,1.67,32.0,86.0,0.00,-0.78,13.2,0.0,21.0,0.00,PAUSED,33.2,12.5
1791218657759,28.626373,77.315434,18.0,PETROL,15.98,27.1,4,717,21.6,8.47,32.0,86.0,0.00,-0.78,13.2,16.6,18.9,-1.16,PAUSED,33.2,20.0
1791218658272,28.626364,77.315388,18.0,PETROL,9.27,27.1,,1593,21.6,10.73,32.0,86.0,0.00,-0.78,13.3,16.6,18.0,0.00,PAUSED,33.2,21.6
1791218659172,28.626349,77.315332,20.0,PETROL,7.70,27.1,2,1490,60.8,9.79,67.0,86.0,-0.78,3.13,13.3,16.6,20.0,0.00,PAUSED,33.2,22.0
1791218659695,28.626349,77.315332,22.0,PETROL,9.67,14.9,,1323,60.8,4.32,67.0,86.0,-0.78,3.13,13.2,0.0,22.0,0.00,PAUSED,33.2,16.1
1791218660218,28.626332,77.315277,22.0,PETROL,12.21,27.5,3,1103,60.8,3.33,67.0,86.0,-0.78,3.13,13.2,17.1,22.0,0.00,PAUSED,33.2,14.9
1791218661098,28.626314,77.315217,22.0,PETROL,7.80,31.8,,1329,95.7,12.36,96.0,86.0,2.34,3.91,13.2,23.0,22.0,0.00,PAUSED,33.2,25.5
1791218661597,28.626314,77.315217,25.0,PETROL,6.90,31.0,3,1271,95.7,11.92,96.0,87.0,2.34,3.91,13.2,21.9,25.0,0.00,ARMED,,28.6
1791218662113,28.626288,77.315151,26.0,PETROL,6.67,31.0,3,1353,95.7,11.67,96.0,87.0,2.34,3.91,13.2,21.9,25.5,0.28,ARMED,,26.3
1791218663021,28.626264,77.315074,28.0,PETROL,7.77,17.6,3,1413,49.4,9.42,31.0,87.0,-10.16,1.56,13.2,3.7,26.8,0.99,ARMED,,22.4
1791218663564,28.626264,77.315074,28.0,PETROL,11.52,14.9,3,1409,49.4,2.71,31.0,87.0,-10.16,1.56,13.3,0.0,27.9,1.05,ARMED,,14.5
1791218664046,28.626241,77.314998,27.0,PETROL,11.36,25.9,3,1423,49.4,8.07,31.0,87.0,-10.16,1.56,13.3,15.0,27.7,0.63,ARMED,,20.0
1791218664937,28.626214,77.314924,27.0,PETROL,9.34,27.8,3,1368,70.6,10.47,78.0,88.0,2.34,3.91,13.4,17.7,27.1,0.04,ARMED,,21.6
1791218665472,28.626214,77.314924,28.0,PETROL,9.80,23.9,3,1451,70.6,7.59,78.0,88.0,2.34,3.91,13.4,12.3,27.4,0.22,ARMED,,19.6
1791218665976,28.626189,77.314851,29.0,PETROL,13.82,14.9,3,1474,70.6,2.53,78.0,88.0,2.34,3.91,13.4,0.0,27.8,0.37,ARMED,,13.7
1791218666868,28.626189,77.314851,29.0,PETROL,23.37,14.9,3,1451,17.3,2.76,29.0,88.0,0.00,0.00,13.4,0.0,27.9,0.32,ARMED,,14.5
1791218667396,28.626171,77.314787,25.0,PETROL,26.69,14.9,3,1289,17.3,2.16,29.0,88.0,0.00,0.00,13.4,0.0,25.7,-1.03,ARMED,,14.1
1791218667932,28.626152,77.314730,22.0,PETROL,30.05,22.4,3,1093,17.3,1.71,29.0,89.0,0.00,0.00,13.4,10.2,23.0,-2.37,ARMED,,13.3
1791218668819,28.626152,77.314730,21.0,PETROL,14.05,38.4,3,1081,79.2,8.74,92.0,89.0,-2.34,3.91,13.4,32.1,21.2,-2.72,ARMED,,20.4
1791218669486,28.626133,77.314676,23.0,PETROL,9.50,32.2,3,1165,79.2,10.83,92.0,89.0,-2.34,3.91,13.4,23.5,21.2,-1.25,ARMED,,23.9
1791218670011,28.626114,77.314608,25.0,PETROL,8.20,32.2,3,1277,79.2,10.87,92.0,89.0,-2.34,3.91,13.5,23.5,22.5,-0.03,ARMED,,22.7
1791218671058,28.626089,77.314536,26.0,PETROL,8.13,19.6,3,1350,61.6,10.50,35.0,89.0,-8.59,2.34,13.5,6.4,24.1,0.98,ARMED,,23.1
1791218671597,28.626089,77.314536,28.0,PETROL,9.23,27.5,3,1421,61.6,8.08,35.0,89.0,-8.59,2.34,13.4,17.1,26.7,1.84,ARMED,,20.0
1791218672082,28.626063,77.314463,28.0,PETROL,10.18,25.5,3,1456,61.6,7.65,35.0,89.0,-8.59,2.34,13.4,14.4,27.8,1.89,ARMED,,20.0
1791218672985,28.626039,77.314388,29.0,PETROL,12.00,14.9,3,1498,27.1,5.80,28.0,90.0,-5.47,0.78,13.2,0.0,28.8,1.90,ARMED,,17.6
1791218673494,28.626039,77.314388,30.0,PETROL,16.64,20.8,3,1477,27.1,2.67,28.0,90.0,-5.47,0.78,13.2,8.0,29.2,1.13,ARMED,,15.3
1791218674001,28.626010,77.314305,29.0,PETROL,19.75,20.4,3,1518,27.1,3.39,28.0,90.0,-5.47,0.78,13.2,7.5,29.5,1.02,ARMED,,15.7
1791218674946,28.625985,77.314225,30.0,PETROL,21.26,20.8,3,1519,23.1,3.76,35.0,90.0,0.78,0.78,13.2,8.0,29.7,0.81,ARMED,,15.7
1791218675470,28.625985,77.314225,30.0,PETROL,20.64,21.2,3,1526,23.1,4.54,35.0,90.0,0.78,0.78,13.5,8.6,29.8,0.43,ARMED,,16.5
1791218675970,28.625958,77.314148,30.0,PETROL,19.16,21.2,3,1532,23.1,5.19,35.0,90.0,0.78,0.78,13.5,8.6,29.8,0.38,ARMED,,17.6
1791218676864,28.625958,77.314148,30.0,PETROL,17.17,21.6,3,1546,34.1,5.86,48.0,90.0,3.13,1.56,13.3,9.1,30.0,0.36,ARMED,,17.6
1791218677385,28.625933,77.314070,30.0,PETROL,16.40,21.6,3,1567,34.1,5.67,48.0,90.0,3.13,1.56,13.3,9.1,30.3,0.36,ARMED,,18.4
1791218677925,28.625933,77.314070,31.0,PETROL,16.33,21.6,3,1567,34.1,5.55,48.0,90.0,3.13,1.56,13.3,9.1,30.4,0.34,ARMED,,18.4
1791218678818,28.625905,77.313983,31.0,PETROL,15.92,21.6,3,1591,36.5,6.00,51.0,90.0,0.78,1.56,13.3,9.1,30.7,0.37,ARMED,,18.4
1791218679345,28.625885,77.313903,31.0,PETROL,15.69,21.6,3,1608,36.5,6.00,51.0,90.0,0.78,1.56,13.4,9.1,31.1,0.39,ARMED,,18.4
1791218679892,28.625885,77.313903,31.0,PETROL,15.60,21.6,3,1625,36.5,5.96,51.0,91.0,0.78,1.56,13.4,9.1,31.4,0.41,ARMED,,18.4
1791218680852,28.625865,77.313822,32.0,PETROL,15.19,22.0,3,1632,37.6,6.40,51.0,91.0,2.34,1.56,13.4,9.6,31.6,0.41,ARMED,,18.8
1791218681347,28.625846,77.313735,32.0,PETROL,14.46,22.4,3,1654,37.6,6.94,51.0,91.0,2.34,1.56,13.4,10.2,32.0,0.42,ARMED,,18.8
1791218681874,28.625846,77.313735,32.0,PETROL,14.00,22.4,3,1661,37.6,7.00,51.0,91.0,2.34,1.56,13.4,10.2,32.2,0.41,ARMED,,19.2
1791218682738,28.625823,77.313642,33.0,PETROL,13.89,22.4,3,1682,33.3,7.26,45.0,90.0,-0.78,1.56,13.4,10.2,32.5,0.43,ARMED,,18.8
1791218683250,28.625802,77.313545,33.0,PETROL,15.04,22.4,3,1708,33.3,5.82,45.0,90.0,-0.78,1.56,13.4,10.2,33.0,0.48,ARMED,,18.0
1791218683733,28.625802,77.313545,33.0,PETROL,15.83,22.4,3,1715,33.3,5.80,45.0,90.0,-0.78,1.56,13.4,10.2,33.2,0.47,ARMED,,18.0
1791218684664,28.625779,77.313457,34.0,PETROL,16.47,22.4,3,1726,30.2,5.82,43.0,90.0,0.00,1.56,13.3,10.2,33.5,0.47,ARMED,,17.6
1791218685148,28.625755,77.313364,34.0,PETROL,16.81,22.4,3,1739,30.2,5.88,43.0,90.0,0.00,1.56,13.3,10.2,33.8,0.44,ARMED,,17.6
1791218685704,28.625755,77.313364,34.0,PETROL,16.85,22.4,3,1744,30.2,6.02,43.0,90.0,0.00,1.56,13.5,10.2,33.9,0.41,ARMED,,17.6
1791218686643,28.625731,77.313281,35.0,PETROL,17.11,22.4,3,1778,29.4,5.99,42.0,90.0,0.00,1.56,13.5,10.2,34.3,0.47,ARMED,,17.6
1791218687187,28.625705,77.313190,35.0,PETROL,17.73,22.4,3,1813,29.4,5.60,42.0,90.0,0.00,1.56,13.3,10.2,35.1,0.63,ARMED,,17.6
1791218687706,28.625705,77.313190,36.0,PETROL,18.02,22.4,3,1812,29.4,5.84,42.0,90.0,0.00,1.56,13.3,10.2,35.3,0.60,ARMED,,17.6
1791218688615,28.625675,77.313104,36.0,PETROL,18.52,22.4,3,1851,28.2,5.59,40.0,90.0,0.00,1.56,13.2,10.2,35.8,0.65,ARMED,,18.0
1791218689137,28.625647,77.313005,37.0,PETROL,18.54,22.4,3,1871,28.2,5.97,40.0,89.0,0.00,1.56,13.2,10.2,36.4,0.65,ARMED,,17.6
1791218689657,28.625647,77.313005,37.0,PETROL,19.20,22.4,3,1901,28.2,5.47,40.0,89.0,0.00,1.56,13.4,10.2,36.8,0.69,ARMED,,18.0
1791218690730,28.625618,77.312908,37.0,PETROL,17.90,23.9,3,1925,34.5,6.92,53.0,89.0,-2.34,2.34,13.4,12.3,37.3,0.72,ARMED,,18.8
1791218691262,28.625590,77.312814,39.0,PETROL,16.15,24.7,3,1961,34.5,8.36,53.0,89.0,-2.34,2.34,13.4,13.4,38.2,0.74,ARMED,,20.0
1791218691790,28.625590,77.312814,39.0,PETROL,21.47,14.9,3,1904,34.5,2.89,53.0,88.0,-2.34,2.34,13.4,0.0,37.9,0.32,ARMED,,15.3
1791218692694,28.625561,77.312712,39.0,PETROL,21.33,23.1,4,1371,39.2,5.53,46.0,88.0,0.00,1.56,13.5,11.2,39.0,0.00,ARMED,,17.6
1791218693187,28.625532,77.312611,39.0,PETROL,19.82,23.1,4,1514,39.2,6.51,46.0,88.0,0.00,1.56,13.5,11.2,39.0,0.00,ARMED,,18.4
1791218693703,28.625532,77.312611,39.0,PETROL,18.94,23.1,4,1542,39.2,6.58,46.0,88.0,0.00,1.56,13.4,11.2,39.0,0.00,ARMED,,18.4
1791218694607,28.625498,77.312507,40.0,PETROL,18.55,23.1,4,1544,42.7,6.45,57.0,88.0,2.34,2.34,13.4,11.2,39.5,0.29,ARMED,,18.4
1791218695126,28.625464,77.312401,40.0,PETROL,16.80,23.1,4,1579,42.7,7.88,57.0,88.0,2.34,2.34,13.2,11.2,39.9,0.34,ARMED,,19.6
1791218695620,28.625464,77.312401,41.0,PETROL,15.96,23.1,4,1581,42.7,8.01,57.0,88.0,2.34,2.34,13.2,11.2,40.1,0.34,ARMED,,19.6
1791218696521,28.625430,77.312286,41.0,PETROL,15.65,23.1,4,1590,45.1,7.89,59.0,88.0,1.56,2.34,13.1,11.2,40.3,0.35,ARMED,,19.6
1791218697028,28.625393,77.312178,41.0,PETROL,20.62,20.0,4,1591,45.1,3.08,59.0,88.0,1.56,2.34,13.1,7.0,40.5,0.31,ARMED,,15.7
1791218697556,28.625393,77.312178,41.0,PETROL,18.47,22.4,4,1611,45.1,7.51,59.0,88.0,1.56,2.34,13.2,10.2,40.8,0.35,ARMED,,19.2
1791218698455,28.625358,77.312062,41.0,PETROL,18.14,22.4,4,1607,40.4,6.95,55.0,87.0,0.00,1.56,13.2,10.2,40.9,0.33,ARMED,,18.8
1791218698995,28.625323,77.311954,42.0,PETROL,18.17,22.4,4,1620,40.4,6.91,55.0,87.0,0.00,1.56,13.3,10.2,41.2,0.33,ARMED,,19.2
1791218699520,28.625323,77.311954,42.0,PETROL,17.77,22.4,4,1628,40.4,7.31,55.0,87.0,0.00,1.56,13.3,10.2,41.4,0.34,ARMED,,19.2
1791218700464,28.625288,77.311839,42.0,PETROL,17.70,14.9,4,1617,32.5,7.15,36.0,88.0,0.00,1.56,13.2,0.0,41.4,0.22,CANDIDATE,41.4,18.8
1791218701105,28.625252,77.311730,42.0,PETROL,22.45,19.2,4,1608,32.5,3.36,36.0,88.0,0.00,1.56,13.2,5.9,41.2,-0.01,LOCKED,41.2,14.9
1791218701659,28.625252,77.311730,42.0,PETROL,26.72,19.2,4,1625,32.5,3.37,36.0,88.0,0.00,1.56,13.2,5.9,41.4,0.04,LOCKED,41.2,14.9
1791218702566,28.625212,77.311618,41.0,PETROL,23.16,22.7,4,1617,34.1,6.29,47.0,88.0,1.56,1.56,13.2,10.7,41.3,0.03,LOCKED,41.2,18.0
1791218703150,28.625180,77.311513,42.0,PETROL,22.81,22.7,4,1615,34.1,5.55,47.0,88.0,1.56,1.56,13.5,10.7,41.3,0.01,LOCKED,41.2,18.0
1791218703650,28.625180,77.311513,42.0,PETROL,21.54,22.7,4,1635,34.1,6.23,47.0,88.0,1.56,1.56,13.5,10.7,41.6,0.17,LOCKED,41.2,18.0
1791218704563,28.625146,77.311401,42.0,PETROL,20.98,22.4,4,1643,32.5,6.09,45.0,88.0,2.34,1.56,13.4,10.2,41.8,0.22,LOCKED,41.2,18.0
1791218705063,28.625103,77.311290,42.0,PETROL,21.86,20.0,4,1644,32.5,5.27,45.0,88.0,2.34,1.56,13.4,7.0,42.0,0.22,LOCKED,41.2,17.6
1791218705556,28.625103,77.311290,42.0,PETROL,26.77,16.9,4,1632,32.5,3.05,45.0,88.0,2.34,1.56,13.4,2.7,41.9,0.17,LOCKED,41.2,14.5
1791218706449,28.625066,77.311178,42.0,PETROL,32.87,19.6,4,1616,17.6,2.56,30.0,88.0,-0.78,0.78,13.4,6.4,41.7,-0.04,LOCKED,41.2,14.9
1791218707007,28.625029,77.311064,41.0,PETROL,31.38,20.8,4,1599,17.6,4.25,30.0,88.0,-0.78,0.78,13.4,8.0,41.1,-0.33,LOCKED,41.2,16.5
1791218707484,28.625029,77.311064,41.0,PETROL,29.62,21.2,4,1603,17.6,4.57,30.0,88.0,-0.78,0.78,13.4,8.6,41.0,-0.33,LOCKED,41.2,16.5
1791218708477,28.624992,77.310956,41.0,PETROL,27.87,21.2,4,1582,27.1,4.80,37.0,88.0,0.78,0.78,13.4,8.6,40.7,-0.38,ARMED,,16.9
1791218708987,28.624961,77.310846,40.0,PETROL,24.51,22.4,4,1574,27.1,5.80,37.0,88.0,0.78,0.78,13.4,10.2,40.3,-0.38,ARMED,,17.6
1791218709549,28.624961,77.310846,40.0,PETROL,22.72,22.4,4,1567,27.1,5.86,37.0,88.0,0.78,0.78,13.4,10.2,40.1,-0.38,ARMED,,17.6
1791218710562,28.624925,77.310743,40.0,PETROL,22.61,22.4,4,1562,32.9,5.26,47.0,88.0,1.56,1.56,13.3,10.2,39.9,-0.37,ARMED,,17.6
1791218711099,28.624900,77.310643,40.0,PETROL,21.49,22.4,4,1577,32.9,5.90,47.0,88.0,1.56,1.56,13.4,10.2,40.1,-0.06,ARMED,,17.6
1791218711584,28.624900,77.310643,40.0,PETROL,21.95,22.4,4,1562,32.9,5.20,47.0,88.0,1.56,1.56,13.4,10.2,40.0,-0.08,ARMED,,17.6
1791218712523,28.624865,77.310534,40.0,PETROL,22.29,22.4,4,1571,32.9,5.29,50.0,88.0,-0.78,1.56,13.4,10.2,40.0,-0.05,ARMED,,18.0
1791218713015,28.624832,77.310426,40.0,PETROL,21.36,22.4,4,1575,32.9,6.01,50.0,88.0,-0.78,1.56,13.4,10.2,40.2,-0.01,ARMED,,18.4
1791218713543,28.624832,77.310426,40.0,PETROL,20.49,22.4,4,1557,32.9,6.25,50.0,88.0,-0.78,1.56,13.3,10.2,40.0,-0.06,ARMED,,18.8
1791218714459,28.624796,77.310316,40.0,PETROL,19.60,22.4,4,1550,40.8,6.46,56.0,88.0,0.78,1.56,13.3,10.2,39.8,-0.11,ARMED,,19.2
1791218714986,28.624763,77.310207,40.0,PETROL,19.06,22.4,4,1555,40.8,6.50,56.0,88.0,0.78,1.56,13.2,10.2,39.7,-0.09,ARMED,,19.2
1791218715488,28.624763,77.310207,40.0,PETROL,18.09,22.4,4,1556,40.8,7.07,56.0,89.0,0.78,1.56,13.2,10.2,39.7,-0.08,ARMED,,19.2
1791218716472,28.624727,77.310104,40.0,PETROL,17.73,22.4,4,1553,41.6,6.80,57.0,89.0,1.56,2.34,13.4,10.2,39.7,-0.07,ARMED,,19.2
1791218716977,28.624689,77.309999,40.0,PETROL,17.84,22.4,4,1553,41.6,6.51,57.0,89.0,1.56,2.34,13.4,10.2,39.7,-0.06,ARMED,,19.2
1791218717520,28.624689,77.309999,40.0,PETROL,17.33,22.4,4,1551,41.6,7.04,57.0,89.0,1.56,2.34,13.2,10.2,39.7,-0.05,ARMED,,19.2
1791218718447,28.624656,77.309891,40.0,PETROL,17.02,22.4,4,1562,41.2,7.07,57.0,89.0,2.34,1.56,13.2,10.2,39.8,-0.00,ARMED,,19.2
1791218718956,28.624619,77.309790,40.0,PETROL,17.23,22.4,4,1544,41.2,6.67,57.0,89.0,2.34,1.56,13.3,10.2,39.6,-0.06,ARMED,,18.8
1791218719441,28.624619,77.309790,40.0,PETROL,18.83,22.4,4,1541,41.2,5.35,57.0,89.0,2.34,1.56,13.3,10.2,39.5,-0.07,ARMED,,18.0
1791218720407,28.624590,77.309683,40.0,PETROL,19.32,23.1,4,1544,36.9,5.78,48.0,89.0,3.13,1.56,13.3,11.2,39.5,-0.06,ARMED,,18.4
1791218720922,28.624590,77.309683,39.0,PETROL,20.66,22.0,4,1538,36.9,4.90,48.0,89.0,3.13,1.56,13.3,9.6,39.4,-0.08,ARMED,,17.6
1791218721439,28.624556,77.309577,40.0,PETROL,20.76,21.2,4,1533,36.9,5.56,48.0,89.0,3.13,1.56,13.4,8.6,39.3,-0.09,ARMED,,17.3
1791218722298,28.624527,77.309474,40.0,PETROL,21.56,21.6,4,1582,29.0,5.24,37.0,89.0,0.78,0.78,13.4,9.1,39.9,0.26,ARMED,,17.3
1791218722856,28.624527,77.309474,40.0,PETROL,23.71,21.6,4,1566,29.0,4.30,37.0,89.0,0.78,0.78,13.4,9.1,40.1,0.26,ARMED,,16.9
1791218723363,28.624486,77.309370,40.0,PETROL,24.41,21.6,4,1532,29.0,4.69,37.0,89.0,0.78,0.78,13.4,9.1,39.8,-0.04,ARMED,,16.9
1791218724235,28.624452,77.309267,40.0,PETROL,24.42,21.6,4,1551,28.2,4.94,37.0,90.0,0.00,0.78,13.4,9.1,39.8,-0.03,ARMED,,16.9
1791218724722,28.624452,77.309267,40.0,PETROL,25.50,21.6,4,1534,28.2,4.42,37.0,90.0,0.00,0.78,13.4,9.1,39.5,-0.10,ARMED,,16.9
1791218725243,28.624421,77.309161,40.0,PETROL,25.15,21.2,4,1547,28.2,4.90,37.0,90.0,0.00,0.78,13.4,8.6,39.6,-0.06,ARMED,,16.9
1791218726152,28.624385,77.309054,40.0,PETROL,30.80,20.0,4,1551,18.0,2.58,40.0,89.0,0.78,0.78,13.4,7.0,39.7,-0.02,ARMED,,14.9
1791218726689,28.624385,77.309054,40.0,PETROL,26.22,21.6,4,1543,18.0,5.59,40.0,89.0,0.78,0.78,13.4,9.1,39.6,-0.02,ARMED,,17.3
1791218727255,28.624349,77.308948,40.0,PETROL,24.97,21.6,4,1561,18.0,5.14,40.0,90.0,0.78,0.78,13.4,9.1,39.9,0.12,ARMED,,16.9
1791218728152,28.624314,77.308844,41.0,PETROL,26.43,21.2,4,1588,27.5,4.25,36.0,90.0,0.78,0.78,13.5,8.6,40.3,0.37,ARMED,,16.9
1791218728656,28.624314,77.308844,42.0,PETROL,26.36,21.2,4,1627,27.5,4.79,36.0,90.0,0.78,0.78,13.5,8.6,41.5,0.80,ARMED,,16.9
1791218729234,28.624276,77.308734,42.0,PETROL,28.42,14.9,4,1633,27.5,3.92,36.0,90.0,0.78,0.78,13.4,0.0,41.9,0.82,ARMED,,16.1
1791218730325,28.624244,77.308621,42.0,PETROL,32.14,14.9,4,1617,16.9,3.18,28.0,89.0,0.00,0.78,13.4,0.0,42.0,0.57,ARMED,,14.9
1791218730862,28.624244,77.308621,42.0,PETROL,34.48,19.2,4,1634,16.9,3.28,28.0,89.0,0.00,0.78,13.4,5.9,42.2,0.35,ARMED,,14.9
1791218731340,28.624203,77.308513,42.0,PETROL,35.00,19.2,4,1633,16.9,3.54,28.0,89.0,0.00,0.78,13.4,5.9,42.2,0.30,ARMED,,15.7
1791218732249,28.624161,77.308399,42.0,PETROL,33.50,19.2,4,1630,22.0,4.19,31.0,89.0,-3.91,0.78,13.3,5.9,42.1,0.18,ARMED,,16.1
1791218732736,28.624161,77.308399,42.0,PETROL,32.18,19.2,4,1602,22.0,4.34,31.0,89.0,-3.91,0.78,13.3,5.9,41.6,-0.22,ARMED,,16.5
1791218733258,28.624122,77.308292,42.0,PETROL,31.86,19.2,4,1613,22.0,4.20,31.0,89.0,-3.91,0.78,13.2,5.9,41.5,-0.21,CANDIDATE,41.5,16.5
1791218734136,28.624082,77.308189,42.0,PETROL,30.19,19.2,4,1624,23.5,4.60,33.0,89.0,-1.56,0.78,13.2,5.9,41.6,-0.08,CANDIDATE,41.6,16.5
1791218734774,28.624082,77.308189,42.0,PETROL,29.76,19.2,4,1633,23.5,4.42,33.0,89.0,-1.56,0.78,13.3,5.9,41.9,0.12,LOCKED,41.9,16.5
1791218735295,28.624044,77.308081,42.0,PETROL,31.07,19.2,4,1636,23.5,3.87,33.0,89.0,-1.56,0.78,13.3,5.9,42.1,0.14,LOCKED,41.9,16.5
1791218736247,28.624001,77.307966,42.0,PETROL,31.76,19.2,4,1645,23.5,3.89,34.0,89.0,-0.78,0.78,13.3,5.9,42.2,0.18,LOCKED,41.9,16.5
1791218736753,28.624001,77.307966,42.0,PETROL,30.32,19.2,4,1638,23.5,4.50,34.0,88.0,-0.78,0.78,13.3,5.9,42.2,0.13,LOCKED,41.9,16.5
1791218737328,28.623960,77.307856,42.0,PETROL,30.22,19.2,4,1638,23.5,4.25,34.0,88.0,-0.78,0.78,13.4,5.9,42.2,0.11,LOCKED,41.9,16.5
1791218738241,28.623925,77.307748,42.0,PETROL,34.10,19.2,4,1636,17.3,3.00,26.0,88.0,0.00,0.78,13.4,5.9,42.2,0.08,LOCKED,41.9,14.9
1791218738772,28.623925,77.307748,42.0,PETROL,38.72,19.2,4,1641,17.3,2.61,26.0,88.0,0.00,0.78,13.5,5.9,42.2,0.07,LOCKED,41.9,14.9
1791218739264,28.623884,77.307631,42.0,PETROL,42.59,19.2,4,1646,17.3,2.53,26.0,88.0,0.00,0.78,13.5,5.9,42.3,0.08,LOCKED,41.9,14.9
1791218740220,28.623846,77.307523,42.0,PETROL,40.13,19.2,4,1637,16.9,3.38,26.0,88.0,1.56,0.78,13.3,5.9,42.2,0.04,LOCKED,41.9,14.9
1791218740721,28.623846,77.307523,42.0,PETROL,42.84,19.2,4,1645,16.9,2.62,26.0,88.0,1.56,0.78,13.3,5.9,42.3,0.05,LOCKED,41.9,14.9
1791218741307,28.623809,77.307410,42.0,PETROL,40.00,19.2,4,1650,16.9,3.43,26.0,88.0,1.56,0.78,13.5,5.9,42.3,0.06,LOCKED,41.9,14.9
1791218742200,28.623768,77.307294,42.0,PETROL,38.96,19.2,4,1647,16.9,3.33,27.0,88.0,1.56,0.78,13.5,5.9,42.3,0.05,LOCKED,41.9,14.9
1791218742758,28.623768,77.307294,42.0,PETROL,41.25,20.0,4,1636,16.9,2.76,27.0,88.0,1.56,0.78,13.5,7.0,42.1,-0.02,LOCKED,41.9,15.3
1791218743303,28.623725,77.307179,43.0,PETROL,39.29,20.0,4,1648,16.9,3.48,27.0,88.0,1.56,0.78,13.5,7.0,42.3,0.02,LOCKED,41.9,15.3
1791218744257,28.623689,77.307069,43.0,PETROL,40.02,20.0,4,1658,18.4,3.13,28.0,88.0,0.78,0.78,13.5,7.0,42.4,0.07,LOCKED,41.9,15.3
1791218744747,28.623689,77.307069,43.0,PETROL,39.18,17.3,4,1663,18.4,3.39,28.0,88.0,0.78,0.78,13.5,3.2,42.7,0.12,LOCKED,41.9,15.3
1791218745265,28.623652,77.306959,42.0,PETROL,42.59,18.4,4,1664,18.4,2.56,28.0,88.0,0.78,0.78,13.4,4.8,42.8,0.13,LOCKED,41.9,14.9
1791218746139,28.623614,77.306843,42.0,PETROL,37.87,20.0,4,1663,18.8,3.91,29.0,87.0,0.00,0.78,13.4,7.0,42.8,0.11,LOCKED,41.9,15.7
1791218746644,28.623614,77.306843,42.0,PETROL,35.42,20.0,4,1625,18.8,3.93,29.0,87.0,0.00,0.78,13.4,7.0,42.1,-0.30,LOCKED,41.9,15.7
1791218747175,28.623579,77.306734,42.0,PETROL,35.77,20.0,4,1640,18.8,3.49,29.0,87.0,0.00,0.78,13.4,7.0,42.1,-0.28,LOCKED,41.9,15.7
1791218748064,28.623546,77.306625,42.0,PETROL,38.05,20.0,4,1630,19.6,3.11,30.0,87.0,-3.13,0.78,13.4,7.0,41.9,-0.29,LOCKED,41.9,15.7
1791218748550,28.623546,77.306625,42.0,PETROL,39.85,20.0,4,1611,19.6,3.05,30.0,88.0,-3.13,0.78,13.4,7.0,41.5,-0.33,LOCKED,41.9,15.3
1791218749061,28.623510,77.306513,42.0,PETROL,39.34,20.0,4,1613,19.6,3.39,30.0,88.0,-3.13,0.78,13.4,7.0,41.4,-0.31,LOCKED,41.9,15.3
1791218750139,28.623472,77.306404,41.0,PETROL,37.34,20.0,4,1613,19.2,3.60,33.0,88.0,-0.78,0.78,13.5,7.0,41.4,-0.27,LOCKED,41.9,15.3
1791218750807,28.623472,77.306404,41.0,PETROL,41.26,18.8,4,1570,19.2,2.54,33.0,88.0,-0.78,0.78,13.0,5.4,40.6,-0.54,ARMED,,14.9
1791218751304,28.623435,77.306295,41.0,PETROL,38.30,19.2,4,1599,19.2,3.61,33.0,87.0,-0.78,0.78,13.0,5.9,40.7,-0.24,ARMED,,16.1
1791218752261,28.623398,77.306186,41.0,PETROL,35.87,19.2,4,1577,23.5,3.78,33.0,88.0,0.00,0.78,13.3,5.9,40.6,-0.24,ARMED,,16.1
1791218752743,28.623398,77.306186,40.0,PETROL,32.55,19.2,4,1563,23.5,4.24,33.0,88.0,0.00,0.78,13.3,5.9,40.3,-0.28,ARMED,,16.1
1791218753259,28.623364,77.306082,40.0,PETROL,31.97,19.2,4,1557,23.5,3.88,33.0,88.0,0.00,0.78,13.3,5.9,40.1,-0.28,ARMED,,16.5
1791218754256,28.623329,77.305982,40.0,PETROL,28.75,20.0,4,1539,28.6,4.66,38.0,88.0,3.91,0.78,13.3,7.0,39.8,-0.33,ARMED,,17.3
1791218754803,28.623329,77.305982,40.0,PETROL,27.35,20.0,4,1533,28.6,4.56,38.0,88.0,3.91,0.78,13.2,7.0,39.5,-0.33,ARMED,,16.9
1791218755329,28.623288,77.305880,40.0,PETROL,24.98,20.0,4,1541,28.6,5.26,38.0,88.0,3.91,0.78,13.2,7.0,39.5,-0.20,ARMED,,17.3
1791218756279,28.623251,77.305777,40.0,PETROL,24.36,20.0,4,1551,29.0,5.18,38.0,88.0,-0.78,0.78,13.4,7.0,39.7,-0.04,ARMED,,17.3
1791218756787,28.623251,77.305777,39.0,PETROL,27.98,20.0,4,1516,29.0,3.27,38.0,88.0,-0.78,0.78,13.4,7.0,39.2,-0.26,ARMED,,15.7
1791218757301,28.623215,77.305671,39.0,PETROL,29.15,21.2,4,1524,29.0,3.81,38.0,88.0,-0.78,0.78,13.4,8.6,39.2,-0.24,ARMED,,15.7
1791218758176,28.623180,77.305573,39.0,PETROL,20.67,25.1,4,1525,46.7,8.08,60.0,88.0,0.00,2.34,13.4,13.9,39.2,-0.21,ARMED,,19.6
1791218758700,28.623180,77.305573,40.0,PETROL,17.79,25.1,4,1561,46.7,8.05,60.0,88.0,0.00,2.34,13.4,13.9,39.8,0.25,ARMED,,19.6
1791218759195,28.623143,77.305468,41.0,PETROL,16.98,25.1,4,1582,46.7,7.65,60.0,88.0,0.00,2.34,13.4,13.9,40.3,0.49,ARMED,,19.6
1791218760134,28.623103,77.305353,41.0,PETROL,16.33,24.3,4,1607,41.6,7.88,49.0,88.0,0.00,2.34,13.3,12.8,41.0,0.73,ARMED,,19.6
1791218760617,28.623103,77.305353,42.0,PETROL,20.71,19.6,4,1628,41.6,3.69,49.0,88.0,0.00,2.34,13.3,6.4,41.8,0.78,ARMED,,15.3
1791218761154,28.623064,77.305242,42.0,PETROL,24.38,20.4,4,1624,41.6,3.79,49.0,88.0,0.00,2.34,13.5,7.5,42.0,0.67,ARMED,,16.1
1791218762082,28.623030,77.305132,42.0,PETROL,27.89,20.4,4,1611,20.8,3.69,31.0,89.0,-3.13,0.78,13.5,7.5,42.0,0.41,ARMED,,15.7
1791218762670,28.623030,77.305132,42.0,PETROL,29.01,20.4,4,1600,20.8,4.24,31.0,89.0,-3.13,0.78,13.4,7.5,41.6,-0.01,ARMED,,16.1
1791218763153,28.622989,77.305019,41.0,PETROL,29.96,20.8,4,1606,20.8,4.05,31.0,89.0,-3.13,0.78,13.4,8.0,41.5,-0.04,ARMED,,16.5
1791218764047,28.622953,77.304912,42.0,PETROL,31.28,20.8,4,1603,23.1,3.88,33.0,89.0,-2.34,0.78,13.5,8.0,41.4,-0.05,ARMED,,16.5
1791218764559,28.622953,77.304912,42.0,PETROL,30.08,20.8,4,1612,23.1,4.56,33.0,89.0,-2.34,0.78,13.5,8.0,41.5,-0.01,ARMED,,16.5
1791218765091,28.622923,77.304803,42.0,PETROL,31.35,20.8,4,1623,23.1,3.88,33.0,89.0,-2.34,0.78,13.4,8.0,41.7,0.04,CANDIDATE,41.7,16.5
1791218765968,28.622887,77.304687,42.0,PETROL,34.98,16.1,4,1629,16.9,3.02,27.0,89.0,0.00,0.00,13.4,1.6,41.9,0.09,CANDIDATE,41.9,14.5
1791218766492,28.622887,77.304687,41.0,PETROL,35.79,16.5,4,1569,16.9,3.36,27.0,89.0,0.00,0.00,13.3,2.1,41.0,-0.44,ARMED,,14.9
1791218766997,28.622851,77.304585,40.0,PETROL,37.47,18.4,4,1555,16.9,3.01,27.0,89.0,0.00,0.00,13.3,4.8,40.5,-0.63,ARMED,,14.9
1791218767947,28.622819,77.304480,40.0,PETROL,40.99,18.8,4,1553,16.9,2.54,27.0,89.0,0.00,0.00,13.3,5.4,40.1,-0.64,ARMED,,14.9
1791218768473,28.622819,77.304480,40.0,PETROL,29.60,20.4,4,1553,16.9,5.85,27.0,89.0,0.00,0.00,13.3,7.5,39.9,-0.41,ARMED,,17.6
1791218768998,28.622783,77.304377,40.0,PETROL,29.07,20.4,4,1533,16.9,4.30,27.0,89.0,0.00,0.00,13.3,7.5,39.7,-0.43,ARMED,,16.9
1791218770052,28.622747,77.304277,40.0,PETROL,27.84,20.4,4,1540,29.8,4.65,39.0,89.0,-0.78,0.78,13.3,7.5,39.6,-0.38,ARMED,,16.9
1791218770556,28.622747,77.304277,39.0,PETROL,26.08,20.4,4,1509,29.8,4.99,39.0,89.0,-0.78,0.78,13.3,7.5,39.0,-0.43,ARMED,,17.3
1791218771047,28.622711,77.304177,39.0,PETROL,24.36,20.4,4,1534,29.8,5.36,39.0,89.0,-0.78,0.78,13.3,7.5,39.2,-0.20,ARMED,,17.3
1791218771941,28.622676,77.304079,39.0,PETROL,23.29,20.4,4,1506,30.6,5.39,41.0,89.0,0.00,0.78,13.2,7.5,39.0,-0.23,ARMED,,17.3
1791218772437,28.622676,77.304079,39.0,PETROL,23.19,20.4,4,1536,30.6,5.11,41.0,89.0,0.00,0.78,13.2,7.5,39.4,0.09,ARMED,,17.3
1791218772938,28.622676,77.304079,39.0,PETROL,23.80,20.4,4,1502,30.6,4.75,41.0,89.0,0.00,0.78,13.3,7.5,39.1,-0.09,ARMED,,17.3
1791218773878,28.622645,77.303978,39.0,PETROL,23.66,20.4,4,1532,30.2,4.98,42.0,89.0,0.78,0.78,13.3,7.5,39.3,0.05,ARMED,,17.3
1791218774390,28.622608,77.303877,39.0,PETROL,24.11,20.4,4,1524,30.2,4.71,42.0,89.0,0.78,0.78,13.4,7.5,39.3,0.04,ARMED,,17.3
1791218774870,28.622608,77.303877,39.0,PETROL,27.32,20.0,4,1486,30.2,3.42,42.0,89.0,0.78,0.78,13.4,7.0,38.9,-0.24,ARMED,,14.9
1791218775810,28.622571,77.303771,39.0,PETROL,29.29,20.0,4,1520,21.2,3.67,31.0,89.0,-1.56,0.00,13.5,7.0,39.0,-0.10,ARMED,,15.7
1791218776358,28.622534,77.303669,39.0,PETROL,29.97,20.0,4,1516,21.2,3.88,31.0,89.0,-1.56,0.00,13.5,7.0,39.0,-0.06,ARMED,,15.7
1791218776875,28.622534,77.303669,39.0,PETROL,31.71,20.0,4,1503,21.2,3.47,31.0,89.0,-1.56,0.00,13.5,7.0,38.9,-0.09,ARMED,,15.7
1791218777832,28.622492,77.303562,39.0,PETROL,33.19,20.4,4,1515,22.0,3.35,33.0,89.0,-0.78,0.00,13.5,7.5,39.0,-0.05,ARMED,,15.7
1791218778339,28.622464,77.303459,39.0,PETROL,34.07,20.4,4,1516,22.0,3.37,33.0,89.0,-0.78,0.00,13.3,7.5,39.0,-0.02,ARMED,,15.7
1791218778826,28.622464,77.303459,39.0,PETROL,32.58,20.4,4,1503,22.0,3.91,33.0,89.0,-0.78,0.00,13.3,7.5,38.9,-0.05,ARMED,,15.7
1791218779771,28.622433,77.303359,39.0,PETROL,32.91,20.4,4,1523,22.7,3.55,33.0,89.0,0.00,0.00,13.3,7.5,39.1,0.00,ARMED,,15.7
1791218780291,28.622398,77.303256,39.0,PETROL,31.50,20.4,4,1525,22.7,4.01,33.0,89.0,0.00,0.00,13.3,7.5,39.2,0.05,ARMED,,15.7
1791218780834,28.622398,77.303256,40.0,PETROL,33.29,20.4,4,1527,22.7,3.35,33.0,89.0,0.00,0.00,13.3,7.5,39.3,0.06,ARMED,,15.7
1791218781802,28.622366,77.303156,40.0,PETROL,33.76,20.4,4,1540,22.7,3.53,32.0,89.0,0.00,0.00,13.3,7.5,39.5,0.12,ARMED,,15.7
1791218782338,28.622332,77.303053,40.0,PETROL,31.76,20.4,4,1559,22.7,4.17,32.0,89.0,0.00,0.00,13.4,7.5,40.0,0.34,ARMED,,15.7
1791218782848,28.622332,77.303053,40.0,PETROL,33.19,20.4,4,1568,22.7,3.42,32.0,89.0,0.00,0.00,13.4,7.5,40.3,0.37,ARMED,,15.7
1791218783792,28.622297,77.302947,40.0,PETROL,32.96,20.4,4,1561,22.4,3.73,33.0,89.0,0.00,0.00,13.4,7.5,40.4,0.33,ARMED,,15.7
1791218784328,28.622262,77.302840,40.0,PETROL,31.46,20.4,4,1555,22.4,4.13,33.0,89.0,0.00,0.00,13.4,7.5,40.3,0.09,ARMED,,16.1
1791218784857,28.622262,77.302840,40.0,PETROL,31.10,20.4,4,1556,22.4,3.98,33.0,89.0,0.00,0.00,13.5,7.5,40.2,0.06,ARMED,,15.7
1791218785812,28.622222,77.302734,40.0,PETROL,30.89,20.4,4,1553,22.4,3.98,33.0,89.0,0.00,0.00,13.5,7.5,40.1,0.02,ARMED,,15.7
1791218786406,28.622187,77.302625,40.0,PETROL,30.30,20.4,4,1550,22.4,4.13,33.0,89.0,0.00,0.00,13.3,7.5,40.0,-0.02,ARMED,,15.7
1791218786913,28.622187,77.302625,40.0,PETROL,30.08,20.4,4,1546,22.4,4.09,33.0,89.0,0.00,0.00,13.3,7.5,39.9,-0.04,ARMED,,16.1
1791218787851,28.622152,77.302524,40.0,PETROL,28.71,20.4,4,1556,28.6,4.39,37.0,89.0,2.34,0.78,13.5,7.5,40.0,-0.01,ARMED,,16.9
1791218788352,28.622117,77.302418,40.0,PETROL,26.98,20.4,4,1552,28.6,4.77,37.0,89.0,2.34,0.78,13.5,7.5,40.0,-0.01,ARMED,,17.3
1791218788876,28.622084,77.302314,40.0,PETROL,20.70,39.6,4,1552,28.6,7.69,37.0,89.0,2.34,0.78,13.4,33.7,40.0,-0.01,ARMED,,19.6
1791218790007,28.622050,77.302207,41.0,PETROL,15.46,40.4,4,1601,100.0,9.97,97.0,89.0,7.81,3.13,13.4,34.8,40.7,0.40,ARMED,,51.0
1791218790647,28.622050,77.302207,43.0,PETROL,7.96,40.4,4,1699,100.0,24.92,97.0,89.0,7.81,3.13,13.3,34.8,43.1,1.46,ARMED,,51.8
1791218791181,28.622012,77.302089,45.0,PETROL,5.80,38.0,4,1756,100.0,29.26,97.0,89.0,7.81,3.13,13.3,31.6,44.5,1.84,ARMED,,52.2
1791218792226,28.621975,77.301967,46.0,PETROL,5.59,38.0,4,1800,100.0,25.89,98.0,89.0,-1.56,3.13,13.4,31.6,46.1,2.02,ARMED,,49.8
1791218792847,28.621975,77.301967,49.0,PETROL,6.09,38.0,4,1927,100.0,21.18,98.0,89.0,-1.56,3.13,13.4,31.6,49.1,2.59,ARMED,,34.9
1791218793379,28.621937,77.301839,50.0,PETROL,6.18,38.0,4,1947,100.0,23.74,98.0,89.0,-1.56,3.13,13.2,31.6,50.3,2.54,ARMED,,36.1
1791218794342,28.621896,77.301707,52.0,PETROL,7.18,37.6,4,2010,79.6,17.30,88.0,90.0,-3.13,2.34,13.2,31.0,51.8,2.51,ARMED,,30.6
1791218794871,28.621852,77.301564,54.0,PETROL,8.02,36.1,4,2090,79.6,17.29,88.0,90.0,-3.13,2.34,13.3,28.9,53.8,2.48,ARMED,,27.8
1791218795543,28.621852,77.301564,55.0,PETROL,12.30,14.9,4,1949,79.6,3.50,88.0,90.0,-3.13,2.34,13.3,0.0,52.6,0.81,ARMED,,15.3
1791218796463,28.621802,77.301423,54.0,PETROL,14.98,23.5,5,1488,38.0,7.36,49.0,90.0,0.00,1.56,13.4,11.8,54.0,0.00,ARMED,,19.2
1791218796956,28.621757,77.301285,54.0,PETROL,15.88,26.3,5,1597,38.0,9.28,49.0,91.0,0.00,1.56,13.4,15.5,54.0,0.00,ARMED,,20.4
1791218797504,28.621757,77.301285,54.0,PETROL,16.90,25.9,5,1619,38.0,8.65,49.0,91.0,0.00,1.56,13.2,15.0,54.0,0.00,ARMED,,20.4
1791218798397,28.621707,77.301139,54.0,PETROL,18.80,14.9,5,1623,31.4,7.63,28.0,91.0,-5.47,0.78,13.2,0.0,54.0,0.00,ARMED,,19.2
1791218798959,28.621651,77.301003,54.0,PETROL,22.15,21.6,5,1631,31.4,5.71,28.0,91.0,-5.47,0.78,13.2,9.1,54.0,0.00,ARMED,,17.6
1791218799447,28.621651,77.301003,54.0,PETROL,25.59,21.2,5,1611,31.4,5.17,28.0,91.0,-5.47,0.78,13.2,8.6,53.7,-0.18,ARMED,,16.9
1791218800365,28.621601,77.300862,54.0,PETROL,29.43,21.2,5,1587,26.7,4.36,35.0,90.0,-1.56,0.78,13.3,8.6,53.1,-0.47,ARMED,,16.9
1791218800874,28.621601,77.300862,53.0,PETROL,34.79,20.4,5,1567,26.7,3.37,35.0,90.0,-1.56,0.78,13.3,7.5,52.2,-0.75,ARMED,,16.1
1791218801428,28.621549,77.300718,52.0,PETROL,35.94,20.4,5,1549,26.7,4.21,35.0,90.0,-1.56,0.78,13.3,7.5,51.6,-0.88,ARMED,,16.1
1791218802361,28.621499,77.300583,52.0,PETROL,40.14,20.0,5,1539,21.6,3.29,37.0,90.0,-1.56,0.00,13.3,7.0,51.1,-0.88,ARMED,,15.3
1791218802960,28.621453,77.300450,52.0,PETROL,33.55,23.1,5,1542,21.6,5.98,37.0,90.0,-1.56,0.00,13.3,11.2,51.0,-0.48,ARMED,,18.4
1791218803502,28.621453,77.300450,52.0,PETROL,30.16,22.7,5,1549,21.6,6.14,37.0,90.0,-1.56,0.00,13.3,10.7,51.1,-0.25,ARMED,,18.0
1791218804403,28.621409,77.300316,52.0,PETROL,29.10,22.4,5,1555,34.9,5.55,49.0,90.0,1.56,1.56,13.4,10.2,51.3,-0.03,ARMED,,18.0
1791218804892,28.621409,77.300316,52.0,PETROL,29.64,22.0,5,1564,34.9,5.03,49.0,89.0,1.56,1.56,13.4,9.6,51.8,0.24,ARMED,,17.6
1791218805459,28.621363,77.300176,53.0,PETROL,28.69,22.0,5,1574,34.9,5.71,49.0,89.0,1.56,1.56,13.3,9.6,52.1,0.37,ARMED,,17.6
1791218806325,28.621317,77.300039,53.0,PETROL,26.62,22.0,5,1573,36.5,6.55,48.0,89.0,0.78,1.56,13.3,9.6,52.3,0.38,ARMED,,18.4
1791218806828,28.621317,77.300039,53.0,PETROL,31.72,17.3,5,1601,36.5,3.55,48.0,89.0,0.78,1.56,13.5,3.2,53.1,0.61,ARMED,,15.7
1791218807321,28.621268,77.299896,53.0,PETROL,27.67,21.6,5,1550,36.5,6.78,48.0,89.0,0.78,1.56,13.5,9.1,52.6,0.12,ARMED,,18.4
1791218808182,28.621221,77.299756,53.0,PETROL,27.81,21.6,5,1597,35.7,5.71,49.0,89.0,-0.78,1.56,13.3,9.1,52.9,0.28,ARMED,,18.0
1791218808692,28.621221,77.299756,53.0,PETROL,26.99,21.2,5,1586,35.7,6.19,49.0,88.0,-0.78,1.56,13.3,8.6,52.9,0.23,ARMED,,18.0
1791218809207,28.621178,77.299617,53.0,PETROL,26.97,21.2,5,1576,35.7,5.94,49.0,88.0,-0.78,1.56,13.3,8.6,52.8,0.07,ARMED,,18.0
1791218810371,28.621134,77.299477,53.0,PETROL,26.70,21.2,5,1602,33.7,5.94,47.0,88.0,1.56,1.56,13.3,8.6,53.1,0.24,CANDIDATE,53.1,18.0
1791218811009,28.621083,77.299338,54.0,PETROL,27.42,21.2,5,1606,33.7,5.58,47.0,88.0,1.56,1.56,13.3,8.6,53.5,0.27,LOCKED,53.5,18.0
1791218811570,28.621083,77.299338,54.0,PETROL,27.40,21.2,5,1605,33.7,5.82,47.0,88.0,1.56,1.56,13.3,8.6,53.6,0.24,LOCKED,53.5,18.0
1791218812452,28.621033,77.299191,54.0,PETROL,28.39,21.2,5,1613,33.3,5.35,47.0,88.0,0.78,1.56,13.4,8.6,53.8,0.26,LOCKED,53.5,18.0
1791218812946,28.620980,77.299047,55.0,PETROL,30.31,21.2,5,1628,33.3,4.86,47.0,88.0,0.78,1.56,13.4,8.6,54.2,0.32,LOCKED,53.5,16.9
1791218813447,28.620980,77.299047,55.0,PETROL,31.57,21.2,5,1620,33.3,4.86,47.0,88.0,0.78,1.56,13.5,8.6,54.3,0.29,LOCKED,53.5,16.9
1791218814356,28.620928,77.298903,55.0,PETROL,33.87,21.2,5,1642,25.1,4.44,35.0,87.0,-1.56,0.78,13.5,8.6,54.6,0.41,LOCKED,53.5,16.5
1791218814921,28.620928,77.298903,55.0,PETROL,34.56,21.2,5,1640,25.1,4.73,35.0,87.0,-1.56,0.78,13.4,8.6,54.9,0.37,LOCKED,53.5,16.5
1791218815417,28.620878,77.298757,55.0,PETROL,35.14,21.2,5,1637,25.1,4.68,35.0,87.0,-1.56,0.78,13.4,8.6,54.9,0.32,LOCKED,53.5,16.5
1791218816321,28.620820,77.298608,55.0,PETROL,41.59,14.9,5,1638,16.9,2.94,26.0,87.0,-1.56,0.78,13.4,0.0,54.9,0.28,LOCKED,53.5,14.5
1791218816859,28.620820,77.298608,55.0,PETROL,44.14,17.6,5,1620,16.9,3.47,26.0,87.0,-1.56,0.78,13.4,3.7,54.5,-0.10,LOCKED,53.5,15.3
1791218817398,28.620774,77.298460,55.0,PETROL,47.58,17.6,5,1622,16.9,3.13,26.0,87.0,-1.56,0.78,13.4,3.7,54.4,-0.12,LOCKED,53.5,14.9
1791218818286,28.620724,77.298317,54.0,PETROL,50.14,18.0,5,1622,16.9,3.03,26.0,87.0,-0.78,0.00,13.4,4.3,54.3,-0.12,LOCKED,53.5,14.9
1791218818812,28.620724,77.298317,54.0,PETROL,49.38,18.8,5,1599,16.9,3.43,26.0,87.0,-0.78,0.00,13.5,5.4,53.8,-0.37,LOCKED,53.5,14.9
1791218819318,28.620679,77.298176,54.0,PETROL,54.52,19.6,5,1598,16.9,2.56,26.0,87.0,-0.78,0.00,13.5,6.4,53.5,-0.38,LOCKED,53.5,14.9
1791218820213,28.620635,77.298043,54.0,PETROL,50.20,20.8,5,1583,24.3,3.75,34.0,87.0,-3.13,0.78,13.3,8.0,53.2,-0.42,LOCKED,53.5,16.5
1791218820692,28.620635,77.298043,53.0,PETROL,43.46,21.2,5,1580,24.3,4.58,34.0,87.0,-3.13,0.78,13.3,8.6,52.9,-0.40,LOCKED,53.5,16.5
1791218821254,28.620590,77.297897,53.0,PETROL,39.53,21.2,5,1588,24.3,4.75,34.0,87.0,-3.13,0.78,13.2,8.6,52.9,-0.26,LOCKED,53.5,16.9
1791218822136,28.620540,77.297756,53.0,PETROL,37.42,22.0,5,1581,28.2,4.62,48.0,87.0,0.00,0.78,13.2,9.6,52.9,-0.24,LOCKED,53.5,16.9
1791218822705,28.620540,77.297756,53.0,PETROL,33.19,22.7,5,1584,28.2,5.64,48.0,87.0,0.00,0.78,13.4,10.7,52.9,-0.08,LOCKED,53.5,18.0
1791218823210,28.620494,77.297618,53.0,PETROL,26.87,25.1,5,1592,28.2,7.66,48.0,87.0,0.00,0.78,13.4,13.9,53.1,0.04,LOCKED,53.5,19.6
1791218824142,28.620447,77.297479,53.0,PETROL,23.50,24.7,5,1585,43.9,7.79,58.0,87.0,2.34,2.34,13.4,13.4,53.1,0.04,LOCKED,53.5,19.6
1791218824685,28.620447,77.297479,54.0,PETROL,21.49,23.9,5,1608,43.9,8.22,58.0,87.0,2.34,2.34,13.4,12.3,53.7,0.32,LOCKED,53.5,19.6
1791218825223,28.620399,77.297338,54.0,PETROL,21.27,23.9,5,1604,43.9,7.49,58.0,87.0,2.34,2.34,13.4,12.3,53.8,0.31,LOCKED,53.5,19.6
1791218826119,28.620352,77.297197,54.0,PETROL,20.35,23.9,5,1602,47.1,8.21,60.0,88.0,2.34,2.34,13.4,12.3,53.8,0.27,LOCKED,53.5,20.0
1791218826631,28.620352,77.297197,54.0,PETROL,19.87,23.5,5,1601,47.1,8.17,60.0,88.0,2.34,2.34,13.4,11.8,53.8,0.20,LOCKED,53.5,19.6
1791218827153,28.620307,77.297055,54.0,PETROL,20.08,23.5,5,1604,47.1,7.69,60.0,88.0,2.34,2.34,13.4,11.8,53.9,0.18,LOCKED,53.5,19.6
1791218828089,28.620261,77.296914,54.0,PETROL,19.71,23.5,5,1604,46.3,8.18,60.0,88.0,2.34,2.34,13.2,11.8,53.9,0.16,LOCKED,53.5,19.6
1791218828587,28.620261,77.296914,54.0,PETROL,19.51,23.5,5,1597,46.3,8.17,60.0,88.0,2.34,2.34,13.2,11.8,53.7,-0.01,LOCKED,53.5,19.6
1791218829148,28.620221,77.296776,53.0,PETROL,19.67,23.5,5,1593,46.3,7.73,60.0,88.0,2.34,2.34,13.3,11.8,53.6,-0.05,LOCKED,53.5,19.6
1791218830169,28.620178,77.296641,53.0,PETROL,20.00,23.1,5,1586,47.1,7.68,62.0,89.0,0.00,2.34,13.3,11.2,53.4,-0.10,LOCKED,53.5,20.0
1791218830689,28.620178,77.296641,53.0,PETROL,19.74,23.1,5,1580,47.1,8.14,62.0,89.0,0.00,2.34,13.2,11.2,53.1,-0.16,LOCKED,53.5,19.6
1791218831200,28.620132,77.296509,53.0,PETROL,21.52,23.1,5,1557,47.1,6.32,62.0,89.0,0.00,2.34,13.2,11.2,52.6,-0.37,LOCKED,53.5,18.8
1791218832145,28.620086,77.296367,53.0,PETROL,22.19,23.1,5,1571,38.4,6.82,54.0,89.0,0.00,1.56,13.5,11.2,52.6,-0.33,LOCKED,53.5,18.8
1791218832644,28.620086,77.296367,53.0,PETROL,21.62,24.7,5,1569,38.4,7.63,54.0,89.0,0.00,1.56,13.5,13.4,52.6,-0.16,LOCKED,53.5,19.6
1791218833170,28.620041,77.296230,53.0,PETROL,22.62,23.5,5,1562,38.4,6.53,54.0,89.0,0.00,1.56,13.4,11.8,52.5,-0.17,LOCKED,53.5,18.8
1791218834097,28.619997,77.296090,53.0,PETROL,22.70,23.5,5,1565,39.2,6.90,54.0,90.0,0.78,1.56,13.4,11.8,52.5,-0.14,LOCKED,53.5,18.8
1791218834734,28.619997,77.296090,52.0,PETROL,23.05,23.1,5,1559,39.2,6.55,54.0,90.0,0.78,1.56,13.4,11.2,52.3,-0.14,ARMED,,18.4
1791218835287,28.619952,77.295953,52.0,PETROL,23.97,22.7,5,1560,39.2,6.06,54.0,90.0,0.78,1.56,13.4,10.7,52.3,-0.12,ARMED,,18.4
1791218836221,28.619908,77.295817,52.0,PETROL,25.57,14.9,5,1561,27.5,5.52,28.0,90.0,0.78,0.00,13.5,0.0,52.3,-0.10,ARMED,,18.0
1791218836746,28.619908,77.295817,51.0,PETROL,27.13,21.6,5,1525,27.5,5.14,28.0,90.0,0.78,0.00,13.5,9.1,51.5,-0.51,ARMED,,16.9
1791218837291,28.619863,77.295679,51.0,PETROL,28.77,21.6,5,1530,27.5,4.86,28.0,90.0,0.78,0.00,13.4,9.1,51.3,-0.50,ARMED,,16.9
1791218838185,28.619819,77.295545,51.0,PETROL,30.01,21.2,5,1524,28.2,4.76,38.0,90.0,0.78,0.78,13.4,8.6,51.1,-0.48,ARMED,,16.9
1791218838769,28.619819,77.295545,51.0,PETROL,30.36,21.2,5,1518,28.2,4.94,38.0,90.0,0.78,0.78,13.3,8.6,50.8,-0.42,ARMED,,16.9
1791218839268,28.619776,77.295410,51.0,PETROL,30.78,21.2,5,1513,28.2,4.86,38.0,90.0,0.78,0.78,13.3,8.6,50.7,-0.40,ARMED,,16.9
1791218840198,28.619733,77.295276,51.0,PETROL,31.50,21.2,5,1509,28.6,4.68,38.0,90.0,0.78,0.78,13.4,8.6,50.6,-0.37,ARMED,,16.9
1791218840735,28.619733,77.295276,50.0,PETROL,33.55,21.2,5,1498,28.6,4.02,38.0,90.0,0.78,0.78,13.4,8.6,50.2,-0.36,ARMED,,16.5
1791218841336,28.619687,77.295142,50.0,PETROL,34.42,21.2,5,1499,28.6,4.18,38.0,90.0,0.78,0.78,13.4,8.6,50.2,-0.32,ARMED,,16.5
1791218842203,28.619641,77.295010,50.0,PETROL,35.80,21.2,5,1483,27.1,3.96,36.0,90.0,0.00,0.78,13.4,8.6,49.9,-0.36,ARMED,,16.5
1791218842779,28.619641,77.295010,50.0,PETROL,30.85,21.2,5,1491,27.1,5.91,36.0,90.0,0.00,0.78,13.4,8.6,49.9,-0.18,ARMED,,17.6
1791218843266,28.619592,77.294879,50.0,PETROL,29.69,21.2,5,1495,27.1,5.37,36.0,90.0,0.00,0.78,13.4,8.6,49.9,-0.13,ARMED,,17.3
1791218844160,28.619549,77.294748,50.0,PETROL,29.73,21.2,5,1497,34.5,4.99,48.0,90.0,0.78,1.56,13.4,8.6,50.0,-0.08,ARMED,,17.6
1791218844662,28.619549,77.294748,50.0,PETROL,28.65,20.8,5,1489,34.5,5.47,48.0,90.0,0.78,1.56,13.4,8.0,50.0,-0.08,ARMED,,17.6
1791218845211,28.619498,77.294616,51.0,PETROL,27.84,20.8,5,1500,34.5,5.67,48.0,90.0,0.78,1.56,13.3,8.0,50.1,0.03,ARMED,,17.6
1791218846091,28.619455,77.294483,51.0,PETROL,27.69,20.8,5,1506,33.7,5.52,49.0,90.0,0.78,1.56,13.3,8.0,50.3,0.16,ARMED,,17.6
1791218846613,28.619455,77.294483,51.0,PETROL,27.06,20.8,5,1516,33.7,5.79,49.0,90.0,0.78,1.56,13.4,8.0,50.8,0.32,ARMED,,17.6
1791218847106,28.619416,77.294345,51.0,PETROL,27.18,20.8,5,1515,33.7,5.54,49.0,89.0,0.78,1.56,13.4,8.0,50.9,0.31,ARMED,,17.6
1791218848033,28.619369,77.294212,51.0,PETROL,27.38,20.8,5,1513,32.2,5.56,46.0,89.0,0.00,0.78,13.3,8.0,50.9,0.28,ARMED,,17.6
1791218848566,28.619369,77.294212,52.0,PETROL,28.49,20.8,5,1529,32.2,5.18,46.0,89.0,0.00,0.78,13.3,8.0,51.3,0.31,ARMED,,17.6
1791218849126,28.619328,77.294074,52.0,PETROL,29.78,20.8,5,1531,32.2,4.92,46.0,89.0,0.00,0.78,13.3,8.0,51.5,0.31,ARMED,,17.3
1791218850136,28.619282,77.293931,52.0,PETROL,32.18,20.8,5,1536,23.5,4.36,33.0,89.0,-1.56,0.78,13.4,8.0,51.6,0.31,ARMED,,16.1
1791218850682,28.619282,77.293931,52.0,PETROL,39.44,19.6,5,1546,23.5,2.68,33.0,89.0,-1.56,0.78,13.4,6.4,52.0,0.32,ARMED,,14.9
1791218851205,28.619234,77.293797,52.0,PETROL,43.17,20.0,5,1548,23.5,3.17,33.0,88.0,-1.56,0.78,13.4,7.0,52.1,0.30,ARMED,,15.3
1791218852138,28.619194,77.293665,52.0,PETROL,48.15,20.0,5,1557,19.2,2.74,30.0,88.0,-0.78,0.00,13.5,7.0,52.3,0.31,ARMED,,15.3
1791218852663,28.619194,77.293665,53.0,PETROL,47.05,20.0,5,1565,19.2,3.57,30.0,88.0,-0.78,0.00,13.5,7.0,52.6,0.32,ARMED,,15.3
1791218853243,28.619150,77.293528,53.0,PETROL,47.18,20.0,5,1566,19.2,3.43,30.0,88.0,-0.78,0.00,13.4,7.0,52.7,0.30,ARMED,,15.3
1791218854138,28.619101,77.293389,53.0,PETROL,48.59,20.0,5,1566,19.2,3.17,29.0,88.0,0.00,0.00,13.4,7.0,52.8,0.27,ARMED,,15.3
1791218854693,28.619101,77.293389,53.0,PETROL,51.64,20.0,5,1585,19.2,2.83,29.0,88.0,0.00,0.00,13.4,7.0,53.2,0.32,CANDIDATE,53.2,15.3
1791218855193,28.619054,77.293244,53.0,PETROL,51.85,20.0,5,1583,19.2,3.09,29.0,87.0,0.00,0.00,13.4,7.0,53.3,0.30,CANDIDATE,53.3,15.3
1791218856219,28.619006,77.293099,53.0,PETROL,53.73,20.0,5,1587,18.8,2.86,28.0,87.0,-0.78,0.00,13.4,7.0,53.4,0.28,LOCKED,53.4,15.3
1791218856704,28.619006,77.293099,54.0,PETROL,56.10,20.0,5,1598,18.8,2.76,28.0,87.0,-0.78,0.00,13.4,7.0,53.7,0.29,LOCKED,53.4,15.3
1791218857248,28.618956,77.292959,54.0,PETROL,51.28,20.0,5,1598,18.8,3.64,28.0,87.0,-0.78,0.00,13.4,7.0,53.8,0.27,LOCKED,53.4,15.3
1791218858189,28.618912,77.292825,54.0,PETROL,48.78,20.0,5,1607,18.8,3.64,28.0,87.0,-0.78,0.00,13.4,7.0,54.0,0.29,LOCKED,53.4,15.3
1791218858692,28.618912,77.292825,54.0,PETROL,47.84,20.0,5,1610,18.8,3.56,28.0,87.0,-0.78,0.00,13.4,7.0,54.2,0.26,LOCKED,53.4,15.3
1791218859181,28.618868,77.292683,54.0,PETROL,50.91,20.0,5,1600,18.8,2.94,28.0,87.0,-0.78,0.00,13.4,7.0,54.1,0.12,LOCKED,53.4,15.3
1791218860079,28.618823,77.292541,54.0,PETROL,49.76,20.0,5,1617,18.8,3.44,29.0,87.0,-0.78,0.00,13.5,7.0,54.2,0.15,LOCKED,53.4,15.3
1791218860582,28.618823,77.292541,54.0,PETROL,52.19,20.0,5,1614,18.8,2.94,29.0,87.0,-0.78,0.00,13.5,7.0,54.3,0.13,LOCKED,53.4,15.3
1791218861090,28.618777,77.292399,54.0,PETROL,48.88,20.0,5,1612,18.8,3.71,29.0,87.0,-0.78,0.00,13.4,7.0,54.3,0.10,LOCKED,53.4,15.3
1791218861971,28.618726,77.292257,54.0,PETROL,42.06,20.0,5,1613,23.9,4.65,34.0,87.0,0.78,0.78,13.4,7.0,54.3,0.08,LOCKED,53.4,16.5
1791218862522,28.618726,77.292257,54.0,PETROL,38.74,20.0,5,1604,23.9,4.67,34.0,87.0,0.78,0.78,13.3,7.0,54.1,-0.08,LOCKED,53.4,16.5
1791218863056,28.618682,77.292114,54.0,PETROL,38.06,20.0,5,1595,23.9,4.36,34.0,87.0,0.78,0.78,13.3,7.0,53.8,-0.14,LOCKED,53.4,16.9
1791218863991,28.618638,77.291971,54.0,PETROL,37.32,20.0,5,1602,26.7,4.53,36.0,87.0,-0.78,0.78,13.2,7.0,53.8,-0.13,LOCKED,53.4,16.9
1791218864505,28.618638,77.291971,54.0,PETROL,36.99,20.0,5,1608,26.7,4.50,36.0,87.0,-0.78,0.78,13.2,7.0,53.9,-0.05,LOCKED,53.4,16.9
1791218865047,28.618586,77.291828,54.0,PETROL,36.50,20.0,5,1595,26.7,4.59,36.0,87.0,-0.78,0.78,13.3,7.0,53.8,-0.09,LOCKED,53.4,16.9
1791218865932,28.618586,77.291828,54.0,PETROL,36.60,20.0,5,1603,27.1,4.47,37.0,87.0,-0.78,0.78,13.3,7.0,53.8,-0.07,LOCKED,53.4,16.9
1791218866457,28.618539,77.291685,53.0,PETROL,36.16,20.0,5,1590,27.1,4.54,37.0,87.0,-0.78,0.78,13.4,7.0,53.5,-0.13,LOCKED,53.4,16.9
1791218866970,28.618492,77.291542,54.0,PETROL,34.93,20.0,5,1593,27.1,4.94,37.0,87.0,-0.78,0.78,13.4,7.0,53.5,-0.11,LOCKED,53.4,16.9
1791218867894,28.618492,77.291542,53.0,PETROL,33.62,20.0,5,1589,27.1,5.07,31.0,87.0,-0.78,0.78,13.4,7.0,53.4,-0.12,LOCKED,53.4,16.9
1791218868419,28.618444,77.291397,53.0,PETROL,37.19,20.0,5,1589,27.1,3.64,31.0,88.0,-0.78,0.78,13.4,7.0,53.4,-0.11,LOCKED,53.4,15.3
1791218868946,28.618390,77.291256,53.0,PETROL,39.85,20.0,5,1590,27.1,3.61,31.0,88.0,-0.78,0.78,13.5,7.0,53.4,-0.10,LOCKED,53.4,15.3
1791218869979,28.618336,77.291118,53.0,PETROL,42.92,20.0,5,1591,19.2,3.40,30.0,88.0,-2.34,0.00,13.3,7.0,53.4,-0.08,LOCKED,53.4,15.3
1791218870494,28.618336,77.291118,54.0,PETROL,43.05,20.0,5,1585,19.2,3.89,30.0,88.0,-2.34,0.00,13.3,7.0,53.3,-0.08,LOCKED,53.4,15.3
1791218870994,28.618289,77.290978,53.0,PETROL,47.51,20.0,5,1589,19.2,2.93,30.0,88.0,-2.34,0.00,13.3,7.0,53.3,-0.06,LOCKED,53.4,15.3
1791218871910,28.618289,77.290978,53.0,PETROL,46.58,20.0,5,1585,19.2,3.62,29.0,88.0,-1.56,0.00,13.2,7.0,53.3,-0.06,LOCKED,53.4,15.3
1791218872436,28.618237,77.290834,53.0,PETROL,49.19,20.0,5,1584,19.2,3.05,29.0,88.0,-1.56,0.00,13.2,7.0,53.2,-0.06,LOCKED,53.4,15.3
1791218872979,28.618190,77.290700,53.0,PETROL,47.42,20.0,5,1583,19.2,3.64,29.0,88.0,-1.56,0.00,13.4,7.0,53.2,-0.06,LOCKED,53.4,15.3
1791218873886,28.618190,77.290700,53.0,PETROL,45.70,20.0,5,1592,19.2,3.78,29.0,88.0,-1.56,0.00,13.4,7.0,53.3,-0.02,LOCKED,53.4,15.3
1791218874455,28.618144,77.290562,53.0,PETROL,44.82,20.0,5,1588,19.2,3.76,29.0,88.0,-1.56,0.00,13.4,7.0,53.3,-0.01,LOCKED,53.4,15.3
1791218874968,28.618095,77.290418,53.0,PETROL,45.39,20.0,5,1578,19.2,3.54,29.0,89.0,-1.56,0.00,13.4,7.0,53.1,-0.06,LOCKED,53.4,15.3
1791218875845,28.618095,77.290418,53.0,PETROL,48.90,20.0,5,1573,19.6,2.96,29.0,89.0,-1.56,0.00,13.5,7.0,53.0,-0.10,LOCKED,53.4,15.3
1791218876445,28.618047,77.290285,52.0,PETROL,49.24,20.0,5,1553,19.6,3.23,29.0,89.0,-1.56,0.00,13.5,7.0,52.4,-0.39,ARMED,,15.3
1791218877012,28.617999,77.290153,52.0,PETROL,43.86,20.4,5,1549,19.6,4.27,29.0,89.0,-1.56,0.00,13.4,7.5,52.0,-0.41,ARMED,,16.1
1791218877911,28.617999,77.290153,52.0,PETROL,44.12,20.4,5,1536,22.7,3.61,33.0,89.0,-1.56,0.00,13.4,7.5,51.7,-0.45,ARMED,,16.1
1791218878433,28.617960,77.290017,51.0,PETROL,41.48,20.4,5,1522,22.7,4.15,33.0,89.0,-1.56,0.00,13.4,7.5,51.2,-0.49,ARMED,,16.1
1791218878911,28.617960,77.290017,50.0,PETROL,39.62,20.4,5,1492,22.7,4.17,33.0,89.0,-1.56,0.00,13.4,7.5,50.5,-0.72,ARMED,,16.1
1791218879793,28.617919,77.289888,50.0,PETROL,40.87,20.4,5,1480,23.9,3.57,35.0,89.0,-0.78,0.00,13.5,7.5,50.0,-0.85,ARMED,,16.1
1791218880324,28.617871,77.289758,50.0,PETROL,38.90,20.8,5,1490,23.9,4.23,35.0,89.0,-0.78,0.00,13.5,8.0,49.8,-0.52,ARMED,,16.5
1791218880854,28.617871,77.289758,50.0,PETROL,33.90,22.7,5,1478,23.9,5.40,35.0,89.0,-0.78,0.00,13.4,10.7,49.6,-0.50,ARMED,,17.6
1791218881727,28.617824,77.289632,50.0,PETROL,28.65,22.7,5,1485,42.0,6.55,56.0,89.0,-1.56,1.56,13.4,10.7,49.6,-0.34,ARMED,,18.8
1791218882282,28.617771,77.289502,50.0,PETROL,24.79,22.7,5,1480,42.0,7.38,56.0,89.0,-1.56,1.56,13.2,10.7,49.6,-0.16,ARMED,,19.2
1791218882795,28.617771,77.289502,50.0,PETROL,23.70,22.7,5,1497,42.0,6.84,56.0,89.0,-1.56,1.56,13.2,10.7,49.9,0.07,ARMED,,19.2
1791218883738,28.617722,77.289373,50.0,PETROL,22.66,22.7,5,1493,43.9,6.94,57.0,89.0,1.56,1.56,13.4,10.7,50.0,0.11,ARMED,,19.2
1791218884321,28.617670,77.289238,51.0,PETROL,20.67,23.5,5,1505,43.9,8.22,57.0,90.0,1.56,1.56,13.4,11.8,50.4,0.28,ARMED,,20.0
1791218884867,28.617670,77.289238,50.0,PETROL,16.83,34.1,5,1500,43.9,11.22,57.0,90.0,1.56,1.56,13.2,26.2,50.5,0.25,ARMED,,22.4
1791218885714,28.617617,77.289108,51.0,PETROL,13.71,34.1,5,1516,86.7,13.67,92.0,90.0,2.34,3.13,13.2,26.2,50.8,0.30,ARMED,,29.0
1791218886238,28.617567,77.288975,51.0,PETROL,12.67,31.4,5,1516,86.7,12.93,92.0,90.0,2.34,3.13,13.1,22.5,51.0,0.28,ARMED,,26.3
1791218886768,28.617567,77.288975,52.0,PETROL,12.73,30.2,5,1546,86.7,11.70,92.0,90.0,2.34,3.13,13.1,20.9,51.5,0.52,ARMED,,24.3
1791218887668,28.617513,77.288844,52.0,PETROL,19.16,18.0,5,1540,19.2,2.59,42.0,90.0,-19.53,0.00,13.4,4.3,51.8,0.51,ARMED,,13.7
1791218888157,28.617458,77.288708,51.0,PETROL,22.56,24.3,5,1526,19.2,6.25,42.0,90.0,-19.53,0.00,13.4,12.8,51.6,0.14,ARMED,,18.8
1791218888731,28.617458,77.288708,51.0,PETROL,24.83,24.3,5,1530,19.2,6.59,42.0,90.0,-19.53,0.00,13.4,12.8,51.5,0.11,ARMED,,18.8
1791218889785,28.617410,77.288573,51.0,PETROL,23.11,24.3,5,1520,43.1,7.30,58.0,91.0,0.00,1.56,13.4,12.8,51.3,-0.05,ARMED,,19.2
1791218890308,28.617356,77.288440,51.0,PETROL,22.82,24.3,5,1522,43.1,6.82,58.0,91.0,0.00,1.56,13.4,12.8,51.2,-0.08,ARMED,,18.8
1791218890834,28.617356,77.288440,51.0,PETROL,22.10,24.3,5,1517,43.1,7.24,58.0,91.0,0.00,1.56,13.4,12.8,51.0,-0.11,ARMED,,19.2
1791218891782,28.617302,77.288309,51.0,PETROL,22.57,24.3,5,1519,42.4,6.55,56.0,91.0,0.00,1.56,13.4,12.8,51.0,-0.10,ARMED,,19.2
1791218892287,28.617244,77.288176,51.0,PETROL,22.23,24.3,5,1525,42.4,7.03,56.0,91.0,0.00,1.56,13.4,12.8,51.1,-0.04,ARMED,,19.2
1791218892788,28.617244,77.288176,51.0,PETROL,21.87,24.3,5,1519,42.4,7.15,56.0,91.0,0.00,1.56,13.4,12.8,51.1,-0.05,ARMED,,19.2
1791218893706,28.617191,77.288049,51.0,PETROL,22.10,24.3,5,1528,42.4,6.65,57.0,91.0,2.34,1.56,13.4,12.8,51.2,-0.01,ARMED,,19.2
1791218894230,28.617131,77.287920,52.0,PETROL,21.57,24.3,5,1549,42.4,7.31,57.0,91.0,2.34,1.56,13.4,12.8,51.7,0.31,ARMED,,18.8
1791218894792,28.617131,77.287920,52.0,PETROL,21.43,23.9,5,1542,42.4,7.17,57.0,90.0,2.34,1.56,13.4,12.3,51.8,0.29,ARMED,,18.8
1791218895739,28.617065,77.287798,52.0,PETROL,29.29,20.0,5,1557,20.4,2.49,27.0,90.0,-0.78,-0.78,13.3,7.0,52.1,0.33,ARMED,,14.1
1791218896256,28.617001,77.287674,51.0,PETROL,34.00,19.6,5,1537,20.4,3.50,27.0,90.0,-0.78,-0.78,13.3,6.4,51.8,-0.01,ARMED,,14.9
1791218896801,28.617001,77.287674,51.0,PETROL,40.61,20.0,5,1511,20.4,2.74,27.0,90.0,-0.78,-0.78,13.4,7.0,51.3,-0.34,ARMED,,15.3
1791218897673,28.616940,77.287543,51.0,PETROL,42.52,19.6,5,1501,20.0,3.47,29.0,90.0,-1.56,-0.78,13.4,6.4,50.7,-0.55,ARMED,,15.3
1791218898242,28.616871,77.287425,51.0,PETROL,46.80,19.2,5,1493,20.0,2.88,29.0,90.0,-1.56,-0.78,13.5,5.9,50.2,-0.57,ARMED,,14.5
1791218898795,28.616871,77.287425,51.0,PETROL,48.60,14.9,5,1493,20.0,3.08,29.0,89.0,-1.56,-0.78,13.5,0.0,50.0,-0.52,ARMED,,14.5
1791218899726,28.616802,77.287313,51.0,PETROL,45.80,20.4,5,1535,22.0,3.74,31.0,89.0,-0.78,-0.78,13.4,7.5,50.6,0.02,ARMED,,16.1
1791218900223,28.616731,77.287201,51.0,PETROL,44.56,20.4,5,1517,22.0,3.68,31.0,89.0,-0.78,-0.78,13.4,7.5,50.9,0.08,ARMED,,15.7
1791218900815,28.616731,77.287201,51.0,PETROL,43.71,20.4,5,1531,22.0,3.71,31.0,89.0,-0.78,-0.78,13.4,7.5,51.2,0.24,ARMED,,15.7
1791218901704,28.616656,77.287086,51.0,PETROL,41.51,20.4,5,1518,27.1,4.05,37.0,88.0,-0.78,0.00,13.4,7.5,51.2,0.19,ARMED,,16.5
1791218902262,28.616585,77.286969,52.0,PETROL,38.29,20.0,5,1536,27.1,4.64,37.0,88.0,-0.78,0.00,13.2,7.0,51.5,0.25,ARMED,,16.9
1791218902798,28.616585,77.286969,52.0,PETROL,36.23,20.4,5,1531,27.1,4.75,37.0,88.0,-0.78,0.00,13.2,7.5,51.6,0.22,ARMED,,16.9
1791218903677,28.616512,77.286852,52.0,PETROL,35.48,20.4,5,1542,29.0,4.56,38.0,88.0,0.78,0.00,13.2,7.5,51.8,0.25,ARMED,,16.9
1791218904178,28.616434,77.286739,52.0,PETROL,33.90,20.0,5,1550,29.0,4.94,38.0,87.0,0.78,0.00,13.2,7.0,52.1,0.27,ARMED,,16.9
1791218904732,28.616434,77.286739,52.0,PETROL,32.25,20.4,5,1557,29.0,5.22,38.0,87.0,0.78,0.00,13.3,7.5,52.3,0.29,ARMED,,16.9
1791218905594,28.616356,77.286618,52.0,PETROL,31.32,20.4,5,1570,29.0,5.27,37.0,87.0,0.00,0.00,13.3,7.5,52.6,0.33,ARMED,,17.3
1791218906172,28.616278,77.286497,53.0,PETROL,31.69,20.4,5,1571,29.0,5.00,37.0,87.0,0.00,0.00,13.3,7.5,52.8,0.32,ARMED,,16.9
1791218906689,28.616278,77.286497,53.0,PETROL,31.41,20.0,5,1578,29.0,5.20,37.0,87.0,0.00,0.00,13.3,7.0,53.0,0.32,ARMED,,16.9
1791218907572,28.616198,77.286374,53.0,PETROL,33.33,20.0,5,1583,22.7,4.43,27.0,87.0,-0.78,0.00,13.3,7.0,53.2,0.33,ARMED,,16.9
1791218908071,28.616123,77.286256,54.0,PETROL,39.14,14.9,5,1555,22.7,3.15,27.0,86.0,-0.78,0.00,13.3,0.0,52.7,-0.10,CANDIDATE,52.7,14.9
1791218908729,28.616123,77.286256,54.0,PETROL,43.73,14.9,5,1610,22.7,3.13,27.0,86.0,-0.78,0.00,13.5,0.0,53.4,0.33,LOCKED,53.4,14.9
1791218909755,28.616042,77.286135,52.0,PETROL,72.03,14.9,5,1553,16.9,3.26,29.0,86.0,0.00,0.00,13.4,0.0,52.9,-0.10,LOCKED,53.4,14.9
1791218910412,28.615959,77.286017,52.0,PETROL,66.03,14.9,5,1540,16.9,2.70,29.0,86.0,0.00,0.00,13.5,0.0,52.1,-0.48,ARMED,,14.9
1791218910908,28.615959,77.286017,52.0,PETROL,63.87,20.0,5,1542,16.9,2.60,29.0,86.0,0.00,0.00,13.5,7.0,51.9,-0.45,ARMED,,14.9
1791218911854,28.615873,77.285900,51.0,PETROL,55.01,20.0,5,1558,18.8,3.45,29.0,86.0,0.00,-0.78,13.3,7.0,52.0,-0.22,ARMED,,15.3
1791218912401,28.615791,77.285795,51.0,PETROL,53.17,20.0,5,1511,18.8,3.09,29.0,86.0,0.00,-0.78,13.3,7.0,51.2,-0.59,ARMED,,15.3
1791218912935,28.615713,77.285691,51.0,PETROL,52.54,20.0,5,1508,18.8,3.03,29.0,86.0,0.00,-0.78,13.4,7.0,50.8,-0.60,ARMED,,15.3
1791218913797,28.615713,77.285691,50.0,PETROL,49.62,20.0,5,1497,19.6,3.38,29.0,86.0,-0.78,-0.78,13.4,7.0,50.4,-0.61,ARMED,,15.3
1791218914331,28.615630,77.285582,50.0,PETROL,45.85,20.0,5,1497,19.6,3.76,29.0,86.0,-0.78,-0.78,13.4,7.0,50.2,-0.44,ARMED,,15.3
1791218914841,28.615630,77.285582,50.0,PETROL,44.90,20.0,5,1499,19.6,3.55,29.0,86.0,-0.78,-0.78,13.4,7.0,50.2,-0.31,ARMED,,15.3
1791218915733,28.615548,77.285473,50.0,PETROL,46.95,20.0,5,1495,19.6,3.04,30.0,86.0,0.00,-0.78,13.4,7.0,50.1,-0.27,ARMED,,15.3
1791218916214,28.615466,77.285372,50.0,PETROL,48.28,20.0,5,1481,19.6,3.04,30.0,86.0,0.00,-0.78,13.4,7.0,49.8,-0.30,ARMED,,15.3
1791218916720,28.615466,77.285372,50.0,PETROL,48.99,20.0,5,1483,19.6,3.06,30.0,86.0,0.00,-0.78,13.3,7.0,49.8,-0.27,ARMED,,15.3
1791218917641,28.615384,77.285269,50.0,PETROL,49.75,20.0,5,1484,20.8,3.01,30.0,87.0,0.00,-0.78,13.3,7.0,49.8,-0.23,ARMED,,15.3
1791218918147,28.615301,77.285151,49.0,PETROL,49.75,20.0,5,1473,20.8,3.02,30.0,87.0,0.00,-0.78,13.5,7.0,49.5,-0.23,ARMED,,15.3
1791218918676,28.615301,77.285151,49.0,PETROL,46.97,20.0,5,1468,20.8,3.47,30.0,87.0,0.00,-0.78,13.5,7.0,49.4,-0.25,ARMED,,15.3
1791218919617,28.615215,77.285048,49.0,PETROL,46.07,20.0,5,1465,20.8,3.33,32.0,87.0,0.78,-0.78,13.3,7.0,49.2,-0.25,ARMED,,15.3
1791218920138,28.615132,77.284940,49.0,PETROL,46.21,20.0,5,1462,20.8,3.21,32.0,87.0,0.78,-0.78,13.3,7.0,49.1,-0.22,ARMED,,15.3
1791218920701,28.615132,77.284940,49.0,PETROL,39.62,20.0,5,1463,20.8,4.57,32.0,87.0,0.78,-0.78,13.4,7.0,49.0,-0.20,ARMED,,16.5
1791218921665,28.615055,77.284842,49.0,PETROL,38.41,14.9,5,1450,26.7,4.09,26.0,87.0,0.00,-0.78,13.4,0.0,48.8,-0.23,ARMED,,16.5
1791218922205,28.614976,77.284738,48.0,PETROL,41.87,14.9,5,1433,26.7,3.03,26.0,87.0,0.00,-0.78,13.2,0.0,48.3,-0.41,ARMED,,14.5
1791218922711,28.614976,77.284738,46.0,PETROL,48.42,14.9,5,1373,26.7,2.19,26.0,87.0,0.00,-0.78,13.2,0.0,47.1,-0.98,ARMED,,14.1
1791218923663,28.614896,77.284649,44.0,PETROL,78.28,14.9,5,1307,18.4,2.79,29.0,88.0,0.00,0.00,13.4,0.0,45.3,-1.76,ARMED,,14.1
1791218924184,28.614827,77.284568,40.0,PETROL,63.77,14.9,5,1180,18.4,2.52,29.0,88.0,0.00,0.00,13.4,0.0,40.9,-3.32,ARMED,,13.7
1791218924718,28.614827,77.284568,39.0,PETROL,32.76,21.6,5,1198,18.4,6.58,29.0,88.0,0.00,0.00,13.2,9.1,39.7,-2.99,ARMED,,19.2
1791218925566,28.614760,77.284492,39.0,PETROL,29.13,16.5,5,1146,40.0,4.76,36.0,88.0,0.78,0.00,13.2,2.1,38.3,-2.95,ARMED,,16.9
1791218926112,28.614692,77.284415,39.0,PETROL,37.68,18.0,5,1135,40.0,1.69,36.0,88.0,0.78,0.00,13.4,4.3,37.3,-2.06,ARMED,,13.7
1791218926632,28.614692,77.284415,39.0,PETROL,38.58,19.2,5,1151,40.0,2.94,36.0,88.0,0.78,0.00,13.4,5.9,37.5,-1.27,ARMED,,15.3
1791218927539,28.614620,77.284343,39.0,PETROL,36.63,18.8,5,1137,23.1,3.60,31.0,88.0,-1.56,-1.56,13.3,5.4,37.5,-0.86,ARMED,,15.7
1791218928058,28.614552,77.284271,38.0,PETROL,42.91,19.2,5,1130,23.1,2.04,31.0,88.0,-1.56,-1.56,13.3,5.9,37.6,-0.34,ARMED,,14.1
1791218928597,28.614552,77.284271,38.0,PETROL,47.13,19.2,5,1138,23.1,2.15,31.0,88.0,-1.56,-1.56,13.4,5.9,37.8,-0.11,ARMED,,14.1
1791218929662,28.614482,77.284197,38.0,PETROL,43.30,20.4,5,1130,27.1,3.00,36.0,88.0,1.56,-1.56,13.4,7.5,37.9,-0.07,ARMED,,14.1
1791218930160,28.614411,77.284128,38.0,PETROL,36.86,21.2,5,1136,27.1,3.84,36.0,88.0,1.56,-1.56,13.3,8.6,38.1,0.01,ARMED,,16.1
1791218930638,28.614411,77.284128,38.0,PETROL,31.58,14.9,5,1137,27.1,4.45,36.0,88.0,1.56,-1.56,13.3,0.0,38.2,0.02,ARMED,,16.5
1791218931577,28.614342,77.284059,38.0,PETROL,42.11,14.9,,994,20.4,1.38,34.0,88.0,0.00,-0.78,13.3,0.0,38.0,0.00,ARMED,,12.9
1791218932071,28.614268,77.283988,37.0,PETROL,33.87,21.6,4,1483,20.4,4.36,34.0,89.0,0.00,-0.78,13.3,9.1,37.0,0.00,ARMED,,16.9
1791218932615,28.614268,77.283988,38.0,PETROL,28.14,21.6,4,1470,20.4,5.18,34.0,89.0,0.00,-0.78,13.3,9.1,37.5,0.29,ARMED,,17.3
1791218933514,28.614190,77.283919,38.0,PETROL,26.39,22.0,4,1475,31.0,4.75,43.0,89.0,0.78,0.00,13.3,9.6,37.8,0.35,ARMED,,17.3
1791218934023,28.614110,77.283855,38.0,PETROL,24.36,21.6,4,1496,31.0,5.25,43.0,89.0,0.78,0.00,13.5,9.1,38.0,0.32,ARMED,,17.3
1791218934504,28.614110,77.283855,39.0,PETROL,24.39,21.6,4,1505,31.0,4.82,43.0,89.0,0.78,0.00,13.5,9.1,38.6,0.55,ARMED,,17.3
1791218935400,28.614039,77.283802,39.0,PETROL,23.29,21.2,4,1522,29.4,5.39,35.0,89.0,0.78,0.00,13.2,8.6,39.1,0.71,ARMED,,17.3
1791218935925,28.614039,77.283802,39.0,PETROL,23.91,21.2,4,1526,29.4,4.73,35.0,89.0,0.78,0.00,13.2,8.6,39.6,0.65,ARMED,,16.5
1791218936462,28.613958,77.283749,39.0,PETROL,24.56,21.2,4,1541,29.4,4.60,35.0,89.0,0.78,0.00,13.4,8.6,39.9,0.65,ARMED,,16.5
1791218937315,28.613872,77.283696,40.0,PETROL,25.66,20.8,4,1535,25.1,4.43,34.0,89.0,0.00,0.00,13.4,8.0,40.0,0.50,ARMED,,16.5
1791218937840,28.613872,77.283696,40.0,PETROL,28.24,20.8,4,1548,25.1,3.67,34.0,89.0,0.00,0.00,13.3,8.0,40.2,0.43,ARMED,,16.1
1791218938346,28.613789,77.283643,40.0,PETROL,29.77,20.8,4,1539,25.1,3.76,34.0,90.0,0.00,0.00,13.3,8.0,40.1,0.26,ARMED,,16.1
1791218939253,28.613709,77.283582,40.0,PETROL,30.03,20.8,4,1532,23.5,4.03,33.0,90.0,-0.78,0.00,13.3,8.0,40.0,0.10,ARMED,,16.5
1791218939760,28.613709,77.283582,40.0,PETROL,30.40,20.8,4,1550,23.5,3.96,33.0,90.0,-0.78,0.00,13.3,8.0,40.1,0.11,ARMED,,16.1
1791218940339,28.613623,77.283522,40.0,PETROL,30.63,20.8,4,1544,23.5,3.96,33.0,90.0,-0.78,0.00,13.4,8.0,40.1,0.08,ARMED,,16.5
1791218941249,28.613539,77.283471,39.0,PETROL,27.30,20.8,4,1530,30.2,5.03,42.0,90.0,0.78,0.00,13.4,8.0,39.8,-0.07,ARMED,,17.3
1791218941763,28.613539,77.283471,39.0,PETROL,25.72,14.9,4,1515,30.2,4.98,42.0,90.0,0.78,0.00,13.4,0.0,39.4,-0.30,ARMED,,17.6
1791218942295,28.613452,77.283405,39.0,PETROL,30.83,20.8,4,1503,30.2,2.67,42.0,90.0,0.78,0.00,13.4,8.0,39.0,-0.35,ARMED,,14.9
1791218943236,28.613373,77.283343,39.0,PETROL,26.01,20.8,4,1537,33.3,5.51,47.0,90.0,1.56,0.78,13.4,8.0,39.3,-0.10,ARMED,,17.6
1791218943754,28.613373,77.283343,39.0,PETROL,24.20,20.8,4,1485,33.3,5.29,47.0,90.0,1.56,0.78,13.4,8.0,38.6,-0.40,ARMED,,17.6
1791218944318,28.613293,77.283279,39.0,PETROL,22.94,20.8,4,1499,33.3,5.45,47.0,90.0,1.56,0.78,13.3,8.0,38.6,-0.35,ARMED,,17.6
1791218945176,28.613218,77.283216,39.0,PETROL,21.89,20.8,4,1505,33.3,5.70,48.0,90.0,0.78,0.78,13.3,8.0,38.7,-0.20,ARMED,,17.6
1791218945716,28.613218,77.283216,39.0,PETROL,22.10,21.2,4,1499,33.3,5.21,48.0,90.0,0.78,0.78,13.3,8.6,38.7,-0.14,ARMED,,17.6
1791218946255,28.613145,77.283148,39.0,PETROL,20.98,21.2,4,1508,33.3,5.99,48.0,90.0,0.78,0.78,13.3,8.6,38.8,-0.01,ARMED,,18.0
1791218947169,28.613069,77.283075,39.0,PETROL,20.56,21.2,4,1515,29.8,5.99,39.0,91.0,-0.78,0.00,13.4,8.6,39.0,0.04,ARMED,,18.0
1791218947663,28.613069,77.283075,39.0,PETROL,21.99,21.2,4,1528,29.8,4.87,39.0,91.0,-0.78,0.00,13.4,8.6,39.4,0.22,ARMED,,16.9
1791218948191,28.612989,77.282996,40.0,PETROL,23.68,21.2,4,1548,29.8,4.60,39.0,91.0,-0.78,0.00,13.2,8.6,39.7,0.37,ARMED,,16.9
1791218949262,28.612905,77.282921,40.0,PETROL,25.81,21.2,4,1547,26.7,4.12,35.0,91.0,-0.78,0.00,13.4,8.6,40.0,0.39,ARMED,,16.5
1791218949800,28.612905,77.282921,41.0,PETROL,27.39,21.2,4,1575,26.7,4.18,35.0,91.0,-0.78,0.00,13.4,8.6,40.6,0.46,ARMED,,16.5
1791218950298,28.612826,77.282847,40.0,PETROL,28.22,20.4,4,1572,26.7,4.15,35.0,90.0,-0.78,0.00,13.4,7.5,40.8,0.42,ARMED,,15.7
1791218951179,28.612750,77.282773,41.0,PETROL,32.14,14.9,4,1565,16.9,3.09,26.0,90.0,0.00,0.00,13.4,0.0,40.7,0.28,ARMED,,14.5
1791218951686,28.612750,77.282773,40.0,PETROL,36.06,14.9,4,1554,16.9,2.75,26.0,90.0,0.00,0.00,13.4,0.0,40.5,-0.02,ARMED,,14.9
1791218952225,28.612673,77.282701,39.0,PETROL,39.70,14.9,4,1530,16.9,2.52,26.0,90.0,0.00,0.00,13.4,0.0,40.0,-0.28,ARMED,,14.9
1791218953089,28.612596,77.282632,39.0,PETROL,65.66,14.9,4,1493,17.3,3.15,29.0,90.0,0.00,0.00,13.4,0.0,39.3,-0.65,ARMED,,14.5
1791218953659,28.612596,77.282632,37.0,PETROL,38.85,24.7,4,1439,17.3,4.79,29.0,90.0,0.00,0.00,13.4,13.4,37.7,-1.21,ARMED,,17.3
1791218954165,28.612520,77.282564,37.0,PETROL,23.93,24.7,4,1434,17.3,7.52,29.0,89.0,0.00,0.00,13.4,13.4,37.0,-1.21,ARMED,,19.2
1791218955170,28.612449,77.282499,37.0,PETROL,27.44,14.9,4,1449,18.4,3.23,26.0,89.0,0.00,-1.56,13.3,0.0,36.9,-0.88,ARMED,,14.9
1791218955684,28.612449,77.282499,37.0,PETROL,33.21,14.9,4,1429,18.4,2.34,26.0,89.0,0.00,-1.56,13.3,0.0,36.7,-0.55,ARMED,,14.5
1791218956243,28.612381,77.282434,35.0,PETROL,34.29,14.9,4,1375,18.4,2.99,26.0,89.0,0.00,-1.56,13.5,0.0,35.9,-0.80,ARMED,,14.1
1791218957133,28.612312,77.282380,34.0,PETROL,55.65,14.9,4,1304,18.0,2.29,29.0,88.0,0.00,0.00,13.5,0.0,34.7,-1.33,ARMED,,14.1
1791218957665,28.612312,77.282380,32.0,PETROL,53.46,14.9,4,1243,18.0,1.94,29.0,88.0,0.00,0.00,13.2,0.0,32.6,-1.85,ARMED,,13.7
1791218958186,28.612251,77.282327,31.0,PETROL,51.95,22.4,4,1218,18.0,1.90,29.0,88.0,0.00,0.00,13.2,10.2,31.5,-1.86,ARMED,,13.7
1791218959118,28.612188,77.282277,31.0,PETROL,27.56,23.9,4,1215,52.9,6.07,41.0,88.0,-3.13,1.56,13.5,12.3,30.9,-1.65,ARMED,,18.4
1791218959623,28.612188,77.282277,32.0,PETROL,23.59,20.8,4,1224,52.9,5.10,41.0,88.0,-3.13,1.56,13.5,8.0,30.9,-0.78,ARMED,,17.6
1791218960178,28.612126,77.282231,32.0,PETROL,22.62,20.0,4,1239,52.9,4.64,41.0,88.0,-3.13,1.56,13.4,7.0,31.2,-0.35,ARMED,,16.9
1791218961045,28.612056,77.282182,32.0,PETROL,28.21,14.9,4,1251,29.4,2.19,43.0,87.0,0.00,-0.78,13.4,0.0,31.7,0.02,ARMED,,14.1
1791218961540,28.612056,77.282182,32.0,PETROL,17.50,21.6,5,932,29.4,8.80,43.0,87.0,0.00,-0.78,13.2,9.1,32.0,0.00,ARMED,,20.4
1791218962031,28.611990,77.282135,32.0,PETROL,19.99,14.9,4,1139,29.4,3.86,43.0,87.0,0.00,-0.78,13.2,0.0,32.0,0.00,ARMED,,16.1
1791218962943,28.611925,77.282091,32.0,PETROL,24.36,14.9,4,1218,27.8,2.73,34.0,87.0,-0.78,-0.78,13.3,0.0,32.0,0.00,ARMED,,15.3
1791218963436,28.611925,77.282091,32.0,PETROL,25.78,14.9,5,1016,27.8,3.50,34.0,87.0,-0.78,-0.78,13.3,0.0,32.0,0.00,ARMED,,14.9
1791218964013,28.611859,77.282040,31.0,PETROL,26.79,14.9,5,961,27.8,3.36,34.0,87.0,-0.78,-0.78,13.4,0.0,31.5,-0.30,ARMED,,14.9
1791218964942,28.611859,77.282040,31.0,PETROL,27.50,14.9,5,922,33.7,3.29,39.0,87.0,0.78,-0.78,13.4,0.0,31.2,-0.35,ARMED,,14.9
1791218965497,28.611798,77.281995,31.0,PETROL,30.54,14.9,,808,33.7,2.57,39.0,87.0,0.78,-0.78,13.2,0.0,31.0,0.00,ARMED,,14.5
1791218965989,28.611735,77.281952,30.0,PETROL,33.18,14.9,5,803,33.7,2.38,39.0,87.0,0.78,-0.78,13.2,0.0,30.0,0.00,ARMED,,14.5
1791218966887,28.611735,77.281952,29.0,PETROL,34.42,14.9,5,806,34.9,2.41,33.0,87.0,0.78,-0.78,13.2,0.0,29.5,-0.28,ARMED,,14.5
1791218967370,28.611674,77.281904,27.0,PETROL,39.55,14.9,5,772,34.9,1.56,33.0,87.0,0.78,-0.78,13.2,0.0,27.8,-1.15,ARMED,,12.5
1791218967891,28.611674,77.281904,25.0,PETROL,39.42,14.9,5,734,34.9,1.94,33.0,87.0,0.78,-0.78,13.4,0.0,26.2,-1.76,ARMED,,12.5
1791218968951,28.611583,77.281839,22.0,PETROL,38.84,14.9,5,725,23.5,1.73,30.0,87.0,3.13,-0.78,13.3,0.0,23.7,-2.70,ARMED,,12.5
1791218969500,28.611583,77.281839,16.0,PETROL,36.07,14.9,,699,23.5,1.54,30.0,87.0,3.13,-0.78,13.4,0.0,16.0,0.00,ARMED,,12.5
1791218970008,28.611559,77.281815,12.0,PETROL,27.82,14.9,,697,23.5,2.07,30.0,87.0,3.13,-0.78,13.4,0.0,12.0,0.00,ARMED,,12.5
1791218970984,28.611546,77.281802,8.0,PETROL,25.87,14.9,,697,24.3,1.16,32.0,87.0,0.00,0.00,13.1,0.0,8.0,0.00,ARMED,,12.5
1791218971496,28.611546,77.281802,0.0,PETROL,14.05,14.9,0,689,24.3,2.05,32.0,88.0,0.00,0.00,13.1,0.0,0.0,0.00,ARMED,,12.9
1791218972075,28.611543,77.281806,0.0,PETROL,7.73,14.9,0,699,24.3,2.20,32.0,88.0,0.00,0.00,13.3,0.0,0.0,0.00,ARMED,,12.9
1791218972924,28.611543,77.281806,0.0,PETROL,,14.9,0,700,27.5,1.24,34.0,88.0,0.78,0.00,13.3,0.0,0.0,0.00,ARMED,,12.9
1791218973469,28.611544,77.281806,0.0,PETROL,,14.9,0,702,27.5,1.99,34.0,88.0,0.78,0.00,13.4,0.0,0.0,0.00,ARMED,,12.9
1791218973999,28.611544,77.281806,0.0,PETROL,,14.9,0,702,27.5,2.02,34.0,88.0,0.78,0.00,13.4,0.0,0.0,0.00,ARMED,,12.9
1791218974890,28.611545,77.281804,0.0,PETROL,,14.9,0,706,24.7,1.78,32.0,88.0,0.78,0.00,13.3,0.0,0.0,0.00,ARMED,,12.5
1791218975379,28.611547,77.281802,0.0,PETROL,,14.9,0,699,24.7,1.08,32.0,88.0,0.78,0.00,13.3,0.0,0.0,0.00,ARMED,,12.5
1791218975961,28.611547,77.281802,0.0,PETROL,,14.9,0,701,24.7,1.02,32.0,88.0,0.78,0.00,13.4,0.0,0.0,0.00,ARMED,,12.5
1791218976889,28.611547,77.281802,0.0,PETROL,,14.9,0,697,24.7,1.89,31.0,88.0,-0.78,0.00,13.4,0.0,0.0,0.00,ARMED,,12.5
1791218977421,28.611548,77.281802,0.0,PETROL,,14.9,0,696,24.7,2.20,31.0,88.0,-0.78,0.00,13.3,0.0,0.0,0.00,ARMED,,12.5
1791218977941,28.611548,77.281801,0.0,PETROL,,14.9,0,696,24.7,1.92,31.0,88.0,-0.78,0.00,13.3,0.0,0.0,0.00,ARMED,,12.5
1791218978906,28.611548,77.281801,0.0,PETROL,,14.9,0,700,24.7,0.98,38.0,88.0,-1.56,0.00,13.5,0.0,0.0,0.00,ARMED,,12.5
1791218979409,28.611549,77.281800,0.0,PETROL,,14.9,0,740,24.7,1.74,38.0,88.0,-1.56,0.00,13.5,0.0,0.0,0.00,ARMED,,13.7
1791218979929,28.611549,77.281800,0.0,PETROL,,14.9,0,763,24.7,2.86,38.0,88.0,-1.56,0.00,13.1,0.0,0.0,0.00,ARMED,,14.1
1791218980845,28.611548,77.281799,0.0,PETROL,,14.9,0,771,36.1,2.93,43.0,88.0,-2.34,0.00,13.1,0.0,0.0,0.00,ARMED,,14.1
1791218981404,28.611548,77.281800,0.0,PETROL,,14.9,0,788,36.1,3.33,43.0,88.0,-2.34,0.00,13.4,0.0,0.0,0.00,ARMED,,14.9
1791218981935,28.611549,77.281799,0.0,PETROL,,14.9,0,796,36.1,3.02,43.0,88.0,-2.34,0.00,13.4,0.0,0.0,0.00,ARMED,,14.9
1791218982872,28.611549,77.281799,0.0,PETROL,,14.9,0,804,38.0,2.45,43.0,88.0,0.78,-0.78,13.3,0.0,0.0,0.00,ARMED,,14.9
1791218983378,28.611550,77.281799,0.0,PETROL,,14.9,0,810,38.0,3.19,43.0,88.0,0.78,-0.78,13.3,0.0,0.0,0.00,ARMED,,14.9
1791218983934,28.611550,77.281799,0.0,PETROL,,14.9,0,819,38.0,3.27,43.0,88.0,0.78,-0.78,13.2,0.0,0.0,0.00,ARMED,,14.9
1791218984833,28.611550,77.281799,0.0,PETROL,,14.9,0,811,37.3,3.12,42.0,88.0,0.78,-0.78,13.2,0.0,0.0,0.00,ARMED,,14.9
1791218985342,28.611551,77.281799,0.0,PETROL,,14.9,0,819,37.3,2.49,42.0,88.0,0.78,-0.78,13.3,0.0,0.0,0.00,ARMED,,14.5
1791218985833,28.611551,77.281799,0.0,PETROL,,14.9,0,815,37.3,2.30,42.0,89.0,0.78,-0.78,13.3,0.0,0.0,0.00,ARMED,,14.5
1791218986726,28.611551,77.281799,0.0,PETROL,,14.9,0,814,36.5,3.09,42.0,89.0,0.78,-0.78,13.2,0.0,0.0,0.00,ARMED,,14.5
1791218987304,28.611551,77.281799,0.0,PETROL,,14.9,0,797,36.5,1.51,42.0,89.0,0.78,-0.78,13.2,0.0,0.0,0.00,ARMED,,12.9
1791218987857,28.611551,77.281799,0.0,PETROL,,14.9,0,760,36.5,1.17,42.0,89.0,0.78,-0.78,13.4,0.0,0.0,0.00,ARMED,,12.9
1791218988904,28.611551,77.281799,0.0,PETROL,,14.9,0,735,23.9,1.15,31.0,89.0,2.34,-0.78,13.2,0.0,0.0,0.00,ARMED,,12.5
1791218989438,28.611551,77.281799,0.0,PETROL,,14.9,0,711,23.9,1.03,31.0,89.0,2.34,-0.78,13.2,0.0,0.0,0.00,ARMED,,12.5
1791218989944,28.611551,77.281799,0.0,PETROL,,14.9,0,703,23.9,1.38,31.0,89.0,2.34,-0.78,13.2,0.0,0.0,0.00,ARMED,,12.5
1791218990852,28.611550,77.281799,0.0,PETROL,,14.9,0,704,25.1,1.68,32.0,89.0,0.00,-0.78,13.2,0.0,0.0,0.00,ARMED,,12.5
1791218991359,28.611550,77.281799,0.0,PETROL,,14.9,0,695,25.1,2.21,32.0,89.0,0.00,-0.78,13.2,0.0,0.0,0.00,ARMED,,12.5
1791218991952,28.611551,77.281799,0.0,PETROL,,14.9,0,701,25.1,1.61,32.0,89.0,0.00,-0.78,13.4,0.0,0.0,0.00,ARMED,,12.5
1791218992872,28.611551,77.281799,0.0,PETROL,,14.9,0,702,25.1,2.14,31.0,89.0,-1.56,-0.78,13.4,0.0,0.0,0.00,ARMED,,12.5
1791218993440,28.611551,77.281800,0.0,PETROL,,14.9,0,696,25.1,2.20,31.0,89.0,-1.56,-0.78,13.4,0.0,0.0,0.00,ARMED,,12.5
1791218993923,28.611551,77.281800,0.0,PETROL,,14.9,0,694,25.1,2.12,31.0,89.0,-1.56,-0.78,13.4,0.0,0.0,0.00,ARMED,,12.5
1791218994828,28.611551,77.281800,0.0,PETROL,,14.9,0,701,25.5,1.04,32.0,89.0,-1.56,-0.78,13.4,0.0,0.0,0.00,ARMED,,12.5
1791218995332,28.611551,77.281800,0.0,PETROL,,14.9,0,699,25.5,1.66,32.0,89.0,-1.56,-0.78,13.4,0.0,0.0,0.00,ARMED,,12.5
1791218995887,28.611551,77.281800,0.0,PETROL,,14.9,0,700,25.5,3.97,32.0,89.0,-1.56,-0.78,13.4,0.0,0.0,0.00,ARMED,,15.7
1791218996923,28.611551,77.281800,0.0,PETROL,,14.9,0,761,35.3,2.72,40.0,89.0,-1.56,-0.78,13.4,0.0,0.0,0.00,ARMED,,13.7
1791218997477,28.611551,77.281800,0.0,PETROL,,14.9,0,772,35.3,2.21,40.0,89.0,-1.56,-0.78,13.1,0.0,0.0,0.00,ARMED,,14.5
1791218997970,28.611551,77.281800,0.0,PETROL,,14.9,0,792,35.3,3.49,40.0,90.0,-1.56,-0.78,13.1,0.0,0.0,0.00,ARMED,,14.9
1791218998974,28.611551,77.281800,0.0,PETROL,,14.9,0,803,39.6,2.70,45.0,89.0,0.78,-0.78,13.2,0.0,0.0,0.00,ARMED,,14.9
1791218999569,28.611551,77.281800,0.0,PETROL,,14.9,0,823,39.6,2.68,45.0,89.0,0.78,-0.78,13.2,0.0,0.0,0.00,ARMED,,14.9
1791219000146,28.611551,77.281800,0.0,PETROL,,14.9,0,823,39.6,3.20,45.0,89.0,0.78,-0.78,13.3,0.0,0.0,0.00,ARMED,,14.9
1791219001027,28.611551,77.281801,0.0,PETROL,,14.9,0,830,38.4,3.45,44.0,90.0,1.56,-0.78,13.3,0.0,0.0,0.00,ARMED,,14.9
1791219001576,28.611551,77.281801,0.0,PETROL,,14.9,0,838,38.4,2.47,44.0,90.0,1.56,-0.78,13.3,0.0,0.0,0.00,ARMED,,14.9
1791219002123,28.611551,77.281801,0.0,PETROL,,14.9,0,835,38.4,3.01,44.0,90.0,1.56,-0.78,13.3,0.0,0.0,0.00,ARMED,,14.9
1791219003084,28.611551,77.281801,0.0,PETROL,,14.9,0,829,37.3,3.34,43.0,90.0,1.56,-0.78,13.4,0.0,0.0,0.00,ARMED,,14.9
1791219003581,28.611551,77.281801,0.0,PETROL,,14.9,0,823,37.3,3.12,43.0,90.0,1.56,-0.78,13.4,0.0,0.0,0.00,ARMED,,14.5
1791219004137,28.611551,77.281801,0.0,PETROL,,14.9,0,814,37.3,2.31,43.0,90.0,1.56,-0.78,13.2,0.0,0.0,0.00,ARMED,,12.9
1791219005035,28.611551,77.281801,0.0,PETROL,,14.9,0,752,22.7,1.07,30.0,90.0,2.34,-0.78,13.2,0.0,0.0,0.00,ARMED,,12.5
1791219005543,28.611551,77.281801,0.0,PETROL,,14.9,0,720,22.7,1.70,30.0,90.0,2.34,-0.78,13.1,0.0,0.0,0.00,ARMED,,12.9
1791219006032,28.611551,77.281801,0.0,PETROL,,14.9,0,709,22.7,1.18,30.0,90.0,2.34,-0.78,13.1,0.0,0.0,0.00,ARMED,,12.5
1791219006947,28.611551,77.281801,0.0,PETROL,,14.9,0,706,25.1,1.82,32.0,90.0,0.78,-0.78,13.1,0.0,0.0,0.00,ARMED,,12.5
1791219007428,28.611551,77.281801,0.0,PETROL,,14.9,0,699,25.1,2.12,32.0,90.0,0.78,-0.78,13.1,0.0,0.0,0.00,ARMED,,12.5
1791219007962,28.611552,77.281801,0.0,PETROL,,14.9,0,701,25.1,1.84,32.0,90.0,0.78,-0.78,13.4,0.0,0.0,0.00,ARMED,,12.5
1791219009022,28.611552,77.281801,0.0,PETROL,,14.9,0,697,25.1,2.18,32.0,90.0,-0.78,-0.78,13.3,0.0,0.0,0.00,ARMED,,12.5
1791219009582,28.611552,77.281801,0.0,PETROL,,14.9,0,695,25.1,1.51,32.0,90.0,-0.78,-0.78,13.4,0.0,0.0,0.00,ARMED,,12.5
1791219010066,28.611552,77.281801,0.0,PETROL,,14.9,0,699,25.1,1.09,32.0,90.0,-0.78,-0.78,13.4,0.0,0.0,0.00,ARMED,,12.5
1791219011000,28.611552,77.281801,0.0,PETROL,,14.9,0,697,25.5,2.13,31.0,90.0,-0.78,-0.78,13.3,0.0,0.0,0.00,ARMED,,12.5
1791219011538,28.611552,77.281801,0.0,PETROL,,14.9,0,699,25.5,1.70,31.0,90.0,-0.78,-0.78,13.3,0.0,0.0,0.00,ARMED,,12.5
1791219012072,28.611552,77.281801,0.0,PETROL,,14.9,0,702,25.5,1.16,31.0,90.0,-0.78,-0.78,13.3,0.0,0.0,0.00,ARMED,,12.5
1791219012952,28.611552,77.281801,0.0,PETROL,,14.9,0,703,25.5,1.05,32.0,90.0,-1.56,-1.56,13.3,0.0,0.0,0.00,ARMED,,12.5
1791219013516,28.611552,77.281801,0.0,PETROL,,14.9,0,701,25.5,2.24,32.0,90.0,-1.56,-1.56,13.2,0.0,0.0,0.00,ARMED,,12.5
1791219014024,28.611552,77.281801,0.0,PETROL,,14.9,0,698,25.5,2.18,32.0,90.0,-1.56,-1.56,13.2,0.0,0.0,0.00,ARMED,,12.9
1791219014939,28.611552,77.281801,0.0,PETROL,,14.9,0,697,25.5,1.25,32.0,90.0,0.00,-1.56,13.5,0.0,0.0,0.00,ARMED,,12.5
1791219015524,28.611552,77.281801,0.0,PETROL,,14.9,0,703,25.5,1.17,32.0,90.0,0.00,-1.56,13.5,0.0,0.0,0.00,ARMED,,12.5
1791219016076,28.611552,77.281802,0.0,PETROL,,14.9,0,746,25.5,1.71,32.0,90.0,0.00,-1.56,13.3,0.0,0.0,0.00,ARMED,,13.7
1791219016931,28.611552,77.281802,0.0,PETROL,,14.9,0,766,36.9,2.33,42.0,90.0,-0.78,-1.56,13.3,0.0,0.0,0.00,ARMED,,14.5
1791219017454,28.611552,77.281802,0.0,PETROL,,14.9,0,786,36.9,2.44,42.0,90.0,-0.78,-1.56,13.1,0.0,0.0,0.00,ARMED,,14.9
1791219018000,28.611552,77.281802,0.0,PETROL,,14.9,0,802,36.9,2.48,42.0,90.0,-0.78,-1.56,13.1,0.0,0.0,0.00,ARMED,,14.9
1791219018864,28.611552,77.281802,0.0,PETROL,,14.9,0,810,39.2,3.43,45.0,90.0,1.56,-1.56,13.2,0.0,0.0,0.00,ARMED,,14.9
1791219019436,28.611552,77.281802,0.0,PETROL,,14.9,0,824,39.2,3.44,45.0,89.0,1.56,-1.56,13.2,0.0,0.0,0.00,ARMED,,14.9
1791219020056,28.611552,77.281802,0.0,PETROL,,14.9,0,827,39.2,2.76,45.0,89.0,1.56,-1.56,13.4,0.0,0.0,0.00,ARMED,,14.9
1791219021004,28.611552,77.281802,0.0,PETROL,,14.9,0,833,37.6,3.44,43.0,89.0,2.34,-1.56,13.4,0.0,0.0,0.00,ARMED,,14.9
1791219021537,28.611552,77.281802,0.0,PETROL,,14.9,0,827,37.6,3.36,43.0,89.0,2.34,-1.56,13.2,0.0,0.0,0.00,ARMED,,14.9
1791219022023,28.611552,77.281802,0.0,PETROL,,14.9,0,822,37.6,2.31,43.0,89.0,2.34,-1.56,13.2,0.0,0.0,0.00,ARMED,,14.9
1791219022935,28.611552,77.281802,0.0,PETROL,,14.9,0,829,36.9,3.34,42.0,89.0,2.34,-1.56,13.3,0.0,0.0,0.00,ARMED,,14.9
1791219023432,28.611552,77.281802,0.0,PETROL,,14.9,0,819,36.9,1.40,42.0,89.0,2.34,-1.56,13.3,0.0,0.0,0.00,ARMED,,11.8
1791219023953,28.611552,77.281802,0.0,PETROL,,14.9,0,791,36.9,1.80,42.0,89.0,2.34,-1.56,13.4,0.0,0.0,0.00,ARMED,,12.5
1791219024826,28.611552,77.281802,0.0,PETROL,,14.9,0,750,23.1,1.88,31.0,89.0,3.13,-1.56,13.4,0.0,0.0,0.00,ARMED,,12.9
1791219025383,28.611552,77.281802,0.0,PETROL,,14.9,0,718,23.1,1.04,31.0,89.0,3.13,-1.56,13.3,0.0,0.0,0.00,ARMED,,12.5
1791219025883,28.611552,77.281802,0.0,PETROL,,14.9,0,704,23.1,1.03,31.0,89.0,3.13,-1.56,13.3,0.0,0.0,0.00,ARMED,,12.5
1791219026769,28.611552,77.281802,0.0,PETROL,,14.9,0,699,25.1,1.02,31.0,89.0,0.78,-1.56,13.4,0.0,0.0,0.00,ARMED,,12.5
1791219027253,28.611552,77.281802,0.0,PETROL,,14.9,0,698,25.1,2.04,31.0,89.0,0.78,-1.56,13.4,0.0,0.0,0.00,ARMED,,12.5
1791219027779,28.611552,77.281802,0.0,PETROL,,14.9,0,694,25.1,2.06,31.0,89.0,0.78,-1.56,13.4,0.0,0.0,0.00,ARMED,,12.5
1791219028895,28.611552,77.281802,0.0,PETROL,,14.9,0,694,25.1,1.80,32.0,89.0,-0.78,-1.56,13.3,0.0,0.0,0.00,ARMED,,12.5
1791219029475,28.611552,77.281802,0.0,PETROL,,14.9,0,699,25.1,1.51,32.0,89.0,-0.78,-1.56,13.3,0.0,0.0,0.00,ARMED,,12.9
1791219029973,28.611552,77.281802,0.0,PETROL,,14.9,0,699,25.1,1.98,32.0,89.0,-0.78,-1.56,13.3,0.0,0.0,0.00,ARMED,,12.5
1791219030895,28.611552,77.281802,0.0,PETROL,,14.9,0,693,25.5,1.03,31.0,89.0,-0.78,-1.56,13.2,0.0,0.0,0.00,ARMED,,12.5
1791219031397,28.611552,77.281802,0.0,PETROL,,14.9,0,699,25.5,2.23,31.0,89.0,-0.78,-1.56,13.2,0.0,0.0,0.00,ARMED,,12.5
1791219031898,28.611552,77.281802,0.0,PETROL,,14.9,0,692,25.5,1.01,31.0,89.0,-0.78,-1.56,13.4,0.0,0.0,0.00,ARMED,,12.5
1791219032757,28.611552,77.281802,0.0,PETROL,,14.9,0,694,25.9,1.09,31.0,89.0,-0.78,-1.56,13.4,0.0,0.0,0.00,ARMED,,12.5
1791219033314,28.611552,77.281802,0.0,PETROL,,14.9,0,697,25.9,1.76,31.0,89.0,-0.78,-1.56,13.5,0.0,0.0,0.00,ARMED,,12.5
1791219033876,28.611552,77.281802,0.0,PETROL,,14.9,0,704,25.9,2.81,31.0,89.0,-0.78,-1.56,13.5,0.0,0.0,0.00,ARMED,,14.1
1791219034802,28.611552,77.281802,0.0,PETROL,,14.9,0,766,36.1,3.15,40.0,89.0,-0.78,-1.56,13.1,0.0,0.0,0.00,ARMED,,14.5
1791219035301,28.611551,77.281801,0.0,PETROL,,14.9,0,776,36.1,3.34,40.0,89.0,-0.78,-1.56,13.1,0.0,0.0,0.00,ARMED,,14.5
1791219035822,28.611551,77.281801,0.0,PETROL,,14.9,0,793,36.1,2.82,40.0,89.0,-0.78,-1.56,13.3,0.0,0.0,0.00,ARMED,,14.9
1791219036714,28.611551,77.281801,0.0,PETROL,,14.9,0,808,39.6,3.56,44.0,89.0,0.78,-1.56,13.3,0.0,0.0,0.00,ARMED,,14.9
1791219037362,28.611551,77.281801,0.0,PETROL,,14.9,0,821,39.6,2.39,44.0,89.0,0.78,-1.56,13.4,0.0,0.0,0.00,ARMED,,14.9
1791219037869,28.611551,77.281801,0.0,PETROL,,14.9,0,831,39.6,3.46,44.0,89.0,0.78,-1.56,13.4,0.0,0.0,0.00,ARMED,,14.9
1791219038845,28.611551,77.281801,0.0,PETROL,,14.9,0,833,38.4,3.12,43.0,89.0,2.34,-1.56,13.1,0.0,0.0,0.00,ARMED,,14.9
1791219039373,28.611551,77.281801,0.0,PETROL,,14.9,0,837,38.4,2.36,43.0,89.0,2.34,-1.56,13.1,0.0,0.0,0.00,ARMED,,14.9
1791219039941,28.611551,77.281801,0.0,PETROL,,14.9,0,834,38.4,3.34,43.0,89.0,2.34,-1.56,13.3,0.0,0.0,0.00,ARMED,,14.9
1791219040827,28.611551,77.281801,0.0,PETROL,,14.9,0,831,37.3,3.36,43.0,89.0,2.34,-1.56,13.3,0.0,0.0,0.00,ARMED,,14.9
1791219041418,28.611551,77.281801,0.0,PETROL,,14.9,0,829,37.3,3.10,43.0,89.0,2.34,-1.56,13.2,0.0,0.0,0.00,ARMED,,14.9
1791219041996,28.611551,77.281801,0.0,PETROL,,14.9,0,805,37.3,2.23,43.0,89.0,2.34,-1.56,13.2,0.0,0.0,0.00,ARMED,,12.9
1791219042967,28.611552,77.281801,0.0,PETROL,,14.9,0,742,23.5,1.93,32.0,89.0,3.13,-1.56,13.3,0.0,0.0,0.00,ARMED,,12.5
1791219043487,28.611552,77.281801,0.0,PETROL,,14.9,0,713,23.5,2.23,32.0,89.0,3.13,-1.56,13.3,0.0,0.0,0.00,ARMED,,12.5
1791219044108,28.611552,77.281801,0.0,PETROL,,14.9,0,704,23.5,1.98,32.0,89.0,3.13,-1.56,13.3,0.0,0.0,0.00,ARMED,,12.5
1791219045000,28.611552,77.281801,0.0,PETROL,,14.9,0,695,25.1,2.05,32.0,89.0,0.78,-1.56,13.3,0.0,0.0,0.00,ARMED,,12.5
1791219045514,28.611552,77.281801,0.0,PETROL,,14.9,0,701,25.1,2.02,32.0,89.0,0.78,-1.56,13.3,0.0,0.0,0.00,ARMED,,12.5
1791219046038,28.611552,77.281801,0.0,PETROL,,14.9,0,700,25.1,1.74,32.0,89.0,0.78,-1.56,13.3,0.0,0.0,0.00,ARMED,,12.5
1791219046978,28.611552,77.281801,0.0,PETROL,,14.9,0,703,25.5,1.05,31.0,89.0,0.00,-1.56,13.4,0.0,0.0,0.00,ARMED,,12.5
1791219047502,28.611552,77.281801,0.0,PETROL,,14.9,0,694,25.5,1.09,31.0,89.0,0.00,-1.56,13.4,0.0,0.0,0.00,ARMED,,12.9
1791219048074,28.611552,77.281801,0.0,PETROL,,14.9,0,696,25.5,1.02,31.0,89.0,0.00,-1.56,13.4,0.0,0.0,0.00,ARMED,,12.5
1791219049144,28.611552,77.281801,0.0,PETROL,,14.9,0,696,25.9,1.78,31.0,89.0,-0.78,-1.56,13.4,0.0,0.0,0.00,ARMED,,12.5
1791219049663,28.611552,77.281801,0.0,PETROL,,14.9,0,702,25.9,1.51,31.0,89.0,-0.78,-1.56,13.2,0.0,0.0,0.00,ARMED,,12.5
1791219050245,28.611552,77.281801,0.0,PETROL,,14.9,0,697,25.9,1.64,31.0,89.0,-0.78,-1.56,13.2,0.0,0.0,0.00,ARMED,,12.9
1791219051175,28.611552,77.281801,0.0,PETROL,,14.9,0,695,25.9,1.62,31.0,89.0,-0.78,-1.56,13.3,0.0,0.0,0.00,ARMED,,12.9
1791219051741,28.611552,77.281801,0.0,PETROL,,14.9,0,703,25.9,2.02,31.0,89.0,-0.78,-1.56,13.3,0.0,0.0,0.00,ARMED,,12.9
1791219052302,28.611552,77.281801,0.0,PETROL,,14.9,0,700,25.9,1.56,31.0,89.0,-0.78,-1.56,13.4,0.0,0.0,0.00,ARMED,,12.5
1791219053208,28.611552,77.281801,0.0,PETROL,,14.9,0,734,36.5,1.83,42.0,88.0,-1.56,-2.34,13.4,0.0,0.0,0.00,ARMED,,14.1
1791219053747,28.611552,77.281801,0.0,PETROL,,14.9,0,772,36.5,2.28,42.0,88.0,-1.56,-2.34,13.1,0.0,0.0,0.00,ARMED,,14.5
1791219054286,28.611552,77.281801,0.0,PETROL,,14.9,0,790,36.5,2.49,42.0,88.0,-1.56,-2.34,13.1,0.0,0.0,0.00,ARMED,,15.3
1791219055272,28.611552,77.281801,0.0,PETROL,,14.9,0,803,40.8,3.52,44.0,88.0,0.78,-2.34,13.2,0.0,0.0,0.00,ARMED,,14.9
1791219055812,28.611552,77.281801,0.0,PETROL,,14.9,0,819,40.8,3.59,44.0,88.0,0.78,-2.34,13.2,0.0,0.0,0.00,ARMED,,15.3
1791219056406,28.611552,77.281801,0.0,PETROL,,14.9,0,826,40.8,2.60,44.0,88.0,0.78,-2.34,13.4,0.0,0.0,0.00,ARMED,,14.9
1791219057270,28.611552,77.281801,0.0,PETROL,,14.9,0,834,39.2,2.67,45.0,88.0,2.34,-2.34,13.4,0.0,0.0,0.00,ARMED,,14.9
1791219057836,28.611552,77.281801,0.0,PETROL,,14.9,0,828,39.2,2.66,45.0,88.0,2.34,-2.34,13.3,0.0,0.0,0.00,ARMED,,14.9
1791219058348,28.611552,77.281801,0.0,PETROL,,14.9,0,836,39.2,3.39,45.0,88.0,2.34,-2.34,13.3,0.0,0.0,0.00,ARMED,,14.9
1791219059273,28.611552,77.281801,0.0,PETROL,,14.9,0,835,38.0,2.97,44.0,88.0,1.56,-2.34,13.4,0.0,0.0,0.00,ARMED,,14.9
1791219059787,28.611552,77.281801,0.0,PETROL,,14.9,0,831,38.0,2.34,44.0,88.0,1.56,-2.34,13.4,0.0,0.0,0.00,ARMED,,14.9
1791219060378,28.611552,77.281801,0.0,PETROL,,14.9,0,802,38.0,1.08,44.0,88.0,1.56,-2.34,13.4,0.0,0.0,0.00,ARMED,,12.5
1791219061264,28.611552,77.281801,0.0,PETROL,,14.9,0,772,23.1,2.01,31.0,88.0,2.34,-2.34,13.4,0.0,0.0,0.00,ARMED,,12.9
1791219061798,28.611552,77.281801,0.0,PETROL,,14.9,0,719,23.1,1.59,31.0,88.0,2.34,-2.34,13.4,0.0,0.0,0.00,ARMED,,12.9
1791219062335,28.611552,77.281801,0.0,PETROL,,14.9,0,715,23.1,1.21,31.0,88.0,2.34,-2.34,13.4,0.0,0.0,0.00,ARMED,,12.5
1791219063288,28.611552,77.281801,0.0,PETROL,,14.9,0,707,25.1,2.18,31.0,88.0,0.78,-2.34,13.4,0.0,0.0,0.00,ARMED,,12.5
1791219063813,28.611552,77.281801,0.0,PETROL,,14.9,0,705,25.1,2.25,31.0,88.0,0.78,-2.34,13.4,0.0,0.0,0.00,ARMED,,12.5
1791219064379,28.611552,77.281801,0.0,PETROL,,14.9,0,699,25.1,2.19,31.0,88.0,0.78,-2.34,13.4,0.0,0.0,0.00,ARMED,,12.5
1791219065312,28.611552,77.281801,0.0,PETROL,,14.9,0,701,25.5,1.97,32.0,89.0,0.00,-1.56,13.4,0.0,0.0,0.00,ARMED,,12.5
1791219065838,28.611552,77.281801,0.0,PETROL,,14.9,0,701,25.5,2.26,32.0,89.0,0.00,-1.56,13.3,0.0,0.0,0.00,ARMED,,12.5
1791219066334,28.611552,77.281801,0.0,PETROL,,14.9,0,695,25.5,1.87,32.0,88.0,0.00,-1.56,13.3,0.0,0.0,0.00,ARMED,,12.9
1791219067302,28.611552,77.281801,0.0,PETROL,,14.9,0,699,25.9,1.32,32.0,89.0,0.00,-1.56,13.2,0.0,0.0,0.00,ARMED,,12.5
1791219067815,28.611552,77.281801,0.0,PETROL,,14.9,0,699,25.9,1.11,32.0,89.0,0.00,-1.56,13.2,0.0,0.0,0.00,ARMED,,12.9
1791219068397,28.611552,77.281801,0.0,PETROL,,14.9,0,698,25.9,1.19,32.0,89.0,0.00,-1.56,13.2,0.0,0.0,0.00,ARMED,,12.5
1791219069455,28.611552,77.281801,0.0,PETROL,,14.9,0,696,25.5,2.24,31.0,88.0,-0.78,-1.56,13.3,0.0,0.0,0.00,ARMED,,12.5
1791219069971,28.611552,77.281801,0.0,PETROL,,14.9,0,698,25.5,2.17,31.0,88.0,-0.78,-1.56,13.4,0.0,0.0,0.00,ARMED,,12.9
1791219070457,28.611552,77.281801,0.0,PETROL,,14.9,0,711,25.5,2.72,31.0,88.0,-0.78,-1.56,13.4,0.0,0.0,0.00,ARMED,,14.1
1791219071386,28.611552,77.281801,0.0,PETROL,,14.9,0,763,37.3,3.09,41.0,88.0,-1.56,-1.56,13.1,0.0,0.0,0.00,ARMED,,15.3
1791219071899,28.611552,77.281801,0.0,PETROL,,14.9,0,777,37.3,2.34,41.0,88.0,-1.56,-1.56,13.1,0.0,0.0,0.00,ARMED,,14.9
1791219072403,28.611552,77.281801,0.0,PETROL,,14.9,0,793,37.3,3.17,41.0,88.0,-1.56,-1.56,13.3,0.0,0.0,0.00,ARMED,,15.3
1791219073287,28.611552,77.281801,0.0,PETROL,,14.9,0,811,40.4,2.57,45.0,88.0,0.78,-1.56,13.3,0.0,0.0,0.00,ARMED,,14.9
1791219073828,28.611552,77.281801,0.0,PETROL,,14.9,0,819,40.4,3.35,45.0,88.0,0.78,-1.56,13.2,0.0,0.0,0.00,ARMED,,14.9
1791219074344,28.611552,77.281801,0.0,PETROL,,14.9,0,830,40.4,3.50,45.0,88.0,0.78,-1.56,13.2,0.0,0.0,0.00,ARMED,,14.9
1791219075300,28.611552,77.281801,0.0,PETROL,,14.9,0,832,39.2,2.53,45.0,88.0,1.56,-1.56,13.4,0.0,0.0,0.00,ARMED,,14.9
1791219075867,28.611552,77.281801,0.0,PETROL,,14.9,0,838,39.2,3.36,45.0,88.0,1.56,-1.56,13.4,0.0,0.0,0.00,ARMED,,14.9
1791219076400,28.611552,77.281801,0.0,PETROL,,14.9,0,839,39.2,2.55,45.0,88.0,1.56,-1.56,13.4,0.0,0.0,0.00,ARMED,,14.9
1791219077331,28.611552,77.281801,0.0,PETROL,,14.9,0,831,38.0,2.78,44.0,88.0,0.78,-1.56,13.4,0.0,0.0,0.00,ARMED,,14.9
1791219077856,28.611552,77.281801,0.0,PETROL,,14.9,0,829,38.0,2.43,44.0,88.0,0.78,-1.56,13.4,0.0,0.0,0.00,ARMED,,14.9
1791219078377,28.611552,77.281801,0.0,PETROL,,14.9,0,810,38.0,1.26,44.0,88.0,0.78,-1.56,13.4,0.0,0.0,0.00,ARMED,,12.9
1791219079364,28.611552,77.281801,0.0,PETROL,,14.9,0,773,22.7,1.79,30.0,88.0,2.34,-1.56,13.3,0.0,0.0,0.00,ARMED,,12.9
1791219079956,28.611552,77.281801,0.0,PETROL,,14.9,0,718,22.7,2.16,30.0,88.0,2.34,-1.56,13.3,0.0,0.0,0.00,ARMED,,12.9
1791219080504,28.611552,77.281801,0.0,PETROL,,14.9,0,714,22.7,2.16,30.0,88.0,2.34,-1.56,13.3,0.0,0.0,0.00,ARMED,,12.9
1791219081492,28.611552,77.281801,0.0,PETROL,,14.9,0,704,25.1,2.13,32.0,89.0,1.56,-1.56,13.3,0.0,0.0,0.00,ARMED,,12.5
1791219082066,28.611552,77.281801,0.0,PETROL,,14.9,0,706,25.1,1.58,32.0,89.0,1.56,-1.56,13.5,0.0,0.0,0.00,ARMED,,12.9
1791219082603,28.611552,77.281801,0.0,PETROL,,14.9,0,699,25.1,1.35,32.0,89.0,1.56,-1.56,13.5,0.0,0.0,0.00,ARMED,,12.9
1791219083524,28.611552,77.281801,0.0,PETROL,,14.9,0,697,25.5,1.37,31.0,89.0,0.00,-1.56,13.4,0.0,0.0,0.00,ARMED,,12.9
1791219084062,28.611552,77.281801,0.0,PETROL,,14.9,0,700,25.5,1.14,31.0,89.0,0.00,-1.56,13.4,0.0,0.0,0.00,ARMED,,12.9
1791219084624,28.611552,77.281801,0.0,PETROL,,14.9,0,701,25.5,1.24,31.0,89.0,0.00,-1.56,13.4,0.0,0.0,0.00,ARMED,,12.5
1791219085521,28.611552,77.281801,0.0,PETROL,,14.9,0,701,25.9,1.87,32.0,89.0,-0.78,-1.56,13.4,0.0,0.0,0.00,ARMED,,12.5
1791219086091,28.611552,77.281801,0.0,PETROL,,14.9,0,698,25.9,1.03,32.0,89.0,-0.78,-1.56,13.4,0.0,0.0,0.00,ARMED,,12.5
1791219086587,28.611552,77.281801,0.0,PETROL,,14.9,0,695,25.9,1.69,32.0,89.0,-0.78,-1.56,13.4,0.0,0.0,0.00,ARMED,,12.9
1791219087548,28.611552,77.281801,0.0,PETROL,,14.9,0,698,25.9,1.07,31.0,89.0,0.00,-1.56,13.3,0.0,0.0,0.00,ARMED,,12.9
1791219088030,28.611552,77.281801,0.0,PETROL,,14.9,0,699,25.9,1.99,31.0,89.0,0.00,-1.56,13.3,0.0,0.0,0.00,ARMED,,12.5
1791219088606,28.611552,77.281801,0.0,PETROL,,14.9,0,700,25.9,2.14,31.0,89.0,0.00,-1.56,13.5,0.0,0.0,0.00,ARMED,,12.5
1791219089659,28.611552,77.281801,0.0,PETROL,,14.9,0,746,36.5,2.79,41.0,88.0,-1.56,-1.56,12.8,0.0,0.0,0.00,ARMED,,13.7
1791219090186,28.611552,77.281801,0.0,PETROL,,14.9,0,781,36.5,2.46,41.0,88.0,-1.56,-1.56,13.2,0.0,0.0,0.00,ARMED,,14.9
1791219090702,28.611552,77.281801,0.0,PETROL,,14.9,0,794,36.5,3.61,41.0,88.0,-1.56,-1.56,13.2,0.0,0.0,0.00,ARMED,,15.3
1791219091574,28.611552,77.281801,0.0,PETROL,,14.9,0,809,40.8,3.53,46.0,88.0,0.78,-1.56,13.2,0.0,0.0,0.00,ARMED,,15.3
1791219092064,28.611552,77.281801,0.0,PETROL,,14.9,0,822,40.8,3.47,46.0,89.0,0.78,-1.56,13.2,0.0,0.0,0.00,ARMED,,15.3
1791219092597,28.611552,77.281801,0.0,PETROL,,14.9,0,830,40.8,2.98,46.0,89.0,0.78,-1.56,13.2,0.0,0.0,0.00,ARMED,,14.9
1791219093516,28.611552,77.281801,0.0,PETROL,,14.9,0,838,39.2,3.44,44.0,89.0,1.56,-1.56,13.2,0.0,0.0,0.00,ARMED,,15.3
1791219094050,28.611552,77.281801,0.0,PETROL,,14.9,0,841,39.2,2.58,44.0,89.0,1.56,-1.56,13.4,0.0,0.0,0.00,ARMED,,14.9
1791219094612,28.611552,77.281801,0.0,PETROL,,14.9,0,839,39.2,2.84,44.0,89.0,1.56,-1.56,13.4,0.0,0.0,0.00,ARMED,,14.9
1791219095548,28.611552,77.281801,0.0,PETROL,,14.9,0,840,38.0,2.42,44.0,89.0,1.56,-1.56,13.3,0.0,0.0,0.00,ARMED,,14.9
1791219096087,28.611552,77.281801,0.0,PETROL,,14.9,0,836,38.0,2.49,44.0,89.0,1.56,-1.56,13.3,0.0,0.0,0.00,ARMED,,14.9
1791219096595,28.611552,77.281801,0.0,PETROL,,14.9,0,806,38.0,1.60,44.0,89.0,1.56,-1.56,13.4,0.0,0.0,0.00,ARMED,,11.8
1791219097479,28.611552,77.281801,0.0,PETROL,,14.9,0,781,22.7,2.17,31.0,89.0,1.56,-1.56,13.4,0.0,0.0,0.00,ARMED,,12.9
1791219098032,28.611552,77.281801,0.0,PETROL,,14.9,0,726,22.7,2.17,31.0,89.0,1.56,-1.56,13.3,0.0,0.0,0.00,ARMED,,12.9
1791219098536,28.611552,77.281801,0.0,PETROL,,14.9,0,707,22.7,2.13,31.0,89.0,1.56,-1.56,13.3,0.0,0.0,0.00,ARMED,,12.5
1791219099429,28.611552,77.281801,0.0,PETROL,,14.9,0,705,25.1,2.19,31.0,89.0,1.56,-1.56,13.3,0.0,0.0,0.00,ARMED,,12.5
1791219099970,28.611552,77.281801,0.0,PETROL,,14.9,0,698,25.1,1.10,31.0,89.0,1.56,-1.56,13.3,0.0,0.0,0.00,ARMED,,12.5
1791219100504,28.611552,77.281801,0.0,PETROL,,14.9,0,698,25.1,1.07,31.0,89.0,1.56,-1.56,13.4,0.0,0.0,0.00,ARMED,,12.5
1791219101461,28.611552,77.281801,0.0,PETROL,,14.9,0,697,25.5,1.00,31.0,89.0,-0.78,-1.56,13.4,0.0,0.0,0.00,ARMED,,12.5
1791219101992,28.611552,77.281801,0.0,PETROL,,14.9,0,695,25.5,1.95,31.0,89.0,-0.78,-1.56,13.3,0.0,0.0,0.00,ARMED,,12.9
1791219102543,28.611552,77.281801,0.0,PETROL,,14.9,0,697,25.5,0.98,31.0,89.0,-0.78,-1.56,13.3,0.0,0.0,0.00,ARMED,,12.5
1791219103500,28.611552,77.281801,0.0,PETROL,,14.9,0,701,25.9,1.48,32.0,89.0,-0.78,-1.56,13.2,0.0,0.0,0.00,ARMED,,12.9
1791219104032,28.611552,77.281801,0.0,PETROL,,14.9,0,696,25.9,1.03,32.0,89.0,-0.78,-1.56,13.2,0.0,0.0,0.00,ARMED,,12.5
1791219104555,28.611552,77.281801,0.0,PETROL,,14.9,0,692,25.9,2.06,32.0,89.0,-0.78,-1.56,13.4,0.0,0.0,0.00,ARMED,,12.5
1791219105473,28.611552,77.281801,0.0,PETROL,,14.9,0,699,25.9,1.08,32.0,89.0,-0.78,-2.34,13.4,0.0,0.0,0.00,ARMED,,12.9
1791219106004,28.611552,77.281801,0.0,PETROL,,14.9,0,700,25.9,2.25,32.0,89.0,-0.78,-2.34,13.5,0.0,0.0,0.00,ARMED,,12.5
1791219106531,28.611552,77.281801,0.0,PETROL,,14.9,0,710,25.9,2.81,32.0,89.0,-0.78,-2.34,13.5,0.0,0.0,0.00,ARMED,,14.5
1791219107413,28.611552,77.281801,0.0,PETROL,,14.9,0,771,36.5,2.50,40.0,89.0,-2.34,-2.34,13.1,0.0,0.0,0.00,ARMED,,13.7
1791219107893,28.611552,77.281801,0.0,PETROL,,14.9,0,780,36.5,3.01,40.0,89.0,-2.34,-2.34,13.1,0.0,0.0,0.00,ARMED,,14.9
1791219108435,28.611552,77.281801,0.0,PETROL,,14.9,0,795,36.5,2.54,40.0,89.0,-2.34,-2.34,13.3,0.0,0.0,0.00,ARMED,,15.3
1791219109513,28.611552,77.281801,0.0,PETROL,,14.9,0,806,41.2,3.63,44.0,89.0,0.78,-2.34,13.2,0.0,0.0,0.00,ARMED,,15.3
1791219110031,28.611552,77.281801,0.0,PETROL,,14.9,0,835,41.2,2.51,44.0,89.0,0.78,-2.34,13.4,0.0,0.0,0.00,ARMED,,15.3
1791219110579,28.611552,77.281801,0.0,PETROL,,14.9,0,832,41.2,3.50,44.0,89.0,0.78,-2.34,13.4,0.0,0.0,0.00,ARMED,,15.3
1791219111481,28.611552,77.281801,0.0,PETROL,,14.9,0,841,39.2,2.70,44.0,89.0,1.56,-2.34,13.3,0.0,0.0,0.00,ARMED,,15.3
1791219111965,28.611552,77.281801,0.0,PETROL,,14.9,0,836,39.2,2.54,44.0,89.0,1.56,-2.34,13.3,0.0,0.0,0.00,ARMED,,14.9
1791219112475,28.611552,77.281801,0.0,PETROL,,14.9,0,838,39.2,2.91,44.0,89.0,1.56,-2.34,13.3,0.0,0.0,0.00,ARMED,,14.9
1791219113357,28.611552,77.281801,0.0,PETROL,,14.9,0,839,38.4,2.48,43.0,89.0,1.56,-2.34,13.3,0.0,0.0,0.00,ARMED,,14.9
1791219113894,28.611552,77.281801,0.0,PETROL,,14.9,0,827,38.4,2.58,43.0,89.0,1.56,-2.34,13.3,0.0,0.0,0.00,ARMED,,14.9
1791219114380,28.611552,77.281801,0.0,PETROL,,14.9,0,817,38.4,1.80,43.0,89.0,1.56,-2.34,13.3,0.0,0.0,0.00,ARMED,,12.5
1791219115296,28.611552,77.281801,0.0,PETROL,,14.9,0,784,22.4,1.67,30.0,89.0,1.56,-2.34,13.4,0.0,0.0,0.00,ARMED,,12.5
1791219115838,28.611552,77.281801,0.0,PETROL,,14.9,0,721,22.4,1.84,30.0,89.0,1.56,-2.34,13.4,0.0,0.0,0.00,ARMED,,12.9
1791219116387,28.611552,77.281801,0.0,PETROL,,14.9,0,715,22.4,1.61,30.0,89.0,1.56,-2.34,13.3,0.0,0.0,0.00,ARMED,,12.5
1791219117247,28.611552,77.281801,0.0,PETROL,,14.9,0,708,25.1,2.21,31.0,89.0,1.56,-2.34,13.3,0.0,0.0,0.00,ARMED,,12.5
1791219117796,28.611552,77.281801,0.0,PETROL,,14.9,0,699,25.1,1.34,31.0,89.0,1.56,-2.34,13.3,0.0,0.0,0.00,ARMED,,12.5
1791219118287,28.611552,77.281801,0.0,PETROL,,14.9,0,705,25.1,2.16,31.0,89.0,1.56,-2.34,13.3,0.0,0.0,0.00,ARMED,,12.5
1791219119188,28.611552,77.281801,0.0,PETROL,,14.9,0,698,25.5,1.96,32.0,89.0,0.00,-2.34,13.4,0.0,0.0,0.00,ARMED,,12.5
1791219119675,28.611552,77.281801,0.0,PETROL,,14.9,0,703,25.5,2.05,32.0,89.0,0.00,-2.34,13.4,0.0,0.0,0.00,ARMED,,12.9
1791219120254,28.611552,77.281801,0.0,PETROL,,14.9,0,696,25.5,1.40,32.0,89.0,0.00,-2.34,13.1,0.0,0.0,0.00,ARMED,,12.9
1791219121147,28.611552,77.281801,0.0,PETROL,,14.9,0,693,25.9,1.94,32.0,89.0,-0.78,-1.56,13.1,0.0,0.0,0.00,ARMED,,12.5
1791219121718,28.611552,77.281801,0.0,PETROL,,14.9,0,700,25.9,1.87,32.0,89.0,-0.78,-1.56,13.3,0.0,0.0,0.00,ARMED,,12.9
1791219122220,28.611552,77.281801,0.0,PETROL,,14.9,0,701,25.9,1.59,32.0,89.0,-0.78,-1.56,13.3,0.0,0.0,0.00,ARMED,,12.5
1791219123160,28.611552,77.281801,0.0,PETROL,,14.9,0,700,25.5,2.12,31.0,89.0,-0.78,-1.56,13.4,0.0,0.0,0.00,ARMED,,12.5
1791219123676,28.611552,77.281801,0.0,PETROL,,14.9,0,698,25.5,1.87,31.0,89.0,-0.78,-1.56,13.4,0.0,0.0,0.00,ARMED,,12.9
1791219124207,28.611552,77.281801,0.0,PETROL,,14.9,0,696,25.5,2.15,31.0,89.0,-0.78,-1.56,13.3,0.0,0.0,0.00,ARMED,,12.5
1791219125075,28.611552,77.281801,0.0,PETROL,,14.9,0,699,36.5,4.15,40.0,89.0,0.78,-2.34,13.3,0.0,0.0,0.00,ARMED,,16.1
1791219125620,28.611552,77.281801,0.0,PETROL,,14.9,0,776,36.5,3.13,40.0,89.0,0.78,-2.34,12.9,0.0,0.0,0.00,ARMED,,14.5
1791219126158,28.611552,77.281801,0.0,PETROL,,14.9,0,780,36.5,3.39,40.0,89.0,0.78,-2.34,12.9,0.0,0.0,0.00,ARMED,,14.9
1791219127125,28.611552,77.281801,0.0,PETROL,,14.9,0,800,40.8,2.51,44.0,89.0,0.78,-2.34,13.3,0.0,0.0,0.00,ARMED,,15.3
1791219127665,28.611552,77.281801,0.0,PETROL,,14.9,0,820,40.8,2.48,44.0,89.0,0.78,-2.34,13.3,0.0,0.0,0.00,ARMED,,15.3
1791219128250,28.611552,77.281801,0.0,PETROL,,14.9,0,832,40.8,2.65,44.0,89.0,0.78,-2.34,13.3,0.0,0.0,0.00,ARMED,,15.3
1791219129335,28.611552,77.281801,0.0,PETROL,,14.9,0,837,39.6,2.55,45.0,89.0,1.56,-2.34,13.4,0.0,0.0,0.00,ARMED,,15.3
1791219129853,28.611552,77.281801,0.0,PETROL,,14.9,0,838,39.6,3.55,45.0,89.0,1.56,-2.34,13.1,0.0,0.0,0.00,ARMED,,14.9
1791219130352,28.611552,77.281801,0.0,PETROL,,14.9,0,842,39.6,2.50,45.0,89.0,1.56,-2.34,13.1,0.0,0.0,0.00,ARMED,,14.9
1791219131296,28.611552,77.281802,0.0,PETROL,,14.9,0,841,38.4,3.58,43.0,89.0,2.34,-1.56,13.3,0.0,0.0,0.00,ARMED,,15.3
1791219131812,28.611552,77.281802,0.0,PETROL,,14.9,0,832,38.4,3.00,43.0,89.0,2.34,-1.56,13.3,0.0,0.0,0.00,ARMED,,14.9
1791219132395,28.611552,77.281802,0.0,PETROL,,14.9,0,836,38.4,3.25,43.0,89.0,2.34,-1.56,13.2,0.0,0.0,0.00,ARMED,,14.9
1791219133269,28.611552,77.281802,0.0,PETROL,,14.9,0,810,22.7,1.28,30.0,89.0,0.00,-0.78,13.2,0.0,0.0,0.00,ARMED,,12.9
1791219133795,28.611552,77.281802,0.0,PETROL,,14.9,0,737,22.7,1.95,30.0,89.0,0.00,-0.78,13.1,0.0,0.0,0.00,ARMED,,12.9
1791219134342,28.611552,77.281802,0.0,PETROL,,14.9,0,719,22.7,1.93,30.0,89.0,0.00,-0.78,13.1,0.0,0.0,0.00,ARMED,,12.9
1791219135282,28.611552,77.281802,0.0,PETROL,,14.9,0,708,25.1,1.83,31.0,89.0,0.78,-0.78,13.4,0.0,0.0,0.00,ARMED,,12.5
1791219135790,28.611552,77.281802,0.0,PETROL,,14.9,0,703,25.1,1.07,31.0,89.0,0.78,-0.78,13.4,0.0,0.0,0.00,ARMED,,12.5
1791219136342,28.611552,77.281802,0.0,PETROL,,14.9,0,696,25.1,2.22,31.0,89.0,0.78,-0.78,13.4,0.0,0.0,0.00,ARMED,,12.5
1791219137300,28.611552,77.281802,0.0,PETROL,,14.9,0,701,25.9,1.74,32.0,89.0,-0.78,-0.78,13.4,0.0,0.0,0.00,ARMED,,12.9
1791219137898,28.611552,77.281802,0.0,PETROL,,14.9,0,698,25.9,1.38,32.0,89.0,-0.78,-0.78,13.3,0.0,0.0,0.00,ARMED,,12.5
1791219138437,28.611552,77.281802,0.0,PETROL,,14.9,0,702,25.9,1.09,32.0,89.0,-0.78,-0.78,13.3,0.0,0.0,0.00,ARMED,,12.5
1791219139380,28.611552,77.281802,0.0,PETROL,,14.9,0,700,25.9,1.05,58.0,89.0,-1.56,-1.56,13.4,0.0,0.0,0.00,ARMED,,12.5
1791219139908,28.611552,77.281802,0.0,PETROL,,22.0,0,1474,25.9,2.15,58.0,89.0,-1.56,-1.56,13.4,9.6,0.0,0.00,ARMED,,12.9
1791219140445,28.611552,77.281802,0.0,PETROL,,14.9,0,1663,25.9,2.27,58.0,89.0,-1.56,-1.56,13.4,0.0,0.0,0.00,ARMED,,14.5
1791219141339,28.611552,77.281802,0.0,PETROL,,14.9,0,1854,21.6,4.46,43.0,89.0,0.00,1.56,13.4,0.0,0.0,0.00,ARMED,,16.9
1791219141849,28.611552,77.281802,0.0,PETROL,,14.9,0,2157,21.6,22.03,43.0,89.0,0.00,1.56,13.5,0.0,0.0,0.00,ARMED,,26.3
1791219142374,28.611552,77.281802,0.0,PETROL,,14.9,0,2582,21.6,22.81,43.0,89.0,0.00,1.56,13.5,0.0,0.0,0.00,ARMED,,27.1
1791219143316,28.611552,77.281802,0.0,PETROL,,14.9,0,2838,22.7,25.37,33.0,89.0,0.00,0.00,13.4,0.0,0.0,0.00,ARMED,,28.6
1791219143787,28.611552,77.281802,0.0,PETROL,,14.9,0,2450,22.7,3.85,33.0,89.0,0.00,0.00,13.4,0.0,0.0,0.00,ARMED,,16.5
1791219144350,28.611552,77.281802,0.0,PETROL,,14.9,0,1756,22.7,2.63,33.0,89.0,0.00,0.00,13.4,0.0,0.0,0.00,ARMED,,14.9
1791219145265,28.611552,77.281801,0.0,PETROL,,14.9,0,1076,33.3,2.91,38.0,88.0,0.00,-0.78,13.4,0.0,0.0,0.00,ARMED,,14.9
1791219145822,28.611552,77.281801,0.0,PETROL,,14.9,0,1038,33.3,3.67,38.0,88.0,0.00,-0.78,13.4,0.0,0.0,0.00,ARMED,,15.3
1791219146327,28.611552,77.281801,0.0,PETROL,,14.9,0,922,33.3,3.60,38.0,88.0,0.00,-0.78,13.4,0.0,0.0,0.00,ARMED,,14.9
1791219147245,28.611552,77.281801,0.0,PETROL,,14.9,0,839,38.4,3.35,44.0,88.0,-2.34,-0.78,13.1,0.0,0.0,0.00,ARMED,,14.9
1791219147787,28.611552,77.281801,0.0,PETROL,,14.9,0,843,38.4,3.28,44.0,88.0,-2.34,-0.78,13.1,0.0,0.0,0.00,ARMED,,14.9
1791219148315,28.611552,77.281801,0.0,PETROL,,14.9,0,842,38.4,3.34,44.0,88.0,-2.34,-0.78,13.1,0.0,0.0,0.00,ARMED,,14.9
1791219149359,28.611552,77.281801,0.0,PETROL,,14.9,0,845,38.4,2.39,43.0,89.0,0.00,-0.78,13.3,0.0,0.0,0.00,ARMED,,14.9
1791219149876,28.611552,77.281801,0.0,PETROL,,14.9,0,843,38.4,3.09,43.0,89.0,0.00,-0.78,13.3,0.0,0.0,0.00,ARMED,,14.9
1791219150373,28.611552,77.281801,0.0,PETROL,,14.9,0,838,38.4,2.34,43.0,89.0,0.00,-0.78,13.3,0.0,0.0,0.00,ARMED,,14.9
1791219151269,28.611552,77.281801,0.0,PETROL,,14.9,0,832,26.7,2.32,31.0,89.0,0.00,-0.78,13.3,0.0,0.0,0.00,ARMED,,14.9
1791219151767,28.611552,77.281801,0.0,PETROL,,14.9,0,758,26.7,2.21,31.0,89.0,0.00,-0.78,13.3,0.0,0.0,0.00,ARMED,,12.9
1791219152283,28.611552,77.281801,0.0,PETROL,,14.9,0,724,26.7,2.09,31.0,89.0,0.00,-0.78,13.3,0.0,0.0,0.00,ARMED,,12.9
1791219153216,28.611552,77.281801,0.0,PETROL,,14.9,0,713,25.1,2.06,32.0,89.0,0.78,-0.78,13.3,0.0,0.0,0.00,ARMED,,12.9
1791219153756,28.611552,77.281801,0.0,PETROL,,14.9,0,701,25.1,1.24,32.0,89.0,0.78,-0.78,13.4,0.0,0.0,0.00,ARMED,,12.5
1791219154248,28.611552,77.281801,0.0,PETROL,,14.9,0,694,25.1,1.78,32.0,89.0,0.78,-0.78,13.4,0.0,0.0,0.00,ARMED,,12.5
1791219155173,28.611552,77.281801,0.0,PETROL,,14.9,0,702,25.9,2.19,32.0,89.0,-1.56,-1.56,13.2,0.0,0.0,0.00,ARMED,,12.9
1791219155682,28.611552,77.281801,0.0,PETROL,,14.9,0,696,25.9,1.96,32.0,89.0,-1.56,-1.56,13.2,0.0,0.0,0.00,ARMED,,12.5
1791219156218,28.611552,77.281801,0.0,PETROL,,14.9,0,697,25.9,1.19,32.0,89.0,-1.56,-1.56,13.1,0.0,0.0,0.00,ARMED,,12.9
1791219157135,28.611552,77.281801,0.0,PETROL,,14.9,0,699,25.9,1.36,31.0,89.0,-1.56,-1.56,13.1,0.0,0.0,0.00,ARMED,,12.5
1791219157679,28.611552,77.281801,0.0,PETROL,,14.9,0,701,25.9,2.20,31.0,89.0,-1.56,-1.56,13.3,0.0,0.0,0.00,ARMED,,12.5
1791219158177,28.611552,77.281801,0.0,PETROL,,14.9,0,701,25.9,2.09,31.0,89.0,-1.56,-1.56,13.3,0.0,0.0,0.00,ARMED,,12.5
1791219159130,28.611552,77.281801,0.0,PETROL,,14.9,0,696,25.9,2.22,32.0,89.0,-1.56,-1.56,13.4,0.0,0.0,0.00,ARMED,,12.9
1791219159646,28.611552,77.281801,0.0,PETROL,,14.9,0,698,25.9,2.00,32.0,89.0,-1.56,-1.56,13.4,0.0,0.0,0.00,ARMED,,12.9
1791219160147,28.611552,77.281801,0.0,PETROL,,14.9,0,697,25.9,1.64,32.0,89.0,-1.56,-1.56,13.4,0.0,0.0,0.00,ARMED,,12.9
1791219161065,28.611552,77.281801,0.0,PETROL,,14.9,0,697,26.3,2.10,32.0,89.0,-0.78,-2.34,13.4,0.0,0.0,0.00,ARMED,,12.9
1791219161592,28.611552,77.281801,0.0,PETROL,,14.9,0,709,26.3,1.89,32.0,89.0,-0.78,-2.34,13.4,0.0,0.0,0.00,ARMED,,14.1
