t_ms,lat,lon,speed_kmh,fuel,inst_eff,pedal,gear,rpm,load,maf,map,ect,stft,ltft,volt,pedal_norm,v_est,a_est,cruise_state,cruise_target,throttle,sugg_gear,cue
1791429515121,28.626995,77.317329,11.0,PETROL,23.35,14.9,,657,23.1,1.31,,77.0,10.94,-1.56,13.5,0.0,11.0,0.00,ARMED,,12.5,,
1791429517180,28.626988,77.317305,2.0,PETROL,17.77,14.9,,657,23.1,0.93,,77.0,10.94,-1.56,13.3,0.0,2.0,0.00,ARMED,,12.5,,
1791429518011,28.626987,77.317301,2.0,PETROL,9.28,14.9,,689,23.1,2.19,,77.0,10.94,-1.56,13.3,0.0,2.0,0.00,ARMED,,12.5,,
1791429519742,28.626988,77.317288,2.0,CNG,,14.9,,775,36.9,3.06,,77.0,-3.91,-1.56,13.6,0.0,2.0,0.00,ARMED,,14.9,,
1791429520563,28.626990,77.317285,1.0,CNG,,14.9,,786,36.9,3.26,,77.0,-3.91,-1.56,13.6,0.0,1.0,0.00,ARMED,,14.9,,
1791429521422,28.626989,77.317283,1.0,CNG,,14.9,,793,36.9,2.49,,77.0,-3.91,-1.56,13.8,0.0,1.0,0.00,ARMED,,14.9,,
1791429523156,28.626989,77.317283,0.0,CNG,,29.4,0,797,69.4,5.57,,77.0,14.06,-1.56,13.8,19.8,0.0,0.00,ARMED,,13.7,1,
1791429524047,28.626988,77.317280,1.0,CNG,,29.4,,1098,69.4,3.57,,77.0,14.06,-1.56,13.8,19.8,1.0,0.00,ARMED,,13.7,,
1791429524826,28.626985,77.317277,1.0,CNG,,14.9,,1406,69.4,13.82,,77.0,14.06,-1.56,13.8,0.0,1.0,0.00,ARMED,,13.7,,
1791429526673,28.626972,77.317250,5.0,CNG,,23.5,,938,40.4,2.11,,77.0,0.00,-3.13,13.5,11.8,5.0,0.00,ARMED,,12.2,,
1791429527516,28.626964,77.317229,7.0,CNG,4.12,14.9,,1083,40.4,2.46,,77.0,0.00,-3.13,13.5,0.0,7.0,0.00,ARMED,,12.2,,
1791429528420,28.626959,77.317211,6.0,CNG,6.52,14.9,,946,40.4,1.39,,77.0,0.00,-3.13,13.5,0.0,6.0,0.00,ARMED,,12.2,,
1791429530070,28.626955,77.317198,5.0,CNG,8.88,14.9,1,739,26.7,1.05,,77.0,2.34,-1.56,13.5,0.0,5.0,0.00,ARMED,,12.9,1,
1791429530907,28.626953,77.317193,1.0,CNG,6.21,14.9,,697,26.7,2.14,,77.0,2.34,-1.56,13.8,0.0,1.0,0.00,ARMED,,12.9,,
1791429531709,28.626951,77.317188,1.0,CNG,,23.1,,699,26.7,7.10,,77.0,2.34,-1.56,13.8,11.2,1.0,0.00,ARMED,,12.9,,
1791429533497,28.626947,77.317173,2.0,CNG,,14.9,,1148,34.5,1.92,,77.0,-3.91,-1.56,13.2,0.0,2.0,0.00,ARMED,,15.7,,
1791429534248,28.626947,77.317173,3.0,CNG,,14.9,,821,34.5,3.73,,77.0,-3.91,-1.56,13.2,0.0,3.0,0.00,ARMED,,15.7,,
1791429535069,28.626944,77.317164,2.0,CNG,,14.9,,810,34.5,3.65,,77.0,-3.91,-1.56,13.6,0.0,2.0,0.00,ARMED,,15.7,,
1791429536908,28.626940,77.317158,1.0,CNG,,14.9,,806,41.2,3.67,,78.0,-0.78,-1.56,13.6,0.0,1.0,0.00,ARMED,,15.3,,
1791429537803,28.626939,77.317158,0.0,CNG,,26.3,0,834,41.2,12.67,,78.0,-0.78,-1.56,13.7,15.5,0.0,0.00,ARMED,,15.3,1,
1791429538553,28.626936,77.317149,3.0,CNG,,20.0,,914,41.2,3.77,,78.0,-0.78,-1.56,13.7,7.0,3.0,0.00,ARMED,,15.3,,
1791429540290,28.626932,77.317137,5.0,CNG,2.90,14.9,,694,26.7,2.20,,78.0,-2.34,-1.56,13.8,0.0,5.0,0.00,ARMED,,14.1,,
1791429541050,28.626928,77.317122,4.0,CNG,3.72,14.9,,802,26.7,2.93,,78.0,-2.34,-1.56,13.8,0.0,4.0,0.00,ARMED,,14.1,,
1791429541899,28.626926,77.317111,3.0,CNG,4.10,14.9,,787,26.7,2.47,,78.0,-2.34,-1.56,13.7,0.0,3.0,0.00,ARMED,,14.1,,
1791429543693,28.626923,77.317096,3.0,CNG,4.18,14.9,,793,36.5,2.83,,78.0,0.00,-1.56,13.7,0.0,3.0,0.00,ARMED,,14.9,,
1791429544545,28.626922,77.317092,2.0,CNG,,14.9,,792,36.5,2.88,,78.0,0.00,-1.56,13.5,0.0,2.0,0.00,ARMED,,14.9,,
1791429545325,28.626922,77.317092,1.0,CNG,,14.9,,751,36.5,2.12,,78.0,0.00,-1.56,13.5,0.0,1.0,0.00,ARMED,,14.9,,
1791429547076,28.626921,77.317088,0.0,CNG,,14.9,0,763,24.3,8.04,,78.0,-2.34,-1.56,13.7,0.0,0.0,0.00,ARMED,,12.9,1,
1791429547901,28.626920,77.317083,1.0,CNG,,14.9,,738,24.3,1.61,,78.0,-2.34,-1.56,13.7,0.0,1.0,0.00,ARMED,,12.9,,
1791429548651,28.626919,77.317084,0.0,CNG,,14.9,0,700,24.3,1.58,,78.0,-2.34,-1.56,13.3,0.0,0.0,0.00,ARMED,,12.9,1,
1791429550538,28.626920,77.317091,0.0,CNG,,14.9,0,694,26.7,1.88,,78.0,-1.56,-1.56,13.4,0.0,0.0,0.00,ARMED,,19.2,1,
1791429551332,28.626920,77.317091,1.0,CNG,,14.9,,871,26.7,6.35,,78.0,-1.56,-1.56,13.0,0.0,1.0,0.00,ARMED,,19.2,,
1791429552150,28.626921,77.317091,3.0,CNG,,20.4,,960,26.7,5.26,,78.0,-1.56,-1.56,13.0,7.5,3.0,0.00,ARMED,,19.2,,
1791429553930,28.626914,77.317071,5.0,CNG,,14.9,,669,39.6,2.31,,78.0,-8.59,-1.56,13.7,0.0,5.0,0.00,ARMED,,14.9,,
1791429554713,28.626910,77.317057,5.0,CNG,5.00,14.9,,787,39.6,2.28,,78.0,-8.59,-1.56,13.7,0.0,5.0,0.00,ARMED,,14.9,,
1791429555581,28.626905,77.317043,6.0,CNG,6.19,14.9,1,794,39.6,3.07,,78.0,-8.59,-1.56,13.6,0.0,6.0,0.00,ARMED,,14.9,1,
1791429557339,28.626901,77.317029,5.0,CNG,6.50,14.9,,791,36.9,2.92,,78.0,-0.78,-1.56,13.6,0.0,5.0,0.00,ARMED,,14.9,,
1791429558261,28.626896,77.317016,4.0,CNG,6.57,14.9,,797,36.9,2.44,,78.0,-0.78,-1.56,13.6,0.0,4.0,0.00,ARMED,,14.9,,
1791429559050,28.626893,77.317007,2.0,CNG,6.90,14.9,,751,36.9,0.99,,78.0,-0.78,-1.56,13.6,0.0,2.0,0.00,ARMED,,14.9,,
1791429560790,28.626888,77.317001,2.0,CNG,,14.9,,736,23.1,1.51,,78.0,9.38,-1.56,13.8,0.0,2.0,0.00,ARMED,,12.5,,
1791429561546,28.626887,77.317000,0.0,CNG,,14.9,0,711,23.1,2.12,,79.0,9.38,-1.56,13.8,0.0,0.0,0.00,ARMED,,12.5,1,
1791429562379,28.626887,77.317000,0.0,CNG,,14.9,0,680,23.1,1.21,,79.0,9.38,-1.56,13.8,0.0,0.0,0.00,ARMED,,12.5,1,
1791429564149,28.626885,77.316998,0.0,CNG,,14.9,0,690,26.7,1.64,,79.0,-3.13,0.00,13.8,0.0,0.0,0.00,ARMED,,16.5,1,
1791429564972,28.626885,77.317001,0.0,CNG,,14.9,0,952,26.7,8.49,,79.0,-3.13,0.00,13.5,0.0,0.0,0.00,ARMED,,16.5,1,
1791429565772,28.626883,77.316997,2.0,CNG,,14.9,,779,26.7,3.71,,79.0,-3.13,0.00,13.5,0.0,2.0,0.00,ARMED,,16.5,,
1791429567750,28.626875,77.316980,4.0,CNG,,14.9,,759,36.1,2.55,,79.0,-5.47,0.00,13.8,0.0,4.0,0.00,ARMED,,14.9,,
1791429568549,28.626875,77.316978,1.0,CNG,,14.9,,800,36.1,3.01,,79.0,-5.47,0.00,13.8,0.0,1.0,0.00,ARMED,,14.9,,
1791429569402,28.626875,77.316978,1.0,CNG,,14.9,,849,36.1,11.27,,79.0,-5.47,0.00,13.6,0.0,1.0,0.00,ARMED,,14.9,,
1791429571099,28.626874,77.316966,3.0,CNG,,14.9,,854,31.8,4.03,,79.0,-7.03,0.00,13.6,0.0,3.0,0.00,ARMED,,14.5,,
1791429571911,28.626874,77.316960,2.0,CNG,,14.9,,848,31.8,3.24,,79.0,-7.03,0.00,13.6,0.0,2.0,0.00,ARMED,,14.5,,
1791429572666,28.626873,77.316955,1.0,CNG,,14.9,,749,31.8,7.09,,79.0,-7.03,0.00,13.6,0.0,1.0,0.00,ARMED,,14.5,,
1791429574426,28.626866,77.316934,4.0,CNG,,14.9,,675,40.4,1.25,,79.0,-6.25,-4.69,13.8,0.0,4.0,0.00,ARMED,,14.9,,
1791429575267,28.626866,77.316934,5.0,CNG,4.13,14.9,1,740,40.4,2.99,,79.0,-6.25,-4.69,13.8,0.0,5.0,0.00,ARMED,,14.9,1,
1791429576122,28.626861,77.316920,6.0,CNG,6.14,14.9,1,803,40.4,2.27,,79.0,-6.25,-4.69,13.7,0.0,5.6,0.37,ARMED,,14.9,1,
1791429577890,28.626852,77.316897,6.0,CNG,9.33,14.9,,711,23.1,1.08,,79.0,7.03,0.00,13.7,0.0,6.0,0.00,ARMED,,12.5,,
1791429578767,28.626852,77.316896,0.0,CNG,2.69,28.2,0,722,23.1,8.31,,79.0,7.03,0.00,13.7,18.2,0.0,0.00,ARMED,,12.5,1,
1791429579567,28.626852,77.316896,0.0,CNG,,14.9,0,1723,23.1,4.55,,79.0,7.03,0.00,13.7,0.0,0.0,0.00,ARMED,,12.5,1,
1791429581394,28.626850,77.316889,3.0,CNG,,14.9,,708,38.4,3.65,,79.0,-4.69,0.00,13.8,0.0,3.0,0.00,ARMED,,14.9,,
1791429582247,28.626846,77.316877,5.0,CNG,3.77,14.9,1,771,38.4,2.82,,79.0,-4.69,0.00,13.8,0.0,5.0,0.00,ARMED,,14.9,1,
1791429583144,28.626841,77.316863,4.0,CNG,4.46,14.9,,792,38.4,2.81,,79.0,-4.69,0.00,13.7,0.0,4.0,0.00,ARMED,,14.9,,
1791429585054,28.626838,77.316851,2.0,CNG,,14.9,,798,80.4,2.40,,79.0,-3.13,-3.13,13.4,0.0,2.0,0.00,ARMED,,17.6,,
1791429585879,28.626836,77.316844,4.0,CNG,4.86,19.6,,896,80.4,2.69,,79.0,-3.13,-3.13,13.1,6.4,4.0,0.00,ARMED,,17.6,,
1791429586750,28.626832,77.316832,5.0,CNG,5.60,18.8,1,701,80.4,3.08,,79.0,-3.13,-3.13,13.1,5.4,5.0,0.00,ARMED,,17.6,1,
1791429588526,28.626821,77.316800,5.0,CNG,5.21,19.6,,798,62.4,4.25,,79.0,0.00,-3.91,13.8,6.4,5.0,0.00,ARMED,,19.6,,
1791429589330,28.626821,77.316800,9.0,CNG,3.23,33.3,1,1169,62.4,14.55,,80.0,0.00,-3.91,13.8,25.1,9.0,0.00,ARMED,,19.6,1,
1791429590189,28.626813,77.316773,14.0,CNG,4.06,14.9,1,1953,62.4,11.69,,80.0,0.00,-3.91,13.8,0.0,12.2,1.85,ARMED,,19.6,1,
1791429591889,28.626790,77.316690,15.0,CNG,4.64,29.8,,1475,43.5,11.46,,80.0,0.78,-3.13,13.8,20.3,15.0,0.00,ARMED,,13.7,,
1791429592757,28.626774,77.316645,17.0,CNG,5.37,32.5,2,1294,43.5,10.83,,80.0,0.78,-3.13,13.8,24.1,17.0,0.00,ARMED,,13.7,2,
1791429593548,28.626752,77.316591,20.0,CNG,5.68,14.9,2,1453,43.5,13.52,,80.0,0.78,-3.13,13.8,0.0,18.9,1.11,ARMED,,13.7,2,
1791429595337,28.626730,77.316535,22.0,CNG,9.16,34.9,2,1495,95.3,3.16,,80.0,4.69,-0.78,13.7,27.3,21.2,1.91,ARMED,,46.3,2,
1791429596163,28.626705,77.316481,27.0,CNG,13.55,14.9,2,1933,95.3,4.12,,80.0,4.69,-0.78,13.7,0.0,26.7,2.87,ARMED,,46.3,2,
1791429597041,28.626678,77.316411,27.0,CNG,9.97,34.1,4,1014,95.3,14.64,,80.0,4.69,-0.78,13.5,26.2,27.0,0.00,ARMED,,46.3,3,
1791429598799,28.626631,77.316260,29.0,CNG,9.25,33.3,3,1425,82.7,13.97,,81.0,-1.56,-1.56,13.5,25.1,29.0,0.00,ARMED,,16.5,2,
1791429599698,28.626601,77.316172,33.0,CNG,10.46,26.7,4,1263,82.7,10.89,,81.0,-1.56,-1.56,13.7,16.1,33.0,0.00,ARMED,,16.5,3,
1791429600544,28.626572,77.316083,34.0,CNG,11.70,25.9,4,1314,82.7,10.10,,81.0,-1.56,-1.56,13.7,15.0,33.7,0.38,ARMED,,16.5,3,
1791429602402,28.626542,77.315989,35.0,CNG,12.81,25.9,4,1367,54.5,9.75,,81.0,-4.69,-2.34,13.7,15.0,34.6,0.76,ARMED,,20.4,4,
1791429603142,28.626509,77.315890,38.0,CNG,14.71,25.1,4,1478,54.5,8.56,,82.0,-4.69,-2.34,13.7,13.9,37.8,1.57,ARMED,,20.4,4,
1791429603956,28.626476,77.315785,39.0,CNG,16.48,24.3,4,1521,54.5,8.12,,82.0,-4.69,-2.34,13.8,12.8,39.1,1.58,ARMED,,20.4,4,
1791429605714,28.626412,77.315576,40.0,CNG,20.68,14.9,4,1553,23.9,5.15,,82.0,0.00,0.00,13.8,0.0,40.1,1.42,ARMED,,12.9,4,
1791429606618,28.626379,77.315479,37.0,CNG,28.62,14.9,,805,23.9,2.17,,82.0,0.00,0.00,13.3,0.0,37.0,0.00,ARMED,,12.9,,
1791429607451,28.626352,77.315398,33.0,CNG,40.29,14.9,,706,23.9,1.02,,83.0,0.00,0.00,13.3,0.0,33.0,0.00,ARMED,,12.9,,
1791429609311,28.626325,77.315325,29.0,CNG,48.60,14.9,,716,23.5,1.51,,83.0,-3.91,0.00,13.6,0.0,29.0,0.00,ARMED,,12.5,,
1791429610106,28.626302,77.315262,20.0,CNG,47.88,14.9,4,719,23.5,1.77,,83.0,-3.91,0.00,13.6,0.0,20.0,0.00,ARMED,,12.5,4,
1791429610950,28.626286,77.315214,18.0,CNG,42.66,14.9,4,711,23.5,2.16,,83.0,-3.91,0.00,13.9,0.0,18.7,-0.73,ARMED,,12.5,4,
1791429612720,28.626254,77.315124,17.0,CNG,40.87,14.9,4,722,35.7,1.85,,83.0,-1.56,-0.78,13.9,0.0,17.4,-1.15,ARMED,,14.9,4,
1791429613682,28.626241,77.315083,16.0,CNG,35.26,14.9,3,782,35.7,2.36,,83.0,-1.56,-0.78,13.6,0.0,16.0,0.00,ARMED,,14.9,3,
1791429614469,28.626228,77.315040,15.0,CNG,26.74,14.9,3,792,35.7,3.35,,83.0,-1.56,-0.78,13.6,0.0,15.3,-0.37,ARMED,,14.9,3,
1791429616232,28.626216,77.315004,14.0,CNG,22.04,14.9,3,796,36.9,3.45,,83.0,-0.78,-0.78,13.6,0.0,14.4,-0.76,ARMED,,14.9,3,
1791429617088,28.626209,77.314982,8.0,CNG,11.59,22.4,,806,36.9,6.85,,83.0,-0.78,-0.78,13.6,10.2,8.0,0.00,ARMED,,14.9,,
1791429618019,28.626203,77.314963,8.0,CNG,9.15,20.8,,1260,36.9,5.38,,83.0,-0.78,-0.78,13.6,8.0,8.0,0.00,ARMED,,14.9,,
1791429619938,28.626186,77.314916,9.0,CNG,11.19,14.9,1,1315,22.0,1.96,,83.0,0.00,-1.56,13.5,0.0,9.0,0.00,ARMED,,12.5,1,
1791429620789,28.626179,77.314894,8.0,CNG,7.53,24.3,,704,22.0,7.04,,83.0,0.00,-1.56,13.8,12.8,8.0,0.00,ARMED,,12.5,,
1791429621568,28.626170,77.314869,10.0,CNG,7.56,21.6,2,758,22.0,5.37,,83.0,0.00,-1.56,13.8,9.1,10.0,0.00,ARMED,,12.5,2,
1791429623380,28.626160,77.314840,12.0,CNG,11.69,14.9,2,843,22.7,1.46,,83.0,-7.03,-1.56,13.8,0.0,11.3,0.75,ARMED,,12.9,2,
1791429624206,28.626154,77.314822,6.0,CNG,6.30,25.9,1,756,22.7,8.62,,83.0,-7.03,-1.56,13.8,15.0,6.0,0.00,ARMED,,12.9,1,
1791429625022,28.626149,77.314804,9.0,CNG,5.32,25.9,1,1265,22.7,8.47,,83.0,-7.03,-1.56,13.7,15.0,7.9,1.09,ARMED,,12.9,1,
1791429626799,28.626129,77.314742,12.0,CNG,6.97,14.9,1,1726,25.5,4.63,,83.0,0.00,0.00,13.7,0.0,10.8,2.28,ARMED,,20.0,1,
1791429627676,28.626118,77.314706,13.0,CNG,6.78,23.1,,1201,25.5,8.08,,83.0,0.00,0.00,13.6,11.2,13.0,0.00,ARMED,,20.0,,
1791429628490,28.626104,77.314667,15.0,CNG,10.73,14.9,2,1094,25.5,1.97,,83.0,0.00,0.00,13.6,0.0,15.0,0.00,ARMED,,20.0,2,
1791429630300,28.626090,77.314628,15.0,CNG,13.51,23.9,2,1100,64.7,3.04,,83.0,-0.78,-3.13,13.8,12.3,15.0,0.00,ARMED,,18.4,2,
1791429631134,28.626076,77.314587,16.0,CNG,12.75,20.8,2,1218,64.7,5.50,,84.0,-0.78,-3.13,13.8,8.0,15.9,0.40,ARMED,,18.4,2,
1791429631950,28.626062,77.314542,17.0,CNG,13.13,20.0,2,1238,64.7,5.09,,84.0,-0.78,-3.13,13.6,7.0,16.3,0.42,ARMED,,18.4,2,
1791429633726,28.626033,77.314452,17.0,CNG,12.43,22.0,2,1255,51.0,6.00,,84.0,-0.78,-3.13,13.6,9.6,16.6,0.40,ARMED,,19.2,2,
1791429634612,28.626018,77.314405,18.0,CNG,11.35,21.6,2,1360,51.0,7.24,,84.0,-0.78,-3.13,13.8,9.1,17.9,0.67,ARMED,,19.2,2,
1791429635391,28.626018,77.314405,19.0,CNG,11.74,21.6,2,1417,51.0,6.31,,84.0,-0.78,-3.13,13.8,9.1,18.6,0.74,ARMED,,19.2,2,
1791429637283,28.625985,77.314302,19.0,CNG,14.02,18.4,2,1437,22.7,4.03,,84.0,-0.78,-4.69,13.8,4.8,19.1,0.68,ARMED,,17.3,2,
1791429638132,28.625972,77.314251,19.0,CNG,14.55,21.2,2,1419,22.7,5.05,,84.0,-0.78,-4.69,13.8,8.6,19.0,0.05,ARMED,,17.3,2,
1791429638991,28.625957,77.314200,20.0,CNG,19.10,22.0,2,1444,22.7,2.42,,84.0,-0.78,-4.69,13.8,9.6,19.1,0.09,ARMED,,17.3,2,
1791429640746,28.625923,77.314094,19.0,CNG,17.28,21.6,2,1457,32.2,5.14,,85.0,-0.78,-4.69,13.8,9.1,19.3,0.11,ARMED,,18.0,2,
1791429641564,28.625907,77.314041,21.0,CNG,12.89,25.1,2,1546,32.2,8.96,,85.0,-0.78,-4.69,13.4,13.9,20.5,0.56,ARMED,,18.0,2,
1791429642379,28.625907,77.314041,22.0,CNG,16.89,23.1,2,1623,32.2,3.09,,85.0,-0.78,-4.69,13.4,11.2,21.4,0.82,ARMED,,18.0,2,
1791429644171,28.625873,77.313920,23.0,CNG,16.40,14.9,2,1679,51.4,5.96,,85.0,0.00,-5.47,13.5,0.0,22.3,0.89,ARMED,,20.4,2,
1791429644976,28.625861,77.313863,23.0,CNG,13.30,30.6,3,1196,51.4,8.95,,85.0,0.00,-5.47,13.5,21.4,23.0,0.00,ARMED,,20.4,2,
1791429645823,28.625846,77.313796,26.0,CNG,10.31,36.9,3,1303,51.4,13.26,,85.0,0.00,-5.47,13.7,30.0,24.9,1.10,ARMED,,20.4,2,
1791429647662,28.625806,77.313633,29.0,CNG,9.25,36.9,3,1473,60.0,14.43,,85.0,0.78,-2.34,13.7,30.0,28.2,2.28,ARMED,,14.1,2,
1791429648578,28.625780,77.313547,32.0,CNG,10.00,27.5,4,1183,60.0,11.81,,85.0,0.78,-2.34,13.8,17.1,32.0,0.00,ARMED,,14.1,3,
1791429649377,28.625780,77.313547,33.0,CNG,10.89,27.5,4,1268,60.0,10.95,,86.0,0.78,-2.34,13.8,17.1,32.6,0.36,ARMED,,14.1,3,
1791429651065,28.625733,77.313365,34.0,CNG,11.80,26.3,4,1318,57.3,10.48,,86.0,-1.56,-3.13,13.8,15.5,33.6,0.75,ARMED,,12.9,3,
1791429651830,28.625708,77.313268,35.0,CNG,14.72,26.3,4,1347,57.3,6.44,,86.0,-1.56,-3.13,13.8,15.5,35.0,0.78,ARMED,,12.9,3,
1791429652713,28.625680,77.313172,35.0,CNG,14.41,26.7,4,1357,57.3,10.22,,86.0,-1.56,-3.13,13.7,16.1,35.4,0.63,ARMED,,12.9,3,
1791429654504,28.625622,77.312971,36.0,CNG,13.74,27.5,4,1398,69.8,11.41,,87.0,0.00,-2.34,13.6,17.1,36.1,0.78,ARMED,,22.4,3,
1791429655378,28.625622,77.312971,39.0,CNG,13.93,14.9,4,1532,69.8,11.24,,87.0,0.00,-2.34,13.8,0.0,39.5,1.62,ARMED,,22.4,4,
1791429656162,28.625592,77.312865,40.0,CNG,14.29,26.7,5,1240,69.8,11.04,,87.0,0.00,-2.34,13.8,16.1,40.0,0.00,ARMED,,22.4,4,
1791429657872,28.625528,77.312645,41.0,CNG,15.97,14.9,5,1211,30.2,8.78,,87.0,-7.03,-5.47,13.9,0.0,40.6,0.36,ARMED,,17.3,5,
1791429658792,28.625495,77.312539,41.0,CNG,17.25,25.1,5,1224,30.2,8.60,,88.0,-7.03,-5.47,13.9,13.9,41.0,0.31,ARMED,,17.3,5,
1791429659606,28.625463,77.312429,42.0,CNG,18.54,25.1,5,1246,30.2,8.27,,88.0,-7.03,-5.47,13.8,13.9,41.6,0.48,ARMED,,17.3,5,
1791429661378,28.625396,77.312197,43.0,CNG,19.99,23.9,5,1271,31.4,7.82,,88.0,-1.56,-4.69,13.8,12.3,42.4,0.71,ARMED,,17.6,5,
1791429662268,28.625396,77.312197,43.0,CNG,23.30,22.4,5,1283,31.4,5.73,,88.0,-1.56,-4.69,13.8,10.2,43.1,0.45,ARMED,,17.6,5,
1791429663165,28.625364,77.312076,43.0,CNG,24.40,23.5,5,1297,31.4,6.70,,88.0,-1.56,-4.69,13.8,11.8,43.5,0.45,ARMED,,17.6,5,
1791429664971,28.625287,77.311842,44.0,CNG,24.87,23.5,5,1315,49.0,7.03,,88.0,0.78,-3.91,13.8,11.8,44.0,0.48,ARMED,,18.8,5,
1791429665843,28.625248,77.311725,45.0,CNG,26.31,23.5,5,1345,49.0,6.41,,88.0,0.78,-3.91,13.8,11.8,45.0,0.52,ARMED,,18.8,5,
1791429666739,28.625208,77.311605,46.0,CNG,26.32,23.5,5,1363,49.0,7.14,,88.0,0.78,-3.91,13.7,11.8,45.6,0.55,ARMED,,18.8,5,
1791429668610,28.625124,77.311361,46.0,CNG,26.97,23.5,5,1382,46.3,6.72,,89.0,0.00,-3.91,13.7,11.8,46.2,0.59,ARMED,,18.8,5,
1791429669489,28.625082,77.311237,47.0,CNG,25.23,23.5,5,1396,46.3,8.32,,89.0,0.00,-3.91,13.6,11.8,46.9,0.38,ARMED,,18.8,5,
1791429670286,28.625082,77.311237,47.0,CNG,25.05,23.5,5,1405,46.3,7.75,,89.0,0.00,-3.91,13.6,11.8,47.1,0.37,ARMED,,18.8,5,
1791429672220,28.625005,77.310983,47.0,CNG,24.21,23.9,5,1410,56.9,8.33,,89.0,1.56,-3.13,13.8,12.3,47.3,0.32,ARMED,,20.4,5,
1791429673133,28.624964,77.310860,47.0,CNG,22.82,23.9,5,1408,56.9,9.14,,89.0,1.56,-3.13,13.8,12.3,47.2,0.01,ARMED,,20.4,5,
1791429673940,28.624923,77.310737,47.0,CNG,21.92,24.3,5,1414,56.9,9.28,,89.0,1.56,-3.13,13.8,12.8,47.3,0.03,ARMED,,20.4,5,
1791429675684,28.624841,77.310488,47.0,CNG,20.86,25.5,5,1417,58.4,9.87,,90.0,0.78,-2.34,13.8,14.4,47.4,0.05,ARMED,,20.0,5,
1791429676601,28.624800,77.310359,48.0,CNG,21.78,25.5,5,1419,58.4,8.43,,90.0,0.78,-2.34,13.8,14.4,47.5,0.07,ARMED,,20.0,5,
1791429677408,28.624760,77.310232,48.0,CNG,21.73,25.5,5,1429,58.4,9.06,,90.0,0.78,-2.34,13.8,14.4,47.8,0.12,ARMED,,20.0,5,
1791429679296,28.624721,77.310104,49.0,CNG,21.86,25.5,5,1444,53.7,9.08,,90.0,0.78,-2.34,13.9,14.4,48.3,0.32,ARMED,,20.4,5,
1791429680285,28.624683,77.309976,49.0,CNG,22.14,25.5,5,1459,53.7,8.87,,90.0,0.78,-2.34,13.9,14.4,48.9,0.34,ARMED,,20.4,5,
1791429681167,28.624641,77.309846,49.0,CNG,22.50,25.5,5,1462,53.7,8.69,,90.0,0.78,-2.34,13.9,14.4,49.1,0.30,ARMED,,20.4,5,
1791429683112,28.624554,77.309588,49.0,CNG,22.55,25.9,5,1479,54.5,8.85,,91.0,1.56,-2.34,13.9,15.0,49.5,0.33,ARMED,,20.0,5,
1791429684128,28.624512,77.309456,50.0,CNG,28.53,23.5,5,1481,54.5,4.38,,91.0,1.56,-2.34,13.7,11.8,49.7,0.14,ARMED,,20.0,5,
1791429684990,28.624472,77.309324,50.0,CNG,27.51,24.7,5,1474,54.5,7.82,,91.0,1.56,-2.34,13.7,13.4,49.6,0.07,ARMED,,20.0,5,
1791429686686,28.624387,77.309057,50.0,CNG,26.30,24.7,5,1489,48.2,8.28,,91.0,2.34,-3.13,13.7,13.4,49.9,0.13,ARMED,,19.6,5,
1791429687560,28.624343,77.308919,51.0,CNG,26.58,24.7,5,1519,48.2,7.72,,91.0,2.34,-3.13,13.7,13.4,50.9,0.49,ARMED,,19.6,5,
1791429688373,28.624297,77.308786,52.0,CNG,25.93,24.7,5,1554,48.2,8.49,,91.0,2.34,-3.13,13.8,13.4,51.8,0.81,ARMED,,19.6,5,
1791429690355,28.624202,77.308500,53.0,CNG,31.36,23.9,5,1583,50.6,4.82,,90.0,1.56,-3.13,13.4,12.3,53.0,1.03,ARMED,,20.4,5,
1791429691211,28.624202,77.308500,54.0,CNG,27.19,24.7,5,1625,50.6,9.67,,90.0,1.56,-3.13,13.7,13.4,54.5,0.84,ARMED,,20.4,5,
1791429691982,28.624151,77.308356,55.0,CNG,25.51,24.7,5,1638,50.6,9.59,,90.0,1.56,-3.13,13.7,13.4,55.0,0.80,ARMED,,20.4,5,
1791429693823,28.624051,77.308060,57.0,CNG,24.58,24.7,5,1679,51.0,9.97,,90.0,-0.78,-2.34,13.6,13.4,56.1,1.02,ARMED,,20.8,5,
1791429694726,28.623999,77.307909,58.0,CNG,24.69,24.7,5,1723,51.0,9.54,,88.0,-0.78,-2.34,13.6,13.4,57.9,0.98,ARMED,,20.8,5,
1791429695468,28.623949,77.307756,59.0,CNG,25.37,24.7,5,1738,51.0,9.13,,88.0,-0.78,-2.34,13.6,13.4,58.4,0.95,ARMED,,20.8,5,
1791429697224,28.623895,77.307601,59.0,CNG,32.50,14.9,5,1767,26.7,4.38,,87.0,-3.13,-3.91,13.6,0.0,59.3,0.95,ARMED,,17.3,5,
1791429698159,28.623845,77.307446,60.0,CNG,35.51,22.0,5,1781,26.7,5.98,,87.0,-3.13,-3.91,13.7,9.6,59.9,0.48,ARMED,,17.3,5,
1791429698975,28.623796,77.307295,60.0,CNG,37.88,22.4,5,1798,26.7,5.84,,87.0,-3.13,-3.91,13.7,10.2,60.4,0.48,ARMED,,17.3,5,
1791429700782,28.623683,77.306975,61.0,CNG,38.21,22.4,5,1812,25.5,6.44,,87.0,-0.78,-3.91,13.5,10.2,60.8,0.49,ARMED,,20.0,5,
1791429701674,28.623628,77.306816,61.0,CNG,35.23,23.9,5,1809,25.5,7.89,,86.0,-0.78,-3.91,13.5,12.3,60.9,0.11,ARMED,,20.0,5,
1791429702523,28.623570,77.306658,61.0,CNG,35.05,23.9,5,1814,25.5,7.17,,86.0,-0.78,-3.91,13.7,12.3,60.9,0.11,ARMED,,20.0,5,
1791429704253,28.623511,77.306498,61.0,CNG,33.43,23.9,5,1828,37.3,7.97,,86.0,0.00,-3.13,13.7,12.3,61.3,0.17,ARMED,,19.6,5,
1791429705132,28.623453,77.306338,62.0,CNG,32.53,23.9,5,1851,37.3,8.10,,86.0,0.00,-3.13,13.8,12.3,62.1,0.41,ARMED,,19.6,5,
1791429705929,28.623394,77.306176,62.0,CNG,32.63,23.9,5,1855,37.3,7.73,,86.0,0.00,-3.13,13.8,12.3,62.3,0.38,ARMED,,19.6,5,
1791429707751,28.623283,77.305848,63.0,CNG,33.30,23.9,5,1856,36.9,7.50,,86.0,0.00,-3.13,13.7,12.3,62.5,0.32,ARMED,,19.6,5,
1791429708678,28.623225,77.305683,63.0,CNG,33.25,23.9,5,1878,36.9,7.76,,87.0,0.00,-3.13,13.7,12.3,63.1,0.32,CANDIDATE,63.1,19.6,5,
1791429709587,28.623169,77.305516,63.0,CNG,40.75,22.4,5,1884,36.9,4.20,,87.0,0.00,-3.13,13.9,10.2,63.3,0.31,LOCKED,63.3,19.6,5,
1791429711288,28.623118,77.305347,63.0,CNG,37.03,14.9,5,1875,31.0,7.90,,87.0,-1.56,-3.13,13.9,0.0,63.2,0.09,LOCKED,63.3,18.8,5,
1791429712177,28.623067,77.305181,62.0,CNG,37.94,21.2,5,1851,31.0,6.43,,87.0,-1.56,-3.13,13.8,8.6,62.3,-0.38,LOCKED,63.3,18.8,5,
1791429712961,28.623015,77.305017,62.0,CNG,39.44,19.6,5,1844,31.0,6.04,,88.0,-1.56,-3.13,13.8,6.4,61.9,-0.39,LOCKED,63.3,18.8,5,
1791429714960,28.622911,77.304692,62.0,CNG,39.09,20.8,5,1871,29.8,6.57,,88.0,-0.78,-3.91,13.8,8.0,62.4,0.05,LOCKED,63.3,18.4,5,
1791429716009,28.622859,77.304531,61.0,CNG,43.72,20.8,5,1814,29.8,4.67,,88.0,-0.78,-3.91,13.8,8.0,61.0,-0.56,LOCKED,63.3,18.4,5,
1791429717096,28.622807,77.304372,61.0,CNG,45.47,21.6,5,1800,29.8,5.15,,88.0,-0.78,-3.91,13.5,9.1,60.4,-0.54,LOCKED,63.3,18.4,5,
1791429719280,28.622708,77.304059,60.0,CNG,44.79,21.6,5,1799,26.3,5.60,,88.0,-0.78,-3.91,13.5,9.1,60.3,-0.31,LOCKED,63.3,17.6,5,
1791429720396,28.622611,77.303739,60.0,CNG,45.60,21.6,5,1782,26.3,5.23,,88.0,-0.78,-3.91,13.8,9.1,59.8,-0.26,LOCKED,63.3,17.6,5,
1791429721479,28.622560,77.303583,60.0,CNG,46.49,14.9,5,1780,26.3,5.12,,88.0,-0.78,-3.91,13.8,0.0,59.7,-0.21,LOCKED,63.3,17.6,5,
1791429723659,28.622459,77.303276,60.0,CNG,50.15,16.9,5,1774,21.2,4.31,,88.0,0.00,-4.69,13.8,2.7,59.6,-0.19,LOCKED,63.3,16.1,5,
1791429724582,28.622407,77.303123,57.0,CNG,56.42,14.9,5,1714,21.2,3.31,,88.0,0.00,-4.69,13.8,0.0,57.6,-0.83,LOCKED,63.3,16.1,5,
1791429725386,28.622361,77.302992,52.0,CNG,56.46,14.9,5,1561,21.2,3.76,,88.0,0.00,-4.69,13.8,0.0,54.1,-2.50,LOCKED,63.3,16.1,5,
1791429727242,28.622320,77.302882,44.0,CNG,55.83,14.9,5,1346,21.6,3.29,,88.0,0.00,0.00,13.7,0.0,47.4,-5.09,LOCKED,63.3,14.1,4,
1791429728152,28.622282,77.302777,38.0,CNG,56.24,14.9,5,1126,21.6,2.72,,88.0,0.00,0.00,13.8,0.0,37.7,-5.09,LOCKED,63.3,14.1,4,
1791429729041,28.622251,77.302681,36.0,CNG,61.89,14.9,5,1090,21.6,1.92,,88.0,0.00,0.00,13.8,0.0,35.4,-4.07,ARMED,,14.1,5,
1791429730725,28.622192,77.302517,32.0,CNG,72.98,14.9,5,915,60.4,1.16,,88.0,0.00,-2.34,13.6,0.0,31.0,-4.46,ARMED,,25.9,4,
1791429731535,28.622164,77.302440,30.0,CNG,58.27,14.9,3,1408,60.4,2.91,,88.0,0.00,-2.34,13.6,0.0,30.0,0.00,ARMED,,25.9,2,
1791429732301,28.622164,77.302440,30.0,CNG,29.26,23.1,4,1198,60.4,7.82,,88.0,0.00,-2.34,13.7,11.2,30.0,0.00,ARMED,,25.9,3,
1791429734002,28.622110,77.302285,31.0,CNG,32.54,14.9,4,1180,25.5,3.20,,88.0,-4.69,-1.56,13.7,0.0,30.6,0.37,ARMED,,15.3,4,
1791429734741,28.622085,77.302207,30.0,CNG,20.08,25.9,4,1173,25.5,9.86,,88.0,-4.69,-1.56,13.5,15.0,30.2,-0.14,ARMED,,15.3,4,
1791429735539,28.622055,77.302127,30.0,CNG,16.61,25.9,4,1179,25.5,9.38,,88.0,-4.69,-1.56,13.5,15.0,30.1,-0.12,ARMED,,15.3,4,
1791429737162,28.622028,77.302044,31.0,CNG,15.29,26.7,4,1214,67.8,9.26,,88.0,-0.78,-3.13,13.7,16.1,30.7,0.25,ARMED,,20.8,3,
1791429737935,28.622000,77.301958,34.0,CNG,14.98,27.8,4,1299,67.8,9.54,,89.0,-0.78,-3.13,13.7,17.7,33.0,1.17,ARMED,,20.8,3,
1791429738742,28.621973,77.301869,35.0,CNG,14.59,28.2,4,1342,67.8,10.16,,89.0,-0.78,-3.13,13.7,18.2,34.3,1.36,ARMED,,20.8,3,
1791429740381,28.621941,77.301775,36.0,CNG,14.58,28.6,4,1385,66.7,10.10,,89.0,-0.78,-2.34,13.7,18.7,35.5,1.41,ARMED,,22.0,3,
1791429741165,28.621908,77.301678,38.0,CNG,14.04,28.6,4,1479,66.7,11.62,,89.0,-0.78,-2.34,13.6,18.7,38.0,1.45,ARMED,,22.0,3,
1791429741935,28.621875,77.301572,39.0,CNG,20.43,14.9,4,1524,66.7,2.91,,90.0,-0.78,-2.34,13.6,0.0,39.2,1.45,ARMED,,22.0,4,
1791429743574,28.621802,77.301363,38.0,CNG,18.14,29.0,5,1023,79.6,9.97,,90.0,0.00,-3.13,13.6,19.3,38.0,0.00,ARMED,,22.4,4,
1791429744323,28.621802,77.301363,40.0,CNG,17.15,29.8,5,1199,79.6,10.26,,90.0,0.00,-3.13,13.6,20.3,39.7,0.82,ARMED,,22.4,4,
1791429745071,28.621765,77.301258,41.0,CNG,17.03,29.8,5,1227,79.6,9.93,,90.0,0.00,-3.13,13.7,20.3,40.7,1.05,ARMED,,22.4,4,
1791429746818,28.621690,77.301037,42.0,CNG,16.94,29.8,5,1258,76.1,10.21,,91.0,-0.78,-3.13,13.7,20.3,41.9,1.12,ARMED,,22.4,4,
1791429747694,28.621651,77.300921,44.0,CNG,17.31,29.0,5,1316,76.1,10.08,,91.0,-0.78,-3.13,13.7,19.3,44.0,1.15,ARMED,,22.4,4,
1791429748419,28.621611,77.300803,45.0,CNG,17.35,28.6,5,1334,76.1,10.57,,91.0,-0.78,-3.13,13.7,18.7,44.7,1.11,ARMED,,22.4,4,
1791429750254,28.621571,77.300683,45.0,CNG,17.33,28.6,5,1351,65.1,10.63,,91.0,-1.56,-2.34,13.7,18.7,45.4,0.93,ARMED,,13.7,4,
1791429751134,28.621529,77.300561,46.0,CNG,20.58,25.1,5,1386,65.1,6.68,,91.0,-1.56,-2.34,13.7,13.9,46.4,0.63,ARMED,,13.7,4,
1791429751915,28.621488,77.300439,46.0,CNG,20.08,24.7,5,1388,65.1,9.70,,91.0,-1.56,-2.34,13.5,13.4,46.6,0.46,ARMED,,13.7,4,
1791429753685,28.621403,77.300189,47.0,CNG,20.27,23.9,5,1407,56.5,9.35,,91.0,-2.34,-3.13,13.5,12.3,47.0,0.46,ARMED,,20.4,5,
1791429754570,28.621358,77.300062,49.0,CNG,25.18,22.7,5,1439,56.5,5.24,,91.0,-2.34,-3.13,13.7,10.7,48.1,0.54,ARMED,,20.4,5,
1791429755307,28.621316,77.299934,49.0,CNG,25.26,22.7,5,1451,56.5,7.89,,90.0,-2.34,-3.13,13.7,10.7,48.6,0.55,ARMED,,20.4,5,
1791429757054,28.621273,77.299804,49.0,CNG,25.87,22.7,5,1470,39.2,7.47,,90.0,0.78,-3.91,13.6,10.7,49.2,0.58,ARMED,,18.4,5,
1791429757909,28.621229,77.299674,50.0,CNG,27.62,22.7,5,1494,39.2,6.67,,89.0,0.78,-3.91,13.6,10.7,50.0,0.55,ARMED,,18.4,5,
1791429758690,28.621183,77.299540,51.0,CNG,29.89,22.7,5,1505,39.2,6.15,,89.0,0.78,-3.91,13.7,10.7,50.4,0.54,ARMED,,18.4,5,
1791429760555,28.621092,77.299270,51.0,CNG,38.44,21.2,5,1526,27.5,3.15,,88.0,1.56,-4.69,13.7,8.6,51.1,0.58,ARMED,,16.9,5,
1791429761438,28.621043,77.299135,52.0,CNG,41.97,21.2,5,1541,27.5,4.39,,88.0,1.56,-4.69,13.8,8.6,51.7,0.40,ARMED,,16.9,5,
1791429762216,28.621043,77.299135,52.0,CNG,43.33,21.6,5,1557,27.5,4.67,,88.0,1.56,-4.69,13.8,9.1,52.2,0.43,ARMED,,16.9,5,
1791429763950,28.620945,77.298865,53.0,CNG,41.02,21.6,5,1558,30.6,5.69,,88.0,-0.78,-4.69,13.5,9.1,52.4,0.39,ARMED,,17.6,5,
1791429764827,28.620891,77.298728,53.0,CNG,41.82,21.6,5,1586,30.6,5.03,,87.0,-0.78,-4.69,13.5,9.1,53.2,0.42,ARMED,,17.6,5,
1791429765619,28.620838,77.298591,53.0,CNG,41.85,21.6,5,1597,30.6,5.17,,87.0,-0.78,-4.69,13.7,9.1,53.5,0.42,ARMED,,17.6,5,
1791429767333,28.620738,77.298302,54.0,CNG,43.02,21.6,5,1596,30.2,4.92,,86.0,-1.56,-4.69,13.7,9.1,53.6,0.35,ARMED,,17.6,5,
1791429768218,28.620738,77.298302,54.0,CNG,43.50,14.9,5,1616,30.2,4.99,,86.0,-1.56,-4.69,13.8,0.0,54.2,0.34,ARMED,,17.6,5,
1791429768967,28.620692,77.298160,54.0,CNG,43.17,20.8,5,1602,30.2,5.17,,86.0,-1.56,-4.69,13.8,8.0,54.0,0.08,CANDIDATE,54.0,17.6,5,
1791429770830,28.620616,77.297877,54.0,CNG,48.43,14.9,5,1622,19.6,3.73,,86.0,0.00,0.00,13.8,0.0,54.3,0.13,LOCKED,54.3,15.7,5,
1791429771798,28.620576,77.297741,48.0,CNG,51.11,14.9,5,1485,19.6,3.48,,86.0,0.00,0.00,13.8,0.0,50.0,-1.83,LOCKED,54.3,15.7,4,
1791429772560,28.620537,77.297621,45.0,CNG,53.92,14.9,5,1328,19.6,3.09,,86.0,0.00,0.00,13.7,0.0,46.0,-3.36,LOCKED,54.3,15.7,4,
1791429774317,28.620466,77.297400,42.0,CNG,28.83,23.5,5,1263,31.8,10.79,,86.0,2.34,-3.91,13.7,11.8,42.4,-3.67,LOCKED,54.3,17.6,4,
1791429775231,28.620466,77.297400,42.0,CNG,30.40,20.8,5,1236,31.8,5.14,,86.0,2.34,-3.91,13.7,8.0,40.7,-1.50,LOCKED,54.3,17.6,4,
1791429776107,28.620431,77.297289,42.0,CNG,32.08,20.8,5,1242,31.8,4.88,,86.0,2.34,-3.91,13.7,8.0,40.8,-0.76,ARMED,,17.6,5,
1791429777767,28.620358,77.297065,42.0,CNG,32.95,20.4,5,1223,39.6,4.99,,86.0,-1.56,-4.69,13.6,7.5,40.7,-0.45,ARMED,,16.1,5,
1791429778618,28.620321,77.296957,40.0,CNG,35.13,20.8,5,1214,39.6,4.16,,86.0,-1.56,-4.69,13.6,8.0,40.5,-0.16,ARMED,,16.1,5,
1791429779391,28.620321,77.296957,40.0,CNG,38.56,21.2,5,1197,39.6,3.59,,86.0,-1.56,-4.69,13.9,8.6,40.2,-0.23,ARMED,,16.1,5,
1791429781069,28.620252,77.296750,40.0,CNG,37.79,21.6,5,1183,40.0,4.46,,86.0,1.56,-4.69,13.9,9.1,39.7,-0.38,ARMED,,16.9,5,
1791429781866,28.620217,77.296647,39.0,CNG,36.08,21.2,5,1155,40.0,4.73,,86.0,1.56,-4.69,13.6,8.6,38.7,-0.54,ARMED,,16.9,5,
1791429782589,28.620183,77.296546,39.0,CNG,34.47,21.2,5,1153,40.0,4.94,,87.0,1.56,-4.69,13.6,8.6,38.5,-0.49,ARMED,,16.9,5,
1791429784167,28.620148,77.296445,39.0,CNG,33.65,21.6,5,1151,40.8,4.91,,87.0,0.00,-4.69,13.5,9.1,38.4,-0.34,ARMED,,16.9,5,
1791429784968,28.620114,77.296345,38.0,CNG,34.60,21.6,5,1143,40.8,4.29,,87.0,0.00,-4.69,13.5,9.1,38.2,-0.17,ARMED,,16.9,5,
1791429785793,28.620086,77.296244,38.0,CNG,33.31,21.6,5,1142,40.8,4.93,,87.0,0.00,-4.69,13.8,9.1,38.2,-0.14,ARMED,,16.9,5,
1791429787405,28.620051,77.296146,38.0,CNG,28.72,30.2,5,1137,84.7,6.54,,87.0,7.03,-3.13,13.8,20.9,38.1,-0.14,ARMED,,23.1,4,
1791429788217,28.620016,77.296045,39.0,CNG,23.00,29.0,5,1167,84.7,8.96,,87.0,7.03,-3.13,13.8,19.3,38.9,0.36,ARMED,,23.1,4,
1791429789028,28.619981,77.295941,41.0,CNG,19.86,14.9,5,1194,84.7,10.06,,88.0,7.03,-3.13,13.8,0.0,39.7,0.67,ARMED,,23.1,4,
1791429790801,28.619912,77.295731,41.0,CNG,24.65,23.5,5,1221,59.6,4.43,,88.0,0.00,-3.91,13.5,11.8,40.7,0.90,ARMED,,20.8,5,
1791429791678,28.619878,77.295626,41.0,CNG,22.08,24.3,5,1206,59.6,8.75,,88.0,0.00,-3.91,13.5,12.8,40.7,0.16,ARMED,,20.8,5,
1791429792494,28.619842,77.295518,41.0,CNG,21.20,24.3,5,1214,59.6,8.37,,88.0,0.00,-3.91,13.4,12.8,40.8,0.15,ARMED,,20.8,5,
1791429794391,28.619769,77.295299,41.0,CNG,19.84,24.3,5,1226,66.7,9.25,,89.0,-0.78,-3.13,13.5,12.8,41.1,0.20,ARMED,,20.8,4,
1791429795270,28.619769,77.295299,43.0,CNG,20.02,23.9,5,1263,66.7,8.67,,89.0,-0.78,-3.13,13.6,12.3,42.4,0.60,ARMED,,20.8,4,
1791429796050,28.619730,77.295188,43.0,CNG,19.99,22.7,5,1283,66.7,8.81,,89.0,-0.78,-3.13,13.6,10.7,43.0,0.66,ARMED,,20.8,4,
1791429797817,28.619652,77.294958,43.0,CNG,28.31,23.9,5,1300,51.8,2.40,,89.0,-2.34,-3.91,13.7,12.3,43.6,0.66,ARMED,,19.2,5,
1791429798693,28.619613,77.294845,44.0,CNG,26.06,23.9,5,1309,51.8,7.70,,90.0,-2.34,-3.91,13.7,12.3,44.1,0.32,ARMED,,19.2,5,
1791429799474,28.619576,77.294723,45.0,CNG,25.35,23.9,5,1325,51.8,7.54,,90.0,-2.34,-3.91,13.8,12.3,44.4,0.36,ARMED,,19.2,5,
1791429801241,28.619540,77.294597,46.0,CNG,26.10,23.9,5,1358,48.2,6.90,,90.0,0.00,-3.91,13.8,12.3,45.4,0.71,ARMED,,19.2,5,
1791429802098,28.619497,77.294478,47.0,CNG,35.58,14.9,5,1407,48.2,2.60,,90.0,0.00,-3.91,13.7,0.0,47.2,0.98,ARMED,,19.2,5,
1791429802895,28.619457,77.294354,47.0,CNG,41.41,14.9,5,1398,48.2,3.53,,90.0,0.00,-3.91,13.7,0.0,47.4,0.61,ARMED,,19.2,5,
1791429804657,28.619376,77.294114,46.0,CNG,46.89,14.9,5,1372,20.4,3.21,,90.0,0.00,0.00,13.6,0.0,46.7,-0.05,ARMED,,14.9,5,
1791429805581,28.619342,77.293997,44.0,CNG,54.62,14.9,5,1320,20.4,2.44,,91.0,0.00,0.00,13.6,0.0,44.5,-0.97,ARMED,,14.9,5,
1791429806413,28.619308,77.293883,44.0,CNG,54.12,14.9,5,1321,20.4,3.37,,91.0,0.00,0.00,13.8,0.0,44.1,-0.77,ARMED,,14.9,5,
1791429808197,28.619274,77.293766,44.0,CNG,54.72,14.9,5,1297,21.2,3.23,,90.0,0.00,0.00,13.8,0.0,43.5,-0.75,ARMED,,14.5,5,
1791429809119,28.619239,77.293652,42.0,CNG,49.85,20.0,5,1256,21.2,3.93,,90.0,0.00,0.00,13.6,7.0,42.1,-0.75,ARMED,,14.5,5,
1791429809836,28.619206,77.293545,42.0,CNG,44.37,20.4,5,1266,21.2,4.53,,90.0,0.00,0.00,13.6,7.5,42.1,-0.44,ARMED,,14.5,5,
1791429811563,28.619126,77.293316,43.0,CNG,39.64,21.6,5,1286,51.4,5.14,,90.0,-1.56,-3.91,13.5,9.1,42.6,0.07,ARMED,,19.6,5,
1791429812430,28.619085,77.293197,45.0,CNG,30.31,22.7,5,1333,51.4,8.11,,89.0,-1.56,-3.91,13.5,10.7,44.5,0.87,ARMED,,19.6,5,
1791429813169,28.619085,77.293197,46.0,CNG,27.05,22.7,5,1357,51.4,8.02,,89.0,-1.56,-3.91,13.7,10.7,45.4,1.02,ARMED,,19.6,5,
1791429814899,28.619003,77.292949,47.0,CNG,25.75,22.7,5,1393,49.0,7.97,,88.0,-0.78,-3.13,13.7,10.7,46.6,1.20,ARMED,,19.2,5,
1791429815749,28.618961,77.292823,49.0,CNG,26.35,21.6,5,1436,49.0,7.35,,88.0,-0.78,-3.13,13.8,9.1,48.3,1.13,ARMED,,19.2,5,
1791429816527,28.618921,77.292692,49.0,CNG,29.72,21.6,5,1460,49.0,5.50,,88.0,-0.78,-3.13,13.8,9.1,49.2,1.11,ARMED,,19.2,5,
1791429818288,28.618876,77.292563,50.0,CNG,31.87,21.6,5,1482,32.5,5.75,,88.0,-1.56,-4.69,13.7,9.1,50.0,1.06,ARMED,,17.6,5,
1791429819141,28.618828,77.292430,51.0,CNG,33.14,22.0,5,1501,32.5,5.93,,87.0,-1.56,-4.69,13.7,9.6,50.7,0.55,ARMED,,17.6,5,
1791429819958,28.618782,77.292296,51.0,CNG,34.50,22.0,5,1518,32.5,5.68,,87.0,-1.56,-4.69,13.8,9.6,51.1,0.55,ARMED,,17.6,5,
1791429821687,28.618690,77.292024,52.0,CNG,35.96,22.0,5,1528,32.2,5.55,,87.0,-0.78,-4.69,13.8,9.6,51.5,0.53,ARMED,,17.6,5,
1791429822558,28.618639,77.291885,52.0,CNG,37.69,22.0,5,1569,32.2,5.24,,87.0,-0.78,-4.69,13.6,9.6,52.7,0.59,ARMED,,17.6,5,
1791429823306,28.618639,77.291885,53.0,CNG,37.23,14.9,5,1567,32.2,5.92,,87.0,-0.78,-4.69,13.6,0.0,52.9,0.43,ARMED,,17.6,5,
1791429825071,28.618554,77.291607,53.0,CNG,36.17,22.0,5,1582,29.8,6.24,,87.0,0.00,-4.69,13.8,9.6,53.2,0.41,ARMED,,15.7,5,
1791429825992,28.618506,77.291466,53.0,CNG,45.38,14.9,5,1559,29.8,2.97,,87.0,0.00,-4.69,13.8,0.0,52.6,-0.18,ARMED,,15.7,5,
1791429826780,28.618462,77.291325,52.0,CNG,50.25,14.9,5,1559,29.8,3.54,,87.0,0.00,-4.69,13.7,0.0,52.5,-0.19,ARMED,,15.7,5,
1791429828725,28.618371,77.291069,50.0,CNG,53.46,14.9,5,1507,20.0,3.44,,87.0,0.00,0.00,13.7,0.0,51.2,-0.82,ARMED,,14.9,5,
1791429829612,28.618322,77.290945,47.0,CNG,41.80,14.9,5,1379,20.0,6.24,,87.0,0.00,0.00,13.6,0.0,46.7,-2.07,ARMED,,14.9,5,
1791429830405,28.618279,77.290819,47.0,CNG,49.00,14.9,5,1397,20.0,2.85,,87.0,0.00,0.00,13.6,0.0,46.3,-1.32,ARMED,,14.9,5,
1791429832203,28.618238,77.290703,46.0,CNG,54.11,19.6,5,1367,29.8,2.90,,87.0,0.00,-5.47,13.8,6.4,45.8,-1.00,ARMED,,16.5,5,
1791429833042,28.618195,77.290586,45.0,CNG,56.08,14.9,5,1368,29.8,3.09,,87.0,0.00,-5.47,13.8,0.0,45.7,-0.21,ARMED,,16.5,5,
1791429833835,28.618159,77.290466,45.0,CNG,55.81,14.9,5,1327,29.8,3.32,,87.0,0.00,-5.47,13.8,0.0,45.0,-0.55,ARMED,,16.5,5,
1791429835572,28.618077,77.290244,43.0,CNG,54.93,14.9,5,1284,46.3,3.28,,87.0,0.00,-5.47,13.8,0.0,43.6,-1.06,ARMED,,18.0,5,
1791429836497,28.618040,77.290134,42.0,CNG,40.27,22.4,5,1240,46.3,6.08,,87.0,0.00,-5.47,13.7,10.2,41.7,-1.07,ARMED,,18.0,5,
1791429837235,28.618040,77.290134,42.0,CNG,33.93,22.4,5,1255,46.3,6.30,,87.0,0.00,-5.47,13.7,10.2,41.7,-0.59,ARMED,,18.0,5,
1791429839007,28.617969,77.289911,42.0,CNG,30.76,23.5,5,1259,41.6,6.38,,87.0,0.78,-3.91,13.6,11.8,41.9,-0.16,ARMED,,14.1,5,
1791429839928,28.617931,77.289802,41.0,CNG,39.01,14.9,5,1225,41.6,2.50,,87.0,0.78,-3.91,13.6,0.0,41.2,-0.36,ARMED,,14.1,5,
1791429840689,28.617898,77.289697,39.0,CNG,47.38,14.9,5,1172,41.6,2.20,,87.0,0.78,-3.91,13.8,0.0,40.0,-0.91,ARMED,,14.1,5,
1791429842224,28.617864,77.289617,32.0,CNG,55.54,14.9,5,979,21.6,1.58,,88.0,0.00,-2.34,13.8,0.0,35.5,-3.17,ARMED,,13.3,5,
1791429843038,28.617837,77.289540,30.0,CNG,44.65,25.9,5,901,21.6,3.75,,88.0,0.00,-2.34,13.9,15.0,30.2,-3.22,ARMED,,13.3,5,
1791429843801,28.617804,77.289463,31.0,CNG,30.29,30.6,5,909,21.6,6.42,,88.0,0.00,-2.34,13.9,21.4,29.4,-2.18,ARMED,,13.3,4,
1791429845427,28.617740,77.289297,32.0,CNG,25.14,14.9,5,948,23.1,6.57,,88.0,-11.72,-1.56,13.8,0.0,30.3,-0.72,ARMED,,13.3,5,
1791429846170,28.617740,77.289297,32.0,CNG,31.37,14.9,5,955,23.1,2.59,,88.0,-11.72,-1.56,13.8,0.0,31.7,0.49,ARMED,,13.3,5,
1791429846996,28.617710,77.289217,29.0,CNG,40.82,14.9,5,876,23.1,1.44,,88.0,-11.72,-1.56,13.8,0.0,30.4,-0.49,ARMED,,13.3,5,
1791429848571,28.617649,77.289080,27.0,CNG,28.17,36.1,5,818,89.0,6.01,,88.0,14.06,-3.91,13.8,28.9,28.4,-1.41,ARMED,,33.7,4,
1791429849467,28.617622,77.289006,28.0,CNG,28.09,36.1,5,829,89.0,4.09,,88.0,14.06,-3.91,13.1,28.9,27.6,-0.68,ARMED,,33.7,4,
1791429850196,28.617622,77.289006,28.0,CNG,27.49,36.1,5,835,89.0,4.30,,88.0,14.06,-3.91,13.1,28.9,27.6,-0.35,ARMED,,33.7,4,
1791429851990,28.617563,77.288859,28.0,CNG,36.12,36.1,5,848,91.8,1.65,,88.0,2.34,-3.91,13.5,28.9,28.0,0.07,ARMED,,34.9,4,
1791429852868,28.617532,77.288783,29.0,CNG,21.02,36.1,5,877,91.8,9.09,,89.0,2.34,-3.91,13.5,28.9,29.2,0.53,ARMED,,34.9,4,
1791429853647,28.617499,77.288710,30.0,CNG,22.50,36.1,5,900,91.8,4.90,,89.0,2.34,-3.91,13.5,28.9,29.9,0.71,ARMED,,34.9,4,
1791429855410,28.617432,77.288546,31.0,CNG,14.99,36.1,5,913,99.2,12.43,,89.0,3.13,-3.91,13.5,28.9,30.6,0.71,ARMED,,36.9,4,
1791429856353,28.617432,77.288546,33.0,CNG,20.53,36.1,5,970,99.2,3.27,,89.0,3.13,-3.91,13.6,28.9,32.5,1.00,ARMED,,36.9,4,
1791429857128,28.617395,77.288462,34.0,CNG,21.12,36.1,5,1007,99.2,6.32,,90.0,3.13,-3.91,13.6,28.9,33.6,1.19,ARMED,,36.9,4,
1791429858880,28.617321,77.288289,35.0,CNG,16.54,36.1,5,1043,37.6,11.24,,90.0,2.34,-3.91,13.6,28.9,34.9,1.26,ARMED,,13.3,4,
1791429859773,28.617279,77.288196,36.0,CNG,20.19,26.7,5,1074,37.6,5.05,,91.0,2.34,-3.91,13.6,16.1,36.2,0.82,ARMED,,13.3,4,
1791429860581,28.617240,77.288105,36.0,CNG,19.07,26.7,5,1071,37.6,8.33,,91.0,2.34,-3.91,13.6,16.1,36.3,0.51,ARMED,,13.3,4,
1791429862451,28.617162,77.287921,37.0,CNG,18.55,26.7,5,1094,73.7,8.47,,91.0,0.00,-3.91,13.7,16.1,36.7,0.52,ARMED,,21.2,4,
1791429863194,28.617162,77.287921,39.0,CNG,29.42,25.1,5,1158,73.7,1.04,,91.0,0.00,-3.91,13.9,13.9,38.8,1.03,ARMED,,21.2,4,
1791429863925,28.617117,77.287825,38.0,CNG,30.74,25.1,5,1143,73.7,4.72,,91.0,0.00,-3.91,13.9,13.9,38.8,0.60,ARMED,,21.2,4,
1791429865530,28.617026,77.287636,38.0,CNG,25.13,23.9,5,1142,57.3,7.85,,91.0,0.00,-3.91,13.8,12.3,38.7,0.27,ARMED,,15.7,5,
1791429866322,28.617026,77.287636,39.0,CNG,34.57,14.9,5,1151,57.3,2.10,,91.0,0.00,-3.91,13.8,0.0,38.7,0.08,ARMED,,15.7,5,
1791429867122,28.616978,77.287541,37.0,CNG,41.78,14.9,5,1123,57.3,2.45,,91.0,0.00,-3.91,13.6,0.0,38.1,-0.32,ARMED,,15.7,5,
1791429868718,28.616896,77.287388,31.0,CNG,41.65,14.9,5,942,31.0,3.06,,91.0,0.78,-1.56,13.6,0.0,34.1,-2.54,ARMED,,14.5,5,
1791429869468,28.616862,77.287322,27.0,CNG,28.28,14.9,5,818,31.0,6.34,,91.0,0.78,-1.56,13.6,0.0,27.7,-3.61,ARMED,,14.5,5,
1791429870246,28.616862,77.287322,27.0,CNG,24.15,27.8,5,803,31.0,5.75,,90.0,0.78,-1.56,13.6,17.7,26.1,-2.88,ARMED,,14.5,4,
1791429871991,28.616785,77.287191,28.0,CNG,18.78,29.0,5,830,94.5,8.26,,90.0,2.34,-3.91,13.5,19.3,26.3,-1.40,ARMED,,32.9,4,
1791429872722,28.616743,77.287118,31.0,CNG,15.09,29.4,5,925,94.5,10.72,,90.0,2.34,-3.91,13.5,19.8,30.1,1.45,ARMED,,32.9,4,
1791429873571,28.616697,77.287041,33.0,CNG,19.43,23.9,5,974,94.5,4.23,,90.0,2.34,-3.91,13.6,12.3,32.1,1.97,ARMED,,32.9,4,
1791429875146,28.616647,77.286960,34.0,CNG,21.75,24.3,5,1001,67.5,5.34,,90.0,-0.78,-3.91,13.6,12.8,33.6,1.94,ARMED,,21.6,4,
1791429875921,28.616597,77.286879,36.0,CNG,19.88,25.9,5,1047,67.5,8.26,,90.0,-0.78,-3.91,13.7,15.0,35.4,1.32,ARMED,,21.6,4,
1791429876680,28.616544,77.286794,37.0,CNG,20.18,25.9,5,1088,67.5,7.34,,89.0,-0.78,-3.91,13.7,15.0,36.5,1.36,ARMED,,21.6,4,
1791429878353,28.616488,77.286707,39.0,CNG,20.18,25.9,5,1136,66.3,7.90,,89.0,-1.56,-3.91,13.6,15.0,38.0,1.59,ARMED,,20.0,4,
1791429879167,28.616426,77.286614,41.0,CNG,26.93,23.9,5,1231,66.3,3.43,,89.0,-1.56,-3.91,13.6,12.3,41.3,1.85,ARMED,,20.0,4,
1791429880034,28.616364,77.286523,42.0,CNG,26.04,23.9,5,1236,66.3,6.89,,89.0,-1.56,-3.91,13.8,12.3,42.1,1.39,ARMED,,20.0,4,
1791429881710,28.616233,77.286326,43.0,CNG,25.75,23.9,5,1268,52.2,6.93,,89.0,0.00,-3.91,13.8,12.3,42.9,1.20,ARMED,,19.2,5,
1791429882612,28.616162,77.286222,46.0,CNG,22.90,23.5,5,1356,52.2,9.43,,89.0,0.00,-3.91,13.7,11.8,45.6,1.49,ARMED,,19.2,5,
1791429883341,28.616091,77.286118,47.0,CNG,26.66,23.1,5,1390,52.2,5.58,,88.0,0.00,-3.91,13.7,11.2,46.8,1.51,ARMED,,19.2,5,
1791429885100,28.616016,77.286017,47.0,CNG,32.09,14.9,5,1413,20.0,4.25,,88.0,0.00,0.00,13.7,0.0,47.8,1.30,ARMED,,15.3,5,
1791429885971,28.615940,77.285924,47.0,CNG,38.25,14.9,5,1422,20.0,3.62,,88.0,0.00,0.00,13.7,0.0,48.1,0.40,ARMED,,15.3,5,
1791429886779,28.615861,77.285830,46.0,CNG,43.45,19.2,5,1372,20.0,3.44,,88.0,0.00,0.00,13.8,5.9,46.9,-0.44,ARMED,,15.3,5,
1791429888465,28.615709,77.285644,45.0,CNG,30.52,23.1,5,1369,54.9,8.78,,87.0,0.78,-3.13,13.8,11.2,46.2,-0.66,ARMED,,19.2,5,
1791429889418,28.615633,77.285547,46.0,CNG,31.19,21.2,5,1370,54.9,5.83,,87.0,0.78,-3.13,13.7,8.6,45.9,-0.27,ARMED,,19.2,5,
1791429890174,28.615633,77.285547,46.0,CNG,31.35,21.6,5,1367,54.9,5.95,,86.0,0.78,-3.13,13.7,9.1,45.8,-0.22,ARMED,,19.2,5,
1791429891991,28.615475,77.285362,46.0,CNG,34.15,21.2,5,1370,29.8,4.77,,86.0,-2.34,-5.47,13.8,8.6,45.8,-0.15,ARMED,,16.5,5,
1791429892893,28.615395,77.285265,47.0,CNG,40.16,20.0,5,1389,29.8,3.55,,86.0,-2.34,-5.47,13.8,7.0,46.6,0.28,ARMED,,16.5,5,
1791429893706,28.615319,77.285169,46.0,CNG,47.52,14.9,5,1392,29.8,2.86,,86.0,-2.34,-5.47,13.8,0.0,46.7,0.27,ARMED,,16.5,5,
1791429895626,28.615167,77.284973,46.0,CNG,38.53,21.6,5,1371,30.6,6.27,,86.0,0.00,-4.69,13.8,9.1,46.3,-0.10,ARMED,,16.5,5,
1791429896521,28.615092,77.284876,46.0,CNG,39.67,20.4,5,1368,30.6,4.53,,86.0,0.00,-4.69,13.9,7.5,45.9,-0.14,ARMED,,16.5,5,
1791429897254,28.615092,77.284876,46.0,CNG,42.53,19.6,5,1366,30.6,3.94,,86.0,0.00,-4.69,13.9,6.4,45.9,-0.14,ARMED,,16.5,5,
1791429899050,28.614938,77.284692,46.0,CNG,45.28,20.0,5,1353,23.5,3.75,,86.0,0.00,-6.25,13.8,7.0,45.5,-0.19,ARMED,,16.1,5,
1791429899907,28.614860,77.284603,45.0,CNG,44.30,19.6,5,1340,23.5,4.29,,86.0,0.00,-6.25,13.8,6.4,45.0,-0.23,ARMED,,16.1,5,
1791429900703,28.614781,77.284513,45.0,CNG,41.01,19.2,5,1333,23.5,4.99,,86.0,0.00,-6.25,13.7,5.9,44.8,-0.24,ARMED,,16.1,5,
1791429902411,28.614624,77.284344,44.0,CNG,47.90,14.9,5,1299,20.8,2.78,,87.0,0.00,0.00,13.7,0.0,44.0,-0.59,ARMED,,14.9,5,
1791429903305,28.614624,77.284344,42.0,CNG,50.01,14.9,5,1267,20.8,3.19,,87.0,0.00,0.00,13.8,0.0,42.6,-0.77,ARMED,,14.9,5,
1791429904036,28.614541,77.284269,42.0,CNG,51.25,20.4,5,1245,20.8,3.22,,87.0,0.00,0.00,13.8,7.5,41.9,-0.81,ARMED,,14.9,5,
1791429905754,28.614376,77.284130,41.0,CNG,43.15,20.4,5,1210,40.8,4.85,,87.0,2.34,-5.47,13.8,7.5,40.8,-1.01,ARMED,,17.3,5,
1791429906603,28.614287,77.284065,42.0,CNG,42.75,20.4,5,1238,40.8,4.07,,87.0,2.34,-5.47,13.8,7.5,41.3,0.02,ARMED,,17.3,5,
1791429907362,28.614193,77.284008,42.0,CNG,44.55,20.4,5,1266,40.8,3.61,,87.0,2.34,-5.47,13.7,7.5,42.1,0.44,ARMED,,17.3,5,
1791429909150,28.614094,77.283969,42.0,CNG,47.79,20.0,5,1252,27.5,3.20,,87.0,-1.56,-6.25,13.7,7.0,42.2,0.27,ARMED,,15.7,5,
1791429910033,28.613988,77.283941,42.0,CNG,45.37,20.8,5,1250,27.5,4.07,,87.0,-1.56,-6.25,13.8,8.0,42.1,0.00,ARMED,,15.7,5,
1791429910809,28.613885,77.283936,42.0,CNG,44.17,20.8,5,1240,27.5,4.04,,87.0,-1.56,-6.25,13.8,8.0,41.8,-0.07,ARMED,,15.7,5,
1791429912620,28.613682,77.283977,42.0,CNG,40.38,20.8,5,1254,34.1,4.80,,87.0,-0.78,-5.47,13.8,8.0,42.0,0.00,ARMED,,16.9,5,
1791429913512,28.613582,77.284019,43.0,CNG,37.07,21.6,5,1275,34.1,5.31,,88.0,-0.78,-5.47,13.8,9.1,42.8,0.34,ARMED,,16.9,5,
1791429914276,28.613582,77.284019,43.0,CNG,38.31,21.6,5,1278,34.1,4.36,,88.0,-0.78,-5.47,13.8,9.1,43.0,0.33,ARMED,,16.9,5,
1791429916056,28.613392,77.284125,43.0,CNG,36.69,21.6,5,1275,43.9,5.09,,88.0,-0.78,-4.69,13.8,9.1,43.0,0.17,ARMED,,17.6,5,
1791429917004,28.613297,77.284178,43.0,CNG,33.39,21.6,5,1272,43.9,5.97,,88.0,-0.78,-4.69,13.8,9.1,42.9,-0.04,ARMED,,17.6,5,
1791429917726,28.613202,77.284229,43.0,CNG,31.04,21.6,5,1278,43.9,6.26,,88.0,-0.78,-4.69,13.8,9.1,42.9,-0.01,ARMED,,17.6,5,
1791429919495,28.613003,77.284308,43.0,CNG,30.72,21.6,5,1262,46.3,5.81,,88.0,-0.78,-4.69,13.8,9.1,42.6,-0.17,ARMED,,18.4,5,
1791429920328,28.613003,77.284308,43.0,CNG,29.76,21.6,5,1278,46.3,6.18,,89.0,-0.78,-4.69,13.8,9.1,43.0,0.11,ARMED,,18.4,5,
1791429921111,28.612901,77.284337,43.0,CNG,29.04,21.6,5,1282,46.3,6.27,,89.0,-0.78,-4.69,13.8,9.1,43.1,0.13,ARMED,,18.4,5,
1791429922888,28.612691,77.284383,43.0,CNG,28.72,21.6,5,1293,36.9,6.22,,89.0,-1.56,-5.47,13.8,9.1,43.4,0.18,ARMED,,16.9,5,
1791429923808,28.612585,77.284392,44.0,CNG,30.82,20.0,5,1294,36.9,5.21,,89.0,-1.56,-5.47,13.7,7.0,43.6,0.15,ARMED,,16.9,5,
1791429924507,28.612476,77.284393,43.0,CNG,40.27,20.8,5,1297,36.9,2.34,,90.0,-1.56,-5.47,13.7,8.0,43.7,0.14,ARMED,,16.9,5,
1791429926320,28.612265,77.284378,43.0,CNG,47.79,14.9,5,1292,21.2,2.64,,90.0,0.00,0.00,13.8,0.0,43.6,0.07,ARMED,,14.5,5,
1791429927177,28.612265,77.284378,41.0,CNG,50.10,14.9,5,1222,21.2,3.09,,90.0,0.00,0.00,13.8,0.0,41.4,-0.98,ARMED,,14.5,5,
1791429927926,28.612167,77.284371,40.0,CNG,51.09,14.9,5,1183,21.2,3.10,,90.0,0.00,0.00,13.7,0.0,40.2,-1.30,ARMED,,14.5,5,
1791429929687,28.611974,77.284383,39.0,CNG,58.22,14.9,5,1160,50.2,2.13,,90.0,0.00,-5.47,13.8,0.0,39.1,-1.33,ARMED,,19.2,5,
1791429930456,28.611884,77.284412,38.0,CNG,37.93,23.5,5,1132,50.2,6.37,,90.0,0.00,-5.47,13.8,11.8,37.9,-0.78,ARMED,,19.2,5,
1791429931201,28.611884,77.284412,38.0,CNG,46.91,14.9,5,1138,50.2,2.09,,90.0,0.00,-5.47,13.8,0.0,37.9,-0.44,ARMED,,19.2,5,
1791429932905,28.611714,77.284515,38.0,CNG,53.34,16.9,5,1135,53.3,2.30,,90.0,1.56,-4.69,13.3,2.7,37.9,-0.22,ARMED,,18.4,5,
1791429933670,28.611635,77.284574,39.0,CNG,35.04,19.6,5,1138,53.3,6.86,,90.0,1.56,-4.69,13.3,6.4,38.2,0.10,ARMED,,18.4,5,
1791429934430,28.611556,77.284632,39.0,CNG,39.39,14.9,5,1151,53.3,3.30,,90.0,1.56,-4.69,13.5,0.0,38.6,0.26,ARMED,,18.4,5,
1791429936127,28.611479,77.284693,38.0,CNG,41.83,14.9,5,1146,26.3,3.36,,90.0,-3.13,-1.56,13.5,0.0,38.7,0.22,ARMED,,14.9,5,
1791429936913,28.611399,77.284753,38.0,CNG,48.60,14.9,5,1131,26.3,2.41,,90.0,-3.13,-1.56,13.7,0.0,38.2,-0.17,ARMED,,14.9,5,
1791429937707,28.611325,77.284814,37.0,CNG,53.60,14.9,5,1115,26.3,2.37,,90.0,-3.13,-1.56,13.7,0.0,37.7,-0.38,ARMED,,14.9,5,
1791429939383,28.611251,77.284864,35.0,CNG,48.78,14.9,5,1052,25.1,3.36,,90.0,-1.56,-1.56,13.5,0.0,36.2,-1.09,ARMED,,13.3,5,
1791429940135,28.611185,77.284918,25.0,CNG,47.33,14.9,5,789,25.1,2.30,,90.0,-1.56,-1.56,13.5,0.0,27.3,-4.33,ARMED,,13.3,5,
1791429940903,28.611137,77.284951,23.0,CNG,45.31,14.9,4,901,25.1,2.26,,90.0,-1.56,-1.56,13.8,0.0,23.0,0.00,ARMED,,13.3,4,
1791429942524,28.611046,77.285010,23.0,CNG,44.44,16.5,4,862,62.7,2.19,,90.0,2.34,-5.47,13.8,2.1,23.0,0.00,ARMED,,20.0,3,
1791429943359,28.611046,77.285010,22.0,CNG,24.90,26.3,4,854,62.7,6.45,,90.0,2.34,-5.47,13.7,15.5,22.1,-0.41,ARMED,,20.0,3,
1791429944112,28.610995,77.285038,23.0,CNG,19.73,25.5,4,896,62.7,6.35,,90.0,2.34,-5.47,13.7,14.4,22.6,0.05,ARMED,,20.0,3,
1791429945804,28.610888,77.285094,24.0,CNG,27.09,14.9,4,936,22.7,1.60,,90.0,-10.94,-1.56,13.8,0.0,23.5,0.56,ARMED,,13.3,4,
1791429946567,28.610831,77.285125,23.0,CNG,34.85,14.9,4,916,22.7,1.49,,90.0,-10.94,-1.56,13.8,0.0,23.6,0.18,ARMED,,13.3,4,
1791429947311,28.610831,77.285125,22.0,CNG,40.03,14.9,4,864,22.7,1.71,,90.0,-10.94,-1.56,13.7,0.0,22.8,-0.38,ARMED,,13.3,4,
1791429948905,28.610739,77.285170,21.0,CNG,47.44,14.9,4,803,44.3,1.26,,90.0,3.91,-2.34,13.7,0.0,21.3,-1.07,ARMED,,19.2,4,
1791429949679,28.610695,77.285188,20.0,CNG,28.18,29.8,4,777,44.3,4.86,,90.0,3.91,-2.34,13.4,20.3,19.9,-1.00,ARMED,,19.2,3,
1791429950459,28.610643,77.285210,21.0,CNG,35.74,14.9,4,828,44.3,1.42,,89.0,3.91,-2.34,13.4,0.0,20.5,-0.23,ARMED,,19.2,4,
1791429952126,28.610595,77.285229,21.0,CNG,20.26,32.2,4,786,91.8,7.01,,89.0,7.03,-3.91,13.3,23.5,20.2,-0.24,ARMED,,33.3,3,
1791429952882,28.610545,77.285253,22.0,CNG,27.06,14.9,4,836,91.8,1.72,,89.0,7.03,-3.91,13.3,0.0,21.3,0.46,ARMED,,33.3,3,
1791429953636,28.610502,77.285276,22.0,CNG,20.35,24.7,4,827,91.8,6.02,,89.0,7.03,-3.91,13.6,13.4,21.5,0.40,ARMED,,33.3,3,
1791429955259,28.610450,77.285309,22.0,CNG,25.64,14.9,4,868,34.9,2.16,,89.0,-7.81,-1.56,13.6,0.0,22.2,0.62,ARMED,,14.5,4,
1791429956001,28.610410,77.285337,18.0,CNG,27.95,23.1,,794,34.9,2.20,,89.0,-7.81,-1.56,13.6,11.2,18.0,0.00,ARMED,,14.5,,
1791429956769,28.610372,77.285357,17.0,CNG,13.21,14.9,3,834,34.9,10.23,,89.0,-7.81,-1.56,13.6,0.0,17.0,0.00,ARMED,,14.5,3,
1791429958421,28.610294,77.285397,17.0,CNG,17.61,17.6,4,749,80.4,1.74,,89.0,0.00,-3.91,13.8,3.7,17.0,0.00,ARMED,,20.0,3,
1791429959156,28.610294,77.285397,19.0,CNG,17.81,14.9,4,739,80.4,4.29,,89.0,0.00,-3.91,13.8,0.0,18.8,0.82,ARMED,,20.0,3,
1791429959950,28.610252,77.285423,19.0,CNG,19.56,20.4,4,751,80.4,3.40,,89.0,0.00,-3.91,13.7,7.5,19.1,0.75,ARMED,,20.0,3,
1791429961745,28.610164,77.285477,19.0,CNG,27.86,21.6,4,759,69.0,1.04,,89.0,-2.34,-4.69,13.5,9.1,19.4,0.57,ARMED,,19.6,3,
1791429962525,28.610118,77.285504,20.0,CNG,27.26,21.2,4,797,69.0,3.09,,89.0,-2.34,-4.69,13.8,8.6,20.2,0.52,ARMED,,19.6,3,
1791429963289,28.610118,77.285504,21.0,CNG,26.34,21.2,4,800,69.0,3.41,,89.0,-2.34,-4.69,13.8,8.6,20.4,0.46,ARMED,,19.6,3,
1791429964955,28.610022,77.285557,22.0,CNG,23.34,21.2,4,838,49.4,4.45,,89.0,0.00,-4.69,13.6,8.6,21.1,0.65,ARMED,,16.5,4,
1791429965676,28.609972,77.285583,23.0,CNG,19.86,21.2,4,879,49.4,5.69,,89.0,0.00,-4.69,13.6,8.6,22.4,0.71,ARMED,,16.5,4,
1791429966499,28.609920,77.285612,23.0,CNG,18.57,22.0,4,921,49.4,5.53,,89.0,0.00,-4.69,13.3,9.6,23.3,0.90,ARMED,,16.5,4,
1791429968206,28.609868,77.285648,24.0,CNG,16.02,23.1,4,934,59.2,7.29,,88.0,1.56,-3.13,13.3,11.2,23.9,0.87,ARMED,,14.1,4,
1791429969036,28.609811,77.285685,26.0,CNG,16.67,22.4,4,996,59.2,6.03,,88.0,1.56,-3.13,13.5,10.2,25.5,0.89,ARMED,,14.1,4,
1791429969858,28.609755,77.285723,26.0,CNG,16.06,22.4,4,1020,59.2,6.95,,88.0,1.56,-3.13,13.5,10.2,26.1,0.86,ARMED,,14.1,4,
1791429971557,28.609636,77.285805,27.0,CNG,16.20,22.0,4,1048,62.0,6.73,,88.0,0.00,-3.13,13.8,9.6,26.8,0.87,ARMED,,18.8,3,
1791429972343,28.609636,77.285805,29.0,CNG,17.24,22.0,4,1117,62.0,6.29,,88.0,0.00,-3.13,13.8,9.6,28.6,0.93,ARMED,,18.8,3,
1791429973113,28.609576,77.285845,30.0,CNG,17.74,22.0,4,1142,62.0,6.64,,88.0,0.00,-3.13,13.5,9.6,29.3,0.94,ARMED,,18.8,3,
1791429974693,28.609448,77.285929,30.0,CNG,24.29,21.6,4,1161,40.0,2.42,,88.0,0.78,-5.47,13.5,9.1,29.9,0.91,ARMED,,16.9,4,
1791429975454,28.609381,77.285972,31.0,CNG,26.20,21.6,4,1189,40.0,4.30,,88.0,0.78,-5.47,13.6,9.1,30.7,0.60,ARMED,,16.9,4,
1791429976233,28.609381,77.285972,31.0,CNG,25.46,14.9,4,1201,40.0,5.18,,88.0,0.78,-5.47,13.6,0.0,31.0,0.55,ARMED,,16.9,4,
1791429977950,28.609247,77.286059,31.0,CNG,30.47,19.6,4,1202,24.3,2.96,,88.0,3.91,-6.25,13.8,6.4,31.1,0.36,ARMED,,14.1,4,
1791429978806,28.609181,77.286099,30.0,CNG,36.26,14.9,4,1173,24.3,2.40,,87.0,3.91,-6.25,13.8,0.0,30.4,-0.28,ARMED,,14.1,4,
1791429979620,28.609120,77.286136,28.0,CNG,37.94,14.9,4,1081,24.3,2.79,,87.0,3.91,-6.25,13.7,0.0,28.7,-1.11,ARMED,,14.1,4,
1791429981227,28.609065,77.286170,25.0,CNG,43.31,14.9,4,979,22.0,1.77,,87.0,0.00,-1.56,13.7,0.0,26.1,-2.08,ARMED,,14.9,4,
1791429982025,28.609022,77.286200,19.0,CNG,43.03,14.9,4,711,22.0,1.83,,87.0,0.00,-1.56,13.8,0.0,18.9,-3.87,ARMED,,14.9,4,
1791429982831,28.608982,77.286222,15.0,CNG,33.61,14.9,3,832,22.0,2.79,,87.0,0.00,-1.56,13.8,0.0,15.0,0.00,ARMED,,14.9,3,
1791429984457,28.608926,77.286256,13.0,CNG,24.10,14.9,,662,52.5,3.68,,87.0,-2.34,-1.56,13.5,0.0,13.0,0.00,ARMED,,15.7,,
1791429985243,28.608926,77.286256,14.0,CNG,20.36,14.9,,697,52.5,3.63,,87.0,-2.34,-1.56,13.5,0.0,14.0,0.00,ARMED,,15.7,,
1791429986065,28.608895,77.286270,13.0,CNG,20.75,14.9,,777,52.5,2.47,,87.0,-2.34,-1.56,13.6,0.0,13.0,0.00,ARMED,,15.7,,
1791429987753,28.608844,77.286295,11.0,CNG,18.82,14.9,2,788,50.6,2.84,,87.0,-3.13,-1.56,13.6,0.0,11.0,0.00,ARMED,,14.9,2,
1791429988530,28.608820,77.286310,11.0,CNG,17.25,14.9,,565,50.6,3.00,,87.0,-3.13,-1.56,13.0,0.0,11.0,0.00,ARMED,,14.9,,
1791429989253,28.608820,77.286310,12.0,CNG,11.55,23.9,,596,50.6,6.42,,87.0,-3.13,-1.56,13.0,12.3,12.0,0.00,ARMED,,14.9,,
1791429990968,28.608766,77.286345,13.0,CNG,9.73,21.2,,645,35.7,6.67,,87.0,-0.78,-1.56,13.9,8.6,13.0,0.00,ARMED,,12.5,,
1791429991713,28.608737,77.286363,14.0,CNG,10.36,20.0,3,710,35.7,5.05,,87.0,-0.78,-1.56,13.9,7.0,14.0,0.00,ARMED,,12.5,3,
1791429992470,28.608706,77.286381,14.0,CNG,14.85,14.9,3,710,35.7,1.50,,87.0,-0.78,-1.56,13.8,0.0,14.0,0.00,ARMED,,12.5,3,
1791429994357,28.608676,77.286398,14.0,CNG,19.86,16.5,3,723,44.3,1.48,,88.0,3.13,-5.47,13.7,2.1,14.0,0.00,ARMED,,14.5,3,
1791429995127,28.608646,77.286412,14.0,CNG,21.30,16.9,,689,44.3,2.40,,88.0,3.13,-5.47,13.6,2.7,14.0,0.00,ARMED,,14.5,,
1791429995894,28.608614,77.286424,14.0,CNG,23.09,20.8,,696,44.3,2.17,,88.0,3.13,-5.47,13.6,8.0,14.0,0.00,ARMED,,14.5,,
1791429997529,28.608549,77.286448,14.0,CNG,17.82,20.8,3,728,38.8,4.30,,88.0,-2.34,-1.56,13.6,8.0,14.0,0.00,ARMED,,16.1,3,
1791429998273,28.608549,77.286448,14.0,CNG,16.91,19.2,3,715,38.8,3.64,,88.0,-2.34,-1.56,13.6,5.9,14.0,0.00,ARMED,,16.1,3,
1791429999062,28.608516,77.286463,14.0,CNG,18.40,19.2,3,731,38.8,2.70,,88.0,-2.34,-1.56,13.7,5.9,14.0,0.00,ARMED,,16.1,3,
1791430000657,28.608451,77.286500,15.0,CNG,18.38,19.2,3,749,47.1,3.34,,88.0,0.78,-4.69,13.7,5.9,14.2,0.07,ARMED,,15.7,3,
1791430001423,28.608417,77.286519,15.0,CNG,19.40,19.2,3,782,47.1,2.91,,88.0,0.78,-4.69,13.6,5.9,14.9,0.34,ARMED,,15.7,3,
1791430002166,28.608417,77.286519,16.0,CNG,19.47,19.2,3,789,47.1,3.34,,88.0,0.78,-4.69,13.6,5.9,15.2,0.35,ARMED,,15.7,3,
1791430003884,28.608347,77.286558,16.0,CNG,18.17,19.2,3,815,44.7,3.94,,88.0,1.56,-4.69,13.5,5.9,15.6,0.39,ARMED,,15.7,3,
1791430004648,28.608311,77.286578,16.0,CNG,14.55,24.7,3,844,44.7,5.80,,89.0,1.56,-4.69,13.5,13.4,16.3,0.38,ARMED,,15.7,3,
1791430005468,28.608274,77.286601,17.0,CNG,11.95,24.7,3,884,44.7,7.25,,89.0,1.56,-4.69,13.7,13.4,16.9,0.55,ARMED,,15.7,3,
1791430007127,28.608230,77.286628,19.0,CNG,10.95,24.7,3,977,66.7,7.85,,89.0,-4.69,-3.13,13.7,13.4,18.2,1.12,ARMED,,19.6,2,
1791430007965,28.608182,77.286657,23.0,CNG,11.68,24.7,3,1146,66.7,7.44,,89.0,-4.69,-3.13,13.7,13.4,22.0,1.98,ARMED,,19.6,2,
1791430008694,28.608127,77.286686,24.0,CNG,11.97,26.3,3,1239,66.7,7.95,,89.0,-4.69,-3.13,13.7,15.5,23.9,2.16,ARMED,,19.6,2,
1791430010422,28.608000,77.286747,26.0,CNG,12.07,25.9,3,1311,57.6,8.71,,89.0,1.56,-3.13,13.8,15.0,25.5,2.13,ARMED,,20.4,3,
1791430011199,28.608000,77.286747,29.0,CNG,18.15,14.9,3,1486,57.6,2.58,,90.0,1.56,-3.13,13.8,0.0,29.0,2.10,ARMED,,20.4,3,
1791430011984,28.607935,77.286782,29.0,CNG,13.49,27.8,5,836,57.6,11.76,,90.0,1.56,-3.13,13.9,17.7,29.0,0.00,ARMED,,20.4,4,
1791430013660,28.607800,77.286854,30.0,CNG,12.88,27.5,4,1162,81.2,10.10,,90.0,0.00,-3.13,13.9,17.1,30.0,0.00,ARMED,,23.1,3,
1791430014423,28.607727,77.286891,33.0,CNG,12.83,27.5,4,1276,81.2,10.56,,90.0,0.00,-3.13,13.7,17.1,32.6,1.23,ARMED,,23.1,3,
1791430015159,28.607727,77.286891,34.0,CNG,12.90,28.2,4,1312,81.2,10.69,,90.0,0.00,-3.13,13.7,18.2,33.8,1.39,ARMED,,23.1,3,
1791430016819,28.607566,77.286975,36.0,CNG,12.94,28.2,4,1368,73.7,11.32,,90.0,0.78,-2.34,13.7,18.2,35.2,1.60,ARMED,,23.1,3,
1791430017595,28.607478,77.287019,39.0,CNG,19.59,14.9,4,1496,73.7,2.77,,90.0,0.78,-2.34,13.7,0.0,38.7,1.95,ARMED,,23.1,3,
1791430018366,28.607478,77.287019,38.0,CNG,16.72,26.3,5,1100,73.7,11.21,,90.0,0.78,-2.34,13.1,15.5,38.0,0.00,ARMED,,23.1,4,
1791430020000,28.607300,77.287108,39.0,CNG,18.26,26.7,5,1154,69.4,7.60,,90.0,-0.78,-3.13,13.1,16.1,38.6,0.36,ARMED,,20.8,4,
1791430020801,28.607209,77.287155,41.0,CNG,18.82,22.7,5,1225,69.4,8.53,,90.0,-0.78,-3.13,13.8,10.7,40.8,1.09,ARMED,,20.8,4,
1791430021743,28.607116,77.287200,42.0,CNG,24.92,24.7,5,1250,69.4,3.78,,90.0,-0.78,-3.13,13.8,13.4,41.8,1.09,ARMED,,20.8,4,
1791430023423,28.606926,77.287298,42.0,CNG,24.37,27.8,5,1241,71.8,7.27,,90.0,5.47,-3.13,13.7,17.7,42.0,0.67,ARMED,,21.6,4,
1791430024263,28.606926,77.287298,43.0,CNG,34.82,25.5,5,1292,71.8,1.96,,90.0,5.47,-3.13,13.7,14.4,43.2,0.69,ARMED,,21.6,4,
1791430025023,28.606827,77.287348,43.0,CNG,26.27,25.5,5,1295,71.8,9.08,,90.0,5.47,-3.13,13.8,14.4,43.5,0.55,ARMED,,21.6,4,
1791430026924,28.606625,77.287449,44.0,CNG,24.33,25.5,5,1319,58.8,8.18,,90.0,1.56,-3.13,13.8,14.4,44.1,0.58,ARMED,,20.0,5,
1791430027815,28.606525,77.287500,46.0,CNG,28.74,15.7,5,1358,58.8,4.88,,90.0,1.56,-3.13,13.9,1.1,45.5,0.64,ARMED,,20.0,5,
1791430028592,28.606419,77.287549,46.0,CNG,28.67,24.3,5,1356,58.8,6.58,,89.0,1.56,-3.13,13.9,12.8,45.7,0.45,ARMED,,20.0,5,
1791430030303,28.606207,77.287645,46.0,CNG,34.54,22.4,5,1378,59.6,3.81,,89.0,-0.78,-3.91,13.7,10.2,46.1,0.48,ARMED,,21.2,5,
1791430031180,28.606207,77.287645,47.0,CNG,26.31,25.1,5,1397,59.6,9.82,,89.0,-0.78,-3.91,13.7,13.9,46.9,0.45,ARMED,,21.2,5,
1791430031952,28.606102,77.287696,48.0,CNG,23.77,25.5,5,1426,59.6,9.40,,89.0,-0.78,-3.91,13.8,14.4,47.6,0.67,ARMED,,21.2,5,
1791430033686,28.605882,77.287805,48.0,CNG,22.23,25.9,5,1424,62.7,9.66,,88.0,0.00,-2.34,13.8,15.0,47.9,0.60,ARMED,,21.2,4,
1791430034586,28.605769,77.287860,49.0,CNG,20.98,25.9,5,1454,62.7,10.32,,88.0,0.00,-2.34,13.7,15.0,48.8,0.57,ARMED,,21.2,4,
1791430035415,28.605656,77.287908,49.0,CNG,20.90,25.5,5,1464,62.7,9.64,,88.0,0.00,-2.34,13.7,14.4,49.2,0.54,ARMED,,21.2,4,
1791430037192,28.605544,77.287965,49.0,CNG,29.48,14.9,5,1464,20.4,2.66,,88.0,0.00,0.00,13.8,0.0,49.3,0.34,ARMED,,14.9,5,
1791430038141,28.605446,77.288019,44.0,CNG,29.05,25.1,5,1306,20.4,6.34,,88.0,0.00,0.00,13.8,13.9,44.4,-2.10,ARMED,,14.9,5,
1791430039025,28.605350,77.288074,43.0,CNG,26.64,24.3,5,1292,20.4,7.49,,88.0,0.00,0.00,13.7,12.8,43.1,-1.80,ARMED,,14.9,5,
1791430041262,28.605158,77.288186,43.0,CNG,25.26,23.9,5,1286,55.3,7.53,,87.0,-0.78,-3.91,13.7,12.3,42.6,-1.03,ARMED,,19.6,5,
1791430042352,28.604966,77.288292,44.0,CNG,25.37,24.3,5,1291,55.3,7.04,,87.0,-0.78,-3.91,13.6,12.8,43.2,0.12,ARMED,,19.6,5,
1791430043370,28.604868,77.288341,43.0,CNG,23.57,21.2,5,1281,55.3,8.27,,87.0,-0.78,-3.91,13.6,8.6,43.2,0.07,ARMED,,19.6,5,
1791430045547,28.604675,77.288435,42.0,CNG,32.26,22.7,5,1272,60.4,2.26,,87.0,-0.78,-3.13,13.8,10.7,42.9,-0.13,ARMED,,19.6,4,
1791430046568,28.604580,77.288479,41.0,CNG,27.51,25.1,5,1224,60.4,7.50,,87.0,-0.78,-3.13,13.8,13.9,41.2,-0.69,ARMED,,19.6,4,
1791430047653,28.604489,77.288527,41.0,CNG,22.76,25.5,5,1221,60.4,9.33,,87.0,-0.78,-3.13,13.8,14.4,40.8,-0.45,ARMED,,19.6,4,
1791430049342,28.604304,77.288624,41.0,CNG,32.07,26.7,5,1222,56.9,1.96,,88.0,-4.69,-4.69,13.8,16.1,40.8,-0.24,ARMED,,20.8,4,
1791430050292,28.604304,77.288624,41.0,CNG,24.60,27.1,5,1207,56.9,9.22,,88.0,-4.69,-4.69,13.7,16.6,40.6,-0.21,ARMED,,20.8,4,
1791430051023,28.604214,77.288672,41.0,CNG,22.12,27.1,5,1207,56.9,8.73,,88.0,-4.69,-4.69,13.7,16.6,40.5,-0.17,ARMED,,20.8,4,
1791430052766,28.604030,77.288766,41.0,CNG,19.59,27.8,5,1238,73.3,10.02,,88.0,0.00,-3.13,13.7,17.7,41.2,0.28,ARMED,,21.6,4,
1791430053601,28.603936,77.288813,42.0,CNG,19.17,27.8,5,1241,73.3,9.24,,88.0,0.00,-3.13,13.7,17.7,41.7,0.30,ARMED,,21.6,4,
1791430054406,28.603841,77.288859,42.0,CNG,18.48,27.8,5,1258,73.3,9.78,,88.0,0.00,-3.13,13.6,17.7,42.1,0.36,ARMED,,21.6,4,
1791430056151,28.603742,77.288905,43.0,CNG,19.67,14.9,5,1274,32.5,8.10,,89.0,-12.50,-6.25,13.6,0.0,42.7,0.43,ARMED,,17.6,5,
1791430057095,28.603646,77.288951,42.0,CNG,20.83,23.1,5,1261,32.5,7.51,,89.0,-12.50,-6.25,13.8,11.2,42.5,-0.03,ARMED,,17.6,5,
1791430057898,28.603549,77.288999,42.0,CNG,29.01,22.7,5,1248,32.5,2.42,,89.0,-12.50,-6.25,13.8,10.7,42.1,-0.22,ARMED,,17.6,5,
1791430059650,28.603362,77.289087,42.0,CNG,34.78,14.9,5,1233,22.7,3.46,,89.0,0.00,0.00,13.2,0.0,41.6,-0.40,ARMED,,14.1,5,
1791430060650,28.603276,77.289128,38.0,CNG,43.75,14.9,5,1130,22.7,2.03,,89.0,0.00,0.00,13.2,0.0,38.3,-1.56,ARMED,,14.1,5,
1791430061461,28.603192,77.289170,37.0,CNG,24.66,23.5,5,1096,22.7,10.52,,89.0,0.00,0.00,13.6,11.8,36.9,-1.58,ARMED,,14.1,5,
1791430063276,28.603108,77.289214,37.0,CNG,33.79,14.9,5,1093,21.6,1.85,,90.0,0.00,0.00,13.7,0.0,36.4,-1.15,ARMED,,17.3,5,
1791430064077,28.603030,77.289256,34.0,CNG,24.49,24.7,5,1082,21.6,8.31,,90.0,0.00,0.00,13.7,13.4,35.9,-0.41,ARMED,,17.3,5,
1791430064832,28.602952,77.289299,35.0,CNG,34.70,14.9,5,1056,21.6,1.43,,89.0,0.00,0.00,13.7,0.0,35.4,-0.47,ARMED,,17.3,5,
1791430066475,28.602810,77.289374,34.0,CNG,41.35,14.9,5,1026,32.5,2.34,,89.0,-3.91,-1.56,13.6,0.0,34.5,-0.76,ARMED,,14.5,5,
1791430067229,28.602810,77.289374,24.0,CNG,38.10,14.9,5,802,32.5,3.02,,89.0,-3.91,-1.56,13.6,0.0,27.3,-3.58,ARMED,,14.5,5,
1791430068000,28.602757,77.289400,23.0,CNG,39.47,14.9,4,897,32.5,2.21,,89.0,-3.91,-1.56,13.9,0.0,23.0,0.00,ARMED,,14.5,4,
1791430069598,28.602661,77.289449,22.0,CNG,38.69,14.9,4,869,22.0,2.41,,90.0,10.94,-1.56,13.9,0.0,22.4,-0.36,ARMED,,12.5,4,
1791430070412,28.602661,77.289449,15.0,CNG,42.52,22.4,3,734,22.0,1.08,,90.0,10.94,-1.56,13.4,10.2,15.0,0.00,ARMED,,12.5,3,
1791430071179,28.602627,77.289468,15.0,CNG,43.21,14.9,3,784,22.0,1.37,,90.0,10.94,-1.56,13.4,0.0,15.0,0.00,ARMED,,12.5,3,
1791430072861,28.602559,77.289500,14.0,CNG,46.03,14.9,3,735,74.9,1.08,,90.0,6.25,-3.91,13.8,0.0,14.4,-0.36,ARMED,,21.2,2,
1791430073636,28.602523,77.289514,15.0,CNG,31.63,14.9,2,1059,74.9,2.96,,89.0,6.25,-3.91,13.8,0.0,15.0,0.00,ARMED,,21.2,2,
1791430074394,28.602523,77.289514,16.0,CNG,14.80,27.5,3,811,74.9,7.97,,89.0,6.25,-3.91,13.5,17.1,16.0,0.00,ARMED,,21.2,2,
1791430076059,28.602441,77.289541,18.0,CNG,15.81,29.4,3,937,100.0,4.23,,89.0,3.13,-3.13,13.5,19.8,17.2,0.72,ARMED,,27.1,2,
1791430076859,28.602392,77.289563,22.0,CNG,19.33,24.7,3,1131,100.0,3.46,,89.0,3.13,-3.13,13.5,13.4,21.6,2.17,ARMED,,27.1,2,
1791430077603,28.602339,77.289589,23.0,CNG,13.14,24.7,3,1198,100.0,9.98,,89.0,3.13,-3.13,13.5,13.4,23.3,2.18,ARMED,,27.1,2,
1791430079244,28.602282,77.289615,25.0,CNG,12.32,24.7,3,1266,62.4,8.93,,89.0,0.00,-3.13,13.8,13.4,24.7,2.13,ARMED,,20.8,2,
1791430079979,28.602217,77.289646,29.0,CNG,12.53,25.1,3,1463,62.4,9.28,,90.0,0.00,-3.13,13.8,13.9,28.5,2.20,ARMED,,20.8,2,
1791430080729,28.602148,77.289680,31.0,CNG,15.34,14.9,3,1554,62.4,6.01,,90.0,0.00,-3.13,13.8,0.0,30.2,2.24,ARMED,,20.8,3,
1791430082441,28.602004,77.289749,31.0,CNG,12.03,33.7,4,1093,85.5,13.54,,89.0,0.78,-3.13,13.8,25.7,31.0,0.00,ARMED,,25.9,3,
1791430083307,28.602004,77.289749,36.0,CNG,11.84,33.7,4,1391,85.5,12.67,,89.0,0.78,-3.13,13.8,25.7,35.4,2.02,ARMED,,25.9,3,
1791430084045,28.601920,77.289792,39.0,CNG,12.01,33.3,4,1505,85.5,13.04,,89.0,0.78,-3.13,13.8,25.1,38.2,2.74,ARMED,,25.9,4,
1791430085752,28.601731,77.289882,41.0,CNG,18.53,24.7,4,1712,67.8,2.82,,89.0,0.00,-3.13,13.7,13.4,42.7,4.13,ARMED,,20.8,4,
1791430086626,28.601633,77.289930,43.0,CNG,19.32,25.9,5,1276,67.8,8.60,,89.0,0.00,-3.13,13.7,15.0,43.0,0.00,ARMED,,20.8,4,
1791430087427,28.601531,77.289976,45.0,CNG,20.79,25.9,5,1329,67.8,7.96,,89.0,0.00,-3.13,13.7,15.0,44.2,0.72,ARMED,,20.8,4,
1791430089154,28.601426,77.290026,46.0,CNG,21.84,24.3,5,1372,34.9,8.02,,89.0,-2.34,-4.69,13.7,12.8,45.6,1.15,ARMED,,19.2,5,
1791430090042,28.601316,77.290077,48.0,CNG,24.06,22.7,5,1444,34.9,7.03,,89.0,-2.34,-4.69,13.6,10.7,48.0,1.22,ARMED,,19.2,5,
1791430090780,28.601205,77.290133,49.0,CNG,25.41,20.8,5,1469,34.9,7.27,,89.0,-2.34,-4.69,13.6,8.0,48.9,1.22,ARMED,,19.2,5,
1791430092532,28.600978,77.290252,50.0,CNG,28.44,21.2,5,1479,37.3,5.98,,89.0,-1.56,-3.91,13.6,8.6,49.5,0.95,ARMED,,18.4,5,
1791430093366,28.600978,77.290252,51.0,CNG,29.82,21.2,5,1529,37.3,6.51,,89.0,-1.56,-3.91,13.6,8.6,50.9,0.91,ARMED,,18.4,5,
1791430094162,28.600866,77.290314,52.0,CNG,31.71,20.8,5,1542,37.3,6.10,,89.0,-1.56,-3.91,13.6,8.0,51.5,0.87,ARMED,,18.4,5,
1791430096054,28.600628,77.290436,53.0,CNG,41.19,19.2,5,1551,19.6,3.02,,89.0,1.56,-5.47,13.8,5.9,51.9,0.68,ARMED,,15.3,5,
1791430096956,28.600508,77.290496,53.0,CNG,49.69,19.6,5,1573,19.6,3.05,,89.0,1.56,-5.47,13.7,6.4,52.6,0.42,ARMED,,15.3,5,
1791430097689,28.600387,77.290558,54.0,CNG,52.50,19.6,5,1585,19.6,3.86,,88.0,1.56,-5.47,13.7,6.4,53.0,0.43,ARMED,,15.3,5,
1791430099420,28.600147,77.290683,54.0,CNG,54.79,19.6,5,1595,19.2,3.77,,88.0,-0.78,-5.47,13.8,6.4,53.4,0.44,ARMED,,15.3,5,
1791430100290,28.600147,77.290683,54.0,CNG,61.49,19.6,5,1624,19.2,2.94,,88.0,-0.78,-5.47,13.8,6.4,54.3,0.48,ARMED,,15.3,5,
1791430101063,28.600024,77.290744,55.0,CNG,61.12,19.6,5,1623,19.2,3.71,,88.0,-0.78,-5.47,13.9,6.4,54.5,0.42,ARMED,,15.3,5,
1791430102804,28.599774,77.290869,55.0,CNG,66.03,19.6,5,1633,19.2,3.00,,87.0,-0.78,-5.47,13.9,6.4,54.7,0.39,ARMED,,15.3,5,
1791430103761,28.599651,77.290933,55.0,CNG,55.06,19.6,5,1651,19.2,5.09,,87.0,-0.78,-5.47,13.8,6.4,55.3,0.35,ARMED,,15.3,5,
1791430104522,28.599524,77.290995,56.0,CNG,53.73,19.6,5,1655,19.2,4.41,,87.0,-0.78,-5.47,13.8,6.4,55.5,0.33,CANDIDATE,55.5,15.3,5,
1791430106427,28.599278,77.291121,56.0,CNG,51.49,14.9,5,1651,19.6,4.72,,87.0,0.00,0.00,13.8,0.0,55.5,0.16,LOCKED,55.5,15.3,5,
1791430107302,28.599278,77.291121,51.0,CNG,54.39,14.9,5,1542,19.6,3.48,,87.0,0.00,0.00,13.8,0.0,52.0,-1.51,LOCKED,55.5,15.3,5,
1791430108064,28.599164,77.291179,49.0,CNG,54.85,14.9,5,1467,19.6,3.60,,87.0,0.00,0.00,13.7,0.0,49.8,-2.14,LOCKED,55.5,15.3,4,
1791430109941,28.598950,77.291289,47.0,CNG,54.92,14.9,5,1411,35.7,3.49,,87.0,0.00,-5.47,13.7,0.0,47.4,-2.43,LOCKED,55.5,17.6,4,
1791430110807,28.598845,77.291343,46.0,CNG,58.59,14.9,5,1356,35.7,2.86,,87.0,0.00,-5.47,13.8,0.0,45.2,-1.43,LOCKED,55.5,17.6,4,
1791430111619,28.598741,77.291397,46.0,CNG,58.30,14.9,5,1381,35.7,3.25,,87.0,0.00,-5.47,13.8,0.0,45.4,-0.61,LOCKED,55.5,17.6,4,
1791430113490,28.598541,77.291512,46.0,CNG,42.08,21.2,5,1398,39.6,6.39,,87.0,-1.56,-5.47,13.8,8.6,46.1,0.09,ARMED,,18.0,5,
1791430114407,28.598541,77.291512,45.0,CNG,36.25,23.5,5,1363,39.6,6.17,,87.0,-1.56,-5.47,13.8,11.8,45.6,-0.22,ARMED,,18.0,5,
1791430115209,28.598438,77.291565,46.0,CNG,33.01,23.9,5,1363,39.6,6.46,,87.0,-1.56,-5.47,13.6,12.3,45.5,-0.20,ARMED,,18.0,5,
1791430117028,28.598238,77.291679,47.0,CNG,28.75,24.3,5,1390,50.2,7.95,,87.0,0.00,-3.13,13.6,12.8,46.1,0.27,ARMED,,19.2,5,
1791430117957,28.598129,77.291737,48.0,CNG,25.79,23.9,5,1434,50.2,8.74,,87.0,0.00,-3.13,13.8,12.3,47.8,0.82,ARMED,,19.2,5,
1791430118769,28.598020,77.291795,49.0,CNG,25.73,23.5,5,1451,50.2,7.81,,88.0,0.00,-3.13,13.8,11.8,48.5,0.83,ARMED,,19.2,5,
1791430120505,28.597792,77.291912,49.0,CNG,29.49,22.7,5,1460,48.2,5.34,,88.0,-0.78,-3.91,13.5,10.7,49.0,0.75,ARMED,,19.6,5,
1791430121353,28.597792,77.291912,50.0,CNG,28.29,22.7,5,1475,48.2,7.65,,88.0,-0.78,-3.91,13.5,10.7,49.5,0.41,ARMED,,19.6,5,
1791430122097,28.597679,77.291971,50.0,CNG,27.52,22.7,5,1490,48.2,7.72,,88.0,-0.78,-3.91,13.4,10.7,49.9,0.43,ARMED,,19.6,5,
1791430123845,28.597454,77.292089,50.0,CNG,27.19,22.7,5,1499,46.7,7.65,,89.0,0.78,-3.13,13.4,10.7,50.2,0.42,ARMED,,16.9,5,
1791430124743,28.597340,77.292147,51.0,CNG,28.80,21.2,5,1514,46.7,6.61,,89.0,0.78,-3.13,13.8,8.6,50.8,0.38,ARMED,,16.9,5,
1791430125561,28.597223,77.292203,51.0,CNG,32.64,21.2,5,1511,46.7,5.13,,90.0,0.78,-3.13,13.8,8.6,50.8,0.21,ARMED,,16.9,5,
1791430127316,28.596993,77.292319,51.0,CNG,37.99,20.8,5,1514,25.1,4.15,,90.0,0.00,-5.47,13.8,8.0,50.9,0.17,ARMED,,16.5,5,
1791430128171,28.596993,77.292319,51.0,CNG,42.66,20.4,5,1509,25.1,3.99,,90.0,0.00,-5.47,13.8,7.5,50.7,-0.03,ARMED,,16.5,5,
1791430128965,28.596878,77.292375,51.0,CNG,45.09,20.4,5,1504,25.1,4.23,,90.0,0.00,-5.47,13.8,7.5,50.6,-0.06,ARMED,,16.5,5,
1791430130869,28.596645,77.292484,51.0,CNG,47.79,20.4,5,1503,25.5,3.97,,90.0,0.00,-5.47,13.8,7.5,50.5,-0.06,ARMED,,16.5,5,
1791430131748,28.596531,77.292538,50.0,CNG,49.14,20.4,5,1496,25.5,3.98,,90.0,0.00,-5.47,13.8,7.5,50.3,-0.09,ARMED,,16.5,5,
1791430132546,28.596425,77.292594,50.0,CNG,49.99,20.8,5,1487,25.5,3.98,,90.0,0.00,-5.47,13.8,8.0,50.0,-0.14,ARMED,,16.5,5,
1791430134325,28.596203,77.292706,50.0,CNG,43.76,20.8,5,1483,34.5,5.55,,90.0,0.00,-4.69,13.7,8.0,49.9,-0.15,ARMED,,17.6,5,
1791430135158,28.596203,77.292706,49.0,CNG,38.80,20.8,5,1472,34.5,6.06,,90.0,0.00,-4.69,13.7,8.0,49.4,-0.19,ARMED,,17.6,5,
1791430136021,28.596088,77.292755,49.0,CNG,38.72,22.4,5,1469,34.5,5.19,,90.0,0.00,-4.69,13.6,10.2,49.3,-0.19,ARMED,,17.6,5,
1791430137794,28.595861,77.292863,50.0,CNG,33.36,22.7,5,1475,49.4,7.38,,90.0,1.56,-3.13,13.6,10.7,49.4,-0.03,ARMED,,20.0,5,
1791430138674,28.595748,77.292919,50.0,CNG,27.56,24.3,5,1505,49.4,9.34,,90.0,1.56,-3.13,13.7,12.8,50.3,0.44,ARMED,,20.0,5,
1791430139419,28.595631,77.292980,51.0,CNG,25.21,24.7,5,1513,49.4,9.30,,89.0,1.56,-3.13,13.7,13.4,50.7,0.45,ARMED,,20.0,5,
1791430141203,28.595513,77.293038,51.0,CNG,25.63,24.7,5,1511,47.8,7.93,,89.0,-2.34,-3.13,13.6,13.4,50.8,0.29,ARMED,,19.6,5,
1791430142098,28.595400,77.293093,50.0,CNG,26.36,24.7,5,1491,47.8,7.42,,89.0,-2.34,-3.13,13.6,13.4,50.2,-0.24,ARMED,,19.6,5,
1791430142837,28.595286,77.293141,50.0,CNG,25.74,24.7,5,1482,47.8,8.22,,89.0,-2.34,-3.13,13.6,13.4,49.8,-0.29,ARMED,,19.6,5,
1791430144565,28.595051,77.293254,49.0,CNG,25.60,25.1,5,1477,55.3,7.89,,89.0,3.91,-3.13,13.6,13.9,49.6,-0.30,ARMED,,20.4,5,
1791430145483,28.594937,77.293308,49.0,CNG,24.12,25.9,5,1462,55.3,9.03,,89.0,3.91,-3.13,13.9,15.0,49.0,-0.30,ARMED,,20.4,5,
1791430146278,28.594937,77.293308,49.0,CNG,23.22,26.3,5,1461,55.3,9.11,,89.0,3.91,-3.13,13.9,15.5,48.9,-0.26,ARMED,,20.4,4,
1791430148022,28.594716,77.293418,49.0,CNG,22.39,26.3,5,1459,64.3,9.43,,89.0,0.78,-2.34,13.7,15.5,48.9,-0.22,ARMED,,21.6,4,
1791430148882,28.594606,77.293472,49.0,CNG,20.94,26.7,5,1459,64.3,10.49,,89.0,0.78,-2.34,13.7,16.1,48.9,-0.03,ARMED,,21.6,4,
1791430149694,28.594498,77.293530,48.0,CNG,20.26,26.7,5,1446,64.3,10.17,,89.0,0.78,-2.34,13.7,16.1,48.6,-0.10,ARMED,,21.6,4,
1791430151480,28.594277,77.293640,48.0,CNG,19.39,26.7,5,1439,68.6,10.78,,89.0,0.00,-2.34,13.7,16.1,48.3,-0.16,ARMED,,22.0,4,
1791430152439,28.594172,77.293699,48.0,CNG,18.83,26.7,5,1436,68.6,10.87,,89.0,0.00,-2.34,13.7,16.1,48.1,-0.14,ARMED,,22.0,4,
1791430153171,28.594172,77.293699,48.0,CNG,18.83,26.7,5,1433,68.6,10.42,,89.0,0.00,-2.34,13.7,16.1,48.0,-0.14,ARMED,,22.0,4,
1791430154921,28.593957,77.293811,48.0,CNG,19.14,26.7,5,1415,62.0,9.99,,89.0,0.00,-2.34,13.8,16.1,47.6,-0.31,ARMED,,20.8,4,
1791430155844,28.593850,77.293870,48.0,CNG,19.94,26.7,5,1424,62.0,9.22,,89.0,0.00,-2.34,13.8,16.1,47.7,-0.02,ARMED,,20.8,4,
1791430156648,28.593743,77.293934,48.0,CNG,20.01,27.5,5,1423,62.0,9.75,,89.0,0.00,-2.34,13.8,17.1,47.7,-0.00,ARMED,,20.8,4,
1791430158432,28.593530,77.294068,48.0,CNG,20.55,27.5,5,1436,61.6,9.16,,89.0,0.00,-2.34,13.8,17.1,48.0,0.17,ARMED,,20.8,4,
1791430159315,28.593530,77.294068,49.0,CNG,20.61,27.1,5,1446,61.6,9.68,,89.0,0.00,-2.34,13.8,16.6,48.5,0.22,ARMED,,20.8,4,
1791430160071,28.593421,77.294132,49.0,CNG,21.20,27.1,5,1460,61.6,9.04,,89.0,0.00,-2.34,13.8,16.6,48.9,0.28,ARMED,,20.8,4,
1791430161841,28.593204,77.294264,49.0,CNG,21.06,26.7,5,1473,23.5,9.61,,89.0,-3.91,-3.91,13.7,16.1,49.4,0.33,ARMED,,17.6,4,
1791430162714,28.593095,77.294330,50.0,CNG,19.04,27.1,5,1480,23.5,12.24,,89.0,-3.91,-3.91,13.7,16.6,49.7,0.29,ARMED,,17.6,4,
1791430163557,28.592986,77.294402,50.0,CNG,18.54,27.1,5,1500,23.5,11.45,,89.0,-3.91,-3.91,13.7,16.6,50.2,0.36,ARMED,,17.6,5,
1791430165475,28.592765,77.294547,51.0,CNG,18.50,27.1,5,1517,65.1,11.30,,89.0,0.78,-2.34,13.6,16.6,50.8,0.51,ARMED,,22.0,5,
1791430166384,28.592765,77.294547,52.0,CNG,19.22,24.3,5,1549,65.1,10.43,,89.0,0.78,-2.34,13.5,12.8,52.0,0.55,ARMED,,22.0,5,
1791430167119,28.592651,77.294618,52.0,CNG,20.59,24.3,5,1555,65.1,9.25,,89.0,0.78,-2.34,13.5,12.8,52.3,0.51,ARMED,,22.0,5,
1791430168890,28.592420,77.294768,53.0,CNG,21.26,24.3,5,1562,52.5,9.70,,89.0,0.00,-2.34,13.8,12.8,52.6,0.46,ARMED,,20.4,5,
1791430169753,28.592305,77.294843,53.0,CNG,23.39,25.1,5,1588,52.5,7.90,,89.0,0.00,-2.34,13.8,13.9,53.3,0.45,ARMED,,20.4,5,
1791430170532,28.592188,77.294916,54.0,CNG,23.98,25.1,5,1604,52.5,8.86,,89.0,0.00,-2.34,13.7,13.9,53.8,0.49,ARMED,,20.4,5,
1791430172284,28.592070,77.294989,54.0,CNG,23.77,25.1,5,1619,29.0,9.41,,89.0,-0.78,-4.69,13.7,13.9,54.3,0.51,ARMED,,19.2,5,
1791430173226,28.591951,77.295062,55.0,CNG,26.72,23.5,5,1595,29.0,6.89,,89.0,-0.78,-4.69,13.8,11.8,53.8,-0.10,ARMED,,19.2,5,
1791430174008,28.591833,77.295136,55.0,CNG,27.61,23.1,5,1617,29.0,7.74,,89.0,-0.78,-4.69,13.8,11.2,54.2,0.15,ARMED,,19.2,5,
1791430175819,28.591597,77.295284,54.0,CNG,30.76,14.9,5,1636,20.8,5.94,,89.0,0.00,-5.47,13.8,0.0,54.8,0.42,ARMED,,15.7,5,
1791430176668,28.591480,77.295356,53.0,CNG,37.79,14.9,5,1582,20.8,3.72,,89.0,0.00,-5.47,13.8,0.0,53.4,-0.53,ARMED,,15.7,5,
1791430177451,28.591368,77.295427,52.0,CNG,45.82,18.4,5,1544,20.8,3.11,,89.0,0.00,-5.47,13.7,4.8,52.4,-0.93,ARMED,,15.7,5,
1791430179162,28.591254,77.295497,52.0,CNG,40.44,21.6,5,1549,38.8,6.20,,88.0,0.00,-3.91,13.7,9.1,51.9,-0.73,ARMED,,18.0,5,
1791430180091,28.591144,77.295567,51.0,CNG,45.47,14.9,5,1532,38.8,3.70,,88.0,0.00,-3.91,13.6,0.0,51.4,-0.39,ARMED,,18.0,5,
1791430180910,28.591037,77.295639,50.0,CNG,53.38,14.9,5,1503,38.8,2.79,,88.0,0.00,-3.91,13.6,0.0,50.7,-0.60,ARMED,,18.0,5,
1791430182633,28.590833,77.295765,47.0,CNG,55.97,14.9,5,1401,20.4,3.16,,88.0,0.00,0.00,13.8,0.0,48.1,-1.76,ARMED,,14.9,5,
1791430183500,28.590736,77.295824,44.0,CNG,55.54,14.9,5,1334,20.4,3.28,,88.0,0.00,0.00,13.8,0.0,44.7,-1.84,ARMED,,14.9,5,
1791430184265,28.590736,77.295824,42.0,CNG,56.63,14.9,5,1262,20.4,2.93,,88.0,0.00,0.00,13.8,0.0,42.7,-2.22,ARMED,,14.9,5,
1791430186015,28.590573,77.295924,37.0,CNG,58.02,14.9,5,1118,23.1,2.49,,87.0,0.00,0.00,13.8,0.0,38.6,-3.49,ARMED,,13.3,5,
1791430186819,28.590512,77.295963,28.0,CNG,56.37,14.9,5,854,23.1,2.16,,87.0,0.00,0.00,13.6,0.0,29.0,-5.19,ARMED,,13.3,5,
1791430187527,28.590455,77.295994,24.0,CNG,54.92,14.9,5,717,23.1,1.89,,87.0,0.00,0.00,13.6,0.0,24.4,-5.63,ARMED,,13.3,5,
1791430189157,28.590413,77.296015,20.0,CNG,45.75,14.9,,659,24.7,2.49,,87.0,-4.69,0.00,13.8,0.0,20.0,0.00,ARMED,,12.5,,
1791430189883,28.590386,77.296030,13.0,CNG,47.25,21.2,3,721,24.7,1.01,,87.0,-4.69,0.00,13.8,8.6,13.0,0.00,ARMED,,12.5,3,
1791430190690,28.590358,77.296048,13.0,CNG,29.86,14.9,3,725,24.7,3.39,,87.0,-4.69,0.00,13.3,0.0,13.0,0.00,ARMED,,12.5,3,
1791430192373,28.590331,77.296067,13.0,CNG,31.28,14.9,,672,24.3,1.53,,87.0,-7.03,0.00,13.3,0.0,13.0,0.00,ARMED,,12.2,,
1791430193169,28.590307,77.296083,9.0,CNG,27.16,14.9,,698,24.3,1.83,,87.0,-7.03,0.00,13.5,0.0,9.0,0.00,ARMED,,12.2,,
1791430193973,28.590288,77.296094,6.0,CNG,25.97,14.9,,667,24.3,1.08,,87.0,-7.03,0.00,13.5,0.0,6.0,0.00,ARMED,,12.2,,
1791430195668,28.590260,77.296112,6.0,CNG,7.93,27.5,1,760,90.6,8.63,,87.0,0.00,-3.13,13.6,17.1,6.0,0.00,ARMED,,31.4,1,
1791430196402,28.590260,77.296112,11.0,CNG,8.43,27.5,2,814,90.6,4.94,,87.0,0.00,-3.13,13.6,17.1,11.0,0.00,ARMED,,31.4,2,
1791430197161,28.590236,77.296126,14.0,CNG,6.50,27.5,2,991,90.6,10.87,,87.0,0.00,-3.13,13.7,17.1,12.8,1.06,ARMED,,31.4,2,
1791430198976,28.590163,77.296169,17.0,CNG,10.68,14.9,2,1235,90.6,2.32,,88.0,-5.47,-3.13,13.6,0.0,15.7,2.27,ARMED,,25.1,2,
1791430199759,28.590119,77.296198,21.0,CNG,9.98,29.4,3,1036,90.6,9.15,,88.0,-5.47,-3.13,13.6,19.8,21.0,0.00,ARMED,,25.1,2,
1791430200517,28.590073,77.296234,23.0,CNG,9.29,29.4,3,1174,90.6,10.88,,88.0,-5.47,-3.13,13.6,19.8,22.2,0.72,ARMED,,25.1,2,
1791430202202,28.590016,77.296266,25.0,CNG,12.23,14.9,3,1292,46.3,5.32,,88.0,-9.38,-4.69,13.8,0.0,24.1,1.50,ARMED,,20.0,3,
1791430202952,28.589959,77.296299,26.0,CNG,12.80,25.5,3,1350,46.3,7.82,,89.0,-9.38,-4.69,13.8,14.4,26.1,1.23,ARMED,,20.0,3,
1791430203715,28.589902,77.296335,28.0,CNG,13.12,14.9,3,1407,46.3,8.45,,89.0,-9.38,-4.69,13.8,0.0,27.1,1.26,ARMED,,20.0,3,
1791430205397,28.589837,77.296371,28.0,CNG,20.30,22.0,4,1038,54.1,1.48,,89.0,0.00,-3.91,13.8,9.6,28.0,0.00,ARMED,,18.0,4,
1791430206146,28.589774,77.296404,29.0,CNG,25.58,23.9,4,1104,54.1,2.99,,89.0,0.00,-3.91,13.7,12.3,28.9,0.41,ARMED,,18.0,4,
1791430206899,28.589712,77.296443,28.0,CNG,21.19,22.0,4,1109,54.1,6.76,,90.0,0.00,-3.91,13.7,9.6,28.5,-0.02,ARMED,,18.0,4,
1791430208575,28.589581,77.296518,29.0,CNG,26.53,14.9,4,1122,21.6,2.86,,90.0,-7.81,-6.25,13.8,0.0,28.4,-0.03,ARMED,,14.1,4,
1791430209310,28.589581,77.296518,29.0,CNG,31.08,14.9,4,1129,21.6,2.86,,90.0,-7.81,-6.25,13.8,0.0,28.6,0.02,ARMED,,14.1,4,
1791430210093,28.589517,77.296553,29.0,CNG,34.74,14.9,4,1128,21.6,2.82,,90.0,-7.81,-6.25,13.5,0.0,28.6,0.02,ARMED,,14.1,4,
1791430211689,28.589393,77.296621,28.0,CNG,34.92,17.6,4,1101,26.7,3.25,,90.0,0.00,-6.25,13.5,3.7,28.2,-0.23,ARMED,,14.9,4,
1791430212497,28.589333,77.296657,28.0,CNG,35.04,17.6,4,1068,26.7,3.25,,90.0,0.00,-6.25,13.6,3.7,27.2,-0.49,ARMED,,14.9,4,
1791430213284,28.589333,77.296657,27.0,CNG,37.10,17.6,4,1055,26.7,2.70,,90.0,0.00,-6.25,13.6,3.7,26.8,-0.50,ARMED,,14.9,4,
1791430214954,28.589210,77.296728,27.0,CNG,35.30,17.6,4,1045,28.2,3.36,,90.0,1.56,-5.47,13.7,3.7,26.5,-0.47,ARMED,,14.9,4,
1791430215701,28.589150,77.296761,27.0,CNG,34.07,18.0,4,1049,28.2,3.41,,90.0,1.56,-5.47,13.7,4.3,26.6,-0.08,ARMED,,14.9,4,
1791430216520,28.589093,77.296796,27.0,CNG,34.66,18.0,4,1045,28.2,3.10,,90.0,1.56,-5.47,13.6,4.3,26.6,-0.06,ARMED,,14.9,4,
1791430218140,28.589037,77.296829,27.0,CNG,36.41,18.0,4,1027,23.1,2.80,,90.0,3.13,-6.25,13.6,4.3,26.3,-0.12,ARMED,,13.3,4,
1791430218891,28.588979,77.296863,26.0,CNG,40.40,18.0,4,1001,23.1,2.18,,90.0,3.13,-6.25,13.6,4.3,25.7,-0.35,ARMED,,13.3,4,
1791430219670,28.588920,77.296896,26.0,CNG,41.71,18.4,4,1013,23.1,2.42,,89.0,3.13,-6.25,13.6,4.8,25.7,-0.16,ARMED,,13.3,4,
1791430221424,28.588806,77.296957,26.0,CNG,46.71,18.4,4,998,42.0,1.86,,89.0,0.00,-6.25,13.7,4.8,25.6,-0.17,ARMED,,18.0,4,
1791430222151,28.588806,77.296957,26.0,CNG,30.58,22.7,4,1002,42.0,5.29,,89.0,0.00,-6.25,13.7,10.7,25.6,0.00,ARMED,,18.0,4,
1791430222992,28.588749,77.296990,27.0,CNG,23.17,22.7,4,1033,42.0,6.44,,89.0,0.00,-6.25,13.6,10.7,26.2,0.33,ARMED,,18.0,4,
1791430224677,28.588622,77.297057,28.0,CNG,21.25,20.8,4,1080,37.6,6.02,,89.0,-1.56,-4.69,13.6,8.0,27.3,0.79,ARMED,,18.0,4,
1791430225481,28.588556,77.297091,29.0,CNG,17.83,23.9,4,1124,37.6,8.15,,89.0,-1.56,-4.69,13.7,12.3,28.9,0.85,ARMED,,18.0,4,
1791430226205,28.588556,77.297091,31.0,CNG,17.03,23.1,4,1199,37.6,7.89,,89.0,-1.56,-4.69,13.7,11.2,30.3,1.32,ARMED,,18.0,4,
1791430227935,28.588416,77.297167,32.0,CNG,16.83,22.7,4,1234,49.8,7.89,,89.0,-0.78,-3.13,13.6,10.7,31.6,1.47,ARMED,,15.3,4,
1791430228688,28.588337,77.297206,34.0,CNG,16.18,22.0,4,1329,49.8,9.03,,88.0,-0.78,-3.13,13.6,9.6,34.2,1.49,ARMED,,15.3,4,
1791430229435,28.588260,77.297251,35.0,CNG,20.10,14.9,4,1349,49.8,4.77,,88.0,-0.78,-3.13,13.7,0.0,34.9,1.30,ARMED,,15.3,4,
1791430231240,28.588185,77.297289,35.0,CNG,25.89,14.9,4,1350,22.0,3.27,,88.0,0.00,0.00,13.8,0.0,35.2,0.90,ARMED,,14.1,4,
1791430232003,28.588125,77.297321,25.0,CNG,28.22,14.9,4,977,22.0,2.96,,88.0,0.00,0.00,13.6,0.0,26.3,-3.81,ARMED,,14.1,4,
1791430232736,28.588071,77.297348,24.0,CNG,33.78,14.9,4,934,22.0,1.82,,88.0,0.00,0.00,13.6,0.0,23.8,-3.59,ARMED,,14.1,4,
1791430234473,28.587979,77.297392,21.0,CNG,41.44,14.9,4,830,22.0,1.14,,88.0,5.47,-0.78,13.7,0.0,21.2,-3.55,ARMED,,13.3,4,
1791430235250,28.587979,77.297392,18.0,CNG,36.66,14.9,3,925,22.0,2.49,,88.0,5.47,-0.78,13.7,0.0,18.0,0.00,ARMED,,13.3,3,
1791430236023,28.587935,77.297410,17.0,CNG,40.29,14.9,3,924,22.0,1.39,,88.0,5.47,-0.78,13.3,0.0,17.4,-0.35,ARMED,,13.3,3,
1791430237602,28.587880,77.297439,14.0,CNG,47.74,14.9,3,723,23.1,0.72,,88.0,-3.13,-0.78,13.3,0.0,15.2,-1.46,ARMED,,12.5,3,
1791430238391,28.587880,77.297439,2.0,CNG,32.02,14.9,,647,23.1,1.37,,88.0,-3.13,-0.78,13.7,0.0,2.0,0.00,ARMED,,12.5,,
1791430239174,28.587879,77.297437,0.0,CNG,18.73,14.9,0,685,23.1,1.55,,88.0,-3.13,-0.78,13.7,0.0,0.0,0.00,ARMED,,12.5,1,
1791430240855,28.587878,77.297431,0.0,CNG,6.87,14.9,0,687,38.4,3.87,,88.0,-3.13,-0.78,13.3,0.0,0.0,0.00,ARMED,,14.9,1,
1791430241651,28.587878,77.297430,0.0,CNG,,14.9,0,768,38.4,3.64,,88.0,-3.13,-0.78,13.3,0.0,0.0,0.00,ARMED,,14.9,1,
1791430242393,28.587878,77.297430,0.0,CNG,,14.9,0,782,38.4,2.51,,88.0,-3.13,-0.78,13.7,0.0,0.0,0.00,ARMED,,14.9,1,
1791430244114,28.587873,77.297430,0.0,CNG,,14.9,0,789,41.6,3.35,,88.0,-0.78,-2.34,13.7,0.0,0.0,0.00,ARMED,,15.3,1,
1791430244848,28.587872,77.297430,0.0,CNG,,14.9,0,811,41.6,3.32,,88.0,-0.78,-2.34,13.6,0.0,0.0,0.00,ARMED,,15.3,1,
1791430245607,28.587871,77.297429,0.0,CNG,,14.9,0,807,41.6,3.30,,88.0,-0.78,-2.34,13.6,0.0,0.0,0.00,ARMED,,15.3,1,
1791430247299,28.587871,77.297429,0.0,CNG,,14.9,0,812,41.2,2.94,,88.0,0.00,-2.34,13.5,0.0,0.0,0.00,ARMED,,15.3,1,
1791430248108,28.587870,77.297428,0.0,CNG,,14.9,0,809,41.2,3.34,,88.0,0.00,-2.34,13.5,0.0,0.0,0.00,ARMED,,15.3,1,
1791430248895,28.587867,77.297428,0.0,CNG,,14.9,0,805,41.2,2.50,,88.0,0.00,-2.34,13.7,0.0,0.0,0.00,ARMED,,15.3,1,
1791430250583,28.587866,77.297428,0.0,CNG,,14.9,0,754,26.7,1.42,,88.0,1.56,-2.34,13.7,0.0,0.0,0.00,ARMED,,14.1,1,
1791430251432,28.587862,77.297429,1.0,CNG,,25.9,,978,26.7,9.63,,88.0,1.56,-2.34,13.7,15.0,1.0,0.00,ARMED,,14.1,,
1791430252286,28.587862,77.297429,5.0,CNG,,24.7,,1829,26.7,8.76,,88.0,1.56,-2.34,13.7,13.4,5.0,0.00,ARMED,,14.1,,
1791430254013,28.587822,77.297448,11.0,CNG,4.84,14.9,,1224,69.8,2.16,,88.0,0.00,-4.69,13.8,0.0,11.0,0.00,ARMED,,23.1,,
1791430254747,28.587794,77.297462,14.0,CNG,5.51,29.4,2,1055,69.8,9.50,,88.0,0.00,-4.69,13.8,19.8,14.0,0.00,ARMED,,23.1,2,
1791430255538,28.587755,77.297481,18.0,CNG,6.08,28.2,2,1258,69.8,11.15,,88.0,0.00,-4.69,13.7,18.2,16.5,1.43,ARMED,,23.1,2,
1791430257200,28.587703,77.297508,21.0,CNG,10.57,14.9,2,1526,26.7,2.71,,88.0,0.00,-2.34,13.7,0.0,19.7,2.67,ARMED,,15.3,2,
1791430257992,28.587651,77.297539,23.0,CNG,14.98,19.2,3,1167,26.7,3.55,,88.0,0.00,-2.34,13.8,5.9,23.0,0.00,ARMED,,15.3,3,
1791430258726,28.587602,77.297564,23.0,CNG,16.99,19.2,3,1193,26.7,4.62,,89.0,0.00,-2.34,13.8,5.9,23.0,0.00,ARMED,,15.3,3,
1791430260444,28.587493,77.297620,24.0,CNG,20.12,21.6,3,1209,37.3,3.73,,89.0,0.78,-3.91,13.8,9.1,23.6,0.37,ARMED,,15.7,3,
1791430261199,28.587493,77.297620,25.0,CNG,25.31,14.9,3,1302,37.3,2.67,,89.0,0.78,-3.91,13.8,0.0,24.9,0.68,ARMED,,15.7,3,
1791430261966,28.587435,77.297650,25.0,CNG,27.78,14.9,3,1254,37.3,3.18,,89.0,0.78,-3.91,13.5,0.0,24.6,0.22,ARMED,,15.7,3,
1791430263702,28.587341,77.297709,22.0,CNG,26.97,14.9,3,1156,22.7,3.49,,89.0,1.56,-2.34,13.8,0.0,23.2,-0.71,ARMED,,14.1,3,
1791430264524,28.587294,77.297732,20.0,CNG,30.72,14.9,3,1044,22.7,2.02,,89.0,1.56,-2.34,13.7,0.0,20.2,-1.48,ARMED,,14.1,3,
1791430265261,28.587294,77.297732,19.0,CNG,34.24,14.9,3,956,22.7,1.82,,89.0,1.56,-2.34,13.7,0.0,18.6,-1.75,ARMED,,14.1,3,
1791430266874,28.587213,77.297778,18.0,CNG,37.84,14.9,3,965,22.4,1.59,,89.0,0.78,-2.34,13.7,0.0,18.0,-1.36,ARMED,,12.9,3,
1791430267630,28.587176,77.297800,17.0,CNG,34.77,14.9,3,855,22.4,2.28,,89.0,0.78,-2.34,13.7,0.0,16.3,-1.11,ARMED,,12.9,3,
1791430268433,28.587138,77.297822,17.0,CNG,33.24,14.9,3,883,22.4,2.24,,89.0,0.78,-2.34,13.6,0.0,16.4,-0.58,ARMED,,12.9,3,
1791430270002,28.587099,77.297846,18.0,CNG,33.20,14.9,3,895,22.4,2.22,,89.0,0.78,-1.56,13.6,0.0,16.7,-0.12,ARMED,,13.3,3,
1791430270784,28.587059,77.297871,18.0,CNG,31.63,14.9,3,942,22.4,2.49,,89.0,0.78,-1.56,13.8,0.0,17.9,0.53,ARMED,,13.3,3,
1791430271561,28.587022,77.297895,18.0,CNG,27.75,14.9,3,938,22.4,3.14,,89.0,0.78,-1.56,13.8,0.0,18.1,0.48,ARMED,,13.3,3,
1791430273238,28.586982,77.297921,18.0,CNG,28.84,14.9,3,932,32.5,2.40,,89.0,-2.34,-1.56,13.7,0.0,18.1,0.28,ARMED,,14.9,3,
1791430273986,28.586944,77.297946,18.0,CNG,28.89,14.9,3,913,32.5,2.54,,89.0,-2.34,-1.56,13.7,0.0,17.7,-0.14,ARMED,,14.9,3,
1791430274738,28.586910,77.297970,17.0,CNG,29.53,14.9,3,872,32.5,2.27,,89.0,-2.34,-1.56,13.5,0.0,17.1,-0.42,ARMED,,14.9,3,
1791430276324,28.586879,77.297989,14.0,CNG,27.27,14.9,3,800,36.5,2.40,,89.0,-1.56,-1.56,13.5,0.0,15.9,-0.95,ARMED,,14.9,3,
1791430277127,28.586861,77.298003,5.0,CNG,20.28,14.9,,807,36.5,2.26,,89.0,-1.56,-1.56,13.7,0.0,5.0,0.00,ARMED,,14.9,,
1791430277908,28.586851,77.298009,4.0,CNG,13.41,14.9,,802,36.5,3.03,,89.0,-1.56,-1.56,13.7,0.0,4.0,0.00,ARMED,,14.9,,
1791430279662,28.586830,77.298024,5.0,CNG,10.67,14.9,,807,22.4,2.93,,89.0,0.00,-1.56,13.3,0.0,5.0,0.00,ARMED,,12.5,,
1791430280464,28.586813,77.298036,7.0,CNG,13.14,14.9,,476,22.4,1.40,,89.0,0.00,-1.56,13.3,0.0,7.0,0.00,ARMED,,12.5,,
1791430281235,28.586813,77.298036,9.0,CNG,14.06,14.9,,648,22.4,2.40,,89.0,0.00,-1.56,13.8,0.0,9.0,0.00,ARMED,,12.5,,
1791430282915,28.586776,77.298064,9.0,CNG,15.98,14.9,,691,23.1,1.89,,89.0,3.91,-1.56,13.8,0.0,9.0,0.00,ARMED,,11.8,,
1791430283714,28.586754,77.298080,10.0,CNG,21.76,14.9,,678,23.1,1.03,,89.0,3.91,-1.56,13.6,0.0,10.0,0.00,ARMED,,11.8,,
1791430284478,28.586732,77.298095,11.0,CNG,21.46,14.9,,703,23.1,2.13,,89.0,3.91,-1.56,13.6,0.0,11.0,0.00,ARMED,,11.8,,
1791430286064,28.586709,77.298113,11.0,CNG,21.66,14.9,2,744,22.4,2.05,,89.0,-0.78,-2.34,13.5,0.0,11.0,0.00,ARMED,,12.5,2,
1791430286807,28.586687,77.298129,11.0,CNG,19.08,14.9,,717,22.4,2.75,,89.0,-0.78,-2.34,13.5,0.0,11.0,0.00,ARMED,,12.5,,
1791430287602,28.586665,77.298146,11.0,CNG,19.51,14.9,2,769,22.4,2.23,,89.0,-0.78,-2.34,13.4,0.0,11.0,0.00,ARMED,,12.5,2,
1791430289325,28.586647,77.298160,9.0,CNG,16.41,14.9,,777,36.9,2.88,,89.0,-0.78,-2.34,13.4,0.0,9.0,0.00,ARMED,,14.9,,
1791430290143,28.586632,77.298172,8.0,CNG,15.12,14.9,,794,36.9,2.48,,89.0,-0.78,-2.34,13.6,0.0,8.0,0.00,ARMED,,14.9,,
1791430290892,28.586615,77.298187,8.0,CNG,14.75,14.9,,802,36.9,2.31,,89.0,-0.78,-2.34,13.6,0.0,8.0,0.00,ARMED,,14.9,,
1791430292586,28.586576,77.298221,9.0,CNG,12.08,19.2,,803,46.7,3.85,,89.0,6.25,-4.69,13.7,5.9,9.0,0.00,ARMED,,14.9,,
1791430293348,28.586576,77.298221,12.0,CNG,14.03,14.9,2,838,46.7,2.87,,89.0,6.25,-4.69,13.7,0.0,12.0,0.00,ARMED,,14.9,2,
1791430294123,28.586553,77.298240,11.0,CNG,13.84,14.9,2,807,46.7,3.31,,89.0,6.25,-4.69,13.6,0.0,11.4,-0.35,ARMED,,14.9,2,
1791430295925,28.586529,77.298262,7.0,CNG,13.28,14.9,,802,35.7,2.35,,89.0,0.00,-2.34,13.4,0.0,7.0,0.00,ARMED,,14.1,,
1791430296721,28.586528,77.298263,0.0,CNG,8.72,14.9,0,778,35.7,2.19,,89.0,0.00,-2.34,13.5,0.0,0.0,0.00,ARMED,,14.1,1,
1791430297525,28.586528,77.298263,0.0,CNG,5.70,14.9,0,749,35.7,2.03,,89.0,0.00,-2.34,13.5,0.0,0.0,0.00,ARMED,,14.1,1,
1791430299151,28.586528,77.298263,0.0,CNG,,14.9,0,724,24.7,0.87,,89.0,8.59,-2.34,13.5,0.0,0.0,0.00,ARMED,,12.5,1,
1791430299951,28.586526,77.298264,1.0,CNG,,14.9,,707,24.7,1.79,,89.0,8.59,-2.34,13.5,0.0,1.0,0.00,ARMED,,12.5,,
1791430300757,28.586526,77.298264,0.0,CNG,,14.9,0,679,24.7,2.14,,89.0,8.59,-2.34,13.6,0.0,0.0,0.00,ARMED,,12.5,1,
1791430302307,28.586525,77.298265,0.0,CNG,,14.9,0,682,47.5,3.96,,89.0,-1.56,-1.56,13.6,0.0,0.0,0.00,ARMED,,16.1,1,
1791430303064,28.586521,77.298269,3.0,CNG,,14.9,,758,47.5,4.60,,89.0,-1.56,-1.56,13.6,0.0,3.0,0.00,ARMED,,16.1,,
1791430303805,28.586512,77.298276,5.0,CNG,,14.9,,817,47.5,3.10,,89.0,-1.56,-1.56,13.6,0.0,5.0,0.00,ARMED,,16.1,,
1791430305444,28.586504,77.298284,2.0,CNG,,14.9,,807,36.5,3.29,,89.0,-2.34,-1.56,13.5,0.0,2.0,0.00,ARMED,,14.5,,
1791430306214,28.586504,77.298284,3.0,CNG,,14.9,,784,36.5,2.26,,89.0,-2.34,-1.56,13.5,0.0,3.0,0.00,ARMED,,14.5,,
1791430307025,28.586500,77.298287,2.0,CNG,,14.9,,808,36.5,2.89,,89.0,-2.34,-1.56,13.6,0.0,2.0,0.00,ARMED,,14.5,,
1791430308695,28.586500,77.298287,1.0,CNG,,14.9,,811,36.1,2.30,,89.0,0.78,-1.56,13.6,0.0,1.0,0.00,ARMED,,14.5,,
1791430309486,28.586500,77.298287,0.0,CNG,,14.9,0,809,36.1,2.51,,89.0,0.78,-1.56,13.7,0.0,0.0,0.00,ARMED,,14.5,1,
1791430310224,28.586500,77.298287,0.0,CNG,,14.9,0,800,36.1,3.27,,89.0,0.78,-1.56,13.7,0.0,0.0,0.00,ARMED,,14.5,1,
1791430311902,28.586500,77.298287,0.0,CNG,,14.9,0,779,25.1,2.35,,89.0,8.59,-1.56,13.6,0.0,0.0,0.00,ARMED,,12.9,1,
1791430312680,28.586500,77.298287,0.0,CNG,,14.9,0,728,25.1,1.44,,89.0,8.59,-1.56,13.6,0.0,0.0,0.00,ARMED,,12.9,1,
1791430313441,28.586492,77.298294,1.0,CNG,,14.9,,737,25.1,2.74,,89.0,8.59,-1.56,13.7,0.0,1.0,0.00,ARMED,,12.9,,
1791430315050,28.586483,77.298301,4.0,CNG,,14.9,,776,23.9,2.92,,89.0,-2.34,-1.56,13.7,0.0,4.0,0.00,ARMED,,12.9,,
1791430315836,28.586473,77.298311,5.0,CNG,6.45,14.9,,779,23.9,1.09,,89.0,-2.34,-1.56,13.7,0.0,5.0,0.00,ARMED,,12.9,,
1791430316610,28.586463,77.298321,5.0,CNG,7.00,14.9,1,754,23.9,2.68,,89.0,-2.34,-1.56,13.7,0.0,5.0,0.00,ARMED,,12.9,1,
1791430318269,28.586452,77.298330,5.0,CNG,6.72,14.9,,772,35.3,3.18,,89.0,-2.34,-1.56,13.5,0.0,5.0,0.00,ARMED,,14.5,,
1791430319024,28.586446,77.298336,2.0,CNG,4.82,14.9,,786,35.3,3.26,,89.0,-2.34,-1.56,13.5,0.0,2.0,0.00,ARMED,,14.5,,
1791430319808,28.586442,77.298340,1.0,CNG,,14.9,,799,35.3,3.33,,89.0,-2.34,-1.56,13.4,0.0,1.0,0.00,ARMED,,14.5,,
1791430321477,28.586431,77.298351,2.0,CNG,,14.9,,673,40.0,3.78,,89.0,-1.56,-1.56,13.4,0.0,2.0,0.00,ARMED,,14.5,,
1791430322215,28.586431,77.298351,2.0,CNG,,14.9,,804,40.0,2.24,,89.0,-1.56,-1.56,13.6,0.0,2.0,0.00,ARMED,,14.5,,
1791430323022,28.586429,77.298353,0.0,CNG,,14.9,0,810,40.0,2.89,,89.0,-1.56,-1.56,13.6,0.0,0.0,0.00,ARMED,,14.5,1,
1791430324653,28.586425,77.298356,1.0,CNG,,14.9,,812,35.7,2.24,,89.0,0.78,-1.56,13.5,0.0,1.0,0.00,ARMED,,14.5,,
1791430325453,28.586424,77.298357,1.0,CNG,,14.9,,811,35.7,3.10,,89.0,0.78,-1.56,13.5,0.0,1.0,0.00,ARMED,,14.5,,
1791430326224,28.586424,77.298357,1.0,CNG,,14.9,,723,35.7,2.14,,89.0,0.78,-1.56,13.1,0.0,1.0,0.00,ARMED,,14.5,,
1791430328049,28.586415,77.298366,3.0,CNG,,14.9,,639,23.5,0.19,,90.0,-0.78,-1.56,13.8,0.0,3.0,0.00,ARMED,,12.9,,
1791430328829,28.586408,77.298373,3.0,CNG,,14.9,,728,23.5,0.91,,90.0,-0.78,-1.56,13.3,0.0,3.0,0.00,ARMED,,12.9,,
1791430329595,28.586400,77.298381,4.0,CNG,,14.9,,597,23.5,1.59,,90.0,-0.78,-1.56,13.3,0.0,4.0,0.00,ARMED,,12.9,,
1791430331328,28.586391,77.298390,5.0,CNG,6.46,26.3,1,707,74.1,3.84,,90.0,6.25,-3.13,13.5,15.5,5.0,0.00,ARMED,,21.6,1,
1791430332093,28.586375,77.298407,11.0,CNG,12.71,14.9,1,1415,74.1,1.77,,90.0,6.25,-3.13,13.5,0.0,10.3,2.44,ARMED,,21.6,1,
1791430332871,28.586356,77.298427,11.0,CNG,14.66,14.9,2,911,74.1,2.64,,90.0,6.25,-3.13,12.7,0.0,11.0,0.00,ARMED,,21.6,2,
1791430334536,28.586329,77.298457,11.0,CNG,14.88,14.9,2,794,35.7,2.97,,89.0,1.56,-1.56,12.7,0.0,11.0,0.00,ARMED,,14.9,2,
1791430335323,28.586329,77.298457,2.0,CNG,9.30,14.9,,794,35.7,3.21,,89.0,1.56,-1.56,13.6,0.0,2.0,0.00,ARMED,,14.9,,
1791430336071,28.586326,77.298461,1.0,CNG,5.79,26.3,,795,35.7,3.29,,89.0,1.56,-1.56,13.6,15.5,1.0,0.00,ARMED,,14.9,,
1791430337664,28.586318,77.298474,2.0,CNG,4.06,14.9,,1375,38.0,3.95,,89.0,0.00,-1.56,13.4,0.0,2.0,0.00,ARMED,,14.5,,
1791430338424,28.586314,77.298481,4.0,CNG,4.57,14.9,,1012,38.0,3.01,,89.0,0.00,-1.56,13.4,0.0,4.0,0.00,ARMED,,14.5,,
1791430339278,28.586314,77.298481,2.0,CNG,,14.9,,849,38.0,2.41,,89.0,0.00,-1.56,13.6,0.0,2.0,0.00,ARMED,,14.5,,
1791430340919,28.586306,77.298495,2.0,CNG,,14.9,,828,76.1,5.80,,89.0,-2.34,-3.91,13.6,0.0,2.0,0.00,ARMED,,23.1,,
1791430341665,28.586293,77.298512,8.0,CNG,2.82,35.3,1,1100,76.1,11.13,,89.0,-2.34,-3.91,13.8,27.8,8.0,0.00,ARMED,,23.1,1,
1791430342650,28.586271,77.298540,15.0,CNG,4.32,14.9,1,2072,76.1,10.59,,89.0,-2.34,-3.91,13.8,0.0,13.0,2.77,ARMED,,23.1,1,
1791430344280,28.586246,77.298573,16.0,CNG,4.40,30.2,,1783,34.1,14.65,,89.0,-0.78,-3.13,13.7,20.9,16.0,0.00,ARMED,,13.7,,
1791430345011,28.586216,77.298614,18.0,CNG,5.94,23.9,2,1332,34.1,8.15,,89.0,-0.78,-3.13,13.7,12.3,18.0,0.00,ARMED,,13.7,2,
1791430345826,28.586186,77.298655,19.0,CNG,6.40,34.1,2,1424,34.1,11.07,,89.0,-0.78,-3.13,13.7,26.2,18.6,0.36,ARMED,,13.7,2,
1791430347426,28.586106,77.298752,22.0,CNG,5.96,33.7,2,1625,35.3,16.23,,89.0,-3.13,-1.56,13.7,25.7,20.8,1.46,ARMED,,14.5,2,
1791430348181,28.586106,77.298752,26.0,CNG,6.96,29.0,3,1409,35.3,12.55,,89.0,-3.13,-1.56,13.6,19.3,26.0,0.00,ARMED,,14.5,2,
1791430348943,28.586060,77.298806,27.0,CNG,7.77,29.8,3,1382,35.3,12.24,,89.0,-3.13,-1.56,13.6,20.3,26.6,0.36,ARMED,,14.5,2,
1791430350594,28.585959,77.298922,29.0,CNG,8.26,32.2,3,1479,72.2,13.23,,89.0,0.00,-2.34,13.3,23.5,28.2,1.10,ARMED,,13.7,2,
1791430351370,28.585903,77.298979,31.0,CNG,11.10,42.7,4,1093,72.2,6.50,,89.0,0.00,-2.34,13.3,38.0,31.0,0.00,ARMED,,13.7,3,
1791430352243,28.585903,77.298979,31.0,CNG,9.69,40.4,4,1211,72.2,15.31,,89.0,0.00,-2.34,13.5,34.8,31.0,0.00,ARMED,,13.7,3,
1791430353935,28.585777,77.299098,33.0,CNG,9.40,37.6,4,1275,94.9,14.92,,89.0,0.78,-3.13,13.5,31.0,32.2,0.72,ARMED,,41.2,3,
1791430354816,28.585716,77.299173,37.0,CNG,9.47,31.8,4,1411,94.9,15.84,,89.0,0.78,-3.13,13.5,23.0,36.6,2.12,ARMED,,41.2,3,
1791430355574,28.585661,77.299259,38.0,CNG,14.91,14.9,4,1431,94.9,2.56,,89.0,0.78,-3.13,13.5,0.0,37.8,1.84,ARMED,,41.2,3,
1791430357340,28.585620,77.299335,34.0,CNG,21.36,14.9,,803,22.0,2.15,,89.0,0.00,-1.56,13.7,0.0,34.0,0.00,ARMED,,12.5,,
1791430358077,28.585589,77.299390,19.0,CNG,24.75,14.9,4,707,22.0,1.77,,90.0,0.00,-1.56,13.7,0.0,19.0,0.00,ARMED,,12.5,4,
1791430358836,28.585569,77.299431,15.0,CNG,27.43,14.9,3,705,22.0,1.55,,90.0,0.00,-1.56,13.7,0.0,15.0,0.00,ARMED,,12.5,3,
1791430360598,28.585533,77.299500,14.0,CNG,28.31,14.9,3,713,25.1,1.86,,90.0,-7.03,-1.56,13.5,0.0,14.4,-0.35,ARMED,,12.2,3,
1791430361406,28.585533,77.299500,12.0,CNG,28.27,14.9,,698,25.1,1.74,,90.0,-7.03,-1.56,13.7,0.0,12.0,0.00,ARMED,,12.2,,
1791430362155,28.585521,77.299526,8.0,CNG,31.82,14.9,,658,25.1,0.63,,90.0,-7.03,-1.56,13.7,0.0,8.0,0.00,ARMED,,12.2,,
1791430364020,28.585503,77.299562,7.0,CNG,24.89,14.9,,681,23.5,1.85,,90.0,-14.06,-1.56,13.7,0.0,7.0,0.00,ARMED,,12.5,,
1791430364953,28.585494,77.299579,7.0,CNG,16.26,14.9,,701,23.5,3.15,,90.0,-14.06,-1.56,13.7,0.0,7.0,0.00,ARMED,,12.5,,
1791430365888,28.585486,77.299595,7.0,CNG,13.31,14.9,,758,23.5,2.92,,90.0,-14.06,-1.56,13.2,0.0,7.0,0.00,ARMED,,12.5,,
1791430367896,28.585472,77.299622,6.0,CNG,12.33,14.9,1,779,36.1,2.29,,90.0,-2.34,-1.56,13.2,0.0,6.0,0.00,ARMED,,15.3,1,
1791430368888,28.585470,77.299625,1.0,CNG,7.87,14.9,,792,36.1,2.60,,90.0,-2.34,-1.56,13.7,0.0,1.0,0.00,ARMED,,15.3,,
1791430369870,28.585469,77.299626,0.0,CNG,,14.9,0,798,36.1,2.87,,90.0,-2.34,-1.56,13.7,0.0,0.0,0.00,ARMED,,15.3,1,
1791430371994,28.585467,77.299631,0.0,CNG,,14.9,0,821,49.4,4.15,,90.0,-1.56,-2.34,13.5,0.0,0.0,0.00,ARMED,,16.1,1,
1791430372827,28.585462,77.299639,4.0,CNG,,14.9,,823,49.4,3.05,,90.0,-1.56,-2.34,13.5,0.0,4.0,0.00,ARMED,,16.1,,
1791430373618,28.585456,77.299650,5.0,CNG,6.17,14.9,1,757,49.4,1.18,,90.0,-1.56,-2.34,13.7,0.0,5.0,0.00,ARMED,,16.1,1,
1791430375287,28.585452,77.299659,5.0,CNG,7.49,14.9,1,732,22.0,2.10,,90.0,8.59,-3.13,13.7,0.0,5.0,0.00,ARMED,,12.5,1,
1791430376062,28.585449,77.299664,1.0,CNG,,14.9,,727,22.0,1.83,,90.0,8.59,-3.13,13.5,0.0,1.0,0.00,ARMED,,12.5,,
1791430376812,28.585448,77.299666,1.0,CNG,,14.9,,712,22.0,1.22,,90.0,8.59,-3.13,13.5,0.0,1.0,0.00,ARMED,,12.5,,
1791430378563,28.585448,77.299666,0.0,CNG,,14.9,0,699,27.8,0.66,,90.0,-3.91,-3.13,13.5,0.0,0.0,0.00,ARMED,,12.9,1,
1791430379328,28.585448,77.299666,0.0,CNG,,14.9,0,632,27.8,2.04,,89.0,-3.91,-3.13,13.5,0.0,0.0,0.00,ARMED,,12.9,1,
1791430380123,28.585448,77.299666,1.0,CNG,,14.9,,687,27.8,1.40,,89.0,-3.91,-3.13,13.8,0.0,1.0,0.00,ARMED,,12.9,,
1791430381906,28.585447,77.299669,0.0,CNG,,14.9,0,723,38.8,2.06,,89.0,-3.13,-3.13,13.8,0.0,0.0,0.00,ARMED,,15.3,1,
1791430382719,28.585447,77.299669,0.0,CNG,,14.9,0,797,38.8,3.02,,89.0,-3.13,-3.13,13.4,0.0,0.0,0.00,ARMED,,15.3,1,
1791430383443,28.585447,77.299669,0.0,CNG,,14.9,0,810,38.8,2.88,,89.0,-3.13,-3.13,13.4,0.0,0.0,0.00,ARMED,,15.3,1,
1791430385107,28.585447,77.299669,0.0,CNG,,14.9,0,809,40.8,3.59,,89.0,0.00,-3.13,13.6,0.0,0.0,0.00,ARMED,,15.3,1,
1791430385829,28.585447,77.299669,0.0,CNG,,14.9,0,835,40.8,3.38,,89.0,0.00,-3.13,13.6,0.0,0.0,0.00,ARMED,,15.3,1,
1791430386645,28.585447,77.299669,0.0,CNG,,14.9,0,805,40.8,3.96,,89.0,0.00,-3.13,13.5,0.0,0.0,0.00,ARMED,,15.3,1,
1791430388262,28.585439,77.299680,3.0,CNG,,14.9,,770,47.1,5.33,,89.0,-0.78,-3.13,13.5,0.0,3.0,0.00,ARMED,,14.5,,
1791430389100,28.585432,77.299694,6.0,CNG,4.03,23.1,1,833,47.1,1.64,,89.0,-0.78,-3.13,13.5,11.2,6.0,0.00,ARMED,,14.5,1,
1791430389843,28.585425,77.299707,6.0,CNG,3.90,23.1,1,826,47.1,6.46,,89.0,-0.78,-3.13,13.5,11.2,6.0,0.00,ARMED,,14.5,1,
1791430391525,28.585399,77.299749,8.0,CNG,4.44,22.7,1,1090,33.7,6.55,,89.0,-2.34,-3.91,13.8,10.7,7.2,0.72,ARMED,,15.7,1,
1791430392265,28.585399,77.299749,11.0,CNG,7.37,14.9,,1282,33.7,2.92,,89.0,-2.34,-3.91,13.8,0.0,11.0,0.00,ARMED,,15.7,,
1791430393047,28.585384,77.299773,10.0,CNG,10.25,14.9,2,807,33.7,2.15,,89.0,-2.34,-3.91,13.4,0.0,10.0,0.00,ARMED,,15.7,2,
1791430394798,28.585364,77.299802,8.0,CNG,14.09,14.9,,726,22.7,0.90,,89.0,0.00,-3.13,13.7,0.0,8.0,0.00,ARMED,,12.5,,
1791430395555,28.585361,77.299806,2.0,CNG,13.87,14.9,,709,22.7,0.65,,89.0,0.00,-3.13,13.5,0.0,2.0,0.00,ARMED,,12.5,,
1791430396322,28.585361,77.299806,0.0,CNG,7.84,14.9,0,680,22.7,1.99,,89.0,0.00,-3.13,13.5,0.0,0.0,0.00,ARMED,,12.5,1,
1791430397983,28.585362,77.299806,0.0,CNG,,14.9,0,665,36.1,0.91,,89.0,-6.25,-3.13,13.3,0.0,0.0,0.00,ARMED,,14.5,1,
1791430398739,28.585360,77.299809,1.0,CNG,,14.9,,767,36.1,2.21,,89.0,-6.25,-3.13,13.3,0.0,1.0,0.00,ARMED,,14.5,,
1791430399565,28.585360,77.299809,1.0,CNG,,14.9,,793,36.1,3.45,,89.0,-6.25,-3.13,13.6,0.0,1.0,0.00,ARMED,,14.5,,
1791430401241,28.585360,77.299809,0.0,CNG,,14.9,0,803,38.4,3.27,,89.0,-0.78,-3.13,13.6,0.0,0.0,0.00,ARMED,,14.9,1,
1791430402087,28.585360,77.299809,0.0,CNG,,14.9,0,817,38.4,3.04,,89.0,-0.78,-3.13,13.6,0.0,0.0,0.00,ARMED,,14.9,1,
1791430402845,28.585360,77.299809,0.0,CNG,,14.9,0,826,38.4,3.09,,88.0,-0.78,-3.13,13.6,0.0,0.0,0.00,ARMED,,14.9,1,
1791430404497,28.585360,77.299809,0.0,CNG,,14.9,0,821,37.6,2.47,,88.0,0.78,-3.13,13.4,0.0,0.0,0.00,ARMED,,14.9,1,
1791430405309,28.585360,77.299809,0.0,CNG,,14.9,0,817,37.6,3.37,,88.0,0.78,-3.13,13.4,0.0,0.0,0.00,ARMED,,14.9,1,
1791430406054,28.585360,77.299809,0.0,CNG,,14.9,0,810,37.6,1.23,,88.0,0.78,-3.13,13.6,0.0,0.0,0.00,ARMED,,14.9,1,
1791430407694,28.585360,77.299809,0.0,CNG,,14.9,0,767,25.5,1.93,,88.0,6.25,-3.13,13.6,0.0,0.0,0.00,ARMED,,12.9,1,
1791430408446,28.585360,77.299809,0.0,CNG,,14.9,0,704,25.5,2.33,,88.0,6.25,-3.13,13.7,0.0,0.0,0.00,ARMED,,12.9,1,
1791430409181,28.585360,77.299809,0.0,CNG,,14.9,0,773,25.5,3.43,,88.0,6.25,-3.13,13.7,0.0,0.0,0.00,ARMED,,12.9,1,
1791430410918,28.585350,77.299823,2.0,CNG,,14.9,,769,36.1,3.33,,88.0,0.00,-3.13,13.6,0.0,2.0,0.00,ARMED,,11.4,,
1791430411674,28.585341,77.299837,6.0,CNG,,14.9,1,744,36.1,1.15,,88.0,0.00,-3.13,13.6,0.0,6.0,0.00,ARMED,,11.4,1,
1791430412447,28.585331,77.299853,7.0,CNG,10.67,14.9,,723,36.1,0.99,,88.0,0.00,-3.13,13.1,0.0,7.0,0.00,ARMED,,11.4,,
1791430414100,28.585318,77.299872,8.0,CNG,10.33,14.9,,607,35.3,3.25,,88.0,-2.34,-3.13,13.1,0.0,8.0,0.00,ARMED,,14.5,,
1791430414881,28.585302,77.299894,11.0,CNG,12.73,14.9,2,770,35.3,2.87,,88.0,-2.34,-3.13,13.2,0.0,11.0,0.00,ARMED,,14.5,2,
1791430415609,28.585285,77.299918,11.0,CNG,15.34,14.9,2,814,35.3,2.28,,88.0,-2.34,-3.13,13.2,0.0,11.0,0.00,ARMED,,14.5,2,
1791430417268,28.585267,77.299943,11.0,CNG,17.02,14.9,2,824,34.1,2.28,,88.0,-0.78,-3.13,13.7,0.0,11.0,0.00,ARMED,,14.5,2,
1791430418092,28.585249,77.299967,12.0,CNG,16.03,14.9,2,874,34.1,3.28,,88.0,-0.78,-3.13,13.7,0.0,11.9,0.41,ARMED,,14.5,2,
1791430418885,28.585229,77.299993,12.0,CNG,15.79,14.9,2,904,34.1,3.17,,88.0,-0.78,-3.13,13.5,0.0,12.3,0.44,ARMED,,14.5,2,
1791430420558,28.585189,77.300047,13.0,CNG,16.91,14.9,2,937,30.6,2.85,,88.0,0.00,-3.13,13.5,0.0,12.8,0.47,ARMED,,14.5,2,
1791430421356,28.585189,77.300047,13.0,CNG,19.53,14.9,2,958,30.6,2.14,,88.0,0.00,-3.13,13.7,0.0,13.2,0.29,ARMED,,14.5,2,
1791430422143,28.585169,77.300074,13.0,CNG,21.45,14.9,2,959,30.6,2.13,,88.0,0.00,-3.13,13.7,0.0,13.2,0.23,ARMED,,14.5,2,
1791430423818,28.585127,77.300128,13.0,CNG,21.62,14.9,2,971,23.5,2.43,,88.0,-0.78,-3.13,13.6,0.0,13.3,0.21,ARMED,,13.7,2,
1791430424591,28.585104,77.300156,13.0,CNG,20.92,14.9,2,974,23.5,2.66,,88.0,-0.78,-3.13,13.6,0.0,13.3,0.13,ARMED,,13.7,2,
1791430425387,28.585104,77.300156,13.0,CNG,23.61,14.9,2,968,23.5,1.82,,88.0,-0.78,-3.13,13.7,0.0,13.3,0.09,ARMED,,13.7,2,
1791430427177,28.585066,77.300203,12.0,CNG,22.33,14.9,2,933,22.0,2.39,,88.0,4.69,-3.13,13.6,0.0,12.9,-0.16,ARMED,,12.5,2,
1791430427992,28.585056,77.300214,3.0,CNG,21.21,14.9,,696,22.0,0.76,,88.0,4.69,-3.13,13.4,0.0,3.0,0.00,ARMED,,12.5,,
1791430428810,28.585053,77.300218,1.0,CNG,12.30,14.9,,684,22.0,2.16,,88.0,4.69,-3.13,13.4,0.0,1.0,0.00,ARMED,,12.5,,
1791430430478,28.585048,77.300224,1.0,CNG,5.95,14.9,,686,39.2,3.69,,88.0,-3.13,-2.34,13.2,0.0,1.0,0.00,ARMED,,14.5,,
1791430431217,28.585048,77.300224,2.0,CNG,4.25,14.9,,769,39.2,3.48,,88.0,-3.13,-2.34,13.2,0.0,2.0,0.00,ARMED,,14.5,,
1791430431974,28.585044,77.300228,2.0,CNG,,14.9,,783,39.2,3.61,,88.0,-3.13,-2.34,13.7,0.0,2.0,0.00,ARMED,,14.5,,
1791430433632,28.585034,77.300240,3.0,CNG,,14.9,,795,49.8,3.60,,88.0,0.78,-3.13,13.7,0.0,3.0,0.00,ARMED,,17.6,,
1791430434386,28.585034,77.300240,5.0,CNG,4.41,14.9,,811,49.8,3.46,,88.0,0.78,-3.13,13.6,0.0,5.0,0.00,ARMED,,17.6,,
1791430435123,28.585025,77.300251,6.0,CNG,3.39,20.4,1,828,49.8,8.77,,88.0,0.78,-3.13,13.6,7.5,6.0,0.00,ARMED,,17.6,1,
1791430436855,28.584999,77.300279,7.0,CNG,4.74,19.6,1,961,32.2,3.65,,88.0,-2.34,-4.69,13.6,6.4,6.7,0.37,ARMED,,14.9,1,
1791430437566,28.584987,77.300293,8.0,CNG,6.54,14.9,1,1075,32.2,3.03,,88.0,-2.34,-4.69,13.6,0.0,7.9,0.68,ARMED,,14.9,1,
1791430438402,28.584987,77.300293,7.0,CNG,7.22,14.9,1,1022,32.2,3.39,,88.0,-2.34,-4.69,13.7,0.0,7.9,0.37,ARMED,,14.9,1,
1791430440051,28.584963,77.300321,7.0,CNG,9.79,14.9,,826,22.0,1.42,,88.0,8.59,-3.13,13.7,0.0,7.0,0.00,ARMED,,12.5,,
1791430440906,28.584955,77.300330,4.0,CNG,9.29,14.9,,721,22.0,1.99,,88.0,8.59,-3.13,13.6,0.0,4.0,0.00,ARMED,,12.5,,
1791430441649,28.584951,77.300334,2.0,CNG,7.26,14.9,,704,22.0,2.18,,88.0,8.59,-3.13,13.6,0.0,2.0,0.00,ARMED,,12.5,,
1791430443356,28.584950,77.300335,1.0,CNG,,14.9,,698,26.3,1.65,,88.0,-0.78,-1.56,13.8,0.0,1.0,0.00,ARMED,,12.9,,
1791430444126,28.584950,77.300335,0.0,CNG,,14.9,0,694,26.3,2.29,,88.0,-0.78,-1.56,13.8,0.0,0.0,0.00,ARMED,,12.9,1,
1791430444927,28.584950,77.300335,0.0,CNG,,14.9,0,699,26.3,2.47,,88.0,-0.78,-1.56,13.5,0.0,0.0,0.00,ARMED,,12.9,1,
1791430446604,28.584950,77.300335,0.0,CNG,,14.9,0,744,42.0,3.11,,88.0,-3.13,-1.56,13.5,0.0,0.0,0.00,ARMED,,15.3,1,
1791430447386,28.584950,77.300335,0.0,CNG,,14.9,0,796,42.0,3.24,,88.0,-3.13,-1.56,13.5,0.0,0.0,0.00,ARMED,,15.3,1,
1791430448134,28.584950,77.300335,0.0,CNG,,14.9,0,810,42.0,2.65,,88.0,-3.13,-1.56,13.5,0.0,0.0,0.00,ARMED,,15.3,1,
1791430449861,28.584950,77.300335,0.0,CNG,,14.9,0,821,43.1,3.35,,88.0,0.00,-2.34,13.5,0.0,0.0,0.00,ARMED,,15.3,1,
1791430450643,28.584950,77.300335,0.0,CNG,,14.9,0,827,43.1,3.16,,89.0,0.00,-2.34,13.5,0.0,0.0,0.00,ARMED,,15.3,1,
1791430451428,28.584950,77.300335,0.0,CNG,,14.9,0,831,43.1,2.99,,89.0,0.00,-2.34,13.6,0.0,0.0,0.00,ARMED,,15.3,1,
1791430453079,28.584950,77.300335,0.0,CNG,,14.9,0,829,38.4,2.57,,89.0,0.78,-2.34,13.6,0.0,0.0,0.00,ARMED,,14.9,1,
1791430453852,28.584950,77.300335,0.0,CNG,,14.9,0,822,38.4,3.20,,89.0,0.78,-2.34,13.5,0.0,0.0,0.00,ARMED,,14.9,1,
1791430454612,28.584950,77.300335,0.0,CNG,,14.9,0,773,38.4,2.29,,89.0,0.78,-2.34,13.5,0.0,0.0,0.00,ARMED,,14.9,1,
1791430456352,28.584950,77.300335,0.0,CNG,,14.9,0,748,23.1,1.12,,89.0,7.81,-1.56,13.4,0.0,0.0,0.00,ARMED,,12.5,1,
1791430457121,28.584950,77.300335,0.0,CNG,,14.9,0,717,23.1,1.06,,89.0,7.81,-1.56,13.4,0.0,0.0,0.00,ARMED,,12.5,1,
1791430457912,28.584950,77.300335,0.0,CNG,,14.9,0,716,23.1,1.79,,89.0,7.81,-1.56,13.7,0.0,0.0,0.00,ARMED,,12.5,1,
1791430459767,28.584950,77.300335,0.0,CNG,,14.9,0,707,22.7,0.90,,89.0,-3.13,0.00,13.6,0.0,0.0,0.00,ARMED,,12.5,1,
1791430460616,28.584950,77.300335,0.0,CNG,,14.9,0,686,22.7,2.08,,89.0,-3.13,0.00,13.7,0.0,0.0,0.00,ARMED,,12.5,1,
1791430461385,28.584950,77.300335,0.0,CNG,,14.9,0,738,22.7,2.61,,89.0,-3.13,0.00,13.7,0.0,0.0,0.00,ARMED,,12.5,1,
1791430463074,28.584950,77.300335,0.0,CNG,,14.9,0,776,42.4,3.77,,89.0,-2.34,-0.78,13.7,0.0,0.0,0.00,ARMED,,15.3,1,
1791430463795,28.584950,77.300335,0.0,CNG,,15.3,0,808,42.4,3.58,,89.0,-2.34,-0.78,13.7,0.5,0.0,0.00,ARMED,,15.3,1,
1791430464583,28.584950,77.300335,0.0,CNG,,14.9,0,811,42.4,5.70,,89.0,-2.34,-0.78,13.7,0.0,0.0,0.00,ARMED,,15.3,1,
1791430466234,28.584941,77.300344,2.0,CNG,,19.2,,798,70.2,4.96,,89.0,4.69,-3.13,13.7,5.9,2.0,0.00,ARMED,,18.8,,
1791430467024,28.584932,77.300355,7.0,CNG,2.30,22.7,1,882,70.2,7.91,,89.0,4.69,-3.13,13.7,10.7,7.0,0.00,ARMED,,18.8,1,
1791430467761,28.584916,77.300372,10.0,CNG,5.55,14.9,1,1283,70.2,2.22,,89.0,4.69,-3.13,13.7,0.0,8.9,1.08,ARMED,,18.8,1,
1791430469377,28.584900,77.300391,10.0,CNG,7.66,25.1,,1131,100.0,3.53,,89.0,7.81,-3.13,13.5,13.9,10.0,0.00,ARMED,,33.7,,
1791430470099,28.584878,77.300416,14.0,CNG,13.99,14.9,2,1039,100.0,1.34,,89.0,7.81,-3.13,13.5,0.0,14.0,0.00,ARMED,,33.7,2,
1791430470913,28.584853,77.300444,15.0,CNG,17.07,14.9,2,1068,100.0,2.79,,89.0,7.81,-3.13,13.6,0.0,14.6,0.36,ARMED,,33.7,2,
1791430472556,28.584800,77.300502,15.0,CNG,18.67,17.3,2,1080,55.7,2.91,,89.0,-0.78,-5.47,13.6,3.2,15.0,0.38,ARMED,,21.6,2,
1791430473346,28.584800,77.300502,17.0,CNG,10.72,14.9,2,1224,55.7,9.71,,89.0,-0.78,-5.47,13.5,0.0,16.8,0.95,ARMED,,21.6,2,
1791430474082,28.584768,77.300536,18.0,CNG,13.10,22.0,2,1370,55.7,4.08,,89.0,-0.78,-5.47,13.5,9.6,18.4,1.44,ARMED,,21.6,2,
1791430475725,28.584698,77.300608,19.0,CNG,12.59,22.7,2,1396,43.1,6.47,,89.0,-2.34,-3.91,13.7,10.7,19.3,1.41,ARMED,,19.2,2,
1791430476482,28.584658,77.300646,21.0,CNG,12.97,14.9,2,1564,43.1,6.37,,89.0,-2.34,-3.91,13.7,0.0,21.5,1.36,ARMED,,19.2,2,
1791430477230,28.584658,77.300646,21.0,CNG,11.63,22.7,2,1604,43.1,8.41,,89.0,-2.34,-3.91,13.6,10.7,22.2,1.18,ARMED,,19.2,2,
1791430478913,28.584574,77.300725,22.0,CNG,11.32,22.4,2,1643,40.0,8.23,,89.0,-0.78,-3.13,13.6,10.2,22.7,0.96,ARMED,,19.2,2,
1791430479691,28.584529,77.300766,24.0,CNG,13.61,22.4,2,1757,40.0,5.33,,89.0,-0.78,-3.13,13.6,10.2,24.0,0.90,ARMED,,19.2,2,
1791430480447,28.584479,77.300808,24.0,CNG,12.84,14.9,2,1801,40.0,8.23,,89.0,-0.78,-3.13,13.6,0.0,24.6,0.86,ARMED,,19.2,2,
1791430482086,28.584432,77.300847,25.0,CNG,17.05,14.9,2,1828,20.0,3.31,,89.0,0.00,0.00,13.6,0.0,25.1,0.80,ARMED,,15.7,2,
1791430482800,28.584390,77.300884,20.0,CNG,19.69,14.9,2,1531,20.0,3.01,,89.0,0.00,0.00,13.6,0.0,21.6,-1.47,ARMED,,15.7,2,
1791430483607,28.584354,77.300916,18.0,CNG,20.71,14.9,2,1359,20.0,3.21,,89.0,0.00,0.00,13.6,0.0,19.3,-2.18,ARMED,,15.7,2,
1791430485287,28.584322,77.300944,16.0,CNG,19.40,28.2,2,1210,65.5,3.78,,88.0,3.13,-3.13,13.6,18.2,16.8,-2.54,ARMED,,18.0,2,
1791430486149,28.584286,77.300975,19.0,CNG,18.08,23.5,2,1403,65.5,4.73,,88.0,3.13,-3.13,13.4,11.8,18.3,0.13,ARMED,,18.0,2,
1791430486971,28.584248,77.301008,20.0,CNG,15.87,14.9,2,1474,65.5,6.04,,88.0,3.13,-3.13,13.4,0.0,19.5,0.75,ARMED,,18.0,2,
1791430488735,28.584164,77.301076,20.0,CNG,11.73,24.3,3,1060,61.6,9.60,,88.0,-1.56,-3.13,13.7,12.8,20.0,0.00,ARMED,,19.2,2,
1791430489533,28.584116,77.301114,24.0,CNG,13.50,23.5,3,1215,61.6,5.92,,88.0,-1.56,-3.13,13.7,11.8,23.6,1.60,ARMED,,19.2,2,
1791430490317,28.584116,77.301114,25.0,CNG,14.16,23.1,3,1285,61.6,6.77,,88.0,-1.56,-3.13,13.6,11.2,24.9,1.64,ARMED,,19.2,2,
1791430492088,28.584009,77.301202,27.0,CNG,13.88,14.9,3,1354,30.2,8.15,,88.0,0.00,-0.78,13.6,0.0,26.3,1.67,ARMED,,15.3,3,
1791430492880,28.583957,77.301245,27.0,CNG,19.36,14.9,4,1015,30.2,2.64,,88.0,0.00,-0.78,13.3,0.0,27.0,0.00,ARMED,,15.3,4,
1791430493665,28.583903,77.301288,26.0,CNG,24.48,14.9,4,1033,30.2,2.65,,88.0,0.00,-0.78,13.3,0.0,26.4,-0.37,ARMED,,15.3,4,
1791430495318,28.583856,77.301325,24.0,CNG,27.89,14.9,4,959,35.7,2.73,,88.0,-3.13,-0.78,13.7,0.0,24.8,-1.12,ARMED,,14.9,4,
1791430496064,28.583819,77.301354,16.0,CNG,27.35,14.9,3,837,35.7,2.50,,88.0,-3.13,-0.78,13.7,0.0,16.0,0.00,ARMED,,14.9,3,
1791430496820,28.583786,77.301380,16.0,CNG,27.74,14.9,3,820,35.7,2.29,,88.0,-3.13,-0.78,13.7,0.0,16.0,0.00,ARMED,,14.9,3,
1791430498440,28.583722,77.301432,16.0,CNG,27.94,14.9,3,818,36.5,2.31,,89.0,-0.78,-1.56,13.7,0.0,16.0,0.00,ARMED,,14.9,3,
1791430499191,28.583722,77.301432,15.0,CNG,25.81,25.5,3,793,36.5,2.70,,89.0,-0.78,-1.56,13.7,14.4,15.1,-0.41,ARMED,,14.9,3,
1791430500037,28.583690,77.301458,16.0,CNG,15.56,25.9,3,800,36.5,6.83,,89.0,-0.78,-1.56,13.7,15.0,15.0,-0.34,ARMED,,14.9,3,
1791430501696,28.583618,77.301516,17.0,CNG,13.14,25.1,3,880,74.9,6.48,,89.0,0.00,-3.13,13.7,13.9,16.1,0.41,ARMED,,20.4,2,
1791430502457,28.583574,77.301552,22.0,CNG,13.31,24.7,3,1109,74.9,6.66,,89.0,0.00,-3.13,13.7,13.4,20.7,2.28,ARMED,,20.4,2,
1791430503210,28.583574,77.301552,24.0,CNG,18.06,14.9,3,1202,74.9,3.15,,89.0,0.00,-3.13,13.7,0.0,22.8,2.56,ARMED,,20.4,2,
1791430504868,28.583478,77.301628,24.0,CNG,24.06,14.9,3,1226,20.4,2.31,,89.0,0.00,0.00,13.7,0.0,24.1,2.09,ARMED,,14.9,3,
1791430505646,28.583431,77.301665,23.0,CNG,24.67,20.4,3,1191,20.4,3.67,,89.0,0.00,0.00,13.6,7.5,23.6,0.23,ARMED,,14.9,3,
1791430506403,28.583384,77.301702,23.0,CNG,26.91,14.9,3,1194,20.4,3.03,,89.0,0.00,0.00,13.6,0.0,23.3,-0.04,ARMED,,14.9,3,
1791430508036,28.583339,77.301739,23.0,CNG,29.10,14.9,3,1180,38.4,2.84,,89.0,0.00,-6.25,13.1,0.0,23.0,-0.21,ARMED,,18.8,3,
1791430508864,28.583295,77.301775,22.0,CNG,19.70,22.0,3,1131,38.4,6.86,,89.0,0.00,-6.25,13.1,9.6,21.9,-0.52,ARMED,,18.8,3,
1791430509615,28.583248,77.301812,23.0,CNG,16.42,22.0,3,1172,38.4,7.12,,89.0,0.00,-6.25,13.5,9.6,22.2,-0.13,ARMED,,18.8,3,
1791430511309,28.583199,77.301850,24.0,CNG,15.46,21.6,3,1235,49.4,6.87,,89.0,-0.78,-3.91,13.5,9.1,23.2,0.50,ARMED,,18.8,3,
1791430512087,28.583148,77.301889,26.0,CNG,15.47,21.6,3,1360,49.4,6.86,,89.0,-0.78,-3.91,13.5,9.1,26.0,1.41,ARMED,,18.8,3,
1791430512821,28.583091,77.301932,27.0,CNG,16.04,22.4,3,1392,49.4,6.54,,89.0,-0.78,-3.91,13.5,10.2,27.0,1.38,ARMED,,18.8,3,
1791430514461,28.582975,77.302018,28.0,CNG,20.96,14.9,3,1443,73.3,3.18,,89.0,0.00,-3.13,13.4,0.0,28.0,1.37,ARMED,,21.6,2,
1791430515223,28.582975,77.302018,29.0,CNG,16.88,23.5,4,1149,73.3,8.89,,89.0,0.00,-3.13,13.4,11.8,29.0,0.00,ARMED,,21.6,3,
1791430515968,28.582912,77.302064,30.0,CNG,17.84,22.7,4,1192,73.3,6.34,,89.0,0.00,-3.13,13.7,10.7,29.6,0.35,ARMED,,21.6,3,
1791430517660,28.582778,77.302162,31.0,CNG,18.52,22.7,4,1222,49.4,6.48,,89.0,0.00,-3.91,13.7,10.7,30.6,0.76,ARMED,,18.4,4,
1791430518433,28.582709,77.302215,33.0,CNG,19.84,14.9,4,1286,49.4,6.15,,89.0,0.00,-3.91,13.7,0.0,32.9,1.23,ARMED,,18.4,4,
1791430519211,28.582709,77.302215,34.0,CNG,24.03,20.8,4,1295,49.4,4.12,,89.0,0.00,-3.91,13.7,8.0,33.5,1.02,ARMED,,18.4,4,
1791430520821,28.582573,77.302327,34.0,CNG,27.72,20.8,4,1311,29.8,3.92,,89.0,-0.78,-5.47,13.7,8.0,33.9,0.84,ARMED,,16.1,4,
1791430521579,28.582504,77.302384,34.0,CNG,30.18,20.8,4,1331,29.8,4.01,,89.0,-0.78,-5.47,13.7,8.0,34.3,0.39,ARMED,,16.1,4,
1791430522381,28.582504,77.302384,34.0,CNG,28.75,20.8,4,1323,29.8,5.17,,89.0,-0.78,-5.47,13.4,8.0,34.2,0.16,ARMED,,16.1,4,
1791430524212,28.582363,77.302496,35.0,CNG,27.01,20.8,4,1358,38.8,5.76,,89.0,0.00,-4.69,13.5,8.0,34.7,0.36,ARMED,,17.6,4,
1791430525025,28.582291,77.302552,35.0,CNG,25.79,14.9,4,1362,38.8,5.91,,89.0,0.00,-4.69,13.5,0.0,35.0,0.29,ARMED,,17.6,4,
1791430525801,28.582220,77.302607,35.0,CNG,30.49,16.1,4,1350,38.8,3.43,,89.0,0.00,-4.69,13.5,1.6,34.9,0.08,ARMED,,17.6,4,
1791430527460,28.582088,77.302717,34.0,CNG,36.30,14.9,4,1352,21.2,2.71,,89.0,0.00,0.00,13.7,0.0,34.8,0.03,ARMED,,14.5,4,
1791430528192,28.582088,77.302717,31.0,CNG,40.34,14.9,4,1209,21.2,2.56,,89.0,0.00,0.00,13.7,0.0,31.5,-1.55,ARMED,,14.5,4,
1791430528953,28.582028,77.302772,29.0,CNG,44.46,14.9,4,1130,21.2,2.20,,89.0,0.00,0.00,13.6,0.0,29.6,-2.04,ARMED,,14.5,4,
1791430530566,28.581922,77.302870,29.0,CNG,48.00,14.9,4,1117,23.1,2.15,,89.0,0.00,0.00,13.6,0.0,28.4,-1.79,ARMED,,13.7,4,
1791430531345,28.581922,77.302870,24.0,CNG,52.55,14.9,4,964,23.1,1.53,,89.0,0.00,0.00,13.6,0.0,24.8,-2.14,ARMED,,13.7,4,
1791430532096,28.581877,77.302917,22.0,CNG,56.06,14.9,4,889,23.1,1.40,,88.0,0.00,0.00,13.6,0.0,22.8,-2.29,ARMED,,13.7,4,
1791430533813,28.581814,77.302992,18.0,CNG,50.66,14.9,4,710,73.7,1.75,,88.0,0.78,-4.69,13.3,0.0,19.2,-3.37,ARMED,,22.7,3,
1791430534582,28.581782,77.303029,18.0,CNG,24.31,26.7,,692,73.7,5.98,,88.0,0.78,-4.69,13.3,16.1,18.0,0.00,ARMED,,22.7,,
1791430535360,28.581782,77.303029,20.0,CNG,18.81,26.7,4,751,73.7,5.87,,88.0,0.78,-4.69,13.5,16.1,20.0,0.00,ARMED,,22.7,3,
1791430536991,28.581707,77.303106,21.0,CNG,18.11,14.9,4,786,35.7,5.00,,88.0,-11.72,-5.47,13.5,0.0,20.6,0.36,ARMED,,15.7,4,
1791430537799,28.581667,77.303142,21.0,CNG,20.50,14.9,4,838,35.7,3.37,,88.0,-11.72,-5.47,13.7,0.0,21.0,0.31,ARMED,,15.7,4,
1791430538577,28.581623,77.303179,21.0,CNG,18.36,20.4,4,828,35.7,5.40,,88.0,-11.72,-5.47,13.7,7.5,21.0,0.13,ARMED,,15.7,4,
1791430540279,28.581577,77.303218,22.0,CNG,22.12,20.4,4,870,30.6,2.88,,88.0,0.00,-2.34,13.6,7.5,21.5,0.41,ARMED,,14.1,4,
1791430541091,28.581532,77.303256,21.0,CNG,26.87,14.9,4,814,30.6,2.15,,89.0,0.00,-2.34,13.6,0.0,20.7,-0.31,ARMED,,14.1,4,
1791430541870,28.581500,77.303283,15.0,CNG,23.59,14.9,3,791,30.6,3.27,,89.0,0.00,-2.34,13.7,0.0,15.0,0.00,ARMED,,14.1,3,
1791430543507,28.581474,77.303307,9.0,CNG,19.34,14.9,,792,36.9,2.97,,89.0,-0.78,-2.34,13.7,0.0,9.0,0.00,ARMED,,15.3,,
1791430544286,28.581474,77.303307,1.0,CNG,12.10,14.9,,798,36.9,3.15,,89.0,-0.78,-2.34,13.5,0.0,1.0,0.00,ARMED,,15.3,,
1791430545058,28.581471,77.303310,1.0,CNG,8.45,20.0,,805,36.9,2.52,,89.0,-0.78,-2.34,13.5,7.0,1.0,0.00,ARMED,,15.3,,
1791430546700,28.581465,77.303315,1.0,CNG,4.41,20.0,,863,34.1,4.91,,89.0,-2.34,0.00,13.5,7.0,1.0,0.00,ARMED,,15.7,,
1791430547502,28.581465,77.303315,1.0,CNG,,14.9,,1097,34.1,3.73,,89.0,-2.34,0.00,13.5,0.0,1.0,0.00,ARMED,,15.7,,
1791430548290,28.581465,77.303315,1.0,CNG,,14.9,,962,34.1,3.65,,89.0,-2.34,0.00,13.2,0.0,1.0,0.00,ARMED,,15.7,,
1791430549961,28.581460,77.303318,0.0,CNG,,18.8,0,810,44.3,3.75,,89.0,1.56,-4.69,13.2,5.4,0.0,0.00,ARMED,,16.1,1,
1791430550721,28.581458,77.303318,1.0,CNG,,14.9,,896,44.3,3.74,,89.0,1.56,-4.69,13.6,0.0,1.0,0.00,ARMED,,16.1,,
1791430551539,28.581454,77.303319,2.0,CNG,,14.9,,825,44.3,2.77,,89.0,1.56,-4.69,13.6,0.0,2.0,0.00,ARMED,,16.1,,
1791430553180,28.581451,77.303321,2.0,CNG,,14.9,,833,26.7,2.82,,89.0,-1.56,-2.34,13.7,0.0,2.0,0.00,ARMED,,12.9,,
1791430553925,28.581451,77.303320,1.0,CNG,,14.9,,758,26.7,2.22,,89.0,-1.56,-2.34,13.7,0.0,1.0,0.00,ARMED,,12.9,,
1791430554669,28.581451,77.303320,0.0,CNG,,14.9,0,744,26.7,0.91,,89.0,-1.56,-2.34,13.7,0.0,0.0,0.00,ARMED,,12.9,1,
1791430556402,28.581451,77.303320,0.0,CNG,,14.9,0,719,22.7,1.01,,89.0,3.91,-1.56,13.8,0.0,0.0,0.00,ARMED,,12.5,1,
1791430557188,28.581451,77.303320,0.0,CNG,,14.9,0,707,22.7,1.32,,89.0,3.91,-1.56,13.5,0.0,0.0,0.00,ARMED,,12.5,1,
1791430557949,28.581451,77.303320,0.0,CNG,,14.9,0,661,22.7,2.12,,89.0,3.91,-1.56,13.5,0.0,0.0,0.00,ARMED,,12.5,1,
1791430559647,28.581451,77.303320,0.0,CNG,,14.9,0,705,36.5,1.90,,89.0,-3.91,-0.78,13.4,0.0,0.0,0.00,ARMED,,14.1,1,
1791430560414,28.581451,77.303320,0.0,CNG,,14.9,0,775,36.5,2.15,,89.0,-3.91,-0.78,13.4,0.0,0.0,0.00,ARMED,,14.1,1,
1791430561208,28.581451,77.303320,0.0,CNG,,14.9,0,806,36.5,3.42,,89.0,-3.91,-0.78,13.6,0.0,0.0,0.00,ARMED,,14.1,1,
1791430562822,28.581451,77.303320,0.0,CNG,,14.9,0,816,38.8,2.48,,89.0,-2.34,-0.78,13.6,0.0,0.0,0.00,ARMED,,15.3,1,
1791430563570,28.581451,77.303320,0.0,CNG,,14.9,0,832,38.8,3.50,,89.0,-2.34,-0.78,13.6,0.0,0.0,0.00,ARMED,,15.3,1,
1791430564294,28.581451,77.303320,0.0,CNG,,14.9,0,835,38.8,3.51,,89.0,-2.34,-0.78,13.6,0.0,0.0,0.00,ARMED,,15.3,1,
1791430565974,28.581451,77.303320,0.0,CNG,,14.9,0,839,38.4,3.53,,89.0,-0.78,-2.34,13.7,0.0,0.0,0.00,ARMED,,15.3,1,
1791430566711,28.581451,77.303320,0.0,CNG,,14.9,0,832,38.4,3.21,,89.0,-0.78,-2.34,13.7,0.0,0.0,0.00,ARMED,,15.3,1,
1791430567513,28.581451,77.303320,0.0,CNG,,14.9,0,833,38.4,3.35,,89.0,-0.78,-2.34,13.7,0.0,0.0,0.00,ARMED,,15.3,1,
1791430569120,28.581451,77.303320,0.0,CNG,,14.9,0,780,25.5,2.20,,89.0,0.78,-2.34,13.7,0.0,0.0,0.00,ARMED,,12.9,1,
1791430569898,28.581451,77.303320,0.0,CNG,,22.4,0,716,25.5,1.47,,89.0,0.78,-2.34,13.6,10.2,0.0,0.00,ARMED,,12.9,1,
1791430570669,28.581445,77.303322,0.0,CNG,,14.9,0,990,25.5,1.00,,89.0,0.78,-2.34,13.6,0.0,0.0,0.00,ARMED,,12.9,1,
1791430572311,28.581440,77.303323,2.0,CNG,,14.9,,895,25.5,2.73,,89.0,-2.34,-2.34,13.5,0.0,2.0,0.00,ARMED,,12.9,,
1791430573076,28.581436,77.303325,1.0,CNG,,14.9,,739,25.5,2.19,,89.0,-2.34,-2.34,13.5,0.0,1.0,0.00,ARMED,,12.9,,
1791430573882,28.581435,77.303325,1.0,CNG,,14.9,,719,25.5,2.11,,89.0,-2.34,-2.34,13.7,0.0,1.0,0.00,ARMED,,12.9,,
1791430575526,28.581435,77.303325,0.0,CNG,,14.9,0,751,38.0,2.60,,89.0,-2.34,-2.34,13.7,0.0,0.0,0.00,ARMED,,20.0,1,
1791430576289,28.581435,77.303325,0.0,CNG,,14.9,0,945,38.0,2.12,,89.0,-2.34,-2.34,13.2,0.0,0.0,0.00,ARMED,,20.0,1,
1791430577010,28.581432,77.303326,1.0,CNG,,14.9,,922,38.0,2.33,,89.0,-2.34,-2.34,13.2,0.0,1.0,0.00,ARMED,,20.0,,
1791430578640,28.581432,77.303326,1.0,CNG,,14.9,,831,38.0,2.64,,89.0,-0.78,-2.34,13.5,0.0,1.0,0.00,ARMED,,14.9,,
1791430579390,28.581432,77.303326,0.0,CNG,,14.9,0,835,38.0,3.16,,89.0,-0.78,-2.34,13.5,0.0,0.0,0.00,ARMED,,14.9,1,
1791430580162,28.581432,77.303326,0.0,CNG,,14.9,0,854,38.0,5.50,,89.0,-0.78,-2.34,13.4,0.0,0.0,0.00,ARMED,,14.9,1,
1791430581823,28.581429,77.303328,0.0,CNG,,22.4,0,1101,41.6,2.68,,89.0,6.25,-3.13,13.4,10.2,0.0,0.00,ARMED,,16.5,1,
1791430582647,28.581422,77.303329,3.0,CNG,,17.3,,725,41.6,2.97,,89.0,6.25,-3.13,13.1,3.2,3.0,0.00,ARMED,,16.5,,
1791430583415,28.581412,77.303332,5.0,CNG,,20.0,,593,41.6,1.39,,89.0,6.25,-3.13,13.1,7.0,5.0,0.00,ARMED,,16.5,,
1791430585098,28.581399,77.303336,5.0,CNG,6.13,19.6,1,735,36.5,2.39,,89.0,3.13,-5.47,13.5,6.4,5.0,0.00,ARMED,,14.9,1,
1791430585898,28.581383,77.303342,7.0,CNG,9.33,14.9,1,1000,36.5,1.81,,89.0,3.13,-5.47,13.5,0.0,6.8,0.82,ARMED,,14.9,1,
1791430586704,28.581366,77.303347,7.0,CNG,5.35,22.0,,844,36.5,7.80,,89.0,3.13,-5.47,13.6,9.6,7.0,0.00,ARMED,,14.9,,
1791430588573,28.581324,77.303362,8.0,CNG,6.13,20.8,,922,49.4,4.48,,89.0,0.78,-4.69,13.6,8.0,8.0,0.00,ARMED,,11.8,,
1791430589367,28.581324,77.303362,10.0,CNG,8.32,14.9,2,736,49.4,3.15,,89.0,0.78,-4.69,13.4,0.0,10.0,0.00,ARMED,,11.8,2,
1791430590086,28.581301,77.303370,10.0,CNG,10.74,14.9,2,770,49.4,2.48,,90.0,0.78,-4.69,13.4,0.0,10.0,0.00,ARMED,,11.8,2,
1791430591762,28.581258,77.303385,9.0,CNG,12.32,14.9,,795,75.3,2.34,,90.0,-1.56,-3.91,13.3,0.0,9.0,0.00,ARMED,,17.6,,
1791430592551,28.581235,77.303393,10.0,CNG,12.46,14.9,2,792,75.3,3.23,,90.0,-1.56,-3.91,13.3,0.0,10.0,0.00,ARMED,,17.6,2,
1791430593353,28.581235,77.303393,9.0,CNG,13.11,14.9,,807,75.3,2.58,,90.0,-1.56,-3.91,13.6,0.0,9.0,0.00,ARMED,,17.6,,
1791430595102,28.581191,77.303408,9.0,CNG,14.01,14.9,,817,81.2,2.35,,90.0,-0.78,-3.13,13.6,0.0,9.0,0.00,ARMED,,21.6,,
1791430595930,28.581167,77.303415,11.0,CNG,13.70,14.9,1,1476,81.2,3.37,,90.0,-0.78,-3.13,13.7,0.0,11.0,0.00,ARMED,,21.6,1,
1791430596693,28.581140,77.303423,11.0,CNG,15.68,14.9,,933,81.2,2.31,,90.0,-0.78,-3.13,13.7,0.0,11.0,0.00,ARMED,,21.6,,
1791430598366,28.581114,77.303433,11.0,CNG,19.07,14.9,,978,66.7,1.64,,90.0,9.38,-4.69,13.7,0.0,11.0,0.00,ARMED,,19.2,,
1791430599124,28.581088,77.303445,13.0,CNG,12.29,23.9,2,964,66.7,6.20,,90.0,9.38,-4.69,13.7,12.3,13.0,0.00,ARMED,,19.2,2,
1791430599896,28.581058,77.303462,15.0,CNG,18.00,14.9,2,1074,66.7,1.58,,90.0,9.38,-4.69,13.7,0.0,14.2,0.71,ARMED,,19.2,2,
1791430601470,28.580995,77.303502,14.0,CNG,20.51,14.9,2,1064,59.6,2.25,,90.0,5.47,-4.69,13.7,0.0,14.3,0.44,ARMED,,19.6,2,
1791430602247,28.580995,77.303502,15.0,CNG,21.89,23.9,2,1105,59.6,2.55,,90.0,5.47,-4.69,13.7,12.3,15.0,0.44,ARMED,,19.6,2,
1791430602978,28.580962,77.303522,16.0,CNG,12.45,26.3,2,1137,59.6,8.23,,90.0,5.47,-4.69,13.7,15.5,15.4,0.47,ARMED,,19.6,2,
1791430604626,28.580880,77.303568,18.0,CNG,9.36,26.3,2,1289,63.5,10.26,,90.0,-0.78,-2.34,13.7,15.5,16.8,1.09,ARMED,,15.7,2,
1791430605411,28.580836,77.303597,21.0,CNG,12.87,22.0,3,1182,63.5,3.80,,90.0,-0.78,-2.34,13.7,9.6,21.0,0.00,ARMED,,15.7,2,
1791430606235,28.580836,77.303597,21.0,CNG,13.56,18.0,3,1081,63.5,5.89,,90.0,-0.78,-2.34,13.6,4.3,21.0,0.00,ARMED,,15.7,2,
1791430607793,28.580748,77.303663,22.0,CNG,17.99,14.9,3,1117,35.7,2.86,,90.0,-2.34,-5.47,13.6,0.0,21.6,0.37,ARMED,,16.9,3,
1791430608574,28.580701,77.303698,22.0,CNG,19.96,19.6,3,1117,35.7,3.82,,90.0,-2.34,-5.47,13.5,6.4,22.0,0.32,ARMED,,16.9,3,
1791430609338,28.580701,77.303698,22.0,CNG,24.85,19.6,3,1138,35.7,2.35,,90.0,-2.34,-5.47,13.5,6.4,22.4,0.34,ARMED,,16.9,3,
1791430610940,28.580608,77.303765,22.0,CNG,26.67,16.9,3,1148,22.7,3.01,,90.0,0.78,-2.34,13.7,2.7,22.6,0.33,ARMED,,14.1,3,
1791430611739,28.580563,77.303797,22.0,CNG,32.15,16.5,3,1129,22.7,1.95,,90.0,0.78,-2.34,13.7,2.1,22.3,-0.06,ARMED,,14.1,3,
1791430612550,28.580517,77.303829,21.0,CNG,31.19,14.9,3,1101,22.7,2.88,,90.0,0.78,-2.34,13.7,0.0,21.8,-0.30,ARMED,,14.1,3,
1791430614312,28.580473,77.303860,21.0,CNG,33.50,18.8,3,1088,23.5,2.27,,90.0,0.78,-6.25,13.7,5.4,21.4,-0.35,ARMED,,14.1,3,
1791430615092,28.580429,77.303892,21.0,CNG,35.09,19.6,3,1056,23.5,2.27,,90.0,0.78,-6.25,13.7,6.4,20.7,-0.36,ARMED,,14.1,3,
1791430615827,28.580387,77.303922,21.0,CNG,23.16,19.6,3,1094,23.5,5.61,,89.0,0.78,-6.25,13.7,6.4,21.1,-0.01,ARMED,,14.1,3,
1791430617511,28.580296,77.303990,22.0,CNG,22.23,19.6,3,1089,38.0,4.28,,89.0,-0.78,-5.47,13.5,6.4,21.3,0.05,ARMED,,16.5,3,
1791430618265,28.580296,77.303990,22.0,CNG,22.00,19.6,3,1125,38.0,4.15,,89.0,-0.78,-5.47,13.5,6.4,22.0,0.35,ARMED,,16.5,3,
1791430619050,28.580250,77.304024,22.0,CNG,22.37,19.6,3,1140,38.0,3.92,,89.0,-0.78,-5.47,13.6,6.4,22.3,0.37,ARMED,,16.5,3,
1791430620881,28.580155,77.304093,22.0,CNG,21.82,19.6,3,1151,61.2,4.27,,89.0,-0.78,-3.91,13.6,6.4,22.6,0.36,ARMED,,20.0,2,
1791430621632,28.580105,77.304130,24.0,CNG,16.66,22.7,3,1223,61.2,7.79,,89.0,-0.78,-3.91,13.7,10.7,23.9,0.65,ARMED,,20.0,2,
1791430622413,28.580055,77.304168,25.0,CNG,14.97,22.4,3,1276,61.2,7.77,,89.0,-0.78,-3.91,13.7,10.2,24.8,0.87,ARMED,,20.0,2,
1791430624070,28.580001,77.304208,26.0,CNG,14.76,22.4,3,1324,41.6,7.34,,89.0,-2.34,-3.91,13.8,10.2,25.7,1.06,ARMED,,18.4,3,
1791430624863,28.579943,77.304252,28.0,CNG,20.07,14.9,3,1431,41.6,3.00,,89.0,-2.34,-3.91,13.8,0.0,28.0,1.25,ARMED,,18.4,3,
1791430625613,28.579884,77.304294,28.0,CNG,26.51,14.9,4,1010,41.6,2.39,,89.0,-2.34,-3.91,13.4,0.0,28.0,0.00,ARMED,,18.4,4,
1791430627238,28.579829,77.304335,27.0,CNG,34.83,14.9,5,780,23.1,1.69,,89.0,0.00,-2.34,13.4,0.0,27.0,0.00,ARMED,,12.2,5,
1791430628036,28.579773,77.304377,25.0,CNG,49.16,14.9,,681,23.1,0.70,,89.0,0.00,-2.34,13.6,0.0,25.0,0.00,ARMED,,12.2,,
1791430628767,28.579722,77.304414,24.0,CNG,52.20,14.9,5,779,23.1,1.69,,89.0,0.00,-2.34,13.6,0.0,24.0,0.00,ARMED,,12.2,5,
1791430630398,28.579676,77.304449,23.0,CNG,44.79,14.9,3,1155,23.1,2.59,,89.0,-3.13,-2.34,13.7,0.0,23.0,0.00,ARMED,,13.7,3,
1791430631172,28.579634,77.304479,20.0,CNG,37.79,19.6,3,1006,23.1,2.78,,89.0,-3.13,-2.34,13.7,6.4,20.4,-1.23,ARMED,,13.7,3,
1791430631969,28.579593,77.304510,20.0,CNG,28.97,19.2,3,1013,23.1,3.94,,89.0,-3.13,-2.34,13.2,5.9,19.8,-1.02,ARMED,,13.7,3,
1791430633637,28.579508,77.304572,20.0,CNG,27.45,19.2,3,1016,43.5,3.23,,89.0,0.00,-4.69,13.2,5.9,19.7,-0.61,ARMED,,16.5,3,
1791430634430,28.579467,77.304601,20.0,CNG,29.07,14.9,3,1033,43.5,2.55,,89.0,0.00,-4.69,13.4,0.0,20.1,0.08,ARMED,,16.5,3,
1791430635183,28.579467,77.304601,20.0,CNG,27.80,14.9,3,1013,43.5,3.14,,89.0,0.00,-4.69,13.4,0.0,20.0,0.04,ARMED,,16.5,3,
1791430636846,28.579384,77.304659,19.0,CNG,26.22,14.9,3,1003,34.1,3.23,,89.0,-1.56,-2.34,13.5,0.0,19.9,-0.02,ARMED,,14.9,3,
1791430637585,28.579352,77.304684,16.0,CNG,24.10,14.9,3,828,34.1,3.12,,89.0,-1.56,-2.34,13.5,0.0,16.7,-1.48,ARMED,,14.9,3,
1791430638365,28.579352,77.304684,12.0,CNG,20.32,14.9,2,821,34.1,3.28,,89.0,-1.56,-2.34,13.5,0.0,12.0,0.00,ARMED,,14.9,2,
1791430639997,28.579317,77.304710,8.0,CNG,18.20,14.9,,821,22.4,2.35,,89.0,0.00,-3.13,13.5,0.0,8.0,0.00,ARMED,,12.9,,
1791430640818,28.579313,77.304714,1.0,CNG,12.76,14.9,,732,22.4,2.14,,89.0,0.00,-3.13,13.5,0.0,1.0,0.00,ARMED,,12.9,,
1791430641611,28.579311,77.304716,1.0,CNG,11.22,14.9,,731,22.4,0.89,,89.0,0.00,-3.13,13.5,0.0,1.0,0.00,ARMED,,12.9,,
1791430643357,28.579311,77.304716,0.0,CNG,6.21,14.9,0,721,60.4,2.29,,89.0,3.91,-4.69,13.6,0.0,0.0,0.00,ARMED,,18.4,1,
1791430644140,28.579309,77.304717,1.0,CNG,,22.0,,1415,60.4,6.14,,89.0,3.91,-4.69,13.6,9.6,1.0,0.00,ARMED,,18.4,,
1791430644918,28.579305,77.304720,3.0,CNG,,14.9,,900,60.4,5.85,,89.0,3.91,-4.69,13.6,0.0,3.0,0.00,ARMED,,18.4,,
1791430646627,28.579294,77.304729,3.0,CNG,,14.9,,1065,51.4,2.10,,89.0,3.13,-5.47,13.6,0.0,3.0,0.00,ARMED,,17.6,,
1791430647429,28.579289,77.304733,2.0,CNG,,21.2,,1438,51.4,6.52,,89.0,3.13,-5.47,13.4,8.6,2.0,0.00,ARMED,,17.6,,
1791430648208,28.579289,77.304733,2.0,CNG,,14.9,,1885,51.4,3.52,,89.0,3.13,-5.47,13.4,0.0,2.0,0.00,ARMED,,17.6,,
1791430649817,28.579284,77.304738,2.0,CNG,,14.9,,1067,32.9,3.36,,89.0,0.00,-2.34,13.6,0.0,2.0,0.00,ARMED,,15.3,,
1791430650577,28.579284,77.304738,0.0,CNG,,18.8,0,902,32.9,4.75,,88.0,0.00,-2.34,13.6,5.4,0.0,0.00,ARMED,,15.3,1,
1791430651319,28.579284,77.304738,0.0,CNG,,14.9,0,1227,32.9,6.47,,88.0,0.00,-2.34,13.6,0.0,0.0,0.00,ARMED,,15.3,1,
1791430653158,28.579284,77.304738,0.0,CNG,,17.6,0,1089,31.4,3.26,,88.0,0.00,-5.47,13.6,3.7,0.0,0.00,ARMED,,15.7,1,
1791430653995,28.579284,77.304738,0.0,CNG,,19.2,0,1096,31.4,1.58,,88.0,0.00,-5.47,13.3,5.9,0.0,0.00,ARMED,,15.7,1,
1791430654759,28.579284,77.304738,0.0,CNG,,19.2,0,944,31.4,2.76,,88.0,0.00,-5.47,13.3,5.9,0.0,0.00,ARMED,,15.7,1,
1791430656401,28.579284,77.304738,0.0,CNG,,19.2,0,1283,19.6,3.43,,88.0,3.13,-5.47,13.6,5.9,0.0,0.00,ARMED,,15.3,1,
1791430657181,28.579284,77.304738,0.0,CNG,,19.2,0,1584,19.6,3.54,,88.0,3.13,-5.47,13.6,5.9,0.0,0.00,ARMED,,15.3,1,
1791430657948,28.579284,77.304738,2.0,CNG,,19.2,,698,19.6,5.52,,88.0,3.13,-5.47,13.1,5.9,2.0,0.00,ARMED,,15.3,,
1791430659587,28.579265,77.304753,4.0,CNG,,19.2,,542,28.6,1.39,,88.0,-2.34,-2.34,13.1,5.9,4.0,0.00,ARMED,,12.5,,
1791430660326,28.579265,77.304753,3.0,CNG,,14.9,,706,28.6,2.00,,88.0,-2.34,-2.34,13.7,0.0,3.0,0.00,ARMED,,12.5,,
1791430661075,28.579262,77.304756,1.0,CNG,,14.9,,696,28.6,1.94,,88.0,-2.34,-2.34,13.7,0.0,1.0,0.00,ARMED,,12.5,,
1791430662757,28.579262,77.304756,0.0,CNG,,22.4,0,692,33.7,6.88,,88.0,-10.16,-3.13,13.7,10.2,0.0,0.00,ARMED,,19.6,1,
1791430663539,28.579262,77.304756,0.0,CNG,,14.9,0,2401,33.7,8.49,,88.0,-10.16,-3.13,13.7,0.0,0.0,0.00,ARMED,,19.6,1,
1791430664273,28.579262,77.304756,0.0,CNG,,14.9,0,1706,33.7,3.37,,88.0,-10.16,-3.13,13.7,0.0,0.0,0.00,ARMED,,19.6,1,
1791430665942,28.579262,77.304756,0.0,CNG,,19.6,0,1153,31.8,4.43,,88.0,-2.34,-4.69,13.7,6.4,0.0,0.00,ARMED,,17.6,1,
1791430666704,28.579262,77.304756,0.0,CNG,,19.2,0,1664,31.8,5.59,,88.0,-2.34,-4.69,13.5,5.9,0.0,0.00,ARMED,,17.6,1,
1791430667427,28.579262,77.304756,0.0,CNG,,19.2,0,1813,31.8,6.01,,88.0,-2.34,-4.69,13.5,5.9,0.0,0.00,ARMED,,17.6,1,
1791430669199,28.579259,77.304759,0.0,CNG,,19.2,0,1753,50.2,5.65,,88.0,1.56,-4.69,13.1,5.9,0.0,0.00,ARMED,,13.3,1,
1791430669970,28.579251,77.304766,5.0,CNG,,19.2,,629,50.2,3.15,,88.0,1.56,-4.69,13.1,5.9,5.0,0.00,ARMED,,13.3,,
1791430670729,28.579240,77.304774,6.0,CNG,4.18,19.2,1,804,50.2,1.98,,88.0,1.56,-4.69,13.5,5.9,6.0,0.00,ARMED,,13.3,1,
1791430672343,28.579226,77.304784,6.0,CNG,5.82,19.2,1,905,26.3,2.72,,88.0,1.56,-5.47,13.5,5.9,6.0,0.00,ARMED,,14.5,1,
1791430673160,28.579211,77.304796,8.0,CNG,8.64,19.2,1,1122,26.3,2.21,,88.0,1.56,-5.47,13.7,5.9,7.7,0.82,ARMED,,14.5,1,
1791430673882,28.579194,77.304808,8.0,CNG,9.37,19.2,1,1179,26.3,3.16,,89.0,1.56,-5.47,13.7,5.9,8.4,0.83,ARMED,,14.5,1,
1791430675508,28.579157,77.304835,9.0,CNG,11.22,19.2,1,1228,22.0,2.55,,89.0,0.00,-5.47,13.7,5.9,8.9,0.79,ARMED,,14.5,1,
1791430676285,28.579157,77.304835,9.0,CNG,11.29,19.2,1,1304,22.0,3.23,,89.0,0.00,-5.47,13.7,5.9,9.4,0.44,ARMED,,14.5,1,
1791430677052,28.579138,77.304849,9.0,CNG,12.45,19.2,1,1344,22.0,2.54,,89.0,0.00,-5.47,13.7,5.9,9.6,0.40,ARMED,,14.5,1,
1791430678690,28.579098,77.304874,9.0,CNG,12.05,19.2,,1524,36.1,3.19,,89.0,3.91,-5.47,13.7,5.9,9.0,0.00,ARMED,,14.1,,
1791430679455,28.579078,77.304889,10.0,CNG,12.74,22.0,2,757,36.1,2.97,,89.0,3.91,-5.47,13.4,9.6,10.0,0.00,ARMED,,14.1,2,
1791430680276,28.579078,77.304889,11.0,CNG,8.68,25.9,2,793,36.1,7.26,,89.0,3.91,-5.47,13.4,15.0,10.6,0.37,ARMED,,14.1,2,
1791430681900,28.579023,77.304928,13.0,CNG,7.52,23.9,2,941,71.4,8.14,,89.0,-2.34,-3.13,13.6,12.3,12.2,1.12,ARMED,,14.9,2,
1791430682678,28.578989,77.304952,16.0,CNG,8.69,22.7,2,1191,71.4,6.30,,89.0,-2.34,-3.13,13.6,10.7,15.8,1.91,ARMED,,14.9,2,
1791430683453,28.578953,77.304978,17.0,CNG,8.97,22.7,2,1239,71.4,7.46,,89.0,-2.34,-3.13,13.5,10.7,16.9,1.73,ARMED,,14.9,2,
1791430685162,28.578915,77.305005,18.0,CNG,9.04,14.9,2,1321,43.9,8.06,,89.0,-6.25,-4.69,13.6,0.0,17.9,1.59,ARMED,,18.8,2,
1791430685944,28.578878,77.305033,19.0,CNG,10.05,22.0,2,1388,43.9,6.63,,89.0,-6.25,-4.69,13.7,9.6,18.9,0.79,ARMED,,18.8,2,
1791430686872,28.578838,77.305062,19.0,CNG,10.40,22.0,2,1456,43.9,7.12,,90.0,-6.25,-4.69,13.7,9.6,19.6,0.78,ARMED,,18.8,2,
1791430688989,28.578754,77.305123,20.0,CNG,13.39,17.6,2,1520,23.1,3.74,,90.0,0.00,0.00,13.2,3.7,20.4,0.79,ARMED,,13.7,2,
1791430689956,28.578719,77.305149,15.0,CNG,18.11,14.9,3,810,23.1,1.15,,90.0,0.00,0.00,13.2,0.0,15.0,0.00,ARMED,,13.7,3,
1791430690913,28.578702,77.305161,6.0,CNG,17.42,14.9,,718,23.1,1.64,,90.0,0.00,0.00,13.7,0.0,6.0,0.00,ARMED,,13.7,,
1791430693091,28.578699,77.305163,0.0,CNG,11.74,14.9,0,716,26.3,2.17,,90.0,4.69,-1.56,13.7,0.0,0.0,0.00,ARMED,,12.5,1,
1791430694071,28.578699,77.305163,0.0,CNG,8.96,14.9,0,674,26.3,1.24,,90.0,4.69,-1.56,13.6,0.0,0.0,0.00,ARMED,,12.5,1,
1791430695062,28.578699,77.305163,0.0,CNG,,14.9,0,699,26.3,1.70,,90.0,4.69,-1.56,13.6,0.0,0.0,0.00,ARMED,,12.5,1,
1791430697028,28.578699,77.305163,0.0,CNG,,19.6,0,696,23.9,1.52,,90.0,-6.25,-2.34,13.2,6.4,0.0,0.00,ARMED,,12.9,1,
1791430697795,28.578699,77.305163,0.0,CNG,,18.0,0,781,23.9,2.53,,90.0,-6.25,-2.34,13.2,4.3,0.0,0.00,ARMED,,12.9,1,
1791430698578,28.578699,77.305163,0.0,CNG,,18.0,0,891,23.9,3.32,,90.0,-6.25,-2.34,13.5,4.3,0.0,0.00,ARMED,,12.9,1,
1791430700277,28.578699,77.305163,0.0,CNG,,18.0,0,943,34.1,3.26,,90.0,1.56,-5.47,13.5,4.3,0.0,0.00,ARMED,,15.7,1,
1791430701147,28.578699,77.305163,0.0,CNG,,18.0,0,1090,34.1,3.88,,90.0,1.56,-5.47,13.3,4.3,0.0,0.00,ARMED,,15.7,1,
1791430701891,28.578699,77.305163,0.0,CNG,,18.0,0,1038,34.1,3.25,,90.0,1.56,-5.47,13.3,4.3,0.0,0.00,ARMED,,15.7,1,
1791430703594,28.578686,77.305172,2.0,CNG,,18.0,,643,58.8,3.77,,90.0,2.34,-3.91,13.5,4.3,2.0,0.00,ARMED,,19.2,,
1791430704398,28.578686,77.305172,6.0,CNG,,20.8,1,834,58.8,4.37,,90.0,2.34,-3.91,13.5,8.0,6.0,0.00,ARMED,,19.2,1,
1791430705234,28.578673,77.305182,8.0,CNG,4.37,20.8,1,1052,58.8,5.84,,90.0,2.34,-3.91,13.7,8.0,7.3,0.74,ARMED,,19.2,1,
1791430706869,28.578635,77.305210,9.0,CNG,5.88,20.8,1,1310,27.5,4.47,,90.0,-0.78,-4.69,13.7,8.0,8.6,1.15,ARMED,,16.9,1,
1791430707698,28.578612,77.305227,11.0,CNG,8.99,21.2,1,1430,27.5,2.63,,90.0,-0.78,-4.69,13.4,8.6,10.9,1.35,ARMED,,16.9,1,
1791430708450,28.578588,77.305245,11.0,CNG,10.29,21.6,2,919,27.5,3.65,,90.0,-0.78,-4.69,13.4,9.1,11.0,0.00,ARMED,,16.9,2,
1791430710084,28.578561,77.305265,12.0,CNG,10.07,21.6,2,905,50.6,4.99,,90.0,-1.56,-3.91,13.7,9.1,11.6,0.35,ARMED,,17.3,2,
1791430710811,28.578532,77.305286,15.0,CNG,11.32,22.4,2,1094,50.6,4.72,,90.0,-1.56,-3.91,13.7,10.2,14.6,1.51,ARMED,,17.3,2,
1791430711571,28.578499,77.305311,16.0,CNG,11.03,22.4,2,1194,50.6,6.10,,90.0,-1.56,-3.91,13.6,10.2,16.1,1.72,ARMED,,17.3,2,
1791430713218,28.578462,77.305339,17.0,CNG,11.10,22.4,2,1273,40.4,6.21,,90.0,-3.91,-3.91,13.6,10.2,17.4,1.70,ARMED,,18.0,2,
1791430714024,28.578423,77.305368,19.0,CNG,12.13,22.4,2,1440,40.4,5.70,,90.0,-3.91,-3.91,13.5,10.2,19.6,1.44,ARMED,,18.0,2,
1791430714807,28.578382,77.305398,20.0,CNG,11.81,22.4,2,1509,40.4,7.15,,90.0,-3.91,-3.91,13.5,10.2,20.6,1.38,ARMED,,18.0,2,
1791430716458,28.578290,77.305466,21.0,CNG,11.62,22.4,2,1572,47.5,7.53,,90.0,0.78,-3.13,13.5,10.2,21.4,1.32,ARMED,,20.4,2,
1791430717231,28.578290,77.305466,24.0,CNG,11.57,23.1,2,1749,47.5,8.53,,90.0,0.78,-3.13,13.5,11.2,23.7,1.34,ARMED,,20.4,2,
1791430717988,28.578240,77.305503,25.0,CNG,11.31,14.9,2,1833,47.5,9.28,,90.0,0.78,-3.13,13.5,0.0,24.8,1.36,ARMED,,20.4,2,
1791430719916,28.578138,77.305577,25.0,CNG,13.32,14.9,,1562,30.6,5.82,,90.0,0.00,-2.34,13.6,0.0,25.0,0.00,ARMED,,14.9,,
1791430720683,28.578089,77.305613,23.0,CNG,16.69,14.9,4,964,30.6,3.44,,90.0,0.00,-2.34,13.3,0.0,23.0,0.00,ARMED,,14.9,4,
1791430721436,28.578046,77.305644,21.0,CNG,21.51,14.9,4,832,30.6,2.07,,89.0,0.00,-2.34,13.3,0.0,21.7,-0.73,ARMED,,14.9,4,
1791430723098,28.578013,77.305670,18.0,CNG,26.91,14.9,3,852,22.7,1.45,,89.0,3.13,-2.34,13.5,0.0,18.0,0.00,ARMED,,12.5,3,
1791430723853,28.577989,77.305688,9.0,CNG,30.01,14.9,2,704,22.7,0.74,,90.0,3.13,-2.34,13.5,0.0,9.0,0.00,ARMED,,12.5,2,
1791430724646,28.577975,77.305698,6.0,CNG,24.68,14.9,,709,22.7,1.70,,90.0,3.13,-2.34,13.4,0.0,6.0,0.00,ARMED,,12.5,,
1791430726267,28.577967,77.305704,4.0,CNG,19.67,14.9,,678,27.1,1.59,,90.0,-10.94,-2.34,13.4,0.0,4.0,0.00,ARMED,,12.2,,
1791430727024,28.577962,77.305708,2.0,CNG,15.67,22.7,,682,27.1,1.22,,90.0,-10.94,-2.34,13.7,10.7,2.0,0.00,ARMED,,12.2,,
1791430727770,28.577957,77.305712,2.0,CNG,6.10,22.7,,732,27.1,5.07,,90.0,-10.94,-2.34,13.7,10.7,2.0,0.00,ARMED,,12.2,,
1791430729501,28.577935,77.305727,4.0,CNG,4.01,22.7,,1078,65.9,6.42,,90.0,-0.78,-3.91,13.2,10.7,4.0,0.00,ARMED,,20.0,,
1791430730283,28.577935,77.305727,9.0,CNG,4.81,22.4,,798,65.9,6.56,,90.0,-0.78,-3.91,13.2,10.2,9.0,0.00,ARMED,,20.0,,
1791430731041,28.577915,77.305740,11.0,CNG,7.74,20.4,2,783,65.9,2.83,,90.0,-0.78,-3.91,13.4,7.5,11.0,0.00,ARMED,,20.0,2,
1791430732745,28.577866,77.305775,11.0,CNG,7.42,23.1,2,841,82.0,6.33,,90.0,4.69,-3.91,13.4,11.2,11.0,0.00,ARMED,,22.0,2,
1791430733566,28.577837,77.305797,14.0,CNG,10.64,23.5,2,1075,82.0,3.07,,90.0,4.69,-3.91,13.6,11.8,13.6,1.23,ARMED,,22.0,2,
1791430734294,28.577837,77.305797,15.0,CNG,9.16,23.1,2,1096,82.0,7.73,,90.0,4.69,-3.91,13.6,11.2,14.4,1.18,ARMED,,22.0,2,
1791430735933,28.577770,77.305844,16.0,CNG,8.76,23.1,2,1187,57.6,7.85,,90.0,0.78,-3.13,13.7,11.2,15.5,1.22,ARMED,,19.6,2,
1791430736776,28.577731,77.305873,19.0,CNG,12.75,19.2,2,1363,57.6,3.02,,90.0,0.78,-3.13,13.7,5.9,18.0,1.46,ARMED,,19.6,2,
1791430737580,28.577692,77.305901,18.0,CNG,13.51,21.6,2,1397,57.6,5.01,,90.0,0.78,-3.13,13.7,9.1,18.7,1.19,ARMED,,19.6,2,
1791430739196,28.577652,77.305931,19.0,CNG,14.27,21.6,2,1400,30.2,5.04,,90.0,1.56,-5.47,13.7,9.1,19.0,0.78,ARMED,,17.3,2,
1791430740047,28.577610,77.305962,20.0,CNG,14.50,21.6,2,1506,30.2,5.52,,90.0,1.56,-5.47,13.5,9.1,20.0,0.72,ARMED,,17.3,2,
1791430740825,28.577567,77.305994,21.0,CNG,15.32,14.9,2,1573,30.2,5.18,,90.0,1.56,-5.47,13.5,0.0,20.8,0.77,ARMED,,17.3,2,
1791430742487,28.577481,77.306056,21.0,CNG,17.71,18.8,2,1574,19.6,3.79,,90.0,3.13,-5.47,13.7,5.4,21.1,0.59,ARMED,,15.3,2,
1791430743244,28.577481,77.306056,20.0,CNG,21.51,14.9,2,1508,19.6,2.57,,90.0,3.13,-5.47,13.7,0.0,20.3,-0.25,ARMED,,15.3,2,
1791430744033,28.577442,77.306084,17.0,CNG,27.22,14.9,3,853,19.6,1.35,,90.0,3.13,-5.47,13.3,0.0,17.0,0.00,ARMED,,15.3,3,
1791430745646,28.577408,77.306108,9.0,CNG,24.20,14.9,2,738,23.9,2.05,,89.0,0.00,-2.34,13.3,0.0,9.0,0.00,ARMED,,12.9,2,
1791430746471,28.577408,77.306108,0.0,CNG,15.71,14.9,0,705,23.9,2.04,,89.0,0.00,-2.34,13.7,0.0,0.0,0.00,ARMED,,12.9,1,
1791430747270,28.577408,77.306108,0.0,CNG,8.73,14.9,0,730,23.9,2.79,,90.0,0.00,-2.34,13.7,0.0,0.0,0.00,ARMED,,12.9,1,
1791430748941,28.577408,77.306108,0.0,CNG,4.83,14.9,0,760,42.0,3.05,,90.0,-3.13,-1.56,13.6,0.0,0.0,0.00,ARMED,,15.3,1,
1791430749718,28.577408,77.306108,0.0,CNG,,14.9,0,798,42.0,2.86,,90.0,-3.13,-1.56,13.6,0.0,0.0,0.00,ARMED,,15.3,1,
1791430750508,28.577408,77.306108,0.0,CNG,,14.9,0,813,42.0,2.59,,90.0,-3.13,-1.56,13.7,0.0,0.0,0.00,ARMED,,15.3,1,
1791430752230,28.577408,77.306108,0.0,CNG,,14.9,0,820,41.2,3.41,,90.0,-0.78,-4.69,13.7,0.0,0.0,0.00,ARMED,,15.7,1,
1791430753005,28.577408,77.306108,0.0,CNG,,14.9,0,839,41.2,3.29,,90.0,-0.78,-4.69,13.5,0.0,0.0,0.00,ARMED,,15.7,1,
1791430753765,28.577408,77.306108,0.0,CNG,,18.0,0,841,41.2,2.62,,90.0,-0.78,-4.69,13.5,4.3,0.0,0.00,ARMED,,15.7,1,
1791430755442,28.577399,77.306114,0.0,CNG,,14.9,0,893,46.3,6.66,,90.0,-1.56,-1.56,13.0,0.0,0.0,0.00,ARMED,,14.9,1,
1791430756173,28.577399,77.306114,4.0,CNG,,19.6,,531,46.3,2.71,,90.0,-1.56,-1.56,13.0,6.4,4.0,0.00,ARMED,,14.9,,
1791430756971,28.577389,77.306121,5.0,CNG,3.96,19.6,,691,46.3,2.19,,90.0,-1.56,-1.56,13.7,6.4,5.0,0.00,ARMED,,14.9,,
1791430758585,28.577362,77.306140,6.0,CNG,6.15,19.6,1,868,29.4,2.32,,90.0,1.56,-5.47,13.7,6.4,6.0,0.00,ARMED,,14.9,1,
1791430759337,28.577362,77.306140,8.0,CNG,8.62,19.6,1,1144,29.4,2.59,,90.0,1.56,-5.47,13.5,6.4,7.7,0.82,ARMED,,14.9,1,
1791430760060,28.577344,77.306153,9.0,CNG,10.62,19.6,1,1238,29.4,2.70,,90.0,1.56,-5.47,13.5,6.4,8.7,1.05,ARMED,,14.9,1,
1791430761720,28.577302,77.306180,9.0,CNG,10.22,19.6,1,1331,25.5,3.76,,90.0,0.00,0.00,13.3,6.4,9.6,1.07,ARMED,,13.7,1,
1791430762495,28.577282,77.306194,10.0,CNG,10.56,19.2,2,777,25.5,3.72,,90.0,0.00,0.00,13.3,5.9,10.0,0.00,ARMED,,13.7,2,
1791430763310,28.577282,77.306194,10.0,CNG,9.70,20.4,2,771,25.5,4.66,,90.0,0.00,0.00,13.5,7.5,10.0,0.00,ARMED,,13.7,2,
1791430764890,28.577236,77.306228,11.0,CNG,9.48,20.4,2,802,55.7,4.88,,90.0,0.78,-3.91,13.5,7.5,10.6,0.36,ARMED,,16.9,2,
1791430765682,28.577211,77.306248,12.0,CNG,9.69,20.4,2,903,55.7,4.92,,90.0,0.78,-3.91,13.8,7.5,11.9,0.69,ARMED,,16.9,2,
1791430766439,28.577185,77.306266,13.0,CNG,10.23,20.4,2,952,55.7,4.84,,90.0,0.78,-3.91,13.8,7.5,12.6,0.73,ARMED,,16.9,2,
1791430768166,28.577157,77.306287,14.0,CNG,11.37,20.4,2,996,48.2,4.33,,90.0,-1.56,-3.91,13.6,7.5,13.3,0.76,ARMED,,16.9,2,
1791430768923,28.577125,77.306310,15.0,CNG,11.59,20.4,2,1098,48.2,5.16,,90.0,-1.56,-3.91,13.6,7.5,14.7,0.79,ARMED,,16.9,2,
1791430769699,28.577094,77.306334,15.0,CNG,11.13,22.7,2,1131,48.2,5.80,,90.0,-1.56,-3.91,13.5,10.7,15.2,0.77,ARMED,,16.9,2,
1791430771341,28.577061,77.306358,16.0,CNG,9.90,23.1,2,1192,85.1,7.58,,90.0,3.13,-3.13,13.5,11.2,15.9,0.80,ARMED,,18.4,2,
1791430772129,28.577020,77.306388,20.0,CNG,14.22,22.4,2,1372,85.1,2.95,,90.0,3.13,-3.13,13.5,10.2,18.4,1.35,ARMED,,18.4,2,
1791430772865,28.576978,77.306421,21.0,CNG,14.41,22.7,3,1128,85.1,5.86,,90.0,3.13,-3.13,13.5,10.7,21.0,0.00,ARMED,,18.4,2,
1791430774440,28.576889,77.306488,22.0,CNG,17.75,22.0,3,1104,47.5,3.58,,90.0,-3.91,-3.91,13.5,9.6,21.6,0.35,ARMED,,17.6,3,
1791430775181,28.576889,77.306488,23.0,CNG,18.28,14.9,3,1190,47.5,4.94,,90.0,-3.91,-3.91,13.5,0.0,22.9,0.70,ARMED,,17.6,3,
1791430775994,28.576841,77.306523,23.0,CNG,20.00,20.8,3,1185,47.5,4.09,,90.0,-3.91,-3.91,13.5,8.0,23.1,0.51,ARMED,,17.6,3,
1791430777634,28.576740,77.306593,23.0,CNG,21.61,20.8,3,1204,25.9,3.85,,90.0,-0.78,-4.69,13.5,8.0,23.3,0.46,ARMED,,14.5,3,
1791430778477,28.576693,77.306627,23.0,CNG,26.02,17.6,3,1202,25.9,2.54,,90.0,-0.78,-4.69,13.4,3.7,23.3,0.09,ARMED,,14.5,3,
1791430779260,28.576693,77.306627,22.0,CNG,21.10,20.4,3,1166,25.9,5.50,,90.0,-0.78,-4.69,13.4,7.5,22.8,-0.26,ARMED,,14.5,3,
1791430780992,28.576597,77.306697,23.0,CNG,20.92,20.4,3,1151,43.5,4.55,,90.0,-2.34,-3.91,13.7,7.5,22.3,-0.32,ARMED,,17.3,3,
1791430781775,28.576549,77.306733,23.0,CNG,20.36,20.4,3,1202,43.5,4.80,,90.0,-2.34,-3.91,13.7,7.5,23.0,0.25,ARMED,,17.3,3,
1791430782543,28.576501,77.306769,24.0,CNG,20.69,20.4,3,1218,43.5,4.63,,90.0,-2.34,-3.91,13.7,7.5,23.4,0.30,ARMED,,17.3,3,
1791430784320,28.576451,77.306806,24.0,CNG,21.06,20.4,3,1237,40.4,4.54,,90.0,-0.78,-3.91,13.6,7.5,23.8,0.35,ARMED,,17.3,3,
1791430785119,28.576397,77.306846,25.0,CNG,24.01,20.4,3,1270,40.4,3.41,,90.0,-0.78,-3.91,13.7,7.5,24.6,0.39,ARMED,,17.3,3,
1791430785917,28.576348,77.306884,25.0,CNG,24.71,20.4,3,1281,40.4,3.96,,90.0,-0.78,-3.91,13.7,7.5,24.9,0.37,ARMED,,17.3,3,
1791430787563,28.576240,77.306965,26.0,CNG,26.83,20.4,3,1305,28.2,3.48,,90.0,-0.78,-4.69,13.7,7.5,25.2,0.41,ARMED,,16.1,3,
1791430788299,28.576240,77.306965,26.0,CNG,26.08,20.4,3,1333,28.2,4.24,,89.0,-0.78,-4.69,13.7,7.5,25.9,0.40,ARMED,,16.1,3,
1791430789055,28.576186,77.307006,26.0,CNG,26.57,20.4,3,1349,28.2,3.89,,89.0,-0.78,-4.69,13.6,7.5,26.2,0.40,ARMED,,16.1,3,
1791430790707,28.576082,77.307089,27.0,CNG,26.76,20.4,3,1363,27.1,4.08,,89.0,-0.78,-4.69,13.6,7.5,26.5,0.40,ARMED,,16.1,3,
1791430791507,28.576026,77.307131,27.0,CNG,26.59,14.9,3,1380,27.1,4.19,,89.0,-0.78,-4.69,13.7,0.0,26.9,0.33,ARMED,,16.1,3,
1791430792253,28.576026,77.307131,27.0,CNG,31.03,14.9,3,1370,27.1,2.68,,89.0,-0.78,-4.69,13.7,0.0,26.8,0.16,ARMED,,16.1,3,
1791430793913,28.575929,77.307209,25.0,CNG,32.80,14.9,3,1285,27.1,2.83,,89.0,0.00,0.00,13.2,0.0,25.8,-0.54,ARMED,,14.1,3,
1791430794653,28.575891,77.307238,17.0,CNG,28.69,14.9,3,900,27.1,3.12,,89.0,0.00,0.00,13.2,0.0,18.4,-3.60,ARMED,,14.1,3,
1791430795395,28.575891,77.307238,16.0,CNG,26.03,14.9,3,857,27.1,3.00,,89.0,0.00,0.00,13.1,0.0,16.3,-3.34,ARMED,,14.1,3,
1791430797066,28.575845,77.307271,11.0,CNG,23.23,14.9,,694,38.8,2.50,,88.0,-4.69,-1.56,13.1,0.0,11.0,0.00,ARMED,,15.3,,
1791430797874,28.575838,77.307277,3.0,CNG,16.40,14.9,,816,38.8,2.54,,88.0,-4.69,-1.56,13.6,0.0,3.0,0.00,ARMED,,15.3,,
1791430798621,28.575833,77.307280,3.0,CNG,11.92,14.9,,808,38.8,2.57,,88.0,-4.69,-1.56,13.6,0.0,3.0,0.00,ARMED,,15.3,,
1791430800285,28.575829,77.307284,2.0,CNG,7.56,14.9,,824,40.8,3.39,,88.0,1.56,-1.56,13.4,0.0,2.0,0.00,ARMED,,15.3,,
1791430801067,28.575826,77.307285,1.0,CNG,4.66,14.9,,822,40.8,3.65,,88.0,1.56,-1.56,13.4,0.0,1.0,0.00,ARMED,,15.3,,
1791430801831,28.575826,77.307285,0.0,CNG,,14.9,0,811,40.8,0.23,,88.0,1.56,-1.56,13.5,0.0,0.0,0.00,ARMED,,15.3,1,
1791430803462,28.575826,77.307285,0.0,CNG,,14.9,0,768,25.5,2.40,,89.0,11.72,-0.78,13.5,0.0,0.0,0.00,ARMED,,12.9,1,
1791430804209,28.575826,77.307285,0.0,CNG,,14.9,0,706,25.5,2.03,,89.0,11.72,-0.78,13.7,0.0,0.0,0.00,ARMED,,12.9,1,
1791430804954,28.575826,77.307285,0.0,CNG,,14.9,0,688,25.5,2.09,,89.0,11.72,-0.78,13.7,0.0,0.0,0.00,ARMED,,12.9,1,
1791430806693,28.575826,77.307285,0.0,CNG,,15.3,0,664,26.3,2.12,,89.0,-4.69,-0.78,13.4,0.5,0.0,0.00,ARMED,,12.9,1,
1791430807497,28.575826,77.307285,0.0,CNG,,14.9,0,705,26.3,2.33,,89.0,-4.69,-0.78,13.4,0.0,0.0,0.00,ARMED,,12.9,1,
1791430808253,28.575826,77.307285,0.0,CNG,,14.9,0,698,26.3,2.49,,89.0,-4.69,-0.78,13.6,0.0,0.0,0.00,ARMED,,12.9,1,
1791430810019,28.575826,77.307285,0.0,CNG,,14.9,0,764,42.7,3.20,,89.0,-5.47,0.00,13.6,0.0,0.0,0.00,ARMED,,15.3,1,
1791430810811,28.575826,77.307285,0.0,CNG,,14.9,0,809,42.7,2.66,,89.0,-5.47,0.00,13.6,0.0,0.0,0.00,ARMED,,15.3,1,
1791430811537,28.575826,77.307285,0.0,CNG,,14.9,0,819,42.7,3.42,,89.0,-5.47,0.00,13.6,0.0,0.0,0.00,ARMED,,15.3,1,
1791430813288,28.575826,77.307285,0.0,CNG,,22.7,0,823,45.1,5.03,,89.0,2.34,-1.56,13.6,10.7,0.0,0.00,ARMED,,16.1,1,
1791430814037,28.575819,77.307290,3.0,CNG,,14.9,,1003,45.1,3.49,,89.0,2.34,-1.56,13.6,0.0,3.0,0.00,ARMED,,16.1,,
1791430814829,28.575813,77.307295,3.0,CNG,,14.9,,867,45.1,2.55,,89.0,2.34,-1.56,13.7,0.0,3.0,0.00,ARMED,,16.1,,
1791430816639,28.575811,77.307296,1.0,CNG,,14.9,,813,73.7,2.90,,89.0,-2.34,-3.13,13.6,0.0,1.0,0.00,ARMED,,23.1,,
1791430817427,28.575805,77.307300,1.0,CNG,,23.5,,1406,73.7,7.88,,89.0,-2.34,-3.13,13.1,11.8,1.0,0.00,ARMED,,23.1,,
1791430818157,28.575805,77.307300,4.0,CNG,,23.5,,971,73.7,5.66,,89.0,-2.34,-3.13,13.1,11.8,4.0,0.00,ARMED,,23.1,,
1791430819889,28.575773,77.307322,7.0,CNG,3.79,23.5,,561,78.4,3.53,,89.0,1.56,-3.13,13.4,11.8,7.0,0.00,ARMED,,19.6,,
1791430820719,28.575748,77.307340,13.0,CNG,6.32,22.4,2,912,78.4,5.66,,89.0,1.56,-3.13,13.4,10.2,13.0,0.00,ARMED,,19.6,2,
1791430821521,28.575718,77.307361,14.0,CNG,8.22,22.0,2,1060,78.4,5.22,,89.0,1.56,-3.13,13.5,9.6,13.6,0.37,ARMED,,19.6,2,
1791430823165,28.575684,77.307386,16.0,CNG,9.49,22.0,2,1177,47.5,5.87,,90.0,-0.78,-4.69,13.5,9.6,15.2,1.12,ARMED,,18.8,2,
1791430824005,28.575649,77.307412,18.0,CNG,9.96,21.6,2,1352,47.5,7.00,,90.0,-0.78,-4.69,13.6,9.1,17.9,1.48,ARMED,,18.8,2,
1791430824792,28.575608,77.307440,19.0,CNG,12.99,21.6,2,1403,47.5,3.87,,90.0,-0.78,-4.69,13.6,9.1,18.8,1.33,ARMED,,18.8,2,
1791430826772,28.575532,77.307497,19.0,CNG,13.82,14.9,2,1393,33.3,5.15,,90.0,0.00,-1.56,13.5,0.0,19.1,0.75,ARMED,,15.3,2,
1791430827539,28.575504,77.307518,13.0,CNG,15.06,14.9,2,963,33.3,2.89,,89.0,0.00,-1.56,13.5,0.0,13.6,-2.30,ARMED,,15.3,2,
1791430828331,28.575504,77.307518,10.0,CNG,14.49,14.9,2,834,33.3,3.07,,89.0,0.00,-1.56,13.5,0.0,11.4,-2.60,ARMED,,15.3,2,
1791430830059,28.575470,77.307542,7.0,CNG,13.41,14.9,,828,38.0,2.59,,89.0,-0.78,-1.56,13.5,0.0,7.0,0.00,ARMED,,14.9,,
1791430830899,28.575456,77.307553,7.0,CNG,17.52,14.9,,823,38.0,0.47,,89.0,-0.78,-1.56,13.6,0.0,7.0,0.00,ARMED,,14.9,,
1791430831723,28.575442,77.307561,7.0,CNG,19.80,23.5,,759,38.0,1.07,,90.0,-0.78,-1.56,13.6,11.8,7.0,0.00,ARMED,,14.9,,
1791430833462,28.575413,77.307582,7.0,CNG,7.89,14.9,,1320,23.5,7.55,,90.0,0.00,0.00,13.4,0.0,7.0,0.00,ARMED,,12.9,,
1791430834290,28.575413,77.307582,7.0,CNG,9.47,23.1,,814,23.5,2.00,,90.0,0.00,0.00,13.4,11.2,7.0,0.00,ARMED,,12.9,,
1791430835111,28.575400,77.307592,7.0,CNG,6.11,27.5,,737,23.5,7.35,,90.0,0.00,0.00,13.5,17.1,7.0,0.00,ARMED,,12.9,,
1791430836810,28.575356,77.307625,10.0,CNG,5.22,25.5,,1144,69.4,9.08,,89.0,-1.56,-3.91,13.5,14.4,10.0,0.00,ARMED,,20.0,,
1791430837580,28.575326,77.307647,15.0,CNG,9.12,21.2,2,1093,69.4,2.52,,89.0,-1.56,-3.91,13.6,8.6,15.0,0.00,ARMED,,20.0,2,
1791430838298,28.575326,77.307647,15.0,CNG,11.29,20.8,2,1162,69.4,4.00,,89.0,-1.56,-3.91,13.6,8.0,15.0,0.00,ARMED,,20.0,2,
1791430839979,28.575260,77.307696,16.0,CNG,12.91,20.8,2,1208,39.2,4.21,,89.0,-1.56,-4.69,13.5,8.0,15.6,0.36,ARMED,,17.3,2,
1791430840757,28.575222,77.307724,18.0,CNG,13.80,20.4,2,1314,39.2,4.90,,89.0,-1.56,-4.69,13.5,7.5,17.8,1.09,ARMED,,17.3,2,
1791430841516,28.575186,77.307752,18.0,CNG,14.46,21.6,2,1342,39.2,4.77,,89.0,-1.56,-4.69,13.4,9.1,18.4,1.05,ARMED,,17.3,2,
1791430843223,28.575148,77.307780,18.0,CNG,13.99,18.4,2,1357,24.7,5.50,,89.0,-1.56,-1.56,13.4,4.8,18.8,0.75,ARMED,,15.3,2,
1791430843972,28.575110,77.307808,17.0,CNG,15.50,14.9,2,1294,24.7,3.75,,89.0,-1.56,-1.56,13.7,0.0,17.9,-0.24,ARMED,,15.3,2,
1791430844718,28.575076,77.307833,17.0,CNG,18.32,14.9,2,1253,24.7,2.75,,89.0,-1.56,-1.56,13.7,0.0,17.3,-0.49,ARMED,,15.3,2,
1791430846396,28.575042,77.307857,16.0,CNG,14.37,21.2,2,1198,43.1,6.12,,89.0,0.78,-4.69,13.5,8.6,16.5,-0.72,ARMED,,15.7,2,
1791430847142,28.575008,77.307883,17.0,CNG,16.00,19.6,2,1246,43.1,3.62,,89.0,0.78,-4.69,13.5,6.4,16.7,-0.07,ARMED,,15.7,2,
1791430847925,28.574975,77.307907,17.0,CNG,18.63,20.0,2,1234,43.1,2.82,,89.0,0.78,-4.69,13.6,7.0,16.8,-0.05,ARMED,,15.7,2,
1791430849767,28.574904,77.307960,17.0,CNG,19.76,20.0,2,1211,22.0,3.20,,89.0,-0.78,-5.47,13.7,7.0,16.6,-0.09,ARMED,,14.5,2,
1791430850539,28.574869,77.307986,17.0,CNG,21.31,19.2,2,1268,22.0,2.88,,89.0,-0.78,-5.47,13.7,5.9,17.2,0.24,ARMED,,14.5,2,
1791430851350,28.574869,77.307986,17.0,CNG,21.47,19.2,2,1284,22.0,3.20,,89.0,-0.78,-5.47,13.7,5.9,17.4,0.26,ARMED,,14.5,2,
1791430853012,28.574796,77.308037,17.0,CNG,21.75,19.2,2,1283,21.2,3.13,,89.0,1.56,-5.47,13.5,5.9,17.5,0.22,ARMED,,14.5,2,
1791430853787,28.574760,77.308063,17.0,CNG,22.41,18.8,2,1296,21.2,2.96,,89.0,1.56,-5.47,13.5,5.4,17.6,0.15,ARMED,,14.5,2,
1791430854553,28.574725,77.308088,17.0,CNG,22.65,18.8,2,1282,21.2,3.02,,89.0,1.56,-5.47,13.7,5.4,17.5,0.09,ARMED,,14.5,2,
1791430856223,28.574690,77.308114,17.0,CNG,22.44,14.9,2,1277,25.1,3.14,,89.0,-1.56,-1.56,13.7,0.0,17.3,0.03,ARMED,,15.3,2,
1791430857028,28.574655,77.308140,15.0,CNG,21.76,14.9,2,1066,25.1,2.96,,89.0,-1.56,-1.56,13.6,0.0,14.8,-1.17,ARMED,,15.3,2,
1791430857795,28.574629,77.308160,13.0,CNG,22.38,14.9,2,884,25.1,2.25,,88.0,-1.56,-1.56,13.6,0.0,12.7,-1.83,ARMED,,15.3,2,
1791430859549,28.574585,77.308193,11.0,CNG,18.47,14.9,2,821,37.6,3.30,,88.0,0.00,-1.56,13.5,0.0,11.2,-1.84,ARMED,,14.9,2,
1791430860320,28.574585,77.308193,8.0,CNG,14.83,16.9,,827,37.6,3.29,,88.0,0.00,-1.56,13.5,2.7,8.0,0.00,ARMED,,14.9,,
1791430861119,28.574569,77.308204,8.0,CNG,10.29,21.2,,834,37.6,5.22,,88.0,0.00,-1.56,13.4,8.6,8.0,0.00,ARMED,,14.9,,
1791430862792,28.574530,77.308232,9.0,CNG,11.04,20.0,2,701,42.4,2.93,,89.0,1.56,-4.69,13.4,7.0,9.0,0.00,ARMED,,14.5,2,
1791430863591,28.574510,77.308248,11.0,CNG,12.39,19.6,2,788,42.4,3.05,,89.0,1.56,-4.69,13.6,6.4,10.8,0.82,ARMED,,14.5,2,
1791430864335,28.574510,77.308248,11.0,CNG,17.10,20.0,2,814,42.4,1.25,,89.0,1.56,-4.69,13.6,7.0,11.1,0.74,ARMED,,14.5,2,
1791430865999,28.574463,77.308282,11.0,CNG,15.47,14.9,2,817,23.1,3.30,,89.0,3.13,-1.56,13.4,0.0,11.3,0.49,ARMED,,12.9,2,
1791430866727,28.574444,77.308296,9.0,CNG,20.36,14.9,2,724,23.1,0.79,,89.0,3.13,-1.56,13.4,0.0,10.0,-0.49,ARMED,,12.9,2,
1791430867521,28.574431,77.308306,6.0,CNG,17.37,14.9,1,728,23.1,1.93,,89.0,3.13,-1.56,13.7,0.0,6.0,0.00,ARMED,,12.9,1,
1791430869163,28.574419,77.308315,6.0,CNG,6.56,23.5,,727,32.5,8.63,,89.0,-3.13,0.00,13.7,11.8,6.0,0.00,ARMED,,14.1,,
1791430869941,28.574405,77.308325,7.0,CNG,7.74,14.9,1,960,32.5,2.64,,89.0,-3.13,0.00,13.6,0.0,7.0,0.00,ARMED,,14.1,1,
1791430870686,28.574394,77.308333,5.0,CNG,8.94,15.7,,899,32.5,1.51,,89.0,-3.13,0.00,13.6,1.1,5.0,0.00,ARMED,,14.1,,
1791430872370,28.574382,77.308341,5.0,CNG,5.59,24.7,,789,72.9,6.27,,89.0,0.00,-3.91,13.1,13.4,5.0,0.00,ARMED,,19.6,,
1791430873172,28.574364,77.308354,10.0,CNG,6.16,20.0,2,725,72.9,6.04,,89.0,0.00,-3.91,13.1,7.0,10.0,0.00,ARMED,,19.6,2,
1791430873987,28.574343,77.308371,12.0,CNG,11.61,22.4,2,849,72.9,0.73,,89.0,0.00,-3.91,13.6,10.2,11.3,0.73,ARMED,,19.6,2,
1791430875665,28.574293,77.308409,12.0,CNG,8.99,20.8,2,880,36.1,6.89,,89.0,-2.34,-1.56,13.6,8.0,11.9,0.75,ARMED,,14.5,2,
1791430876466,28.574271,77.308425,11.0,CNG,11.65,14.9,2,885,36.1,2.24,,89.0,-2.34,-1.56,13.5,0.0,11.3,-0.14,ARMED,,14.5,2,
1791430877278,28.574271,77.308425,9.0,CNG,11.39,14.9,,808,36.1,3.36,,90.0,-2.34,-1.56,13.5,0.0,9.0,0.00,ARMED,,14.5,,
1791430878912,28.574236,77.308451,8.0,CNG,9.82,20.4,,811,65.9,4.19,,90.0,7.03,-4.69,13.2,7.5,8.0,0.00,ARMED,,18.8,,
1791430879669,28.574215,77.308467,10.0,CNG,8.84,21.6,2,768,65.9,5.26,,90.0,7.03,-4.69,13.2,9.1,10.0,0.00,ARMED,,18.8,2,
1791430880484,28.574190,77.308485,12.0,CNG,8.52,14.9,2,871,65.9,6.00,,90.0,7.03,-4.69,13.5,0.0,11.2,0.72,ARMED,,18.8,2,
1791430882323,28.574163,77.308505,13.0,CNG,9.12,21.2,2,952,57.3,5.33,,90.0,1.56,-4.69,13.5,8.6,12.5,1.15,ARMED,,18.0,2,
1791430883072,28.574134,77.308526,15.0,CNG,9.58,21.2,2,1091,57.3,6.03,,90.0,1.56,-4.69,13.8,8.6,15.0,1.22,ARMED,,18.0,2,
1791430883797,28.574102,77.308550,15.0,CNG,13.86,14.9,2,1136,57.3,1.87,,90.0,1.56,-4.69,13.8,0.0,15.7,1.17,ARMED,,18.0,2,
1791430885424,28.574038,77.308597,15.0,CNG,16.12,19.6,2,1124,24.7,2.95,,90.0,8.59,-4.69,13.6,6.4,15.9,0.76,ARMED,,14.5,2,
1791430886207,28.574038,77.308597,16.0,CNG,18.39,18.4,2,1158,24.7,2.89,,90.0,8.59,-4.69,13.6,4.8,16.0,0.25,ARMED,,14.5,2,
1791430886997,28.574006,77.308621,16.0,CNG,21.74,14.9,2,1158,24.7,2.24,,90.0,8.59,-4.69,13.7,0.0,16.0,0.19,ARMED,,14.5,2,
1791430888651,28.573949,77.308663,15.0,CNG,21.15,14.9,2,1141,23.1,3.02,,90.0,5.47,-0.78,13.7,0.0,15.8,-0.01,ARMED,,12.9,2,
1791430889426,28.573925,77.308679,11.0,CNG,22.47,21.6,2,766,23.1,1.74,,90.0,5.47,-0.78,13.7,9.1,11.3,-2.14,ARMED,,12.9,2,
1791430890157,28.573925,77.308679,11.0,CNG,14.77,21.6,2,917,23.1,4.97,,90.0,5.47,-0.78,13.7,9.1,11.4,-1.11,ARMED,,12.9,2,
1791430891856,28.573874,77.308717,12.0,CNG,12.76,20.8,2,886,51.4,4.66,,90.0,-0.78,-3.91,13.5,8.0,11.5,-0.58,ARMED,,16.9,2,
1791430892686,28.573847,77.308737,13.0,CNG,14.44,14.9,2,968,51.4,2.99,,90.0,-0.78,-3.91,13.5,0.0,12.9,0.52,ARMED,,16.9,2,
1791430893442,28.573820,77.308757,13.0,CNG,13.04,16.9,,761,51.4,4.65,,90.0,-0.78,-3.91,13.4,2.7,13.0,0.00,ARMED,,16.9,,
1791430895140,28.573792,77.308778,14.0,CNG,16.17,14.9,3,706,46.7,2.38,,90.0,-3.91,0.00,13.4,0.0,14.0,0.00,ARMED,,17.3,3,
1791430895901,28.573763,77.308799,14.0,CNG,15.76,19.6,3,711,46.7,3.76,,90.0,-3.91,0.00,13.4,6.4,14.0,0.00,ARMED,,17.3,3,
1791430896667,28.573732,77.308821,14.0,CNG,15.71,19.2,3,745,46.7,3.66,,90.0,-3.91,0.00,13.4,5.9,14.0,0.00,ARMED,,17.3,3,
1791430898339,28.573701,77.308843,15.0,CNG,18.10,18.8,3,745,42.4,2.68,,90.0,-0.78,-3.91,13.4,5.4,14.0,0.01,ARMED,,13.7,3,
1791430899161,28.573671,77.308866,15.0,CNG,28.50,14.9,3,788,42.4,0.39,,90.0,-0.78,-3.91,13.4,0.0,14.8,0.36,ARMED,,13.7,3,
1791430899949,28.573638,77.308890,15.0,CNG,29.99,14.9,3,754,42.4,1.89,,90.0,-0.78,-3.91,13.3,0.0,14.6,0.07,ARMED,,13.7,3,
1791430901713,28.573593,77.308923,12.0,CNG,32.70,14.9,,624,29.4,1.25,,91.0,5.47,-0.78,13.3,0.0,12.0,0.00,ARMED,,12.2,,
1791430902502,28.573574,77.308937,9.0,CNG,29.31,16.9,,488,29.4,1.55,,91.0,5.47,-0.78,12.8,2.7,9.0,0.00,ARMED,,12.2,,
1791430903263,28.573574,77.308937,10.0,CNG,20.40,14.9,,491,29.4,3.08,,91.0,5.47,-0.78,12.8,0.0,10.0,0.00,ARMED,,12.2,,
1791430904921,28.573531,77.308968,10.0,CNG,21.17,14.9,,517,28.2,1.81,,91.0,2.34,-0.78,12.9,0.0,10.0,0.00,ARMED,,12.5,,
1791430905727,28.573508,77.308984,11.0,CNG,16.52,20.8,,548,28.2,3.59,,91.0,2.34,-0.78,12.9,8.0,11.0,0.00,ARMED,,12.5,,
1791430906500,28.573485,77.309001,11.0,CNG,14.33,20.8,,580,28.2,3.75,,91.0,2.34,-0.78,13.6,8.0,11.0,0.00,ARMED,,12.5,,
1791430908187,28.573457,77.309021,12.0,CNG,13.62,20.8,,624,65.9,3.84,,91.0,0.78,-2.34,13.6,8.0,12.0,0.00,ARMED,,17.6,,
1791430908983,28.573428,77.309042,14.0,CNG,12.69,20.0,3,726,65.9,4.88,,91.0,0.78,-2.34,12.8,7.0,14.0,0.00,ARMED,,17.6,2,
1791430909756,28.573399,77.309064,15.0,CNG,15.50,17.3,3,769,65.9,2.87,,91.0,0.78,-2.34,12.8,3.2,14.6,0.37,ARMED,,17.6,2,
1791430911380,28.573369,77.309087,15.0,CNG,17.67,17.3,3,758,41.2,2.82,,91.0,-3.91,-0.78,13.7,3.2,15.0,0.39,ARMED,,14.9,3,
1791430912215,28.573338,77.309110,15.0,CNG,17.92,14.9,3,757,41.2,3.35,,91.0,-3.91,-0.78,13.7,0.0,15.1,0.13,ARMED,,14.9,3,
1791430913001,28.573306,77.309135,15.0,CNG,19.61,14.9,3,768,41.2,2.70,,91.0,-3.91,-0.78,13.5,0.0,15.2,0.13,ARMED,,14.9,3,
1791430914742,28.573253,77.309175,14.0,CNG,18.38,14.9,3,752,46.3,3.42,,91.0,1.56,-2.34,12.6,0.0,15.0,-0.03,ARMED,,14.1,3,
1791430915560,28.573229,77.309193,11.0,CNG,21.76,14.9,,558,46.3,1.32,,91.0,1.56,-2.34,12.8,0.0,11.0,0.00,ARMED,,14.1,,
1791430916300,28.573229,77.309193,11.0,CNG,26.17,14.9,,563,46.3,1.10,,91.0,1.56,-2.34,12.8,0.0,11.0,0.00,ARMED,,14.1,,
1791430917945,28.573182,77.309227,11.0,CNG,24.65,14.9,,585,38.4,2.00,,91.0,4.69,-2.34,13.2,0.0,11.0,0.00,ARMED,,14.9,,
1791430918748,28.573159,77.309244,11.0,CNG,27.71,14.9,,594,38.4,1.30,,91.0,4.69,-2.34,13.2,0.0,11.0,0.00,ARMED,,14.9,,
1791430919579,28.573144,77.309255,7.0,CNG,21.70,14.9,,731,38.4,2.02,,91.0,4.69,-2.34,13.8,0.0,7.0,0.00,ARMED,,14.9,,
1791430921163,28.573130,77.309264,6.0,CNG,19.30,14.9,1,733,34.9,1.61,,91.0,14.06,0.00,13.8,0.0,6.0,0.00,ARMED,,14.5,1,
1791430922005,28.573118,77.309273,6.0,CNG,10.93,22.0,1,773,34.9,4.24,,91.0,14.06,0.00,13.3,9.6,6.0,0.00,ARMED,,14.5,1,
1791430922748,28.573105,77.309283,6.0,CNG,10.73,14.9,1,781,34.9,2.36,,91.0,14.06,0.00,13.3,0.0,6.0,0.00,ARMED,,14.5,1,
1791430924450,28.573071,77.309307,8.0,CNG,13.52,18.4,,606,31.8,1.62,,91.0,-4.69,-2.34,13.6,4.8,8.0,0.00,ARMED,,12.9,,
1791430925186,28.573071,77.309307,9.0,CNG,15.07,17.3,,634,31.8,2.10,,91.0,-4.69,-2.34,13.6,3.2,9.0,0.00,ARMED,,12.9,,
1791430925932,28.573054,77.309320,9.0,CNG,13.90,14.9,,642,31.8,2.92,,91.0,-4.69,-2.34,13.6,0.0,9.0,0.00,ARMED,,12.9,,
1791430927519,28.573017,77.309349,9.0,CNG,14.00,14.9,,678,43.9,2.60,,91.0,-3.13,0.00,13.6,0.0,9.0,0.00,ARMED,,14.9,,
1791430928286,28.573017,77.309349,7.0,CNG,12.74,14.9,,794,43.9,2.62,,91.0,-3.13,0.00,13.5,0.0,7.0,0.00,ARMED,,14.9,,
1791430929015,28.573005,77.309358,4.0,CNG,9.43,14.9,,813,43.9,3.08,,91.0,-3.13,0.00,13.5,0.0,4.0,0.00,ARMED,,14.9,,
1791430930690,28.572996,77.309365,2.0,CNG,6.31,14.9,,814,38.0,3.35,,91.0,-1.56,0.00,13.5,0.0,2.0,0.00,ARMED,,14.9,,
1791430931467,28.572993,77.309367,1.0,CNG,3.30,20.8,,842,38.0,5.33,,91.0,-1.56,0.00,13.5,8.0,1.0,0.00,ARMED,,14.9,,
1791430932272,28.572993,77.309367,1.0,CNG,,18.4,,1638,38.0,7.89,,91.0,-1.56,0.00,13.5,4.8,1.0,0.00,ARMED,,14.9,,
1791430933987,28.572992,77.309368,1.0,CNG,,14.9,,1738,68.2,3.28,,90.0,0.00,-1.56,13.5,0.0,1.0,0.00,ARMED,,21.6,,
1791430934766,28.572986,77.309373,3.0,CNG,,21.2,,1366,68.2,5.45,,90.0,0.00,-1.56,13.2,8.6,3.0,0.00,ARMED,,21.6,,
1791430935542,28.572973,77.309383,6.0,CNG,3.10,21.2,1,906,68.2,4.99,,90.0,0.00,-1.56,13.2,8.6,6.0,0.00,ARMED,,21.6,1,
1791430937170,28.572956,77.309396,8.0,CNG,4.66,21.2,1,1104,29.0,4.51,,90.0,-5.47,-0.78,13.5,8.6,7.2,0.70,ARMED,,15.3,1,
1791430937913,28.572938,77.309410,9.0,CNG,6.60,18.4,1,1161,29.0,3.47,,90.0,-5.47,-0.78,13.5,4.8,8.9,0.97,ARMED,,15.3,1,
1791430938731,28.572919,77.309424,9.0,CNG,9.88,18.0,,813,29.0,1.60,,90.0,-5.47,-0.78,13.3,4.3,9.0,0.00,ARMED,,15.3,,
1791430940365,28.572900,77.309439,9.0,CNG,13.86,18.4,,688,44.7,1.28,,90.0,0.78,-2.34,13.3,4.8,9.0,0.00,ARMED,,14.9,,
1791430941127,28.572880,77.309454,10.0,CNG,13.37,19.6,2,722,44.7,3.19,,90.0,0.78,-2.34,13.4,6.4,10.0,0.00,ARMED,,14.9,2,
1791430941926,28.572860,77.309470,10.0,CNG,11.10,20.0,2,754,44.7,4.52,,90.0,0.78,-2.34,13.4,7.0,10.0,0.00,ARMED,,14.9,2,
1791430943570,28.572814,77.309504,11.0,CNG,11.00,20.0,2,813,52.5,4.13,,90.0,-3.13,-2.34,13.7,7.0,10.6,0.36,ARMED,,16.5,2,
1791430944311,28.572814,77.309504,12.0,CNG,12.22,20.0,2,907,52.5,3.46,,90.0,-3.13,-2.34,13.7,7.0,11.9,0.68,ARMED,,16.5,2,
1791430945108,28.572788,77.309523,13.0,CNG,13.70,20.0,2,944,52.5,3.29,,90.0,-3.13,-2.34,13.8,7.0,12.5,0.70,ARMED,,16.5,2,
1791430946893,28.572733,77.309564,13.0,CNG,13.93,20.4,2,980,25.5,3.73,,90.0,0.00,-2.34,13.6,7.5,13.0,0.70,ARMED,,13.7,2,
1791430947676,28.572702,77.309586,14.0,CNG,17.86,19.6,,824,25.5,2.02,,90.0,0.00,-2.34,13.0,6.4,14.0,0.00,ARMED,,13.7,,
1791430948492,28.572673,77.309608,14.0,CNG,20.56,19.6,3,729,25.5,2.20,,90.0,0.00,-2.34,13.0,6.4,14.0,0.00,ARMED,,13.7,3,
1791430950156,28.572642,77.309630,15.0,CNG,23.05,19.6,3,754,38.4,2.23,,90.0,-1.56,-2.34,13.7,6.4,14.6,0.36,ARMED,,14.9,3,
1791430950888,28.572609,77.309654,16.0,CNG,22.90,19.6,3,815,38.4,2.88,,90.0,-1.56,-2.34,13.7,6.4,15.9,0.67,ARMED,,14.9,3,
1791430951697,28.572576,77.309680,16.0,CNG,19.86,19.6,3,834,38.4,3.90,,90.0,-1.56,-2.34,13.4,6.4,16.4,0.66,ARMED,,14.9,3,
1791430953370,28.572543,77.309705,17.0,CNG,18.53,19.6,3,856,48.6,4.09,,90.0,-0.78,-2.34,13.4,6.4,16.8,0.64,ARMED,,16.1,3,
1791430954157,28.572509,77.309730,17.0,CNG,17.41,14.9,3,888,48.6,4.33,,90.0,-0.78,-2.34,13.5,0.0,17.4,0.43,ARMED,,16.1,3,
1791430954883,28.572474,77.309757,18.0,CNG,20.42,14.9,3,887,48.6,2.75,,90.0,-0.78,-2.34,13.5,0.0,17.5,0.36,ARMED,,16.1,3,
1791430956550,28.572422,77.309798,17.0,CNG,21.25,14.9,3,817,38.8,3.07,,90.0,-2.34,0.00,13.6,0.0,16.7,-0.27,ARMED,,14.9,3,
1791430957288,28.572422,77.309798,12.0,CNG,18.59,14.9,2,822,38.8,3.34,,90.0,-2.34,0.00,13.6,0.0,12.0,0.00,ARMED,,14.9,2,
1791430958055,28.572406,77.309809,5.0,CNG,13.67,14.9,,819,38.8,3.28,,90.0,-2.34,0.00,13.5,0.0,5.0,0.00,ARMED,,14.9,,
1791430959677,28.572378,77.309828,1.0,CNG,11.49,14.9,,781,24.7,1.29,,90.0,13.28,-0.78,13.5,0.0,1.0,0.00,ARMED,,17.3,,
1791430960548,28.572378,77.309828,0.0,CNG,5.14,14.9,0,1094,24.7,4.62,,90.0,13.28,-0.78,13.7,0.0,0.0,0.00,ARMED,,17.3,1,
1791430961276,28.572378,77.309828,1.0,CNG,,23.9,,1110,24.7,10.80,,90.0,13.28,-0.78,13.7,12.3,1.0,0.00,ARMED,,17.3,,
1791430962917,28.572368,77.309836,3.0,CNG,,14.9,,1280,34.9,1.93,,90.0,0.00,-0.78,13.6,0.0,3.0,0.00,ARMED,,11.0,,
1791430963746,28.572358,77.309845,6.0,CNG,4.71,23.9,1,776,34.9,2.20,,90.0,0.00,-0.78,13.6,12.3,6.0,0.00,ARMED,,11.0,1,
1791430964523,28.572346,77.309856,6.0,CNG,3.01,29.0,1,915,34.9,11.19,,90.0,0.00,-0.78,13.4,19.3,6.0,0.00,ARMED,,11.0,1,
1791430966166,28.572322,77.309875,11.0,CNG,3.71,27.1,1,1491,21.6,10.25,,90.0,0.00,0.00,13.4,16.6,9.1,1.79,ARMED,,17.3,1,
1791430966914,28.572297,77.309896,13.0,CNG,6.33,14.9,2,1080,21.6,3.36,,90.0,0.00,0.00,13.5,0.0,13.0,0.00,ARMED,,17.3,2,
1791430967712,28.572271,77.309918,13.0,CNG,9.32,24.3,2,992,21.6,2.72,,89.0,0.00,0.00,13.5,12.8,13.0,0.00,ARMED,,17.3,2,
1791430969391,28.572244,77.309935,13.0,CNG,7.10,24.3,,1267,67.1,9.75,,89.0,-0.78,-1.56,13.6,12.8,13.0,0.00,ARMED,,18.8,,
1791430970170,28.572209,77.309961,17.0,CNG,10.39,14.9,2,1199,67.1,3.46,,89.0,-0.78,-1.56,13.6,0.0,17.0,0.00,ARMED,,18.8,2,
1791430970970,28.572177,77.309983,17.0,CNG,10.91,22.7,,1032,67.1,5.98,,89.0,-0.78,-1.56,13.6,10.7,17.0,0.00,ARMED,,18.8,,
1791430972703,28.572101,77.310040,18.0,CNG,10.75,23.1,3,1035,36.5,6.97,,89.0,-1.56,-0.78,13.6,11.2,18.0,0.00,ARMED,,16.1,3,
1791430973546,28.572059,77.310069,20.0,CNG,13.79,21.6,3,1024,36.5,3.88,,89.0,-1.56,-0.78,13.7,9.1,19.8,0.81,ARMED,,16.1,3,
1791430974266,28.572059,77.310069,21.0,CNG,17.07,20.4,3,1056,36.5,3.51,,89.0,-1.56,-0.78,13.7,7.5,20.8,1.03,ARMED,,16.1,3,
1791430975930,28.571974,77.310132,21.0,CNG,20.53,20.4,3,1074,23.5,3.03,,89.0,-2.34,-0.78,13.6,7.5,21.4,1.00,ARMED,,16.5,3,
1791430976698,28.571930,77.310166,21.0,CNG,18.08,22.0,3,1086,23.5,5.55,,89.0,-2.34,-0.78,13.6,9.6,21.7,0.34,ARMED,,16.5,3,
1791430977481,28.571884,77.310202,22.0,CNG,18.91,21.6,3,1119,23.5,4.45,,89.0,-2.34,-0.78,13.4,9.1,22.1,0.38,ARMED,,16.5,3,
1791430979295,28.571836,77.310237,23.0,CNG,19.56,20.4,3,1172,25.9,4.58,,89.0,-3.91,-2.34,13.8,7.5,22.9,0.67,ARMED,,14.5,3,
1791430980133,28.571785,77.310274,23.0,CNG,23.64,14.9,3,1203,25.9,2.80,,89.0,-3.91,-2.34,13.8,0.0,23.7,0.50,ARMED,,14.5,3,
1791430980966,28.571738,77.310309,23.0,CNG,28.40,14.9,3,1173,25.9,2.34,,89.0,-3.91,-2.34,13.8,0.0,23.5,0.10,ARMED,,14.5,3,
1791430982739,28.571648,77.310374,22.0,CNG,28.82,14.9,4,872,40.0,3.05,,89.0,0.00,-0.78,13.5,0.0,22.0,0.00,ARMED,,19.6,4,
1791430983481,28.571605,77.310405,21.0,CNG,19.27,16.9,3,1131,40.0,6.81,,89.0,0.00,-0.78,13.5,2.7,21.0,0.00,ARMED,,19.6,3,
1791430984249,28.571605,77.310405,21.0,CNG,21.01,14.9,3,1084,40.0,3.51,,89.0,0.00,-0.78,13.4,0.0,21.0,0.00,ARMED,,19.6,3,
1791430985888,28.571519,77.310467,20.0,CNG,23.59,14.9,,903,36.5,2.78,,89.0,-6.25,-0.78,13.4,0.0,20.0,0.00,ARMED,,14.9,,
1791430986665,28.571482,77.310494,17.0,CNG,24.51,14.9,3,836,36.5,2.63,,89.0,-6.25,-0.78,13.4,0.0,17.0,0.00,ARMED,,14.9,3,
1791430987434,28.571447,77.310519,17.0,CNG,22.88,14.9,3,834,36.5,3.38,,89.0,-6.25,-0.78,13.4,0.0,17.0,0.00,ARMED,,14.9,3,
1791430989115,28.571415,77.310544,16.0,CNG,24.51,14.9,3,836,36.9,2.34,,89.0,-1.56,-0.78,13.5,0.0,16.4,-0.36,ARMED,,14.9,3,
1791430989887,28.571385,77.310567,14.0,CNG,37.63,14.9,3,804,36.9,0.00,,89.0,-1.56,-0.78,13.5,0.0,14.2,-1.08,ARMED,,14.9,3,
1791430990668,28.571358,77.310587,12.0,CNG,35.15,14.9,,748,36.9,1.58,,89.0,-1.56,-0.78,13.7,0.0,12.0,0.00,ARMED,,14.9,,
1791430992277,28.571333,77.310605,12.0,CNG,29.59,14.9,,732,23.1,2.13,,89.0,10.16,-0.78,13.7,0.0,12.0,0.00,ARMED,,12.5,,
1791430993141,28.571312,77.310621,9.0,CNG,33.62,14.9,2,704,23.1,0.76,,89.0,10.16,-0.78,13.6,0.0,9.0,0.00,ARMED,,12.5,2,
1791430993928,28.571292,77.310635,9.0,CNG,27.23,17.6,,690,23.1,1.85,,89.0,10.16,-0.78,13.6,3.7,9.0,0.00,ARMED,,12.5,,
1791430995590,28.571253,77.310663,9.0,CNG,15.27,20.8,,681,24.3,4.28,,89.0,-4.69,0.00,13.4,8.0,9.0,0.00,ARMED,,11.8,,
1791430996341,28.571253,77.310663,7.0,CNG,15.85,14.9,,698,24.3,1.66,,90.0,-4.69,0.00,13.4,0.0,7.0,0.00,ARMED,,11.8,,
1791430997095,28.571242,77.310671,3.0,CNG,11.13,14.9,,724,24.3,2.54,,90.0,-4.69,0.00,13.6,0.0,3.0,0.00,ARMED,,11.8,,
1791430998709,28.571232,77.310678,2.0,CNG,6.01,26.3,,755,77.3,4.40,,90.0,7.81,-1.56,13.6,15.5,2.0,0.00,ARMED,,23.5,,
1791430999517,28.571221,77.310685,5.0,CNG,3.27,27.5,,1539,77.3,10.25,,90.0,7.81,-1.56,13.2,17.1,5.0,0.00,ARMED,,23.5,,
1791431000278,28.571221,77.310685,8.0,CNG,4.06,14.9,,969,77.3,6.28,,89.0,7.81,-1.56,13.2,0.0,8.0,0.00,ARMED,,23.5,,
1791431001912,28.571181,77.310716,10.0,CNG,6.83,23.1,2,771,76.1,2.27,,89.0,-3.13,-1.56,13.3,11.2,10.0,0.00,ARMED,,24.3,2,
1791431002700,28.571156,77.310735,12.0,CNG,8.74,14.9,2,908,76.1,4.11,,89.0,-3.13,-1.56,13.3,0.0,11.8,0.82,ARMED,,24.3,2,
1791431003481,28.571130,77.310755,13.0,CNG,9.43,20.8,2,964,76.1,5.15,,89.0,-3.13,-1.56,13.6,8.0,12.8,1.04,ARMED,,24.3,2,
1791431005183,28.571101,77.310775,13.0,CNG,10.18,14.9,2,983,32.2,4.70,,90.0,-6.25,0.00,13.6,0.0,13.4,0.97,ARMED,,14.9,2,
1791431005987,28.571075,77.310796,13.0,CNG,12.24,19.2,2,963,32.2,3.16,,90.0,-6.25,0.00,13.5,5.9,13.2,0.13,ARMED,,14.9,2,
1791431006725,28.571049,77.310816,13.0,CNG,16.41,17.6,2,941,32.2,1.68,,90.0,-6.25,0.00,13.5,3.7,12.9,-0.09,ARMED,,14.9,2,
1791431008409,28.570998,77.310856,13.0,CNG,20.75,17.6,2,945,23.1,1.58,,90.0,3.13,-2.34,13.7,3.7,12.8,-0.11,ARMED,,13.3,2,
1791431009164,28.570998,77.310856,12.0,CNG,21.22,17.6,2,902,23.1,2.23,,90.0,3.13,-2.34,13.7,3.7,12.2,-0.29,ARMED,,13.3,2,
1791431009978,28.570973,77.310874,12.0,CNG,21.85,18.4,2,879,23.1,2.14,,90.0,3.13,-2.34,13.5,4.8,11.9,-0.32,ARMED,,13.3,2,
1791431012053,28.570926,77.310910,12.0,CNG,26.43,18.4,2,864,23.1,1.26,,90.0,0.00,-2.34,13.7,4.8,11.7,-0.32,ARMED,,12.9,2,
1791431013014,28.570903,77.310927,11.0,CNG,25.75,14.9,2,842,23.1,1.82,,90.0,0.00,-2.34,13.4,0.0,11.3,-0.25,ARMED,,12.9,2,
1791431013970,28.570885,77.310940,7.0,CNG,16.73,14.9,,776,23.1,3.21,,90.0,0.00,-2.34,13.4,0.0,7.0,0.00,ARMED,,12.9,,
1791431016131,28.570863,77.310957,5.0,CNG,8.78,23.5,,798,55.3,5.59,,90.0,2.34,-1.56,13.6,11.8,5.0,0.00,ARMED,,15.3,,
1791431017125,28.570849,77.310966,7.0,CNG,8.88,14.9,1,994,55.3,3.16,,89.0,2.34,-1.56,13.6,0.0,7.0,0.00,ARMED,,15.3,1,
1791431018076,28.570837,77.310975,6.0,CNG,5.22,22.4,,1009,55.3,8.35,,89.0,2.34,-1.56,13.8,10.2,6.0,0.00,ARMED,,15.3,,
1791431020217,28.570804,77.310998,7.0,CNG,4.62,22.4,,1235,76.1,7.25,,89.0,3.91,-1.56,13.8,10.2,7.0,0.00,ARMED,,20.0,,
1791431021073,28.570781,77.311014,13.0,CNG,6.10,22.0,2,939,76.1,6.48,,89.0,3.91,-1.56,13.6,9.6,13.0,0.00,ARMED,,20.0,2,
1791431021908,28.570753,77.311034,14.0,CNG,7.99,22.0,2,1049,76.1,4.92,,89.0,3.91,-1.56,13.6,9.6,13.6,0.37,ARMED,,20.0,2,
1791431023544,28.570688,77.311085,16.0,CNG,9.64,22.0,2,1149,25.1,5.31,,89.0,-2.34,0.00,13.6,9.6,15.2,1.11,ARMED,,17.6,2,
1791431024292,28.570688,77.311085,17.0,CNG,10.70,22.0,2,1278,25.1,5.67,,90.0,-2.34,0.00,13.6,9.6,17.0,1.10,ARMED,,17.6,2,
1791431025068,28.570650,77.311113,18.0,CNG,12.32,22.0,2,1341,25.1,4.86,,90.0,-2.34,0.00,13.5,9.6,17.8,1.11,ARMED,,17.6,2,
1791431026756,28.570573,77.311173,19.0,CNG,13.05,22.0,2,1403,50.6,5.51,,90.0,-0.78,-1.56,13.5,9.6,18.7,1.10,ARMED,,20.0,2,
1791431027517,28.570529,77.311207,21.0,CNG,18.04,14.9,2,1585,50.6,2.52,,90.0,-0.78,-1.56,13.6,0.0,21.1,1.35,ARMED,,20.0,2,
1791431028254,28.570529,77.311207,21.0,CNG,11.84,24.3,3,985,50.6,10.58,,89.0,-0.78,-1.56,13.6,12.8,21.0,0.00,ARMED,,20.0,3,
1791431029990,28.570437,77.311277,22.0,CNG,10.91,25.1,3,1124,72.5,9.11,,89.0,-1.56,-1.56,13.7,13.9,21.6,0.37,ARMED,,22.0,2,
1791431030768,28.570384,77.311315,26.0,CNG,11.11,25.1,3,1330,72.5,9.36,,89.0,-1.56,-1.56,13.7,13.9,25.6,1.88,ARMED,,22.0,2,
1791431031575,28.570326,77.311357,28.0,CNG,10.09,29.8,3,1417,72.5,12.61,,89.0,-1.56,-1.56,13.7,20.3,27.5,2.13,ARMED,,22.0,2,
1791431033273,28.570263,77.311403,30.0,CNG,16.20,14.9,3,1527,83.5,1.87,,89.0,0.00,-1.56,13.7,0.0,29.6,2.39,ARMED,,22.7,3,
1791431034049,28.570200,77.311451,31.0,CNG,14.08,27.8,4,1199,83.5,10.54,,89.0,0.00,-1.56,13.6,17.7,31.0,0.00,ARMED,,22.7,3,
1791431034799,28.570135,77.311499,33.0,CNG,13.90,27.8,4,1260,83.5,9.86,,90.0,0.00,-1.56,13.6,17.7,32.2,0.72,ARMED,,22.7,3,
1791431036512,28.569987,77.311609,35.0,CNG,14.07,28.6,4,1326,71.0,10.01,,90.0,-1.56,-1.56,13.8,18.7,34.2,1.52,ARMED,,20.0,3,
1791431037253,28.569987,77.311609,37.0,CNG,21.36,23.5,4,1455,71.0,2.29,,90.0,-1.56,-1.56,13.8,11.8,37.0,1.58,ARMED,,20.0,3,
1791431038057,28.569912,77.311666,37.0,CNG,21.42,24.3,5,1087,71.0,7.03,,90.0,-1.56,-1.56,13.7,12.8,37.0,0.00,ARMED,,20.0,4,
1791431039663,28.569758,77.311782,38.0,CNG,21.43,24.3,5,1118,64.3,7.24,,90.0,-0.78,-1.56,13.7,12.8,37.6,0.36,ARMED,,19.6,4,
1791431040446,28.569673,77.311845,39.0,CNG,21.59,24.3,5,1174,64.3,7.31,,90.0,-0.78,-1.56,13.4,12.8,38.9,0.69,ARMED,,19.6,4,
1791431041203,28.569673,77.311845,40.0,CNG,22.81,24.3,5,1195,64.3,6.60,,90.0,-0.78,-1.56,13.4,12.8,39.6,0.74,ARMED,,19.6,4,
1791431042866,28.569506,77.311969,41.0,CNG,22.75,24.3,5,1216,68.2,7.39,,90.0,2.34,-1.56,13.5,12.8,40.4,0.78,ARMED,,20.8,4,
1791431043805,28.569415,77.312035,43.0,CNG,21.26,24.3,5,1267,68.2,9.01,,90.0,2.34,-1.56,13.5,12.8,42.2,0.99,ARMED,,20.8,4,
1791431044580,28.569325,77.312101,43.0,CNG,20.37,24.3,5,1285,68.2,9.14,,90.0,2.34,-1.56,13.7,12.8,42.9,0.97,ARMED,,20.8,4,
1791431046528,28.569142,77.312236,44.0,CNG,20.59,24.3,5,1310,65.5,8.60,,90.0,1.56,-1.56,13.6,12.8,43.8,0.96,ARMED,,21.2,4,
1791431047376,28.569142,77.312236,46.0,CNG,20.59,24.7,5,1360,65.5,9.13,,90.0,1.56,-1.56,13.5,13.4,45.5,0.94,ARMED,,21.2,4,
1791431048086,28.569048,77.312305,47.0,CNG,20.75,24.7,5,1383,65.5,9.16,,90.0,1.56,-1.56,13.5,13.4,46.2,0.96,ARMED,,21.2,4,
1791431049885,28.568847,77.312452,47.0,CNG,21.14,24.7,5,1407,51.0,8.84,,90.0,-3.91,-1.56,13.6,13.4,47.1,0.96,ARMED,,19.6,5,
1791431050741,28.568750,77.312523,49.0,CNG,22.61,24.7,5,1442,51.0,7.99,,90.0,-3.91,-1.56,13.6,13.4,48.4,0.78,ARMED,,19.6,5,
1791431051528,28.568645,77.312601,49.0,CNG,30.83,24.3,5,1460,51.0,3.09,,90.0,-3.91,-1.56,13.7,12.8,49.0,0.78,ARMED,,19.6,5,
1791431053270,28.568543,77.312678,49.0,CNG,29.28,24.3,5,1454,47.5,7.34,,90.0,0.78,-1.56,13.7,12.8,49.1,0.44,ARMED,,19.6,5,
1791431054204,28.568440,77.312755,50.0,CNG,28.47,24.3,5,1493,47.5,7.47,,90.0,0.78,-1.56,13.7,12.8,50.0,0.48,ARMED,,19.6,5,
1791431055009,28.568339,77.312832,51.0,CNG,28.53,24.3,5,1509,47.5,7.28,,90.0,0.78,-1.56,13.7,12.8,50.6,0.52,ARMED,,19.6,5,
1791431056754,28.568123,77.312992,51.0,CNG,27.95,24.3,5,1530,45.5,7.68,,90.0,1.56,-1.56,13.7,12.8,51.2,0.58,ARMED,,19.2,5,
1791431057667,28.568016,77.313071,52.0,CNG,28.18,24.3,5,1559,45.5,7.45,,90.0,1.56,-1.56,13.7,12.8,52.3,0.58,ARMED,,19.2,5,
1791431058454,28.567908,77.313149,53.0,CNG,25.89,24.3,5,1571,45.5,9.35,,90.0,1.56,-1.56,13.7,12.8,52.7,0.57,ARMED,,19.2,5,
1791431060200,28.567795,77.313233,53.0,CNG,25.01,23.1,5,1575,48.2,9.09,,90.0,-2.34,-1.56,13.7,11.2,52.9,0.50,ARMED,,20.0,5,
1791431061082,28.567683,77.313314,53.0,CNG,25.40,23.5,5,1587,48.2,8.33,,90.0,-2.34,-1.56,13.6,11.8,53.3,0.25,ARMED,,20.0,5,
1791431061794,28.567573,77.313396,54.0,CNG,30.15,16.5,5,1594,48.2,5.32,,90.0,-2.34,-1.56,13.6,2.1,53.4,0.25,ARMED,,20.0,5,
1791431063615,28.567354,77.313557,54.0,CNG,33.56,20.4,5,1597,32.5,5.48,,90.0,-0.78,-2.34,13.6,7.5,53.6,0.23,ARMED,,18.0,5,
1791431064571,28.567241,77.313643,53.0,CNG,34.29,20.4,5,1582,32.5,6.11,,90.0,-0.78,-2.34,13.6,7.5,53.2,-0.15,LOCKED,53.2,18.0,5,
1791431065452,28.567132,77.313727,53.0,CNG,38.24,14.9,5,1574,32.5,4.68,,90.0,-0.78,-2.34,13.6,0.0,52.9,-0.20,LOCKED,53.2,18.0,5,
1791431067178,28.567027,77.313807,53.0,CNG,40.21,21.6,5,1581,29.4,4.97,,89.0,-0.78,-2.34,13.6,9.1,52.9,-0.13,LOCKED,53.2,17.3,5,
1791431068139,28.566913,77.313892,53.0,CNG,41.40,21.6,5,1584,29.4,5.00,,89.0,-0.78,-2.34,13.5,9.1,53.1,0.04,LOCKED,53.2,17.3,5,
1791431068898,28.566805,77.313973,53.0,CNG,40.69,21.6,5,1583,29.4,5.46,,89.0,-0.78,-2.34,13.5,9.1,53.1,0.04,LOCKED,53.2,17.3,5,
1791431070690,28.566590,77.314139,54.0,CNG,42.38,21.6,5,1587,29.4,4.89,,89.0,0.00,-2.34,13.7,9.1,53.2,0.06,LOCKED,53.2,17.3,5,
1791431071549,28.566479,77.314224,54.0,CNG,41.16,21.6,5,1585,29.4,5.59,,88.0,0.00,-2.34,13.7,9.1,53.3,0.05,LOCKED,53.2,17.3,5,
1791431072345,28.566367,77.314309,53.0,CNG,46.54,20.4,5,1587,29.4,3.73,,88.0,0.00,-2.34,13.8,7.5,53.3,0.06,LOCKED,53.2,17.3,5,
1791431074049,28.566257,77.314390,53.0,CNG,44.00,20.4,5,1579,20.4,5.33,,88.0,0.78,-3.13,13.8,7.5,53.2,-0.01,LOCKED,53.2,15.7,5,
1791431074897,28.566152,77.314471,51.0,CNG,51.68,14.9,5,1537,20.4,2.93,,88.0,0.78,-3.13,13.7,0.0,51.8,-0.65,LOCKED,53.2,15.7,5,
1791431075647,28.566049,77.314551,49.0,CNG,53.02,14.9,5,1460,20.4,3.62,,88.0,0.78,-3.13,13.7,0.0,49.9,-1.46,LOCKED,53.2,15.7,4,
1791431077414,28.565870,77.314688,46.0,CNG,59.27,14.9,5,1369,21.6,2.55,,88.0,0.00,0.00,13.7,0.0,46.9,-2.47,LOCKED,53.2,14.5,4,
1791431078302,28.565870,77.314688,40.0,CNG,57.57,14.9,5,1200,21.6,2.99,,87.0,0.00,0.00,13.7,0.0,40.5,-3.35,LOCKED,53.2,14.5,4,
1791431079094,28.565788,77.314747,38.0,CNG,63.26,14.9,5,1146,21.6,2.02,,87.0,0.00,0.00,13.4,0.0,38.2,-3.18,LOCKED,53.2,14.5,4,
1791431081058,28.565633,77.314861,37.0,CNG,64.56,23.9,5,1097,32.5,2.26,,87.0,-0.78,-1.56,13.6,12.3,36.4,-2.82,ARMED,,14.1,5,
1791431081814,28.565558,77.314919,36.0,CNG,58.95,14.9,5,1071,32.5,2.86,,87.0,-0.78,-1.56,13.7,0.0,35.5,-0.84,ARMED,,14.1,5,
1791431082597,28.565486,77.314976,35.0,CNG,56.71,14.9,5,1061,32.5,2.68,,87.0,-0.78,-1.56,13.7,0.0,35.3,-0.57,ARMED,,14.1,5,
1791431084296,28.565413,77.315035,35.0,CNG,55.05,14.9,5,1048,40.8,2.72,,87.0,0.00,-2.34,13.6,0.0,35.0,-0.52,ARMED,,17.6,5,
1791431085096,28.565346,77.315090,35.0,CNG,50.27,14.9,5,1042,40.8,3.23,,87.0,0.00,-2.34,13.6,0.0,34.8,-0.19,ARMED,,17.6,5,
1791431085904,28.565277,77.315146,34.0,CNG,40.06,22.7,5,1030,40.8,4.58,,87.0,0.00,-2.34,13.7,10.7,34.5,-0.23,ARMED,,17.6,5,
1791431087555,28.565140,77.315258,34.0,CNG,31.67,22.0,5,1007,25.5,5.81,,86.0,-4.69,0.00,13.7,9.6,34.0,-0.46,ARMED,,15.3,5,
1791431088324,28.565140,77.315258,34.0,CNG,33.22,22.7,5,1036,25.5,3.87,,86.0,-4.69,0.00,13.6,10.7,34.4,0.12,ARMED,,15.3,5,
1791431089131,28.565070,77.315314,35.0,CNG,29.77,23.5,5,1028,25.5,5.54,,86.0,-4.69,0.00,13.6,11.8,34.4,0.09,ARMED,,15.3,5,
1791431090786,28.564924,77.315425,35.0,CNG,22.19,23.5,5,1051,67.8,8.88,,86.0,1.56,-1.56,13.4,11.8,34.9,0.32,ARMED,,12.5,4,
1791431091524,28.564848,77.315483,37.0,CNG,20.96,23.5,5,1078,67.8,7.78,,87.0,1.56,-1.56,13.4,11.8,36.1,0.62,ARMED,,12.5,4,
1791431092326,28.564848,77.315483,37.0,CNG,20.32,23.5,5,1098,67.8,7.77,,87.0,1.56,-1.56,13.6,11.8,36.7,0.67,ARMED,,12.5,4,
1791431093956,28.564694,77.315600,38.0,CNG,20.14,23.5,5,1118,71.0,7.81,,87.0,-0.78,-1.56,13.6,11.8,37.4,0.72,ARMED,,16.9,4,
1791431094740,28.564613,77.315657,39.0,CNG,21.99,22.4,5,1159,71.0,6.30,,87.0,-0.78,-1.56,13.5,10.2,38.9,0.79,ARMED,,16.9,4,
1791431095470,28.564533,77.315714,39.0,CNG,22.91,22.4,5,1166,71.0,6.54,,88.0,-0.78,-1.56,13.5,10.2,39.3,0.73,ARMED,,16.9,4,
1791431097175,28.564446,77.315773,40.0,CNG,22.97,22.0,5,1194,52.2,7.09,,88.0,-1.56,-1.56,13.7,9.6,40.0,0.77,ARMED,,14.1,5,
1791431097898,28.564361,77.315831,40.0,CNG,25.24,22.4,5,1186,52.2,5.54,,89.0,-1.56,-1.56,13.7,10.2,40.0,0.19,ARMED,,14.1,5,
1791431098673,28.564275,77.315888,40.0,CNG,33.68,14.9,5,1204,52.2,2.46,,89.0,-1.56,-1.56,13.6,0.0,40.3,0.23,ARMED,,14.1,5,
1791431100321,28.564191,77.315948,40.0,CNG,42.36,14.9,5,1165,22.0,2.38,,89.0,0.78,0.00,13.6,0.0,39.6,-0.26,ARMED,,14.1,5,
1791431101114,28.564109,77.316005,38.0,CNG,50.55,14.9,5,1136,22.0,2.14,,89.0,0.78,0.00,13.7,0.0,38.3,-0.70,ARMED,,14.1,5,
1791431101892,28.564029,77.316060,37.0,CNG,55.76,19.6,5,1105,22.0,2.27,,90.0,0.78,0.00,13.7,6.4,37.3,-0.93,ARMED,,14.1,5,
1791431103545,28.563877,77.316166,37.0,CNG,54.05,18.8,5,1109,40.0,2.93,,90.0,-1.56,-2.34,13.6,5.4,37.0,-0.70,ARMED,,14.5,5,
1791431104273,28.563877,77.316166,36.0,CNG,55.41,14.9,5,1046,40.0,2.55,,90.0,-1.56,-2.34,13.6,0.0,35.3,-0.98,ARMED,,14.5,5,
1791431105079,28.563800,77.316220,34.0,CNG,55.99,14.9,5,1012,40.0,2.44,,90.0,-1.56,-2.34,13.5,0.0,34.2,-1.14,ARMED,,14.5,5,
1791431106778,28.563670,77.316309,31.0,CNG,55.83,14.9,5,925,44.7,2.28,,90.0,4.69,-1.56,13.5,0.0,31.9,-1.95,ARMED,,18.0,5,
1791431107602,28.563604,77.316352,30.0,CNG,28.12,23.5,5,880,44.7,8.03,,90.0,4.69,-1.56,13.4,11.8,29.5,-1.51,ARMED,,18.0,5,
1791431108338,28.563604,77.316352,31.0,CNG,21.97,24.7,5,905,44.7,7.74,,90.0,4.69,-1.56,13.4,13.4,29.7,-0.75,ARMED,,18.0,5,
1791431109967,28.563472,77.316444,31.0,CNG,19.96,24.7,5,926,89.0,7.24,,90.0,0.00,-1.56,13.6,13.4,30.4,-0.02,ARMED,,20.4,4,
1791431110777,28.563407,77.316494,33.0,CNG,24.60,24.7,5,966,89.0,3.66,,91.0,0.00,-1.56,13.6,13.4,32.4,0.90,ARMED,,20.4,4,
1791431111565,28.563339,77.316547,33.0,CNG,21.07,24.7,5,984,89.0,7.74,,91.0,0.00,-1.56,13.7,13.4,33.1,0.93,ARMED,,20.4,4,
1791431113383,28.563268,77.316602,34.0,CNG,29.56,24.7,5,1005,52.9,1.99,,91.0,-3.91,-2.34,13.5,13.4,33.9,0.94,ARMED,,18.4,5,
1791431114155,28.563199,77.316656,34.0,CNG,22.44,14.9,5,1011,52.9,8.37,,91.0,-3.91,-2.34,13.3,0.0,34.2,0.33,ARMED,,18.4,5,
1791431114973,28.563130,77.316708,35.0,CNG,23.21,22.4,5,1035,52.9,5.86,,91.0,-3.91,-2.34,13.3,10.2,34.8,0.49,ARMED,,18.4,5,
1791431116620,28.562984,77.316818,35.0,CNG,24.51,19.6,5,1029,33.7,5.36,,91.0,-3.13,-2.34,13.7,6.4,34.9,0.33,ARMED,,15.7,5,
1791431117370,28.562984,77.316818,35.0,CNG,28.08,21.2,5,1050,33.7,4.00,,91.0,-3.13,-2.34,13.7,8.6,35.4,0.32,ARMED,,15.7,5,
1791431118185,28.562914,77.316871,35.0,CNG,34.03,20.8,5,1051,33.7,2.88,,91.0,-3.13,-2.34,13.7,8.0,35.5,0.28,ARMED,,15.7,5,
1791431119777,28.562765,77.316980,36.0,CNG,43.43,23.5,5,1057,60.8,2.03,,91.0,0.00,-2.34,13.7,11.8,35.7,0.26,ARMED,,19.2,4,
1791431120531,28.562686,77.317037,37.0,CNG,31.09,23.5,5,1080,60.8,6.84,,91.0,0.00,-2.34,13.7,11.8,36.4,0.34,ARMED,,19.2,4,
1791431121253,28.562686,77.317037,37.0,CNG,26.86,22.4,5,1106,60.8,6.75,,90.0,0.00,-2.34,13.7,10.2,37.1,0.58,ARMED,,19.2,4,
1791431122872,28.562533,77.317151,38.0,CNG,30.85,22.4,5,1124,58.4,3.96,,90.0,0.00,-2.34,13.2,10.2,37.8,0.73,ARMED,,19.2,5,
1791431123611,28.562451,77.317210,38.0,CNG,23.64,23.1,5,1131,58.4,8.81,,90.0,0.00,-2.34,13.2,11.2,38.3,0.41,ARMED,,19.2,5,
1791431124461,28.562370,77.317268,39.0,CNG,22.13,23.1,5,1152,58.4,7.87,,90.0,0.00,-2.34,13.5,11.2,38.8,0.46,ARMED,,19.2,5,
1791431126124,28.562289,77.317323,39.0,CNG,21.49,23.1,5,1165,66.3,7.73,,90.0,0.00,-1.56,13.5,11.2,39.2,0.49,ARMED,,20.4,4,
1791431126884,28.562204,77.317382,40.0,CNG,21.71,22.7,5,1200,66.3,7.42,,90.0,0.00,-1.56,13.6,10.7,40.3,0.56,ARMED,,20.4,4,
1791431127620,28.562119,77.317443,41.0,CNG,30.19,23.1,5,1198,66.3,2.45,,90.0,0.00,-1.56,13.6,11.2,40.5,0.50,ARMED,,20.4,4,
1791431129442,28.561946,77.317568,40.0,CNG,28.08,23.1,5,1203,55.7,6.43,,90.0,3.13,-1.56,13.6,11.2,40.7,0.33,ARMED,,18.8,5,
1791431130211,28.561946,77.317568,42.0,CNG,27.97,22.4,5,1238,55.7,6.17,,90.0,3.13,-1.56,13.6,10.2,41.7,0.53,ARMED,,18.8,5,
1791431131092,28.561863,77.317629,41.0,CNG,37.91,15.3,5,1241,55.7,2.08,,90.0,3.13,-1.56,13.7,0.5,41.9,0.46,ARMED,,18.8,5,
1791431132737,28.561688,77.317757,41.0,CNG,45.85,18.8,5,1219,21.6,2.51,,90.0,-0.78,-2.34,13.7,5.4,41.5,0.03,ARMED,,14.1,5,
1791431133605,28.561607,77.317818,41.0,CNG,51.98,14.9,5,1203,21.6,2.58,,90.0,-0.78,-2.34,13.6,0.0,40.7,-0.38,ARMED,,14.1,5,
1791431134367,28.561607,77.317818,38.0,CNG,51.96,14.9,5,1148,21.6,2.99,,90.0,-0.78,-2.34,13.6,0.0,39.3,-0.99,ARMED,,14.1,5,
1791431136000,28.561460,77.317928,35.0,CNG,51.70,14.9,5,1034,23.1,2.79,,90.0,0.00,0.00,13.6,0.0,36.3,-2.32,ARMED,,13.3,5,
1791431136738,28.561391,77.317980,33.0,CNG,58.82,15.3,5,967,23.1,1.75,,89.0,0.00,0.00,13.6,0.5,32.6,-2.30,ARMED,,13.3,5,
1791431137530,28.561325,77.318031,32.0,CNG,49.97,20.0,5,982,23.1,3.28,,89.0,0.00,0.00,13.5,7.0,32.2,-1.55,ARMED,,13.3,5,
1791431139171,28.561261,77.318078,32.0,CNG,39.95,20.8,5,949,55.7,4.33,,89.0,0.00,-2.34,13.5,8.0,31.6,-1.14,ARMED,,17.6,5,
1791431140022,28.561193,77.318128,32.0,CNG,32.44,20.8,5,946,55.7,5.22,,89.0,0.00,-2.34,13.7,8.0,31.6,-0.26,ARMED,,17.6,5,
1791431140766,28.561126,77.318177,32.0,CNG,30.37,23.9,5,966,55.7,4.73,,88.0,0.00,-2.34,13.7,12.3,32.1,0.15,ARMED,,17.6,5,
1791431142458,28.560992,77.318279,33.0,CNG,23.07,25.1,5,966,75.7,7.92,,88.0,0.78,-1.56,13.5,13.9,32.4,0.21,ARMED,,12.5,4,
1791431143217,28.560992,77.318279,33.0,CNG,24.16,25.5,5,1002,75.7,5.19,,88.0,0.78,-1.56,13.5,14.4,33.6,0.57,ARMED,,12.5,4,
1791431143998,28.560924,77.318332,33.0,CNG,22.32,25.5,5,1005,75.7,6.73,,88.0,0.78,-1.56,13.5,14.4,33.8,0.53,ARMED,,12.5,4,
1791431145806,28.560781,77.318441,34.0,CNG,19.39,25.5,5,1013,84.7,8.53,,88.0,0.00,-1.56,13.6,14.4,34.1,0.47,ARMED,,22.4,4,
1791431146620,28.560707,77.318498,36.0,CNG,20.71,24.7,5,1071,84.7,6.43,,88.0,0.00,-1.56,13.6,13.4,35.8,0.88,ARMED,,22.4,4,
1791431147457,28.560631,77.318560,37.0,CNG,29.01,23.1,5,1101,84.7,2.30,,88.0,0.00,-1.56,13.6,11.2,36.9,0.95,ARMED,,22.4,4,
1791431149136,28.560558,77.318625,37.0,CNG,29.60,23.1,5,1099,29.8,4.96,,88.0,-3.13,-0.78,13.6,11.2,37.2,0.72,ARMED,,15.3,5,
1791431149957,28.560491,77.318691,37.0,CNG,29.30,20.4,5,1097,29.8,5.24,,89.0,-3.13,-0.78,13.6,7.5,37.0,0.10,ARMED,,15.3,5,
1791431150713,28.560424,77.318762,37.0,CNG,32.99,20.0,5,1093,29.8,3.73,,89.0,-3.13,-0.78,13.7,7.0,36.9,0.03,ARMED,,15.3,5,
1791431152404,28.560359,77.318835,37.0,CNG,40.81,14.9,5,1087,58.0,2.40,,89.0,0.00,-2.34,13.7,0.0,36.7,-0.03,ARMED,,20.4,5,
1791431153176,28.560297,77.318910,37.0,CNG,29.54,24.7,5,1104,58.0,7.23,,89.0,0.00,-2.34,13.6,13.4,37.1,0.16,ARMED,,20.4,5,
1791431153980,28.560234,77.318988,38.0,CNG,32.95,23.1,5,1109,58.0,3.92,,88.0,0.00,-2.34,13.6,11.2,37.3,0.18,ARMED,,20.4,5,
1791431155609,28.560115,77.319158,38.0,CNG,28.26,23.1,5,1117,71.0,6.65,,88.0,2.34,-1.56,13.6,11.2,37.5,0.22,ARMED,,21.2,4,
1791431156347,28.560115,77.319158,39.0,CNG,25.81,14.9,5,1145,71.0,6.95,,88.0,2.34,-1.56,13.6,0.0,38.5,0.51,ARMED,,21.2,4,
1791431157094,28.560061,77.319247,38.0,CNG,26.63,20.8,5,1133,71.0,5.55,,88.0,2.34,-1.56,13.6,8.0,38.5,0.27,ARMED,,21.2,4,
1791431158809,28.559959,77.319422,38.0,CNG,27.35,20.4,5,1130,45.9,5.45,,88.0,-0.78,-2.34,13.6,7.5,38.3,0.07,ARMED,,17.3,5,
1791431159569,28.559908,77.319512,38.0,CNG,29.85,19.6,5,1147,45.9,4.49,,88.0,-0.78,-2.34,13.7,6.4,38.6,0.10,ARMED,,17.3,5,
1791431160337,28.559908,77.319512,38.0,CNG,31.76,20.0,5,1121,45.9,4.42,,88.0,-0.78,-2.34,13.7,7.0,38.1,-0.24,ARMED,,17.3,5,
1791431162147,28.559809,77.319691,37.0,CNG,28.90,21.2,5,1115,41.6,5.96,,88.0,-0.78,-2.34,13.7,8.6,37.6,-0.31,ARMED,,16.9,5,
1791431162957,28.559759,77.319778,37.0,CNG,32.38,21.2,5,1102,41.6,3.81,,88.0,-0.78,-2.34,13.7,8.6,37.1,-0.31,ARMED,,16.9,5,
1791431163782,28.559709,77.319870,37.0,CNG,36.00,20.0,5,1095,41.6,3.49,,88.0,-0.78,-2.34,13.7,7.0,36.8,-0.31,ARMED,,16.9,5,
1791431165541,28.559613,77.320043,37.0,CNG,37.02,20.0,5,1112,23.5,3.91,,88.0,0.00,-0.78,13.7,7.0,37.1,-0.03,ARMED,,14.1,5,
1791431166467,28.559565,77.320129,36.0,CNG,43.08,14.9,5,1079,23.5,2.55,,88.0,0.00,-0.78,13.4,0.0,36.3,-0.34,ARMED,,14.1,5,
1791431167322,28.559565,77.320129,35.0,CNG,46.05,14.9,5,1037,23.5,2.77,,88.0,0.00,-0.78,13.4,0.0,35.2,-0.79,ARMED,,14.1,5,
1791431169022,28.559481,77.320311,34.0,CNG,51.80,22.4,5,1016,34.9,2.15,,88.0,2.34,-2.34,13.6,10.2,34.3,-0.95,ARMED,,13.7,5,
1791431169828,28.559436,77.320383,34.0,CNG,41.27,19.6,5,1000,34.9,4.43,,88.0,2.34,-2.34,13.6,6.4,33.5,-0.56,ARMED,,13.7,5,
1791431170649,28.559397,77.320467,33.0,CNG,38.18,22.0,5,982,34.9,3.95,,88.0,2.34,-2.34,13.4,9.6,33.0,-0.57,ARMED,,13.7,5,
1791431172424,28.559303,77.320635,33.0,CNG,28.86,24.3,5,981,84.7,6.44,,88.0,3.91,-2.34,13.4,12.8,32.8,-0.41,ARMED,,22.0,4,
1791431173194,28.559303,77.320635,35.0,CNG,22.73,23.9,5,1046,84.7,8.22,,88.0,3.91,-2.34,13.6,12.3,34.8,0.82,ARMED,,22.0,4,
1791431174024,28.559257,77.320721,36.0,CNG,20.40,23.9,5,1075,84.7,8.26,,88.0,3.91,-2.34,13.6,12.3,35.9,1.06,ARMED,,22.0,4,
1791431176188,28.559164,77.320905,37.0,CNG,19.48,24.3,5,1107,37.3,8.26,,88.0,-3.91,-2.34,13.4,12.8,37.2,1.08,ARMED,,18.4,5,
1791431177039,28.559111,77.320997,38.0,CNG,21.44,21.6,5,1136,37.3,6.22,,88.0,-3.91,-2.34,13.4,9.1,38.2,0.66,ARMED,,18.4,5,
1791431177883,28.559058,77.321092,39.0,CNG,25.77,21.6,5,1149,37.3,4.42,,88.0,-3.91,-2.34,13.6,9.1,38.7,0.62,ARMED,,18.4,5,
1791431180029,28.558961,77.321278,39.0,CNG,31.85,14.9,5,1159,22.4,3.30,,88.0,-1.56,0.00,13.4,0.0,39.0,0.57,ARMED,,14.1,5,
1791431180937,28.558913,77.321370,38.0,CNG,38.52,21.6,5,1126,22.4,2.76,,88.0,-1.56,0.00,13.7,9.1,38.0,-0.34,ARMED,,14.1,5,
1791431181911,28.558867,77.321461,38.0,CNG,35.18,21.6,5,1125,22.4,4.99,,88.0,-1.56,0.00,13.7,9.1,37.8,-0.30,ARMED,,14.1,5,
1791431183899,28.558775,77.321652,38.0,CNG,34.60,21.6,5,1142,42.7,4.60,,88.0,-0.78,-2.34,13.6,9.1,38.1,0.03,ARMED,,17.3,5,
1791431184978,28.558724,77.321753,40.0,CNG,33.25,19.6,5,1182,42.7,5.19,,88.0,-0.78,-2.34,13.6,6.4,39.6,0.63,ARMED,,17.3,5,
1791431185804,28.558673,77.321841,41.0,CNG,30.48,22.0,5,1209,42.7,6.15,,88.0,-0.78,-2.34,13.7,9.6,40.5,0.82,ARMED,,17.3,5,
1791431187720,28.558565,77.322040,41.0,CNG,29.51,21.6,5,1219,52.5,5.94,,88.0,0.00,-2.34,13.7,9.1,41.1,0.78,ARMED,,19.2,5,
1791431188695,28.558508,77.322141,42.0,CNG,28.19,22.0,5,1230,52.5,6.48,,88.0,0.00,-2.34,13.4,9.6,41.6,0.33,ARMED,,19.2,5,
1791431189505,28.558460,77.322247,42.0,CNG,27.85,21.6,5,1256,52.5,6.27,,88.0,0.00,-2.34,13.4,9.1,42.2,0.51,ARMED,,19.2,5,
1791431191234,28.558403,77.322349,43.0,CNG,29.66,20.4,5,1258,37.6,5.37,,88.0,-0.78,-2.34,13.4,7.5,42.5,0.48,ARMED,,17.3,5,
1791431192101,28.558351,77.322444,43.0,CNG,31.30,18.0,5,1293,37.6,5.16,,88.0,-0.78,-2.34,13.4,4.3,43.5,0.52,ARMED,,17.3,5,
1791431192887,28.558299,77.322552,43.0,CNG,38.47,14.9,5,1339,37.6,3.02,,88.0,-0.78,-2.34,13.6,0.0,44.6,0.90,ARMED,,17.3,5,
1791431194652,28.558181,77.322759,43.0,CNG,46.83,14.9,5,1287,23.9,2.54,,88.0,0.00,-3.13,13.6,0.0,43.9,0.04,ARMED,,15.3,5,
1791431195541,28.558117,77.322855,43.0,CNG,47.76,20.0,5,1278,23.9,3.57,,88.0,0.00,-3.13,13.7,7.0,43.1,-0.38,ARMED,,15.3,5,
1791431196360,28.558046,77.322946,43.0,CNG,47.50,19.6,5,1279,23.9,3.73,,88.0,0.00,-3.13,13.7,6.4,42.9,-0.33,ARMED,,15.3,5,
1791431198219,28.557973,77.323035,43.0,CNG,47.81,20.0,5,1275,24.7,3.64,,88.0,0.78,-3.13,13.8,7.0,42.7,-0.29,ARMED,,15.3,5,
1791431199055,28.557899,77.323122,43.0,CNG,50.83,20.4,5,1280,24.7,3.13,,87.0,0.78,-3.13,13.8,7.5,42.9,0.02,ARMED,,15.3,5,
1791431199873,28.557822,77.323201,43.0,CNG,49.67,20.4,5,1288,24.7,3.66,,87.0,0.78,-3.13,13.7,7.5,43.1,0.08,ARMED,,15.3,5,
1791431201640,28.557674,77.323376,44.0,CNG,42.44,20.4,5,1310,36.9,5.14,,87.0,-0.78,-2.34,13.7,7.5,43.7,0.38,ARMED,,17.3,5,
1791431202520,28.557608,77.323477,45.0,CNG,37.79,20.4,5,1333,36.9,5.64,,87.0,-0.78,-2.34,13.6,7.5,44.7,0.46,ARMED,,17.3,5,
1791431203292,28.557608,77.323477,45.0,CNG,36.24,20.4,5,1344,36.9,5.38,,87.0,-0.78,-2.34,13.6,7.5,45.1,0.46,ARMED,,17.3,5,
1791431206209,28.557384,77.323771,46.0,CNG,37.20,20.4,5,1362,36.5,4.86,,87.0,0.00,-3.13,13.6,7.5,45.8,0.48,ARMED,,17.6,5,
1791431207120,28.557307,77.323863,47.0,CNG,35.76,20.4,5,1389,36.5,5.67,,87.0,0.00,-3.13,13.6,7.5,47.0,0.00,ARMED,,17.6,5,
1791431207964,28.557230,77.323964,47.0,CNG,39.53,20.4,5,1397,36.5,4.11,,87.0,0.00,-3.13,13.5,7.5,47.0,-0.01,ARMED,,17.6,5,
1791431209710,28.557085,77.324171,47.0,CNG,41.24,20.4,5,1406,25.9,4.36,,87.0,0.00,-3.91,13.5,7.5,47.2,0.04,ARMED,,16.1,5,
1791431210646,28.557015,77.324274,47.0,CNG,44.66,20.4,5,1414,25.9,3.77,,87.0,0.00,-3.91,13.6,7.5,47.4,0.09,ARMED,,16.1,5,
1791431211413,28.556937,77.324376,47.0,CNG,45.22,20.4,5,1415,25.9,4.17,,88.0,0.00,-3.91,13.6,7.5,47.5,0.08,ARMED,,16.1,5,
1791431213170,28.556860,77.324479,48.0,CNG,48.57,19.6,5,1413,21.2,3.60,,88.0,0.00,-3.91,13.8,6.4,47.5,0.06,ARMED,,14.9,5,
1791431214036,28.556784,77.324578,47.0,CNG,49.39,20.0,5,1423,21.2,3.79,,88.0,0.00,-3.91,13.8,7.0,47.7,0.08,ARMED,,14.9,5,
1791431214799,28.556710,77.324681,47.0,CNG,50.69,20.0,5,1406,21.2,3.64,,88.0,0.00,-3.91,13.6,7.0,47.3,-0.14,ARMED,,14.9,5,
1791431216661,28.556561,77.324882,47.0,CNG,58.24,20.8,5,1411,33.7,2.56,,88.0,2.34,-3.13,13.7,8.0,47.2,-0.13,ARMED,,17.3,5,
1791431217571,28.556482,77.324980,48.0,CNG,50.94,19.2,5,1410,33.7,4.56,,88.0,2.34,-3.13,13.6,5.9,47.3,-0.07,ARMED,,17.3,5,
1791431218343,28.556402,77.325077,47.0,CNG,53.90,14.9,5,1394,33.7,3.25,,88.0,2.34,-3.13,13.6,0.0,46.9,-0.23,ARMED,,17.3,5,
1791431220127,28.556329,77.325172,45.0,CNG,54.47,14.9,5,1336,21.2,3.32,,88.0,0.00,0.00,13.7,0.0,45.5,-0.95,ARMED,,14.5,5,
1791431221003,28.556256,77.325265,42.0,CNG,54.68,14.9,5,1259,21.2,3.12,,89.0,0.00,0.00,13.7,0.0,42.4,-1.58,ARMED,,14.5,5,
1791431221747,28.556187,77.325353,41.0,CNG,58.72,14.9,5,1245,21.2,2.51,,89.0,0.00,0.00,13.6,0.0,41.5,-1.42,ARMED,,14.5,5,
1791431223466,28.556069,77.325495,39.0,CNG,63.60,14.9,5,1173,23.1,2.16,,89.0,0.00,0.00,13.6,0.0,39.6,-1.80,ARMED,,13.7,5,
1791431224260,28.556069,77.325495,34.0,CNG,66.00,14.9,5,1026,23.1,1.96,,89.0,0.00,0.00,13.5,0.0,34.6,-2.77,ARMED,,13.7,5,
1791431224994,28.556013,77.325567,33.0,CNG,71.24,14.9,5,991,23.1,1.63,,89.0,0.00,0.00,13.5,0.0,32.9,-2.56,ARMED,,13.7,5,
1791431226702,28.555893,77.325695,32.0,CNG,68.42,21.2,5,953,57.3,2.04,,89.0,0.00,-3.13,13.5,8.6,31.5,-2.23,ARMED,,18.8,5,
1791431227470,28.555840,77.325762,32.0,CNG,37.59,14.9,5,967,57.3,6.02,,89.0,0.00,-3.13,13.5,0.0,31.7,-0.36,ARMED,,18.8,5,
1791431228242,28.555840,77.325762,32.0,CNG,45.58,14.9,5,971,57.3,1.91,,89.0,0.00,-3.13,13.6,0.0,32.0,-0.04,ARMED,,18.8,5,
1791431229960,28.555723,77.325883,31.0,CNG,53.09,14.9,5,945,31.0,1.76,,89.0,7.03,-1.56,13.6,0.0,31.7,-0.22,ARMED,,18.4,5,
1791431230754,28.555670,77.325942,31.0,CNG,30.43,27.1,5,930,31.0,6.93,,89.0,7.03,-1.56,13.8,16.6,31.0,-0.28,ARMED,,18.4,4,
1791431231524,28.555607,77.326009,32.0,CNG,21.45,27.5,5,967,31.0,8.77,,89.0,7.03,-1.56,13.8,17.1,31.7,0.23,ARMED,,18.4,4,
1791431233205,28.555549,77.326070,34.0,CNG,18.75,27.1,5,983,93.3,8.72,,89.0,0.00,-2.34,13.4,16.6,32.5,0.57,ARMED,,24.7,4,
1791431233985,28.555488,77.326141,36.0,CNG,16.46,27.8,5,1078,93.3,10.43,,89.0,0.00,-2.34,13.4,17.7,35.7,1.61,ARMED,,24.7,4,
1791431234793,28.555418,77.326213,38.0,CNG,16.27,27.8,5,1115,93.3,9.69,,89.0,0.00,-2.34,13.6,17.7,37.2,1.68,ARMED,,24.7,4,
1791431236422,28.555279,77.326375,39.0,CNG,15.65,27.5,5,1155,84.3,10.71,,90.0,-0.78,-2.34,13.6,17.1,38.6,1.71,ARMED,,23.5,4,
1791431237185,28.555279,77.326375,41.0,CNG,16.27,27.5,5,1223,84.3,9.75,,90.0,-0.78,-2.34,13.6,17.1,41.0,1.53,ARMED,,23.5,4,
1791431238089,28.555205,77.326463,42.0,CNG,24.24,24.3,5,1252,84.3,2.30,,90.0,-0.78,-2.34,13.6,12.8,42.1,1.34,ARMED,,23.5,4,
1791431239777,28.555067,77.326635,42.0,CNG,21.14,24.3,5,1267,54.1,9.60,,90.0,-3.13,-2.34,13.8,12.8,42.7,1.07,ARMED,,19.2,5,
1791431240637,28.554998,77.326725,44.0,CNG,29.76,24.3,5,1286,54.1,2.62,,91.0,-3.13,-2.34,13.8,12.8,43.3,0.50,ARMED,,19.2,5,
1791431241393,28.554927,77.326818,44.0,CNG,27.69,23.5,5,1301,54.1,7.14,,91.0,-3.13,-2.34,13.7,11.8,43.7,0.50,ARMED,,19.2,5,
1791431243176,28.554855,77.326914,44.0,CNG,33.95,22.4,5,1305,42.7,3.55,,91.0,2.34,-3.13,13.7,10.2,43.9,0.44,ARMED,,18.0,5,
1791431244053,28.554786,77.327011,45.0,CNG,32.45,22.4,5,1331,42.7,6.03,,91.0,2.34,-3.13,13.6,10.2,44.7,0.45,ARMED,,18.0,5,
1791431244819,28.554717,77.327111,45.0,CNG,32.72,22.4,5,1338,42.7,5.55,,90.0,2.34,-3.13,13.6,10.2,45.0,0.43,ARMED,,18.0,5,
1791431246604,28.554579,77.327313,45.0,CNG,31.70,22.4,5,1341,42.7,6.07,,90.0,0.00,-3.13,13.7,10.2,45.2,0.37,ARMED,,20.0,5,
1791431247487,28.554508,77.327413,46.0,CNG,28.81,22.7,5,1368,42.7,7.39,,90.0,0.00,-3.13,13.7,10.7,46.0,0.39,ARMED,,20.0,5,
1791431248286,28.554508,77.327413,46.0,CNG,25.86,22.7,5,1371,42.7,8.37,,90.0,0.00,-3.13,13.7,10.7,46.1,0.37,ARMED,,20.0,5,
1791431250171,28.554359,77.327616,46.0,CNG,26.43,22.0,5,1390,31.8,6.88,,89.0,-0.78,-3.13,13.6,9.6,46.6,0.40,ARMED,,17.3,5,
1791431251090,28.554285,77.327717,46.0,CNG,29.01,20.4,5,1371,31.8,5.54,,89.0,-0.78,-3.13,13.7,7.5,46.2,-0.13,ARMED,,17.3,5,
1791431251860,28.554211,77.327814,46.0,CNG,31.57,20.4,5,1384,31.8,5.17,,89.0,-0.78,-3.13,13.7,7.5,46.3,-0.06,ARMED,,17.3,5,
1791431253574,28.554059,77.328005,46.0,CNG,31.73,20.8,5,1369,40.4,5.88,,89.0,0.00,-3.13,13.4,8.0,46.0,-0.12,ARMED,,17.3,5,
1791431254412,28.553986,77.328101,46.0,CNG,32.67,22.7,5,1370,40.4,5.50,,89.0,0.00,-3.13,13.4,10.7,46.0,-0.09,ARMED,,17.3,5,
1791431255170,28.553986,77.328101,46.0,CNG,31.10,22.7,5,1385,40.4,6.48,,89.0,0.00,-3.13,13.6,10.7,46.2,0.10,ARMED,,17.3,5,
1791431256871,28.553838,77.328301,47.0,CNG,31.07,22.7,5,1387,31.0,6.19,,88.0,0.00,-3.13,13.6,10.7,46.5,0.15,ARMED,,15.3,5,
1791431257764,28.553757,77.328406,47.0,CNG,29.91,23.5,5,1392,31.0,6.78,,88.0,0.00,-3.13,13.5,11.8,46.7,0.15,ARMED,,15.3,5,
1791431258494,28.553684,77.328505,47.0,CNG,28.73,23.1,5,1407,31.0,7.08,,88.0,0.00,-3.13,13.5,11.2,47.1,0.22,ARMED,,15.3,5,
1791431260337,28.553521,77.328717,48.0,CNG,28.32,23.1,5,1411,44.3,7.07,,88.0,0.78,-3.13,13.5,11.2,47.4,0.24,ARMED,,19.2,5,
1791431261202,28.553521,77.328717,49.0,CNG,29.08,23.5,5,1459,44.3,6.62,,88.0,0.78,-3.13,13.5,11.8,48.9,0.73,ARMED,,19.2,5,
1791431262028,28.553443,77.328825,49.0,CNG,38.92,23.1,5,1463,44.3,2.59,,88.0,0.78,-3.13,13.6,11.2,49.3,0.66,ARMED,,19.2,5,
1791431263767,28.553289,77.329031,49.0,CNG,33.55,23.5,5,1470,51.8,7.19,,88.0,2.34,-2.34,13.6,11.8,49.5,0.45,ARMED,,20.0,5,
1791431264627,28.553208,77.329132,50.0,CNG,28.57,23.5,5,1490,51.8,8.70,,88.0,2.34,-2.34,13.5,11.8,50.1,0.40,ARMED,,20.0,5,
1791431265470,28.553119,77.329237,50.0,CNG,26.10,23.9,5,1497,51.8,8.83,,87.0,2.34,-2.34,13.5,12.3,50.3,0.38,ARMED,,20.0,5,
1791431267260,28.553030,77.329343,51.0,CNG,24.78,23.5,5,1519,51.4,9.03,,87.0,1.56,-2.34,13.5,11.8,50.9,0.45,ARMED,,20.0,5,
1791431268147,28.552943,77.329447,52.0,CNG,24.57,23.5,5,1546,51.4,8.76,,87.0,1.56,-2.34,13.5,11.8,51.9,0.49,ARMED,,20.0,5,
1791431268958,28.552856,77.329555,52.0,CNG,25.04,23.5,5,1555,51.4,8.25,,87.0,1.56,-2.34,13.7,11.8,52.2,0.48,ARMED,,20.0,5,
1791431270796,28.552675,77.329771,53.0,CNG,24.48,23.5,5,1550,42.0,9.13,,87.0,-2.34,-2.34,13.7,11.8,52.3,0.25,ARMED,,18.8,5,
1791431271671,28.552586,77.329879,53.0,CNG,26.93,23.9,5,1597,42.0,6.86,,87.0,-2.34,-2.34,13.7,12.3,53.5,0.61,ARMED,,18.8,5,
1791431272406,28.552490,77.329987,54.0,CNG,27.77,14.9,5,1599,42.0,7.59,,88.0,-2.34,-2.34,13.7,0.0,53.8,0.55,ARMED,,18.8,5,
1791431274230,28.552397,77.330090,54.0,CNG,32.07,22.7,5,1607,37.3,5.31,,88.0,-0.78,-3.13,13.6,10.7,54.1,0.49,ARMED,,18.4,5,
1791431275096,28.552303,77.330197,54.0,CNG,32.04,22.7,5,1624,37.3,6.90,,88.0,-0.78,-3.13,13.6,10.7,54.5,0.30,ARMED,,18.4,5,
1791431275898,28.552207,77.330301,55.0,CNG,32.96,22.7,5,1617,37.3,6.53,,88.0,-0.78,-3.13,13.7,10.7,54.5,0.13,ARMED,,18.4,5,
1791431277695,28.552009,77.330520,55.0,CNG,33.58,22.7,5,1650,36.5,6.51,,88.0,0.00,-3.13,13.7,10.7,55.1,0.43,ARMED,,18.4,5,
1791431278604,28.551910,77.330631,55.0,CNG,28.63,27.5,5,1640,36.5,9.57,,88.0,0.00,-3.13,13.6,17.1,55.1,0.08,ARMED,,18.4,5,
1791431279375,28.551810,77.330740,56.0,CNG,23.67,27.5,5,1665,36.5,12.13,,88.0,0.00,-3.13,13.6,17.1,55.6,0.33,ARMED,,18.4,5,
1791431281093,28.551704,77.330846,57.0,CNG,21.67,27.5,5,1695,62.7,12.07,,88.0,0.78,-1.56,13.4,17.1,56.5,0.70,ARMED,,22.4,5,
1791431281936,28.551603,77.330957,59.0,CNG,20.93,27.1,5,1731,62.7,12.08,,88.0,0.78,-1.56,13.4,16.6,58.1,0.89,ARMED,,22.4,5,
1791431282738,28.551495,77.331073,59.0,CNG,21.06,26.7,5,1763,62.7,11.34,,88.0,0.78,-1.56,13.5,16.1,59.1,1.04,ARMED,,22.4,5,
1791431284688,28.551280,77.331308,60.0,CNG,21.24,26.7,5,1788,59.2,11.40,,89.0,0.00,-1.56,13.7,16.1,60.1,1.05,ARMED,,22.0,5,
1791431285554,28.551168,77.331427,62.0,CNG,21.89,26.7,5,1819,59.2,11.07,,89.0,0.00,-1.56,13.5,16.1,61.3,0.71,ARMED,,22.0,5,
1791431286359,28.551058,77.331549,62.0,CNG,23.08,26.7,5,1839,59.2,10.12,,89.0,0.00,-1.56,13.5,16.1,61.9,0.72,ARMED,,22.0,5,
1791431288118,28.550944,77.331671,63.0,CNG,23.52,26.7,5,1875,50.6,10.64,,89.0,0.00,-1.56,13.5,16.1,62.9,0.93,ARMED,,21.2,5,
1791431289000,28.550831,77.331790,64.0,CNG,24.60,26.7,5,1896,50.6,9.93,,89.0,0.00,-1.56,13.5,16.1,63.9,0.64,ARMED,,21.2,5,
1791431289774,28.550713,77.331915,65.0,CNG,24.58,26.7,5,1930,50.6,10.82,,89.0,0.00,-1.56,13.4,16.1,64.8,0.84,ARMED,,21.2,5,
1791431291566,28.550474,77.332170,65.0,CNG,24.50,26.7,5,1946,49.0,10.89,,90.0,-0.78,-1.56,13.4,16.1,65.5,0.83,ARMED,,21.2,5,
1791431292468,28.550359,77.332300,67.0,CNG,24.76,26.7,5,1970,49.0,10.89,,90.0,-0.78,-1.56,13.5,16.1,66.4,0.58,ARMED,,21.2,5,
1791431293266,28.550359,77.332300,67.0,CNG,24.92,26.7,5,1992,49.0,10.89,,89.0,-0.78,-1.56,13.5,16.1,67.0,0.62,ARMED,,21.2,5,
1791431295096,28.550115,77.332562,67.0,CNG,25.50,26.7,5,2001,47.5,10.37,,89.0,0.78,-1.56,13.6,16.1,67.4,0.58,ARMED,,21.2,5,
1791431295985,28.549991,77.332697,69.0,CNG,25.88,26.7,5,2029,47.5,10.66,,89.0,0.78,-1.56,13.6,16.1,68.4,0.56,ARMED,,21.2,5,
1791431296762,28.549868,77.332824,69.0,CNG,24.85,26.7,5,2046,47.5,12.01,,89.0,0.78,-1.56,13.6,16.1,68.9,0.58,ARMED,,21.2,5,
1791431298476,28.549614,77.333089,69.0,CNG,24.40,26.7,5,2063,52.5,11.87,,89.0,-0.78,-0.78,13.6,16.1,69.5,0.60,ARMED,,22.0,5,
1791431299363,28.549614,77.333089,70.0,CNG,23.31,26.7,5,2081,52.5,13.08,,89.0,-0.78,-0.78,13.6,16.1,70.1,0.43,ARMED,,22.0,5,
1791431300120,28.549486,77.333232,70.0,CNG,23.17,26.7,5,2090,52.5,12.46,,89.0,-0.78,-0.78,13.6,16.1,70.4,0.41,ARMED,,22.0,5,
1791431301835,28.549232,77.333504,71.0,CNG,23.32,26.7,5,2098,27.5,12.32,,89.0,-0.78,-1.56,13.5,16.1,70.7,0.40,ARMED,,16.9,5,
1791431302694,28.549098,77.333640,70.0,CNG,24.58,24.3,5,2115,27.5,10.70,,89.0,-0.78,-1.56,13.5,12.8,71.2,0.34,ARMED,,16.9,5,
1791431303468,28.548968,77.333777,71.0,CNG,27.60,24.3,5,2102,27.5,8.60,,89.0,-0.78,-1.56,13.7,12.8,71.0,0.09,CANDIDATE,71.0,16.9,5,
1791431305370,28.548707,77.334049,71.0,CNG,29.48,24.3,5,2100,35.3,8.85,,89.0,0.00,-2.34,13.7,12.8,70.8,-0.06,LOCKED,70.8,20.0,5,
1791431306311,28.548707,77.334049,71.0,CNG,30.51,24.3,5,2122,35.3,9.01,,89.0,0.00,-2.34,13.6,12.8,71.3,0.20,LOCKED,70.8,20.0,5,
1791431307111,28.548581,77.334186,71.0,CNG,32.44,14.9,5,2124,35.3,8.10,,89.0,0.00,-2.34,13.6,0.0,71.4,0.19,LOCKED,70.8,20.0,5,
1791431308964,28.548321,77.334457,71.0,CNG,37.31,22.4,5,2137,26.7,6.03,,89.0,1.56,-3.13,13.7,10.2,71.7,0.22,LOCKED,70.8,18.4,5,
1791431309857,28.548187,77.334597,71.0,CNG,38.15,23.1,5,2114,26.7,7.35,,88.0,1.56,-3.13,13.7,11.2,71.1,-0.23,LOCKED,70.8,18.4,5,
1791431310697,28.548059,77.334732,71.0,CNG,39.86,23.1,5,2110,26.7,6.79,,88.0,1.56,-3.13,13.6,11.2,70.9,-0.24,LOCKED,70.8,18.4,5,
1791431312493,28.547802,77.335018,71.0,CNG,40.71,23.1,5,2115,30.2,6.90,,88.0,0.78,-3.13,13.6,11.2,70.9,-0.17,LOCKED,70.8,18.8,5,
1791431313355,28.547802,77.335018,71.0,CNG,37.07,23.1,5,2104,30.2,8.88,,88.0,0.78,-3.13,13.6,11.2,70.7,-0.15,LOCKED,70.8,18.8,5,
1791431314097,28.547675,77.335162,71.0,CNG,34.64,23.1,5,2108,30.2,9.20,,88.0,0.78,-3.13,13.6,11.2,70.7,-0.11,LOCKED,70.8,18.8,5,
1791431315897,28.547419,77.335436,71.0,CNG,33.55,23.1,5,2111,36.9,9.06,,88.0,0.00,-2.34,13.4,11.2,70.8,-0.05,LOCKED,70.8,19.6,5,
1791431316741,28.547297,77.335581,71.0,CNG,31.24,23.9,5,2107,36.9,10.25,,88.0,0.00,-2.34,13.4,12.3,70.8,-0.03,LOCKED,70.8,19.6,5,
1791431317542,28.547174,77.335714,71.0,CNG,31.07,23.9,5,2099,36.9,9.41,,88.0,0.00,-2.34,13.7,12.3,70.7,-0.07,LOCKED,70.8,19.6,5,
1791431319424,28.546923,77.335992,71.0,CNG,40.13,22.7,5,2103,33.7,4.07,,88.0,0.00,-3.13,13.5,10.7,70.7,-0.05,LOCKED,70.8,19.6,5,
1791431320321,28.546923,77.335992,70.0,CNG,42.44,14.9,5,2091,33.7,6.15,,88.0,0.00,-3.13,13.5,0.0,70.3,-0.11,LOCKED,70.8,19.6,5,
1791431321074,28.546795,77.336129,70.0,CNG,47.65,14.9,5,2069,33.7,4.89,,88.0,0.00,-3.13,13.5,0.0,69.8,-0.35,LOCKED,70.8,19.6,5,
1791431322881,28.546563,77.336407,69.0,CNG,50.80,14.9,5,2065,17.6,4.99,,88.0,0.00,0.00,13.7,0.0,69.4,-0.37,LOCKED,70.8,18.8,5,
1791431323705,28.546448,77.336547,68.0,CNG,43.83,23.5,5,2029,17.6,7.68,,88.0,0.00,0.00,13.7,11.8,68.2,-0.62,LOCKED,70.8,18.8,5,
1791431324511,28.546336,77.336687,68.0,CNG,40.70,23.5,5,2016,17.6,7.57,,88.0,0.00,0.00,13.7,11.8,67.8,-0.62,LOCKED,70.8,18.8,5,
1791431326198,28.546227,77.336825,68.0,CNG,39.06,23.5,5,2022,33.3,7.55,,88.0,-0.78,-3.13,13.7,11.8,67.7,-0.34,LOCKED,70.8,19.2,5,
1791431327096,28.546116,77.336961,68.0,CNG,39.01,23.5,5,2025,33.3,7.14,,88.0,-0.78,-3.13,13.7,11.8,67.9,0.03,LOCKED,70.8,19.2,5,
1791431327827,28.546010,77.337113,68.0,CNG,37.56,23.5,5,2029,33.3,7.81,,88.0,-0.78,-3.13,13.7,11.8,68.1,0.07,LOCKED,70.8,19.2,5,
1791431329590,28.545787,77.337402,69.0,CNG,37.20,23.5,5,2035,32.5,7.69,,88.0,0.00,-3.13,13.6,11.8,68.3,0.12,LOCKED,70.8,19.2,5,
1791431330468,28.545681,77.337547,69.0,CNG,45.59,14.9,5,2048,32.5,4.11,,89.0,0.00,-3.13,13.6,0.0,68.8,0.19,LOCKED,70.8,19.2,5,
1791431331267,28.545681,77.337547,68.0,CNG,49.76,14.9,5,2031,32.5,4.81,,89.0,0.00,-3.13,13.5,0.0,68.6,-0.06,LOCKED,70.8,19.2,5,
1791431333079,28.545464,77.337839,67.0,CNG,45.67,22.7,5,2001,22.0,6.75,,89.0,2.34,-3.13,13.5,10.7,67.7,-0.54,LOCKED,70.8,16.5,5,
1791431333969,28.545352,77.337981,67.0,CNG,38.48,25.1,5,1983,22.0,8.82,,89.0,2.34,-3.13,13.6,13.9,66.7,-0.54,LOCKED,70.8,16.5,5,
1791431334754,28.545242,77.338127,67.0,CNG,34.32,25.1,5,1997,22.0,9.28,,89.0,2.34,-3.13,13.6,13.9,66.8,-0.21,LOCKED,70.8,16.5,5,
1791431336652,28.545018,77.338409,67.0,CNG,32.92,25.1,5,1999,44.3,8.83,,89.0,-0.78,-2.34,13.6,13.9,67.0,0.02,LOCKED,70.8,20.8,5,
1791431337527,28.544909,77.338556,67.0,CNG,32.30,23.5,5,2011,44.3,8.72,,89.0,-0.78,-2.34,13.6,11.8,67.5,0.21,LOCKED,70.8,20.8,5,
1791431338328,28.544805,77.338704,68.0,CNG,32.17,23.5,5,1993,44.3,8.69,,89.0,-0.78,-2.34,13.6,11.8,67.2,-0.03,LOCKED,70.8,20.8,5,
1791431340122,28.544702,77.338853,68.0,CNG,31.35,23.5,5,2010,42.0,9.20,,89.0,-0.78,-2.34,13.6,11.8,67.5,0.04,LOCKED,70.8,20.4,5,
1791431341022,28.544599,77.339009,68.0,CNG,29.91,23.9,5,2015,42.0,9.93,,89.0,-0.78,-2.34,13.6,12.3,67.8,0.09,LOCKED,70.8,20.4,5,
1791431341776,28.544495,77.339166,68.0,CNG,29.07,23.9,5,2021,42.0,9.96,,89.0,-0.78,-2.34,13.6,12.3,67.9,0.12,LOCKED,70.8,20.4,5,
1791431343634,28.544304,77.339472,68.0,CNG,37.84,14.9,5,2017,17.6,4.03,,89.0,0.00,0.00,13.7,0.0,67.9,0.09,LOCKED,70.8,18.0,5,
1791431344479,28.544210,77.339623,67.0,CNG,39.03,22.4,5,1985,17.6,6.68,,89.0,0.00,0.00,13.7,10.2,66.9,-0.43,LOCKED,70.8,18.0,5,
1791431345312,28.544111,77.339774,67.0,CNG,39.90,22.4,5,1982,17.6,6.63,,89.0,0.00,0.00,13.8,10.2,66.7,-0.40,LOCKED,70.8,18.0,5,
1791431347036,28.544017,77.339926,66.0,CNG,42.67,14.9,5,1983,19.6,5.65,,89.0,0.78,0.00,13.8,0.0,66.6,-0.33,LOCKED,70.8,16.5,5,
1791431347921,28.543922,77.340072,65.0,CNG,46.90,14.9,5,1935,19.6,4.80,,89.0,0.78,0.00,13.6,0.0,65.2,-0.70,LOCKED,70.8,16.5,5,
1791431348651,28.543832,77.340215,63.0,CNG,51.13,14.9,5,1900,19.6,4.32,,89.0,0.78,0.00,13.6,0.0,64.2,-0.98,LOCKED,70.8,16.5,5,
1791431350490,28.543642,77.340491,60.0,CNG,56.11,14.9,5,1811,36.1,3.68,,89.0,0.00,-3.91,13.4,0.0,61.6,-1.93,LOCKED,70.8,18.8,5,
1791431351379,28.543642,77.340491,59.0,CNG,45.78,23.1,5,1748,36.1,6.82,,88.0,0.00,-3.91,13.4,11.2,58.7,-1.70,LOCKED,70.8,18.8,5,
1791431352224,28.543552,77.340620,59.0,CNG,50.12,27.1,5,1749,36.1,4.10,,88.0,0.00,-3.91,13.6,16.6,58.3,-1.11,LOCKED,70.8,18.8,5,
1791431354330,28.543290,77.341018,59.0,CNG,49.80,16.5,5,1768,30.2,4.89,,88.0,1.56,-3.13,13.7,2.1,58.7,-0.28,ARMED,,16.5,5,
1791431355212,28.543290,77.341018,59.0,CNG,50.18,14.9,5,1766,30.2,4.75,,88.0,1.56,-3.13,13.6,0.0,59.2,0.17,ARMED,,16.5,5,
1791431355955,28.543205,77.341155,59.0,CNG,43.53,22.4,5,1751,30.2,6.65,,88.0,1.56,-3.13,13.6,10.2,59.0,-0.03,ARMED,,16.5,5,
1791431357702,28.543035,77.341417,59.0,CNG,38.24,23.5,5,1752,43.5,7.46,,88.0,-0.78,-2.34,13.7,11.8,58.9,-0.05,ARMED,,17.6,5,
1791431358658,28.542949,77.341557,59.0,CNG,47.19,14.9,5,1760,43.5,3.31,,88.0,-0.78,-2.34,13.7,0.0,59.1,0.01,LOCKED,59.1,17.6,5,
1791431359432,28.542864,77.341690,59.0,CNG,33.25,23.9,5,1761,43.5,10.47,,88.0,-0.78,-2.34,13.4,12.3,59.1,0.02,LOCKED,59.1,17.6,5,
1791431361202,28.542781,77.341830,58.0,CNG,34.38,20.0,5,1740,20.4,6.54,,88.0,0.00,-3.91,13.4,7.0,58.6,-0.26,LOCKED,59.1,15.7,5,
1791431362106,28.542701,77.341962,57.0,CNG,41.35,14.9,5,1716,20.4,3.87,,88.0,0.00,-3.91,13.7,0.0,57.6,-0.53,LOCKED,59.1,15.7,5,
1791431362840,28.542619,77.342095,57.0,CNG,39.53,21.2,5,1691,20.4,6.29,,88.0,0.00,-3.91,13.7,8.6,56.9,-0.70,LOCKED,59.1,15.7,5,
1791431364731,28.542456,77.342358,57.0,CNG,35.93,22.0,5,1687,34.5,7.38,,88.0,-1.56,-3.13,13.6,9.6,56.5,-0.63,LOCKED,59.1,18.0,5,
1791431365576,28.542379,77.342483,57.0,CNG,36.09,22.0,5,1700,34.5,6.41,,88.0,-1.56,-3.13,13.6,9.6,56.9,0.05,LOCKED,59.1,18.0,5,
1791431366342,28.542294,77.342612,57.0,CNG,35.34,22.4,5,1679,34.5,6.80,,88.0,-1.56,-3.13,13.5,10.2,56.6,-0.14,LOCKED,59.1,18.0,5,
1791431368088,28.542215,77.342740,57.0,CNG,36.18,22.7,5,1715,46.3,6.21,,88.0,-1.56,-2.34,13.5,10.7,57.2,0.26,LOCKED,59.1,20.0,5,
1791431368993,28.542134,77.342877,58.0,CNG,34.32,23.1,5,1727,46.3,7.43,,88.0,-1.56,-2.34,13.5,11.2,57.9,0.33,LOCKED,59.1,20.0,5,
1791431369789,28.542054,77.343012,58.0,CNG,33.96,22.7,5,1744,46.3,7.09,,88.0,-1.56,-2.34,13.5,10.7,58.4,0.38,LOCKED,59.1,20.0,5,
1791431371562,28.541887,77.343277,59.0,CNG,36.08,17.6,5,1758,41.2,6.07,,88.0,1.56,-2.34,13.7,3.7,58.9,0.43,LOCKED,59.1,18.0,5,
1791431372392,28.541887,77.343277,59.0,CNG,35.89,23.1,5,1752,41.2,6.77,,88.0,1.56,-2.34,13.7,11.2,58.9,0.08,LOCKED,59.1,18.0,5,
1791431373171,28.541800,77.343416,59.0,CNG,34.91,23.9,5,1765,41.2,7.19,,88.0,1.56,-2.34,13.5,12.3,59.1,0.13,LOCKED,59.1,18.0,5,
1791431374920,28.541629,77.343694,59.0,CNG,36.65,18.8,5,1772,33.7,6.09,,88.0,0.78,-3.13,13.5,5.4,59.4,0.17,LOCKED,59.1,18.8,5,
1791431375786,28.541543,77.343832,60.0,CNG,32.94,23.1,5,1784,33.7,8.55,,88.0,0.78,-3.13,13.7,11.2,59.8,0.21,LOCKED,59.1,18.8,5,
1791431376568,28.541460,77.343968,60.0,CNG,29.59,25.1,5,1781,33.7,9.54,,88.0,0.78,-3.13,13.7,13.9,59.8,0.17,LOCKED,59.1,18.8,5,
1791431378339,28.541289,77.344243,60.0,CNG,26.64,23.5,5,1796,44.7,10.57,,88.0,0.00,-2.34,13.6,11.8,60.2,0.22,LOCKED,59.1,20.4,5,
1791431379282,28.541289,77.344243,61.0,CNG,24.60,25.5,5,1810,44.7,11.28,,89.0,0.00,-2.34,13.6,14.4,60.7,0.26,LOCKED,59.1,20.4,5,
1791431380032,28.541199,77.344385,61.0,CNG,23.22,25.5,5,1810,44.7,11.63,,89.0,0.00,-2.34,13.5,14.4,60.8,0.23,LOCKED,59.1,20.4,5,
1791431381831,28.541018,77.344670,62.0,CNG,23.17,14.9,5,1831,52.5,10.97,,89.0,-6.25,-3.13,13.5,0.0,61.4,0.41,LOCKED,59.1,21.6,5,
1791431382686,28.540933,77.344811,62.0,CNG,23.01,25.1,5,1847,52.5,11.13,,89.0,-6.25,-3.13,13.6,13.9,62.0,0.40,LOCKED,59.1,21.6,5,
1791431383476,28.540839,77.344949,62.0,CNG,23.62,24.3,5,1852,52.5,10.30,,89.0,-6.25,-3.13,13.6,12.8,62.3,0.37,LOCKED,59.1,21.6,5,
1791431385210,28.540751,77.345091,63.0,CNG,26.46,24.3,5,1878,39.2,8.01,,89.0,-0.78,-2.34,13.8,12.8,62.9,0.55,LOCKED,59.1,19.6,5,
1791431386040,28.540660,77.345237,63.0,CNG,27.88,24.7,5,1898,39.2,8.50,,90.0,-0.78,-2.34,13.8,13.4,63.7,0.52,LOCKED,59.1,19.6,5,
1791431386834,28.540571,77.345382,64.0,CNG,28.65,24.7,5,1907,39.2,8.76,,90.0,-0.78,-2.34,13.5,13.4,64.0,0.50,LOCKED,59.1,19.6,5,
1791431388678,28.540388,77.345682,64.0,CNG,29.84,24.7,5,1906,23.9,8.23,,90.0,0.00,-2.34,13.7,13.4,64.1,0.30,LOCKED,59.1,17.6,5,
1791431389586,28.540298,77.345836,65.0,CNG,31.33,24.3,5,1927,23.9,7.86,,90.0,0.00,-2.34,13.7,12.8,64.7,0.30,LOCKED,59.1,17.6,5,
1791431390303,28.540204,77.345975,65.0,CNG,32.03,24.3,5,1920,23.9,8.02,,90.0,0.00,-2.34,13.7,12.8,64.6,0.15,LOCKED,59.1,17.6,5,
1791431392083,28.540110,77.346127,65.0,CNG,30.11,25.1,5,1930,25.1,9.61,,90.0,-2.34,-3.13,13.7,13.9,64.8,0.16,LOCKED,59.1,19.2,5,
1791431392985,28.540018,77.346277,65.0,CNG,31.40,23.9,5,1935,25.1,7.92,,90.0,-2.34,-3.13,13.7,12.3,65.0,0.14,LOCKED,59.1,19.2,5,
1791431393786,28.539924,77.346427,66.0,CNG,32.03,23.9,5,1937,25.1,8.17,,90.0,-2.34,-3.13,13.6,12.3,65.1,0.14,LOCKED,59.1,19.2,5,
1791431395552,28.539739,77.346733,66.0,CNG,33.58,23.9,5,1957,38.8,7.46,,89.0,0.00,-2.34,13.6,12.3,65.6,0.35,LOCKED,59.1,20.0,5,
1791431396433,28.539647,77.346885,66.0,CNG,32.81,25.1,5,1976,38.8,8.50,,89.0,0.00,-2.34,13.6,13.9,66.4,0.38,LOCKED,59.1,20.0,5,
1791431397197,28.539647,77.346885,67.0,CNG,28.52,25.5,5,1976,38.8,11.45,,89.0,0.00,-2.34,13.6,14.4,66.5,0.34,LOCKED,59.1,20.0,5,
1791431398943,28.539460,77.347195,67.0,CNG,26.69,25.5,5,1997,49.4,11.24,,89.0,0.00,-1.56,13.5,14.4,67.0,0.40,LOCKED,59.1,21.2,5,
1791431399804,28.539368,77.347351,68.0,CNG,25.95,25.5,5,2013,49.4,11.14,,89.0,0.00,-1.56,13.5,14.4,67.7,0.39,LOCKED,59.1,21.2,5,
1791431400574,28.539269,77.347506,68.0,CNG,28.76,20.8,5,2026,49.4,8.12,,89.0,0.00,-1.56,13.6,8.0,68.1,0.42,LOCKED,59.1,21.2,5,
1791431402282,28.539175,77.347661,68.0,CNG,29.47,24.3,5,2030,42.0,9.08,,89.0,-0.78,-1.56,13.6,12.8,68.3,0.38,LOCKED,59.1,20.4,5,
1791431403324,28.539081,77.347814,68.0,CNG,31.45,24.3,5,2033,42.0,7.95,,89.0,-0.78,-1.56,13.8,12.8,68.4,0.11,ARMED,,20.4,5,
1791431404072,28.538990,77.347973,68.0,CNG,33.35,24.3,5,2033,42.0,7.58,,89.0,-0.78,-1.56,13.8,12.8,68.4,0.07,ARMED,,20.4,5,
1791431405727,28.538788,77.348290,68.0,CNG,33.40,24.3,5,2037,34.9,8.30,,89.0,0.00,-2.34,13.7,12.8,68.4,0.07,ARMED,,17.6,5,
1791431406598,28.538689,77.348452,68.0,CNG,36.46,23.1,5,2043,34.9,6.58,,89.0,0.00,-2.34,13.7,11.2,68.5,0.07,CANDIDATE,68.5,17.6,5,
1791431407523,28.538593,77.348609,68.0,CNG,38.38,23.1,5,2042,34.9,6.67,,89.0,0.00,-2.34,13.8,11.2,68.5,0.05,LOCKED,68.5,17.6,5,
1791431409130,28.538492,77.348764,69.0,CNG,38.21,23.1,5,2037,31.0,7.43,,88.0,0.00,-2.34,13.8,11.2,68.4,0.01,LOCKED,68.5,18.8,5,
1791431410009,28.538398,77.348922,69.0,CNG,39.46,23.1,5,2037,31.0,6.80,,88.0,0.00,-2.34,13.7,11.2,68.4,0.01,LOCKED,68.5,18.8,5,
1791431410764,28.538301,77.349084,69.0,CNG,39.85,23.1,5,2036,31.0,6.97,,88.0,0.00,-2.34,13.7,11.2,68.4,0.00,LOCKED,68.5,18.8,5,
1791431412545,28.538116,77.349401,69.0,CNG,39.00,23.1,5,2043,31.0,7.46,,88.0,0.00,-2.34,13.6,11.2,68.6,0.05,LOCKED,68.5,18.8,5,
1791431413430,28.538024,77.349563,68.0,CNG,34.50,24.7,5,2035,31.0,9.47,,88.0,0.00,-2.34,13.6,13.4,68.4,-0.01,LOCKED,68.5,18.8,5,
1791431414204,28.538024,77.349563,69.0,CNG,32.54,24.7,5,2043,31.0,9.40,,88.0,0.00,-2.34,13.7,13.4,68.5,0.03,LOCKED,68.5,18.8,5,
1791431415976,28.537841,77.349877,69.0,CNG,31.22,24.7,5,2047,37.6,9.58,,88.0,-0.78,-2.34,13.7,13.4,68.7,0.08,LOCKED,68.5,20.0,5,
1791431416867,28.537745,77.350042,69.0,CNG,30.21,24.7,5,2058,37.6,9.79,,88.0,-0.78,-2.34,13.8,13.4,69.1,0.14,LOCKED,68.5,20.0,5,
1791431417636,28.537650,77.350203,70.0,CNG,28.85,24.3,5,2075,37.6,10.57,,88.0,-0.78,-2.34,13.8,12.8,69.6,0.33,LOCKED,68.5,20.0,5,
1791431419359,28.537456,77.350522,70.0,CNG,27.92,24.7,5,2068,43.1,10.74,,88.0,-0.78,-1.56,13.6,13.4,69.6,0.27,LOCKED,68.5,20.8,5,
1791431420227,28.537456,77.350522,70.0,CNG,27.80,24.7,5,2078,43.1,10.36,,88.0,-0.78,-1.56,13.6,13.4,69.9,0.22,LOCKED,68.5,20.8,5,
1791431420994,28.537357,77.350682,70.0,CNG,27.35,24.7,5,2080,43.1,10.71,,88.0,-0.78,-1.56,13.5,13.4,70.0,0.20,LOCKED,68.5,20.8,5,
1791431422877,28.537154,77.351003,70.0,CNG,28.03,24.7,5,2087,37.6,9.83,,89.0,-0.78,-2.34,13.7,13.4,70.2,0.20,LOCKED,68.5,19.6,5,
1791431423783,28.537049,77.351162,70.0,CNG,27.45,25.1,5,2091,37.6,10.74,,89.0,-0.78,-2.34,13.6,13.9,70.3,0.14,LOCKED,68.5,19.6,5,
1791431424581,28.536934,77.351316,70.0,CNG,30.54,14.9,5,2084,37.6,7.79,,89.0,-0.78,-2.34,13.6,0.0,70.2,0.07,LOCKED,68.5,19.6,5,
1791431426368,28.536721,77.351632,70.0,CNG,35.11,22.7,5,2079,28.2,6.32,,89.0,0.00,-3.13,13.6,10.7,70.0,0.01,LOCKED,68.5,18.4,5,
1791431427252,28.536721,77.351632,69.0,CNG,37.86,22.7,5,2061,28.2,6.56,,89.0,0.00,-3.13,13.6,10.7,69.3,-0.30,LOCKED,68.5,18.4,5,
1791431428044,28.536617,77.351787,69.0,CNG,38.77,22.7,5,2065,28.2,7.01,,89.0,0.00,-3.13,13.6,10.7,69.2,-0.25,LOCKED,68.5,18.4,5,
1791431429792,28.536402,77.352100,69.0,CNG,40.10,22.7,5,2053,28.6,6.67,,89.0,0.78,-3.13,13.6,10.7,69.0,-0.26,LOCKED,68.5,18.4,5,
1791431430743,28.536301,77.352259,69.0,CNG,41.69,22.7,5,2061,28.6,6.36,,89.0,0.78,-3.13,13.7,10.7,69.1,0.02,LOCKED,68.5,18.4,5,
1791431431525,28.536194,77.352412,69.0,CNG,42.12,22.7,5,2055,28.6,6.59,,89.0,0.78,-3.13,13.7,10.7,69.0,-0.01,LOCKED,68.5,18.4,5,
1791431433264,28.536098,77.352563,69.0,CNG,42.44,22.7,5,2041,29.4,6.57,,89.0,0.78,-3.13,13.8,10.7,68.7,-0.20,LOCKED,68.5,18.4,5,
1791431434122,28.535997,77.352712,68.0,CNG,41.21,22.7,5,2029,29.4,7.04,,89.0,0.78,-3.13,13.8,10.7,68.2,-0.24,LOCKED,68.5,18.4,5,
1791431434901,28.535892,77.352870,68.0,CNG,42.09,22.7,5,2029,29.4,6.39,,89.0,0.78,-3.13,13.7,10.7,68.1,-0.22,LOCKED,68.5,18.4,5,
1791431436656,28.535695,77.353166,68.0,CNG,42.61,22.7,5,2020,29.8,6.40,,89.0,0.78,-3.13,13.7,10.7,67.8,-0.23,LOCKED,68.5,19.2,5,
1791431437587,28.535591,77.353318,67.0,CNG,39.67,22.7,5,2001,29.8,7.63,,89.0,0.78,-3.13,13.5,10.7,67.2,-0.28,LOCKED,68.5,19.2,5,
1791431438393,28.535490,77.353465,67.0,CNG,38.20,22.7,5,1996,29.8,7.57,,89.0,0.78,-3.13,13.5,10.7,67.0,-0.27,LOCKED,68.5,19.2,5,
1791431440192,28.535381,77.353613,66.0,CNG,36.18,22.7,5,1983,36.9,8.06,,89.0,0.78,-2.34,13.6,10.7,66.6,-0.32,LOCKED,68.5,19.6,5,
1791431441050,28.535283,77.353765,66.0,CNG,35.40,22.7,5,1968,36.9,7.87,,89.0,0.78,-2.34,13.6,10.7,66.0,-0.32,LOCKED,68.5,19.6,5,
1791431441883,28.535188,77.353915,66.0,CNG,35.25,22.7,5,1969,36.9,7.70,,89.0,0.78,-2.34,13.8,10.7,65.9,-0.27,LOCKED,68.5,19.6,5,
1791431443599,28.534988,77.354207,66.0,CNG,33.81,22.7,5,1963,30.6,8.47,,89.0,-0.78,-3.13,13.8,10.7,65.8,-0.23,LOCKED,68.5,18.4,5,
1791431444463,28.534887,77.354353,66.0,CNG,35.51,22.7,5,1961,30.6,7.02,,89.0,-0.78,-3.13,13.7,10.7,65.8,-0.07,LOCKED,68.5,18.4,5,
1791431445212,28.534887,77.354353,66.0,CNG,38.18,22.7,5,1964,30.6,6.27,,89.0,-0.78,-3.13,13.7,10.7,65.8,-0.03,LOCKED,68.5,18.4,5,
1791431446948,28.534695,77.354646,66.0,CNG,39.26,22.7,5,1959,30.2,6.58,,89.0,0.78,-3.13,13.8,10.7,65.8,-0.04,LOCKED,68.5,18.4,5,
1791431447811,28.534600,77.354794,66.0,CNG,38.87,22.7,5,1971,30.2,7.04,,89.0,0.78,-3.13,13.8,10.7,66.1,0.14,LOCKED,68.5,18.4,5,
1791431448591,28.534501,77.354945,66.0,CNG,41.53,21.6,5,1976,30.2,5.83,,89.0,0.78,-3.13,13.8,9.1,66.3,0.16,LOCKED,68.5,18.4,5,
1791431450295,28.534399,77.355095,66.0,CNG,41.88,22.0,5,1965,25.9,6.36,,89.0,0.78,-3.91,13.8,9.6,66.1,-0.03,LOCKED,68.5,18.0,5,
1791431451148,28.534300,77.355244,66.0,CNG,42.33,22.0,5,1976,25.9,6.27,,89.0,0.78,-3.91,13.8,9.6,66.2,0.02,LOCKED,68.5,18.0,5,
1791431451914,28.534202,77.355398,67.0,CNG,43.11,22.0,5,1976,25.9,6.18,,88.0,0.78,-3.91,13.8,9.6,66.3,0.03,LOCKED,68.5,18.0,5,
1791431453618,28.534002,77.355697,67.0,CNG,44.41,22.0,5,1983,25.9,5.89,,88.0,0.00,-3.13,13.8,9.6,66.5,0.07,LOCKED,68.5,17.6,5,
1791431454500,28.533908,77.355851,67.0,CNG,45.92,22.0,5,1994,25.9,5.66,,88.0,0.00,-3.13,13.8,9.6,66.9,0.15,LOCKED,68.5,17.6,5,
1791431455269,28.533908,77.355851,67.0,CNG,45.62,22.0,5,1990,25.9,6.06,,88.0,0.00,-3.13,13.8,9.6,66.9,0.11,LOCKED,68.5,17.6,5,
1791431457144,28.533706,77.356153,67.0,CNG,46.18,22.0,5,1997,31.0,5.82,,88.0,0.00,-3.13,13.7,9.6,67.0,0.12,LOCKED,68.5,18.8,5,
1791431458043,28.533605,77.356307,67.0,CNG,43.48,22.0,5,1988,31.0,6.85,,88.0,0.00,-3.13,13.7,9.6,66.8,-0.07,LOCKED,68.5,18.8,5,
1791431458782,28.533506,77.356460,66.0,CNG,40.04,22.0,5,1976,31.0,7.55,,88.0,0.00,-3.13,13.7,9.6,66.5,-0.22,LOCKED,68.5,18.8,5,
1791431460615,28.533306,77.356759,66.0,CNG,38.16,22.4,5,1968,34.9,7.57,,88.0,0.78,-2.34,13.8,10.2,66.2,-0.26,LOCKED,68.5,19.2,5,
1791431461434,28.533209,77.356903,66.0,CNG,36.26,22.4,5,1970,34.9,8.00,,88.0,0.78,-2.34,13.8,10.2,66.1,-0.09,LOCKED,68.5,19.2,5,
1791431462192,28.533209,77.356903,66.0,CNG,36.02,22.4,5,1970,34.9,7.56,,88.0,0.78,-2.34,13.8,10.2,66.1,-0.07,LOCKED,68.5,19.2,5,
1791431463927,28.533006,77.357196,66.0,CNG,39.11,22.4,5,1960,28.2,6.01,,88.0,0.78,-3.13,13.8,10.2,65.9,-0.11,LOCKED,68.5,18.0,5,
1791431464808,28.532908,77.357345,66.0,CNG,40.54,22.4,5,1953,28.2,6.29,,88.0,0.78,-3.13,13.9,10.2,65.6,-0.13,LOCKED,68.5,18.0,5,
1791431465603,28.532810,77.357493,66.0,CNG,40.84,22.4,5,1950,28.2,6.53,,88.0,0.78,-3.13,13.9,10.2,65.5,-0.12,LOCKED,68.5,18.0,5,
1791431467361,28.532616,77.357779,65.0,CNG,41.51,22.4,5,1941,28.2,6.24,,88.0,0.00,-3.13,13.7,10.2,65.3,-0.16,LOCKED,68.5,18.0,5,
1791431468202,28.532616,77.357779,64.0,CNG,42.58,22.0,5,1911,28.2,5.90,,88.0,0.00,-3.13,13.7,9.6,64.3,-0.49,LOCKED,68.5,18.0,5,
1791431469038,28.532520,77.357916,64.0,CNG,43.86,22.4,5,1901,28.2,5.69,,88.0,0.00,-3.13,13.8,10.2,63.9,-0.49,LOCKED,68.5,18.0,5,
1791431470815,28.532314,77.358187,64.0,CNG,44.68,14.9,5,1882,19.2,5.69,,88.0,0.78,-3.91,13.8,0.0,63.3,-0.52,LOCKED,68.5,16.1,5,
1791431471739,28.532222,77.358322,61.0,CNG,49.00,14.9,5,1825,19.2,4.31,,88.0,0.78,-3.91,13.7,0.0,61.4,-0.96,LOCKED,68.5,16.1,5,
1791431472475,28.532129,77.358454,58.0,CNG,54.56,14.9,5,1748,19.2,3.54,,88.0,0.78,-3.91,13.7,0.0,59.4,-1.67,LOCKED,68.5,16.1,5,
1791431474211,28.532046,77.358571,55.0,CNG,58.74,14.9,5,1639,21.2,3.34,,88.0,0.00,0.00,13.8,0.0,56.1,-2.80,LOCKED,68.5,20.0,5,
1791431475097,28.531963,77.358689,53.0,CNG,42.73,23.1,5,1567,21.2,7.36,,88.0,0.00,0.00,13.8,11.2,52.5,-2.17,LOCKED,68.5,20.0,5,
1791431476000,28.531880,77.358803,53.0,CNG,38.02,23.1,5,1571,21.2,6.70,,88.0,0.00,0.00,13.9,11.2,52.0,-1.46,ARMED,,20.0,5,
1791431477606,28.531713,77.359025,53.0,CNG,35.66,23.1,5,1561,46.3,6.66,,88.0,1.56,-2.34,13.9,11.2,51.9,-0.82,ARMED,,20.0,5,
1791431478518,28.531624,77.359134,52.0,CNG,30.32,23.9,5,1565,46.3,8.65,,88.0,1.56,-2.34,13.7,12.3,52.3,0.02,ARMED,,20.0,5,
1791431479285,28.531624,77.359134,53.0,CNG,28.40,23.9,5,1558,46.3,8.36,,88.0,1.56,-2.34,13.7,12.3,52.3,0.02,ARMED,,20.0,5,
1791431481056,28.531461,77.359353,52.0,CNG,27.16,23.9,5,1556,52.2,8.35,,88.0,0.78,-2.34,13.6,12.3,52.3,0.01,ARMED,,20.0,5,
1791431481906,28.531378,77.359462,53.0,CNG,22.89,27.5,5,1559,52.2,11.68,,88.0,0.78,-2.34,13.6,17.1,52.4,0.03,ARMED,,20.0,5,
1791431482704,28.531294,77.359571,53.0,CNG,21.60,27.5,5,1566,52.2,10.87,,88.0,0.78,-2.34,13.7,17.1,52.6,0.08,ARMED,,20.0,5,
1791431484410,28.531120,77.359802,53.0,CNG,21.55,26.7,5,1582,30.6,10.09,,89.0,0.00,-1.56,13.7,16.1,53.0,0.28,ARMED,,15.3,5,
1791431485397,28.531120,77.359802,53.0,CNG,25.32,23.9,5,1587,30.6,6.31,,89.0,0.00,-1.56,13.6,12.3,53.4,0.24,LOCKED,53.4,15.3,5,
1791431486140,28.531034,77.359914,53.0,CNG,26.27,23.9,5,1578,30.6,7.78,,89.0,0.00,-1.56,13.6,12.3,53.2,0.04,LOCKED,53.4,15.3,5,
1791431487913,28.530863,77.360139,53.0,CNG,27.55,23.9,5,1583,43.1,7.29,,89.0,0.78,-2.34,13.9,12.3,53.2,0.03,LOCKED,53.4,19.6,5,
1791431488762,28.530771,77.360258,54.0,CNG,27.43,23.9,5,1603,43.1,8.10,,89.0,0.78,-2.34,13.9,12.3,53.8,0.28,LOCKED,53.4,19.6,5,
1791431489561,28.530690,77.360377,54.0,CNG,27.42,23.9,5,1612,43.1,8.05,,89.0,0.78,-2.34,13.7,12.3,54.1,0.31,LOCKED,53.4,19.6,5,
1791431491452,28.530528,77.360621,54.0,CNG,27.41,29.4,5,1613,65.9,8.06,,89.0,7.81,-1.56,13.7,19.8,54.3,0.27,LOCKED,53.4,22.7,5,
1791431492305,28.530528,77.360621,56.0,CNG,22.59,28.6,5,1651,65.9,12.70,,89.0,7.81,-1.56,13.6,18.7,55.5,0.58,LOCKED,53.4,22.7,5,
1791431493043,28.530445,77.360752,57.0,CNG,30.33,24.7,5,1695,65.9,3.89,,89.0,7.81,-1.56,13.6,13.4,56.6,0.97,LOCKED,53.4,22.7,5,
1791431494793,28.530278,77.361009,57.0,CNG,29.61,25.1,5,1695,46.3,8.14,,89.0,-1.56,-2.34,13.9,13.9,57.2,0.82,LOCKED,53.4,20.0,5,
1791431495661,28.530199,77.361142,57.0,CNG,36.99,22.7,5,1710,46.3,3.98,,90.0,-1.56,-2.34,13.9,10.7,57.6,0.37,LOCKED,53.4,20.0,5,
1791431496422,28.530114,77.361276,57.0,CNG,35.23,23.5,5,1702,46.3,7.08,,90.0,-1.56,-2.34,13.8,11.8,57.5,0.13,LOCKED,53.4,20.0,5,
1791431498203,28.530033,77.361411,57.0,CNG,32.35,23.5,5,1708,45.5,8.08,,89.0,0.78,-2.34,13.8,11.8,57.4,0.09,LOCKED,53.4,20.0,5,
1791431499058,28.529947,77.361542,58.0,CNG,29.30,23.5,5,1714,45.5,9.21,,89.0,0.78,-2.34,13.8,11.8,57.6,0.09,LOCKED,53.4,20.0,5,
1791431499859,28.529862,77.361670,58.0,CNG,30.89,20.4,5,1739,45.5,7.06,,89.0,0.78,-2.34,13.8,7.5,58.2,0.36,LOCKED,53.4,20.0,5,
1791431501570,28.529689,77.361938,58.0,CNG,29.00,21.6,5,1740,22.0,8.92,,89.0,-2.34,-3.13,13.7,9.1,58.4,0.36,LOCKED,53.4,19.6,5,
1791431502404,28.529610,77.362064,58.0,CNG,33.32,14.9,5,1728,22.0,5.53,,89.0,-2.34,-3.13,13.7,0.0,58.2,-0.05,LOCKED,53.4,19.6,5,
1791431503224,28.529610,77.362064,57.0,CNG,41.08,14.9,5,1686,22.0,3.66,,89.0,-2.34,-3.13,13.7,0.0,57.2,-0.58,LOCKED,53.4,19.6,5,
1791431504932,28.529441,77.362317,56.0,CNG,45.96,19.2,5,1691,45.1,4.07,,89.0,0.00,-2.34,13.7,5.9,56.7,-0.57,LOCKED,53.4,20.0,5,
1791431505768,28.529370,77.362453,56.0,CNG,36.89,24.7,5,1670,45.1,8.07,,89.0,0.00,-2.34,13.9,13.4,56.0,-0.52,LOCKED,53.4,20.0,5,
1791431506490,28.529292,77.362597,57.0,CNG,32.60,24.7,5,1703,45.1,8.38,,88.0,0.00,-2.34,13.9,13.4,56.5,0.02,LOCKED,53.4,20.0,5,
1791431508284,28.529219,77.362732,57.0,CNG,30.22,23.1,5,1727,37.3,8.55,,88.0,-2.34,-2.34,13.8,11.2,57.5,0.53,LOCKED,53.4,19.2,5,
1791431509140,28.529146,77.362873,59.0,CNG,30.60,23.1,5,1740,37.3,7.74,,88.0,-2.34,-2.34,13.8,11.2,58.4,0.54,LOCKED,53.4,19.2,5,
1791431509928,28.529065,77.363017,59.0,CNG,31.08,23.1,5,1767,37.3,7.58,,88.0,-2.34,-2.34,13.8,11.2,59.1,0.71,LOCKED,53.4,19.2,5,
1791431511747,28.528914,77.363310,60.0,CNG,32.93,23.5,5,1792,37.3,6.80,,88.0,0.00,-2.34,13.8,11.8,60.0,0.77,LOCKED,53.4,19.2,5,
1791431512694,28.528836,77.363453,61.0,CNG,32.58,23.5,5,1806,37.3,7.77,,88.0,0.00,-2.34,13.9,11.8,60.7,0.46,LOCKED,53.4,19.2,5,
1791431513485,28.528762,77.363597,62.0,CNG,33.42,23.5,5,1841,37.3,7.30,,88.0,0.00,-2.34,13.9,11.8,61.6,0.73,LOCKED,53.4,19.2,5,
1791431515279,28.528680,77.363752,62.0,CNG,36.40,22.7,5,1843,32.2,6.05,,88.0,-0.78,-3.13,13.8,10.7,62.0,0.67,LOCKED,53.4,18.8,5,
1791431516185,28.528601,77.363905,63.0,CNG,36.35,22.7,5,1881,32.2,7.10,,88.0,-0.78,-3.13,13.8,10.7,63.2,0.66,LOCKED,53.4,18.8,5,
1791431517066,28.528521,77.364063,64.0,CNG,34.65,22.7,5,1892,32.2,8.06,,88.0,-0.78,-3.13,13.7,10.7,63.6,0.64,ARMED,,18.8,5,
1791431518712,28.528360,77.364376,64.0,CNG,34.23,22.7,5,1919,38.0,7.78,,88.0,0.78,-2.34,13.7,10.7,64.3,0.69,ARMED,,19.6,5,
1791431519578,28.528279,77.364538,65.0,CNG,33.70,22.7,5,1927,38.0,8.06,,88.0,0.78,-2.34,13.6,10.7,64.8,0.37,ARMED,,19.6,5,
1791431520326,28.528197,77.364700,65.0,CNG,34.45,15.7,5,1941,38.0,7.46,,88.0,0.78,-2.34,13.6,1.1,65.2,0.39,ARMED,,19.6,5,
1791431522060,28.528115,77.364852,65.0,CNG,35.04,22.4,5,1953,34.5,7.39,,88.0,0.00,-3.13,13.8,10.2,65.5,0.40,ARMED,,19.2,5,
1791431523032,28.528031,77.365017,66.0,CNG,37.95,22.0,5,1972,34.5,6.24,,88.0,0.00,-3.13,13.8,9.6,66.2,0.38,LOCKED,66.2,19.2,5,
1791431523819,28.527943,77.365172,66.0,CNG,39.79,22.0,5,1976,34.5,6.29,,88.0,0.00,-3.13,13.8,9.6,66.4,0.34,LOCKED,66.2,19.2,5,
1791431525799,28.527767,77.365495,67.0,CNG,41.82,22.0,5,1993,25.9,6.06,,88.0,0.78,-3.13,13.8,9.6,66.8,0.38,LOCKED,66.2,16.1,5,
1791431526728,28.527679,77.365652,67.0,CNG,49.39,14.9,5,2010,25.9,4.06,,88.0,0.78,-3.13,13.9,0.0,67.4,0.35,LOCKED,66.2,16.1,5,
1791431527462,28.527594,77.365807,65.0,CNG,51.74,14.9,5,1953,25.9,4.76,,88.0,0.78,-3.13,13.9,0.0,66.3,-0.46,LOCKED,66.2,16.1,5,
1791431529336,28.527419,77.366113,64.0,CNG,52.95,14.9,5,1925,19.2,4.76,,88.0,0.00,0.00,13.8,0.0,64.9,-1.00,LOCKED,66.2,16.1,5,
1791431530289,28.527419,77.366113,63.0,CNG,56.18,14.9,5,1886,19.2,4.15,,88.0,0.00,0.00,13.8,0.0,63.2,-0.98,LOCKED,66.2,16.1,5,
1791431531023,28.527332,77.366256,60.0,CNG,57.42,14.9,5,1795,19.2,4.12,,88.0,0.00,0.00,13.8,0.0,61.0,-1.82,LOCKED,66.2,16.1,5,
1791431532762,28.527185,77.366520,56.0,CNG,58.60,14.9,5,1695,19.6,3.77,,88.0,0.00,0.00,13.8,0.0,57.5,-2.83,LOCKED,66.2,15.3,5,
1791431533631,28.527126,77.366644,51.0,CNG,60.49,14.9,5,1515,19.6,3.25,,88.0,0.00,0.00,13.8,0.0,50.9,-3.66,LOCKED,66.2,15.3,5,
1791431534404,28.527060,77.366767,50.0,CNG,59.50,14.9,5,1498,19.6,3.53,,88.0,0.00,0.00,13.8,0.0,49.3,-2.89,LOCKED,66.2,15.3,4,
1791431536290,28.526995,77.366887,50.0,CNG,45.49,14.9,5,1478,34.5,6.20,,88.0,-1.56,-3.13,13.8,0.0,48.6,-1.93,ARMED,,18.0,5,
1791431537174,28.526933,77.367005,51.0,CNG,51.78,14.9,5,1490,34.5,3.17,,87.0,-1.56,-3.13,13.8,0.0,49.5,0.11,ARMED,,18.0,5,
1791431537957,28.526865,77.367124,50.0,CNG,53.02,14.9,5,1491,34.5,3.71,,87.0,-1.56,-3.13,13.9,0.0,49.9,0.26,ARMED,,18.0,5,
1791431539774,28.526732,77.367345,49.0,CNG,54.18,22.4,5,1462,49.0,3.57,,87.0,0.00,-2.34,13.9,10.2,49.4,-0.14,ARMED,,17.3,5,
1791431540684,28.526667,77.367458,48.0,CNG,51.58,25.5,5,1444,49.0,4.09,,87.0,0.00,-2.34,13.6,14.4,48.5,-0.44,ARMED,,17.3,5,
1791431541489,28.526594,77.367567,49.0,CNG,30.85,25.5,5,1446,49.0,10.43,,87.0,0.00,-2.34,13.6,14.4,48.3,-0.37,ARMED,,17.3,5,
1791431543223,28.526520,77.367678,49.0,CNG,25.09,24.7,5,1468,55.3,10.23,,87.0,-2.34,-2.34,13.7,13.4,48.8,0.08,ARMED,,20.0,5,
1791431544134,28.526447,77.367794,51.0,CNG,33.15,22.7,5,1514,55.3,3.37,,88.0,-2.34,-2.34,13.7,10.7,50.6,0.82,ARMED,,20.0,5,
1791431544899,28.526369,77.367906,51.0,CNG,34.48,22.0,5,1513,55.3,5.69,,88.0,-2.34,-2.34,13.7,9.6,50.9,0.66,ARMED,,20.0,5,
1791431546585,28.526202,77.368131,51.0,CNG,36.77,17.3,5,1529,19.6,5.11,,88.0,-2.34,-3.91,13.7,3.2,51.4,0.62,ARMED,,15.3,5,
1791431547491,28.526119,77.368238,51.0,CNG,42.95,14.9,5,1519,19.6,3.64,,88.0,-2.34,-3.91,13.8,0.0,51.1,0.02,ARMED,,15.3,5,
1791431548265,28.526119,77.368238,49.0,CNG,48.64,14.9,5,1463,19.6,3.27,,89.0,-2.34,-3.91,13.8,0.0,49.8,-0.74,ARMED,,15.3,5,
1791431550174,28.525969,77.368441,47.0,CNG,51.60,14.9,5,1395,19.6,3.36,,89.0,0.00,0.00,13.6,0.0,47.5,-1.65,ARMED,,19.6,5,
1791431551066,28.525894,77.368535,46.0,CNG,52.29,14.9,5,1352,19.6,3.52,,89.0,0.00,0.00,13.6,0.0,45.3,-1.25,ARMED,,19.6,5,
1791431551833,28.525823,77.368630,46.0,CNG,53.25,15.7,5,1332,19.6,3.43,,89.0,0.00,0.00,13.7,1.1,44.7,-1.11,ARMED,,19.6,5,
1791431553675,28.525666,77.368823,46.0,CNG,39.64,23.1,5,1374,23.1,6.60,,89.0,-3.13,-3.13,13.7,11.2,45.4,-0.11,ARMED,,17.6,5,
1791431554567,28.525586,77.368916,46.0,CNG,39.29,20.8,5,1370,23.1,4.85,,89.0,-3.13,-3.13,13.7,8.0,46.0,0.23,ARMED,,17.6,5,
1791431555330,28.525513,77.369010,46.0,CNG,41.01,20.8,5,1372,23.1,4.28,,89.0,-3.13,-3.13,13.7,8.0,46.1,0.23,ARMED,,17.6,5,
1791431557104,28.525435,77.369103,46.0,CNG,44.26,21.2,5,1375,43.1,3.74,,89.0,0.00,-3.13,13.8,8.6,46.3,0.21,ARMED,,17.6,5,
1791431558017,28.525358,77.369201,46.0,CNG,37.22,22.0,5,1368,43.1,6.26,,89.0,0.00,-3.13,13.8,9.6,46.0,-0.06,ARMED,,17.6,5,
1791431558778,28.525283,77.369300,46.0,CNG,33.87,15.7,5,1386,43.1,6.30,,89.0,0.00,-3.13,13.8,1.1,46.3,0.14,ARMED,,17.6,5,
1791431560669,28.525128,77.369496,46.0,CNG,43.25,14.9,5,1354,62.4,2.54,,89.0,0.00,-2.34,13.8,0.0,45.8,-0.22,ARMED,,20.0,4,
1791431561571,28.525057,77.369591,46.0,CNG,48.30,14.9,5,1368,62.4,3.21,,89.0,0.00,-2.34,13.8,0.0,45.9,0.01,ARMED,,20.0,4,
1791431562352,28.524982,77.369684,46.0,CNG,56.30,14.9,5,1350,62.4,2.51,,89.0,0.00,-2.34,13.8,0.0,45.6,-0.19,ARMED,,20.0,4,
1791431564139,28.524903,77.369775,44.0,CNG,61.34,20.0,5,1327,42.4,2.52,,89.0,0.00,-3.13,13.8,7.0,44.9,-0.50,ARMED,,17.6,5,
1791431565019,28.524830,77.369866,44.0,CNG,44.07,20.8,5,1310,42.4,5.85,,89.0,0.00,-3.13,13.8,8.0,44.0,-0.49,ARMED,,17.6,5,
1791431565824,28.524758,77.369957,45.0,CNG,44.73,20.8,5,1324,42.4,4.02,,89.0,0.00,-3.13,13.7,8.0,44.2,-0.17,ARMED,,17.6,5,
1791431567526,28.524612,77.370141,45.0,CNG,46.09,20.8,5,1328,30.6,3.81,,89.0,-1.56,-3.91,13.7,8.0,44.5,0.07,ARMED,,16.5,5,
1791431568459,28.524540,77.370236,45.0,CNG,43.97,21.2,5,1337,30.6,4.47,,89.0,-1.56,-3.91,13.8,8.6,44.9,0.23,ARMED,,16.5,5,
1791431569223,28.524540,77.370236,45.0,CNG,47.48,14.9,5,1344,30.6,3.41,,89.0,-1.56,-3.91,13.8,0.0,45.2,0.25,ARMED,,16.5,5,
1791431570944,28.524400,77.370423,45.0,CNG,39.77,21.6,5,1338,35.7,5.75,,89.0,0.78,-3.13,13.7,9.1,45.1,0.17,ARMED,,17.3,5,
1791431571790,28.524318,77.370518,46.0,CNG,37.54,22.0,5,1368,35.7,5.42,,89.0,0.78,-3.13,13.7,9.6,45.9,0.41,ARMED,,17.3,5,
1791431572607,28.524242,77.370613,46.0,CNG,36.05,22.0,5,1368,35.7,5.52,,89.0,0.78,-3.13,13.8,9.6,46.1,0.36,ARMED,,17.3,5,
1791431574453,28.524080,77.370814,46.0,CNG,33.82,22.4,5,1381,38.8,6.07,,89.0,0.78,-3.13,13.8,10.2,46.4,0.36,ARMED,,17.6,5,
1791431575343,28.524080,77.370814,47.0,CNG,36.04,22.0,5,1409,38.8,4.82,,89.0,0.78,-3.13,13.8,9.6,47.3,0.41,ARMED,,17.6,5,
1791431576139,28.524007,77.370919,48.0,CNG,34.15,22.7,5,1416,38.8,6.18,,89.0,0.78,-3.13,13.8,10.7,47.6,0.40,ARMED,,17.6,5,
1791431577935,28.523864,77.371135,48.0,CNG,31.93,22.7,5,1431,49.4,6.73,,89.0,2.34,-2.34,13.6,10.7,48.0,0.42,ARMED,,19.6,5,
1791431578771,28.523787,77.371245,49.0,CNG,27.79,23.1,5,1447,49.4,8.56,,89.0,2.34,-2.34,13.6,11.2,48.7,0.40,ARMED,,19.6,5,
1791431579546,28.523710,77.371353,49.0,CNG,26.32,24.7,5,1466,49.4,8.20,,89.0,2.34,-2.34,13.7,13.4,49.2,0.45,ARMED,,19.6,5,
1791431581273,28.523636,77.371470,50.0,CNG,24.16,24.7,5,1478,57.6,9.47,,89.0,1.56,-1.56,13.7,13.4,49.7,0.48,ARMED,,20.8,5,
1791431582192,28.523567,77.371588,51.0,CNG,25.16,23.9,5,1527,57.6,7.79,,89.0,1.56,-1.56,13.8,12.3,51.2,0.80,ARMED,,20.8,5,
1791431583009,28.523494,77.371710,52.0,CNG,31.22,22.7,5,1531,57.6,4.45,,89.0,1.56,-1.56,13.8,10.7,51.6,0.65,ARMED,,20.8,5,
1791431584762,28.523350,77.371953,52.0,CNG,31.76,22.7,5,1539,37.6,6.52,,89.0,-0.78,-3.13,13.7,10.7,51.9,0.49,ARMED,,18.4,5,
1791431585652,28.523279,77.372078,52.0,CNG,31.61,22.7,5,1550,37.6,6.77,,90.0,-0.78,-3.13,13.7,10.7,52.2,0.23,ARMED,,18.4,5,
1791431586455,28.523209,77.372205,53.0,CNG,40.52,22.0,5,1556,37.6,3.15,,90.0,-0.78,-3.13,13.8,9.6,52.4,0.22,ARMED,,18.4,5,
1791431588273,28.523141,77.372328,52.0,CNG,39.36,22.0,5,1558,34.1,5.63,,90.0,0.78,-3.13,13.8,9.6,52.4,0.19,ARMED,,18.0,5,
1791431589175,28.523075,77.372457,53.0,CNG,37.34,22.4,5,1566,34.1,6.24,,90.0,0.78,-3.13,13.8,10.2,52.7,0.17,ARMED,,18.0,5,
1791431589878,28.523008,77.372580,53.0,CNG,36.26,22.7,5,1570,34.1,6.23,,89.0,0.78,-3.13,13.8,10.7,52.8,0.17,CANDIDATE,52.8,18.0,5,
1791431591668,28.522871,77.372844,53.0,CNG,35.58,22.7,5,1567,36.5,6.26,,89.0,-0.78,-3.13,13.8,10.7,52.8,0.13,LOCKED,52.8,18.4,5,
1791431592514,28.522807,77.372974,53.0,CNG,35.04,22.7,5,1577,36.5,6.32,,89.0,-0.78,-3.13,13.8,10.7,53.1,0.13,LOCKED,52.8,18.4,5,
1791431593266,28.522807,77.372974,53.0,CNG,34.53,22.7,5,1584,36.5,6.41,,89.0,-0.78,-3.13,13.8,10.7,53.2,0.15,LOCKED,52.8,18.4,5,
1791431595192,28.522680,77.373231,53.0,CNG,33.12,22.7,5,1583,42.7,6.94,,89.0,2.34,-2.34,13.7,10.7,53.3,0.13,LOCKED,52.8,19.6,5,
1791431596098,28.522615,77.373362,53.0,CNG,30.03,22.7,5,1584,42.7,8.22,,89.0,2.34,-2.34,13.7,10.7,53.3,0.07,LOCKED,52.8,19.6,5,
1791431596835,28.522548,77.373494,53.0,CNG,28.52,22.7,5,1587,42.7,8.17,,89.0,2.34,-2.34,13.7,10.7,53.3,0.07,LOCKED,52.8,19.6,5,
1791431598645,28.522414,77.373749,54.0,CNG,27.71,22.7,5,1590,45.9,8.30,,89.0,1.56,-2.34,13.7,10.7,53.4,0.09,LOCKED,52.8,19.6,5,
1791431599497,28.522346,77.373882,54.0,CNG,27.22,22.7,5,1596,45.9,8.32,,89.0,1.56,-2.34,13.7,10.7,53.7,0.11,LOCKED,52.8,19.6,5,
1791431600284,28.522346,77.373882,54.0,CNG,27.07,22.7,5,1605,45.9,8.22,,89.0,1.56,-2.34,13.7,10.7,53.9,0.15,LOCKED,52.8,19.6,5,
1791431601988,28.522219,77.374149,54.0,CNG,28.95,22.7,5,1615,36.9,6.83,,89.0,1.56,-3.13,13.7,10.7,54.2,0.20,LOCKED,52.8,18.4,5,
1791431602918,28.522150,77.374284,55.0,CNG,31.40,22.7,5,1628,36.9,6.27,,89.0,1.56,-3.13,13.6,10.7,54.8,0.24,LOCKED,52.8,18.4,5,
1791431603677,28.522074,77.374413,55.0,CNG,32.67,22.7,5,1632,36.9,6.47,,89.0,1.56,-3.13,13.6,10.7,54.9,0.24,LOCKED,52.8,18.4,5,
1791431605409,28.521939,77.374680,55.0,CNG,33.86,22.7,5,1639,36.5,6.28,,89.0,1.56,-3.13,13.8,10.7,55.1,0.24,LOCKED,52.8,18.4,5,
1791431606265,28.521939,77.374680,56.0,CNG,33.59,22.7,5,1659,36.5,6.89,,89.0,1.56,-3.13,13.8,10.7,55.8,0.30,LOCKED,52.8,18.4,5,
1791431607052,28.521870,77.374812,56.0,CNG,34.46,22.7,5,1664,36.5,6.39,,89.0,1.56,-3.13,13.8,10.7,56.0,0.29,LOCKED,52.8,18.4,5,
1791431608814,28.521722,77.375085,56.0,CNG,33.85,22.7,5,1683,35.7,6.94,,88.0,1.56,-3.13,13.8,10.7,56.5,0.36,LOCKED,52.8,18.4,5,
1791431609755,28.521646,77.375223,57.0,CNG,34.69,22.7,5,1704,35.7,6.47,,88.0,1.56,-3.13,13.7,10.7,57.3,0.38,LOCKED,52.8,18.4,5,
1791431610525,28.521568,77.375356,58.0,CNG,35.83,22.7,5,1714,35.7,6.30,,88.0,1.56,-3.13,13.7,10.7,57.6,0.39,LOCKED,52.8,18.4,5,
1791431612276,28.521486,77.375494,58.0,CNG,35.18,22.7,5,1726,34.9,6.92,,88.0,1.56,-3.13,13.9,10.7,58.0,0.41,LOCKED,52.8,18.4,5,
1791431613211,28.521409,77.375627,59.0,CNG,35.04,22.7,5,1747,34.9,6.92,,88.0,1.56,-3.13,13.9,10.7,58.8,0.41,LOCKED,52.8,18.4,5,
1791431613962,28.521329,77.375766,59.0,CNG,34.86,22.7,5,1758,34.9,6.97,,88.0,1.56,-3.13,13.8,10.7,59.1,0.42,LOCKED,52.8,18.4,5,
1791431615721,28.521161,77.376032,59.0,CNG,32.71,22.7,5,1774,32.5,8.05,,88.0,0.78,-3.13,13.8,10.7,59.6,0.45,LOCKED,52.8,18.8,5,
1791431616601,28.521063,77.376167,60.0,CNG,32.92,22.0,5,1764,32.5,7.38,,88.0,0.78,-3.13,13.7,9.6,59.5,0.05,LOCKED,52.8,18.8,5,
1791431617323,28.520971,77.376298,59.0,CNG,32.59,22.0,5,1764,32.5,7.51,,88.0,0.78,-3.13,13.7,9.6,59.4,0.02,LOCKED,52.8,18.8,5,
1791431619091,28.520878,77.376425,59.0,CNG,33.11,22.0,5,1768,38.0,7.11,,88.0,0.78,-3.13,13.6,9.6,59.5,0.02,LOCKED,52.8,19.2,5,
1791431619984,28.520777,77.376547,60.0,CNG,32.41,22.4,5,1771,38.0,7.80,,88.0,0.78,-3.13,13.6,10.2,59.6,0.05,LOCKED,52.8,19.2,5,
1791431620803,28.520678,77.376672,60.0,CNG,34.42,22.4,5,1776,38.0,6.47,,88.0,0.78,-3.13,13.8,10.2,59.7,0.07,LOCKED,52.8,19.2,5,
1791431622578,28.520479,77.376921,60.0,CNG,35.47,22.4,5,1769,31.4,6.60,,88.0,0.78,-3.13,13.8,10.2,59.6,0.03,LOCKED,52.8,18.4,5,
1791431623480,28.520375,77.377040,60.0,CNG,36.36,22.4,5,1773,31.4,6.49,,88.0,0.78,-3.13,13.8,10.2,59.8,0.04,LOCKED,52.8,18.4,5,
1791431624253,28.520375,77.377040,60.0,CNG,36.54,22.4,5,1776,31.4,6.66,,88.0,0.78,-3.13,13.8,10.2,59.8,0.06,LOCKED,52.8,18.4,5,
1791431626032,28.520168,77.377270,60.0,CNG,36.72,22.4,5,1782,31.0,6.63,,88.0,0.00,-3.13,13.7,10.2,60.0,0.09,LOCKED,52.8,18.4,5,
1791431626873,28.520060,77.377384,60.0,CNG,36.91,22.4,5,1797,31.0,6.59,,88.0,0.00,-3.13,13.7,10.2,60.4,0.16,LOCKED,52.8,18.4,5,
1791431627667,28.519946,77.377496,60.0,CNG,37.03,22.4,5,1795,31.0,6.59,,88.0,0.00,-3.13,13.8,10.2,60.5,0.13,LOCKED,52.8,18.4,5,
1791431629615,28.519716,77.377716,60.0,CNG,37.01,22.4,5,1796,31.0,6.63,,88.0,0.00,-3.13,13.8,10.2,60.5,0.10,LOCKED,52.8,18.4,5,
1791431630551,28.519604,77.377823,61.0,CNG,38.89,22.4,5,1799,31.0,5.93,,88.0,0.00,-3.13,13.8,10.2,60.6,0.08,LOCKED,52.8,18.4,5,
1791431631314,28.519492,77.377934,60.0,CNG,38.69,22.4,5,1804,31.0,6.39,,88.0,0.00,-3.13,13.8,10.2,60.7,0.09,LOCKED,52.8,18.4,5,
1791431633063,28.519380,77.378054,60.0,CNG,38.20,22.4,5,1793,35.7,6.54,,88.0,0.78,-3.13,13.8,10.2,60.5,-0.08,LOCKED,52.8,18.8,5,
1791431633939,28.519270,77.378168,61.0,CNG,36.05,22.4,5,1800,35.7,7.49,,88.0,0.78,-3.13,13.8,10.2,60.6,-0.03,LOCKED,52.8,18.8,5,
1791431634774,28.519157,77.378283,61.0,CNG,33.95,22.4,5,1799,35.7,7.98,,88.0,0.78,-3.13,13.7,10.2,60.6,-0.02,LOCKED,52.8,18.8,5,
1791431636584,28.518942,77.378526,60.0,CNG,33.59,22.4,5,1800,38.8,7.42,,88.0,1.56,-2.34,13.7,10.2,60.6,-0.01,LOCKED,52.8,19.6,5,
1791431637471,28.518836,77.378650,61.0,CNG,33.57,22.7,5,1810,38.8,7.43,,88.0,1.56,-2.34,13.8,10.7,60.9,0.06,LOCKED,52.8,19.6,5,
1791431638214,28.518836,77.378650,61.0,CNG,31.85,22.7,5,1805,38.8,8.43,,88.0,1.56,-2.34,13.8,10.7,60.8,0.03,LOCKED,52.8,19.6,5,
1791431640030,28.518614,77.378882,61.0,CNG,34.11,22.7,5,1807,26.7,6.53,,88.0,0.00,-3.13,13.8,10.7,60.8,0.03,LOCKED,52.8,18.4,5,
1791431640890,28.518500,77.379002,60.0,CNG,41.48,14.9,5,1804,26.7,3.97,,89.0,0.00,-3.13,13.8,0.0,60.7,-0.02,LOCKED,52.8,18.4,5,
1791431641634,28.518393,77.379115,60.0,CNG,46.32,14.9,5,1811,26.7,4.36,,89.0,0.00,-3.13,13.9,0.0,60.8,0.01,LOCKED,52.8,18.4,5,
1791431643494,28.518190,77.379342,58.0,CNG,53.21,14.9,5,1741,19.6,3.42,,89.0,0.00,0.00,13.9,0.0,59.2,-0.90,LOCKED,52.8,15.7,5,
1791431644370,28.518190,77.379342,55.0,CNG,59.53,14.9,5,1625,19.6,3.05,,89.0,0.00,0.00,13.6,0.0,55.0,-2.10,LOCKED,52.8,15.7,5,
1791431645130,28.518097,77.379452,53.0,CNG,58.36,14.9,5,1592,19.6,3.83,,88.0,0.00,0.00,13.6,0.0,53.4,-2.08,LOCKED,52.8,15.7,5,
1791431646935,28.517917,77.379650,51.0,CNG,62.55,14.9,5,1539,22.7,2.94,,88.0,0.00,0.00,13.4,0.0,51.6,-2.06,LOCKED,52.8,13.7,5,
1791431647897,28.517865,77.379725,27.0,CNG,68.42,14.9,5,808,22.7,1.16,,88.0,0.00,0.00,13.4,0.0,29.4,-10.53,RESUMABLE,52.8,13.7,5,
1791431648638,28.517836,77.379763,14.0,CNG,58.96,14.9,3,725,22.7,1.59,,88.0,0.00,0.00,13.8,0.0,14.0,0.00,RESUMABLE,52.8,13.7,3,
1791431650301,28.517813,77.379784,10.0,CNG,44.60,14.9,2,733,76.9,1.97,,88.0,13.28,-2.34,13.8,0.0,10.0,0.00,RESUMABLE,52.8,22.4,2,
1791431651050,28.517796,77.379801,11.0,CNG,37.23,20.8,1,1431,76.9,1.83,,88.0,13.28,-2.34,13.6,8.0,11.0,0.00,RESUMABLE,52.8,22.4,1,
1791431651812,28.517778,77.379823,12.0,CNG,16.49,25.1,2,920,76.9,6.73,,88.0,13.28,-2.34,13.6,13.9,12.0,0.00,RESUMABLE,52.8,22.4,2,
1791431653517,28.517729,77.379870,14.0,CNG,10.83,14.9,2,1050,63.9,8.33,,88.0,-12.50,-2.34,13.5,0.0,13.3,0.73,RESUMABLE,52.8,19.6,2,
1791431654309,28.517729,77.379870,16.0,CNG,12.93,14.9,2,1214,63.9,3.68,,88.0,-12.50,-2.34,13.5,0.0,15.8,1.34,RESUMABLE,52.8,19.6,2,
1791431655159,28.517700,77.379900,16.0,CNG,16.28,27.1,2,1190,63.9,2.51,,88.0,-12.50,-2.34,13.6,16.6,16.1,0.89,RESUMABLE,52.8,19.6,2,
1791431656736,28.517633,77.379958,16.0,CNG,9.08,27.1,2,1231,72.5,11.88,,88.0,2.34,-1.56,13.6,16.6,16.5,0.68,RESUMABLE,52.8,23.5,2,
1791431657537,28.517596,77.379998,21.0,CNG,14.06,14.9,2,1535,72.5,2.33,,88.0,2.34,-1.56,13.8,0.0,20.0,1.85,RESUMABLE,52.8,23.5,2,
1791431658270,28.517596,77.379998,21.0,CNG,10.79,14.9,3,1109,72.5,10.31,,89.0,2.34,-1.56,13.8,0.0,21.0,0.00,RESUMABLE,52.8,23.5,2,
1791431659923,28.517524,77.380077,21.0,CNG,15.33,14.9,3,1121,23.9,2.38,,89.0,0.00,0.00,13.7,0.0,21.0,0.00,RESUMABLE,52.8,12.9,3,
1791431660687,28.517497,77.380104,14.0,CNG,19.84,22.0,3,807,23.9,1.08,,89.0,0.00,0.00,13.7,9.6,14.9,-2.86,RESUMABLE,52.8,12.9,3,
1791431661485,28.517472,77.380129,14.0,CNG,23.14,20.8,2,1045,23.9,1.70,,89.0,0.00,0.00,13.8,8.0,14.0,0.00,RESUMABLE,52.8,12.9,2,
1791431663283,28.517450,77.380159,13.0,CNG,14.27,23.5,2,1053,57.6,6.38,,89.0,-5.47,-2.34,13.8,11.8,13.4,-0.36,RESUMABLE,52.8,19.2,2,
1791431664057,28.517427,77.380197,18.0,CNG,12.37,25.1,2,1288,57.6,6.93,,89.0,-5.47,-2.34,13.8,13.9,17.5,1.75,RESUMABLE,52.8,19.2,2,
1791431664832,28.517397,77.380227,20.0,CNG,11.35,27.1,2,1443,57.6,7.92,,89.0,-5.47,-2.34,13.8,16.6,19.6,2.20,RESUMABLE,52.8,19.2,2,
1791431666522,28.517317,77.380308,22.0,CNG,14.56,14.9,2,1607,61.6,4.07,,89.0,0.00,-3.91,13.7,0.0,21.9,2.55,RESUMABLE,52.8,20.4,2,
1791431667285,28.517317,77.380308,23.0,CNG,13.23,26.3,3,1196,61.6,7.93,,89.0,0.00,-3.91,13.7,15.5,23.0,0.00,RESUMABLE,52.8,20.4,2,
1791431668026,28.517273,77.380359,25.0,CNG,12.21,26.3,3,1276,61.6,9.17,,89.0,0.00,-3.91,13.7,15.5,24.2,0.69,RESUMABLE,52.8,20.4,2,
1791431669760,28.517168,77.380468,27.0,CNG,12.15,26.3,3,1364,58.8,9.14,,90.0,-2.34,-1.56,13.7,15.5,26.2,1.52,RESUMABLE,52.8,20.8,2,
1791431670504,28.517116,77.380528,31.0,CNG,18.21,14.9,3,1576,58.8,2.88,,90.0,-2.34,-1.56,13.8,0.0,30.7,2.45,RESUMABLE,52.8,20.8,3,
1791431671287,28.517116,77.380528,31.0,CNG,14.86,25.1,4,1126,58.8,10.57,,90.0,-2.34,-1.56,13.8,13.9,31.0,0.00,RESUMABLE,52.8,20.8,4,
1791431673120,28.516999,77.380653,32.0,CNG,14.46,25.1,4,1222,69.8,9.37,,90.0,0.00,-1.56,13.7,13.9,31.6,0.37,RESUMABLE,52.8,21.6,3,
1791431673865,28.516938,77.380715,34.0,CNG,14.43,25.1,4,1326,69.8,9.65,,90.0,0.00,-1.56,13.7,13.9,33.8,1.06,RESUMABLE,52.8,21.6,3,
1791431674669,28.516872,77.380784,35.0,CNG,14.43,25.1,4,1366,69.8,9.92,,90.0,0.00,-1.56,13.7,13.9,34.9,1.13,RESUMABLE,52.8,21.6,3,
1791431676322,28.516807,77.380850,36.0,CNG,14.84,25.1,4,1414,60.0,9.52,,90.0,0.00,-1.56,13.7,13.9,36.1,1.31,RESUMABLE,52.8,20.8,4,
1791431677127,28.516736,77.380921,38.0,CNG,21.84,14.9,4,1447,60.0,2.59,,90.0,0.00,-1.56,13.7,0.0,37.3,0.88,RESUMABLE,52.8,20.8,4,
1791431677840,28.516667,77.380998,38.0,CNG,22.72,23.9,5,1178,60.0,6.45,,90.0,0.00,-1.56,13.7,12.3,38.0,0.00,ARMED,,20.8,5,
1791431679456,28.516520,77.381150,39.0,CNG,23.29,24.7,5,1150,65.5,6.60,,90.0,1.56,-2.34,13.5,13.4,38.6,0.35,ARMED,,20.0,4,
1791431680180,28.516520,77.381150,40.0,CNG,32.93,27.1,5,1195,65.5,2.07,,90.0,1.56,-2.34,13.5,16.6,39.9,0.69,ARMED,,20.0,4,
1791431680932,28.516450,77.381225,40.0,CNG,31.71,27.1,5,1194,65.5,5.43,,90.0,1.56,-2.34,13.8,16.6,40.1,0.54,ARMED,,20.0,4,
1791431682664,28.516299,77.381382,41.0,CNG,24.20,27.1,5,1211,69.0,9.27,,90.0,1.56,-1.56,13.8,16.6,40.6,0.54,ARMED,,21.2,4,
1791431683541,28.516216,77.381468,43.0,CNG,22.35,26.3,5,1277,69.0,8.70,,90.0,1.56,-1.56,13.6,15.5,42.7,1.05,ARMED,,21.2,4,
1791431684307,28.516136,77.381552,44.0,CNG,22.23,26.3,5,1305,69.0,8.15,,90.0,1.56,-1.56,13.6,15.5,43.7,1.10,ARMED,,21.2,4,
1791431686092,28.516056,77.381643,45.0,CNG,21.37,26.3,5,1340,42.7,9.08,,90.0,0.78,-1.56,13.7,15.5,44.8,1.16,ARMED,,13.3,4,
1791431686982,28.515972,77.381728,46.0,CNG,24.74,23.5,5,1378,42.7,5.90,,90.0,0.78,-1.56,13.7,11.8,46.3,0.86,ARMED,,13.3,5,
1791431687753,28.515887,77.381817,46.0,CNG,26.18,23.5,5,1380,42.7,6.58,,90.0,0.78,-1.56,13.7,11.8,46.5,0.63,ARMED,,13.3,5,
1791431689509,28.515720,77.382006,47.0,CNG,26.70,23.5,5,1396,45.5,6.99,,90.0,0.00,-2.34,13.7,11.8,46.9,0.58,ARMED,,18.8,5,
1791431690380,28.515720,77.382006,48.0,CNG,25.12,23.5,5,1429,45.5,8.47,,90.0,0.00,-2.34,13.8,11.8,47.9,0.58,ARMED,,18.8,5,
1791431691167,28.515630,77.382096,49.0,CNG,23.87,23.5,5,1443,45.5,8.99,,90.0,0.00,-2.34,13.8,11.8,48.4,0.59,ARMED,,18.8,5,
1791431692989,28.515456,77.382281,49.0,CNG,23.48,23.5,5,1467,51.4,8.73,,90.0,0.78,-1.56,13.8,11.8,49.1,0.64,ARMED,,20.0,5,
1791431693887,28.515365,77.382377,50.0,CNG,24.11,14.9,5,1491,51.4,8.15,,89.0,0.78,-1.56,13.8,0.0,50.0,0.59,ARMED,,20.0,5,
1791431694704,28.515271,77.382474,50.0,CNG,25.14,22.4,5,1498,51.4,7.62,,89.0,0.78,-1.56,13.6,10.2,50.3,0.54,ARMED,,20.0,5,
1791431696624,28.515094,77.382665,50.0,CNG,25.68,22.4,5,1492,44.3,7.70,,89.0,0.00,-2.34,13.7,10.2,50.3,0.23,ARMED,,19.2,5,
1791431697502,28.515000,77.382764,51.0,CNG,28.88,22.4,5,1518,44.3,5.91,,89.0,0.00,-2.34,13.7,10.2,50.9,0.27,ARMED,,19.2,5,
1791431698247,28.515000,77.382764,51.0,CNG,30.68,22.4,5,1526,44.3,6.17,,89.0,0.00,-2.34,13.7,10.2,51.2,0.28,ARMED,,19.2,5,
1791431699990,28.514818,77.382961,52.0,CNG,32.09,22.4,5,1542,36.1,6.18,,89.0,0.00,-2.34,13.8,10.2,51.6,0.35,ARMED,,18.0,5,
1791431700864,28.514725,77.383060,52.0,CNG,32.55,22.4,5,1557,36.1,6.39,,89.0,0.00,-2.34,13.8,10.2,52.2,0.34,ARMED,,18.0,5,
1791431701623,28.514633,77.383158,53.0,CNG,33.02,14.9,5,1563,36.1,6.42,,89.0,0.00,-2.34,13.9,0.0,52.4,0.33,ARMED,,18.0,5,
1791431703397,28.514447,77.383350,52.0,CNG,39.58,14.9,5,1562,22.4,3.77,,88.0,0.00,-1.56,13.9,0.0,52.5,0.27,ARMED,,12.5,5,
1791431704319,28.514447,77.383350,45.0,CNG,55.26,14.9,,750,22.4,1.04,,88.0,0.00,-1.56,13.6,0.0,45.0,0.00,ARMED,,12.5,,
1791431705040,28.514368,77.383435,41.0,CNG,75.69,14.9,,703,22.4,0.74,,88.0,0.00,-1.56,13.6,0.0,41.0,0.00,ARMED,,12.5,,
1791431706813,28.514243,77.383581,37.0,CNG,78.26,14.9,,661,24.3,1.81,,88.0,-11.72,0.00,13.6,0.0,37.0,0.00,ARMED,,12.2,,
1791431707533,28.514194,77.383641,28.0,CNG,102.27,14.9,,683,24.3,0.34,,88.0,-11.72,0.00,13.6,0.0,28.0,0.00,ARMED,,12.2,,
1791431708303,28.514194,77.383641,27.0,CNG,71.01,14.9,,694,24.3,2.52,,88.0,-11.72,0.00,13.6,0.0,27.0,0.00,ARMED,,12.2,,
1791431710074,28.514103,77.383756,27.0,CNG,54.81,14.9,5,763,34.9,2.85,,89.0,-7.03,0.00,13.6,0.0,27.0,0.00,ARMED,,14.5,5,
1791431710849,28.514055,77.383812,27.0,CNG,45.59,14.9,5,789,34.9,3.11,,89.0,-7.03,0.00,13.6,0.0,27.0,0.00,ARMED,,14.5,5,
1791431711618,28.514017,77.383864,23.0,CNG,45.00,14.9,,791,34.9,2.14,,89.0,-7.03,0.00,13.6,0.0,23.0,0.00,ARMED,,14.5,,
1791431713290,28.513990,77.383899,18.0,CNG,37.79,14.9,4,791,34.9,2.64,,89.0,-1.56,-0.78,13.5,0.0,18.0,0.00,ARMED,,14.5,4,
1791431714084,28.513967,77.383927,10.0,CNG,31.44,14.9,2,797,34.9,2.06,,89.0,-1.56,-0.78,13.5,0.0,10.0,0.00,ARMED,,14.5,2,
1791431714850,28.513954,77.383953,8.0,CNG,21.95,14.9,,799,34.9,3.00,,89.0,-1.56,-0.78,13.5,0.0,8.0,0.00,ARMED,,14.5,,
1791431716452,28.513952,77.383974,6.0,CNG,15.77,14.9,1,788,35.3,3.08,,89.0,0.00,-0.78,13.5,0.0,6.0,0.00,ARMED,,11.8,1,
1791431717243,28.513952,77.383974,2.0,CNG,11.32,22.4,,778,35.3,2.37,,89.0,0.00,-0.78,13.9,10.2,2.0,0.00,ARMED,,11.8,,
1791431717982,28.513951,77.383978,2.0,CNG,10.11,14.9,,956,35.3,1.28,,89.0,0.00,-0.78,13.9,0.0,2.0,0.00,ARMED,,11.8,,
1791431719672,28.513949,77.383988,2.0,CNG,11.25,14.9,,801,42.4,0.41,,89.0,0.78,-2.34,13.1,0.0,2.0,0.00,ARMED,,10.6,,
1791431720418,28.513950,77.383995,3.0,CNG,13.62,14.9,,572,42.4,0.53,,89.0,0.78,-2.34,13.1,0.0,3.0,0.00,ARMED,,10.6,,
1791431721220,28.513950,77.383995,3.0,CNG,12.33,14.9,,686,42.4,1.16,,89.0,0.78,-2.34,13.4,0.0,3.0,0.00,ARMED,,10.6,,
1791431722883,28.513954,77.384008,2.0,CNG,,14.9,,708,23.5,1.92,,89.0,5.47,-0.78,13.4,0.0,2.0,0.00,ARMED,,18.0,,
1791431723632,28.513955,77.384017,2.0,CNG,,14.9,,699,23.5,5.37,,89.0,5.47,-0.78,13.2,0.0,2.0,0.00,ARMED,,18.0,,
1791431724408,28.513955,77.384033,4.0,CNG,4.84,14.9,,728,23.5,2.01,,89.0,5.47,-0.78,13.2,0.0,4.0,0.00,ARMED,,18.0,,
1791431726017,28.513956,77.384055,6.0,CNG,6.22,19.2,,616,51.4,3.07,,89.0,-3.91,-3.13,13.1,5.9,6.0,0.00,ARMED,,20.4,,
1791431726767,28.513950,77.384074,9.0,CNG,5.62,24.7,,620,51.4,6.99,,89.0,-3.91,-3.13,13.1,13.4,9.0,0.00,ARMED,,20.4,,
1791431727531,28.513936,77.384100,11.0,CNG,6.30,24.7,2,838,51.4,6.42,,89.0,-3.91,-3.13,13.6,13.4,11.0,0.00,ARMED,,20.4,2,
1791431729374,28.513916,77.384132,14.0,CNG,6.75,23.5,2,1011,60.0,7.95,,89.0,-2.34,-1.56,13.5,11.8,12.8,1.07,ARMED,,19.6,2,
1791431730145,28.513891,77.384168,18.0,CNG,8.41,22.4,2,1306,60.0,6.88,,89.0,-2.34,-1.56,13.5,10.2,17.7,2.33,ARMED,,19.6,2,
1791431730895,28.513864,77.384208,18.0,CNG,7.90,23.5,2,1364,60.0,9.93,,89.0,-2.34,-1.56,13.5,11.8,19.0,2.07,ARMED,,19.6,2,
1791431732583,28.513815,77.384301,20.0,CNG,12.36,14.9,2,1492,48.6,2.34,,89.0,0.00,-0.78,13.7,0.0,20.5,2.03,ARMED,,20.8,2,
1791431733310,28.513815,77.384301,21.0,CNG,12.30,20.4,3,1044,48.6,7.02,,89.0,0.00,-0.78,13.7,7.5,21.0,0.00,ARMED,,20.8,3,
1791431734061,28.513781,77.384349,21.0,CNG,14.84,19.6,3,1097,48.6,4.19,,89.0,0.00,-0.78,13.6,6.4,21.0,0.00,ARMED,,20.8,3,
1791431735734,28.513721,77.384449,22.0,CNG,15.95,25.5,3,1107,62.7,5.07,,89.0,1.56,-1.56,13.6,14.4,21.6,0.36,ARMED,,14.9,2,
1791431736560,28.513690,77.384498,22.0,CNG,21.42,14.9,3,1161,62.7,2.18,,89.0,1.56,-1.56,13.5,0.0,22.0,0.31,ARMED,,14.9,2,
1791431737322,28.513690,77.384498,23.0,CNG,24.79,14.9,3,1147,62.7,2.97,,89.0,1.56,-1.56,13.5,0.0,22.0,0.14,ARMED,,14.9,2,
1791431738986,28.513615,77.384579,22.0,CNG,22.54,14.9,3,1120,25.1,4.53,,89.0,-3.13,-0.78,13.5,0.0,21.6,-0.14,ARMED,,13.7,3,
1791431739761,28.513578,77.384614,18.0,CNG,25.79,14.9,3,987,25.1,2.10,,89.0,-3.13,-0.78,13.5,0.0,19.0,-1.26,ARMED,,13.7,3,
1791431740523,28.513546,77.384643,18.0,CNG,27.03,20.8,3,935,25.1,2.50,,89.0,-3.13,-0.78,13.6,8.0,17.8,-1.40,ARMED,,13.7,3,
1791431742128,28.513508,77.384674,18.0,CNG,19.45,21.6,3,947,68.6,5.50,,89.0,-2.34,-2.34,13.6,9.1,17.4,-1.00,ARMED,,19.2,2,
1791431742897,28.513475,77.384715,20.0,CNG,21.63,20.8,3,1029,68.6,3.18,,89.0,-2.34,-2.34,13.5,8.0,19.0,0.53,ARMED,,19.2,2,
1791431743646,28.513433,77.384754,21.0,CNG,23.57,21.2,3,1073,68.6,3.19,,89.0,-2.34,-2.34,13.5,8.6,20.1,0.88,ARMED,,19.2,2,
1791431745354,28.513389,77.384803,21.0,CNG,23.84,21.2,3,1081,61.2,3.54,,89.0,0.00,-3.13,13.7,8.6,20.6,0.86,ARMED,,15.7,2,
1791431746140,28.513348,77.384843,22.0,CNG,24.78,14.9,3,1152,61.2,3.43,,89.0,0.00,-3.13,13.7,0.0,22.0,0.83,ARMED,,15.7,2,
1791431746910,28.513315,77.384891,20.0,CNG,25.37,14.9,3,985,61.2,3.10,,89.0,0.00,-3.13,13.1,0.0,20.3,-0.54,ARMED,,15.7,2,
1791431748527,28.513290,77.384989,19.0,CNG,28.41,14.9,4,795,36.9,2.20,,89.0,-0.78,-0.78,13.1,0.0,19.0,0.00,ARMED,,14.5,4,
1791431749334,28.513290,77.384989,16.0,CNG,17.03,21.2,,956,36.9,6.72,,89.0,-0.78,-0.78,13.4,8.6,16.0,0.00,ARMED,,14.5,,
1791431750115,28.513303,77.385039,17.0,CNG,15.33,21.2,2,1278,36.9,5.27,,89.0,-0.78,-0.78,13.4,8.6,17.0,0.00,ARMED,,14.5,2,
1791431751763,28.513355,77.385107,18.0,CNG,13.43,21.2,2,1321,37.6,6.48,,89.0,0.78,-2.34,13.6,8.6,17.6,0.35,ARMED,,17.6,2,
1791431752538,28.513392,77.385142,19.0,CNG,15.75,14.9,2,1440,37.6,3.73,,89.0,0.78,-2.34,13.6,0.0,18.9,0.68,ARMED,,17.6,2,
1791431753298,28.513392,77.385142,19.0,CNG,19.44,14.9,3,995,37.6,2.64,,89.0,0.78,-2.34,13.5,0.0,19.0,0.00,ARMED,,17.6,3,
1791431755000,28.513466,77.385205,18.0,CNG,21.90,14.9,3,1031,22.4,2.70,,89.0,2.34,-0.78,13.5,0.0,18.4,-0.36,ARMED,,12.9,3,
1791431755769,28.513491,77.385226,12.0,CNG,21.87,14.9,2,829,22.4,2.25,,89.0,2.34,-0.78,13.5,0.0,12.0,0.00,ARMED,,12.9,2,
1791431756522,28.513502,77.385232,5.0,CNG,17.72,14.9,,828,22.4,2.19,,89.0,2.34,-0.78,13.5,0.0,5.0,0.00,ARMED,,12.9,,
1791431758162,28.513504,77.385231,1.0,CNG,14.29,14.9,,751,23.5,1.24,,89.0,8.59,0.00,13.6,0.0,1.0,0.00,ARMED,,12.5,,
1791431758911,28.513505,77.385230,0.0,CNG,2.95,14.9,0,862,23.5,12.02,,89.0,8.59,0.00,13.6,0.0,0.0,0.00,ARMED,,12.5,1,
1791431759679,28.513510,77.385233,4.0,CNG,3.69,14.9,,918,23.5,2.60,,89.0,8.59,0.00,13.7,0.0,4.0,0.00,ARMED,,12.5,,
1791431761410,28.513526,77.385242,4.0,CNG,4.99,14.9,,953,24.3,1.46,,89.0,0.78,0.00,13.8,0.0,4.0,0.00,ARMED,,20.0,,
1791431762259,28.513526,77.385242,3.0,CNG,7.40,14.9,,1066,24.3,0.00,,89.0,0.78,0.00,13.3,0.0,3.0,0.00,ARMED,,20.0,,
1791431763025,28.513535,77.385248,5.0,CNG,8.14,25.1,,849,24.3,2.23,,89.0,0.78,0.00,13.3,13.9,5.0,0.00,ARMED,,20.0,,
1791431764767,28.513554,77.385261,6.0,CNG,12.46,14.9,1,892,35.3,0.87,,89.0,-12.50,0.00,13.3,0.0,6.0,0.00,ARMED,,14.5,1,
1791431765536,28.513561,77.385267,3.0,CNG,3.77,14.9,,775,35.3,8.85,,89.0,-12.50,0.00,13.3,0.0,3.0,0.00,ARMED,,14.5,,
1791431766329,28.513561,77.385267,3.0,CNG,4.24,14.9,,784,35.3,2.13,,89.0,-12.50,0.00,13.5,0.0,3.0,0.00,ARMED,,14.5,,
1791431767920,28.513574,77.385276,3.0,CNG,3.55,14.9,,797,38.4,4.49,,89.0,-10.94,0.00,13.5,0.0,3.0,0.00,ARMED,,15.3,,
1791431768714,28.513577,77.385276,2.0,CNG,,14.9,,806,38.4,3.41,,89.0,-10.94,0.00,13.7,0.0,2.0,0.00,ARMED,,15.3,,
1791431769492,28.513576,77.385274,1.0,CNG,,26.3,,812,38.4,3.21,,89.0,-10.94,0.00,13.7,15.5,1.0,0.00,ARMED,,15.3,,
1791431771190,28.513576,77.385274,1.0,CNG,,14.9,,973,40.0,5.47,,89.0,0.00,0.00,13.6,0.0,1.0,0.00,ARMED,,13.7,,
1791431771983,28.513576,77.385274,4.0,CNG,,14.9,,974,40.0,2.73,,89.0,0.00,0.00,13.6,0.0,4.0,0.00,ARMED,,13.7,,
1791431772728,28.513577,77.385276,4.0,CNG,4.28,24.7,,816,40.0,2.03,,89.0,0.00,0.00,13.8,13.4,4.0,0.00,ARMED,,13.7,,
1791431774392,28.513578,77.385277,5.0,CNG,8.80,14.9,,904,22.7,0.00,,89.0,-9.38,0.00,13.8,0.0,5.0,0.00,ARMED,,12.5,,
1791431775213,28.513584,77.385294,5.0,CNG,4.53,21.2,1,721,22.7,7.08,,89.0,-9.38,0.00,13.0,8.6,5.0,0.00,ARMED,,12.5,1,
1791431775958,28.513589,77.385314,6.0,CNG,6.53,23.1,1,779,22.7,1.95,,89.0,-9.38,0.00,13.0,11.2,5.6,0.37,ARMED,,12.5,1,
1791431777596,28.513601,77.385368,7.0,CNG,5.27,22.4,1,951,41.2,6.56,,89.0,0.00,-2.34,13.7,10.2,6.6,0.75,ARMED,,15.3,1,
1791431778387,28.513601,77.385368,10.0,CNG,8.53,14.9,1,1227,41.2,2.21,,90.0,0.00,-2.34,13.7,0.0,9.7,1.66,ARMED,,15.3,1,
1791431779126,28.513600,77.385404,8.0,CNG,10.31,14.9,,814,41.2,2.24,,90.0,0.00,-2.34,13.6,0.0,8.0,0.00,ARMED,,15.3,,
1791431780766,28.513592,77.385460,8.0,CNG,14.36,14.9,,728,23.5,0.99,,89.0,-1.56,0.00,13.6,0.0,8.0,0.00,ARMED,,19.2,,
1791431781530,28.513587,77.385484,8.0,CNG,8.92,23.5,,718,23.5,5.70,,89.0,-1.56,0.00,13.4,11.8,8.0,0.00,ARMED,,19.2,,
1791431782294,28.513587,77.385484,10.0,CNG,7.53,22.7,2,744,23.5,6.43,,89.0,-1.56,0.00,13.4,10.7,10.0,0.00,ARMED,,19.2,2,
1791431784028,28.513566,77.385548,12.0,CNG,7.12,22.7,2,889,72.5,7.29,,89.0,-1.56,-1.56,13.5,10.7,11.2,0.70,ARMED,,23.1,2,
1791431784785,28.513546,77.385588,17.0,CNG,7.20,26.7,2,1252,72.5,9.56,,90.0,-1.56,-1.56,13.5,16.1,16.5,2.55,ARMED,,23.1,2,
1791431785605,28.513525,77.385643,20.0,CNG,7.28,27.1,2,1442,72.5,11.12,,90.0,-1.56,-1.56,13.7,16.6,19.2,2.94,ARMED,,23.1,2,
1791431787243,28.513488,77.385694,23.0,CNG,11.35,14.9,2,1655,71.0,3.53,,90.0,0.00,-1.56,13.7,0.0,22.1,3.32,ARMED,,21.6,2,
1791431787974,28.513448,77.385738,24.0,CNG,10.72,27.5,3,1236,71.0,9.75,,90.0,0.00,-1.56,13.7,17.1,24.0,0.00,ARMED,,21.6,2,
1791431788775,28.513410,77.385790,26.0,CNG,10.13,27.5,3,1309,71.0,11.17,,90.0,0.00,-1.56,13.7,17.1,25.3,0.73,ARMED,,21.6,2,
1791431790454,28.513318,77.385898,28.0,CNG,10.86,27.5,3,1424,60.0,9.62,,90.0,-2.34,-1.56,13.6,17.1,27.2,1.51,ARMED,,20.8,2,
1791431791199,28.513318,77.385898,32.0,CNG,16.72,14.9,3,1604,60.0,2.89,,90.0,-2.34,-1.56,13.6,0.0,31.7,2.46,ARMED,,20.8,3,
1791431791945,28.513264,77.385960,31.0,CNG,14.38,26.7,5,1026,60.0,10.47,,90.0,-2.34,-1.56,13.8,16.1,31.0,0.00,ARMED,,20.8,4,
1791431793771,28.513148,77.386087,32.0,CNG,14.88,26.7,4,1242,65.1,8.37,,90.0,0.00,-1.56,13.5,16.1,32.0,0.00,ARMED,,20.8,3,
1791431794584,28.513076,77.386157,35.0,CNG,15.90,25.5,4,1359,65.1,8.20,,90.0,0.00,-1.56,13.8,14.4,34.7,1.20,ARMED,,20.8,3,
1791431795309,28.513076,77.386157,36.0,CNG,16.96,25.9,4,1407,65.1,7.90,,90.0,0.00,-1.56,13.8,15.0,35.8,1.34,ARMED,,20.8,3,
1791431796861,28.512951,77.386307,38.0,CNG,15.60,25.9,4,1456,23.9,11.02,,90.0,0.00,0.00,13.3,15.0,37.1,1.52,ARMED,,13.3,4,
1791431797632,28.512881,77.386374,38.0,CNG,18.04,23.5,,786,23.9,6.73,,90.0,0.00,0.00,13.3,11.8,38.0,0.00,ARMED,,13.3,,
1791431798457,28.512811,77.386447,38.0,CNG,19.72,23.5,5,1132,23.9,6.82,,90.0,0.00,0.00,13.6,11.8,38.0,0.00,ARMED,,13.3,5,
1791431800037,28.512744,77.386525,39.0,CNG,20.93,23.5,5,1161,64.3,6.95,,90.0,0.00,-1.56,13.6,11.8,38.6,0.36,ARMED,,20.4,4,
1791431800836,28.512667,77.386599,40.0,CNG,20.80,23.5,5,1189,64.3,7.93,,90.0,0.00,-1.56,13.2,11.8,39.9,0.70,ARMED,,20.4,4,
1791431801605,28.512589,77.386673,41.0,CNG,20.70,23.5,5,1218,64.3,8.15,,90.0,0.00,-1.56,13.2,11.8,40.8,0.89,ARMED,,20.4,4,
1791431803412,28.512424,77.386830,42.0,CNG,21.30,23.5,5,1235,62.7,7.73,,90.0,0.78,-1.56,13.6,11.8,41.6,0.89,ARMED,,20.4,4,
1791431804340,28.512424,77.386830,43.0,CNG,21.41,23.5,5,1281,62.7,8.15,,90.0,0.78,-1.56,13.6,11.8,43.1,0.87,ARMED,,20.4,4,
1791431805114,28.512344,77.386910,44.0,CNG,21.56,23.5,5,1301,62.7,8.26,,90.0,0.78,-1.56,13.7,11.8,43.8,0.87,ARMED,,20.4,4,
1791431806891,28.512182,77.387073,45.0,CNG,22.55,23.1,5,1322,48.6,7.62,,91.0,0.78,-1.56,13.7,11.2,44.5,0.86,ARMED,,18.4,5,
1791431807807,28.512094,77.387159,45.0,CNG,28.53,15.3,5,1357,48.6,3.97,,91.0,0.78,-1.56,13.8,0.5,45.7,0.68,ARMED,,18.4,5,
1791431808525,28.512007,77.387247,45.0,CNG,36.64,26.7,5,1347,48.6,2.92,,90.0,0.78,-1.56,13.8,16.1,45.6,0.35,ARMED,,18.4,4,
1791431810250,28.511913,77.387329,46.0,CNG,28.33,26.3,5,1354,55.7,8.82,,90.0,0.78,-1.56,13.7,15.5,45.7,0.28,ARMED,,19.6,4,
1791431811125,28.511830,77.387418,47.0,CNG,26.22,23.9,5,1407,55.7,8.11,,90.0,0.78,-1.56,13.7,12.3,47.2,0.74,ARMED,,19.6,5,
1791431811896,28.511742,77.387503,48.0,CNG,27.32,23.5,5,1423,55.7,6.75,,90.0,0.78,-1.56,13.7,11.8,47.8,0.76,ARMED,,19.6,5,
1791431813680,28.511558,77.387679,48.0,CNG,29.00,22.0,5,1443,35.7,6.16,,90.0,1.56,-3.13,13.7,9.6,48.5,0.76,ARMED,,17.6,5,
1791431814558,28.511460,77.387757,49.0,CNG,32.93,22.0,5,1456,35.7,4.89,,90.0,1.56,-3.13,13.7,9.6,49.0,0.39,ARMED,,17.6,5,
1791431815281,28.511460,77.387757,49.0,CNG,32.63,22.0,5,1456,35.7,6.22,,90.0,1.56,-3.13,13.7,9.6,49.1,0.33,ARMED,,17.6,5,
1791431817097,28.511268,77.387921,49.0,CNG,34.15,22.0,5,1460,35.7,5.46,,90.0,-0.78,-3.13,13.8,9.6,49.2,0.27,ARMED,,17.6,5,
1791431817930,28.511173,77.388007,50.0,CNG,35.11,22.0,5,1480,35.7,5.58,,90.0,-0.78,-3.13,13.8,9.6,49.7,0.30,ARMED,,17.6,5,
1791431818685,28.511078,77.388089,50.0,CNG,37.29,20.8,5,1480,35.7,4.98,,90.0,-0.78,-3.13,13.7,8.0,49.8,0.26,ARMED,,17.6,5,
1791431820446,28.510878,77.388275,50.0,CNG,38.01,20.4,5,1487,32.9,5.22,,90.0,-0.78,-3.13,13.7,7.5,50.0,0.24,ARMED,,17.3,5,
1791431821345,28.510878,77.388275,50.0,CNG,39.17,14.9,5,1473,32.9,4.98,,90.0,-0.78,-3.13,13.6,0.0,49.7,-0.10,ARMED,,17.3,5,
1791431822117,28.510784,77.388363,49.0,CNG,37.27,20.8,5,1478,32.9,5.77,,89.0,-0.78,-3.13,13.6,8.0,49.7,-0.09,ARMED,,17.3,5,
1791431823936,28.510595,77.388531,49.0,CNG,35.57,20.4,5,1475,32.5,6.02,,89.0,0.00,-3.13,13.7,7.5,49.6,-0.09,ARMED,,17.3,5,
1791431824778,28.510500,77.388615,49.0,CNG,36.06,20.4,5,1454,32.5,5.44,,89.0,0.00,-3.13,13.7,7.5,49.0,-0.30,ARMED,,17.3,5,
1791431825540,28.510411,77.388703,49.0,CNG,41.43,20.4,5,1455,32.5,3.75,,89.0,0.00,-3.13,13.8,7.5,48.8,-0.27,ARMED,,17.3,5,
1791431827436,28.510227,77.388885,49.0,CNG,46.91,20.0,5,1458,22.7,3.42,,89.0,1.56,-3.91,13.7,7.0,48.9,-0.11,ARMED,,15.7,5,
1791431828302,28.510227,77.388885,48.0,CNG,47.14,20.4,5,1441,22.7,4.13,,89.0,1.56,-3.91,13.7,7.5,48.4,-0.17,ARMED,,15.7,5,
1791431829043,28.510130,77.388976,48.0,CNG,47.46,20.4,5,1432,22.7,4.09,,88.0,1.56,-3.91,13.7,7.5,48.2,-0.21,ARMED,,15.7,5,
1791431830778,28.509947,77.389123,48.0,CNG,47.21,20.4,5,1428,25.5,4.19,,88.0,1.56,-3.91,13.7,7.5,48.0,-0.21,ARMED,,16.1,5,
1791431831696,28.509859,77.389206,48.0,CNG,50.64,20.4,5,1416,25.5,3.45,,88.0,1.56,-3.91,13.7,7.5,47.6,-0.21,ARMED,,16.1,5,
1791431832500,28.509770,77.389287,48.0,CNG,53.94,19.6,5,1417,25.5,3.28,,88.0,1.56,-3.91,13.7,6.4,47.6,-0.17,ARMED,,16.1,5,
1791431834254,28.509673,77.389376,48.0,CNG,58.83,17.3,5,1415,23.5,2.88,,88.0,0.00,0.00,13.7,3.2,47.6,-0.13,ARMED,,12.9,5,
1791431835144,28.509588,77.389460,46.0,CNG,77.13,14.9,,834,23.5,1.25,,88.0,0.00,0.00,13.3,0.0,46.0,0.00,ARMED,,12.9,,
1791431835941,28.509501,77.389542,44.0,CNG,81.15,14.9,,715,23.5,2.03,,87.0,0.00,0.00,13.3,0.0,44.0,0.00,ARMED,,12.9,,
1791431837676,28.509346,77.389702,41.0,CNG,94.76,14.9,,715,22.7,1.27,,87.0,-2.34,0.00,13.5,0.0,41.0,0.00,ARMED,,12.5,,
1791431838583,28.509279,77.389772,36.0,CNG,74.21,14.9,,724,22.7,2.77,,87.0,-2.34,0.00,13.5,0.0,36.0,0.00,ARMED,,12.5,,
1791431839408,28.509279,77.389772,32.0,CNG,61.43,14.9,,770,22.7,2.83,,87.0,-2.34,0.00,13.6,0.0,32.0,0.00,ARMED,,12.5,,
1791431841074,28.509177,77.389879,27.0,CNG,57.05,14.9,5,780,34.9,2.22,,87.0,-1.56,-1.56,13.6,0.0,27.0,0.00,ARMED,,14.5,5,
1791431841897,28.509141,77.389919,20.0,CNG,43.76,14.9,4,791,34.9,2.95,,87.0,-1.56,-1.56,13.5,0.0,20.0,0.00,ARMED,,14.5,4,
1791431842614,28.509093,77.389960,21.0,CNG,42.40,14.9,4,791,34.9,2.15,,88.0,-1.56,-1.56,13.5,0.0,20.6,0.36,ARMED,,14.5,4,
1791431844245,28.509063,77.389996,21.0,CNG,38.12,25.5,4,791,63.5,2.66,,88.0,7.81,-1.56,13.6,14.4,21.0,0.38,ARMED,,21.2,3,
1791431845007,28.509024,77.390038,22.0,CNG,16.73,25.1,2,1610,63.5,10.20,,88.0,7.81,-1.56,13.6,13.9,22.0,0.00,ARMED,,21.2,2,
1791431845756,28.508980,77.390081,24.0,CNG,13.54,23.5,2,1729,63.5,9.22,,88.0,7.81,-1.56,13.7,11.8,23.2,0.70,ARMED,,21.2,2,
1791431847380,28.508930,77.390141,25.0,CNG,13.74,23.5,2,1819,36.1,7.29,,88.0,-1.56,-3.13,13.7,11.8,24.5,1.15,ARMED,,19.2,2,
1791431848165,28.508892,77.390200,27.0,CNG,13.64,23.5,2,1968,36.1,8.17,,88.0,-1.56,-3.13,13.5,11.8,26.9,1.40,ARMED,,19.2,2,
1791431848919,28.508852,77.390262,28.0,CNG,14.63,23.1,2,2082,36.1,7.05,,88.0,-1.56,-3.13,13.5,11.2,28.3,1.58,ARMED,,19.2,2,
1791431850597,28.508762,77.390382,29.0,CNG,15.73,23.1,2,2087,27.5,6.77,,88.0,0.00,-3.13,13.5,11.2,29.0,1.24,ARMED,,18.8,2,
1791431851327,28.508762,77.390382,30.0,CNG,15.11,16.9,2,2254,27.5,8.55,,88.0,0.00,-3.13,13.5,2.7,30.8,1.19,ARMED,,18.8,3,
1791431852136,28.508720,77.390450,31.0,CNG,18.74,14.9,,2043,27.5,4.53,,88.0,0.00,-3.13,13.6,0.0,31.0,0.00,ARMED,,18.8,,
1791431853812,28.508636,77.390591,30.0,CNG,19.30,22.4,4,1270,34.9,6.07,,88.0,1.56,-3.13,13.6,10.2,30.0,0.00,ARMED,,18.4,4,
1791431854608,28.508593,77.390668,32.0,CNG,20.25,22.0,3,1623,34.9,6.02,,88.0,1.56,-3.13,13.6,9.6,32.0,0.00,ARMED,,18.4,3,
1791431855394,28.508593,77.390668,32.0,CNG,20.84,14.9,3,1661,34.9,6.01,,88.0,1.56,-3.13,13.6,0.0,32.0,0.00,ARMED,,18.4,3,
1791431856990,28.508506,77.390819,33.0,CNG,25.02,20.4,3,1673,22.0,3.86,,88.0,0.00,-3.91,13.6,7.5,32.6,0.35,ARMED,,15.7,3,
1791431857726,28.508459,77.390894,33.0,CNG,30.24,18.8,3,1664,22.0,3.11,,88.0,0.00,-3.91,13.6,5.4,33.0,0.32,ARMED,,15.7,3,
1791431858484,28.508416,77.390968,32.0,CNG,32.15,18.0,3,1679,22.0,3.68,,88.0,0.00,-3.91,13.7,4.3,33.2,0.31,ARMED,,15.7,3,
1791431860247,28.508373,77.391043,32.0,CNG,35.25,18.0,3,1610,20.0,3.17,,88.0,-0.78,-3.91,13.7,4.3,32.5,-0.27,ARMED,,16.1,3,
1791431861050,28.508331,77.391116,31.0,CNG,29.89,22.4,3,1571,20.0,5.24,,88.0,-0.78,-3.91,13.6,10.2,31.2,-0.63,ARMED,,16.1,3,
1791431861823,28.508284,77.391194,31.0,CNG,22.04,22.7,3,1587,20.0,8.06,,88.0,-0.78,-3.91,13.6,10.7,31.2,-0.37,ARMED,,16.1,3,
1791431863514,28.508190,77.391343,32.0,CNG,19.41,22.4,3,1646,41.6,7.92,,88.0,-0.78,-2.34,13.7,10.2,31.9,0.21,ARMED,,19.6,3,
1791431864329,28.508190,77.391343,34.0,CNG,18.96,22.0,3,1701,41.6,7.57,,89.0,-0.78,-2.34,13.7,9.6,33.5,0.78,ARMED,,19.6,3,
1791431865137,28.508137,77.391412,34.0,CNG,20.91,20.4,3,1748,41.6,5.66,,89.0,-0.78,-2.34,13.8,7.5,34.4,0.93,ARMED,,19.6,3,
1791431866827,28.508026,77.391560,34.0,CNG,25.69,17.6,3,1758,20.4,3.60,,89.0,-1.56,0.00,13.8,3.7,34.9,0.77,ARMED,,15.3,3,
1791431867592,28.507973,77.391630,33.0,CNG,23.82,21.6,4,1194,20.4,6.29,,89.0,-1.56,0.00,13.8,9.1,33.0,0.00,ARMED,,15.3,4,
1791431868352,28.507973,77.391630,33.0,CNG,25.26,21.2,4,1283,20.4,4.85,,89.0,-1.56,0.00,13.8,8.6,33.0,0.00,ARMED,,15.3,4,
1791431869997,28.507872,77.391768,33.0,CNG,32.49,22.7,4,1275,45.9,2.36,,89.0,2.34,-3.13,13.7,10.7,33.0,0.00,ARMED,,18.4,4,
1791431870749,28.507817,77.391838,34.0,CNG,28.57,22.4,4,1307,45.9,5.72,,89.0,2.34,-3.13,13.7,10.2,33.9,0.41,ARMED,,18.4,4,
1791431871534,28.507756,77.391904,34.0,CNG,25.78,22.4,4,1337,45.9,6.17,,89.0,2.34,-3.13,13.7,10.2,34.5,0.62,ARMED,,18.4,4,
1791431873162,28.507703,77.391979,35.0,CNG,24.77,22.4,4,1364,39.2,6.10,,90.0,0.00,-3.13,13.7,10.2,35.3,0.77,ARMED,,18.0,4,
1791431873951,28.507641,77.392056,36.0,CNG,25.10,18.0,4,1411,39.2,5.75,,90.0,0.00,-3.13,13.8,4.3,36.6,0.77,ARMED,,18.0,4,
1791431874702,28.507583,77.392140,37.0,CNG,25.37,25.9,4,1417,39.2,5.87,,89.0,0.00,-3.13,13.8,15.0,36.9,0.62,ARMED,,18.0,4,
1791431876386,28.507532,77.392227,36.0,CNG,21.15,26.3,4,1442,49.0,8.68,,89.0,1.56,-2.34,13.7,15.5,37.3,0.61,ARMED,,16.1,3,
1791431877167,28.507480,77.392318,39.0,CNG,23.05,22.4,4,1503,49.0,6.06,,90.0,1.56,-2.34,13.7,10.2,38.8,0.82,ARMED,,16.1,4,
1791431877942,28.507433,77.392414,39.0,CNG,27.71,17.6,4,1514,49.0,4.09,,90.0,1.56,-2.34,13.7,3.7,39.3,0.77,ARMED,,16.1,4,
1791431879654,28.507345,77.392602,39.0,CNG,28.09,14.9,4,1524,45.1,5.56,,90.0,0.00,-1.56,13.7,0.0,39.6,0.59,ARMED,,21.2,4,
1791431880407,28.507302,77.392697,39.0,CNG,25.54,14.9,5,1163,45.1,7.08,,90.0,0.00,-1.56,13.4,0.0,39.0,0.00,ARMED,,21.2,5,
1791431881153,28.507302,77.392697,39.0,CNG,25.18,20.4,5,1161,45.1,6.46,,90.0,0.00,-1.56,13.4,7.5,39.0,0.00,ARMED,,21.2,5,
1791431882793,28.507212,77.392885,39.0,CNG,30.36,19.6,5,1161,36.1,3.64,,90.0,-1.56,-3.91,13.6,6.4,39.0,0.00,ARMED,,16.5,5,
1791431883567,28.507168,77.392984,39.0,CNG,31.74,20.0,5,1153,36.1,4.68,,90.0,-1.56,-3.91,13.6,7.0,39.0,0.00,ARMED,,16.5,5,
1791431884364,28.507168,77.392984,39.0,CNG,31.72,20.4,5,1156,36.1,5.03,,90.0,-1.56,-3.91,13.6,7.5,39.1,0.02,ARMED,,16.5,5,
1791431886039,28.507082,77.393180,39.0,CNG,36.24,21.2,5,1149,38.0,3.46,,90.0,-1.56,-3.91,13.6,8.6,38.9,-0.02,ARMED,,16.5,5,
1791431886808,28.507039,77.393268,39.0,CNG,33.86,21.6,5,1172,38.0,5.17,,90.0,-1.56,-3.91,13.6,9.1,39.5,0.26,ARMED,,16.5,5,
1791431887542,28.506990,77.393369,39.0,CNG,33.51,22.0,5,1175,38.0,4.83,,90.0,-1.56,-3.91,13.6,9.6,39.6,0.25,ARMED,,16.5,5,
1791431889225,28.506944,77.393469,40.0,CNG,31.24,22.0,5,1177,44.7,5.75,,90.0,-0.78,-3.13,13.8,9.6,39.8,0.23,ARMED,,17.6,5,
1791431890012,28.506897,77.393575,41.0,CNG,30.97,22.0,5,1205,44.7,5.48,,90.0,-0.78,-3.13,13.8,9.6,40.6,0.45,ARMED,,17.6,5,
1791431890890,28.506844,77.393679,41.0,CNG,30.33,22.0,5,1222,44.7,5.69,,90.0,-0.78,-3.13,13.7,9.6,41.2,0.50,ARMED,,17.6,5,
1791431892731,28.506754,77.393883,42.0,CNG,32.62,14.9,5,1231,35.7,4.69,,89.0,-3.91,-3.91,13.7,0.0,41.6,0.50,ARMED,,16.5,5,
1791431893617,28.506706,77.393994,42.0,CNG,39.69,20.0,5,1234,35.7,2.95,,89.0,-3.91,-3.91,13.7,7.0,41.8,0.17,ARMED,,16.5,5,
1791431894384,28.506662,77.394101,42.0,CNG,38.42,21.6,5,1250,35.7,4.68,,89.0,-3.91,-3.91,13.7,9.1,42.1,0.23,ARMED,,16.5,5,
1791431896217,28.506614,77.394205,42.0,CNG,32.24,14.9,5,1241,32.2,6.60,,89.0,-3.13,-3.91,13.6,0.0,42.1,0.16,ARMED,,16.1,5,
1791431897109,28.506562,77.394304,42.0,CNG,37.74,20.4,5,1248,32.2,3.39,,89.0,-3.13,-3.91,13.6,7.5,42.2,0.12,ARMED,,16.1,5,
1791431897908,28.506511,77.394405,42.0,CNG,36.17,21.2,5,1253,32.2,5.04,,89.0,-3.13,-3.91,13.6,8.6,42.3,0.12,ARMED,,16.1,5,
1791431899676,28.506416,77.394614,42.0,CNG,32.86,21.6,5,1263,48.2,5.94,,89.0,-1.56,-3.13,13.6,9.1,42.5,0.16,ARMED,,18.4,5,
1791431900697,28.506364,77.394718,43.0,CNG,29.97,21.6,5,1275,48.2,6.62,,89.0,-1.56,-3.13,13.6,9.1,43.0,0.19,ARMED,,18.4,5,
1791431901532,28.506315,77.394825,43.0,CNG,30.54,21.6,5,1272,48.2,5.59,,89.0,-1.56,-3.13,13.6,9.1,43.0,0.15,ARMED,,18.4,5,
1791431903288,28.506263,77.394932,43.0,CNG,29.44,21.6,5,1285,36.9,6.29,,89.0,0.00,-3.13,13.6,9.1,43.3,0.19,ARMED,,16.1,5,
1791431904135,28.506211,77.395042,43.0,CNG,34.17,20.8,5,1296,36.9,3.91,,88.0,0.00,-3.13,13.6,8.0,43.6,0.19,ARMED,,16.1,5,
1791431904925,28.506157,77.395152,43.0,CNG,38.43,20.4,5,1303,36.9,3.72,,88.0,0.00,-3.13,13.7,7.5,43.8,0.20,ARMED,,16.1,5,
1791431906745,28.506054,77.395364,44.0,CNG,43.36,20.4,5,1291,22.7,3.37,,88.0,0.00,-3.91,13.7,7.5,43.6,-0.01,ARMED,,14.5,5,
1791431907596,28.506001,77.395471,43.0,CNG,56.83,14.9,,1113,22.7,1.64,,88.0,0.00,-3.91,13.4,0.0,43.0,0.00,ARMED,,14.5,,
1791431908350,28.505949,77.395575,42.0,CNG,69.06,14.9,,808,22.7,1.66,,88.0,0.00,-3.91,13.4,0.0,42.0,0.00,ARMED,,14.5,,
1791431910182,28.505903,77.395673,40.0,CNG,86.59,14.9,,715,22.7,1.12,,88.0,-0.78,-1.56,13.7,0.0,40.0,0.00,ARMED,,12.5,,
1791431910927,28.505867,77.395751,32.0,CNG,101.38,14.9,,718,22.7,0.86,,88.0,-0.78,-1.56,13.7,0.0,32.0,0.00,ARMED,,12.5,,
1791431911674,28.505828,77.395815,27.0,CNG,78.71,14.9,,711,22.7,2.06,,88.0,-0.78,-1.56,13.7,0.0,27.0,0.00,ARMED,,12.5,,
1791431913322,28.505805,77.395869,22.0,CNG,62.56,14.9,5,730,21.6,2.11,,88.0,-1.56,-1.56,13.7,0.0,22.0,0.00,ARMED,,12.5,5,
1791431914116,28.505787,77.395911,13.0,CNG,57.98,14.9,3,741,21.6,1.14,,88.0,-1.56,-1.56,13.6,0.0,13.0,0.00,ARMED,,12.5,3,
1791431914891,28.505774,77.395939,9.0,CNG,39.73,14.9,2,735,21.6,2.02,,88.0,-1.56,-1.56,13.6,0.0,9.0,0.00,ARMED,,12.5,2,
1791431916587,28.505765,77.395962,5.0,CNG,28.10,14.9,1,730,33.7,1.82,,88.0,0.78,-2.34,13.2,0.0,5.0,0.00,ARMED,,14.1,1,
1791431917349,28.505765,77.395962,0.0,CNG,14.96,14.9,0,775,33.7,2.35,,88.0,0.78,-2.34,13.2,0.0,0.0,0.00,ARMED,,14.1,1,
1791431918153,28.505765,77.395964,0.0,CNG,7.16,14.9,0,784,33.7,3.29,,88.0,0.78,-2.34,13.5,0.0,0.0,0.00,ARMED,,14.1,1,
1791431919728,28.505767,77.395968,0.0,CNG,,14.9,0,793,41.6,3.68,,88.0,1.56,-3.13,13.5,0.0,0.0,0.00,ARMED,,22.4,1,
1791431920569,28.505768,77.395970,0.0,CNG,,14.9,0,1733,41.6,14.64,,88.0,1.56,-3.13,13.5,0.0,0.0,0.00,ARMED,,22.4,1,
1791431921326,28.505768,77.395970,5.0,CNG,,23.1,,860,41.6,5.67,,88.0,1.56,-3.13,13.5,11.2,5.0,0.00,ARMED,,22.4,,
1791431923026,28.505762,77.395991,7.0,CNG,2.82,23.5,1,936,57.6,6.26,,88.0,-3.91,-2.34,13.6,11.8,7.0,0.00,ARMED,,21.6,1,
1791431923803,28.505748,77.396024,13.0,CNG,5.23,14.9,1,1802,57.6,5.58,,88.0,-3.91,-2.34,13.6,0.0,12.2,2.45,ARMED,,21.6,1,
1791431924593,28.505738,77.396054,13.0,CNG,7.93,23.5,2,1070,57.6,3.54,,88.0,-3.91,-2.34,13.5,11.8,13.0,0.00,ARMED,,21.6,2,
1791431926395,28.505724,77.396088,13.0,CNG,6.79,23.9,,1370,58.4,9.11,,88.0,-0.78,-2.34,13.4,12.3,13.0,0.00,ARMED,,16.5,,
1791431927182,28.505705,77.396129,17.0,CNG,9.45,25.5,2,1239,58.4,4.51,,88.0,-0.78,-2.34,13.7,14.4,17.0,0.00,ARMED,,16.5,2,
1791431927894,28.505686,77.396173,18.0,CNG,10.13,23.1,2,1306,58.4,6.68,,88.0,-0.78,-2.34,13.7,11.2,17.6,0.35,ARMED,,16.5,2,
1791431929554,28.505650,77.396275,19.0,CNG,11.96,20.8,2,1395,27.1,5.07,,88.0,-3.91,-3.91,13.7,8.0,18.5,0.75,ARMED,,16.5,2,
1791431930316,28.505650,77.396275,20.0,CNG,13.50,21.2,2,1498,27.1,5.08,,89.0,-3.91,-3.91,13.7,8.6,20.0,0.79,ARMED,,16.5,2,
1791431931098,28.505632,77.396327,21.0,CNG,12.78,24.3,2,1553,27.1,7.18,,89.0,-3.91,-3.91,13.5,12.8,20.7,0.82,ARMED,,16.5,2,
1791431932729,28.505586,77.396439,22.0,CNG,12.36,14.9,2,1630,31.8,7.59,,88.0,0.00,0.00,13.5,0.0,21.6,0.99,ARMED,,20.8,2,
1791431933494,28.505561,77.396497,23.0,CNG,12.54,23.5,3,1164,31.8,7.35,,88.0,0.00,0.00,13.7,11.8,23.0,0.00,ARMED,,20.8,3,
1791431934245,28.505561,77.396497,24.0,CNG,16.54,14.9,3,1237,31.8,3.40,,88.0,0.00,0.00,13.7,0.0,23.6,0.36,ARMED,,20.8,3,
1791431935921,28.505507,77.396616,24.0,CNG,16.20,20.4,3,1235,21.2,6.23,,88.0,-5.47,-3.91,13.7,7.5,24.0,0.38,ARMED,,17.3,3,
1791431936681,28.505480,77.396679,25.0,CNG,16.16,22.7,3,1268,21.2,6.34,,88.0,-5.47,-3.91,13.7,10.7,24.9,0.55,ARMED,,17.3,3,
1791431937457,28.505449,77.396738,26.0,CNG,15.30,14.9,3,1320,21.2,7.46,,88.0,-5.47,-3.91,13.7,0.0,25.8,0.78,ARMED,,17.3,3,
1791431939113,28.505420,77.396813,26.0,CNG,16.70,20.4,3,1343,39.2,5.53,,89.0,-0.78,-3.13,13.7,7.5,26.4,0.80,ARMED,,18.8,3,
1791431939928,28.505395,77.396886,26.0,CNG,14.44,24.3,3,1340,39.2,8.81,,89.0,-0.78,-3.13,13.5,12.8,26.5,0.21,ARMED,,18.8,3,
1791431940687,28.505361,77.396952,27.0,CNG,14.25,23.1,3,1398,39.2,7.89,,89.0,-0.78,-3.13,13.5,11.2,27.2,0.49,ARMED,,18.8,3,
1791431942316,28.505332,77.397022,28.0,CNG,13.88,23.1,3,1447,51.0,8.55,,89.0,0.00,-2.34,13.7,11.2,28.0,0.80,ARMED,,13.7,3,
1791431943070,28.505303,77.397101,30.0,CNG,19.65,24.7,4,1083,51.0,2.75,,89.0,0.00,-2.34,13.7,13.4,30.0,0.00,ARMED,,13.7,4,
1791431943861,28.505271,77.397178,30.0,CNG,16.42,22.4,4,1169,51.0,9.19,,89.0,0.00,-2.34,13.7,10.2,30.0,0.00,ARMED,,13.7,4,
1791431945531,28.505215,77.397334,31.0,CNG,19.47,23.9,4,1189,56.1,4.82,,89.0,0.00,-2.34,13.7,12.3,30.6,0.37,ARMED,,19.2,4,
1791431946281,28.505215,77.397334,32.0,CNG,19.59,22.7,4,1216,56.1,6.62,,89.0,0.00,-2.34,13.6,10.7,31.9,0.68,ARMED,,19.2,4,
1791431947054,28.505185,77.397417,32.0,CNG,20.18,22.0,4,1248,56.1,6.20,,89.0,0.00,-2.34,13.6,9.6,32.7,0.74,ARMED,,19.2,4,
1791431948726,28.505118,77.397592,33.0,CNG,21.88,21.6,4,1267,38.4,5.43,,89.0,-0.78,-3.13,13.8,9.1,33.2,0.75,ARMED,,17.3,4,
1791431949461,28.505086,77.397680,34.0,CNG,21.75,23.5,4,1314,38.4,6.44,,90.0,-0.78,-3.13,13.8,11.8,34.4,0.74,ARMED,,17.3,4,
1791431950266,28.505086,77.397680,35.0,CNG,21.91,22.7,4,1333,38.4,6.46,,90.0,-0.78,-3.13,13.6,10.7,34.9,0.72,ARMED,,17.3,4,
1791431951993,28.505030,77.397859,35.0,CNG,23.69,21.6,4,1373,32.5,5.33,,90.0,1.56,-3.91,13.6,9.1,35.8,0.79,ARMED,,16.9,4,
1791431952765,28.504993,77.397960,37.0,CNG,26.17,21.2,4,1425,32.5,4.94,,90.0,1.56,-3.91,13.7,8.6,37.2,0.81,ARMED,,16.9,4,
1791431953484,28.504965,77.398058,37.0,CNG,28.79,21.2,4,1432,32.5,4.50,,90.0,1.56,-3.91,13.7,8.6,37.5,0.66,ARMED,,16.9,4,
1791431955114,28.504925,77.398157,37.0,CNG,30.00,20.8,4,1447,34.1,4.73,,90.0,-0.78,-3.91,13.5,8.0,37.8,0.61,ARMED,,17.3,4,
1791431955892,28.504885,77.398254,38.0,CNG,35.08,20.0,4,1461,34.1,3.35,,90.0,-0.78,-3.91,13.5,7.0,38.2,0.30,ARMED,,17.3,4,
1791431956688,28.504848,77.398347,38.0,CNG,34.82,20.0,4,1485,34.1,4.51,,90.0,-0.78,-3.91,13.7,7.0,38.6,0.35,ARMED,,17.3,4,
1791431958455,28.504780,77.398546,37.0,CNG,33.13,20.0,4,1452,31.8,4.90,,90.0,-0.78,-3.91,13.6,7.0,38.2,-0.03,ARMED,,17.3,4,
1791431959257,28.504780,77.398546,37.0,CNG,33.94,19.2,4,1454,31.8,4.29,,90.0,-0.78,-3.91,13.7,5.9,37.8,-0.19,ARMED,,17.3,4,
1791431959978,28.504749,77.398640,38.0,CNG,39.70,15.3,4,1452,31.8,2.94,,89.0,-0.78,-3.91,13.7,0.5,37.7,-0.18,ARMED,,17.3,4,
1791431961674,28.504688,77.398819,37.0,CNG,43.40,14.9,4,1426,23.9,2.99,,89.0,0.00,-3.13,13.7,0.0,37.2,-0.36,ARMED,,14.1,4,
1791431962415,28.504655,77.398900,31.0,CNG,44.71,14.9,,1048,23.9,2.68,,89.0,0.00,-3.13,13.7,0.0,31.0,0.00,ARMED,,14.1,,
1791431963221,28.504655,77.398900,28.0,CNG,45.45,14.9,5,906,23.9,2.44,,89.0,0.00,-3.13,13.7,0.0,28.0,0.00,ARMED,,14.1,5,
1791431964854,28.504594,77.399035,28.0,CNG,47.02,14.9,5,845,22.0,2.29,,89.0,2.34,-3.13,13.7,0.0,28.0,0.00,ARMED,,12.5,5,
1791431965624,28.504562,77.399105,25.0,CNG,47.50,14.9,5,726,22.0,2.11,,89.0,2.34,-3.13,13.5,0.0,25.4,-1.23,ARMED,,12.5,5,
1791431966366,28.504562,77.399105,23.0,CNG,51.33,14.9,,665,22.0,1.56,,89.0,2.34,-3.13,13.5,0.0,23.0,0.00,ARMED,,12.5,,
1791431968074,28.504527,77.399228,21.0,CNG,48.61,14.9,,680,25.1,1.94,,89.0,-10.94,-3.13,13.8,0.0,21.0,0.00,ARMED,,12.2,,
1791431968828,28.504534,77.399275,19.0,CNG,19.10,28.2,4,721,25.1,8.76,,89.0,-10.94,-3.13,13.8,18.2,19.0,0.00,ARMED,,12.2,3,
1791431969588,28.504562,77.399313,19.0,CNG,11.67,27.5,,1820,25.1,11.16,,89.0,-10.94,-3.13,13.7,17.1,19.0,0.00,ARMED,,12.2,,
1791431971259,28.504604,77.399350,21.0,CNG,10.19,27.1,2,1559,47.5,10.01,,90.0,-0.78,-1.56,13.7,16.6,21.0,0.00,ARMED,,18.8,2,
1791431972049,28.504655,77.399386,25.0,CNG,14.74,20.0,2,1664,47.5,3.05,,90.0,-0.78,-1.56,13.7,7.0,24.5,1.64,ARMED,,18.8,2,
1791431972811,28.504709,77.399417,25.0,CNG,13.71,25.1,3,1319,47.5,8.16,,89.0,-0.78,-1.56,13.7,13.9,25.0,0.00,ARMED,,18.8,3,
1791431974434,28.504828,77.399475,27.0,CNG,12.60,25.1,3,1363,55.7,9.69,,89.0,-0.78,-1.56,13.6,13.9,26.2,0.70,ARMED,,20.0,3,
1791431975159,28.504828,77.399475,29.0,CNG,12.86,23.5,3,1508,55.7,8.96,,89.0,-0.78,-1.56,13.6,11.8,28.8,1.39,ARMED,,20.0,3,
1791431975925,28.504896,77.399512,30.0,CNG,16.40,14.9,3,1431,55.7,4.75,,89.0,-0.78,-1.56,13.3,0.0,28.5,0.63,ARMED,,20.0,3,
1791431977538,28.505030,77.399576,30.0,CNG,13.96,23.1,4,1089,66.7,10.61,,90.0,-1.56,-2.34,13.3,11.2,30.0,0.00,ARMED,,20.4,3,
1791431978299,28.505030,77.399576,31.0,CNG,19.07,20.8,4,1198,66.7,3.26,,90.0,-1.56,-2.34,13.7,8.0,30.9,0.41,ARMED,,20.4,3,
1791431979037,28.505098,77.399609,31.0,CNG,18.23,22.0,4,1209,66.7,7.39,,90.0,-1.56,-2.34,13.7,9.6,31.1,0.38,ARMED,,20.4,3,
1791431980673,28.505238,77.399672,31.0,CNG,18.08,22.4,4,1213,44.3,7.09,,90.0,-0.78,-3.13,13.4,10.2,31.2,0.34,ARMED,,17.6,4,
1791431981430,28.505315,77.399708,33.0,CNG,22.30,20.8,4,1261,44.3,4.09,,90.0,-0.78,-3.13,13.4,8.0,32.3,0.60,ARMED,,17.6,4,
1791431982231,28.505315,77.399708,33.0,CNG,25.37,20.8,4,1270,44.3,4.27,,90.0,-0.78,-3.13,13.6,8.0,32.7,0.58,ARMED,,17.6,4,
1791431983944,28.505476,77.399786,33.0,CNG,29.41,20.4,4,1293,22.0,3.52,,90.0,-0.78,-4.69,13.6,7.5,33.2,0.59,ARMED,,14.9,4,
1791431984731,28.505544,77.399824,33.0,CNG,33.91,19.6,4,1276,22.0,3.08,,90.0,-0.78,-4.69,13.6,6.4,33.0,0.02,ARMED,,14.9,4,
1791431985504,28.505618,77.399859,33.0,CNG,33.33,14.9,4,1285,22.0,4.15,,90.0,-0.78,-4.69,13.6,0.0,33.0,0.03,ARMED,,14.9,4,
1791431987165,28.505694,77.399896,33.0,CNG,27.33,22.4,4,1269,71.8,6.26,,90.0,0.00,-2.34,13.7,10.2,32.8,-0.11,ARMED,,18.4,3,
1791431987935,28.505772,77.399943,34.0,CNG,26.18,24.7,4,1333,71.8,5.63,,90.0,0.00,-2.34,13.7,13.4,34.1,0.57,ARMED,,18.4,3,
1791431988724,28.505844,77.399995,35.0,CNG,24.27,22.7,4,1342,71.8,6.51,,90.0,0.00,-2.34,13.6,10.7,34.5,0.57,ARMED,,18.4,3,
1791431990470,28.505990,77.400111,35.0,CNG,25.60,22.7,4,1372,47.5,5.14,,90.0,2.34,-3.13,13.6,10.7,35.2,0.63,ARMED,,18.8,4,
1791431991244,28.505990,77.400111,37.0,CNG,24.23,23.5,4,1419,47.5,6.71,,90.0,2.34,-3.13,13.7,11.8,36.5,0.69,ARMED,,18.8,4,
1791431991968,28.506060,77.400174,37.0,CNG,22.51,14.9,4,1454,47.5,7.40,,89.0,2.34,-3.13,13.7,0.0,37.3,0.76,ARMED,,18.8,4,
1791431993681,28.506202,77.400310,38.0,CNG,31.52,22.0,5,1204,50.2,2.12,,89.0,0.00,-3.13,13.5,9.6,38.0,0.00,ARMED,,15.7,5,
1791431994432,28.506272,77.400375,37.0,CNG,33.56,21.6,5,1114,50.2,4.07,,89.0,0.00,-3.13,13.5,9.1,37.1,-0.41,ARMED,,15.7,5,
1791431995204,28.506272,77.400375,38.0,CNG,30.40,21.2,5,1109,50.2,5.81,,89.0,0.00,-3.13,13.5,8.6,37.5,0.01,ARMED,,15.7,5,
1791431996835,28.506410,77.400510,38.0,CNG,29.83,20.8,5,1122,31.0,5.35,,89.0,1.56,-3.13,13.5,8.0,38.1,0.32,ARMED,,14.9,5,
1791431997618,28.506480,77.400577,38.0,CNG,37.83,14.9,,959,31.0,2.47,,89.0,1.56,-3.13,13.3,0.0,38.0,0.00,ARMED,,14.9,,
1791431998369,28.506480,77.400577,37.0,CNG,46.51,14.9,,801,31.0,2.11,,90.0,1.56,-3.13,13.3,0.0,37.0,0.00,ARMED,,14.9,,
1791431999986,28.506618,77.400714,36.0,CNG,53.01,14.9,,800,22.0,2.17,,90.0,0.78,-3.13,13.3,0.0,36.0,0.00,ARMED,,12.5,,
1791432000770,28.506680,77.400782,31.0,CNG,56.77,14.9,,739,22.0,1.95,,90.0,0.78,-3.13,13.3,0.0,31.0,0.00,ARMED,,12.5,,
1791432001543,28.506733,77.400837,29.0,CNG,70.42,14.9,,722,22.0,0.96,,90.0,0.78,-3.13,13.6,0.0,29.0,0.00,ARMED,,12.5,,
1791432003156,28.506787,77.400892,28.0,CNG,69.87,14.9,,720,22.0,1.66,,90.0,5.47,-1.56,13.6,0.0,28.0,0.00,ARMED,,12.5,,
1791432003906,28.506838,77.400943,28.0,CNG,82.87,14.9,,712,22.0,0.96,,90.0,5.47,-1.56,13.8,0.0,28.0,0.00,ARMED,,12.5,,
1791432004668,28.506886,77.400999,27.0,CNG,74.06,14.9,5,720,22.0,1.75,,90.0,5.47,-1.56,13.8,0.0,27.0,0.00,ARMED,,12.5,5,
1791432006415,28.506971,77.401104,26.0,CNG,72.25,14.9,5,739,21.6,1.53,,90.0,-0.78,0.78,13.6,0.0,26.4,-0.35,ARMED,,12.5,5,
1791432007216,28.506971,77.401104,22.0,CNG,59.93,14.9,5,738,21.6,1.98,,90.0,-0.78,0.78,13.6,0.0,22.4,-1.86,ARMED,,12.5,5,
1791432008006,28.507010,77.401149,21.0,CNG,59.37,14.9,4,736,21.6,1.47,,90.0,-0.78,0.78,13.5,0.0,21.0,0.00,ARMED,,12.5,4,
1791432009675,28.507086,77.401225,21.0,CNG,53.27,14.9,,718,21.6,1.89,,90.0,-3.13,0.00,13.5,0.0,21.0,0.00,ARMED,,12.5,,
1791432010480,28.507121,77.401257,19.0,CNG,46.78,14.9,4,734,21.6,2.02,,90.0,-3.13,0.00,13.4,0.0,19.0,0.00,ARMED,,12.5,4,
1791432011286,28.507121,77.401257,18.0,CNG,41.63,14.9,4,731,21.6,2.11,,90.0,-3.13,0.00,13.4,0.0,18.4,-0.37,ARMED,,12.5,4,
1791432012980,28.507189,77.401313,17.0,CNG,46.59,14.9,4,736,21.6,1.18,,90.0,-2.34,-1.56,13.7,0.0,17.4,-0.76,ARMED,,12.5,4,
1791432013753,28.507210,77.401329,13.0,CNG,33.56,14.9,3,733,21.6,2.54,,89.0,-2.34,-1.56,13.7,0.0,13.0,0.00,ARMED,,12.5,3,
1791432014522,28.507208,77.401328,11.0,CNG,25.60,14.9,2,745,21.6,2.69,,89.0,-2.34,-1.56,13.4,0.0,11.0,0.00,ARMED,,12.5,2,
1791432016136,28.507214,77.401332,6.0,CNG,18.61,14.9,1,772,34.9,2.60,,89.0,-0.78,-3.13,13.4,0.0,6.0,0.00,ARMED,,14.5,1,
1791432016970,28.507217,77.401334,0.0,CNG,10.40,14.9,0,791,34.9,2.85,,89.0,-0.78,-3.13,13.7,0.0,0.0,0.00,ARMED,,14.5,1,
1791432017695,28.507220,77.401335,0.0,CNG,6.63,14.9,0,797,34.9,2.20,,89.0,-0.78,-3.13,13.7,0.0,0.0,0.00,ARMED,,14.5,1,
1791432019384,28.507221,77.401334,0.0,CNG,,14.9,0,804,35.7,3.26,,89.0,1.56,-3.13,13.6,0.0,0.0,0.00,ARMED,,14.5,1,
1791432020125,28.507222,77.401334,0.0,CNG,,14.9,0,802,35.7,3.14,,89.0,1.56,-3.13,13.6,0.0,0.0,0.00,ARMED,,14.5,1,
1791432020918,28.507224,77.401333,0.0,CNG,,14.9,0,804,35.7,3.16,,89.0,1.56,-3.13,13.6,0.0,0.0,0.00,ARMED,,14.5,1,
1791432022720,28.507227,77.401334,0.0,CNG,,14.9,0,780,22.4,1.92,,89.0,8.59,-3.13,13.6,0.0,0.0,0.00,ARMED,,12.5,1,
1791432023520,28.507227,77.401334,0.0,CNG,,14.9,0,722,22.4,1.06,,89.0,8.59,-3.13,13.4,0.0,0.0,0.00,ARMED,,12.5,1,
1791432024252,28.507227,77.401334,0.0,CNG,,14.9,0,713,22.4,0.98,,89.0,8.59,-3.13,13.4,0.0,0.0,0.00,ARMED,,12.5,1,
1791432025955,28.507229,77.401337,0.0,CNG,,14.9,0,709,22.0,1.41,,89.0,1.56,-1.56,13.7,0.0,0.0,0.00,ARMED,,12.5,1,
1791432026717,28.507229,77.401339,0.0,CNG,,14.9,0,712,22.0,0.82,,89.0,1.56,-1.56,13.7,0.0,0.0,0.00,ARMED,,12.5,1,
1791432027477,28.507231,77.401340,0.0,CNG,,14.9,0,710,22.0,1.30,,89.0,1.56,-1.56,13.8,0.0,0.0,0.00,ARMED,,12.5,1,
1791432029046,28.507233,77.401342,0.0,CNG,,14.9,0,707,21.6,0.77,,89.0,-2.34,-0.78,13.8,0.0,0.0,0.00,ARMED,,12.2,1,
1791432029797,28.507234,77.401344,0.0,CNG,,14.9,0,703,21.6,0.95,,89.0,-2.34,-0.78,13.5,0.0,0.0,0.00,ARMED,,12.2,1,
1791432030520,28.507237,77.401346,0.0,CNG,,14.9,0,698,21.6,2.03,,89.0,-2.34,-0.78,13.5,0.0,0.0,0.00,ARMED,,12.2,1,
1791432032213,28.507240,77.401346,0.0,CNG,,14.9,0,705,21.6,1.88,,89.0,-2.34,-2.34,13.7,0.0,0.0,0.00,ARMED,,12.2,1,
1791432032972,28.507242,77.401347,0.0,CNG,,14.9,0,703,21.6,0.72,,89.0,-2.34,-2.34,13.7,0.0,0.0,0.00,ARMED,,12.2,1,
1791432033718,28.507243,77.401348,0.0,CNG,,14.9,0,701,21.6,1.79,,89.0,-2.34,-2.34,13.7,0.0,0.0,0.00,ARMED,,12.2,1,
1791432035398,28.507242,77.401347,0.0,CNG,,14.9,0,764,36.9,2.55,,89.0,-2.34,-3.13,13.7,0.0,0.0,0.00,ARMED,,14.9,1,
1791432036177,28.507241,77.401346,0.0,CNG,,14.9,0,797,36.9,3.35,,89.0,-2.34,-3.13,13.7,0.0,0.0,0.00,ARMED,,14.9,1,
1791432036900,28.507241,77.401347,0.0,CNG,,14.9,0,809,36.9,3.39,,89.0,-2.34,-3.13,13.7,0.0,0.0,0.00,ARMED,,14.9,1,
1791432038549,28.507244,77.401348,0.0,CNG,,14.9,0,820,37.6,2.33,,89.0,1.56,-3.13,13.7,0.0,0.0,0.00,ARMED,,14.9,1,
1791432039293,28.507244,77.401348,0.0,CNG,,14.9,0,821,37.6,3.26,,89.0,1.56,-3.13,13.7,0.0,0.0,0.00,ARMED,,14.9,1,
1791432040090,28.507244,77.401348,0.0,CNG,,14.9,0,821,37.6,3.25,,89.0,1.56,-3.13,13.7,0.0,0.0,0.00,ARMED,,14.9,1,
1791432041652,28.507244,77.401347,0.0,CNG,,14.9,0,826,25.9,2.95,,88.0,1.56,-3.13,13.7,0.0,0.0,0.00,ARMED,,12.9,1,
1791432042478,28.507244,77.401347,0.0,CNG,,14.9,0,765,25.9,1.95,,88.0,1.56,-3.13,13.5,0.0,0.0,0.00,ARMED,,12.9,1,
1791432043208,28.507244,77.401347,0.0,CNG,,14.9,0,740,25.9,1.03,,89.0,1.56,-3.13,13.5,0.0,0.0,0.00,ARMED,,12.9,1,
1791432044925,28.507244,77.401347,0.0,CNG,,14.9,0,723,23.1,1.96,,89.0,0.78,-3.13,13.6,0.0,0.0,0.00,ARMED,,12.5,1,
1791432045703,28.507244,77.401347,0.0,CNG,,14.9,0,711,23.1,1.89,,88.0,0.78,-3.13,13.6,0.0,0.0,0.00,ARMED,,12.5,1,
1791432046531,28.507244,77.401347,0.0,CNG,,14.9,0,711,23.1,1.70,,88.0,0.78,-3.13,13.5,0.0,0.0,0.00,ARMED,,12.5,1,
1791432048159,28.507244,77.401347,0.0,CNG,,14.9,0,708,22.4,1.78,,88.0,-1.56,-2.34,13.5,0.0,0.0,0.00,ARMED,,12.5,1,
1791432048901,28.507244,77.401347,0.0,CNG,,14.9,0,711,22.4,2.01,,88.0,-1.56,-2.34,13.6,0.0,0.0,0.00,ARMED,,12.5,1,
1791432049640,28.507244,77.401347,0.0,CNG,,14.9,0,708,22.4,0.80,,89.0,-1.56,-2.34,13.6,0.0,0.0,0.00,ARMED,,12.5,1,
1791432051360,28.507244,77.401347,0.0,CNG,,14.9,0,707,22.4,0.76,,89.0,-1.56,-3.13,13.6,0.0,0.0,0.00,ARMED,,12.5,1,
1791432052082,28.507244,77.401347,0.0,CNG,,14.9,0,702,22.4,1.97,,88.0,-1.56,-3.13,13.6,0.0,0.0,0.00,ARMED,,12.5,1,
1791432052826,28.507245,77.401347,0.0,CNG,,14.9,0,689,22.4,2.81,,88.0,-1.56,-3.13,13.5,0.0,0.0,0.00,ARMED,,12.5,1,
1791432054653,28.507245,77.401347,0.0,CNG,,14.9,0,767,37.6,1.97,,88.0,-1.56,-3.91,13.5,0.0,0.0,0.00,ARMED,,14.9,1,
1791432055422,28.507245,77.401347,0.0,CNG,,14.9,0,813,37.6,2.95,,88.0,-1.56,-3.91,13.6,0.0,0.0,0.00,ARMED,,14.9,1,
1791432056221,28.507245,77.401347,0.0,CNG,,14.9,0,822,37.6,3.40,,88.0,-1.56,-3.91,13.6,0.0,0.0,0.00,ARMED,,14.9,1,
1791432057892,28.507245,77.401347,0.0,CNG,,14.9,0,825,37.6,2.37,,88.0,2.34,-3.91,13.5,0.0,0.0,0.00,ARMED,,14.9,1,
1791432058669,28.507245,77.401347,0.0,CNG,,14.9,0,831,37.6,2.95,,88.0,2.34,-3.91,13.5,0.0,0.0,0.00,ARMED,,14.9,1,
1791432059473,28.507246,77.401347,0.0,CNG,,14.9,0,821,37.6,3.05,,88.0,2.34,-3.91,13.4,0.0,0.0,0.00,ARMED,,14.9,1,
1791432061202,28.507246,77.401347,0.0,CNG,,14.9,0,819,26.7,3.44,,88.0,2.34,-3.91,13.4,0.0,0.0,0.00,ARMED,,20.4,1,
1791432061976,28.507246,77.401347,0.0,CNG,,14.9,0,1067,26.7,7.60,,88.0,2.34,-3.91,13.2,0.0,0.0,0.00,ARMED,,20.4,1,
1791432062763,28.507246,77.401347,4.0,CNG,,21.6,,706,26.7,3.80,,88.0,2.34,-3.91,13.2,9.1,4.0,0.00,ARMED,,20.4,,
1791432064396,28.507248,77.401363,6.0,CNG,2.89,22.7,1,784,46.3,5.17,,88.0,-6.25,-3.13,13.7,10.7,6.0,0.00,ARMED,,18.4,1,
1791432065129,28.507242,77.401386,11.0,CNG,4.31,14.9,1,1503,46.3,8.10,,88.0,-6.25,-3.13,13.7,0.0,10.3,2.05,ARMED,,18.4,1,
1791432065872,28.507232,77.401404,11.0,CNG,7.20,27.5,1,1381,46.3,2.58,,88.0,-6.25,-3.13,13.7,17.1,11.3,1.76,ARMED,,18.4,1,
1791432067558,28.507183,77.401460,12.0,CNG,6.24,30.6,2,965,86.7,8.93,,88.0,0.00,-2.34,13.7,21.4,12.0,0.00,ARMED,,27.5,2,
1791432068307,28.507183,77.401460,21.0,CNG,11.10,14.9,2,1551,86.7,3.54,,88.0,0.00,-2.34,13.7,0.0,19.8,3.69,ARMED,,27.5,2,
1791432069101,28.507155,77.401535,21.0,CNG,8.46,39.6,3,1136,86.7,12.60,,88.0,0.00,-2.34,13.7,33.7,21.0,0.00,ARMED,,27.5,2,
1791432070862,28.507087,77.401664,25.0,CNG,9.21,40.0,3,1241,91.0,10.09,,88.0,0.78,-1.56,13.8,34.2,23.6,1.48,ARMED,,14.1,2,
1791432071697,28.507054,77.401720,29.0,CNG,8.61,38.8,4,1272,91.0,14.71,,88.0,0.78,-1.56,13.8,32.6,29.0,0.00,ARMED,,14.1,3,
1791432072511,28.507019,77.401814,31.0,CNG,9.20,38.4,4,1187,91.0,12.70,,88.0,0.78,-1.56,13.7,32.1,30.2,0.72,ARMED,,14.1,3,
1791432074269,28.506991,77.401905,34.0,CNG,11.20,37.3,4,1286,94.1,9.24,,89.0,0.78,-2.34,13.7,30.5,33.0,1.91,ARMED,,41.2,3,
1791432075174,28.506962,77.402004,38.0,CNG,18.34,21.2,4,1464,94.1,2.16,,89.0,0.78,-2.34,13.6,8.6,37.8,2.58,ARMED,,41.2,3,
1791432075915,28.506925,77.402096,37.0,CNG,14.43,29.4,4,1327,94.1,13.46,,89.0,0.78,-2.34,13.6,19.8,36.6,0.68,ARMED,,41.2,3,
1791432077549,28.506843,77.402307,39.0,CNG,14.74,28.6,5,1143,31.4,10.51,,89.0,-3.91,-3.13,13.4,18.7,39.0,0.00,ARMED,,17.6,4,
1791432078344,28.506843,77.402307,40.0,CNG,17.33,29.8,5,1190,31.4,7.17,,90.0,-3.91,-3.13,13.4,20.3,39.9,0.41,ARMED,,17.6,4,
1791432079101,28.506806,77.402403,40.0,CNG,16.80,30.2,5,1199,31.4,10.15,,90.0,-3.91,-3.13,13.6,20.9,40.1,0.38,ARMED,,17.6,4,
1791432080824,28.506730,77.402625,41.0,CNG,16.58,30.6,5,1241,76.5,10.29,,90.0,-1.56,-2.34,13.6,21.4,41.0,0.75,ARMED,,19.2,4,
1791432081708,28.506678,77.402730,44.0,CNG,20.81,14.9,5,1301,76.5,5.67,,90.0,-1.56,-2.34,13.7,0.0,43.4,1.20,ARMED,,19.2,4,
1791432082434,28.506621,77.402823,44.0,CNG,32.14,14.9,,1002,76.5,1.30,,90.0,-1.56,-2.34,13.7,0.0,44.0,0.00,ARMED,,19.2,,
1791432084260,28.506585,77.402940,41.0,CNG,47.24,14.9,,765,22.4,0.96,,90.0,0.00,-3.91,13.5,0.0,41.0,0.00,ARMED,,12.5,,
1791432085110,28.506546,77.403034,36.0,CNG,56.37,14.9,,718,22.4,1.73,,90.0,0.00,-3.91,13.5,0.0,36.0,0.00,ARMED,,12.5,,
1791432085866,28.506504,77.403118,35.0,CNG,60.70,14.9,,711,22.4,2.05,,90.0,0.00,-3.91,13.5,0.0,35.0,0.00,ARMED,,12.5,,
1791432087669,28.506476,77.403307,33.0,CNG,60.52,14.9,,710,33.7,2.24,,91.0,0.78,-3.91,13.3,0.0,33.0,0.00,ARMED,,14.1,,
1791432088486,28.506451,77.403376,27.0,CNG,48.53,14.9,5,772,33.7,3.17,,91.0,0.78,-3.91,13.7,0.0,27.0,0.00,ARMED,,14.1,5,
1791432089326,28.506451,77.403376,24.0,CNG,46.12,14.9,5,784,33.7,2.34,,91.0,0.78,-3.91,13.7,0.0,25.1,-1.11,ARMED,,14.1,5,
1791432090984,28.506411,77.403476,20.0,CNG,36.78,14.9,4,788,35.7,3.20,,91.0,2.34,-3.91,13.6,0.0,20.0,0.00,ARMED,,14.5,4,
1791432091760,28.506397,77.403519,14.0,CNG,32.89,14.9,3,800,35.7,2.24,,91.0,2.34,-3.91,13.6,0.0,14.0,0.00,ARMED,,14.5,3,
1791432092555,28.506384,77.403553,11.0,CNG,27.88,14.9,2,799,35.7,2.31,,91.0,2.34,-3.91,13.6,0.0,11.0,0.00,ARMED,,14.5,2,
1791432094177,28.506371,77.403565,8.0,CNG,21.68,14.9,,799,35.3,2.57,,91.0,1.56,-3.91,13.6,0.0,8.0,0.00,ARMED,,14.5,,
1791432094991,28.506369,77.403541,1.0,CNG,12.93,14.9,,801,35.3,2.87,,91.0,1.56,-3.91,13.7,0.0,1.0,0.00,ARMED,,14.5,,
1791432095715,28.506353,77.403534,0.0,CNG,8.40,14.9,0,777,35.3,2.15,,91.0,1.56,-3.91,13.7,0.0,0.0,0.00,ARMED,,14.5,1,
1791432097403,28.506356,77.403533,0.0,CNG,6.59,26.3,0,747,57.6,1.01,,91.0,10.16,-2.34,13.6,15.5,0.0,0.00,ARMED,,12.9,1,
1791432098207,28.506357,77.403533,3.0,CNG,5.50,23.5,,857,57.6,2.79,,90.0,10.16,-2.34,13.6,11.8,3.0,0.00,ARMED,,12.9,,
1791432098967,28.506357,77.403533,4.0,CNG,4.02,14.9,,1097,57.6,5.31,,90.0,10.16,-2.34,13.7,0.0,4.0,0.00,ARMED,,12.9,,
1791432100577,28.506357,77.403533,4.0,CNG,4.91,14.9,,923,22.7,2.39,,90.0,0.00,-2.34,13.7,0.0,4.0,0.00,ARMED,,12.5,,
1791432101333,28.506357,77.403533,4.0,CNG,6.46,14.9,,752,22.7,1.43,,90.0,0.00,-2.34,13.7,0.0,4.0,0.00,ARMED,,12.5,,
1791432102116,28.506357,77.403533,3.0,CNG,6.05,14.9,,706,22.7,2.27,,90.0,0.00,-2.34,13.7,0.0,3.0,0.00,ARMED,,12.5,,
1791432103743,28.506357,77.403533,0.0,CNG,,31.8,0,679,61.2,1.36,,90.0,4.69,-1.56,13.7,23.0,0.0,0.00,ARMED,,15.3,1,
1791432104473,28.506364,77.403499,5.0,CNG,5.03,14.9,,906,61.2,3.67,,90.0,4.69,-1.56,13.7,0.0,5.0,0.00,ARMED,,15.3,,
1791432105239,28.506364,77.403499,6.0,CNG,6.43,14.9,1,838,61.2,2.95,,90.0,4.69,-1.56,13.6,0.0,6.0,0.00,ARMED,,15.3,1,
1791432106882,28.506339,77.403515,6.0,CNG,7.98,14.9,1,882,36.9,2.27,,90.0,0.00,-2.34,13.6,0.0,6.0,0.00,ARMED,,14.9,1,
1791432107647,28.506335,77.403518,2.0,CNG,5.96,14.9,,815,36.9,2.68,,90.0,0.00,-2.34,13.6,0.0,2.0,0.00,ARMED,,14.9,,
1791432108409,28.506335,77.403518,0.0,CNG,,14.9,0,812,36.9,3.67,,90.0,0.00,-2.34,13.6,0.0,0.0,0.00,ARMED,,14.9,1,
1791432110054,28.506335,77.403517,0.0,CNG,,14.9,0,810,41.6,2.58,,90.0,0.00,-2.34,13.7,0.0,0.0,0.00,ARMED,,15.3,1,
1791432110787,28.506335,77.403517,0.0,CNG,,14.9,0,816,41.6,3.33,,90.0,0.00,-2.34,13.7,0.0,0.0,0.00,ARMED,,15.3,1,
1791432111602,28.506335,77.403517,0.0,CNG,,14.9,0,816,41.6,3.37,,90.0,0.00,-2.34,13.4,0.0,0.0,0.00,ARMED,,15.3,1,
1791432113300,28.506335,77.403517,0.0,CNG,,14.9,0,813,28.2,3.56,,90.0,0.78,-3.13,13.4,0.0,0.0,0.00,ARMED,,13.3,1,
1791432114062,28.506335,77.403517,0.0,CNG,,14.9,0,765,28.2,1.80,,90.0,0.78,-3.13,13.8,0.0,0.0,0.00,ARMED,,13.3,1,
1791432114819,28.506335,77.403517,0.0,CNG,,14.9,0,749,28.2,1.18,,90.0,0.78,-3.13,13.8,0.0,0.0,0.00,ARMED,,13.3,1,
1791432116411,28.506335,77.403517,0.0,CNG,,14.9,0,729,28.2,1.96,,90.0,0.78,-3.13,13.8,0.0,0.0,0.00,ARMED,,13.3,1,
1791432117218,28.506335,77.403517,,CNG,,,,,28.2,1.96,,90.0,0.78,-3.13,13.8,,0.0,0.00,OFF,,13.3,,
1791432118058,28.506335,77.403517,,CNG,,,,,28.2,1.96,,90.0,0.78,-3.13,13.8,,0.0,0.00,OFF,,13.3,,
1791432119928,28.506335,77.403517,,CNG,,,,,28.2,1.96,,90.0,0.78,-3.13,13.8,,0.0,0.00,OFF,,13.3,,
1791432120716,28.506335,77.403517,,CNG,,,,,28.2,1.96,,90.0,0.78,-3.13,13.8,,0.0,0.00,OFF,,13.3,,
1791432121476,28.506351,77.403531,,CNG,,,,,28.2,1.96,,90.0,0.78,-3.13,13.8,,0.0,0.00,OFF,,13.3,,
1791432123140,28.506351,77.403531,,CNG,,,,,28.2,1.96,,90.0,0.78,-3.13,13.8,,0.0,0.00,OFF,,13.3,,
1791432123925,28.506351,77.403532,,CNG,,,,,28.2,1.96,,90.0,0.78,-3.13,13.8,,0.0,0.00,OFF,,13.3,,
1791432124662,28.506350,77.403532,,CNG,,,,,28.2,1.96,,90.0,0.78,-3.13,13.8,,0.0,0.00,OFF,,13.3,,
1791432126248,28.506349,77.403532,,CNG,,,,,28.2,1.96,,90.0,0.78,-3.13,13.8,,0.0,0.00,OFF,,13.3,,
1791432127353,28.506345,77.403532,,CNG,,,,,28.2,1.96,,90.0,0.78,-3.13,13.8,,0.0,0.00,OFF,,13.3,,
1791432128321,28.506344,77.403532,,CNG,,,,,28.2,1.96,,90.0,0.78,-3.13,13.8,,0.0,0.00,OFF,,13.3,,
1791432130285,28.506343,77.403531,,CNG,,,,,28.2,1.96,,90.0,0.78,-3.13,13.8,,0.0,0.00,OFF,,13.3,,
