t_ms,lat,lon,speed_kmh,fuel,inst_eff,pedal,gear,rpm,load,maf,map,ect,stft,ltft,volt,pedal_norm,v_est,a_est,cruise_state,cruise_target,throttle
1791210569096,28.507630,77.380315,0.0,PETROL,,14.9,0,1417,43.1,6.45,,49.0,-3.91,-1.56,13.9,0.0,0.0,0.00,ARMED,,18.8
1791210571342,28.507629,77.380315,0.0,PETROL,,14.9,0,1380,43.1,6.62,,49.0,-3.91,-1.56,13.9,0.0,0.0,0.00,ARMED,,18.4
1791210572764,28.507632,77.380317,0.0,PETROL,,14.9,0,1419,43.1,4.49,,50.0,-3.91,-1.56,13.9,0.0,0.0,0.00,ARMED,,16.9
1791210575206,28.507628,77.380314,0.0,CNG,,14.9,0,1417,32.2,5.12,,50.0,-3.91,-1.56,13.9,0.0,0.0,0.00,ARMED,,17.3
1791210576166,28.507628,77.380315,0.0,CNG,,14.9,0,1411,32.2,4.86,,51.0,-3.91,-1.56,13.9,0.0,0.0,0.00,ARMED,,16.9
1791210577382,28.507626,77.380316,0.0,CNG,,14.9,0,1411,32.2,4.93,,51.0,-3.91,-1.56,13.9,0.0,0.0,0.00,ARMED,,16.9
1791210579986,28.507625,77.380317,0.0,CNG,,14.9,0,1370,43.5,6.33,,53.0,-2.34,-1.56,13.9,0.0,0.0,0.00,ARMED,,18.4
1791210581434,28.507625,77.380317,0.0,CNG,,14.9,0,1421,43.5,6.53,,53.0,-2.34,-1.56,13.9,0.0,0.0,0.00,ARMED,,18.8
1791210582810,28.507624,77.380317,0.0,CNG,,14.9,0,1409,43.5,6.19,,53.0,-2.34,-1.56,13.9,0.0,0.0,0.00,ARMED,,18.4
1791210585366,28.507624,77.380317,0.0,CNG,,14.9,0,1410,32.5,6.19,,53.0,-1.56,-1.56,13.9,0.0,0.0,0.00,ARMED,,18.4
1791210586702,28.507623,77.380317,0.0,CNG,,14.9,0,1417,32.5,5.75,,55.0,-1.56,-1.56,13.9,0.0,0.0,0.00,ARMED,,17.3
1791210588029,28.507624,77.380317,0.0,CNG,,14.9,0,1423,32.5,4.87,,55.0,-1.56,-1.56,13.9,0.0,0.0,0.00,ARMED,,17.3
1791210590379,28.507624,77.380316,0.0,CNG,,14.9,0,1416,33.3,5.22,,56.0,-2.34,-1.56,13.9,0.0,0.0,0.00,ARMED,,17.3
1791210591719,28.507624,77.380316,0.0,CNG,,14.9,0,1368,33.3,6.61,,56.0,-2.34,-1.56,13.6,0.0,0.0,0.00,ARMED,,18.4
1791210592983,28.507624,77.380316,0.0,CNG,,14.9,0,1393,33.3,6.51,,57.0,-2.34,-1.56,13.6,0.0,0.0,0.00,ARMED,,18.8
1791210595451,28.507624,77.380316,0.0,CNG,,14.9,0,1405,43.9,6.81,,57.0,-0.78,-1.56,13.7,0.0,0.0,0.00,ARMED,,18.8
1791210596835,28.507624,77.380316,0.0,CNG,,14.9,0,1396,43.9,6.67,,58.0,-0.78,-1.56,13.7,0.0,0.0,0.00,ARMED,,18.8
1791210598125,28.507624,77.380316,0.0,CNG,,14.9,0,1446,43.9,5.33,,58.0,-0.78,-1.56,13.8,0.0,0.0,0.00,ARMED,,17.3
1791210600297,28.507623,77.380316,0.0,CNG,,14.9,0,1442,70.2,4.84,,59.0,-2.34,-1.56,13.8,0.0,0.0,0.00,ARMED,,17.3
1791210601606,28.507617,77.380309,1.0,CNG,,19.2,,2420,70.2,3.84,,59.0,-2.34,-1.56,13.8,5.9,1.0,0.00,ARMED,,16.5
1791210602871,28.507614,77.380312,3.0,CNG,,14.9,,1259,70.2,3.75,,60.0,-2.34,-1.56,13.8,0.0,3.0,0.00,ARMED,,16.5
1791210605424,28.507618,77.380339,3.0,CNG,,21.6,,1436,65.1,11.30,,60.0,0.00,-0.78,13.7,9.1,3.0,0.00,ARMED,,17.6
1791210606766,28.507633,77.380364,12.0,CNG,2.65,14.9,1,1602,65.1,12.49,,61.0,0.00,-0.78,13.7,0.0,12.0,0.00,ARMED,,23.1
1791210608053,28.507681,77.380416,13.0,CNG,4.75,31.8,2,1053,65.1,5.03,,61.0,0.00,-0.78,12.9,23.0,13.0,0.00,ARMED,,36.9
1791210610558,28.507759,77.380481,18.0,CNG,6.31,26.7,2,1284,62.4,8.86,,62.0,0.00,0.00,12.9,16.1,18.0,0.00,ARMED,,36.9
1791210611579,28.507805,77.380523,24.0,CNG,7.44,25.9,2,1821,62.4,11.35,,62.0,0.00,0.00,13.7,15.0,24.0,0.00,ARMED,,22.4
1791210612509,28.507856,77.380571,27.0,CNG,8.46,25.9,2,1958,62.4,11.33,,63.0,0.00,0.00,13.7,15.0,26.1,1.17,ARMED,,22.0
1791210614389,28.507967,77.380664,28.0,CNG,13.05,24.3,2,1931,65.9,3.40,,63.0,-3.13,0.00,13.5,12.8,26.9,0.97,ARMED,,15.3
1791210615465,28.508025,77.380712,30.0,CNG,12.55,24.7,3,1521,65.9,10.21,,63.0,-3.13,0.00,13.5,13.4,30.0,0.00,ARMED,,21.2
1791210616461,28.508086,77.380760,31.0,CNG,13.62,24.3,3,1608,65.9,8.30,,63.0,-3.13,0.00,13.7,12.8,30.7,0.39,ARMED,,20.0
1791210618340,28.508216,77.380872,32.0,CNG,14.89,24.3,3,1674,42.7,7.70,,64.0,-1.56,-1.56,13.7,12.8,31.7,0.75,ARMED,,19.6
1791210619326,28.508288,77.380928,35.0,CNG,15.74,23.9,3,1779,42.7,8.43,,64.0,-1.56,-1.56,13.6,12.3,35.0,0.00,ARMED,,19.6
1791210620282,28.508360,77.380986,36.0,CNG,16.70,23.9,3,1820,42.7,8.09,,65.0,-1.56,-1.56,13.6,12.3,36.0,0.00,ARMED,,19.6
1791210622134,28.508509,77.381110,37.0,CNG,17.70,14.9,3,1901,33.3,7.85,,65.0,0.00,-3.13,13.5,0.0,36.7,0.40,ARMED,,19.6
1791210623157,28.508576,77.381167,36.0,CNG,20.14,22.0,4,1412,33.3,5.84,,65.0,0.00,-3.13,13.5,9.6,36.0,0.00,ARMED,,18.0
1791210624100,28.508643,77.381226,37.0,CNG,23.85,19.6,4,1437,33.3,4.67,,65.0,0.00,-3.13,13.7,6.4,36.7,0.39,ARMED,,18.4
1791210625867,28.508718,77.381287,37.0,CNG,28.41,19.6,4,1426,32.9,3.84,,66.0,-1.56,-2.34,13.7,6.4,37.0,0.38,ARMED,,17.3
1791210626849,28.508787,77.381349,36.0,CNG,27.83,19.6,4,1411,32.9,5.45,,66.0,-1.56,-2.34,13.5,6.4,36.0,0.00,ARMED,,17.3
1791210627882,28.508861,77.381412,36.0,CNG,27.70,19.6,4,1398,32.9,5.35,,66.0,-1.56,-2.34,13.5,6.4,36.0,0.00,ARMED,,17.3
1791210629657,28.509005,77.381532,36.0,CNG,28.32,19.6,4,1409,34.9,5.02,,66.0,-2.34,-2.34,13.7,6.4,36.0,0.00,ARMED,,17.3
1791210630557,28.509076,77.381591,35.0,CNG,27.30,20.0,4,1399,34.9,5.53,,66.0,-2.34,-2.34,13.7,7.0,35.0,0.00,ARMED,,17.3
1791210631617,28.509150,77.381648,35.0,CNG,29.58,20.0,4,1394,34.9,4.22,,66.0,-2.34,-2.34,13.8,7.0,35.0,0.00,ARMED,,16.1
1791210633378,28.509299,77.381763,35.0,CNG,31.93,20.0,4,1364,25.1,3.94,,67.0,-1.56,-3.13,13.8,7.0,35.0,0.00,ARMED,,15.7
1791210634390,28.509371,77.381824,35.0,CNG,33.83,20.4,4,1384,25.1,3.85,,67.0,-1.56,-3.13,13.8,7.5,35.0,0.00,ARMED,,16.5
1791210635404,28.509441,77.381882,35.0,CNG,33.70,20.4,4,1370,25.1,4.27,,67.0,-1.56,-3.13,13.8,7.5,35.0,0.00,ARMED,,16.5
1791210637210,28.509580,77.382000,35.0,CNG,35.28,20.4,4,1360,28.2,3.77,,67.0,-2.34,-3.13,13.5,7.5,35.0,0.00,ARMED,,16.5
1791210638132,28.509647,77.382058,35.0,CNG,43.11,14.9,4,1363,28.2,2.21,,67.0,-2.34,-3.13,13.5,0.0,35.0,0.00,ARMED,,14.1
1791210639095,28.509711,77.382113,33.0,CNG,47.37,14.9,5,903,28.2,2.40,,67.0,-2.34,-3.13,13.1,0.0,33.0,0.00,ARMED,,14.5
1791210640974,28.509767,77.382163,30.0,CNG,48.32,14.9,,770,41.2,2.45,,67.0,-0.78,-1.56,13.1,0.0,30.0,0.00,ARMED,,15.3
1791210641927,28.509821,77.382206,28.0,CNG,16.86,26.7,5,814,41.2,14.48,,67.0,-0.78,-1.56,13.6,16.1,28.0,0.00,ARMED,,26.3
1791210642928,28.509877,77.382253,29.0,CNG,14.62,23.9,3,1481,41.2,9.82,,67.0,-0.78,-1.56,13.6,12.3,29.0,0.00,ARMED,,20.4
1791210644704,28.509999,77.382351,30.0,CNG,15.19,22.0,3,1536,41.6,7.61,,67.0,-3.91,-1.56,13.6,9.6,30.0,0.00,ARMED,,19.2
1791210645693,28.510066,77.382400,31.0,CNG,16.06,22.0,3,1599,41.6,7.23,,68.0,-3.91,-1.56,13.6,9.6,31.0,0.00,ARMED,,19.2
1791210646665,28.510129,77.382450,32.0,CNG,17.76,22.0,3,1612,41.6,6.25,,68.0,-3.91,-1.56,13.8,9.6,31.7,0.39,ARMED,,18.0
1791210648416,28.510258,77.382555,32.0,CNG,19.68,14.9,3,1656,32.5,5.60,,68.0,-0.78,-3.13,13.8,0.0,32.6,0.67,ARMED,,18.0
1791210649439,28.510322,77.382610,33.0,CNG,19.15,23.9,3,1687,32.5,7.31,,68.0,-0.78,-3.13,13.5,12.3,33.0,0.00,ARMED,,18.8
1791210650356,28.510391,77.382661,34.0,CNG,18.61,14.9,3,1732,32.5,7.77,,69.0,-0.78,-3.13,13.5,0.0,34.0,0.00,ARMED,,16.5
1791210652088,28.510533,77.382769,34.0,CNG,16.12,24.7,5,1132,54.1,10.28,,69.0,-3.91,-0.78,13.5,13.4,34.0,0.00,ARMED,,20.4
1791210653036,28.510605,77.382824,35.0,CNG,17.61,23.1,4,1360,54.1,7.06,,69.0,-3.91,-0.78,13.5,11.2,35.0,0.00,ARMED,,19.2
1791210653976,28.510677,77.382885,36.0,CNG,17.53,22.7,4,1397,54.1,8.45,,69.0,-3.91,-0.78,13.5,10.7,35.7,0.38,ARMED,,20.0
1791210655918,28.510748,77.382946,37.0,CNG,18.27,22.7,4,1435,50.2,7.78,,69.0,-1.56,-0.78,13.6,10.7,37.0,0.00,ARMED,,20.0
1791210656866,28.510823,77.383010,38.0,CNG,19.28,22.0,4,1483,50.2,7.43,,69.0,-1.56,-0.78,13.7,9.6,38.0,0.00,ARMED,,19.6
1791210657785,28.510893,77.383074,39.0,CNG,20.96,21.2,4,1484,50.2,6.67,,70.0,-1.56,-0.78,13.7,8.6,38.7,0.39,ARMED,,18.8
1791210659696,28.511050,77.383202,39.0,CNG,27.88,17.6,4,1507,27.5,2.99,,70.0,0.00,-3.13,13.6,3.7,39.4,0.58,ARMED,,15.3
1791210660709,28.511127,77.383263,37.0,CNG,32.02,19.2,4,1449,27.5,3.64,,70.0,0.00,-3.13,13.6,5.9,37.0,0.00,ARMED,,14.9
1791210661662,28.511201,77.383324,37.0,CNG,38.28,19.2,4,1424,27.5,2.77,,70.0,0.00,-3.13,13.6,5.9,37.3,0.16,ARMED,,14.9
1791210663541,28.511348,77.383449,36.0,CNG,41.32,19.2,4,1404,20.4,3.12,,70.0,-1.56,-3.13,13.6,5.9,36.0,0.00,ARMED,,14.9
1791210664556,28.511422,77.383505,36.0,CNG,41.74,19.2,4,1373,20.4,3.47,,70.0,-1.56,-3.13,13.7,5.9,36.0,0.00,ARMED,,14.9
1791210665455,28.511493,77.383564,35.0,CNG,44.13,19.2,4,1372,20.4,2.95,,71.0,-1.56,-3.13,13.7,5.9,36.0,0.00,ARMED,,14.9
1791210667301,28.511635,77.383678,35.0,CNG,44.04,19.2,4,1354,27.8,3.26,,71.0,-1.56,-3.13,13.7,5.9,35.7,-0.20,ARMED,,14.9
1791210668215,28.511704,77.383734,35.0,CNG,40.20,20.4,4,1361,27.8,4.03,,71.0,-1.56,-3.13,13.7,7.5,35.0,0.00,ARMED,,16.1
1791210669215,28.511777,77.383792,35.0,CNG,35.16,20.4,4,1356,27.8,4.84,,71.0,-1.56,-3.13,13.6,7.5,35.4,0.20,ARMED,,17.3
1791210670959,28.511847,77.383845,35.0,CNG,30.53,17.6,4,1348,33.7,5.62,,71.0,0.00,-1.56,13.6,3.7,35.4,0.15,ARMED,,17.3
1791210671956,28.511919,77.383899,33.0,CNG,32.50,14.9,5,1045,33.7,3.72,,71.0,0.00,-1.56,13.4,0.0,33.0,0.00,ARMED,,15.3
1791210672933,28.511983,77.383949,26.0,CNG,31.62,14.9,5,876,33.7,3.54,,71.0,0.00,-1.56,13.4,0.0,26.0,0.00,ARMED,,14.9
1791210674662,28.512065,77.384011,20.0,CNG,29.06,14.9,4,817,73.3,3.34,,71.0,-0.78,-2.34,13.5,0.0,20.0,0.00,ARMED,,14.9
1791210675628,28.512097,77.384034,17.0,CNG,18.70,23.9,,1485,73.3,6.82,,71.0,-0.78,-2.34,13.5,12.3,17.0,0.00,ARMED,,19.2
1791210676611,28.512138,77.384066,19.0,CNG,15.51,21.2,2,1425,73.3,6.54,,71.0,-0.78,-2.34,13.7,8.6,19.0,0.00,ARMED,,18.4
1791210678531,28.512233,77.384084,20.0,CNG,17.83,26.7,2,1486,60.0,3.49,,72.0,5.47,0.00,13.7,16.1,20.0,0.00,ARMED,,15.3
1791210679551,28.512288,77.384070,22.0,CNG,12.18,27.1,2,1657,60.0,10.69,,72.0,5.47,0.00,13.7,16.6,22.0,0.00,ARMED,,21.2
1791210680511,28.512338,77.384038,25.0,CNG,10.93,22.4,2,1837,60.0,10.57,,72.0,5.47,0.00,13.7,10.2,25.0,0.00,ARMED,,21.2
1791210682207,28.512443,77.383941,27.0,CNG,16.09,25.5,,1753,54.9,2.77,,72.0,-3.13,-0.78,13.7,14.4,27.0,0.00,ARMED,,19.2
1791210683134,28.512497,77.383885,29.0,CNG,15.42,23.9,3,1481,54.9,8.08,,72.0,-3.13,-0.78,13.7,12.3,29.0,0.00,ARMED,,19.6
1791210684104,28.512553,77.383828,30.0,CNG,17.22,23.5,3,1524,54.9,6.04,,72.0,-3.13,-0.78,13.6,11.8,29.7,0.39,ARMED,,19.6
1791210685815,28.512609,77.383769,30.0,CNG,15.17,23.5,3,1552,50.2,9.42,,73.0,-2.34,-0.78,13.6,11.8,30.0,0.00,ARMED,,20.4
1791210686813,28.512668,77.383708,32.0,CNG,14.83,23.1,3,1647,50.2,9.07,,73.0,-2.34,-0.78,13.7,11.2,32.0,0.00,ARMED,,20.0
1791210687732,28.512728,77.383644,33.0,CNG,16.37,20.8,3,1690,50.2,7.08,,73.0,-2.34,-0.78,13.7,8.0,32.7,0.39,ARMED,,18.8
1791210689565,28.512850,77.383517,33.0,CNG,18.50,20.4,3,1710,31.8,5.95,,73.0,-1.56,-2.34,13.6,7.5,33.3,0.45,ARMED,,18.0
1791210690478,28.512912,77.383452,33.0,CNG,21.32,20.4,3,1713,31.8,4.92,,74.0,-1.56,-2.34,13.6,7.5,33.0,0.00,ARMED,,16.9
1791210691457,28.512973,77.383388,33.0,CNG,23.49,20.4,3,1712,31.8,4.89,,74.0,-1.56,-2.34,13.8,7.5,33.3,0.08,ARMED,,16.9
1791210693400,28.513091,77.383256,33.0,CNG,25.95,20.4,3,1722,23.9,4.39,,74.0,-0.78,-3.13,13.6,7.5,33.5,0.11,ARMED,,16.9
1791210694381,28.513151,77.383191,33.0,CNG,26.52,20.4,3,1696,23.9,4.92,,74.0,-0.78,-3.13,13.6,7.5,33.0,0.00,ARMED,,16.9
1791210695354,28.513206,77.383125,33.0,CNG,29.10,19.6,3,1690,23.9,3.96,,74.0,-0.78,-3.13,13.6,6.4,33.0,-0.01,ARMED,,15.7
1791210697124,28.513327,77.382997,33.0,CNG,33.32,19.6,3,1690,19.6,3.17,,74.0,0.78,-3.13,13.6,6.4,32.9,-0.02,ARMED,,15.7
1791210698081,28.513387,77.382933,33.0,CNG,34.26,19.6,3,1678,19.6,3.77,,74.0,0.78,-3.13,13.6,6.4,33.0,0.00,ARMED,,15.7
1791210699135,28.513446,77.382870,32.0,CNG,35.38,19.6,3,1661,19.6,3.51,,74.0,0.78,-3.13,13.7,6.4,32.0,0.00,ARMED,,17.6
1791210700902,28.513504,77.382808,32.0,CNG,32.51,20.0,3,1638,45.9,4.52,,74.0,0.00,-1.56,13.7,7.0,31.9,-0.01,ARMED,,16.9
1791210701881,28.513561,77.382745,32.0,CNG,23.42,22.7,3,1666,45.9,7.95,,74.0,0.00,-1.56,13.5,10.7,32.0,0.00,ARMED,,20.0
1791210702841,28.513621,77.382679,33.0,CNG,20.53,22.4,3,1698,45.9,7.76,,75.0,0.00,-1.56,13.5,10.2,32.8,0.43,ARMED,,19.6
1791210704608,28.513742,77.382546,34.0,CNG,19.25,25.1,3,1724,53.7,7.86,,75.0,3.91,0.00,13.5,13.9,33.5,0.60,ARMED,,20.0
1791210705533,28.513808,77.382478,36.0,CNG,19.71,14.9,3,1848,53.7,7.22,,75.0,3.91,0.00,13.5,0.0,36.0,0.00,ARMED,,18.4
1791210706529,28.513874,77.382411,36.0,CNG,20.76,23.1,3,1862,53.7,6.55,,75.0,3.91,0.00,13.7,11.2,36.2,0.06,ARMED,,18.8
1791210708310,28.514007,77.382279,37.0,CNG,21.57,22.7,3,1882,32.2,6.62,,76.0,0.00,-2.34,13.7,10.7,36.6,0.23,ARMED,,18.8
1791210709274,28.514066,77.382199,38.0,CNG,22.10,22.4,3,1941,32.2,6.79,,76.0,0.00,-2.34,13.7,10.2,38.0,0.00,ARMED,,18.8
1791210710183,28.514138,77.382131,38.0,CNG,25.60,14.9,3,1955,32.2,4.67,,76.0,0.00,-2.34,13.7,0.0,38.1,0.02,ARMED,,16.1
1791210711954,28.514206,77.382057,38.0,CNG,27.78,20.8,3,1931,20.0,4.89,,76.0,-0.78,-3.13,13.8,8.0,37.8,-0.15,ARMED,,17.3
1791210713016,28.514339,77.381923,35.0,CNG,29.38,14.9,3,1837,20.0,4.42,,76.0,-0.78,-3.13,13.8,0.0,35.0,0.00,ARMED,,16.1
1791210713958,28.514339,77.381923,32.0,CNG,32.63,16.9,3,1695,20.0,3.25,,76.0,-0.78,-3.13,13.8,2.7,33.6,-0.78,ARMED,,15.3
1791210715642,28.514452,77.381804,30.0,CNG,28.84,24.7,3,1524,52.5,5.11,,76.0,-3.13,-0.78,13.8,13.4,30.6,-2.03,ARMED,,20.0
1791210716620,28.514508,77.381744,33.0,CNG,19.99,24.7,3,1656,52.5,9.83,,76.0,-3.13,-0.78,13.4,13.4,33.0,0.00,ARMED,,20.8
1791210717563,28.514573,77.381684,34.0,CNG,17.26,23.9,3,1714,52.5,9.65,,76.0,-3.13,-0.78,13.4,12.3,33.3,0.17,ARMED,,20.8
1791210719497,28.514699,77.381552,35.0,CNG,16.41,23.9,3,1767,39.2,9.33,,76.0,-7.81,-3.13,13.5,12.3,34.2,0.57,ARMED,,20.8
1791210720459,28.514762,77.381484,35.0,CNG,16.85,22.7,3,1823,39.2,8.15,,77.0,-7.81,-3.13,13.5,10.7,35.0,0.00,ARMED,,20.0
1791210721379,28.514822,77.381414,36.0,CNG,17.13,22.7,3,1838,39.2,8.38,,77.0,-7.81,-3.13,13.6,10.7,35.6,0.34,ARMED,,20.0
1791210723220,28.514953,77.381272,36.0,CNG,19.00,14.9,3,1876,23.9,6.51,,77.0,0.00,0.00,13.6,0.0,36.4,0.60,ARMED,,18.4
1791210724220,28.515015,77.381204,35.0,CNG,27.74,14.9,,811,23.9,1.56,,77.0,0.00,0.00,13.1,0.0,35.0,0.00,ARMED,,12.5
1791210725131,28.515070,77.381146,33.0,CNG,38.87,14.9,,643,23.9,1.24,,78.0,0.00,0.00,13.1,0.0,33.0,0.00,ARMED,,12.5
1791210726943,28.515128,77.381085,32.0,CNG,46.90,14.9,,688,62.4,1.86,,78.0,-2.34,-1.56,13.7,0.0,32.0,0.00,ARMED,,12.9
1791210727859,28.515185,77.381026,32.0,CNG,23.18,25.9,3,1624,62.4,10.11,,78.0,-2.34,-1.56,13.7,15.0,32.0,0.00,ARMED,,20.8
1791210728936,28.515244,77.380962,33.0,CNG,18.92,33.7,3,1710,62.4,9.09,,78.0,-2.34,-1.56,13.4,25.7,33.0,0.00,ARMED,,22.0
1791210730808,28.515376,77.380829,35.0,CNG,26.32,14.9,3,1805,23.1,2.43,,78.0,0.00,-1.56,13.3,0.0,35.0,0.00,ARMED,,14.5
1791210731799,28.515437,77.380764,33.0,CNG,35.87,14.9,,693,23.1,1.67,,78.0,0.00,-1.56,13.4,0.0,33.0,0.00,ARMED,,12.9
1791210732798,28.515503,77.380702,32.0,CNG,42.21,14.9,,665,23.1,2.24,,78.0,0.00,-1.56,13.4,0.0,32.0,0.00,ARMED,,16.9
1791210734738,28.515612,77.380579,30.0,CNG,41.26,14.9,,755,39.2,3.08,,78.0,-3.91,-1.56,13.5,0.0,30.0,0.00,ARMED,,14.5
1791210735698,28.515661,77.380528,26.0,CNG,42.28,14.9,5,784,39.2,2.40,,78.0,-3.91,-1.56,13.5,0.0,26.0,0.00,ARMED,,14.9
1791210736643,28.515709,77.380475,23.0,CNG,40.20,14.9,4,798,39.2,2.56,,78.0,-3.91,-1.56,13.4,0.0,23.0,0.00,ARMED,,14.9
1791210738448,28.515780,77.380398,20.0,CNG,35.84,14.9,4,797,38.4,2.78,,79.0,1.56,-1.56,13.4,0.0,20.9,-1.18,ARMED,,14.9
1791210739417,28.515806,77.380368,15.0,CNG,28.78,14.9,3,800,38.4,3.14,,79.0,1.56,-1.56,13.4,0.0,15.0,0.00,OFF,,14.9
1791210740343,28.515815,77.380343,11.0,CNG,22.20,14.9,2,795,38.4,3.32,,79.0,1.56,-1.56,13.4,0.0,11.0,0.00,ARMED,,14.9
1791210742147,28.515858,77.380300,10.0,CNG,18.26,25.5,2,800,49.0,3.23,,79.0,10.94,-0.78,13.0,14.4,10.3,-0.38,ARMED,,14.9
1791210743120,28.515875,77.380270,11.0,CNG,21.16,14.9,2,903,49.0,1.48,,79.0,10.94,-0.78,13.0,0.0,11.0,0.00,ARMED,,13.3
1791210744113,28.515889,77.380248,9.0,CNG,7.72,22.0,,887,49.0,11.22,,79.0,10.94,-0.78,13.4,9.6,9.0,0.00,ARMED,,23.9
1791210745946,28.515904,77.380227,10.0,CNG,10.24,14.9,,857,22.4,1.78,,79.0,0.00,-1.56,13.4,0.0,10.0,0.00,ARMED,,13.3
1791210746896,28.515920,77.380211,7.0,CNG,11.82,14.9,,754,22.4,1.56,,79.0,0.00,-1.56,13.4,0.0,7.0,0.00,ARMED,,12.5
1791210747778,28.515928,77.380197,5.0,CNG,7.91,28.2,1,701,22.4,4.96,,79.0,0.00,-1.56,13.4,18.2,5.0,0.00,ARMED,,20.0
1791210749542,28.515942,77.380169,6.0,CNG,9.08,14.9,,1170,27.8,1.94,,79.0,-0.78,-1.56,13.5,0.0,6.0,0.00,ARMED,,12.2
1791210750506,28.515949,77.380158,4.0,CNG,7.66,25.9,,842,27.8,3.00,,79.0,-0.78,-1.56,13.5,15.0,4.0,0.00,ARMED,,14.5
1791210751507,28.515952,77.380150,4.0,CNG,3.61,31.4,,677,27.8,9.71,,79.0,-0.78,-1.56,13.4,22.5,4.0,0.00,ARMED,,31.4
1791210753228,28.515980,77.380097,9.0,CNG,5.32,28.2,2,747,32.5,4.15,,79.0,0.00,-1.56,13.4,18.2,9.0,0.00,ARMED,,28.6
1791210754154,28.516002,77.380071,12.0,CNG,9.07,14.9,2,807,32.5,2.24,,79.0,0.00,-1.56,13.2,0.0,12.0,0.00,ARMED,,14.5
1791210755119,28.516017,77.380052,8.0,CNG,9.61,14.9,,772,32.5,3.07,,79.0,0.00,-1.56,13.2,0.0,8.0,0.00,ARMED,,14.9
1791210756954,28.516027,77.380039,4.0,CNG,7.63,14.9,,796,42.0,3.54,,79.0,-0.78,-1.56,13.5,0.0,4.0,0.00,ARMED,,14.9
1791210757933,28.516027,77.380039,2.0,CNG,4.35,24.7,,797,42.0,5.92,,80.0,-0.78,-1.56,13.5,13.4,2.0,0.00,ARMED,,24.3
1791210758893,28.516030,77.380036,4.0,CNG,4.79,14.9,,1121,42.0,2.78,,80.0,-0.78,-1.56,13.4,0.0,4.0,0.00,ARMED,,15.3
1791210760674,28.516053,77.380024,3.0,CNG,4.39,14.9,,911,84.7,3.33,,80.0,-1.56,-1.56,13.4,0.0,3.0,0.00,ARMED,,14.5
1791210761679,28.516059,77.380021,3.0,CNG,2.22,25.9,,1451,84.7,10.81,,80.0,-1.56,-1.56,13.4,15.0,3.0,0.00,ARMED,,20.4
1791210762623,28.516068,77.380013,8.0,CNG,4.13,14.9,,881,84.7,3.44,,80.0,-1.56,-1.56,13.4,0.0,8.0,0.00,ARMED,,11.8
1791210764350,28.516100,77.379985,9.0,CNG,6.95,14.9,,699,25.9,2.06,,80.0,-2.34,-1.56,13.2,0.0,9.0,0.00,ARMED,,12.5
1791210765248,28.516114,77.379974,7.0,CNG,9.01,27.5,,706,25.9,1.82,,80.0,-2.34,-1.56,13.2,17.1,7.0,0.00,ARMED,,20.0
1791210766286,28.516131,77.379965,9.0,CNG,6.32,14.9,,624,25.9,7.81,,80.0,-2.34,-1.56,13.4,0.0,9.0,0.00,ARMED,,27.8
1791210768227,28.516178,77.379948,10.0,CNG,5.14,23.9,2,708,63.5,9.69,,81.0,14.84,-0.78,13.0,12.3,10.0,0.00,ARMED,,21.6
1791210769256,28.516203,77.379956,12.0,CNG,5.33,14.9,,794,63.5,8.81,,81.0,14.84,-0.78,13.3,0.0,12.0,0.00,ARMED,,21.6
1791210770252,28.516224,77.379977,11.0,CNG,7.56,14.9,2,846,63.5,2.57,,81.0,14.84,-0.78,13.3,0.0,11.0,0.00,ARMED,,14.9
1791210772173,28.516245,77.380012,8.0,CNG,8.27,14.9,,799,83.1,3.23,,81.0,-2.34,-2.34,13.0,0.0,8.0,0.00,ARMED,,14.9
1791210773108,28.516253,77.380029,7.0,CNG,5.79,14.9,,821,83.1,7.93,,81.0,-2.34,-2.34,13.0,0.0,7.0,0.00,ARMED,,32.9
1791210774143,28.516260,77.380053,9.0,CNG,5.83,23.9,2,735,83.1,6.27,,81.0,-2.34,-2.34,13.2,12.3,9.0,0.00,ARMED,,20.0
1791210775916,28.516266,77.380083,12.0,CNG,7.04,22.4,,1014,48.6,5.39,,81.0,-4.69,-1.56,13.2,10.2,12.0,0.00,ARMED,,18.4
1791210776865,28.516272,77.380119,14.0,CNG,8.70,21.2,2,1038,48.6,4.92,,81.0,-4.69,-1.56,13.3,8.6,14.0,0.00,ARMED,,16.9
1791210777900,28.516282,77.380159,15.0,CNG,8.46,25.1,2,1106,48.6,7.48,,81.0,-4.69,-1.56,13.3,13.9,15.0,0.00,ARMED,,20.0
1791210779594,28.516314,77.380249,17.0,CNG,9.13,23.1,2,1239,49.4,6.93,,81.0,-3.91,-1.56,13.5,11.2,16.4,0.78,ARMED,,18.8
1791210780570,28.516341,77.380306,21.0,CNG,13.31,14.9,2,1539,49.4,3.37,,81.0,-3.91,-1.56,13.5,0.0,21.0,0.00,ARMED,,13.7
1791210781626,28.516363,77.380354,21.0,CNG,11.48,25.5,4,787,49.4,8.73,,81.0,-3.91,-1.56,13.3,14.4,21.0,0.00,ARMED,,20.8
1791210783323,28.516435,77.380450,23.0,CNG,13.23,14.9,3,1156,29.4,5.78,,82.0,0.00,-1.56,13.3,0.0,23.0,0.00,ARMED,,16.9
1791210784292,28.516480,77.380486,21.0,CNG,16.88,14.9,4,838,29.4,3.05,,82.0,0.00,-1.56,13.1,0.0,21.0,0.00,ARMED,,14.5
1791210785203,28.516531,77.380509,20.0,CNG,13.24,22.7,4,799,29.4,8.23,,82.0,0.00,-1.56,13.1,10.7,20.3,-0.38,ARMED,,26.3
1791210787045,28.516631,77.380487,21.0,CNG,12.94,25.5,4,827,94.1,6.85,,82.0,0.00,-0.78,13.3,14.4,20.7,0.03,ARMED,,25.5
1791210787981,28.516682,77.380447,24.0,CNG,11.79,26.3,4,918,94.1,9.28,,82.0,0.00,-0.78,13.3,15.5,24.0,0.00,ARMED,,26.3
1791210789098,28.516731,77.380398,26.0,CNG,12.07,19.2,4,1003,94.1,8.53,,82.0,0.00,-0.78,13.3,5.9,26.0,0.00,ARMED,,22.4
1791210790810,28.516781,77.380348,27.0,CNG,15.09,21.2,4,1047,54.1,4.92,,83.0,-7.03,-1.56,13.3,8.6,26.7,0.39,ARMED,,18.4
1791210791747,28.516828,77.380293,27.0,CNG,22.68,14.9,4,1074,54.1,1.47,,83.0,-7.03,-1.56,13.2,0.0,27.0,0.00,ARMED,,12.9
1791210792704,28.516876,77.380243,25.0,CNG,28.89,14.9,4,877,54.1,2.04,,83.0,-7.03,-1.56,13.2,0.0,24.0,-1.67,ARMED,,12.9
1791210794520,28.516957,77.380157,22.0,CNG,34.30,14.9,5,725,24.3,1.77,,83.0,3.13,-1.56,13.4,0.0,22.0,0.00,ARMED,,12.5
1791210795516,28.516990,77.380119,16.0,CNG,35.07,14.9,,685,24.3,1.77,,83.0,3.13,-1.56,13.4,0.0,16.0,0.00,ARMED,,13.3
1791210796445,28.517017,77.380091,13.0,CNG,32.93,17.6,,652,24.3,1.85,,83.0,3.13,-1.56,13.0,3.7,13.0,0.00,ARMED,,12.2
1791210798249,28.517063,77.380043,12.0,CNG,10.48,24.7,,733,60.4,11.74,,83.0,-4.69,-0.78,13.0,13.4,12.0,0.00,ARMED,,22.0
1791210799264,28.517098,77.380015,18.0,CNG,9.50,23.1,2,1282,60.4,8.68,,83.0,-4.69,-0.78,13.4,11.2,18.0,0.00,ARMED,,20.4
1791210800125,28.517143,77.379990,19.0,CNG,9.76,23.1,2,1446,60.4,7.68,,83.0,-4.69,-0.78,13.4,11.2,18.7,0.38,ARMED,,20.0
1791210801924,28.517190,77.379967,21.0,CNG,10.33,22.7,2,1518,35.7,7.69,,83.0,0.00,0.00,13.4,10.7,20.4,1.15,ARMED,,20.0
1791210802863,28.517242,77.379949,21.0,CNG,9.44,23.9,3,1105,35.7,10.15,,83.0,0.00,0.00,13.4,12.3,21.0,0.00,ARMED,,22.0
1791210803811,28.517292,77.379926,22.0,CNG,10.07,22.0,3,1100,35.7,8.12,,83.0,0.00,0.00,13.4,9.6,21.7,0.39,ARMED,,20.8
1791210805667,28.517392,77.379869,23.0,CNG,11.61,22.0,3,1171,63.5,6.43,,84.0,-3.13,-1.56,13.4,9.6,22.7,0.75,ARMED,,18.8
1791210806656,28.517444,77.379838,25.0,CNG,9.68,32.2,3,1257,63.5,12.83,,84.0,-3.13,-1.56,13.5,23.5,25.0,0.00,ARMED,,25.9
1791210807596,28.517496,77.379798,28.0,CNG,9.91,30.6,3,1386,63.5,11.22,,84.0,-3.13,-1.56,13.5,21.4,27.1,1.17,ARMED,,22.7
1791210809592,28.517615,77.379689,31.0,CNG,9.94,14.9,3,1565,60.0,12.70,,84.0,0.00,-3.13,13.4,0.0,31.0,0.00,ARMED,,22.7
1791210810548,28.517675,77.379631,32.0,CNG,12.00,25.1,4,1251,60.0,8.01,,85.0,0.00,-3.13,13.4,13.9,32.0,0.00,ARMED,,20.0
1791210811551,28.517738,77.379569,34.0,CNG,14.10,23.9,4,1295,60.0,7.62,,85.0,0.00,-3.13,13.5,12.3,33.4,0.78,ARMED,,19.2
1791210813310,28.517871,77.379441,35.0,CNG,16.39,23.5,4,1343,47.8,6.84,,85.0,-2.34,-1.56,13.5,11.8,35.0,0.00,ARMED,,19.2
1791210814312,28.517939,77.379373,37.0,CNG,18.41,23.1,4,1422,47.8,6.87,,85.0,-2.34,-1.56,13.6,11.2,37.0,0.00,ARMED,,19.2
1791210815323,28.518007,77.379301,37.0,CNG,23.29,22.7,4,1438,47.8,4.09,,85.0,-2.34,-1.56,13.6,10.7,37.0,0.00,ARMED,,16.5
1791210817093,28.518145,77.379159,37.0,CNG,20.87,22.7,4,1464,51.8,8.33,,85.0,2.34,-0.78,13.5,10.7,37.0,0.00,ARMED,,20.0
1791210818086,28.518217,77.379085,39.0,CNG,20.72,22.7,4,1494,51.8,7.77,,86.0,2.34,-0.78,13.5,10.7,39.0,0.00,ARMED,,20.0
1791210819028,28.518291,77.379011,39.0,CNG,19.95,22.7,4,1530,51.8,8.42,,86.0,2.34,-0.78,13.4,10.7,38.8,-0.06,ARMED,,20.0
1791210820743,28.518365,77.378936,40.0,CNG,20.01,22.7,4,1563,47.8,8.13,,86.0,0.00,-0.78,13.4,10.7,39.3,0.27,ARMED,,20.0
1791210821739,28.518442,77.378859,42.0,CNG,22.69,22.7,4,1611,47.8,6.16,,86.0,0.00,-0.78,13.5,10.7,42.0,0.00,ARMED,,18.8
1791210822701,28.518518,77.378780,42.0,CNG,23.90,22.7,4,1632,47.8,6.63,,86.0,0.00,-0.78,13.5,10.7,42.0,0.00,ARMED,,18.8
1791210824580,28.518675,77.378616,43.0,CNG,24.15,22.7,4,1664,37.3,7.17,,86.0,0.00,-1.56,13.3,10.7,42.2,0.05,ARMED,,18.8
1791210825581,28.518754,77.378532,44.0,CNG,24.73,22.7,4,1693,37.3,7.02,,87.0,0.00,-1.56,13.3,10.7,44.0,0.00,ARMED,,18.8
1791210826517,28.518836,77.378447,44.0,CNG,24.96,22.7,4,1732,37.3,7.11,,87.0,0.00,-1.56,13.6,10.7,44.0,0.00,ARMED,,18.8
1791210828288,28.518993,77.378273,45.0,CNG,25.65,22.7,4,1737,34.1,6.89,,87.0,0.78,-2.34,13.6,10.7,44.1,0.03,ARMED,,18.8
1791210829213,28.519075,77.378185,46.0,CNG,26.58,22.4,4,1795,34.1,6.70,,87.0,0.78,-2.34,13.3,10.2,46.0,0.00,ARMED,,18.4
1791210830192,28.519158,77.378093,46.0,CNG,27.21,22.0,4,1776,34.1,6.67,,87.0,0.78,-2.34,13.3,9.6,45.5,-0.30,ARMED,,18.4
1791210831903,28.519242,77.378003,47.0,CNG,28.16,22.4,4,1803,35.3,6.48,,87.0,3.91,-2.34,13.4,10.2,45.7,0.02,ARMED,,18.4
1791210832824,28.519325,77.377911,47.0,CNG,27.56,22.4,4,1839,35.3,7.19,,87.0,3.91,-2.34,13.4,10.2,47.0,0.00,ARMED,,19.2
1791210833791,28.519410,77.377820,47.0,CNG,25.90,22.4,4,1831,35.3,8.07,,87.0,3.91,-2.34,13.3,10.2,46.8,-0.05,ARMED,,19.6
1791210835491,28.519582,77.377637,48.0,CNG,25.46,22.4,4,1846,39.2,7.90,,87.0,-2.34,-1.56,13.3,10.2,47.0,0.10,ARMED,,20.0
1791210836476,28.519670,77.377546,48.0,CNG,25.62,22.4,4,1882,39.2,7.58,,87.0,-2.34,-1.56,13.4,10.2,48.0,0.00,ARMED,,19.6
1791210837368,28.519760,77.377454,48.0,CNG,25.77,22.4,4,1881,39.2,7.55,,88.0,-2.34,-1.56,13.4,10.2,48.1,0.02,ARMED,,19.6
1791210839235,28.519933,77.377264,48.0,CNG,24.26,22.7,4,1871,32.2,8.79,,88.0,0.00,-2.34,13.3,10.7,47.9,-0.03,ARMED,,18.8
1791210840218,28.520020,77.377167,50.0,CNG,26.23,22.7,4,1911,32.2,6.89,,88.0,0.00,-2.34,13.3,10.7,50.0,0.00,ARMED,,18.8
1791210841232,28.520110,77.377070,50.0,CNG,27.94,22.7,4,1939,32.2,6.62,,88.0,0.00,-2.34,13.5,10.7,49.7,-0.08,ARMED,,18.8
1791210843244,28.520293,77.376868,51.0,CNG,29.48,22.7,4,1964,30.6,6.50,,88.0,1.56,-2.34,13.4,10.7,50.1,0.18,ARMED,,18.8
1791210844280,28.520379,77.376767,51.0,CNG,29.45,22.7,4,1985,30.6,7.09,,88.0,1.56,-2.34,13.5,10.7,51.0,0.00,ARMED,,18.8
1791210845223,28.520470,77.376658,52.0,CNG,31.50,18.8,4,2003,30.6,6.06,,88.0,1.56,-2.34,13.5,5.4,51.2,0.07,ARMED,,16.5
1791210847033,28.520642,77.376444,51.0,CNG,36.33,20.0,4,2011,19.2,4.42,,88.0,3.13,-3.91,13.5,7.0,51.5,0.11,ARMED,,16.5
1791210848082,28.520725,77.376337,51.0,CNG,39.70,20.8,4,1998,19.2,4.52,,88.0,3.13,-3.91,13.5,8.0,51.0,0.00,ARMED,,16.9
1791210849006,28.520807,77.376226,50.0,CNG,41.21,20.8,4,1962,19.2,4.67,,88.0,3.13,-3.91,13.4,8.0,50.5,-0.29,ARMED,,16.9
1791210850703,28.520884,77.376118,50.0,CNG,39.17,20.8,4,1950,28.2,5.61,,88.0,-1.56,-2.34,13.4,8.0,50.0,-0.34,ARMED,,18.0
1791210851770,28.520960,77.376008,50.0,CNG,36.75,20.8,4,1931,28.2,6.08,,88.0,-1.56,-2.34,13.2,8.0,50.0,0.00,ARMED,,18.4
1791210852676,28.521033,77.375895,49.0,CNG,33.75,20.8,4,1917,28.2,6.68,,88.0,-1.56,-2.34,13.2,8.0,49.4,-0.36,ARMED,,18.4
1791210854542,28.521174,77.375670,49.0,CNG,33.09,20.8,4,1903,37.6,6.23,,88.0,-0.78,-1.56,13.4,8.0,48.8,-0.41,ARMED,,18.4
1791210855528,28.521244,77.375564,49.0,CNG,29.00,22.4,4,1883,37.6,8.20,,88.0,-0.78,-1.56,13.4,10.2,49.0,0.00,ARMED,,19.6
1791210856478,28.521315,77.375454,49.0,CNG,29.52,22.4,4,1886,37.6,6.60,,88.0,-0.78,-1.56,13.4,10.2,48.5,-0.25,ARMED,,18.4
1791210858263,28.521453,77.375228,49.0,CNG,29.84,22.4,4,1888,30.2,6.60,,89.0,-0.78,-2.34,13.4,10.2,48.4,-0.23,ARMED,,18.4
1791210859197,28.521519,77.375114,49.0,CNG,30.43,22.4,4,1911,30.2,6.39,,89.0,-0.78,-2.34,13.2,10.2,49.0,0.00,ARMED,,18.4
1791210860107,28.521585,77.374998,49.0,CNG,30.33,22.4,4,1904,30.2,6.63,,89.0,-0.78,-2.34,13.2,10.2,48.9,-0.03,ARMED,,18.4
1791210861946,28.521648,77.374883,49.0,CNG,31.46,22.4,4,1893,29.8,6.01,,89.0,0.00,-2.34,13.5,10.2,48.7,-0.08,ARMED,,18.4
1791210862864,28.521711,77.374768,49.0,CNG,32.25,22.4,4,1897,29.8,5.98,,89.0,0.00,-2.34,13.5,10.2,49.0,0.00,ARMED,,18.4
1791210863850,28.521772,77.374652,49.0,CNG,32.81,22.4,4,1903,29.8,5.94,,89.0,0.00,-2.34,13.6,10.2,48.9,-0.03,ARMED,,18.4
1791210865626,28.521905,77.374418,49.0,CNG,33.11,22.4,4,1883,30.2,5.97,,89.0,-0.78,-2.34,13.6,10.2,48.5,-0.22,ARMED,,18.4
1791210866577,28.521967,77.374297,49.0,CNG,33.21,22.4,4,1869,30.2,6.00,,89.0,-0.78,-2.34,13.6,10.2,49.0,0.00,ARMED,,18.4
1791210867512,28.522032,77.374180,49.0,CNG,31.39,22.4,4,1880,30.2,6.91,,89.0,-0.78,-2.34,13.6,10.2,48.6,-0.25,ARMED,,19.2
1791210869300,28.522152,77.373941,49.0,CNG,28.41,22.4,4,1883,37.3,8.05,,89.0,-0.78,-1.56,13.3,10.2,48.4,-0.22,ARMED,,19.6
1791210870199,28.522211,77.373817,49.0,CNG,27.72,22.4,4,1909,37.3,7.49,,90.0,-0.78,-1.56,13.3,10.2,49.0,0.00,ARMED,,19.6
1791210871195,28.522274,77.373695,49.0,CNG,26.44,22.4,4,1908,37.3,8.10,,90.0,-0.78,-1.56,13.4,10.2,49.1,0.02,ARMED,,19.6
1791210872969,28.522336,77.373576,50.0,CNG,25.82,22.4,4,1940,36.9,8.19,,90.0,0.00,-1.56,13.4,10.2,49.7,0.35,ARMED,,19.6
1791210874032,28.522456,77.373326,50.0,CNG,28.41,22.4,4,1949,36.9,6.12,,90.0,0.00,-1.56,13.3,10.2,50.0,0.00,ARMED,,18.4
1791210874955,28.522456,77.373326,51.0,CNG,29.43,22.4,4,1964,36.9,6.71,,90.0,0.00,-1.56,13.3,10.2,50.4,0.22,ARMED,,18.4
1791210876773,28.522583,77.373080,51.0,CNG,31.08,22.4,4,1973,28.6,6.15,,90.0,-0.78,-2.34,13.6,10.2,50.8,0.26,ARMED,,18.4
1791210877672,28.522644,77.372954,52.0,CNG,32.90,14.9,4,2004,28.6,5.91,,90.0,-0.78,-2.34,13.6,0.0,52.0,0.00,ARMED,,17.6
1791210878649,28.522706,77.372828,52.0,CNG,36.38,22.0,5,1503,28.6,4.93,,90.0,-0.78,-2.34,13.1,9.6,52.0,0.00,ARMED,,18.8
1791210880555,28.522841,77.372578,52.0,CNG,35.34,22.4,5,1534,36.1,6.27,,90.0,-1.56,-2.34,13.3,10.2,52.0,0.00,ARMED,,18.0
1791210881557,28.522906,77.372448,52.0,CNG,35.49,22.4,5,1546,36.1,5.95,,90.0,-1.56,-2.34,13.4,10.2,52.0,0.00,ARMED,,18.4
1791210882505,28.522970,77.372322,52.0,CNG,34.92,22.4,5,1556,36.1,6.23,,90.0,-1.56,-2.34,13.4,10.2,52.0,0.00,ARMED,,18.4
1791210884229,28.523099,77.372066,53.0,CNG,34.30,22.4,5,1559,36.1,6.48,,90.0,-0.78,-2.34,13.4,10.2,52.7,0.38,ARMED,,18.4
1791210885264,28.523165,77.371938,53.0,CNG,34.03,22.4,5,1573,36.1,6.44,,90.0,-0.78,-2.34,13.4,10.2,53.0,0.00,ARMED,,19.2
1791210886282,28.523234,77.371812,53.0,CNG,32.81,22.4,5,1579,36.1,6.95,,90.0,-0.78,-2.34,13.4,10.2,53.0,0.00,ARMED,,19.2
1791210888113,28.523380,77.371562,53.0,CNG,31.51,22.4,5,1584,49.8,7.28,,89.0,0.78,-0.78,13.4,10.2,53.6,0.31,ARMED,,19.6
1791210889115,28.523459,77.371438,54.0,CNG,28.32,23.1,5,1596,49.8,8.95,,89.0,0.78,-0.78,13.5,11.2,54.0,0.00,ARMED,,20.0
1791210890014,28.523536,77.371314,54.0,CNG,27.62,23.1,5,1611,49.8,8.28,,89.0,0.78,-0.78,13.5,11.2,54.5,0.26,ARMED,,20.0
1791210891730,28.523615,77.371190,55.0,CNG,26.94,23.1,5,1626,41.2,8.65,,89.0,-0.78,-0.78,13.5,11.2,55.0,0.44,ARMED,,20.0
1791210892570,28.523697,77.371067,55.0,CNG,29.56,23.1,5,1637,41.2,6.51,,89.0,-0.78,-0.78,13.5,11.2,55.0,0.00,ARMED,,18.8
1791210893570,28.523781,77.370944,55.0,CNG,30.35,23.1,5,1643,41.2,7.11,,89.0,-0.78,-0.78,13.4,11.2,55.5,0.26,ARMED,,19.2
1791210895199,28.523955,77.370700,56.0,CNG,31.91,23.1,5,1662,38.4,6.63,,88.0,-0.78,-1.56,13.4,11.2,56.1,0.50,ARMED,,18.8
1791210896137,28.524051,77.370576,56.0,CNG,31.99,23.1,5,1671,38.4,7.13,,88.0,-0.78,-1.56,13.4,11.2,56.0,0.00,ARMED,,18.8
1791210896993,28.524145,77.370460,57.0,CNG,33.23,23.1,5,1676,38.4,6.61,,88.0,-0.78,-1.56,13.4,11.2,56.5,0.30,ARMED,,18.8
1791210898704,28.524239,77.370339,57.0,CNG,33.95,23.1,5,1696,36.9,6.64,,88.0,0.00,-1.56,13.5,11.2,57.2,0.54,ARMED,,18.8
1791210899622,28.524334,77.370218,58.0,CNG,35.21,22.7,5,1713,36.9,6.37,,88.0,0.00,-1.56,13.5,10.7,58.0,0.00,ARMED,,18.8
1791210900530,28.524430,77.370099,58.0,CNG,35.84,22.7,5,1724,36.9,6.44,,88.0,0.00,-1.56,13.4,10.7,58.2,0.07,ARMED,,18.8
1791210902089,28.524615,77.369851,58.0,CNG,36.63,22.7,5,1732,23.1,6.26,,88.0,0.00,-2.34,13.4,10.7,58.5,0.12,ARMED,,18.8
1791210903025,28.524711,77.369726,59.0,CNG,36.75,22.0,5,1747,23.1,6.53,,88.0,0.00,-2.34,13.5,9.6,59.0,0.00,ARMED,,18.8
1791210903943,28.524711,77.369726,58.0,CNG,35.18,22.0,5,1738,23.1,7.17,,88.0,0.00,-2.34,13.5,9.6,58.8,-0.05,ARMED,,19.2
1791210905675,28.524905,77.369481,58.0,CNG,33.81,21.6,5,1734,38.4,7.42,,88.0,-0.78,-1.56,13.5,9.1,58.6,-0.09,ARMED,,19.2
1791210906625,28.525005,77.369358,58.0,CNG,32.66,22.0,5,1728,38.4,7.63,,88.0,-0.78,-1.56,13.5,9.6,58.0,0.00,ARMED,,19.2
1791210907523,28.525104,77.369236,58.0,CNG,32.29,22.0,5,1724,38.4,7.47,,88.0,-0.78,-1.56,13.4,9.6,58.1,0.04,ARMED,,19.2
1791210909198,28.525292,77.368985,58.0,CNG,32.43,22.0,5,1726,31.0,7.26,,88.0,-0.78,-2.34,13.4,9.6,58.2,0.06,ARMED,,19.2
1791210910131,28.525388,77.368863,58.0,CNG,36.08,21.6,5,1721,31.0,5.46,,88.0,-0.78,-2.34,13.3,9.1,58.0,0.00,ARMED,,18.0
1791210910990,28.525482,77.368742,58.0,CNG,38.32,21.6,5,1724,31.0,5.61,,88.0,-0.78,-2.34,13.3,9.1,58.1,0.04,ARMED,,17.6
1791210912799,28.525579,77.368622,58.0,CNG,40.51,21.6,5,1721,29.4,5.35,,88.0,-0.78,-2.34,13.5,9.1,58.1,0.02,ARMED,,17.6
1791210914020,28.525766,77.368378,58.0,CNG,42.27,21.6,5,1724,29.4,5.24,,88.0,-0.78,-2.34,13.5,9.1,58.0,0.00,ARMED,,17.6
1791210915212,28.525861,77.368258,57.0,CNG,43.34,21.6,5,1719,29.4,5.17,,88.0,-0.78,-2.34,13.5,9.1,57.0,0.00,ARMED,,17.6
1791210917570,28.526049,77.368006,58.0,CNG,44.89,21.6,5,1719,28.6,5.00,,88.0,-0.78,-2.34,13.4,9.1,58.0,0.00,ARMED,,17.6
1791210918812,28.526143,77.367886,58.0,CNG,45.55,21.6,5,1724,28.6,5.09,,88.0,-0.78,-2.34,13.5,9.1,58.0,0.00,ARMED,,17.6
1791210919984,28.526327,77.367640,58.0,CNG,45.28,21.6,5,1727,28.6,5.28,,88.0,-0.78,-2.34,13.5,9.1,58.0,0.00,ARMED,,17.6
1791210922143,28.526508,77.367387,58.0,CNG,41.52,21.6,5,1726,36.9,6.42,,88.0,-1.56,-1.56,13.4,9.1,58.0,0.00,ARMED,,18.4
1791210923002,28.526596,77.367262,58.0,CNG,37.31,21.6,5,1719,36.9,7.32,,89.0,-1.56,-1.56,13.4,9.1,58.0,0.00,ARMED,,18.8
1791210923891,28.526596,77.367262,58.0,CNG,36.07,21.6,5,1706,36.9,6.90,,89.0,-1.56,-1.56,13.4,9.1,57.7,-0.15,ARMED,,18.8
1791210925567,28.526762,77.366998,57.0,CNG,34.32,21.6,5,1709,37.3,7.29,,89.0,0.00,-1.56,13.4,9.1,57.6,-0.14,ARMED,,18.8
1791210926512,28.526843,77.366868,57.0,CNG,34.60,21.6,5,1696,37.3,6.65,,89.0,0.00,-1.56,13.2,9.1,57.0,0.00,ARMED,,18.8
1791210927382,28.526920,77.366736,57.0,CNG,37.28,21.6,5,1694,37.3,5.52,,89.0,0.00,-1.56,13.2,9.1,57.1,0.03,ARMED,,17.6
1791210929036,28.527072,77.366469,57.0,CNG,38.31,21.6,5,1703,29.4,5.83,,89.0,-0.78,-2.34,13.5,9.1,57.3,0.09,ARMED,,17.6
1791210929982,28.527144,77.366335,57.0,CNG,41.89,21.2,5,1668,29.4,4.78,,89.0,-0.78,-2.34,13.5,8.6,57.0,0.00,ARMED,,17.3
1791210930906,28.527144,77.366335,56.0,CNG,41.93,21.2,5,1660,29.4,5.45,,89.0,-0.78,-2.34,13.5,8.6,56.3,-0.39,ARMED,,17.3
1791210932566,28.527287,77.366070,55.0,CNG,43.69,21.2,5,1652,29.0,4.81,,89.0,0.00,-2.34,13.5,8.6,55.8,-0.44,ARMED,,17.3
1791210933482,28.527355,77.365939,54.0,CNG,43.42,21.2,5,1609,29.0,5.13,,89.0,0.00,-2.34,13.5,8.6,54.0,0.00,ARMED,,17.3
1791210934357,28.527422,77.365809,53.0,CNG,41.88,21.2,5,1599,29.0,5.46,,89.0,0.00,-2.34,13.5,8.6,53.9,-0.03,ARMED,,17.3
1791210936079,28.527556,77.365554,53.0,CNG,43.13,21.2,5,1580,31.4,4.79,,89.0,-0.78,-2.34,13.2,8.6,53.4,-0.29,ARMED,,17.3
1791210936958,28.527556,77.365554,52.0,CNG,39.89,21.2,5,1559,31.4,5.95,,89.0,-0.78,-2.34,13.2,8.6,52.0,0.00,ARMED,,18.4
1791210937893,28.527621,77.365428,52.0,CNG,37.21,21.6,5,1541,31.4,6.30,,89.0,-0.78,-2.34,13.4,9.1,51.9,-0.02,ARMED,,18.4
1791210939506,28.527749,77.365181,51.0,CNG,34.85,21.6,5,1529,40.8,6.57,,89.0,-0.78,-1.56,13.4,9.1,51.6,-0.19,ARMED,,18.8
1791210940411,28.527815,77.365060,50.0,CNG,33.30,21.6,5,1507,40.8,6.56,,89.0,-0.78,-1.56,13.4,9.1,50.0,0.00,ARMED,,18.8
1791210941351,28.527878,77.364941,50.0,CNG,32.30,22.4,5,1492,40.8,6.62,,89.0,-0.78,-1.56,13.4,10.2,50.1,0.04,ARMED,,19.2
1791210943032,28.528004,77.364699,50.0,CNG,28.41,22.7,5,1485,41.6,8.51,,89.0,1.56,-1.56,13.3,10.7,50.0,0.00,ARMED,,20.0
1791210943867,28.528004,77.364699,50.0,CNG,28.59,23.1,5,1477,41.6,7.08,,89.0,1.56,-1.56,13.3,11.2,50.0,0.00,ARMED,,18.8
1791210944776,28.528064,77.364579,50.0,CNG,29.38,23.1,5,1488,41.6,6.67,,89.0,1.56,-1.56,13.5,11.2,50.0,0.01,ARMED,,18.8
1791210946496,28.528186,77.364334,50.0,CNG,29.96,23.1,5,1488,43.1,6.62,,90.0,0.00,-1.56,13.5,11.2,50.0,0.01,ARMED,,18.8
1791210947426,28.528248,77.364212,50.0,CNG,30.53,23.1,5,1485,43.1,6.50,,90.0,0.00,-1.56,13.5,11.2,50.0,0.00,ARMED,,18.8
1791210948317,28.528310,77.364091,50.0,CNG,30.08,23.1,5,1494,43.1,6.94,,90.0,0.00,-1.56,13.5,11.2,50.2,0.05,ARMED,,18.8
1791210950041,28.528436,77.363848,50.0,CNG,29.36,23.1,5,1494,42.7,7.21,,90.0,0.00,-1.56,13.5,11.2,50.2,0.05,ARMED,,18.8
1791210950920,28.528436,77.363848,50.0,CNG,29.67,23.1,5,1496,42.7,6.78,,90.0,0.00,-1.56,13.5,11.2,50.0,0.00,ARMED,,18.8
1791210951822,28.528500,77.363729,50.0,CNG,27.53,27.1,5,1500,42.7,8.23,,90.0,0.00,-1.56,13.3,16.6,50.3,0.07,ARMED,,22.4
1791210953654,28.528633,77.363478,51.0,CNG,23.26,26.7,5,1510,65.5,11.00,,90.0,0.00,0.00,13.3,16.1,50.6,0.24,ARMED,,22.4
1791210954658,28.528702,77.363355,52.0,CNG,21.56,26.7,5,1555,65.5,10.90,,90.0,0.00,0.00,13.4,16.1,52.0,0.00,ARMED,,22.4
1791210955540,28.528774,77.363225,53.0,CNG,20.88,26.7,5,1560,65.5,10.84,,90.0,0.00,0.00,13.4,16.1,52.3,0.18,ARMED,,22.4
1791210957212,28.528921,77.362975,53.0,CNG,20.31,26.7,5,1587,63.5,11.09,,90.0,-1.56,0.00,13.5,16.1,53.1,0.51,ARMED,,22.4
1791210958091,28.528996,77.362848,55.0,CNG,20.11,26.7,5,1616,63.5,11.34,,90.0,-1.56,0.00,13.5,16.1,55.0,0.00,ARMED,,22.4
1791210959000,28.529072,77.362720,55.0,CNG,20.63,26.7,5,1634,63.5,10.49,,90.0,-1.56,0.00,13.5,16.1,55.0,-0.01,ARMED,,20.8
1791210960670,28.529147,77.362590,56.0,CNG,21.16,26.7,5,1658,53.7,10.41,,90.0,-1.56,-1.56,13.5,16.1,55.5,0.30,ARMED,,20.8
1791210961580,28.529226,77.362457,57.0,CNG,22.22,26.3,5,1687,53.7,9.73,,90.0,-1.56,-1.56,13.5,15.5,57.0,0.00,ARMED,,20.8
1791210962568,28.529305,77.362319,58.0,CNG,22.50,26.3,5,1720,53.7,10.35,,89.0,-1.56,-1.56,13.5,15.5,58.0,0.00,ARMED,,21.2
1791210964255,28.529466,77.362047,58.0,CNG,23.18,26.3,5,1730,51.0,9.77,,89.0,-1.56,-2.34,13.5,15.5,58.1,0.03,ARMED,,20.8
1791210965176,28.529549,77.361909,60.0,CNG,15.74,56.9,5,1767,51.0,22.73,,89.0,-1.56,-2.34,13.5,57.2,60.0,0.00,ARMED,,49.8
1791210966357,28.529635,77.361767,62.0,CNG,19.61,52.9,5,1847,51.0,8.44,,89.0,-1.56,-2.34,13.3,51.9,62.0,0.00,ARMED,,48.2
1791210968142,28.529823,77.361469,65.0,CNG,14.45,23.5,5,1930,21.2,25.07,,89.0,-7.03,-3.13,13.3,11.8,65.0,0.00,ARMED,,49.0
1791210969056,28.529917,77.361320,66.0,CNG,18.48,14.9,5,1972,21.2,8.88,,89.0,-7.03,-3.13,13.4,0.0,66.0,0.00,ARMED,,20.0
1791210969928,28.529917,77.361320,65.0,CNG,25.13,14.9,5,1937,21.2,4.99,,89.0,-7.03,-3.13,13.4,0.0,65.4,-0.33,ARMED,,16.1
1791210971558,28.530099,77.361023,64.0,CNG,26.39,23.1,5,1941,42.0,9.16,,89.0,-1.56,-2.34,13.4,11.2,65.2,-0.32,ARMED,,20.4
1791210972404,28.530191,77.360873,64.0,CNG,27.02,22.7,5,1920,42.0,9.33,,89.0,-1.56,-2.34,13.4,10.7,64.0,0.00,ARMED,,20.0
1791210973288,28.530286,77.360728,64.0,CNG,28.93,22.7,5,1918,42.0,8.08,,89.0,-1.56,-2.34,13.4,10.7,64.3,0.07,ARMED,,20.0
1791210974918,28.530379,77.360584,64.0,CNG,32.28,22.4,5,1907,22.0,6.70,,88.0,-0.78,-3.13,13.4,10.2,64.1,0.02,ARMED,,18.4
1791210975846,28.530477,77.360437,64.0,CNG,40.52,14.9,5,1885,22.0,3.98,,88.0,-0.78,-3.13,13.5,0.0,64.0,0.00,ARMED,,16.5
1791210976738,28.530573,77.360295,62.0,CNG,46.28,14.9,5,1846,22.0,4.27,,88.0,-0.78,-3.13,13.5,0.0,62.6,-0.79,ARMED,,16.1
1791210978411,28.530750,77.360043,57.0,CNG,52.84,14.9,5,1704,19.6,3.37,,88.0,0.00,0.00,13.5,0.0,58.8,-2.58,ARMED,,15.7
1791210979287,28.530833,77.359928,53.0,CNG,36.52,24.7,5,1545,19.6,9.08,,88.0,0.00,0.00,13.5,13.4,53.0,0.00,ARMED,,20.4
1791210980205,28.530918,77.359813,54.0,CNG,32.15,24.3,5,1595,19.6,8.18,,88.0,0.00,0.00,13.5,12.8,53.4,0.21,ARMED,,19.6
1791210981852,28.531006,77.359697,55.0,CNG,31.99,23.5,5,1637,39.2,7.08,,88.0,-3.13,-2.34,13.5,11.8,54.5,0.76,ARMED,,19.2
1791210982819,28.531095,77.359578,57.0,CNG,31.94,23.1,5,1700,39.2,7.31,,88.0,-3.13,-2.34,13.5,11.2,57.0,0.00,ARMED,,19.2
1791210983701,28.531187,77.359453,58.0,CNG,31.04,22.7,5,1719,39.2,7.95,,88.0,-3.13,-2.34,13.5,10.7,57.5,0.29,ARMED,,19.6
1791210985408,28.531371,77.359198,59.0,CNG,30.72,22.7,5,1729,41.2,7.97,,88.0,0.78,-2.34,13.3,10.7,58.0,0.36,ARMED,,20.0
1791210986336,28.531467,77.359072,60.0,CNG,31.40,22.4,5,1779,41.2,7.56,,88.0,0.78,-2.34,13.3,10.2,60.0,0.00,ARMED,,19.6
1791210987245,28.531565,77.358943,60.0,CNG,31.46,22.0,5,1805,41.2,7.77,,88.0,0.78,-2.34,13.4,9.6,60.4,0.24,ARMED,,19.2
1791210989060,28.531762,77.358681,61.0,CNG,32.30,21.6,5,1819,35.3,7.42,,88.0,-0.78,-3.13,13.5,9.1,61.0,0.41,ARMED,,19.2
1791210990036,28.531861,77.358548,62.0,CNG,37.14,21.6,5,1836,35.3,5.34,,88.0,-0.78,-3.13,13.3,9.1,62.0,0.00,ARMED,,18.0
1791210990972,28.531960,77.358415,62.0,CNG,39.44,21.2,5,1853,35.3,5.84,,88.0,-0.78,-3.13,13.3,8.6,62.2,0.04,ARMED,,17.6
1791210992723,28.532060,77.358278,63.0,CNG,41.94,21.2,5,1867,24.3,5.57,,88.0,0.78,-3.13,13.4,8.6,62.6,0.25,ARMED,,17.3
1791210993620,28.532160,77.358142,63.0,CNG,49.35,20.4,5,1885,24.3,3.86,,89.0,0.78,-3.13,13.4,7.5,63.0,0.00,ARMED,,16.5
1791210994490,28.532257,77.358002,64.0,CNG,51.27,20.4,5,1887,24.3,4.81,,89.0,0.78,-3.13,13.4,7.5,63.3,0.16,ARMED,,16.5
1791210996151,28.532452,77.357718,64.0,CNG,55.49,20.4,5,1895,20.8,4.14,,89.0,0.78,-3.91,13.4,7.5,63.6,0.21,ARMED,,16.5
1791210997081,28.532545,77.357574,64.0,CNG,56.04,20.4,5,1901,20.8,4.60,,89.0,0.78,-3.91,13.5,7.5,64.0,0.00,ARMED,,16.5
1791210998018,28.532642,77.357429,64.0,CNG,59.50,20.4,5,1903,20.8,3.99,,89.0,0.78,-3.91,13.5,7.5,64.0,-0.00,ARMED,,16.5
1791210999603,28.532737,77.357287,64.0,CNG,61.96,20.4,5,1900,27.1,3.96,,89.0,2.34,-3.13,13.2,7.5,63.9,-0.02,ARMED,,17.3
1791211000465,28.532832,77.357144,64.0,CNG,52.72,20.4,5,1885,27.1,6.07,,89.0,2.34,-3.13,13.2,7.5,64.0,0.00,ARMED,,18.0
1791211001375,28.532927,77.357001,63.0,CNG,47.39,20.4,5,1890,27.1,6.27,,89.0,2.34,-3.13,13.4,7.5,63.7,-0.18,ARMED,,18.0
1791211002999,28.533113,77.356716,63.0,CNG,46.58,20.4,5,1873,29.4,5.67,,89.0,-0.78,-3.13,13.4,7.5,63.2,-0.39,ARMED,,18.0
1791211003894,28.533113,77.356716,62.0,CNG,43.32,20.8,5,1860,29.4,6.48,,89.0,-0.78,-3.13,13.3,8.0,62.0,0.00,ARMED,,18.0
1791211004792,28.533207,77.356576,62.0,CNG,43.34,20.8,5,1855,29.4,5.84,,89.0,-0.78,-3.13,13.3,8.0,62.2,0.07,ARMED,,18.0
1791211006477,28.533392,77.356298,62.0,CNG,39.44,14.9,5,1841,23.1,7.30,,89.0,0.00,-3.13,13.5,0.0,62.0,-0.10,ARMED,,18.4
1791211007416,28.533488,77.356160,62.0,CNG,42.92,21.2,5,1846,23.1,5.12,,89.0,0.00,-3.13,13.5,8.6,62.0,0.00,ARMED,,17.3
1791211008376,28.533581,77.356026,62.0,CNG,46.82,22.0,5,1825,23.1,4.67,,89.0,0.00,-3.13,13.5,9.6,61.6,-0.25,ARMED,,17.3
1791211010041,28.533766,77.355753,61.0,CNG,46.12,22.0,5,1833,29.0,5.53,,89.0,-0.78,-3.13,13.5,9.6,61.5,-0.20,ARMED,,18.0
1791211010962,28.533859,77.355616,61.0,CNG,43.85,22.0,5,1818,29.0,6.11,,89.0,-0.78,-3.13,13.5,9.6,61.0,0.00,ARMED,,18.0
1791211011888,28.533859,77.355616,61.0,CNG,42.67,22.0,5,1820,29.0,6.08,,89.0,-0.78,-3.13,13.5,9.6,61.1,0.03,ARMED,,18.0
1791211013637,28.534042,77.355346,61.0,CNG,47.87,14.9,5,1819,30.6,4.25,,89.0,0.00,-3.91,13.5,0.0,61.1,0.03,ARMED,,16.1
1791211014530,28.534131,77.355213,60.0,CNG,42.21,22.7,5,1769,30.6,6.86,,89.0,0.00,-3.91,13.5,10.7,60.0,0.00,ARMED,,18.8
1791211015436,28.534219,77.355080,59.0,CNG,38.55,22.0,5,1768,30.6,7.09,,89.0,0.00,-3.91,13.5,9.6,59.6,-0.23,ARMED,,19.2
1791211017165,28.534395,77.354811,59.0,CNG,34.92,21.2,5,1754,35.3,7.90,,89.0,-1.56,-3.13,13.5,8.6,59.1,-0.41,ARMED,,19.2
1791211018090,28.534483,77.354680,59.0,CNG,34.87,20.4,5,1749,35.3,6.93,,89.0,-1.56,-3.13,13.4,7.5,59.0,0.00,ARMED,,18.8
1791211018995,28.534570,77.354544,58.0,CNG,44.42,14.9,5,1735,35.3,3.09,,89.0,-1.56,-3.13,13.4,0.0,58.5,-0.29,ARMED,,15.7
1791211020701,28.534655,77.354416,57.0,CNG,39.74,21.2,5,1730,34.9,6.82,,89.0,-0.78,-3.13,13.4,8.6,58.1,-0.32,ARMED,,18.4
1791211021585,28.534738,77.354287,57.0,CNG,41.63,21.2,5,1693,34.9,5.19,,90.0,-0.78,-3.13,13.4,8.6,57.0,0.00,ARMED,,17.6
1791211022474,28.534824,77.354166,57.0,CNG,43.99,21.2,5,1699,34.9,4.84,,90.0,-0.78,-3.13,13.5,8.6,57.0,-0.00,ARMED,,17.3
1791211024277,28.535000,77.353910,57.0,CNG,44.18,21.2,5,1688,26.3,5.24,,89.0,0.00,-3.13,13.5,8.6,56.8,-0.07,ARMED,,17.3
1791211025214,28.535082,77.353786,57.0,CNG,46.84,20.8,5,1701,26.3,4.52,,89.0,0.00,-3.13,13.3,8.0,57.0,0.00,ARMED,,16.9
1791211026107,28.535167,77.353659,57.0,CNG,47.24,20.8,5,1689,26.3,4.87,,89.0,0.00,-3.13,13.3,8.0,56.8,-0.06,ARMED,,16.5
1791211027789,28.535255,77.353533,57.0,CNG,47.79,20.8,5,1687,23.5,4.79,,89.0,-0.78,-3.13,13.3,8.0,56.7,-0.07,ARMED,,16.5
1791211028674,28.535341,77.353406,57.0,CNG,52.17,21.2,5,1686,23.5,3.85,,89.0,-0.78,-3.13,13.3,8.6,57.0,0.00,ARMED,,15.7
1791211029565,28.535430,77.353281,57.0,CNG,50.87,21.2,5,1681,23.5,4.75,,89.0,-0.78,-3.13,13.4,8.6,56.6,-0.20,ARMED,,17.3
1791211031251,28.535607,77.353033,57.0,CNG,48.17,20.8,5,1691,29.8,5.22,,89.0,-2.34,-3.13,13.4,8.0,56.7,-0.13,ARMED,,16.9
1791211032129,28.535695,77.352908,57.0,CNG,44.48,20.8,5,1697,29.8,5.84,,89.0,-2.34,-3.13,13.1,8.0,57.0,0.00,ARMED,,18.0
1791211033065,28.535781,77.352779,57.0,CNG,43.57,20.8,5,1702,29.8,5.51,,89.0,-2.34,-3.13,13.1,8.0,57.1,0.04,ARMED,,18.0
1791211034768,28.535867,77.352649,57.0,CNG,41.61,20.8,5,1693,32.5,5.98,,89.0,-0.78,-3.13,13.5,8.0,57.0,-0.02,ARMED,,18.0
1791211035752,28.535955,77.352520,57.0,CNG,41.27,20.8,5,1710,32.5,5.71,,89.0,-0.78,-3.13,13.5,8.0,57.0,0.00,ARMED,,18.0
1791211036693,28.536038,77.352392,57.0,CNG,41.11,20.8,5,1695,32.5,5.70,,89.0,-0.78,-3.13,13.4,8.0,57.0,-0.01,ARMED,,18.0
1791211038344,28.536211,77.352139,57.0,CNG,43.34,20.8,5,1694,26.3,4.94,,88.0,0.00,-3.13,13.4,8.0,56.9,-0.01,ARMED,,16.9
1791211039253,28.536296,77.352012,57.0,CNG,43.04,22.0,5,1697,26.3,5.47,,88.0,0.00,-3.13,13.5,9.6,57.0,0.00,ARMED,,17.6
1791211040122,28.536384,77.351884,57.0,CNG,41.16,22.0,5,1694,26.3,6.03,,89.0,0.00,-3.13,13.5,9.6,56.9,-0.02,ARMED,,17.6
1791211041834,28.536469,77.351756,57.0,CNG,39.04,22.4,5,1706,35.3,6.43,,89.0,-0.78,-3.13,13.5,10.2,57.2,0.06,ARMED,,18.0
1791211042773,28.536553,77.351625,58.0,CNG,37.35,23.1,5,1707,35.3,6.75,,88.0,-0.78,-3.13,13.5,11.2,58.0,0.00,ARMED,,18.4
1791211043685,28.536637,77.351495,58.0,CNG,35.35,23.1,5,1716,35.3,7.24,,88.0,-0.78,-3.13,13.5,11.2,57.8,-0.06,ARMED,,18.8
1791211045361,28.536808,77.351231,58.0,CNG,34.47,23.1,5,1724,36.9,7.13,,88.0,0.00,-3.13,13.5,11.2,57.9,-0.02,ARMED,,18.8
1791211046311,28.536891,77.351099,59.0,CNG,34.07,23.1,5,1751,36.9,7.20,,88.0,0.00,-3.13,13.5,11.2,59.0,0.00,ARMED,,18.8
1791211047148,28.536975,77.350965,59.0,CNG,35.02,23.1,5,1752,36.9,6.60,,88.0,0.00,-3.13,13.5,11.2,58.9,-0.02,ARMED,,18.8
1791211048815,28.537059,77.350830,59.0,CNG,35.63,23.1,5,1765,36.9,6.59,,88.0,0.00,-3.13,13.5,11.2,59.2,0.14,ARMED,,18.8
1791211049742,28.537144,77.350692,60.0,CNG,33.29,23.1,5,1774,36.9,8.08,,88.0,0.00,-3.13,13.5,11.2,60.0,0.00,ARMED,,20.0
1791211050663,28.537230,77.350556,60.0,CNG,31.66,23.1,5,1772,36.9,8.30,,88.0,0.00,-3.13,13.4,11.2,59.7,-0.16,ARMED,,20.0
1791211052397,28.537406,77.350283,60.0,CNG,30.25,23.1,5,1785,43.9,8.65,,89.0,0.00,-2.34,13.4,11.2,59.9,0.02,ARMED,,20.0
1791211053281,28.537492,77.350144,60.0,CNG,29.71,23.1,5,1792,43.9,8.47,,89.0,0.00,-2.34,13.3,11.2,60.0,0.00,ARMED,,20.0
1791211054154,28.537578,77.350005,61.0,CNG,30.03,23.1,5,1802,43.9,8.17,,89.0,0.00,-2.34,13.3,11.2,60.4,0.23,ARMED,,20.0
1791211055819,28.537665,77.349863,61.0,CNG,30.14,23.1,5,1810,35.3,8.23,,89.0,-0.78,-2.34,13.4,11.2,60.8,0.28,ARMED,,20.0
1791211056706,28.537753,77.349723,61.0,CNG,32.70,23.1,5,1814,35.3,6.66,,89.0,-0.78,-2.34,13.4,11.2,61.0,0.00,ARMED,,18.8
1791211057624,28.537839,77.349580,61.0,CNG,32.99,23.1,5,1815,35.3,7.46,,89.0,-0.78,-2.34,13.4,11.2,61.0,0.01,ARMED,,19.2
1791211059480,28.538014,77.349294,62.0,CNG,34.14,23.1,5,1826,34.9,7.04,,89.0,0.00,-3.13,13.5,11.2,61.3,0.17,ARMED,,18.8
1791211060396,28.538102,77.349149,62.0,CNG,34.29,23.1,5,1833,34.9,7.34,,89.0,0.00,-3.13,13.2,11.2,62.0,0.00,ARMED,,18.8
1791211061272,28.538189,77.349005,62.0,CNG,34.82,22.7,5,1840,34.9,7.11,,89.0,0.00,-3.13,13.2,10.7,61.9,-0.02,ARMED,,18.8
1791211062970,28.538278,77.348863,62.0,CNG,34.96,22.7,5,1854,33.7,7.20,,89.0,0.78,-3.13,13.2,10.7,62.2,0.15,ARMED,,18.8
1791211063835,28.538367,77.348719,63.0,CNG,36.92,22.7,5,1850,33.7,6.40,,89.0,0.78,-3.13,13.2,10.7,63.0,0.00,ARMED,,18.8
1791211064723,28.538456,77.348576,63.0,CNG,38.07,22.7,5,1853,33.7,6.45,,89.0,0.78,-3.13,13.3,10.7,62.6,-0.24,ARMED,,18.8
1791211066386,28.538638,77.348290,63.0,CNG,38.65,22.7,5,1860,38.4,6.51,,89.0,0.00,-3.13,13.3,10.7,62.5,-0.19,ARMED,,18.8
1791211067283,28.538728,77.348146,63.0,CNG,34.82,22.7,5,1880,38.4,8.49,,89.0,0.00,-3.13,13.4,10.7,63.0,0.00,ARMED,,19.6
1791211068191,28.538819,77.348003,63.0,CNG,32.46,22.0,5,1862,38.4,8.74,,89.0,0.00,-3.13,13.4,9.6,62.8,-0.05,ARMED,,20.0
1791211069805,28.538910,77.347862,63.0,CNG,36.62,22.0,5,1863,36.5,5.68,,89.0,-0.78,-2.34,13.4,9.6,62.8,-0.05,ARMED,,16.5
1791211070696,28.539002,77.347721,62.0,CNG,35.46,22.0,5,1855,36.5,7.49,,89.0,-0.78,-2.34,13.4,9.6,62.0,0.00,ARMED,,19.2
1791211071639,28.539092,77.347580,62.0,CNG,34.84,22.0,5,1859,36.5,7.47,,89.0,-0.78,-2.34,13.5,9.6,62.4,0.23,ARMED,,19.2
1791211073289,28.539272,77.347296,62.0,CNG,35.12,22.0,5,1848,29.0,7.13,,89.0,0.78,-3.13,13.5,9.6,62.3,0.07,ARMED,,19.2
1791211074188,28.539362,77.347157,62.0,CNG,37.11,22.0,5,1858,29.0,6.24,,89.0,0.78,-3.13,13.5,9.6,62.0,0.00,ARMED,,18.0
1791211075052,28.539452,77.347017,62.0,CNG,44.23,22.4,5,1854,29.0,4.08,,90.0,0.78,-3.13,13.5,10.2,62.3,0.15,ARMED,,16.1
1791211076740,28.539541,77.346875,62.0,CNG,43.32,18.0,5,1853,20.0,6.03,,90.0,0.00,-3.13,13.5,4.3,62.4,0.14,ARMED,,18.4
1791211077595,28.539634,77.346734,61.0,CNG,50.70,14.9,5,1807,20.0,3.64,,89.0,0.00,-3.13,13.5,0.0,61.0,0.00,ARMED,,16.1
1791211078510,28.539719,77.346598,58.0,CNG,53.97,14.9,5,1736,20.0,3.94,,89.0,0.00,-3.13,13.5,0.0,59.2,-1.00,ARMED,,15.7
1791211080214,28.539872,77.346345,56.0,CNG,55.89,14.9,5,1670,19.6,3.86,,89.0,0.00,0.00,13.5,0.0,56.8,-1.84,ARMED,,15.7
1791211081128,28.539951,77.346222,54.0,CNG,54.77,20.0,5,1643,19.6,4.16,,89.0,0.00,0.00,13.5,7.0,54.0,0.00,ARMED,,16.1
1791211082003,28.540031,77.346095,54.0,CNG,56.18,20.0,5,1605,19.6,3.77,,89.0,0.00,0.00,13.5,7.0,54.0,-0.00,ARMED,,16.1
1791211083709,28.540104,77.345972,53.0,CNG,59.32,20.0,5,1591,31.0,3.33,,89.0,0.78,-3.13,13.3,7.0,53.6,-0.20,ARMED,,15.7
1791211084612,28.540173,77.345849,53.0,CNG,44.52,22.0,5,1576,31.0,6.74,,88.0,0.78,-3.13,13.3,9.6,53.0,0.00,ARMED,,19.2
1791211085525,28.540248,77.345726,53.0,CNG,38.12,22.0,5,1573,31.0,6.93,,88.0,0.78,-3.13,13.2,9.6,52.9,-0.03,ARMED,,19.2
1791211087254,28.540402,77.345482,53.0,CNG,33.80,14.9,5,1588,22.0,7.51,,88.0,1.56,-3.13,13.2,0.0,53.2,0.15,ARMED,,19.2
1791211088137,28.540477,77.345366,50.0,CNG,40.39,14.9,5,1522,22.0,3.48,,88.0,1.56,-3.13,13.4,0.0,50.0,0.00,ARMED,,15.3
1791211089041,28.540543,77.345266,46.0,CNG,45.90,14.9,5,1387,22.0,3.15,,88.0,1.56,-3.13,13.4,0.0,47.7,-1.32,ARMED,,14.9
1791211090730,28.540597,77.345168,42.0,CNG,53.24,14.9,,1098,22.7,2.31,,88.0,0.00,-1.56,13.4,0.0,42.0,0.00,ARMED,,14.1
1791211091595,28.540652,77.345079,37.0,CNG,57.38,14.9,,826,22.7,2.25,,88.0,0.00,-1.56,13.4,0.0,37.0,0.00,ARMED,,12.5
1791211092537,28.540705,77.344998,36.0,CNG,59.93,14.9,,659,22.7,2.26,,88.0,0.00,-1.56,13.1,0.0,36.0,0.00,ARMED,,12.5
1791211094289,28.540799,77.344844,34.0,CNG,69.32,14.9,,649,26.3,1.45,,88.0,-7.81,-1.56,13.6,0.0,34.0,0.00,ARMED,,12.5
1791211095218,28.540844,77.344771,33.0,CNG,84.46,14.9,,693,26.3,1.00,,88.0,-7.81,-1.56,13.2,0.0,33.0,0.00,ARMED,,12.5
1791211096081,28.540889,77.344697,32.0,CNG,85.68,14.9,,703,26.3,1.49,,88.0,-7.81,-1.56,13.2,0.0,32.0,0.00,ARMED,,12.5
1791211097760,28.540934,77.344622,32.0,CNG,34.21,23.5,,695,40.0,7.51,,88.0,-3.91,-2.34,13.5,11.8,32.0,0.00,ARMED,,18.8
1791211098644,28.540981,77.344550,32.0,CNG,25.60,23.5,3,1664,40.0,7.12,,89.0,-3.91,-2.34,13.5,11.8,32.0,0.00,ARMED,,19.2
1791211099521,28.541030,77.344475,33.0,CNG,22.54,23.1,3,1710,40.0,7.05,,89.0,-3.91,-2.34,13.5,11.2,32.7,0.38,ARMED,,19.2
1791211101097,28.541131,77.344316,34.0,CNG,19.06,23.1,3,1767,45.1,8.93,,88.0,1.56,-2.34,13.5,11.2,33.7,0.76,ARMED,,20.0
1791211102042,28.541183,77.344233,36.0,CNG,18.36,23.1,3,1838,45.1,8.42,,88.0,1.56,-2.34,13.4,11.2,36.0,0.00,ARMED,,20.4
1791211102986,28.541237,77.344150,37.0,CNG,17.91,23.1,3,1867,45.1,8.73,,88.0,1.56,-2.34,13.4,11.2,36.7,0.39,ARMED,,20.4
1791211104667,28.541288,77.344062,37.0,CNG,17.96,23.1,3,1933,41.6,8.39,,88.0,0.78,-2.34,13.3,11.2,37.9,0.84,ARMED,,20.4
1791211105512,28.541346,77.343971,39.0,CNG,18.16,23.1,3,1981,41.6,8.63,,88.0,0.78,-2.34,13.3,11.2,39.0,0.00,ARMED,,20.4
1791211106410,28.541402,77.343880,40.0,CNG,19.68,23.1,3,2029,41.6,7.34,,88.0,0.78,-2.34,13.5,11.2,39.7,0.41,ARMED,,19.2
1791211108064,28.541517,77.343696,40.0,CNG,21.05,14.9,3,2058,48.2,6.99,,89.0,0.00,-3.13,13.5,0.0,40.5,0.61,ARMED,,18.8
1791211109032,28.541577,77.343597,41.0,CNG,20.29,24.3,4,1587,48.2,8.68,,89.0,0.00,-3.13,13.5,12.8,41.0,0.00,ARMED,,20.0
1791211109897,28.541577,77.343597,42.0,CNG,20.51,24.3,4,1617,48.2,8.25,,89.0,0.00,-3.13,13.5,12.8,41.7,0.38,ARMED,,19.6
1791211111545,28.541694,77.343400,43.0,CNG,20.89,24.3,4,1662,42.7,8.18,,89.0,1.56,-2.34,13.5,12.8,42.7,0.76,ARMED,,19.6
1791211112391,28.541760,77.343304,44.0,CNG,21.29,24.3,4,1711,42.7,8.22,,89.0,1.56,-2.34,13.5,12.8,44.0,0.00,ARMED,,19.6
1791211113274,28.541825,77.343201,45.0,CNG,21.71,24.3,4,1746,42.7,8.23,,89.0,1.56,-2.34,13.4,12.8,44.7,0.37,ARMED,,19.6
1791211114935,28.541895,77.343095,46.0,CNG,22.27,24.3,4,1765,37.3,8.14,,89.0,1.56,-2.34,13.4,12.8,45.3,0.57,ARMED,,19.6
1791211115854,28.541962,77.342988,47.0,CNG,24.39,23.1,4,1811,37.3,6.81,,89.0,1.56,-2.34,13.4,11.2,47.0,0.00,ARMED,,18.8
1791211116826,28.542031,77.342877,48.0,CNG,24.13,23.9,4,1852,37.3,8.25,,90.0,1.56,-2.34,13.4,12.3,47.5,0.31,ARMED,,20.8
1791211118517,28.542168,77.342656,48.0,CNG,23.20,23.9,4,1882,45.5,8.94,,90.0,0.78,-2.34,13.2,12.3,48.3,0.56,ARMED,,20.4
1791211119411,28.542237,77.342543,49.0,CNG,21.79,23.9,4,1873,45.5,9.99,,90.0,0.78,-2.34,13.2,12.3,49.0,0.00,ARMED,,20.4
1791211120376,28.542307,77.342428,49.0,CNG,21.82,23.9,4,1908,45.5,9.16,,90.0,0.78,-2.34,13.4,12.3,49.1,0.03,ARMED,,20.8
1791211122064,28.542450,77.342198,50.0,CNG,21.63,23.9,4,1924,43.9,9.57,,90.0,0.00,-2.34,13.4,12.3,49.5,0.21,ARMED,,20.4
1791211123011,28.542521,77.342082,51.0,CNG,21.32,23.5,4,1963,43.9,9.97,,90.0,0.00,-2.34,13.3,11.8,51.0,0.00,ARMED,,20.0
1791211123930,28.542521,77.342082,51.0,CNG,23.75,23.5,4,1973,43.9,7.31,,90.0,0.00,-2.34,13.3,11.8,50.9,-0.02,ARMED,,19.6
1791211125674,28.542670,77.341845,52.0,CNG,31.17,15.7,4,1990,33.3,3.73,,90.0,0.00,-3.13,13.4,1.1,51.2,0.15,ARMED,,16.1
1791211126601,28.542743,77.341727,51.0,CNG,33.41,22.0,5,1517,33.3,5.57,,90.0,0.00,-3.13,13.4,9.6,51.0,0.00,ARMED,,17.6
1791211127500,28.542817,77.341609,51.0,CNG,33.79,22.0,5,1532,33.3,6.06,,90.0,0.00,-3.13,13.3,9.6,51.0,0.00,ARMED,,18.0
1791211129304,28.542966,77.341373,52.0,CNG,34.57,22.4,5,1534,36.5,5.94,,90.0,-1.56,-3.13,13.4,10.2,51.7,0.38,ARMED,,18.0
1791211130293,28.543041,77.341255,52.0,CNG,34.20,22.4,5,1563,36.5,6.31,,90.0,-1.56,-3.13,13.5,10.2,52.0,0.00,ARMED,,18.4
1791211131178,28.543119,77.341134,53.0,CNG,34.02,22.4,5,1550,36.5,6.42,,90.0,-1.56,-3.13,13.5,10.2,52.7,0.39,ARMED,,18.4
1791211132881,28.543195,77.341014,53.0,CNG,34.43,22.4,5,1568,36.1,6.18,,90.0,-0.78,-3.13,13.2,10.2,53.4,0.59,ARMED,,18.4
1791211133760,28.543270,77.340896,53.0,CNG,33.22,22.4,5,1581,36.1,6.86,,89.0,-0.78,-3.13,13.2,10.2,53.0,0.00,ARMED,,19.2
1791211134642,28.543344,77.340769,54.0,CNG,31.59,22.4,5,1590,36.1,7.49,,89.0,-0.78,-3.13,13.5,10.2,53.8,0.47,ARMED,,19.6
1791211136316,28.543494,77.340520,54.0,CNG,29.76,23.5,5,1587,50.6,8.05,,89.0,3.91,-2.34,13.5,11.8,54.2,0.45,ARMED,,19.6
1791211137218,28.543570,77.340396,54.0,CNG,26.94,23.1,5,1618,50.6,9.35,,89.0,3.91,-2.34,13.3,11.2,54.0,0.00,ARMED,,20.4
1791211138075,28.543649,77.340269,55.0,CNG,25.68,23.1,5,1622,50.6,9.35,,89.0,3.91,-2.34,13.3,11.2,54.9,0.50,ARMED,,20.4
1791211139741,28.543728,77.340140,55.0,CNG,25.29,23.1,5,1638,41.6,9.09,,89.0,0.00,-2.34,13.5,11.2,55.6,0.69,ARMED,,20.4
1791211140642,28.543808,77.340012,56.0,CNG,27.58,23.1,5,1660,41.6,7.20,,89.0,0.00,-2.34,13.5,11.2,56.0,0.00,ARMED,,19.2
1791211141539,28.543886,77.339878,56.0,CNG,28.57,23.1,5,1676,41.6,7.59,,89.0,0.00,-2.34,13.5,11.2,56.7,0.39,ARMED,,19.2
1791211143222,28.544054,77.339623,56.0,CNG,29.67,23.1,5,1685,38.8,7.27,,89.0,0.00,-3.13,13.5,11.2,57.2,0.43,ARMED,,19.2
1791211144143,28.544137,77.339495,57.0,CNG,30.46,23.1,5,1707,38.8,7.35,,89.0,0.00,-3.13,13.2,11.2,57.0,0.00,ARMED,,19.2
1791211145089,28.544221,77.339362,57.0,CNG,30.65,23.1,5,1719,38.8,7.53,,89.0,0.00,-3.13,13.2,11.2,57.9,0.51,ARMED,,19.2
1791211146784,28.544306,77.339233,58.0,CNG,31.74,23.1,5,1728,37.6,7.08,,89.0,0.78,-3.13,13.5,11.2,58.5,0.55,ARMED,,19.2
1791211147662,28.544392,77.339103,58.0,CNG,33.06,23.1,5,1744,37.6,6.73,,88.0,0.78,-3.13,13.5,11.2,58.0,0.00,ARMED,,19.2
1791211148676,28.544479,77.338971,59.0,CNG,32.66,23.1,5,1738,37.6,7.51,,88.0,0.78,-3.13,13.4,11.2,58.6,0.36,ARMED,,19.2
1791211150329,28.544656,77.338708,59.0,CNG,32.76,23.1,5,1762,43.1,7.33,,88.0,0.78,-3.13,13.4,11.2,59.5,0.63,ARMED,,19.2
1791211151272,28.544748,77.338577,60.0,CNG,31.06,23.1,5,1778,43.1,8.49,,88.0,0.78,-3.13,13.4,11.2,60.0,0.00,ARMED,,20.0
1791211152145,28.544839,77.338446,60.0,CNG,30.57,23.1,5,1784,43.1,8.21,,88.0,0.78,-3.13,13.4,11.2,60.3,0.08,ARMED,,20.0
1791211153818,28.544935,77.338318,60.0,CNG,30.06,23.1,5,1784,42.4,8.36,,88.0,0.00,-3.13,13.5,11.2,60.4,0.09,ARMED,,20.0
1791211154787,28.545028,77.338187,60.0,CNG,30.57,22.7,5,1788,42.4,7.82,,88.0,0.00,-3.13,13.5,10.7,60.0,0.00,ARMED,,19.6
1791211155678,28.545121,77.338057,60.0,CNG,30.07,14.9,5,1777,42.4,8.35,,88.0,0.00,-3.13,13.4,0.0,60.1,0.02,ARMED,,18.0
1791211157351,28.545307,77.337796,60.0,CNG,29.61,22.4,5,1766,32.2,8.47,,89.0,0.00,-3.91,13.4,10.2,59.9,-0.04,ARMED,,19.2
1791211158287,28.545401,77.337668,60.0,CNG,32.89,22.4,5,1776,32.2,6.22,,89.0,0.00,-3.91,13.3,10.2,60.0,0.00,ARMED,,18.4
1791211159235,28.545499,77.337541,60.0,CNG,35.19,22.7,5,1774,32.2,6.24,,89.0,0.00,-3.91,13.3,10.7,60.0,0.01,ARMED,,18.4
1791211160962,28.545695,77.337285,60.0,CNG,35.74,22.7,5,1796,33.3,6.70,,89.0,0.00,-3.13,13.4,10.7,60.5,0.28,ARMED,,18.4
1791211161809,28.545695,77.337285,60.0,CNG,37.26,23.5,5,1786,33.3,6.16,,89.0,0.00,-3.13,13.4,11.8,60.0,0.00,ARMED,,18.4
1791211162678,28.545794,77.337159,60.0,CNG,36.45,23.1,5,1802,33.3,6.95,,89.0,0.00,-3.13,13.4,11.2,60.6,0.33,ARMED,,18.8
1791211164597,28.545995,77.336903,61.0,CNG,35.79,23.5,5,1813,37.3,7.15,,89.0,0.00,-3.13,13.3,11.8,61.1,0.40,ARMED,,19.2
1791211165541,28.546097,77.336778,61.0,CNG,35.64,23.5,5,1835,37.3,7.04,,89.0,0.00,-3.13,13.4,11.8,61.0,0.00,ARMED,,19.2
1791211166434,28.546204,77.336652,62.0,CNG,34.38,23.5,5,1818,37.3,7.75,,89.0,0.00,-3.13,13.4,11.8,61.3,0.17,ARMED,,19.2
1791211168131,28.546416,77.336398,62.0,CNG,31.92,23.5,5,1826,43.5,8.78,,89.0,1.56,-3.13,13.4,11.8,61.6,0.22,ARMED,,20.4
1791211169051,28.546523,77.336274,62.0,CNG,30.79,23.5,5,1845,43.5,8.66,,89.0,1.56,-3.13,13.4,11.8,62.0,0.00,ARMED,,20.4
1791211169931,28.546523,77.336274,62.0,CNG,29.42,23.5,5,1841,43.5,9.19,,89.0,1.56,-3.13,13.5,11.8,62.1,0.04,ARMED,,20.4
1791211171615,28.546741,77.336022,62.0,CNG,28.82,23.5,5,1856,44.7,9.06,,89.0,-0.78,-3.13,13.5,11.8,62.5,0.24,ARMED,,20.4
1791211172530,28.546849,77.335891,63.0,CNG,28.66,23.5,5,1862,44.7,9.06,,89.0,-0.78,-3.13,13.2,11.8,63.0,0.00,ARMED,,20.4
1791211173412,28.546960,77.335777,63.0,CNG,27.89,23.5,5,1875,44.7,9.60,,89.0,-0.78,-3.13,13.2,11.8,63.2,0.06,ARMED,,20.4
1791211175107,28.547186,77.335523,63.0,CNG,30.77,23.1,5,1886,35.3,7.08,,89.0,-1.56,-3.91,13.3,11.2,63.5,0.13,ARMED,,19.2
1791211175991,28.547301,77.335401,64.0,CNG,32.99,23.1,5,1886,35.3,7.09,,89.0,-1.56,-3.91,13.3,11.2,64.0,0.00,ARMED,,19.2
1791211176922,28.547301,77.335401,64.0,CNG,33.11,23.1,5,1893,35.3,7.86,,89.0,-1.56,-3.91,13.4,11.2,63.9,-0.03,ARMED,,19.2
1791211178572,28.547530,77.335161,64.0,CNG,33.96,23.1,5,1898,34.9,7.40,,89.0,0.78,-3.91,13.4,11.2,64.0,0.00,ARMED,,19.2
1791211179498,28.547645,77.335034,64.0,CNG,33.85,23.1,5,1896,34.9,7.77,,89.0,0.78,-3.91,13.4,11.2,64.0,0.00,ARMED,,19.2
1791211180394,28.547768,77.334912,64.0,CNG,33.94,23.1,5,1901,34.9,7.67,,89.0,0.78,-3.91,13.4,11.2,64.1,0.03,ARMED,,19.2
1791211182125,28.547996,77.334659,64.0,CNG,34.08,23.1,5,1905,34.9,7.63,,89.0,0.78,-3.91,13.5,11.2,64.2,0.05,ARMED,,19.2
1791211183010,28.548111,77.334533,64.0,CNG,35.34,23.1,5,1914,34.9,6.99,,89.0,0.78,-3.91,13.5,11.2,64.0,0.00,ARMED,,19.2
1791211183930,28.548111,77.334533,65.0,CNG,35.00,23.1,5,1910,34.9,7.70,,89.0,0.78,-3.91,13.4,11.2,64.3,0.17,ARMED,,19.2
1791211185590,28.548338,77.334280,65.0,CNG,33.93,23.1,5,1928,42.0,8.18,,89.0,1.56,-3.91,13.4,11.2,64.9,0.40,ARMED,,20.0
1791211186458,28.548455,77.334156,65.0,CNG,31.33,23.1,5,1940,42.0,9.45,,89.0,1.56,-3.91,13.2,11.2,65.0,0.00,ARMED,,20.4
1791211187338,28.548571,77.334029,65.0,CNG,29.88,23.1,5,1927,42.0,9.51,,89.0,1.56,-3.91,13.2,11.2,65.0,0.00,ARMED,,20.4
1791211189025,28.548807,77.333782,65.0,CNG,29.98,23.1,5,1945,25.1,8.82,,89.0,-2.34,-3.91,13.4,11.2,65.4,0.22,ARMED,,20.4
1791211189901,28.548807,77.333782,65.0,CNG,34.04,21.2,5,1918,25.1,6.22,,89.0,-2.34,-3.91,13.4,8.6,65.0,0.00,ARMED,,18.4
1791211190842,28.548923,77.333658,65.0,CNG,37.23,16.5,5,1920,25.1,6.13,,89.0,-2.34,-3.91,13.4,2.1,64.8,-0.05,ARMED,,17.6
1791211192489,28.549160,77.333415,64.0,CNG,44.90,14.9,5,1890,19.2,4.00,,89.0,0.00,0.00,13.4,0.0,64.1,-0.44,ARMED,,16.5
1791211193400,28.549272,77.333295,61.0,CNG,50.41,14.9,5,1827,19.2,3.98,,89.0,0.00,0.00,13.4,0.0,61.0,0.00,ARMED,,16.1
1791211194325,28.549375,77.333180,58.0,CNG,54.71,14.9,5,1764,19.2,3.73,,89.0,0.00,0.00,13.4,0.0,59.9,-0.60,ARMED,,16.1
1791211196148,28.549586,77.332958,57.0,CNG,54.85,14.9,5,1720,29.4,4.23,,89.0,0.00,-4.69,13.4,0.0,58.4,-1.17,ARMED,,16.5
1791211197024,28.549690,77.332848,57.0,CNG,55.55,14.9,5,1684,29.4,4.11,,89.0,0.00,-4.69,13.4,0.0,57.0,0.00,ARMED,,15.7
1791211197978,28.549790,77.332742,56.0,CNG,60.34,14.9,5,1671,29.4,3.28,,89.0,0.00,-4.69,13.5,0.0,56.5,-0.29,ARMED,,15.7
1791211199707,28.549888,77.332635,55.0,CNG,49.08,22.4,5,1655,32.9,5.92,,88.0,-0.78,-3.91,13.5,10.2,55.9,-0.50,ARMED,,20.4
1791211200606,28.549993,77.332528,56.0,CNG,45.96,21.6,5,1645,32.9,5.46,,88.0,-0.78,-3.91,13.4,9.1,56.0,0.00,ARMED,,17.6
1791211201510,28.550093,77.332426,56.0,CNG,45.30,21.6,5,1659,32.9,5.16,,88.0,-0.78,-3.91,13.4,9.1,55.9,-0.04,ARMED,,17.6
1791211203170,28.550291,77.332209,56.0,CNG,41.53,21.6,5,1651,39.6,6.20,,88.0,-2.34,-3.91,13.3,9.1,55.7,-0.09,ARMED,,18.4
1791211204068,28.550390,77.332100,56.0,CNG,35.89,22.4,5,1654,39.6,7.68,,88.0,-2.34,-3.91,13.3,10.2,56.0,0.00,ARMED,,19.6
1791211204978,28.550488,77.331988,56.0,CNG,32.84,22.4,5,1664,39.6,7.86,,88.0,-2.34,-3.91,13.4,10.2,56.0,-0.00,ARMED,,19.6
1791211206554,28.550589,77.331879,56.0,CNG,31.73,22.4,5,1663,42.4,7.58,,88.0,0.78,-3.91,13.4,10.2,56.0,-0.00,ARMED,,19.6
1791211207460,28.550688,77.331769,56.0,CNG,31.39,22.4,5,1685,42.4,7.41,,88.0,0.78,-3.91,13.4,10.2,56.0,0.00,ARMED,,19.6
1791211208355,28.550789,77.331658,57.0,CNG,33.55,22.4,5,1681,42.4,6.24,,88.0,0.78,-3.91,13.4,10.2,56.4,0.23,ARMED,,18.4
1791211210031,28.550990,77.331428,57.0,CNG,35.19,22.4,5,1691,33.7,6.14,,88.0,-0.78,-3.91,13.5,10.2,56.8,0.29,ARMED,,18.4
1791211210896,28.550990,77.331428,57.0,CNG,36.16,22.4,5,1691,33.7,6.18,,89.0,-0.78,-3.91,13.5,10.2,57.0,0.00,ARMED,,18.4
1791211211810,28.551090,77.331316,57.0,CNG,36.64,22.4,5,1704,33.7,6.23,,89.0,-0.78,-3.91,13.5,10.2,57.2,0.07,ARMED,,18.4
1791211213413,28.551299,77.331095,57.0,CNG,37.13,22.4,5,1706,33.7,6.15,,89.0,1.56,-3.91,13.5,10.2,57.4,0.08,ARMED,,18.4
1791211214324,28.551402,77.330984,58.0,CNG,38.20,22.4,5,1709,33.7,5.94,,89.0,1.56,-3.91,13.4,10.2,58.0,0.00,ARMED,,18.4
1791211215261,28.551507,77.330872,58.0,CNG,37.80,22.7,5,1718,33.7,6.37,,89.0,1.56,-3.91,13.4,10.7,57.9,-0.04,ARMED,,18.4
1791211216906,28.551613,77.330762,58.0,CNG,37.18,22.7,5,1721,26.7,6.53,,89.0,0.78,-3.91,13.4,10.7,57.9,-0.02,ARMED,,18.4
1791211217762,28.551716,77.330652,58.0,CNG,39.13,21.6,5,1722,26.7,5.58,,89.0,0.78,-3.91,13.4,9.1,58.0,0.00,ARMED,,17.6
1791211218653,28.551818,77.330541,58.0,CNG,39.29,21.6,5,1716,26.7,6.00,,89.0,0.78,-3.91,13.5,9.1,57.9,-0.04,ARMED,,17.6
1791211220378,28.552027,77.330317,58.0,CNG,37.30,21.6,5,1721,37.6,6.84,,89.0,0.00,-3.91,13.5,9.1,57.9,-0.02,ARMED,,18.8
1791211221307,28.552128,77.330203,58.0,CNG,36.39,21.6,5,1725,37.6,6.75,,89.0,0.00,-3.91,13.3,9.1,58.0,0.00,ARMED,,19.2
1791211222143,28.552229,77.330087,58.0,CNG,35.89,21.6,5,1723,37.6,6.74,,89.0,0.00,-3.91,13.3,9.1,58.0,-0.00,ARMED,,19.2
1791211223738,28.552330,77.329971,58.0,CNG,36.07,14.9,5,1721,20.0,6.52,,89.0,0.00,0.00,13.2,0.0,58.0,-0.01,ARMED,,17.6
1791211224629,28.552428,77.329857,54.0,CNG,42.33,14.9,5,1628,20.0,3.76,,89.0,0.00,0.00,13.2,0.0,54.0,0.00,ARMED,,15.7
1791211225518,28.552518,77.329747,52.0,CNG,49.85,15.3,5,1548,20.0,3.03,,89.0,0.00,0.00,13.5,0.5,52.7,-0.71,ARMED,,15.3
1791211227133,28.552694,77.329536,51.0,CNG,40.77,22.0,5,1569,34.9,6.61,,89.0,2.34,-3.91,13.5,9.6,52.5,-0.48,ARMED,,18.0
1791211228022,28.552781,77.329428,52.0,CNG,37.13,22.4,5,1539,34.9,6.51,,89.0,2.34,-3.91,13.4,10.2,52.0,0.00,ARMED,,18.4
1791211228877,28.552781,77.329428,52.0,CNG,36.48,22.4,5,1552,34.9,5.98,,89.0,2.34,-3.91,13.4,10.2,52.1,0.02,ARMED,,18.4
1791211230630,28.552957,77.329211,53.0,CNG,35.65,22.4,5,1561,21.2,6.28,,89.0,-0.78,-4.69,13.5,10.2,52.4,0.10,ARMED,,18.4
1791211231513,28.553043,77.329102,52.0,CNG,43.83,14.9,5,1563,21.2,3.16,,89.0,-0.78,-4.69,13.5,0.0,52.0,0.00,ARMED,,15.3
1791211232485,28.553127,77.328995,51.0,CNG,48.07,20.4,5,1514,21.2,3.69,,89.0,-0.78,-4.69,13.5,7.5,51.2,-0.43,ARMED,,15.3
1791211234314,28.553293,77.328784,51.0,CNG,51.64,14.9,5,1509,18.4,3.58,,89.0,0.00,0.00,13.5,0.0,50.8,-0.45,ARMED,,15.3
1791211235232,28.553375,77.328678,50.0,CNG,45.09,20.4,5,1466,18.4,5.42,,89.0,0.00,0.00,13.3,7.5,50.0,0.00,ARMED,,17.6
1791211236098,28.553454,77.328572,50.0,CNG,49.89,19.6,5,1479,18.4,3.43,,89.0,0.00,0.00,13.3,6.4,49.8,-0.05,ARMED,,17.6
1791211237870,28.553535,77.328467,50.0,CNG,48.01,19.6,5,1467,30.6,4.50,,89.0,-1.56,-4.69,13.3,6.4,49.5,-0.12,ARMED,,16.9
1791211238753,28.553614,77.328362,49.0,CNG,45.90,14.9,5,1458,30.6,4.66,,89.0,-1.56,-4.69,13.3,0.0,49.0,0.00,ARMED,,16.9
1791211239614,28.553690,77.328257,49.0,CNG,32.44,20.8,5,1438,30.6,8.93,,89.0,-1.56,-4.69,13.2,8.0,48.6,-0.21,ARMED,,18.8
1791211241231,28.553848,77.328049,49.0,CNG,38.12,18.4,5,1458,19.2,3.86,,89.0,0.00,0.00,13.2,4.8,48.9,0.05,ARMED,,15.7
1791211242149,28.553925,77.327945,48.0,CNG,37.94,19.6,5,1402,19.2,5.21,,89.0,0.00,0.00,13.4,6.4,48.0,0.00,ARMED,,17.3
1791211243035,28.554003,77.327845,48.0,CNG,40.35,20.8,5,1410,19.2,4.39,,89.0,0.00,0.00,13.4,8.0,47.7,-0.18,ARMED,,16.5
1791211244675,28.554079,77.327744,48.0,CNG,39.93,21.2,5,1412,33.7,4.99,,89.0,-0.78,-4.69,13.5,8.6,47.6,-0.16,ARMED,,16.9
1791211245554,28.554155,77.327641,48.0,CNG,40.13,22.0,5,1427,33.7,4.85,,89.0,-0.78,-4.69,13.5,9.6,48.0,0.00,ARMED,,17.6
1791211246502,28.554229,77.327535,48.0,CNG,39.43,22.0,5,1439,33.7,5.11,,89.0,-0.78,-4.69,13.5,9.6,48.3,0.19,ARMED,,17.6
1791211248208,28.554376,77.327322,49.0,CNG,37.03,22.0,5,1448,37.3,5.89,,89.0,0.00,-3.91,13.5,9.6,48.7,0.25,ARMED,,18.0
1791211249171,28.554453,77.327216,49.0,CNG,36.59,22.0,5,1470,37.3,5.57,,89.0,0.00,-3.91,13.4,9.6,49.0,0.00,ARMED,,18.0
1791211250061,28.554536,77.327110,50.0,CNG,36.50,22.0,5,1485,37.3,5.62,,89.0,0.00,-3.91,13.4,9.6,49.7,0.41,ARMED,,18.0
1791211251795,28.554618,77.327003,50.0,CNG,41.46,23.9,5,1488,45.5,3.94,,89.0,2.34,-3.91,13.2,12.3,50.1,0.42,ARMED,,15.3
1791211252711,28.554701,77.326898,51.0,CNG,35.65,23.5,5,1512,45.5,7.04,,89.0,2.34,-3.91,13.2,11.8,51.0,0.00,ARMED,,19.2
1791211253659,28.554786,77.326790,51.0,CNG,29.57,23.5,5,1532,45.5,8.82,,89.0,2.34,-3.91,13.5,11.8,51.4,0.23,ARMED,,20.4
1791211255278,28.554960,77.326573,52.0,CNG,26.53,23.5,5,1542,52.5,9.21,,89.0,1.56,-3.13,13.5,11.8,51.8,0.29,ARMED,,20.4
1791211256243,28.555053,77.326463,53.0,CNG,25.04,23.5,5,1569,52.5,9.35,,89.0,1.56,-3.13,13.5,11.8,53.0,0.00,ARMED,,20.4
1791211257121,28.555151,77.326358,53.0,CNG,24.33,23.5,5,1593,52.5,9.27,,89.0,1.56,-3.13,13.5,11.8,53.4,0.23,ARMED,,20.4
1791211258864,28.555248,77.326259,54.0,CNG,24.07,23.5,5,1606,51.0,9.32,,89.0,0.78,-3.13,13.4,11.8,53.9,0.40,ARMED,,20.4
1791211259746,28.555347,77.326155,55.0,CNG,24.68,23.5,5,1632,51.0,8.77,,89.0,0.78,-3.13,13.4,11.8,55.0,0.00,ARMED,,20.4
1791211260654,28.555447,77.326052,55.0,CNG,26.57,23.5,5,1648,51.0,7.51,,89.0,0.78,-3.13,13.5,11.8,55.3,0.16,ARMED,,19.2
1791211262272,28.555650,77.325832,56.0,CNG,28.45,23.5,5,1651,40.0,7.22,,89.0,0.00,-3.91,13.5,11.8,55.5,0.18,ARMED,,19.2
1791211263253,28.555756,77.325721,56.0,CNG,29.64,23.5,5,1683,40.0,7.24,,89.0,0.00,-3.91,13.5,11.8,56.0,0.00,ARMED,,19.2
1791211264178,28.555856,77.325609,57.0,CNG,30.19,23.5,5,1694,40.0,7.51,,90.0,0.00,-3.91,13.5,11.8,56.7,0.40,ARMED,,19.2
1791211265864,28.555957,77.325495,58.0,CNG,31.17,23.5,5,1721,38.8,7.25,,90.0,0.78,-3.91,13.4,11.8,57.6,0.72,ARMED,,19.2
1791211266790,28.556055,77.325376,58.0,CNG,32.01,14.9,5,1744,38.8,7.11,,90.0,0.78,-3.91,13.4,0.0,58.0,0.00,ARMED,,19.2
1791211267697,28.556152,77.325255,58.0,CNG,33.12,23.1,5,1731,38.8,6.79,,90.0,0.78,-3.91,13.5,11.2,58.2,0.05,ARMED,,18.8
1791211269490,28.556344,77.325001,58.0,CNG,33.17,23.1,5,1726,36.9,7.13,,90.0,0.00,-3.91,13.4,11.2,58.1,0.02,ARMED,,18.8
1791211270383,28.556444,77.324872,58.0,CNG,33.28,22.4,5,1724,36.9,7.09,,90.0,0.00,-3.91,13.4,10.2,58.0,0.00,ARMED,,18.8
1791211271288,28.556538,77.324752,58.0,CNG,32.29,22.4,5,1749,36.9,7.67,,90.0,0.00,-3.91,13.4,10.2,58.5,0.30,ARMED,,19.2
1791211272928,28.556637,77.324627,58.0,CNG,29.97,23.1,5,1724,45.5,8.76,,90.0,1.56,-3.13,13.4,11.2,58.2,-0.02,ARMED,,20.0
1791211273844,28.556734,77.324506,58.0,CNG,28.77,23.1,5,1743,45.5,8.73,,90.0,1.56,-3.13,13.4,11.2,58.0,0.00,ARMED,,20.0
1791211274732,28.556827,77.324385,59.0,CNG,28.19,23.1,5,1751,45.5,8.81,,90.0,1.56,-3.13,13.3,11.2,58.6,0.32,ARMED,,20.0
1791211276346,28.557016,77.324133,59.0,CNG,28.29,23.1,5,1751,46.3,8.48,,90.0,0.00,-3.13,13.3,11.2,58.9,0.33,ARMED,,20.0
1791211277291,28.557108,77.324008,59.0,CNG,30.14,23.5,5,1758,46.3,7.22,,90.0,0.00,-3.13,13.3,11.8,59.0,0.00,ARMED,,19.2
1791211278226,28.557205,77.323882,59.0,CNG,31.87,23.5,5,1752,46.3,6.92,,89.0,0.00,-3.13,13.3,11.8,58.9,-0.01,ARMED,,19.2
1791211279890,28.557297,77.323754,59.0,CNG,32.76,23.5,5,1751,38.4,7.05,,89.0,0.78,-3.91,13.4,11.8,58.9,-0.02,ARMED,,19.2
1791211280807,28.557392,77.323629,59.0,CNG,32.26,23.5,5,1758,38.4,7.65,,89.0,0.78,-3.91,13.4,11.8,59.0,0.00,ARMED,,19.2
1791211281967,28.557491,77.323505,59.0,CNG,33.17,23.1,5,1755,38.4,6.96,,89.0,0.78,-3.91,13.4,11.2,59.0,0.00,ARMED,,19.2
1791211284073,28.557778,77.323135,59.0,CNG,32.75,23.1,5,1744,38.0,7.50,,89.0,0.78,-3.91,13.4,11.2,59.0,0.00,ARMED,,19.2
1791211285251,28.557874,77.323014,59.0,CNG,33.86,23.1,5,1738,38.0,6.76,,89.0,0.78,-3.91,13.4,11.2,59.0,0.00,ARMED,,19.2
1791211286380,28.557964,77.322885,58.0,CNG,35.16,14.9,5,1739,38.0,6.35,,89.0,0.78,-3.91,13.4,0.0,58.0,0.00,ARMED,,18.8
1791211288381,28.558140,77.322618,58.0,CNG,33.45,19.2,5,1723,20.8,7.61,,89.0,0.00,-4.69,13.4,5.9,58.0,0.00,ARMED,,19.2
1791211289511,28.558220,77.322484,55.0,CNG,40.40,14.9,5,1658,20.8,3.72,,89.0,0.00,-4.69,13.4,0.0,55.0,0.00,ARMED,,15.7
1791211290654,28.558293,77.322361,52.0,CNG,45.62,14.9,5,1542,20.8,3.67,,89.0,0.00,-4.69,13.4,0.0,52.0,0.00,ARMED,,15.3
1791211292495,28.558425,77.322136,47.0,CNG,52.87,14.9,5,1421,21.2,2.62,,89.0,0.00,0.00,13.4,0.0,47.0,0.00,ARMED,,14.9
1791211293417,28.558484,77.322035,44.0,CNG,30.56,24.3,5,1294,21.2,10.27,,89.0,0.00,0.00,13.4,12.8,44.0,0.00,ARMED,,22.0
1791211294257,28.558543,77.321933,44.0,CNG,25.01,23.1,5,1304,21.2,9.36,,88.0,0.00,0.00,13.4,11.2,43.9,-0.02,ARMED,,21.2
1791211295923,28.558602,77.321831,44.0,CNG,24.79,22.7,5,1315,37.6,7.36,,88.0,-4.69,-3.91,13.5,10.7,44.1,0.04,ARMED,,20.0
1791211296810,28.558660,77.321726,44.0,CNG,33.76,14.9,5,1312,37.6,2.32,,88.0,-4.69,-3.91,13.5,0.0,44.0,0.00,ARMED,,14.9
1791211297699,28.558717,77.321625,43.0,CNG,45.70,25.5,,867,37.6,1.71,,88.0,-4.69,-3.91,13.4,14.4,43.0,0.00,ARMED,,17.6
1791211299353,28.558833,77.321425,43.0,CNG,49.75,14.9,4,1644,22.7,3.05,,88.0,0.00,-3.13,13.4,0.0,43.0,0.00,ARMED,,15.3
1791211300297,28.558877,77.321341,35.0,CNG,60.84,14.9,,780,22.7,1.37,,88.0,0.00,-3.13,12.7,0.0,35.0,0.00,ARMED,,11.8
1791211301225,28.558913,77.321272,28.0,CNG,51.85,14.9,,675,22.7,2.91,,88.0,0.00,-3.13,12.7,0.0,28.0,0.00,ARMED,,11.4
1791211302852,28.558936,77.321231,19.0,CNG,54.31,14.9,,648,28.2,1.24,,88.0,-10.16,-1.56,13.2,0.0,19.0,0.00,ARMED,,12.9
1791211303789,28.558945,77.321210,5.0,CNG,43.10,14.9,,680,28.2,1.32,,88.0,-10.16,-1.56,13.2,0.0,5.0,0.00,ARMED,,12.5
1791211304690,28.558949,77.321200,3.0,CNG,27.74,14.9,,686,28.2,1.96,,88.0,-10.16,-1.56,13.3,0.0,3.0,0.00,ARMED,,12.2
1791211306535,28.558947,77.321190,2.0,CNG,20.78,14.9,,682,38.0,1.34,,89.0,-12.50,-1.56,13.4,0.0,2.0,0.00,ARMED,,12.5
1791211307522,28.558948,77.321191,2.0,CNG,10.45,14.9,,758,38.0,3.25,,89.0,-12.50,-1.56,13.2,0.0,2.0,0.00,ARMED,,14.9
1791211308512,28.558949,77.321186,2.0,CNG,5.05,20.8,,766,38.0,5.31,,89.0,-12.50,-1.56,13.2,8.0,2.0,0.00,ARMED,,19.2
1791211310157,28.558959,77.321167,5.0,CNG,5.73,19.2,,694,50.6,2.94,,89.0,-0.78,-3.91,13.2,5.9,5.0,0.00,ARMED,,14.9
1791211311039,28.558965,77.321153,6.0,CNG,5.98,17.6,1,809,50.6,3.90,,89.0,-0.78,-3.91,13.2,3.7,6.0,0.00,ARMED,,13.3
1791211311977,28.558973,77.321137,6.0,CNG,6.76,17.3,1,879,50.6,3.01,,89.0,-0.78,-3.91,13.4,3.2,6.0,0.00,ARMED,,14.9
1791211313744,28.558981,77.321121,6.0,CNG,6.96,17.3,1,850,41.2,3.38,,89.0,-0.78,-4.69,13.4,3.2,6.0,0.00,ARMED,,14.9
1791211314681,28.558988,77.321107,6.0,CNG,6.67,19.6,1,820,41.2,3.89,,89.0,-0.78,-4.69,13.4,6.4,6.0,0.00,ARMED,,16.1
1791211315555,28.558996,77.321092,6.0,CNG,6.48,20.4,1,879,41.2,3.94,,89.0,-0.78,-4.69,13.4,7.5,6.0,0.00,ARMED,,15.7
1791211317220,28.559016,77.321054,8.0,CNG,7.78,20.4,1,1021,29.4,3.27,,89.0,-2.34,-4.69,13.5,7.5,6.7,0.42,ARMED,,16.1
1791211318135,28.559030,77.321030,10.0,CNG,8.84,20.4,1,1403,29.4,4.00,,89.0,-2.34,-4.69,13.5,7.5,10.0,0.00,ARMED,,16.5
1791211319064,28.559045,77.321003,11.0,CNG,9.18,20.4,1,1525,29.4,4.69,,89.0,-2.34,-4.69,13.5,7.5,10.6,0.32,ARMED,,16.5
1791211320664,28.559063,77.320974,12.0,CNG,10.29,20.4,1,1641,22.4,4.10,,89.0,-0.78,-5.47,13.5,7.5,11.4,0.65,ARMED,,16.5
1791211321577,28.559079,77.320945,13.0,CNG,11.76,14.9,1,1814,22.4,3.75,,89.0,-0.78,-5.47,13.4,0.0,13.0,0.00,ARMED,,16.1
1791211322423,28.559095,77.320915,13.0,CNG,13.93,15.3,,1268,22.4,2.89,,89.0,-0.78,-5.47,13.4,0.5,13.0,0.00,ARMED,,13.3
1791211324077,28.559125,77.320860,12.0,CNG,15.32,14.9,2,907,34.9,2.72,,89.0,0.00,-2.34,12.9,0.0,12.0,0.00,ARMED,,14.5
1791211324973,28.559140,77.320832,12.0,CNG,17.28,14.9,,762,34.9,2.29,,89.0,0.00,-2.34,12.9,0.0,12.0,0.00,ARMED,,14.9
1791211325905,28.559140,77.320832,11.0,CNG,17.32,14.9,2,795,34.9,2.59,,89.0,0.00,-2.34,13.2,0.0,11.0,0.00,ARMED,,14.9
1791211327608,28.559164,77.320784,10.0,CNG,15.39,14.9,2,800,39.2,3.17,,89.0,-2.34,-2.34,13.2,0.0,10.3,-0.39,ARMED,,14.9
1791211328508,28.559175,77.320761,9.0,CNG,13.54,19.2,,814,39.2,3.31,,89.0,-2.34,-2.34,13.2,5.9,9.0,0.00,ARMED,,15.7
1791211329381,28.559187,77.320739,9.0,CNG,12.54,14.9,2,742,39.2,3.30,,89.0,-2.34,-2.34,13.2,0.0,9.0,0.00,ARMED,,16.5
1791211331040,28.559209,77.320694,10.0,CNG,12.75,14.9,2,797,58.4,3.13,,89.0,-1.56,-3.91,13.3,0.0,9.7,0.38,ARMED,,14.9
1791211331963,28.559209,77.320694,10.0,CNG,9.09,21.2,2,751,58.4,6.40,,89.0,-1.56,-3.91,13.3,8.6,10.0,0.00,ARMED,,22.4
1791211332935,28.559220,77.320669,12.0,CNG,15.62,14.9,,593,58.4,0.35,,89.0,-1.56,-3.91,12.7,0.0,12.0,0.00,ARMED,,10.6
1791211334599,28.559249,77.320611,12.0,CNG,17.91,14.9,,628,30.6,2.20,,89.0,0.78,-2.34,12.7,0.0,12.0,0.00,ARMED,,12.9
1791211335553,28.559264,77.320580,12.0,CNG,19.28,14.9,,636,30.6,2.27,,89.0,0.78,-2.34,13.4,0.0,12.0,0.00,ARMED,,13.3
1791211336461,28.559280,77.320550,12.0,CNG,21.06,14.9,,651,30.6,2.02,,89.0,0.78,-2.34,13.4,0.0,12.0,0.00,ARMED,,12.9
1791211338144,28.559310,77.320493,12.0,CNG,27.33,23.1,,695,49.0,1.01,,89.0,6.25,-3.91,13.2,11.2,12.0,0.00,ARMED,,12.2
1791211339080,28.559330,77.320462,14.0,CNG,19.56,17.3,2,1002,49.0,3.98,,90.0,6.25,-3.91,13.2,3.2,14.0,0.00,ARMED,,13.7
1791211340013,28.559349,77.320429,14.0,CNG,19.69,18.4,2,1052,49.0,2.88,,90.0,6.25,-3.91,13.4,4.8,14.0,0.00,ARMED,,13.7
1791211341819,28.559369,77.320395,14.0,CNG,19.38,18.4,2,1056,32.5,3.02,,90.0,-0.78,-5.47,13.2,4.8,14.0,0.00,ARMED,,14.9
1791211342703,28.559389,77.320361,14.0,CNG,18.84,18.4,2,1054,32.5,3.16,,90.0,-0.78,-5.47,13.5,4.8,14.0,0.00,ARMED,,15.7
1791211343580,28.559408,77.320326,14.0,CNG,17.56,18.4,2,1058,32.5,3.58,,89.0,-0.78,-5.47,13.5,4.8,14.0,0.00,ARMED,,15.7
1791211345300,28.559446,77.320256,14.0,CNG,16.81,18.4,2,1065,33.7,3.62,,89.0,0.78,-5.47,13.4,4.8,14.1,0.02,ARMED,,15.7
1791211346183,28.559465,77.320221,14.0,CNG,16.56,14.9,2,1098,33.7,3.53,,89.0,0.78,-5.47,13.4,0.0,14.0,0.00,ARMED,,15.3
1791211347060,28.559484,77.320187,14.0,CNG,17.03,14.9,2,1028,33.7,3.22,,89.0,0.78,-5.47,13.5,0.0,13.8,-0.07,ARMED,,15.3
1791211348685,28.559502,77.320153,14.0,CNG,20.50,14.9,2,1038,22.7,1.94,,89.0,3.91,-2.34,13.5,0.0,13.7,-0.06,ARMED,,13.7
1791211349649,28.559514,77.320126,8.0,CNG,23.49,14.9,,714,22.7,0.86,,89.0,3.91,-2.34,13.4,0.0,8.0,0.00,ARMED,,12.5
1791211350556,28.559522,77.320108,6.0,CNG,23.98,14.9,,693,22.7,0.96,,89.0,3.91,-2.34,13.4,0.0,6.0,0.00,ARMED,,12.2
1791211352261,28.559534,77.320083,5.0,CNG,18.47,14.9,,664,38.8,1.82,,89.0,-6.25,-2.34,13.0,0.0,5.0,0.00,ARMED,,12.5
1791211353251,28.559541,77.320070,5.0,CNG,12.52,19.6,,633,38.8,2.83,,89.0,-6.25,-2.34,13.0,6.4,5.0,0.00,ARMED,,13.3
1791211354194,28.559550,77.320053,7.0,CNG,14.10,19.2,,526,38.8,1.67,,89.0,-6.25,-2.34,12.8,5.9,7.0,0.00,ARMED,,13.7
1791211355817,28.559560,77.320034,8.0,CNG,16.26,16.5,,608,31.8,1.62,,89.0,-4.69,-2.34,12.8,2.1,8.0,0.00,ARMED,,12.2
1791211356755,28.559571,77.320015,9.0,CNG,17.77,16.9,,659,31.8,1.84,,89.0,-4.69,-2.34,13.2,2.7,9.0,0.00,ARMED,,13.7
1791211357692,28.559583,77.319994,9.0,CNG,15.85,21.2,,675,31.8,2.65,,90.0,-4.69,-2.34,13.2,8.6,9.0,0.00,ARMED,,15.3
1791211359438,28.559607,77.319951,9.0,CNG,14.40,14.9,2,713,41.2,2.88,,90.0,-3.13,-2.34,13.3,0.0,9.0,0.00,ARMED,,16.1
1791211360344,28.559613,77.319938,4.0,CNG,9.88,14.9,,809,41.2,3.34,,90.0,-3.13,-2.34,13.3,0.0,4.0,0.00,ARMED,,14.9
1791211361281,28.559614,77.319937,0.0,CNG,5.31,14.9,0,810,41.2,3.62,,90.0,-3.13,-2.34,13.4,0.0,0.0,0.00,ARMED,,15.7
1791211362928,28.559613,77.319938,0.0,CNG,,14.9,0,816,41.6,3.84,,90.0,0.00,-2.34,13.4,0.0,0.0,0.00,ARMED,,15.7
1791211363823,28.559612,77.319942,0.0,CNG,,14.9,0,825,41.6,2.51,,90.0,0.00,-2.34,13.3,0.0,0.0,0.00,ARMED,,15.3
1791211364747,28.559612,77.319943,0.0,CNG,,14.9,0,821,41.6,2.57,,90.0,0.00,-2.34,13.3,0.0,0.0,0.00,ARMED,,15.3
1791211366390,28.559612,77.319943,0.0,CNG,,14.9,0,822,23.9,0.62,,90.0,0.00,-2.34,13.4,0.0,0.0,0.00,ARMED,,11.0
1791211367266,28.559612,77.319944,0.0,CNG,,14.9,0,740,23.9,2.22,,90.0,0.00,-2.34,13.4,0.0,0.0,0.00,ARMED,,12.9
1791211368131,28.559612,77.319944,0.0,CNG,,14.9,0,705,23.9,1.86,,90.0,0.00,-2.34,13.4,0.0,0.0,0.00,ARMED,,12.9
1791211369826,28.559612,77.319944,0.0,CNG,,14.9,0,704,70.2,1.95,,90.0,0.00,-4.69,13.4,0.0,0.0,0.00,ARMED,,12.9
1791211370786,28.559612,77.319943,2.0,CNG,,22.4,,1176,70.2,6.27,,90.0,0.00,-4.69,13.5,10.2,2.0,0.00,ARMED,,18.8
1791211371767,28.559617,77.319933,7.0,CNG,3.25,22.4,,1096,70.2,4.93,,90.0,0.00,-4.69,13.5,10.2,7.0,0.00,ARMED,,18.0
1791211373431,28.559641,77.319887,10.0,CNG,5.09,14.9,1,1440,22.7,5.74,,90.0,0.00,-2.34,13.1,0.0,10.0,0.00,ARMED,,16.1
1791211374346,28.559656,77.319861,10.0,CNG,7.48,20.4,2,780,22.7,3.16,,90.0,0.00,-2.34,13.1,7.5,10.0,0.00,ARMED,,16.1
1791211375260,28.559670,77.319835,11.0,CNG,11.36,14.9,2,773,22.7,1.83,,90.0,0.00,-2.34,13.4,0.0,10.7,0.38,ARMED,,14.1
1791211377142,28.559684,77.319806,8.0,CNG,11.65,14.9,,754,42.4,2.69,,89.0,-3.13,-1.56,13.2,0.0,8.0,0.00,ARMED,,14.9
1791211378064,28.559684,77.319807,0.0,CNG,7.36,14.9,0,808,42.4,2.63,,89.0,-3.13,-1.56,13.4,0.0,0.0,0.00,ARMED,,15.3
1791211379002,28.559681,77.319808,0.0,CNG,4.02,14.9,0,815,42.4,3.55,,89.0,-3.13,-1.56,13.4,0.0,0.0,0.00,ARMED,,15.7
1791211380638,28.559681,77.319807,0.0,CNG,,14.9,0,821,43.5,3.82,,89.0,-0.78,-1.56,13.4,0.0,0.0,0.00,ARMED,,15.7
1791211381588,28.559681,77.319807,0.0,CNG,,14.9,0,820,43.5,3.77,,90.0,-0.78,-1.56,13.4,0.0,0.0,0.00,ARMED,,15.3
1791211382549,28.559681,77.319807,1.0,CNG,,14.9,,827,43.5,4.46,,90.0,-0.78,-1.56,13.3,0.0,1.0,0.00,ARMED,,16.1
1791211384186,28.559686,77.319790,2.0,CNG,,14.9,,804,32.9,2.89,,90.0,-0.78,-1.56,13.3,0.0,2.0,0.00,ARMED,,14.9
1791211385100,28.559694,77.319775,5.0,CNG,,18.8,,842,32.9,1.89,,90.0,-0.78,-1.56,13.4,5.4,5.0,0.00,ARMED,,13.7
1791211386012,28.559701,77.319758,6.0,CNG,6.29,18.0,,952,32.9,2.40,,90.0,-0.78,-1.56,13.4,4.3,6.0,0.00,ARMED,,12.9
1791211387749,28.559709,77.319741,7.0,CNG,10.01,17.3,1,936,22.4,1.37,,90.0,6.25,-0.78,13.3,3.2,7.0,0.00,ARMED,,12.9
1791211388618,28.559716,77.319727,5.0,CNG,10.63,14.9,,673,22.4,1.73,,90.0,6.25,-0.78,13.3,0.0,5.0,0.00,ARMED,,12.5
1791211389499,28.559722,77.319716,4.0,CNG,11.17,14.9,,654,22.4,1.32,,90.0,6.25,-0.78,13.2,0.0,4.0,0.00,ARMED,,12.5
1791211391099,28.559728,77.319704,3.0,CNG,7.26,14.9,,693,72.9,3.08,,90.0,-5.47,-3.91,13.2,0.0,3.0,0.00,ARMED,,14.1
1791211392010,28.559732,77.319696,3.0,CNG,5.19,14.9,,817,72.9,3.72,,90.0,-5.47,-3.91,13.4,0.0,3.0,0.00,ARMED,,16.5
1791211392915,28.559732,77.319696,5.0,CNG,5.27,19.2,,807,72.9,3.82,,89.0,-5.47,-3.91,13.4,5.9,5.0,0.00,ARMED,,16.1
1791211394651,28.559744,77.319669,6.0,CNG,6.24,19.2,1,832,42.0,3.17,,89.0,-3.13,-4.69,13.4,5.9,6.0,0.00,ARMED,,15.7
1791211395564,28.559753,77.319651,8.0,CNG,7.02,19.2,1,1074,42.0,4.12,,90.0,-3.13,-4.69,13.4,5.9,8.0,0.00,ARMED,,16.5
1791211396457,28.559763,77.319631,8.0,CNG,7.50,19.2,1,1192,42.0,4.01,,90.0,-3.13,-4.69,13.4,5.9,8.0,0.00,ARMED,,16.5
1791211398124,28.559787,77.319586,9.0,CNG,7.20,20.0,1,1238,26.7,5.34,,89.0,0.00,0.00,13.4,7.0,8.3,0.07,ARMED,,17.3
1791211399010,28.559799,77.319563,9.0,CNG,9.87,19.6,,797,26.7,1.95,,89.0,0.00,0.00,13.2,6.4,9.0,0.00,ARMED,,12.5
1791211399874,28.559799,77.319563,9.0,CNG,12.29,19.6,2,752,26.7,1.99,,89.0,0.00,0.00,13.2,6.4,9.0,0.00,ARMED,,14.5
1791211401590,28.559824,77.319515,10.0,CNG,21.87,14.9,2,727,24.3,0.00,,89.0,-5.47,0.78,13.5,0.0,9.7,0.39,ARMED,,12.5
1791211402455,28.559834,77.319495,6.0,CNG,18.94,14.9,,689,24.3,1.69,,89.0,-5.47,0.78,13.5,0.0,6.0,0.00,ARMED,,12.9
1791211403391,28.559840,77.319485,4.0,CNG,15.28,14.9,,669,24.3,1.68,,89.0,-5.47,0.78,13.3,0.0,4.0,0.00,ARMED,,12.5
1791211405112,28.559845,77.319470,3.0,CNG,14.60,14.9,,684,25.9,0.96,,89.0,-13.28,-3.91,13.3,0.0,3.0,0.00,ARMED,,12.2
1791211406051,28.559849,77.319463,3.0,CNG,13.89,14.9,,686,25.9,0.99,,89.0,-13.28,-3.91,13.4,0.0,3.0,0.00,ARMED,,12.5
1791211406912,28.559849,77.319463,3.0,CNG,8.03,20.4,,689,25.9,2.88,,89.0,-13.28,-3.91,13.4,7.5,3.0,0.00,ARMED,,14.5
1791211408561,28.559860,77.319446,4.0,CNG,5.66,19.2,,721,50.2,4.07,,89.0,-0.78,-4.69,13.5,5.9,4.0,0.00,ARMED,,14.9
1791211409549,28.559867,77.319433,6.0,CNG,5.79,15.3,,945,50.2,4.14,,89.0,-0.78,-4.69,13.5,0.5,6.0,0.00,ARMED,,15.7
1791211410453,28.559875,77.319416,7.0,CNG,7.44,14.9,1,929,50.2,2.75,,89.0,-0.78,-4.69,13.3,0.0,7.0,0.00,ARMED,,15.3
1791211412239,28.559893,77.319379,7.0,CNG,8.79,14.9,,834,39.2,2.54,,89.0,-3.91,0.00,13.4,0.0,7.0,0.00,ARMED,,15.3
1791211413170,28.559902,77.319359,7.0,CNG,9.60,14.9,,833,39.2,2.62,,89.0,-3.91,0.00,13.4,0.0,7.0,0.00,ARMED,,15.3
1791211414049,28.559911,77.319342,7.0,CNG,8.94,14.9,,829,39.2,3.50,,89.0,-3.91,0.00,13.4,0.0,7.0,0.00,ARMED,,15.3
1791211415714,28.559918,77.319328,6.0,CNG,10.10,14.9,1,800,22.7,1.90,,89.0,-0.78,-2.34,13.5,0.0,6.0,0.00,ARMED,,12.9
1791211416630,28.559921,77.319319,2.0,CNG,9.33,14.9,,741,22.7,1.20,,89.0,-0.78,-2.34,13.5,0.0,2.0,0.00,ARMED,,12.5
1791211417541,28.559921,77.319317,0.0,CNG,,14.9,0,700,22.7,1.80,,89.0,-0.78,-2.34,13.2,0.0,0.0,0.00,ARMED,,12.2
1791211419246,28.559922,77.319317,0.0,CNG,,19.6,0,666,44.7,8.90,,89.0,-2.34,-2.34,13.2,6.4,0.0,0.00,ARMED,,20.8
1791211420161,28.559927,77.319304,5.0,CNG,4.21,18.8,1,747,44.7,0.19,,89.0,-2.34,-2.34,13.4,5.4,5.0,0.00,ARMED,,11.0
1791211421037,28.559934,77.319290,6.0,CNG,6.94,19.2,1,913,44.7,1.82,,89.0,-2.34,-2.34,13.4,5.9,5.7,0.38,ARMED,,14.1
1791211422820,28.559942,77.319271,7.0,CNG,8.74,19.2,1,930,24.3,2.51,,89.0,2.34,-2.34,13.5,5.9,6.7,0.76,ARMED,,14.5
1791211423716,28.559953,77.319252,8.0,CNG,8.56,18.8,,825,24.3,3.90,,89.0,2.34,-2.34,13.5,5.4,8.0,0.00,ARMED,,15.3
1791211424653,28.559963,77.319233,8.0,CNG,10.89,14.9,,605,24.3,2.02,,89.0,2.34,-2.34,12.9,0.0,8.0,0.00,ARMED,,14.1
1791211426320,28.559985,77.319190,9.0,CNG,10.76,14.9,2,722,41.2,3.47,,89.0,-3.91,-1.56,12.9,0.0,9.0,0.00,ARMED,,15.3
1791211427240,28.559995,77.319171,7.0,CNG,9.54,14.9,,820,41.2,3.56,,89.0,-3.91,-1.56,13.4,0.0,7.0,0.00,ARMED,,15.3
1791211428140,28.560002,77.319154,7.0,CNG,10.10,14.9,,822,41.2,2.57,,89.0,-3.91,-1.56,13.4,0.0,7.0,0.00,ARMED,,15.3
1791211429895,28.560012,77.319139,7.0,CNG,10.54,18.8,,827,51.4,2.53,,89.0,2.34,-4.69,13.2,5.4,7.0,0.00,ARMED,,15.3
1791211430752,28.560021,77.319124,7.0,CNG,8.53,20.0,1,980,51.4,4.33,,89.0,2.34,-4.69,13.2,7.0,7.0,0.00,ARMED,,16.9
1791211431666,28.560032,77.319107,9.0,CNG,7.86,20.0,1,1197,51.4,5.12,,89.0,2.34,-4.69,13.5,7.0,8.3,0.76,ARMED,,15.3
1791211433327,28.560055,77.319062,10.0,CNG,9.11,20.0,1,1342,21.6,3.64,,89.0,1.56,-5.47,13.5,7.0,9.7,1.12,ARMED,,15.7
1791211434225,28.560068,77.319037,11.0,CNG,10.57,18.8,1,1494,21.6,3.45,,89.0,1.56,-5.47,13.4,5.4,11.0,0.00,ARMED,,15.3
1791211435171,28.560080,77.319013,10.0,CNG,12.40,14.9,1,1318,21.6,2.47,,89.0,1.56,-5.47,13.4,0.0,10.3,-0.39,ARMED,,13.7
1791211436905,28.560091,77.318990,9.0,CNG,17.93,14.9,,778,31.4,0.56,,89.0,0.00,-1.56,13.1,0.0,9.0,0.00,ARMED,,11.8
1791211437866,28.560102,77.318970,8.0,CNG,17.26,14.9,,659,31.4,2.02,,89.0,0.00,-1.56,13.1,0.0,8.0,0.00,ARMED,,12.9
1791211438765,28.560110,77.318953,5.0,CNG,17.15,18.8,,685,31.4,1.21,,89.0,0.00,-1.56,13.2,5.4,5.0,0.00,ARMED,,12.5
1791211440441,28.560121,77.318927,5.0,CNG,6.03,22.7,,692,43.5,8.22,,89.0,-4.69,-4.69,13.2,10.7,5.0,0.00,ARMED,,22.7
1791211441328,28.560129,77.318910,7.0,CNG,7.70,14.9,1,978,43.5,2.31,,89.0,-4.69,-4.69,13.4,0.0,7.0,0.00,ARMED,,15.3
1791211442295,28.560137,77.318897,5.0,CNG,7.49,14.9,,960,43.5,2.87,,89.0,-4.69,-4.69,13.4,0.0,5.0,0.00,ARMED,,15.3
1791211443975,28.560144,77.318884,3.0,CNG,5.76,19.6,,834,47.5,3.60,,89.0,3.13,-4.69,13.1,6.4,3.0,0.00,ARMED,,15.3
1791211444930,28.560144,77.318884,4.0,CNG,5.65,14.9,,839,47.5,2.99,,89.0,3.13,-4.69,13.1,0.0,4.0,0.00,ARMED,,15.3
1791211445803,28.560149,77.318875,4.0,CNG,5.91,14.9,,824,47.5,2.55,,89.0,3.13,-4.69,13.4,0.0,4.0,0.00,ARMED,,15.3
1791211447615,28.560159,77.318856,4.0,CNG,4.06,22.7,,832,25.5,6.04,,89.0,-1.56,-5.47,13.5,10.7,4.0,0.00,ARMED,,18.8
1791211448536,28.560166,77.318840,6.0,CNG,5.68,14.9,,970,25.5,2.53,,89.0,-1.56,-5.47,13.2,0.0,6.0,0.00,ARMED,,13.7
1791211449431,28.560174,77.318825,6.0,CNG,7.94,14.9,1,879,25.5,1.58,,89.0,-1.56,-5.47,13.2,0.0,6.0,0.00,ARMED,,12.9
1791211451131,28.560186,77.318801,5.0,CNG,9.95,22.0,1,709,29.4,1.22,,89.0,0.00,-3.91,13.0,9.6,5.3,-0.38,ARMED,,18.8
1791211452055,28.560192,77.318788,6.0,CNG,11.30,14.9,1,799,29.4,1.79,,89.0,0.00,-3.91,13.0,0.0,6.0,0.00,ARMED,,12.5
1791211452931,28.560192,77.318788,4.0,CNG,10.36,14.9,,705,29.4,1.85,,89.0,0.00,-3.91,13.3,0.0,4.0,0.00,ARMED,,12.9
1791211454551,28.560199,77.318776,2.0,CNG,8.71,14.9,,696,57.3,1.49,,89.0,-3.13,-3.91,13.3,0.0,2.0,0.00,ARMED,,12.5
1791211455507,28.560201,77.318772,2.0,CNG,6.30,14.9,,977,57.3,2.31,,89.0,-3.13,-3.91,13.3,0.0,2.0,0.00,ARMED,,16.1
1791211456383,28.560205,77.318765,3.0,CNG,4.56,18.0,,808,57.3,3.83,,89.0,-3.13,-3.91,13.3,4.3,3.0,0.00,ARMED,,16.1
1791211458079,28.560218,77.318742,5.0,CNG,4.79,18.0,,677,44.3,4.06,,89.0,0.78,-4.69,13.2,4.3,5.0,0.00,ARMED,,16.5
1791211458990,28.560226,77.318729,6.0,CNG,5.52,18.8,1,842,44.3,3.79,,89.0,0.78,-4.69,13.2,5.4,6.0,0.00,ARMED,,15.7
1791211459933,28.560226,77.318729,6.0,CNG,6.15,18.8,1,856,44.3,3.46,,89.0,0.78,-4.69,13.3,5.4,6.0,0.00,ARMED,,15.7
1791211461660,28.560243,77.318698,7.0,CNG,7.08,18.8,1,957,36.5,3.35,,89.0,-0.78,-4.69,13.3,5.4,6.7,0.40,ARMED,,16.1
1791211462566,28.560252,77.318678,8.0,CNG,8.19,18.8,1,1149,36.5,3.30,,89.0,-0.78,-4.69,13.4,5.4,8.0,0.00,ARMED,,16.1
1791211463511,28.560263,77.318658,9.0,CNG,9.09,18.8,1,1210,36.5,3.54,,90.0,-0.78,-4.69,13.4,5.4,8.7,0.39,ARMED,,16.1
1791211465220,28.560287,77.318612,9.0,CNG,12.17,14.9,1,1265,22.7,1.72,,90.0,0.00,-1.56,13.2,0.0,9.3,0.45,ARMED,,13.3
1791211466157,28.560297,77.318593,7.0,CNG,12.87,14.9,,737,22.7,2.00,,89.0,0.00,-1.56,13.2,0.0,7.0,0.00,ARMED,,12.5
1791211467036,28.560304,77.318580,5.0,CNG,12.98,21.6,,688,22.7,1.54,,89.0,0.00,-1.56,13.4,9.1,5.0,0.00,ARMED,,14.1
1791211468640,28.560311,77.318566,5.0,CNG,8.39,20.4,,865,35.7,4.15,,89.0,-4.69,-4.69,13.4,7.5,5.0,0.00,ARMED,,16.5
1791211469531,28.560320,77.318549,8.0,CNG,11.30,14.9,1,1010,35.7,1.77,,89.0,-4.69,-4.69,13.2,0.0,8.0,0.00,ARMED,,13.7
1791211470474,28.560330,77.318532,7.0,CNG,14.68,14.9,,844,35.7,1.10,,89.0,-4.69,-4.69,13.2,0.0,7.0,0.00,ARMED,,12.5
1791211472156,28.560346,77.318504,6.0,CNG,15.88,20.8,,706,59.6,1.33,,89.0,7.03,-4.69,13.5,8.0,6.0,0.00,ARMED,,14.9
1791211473033,28.560356,77.318487,8.0,CNG,8.91,20.8,1,1063,59.6,5.64,,89.0,7.03,-4.69,13.5,8.0,8.0,0.00,ARMED,,18.0
1791211474017,28.560370,77.318467,9.0,CNG,10.50,14.9,1,1231,59.6,2.76,,89.0,7.03,-4.69,13.1,0.0,8.7,0.38,ARMED,,15.3
1791211475716,28.560382,77.318446,9.0,CNG,11.83,14.9,,1003,40.0,2.59,,89.0,-3.13,-1.56,13.1,0.0,9.0,0.00,ARMED,,15.3
1791211476602,28.560391,77.318430,6.0,CNG,11.01,18.0,1,837,40.0,2.55,,89.0,-3.13,-1.56,13.4,4.3,6.0,0.00,ARMED,,15.3
1791211477504,28.560401,77.318416,6.0,CNG,9.49,19.6,1,844,40.0,3.24,,89.0,-3.13,-1.56,13.4,6.4,6.0,0.00,ARMED,,16.1
1791211479151,28.560424,77.318387,6.0,CNG,8.10,19.2,1,901,28.6,3.78,,89.0,0.78,-4.69,13.5,5.9,6.0,0.00,ARMED,,16.5
1791211480070,28.560438,77.318369,9.0,CNG,10.10,14.9,1,1262,28.6,2.67,,89.0,0.78,-4.69,13.5,0.0,9.0,0.00,ARMED,,14.5
1791211480947,28.560438,77.318369,8.0,CNG,11.71,14.9,,909,28.6,2.17,,89.0,0.78,-4.69,12.9,0.0,8.0,0.00,ARMED,,12.5
1791211482780,28.560469,77.318331,8.0,CNG,13.18,18.4,,733,34.5,2.03,,90.0,0.00,-5.47,13.2,4.8,8.0,0.00,ARMED,,13.7
1791211483697,28.560484,77.318315,8.0,CNG,10.39,21.2,1,1083,34.5,4.12,,90.0,0.00,-5.47,13.2,8.6,8.0,0.00,ARMED,,17.3
1791211484607,28.560500,77.318295,10.0,CNG,12.08,14.9,1,1418,34.5,2.73,,89.0,0.00,-5.47,13.2,0.0,9.4,0.78,ARMED,,14.1
1791211486212,28.560537,77.318249,11.0,CNG,15.41,19.6,2,800,37.3,1.96,,89.0,0.00,-4.69,13.4,6.4,11.0,0.00,ARMED,,16.1
1791211487062,28.560557,77.318225,12.0,CNG,17.61,19.6,2,858,37.3,2.31,,89.0,0.00,-4.69,13.4,6.4,12.0,0.00,ARMED,,14.9
1791211488013,28.560579,77.318198,12.0,CNG,17.67,14.9,2,911,37.3,2.76,,89.0,0.00,-4.69,13.4,0.0,12.0,0.00,ARMED,,12.9
1791211489622,28.560602,77.318171,12.0,CNG,18.38,16.1,2,903,29.8,2.52,,89.0,2.34,-1.56,13.4,1.6,11.9,-0.02,ARMED,,13.3
1791211490631,28.560622,77.318144,12.0,CNG,17.17,16.1,2,879,29.8,3.13,,89.0,2.34,-1.56,13.3,1.6,12.0,0.00,ARMED,,14.9
1791211491485,28.560641,77.318118,11.0,CNG,17.57,16.1,2,857,29.8,2.46,,89.0,2.34,-1.56,13.3,1.6,11.5,-0.28,ARMED,,15.3
1791211493158,28.560677,77.318070,11.0,CNG,15.16,16.1,2,839,39.6,3.60,,89.0,-0.78,-1.56,13.4,1.6,11.1,-0.33,ARMED,,15.3
1791211494104,28.560695,77.318046,11.0,CNG,14.78,16.1,2,826,39.6,3.16,,89.0,-0.78,-1.56,13.4,1.6,11.0,0.00,ARMED,,15.3
1791211494972,28.560713,77.318022,11.0,CNG,13.91,16.1,2,836,39.6,3.52,,89.0,-0.78,-1.56,13.4,1.6,11.0,-0.00,ARMED,,15.3
1791211496628,28.560732,77.317999,11.0,CNG,14.57,16.1,2,841,38.0,2.86,,90.0,0.00,-1.56,13.4,1.6,11.0,0.01,ARMED,,15.3
1791211497591,28.560752,77.317977,11.0,CNG,14.14,16.1,2,848,38.0,3.32,,90.0,0.00,-1.56,13.4,1.6,11.0,0.00,ARMED,,14.9
1791211498603,28.560773,77.317956,11.0,CNG,15.88,16.1,2,852,38.0,2.31,,90.0,0.00,-1.56,13.4,1.6,11.0,0.00,ARMED,,13.3
1791211500321,28.560814,77.317916,11.0,CNG,17.46,17.6,2,818,25.9,2.19,,90.0,2.34,-5.47,13.4,3.7,10.8,-0.05,ARMED,,12.9
1791211501194,28.560835,77.317896,11.0,CNG,20.42,18.4,2,827,25.9,1.64,,90.0,2.34,-5.47,13.4,4.8,11.0,0.00,ARMED,,13.3
1791211502115,28.560858,77.317876,11.0,CNG,21.60,18.0,2,848,25.9,1.90,,90.0,2.34,-5.47,13.4,4.3,11.1,0.03,ARMED,,13.3
1791211503810,28.560880,77.317857,11.0,CNG,22.43,14.9,2,828,22.4,1.89,,90.0,0.00,-1.56,13.4,0.0,11.0,-0.02,ARMED,,12.9
1791211504718,28.560902,77.317838,11.0,CNG,22.86,16.1,2,814,22.4,1.91,,90.0,0.00,-1.56,13.4,1.6,11.0,0.00,ARMED,,14.1
1791211505594,28.560923,77.317820,11.0,CNG,18.25,17.3,2,814,22.4,3.21,,90.0,0.00,-1.56,13.4,3.2,10.8,-0.05,ARMED,,14.5
1791211507255,28.560967,77.317786,11.0,CNG,18.32,17.3,2,802,40.4,2.44,,90.0,-2.34,-1.56,13.5,3.2,10.6,-0.09,ARMED,,15.3
1791211508152,28.560989,77.317769,11.0,CNG,18.15,16.9,2,819,40.4,2.51,,90.0,-2.34,-1.56,13.5,2.7,11.0,0.00,ARMED,,15.3
1791211509099,28.561011,77.317752,11.0,CNG,16.37,14.9,2,823,40.4,3.15,,90.0,-2.34,-1.56,13.4,0.0,10.9,-0.03,ARMED,,15.3
1791211510755,28.561033,77.317734,11.0,CNG,15.03,14.9,2,835,39.2,3.36,,90.0,-1.56,-1.56,13.4,0.0,11.0,0.00,ARMED,,15.3
1791211511626,28.561055,77.317718,10.0,CNG,14.45,14.9,2,825,39.2,3.01,,90.0,-1.56,-1.56,13.0,0.0,10.0,0.00,ARMED,,14.9
1791211512473,28.561074,77.317705,9.0,CNG,15.93,17.3,,765,39.2,1.89,,90.0,-1.56,-1.56,13.0,3.2,9.0,0.00,ARMED,,12.9
1791211514252,28.561112,77.317678,9.0,CNG,19.48,18.0,,698,26.3,1.19,,90.0,4.69,-5.47,13.4,4.3,9.0,0.00,ARMED,,12.9
1791211515098,28.561131,77.317665,9.0,CNG,17.10,19.2,2,708,26.3,2.57,,90.0,4.69,-5.47,13.4,5.9,9.0,0.00,ARMED,,14.1
1791211516020,28.561151,77.317652,10.0,CNG,15.89,19.2,2,719,26.3,2.83,,90.0,4.69,-5.47,13.5,5.9,9.7,0.38,ARMED,,14.1
1791211517884,28.561173,77.317637,10.0,CNG,15.08,19.2,2,745,32.5,2.91,,90.0,0.78,-5.47,13.5,5.9,10.0,0.38,ARMED,,14.1
1791211518802,28.561195,77.317621,11.0,CNG,19.93,14.9,2,739,32.5,1.29,,90.0,0.78,-5.47,13.3,0.0,11.0,0.00,ARMED,,12.5
1791211519747,28.561217,77.317606,10.0,CNG,21.41,14.9,2,714,32.5,1.69,,90.0,0.78,-5.47,13.3,0.0,10.3,-0.39,ARMED,,12.5
1791211521416,28.561250,77.317582,8.0,CNG,15.14,14.9,,708,38.8,3.36,,90.0,-2.34,-1.56,13.1,0.0,8.0,0.00,ARMED,,14.5
1791211522292,28.561264,77.317572,7.0,CNG,9.48,19.6,,797,38.8,5.27,,90.0,-2.34,-1.56,13.1,6.4,7.0,0.00,ARMED,,17.6
1791211523208,28.561280,77.317560,7.0,CNG,8.75,14.9,,746,38.8,3.72,,90.0,-2.34,-1.56,13.4,0.0,7.0,0.00,ARMED,,15.7
1791211524863,28.561297,77.317547,8.0,CNG,8.92,14.9,,830,69.8,3.56,,90.0,-3.13,-3.13,13.4,0.0,8.0,0.00,ARMED,,15.3
1791211525743,28.561314,77.317534,8.0,CNG,5.79,22.4,1,1169,69.8,8.57,,90.0,-3.13,-3.13,13.4,10.2,8.0,0.00,ARMED,,20.4
1791211526603,28.561334,77.317520,11.0,CNG,6.43,21.6,,1054,69.8,6.17,,90.0,-3.13,-3.13,13.4,9.1,11.0,0.00,ARMED,,16.5
1791211528284,28.561388,77.317483,13.0,CNG,8.05,21.6,2,906,47.8,4.84,,90.0,-2.34,-4.69,13.3,9.1,13.0,0.00,ARMED,,17.3
1791211529151,28.561424,77.317469,16.0,CNG,10.06,21.6,2,1159,47.8,4.87,,90.0,-2.34,-4.69,13.3,9.1,16.0,0.00,ARMED,,16.9
1791211530054,28.561463,77.317461,17.0,CNG,12.45,21.2,2,1245,47.8,4.08,,90.0,-2.34,-4.69,13.4,8.6,16.7,0.38,ARMED,,16.9
1791211531764,28.561507,77.317455,18.0,CNG,14.40,21.2,2,1332,31.4,4.14,,90.0,0.00,-4.69,13.4,8.6,17.8,0.82,ARMED,,16.9
1791211532663,28.561556,77.317444,19.0,CNG,15.12,21.2,2,1441,31.4,4.81,,90.0,0.00,-4.69,13.6,8.6,19.0,0.00,ARMED,,16.9
1791211533536,28.561604,77.317422,20.0,CNG,15.60,20.4,2,1490,31.4,5.03,,90.0,0.00,-4.69,13.6,7.5,19.9,0.49,ARMED,,16.9
1791211535147,28.561693,77.317375,20.0,CNG,19.37,14.9,2,1521,30.2,2.82,,90.0,0.00,-1.56,13.3,0.0,20.5,0.56,ARMED,,14.9
1791211536023,28.561727,77.317357,16.0,CNG,17.35,14.9,,719,30.2,4.47,,90.0,0.00,-1.56,13.3,0.0,16.0,0.00,ARMED,,14.9
1791211536871,28.561727,77.317357,12.0,CNG,16.67,14.9,,766,30.2,3.20,,90.0,0.00,-1.56,13.4,0.0,12.0,0.00,ARMED,,14.9
1791211538523,28.561754,77.317341,6.0,CNG,13.19,14.9,1,798,40.0,3.36,,89.0,-2.34,-1.56,13.4,0.0,6.0,0.00,ARMED,,14.9
1791211539496,28.561757,77.317339,0.0,CNG,8.67,14.9,0,820,40.0,2.83,,89.0,-2.34,-1.56,13.4,0.0,0.0,0.00,ARMED,,15.3
1791211540369,28.561760,77.317338,0.0,CNG,3.01,22.0,0,823,40.0,9.32,,89.0,-2.34,-1.56,13.4,9.6,0.0,0.00,ARMED,,21.2
1791211542072,28.561775,77.317329,1.0,CNG,,19.2,,1386,32.2,5.02,,89.0,3.91,-4.69,13.6,5.9,1.0,0.00,ARMED,,16.9
1791211542978,28.561775,77.317329,5.0,CNG,3.60,14.9,1,769,32.2,2.49,,90.0,3.91,-4.69,13.6,0.0,5.0,0.00,ARMED,,13.3
1791211543890,28.561786,77.317322,2.0,CNG,2.85,14.9,,819,32.2,4.56,,90.0,3.91,-4.69,13.0,0.0,2.0,0.00,ARMED,,15.3
1791211545635,28.561785,77.317322,0.0,CNG,,14.9,0,805,44.3,2.76,,90.0,-0.78,-2.34,13.0,0.0,0.0,0.00,ARMED,,15.7
1791211546568,28.561785,77.317320,0.0,CNG,,21.2,0,828,44.3,5.38,,90.0,-0.78,-2.34,13.4,8.6,0.0,0.00,ARMED,,19.2
1791211547463,28.561786,77.317321,1.0,CNG,,14.9,,1208,44.3,3.45,,90.0,-0.78,-2.34,13.4,0.0,1.0,0.00,ARMED,,16.1
1791211549111,28.561802,77.317313,3.0,CNG,,18.4,,916,36.5,2.84,,90.0,4.69,-5.47,13.3,4.8,3.0,0.00,ARMED,,14.1
1791211550008,28.561814,77.317307,5.0,CNG,4.20,19.2,,668,36.5,2.23,,90.0,4.69,-5.47,13.3,5.9,5.0,0.00,ARMED,,14.5
1791211550915,28.561814,77.317307,6.0,CNG,6.46,18.8,1,853,36.5,2.21,,90.0,4.69,-5.47,13.3,5.4,6.0,0.00,ARMED,,14.5
1791211552775,28.561846,77.317293,7.0,CNG,8.14,18.4,1,975,25.1,2.68,,90.0,7.03,-5.47,13.5,4.8,6.7,0.39,ARMED,,13.7
1791211553666,28.561863,77.317287,7.0,CNG,9.76,14.9,1,879,25.1,2.26,,90.0,7.03,-5.47,13.2,0.0,7.0,0.00,ARMED,,12.9
1791211554616,28.561877,77.317280,5.0,CNG,10.38,14.9,1,720,25.1,1.74,,90.0,7.03,-5.47,13.2,0.0,5.6,-0.78,ARMED,,12.5
1791211556364,28.561898,77.317268,5.0,CNG,10.14,18.4,1,700,35.3,2.10,,90.0,0.00,-4.69,13.4,4.8,4.9,-0.78,ARMED,,13.7
1791211557337,28.561909,77.317262,5.0,CNG,6.02,20.0,,695,35.3,5.61,,90.0,0.00,-4.69,13.4,7.0,5.0,0.00,ARMED,,16.1
1791211558256,28.561923,77.317254,6.0,CNG,5.93,20.0,1,853,35.3,4.22,,90.0,0.00,-4.69,13.5,7.0,6.0,0.00,ARMED,,16.1
1791211560009,28.561961,77.317234,8.0,CNG,6.60,19.6,1,1039,32.2,4.38,,90.0,-4.69,-0.78,13.5,6.4,7.4,0.78,ARMED,,16.9
1791211560976,28.561981,77.317225,9.0,CNG,7.86,14.9,,1030,32.2,3.71,,90.0,-4.69,-0.78,13.3,0.0,9.0,0.00,ARMED,,15.3
1791211561841,28.561981,77.317225,8.0,CNG,8.67,14.9,,844,32.2,3.22,,90.0,-4.69,-0.78,13.3,0.0,8.0,0.00,ARMED,,15.3
1791211563560,28.562014,77.317209,7.0,CNG,8.44,14.9,,840,42.7,3.54,,90.0,-1.56,-4.69,13.1,0.0,7.0,0.00,ARMED,,15.3
1791211564524,28.562029,77.317203,7.0,CNG,9.23,14.9,,678,42.7,2.63,,90.0,-1.56,-4.69,13.1,0.0,7.0,0.00,ARMED,,13.7
1791211565518,28.562046,77.317195,8.0,CNG,10.20,18.0,,702,42.7,2.75,,90.0,-1.56,-4.69,13.2,4.3,8.0,0.00,ARMED,,15.3
1791211567218,28.562086,77.317175,9.0,CNG,12.09,18.0,,644,27.5,2.33,,90.0,-2.34,-3.91,13.2,4.3,9.0,0.00,ARMED,,12.9
1791211568117,28.562107,77.317166,9.0,CNG,13.83,14.9,,691,27.5,2.14,,90.0,-2.34,-3.91,13.4,0.0,9.0,0.00,ARMED,,12.5
1791211569026,28.562129,77.317158,9.0,CNG,14.93,14.9,2,712,27.5,2.19,,90.0,-2.34,-3.91,13.4,0.0,9.0,0.00,ARMED,,12.5
1791211570749,28.562149,77.317150,8.0,CNG,17.20,14.9,,711,56.1,1.43,,90.0,2.34,-4.69,13.4,0.0,8.0,0.00,ARMED,,12.5
1791211571695,28.562169,77.317141,9.0,CNG,14.23,14.9,2,714,56.1,3.21,,90.0,2.34,-4.69,13.4,0.0,9.0,0.00,ARMED,,16.5
1791211572607,28.562190,77.317132,10.0,CNG,15.04,14.9,2,734,56.1,2.52,,90.0,2.34,-4.69,13.3,0.0,9.7,0.38,ARMED,,15.3
1791211574237,28.562226,77.317120,8.0,CNG,12.23,14.9,,785,40.4,3.53,,90.0,-2.34,-1.56,13.3,0.0,8.0,0.00,ARMED,,15.3
1791211575162,28.562233,77.317119,3.0,CNG,8.71,14.9,,823,40.4,3.18,,90.0,-2.34,-1.56,13.5,0.0,3.0,0.00,ARMED,,15.7
1791211576037,28.562238,77.317116,3.0,CNG,5.21,19.6,,828,40.4,5.38,,90.0,-2.34,-1.56,13.5,6.4,3.0,0.00,ARMED,,18.0
1791211577687,28.562248,77.317113,4.0,CNG,5.02,14.9,,803,49.4,3.48,,90.0,-2.34,-1.56,13.3,0.0,4.0,0.00,ARMED,,15.3
1791211578530,28.562260,77.317108,5.0,CNG,6.37,14.9,,836,49.4,2.01,,90.0,-2.34,-1.56,13.3,0.0,5.0,0.00,ARMED,,15.3
1791211579430,28.562273,77.317104,6.0,CNG,9.51,14.9,1,768,49.4,1.06,,90.0,-2.34,-1.56,13.4,0.0,6.0,0.00,ARMED,,12.9
1791211581074,28.562298,77.317095,5.0,CNG,11.43,17.3,1,741,41.2,1.22,,90.0,10.94,-4.69,13.4,3.2,5.3,-0.39,ARMED,,12.5
1791211581984,28.562311,77.317090,5.0,CNG,9.04,19.6,,774,41.2,2.99,,90.0,10.94,-4.69,13.4,6.4,5.0,0.00,ARMED,,14.5
1791211582842,28.562311,77.317090,7.0,CNG,8.68,19.6,1,979,41.2,3.44,,90.0,10.94,-4.69,13.4,6.4,7.0,0.00,ARMED,,15.3
1791211584562,28.562348,77.317077,8.0,CNG,10.01,14.9,1,1140,23.9,2.72,,90.0,1.56,-1.56,13.3,0.0,7.7,0.39,ARMED,,14.1
1791211585408,28.562367,77.317069,8.0,CNG,13.47,14.9,,798,23.9,1.37,,90.0,1.56,-1.56,13.3,0.0,8.0,0.00,ARMED,,12.5
1791211586326,28.562384,77.317062,7.0,CNG,14.55,20.4,,690,23.9,1.72,,90.0,1.56,-1.56,13.3,7.5,7.0,0.00,ARMED,,14.1
1791211588060,28.562415,77.317043,7.0,CNG,10.65,19.6,,697,45.5,3.79,,90.0,0.78,-1.56,13.3,6.4,7.0,0.00,ARMED,,16.9
1791211589027,28.562429,77.317035,6.0,CNG,8.94,14.9,1,793,45.5,3.52,,90.0,0.78,-1.56,13.4,0.0,6.0,0.00,ARMED,,15.3
1791211589915,28.562429,77.317035,4.0,CNG,7.31,17.6,,819,45.5,3.25,,90.0,0.78,-1.56,13.4,3.7,4.0,0.00,ARMED,,15.3
1791211591581,28.562448,77.317023,4.0,CNG,7.47,17.6,,756,73.3,2.09,,90.0,3.91,-4.69,13.2,3.7,4.0,0.00,ARMED,,14.1
1791211592500,28.562460,77.317016,6.0,CNG,6.04,20.8,1,797,73.3,5.03,,90.0,3.91,-4.69,13.2,8.0,6.0,0.00,ARMED,,18.0
1791211593403,28.562475,77.317005,8.0,CNG,7.98,14.9,1,1045,73.3,2.77,,90.0,3.91,-4.69,13.3,0.0,7.3,0.76,ARMED,,15.3
1791211595009,28.562509,77.316982,8.0,CNG,9.46,14.9,,844,22.4,2.68,,90.0,-3.13,-1.56,13.3,0.0,8.0,0.00,ARMED,,11.0
1791211595939,28.562509,77.316982,7.0,CNG,10.66,14.9,,741,22.4,2.17,,90.0,-3.13,-1.56,13.5,0.0,7.0,0.00,ARMED,,12.9
1791211596852,28.562523,77.316971,6.0,CNG,13.05,16.5,,714,22.4,1.14,,90.0,-3.13,-1.56,13.5,2.1,6.0,0.00,ARMED,,12.5
1791211598534,28.562551,77.316949,6.0,CNG,10.36,20.0,,701,32.9,3.17,,90.0,3.13,-2.34,13.1,7.0,6.0,0.00,ARMED,,14.9
1791211599445,28.562568,77.316939,7.0,CNG,13.33,14.9,,699,32.9,1.31,,90.0,3.13,-2.34,13.1,0.0,7.0,0.00,ARMED,,12.9
1791211600314,28.562579,77.316932,4.0,CNG,15.33,14.9,,704,32.9,0.67,,90.0,3.13,-2.34,13.5,0.0,4.0,0.00,ARMED,,12.2
1791211602021,28.562593,77.316921,3.0,CNG,9.86,18.8,,683,28.2,2.48,,90.0,1.56,-1.56,13.5,5.4,3.0,0.00,ARMED,,15.3
1791211602911,28.562593,77.316921,4.0,CNG,5.97,14.9,,691,28.2,4.59,,90.0,1.56,-1.56,13.3,0.0,4.0,0.00,ARMED,,14.9
1791211603776,28.562601,77.316917,2.0,CNG,4.76,14.9,,773,28.2,2.83,,90.0,1.56,-1.56,13.3,0.0,2.0,0.00,ARMED,,15.3
1791211605565,28.562609,77.316915,2.0,CNG,,19.2,,787,52.9,6.80,,90.0,0.78,-1.56,13.3,5.9,2.0,0.00,ARMED,,17.6
1791211606468,28.562616,77.316910,4.0,CNG,3.00,18.4,,771,52.9,4.56,,90.0,0.78,-1.56,13.3,4.8,4.0,0.00,ARMED,,16.9
1791211607396,28.562627,77.316903,6.0,CNG,4.36,18.8,1,830,52.9,3.49,,90.0,0.78,-1.56,13.3,5.4,6.0,0.00,ARMED,,14.9
1791211609064,28.562655,77.316887,6.0,CNG,5.19,18.4,1,904,38.0,3.74,,90.0,-0.78,-4.69,13.3,4.8,6.0,0.00,ARMED,,15.3
1791211609987,28.562668,77.316878,7.0,CNG,6.48,14.9,1,915,38.0,3.24,,90.0,-0.78,-4.69,13.4,0.0,7.0,0.00,ARMED,,15.3
1791211610883,28.562668,77.316878,6.0,CNG,7.20,14.9,1,875,38.0,2.85,,90.0,-0.78,-4.69,13.4,0.0,6.3,-0.39,ARMED,,15.3
1791211612539,28.562691,77.316862,6.0,CNG,9.27,14.9,1,822,22.7,1.53,,90.0,10.16,-1.56,13.4,0.0,5.7,-0.45,ARMED,,12.9
1791211613401,28.562702,77.316854,5.0,CNG,9.42,14.9,1,732,22.7,2.11,,90.0,10.16,-1.56,13.4,0.0,5.0,0.00,ARMED,,12.5
1791211614314,28.562712,77.316846,5.0,CNG,9.83,14.9,,686,22.7,1.92,,90.0,10.16,-1.56,13.3,0.0,5.0,0.00,ARMED,,12.5
1791211615973,28.562728,77.316835,4.0,CNG,10.92,14.9,,650,49.4,1.17,,90.0,-0.78,-3.91,13.3,0.0,4.0,0.00,ARMED,,12.5
1791211616886,28.562728,77.316835,3.0,CNG,8.05,18.4,,746,49.4,2.48,,90.0,-0.78,-3.91,13.4,4.8,3.0,0.00,ARMED,,15.3
1791211617795,28.562735,77.316830,5.0,CNG,10.91,18.4,1,736,49.4,1.06,,90.0,-0.78,-3.91,13.4,4.8,5.0,0.00,ARMED,,15.7
1791211619628,28.562756,77.316813,6.0,CNG,8.86,18.8,1,778,49.4,3.35,,90.0,-1.56,-4.69,13.2,5.4,6.0,0.00,ARMED,,15.3
1791211620502,28.562769,77.316803,7.0,CNG,6.55,21.2,1,945,49.4,5.61,,90.0,-1.56,-4.69,13.2,8.6,7.0,0.00,ARMED,,18.4
1791211621400,28.562784,77.316791,8.0,CNG,6.04,21.2,1,1200,49.4,5.86,,90.0,-1.56,-4.69,13.3,8.6,7.7,0.38,ARMED,,18.4
1791211623191,28.562828,77.316757,10.0,CNG,6.16,20.8,1,1453,23.1,6.50,,90.0,-1.56,-4.69,13.3,8.0,9.3,1.09,ARMED,,18.8
1791211624114,28.562853,77.316739,12.0,CNG,9.08,14.9,,1142,23.1,2.84,,90.0,-1.56,-4.69,13.4,0.0,12.0,0.00,ARMED,,15.7
1791211625003,28.562875,77.316724,11.0,CNG,13.52,14.9,,1032,23.1,1.19,,90.0,-1.56,-4.69,13.4,0.0,11.0,0.00,ARMED,,13.7
1791211626741,28.562893,77.316713,8.0,CNG,13.99,14.9,,867,23.9,2.18,,90.0,2.34,0.00,13.4,0.0,8.0,0.00,ARMED,,12.9
1791211627610,28.562903,77.316707,2.0,CNG,10.31,14.9,,695,23.9,2.25,,90.0,2.34,0.00,13.4,0.0,2.0,0.00,ARMED,,12.9
1791211628603,28.562905,77.316706,0.0,CNG,7.56,14.9,0,691,23.9,1.38,,90.0,2.34,0.00,13.5,0.0,0.0,0.00,ARMED,,12.9
1791211630276,28.562902,77.316711,0.0,CNG,,14.9,0,689,29.0,1.97,,90.0,-3.91,-0.78,13.5,0.0,0.0,0.00,ARMED,,12.9
1791211631207,28.562902,77.316712,0.0,CNG,,15.7,0,703,29.0,6.20,,90.0,-3.91,-0.78,13.0,1.1,0.0,0.00,ARMED,,16.5
1791211632069,28.562904,77.316710,1.0,CNG,,19.2,,765,29.0,2.15,,90.0,-3.91,-0.78,13.0,5.9,1.0,0.00,ARMED,,14.5
1791211633676,28.562908,77.316706,2.0,CNG,,14.9,,809,34.1,3.59,,90.0,-3.91,-0.78,13.0,0.0,2.0,0.00,ARMED,,15.3
1791211634596,28.562916,77.316700,5.0,CNG,,20.4,,665,34.1,1.99,,90.0,-3.91,-0.78,13.0,7.5,5.0,0.00,ARMED,,14.5
1791211635494,28.562926,77.316693,5.0,CNG,4.12,20.4,1,756,34.1,5.16,,90.0,-3.91,-0.78,13.2,7.5,5.0,0.00,ARMED,,17.3
1791211637094,28.562954,77.316671,7.0,CNG,5.15,20.0,1,940,35.3,4.43,,90.0,-1.56,-4.69,13.2,7.0,6.3,0.76,ARMED,,17.6
1791211638021,28.562969,77.316659,7.0,CNG,6.26,16.5,1,1063,35.3,3.52,,90.0,-1.56,-4.69,13.1,2.1,7.0,0.00,ARMED,,15.3
1791211638896,28.562969,77.316659,7.0,CNG,6.65,16.5,1,975,35.3,3.95,,90.0,-1.56,-4.69,13.1,2.1,7.0,0.00,ARMED,,15.7
1791211640563,28.562996,77.316637,6.0,CNG,6.99,16.1,1,889,41.6,3.23,,90.0,-2.34,-1.56,13.4,1.6,6.6,-0.25,ARMED,,15.3
1791211641481,28.563009,77.316628,6.0,CNG,7.48,14.9,1,840,41.6,2.92,,90.0,-2.34,-1.56,13.4,0.0,6.0,0.00,ARMED,,15.3
1791211642394,28.563019,77.316619,5.0,CNG,9.07,14.9,,833,41.6,1.38,,90.0,-2.34,-1.56,13.3,0.0,5.0,0.00,ARMED,,12.2
1791211644050,28.563033,77.316609,4.0,CNG,8.90,14.9,,749,56.9,1.91,,90.0,8.59,-4.69,13.3,0.0,4.0,0.00,ARMED,,12.9
1791211644994,28.563040,77.316604,4.0,CNG,6.48,18.4,,806,56.9,3.81,,90.0,8.59,-4.69,13.1,4.8,4.0,0.00,ARMED,,14.5
1791211645860,28.563040,77.316604,5.0,CNG,7.87,20.4,,672,56.9,1.83,,90.0,8.59,-4.69,13.1,7.5,5.0,0.00,ARMED,,14.9
1791211647603,28.563062,77.316589,5.0,CNG,7.65,20.4,,782,35.3,2.77,,90.0,-2.34,-4.69,13.5,7.5,5.0,0.00,ARMED,,15.3
1791211648553,28.563078,77.316579,8.0,CNG,7.90,20.4,1,1142,35.3,4.02,,90.0,-2.34,-4.69,13.5,7.5,8.0,0.00,ARMED,,16.1
1791211649479,28.563096,77.316564,9.0,CNG,8.25,20.4,1,1301,35.3,4.25,,90.0,-2.34,-4.69,13.5,7.5,8.7,0.38,ARMED,,16.1
1791211651183,28.563139,77.316530,10.0,CNG,9.42,20.4,1,1428,26.3,3.68,,90.0,0.78,-5.47,13.5,7.5,9.7,0.76,ARMED,,16.1
1791211652084,28.563163,77.316512,11.0,CNG,8.96,20.4,1,1613,26.3,5.29,,90.0,0.78,-5.47,13.4,7.5,11.0,0.00,ARMED,,17.6
1791211653002,28.563189,77.316494,12.0,CNG,8.88,20.4,1,1678,26.3,5.59,,90.0,0.78,-5.47,13.4,7.5,11.7,0.39,ARMED,,18.0
1791211654682,28.563215,77.316475,12.0,CNG,8.76,21.2,1,1731,24.3,5.69,,90.0,0.00,0.00,13.4,8.6,12.3,0.45,ARMED,,18.4
1791211655612,28.563240,77.316456,13.0,CNG,8.13,20.8,,1153,24.3,7.15,,89.0,0.00,0.00,13.4,8.0,13.0,0.00,ARMED,,19.2
1791211656492,28.563267,77.316435,14.0,CNG,9.42,20.8,2,1043,24.3,4.85,,89.0,0.00,0.00,13.3,8.0,14.0,0.00,ARMED,,18.0
1791211658277,28.563330,77.316389,15.0,CNG,10.20,20.8,2,1122,42.0,5.37,,89.0,0.00,-4.69,13.5,8.0,14.7,0.38,ARMED,,18.0
1791211659190,28.563366,77.316361,17.0,CNG,11.92,21.2,2,1249,42.0,4.65,,89.0,0.00,-4.69,13.4,8.6,17.0,0.00,ARMED,,16.9
1791211660093,28.563402,77.316332,18.0,CNG,13.24,21.2,2,1303,42.0,4.79,,89.0,0.00,-4.69,13.4,8.6,17.7,0.39,ARMED,,16.9
1791211661806,28.563444,77.316301,18.0,CNG,13.91,14.9,2,1371,30.2,4.93,,89.0,-4.69,-4.69,13.5,0.0,18.6,0.71,ARMED,,16.5
1791211662708,28.563483,77.316272,19.0,CNG,15.60,20.8,2,1404,30.2,4.17,,89.0,-4.69,-4.69,13.5,8.0,19.0,0.00,ARMED,,16.9
1791211663690,28.563521,77.316241,20.0,CNG,16.96,20.8,2,1446,30.2,4.26,,89.0,-4.69,-4.69,13.5,8.0,19.6,0.34,ARMED,,16.9
1791211665428,28.563606,77.316177,20.0,CNG,17.68,20.8,2,1502,23.1,4.35,,89.0,0.00,-4.69,13.5,8.0,20.4,0.60,ARMED,,16.9
1791211666312,28.563652,77.316146,21.0,CNG,20.58,20.0,2,1571,23.1,3.23,,89.0,0.00,-4.69,13.5,7.0,21.0,0.00,ARMED,,15.7
1791211667164,28.563698,77.316112,21.0,CNG,17.94,20.0,2,1590,23.1,5.66,,89.0,0.00,-4.69,13.5,7.0,21.5,0.28,ARMED,,17.3
1791211669030,28.563787,77.316045,22.0,CNG,18.15,20.0,2,1617,31.0,4.87,,89.0,0.00,-4.69,13.3,7.0,22.0,0.35,ARMED,,17.3
1791211670169,28.563836,77.316010,22.0,CNG,17.95,18.8,2,1622,31.0,5.09,,89.0,0.00,-4.69,13.3,5.4,22.0,0.00,ARMED,,16.9
1791211671416,28.563879,77.315982,21.0,CNG,18.91,18.8,2,1606,31.0,4.17,,89.0,0.00,-4.69,13.4,5.4,21.0,0.00,ARMED,,16.9
1791211673474,28.563963,77.315922,21.0,CNG,21.23,14.9,2,1578,20.4,3.29,,88.0,0.00,0.00,13.4,0.0,21.0,0.00,ARMED,,15.3
1791211674598,28.564000,77.315900,18.0,CNG,22.41,19.2,2,1325,20.4,2.96,,88.0,0.00,0.00,13.3,5.9,18.0,0.00,ARMED,,15.3
1791211675786,28.564033,77.315875,18.0,CNG,18.59,20.4,2,1354,20.4,5.07,,88.0,0.00,0.00,13.3,7.5,18.0,0.00,ARMED,,17.6
1791211677901,28.564115,77.315820,18.0,CNG,20.06,14.9,2,1365,22.7,3.21,,88.0,0.00,-2.34,13.3,0.0,18.0,0.00,ARMED,,14.9
1791211678832,28.564149,77.315796,14.0,CNG,20.95,14.9,,669,22.7,2.49,,88.0,0.00,-2.34,13.3,0.0,14.0,0.00,ARMED,,12.5
1791211679737,28.564181,77.315774,12.0,CNG,28.91,14.9,,616,22.7,0.34,,88.0,0.00,-2.34,13.1,0.0,12.0,0.00,ARMED,,14.5
1791211681360,28.564235,77.315736,12.0,CNG,26.59,14.9,,651,26.3,2.12,,88.0,-10.16,-2.34,13.1,0.0,12.0,0.00,ARMED,,12.5
1791211682257,28.564260,77.315725,11.0,CNG,23.58,18.4,,704,26.3,2.31,,88.0,-10.16,-2.34,13.3,4.8,11.0,0.00,ARMED,,13.3
1791211683150,28.564284,77.315711,11.0,CNG,24.17,18.4,2,869,26.3,1.78,,88.0,-10.16,-2.34,13.3,4.8,11.0,0.00,ARMED,,13.3
1791211684990,28.564333,77.315682,11.0,CNG,22.30,18.8,2,815,46.3,2.27,,88.0,-0.78,-4.69,13.3,5.4,11.0,0.00,ARMED,,14.9
1791211685958,28.564333,77.315682,12.0,CNG,14.25,20.4,2,854,46.3,5.24,,89.0,-0.78,-4.69,13.3,7.5,12.0,0.00,ARMED,,18.0
1791211686871,28.564358,77.315666,12.0,CNG,12.96,14.9,2,934,46.3,4.29,,89.0,-0.78,-4.69,13.1,0.0,12.0,0.00,ARMED,,16.1
1791211688503,28.564412,77.315632,13.0,CNG,12.70,19.6,,836,49.4,4.29,,89.0,1.56,-4.69,13.1,6.4,13.0,0.00,ARMED,,16.5
1791211689442,28.564439,77.315614,13.0,CNG,12.40,19.6,2,942,49.4,4.43,,89.0,1.56,-4.69,13.1,6.4,13.0,0.00,ARMED,,16.9
1791211690339,28.564466,77.315595,13.0,CNG,12.38,19.6,2,1002,49.4,4.30,,89.0,1.56,-4.69,13.1,6.4,13.0,0.00,ARMED,,16.5
1791211692130,28.564525,77.315554,14.0,CNG,12.88,20.0,2,1035,33.7,4.20,,89.0,-1.56,-4.69,13.2,7.0,13.7,0.39,ARMED,,16.9
1791211693011,28.564556,77.315534,15.0,CNG,15.06,14.9,2,1109,33.7,3.16,,89.0,-1.56,-4.69,13.2,0.0,15.0,0.00,ARMED,,14.5
1791211693977,28.564586,77.315513,15.0,CNG,16.95,19.2,2,1109,33.7,2.98,,89.0,-1.56,-4.69,13.4,5.9,15.0,0.00,ARMED,,15.3
1791211695817,28.564614,77.315492,14.0,CNG,20.71,14.9,2,1068,23.9,1.82,,89.0,-1.56,-2.34,13.5,0.0,14.6,-0.22,ARMED,,14.1
1791211696753,28.564643,77.315471,13.0,CNG,22.85,14.9,2,986,23.9,1.93,,89.0,-1.56,-2.34,13.5,0.0,13.0,0.00,ARMED,,13.7
1791211697635,28.564669,77.315451,13.0,CNG,22.80,14.9,2,944,23.9,2.34,,90.0,-1.56,-2.34,13.5,0.0,12.8,-0.04,ARMED,,12.9
1791211699274,28.564714,77.315420,11.0,CNG,26.13,20.8,,723,36.1,1.26,,90.0,3.91,-4.69,13.5,8.0,11.0,0.00,ARMED,,18.0
1791211700222,28.564737,77.315403,11.0,CNG,26.42,20.8,2,869,36.1,1.67,,89.0,3.91,-4.69,13.5,8.0,11.0,0.00,ARMED,,12.9
1791211701190,28.564759,77.315385,11.0,CNG,17.80,20.4,2,837,36.1,3.86,,89.0,3.91,-4.69,13.5,7.5,11.0,0.00,ARMED,,17.6
1791211702783,28.564784,77.315364,13.0,CNG,16.40,19.2,2,924,42.4,3.58,,90.0,-2.34,-4.69,13.5,5.9,12.3,0.76,ARMED,,15.7
1791211703688,28.564811,77.315342,13.0,CNG,14.85,14.9,2,982,42.4,4.05,,90.0,-2.34,-4.69,13.4,0.0,13.0,0.00,ARMED,,15.7
1791211704584,28.564839,77.315319,13.0,CNG,14.20,18.4,2,991,42.4,3.98,,90.0,-2.34,-4.69,13.4,4.8,13.0,0.00,ARMED,,15.7
1791211706243,28.564891,77.315276,13.0,CNG,15.17,18.4,2,997,49.4,3.15,,90.0,0.78,-4.69,13.4,4.8,13.0,0.01,ARMED,,15.7
1791211707099,28.564917,77.315256,14.0,CNG,12.82,20.4,2,1022,49.4,5.41,,90.0,0.78,-4.69,13.4,7.5,14.0,0.00,ARMED,,17.6
1791211708070,28.564945,77.315235,14.0,CNG,11.88,21.2,2,1065,49.4,5.32,,90.0,0.78,-4.69,13.5,8.6,14.0,-0.00,ARMED,,17.6
1791211709737,28.564976,77.315211,15.0,CNG,12.25,21.2,2,1126,39.2,4.79,,90.0,0.78,-4.69,13.5,8.6,14.5,0.31,ARMED,,16.9
1791211710667,28.565012,77.315185,17.0,CNG,13.77,21.2,2,1227,39.2,4.27,,90.0,0.78,-4.69,13.6,8.6,17.0,0.00,ARMED,,16.9
1791211711588,28.565050,77.315157,17.0,CNG,14.28,21.2,2,1275,39.2,4.62,,90.0,0.78,-4.69,13.6,8.6,16.9,-0.03,ARMED,,16.9
1791211713255,28.565132,77.315099,18.0,CNG,14.68,19.6,2,1340,22.7,4.82,,90.0,-1.56,-5.47,13.4,6.4,17.5,0.30,ARMED,,16.5
1791211714112,28.565171,77.315072,19.0,CNG,17.58,14.9,2,1391,22.7,3.26,,90.0,-1.56,-5.47,13.4,0.0,19.0,0.00,ARMED,,15.3
1791211715085,28.565205,77.315043,18.0,CNG,19.16,17.6,2,1359,22.7,3.33,,90.0,-1.56,-5.47,13.4,3.7,18.3,-0.39,ARMED,,14.9
1791211716755,28.565243,77.315019,18.0,CNG,20.34,21.2,2,1316,33.3,3.29,,90.0,3.13,-4.69,13.4,8.6,17.6,-0.58,ARMED,,14.9
1791211717727,28.565279,77.314992,18.0,CNG,22.51,14.9,2,1316,33.3,2.75,,90.0,3.13,-4.69,13.5,0.0,18.0,0.00,ARMED,,14.9
1791211718599,28.565316,77.314964,17.0,CNG,22.39,14.9,2,1283,33.3,3.13,,90.0,3.13,-4.69,13.5,0.0,17.3,-0.39,ARMED,,14.5
1791211720276,28.565385,77.314922,16.0,CNG,24.35,15.3,2,1210,26.7,2.30,,90.0,0.78,-2.34,12.9,0.5,16.3,-0.75,ARMED,,14.5
1791211721155,28.565418,77.314901,15.0,CNG,20.97,15.7,2,1126,26.7,3.61,,90.0,0.78,-2.34,12.9,1.1,15.0,0.00,ARMED,,15.3
1791211722095,28.565449,77.314878,15.0,CNG,21.06,14.9,2,1091,26.7,2.89,,90.0,0.78,-2.34,13.4,0.0,14.6,-0.21,ARMED,,15.7
1791211723811,28.565480,77.314858,14.0,CNG,18.27,14.9,2,1063,34.5,3.83,,90.0,-0.78,-2.34,13.4,0.0,14.2,-0.28,ARMED,,15.7
1791211724776,28.565511,77.314837,14.0,CNG,13.90,20.0,2,1035,34.5,5.70,,90.0,-0.78,-2.34,13.1,7.0,14.0,0.00,ARMED,,17.6
1791211725638,28.565542,77.314814,14.0,CNG,13.02,20.0,2,1057,34.5,4.83,,90.0,-0.78,-2.34,13.1,7.0,14.0,-0.00,ARMED,,17.3
1791211727345,28.565607,77.314767,15.0,CNG,12.50,20.0,2,1085,27.1,5.19,,90.0,-1.56,-4.69,13.2,7.0,14.3,0.16,ARMED,,14.9
1791211728241,28.565638,77.314744,15.0,CNG,15.46,19.6,2,1127,27.1,2.59,,90.0,-1.56,-4.69,13.2,6.4,15.0,0.00,ARMED,,14.9
1791211729190,28.565670,77.314721,15.0,CNG,15.16,14.9,2,1142,27.1,4.16,,90.0,-1.56,-4.69,13.4,0.0,15.1,0.03,ARMED,,16.1
1791211730996,28.565733,77.314673,16.0,CNG,17.20,20.0,2,1150,27.8,3.09,,90.0,3.13,-5.47,13.5,7.0,15.3,0.06,ARMED,,14.5
1791211731882,28.565733,77.314673,16.0,CNG,17.49,20.0,2,1184,27.8,3.65,,90.0,3.13,-5.47,13.4,7.0,16.0,0.00,ARMED,,15.3
1791211732770,28.565765,77.314649,16.0,CNG,17.97,20.0,2,1206,27.8,3.49,,90.0,3.13,-5.47,13.4,7.0,16.0,0.01,ARMED,,15.3
1791211734471,28.565831,77.314598,16.0,CNG,19.63,19.2,2,1230,30.2,2.88,,90.0,0.00,-5.47,13.6,5.9,16.3,0.07,ARMED,,14.5
1791211735314,28.565866,77.314571,16.0,CNG,18.77,14.9,2,1220,30.2,3.71,,90.0,0.00,-5.47,13.6,0.0,16.0,0.00,ARMED,,14.9
1791211736275,28.565897,77.314544,16.0,CNG,20.79,14.9,2,1187,30.2,2.64,,90.0,0.00,-5.47,13.5,0.0,15.9,-0.04,ARMED,,14.5
1791211737979,28.565956,77.314497,15.0,CNG,22.82,14.9,2,1141,23.5,2.27,,90.0,0.00,-2.34,13.5,0.0,15.4,-0.30,ARMED,,14.1
1791211738918,28.565956,77.314497,14.0,CNG,20.65,14.9,2,1018,23.5,3.21,,90.0,0.00,-2.34,13.4,0.0,14.0,0.00,ARMED,,14.5
1791211739788,28.565984,77.314477,13.0,CNG,19.92,14.9,2,973,23.5,2.83,,90.0,0.00,-2.34,13.4,0.0,13.3,-0.42,ARMED,,14.9
1791211741571,28.566034,77.314436,13.0,CNG,18.01,14.9,2,946,35.7,3.41,,90.0,0.00,-2.34,13.4,0.0,12.7,-0.48,ARMED,,15.3
1791211742469,28.566057,77.314416,12.0,CNG,18.03,14.9,2,896,35.7,2.72,,90.0,0.00,-2.34,13.4,0.0,12.0,0.00,ARMED,,15.3
1791211743432,28.566077,77.314400,9.0,CNG,16.70,14.9,,834,35.7,2.55,,90.0,0.00,-2.34,13.2,0.0,9.0,0.00,ARMED,,15.3
1791211745217,28.566110,77.314371,9.0,CNG,15.43,14.9,,769,39.6,2.73,,90.0,0.00,-2.34,13.2,0.0,9.0,0.00,ARMED,,15.3
1791211746175,28.566123,77.314359,7.0,CNG,13.56,14.9,,833,39.6,2.68,,90.0,0.00,-2.34,13.5,0.0,7.0,0.00,ARMED,,15.3
1791211747045,28.566136,77.314349,7.0,CNG,10.92,18.0,,773,39.6,3.61,,90.0,0.00,-2.34,13.5,4.3,7.0,0.00,ARMED,,15.3
1791211748681,28.566152,77.314338,8.0,CNG,11.35,14.9,,586,26.7,2.71,,90.0,3.13,-2.34,13.5,0.0,8.0,0.00,ARMED,,13.7
1791211749593,28.566167,77.314326,7.0,CNG,12.08,14.9,,726,26.7,2.10,,90.0,3.13,-2.34,13.5,0.0,7.0,0.00,ARMED,,12.9
1791211750530,28.566179,77.314316,5.0,CNG,13.48,19.6,1,720,26.7,1.11,,90.0,3.13,-2.34,13.4,6.4,5.0,0.00,ARMED,,16.5
1791211752176,28.566201,77.314297,6.0,CNG,12.50,19.2,1,787,25.9,2.20,,90.0,0.78,-3.13,13.4,5.9,5.7,0.38,ARMED,,14.5
1791211753118,28.566212,77.314289,5.0,CNG,11.12,14.9,,821,25.9,2.22,,90.0,0.78,-3.13,13.3,0.0,5.0,0.00,ARMED,,12.5
1791211754035,28.566215,77.314287,1.0,CNG,8.04,20.0,,718,25.9,1.74,,90.0,0.78,-3.13,13.3,7.0,1.0,0.00,ARMED,,15.3
1791211755697,28.566218,77.314285,1.0,CNG,,14.9,,866,25.9,2.97,,90.0,0.00,-2.34,13.3,0.0,1.0,0.00,ARMED,,14.9
1791211756647,28.566222,77.314283,2.0,CNG,,14.9,,744,25.9,1.92,,90.0,0.00,-2.34,13.3,0.0,2.0,0.00,ARMED,,12.9
1791211757567,28.566223,77.314283,1.0,CNG,,14.9,,755,25.9,2.19,,90.0,0.00,-2.34,13.0,0.0,1.0,0.00,ARMED,,16.9
1791211759200,28.566223,77.314283,0.0,CNG,,19.6,0,790,45.1,3.39,,90.0,3.13,-4.69,13.0,6.4,0.0,0.00,ARMED,,16.9
1791211760187,28.566226,77.314281,1.0,CNG,,14.9,,832,45.1,3.39,,90.0,3.13,-4.69,13.3,0.0,1.0,0.00,ARMED,,15.7
1791211761069,28.566228,77.314280,1.0,CNG,,14.9,,842,45.1,3.91,,91.0,3.13,-4.69,13.3,0.0,1.0,0.00,ARMED,,15.7
1791211762761,28.566228,77.314280,0.0,CNG,,14.9,0,841,45.9,3.03,,91.0,0.00,-2.34,13.4,0.0,0.0,0.00,ARMED,,16.1
1791211763678,28.566229,77.314279,0.0,CNG,,23.5,0,838,45.9,3.80,,91.0,0.00,-2.34,13.4,11.8,0.0,0.00,ARMED,,16.1
1791211764618,28.566230,77.314278,1.0,CNG,,19.6,,1423,45.9,7.07,,91.0,0.00,-2.34,13.2,6.4,1.0,0.00,ARMED,,16.1
1791211766356,28.566251,77.314263,6.0,CNG,,19.6,,633,28.2,2.38,,91.0,1.56,-4.69,13.3,6.4,6.0,0.00,ARMED,,14.5
1791211767269,28.566265,77.314253,7.0,CNG,5.94,18.4,1,979,28.2,1.84,,91.0,1.56,-4.69,13.3,4.8,7.0,0.00,ARMED,,13.7
1791211768169,28.566281,77.314242,7.0,CNG,7.87,18.4,1,1060,28.2,2.51,,91.0,1.56,-4.69,13.3,4.8,7.0,0.00,ARMED,,13.7
1791211769897,28.566298,77.314231,7.0,CNG,8.81,18.4,1,1041,31.8,2.79,,91.0,5.47,-4.69,13.5,4.8,7.0,0.00,ARMED,,13.7
1791211770801,28.566314,77.314220,7.0,CNG,8.58,20.8,1,1055,31.8,3.45,,91.0,5.47,-4.69,13.5,8.0,7.0,0.00,ARMED,,15.7
1791211771746,28.566329,77.314207,8.0,CNG,7.69,21.6,1,1144,31.8,4.79,,91.0,5.47,-4.69,13.3,9.1,7.7,0.38,ARMED,,17.3
1791211773424,28.566366,77.314178,9.0,CNG,7.16,21.6,1,1276,31.4,5.55,,91.0,-2.34,-3.91,13.3,9.1,8.7,0.75,ARMED,,17.6
1791211774340,28.566390,77.314158,13.0,CNG,7.85,18.4,1,1782,31.4,6.19,,91.0,-2.34,-3.91,13.5,4.8,13.0,0.00,ARMED,,18.0
1791211775242,28.566417,77.314136,14.0,CNG,10.34,22.0,1,1699,31.4,3.66,,90.0,-2.34,-3.91,13.5,9.6,12.5,-0.31,ARMED,,14.9
1791211776966,28.566475,77.314090,14.0,CNG,9.43,22.0,2,1096,63.5,6.74,,90.0,3.13,-3.91,13.5,9.6,14.0,0.00,ARMED,,19.6
1791211777835,28.566475,77.314090,16.0,CNG,9.34,22.0,2,1206,63.5,7.07,,90.0,3.13,-3.91,13.5,9.6,16.0,0.00,ARMED,,19.6
1791211778758,28.566509,77.314064,18.0,CNG,10.05,21.6,2,1299,63.5,6.67,,90.0,3.13,-3.91,13.4,9.1,17.3,0.76,ARMED,,18.8
1791211780385,28.566589,77.314007,18.0,CNG,10.58,21.6,2,1354,44.7,6.49,,90.0,-2.34,-3.13,13.4,9.1,18.5,1.02,ARMED,,18.8
1791211781269,28.566630,77.313976,20.0,CNG,11.09,21.6,2,1484,44.7,6.92,,90.0,-2.34,-3.13,13.5,9.1,20.0,0.00,ARMED,,18.8
1791211782151,28.566668,77.313947,21.0,CNG,12.67,21.6,2,1532,44.7,5.54,,90.0,-2.34,-3.13,13.5,9.1,20.7,0.42,ARMED,,17.6
1791211783867,28.566712,77.313910,21.0,CNG,14.03,21.6,2,1587,29.8,5.22,,90.0,0.00,-3.91,13.5,9.1,21.6,0.67,ARMED,,17.6
1791211784747,28.566760,77.313875,23.0,CNG,15.66,21.6,2,1700,29.8,5.10,,90.0,0.00,-3.91,13.5,9.1,23.0,0.00,ARMED,,17.6
1791211785669,28.566812,77.313844,24.0,CNG,17.25,15.3,2,1753,29.8,4.92,,90.0,0.00,-3.91,13.5,0.5,23.7,0.39,ARMED,,16.5
1791211787384,28.566912,77.313776,24.0,CNG,19.35,14.9,2,1733,26.3,4.21,,90.0,0.00,-3.91,13.5,0.0,23.9,0.33,ARMED,,16.1
1791211788282,28.566961,77.313745,22.0,CNG,17.91,20.8,2,1652,26.3,5.61,,90.0,0.00,-3.91,13.4,8.0,22.0,0.00,ARMED,,17.6
1791211789123,28.567011,77.313711,23.0,CNG,19.44,14.9,2,1705,26.3,4.22,,90.0,0.00,-3.91,13.4,0.0,22.9,0.52,ARMED,,16.5
1791211790730,28.567060,77.313681,23.0,CNG,22.51,14.9,2,1660,20.4,3.20,,90.0,0.00,0.00,13.5,0.0,23.0,0.30,ARMED,,15.7
1791211791618,28.567105,77.313645,18.0,CNG,23.14,14.9,2,1390,20.4,3.01,,90.0,0.00,0.00,13.5,0.0,18.0,0.00,ARMED,,14.9
1791211792567,28.567141,77.313618,17.0,CNG,22.65,14.9,2,1274,20.4,3.19,,90.0,0.00,0.00,13.5,0.0,17.7,-0.18,ARMED,,14.5
1791211794216,28.567206,77.313573,16.0,CNG,23.59,16.9,2,1168,26.7,2.56,,89.0,0.00,-2.34,13.5,2.7,16.6,-0.72,ARMED,,14.1
1791211795144,28.567234,77.313547,14.0,CNG,23.31,18.0,2,1072,26.7,2.51,,89.0,0.00,-2.34,13.3,4.3,14.0,0.00,ARMED,,14.9
1791211796000,28.567259,77.313524,14.0,CNG,19.52,19.2,2,1021,26.7,3.77,,89.0,0.00,-2.34,13.3,5.9,14.1,0.02,ARMED,,16.9
1791211797718,28.567286,77.313504,14.0,CNG,18.12,19.2,2,1002,44.3,3.53,,89.0,-2.34,-3.13,13.5,5.9,13.9,-0.02,ARMED,,16.5
1791211798588,28.567313,77.313481,14.0,CNG,15.45,20.0,2,1058,44.3,4.58,,89.0,-2.34,-3.13,13.5,7.0,14.0,0.00,ARMED,,16.9
1791211799511,28.567343,77.313459,15.0,CNG,13.69,20.0,2,1086,44.3,5.21,,89.0,-2.34,-3.13,13.4,7.0,14.7,0.38,ARMED,,17.3
1791211801315,28.567410,77.313414,15.0,CNG,13.12,20.0,2,1124,42.0,4.96,,89.0,-0.78,-3.91,13.3,7.0,15.3,0.55,ARMED,,17.3
1791211802289,28.567444,77.313390,16.0,CNG,15.66,20.4,2,1201,42.0,3.05,,89.0,-0.78,-3.91,13.5,7.5,16.0,0.00,ARMED,,15.7
1791211803202,28.567479,77.313366,17.0,CNG,15.69,20.8,2,1237,42.0,4.42,,89.0,-0.78,-3.91,13.5,8.0,16.7,0.39,ARMED,,16.5
1791211805025,28.567551,77.313311,17.0,CNG,15.40,20.8,2,1289,32.2,4.63,,89.0,0.00,-3.91,13.5,8.0,17.5,0.62,ARMED,,16.5
1791211805902,28.567551,77.313311,19.0,CNG,16.60,14.9,2,1382,32.2,4.21,,90.0,0.00,-3.91,13.5,0.0,19.0,0.00,ARMED,,16.9
1791211806829,28.567590,77.313283,19.0,CNG,20.87,21.2,3,1081,32.2,2.40,,90.0,0.00,-3.91,13.2,8.6,19.0,0.00,ARMED,,18.4
1791211808523,28.567665,77.313228,19.0,CNG,17.26,21.6,3,960,49.8,5.61,,90.0,-0.78,-3.91,13.2,9.1,19.0,0.00,ARMED,,17.6
1791211809379,28.567703,77.313192,21.0,CNG,18.98,21.2,3,1077,49.8,3.93,,90.0,-0.78,-3.91,13.3,8.6,21.0,0.00,ARMED,,16.9
1791211810336,28.567748,77.313155,22.0,CNG,18.80,21.2,3,1129,49.8,4.84,,90.0,-0.78,-3.91,13.3,8.6,21.7,0.39,ARMED,,16.9
1791211812065,28.567844,77.313083,23.0,CNG,19.23,21.2,3,1174,37.6,4.74,,90.0,-0.78,-3.13,13.6,8.6,22.6,0.71,ARMED,,16.9
1791211812986,28.567893,77.313046,24.0,CNG,21.20,21.2,3,1246,37.6,3.99,,90.0,-0.78,-3.13,13.6,8.6,24.0,0.00,ARMED,,16.9
1791211813864,28.567893,77.313046,25.0,CNG,19.57,21.2,3,1283,37.6,5.76,,90.0,-0.78,-3.13,13.4,8.6,24.7,0.38,ARMED,,17.6
1791211815473,28.568003,77.312970,26.0,CNG,18.57,20.8,3,1326,42.7,6.12,,90.0,0.00,-3.13,13.4,8.0,25.6,0.71,ARMED,,18.0
1791211816404,28.568061,77.312930,26.0,CNG,20.88,21.2,3,1335,42.7,4.19,,90.0,0.00,-3.13,13.5,8.6,26.0,0.00,ARMED,,17.6
1791211817271,28.568117,77.312889,26.0,CNG,19.67,20.8,3,1347,42.7,5.86,,90.0,0.00,-3.13,13.5,8.0,26.2,0.05,ARMED,,18.4
1791211818901,28.568168,77.312847,27.0,CNG,19.28,21.2,3,1377,42.4,5.88,,90.0,-0.78,-3.13,13.4,8.6,26.6,0.29,ARMED,,18.4
1791211819782,28.568225,77.312806,28.0,CNG,19.09,21.2,3,1414,42.4,6.08,,90.0,-0.78,-3.13,13.4,8.6,28.0,0.00,ARMED,,18.4
1791211820703,28.568287,77.312759,28.0,CNG,20.50,20.8,3,1446,42.4,4.99,,90.0,-0.78,-3.13,13.5,8.0,28.1,0.03,ARMED,,16.9
1791211822325,28.568397,77.312671,29.0,CNG,22.71,20.8,3,1468,21.2,4.42,,90.0,0.78,-3.91,13.5,8.0,28.5,0.23,ARMED,,17.3
1791211823288,28.568455,77.312626,29.0,CNG,25.85,20.0,3,1506,21.2,3.67,,90.0,0.78,-3.91,13.4,7.0,29.0,0.00,ARMED,,15.7
1791211824244,28.568516,77.312581,29.0,CNG,27.86,20.0,3,1466,21.2,3.77,,90.0,0.78,-3.91,13.4,7.0,28.7,-0.07,ARMED,,15.7
1791211825911,28.568578,77.312539,29.0,CNG,30.62,14.9,3,1471,19.2,3.30,,90.0,0.00,0.00,13.5,0.0,28.7,-0.06,ARMED,,15.7
1791211826799,28.568640,77.312494,28.0,CNG,32.57,19.6,3,1430,19.2,3.17,,90.0,0.00,0.00,13.5,6.4,28.0,0.00,ARMED,,15.7
1791211827692,28.568699,77.312452,28.0,CNG,31.69,19.6,3,1443,19.2,3.76,,90.0,0.00,0.00,13.4,6.4,28.1,0.03,ARMED,,15.7
1791211829465,28.568818,77.312370,28.0,CNG,32.44,19.6,3,1453,22.7,3.40,,90.0,0.78,-3.13,13.4,6.4,28.3,0.07,ARMED,,15.7
1791211830377,28.568879,77.312326,28.0,CNG,31.44,20.0,3,1441,22.7,3.81,,90.0,0.78,-3.13,13.4,7.0,28.0,0.00,ARMED,,16.1
1791211831254,28.568940,77.312280,28.0,CNG,29.84,20.0,3,1457,22.7,4.13,,90.0,0.78,-3.13,13.4,7.0,28.3,0.16,ARMED,,16.1
1791211832991,28.569059,77.312193,29.0,CNG,25.16,20.0,3,1468,32.9,5.78,,90.0,1.56,-3.13,13.4,7.0,28.6,0.20,ARMED,,17.6
1791211833877,28.569059,77.312193,29.0,CNG,24.72,20.0,3,1452,32.9,4.92,,90.0,1.56,-3.13,13.4,7.0,29.0,0.00,ARMED,,17.6
1791211834806,28.569121,77.312149,28.0,CNG,23.01,20.4,3,1466,32.9,5.50,,90.0,1.56,-3.13,13.4,7.5,28.7,-0.16,ARMED,,17.6
1791211836643,28.569240,77.312063,29.0,CNG,22.20,20.8,3,1474,37.6,5.62,,89.0,0.78,-3.13,13.4,8.0,28.7,-0.13,ARMED,,18.4
1791211837592,28.569296,77.312016,30.0,CNG,21.39,20.8,3,1519,37.6,6.03,,89.0,0.78,-3.13,13.4,8.0,30.0,0.00,ARMED,,18.4
1791211838517,28.569358,77.311972,30.0,CNG,20.73,20.8,3,1547,37.6,6.18,,89.0,0.78,-3.13,13.4,8.0,30.1,0.03,ARMED,,18.0
1791211840147,28.569483,77.311875,30.0,CNG,22.71,14.9,3,1557,20.8,4.64,,89.0,0.00,0.00,13.5,0.0,30.3,0.07,ARMED,,15.7
1791211841046,28.569543,77.311831,27.0,CNG,25.50,14.9,3,1415,20.8,3.45,,89.0,0.00,0.00,13.5,0.0,27.0,0.00,ARMED,,14.9
1791211841995,28.569592,77.311790,24.0,CNG,29.76,14.9,3,1248,20.8,2.31,,89.0,0.00,0.00,13.2,0.0,25.1,-1.05,ARMED,,14.1
1791211843632,28.569635,77.311752,23.0,CNG,42.21,19.2,,790,21.2,0.60,,89.0,0.00,-3.13,13.2,5.9,23.0,0.00,ARMED,,14.9
1791211844624,28.569678,77.311716,21.0,CNG,30.71,20.0,2,1641,21.2,4.17,,89.0,0.00,-3.13,13.2,7.0,21.0,0.00,ARMED,,16.1
1791211845516,28.569722,77.311683,22.0,CNG,24.95,21.2,2,1613,21.2,4.69,,89.0,0.00,-3.13,13.2,8.6,21.7,0.39,ARMED,,17.3
1791211847186,28.569815,77.311615,22.0,CNG,22.04,20.8,2,1646,25.9,4.82,,89.0,0.00,-3.91,13.5,8.0,22.0,0.38,ARMED,,17.3
1791211848054,28.569866,77.311581,23.0,CNG,21.65,20.8,2,1727,25.9,4.46,,89.0,0.00,-3.91,13.5,8.0,23.0,0.00,ARMED,,16.9
1791211848944,28.569866,77.311581,24.0,CNG,21.39,20.8,2,1767,25.9,4.66,,89.0,0.00,-3.91,13.3,8.0,23.7,0.38,ARMED,,16.9
1791211850591,28.569967,77.311512,24.0,CNG,21.89,20.8,2,1788,24.3,4.33,,89.0,0.78,-3.91,13.3,8.0,24.2,0.43,ARMED,,16.9
1791211851518,28.570011,77.311474,25.0,CNG,21.02,20.8,2,1838,24.3,5.13,,89.0,0.78,-3.91,13.5,8.0,25.0,0.00,ARMED,,18.0
1791211852389,28.570065,77.311436,25.0,CNG,18.43,20.8,2,1868,24.3,6.53,,89.0,0.78,-3.91,13.5,8.0,25.2,0.06,ARMED,,18.4
1791211854069,28.570167,77.311355,25.0,CNG,17.41,20.8,2,1862,32.5,6.35,,89.0,0.00,-3.91,13.2,8.0,25.2,0.05,ARMED,,18.4
1791211854955,28.570167,77.311355,25.0,CNG,16.56,20.4,2,1898,32.5,6.61,,88.0,0.00,-3.91,13.2,7.5,25.0,0.00,ARMED,,18.8
1791211855895,28.570221,77.311313,26.0,CNG,20.05,14.9,2,1913,32.5,3.71,,88.0,0.00,-3.91,13.4,0.0,25.6,0.35,ARMED,,16.5
1791211857606,28.570321,77.311243,23.0,CNG,22.57,14.9,2,1746,23.5,3.30,,88.0,0.00,-3.91,13.4,0.0,24.4,-0.54,ARMED,,16.1
1791211858519,28.570363,77.311213,20.0,CNG,23.14,18.4,2,1494,23.5,3.37,,88.0,0.00,-3.91,13.5,4.8,20.0,0.00,ARMED,,15.3
1791211859468,28.570404,77.311184,19.0,CNG,24.54,19.6,2,1461,23.5,2.82,,88.0,0.00,-3.91,13.5,6.4,19.8,-0.05,ARMED,,15.3
1791211861226,28.570483,77.311133,19.0,CNG,20.58,20.8,2,1411,29.0,4.79,,88.0,-0.78,-3.13,13.3,8.0,19.3,-0.32,ARMED,,16.9
1791211862150,28.570522,77.311098,20.0,CNG,19.34,20.8,2,1474,29.0,4.62,,88.0,-0.78,-3.13,13.3,8.0,20.0,0.00,ARMED,,16.9
1791211863088,28.570561,77.311067,20.0,CNG,16.08,22.4,2,1521,29.0,6.38,,88.0,-0.78,-3.13,13.5,10.2,20.3,0.20,ARMED,,18.0
1791211864695,28.570606,77.311033,21.0,CNG,15.64,22.4,2,1577,33.3,5.70,,88.0,0.78,-3.13,13.5,10.2,21.0,0.47,ARMED,,18.0
1791211865661,28.570654,77.310995,23.0,CNG,15.75,22.4,2,1729,33.3,5.92,,88.0,0.78,-3.13,13.4,10.2,23.0,0.00,ARMED,,18.4
1791211866586,28.570703,77.310960,24.0,CNG,15.94,22.4,2,1801,33.3,6.05,,89.0,0.78,-3.13,13.4,10.2,23.9,0.49,ARMED,,18.4
1791211868312,28.570809,77.310881,25.0,CNG,16.55,22.4,2,1877,29.4,5.85,,89.0,0.78,-3.91,13.5,10.2,25.0,0.85,ARMED,,18.4
1791211869182,28.570862,77.310840,27.0,CNG,16.63,22.4,2,1977,29.4,6.60,,89.0,0.78,-3.91,13.5,10.2,27.0,0.00,ARMED,,18.4
1791211870106,28.570915,77.310795,27.0,CNG,17.21,22.4,2,2026,29.4,6.10,,89.0,0.78,-3.91,13.3,10.2,27.2,0.05,ARMED,,18.4
1791211871941,28.570972,77.310748,28.0,CNG,17.15,22.4,2,2087,31.8,6.70,,89.0,1.56,-3.91,13.5,10.2,27.8,0.39,ARMED,,18.4
1791211872943,28.571030,77.310701,29.0,CNG,16.31,22.4,2,2174,31.8,7.77,,89.0,1.56,-3.91,13.4,10.2,29.0,0.00,ARMED,,20.0
1791211873776,28.571090,77.310655,30.0,CNG,15.78,22.4,2,2212,31.8,8.12,,89.0,1.56,-3.91,13.4,10.2,29.5,0.29,ARMED,,20.0
1791211875383,28.571219,77.310562,30.0,CNG,14.67,22.4,2,2224,32.9,9.19,,89.0,1.56,-3.13,13.3,10.2,29.9,0.32,ARMED,,20.4
1791211876323,28.571281,77.310515,31.0,CNG,14.33,22.4,2,2310,32.9,9.14,,89.0,1.56,-3.13,13.3,10.2,31.0,0.00,ARMED,,20.0
1791211877231,28.571347,77.310468,32.0,CNG,14.77,22.4,2,2358,32.9,8.47,,89.0,1.56,-3.13,13.2,10.2,31.5,0.28,ARMED,,20.0
1791211878961,28.571417,77.310420,32.0,CNG,16.65,22.4,2,2387,22.0,6.42,,89.0,1.56,-3.13,13.2,10.2,32.0,0.36,ARMED,,18.4
1791211879900,28.571484,77.310368,33.0,CNG,17.71,22.4,2,2420,22.0,6.92,,89.0,1.56,-3.13,13.2,10.2,33.0,0.00,ARMED,,18.8
1791211880834,28.571553,77.310321,33.0,CNG,18.80,22.7,2,2443,22.0,6.54,,89.0,1.56,-3.13,13.2,10.7,32.9,-0.02,ARMED,,18.8
1791211882611,28.571685,77.310214,33.0,CNG,19.31,22.7,2,2477,22.4,6.70,,89.0,1.56,-3.13,13.4,10.7,33.2,0.15,ARMED,,18.8
1791211883515,28.571761,77.310165,34.0,CNG,19.33,22.7,2,2550,22.4,7.18,,89.0,1.56,-3.13,13.4,10.7,34.0,0.00,ARMED,,18.8
1791211884433,28.571832,77.310113,35.0,CNG,20.10,22.7,2,2587,22.4,6.71,,89.0,1.56,-3.13,13.4,10.7,34.6,0.31,ARMED,,18.8
1791211886116,28.571979,77.310003,36.0,CNG,20.62,23.1,2,2614,22.4,6.88,,89.0,0.78,-3.13,13.4,11.2,35.1,0.39,ARMED,,19.2
1791211887024,28.572050,77.309945,36.0,CNG,20.24,23.1,2,2673,22.4,7.46,,89.0,0.78,-3.13,13.6,11.2,36.0,0.00,ARMED,,18.8
1791211887893,28.572050,77.309945,36.0,CNG,20.67,23.1,2,2691,22.4,6.90,,89.0,0.78,-3.13,13.6,11.2,36.2,0.05,ARMED,,18.8
1791211889592,28.572202,77.309828,36.0,CNG,20.85,23.1,2,2717,22.0,6.96,,89.0,0.78,-3.13,13.6,11.2,36.5,0.12,ARMED,,18.8
1791211890487,28.572275,77.309768,37.0,CNG,21.32,23.1,2,2755,22.0,6.86,,89.0,0.78,-3.13,13.6,11.2,37.0,0.00,ARMED,,18.8
1791211891482,28.572354,77.309707,37.0,CNG,21.25,23.1,2,2792,22.0,7.15,,89.0,0.78,-3.13,13.5,11.2,37.4,0.21,ARMED,,18.8
1791211893127,28.572505,77.309578,38.0,CNG,19.39,23.1,2,2824,19.2,9.02,,89.0,0.78,-2.34,13.5,11.2,37.9,0.29,ARMED,,20.0
1791211894080,28.572579,77.309513,36.0,CNG,21.19,14.9,2,2716,19.2,5.95,,89.0,0.78,-2.34,13.5,0.0,36.0,0.00,ARMED,,18.0
1791211894938,28.572579,77.309513,34.0,CNG,22.36,20.4,2,2554,19.2,5.66,,89.0,0.78,-2.34,13.5,7.5,34.9,-0.64,ARMED,,17.6
1791211896729,28.572701,77.309396,33.0,CNG,20.93,21.2,2,2438,21.6,7.11,,89.0,0.00,-3.13,13.4,8.6,33.2,-1.22,ARMED,,18.8
1791211897634,28.572757,77.309349,33.0,CNG,22.02,14.9,2,2406,21.6,5.62,,89.0,0.00,-3.13,13.4,0.0,33.0,0.00,ARMED,,17.6
1791211898527,28.572845,77.309290,32.0,CNG,25.87,14.9,3,1809,21.6,3.65,,89.0,0.00,-3.13,13.6,0.0,32.0,0.00,ARMED,,15.3
1791211900143,28.572966,77.309222,31.0,CNG,28.73,18.4,3,1621,20.0,3.63,,89.0,0.00,-3.13,13.6,4.8,31.3,-0.38,ARMED,,15.7
1791211901027,28.573029,77.309180,30.0,CNG,30.10,14.9,3,1547,20.0,3.76,,89.0,0.00,-3.13,13.4,0.0,30.0,0.00,ARMED,,15.7
1791211901957,28.573029,77.309180,29.0,CNG,32.07,19.6,3,1524,20.0,3.30,,89.0,0.00,-3.13,13.4,6.4,29.3,-0.39,ARMED,,15.7
1791211903620,28.573158,77.309095,29.0,CNG,35.08,19.2,3,1488,20.4,2.88,,89.0,0.00,-3.13,13.6,5.9,28.5,-0.62,ARMED,,15.3
1791211904515,28.573223,77.309047,28.0,CNG,34.29,14.9,3,1476,20.4,3.46,,89.0,0.00,-3.13,13.6,0.0,28.0,0.00,ARMED,,14.9
1791211905428,28.573291,77.309010,27.0,CNG,40.70,14.9,5,803,20.4,1.89,,89.0,0.00,-3.13,13.1,0.0,27.0,0.00,ARMED,,12.2
1791211907274,28.573376,77.308966,22.0,CNG,33.89,14.9,,648,29.0,3.51,,89.0,-3.13,-2.34,13.4,0.0,22.0,0.00,ARMED,,12.5
1791211908252,28.573408,77.308945,15.0,CNG,39.15,14.9,,674,29.0,0.94,,89.0,-3.13,-2.34,13.3,0.0,15.0,0.00,ARMED,,12.5
1791211909210,28.573440,77.308928,14.0,CNG,35.21,14.9,,690,29.0,2.00,,89.0,-3.13,-2.34,13.3,0.0,14.0,0.00,ARMED,,12.9
1791211910889,28.573467,77.308910,14.0,CNG,40.82,14.9,3,707,23.5,0.96,,89.0,-1.56,-2.34,13.3,0.0,14.0,0.00,ARMED,,12.5
1791211911886,28.573496,77.308894,13.0,CNG,25.45,14.9,3,728,23.5,3.60,,90.0,-1.56,-2.34,13.3,0.0,13.0,0.00,ARMED,,14.5
1791211912781,28.573522,77.308877,11.0,CNG,24.31,14.9,2,751,23.5,2.02,,90.0,-1.56,-2.34,13.3,0.0,11.0,0.00,ARMED,,14.5
1791211914380,28.573569,77.308847,10.0,CNG,17.81,14.9,2,775,39.6,3.54,,90.0,1.56,-3.13,13.3,0.0,10.3,-0.38,ARMED,,15.3
1791211915270,28.573592,77.308833,10.0,CNG,15.78,14.9,2,813,39.6,3.13,,90.0,1.56,-3.13,13.3,0.0,10.0,0.00,ARMED,,14.9
1791211916179,28.573615,77.308817,9.0,CNG,15.68,14.9,,820,39.6,2.37,,90.0,1.56,-3.13,13.3,0.0,9.0,0.00,ARMED,,14.9
1791211917935,28.573636,77.308802,9.0,CNG,15.32,14.9,,823,68.6,2.50,,90.0,1.56,-3.13,13.2,0.0,9.0,0.00,ARMED,,14.9
1791211918806,28.573655,77.308787,10.0,CNG,11.29,20.8,,896,68.6,5.02,,90.0,1.56,-3.13,13.2,8.0,10.0,0.00,ARMED,,18.4
1791211919796,28.573678,77.308772,12.0,CNG,10.74,20.0,2,883,68.6,4.84,,90.0,1.56,-3.13,13.4,7.0,12.0,0.00,ARMED,,16.5
1791211921448,28.573731,77.308735,12.0,CNG,13.56,19.2,2,916,23.9,2.34,,90.0,-2.34,-3.13,13.4,5.9,12.0,0.00,ARMED,,14.5
1791211922391,28.573758,77.308716,13.0,CNG,16.14,17.6,2,931,23.9,2.48,,90.0,-2.34,-3.13,13.5,3.7,13.0,0.00,ARMED,,13.3
1791211923270,28.573784,77.308698,12.0,CNG,18.10,17.6,2,914,23.9,2.22,,91.0,-2.34,-3.13,13.5,3.7,12.3,-0.38,ARMED,,12.9
1791211925033,28.573834,77.308667,12.0,CNG,22.12,16.9,2,897,29.8,1.48,,91.0,3.13,-3.13,13.4,2.7,11.8,-0.42,ARMED,,12.9
1791211925893,28.573834,77.308667,12.0,CNG,22.56,19.2,2,870,29.8,2.11,,91.0,3.13,-3.13,13.4,5.9,12.0,0.00,ARMED,,14.5
1791211926801,28.573859,77.308651,12.0,CNG,22.21,19.2,2,876,29.8,2.26,,91.0,3.13,-3.13,13.3,5.9,11.7,-0.18,ARMED,,14.5
1791211928524,28.573908,77.308614,12.0,CNG,20.33,19.2,2,910,30.2,2.72,,91.0,0.78,-3.13,13.3,5.9,11.8,0.00,ARMED,,14.5
1791211929456,28.573936,77.308596,13.0,CNG,23.82,14.9,2,954,30.2,1.70,,91.0,0.78,-3.13,13.4,0.0,13.0,0.00,ARMED,,13.3
1791211930322,28.573962,77.308575,12.0,CNG,21.86,14.9,2,934,30.2,2.53,,91.0,0.78,-3.13,13.4,0.0,12.5,-0.27,ARMED,,13.3
1791211931987,28.574007,77.308535,12.0,CNG,24.27,14.9,2,903,32.2,1.68,,91.0,3.91,-3.13,13.3,0.0,12.0,-0.43,ARMED,,12.9
1791211932903,28.574007,77.308535,8.0,CNG,16.24,14.9,,733,32.2,3.53,,91.0,3.91,-3.13,13.3,0.0,8.0,0.00,ARMED,,14.9
1791211933808,28.574023,77.308522,7.0,CNG,13.16,14.9,,770,32.2,3.10,,91.0,3.91,-3.13,13.1,0.0,7.0,0.00,ARMED,,17.3
1791211935393,28.574052,77.308498,7.0,CNG,11.32,14.9,,785,52.9,3.22,,91.0,-0.78,-3.13,13.1,0.0,7.0,0.00,ARMED,,14.9
1791211936344,28.574067,77.308486,7.0,CNG,9.08,20.0,,814,52.9,4.25,,91.0,-0.78,-3.13,12.9,7.0,7.0,0.00,ARMED,,16.9
1791211937202,28.574083,77.308474,9.0,CNG,8.90,20.0,,659,52.9,4.24,,91.0,-0.78,-3.13,12.9,7.0,9.0,0.00,ARMED,,16.5
1791211938972,28.574122,77.308442,10.0,CNG,8.89,20.0,2,713,60.4,4.60,,91.0,-0.78,-3.13,13.4,7.0,10.0,0.00,ARMED,,17.3
1791211939878,28.574122,77.308442,11.0,CNG,11.31,14.9,2,813,60.4,2.66,,91.0,-0.78,-3.13,13.4,0.0,11.0,0.00,ARMED,,13.7
1791211940863,28.574143,77.308425,11.0,CNG,14.59,14.9,2,786,60.4,1.89,,91.0,-0.78,-3.13,13.2,0.0,11.0,0.00,ARMED,,12.5
1791211942672,28.574180,77.308396,9.0,CNG,15.38,14.9,2,741,23.5,2.17,,91.0,8.59,-3.91,13.5,0.0,10.5,-0.27,ARMED,,12.9
1791211943577,28.574196,77.308383,7.0,CNG,16.56,14.9,,718,23.5,1.45,,91.0,8.59,-3.91,13.5,0.0,7.0,0.00,ARMED,,12.5
1791211944453,28.574205,77.308375,3.0,CNG,12.32,14.9,,707,23.5,2.10,,92.0,8.59,-3.91,13.5,0.0,3.0,0.00,ARMED,,12.5
1791211946190,28.574210,77.308371,1.0,CNG,4.57,20.4,,681,48.2,6.30,,92.0,0.00,-3.13,13.4,7.5,1.0,0.00,ARMED,,19.6
1791211947055,28.574217,77.308366,4.0,CNG,6.28,14.9,,847,48.2,1.05,,91.0,0.00,-3.13,13.4,0.0,4.0,0.00,ARMED,,11.4
1791211947985,28.574217,77.308366,4.0,CNG,6.18,18.8,,746,48.2,2.71,,91.0,0.00,-3.13,13.2,5.4,4.0,0.00,ARMED,,14.1
1791211949582,28.574234,77.308354,5.0,CNG,6.49,19.2,,612,66.3,2.95,,92.0,-0.78,-3.13,13.2,5.9,5.0,0.00,ARMED,,12.2
1791211950525,28.574246,77.308345,7.0,CNG,5.63,21.2,1,931,66.3,5.73,,92.0,-0.78,-3.13,13.4,8.6,7.0,0.00,ARMED,,18.0
1791211951481,28.574263,77.308333,9.0,CNG,6.09,14.9,1,1242,66.3,5.57,,92.0,-0.78,-3.13,13.4,0.0,8.4,0.78,ARMED,,18.4
1791211953190,28.574305,77.308305,9.0,CNG,7.33,19.2,1,1201,66.3,3.86,,92.0,5.47,-3.13,12.8,5.9,9.0,0.76,ARMED,,15.3
1791211954060,28.574329,77.308288,11.0,CNG,8.22,20.4,2,814,66.3,4.77,,91.0,5.47,-3.13,12.8,7.5,11.0,0.00,ARMED,,17.6
1791211954941,28.574329,77.308288,12.0,CNG,10.30,16.1,2,911,66.3,3.40,,91.0,5.47,-3.13,13.3,1.6,11.7,0.38,ARMED,,13.7
1791211956654,28.574381,77.308246,12.0,CNG,12.38,14.9,2,920,28.2,2.94,,91.0,0.00,-2.34,13.3,0.0,12.0,0.37,ARMED,,14.9
1791211957553,28.574404,77.308228,9.0,CNG,13.68,14.9,,767,28.2,2.17,,91.0,0.00,-2.34,13.4,0.0,9.0,0.00,ARMED,,12.5
1791211958428,28.574419,77.308217,5.0,CNG,12.59,14.9,1,736,28.2,2.02,,91.0,0.00,-2.34,13.4,0.0,5.0,0.00,ARMED,,12.5
1791211960101,28.574433,77.308208,3.0,CNG,10.47,14.9,,725,23.5,1.97,,91.0,4.69,-2.34,12.8,0.0,3.0,0.00,ARMED,,12.5
1791211961003,28.574439,77.308202,4.0,CNG,11.53,14.9,,669,23.5,1.09,,91.0,4.69,-2.34,12.8,0.0,4.0,0.00,ARMED,,12.2
1791211961974,28.574439,77.308202,3.0,CNG,9.00,14.9,,711,23.5,2.15,,91.0,4.69,-2.34,13.3,0.0,3.0,0.00,ARMED,,12.5
1791211963644,28.574444,77.308194,0.0,CNG,,14.9,0,674,29.4,1.73,,91.0,-9.38,0.00,13.3,0.0,0.0,0.00,ARMED,,12.9
1791211964562,28.574444,77.308193,0.0,CNG,,14.9,0,686,29.4,2.39,,91.0,-9.38,0.00,13.5,0.0,0.0,0.00,ARMED,,13.3
1791211965445,28.574445,77.308192,0.0,CNG,,14.9,0,694,29.4,2.08,,91.0,-9.38,0.00,13.5,0.0,0.0,0.00,ARMED,,12.9
1791211967084,28.574445,77.308192,0.0,CNG,,22.7,0,705,43.1,1.51,,91.0,0.78,-3.13,13.3,10.7,0.0,0.00,ARMED,,12.9
1791211968004,28.574454,77.308186,4.0,CNG,,21.2,,1182,43.1,5.38,,91.0,0.78,-3.13,13.3,8.6,4.0,0.00,ARMED,,17.6
1791211968930,28.574454,77.308186,7.0,CNG,3.77,20.8,1,1064,43.1,5.84,,91.0,0.78,-3.13,13.5,8.0,7.0,0.00,ARMED,,18.0
1791211970612,28.574491,77.308162,9.0,CNG,5.56,16.9,1,1253,29.0,4.56,,91.0,-1.56,-1.56,13.5,2.7,8.4,0.77,ARMED,,15.3
1791211971502,28.574508,77.308149,8.0,CNG,5.13,20.8,1,1148,29.0,6.91,,91.0,-1.56,-1.56,13.5,8.0,8.0,0.00,ARMED,,18.4
1791211972385,28.574526,77.308137,9.0,CNG,6.23,14.9,1,1268,29.0,4.47,,91.0,-1.56,-1.56,13.5,0.0,8.7,0.38,ARMED,,15.7
1791211974071,28.574564,77.308115,9.0,CNG,7.36,17.6,1,1280,29.8,3.83,,91.0,-1.56,-1.56,13.5,3.7,9.1,0.39,ARMED,,15.3
1791211974963,28.574582,77.308104,8.0,CNG,8.95,20.0,1,1095,29.8,2.44,,90.0,-1.56,-1.56,13.5,7.0,8.0,0.00,ARMED,,16.1
1791211975873,28.574582,77.308104,8.0,CNG,9.49,20.0,1,1100,29.8,3.13,,90.0,-1.56,-1.56,13.5,7.0,7.8,-0.04,ARMED,,15.3
1791211977733,28.574616,77.308079,9.0,CNG,10.68,20.0,1,1232,25.1,2.86,,90.0,-1.56,-3.13,13.4,7.0,8.5,0.32,ARMED,,15.7
1791211978696,28.574636,77.308064,10.0,CNG,10.73,14.9,1,1414,25.1,3.79,,90.0,-1.56,-3.13,13.5,0.0,10.0,0.00,ARMED,,15.7
1791211979589,28.574657,77.308049,10.0,CNG,11.44,14.9,1,1328,25.1,3.25,,90.0,-1.56,-3.13,13.5,0.0,9.7,-0.20,ARMED,,15.3
1791211981240,28.574691,77.308025,8.0,CNG,11.90,14.9,1,1150,23.9,2.55,,90.0,0.00,-1.56,13.4,0.0,8.6,-0.69,ARMED,,14.1
1791211982159,28.574703,77.308016,5.0,CNG,11.11,14.9,,826,23.9,2.16,,90.0,0.00,-1.56,13.4,0.0,5.0,0.00,ARMED,,12.5
1791211983141,28.574710,77.308013,3.0,CNG,12.54,20.4,,706,23.9,0.52,,90.0,0.00,-1.56,13.2,7.5,3.0,0.00,ARMED,,13.3
1791211984742,28.574718,77.308009,4.0,CNG,7.94,14.9,,741,43.1,3.64,,90.0,-3.91,-1.56,13.2,0.0,4.0,0.00,ARMED,,16.9
1791211985665,28.574728,77.308003,5.0,CNG,6.83,19.2,,815,43.1,3.62,,90.0,-3.91,-1.56,13.3,5.9,5.0,0.00,ARMED,,16.1
1791211986543,28.574738,77.307996,5.0,CNG,5.57,18.8,,813,43.1,4.68,,90.0,-3.91,-1.56,13.3,5.4,5.0,0.00,ARMED,,16.9
1791211988280,28.574764,77.307977,6.0,CNG,5.83,19.2,1,859,45.9,3.96,,90.0,-3.13,-3.13,13.3,5.9,6.0,0.00,ARMED,,16.1
1791211989208,28.574781,77.307964,7.0,CNG,7.57,14.9,1,1058,45.9,2.48,,90.0,-3.13,-3.13,13.3,0.0,7.0,0.00,ARMED,,15.3
1791211990164,28.574796,77.307953,7.0,CNG,8.74,14.9,1,867,45.9,2.62,,90.0,-3.13,-3.13,13.4,0.0,7.0,0.00,ARMED,,15.3
1791211991792,28.574811,77.307943,7.0,CNG,9.62,14.9,,842,23.1,2.56,,90.0,-3.13,-1.56,13.4,0.0,7.0,0.00,ARMED,,15.3
1791211992973,28.574835,77.307923,6.0,CNG,10.19,18.4,1,889,23.1,2.17,,90.0,-3.13,-1.56,13.4,4.8,6.0,0.00,ARMED,,13.3
1791211994213,28.574848,77.307913,6.0,CNG,10.97,14.9,1,863,23.1,1.96,,90.0,-3.13,-1.56,13.4,0.0,6.0,0.00,ARMED,,12.9
1791211996410,28.574870,77.307893,6.0,CNG,10.54,18.4,,713,24.7,2.47,,90.0,1.56,-3.13,13.3,4.8,6.0,0.00,ARMED,,13.3
1791211997562,28.574881,77.307884,6.0,CNG,12.46,18.4,1,792,24.7,1.42,,91.0,1.56,-3.13,13.3,4.8,6.0,0.00,ARMED,,12.9
1791211998824,28.574892,77.307874,6.0,CNG,13.66,14.9,1,764,24.7,1.53,,91.0,1.56,-3.13,13.5,0.0,6.0,0.00,ARMED,,12.5
1791212001002,28.574918,77.307849,4.0,CNG,11.40,19.2,,718,25.5,1.97,,91.0,-0.78,-2.34,13.5,5.9,4.0,0.00,ARMED,,14.1
1791212002115,28.574929,77.307842,5.0,CNG,10.95,14.9,1,710,25.5,1.98,,91.0,-0.78,-2.34,13.4,0.0,5.0,0.00,ARMED,,12.9
1791212003046,28.574938,77.307834,5.0,CNG,6.17,19.6,1,728,25.5,5.54,,91.0,-0.78,-2.34,13.4,6.4,5.0,0.00,ARMED,,16.1
1791212004753,28.574950,77.307826,6.0,CNG,6.73,19.6,1,748,40.0,3.23,,91.0,-1.56,-2.34,13.2,6.4,5.7,0.38,ARMED,,16.5
1791212005611,28.574963,77.307815,6.0,CNG,7.04,17.6,1,828,40.0,3.26,,91.0,-1.56,-2.34,13.2,3.7,6.0,0.00,ARMED,,15.3
1791212006514,28.574977,77.307806,6.0,CNG,7.04,19.2,1,838,40.0,3.49,,91.0,-1.56,-2.34,13.4,5.9,6.0,0.00,ARMED,,15.3
1791212008232,28.575005,77.307786,6.0,CNG,5.47,21.2,1,827,55.7,5.92,,91.0,0.00,-3.13,13.4,8.6,5.9,-0.01,ARMED,,18.8
1791212009150,28.575025,77.307772,9.0,CNG,6.06,14.9,1,1230,55.7,5.43,,91.0,0.00,-3.13,13.5,0.0,9.0,0.00,ARMED,,16.5
1791212010014,28.575045,77.307756,9.0,CNG,7.42,14.9,,1042,55.7,3.65,,91.0,0.00,-3.13,13.5,0.0,9.0,0.00,ARMED,,15.3
1791212011699,28.575064,77.307743,9.0,CNG,10.35,18.4,,864,24.7,1.70,,91.0,-0.78,-2.34,13.2,4.8,9.0,0.00,ARMED,,13.7
1791212012649,28.575083,77.307729,9.0,CNG,13.35,14.9,,674,24.7,1.65,,91.0,-0.78,-2.34,13.2,0.0,9.0,0.00,ARMED,,12.9
1791212013601,28.575102,77.307717,9.0,CNG,17.66,14.9,,669,24.7,1.12,,91.0,-0.78,-2.34,13.3,0.0,9.0,0.00,ARMED,,13.3
1791212015468,28.575128,77.307699,6.0,CNG,15.80,14.9,,704,25.5,1.91,,91.0,0.00,-1.56,13.3,0.0,6.0,0.00,ARMED,,12.2
1791212016426,28.575133,77.307696,2.0,CNG,6.70,14.9,,642,25.5,5.26,,91.0,0.00,-1.56,13.4,0.0,2.0,0.00,ARMED,,17.6
1791212017345,28.575137,77.307694,2.0,CNG,8.04,14.9,,811,25.5,0.19,,91.0,0.00,-1.56,13.4,0.0,2.0,0.00,ARMED,,12.9
1791212018982,28.575137,77.307695,0.0,CNG,,14.9,0,714,37.6,2.32,,91.0,3.13,-1.56,13.3,0.0,0.0,0.00,ARMED,,13.3
1791212019887,28.575137,77.307695,0.0,CNG,,14.9,0,755,37.6,3.64,,91.0,3.13,-1.56,13.3,0.0,0.0,0.00,ARMED,,14.5
1791212020802,28.575136,77.307695,0.0,CNG,,14.9,0,830,37.6,3.79,,91.0,3.13,-1.56,13.3,0.0,0.0,0.00,ARMED,,15.7
1791212022447,28.575136,77.307696,0.0,CNG,,14.9,0,831,74.1,3.71,,91.0,-1.56,-3.13,13.3,0.0,0.0,0.00,ARMED,,15.7
1791212023376,28.575136,77.307696,0.0,CNG,,14.9,0,1263,74.1,5.28,,91.0,-1.56,-3.13,13.1,0.0,0.0,0.00,ARMED,,17.6
1791212024299,28.575141,77.307691,3.0,CNG,,17.6,,765,74.1,4.04,,91.0,-1.56,-3.13,13.1,3.7,3.0,0.00,ARMED,,16.1
1791212025981,28.575163,77.307675,6.0,CNG,3.98,19.6,1,779,56.9,2.15,,91.0,1.56,-3.13,13.3,6.4,6.0,0.00,ARMED,,16.9
1791212026854,28.575163,77.307675,6.0,CNG,5.87,20.4,1,890,56.9,2.58,,91.0,1.56,-3.13,13.3,7.5,6.0,0.00,ARMED,,15.3
1791212027780,28.575175,77.307664,8.0,CNG,6.93,20.4,1,1066,56.9,4.02,,91.0,1.56,-3.13,13.3,7.5,7.3,0.76,ARMED,,15.7
1791212029449,28.575211,77.307637,9.0,CNG,8.00,20.4,1,1227,26.7,3.92,,91.0,-2.34,-3.13,13.3,7.5,8.8,1.19,ARMED,,16.1
1791212030367,28.575233,77.307623,10.0,CNG,9.28,20.0,1,1445,26.7,3.65,,91.0,-2.34,-3.13,13.5,7.0,10.0,0.00,ARMED,,16.1
1791212031253,28.575256,77.307608,11.0,CNG,10.62,14.9,1,1514,26.7,3.55,,91.0,-2.34,-3.13,13.5,0.0,10.9,0.49,ARMED,,14.9
1791212032937,28.575278,77.307594,10.0,CNG,13.03,17.3,2,802,42.4,2.14,,91.0,0.00,-3.13,13.5,3.2,10.0,0.00,ARMED,,12.9
1791212033847,28.575298,77.307580,10.0,CNG,13.10,20.0,2,717,42.4,3.09,,90.0,0.00,-3.13,13.5,7.0,10.0,0.00,ARMED,,15.3
1791212034793,28.575318,77.307566,11.0,CNG,14.61,20.4,2,779,42.4,2.61,,90.0,0.00,-3.13,13.4,7.5,10.7,0.39,ARMED,,15.3
1791212036383,28.575361,77.307533,11.0,CNG,13.27,21.2,2,827,52.5,3.82,,90.0,5.47,-3.91,13.4,8.6,11.4,0.61,ARMED,,16.5
1791212037293,28.575388,77.307516,13.0,CNG,11.24,21.2,2,965,52.5,5.61,,90.0,5.47,-3.91,13.4,8.6,13.0,0.00,ARMED,,18.0
1791212038150,28.575416,77.307497,14.0,CNG,10.43,14.9,2,1056,52.5,5.98,,91.0,5.47,-3.91,13.4,0.0,14.1,0.62,ARMED,,18.0
1791212039816,28.575446,77.307475,15.0,CNG,10.55,20.8,2,1084,50.2,5.72,,91.0,-0.78,-3.13,13.3,8.0,14.9,0.70,ARMED,,18.0
1791212040690,28.575477,77.307452,16.0,CNG,11.36,17.3,2,1166,50.2,5.20,,91.0,-0.78,-3.13,13.3,3.2,16.0,0.00,ARMED,,18.0
1791212041601,28.575509,77.307427,16.0,CNG,13.37,14.9,2,1187,50.2,3.71,,91.0,-0.78,-3.13,13.2,0.0,16.3,0.08,ARMED,,15.7
1791212043263,28.575569,77.307382,15.0,CNG,14.77,14.9,,984,39.2,3.50,,90.0,-0.78,-2.34,13.2,0.0,15.0,0.00,ARMED,,14.9
1791212044142,28.575586,77.307368,8.0,CNG,15.66,14.9,,831,39.2,1.73,,90.0,-0.78,-2.34,13.4,0.0,8.0,0.00,ARMED,,11.0
1791212045085,28.575598,77.307359,6.0,CNG,14.36,14.9,1,768,39.2,2.14,,91.0,-0.78,-2.34,13.4,0.0,6.0,0.00,ARMED,,12.9
1791212046773,28.575604,77.307353,4.0,CNG,14.71,14.9,,758,25.1,1.01,,91.0,6.25,-2.34,13.4,0.0,4.0,0.00,ARMED,,12.5
1791212047654,28.575605,77.307350,0.0,CNG,4.16,20.8,0,695,25.1,7.86,,91.0,6.25,-2.34,13.4,8.0,0.0,0.00,ARMED,,20.8
1791212048525,28.575606,77.307347,2.0,CNG,4.45,18.4,,927,25.1,1.42,,91.0,6.25,-2.34,13.3,4.8,2.0,0.00,ARMED,,13.3
1791212050351,28.575618,77.307337,3.0,CNG,4.44,15.7,,796,42.7,2.77,,91.0,-5.47,-1.56,13.3,1.1,3.0,0.00,ARMED,,13.3
1791212051262,28.575630,77.307329,5.0,CNG,7.07,18.8,1,741,42.7,1.20,,91.0,-5.47,-1.56,13.4,5.4,5.0,0.00,ARMED,,14.9
1791212052150,28.575641,77.307320,5.0,CNG,7.72,18.8,1,752,42.7,2.36,,91.0,-5.47,-1.56,13.4,5.4,5.0,0.00,ARMED,,13.7
1791212053815,28.575652,77.307311,6.0,CNG,7.37,18.8,1,820,40.4,3.49,,91.0,-1.56,-3.13,13.4,5.4,5.7,0.38,ARMED,,15.3
1791212054757,28.575666,77.307299,7.0,CNG,8.29,18.8,1,946,40.4,2.99,,91.0,-1.56,-3.13,13.4,5.4,7.0,0.00,ARMED,,16.1
1791212055720,28.575681,77.307288,7.0,CNG,8.60,18.0,1,998,40.4,3.17,,91.0,-1.56,-3.13,13.1,4.3,7.0,0.00,ARMED,,15.3
1791212057359,28.575711,77.307264,7.0,CNG,8.28,18.0,1,1019,38.4,3.63,,91.0,0.00,-3.13,13.1,4.3,7.1,0.03,ARMED,,15.7
1791212058283,28.575727,77.307252,7.0,CNG,7.69,18.4,1,1041,38.4,4.10,,91.0,0.00,-3.13,13.4,4.8,7.0,0.00,ARMED,,16.1
1791212059141,28.575744,77.307240,8.0,CNG,8.39,18.4,1,1091,38.4,3.44,,91.0,0.00,-3.13,13.4,4.8,7.5,0.26,ARMED,,15.7
1791212060908,28.575761,77.307229,8.0,CNG,10.32,18.4,1,1092,23.5,2.18,,91.0,1.56,-3.13,13.5,4.8,7.7,0.27,ARMED,,14.1
1791212061820,28.575776,77.307217,7.0,CNG,11.75,18.4,1,1059,23.5,1.89,,90.0,1.56,-3.13,13.5,4.8,7.0,0.00,ARMED,,13.7
1791212062713,28.575792,77.307207,7.0,CNG,11.33,18.4,1,1029,23.5,2.67,,90.0,1.56,-3.13,13.3,4.8,7.2,0.05,ARMED,,13.7
1791212064374,28.575821,77.307185,7.0,CNG,11.53,14.9,1,1006,23.9,2.41,,90.0,0.00,-1.56,13.3,0.0,7.1,0.02,ARMED,,13.7
1791212065331,28.575835,77.307176,6.0,CNG,12.12,14.9,1,860,23.9,1.84,,90.0,0.00,-1.56,13.4,0.0,6.0,0.00,ARMED,,12.9
1791212066276,28.575848,77.307168,6.0,CNG,12.50,14.9,1,804,23.9,1.86,,90.0,0.00,-1.56,13.4,0.0,5.7,-0.08,ARMED,,12.9
1791212067950,28.575858,77.307163,4.0,CNG,11.46,14.9,,694,28.2,1.71,,90.0,0.00,-1.56,13.2,0.0,4.0,0.00,ARMED,,12.2
1791212068915,28.575860,77.307163,0.0,CNG,6.92,14.9,0,693,28.2,1.91,,90.0,0.00,-1.56,13.2,0.0,0.0,0.00,ARMED,,12.9
1791212069794,28.575861,77.307165,0.0,CNG,,18.8,0,691,28.2,4.09,,90.0,0.00,-1.56,13.5,5.4,0.0,0.00,ARMED,,14.1
1791212071478,28.575862,77.307165,0.0,CNG,,14.9,0,1019,31.8,3.60,,90.0,-0.78,-1.56,13.5,0.0,0.0,0.00,ARMED,,13.3
1791212072403,28.575864,77.307164,1.0,CNG,,17.3,,834,31.8,4.56,,90.0,-0.78,-1.56,13.2,3.2,1.0,0.00,ARMED,,15.7
1791212073297,28.575866,77.307163,1.0,CNG,,20.0,,945,31.8,7.11,,90.0,-0.78,-1.56,13.2,7.0,1.0,0.00,ARMED,,19.2
1791212075017,28.575881,77.307153,2.0,CNG,,16.9,,944,54.5,3.24,,90.0,0.00,-1.56,13.3,2.7,2.0,0.00,ARMED,,16.5
1791212075970,28.575891,77.307146,5.0,CNG,,14.9,,888,54.5,2.58,,90.0,0.00,-1.56,13.3,0.0,5.0,0.00,ARMED,,15.3
1791212076936,28.575891,77.307146,5.0,CNG,3.71,19.2,,851,54.5,4.79,,90.0,0.00,-1.56,12.9,5.9,5.0,0.00,ARMED,,17.3
1791212078588,28.575910,77.307131,5.0,CNG,4.19,20.4,1,736,60.0,4.17,,90.0,3.13,3.13,12.9,7.5,5.0,0.00,ARMED,,18.0
1791212079477,28.575924,77.307120,8.0,CNG,5.69,19.2,1,1067,60.0,4.12,,90.0,3.13,3.13,13.3,5.9,8.0,0.00,ARMED,,12.9
1791212080393,28.575940,77.307108,8.0,CNG,7.73,14.9,1,1141,60.0,2.60,,90.0,3.13,3.13,13.3,0.0,8.0,0.00,ARMED,,13.7
1791212082136,28.575973,77.307078,8.0,CNG,8.73,19.2,1,1015,22.4,3.14,,90.0,-1.56,-1.56,12.8,5.9,7.4,-0.34,ARMED,,15.7
1791212083026,28.575989,77.307060,9.0,CNG,13.74,14.9,,648,22.4,0.84,,90.0,-1.56,-1.56,12.8,0.0,9.0,0.00,ARMED,,14.1
1791212083966,28.576007,77.307045,9.0,CNG,15.41,14.9,,662,22.4,2.00,,90.0,-1.56,-1.56,13.3,0.0,9.0,0.00,ARMED,,12.9
1791212085842,28.576026,77.307031,9.0,PETROL,22.12,14.9,,669,27.8,1.20,,90.0,0.00,3.13,13.4,0.0,9.0,0.00,ARMED,,12.9
1791212086807,28.576046,77.307016,9.0,PETROL,19.81,14.9,,687,27.8,1.55,,90.0,0.00,3.13,13.4,0.0,9.0,0.00,ARMED,,12.9
1791212087665,28.576065,77.307001,9.0,PETROL,20.49,19.6,,694,27.8,1.23,,90.0,0.00,3.13,13.4,6.4,9.0,0.00,ARMED,,12.9
1791212089436,28.576100,77.306974,9.0,PETROL,16.15,18.8,,772,22.0,2.15,,90.0,0.00,3.91,13.5,5.4,9.0,0.00,ARMED,,14.5
1791212090298,28.576116,77.306962,8.0,PETROL,11.97,14.9,,963,22.0,2.81,,90.0,0.00,3.91,13.5,0.0,8.0,0.00,ARMED,,14.1
1791212091174,28.576130,77.306950,7.0,PETROL,9.32,14.9,,778,22.0,3.10,,90.0,0.00,3.91,13.1,0.0,7.0,0.00,ARMED,,14.5
1791212092822,28.576138,77.306943,4.0,PETROL,7.59,14.9,,799,40.4,2.51,,90.0,-3.91,3.13,13.1,0.0,4.0,0.00,ARMED,,15.3
1791212093737,28.576145,77.306937,3.0,PETROL,6.10,14.9,,831,40.4,2.45,,90.0,-3.91,3.13,13.3,0.0,3.0,0.00,ARMED,,15.3
1791212094688,28.576150,77.306931,2.0,PETROL,3.95,14.9,,841,40.4,3.61,,90.0,-3.91,3.13,13.3,0.0,2.0,0.00,ARMED,,15.7
1791212096304,28.576152,77.306930,0.0,PETROL,,14.9,0,847,42.4,3.01,,90.0,-2.34,3.13,13.3,0.0,0.0,0.00,ARMED,,15.7
1791212097219,28.576154,77.306932,0.0,PETROL,,20.8,0,848,42.4,2.98,,90.0,-2.34,3.13,13.3,8.0,0.0,0.00,ARMED,,18.4
1791212098149,28.576155,77.306931,0.0,PETROL,,14.9,0,1125,42.4,1.92,,90.0,-2.34,3.13,13.3,0.0,0.0,0.00,ARMED,,14.5
1791212099845,28.576157,77.306930,1.0,PETROL,,14.9,,962,25.1,2.58,,90.0,10.16,2.34,13.3,0.0,1.0,0.00,ARMED,,13.3
1791212100815,28.576158,77.306932,0.0,PETROL,,14.9,0,801,25.1,3.97,,90.0,10.16,2.34,13.2,0.0,0.0,0.00,ARMED,,15.3
1791212101668,28.576159,77.306931,1.0,PETROL,,14.9,,1012,25.1,1.91,,90.0,10.16,2.34,13.2,0.0,1.0,0.00,ARMED,,14.1
1791212103328,28.576162,77.306927,1.0,PETROL,,14.9,,838,26.3,1.29,,90.0,3.13,2.34,13.4,0.0,1.0,0.00,ARMED,,12.9
1791212104223,28.576161,77.306925,0.0,PETROL,,14.9,0,706,26.3,2.06,,90.0,3.13,2.34,13.4,0.0,0.0,0.00,ARMED,,12.9
1791212105141,28.576160,77.306924,0.0,PETROL,,14.9,0,697,26.3,1.32,,90.0,3.13,2.34,13.3,0.0,0.0,0.00,ARMED,,12.9
1791212106783,28.576159,77.306923,0.0,PETROL,,14.9,0,700,36.5,2.33,,90.0,-2.34,2.34,13.3,0.0,0.0,0.00,ARMED,,12.9
1791212107708,28.576158,77.306920,0.0,PETROL,,14.9,0,764,36.5,3.23,,90.0,-2.34,2.34,13.0,0.0,0.0,0.00,ARMED,,15.3
1791212108604,28.576158,77.306919,0.0,PETROL,,14.9,0,794,36.5,3.19,,90.0,-2.34,2.34,13.0,0.0,0.0,0.00,ARMED,,15.3
1791212110250,28.576158,77.306919,0.0,PETROL,,21.6,0,864,57.3,6.83,,90.0,-2.34,1.56,12.6,9.1,0.0,0.00,ARMED,,19.2
1791212111277,28.576169,77.306912,6.0,PETROL,,20.8,,704,57.3,4.25,,90.0,-2.34,1.56,12.6,8.0,6.0,0.00,ARMED,,17.6
1791212112177,28.576187,77.306900,8.0,PETROL,3.02,20.8,1,1098,57.3,5.28,,90.0,-2.34,1.56,13.3,8.0,8.0,0.00,ARMED,,17.6
1791212113824,28.576209,77.306886,10.0,PETROL,4.21,20.8,1,1351,36.1,5.27,,90.0,-1.56,0.78,13.3,8.0,9.3,0.76,ARMED,,17.6
1791212114786,28.576232,77.306869,11.0,PETROL,5.52,21.6,1,1593,36.1,4.35,,90.0,-1.56,0.78,13.4,9.1,11.0,0.00,ARMED,,17.3
1791212115686,28.576257,77.306851,12.0,PETROL,6.25,22.0,1,1719,36.1,5.06,,90.0,-1.56,0.78,13.4,9.6,11.7,0.38,ARMED,,17.6
1791212117412,28.576315,77.306812,13.0,PETROL,6.57,22.4,1,1789,18.4,5.67,,90.0,0.00,0.00,13.4,10.2,13.0,0.00,ARMED,,18.4
1791212118330,28.576345,77.306791,13.0,PETROL,7.79,20.8,2,1063,18.4,3.86,,90.0,0.00,0.00,13.4,8.0,13.0,0.00,ARMED,,15.7
1791212119250,28.576375,77.306771,14.0,PETROL,9.08,20.0,2,1039,18.4,3.70,,90.0,0.00,0.00,13.4,7.0,13.7,0.39,ARMED,,15.7
1791212121044,28.576436,77.306728,15.0,PETROL,11.57,18.8,2,1082,21.6,2.55,,90.0,2.34,-1.56,13.4,5.4,14.7,0.76,ARMED,,14.5
1791212121970,28.576465,77.306708,14.0,PETROL,13.22,14.9,2,1057,21.6,2.53,,90.0,2.34,-1.56,13.0,0.0,14.0,0.00,ARMED,,13.3
1791212122939,28.576465,77.306708,13.0,PETROL,17.53,14.9,,815,21.6,1.08,,90.0,2.34,-1.56,13.0,0.0,13.0,0.00,ARMED,,12.5
1791212124589,28.576508,77.306675,10.0,PETROL,18.76,14.9,2,702,25.9,1.38,,90.0,-1.56,2.34,13.4,0.0,10.0,0.00,ARMED,,12.5
1791212125555,28.576524,77.306662,8.0,PETROL,15.94,14.9,,703,25.9,2.03,,90.0,-1.56,2.34,13.4,0.0,8.0,0.00,ARMED,,12.9
1791212126461,28.576537,77.306650,6.0,PETROL,12.44,14.9,1,739,25.9,2.29,,90.0,-1.56,2.34,12.9,0.0,6.0,0.00,ARMED,,14.1
1791212128139,28.576546,77.306643,3.0,PETROL,7.17,14.9,,773,43.5,3.64,,90.0,-3.13,2.34,12.9,0.0,3.0,0.00,ARMED,,15.3
1791212129126,28.576548,77.306642,1.0,PETROL,3.89,19.2,,879,43.5,4.25,,90.0,-3.13,2.34,12.9,5.9,1.0,0.00,ARMED,,16.5
1791212130029,28.576554,77.306639,3.0,PETROL,3.57,14.9,,733,43.5,3.02,,90.0,-3.13,2.34,12.9,0.0,3.0,0.00,ARMED,,14.1
1791212131704,28.576561,77.306634,3.0,PETROL,3.15,14.9,,858,43.9,3.65,,90.0,-5.47,2.34,13.2,0.0,3.0,0.00,ARMED,,15.3
1791212132642,28.576566,77.306630,2.0,PETROL,,14.9,,854,43.9,2.74,,90.0,-5.47,2.34,13.2,0.0,2.0,0.00,ARMED,,15.7
1791212133529,28.576569,77.306628,1.0,PETROL,,18.4,,848,43.9,3.65,,90.0,-5.47,2.34,13.3,4.8,1.0,0.00,ARMED,,15.7
1791212135196,28.576578,77.306623,1.0,PETROL,,19.2,,913,51.0,3.23,,90.0,1.56,1.56,13.3,5.9,1.0,0.00,ARMED,,14.9
1791212136111,28.576590,77.306615,5.0,PETROL,2.81,20.4,,817,51.0,3.11,,90.0,1.56,1.56,13.3,7.5,5.0,0.00,ARMED,,15.7
1791212136998,28.576605,77.306604,7.0,PETROL,4.25,19.6,1,991,51.0,3.26,,90.0,1.56,1.56,13.3,6.4,7.0,0.00,ARMED,,14.5
1791212138657,28.576621,77.306592,8.0,PETROL,6.16,14.9,1,1140,20.8,2.13,,90.0,10.94,2.34,13.4,0.0,7.7,0.38,ARMED,,12.9
1791212139611,28.576637,77.306579,7.0,PETROL,6.82,14.9,1,935,20.8,2.38,,90.0,10.94,2.34,13.4,0.0,7.0,0.00,ARMED,,12.9
1791212140511,28.576648,77.306572,3.0,PETROL,6.75,14.9,,724,20.8,1.23,,90.0,10.94,2.34,13.3,0.0,3.0,0.00,ARMED,,12.9
1791212142165,28.576653,77.306571,1.0,PETROL,5.52,14.9,,702,28.6,1.29,,90.0,-0.78,2.34,13.3,0.0,1.0,0.00,ARMED,,12.9
1791212143103,28.576654,77.306570,0.0,PETROL,,14.9,0,701,28.6,1.80,,90.0,-0.78,2.34,13.2,0.0,0.0,0.00,ARMED,,12.9
1791212144005,28.576654,77.306570,0.0,PETROL,,14.9,0,696,28.6,1.83,,90.0,-0.78,2.34,13.2,0.0,0.0,0.00,ARMED,,12.9
1791212145695,28.576655,77.306570,0.0,PETROL,,14.9,0,700,41.6,2.82,,90.0,-4.69,2.34,13.0,0.0,0.0,0.00,ARMED,,14.1
1791212146575,28.576656,77.306570,0.0,PETROL,,17.3,0,801,41.6,3.74,,90.0,-4.69,2.34,13.0,3.2,0.0,0.00,ARMED,,17.6
1791212147462,28.576656,77.306571,0.0,PETROL,,14.9,0,807,41.6,3.96,,90.0,-4.69,2.34,13.1,0.0,0.0,0.00,ARMED,,16.5
1791212149107,28.576662,77.306566,1.0,PETROL,,14.9,,836,55.3,3.46,,90.0,-1.56,2.34,13.1,0.0,1.0,0.00,ARMED,,17.6
1791212150117,28.576671,77.306559,5.0,PETROL,,14.9,,820,55.3,3.48,,90.0,-1.56,2.34,13.3,0.0,5.0,0.00,ARMED,,16.1
1791212151068,28.576681,77.306552,5.0,PETROL,3.41,14.9,,836,55.3,2.46,,91.0,-1.56,2.34,13.3,0.0,5.0,0.00,ARMED,,14.9
1791212152765,28.576684,77.306550,2.0,PETROL,,14.9,,838,27.8,3.68,,91.0,-0.78,2.34,13.4,0.0,2.0,0.00,ARMED,,15.3
1791212153671,28.576684,77.306549,0.0,PETROL,,14.9,0,770,27.8,1.29,,91.0,-0.78,2.34,13.4,0.0,0.0,0.00,ARMED,,13.3
1791212154567,28.576685,77.306552,0.0,PETROL,,14.9,0,741,27.8,2.14,,91.0,-0.78,2.34,13.4,0.0,0.0,0.00,ARMED,,12.9
1791212156431,28.576680,77.306557,0.0,PETROL,,14.9,0,723,52.5,2.31,,91.0,3.91,2.34,13.3,0.0,0.0,0.00,ARMED,,12.9
1791212157370,28.576681,77.306556,1.0,PETROL,,14.9,,758,52.5,1.64,,91.0,3.91,2.34,13.4,0.0,1.0,0.00,ARMED,,13.3
1791212158323,28.576684,77.306553,1.0,PETROL,,14.9,,781,52.5,1.38,,91.0,3.91,2.34,13.4,0.0,1.0,0.00,ARMED,,12.9
1791212160017,28.576689,77.306551,1.0,PETROL,,14.9,,714,27.8,2.27,,91.0,-0.78,2.34,13.4,0.0,1.0,0.00,ARMED,,12.9
1791212160903,28.576689,77.306551,0.0,PETROL,,14.9,0,701,27.8,2.61,,91.0,-0.78,2.34,13.4,0.0,0.0,0.00,ARMED,,14.1
1791212161828,28.576688,77.306552,0.0,PETROL,,14.9,0,791,27.8,2.98,,91.0,-0.78,2.34,13.1,0.0,0.0,0.00,ARMED,,14.9
1791212163499,28.576690,77.306551,0.0,PETROL,,14.9,0,798,44.3,3.64,,91.0,-4.69,2.34,13.1,0.0,0.0,0.00,ARMED,,15.7
1791212164414,28.576692,77.306552,0.0,PETROL,,22.0,0,859,44.3,11.13,,91.0,-4.69,2.34,13.3,9.6,0.0,0.00,ARMED,,22.0
1791212165268,28.576697,77.306549,2.0,PETROL,,20.4,,1368,44.3,4.97,,91.0,-4.69,2.34,13.3,7.5,2.0,0.00,ARMED,,16.1
1791212166934,28.576704,77.306544,4.0,PETROL,,19.2,,931,44.3,4.84,,91.0,-4.69,0.78,13.3,5.9,4.0,0.00,ARMED,,16.5
1791212167887,28.576716,77.306532,6.0,PETROL,2.50,14.9,1,837,44.3,3.48,,91.0,-4.69,0.78,13.3,0.0,6.0,0.00,ARMED,,13.3
1791212168839,28.576727,77.306522,3.0,PETROL,3.24,14.9,,775,44.3,1.33,,91.0,-4.69,0.78,13.3,0.0,3.0,0.00,ARMED,,13.3
1791212170469,28.576723,77.306514,0.0,PETROL,,14.9,0,739,26.7,2.39,,91.0,4.69,2.34,13.3,0.0,0.0,0.00,ARMED,,12.9
1791212171395,28.576720,77.306512,0.0,PETROL,,14.9,0,708,26.7,2.30,,91.0,4.69,2.34,13.4,0.0,0.0,0.00,ARMED,,12.9
1791212172281,28.576720,77.306512,0.0,PETROL,,14.9,0,693,26.7,2.27,,91.0,4.69,2.34,13.4,0.0,0.0,0.00,ARMED,,12.9
1791212173982,28.576718,77.306509,0.0,PETROL,,14.9,0,693,28.2,1.18,,91.0,-1.56,2.34,13.3,0.0,0.0,0.00,ARMED,,12.9
1791212174899,28.576718,77.306509,0.0,PETROL,,14.9,0,692,28.2,1.57,,91.0,-1.56,2.34,13.3,0.0,0.0,0.00,ARMED,,12.9
1791212175833,28.576717,77.306509,0.0,PETROL,,20.0,0,692,28.2,2.22,,91.0,-1.56,2.34,13.5,7.0,0.0,0.00,ARMED,,12.9
1791212177528,28.576723,77.306510,0.0,PETROL,,17.6,0,831,43.9,2.57,,91.0,-3.13,0.78,13.5,3.7,0.0,0.00,ARMED,,14.5
1791212178430,28.576734,77.306504,5.0,PETROL,,17.6,1,704,43.9,2.37,,91.0,-3.13,0.78,13.3,3.7,5.0,0.00,ARMED,,12.9
1791212179397,28.576746,77.306496,6.0,PETROL,5.44,17.6,1,799,43.9,1.74,,91.0,-3.13,0.78,13.3,3.7,5.7,0.40,ARMED,,14.5
1791212181070,28.576775,77.306476,6.0,PETROL,5.90,19.2,1,799,44.3,2.90,,91.0,-2.34,0.78,13.3,5.9,6.0,0.38,ARMED,,15.7
1791212181937,28.576775,77.306476,7.0,PETROL,5.61,19.2,1,953,44.3,4.04,,91.0,-2.34,0.78,13.3,5.9,7.0,0.00,ARMED,,16.5
1791212182834,28.576789,77.306465,8.0,PETROL,6.02,19.2,1,1091,44.3,3.80,,91.0,-2.34,0.78,13.4,5.9,7.7,0.38,ARMED,,16.1
1791212184510,28.576821,77.306439,8.0,PETROL,6.43,19.2,1,1192,32.2,3.49,,91.0,-0.78,0.00,13.4,5.9,8.5,0.64,ARMED,,16.5
1791212185432,28.576839,77.306426,9.0,PETROL,6.70,19.6,1,1279,32.2,3.92,,91.0,-0.78,0.00,13.3,6.4,9.0,0.00,ARMED,,16.9
1791212186302,28.576858,77.306412,9.0,PETROL,6.66,20.8,1,1318,32.2,4.18,,90.0,-0.78,0.00,13.3,8.0,9.4,0.23,ARMED,,16.5
1791212188030,28.576901,77.306384,10.0,PETROL,7.00,21.2,1,1377,37.6,4.00,,90.0,0.78,0.78,13.3,8.6,9.9,0.39,ARMED,,16.5
1791212188937,28.576901,77.306384,11.0,PETROL,6.03,14.9,1,1638,37.6,6.39,,90.0,0.78,0.78,13.3,0.0,11.0,0.00,ARMED,,18.4
1791212189854,28.576926,77.306367,12.0,PETROL,7.90,15.3,1,1484,37.6,2.82,,90.0,0.78,0.78,13.0,0.5,10.9,-0.02,ARMED,,13.7
1791212191664,28.576980,77.306328,12.0,PETROL,9.51,20.4,2,899,39.2,2.91,,90.0,-3.91,0.00,13.4,7.5,12.0,0.00,ARMED,,15.3
1791212192670,28.577008,77.306307,13.0,PETROL,11.63,19.6,2,970,39.2,2.52,,90.0,-3.91,0.00,13.4,6.4,13.0,0.00,ARMED,,14.9
1791212193538,28.577034,77.306286,13.0,PETROL,13.73,19.2,2,1002,39.2,2.25,,90.0,-3.91,0.00,13.4,5.9,13.0,0.00,ARMED,,14.5
1791212195309,28.577089,77.306246,14.0,PETROL,15.43,18.0,2,1006,20.8,2.19,,90.0,7.03,-1.56,13.5,4.3,13.1,0.02,ARMED,,13.3
1791212196191,28.577116,77.306228,13.0,PETROL,16.20,14.9,2,971,20.8,2.14,,90.0,7.03,-1.56,13.5,0.0,13.0,0.00,ARMED,,14.5
1791212197119,28.577142,77.306210,13.0,PETROL,14.42,14.9,2,970,20.8,3.03,,90.0,7.03,-1.56,12.9,0.0,12.8,-0.07,ARMED,,14.9
1791212198819,28.577167,77.306193,12.0,PETROL,13.48,14.9,2,905,40.4,3.02,,89.0,-3.13,2.34,12.9,0.0,12.1,-0.43,ARMED,,14.9
1791212199709,28.577188,77.306179,9.0,PETROL,12.62,14.9,,833,40.4,2.48,,89.0,-3.13,2.34,13.2,0.0,9.0,0.00,ARMED,,15.3
1791212200631,28.577205,77.306168,8.0,PETROL,10.92,14.9,,852,40.4,2.88,,89.0,-3.13,2.34,13.2,0.0,8.0,0.00,ARMED,,15.3
1791212202315,28.577238,77.306147,8.0,PETROL,8.97,14.9,,866,38.0,3.53,,89.0,0.00,2.34,13.3,0.0,8.0,0.00,ARMED,,15.3
1791212203239,28.577252,77.306136,7.0,PETROL,7.81,14.9,1,881,38.0,3.34,,90.0,0.00,2.34,13.3,0.0,7.0,0.00,ARMED,,14.9
1791212204132,28.577263,77.306129,5.0,PETROL,8.03,14.9,,849,38.0,1.72,,90.0,0.00,2.34,13.4,0.0,5.0,0.00,ARMED,,12.9
1791212205752,28.577268,77.306124,3.0,PETROL,7.11,14.9,,770,23.5,1.60,,90.0,10.16,2.34,13.4,0.0,3.0,0.00,ARMED,,12.9
1791212206650,28.577273,77.306120,3.0,PETROL,5.73,14.9,,708,23.5,2.15,,90.0,10.16,2.34,13.4,0.0,3.0,0.00,ARMED,,12.9
1791212207647,28.577278,77.306116,2.0,PETROL,2.77,14.9,,705,23.5,5.29,,90.0,10.16,2.34,13.4,0.0,2.0,0.00,ARMED,,17.3
1791212209378,28.577285,77.306110,3.0,PETROL,3.16,14.9,,832,58.8,2.17,,90.0,-0.78,1.56,13.3,0.0,3.0,0.00,ARMED,,12.9
1791212210270,28.577290,77.306107,3.0,PETROL,2.44,18.4,,918,58.8,5.11,,90.0,-0.78,1.56,13.3,4.8,3.0,0.00,ARMED,,16.1
1791212211236,28.577300,77.306101,5.0,PETROL,4.42,20.4,1,745,58.8,0.78,,90.0,-0.78,1.56,13.3,7.5,5.0,0.00,ARMED,,13.3
1791212212911,28.577313,77.306092,6.0,PETROL,5.33,20.4,1,820,32.9,2.83,,90.0,-3.13,0.00,13.3,7.5,5.7,0.38,ARMED,,15.3
1791212213835,28.577329,77.306080,9.0,PETROL,6.15,20.4,1,1255,32.9,4.04,,90.0,-3.13,0.00,13.4,7.5,9.0,0.00,ARMED,,15.7
1791212214691,28.577350,77.306064,10.0,PETROL,7.17,20.4,1,1399,32.9,3.67,,90.0,-3.13,0.00,13.4,7.5,9.7,0.38,ARMED,,16.1
1791212216491,28.577395,77.306030,11.0,PETROL,8.01,20.4,1,1523,31.0,3.49,,90.0,3.91,0.78,13.4,7.5,10.6,0.73,ARMED,,16.1
1791212217361,28.577422,77.306012,12.0,PETROL,7.17,20.0,1,1693,31.0,5.44,,90.0,3.91,0.78,13.4,7.0,12.0,0.00,ARMED,,17.6
1791212218305,28.577449,77.305991,12.0,PETROL,7.15,18.4,1,1739,31.0,4.90,,90.0,3.91,0.78,13.4,4.8,12.3,0.18,ARMED,,17.3
1791212219922,28.577475,77.305971,12.0,PETROL,6.60,14.9,1,1491,47.5,6.07,,89.0,0.00,0.78,13.4,0.0,11.3,-0.50,ARMED,,17.6
1791212220847,28.577502,77.305952,13.0,PETROL,7.20,19.6,,1122,47.5,4.80,,89.0,0.00,0.78,13.2,6.4,13.0,0.00,ARMED,,16.5
1791212221761,28.577529,77.305932,13.0,PETROL,8.30,18.4,2,978,47.5,3.73,,89.0,0.00,0.78,13.2,4.8,13.0,0.00,ARMED,,16.1
1791212223430,28.577584,77.305890,13.0,PETROL,10.40,14.9,2,987,22.0,2.20,,89.0,7.81,2.34,13.2,0.0,13.0,0.00,ARMED,,13.3
1791212224330,28.577609,77.305868,13.0,PETROL,12.51,14.9,3,751,22.0,2.02,,90.0,7.81,2.34,13.2,0.0,13.0,0.00,ARMED,,12.5
1791212225228,28.577631,77.305850,11.0,PETROL,15.62,14.9,,703,22.0,1.10,,90.0,7.81,2.34,13.3,0.0,11.0,0.00,ARMED,,12.5
1791212226982,28.577668,77.305819,10.0,PETROL,16.01,14.9,,696,25.5,1.80,,90.0,-1.56,2.34,13.3,0.0,10.0,0.00,ARMED,,12.9
1791212227940,28.577668,77.305819,9.0,PETROL,16.03,18.0,2,735,25.5,1.69,,90.0,-1.56,2.34,13.4,4.3,9.0,0.00,ARMED,,12.9
1791212228877,28.577686,77.305805,9.0,PETROL,17.57,16.9,,800,25.5,1.29,,90.0,-1.56,2.34,13.4,2.7,9.0,0.00,ARMED,,12.5
1791212230570,28.577723,77.305779,9.0,PETROL,16.28,14.9,2,727,25.1,1.87,,90.0,-1.56,2.34,13.5,0.0,9.0,0.00,ARMED,,12.5
1791212231528,28.577737,77.305768,5.0,PETROL,15.28,14.9,,700,25.1,1.16,,90.0,-1.56,2.34,13.5,0.0,5.0,0.00,ARMED,,12.9
1791212232423,28.577747,77.305761,5.0,PETROL,6.94,20.4,1,706,25.1,4.91,,90.0,-1.56,2.34,13.5,7.5,5.0,0.00,ARMED,,18.0
1791212234091,28.577771,77.305744,5.0,PETROL,5.55,20.0,1,755,45.9,4.09,,90.0,-7.03,0.78,13.5,7.0,5.0,0.00,ARMED,,16.1
1791212235064,28.577788,77.305733,8.0,PETROL,5.55,19.2,1,1072,45.9,4.67,,90.0,-7.03,0.78,13.3,5.9,8.0,0.00,ARMED,,16.9
1791212235920,28.577788,77.305733,8.0,PETROL,6.57,14.9,1,1150,45.9,3.03,,90.0,-7.03,0.78,13.3,0.0,8.0,0.00,ARMED,,15.7
1791212237634,28.577809,77.305717,4.0,PETROL,5.35,14.9,,946,44.3,3.46,,90.0,-3.13,2.34,13.2,0.0,4.0,0.00,ARMED,,15.3
1791212238534,28.577809,77.305718,0.0,PETROL,3.39,14.9,0,845,44.3,2.95,,90.0,-3.13,2.34,13.2,0.0,0.0,0.00,ARMED,,15.7
1791212239527,28.577809,77.305722,0.0,PETROL,,14.9,0,840,44.3,2.14,,90.0,-3.13,2.34,13.4,0.0,0.0,0.00,ARMED,,11.8
1791212241219,28.577811,77.305721,0.0,PETROL,,18.8,0,797,52.2,2.99,,90.0,3.13,0.78,13.4,5.4,0.0,0.00,ARMED,,14.9
1791212242144,28.577819,77.305715,4.0,PETROL,,15.3,,806,52.2,1.29,,90.0,3.13,0.78,13.4,0.5,4.0,0.00,ARMED,,13.7
1791212243028,28.577828,77.305707,5.0,PETROL,4.94,14.9,,786,52.2,1.78,,90.0,3.13,0.78,13.4,0.0,5.0,0.00,ARMED,,11.4
1791212244749,28.577838,77.305699,5.0,PETROL,5.03,19.6,1,751,47.8,2.84,,90.0,3.91,0.78,13.1,6.4,5.0,0.00,ARMED,,15.7
1791212245647,28.577851,77.305690,7.0,PETROL,6.01,20.4,1,1010,47.8,2.81,,91.0,3.91,0.78,13.1,7.5,7.0,0.00,ARMED,,15.3
1791212246539,28.577868,77.305677,8.0,PETROL,6.70,20.4,1,1202,47.8,3.08,,91.0,3.91,0.78,13.2,7.5,7.7,0.38,ARMED,,15.7
1791212248221,28.577911,77.305645,10.0,PETROL,7.73,20.4,1,1356,18.8,3.26,,91.0,3.13,0.00,13.2,7.5,8.8,0.83,ARMED,,15.7
1791212249167,28.577934,77.305626,11.0,PETROL,9.19,18.8,1,1530,18.8,2.82,,91.0,3.13,0.00,13.3,5.4,11.0,0.00,ARMED,,14.5
1791212250086,28.577957,77.305610,10.0,PETROL,9.57,19.2,1,1478,18.8,2.91,,90.0,3.13,0.00,13.3,5.9,10.4,-0.36,ARMED,,16.9
1791212251826,28.577980,77.305594,10.0,PETROL,9.00,19.6,1,1475,32.9,3.72,,90.0,-2.34,0.78,13.3,6.4,10.1,-0.35,ARMED,,16.5
1791212252698,28.578002,77.305578,10.0,PETROL,7.61,20.8,1,1472,32.9,4.97,,90.0,-2.34,0.78,13.3,8.0,10.0,0.00,ARMED,,17.6
1791212253610,28.578023,77.305565,11.0,PETROL,7.05,20.8,1,1503,32.9,5.30,,90.0,-2.34,0.78,13.4,8.0,10.2,0.06,ARMED,,18.0
1791212255259,28.578071,77.305531,12.0,PETROL,12.53,14.9,1,1662,33.7,6.13,,90.0,0.00,2.34,13.4,0.0,11.1,0.54,ARMED,,18.0
1791212256148,28.578096,77.305511,12.0,PETROL,11.84,14.9,,1134,33.7,3.24,,90.0,0.00,2.34,13.2,0.0,12.0,0.00,ARMED,,15.7
1791212257114,28.578121,77.305495,12.0,PETROL,12.55,14.9,2,946,33.7,2.60,,90.0,0.00,2.34,13.2,0.0,12.0,0.00,ARMED,,13.3
1791212258825,28.578143,77.305480,10.0,PETROL,15.07,14.9,2,770,24.7,1.28,,90.0,0.00,2.34,13.2,0.0,10.7,-0.76,ARMED,,12.5
1791212259730,28.578161,77.305466,7.0,PETROL,15.01,14.9,,704,24.7,1.40,,90.0,0.00,2.34,13.2,0.0,7.0,0.00,ARMED,,12.5
1791212260706,28.578175,77.305455,7.0,PETROL,8.41,21.6,,720,24.7,4.66,,90.0,0.00,2.34,13.4,9.1,7.0,0.00,ARMED,,16.9
1791212262554,28.578211,77.305427,8.0,PETROL,7.32,21.2,,864,54.1,4.14,,90.0,-4.69,1.56,13.3,8.6,8.0,0.00,ARMED,,16.1
1791212263448,28.578235,77.305408,12.0,PETROL,8.26,21.6,2,879,54.1,3.96,,90.0,-4.69,1.56,13.3,9.1,12.0,0.00,ARMED,,16.5
1791212264350,28.578262,77.305389,13.0,PETROL,9.71,20.8,2,965,54.1,3.37,,90.0,-4.69,1.56,13.3,8.0,12.7,0.38,ARMED,,16.1
1791212266110,28.578326,77.305351,14.0,PETROL,10.79,19.2,2,1031,22.0,3.43,,90.0,1.56,-1.56,13.3,5.9,13.7,0.76,ARMED,,14.1
1791212267022,28.578358,77.305334,14.0,PETROL,14.23,14.9,2,1045,22.0,1.74,,90.0,1.56,-1.56,13.3,0.0,14.0,0.00,ARMED,,13.3
1791212267900,28.578358,77.305334,13.0,PETROL,13.95,14.9,2,987,22.0,2.92,,90.0,1.56,-1.56,13.0,0.0,13.3,-0.38,ARMED,,14.1
1791212269635,28.578406,77.305308,10.0,PETROL,13.58,14.9,2,781,40.4,2.39,,90.0,-3.91,2.34,13.0,0.0,11.0,-1.46,ARMED,,14.5
1791212270545,28.578414,77.305302,3.0,PETROL,9.77,14.9,,827,40.4,2.52,,90.0,-3.91,2.34,13.4,0.0,3.0,0.00,ARMED,,15.3
1791212271465,28.578419,77.305298,3.0,PETROL,6.69,17.3,,839,40.4,3.19,,90.0,-3.91,2.34,13.4,3.2,3.0,0.00,ARMED,,15.3
1791212273114,28.578436,77.305288,4.0,PETROL,4.82,14.9,,670,44.7,4.18,,90.0,-1.56,0.78,13.4,0.0,4.0,0.00,ARMED,,16.5
1791212274021,28.578448,77.305281,6.0,PETROL,4.94,20.4,1,805,44.7,3.61,,90.0,-1.56,0.78,13.4,7.5,6.0,0.00,ARMED,,16.1
1791212274993,28.578461,77.305272,6.0,PETROL,4.11,21.2,1,857,44.7,5.53,,90.0,-1.56,0.78,13.1,8.6,6.0,0.00,ARMED,,18.0
1791212276700,28.578478,77.305261,8.0,PETROL,4.90,20.4,1,1080,27.5,3.97,,91.0,0.00,-0.78,13.1,7.5,7.4,0.79,ARMED,,14.9
1791212277618,28.578499,77.305248,10.0,PETROL,6.08,20.4,1,1343,27.5,3.83,,91.0,0.00,-0.78,13.4,7.5,10.0,0.00,ARMED,,15.7
1791212278558,28.578522,77.305233,10.0,PETROL,7.41,14.9,1,1473,27.5,3.05,,91.0,0.00,-0.78,13.4,0.0,10.0,0.00,ARMED,,14.5
1791212280203,28.578566,77.305196,10.0,PETROL,8.87,19.6,2,817,36.9,2.54,,91.0,0.00,0.00,13.3,6.4,10.0,0.00,ARMED,,16.9
1791212281130,28.578590,77.305179,11.0,PETROL,10.24,19.6,2,830,36.9,2.63,,90.0,0.00,0.00,13.3,6.4,11.0,0.00,ARMED,,14.5
1791212282069,28.578613,77.305161,12.0,PETROL,13.94,18.4,2,870,36.9,1.44,,90.0,0.00,0.00,13.4,4.8,11.7,0.38,ARMED,,12.9
1791212283750,28.578636,77.305144,12.0,PETROL,15.28,18.4,2,877,22.0,2.03,,91.0,3.91,-1.56,13.4,4.8,12.1,0.39,ARMED,,12.9
1791212284654,28.578660,77.305127,12.0,PETROL,20.97,14.9,2,863,22.0,0.81,,91.0,3.91,-1.56,13.3,0.0,12.0,0.00,ARMED,,12.9
1791212285583,28.578684,77.305110,11.0,PETROL,18.48,14.9,2,782,22.0,2.10,,91.0,3.91,-1.56,13.3,0.0,11.2,-0.46,ARMED,,12.5
1791212287165,28.578717,77.305085,8.0,PETROL,15.85,14.9,,711,36.1,1.91,,91.0,2.34,2.34,13.0,0.0,8.0,0.00,ARMED,,12.9
1791212288020,28.578727,77.305077,5.0,PETROL,9.79,14.9,1,770,36.1,3.19,,91.0,2.34,2.34,13.0,0.0,5.0,0.00,ARMED,,14.9
1791212288995,28.578738,77.305068,5.0,PETROL,6.95,18.4,,799,36.1,3.54,,91.0,2.34,2.34,12.7,4.8,5.0,0.00,ARMED,,14.9
1791212290699,28.578750,77.305060,6.0,PETROL,9.36,14.9,,430,43.9,0.81,,91.0,-1.56,0.78,12.7,0.0,6.0,0.00,ARMED,,14.9
1791212291678,28.578762,77.305051,6.0,PETROL,8.79,19.6,1,895,43.9,2.30,,91.0,-1.56,0.78,13.2,6.4,6.0,0.00,ARMED,,13.7
1791212292545,28.578775,77.305044,7.0,PETROL,5.85,14.9,1,848,43.9,5.32,,91.0,-1.56,0.78,13.2,0.0,6.7,0.39,ARMED,,15.3
1791212294253,28.578803,77.305023,7.0,PETROL,6.11,14.9,,816,47.5,3.37,,91.0,-3.91,0.78,13.2,0.0,7.0,0.00,ARMED,,14.9
1791212295133,28.578817,77.305013,7.0,PETROL,6.05,19.6,,758,47.5,3.68,,91.0,-3.91,0.78,13.2,6.4,7.0,0.00,ARMED,,15.3
1791212296091,28.578834,77.305001,8.0,PETROL,5.09,20.8,,622,47.5,5.95,,91.0,-3.91,0.78,13.1,8.0,8.0,0.00,ARMED,,20.0
1791212297875,28.578854,77.304986,10.0,PETROL,6.23,20.0,2,703,47.1,3.87,,91.0,-5.47,0.78,13.2,7.0,10.0,0.00,ARMED,,16.5
1791212298788,28.578874,77.304970,10.0,PETROL,7.88,18.8,2,767,47.1,2.70,,91.0,-5.47,0.78,13.3,5.4,10.0,0.00,ARMED,,15.3
1791212299659,28.578897,77.304952,10.0,PETROL,8.58,19.6,2,781,47.1,3.27,,91.0,-5.47,0.78,13.3,6.4,10.0,0.00,ARMED,,16.9
1791212301367,28.578943,77.304916,11.0,PETROL,8.46,19.6,2,804,38.0,4.03,,91.0,-1.56,1.56,13.4,6.4,10.2,0.07,ARMED,,16.5
1791212302311,28.578967,77.304898,12.0,PETROL,9.50,20.8,2,876,38.0,3.25,,91.0,-1.56,1.56,13.4,8.0,12.0,0.00,ARMED,,14.9
1791212303301,28.578993,77.304880,12.0,PETROL,9.44,20.8,2,913,38.0,3.90,,91.0,-1.56,1.56,13.5,8.0,11.9,-0.03,ARMED,,15.7
1791212304922,28.579020,77.304861,13.0,PETROL,10.92,20.8,2,974,37.6,2.90,,91.0,-0.78,0.00,13.5,8.0,12.4,0.29,ARMED,,15.7
1791212305890,28.579050,77.304840,15.0,PETROL,12.52,20.8,2,1085,37.6,3.03,,91.0,-0.78,0.00,13.5,8.0,15.0,0.00,ARMED,,15.7
1791212306815,28.579080,77.304816,15.0,PETROL,11.94,20.4,2,1130,37.6,4.09,,91.0,-0.78,0.00,13.5,7.5,14.9,-0.04,ARMED,,15.7
1791212308470,28.579142,77.304770,16.0,PETROL,13.38,14.9,2,1177,23.5,2.86,,91.0,4.69,2.34,13.4,0.0,15.2,0.20,ARMED,,14.1
1791212309367,28.579173,77.304747,15.0,PETROL,13.34,14.9,2,1111,23.5,3.21,,91.0,4.69,2.34,13.4,0.0,15.0,0.00,ARMED,,15.3
1791212310323,28.579202,77.304724,15.0,PETROL,12.40,18.8,2,1107,23.5,3.80,,91.0,4.69,2.34,13.3,5.4,14.7,-0.18,ARMED,,16.5
1791212311991,28.579264,77.304679,15.0,PETROL,12.87,19.2,2,1094,39.2,3.40,,91.0,-1.56,0.00,13.3,5.9,14.4,-0.20,ARMED,,16.1
1791212312867,28.579264,77.304679,15.0,PETROL,12.65,19.6,2,1120,39.2,3.76,,91.0,-1.56,0.00,13.3,6.4,15.0,0.00,ARMED,,16.5
1791212313742,28.579295,77.304656,15.0,PETROL,13.97,14.9,2,1138,39.2,2.80,,90.0,-1.56,0.00,13.3,0.0,15.0,0.00,ARMED,,15.7
1791212315515,28.579360,77.304612,15.0,PETROL,13.51,14.9,2,1134,20.0,3.60,,90.0,-3.91,2.34,13.3,0.0,15.0,-0.01,ARMED,,15.7
1791212316369,28.579392,77.304589,15.0,PETROL,16.24,14.9,2,1092,20.0,1.99,,90.0,-3.91,2.34,13.3,0.0,15.0,0.00,ARMED,,13.3
1791212317572,28.579423,77.304565,14.0,PETROL,17.54,14.9,2,1062,20.0,2.15,,90.0,-3.91,2.34,13.4,0.0,14.0,0.00,ARMED,,13.3
1791212319762,28.579484,77.304518,14.0,PETROL,17.95,14.9,2,1071,22.7,2.38,,90.0,-2.34,-1.56,13.4,0.0,14.0,0.00,ARMED,,13.3
1791212320946,28.579513,77.304496,14.0,PETROL,18.41,18.4,2,1029,22.7,2.31,,90.0,-2.34,-1.56,13.4,4.8,14.0,0.00,ARMED,,13.3
1791212322148,28.579571,77.304453,14.0,PETROL,17.14,19.2,2,1017,22.7,2.86,,90.0,-2.34,-1.56,13.4,5.9,14.0,0.00,ARMED,,14.1
1791212324284,28.579629,77.304409,14.0,PETROL,16.54,20.4,2,1024,35.3,2.69,,90.0,0.78,0.00,13.5,7.5,14.0,0.00,ARMED,,14.5
1791212325482,28.579659,77.304387,15.0,PETROL,15.24,20.4,2,1099,35.3,3.30,,90.0,0.78,0.00,13.5,7.5,15.0,0.00,ARMED,,15.7
1791212326510,28.579690,77.304364,16.0,PETROL,13.88,20.4,2,1150,35.3,3.90,,90.0,0.78,0.00,13.5,7.5,16.0,0.00,ARMED,,17.6
1791212328244,28.579756,77.304317,16.0,PETROL,12.55,18.8,2,1194,30.6,4.40,,89.0,-2.34,2.34,13.5,5.4,15.8,-0.05,ARMED,,16.9
1791212329144,28.579789,77.304294,16.0,PETROL,12.74,14.9,2,1177,30.6,3.74,,89.0,-2.34,2.34,13.4,0.0,16.0,0.00,ARMED,,15.7
1791212330130,28.579821,77.304272,15.0,PETROL,13.60,14.9,2,1116,30.6,3.00,,89.0,-2.34,2.34,13.4,0.0,15.0,0.00,ARMED,,15.7
1791212331809,28.579848,77.304252,12.0,PETROL,12.60,14.9,2,971,38.4,3.33,,89.0,-3.13,2.34,13.3,0.0,13.5,-0.86,ARMED,,15.3
1791212332749,28.579869,77.304236,9.0,PETROL,10.96,14.9,,855,38.4,3.29,,89.0,-3.13,2.34,13.3,0.0,9.0,0.00,ARMED,,14.9
1791212333672,28.579888,77.304221,9.0,PETROL,12.27,17.6,,849,38.4,1.71,,89.0,-3.13,2.34,13.1,3.7,9.0,0.00,ARMED,,11.4
1791212335512,28.579925,77.304197,9.0,PETROL,12.97,14.9,,658,27.5,1.82,,90.0,1.56,2.34,13.1,0.0,9.0,0.00,ARMED,,12.9
1791212336418,28.579944,77.304184,9.0,PETROL,12.74,15.7,,667,27.5,2.13,,90.0,1.56,2.34,13.2,1.1,9.0,0.00,ARMED,,12.9
1791212337355,28.579963,77.304170,9.0,PETROL,11.09,19.6,,667,27.5,2.87,,90.0,1.56,2.34,13.2,6.4,9.0,0.00,ARMED,,14.5
1791212339070,28.580003,77.304141,9.0,PETROL,12.18,19.6,,687,39.2,1.92,,90.0,-0.78,0.00,13.4,6.4,9.0,0.00,ARMED,,14.5
1791212339980,28.580022,77.304127,11.0,PETROL,12.98,19.6,2,788,39.2,2.38,,90.0,-0.78,0.00,13.4,6.4,11.0,0.00,ARMED,,14.1
1791212340856,28.580022,77.304127,11.0,PETROL,14.55,19.6,2,821,39.2,1.94,,90.0,-0.78,0.00,13.4,6.4,11.0,0.00,ARMED,,14.1
1791212342563,28.580068,77.304092,11.0,PETROL,14.49,19.6,2,851,27.8,2.27,,90.0,3.13,-0.78,13.4,6.4,11.0,0.00,ARMED,,14.1
1791212343503,28.580094,77.304074,12.0,PETROL,17.71,14.9,2,899,27.8,1.42,,90.0,3.13,-0.78,13.4,0.0,12.0,0.00,ARMED,,13.3
1791212344428,28.580119,77.304055,12.0,PETROL,16.92,14.9,2,883,27.8,2.24,,90.0,3.13,-0.78,13.4,0.0,12.0,0.00,ARMED,,12.9
1791212346194,28.580160,77.304021,10.0,PETROL,14.62,14.9,2,819,39.2,2.53,,90.0,-0.78,2.34,13.2,0.0,11.4,-0.36,ARMED,,14.1
1791212347149,28.580175,77.304010,7.0,PETROL,10.21,14.9,,813,39.2,3.50,,90.0,-0.78,2.34,13.2,0.0,7.0,0.00,ARMED,,15.3
1791212348095,28.580188,77.304000,7.0,PETROL,8.25,14.9,,833,39.2,3.52,,90.0,-0.78,2.34,13.4,0.0,7.0,0.00,ARMED,,15.3
1791212349662,28.580201,77.303992,6.0,PETROL,4.85,17.3,1,826,43.5,6.76,,90.0,1.56,2.34,13.4,3.2,6.0,0.00,ARMED,,18.8
1791212350607,28.580216,77.303982,8.0,PETROL,6.40,14.9,,291,43.5,2.03,,90.0,1.56,2.34,12.8,0.0,8.0,0.00,OFF,,12.5
1791212351493,28.580232,77.303970,8.0,PETROL,8.75,14.9,,722,43.5,1.26,,90.0,1.56,2.34,12.8,0.0,8.0,0.00,ARMED,,13.7
1791212353135,28.580267,77.303945,8.0,PETROL,4.74,22.0,,842,62.0,8.37,,90.0,0.00,2.34,13.2,9.6,8.0,0.00,ARMED,,19.2
1791212354008,28.580288,77.303928,11.0,PETROL,9.16,14.9,2,811,62.0,0.00,,91.0,0.00,2.34,13.2,0.0,11.0,0.00,ARMED,,14.1
1791212354975,28.580309,77.303910,11.0,PETROL,9.83,14.9,2,831,62.0,3.02,,91.0,0.00,2.34,13.2,0.0,11.0,0.00,ARMED,,14.9
1791212356616,28.580330,77.303894,11.0,PETROL,11.20,14.9,2,818,43.1,2.37,,91.0,0.00,2.34,13.2,0.0,11.0,0.00,ARMED,,15.3
1791212357515,28.580351,77.303880,9.0,PETROL,10.15,14.9,2,701,43.1,3.06,,91.0,0.00,2.34,13.0,0.0,9.0,0.00,ARMED,,15.3
1791212358380,28.580371,77.303866,10.0,PETROL,12.13,14.9,2,728,43.1,1.75,,91.0,0.00,2.34,13.0,0.0,9.7,0.38,ARMED,,12.9
1791212360025,28.580413,77.303834,10.0,PETROL,12.24,14.9,2,720,25.1,2.24,,91.0,7.03,2.34,13.5,0.0,9.9,0.36,ARMED,,12.9
1791212360886,28.580413,77.303834,9.0,PETROL,14.76,14.9,2,705,25.1,1.12,,91.0,7.03,2.34,13.5,0.0,9.0,0.00,ARMED,,12.5
1791212361787,28.580434,77.303819,8.0,PETROL,16.25,14.9,,693,25.1,1.12,,91.0,7.03,2.34,13.5,0.0,8.0,0.00,ARMED,,12.9
1791212363496,28.580457,77.303802,4.0,PETROL,11.63,14.9,,718,37.3,1.91,,91.0,4.69,2.34,13.5,0.0,4.0,0.00,ARMED,,12.5
1791212364430,28.580466,77.303795,5.0,PETROL,11.57,14.9,,641,37.3,1.24,,91.0,4.69,2.34,13.3,0.0,5.0,0.00,ARMED,,12.9
1791212365327,28.580476,77.303788,5.0,PETROL,11.94,14.9,,680,37.3,1.12,,91.0,4.69,2.34,13.3,0.0,5.0,0.00,ARMED,,12.9
1791212367140,28.580496,77.303771,5.0,PETROL,5.45,19.6,,686,50.2,5.43,,91.0,-1.56,0.78,13.2,6.4,5.0,0.00,ARMED,,15.7
1791212368001,28.580508,77.303761,6.0,PETROL,4.95,19.6,1,888,50.2,4.17,,91.0,-1.56,0.78,13.2,6.4,6.0,0.00,ARMED,,16.1
1791212368923,28.580508,77.303761,7.0,PETROL,5.22,19.6,1,983,50.2,3.84,,91.0,-1.56,0.78,13.3,6.4,6.7,0.37,ARMED,,16.5
1791212370667,28.580540,77.303738,8.0,PETROL,5.17,19.6,1,1070,32.9,4.66,,91.0,0.00,2.34,13.4,6.4,7.7,0.76,ARMED,,16.5
1791212371557,28.580555,77.303727,8.0,PETROL,5.55,14.9,1,1111,32.9,3.87,,91.0,0.00,2.34,13.4,0.0,8.0,0.00,ARMED,,15.7
1791212372431,28.580571,77.303716,7.0,PETROL,5.87,14.9,1,1019,32.9,3.23,,91.0,0.00,2.34,13.4,0.0,7.3,-0.38,ARMED,,15.3
1791212374083,28.580599,77.303694,7.0,PETROL,6.64,14.9,1,942,38.0,2.55,,91.0,-2.34,2.34,13.4,0.0,6.6,-0.58,ARMED,,14.9
1791212375020,28.580613,77.303683,6.0,PETROL,7.49,14.9,1,850,38.0,1.88,,91.0,-2.34,2.34,13.4,0.0,6.0,0.00,ARMED,,12.9
1791212375906,28.580613,77.303683,6.0,PETROL,7.80,14.9,1,792,38.0,2.18,,91.0,-2.34,2.34,13.5,0.0,5.6,-0.23,ARMED,,12.5
1791212377635,28.580637,77.303664,5.0,PETROL,7.40,14.9,,774,23.5,2.17,,91.0,1.56,2.34,13.5,0.0,5.0,0.00,ARMED,,12.5
1791212378560,28.580648,77.303656,5.0,PETROL,7.13,18.0,1,717,23.5,2.19,,91.0,1.56,2.34,13.4,4.3,5.0,0.00,ARMED,,12.9
1791212379416,28.580658,77.303648,5.0,PETROL,7.98,18.0,1,724,23.5,1.47,,91.0,1.56,2.34,13.4,4.3,5.0,0.00,ARMED,,12.5
1791212381036,28.580681,77.303633,5.0,PETROL,7.91,18.8,1,742,33.3,1.92,,91.0,2.34,-0.78,13.5,5.4,5.0,0.00,ARMED,,13.7
1791212381868,28.580681,77.303633,5.0,PETROL,6.45,19.6,1,769,33.3,2.99,,91.0,2.34,-0.78,13.5,6.4,5.0,0.00,ARMED,,14.1
1791212382837,28.580693,77.303625,6.0,PETROL,6.58,18.0,1,873,33.3,2.66,,91.0,2.34,-0.78,13.5,4.3,5.7,0.39,ARMED,,12.9
1791212384563,28.580720,77.303606,6.0,PETROL,7.08,17.6,1,903,32.2,2.19,,90.0,6.25,-0.78,13.5,3.7,6.2,0.42,ARMED,,12.5
1791212385560,28.580732,77.303598,6.0,PETROL,7.00,18.4,1,761,32.2,2.51,,90.0,6.25,-0.78,13.0,4.8,6.0,0.00,ARMED,,15.3
1791212386398,28.580744,77.303590,5.0,PETROL,6.26,19.2,1,764,32.2,2.73,,90.0,6.25,-0.78,13.0,5.9,5.4,-0.32,ARMED,,15.7
1791212388020,28.580768,77.303573,5.0,PETROL,5.01,20.0,,788,60.8,4.00,,90.0,-1.56,2.34,13.4,7.0,5.0,0.00,ARMED,,16.1
1791212388938,28.580768,77.303573,7.0,PETROL,4.70,20.8,1,1026,60.8,4.82,,90.0,-1.56,2.34,13.4,8.0,7.0,0.00,ARMED,,17.3
1791212389879,28.580783,77.303561,9.0,PETROL,5.14,20.8,1,1253,60.8,4.78,,90.0,-1.56,2.34,13.4,8.0,8.4,0.78,ARMED,,17.6
1791212391510,28.580823,77.303530,10.0,PETROL,5.37,14.9,1,1431,19.6,5.53,,90.0,-4.69,2.34,13.4,0.0,9.7,1.13,ARMED,,17.3
1791212392469,28.580842,77.303515,9.0,PETROL,7.31,14.9,1,1225,19.6,1.92,,90.0,-4.69,2.34,13.3,0.0,9.0,0.00,ARMED,,13.7
1791212393343,28.580858,77.303502,7.0,PETROL,7.78,21.2,,1085,19.6,2.47,,90.0,-4.69,2.34,13.3,8.6,7.0,0.00,ARMED,,13.3
1791212394990,28.580887,77.303480,7.0,PETROL,7.00,20.8,1,1026,34.1,3.77,,90.0,-5.47,0.00,13.4,8.0,7.0,0.00,ARMED,,16.1
1791212395849,28.580887,77.303480,9.0,PETROL,7.58,20.8,1,1248,34.1,3.42,,90.0,-5.47,0.00,13.4,8.0,9.0,0.00,ARMED,,16.1
1791212396809,28.580907,77.303466,10.0,PETROL,7.49,20.8,1,1418,34.1,4.36,,90.0,-5.47,0.00,13.3,8.0,9.7,0.38,ARMED,,16.5
1791212398459,28.580951,77.303433,11.0,PETROL,7.75,18.0,1,1549,17.6,4.14,,90.0,0.00,0.00,13.3,4.3,10.7,0.74,ARMED,,16.1
1791212399344,28.580971,77.303418,9.0,PETROL,9.14,14.9,1,1315,17.6,2.12,,90.0,0.00,0.00,13.3,0.0,9.0,0.00,ARMED,,14.1
1791212400245,28.580987,77.303407,7.0,PETROL,8.95,14.9,,1091,17.6,2.48,,89.0,0.00,0.00,13.3,0.0,7.0,0.00,ARMED,,13.3
1791212401951,28.581000,77.303395,7.0,PETROL,8.90,16.9,1,967,28.6,2.38,,89.0,-0.78,2.34,13.3,2.7,7.0,0.00,ARMED,,13.3
1791212402815,28.581013,77.303385,6.0,PETROL,7.74,18.8,1,856,28.6,2.92,,89.0,-0.78,2.34,13.3,5.4,6.0,0.00,ARMED,,14.1
1791212403727,28.581025,77.303375,6.0,PETROL,6.44,19.2,1,826,28.6,3.63,,89.0,-0.78,2.34,13.3,5.9,6.0,0.00,ARMED,,15.7
1791212405477,28.581047,77.303358,6.0,PETROL,6.39,19.6,1,802,51.4,2.87,,89.0,-0.78,1.56,13.1,6.4,5.9,-0.03,ARMED,,16.1
1791212406412,28.581060,77.303348,7.0,PETROL,5.52,19.2,1,982,51.4,4.54,,89.0,-0.78,1.56,13.1,5.9,7.0,0.00,ARMED,,16.9
1791212407336,28.581075,77.303336,8.0,PETROL,6.01,14.9,1,1071,51.4,3.58,,89.0,-0.78,1.56,13.1,0.0,7.6,0.32,ARMED,,15.7
1791212408972,28.581100,77.303316,7.0,PETROL,5.96,14.9,1,1054,38.8,3.64,,89.0,-3.13,2.34,13.2,0.0,7.7,0.28,ARMED,,15.7
1791212409914,28.581100,77.303316,2.0,PETROL,5.07,14.9,,834,38.8,2.18,,90.0,-3.13,2.34,13.2,0.0,2.0,0.00,ARMED,,13.3
1791212410793,28.581105,77.303314,1.0,PETROL,3.90,14.9,,738,38.8,2.16,,90.0,-3.13,2.34,13.4,0.0,1.0,0.00,ARMED,,12.9
1791212412469,28.581108,77.303318,0.0,PETROL,,14.9,0,707,27.5,1.92,,90.0,-1.56,2.34,13.4,0.0,0.0,0.00,ARMED,,12.9
1791212413447,28.581109,77.303319,0.0,PETROL,,14.9,0,798,27.5,3.08,,90.0,-1.56,2.34,13.3,0.0,0.0,0.00,ARMED,,14.9
1791212414308,28.581111,77.303317,1.0,PETROL,,14.9,,831,27.5,3.80,,90.0,-1.56,2.34,13.3,0.0,1.0,0.00,ARMED,,12.9
1791212415999,28.581122,77.303308,3.0,PETROL,,18.0,,827,53.7,2.28,,90.0,-3.13,0.78,13.2,4.3,3.0,0.00,ARMED,,13.7
1791212416871,28.581122,77.303308,3.0,PETROL,,14.9,,769,53.7,0.95,,90.0,-3.13,0.78,13.2,0.0,3.0,0.00,ARMED,,12.9
1791212417783,28.581129,77.303303,2.0,PETROL,,14.9,,706,53.7,1.44,,90.0,-3.13,0.78,13.4,0.0,2.0,0.00,ARMED,,13.3
1791212419468,28.581134,77.303301,1.0,PETROL,,14.9,,713,27.1,1.39,,90.0,1.56,2.34,13.4,0.0,1.0,0.00,ARMED,,12.9
1791212420454,28.581135,77.303301,0.0,PETROL,,18.4,0,702,27.1,1.44,,90.0,1.56,2.34,13.4,4.8,0.0,0.00,ARMED,,12.9
1791212421344,28.581136,77.303301,0.0,PETROL,,14.9,0,804,27.1,4.55,,90.0,1.56,2.34,13.4,0.0,0.0,0.00,ARMED,,15.7
1791212423020,28.581140,77.303298,1.0,PETROL,,14.9,,850,43.1,3.02,,90.0,-3.91,2.34,13.4,0.0,1.0,0.00,ARMED,,15.3
1791212423952,28.581140,77.303298,0.0,PETROL,,15.7,0,833,43.1,5.35,,90.0,-3.91,2.34,13.4,1.1,0.0,0.00,ARMED,,16.9
1791212424848,28.581140,77.303298,0.0,PETROL,,14.9,0,868,43.1,2.60,,90.0,-3.91,2.34,13.1,0.0,0.0,0.00,ARMED,,15.3
1791212426564,28.581141,77.303298,0.0,PETROL,,18.8,0,841,46.7,2.76,,90.0,0.78,2.34,13.1,5.4,0.0,0.00,ARMED,,15.7
1791212427531,28.581142,77.303298,0.0,PETROL,,20.0,0,856,46.7,4.84,,90.0,0.78,2.34,13.3,7.0,0.0,0.00,ARMED,,17.6
1791212428454,28.581142,77.303299,0.0,PETROL,,20.8,0,1035,46.7,3.43,,90.0,0.78,2.34,13.3,8.0,0.0,0.00,ARMED,,16.1
1791212430125,28.581147,77.303297,0.0,PETROL,,14.9,0,1097,26.3,3.79,,90.0,-2.34,2.34,13.3,0.0,0.0,0.00,ARMED,,15.3
1791212430992,28.581151,77.303296,2.0,PETROL,,14.9,,856,26.3,2.20,,90.0,-2.34,2.34,13.3,0.0,2.0,0.00,ARMED,,13.3
1791212431876,28.581151,77.303296,1.0,PETROL,,20.4,,808,26.3,2.87,,90.0,-2.34,2.34,13.4,7.5,1.0,0.00,ARMED,,15.3
1791212433516,28.581164,77.303288,3.0,PETROL,,19.6,,814,39.2,3.73,,90.0,-1.56,0.00,13.4,6.4,3.0,0.00,ARMED,,17.6
1791212434512,28.581176,77.303279,6.0,PETROL,3.46,19.6,1,833,39.2,2.67,,90.0,-1.56,0.00,13.4,6.4,6.0,0.00,ARMED,,14.5
1791212435415,28.581190,77.303267,7.0,PETROL,5.37,19.6,1,991,39.2,2.39,,90.0,-1.56,0.00,13.4,6.4,6.7,0.39,ARMED,,14.9
1791212437124,28.581222,77.303241,8.0,PETROL,6.74,19.6,1,1107,30.6,2.71,,90.0,3.91,-1.56,13.5,6.4,7.7,0.76,ARMED,,14.9
1791212438019,28.581240,77.303227,9.0,PETROL,6.58,19.6,1,1232,30.6,4.16,,91.0,3.91,-1.56,13.5,6.4,9.0,0.00,ARMED,,16.5
1791212438999,28.581257,77.303214,9.0,PETROL,7.16,14.9,1,1243,30.6,3.34,,91.0,3.91,-1.56,13.3,0.0,9.0,0.00,ARMED,,15.3
1791212440920,28.581274,77.303201,9.0,PETROL,7.27,14.9,1,1092,39.2,3.72,,90.0,-3.13,2.34,13.1,0.0,8.3,-0.41,ARMED,,15.7
1791212441886,28.581290,77.303187,8.0,PETROL,7.15,18.4,,844,39.2,3.52,,90.0,-3.13,2.34,12.5,4.8,8.0,0.00,ARMED,,15.3
1791212442850,28.581306,77.303174,8.0,PETROL,6.75,20.0,,598,39.2,3.94,,90.0,-3.13,2.34,12.5,7.0,8.0,0.00,ARMED,,16.9
1791212444552,28.581343,77.303143,9.0,PETROL,6.63,14.9,,665,22.0,4.33,,90.0,-4.69,2.34,13.1,0.0,9.0,0.00,ARMED,,16.9
1791212445442,28.581357,77.303130,6.0,PETROL,7.83,21.6,1,733,22.0,1.47,,90.0,-4.69,2.34,13.1,9.1,6.0,0.00,ARMED,,12.9
1791212446318,28.581369,77.303120,6.0,PETROL,5.63,21.6,,950,22.0,5.07,,90.0,-4.69,2.34,13.5,9.1,6.0,0.00,ARMED,,16.9
1791212447923,28.581383,77.303108,8.0,PETROL,5.94,21.6,1,1132,22.7,3.96,,91.0,-3.91,0.00,13.5,9.1,8.0,0.00,ARMED,,16.9
1791212448867,28.581403,77.303095,10.0,PETROL,9.71,18.8,2,800,22.7,0.98,,91.0,-3.91,0.00,13.2,5.4,10.0,0.00,ARMED,,12.5
1791212449726,28.581425,77.303081,10.0,PETROL,11.27,18.8,2,772,22.7,2.24,,90.0,-3.91,0.00,13.2,5.4,10.0,0.00,ARMED,,13.7
1791212451380,28.581466,77.303048,10.0,PETROL,11.51,18.4,2,775,24.3,2.51,,90.0,1.56,0.78,13.4,4.8,10.0,0.00,ARMED,,13.3
1791212452320,28.581487,77.303032,10.0,PETROL,12.88,14.9,2,721,24.3,1.92,,91.0,1.56,0.78,13.4,0.0,10.0,0.00,ARMED,,12.9
1791212453230,28.581502,77.303020,7.0,PETROL,11.56,14.9,,709,24.3,2.18,,91.0,1.56,0.78,13.3,0.0,7.0,0.00,ARMED,,12.9
1791212454940,28.581513,77.303011,3.0,PETROL,10.98,14.9,,704,35.7,0.98,,90.0,0.78,2.34,13.3,0.0,3.0,0.00,ARMED,,12.5
1791212455842,28.581516,77.303009,3.0,PETROL,6.45,14.9,,775,35.7,3.17,,90.0,0.78,2.34,12.9,0.0,3.0,0.00,ARMED,,14.5
1791212456702,28.581520,77.303006,2.0,PETROL,4.56,14.9,,789,35.7,2.72,,90.0,0.78,2.34,12.9,0.0,2.0,0.00,ARMED,,14.9
1791212458370,28.581523,77.303004,1.0,PETROL,,14.9,,812,40.0,3.38,,90.0,-3.91,2.34,13.4,0.0,1.0,0.00,ARMED,,15.3
1791212459246,28.581521,77.303006,0.0,PETROL,,14.9,0,837,40.0,3.68,,90.0,-3.91,2.34,13.4,0.0,0.0,0.00,ARMED,,15.7
1791212460210,28.581520,77.303007,0.0,PETROL,,14.9,0,847,40.0,2.94,,90.0,-3.91,2.34,13.4,0.0,0.0,0.00,ARMED,,15.7
1791212461852,28.581520,77.303009,0.0,PETROL,,14.9,0,851,42.7,2.85,,90.0,-2.34,2.34,13.4,0.0,0.0,0.00,ARMED,,15.3
1791212462813,28.581521,77.303009,0.0,PETROL,,14.9,0,845,42.7,3.43,,90.0,-2.34,2.34,13.4,0.0,0.0,0.00,ARMED,,15.3
1791212463721,28.581521,77.303009,0.0,PETROL,,14.9,0,841,42.7,1.50,,90.0,-2.34,2.34,13.4,0.0,0.0,0.00,ARMED,,13.3
1791212465348,28.581519,77.303011,0.0,PETROL,,14.9,0,762,26.7,1.81,,90.0,7.03,2.34,13.5,0.0,0.0,0.00,ARMED,,13.3
1791212466221,28.581520,77.303012,0.0,PETROL,,14.9,0,728,26.7,2.21,,91.0,7.03,2.34,13.5,0.0,0.0,0.00,ARMED,,12.9
1791212467112,28.581520,77.303013,0.0,PETROL,,14.9,0,715,26.7,1.95,,91.0,7.03,2.34,13.4,0.0,0.0,0.00,ARMED,,12.9
1791212468810,28.581521,77.303014,0.0,PETROL,,14.9,0,700,27.8,1.76,,91.0,-2.34,2.34,13.4,0.0,0.0,0.00,ARMED,,12.9
1791212469697,28.581521,77.303014,0.0,PETROL,,14.9,0,692,27.8,1.21,,91.0,-2.34,2.34,13.5,0.0,0.0,0.00,ARMED,,12.9
1791212470626,28.581522,77.303014,0.0,PETROL,,14.9,0,716,27.8,1.96,,91.0,-2.34,2.34,13.5,0.0,0.0,0.00,ARMED,,14.1
1791212472280,28.581525,77.303015,0.0,PETROL,,14.9,0,777,69.0,3.38,,91.0,-5.47,2.34,13.4,0.0,0.0,0.00,ARMED,,15.3
1791212473185,28.581526,77.303015,0.0,PETROL,,14.9,0,1292,69.0,2.95,,91.0,-5.47,2.34,13.4,0.0,0.0,0.00,ARMED,,16.1
1791212474107,28.581527,77.303015,2.0,PETROL,,17.3,,1066,69.0,3.42,,91.0,-5.47,2.34,13.0,3.2,2.0,0.00,ARMED,,16.1
1791212475931,28.581527,77.303015,3.0,PETROL,,16.9,,803,43.9,3.03,,90.0,-2.34,2.34,13.2,2.7,3.0,0.00,ARMED,,17.3
1791212476856,28.581528,77.303015,6.0,PETROL,3.59,18.8,1,844,43.9,2.81,,90.0,-2.34,2.34,13.2,5.4,6.0,0.00,ARMED,,15.7
1791212477756,28.581530,77.303015,6.0,PETROL,5.52,19.6,1,860,43.9,1.79,,90.0,-2.34,2.34,13.2,6.4,6.0,0.00,ARMED,,13.3
1791212479451,28.581557,77.303004,7.0,PETROL,5.80,20.4,1,934,40.8,3.36,,90.0,3.91,0.00,13.4,7.5,6.7,0.37,ARMED,,15.3
1791212480322,28.581587,77.302988,8.0,PETROL,5.75,21.2,1,1138,40.8,4.11,,91.0,3.91,0.00,13.4,8.6,8.0,0.00,ARMED,,16.5
1791212481292,28.581616,77.302971,10.0,PETROL,5.97,21.2,1,1361,40.8,4.73,,91.0,3.91,0.00,13.5,8.6,9.4,0.77,ARMED,,16.9
1791212482909,28.581650,77.302953,11.0,PETROL,11.51,15.7,1,1594,19.6,4.72,,90.0,0.00,0.00,13.5,1.1,11.2,1.39,ARMED,,16.9
1791212483907,28.581673,77.302929,11.0,PETROL,13.35,14.9,2,848,19.6,2.01,,90.0,0.00,0.00,13.3,0.0,11.0,0.00,ARMED,,12.9
1791212484771,28.581696,77.302907,11.0,PETROL,10.36,20.0,2,730,19.6,4.20,,90.0,0.00,0.00,13.3,7.0,11.0,0.00,ARMED,,15.7
1791212486454,28.581746,77.302871,11.0,PETROL,12.17,20.0,2,810,21.2,2.09,,90.0,-3.13,2.34,13.4,7.0,11.0,0.00,ARMED,,14.5
1791212487395,28.581768,77.302852,11.0,PETROL,13.64,14.9,2,823,21.2,2.04,,90.0,-3.13,2.34,13.4,0.0,11.0,0.00,ARMED,,12.9
1791212488312,28.581789,77.302835,10.0,PETROL,12.93,14.9,2,746,21.2,2.57,,90.0,-3.13,2.34,13.2,0.0,10.3,-0.38,ARMED,,14.1
1791212489966,28.581824,77.302802,9.0,PETROL,13.17,14.9,,637,47.5,2.06,,90.0,-4.69,2.34,13.2,0.0,9.0,0.00,ARMED,,14.1
1791212490862,28.581824,77.302802,10.0,PETROL,12.94,20.0,2,722,47.5,2.47,,90.0,-4.69,2.34,13.4,7.0,10.0,0.00,ARMED,,15.3
1791212491715,28.581843,77.302784,10.0,PETROL,10.28,18.0,2,732,47.5,3.96,,90.0,-4.69,2.34,13.4,4.3,10.0,0.00,ARMED,,16.9
1791212493326,28.581884,77.302749,11.0,PETROL,11.39,14.9,2,810,41.2,2.63,,90.0,-7.03,2.34,13.3,0.0,10.6,0.37,ARMED,,14.9
1791212494267,28.581903,77.302732,10.0,PETROL,11.49,14.9,2,837,41.2,2.74,,90.0,-7.03,2.34,13.3,0.0,10.0,0.00,ARMED,,15.3
1791212495225,28.581920,77.302718,8.0,PETROL,10.73,18.8,,837,41.2,2.68,,90.0,-7.03,2.34,12.9,5.4,8.0,0.00,ARMED,,16.1
1791212496863,28.581937,77.302703,9.0,PETROL,10.53,22.4,,665,92.9,2.50,,90.0,3.91,3.13,12.9,10.2,9.0,0.00,ARMED,,14.9
1791212497788,28.581957,77.302687,11.0,PETROL,12.64,14.9,2,787,92.9,1.85,,90.0,3.91,3.13,13.4,0.0,11.0,0.00,ARMED,,12.5
1791212498671,28.581981,77.302667,11.0,PETROL,13.03,20.0,2,835,92.9,2.30,,90.0,3.91,3.13,13.4,7.0,11.0,0.00,ARMED,,14.5
1791212500371,28.582035,77.302627,12.0,PETROL,13.13,20.0,2,868,31.4,2.82,,90.0,-1.56,-0.78,13.3,7.0,11.7,0.38,ARMED,,14.9
1791212501231,28.582061,77.302609,12.0,PETROL,12.50,20.0,2,912,31.4,3.19,,91.0,-1.56,-0.78,13.3,7.0,12.0,0.00,ARMED,,14.9
1791212502098,28.582089,77.302589,13.0,PETROL,14.11,20.0,2,939,31.4,2.38,,91.0,-1.56,-0.78,13.5,7.0,12.7,0.37,ARMED,,14.9
1791212503787,28.582116,77.302569,13.0,PETROL,14.99,14.9,2,972,29.4,2.32,,90.0,1.56,2.34,13.5,0.0,13.3,0.54,ARMED,,14.5
1791212504670,28.582142,77.302550,11.0,PETROL,13.84,14.9,2,793,29.4,2.63,,90.0,1.56,2.34,13.2,0.0,11.0,0.00,ARMED,,14.5
1791212505551,28.582164,77.302533,10.0,PETROL,8.97,19.6,2,803,29.4,5.31,,90.0,1.56,2.34,13.2,6.4,11.1,0.01,ARMED,,16.9
1791212507240,28.582207,77.302502,10.0,PETROL,9.90,14.9,2,755,40.8,2.60,,90.0,-4.69,2.34,13.0,0.0,10.6,-0.24,ARMED,,15.7
1791212508120,28.582223,77.302489,8.0,PETROL,8.63,15.3,,837,40.8,3.63,,90.0,-4.69,2.34,13.0,0.5,8.0,0.00,ARMED,,15.7
1791212509040,28.582237,77.302479,7.0,PETROL,8.16,18.4,,842,40.8,2.97,,90.0,-4.69,2.34,12.6,4.8,7.0,0.00,ARMED,,15.3
1791212510818,28.582252,77.302467,8.0,PETROL,7.69,14.9,,633,41.6,3.54,,91.0,-4.69,2.34,13.2,0.0,8.0,0.00,ARMED,,14.5
1791212511863,28.582268,77.302454,7.0,PETROL,10.07,14.9,,818,41.6,0.97,,91.0,-4.69,2.34,13.3,0.0,7.0,0.00,ARMED,,12.5
1791212512785,28.582282,77.302443,6.0,PETROL,10.19,14.9,1,748,41.6,1.79,,91.0,-4.69,2.34,13.3,0.0,6.0,0.00,ARMED,,12.9
1791212514473,28.582302,77.302428,4.0,PETROL,8.10,14.9,,733,24.7,2.14,,91.0,6.25,2.34,13.3,0.0,4.0,0.00,ARMED,,12.5
1791212515352,28.582301,77.302427,1.0,PETROL,5.26,14.9,,704,24.7,2.17,,91.0,6.25,2.34,13.3,0.0,1.0,0.00,ARMED,,12.5
1791212516312,28.582300,77.302426,0.0,PETROL,,20.0,0,710,24.7,5.24,,91.0,6.25,2.34,13.2,7.0,0.0,0.00,ARMED,,16.1
1791212517997,28.582300,77.302427,0.0,PETROL,,20.0,0,870,39.6,2.35,,91.0,-0.78,0.00,13.2,7.0,0.0,0.00,ARMED,,12.9
1791212518910,28.582300,77.302427,1.0,PETROL,,18.8,,746,39.6,0.83,,91.0,-0.78,0.00,13.1,5.4,1.0,0.00,ARMED,,12.5
1791212519824,28.582303,77.302423,2.0,PETROL,,19.2,,695,39.6,3.08,,91.0,-0.78,0.00,13.1,5.9,2.0,0.00,ARMED,,14.1
1791212521450,28.582314,77.302415,3.0,PETROL,,19.2,,591,53.3,3.69,,91.0,0.78,2.34,13.5,5.9,3.0,0.00,ARMED,,15.3
1791212522391,28.582322,77.302408,4.0,PETROL,,20.8,,945,53.3,6.19,,91.0,0.78,2.34,13.5,8.0,4.0,0.00,ARMED,,18.4
1791212523297,28.582333,77.302399,6.0,PETROL,3.35,14.9,1,734,53.3,2.72,,91.0,0.78,2.34,12.7,0.0,6.0,0.00,ARMED,,10.6
1791212524983,28.582364,77.302374,7.0,PETROL,5.39,18.4,,759,32.5,1.89,,91.0,-3.13,-0.78,12.7,4.8,7.0,0.00,ARMED,,13.3
1791212525880,28.582364,77.302374,7.0,PETROL,7.22,14.9,,525,32.5,1.89,,91.0,-3.13,-0.78,12.4,0.0,7.0,0.00,ARMED,,12.5
1791212526760,28.582379,77.302363,8.0,PETROL,13.68,14.9,,623,32.5,0.00,,91.0,-3.13,-0.78,12.4,0.0,8.0,0.00,ARMED,,12.9
1791212528425,28.582408,77.302341,7.0,PETROL,12.02,14.9,,830,51.0,2.05,,91.0,0.78,0.78,13.0,0.0,7.0,0.00,ARMED,,13.3
1791212529312,28.582422,77.302330,7.0,PETROL,7.89,20.0,,803,51.0,4.00,,91.0,0.78,0.78,13.0,7.0,7.0,0.00,ARMED,,15.7
1791212530183,28.582438,77.302317,8.0,PETROL,7.26,14.9,,620,51.0,3.64,,91.0,0.78,0.78,13.3,0.0,8.0,0.00,ARMED,,15.3
1791212531822,28.582456,77.302302,8.0,PETROL,8.20,14.9,,817,42.4,2.56,,91.0,-7.03,2.34,13.3,0.0,8.0,0.00,ARMED,,15.3
1791212532755,28.582473,77.302289,8.0,PETROL,7.57,20.0,,843,42.4,3.74,,91.0,-7.03,2.34,13.1,7.0,8.0,0.00,ARMED,,15.7
1791212533647,28.582490,77.302278,7.0,PETROL,6.15,19.6,1,862,42.4,4.77,,91.0,-7.03,2.34,13.1,6.4,7.0,0.00,ARMED,,16.9
1791212535419,28.582522,77.302255,8.0,PETROL,7.10,18.8,,798,43.1,2.71,,91.0,-1.56,0.78,12.6,5.4,8.0,0.00,ARMED,,15.3
1791212536282,28.582540,77.302245,8.0,PETROL,8.48,16.5,,620,43.1,2.08,,91.0,-1.56,0.78,12.6,2.1,8.0,0.00,ARMED,,16.1
1791212537191,28.582558,77.302234,8.0,PETROL,8.45,16.1,,628,43.1,2.92,,91.0,-1.56,0.78,12.6,1.6,8.0,0.00,ARMED,,15.7
1791212538817,28.582577,77.302222,9.0,PETROL,8.75,14.9,,650,25.5,3.05,,91.0,-4.69,2.34,12.6,0.0,9.0,0.00,ARMED,,15.7
1791212539719,28.582597,77.302208,9.0,PETROL,6.66,22.4,2,744,25.5,5.61,,91.0,-4.69,2.34,13.2,10.2,9.0,0.00,ARMED,,19.6
1791212540622,28.582616,77.302194,10.0,PETROL,9.77,14.9,,986,25.5,1.27,,91.0,-4.69,2.34,13.2,0.0,10.0,0.00,ARMED,,11.0
1791212542329,28.582660,77.302157,11.0,PETROL,13.47,14.9,2,756,25.5,1.25,,91.0,2.34,2.34,13.3,0.0,11.0,0.00,ARMED,,12.5
1791212543275,28.582679,77.302142,9.0,PETROL,7.64,20.4,2,710,25.5,5.87,,91.0,2.34,2.34,13.3,7.5,9.0,0.00,ARMED,,16.9
1791212544239,28.582700,77.302126,10.0,PETROL,10.38,14.9,2,706,25.5,1.36,,91.0,2.34,2.34,13.3,0.0,9.7,0.39,ARMED,,12.9
1791212546022,28.582739,77.302098,9.0,PETROL,10.94,14.9,,686,36.9,2.25,,91.0,-0.78,2.34,13.0,0.0,9.0,0.00,ARMED,,12.9
1791212546928,28.582739,77.302098,8.0,PETROL,10.69,14.9,,776,36.9,2.33,,91.0,-0.78,2.34,13.3,0.0,8.0,0.00,ARMED,,14.9
1791212547790,28.582757,77.302083,8.0,PETROL,8.88,14.9,,805,36.9,3.46,,91.0,-0.78,2.34,13.3,0.0,8.0,0.00,ARMED,,15.3
1791212549555,28.582785,77.302064,6.0,PETROL,7.46,14.9,1,819,39.6,3.33,,91.0,-3.91,2.34,13.4,0.0,6.0,0.00,ARMED,,15.3
1791212550453,28.582794,77.302058,4.0,PETROL,3.38,23.1,,855,39.6,9.29,,91.0,-3.91,2.34,13.4,11.2,4.0,0.00,ARMED,,22.7
1791212551350,28.582803,77.302052,5.0,PETROL,3.86,14.9,,1448,39.6,2.96,,91.0,-3.91,2.34,13.4,0.0,5.0,0.00,ARMED,,17.3
1791212552956,28.582813,77.302044,5.0,PETROL,3.24,21.6,,1035,60.8,6.18,,91.0,-4.69,1.56,13.4,9.1,5.0,0.00,ARMED,,18.8
1791212553929,28.582828,77.302035,9.0,PETROL,4.44,18.4,,638,60.8,4.24,,91.0,-4.69,1.56,13.3,4.8,9.0,0.00,ARMED,,15.7
1791212554834,28.582847,77.302022,9.0,PETROL,6.63,17.3,2,708,60.8,1.86,,91.0,-4.69,1.56,13.3,3.2,9.0,0.00,ARMED,,12.9
1791212556543,28.582888,77.301992,9.0,PETROL,8.91,17.6,,682,39.6,1.76,,91.0,-2.34,0.00,13.3,3.7,9.0,0.00,ARMED,,12.9
1791212557467,28.582906,77.301978,9.0,PETROL,8.85,20.0,,669,39.6,3.20,,91.0,-2.34,0.00,13.3,7.0,9.0,0.00,ARMED,,14.9
1791212558377,28.582926,77.301963,10.0,PETROL,10.86,18.8,2,707,39.6,2.03,,91.0,-2.34,0.00,13.3,5.4,10.0,0.00,ARMED,,13.3
1791212560053,28.582967,77.301934,10.0,PETROL,13.45,18.0,2,724,25.1,1.49,,91.0,0.00,2.34,13.3,4.3,10.0,0.00,ARMED,,13.3
1791212560930,28.582967,77.301934,9.0,PETROL,13.69,14.9,2,709,25.1,1.90,,91.0,0.00,2.34,13.2,0.0,9.0,0.00,ARMED,,12.5
1791212561774,28.582986,77.301920,9.0,PETROL,14.55,14.9,2,702,25.1,1.66,,91.0,0.00,2.34,13.2,0.0,9.0,0.00,ARMED,,12.5
1791212563432,28.583016,77.301896,8.0,PETROL,13.52,14.9,,764,39.2,2.05,,91.0,-3.91,2.34,13.4,0.0,8.0,0.00,ARMED,,14.9
1791212564378,28.583026,77.301889,7.0,PETROL,11.45,14.9,,809,39.2,2.43,,91.0,-3.91,2.34,13.4,0.0,7.0,0.00,ARMED,,16.5
1791212565320,28.583038,77.301880,7.0,PETROL,8.69,19.6,,829,39.2,3.52,,91.0,-3.91,2.34,12.9,6.4,7.0,0.00,ARMED,,15.3
1791212567064,28.583067,77.301858,7.0,PETROL,7.35,19.2,,801,38.4,3.63,,91.0,0.00,0.00,12.9,5.9,7.0,0.00,ARMED,,15.3
1791212567952,28.583084,77.301843,8.0,PETROL,9.83,14.9,,765,38.4,1.32,,91.0,0.00,0.00,13.2,0.0,8.0,0.00,ARMED,,13.3
1791212568868,28.583084,77.301843,8.0,PETROL,9.01,16.1,,825,38.4,3.02,,91.0,0.00,0.00,13.2,1.6,8.0,0.00,ARMED,,16.9
1791212570587,28.583113,77.301818,8.0,PETROL,9.21,14.9,,615,40.8,2.64,,91.0,-5.47,2.34,13.4,0.0,8.0,0.00,ARMED,,15.3
1791212571477,28.583126,77.301807,7.0,PETROL,6.57,14.9,,836,40.8,4.96,,91.0,-5.47,2.34,13.4,0.0,7.0,0.00,ARMED,,17.3
1791212572429,28.583141,77.301794,8.0,PETROL,7.78,14.9,,601,40.8,2.39,,91.0,-5.47,2.34,12.6,0.0,8.0,0.00,ARMED,,15.3
1791212574064,28.583172,77.301764,9.0,PETROL,10.38,14.9,,639,31.4,1.54,,91.0,-4.69,2.34,12.6,0.0,9.0,0.00,ARMED,,12.9
1791212574954,28.583172,77.301764,9.0,PETROL,11.93,19.6,,654,31.4,1.87,,91.0,-4.69,2.34,13.5,6.4,9.0,0.00,ARMED,,13.7
1791212575835,28.583194,77.301749,9.0,PETROL,10.33,20.0,,668,31.4,3.23,,91.0,-4.69,2.34,13.5,7.0,9.0,0.00,ARMED,,14.9
1791212577495,28.583236,77.301718,10.0,PETROL,11.75,20.0,2,712,41.6,2.16,,91.0,-1.56,0.00,13.3,7.0,10.0,0.00,ARMED,,14.5
1791212578390,28.583260,77.301702,11.0,PETROL,12.58,20.0,2,781,41.6,2.46,,91.0,-1.56,0.00,13.3,7.0,11.0,0.00,ARMED,,14.9
1791212579320,28.583284,77.301684,11.0,PETROL,11.72,20.0,2,813,41.6,3.17,,91.0,-1.56,0.00,13.4,7.0,11.0,0.00,ARMED,,14.5
1791212581120,28.583335,77.301649,11.0,PETROL,11.59,20.0,2,848,36.5,2.89,,91.0,1.56,0.00,13.3,7.0,11.3,0.17,ARMED,,14.9
1791212581990,28.583362,77.301629,12.0,PETROL,11.46,20.0,2,913,36.5,3.18,,91.0,1.56,0.00,13.4,7.0,12.0,0.00,ARMED,,17.6
1791212582902,28.583362,77.301629,13.0,PETROL,11.50,20.0,2,959,36.5,3.37,,90.0,1.56,0.00,13.4,7.0,12.7,0.37,ARMED,,16.5
1791212584549,28.583417,77.301588,13.0,PETROL,11.67,20.0,2,976,48.6,3.35,,90.0,-1.56,0.78,13.3,7.0,13.1,0.40,ARMED,,17.6
1791212585507,28.583445,77.301567,14.0,PETROL,11.14,18.8,2,1010,48.6,4.08,,90.0,-1.56,0.78,13.3,5.4,14.0,0.00,ARMED,,16.5
1791212586447,28.583473,77.301548,14.0,PETROL,11.53,14.9,2,1011,48.6,3.54,,90.0,-1.56,0.78,13.2,0.0,13.8,-0.07,ARMED,,15.3
1791212588140,28.583522,77.301510,13.0,PETROL,12.78,14.9,,839,39.2,2.60,,90.0,-3.13,2.34,13.2,0.0,13.0,0.00,ARMED,,15.3
1791212589110,28.583543,77.301493,10.0,PETROL,11.49,18.4,2,835,39.2,3.20,,90.0,-3.13,2.34,13.0,4.8,10.0,0.00,ARMED,,14.9
1791212589974,28.583562,77.301478,10.0,PETROL,13.92,14.9,2,741,39.2,1.37,,90.0,-3.13,2.34,13.0,0.0,10.0,0.00,ARMED,,12.5
1791212591702,28.583580,77.301464,10.0,PETROL,14.06,14.9,2,755,40.0,1.96,,90.0,9.38,-0.78,13.3,0.0,10.0,0.00,ARMED,,12.9
1791212592594,28.583599,77.301451,10.0,PETROL,11.72,19.6,2,710,40.0,3.03,,90.0,9.38,-0.78,13.3,6.4,10.0,0.00,ARMED,,14.5
1791212593555,28.583619,77.301437,10.0,PETROL,12.69,14.9,2,721,40.0,1.92,,90.0,9.38,-0.78,13.4,0.0,10.0,0.00,ARMED,,12.9
1791212595234,28.583656,77.301413,9.0,PETROL,15.14,14.9,2,711,25.1,1.14,,90.0,3.91,2.34,13.4,0.0,9.9,-0.04,ARMED,,12.9
1791212596144,28.583667,77.301406,5.0,PETROL,12.61,21.2,1,716,25.1,1.69,,90.0,3.91,2.34,13.5,8.6,5.0,0.00,ARMED,,16.1
1791212597053,28.583679,77.301398,6.0,PETROL,7.17,20.4,1,861,25.1,4.43,,90.0,3.91,2.34,13.5,7.5,5.7,0.39,ARMED,,17.3
1791212598758,28.583695,77.301388,7.0,PETROL,6.34,14.9,1,1030,36.1,4.14,,90.0,-7.03,2.34,13.2,0.0,6.7,0.76,ARMED,,17.3
1791212599626,28.583712,77.301377,7.0,PETROL,7.31,14.9,1,852,36.1,2.35,,90.0,-7.03,2.34,13.2,0.0,7.0,0.00,ARMED,,14.9
1791212600592,28.583726,77.301367,6.0,PETROL,4.11,21.6,1,843,36.1,8.26,,90.0,-7.03,2.34,13.2,9.1,6.3,-0.39,ARMED,,20.8
1791212602258,28.583752,77.301348,6.0,PETROL,3.63,14.9,,1169,42.7,6.39,,90.0,-8.59,2.34,13.2,0.0,6.0,0.00,ARMED,,18.8
1791212603150,28.583767,77.301337,7.0,PETROL,4.56,18.0,1,965,42.7,3.23,,90.0,-8.59,2.34,12.6,4.3,7.0,0.00,ARMED,,15.7
1791212604081,28.583782,77.301324,7.0,PETROL,6.44,14.9,,543,42.7,1.47,,90.0,-8.59,2.34,12.6,0.0,7.0,0.00,ARMED,,11.8
1791212605723,28.583795,77.301313,6.0,PETROL,7.37,14.9,1,733,25.1,1.77,,90.0,3.13,2.34,13.3,0.0,6.0,0.00,ARMED,,12.9
1791212606636,28.583805,77.301305,4.0,PETROL,4.92,20.0,,722,25.1,4.24,,90.0,3.13,2.34,13.3,7.0,4.0,0.00,ARMED,,16.1
1791212607588,28.583814,77.301298,4.0,PETROL,5.09,23.9,,798,25.1,2.10,,90.0,3.13,2.34,13.4,12.3,4.0,0.00,ARMED,,17.3
1791212609247,28.583831,77.301282,4.0,PETROL,3.22,14.9,,1066,27.8,6.24,,90.0,0.00,1.56,13.4,0.0,4.0,0.00,ARMED,,18.0
1791212610146,28.583840,77.301272,6.0,PETROL,4.88,14.9,1,813,27.8,1.53,,90.0,0.00,1.56,12.9,0.0,6.0,0.00,ARMED,,14.1
1791212610998,28.583851,77.301261,6.0,PETROL,4.49,20.4,,685,27.8,4.41,,90.0,0.00,1.56,12.9,7.5,6.0,0.00,ARMED,,16.1
1791212612768,28.583865,77.301249,7.0,PETROL,5.67,14.9,,619,28.2,2.60,,90.0,-2.34,2.34,13.3,0.0,7.0,0.00,ARMED,,13.7
1791212613658,28.583879,77.301236,6.0,PETROL,6.91,14.9,,704,28.2,1.76,,90.0,-2.34,2.34,13.3,0.0,6.0,0.00,ARMED,,12.9
1791212614534,28.583890,77.301227,5.0,PETROL,3.63,23.5,1,709,28.2,7.80,,90.0,-2.34,2.34,13.6,11.8,5.0,0.00,ARMED,,20.4
1791212616282,28.583915,77.301208,6.0,PETROL,5.03,14.9,,1143,52.2,1.84,,90.0,-10.16,0.78,12.5,0.0,6.0,0.00,ARMED,,14.5
1791212617255,28.583929,77.301197,8.0,PETROL,7.40,20.0,,548,52.2,1.77,,90.0,-10.16,0.78,12.3,7.0,8.0,0.00,ARMED,,14.1
1791212618232,28.583947,77.301184,9.0,PETROL,9.61,20.0,,634,52.2,2.10,,90.0,-10.16,0.78,12.3,7.0,9.0,0.00,ARMED,,14.9
1791212619930,28.583967,77.301168,9.0,PETROL,10.26,20.0,,684,57.3,2.46,,90.0,-2.34,1.56,12.9,7.0,9.0,0.00,ARMED,,17.3
1791212620832,28.583987,77.301151,10.0,PETROL,8.88,20.0,2,748,57.3,4.02,,90.0,-2.34,1.56,12.9,7.0,10.0,0.00,ARMED,,16.5
1791212621864,28.584009,77.301133,11.0,PETROL,9.20,20.0,2,781,57.3,3.51,,90.0,-2.34,1.56,13.0,7.0,11.0,0.00,ARMED,,16.5
1791212623528,28.584056,77.301094,11.0,PETROL,8.07,20.4,2,838,58.0,4.94,,90.0,-4.69,2.34,13.0,7.5,11.0,0.00,ARMED,,16.9
1791212624384,28.584081,77.301072,13.0,PETROL,8.58,20.4,2,928,58.0,4.37,,90.0,-4.69,2.34,13.4,7.5,13.0,0.00,ARMED,,16.9
1791212625260,28.584106,77.301049,13.0,PETROL,8.35,20.4,2,963,58.0,5.02,,91.0,-4.69,2.34,13.4,7.5,13.0,0.00,ARMED,,16.9
1791212626930,28.584133,77.301026,13.0,PETROL,8.76,20.4,2,999,51.8,4.24,,91.0,-2.34,1.56,13.4,7.5,13.3,0.17,ARMED,,16.9
1791212627796,28.584161,77.301002,14.0,PETROL,10.64,20.4,2,1058,51.8,2.88,,90.0,-2.34,1.56,13.4,7.5,14.0,0.00,ARMED,,15.7
1791212628771,28.584191,77.300978,15.0,PETROL,11.12,20.4,2,1085,51.8,3.89,,90.0,-2.34,1.56,13.4,7.5,14.4,0.24,ARMED,,15.7
1791212630460,28.584253,77.300932,15.0,PETROL,15.35,14.9,2,1123,21.6,1.29,,90.0,7.03,2.34,13.4,0.0,15.0,0.00,ARMED,,11.8
1791212631345,28.584282,77.300910,14.0,PETROL,16.44,14.9,,839,21.6,2.11,,90.0,7.03,2.34,13.0,0.0,14.0,0.00,ARMED,,12.5
1791212632221,28.584307,77.300891,12.0,PETROL,20.08,14.9,,706,21.6,1.01,,90.0,7.03,2.34,13.0,0.0,12.0,0.00,ARMED,,12.5
1791212633921,28.584323,77.300879,7.0,PETROL,15.95,14.9,,701,25.5,2.12,,90.0,-2.34,2.34,13.3,0.0,7.0,0.00,ARMED,,12.9
1791212634783,28.584332,77.300870,4.0,PETROL,7.30,14.9,,699,25.5,5.32,,90.0,-2.34,2.34,13.3,0.0,4.0,0.00,ARMED,,14.9
1791212635747,28.584340,77.300862,5.0,PETROL,7.06,14.9,1,727,25.5,2.33,,90.0,-2.34,2.34,13.0,0.0,5.0,0.00,ARMED,,14.5
1791212637380,28.584356,77.300848,5.0,PETROL,6.77,19.6,,783,52.2,2.45,,90.0,-2.34,1.56,13.0,6.4,5.0,0.00,ARMED,,14.9
1791212638334,28.584365,77.300839,6.0,PETROL,6.06,19.2,1,798,52.2,3.53,,90.0,-2.34,1.56,13.3,5.9,6.0,0.00,ARMED,,15.7
1791212639216,28.584375,77.300828,6.0,PETROL,5.33,20.8,,931,52.2,4.08,,90.0,-2.34,1.56,13.3,8.0,6.0,0.00,ARMED,,16.9
1791212641094,28.584402,77.300805,7.0,PETROL,4.37,20.0,1,980,37.6,6.01,,90.0,-2.34,2.34,13.2,7.0,7.0,0.00,ARMED,,18.0
1791212642226,28.584417,77.300791,8.0,PETROL,4.28,21.6,,899,37.6,5.82,,90.0,-2.34,2.34,13.2,9.1,8.0,0.00,ARMED,,19.6
1791212643450,28.584436,77.300773,11.0,PETROL,5.80,21.2,2,765,37.6,3.80,,90.0,-2.34,2.34,13.4,8.6,11.0,0.00,ARMED,,16.5
1791212645692,28.584482,77.300731,12.0,PETROL,8.53,20.8,2,913,41.2,2.18,,91.0,-3.13,0.00,13.4,8.0,12.0,0.00,ARMED,,13.3
1791212646920,28.584507,77.300707,13.0,PETROL,11.15,19.2,2,998,41.2,2.36,,91.0,-3.13,0.00,13.5,5.9,13.0,0.00,ARMED,,14.5
1791212648010,28.584559,77.300658,14.0,PETROL,14.57,19.2,2,1018,41.2,1.91,,91.0,-3.13,0.00,13.5,5.9,14.0,0.00,ARMED,,14.1
1791212650090,28.584609,77.300606,14.0,PETROL,15.74,17.6,2,1033,21.2,2.18,,91.0,8.59,2.34,13.1,3.7,14.0,0.00,ARMED,,12.9
1791212650988,28.584632,77.300581,13.0,PETROL,17.22,14.9,2,983,21.2,1.78,,90.0,8.59,2.34,13.1,0.0,13.0,0.00,ARMED,,13.3
1791212651952,28.584648,77.300563,10.0,PETROL,20.61,14.9,2,771,21.2,0.82,,90.0,8.59,2.34,13.2,0.0,11.0,-1.14,ARMED,,12.5
1791212653807,28.584659,77.300551,6.0,PETROL,15.68,20.4,,698,52.2,2.00,,90.0,-1.56,0.78,13.4,7.5,6.0,0.00,ARMED,,16.5
1791212654730,28.584670,77.300539,7.0,PETROL,9.44,20.4,1,958,52.2,4.11,,90.0,-1.56,0.78,13.3,7.5,7.0,0.00,ARMED,,16.9
1791212655615,28.584684,77.300524,8.0,PETROL,7.12,19.2,1,1158,52.2,4.79,,90.0,-1.56,0.78,13.3,5.9,7.7,0.38,ARMED,,17.3
1791212657272,28.584716,77.300487,9.0,PETROL,6.96,14.9,1,1225,63.5,4.00,,90.0,-0.78,2.34,13.0,0.0,8.7,0.76,ARMED,,15.7
1791212658166,28.584733,77.300468,10.0,PETROL,10.28,14.9,2,749,63.5,1.12,,90.0,-0.78,2.34,13.0,0.0,10.0,0.00,ARMED,,11.4
1791212659106,28.584750,77.300449,10.0,PETROL,11.41,14.9,,849,63.5,2.23,,90.0,-0.78,2.34,13.2,0.0,10.0,0.00,ARMED,,13.3
1791212660788,28.584759,77.300438,6.0,PETROL,9.73,14.9,1,848,23.5,2.55,,90.0,-3.13,2.34,13.2,0.0,6.0,0.00,ARMED,,14.5
1791212661677,28.584762,77.300434,1.0,PETROL,6.77,14.9,,765,23.5,2.13,,90.0,-3.13,2.34,13.3,0.0,1.0,0.00,ARMED,,12.5
1791212662584,28.584763,77.300433,1.0,PETROL,4.69,20.0,,731,23.5,2.23,,90.0,-3.13,2.34,13.3,7.0,1.0,0.00,ARMED,,15.7
1791212664266,28.584769,77.300424,1.0,PETROL,,20.0,,947,49.8,3.65,,90.0,-1.56,2.34,13.4,7.0,1.0,0.00,ARMED,,15.3
1791212665140,28.584779,77.300412,6.0,PETROL,4.50,20.4,1,843,49.8,2.32,,90.0,-1.56,2.34,13.4,7.5,6.0,0.00,ARMED,,14.9
1791212666035,28.584791,77.300397,7.0,PETROL,5.60,19.2,1,1014,49.8,3.00,,90.0,-1.56,2.34,13.2,5.9,6.7,0.38,ARMED,,15.3
1791212667636,28.584804,77.300381,8.0,PETROL,7.70,14.9,1,1098,21.2,1.83,,90.0,7.81,2.34,13.2,0.0,7.7,0.76,ARMED,,13.7
1791212668555,28.584815,77.300368,5.0,PETROL,7.08,14.9,,870,21.2,2.25,,90.0,7.81,2.34,13.1,0.0,5.0,0.00,ARMED,,12.9
1791212669425,28.584819,77.300362,2.0,PETROL,5.48,14.9,,714,21.2,1.99,,90.0,7.81,2.34,13.1,0.0,2.0,0.00,ARMED,,14.1
1791212671104,28.584822,77.300358,1.0,PETROL,,20.0,,786,55.7,3.50,,90.0,-1.56,2.34,13.2,7.0,1.0,0.00,ARMED,,15.3
1791212672045,28.584825,77.300354,3.0,PETROL,,16.9,,947,55.7,4.23,,90.0,-1.56,2.34,13.2,2.7,3.0,0.00,ARMED,,14.9
1791212672935,28.584825,77.300354,3.0,PETROL,,14.9,,783,55.7,6.19,,90.0,-1.56,2.34,13.2,0.0,3.0,0.00,ARMED,,18.0
1791212674595,28.584837,77.300338,4.0,PETROL,2.27,14.9,,844,46.3,4.57,,90.0,-2.34,2.34,13.2,0.0,4.0,0.00,ARMED,,16.9
1791212675565,28.584845,77.300326,6.0,PETROL,3.43,16.9,1,800,46.3,3.02,,90.0,-2.34,2.34,13.3,2.7,6.0,0.00,ARMED,,15.7
1791212676479,28.584854,77.300313,6.0,PETROL,3.79,20.4,1,821,46.3,4.24,,90.0,-2.34,2.34,13.3,7.5,6.0,0.00,ARMED,,16.1
1791212678255,28.584874,77.300285,6.0,PETROL,3.70,21.2,1,855,74.9,5.05,,90.0,-2.34,3.13,13.4,8.6,6.0,0.00,ARMED,,16.9
1791212679139,28.584887,77.300267,9.0,PETROL,4.05,23.9,1,1307,74.9,6.13,,90.0,-2.34,3.13,13.4,12.3,9.0,0.00,ARMED,,18.8
1791212680040,28.584905,77.300242,12.0,PETROL,4.52,23.9,1,1637,74.9,7.23,,90.0,-2.34,3.13,13.4,12.3,11.0,1.14,ARMED,,19.2
1791212681746,28.584927,77.300212,14.0,PETROL,4.92,23.1,1,1933,16.5,7.69,,90.0,3.13,0.00,13.4,11.2,13.5,1.96,ARMED,,19.2
1791212682654,28.584952,77.300180,14.0,PETROL,7.06,14.9,,1457,16.5,2.85,,90.0,3.13,0.00,13.3,0.0,14.0,0.00,ARMED,,13.7
1791212683540,28.584974,77.300152,12.0,PETROL,9.52,19.6,2,850,16.5,1.75,,90.0,3.13,0.00,13.3,6.4,12.0,0.00,ARMED,,12.9
1791212685199,28.585007,77.300108,11.0,PETROL,10.97,20.8,2,820,60.8,2.25,,90.0,0.00,1.56,13.5,8.0,11.3,-0.38,ARMED,,14.9
1791212686078,28.585023,77.300085,11.0,PETROL,13.10,20.8,2,793,60.8,1.74,,90.0,0.00,1.56,13.5,8.0,11.0,0.00,ARMED,,14.5
1791212687031,28.585037,77.300063,10.0,PETROL,12.82,14.9,2,759,60.8,2.42,,90.0,0.00,1.56,13.1,0.0,10.3,-0.38,ARMED,,13.7
1791212688826,28.585051,77.300042,10.0,PETROL,13.12,14.9,2,786,39.6,2.34,,90.0,-7.03,2.34,13.0,0.0,10.0,0.00,ARMED,,14.9
1791212689720,28.585062,77.300025,7.0,PETROL,5.68,25.1,,845,39.6,8.96,,90.0,-7.03,2.34,13.2,13.9,7.0,0.00,ARMED,,36.5
1791212690637,28.585072,77.300010,8.0,PETROL,5.39,14.9,1,1101,39.6,5.15,,90.0,-7.03,2.34,13.2,0.0,8.0,0.00,ARMED,,14.5
1791212692349,28.585097,77.299973,9.0,PETROL,7.41,14.9,,790,27.8,1.74,,90.0,-4.69,2.34,13.4,0.0,9.0,0.00,ARMED,,13.3
1791212693288,28.585106,77.299960,5.0,PETROL,7.33,23.9,,847,27.8,2.18,,91.0,-4.69,2.34,13.4,12.3,5.0,0.00,ARMED,,12.5
1791212694173,28.585115,77.299948,6.0,PETROL,5.31,14.9,,959,27.8,5.28,,91.0,-4.69,2.34,13.3,0.0,6.0,0.00,ARMED,,12.2
1791212695907,28.585124,77.299931,6.0,PETROL,6.51,22.0,,1052,21.2,1.81,,91.0,-6.25,2.34,13.3,9.6,6.0,0.00,ARMED,,18.4
1791212696786,28.585136,77.299914,6.0,PETROL,7.25,14.9,1,868,21.2,2.14,,91.0,-6.25,2.34,13.1,0.0,6.0,0.00,ARMED,,12.9
1791212697704,28.585147,77.299898,5.0,PETROL,3.91,22.4,1,715,21.2,7.55,,91.0,-6.25,2.34,13.1,10.2,5.3,-0.39,ARMED,,18.8
1791212699344,28.585168,77.299866,7.0,PETROL,5.21,20.4,,1183,33.7,2.53,,91.0,-3.91,-0.78,13.5,7.5,7.0,0.00,ARMED,,15.3
1791212700226,28.585182,77.299846,9.0,PETROL,6.03,21.2,1,1167,33.7,3.98,,91.0,-3.91,-0.78,13.5,8.6,9.0,0.00,ARMED,,16.5
1791212701137,28.585195,77.299824,10.0,PETROL,6.41,14.9,1,1355,33.7,4.64,,91.0,-3.91,-0.78,13.4,0.0,9.7,0.38,ARMED,,14.5
1791212702756,28.585208,77.299804,9.0,PETROL,6.87,14.9,1,1155,37.6,3.64,,91.0,-3.91,2.34,13.4,0.0,9.3,-0.00,ARMED,,15.3
1791212703805,28.585219,77.299793,4.0,PETROL,5.56,23.1,,835,37.6,3.59,,91.0,-3.91,2.34,12.8,11.2,4.0,0.00,ARMED,,15.3
1791212704672,28.585224,77.299788,3.0,PETROL,4.94,14.9,,1080,37.6,2.59,,90.0,-3.91,2.34,12.8,0.0,3.0,0.00,ARMED,,14.9
1791212706402,28.585229,77.299786,2.0,PETROL,3.84,14.9,,996,85.9,3.17,,90.0,-7.81,1.56,13.3,0.0,2.0,0.00,ARMED,,15.7
1791212707275,28.585229,77.299787,1.0,PETROL,,14.9,,1427,85.9,5.66,,90.0,-7.81,1.56,13.3,0.0,1.0,0.00,ARMED,,16.5
1791212708202,28.585228,77.299787,1.0,PETROL,,22.7,,1139,85.9,2.82,,90.0,-7.81,1.56,13.3,10.7,1.0,0.00,ARMED,,15.7
1791212709927,28.585228,77.299786,1.0,PETROL,,14.9,,1191,24.7,2.80,,91.0,-3.13,2.34,13.3,0.0,1.0,0.00,ARMED,,15.7
1791212710863,28.585227,77.299787,0.0,PETROL,,25.9,0,879,24.7,8.95,,91.0,-3.13,2.34,13.4,15.0,0.0,0.00,ARMED,,20.8
1791212711798,28.585229,77.299783,5.0,PETROL,,24.7,,1213,24.7,6.82,,91.0,-3.13,2.34,13.4,13.4,5.0,0.00,ARMED,,19.2
1791212713475,28.585252,77.299744,9.0,PETROL,2.44,24.3,1,1266,41.6,7.00,,91.0,-0.78,1.56,13.5,12.8,9.0,0.00,ARMED,,19.6
1791212714411,28.585270,77.299713,13.0,PETROL,3.72,14.9,1,1862,41.6,7.29,,91.0,-0.78,1.56,13.5,0.0,13.0,0.00,ARMED,,16.9
1791212715324,28.585290,77.299679,14.0,PETROL,6.69,14.9,,1385,41.6,1.83,,91.0,-0.78,1.56,12.9,0.0,14.0,0.00,ARMED,,13.3
1791212716990,28.585321,77.299627,12.0,PETROL,9.85,14.9,2,861,22.7,1.36,,91.0,0.00,2.34,12.9,0.0,12.0,0.00,ARMED,,12.9
1791212717895,28.585321,77.299627,8.0,PETROL,7.31,19.2,,704,22.7,5.01,,91.0,0.00,2.34,13.1,5.9,8.0,0.00,ARMED,,17.6
1791212718794,28.585333,77.299610,9.0,PETROL,8.52,18.4,,677,22.7,2.28,,91.0,0.00,2.34,13.1,4.8,9.0,0.00,ARMED,,14.1
1791212720419,28.585357,77.299570,9.0,PETROL,8.78,18.8,,664,57.3,2.97,,91.0,-1.56,1.56,13.1,5.4,9.0,0.00,ARMED,,15.3
1791212721268,28.585369,77.299548,9.0,PETROL,7.84,21.6,2,707,57.3,4.07,,91.0,-1.56,1.56,13.1,9.1,9.0,0.00,ARMED,,16.1
1791212722199,28.585385,77.299522,10.0,PETROL,6.30,20.8,2,759,57.3,6.14,,91.0,-1.56,1.56,13.0,8.0,9.7,0.38,ARMED,,25.1
1791212724031,28.585418,77.299464,12.0,PETROL,8.58,14.9,2,862,38.8,2.60,,91.0,-9.38,2.34,13.3,0.0,11.4,1.15,ARMED,,14.5
1791212724924,28.585418,77.299464,11.0,PETROL,10.02,14.9,2,851,38.8,2.73,,91.0,-9.38,2.34,13.3,0.0,11.0,0.00,ARMED,,15.3
1791212725789,28.585433,77.299437,9.0,PETROL,9.72,14.9,,846,38.8,3.19,,91.0,-9.38,2.34,13.3,0.0,9.0,0.00,ARMED,,15.3
1791212727539,28.585454,77.299400,7.0,PETROL,9.95,19.2,,820,27.5,2.05,,91.0,0.78,-1.56,13.4,5.9,7.0,0.00,ARMED,,14.1
1791212728449,28.585464,77.299383,8.0,PETROL,8.06,21.2,1,1021,27.5,4.00,,91.0,0.78,-1.56,13.4,8.6,8.0,0.00,ARMED,,16.1
1791212729356,28.585476,77.299364,8.0,PETROL,5.55,23.5,1,1161,27.5,6.60,,91.0,0.78,-1.56,13.4,11.8,8.0,0.00,ARMED,,18.8
1791212731014,28.585505,77.299316,11.0,PETROL,10.47,14.9,1,1558,20.8,6.22,,91.0,0.00,0.00,13.4,0.0,10.0,1.15,ARMED,,18.8
1791212731957,28.585505,77.299316,12.0,PETROL,7.74,22.7,2,837,20.8,6.15,,91.0,0.00,0.00,13.1,10.7,12.0,0.00,ARMED,,18.0
1791212732852,28.585523,77.299288,14.0,PETROL,7.85,22.4,2,1002,20.8,5.35,,91.0,0.00,0.00,13.1,10.2,13.4,0.78,ARMED,,18.0
1791212734535,28.585568,77.299221,15.0,PETROL,10.68,18.8,2,1131,19.6,2.58,,91.0,-3.91,-1.56,13.4,5.4,14.7,1.13,ARMED,,14.1
1791212735423,28.585593,77.299186,16.0,PETROL,13.89,18.0,2,1179,19.6,2.34,,91.0,-3.91,-1.56,13.4,4.3,16.0,0.00,ARMED,,15.3
1791212736312,28.585618,77.299150,16.0,PETROL,15.67,18.4,2,1166,19.6,2.72,,91.0,-3.91,-1.56,12.8,4.8,16.0,0.00,ARMED,,14.9
1791212738028,28.585668,77.299086,15.0,PETROL,14.66,18.4,2,1157,31.8,3.36,,91.0,2.34,-0.78,12.8,4.8,15.9,-0.03,ARMED,,15.7
1791212738934,28.585668,77.299086,15.0,PETROL,13.80,14.9,2,1113,31.8,3.54,,91.0,2.34,-0.78,13.3,0.0,15.0,0.00,ARMED,,15.7
1791212739844,28.585691,77.299055,15.0,PETROL,12.98,14.9,2,1078,31.8,3.77,,90.0,2.34,-0.78,13.3,0.0,14.8,-0.04,ARMED,,15.7
1791212741530,28.585738,77.298988,15.0,PETROL,14.77,14.9,3,856,40.4,2.47,,90.0,-3.13,2.34,13.2,0.0,15.0,0.00,ARMED,,15.3
1791212742403,28.585756,77.298961,11.0,PETROL,13.71,14.9,2,840,40.4,2.82,,90.0,-3.13,2.34,13.2,0.0,11.0,0.00,ARMED,,14.9
1791212743407,28.585768,77.298943,6.0,PETROL,14.05,14.9,1,800,40.4,1.20,,90.0,-3.13,2.34,13.4,0.0,6.0,0.00,ARMED,,12.9
1791212745071,28.585776,77.298930,5.0,PETROL,11.00,14.9,1,729,26.7,2.14,,90.0,6.25,2.34,13.4,0.0,5.3,-0.39,ARMED,,12.9
1791212746015,28.585775,77.298931,0.0,PETROL,6.46,14.9,0,712,26.7,2.22,,90.0,6.25,2.34,13.1,0.0,0.0,0.00,ARMED,,12.9
1791212746933,28.585775,77.298931,0.0,PETROL,,22.0,0,703,26.7,2.26,,90.0,6.25,2.34,13.1,9.6,0.0,0.00,ARMED,,12.9
1791212748667,28.585777,77.298931,1.0,PETROL,,14.9,,1064,48.6,0.00,,90.0,-4.69,0.78,13.2,0.0,1.0,0.00,ARMED,,13.3
1791212749562,28.585783,77.298923,6.0,PETROL,5.41,20.4,1,770,48.6,3.20,,90.0,-4.69,0.78,13.2,7.5,6.0,0.00,ARMED,,15.7
1791212750467,28.585794,77.298908,8.0,PETROL,7.71,14.9,1,1103,48.6,2.31,,90.0,-4.69,0.78,13.4,0.0,7.3,0.76,ARMED,,14.1
1791212752240,28.585818,77.298874,7.0,PETROL,7.41,14.9,,1100,38.4,3.08,,90.0,-3.13,0.78,13.4,0.0,7.0,0.00,ARMED,,15.3
1791212753141,28.585830,77.298859,7.0,PETROL,6.46,20.4,1,1006,38.4,3.93,,90.0,-3.13,0.78,13.4,7.5,7.0,0.00,ARMED,,17.6
1791212754088,28.585842,77.298844,8.0,PETROL,6.06,14.9,1,1056,38.4,4.43,,90.0,-3.13,0.78,13.4,0.0,7.7,0.39,ARMED,,17.3
1791212755775,28.585855,77.298827,8.0,PETROL,5.98,14.9,1,1103,42.0,4.21,,90.0,-3.91,2.34,13.3,0.0,8.0,0.38,ARMED,,15.7
1791212756637,28.585862,77.298820,0.0,PETROL,4.01,14.9,0,847,42.0,2.83,,90.0,-3.91,2.34,13.3,0.0,0.0,0.00,ARMED,,15.7
1791212757583,28.585864,77.298819,0.0,PETROL,,14.9,0,845,42.0,1.52,,90.0,-3.91,2.34,13.4,0.0,0.0,0.00,ARMED,,13.3
1791212759454,28.585866,77.298821,0.0,PETROL,,14.9,0,744,62.0,1.93,,90.0,5.47,1.56,13.2,0.0,0.0,0.00,ARMED,,12.9
1791212760386,28.585868,77.298820,2.0,PETROL,,20.4,,1084,62.0,1.97,,90.0,5.47,1.56,13.1,7.5,2.0,0.00,ARMED,,14.5
1791212761266,28.585875,77.298812,4.0,PETROL,,20.4,,783,62.0,3.48,,90.0,5.47,1.56,13.1,7.5,4.0,0.00,ARMED,,14.9
1791212762928,28.585886,77.298799,7.0,PETROL,4.71,20.4,1,851,30.6,2.95,,90.0,-4.69,0.00,13.3,7.5,7.0,0.00,ARMED,,15.7
1791212763811,28.585899,77.298783,9.0,PETROL,7.60,14.9,1,1292,30.6,2.08,,90.0,-4.69,0.00,13.3,0.0,9.0,0.00,ARMED,,13.7
1791212764738,28.585915,77.298765,9.0,PETROL,11.33,20.8,,839,30.6,1.24,,90.0,-4.69,0.00,13.3,8.0,9.0,0.00,ARMED,,12.9
1791212766482,28.585949,77.298727,9.0,PETROL,8.70,21.2,,788,52.9,4.14,,90.0,-3.91,1.56,13.3,8.6,9.0,0.00,ARMED,,16.1
1791212767357,28.585969,77.298704,12.0,PETROL,9.65,21.2,2,862,52.9,3.45,,90.0,-3.91,1.56,13.4,8.6,12.0,0.00,ARMED,,18.0
1791212768301,28.585991,77.298677,13.0,PETROL,9.00,21.2,2,948,52.9,4.84,,90.0,-3.91,1.56,13.4,8.6,12.7,0.39,ARMED,,17.6
1791212770026,28.586039,77.298619,14.0,PETROL,11.45,22.4,2,1013,47.8,2.55,,90.0,-3.91,3.13,13.4,10.2,13.7,0.76,ARMED,,14.9
1791212770955,28.586039,77.298619,14.0,PETROL,13.57,14.9,2,1002,47.8,2.40,,90.0,-3.91,3.13,13.4,0.0,14.0,0.00,ARMED,,14.9
1791212771888,28.586065,77.298590,13.0,PETROL,12.63,14.9,,845,47.8,3.48,,90.0,-3.91,3.13,13.2,0.0,13.0,0.00,ARMED,,15.3
1791212773492,28.586113,77.298545,13.0,PETROL,9.92,20.8,2,868,38.4,5.22,,90.0,-1.56,2.34,13.2,8.0,13.0,0.00,ARMED,,18.0
1791212774402,28.586137,77.298521,13.0,PETROL,10.46,14.9,,860,38.4,3.45,,90.0,-1.56,2.34,13.4,0.0,13.0,0.00,ARMED,,15.3
1791212775269,28.586160,77.298498,12.0,PETROL,14.24,14.9,2,818,38.4,1.05,,91.0,-1.56,2.34,13.4,0.0,12.0,0.00,ARMED,,12.5
1791212776898,28.586181,77.298478,11.0,PETROL,10.23,19.2,2,737,24.3,4.93,,91.0,0.00,-1.56,13.3,5.9,11.3,-0.38,ARMED,,16.9
1791212777774,28.586202,77.298458,12.0,PETROL,13.51,18.4,2,855,24.3,1.43,,91.0,0.00,-1.56,13.3,4.8,12.0,0.00,ARMED,,13.3
1791212778718,28.586224,77.298438,12.0,PETROL,14.27,19.6,2,880,24.3,2.38,,91.0,0.00,-1.56,13.4,6.4,12.0,0.00,ARMED,,14.5
1791212780428,28.586269,77.298400,12.0,PETROL,15.35,20.0,2,884,52.2,2.03,,91.0,3.91,0.00,13.4,7.0,12.0,0.01,ARMED,,14.1
1791212781337,28.586293,77.298378,12.0,PETROL,9.41,22.7,2,911,52.2,5.90,,91.0,3.91,0.00,13.4,10.7,12.0,0.00,ARMED,,18.8
1791212782291,28.586319,77.298352,14.0,PETROL,11.57,17.3,2,1054,52.2,2.50,,91.0,3.91,0.00,13.4,3.2,13.6,0.91,ARMED,,12.5
1791212784003,28.586373,77.298301,14.0,PETROL,13.42,15.3,2,1019,29.4,2.40,,91.0,0.78,2.34,13.2,0.5,14.1,0.67,ARMED,,13.3
1791212784869,28.586373,77.298301,13.0,PETROL,13.38,14.9,2,927,29.4,2.88,,91.0,0.78,2.34,13.2,0.0,13.0,0.00,ARMED,,15.3
1791212785762,28.586399,77.298278,12.0,PETROL,13.76,23.1,2,911,29.4,2.45,,91.0,0.78,2.34,13.2,11.2,12.6,-0.23,ARMED,,14.9
1791212787537,28.586447,77.298239,11.0,PETROL,7.57,23.1,2,834,79.6,7.63,,90.0,0.00,3.13,13.2,11.2,11.7,-0.64,ARMED,,22.4
1791212788466,28.586473,77.298219,14.0,PETROL,8.90,14.9,2,999,79.6,3.59,,90.0,0.00,3.13,13.4,0.0,14.0,0.00,ARMED,,14.5
1791212789351,28.586499,77.298198,13.0,PETROL,9.67,14.9,2,938,79.6,3.46,,90.0,0.00,3.13,13.4,0.0,13.1,-0.49,ARMED,,15.3
1791212791067,28.586535,77.298169,10.0,PETROL,10.43,14.9,2,843,62.7,2.57,,90.0,-4.69,0.78,13.3,0.0,11.8,-1.00,ARMED,,15.3
1791212791983,28.586548,77.298159,7.0,PETROL,7.35,21.6,1,1048,62.7,5.26,,91.0,-4.69,0.78,13.3,9.1,7.0,0.00,ARMED,,18.4
1791212792861,28.586548,77.298159,8.0,PETROL,9.46,14.9,,693,62.7,1.26,,91.0,-4.69,0.78,12.8,0.0,8.0,0.00,ARMED,,11.8
1791212794647,28.586576,77.298135,7.0,PETROL,10.80,14.9,,733,25.5,1.34,,91.0,3.91,2.34,13.3,0.0,7.0,0.00,ARMED,,12.2
1791212795522,28.586581,77.298131,3.0,PETROL,4.81,21.2,,886,25.5,5.88,,91.0,3.91,2.34,13.2,8.6,3.0,0.00,ARMED,,18.0
1791212796399,28.586589,77.298125,6.0,PETROL,5.47,22.4,,939,25.5,2.48,,91.0,3.91,2.34,13.2,10.2,6.0,0.00,ARMED,,15.3
1791212798127,28.586616,77.298103,6.0,PETROL,4.52,20.8,1,898,22.0,5.27,,91.0,-5.47,2.34,13.1,8.0,6.0,0.00,ARMED,,17.6
1791212799065,28.586630,77.298092,6.0,PETROL,5.69,14.9,1,825,22.0,2.01,,91.0,-5.47,2.34,13.1,0.0,6.0,0.00,ARMED,,12.5
1791212799987,28.586642,77.298083,5.0,PETROL,4.04,23.1,1,729,22.0,5.92,,91.0,-5.47,2.34,13.4,11.2,5.3,-0.38,ARMED,,18.4
1791212801705,28.586660,77.298070,8.0,PETROL,3.62,23.1,,1238,48.6,7.34,,91.0,-0.78,2.34,13.4,11.2,8.0,0.00,ARMED,,20.0
1791212802734,28.586684,77.298053,12.0,PETROL,6.54,14.9,1,1723,48.6,1.86,,91.0,-0.78,2.34,13.2,0.0,12.0,0.00,ARMED,,17.6
1791212803593,28.586709,77.298035,11.0,PETROL,5.97,21.2,,1155,48.6,6.09,,91.0,-0.78,2.34,13.2,8.6,11.0,0.00,ARMED,,18.4
1791212805275,28.586759,77.298000,12.0,PETROL,6.78,21.2,2,873,34.5,4.68,,91.0,-3.91,0.00,13.3,8.6,12.0,0.00,ARMED,,16.9
1791212806150,28.586783,77.297982,11.0,PETROL,8.59,14.9,2,858,34.5,2.50,,90.0,-3.91,0.00,13.3,0.0,11.0,0.00,ARMED,,15.7
1791212807026,28.586805,77.297967,11.0,PETROL,9.08,14.9,2,791,34.5,3.51,,90.0,-3.91,0.00,13.2,0.0,11.0,0.00,ARMED,,15.3
1791212808717,28.586827,77.297953,10.0,PETROL,11.16,14.9,2,738,26.7,1.75,,91.0,-4.69,2.34,13.2,0.0,10.5,-0.28,ARMED,,12.9
1791212809670,28.586846,77.297940,8.0,PETROL,11.59,14.9,,632,26.7,1.99,,91.0,-4.69,2.34,13.0,0.0,8.0,0.00,ARMED,,12.9
1791212810568,28.586864,77.297928,8.0,PETROL,9.19,14.9,,585,26.7,3.71,,91.0,-4.69,2.34,13.0,0.0,8.0,0.00,ARMED,,14.5
1791212812272,28.586878,77.297920,3.0,PETROL,8.61,14.9,,711,28.6,1.30,,91.0,2.34,2.34,13.5,0.0,3.0,0.00,ARMED,,13.3
1791212813159,28.586879,77.297920,0.0,PETROL,5.23,14.9,0,719,28.6,2.14,,91.0,2.34,2.34,13.5,0.0,0.0,0.00,ARMED,,12.9
1791212814064,28.586880,77.297921,0.0,PETROL,,22.0,0,718,28.6,1.19,,91.0,2.34,2.34,13.4,9.6,0.0,0.00,ARMED,,12.9
1791212815732,28.586881,77.297921,0.0,PETROL,,14.9,0,973,25.1,4.35,,91.0,-5.47,2.34,13.4,0.0,0.0,0.00,ARMED,,11.8
1791212816680,28.586884,77.297920,1.0,PETROL,,14.9,,788,25.1,1.89,,91.0,-5.47,2.34,13.2,0.0,1.0,0.00,ARMED,,12.9
1791212817590,28.586883,77.297922,0.0,PETROL,,14.9,0,739,25.1,1.80,,91.0,-5.47,2.34,13.2,0.0,0.0,0.00,ARMED,,12.9
1791212819304,28.586881,77.297922,0.0,PETROL,,14.9,0,780,44.3,2.58,,91.0,-5.47,2.34,13.3,0.0,0.0,0.00,ARMED,,15.7
1791212820248,28.586882,77.297922,0.0,PETROL,,14.9,0,833,44.3,2.77,,91.0,-5.47,2.34,13.3,0.0,0.0,0.00,ARMED,,15.7
1791212821159,28.586881,77.297922,0.0,PETROL,,20.0,0,846,44.3,2.79,,91.0,-5.47,2.34,13.2,7.0,0.0,0.00,ARMED,,15.7
1791212822878,28.586882,77.297921,0.0,PETROL,,22.4,0,846,52.5,4.91,,91.0,-4.69,2.34,13.2,10.2,0.0,0.00,ARMED,,48.2
1791212823866,28.586890,77.297917,5.0,PETROL,,14.9,1,766,52.5,3.96,,91.0,-4.69,2.34,12.9,0.0,5.0,0.00,ARMED,,15.7
1791212824746,28.586902,77.297910,6.0,PETROL,2.83,20.8,1,800,52.5,4.44,,91.0,-4.69,2.34,12.9,8.0,5.7,0.39,ARMED,,17.3
1791212826428,28.586931,77.297893,6.0,PETROL,3.19,21.2,1,799,55.3,5.28,,91.0,-6.25,2.34,13.2,8.6,6.0,0.38,ARMED,,18.4
1791212827322,28.586950,77.297884,9.0,PETROL,3.95,21.2,1,1218,55.3,5.90,,91.0,-6.25,2.34,13.2,8.6,9.0,0.00,ARMED,,18.0
1791212828264,28.586970,77.297873,9.0,PETROL,4.44,21.2,1,1337,55.3,5.58,,91.0,-6.25,2.34,13.3,8.6,9.0,0.00,ARMED,,18.0
1791212830064,28.587016,77.297848,10.0,PETROL,5.53,21.2,1,1433,25.9,3.91,,91.0,2.34,0.00,13.5,8.6,9.5,0.28,ARMED,,16.5
1791212831056,28.587040,77.297834,11.0,PETROL,6.55,20.4,1,1526,25.9,3.92,,91.0,2.34,0.00,13.3,7.5,11.0,0.00,ARMED,,15.7
1791212831927,28.587040,77.297834,10.0,PETROL,7.08,14.9,1,1502,25.9,3.72,,91.0,2.34,0.00,13.3,0.0,10.5,-0.30,ARMED,,15.3
1791212833660,28.587083,77.297808,10.0,PETROL,9.43,14.9,1,1245,22.4,1.63,,91.0,0.00,2.34,13.1,0.0,9.0,-0.98,ARMED,,12.9
1791212834540,28.587100,77.297798,7.0,PETROL,11.64,14.9,,720,22.4,0.91,,91.0,0.00,2.34,13.1,0.0,7.0,0.00,ARMED,,12.5
1791212835442,28.587111,77.297792,5.0,PETROL,4.64,23.1,1,713,22.4,8.23,,91.0,0.00,2.34,13.2,11.2,5.0,0.00,ARMED,,18.8
1791212837169,28.587134,77.297779,6.0,PETROL,7.21,22.4,1,870,72.2,0.00,,91.0,-7.81,3.13,13.2,10.2,5.7,0.39,ARMED,,11.0
1791212838063,28.587148,77.297770,7.0,PETROL,9.23,22.4,,598,72.2,1.44,,91.0,-7.81,3.13,13.3,10.2,7.0,0.00,ARMED,,18.8
1791212838927,28.587148,77.297770,7.0,PETROL,13.86,14.9,,773,72.2,0.43,,91.0,-7.81,3.13,13.3,0.0,7.0,0.00,ARMED,,11.4
1791212840625,28.587174,77.297756,6.0,PETROL,10.57,14.9,1,805,40.8,2.53,,91.0,-6.25,2.34,13.2,0.0,6.0,0.00,ARMED,,14.1
1791212841567,28.587179,77.297752,2.0,PETROL,3.19,20.8,,816,40.8,8.78,,91.0,-6.25,2.34,13.2,8.0,2.0,0.00,ARMED,,20.8
1791212842457,28.587185,77.297749,4.0,PETROL,3.20,14.9,,818,40.8,3.94,,91.0,-6.25,2.34,13.0,0.0,4.0,0.00,ARMED,,15.3
1791212844127,28.587202,77.297736,3.0,PETROL,2.34,20.8,,847,67.1,6.02,,91.0,0.00,3.13,13.0,8.0,3.0,0.00,ARMED,,18.0
1791212845091,28.587215,77.297728,6.0,PETROL,2.94,20.0,1,871,67.1,4.53,,91.0,0.00,3.13,13.3,7.0,6.0,0.00,ARMED,,16.5
1791212845978,28.587231,77.297718,7.0,PETROL,3.42,20.4,1,1008,67.1,5.05,,91.0,0.00,3.13,13.3,7.5,6.7,0.39,ARMED,,16.9
1791212847668,28.587250,77.297708,8.0,PETROL,3.88,21.6,1,1066,40.4,5.34,,91.0,-0.78,1.56,13.1,9.1,7.7,0.76,ARMED,,18.4
1791212848586,28.587271,77.297697,8.0,PETROL,4.53,17.3,1,1030,40.4,4.22,,91.0,-0.78,1.56,13.1,3.2,8.0,0.00,ARMED,,13.3
1791212849478,28.587289,77.297686,7.0,PETROL,3.93,23.1,1,1020,40.4,6.48,,91.0,-0.78,1.56,12.9,11.2,7.3,-0.38,ARMED,,18.8
1791212851118,28.587333,77.297661,10.0,PETROL,4.81,22.7,,685,49.0,4.88,,91.0,-4.69,3.13,12.9,10.7,10.0,0.00,ARMED,,18.4
1791212852016,28.587357,77.297647,11.0,PETROL,5.65,21.2,2,819,49.0,4.84,,91.0,-4.69,3.13,13.1,8.6,11.0,0.00,ARMED,,16.5
1791212852896,28.587357,77.297647,11.0,PETROL,6.61,21.2,2,814,49.0,4.03,,91.0,-4.69,3.13,13.1,8.6,11.0,0.00,ARMED,,16.1
1791212854486,28.587407,77.297623,11.0,PETROL,8.65,20.0,2,840,36.9,2.39,,91.0,-6.25,0.00,13.4,7.0,11.0,0.00,ARMED,,14.5
1791212855388,28.587431,77.297610,11.0,PETROL,9.47,20.0,2,853,36.9,3.26,,91.0,-6.25,0.00,13.4,7.0,11.0,0.00,ARMED,,14.9
1791212856303,28.587455,77.297597,12.0,PETROL,11.72,20.0,2,868,36.9,2.27,,91.0,-6.25,0.00,13.3,7.0,11.7,0.38,ARMED,,14.9
1791212858016,28.587507,77.297571,12.0,PETROL,10.06,20.0,2,877,51.8,4.25,,91.0,1.56,0.78,13.3,7.0,12.1,0.40,ARMED,,16.1
1791212858950,28.587533,77.297559,12.0,PETROL,9.94,19.6,2,875,51.8,3.65,,91.0,1.56,0.78,13.3,6.4,12.0,0.00,ARMED,,16.5
1791212859809,28.587533,77.297559,12.0,PETROL,10.29,18.4,2,873,51.8,3.29,,91.0,1.56,0.78,13.3,4.8,12.0,0.01,ARMED,,14.9
1791212861534,28.587581,77.297536,11.0,PETROL,11.43,14.9,2,846,53.7,2.40,,91.0,-2.34,2.34,13.0,0.0,11.8,-0.06,ARMED,,15.3
1791212862426,28.587603,77.297526,10.0,PETROL,8.91,17.6,2,836,53.7,4.71,,91.0,-2.34,2.34,13.0,3.7,10.0,0.00,ARMED,,16.1
1791212863346,28.587623,77.297517,9.0,PETROL,9.05,17.3,,695,53.7,2.94,,91.0,-2.34,2.34,12.8,3.2,9.0,0.00,ARMED,,14.5
1791212865127,28.587660,77.297499,8.0,PETROL,9.40,19.6,,633,34.9,2.40,,91.0,0.00,0.00,13.0,6.4,8.0,0.00,ARMED,,16.1
1791212866036,28.587677,77.297491,8.0,PETROL,12.07,22.4,,575,34.9,1.02,,91.0,0.00,0.00,12.8,10.2,8.0,0.00,ARMED,,14.5
1791212866929,28.587677,77.297491,7.0,PETROL,4.59,23.1,,558,34.9,10.03,,91.0,0.00,0.00,12.8,11.2,7.0,0.00,ARMED,,48.2
1791212868644,28.587713,77.297472,9.0,PETROL,3.29,22.4,,625,72.5,11.13,,91.0,0.00,3.13,13.3,10.2,9.0,0.00,ARMED,,45.9
1791212869518,28.587736,77.297460,10.0,PETROL,4.14,20.8,2,748,72.5,4.80,,91.0,0.00,3.13,13.3,8.0,10.0,0.00,ARMED,,16.5
1791212870440,28.587759,77.297448,10.0,PETROL,5.91,14.9,2,766,72.5,2.10,,91.0,0.00,3.13,13.2,0.0,10.0,0.00,ARMED,,10.2
1791212872123,28.587787,77.297434,7.0,PETROL,6.85,14.9,,703,27.5,2.04,,91.0,0.78,2.34,13.2,0.0,7.0,0.00,ARMED,,12.9
1791212873073,28.587790,77.297432,2.0,PETROL,5.55,23.1,,717,27.5,2.34,,91.0,0.78,2.34,13.4,11.2,2.0,0.00,ARMED,,19.6
1791212873997,28.587793,77.297430,2.0,PETROL,2.95,14.9,,1117,27.5,6.14,,91.0,0.78,2.34,13.4,0.0,2.0,0.00,ARMED,,15.7
1791212875725,28.587796,77.297430,2.0,PETROL,2.74,14.9,,1017,46.7,2.83,,91.0,-6.25,2.34,13.0,0.0,2.0,0.00,ARMED,,14.9
1791212876604,28.587796,77.297431,0.0,PETROL,,25.1,0,889,46.7,8.55,,91.0,-6.25,2.34,13.0,13.9,0.0,0.00,ARMED,,48.2
1791212877571,28.587798,77.297430,1.0,PETROL,,14.9,,1168,46.7,4.01,,91.0,-6.25,2.34,12.8,0.0,1.0,0.00,ARMED,,16.5
1791212879259,28.587797,77.297432,0.0,PETROL,,14.9,0,847,83.5,3.56,,91.0,-6.25,1.56,12.8,0.0,0.0,0.00,ARMED,,15.3
1791212880197,28.587800,77.297431,0.0,PETROL,,14.9,0,908,83.5,8.77,,91.0,-6.25,1.56,13.2,0.0,0.0,0.00,ARMED,,16.1
1791212881096,28.587807,77.297428,3.0,PETROL,,18.0,,1003,83.5,3.53,,90.0,-6.25,1.56,13.2,4.3,3.0,0.00,ARMED,,14.9
1791212882785,28.587816,77.297423,4.0,PETROL,,14.9,,520,22.7,1.54,,90.0,-5.47,2.34,13.3,0.0,4.0,0.00,ARMED,,12.5
1791212883692,28.587823,77.297419,2.0,PETROL,,14.9,,737,22.7,2.14,,90.0,-5.47,2.34,13.3,0.0,2.0,0.00,ARMED,,12.9
1791212884639,28.587826,77.297417,1.0,PETROL,,19.2,,738,22.7,2.16,,90.0,-5.47,2.34,13.2,5.9,1.0,0.00,ARMED,,17.3
1791212886271,28.587829,77.297417,1.0,PETROL,,14.9,,757,43.1,1.04,,90.0,-1.56,0.78,13.2,0.0,1.0,0.00,ARMED,,12.5
1791212887257,28.587830,77.297417,0.0,PETROL,,14.9,0,824,43.1,0.74,,90.0,-1.56,0.78,13.0,0.0,0.0,0.00,ARMED,,12.2
1791212888163,28.587833,77.297416,1.0,PETROL,,14.9,,658,43.1,4.01,,90.0,-1.56,0.78,13.0,0.0,1.0,0.00,ARMED,,15.7
1791212889916,28.587836,77.297414,2.0,PETROL,,14.9,,769,61.2,2.03,,90.0,-2.34,1.56,13.1,0.0,2.0,0.00,ARMED,,14.5
1791212890824,28.587837,77.297414,1.0,PETROL,,18.4,,1017,61.2,4.96,,90.0,-2.34,1.56,13.1,4.8,1.0,0.00,ARMED,,16.9
1791212891747,28.587841,77.297412,4.0,PETROL,,14.9,,541,61.2,2.39,,90.0,-2.34,1.56,13.4,0.0,4.0,0.00,ARMED,,12.9
1791212893402,28.587854,77.297403,3.0,PETROL,,22.0,,876,71.0,2.78,,90.0,-4.69,3.13,13.4,9.6,3.0,0.00,ARMED,,18.4
1791212894277,28.587862,77.297398,4.0,PETROL,1.31,21.6,,741,71.0,14.21,,90.0,-4.69,3.13,12.6,9.1,4.0,0.00,ARMED,,23.9
1791212895229,28.587873,77.297392,5.0,PETROL,1.45,24.3,,792,71.0,9.63,,90.0,-4.69,3.13,12.6,12.8,5.0,0.00,ARMED,,21.2
1791212897016,28.587905,77.297373,6.0,PETROL,2.12,22.0,,1084,69.8,4.76,,90.0,-3.13,3.13,13.0,9.6,6.0,0.00,ARMED,,18.0
1791212897901,28.587905,77.297373,10.0,PETROL,3.63,20.0,2,735,69.8,4.11,,90.0,-3.13,3.13,13.0,7.0,10.0,0.00,ARMED,,17.3
1791212898821,28.587928,77.297360,11.0,PETROL,5.67,22.4,2,801,69.8,2.82,,90.0,-3.13,3.13,13.1,10.2,10.7,0.38,ARMED,,14.1
1791212900652,28.587978,77.297333,11.0,PETROL,5.55,21.2,2,793,67.8,6.26,,90.0,-4.69,3.13,13.2,8.6,11.0,0.38,ARMED,,20.0
1791212901559,28.588004,77.297319,11.0,PETROL,6.99,19.2,2,844,67.8,3.23,,90.0,-4.69,3.13,13.0,5.9,11.0,0.00,ARMED,,14.5
1791212902431,28.588029,77.297306,11.0,PETROL,7.03,14.9,2,829,67.8,4.80,,91.0,-4.69,3.13,13.0,0.0,11.0,0.00,ARMED,,16.9
1791212904050,28.588078,77.297282,11.0,PETROL,8.03,14.9,2,840,40.0,3.54,,91.0,-7.03,0.78,12.6,0.0,11.1,0.03,ARMED,,15.3
1791212904934,28.588078,77.297282,10.0,PETROL,11.64,16.9,,475,40.0,0.78,,91.0,-7.03,0.78,12.6,2.7,10.0,0.00,ARMED,,10.2
1791212905827,28.588101,77.297271,9.0,PETROL,12.04,14.9,,488,40.0,2.28,,91.0,-7.03,0.78,12.7,0.0,9.0,0.00,ARMED,,13.3
1791212907390,28.588140,77.297250,9.0,PETROL,13.68,20.0,,686,54.5,1.53,,91.0,0.00,1.56,12.7,7.0,9.0,0.00,ARMED,,12.2
1791212908272,28.588159,77.297240,8.0,PETROL,11.43,20.8,,433,54.5,2.71,,91.0,0.00,1.56,12.4,8.0,8.0,0.00,ARMED,,14.1
1791212909166,28.588180,77.297230,9.0,PETROL,10.23,19.2,,448,54.5,3.05,,91.0,0.00,1.56,12.4,5.9,9.0,0.00,ARMED,,14.9
1791212910951,28.588217,77.297210,9.0,PETROL,11.36,14.9,,594,74.9,2.18,,91.0,-7.81,0.00,13.3,0.0,9.0,0.00,ARMED,,12.9
1791212911802,28.588217,77.297210,7.0,PETROL,11.66,14.9,1,906,74.9,1.88,,91.0,-7.81,0.00,13.3,0.0,7.0,0.00,ARMED,,14.1
1791212912687,28.588231,77.297202,4.0,PETROL,8.19,14.9,,789,74.9,3.08,,91.0,-7.81,0.00,12.8,0.0,4.0,0.00,ARMED,,14.9
1791212914376,28.588241,77.297195,2.0,PETROL,2.59,24.3,,806,52.5,10.02,,91.0,-0.78,2.34,12.8,12.8,2.0,0.00,ARMED,,25.9
1791212915357,28.588252,77.297187,6.0,PETROL,3.25,20.4,1,769,52.5,3.87,,91.0,-0.78,2.34,13.4,7.5,6.0,0.00,ARMED,,15.7
1791212916262,28.588268,77.297177,7.0,PETROL,3.99,20.4,1,998,52.5,3.92,,91.0,-0.78,2.34,13.4,7.5,6.7,0.39,ARMED,,17.6
1791212917938,28.588285,77.297167,8.0,PETROL,4.44,22.0,1,1104,58.8,4.86,,91.0,-3.91,2.34,13.3,9.6,7.7,0.76,ARMED,,17.6
1791212918878,28.588305,77.297155,10.0,PETROL,4.29,21.6,1,1411,58.8,7.47,,91.0,-3.91,2.34,13.3,9.1,10.0,0.00,ARMED,,20.0
1791212919781,28.588330,77.297141,11.0,PETROL,6.56,14.9,1,1612,58.8,2.16,,91.0,-3.91,2.34,13.3,0.0,10.7,0.38,ARMED,,17.3
1791212921413,28.588381,77.297113,11.0,PETROL,5.42,22.0,,1155,58.4,7.35,,90.0,0.00,2.34,13.3,9.6,11.0,0.00,ARMED,,19.2
1791212922323,28.588409,77.297098,13.0,PETROL,8.38,14.9,2,949,58.4,1.72,,90.0,0.00,2.34,13.4,0.0,13.0,0.00,ARMED,,12.9
1791212923281,28.588438,77.297082,12.0,PETROL,10.32,14.9,2,905,58.4,2.34,,90.0,0.00,2.34,13.4,0.0,12.3,-0.39,ARMED,,13.3
1791212925026,28.588487,77.297056,11.0,PETROL,12.34,14.9,2,824,23.1,1.81,,90.0,1.56,2.34,13.2,0.0,11.3,-0.75,ARMED,,12.9
1791212925967,28.588508,77.297045,9.0,PETROL,7.29,20.8,2,711,23.1,6.40,,90.0,1.56,2.34,13.2,8.0,9.0,0.00,ARMED,,16.9
1791212926874,28.588508,77.297045,10.0,PETROL,8.30,18.4,2,711,23.1,2.77,,90.0,1.56,2.34,13.4,4.8,9.7,0.38,ARMED,,14.1
1791212928552,28.588549,77.297023,9.0,PETROL,10.42,19.2,2,707,40.8,1.47,,90.0,0.78,0.00,13.4,5.9,9.9,0.36,ARMED,,15.7
1791212929488,28.588571,77.297013,10.0,PETROL,11.96,14.9,2,706,40.8,1.98,,90.0,0.78,0.00,13.4,0.0,10.0,0.00,ARMED,,15.7
1791212930410,28.588592,77.297003,9.0,PETROL,11.56,14.9,,767,40.8,2.48,,90.0,0.78,0.00,13.4,0.0,9.0,0.00,ARMED,,14.9
1791212932100,28.588614,77.296994,5.0,PETROL,8.26,14.9,,801,43.9,3.42,,90.0,-4.69,2.34,13.4,0.0,5.0,0.00,ARMED,,15.3
1791212933025,28.588616,77.296995,2.0,PETROL,5.48,14.9,,842,43.9,3.35,,90.0,-4.69,2.34,13.4,0.0,2.0,0.00,ARMED,,15.7
1791212933944,28.588616,77.296995,1.0,PETROL,2.19,21.2,,887,43.9,8.38,,90.0,-4.69,2.34,13.2,8.6,1.0,0.00,ARMED,,20.4
1791212935770,28.588619,77.296992,2.0,PETROL,,20.0,,1086,42.7,4.21,,90.0,-6.25,2.34,13.4,7.0,2.0,0.00,ARMED,,16.1
1791212936658,28.588625,77.296989,3.0,PETROL,,14.9,,915,42.7,3.79,,90.0,-6.25,2.34,13.2,0.0,3.0,0.00,ARMED,,15.3
1791212937551,28.588630,77.296986,2.0,PETROL,,21.2,,822,42.7,6.50,,90.0,-6.25,2.34,13.2,8.6,2.0,0.00,ARMED,,18.8
1791212939243,28.588645,77.296980,3.0,PETROL,,20.8,,938,47.1,2.83,,90.0,0.78,1.56,13.1,8.0,3.0,0.00,ARMED,,14.1
1791212940191,28.588658,77.296974,5.0,PETROL,3.72,19.2,1,767,47.1,1.16,,90.0,0.78,1.56,13.1,5.9,5.0,0.00,ARMED,,16.1
1791212941137,28.588672,77.296968,6.0,PETROL,5.76,14.9,1,791,47.1,1.54,,90.0,0.78,1.56,13.3,0.0,5.7,0.39,ARMED,,12.9
1791212942780,28.588682,77.296964,4.0,PETROL,5.73,14.9,,724,27.1,1.99,,90.0,5.47,2.34,13.3,0.0,4.0,0.00,ARMED,,12.9
1791212943710,28.588684,77.296963,0.0,PETROL,,21.2,0,718,27.1,2.26,,90.0,5.47,2.34,13.4,8.6,0.0,0.00,ARMED,,19.2
1791212944615,28.588683,77.296964,0.0,PETROL,,14.9,0,1107,27.1,2.74,,90.0,5.47,2.34,13.4,0.0,0.0,0.00,ARMED,,14.1
1791212946255,28.588684,77.296962,1.0,PETROL,,14.9,,949,49.4,2.45,,90.0,-1.56,0.00,13.4,0.0,1.0,0.00,ARMED,,13.7
1791212947236,28.588688,77.296959,2.0,PETROL,,17.6,,1023,49.4,3.53,,90.0,-1.56,0.00,13.4,3.7,2.0,0.00,ARMED,,13.3
1791212948104,28.588696,77.296955,4.0,PETROL,,14.9,,752,49.4,2.05,,90.0,-1.56,0.00,13.0,0.0,4.0,0.00,ARMED,,16.1
1791212949727,28.588703,77.296951,3.0,PETROL,,14.9,,827,52.2,2.60,,90.0,-4.69,2.34,13.0,0.0,3.0,0.00,ARMED,,15.3
1791212950600,28.588706,77.296949,2.0,PETROL,,17.6,,1040,52.2,7.68,,90.0,-4.69,2.34,12.9,3.7,2.0,0.00,ARMED,,20.0
1791212951499,28.588712,77.296945,5.0,PETROL,2.42,14.9,,828,52.2,4.19,,90.0,-4.69,2.34,12.9,0.0,5.0,0.00,ARMED,,16.1
1791212953190,28.588731,77.296933,5.0,PETROL,3.08,14.9,,984,40.8,3.76,,90.0,-7.81,2.34,13.3,0.0,5.0,0.00,ARMED,,15.3
1791212954045,28.588738,77.296927,3.0,PETROL,3.26,14.9,,845,40.8,2.61,,90.0,-7.81,2.34,13.3,0.0,3.0,0.00,ARMED,,15.3
1791212954932,28.588738,77.296927,3.0,PETROL,2.25,14.9,,854,40.8,6.69,,90.0,-7.81,2.34,13.1,0.0,3.0,0.00,ARMED,,15.7
1791212956634,28.588753,77.296919,4.0,PETROL,3.12,14.9,,835,23.1,1.87,,90.0,4.69,2.34,13.1,0.0,4.0,0.00,ARMED,,12.5
1791212957550,28.588756,77.296918,1.0,PETROL,,14.9,,749,23.1,7.48,,90.0,4.69,2.34,13.2,0.0,1.0,0.00,ARMED,,18.0
1791212958441,28.588760,77.296917,2.0,PETROL,,14.9,,1027,23.1,2.47,,90.0,4.69,2.34,13.2,0.0,2.0,0.00,ARMED,,13.3
1791212960101,28.588763,77.296915,1.0,PETROL,,14.9,,864,26.3,2.45,,90.0,0.78,2.34,13.3,0.0,1.0,0.00,ARMED,,12.9
1791212961027,28.588763,77.296914,0.0,PETROL,,14.9,0,737,26.3,5.51,,90.0,0.78,2.34,13.3,0.0,0.0,0.00,ARMED,,14.1
1791212961953,28.588766,77.296913,1.0,PETROL,,14.9,,924,26.3,2.54,,90.0,0.78,2.34,13.4,0.0,1.0,0.00,ARMED,,13.7
1791212963602,28.588766,77.296913,1.0,PETROL,,14.9,,834,42.0,1.92,,90.0,-3.13,2.34,13.4,0.0,1.0,0.00,ARMED,,14.1
1791212964499,28.588766,77.296912,0.0,PETROL,,14.9,0,822,42.0,3.03,,90.0,-3.13,2.34,13.4,0.0,0.0,0.00,ARMED,,15.7
1791212965587,28.588767,77.296912,0.0,PETROL,,14.9,0,844,42.0,3.78,,90.0,-3.13,2.34,13.4,0.0,0.0,0.00,ARMED,,15.7
1791212967716,28.588765,77.296911,0.0,PETROL,,23.5,0,842,49.4,4.13,,90.0,0.00,2.34,13.0,11.8,0.0,0.00,ARMED,,16.1
1791212968853,28.588771,77.296907,3.0,PETROL,,17.3,,733,49.4,2.93,,90.0,0.00,2.34,13.0,3.2,3.0,0.00,ARMED,,15.7
1791212969951,28.588795,77.296896,5.0,PETROL,,20.4,1,709,49.4,5.16,,90.0,0.00,2.34,13.4,7.5,5.0,0.00,ARMED,,14.9
1791212972272,28.588833,77.296883,7.0,PETROL,3.59,20.4,1,955,27.8,3.34,,90.0,-1.56,-0.78,13.4,7.5,7.0,0.00,ARMED,,15.7
1791212973471,28.588856,77.296871,10.0,PETROL,6.21,18.8,1,1403,27.8,2.56,,90.0,-1.56,-0.78,13.3,5.4,10.0,0.00,ARMED,,14.5
1791212974514,28.588878,77.296859,10.0,PETROL,8.37,19.6,1,1363,27.8,2.42,,90.0,-1.56,-0.78,13.3,6.4,10.0,0.00,ARMED,,14.9
1791212976226,28.588922,77.296833,10.0,PETROL,8.66,19.6,1,1425,19.2,3.39,,90.0,0.00,-0.78,13.3,6.4,10.0,0.00,ARMED,,15.3
1791212977135,28.588946,77.296819,10.0,PETROL,10.94,14.9,,911,19.2,1.83,,90.0,0.00,-0.78,13.3,0.0,10.0,0.00,ARMED,,12.9
1791212978059,28.588962,77.296808,7.0,PETROL,13.41,14.9,,758,19.2,0.88,,90.0,0.00,-0.78,13.3,0.0,7.0,0.00,ARMED,,12.5
1791212979674,28.588972,77.296802,4.0,PETROL,9.63,20.8,,718,94.9,2.33,,89.0,-0.78,3.13,13.3,8.0,4.0,0.00,ARMED,,14.1
1791212980605,28.588982,77.296795,6.0,PETROL,4.29,22.4,1,910,94.9,7.98,,89.0,-0.78,3.13,13.3,10.2,6.0,0.00,ARMED,,20.4
1791212981527,28.588994,77.296784,8.0,PETROL,2.94,28.2,1,1091,94.9,11.12,,90.0,-0.78,3.13,13.3,18.2,7.4,0.78,ARMED,,26.3
1791212983248,28.589040,77.296751,12.0,PETROL,5.29,14.9,1,1587,87.8,2.04,,90.0,0.00,0.78,13.4,0.0,10.7,2.27,ARMED,,18.0
1791212984239,28.589068,77.296734,13.0,PETROL,4.48,23.5,,1370,87.8,10.17,,90.0,0.00,0.78,13.4,11.8,13.0,0.00,ARMED,,23.9
1791212985108,28.589103,77.296714,16.0,PETROL,7.17,14.9,2,1136,87.8,2.70,,90.0,0.00,0.78,13.4,0.0,16.0,0.00,ARMED,,15.3
1791212986795,28.589124,77.296702,10.0,PETROL,8.94,14.9,,967,25.1,1.72,,90.0,2.34,2.34,13.4,0.0,10.0,0.00,ARMED,,13.3
1791212987699,28.589126,77.296702,0.0,PETROL,6.75,27.5,0,737,25.1,1.84,,90.0,2.34,2.34,13.2,17.1,0.0,0.00,ARMED,,20.0
1791212988666,28.589125,77.296702,1.0,PETROL,5.02,14.9,,1650,25.1,2.14,,90.0,2.34,2.34,13.2,0.0,1.0,0.00,ARMED,,13.7
1791212990308,28.589128,77.296697,1.0,PETROL,3.47,14.9,,1055,25.1,2.68,,90.0,0.00,2.34,13.1,0.0,1.0,0.00,ARMED,,13.7
1791212991225,28.589127,77.296696,0.0,PETROL,,25.5,0,712,25.1,1.97,,90.0,0.00,2.34,13.1,14.4,0.0,0.00,ARMED,,12.5
1791212992123,28.589127,77.296696,0.0,PETROL,,22.7,0,918,25.1,7.98,,90.0,0.00,2.34,13.4,10.7,0.0,0.00,ARMED,,20.0
1791212993828,28.589134,77.296692,3.0,PETROL,,20.8,,1387,72.9,1.75,,90.0,-2.34,1.56,13.4,8.0,3.0,0.00,ARMED,,17.3
1791212994732,28.589146,77.296686,8.0,PETROL,2.00,32.5,1,1103,72.9,11.26,,90.0,-2.34,1.56,13.3,24.1,8.0,0.00,ARMED,,25.5
1791212995578,28.589169,77.296678,14.0,PETROL,2.47,32.2,1,1883,72.9,15.44,,90.0,-2.34,1.56,13.3,23.5,12.0,2.27,ARMED,,25.1
1791212997275,28.589255,77.296646,18.0,PETROL,6.09,14.9,1,2543,33.3,3.95,,90.0,0.00,2.34,13.3,0.0,16.7,3.79,ARMED,,15.7
1791212998107,28.589289,77.296627,16.0,PETROL,8.68,14.9,2,1075,33.3,2.83,,90.0,0.00,2.34,13.3,0.0,16.0,0.00,ARMED,,15.7
1791212999037,28.589313,77.296611,12.0,PETROL,9.86,14.9,2,937,33.3,2.78,,90.0,0.00,2.34,13.0,0.0,13.3,-1.53,ARMED,,15.3
1791213000630,28.589338,77.296597,10.0,PETROL,5.63,23.9,,850,51.0,9.70,,90.0,0.00,2.34,13.0,12.3,10.0,0.00,ARMED,,22.4
1791213001547,28.589366,77.296580,13.0,PETROL,5.00,14.9,1,1818,51.0,8.89,,90.0,0.00,2.34,13.2,0.0,13.0,0.00,ARMED,,20.4
1791213002462,28.589397,77.296561,14.0,PETROL,6.96,14.9,,1281,51.0,2.91,,90.0,0.00,2.34,13.2,0.0,14.0,0.00,ARMED,,15.3
1791213004129,28.589460,77.296525,14.0,PETROL,6.19,25.1,2,1126,56.9,8.12,,90.0,-4.69,2.34,13.4,13.9,14.0,0.00,ARMED,,19.6
1791213005043,28.589502,77.296502,18.0,PETROL,7.23,23.9,2,1336,56.9,6.31,,90.0,-4.69,2.34,13.4,12.3,18.0,0.00,ARMED,,18.8
1791213006004,28.589548,77.296475,20.0,PETROL,5.47,14.9,2,1501,56.9,14.57,,90.0,-4.69,2.34,13.5,0.0,19.4,0.77,ARMED,,28.2
1791213007923,28.589595,77.296448,23.0,PETROL,10.36,14.9,2,1694,17.6,2.60,,91.0,0.00,0.00,13.4,0.0,21.9,1.76,ARMED,,14.9
1791213008810,28.589639,77.296420,18.0,PETROL,12.61,24.3,2,1360,17.6,2.81,,91.0,0.00,0.00,13.4,12.8,18.0,0.00,ARMED,,14.5
1791213009735,28.589679,77.296396,18.0,PETROL,11.80,21.2,2,1342,17.6,5.11,,90.0,0.00,0.00,13.4,8.6,17.9,-0.02,ARMED,,17.6
1791213011433,28.589761,77.296342,19.0,PETROL,11.49,22.7,2,1412,46.7,5.39,,90.0,-3.91,0.78,13.4,10.7,18.6,0.34,ARMED,,17.6
1791213012349,28.589806,77.296310,22.0,PETROL,8.65,34.1,2,1594,46.7,10.51,,90.0,-3.91,0.78,13.4,26.2,22.0,0.00,ARMED,,23.5
1791213013291,28.589859,77.296273,25.0,PETROL,9.35,14.9,2,1857,46.7,7.57,,90.0,-3.91,0.78,13.5,0.0,23.9,1.09,ARMED,,15.7
1791213014994,28.589966,77.296207,25.0,PETROL,11.51,14.9,3,1285,35.3,4.49,,90.0,0.00,2.34,13.5,0.0,25.0,0.00,ARMED,,15.3
1791213015906,28.589966,77.296207,23.0,PETROL,14.64,14.9,4,925,35.3,2.75,,90.0,0.00,2.34,13.2,0.0,23.0,0.00,ARMED,,14.9
1791213016811,28.590014,77.296178,19.0,PETROL,15.46,14.9,4,836,35.3,3.28,,90.0,0.00,2.34,13.2,0.0,20.2,-1.56,ARMED,,15.3
1791213018564,28.590084,77.296138,15.0,PETROL,16.43,14.9,3,852,38.4,2.42,,90.0,-3.13,2.34,13.3,0.0,15.0,0.00,ARMED,,15.3
1791213019469,28.590112,77.296122,12.0,PETROL,14.14,14.9,2,859,38.4,3.46,,90.0,-3.13,2.34,13.3,0.0,12.0,0.00,ARMED,,14.9
1791213020428,28.590137,77.296107,11.0,PETROL,13.79,19.6,2,864,38.4,2.58,,90.0,-3.13,2.34,13.4,6.4,11.3,-0.38,ARMED,,14.9
1791213022097,28.590185,77.296078,11.0,PETROL,8.65,14.9,2,909,21.6,6.39,,91.0,1.56,2.34,13.4,0.0,11.0,-0.38,ARMED,,13.3
1791213022993,28.590200,77.296069,8.0,PETROL,10.31,14.9,,902,21.6,1.22,,91.0,1.56,2.34,13.1,0.0,8.0,0.00,ARMED,,12.9
1791213023920,28.590200,77.296069,4.0,PETROL,10.16,14.9,,731,21.6,1.22,,91.0,1.56,2.34,13.1,0.0,4.0,0.00,ARMED,,12.5
1791213025631,28.590209,77.296063,2.0,PETROL,8.87,14.9,,711,27.1,1.20,,91.0,-0.78,2.34,13.2,0.0,2.0,0.00,ARMED,,12.9
1791213026607,28.590209,77.296063,0.0,PETROL,5.36,14.9,0,702,27.1,1.89,,91.0,-0.78,2.34,13.2,0.0,0.0,0.00,ARMED,,12.9
1791213027532,28.590209,77.296063,0.0,PETROL,,14.9,0,697,27.1,1.85,,91.0,-0.78,2.34,13.2,0.0,0.0,0.00,ARMED,,12.9
1791213029259,28.590209,77.296063,0.0,PETROL,,14.9,0,704,27.5,2.11,,91.0,-3.13,2.34,13.2,0.0,0.0,0.00,ARMED,,12.9
1791213030159,28.590209,77.296063,0.0,PETROL,,14.9,0,701,27.5,1.22,,91.0,-3.13,2.34,13.4,0.0,0.0,0.00,ARMED,,12.9
1791213031060,28.590209,77.296063,0.0,PETROL,,14.9,0,700,27.5,1.96,,91.0,-3.13,2.34,13.4,0.0,0.0,0.00,ARMED,,12.9
1791213032802,28.590209,77.296063,0.0,PETROL,,14.9,0,707,39.2,2.83,,91.0,-5.47,2.34,13.2,0.0,0.0,0.00,ARMED,,14.5
1791213033724,28.590209,77.296063,0.0,PETROL,,14.9,0,822,39.2,3.12,,91.0,-5.47,2.34,13.2,0.0,0.0,0.00,ARMED,,15.3
1791213034635,28.590209,77.296063,0.0,PETROL,,14.9,0,845,39.2,3.01,,91.0,-5.47,2.34,13.0,0.0,0.0,0.00,ARMED,,15.7
1791213036254,28.590209,77.296063,0.0,PETROL,,23.9,0,850,38.8,3.90,,91.0,-3.91,2.34,13.0,12.3,0.0,0.00,ARMED,,16.1
1791213037154,28.590209,77.296063,0.0,PETROL,,23.1,0,871,38.8,2.45,,91.0,-3.91,2.34,13.2,11.2,0.0,0.00,ARMED,,20.8
1791213038043,28.590216,77.296056,2.0,PETROL,,19.6,,1179,38.8,3.75,,91.0,-3.91,2.34,13.2,6.4,2.0,0.00,ARMED,,17.3
1791213039730,28.590226,77.296050,5.0,PETROL,,20.0,,634,55.3,2.79,,91.0,-3.13,1.56,13.3,7.0,5.0,0.00,ARMED,,15.3
1791213040592,28.590240,77.296042,7.0,PETROL,3.89,17.3,1,947,55.3,3.94,,91.0,-3.13,1.56,13.3,3.2,7.0,0.00,ARMED,,16.5
1791213041506,28.590254,77.296032,7.0,PETROL,6.12,14.9,1,960,55.3,1.67,,91.0,-3.13,1.56,13.2,0.0,7.0,0.00,ARMED,,13.3
1791213043323,28.590279,77.296016,6.0,PETROL,7.82,14.9,1,777,23.9,1.39,,91.0,3.13,2.34,13.4,0.0,6.3,-0.39,ARMED,,12.5
1791213044251,28.590290,77.296009,5.0,PETROL,7.64,15.3,,626,23.9,1.96,,91.0,3.13,2.34,12.7,0.5,5.0,0.00,ARMED,,12.9
1791213045158,28.590302,77.296001,5.0,PETROL,7.86,14.9,,433,23.9,1.75,,91.0,3.13,2.34,12.7,0.0,5.0,0.00,ARMED,,12.9
1791213046779,28.590316,77.295992,6.0,PETROL,10.11,14.9,,474,38.8,1.12,,91.0,-1.56,2.34,12.8,0.0,6.0,0.00,ARMED,,12.9
1791213047661,28.590333,77.295982,8.0,PETROL,13.06,14.9,,599,38.8,1.29,,91.0,-1.56,2.34,12.8,0.0,8.0,0.00,ARMED,,13.7
1791213048568,28.590352,77.295970,9.0,PETROL,13.79,14.9,,644,38.8,1.85,,91.0,-1.56,2.34,13.4,0.0,9.0,0.00,ARMED,,14.5
1791213050244,28.590389,77.295948,9.0,PETROL,12.27,14.9,2,738,42.7,2.58,,91.0,-3.13,1.56,13.4,0.0,9.0,0.00,ARMED,,14.1
1791213051173,28.590407,77.295937,8.0,PETROL,7.79,21.6,,596,42.7,4.93,,91.0,-3.13,1.56,12.8,9.1,8.0,0.00,ARMED,,19.2
1791213052074,28.590429,77.295925,9.0,PETROL,5.25,21.6,,682,42.7,7.63,,91.0,-3.13,1.56,12.8,9.1,9.0,0.00,ARMED,,31.0
1791213053808,28.590454,77.295909,11.0,PETROL,5.52,21.6,2,810,68.2,6.12,,91.0,-10.16,3.13,13.3,9.1,11.0,0.00,ARMED,,19.2
1791213054719,28.590482,77.295891,14.0,PETROL,6.71,21.6,2,1028,68.2,5.35,,91.0,-10.16,3.13,13.3,9.1,14.0,0.00,ARMED,,18.4
1791213055625,28.590513,77.295871,15.0,PETROL,7.13,21.6,2,1111,68.2,6.39,,91.0,-10.16,3.13,13.3,9.1,14.7,0.38,ARMED,,18.4
1791213057407,28.590584,77.295827,16.0,PETROL,7.52,21.6,2,1189,46.7,6.15,,91.0,-3.13,1.56,13.3,9.1,15.7,0.78,ARMED,,18.8
1791213058358,28.590622,77.295803,18.0,PETROL,9.70,20.0,2,1308,46.7,3.78,,91.0,-3.13,1.56,13.2,7.0,18.0,0.00,ARMED,,16.1
1791213059320,28.590660,77.295779,18.0,PETROL,12.39,19.6,2,1340,46.7,2.87,,91.0,-3.13,1.56,13.2,6.4,18.1,0.01,ARMED,,14.9
1791213060981,28.590740,77.295731,18.0,PETROL,13.90,18.8,2,1336,20.4,3.13,,91.0,5.47,-0.78,13.4,5.4,18.0,0.01,ARMED,,14.9
1791213061856,28.590740,77.295731,18.0,PETROL,13.62,20.4,2,1356,20.4,3.95,,90.0,5.47,-0.78,13.4,7.5,18.0,0.00,ARMED,,15.7
1791213062810,28.590780,77.295706,19.0,PETROL,14.84,14.9,2,1386,20.4,3.26,,90.0,5.47,-0.78,13.5,0.0,18.5,0.28,ARMED,,15.7
1791213064411,28.590860,77.295656,18.0,PETROL,16.24,18.8,2,1368,19.2,2.89,,90.0,0.78,-0.78,13.5,5.4,18.5,0.22,ARMED,,14.5
1791213065406,28.590899,77.295632,18.0,PETROL,18.99,19.2,2,1328,19.2,2.15,,90.0,0.78,-0.78,13.3,5.9,18.0,0.00,ARMED,,14.1
1791213066268,28.590937,77.295607,18.0,PETROL,19.27,20.0,2,1312,19.2,2.78,,89.0,0.78,-0.78,13.3,7.0,17.8,-0.06,ARMED,,15.3
1791213067953,28.590976,77.295583,18.0,PETROL,18.50,20.0,2,1336,34.9,3.16,,89.0,-0.78,0.00,13.2,7.0,17.9,-0.00,ARMED,,17.3
1791213068875,28.591016,77.295557,19.0,PETROL,14.40,21.2,2,1377,34.9,5.32,,89.0,-0.78,0.00,13.2,8.6,19.0,0.00,ARMED,,18.0
1791213069744,28.591057,77.295532,19.0,PETROL,12.58,21.2,2,1418,34.9,5.48,,89.0,-0.78,0.00,13.4,8.6,19.1,0.02,ARMED,,18.0
1791213071329,28.591141,77.295480,20.0,PETROL,11.47,21.2,2,1456,38.0,5.96,,89.0,-0.78,0.78,13.4,8.6,19.5,0.24,ARMED,,18.0
1791213072203,28.591187,77.295451,20.0,PETROL,10.85,21.2,2,1532,38.0,6.04,,89.0,-0.78,0.78,13.2,8.6,20.0,0.00,ARMED,,18.0
1791213073125,28.591234,77.295423,21.0,PETROL,10.79,20.8,2,1559,38.0,5.97,,89.0,-0.78,0.78,13.2,8.0,20.7,0.41,ARMED,,18.0
1791213074756,28.591281,77.295393,22.0,PETROL,12.49,20.8,2,1624,21.6,4.23,,89.0,-1.56,0.78,13.2,8.0,21.6,0.72,ARMED,,16.5
1791213075654,28.591330,77.295363,22.0,PETROL,15.05,14.9,2,1600,21.6,3.18,,89.0,-1.56,0.78,13.2,0.0,22.0,0.00,ARMED,,15.3
1791213076610,28.591377,77.295334,21.0,PETROL,18.06,14.9,2,1572,21.6,2.48,,89.0,-1.56,0.78,13.3,0.0,21.5,-0.31,ARMED,,14.9
1791213078371,28.591462,77.295283,20.0,PETROL,29.42,14.9,2,1482,18.4,2.91,,89.0,0.00,0.00,13.5,0.0,20.4,-0.76,ARMED,,14.5
1791213079287,28.591498,77.295260,17.0,PETROL,26.14,14.9,2,1255,18.4,2.38,,89.0,0.00,0.00,13.2,0.0,17.0,0.00,ARMED,,13.7
1791213080203,28.591529,77.295241,14.0,PETROL,23.42,14.9,,852,18.4,2.21,,89.0,0.00,0.00,13.2,0.0,14.0,0.00,ARMED,,12.9
1791213081922,28.591550,77.295227,11.0,PETROL,23.45,14.9,2,733,24.3,1.40,,89.0,-0.78,2.34,13.2,0.0,11.0,0.00,ARMED,,12.5
1791213082790,28.591562,77.295219,3.0,PETROL,15.04,14.9,,712,24.3,2.17,,89.0,-0.78,2.34,13.2,0.0,3.0,0.00,ARMED,,12.9
1791213083699,28.591568,77.295215,2.0,PETROL,9.78,14.9,,698,24.3,2.22,,89.0,-0.78,2.34,13.3,0.0,2.0,0.00,ARMED,,12.9
1791213085420,28.591575,77.295212,2.0,PETROL,7.43,14.9,,703,77.3,1.84,,89.0,-1.56,0.78,13.3,0.0,2.0,0.00,ARMED,,12.9
1791213086331,28.591579,77.295209,2.0,PETROL,2.74,22.7,,1421,77.3,7.42,,89.0,-1.56,0.78,13.4,10.7,2.0,0.00,ARMED,,19.6
1791213087222,28.591587,77.295203,4.0,PETROL,3.09,22.4,,1217,77.3,3.26,,90.0,-1.56,0.78,13.4,10.2,4.0,0.00,ARMED,,17.6
1791213088879,28.591600,77.295195,5.0,PETROL,2.69,21.6,,1090,64.3,6.59,,90.0,-4.69,3.13,13.0,9.1,5.0,0.00,ARMED,,18.8
1791213089758,28.591618,77.295184,10.0,PETROL,4.52,14.9,2,702,64.3,3.83,,90.0,-4.69,3.13,13.0,0.0,10.0,0.00,ARMED,,11.8
1791213090705,28.591639,77.295170,10.0,PETROL,6.06,14.9,2,774,64.3,3.39,,90.0,-4.69,3.13,13.4,0.0,10.0,0.00,ARMED,,14.5
1791213092451,28.591684,77.295141,11.0,PETROL,8.25,14.9,2,777,41.2,2.53,,90.0,-4.69,2.34,13.4,0.0,10.7,0.40,ARMED,,15.3
1791213093386,28.591699,77.295132,7.0,PETROL,8.47,14.9,,842,41.2,2.44,,90.0,-4.69,2.34,13.4,0.0,7.0,0.00,ARMED,,15.3
1791213094284,28.591710,77.295126,4.0,PETROL,6.90,14.9,,853,41.2,2.85,,90.0,-4.69,2.34,13.4,0.0,4.0,0.00,ARMED,,15.3
1791213095954,28.591722,77.295118,4.0,PETROL,5.22,14.9,,853,42.7,3.70,,90.0,-1.56,2.34,13.4,0.0,4.0,0.00,ARMED,,15.3
1791213096854,28.591722,77.295118,1.0,PETROL,3.51,23.9,,854,42.7,3.21,,91.0,-1.56,2.34,13.4,12.3,1.0,0.00,ARMED,,18.4
1791213097827,28.591724,77.295116,1.0,PETROL,,20.4,,1439,42.7,2.10,,91.0,-1.56,2.34,13.2,7.5,1.0,0.00,ARMED,,16.9
1791213099397,28.591742,77.295104,4.0,PETROL,3.62,20.4,,1010,38.4,2.61,,91.0,-3.91,0.00,13.2,7.5,4.0,0.00,ARMED,,15.3
1791213100344,28.591759,77.295094,8.0,PETROL,5.46,20.0,1,1074,38.4,3.23,,91.0,-3.91,0.00,13.3,7.0,8.0,0.00,ARMED,,15.3
1791213101279,28.591777,77.295082,8.0,PETROL,7.58,14.9,1,1133,38.4,2.10,,91.0,-3.91,0.00,13.3,0.0,8.0,0.00,ARMED,,13.7
1791213103011,28.591815,77.295058,8.0,PETROL,5.68,19.2,1,1045,23.5,5.37,,91.0,0.78,2.34,13.1,5.9,8.0,0.00,ARMED,,15.7
1791213103871,28.591815,77.295058,9.0,PETROL,7.70,21.2,,699,23.5,2.03,,91.0,0.78,2.34,13.1,8.6,9.0,0.00,ARMED,,16.1
1791213104811,28.591836,77.295044,10.0,PETROL,9.91,18.4,2,718,23.5,1.98,,91.0,0.78,2.34,13.3,4.8,10.0,0.00,ARMED,,12.5
1791213106430,28.591880,77.295017,10.0,PETROL,8.16,20.4,2,750,60.8,4.55,,91.0,-1.56,2.34,13.3,7.5,10.0,0.00,ARMED,,14.9
1791213107365,28.591904,77.295002,11.0,PETROL,7.54,20.8,2,834,60.8,4.82,,91.0,-1.56,2.34,13.3,8.0,11.0,0.00,ARMED,,16.9
1791213108236,28.591930,77.294985,12.0,PETROL,8.16,20.8,2,892,60.8,3.99,,91.0,-1.56,2.34,13.3,8.0,11.7,0.38,ARMED,,16.9
1791213109922,28.591959,77.294968,13.0,PETROL,8.15,20.8,2,960,51.8,4.94,,91.0,-3.13,1.56,13.5,8.0,12.6,0.73,ARMED,,16.9
1791213110829,28.591989,77.294949,14.0,PETROL,8.39,14.9,2,1077,51.8,4.96,,92.0,-3.13,1.56,13.5,0.0,14.0,0.00,ARMED,,17.3
1791213111734,28.592021,77.294929,15.0,PETROL,8.72,20.8,2,1108,51.8,5.06,,92.0,-3.13,1.56,13.1,8.0,14.6,0.35,ARMED,,17.6
1791213113616,28.592089,77.294888,15.0,PETROL,9.26,18.0,2,1142,20.4,4.73,,92.0,-7.03,2.34,13.3,4.3,15.2,0.51,ARMED,,16.9
1791213114532,28.592119,77.294868,14.0,PETROL,11.68,14.9,2,947,20.4,2.31,,92.0,-7.03,2.34,13.2,0.0,14.0,0.00,ARMED,,12.9
1791213115505,28.592144,77.294852,11.0,PETROL,13.32,23.9,2,731,20.4,1.93,,92.0,-7.03,2.34,13.2,12.3,11.1,-1.60,ARMED,,12.5
1791213117179,28.592189,77.294824,10.0,PETROL,14.74,14.9,,1089,21.6,1.60,,92.0,0.00,2.34,13.5,0.0,10.0,0.00,ARMED,,12.2
1791213118079,28.592209,77.294811,10.0,PETROL,13.21,18.4,,977,21.6,2.66,,91.0,0.00,2.34,13.5,4.8,10.0,0.00,ARMED,,14.1
1791213119015,28.592229,77.294798,9.0,PETROL,13.43,14.9,,1059,21.6,1.93,,91.0,0.00,2.34,13.2,0.0,9.0,0.00,ARMED,,12.5
1791213120630,28.592250,77.294785,9.0,PETROL,12.17,19.6,,814,39.6,2.63,,91.0,-0.78,0.00,13.2,6.4,9.0,0.00,ARMED,,14.9
1791213121552,28.592272,77.294771,10.0,PETROL,7.60,17.3,2,779,39.6,6.24,,91.0,-0.78,0.00,13.5,3.2,10.0,0.00,ARMED,,20.8
1791213122414,28.592296,77.294756,12.0,PETROL,11.27,22.7,2,888,39.6,1.33,,91.0,-0.78,0.00,13.5,10.7,11.3,0.76,ARMED,,13.3
1791213124125,28.592355,77.294719,13.0,PETROL,7.49,22.0,2,960,56.5,7.53,,91.0,-3.13,2.34,13.2,9.6,12.7,1.13,ARMED,,19.2
1791213125020,28.592388,77.294697,15.0,PETROL,8.09,21.2,2,1122,56.5,5.15,,91.0,-3.13,2.34,13.2,8.6,15.0,0.00,ARMED,,18.0
1791213125926,28.592388,77.294697,16.0,PETROL,8.24,21.2,2,1196,56.5,5.82,,91.0,-3.13,2.34,13.2,8.6,15.7,0.37,ARMED,,18.0
1791213127583,28.592461,77.294650,17.0,PETROL,8.63,16.9,2,1268,30.6,5.55,,90.0,-0.78,2.34,13.2,2.7,16.7,0.75,ARMED,,17.6
1791213128560,28.592498,77.294627,17.0,PETROL,10.03,14.9,2,1176,30.6,3.97,,90.0,-0.78,2.34,13.0,0.0,17.0,0.00,ARMED,,15.3
1791213129438,28.592527,77.294608,12.0,PETROL,10.29,14.9,2,929,30.6,3.31,,90.0,-0.78,2.34,13.0,0.0,13.8,-1.81,ARMED,,14.9
1791213131126,28.592573,77.294579,10.0,PETROL,8.41,22.0,2,806,31.0,4.96,,90.0,0.78,0.78,13.3,9.6,11.2,-2.39,ARMED,,18.0
1791213131997,28.592595,77.294565,11.0,PETROL,9.73,14.9,1,1533,31.0,2.47,,90.0,0.78,0.78,13.3,0.0,11.0,0.00,ARMED,,14.1
1791213132894,28.592595,77.294565,11.0,PETROL,12.09,23.1,2,852,31.0,1.65,,90.0,0.78,0.78,13.4,11.2,11.0,0.00,ARMED,,18.0
1791213134608,28.592646,77.294533,12.0,PETROL,15.38,18.8,,1170,22.7,1.47,,90.0,-4.69,2.34,13.4,5.4,12.0,0.00,ARMED,,12.2
1791213135519,28.592670,77.294518,12.0,PETROL,17.89,19.6,2,868,22.7,1.59,,90.0,-4.69,2.34,13.2,6.4,12.0,0.00,ARMED,,12.9
1791213136352,28.592696,77.294502,12.0,PETROL,13.09,22.4,2,856,22.7,3.99,,90.0,-4.69,2.34,13.2,10.2,12.0,0.00,ARMED,,16.9
1791213138038,28.592755,77.294466,13.0,PETROL,9.45,22.7,2,933,54.5,5.61,,90.0,0.78,2.34,13.4,10.7,12.7,0.39,ARMED,,18.0
1791213138918,28.592755,77.294466,16.0,PETROL,8.87,22.4,2,1177,54.5,5.70,,90.0,0.78,2.34,13.4,10.2,16.0,0.00,ARMED,,17.6
1791213139822,28.592790,77.294445,17.0,PETROL,9.09,21.6,2,1275,54.5,5.35,,90.0,0.78,2.34,13.2,9.1,16.7,0.37,ARMED,,18.0
1791213141462,28.592870,77.294395,18.0,PETROL,12.25,14.9,2,1237,45.1,2.50,,90.0,0.00,0.78,13.2,0.0,16.7,0.21,ARMED,,12.9
1791213142402,28.592910,77.294371,19.0,PETROL,14.17,14.9,3,942,45.1,3.23,,90.0,0.00,0.78,12.7,0.0,19.0,0.00,ARMED,,14.5
1791213143267,28.592950,77.294347,18.0,PETROL,16.97,14.9,4,791,45.1,2.29,,90.0,0.00,0.78,12.7,0.0,18.0,0.00,ARMED,,14.5
1791213144963,28.593019,77.294304,17.0,PETROL,17.08,14.9,3,809,39.6,3.02,,90.0,-3.13,2.34,13.3,0.0,17.0,0.00,ARMED,,14.9
1791213145821,28.593019,77.294304,15.0,PETROL,16.86,14.9,3,832,39.6,2.79,,90.0,-3.13,2.34,13.3,0.0,15.0,0.00,ARMED,,14.9
1791213146753,28.593051,77.294283,15.0,PETROL,14.57,20.8,3,841,39.6,3.86,,90.0,-3.13,2.34,13.4,8.0,15.0,0.00,ARMED,,16.5
1791213148594,28.593115,77.294243,15.0,PETROL,11.17,20.8,2,1077,46.3,5.43,,91.0,2.34,0.78,13.2,8.0,15.0,0.00,ARMED,,17.3
1791213149500,28.593149,77.294222,16.0,PETROL,11.80,14.9,2,1203,46.3,3.67,,91.0,2.34,0.78,13.2,0.0,16.0,0.00,ARMED,,12.5
1791213150465,28.593180,77.294203,14.0,PETROL,13.29,14.9,2,1056,46.3,2.45,,90.0,2.34,0.78,13.2,0.0,14.6,-0.78,ARMED,,13.3
1791213152091,28.593205,77.294187,7.0,PETROL,13.96,14.9,1,889,25.1,1.22,,90.0,2.34,2.34,13.2,0.0,7.0,0.00,ARMED,,12.9
1791213153029,28.593210,77.294184,2.0,PETROL,4.73,23.5,,700,25.1,8.42,,90.0,2.34,2.34,13.2,11.8,2.0,0.00,ARMED,,20.4
1791213153950,28.593210,77.294184,2.0,PETROL,3.56,14.9,,1584,25.1,4.04,,90.0,2.34,2.34,13.3,0.0,2.0,0.00,ARMED,,13.3
1791213155716,28.593224,77.294176,3.0,PETROL,2.82,21.2,,1013,34.1,5.38,,90.0,-5.47,0.00,13.3,8.6,3.0,0.00,ARMED,,17.3
1791213156652,28.593238,77.294167,7.0,PETROL,4.10,14.9,1,942,34.1,3.07,,90.0,-5.47,0.00,13.4,0.0,7.0,0.00,ARMED,,14.1
1791213157507,28.593252,77.294158,7.0,PETROL,5.61,14.9,1,957,34.1,2.27,,90.0,-5.47,0.00,13.4,0.0,7.0,0.00,ARMED,,12.9
1791213159205,28.593267,77.294149,5.0,PETROL,6.24,14.9,1,738,35.7,1.84,,90.0,3.13,2.34,13.4,0.0,5.6,-0.77,ARMED,,12.5
1791213160118,28.593267,77.294150,0.0,PETROL,3.33,14.9,0,778,35.7,3.44,,90.0,3.13,2.34,13.4,0.0,0.0,0.00,ARMED,,14.9
1791213161105,28.593267,77.294150,0.0,PETROL,,14.9,0,787,35.7,2.53,,90.0,3.13,2.34,13.3,0.0,0.0,0.00,ARMED,,15.3
1791213162740,28.593267,77.294150,0.0,PETROL,,14.9,0,821,41.6,3.72,,90.0,-4.69,2.34,13.3,0.0,0.0,0.00,ARMED,,15.3
1791213163677,28.593267,77.294150,0.0,PETROL,,19.6,0,846,41.6,2.99,,90.0,-4.69,2.34,13.4,6.4,0.0,0.00,ARMED,,16.1
1791213164629,28.593267,77.294150,0.0,PETROL,,18.8,0,1016,41.6,3.32,,90.0,-4.69,2.34,13.4,5.4,0.0,0.00,ARMED,,15.7
1791213166399,28.593282,77.294139,2.0,PETROL,,20.8,,895,62.0,5.49,,90.0,-2.34,2.34,13.0,8.0,2.0,0.00,ARMED,,18.0
1791213167284,28.593298,77.294130,8.0,PETROL,3.22,14.9,1,1063,62.0,2.92,,90.0,-2.34,2.34,13.0,0.0,8.0,0.00,ARMED,,13.3
1791213168231,28.593315,77.294119,8.0,PETROL,4.51,21.2,1,1104,62.0,3.84,,90.0,-2.34,2.34,13.2,8.6,8.0,0.00,ARMED,,16.5
1791213169863,28.593334,77.294107,9.0,PETROL,6.21,19.6,1,1202,19.6,2.91,,91.0,-2.34,1.56,13.2,6.4,8.7,0.38,ARMED,,14.9
1791213170767,28.593353,77.294096,8.0,PETROL,7.87,15.7,1,1182,19.6,2.04,,91.0,-2.34,1.56,13.2,1.1,8.0,0.00,ARMED,,13.7
1791213171714,28.593371,77.294085,8.0,PETROL,9.81,14.9,1,1143,19.6,1.65,,90.0,-2.34,1.56,13.2,0.0,8.0,0.00,ARMED,,13.7
1791213173379,28.593404,77.294065,7.0,PETROL,9.60,14.9,1,1073,20.4,2.28,,90.0,-1.56,2.34,13.4,0.0,7.6,-0.21,ARMED,,13.3
1791213174275,28.593420,77.294055,7.0,PETROL,9.77,14.9,1,1035,20.4,2.10,,90.0,-1.56,2.34,13.4,0.0,7.0,0.00,ARMED,,13.3
1791213175154,28.593435,77.294046,7.0,PETROL,11.34,14.9,1,1002,20.4,1.40,,90.0,-1.56,2.34,13.4,0.0,7.0,-0.01,ARMED,,13.3
1791213176796,28.593451,77.294037,7.0,PETROL,10.38,14.9,1,996,21.2,2.30,,90.0,-1.56,2.34,13.4,0.0,6.9,-0.02,ARMED,,13.3
1791213177706,28.593466,77.294028,7.0,PETROL,9.20,18.8,1,995,21.2,2.69,,90.0,-1.56,2.34,13.4,5.4,7.0,0.00,ARMED,,16.1
1791213178537,28.593482,77.294019,7.0,PETROL,6.33,21.2,1,1029,21.2,4.91,,90.0,-1.56,2.34,13.4,8.6,7.1,0.03,ARMED,,17.6
1791213180258,28.593519,77.293997,8.0,PETROL,5.37,20.8,1,1111,39.2,5.44,,90.0,-0.78,0.78,13.3,8.0,7.5,0.27,ARMED,,17.6
1791213181111,28.593543,77.293982,11.0,PETROL,5.46,20.0,1,1528,39.2,6.03,,90.0,-0.78,0.78,13.3,7.0,11.0,0.00,ARMED,,18.0
1791213182008,28.593568,77.293968,12.0,PETROL,6.10,19.6,1,1647,39.2,5.21,,90.0,-0.78,0.78,13.4,6.4,11.5,0.27,ARMED,,17.3
1791213183810,28.593596,77.293951,12.0,PETROL,6.02,20.4,1,1707,28.6,6.03,,90.0,0.78,1.56,13.2,7.5,12.0,0.44,ARMED,,18.0
1791213184684,28.593626,77.293934,14.0,PETROL,7.97,14.9,1,1829,28.6,3.24,,90.0,0.78,1.56,13.4,0.0,14.0,0.00,ARMED,,14.9
1791213185542,28.593658,77.293915,15.0,PETROL,11.83,18.8,,922,28.6,1.56,,90.0,0.78,1.56,13.4,5.4,15.0,0.00,ARMED,,13.7
1791213187239,28.593723,77.293878,15.0,PETROL,15.82,18.4,2,1093,19.6,1.63,,90.0,-0.78,-1.56,13.5,4.8,15.0,0.00,ARMED,,13.7
1791213188176,28.593756,77.293858,15.0,PETROL,16.78,17.6,2,1137,19.6,2.55,,90.0,-0.78,-1.56,13.5,3.7,15.0,0.00,ARMED,,13.7
1791213189126,28.593791,77.293838,15.0,PETROL,17.38,20.0,2,1151,19.6,2.55,,90.0,-0.78,-1.56,13.4,7.0,15.0,0.00,ARMED,,13.7
1791213190836,28.593826,77.293817,16.0,PETROL,16.33,19.6,2,1205,23.5,3.28,,90.0,-0.78,-0.78,13.4,6.4,15.5,0.29,ARMED,,14.9
1791213191742,28.593864,77.293795,18.0,PETROL,16.67,20.0,2,1332,23.5,3.25,,90.0,-0.78,-0.78,13.5,7.0,18.0,0.00,ARMED,,14.9
1791213192591,28.593905,77.293771,19.0,PETROL,18.72,20.0,2,1399,23.5,2.64,,90.0,-0.78,-0.78,13.5,7.0,18.3,0.07,ARMED,,14.9
1791213194229,28.593992,77.293721,20.0,PETROL,18.91,20.0,2,1445,19.6,3.08,,90.0,3.13,0.00,13.5,7.0,18.8,0.36,ARMED,,15.3
1791213195149,28.594038,77.293695,21.0,PETROL,19.36,14.9,2,1529,19.6,3.10,,89.0,3.13,0.00,13.5,0.0,21.0,0.00,ARMED,,14.5
1791213196061,28.594082,77.293670,21.0,PETROL,19.82,14.9,2,1548,19.6,3.02,,89.0,3.13,0.00,13.5,0.0,20.7,-0.19,ARMED,,14.9
1791213197796,28.594119,77.293649,17.0,PETROL,19.85,14.9,2,1266,34.5,2.54,,89.0,0.00,2.34,13.5,0.0,17.8,-1.67,ARMED,,15.3
1791213198717,28.594150,77.293632,14.0,PETROL,19.23,14.9,3,778,34.5,2.30,,89.0,0.00,2.34,13.3,0.0,14.0,0.00,ARMED,,14.9
1791213199696,28.594182,77.293615,15.0,PETROL,17.72,14.9,3,821,34.5,2.85,,89.0,0.00,2.34,13.3,0.0,15.0,0.00,ARMED,,14.9
1791213201343,28.594252,77.293578,15.0,PETROL,15.98,14.9,3,833,38.4,3.31,,89.0,-2.34,2.34,13.4,0.0,15.0,0.00,ARMED,,14.9
1791213202237,28.594285,77.293561,15.0,PETROL,14.99,14.9,3,851,38.4,3.34,,89.0,-2.34,2.34,13.4,0.0,15.0,0.00,ARMED,,14.9
1791213203180,28.594312,77.293547,12.0,PETROL,15.06,14.9,2,854,38.4,2.40,,89.0,-2.34,2.34,13.4,0.0,12.0,0.00,ARMED,,14.9
1791213204838,28.594341,77.293533,12.0,PETROL,13.06,14.9,2,857,35.3,3.37,,90.0,0.00,2.34,13.4,0.0,12.0,0.00,ARMED,,14.9
1791213205744,28.594369,77.293517,13.0,PETROL,14.49,14.9,,821,35.3,2.22,,90.0,0.00,2.34,13.5,0.0,13.0,0.00,ARMED,,12.5
1791213206626,28.594397,77.293503,13.0,PETROL,18.91,14.9,,760,35.3,1.10,,90.0,0.00,2.34,13.5,0.0,13.0,0.00,ARMED,,12.5
1791213208341,28.594456,77.293472,13.0,PETROL,23.46,14.9,3,735,23.5,0.98,,90.0,7.03,2.34,13.5,0.0,13.0,0.00,ARMED,,12.5
1791213209207,28.594488,77.293456,14.0,PETROL,23.29,14.9,3,720,23.5,1.69,,90.0,7.03,2.34,13.5,0.0,14.0,0.00,ARMED,,12.5
1791213210188,28.594520,77.293439,14.0,PETROL,28.90,14.9,3,711,23.5,0.88,,90.0,7.03,2.34,13.5,0.0,14.0,0.00,ARMED,,12.5
1791213211873,28.594554,77.293422,15.0,PETROL,33.67,14.9,3,704,23.9,1.05,,90.0,-2.34,2.34,13.5,0.0,14.0,-0.01,ARMED,,12.5
1791213212785,28.594589,77.293404,16.0,PETROL,35.52,14.9,4,700,23.9,1.27,,90.0,-2.34,2.34,13.4,0.0,16.0,0.00,ARMED,,12.5
1791213213703,28.594627,77.293385,17.0,PETROL,28.41,18.8,,699,23.9,2.30,,90.0,-2.34,2.34,13.4,5.4,17.0,0.00,ARMED,,12.9
1791213215364,28.594705,77.293346,17.0,PETROL,22.88,18.8,2,1332,18.4,2.85,,90.0,1.56,-0.78,13.4,5.4,17.0,0.00,ARMED,,14.1
1791213216239,28.594747,77.293325,18.0,PETROL,21.30,14.9,2,1363,18.4,2.79,,90.0,1.56,-0.78,13.4,0.0,18.0,0.00,ARMED,,14.5
1791213217154,28.594788,77.293304,18.0,PETROL,13.84,14.9,2,1345,18.4,5.87,,90.0,1.56,-0.78,13.2,0.0,18.0,0.00,ARMED,,15.7
1791213218964,28.594822,77.293286,17.0,PETROL,14.07,14.9,,1074,37.3,3.55,,90.0,-1.56,2.34,13.3,0.0,17.0,0.00,ARMED,,15.3
1791213219956,28.594848,77.293272,10.0,PETROL,13.42,14.9,2,836,37.3,2.52,,90.0,-1.56,2.34,13.1,0.0,10.0,0.00,ARMED,,14.9
1791213220876,28.594873,77.293259,11.0,PETROL,12.90,14.9,2,850,37.3,2.77,,90.0,-1.56,2.34,13.1,0.0,10.7,0.39,ARMED,,14.9
1791213222560,28.594920,77.293234,11.0,PETROL,11.53,14.9,2,854,38.0,3.42,,90.0,-1.56,2.34,13.2,0.0,11.0,0.38,ARMED,,14.9
1791213223446,28.594942,77.293222,10.0,PETROL,11.83,20.4,,854,38.0,2.43,,90.0,-1.56,2.34,13.2,7.5,10.0,0.00,ARMED,,18.4
1791213224353,28.594968,77.293209,11.0,PETROL,10.40,20.0,2,916,38.0,3.79,,90.0,-1.56,2.34,13.4,7.0,11.0,0.00,ARMED,,15.3
1791213225967,28.595025,77.293180,13.0,PETROL,13.14,14.9,2,928,21.6,1.73,,90.0,12.50,2.34,13.4,0.0,12.3,0.76,ARMED,,13.3
1791213226922,28.595025,77.293180,11.0,PETROL,13.97,14.9,2,740,21.6,1.87,,90.0,12.50,2.34,13.4,0.0,11.0,0.00,ARMED,,12.5
1791213227792,28.595047,77.293169,8.0,PETROL,12.39,14.9,,719,21.6,2.13,,90.0,12.50,2.34,13.4,0.0,8.0,0.00,ARMED,,12.5
1791213229420,28.595085,77.293151,8.0,PETROL,12.50,14.9,,722,24.3,1.83,,90.0,2.34,2.34,13.4,0.0,8.0,0.00,ARMED,,12.5
1791213230328,28.595105,77.293141,9.0,PETROL,13.28,15.3,2,709,24.3,1.78,,91.0,2.34,2.34,13.4,0.5,9.0,0.00,ARMED,,12.5
1791213231259,28.595126,77.293131,9.0,PETROL,16.41,16.9,2,700,24.3,1.02,,91.0,2.34,2.34,13.4,2.7,9.0,0.00,ARMED,,12.5
1791213232899,28.595149,77.293120,10.0,PETROL,16.04,16.9,2,737,36.9,1.94,,91.0,-1.56,2.34,13.4,2.7,9.7,0.39,ARMED,,15.7
1791213233916,28.595173,77.293108,11.0,PETROL,14.96,14.9,2,810,36.9,2.41,,91.0,-1.56,2.34,13.3,0.0,11.0,0.00,ARMED,,14.9
1791213234792,28.595198,77.293095,11.0,PETROL,13.95,14.9,2,837,36.9,2.60,,91.0,-1.56,2.34,13.3,0.0,11.0,0.00,ARMED,,15.3
1791213236562,28.595243,77.293071,11.0,PETROL,11.73,14.9,2,834,40.4,3.50,,91.0,-2.34,2.34,13.0,0.0,11.0,-0.01,ARMED,,15.3
1791213237424,28.595255,77.293065,4.0,PETROL,7.84,14.9,,849,40.4,3.61,,91.0,-2.34,2.34,13.0,0.0,4.0,0.00,ARMED,,15.3
1791213238339,28.595262,77.293062,3.0,PETROL,5.62,20.0,,855,40.4,3.47,,91.0,-2.34,2.34,13.3,7.0,3.0,0.00,ARMED,,18.0
1791213239971,28.595287,77.293049,4.0,PETROL,4.27,20.0,,883,57.3,4.31,,91.0,-0.78,2.34,13.3,7.0,4.0,0.00,ARMED,,16.5
1791213240903,28.595287,77.293049,9.0,PETROL,4.72,14.9,1,1215,57.3,5.20,,91.0,-0.78,2.34,13.4,0.0,9.0,0.00,ARMED,,17.3
1791213241817,28.595309,77.293039,11.0,PETROL,7.79,14.9,,1076,57.3,1.71,,91.0,-0.78,2.34,13.4,0.0,11.0,0.00,ARMED,,13.3
1791213243502,28.595359,77.293014,11.0,PETROL,9.75,17.6,2,865,22.0,2.40,,91.0,-0.78,2.34,13.2,3.7,11.0,0.00,ARMED,,14.5
1791213244399,28.595388,77.293001,12.0,PETROL,11.74,14.9,2,916,22.0,2.32,,91.0,-0.78,2.34,13.2,0.0,12.0,0.00,ARMED,,13.3
1791213245319,28.595416,77.292986,13.0,PETROL,16.14,14.9,2,935,22.0,1.32,,91.0,-0.78,2.34,13.3,0.0,12.7,0.38,ARMED,,13.3
1791213247077,28.595474,77.292958,13.0,PETROL,19.87,14.9,2,980,22.0,1.34,,91.0,0.78,2.34,13.3,0.0,13.4,0.59,ARMED,,13.3
1791213248031,28.595500,77.292944,11.0,PETROL,17.28,19.6,2,835,22.0,2.28,,91.0,0.78,2.34,13.5,6.4,11.0,0.00,ARMED,,16.5
1791213248924,28.595500,77.292944,12.0,PETROL,19.23,16.9,2,847,22.0,1.54,,91.0,0.78,2.34,13.5,2.7,11.5,0.30,ARMED,,12.9
1791213250614,28.595554,77.292918,12.0,PETROL,17.56,14.9,2,869,29.4,2.29,,91.0,0.00,2.34,13.4,0.0,12.0,0.36,ARMED,,12.9
1791213251456,28.595581,77.292904,12.0,PETROL,10.64,21.6,2,934,29.4,5.31,,91.0,0.00,2.34,13.4,9.1,12.0,0.00,ARMED,,17.6
1791213252358,28.595611,77.292889,13.0,PETROL,9.08,21.6,2,956,29.4,5.12,,91.0,0.00,2.34,13.3,9.1,12.8,0.47,ARMED,,18.4
1791213254106,28.595680,77.292856,15.0,PETROL,8.37,21.6,2,1070,50.6,6.03,,90.0,-2.34,1.56,13.3,9.1,14.3,1.06,ARMED,,18.0
1791213255015,28.595719,77.292836,17.0,PETROL,8.63,21.2,2,1267,50.6,5.81,,90.0,-2.34,1.56,13.3,8.6,17.0,0.00,ARMED,,18.0
1791213255882,28.595719,77.292836,18.0,PETROL,8.93,21.2,2,1353,50.6,5.92,,90.0,-2.34,1.56,13.3,8.6,18.1,0.60,ARMED,,18.0
1791213257508,28.595803,77.292792,19.0,PETROL,9.51,21.2,2,1412,23.1,5.57,,90.0,0.00,0.00,13.5,8.6,19.1,0.89,ARMED,,18.4
1791213258342,28.595846,77.292768,19.0,PETROL,12.14,18.0,2,1440,23.1,2.97,,90.0,0.00,0.00,13.5,4.3,19.0,0.00,ARMED,,14.5
1791213259254,28.595887,77.292746,19.0,PETROL,14.57,14.9,2,1377,23.1,2.84,,90.0,0.00,0.00,13.1,0.0,18.9,-0.02,ARMED,,14.5
1791213260865,28.595928,77.292724,18.0,PETROL,17.51,14.9,3,837,22.4,2.11,,90.0,0.00,2.34,13.1,0.0,18.0,0.00,ARMED,,12.5
1791213261743,28.595963,77.292705,13.0,PETROL,17.79,14.9,3,701,22.4,2.10,,90.0,0.00,2.34,13.4,0.0,13.0,0.00,ARMED,,12.9
1791213262582,28.595983,77.292692,7.0,PETROL,16.79,14.9,,701,22.4,1.48,,90.0,0.00,2.34,13.4,0.0,7.0,0.00,ARMED,,12.5
1791213264364,28.596003,77.292682,5.0,PETROL,14.00,14.9,1,706,27.5,1.75,,90.0,-1.56,2.34,13.5,0.0,5.0,0.00,ARMED,,12.9
1791213265327,28.596004,77.292681,0.0,PETROL,7.99,18.0,0,709,27.5,2.31,,90.0,-1.56,2.34,13.5,4.3,0.0,0.00,ARMED,,12.9
1791213266258,28.596005,77.292680,0.0,PETROL,3.86,14.9,0,829,27.5,3.45,,90.0,-1.56,2.34,13.3,0.0,0.0,0.00,ARMED,,13.7
1791213267901,28.596008,77.292680,1.0,PETROL,,14.9,,851,29.4,5.73,,90.0,-4.69,2.34,13.3,0.0,1.0,0.00,ARMED,,16.1
1791213268789,28.596011,77.292677,2.0,PETROL,,14.9,,841,29.4,2.51,,90.0,-4.69,2.34,13.2,0.0,2.0,0.00,ARMED,,14.9
1791213269708,28.596015,77.292675,2.0,PETROL,,20.4,,827,29.4,5.56,,90.0,-4.69,2.34,13.2,7.5,2.0,0.00,ARMED,,19.2
1791213271483,28.596026,77.292669,3.0,PETROL,,14.9,,795,40.4,2.40,,90.0,-5.47,2.34,13.3,0.0,3.0,0.00,ARMED,,14.9
1791213272353,28.596032,77.292666,3.0,PETROL,,20.8,,850,40.4,2.81,,90.0,-5.47,2.34,13.3,8.0,3.0,0.00,ARMED,,19.2
1791213273274,28.596040,77.292661,4.0,PETROL,2.89,19.6,,854,40.4,3.88,,90.0,-5.47,2.34,13.4,6.4,4.0,0.00,ARMED,,15.7
1791213274936,28.596053,77.292655,6.0,PETROL,3.67,19.2,1,809,48.2,4.16,,90.0,-7.03,0.78,13.4,5.9,6.0,0.00,ARMED,,15.3
1791213275896,28.596067,77.292647,7.0,PETROL,4.18,19.6,1,1015,48.2,4.73,,90.0,-7.03,0.78,13.4,6.4,7.0,0.00,ARMED,,16.9
1791213276790,28.596085,77.292637,8.0,PETROL,5.91,19.6,1,1168,48.2,2.55,,91.0,-7.03,0.78,13.4,6.4,7.7,0.39,ARMED,,14.9
1791213278436,28.596125,77.292617,9.0,PETROL,7.15,19.6,1,1275,21.2,2.90,,91.0,3.13,-0.78,13.4,6.4,8.5,0.68,ARMED,,14.5
1791213279318,28.596145,77.292608,9.0,PETROL,8.52,14.9,1,1346,21.2,2.39,,91.0,3.13,-0.78,13.4,0.0,9.0,0.00,ARMED,,14.1
1791213280276,28.596166,77.292597,9.0,PETROL,9.75,14.9,,823,21.2,2.21,,91.0,3.13,-0.78,13.2,0.0,9.0,0.00,ARMED,,12.9
1791213281993,28.596201,77.292581,8.0,PETROL,10.99,14.9,,735,24.7,1.74,,90.0,-0.78,2.34,13.2,0.0,8.0,0.00,ARMED,,12.5
1791213282942,28.596201,77.292581,7.0,PETROL,7.54,17.6,,667,24.7,4.33,,90.0,-0.78,2.34,12.8,3.7,7.0,0.00,ARMED,,11.0
1791213283873,28.596216,77.292574,7.0,PETROL,10.73,18.0,,528,24.7,0.58,,90.0,-0.78,2.34,12.8,4.3,7.0,0.00,ARMED,,12.2
1791213285573,28.596250,77.292558,7.0,PETROL,10.27,14.9,,538,30.2,2.10,,90.0,3.13,2.34,13.4,0.0,7.0,0.00,ARMED,,13.3
1791213286479,28.596260,77.292553,4.0,PETROL,10.16,14.9,,710,30.2,1.17,,90.0,3.13,2.34,13.4,0.0,4.0,0.00,ARMED,,12.9
1791213287405,28.596261,77.292551,0.0,PETROL,6.23,14.9,0,704,30.2,1.60,,90.0,3.13,2.34,13.3,0.0,0.0,0.00,ARMED,,13.3
1791213289235,28.596261,77.292551,0.0,PETROL,,14.9,0,721,42.0,2.56,,91.0,-4.69,2.34,13.2,0.0,0.0,0.00,ARMED,,14.1
1791213290473,28.596262,77.292551,0.0,PETROL,,14.9,0,838,42.0,6.03,,91.0,-4.69,2.34,13.0,0.0,0.0,0.00,ARMED,,15.7
1791213291620,28.596268,77.292548,3.0,PETROL,,18.8,,865,42.0,4.06,,91.0,-4.69,2.34,13.0,5.4,3.0,0.00,ARMED,,16.5
1791213293815,28.596292,77.292537,6.0,PETROL,3.36,18.8,1,743,43.5,2.76,,91.0,-10.16,0.78,13.1,5.4,6.0,0.00,ARMED,,14.5
1791213294969,28.596322,77.292521,7.0,PETROL,4.59,18.8,1,951,43.5,3.69,,91.0,-10.16,0.78,13.1,5.4,7.0,0.00,ARMED,,15.7
1791213296109,28.596336,77.292513,7.0,PETROL,5.95,14.9,1,973,43.5,2.70,,91.0,-10.16,0.78,13.2,0.0,7.0,0.00,ARMED,,14.9
1791213298322,28.596348,77.292507,3.0,PETROL,5.96,14.9,,825,26.3,1.36,,91.0,10.16,2.34,13.2,0.0,3.0,0.00,ARMED,,13.3
1791213299380,28.596350,77.292506,1.0,PETROL,2.48,14.9,,738,26.3,5.55,,91.0,10.16,2.34,13.5,0.0,1.0,0.00,ARMED,,15.7
1791213300256,28.596352,77.292505,1.0,PETROL,,14.9,,860,26.3,2.16,,91.0,10.16,2.34,13.5,0.0,1.0,0.00,ARMED,,12.9
1791213301933,28.596352,77.292506,0.0,PETROL,,14.9,0,744,25.9,1.36,,91.0,2.34,2.34,13.4,0.0,0.0,0.00,ARMED,,12.9
1791213302806,28.596352,77.292506,0.0,PETROL,,18.8,0,708,25.9,1.11,,91.0,2.34,2.34,13.4,5.4,0.0,0.00,ARMED,,16.9
1791213303725,28.596352,77.292506,1.0,PETROL,,14.9,,770,25.9,2.75,,91.0,2.34,2.34,13.5,0.0,1.0,0.00,ARMED,,14.5
1791213305384,28.596361,77.292500,1.0,PETROL,,14.9,,833,55.7,5.73,,91.0,-1.56,2.34,13.5,0.0,1.0,0.00,ARMED,,16.1
1791213306279,28.596369,77.292496,4.0,PETROL,,14.9,,782,55.7,2.60,,91.0,-1.56,2.34,13.3,0.0,4.0,0.00,ARMED,,14.1
1791213307168,28.596378,77.292492,4.0,PETROL,,16.5,,839,55.7,3.36,,91.0,-1.56,2.34,13.3,2.1,4.0,0.00,ARMED,,15.3
1791213308904,28.596388,77.292485,4.0,PETROL,2.65,14.9,,840,42.4,4.53,,91.0,-0.78,2.34,13.1,0.0,4.0,0.00,ARMED,,17.6
1791213309874,28.596398,77.292479,5.0,PETROL,2.62,14.9,,844,42.4,5.79,,91.0,-0.78,2.34,13.1,0.0,5.0,0.00,ARMED,,18.4
1791213310777,28.596410,77.292472,6.0,PETROL,3.55,18.8,1,848,42.4,3.25,,91.0,-0.78,2.34,13.4,5.4,6.0,0.00,ARMED,,15.7
1791213312390,28.596438,77.292457,6.0,PETROL,5.25,18.8,1,885,25.1,1.53,,91.0,-1.56,-1.56,13.4,5.4,6.0,0.00,ARMED,,13.3
1791213313283,28.596453,77.292448,7.0,PETROL,6.80,14.9,1,959,25.1,2.15,,91.0,-1.56,-1.56,13.3,0.0,7.0,0.00,ARMED,,12.9
1791213314197,28.596467,77.292440,7.0,PETROL,9.74,18.8,,835,25.1,1.01,,91.0,-1.56,-1.56,13.3,5.4,7.0,0.00,ARMED,,12.5
1791213315890,28.596480,77.292432,6.0,PETROL,9.88,19.2,1,858,30.6,1.82,,91.0,0.00,-0.78,13.2,5.9,6.0,0.00,ARMED,,13.3
1791213316784,28.596493,77.292425,6.0,PETROL,9.97,14.9,1,827,30.6,1.82,,91.0,0.00,-0.78,13.2,0.0,6.0,0.00,ARMED,,13.7
1791213317687,28.596507,77.292417,7.0,PETROL,9.99,14.9,1,862,30.6,2.14,,91.0,0.00,-0.78,13.1,0.0,6.7,0.38,ARMED,,12.9
1791213319302,28.596534,77.292402,6.0,PETROL,8.01,19.6,,714,56.5,3.06,,91.0,-2.34,0.78,13.1,6.4,6.0,0.00,ARMED,,14.5
1791213320233,28.596551,77.292393,8.0,PETROL,10.20,14.9,1,1032,56.5,1.64,,91.0,-2.34,0.78,13.4,0.0,8.0,0.00,ARMED,,11.4
1791213321119,28.596568,77.292384,8.0,PETROL,11.97,20.4,1,1002,56.5,1.60,,91.0,-2.34,0.78,13.4,7.5,8.0,0.00,ARMED,,16.9
1791213322733,28.596588,77.292374,9.0,PETROL,21.69,14.9,,895,27.8,0.00,,91.0,-6.25,2.34,13.5,0.0,9.0,0.00,ARMED,,12.5
1791213323593,28.596605,77.292365,7.0,PETROL,15.23,14.9,,818,27.8,2.20,,91.0,-6.25,2.34,13.5,0.0,7.0,0.00,ARMED,,14.1
1791213324543,28.596620,77.292357,6.0,PETROL,6.66,20.4,1,818,27.8,5.91,,91.0,-6.25,2.34,13.1,7.5,6.0,0.00,ARMED,,17.6
1791213326352,28.596651,77.292342,7.0,PETROL,7.20,14.9,,769,44.7,2.73,,90.0,-7.03,2.34,13.1,0.0,7.0,0.00,ARMED,,14.1
1791213327284,28.596667,77.292335,7.0,PETROL,7.17,14.9,,824,44.7,3.13,,90.0,-7.03,2.34,13.2,0.0,7.0,0.00,ARMED,,15.3
1791213328253,28.596681,77.292327,6.0,PETROL,7.13,21.2,1,852,44.7,2.71,,90.0,-7.03,2.34,13.2,8.6,6.0,0.00,ARMED,,15.3
1791213329920,28.596697,77.292318,7.0,PETROL,6.58,18.4,1,861,31.8,3.62,,90.0,0.00,-0.78,12.9,4.8,6.7,0.38,ARMED,,15.3
1791213330862,28.596715,77.292309,8.0,PETROL,5.85,20.0,,623,31.8,4.79,,90.0,0.00,-0.78,12.9,7.0,8.0,0.00,ARMED,,15.3
1791213331760,28.596735,77.292299,9.0,PETROL,10.68,16.9,,670,31.8,0.00,,90.0,0.00,-0.78,13.5,2.7,9.0,0.00,ARMED,,12.5
1791213333415,28.596778,77.292277,10.0,PETROL,10.45,14.9,2,710,40.8,2.92,,91.0,0.00,2.34,13.5,0.0,10.0,0.00,ARMED,,14.5
1791213334367,28.596798,77.292267,9.0,PETROL,10.27,19.6,,824,40.8,2.67,,91.0,0.00,2.34,13.0,6.4,9.0,0.00,ARMED,,14.9
1791213335290,28.596817,77.292257,8.0,PETROL,5.96,14.9,,847,40.8,6.77,,91.0,0.00,2.34,13.0,0.0,8.0,0.00,ARMED,,17.6
1791213336898,28.596837,77.292248,9.0,PETROL,8.21,14.9,,825,49.8,1.49,,91.0,3.13,0.78,12.8,0.0,9.0,0.00,ARMED,,13.3
1791213337769,28.596858,77.292237,10.0,PETROL,10.82,14.9,2,732,49.8,1.58,,91.0,3.13,0.78,12.8,0.0,10.0,0.00,ARMED,,14.9
1791213338742,28.596880,77.292227,9.0,PETROL,10.46,14.9,,822,49.8,2.65,,91.0,3.13,0.78,13.2,0.0,9.0,0.00,ARMED,,14.9
1791213340390,28.596909,77.292214,7.0,PETROL,8.62,14.9,,832,39.2,3.37,,91.0,-3.91,2.34,13.2,0.0,7.0,0.00,ARMED,,15.3
1791213341328,28.596917,77.292210,3.0,PETROL,4.30,19.2,,841,39.2,6.62,,91.0,-3.91,2.34,12.9,5.9,3.0,0.00,ARMED,,18.0
1791213342227,28.596928,77.292205,5.0,PETROL,5.65,14.9,1,735,39.2,1.16,,91.0,-3.91,2.34,12.9,0.0,5.0,0.00,ARMED,,11.0
1791213343911,28.596939,77.292200,5.0,PETROL,7.15,14.9,,773,23.5,1.05,,91.0,7.81,2.34,13.4,0.0,5.0,0.00,ARMED,,12.9
1791213344771,28.596947,77.292196,3.0,PETROL,3.56,20.0,,729,23.5,5.50,,91.0,7.81,2.34,13.4,7.0,3.0,0.00,ARMED,,17.6
1791213345634,28.596956,77.292192,4.0,PETROL,4.47,14.9,,676,23.5,1.42,,91.0,7.81,2.34,13.2,0.0,4.0,0.00,ARMED,,12.5
1791213347265,28.596975,77.292184,4.0,PETROL,5.28,14.9,,702,26.3,1.62,,91.0,-1.56,2.34,13.2,0.0,4.0,0.00,ARMED,,14.5
1791213348180,28.596985,77.292179,4.0,PETROL,5.78,16.9,,727,26.3,1.78,,91.0,-1.56,2.34,13.2,2.7,4.0,0.00,ARMED,,13.7
1791213349110,28.596997,77.292175,5.0,PETROL,8.03,20.4,,690,26.3,0.98,,91.0,-1.56,2.34,13.2,7.5,5.0,0.00,ARMED,,12.9
1791213350874,28.597011,77.292168,5.0,PETROL,6.20,20.0,1,746,45.5,3.23,,91.0,-1.56,0.78,13.2,7.0,5.0,0.00,ARMED,,14.1
1791213351791,28.597027,77.292161,8.0,PETROL,7.68,14.9,1,1023,45.5,2.52,,91.0,-1.56,0.78,13.2,0.0,8.0,0.00,ARMED,,15.3
1791213352720,28.597044,77.292153,8.0,PETROL,7.94,18.8,,832,45.5,2.97,,91.0,-1.56,0.78,12.7,5.4,8.0,0.00,ARMED,,15.7
1791213354331,28.597082,77.292136,8.0,PETROL,10.39,18.0,,619,40.4,1.40,,91.0,0.78,0.78,12.7,4.3,8.0,0.00,ARMED,,13.3
1791213355267,28.597103,77.292127,9.0,PETROL,9.31,14.9,2,727,40.4,3.26,,91.0,0.78,0.78,13.4,0.0,9.0,0.00,ARMED,,14.5
1791213356178,28.597119,77.292120,8.0,PETROL,9.62,14.9,,833,40.4,2.37,,91.0,0.78,0.78,13.4,0.0,8.0,0.00,ARMED,,14.9
1791213357881,28.597133,77.292113,6.0,PETROL,8.53,20.8,1,842,61.6,2.52,,91.0,0.78,3.13,12.7,8.0,6.0,0.00,ARMED,,18.8
1791213358801,28.597150,77.292106,8.0,PETROL,9.62,14.9,,632,61.6,2.02,,91.0,0.78,3.13,12.7,0.0,8.0,0.00,ARMED,,12.9
1791213359738,28.597168,77.292098,8.0,PETROL,10.00,14.9,,842,61.6,2.21,,91.0,0.78,3.13,13.3,0.0,8.0,0.00,ARMED,,13.3
1791213361568,28.597200,77.292084,7.0,PETROL,9.30,14.9,1,865,22.0,2.37,,91.0,5.47,2.34,13.4,0.0,7.0,0.00,ARMED,,13.3
1791213362516,28.597212,77.292079,5.0,PETROL,10.47,14.9,1,741,22.0,0.97,,91.0,5.47,2.34,13.1,0.0,5.0,0.00,ARMED,,12.5
1791213363436,28.597223,77.292074,5.0,PETROL,8.78,14.9,1,717,22.0,2.11,,91.0,5.47,2.34,13.1,0.0,5.0,0.00,ARMED,,12.5
1791213365130,28.597242,77.292067,4.0,PETROL,8.17,17.3,,712,35.7,1.69,,91.0,-0.78,2.34,13.3,3.2,4.0,0.00,ARMED,,12.5
1791213366012,28.597249,77.292064,4.0,PETROL,8.80,14.9,,684,35.7,1.16,,91.0,-0.78,2.34,13.3,0.0,4.0,0.00,ARMED,,12.9
1791213366933,28.597249,77.292064,2.0,PETROL,6.86,14.9,,698,35.7,1.55,,91.0,-0.78,2.34,13.3,0.0,2.0,0.00,ARMED,,12.9
1791213368631,28.597258,77.292061,1.0,PETROL,,22.7,,711,51.0,8.44,,91.0,-0.78,2.34,13.3,10.7,1.0,0.00,ARMED,,22.0
1791213369506,28.597266,77.292059,4.0,PETROL,2.61,17.3,,939,51.0,2.51,,91.0,-0.78,2.34,12.6,3.2,4.0,0.00,ARMED,,15.7
1791213370466,28.597277,77.292056,5.0,PETROL,3.66,14.9,,609,51.0,2.55,,90.0,-0.78,2.34,12.6,0.0,5.0,0.00,ARMED,,16.1
1791213372150,28.597295,77.292049,5.0,PETROL,4.38,14.9,,840,43.9,2.80,,90.0,-7.03,2.34,13.2,0.0,5.0,0.00,ARMED,,15.3
1791213373085,28.597299,77.292048,2.0,PETROL,3.58,14.9,,837,43.9,2.84,,90.0,-7.03,2.34,13.2,0.0,2.0,0.00,ARMED,,15.7
1791213373980,28.597302,77.292046,1.0,PETROL,,18.0,,842,43.9,3.78,,90.0,-7.03,2.34,13.2,4.3,1.0,0.00,ARMED,,15.7
1791213375727,28.597307,77.292044,2.0,PETROL,,14.9,,765,48.6,6.33,,91.0,-4.69,2.34,13.2,0.0,2.0,0.00,ARMED,,18.0
1791213376628,28.597314,77.292041,3.0,PETROL,,17.3,,837,48.6,3.88,,91.0,-4.69,2.34,13.2,3.2,3.0,0.00,ARMED,,15.7
1791213377478,28.597322,77.292037,4.0,PETROL,2.41,17.6,,809,48.6,3.75,,91.0,-4.69,2.34,13.2,3.7,4.0,0.00,ARMED,,15.3
1791213379247,28.597342,77.292028,4.0,PETROL,2.95,14.9,,765,34.1,3.10,,91.0,-0.78,-0.78,13.5,0.0,4.0,0.00,ARMED,,17.3
1791213380144,28.597355,77.292022,6.0,PETROL,4.32,14.9,1,787,34.1,2.55,,91.0,-0.78,-0.78,13.5,0.0,6.0,0.00,ARMED,,12.9
1791213381079,28.597369,77.292015,6.0,PETROL,5.72,14.9,1,791,34.1,2.07,,91.0,-0.78,-0.78,13.2,0.0,6.0,0.00,ARMED,,12.5
1791213382724,28.597381,77.292010,6.0,PETROL,6.94,17.6,,726,23.5,1.84,,91.0,5.47,-1.56,13.2,3.7,6.0,0.00,ARMED,,12.5
1791213383759,28.597393,77.292004,5.0,PETROL,7.17,14.9,1,756,23.5,1.93,,91.0,5.47,-1.56,13.3,0.0,5.0,0.00,ARMED,,12.5
1791213384687,28.597405,77.291999,5.0,PETROL,7.23,17.3,1,716,23.5,2.00,,91.0,5.47,-1.56,13.3,3.2,5.0,0.00,ARMED,,14.1
1791213386399,28.597430,77.291988,5.0,PETROL,6.76,17.3,1,755,41.6,2.62,,91.0,-6.25,0.78,13.2,3.2,5.0,0.00,ARMED,,14.9
1791213387308,28.597442,77.291982,5.0,PETROL,6.22,17.6,,774,41.6,2.90,,91.0,-6.25,0.78,13.2,3.7,5.0,0.00,ARMED,,14.5
1791213388274,28.597454,77.291977,5.0,PETROL,5.57,18.4,1,759,41.6,3.35,,91.0,-6.25,0.78,13.0,4.8,5.0,0.00,ARMED,,14.9
1791213389910,28.597467,77.291971,5.0,PETROL,5.33,18.4,1,745,42.7,2.95,,91.0,2.34,0.78,13.0,4.8,5.0,0.00,ARMED,,15.3
1791213390880,28.597480,77.291966,6.0,PETROL,5.98,14.9,1,834,42.7,2.51,,91.0,2.34,0.78,13.2,0.0,6.0,0.00,ARMED,,15.3
1791213391792,28.597493,77.291960,6.0,PETROL,5.53,14.9,1,849,42.7,3.53,,91.0,2.34,0.78,13.2,0.0,6.0,0.00,ARMED,,11.8
1791213393569,28.597522,77.291946,6.0,PETROL,6.58,19.6,,535,32.9,1.98,,91.0,0.78,1.56,13.3,6.4,6.0,0.00,ARMED,,12.9
1791213394507,28.597538,77.291939,7.0,PETROL,8.09,14.9,,708,32.9,1.84,,91.0,0.78,1.56,13.3,0.0,7.0,0.00,ARMED,,12.9
1791213395456,28.597555,77.291932,7.0,PETROL,8.68,14.9,,708,32.9,2.16,,91.0,0.78,1.56,13.4,0.0,7.0,0.00,ARMED,,12.5
1791213397207,28.597584,77.291919,6.0,PETROL,8.79,14.9,,703,25.1,2.02,,91.0,-1.56,2.34,13.2,0.0,6.0,0.00,ARMED,,12.5
1791213398120,28.597598,77.291912,6.0,PETROL,14.33,18.4,,584,25.1,0.00,,91.0,-1.56,2.34,12.6,4.8,6.0,0.00,ARMED,,11.8
1791213399002,28.597613,77.291905,7.0,PETROL,14.83,18.4,,471,25.1,1.36,,91.0,-1.56,2.34,12.6,4.8,7.0,0.00,ARMED,,12.2
1791213400683,28.597629,77.291897,7.0,PETROL,12.10,14.9,,515,29.0,2.13,,91.0,1.56,2.34,13.3,0.0,7.0,0.00,ARMED,,13.3
1791213401617,28.597645,77.291890,7.0,PETROL,8.55,15.3,,765,29.0,3.41,,91.0,1.56,2.34,13.3,0.5,7.0,0.00,ARMED,,14.5
1791213402544,28.597661,77.291882,7.0,PETROL,8.62,19.2,,812,29.0,2.35,,91.0,1.56,2.34,12.6,5.9,7.0,0.00,ARMED,,14.9
1791213404261,28.597693,77.291866,7.0,PETROL,7.58,14.9,,604,42.0,3.44,,91.0,-6.25,2.34,12.6,0.0,7.0,0.00,ARMED,,15.3
1791213405208,28.597709,77.291859,7.0,PETROL,7.03,16.9,,836,42.0,3.49,,91.0,-6.25,2.34,12.7,2.7,7.0,0.00,ARMED,,15.3
1791213406196,28.597725,77.291850,7.0,PETROL,6.47,14.9,,648,42.0,3.83,,91.0,-6.25,2.34,12.7,0.0,7.0,0.00,ARMED,,15.7
1791213407881,28.597742,77.291840,8.0,PETROL,6.76,14.9,,846,41.2,3.53,,91.0,-6.25,2.34,12.9,0.0,8.0,0.00,ARMED,,15.3
1791213408737,28.597759,77.291830,8.0,PETROL,7.41,14.9,,685,41.2,2.96,,91.0,-6.25,2.34,12.9,0.0,8.0,0.00,ARMED,,16.1
1791213409651,28.597777,77.291822,8.0,PETROL,8.34,18.0,,839,41.2,2.49,,91.0,-6.25,2.34,12.8,4.3,8.0,0.00,ARMED,,15.3
1791213411303,28.597813,77.291802,8.0,PETROL,14.06,14.9,,618,24.7,0.00,,91.0,-4.69,2.34,12.8,0.0,8.0,0.00,ARMED,,12.5
1791213412189,28.597830,77.291793,8.0,PETROL,13.60,14.9,,728,24.7,1.92,,91.0,-4.69,2.34,13.2,0.0,8.0,0.00,ARMED,,12.5
1791213413083,28.597847,77.291784,7.0,PETROL,15.27,20.4,,720,24.7,1.13,,91.0,-4.69,2.34,13.2,7.5,7.0,0.00,ARMED,,17.6
1791213414859,28.597867,77.291775,8.0,PETROL,13.06,14.9,,669,26.7,2.28,,91.0,-3.91,2.34,13.4,0.0,8.0,0.00,ARMED,,10.6
1791213415758,28.597886,77.291764,8.0,PETROL,12.45,16.9,,709,26.7,2.12,,91.0,-3.91,2.34,13.4,2.7,8.0,0.00,ARMED,,12.9
1791213416715,28.597905,77.291755,9.0,PETROL,15.81,14.9,,639,26.7,1.14,,91.0,-3.91,2.34,13.5,0.0,9.0,0.00,ARMED,,12.9
1791213418407,28.597941,77.291735,8.0,PETROL,14.35,14.9,,702,37.6,1.94,,91.0,-2.34,2.34,13.5,0.0,8.0,0.00,ARMED,,16.1
1791213419355,28.597957,77.291727,7.0,PETROL,5.67,20.8,,785,37.6,7.74,,91.0,-2.34,2.34,13.0,8.0,7.0,0.00,ARMED,,18.8
1791213420229,28.597975,77.291718,8.0,PETROL,7.14,21.2,,779,37.6,2.13,,91.0,-2.34,2.34,13.0,8.6,8.0,0.00,ARMED,,14.9
1791213421959,28.597994,77.291707,9.0,PETROL,6.29,14.9,,822,43.5,5.28,,91.0,-7.03,2.34,12.8,0.0,9.0,0.00,ARMED,,14.5
1791213422874,28.598015,77.291696,10.0,PETROL,7.97,14.9,2,712,43.5,2.67,,90.0,-7.03,2.34,12.8,0.0,10.0,0.00,ARMED,,14.9
1791213423823,28.598037,77.291684,10.0,PETROL,8.89,14.9,2,837,43.5,3.03,,90.0,-7.03,2.34,13.1,0.0,10.0,0.00,ARMED,,15.3
1791213425517,28.598079,77.291664,9.0,PETROL,9.77,14.9,,842,22.0,2.43,,90.0,-4.69,2.34,13.1,0.0,9.0,0.00,ARMED,,15.3
1791213426500,28.598094,77.291656,6.0,PETROL,9.87,14.9,1,740,22.0,1.85,,90.0,-4.69,2.34,13.5,0.0,6.0,0.00,ARMED,,12.9
1791213427429,28.598106,77.291650,5.0,PETROL,9.21,14.9,1,736,22.0,1.96,,90.0,-4.69,2.34,13.5,0.0,5.0,0.00,ARMED,,12.5
1791213429201,28.598126,77.291639,5.0,PETROL,10.64,14.9,1,723,24.7,0.94,,90.0,1.56,2.34,13.4,0.0,5.0,0.00,ARMED,,12.5
1791213430100,28.598136,77.291634,4.0,PETROL,6.30,20.4,,702,24.7,3.58,,90.0,1.56,2.34,13.4,7.5,4.0,0.00,ARMED,,14.9
1791213431059,28.598147,77.291628,5.0,PETROL,6.13,14.9,1,708,24.7,2.49,,90.0,1.56,2.34,13.5,0.0,5.0,0.00,ARMED,,10.2
1791213432871,28.598159,77.291622,5.0,PETROL,3.77,22.0,,698,23.9,6.24,,90.0,0.78,2.34,13.0,9.6,5.0,0.00,ARMED,,18.4
1791213433792,28.598174,77.291616,6.0,PETROL,5.94,18.0,,716,23.9,0.80,,90.0,0.78,2.34,12.7,4.3,6.0,0.00,ARMED,,13.7
1791213434706,28.598188,77.291608,7.0,PETROL,5.83,19.6,,518,23.9,3.62,,90.0,0.78,2.34,12.7,6.4,7.0,0.00,ARMED,,14.5
1791213436424,28.598222,77.291591,7.0,PETROL,7.02,19.6,,536,39.2,2.23,,90.0,-1.56,1.56,13.3,6.4,7.0,0.00,ARMED,,13.7
1791213437334,28.598240,77.291580,8.0,PETROL,9.28,14.9,,788,39.2,1.60,,90.0,-1.56,1.56,13.3,0.0,8.0,0.00,ARMED,,13.7
1791213438308,28.598259,77.291571,8.0,PETROL,7.72,14.9,,811,39.2,3.85,,90.0,-1.56,1.56,12.9,0.0,8.0,0.00,ARMED,,14.9
1791213439971,28.598293,77.291551,7.0,PETROL,7.64,20.4,,808,69.8,2.73,,90.0,0.78,3.13,12.9,7.5,7.0,0.00,ARMED,,15.3
1791213440910,28.598293,77.291551,8.0,PETROL,8.03,20.8,,779,69.8,2.71,,90.0,0.78,3.13,12.9,8.0,8.0,0.00,ARMED,,14.9
1791213441839,28.598311,77.291540,9.0,PETROL,6.92,20.4,2,704,69.8,4.47,,90.0,0.78,3.13,12.9,7.5,9.0,0.00,ARMED,,18.0
1791213443578,28.598357,77.291516,10.0,PETROL,8.91,18.0,2,765,40.8,2.49,,90.0,-10.94,0.00,13.2,4.3,9.7,0.39,ARMED,,14.1
1791213444464,28.598380,77.291503,10.0,PETROL,9.96,18.0,2,786,40.8,2.89,,90.0,-10.94,0.00,13.2,4.3,10.0,0.00,ARMED,,14.9
1791213445367,28.598403,77.291491,10.0,PETROL,10.76,18.0,2,765,40.8,2.82,,90.0,-10.94,0.00,13.4,4.3,10.0,0.00,ARMED,,14.9
1791213447057,28.598447,77.291467,10.0,PETROL,10.62,14.9,2,761,37.6,2.92,,90.0,-2.34,2.34,13.4,0.0,10.0,-0.01,ARMED,,15.3
1791213448014,28.598465,77.291457,8.0,PETROL,11.15,14.9,,816,37.6,1.98,,90.0,-2.34,2.34,13.5,0.0,8.0,0.00,ARMED,,12.5
1791213448883,28.598465,77.291457,7.0,PETROL,13.25,14.9,,747,37.6,1.02,,90.0,-2.34,2.34,13.5,0.0,7.0,0.00,ARMED,,12.9
1791213450552,28.598492,77.291442,6.0,PETROL,13.78,14.9,1,730,69.4,1.17,,90.0,1.56,2.34,13.5,0.0,6.0,0.00,ARMED,,12.5
1791213451430,28.598506,77.291435,7.0,PETROL,22.54,14.9,,794,69.4,0.00,,90.0,1.56,2.34,13.5,0.0,7.0,0.00,ARMED,,10.6
1791213452399,28.598521,77.291427,6.0,PETROL,16.22,17.6,,722,69.4,1.63,,90.0,1.56,2.34,12.7,3.7,6.0,0.00,ARMED,,12.5
1791213454037,28.598550,77.291410,7.0,PETROL,11.94,14.9,,551,36.9,2.52,,90.0,-4.69,2.34,12.7,0.0,7.0,0.00,ARMED,,13.3
1791213454947,28.598550,77.291410,6.0,PETROL,9.10,18.8,1,754,36.9,2.89,,90.0,-4.69,2.34,12.9,5.4,6.0,0.00,ARMED,,15.3
1791213455820,28.598563,77.291402,6.0,PETROL,3.80,22.7,1,800,36.9,9.57,,90.0,-4.69,2.34,12.9,10.7,6.0,0.00,ARMED,,26.3
1791213457473,28.598592,77.291385,7.0,PETROL,4.43,17.3,,1109,49.4,4.02,,90.0,-9.38,2.34,12.8,3.2,7.0,0.00,ARMED,,16.1
1791213458397,28.598610,77.291376,8.0,PETROL,5.56,14.9,,756,49.4,3.23,,90.0,-9.38,2.34,12.8,0.0,8.0,0.00,ARMED,,15.3
1791213459321,28.598628,77.291366,8.0,PETROL,5.61,18.8,,815,49.4,4.60,,90.0,-9.38,2.34,12.8,5.4,8.0,0.00,ARMED,,16.5
1791213461000,28.598671,77.291345,9.0,PETROL,5.56,14.9,,694,65.1,5.14,,90.0,-5.47,2.34,12.8,0.0,9.0,0.00,ARMED,,44.7
1791213461926,28.598671,77.291345,10.0,PETROL,6.32,20.8,,856,65.1,4.15,,90.0,-5.47,2.34,13.3,8.0,10.0,0.00,ARMED,,16.9
1791213462903,28.598695,77.291332,11.0,PETROL,8.79,14.9,2,836,65.1,2.07,,90.0,-5.47,2.34,13.3,0.0,11.0,0.00,ARMED,,12.5
1791213464577,28.598744,77.291305,11.0,PETROL,10.87,14.9,,705,25.1,2.08,,90.0,-0.78,2.34,13.5,0.0,11.0,0.00,ARMED,,12.5
1791213465431,28.598767,77.291294,10.0,PETROL,12.33,14.9,2,711,25.1,1.93,,90.0,-0.78,2.34,13.5,0.0,10.0,0.00,ARMED,,12.5
1791213466310,28.598788,77.291283,9.0,PETROL,13.03,14.9,2,704,25.1,1.87,,90.0,-0.78,2.34,13.4,0.0,9.3,-0.37,ARMED,,12.5
1791213468085,28.598826,77.291263,9.0,PETROL,14.43,14.9,,700,25.1,1.58,,90.0,-3.13,2.34,13.4,0.0,9.0,0.00,ARMED,,12.5
1791213468999,28.598844,77.291253,8.0,PETROL,14.43,14.9,,703,25.1,1.70,,90.0,-3.13,2.34,13.4,0.0,8.0,0.00,ARMED,,12.5
1791213469947,28.598844,77.291253,7.0,PETROL,16.89,17.3,,695,25.1,0.86,,90.0,-3.13,2.34,13.4,3.2,7.0,0.00,ARMED,,12.5
1791213471652,28.598874,77.291235,6.0,PETROL,10.49,20.8,1,795,35.3,3.23,,90.0,-4.69,0.00,13.4,8.0,6.0,0.00,ARMED,,15.7
1791213472542,28.598892,77.291226,9.0,PETROL,11.49,14.9,1,1224,35.3,2.21,,90.0,-4.69,0.00,13.4,0.0,9.0,0.00,ARMED,,12.9
1791213473468,28.598912,77.291217,9.0,PETROL,10.77,14.9,,838,35.3,2.89,,90.0,-4.69,0.00,13.1,0.0,9.0,0.00,ARMED,,15.7
1791213475139,28.598943,77.291201,7.0,PETROL,8.70,14.9,,795,77.6,3.40,,90.0,-4.69,1.56,13.1,0.0,7.0,0.00,ARMED,,15.3
1791213476105,28.598960,77.291193,7.0,PETROL,8.20,14.9,1,914,77.6,2.94,,90.0,-4.69,1.56,13.2,0.0,7.0,0.00,ARMED,,12.5
1791213476996,28.598980,77.291182,9.0,PETROL,8.63,21.2,,640,77.6,3.06,,90.0,-4.69,1.56,13.2,8.6,9.0,0.00,ARMED,,16.9
1791213478787,28.599003,77.291170,10.0,PETROL,7.07,21.2,2,712,71.0,5.37,,90.0,-5.47,3.13,13.3,8.6,10.0,0.00,ARMED,,18.0
1791213479649,28.599029,77.291157,13.0,PETROL,7.05,21.6,2,936,71.0,5.76,,90.0,-5.47,3.13,13.3,9.1,13.0,0.00,ARMED,,18.4
1791213480556,28.599060,77.291141,14.0,PETROL,7.14,21.2,2,1040,71.0,6.03,,90.0,-5.47,3.13,12.7,8.6,13.7,0.38,ARMED,,18.0
1791213482201,28.599129,77.291106,15.0,PETROL,7.82,20.8,2,1132,33.3,5.09,,90.0,-0.78,2.34,12.7,8.0,14.8,0.84,ARMED,,18.0
1791213483166,28.599164,77.291089,16.0,PETROL,9.37,20.0,2,1147,33.3,3.87,,90.0,-0.78,2.34,13.3,7.0,16.0,0.00,ARMED,,15.7
1791213484104,28.599199,77.291071,15.0,PETROL,10.34,20.8,2,1138,33.3,3.70,,90.0,-0.78,2.34,13.3,8.0,15.5,-0.28,ARMED,,16.1
1791213485824,28.599234,77.291053,15.0,PETROL,11.41,20.8,2,1148,34.9,3.37,,90.0,0.78,0.00,13.4,8.0,15.3,-0.25,ARMED,,16.1
1791213486681,28.599270,77.291035,16.0,PETROL,11.40,20.8,2,1197,34.9,4.24,,90.0,0.78,0.00,13.4,8.0,16.0,0.00,ARMED,,16.1
1791213487636,28.599306,77.291017,16.0,PETROL,12.11,20.8,2,1218,34.9,3.63,,90.0,0.78,0.00,13.4,8.0,16.2,0.06,ARMED,,16.1
1791213489304,28.599383,77.290978,17.0,PETROL,11.88,20.8,2,1243,32.2,4.24,,90.0,5.47,0.00,13.4,8.0,16.6,0.22,ARMED,,16.1
1791213490267,28.599421,77.290958,17.0,PETROL,12.40,20.8,2,1286,32.2,3.71,,90.0,5.47,0.00,13.2,8.0,17.0,0.00,ARMED,,16.1
1791213491184,28.599460,77.290938,17.0,PETROL,10.68,20.8,2,1298,32.2,5.51,,89.0,5.47,0.00,13.2,8.0,17.3,0.08,ARMED,,17.3
1791213492832,28.599500,77.290918,17.0,PETROL,10.24,20.8,2,1307,43.9,5.40,,89.0,-1.56,0.78,13.2,8.0,17.4,0.10,ARMED,,17.6
1791213493764,28.599539,77.290899,17.0,PETROL,10.24,19.2,2,1280,43.9,5.09,,89.0,-1.56,0.78,13.2,5.9,17.0,0.00,ARMED,,18.0
1791213494632,28.599578,77.290880,17.0,PETROL,11.99,14.9,2,1277,43.9,3.24,,89.0,-1.56,0.78,13.2,0.0,17.0,0.01,ARMED,,16.1
1791213496297,28.599649,77.290846,16.0,PETROL,12.48,14.9,2,1214,35.7,3.68,,89.0,-3.13,2.34,13.2,0.0,16.5,-0.31,ARMED,,15.7
1791213497234,28.599680,77.290831,13.0,PETROL,12.65,16.9,2,964,35.7,3.07,,89.0,-3.13,2.34,13.4,2.7,13.0,0.00,ARMED,,11.8
1791213498117,28.599706,77.290818,12.0,PETROL,14.55,20.8,2,867,35.7,1.81,,89.0,-3.13,2.34,13.4,8.0,12.0,-0.55,ARMED,,16.5
1791213499752,28.599731,77.290806,11.0,PETROL,13.18,20.0,2,821,38.0,3.14,,89.0,-4.69,0.00,13.2,7.0,11.1,-0.77,ARMED,,15.7
1791213500645,28.599757,77.290793,11.0,PETROL,10.61,21.2,2,825,38.0,4.43,,90.0,-4.69,0.00,13.2,8.6,11.0,0.00,ARMED,,16.5
1791213501576,28.599783,77.290781,12.0,PETROL,9.82,21.2,2,866,38.0,4.34,,90.0,-4.69,0.00,13.3,8.6,11.4,0.22,ARMED,,16.1
1791213503388,28.599837,77.290753,12.0,PETROL,9.24,21.2,2,894,47.8,4.33,,90.0,-1.56,0.78,13.4,8.6,11.9,0.29,ARMED,,16.1
1791213504280,28.599866,77.290738,13.0,PETROL,9.54,21.2,2,951,47.8,3.99,,90.0,-1.56,0.78,13.4,8.6,13.0,0.00,ARMED,,16.1
1791213505168,28.599896,77.290723,13.0,PETROL,10.33,21.2,2,984,47.8,3.40,,90.0,-1.56,0.78,13.4,8.6,13.1,0.03,ARMED,,16.1
1791213506796,28.599927,77.290708,14.0,PETROL,11.19,21.2,2,1008,43.5,3.35,,90.0,0.00,0.78,13.3,8.6,13.4,0.10,ARMED,,16.5
1791213507685,28.599958,77.290692,14.0,PETROL,11.58,21.2,2,1049,43.5,3.47,,90.0,0.00,0.78,13.3,8.6,14.0,0.00,ARMED,,16.5
1791213508578,28.599991,77.290675,14.0,PETROL,11.89,21.2,2,1069,43.5,3.42,,90.0,0.00,0.78,13.3,8.6,14.2,0.06,ARMED,,16.5
1791213510247,28.600057,77.290641,15.0,PETROL,10.81,23.1,2,1088,77.3,4.47,,90.0,3.13,3.13,13.3,11.2,14.5,0.12,ARMED,,16.5
1791213511212,28.600096,77.290622,17.0,PETROL,7.83,24.3,2,1255,77.3,8.37,,90.0,3.13,3.13,13.4,12.8,17.0,0.00,ARMED,,22.0
1791213512109,28.600138,77.290601,19.0,PETROL,7.06,26.7,2,1394,77.3,8.62,,90.0,3.13,3.13,13.4,16.1,18.2,0.67,ARMED,,21.6
1791213513829,28.600187,77.290576,20.0,PETROL,3.87,36.9,2,1517,100.0,23.95,,90.0,0.78,2.34,13.4,30.0,19.9,1.27,ARMED,,50.6
1791213514823,28.600242,77.290548,28.0,PETROL,5.01,14.9,2,2028,100.0,11.74,,90.0,0.78,2.34,13.4,0.0,28.0,0.00,ARMED,,14.5
1791213515726,28.600303,77.290517,27.0,PETROL,7.66,24.7,4,1111,100.0,3.67,,90.0,0.78,2.34,13.4,13.4,27.0,0.00,ARMED,,16.5
1791213517412,28.600425,77.290453,26.0,PETROL,9.32,24.3,3,1340,41.2,6.44,,90.0,-9.38,1.56,13.4,12.8,26.0,0.00,ARMED,,19.2
1791213518327,28.600485,77.290422,27.0,PETROL,11.55,22.0,3,1380,41.2,5.18,,90.0,-9.38,1.56,13.4,9.6,27.0,0.00,ARMED,,17.6
1791213519213,28.600545,77.290391,27.0,PETROL,13.22,22.0,3,1399,41.2,5.35,,91.0,-9.38,1.56,13.4,9.6,27.0,0.00,ARMED,,17.6
1791213520899,28.600606,77.290359,27.0,PETROL,14.07,23.5,3,1390,47.8,5.33,,91.0,-2.34,1.56,13.5,11.8,26.9,-0.03,ARMED,,17.3
1791213521805,28.600668,77.290328,27.0,PETROL,13.67,23.1,3,1376,47.8,6.31,,91.0,-2.34,1.56,13.5,11.2,27.0,0.00,ARMED,,18.8
1791213522724,28.600729,77.290298,27.0,PETROL,12.47,24.7,3,1406,47.8,7.50,,91.0,-2.34,1.56,13.4,13.4,27.1,0.03,ARMED,,19.2
1791213524383,28.600855,77.290234,28.0,PETROL,12.37,24.7,3,1435,47.5,6.86,,91.0,0.00,1.56,13.4,13.4,27.5,0.26,ARMED,,19.2
1791213525261,28.600922,77.290200,29.0,PETROL,12.44,24.7,3,1480,47.5,6.93,,91.0,0.00,1.56,13.4,13.4,29.0,0.00,ARMED,,19.6
1791213526193,28.600987,77.290167,30.0,PETROL,12.39,14.9,3,1508,47.5,7.29,,91.0,0.00,1.56,13.4,0.0,29.1,0.04,ARMED,,19.2
1791213527855,28.601052,77.290134,29.0,PETROL,11.78,23.9,3,1499,50.6,7.92,,91.0,-0.78,2.34,13.4,12.3,29.1,0.01,ARMED,,19.6
1791213528730,28.601120,77.290099,29.0,PETROL,11.27,23.9,3,1518,50.6,8.20,,91.0,-0.78,2.34,13.4,12.3,29.0,0.00,ARMED,,20.4
1791213529621,28.601188,77.290065,30.0,PETROL,11.26,23.5,3,1531,50.6,7.99,,91.0,-0.78,2.34,13.4,11.8,29.4,0.25,ARMED,,20.4
1791213531250,28.601319,77.289999,30.0,PETROL,18.93,14.9,3,1539,44.3,3.55,,91.0,0.00,0.00,13.4,0.0,29.8,0.28,ARMED,,14.5
1791213532169,28.601385,77.289965,28.0,PETROL,14.49,23.5,3,1466,44.3,8.07,,91.0,0.00,0.00,13.3,11.8,28.0,0.00,ARMED,,20.0
1791213533025,28.601451,77.289930,29.0,PETROL,12.60,22.7,3,1490,44.3,8.37,,91.0,0.00,0.00,13.3,10.7,28.6,0.34,ARMED,,18.4
1791213534664,28.601515,77.289896,29.0,PETROL,17.32,19.6,3,1495,60.0,2.18,,91.0,0.00,2.34,13.2,6.4,28.9,0.35,ARMED,,14.1
1791213535549,28.601580,77.289862,30.0,PETROL,16.19,23.1,4,1147,60.0,6.03,,91.0,0.00,2.34,13.2,11.2,30.0,0.00,ARMED,,18.8
1791213536430,28.601648,77.289826,30.0,PETROL,15.46,23.1,4,1173,60.0,6.15,,91.0,0.00,2.34,13.3,11.2,30.0,0.00,ARMED,,18.8
1791213538200,28.601790,77.289751,31.0,PETROL,15.55,23.1,4,1201,49.0,6.06,,91.0,-2.34,1.56,13.4,11.2,30.7,0.38,ARMED,,18.8
1791213539119,28.601862,77.289714,32.0,PETROL,17.89,22.4,4,1255,49.0,4.32,,91.0,-2.34,1.56,13.5,10.2,32.0,0.00,ARMED,,17.6
1791213539973,28.601937,77.289675,33.0,PETROL,18.54,22.4,4,1273,49.0,5.18,,91.0,-2.34,1.56,13.5,10.2,32.7,0.38,ARMED,,17.6
1791213541604,28.602014,77.289636,33.0,PETROL,18.25,22.4,4,1302,40.8,5.58,,91.0,0.00,0.78,13.4,10.2,33.5,0.65,ARMED,,17.6
1791213542514,28.602091,77.289596,35.0,PETROL,18.27,22.7,4,1341,40.8,5.77,,91.0,0.00,0.78,13.4,10.7,35.0,0.00,ARMED,,18.0
1791213543461,28.602171,77.289556,35.0,PETROL,18.10,22.4,4,1385,40.8,5.92,,91.0,0.00,0.78,13.5,10.2,35.5,0.30,ARMED,,18.0
1791213545154,28.602338,77.289471,36.0,PETROL,18.63,22.4,4,1415,38.0,5.50,,91.0,1.56,0.78,13.5,10.2,36.3,0.57,ARMED,,18.0
1791213546085,28.602423,77.289428,38.0,PETROL,18.11,22.4,4,1452,38.0,6.48,,91.0,1.56,0.78,13.1,10.2,38.0,0.00,ARMED,,18.4
1791213546969,28.602509,77.289385,38.0,PETROL,17.64,22.0,4,1501,38.0,6.64,,91.0,1.56,0.78,13.1,9.6,38.5,0.27,ARMED,,18.8
1791213548643,28.602598,77.289341,38.0,PETROL,18.06,22.0,4,1489,41.6,6.04,,91.0,0.78,1.56,13.1,9.6,38.5,0.20,ARMED,,18.8
1791213549540,28.602688,77.289297,39.0,PETROL,18.22,22.0,4,1520,41.6,6.28,,91.0,0.78,1.56,13.1,9.6,39.0,0.00,ARMED,,18.8
1791213550464,28.602778,77.289253,40.0,PETROL,18.63,22.0,4,1544,41.6,6.18,,91.0,0.78,1.56,13.3,9.6,39.5,0.31,ARMED,,18.8
1791213552071,28.602959,77.289162,40.0,PETROL,19.20,23.1,4,1552,45.1,5.87,,91.0,1.56,1.56,13.3,11.2,39.9,0.34,ARMED,,17.6
1791213552983,28.603051,77.289116,41.0,PETROL,21.85,18.0,4,1585,45.1,4.44,,91.0,1.56,1.56,13.3,4.3,41.0,0.00,ARMED,,16.1
1791213553879,28.603051,77.289116,41.0,PETROL,26.23,20.4,4,1583,45.1,3.26,,91.0,1.56,1.56,13.3,7.5,40.9,-0.04,ARMED,,15.7
1791213555567,28.603236,77.289028,41.0,PETROL,29.42,19.2,4,1578,17.6,3.45,,91.0,0.78,0.00,13.3,5.9,40.8,-0.06,ARMED,,15.7
1791213556453,28.603330,77.288985,40.0,PETROL,32.17,20.0,4,1567,17.6,3.22,,90.0,0.78,0.00,13.3,7.0,40.0,0.00,ARMED,,14.9
1791213557326,28.603422,77.288944,40.0,PETROL,36.16,20.0,4,1538,17.6,2.71,,90.0,0.78,0.00,13.5,7.0,39.8,-0.06,ARMED,,15.3
1791213559001,28.603604,77.288864,40.0,PETROL,39.41,20.0,4,1548,19.6,2.67,,90.0,0.00,0.00,13.5,7.0,39.9,-0.02,ARMED,,15.3
1791213559911,28.603604,77.288864,39.0,PETROL,39.05,14.9,4,1521,19.6,3.08,,90.0,0.00,0.00,13.5,0.0,39.0,0.00,ARMED,,15.3
1791213560805,28.603695,77.288822,39.0,PETROL,38.44,20.0,4,1514,19.6,3.16,,90.0,0.00,0.00,13.5,7.0,39.1,0.01,ARMED,,15.3
1791213562606,28.603873,77.288734,39.0,PETROL,63.80,14.9,4,1514,18.0,2.39,,90.0,0.00,0.00,13.3,0.0,39.1,0.02,ARMED,,14.5
1791213563518,28.603954,77.288693,36.0,PETROL,51.57,14.9,4,1397,18.0,2.79,,89.0,0.00,0.00,13.3,0.0,36.0,0.00,ARMED,,14.5
1791213564434,28.604033,77.288650,34.0,PETROL,45.73,22.0,4,1326,18.0,2.69,,89.0,0.00,0.00,13.4,9.6,34.8,-0.68,ARMED,,14.1
1791213566018,28.604185,77.288562,34.0,PETROL,21.34,24.7,4,1292,54.1,9.21,,89.0,-4.69,2.34,13.4,13.4,33.6,-1.00,ARMED,,20.8
1791213566929,28.604185,77.288562,36.0,PETROL,25.60,22.0,4,1380,54.1,3.09,,89.0,-4.69,2.34,13.3,9.6,36.0,0.00,ARMED,,18.0
1791213567883,28.604263,77.288517,36.0,PETROL,22.98,20.8,4,1394,54.1,5.62,,89.0,-4.69,2.34,13.3,8.0,36.0,-0.00,ARMED,,18.0
1791213569549,28.604430,77.288427,37.0,PETROL,26.00,21.6,4,1430,39.6,3.45,,89.0,0.78,0.78,13.4,9.1,36.6,0.36,ARMED,,14.9
1791213570470,28.604516,77.288383,38.0,PETROL,24.79,19.2,4,1484,39.6,4.90,,89.0,0.78,0.78,13.4,5.9,38.0,0.00,ARMED,,16.9
1791213571426,28.604602,77.288338,39.0,PETROL,26.97,18.8,4,1506,39.6,3.79,,89.0,0.78,0.78,13.4,5.4,38.6,0.35,ARMED,,16.1
1791213573214,28.604783,77.288244,40.0,PETROL,30.28,18.8,4,1519,17.6,3.17,,89.0,4.69,0.00,13.3,5.4,39.2,0.41,ARMED,,14.9
1791213574092,28.604874,77.288198,40.0,PETROL,33.96,18.0,4,1567,17.6,2.82,,89.0,4.69,0.00,13.4,4.3,40.0,0.00,ARMED,,14.9
1791213575021,28.604967,77.288151,41.0,PETROL,38.15,18.0,4,1592,17.6,2.57,,89.0,4.69,0.00,13.4,4.3,40.8,0.44,ARMED,,14.9
1791213576697,28.605061,77.288103,41.0,PETROL,40.70,18.8,4,1612,17.3,2.81,,89.0,-1.56,0.00,13.4,5.4,41.5,0.62,ARMED,,14.9
1791213577546,28.605157,77.288055,42.0,PETROL,40.75,17.6,4,1660,17.3,3.18,,89.0,-1.56,0.00,13.4,3.7,42.0,0.00,ARMED,,14.9
1791213578441,28.605255,77.288005,43.0,PETROL,40.91,14.9,4,1678,17.3,3.23,,89.0,-1.56,0.00,13.5,0.0,42.9,0.50,ARMED,,14.5
1791213580120,28.605451,77.287906,43.0,PETROL,45.28,17.6,,1108,17.3,2.42,,89.0,0.00,0.78,13.5,3.7,43.0,0.00,ARMED,,15.3
1791213581043,28.605551,77.287856,44.0,PETROL,41.32,20.0,4,1683,17.3,3.62,,89.0,0.00,0.78,13.3,7.0,44.0,0.00,ARMED,,15.7
1791213581926,28.605551,77.287856,44.0,PETROL,40.82,19.6,4,1713,17.3,3.31,,88.0,0.00,0.78,13.3,6.4,44.0,0.00,ARMED,,15.3
1791213583556,28.605754,77.287754,45.0,PETROL,42.75,18.8,4,1730,17.3,2.96,,88.0,0.00,0.78,13.5,5.4,44.7,0.38,ARMED,,15.3
1791213584517,28.605859,77.287701,46.0,PETROL,42.85,18.8,4,1778,17.3,3.23,,88.0,0.00,0.78,13.5,5.4,46.0,0.00,ARMED,,15.3
1791213585382,28.605963,77.287647,46.0,PETROL,39.03,18.8,4,1789,17.3,4.02,,88.0,0.00,0.78,13.3,5.4,46.0,0.00,ARMED,,15.7
1791213587142,28.606170,77.287539,46.0,PETROL,42.09,18.8,4,1811,16.9,3.01,,88.0,-2.34,0.00,13.3,5.4,46.4,0.21,ARMED,,16.1
1791213588068,28.606277,77.287485,46.0,PETROL,30.48,20.8,4,1817,16.9,6.63,,88.0,-2.34,0.00,13.3,8.0,46.0,0.00,ARMED,,18.4
1791213588929,28.606277,77.287485,46.0,PETROL,28.90,19.6,4,1805,16.9,5.34,,88.0,-2.34,0.00,13.3,6.4,46.2,0.07,ARMED,,18.0
1791213590629,28.606488,77.287382,47.0,PETROL,31.65,18.8,4,1810,20.8,3.95,,88.0,-2.34,0.78,13.1,5.4,46.4,0.11,ARMED,,16.5
1791213591515,28.606593,77.287331,46.0,PETROL,34.50,18.8,4,1793,20.8,3.56,,88.0,-2.34,0.78,13.1,5.4,46.0,0.00,ARMED,,15.3
1791213592447,28.606701,77.287281,46.0,PETROL,35.82,23.5,4,1777,20.8,3.74,,88.0,-2.34,0.78,13.4,11.8,45.8,-0.06,ARMED,,15.3
1791213594031,28.606908,77.287180,46.0,PETROL,31.52,22.0,4,1764,24.7,5.20,,88.0,0.00,0.78,13.4,9.6,45.5,-0.13,ARMED,,17.6
1791213594941,28.606908,77.287180,45.0,PETROL,33.19,14.9,4,1784,24.7,3.76,,88.0,0.00,0.78,13.5,0.0,45.0,0.00,ARMED,,15.3
1791213595874,28.607009,77.287129,44.0,PETROL,34.76,14.9,4,1709,24.7,3.54,,88.0,0.00,0.78,13.5,0.0,44.3,-0.40,ARMED,,15.3
1791213597629,28.607204,77.287036,42.0,PETROL,39.02,24.3,4,1615,36.9,2.59,,88.0,0.00,1.56,13.5,12.8,42.4,-1.29,ARMED,,14.9
1791213598507,28.607298,77.286991,42.0,PETROL,30.59,22.0,4,1628,36.9,5.50,,87.0,0.00,1.56,13.5,9.6,42.0,0.00,ARMED,,18.0
1791213599522,28.607394,77.286943,42.0,PETROL,28.05,22.0,4,1646,36.9,5.06,,87.0,0.00,1.56,13.5,9.6,42.2,0.07,ARMED,,17.6
1791213601103,28.607588,77.286841,43.0,PETROL,29.36,20.4,4,1669,21.6,4.21,,87.0,-2.34,0.78,13.5,7.5,42.8,0.31,ARMED,,16.5
1791213602027,28.607683,77.286791,43.0,PETROL,32.71,20.4,4,1658,21.6,3.37,,87.0,-2.34,0.78,13.3,7.5,43.0,0.00,ARMED,,16.1
1791213602874,28.607683,77.286791,43.0,PETROL,31.04,20.8,4,1658,21.6,4.61,,87.0,-2.34,0.78,13.3,8.0,42.8,-0.06,ARMED,,16.5
1791213604492,28.607877,77.286686,43.0,PETROL,31.93,20.8,4,1663,24.3,3.89,,87.0,0.00,0.78,13.4,8.0,42.8,-0.04,ARMED,,16.5
1791213605368,28.607973,77.286633,43.0,PETROL,27.36,21.2,4,1667,24.3,5.76,,88.0,0.00,0.78,13.4,8.6,43.0,0.00,ARMED,,17.6
1791213606294,28.608067,77.286579,43.0,PETROL,25.80,21.2,4,1662,24.3,5.46,,88.0,0.00,0.78,13.2,8.6,42.9,-0.04,ARMED,,17.6
1791213608110,28.608257,77.286465,43.0,PETROL,23.65,21.2,4,1665,33.7,6.13,,87.0,0.00,1.56,13.4,8.6,42.9,-0.03,ARMED,,18.0
1791213609054,28.608352,77.286406,43.0,PETROL,22.56,21.2,4,1678,33.7,6.10,,87.0,0.00,1.56,13.1,8.6,43.0,0.00,ARMED,,18.0
1791213609953,28.608352,77.286406,43.0,PETROL,21.65,21.2,4,1697,33.7,6.31,,88.0,0.00,1.56,13.1,8.6,43.5,0.26,ARMED,,18.4
1791213611578,28.608540,77.286287,44.0,PETROL,21.21,21.2,4,1701,28.6,6.40,,88.0,0.00,1.56,13.4,8.6,43.8,0.28,ARMED,,18.4
1791213612462,28.608637,77.286226,44.0,PETROL,23.37,21.6,4,1706,28.6,4.79,,88.0,0.00,1.56,13.4,9.1,44.0,0.00,ARMED,,17.3
1791213613343,28.608733,77.286166,44.0,PETROL,24.71,21.6,4,1704,28.6,4.88,,88.0,0.00,1.56,13.5,9.1,43.9,-0.02,ARMED,,17.3
1791213615548,28.608923,77.286044,44.0,PETROL,24.89,21.6,4,1706,27.1,5.32,,88.0,-0.78,0.78,13.5,9.1,44.0,0.00,ARMED,,17.3
1791213616668,28.609021,77.285979,45.0,PETROL,30.49,22.7,4,1738,27.1,3.01,,88.0,-0.78,0.78,13.4,10.7,45.0,0.00,ARMED,,18.8
1791213617823,28.609116,77.285916,45.0,PETROL,29.01,21.6,4,1737,27.1,5.06,,88.0,-0.78,0.78,13.4,9.1,45.0,0.00,ARMED,,17.3
1791213619932,28.609309,77.285790,45.0,PETROL,28.57,21.2,4,1745,21.6,4.90,,88.0,-0.78,0.78,13.5,8.6,45.0,0.00,ARMED,,16.9
1791213621053,28.609504,77.285665,45.0,PETROL,34.22,14.9,4,1750,21.6,2.82,,88.0,-0.78,0.78,13.5,0.0,45.0,0.00,ARMED,,15.3
1791213622288,28.609597,77.285604,44.0,PETROL,29.54,19.2,4,1747,21.6,5.48,,88.0,-0.78,0.78,13.4,5.9,44.0,0.00,ARMED,,17.6
1791213624091,28.609784,77.285479,44.0,PETROL,49.00,14.9,4,1715,17.6,3.36,,88.0,0.00,0.00,13.4,0.0,44.0,0.00,ARMED,,15.3
1791213625003,28.609875,77.285419,42.0,PETROL,43.44,22.4,4,1641,17.6,3.47,,88.0,0.00,0.00,13.3,10.2,42.0,0.00,ARMED,,15.3
1791213625867,28.609875,77.285419,42.0,PETROL,31.12,20.4,4,1632,17.6,5.91,,88.0,0.00,0.00,13.3,7.5,42.0,0.00,ARMED,,17.6
1791213627523,28.610055,77.285301,42.0,PETROL,29.20,20.0,4,1642,28.6,4.68,,88.0,1.56,0.78,13.4,7.0,42.2,0.05,ARMED,,17.3
1791213628424,28.610146,77.285241,42.0,PETROL,27.79,20.4,4,1631,28.6,4.82,,88.0,1.56,0.78,13.4,7.5,42.0,0.00,ARMED,,17.3
1791213629344,28.610236,77.285182,42.0,PETROL,25.20,20.4,4,1626,28.6,5.65,,88.0,1.56,0.78,13.2,7.5,41.9,-0.03,ARMED,,17.6
1791213631035,28.610412,77.285062,42.0,PETROL,24.20,20.4,4,1620,30.2,5.51,,88.0,0.78,0.78,13.2,7.5,41.8,-0.06,ARMED,,17.6
1791213631952,28.610500,77.284999,42.0,PETROL,26.45,20.8,4,1626,30.2,4.09,,88.0,0.78,0.78,13.4,8.0,42.0,0.00,ARMED,,16.5
1791213632878,28.610500,77.284999,42.0,PETROL,27.63,20.8,4,1626,30.2,4.25,,88.0,0.78,0.78,13.4,8.0,41.9,-0.02,ARMED,,16.5
1791213634605,28.610675,77.284874,41.0,PETROL,27.80,20.8,4,1614,27.8,4.41,,88.0,0.78,0.00,13.4,8.0,41.6,-0.09,ARMED,,16.5
1791213635541,28.610760,77.284811,41.0,PETROL,27.63,21.6,4,1615,27.8,4.52,,88.0,0.78,0.00,13.4,9.1,41.0,0.00,ARMED,,16.9
1791213636454,28.610848,77.284746,42.0,PETROL,28.00,21.2,4,1610,27.8,4.44,,88.0,0.78,0.00,13.4,8.6,41.3,0.18,ARMED,,16.9
1791213638109,28.611017,77.284614,42.0,PETROL,28.27,21.2,4,1609,27.1,4.42,,88.0,0.00,0.78,13.4,8.6,41.5,0.18,ARMED,,16.9
1791213639037,28.611103,77.284547,42.0,PETROL,27.21,21.2,4,1629,27.1,4.92,,88.0,0.00,0.78,13.2,8.6,42.0,0.00,ARMED,,16.9
1791213639911,28.611103,77.284547,42.0,PETROL,27.21,21.2,4,1631,27.1,4.66,,88.0,0.00,0.78,13.2,8.6,42.0,0.01,ARMED,,16.9
1791213641597,28.611279,77.284414,42.0,PETROL,27.95,21.2,4,1646,26.7,4.35,,88.0,0.00,0.78,13.4,8.6,42.3,0.08,ARMED,,16.9
1791213642490,28.611366,77.284349,43.0,PETROL,27.08,21.2,4,1658,26.7,5.01,,88.0,0.00,0.78,13.4,8.6,43.0,0.00,ARMED,,16.9
1791213643435,28.611456,77.284284,43.0,PETROL,28.26,21.2,4,1658,26.7,4.30,,88.0,0.00,0.78,13.3,8.6,42.8,-0.05,ARMED,,16.9
1791213645235,28.611637,77.284155,43.0,PETROL,27.61,21.2,4,1659,26.7,4.86,,88.0,0.00,0.78,13.4,8.6,42.8,-0.05,ARMED,,16.9
1791213646173,28.611726,77.284092,43.0,PETROL,26.16,21.2,4,1663,26.7,5.35,,88.0,0.00,0.78,13.3,8.6,43.0,0.00,ARMED,,17.6
1791213647026,28.611817,77.284028,43.0,PETROL,23.78,21.2,4,1660,26.7,6.20,,88.0,0.00,0.78,13.3,8.6,42.9,-0.04,ARMED,,18.0
1791213648691,28.611907,77.283965,43.0,PETROL,22.44,21.2,4,1651,34.5,6.27,,88.0,0.00,0.78,13.4,8.6,42.7,-0.08,ARMED,,18.0
1791213649561,28.611999,77.283901,43.0,PETROL,21.55,21.6,4,1664,34.5,6.38,,88.0,0.00,0.78,13.4,9.1,43.0,0.00,ARMED,,18.4
1791213650484,28.612088,77.283839,43.0,PETROL,21.89,21.6,4,1664,34.5,5.79,,88.0,0.00,0.78,13.4,9.1,43.0,-0.01,ARMED,,18.4
1791213652107,28.612272,77.283710,43.0,PETROL,19.91,22.7,4,1680,33.3,7.46,,88.0,-0.78,0.78,13.4,10.7,43.2,0.06,ARMED,,19.2
1791213653038,28.612368,77.283642,44.0,PETROL,20.29,22.4,4,1730,33.3,6.41,,88.0,-0.78,0.78,13.5,10.2,44.0,0.00,ARMED,,18.4
1791213653934,28.612368,77.283642,45.0,PETROL,25.15,14.9,4,1655,33.3,3.56,,88.0,-0.78,0.78,13.5,0.0,43.2,-0.46,ARMED,,14.9
1791213655561,28.612545,77.283503,44.0,PETROL,32.85,14.9,,856,22.4,2.15,,88.0,0.00,2.34,13.2,0.0,44.0,0.00,ARMED,,12.9
1791213656473,28.612613,77.283424,39.0,PETROL,45.35,14.9,,703,22.4,0.91,,88.0,0.00,2.34,13.2,0.0,39.0,0.00,ARMED,,12.5
1791213657425,28.612661,77.283330,37.0,PETROL,50.64,14.9,,698,22.4,1.74,,88.0,0.00,2.34,13.5,0.0,37.0,0.00,ARMED,,12.5
1791213659146,28.612690,77.283126,37.0,PETROL,53.30,14.9,,701,31.0,2.01,,89.0,-2.34,-1.56,13.5,0.0,37.0,0.00,ARMED,,12.5
1791213660134,28.612684,77.283023,37.0,PETROL,39.26,20.4,3,1886,31.0,4.22,,89.0,-2.34,-1.56,13.3,7.5,37.0,0.00,ARMED,,16.1
1791213661035,28.612667,77.282920,37.0,PETROL,33.68,14.9,3,1894,31.0,4.24,,89.0,-2.34,-1.56,13.3,0.0,37.0,0.00,ARMED,,16.1
1791213662725,28.612640,77.282823,37.0,PETROL,26.28,21.6,3,1856,25.9,5.59,,89.0,1.56,0.78,13.4,9.1,37.0,0.00,ARMED,,17.6
1791213663597,28.612597,77.282733,36.0,PETROL,21.10,23.1,3,1868,25.9,6.63,,88.0,1.56,0.78,13.4,11.2,36.0,0.00,ARMED,,18.4
1791213664487,28.612541,77.282651,36.0,PETROL,18.73,23.1,3,1874,25.9,6.70,,88.0,1.56,0.78,13.2,11.2,36.0,0.00,ARMED,,18.4
1791213666206,28.612409,77.282509,37.0,PETROL,17.86,22.4,3,1881,26.3,6.63,,88.0,0.00,1.56,13.2,10.2,36.1,0.04,ARMED,,18.4
1791213667166,28.612338,77.282444,37.0,PETROL,18.60,20.4,3,1873,26.3,5.59,,88.0,0.00,1.56,13.1,7.5,37.0,0.00,ARMED,,17.6
1791213668038,28.612266,77.282380,36.0,PETROL,19.18,20.8,3,1869,26.3,5.35,,88.0,0.00,1.56,13.1,8.0,36.3,-0.40,ARMED,,17.3
1791213669735,28.612193,77.282319,36.0,PETROL,18.08,22.4,3,1866,36.5,6.54,,88.0,-0.78,1.56,13.2,10.2,35.9,-0.41,ARMED,,19.2
1791213670600,28.612120,77.282258,37.0,PETROL,17.56,22.0,3,1908,36.5,6.63,,88.0,-0.78,1.56,13.2,9.6,37.0,0.00,ARMED,,19.2
1791213671603,28.612045,77.282197,38.0,PETROL,17.52,22.0,3,1945,36.5,6.57,,88.0,-0.78,1.56,13.3,9.6,37.3,0.19,ARMED,,19.2
1791213673264,28.611894,77.282064,38.0,PETROL,17.81,22.0,3,1928,25.9,6.23,,88.0,0.00,1.56,13.3,9.6,37.3,0.13,ARMED,,17.6
1791213674136,28.611819,77.281998,39.0,PETROL,20.56,14.9,3,2003,25.9,4.42,,88.0,0.00,1.56,13.4,0.0,39.0,0.00,ARMED,,16.1
1791213675020,28.611745,77.281932,38.0,PETROL,23.74,14.9,3,1994,25.9,3.68,,88.0,0.00,1.56,13.4,0.0,38.6,-0.21,ARMED,,15.7
1791213676789,28.611674,77.281868,37.0,PETROL,39.12,14.9,3,1899,17.3,3.61,,88.0,0.00,0.00,13.3,0.0,37.2,-0.91,ARMED,,15.7
1791213677670,28.611605,77.281805,35.0,PETROL,37.40,21.6,3,1793,17.3,3.05,,88.0,0.00,0.00,13.3,9.1,35.0,0.00,ARMED,,15.3
1791213678570,28.611539,77.281745,34.0,PETROL,27.27,21.6,3,1773,17.3,5.45,,88.0,0.00,0.00,13.3,9.1,34.4,-0.33,ARMED,,17.3
1791213680431,28.611405,77.281621,35.0,PETROL,23.91,21.6,3,1786,25.9,5.29,,88.0,-0.78,0.78,13.4,9.1,34.3,-0.26,ARMED,,17.3
1791213681329,28.611337,77.281557,35.0,PETROL,23.33,21.6,3,1805,25.9,4.73,,88.0,-0.78,0.78,13.4,9.1,35.0,0.00,ARMED,,17.3
1791213682263,28.611269,77.281492,36.0,PETROL,22.88,21.6,3,1841,25.9,4.92,,88.0,-0.78,0.78,13.4,9.1,35.4,0.22,ARMED,,17.3
1791213683946,28.611201,77.281427,36.0,PETROL,21.74,21.6,3,1865,25.1,5.37,,88.0,0.00,0.78,13.3,9.1,35.9,0.38,ARMED,,17.3
1791213684826,28.611131,77.281362,37.0,PETROL,20.97,21.6,3,1896,25.1,5.60,,88.0,0.00,0.78,13.3,9.1,37.0,0.00,ARMED,,17.3
1791213685764,28.611060,77.281295,37.0,PETROL,21.79,21.6,3,1905,25.1,4.83,,88.0,0.00,0.78,13.4,9.1,36.9,-0.04,ARMED,,17.3
1791213687466,28.610919,77.281162,37.0,PETROL,21.96,21.6,3,1888,31.8,4.95,,88.0,0.78,1.56,13.4,9.1,36.6,-0.10,ARMED,,18.4
1791213688379,28.610847,77.281093,38.0,PETROL,18.50,22.4,3,1928,31.8,7.50,,88.0,0.78,1.56,13.4,10.2,38.0,0.00,ARMED,,19.2
1791213689250,28.610773,77.281025,38.0,PETROL,16.94,22.4,3,1956,31.8,7.49,,88.0,0.78,1.56,13.4,10.2,37.9,-0.03,ARMED,,19.2
1791213690948,28.610701,77.280956,39.0,PETROL,15.87,22.7,3,1957,35.3,7.91,,88.0,1.56,1.56,13.4,10.7,37.9,-0.02,ARMED,,19.6
1791213691926,28.610626,77.280887,39.0,PETROL,15.26,22.7,3,2026,35.3,7.96,,89.0,1.56,1.56,13.4,10.7,39.0,0.00,ARMED,,19.6
1791213692818,28.610550,77.280816,40.0,PETROL,16.35,22.7,3,2054,35.3,6.48,,89.0,1.56,1.56,13.3,10.7,39.6,0.32,ARMED,,18.4
1791213694566,28.610396,77.280674,40.0,PETROL,27.50,14.9,3,2060,24.7,6.12,,89.0,0.00,0.00,13.3,0.0,39.9,0.34,ARMED,,18.4
1791213695486,28.610318,77.280602,40.0,PETROL,25.26,22.0,4,1584,24.7,5.40,,89.0,0.00,0.00,13.3,9.6,40.0,0.00,ARMED,,17.6
1791213696366,28.610240,77.280530,41.0,PETROL,23.43,22.4,4,1576,24.7,5.88,,90.0,0.00,0.00,13.3,10.2,40.7,0.38,ARMED,,17.6
1791213698033,28.610082,77.280384,41.0,PETROL,23.00,22.4,4,1589,31.8,5.44,,90.0,1.56,0.78,13.4,10.2,41.0,0.38,ARMED,,17.6
1791213698944,28.610082,77.280384,42.0,PETROL,22.31,22.4,4,1620,31.8,5.84,,90.0,1.56,0.78,13.4,10.2,42.0,0.00,ARMED,,17.6
1791213699828,28.610002,77.280309,42.0,PETROL,22.99,22.4,4,1630,31.8,5.19,,90.0,1.56,0.78,13.4,10.2,42.0,0.00,ARMED,,17.6
1791213701476,28.609838,77.280153,43.0,PETROL,23.63,22.4,4,1651,31.4,5.27,,90.0,0.00,0.78,13.4,10.2,42.4,0.22,ARMED,,17.6
1791213702391,28.609757,77.280076,43.0,PETROL,22.94,22.4,4,1677,31.4,5.90,,90.0,0.00,0.78,13.4,10.2,43.0,0.00,ARMED,,17.6
1791213703336,28.609673,77.279998,44.0,PETROL,23.81,22.4,4,1701,31.4,5.27,,90.0,0.00,0.78,13.4,10.2,43.6,0.34,ARMED,,17.6
1791213704946,28.609589,77.279918,45.0,PETROL,23.35,22.4,4,1731,30.2,5.98,,90.0,0.00,0.78,13.3,10.2,44.4,0.63,ARMED,,17.6
1791213705899,28.609501,77.279835,45.0,PETROL,24.28,22.4,4,1743,30.2,5.27,,90.0,0.00,0.78,13.3,10.2,45.0,0.00,ARMED,,18.0
1791213706806,28.609416,77.279756,45.0,PETROL,24.53,22.4,4,1775,30.2,5.45,,90.0,0.00,0.78,13.4,10.2,45.5,0.29,ARMED,,17.6
1791213708450,28.609242,77.279592,46.0,PETROL,22.29,22.4,4,1762,35.3,7.11,,89.0,-1.56,1.56,13.4,10.2,45.6,0.23,ARMED,,18.8
1791213709371,28.609152,77.279509,46.0,PETROL,21.00,22.4,4,1793,35.3,7.23,,89.0,-1.56,1.56,13.4,10.2,46.0,0.00,ARMED,,18.8
1791213710279,28.609066,77.279427,46.0,PETROL,20.22,22.4,4,1778,35.3,7.30,,89.0,-1.56,1.56,13.4,10.2,45.9,-0.02,ARMED,,19.2
1791213712023,28.608891,77.279257,46.0,PETROL,19.80,22.7,4,1806,40.4,7.07,,89.0,1.56,1.56,13.3,10.7,46.4,0.24,ARMED,,19.2
1791213712923,28.608891,77.279257,47.0,PETROL,18.65,22.7,4,1797,40.4,8.06,,89.0,1.56,1.56,13.3,10.7,47.0,0.00,ARMED,,19.6
1791213713914,28.608804,77.279170,47.0,PETROL,18.74,21.6,4,1840,40.4,7.35,,89.0,1.56,1.56,13.3,9.1,47.3,0.16,ARMED,,18.4
1791213715760,28.608632,77.278991,47.0,PETROL,21.60,21.2,4,1852,24.7,5.08,,89.0,0.00,0.78,13.3,8.6,47.6,0.21,ARMED,,16.9
1791213716634,28.608545,77.278897,48.0,PETROL,23.44,22.4,4,1845,24.7,5.41,,89.0,0.00,0.78,13.4,10.2,48.0,0.00,ARMED,,17.3
1791213717498,28.608460,77.278803,48.0,PETROL,23.67,22.7,4,1851,24.7,6.03,,89.0,0.00,0.78,13.4,10.7,47.8,-0.06,ARMED,,18.4
1791213719200,28.608292,77.278611,48.0,PETROL,24.14,23.5,4,1871,35.3,5.74,,89.0,0.78,1.56,13.4,11.8,48.0,0.11,ARMED,,18.4
1791213720148,28.608206,77.278510,49.0,PETROL,21.77,23.9,4,1913,35.3,7.65,,88.0,0.78,1.56,13.4,12.3,49.0,0.00,ARMED,,19.2
1791213721053,28.608121,77.278407,50.0,PETROL,21.52,23.9,4,1940,35.3,7.02,,88.0,0.78,1.56,13.4,12.3,49.6,0.36,ARMED,,19.2
1791213722658,28.608036,77.278302,51.0,PETROL,20.97,23.9,4,1953,18.4,7.67,,88.0,0.00,0.00,13.4,12.3,50.2,0.43,ARMED,,19.2
1791213723544,28.607954,77.278197,51.0,PETROL,21.81,23.5,5,1566,18.4,6.70,,88.0,0.00,0.00,13.4,11.8,51.0,0.00,ARMED,,18.4
1791213724429,28.607872,77.278088,51.0,PETROL,25.27,21.2,5,1510,18.4,4.70,,88.0,0.00,0.00,13.4,8.6,51.0,0.00,ARMED,,16.9
1791213726083,28.607712,77.277864,51.0,PETROL,27.49,21.2,5,1522,27.5,4.83,,88.0,1.56,0.00,13.4,8.6,51.0,0.00,ARMED,,16.9
1791213726933,28.607712,77.277864,51.0,PETROL,29.33,21.2,5,1526,27.5,4.69,,88.0,1.56,0.00,13.4,8.6,51.0,0.00,ARMED,,16.9
1791213727803,28.607635,77.277752,51.0,PETROL,31.04,21.2,5,1525,27.5,4.49,,88.0,1.56,0.00,13.4,8.6,51.0,0.00,ARMED,,16.9
1791213729462,28.607479,77.277521,51.0,PETROL,29.84,21.2,5,1513,36.5,5.50,,88.0,-0.78,0.78,13.4,8.6,50.7,-0.07,ARMED,,17.6
1791213730366,28.607403,77.277407,51.0,PETROL,27.83,21.6,5,1513,36.5,6.14,,88.0,-0.78,0.78,13.3,9.1,51.0,0.00,ARMED,,18.0
1791213731246,28.607328,77.277293,51.0,PETROL,26.82,22.0,5,1516,36.5,6.10,,88.0,-0.78,0.78,13.3,9.6,50.8,-0.05,ARMED,,18.8
1791213732967,28.607179,77.277054,51.0,PETROL,24.66,22.0,5,1523,40.8,6.89,,88.0,0.78,1.56,13.1,9.6,50.9,-0.01,ARMED,,18.8
1791213733828,28.607179,77.277054,52.0,PETROL,23.82,22.0,5,1545,40.8,6.81,,89.0,0.78,1.56,13.1,9.6,52.0,0.00,ARMED,,18.8
1791213734750,28.607108,77.276935,52.0,PETROL,26.11,22.0,5,1537,40.8,5.08,,89.0,0.78,1.56,13.4,9.6,51.6,-0.20,ARMED,,17.6
1791213736318,28.606967,77.276689,52.0,PETROL,27.08,22.0,5,1552,31.8,5.39,,89.0,1.56,0.78,13.4,9.6,51.8,-0.01,ARMED,,17.6
1791213737245,28.606897,77.276562,53.0,PETROL,27.09,22.0,5,1557,31.8,5.81,,89.0,1.56,0.78,13.4,9.6,53.0,0.00,ARMED,,17.6
1791213738178,28.606830,77.276437,53.0,PETROL,27.10,22.0,5,1567,31.8,5.81,,89.0,1.56,0.78,13.4,9.6,52.7,-0.18,ARMED,,17.6
1791213739799,28.606762,77.276309,53.0,PETROL,28.80,22.0,5,1577,30.2,5.00,,89.0,0.78,0.78,13.4,9.6,52.8,-0.11,ARMED,,17.6
1791213740648,28.606694,77.276178,53.0,PETROL,29.94,21.6,5,1575,30.2,4.99,,89.0,0.78,0.78,13.4,9.1,53.0,0.00,ARMED,,17.3
1791213741635,28.606627,77.276047,53.0,PETROL,30.24,21.2,5,1588,30.2,5.17,,89.0,0.78,0.78,13.5,8.6,53.2,0.04,ARMED,,17.3
1791213743308,28.606498,77.275788,53.0,PETROL,36.06,14.9,5,1578,21.6,3.11,,89.0,0.00,2.34,13.5,0.0,53.0,-0.02,ARMED,,13.7
1791213744226,28.606437,77.275663,52.0,PETROL,45.60,14.9,,737,21.6,2.02,,89.0,0.00,2.34,13.4,0.0,52.0,0.00,ARMED,,12.5
1791213745072,28.606380,77.275540,49.0,PETROL,51.99,14.9,,700,21.6,2.17,,89.0,0.00,2.34,13.4,0.0,49.0,0.00,ARMED,,12.5
1791213746786,28.606332,77.275431,45.0,PETROL,59.29,14.9,,703,24.7,1.77,,89.0,-3.13,2.34,13.5,0.0,45.0,0.00,ARMED,,12.5
1791213747628,28.606290,77.275331,38.0,PETROL,72.48,14.9,,696,24.7,0.92,,89.0,-3.13,2.34,13.5,0.0,38.0,0.00,ARMED,,12.5
1791213748487,28.606249,77.275233,37.0,PETROL,71.75,14.9,,708,24.7,1.61,,89.0,-3.13,2.34,13.4,0.0,37.0,0.00,ARMED,,13.7
1791213750334,28.606170,77.275047,37.0,PETROL,67.32,14.9,,760,36.9,1.86,,89.0,-1.56,0.78,13.4,0.0,37.0,0.00,ARMED,,14.1
1791213751237,28.606132,77.274957,36.0,PETROL,55.14,14.9,,783,36.9,2.60,,89.0,-1.56,0.78,13.3,0.0,36.0,0.00,ARMED,,14.5
1791213752157,28.606094,77.274865,35.0,PETROL,49.08,14.9,,791,36.9,2.58,,90.0,-1.56,0.78,13.3,0.0,35.0,0.00,ARMED,,14.5
1791213753806,28.606057,77.274776,35.0,PETROL,43.21,14.9,,798,36.1,2.93,,90.0,-0.78,0.78,13.4,0.0,35.0,0.00,ARMED,,14.5
1791213754774,28.606020,77.274688,34.0,PETROL,39.31,14.9,,805,36.1,3.01,,90.0,-0.78,0.78,13.4,0.0,34.0,0.00,ARMED,,14.5
1791213755714,28.605984,77.274603,34.0,PETROL,37.96,14.9,,801,36.1,2.87,,90.0,-0.78,0.78,13.4,0.0,34.0,0.00,ARMED,,14.5
1791213757413,28.605918,77.274443,31.0,PETROL,38.22,14.9,,787,22.7,2.23,,90.0,8.59,0.78,13.4,0.0,31.0,0.00,ARMED,,12.5
1791213758307,28.605889,77.274376,26.0,PETROL,41.30,14.9,5,788,22.7,1.48,,90.0,8.59,0.78,13.4,0.0,26.0,0.00,ARMED,,12.5
1791213759215,28.605865,77.274323,22.0,PETROL,37.52,14.9,4,802,22.7,1.94,,90.0,8.59,0.78,13.4,0.0,22.0,0.00,ARMED,,12.5
1791213760875,28.605846,77.274280,16.0,PETROL,32.90,14.9,,722,23.9,1.84,,90.0,3.91,1.56,13.6,0.0,16.0,0.00,ARMED,,12.5
1791213761804,28.605829,77.274241,15.0,PETROL,20.83,21.2,3,780,23.9,3.80,,90.0,3.91,1.56,13.6,8.6,15.0,0.00,ARMED,,16.1
1791213762758,28.605817,77.274204,15.0,PETROL,16.60,21.2,2,1118,23.9,3.64,,90.0,3.91,1.56,13.4,8.6,15.0,0.00,ARMED,,16.5
1791213764316,28.605816,77.274118,16.0,PETROL,15.29,24.7,2,1165,52.9,3.52,,90.0,0.00,2.34,13.4,13.4,15.7,0.38,ARMED,,14.5
1791213765214,28.605833,77.274069,19.0,PETROL,11.37,22.7,2,1390,52.9,6.68,,90.0,0.00,2.34,13.4,10.7,19.0,0.00,ARMED,,18.8
1791213766106,28.605864,77.274022,22.0,PETROL,11.01,22.7,2,1633,52.9,6.17,,90.0,0.00,2.34,13.4,10.7,21.1,1.16,ARMED,,18.4
1791213767813,28.605907,77.273982,23.0,PETROL,10.82,22.7,2,1736,29.0,6.51,,90.0,0.00,1.56,13.2,10.7,22.9,1.65,ARMED,,18.4
1791213768677,28.605958,77.273949,25.0,PETROL,12.02,19.6,2,1838,29.0,5.36,,89.0,0.00,1.56,13.2,6.4,25.0,0.00,ARMED,,16.1
1791213769606,28.606010,77.273921,24.0,PETROL,13.27,16.9,2,1834,29.0,4.62,,89.0,0.00,1.56,13.3,2.7,24.8,-0.07,ARMED,,17.3
1791213771243,28.606108,77.273871,24.0,PETROL,22.46,14.9,2,1765,17.3,3.79,,89.0,0.00,0.00,13.3,0.0,24.0,-0.44,ARMED,,15.3
1791213772105,28.606154,77.273854,19.0,PETROL,23.07,14.9,2,1463,17.3,2.38,,89.0,0.00,0.00,13.3,0.0,19.0,0.00,ARMED,,14.5
1791213773100,28.606205,77.273842,17.0,PETROL,17.12,22.0,2,1277,17.3,4.51,,88.0,0.00,0.00,13.3,9.6,17.7,-0.72,ARMED,,18.0
1791213774831,28.606243,77.273850,16.0,PETROL,10.72,14.9,2,1213,47.8,7.88,,88.0,-2.34,0.00,13.3,0.0,16.0,0.00,ARMED,,18.0
1791213775691,28.606281,77.273875,16.0,PETROL,8.98,24.3,2,1204,47.8,7.09,,88.0,-2.34,0.00,13.3,12.8,16.0,0.00,ARMED,,19.6
1791213776575,28.606306,77.273912,18.0,PETROL,8.77,14.9,2,1355,47.8,6.61,,88.0,-2.34,0.00,13.3,0.0,17.4,0.82,ARMED,,17.6
1791213778184,28.606366,77.274001,19.0,PETROL,8.12,24.3,2,1424,40.8,7.86,,88.0,-1.56,1.56,13.3,12.8,18.8,1.18,ARMED,,18.8
1791213779085,28.606397,77.274051,22.0,PETROL,8.64,24.3,2,1659,40.8,7.13,,88.0,-1.56,1.56,13.2,12.8,22.0,0.00,ARMED,,19.2
1791213780006,28.606431,77.274108,24.0,PETROL,9.02,24.3,2,1774,40.8,7.65,,88.0,-1.56,1.56,13.2,12.8,23.3,0.71,ARMED,,19.2
1791213781654,28.606466,77.274169,25.0,PETROL,9.20,24.3,2,1892,34.5,7.82,,88.0,0.78,2.34,13.3,12.8,24.9,1.28,ARMED,,19.2
1791213782507,28.606502,77.274235,28.0,PETROL,10.03,14.9,2,2087,34.5,7.32,,88.0,0.78,2.34,13.3,0.0,28.0,0.00,ARMED,,18.4
1791213783459,28.606537,77.274303,29.0,PETROL,13.74,23.1,,1700,34.5,3.26,,88.0,0.78,2.34,13.4,11.2,29.0,0.00,ARMED,,18.4
1791213785351,28.606606,77.274451,29.0,PETROL,13.82,23.1,3,1491,36.1,6.28,,88.0,-0.78,1.56,13.4,11.2,29.0,0.00,ARMED,,18.0
1791213786285,28.606642,77.274530,31.0,PETROL,14.47,22.4,3,1611,36.1,6.06,,88.0,-0.78,1.56,13.3,10.2,31.0,0.00,ARMED,,18.0
1791213787136,28.606674,77.274611,32.0,PETROL,15.61,22.4,3,1661,36.1,5.53,,88.0,-0.78,1.56,13.3,10.2,31.7,0.38,ARMED,,18.0
1791213788882,28.606707,77.274700,33.0,PETROL,16.54,22.4,3,1687,31.4,5.53,,88.0,-0.78,1.56,13.4,10.2,32.4,0.58,ARMED,,18.0
1791213789788,28.606742,77.274789,35.0,PETROL,16.60,22.4,3,1777,31.4,6.33,,89.0,-0.78,1.56,13.4,10.2,35.0,0.00,ARMED,,18.8
1791213790714,28.606780,77.274877,35.0,PETROL,16.09,22.7,3,1804,31.4,6.85,,89.0,-0.78,1.56,13.2,10.7,34.9,-0.03,ARMED,,19.2
1791213792326,28.606858,77.275059,36.0,PETROL,15.02,23.5,3,1824,41.2,7.61,,89.0,2.34,2.34,13.2,11.8,35.1,0.13,ARMED,,19.6
1791213793294,28.606900,77.275152,37.0,PETROL,13.82,23.5,3,1918,41.2,8.65,,89.0,2.34,2.34,13.3,11.8,37.0,0.00,ARMED,,20.0
1791213794216,28.606942,77.275245,38.0,PETROL,12.67,24.7,3,1935,41.2,9.73,,89.0,2.34,2.34,13.3,13.4,37.3,0.18,ARMED,,20.8
1791213795899,28.607036,77.275446,39.0,PETROL,8.80,45.5,3,1997,17.3,19.28,,89.0,0.00,0.00,13.5,41.7,38.3,0.65,ARMED,,34.9
1791213796880,28.607036,77.275446,42.0,PETROL,10.25,26.7,4,1742,17.3,9.70,,89.0,0.00,0.00,13.5,16.1,42.0,0.00,ARMED,,20.8
1791213797807,28.607086,77.275549,43.0,PETROL,12.75,24.7,4,1653,17.3,6.84,,89.0,0.00,0.00,13.4,13.4,42.7,0.38,ARMED,,19.2
1791213799522,28.607192,77.275761,44.0,PETROL,14.45,24.7,4,1695,40.0,7.49,,90.0,-0.78,1.56,13.4,13.4,43.7,0.76,ARMED,,19.6
1791213800453,28.607249,77.275872,45.0,PETROL,15.29,33.3,4,1754,40.0,8.15,,90.0,-0.78,1.56,13.1,25.1,45.0,0.00,ARMED,,19.6
1791213801316,28.607308,77.275985,47.0,PETROL,11.28,30.2,4,1809,40.0,17.13,,90.0,-0.78,1.56,13.1,20.9,46.3,0.76,ARMED,,26.3
1791213803012,28.607432,77.276219,48.0,PETROL,19.35,16.1,4,1881,28.2,14.66,,90.0,0.00,0.00,13.3,1.6,48.2,1.44,ARMED,,25.1
1791213803915,28.607432,77.276219,49.0,PETROL,22.52,22.4,5,1481,28.2,5.09,,90.0,0.00,0.00,13.3,10.2,49.0,0.00,ARMED,,17.6
1791213804842,28.607498,77.276340,50.0,PETROL,24.91,22.4,5,1483,28.2,5.19,,90.0,0.00,0.00,13.5,10.2,49.7,0.38,ARMED,,17.6
1791213806438,28.607633,77.276577,50.0,PETROL,24.83,22.4,5,1492,34.5,6.01,,90.0,1.56,0.78,13.5,10.2,50.0,0.38,ARMED,,17.6
1791213807374,28.607703,77.276692,51.0,PETROL,25.96,22.4,5,1505,34.5,5.46,,90.0,1.56,0.78,13.4,10.2,51.0,0.00,ARMED,,18.0
1791213808226,28.607778,77.276811,51.0,PETROL,25.92,22.4,5,1516,34.5,5.86,,90.0,1.56,0.78,13.4,10.2,51.0,0.00,ARMED,,17.6
1791213809861,28.607854,77.276928,52.0,PETROL,27.08,22.4,5,1528,33.7,5.34,,90.0,0.78,1.56,13.3,10.2,51.3,0.16,ARMED,,18.0
1791213810749,28.607931,77.277043,52.0,PETROL,26.42,22.4,5,1549,33.7,6.06,,90.0,0.78,1.56,13.3,10.2,52.0,0.00,ARMED,,18.8
1791213811658,28.608010,77.277158,52.0,PETROL,25.02,22.4,5,1561,33.7,6.66,,90.0,0.78,1.56,13.4,10.2,52.4,0.20,ARMED,,18.8
1791213813352,28.608172,77.277390,52.0,PETROL,23.97,22.4,5,1551,40.8,6.85,,90.0,0.00,2.34,13.4,10.2,52.3,0.13,ARMED,,18.8
1791213814243,28.608255,77.277504,53.0,PETROL,23.24,22.4,5,1581,40.8,7.08,,90.0,0.00,2.34,13.4,10.2,53.0,0.00,ARMED,,18.8
1791213815134,28.608340,77.277620,53.0,PETROL,23.52,22.4,5,1594,40.8,6.58,,90.0,0.00,2.34,13.4,10.2,53.4,0.23,ARMED,,18.8
1791213816893,28.608427,77.277737,54.0,PETROL,23.59,22.4,5,1600,39.2,6.83,,90.0,-0.78,2.34,13.4,10.2,53.7,0.26,ARMED,,18.8
1791213817804,28.608516,77.277854,55.0,PETROL,24.81,22.4,5,1626,39.2,6.14,,89.0,-0.78,2.34,13.4,10.2,55.0,0.00,ARMED,,18.0
1791213818735,28.608604,77.277969,55.0,PETROL,26.93,22.4,5,1641,39.2,5.35,,89.0,-0.78,2.34,13.2,10.2,55.1,0.03,ARMED,,17.6
1791213820493,28.608787,77.278202,55.0,PETROL,28.21,22.4,5,1645,32.2,5.47,,89.0,-0.78,1.56,13.3,10.2,55.2,0.06,ARMED,,17.6
1791213821436,28.608881,77.278318,56.0,PETROL,29.62,22.4,5,1650,32.2,5.29,,89.0,-0.78,1.56,13.3,10.2,56.0,0.00,ARMED,,17.6
1791213822330,28.608976,77.278431,56.0,PETROL,30.45,22.4,5,1655,32.2,5.32,,89.0,-0.78,1.56,13.3,10.2,55.8,-0.07,ARMED,,17.6
1791213823994,28.609168,77.278655,56.0,PETROL,29.63,22.4,5,1656,31.8,5.98,,89.0,-1.56,1.56,13.3,10.2,55.7,-0.07,ARMED,,17.6
1791213824901,28.609168,77.278655,56.0,PETROL,29.40,22.4,5,1654,31.8,5.86,,89.0,-1.56,1.56,13.3,10.2,56.0,0.00,ARMED,,17.6
1791213825828,28.609267,77.278769,56.0,PETROL,29.82,22.4,5,1661,31.8,5.59,,89.0,-1.56,1.56,13.3,10.2,55.9,-0.02,ARMED,,17.6
1791213827473,28.609462,77.278987,56.0,PETROL,29.23,22.4,5,1666,31.8,6.00,,89.0,-1.56,1.56,13.3,10.2,56.0,0.00,ARMED,,17.6
1791213828413,28.609564,77.279098,56.0,PETROL,30.35,22.4,5,1670,31.8,5.29,,89.0,-1.56,1.56,13.4,10.2,56.0,0.00,ARMED,,17.6
1791213829316,28.609667,77.279207,56.0,PETROL,30.84,22.4,5,1666,31.8,5.39,,88.0,-1.56,1.56,13.4,10.2,56.0,0.00,ARMED,,17.6
1791213830927,28.609768,77.279313,56.0,PETROL,31.30,22.4,5,1680,31.4,5.32,,88.0,-1.56,1.56,13.4,10.2,56.3,0.18,ARMED,,17.6
1791213831810,28.609871,77.279421,57.0,PETROL,29.23,22.4,5,1692,31.4,6.51,,88.0,-1.56,1.56,13.4,10.2,57.0,0.00,ARMED,,18.4
1791213832716,28.609977,77.279530,57.0,PETROL,27.29,22.4,5,1684,31.4,6.98,,88.0,-1.56,1.56,13.4,10.2,56.7,-0.07,ARMED,,18.8
1791213834437,28.610189,77.279741,57.0,PETROL,26.30,22.4,5,1700,38.4,6.84,,88.0,-0.78,2.34,13.4,10.2,57.0,0.11,ARMED,,18.8
1791213835384,28.610295,77.279843,57.0,PETROL,26.13,22.4,5,1697,38.4,6.60,,88.0,-0.78,2.34,13.1,10.2,57.0,0.00,ARMED,,18.8
1791213836275,28.610407,77.279946,57.0,PETROL,26.01,14.9,5,1698,38.4,6.61,,88.0,-0.78,2.34,13.1,0.0,57.1,0.02,ARMED,,18.0
1791213837937,28.610517,77.280044,57.0,PETROL,27.38,20.8,5,1678,26.3,5.79,,88.0,-0.78,1.56,13.2,8.0,56.7,-0.22,ARMED,,18.0
1791213838874,28.610628,77.280142,56.0,PETROL,30.65,21.2,5,1671,26.3,4.51,,88.0,-0.78,1.56,13.2,8.6,56.0,0.00,ARMED,,16.5
1791213839841,28.610737,77.280239,56.0,PETROL,32.79,21.2,5,1678,26.3,4.61,,88.0,-0.78,1.56,13.5,8.6,56.3,0.16,ARMED,,16.5
1791213841506,28.610959,77.280435,56.0,PETROL,33.41,21.6,5,1668,28.2,4.84,,88.0,0.78,1.56,13.5,9.1,56.2,0.09,ARMED,,17.3
1791213842426,28.611069,77.280533,56.0,PETROL,33.85,21.6,5,1674,28.2,4.82,,88.0,0.78,1.56,13.5,9.1,56.0,0.00,ARMED,,17.3
1791213843247,28.611177,77.280631,57.0,PETROL,32.96,21.6,5,1679,28.2,5.34,,88.0,0.78,1.56,13.5,9.1,56.3,0.19,ARMED,,17.3
1791213844875,28.611289,77.280732,57.0,PETROL,33.14,21.6,5,1679,28.2,5.11,,88.0,0.00,1.56,13.4,9.1,56.5,0.19,ARMED,,17.3
1791213845777,28.611399,77.280832,57.0,PETROL,33.22,21.6,5,1683,28.2,5.12,,88.0,0.00,1.56,13.4,9.1,57.0,0.00,ARMED,,17.3
1791213846692,28.611510,77.280932,57.0,PETROL,34.18,21.6,5,1705,28.2,4.78,,88.0,0.00,1.56,13.4,9.1,57.3,0.07,ARMED,,17.3
1791213848342,28.611735,77.281128,57.0,PETROL,33.03,21.6,5,1700,28.2,5.43,,88.0,0.00,1.56,13.4,9.1,57.2,0.05,ARMED,,17.3
1791213849344,28.611848,77.281224,57.0,PETROL,33.47,21.6,5,1708,28.2,5.00,,88.0,0.00,1.56,13.3,9.1,57.0,0.00,ARMED,,17.3
1791213850278,28.611962,77.281320,57.0,PETROL,33.98,21.6,5,1694,28.2,4.91,,88.0,0.00,1.56,13.3,9.1,57.0,-0.00,ARMED,,17.3
1791213851980,28.612189,77.281513,57.0,PETROL,33.22,21.6,5,1694,32.2,5.31,,88.0,0.00,1.56,13.4,9.1,57.0,-0.00,ARMED,,17.3
1791213852900,28.612189,77.281513,57.0,PETROL,30.30,21.6,5,1734,32.2,6.38,,88.0,0.00,1.56,13.4,9.1,57.0,0.00,ARMED,,18.0
1791213853779,28.612305,77.281612,57.0,PETROL,29.53,21.6,5,1708,32.2,6.00,,88.0,0.00,1.56,13.4,9.1,57.3,0.16,ARMED,,18.4
1791213855668,28.612527,77.281807,57.0,PETROL,28.47,20.8,5,1702,31.4,6.32,,88.0,0.00,1.56,13.4,8.0,57.3,0.12,ARMED,,18.4
1791213856577,28.612640,77.281904,57.0,PETROL,30.17,20.8,5,1720,31.4,5.15,,88.0,0.00,1.56,13.4,8.0,57.0,0.00,ARMED,,17.6
1791213857505,28.612755,77.282001,57.0,PETROL,30.41,20.8,5,1689,31.4,5.55,,88.0,0.00,1.56,13.4,8.0,56.8,-0.04,ARMED,,17.6
1791213859180,28.612978,77.282188,56.0,PETROL,35.25,20.8,5,1693,22.7,3.63,,88.0,-0.78,1.56,13.3,8.0,56.8,-0.03,ARMED,,16.5
1791213860049,28.613093,77.282281,56.0,PETROL,36.26,20.8,5,1695,22.7,4.46,,88.0,-0.78,1.56,13.3,8.0,56.0,0.00,ARMED,,16.5
1791213860950,28.613093,77.282281,56.0,PETROL,36.64,20.8,5,1661,22.7,4.54,,88.0,-0.78,1.56,13.5,8.0,55.9,-0.04,ARMED,,16.5
1791213862578,28.613320,77.282464,56.0,PETROL,37.42,20.8,5,1676,23.9,4.34,,89.0,0.00,1.56,13.5,8.0,56.1,0.14,ARMED,,16.5
1791213863456,28.613433,77.282553,56.0,PETROL,37.03,20.8,5,1660,23.9,4.60,,89.0,0.00,1.56,13.5,8.0,56.0,0.00,ARMED,,16.5
1791213864353,28.613547,77.282643,56.0,PETROL,38.92,20.8,5,1656,23.9,3.98,,88.0,0.00,1.56,13.5,8.0,55.8,-0.07,ARMED,,16.5
1791213865981,28.613777,77.282823,56.0,PETROL,39.92,20.8,5,1652,20.8,4.04,,88.0,0.00,1.56,13.3,8.0,55.6,-0.10,ARMED,,16.5
1791213866876,28.613777,77.282823,56.0,PETROL,44.22,14.9,5,1629,20.8,3.18,,88.0,0.00,1.56,13.3,0.0,56.0,0.00,ARMED,,15.3
1791213867752,28.613887,77.282913,53.0,PETROL,45.29,14.9,5,1613,20.8,3.37,,88.0,0.00,1.56,13.5,0.0,54.8,-0.69,ARMED,,14.9
1791213869471,28.614081,77.283077,49.0,PETROL,72.29,14.9,5,1489,18.8,3.07,,88.0,0.00,0.00,13.5,0.0,51.3,-2.31,ARMED,,14.5
1791213870394,28.614164,77.283152,43.0,PETROL,65.27,14.9,,816,18.8,2.36,,88.0,0.00,0.00,13.4,0.0,43.0,0.00,ARMED,,12.9
1791213871257,28.614242,77.283229,41.0,PETROL,51.90,19.6,4,1594,18.8,3.28,,88.0,0.00,0.00,13.4,6.4,41.0,0.00,ARMED,,14.9
1791213872916,28.614318,77.283307,40.0,PETROL,44.55,18.0,4,1581,28.2,3.29,,88.0,2.34,0.78,13.4,4.3,40.3,-0.37,ARMED,,14.9
1791213873851,28.614389,77.283387,40.0,PETROL,30.33,21.2,4,1561,28.2,5.91,,88.0,2.34,0.78,13.4,8.6,40.0,0.00,ARMED,,17.6
1791213874761,28.614458,77.283468,41.0,PETROL,24.43,22.0,4,1569,28.2,6.43,,88.0,2.34,0.78,13.4,9.6,40.7,0.38,ARMED,,18.4
1791213876364,28.614594,77.283638,41.0,PETROL,21.44,22.7,4,1581,43.1,6.59,,88.0,2.34,2.34,13.4,10.7,41.2,0.43,ARMED,,18.8
1791213877290,28.614660,77.283725,41.0,PETROL,18.56,22.7,4,1597,43.1,7.73,,88.0,2.34,2.34,13.4,10.7,41.0,0.00,ARMED,,19.2
1791213878274,28.614726,77.283816,42.0,PETROL,18.21,22.7,4,1606,43.1,6.89,,88.0,2.34,2.34,13.4,10.7,42.0,0.00,ARMED,,19.2
1791213879906,28.614791,77.283905,42.0,PETROL,19.39,22.7,4,1624,32.5,5.77,,88.0,1.56,1.56,13.5,10.7,42.2,0.07,ARMED,,19.2
1791213880754,28.614858,77.283997,42.0,PETROL,20.76,22.0,4,1646,32.5,5.34,,88.0,1.56,1.56,13.5,9.6,42.0,0.00,ARMED,,17.6
1791213881622,28.614927,77.284088,42.0,PETROL,21.80,22.0,4,1642,32.5,5.26,,88.0,1.56,1.56,13.4,9.6,42.5,0.30,ARMED,,17.6
1791213883235,28.615070,77.284266,43.0,PETROL,22.64,22.0,4,1660,30.2,5.37,,88.0,0.00,1.56,13.4,9.6,43.1,0.47,ARMED,,17.6
1791213884175,28.615145,77.284356,44.0,PETROL,22.30,14.9,4,1697,30.2,6.04,,88.0,0.00,1.56,13.4,0.0,44.0,0.00,ARMED,,17.6
1791213885050,28.615220,77.284444,44.0,PETROL,26.43,14.9,4,1697,30.2,3.63,,89.0,0.00,1.56,13.4,0.0,44.1,0.04,ARMED,,15.3
1791213886783,28.615293,77.284530,43.0,PETROL,31.60,22.4,4,1646,32.2,2.87,,89.0,0.00,1.56,13.4,10.2,43.3,-0.46,ARMED,,14.9
1791213887642,28.615367,77.284616,43.0,PETROL,27.66,22.0,4,1676,32.2,5.53,,88.0,0.00,1.56,13.4,9.6,43.0,0.00,ARMED,,17.6
1791213888615,28.615442,77.284706,44.0,PETROL,25.83,21.6,4,1699,32.2,5.60,,88.0,0.00,1.56,13.4,9.1,43.8,0.48,ARMED,,17.6
1791213890357,28.615592,77.284884,44.0,PETROL,26.00,21.6,4,1687,28.2,5.02,,88.0,0.00,1.56,13.3,9.1,44.0,0.41,ARMED,,17.3
1791213891319,28.615667,77.284974,44.0,PETROL,26.02,22.0,4,1705,28.2,5.06,,88.0,0.00,1.56,13.4,9.6,44.0,0.00,ARMED,,17.6
1791213892199,28.615742,77.285066,45.0,PETROL,25.13,22.0,4,1746,28.2,5.63,,88.0,0.00,1.56,13.4,9.6,45.0,0.55,ARMED,,17.6
1791213893858,28.615816,77.285160,45.0,PETROL,24.87,22.0,4,1750,35.3,5.46,,88.0,0.00,2.34,13.4,9.6,45.5,0.56,ARMED,,17.6
1791213894718,28.615890,77.285257,45.0,PETROL,21.62,22.4,4,1763,35.3,7.39,,88.0,0.00,2.34,13.4,10.2,45.0,0.00,ARMED,,18.8
1791213895613,28.615963,77.285353,46.0,PETROL,18.12,21.2,4,1778,35.3,9.33,,88.0,0.00,2.34,13.3,8.6,45.8,0.46,ARMED,,20.4
1791213897352,28.616111,77.285553,46.0,PETROL,22.43,21.2,5,1454,39.6,4.21,,88.0,-5.47,1.56,13.3,8.6,46.0,0.00,ARMED,,18.0
1791213898222,28.616181,77.285650,45.0,PETROL,23.49,20.8,5,1343,39.6,5.63,,88.0,-5.47,1.56,13.3,8.0,45.0,0.00,ARMED,,17.6
1791213899150,28.616251,77.285749,45.0,PETROL,24.68,20.8,5,1343,39.6,5.33,,89.0,-5.47,1.56,13.3,8.0,45.0,0.00,ARMED,,17.6
1791213900791,28.616321,77.285850,46.0,PETROL,26.43,22.7,5,1366,42.7,4.60,,89.0,1.56,1.56,13.3,10.7,45.5,0.30,ARMED,,17.6
1791213901694,28.616392,77.285953,46.0,PETROL,24.68,23.5,5,1360,42.7,6.04,,89.0,1.56,1.56,13.3,11.8,46.0,0.00,ARMED,,18.4
1791213902612,28.616461,77.286053,46.0,PETROL,23.72,26.3,5,1364,42.7,6.05,,89.0,1.56,1.56,13.4,15.5,45.8,-0.05,ARMED,,18.4
1791213904246,28.616599,77.286260,46.0,PETROL,20.11,26.3,5,1365,54.9,8.22,,89.0,0.78,3.13,13.4,15.5,45.8,-0.05,ARMED,,20.4
1791213905205,28.616670,77.286366,47.0,PETROL,19.05,26.3,5,1383,54.9,7.78,,89.0,0.78,3.13,13.4,15.5,47.0,0.00,ARMED,,20.0
1791213906070,28.616738,77.286470,47.0,PETROL,18.48,26.3,5,1394,54.9,7.78,,89.0,0.78,3.13,13.4,15.5,46.9,-0.04,ARMED,,20.0
1791213907732,28.616807,77.286576,47.0,PETROL,17.95,26.3,5,1395,54.1,8.11,,89.0,-0.78,3.13,13.2,15.5,46.8,-0.04,ARMED,,20.0
1791213908624,28.616876,77.286684,47.0,PETROL,18.01,20.4,5,1403,54.1,7.72,,90.0,-0.78,3.13,13.2,7.5,47.0,0.00,ARMED,,20.0
1791213909500,28.616945,77.286793,47.0,PETROL,20.16,24.7,5,1402,54.1,5.69,,90.0,-0.78,3.13,13.4,13.4,47.0,0.01,ARMED,,18.8
1791213911110,28.617079,77.287008,47.0,PETROL,20.91,24.3,5,1394,17.6,6.72,,90.0,-4.69,0.78,13.4,12.8,46.9,-0.04,ARMED,,19.2
1791213912055,28.617145,77.287115,47.0,PETROL,27.57,18.4,5,1364,17.6,2.82,,90.0,-4.69,0.78,13.3,4.8,47.0,0.00,ARMED,,15.3
1791213912955,28.617209,77.287224,46.0,PETROL,35.76,14.9,5,1372,17.6,2.22,,90.0,-4.69,0.78,13.3,0.0,46.4,-0.36,ARMED,,14.1
1791213914653,28.617265,77.287328,45.0,PETROL,58.79,14.9,5,1324,18.4,2.73,,90.0,0.00,0.00,13.4,0.0,45.0,-0.95,ARMED,,14.1
1791213915512,28.617318,77.287433,42.0,PETROL,39.07,20.0,5,1241,18.4,5.07,,90.0,0.00,0.00,13.4,7.0,42.0,0.00,ARMED,,16.9
1791213916473,28.617369,77.287537,42.0,PETROL,34.36,20.4,5,1260,18.4,4.43,,90.0,0.00,0.00,13.4,7.5,42.2,0.06,ARMED,,16.9
1791213918119,28.617472,77.287749,43.0,PETROL,30.96,20.8,5,1275,40.0,4.71,,89.0,1.56,1.56,13.4,8.0,42.7,0.28,ARMED,,17.3
1791213919002,28.617523,77.287857,44.0,PETROL,28.00,20.8,5,1314,40.0,5.29,,89.0,1.56,1.56,13.3,8.0,44.0,0.00,ARMED,,17.3
1791213919970,28.617575,77.287969,45.0,PETROL,28.34,20.8,5,1327,40.0,4.60,,89.0,1.56,1.56,13.3,8.0,44.4,0.24,ARMED,,17.3
1791213921629,28.617626,77.288084,45.0,PETROL,29.86,20.8,5,1340,26.7,4.19,,89.0,0.00,0.78,13.4,8.0,44.9,0.31,ARMED,,15.7
1791213922510,28.617677,77.288202,47.0,PETROL,32.31,20.8,5,1394,26.7,3.88,,89.0,0.00,0.78,13.4,8.0,47.0,0.00,ARMED,,16.1
1791213923427,28.617727,77.288321,47.0,PETROL,33.24,20.8,5,1420,26.7,4.09,,89.0,0.00,0.78,13.5,8.0,47.4,0.25,ARMED,,16.1
1791213925192,28.617829,77.288571,48.0,PETROL,35.05,20.8,5,1434,24.7,3.75,,89.0,1.56,0.78,13.4,8.0,48.0,0.44,ARMED,,16.1
1791213926142,28.617879,77.288699,50.0,PETROL,35.86,20.8,5,1485,24.7,4.01,,89.0,1.56,0.78,13.4,8.0,50.0,0.00,ARMED,,16.1
1791213927019,28.617929,77.288827,50.0,PETROL,37.78,20.0,5,1497,24.7,3.63,,88.0,1.56,0.78,13.4,7.0,50.2,0.04,ARMED,,15.3
1791213928630,28.617980,77.288957,50.0,PETROL,33.66,20.4,5,1525,21.6,5.16,,88.0,0.78,0.78,13.4,7.5,50.8,0.40,ARMED,,16.9
1791213929532,28.618030,77.289091,51.0,PETROL,35.95,20.4,5,1533,21.6,3.83,,88.0,0.78,0.78,13.4,7.5,51.0,0.00,ARMED,,15.7
1791213930449,28.618078,77.289225,52.0,PETROL,40.78,19.6,5,1543,21.6,3.08,,88.0,0.78,0.78,13.3,6.4,51.5,0.28,ARMED,,15.3
1791213932173,28.618171,77.289495,52.0,PETROL,68.61,14.9,5,1542,17.3,3.09,,88.0,0.00,0.00,13.3,0.0,51.7,0.27,ARMED,,14.5
1791213933104,28.618218,77.289630,51.0,PETROL,60.51,14.9,5,1540,17.3,3.02,,88.0,0.00,0.00,13.5,0.0,51.0,0.00,ARMED,,14.5
1791213933980,28.618263,77.289763,51.0,PETROL,55.53,14.9,5,1522,17.3,3.14,,88.0,0.00,0.00,13.5,0.0,51.0,0.01,ARMED,,14.5
1791213935657,28.618306,77.289889,50.0,PETROL,91.76,14.9,5,1498,18.0,3.00,,88.0,0.00,0.00,13.4,0.0,50.5,-0.31,ARMED,,14.5
1791213936517,28.618348,77.290010,44.0,PETROL,67.48,14.9,5,1321,18.0,2.89,,87.0,0.00,0.00,13.4,0.0,44.0,0.00,ARMED,,14.1
1791213937454,28.618386,77.290123,42.0,PETROL,57.65,14.9,5,1265,18.0,2.77,,87.0,0.00,0.00,13.4,0.0,42.9,-0.62,ARMED,,13.7
1791213939086,28.618459,77.290338,41.0,PETROL,60.24,14.9,5,1226,32.9,1.90,,87.0,0.00,0.78,13.4,0.0,41.5,-1.11,ARMED,,14.1
1791213939997,28.618496,77.290445,41.0,PETROL,55.70,18.8,4,1648,32.9,2.49,,87.0,0.00,0.78,13.3,5.4,41.0,0.00,ARMED,,14.9
1791213940863,28.618496,77.290445,40.0,PETROL,45.84,19.2,4,1575,32.9,3.38,,87.0,0.00,0.78,13.3,5.9,40.3,-0.38,ARMED,,14.9
1791213942514,28.618569,77.290655,40.0,PETROL,38.79,20.8,4,1556,26.7,3.83,,87.0,0.78,0.78,13.4,8.0,40.0,-0.38,ARMED,,15.7
1791213943394,28.618604,77.290758,40.0,PETROL,34.28,21.2,4,1552,26.7,4.12,,87.0,0.78,0.78,13.4,8.6,40.0,0.00,ARMED,,16.5
1791213944303,28.618641,77.290864,40.0,PETROL,30.03,21.2,4,1548,26.7,4.74,,87.0,0.78,0.78,13.5,8.6,40.0,0.00,ARMED,,16.5
1791213946005,28.618713,77.291077,40.0,PETROL,27.60,21.6,4,1576,29.0,4.80,,87.0,1.56,1.56,13.5,9.1,40.5,0.26,ARMED,,16.9
1791213946956,28.618748,77.291184,41.0,PETROL,26.13,22.0,4,1590,29.0,4.99,,87.0,1.56,1.56,13.5,9.6,41.0,0.00,ARMED,,17.3
1791213948121,28.618785,77.291293,41.0,PETROL,24.75,22.4,4,1604,29.0,5.27,,88.0,1.56,1.56,13.5,10.2,41.0,0.00,ARMED,,17.6
1791213950346,28.618858,77.291517,42.0,PETROL,23.82,22.7,4,1615,33.3,5.57,,88.0,0.00,1.56,13.2,10.7,42.0,0.00,ARMED,,18.0
1791213951461,28.618896,77.291630,43.0,PETROL,22.83,22.7,4,1680,33.3,5.98,,88.0,0.00,1.56,13.2,10.7,43.0,0.00,ARMED,,18.0
1791213952607,28.618934,77.291747,44.0,PETROL,21.90,22.7,4,1732,33.3,6.37,,88.0,0.00,1.56,13.5,10.7,44.0,0.00,ARMED,,18.0
1791213954626,28.619011,77.291984,45.0,PETROL,19.70,23.1,4,1738,42.0,7.76,,89.0,0.00,2.34,13.5,11.2,45.0,0.00,ARMED,,19.2
1791213955824,28.619050,77.292103,45.0,PETROL,18.36,23.5,4,1739,42.0,8.01,,89.0,0.00,2.34,13.4,11.8,45.0,0.00,ARMED,,20.0
1791213956990,28.619127,77.292341,45.0,PETROL,16.63,24.3,4,1745,42.0,9.16,,90.0,0.00,2.34,13.4,12.8,45.0,0.00,ARMED,,20.4
1791213958726,28.619168,77.292462,45.0,PETROL,14.82,25.9,4,1757,53.3,10.33,,90.0,0.78,3.13,13.3,15.0,45.2,0.06,ARMED,,21.6
1791213959598,28.619209,77.292583,47.0,PETROL,14.07,25.9,4,1801,53.3,10.49,,90.0,0.78,3.13,13.3,15.0,47.0,0.00,ARMED,,21.2
1791213960555,28.619250,77.292706,47.0,PETROL,19.46,25.1,4,1801,53.3,3.12,,90.0,0.78,3.13,13.5,13.9,46.6,-0.20,ARMED,,14.5
1791213962399,28.619329,77.292947,46.0,PETROL,19.77,23.5,5,1339,45.1,7.13,,91.0,-5.47,2.34,13.4,11.8,46.0,0.00,ARMED,,19.2
1791213963384,28.619368,77.293066,45.0,PETROL,20.55,23.1,5,1338,45.1,6.46,,91.0,-5.47,2.34,13.2,11.2,45.0,0.00,ARMED,,18.8
1791213964262,28.619406,77.293183,44.0,PETROL,21.36,23.1,5,1322,45.1,6.07,,91.0,-5.47,2.34,13.2,11.2,44.3,-0.38,ARMED,,18.4
1791213965932,28.619444,77.293299,44.0,PETROL,21.00,23.5,5,1313,47.8,6.44,,91.0,-0.78,2.34,13.5,11.8,43.8,-0.44,ARMED,,18.4
1791213966862,28.619482,77.293414,43.0,PETROL,20.49,23.5,5,1285,47.8,6.52,,91.0,-0.78,2.34,13.5,11.8,43.0,0.00,ARMED,,18.4
1791213967789,28.619520,77.293527,43.0,PETROL,21.04,23.5,5,1287,47.8,5.87,,91.0,-0.78,2.34,13.4,11.8,42.9,-0.03,ARMED,,18.4
1791213969401,28.619596,77.293757,43.0,PETROL,20.66,23.5,5,1289,47.8,6.36,,91.0,0.00,2.34,13.4,11.8,42.9,-0.02,ARMED,,18.4
1791213970339,28.619633,77.293870,43.0,PETROL,20.53,23.5,5,1299,47.8,6.28,,91.0,0.00,2.34,13.2,11.8,43.0,0.00,ARMED,,18.4
1791213971243,28.619670,77.293986,44.0,PETROL,20.69,23.5,5,1300,47.8,6.25,,91.0,0.00,2.34,13.2,11.8,43.2,0.07,ARMED,,18.4
1791213972937,28.619708,77.294102,44.0,PETROL,21.51,23.5,5,1308,49.0,5.77,,91.0,-0.78,2.34,13.4,11.8,43.5,0.13,ARMED,,18.4
1791213973847,28.619747,77.294220,45.0,PETROL,16.71,30.6,5,1323,49.0,10.69,,90.0,-0.78,2.34,13.4,21.4,45.0,0.00,ARMED,,24.3
1791213974722,28.619786,77.294337,45.0,PETROL,14.17,28.6,5,1344,49.0,11.65,,90.0,-0.78,2.34,13.2,18.7,44.9,-0.03,ARMED,,25.1
1791213976406,28.619868,77.294581,46.0,PETROL,20.48,25.5,5,1384,60.0,2.49,,90.0,-6.25,3.13,13.2,14.4,45.8,0.47,ARMED,,13.3
1791213977348,28.619910,77.294706,47.0,PETROL,18.34,23.9,5,1406,60.0,9.26,,90.0,-6.25,3.13,13.4,12.3,47.0,0.00,ARMED,,21.2
1791213978190,28.619952,77.294829,48.0,PETROL,18.18,23.9,5,1423,60.0,8.39,,90.0,-6.25,3.13,13.4,12.3,47.3,0.19,ARMED,,20.0
1791213979889,28.619994,77.294956,48.0,PETROL,17.96,23.9,5,1440,49.4,7.96,,90.0,0.78,3.13,13.3,12.3,47.9,0.41,ARMED,,20.4
1791213980756,28.620037,77.295086,50.0,PETROL,23.25,25.9,5,1476,49.4,3.67,,90.0,0.78,3.13,13.3,15.0,50.0,0.00,ARMED,,14.9
1791213981743,28.620082,77.295219,50.0,PETROL,22.56,23.9,5,1489,49.4,6.77,,90.0,0.78,3.13,13.4,12.3,49.8,-0.05,ARMED,,18.8
1791213983385,28.620172,77.295486,51.0,PETROL,22.81,23.9,5,1518,40.0,6.49,,90.0,0.78,2.34,13.4,12.3,50.4,0.31,ARMED,,18.8
1791213984278,28.620219,77.295623,53.0,PETROL,22.71,23.9,5,1564,40.0,6.93,,90.0,0.78,2.34,13.4,12.3,53.0,0.00,ARMED,,18.8
1791213985176,28.620267,77.295765,53.0,PETROL,22.19,23.9,5,1593,40.0,7.28,,90.0,0.78,2.34,13.4,12.3,53.2,0.05,ARMED,,18.8
1791213986802,28.620315,77.295908,55.0,PETROL,22.79,23.5,5,1613,38.0,6.90,,90.0,0.00,2.34,13.3,11.8,53.7,0.34,ARMED,,18.8
1791213987684,28.620363,77.296054,56.0,PETROL,22.83,23.5,5,1675,38.0,7.27,,89.0,0.00,2.34,13.3,11.8,56.0,0.00,ARMED,,18.8
1791213988603,28.620413,77.296205,57.0,PETROL,23.63,23.1,5,1699,38.0,6.81,,89.0,0.00,2.34,13.3,11.2,56.6,0.33,ARMED,,18.8
1791213990255,28.620512,77.296514,58.0,PETROL,24.57,23.1,5,1726,33.7,6.62,,89.0,0.00,2.34,13.3,11.2,57.5,0.68,ARMED,,18.8
1791213991208,28.620563,77.296669,60.0,PETROL,25.35,23.1,5,1769,33.7,6.72,,89.0,0.00,2.34,13.5,11.2,60.0,0.00,ARMED,,18.4
1791213992076,28.620616,77.296831,61.0,PETROL,26.96,23.1,5,1805,33.7,6.12,,89.0,0.00,2.34,13.5,11.2,60.3,0.18,ARMED,,18.4
1791213993773,28.620669,77.296994,61.0,PETROL,26.97,22.7,5,1827,26.3,6.77,,89.0,-0.78,2.34,13.5,10.7,61.0,0.45,ARMED,,18.4
1791213994624,28.620722,77.297155,62.0,PETROL,26.49,22.7,5,1851,26.3,7.19,,88.0,-0.78,2.34,13.5,10.7,62.0,0.00,ARMED,,18.8
1791213995582,28.620777,77.297320,63.0,PETROL,26.48,22.7,5,1857,26.3,7.13,,88.0,-0.78,2.34,13.4,10.7,62.2,0.05,ARMED,,19.2
1791213997312,28.620889,77.297652,64.0,PETROL,27.18,20.0,5,1874,18.4,6.89,,88.0,-1.56,1.56,13.1,7.0,62.7,0.31,ARMED,,18.4
1791213998235,28.620944,77.297813,62.0,PETROL,30.82,20.0,5,1873,18.4,4.88,,88.0,-1.56,1.56,13.4,7.0,62.0,0.00,ARMED,,17.3
1791213999109,28.620999,77.297975,62.0,PETROL,38.03,18.0,5,1832,18.4,3.21,,88.0,-1.56,1.56,13.4,4.3,61.7,-0.18,ARMED,,15.3
1791214000714,28.621054,77.298137,61.0,PETROL,62.88,14.9,5,1831,16.9,3.74,,88.0,0.00,0.00,13.5,0.0,61.5,-0.20,ARMED,,15.3
1791214001559,28.621106,77.298295,58.0,PETROL,61.33,14.9,5,1749,16.9,2.99,,88.0,0.00,0.00,13.5,0.0,58.0,0.00,ARMED,,15.3
1791214002425,28.621157,77.298442,56.0,PETROL,56.56,14.9,5,1652,16.9,3.39,,88.0,0.00,0.00,13.4,0.0,56.4,-0.94,ARMED,,14.9
1791214004031,28.621254,77.298718,54.0,PETROL,91.34,14.9,5,1601,18.4,2.83,,87.0,0.00,0.00,13.4,0.0,54.4,-1.61,ARMED,,14.9
1791214004944,28.621254,77.298718,50.0,PETROL,69.84,14.9,5,1497,18.4,3.05,,87.0,0.00,0.00,13.4,0.0,50.0,0.00,ARMED,,14.5
1791214005832,28.621300,77.298851,49.0,PETROL,62.20,21.2,5,1455,18.4,2.83,,87.0,0.00,0.00,13.4,8.6,49.2,-0.43,ARMED,,14.5
1791214007630,28.621385,77.299100,48.0,PETROL,51.75,20.4,5,1470,20.0,3.51,,87.0,1.56,0.78,13.5,7.5,49.2,-0.24,ARMED,,15.7
1791214008634,28.621428,77.299226,47.0,PETROL,51.67,14.9,5,1439,20.0,2.71,,86.0,1.56,0.78,13.5,0.0,47.0,0.00,ARMED,,14.5
1791214009536,28.621470,77.299350,46.0,PETROL,54.92,20.4,5,1371,20.0,2.24,,86.0,1.56,0.78,13.4,7.5,46.3,-0.40,ARMED,,14.1
1791214011225,28.621549,77.299587,45.0,PETROL,48.48,20.4,5,1360,25.9,3.30,,86.0,0.78,0.78,13.4,7.5,45.7,-0.47,ARMED,,15.7
1791214012133,28.621587,77.299705,45.0,PETROL,43.03,20.8,5,1335,25.9,3.68,,86.0,0.78,0.78,13.5,8.0,45.0,0.00,ARMED,,16.1
1791214012998,28.621626,77.299825,45.0,PETROL,40.59,20.8,5,1329,25.9,3.61,,87.0,0.78,0.78,13.5,8.0,44.7,-0.18,ARMED,,16.1
1791214014608,28.621664,77.299941,45.0,PETROL,38.79,20.8,5,1330,33.7,3.71,,87.0,0.78,0.78,13.2,8.0,44.6,-0.16,ARMED,,16.1
1791214015508,28.621703,77.300058,45.0,PETROL,33.15,21.2,5,1323,33.7,4.96,,87.0,0.78,0.78,13.2,8.6,45.0,0.00,ARMED,,17.6
1791214016406,28.621741,77.300175,45.0,PETROL,29.78,20.0,5,1326,33.7,5.22,,87.0,0.78,0.78,13.2,7.0,44.7,-0.18,ARMED,,17.6
1791214018074,28.621820,77.300412,45.0,PETROL,27.64,22.7,5,1325,53.3,5.32,,88.0,0.00,3.13,13.2,10.7,44.5,-0.18,ARMED,,18.4
1791214019020,28.621858,77.300530,45.0,PETROL,22.58,22.0,5,1337,53.3,7.50,,88.0,0.00,3.13,13.3,9.6,45.0,0.00,ARMED,,19.6
1791214019934,28.621858,77.300530,46.0,PETROL,22.04,22.0,5,1360,53.3,6.37,,88.0,0.00,3.13,13.3,9.6,45.5,0.27,ARMED,,18.4
1791214021619,28.621939,77.300775,46.0,PETROL,22.14,21.6,5,1376,34.9,6.23,,88.0,-0.78,1.56,13.4,9.1,46.1,0.46,ARMED,,18.4
1791214022504,28.621980,77.300896,47.0,PETROL,23.91,21.6,5,1397,34.9,5.24,,89.0,-0.78,1.56,13.4,9.1,47.0,0.00,ARMED,,17.3
1791214023431,28.622022,77.301021,47.0,PETROL,25.50,22.0,5,1405,34.9,5.02,,89.0,-0.78,1.56,13.3,9.6,47.1,0.03,ARMED,,16.9
1791214025062,28.622109,77.301275,48.0,PETROL,26.41,22.0,5,1418,32.2,5.20,,90.0,-0.78,1.56,13.3,9.6,47.5,0.22,ARMED,,16.9
1791214025966,28.622153,77.301402,49.0,PETROL,28.16,22.0,5,1450,32.2,4.75,,90.0,-0.78,1.56,13.4,9.6,49.0,0.00,ARMED,,17.3
1791214026784,28.622153,77.301402,50.0,PETROL,28.29,22.0,5,1473,32.2,5.30,,90.0,-0.78,1.56,13.4,9.6,49.3,0.20,ARMED,,17.3
1791214028576,28.622245,77.301664,50.0,PETROL,28.21,22.0,5,1494,31.8,5.37,,90.0,-0.78,1.56,13.4,9.6,50.0,0.46,ARMED,,17.3
1791214029411,28.622293,77.301800,51.0,PETROL,34.10,22.4,5,1530,31.8,3.15,,91.0,-0.78,1.56,13.4,10.2,51.0,0.00,ARMED,,16.5
1791214030291,28.622339,77.301934,52.0,PETROL,34.60,14.9,5,1546,31.8,4.44,,91.0,-0.78,1.56,13.4,0.0,51.6,0.37,ARMED,,15.3
1791214032096,28.622431,77.302209,52.0,PETROL,58.24,14.9,5,1560,32.2,2.67,,91.0,0.00,0.78,13.4,0.0,52.3,0.53,ARMED,,14.9
1791214033072,28.622479,77.302350,53.0,PETROL,41.91,22.4,5,1567,32.2,5.37,,91.0,0.00,0.78,13.2,10.2,53.0,0.00,ARMED,,17.6
1791214033961,28.622528,77.302490,54.0,PETROL,35.45,22.0,5,1600,32.2,5.62,,90.0,0.00,0.78,13.2,9.6,53.5,0.30,ARMED,,17.6
1791214035565,28.622579,77.302635,55.0,PETROL,32.05,22.0,5,1634,36.1,5.85,,90.0,-0.78,2.34,13.3,9.6,54.5,0.72,ARMED,,18.4
1791214036467,28.622631,77.302784,57.0,PETROL,28.09,22.0,5,1693,36.1,7.14,,90.0,-0.78,2.34,13.3,9.6,57.0,0.00,ARMED,,18.8
1791214037384,28.622684,77.302938,58.0,PETROL,27.24,22.0,5,1724,36.1,6.65,,90.0,-0.78,2.34,13.2,9.6,57.6,0.36,ARMED,,18.8
1791214038965,28.622788,77.303243,59.0,PETROL,26.78,21.6,5,1747,32.9,6.71,,90.0,0.00,2.34,13.2,9.1,58.5,0.65,ARMED,,18.8
1791214039865,28.622788,77.303243,59.0,PETROL,29.65,14.9,5,1745,32.9,4.99,,90.0,0.00,2.34,13.4,0.0,59.0,0.00,ARMED,,16.9
1791214040722,28.622841,77.303395,58.0,PETROL,28.73,20.4,5,1697,32.9,6.28,,89.0,0.00,2.34,13.4,7.5,57.7,-0.72,ARMED,,17.6
1791214042569,28.622948,77.303700,58.0,PETROL,32.80,20.0,5,1733,18.4,4.27,,89.0,-2.34,1.56,13.4,7.0,57.9,-0.22,ARMED,,16.1
1791214043625,28.622998,77.303848,57.0,PETROL,39.55,20.0,5,1704,18.4,3.03,,89.0,-2.34,1.56,13.4,7.0,57.0,0.00,ARMED,,15.3
1791214044570,28.623048,77.303997,57.0,PETROL,46.24,14.9,5,1678,18.4,2.81,,89.0,-2.34,1.56,13.4,0.0,56.6,-0.20,ARMED,,14.9
1791214046369,28.623145,77.304294,56.0,PETROL,76.34,14.9,5,1658,16.9,3.00,,88.0,0.00,0.00,13.4,0.0,56.0,-0.45,ARMED,,14.9
1791214047387,28.623193,77.304435,54.0,PETROL,63.16,18.8,5,1619,16.9,3.31,,88.0,0.00,0.00,13.3,5.4,54.0,0.00,ARMED,,14.9
1791214048453,28.623242,77.304577,54.0,PETROL,57.84,19.6,5,1629,16.9,3.21,,88.0,0.00,0.00,13.3,6.4,54.0,0.00,ARMED,,14.9
1791214050601,28.623341,77.304860,54.0,PETROL,56.81,20.0,5,1598,19.6,2.97,,88.0,-0.78,0.78,13.5,7.0,54.0,0.00,ARMED,,15.3
1791214051654,28.623388,77.304997,53.0,PETROL,50.20,20.0,5,1586,19.6,3.79,,87.0,-0.78,0.78,13.5,7.0,53.0,0.00,ARMED,,15.3
1791214052757,28.623435,77.305136,53.0,PETROL,43.23,20.8,5,1574,19.6,4.52,,87.0,-0.78,0.78,13.3,8.0,53.0,0.00,ARMED,,16.1
1791214054797,28.623530,77.305416,53.0,PETROL,41.28,21.2,5,1582,33.7,4.14,,87.0,-0.78,1.56,13.3,8.6,53.0,0.00,ARMED,,16.5
1791214055802,28.623576,77.305553,53.0,PETROL,28.54,23.5,5,1580,33.7,8.22,,87.0,-0.78,1.56,13.1,11.8,53.0,0.00,ARMED,,19.2
1791214056748,28.623624,77.305695,54.0,PETROL,24.90,23.5,5,1617,33.7,7.78,,87.0,-0.78,1.56,13.1,11.8,54.0,0.56,ARMED,,19.6
1791214058742,28.623720,77.305978,54.0,PETROL,22.09,23.9,5,1608,67.1,8.17,,87.0,3.13,3.13,13.4,12.3,54.0,0.00,ARMED,,19.6
1791214059735,28.623768,77.306117,54.0,PETROL,18.40,18.8,5,1593,67.1,10.50,,88.0,3.13,3.13,13.4,5.4,54.0,0.00,ARMED,,22.0
1791214060696,28.623817,77.306258,54.0,PETROL,17.60,23.9,5,1601,67.1,9.36,,88.0,3.13,3.13,13.2,12.3,53.9,-0.02,ARMED,,19.6
1791214062655,28.623915,77.306540,53.0,PETROL,18.31,23.5,5,1591,32.9,8.46,,89.0,-3.13,0.78,13.2,11.8,53.0,0.00,ARMED,,20.0
1791214063735,28.623962,77.306677,53.0,PETROL,21.13,23.1,5,1577,32.9,5.99,,89.0,-3.13,0.78,13.4,11.2,53.0,0.00,ARMED,,18.4
1791214064666,28.624010,77.306817,53.0,PETROL,22.62,23.1,5,1578,32.9,6.52,,89.0,-3.13,0.78,13.4,11.2,53.1,0.02,ARMED,,18.4
1791214066445,28.624103,77.307095,53.0,PETROL,24.28,22.7,5,1573,34.1,5.73,,89.0,1.56,1.56,13.3,10.7,53.0,0.00,ARMED,,18.0
1791214067532,28.624149,77.307232,52.0,PETROL,26.97,23.1,5,1548,34.1,4.72,,90.0,1.56,1.56,13.3,11.2,52.0,0.00,ARMED,,17.6
1791214068508,28.624195,77.307368,52.0,PETROL,25.68,23.1,5,1551,34.1,6.41,,90.0,1.56,1.56,13.3,11.2,52.1,0.04,ARMED,,18.0
1791214070506,28.624290,77.307640,52.0,PETROL,33.74,22.4,5,1528,33.3,2.39,,90.0,1.56,1.56,13.4,10.2,52.0,0.00,ARMED,,17.3
1791214071452,28.624336,77.307771,51.0,PETROL,31.79,22.4,5,1524,33.3,5.15,,90.0,1.56,1.56,13.3,10.2,51.0,0.00,ARMED,,17.6
1791214072447,28.624383,77.307905,51.0,PETROL,29.18,22.4,5,1522,33.3,5.80,,90.0,1.56,1.56,13.3,10.2,51.0,0.00,ARMED,,17.6
1791214074243,28.624478,77.308173,51.0,PETROL,29.30,22.4,5,1510,33.7,5.18,,90.0,0.00,1.56,13.2,10.2,50.9,-0.03,ARMED,,17.6
1791214075257,28.624524,77.308303,51.0,PETROL,29.67,14.9,5,1495,33.7,5.05,,90.0,0.00,1.56,13.2,0.0,51.0,0.00,ARMED,,16.5
1791214076321,28.624570,77.308434,50.0,PETROL,28.49,20.8,5,1473,33.7,5.58,,90.0,0.00,1.56,13.3,8.0,50.0,0.00,ARMED,,17.3
1791214078352,28.624662,77.308693,50.0,PETROL,27.69,20.8,5,1483,36.5,5.64,,90.0,0.00,1.56,13.3,8.0,50.0,0.00,ARMED,,17.6
1791214079357,28.624705,77.308818,48.0,PETROL,29.67,19.6,5,1447,36.5,4.30,,90.0,0.00,1.56,13.3,6.4,48.0,0.00,ARMED,,16.5
1791214080292,28.624747,77.308945,48.0,PETROL,25.86,22.0,5,1427,36.5,6.66,,90.0,0.00,1.56,13.3,9.6,48.0,0.00,ARMED,,20.0
1791214082140,28.624828,77.309200,48.0,PETROL,25.03,20.4,5,1431,36.1,6.17,,90.0,-1.56,0.78,13.4,7.5,48.1,0.03,ARMED,,18.0
1791214083206,28.624868,77.309329,48.0,PETROL,30.07,20.0,5,1442,36.1,3.40,,89.0,-1.56,0.78,13.4,7.0,48.0,0.00,ARMED,,14.9
1791214084201,28.624907,77.309458,49.0,PETROL,32.67,20.4,5,1463,36.1,4.01,,89.0,-1.56,0.78,13.5,7.5,48.9,0.49,ARMED,,15.7
1791214086039,28.624988,77.309717,49.0,PETROL,36.51,18.8,5,1435,17.3,3.37,,89.0,0.00,0.00,13.5,5.4,48.6,0.08,ARMED,,15.3
1791214087020,28.625030,77.309846,49.0,PETROL,40.99,18.4,5,1455,17.3,2.97,,89.0,0.00,0.00,13.4,4.8,49.0,0.00,ARMED,,14.1
1791214088033,28.625073,77.309976,49.0,PETROL,44.83,18.4,5,1449,17.3,2.86,,89.0,0.00,0.00,13.4,4.8,49.0,0.00,ARMED,,14.1
1791214089818,28.625117,77.310109,49.0,PETROL,42.02,14.9,5,1473,29.0,3.88,,89.0,-0.78,0.78,13.4,0.0,49.4,0.21,ARMED,,17.6
1791214090815,28.625160,77.310238,50.0,PETROL,39.50,21.2,5,1493,29.0,4.19,,88.0,-0.78,0.78,13.4,8.6,50.0,0.00,ARMED,,16.5
1791214091910,28.625204,77.310371,51.0,PETROL,38.53,20.8,5,1513,29.0,4.17,,88.0,-0.78,0.78,13.2,8.0,51.0,0.00,ARMED,,16.1
1791214093688,28.625293,77.310646,52.0,PETROL,37.49,20.8,5,1540,23.5,4.35,,88.0,0.00,0.78,13.2,8.0,51.6,0.33,ARMED,,16.1
1791214094705,28.625337,77.310782,53.0,PETROL,40.35,20.8,5,1576,23.5,3.53,,88.0,0.00,0.78,13.4,8.0,53.0,0.00,ARMED,,16.1
1791214095685,28.625382,77.310923,53.0,PETROL,35.62,20.8,5,1597,23.5,5.26,,88.0,0.00,0.78,13.4,8.0,53.5,0.27,ARMED,,16.9
1791214097508,28.625474,77.311207,54.0,PETROL,33.04,14.9,5,1591,31.4,5.41,,88.0,0.00,1.56,13.4,0.0,54.0,0.00,ARMED,,16.9
1791214098446,28.625519,77.311346,53.0,PETROL,39.63,20.0,5,1578,31.4,2.81,,87.0,0.00,1.56,13.4,7.0,53.0,0.00,ARMED,,16.9
1791214099411,28.625563,77.311485,53.0,PETROL,36.08,18.8,5,1581,31.4,4.99,,87.0,0.00,1.56,13.3,5.4,53.1,0.03,ARMED,,16.9
1791214101134,28.625655,77.311760,52.0,PETROL,59.69,14.9,5,1552,16.9,2.48,,87.0,0.00,0.00,13.3,0.0,52.4,-0.35,ARMED,,14.5
1791214102096,28.625703,77.311890,50.0,PETROL,60.23,14.9,5,1499,16.9,2.49,,87.0,0.00,0.00,13.4,0.0,50.0,0.00,ARMED,,14.5
1791214103054,28.625754,77.312017,50.0,PETROL,48.50,20.8,5,1473,16.9,4.08,,87.0,0.00,0.00,13.4,8.0,49.7,-0.18,ARMED,,16.1
1791214104896,28.625805,77.312144,50.0,PETROL,80.25,14.9,5,1463,21.6,2.31,,87.0,0.00,0.00,13.5,0.0,49.3,-0.23,ARMED,,14.5
1791214105894,28.625856,77.312269,49.0,PETROL,97.00,14.9,,835,21.6,1.04,,87.0,0.00,0.00,13.5,0.0,49.0,0.00,ARMED,,12.2
1791214106957,28.625951,77.312511,48.0,PETROL,87.58,14.9,,713,21.6,1.92,,87.0,0.00,0.00,13.4,0.0,48.0,0.00,ARMED,,12.5
1791214108840,28.625999,77.312627,45.0,PETROL,93.31,14.9,,697,24.3,1.32,,87.0,-2.34,1.56,13.4,0.0,45.0,0.00,ARMED,,12.5
1791214109805,28.626042,77.312734,41.0,PETROL,77.15,14.9,,695,24.3,2.12,,87.0,-2.34,1.56,13.4,0.0,41.0,0.00,ARMED,,12.5
1791214110784,28.626081,77.312837,39.0,PETROL,67.56,14.9,,696,24.3,2.15,,88.0,-2.34,1.56,13.4,0.0,39.0,0.00,ARMED,,12.5
1791214112546,28.626151,77.313016,35.0,PETROL,74.50,14.9,,695,24.3,1.18,,88.0,-1.56,0.00,13.4,0.0,35.0,0.00,ARMED,,12.5
1791214113412,28.626177,77.313082,24.0,PETROL,57.46,14.9,,700,24.3,2.02,,88.0,-1.56,0.00,13.4,0.0,24.0,0.00,ARMED,,12.5
1791214114768,28.626197,77.313131,18.0,PETROL,53.35,14.9,,690,24.3,1.25,,88.0,-1.56,0.00,13.4,0.0,18.0,0.00,ARMED,,12.5
1791214116774,28.626242,77.313216,17.0,PETROL,39.46,14.9,4,712,34.9,2.08,,88.0,2.34,0.00,13.4,0.0,17.0,0.00,ARMED,,13.3
1791214117738,28.626268,77.313248,15.0,PETROL,25.58,14.9,3,762,34.9,3.16,,88.0,2.34,0.00,13.2,0.0,15.0,0.00,ARMED,,14.5
1791214118678,28.626298,77.313270,14.0,PETROL,19.75,14.9,3,790,34.9,3.13,,89.0,2.34,0.00,13.2,0.0,14.3,-0.39,ARMED,,14.5
1791214120411,28.626370,77.313278,14.0,PETROL,10.74,23.5,,839,58.0,7.25,,89.0,-2.34,3.91,13.2,11.8,14.0,0.00,ARMED,,19.6
1791214121286,28.626414,77.313268,18.0,PETROL,8.70,23.1,2,1337,58.0,7.78,,89.0,-2.34,3.91,13.2,11.2,18.0,0.00,ARMED,,20.0
1791214122185,28.626462,77.313253,20.0,PETROL,8.58,14.9,2,1496,58.0,7.11,,89.0,-2.34,3.91,13.4,0.0,19.3,0.75,ARMED,,19.6
1791214123826,28.626513,77.313231,21.0,PETROL,7.35,23.1,3,1108,47.1,10.39,,89.0,-3.91,3.13,13.4,11.2,21.0,0.00,ARMED,,19.6
1791214124729,28.626568,77.313207,25.0,PETROL,10.36,21.6,3,1262,47.1,3.89,,89.0,-3.91,3.13,13.4,9.1,25.0,0.00,ARMED,,14.1
1791214125626,28.626625,77.313180,26.0,PETROL,12.72,21.6,3,1326,47.1,4.49,,89.0,-3.91,3.13,13.4,9.1,25.7,0.39,ARMED,,16.9
1791214127289,28.626750,77.313125,27.0,PETROL,14.52,21.6,3,1397,30.6,4.58,,89.0,0.00,0.78,13.4,9.1,26.9,0.90,ARMED,,16.9
1791214128164,28.626818,77.313095,29.0,PETROL,15.71,21.6,3,1482,30.6,4.99,,90.0,0.00,0.78,13.4,9.1,29.0,0.00,ARMED,,16.9
1791214129075,28.626888,77.313064,30.0,PETROL,18.11,14.9,3,1523,30.6,3.99,,90.0,0.00,0.78,13.4,0.0,29.6,0.32,ARMED,,13.3
1791214130758,28.626958,77.313034,30.0,PETROL,18.20,21.2,5,986,31.8,5.02,,90.0,-1.56,0.78,13.4,8.6,30.0,0.00,ARMED,,15.7
1791214131666,28.627029,77.313004,32.0,PETROL,23.39,19.2,4,1220,31.8,2.58,,90.0,-1.56,0.78,13.3,5.9,32.0,0.00,ARMED,,14.9
1791214132565,28.627104,77.312972,32.0,PETROL,27.42,19.2,4,1243,31.8,2.71,,90.0,-1.56,0.78,13.3,5.9,32.0,0.00,ARMED,,14.1
1791214134275,28.627256,77.312909,33.0,PETROL,33.74,14.9,4,1278,27.1,1.94,,90.0,3.91,0.00,13.3,0.0,32.7,0.38,ARMED,,13.7
1791214135134,28.627334,77.312875,33.0,PETROL,35.38,20.0,4,1286,27.1,2.54,,89.0,3.91,0.00,13.3,7.0,33.0,0.00,ARMED,,14.9
1791214136067,28.627412,77.312841,34.0,PETROL,29.76,20.0,4,1298,27.1,4.10,,89.0,3.91,0.00,13.3,7.0,33.7,0.38,ARMED,,16.1
1791214137756,28.627492,77.312806,34.0,PETROL,26.65,19.6,4,1311,31.0,4.47,,89.0,-0.78,0.78,13.3,6.4,34.2,0.43,ARMED,,16.5
1791214138654,28.627569,77.312770,34.0,PETROL,25.95,14.9,4,1323,31.0,4.14,,89.0,-0.78,0.78,13.4,0.0,34.0,0.00,ARMED,,16.1
1791214139517,28.627648,77.312735,34.0,PETROL,27.46,14.9,5,1121,31.0,3.44,,89.0,-0.78,0.78,13.4,0.0,34.0,0.00,ARMED,,15.3
1791214141246,28.627799,77.312673,33.0,PETROL,31.26,14.9,5,1013,35.7,2.51,,89.0,0.00,0.78,13.2,0.0,33.3,-0.38,ARMED,,14.9
1791214142193,28.627864,77.312655,27.0,PETROL,32.02,14.9,5,813,35.7,2.43,,89.0,0.00,0.78,13.2,0.0,27.0,0.00,ARMED,,14.5
1791214143093,28.627923,77.312650,24.0,PETROL,32.93,14.9,5,801,35.7,2.08,,89.0,0.00,0.78,13.4,0.0,25.0,-1.14,ARMED,,12.5
1791214144876,28.627973,77.312653,21.0,PETROL,34.17,14.9,4,730,23.9,1.65,,89.0,3.91,0.78,13.4,0.0,21.0,0.00,ARMED,,12.5
1791214145744,28.628018,77.312661,18.0,PETROL,18.43,22.4,4,708,23.9,5.59,,89.0,3.91,0.78,13.3,10.2,18.0,0.00,ARMED,,16.9
1791214146706,28.628062,77.312675,18.0,PETROL,18.68,14.9,2,1276,23.9,2.73,,89.0,3.91,0.78,13.3,0.0,18.0,0.00,ARMED,,12.9
1791214148387,28.628135,77.312732,18.0,PETROL,16.06,21.6,3,888,21.2,4.37,,89.0,-3.13,0.00,13.5,9.1,18.0,0.00,ARMED,,16.5
1791214149313,28.628164,77.312772,18.0,PETROL,11.44,14.9,,1104,21.2,7.26,,89.0,-3.13,0.00,13.5,0.0,18.0,0.00,ARMED,,19.2
1791214150153,28.628189,77.312814,18.0,PETROL,14.27,40.4,,1188,21.2,2.41,,89.0,-3.13,0.00,13.3,34.8,18.0,0.00,ARMED,,20.4
1791214151908,28.628242,77.312947,24.0,PETROL,3.48,74.5,1,3409,100.0,38.14,,89.0,3.91,-0.78,13.3,81.3,24.0,0.00,ARMED,,78.4
1791214153020,28.628271,77.313043,37.0,PETROL,5.30,69.8,1,5087,100.0,11.57,,89.0,3.91,-0.78,13.3,74.9,37.0,0.00,ARMED,,21.2
1791214153994,28.628304,77.313164,43.0,PETROL,3.38,79.6,,3920,100.0,50.47,,89.0,3.91,-0.78,13.3,88.3,43.0,0.00,ARMED,,78.4
1791214155647,28.628341,77.313300,50.0,PETROL,3.84,70.6,2,3671,100.0,34.13,,89.0,0.78,-0.78,13.1,76.0,50.0,0.00,ARMED,,78.4
1791214156685,28.628392,77.313453,62.0,PETROL,3.19,79.2,2,4593,100.0,68.89,,91.0,0.78,-0.78,13.1,87.7,62.0,0.00,ARMED,,78.4
1791214157684,28.628453,77.313624,68.0,PETROL,5.43,21.2,2,5163,100.0,9.25,,91.0,0.78,-0.78,13.3,8.6,66.2,2.36,ARMED,,20.8
1791214159361,28.628581,77.313980,68.0,PETROL,4.78,52.2,,4418,15.3,49.70,,94.0,0.00,0.00,13.3,50.8,68.0,0.00,ARMED,,42.4
1791214160397,28.628635,77.314150,62.0,PETROL,7.59,14.9,5,1989,15.3,3.26,,94.0,0.00,0.00,13.4,0.0,62.0,0.00,ARMED,,14.1
1791214161276,28.628682,77.314300,53.0,PETROL,10.93,26.3,,1138,15.3,3.45,,94.0,0.00,0.00,13.4,15.5,53.0,0.00,ARMED,,14.9
1791214162940,28.628769,77.314584,51.0,PETROL,6.67,62.7,5,1693,100.0,38.73,,94.0,0.78,-0.78,13.4,65.3,51.0,0.00,ARMED,,72.9
1791214163912,28.628769,77.314584,60.0,PETROL,4.31,47.8,3,3054,100.0,63.08,,93.0,0.78,-0.78,13.4,44.9,60.0,0.00,ARMED,,72.5
1791214164832,28.628822,77.314744,63.0,PETROL,6.87,14.9,3,3215,100.0,5.38,,93.0,0.78,-0.78,13.5,0.0,62.0,1.14,ARMED,,16.9
1791214166475,28.628943,77.315046,59.0,PETROL,11.41,14.9,4,2217,20.0,3.77,,90.0,0.00,0.00,13.5,0.0,59.0,0.00,ARMED,,15.3
1791214167441,28.628993,77.315182,51.0,PETROL,16.38,14.9,,843,20.0,2.26,,90.0,0.00,0.00,13.2,0.0,51.0,0.00,ARMED,,12.5
1791214168323,28.629035,77.315301,46.0,PETROL,23.79,14.9,,721,20.0,1.03,,89.0,0.00,0.00,13.2,0.0,46.0,0.00,ARMED,,12.5
1791214169983,28.629116,77.315500,41.0,PETROL,31.22,14.9,,708,24.3,1.70,,89.0,-5.47,0.78,13.5,0.0,41.0,0.00,ARMED,,12.5
1791214170855,28.629116,77.315500,31.0,PETROL,36.85,14.9,,698,24.3,1.57,,89.0,-5.47,0.78,13.5,0.0,31.0,0.00,ARMED,,12.5
1791214171755,28.629157,77.315568,26.0,PETROL,43.40,14.9,,692,24.3,1.11,,89.0,-5.47,0.78,13.5,0.0,26.0,0.00,ARMED,,12.5
1791214173451,28.629261,77.315617,22.0,PETROL,15.17,34.5,4,765,100.0,11.17,,90.0,-2.34,3.13,13.5,26.8,22.0,0.00,ARMED,,23.1
1791214174368,28.629331,77.315609,29.0,PETROL,6.17,56.5,2,2122,100.0,27.13,,90.0,-2.34,3.13,13.1,56.7,29.0,0.00,ARMED,,57.6
1791214175351,28.629412,77.315582,36.0,PETROL,3.93,79.2,2,2633,100.0,40.05,,89.0,-2.34,3.13,13.1,87.7,36.0,0.00,ARMED,,67.1
1791214177019,28.629627,77.315508,42.0,PETROL,4.58,76.1,2,3111,100.0,22.52,,89.0,0.78,-0.78,13.1,83.5,40.0,2.26,ARMED,,75.7
1791214178011,28.629745,77.315457,52.0,PETROL,7.59,50.6,2,3729,100.0,6.61,,89.0,0.78,-0.78,13.1,48.7,52.0,0.00,ARMED,,27.5
1791214178951,28.629872,77.315403,54.0,PETROL,6.04,39.2,2,3653,100.0,33.73,,89.0,0.78,-0.78,13.2,33.2,53.3,0.76,ARMED,,35.7
1791214180840,28.630014,77.315347,58.0,PETROL,5.40,56.9,3,2983,38.8,36.89,,90.0,0.78,-0.78,13.5,57.2,58.0,0.00,ARMED,,70.6
1791214181794,28.630159,77.315290,62.0,PETROL,9.04,14.9,4,2415,38.8,3.38,,90.0,0.78,-0.78,13.4,0.0,62.0,0.00,ARMED,,15.3
1791214182674,28.630299,77.315225,59.0,PETROL,13.71,14.9,,1083,38.8,3.51,,90.0,0.78,-0.78,13.4,0.0,59.0,0.00,ARMED,,14.9
1791214184415,28.630556,77.315123,54.0,PETROL,19.60,14.9,,1044,25.9,2.71,,90.0,0.00,-0.78,13.5,0.0,54.0,0.00,ARMED,,14.9
1791214185308,28.630674,77.315069,51.0,PETROL,27.27,14.9,,781,25.9,2.05,,90.0,0.00,-0.78,13.5,0.0,51.0,0.00,ARMED,,12.5
1791214186278,28.630789,77.315014,50.0,PETROL,38.06,14.9,,724,25.9,1.45,,90.0,0.00,-0.78,13.2,0.0,50.0,0.00,ARMED,,12.5
1791214187917,28.630899,77.314962,49.0,PETROL,49.79,14.9,,721,23.5,1.47,,91.0,3.13,0.00,13.2,0.0,49.0,0.00,ARMED,,12.5
1791214188792,28.631003,77.314917,40.0,PETROL,53.26,14.9,,704,23.5,1.92,,91.0,3.13,0.00,13.5,0.0,40.0,0.00,ARMED,,12.5
1791214189706,28.631092,77.314879,36.0,PETROL,55.67,14.9,,702,23.5,1.74,,91.0,3.13,0.00,13.5,0.0,36.0,0.00,ARMED,,12.5
1791214191401,28.631252,77.314813,35.0,PETROL,58.15,14.9,,710,23.5,1.67,,91.0,0.00,0.78,13.3,0.0,35.0,0.00,ARMED,,12.5
1791214192360,28.631329,77.314784,32.0,PETROL,61.82,14.9,,696,23.5,1.38,,92.0,0.00,0.78,13.3,0.0,32.0,0.00,ARMED,,12.5
1791214193249,28.631403,77.314754,32.0,PETROL,68.32,14.9,,699,23.5,1.16,,92.0,0.00,0.78,13.4,0.0,32.0,0.00,ARMED,,12.5
1791214194983,28.631550,77.314696,32.0,PETROL,75.01,14.9,,698,23.5,1.10,,92.0,-1.56,0.78,13.4,0.0,32.0,0.00,ARMED,,12.5
1791214195903,28.631550,77.314696,31.0,PETROL,63.02,14.9,,701,23.5,1.90,,92.0,-1.56,0.78,13.3,0.0,31.0,0.00,ARMED,,12.5
1791214196812,28.631623,77.314665,30.0,PETROL,26.31,23.5,,698,23.5,6.81,,92.0,-1.56,0.78,13.3,11.8,30.0,0.00,ARMED,,20.0
1791214198453,28.631760,77.314607,29.0,PETROL,16.28,23.5,,1794,34.1,8.40,,92.0,2.34,2.34,13.3,11.8,29.0,0.00,ARMED,,19.6
1791214199336,28.631828,77.314580,30.0,PETROL,13.06,22.4,2,2211,34.1,8.69,,91.0,2.34,2.34,13.3,10.2,30.0,0.00,ARMED,,20.0
1791214200257,28.631900,77.314552,30.0,PETROL,12.19,14.9,2,2231,34.1,7.87,,91.0,2.34,2.34,13.3,0.0,30.0,0.00,ARMED,,19.2
1791214201924,28.631970,77.314522,30.0,PETROL,16.15,14.9,,1855,29.4,2.88,,90.0,0.00,0.00,13.3,0.0,30.0,0.00,ARMED,,14.1
1791214202875,28.632038,77.314497,27.0,PETROL,20.45,14.9,4,1004,29.4,2.23,,90.0,0.00,0.00,13.4,0.0,27.0,0.00,ARMED,,13.3
1791214203754,28.632102,77.314477,25.0,PETROL,24.79,14.9,5,833,29.4,1.94,,90.0,0.00,0.00,13.4,0.0,25.0,0.00,ARMED,,12.5
1791214205422,28.632210,77.314455,22.0,PETROL,31.65,14.9,5,722,24.3,1.00,,90.0,2.34,0.00,13.5,0.0,23.0,-1.14,ARMED,,12.5
1791214206310,28.632249,77.314459,16.0,PETROL,27.91,14.9,,700,24.3,2.18,,90.0,2.34,0.00,13.5,0.0,16.0,0.00,ARMED,,12.5
1791214207261,28.632281,77.314474,14.0,PETROL,31.64,14.9,,697,24.3,0.91,,90.0,2.34,0.00,13.2,0.0,14.0,0.00,ARMED,,12.5
1791214208984,28.632324,77.314523,13.0,PETROL,27.03,19.6,3,701,48.2,1.86,,90.0,0.78,2.34,13.2,6.4,13.0,0.00,ARMED,,12.5
1791214209907,28.632324,77.314523,12.0,PETROL,17.10,20.8,2,860,48.2,3.62,,90.0,0.78,2.34,13.4,8.0,12.0,0.00,ARMED,,15.3
1791214210787,28.632338,77.314550,11.0,PETROL,12.67,20.8,2,836,48.2,3.88,,90.0,0.78,2.34,13.4,8.0,11.3,-0.38,ARMED,,15.7
1791214212523,28.632360,77.314608,11.0,PETROL,11.06,20.4,2,820,37.3,3.69,,90.0,0.00,0.78,13.1,7.5,11.0,-0.38,ARMED,,15.3
1791214213390,28.632375,77.314636,11.0,PETROL,12.39,20.4,2,861,37.3,2.14,,90.0,0.00,0.78,13.1,7.5,11.0,0.00,ARMED,,14.9
1791214214252,28.632390,77.314664,11.0,PETROL,10.34,21.2,2,852,37.3,4.06,,90.0,0.00,0.78,13.4,8.6,11.0,0.00,ARMED,,15.7
1791214216051,28.632413,77.314725,12.0,PETROL,9.47,21.2,2,892,55.7,4.36,,90.0,-2.34,1.56,13.4,8.6,11.4,0.22,ARMED,,16.1
1791214216974,28.632425,77.314758,13.0,PETROL,8.87,22.7,2,944,55.7,4.88,,90.0,-2.34,1.56,13.2,10.7,13.0,0.00,ARMED,,16.5
1791214217848,28.632425,77.314758,13.0,PETROL,7.46,23.1,2,1009,55.7,6.53,,90.0,-2.34,1.56,13.2,11.2,13.1,0.02,ARMED,,20.4
1791214219552,28.632450,77.314827,14.0,PETROL,6.66,23.5,2,1029,81.6,7.20,,90.0,-2.34,3.91,13.1,11.8,13.3,0.09,ARMED,,19.6
1791214220436,28.632464,77.314866,15.0,PETROL,5.13,29.0,2,1143,81.6,11.42,,90.0,-2.34,3.91,13.1,19.3,15.0,0.00,ARMED,,28.2
1791214221379,28.632479,77.314915,19.0,PETROL,5.07,14.9,2,1397,81.6,11.37,,90.0,-2.34,3.91,13.4,0.0,17.3,1.30,ARMED,,23.5
1791214223025,28.632516,77.315026,21.0,PETROL,8.10,24.3,3,1101,55.3,2.66,,90.0,-9.38,3.91,13.4,12.8,21.0,0.00,ARMED,,21.2
1791214223952,28.632536,77.315086,22.0,PETROL,11.93,25.1,3,1146,55.3,2.50,,90.0,-9.38,3.91,13.4,13.9,22.0,0.00,ARMED,,12.9
1791214224803,28.632536,77.315086,23.0,PETROL,11.57,23.1,3,1173,55.3,6.64,,90.0,-9.38,3.91,13.4,11.2,22.7,0.38,ARMED,,18.4
1791214226450,28.632577,77.315213,24.0,PETROL,20.42,14.9,3,1241,21.6,6.22,,90.0,0.00,0.00,13.4,0.0,23.9,0.87,ARMED,,18.0
1791214227323,28.632597,77.315274,23.0,PETROL,26.47,14.9,4,850,21.6,1.51,,90.0,0.00,0.00,13.4,0.0,23.0,0.00,ARMED,,12.5
1791214228218,28.632615,77.315323,19.0,PETROL,26.57,14.9,4,714,21.6,2.16,,90.0,0.00,0.00,13.3,0.0,20.3,-1.52,ARMED,,12.5
1791214229888,28.632628,77.315361,15.0,PETROL,24.39,14.9,,694,25.1,2.23,,90.0,-2.34,0.78,13.3,0.0,15.0,0.00,ARMED,,12.5
1791214230814,28.632640,77.315394,12.0,PETROL,22.16,14.9,,694,25.1,2.03,,90.0,-2.34,0.78,13.4,0.0,12.0,0.00,ARMED,,12.5
1791214231738,28.632652,77.315424,10.0,PETROL,21.68,14.9,,691,25.1,1.50,,90.0,-2.34,0.78,13.4,0.0,10.0,0.00,ARMED,,12.5
1791214233424,28.632678,77.315465,10.0,PETROL,18.65,14.9,,698,25.1,2.13,,90.0,-1.56,0.00,13.4,0.0,10.0,0.00,ARMED,,12.5
1791214234367,28.632693,77.315482,8.0,PETROL,15.50,20.0,,694,25.1,2.21,,90.0,-1.56,0.00,13.4,7.0,8.0,0.00,ARMED,,12.5
1791214235252,28.632714,77.315492,9.0,PETROL,13.70,20.4,,681,25.1,2.44,,90.0,-1.56,0.00,13.2,7.5,9.0,0.00,ARMED,,14.9
1791214236903,28.632742,77.315491,11.0,PETROL,9.09,24.3,2,822,79.6,5.40,,90.0,-4.69,3.91,13.2,12.8,11.0,0.00,ARMED,,20.4
1791214237876,28.632777,77.315483,16.0,PETROL,7.18,25.9,2,1196,79.6,8.22,,90.0,-4.69,3.91,13.1,15.0,16.0,0.00,ARMED,,21.6
1791214238814,28.632818,77.315469,20.0,PETROL,6.67,21.2,2,1422,79.6,9.81,,90.0,-4.69,3.91,13.1,8.6,18.8,1.57,ARMED,,21.6
1791214240468,28.632916,77.315432,21.0,PETROL,9.87,24.3,,1335,73.3,2.97,,90.0,-2.34,3.91,13.3,12.8,21.0,0.00,ARMED,,15.3
1791214241351,28.632970,77.315412,23.0,PETROL,8.54,23.9,3,1168,73.3,9.33,,90.0,-2.34,3.91,13.3,12.3,23.0,0.00,ARMED,,22.4
1791214242279,28.633027,77.315389,25.0,PETROL,8.90,23.9,3,1272,73.3,8.00,,90.0,-2.34,3.91,13.3,12.3,24.3,0.76,ARMED,,20.4
1791214243895,28.633089,77.315365,27.0,PETROL,16.20,14.9,3,1353,68.2,5.07,,90.0,0.00,0.78,13.3,0.0,26.4,1.52,ARMED,,13.7
1791214244812,28.633151,77.315340,27.0,PETROL,13.93,25.1,4,1046,68.2,6.94,,90.0,0.00,0.78,13.1,13.9,27.0,0.00,ARMED,,19.2
1791214245726,28.633217,77.315312,29.0,PETROL,13.47,14.9,4,1121,68.2,6.78,,90.0,0.00,0.78,13.1,0.0,28.4,0.77,ARMED,,19.2
1791214247439,28.633352,77.315258,29.0,PETROL,18.15,14.9,4,1056,61.6,2.47,,90.0,3.13,-0.78,13.3,0.0,29.0,0.75,ARMED,,13.3
1791214248378,28.633418,77.315232,28.0,PETROL,13.15,25.1,2,2127,61.6,8.91,,90.0,3.13,-0.78,13.3,13.9,28.0,0.00,ARMED,,20.0
1791214249319,28.633486,77.315206,29.0,PETROL,16.69,20.8,2,2130,61.6,3.17,,90.0,3.13,-0.78,13.4,8.0,28.7,0.39,ARMED,,15.7
1791214251185,28.633622,77.315154,29.0,PETROL,15.89,22.7,3,1541,34.5,5.63,,90.0,3.91,1.56,13.5,10.7,29.0,0.00,ARMED,,18.0
1791214252080,28.633693,77.315128,30.0,PETROL,16.63,21.6,3,1541,34.5,4.86,,90.0,3.91,1.56,13.5,9.1,30.0,0.00,ARMED,,17.3
1791214252976,28.633766,77.315101,31.0,PETROL,17.03,21.6,3,1574,34.5,5.07,,90.0,3.91,1.56,13.5,9.1,30.7,0.39,ARMED,,17.3
1791214254731,28.633841,77.315074,31.0,PETROL,18.09,21.6,3,1605,27.8,4.60,,90.0,1.56,1.56,13.4,9.1,31.4,0.59,ARMED,,17.3
1791214255564,28.633916,77.315046,32.0,PETROL,18.17,21.6,3,1658,27.8,5.16,,89.0,1.56,1.56,13.4,9.1,32.0,0.00,ARMED,,17.3
1791214256516,28.633994,77.315018,33.0,PETROL,18.74,21.6,3,1687,27.8,4.97,,89.0,1.56,1.56,13.2,9.1,32.8,0.45,ARMED,,17.3
1791214258204,28.634151,77.314960,33.0,PETROL,17.52,21.6,3,1714,34.5,6.17,,89.0,0.00,1.56,13.2,9.1,33.5,0.61,ARMED,,18.0
1791214259111,28.634230,77.314931,34.0,PETROL,14.83,23.5,3,1717,34.5,8.37,,89.0,0.00,1.56,13.3,11.8,34.0,0.00,ARMED,,19.6
1791214259952,28.634314,77.314901,34.0,PETROL,13.68,23.5,3,1764,34.5,8.28,,89.0,0.00,1.56,13.3,11.8,34.4,0.22,ARMED,,20.0
1791214261666,28.634397,77.314871,35.0,PETROL,13.34,23.5,3,1802,41.6,8.01,,89.0,0.78,2.34,13.3,11.8,35.1,0.50,ARMED,,20.0
1791214262523,28.634483,77.314840,36.0,PETROL,12.82,23.5,3,1876,41.6,8.74,,89.0,0.78,2.34,13.3,11.8,36.0,0.00,ARMED,,20.0
1791214263424,28.634568,77.314811,37.0,PETROL,12.43,24.3,3,1908,41.6,9.16,,89.0,0.78,2.34,13.5,12.8,36.9,0.52,ARMED,,19.2
1791214265087,28.634747,77.314755,37.0,PETROL,16.53,14.9,3,1908,49.0,3.48,,89.0,0.00,2.34,13.5,0.0,37.4,0.51,ARMED,,15.3
1791214265967,28.634834,77.314729,37.0,PETROL,15.50,25.1,4,1429,49.0,7.74,,89.0,0.00,2.34,13.4,13.9,37.0,0.00,ARMED,,19.6
1791214266848,28.634834,77.314729,37.0,PETROL,15.36,24.7,4,1452,49.0,7.26,,89.0,0.00,2.34,13.4,13.4,37.0,0.00,ARMED,,19.2
1791214268515,28.635018,77.314681,38.0,PETROL,15.40,24.7,4,1471,43.9,7.31,,89.0,0.00,2.34,13.4,13.4,37.7,0.39,ARMED,,19.2
1791214269463,28.635112,77.314658,39.0,PETROL,15.93,24.3,4,1492,43.9,6.92,,89.0,0.00,2.34,13.4,12.8,39.0,0.00,ARMED,,19.2
1791214270396,28.635205,77.314636,39.0,PETROL,16.53,23.9,4,1509,43.9,6.63,,89.0,0.00,2.34,13.3,12.3,39.0,0.00,ARMED,,19.2
1791214272146,28.635395,77.314594,39.0,PETROL,16.41,23.5,4,1515,31.0,7.19,,89.0,0.00,1.56,13.3,11.8,39.1,0.03,ARMED,,18.8
1791214273102,28.635490,77.314574,39.0,PETROL,22.19,14.9,5,1212,31.0,2.51,,89.0,0.00,1.56,13.4,0.0,39.0,0.00,ARMED,,12.9
1791214273970,28.635577,77.314557,37.0,PETROL,29.42,14.9,,809,31.0,1.84,,89.0,0.00,1.56,13.4,0.0,37.0,0.00,ARMED,,12.5
1791214275657,28.635655,77.314542,33.0,PETROL,35.70,14.9,,706,25.1,1.80,,89.0,-1.56,0.00,13.5,0.0,33.0,0.00,ARMED,,12.5
1791214276501,28.635720,77.314531,24.0,PETROL,38.30,14.9,,692,25.1,1.62,,90.0,-1.56,0.00,13.5,0.0,24.0,0.00,ARMED,,12.5
1791214277493,28.635770,77.314528,19.0,PETROL,35.70,14.9,,693,25.1,1.92,,90.0,-1.56,0.00,13.4,0.0,19.0,0.00,ARMED,,12.5
1791214279128,28.635820,77.314545,13.0,PETROL,36.29,14.9,,686,34.1,1.06,,90.0,-1.56,-0.78,13.4,0.0,13.0,0.00,ARMED,,15.7
1791214280048,28.635831,77.314557,7.0,PETROL,9.65,25.9,,761,34.1,9.73,,90.0,-1.56,-0.78,13.3,15.0,7.0,0.00,ARMED,,23.5
1791214280945,28.635831,77.314557,10.0,PETROL,6.36,14.9,1,1470,34.1,8.75,,90.0,-1.56,-0.78,13.3,0.0,10.0,0.00,ARMED,,20.8
1791214282632,28.635853,77.314609,12.0,PETROL,7.34,21.6,,1097,36.9,3.80,,90.0,-4.69,2.34,13.3,9.1,12.0,0.00,ARMED,,14.9
1791214283498,28.635859,77.314648,14.0,PETROL,9.66,14.9,2,970,36.9,2.56,,90.0,-4.69,2.34,13.3,0.0,14.0,0.00,ARMED,,14.5
1791214284452,28.635858,77.314687,14.0,PETROL,12.06,14.9,,819,36.9,2.34,,90.0,-4.69,2.34,13.2,0.0,14.0,0.00,ARMED,,14.5
1791214286196,28.635820,77.314763,13.0,PETROL,13.37,22.7,,818,42.0,2.42,,90.0,-0.78,2.34,13.4,10.7,13.0,0.00,ARMED,,14.1
1791214287138,28.635781,77.314780,17.0,PETROL,11.00,22.4,2,1261,42.0,5.59,,90.0,-0.78,2.34,13.3,10.2,17.0,0.00,ARMED,,17.6
1791214288037,28.635735,77.314793,19.0,PETROL,10.75,19.6,2,1387,42.0,5.44,,90.0,-0.78,2.34,13.3,6.4,18.4,0.78,ARMED,,17.3
1791214289720,28.635685,77.314801,20.0,PETROL,10.44,22.4,2,1488,24.7,5.76,,90.0,3.13,1.56,13.4,10.2,19.7,1.12,ARMED,,17.6
1791214290642,28.635633,77.314808,22.0,PETROL,14.27,21.6,2,1643,24.7,2.48,,90.0,3.13,1.56,13.4,9.1,22.0,0.00,ARMED,,14.9
1791214291537,28.635576,77.314818,23.0,PETROL,16.35,16.1,2,1687,24.7,3.33,,90.0,3.13,1.56,13.4,1.6,22.7,0.38,ARMED,,14.9
1791214293211,28.635463,77.314839,23.0,PETROL,18.81,21.6,2,1683,17.6,2.91,,90.0,0.00,1.56,13.4,9.1,23.0,0.37,ARMED,,16.5
1791214294156,28.635407,77.314848,23.0,PETROL,18.81,14.9,2,1731,17.6,3.66,,90.0,0.00,1.56,13.2,0.0,23.0,0.00,ARMED,,15.3
1791214295042,28.635353,77.314855,22.0,PETROL,20.34,14.9,2,1646,17.6,2.84,,90.0,0.00,1.56,13.2,0.0,22.6,-0.22,ARMED,,14.9
1791214296736,28.635305,77.314864,20.0,PETROL,22.77,14.9,2,1511,22.0,2.16,,90.0,0.00,-0.78,13.1,0.0,21.2,-0.93,ARMED,,13.7
1791214297605,28.635259,77.314875,18.0,PETROL,14.24,23.5,4,752,22.0,6.45,,89.0,0.00,-0.78,13.1,11.8,18.0,0.00,ARMED,,18.0
1791214298519,28.635214,77.314886,19.0,PETROL,12.79,21.2,2,1383,22.0,5.29,,89.0,0.00,-0.78,13.2,8.6,19.0,0.00,ARMED,,18.0
1791214300245,28.635116,77.314913,20.0,PETROL,12.06,20.4,2,1495,37.6,5.47,,89.0,-1.56,1.56,13.2,7.5,19.7,0.39,ARMED,,16.5
1791214301181,28.635064,77.314928,21.0,PETROL,11.13,22.0,2,1564,37.6,6.36,,89.0,-1.56,1.56,13.3,9.6,21.0,0.00,ARMED,,18.4
1791214302045,28.635010,77.314943,22.0,PETROL,10.55,22.0,2,1649,37.6,6.80,,89.0,-1.56,1.56,13.3,9.6,21.7,0.39,ARMED,,18.8
1791214303701,28.634954,77.314961,23.0,PETROL,10.52,22.0,2,1720,35.3,6.57,,89.0,-0.78,2.34,13.2,9.6,22.6,0.74,ARMED,,18.8
1791214304614,28.634895,77.314980,25.0,PETROL,10.34,22.0,2,1868,35.3,7.40,,89.0,-0.78,2.34,13.2,9.6,25.0,0.00,ARMED,,18.8
1791214305548,28.634834,77.315000,26.0,PETROL,11.16,14.9,2,1925,35.3,6.25,,89.0,-0.78,2.34,13.3,0.0,25.5,0.28,ARMED,,17.6
1791214307164,28.634709,77.315042,26.0,PETROL,14.70,23.5,,1687,44.3,2.99,,89.0,-2.34,2.34,13.3,11.8,26.0,0.00,ARMED,,20.4
1791214308091,28.634643,77.315065,28.0,PETROL,14.79,22.4,3,1405,44.3,5.71,,89.0,-2.34,2.34,13.4,10.2,28.0,0.00,ARMED,,18.0
1791214309002,28.634574,77.315091,29.0,PETROL,15.37,21.6,3,1460,44.3,5.44,,89.0,-2.34,2.34,13.4,9.1,28.7,0.39,ARMED,,17.3
1791214310651,28.634505,77.315115,29.0,PETROL,16.36,21.6,3,1515,29.4,4.79,,89.0,0.78,1.56,13.4,9.1,29.0,0.38,ARMED,,17.3
1791214311518,28.634433,77.315144,31.0,PETROL,17.73,21.6,3,1581,29.4,4.61,,89.0,0.78,1.56,13.4,9.1,31.0,0.00,ARMED,,16.9
1791214312439,28.634360,77.315171,31.0,PETROL,18.38,14.9,3,1602,29.4,4.75,,89.0,0.78,1.56,13.4,0.0,31.0,0.00,ARMED,,16.9
1791214314074,28.634211,77.315230,31.0,PETROL,20.47,20.8,3,1622,22.4,3.91,,89.0,-2.34,0.78,13.4,8.0,31.2,0.07,ARMED,,16.1
1791214314976,28.634138,77.315259,32.0,PETROL,22.70,20.8,3,1630,22.4,3.68,,89.0,-2.34,0.78,13.4,8.0,32.0,0.00,ARMED,,16.1
1791214315883,28.634138,77.315259,32.0,PETROL,22.63,20.8,3,1635,22.4,4.39,,89.0,-2.34,0.78,13.4,8.0,31.8,-0.07,ARMED,,16.1
1791214317527,28.633986,77.315316,32.0,PETROL,21.99,20.8,3,1644,23.1,4.61,,89.0,-0.78,0.78,13.5,8.0,31.8,-0.04,ARMED,,16.5
1791214318435,28.633912,77.315345,32.0,PETROL,21.87,19.2,3,1648,23.1,4.49,,89.0,-0.78,0.78,13.5,5.9,32.0,0.00,ARMED,,16.1
1791214319347,28.633836,77.315374,32.0,PETROL,22.23,19.2,3,1646,23.1,4.27,,89.0,-0.78,0.78,13.3,5.9,31.9,-0.02,ARMED,,16.1
1791214321191,28.633689,77.315431,31.0,PETROL,21.92,14.9,3,1572,31.0,4.43,,89.0,0.00,-0.78,13.3,0.0,30.9,-0.57,ARMED,,17.6
1791214322119,28.633621,77.315457,29.0,PETROL,25.14,14.9,,994,31.0,2.69,,89.0,0.00,-0.78,13.3,0.0,29.0,0.00,ARMED,,15.3
1791214323066,28.633555,77.315483,28.0,PETROL,25.04,14.9,,956,31.0,3.45,,89.0,0.00,-0.78,13.3,0.0,28.0,0.00,ARMED,,14.9
1791214324688,28.633490,77.315508,28.0,PETROL,27.88,14.9,,959,33.7,2.47,,89.0,2.34,-0.78,13.3,0.0,28.0,0.00,ARMED,,14.9
1791214325589,28.633426,77.315533,27.0,PETROL,28.83,14.9,4,959,33.7,2.65,,89.0,2.34,-0.78,13.3,0.0,27.0,0.00,ARMED,,11.4
1791214326481,28.633362,77.315557,27.0,PETROL,31.63,14.9,5,823,33.7,2.17,,89.0,2.34,-0.78,13.3,0.0,27.0,0.00,ARMED,,12.5
1791214328173,28.633241,77.315603,27.0,PETROL,33.97,14.9,,714,16.5,2.11,,89.0,2.34,-0.78,13.3,0.0,27.0,0.00,ARMED,,12.5
1791214329125,28.633189,77.315624,22.0,PETROL,29.06,19.6,2,1598,16.5,2.88,,89.0,2.34,-0.78,13.5,6.4,22.0,0.00,ARMED,,14.9
1791214329998,28.633138,77.315642,21.0,PETROL,23.34,14.9,2,1607,16.5,3.65,,89.0,2.34,-0.78,13.5,0.0,21.3,-0.38,ARMED,,14.5
1791214331633,28.633089,77.315656,21.0,PETROL,14.96,22.4,2,1556,29.4,6.80,,89.0,-0.78,1.56,13.4,10.2,21.0,-0.38,ARMED,,18.4
1791214332468,28.633036,77.315671,22.0,PETROL,13.99,21.6,2,1635,29.4,5.22,,89.0,-0.78,1.56,13.4,9.1,22.0,0.00,ARMED,,17.3
1791214333439,28.632982,77.315684,23.0,PETROL,13.64,14.9,2,1665,29.4,5.27,,89.0,-0.78,1.56,13.5,0.0,22.7,0.39,ARMED,,16.9
1791214335109,28.632871,77.315704,23.0,PETROL,15.13,22.7,2,1671,32.5,3.85,,89.0,-0.78,1.56,13.5,10.7,23.1,0.39,ARMED,,17.6
1791214336040,28.632813,77.315716,23.0,PETROL,12.95,22.7,2,1735,32.5,6.51,,89.0,-0.78,1.56,13.3,10.7,23.0,0.00,ARMED,,18.4
1791214336934,28.632813,77.315716,24.0,PETROL,12.22,22.4,2,1810,32.5,6.40,,89.0,-0.78,1.56,13.3,10.2,24.3,0.73,ARMED,,18.0
1791214338668,28.632692,77.315746,25.0,PETROL,12.25,22.0,2,1852,26.3,6.14,,89.0,-0.78,1.56,13.3,9.6,25.3,0.90,ARMED,,17.6
1791214339554,28.632631,77.315766,26.0,PETROL,11.76,21.2,2,1963,26.3,7.04,,89.0,-0.78,1.56,13.3,8.6,26.0,0.00,ARMED,,18.4
1791214340447,28.632567,77.315789,27.0,PETROL,15.94,14.9,2,1916,26.3,2.61,,89.0,-0.78,1.56,13.4,0.0,26.2,0.06,ARMED,,14.1
1791214342167,28.632446,77.315837,26.0,PETROL,18.08,18.4,4,1116,26.3,3.65,,89.0,-3.91,0.00,13.4,4.8,26.0,0.00,ARMED,,14.9
1791214343057,28.632389,77.315859,25.0,PETROL,19.78,14.9,3,1269,26.3,3.42,,89.0,-3.91,0.00,13.2,0.0,25.0,0.00,ARMED,,14.9
1791214343969,28.632330,77.315881,24.0,PETROL,14.24,20.4,3,1288,26.3,7.71,,89.0,-3.91,0.00,13.2,7.5,24.3,-0.38,ARMED,,20.0
1791214345621,28.632273,77.315901,25.0,PETROL,23.78,14.9,3,1265,31.4,3.29,,89.0,0.00,-0.78,13.2,0.0,24.7,0.02,ARMED,,12.9
1791214346495,28.632217,77.315922,24.0,PETROL,25.57,14.9,3,1218,31.4,2.54,,89.0,0.00,-0.78,13.2,0.0,24.0,0.00,ARMED,,13.7
1791214347409,28.632164,77.315940,23.0,PETROL,26.26,14.9,3,1159,31.4,2.57,,89.0,0.00,-0.78,13.2,0.0,23.3,-0.38,ARMED,,13.3
1791214349066,28.632065,77.315978,21.0,PETROL,32.30,14.9,,954,21.2,1.21,,89.0,0.00,-0.78,13.2,0.0,21.0,0.00,ARMED,,12.5
1791214349957,28.632027,77.315994,16.0,PETROL,36.42,14.9,,712,21.2,0.98,,89.0,0.00,-0.78,13.2,0.0,16.0,0.00,ARMED,,12.5
1791214350852,28.632027,77.315994,16.0,PETROL,14.20,22.7,,711,21.2,7.42,,89.0,0.00,-0.78,13.2,10.7,16.0,0.00,ARMED,,18.4
1791214352502,28.631951,77.316030,17.0,PETROL,15.94,20.4,,995,33.3,2.70,,89.0,-4.69,0.78,13.4,7.5,17.0,0.00,ARMED,,14.9
1791214353360,28.631910,77.316048,18.0,PETROL,20.85,14.9,3,899,33.3,1.48,,89.0,-4.69,0.78,13.4,0.0,18.0,0.00,ARMED,,12.9
1791214354278,28.631875,77.316065,15.0,PETROL,11.71,14.9,3,721,33.3,7.24,,89.0,-4.69,0.78,13.4,0.0,16.0,-1.14,ARMED,,19.6
1791214356075,28.631807,77.316087,15.0,PETROL,15.44,14.9,,977,22.0,1.37,,90.0,1.56,-0.78,13.2,0.0,15.0,0.00,ARMED,,12.9
1791214356967,28.631777,77.316099,13.0,PETROL,8.72,22.4,3,705,22.0,8.13,,90.0,1.56,-0.78,13.4,10.2,13.0,0.00,ARMED,,20.0
1791214357849,28.631777,77.316099,14.0,PETROL,9.72,20.8,2,1092,22.0,3.55,,90.0,1.56,-0.78,13.4,8.0,14.0,0.00,ARMED,,15.7
1791214359554,28.631709,77.316125,14.0,PETROL,10.06,20.4,2,1071,42.7,4.07,,90.0,-2.34,0.78,13.3,7.5,14.0,0.00,ARMED,,16.9
1791214360473,28.631674,77.316140,15.0,PETROL,8.95,19.6,2,1131,42.7,6.00,,90.0,-2.34,0.78,13.3,6.4,15.0,0.00,ARMED,,17.6
1791214361384,28.631637,77.316155,15.0,PETROL,11.05,14.9,2,1161,42.7,2.76,,90.0,-2.34,0.78,13.3,0.0,15.0,0.00,ARMED,,15.3
1791214363023,28.631567,77.316183,15.0,PETROL,11.29,14.9,2,1143,59.6,3.82,,90.0,0.78,1.56,13.3,0.0,14.8,-0.04,ARMED,,15.3
1791214363941,28.631567,77.316183,16.0,PETROL,8.41,22.0,2,1177,59.6,7.67,,90.0,0.78,1.56,13.3,9.6,16.0,0.00,ARMED,,20.4
1791214364815,28.631528,77.316200,18.0,PETROL,8.88,21.2,2,1289,59.6,5.59,,90.0,0.78,1.56,13.3,8.6,16.5,0.31,ARMED,,17.6
1791214366544,28.631445,77.316237,18.0,PETROL,10.72,20.0,2,1347,29.8,3.69,,90.0,-0.78,0.00,13.5,7.0,17.4,0.61,ARMED,,16.1
1791214367392,28.631402,77.316256,19.0,PETROL,9.89,24.3,2,1416,29.8,6.50,,90.0,-0.78,0.00,13.5,12.8,19.0,0.00,ARMED,,18.8
1791214368403,28.631354,77.316278,21.0,PETROL,10.24,22.0,2,1518,29.8,6.01,,90.0,-0.78,0.00,13.5,9.6,19.7,0.38,ARMED,,18.4
1791214370049,28.631254,77.316323,22.0,PETROL,18.10,14.9,2,1640,42.7,2.29,,90.0,0.00,2.34,13.5,0.0,21.1,1.01,ARMED,,14.5
1791214370975,28.631205,77.316344,22.0,PETROL,24.22,16.9,3,1105,42.7,1.44,,90.0,0.00,2.34,13.2,2.7,22.0,0.00,ARMED,,13.3
1791214371842,28.631205,77.316344,21.0,PETROL,25.23,14.9,3,1066,42.7,2.32,,90.0,0.00,2.34,13.2,0.0,21.3,-0.38,ARMED,,13.3
1791214373487,28.631108,77.316380,20.0,PETROL,20.64,20.4,3,1029,34.1,3.79,,90.0,0.00,0.00,13.4,7.5,20.3,-0.76,ARMED,,14.9
1791214374391,28.631058,77.316397,20.0,PETROL,18.94,20.4,3,1047,34.1,3.62,,90.0,0.00,0.00,13.4,7.5,20.0,0.00,ARMED,,15.3
1791214375300,28.631009,77.316413,21.0,PETROL,18.01,21.2,3,1073,34.1,3.80,,90.0,0.00,0.00,13.4,8.6,20.7,0.38,ARMED,,16.5
1791214376896,28.630958,77.316434,21.0,PETROL,18.27,21.2,3,1115,31.0,3.45,,90.0,-0.78,0.00,13.4,8.6,21.5,0.67,ARMED,,16.1
1791214377776,28.630906,77.316457,23.0,PETROL,15.19,22.4,3,1155,31.0,5.70,,90.0,-0.78,0.00,13.4,10.2,23.0,0.00,ARMED,,17.6
1791214378671,28.630853,77.316483,24.0,PETROL,13.63,21.6,3,1212,31.0,6.15,,90.0,-0.78,0.00,13.4,9.1,23.5,0.27,ARMED,,18.4
1791214380391,28.630743,77.316541,24.0,PETROL,13.73,20.8,3,1235,31.8,5.22,,90.0,0.00,0.78,13.4,8.0,24.0,0.43,ARMED,,17.3
1791214381305,28.630688,77.316572,25.0,PETROL,15.63,14.9,3,1267,31.8,3.90,,90.0,0.00,0.78,13.4,0.0,25.0,0.00,ARMED,,14.1
1791214382221,28.630637,77.316605,24.0,PETROL,18.75,14.9,4,1044,31.8,2.71,,90.0,0.00,0.78,13.2,0.0,24.0,0.00,ARMED,,15.3
1791214383909,28.630592,77.316636,21.0,PETROL,19.34,14.9,4,841,36.9,3.15,,90.0,0.00,-0.78,13.2,0.0,21.9,-1.18,ARMED,,14.9
1791214384805,28.630554,77.316664,17.0,PETROL,18.27,14.9,3,834,36.9,3.17,,90.0,0.00,-0.78,13.1,0.0,17.0,0.00,ARMED,,14.9
1791214385706,28.630520,77.316697,17.0,PETROL,25.17,14.9,3,824,36.9,0.66,,91.0,0.00,-0.78,13.1,0.0,17.0,0.00,ARMED,,12.5
1791214387296,28.630475,77.316766,15.0,PETROL,24.28,14.9,3,758,23.1,1.86,,91.0,8.59,-0.78,13.4,0.0,15.7,-0.74,ARMED,,12.5
1791214388186,28.630462,77.316799,13.0,PETROL,26.44,14.9,3,720,23.1,1.14,,91.0,8.59,-0.78,13.4,0.0,13.0,0.00,ARMED,,12.5
1791214389094,28.630456,77.316822,9.0,PETROL,24.80,14.9,2,704,23.1,1.19,,91.0,8.59,-0.78,13.4,0.0,9.0,0.00,ARMED,,12.5
1791214390988,28.630450,77.316852,6.0,PETROL,21.25,14.9,,702,24.3,1.23,,91.0,2.34,0.00,13.4,0.0,6.0,0.00,ARMED,,12.5
1791214391859,28.630450,77.316852,5.0,PETROL,17.80,14.9,1,720,24.3,1.25,,91.0,2.34,0.00,13.4,0.0,5.0,0.00,ARMED,,12.2
1791214392756,28.630450,77.316867,5.0,PETROL,12.85,14.9,1,765,24.3,1.94,,91.0,2.34,0.00,13.4,0.0,5.0,0.00,ARMED,,12.5
1791214394420,28.630454,77.316897,5.0,PETROL,6.63,20.0,,688,56.1,5.06,,91.0,-9.38,0.00,13.4,7.0,5.0,0.00,ARMED,,14.5
1791214395322,28.630457,77.316919,8.0,PETROL,5.45,23.1,1,1062,56.1,5.94,,91.0,-9.38,0.00,13.4,11.2,8.0,0.00,ARMED,,18.0
1791214396243,28.630463,77.316947,11.0,PETROL,5.52,14.9,1,1485,56.1,6.60,,91.0,-9.38,0.00,13.4,0.0,10.0,1.14,ARMED,,18.4
1791214397858,28.630472,77.316979,12.0,PETROL,7.81,22.4,,1203,64.3,2.55,,91.0,0.00,2.34,13.4,10.2,12.0,0.00,ARMED,,13.3
1791214398745,28.630480,77.317015,15.0,PETROL,7.46,22.4,2,1058,64.3,6.24,,91.0,0.00,2.34,13.0,10.2,15.0,0.00,ARMED,,18.8
1791214399597,28.630490,77.317056,16.0,PETROL,7.79,20.8,2,1209,64.3,5.80,,91.0,0.00,2.34,13.0,8.0,15.7,0.38,ARMED,,18.0
1791214401244,28.630515,77.317150,17.0,PETROL,8.67,21.2,2,1248,38.4,5.12,,91.0,-0.78,1.56,13.2,8.6,16.7,0.76,ARMED,,17.6
1791214402157,28.630528,77.317200,19.0,PETROL,9.93,20.8,2,1384,38.4,4.79,,91.0,-0.78,1.56,13.2,8.0,19.0,0.00,ARMED,,17.3
1791214403063,28.630539,77.317251,19.0,PETROL,8.65,23.9,2,1414,38.4,7.75,,91.0,-0.78,1.56,13.5,12.3,19.0,0.00,ARMED,,19.2
1791214404681,28.630552,77.317306,20.0,PETROL,9.34,14.9,2,1490,20.0,5.83,,91.0,0.00,0.00,13.5,0.0,19.7,0.40,ARMED,,17.6
1791214405591,28.630564,77.317361,20.0,PETROL,12.58,14.9,3,1089,20.0,2.50,,91.0,0.00,0.00,13.4,0.0,20.0,0.00,ARMED,,13.3
1791214406467,28.630575,77.317415,20.0,PETROL,16.84,14.9,,902,20.0,1.86,,91.0,0.00,0.00,13.4,0.0,20.0,0.00,ARMED,,12.9
1791214408219,28.630593,77.317513,18.0,PETROL,20.17,14.9,4,727,44.7,1.79,,91.0,-0.78,3.91,13.2,0.0,18.0,0.00,ARMED,,12.5
1791214409079,28.630598,77.317563,18.0,PETROL,20.88,14.9,2,1415,44.7,2.40,,91.0,-0.78,3.91,13.2,0.0,18.0,0.00,ARMED,,13.3
1791214410003,28.630599,77.317608,16.0,PETROL,9.73,30.6,3,826,44.7,9.35,,91.0,-0.78,3.91,13.5,21.4,16.0,0.00,ARMED,,21.6
1791214411719,28.630593,77.317658,18.0,PETROL,7.88,29.0,2,1486,20.0,8.88,,91.0,0.00,0.00,13.5,19.3,18.0,0.00,ARMED,,22.4
1791214412593,28.630579,77.317712,20.0,PETROL,7.92,23.1,4,832,20.0,7.63,,91.0,0.00,0.00,13.3,11.2,20.0,0.00,ARMED,,18.0
1791214413448,28.630558,77.317765,21.0,PETROL,9.42,20.8,3,1067,20.0,5.08,,91.0,0.00,0.00,13.3,8.0,21.0,0.00,ARMED,,17.6
1791214415034,28.630500,77.317865,22.0,PETROL,11.70,20.8,3,1097,30.6,3.96,,91.0,-2.34,0.00,13.3,8.0,21.6,0.37,ARMED,,15.7
1791214415939,28.630500,77.317865,23.0,PETROL,14.84,20.4,3,1164,30.6,3.09,,91.0,-2.34,0.00,13.3,7.5,23.0,0.00,ARMED,,15.3
1791214416843,28.630463,77.317913,23.0,PETROL,15.17,20.8,3,1178,30.6,4.58,,91.0,-2.34,0.00,13.1,8.0,23.0,0.00,ARMED,,16.5
1791214418504,28.630382,77.318009,23.0,PETROL,14.34,21.2,3,1196,43.1,5.22,,91.0,-0.78,1.56,13.1,8.6,23.2,0.07,ARMED,,17.6
1791214419382,28.630340,77.318056,24.0,PETROL,13.49,21.2,3,1253,43.1,5.82,,91.0,-0.78,1.56,13.4,8.6,24.0,0.00,ARMED,,17.6
1791214420313,28.630292,77.318100,25.0,PETROL,13.73,20.4,3,1275,43.1,5.36,,91.0,-0.78,1.56,13.4,7.5,24.6,0.35,ARMED,,17.6
1791214421969,28.630182,77.318171,26.0,PETROL,13.93,21.2,3,1340,40.0,5.44,,91.0,0.78,1.56,13.4,8.6,25.7,0.81,ARMED,,17.6
1791214422805,28.630182,77.318171,26.0,PETROL,14.15,21.2,3,1346,40.0,5.34,,91.0,0.78,1.56,13.4,8.6,26.0,0.00,ARMED,,17.6
1791214423687,28.630122,77.318203,27.0,PETROL,15.71,21.2,3,1362,40.0,4.32,,91.0,0.78,1.56,13.4,8.6,26.4,0.23,ARMED,,16.5
1791214425460,28.629993,77.318249,27.0,PETROL,16.35,21.6,3,1398,32.2,4.62,,91.0,1.56,0.78,13.4,9.1,27.1,0.49,ARMED,,16.5
1791214426383,28.629926,77.318271,28.0,PETROL,19.10,14.9,3,1437,32.2,3.32,,91.0,1.56,0.78,13.5,0.0,28.0,0.00,ARMED,,15.7
1791214427243,28.629861,77.318293,28.0,PETROL,23.59,14.9,4,1197,32.2,2.33,,91.0,1.56,0.78,13.5,0.0,28.0,0.00,ARMED,,12.9
1791214428938,28.629800,77.318314,27.0,PETROL,27.36,14.9,5,839,23.5,2.27,,91.0,0.00,0.00,13.4,0.0,27.0,0.00,ARMED,,12.2
1791214429844,28.629745,77.318337,23.0,PETROL,32.42,14.9,,699,23.5,1.45,,91.0,0.00,0.00,13.4,0.0,23.0,0.00,ARMED,,12.5
1791214430786,28.629693,77.318354,21.0,PETROL,39.43,14.9,,696,23.5,0.98,,91.0,0.00,0.00,13.4,0.0,21.0,0.00,ARMED,,12.5
1791214432499,28.629607,77.318391,19.0,PETROL,42.94,14.9,,696,24.7,1.14,,91.0,-1.56,0.00,13.4,0.0,19.0,0.00,ARMED,,12.5
1791214433398,28.629573,77.318403,14.0,PETROL,35.09,14.9,,698,24.7,1.76,,91.0,-1.56,0.00,13.5,0.0,14.0,0.00,ARMED,,12.5
1791214434293,28.629550,77.318412,10.0,PETROL,31.02,14.9,,697,24.7,1.32,,91.0,-1.56,0.00,13.5,0.0,10.0,0.00,ARMED,,12.5
1791214435893,28.629534,77.318421,7.0,PETROL,20.24,14.9,,689,25.1,2.28,,91.0,0.00,-1.56,13.3,0.0,7.0,0.00,ARMED,,12.5
1791214436846,28.629523,77.318426,3.0,PETROL,12.61,14.9,,697,25.1,2.39,,91.0,0.00,-1.56,13.3,0.0,3.0,0.00,ARMED,,13.7
1791214437818,28.629516,77.318429,2.0,PETROL,8.69,14.9,,754,25.1,2.10,,91.0,0.00,-1.56,13.2,0.0,2.0,0.00,ARMED,,14.5
1791214439504,28.629507,77.318433,2.0,PETROL,5.17,25.1,,774,42.0,3.16,,91.0,1.56,1.56,13.2,13.9,2.0,0.00,ARMED,,19.6
1791214440382,28.629499,77.318437,4.0,PETROL,4.12,20.0,,946,42.0,3.80,,91.0,1.56,1.56,13.0,7.0,4.0,0.00,ARMED,,16.1
1791214441233,28.629489,77.318438,6.0,PETROL,4.79,14.9,1,807,42.0,3.07,,91.0,1.56,1.56,13.0,0.0,6.0,0.00,ARMED,,14.5
1791214442895,28.629476,77.318443,6.0,PETROL,3.73,21.2,1,817,43.1,6.23,,91.0,-2.34,2.34,13.3,8.6,6.0,0.00,ARMED,,17.6
1791214443760,28.629457,77.318449,8.0,PETROL,4.50,20.8,1,1113,43.1,4.28,,91.0,-2.34,2.34,13.3,8.0,8.0,0.00,ARMED,,16.9
1791214444676,28.629438,77.318454,8.0,PETROL,5.17,21.2,1,1209,43.1,3.86,,91.0,-2.34,2.34,13.5,8.6,8.0,0.00,ARMED,,16.5
1791214446259,28.629396,77.318465,10.0,PETROL,7.07,14.9,1,1353,67.8,2.61,,91.0,0.00,0.78,13.5,0.0,8.8,0.43,ARMED,,13.3
1791214447157,28.629371,77.318474,11.0,PETROL,8.47,20.0,,947,67.8,3.05,,91.0,0.00,0.78,13.3,7.0,11.0,0.00,ARMED,,14.1
1791214448064,28.629345,77.318482,11.0,PETROL,10.78,18.8,2,821,67.8,2.01,,91.0,0.00,0.78,13.3,5.4,11.0,0.00,ARMED,,12.5
1791214449774,28.629318,77.318491,12.0,PETROL,14.43,18.8,2,902,24.3,1.45,,91.0,1.56,-0.78,13.5,5.4,11.7,0.39,ARMED,,13.3
1791214450639,28.629289,77.318502,12.0,PETROL,15.54,18.0,2,859,24.3,2.09,,91.0,1.56,-0.78,13.5,4.3,12.0,0.00,ARMED,,13.3
1791214451531,28.629266,77.318521,12.0,PETROL,15.38,14.9,2,844,24.3,2.39,,91.0,1.56,-0.78,13.2,0.0,12.0,0.00,ARMED,,12.9
1791214453120,28.629239,77.318574,11.0,PETROL,16.51,14.9,,714,24.3,1.75,,91.0,3.91,-1.56,13.2,0.0,11.0,0.00,ARMED,,12.5
1791214453979,28.629234,77.318590,8.0,PETROL,16.58,14.9,,707,24.3,1.42,,91.0,3.91,-1.56,13.3,0.0,8.0,0.00,ARMED,,12.5
1791214454889,28.629234,77.318590,3.0,PETROL,10.84,14.9,,698,24.3,2.25,,90.0,3.91,-1.56,13.3,0.0,3.0,0.00,ARMED,,12.9
1791214456537,28.629236,77.318596,0.0,PETROL,5.98,14.9,0,714,38.8,2.50,,90.0,-0.78,-0.78,13.2,0.0,0.0,0.00,ARMED,,13.7
1791214457454,28.629236,77.318596,0.0,PETROL,,14.9,0,779,38.8,2.50,,90.0,-0.78,-0.78,13.2,0.0,0.0,0.00,ARMED,,15.3
1791214458358,28.629236,77.318596,0.0,PETROL,,14.9,0,801,38.8,2.60,,90.0,-0.78,-0.78,13.4,0.0,0.0,0.00,ARMED,,15.3
1791214460205,28.629235,77.318604,0.0,PETROL,,14.9,0,826,44.7,11.04,,90.0,0.00,-0.78,13.3,0.0,0.0,0.00,ARMED,,22.4
1791214461173,28.629236,77.318617,4.0,PETROL,,14.9,,753,44.7,3.87,,90.0,0.00,-0.78,13.3,0.0,4.0,0.00,ARMED,,15.3
1791214462049,28.629237,77.318632,5.0,PETROL,2.53,14.9,,817,44.7,2.39,,90.0,0.00,-0.78,13.3,0.0,5.0,0.00,ARMED,,14.9
1791214463810,28.629241,77.318648,6.0,PETROL,3.95,14.9,1,822,22.4,2.50,,90.0,0.00,-0.78,13.4,0.0,6.0,0.00,ARMED,,14.5
1791214464678,28.629244,77.318665,7.0,PETROL,6.75,14.9,,740,22.4,1.06,,90.0,0.00,-0.78,13.4,0.0,7.0,0.00,ARMED,,12.5
1791214465632,28.629253,77.318681,7.0,PETROL,7.90,14.9,,727,22.4,2.18,,90.0,0.00,-0.78,13.4,0.0,7.0,0.00,ARMED,,12.5
1791214467336,28.629274,77.318706,6.0,PETROL,9.34,21.6,,710,44.3,1.46,,90.0,-4.69,1.56,13.4,9.1,6.0,0.00,ARMED,,12.5
1791214468292,28.629290,77.318712,8.0,PETROL,10.02,14.9,1,1081,44.3,2.30,,90.0,-4.69,1.56,13.2,0.0,8.0,0.00,ARMED,,13.3
1791214469133,28.629310,77.318713,7.0,PETROL,4.58,22.7,1,902,44.3,8.61,,91.0,-4.69,1.56,13.2,10.7,7.3,-0.38,ARMED,,18.4
1791214470869,28.629331,77.318706,8.0,PETROL,5.31,20.8,,1234,44.7,3.66,,91.0,-2.34,1.56,13.1,8.0,8.0,0.00,ARMED,,16.1
1791214471769,28.629353,77.318695,10.0,PETROL,7.16,20.8,2,786,44.7,2.65,,90.0,-2.34,1.56,13.1,8.0,10.0,0.00,ARMED,,15.3
1791214472695,28.629379,77.318683,12.0,PETROL,8.15,20.8,2,891,44.7,3.86,,90.0,-2.34,1.56,13.4,8.0,11.3,0.76,ARMED,,15.7
1791214474368,28.629438,77.318653,13.0,PETROL,9.58,20.4,2,965,39.2,3.28,,90.0,0.00,0.78,13.4,7.5,12.7,1.13,ARMED,,15.3
1791214475302,28.629471,77.318639,14.0,PETROL,10.71,17.3,2,1023,39.2,3.39,,90.0,0.00,0.78,13.1,3.2,14.0,0.00,ARMED,,15.3
1791214476202,28.629504,77.318625,14.0,PETROL,11.21,14.9,2,983,39.2,3.54,,90.0,0.00,0.78,13.1,0.0,14.0,0.00,ARMED,,14.9
1791214477892,28.629534,77.318612,13.0,PETROL,11.41,14.9,,803,37.6,3.35,,90.0,1.56,-0.78,13.3,0.0,13.0,0.00,ARMED,,14.9
1791214478793,28.629561,77.318601,11.0,PETROL,11.25,14.9,2,819,37.6,3.02,,90.0,1.56,-0.78,13.3,0.0,11.0,0.00,ARMED,,14.9
1791214479708,28.629587,77.318594,10.0,PETROL,11.85,14.9,2,817,37.6,2.30,,90.0,1.56,-0.78,13.3,0.0,10.3,-0.38,ARMED,,14.9
1791214481333,28.629625,77.318597,8.0,PETROL,9.89,14.9,,818,36.9,3.27,,90.0,2.34,-0.78,13.3,0.0,8.0,0.00,ARMED,,14.5
1791214482244,28.629640,77.318598,6.0,PETROL,10.92,14.9,1,804,36.9,1.22,,90.0,2.34,-0.78,13.4,0.0,6.0,0.00,ARMED,,12.9
1791214483120,28.629652,77.318597,5.0,PETROL,10.20,14.9,1,729,36.9,1.71,,90.0,2.34,-0.78,13.4,0.0,5.3,-0.38,ARMED,,12.9
1791214484860,28.629662,77.318594,4.0,PETROL,8.43,14.9,,722,24.3,2.04,,90.0,3.91,-0.78,13.4,0.0,4.0,0.00,ARMED,,12.5
1791214485718,28.629671,77.318590,4.0,PETROL,7.19,14.9,,700,24.3,2.17,,90.0,3.91,-0.78,13.4,0.0,4.0,0.00,ARMED,,12.5
1791214486637,28.629678,77.318586,3.0,PETROL,5.81,14.9,,700,24.3,2.27,,90.0,3.91,-0.78,13.5,0.0,3.0,0.00,ARMED,,12.9
1791214488329,28.629685,77.318585,2.0,PETROL,5.01,14.9,,693,27.5,1.76,,90.0,-0.78,0.00,13.5,0.0,2.0,0.00,ARMED,,12.9
1791214489320,28.629685,77.318585,0.0,PETROL,,14.9,0,699,27.5,2.10,,90.0,-0.78,0.00,13.5,0.0,0.0,0.00,ARMED,,12.9
1791214490215,28.629685,77.318585,0.0,PETROL,,14.9,0,699,27.5,1.70,,90.0,-0.78,0.00,13.5,0.0,0.0,0.00,ARMED,,12.9
1791214492007,28.629685,77.318585,0.0,PETROL,,14.9,0,695,31.8,1.06,,90.0,-1.56,-0.78,13.6,0.0,0.0,0.00,ARMED,,12.9
1791214492871,28.629685,77.318585,0.0,PETROL,,,0,757,31.8,3.07,,90.0,-1.56,-0.78,13.6,,0.0,0.00,ARMED,,14.5
1791214493739,28.629685,77.318585,,PETROL,,,,,31.8,3.07,,90.0,-1.56,-0.78,13.6,,0.0,0.00,OFF,,14.5
1791214495557,28.629685,77.318585,,PETROL,,,,,31.8,3.07,,90.0,-1.56,-0.78,13.6,,0.0,0.00,OFF,,14.5
1791214496485,28.629686,77.318589,,PETROL,,,,,31.8,3.07,,90.0,-1.56,-0.78,13.6,,0.0,0.00,OFF,,14.5
1791214497337,28.629677,77.318590,,PETROL,,,,,31.8,3.07,,90.0,-1.56,-0.78,13.6,,0.0,0.00,OFF,,14.5
1791214498927,28.629698,77.318617,,PETROL,,,,,31.8,3.07,,90.0,-1.56,-0.78,13.6,,0.0,0.00,OFF,,14.5
1791214499887,28.629698,77.318618,,PETROL,,,,,31.8,3.07,,90.0,-1.56,-0.78,13.6,,0.0,0.00,OFF,,14.5
1791214501410,28.629700,77.318619,,PETROL,,,,,31.8,3.07,,90.0,-1.56,-0.78,13.6,,0.0,0.00,OFF,,14.5
1791214503455,28.629701,77.318620,,PETROL,,,,,31.8,3.07,,90.0,-1.56,-0.78,13.6,,0.0,0.00,OFF,,14.5
1791214504906,28.629700,77.318623,,PETROL,,,,,31.8,3.07,,90.0,-1.56,-0.78,13.6,,0.0,0.00,OFF,,14.5
1791214506131,28.629700,77.318626,,PETROL,,,,,31.8,3.07,,90.0,-1.56,-0.78,13.6,,0.0,0.00,OFF,,14.5
1791214510290,28.629683,77.318622,,PETROL,,,,,31.8,3.07,,90.0,-1.56,-0.78,13.6,,0.0,0.00,OFF,,14.5
