t_ms,lat,lon,speed_kmh,fuel,inst_eff,pedal,gear,rpm,load,maf,map,ect,stft,ltft,volt,pedal_norm,v_est,a_est,cruise_state,cruise_target,throttle,sugg_gear,cue
1791386360220,28.511268,77.383326,0.0,PETROL,,14.9,0,791,23.1,1.30,,89.0,4.69,-2.34,13.5,0.0,0.0,0.00,ARMED,,12.5,1,
1791386362136,28.511268,77.383326,0.0,PETROL,,14.9,0,704,23.1,1.72,,89.0,4.69,-2.34,13.4,0.0,0.0,0.00,ARMED,,12.5,1,
1791386362899,28.511268,77.383326,0.0,PETROL,,14.9,0,705,23.1,2.01,,90.0,4.69,-2.34,13.4,0.0,0.0,0.00,ARMED,,12.5,1,
1791386364532,28.511268,77.383326,0.0,CNG,,14.9,0,704,22.7,1.96,,90.0,0.78,-2.34,13.4,0.0,0.0,0.00,ARMED,,12.5,1,
1791386365325,28.511268,77.383326,0.0,CNG,,14.9,0,703,22.7,0.71,,89.0,0.78,-2.34,13.4,0.0,0.0,0.00,ARMED,,12.5,1,
1791386366248,28.511268,77.383326,0.0,CNG,,14.9,0,709,22.7,2.09,,89.0,0.78,-2.34,13.3,0.0,0.0,0.00,ARMED,,12.5,1,
1791386367984,28.511268,77.383326,0.0,CNG,,14.9,0,780,40.0,2.18,,89.0,0.00,-2.34,13.3,0.0,0.0,0.00,ARMED,,15.3,1,
1791386368814,28.511268,77.383326,0.0,CNG,,14.9,0,832,40.0,3.23,,89.0,0.00,-2.34,13.3,0.0,0.0,0.00,ARMED,,15.3,1,
1791386369537,28.511268,77.383326,0.0,CNG,,14.9,0,841,40.0,3.51,,89.0,0.00,-2.34,13.3,0.0,0.0,0.00,ARMED,,15.3,1,
1791386371280,28.511268,77.383326,0.0,CNG,,14.9,0,848,41.6,3.34,,89.0,1.56,-2.34,13.5,0.0,0.0,0.00,ARMED,,15.3,1,
1791386372075,28.511268,77.383326,0.0,CNG,,14.9,0,848,41.6,3.22,,89.0,1.56,-2.34,13.5,0.0,0.0,0.00,ARMED,,15.3,1,
1791386372872,28.511268,77.383326,0.0,CNG,,14.9,0,839,41.6,3.24,,89.0,1.56,-2.34,13.3,0.0,0.0,0.00,ARMED,,15.3,1,
1791386374751,28.511268,77.383326,0.0,CNG,,14.9,0,832,23.1,2.59,,89.0,-1.56,-2.34,13.3,0.0,0.0,0.00,ARMED,,12.9,1,
1791386375519,28.511268,77.383326,0.0,CNG,,14.9,0,739,23.1,2.13,,89.0,-1.56,-2.34,13.4,0.0,0.0,0.00,ARMED,,12.9,1,
1791386376266,28.511268,77.383326,0.0,CNG,,14.9,0,722,23.1,0.84,,89.0,-1.56,-2.34,13.4,0.0,0.0,0.00,ARMED,,12.9,1,
1791386377890,28.511268,77.383326,0.0,CNG,,14.9,0,709,23.1,1.47,,89.0,2.34,-2.34,13.4,0.0,0.0,0.00,ARMED,,12.5,1,
1791386378739,28.511268,77.383326,0.0,CNG,,14.9,0,711,23.1,1.88,,90.0,2.34,-2.34,13.4,0.0,0.0,0.00,ARMED,,12.5,1,
1791386379574,28.511268,77.383326,0.0,CNG,,14.9,0,709,23.1,1.71,,90.0,2.34,-2.34,13.4,0.0,0.0,0.00,ARMED,,12.5,1,
1791386381225,28.511268,77.383326,0.0,CNG,,14.9,0,705,37.3,2.04,,90.0,0.78,-2.34,13.4,0.0,0.0,0.00,ARMED,,14.1,1,
1791386381986,28.511268,77.383326,0.0,CNG,,14.9,0,778,37.3,2.07,,90.0,0.78,-2.34,13.2,0.0,0.0,0.00,ARMED,,14.1,1,
1791386382710,28.511266,77.383332,0.0,CNG,,14.9,0,800,37.3,2.84,,90.0,0.78,-2.34,13.2,0.0,0.0,0.00,ARMED,,14.1,1,
1791386384359,28.511266,77.383337,0.0,CNG,,14.9,0,814,40.0,3.27,,90.0,1.56,-2.34,13.5,0.0,0.0,0.00,ARMED,,15.3,1,
1791386385137,28.511265,77.383341,0.0,CNG,,14.9,0,836,40.0,2.45,,89.0,1.56,-2.34,13.5,0.0,0.0,0.00,ARMED,,15.3,1,
1791386385924,28.511265,77.383345,0.0,CNG,,25.5,0,845,40.0,3.17,,89.0,1.56,-2.34,13.3,14.4,0.0,0.00,ARMED,,15.3,1,
1791386387568,28.511264,77.383348,0.0,CNG,,20.0,0,1397,31.8,4.77,,89.0,0.00,-2.34,13.3,7.0,0.0,0.00,ARMED,,15.3,1,
1791386388385,28.511264,77.383348,0.0,CNG,,14.9,0,971,31.8,2.56,,89.0,0.00,-2.34,13.4,0.0,0.0,0.00,ARMED,,15.3,1,
1791386389133,28.511262,77.383350,0.0,CNG,,14.9,0,791,31.8,1.99,,89.0,0.00,-2.34,13.4,0.0,0.0,0.00,ARMED,,15.3,1,
1791386390799,28.511261,77.383352,0.0,CNG,,14.9,0,741,22.7,2.14,,89.0,3.91,-2.34,13.3,0.0,0.0,0.00,ARMED,,12.5,1,
1791386391608,28.511261,77.383354,0.0,CNG,,14.9,0,715,22.7,1.56,,89.0,3.91,-2.34,13.3,0.0,0.0,0.00,ARMED,,12.5,1,
1791386392381,28.511261,77.383354,0.0,CNG,,14.9,0,708,22.7,1.69,,89.0,3.91,-2.34,13.5,0.0,0.0,0.00,ARMED,,12.5,1,
1791386394120,28.511260,77.383354,0.0,CNG,,14.9,0,700,22.7,1.93,,89.0,1.56,-2.34,13.5,0.0,0.0,0.00,ARMED,,12.5,1,
1791386394936,28.511260,77.383355,0.0,CNG,,14.9,0,695,22.7,1.97,,89.0,1.56,-2.34,13.3,0.0,0.0,0.00,ARMED,,12.5,1,
1791386395671,28.511262,77.383351,0.0,CNG,,14.9,0,703,22.7,1.78,,89.0,1.56,-2.34,13.3,0.0,0.0,0.00,ARMED,,12.5,1,
1791386397357,28.511262,77.383350,0.0,CNG,,14.9,0,707,22.7,2.04,,89.0,0.78,-2.34,13.5,0.0,0.0,0.00,ARMED,,12.5,1,
1791386398166,28.511262,77.383351,0.0,CNG,,14.9,0,712,22.7,1.98,,89.0,0.78,-2.34,13.5,0.0,0.0,0.00,ARMED,,12.5,1,
1791386398971,28.511262,77.383351,0.0,CNG,,14.9,0,785,22.7,3.25,,89.0,0.78,-2.34,13.5,0.0,0.0,0.00,ARMED,,12.5,1,
1791386400600,28.511262,77.383351,0.0,CNG,,14.9,0,816,40.0,3.49,,89.0,1.56,-2.34,13.5,0.0,0.0,0.00,ARMED,,15.3,1,
1791386401483,28.511262,77.383351,0.0,CNG,,14.9,0,839,40.0,3.63,,89.0,1.56,-2.34,13.4,0.0,0.0,0.00,ARMED,,15.3,1,
1791386402453,28.511262,77.383351,0.0,CNG,,14.9,0,854,40.0,3.70,,89.0,1.56,-2.34,13.4,0.0,0.0,0.00,ARMED,,15.3,1,
1791386404478,28.511262,77.383351,0.0,CNG,,14.9,0,845,40.0,3.30,,89.0,0.78,-2.34,13.4,0.0,0.0,0.00,ARMED,,15.3,1,
1791386405527,28.511262,77.383351,0.0,CNG,,14.9,0,839,40.0,2.90,,89.0,0.78,-2.34,13.4,0.0,0.0,0.00,ARMED,,15.3,1,
1791386406349,28.511262,77.383351,0.0,CNG,,14.9,0,770,40.0,1.25,,89.0,0.78,-2.34,13.5,0.0,0.0,0.00,ARMED,,15.3,1,
1791386408029,28.511262,77.383351,0.0,CNG,,14.9,0,739,23.1,1.13,,89.0,5.47,-2.34,13.5,0.0,0.0,0.00,ARMED,,12.5,1,
1791386408833,28.511262,77.383351,0.0,CNG,,14.9,0,714,23.1,1.60,,89.0,5.47,-2.34,13.5,0.0,0.0,0.00,ARMED,,12.5,1,
1791386409571,28.511262,77.383351,0.0,CNG,,14.9,0,711,23.1,1.02,,90.0,5.47,-2.34,13.5,0.0,0.0,0.00,ARMED,,12.5,1,
1791386411222,28.511262,77.383351,0.0,CNG,,14.9,0,700,23.1,0.76,,90.0,1.56,-2.34,13.5,0.0,0.0,0.00,ARMED,,12.9,1,
1791386411938,28.511262,77.383351,0.0,CNG,,14.9,0,701,23.1,1.86,,89.0,1.56,-2.34,13.5,0.0,0.0,0.00,ARMED,,12.9,1,
1791386412736,28.511262,77.383351,0.0,CNG,,14.9,0,689,23.1,2.07,,89.0,1.56,-2.34,13.5,0.0,0.0,0.00,ARMED,,12.9,1,
1791386414423,28.511262,77.383351,0.0,CNG,,14.9,0,695,43.5,1.26,,89.0,2.34,-2.34,13.5,0.0,0.0,0.00,ARMED,,18.0,1,
1791386415204,28.511262,77.383351,0.0,CNG,,14.9,0,1405,43.5,5.40,,89.0,2.34,-2.34,13.3,0.0,0.0,0.00,ARMED,,18.0,1,
1791386415961,28.511262,77.383351,1.0,CNG,,18.4,,767,43.5,2.07,,89.0,2.34,-2.34,13.3,4.8,1.0,0.00,ARMED,,18.0,,
1791386417722,28.511271,77.383357,2.0,CNG,,18.4,,541,68.2,2.46,,89.0,0.78,-3.13,13.4,4.8,2.0,0.00,ARMED,,18.4,,
1791386418462,28.511271,77.383357,6.0,CNG,3.86,22.4,1,812,68.2,4.13,,89.0,0.78,-3.13,13.4,10.2,6.0,0.00,ARMED,,18.4,1,
1791386419263,28.511283,77.383368,8.0,CNG,4.57,22.7,1,1059,68.2,6.40,,89.0,0.78,-3.13,13.2,10.7,7.3,0.73,ARMED,,18.4,1,
1791386420878,28.511325,77.383401,11.0,CNG,4.97,22.7,1,1434,43.1,8.52,,90.0,-2.34,-2.34,13.2,10.7,9.8,1.87,ARMED,,15.3,1,
1791386421680,28.511353,77.383420,13.0,CNG,6.80,18.8,,1187,43.1,5.34,,90.0,-2.34,-2.34,13.4,5.4,13.0,0.00,ARMED,,15.3,,
1791386422422,28.511353,77.383420,13.0,CNG,6.58,23.5,,1143,43.1,8.36,,90.0,-2.34,-2.34,13.4,11.8,13.0,0.00,ARMED,,15.3,,
1791386424060,28.511409,77.383459,15.0,CNG,6.58,23.9,2,1103,67.1,9.33,,90.0,0.00,-2.34,13.5,12.3,15.0,0.00,ARMED,,20.8,2,
1791386424784,28.511451,77.383486,20.0,CNG,7.67,23.9,2,1459,67.1,8.99,,90.0,0.00,-2.34,13.5,12.3,19.3,2.05,ARMED,,20.8,2,
1791386425555,28.511486,77.383526,21.0,CNG,9.18,23.9,2,1567,67.1,7.30,,90.0,0.00,-2.34,13.4,12.3,21.0,2.08,ARMED,,20.8,2,
1791386427312,28.511531,77.383565,23.0,CNG,11.38,22.7,2,1666,34.9,5.97,,90.0,0.78,-3.13,13.4,10.7,22.4,2.04,ARMED,,15.3,2,
1791386428155,28.511580,77.383601,24.0,CNG,16.50,21.6,3,1155,34.9,2.63,,90.0,0.78,-3.13,13.5,9.1,24.0,0.00,ARMED,,15.3,3,
1791386428895,28.511630,77.383638,24.0,CNG,17.11,22.7,3,1322,34.9,5.45,,90.0,0.78,-3.13,13.5,10.7,24.0,0.00,ARMED,,15.3,3,
1791386430531,28.511679,77.383679,24.0,CNG,16.32,22.4,3,1255,47.5,6.40,,90.0,0.00,-3.13,13.4,10.2,24.0,0.00,ARMED,,18.8,3,
1791386431264,28.511731,77.383719,27.0,CNG,16.94,22.7,3,1361,47.5,6.20,,90.0,0.00,-3.13,13.4,10.7,26.6,1.23,ARMED,,18.8,3,
1791386432071,28.511786,77.383763,28.0,CNG,17.65,22.0,3,1416,47.5,6.12,,90.0,0.00,-3.13,13.5,9.6,27.9,1.43,ARMED,,18.8,3,
1791386433748,28.511906,77.383856,28.0,CNG,19.48,21.2,3,1458,37.6,5.03,,90.0,1.56,-3.13,13.5,8.6,28.9,1.39,ARMED,,14.1,3,
1791386434549,28.511959,77.383908,29.0,CNG,22.78,14.9,4,1011,37.6,3.98,,90.0,1.56,-3.13,13.4,0.0,29.0,0.00,ARMED,,14.1,4,
1791386435334,28.511959,77.383908,26.0,CNG,27.74,14.9,4,1014,37.6,2.50,,90.0,1.56,-3.13,13.4,0.0,27.1,-1.11,ARMED,,14.1,4,
1791386436968,28.512046,77.383992,22.0,CNG,30.17,14.9,4,877,39.2,2.50,,90.0,0.00,-2.34,13.4,0.0,23.6,-2.63,ARMED,,14.9,4,
1791386437763,28.512079,77.384019,16.0,CNG,28.18,14.9,3,825,39.2,2.68,,90.0,0.00,-2.34,13.4,0.0,16.0,0.00,ARMED,,14.9,3,
1791386438547,28.512111,77.384045,17.0,CNG,24.85,14.9,3,826,39.2,3.42,,90.0,0.00,-2.34,13.3,0.0,16.6,0.35,ARMED,,14.9,3,
1791386440297,28.512144,77.384071,16.0,CNG,37.72,14.9,3,827,55.7,0.08,,90.0,1.56,-4.69,13.3,0.0,16.3,0.01,ARMED,,20.0,3,
1791386441097,28.512182,77.384079,17.0,CNG,19.38,22.0,2,1259,55.7,6.38,,90.0,1.56,-4.69,13.3,9.6,17.0,0.00,ARMED,,20.0,2,
1791386441810,28.512229,77.384083,18.0,CNG,20.67,20.4,2,1313,55.7,3.21,,90.0,1.56,-4.69,13.3,7.5,17.6,0.35,ARMED,,20.0,2,
1791386443501,28.512272,77.384078,17.0,CNG,20.28,20.8,2,1319,31.4,3.53,,90.0,0.00,-3.91,13.4,8.0,17.3,0.04,ARMED,,16.5,2,
1791386444303,28.512313,77.384054,18.0,CNG,14.70,24.3,2,1301,31.4,7.01,,90.0,0.00,-3.91,13.4,12.8,17.9,0.28,ARMED,,16.5,2,
1791386445089,28.512346,77.384020,19.0,CNG,12.13,24.3,2,1403,31.4,7.97,,90.0,0.00,-3.91,13.3,12.8,18.9,0.71,ARMED,,16.5,2,
1791386446686,28.512428,77.383944,21.0,CNG,12.10,14.9,2,1558,47.5,7.12,,90.0,0.00,0.00,13.3,0.0,20.7,1.43,ARMED,,20.0,2,
1791386447497,28.512428,77.383944,23.0,CNG,12.62,23.9,3,1130,47.5,7.04,,90.0,0.00,0.00,13.3,12.3,23.0,0.00,ARMED,,20.0,3,
1791386448263,28.512472,77.383903,24.0,CNG,13.43,23.9,3,1225,47.5,6.69,,90.0,0.00,0.00,13.3,12.3,23.6,0.36,ARMED,,20.0,3,
1791386449906,28.512573,77.383807,26.0,CNG,14.63,23.1,3,1304,49.0,6.44,,90.0,-1.56,-3.13,13.6,11.2,25.1,1.10,ARMED,,19.2,3,
1791386450652,28.512624,77.383755,28.0,CNG,15.33,22.4,3,1422,49.0,7.01,,90.0,-1.56,-3.13,13.6,10.2,27.9,1.52,ARMED,,19.2,3,
1791386451486,28.512624,77.383755,28.0,CNG,15.12,22.0,3,1449,49.0,7.71,,90.0,-1.56,-3.13,13.2,9.6,28.7,1.31,ARMED,,19.2,3,
1791386453139,28.512732,77.383648,29.0,CNG,14.43,23.1,3,1489,52.5,8.73,,90.0,2.34,-2.34,13.2,11.2,29.5,1.11,ARMED,,18.0,3,
1791386453919,28.512788,77.383590,31.0,CNG,17.81,14.9,,1405,52.5,4.90,,90.0,2.34,-2.34,13.3,0.0,31.0,0.00,ARMED,,18.0,,
1791386454628,28.512844,77.383532,30.0,CNG,22.48,22.7,4,1095,52.5,3.39,,90.0,2.34,-2.34,13.3,10.7,30.0,0.00,ARMED,,18.0,4,
1791386456282,28.512901,77.383473,31.0,CNG,18.19,23.5,4,1194,67.1,8.85,,90.0,3.13,-2.34,13.5,11.8,30.6,0.35,ARMED,,15.7,3,
1791386457064,28.512959,77.383410,32.0,CNG,24.88,14.9,4,1244,67.1,2.54,,90.0,3.13,-2.34,13.5,0.0,31.9,0.69,ARMED,,15.7,3,
1791386457896,28.513017,77.383352,31.0,CNG,29.63,25.5,4,1218,67.1,3.06,,90.0,3.13,-2.34,13.3,14.4,31.7,0.28,ARMED,,15.7,3,
1791386459745,28.513134,77.383226,32.0,CNG,21.76,25.5,4,1213,60.8,8.32,,90.0,0.78,-2.34,13.5,14.4,31.5,0.00,ARMED,,20.0,3,
1791386460536,28.513192,77.383159,34.0,CNG,19.73,24.7,4,1318,60.8,7.95,,90.0,0.78,-2.34,13.3,13.4,33.7,0.99,ARMED,,20.0,3,
1791386461266,28.513192,77.383159,35.0,CNG,19.58,24.3,4,1373,60.8,7.38,,90.0,0.78,-2.34,13.3,12.8,35.0,1.30,ARMED,,20.0,3,
1791386462951,28.513322,77.383021,36.0,CNG,19.96,23.9,4,1397,43.9,7.17,,90.0,-0.78,-3.13,13.4,12.3,36.0,1.30,ARMED,,18.0,4,
1791386463778,28.513389,77.382948,38.0,CNG,23.24,21.2,4,1457,43.9,5.19,,90.0,-0.78,-3.13,13.4,8.6,37.6,1.02,ARMED,,18.0,4,
1791386464588,28.513456,77.382870,38.0,CNG,25.63,21.2,4,1463,43.9,5.18,,90.0,-0.78,-3.13,13.4,8.6,38.0,0.77,ARMED,,18.0,4,
1791386466279,28.513522,77.382796,38.0,CNG,25.44,21.2,4,1470,39.6,6.17,,90.0,0.78,-3.13,13.4,8.6,38.2,0.50,ARMED,,18.4,4,
1791386467104,28.513588,77.382719,39.0,CNG,24.73,21.2,4,1498,39.6,6.70,,90.0,0.78,-3.13,13.2,8.6,38.7,0.43,ARMED,,18.4,4,
1791386467866,28.513656,77.382641,39.0,CNG,24.45,21.2,4,1500,39.6,6.63,,90.0,0.78,-3.13,13.2,8.6,38.9,0.38,ARMED,,18.4,4,
1791386469553,28.513723,77.382487,39.0,CNG,24.22,21.2,4,1503,38.4,6.67,,90.0,0.00,-3.13,13.3,8.6,39.0,0.32,ARMED,,18.8,4,
1791386470376,28.513792,77.382487,39.0,CNG,24.51,21.2,4,1525,38.4,6.39,,90.0,0.00,-3.13,13.3,8.6,39.4,0.29,ARMED,,18.8,4,
1791386471158,28.513862,77.382410,39.0,CNG,25.36,20.8,4,1529,38.4,5.96,,90.0,0.00,-3.13,13.6,8.0,39.5,0.26,ARMED,,18.8,4,
1791386472859,28.514006,77.382257,40.0,CNG,29.21,20.8,4,1535,27.1,4.36,,90.0,2.34,-3.91,13.6,8.0,39.6,0.24,ARMED,,16.9,4,
1791386473684,28.514079,77.382183,40.0,CNG,32.28,18.4,4,1552,27.1,4.28,,90.0,2.34,-3.91,13.5,4.8,40.0,0.24,ARMED,,16.9,4,
1791386474405,28.514079,77.382183,40.0,CNG,36.43,18.8,4,1525,27.1,3.63,,90.0,2.34,-3.91,13.5,5.4,39.7,-0.06,ARMED,,16.9,4,
1791386476019,28.514224,77.382032,40.0,CNG,42.28,14.9,4,1523,24.7,2.94,,90.0,0.00,0.00,13.3,0.0,39.5,-0.11,ARMED,,12.5,4,
1791386476762,28.514290,77.381960,36.0,CNG,59.42,14.9,,800,24.7,0.81,,89.0,0.00,0.00,13.3,0.0,36.0,0.00,ARMED,,12.5,,
1791386477539,28.514347,77.381898,32.0,CNG,65.38,14.9,,672,24.7,1.64,,89.0,0.00,0.00,13.1,0.0,32.0,0.00,ARMED,,12.5,,
1791386479226,28.514401,77.381840,30.0,CNG,79.43,14.9,,629,71.8,0.95,,89.0,-6.25,-2.34,13.1,0.0,30.0,0.00,ARMED,,22.4,,
1791386480007,28.514460,77.381779,32.0,CNG,28.54,27.1,4,1224,71.8,9.19,,89.0,-6.25,-2.34,13.4,16.6,32.0,0.00,ARMED,,22.4,3,
1791386480775,28.514522,77.381717,33.0,CNG,20.80,27.1,4,1288,71.8,9.11,,89.0,-6.25,-2.34,13.4,16.6,32.6,0.36,ARMED,,22.4,3,
1791386482380,28.514584,77.381649,35.0,CNG,19.23,25.9,4,1340,58.4,8.23,,89.0,-1.56,-1.56,13.5,15.0,34.1,1.09,ARMED,,21.6,4,
1791386483121,28.514650,77.381580,38.0,CNG,17.71,26.3,4,1440,58.4,9.69,,89.0,-1.56,-1.56,13.5,15.5,37.7,1.95,ARMED,,21.6,3,
1791386483884,28.514719,77.381506,38.0,CNG,24.37,14.9,4,1470,58.4,3.02,,89.0,-1.56,-1.56,13.2,0.0,38.9,1.79,ARMED,,21.6,4,
1791386485539,28.514851,77.381360,38.0,CNG,30.82,19.2,,781,34.5,3.12,,89.0,0.00,-3.91,13.2,5.9,38.0,0.00,ARMED,,16.1,,
1791386486346,28.514851,77.381360,37.0,CNG,34.52,14.9,5,1095,34.5,3.59,,89.0,0.00,-3.91,13.4,0.0,37.0,0.00,ARMED,,16.1,5,
1791386487077,28.514917,77.381290,36.0,CNG,38.55,14.9,5,1083,34.5,3.13,,89.0,0.00,-3.91,13.4,0.0,36.4,-0.36,ARMED,,16.1,5,
1791386488743,28.515042,77.381151,35.0,CNG,39.17,14.9,5,1054,65.9,3.56,,89.0,1.56,-3.13,13.1,0.0,35.4,-0.75,ARMED,,21.6,4,
1791386489562,28.515106,77.381083,37.0,CNG,32.07,25.5,5,1028,65.9,5.96,,90.0,1.56,-3.13,13.1,14.4,36.7,0.40,ARMED,,21.6,4,
1791386490419,28.515106,77.381083,35.0,CNG,21.71,29.0,5,1058,65.9,9.91,,90.0,1.56,-3.13,13.2,19.3,37.6,0.71,ARMED,,21.6,4,
1791386492185,28.515240,77.380942,37.0,CNG,16.54,27.8,5,1087,89.0,12.30,,90.0,0.78,-2.34,13.3,17.7,38.5,0.93,ARMED,,22.4,4,
1791386492943,28.515310,77.380869,39.0,CNG,20.81,20.0,5,1174,89.0,4.90,,90.0,0.78,-2.34,13.1,7.0,41.2,1.42,ARMED,,22.4,4,
1791386493739,28.515381,77.380792,39.0,CNG,27.08,23.1,5,1178,89.0,3.34,,90.0,0.78,-2.34,13.1,11.2,41.7,1.05,ARMED,,22.4,4,
1791386495345,28.515451,77.380716,40.0,CNG,26.44,23.1,5,1178,28.6,6.39,,90.0,-0.78,-2.34,13.4,11.2,41.8,0.63,ARMED,,14.1,5,
1791386496105,28.515519,77.380640,40.0,CNG,34.94,14.9,5,1138,28.6,2.49,,90.0,-0.78,-2.34,13.4,0.0,40.3,-0.53,ARMED,,14.1,5,
1791386496933,28.515587,77.380565,36.0,CNG,42.11,14.9,5,987,28.6,2.32,,90.0,-0.78,-2.34,13.1,0.0,36.8,-2.35,ARMED,,14.1,5,
1791386498602,28.515689,77.380451,31.0,CNG,47.19,14.9,,766,23.5,2.09,,90.0,3.91,-2.34,13.1,0.0,31.0,0.00,ARMED,,12.2,,
1791386499399,28.515689,77.380451,21.0,CNG,46.89,14.9,,666,23.5,1.86,,90.0,3.91,-2.34,13.4,0.0,21.0,0.00,ARMED,,12.2,,
1791386500193,28.515724,77.380412,17.0,CNG,42.45,14.9,,668,23.5,2.04,,90.0,3.91,-2.34,13.4,0.0,17.0,0.00,ARMED,,12.2,,
1791386501852,28.515776,77.380349,14.0,CNG,35.65,14.9,,698,35.3,2.28,,90.0,-3.13,-2.34,13.4,0.0,14.0,0.00,ARMED,,14.5,,
1791386502635,28.515800,77.380320,14.0,CNG,14.77,23.1,3,798,35.3,8.81,,90.0,-3.13,-2.34,13.4,11.2,14.0,0.00,ARMED,,14.5,3,
1791386503395,28.515800,77.380320,15.0,CNG,11.50,22.0,,1356,35.3,7.43,,90.0,-3.13,-2.34,13.5,9.6,15.0,0.00,ARMED,,14.5,,
1791386505102,28.515850,77.380252,16.0,CNG,10.87,16.5,2,1184,29.4,6.53,,90.0,-3.91,-2.34,13.5,2.1,16.0,0.00,ARMED,,15.3,2,
1791386505889,28.515871,77.380220,14.0,CNG,12.73,14.9,2,1082,29.4,3.14,,90.0,-3.91,-2.34,13.2,0.0,14.3,-0.82,ARMED,,15.3,2,
1791386506672,28.515889,77.380189,13.0,CNG,13.91,14.9,2,946,29.4,3.19,,90.0,-3.91,-2.34,13.2,0.0,13.2,-1.04,ARMED,,15.3,2,
1791386508380,28.515905,77.380162,12.0,CNG,14.35,14.9,2,840,23.5,3.22,,90.0,1.56,-2.34,13.4,0.0,11.9,-1.32,ARMED,,12.9,2,
1791386509104,28.515922,77.380142,9.0,CNG,15.12,14.9,2,744,23.5,2.14,,90.0,1.56,-2.34,13.4,0.0,10.1,-1.14,ARMED,,12.9,2,
1791386509860,28.515937,77.380122,9.0,CNG,18.08,14.9,2,732,23.5,1.26,,90.0,1.56,-2.34,13.3,0.0,9.7,-0.90,ARMED,,12.9,2,
1791386511518,28.515952,77.380103,9.0,CNG,17.84,14.9,2,715,23.9,2.11,,90.0,5.47,-2.34,13.3,0.0,9.4,-0.65,ARMED,,12.2,2,
1791386512306,28.515967,77.380086,9.0,CNG,23.61,14.9,,688,23.9,0.72,,90.0,5.47,-2.34,13.6,0.0,9.0,0.00,ARMED,,12.2,,
1791386513046,28.515985,77.380070,9.0,CNG,28.03,14.9,,667,23.9,0.92,,90.0,5.47,-2.34,13.6,0.0,9.0,0.00,ARMED,,12.2,,
1791386514703,28.516022,77.380040,9.0,CNG,22.43,14.9,,675,25.9,2.15,,90.0,-0.78,-3.13,13.5,0.0,9.0,0.00,ARMED,,12.5,,
1791386515491,28.516022,77.380040,9.0,CNG,20.69,14.9,,659,25.9,1.99,,90.0,-0.78,-3.13,13.5,0.0,9.0,0.00,ARMED,,12.5,,
1791386516314,28.516040,77.380025,9.0,CNG,19.03,14.9,,680,25.9,2.17,,90.0,-0.78,-3.13,13.4,0.0,9.0,0.00,ARMED,,12.5,,
1791386517989,28.516069,77.380003,8.0,CNG,23.65,14.9,,691,36.1,0.81,,90.0,2.34,-3.13,13.4,0.0,8.0,0.00,ARMED,,14.1,,
1791386518768,28.516077,77.379997,4.0,CNG,13.28,24.7,,769,36.1,2.98,,90.0,2.34,-3.13,13.5,13.4,4.0,0.00,ARMED,,14.1,,
1791386519519,28.516077,77.379997,4.0,CNG,4.00,14.9,,1078,36.1,11.34,,90.0,2.34,-3.13,13.5,0.0,4.0,0.00,ARMED,,14.1,,
1791386521177,28.516099,77.379986,5.0,CNG,4.37,20.8,,886,61.2,3.95,,90.0,3.91,-2.34,13.1,8.0,5.0,0.00,ARMED,,13.7,,
1791386521953,28.516113,77.379983,6.0,CNG,5.85,14.9,1,835,61.2,2.27,,90.0,3.91,-2.34,13.1,0.0,6.0,0.00,ARMED,,13.7,1,
1791386522701,28.516129,77.379979,7.0,CNG,6.75,14.9,,638,61.2,3.45,,90.0,3.91,-2.34,13.3,0.0,7.0,0.00,ARMED,,13.7,,
1791386524508,28.516147,77.379979,6.0,CNG,4.32,24.7,1,802,47.8,8.84,,90.0,0.00,-3.13,12.9,13.4,6.0,0.00,ARMED,,17.6,1,
1791386525340,28.516166,77.379981,9.0,CNG,6.25,14.9,,624,47.8,3.21,,90.0,0.00,-3.13,13.3,0.0,9.0,0.00,ARMED,,17.6,,
1791386526072,28.516188,77.379988,9.0,CNG,9.35,14.9,,777,47.8,1.57,,90.0,0.00,-3.13,13.3,0.0,9.0,0.00,ARMED,,17.6,,
1791386527702,28.516221,77.380013,9.0,CNG,11.80,14.9,2,759,23.9,2.03,,90.0,4.69,-3.13,13.5,0.0,9.0,0.00,ARMED,,12.5,2,
1791386528486,28.516221,77.380013,6.0,CNG,13.52,23.1,,716,23.9,1.26,,90.0,4.69,-3.13,13.5,11.2,6.0,0.00,ARMED,,12.5,,
1791386529289,28.516231,77.380025,6.0,CNG,6.71,24.3,,987,23.9,7.07,,90.0,4.69,-3.13,13.5,12.8,6.0,0.00,ARMED,,12.5,,
1791386530974,28.516249,77.380062,8.0,CNG,8.59,22.0,1,985,83.1,2.44,,90.0,0.00,-2.34,13.5,9.6,8.0,0.00,ARMED,,17.6,1,
1791386531739,28.516257,77.380086,10.0,CNG,13.10,19.2,2,737,83.1,1.32,,90.0,0.00,-2.34,13.3,5.9,10.0,0.00,ARMED,,17.6,2,
1791386532468,28.516257,77.380086,10.0,CNG,13.50,14.9,2,714,83.1,2.91,,90.0,0.00,-2.34,13.3,0.0,10.0,0.00,ARMED,,17.6,2,
1791386534092,28.516271,77.380135,9.0,CNG,14.74,24.7,,696,82.0,2.15,,90.0,12.50,-2.34,13.5,13.4,9.0,0.00,ARMED,,22.0,,
1791386534819,28.516279,77.380161,11.0,CNG,10.77,19.6,2,842,82.0,5.56,,90.0,12.50,-2.34,13.5,6.4,11.0,0.00,ARMED,,22.0,2,
1791386535592,28.516290,77.380193,12.0,CNG,11.49,20.0,2,913,82.0,3.92,,90.0,12.50,-2.34,13.1,7.0,11.6,0.35,ARMED,,22.0,2,
1791386537302,28.516304,77.380229,13.0,CNG,8.96,22.7,2,939,57.3,7.54,,90.0,3.13,-2.34,13.1,10.7,12.6,0.76,ARMED,,18.0,2,
1791386538070,28.516320,77.380267,16.0,CNG,10.41,20.8,2,1154,57.3,5.17,,90.0,3.13,-2.34,13.4,8.0,15.7,1.63,ARMED,,18.0,2,
1791386538786,28.516340,77.380305,16.0,CNG,11.24,14.9,2,1233,57.3,5.24,,90.0,3.13,-2.34,13.4,0.0,17.0,1.64,ARMED,,18.0,2,
1791386540437,28.516362,77.380344,16.0,CNG,12.79,16.9,2,1239,26.7,4.16,,90.0,-2.34,-3.13,13.4,2.7,17.5,1.24,ARMED,,15.3,2,
1791386541188,28.516384,77.380380,16.0,CNG,16.48,18.4,2,1170,26.7,2.35,,90.0,-2.34,-3.13,13.4,4.8,16.5,-0.18,ARMED,,15.3,2,
1791386541943,28.516406,77.380414,15.0,CNG,17.78,18.8,2,1174,26.7,3.03,,90.0,-2.34,-3.13,13.4,5.4,16.2,-0.23,ARMED,,15.3,2,
1791386543594,28.516462,77.380473,15.0,CNG,18.70,14.9,2,1141,23.1,3.02,,90.0,3.13,-3.13,13.4,0.0,15.8,-0.38,ARMED,,14.1,2,
1791386544356,28.516462,77.380473,15.0,CNG,21.30,21.2,2,1097,23.1,2.27,,90.0,3.13,-3.13,13.4,8.6,15.0,-0.41,ARMED,,14.1,2,
1791386545145,28.516495,77.380495,15.0,CNG,18.73,18.8,2,1096,23.1,3.87,,90.0,3.13,-3.13,13.4,5.4,14.9,-0.35,ARMED,,14.1,2,
1791386546828,28.516565,77.380507,15.0,CNG,19.52,18.4,2,1122,23.1,2.94,,90.0,2.34,-4.69,13.5,4.8,15.1,-0.10,ARMED,,14.1,2,
1791386547629,28.516601,77.380493,15.0,CNG,15.32,22.7,2,1078,23.1,5.30,,90.0,2.34,-4.69,13.5,10.7,14.8,-0.13,ARMED,,14.1,2,
1791386548439,28.516601,77.380493,16.0,CNG,10.90,22.4,2,1135,23.1,8.43,,90.0,2.34,-4.69,13.6,10.2,15.2,0.19,ARMED,,14.1,2,
1791386550049,28.516670,77.380441,17.0,CNG,10.46,22.0,2,1236,52.2,7.01,,90.0,-0.78,-2.34,13.6,9.6,16.3,0.75,ARMED,,18.8,2,
1791386550803,28.516702,77.380410,18.0,CNG,11.05,21.2,2,1363,52.2,6.15,,90.0,-0.78,-2.34,13.2,8.6,18.4,1.18,ARMED,,18.8,2,
1791386551556,28.516738,77.380375,19.0,CNG,11.82,20.8,2,1396,52.2,5.97,,90.0,-0.78,-2.34,13.2,8.0,19.1,1.12,ARMED,,18.8,2,
1791386553262,28.516774,77.380341,19.0,CNG,13.69,18.0,2,1423,23.9,4.42,,90.0,-0.78,-3.13,13.3,4.3,19.6,0.89,ARMED,,18.0,2,
1791386554069,28.516807,77.380311,18.0,CNG,14.11,17.6,2,1395,23.9,4.97,,90.0,-0.78,-3.13,13.3,3.7,19.1,-0.03,ARMED,,18.0,2,
1791386554866,28.516844,77.380281,18.0,CNG,17.46,14.9,2,1343,23.9,2.70,,90.0,-0.78,-3.13,13.5,0.0,18.6,-0.36,ARMED,,18.0,2,
1791386556588,28.516906,77.380222,17.0,CNG,19.39,14.9,2,1281,22.7,2.95,,90.0,3.13,-3.13,13.4,0.0,17.7,-0.71,ARMED,,14.1,2,
1791386557359,28.516906,77.380222,13.0,CNG,19.80,14.9,2,1018,22.7,2.57,,90.0,3.13,-3.13,13.3,0.0,14.0,-1.82,ARMED,,14.1,2,
1791386558083,28.516926,77.380195,11.0,CNG,23.01,14.9,2,882,22.7,1.27,,90.0,3.13,-3.13,13.3,0.0,12.1,-2.11,ARMED,,14.1,2,
1791386559769,28.516960,77.380158,10.0,CNG,22.54,14.9,2,725,23.9,1.89,,90.0,4.69,-1.56,13.2,0.0,10.0,-2.40,ARMED,,12.2,2,
1791386560542,28.516972,77.380145,6.0,CNG,19.20,20.4,,681,23.9,1.86,,90.0,4.69,-1.56,13.2,7.5,6.0,0.00,ARMED,,12.2,,
1791386561293,28.516972,77.380145,6.0,CNG,11.48,22.0,,658,23.9,4.24,,90.0,4.69,-1.56,13.5,9.6,6.0,0.00,ARMED,,12.2,,
1791386562951,28.516997,77.380119,7.0,CNG,13.66,14.9,,579,25.1,1.39,,90.0,-12.50,-1.56,13.5,0.0,7.0,0.00,ARMED,,18.4,,
1791386563755,28.517009,77.380105,7.0,CNG,10.20,21.6,,691,25.1,3.99,,90.0,-12.50,-1.56,13.4,9.1,7.0,0.00,ARMED,,18.4,,
1791386564606,28.517025,77.380089,8.0,CNG,13.21,14.9,,926,25.1,1.45,,90.0,-12.50,-1.56,13.4,0.0,8.0,0.00,ARMED,,18.4,,
1791386566337,28.517041,77.380071,9.0,CNG,7.47,22.0,,606,53.7,7.66,,90.0,6.25,-2.34,13.3,9.6,9.0,0.00,ARMED,,15.3,,
1791386567105,28.517062,77.380055,11.0,CNG,10.24,14.9,2,841,53.7,2.57,,90.0,6.25,-2.34,13.3,0.0,11.0,0.00,ARMED,,15.3,2,
1791386567980,28.517084,77.380036,11.0,CNG,13.74,14.9,2,826,53.7,1.85,,90.0,6.25,-2.34,13.4,0.0,11.0,0.00,ARMED,,15.3,2,
1791386569627,28.517130,77.380006,11.0,CNG,15.01,14.9,2,802,43.9,2.62,,90.0,-0.78,-1.56,13.4,0.0,11.0,0.00,ARMED,,15.3,2,
1791386570403,28.517130,77.380006,8.0,CNG,14.71,17.3,,803,43.9,2.31,,90.0,-0.78,-1.56,13.1,3.2,8.0,0.00,ARMED,,15.3,,
1791386571162,28.517147,77.379997,8.0,CNG,7.91,24.3,,752,43.9,7.52,,91.0,-0.78,-1.56,13.1,12.8,8.0,0.00,ARMED,,15.3,,
1791386572828,28.517190,77.379979,9.0,CNG,10.51,14.9,2,748,40.0,1.80,,91.0,-0.78,-1.56,13.2,0.0,9.0,0.00,ARMED,,14.9,2,
1791386573559,28.517210,77.379974,8.0,CNG,8.64,23.5,,817,40.0,4.91,,91.0,-0.78,-1.56,13.2,11.8,8.0,0.00,ARMED,,14.9,,
1791386574380,28.517210,77.379974,9.0,CNG,6.68,14.9,,980,40.0,7.28,,91.0,-0.78,-1.56,13.1,0.0,9.0,0.00,ARMED,,14.9,,
1791386576069,28.517254,77.379964,9.0,CNG,7.41,14.9,,1034,53.7,4.17,,91.0,-4.69,-3.13,13.1,0.0,9.0,0.00,ARMED,,22.0,,
1791386576862,28.517281,77.379960,10.0,CNG,6.71,25.5,2,770,53.7,6.86,,91.0,-4.69,-3.13,13.5,14.4,10.0,0.00,ARMED,,22.0,2,
1791386577639,28.517312,77.379950,12.0,CNG,6.21,32.9,2,906,53.7,8.58,,91.0,-4.69,-3.13,13.5,24.6,11.3,0.73,ARMED,,22.0,2,
1791386579350,28.517349,77.379928,16.0,CNG,6.29,31.4,2,1139,73.7,10.26,,91.0,0.78,-1.56,13.4,22.5,14.4,2.23,ARMED,,22.4,2,
1791386580096,28.517392,77.379892,22.0,CNG,10.99,24.7,,1421,73.7,2.92,,91.0,0.78,-1.56,13.4,13.4,22.0,0.00,ARMED,,22.4,,
1791386580870,28.517435,77.379852,22.0,CNG,10.54,26.3,,1293,73.7,8.93,,91.0,0.78,-1.56,13.4,15.5,22.0,0.00,ARMED,,22.4,,
1791386582511,28.517479,77.379809,24.0,CNG,10.97,25.9,3,1206,58.8,8.51,,91.0,-0.78,-2.34,13.4,15.0,24.0,0.00,ARMED,,20.0,3,
1791386583290,28.517527,77.379762,27.0,CNG,15.08,24.3,3,1378,58.8,4.15,,91.0,-0.78,-2.34,13.5,12.8,26.6,1.23,ARMED,,20.0,3,
1791386584065,28.517578,77.379715,27.0,CNG,15.02,23.9,3,1396,58.8,7.39,,91.0,-0.78,-2.34,13.5,12.3,27.2,0.99,ARMED,,20.0,3,
1791386585776,28.517687,77.379608,28.0,CNG,15.02,23.9,3,1455,56.9,7.62,,91.0,3.13,-1.56,13.2,12.3,28.1,1.02,ARMED,,20.8,3,
1791386586555,28.517743,77.379551,31.0,CNG,19.94,14.9,3,1584,56.9,3.73,,91.0,3.13,-1.56,13.2,0.0,30.6,1.38,ARMED,,20.8,3,
1791386587388,28.517743,77.379551,31.0,CNG,15.16,23.1,,1050,56.9,11.08,,91.0,3.13,-1.56,13.4,11.2,31.0,0.00,ARMED,,20.8,,
1791386589159,28.517858,77.379431,31.0,CNG,16.50,20.4,4,1208,40.4,6.72,,91.0,-2.34,-3.13,13.4,7.5,31.0,0.00,ARMED,,17.3,4,
1791386589927,28.517915,77.379369,32.0,CNG,19.00,20.8,4,1237,40.4,5.42,,91.0,-2.34,-3.13,13.2,8.0,31.9,0.40,ARMED,,17.3,4,
1791386590715,28.517973,77.379306,32.0,CNG,20.09,21.2,4,1247,40.4,5.97,,91.0,-2.34,-3.13,13.2,8.6,32.1,0.36,ARMED,,17.3,4,
1791386592321,28.518031,77.379244,32.0,CNG,18.87,22.7,4,1256,49.0,7.55,,91.0,0.78,-3.13,13.2,10.7,32.3,0.35,ARMED,,18.8,4,
1791386593101,28.518095,77.379177,34.0,CNG,19.85,22.7,4,1312,49.0,6.49,,91.0,0.78,-3.13,13.2,10.7,33.6,0.70,ARMED,,18.8,4,
1791386593867,28.518156,77.379114,35.0,CNG,20.80,22.7,4,1341,49.0,6.42,,91.0,0.78,-3.13,13.5,10.7,34.3,0.76,ARMED,,18.8,4,
1791386595474,28.518222,77.379047,35.0,CNG,21.69,22.7,4,1382,30.2,6.19,,91.0,0.00,-3.13,13.5,10.7,35.3,0.97,ARMED,,16.5,4,
1791386596241,28.518292,77.378976,36.0,CNG,22.49,22.7,4,1401,30.2,6.20,,91.0,0.00,-3.13,13.6,10.7,36.1,0.63,ARMED,,16.5,4,
1791386597051,28.518360,77.378908,37.0,CNG,24.34,21.2,4,1435,30.2,5.49,,91.0,0.00,-3.13,13.6,8.6,36.8,0.67,ARMED,,16.5,4,
1791386598770,28.518492,77.378772,37.0,CNG,26.64,16.5,4,1437,44.7,4.90,,91.0,0.78,-3.91,13.4,2.1,37.1,0.61,ARMED,,21.2,4,
1791386599552,28.518558,77.378700,38.0,CNG,24.00,24.3,4,1458,44.7,7.39,,91.0,0.78,-3.91,13.4,12.8,37.6,0.37,ARMED,,21.2,4,
1791386600403,28.518558,77.378700,39.0,CNG,22.46,24.3,4,1498,44.7,7.74,,91.0,0.78,-3.91,13.5,12.8,38.3,0.62,ARMED,,21.2,4,
1791386602067,28.518702,77.378544,40.0,CNG,21.96,24.3,4,1524,37.6,7.68,,91.0,0.78,-2.34,13.5,12.8,39.1,0.78,ARMED,,16.9,4,
1791386602870,28.518777,77.378467,41.0,CNG,28.47,14.9,4,1600,37.6,3.42,,91.0,0.78,-2.34,13.4,0.0,41.1,1.11,ARMED,,16.9,4,
1791386604002,28.518853,77.378389,40.0,CNG,30.28,14.9,4,1557,37.6,4.89,,91.0,0.78,-2.34,13.4,0.0,40.7,0.17,ARMED,,16.9,4,
1791386605725,28.519001,77.378244,40.0,CNG,36.92,18.8,4,1558,20.4,2.98,,91.0,0.00,0.00,13.4,5.4,40.4,-0.06,ARMED,,16.9,4,
1791386606464,28.519001,77.378244,39.0,CNG,40.34,16.9,4,1526,20.4,3.39,,91.0,0.00,0.00,13.4,2.7,39.4,-0.47,ARMED,,16.9,4,
1791386607264,28.519075,77.378171,39.0,CNG,35.91,20.4,4,1509,20.4,5.18,,91.0,0.00,0.00,13.4,7.5,38.9,-0.51,ARMED,,16.9,4,
1791386609034,28.519221,77.378025,39.0,CNG,32.55,20.4,4,1508,23.1,5.59,,90.0,0.78,-3.13,13.4,7.5,38.7,-0.44,ARMED,,18.0,4,
1791386609804,28.519291,77.377953,39.0,CNG,31.19,20.0,4,1500,23.1,5.43,,90.0,0.78,-3.13,13.4,7.0,38.6,-0.15,ARMED,,18.0,4,
1791386610558,28.519361,77.377883,39.0,CNG,31.29,20.0,4,1486,23.1,5.07,,90.0,0.78,-3.13,13.4,7.0,38.4,-0.17,ARMED,,18.0,4,
1791386612292,28.519435,77.377809,39.0,CNG,33.01,14.9,4,1497,20.4,4.43,,90.0,0.00,0.00,13.4,0.0,38.5,-0.10,ARMED,,15.3,4,
1791386613060,28.519500,77.377740,37.0,CNG,32.04,14.9,4,1454,20.4,4.94,,90.0,0.00,0.00,13.4,0.0,37.6,-0.44,ARMED,,15.3,4,
1791386613881,28.519569,77.377669,38.0,CNG,35.96,14.9,4,1458,20.4,3.52,,90.0,0.00,0.00,13.4,0.0,37.4,-0.37,ARMED,,15.3,4,
1791386615514,28.519636,77.377597,37.0,CNG,38.81,22.0,4,1429,40.4,3.42,,90.0,0.00,-3.13,13.4,9.6,37.0,-0.43,ARMED,,17.6,4,
1791386616320,28.519703,77.377527,37.0,CNG,42.98,14.9,4,1445,40.4,2.94,,90.0,0.00,-3.13,13.5,0.0,37.1,-0.03,ARMED,,17.6,4,
1791386617056,28.519771,77.377455,37.0,CNG,46.95,18.8,4,1423,40.4,2.77,,90.0,0.00,-3.13,13.5,5.4,36.8,-0.17,ARMED,,17.6,4,
1791386618740,28.519904,77.377317,36.0,CNG,43.04,23.1,4,1428,81.2,3.86,,90.0,3.13,-1.56,13.4,11.2,36.8,-0.16,ARMED,,30.6,3,
1791386619528,28.519980,77.377242,39.0,CNG,19.61,36.9,4,1512,81.2,14.38,,90.0,3.13,-1.56,13.4,30.0,38.7,0.85,ARMED,,30.6,4,
1791386620407,28.519980,77.377242,42.0,CNG,14.44,14.9,4,1619,81.2,16.11,,90.0,3.13,-1.56,13.5,0.0,41.0,1.72,ARMED,,30.6,4,
1791386622356,28.520136,77.377082,43.0,CNG,15.22,28.6,5,1363,75.3,10.69,,90.0,-0.78,-2.34,13.3,18.7,43.0,0.00,ARMED,,22.7,4,
1791386623246,28.520216,77.376998,45.0,CNG,16.94,27.1,5,1350,75.3,9.18,,90.0,-0.78,-2.34,13.4,16.6,44.8,0.79,ARMED,,22.7,4,
1791386623970,28.520298,77.376909,47.0,CNG,18.54,25.9,5,1383,75.3,9.04,,90.0,-0.78,-2.34,13.4,15.0,46.4,1.35,ARMED,,22.7,4,
1791386625712,28.520463,77.376715,48.0,CNG,20.57,25.5,5,1414,62.7,8.09,,90.0,2.34,-1.56,13.2,14.4,47.9,1.53,ARMED,,21.2,4,
1791386626566,28.520544,77.376614,49.0,CNG,20.86,25.1,5,1467,62.7,9.41,,90.0,2.34,-1.56,13.2,13.9,49.8,1.21,ARMED,,21.2,4,
1791386627440,28.520629,77.376503,50.0,CNG,24.78,20.0,5,1483,62.7,6.06,,90.0,2.34,-1.56,13.3,7.0,50.5,1.00,ARMED,,21.2,4,
1791386629148,28.520708,77.376398,50.0,CNG,24.38,23.5,5,1563,54.9,8.58,,91.0,1.56,-1.56,13.3,11.8,52.3,1.53,ARMED,,20.4,5,
1791386630118,28.520789,77.376290,51.0,CNG,25.16,23.1,5,1521,54.9,7.90,,91.0,1.56,-1.56,13.5,11.2,51.7,0.03,ARMED,,20.4,5,
1791386630871,28.520871,77.376178,52.0,CNG,26.25,22.7,5,1534,54.9,7.59,,91.0,1.56,-1.56,13.5,10.7,51.8,0.03,ARMED,,20.4,5,
1791386632584,28.521036,77.375947,52.0,CNG,30.83,21.2,5,1541,30.2,5.14,,91.0,3.13,-3.13,13.5,8.6,51.9,0.07,ARMED,,17.6,5,
1791386633464,28.521036,77.375947,52.0,CNG,33.04,22.4,5,1550,30.2,5.75,,91.0,3.13,-3.13,13.5,10.2,52.2,0.12,ARMED,,17.6,5,
1791386634281,28.521112,77.375832,52.0,CNG,39.94,21.6,5,1566,30.2,3.67,,91.0,3.13,-3.13,13.2,9.1,52.6,0.27,ARMED,,17.6,5,
1791386636037,28.521260,77.375592,52.0,CNG,41.41,21.6,5,1554,32.2,4.85,,91.0,1.56,-3.13,13.2,9.1,52.5,0.08,ARMED,,17.6,5,
1791386636926,28.521332,77.375472,52.0,CNG,40.38,21.6,5,1556,32.2,5.46,,91.0,1.56,-3.13,13.5,9.1,52.4,0.02,ARMED,,17.6,5,
1791386637676,28.521403,77.375350,52.0,CNG,39.84,21.6,5,1548,32.2,5.44,,91.0,1.56,-3.13,13.5,9.1,52.2,-0.04,ARMED,,17.6,5,
1791386639452,28.521539,77.375104,52.0,CNG,39.38,21.6,5,1552,31.4,5.49,,91.0,3.91,-3.13,13.3,9.1,52.2,-0.03,ARMED,,17.3,5,
1791386640364,28.521539,77.375104,52.0,CNG,44.86,22.7,5,1538,31.4,3.75,,91.0,3.91,-3.13,13.3,10.7,51.8,-0.10,ARMED,,17.3,5,
1791386641130,28.521608,77.374976,52.0,CNG,39.63,22.7,5,1554,31.4,6.30,,91.0,3.91,-3.13,13.5,10.7,52.1,0.09,ARMED,,17.3,5,
1791386642913,28.521735,77.374729,52.0,CNG,38.97,22.4,5,1541,33.3,5.59,,90.0,1.56,-3.13,13.5,10.2,52.0,0.04,ARMED,,17.6,5,
1791386643821,28.521803,77.374599,52.0,CNG,40.07,21.6,5,1543,33.3,5.08,,90.0,1.56,-3.13,13.4,9.1,52.0,0.02,ARMED,,17.6,5,
1791386644614,28.521866,77.374477,52.0,CNG,38.43,21.6,5,1532,33.3,5.87,,90.0,1.56,-3.13,13.4,9.1,51.7,-0.05,ARMED,,17.6,5,
1791386646692,28.521993,77.374231,51.0,CNG,41.73,21.2,5,1531,36.5,4.34,,90.0,0.00,-3.13,13.4,8.6,51.6,-0.08,ARMED,,18.4,5,
1791386647787,28.522053,77.374109,51.0,CNG,38.38,20.8,5,1512,36.5,6.09,,90.0,0.00,-3.13,13.4,8.0,50.9,-0.27,ARMED,,18.4,5,
1791386648868,28.522119,77.373977,51.0,CNG,36.49,20.8,5,1508,36.5,6.14,,90.0,0.00,-3.13,13.2,8.0,50.8,-0.24,ARMED,,18.4,5,
1791386650974,28.522242,77.373732,51.0,CNG,36.72,20.8,5,1514,32.5,5.62,,90.0,-0.78,-3.13,13.2,8.0,50.9,-0.05,ARMED,,16.9,5,
1791386652011,28.522306,77.373608,51.0,CNG,41.77,20.8,5,1509,32.5,3.96,,90.0,-0.78,-3.13,13.5,8.0,50.8,-0.03,ARMED,,16.9,5,
1791386653155,28.522369,77.373485,51.0,CNG,44.44,20.4,5,1516,32.5,4.24,,90.0,-0.78,-3.13,13.5,7.5,51.0,0.03,ARMED,,16.9,5,
1791386655249,28.522492,77.373239,51.0,CNG,48.09,20.4,5,1525,25.1,3.80,,90.0,0.78,-3.13,13.4,7.5,51.3,0.09,ARMED,,16.5,5,
1791386656103,28.522554,77.373115,51.0,CNG,47.11,20.8,5,1531,25.1,4.56,,90.0,0.78,-3.13,13.4,8.0,51.5,0.10,ARMED,,16.5,5,
1791386656912,28.522618,77.372985,51.0,CNG,48.67,20.8,5,1523,25.1,4.07,,90.0,0.78,-3.13,13.4,8.0,51.3,0.04,ARMED,,16.5,5,
1791386658917,28.522742,77.372736,51.0,CNG,49.61,20.8,5,1520,26.3,4.08,,89.0,0.00,-3.13,13.4,8.0,51.2,-0.02,ARMED,,16.5,5,
1791386659791,28.522806,77.372608,52.0,CNG,51.27,20.8,5,1539,26.3,3.94,,89.0,0.00,-3.13,13.4,8.0,51.7,0.23,ARMED,,16.5,5,
1791386660594,28.522869,77.372486,52.0,CNG,51.80,14.9,5,1542,26.3,4.04,,89.0,0.00,-3.13,13.4,0.0,51.9,0.22,ARMED,,16.5,5,
1791386662369,28.522933,77.372361,51.0,CNG,51.27,20.8,5,1534,27.5,4.13,,89.0,0.78,-3.13,13.5,8.0,51.7,0.03,ARMED,,16.9,5,
1791386663259,28.522996,77.372237,51.0,CNG,51.19,20.8,5,1518,27.5,4.08,,89.0,0.78,-3.13,13.5,8.0,51.1,-0.28,ARMED,,16.9,5,
1791386664057,28.523059,77.372118,51.0,CNG,50.51,20.8,5,1520,27.5,4.21,,89.0,0.78,-3.13,13.4,8.0,51.0,-0.24,ARMED,,16.9,5,
1791386665901,28.523191,77.371873,51.0,CNG,43.73,20.8,5,1529,35.7,5.73,,88.0,-0.78,-2.34,13.4,8.0,51.2,-0.02,ARMED,,18.0,5,
1791386666834,28.523259,77.371752,51.0,CNG,39.33,20.8,5,1511,35.7,6.10,,88.0,-0.78,-2.34,13.4,8.0,50.8,-0.09,ARMED,,18.0,5,
1791386667628,28.523330,77.371629,51.0,CNG,38.37,20.8,5,1498,35.7,5.63,,88.0,-0.78,-2.34,13.4,8.0,50.5,-0.16,ARMED,,18.0,5,
1791386669398,28.523399,77.371517,51.0,CNG,37.04,20.8,5,1495,36.9,5.92,,88.0,-0.78,-2.34,13.3,8.0,50.3,-0.17,ARMED,,18.0,5,
1791386670304,28.523472,77.371403,50.0,CNG,36.74,21.2,5,1505,36.9,5.63,,88.0,-0.78,-2.34,13.3,8.6,50.5,0.05,ARMED,,18.0,5,
1791386671134,28.523544,77.371290,51.0,CNG,38.93,21.2,5,1509,36.9,4.88,,88.0,-0.78,-2.34,13.4,8.6,50.7,0.08,ARMED,,18.0,5,
1791386672799,28.523697,77.371062,50.0,CNG,39.92,21.2,5,1500,30.2,4.92,,88.0,0.78,-3.13,13.4,8.6,50.5,0.02,ARMED,,17.3,5,
1791386673665,28.523774,77.370951,51.0,CNG,42.27,21.2,5,1503,30.2,4.50,,88.0,0.78,-3.13,13.5,8.6,50.6,0.02,ARMED,,17.3,5,
1791386674431,28.523853,77.370839,51.0,CNG,41.83,21.2,5,1509,30.2,5.06,,88.0,0.78,-3.13,13.5,8.6,50.7,0.06,ARMED,,17.3,5,
1791386676237,28.523934,77.370728,51.0,CNG,43.13,21.2,5,1513,30.2,4.61,,88.0,1.56,-3.13,13.4,8.6,50.9,0.09,ARMED,,17.3,5,
1791386677083,28.524014,77.370619,51.0,CNG,42.43,21.2,5,1521,30.2,5.03,,88.0,1.56,-3.13,13.4,8.6,51.2,0.12,ARMED,,17.3,5,
1791386677924,28.524095,77.370511,51.0,CNG,41.86,21.2,5,1522,30.2,5.08,,88.0,1.56,-3.13,13.3,8.6,51.2,0.10,ARMED,,17.3,5,
1791386679739,28.524261,77.370296,51.0,CNG,41.86,21.2,5,1523,29.4,4.98,,88.0,0.78,-3.13,13.3,8.6,51.2,0.09,ARMED,,17.3,5,
1791386680616,28.524347,77.370184,52.0,CNG,42.42,21.2,5,1540,29.4,4.91,,88.0,0.78,-3.13,13.3,8.6,51.7,0.17,ARMED,,17.3,5,
1791386681382,28.524347,77.370184,52.0,CNG,41.65,21.2,5,1543,29.4,5.24,,88.0,0.78,-3.13,13.3,8.6,51.9,0.17,ARMED,,17.3,5,
1791386683105,28.524519,77.369965,52.0,CNG,39.13,22.7,5,1550,38.8,5.92,,88.0,-0.78,-2.34,13.5,10.7,52.1,0.19,ARMED,,18.8,5,
1791386683947,28.524605,77.369855,53.0,CNG,33.35,22.7,5,1563,38.8,7.90,,87.0,-0.78,-2.34,13.5,10.7,52.6,0.23,ARMED,,18.8,5,
1791386684726,28.524692,77.369745,53.0,CNG,31.62,14.9,5,1570,38.8,7.38,,87.0,-0.78,-2.34,13.4,0.0,52.8,0.24,ARMED,,18.8,5,
1791386686464,28.524867,77.369524,53.0,CNG,34.06,20.8,5,1566,35.3,5.63,,88.0,0.00,-2.34,13.4,8.0,52.8,0.19,ARMED,,18.4,5,
1791386687473,28.524867,77.369524,53.0,CNG,35.24,21.2,5,1557,35.3,5.83,,88.0,0.00,-2.34,13.4,8.6,52.6,-0.09,LOCKED,52.6,18.4,5,
1791386688296,28.524951,77.369418,52.0,CNG,34.47,21.2,5,1564,35.3,6.37,,88.0,0.00,-2.34,13.4,8.6,52.6,-0.05,LOCKED,52.6,18.4,5,
1791386689934,28.525127,77.369194,53.0,CNG,34.13,21.2,5,1556,30.6,6.44,,88.0,0.78,-2.34,13.4,8.6,52.5,-0.07,LOCKED,52.6,17.3,5,
1791386690789,28.525211,77.369087,53.0,CNG,37.03,21.2,5,1562,30.6,5.11,,88.0,0.78,-2.34,13.4,8.6,52.7,-0.01,LOCKED,52.6,17.3,5,
1791386691568,28.525299,77.368975,52.0,CNG,40.04,21.2,5,1553,30.6,4.65,,88.0,0.78,-2.34,13.4,8.6,52.5,-0.06,LOCKED,52.6,17.3,5,
1791386693578,28.525472,77.368753,53.0,CNG,40.95,21.2,5,1557,27.8,5.11,,88.0,0.00,-2.34,13.4,8.6,52.5,-0.04,LOCKED,52.6,17.3,5,
1791386694462,28.525472,77.368753,53.0,CNG,41.42,21.2,5,1567,27.8,5.14,,88.0,0.00,-2.34,13.2,8.6,52.8,0.14,LOCKED,52.6,17.3,5,
1791386695217,28.525558,77.368641,52.0,CNG,43.12,21.2,5,1549,27.8,4.62,,88.0,0.00,-2.34,13.2,8.6,52.5,-0.10,LOCKED,52.6,17.3,5,
1791386696980,28.525728,77.368418,52.0,CNG,42.67,21.2,5,1556,28.2,5.06,,88.0,0.78,-2.34,13.4,8.6,52.5,-0.10,LOCKED,52.6,16.9,5,
1791386697838,28.525814,77.368308,52.0,CNG,42.67,21.2,5,1555,28.2,4.98,,88.0,0.78,-2.34,13.4,8.6,52.4,-0.08,LOCKED,52.6,16.9,5,
1791386698628,28.525899,77.368203,52.0,CNG,43.02,21.2,5,1549,28.2,4.88,,88.0,0.78,-2.34,13.4,8.6,52.2,-0.10,LOCKED,52.6,16.9,5,
1791386700380,28.525988,77.368090,52.0,CNG,45.37,21.2,5,1553,28.2,4.30,,88.0,0.00,-2.34,13.4,8.6,52.3,-0.07,LOCKED,52.6,16.9,5,
1791386701235,28.526074,77.367981,53.0,CNG,47.18,21.2,5,1560,28.2,4.32,,88.0,0.00,-2.34,13.4,8.6,52.5,0.11,LOCKED,52.6,16.9,5,
1791386702012,28.526160,77.367868,53.0,CNG,45.90,21.2,5,1565,28.2,4.91,,88.0,0.00,-2.34,13.4,8.6,52.7,0.14,LOCKED,52.6,16.9,5,
1791386703782,28.526329,77.367646,53.0,CNG,41.33,14.9,5,1567,31.0,6.02,,88.0,-0.78,-2.34,13.4,0.0,52.8,0.14,LOCKED,52.6,17.6,5,
1791386704690,28.526413,77.367529,53.0,CNG,37.59,21.6,5,1571,31.0,6.54,,88.0,-0.78,-2.34,13.4,9.1,53.0,0.12,LOCKED,52.6,17.6,5,
1791386705492,28.526496,77.367412,53.0,CNG,35.04,22.0,5,1580,31.0,6.81,,88.0,-0.78,-2.34,13.2,9.6,53.2,0.15,LOCKED,52.6,17.6,5,
1791386707237,28.526574,77.367297,53.0,CNG,33.11,21.6,5,1570,40.4,7.08,,88.0,-0.78,-1.56,13.2,9.1,53.1,0.08,LOCKED,52.6,19.2,5,
1791386708143,28.526655,77.367173,53.0,CNG,33.16,22.0,5,1583,40.4,6.52,,88.0,-0.78,-1.56,13.3,9.6,53.3,0.10,LOCKED,52.6,19.2,5,
1791386708881,28.526731,77.367050,53.0,CNG,31.74,22.0,5,1582,40.4,7.26,,88.0,-0.78,-1.56,13.3,9.6,53.3,0.08,LOCKED,52.6,19.2,5,
1791386710688,28.526879,77.366803,53.0,CNG,30.97,22.0,5,1582,36.1,7.25,,88.0,-0.78,-1.56,13.5,9.6,53.3,0.06,LOCKED,52.6,18.0,5,
1791386711539,28.526951,77.366681,53.0,CNG,34.49,20.8,5,1591,36.1,5.21,,89.0,-0.78,-1.56,13.5,8.0,53.5,0.08,LOCKED,52.6,18.0,5,
1791386712314,28.526951,77.366681,53.0,CNG,39.41,22.0,5,1583,36.1,4.32,,89.0,-0.78,-1.56,13.5,9.6,53.4,0.02,LOCKED,52.6,18.0,5,
1791386714094,28.527092,77.366425,53.0,CNG,39.54,22.0,5,1573,38.0,5.45,,89.0,0.78,-2.34,13.5,9.6,53.0,-0.17,LOCKED,52.6,18.4,5,
1791386714972,28.527159,77.366298,52.0,CNG,36.03,22.7,5,1561,38.0,6.70,,89.0,0.78,-2.34,13.5,10.7,52.5,-0.24,LOCKED,52.6,18.4,5,
1791386715747,28.527227,77.366171,52.0,CNG,35.45,22.7,5,1562,38.0,6.14,,89.0,0.78,-2.34,13.5,10.7,52.4,-0.20,LOCKED,52.6,18.4,5,
1791386717544,28.527359,77.365919,52.0,CNG,33.46,23.1,5,1550,40.4,6.89,,89.0,0.00,-1.56,13.4,11.2,52.1,-0.24,LOCKED,52.6,18.8,5,
1791386718386,28.527359,77.365919,52.0,CNG,32.66,23.1,5,1541,40.4,6.74,,89.0,0.00,-1.56,13.4,11.2,51.8,-0.22,LOCKED,52.6,18.8,5,
1791386719208,28.527421,77.365798,52.0,CNG,31.87,23.1,5,1533,40.4,6.91,,89.0,0.00,-1.56,13.5,11.2,51.5,-0.23,LOCKED,52.6,18.8,5,
1791386721008,28.527552,77.365544,52.0,CNG,31.42,23.1,5,1534,41.2,6.91,,89.0,-0.78,-1.56,13.5,11.2,51.5,-0.18,LOCKED,52.6,19.2,5,
1791386721951,28.527615,77.365419,52.0,CNG,30.90,23.1,5,1538,41.2,7.05,,89.0,-0.78,-1.56,13.4,11.2,51.7,0.05,LOCKED,52.6,19.2,5,
1791386722684,28.527677,77.365297,52.0,CNG,30.04,23.1,5,1532,41.2,7.37,,89.0,-0.78,-1.56,13.4,11.2,51.6,0.02,LOCKED,52.6,19.2,5,
1791386724413,28.527740,77.365169,52.0,CNG,29.63,23.1,5,1534,47.5,7.32,,89.0,1.56,-1.56,13.3,11.2,51.6,0.02,LOCKED,52.6,20.0,5,
1791386725348,28.527803,77.365043,52.0,CNG,27.44,23.1,5,1534,47.5,8.60,,90.0,1.56,-1.56,13.3,11.2,51.7,0.02,LOCKED,52.6,20.0,5,
1791386726094,28.527866,77.364917,51.0,CNG,26.15,23.1,5,1532,47.5,8.55,,90.0,1.56,-1.56,13.5,11.2,51.6,0.00,LOCKED,52.6,20.0,5,
1791386728072,28.527992,77.364671,51.0,CNG,25.15,15.3,5,1529,44.7,8.77,,90.0,-2.34,-1.56,13.5,0.5,51.5,-0.03,LOCKED,52.6,19.2,5,
1791386728934,28.528056,77.364546,51.0,CNG,25.89,22.4,5,1509,44.7,7.69,,90.0,-2.34,-1.56,13.4,10.2,50.9,-0.29,LOCKED,52.6,19.2,5,
1791386729662,28.528120,77.364422,51.0,CNG,24.66,23.5,5,1504,44.7,9.06,,90.0,-2.34,-1.56,13.4,11.8,50.7,-0.28,LOCKED,52.6,19.2,5,
1791386731489,28.528247,77.364177,51.0,CNG,24.52,23.5,5,1504,43.5,8.57,,90.0,-3.91,-1.56,13.2,11.8,50.6,-0.24,LOCKED,52.6,19.2,5,
1791386732345,28.528247,77.364177,51.0,CNG,26.12,23.9,5,1504,43.5,7.20,,90.0,-3.91,-1.56,13.2,12.3,50.7,-0.01,LOCKED,52.6,19.2,5,
1791386733089,28.528312,77.364054,51.0,CNG,26.76,23.9,5,1512,43.5,7.50,,90.0,-3.91,-1.56,13.3,12.3,50.9,0.05,LOCKED,52.6,19.2,5,
1791386734797,28.528441,77.363813,51.0,CNG,26.90,23.9,5,1515,45.1,7.69,,90.0,0.00,-1.56,13.3,12.3,51.0,0.08,LOCKED,52.6,19.6,5,
1791386735734,28.528507,77.363691,51.0,CNG,27.60,23.9,5,1520,45.1,7.26,,90.0,0.00,-1.56,13.5,12.3,51.2,0.10,LOCKED,52.6,19.6,5,
1791386736557,28.528575,77.363564,51.0,CNG,28.30,14.9,5,1523,45.1,7.08,,90.0,0.00,-1.56,13.5,0.0,51.3,0.10,LOCKED,52.6,19.6,5,
1791386738304,28.528642,77.363443,51.0,CNG,28.40,23.1,5,1516,40.4,7.30,,90.0,-1.56,-1.56,13.5,11.2,51.2,0.03,LOCKED,52.6,18.8,5,
1791386739168,28.528707,77.363323,51.0,CNG,28.91,23.1,5,1523,40.4,7.02,,89.0,-1.56,-1.56,13.5,11.2,51.3,0.04,LOCKED,52.6,18.8,5,
1791386740008,28.528777,77.363196,51.0,CNG,30.02,23.5,5,1528,40.4,6.54,,89.0,-1.56,-1.56,13.3,11.8,51.4,0.06,LOCKED,52.6,18.8,5,
1791386741734,28.528917,77.362953,52.0,CNG,29.63,23.5,5,1538,42.7,7.31,,89.0,0.00,-1.56,13.3,11.8,51.6,0.12,LOCKED,52.6,19.2,5,
1791386742688,28.528988,77.362836,52.0,CNG,29.19,23.9,5,1551,42.7,7.44,,89.0,0.00,-1.56,13.2,12.3,52.1,0.18,LOCKED,52.6,19.2,5,
1791386743476,28.529061,77.362714,53.0,CNG,29.48,24.3,5,1564,42.7,7.24,,89.0,0.00,-1.56,13.2,12.8,52.5,0.25,LOCKED,52.6,19.2,5,
1791386745240,28.529137,77.362588,53.0,CNG,33.32,22.0,5,1573,48.2,5.25,,89.0,1.56,-1.56,13.5,9.6,52.9,0.29,LOCKED,52.6,20.0,5,
1791386746080,28.529211,77.362464,53.0,CNG,38.33,22.4,5,1578,48.2,4.39,,89.0,1.56,-1.56,13.5,10.2,53.1,0.23,LOCKED,52.6,20.0,5,
1791386746882,28.529281,77.362345,53.0,CNG,34.47,22.4,5,1654,48.2,7.23,,89.0,1.56,-1.56,13.5,10.2,54.7,1.03,LOCKED,52.6,20.0,5,
1791386748603,28.529425,77.362092,53.0,CNG,31.16,22.4,5,1574,45.5,7.95,,89.0,0.78,-1.56,13.5,10.2,53.8,-0.00,LOCKED,52.6,19.6,5,
1791386749498,28.529425,77.362092,54.0,CNG,29.83,22.4,5,1583,45.5,7.86,,89.0,0.78,-1.56,13.3,10.2,53.3,-0.21,LOCKED,52.6,19.6,5,
1791386750319,28.529498,77.361967,54.0,CNG,29.70,22.4,5,1605,45.5,7.48,,89.0,0.78,-1.56,13.3,10.2,53.7,0.11,LOCKED,52.6,19.6,5,
1791386752038,28.529646,77.361721,54.0,CNG,28.92,22.4,5,1601,36.1,7.93,,89.0,-0.78,-1.56,13.3,10.2,53.8,0.13,LOCKED,52.6,18.4,5,
1791386752965,28.529723,77.361593,55.0,CNG,31.59,22.4,5,1620,36.1,6.15,,89.0,-0.78,-1.56,13.3,10.2,54.5,0.33,LOCKED,52.6,18.4,5,
1791386753749,28.529802,77.361463,55.0,CNG,38.47,22.4,5,1625,36.1,3.96,,89.0,-0.78,-1.56,13.5,10.2,54.7,0.32,LOCKED,52.6,18.4,5,
1791386755585,28.529962,77.361213,55.0,CNG,38.69,22.4,5,1627,34.9,5.76,,89.0,0.00,-2.34,13.5,10.2,54.9,0.28,LOCKED,52.6,18.4,5,
1791386756525,28.529962,77.361213,55.0,CNG,38.24,22.7,5,1648,34.9,5.98,,89.0,0.00,-2.34,13.4,10.7,55.4,0.29,LOCKED,52.6,18.4,5,
1791386757246,28.530043,77.361087,56.0,CNG,36.64,22.7,5,1648,34.9,6.63,,89.0,0.00,-2.34,13.4,10.7,55.5,0.26,LOCKED,52.6,18.4,5,
1791386758983,28.530207,77.360839,56.0,CNG,35.96,22.7,5,1653,35.7,6.54,,89.0,-1.56,-1.56,13.5,10.7,55.7,0.24,LOCKED,52.6,18.4,5,
1791386759837,28.530294,77.360713,56.0,CNG,36.06,22.7,5,1664,35.7,6.32,,89.0,-1.56,-1.56,13.5,10.7,56.1,0.22,LOCKED,52.6,18.4,5,
1791386760567,28.530384,77.360585,56.0,CNG,36.10,22.7,5,1671,35.7,6.33,,89.0,-1.56,-1.56,13.4,10.7,56.2,0.23,LOCKED,52.6,18.4,5,
1791386762506,28.530559,77.360336,57.0,CNG,37.74,23.9,5,1687,40.8,5.76,,88.0,0.00,-1.56,13.4,12.3,56.7,0.30,LOCKED,52.6,19.6,5,
1791386763387,28.530559,77.360336,58.0,CNG,34.69,23.9,5,1724,40.8,7.64,,88.0,0.00,-1.56,13.5,12.3,58.0,0.61,LOCKED,52.6,19.6,5,
1791386764146,28.530652,77.360206,58.0,CNG,32.18,23.9,5,1744,40.8,8.15,,88.0,0.00,-1.56,13.5,12.3,58.6,0.65,LOCKED,52.6,19.6,5,
1791386765884,28.530839,77.359949,59.0,CNG,29.78,23.9,5,1753,46.7,8.98,,88.0,1.56,-0.78,13.2,12.3,59.0,0.62,LOCKED,52.6,20.4,5,
1791386766789,28.530937,77.359818,61.0,CNG,29.18,23.9,5,1808,46.7,8.79,,88.0,1.56,-0.78,13.2,12.3,60.8,0.89,LOCKED,52.6,20.4,5,
1791386767584,28.531032,77.359689,62.0,CNG,27.76,23.9,5,1830,46.7,9.76,,88.0,1.56,-0.78,13.4,12.3,61.5,0.93,LOCKED,52.6,20.4,5,
1791386769350,28.531134,77.359552,62.0,CNG,27.75,23.9,5,1850,45.5,9.14,,88.0,-1.56,-0.78,13.4,12.3,62.3,0.90,LOCKED,52.6,20.4,5,
1791386770390,28.531238,77.359416,64.0,CNG,27.61,23.9,5,1906,45.5,9.54,,88.0,-1.56,-0.78,13.4,12.3,64.1,0.95,ARMED,,20.4,5,
1791386771163,28.531337,77.359282,65.0,CNG,30.58,23.9,5,1925,45.5,7.35,,88.0,-1.56,-0.78,13.4,12.3,64.9,0.91,ARMED,,20.4,5,
1791386772808,28.531550,77.358997,65.0,CNG,37.85,22.0,5,1944,28.6,4.58,,88.0,0.00,-2.34,13.5,9.6,65.4,0.88,ARMED,,18.4,5,
1791386773683,28.531655,77.358855,66.0,CNG,40.09,22.4,5,1966,28.6,6.15,,89.0,0.00,-2.34,13.5,10.2,66.2,0.53,ARMED,,18.4,5,
1791386774554,28.531761,77.358711,67.0,CNG,41.58,22.4,5,1977,28.6,6.23,,89.0,0.00,-2.34,13.4,10.2,66.6,0.50,ARMED,,18.4,5,
1791386776376,28.531865,77.358572,67.0,CNG,42.30,22.7,5,2003,30.6,6.31,,88.0,0.78,-1.56,13.4,10.7,67.3,0.57,ARMED,,19.2,5,
1791386777244,28.531976,77.358419,68.0,CNG,39.79,23.1,5,2031,30.6,7.59,,88.0,0.78,-1.56,13.2,11.2,68.3,0.57,ARMED,,19.2,5,
1791386777998,28.532084,77.358270,69.0,CNG,39.74,23.1,5,2042,30.6,7.11,,88.0,0.78,-1.56,13.2,11.2,68.7,0.55,ARMED,,19.2,5,
1791386779837,28.532303,77.357969,69.0,CNG,40.10,23.1,5,2054,29.8,6.94,,88.0,0.00,-1.56,13.4,11.2,69.1,0.53,ARMED,,19.2,5,
1791386780735,28.532412,77.357814,70.0,CNG,39.41,23.1,5,2100,29.8,7.44,,88.0,0.00,-1.56,13.4,11.2,70.5,0.71,ARMED,,19.2,5,
1791386781492,28.532519,77.357657,71.0,CNG,40.68,23.1,5,2102,29.8,6.80,,88.0,0.00,-1.56,13.3,11.2,70.8,0.65,ARMED,,19.2,5,
1791386783264,28.532624,77.357502,71.0,CNG,39.35,23.1,5,2115,29.8,7.73,,88.0,0.78,-1.56,13.3,11.2,71.2,0.59,ARMED,,19.2,5,
1791386784120,28.532732,77.357342,72.0,CNG,39.01,23.1,5,2127,29.8,7.64,,88.0,0.78,-1.56,13.4,11.2,71.6,0.32,ARMED,,19.2,5,
1791386784847,28.532842,77.357176,72.0,CNG,38.64,23.1,5,2129,29.8,7.72,,88.0,0.78,-1.56,13.4,11.2,71.7,0.28,ARMED,,19.2,5,
1791386786569,28.533054,77.356859,72.0,CNG,35.59,23.1,5,2143,42.7,9.24,,88.0,0.00,-0.78,13.3,11.2,72.0,0.31,ARMED,,21.2,5,
1791386787588,28.533167,77.356693,72.0,CNG,32.60,24.7,5,2139,42.7,10.16,,88.0,0.00,-0.78,13.3,13.4,72.0,0.06,LOCKED,72.0,21.2,5,
1791386788398,28.533167,77.356693,72.0,CNG,29.59,25.1,5,2151,42.7,11.32,,88.0,0.00,-0.78,13.2,13.9,72.2,0.11,LOCKED,72.0,21.2,5,
1791386790099,28.533386,77.356368,73.0,CNG,28.87,25.1,5,2152,44.7,10.70,,88.0,-0.78,0.00,13.2,13.9,72.4,0.12,LOCKED,72.0,21.6,5,
1791386791001,28.533494,77.356205,73.0,CNG,28.12,25.1,5,2159,44.7,11.02,,88.0,-0.78,0.00,13.4,13.9,72.7,0.14,LOCKED,72.0,21.6,5,
1791386791748,28.533601,77.356047,73.0,CNG,29.01,25.1,5,2183,44.7,9.80,,89.0,-0.78,0.00,13.4,13.9,73.2,0.39,LOCKED,72.0,21.6,5,
1791386793517,28.533826,77.355715,73.0,CNG,30.25,25.1,5,2183,37.3,9.23,,89.0,-1.56,-0.78,13.2,13.9,73.5,0.37,LOCKED,72.0,20.4,5,
1791386794356,28.533826,77.355715,73.0,CNG,31.60,25.1,5,2191,37.3,8.81,,89.0,-1.56,-0.78,13.2,13.9,73.7,0.18,LOCKED,72.0,20.4,5,
1791386795110,28.533933,77.355556,73.0,CNG,36.75,15.3,5,2189,37.3,6.14,,89.0,-1.56,-0.78,13.2,0.5,73.6,0.12,LOCKED,72.0,20.4,5,
1791386797030,28.534158,77.355223,73.0,CNG,36.46,23.9,5,2172,34.9,8.28,,89.0,0.00,-1.56,13.4,12.3,73.2,-0.18,LOCKED,72.0,20.0,5,
1791386797894,28.534265,77.355060,73.0,CNG,36.32,24.3,5,2162,34.9,8.26,,89.0,0.00,-1.56,13.3,12.8,72.7,-0.22,LOCKED,72.0,20.0,5,
1791386798682,28.534368,77.354901,73.0,CNG,36.15,24.7,5,2161,34.9,8.31,,89.0,0.00,-1.56,13.3,13.4,72.6,-0.19,LOCKED,72.0,20.0,5,
1791386800396,28.534474,77.354735,73.0,CNG,34.28,24.7,5,2165,35.3,9.38,,89.0,-0.78,-1.56,13.5,13.4,72.7,-0.13,LOCKED,72.0,20.0,5,
1791386801264,28.534582,77.354564,73.0,CNG,33.28,24.7,5,2173,35.3,9.36,,89.0,-0.78,-1.56,13.5,13.4,73.0,0.12,LOCKED,72.0,20.0,5,
1791386802042,28.534689,77.354396,73.0,CNG,34.06,24.7,5,2170,35.3,8.45,,89.0,-0.78,-1.56,13.4,13.4,73.0,0.10,LOCKED,72.0,20.0,5,
1791386803821,28.534900,77.354067,73.0,CNG,42.43,21.6,5,2183,22.7,4.44,,89.0,-0.78,-2.34,13.4,9.1,73.3,0.15,LOCKED,72.0,18.0,5,
1791386804736,28.535007,77.353902,73.0,CNG,45.02,22.0,5,2162,22.7,6.02,,89.0,-0.78,-2.34,13.3,9.6,72.8,-0.19,LOCKED,72.0,18.0,5,
1791386805461,28.535115,77.353738,73.0,CNG,46.27,22.0,5,2167,22.7,6.18,,89.0,-0.78,-2.34,13.3,9.6,72.8,-0.15,LOCKED,72.0,18.0,5,
1791386807225,28.535221,77.353576,72.0,CNG,47.06,22.0,5,2161,29.8,6.09,,89.0,-2.34,-1.56,13.1,9.6,72.6,-0.16,LOCKED,72.0,19.2,5,
1791386808165,28.535328,77.353420,72.0,CNG,44.25,22.0,5,2145,29.8,7.25,,89.0,-2.34,-1.56,13.1,9.6,72.1,-0.21,LOCKED,72.0,19.2,5,
1791386808940,28.535442,77.353254,72.0,CNG,41.10,22.0,5,2149,29.8,7.93,,89.0,-2.34,-1.56,13.3,9.6,72.1,-0.17,LOCKED,72.0,19.2,5,
1791386810723,28.535658,77.352941,72.0,CNG,39.03,22.0,5,2141,31.4,8.11,,89.0,0.00,-1.56,13.3,9.6,71.9,-0.17,LOCKED,72.0,19.6,5,
1791386811618,28.535772,77.352774,72.0,CNG,38.18,22.0,5,2155,31.4,7.96,,89.0,0.00,-1.56,13.4,9.6,72.3,0.12,LOCKED,72.0,19.6,5,
1791386812408,28.535772,77.352774,72.0,CNG,40.98,14.9,5,2145,31.4,6.39,,88.0,0.00,-1.56,13.4,0.0,72.2,0.06,LOCKED,72.0,19.6,5,
1791386814168,28.535989,77.352453,72.0,CNG,47.39,20.8,5,2134,19.2,4.75,,88.0,0.00,-3.13,13.3,8.0,71.9,-0.14,LOCKED,72.0,16.9,5,
1791386815088,28.536095,77.352298,72.0,CNG,52.61,21.2,5,2129,19.2,4.67,,88.0,0.00,-3.13,13.3,8.6,71.6,-0.15,LOCKED,72.0,16.9,5,
1791386815926,28.536200,77.352140,71.0,CNG,56.23,21.2,5,2119,19.2,4.62,,88.0,0.00,-3.13,13.4,8.6,71.3,-0.19,LOCKED,72.0,16.9,5,
1791386817642,28.536412,77.351814,71.0,CNG,55.89,21.2,5,2108,20.4,5.24,,88.0,1.56,-2.34,13.4,8.6,70.9,-0.25,LOCKED,72.0,17.3,5,
1791386818504,28.536412,77.351814,71.0,CNG,56.77,21.2,5,2095,20.4,4.99,,88.0,1.56,-2.34,13.1,8.6,70.5,-0.26,LOCKED,72.0,17.3,5,
1791386819213,28.536512,77.351662,70.0,CNG,54.09,21.2,5,2088,20.4,5.67,,88.0,1.56,-2.34,13.1,8.6,70.3,-0.27,LOCKED,72.0,17.3,5,
1791386820987,28.536718,77.351340,70.0,CNG,52.02,21.2,5,2083,25.5,5.82,,88.0,2.34,-2.34,13.5,8.6,70.1,-0.26,LOCKED,72.0,18.8,5,
1791386821829,28.536819,77.351182,69.0,CNG,46.99,22.7,5,2060,25.5,6.89,,88.0,2.34,-2.34,13.5,10.7,69.3,-0.33,LOCKED,72.0,18.8,5,
1791386822567,28.536917,77.351027,69.0,CNG,45.00,22.7,5,2067,25.5,6.67,,88.0,2.34,-2.34,13.4,10.7,69.3,-0.26,LOCKED,72.0,18.8,5,
1791386824283,28.537017,77.350870,69.0,CNG,44.12,22.7,5,2059,29.0,6.58,,88.0,0.00,-2.34,13.4,10.7,69.1,-0.24,LOCKED,72.0,18.8,5,
1791386825239,28.537119,77.350710,69.0,CNG,41.93,22.7,5,2063,29.0,7.23,,88.0,0.00,-2.34,13.4,10.7,69.2,-0.02,LOCKED,72.0,18.8,5,
1791386825978,28.537220,77.350549,69.0,CNG,44.62,21.2,5,2060,29.0,5.71,,88.0,0.00,-2.34,13.4,8.6,69.2,-0.02,LOCKED,72.0,18.8,5,
1791386827781,28.537420,77.350226,69.0,CNG,43.57,21.2,5,2056,30.2,6.70,,88.0,0.00,-2.34,13.5,8.6,69.1,-0.04,LOCKED,72.0,18.8,5,
1791386828638,28.537514,77.350071,68.0,CNG,39.50,22.0,5,2041,30.2,8.04,,88.0,0.00,-2.34,13.5,9.6,68.5,-0.26,LOCKED,72.0,18.8,5,
1791386829442,28.537611,77.349915,68.0,CNG,37.58,22.4,5,2040,30.2,7.94,,88.0,0.00,-2.34,13.4,10.2,68.4,-0.24,LOCKED,72.0,18.8,5,
1791386831338,28.537708,77.349760,68.0,CNG,36.82,22.4,5,2038,34.9,7.78,,89.0,0.00,-1.56,13.3,10.2,68.3,-0.22,LOCKED,72.0,19.6,5,
1791386832245,28.537806,77.349605,68.0,CNG,35.45,22.7,5,2030,34.9,8.28,,89.0,0.00,-1.56,13.4,10.7,68.0,-0.18,LOCKED,72.0,19.6,5,
1791386833019,28.537904,77.349446,68.0,CNG,37.88,22.7,5,2033,34.9,6.58,,89.0,0.00,-1.56,13.4,10.7,68.1,-0.13,LOCKED,72.0,19.6,5,
1791386834860,28.538098,77.349135,68.0,CNG,39.17,22.4,5,2030,28.6,6.73,,89.0,0.78,-2.34,13.5,10.2,68.0,-0.11,LOCKED,72.0,18.4,5,
1791386835693,28.538196,77.348977,68.0,CNG,43.75,21.2,5,2021,28.6,5.24,,89.0,0.78,-2.34,13.5,8.6,67.8,-0.12,LOCKED,72.0,18.4,5,
1791386836486,28.538297,77.348821,68.0,CNG,48.45,20.8,5,2018,28.6,4.81,,89.0,0.78,-2.34,13.5,8.0,67.7,-0.12,LOCKED,72.0,18.4,5,
1791386838227,28.538392,77.348671,67.0,CNG,52.79,19.2,5,1978,19.2,4.48,,89.0,0.00,-3.13,13.5,5.9,66.8,-0.57,LOCKED,72.0,16.5,5,
1791386839170,28.538487,77.348522,65.0,CNG,58.03,14.9,5,1947,19.2,3.87,,89.0,0.00,-3.13,13.5,0.0,65.3,-0.76,LOCKED,72.0,16.5,5,
1791386839923,28.538581,77.348374,65.0,CNG,57.23,18.8,5,1921,19.2,4.74,,90.0,0.00,-3.13,13.5,5.4,64.6,-0.81,LOCKED,72.0,16.5,5,
1791386841706,28.538763,77.348082,64.0,CNG,58.23,18.8,5,1895,19.6,4.37,,90.0,2.34,-3.13,13.3,5.4,63.7,-0.86,LOCKED,72.0,16.5,5,
1791386842609,28.538849,77.347938,63.0,CNG,50.50,23.5,5,1860,19.6,6.15,,89.0,2.34,-3.13,13.3,11.8,62.5,-0.79,LOCKED,72.0,16.5,5,
1791386843384,28.538849,77.347938,63.0,CNG,42.80,14.9,5,1878,19.6,7.42,,89.0,2.34,-3.13,13.5,0.0,62.6,-0.35,LOCKED,72.0,16.5,5,
1791386845241,28.539027,77.347647,63.0,CNG,42.09,22.0,5,1881,28.6,6.27,,89.0,-1.56,-2.34,13.5,9.6,62.9,-0.02,ARMED,,18.0,5,
1791386846145,28.539116,77.347500,63.0,CNG,43.71,22.0,5,1877,28.6,5.55,,89.0,-1.56,-2.34,13.4,9.6,63.0,0.02,ARMED,,18.0,5,
1791386846875,28.539204,77.347356,63.0,CNG,43.74,22.0,5,1876,28.6,5.88,,89.0,-1.56,-2.34,13.4,9.6,63.0,0.01,ARMED,,18.0,5,
1791386848722,28.539384,77.347066,63.0,CNG,40.09,22.0,5,1873,35.3,7.23,,89.0,-1.56,-1.56,13.4,9.6,63.0,-0.01,ARMED,,19.2,5,
1791386849722,28.539474,77.346919,63.0,CNG,37.01,22.0,5,1865,35.3,7.76,,89.0,-1.56,-1.56,13.4,9.6,62.7,-0.06,LOCKED,62.7,19.2,5,
1791386850509,28.539474,77.346919,63.0,CNG,35.36,22.0,5,1865,35.3,7.77,,89.0,-1.56,-1.56,13.5,9.6,62.7,-0.05,LOCKED,62.7,19.2,5,
1791386852128,28.539656,77.346626,63.0,CNG,34.70,22.0,5,1863,36.1,7.63,,89.0,-0.78,-1.56,13.5,9.6,62.7,-0.05,LOCKED,62.7,19.2,5,
1791386853018,28.539743,77.346488,63.0,CNG,36.16,21.2,5,1863,36.1,6.67,,89.0,-0.78,-1.56,13.4,8.6,62.7,-0.03,LOCKED,62.7,19.2,5,
1791386853742,28.539832,77.346345,63.0,CNG,38.50,22.0,5,1868,36.1,6.04,,89.0,-0.78,-1.56,13.4,9.6,62.8,0.01,LOCKED,62.7,19.2,5,
1791386855587,28.540011,77.346062,62.0,CNG,39.26,21.6,5,1860,28.2,6.26,,89.0,0.78,-2.34,13.4,9.1,62.6,-0.03,LOCKED,62.7,18.0,5,
1791386856413,28.540011,77.346062,62.0,CNG,41.96,21.6,5,1856,28.2,5.41,,89.0,0.78,-2.34,13.4,9.1,62.4,-0.07,LOCKED,62.7,18.0,5,
1791386857188,28.540100,77.345919,63.0,CNG,43.91,22.0,5,1859,28.2,5.46,,89.0,0.78,-2.34,13.3,9.6,62.5,-0.04,LOCKED,62.7,18.0,5,
1791386858929,28.540279,77.345633,62.0,CNG,42.91,22.0,5,1857,28.2,6.11,,89.0,-0.78,-2.34,13.3,9.6,62.4,-0.04,LOCKED,62.7,18.0,5,
1791386859890,28.540369,77.345483,62.0,CNG,43.96,22.0,5,1861,28.2,5.55,,89.0,-0.78,-2.34,13.4,9.6,62.5,-0.01,LOCKED,62.7,18.0,5,
1791386860663,28.540455,77.345343,62.0,CNG,44.75,22.0,5,1861,28.2,5.51,,89.0,-0.78,-2.34,13.4,9.6,62.5,-0.01,LOCKED,62.7,18.0,5,
1791386862519,28.540632,77.345057,62.0,CNG,43.06,22.0,5,1867,27.8,6.22,,89.0,0.00,-2.34,13.3,9.6,62.6,0.02,LOCKED,62.7,18.0,5,
1791386863400,28.540632,77.345057,62.0,CNG,44.12,21.6,5,1856,27.8,5.53,,89.0,0.00,-2.34,13.3,9.1,62.3,-0.05,LOCKED,62.7,18.0,5,
1791386864174,28.540722,77.344914,62.0,CNG,43.44,21.6,5,1855,27.8,5.97,,89.0,0.00,-2.34,13.1,9.1,62.2,-0.06,LOCKED,62.7,18.0,5,
1791386866063,28.540896,77.344625,62.0,CNG,42.20,21.6,5,1850,27.8,6.26,,89.0,0.00,-2.34,13.5,9.1,62.1,-0.09,LOCKED,62.7,18.0,5,
1791386866979,28.540983,77.344480,62.0,CNG,44.47,21.6,5,1849,27.8,5.24,,89.0,0.00,-2.34,13.3,9.1,62.0,-0.07,LOCKED,62.7,18.0,5,
1791386867772,28.541071,77.344329,62.0,CNG,46.21,21.6,5,1858,27.8,5.16,,89.0,0.00,-2.34,13.3,9.1,62.1,-0.00,LOCKED,62.7,18.0,5,
1791386869609,28.541240,77.344038,62.0,CNG,42.25,21.6,5,1849,33.7,6.77,,89.0,0.00,-2.34,13.4,9.1,62.0,-0.04,LOCKED,62.7,18.8,5,
1791386870482,28.541240,77.344038,62.0,CNG,39.88,18.8,5,1849,33.7,6.89,,89.0,0.00,-2.34,13.4,5.4,62.0,-0.03,LOCKED,62.7,18.8,5,
1791386871268,28.541324,77.343894,62.0,CNG,38.98,21.2,5,1832,33.7,6.72,,89.0,0.00,-2.34,13.4,8.6,61.6,-0.22,LOCKED,62.7,18.8,5,
1791386872974,28.541500,77.343608,62.0,CNG,38.32,21.2,5,1828,31.0,6.78,,89.0,0.78,-2.34,13.4,8.6,61.4,-0.24,LOCKED,62.7,18.4,5,
1791386873861,28.541587,77.343466,61.0,CNG,38.33,20.8,5,1833,31.0,6.50,,89.0,0.78,-2.34,13.5,8.0,61.4,-0.04,LOCKED,62.7,18.4,5,
1791386874596,28.541678,77.343326,61.0,CNG,45.76,14.9,5,1825,31.0,3.85,,89.0,0.78,-2.34,13.5,0.0,61.2,-0.07,LOCKED,62.7,18.4,5,
1791386876383,28.541768,77.343186,61.0,CNG,52.91,14.9,5,1811,19.2,3.60,,89.0,0.00,0.00,13.5,0.0,60.9,-0.24,LOCKED,62.7,18.4,5,
1791386877371,28.541853,77.343054,59.0,CNG,49.70,21.2,5,1767,19.2,5.31,,89.0,0.00,0.00,13.5,8.6,59.3,-0.73,LOCKED,62.7,18.4,5,
1791386878194,28.541938,77.342917,59.0,CNG,49.15,20.8,5,1750,19.2,4.99,,89.0,0.00,0.00,13.4,8.0,58.7,-0.75,LOCKED,62.7,18.4,5,
1791386879876,28.542106,77.342642,59.0,CNG,57.34,22.7,5,1745,34.9,3.14,,89.0,-1.56,-2.34,13.4,10.7,58.4,-0.55,LOCKED,62.7,17.3,5,
1791386880841,28.542189,77.342505,59.0,CNG,49.01,22.4,5,1767,34.9,6.00,,89.0,-1.56,-2.34,13.3,10.2,59.0,0.19,LOCKED,62.7,17.3,5,
1791386881584,28.542273,77.342369,59.0,CNG,46.45,21.2,5,1745,34.9,5.60,,89.0,-1.56,-2.34,13.3,8.6,58.8,-0.05,LOCKED,62.7,17.3,5,
1791386883380,28.542355,77.342233,59.0,CNG,47.85,21.2,5,1758,26.7,4.81,,89.0,0.00,-2.34,13.3,8.6,58.9,-0.01,LOCKED,62.7,17.3,5,
1791386884253,28.542441,77.342094,59.0,CNG,49.10,21.2,5,1742,26.7,4.72,,89.0,0.00,-2.34,13.3,8.6,58.5,-0.08,LOCKED,62.7,17.3,5,
1791386885001,28.542521,77.341961,59.0,CNG,47.86,21.2,5,1747,26.7,5.23,,89.0,0.00,-2.34,13.4,8.6,58.6,-0.05,LOCKED,62.7,17.3,5,
1791386886745,28.542685,77.341690,59.0,CNG,48.82,20.8,5,1733,23.5,4.79,,88.0,0.78,-3.13,13.4,8.0,58.3,-0.11,LOCKED,62.7,16.9,5,
1791386887620,28.542765,77.341559,58.0,CNG,48.37,21.6,5,1739,23.5,4.97,,88.0,0.78,-3.13,13.5,9.1,58.4,-0.06,LOCKED,62.7,16.9,5,
1791386888361,28.542765,77.341559,58.0,CNG,44.95,21.6,5,1739,23.5,5.84,,89.0,0.78,-3.13,13.5,9.1,58.4,-0.05,LOCKED,62.7,16.9,5,
1791386890162,28.542935,77.341290,58.0,CNG,42.85,21.2,5,1740,37.6,5.92,,89.0,-0.78,-2.34,13.3,8.6,58.4,-0.03,LOCKED,62.7,19.2,5,
1791386891018,28.543019,77.341158,58.0,CNG,38.77,21.6,5,1724,37.6,6.99,,88.0,-0.78,-2.34,13.3,9.1,57.9,-0.21,LOCKED,62.7,19.2,5,
1791386891858,28.543103,77.341023,58.0,CNG,37.32,21.6,5,1718,37.6,6.71,,88.0,-0.78,-2.34,13.1,9.1,57.7,-0.22,LOCKED,62.7,19.2,5,
1791386893570,28.543268,77.340758,58.0,CNG,35.60,21.6,5,1720,36.1,7.12,,88.0,0.78,-2.34,13.1,9.1,57.7,-0.17,LOCKED,62.7,18.8,5,
1791386894459,28.543268,77.340758,58.0,CNG,36.25,21.6,5,1713,36.1,6.36,,88.0,0.78,-2.34,13.5,9.1,57.5,-0.14,LOCKED,62.7,18.8,5,
1791386895234,28.543351,77.340625,58.0,CNG,41.91,20.0,5,1710,36.1,4.33,,89.0,0.78,-2.34,13.5,7.0,57.5,-0.12,LOCKED,62.7,18.8,5,
1791386896967,28.543516,77.340363,58.0,CNG,46.65,20.0,5,1713,19.6,4.22,,89.0,0.00,-3.13,13.3,7.0,57.6,-0.07,LOCKED,62.7,16.1,5,
1791386897905,28.543598,77.340232,57.0,CNG,53.69,20.0,5,1691,19.6,3.34,,89.0,0.00,-3.13,13.3,7.0,57.0,-0.28,LOCKED,62.7,16.1,5,
1791386898675,28.543679,77.340103,57.0,CNG,54.58,20.0,5,1686,19.6,4.16,,89.0,0.00,-3.13,13.4,7.0,56.7,-0.28,LOCKED,62.7,16.1,5,
1791386900579,28.543842,77.339846,56.0,CNG,56.24,14.9,5,1684,23.5,3.88,,89.0,0.00,-3.13,13.2,0.0,56.6,-0.25,LOCKED,62.7,16.9,5,
1791386901447,28.543842,77.339846,56.0,CNG,52.94,20.4,5,1667,23.5,4.71,,89.0,0.00,-3.13,13.4,7.5,56.1,-0.26,LOCKED,62.7,16.9,5,
1791386902174,28.543923,77.339718,56.0,CNG,55.30,14.9,5,1649,23.5,3.86,,88.0,0.00,-3.13,13.4,0.0,55.6,-0.33,LOCKED,62.7,16.9,5,
1791386903932,28.544077,77.339468,55.0,CNG,58.56,18.4,5,1660,20.0,3.49,,88.0,0.00,-3.13,13.4,4.8,55.6,-0.15,LOCKED,62.7,15.7,5,
1791386904793,28.544161,77.339340,55.0,CNG,58.01,14.9,5,1621,20.0,3.93,,88.0,0.00,-3.13,13.4,0.0,54.6,-0.49,LOCKED,62.7,15.7,5,
1791386905607,28.544244,77.339221,54.0,CNG,62.16,18.4,5,1587,20.0,3.16,,88.0,0.00,-3.13,13.5,4.8,53.7,-0.79,LOCKED,62.7,15.7,5,
1791386907366,28.544324,77.339107,54.0,CNG,61.27,14.9,5,1583,24.7,3.68,,88.0,0.00,-3.13,13.5,0.0,53.2,-0.73,LOCKED,62.7,16.5,5,
1791386908353,28.544409,77.338988,53.0,CNG,61.10,14.9,5,1575,24.7,3.56,,88.0,0.00,-3.13,13.3,0.0,52.9,-0.28,ARMED,,16.5,5,
1791386909088,28.544492,77.338872,53.0,CNG,55.95,19.6,5,1578,24.7,4.37,,88.0,0.00,-3.13,13.3,6.4,53.0,-0.11,ARMED,,16.5,5,
1791386910824,28.544652,77.338645,52.0,CNG,50.41,19.6,5,1549,27.8,4.86,,88.0,0.00,-2.34,13.4,6.4,52.4,-0.39,ARMED,,16.9,5,
1791386911748,28.544733,77.338530,52.0,CNG,47.12,19.6,5,1541,27.8,4.96,,88.0,0.00,-2.34,13.4,6.4,51.9,-0.35,ARMED,,16.9,5,
1791386912539,28.544813,77.338413,52.0,CNG,45.21,19.6,5,1537,27.8,4.99,,88.0,0.00,-2.34,13.4,6.4,51.7,-0.32,ARMED,,16.9,5,
1791386914304,28.544891,77.338298,51.0,CNG,43.68,19.6,5,1532,29.0,5.02,,88.0,0.78,-2.34,13.4,6.4,51.5,-0.29,ARMED,,16.9,5,
1791386915233,28.544966,77.338186,51.0,CNG,46.02,20.4,5,1517,29.0,4.16,,88.0,0.78,-2.34,13.5,7.5,51.1,-0.28,ARMED,,16.9,5,
1791386915976,28.545044,77.338070,51.0,CNG,45.70,21.2,5,1515,29.0,4.61,,88.0,0.78,-2.34,13.5,8.6,50.9,-0.25,ARMED,,16.9,5,
1791386917709,28.545201,77.337846,51.0,CNG,43.46,21.2,5,1526,29.4,5.15,,88.0,0.78,-2.34,13.4,8.6,51.1,-0.03,ARMED,,17.3,5,
1791386918570,28.545281,77.337734,51.0,CNG,44.60,21.2,5,1519,29.4,4.49,,88.0,0.78,-2.34,13.4,8.6,51.1,-0.02,ARMED,,17.3,5,
1791386919360,28.545281,77.337734,51.0,CNG,42.54,21.2,5,1525,29.4,5.24,,88.0,0.78,-2.34,13.4,8.6,51.2,0.01,ARMED,,17.3,5,
1791386921213,28.545448,77.337510,52.0,CNG,43.08,21.2,5,1522,29.4,4.84,,88.0,0.78,-2.34,13.4,8.6,51.2,0.02,ARMED,,17.3,5,
1791386922072,28.545532,77.337399,52.0,CNG,42.16,21.2,5,1537,29.4,5.20,,88.0,0.78,-2.34,13.4,8.6,51.7,0.22,ARMED,,17.3,5,
1791386922836,28.545613,77.337293,52.0,CNG,32.75,26.7,5,1543,29.4,8.65,,88.0,0.78,-2.34,13.4,16.1,51.9,0.24,ARMED,,17.3,5,
1791386924630,28.545791,77.337066,53.0,CNG,28.51,25.5,5,1563,46.3,9.04,,88.0,-1.56,-1.56,13.3,14.4,52.5,0.43,ARMED,,19.6,5,
1791386925463,28.545791,77.337066,54.0,CNG,31.89,24.3,5,1594,46.3,5.73,,88.0,-1.56,-1.56,13.3,12.8,53.7,0.63,ARMED,,19.6,5,
1791386926237,28.545879,77.336954,54.0,CNG,30.83,24.3,5,1602,46.3,7.51,,88.0,-1.56,-1.56,13.5,12.8,54.1,0.60,ARMED,,19.6,5,
1791386927965,28.546062,77.336735,54.0,CNG,29.95,24.3,5,1608,43.1,7.68,,89.0,-0.78,-1.56,13.5,12.8,54.3,0.44,ARMED,,19.6,5,
1791386928869,28.546160,77.336621,55.0,CNG,30.14,24.3,5,1636,43.1,7.39,,89.0,-0.78,-1.56,13.5,12.8,55.1,0.45,ARMED,,19.6,5,
1791386929608,28.546257,77.336510,56.0,CNG,28.32,24.3,5,1653,43.1,8.79,,89.0,-0.78,-1.56,13.5,12.8,55.6,0.50,ARMED,,19.6,5,
1791386931486,28.546456,77.336287,56.0,CNG,26.36,24.3,5,1664,50.2,9.57,,89.0,-0.78,-0.78,13.4,12.8,56.1,0.50,ARMED,,20.4,5,
1791386932414,28.546456,77.336287,57.0,CNG,25.88,24.3,5,1698,50.2,9.24,,89.0,-0.78,-0.78,13.4,12.8,57.2,0.53,ARMED,,20.4,5,
1791386933171,28.546559,77.336173,57.0,CNG,26.37,23.5,5,1703,50.2,8.59,,89.0,-0.78,-0.78,13.3,11.8,57.4,0.49,ARMED,,20.4,5,
1791386935056,28.546764,77.335949,57.0,CNG,33.62,20.0,5,1708,25.9,4.10,,89.0,-0.78,-2.34,13.5,7.0,57.6,0.42,ARMED,,15.7,5,
1791386935915,28.546864,77.335840,57.0,CNG,40.16,19.2,5,1687,25.9,4.12,,89.0,-0.78,-2.34,13.2,5.9,57.0,-0.21,ARMED,,15.7,5,
1791386936739,28.546969,77.335727,56.0,CNG,48.21,19.6,5,1698,25.9,3.30,,90.0,-0.78,-2.34,13.2,6.4,57.0,-0.15,ARMED,,15.7,5,
1791386938471,28.547166,77.335513,56.0,CNG,49.31,20.0,5,1664,21.2,4.48,,90.0,-0.78,-3.13,13.5,7.0,56.3,-0.49,ARMED,,16.1,5,
1791386939355,28.547166,77.335513,55.0,CNG,54.76,20.0,5,1638,21.2,3.41,,89.0,-0.78,-3.13,13.5,7.0,55.1,-0.55,ARMED,,16.1,5,
1791386940132,28.547268,77.335399,56.0,CNG,47.39,20.4,5,1657,21.2,5.80,,89.0,-0.78,-3.13,13.5,7.5,55.3,-0.19,ARMED,,16.1,5,
1791386942036,28.547466,77.335187,55.0,CNG,44.23,21.2,5,1660,32.2,5.60,,89.0,0.00,-2.34,13.5,8.6,55.6,0.06,ARMED,,18.0,5,
1791386942947,28.547568,77.335078,55.0,CNG,42.44,22.0,5,1649,32.2,5.62,,89.0,0.00,-2.34,13.5,9.6,55.4,-0.01,CANDIDATE,55.4,18.0,5,
1791386943801,28.547666,77.334974,56.0,CNG,37.76,22.7,5,1661,32.2,7.05,,89.0,0.00,-2.34,13.5,10.7,55.6,0.14,LOCKED,55.6,18.0,5,
1791386945470,28.547870,77.334756,56.0,CNG,35.91,22.7,5,1664,36.9,6.84,,89.0,-0.78,-1.56,13.4,10.7,55.8,0.16,LOCKED,55.6,18.8,5,
1791386946324,28.547870,77.334756,56.0,CNG,34.72,22.7,5,1687,36.9,6.92,,89.0,-0.78,-1.56,13.4,10.7,56.6,0.35,LOCKED,55.6,18.8,5,
1791386947124,28.547975,77.334644,57.0,CNG,35.51,22.7,5,1677,36.9,6.34,,89.0,-0.78,-1.56,13.3,10.7,56.5,0.16,LOCKED,55.6,18.8,5,
1791386948826,28.548180,77.334420,57.0,CNG,35.12,21.6,5,1699,33.7,6.74,,89.0,1.56,-2.34,13.3,9.1,56.9,0.32,LOCKED,55.6,18.4,5,
1791386949775,28.548278,77.334309,57.0,CNG,34.42,22.7,5,1696,33.7,6.97,,89.0,1.56,-2.34,13.4,10.7,57.0,0.10,LOCKED,55.6,18.4,5,
1791386950565,28.548378,77.334194,57.0,CNG,31.45,23.5,5,1715,33.7,8.36,,89.0,1.56,-2.34,13.4,11.8,57.4,0.28,LOCKED,55.6,18.4,5,
1791386952336,28.548479,77.334078,58.0,CNG,28.66,23.5,5,1725,47.1,9.35,,89.0,-0.78,-0.78,13.3,11.8,57.8,0.33,LOCKED,55.6,20.0,5,
1791386953156,28.548586,77.333960,59.0,CNG,28.06,22.4,5,1749,47.1,8.86,,89.0,-0.78,-0.78,13.3,10.2,58.7,0.40,LOCKED,55.6,20.0,5,
1791386953921,28.548687,77.333850,58.0,CNG,35.54,14.9,5,1739,47.1,4.00,,89.0,-0.78,-0.78,13.3,0.0,58.6,0.18,LOCKED,55.6,20.0,5,
1791386955686,28.548896,77.333623,58.0,CNG,44.38,22.7,5,1720,44.3,3.35,,89.0,-0.78,-0.78,13.3,10.7,58.1,-0.21,LOCKED,55.6,20.0,5,
1791386956610,28.549000,77.333509,58.0,CNG,36.24,24.3,5,1729,44.3,8.34,,89.0,-0.78,-0.78,13.5,12.8,58.0,-0.14,LOCKED,55.6,20.0,5,
1791386957348,28.549000,77.333509,58.0,CNG,32.42,24.3,5,1736,44.3,8.47,,89.0,-0.78,-0.78,13.5,12.8,58.1,-0.07,LOCKED,55.6,20.0,5,
1791386959113,28.549208,77.333276,59.0,CNG,30.68,24.3,5,1749,42.0,8.48,,89.0,0.00,-1.56,13.5,12.8,58.5,0.17,LOCKED,55.6,19.6,5,
1791386960030,28.549312,77.333162,60.0,CNG,31.08,24.3,5,1781,42.0,7.74,,89.0,0.00,-1.56,13.5,12.8,59.7,0.57,LOCKED,55.6,19.6,5,
1791386960816,28.549423,77.333041,60.0,CNG,30.55,24.3,5,1784,42.0,8.23,,89.0,0.00,-1.56,13.5,12.8,60.0,0.54,LOCKED,55.6,19.6,5,
1791386962533,28.549639,77.332806,61.0,CNG,30.46,24.3,5,1795,39.2,8.22,,89.0,0.00,-1.56,13.5,12.8,60.4,0.51,LOCKED,55.6,19.6,5,
1791386963426,28.549639,77.332806,61.0,CNG,31.72,23.9,5,1826,39.2,7.38,,89.0,0.00,-1.56,13.5,12.3,61.3,0.52,LOCKED,55.6,19.6,5,
1791386964196,28.549752,77.332687,61.0,CNG,35.97,20.4,5,1831,39.2,5.55,,89.0,0.00,-1.56,13.5,7.5,61.6,0.47,LOCKED,55.6,19.6,5,
1791386965957,28.549971,77.332459,61.0,CNG,40.13,21.6,5,1824,27.8,5.14,,89.0,-0.78,-2.34,13.5,9.1,61.5,0.19,LOCKED,55.6,17.6,5,
1791386966824,28.550083,77.332343,61.0,CNG,41.01,21.6,5,1823,27.8,5.88,,89.0,-0.78,-2.34,13.5,9.1,61.3,-0.07,LOCKED,55.6,17.6,5,
1791386967599,28.550193,77.332230,61.0,CNG,41.23,21.6,5,1822,27.8,6.00,,89.0,-0.78,-2.34,13.3,9.1,61.2,-0.08,LOCKED,55.6,17.6,5,
1791386969570,28.550418,77.331998,61.0,CNG,43.40,21.6,5,1821,27.8,5.29,,89.0,-0.78,-2.34,13.4,9.1,61.1,-0.08,LOCKED,55.6,18.4,5,
1791386970632,28.550527,77.331880,61.0,CNG,45.88,20.8,5,1813,27.8,4.97,,89.0,-0.78,-2.34,13.4,8.0,60.8,-0.10,LOCKED,55.6,18.4,5,
1791386971700,28.550639,77.331760,61.0,CNG,43.86,20.8,5,1797,27.8,6.06,,89.0,-0.78,-2.34,13.4,8.0,60.5,-0.17,LOCKED,55.6,18.4,5,
1791386973835,28.550851,77.331529,60.0,CNG,39.98,21.2,5,1794,35.7,6.96,,89.0,-1.56,-2.34,13.4,8.6,60.3,-0.18,LOCKED,55.6,19.6,5,
1791386974939,28.550960,77.331413,60.0,CNG,35.06,22.7,5,1787,35.7,8.30,,89.0,-1.56,-2.34,13.4,10.7,60.0,-0.15,LOCKED,55.6,19.6,5,
1791386975954,28.551069,77.331296,60.0,CNG,27.92,25.5,5,1792,35.7,11.48,,89.0,-1.56,-2.34,13.5,14.4,60.1,-0.09,LOCKED,55.6,19.6,5,
1791386978062,28.551292,77.331057,61.0,CNG,27.36,14.9,5,1821,27.1,9.38,,89.0,-5.47,-3.13,13.5,0.0,60.8,0.36,LOCKED,55.6,18.0,5,
1791386979100,28.551401,77.330939,61.0,CNG,31.28,22.0,5,1819,27.1,6.27,,89.0,-5.47,-3.13,13.4,9.6,61.1,0.16,LOCKED,55.6,18.0,5,
1791386980065,28.551513,77.330822,61.0,CNG,40.16,22.7,5,1816,27.1,3.58,,89.0,-5.47,-3.13,13.4,10.7,61.0,0.11,LOCKED,55.6,18.0,5,
1791386981731,28.551734,77.330584,61.0,CNG,38.04,22.7,5,1810,33.3,7.07,,89.0,-1.56,-2.34,13.5,10.7,60.9,0.04,LOCKED,55.6,18.8,5,
1791386982653,28.551845,77.330466,61.0,CNG,37.84,22.7,5,1828,33.3,6.64,,89.0,-1.56,-2.34,13.5,10.7,61.3,0.11,LOCKED,55.6,18.8,5,
1791386983487,28.551951,77.330350,61.0,CNG,37.70,22.7,5,1837,33.3,6.65,,89.0,-1.56,-2.34,13.3,10.7,61.5,0.15,LOCKED,55.6,18.8,5,
1791386985222,28.552064,77.330224,62.0,CNG,41.20,21.6,5,1828,26.7,5.31,,89.0,0.78,-2.34,13.3,9.1,61.5,0.09,LOCKED,55.6,17.6,5,
1791386986133,28.552172,77.330102,62.0,CNG,42.25,22.0,5,1835,26.7,5.77,,89.0,0.78,-2.34,13.4,9.6,61.6,0.09,LOCKED,55.6,17.6,5,
1791386986911,28.552281,77.329979,62.0,CNG,40.02,22.7,5,1828,26.7,6.83,,89.0,0.78,-2.34,13.4,10.7,61.5,0.04,LOCKED,55.6,17.6,5,
1791386988608,28.552495,77.329731,62.0,CNG,39.65,21.6,5,1830,20.0,6.48,,89.0,0.78,-3.13,13.3,9.1,61.5,0.03,LOCKED,55.6,16.1,5,
1791386989448,28.552495,77.329731,61.0,CNG,36.51,23.1,5,1814,20.0,7.65,,89.0,0.78,-3.13,13.3,11.2,61.1,-0.21,LOCKED,55.6,16.1,5,
1791386990248,28.552600,77.329605,61.0,CNG,33.86,23.1,5,1825,20.0,8.17,,89.0,0.78,-3.13,13.4,11.2,61.2,-0.05,LOCKED,55.6,16.1,5,
1791386992011,28.552806,77.329358,61.0,CNG,32.72,23.1,5,1831,42.0,8.01,,88.0,0.00,-1.56,13.4,11.2,61.4,0.02,LOCKED,55.6,20.0,5,
1791386992909,28.552913,77.329226,62.0,CNG,32.83,21.6,5,1832,42.0,7.68,,88.0,0.00,-1.56,13.5,9.1,61.6,0.05,LOCKED,55.6,20.0,5,
1791386993634,28.553015,77.329098,62.0,CNG,34.33,21.6,5,1828,42.0,6.88,,89.0,0.00,-1.56,13.5,9.1,61.5,0.03,LOCKED,55.6,20.0,5,
1791386995397,28.553118,77.328968,62.0,CNG,35.09,21.2,5,1830,22.0,6.98,,89.0,0.00,-2.34,13.3,8.6,61.6,0.03,LOCKED,55.6,16.1,5,
1791386996269,28.553220,77.328840,61.0,CNG,43.72,14.9,5,1806,22.0,3.57,,89.0,0.00,-2.34,13.3,0.0,60.9,-0.30,LOCKED,55.6,16.1,5,
1791386997094,28.553320,77.328715,60.0,CNG,49.97,14.9,5,1783,22.0,3.83,,89.0,0.00,-2.34,13.3,0.0,60.3,-0.53,LOCKED,55.6,16.1,5,
1791386998784,28.553519,77.328473,60.0,CNG,53.36,14.9,5,1743,19.6,4.12,,88.0,0.00,0.00,13.3,0.0,59.1,-0.92,LOCKED,55.6,16.1,5,
1791386999682,28.553613,77.328358,58.0,CNG,59.08,14.9,5,1716,19.6,3.34,,88.0,0.00,0.00,13.5,0.0,57.8,-0.85,LOCKED,55.6,16.1,5,
1791387000393,28.553613,77.328358,56.0,CNG,57.72,14.9,5,1697,19.6,4.11,,88.0,0.00,0.00,13.5,0.0,57.2,-0.85,LOCKED,55.6,16.1,5,
1791387002082,28.553796,77.328122,55.0,CNG,62.06,14.9,5,1660,19.6,3.19,,88.0,0.00,0.00,13.5,0.0,56.1,-1.08,LOCKED,55.6,15.7,5,
1791387002971,28.553884,77.328004,53.0,CNG,61.79,14.9,5,1591,19.6,3.53,,88.0,0.00,0.00,13.5,0.0,53.6,-1.36,LOCKED,55.6,15.7,5,
1791387003755,28.553967,77.327889,52.0,CNG,64.99,21.2,5,1551,19.6,3.00,,88.0,0.00,0.00,13.4,8.6,52.3,-1.50,LOCKED,55.6,15.7,5,
1791387005630,28.554126,77.327656,52.0,CNG,53.27,21.2,5,1563,28.2,5.11,,87.0,0.78,-2.34,13.4,8.6,52.0,-0.90,LOCKED,55.6,17.3,5,
1791387006497,28.554126,77.327656,52.0,CNG,51.05,20.8,5,1541,28.2,4.43,,87.0,0.78,-2.34,13.6,8.0,51.6,-0.33,LOCKED,55.6,17.3,5,
1791387007231,28.554201,77.327543,52.0,CNG,52.01,20.8,5,1561,28.2,3.97,,87.0,0.78,-2.34,13.6,8.0,52.0,0.05,LOCKED,55.6,17.3,5,
1791387009001,28.554362,77.327308,52.0,CNG,54.71,20.0,5,1573,20.8,3.58,,87.0,0.78,-3.13,13.5,7.0,52.6,0.32,LOCKED,55.6,15.3,5,
1791387009917,28.554442,77.327196,52.0,CNG,59.43,19.6,5,1520,20.8,3.11,,87.0,0.78,-3.13,13.5,6.4,51.3,-0.49,LOCKED,55.6,15.3,5,
1791387010717,28.554524,77.327086,52.0,CNG,55.97,18.4,5,1548,20.8,4.13,,87.0,0.78,-3.13,13.4,4.8,51.6,-0.10,LOCKED,55.6,15.3,5,
1791387012522,28.554691,77.326866,51.0,CNG,45.95,19.2,5,1527,21.2,5.78,,88.0,0.00,-3.13,13.4,5.9,51.4,-0.14,LOCKED,55.6,15.7,5,
1791387013438,28.554691,77.326866,50.0,CNG,48.69,18.0,5,1499,21.2,3.81,,88.0,0.00,-3.13,13.2,4.3,50.4,-0.46,LOCKED,55.6,15.7,4,
1791387014221,28.554772,77.326763,50.0,CNG,50.28,18.0,5,1479,21.2,3.86,,88.0,0.00,-3.13,13.2,4.3,49.8,-0.53,LOCKED,55.6,15.7,4,
1791387015992,28.554937,77.326560,49.0,CNG,50.90,18.4,5,1472,23.5,3.86,,88.0,0.00,-3.13,13.3,4.8,49.4,-0.52,LOCKED,55.6,16.9,4,
1791387016851,28.555022,77.326458,49.0,CNG,59.40,19.6,5,1441,23.5,2.51,,88.0,0.00,-3.13,13.3,6.4,48.5,-0.53,LOCKED,55.6,16.9,4,
1791387017738,28.555106,77.326358,49.0,CNG,61.51,19.6,5,1456,23.5,3.08,,88.0,0.00,-3.13,13.6,6.4,48.6,-0.18,LOCKED,55.6,16.9,4,
1791387019439,28.555278,77.326162,49.0,CNG,58.34,20.0,5,1443,22.0,3.70,,89.0,0.00,-3.13,13.6,7.0,48.5,-0.16,LOCKED,55.6,15.3,4,
1791387020319,28.555278,77.326162,49.0,CNG,34.24,25.5,5,1442,22.0,9.49,,89.0,0.00,-3.13,13.4,14.4,48.5,-0.09,LOCKED,55.6,15.3,4,
1791387021147,28.555363,77.326069,50.0,CNG,30.70,24.7,5,1472,22.0,7.67,,89.0,0.00,-3.13,13.4,13.4,49.2,0.34,LOCKED,55.6,15.3,4,
1791387022863,28.555548,77.325877,50.0,CNG,29.41,14.9,5,1492,29.4,7.38,,89.0,-4.69,-3.13,13.5,0.0,50.0,0.62,LOCKED,55.6,18.8,4,
1791387023705,28.555641,77.325783,51.0,CNG,30.91,23.1,5,1522,29.4,6.24,,89.0,-4.69,-3.13,13.5,11.2,51.2,0.65,LOCKED,55.6,18.8,5,
1791387024439,28.555735,77.325686,51.0,CNG,31.76,14.9,5,1520,29.4,6.30,,89.0,-4.69,-3.13,13.4,0.0,51.4,0.48,LOCKED,55.6,18.8,5,
1791387026191,28.555829,77.325584,51.0,CNG,32.16,23.1,5,1535,40.0,6.36,,90.0,0.00,-1.56,13.4,11.2,51.7,0.45,LOCKED,55.6,18.8,5,
1791387027056,28.555922,77.325483,52.0,CNG,31.25,23.1,5,1555,40.0,7.08,,90.0,0.00,-1.56,13.5,11.2,52.3,0.41,LOCKED,55.6,18.8,5,
1791387027808,28.556015,77.325377,53.0,CNG,33.48,21.2,5,1573,40.0,5.80,,90.0,0.00,-1.56,13.5,8.6,52.8,0.46,LOCKED,55.6,18.8,5,
1791387029603,28.556198,77.325164,53.0,CNG,31.44,25.1,5,1574,49.8,7.51,,90.0,1.56,-0.78,13.4,13.9,53.0,0.41,LOCKED,55.6,20.0,5,
1791387030521,28.556198,77.325164,53.0,CNG,34.33,21.6,5,1584,49.8,5.45,,90.0,1.56,-0.78,13.4,9.1,53.3,0.19,LOCKED,55.6,20.0,5,
1791387031347,28.556289,77.325055,53.0,CNG,34.44,22.0,5,1597,49.8,6.26,,90.0,1.56,-0.78,13.4,9.6,53.6,0.23,LOCKED,55.6,20.0,5,
1791387033138,28.556469,77.324837,53.0,CNG,31.29,22.7,5,1562,58.8,7.87,,90.0,1.56,-0.78,13.4,10.7,52.9,-0.26,LOCKED,55.6,21.6,5,
1791387034011,28.556559,77.324724,54.0,CNG,26.62,25.1,5,1593,58.8,10.11,,90.0,1.56,-0.78,13.3,13.9,53.5,0.20,LOCKED,55.6,21.6,5,
1791387034751,28.556646,77.324614,54.0,CNG,23.76,26.7,5,1620,58.8,10.76,,90.0,1.56,-0.78,13.3,16.1,54.1,0.51,LOCKED,55.6,21.6,5,
1791387036549,28.556830,77.324378,55.0,CNG,22.09,26.7,5,1641,61.6,11.22,,90.0,0.00,0.00,13.4,16.1,55.0,0.73,LOCKED,55.6,22.0,5,
1791387037369,28.556830,77.324378,56.0,CNG,22.39,25.9,5,1682,61.6,10.02,,90.0,0.00,0.00,13.4,15.0,56.5,0.78,LOCKED,55.6,22.0,5,
1791387038163,28.556922,77.324260,57.0,CNG,23.58,25.9,5,1699,61.6,9.12,,90.0,0.00,0.00,13.4,15.0,57.0,0.78,LOCKED,55.6,22.0,5,
1791387040103,28.557109,77.324015,57.0,CNG,21.91,30.6,5,1692,66.3,11.74,,90.0,0.78,-0.78,13.4,21.4,57.1,0.40,LOCKED,55.6,23.1,5,
1791387040991,28.557204,77.323886,59.0,CNG,32.02,23.1,5,1744,66.3,2.56,,90.0,0.78,-0.78,13.4,11.2,58.5,0.70,LOCKED,55.6,23.1,5,
1791387041734,28.557298,77.323760,59.0,CNG,34.16,23.1,5,1754,66.3,6.37,,90.0,0.78,-0.78,13.4,11.2,59.0,0.67,LOCKED,55.6,23.1,5,
1791387043490,28.557489,77.323505,59.0,CNG,39.55,23.9,5,1757,42.0,4.68,,90.0,3.13,-1.56,13.5,12.3,59.2,0.48,LOCKED,55.6,19.6,5,
1791387044387,28.557489,77.323505,59.0,CNG,34.91,24.3,5,1747,42.0,8.11,,89.0,3.13,-1.56,13.5,12.8,58.9,-0.06,LOCKED,55.6,19.6,5,
1791387045191,28.557582,77.323385,59.0,CNG,38.04,23.5,5,1753,42.0,5.49,,89.0,3.13,-1.56,13.3,11.8,58.9,-0.04,LOCKED,55.6,19.6,5,
1791387046937,28.557776,77.323140,58.0,CNG,35.75,23.5,5,1732,39.2,7.24,,89.0,-0.78,-1.56,13.3,11.8,58.4,-0.29,LOCKED,55.6,19.2,5,
1791387047853,28.557873,77.323017,58.0,CNG,33.24,23.5,5,1721,39.2,7.89,,89.0,-0.78,-1.56,13.5,11.8,57.9,-0.30,LOCKED,55.6,19.2,5,
1791387048575,28.557965,77.322891,58.0,CNG,32.06,23.5,5,1717,39.2,7.79,,89.0,-0.78,-1.56,13.5,11.8,57.7,-0.29,LOCKED,55.6,19.2,5,
1791387050346,28.558053,77.322760,58.0,CNG,31.57,23.5,5,1721,39.2,7.68,,89.0,0.00,-1.56,13.5,11.8,57.8,-0.12,LOCKED,55.6,20.4,5,
1791387051234,28.558135,77.322628,58.0,CNG,29.41,23.5,5,1742,39.2,8.89,,88.0,0.00,-1.56,13.5,11.8,58.4,0.29,LOCKED,55.6,20.4,5,
1791387052053,28.558216,77.322491,58.0,CNG,27.74,23.5,5,1733,39.2,9.27,,88.0,0.00,-1.56,13.5,11.8,58.4,0.12,LOCKED,55.6,20.4,5,
1791387053773,28.558370,77.322214,58.0,CNG,27.81,22.7,5,1740,28.2,8.49,,88.0,-1.56,-2.34,13.5,10.7,58.4,0.11,LOCKED,55.6,18.8,5,
1791387054689,28.558447,77.322074,58.0,CNG,30.37,21.2,5,1722,28.2,6.73,,88.0,-1.56,-2.34,13.4,8.6,57.9,-0.22,LOCKED,55.6,18.8,5,
1791387055468,28.558524,77.321939,58.0,CNG,31.93,23.1,5,1729,28.2,6.85,,88.0,-1.56,-2.34,13.4,11.2,58.0,-0.16,LOCKED,55.6,18.8,5,
1791387057256,28.558600,77.321801,58.0,CNG,30.21,23.1,5,1714,33.3,8.48,,88.0,0.00,-2.34,13.4,11.2,57.7,-0.20,LOCKED,55.6,18.0,5,
1791387058143,28.558675,77.321662,57.0,CNG,33.90,22.0,5,1710,33.3,5.59,,88.0,0.00,-2.34,13.4,9.6,57.4,-0.18,LOCKED,55.6,18.0,5,
1791387058916,28.558745,77.321528,57.0,CNG,36.17,22.0,5,1705,33.3,5.79,,88.0,0.00,-2.34,13.5,9.6,57.2,-0.19,LOCKED,55.6,18.0,5,
1791387060652,28.558891,77.321249,57.0,CNG,37.16,21.6,5,1697,22.4,6.01,,88.0,0.78,-2.34,13.5,9.1,57.0,-0.21,LOCKED,55.6,15.7,5,
1791387061562,28.558960,77.321114,56.0,CNG,36.18,22.0,5,1658,22.4,6.58,,88.0,0.78,-2.34,13.4,9.6,55.8,-0.58,LOCKED,55.6,15.7,5,
1791387062290,28.558960,77.321114,56.0,CNG,42.09,15.3,5,1683,22.4,4.09,,88.0,0.78,-2.34,13.4,0.5,56.1,-0.18,LOCKED,55.6,15.7,5,
1791387064181,28.559101,77.320845,56.0,CNG,42.77,21.2,5,1664,19.6,5.22,,88.0,0.00,-3.13,13.2,8.6,55.9,-0.18,LOCKED,55.6,17.3,5,
1791387065030,28.559175,77.320708,56.0,CNG,43.36,14.9,5,1648,19.6,5.17,,88.0,0.00,-3.13,13.2,0.0,55.4,-0.21,LOCKED,55.6,17.3,5,
1791387065795,28.559247,77.320577,55.0,CNG,51.36,14.9,5,1657,19.6,3.14,,88.0,0.00,-3.13,13.4,0.0,55.5,-0.06,LOCKED,55.6,17.3,5,
1791387067584,28.559388,77.320308,55.0,CNG,49.68,20.8,5,1622,25.9,4.75,,88.0,0.00,-3.13,13.4,8.0,54.8,-0.42,LOCKED,55.6,17.6,5,
1791387068460,28.559388,77.320308,55.0,CNG,46.58,22.0,5,1640,25.9,5.28,,88.0,0.00,-3.13,13.5,9.6,55.0,-0.00,LOCKED,55.6,17.6,5,
1791387069211,28.559454,77.320172,55.0,CNG,41.67,22.0,5,1647,25.9,6.25,,88.0,0.00,-3.13,13.5,9.6,55.2,0.06,LOCKED,55.6,17.6,5,
1791387070963,28.559581,77.319900,55.0,CNG,41.50,22.0,5,1659,43.1,5.45,,88.0,1.56,-1.56,13.5,9.6,55.5,0.23,LOCKED,55.6,19.6,5,
1791387071796,28.559648,77.319762,56.0,CNG,38.66,21.6,5,1682,43.1,6.52,,88.0,1.56,-1.56,13.5,9.1,56.4,0.42,LOCKED,55.6,19.6,5,
1791387072580,28.559715,77.319624,56.0,CNG,36.48,23.1,5,1673,43.1,6.80,,88.0,1.56,-1.56,13.3,11.2,56.3,0.22,LOCKED,55.6,19.6,5,
1791387074427,28.559850,77.319350,56.0,CNG,31.23,20.8,5,1669,45.9,8.90,,88.0,-0.78,-2.34,13.4,8.0,56.2,0.01,LOCKED,55.6,20.0,5,
1791387075327,28.559850,77.319350,57.0,CNG,30.23,22.7,5,1682,45.9,8.07,,88.0,-0.78,-2.34,13.5,10.7,56.5,0.07,LOCKED,55.6,20.0,5,
1791387076064,28.559921,77.319208,57.0,CNG,29.77,22.7,5,1692,45.9,8.00,,88.0,-0.78,-2.34,13.5,10.7,56.7,0.13,LOCKED,55.6,20.0,5,
1791387077845,28.560061,77.318936,57.0,CNG,38.50,14.9,5,1709,19.6,3.41,,88.0,0.00,0.00,13.5,0.0,57.2,0.34,LOCKED,55.6,15.7,5,
1791387078755,28.560135,77.318802,56.0,CNG,45.11,14.9,5,1681,19.6,3.75,,88.0,0.00,0.00,13.5,0.0,56.5,-0.23,LOCKED,55.6,15.7,5,
1791387079551,28.560211,77.318672,55.0,CNG,52.65,14.9,5,1656,19.6,3.17,,88.0,0.00,0.00,13.3,0.0,55.9,-0.53,LOCKED,55.6,15.7,5,
1791387081301,28.560291,77.318548,55.0,CNG,56.76,14.9,5,1624,19.6,3.49,,89.0,0.00,0.00,13.3,0.0,54.8,-0.86,LOCKED,55.6,15.7,5,
1791387082161,28.560370,77.318432,51.0,CNG,58.28,14.9,5,1507,19.6,3.42,,89.0,0.00,0.00,13.5,0.0,50.9,-1.95,LOCKED,55.6,15.7,5,
1791387082907,28.560448,77.318322,50.0,CNG,61.98,20.8,5,1475,19.6,2.96,,88.0,0.00,0.00,13.5,8.0,49.5,-1.93,LOCKED,55.6,15.7,4,
1791387084619,28.560610,77.318109,50.0,CNG,53.11,20.8,5,1464,23.1,4.71,,88.0,2.34,-3.13,13.3,8.0,48.8,-1.43,LOCKED,55.6,20.0,4,
1791387085531,28.560610,77.318109,50.0,CNG,40.85,22.7,5,1484,23.1,6.78,,88.0,2.34,-3.13,13.3,10.7,49.5,0.07,LOCKED,55.6,20.0,4,
1791387086303,28.560693,77.318009,51.0,CNG,38.87,22.4,5,1508,23.1,5.75,,88.0,2.34,-3.13,13.3,10.2,50.3,0.47,LOCKED,55.6,20.0,5,
1791387088080,28.560883,77.317816,51.0,CNG,38.71,21.6,5,1529,21.2,5.42,,88.0,-0.78,-3.13,13.3,9.1,51.2,0.75,LOCKED,55.6,15.3,5,
1791387088960,28.560986,77.317733,52.0,CNG,42.81,19.6,5,1549,21.2,4.19,,88.0,-0.78,-3.13,13.3,6.4,52.1,0.57,LOCKED,55.6,15.3,5,
1791387089689,28.561095,77.317655,52.0,CNG,50.98,19.6,5,1534,21.2,2.99,,88.0,-0.78,-3.13,13.3,6.4,52.0,0.24,LOCKED,55.6,15.3,5,
1791387091506,28.561317,77.317503,52.0,CNG,53.34,14.9,5,1543,19.6,3.71,,88.0,0.00,0.00,13.5,0.0,52.0,0.18,LOCKED,55.6,15.3,5,
1791387092395,28.561317,77.317503,50.0,CNG,55.80,14.9,5,1508,19.6,3.40,,88.0,0.00,0.00,13.5,0.0,50.8,-0.49,LOCKED,55.6,15.3,5,
1791387093190,28.561426,77.317435,50.0,CNG,45.95,19.6,5,1494,19.6,5.65,,88.0,0.00,0.00,13.3,6.4,50.3,-0.54,LOCKED,55.6,15.3,4,
1791387094883,28.561645,77.317318,50.0,CNG,50.44,17.3,5,1483,20.0,3.45,,88.0,0.00,0.00,13.3,3.2,49.8,-0.54,LOCKED,55.6,15.3,4,
1791387095812,28.561757,77.317268,48.0,CNG,55.85,18.4,5,1431,20.0,2.92,,88.0,0.00,0.00,13.4,4.8,48.1,-0.87,LOCKED,55.6,15.3,4,
1791387096550,28.561867,77.317220,48.0,CNG,56.31,18.4,5,1425,20.0,3.44,,88.0,0.00,0.00,13.4,4.8,47.7,-0.80,LOCKED,55.6,15.3,4,
1791387098308,28.561978,77.317175,48.0,CNG,52.79,17.3,5,1409,20.4,4.07,,88.0,0.00,0.00,13.4,3.2,47.3,-0.73,LOCKED,55.6,14.9,4,
1791387099229,28.562087,77.317133,46.0,CNG,58.81,14.9,5,1385,20.4,2.62,,88.0,0.00,0.00,13.4,0.0,46.4,-0.50,LOCKED,55.6,14.9,4,
1791387100092,28.562199,77.317090,46.0,CNG,62.30,14.9,5,1374,20.4,2.74,,88.0,0.00,0.00,13.5,0.0,46.1,-0.48,LOCKED,55.6,14.9,4,
1791387101992,28.562405,77.317005,45.0,CNG,45.97,22.0,5,1349,27.8,5.64,,88.0,0.78,-2.34,13.5,9.6,45.4,-0.56,ARMED,,14.5,5,
1791387102863,28.562509,77.316956,45.0,CNG,49.64,14.9,5,1326,27.8,3.25,,88.0,0.78,-2.34,13.4,0.0,44.5,-0.52,ARMED,,14.5,5,
1791387103610,28.562608,77.316903,44.0,CNG,55.33,14.9,5,1313,27.8,2.67,,87.0,0.78,-2.34,13.4,0.0,44.1,-0.52,ARMED,,14.5,5,
1791387105468,28.562798,77.316787,43.0,CNG,47.96,21.2,5,1357,35.3,4.43,,87.0,0.00,-2.34,13.5,8.6,44.8,0.16,ARMED,,16.9,5,
1791387106296,28.562798,77.316787,44.0,CNG,41.55,22.7,5,1294,35.3,5.20,,87.0,0.00,-2.34,13.5,10.7,43.6,-0.54,ARMED,,16.9,5,
1791387107067,28.562890,77.316724,44.0,CNG,36.03,22.7,5,1318,35.3,5.99,,87.0,0.00,-2.34,13.5,10.7,43.8,-0.18,ARMED,,16.9,5,
1791387109002,28.563079,77.316587,45.0,CNG,31.98,22.7,5,1323,45.5,6.70,,88.0,-1.56,-2.34,13.5,10.7,44.1,0.11,ARMED,,18.8,5,
1791387109881,28.563173,77.316520,45.0,CNG,30.20,22.7,5,1350,45.5,6.59,,88.0,-1.56,-2.34,13.5,10.7,45.2,0.47,ARMED,,18.8,5,
1791387110635,28.563266,77.316448,46.0,CNG,30.65,22.7,5,1362,45.5,6.00,,88.0,-1.56,-2.34,13.5,10.7,45.6,0.50,ARMED,,18.8,5,
1791387112405,28.563360,77.316378,46.0,CNG,28.05,22.4,5,1381,34.1,7.54,,88.0,-0.78,-2.34,13.2,10.2,46.2,0.54,ARMED,,18.4,5,
1791387113266,28.563458,77.316305,47.0,CNG,28.34,14.9,5,1388,34.1,6.68,,88.0,-0.78,-2.34,13.2,0.0,46.7,0.30,ARMED,,18.4,5,
1791387114031,28.563555,77.316232,47.0,CNG,27.58,21.6,5,1386,34.1,7.24,,88.0,-0.78,-2.34,13.4,9.1,46.7,0.24,ARMED,,18.4,5,
1791387115797,28.563750,77.316090,47.0,CNG,30.67,21.6,5,1389,44.3,5.22,,89.0,0.00,-2.34,13.4,9.1,46.7,0.20,ARMED,,18.8,5,
1791387116702,28.563849,77.316018,48.0,CNG,31.88,15.7,5,1422,44.3,5.80,,89.0,0.00,-2.34,13.5,1.1,47.7,0.48,ARMED,,18.8,5,
1791387117501,28.563947,77.315949,47.0,CNG,38.62,14.9,5,1402,44.3,3.39,,89.0,0.00,-2.34,13.5,0.0,47.5,0.12,ARMED,,18.8,5,
1791387119322,28.564045,77.315881,47.0,CNG,40.25,20.8,5,1423,44.3,4.47,,89.0,-1.56,-3.13,13.5,8.0,47.7,0.15,ARMED,,18.8,5,
1791387120197,28.564145,77.315814,47.0,CNG,34.78,23.1,5,1400,44.3,6.65,,90.0,-1.56,-3.13,13.5,11.2,47.1,-0.23,ARMED,,18.8,5,
1791387120936,28.564247,77.315746,48.0,CNG,31.20,14.9,5,1418,44.3,7.24,,90.0,-1.56,-3.13,13.5,0.0,47.4,0.00,ARMED,,18.8,5,
1791387122732,28.564455,77.315611,48.0,CNG,32.29,22.4,5,1428,39.2,5.76,,90.0,0.78,-2.34,13.5,10.2,47.8,0.23,ARMED,,18.4,5,
1791387123609,28.564562,77.315540,49.0,CNG,32.34,23.9,5,1450,39.2,6.18,,90.0,0.78,-2.34,13.2,12.3,48.7,0.46,ARMED,,18.4,5,
1791387124460,28.564664,77.315472,49.0,CNG,40.71,22.7,5,1457,39.2,3.04,,90.0,0.78,-2.34,13.2,10.7,49.0,0.45,ARMED,,18.4,5,
1791387126247,28.564768,77.315401,49.0,CNG,35.89,22.7,5,1458,39.6,6.56,,90.0,-0.78,-2.34,13.5,10.7,49.1,0.28,ARMED,,18.4,5,
1791387127149,28.564870,77.315326,50.0,CNG,33.53,22.7,5,1489,39.6,6.68,,90.0,-0.78,-2.34,13.5,10.7,50.0,0.45,ARMED,,18.4,5,
1791387127938,28.564970,77.315249,50.0,CNG,33.26,20.4,5,1496,39.6,6.22,,90.0,-0.78,-2.34,13.5,7.5,50.3,0.43,ARMED,,18.4,5,
1791387129685,28.565181,77.315094,50.0,CNG,42.37,14.9,5,1496,20.0,2.86,,90.0,0.00,0.00,13.5,0.0,50.4,0.26,ARMED,,15.3,5,
1791387130556,28.565284,77.315018,49.0,CNG,47.01,17.3,5,1452,20.0,3.55,,90.0,0.00,0.00,13.3,3.2,49.0,-0.57,ARMED,,15.3,5,
1791387131389,28.565284,77.315018,48.0,CNG,44.83,21.2,5,1411,20.0,4.69,,90.0,0.00,0.00,13.3,8.6,47.8,-0.98,ARMED,,15.3,5,
1791387133103,28.565488,77.314870,49.0,CNG,40.30,21.2,5,1447,40.0,5.72,,90.0,-1.56,-2.34,13.4,8.6,48.1,-0.36,ARMED,,18.4,5,
1791387133972,28.565589,77.314797,49.0,CNG,36.77,21.2,5,1452,40.0,6.16,,89.0,-1.56,-2.34,13.4,8.6,48.7,0.22,ARMED,,18.4,5,
1791387134748,28.565691,77.314723,49.0,CNG,39.55,22.4,5,1442,40.0,4.49,,89.0,-1.56,-2.34,13.4,10.2,48.7,0.16,ARMED,,18.4,5,
1791387136447,28.565895,77.314579,49.0,CNG,32.58,22.4,5,1444,27.8,7.77,,89.0,-1.56,-2.34,13.4,10.2,48.7,0.12,ARMED,,14.5,5,
1791387137324,28.565895,77.314579,48.0,CNG,39.41,14.9,5,1431,27.8,3.38,,89.0,-1.56,-2.34,13.4,0.0,48.3,-0.17,ARMED,,14.5,5,
1791387138086,28.565993,77.314508,46.0,CNG,44.26,14.9,5,1371,27.8,3.42,,89.0,-1.56,-2.34,13.4,0.0,46.9,-0.88,ARMED,,14.5,5,
1791387139927,28.566177,77.314371,44.0,CNG,48.91,15.7,5,1315,42.4,3.05,,89.0,0.00,-3.13,13.3,1.1,44.9,-1.59,ARMED,,17.6,5,
1791387140779,28.566267,77.314304,44.0,CNG,41.97,22.0,5,1303,42.4,5.24,,89.0,0.00,-3.13,13.3,9.6,43.7,-0.84,ARMED,,17.6,5,
1791387141579,28.566358,77.314236,44.0,CNG,45.73,14.9,5,1317,42.4,3.39,,89.0,0.00,-3.13,13.4,0.0,43.8,-0.37,ARMED,,17.6,5,
1791387143427,28.566537,77.314101,44.0,CNG,47.41,19.2,5,1350,23.9,3.58,,88.0,-3.13,-3.13,13.4,5.9,44.7,0.32,ARMED,,17.3,5,
1791387144295,28.566537,77.314101,44.0,CNG,45.38,15.3,5,1310,23.9,4.22,,88.0,-3.13,-3.13,13.4,0.5,44.1,-0.20,ARMED,,17.3,5,
1791387145012,28.566630,77.314030,44.0,CNG,48.26,14.9,5,1308,23.9,3.37,,88.0,-3.13,-3.13,13.4,0.0,44.0,-0.21,ARMED,,17.3,5,
1791387146750,28.566802,77.313902,41.0,CNG,49.81,14.9,5,1238,21.6,3.19,,88.0,0.00,0.00,13.5,0.0,42.3,-1.04,ARMED,,14.5,5,
1791387147667,28.566885,77.313842,40.0,CNG,56.94,21.2,5,1179,21.6,2.21,,88.0,0.00,0.00,13.5,8.6,39.7,-1.38,ARMED,,14.5,5,
1791387148472,28.566885,77.313842,40.0,CNG,46.68,21.2,5,1167,21.6,4.49,,88.0,0.00,0.00,13.3,8.6,39.0,-1.16,ARMED,,14.5,5,
1791387150105,28.567050,77.313721,40.0,CNG,42.27,21.2,5,1189,38.4,4.43,,88.0,-0.78,-3.13,13.3,8.6,39.3,-0.48,ARMED,,16.9,5,
1791387150907,28.567135,77.313661,41.0,CNG,38.46,22.0,5,1207,38.4,4.94,,88.0,-0.78,-3.13,13.3,9.6,40.4,0.40,ARMED,,16.9,5,
1791387151770,28.567221,77.313599,41.0,CNG,30.89,22.0,5,1214,38.4,7.02,,88.0,-0.78,-3.13,13.3,9.6,40.8,0.43,ARMED,,16.9,5,
1791387153406,28.567309,77.313535,41.0,CNG,36.86,14.9,5,1234,22.7,3.23,,88.0,-3.91,0.00,13.5,0.0,41.4,0.50,ARMED,,14.5,5,
1791387154262,28.567390,77.313474,40.0,CNG,43.23,14.9,5,1193,22.7,2.78,,88.0,-3.91,0.00,13.5,0.0,40.4,-0.37,ARMED,,14.5,5,
1791387155017,28.567473,77.313415,39.0,CNG,43.77,19.2,5,1158,22.7,3.57,,88.0,-3.91,0.00,13.2,5.9,39.4,-0.76,ARMED,,14.5,5,
1791387156677,28.567635,77.313293,38.0,CNG,45.56,20.4,5,1161,42.7,3.19,,88.0,1.56,-2.34,13.2,7.5,38.9,-0.73,ARMED,,17.3,5,
1791387157543,28.567713,77.313235,39.0,CNG,35.45,21.2,5,1149,42.7,6.00,,88.0,1.56,-2.34,13.4,8.6,38.5,-0.35,ARMED,,17.3,5,
1791387158320,28.567713,77.313235,39.0,CNG,38.59,21.2,5,1160,42.7,3.58,,88.0,1.56,-2.34,13.4,8.6,38.7,-0.06,ARMED,,17.3,5,
1791387159941,28.567875,77.313112,39.0,CNG,35.34,21.2,5,1175,39.2,5.08,,88.0,0.00,-2.34,13.4,8.6,39.2,0.23,ARMED,,16.9,5,
1791387160707,28.567960,77.313047,40.0,CNG,37.68,21.2,5,1183,39.2,3.92,,88.0,0.00,-2.34,13.4,8.6,39.8,0.27,ARMED,,16.9,5,
1791387161497,28.567960,77.313047,40.0,CNG,37.22,21.2,5,1191,39.2,4.47,,88.0,0.00,-2.34,13.3,8.6,40.0,0.29,ARMED,,16.9,5,
1791387163223,28.568125,77.312925,40.0,CNG,38.64,21.2,5,1202,37.6,3.99,,88.0,0.00,-3.13,13.3,8.6,40.4,0.32,ARMED,,16.9,5,
1791387163991,28.568211,77.312862,41.0,CNG,32.17,26.7,5,1221,37.6,6.48,,88.0,0.00,-3.13,13.2,16.1,41.0,0.34,ARMED,,16.9,4,
1791387164912,28.568298,77.312798,42.0,CNG,24.97,25.5,5,1245,37.6,9.09,,89.0,0.00,-3.13,13.2,14.4,41.7,0.54,ARMED,,16.9,5,
1791387166545,28.568472,77.312670,42.0,CNG,34.74,23.1,5,1258,45.1,2.11,,89.0,-3.91,-3.13,13.3,11.2,42.2,0.57,ARMED,,19.2,5,
1791387167467,28.568472,77.312670,44.0,CNG,26.33,26.3,5,1281,45.1,9.16,,89.0,-3.91,-3.13,13.3,15.5,43.2,0.56,ARMED,,19.2,4,
1791387168245,28.568563,77.312605,44.0,CNG,25.66,24.3,5,1307,45.1,7.27,,89.0,-3.91,-3.13,13.5,12.8,43.9,0.72,ARMED,,19.2,5,
1791387169989,28.568751,77.312469,45.0,CNG,26.44,14.9,5,1343,34.5,6.65,,89.0,-5.47,-3.13,13.5,0.0,45.0,1.00,ARMED,,16.9,5,
1791387170884,28.568846,77.312401,45.0,CNG,33.95,14.9,5,1344,34.5,3.17,,89.0,-5.47,-3.13,13.3,0.0,45.4,0.39,ARMED,,16.9,5,
1791387171667,28.568943,77.312334,45.0,CNG,40.85,14.9,5,1324,34.5,3.15,,90.0,-5.47,-3.13,13.3,0.0,45.0,-0.03,ARMED,,16.9,5,
1791387173443,28.569122,77.312202,44.0,CNG,45.04,20.4,5,1300,39.2,3.37,,90.0,0.00,-2.34,13.2,7.5,44.2,-0.46,ARMED,,17.3,5,
1791387174298,28.569122,77.312202,43.0,CNG,38.04,21.2,5,1292,39.2,5.73,,90.0,0.00,-2.34,13.2,8.6,43.5,-0.44,ARMED,,17.3,5,
1791387175086,28.569212,77.312136,43.0,CNG,34.88,21.2,5,1294,39.2,5.68,,90.0,0.00,-2.34,13.4,8.6,43.4,-0.38,ARMED,,17.3,5,
1791387177003,28.569395,77.312001,43.0,CNG,31.52,21.2,5,1298,44.7,6.39,,90.0,1.56,-2.34,13.3,8.6,43.4,-0.15,ARMED,,16.9,5,
1791387177909,28.569486,77.311935,44.0,CNG,31.22,21.2,5,1317,44.7,5.84,,90.0,1.56,-2.34,13.2,8.6,44.1,0.28,ARMED,,16.9,5,
1791387178672,28.569577,77.311867,44.0,CNG,41.44,20.8,5,1313,44.7,2.23,,90.0,1.56,-2.34,13.2,8.0,44.2,0.23,ARMED,,16.9,5,
1791387180481,28.569763,77.311727,44.0,CNG,41.59,20.8,5,1316,28.2,4.30,,90.0,0.00,-3.13,13.4,8.0,44.2,0.19,ARMED,,14.9,5,
1791387181373,28.569763,77.311727,44.0,CNG,46.28,14.9,5,1316,28.2,3.23,,90.0,0.00,-3.13,13.4,0.0,44.2,0.02,ARMED,,14.9,5,
1791387182116,28.569852,77.311660,44.0,CNG,49.20,18.8,5,1306,28.2,3.31,,90.0,0.00,-3.13,13.5,5.4,44.0,-0.05,ARMED,,14.9,5,
1791387183966,28.570031,77.311529,43.0,CNG,56.45,14.9,5,1266,21.6,2.41,,90.0,0.00,-3.13,13.5,0.0,43.0,-0.59,ARMED,,14.9,5,
1791387184862,28.570122,77.311463,43.0,CNG,59.11,21.6,5,1277,21.6,2.76,,90.0,0.00,-3.13,13.4,9.1,42.8,-0.19,ARMED,,14.9,5,
1791387185594,28.570211,77.311396,43.0,CNG,58.36,14.9,5,1265,21.6,3.07,,89.0,0.00,-3.13,13.4,0.0,42.5,-0.22,ARMED,,14.9,5,
1791387187362,28.570297,77.311332,42.0,CNG,58.37,14.9,5,1258,21.6,2.94,,89.0,0.00,0.00,13.6,0.0,42.3,-0.24,ARMED,,14.5,5,
1791387188215,28.570385,77.311264,41.0,CNG,39.67,22.7,5,1192,21.6,6.34,,89.0,0.00,0.00,13.6,10.7,40.3,-0.93,ARMED,,14.5,5,
1791387189018,28.570469,77.311202,42.0,CNG,47.72,22.4,5,1236,21.6,2.50,,89.0,0.00,0.00,13.5,10.2,40.9,-0.20,ARMED,,14.5,5,
1791387190784,28.570643,77.311077,42.0,CNG,49.81,14.9,5,1236,22.7,3.22,,89.0,-5.47,0.00,13.5,0.0,41.4,0.17,ARMED,,14.5,5,
1791387191646,28.570729,77.311016,41.0,CNG,53.27,14.9,5,1216,22.7,2.81,,89.0,-5.47,0.00,13.4,0.0,41.1,-0.10,ARMED,,14.5,5,
1791387192382,28.570729,77.311016,40.0,CNG,34.09,20.8,5,1199,22.7,7.49,,89.0,-5.47,0.00,13.4,8.0,40.6,-0.30,ARMED,,14.5,5,
1791387194008,28.570896,77.310900,40.0,CNG,35.69,14.9,5,1199,37.6,4.25,,89.0,0.00,-3.13,13.4,0.0,40.4,-0.31,ARMED,,17.6,5,
1791387194765,28.570978,77.310841,39.0,CNG,33.08,20.4,5,1170,37.6,5.37,,89.0,0.00,-3.13,13.4,7.5,39.4,-0.52,ARMED,,17.6,5,
1791387195558,28.571063,77.310779,40.0,CNG,32.74,21.2,5,1180,37.6,5.07,,89.0,0.00,-3.13,13.5,8.6,39.5,-0.27,ARMED,,17.6,5,
1791387197262,28.571143,77.310719,40.0,CNG,30.41,20.8,5,1182,45.1,5.95,,89.0,0.00,-2.34,13.5,8.0,39.6,-0.07,ARMED,,17.6,5,
1791387198121,28.571228,77.310660,40.0,CNG,38.91,20.8,5,1196,45.1,2.44,,89.0,0.00,-2.34,13.4,8.0,40.2,0.25,ARMED,,17.6,5,
1791387198843,28.571313,77.310599,40.0,CNG,38.12,21.6,5,1197,45.1,4.42,,89.0,0.00,-2.34,13.4,9.1,40.3,0.23,ARMED,,17.6,5,
1791387200456,28.571481,77.310473,41.0,CNG,35.76,21.6,5,1204,43.9,5.11,,89.0,0.00,-2.34,13.3,9.1,40.5,0.24,ARMED,,17.6,5,
1791387201307,28.571481,77.310473,41.0,CNG,29.75,23.5,5,1231,43.9,7.03,,89.0,0.00,-2.34,13.3,11.8,41.3,0.43,ARMED,,17.6,5,
1791387202095,28.571568,77.310408,42.0,CNG,28.27,23.5,5,1246,43.9,6.51,,89.0,0.00,-2.34,13.6,11.8,41.8,0.47,ARMED,,17.6,5,
1791387203918,28.571743,77.310270,43.0,CNG,26.53,14.9,5,1274,22.0,7.21,,89.0,-4.69,-3.13,13.6,0.0,42.7,0.70,ARMED,,14.5,5,
1791387204772,28.571823,77.310206,41.0,CNG,35.48,14.9,5,1225,22.0,2.28,,89.0,-4.69,-3.13,13.5,0.0,41.5,-0.38,ARMED,,14.5,5,
1791387205512,28.571823,77.310206,39.0,CNG,40.41,19.2,5,1178,22.0,3.07,,89.0,-4.69,-3.13,13.5,5.9,40.2,-0.97,ARMED,,14.5,5,
1791387207203,28.571981,77.310074,40.0,CNG,39.58,20.8,5,1137,49.8,4.26,,89.0,-0.78,-2.34,13.5,8.0,38.7,-1.40,ARMED,,18.8,5,
1791387207971,28.572061,77.310009,40.0,CNG,30.14,25.1,5,1190,49.8,7.38,,89.0,-0.78,-2.34,13.5,13.9,39.6,0.11,ARMED,,18.8,5,
1791387208721,28.572142,77.309944,41.0,CNG,25.83,25.5,5,1217,49.8,7.85,,89.0,-0.78,-2.34,13.5,14.4,40.4,0.55,ARMED,,18.8,5,
1791387210628,28.572312,77.309801,42.0,CNG,23.75,25.5,5,1243,59.2,8.07,,89.0,0.00,-1.56,13.5,14.4,41.5,0.89,ARMED,,13.3,5,
1791387211501,28.572312,77.309801,43.0,CNG,25.75,22.7,5,1285,59.2,6.00,,89.0,0.00,-1.56,13.5,10.7,43.2,0.89,ARMED,,13.3,5,
1791387212331,28.572401,77.309726,44.0,CNG,31.36,22.7,5,1302,59.2,3.95,,89.0,0.00,-1.56,13.5,10.7,43.9,0.87,ARMED,,13.3,5,
1791387214096,28.572569,77.309581,43.0,CNG,27.44,22.7,5,1292,56.5,7.60,,89.0,3.13,-1.56,13.4,10.7,43.8,0.38,ARMED,,20.0,5,
1791387215007,28.572656,77.309504,45.0,CNG,26.03,22.7,5,1329,56.5,7.58,,89.0,3.13,-1.56,13.4,10.7,44.7,0.43,ARMED,,20.0,5,
1791387215775,28.572744,77.309429,45.0,CNG,25.16,22.7,5,1342,56.5,7.67,,89.0,3.13,-1.56,13.3,10.7,45.1,0.45,ARMED,,20.0,5,
1791387217545,28.572931,77.309281,46.0,CNG,31.45,23.1,5,1356,49.0,3.82,,89.0,1.56,-1.56,13.3,11.2,45.6,0.47,ARMED,,17.6,5,
1791387218434,28.572931,77.309281,46.0,CNG,37.53,19.6,5,1371,49.0,3.59,,89.0,1.56,-1.56,13.5,6.4,46.1,0.41,ARMED,,17.6,5,
1791387219149,28.573030,77.309214,46.0,CNG,43.56,14.9,5,1363,49.0,3.29,,90.0,1.56,-1.56,13.5,0.0,46.1,0.21,ARMED,,17.6,5,
1791387220871,28.573223,77.309084,45.0,CNG,47.89,21.2,5,1347,33.3,3.26,,90.0,0.00,-3.13,13.3,8.6,45.7,-0.15,ARMED,,16.9,5,
1791387221712,28.573321,77.309020,45.0,CNG,40.26,22.0,5,1344,33.3,5.67,,90.0,0.00,-3.13,13.3,9.6,45.2,-0.20,ARMED,,16.9,5,
1791387222585,28.573417,77.308955,45.0,CNG,35.56,22.4,5,1354,33.3,6.08,,90.0,0.00,-3.13,13.5,10.2,45.3,-0.03,ARMED,,16.9,5,
1791387224334,28.573515,77.308888,46.0,CNG,33.19,22.4,5,1359,40.8,6.22,,89.0,0.00,-2.34,13.5,10.2,45.6,0.04,ARMED,,15.3,5,
1791387225210,28.573612,77.308821,46.0,CNG,33.01,22.7,5,1377,40.8,5.74,,89.0,0.00,-2.34,13.4,10.7,46.2,0.30,ARMED,,15.3,5,
1791387225979,28.573711,77.308753,46.0,CNG,31.12,22.7,5,1377,40.8,6.56,,89.0,0.00,-2.34,13.4,10.7,46.3,0.26,ARMED,,15.3,5,
1791387227707,28.573908,77.308609,47.0,CNG,31.16,22.7,5,1395,42.0,6.15,,89.0,-0.78,-2.34,13.3,10.7,46.8,0.33,ARMED,,18.4,5,
1791387228573,28.574009,77.308539,48.0,CNG,31.28,22.7,5,1414,42.0,6.24,,89.0,-0.78,-2.34,13.3,10.7,47.5,0.37,ARMED,,18.4,5,
1791387229343,28.574009,77.308539,48.0,CNG,31.42,22.7,5,1429,42.0,6.20,,89.0,-0.78,-2.34,13.5,10.7,48.0,0.42,ARMED,,18.4,5,
1791387231065,28.574210,77.308388,49.0,CNG,30.80,22.7,5,1442,40.4,6.69,,89.0,0.00,-2.34,13.5,10.7,48.5,0.45,ARMED,,18.4,5,
1791387232046,28.574311,77.308310,49.0,CNG,28.81,22.7,5,1464,40.4,7.61,,89.0,0.00,-2.34,13.5,10.7,49.2,0.45,ARMED,,18.4,5,
1791387232813,28.574412,77.308233,50.0,CNG,27.67,22.7,5,1477,40.4,7.81,,89.0,0.00,-2.34,13.5,10.7,49.7,0.46,ARMED,,18.4,5,
1791387234566,28.574622,77.308080,50.0,CNG,27.39,22.7,5,1491,47.1,7.57,,89.0,0.78,-1.56,13.4,10.7,50.1,0.48,ARMED,,19.6,5,
1791387235381,28.574622,77.308080,51.0,CNG,26.76,22.7,5,1503,47.1,8.05,,90.0,0.78,-1.56,13.4,10.7,50.6,0.41,ARMED,,19.6,5,
1791387236178,28.574729,77.308004,51.0,CNG,26.94,22.7,5,1511,47.1,7.66,,90.0,0.78,-1.56,13.3,10.7,50.9,0.40,ARMED,,19.6,5,
1791387238014,28.574941,77.307851,51.0,CNG,26.67,22.7,5,1516,37.6,7.93,,90.0,0.78,-1.56,13.3,10.7,51.1,0.35,ARMED,,14.9,5,
1791387238917,28.575049,77.307774,51.0,CNG,28.78,22.7,5,1529,37.6,6.39,,90.0,0.78,-1.56,13.5,10.7,51.5,0.29,ARMED,,14.9,5,
1791387239672,28.575158,77.307698,51.0,CNG,30.22,22.7,5,1522,37.6,6.38,,90.0,0.78,-1.56,13.5,10.7,51.4,0.11,ARMED,,14.9,5,
1791387241434,28.575375,77.307546,51.0,CNG,31.25,22.7,5,1522,37.3,6.33,,90.0,0.00,-2.34,13.5,10.7,51.3,0.05,ARMED,,18.4,5,
1791387242305,28.575375,77.307546,52.0,CNG,31.98,22.7,5,1535,37.3,6.42,,90.0,0.00,-2.34,13.5,10.7,51.6,0.11,ARMED,,18.4,5,
1791387243075,28.575484,77.307472,52.0,CNG,33.62,22.7,5,1541,37.3,5.84,,90.0,0.00,-2.34,13.2,10.7,51.8,0.13,ARMED,,18.4,5,
1791387244978,28.575706,77.307312,52.0,CNG,34.30,22.7,5,1552,37.6,6.01,,90.0,0.00,-2.34,13.5,10.7,52.1,0.20,ARMED,,18.4,5,
1791387245845,28.575812,77.307233,53.0,CNG,34.94,22.7,5,1570,37.6,6.03,,90.0,0.00,-2.34,13.4,10.7,52.8,0.27,ARMED,,18.4,5,
1791387246582,28.575923,77.307151,53.0,CNG,34.12,14.9,5,1579,37.6,6.57,,90.0,0.00,-2.34,13.4,0.0,53.1,0.29,ARMED,,18.4,5,
1791387248395,28.576032,77.307068,53.0,CNG,34.69,22.7,5,1572,36.5,6.09,,90.0,0.00,-2.34,13.5,10.7,53.0,0.12,ARMED,,18.4,5,
1791387249355,28.576146,77.306983,54.0,CNG,35.55,22.7,5,1600,36.5,5.98,,90.0,0.00,-2.34,13.5,10.7,53.8,0.37,LOCKED,53.8,18.4,5,
1791387250146,28.576255,77.306903,54.0,CNG,34.67,22.7,5,1604,36.5,6.60,,90.0,0.00,-2.34,13.5,10.7,54.0,0.34,LOCKED,53.8,18.4,5,
1791387251931,28.576477,77.306729,54.0,CNG,34.12,16.9,5,1603,20.0,6.62,,89.0,0.78,-3.13,13.5,2.7,54.1,0.27,LOCKED,53.8,15.7,5,
1791387252814,28.576588,77.306644,53.0,CNG,37.60,20.0,5,1613,20.0,4.87,,89.0,0.78,-3.13,13.3,7.0,54.2,0.19,LOCKED,53.8,15.7,5,
1791387253596,28.576693,77.306562,53.0,CNG,41.37,19.6,5,1568,20.0,4.44,,89.0,0.78,-3.13,13.3,6.4,53.3,-0.42,LOCKED,53.8,15.7,5,
1791387255366,28.576800,77.306473,53.0,CNG,44.92,20.0,5,1591,29.4,4.20,,89.0,0.78,-3.13,13.2,7.0,53.2,-0.24,LOCKED,53.8,15.7,5,
1791387256229,28.576906,77.306385,53.0,CNG,49.93,14.9,5,1570,29.4,3.61,,89.0,0.78,-3.13,13.2,0.0,52.7,-0.26,LOCKED,53.8,15.7,5,
1791387257009,28.577013,77.306302,51.0,CNG,53.34,14.9,5,1523,29.4,3.49,,89.0,0.78,-3.13,13.5,0.0,51.7,-0.76,LOCKED,53.8,15.7,5,
1791387258909,28.577224,77.306152,50.0,CNG,42.81,21.2,5,1503,32.9,6.25,,89.0,1.56,-2.34,13.5,8.6,50.6,-0.95,LOCKED,53.8,17.3,5,
1791387259830,28.577335,77.306077,50.0,CNG,41.56,21.2,5,1494,32.9,5.14,,89.0,1.56,-2.34,13.5,8.6,50.0,-0.43,LOCKED,53.8,17.3,4,
1791387260619,28.577440,77.306002,50.0,CNG,42.13,14.9,5,1493,32.9,4.75,,88.0,1.56,-2.34,13.5,0.0,49.9,-0.27,LOCKED,53.8,17.3,4,
1791387262435,28.577645,77.305849,50.0,CNG,39.66,21.6,5,1481,31.4,5.61,,88.0,-0.78,-3.13,13.5,9.1,49.7,-0.27,LOCKED,53.8,17.3,4,
1791387263322,28.577645,77.305849,51.0,CNG,40.58,21.2,5,1513,31.4,4.96,,88.0,-0.78,-3.13,13.5,8.6,50.6,0.37,LOCKED,53.8,17.3,5,
1791387264095,28.577749,77.305769,51.0,CNG,42.88,21.2,5,1512,31.4,4.45,,88.0,-0.78,-3.13,13.3,8.6,50.8,0.35,LOCKED,53.8,17.3,5,
1791387265823,28.577955,77.305601,51.0,CNG,43.42,21.2,5,1515,29.4,4.71,,88.0,0.00,-3.13,13.3,8.6,51.0,0.30,LOCKED,53.8,16.9,5,
1791387266695,28.578058,77.305519,51.0,CNG,42.29,21.2,5,1522,29.4,5.12,,88.0,0.00,-3.13,13.4,8.6,51.2,0.22,LOCKED,53.8,16.9,5,
1791387267481,28.578168,77.305435,51.0,CNG,41.58,21.2,5,1527,29.4,5.14,,88.0,0.00,-3.13,13.4,8.6,51.3,0.21,LOCKED,53.8,16.9,5,
1791387269211,28.578274,77.305359,51.0,CNG,43.32,21.2,5,1535,28.6,4.51,,88.0,0.00,-3.13,13.3,8.6,51.5,0.22,LOCKED,53.8,16.9,5,
1791387270096,28.578381,77.305283,51.0,CNG,51.05,14.9,5,1530,28.6,2.99,,88.0,0.00,-3.13,13.3,0.0,51.4,-0.01,LOCKED,53.8,16.9,5,
1791387270858,28.578488,77.305214,51.0,CNG,52.72,14.9,5,1510,28.6,3.76,,88.0,0.00,-3.13,13.4,0.0,50.9,-0.27,LOCKED,53.8,16.9,5,
1791387272607,28.578706,77.305073,50.0,CNG,58.48,14.9,5,1492,20.0,2.91,,88.0,0.00,0.00,13.4,0.0,50.2,-0.52,LOCKED,53.8,15.3,4,
1791387273516,28.578706,77.305073,48.0,CNG,59.13,14.9,5,1442,20.0,3.26,,88.0,0.00,0.00,13.5,0.0,48.4,-0.93,LOCKED,53.8,15.3,4,
1791387274279,28.578812,77.305008,47.0,CNG,59.91,14.9,5,1413,20.0,3.14,,88.0,0.00,0.00,13.5,0.0,47.5,-0.99,LOCKED,53.8,15.3,4,
1791387276089,28.579012,77.304883,46.0,CNG,61.18,14.9,5,1375,46.3,2.97,,88.0,0.00,-3.13,13.4,0.0,46.3,-1.21,LOCKED,53.8,18.4,4,
1791387276965,28.579109,77.304820,45.0,CNG,51.70,22.4,5,1322,46.3,4.43,,87.0,0.00,-3.13,13.4,10.2,44.3,-1.15,LOCKED,53.8,18.4,4,
1791387277700,28.579202,77.304755,45.0,CNG,38.15,22.4,5,1346,46.3,6.78,,87.0,0.00,-3.13,13.4,10.2,44.5,-0.57,LOCKED,53.8,18.4,4,
1791387279757,28.579390,77.304615,45.0,CNG,32.64,22.0,5,1341,43.9,6.88,,87.0,0.00,-2.34,13.4,9.6,44.6,-0.19,ARMED,,18.0,5,
1791387280628,28.579489,77.304538,46.0,CNG,33.20,22.0,5,1388,43.9,5.52,,87.0,0.00,-2.34,13.5,9.6,46.3,0.68,ARMED,,18.0,5,
1791387281352,28.579489,77.304538,47.0,CNG,33.03,22.0,5,1400,43.9,5.86,,88.0,0.00,-2.34,13.5,9.6,46.9,0.69,ARMED,,18.0,5,
1791387283061,28.579678,77.304390,47.0,CNG,42.00,23.1,5,1412,42.7,2.74,,88.0,0.00,-3.13,13.4,11.2,47.4,0.66,ARMED,,18.4,5,
1791387283910,28.579776,77.304312,47.0,CNG,36.91,23.1,5,1404,42.7,6.14,,88.0,0.00,-3.13,13.4,11.2,47.2,0.06,ARMED,,18.4,5,
1791387284705,28.579873,77.304234,48.0,CNG,33.47,22.7,5,1420,42.7,6.66,,88.0,0.00,-3.13,13.4,10.7,47.4,0.12,ARMED,,18.4,5,
1791387286406,28.580068,77.304079,48.0,CNG,31.83,22.7,5,1427,42.0,6.61,,88.0,0.00,-2.34,13.4,10.7,47.7,0.17,ARMED,,18.8,5,
1791387287334,28.580068,77.304079,49.0,CNG,31.65,21.6,5,1461,42.0,6.38,,88.0,0.00,-2.34,13.3,9.1,48.9,0.55,ARMED,,18.8,5,
1791387288070,28.580169,77.304003,49.0,CNG,36.60,22.0,5,1463,42.0,4.21,,89.0,0.00,-2.34,13.3,9.6,49.1,0.51,ARMED,,18.8,5,
1791387289847,28.580375,77.303850,49.0,CNG,35.61,22.0,5,1480,41.6,5.85,,89.0,1.56,-2.34,13.4,9.6,49.6,0.50,ARMED,,18.8,5,
1791387290706,28.580478,77.303773,50.0,CNG,33.30,23.1,5,1481,41.6,6.72,,89.0,1.56,-2.34,13.4,11.2,49.7,0.17,ARMED,,18.8,5,
1791387291510,28.580587,77.303694,50.0,CNG,31.53,14.9,5,1497,41.6,6.99,,89.0,1.56,-2.34,13.4,0.0,50.1,0.23,ARMED,,18.8,5,
1791387293302,28.580693,77.303619,50.0,CNG,33.91,23.5,5,1497,28.6,5.35,,89.0,0.78,-2.34,13.4,11.8,50.2,0.21,ARMED,,15.3,5,
1791387294401,28.580794,77.303546,50.0,CNG,31.75,21.2,5,1480,28.6,7.05,,89.0,0.78,-2.34,13.4,8.6,49.7,-0.16,ARMED,,15.3,5,
1791387295626,28.581002,77.303391,50.0,CNG,32.45,14.9,5,1478,28.6,6.09,,90.0,0.78,-2.34,13.4,0.0,49.6,-0.15,ARMED,,15.3,5,
1791387297745,28.581208,77.303237,50.0,CNG,32.61,21.6,5,1477,40.8,6.22,,90.0,-0.78,-2.34,13.4,9.1,49.6,-0.11,ARMED,,18.8,5,
1791387298918,28.581310,77.303162,49.0,CNG,31.28,21.6,5,1463,40.8,6.80,,90.0,-0.78,-2.34,13.4,9.1,49.1,-0.15,ARMED,,18.8,5,
1791387299976,28.581415,77.303082,50.0,CNG,29.92,22.4,5,1478,40.8,7.27,,90.0,-0.78,-2.34,13.4,10.2,49.5,0.13,ARMED,,18.8,5,
1791387302189,28.581615,77.302927,49.0,CNG,33.32,21.6,5,1488,32.2,4.97,,90.0,1.56,-2.34,13.4,9.1,49.8,0.19,ARMED,,16.5,5,
1791387303203,28.581716,77.302848,50.0,CNG,33.18,23.1,5,1501,32.2,6.20,,90.0,1.56,-2.34,13.5,11.2,50.3,0.20,ARMED,,16.5,5,
1791387304131,28.581821,77.302766,51.0,CNG,31.71,23.1,5,1513,32.2,7.00,,90.0,1.56,-2.34,13.5,11.2,50.7,0.25,ARMED,,16.5,5,
1791387305782,28.582033,77.302601,51.0,CNG,30.82,22.0,5,1526,23.1,7.04,,90.0,1.56,-2.34,13.5,9.6,51.0,0.30,ARMED,,19.2,5,
1791387306664,28.582135,77.302521,51.0,CNG,31.99,20.4,5,1524,23.1,6.15,,90.0,1.56,-2.34,13.5,7.5,51.1,0.10,ARMED,,19.2,5,
1791387307455,28.582242,77.302438,51.0,CNG,38.73,14.9,5,1526,23.1,3.69,,90.0,1.56,-2.34,13.3,0.0,51.2,0.09,ARMED,,19.2,5,
1791387309143,28.582345,77.302359,50.0,CNG,47.05,21.2,5,1516,31.0,2.92,,89.0,0.00,-3.13,13.3,8.6,50.9,-0.09,ARMED,,17.3,5,
1791387310085,28.582448,77.302281,50.0,CNG,45.12,14.9,5,1488,31.0,4.81,,89.0,0.00,-3.13,13.5,0.0,49.9,-0.46,ARMED,,17.3,5,
1791387310819,28.582549,77.302207,50.0,CNG,40.23,21.2,5,1492,31.0,5.91,,89.0,0.00,-3.13,13.5,8.6,49.8,-0.39,ARMED,,17.3,5,
1791387312636,28.582761,77.302053,50.0,CNG,39.58,21.2,5,1487,23.9,5.29,,89.0,-0.78,-3.13,13.5,8.6,49.7,-0.33,ARMED,,19.6,5,
1791387313504,28.582761,77.302053,50.0,CNG,34.89,23.1,5,1471,23.9,6.90,,89.0,-0.78,-3.13,13.5,11.2,49.3,-0.27,ARMED,,19.6,5,
1791387314302,28.582866,77.301979,50.0,CNG,32.39,23.1,5,1477,23.9,6.99,,89.0,-0.78,-3.13,13.4,11.2,49.4,-0.12,ARMED,,19.6,5,
1791387316288,28.583076,77.301831,50.0,CNG,33.12,14.9,5,1478,21.2,5.96,,89.0,-0.78,-3.13,13.4,0.0,49.5,-0.05,ARMED,,15.3,5,
1791387317159,28.583179,77.301757,48.0,CNG,41.91,14.9,5,1446,21.2,2.74,,89.0,-0.78,-3.13,13.5,0.0,48.6,-0.41,ARMED,,15.3,5,
1791387317936,28.583278,77.301685,46.0,CNG,47.00,14.9,5,1394,21.2,3.22,,89.0,-0.78,-3.13,13.5,0.0,47.3,-0.98,ARMED,,15.3,5,
1791387319648,28.583452,77.301562,43.0,CNG,50.70,14.9,5,1307,22.0,3.01,,89.0,0.00,0.00,13.2,0.0,44.7,-2.00,ARMED,,14.1,5,
1791387320503,28.583452,77.301562,36.0,CNG,57.75,14.9,5,1074,22.0,1.87,,88.0,0.00,0.00,13.2,0.0,36.5,-4.14,ARMED,,14.1,5,
1791387321271,28.583528,77.301503,34.0,CNG,56.89,14.9,5,1033,22.0,2.51,,88.0,0.00,0.00,13.5,0.0,34.1,-3.76,ARMED,,14.1,5,
1791387322925,28.583663,77.301394,34.0,CNG,50.91,14.9,5,1018,25.5,3.22,,88.0,-0.78,-1.56,13.5,0.0,32.9,-2.64,ARMED,,13.7,5,
1791387323696,28.583729,77.301344,32.0,CNG,51.05,14.9,5,941,25.5,2.55,,88.0,-0.78,-1.56,13.5,0.0,31.1,-1.51,ARMED,,13.7,5,
1791387324406,28.583729,77.301344,29.0,CNG,52.60,14.9,5,857,25.5,2.13,,88.0,-0.78,-1.56,13.5,0.0,29.2,-1.97,ARMED,,13.7,5,
1791387326018,28.583840,77.301266,26.0,CNG,51.54,14.9,5,813,23.1,2.14,,88.0,0.78,-1.56,13.1,0.0,27.4,-2.19,ARMED,,12.5,5,
1791387326736,28.583885,77.301236,21.0,CNG,59.45,14.9,,624,23.1,0.97,,88.0,0.78,-1.56,13.1,0.0,21.0,0.00,ARMED,,12.5,,
1791387327489,28.583885,77.301236,21.0,CNG,59.93,22.0,,630,23.1,1.41,,88.0,0.78,-1.56,13.5,9.6,21.0,0.00,ARMED,,12.5,,
1791387329200,28.583953,77.301183,20.0,CNG,51.42,14.9,4,709,23.1,2.00,,88.0,1.56,-1.56,13.5,0.0,20.0,0.00,ARMED,,11.4,4,
1791387329970,28.583966,77.301174,4.0,CNG,35.87,25.9,,715,23.1,1.62,,88.0,1.56,-1.56,13.2,15.0,4.0,0.00,ARMED,,11.4,,
1791387330690,28.583974,77.301166,4.0,CNG,8.93,31.8,,641,23.1,9.63,,88.0,1.56,-1.56,13.2,23.0,4.0,0.00,ARMED,,11.4,,
1791387332342,28.583988,77.301155,5.0,CNG,3.44,31.8,,1543,68.6,17.65,,88.0,0.78,0.00,13.5,23.0,5.0,0.00,ARMED,,23.9,,
1791387333163,28.584009,77.301134,14.0,CNG,4.09,31.8,,1635,68.6,11.60,,88.0,0.78,0.00,13.5,23.0,14.0,0.00,ARMED,,23.9,,
1791387333988,28.584040,77.301107,18.0,CNG,5.03,32.5,2,1298,68.6,11.62,,88.0,0.78,0.00,13.3,24.1,18.0,0.00,ARMED,,23.9,2,
1791387335599,28.584122,77.301033,22.0,CNG,5.88,18.8,2,1573,19.2,12.92,,88.0,-6.25,-3.13,13.3,5.4,20.4,1.42,ARMED,,17.3,2,
1791387336338,28.584122,77.301033,23.0,CNG,6.92,25.5,2,1779,19.2,10.91,,88.0,-6.25,-3.13,13.5,14.4,23.0,1.48,ARMED,,17.3,2,
1791387337139,28.584170,77.300990,24.0,CNG,8.07,14.9,2,1808,19.2,9.71,,89.0,-6.25,-3.13,13.5,0.0,23.7,1.22,ARMED,,17.3,2,
1791387338796,28.584265,77.300905,25.0,CNG,12.38,27.1,,1561,77.3,2.64,,89.0,-0.78,-1.56,13.4,16.6,25.0,0.00,ARMED,,23.1,,
1791387339540,28.584319,77.300856,27.0,CNG,11.24,27.1,3,1358,77.3,10.97,,89.0,-0.78,-1.56,13.4,16.6,27.0,0.00,ARMED,,23.1,2,
1791387340345,28.584319,77.300856,28.0,CNG,10.23,29.0,3,1439,77.3,12.49,,89.0,-0.78,-1.56,13.4,19.3,27.6,0.36,ARMED,,23.1,2,
1791387341998,28.584430,77.300751,31.0,CNG,15.76,14.9,3,1543,80.8,2.60,,90.0,0.00,-1.56,13.4,0.0,29.9,1.51,ARMED,,25.1,3,
1791387342791,28.584488,77.300690,31.0,CNG,14.38,29.4,4,1210,80.8,9.85,,90.0,0.00,-1.56,13.4,19.8,31.0,0.00,ARMED,,25.1,3,
1791387343520,28.584488,77.300690,33.0,CNG,13.92,30.6,4,1297,80.8,10.10,,90.0,0.00,-1.56,13.4,21.4,32.2,0.71,ARMED,,25.1,3,
1791387345159,28.584619,77.300561,35.0,CNG,13.38,31.4,4,1342,74.9,11.24,,90.0,0.78,-0.78,13.5,22.5,34.1,1.50,ARMED,,23.9,3,
1791387345928,28.584685,77.300491,39.0,CNG,12.95,34.1,4,1490,74.9,12.80,,90.0,0.78,-0.78,13.5,26.2,38.7,2.48,ARMED,,23.9,3,
1791387346689,28.584758,77.300413,40.0,CNG,12.14,34.1,4,1564,74.9,14.58,,90.0,0.78,-0.78,13.5,26.2,40.7,2.54,ARMED,,23.9,4,
1791387348450,28.584907,77.300240,43.0,CNG,12.23,34.1,4,1640,22.0,14.22,,91.0,0.00,0.00,13.3,26.2,42.8,2.58,ARMED,,14.5,4,
1791387349368,28.584907,77.300240,44.0,CNG,14.10,30.6,5,1286,22.0,10.13,,91.0,0.00,0.00,13.2,21.4,44.0,0.00,ARMED,,14.5,4,
1791387350103,28.584981,77.300148,44.0,CNG,15.30,31.4,5,1307,22.0,10.35,,91.0,0.00,0.00,13.2,22.5,44.0,0.00,ARMED,,14.5,4,
1791387351927,28.585119,77.299958,45.0,CNG,15.89,31.8,5,1328,78.0,10.95,,91.0,-0.78,-0.78,13.5,23.0,44.7,0.38,ARMED,,23.9,4,
1791387352809,28.585189,77.299852,47.0,CNG,16.25,31.4,5,1383,78.0,11.45,,91.0,-0.78,-0.78,13.5,22.5,46.8,1.04,ARMED,,23.9,4,
1791387353600,28.585256,77.299745,47.0,CNG,24.54,29.0,5,1407,78.0,2.11,,91.0,-0.78,-0.78,13.5,19.3,47.7,1.07,ARMED,,23.9,4,
1791387355371,28.585323,77.299636,47.0,CNG,24.51,27.8,5,1386,66.3,7.85,,91.0,3.13,-0.78,13.5,17.7,47.6,0.45,ARMED,,21.6,4,
1791387356244,28.585393,77.299523,49.0,CNG,21.76,27.8,5,1456,66.3,10.67,,91.0,3.13,-0.78,13.2,17.7,49.2,0.85,ARMED,,21.6,4,
1791387357009,28.585462,77.299410,50.0,CNG,31.13,26.7,5,1480,66.3,2.55,,91.0,3.13,-0.78,13.2,16.1,50.1,0.90,ARMED,,21.6,4,
1791387358831,28.585608,77.299182,50.0,CNG,25.43,14.9,5,1504,61.6,10.17,,91.0,-4.69,-2.34,13.4,0.0,50.9,0.89,ARMED,,22.0,5,
1791387359707,28.585685,77.299069,51.0,CNG,22.25,26.3,5,1522,61.6,11.06,,91.0,-4.69,-2.34,13.4,15.5,51.6,0.49,ARMED,,22.0,5,
1791387360496,28.585770,77.298955,52.0,CNG,21.13,26.3,5,1542,61.6,10.79,,91.0,-4.69,-2.34,13.4,15.5,52.1,0.52,ARMED,,22.0,5,
1791387362228,28.585856,77.298845,53.0,CNG,20.81,26.7,5,1578,61.6,10.63,,90.0,0.78,-0.78,13.4,16.1,53.0,0.83,ARMED,,20.8,5,
1791387363106,28.585949,77.298736,55.0,CNG,29.66,24.7,5,1618,61.6,3.04,,90.0,0.78,-0.78,13.5,13.4,54.7,0.87,ARMED,,20.8,5,
1791387363900,28.586046,77.298626,54.0,CNG,29.63,24.7,5,1620,61.6,7.46,,90.0,0.78,-0.78,13.5,13.4,55.0,0.63,ARMED,,20.8,5,
1791387365806,28.586251,77.298416,55.0,CNG,28.96,25.9,5,1638,63.9,8.02,,90.0,3.91,-0.78,13.5,15.0,55.4,0.58,ARMED,,23.1,5,
1791387366662,28.586356,77.298317,57.0,CNG,24.16,28.2,5,1688,63.9,11.91,,90.0,3.91,-0.78,13.5,18.2,56.9,0.81,ARMED,,23.1,5,
1791387367437,28.586471,77.298216,58.0,CNG,22.49,27.8,5,1718,63.9,11.58,,90.0,3.91,-0.78,13.5,17.7,57.8,0.97,ARMED,,23.1,5,
1791387369170,28.586590,77.298121,58.0,CNG,22.57,27.8,5,1718,57.6,10.45,,90.0,0.00,-0.78,13.5,17.7,58.2,0.71,ARMED,,21.6,5,
1791387370123,28.586711,77.298032,59.0,CNG,22.18,27.5,5,1735,57.6,11.15,,90.0,0.00,-0.78,13.4,17.1,58.7,0.35,ARMED,,21.6,5,
1791387370878,28.586832,77.297948,58.0,CNG,22.10,27.5,5,1726,57.6,10.78,,90.0,0.00,-0.78,13.4,17.1,58.6,0.10,ARMED,,21.6,5,
1791387372652,28.587080,77.297792,58.0,CNG,31.18,26.7,5,1729,52.5,2.93,,90.0,-1.56,-1.56,13.3,16.1,58.5,0.05,ARMED,,21.2,5,
1791387373547,28.587206,77.297720,57.0,CNG,27.14,26.7,5,1689,52.5,10.28,,90.0,-1.56,-1.56,13.3,16.1,57.2,-0.57,ARMED,,21.2,5,
1791387374343,28.587206,77.297720,57.0,CNG,24.01,27.8,5,1687,52.5,11.40,,90.0,-1.56,-1.56,13.4,17.7,56.9,-0.53,ARMED,,21.2,5,
1791387376191,28.587460,77.297580,57.0,CNG,22.83,28.2,5,1692,59.2,10.96,,90.0,0.78,-0.78,13.4,18.2,56.9,-0.24,ARMED,,21.6,5,
1791387377083,28.587589,77.297510,57.0,CNG,21.74,28.2,5,1713,59.2,11.49,,90.0,0.78,-0.78,13.4,18.2,57.6,0.27,ARMED,,21.6,5,
1791387377831,28.587716,77.297440,58.0,CNG,20.41,27.8,5,1699,59.2,12.66,,90.0,0.78,-0.78,13.4,17.7,57.5,0.09,CANDIDATE,57.5,21.6,5,
1791387379656,28.587970,77.297303,57.0,CNG,20.10,27.5,5,1680,34.1,11.85,,90.0,-3.13,-2.34,13.3,17.1,57.0,-0.24,LOCKED,57.0,21.6,5,
1791387380553,28.588096,77.297237,56.0,CNG,21.23,25.1,5,1666,34.1,9.85,,90.0,-3.13,-2.34,13.3,13.9,56.2,-0.31,LOCKED,57.0,21.6,5,
1791387381375,28.588096,77.297237,56.0,CNG,21.55,25.9,5,1662,34.1,10.38,,90.0,-3.13,-2.34,13.3,15.0,56.0,-0.30,LOCKED,57.0,21.6,5,
1791387383289,28.588346,77.297103,56.0,CNG,21.42,25.5,5,1663,61.6,10.78,,90.0,0.78,-0.78,13.3,14.4,56.0,-0.23,LOCKED,57.0,24.7,5,
1791387384198,28.588468,77.297039,57.0,CNG,18.48,34.9,5,1690,61.6,15.17,,90.0,0.78,-0.78,13.4,27.3,56.9,0.34,LOCKED,57.0,24.7,5,
1791387384940,28.588601,77.296968,58.0,CNG,17.10,34.5,5,1720,61.6,15.38,,90.0,0.78,-0.78,13.4,26.8,57.7,0.65,LOCKED,57.0,24.7,5,
1791387386690,28.588871,77.296825,59.0,CNG,16.84,33.7,5,1758,71.8,14.64,,90.0,-0.78,0.00,13.2,25.7,58.9,1.05,LOCKED,57.0,24.3,5,
1791387387571,28.589011,77.296749,62.0,CNG,17.79,14.9,5,1841,71.8,13.11,,90.0,-0.78,0.00,13.2,0.0,61.9,1.56,LOCKED,57.0,24.3,5,
1791387388384,28.589011,77.296749,62.0,CNG,18.91,27.1,5,1852,71.8,12.18,,90.0,-0.78,0.00,13.4,16.6,62.7,1.30,LOCKED,57.0,24.3,5,
1791387390050,28.589285,77.296593,63.0,CNG,22.83,24.7,5,1853,29.4,7.92,,90.0,-2.34,-1.56,13.4,13.4,62.9,0.81,LOCKED,57.0,16.5,5,
1791387390910,28.589423,77.296511,63.0,CNG,24.28,25.5,5,1868,29.4,9.62,,90.0,-2.34,-1.56,13.4,14.4,63.1,0.27,LOCKED,57.0,16.5,5,
1791387391741,28.589563,77.296429,63.0,CNG,25.30,25.5,5,1879,29.4,9.54,,90.0,-2.34,-1.56,13.4,14.4,63.3,0.27,LOCKED,57.0,16.5,5,
1791387393521,28.589844,77.296268,64.0,CNG,26.19,25.5,5,1891,43.5,9.47,,90.0,0.78,-1.56,13.4,14.4,63.7,0.30,LOCKED,57.0,20.4,5,
1791387394453,28.589844,77.296268,64.0,CNG,28.36,25.1,5,1904,43.5,8.10,,90.0,0.78,-1.56,13.4,13.9,64.2,0.28,LOCKED,57.0,20.4,5,
1791387395264,28.589987,77.296185,65.0,CNG,31.83,18.0,5,1920,43.5,6.85,,90.0,0.78,-1.56,13.4,4.3,64.6,0.34,LOCKED,57.0,20.4,5,
1791387396946,28.590273,77.296018,64.0,CNG,31.76,24.3,5,1917,38.0,8.26,,90.0,0.00,-1.56,13.4,12.8,64.7,0.28,LOCKED,57.0,19.6,5,
1791387397789,28.590415,77.295934,65.0,CNG,29.01,25.1,5,1920,38.0,10.33,,90.0,0.00,-1.56,13.4,13.9,64.8,0.11,LOCKED,57.0,19.6,5,
1791387398519,28.590553,77.295850,65.0,CNG,27.27,25.5,5,1921,38.0,10.61,,89.0,0.00,-1.56,13.4,14.4,64.8,0.09,LOCKED,57.0,19.6,5,
1791387400251,28.590697,77.295763,65.0,CNG,25.46,25.5,5,1936,51.0,11.47,,89.0,0.00,-0.78,13.5,14.4,65.1,0.16,LOCKED,57.0,21.6,5,
1791387401121,28.590842,77.295673,66.0,CNG,24.75,25.5,5,1957,51.0,11.35,,89.0,0.00,-0.78,13.5,14.4,65.9,0.38,LOCKED,57.0,21.6,5,
1791387401879,28.590989,77.295584,66.0,CNG,24.00,25.5,5,1976,51.0,11.74,,89.0,0.00,-0.78,13.4,14.4,66.4,0.45,LOCKED,57.0,21.6,5,
1791387403745,28.591281,77.295396,67.0,CNG,23.97,25.5,5,1978,38.0,11.45,,89.0,-0.78,-0.78,13.4,14.4,66.7,0.42,ARMED,,18.0,5,
1791387404615,28.591423,77.295305,67.0,CNG,25.26,25.1,5,1996,38.0,9.97,,89.0,-0.78,-0.78,13.5,13.9,67.3,0.37,ARMED,,18.0,5,
1791387405340,28.591423,77.295305,67.0,CNG,26.96,24.7,5,2000,38.0,9.14,,89.0,-0.78,-0.78,13.5,13.4,67.4,0.34,ARMED,,18.0,5,
1791387407185,28.591714,77.295123,68.0,CNG,27.61,24.7,5,2008,35.3,9.71,,89.0,-0.78,-1.56,13.4,13.4,67.7,0.33,ARMED,,19.6,5,
1791387408176,28.591863,77.295027,68.0,CNG,29.43,23.9,5,2030,35.3,8.52,,89.0,-0.78,-1.56,13.4,12.3,68.3,0.34,LOCKED,68.3,19.6,5,
1791387408953,28.592014,77.294934,68.0,CNG,36.97,24.3,5,2034,35.3,4.65,,89.0,-0.78,-1.56,13.5,12.8,68.5,0.30,LOCKED,68.3,19.6,5,
1791387410649,28.592307,77.294747,68.0,CNG,34.92,14.9,5,2030,37.3,8.62,,88.0,-1.56,-3.13,13.5,0.0,68.4,0.13,LOCKED,68.3,20.0,5,
1791387411565,28.592459,77.294649,69.0,CNG,32.69,24.7,5,2039,37.3,9.44,,88.0,-1.56,-3.13,13.4,13.4,68.6,0.12,LOCKED,68.3,20.0,5,
1791387412343,28.592459,77.294649,69.0,CNG,36.33,22.7,5,2048,37.3,6.48,,88.0,-1.56,-3.13,13.4,10.7,68.9,0.15,LOCKED,68.3,20.0,5,
1791387414145,28.592759,77.294455,69.0,CNG,37.56,23.1,5,2042,27.1,7.13,,88.0,0.00,-2.34,13.5,11.2,68.8,0.11,LOCKED,68.3,18.8,5,
1791387415009,28.592904,77.294363,69.0,CNG,37.73,22.7,5,2041,27.1,7.42,,88.0,0.00,-2.34,13.5,10.7,68.8,0.05,LOCKED,68.3,18.8,5,
1791387415847,28.593055,77.294267,69.0,CNG,43.72,22.4,5,2041,27.1,4.92,,88.0,0.00,-2.34,13.5,10.2,68.8,0.04,LOCKED,68.3,18.8,5,
1791387417747,28.593355,77.294081,69.0,CNG,43.32,22.4,5,2050,21.6,6.60,,88.0,0.00,-3.13,13.5,10.2,69.0,0.09,LOCKED,68.3,16.9,5,
1791387418625,28.593507,77.293991,69.0,CNG,48.51,22.7,5,2038,21.6,4.77,,88.0,0.00,-3.13,13.6,10.7,68.7,-0.09,LOCKED,68.3,16.9,5,
1791387419373,28.593507,77.293991,69.0,CNG,42.62,21.6,5,2061,21.6,7.82,,88.0,0.00,-3.13,13.6,9.1,69.2,0.19,LOCKED,68.3,16.9,5,
1791387421137,28.593818,77.293807,70.0,CNG,46.61,14.9,5,2076,19.2,5.29,,88.0,0.00,0.00,13.3,0.0,69.7,0.43,LOCKED,68.3,16.9,5,
1791387421966,28.593967,77.293721,69.0,CNG,50.79,14.9,5,2057,19.2,4.80,,87.0,0.00,0.00,13.3,0.0,69.4,-0.06,LOCKED,68.3,16.9,5,
1791387422770,28.594120,77.293636,69.0,CNG,55.86,14.9,5,2047,19.2,4.29,,87.0,0.00,0.00,13.5,0.0,69.1,-0.13,LOCKED,68.3,16.9,5,
1791387424542,28.594429,77.293472,69.0,CNG,55.81,14.9,5,2050,18.8,5.06,,87.0,0.00,0.00,13.5,0.0,69.0,-0.12,LOCKED,68.3,16.5,5,
1791387425475,28.594429,77.293472,68.0,CNG,56.85,14.9,5,2022,18.8,4.75,,87.0,0.00,0.00,13.5,0.0,68.2,-0.42,LOCKED,68.3,16.5,5,
1791387426264,28.594585,77.293395,68.0,CNG,58.12,14.9,5,2033,18.8,4.62,,87.0,0.00,0.00,13.5,0.0,68.2,-0.19,LOCKED,68.3,16.5,5,
1791387428136,28.594899,77.293240,68.0,CNG,56.99,14.9,5,2032,19.2,5.02,,87.0,0.00,0.00,13.3,0.0,68.3,-0.13,LOCKED,68.3,16.5,5,
1791387428993,28.595053,77.293166,67.0,CNG,56.64,14.9,5,2004,19.2,4.88,,87.0,0.00,0.00,13.3,0.0,67.4,-0.39,LOCKED,68.3,16.5,5,
1791387429800,28.595200,77.293096,66.0,CNG,59.66,14.9,5,1973,19.2,4.15,,87.0,0.00,0.00,13.5,0.0,66.6,-0.68,LOCKED,68.3,16.5,5,
1791387431583,28.595490,77.292945,65.0,CNG,58.14,14.9,5,1939,19.2,4.75,,87.0,0.00,0.00,13.5,0.0,65.4,-1.00,LOCKED,68.3,16.5,5,
1791387432502,28.595490,77.292945,65.0,CNG,59.11,14.9,5,1922,19.2,4.38,,87.0,0.00,0.00,13.5,0.0,64.5,-0.60,LOCKED,68.3,16.5,5,
1791387433240,28.595638,77.292868,64.0,CNG,62.82,23.5,5,1908,19.2,3.76,,87.0,0.00,0.00,13.5,11.8,64.1,-0.58,LOCKED,68.3,16.5,5,
1791387434957,28.595928,77.292715,64.0,CNG,51.48,22.0,5,1914,23.5,6.48,,87.0,0.78,-3.13,13.5,9.6,64.1,-0.33,LOCKED,68.3,17.3,5,
1791387435789,28.596074,77.292641,64.0,CNG,54.79,20.8,5,1882,23.5,4.31,,87.0,0.78,-3.13,13.5,8.0,63.4,-0.37,LOCKED,68.3,17.3,5,
1791387436584,28.596218,77.292570,64.0,CNG,53.25,14.9,5,1896,23.5,5.12,,87.0,0.78,-3.13,13.5,0.0,63.5,-0.11,LOCKED,68.3,17.3,5,
1791387438329,28.596359,77.292498,63.0,CNG,54.43,22.7,5,1848,32.5,4.57,,88.0,0.00,-2.34,13.5,10.7,62.7,-0.56,LOCKED,68.3,18.8,5,
1791387439273,28.596503,77.292424,63.0,CNG,47.35,22.7,5,1859,32.5,6.51,,88.0,0.00,-2.34,13.5,10.7,62.6,-0.14,LOCKED,68.3,18.8,5,
1791387440040,28.596642,77.292354,63.0,CNG,39.70,22.7,5,1885,32.5,8.07,,88.0,0.00,-2.34,13.5,10.7,63.1,0.25,LOCKED,68.3,18.8,5,
1791387441845,28.596933,77.292210,63.0,CNG,34.98,22.7,5,1874,37.6,8.68,,88.0,0.00,-1.56,13.5,10.7,63.2,0.20,LOCKED,68.3,19.6,5,
1791387442683,28.597077,77.292138,63.0,CNG,36.82,21.2,5,1883,37.6,6.44,,89.0,0.00,-1.56,13.5,8.6,63.4,0.17,LOCKED,68.3,19.6,5,
1791387443441,28.597224,77.292064,63.0,CNG,36.89,21.2,5,1872,37.6,6.96,,89.0,0.00,-1.56,13.4,8.6,63.2,-0.01,LOCKED,68.3,19.6,5,
1791387445119,28.597368,77.291993,63.0,CNG,37.17,21.6,5,1871,33.7,6.85,,90.0,0.00,-2.34,13.4,9.1,63.1,-0.05,LOCKED,68.3,18.8,5,
1791387446039,28.597509,77.291925,63.0,CNG,39.88,14.9,5,1868,33.7,5.75,,90.0,0.00,-2.34,13.5,0.0,62.9,-0.07,LOCKED,68.3,18.8,5,
1791387446827,28.597651,77.291853,63.0,CNG,40.70,22.0,5,1877,33.7,6.13,,90.0,0.00,-2.34,13.5,9.6,63.1,-0.01,LOCKED,68.3,18.8,5,
1791387448607,28.597936,77.291710,63.0,CNG,41.59,22.7,5,1872,33.3,5.99,,90.0,-0.78,-2.34,13.3,10.7,63.0,-0.02,LOCKED,68.3,18.8,5,
1791387449462,28.597936,77.291710,63.0,CNG,39.99,23.1,5,1873,33.3,6.81,,91.0,-0.78,-2.34,13.3,11.2,63.0,-0.01,LOCKED,68.3,18.8,5,
1791387450295,28.598080,77.291641,63.0,CNG,43.32,21.2,5,1878,33.3,5.20,,91.0,-0.78,-2.34,13.4,8.6,63.1,0.02,LOCKED,68.3,18.8,5,
1791387452142,28.598369,77.291506,63.0,CNG,44.04,22.0,5,1884,30.2,5.70,,91.0,0.78,-2.34,13.4,9.6,63.3,0.06,LOCKED,68.3,18.4,5,
1791387453044,28.598513,77.291434,63.0,CNG,41.69,22.4,5,1876,30.2,6.67,,91.0,0.78,-2.34,13.4,10.2,63.1,0.00,LOCKED,68.3,18.4,5,
1791387453839,28.598656,77.291359,63.0,CNG,42.12,23.1,5,1883,30.2,6.02,,91.0,0.78,-2.34,13.4,11.2,63.3,0.04,LOCKED,68.3,18.4,5,
1791387455628,28.598934,77.291208,63.0,CNG,39.98,23.1,5,1876,34.9,6.93,,91.0,0.00,-2.34,13.5,11.2,63.2,-0.00,LOCKED,68.3,19.2,5,
1791387456474,28.598934,77.291208,64.0,CNG,40.19,22.4,5,1907,34.9,6.46,,90.0,0.00,-2.34,13.5,10.2,64.0,0.38,LOCKED,68.3,19.2,5,
1791387457236,28.599085,77.291127,64.0,CNG,39.62,14.9,5,1920,34.9,6.74,,90.0,0.00,-2.34,13.3,0.0,64.4,0.42,LOCKED,68.3,19.2,5,
1791387459018,28.599367,77.290979,64.0,CNG,45.39,14.9,5,1900,39.6,4.51,,89.0,0.00,-3.13,13.3,0.0,64.2,0.07,LOCKED,68.3,22.7,5,
1791387459921,28.599512,77.290903,62.0,CNG,30.64,29.4,5,1854,39.6,12.42,,89.0,0.00,-3.13,13.3,19.8,62.5,-0.75,LOCKED,68.3,22.7,5,
1791387460686,28.599650,77.290832,62.0,CNG,24.26,29.4,5,1863,39.6,13.76,,89.0,0.00,-3.13,13.3,19.8,62.3,-0.51,LOCKED,68.3,22.7,5,
1791387462441,28.599929,77.290693,62.0,CNG,27.29,14.9,5,1868,19.2,7.53,,89.0,0.00,0.00,13.4,0.0,62.4,-0.21,LOCKED,68.3,16.1,5,
1791387463303,28.599929,77.290693,59.0,CNG,34.10,14.9,5,1753,19.2,4.27,,88.0,0.00,0.00,13.4,0.0,59.2,-1.50,LOCKED,68.3,16.1,5,
1791387464075,28.600057,77.290629,57.0,CNG,36.75,19.6,5,1711,19.2,5.55,,88.0,0.00,0.00,13.3,6.4,57.7,-1.73,LOCKED,68.3,16.1,5,
1791387465847,28.600318,77.290503,56.0,CNG,38.11,20.4,5,1674,31.4,5.65,,88.0,0.00,-2.34,13.3,7.5,56.1,-1.71,LOCKED,68.3,18.4,5,
1791387466843,28.600442,77.290446,54.0,CNG,40.93,14.9,5,1598,31.4,4.75,,88.0,0.00,-2.34,13.3,0.0,53.6,-1.51,ARMED,,18.4,5,
1791387467603,28.600562,77.290390,53.0,CNG,47.22,14.9,5,1557,31.4,3.46,,88.0,0.00,-2.34,13.3,0.0,52.3,-1.51,ARMED,,18.4,5,
1791387469381,28.600676,77.290335,50.0,CNG,53.99,14.9,5,1492,20.4,2.89,,88.0,0.00,0.00,13.5,0.0,50.4,-1.83,ARMED,,14.9,5,
1791387470243,28.600784,77.290285,46.0,CNG,31.42,25.1,5,1369,20.4,10.31,,87.0,0.00,0.00,13.5,13.9,46.1,-2.30,ARMED,,14.9,5,
1791387471008,28.600888,77.290234,45.0,CNG,27.68,24.3,5,1339,20.4,7.97,,87.0,0.00,0.00,13.4,12.8,44.7,-2.09,ARMED,,14.9,5,
1791387472774,28.601091,77.290135,45.0,CNG,29.71,14.9,5,1356,23.1,5.46,,87.0,-5.47,-3.13,13.4,0.0,44.7,-1.07,ARMED,,14.5,5,
1791387473720,28.601187,77.290085,43.0,CNG,28.24,22.4,5,1255,23.1,6.73,,87.0,-5.47,-3.13,13.3,10.2,42.3,-1.27,ARMED,,14.5,5,
1791387474461,28.601284,77.290036,42.0,CNG,29.23,22.4,5,1266,23.1,5.54,,87.0,-5.47,-3.13,13.3,10.2,42.1,-0.81,ARMED,,14.5,5,
1791387476219,28.601379,77.289987,42.0,CNG,29.31,14.9,5,1259,36.5,5.83,,87.0,-5.47,-3.13,13.4,0.0,42.0,-0.47,ARMED,,16.9,5,
1791387477113,28.601474,77.289941,41.0,CNG,33.51,20.0,5,1208,36.5,3.87,,87.0,-5.47,-3.13,13.4,7.0,40.7,-0.67,ARMED,,16.9,5,
1791387477932,28.601568,77.289893,41.0,CNG,36.80,14.9,5,1223,36.5,3.86,,87.0,-5.47,-3.13,13.5,0.0,40.8,-0.32,ARMED,,16.9,5,
1791387479717,28.601748,77.289810,40.0,CNG,45.61,14.9,5,1192,22.0,2.24,,88.0,0.00,0.00,13.5,0.0,40.2,-0.48,ARMED,,14.1,5,
1791387480465,28.601748,77.289810,38.0,CNG,48.40,14.9,5,1132,22.0,2.89,,88.0,0.00,0.00,13.4,0.0,38.2,-1.03,ARMED,,14.1,5,
1791387481208,28.601835,77.289768,37.0,CNG,25.92,25.9,5,1151,22.0,10.21,,88.0,0.00,0.00,13.4,15.0,38.2,-0.61,ARMED,,14.1,5,
1791387482879,28.602008,77.289682,38.0,CNG,21.24,26.3,5,1118,83.1,9.33,,88.0,-1.56,-1.56,13.4,15.5,37.6,-0.64,ARMED,,22.7,4,
1791387483616,28.602100,77.289634,40.0,CNG,32.03,21.2,5,1190,83.1,1.37,,88.0,-1.56,-1.56,13.4,8.6,39.5,0.75,ARMED,,22.7,4,
1791387484382,28.602100,77.289634,40.0,CNG,28.56,21.6,5,1201,83.1,6.63,,88.0,-1.56,-1.56,13.3,9.1,40.2,0.80,ARMED,,22.7,4,
1791387486131,28.602282,77.289542,40.0,CNG,25.99,22.4,5,1202,57.3,7.13,,89.0,0.00,-1.56,13.4,10.2,40.5,0.62,ARMED,,19.2,5,
1791387486974,28.602375,77.289495,41.0,CNG,26.44,21.2,5,1234,57.3,6.18,,89.0,0.00,-1.56,13.5,8.6,41.4,0.56,ARMED,,19.2,5,
1791387487884,28.602467,77.289447,42.0,CNG,29.09,21.6,5,1232,57.3,5.05,,89.0,0.00,-1.56,13.5,9.1,41.5,0.33,ARMED,,19.2,5,
1791387489543,28.602657,77.289348,42.0,CNG,30.07,21.6,5,1239,43.9,5.43,,89.0,-1.56,-2.34,13.5,9.1,41.6,0.30,ARMED,,18.4,5,
1791387490431,28.602657,77.289348,43.0,CNG,29.04,22.7,5,1269,43.9,6.35,,90.0,-1.56,-2.34,13.5,10.7,42.6,0.48,ARMED,,18.4,5,
1791387491222,28.602754,77.289299,43.0,CNG,28.45,22.7,5,1285,43.9,6.36,,90.0,-1.56,-2.34,13.4,10.7,43.1,0.52,ARMED,,18.4,5,
1791387493027,28.602951,77.289200,44.0,CNG,29.03,22.7,5,1307,47.1,6.01,,90.0,-0.78,-2.34,13.4,10.7,43.8,0.58,ARMED,,18.8,5,
1791387493933,28.603052,77.289148,45.0,CNG,27.63,24.3,5,1352,47.1,7.12,,90.0,-0.78,-2.34,13.5,12.8,45.3,0.81,ARMED,,18.8,5,
1791387494748,28.603157,77.289096,46.0,CNG,25.59,24.3,5,1363,47.1,8.12,,90.0,-0.78,-2.34,13.5,12.8,45.8,0.78,ARMED,,18.8,5,
1791387496500,28.603373,77.288990,47.0,CNG,24.97,24.3,5,1389,50.6,7.96,,90.0,0.78,-1.56,13.5,12.8,46.6,0.79,ARMED,,19.6,5,
1791387497342,28.603373,77.288990,48.0,CNG,25.68,24.3,5,1437,50.6,7.33,,90.0,0.78,-1.56,13.5,12.8,48.2,0.84,ARMED,,19.6,5,
1791387498168,28.603483,77.288935,49.0,CNG,26.20,24.3,5,1459,50.6,7.42,,90.0,0.78,-1.56,13.5,12.8,48.9,0.86,ARMED,,19.6,5,
1791387499862,28.603710,77.288819,50.0,CNG,26.05,14.9,5,1478,34.1,7.91,,90.0,-2.34,-3.13,13.5,0.0,49.7,0.85,ARMED,,19.2,5,
1791387500747,28.603820,77.288763,50.0,CNG,26.60,23.9,5,1495,34.1,7.45,,90.0,-2.34,-3.13,13.4,12.3,50.3,0.47,ARMED,,19.2,5,
1791387501509,28.603936,77.288701,51.0,CNG,25.46,23.5,5,1516,34.1,8.69,,90.0,-2.34,-3.13,13.4,11.8,50.8,0.52,ARMED,,19.2,5,
1791387503370,28.604053,77.288641,52.0,CNG,25.42,23.5,5,1525,29.0,8.38,,90.0,0.78,-1.56,13.4,11.8,51.3,0.51,ARMED,,17.6,5,
1791387504242,28.604172,77.288581,53.0,CNG,27.19,22.0,5,1568,29.0,7.17,,90.0,0.78,-1.56,13.4,9.6,52.7,0.72,ARMED,,17.6,5,
1791387505039,28.604292,77.288519,53.0,CNG,30.57,21.2,5,1582,29.0,5.80,,90.0,0.78,-1.56,13.3,8.6,53.2,0.71,ARMED,,17.6,5,
1791387506827,28.604536,77.288395,54.0,CNG,31.98,21.2,5,1587,35.7,6.44,,90.0,-0.78,-2.34,13.3,8.6,53.5,0.54,ARMED,,18.4,5,
1791387507707,28.604660,77.288332,55.0,CNG,36.51,21.2,5,1644,35.7,4.90,,90.0,-0.78,-2.34,13.4,8.6,55.2,0.85,ARMED,,18.4,5,
1791387508439,28.604786,77.288268,56.0,CNG,39.90,21.2,5,1642,35.7,4.97,,90.0,-0.78,-2.34,13.4,8.6,55.5,0.65,ARMED,,18.4,5,
1791387510267,28.604916,77.288200,57.0,CNG,41.65,21.2,5,1696,25.5,5.24,,90.0,0.78,-3.13,13.5,8.6,56.7,1.03,ARMED,,16.9,5,
1791387511176,28.605048,77.288133,59.0,CNG,45.99,20.4,5,1747,25.5,4.47,,90.0,0.78,-3.13,13.5,7.5,58.8,1.07,ARMED,,16.9,5,
1791387512026,28.605177,77.288067,59.0,CNG,49.18,20.4,5,1796,25.5,4.41,,90.0,0.78,-3.13,13.4,7.5,60.1,1.32,ARMED,,16.9,5,
1791387513784,28.605456,77.287930,60.0,CNG,54.69,20.0,5,1795,19.2,3.76,,89.0,-1.56,-3.91,13.4,7.0,60.6,0.93,ARMED,,16.1,5,
1791387514679,28.605596,77.287860,61.0,CNG,55.53,23.9,5,1827,19.2,4.39,,89.0,-1.56,-3.91,13.3,12.3,61.4,0.56,ARMED,,16.1,5,
1791387515444,28.605738,77.287789,62.0,CNG,42.44,23.9,5,1860,19.2,8.00,,89.0,-1.56,-3.91,13.3,12.3,62.2,0.76,ARMED,,16.1,5,
1791387517194,28.605883,77.287718,64.0,CNG,40.06,23.5,5,1896,34.9,7.05,,89.0,0.00,-2.34,13.2,11.8,63.4,1.05,ARMED,,19.2,5,
1791387518062,28.606033,77.287646,66.0,CNG,37.89,23.5,5,1953,34.9,7.66,,88.0,0.00,-2.34,13.2,11.8,65.6,1.13,ARMED,,19.2,5,
1791387518838,28.606184,77.287569,67.0,CNG,38.43,20.4,5,1989,34.9,6.98,,88.0,0.00,-2.34,13.4,7.5,66.7,1.20,ARMED,,19.2,5,
1791387520683,28.606488,77.287411,67.0,CNG,47.03,14.9,5,2001,19.2,3.93,,88.0,0.00,0.00,13.5,0.0,67.4,1.02,ARMED,,16.5,5,
1791387521646,28.606638,77.287330,66.0,CNG,51.24,14.9,5,1976,19.2,4.56,,88.0,0.00,0.00,13.3,0.0,66.6,-0.17,ARMED,,16.5,5,
1791387522431,28.606772,77.287258,63.0,CNG,57.35,14.9,5,1893,19.2,3.65,,88.0,0.00,0.00,13.3,0.0,64.6,-1.25,ARMED,,16.5,5,
1791387524158,28.606911,77.287187,60.0,CNG,61.15,14.9,5,1787,19.6,3.58,,88.0,0.00,0.00,13.4,0.0,61.2,-2.58,ARMED,,15.7,5,
1791387525035,28.607043,77.287120,58.0,CNG,63.31,14.9,5,1710,19.6,3.53,,87.0,0.00,0.00,13.4,0.0,57.4,-2.28,ARMED,,15.7,5,
1791387525844,28.607171,77.287053,56.0,CNG,61.09,14.9,5,1682,19.6,3.96,,87.0,0.00,0.00,13.4,0.0,56.1,-1.97,ARMED,,15.7,5,
1791387527566,28.607417,77.286930,55.0,CNG,48.66,20.4,5,1642,23.5,6.13,,87.0,0.78,-3.13,13.4,7.5,54.9,-1.67,ARMED,,16.5,5,
1791387528443,28.607417,77.286930,55.0,CNG,46.24,22.4,5,1649,23.5,5.24,,87.0,0.78,-3.13,13.6,10.2,54.9,-0.31,ARMED,,16.5,5,
1791387529183,28.607546,77.286867,55.0,CNG,41.11,23.1,5,1628,23.5,6.40,,87.0,0.78,-3.13,13.6,11.2,54.7,-0.33,ARMED,,16.5,5,
1791387531015,28.607796,77.286746,56.0,CNG,35.18,24.7,5,1645,45.5,7.91,,87.0,-1.56,-1.56,13.5,13.4,55.0,0.02,ARMED,,15.7,5,
1791387531879,28.607926,77.286678,56.0,CNG,32.36,25.1,5,1672,45.5,7.92,,87.0,-1.56,-1.56,13.5,13.9,56.0,0.48,ARMED,,15.7,5,
1791387532618,28.608054,77.286612,57.0,CNG,29.06,25.1,5,1680,45.5,9.22,,87.0,-1.56,-1.56,13.3,13.9,56.4,0.49,ARMED,,15.7,5,
1791387534380,28.608181,77.286545,57.0,CNG,37.23,14.9,5,1705,43.5,3.65,,88.0,0.00,-2.34,13.3,0.0,57.1,0.65,ARMED,,19.6,5,
1791387535266,28.608305,77.286477,57.0,CNG,44.74,14.9,5,1707,43.5,3.64,,88.0,0.00,-2.34,13.5,0.0,57.4,0.26,ARMED,,19.6,5,
1791387536043,28.608430,77.286406,54.0,CNG,48.08,14.9,5,1627,43.5,4.05,,88.0,0.00,-2.34,13.5,0.0,55.7,-0.84,ARMED,,19.6,5,
1791387537826,28.608668,77.286266,53.0,CNG,52.94,14.9,5,1577,19.6,3.44,,88.0,0.00,0.00,13.4,0.0,53.6,-1.62,ARMED,,15.3,5,
1791387538706,28.608768,77.286204,47.0,CNG,53.85,14.9,5,1423,19.6,3.46,,89.0,0.00,0.00,13.4,0.0,48.0,-2.86,ARMED,,15.3,5,
1791387539463,28.608768,77.286204,40.0,CNG,53.59,14.9,5,1225,19.6,3.08,,89.0,0.00,0.00,13.5,0.0,42.9,-4.59,ARMED,,15.3,5,
1791387541110,28.608934,77.286098,36.0,CNG,53.17,14.9,5,1072,22.0,2.81,,89.0,0.00,-1.56,13.5,0.0,37.2,-5.88,ARMED,,18.4,5,
1791387541862,28.609007,77.286052,34.0,CNG,30.37,25.5,4,1265,22.0,8.26,,89.0,0.00,-1.56,13.4,14.4,34.0,0.00,ARMED,,18.4,4,
1791387542611,28.609081,77.286004,36.0,CNG,19.36,32.2,4,1383,22.0,12.09,,89.0,0.00,-1.56,13.4,23.5,35.2,0.72,ARMED,,18.4,3,
1791387544235,28.609162,77.285951,37.0,CNG,15.05,14.9,4,1434,83.5,13.49,,89.0,0.00,-3.13,13.5,0.0,36.5,1.15,ARMED,,24.7,3,
1791387544950,28.609244,77.285895,38.0,CNG,15.03,28.2,5,1135,83.5,10.35,,90.0,0.00,-3.13,13.5,18.2,38.0,0.00,ARMED,,24.7,4,
1791387545702,28.609327,77.285840,39.0,CNG,21.18,25.1,5,1154,83.5,3.06,,90.0,0.00,-3.13,13.2,13.9,38.6,0.35,ARMED,,24.7,4,
1791387547339,28.609407,77.285783,39.0,CNG,22.65,25.1,5,1161,76.5,6.32,,90.0,3.91,-1.56,13.2,13.9,39.0,0.37,ARMED,,22.4,4,
1791387548136,28.609496,77.285724,41.0,CNG,19.34,25.9,5,1211,76.5,10.45,,90.0,3.91,-1.56,13.3,15.0,40.8,0.97,ARMED,,22.4,4,
1791387548974,28.609583,77.285660,42.0,CNG,18.34,25.9,5,1248,76.5,10.04,,91.0,3.91,-1.56,13.3,15.0,42.1,1.19,ARMED,,22.4,4,
1791387550639,28.609756,77.285535,42.0,CNG,26.25,14.9,5,1259,21.2,2.46,,91.0,0.00,0.00,13.5,0.0,42.7,1.12,ARMED,,14.5,5,
1791387551520,28.609756,77.285535,41.0,CNG,33.22,14.9,5,1230,21.2,3.03,,91.0,0.00,0.00,13.5,0.0,41.9,-0.16,ARMED,,14.5,5,
1791387552295,28.609845,77.285474,41.0,CNG,34.29,21.2,5,1190,21.2,4.65,,91.0,0.00,0.00,13.3,8.6,40.8,-0.71,ARMED,,14.5,5,
1791387554148,28.610017,77.285348,41.0,CNG,38.47,14.9,5,1225,22.7,3.56,,91.0,-7.81,-3.91,13.5,0.0,41.0,-0.26,ARMED,,14.5,5,
1791387555000,28.610104,77.285287,41.0,CNG,32.09,23.9,5,1245,22.7,6.52,,91.0,-7.81,-3.91,13.5,12.3,41.8,0.31,ARMED,,14.5,5,
1791387555800,28.610194,77.285223,41.0,CNG,44.22,21.6,5,1231,22.7,1.64,,91.0,-7.81,-3.91,13.5,9.1,41.7,0.09,ARMED,,14.5,5,
1791387557508,28.610364,77.285099,41.0,CNG,46.89,14.9,5,1217,44.7,3.25,,91.0,-5.47,-3.91,13.4,0.0,41.2,-0.20,ARMED,,18.0,5,
1791387558334,28.610364,77.285099,41.0,CNG,36.46,22.4,5,1225,44.7,6.13,,91.0,-5.47,-3.91,13.4,10.2,41.2,-0.14,ARMED,,18.0,5,
1791387559124,28.610452,77.285038,42.0,CNG,33.32,22.4,5,1238,44.7,5.80,,91.0,-5.47,-3.91,13.4,10.2,41.4,0.08,ARMED,,18.0,5,
1791387560933,28.610628,77.284911,42.0,CNG,32.71,22.4,5,1256,44.3,5.39,,90.0,-0.78,-2.34,13.4,10.2,42.0,0.37,ARMED,,18.0,5,
1791387561841,28.610716,77.284848,43.0,CNG,32.67,21.6,5,1267,44.3,5.39,,90.0,-0.78,-2.34,13.4,9.1,42.7,0.37,ARMED,,18.0,5,
1791387562590,28.610805,77.284782,43.0,CNG,32.69,21.6,5,1264,44.3,5.37,,90.0,-0.78,-2.34,13.4,9.1,42.7,0.30,ARMED,,18.0,5,
1791387564392,28.610897,77.284715,43.0,CNG,42.90,23.9,5,1277,52.9,2.20,,90.0,1.56,-2.34,13.3,12.3,43.0,0.31,ARMED,,15.7,5,
1791387565322,28.610983,77.284651,43.0,CNG,46.93,14.9,5,1261,52.9,3.22,,90.0,1.56,-2.34,13.3,0.0,42.7,-0.10,ARMED,,15.7,5,
1791387566079,28.611072,77.284585,42.0,CNG,41.85,23.9,5,1260,52.9,4.78,,90.0,1.56,-2.34,13.4,12.3,42.5,-0.12,ARMED,,15.7,5,
1791387567873,28.611250,77.284456,42.0,CNG,29.96,23.9,5,1245,64.3,8.20,,90.0,-0.78,-1.56,13.4,12.3,42.1,-0.28,ARMED,,20.8,4,
1791387568788,28.611341,77.284390,44.0,CNG,41.29,22.0,5,1294,64.3,1.98,,90.0,-0.78,-1.56,13.3,9.6,43.4,0.54,ARMED,,20.8,4,
1791387569542,28.611433,77.284322,44.0,CNG,34.90,22.4,5,1310,64.3,6.32,,90.0,-0.78,-1.56,13.3,10.2,44.1,0.60,ARMED,,20.8,4,
1791387571303,28.611526,77.284254,44.0,CNG,33.02,22.4,5,1311,42.0,5.88,,90.0,-2.34,-3.13,13.3,10.2,44.3,0.54,ARMED,,18.0,5,
1791387572266,28.611620,77.284187,45.0,CNG,41.72,16.1,5,1334,42.0,2.72,,90.0,-2.34,-3.13,13.3,1.6,45.0,0.46,ARMED,,18.0,5,
1791387573012,28.611715,77.284118,44.0,CNG,46.07,15.7,5,1326,42.0,3.29,,90.0,-2.34,-3.13,13.5,1.1,45.0,0.22,ARMED,,18.0,5,
1791387574754,28.611895,77.283988,44.0,CNG,52.11,14.9,5,1302,27.1,2.77,,90.0,0.00,-3.91,13.5,0.0,44.3,-0.26,ARMED,,15.7,5,
1791387575649,28.611983,77.283924,43.0,CNG,48.98,20.4,5,1270,27.1,3.92,,90.0,0.00,-3.91,13.3,7.5,42.9,-0.67,ARMED,,15.7,5,
1791387576427,28.611983,77.283924,43.0,CNG,47.05,20.0,5,1268,27.1,3.96,,90.0,0.00,-3.91,13.3,7.0,42.7,-0.61,ARMED,,15.7,5,
1791387578251,28.612164,77.283791,43.0,CNG,54.11,14.9,5,1276,21.6,2.51,,90.0,0.00,0.00,13.5,0.0,42.8,-0.23,ARMED,,14.5,5,
1791387579157,28.612250,77.283728,41.0,CNG,60.18,14.9,5,1237,21.6,2.29,,89.0,0.00,0.00,13.5,0.0,41.7,-0.51,ARMED,,14.5,5,
1791387579939,28.612338,77.283665,40.0,CNG,57.53,14.9,5,1186,21.6,3.04,,89.0,0.00,0.00,13.5,0.0,40.5,-1.01,ARMED,,14.5,5,
1791387581565,28.612491,77.283552,38.0,CNG,54.98,14.9,5,1145,22.4,3.03,,89.0,0.00,0.00,13.5,0.0,39.0,-1.42,ARMED,,13.7,5,
1791387582394,28.612491,77.283552,35.0,CNG,58.03,14.9,5,938,22.4,2.23,,89.0,0.00,0.00,13.3,0.0,32.5,-3.32,ARMED,,13.7,5,
1791387583192,28.612558,77.283494,33.0,CNG,73.79,14.9,,746,22.4,0.97,,88.0,0.00,0.00,13.3,0.0,33.0,0.00,ARMED,,13.7,,
1791387584866,28.612662,77.283350,33.0,CNG,79.35,14.9,,677,29.0,1.49,,88.0,-1.56,-1.56,13.3,0.0,33.0,0.00,ARMED,,12.2,,
1791387585628,28.612693,77.283262,33.0,CNG,76.05,18.0,,718,29.0,1.89,,88.0,-1.56,-1.56,13.3,4.3,33.0,0.00,ARMED,,12.2,,
1791387586445,28.612693,77.283262,33.0,CNG,45.56,20.4,4,1267,29.0,4.80,,88.0,-1.56,-1.56,13.3,7.5,33.0,0.00,ARMED,,12.2,4,
1791387588202,28.612714,77.283075,33.0,CNG,37.05,20.4,4,1282,30.2,4.68,,88.0,-1.56,-2.34,13.4,7.5,33.0,0.00,ARMED,,15.3,4,
1791387589035,28.612710,77.282984,33.0,CNG,40.94,14.9,4,1293,30.2,2.77,,88.0,-1.56,-2.34,13.4,0.0,33.0,0.00,ARMED,,15.3,4,
1791387589839,28.612696,77.282893,32.0,CNG,30.39,23.9,4,1274,30.2,6.03,,88.0,-1.56,-2.34,13.4,12.3,32.7,-0.19,ARMED,,15.3,4,
1791387591466,28.612668,77.282804,33.0,CNG,19.88,27.1,4,1279,81.6,10.28,,88.0,2.34,-1.56,13.4,16.6,32.6,-0.17,ARMED,,25.5,3,
1791387592224,28.612627,77.282722,36.0,CNG,16.83,31.4,4,1376,81.6,10.57,,88.0,2.34,-1.56,13.4,22.5,34.9,1.02,ARMED,,25.5,3,
1791387593077,28.612567,77.282644,37.0,CNG,15.10,31.4,4,1419,81.6,11.44,,88.0,2.34,-1.56,13.3,22.5,36.1,1.27,ARMED,,25.5,3,
1791387594670,28.612423,77.282507,38.0,CNG,14.09,26.3,4,1486,42.0,12.05,,88.0,0.00,0.00,13.3,15.5,37.7,1.63,ARMED,,19.6,3,
1791387595425,28.612423,77.282507,39.0,CNG,16.83,24.3,5,1153,42.0,6.90,,88.0,0.00,0.00,13.4,12.8,39.0,0.00,ARMED,,19.6,5,
1791387596151,28.612343,77.282434,40.0,CNG,18.64,24.3,5,1190,42.0,7.44,,88.0,0.00,0.00,13.4,12.8,39.6,0.36,ARMED,,19.6,5,
1791387597798,28.612187,77.282296,40.0,CNG,20.65,24.3,5,1206,56.5,6.69,,88.0,-0.78,-2.34,13.4,12.8,39.9,0.38,ARMED,,19.2,5,
1791387598545,28.612102,77.282225,42.0,CNG,22.12,23.1,5,1253,56.5,6.99,,88.0,-0.78,-2.34,13.4,11.2,41.8,0.96,ARMED,,19.2,5,
1791387599454,28.612102,77.282225,43.0,CNG,24.63,14.9,5,1275,56.5,6.00,,88.0,-0.78,-2.34,13.3,0.0,42.7,0.98,ARMED,,19.2,5,
1791387601130,28.611931,77.282072,43.0,CNG,26.59,24.7,5,1290,51.8,5.85,,89.0,0.00,-2.34,13.3,13.4,43.3,0.93,ARMED,,18.8,5,
1791387602001,28.611847,77.281997,44.0,CNG,28.97,22.0,5,1312,51.8,5.41,,89.0,0.00,-2.34,13.2,9.6,44.1,0.54,ARMED,,18.8,5,
1791387602778,28.611761,77.281919,45.0,CNG,31.86,21.2,5,1321,51.8,4.95,,89.0,0.00,-2.34,13.2,8.6,44.4,0.50,ARMED,,18.8,5,
1791387604582,28.611586,77.281760,45.0,CNG,34.18,21.2,5,1321,32.5,4.81,,89.0,1.56,-3.91,13.3,8.6,44.5,0.31,ARMED,,16.5,5,
1791387605464,28.611586,77.281760,45.0,CNG,39.91,20.0,5,1344,32.5,3.47,,89.0,1.56,-3.91,13.3,7.0,45.1,0.32,ARMED,,16.5,5,
1791387606289,28.611497,77.281682,45.0,CNG,37.24,20.8,5,1338,32.5,5.43,,89.0,1.56,-3.91,13.2,8.0,45.1,0.16,ARMED,,16.5,5,
1791387608060,28.611322,77.281527,45.0,CNG,36.49,21.2,5,1339,41.2,5.19,,89.0,-0.78,-3.13,13.2,8.6,45.0,0.10,ARMED,,18.0,5,
1791387608922,28.611231,77.281448,45.0,CNG,33.56,21.2,5,1344,41.2,6.14,,89.0,-0.78,-3.13,13.3,8.6,45.1,0.08,ARMED,,18.0,5,
1791387609673,28.611140,77.281367,45.0,CNG,32.72,21.2,5,1352,41.2,5.83,,89.0,-0.78,-3.13,13.3,8.6,45.3,0.12,ARMED,,18.0,5,
1791387611492,28.610962,77.281205,45.0,CNG,32.61,22.7,5,1357,70.6,5.67,,89.0,2.34,-1.56,13.2,10.7,45.5,0.13,ARMED,,24.3,4,
1791387612410,28.610962,77.281205,47.0,CNG,22.33,28.6,5,1399,70.6,12.49,,88.0,2.34,-1.56,13.2,18.7,46.8,0.61,ARMED,,24.3,4,
1791387613167,28.610870,77.281122,48.0,CNG,20.31,28.6,5,1439,70.6,10.91,,88.0,2.34,-1.56,13.4,18.7,47.9,0.96,ARMED,,24.3,4,
1791387614944,28.610681,77.280953,50.0,CNG,19.97,27.8,5,1480,62.4,10.47,,89.0,0.00,-1.56,13.4,17.7,49.3,1.32,ARMED,,21.2,4,
1791387615816,28.610582,77.280862,52.0,CNG,20.08,27.5,5,1547,62.4,10.50,,89.0,0.00,-1.56,13.5,17.1,51.9,1.37,ARMED,,21.2,5,
1791387616546,28.610478,77.280768,53.0,CNG,25.37,21.6,5,1576,62.4,5.38,,89.0,0.00,-1.56,13.5,9.1,52.9,1.37,ARMED,,21.2,5,
1791387618798,28.610276,77.280580,53.0,CNG,27.44,24.7,5,1570,45.1,6.97,,89.0,-1.56,-2.34,13.4,13.4,53.2,0.76,ARMED,,19.6,5,
1791387619969,28.610168,77.280480,54.0,CNG,28.13,24.3,5,1603,45.1,7.56,,89.0,-1.56,-2.34,13.4,12.8,53.9,0.36,ARMED,,19.6,5,
1791387621109,28.610063,77.280381,55.0,CNG,36.11,26.3,5,1630,45.1,3.69,,89.0,-1.56,-2.34,13.5,15.5,54.7,0.55,ARMED,,19.6,5,
1791387623682,28.609743,77.280084,55.0,CNG,28.82,26.3,5,1636,51.0,10.10,,89.0,0.00,-1.56,13.5,15.5,55.1,0.48,ARMED,,20.4,5,
1791387624709,28.609632,77.279983,57.0,CNG,27.01,25.5,5,1702,51.0,9.40,,89.0,0.00,-1.56,13.5,14.4,57.1,0.81,ARMED,,20.4,5,
1791387625858,28.609519,77.279878,58.0,CNG,26.06,25.5,5,1736,51.0,9.55,,88.0,0.00,-1.56,13.5,14.4,58.2,0.85,ARMED,,20.4,5,
1791387627809,28.609294,77.279668,59.0,CNG,30.75,23.5,5,1747,42.7,5.82,,88.0,-0.78,-2.34,13.5,11.8,58.8,0.65,ARMED,,20.0,5,
1791387628685,28.609181,77.279563,59.0,CNG,28.97,23.9,5,1746,42.7,9.03,,88.0,-0.78,-2.34,13.5,12.3,58.8,0.14,ARMED,,20.0,5,
1791387629433,28.609068,77.279457,59.0,CNG,27.37,23.9,5,1753,42.7,9.53,,88.0,-0.78,-2.34,13.3,12.3,58.9,0.14,ARMED,,20.0,5,
1791387631160,28.608955,77.279348,59.0,CNG,27.06,23.9,5,1771,40.8,9.06,,88.0,0.00,-1.56,13.3,12.3,59.3,0.31,ARMED,,17.3,5,
1791387632143,28.608847,77.279240,59.0,CNG,27.43,22.7,5,1766,40.8,8.61,,88.0,0.00,-1.56,13.5,10.7,59.4,0.07,LOCKED,59.4,17.3,5,
1791387632944,28.608735,77.279124,59.0,CNG,28.48,22.7,5,1779,40.8,7.98,,88.0,0.00,-1.56,13.5,10.7,59.6,0.12,LOCKED,59.4,17.3,5,
1791387634700,28.608527,77.278891,60.0,CNG,28.43,14.9,5,1780,31.4,8.65,,88.0,-0.78,-3.13,13.3,0.0,59.7,0.13,LOCKED,59.4,18.4,5,
1791387635607,28.608419,77.278767,60.0,CNG,30.94,22.4,5,1773,31.4,6.89,,88.0,-0.78,-3.13,13.3,10.2,59.6,-0.03,LOCKED,59.4,18.4,5,
1791387636374,28.608419,77.278767,60.0,CNG,32.70,22.4,5,1784,31.4,6.86,,88.0,-0.78,-3.13,13.5,10.2,59.8,0.03,LOCKED,59.4,18.4,5,
1791387638244,28.608215,77.278526,60.0,CNG,34.28,22.7,5,1776,32.5,6.64,,88.0,0.00,-3.13,13.5,10.7,59.7,0.01,LOCKED,59.4,18.8,5,
1791387639095,28.608113,77.278401,61.0,CNG,36.28,22.7,5,1807,32.5,6.28,,88.0,0.00,-3.13,13.5,10.7,60.7,0.42,LOCKED,59.4,18.8,5,
1791387639908,28.608010,77.278273,61.0,CNG,35.93,22.7,5,1816,32.5,7.04,,88.0,0.00,-3.13,13.5,10.7,61.0,0.43,LOCKED,59.4,18.8,5,
1791387641768,28.607811,77.278015,61.0,CNG,35.86,22.7,5,1802,34.1,6.97,,88.0,0.00,-3.13,13.5,10.7,60.9,0.11,LOCKED,59.4,17.6,5,
1791387642690,28.607715,77.277883,61.0,CNG,36.03,22.7,5,1827,34.1,6.87,,87.0,0.00,-3.13,13.5,10.7,61.4,0.17,LOCKED,59.4,17.6,5,
1791387643473,28.607618,77.277746,61.0,CNG,37.15,22.7,5,1812,34.1,6.40,,87.0,0.00,-3.13,13.3,10.7,61.1,-0.04,LOCKED,59.4,17.6,5,
1791387645256,28.607525,77.277609,61.0,CNG,38.01,22.7,5,1814,33.3,6.33,,87.0,0.00,-3.13,13.3,10.7,61.0,-0.07,LOCKED,59.4,18.8,5,
1791387646125,28.607434,77.277470,62.0,CNG,38.90,22.7,5,1837,33.3,6.29,,87.0,0.00,-3.13,13.5,10.7,61.7,0.29,LOCKED,59.4,18.8,5,
1791387646880,28.607346,77.277335,62.0,CNG,37.70,22.7,5,1842,33.3,7.03,,87.0,0.00,-3.13,13.5,10.7,61.9,0.30,LOCKED,59.4,18.8,5,
1791387648679,28.607166,77.277043,62.0,CNG,35.46,23.5,5,1843,36.5,7.78,,87.0,0.00,-2.34,13.3,11.8,62.0,0.26,LOCKED,59.4,19.2,5,
1791387649549,28.607082,77.276903,62.0,CNG,35.75,14.9,5,1852,36.5,7.00,,88.0,0.00,-2.34,13.3,0.0,62.3,0.21,LOCKED,59.4,19.2,5,
1791387650305,28.607082,77.276903,62.0,CNG,36.20,22.0,5,1855,36.5,6.87,,88.0,0.00,-2.34,13.4,9.6,62.4,0.19,LOCKED,59.4,19.2,5,
1791387652007,28.606911,77.276603,62.0,CNG,33.36,22.7,5,1848,44.3,8.49,,88.0,0.78,-2.34,13.4,10.7,62.2,0.02,LOCKED,59.4,20.4,5,
1791387652869,28.606831,77.276453,63.0,CNG,31.68,23.5,5,1866,44.3,8.73,,88.0,0.78,-2.34,13.4,11.8,62.7,0.21,LOCKED,59.4,20.4,5,
1791387653614,28.606752,77.276306,63.0,CNG,37.20,24.3,5,1862,44.3,5.13,,88.0,0.78,-2.34,13.4,12.8,62.7,0.17,LOCKED,59.4,20.4,5,
1791387655411,28.606599,77.275996,63.0,CNG,33.01,23.9,5,1872,40.4,9.11,,88.0,-1.56,-2.34,13.4,12.3,62.9,0.19,LOCKED,59.4,19.6,5,
1791387656291,28.606599,77.275996,63.0,CNG,41.53,14.9,5,1883,40.4,3.81,,89.0,-1.56,-2.34,13.4,0.0,63.3,0.19,LOCKED,59.4,19.6,5,
1791387657099,28.606526,77.275840,63.0,CNG,46.48,14.9,5,1864,40.4,4.55,,89.0,-1.56,-2.34,13.4,0.0,63.0,-0.08,LOCKED,59.4,19.6,5,
1791387658982,28.606383,77.275534,62.0,CNG,52.01,14.9,5,1829,22.4,3.99,,89.0,0.00,0.00,13.1,0.0,62.0,-0.61,LOCKED,59.4,12.9,5,
1791387659962,28.606313,77.275385,58.0,CNG,68.77,14.9,,775,22.4,1.65,,89.0,0.00,0.00,13.4,0.0,58.0,0.00,PAUSED,59.4,12.9,,
1791387660701,28.606247,77.275242,57.0,CNG,85.57,14.9,,703,22.4,1.66,,89.0,0.00,0.00,13.4,0.0,57.0,0.00,PAUSED,59.4,12.9,,
1791387662521,28.606125,77.274973,55.0,CNG,112.97,14.9,,647,27.1,0.96,,89.0,-7.03,-1.56,13.5,0.0,55.0,0.00,PAUSED,59.4,12.2,,
1791387663367,28.606125,77.274973,52.0,CNG,159.57,14.9,,683,27.1,0.42,,90.0,-7.03,-1.56,13.5,0.0,52.0,0.00,PAUSED,59.4,12.2,,
1791387664110,28.606067,77.274844,49.0,CNG,132.04,14.9,,678,27.1,1.96,,90.0,-7.03,-1.56,13.3,0.0,49.0,0.00,PAUSED,59.4,12.2,,
1791387665791,28.605966,77.274616,46.0,CNG,121.79,14.9,,675,24.7,1.75,,90.0,-14.06,-1.56,13.3,0.0,46.0,0.00,ARMED,,11.8,,
1791387666682,28.605921,77.274514,41.0,CNG,147.81,14.9,,691,24.7,0.69,,90.0,-14.06,-1.56,13.3,0.0,41.0,0.00,ARMED,,11.8,,
1791387667426,28.605921,77.274514,38.0,CNG,152.45,14.9,,686,24.7,0.96,,90.0,-14.06,-1.56,13.3,0.0,38.0,0.00,ARMED,,11.8,,
1791387669115,28.605846,77.274333,34.0,CNG,205.41,14.9,,675,24.3,0.23,,90.0,-9.38,-1.56,13.3,0.0,34.0,0.00,ARMED,,12.2,,
1791387669848,28.605817,77.274252,30.0,CNG,116.90,14.9,,645,24.3,1.94,,90.0,-9.38,-1.56,13.3,0.0,30.0,0.00,ARMED,,12.2,,
1791387670679,28.605805,77.274172,29.0,CNG,118.29,14.9,,682,24.3,0.98,,90.0,-9.38,-1.56,13.3,0.0,29.0,0.00,ARMED,,12.2,,
1791387672325,28.605812,77.274095,28.0,CNG,86.54,14.9,,686,33.7,1.95,,90.0,-10.16,-1.56,13.3,0.0,28.0,0.00,ARMED,,14.1,,
1791387673105,28.605840,77.274017,29.0,CNG,65.02,14.9,,770,33.7,2.55,,90.0,-10.16,-1.56,13.3,0.0,29.0,0.00,ARMED,,14.1,,
1791387673836,28.605886,77.273954,29.0,CNG,23.44,24.7,5,781,33.7,10.11,,90.0,-10.16,-1.56,13.3,13.4,29.0,0.00,ARMED,,14.1,5,
1791387675506,28.605946,77.273905,29.0,CNG,17.00,24.3,3,1476,51.8,9.91,,90.0,-1.56,-1.56,13.3,12.8,29.0,0.00,ARMED,,15.3,3,
1791387676258,28.606013,77.273867,30.0,CNG,21.09,14.9,4,1155,51.8,3.76,,90.0,-1.56,-1.56,13.3,0.0,30.0,0.00,ARMED,,15.3,4,
1791387677035,28.606085,77.273837,30.0,CNG,26.44,14.9,4,1123,51.8,2.89,,90.0,-1.56,-1.56,13.1,0.0,30.0,0.00,ARMED,,15.3,4,
1791387678649,28.606234,77.273819,29.0,CNG,29.28,14.9,4,1133,23.9,3.38,,89.0,-0.78,-2.34,13.1,0.0,29.4,-0.36,ARMED,,13.7,4,
1791387679504,28.606234,77.273819,26.0,CNG,20.82,27.1,4,1017,23.9,7.61,,89.0,-0.78,-2.34,13.3,16.6,26.4,-1.50,ARMED,,13.7,3,
1791387680237,28.606274,77.273853,26.0,CNG,15.98,27.5,4,1022,23.9,9.16,,89.0,-0.78,-2.34,13.3,17.1,25.8,-1.15,ARMED,,13.7,3,
1791387681981,28.606362,77.273973,28.0,CNG,15.31,27.5,4,1065,80.0,7.93,,89.0,0.00,-2.34,13.4,17.1,26.4,-0.29,ARMED,,22.7,3,
1791387682786,28.606407,77.274046,31.0,CNG,14.39,28.2,4,1212,80.0,9.51,,89.0,0.00,-2.34,13.4,18.2,30.5,1.81,ARMED,,22.7,3,
1791387683567,28.606452,77.274125,33.0,CNG,14.40,28.2,4,1278,80.0,9.36,,89.0,0.00,-2.34,13.4,18.2,32.4,2.14,ARMED,,22.7,3,
1791387685164,28.606499,77.274210,35.0,CNG,14.22,29.4,4,1348,70.6,10.22,,90.0,0.00,-1.56,13.4,19.8,34.4,2.32,ARMED,,22.4,3,
1791387685929,28.606545,77.274300,38.0,CNG,20.43,14.9,4,1478,70.6,3.37,,90.0,0.00,-1.56,13.5,0.0,38.0,2.29,ARMED,,22.4,3,
1791387686689,28.606588,77.274396,38.0,CNG,20.03,26.3,,1001,70.6,7.96,,89.0,0.00,-1.56,13.5,15.5,38.0,0.00,ARMED,,22.4,,
1791387688332,28.606628,77.274495,39.0,CNG,20.76,25.1,5,1159,56.1,7.29,,89.0,-0.78,-2.34,13.4,13.9,39.0,0.00,ARMED,,18.8,5,
1791387689099,28.606668,77.274604,41.0,CNG,22.22,24.3,5,1211,56.1,6.82,,90.0,-0.78,-2.34,13.4,12.8,40.7,0.82,ARMED,,18.8,5,
1791387689965,28.606708,77.274712,42.0,CNG,21.81,24.7,5,1233,56.1,8.07,,90.0,-0.78,-2.34,13.4,13.4,41.8,1.03,ARMED,,18.8,5,
1791387691760,28.606797,77.274934,43.0,CNG,21.98,24.7,5,1268,56.9,7.91,,89.0,0.78,-2.34,13.3,13.4,43.0,1.24,ARMED,,19.6,5,
1791387692669,28.606844,77.275044,45.0,CNG,29.61,23.1,5,1332,56.9,3.25,,89.0,0.78,-2.34,13.4,11.2,45.3,1.23,ARMED,,19.6,5,
1791387693464,28.606894,77.275160,45.0,CNG,26.53,23.1,5,1338,56.9,7.96,,89.0,0.78,-2.34,13.4,11.2,45.8,0.93,ARMED,,19.6,5,
1791387695206,28.606944,77.275271,46.0,CNG,24.34,23.1,5,1342,55.7,8.63,,89.0,1.56,-2.34,13.2,11.2,45.9,0.57,ARMED,,20.0,5,
1791387696069,28.606996,77.275386,46.0,CNG,24.17,23.1,5,1378,55.7,7.86,,89.0,1.56,-2.34,13.2,11.2,46.8,0.53,ARMED,,20.0,5,
1791387696841,28.607052,77.275507,47.0,CNG,23.65,23.1,5,1392,55.7,8.37,,89.0,1.56,-2.34,13.4,11.2,47.2,0.54,ARMED,,20.0,5,
1791387698546,28.607164,77.275741,47.0,CNG,23.87,23.5,5,1409,52.9,7.94,,89.0,0.78,-2.34,13.4,11.8,47.7,0.55,ARMED,,20.0,5,
1791387699470,28.607164,77.275741,48.0,CNG,24.95,23.9,5,1446,52.9,7.35,,89.0,0.78,-2.34,13.5,12.3,48.8,0.59,ARMED,,20.0,5,
1791387700186,28.607224,77.275864,49.0,CNG,26.08,23.9,5,1457,52.9,7.18,,89.0,0.78,-2.34,13.5,12.3,49.2,0.58,ARMED,,20.0,5,
1791387701927,28.607345,77.276108,50.0,CNG,26.66,23.9,5,1472,45.1,7.42,,89.0,0.00,-2.34,13.4,12.3,49.7,0.58,ARMED,,19.2,5,
1791387702790,28.607408,77.276228,51.0,CNG,25.58,25.5,5,1514,45.1,8.62,,89.0,0.00,-2.34,13.4,14.4,51.1,0.66,ARMED,,19.2,5,
1791387703582,28.607475,77.276350,51.0,CNG,24.74,14.9,5,1528,45.1,8.83,,89.0,0.00,-2.34,13.5,0.0,51.6,0.65,ARMED,,19.2,5,
1791387705279,28.607547,77.276477,52.0,CNG,28.00,24.7,5,1534,47.1,6.14,,89.0,-1.56,-2.34,13.5,13.4,51.9,0.58,ARMED,,19.6,5,
1791387706169,28.607620,77.276598,53.0,CNG,26.94,25.1,5,1561,47.1,8.48,,89.0,-1.56,-2.34,13.5,13.9,52.8,0.55,ARMED,,19.6,5,
1791387706914,28.607694,77.276716,53.0,CNG,26.28,25.1,5,1584,47.1,8.54,,88.0,-1.56,-2.34,13.5,13.9,53.4,0.60,ARMED,,19.6,5,
1791387708783,28.607857,77.276962,54.0,CNG,26.12,25.1,5,1603,46.7,8.52,,88.0,0.00,-2.34,13.2,13.9,54.0,0.65,ARMED,,19.6,5,
1791387709694,28.607939,77.277084,55.0,CNG,26.13,25.1,5,1642,46.7,8.60,,88.0,0.00,-2.34,13.2,13.9,55.4,0.67,ARMED,,19.6,5,
1791387710495,28.608024,77.277209,56.0,CNG,27.09,25.1,5,1657,46.7,8.00,,88.0,0.00,-2.34,13.5,13.9,55.9,0.67,ARMED,,19.6,5,
1791387712292,28.608110,77.277333,56.0,CNG,36.06,23.5,5,1664,38.8,3.27,,88.0,0.00,-2.34,13.5,11.8,56.2,0.59,ARMED,,18.8,5,
1791387713223,28.608198,77.277458,57.0,CNG,35.20,23.5,5,1689,38.8,6.85,,88.0,0.00,-2.34,13.4,11.8,57.0,0.53,ARMED,,18.8,5,
1791387714053,28.608288,77.277585,57.0,CNG,34.54,23.5,5,1706,38.8,6.93,,88.0,0.00,-2.34,13.4,11.8,57.5,0.53,ARMED,,18.8,5,
1791387715852,28.608471,77.277834,58.0,CNG,33.65,23.5,5,1720,43.5,7.31,,88.0,-0.78,-2.34,13.4,11.8,58.0,0.53,ARMED,,19.6,5,
1791387716690,28.608566,77.277960,59.0,CNG,30.40,23.5,5,1748,43.5,9.04,,88.0,-0.78,-2.34,13.4,11.8,58.9,0.54,ARMED,,19.6,5,
1791387717432,28.608661,77.278086,59.0,CNG,29.40,23.5,5,1760,43.5,8.60,,88.0,-0.78,-2.34,13.4,11.8,59.3,0.54,ARMED,,19.6,5,
1791387719267,28.608759,77.278212,59.0,CNG,28.25,23.5,5,1764,45.5,9.03,,88.0,0.00,-1.56,13.4,11.8,59.5,0.47,ARMED,,18.0,5,
1791387720132,28.608854,77.278332,59.0,CNG,31.67,24.3,5,1764,45.5,6.24,,88.0,0.00,-1.56,13.4,12.8,59.5,0.06,ARMED,,18.0,5,
1791387720884,28.608957,77.278456,59.0,CNG,29.16,24.3,5,1787,45.5,9.25,,88.0,0.00,-1.56,13.4,12.8,59.9,0.26,ARMED,,18.0,5,
1791387722720,28.609167,77.278699,60.0,CNG,30.21,24.3,5,1780,40.4,7.69,,88.0,-2.34,-2.34,13.5,12.8,59.9,0.21,ARMED,,19.2,5,
1791387723671,28.609271,77.278823,60.0,CNG,31.15,24.3,5,1788,40.4,7.51,,88.0,-2.34,-2.34,13.5,12.8,60.1,0.17,LOCKED,60.1,19.2,5,
1791387724443,28.609379,77.278946,61.0,CNG,30.81,23.9,5,1806,40.4,8.22,,88.0,-2.34,-2.34,13.4,12.3,60.6,0.34,LOCKED,60.1,19.2,5,
1791387726303,28.609485,77.279062,61.0,CNG,31.34,23.9,5,1817,39.2,7.75,,88.0,0.78,-2.34,13.5,12.3,61.0,0.38,LOCKED,60.1,19.6,5,
1791387727182,28.609597,77.279180,61.0,CNG,31.32,23.9,5,1818,39.2,7.97,,88.0,0.78,-2.34,13.5,12.3,61.2,0.13,LOCKED,60.1,19.6,5,
1791387727896,28.609710,77.279297,62.0,CNG,30.74,23.9,5,1833,39.2,8.47,,88.0,0.78,-2.34,13.5,12.3,61.5,0.20,LOCKED,60.1,19.6,5,
1791387729655,28.609944,77.279529,62.0,CNG,30.56,23.9,5,1844,38.8,8.36,,88.0,0.78,-2.34,13.5,12.3,61.9,0.26,LOCKED,60.1,19.6,5,
1791387730565,28.610064,77.279643,63.0,CNG,31.23,23.9,5,1866,38.8,7.98,,88.0,0.78,-2.34,13.5,12.3,62.7,0.43,LOCKED,60.1,19.6,5,
1791387731329,28.610064,77.279643,63.0,CNG,31.61,23.5,5,1882,38.8,8.00,,88.0,0.78,-2.34,13.4,11.8,63.2,0.47,LOCKED,60.1,19.6,5,
1791387733159,28.610305,77.279869,63.0,CNG,32.16,23.5,5,1882,36.1,7.80,,88.0,0.00,-2.34,13.4,11.8,63.4,0.41,LOCKED,60.1,19.2,5,
1791387734018,28.610429,77.279982,63.0,CNG,33.13,23.5,5,1891,36.1,7.42,,88.0,0.00,-2.34,13.5,11.8,63.6,0.16,LOCKED,60.1,19.2,5,
1791387734785,28.610552,77.280095,64.0,CNG,34.21,23.5,5,1891,36.1,7.28,,88.0,0.00,-2.34,13.5,11.8,63.6,0.13,LOCKED,60.1,19.2,5,
1791387736543,28.610803,77.280317,64.0,CNG,34.29,23.5,5,1899,35.7,7.60,,88.0,0.00,-2.34,13.3,11.8,63.8,0.15,LOCKED,60.1,19.2,5,
1791387737424,28.610803,77.280317,64.0,CNG,34.36,23.5,5,1907,35.7,7.59,,89.0,0.00,-2.34,13.3,11.8,64.1,0.16,LOCKED,60.1,19.2,5,
1791387738212,28.610930,77.280429,65.0,CNG,35.67,23.5,5,1922,35.7,7.03,,89.0,0.00,-2.34,13.2,11.8,64.5,0.30,LOCKED,60.1,19.2,5,
1791387739977,28.611187,77.280655,65.0,CNG,38.77,22.7,5,1927,38.0,5.97,,89.0,0.78,-2.34,13.2,10.7,64.8,0.32,LOCKED,60.1,19.6,5,
1791387740845,28.611312,77.280767,65.0,CNG,35.37,22.7,5,1935,38.0,8.49,,89.0,0.78,-2.34,13.4,10.7,65.1,0.26,LOCKED,60.1,19.6,5,
1791387741587,28.611439,77.280879,65.0,CNG,33.24,22.7,5,1922,38.0,8.71,,89.0,0.78,-2.34,13.4,10.7,64.9,0.03,LOCKED,60.1,19.6,5,
1791387743419,28.611693,77.281099,65.0,CNG,32.31,22.7,5,1927,38.8,8.57,,89.0,0.00,-1.56,13.4,10.7,64.8,0.01,LOCKED,60.1,19.6,5,
1791387744307,28.611693,77.281099,65.0,CNG,31.80,22.7,5,1932,38.8,8.55,,89.0,0.00,-1.56,13.4,10.7,65.0,0.04,LOCKED,60.1,19.6,5,
1791387745098,28.611825,77.281212,65.0,CNG,33.56,22.7,5,1942,38.8,7.26,,89.0,0.00,-1.56,13.5,10.7,65.2,0.09,LOCKED,60.1,19.6,5,
1791387746834,28.612084,77.281426,65.0,CNG,36.36,22.7,5,1941,31.0,6.39,,89.0,0.00,-2.34,13.5,10.7,65.3,0.09,LOCKED,60.1,18.4,5,
1791387747690,28.612220,77.281538,66.0,CNG,38.83,22.7,5,1959,31.0,6.25,,89.0,0.00,-2.34,13.3,10.7,65.8,0.28,LOCKED,60.1,18.4,5,
1791387748445,28.612350,77.281646,66.0,CNG,39.98,22.4,5,1950,31.0,6.45,,89.0,0.00,-2.34,13.3,10.2,65.8,0.13,LOCKED,60.1,18.4,5,
1791387750238,28.612479,77.281753,66.0,CNG,47.62,14.9,5,1954,18.0,4.05,,89.0,0.00,0.00,13.3,0.0,65.8,0.10,LOCKED,60.1,16.5,5,
1791387751114,28.612613,77.281861,65.0,CNG,50.64,18.0,5,1945,18.0,4.74,,89.0,0.00,0.00,13.3,4.3,65.5,-0.13,LOCKED,60.1,16.5,5,
1791387751904,28.612741,77.281961,64.0,CNG,52.51,18.4,5,1904,18.0,4.70,,89.0,0.00,0.00,13.5,4.8,64.5,-0.60,LOCKED,60.1,16.5,5,
1791387753606,28.612998,77.282171,63.0,CNG,56.80,18.4,5,1881,21.2,3.96,,88.0,0.78,-3.91,13.5,4.8,63.5,-0.90,LOCKED,60.1,16.1,5,
1791387754530,28.613117,77.282276,62.0,CNG,56.36,14.9,5,1846,21.2,4.55,,88.0,0.78,-3.91,13.5,0.0,62.0,-0.87,LOCKED,60.1,16.1,5,
1791387755258,28.613117,77.282276,59.0,CNG,56.86,14.9,5,1767,21.2,4.18,,88.0,0.78,-3.91,13.5,0.0,60.1,-1.59,LOCKED,60.1,16.1,5,
1791387757047,28.613338,77.282458,53.0,CNG,61.01,14.9,5,1584,19.6,3.10,,88.0,0.00,0.00,13.6,0.0,55.1,-3.68,LOCKED,60.1,15.3,5,
1791387757927,28.613438,77.282534,49.0,CNG,58.89,25.9,5,1468,19.6,3.61,,88.0,0.00,0.00,13.6,15.0,49.2,-3.35,LOCKED,60.1,15.3,4,
1791387758692,28.613537,77.282616,50.0,CNG,36.50,25.9,5,1472,19.6,9.08,,88.0,0.00,0.00,13.3,15.0,48.3,-2.39,LOCKED,60.1,15.3,4,
1791387760653,28.613741,77.282796,51.0,CNG,30.40,25.5,5,1506,50.6,8.63,,88.0,-1.56,-1.56,13.4,14.4,49.2,-0.68,LOCKED,60.1,19.6,5,
1791387761548,28.613844,77.282884,53.0,CNG,32.71,23.1,5,1564,50.6,5.88,,88.0,-1.56,-1.56,13.5,11.2,52.2,1.19,LOCKED,60.1,19.6,5,
1791387762273,28.613844,77.282884,53.0,CNG,29.54,25.1,5,1569,50.6,8.39,,88.0,-1.56,-1.56,13.5,13.9,52.9,1.13,LOCKED,60.1,19.6,5,
1791387764145,28.614054,77.283070,54.0,CNG,25.23,26.3,5,1600,60.8,10.61,,88.0,0.78,-0.78,13.3,15.5,53.9,1.12,LOCKED,60.1,19.6,5,
1791387765007,28.614161,77.283171,55.0,CNG,24.21,26.7,5,1628,60.8,9.83,,88.0,0.78,-0.78,13.3,16.1,54.9,0.68,LOCKED,60.1,19.6,5,
1791387765779,28.614262,77.283272,55.0,CNG,24.26,26.3,5,1649,60.8,9.24,,88.0,0.78,-0.78,13.4,15.5,55.5,0.68,LOCKED,60.1,19.6,5,
1791387767573,28.614463,77.283496,56.0,CNG,22.61,26.3,5,1686,58.4,11.12,,88.0,1.56,-0.78,13.4,15.5,56.5,0.92,LOCKED,60.1,20.8,5,
1791387768446,28.614463,77.283496,58.0,CNG,23.51,25.9,5,1719,58.4,9.51,,88.0,1.56,-0.78,13.5,15.0,57.8,0.86,LOCKED,60.1,20.8,5,
1791387769178,28.614565,77.283619,58.0,CNG,23.96,25.9,5,1741,58.4,9.62,,89.0,1.56,-0.78,13.5,15.0,58.5,0.86,LOCKED,60.1,20.8,5,
1791387770906,28.614754,77.283863,59.0,CNG,27.03,17.6,5,1745,44.7,7.27,,89.0,-1.56,-3.13,13.5,3.7,58.9,0.66,LOCKED,60.1,20.8,5,
1791387771758,28.614853,77.283994,59.0,CNG,25.10,25.9,5,1747,44.7,10.61,,89.0,-1.56,-3.13,13.5,15.0,58.9,0.15,LOCKED,60.1,20.8,5,
1791387772555,28.614951,77.284118,60.0,CNG,25.20,25.5,5,1775,44.7,9.68,,89.0,-1.56,-3.13,13.4,14.4,59.5,0.41,LOCKED,60.1,20.8,5,
1791387774307,28.615047,77.284239,60.0,CNG,32.14,23.1,5,1786,34.5,4.53,,90.0,0.00,-2.34,13.4,11.2,60.0,0.45,LOCKED,60.1,18.4,5,
1791387775170,28.615151,77.284364,60.0,CNG,34.94,16.9,5,1787,34.5,6.11,,90.0,0.00,-2.34,13.4,2.7,60.2,0.18,LOCKED,60.1,18.4,5,
1791387775917,28.615253,77.284485,61.0,CNG,42.23,23.5,5,1797,34.5,4.10,,89.0,0.00,-2.34,13.4,11.8,60.4,0.21,LOCKED,60.1,18.4,5,
1791387777697,28.615457,77.284736,61.0,CNG,46.56,14.9,5,1799,19.6,4.54,,89.0,-0.78,0.00,13.4,0.0,60.6,0.20,LOCKED,60.1,16.1,5,
1791387778644,28.615555,77.284856,59.0,CNG,53.01,14.9,5,1766,19.6,3.58,,89.0,-0.78,0.00,13.4,0.0,59.6,-0.42,LOCKED,60.1,16.1,5,
1791387779450,28.615657,77.284979,58.0,CNG,54.55,14.9,5,1738,19.6,4.15,,89.0,-0.78,0.00,13.3,0.0,58.7,-0.71,LOCKED,60.1,16.1,5,
1791387781240,28.615751,77.285095,57.0,CNG,54.96,14.9,5,1704,19.6,4.19,,89.0,0.00,0.00,13.3,0.0,57.5,-1.01,LOCKED,60.1,15.3,5,
1791387782093,28.615836,77.285205,51.0,CNG,56.06,14.9,5,1509,19.6,3.59,,89.0,0.00,0.00,13.5,0.0,51.4,-3.05,LOCKED,60.1,15.3,5,
1791387782841,28.615914,77.285308,47.0,CNG,57.31,14.9,5,1418,19.6,3.22,,89.0,0.00,0.00,13.5,0.0,48.2,-3.54,LOCKED,60.1,15.3,4,
1791387784634,28.616052,77.285496,44.0,CNG,59.20,14.9,5,1319,21.6,2.86,,89.0,0.00,0.00,13.4,0.0,44.6,-3.85,LOCKED,60.1,16.5,4,
1791387785599,28.616116,77.285580,40.0,CNG,34.91,23.9,5,1199,21.6,8.20,,88.0,0.00,0.00,13.4,12.3,40.0,-2.81,ARMED,,16.5,5,
1791387786371,28.616116,77.285580,41.0,CNG,27.98,23.9,5,1205,21.6,7.96,,88.0,0.00,0.00,13.3,12.3,39.5,-1.72,ARMED,,16.5,5,
1791387788069,28.616251,77.285762,42.0,CNG,25.03,23.9,5,1229,71.4,7.98,,88.0,-0.78,-1.56,13.3,12.3,40.2,-0.49,ARMED,,22.4,4,
1791387788925,28.616316,77.285853,43.0,CNG,21.20,25.9,5,1293,71.4,10.19,,88.0,-0.78,-1.56,13.4,15.0,42.9,1.17,ARMED,,22.4,4,
1791387789702,28.616384,77.285952,45.0,CNG,19.24,27.5,5,1318,71.4,10.82,,88.0,-0.78,-1.56,13.4,17.1,44.1,1.33,ARMED,,22.4,4,
1791387791454,28.616523,77.286152,45.0,CNG,19.25,27.8,5,1337,23.1,9.55,,88.0,-0.78,-2.34,13.5,17.7,45.1,1.27,ARMED,,14.9,4,
1791387792346,28.616523,77.286152,44.0,CNG,21.18,26.7,5,1323,23.1,7.21,,88.0,-0.78,-2.34,13.5,16.1,44.8,0.10,ARMED,,14.9,4,
1791387793183,28.616593,77.286250,45.0,CNG,21.20,26.7,5,1325,23.1,8.66,,88.0,-0.78,-2.34,13.5,16.1,44.6,0.04,ARMED,,14.9,4,
1791387795079,28.616736,77.286447,45.0,CNG,18.27,34.1,5,1342,83.5,12.13,,89.0,0.78,-1.56,13.4,26.2,45.0,0.20,ARMED,,25.9,4,
1791387795946,28.616809,77.286553,47.0,CNG,17.09,34.1,5,1395,83.5,12.27,,89.0,0.78,-1.56,13.4,26.2,46.7,0.82,ARMED,,25.9,4,
1791387796706,28.616878,77.286658,48.0,CNG,16.29,34.1,5,1424,83.5,12.85,,89.0,0.78,-1.56,13.4,26.2,47.7,1.00,ARMED,,25.9,4,
1791387798442,28.617016,77.286887,49.0,CNG,15.85,34.1,5,1448,78.8,13.13,,89.0,0.78,-1.56,13.4,26.2,48.6,1.03,ARMED,,25.5,4,
1791387799266,28.617016,77.286887,51.0,CNG,15.90,34.1,5,1510,78.8,13.05,,90.0,0.78,-1.56,13.4,26.2,50.7,1.20,ARMED,,25.5,5,
1791387800046,28.617085,77.287009,52.0,CNG,15.64,34.1,5,1542,78.8,13.90,,90.0,0.78,-1.56,13.3,26.2,51.8,1.24,ARMED,,25.5,5,
1791387801855,28.617222,77.287267,53.0,CNG,15.48,33.7,5,1582,23.1,14.19,,90.0,-1.56,-0.78,13.3,25.7,53.1,1.29,ARMED,,15.3,5,
1791387802785,28.617287,77.287400,53.0,CNG,22.05,14.9,5,1595,23.1,3.78,,90.0,-1.56,-0.78,13.3,0.0,53.8,0.53,ARMED,,15.3,5,
1791387803624,28.617348,77.287535,53.0,CNG,29.81,14.9,5,1581,23.1,3.50,,90.0,-1.56,-0.78,13.3,0.0,53.5,0.11,ARMED,,15.3,5,
1791387805402,28.617404,77.287657,51.0,CNG,37.79,14.9,5,1522,20.0,3.24,,90.0,0.00,0.00,13.4,0.0,51.9,-0.84,ARMED,,15.3,5,
1791387806331,28.617459,77.287782,49.0,CNG,46.10,14.9,5,1462,20.0,2.83,,90.0,0.00,0.00,13.4,0.0,49.2,-1.37,ARMED,,15.3,5,
1791387807152,28.617512,77.287903,48.0,CNG,50.69,14.9,5,1418,20.0,3.26,,90.0,0.00,0.00,13.5,0.0,47.8,-1.54,ARMED,,15.3,5,
1791387808941,28.617614,77.288142,46.0,CNG,54.74,22.4,5,1379,38.8,2.99,,89.0,0.00,-2.34,13.5,10.2,46.3,-1.55,ARMED,,16.9,5,
1791387809799,28.617666,77.288264,48.0,CNG,54.22,17.6,5,1390,38.8,3.67,,89.0,0.00,-2.34,13.5,3.7,46.5,-0.26,ARMED,,16.9,5,
1791387810564,28.617717,77.288386,48.0,CNG,53.79,17.6,5,1425,38.8,3.69,,89.0,0.00,-2.34,13.5,3.7,47.4,0.38,ARMED,,16.9,5,
1791387812353,28.617768,77.288508,48.0,CNG,58.52,26.7,5,1430,22.4,2.91,,89.0,-1.56,-3.13,13.4,16.1,48.0,0.56,ARMED,,17.6,4,
1791387813199,28.617818,77.288631,49.0,CNG,52.18,15.7,5,1468,22.4,4.45,,88.0,-1.56,-3.13,13.4,1.1,49.3,0.63,ARMED,,17.6,5,
1791387813976,28.617869,77.288758,49.0,CNG,42.27,14.9,5,1466,22.4,6.07,,88.0,-1.56,-3.13,13.5,0.0,49.5,0.45,ARMED,,17.6,5,
1791387815779,28.617970,77.289015,50.0,CNG,43.27,14.9,5,1479,19.6,4.56,,88.0,-3.91,-3.91,13.5,0.0,49.8,0.42,ARMED,,15.3,5,
1791387816663,28.618022,77.289145,50.0,CNG,51.16,14.9,5,1467,19.6,2.92,,88.0,-3.91,-3.91,13.5,0.0,49.5,-0.03,ARMED,,15.3,5,
1791387817447,28.618072,77.289276,50.0,CNG,57.24,14.9,5,1495,19.6,2.94,,88.0,-3.91,-3.91,13.5,0.0,50.0,0.28,ARMED,,15.3,5,
1791387819219,28.618121,77.289405,50.0,CNG,56.92,14.9,5,1486,19.6,3.62,,88.0,0.00,0.00,13.5,0.0,50.1,0.23,ARMED,,15.3,5,
1791387820072,28.618170,77.289534,49.0,CNG,57.89,14.9,5,1465,19.6,3.37,,87.0,0.00,0.00,13.5,0.0,49.4,-0.27,ARMED,,15.3,5,
1791387820888,28.618217,77.289661,49.0,CNG,58.35,14.9,5,1460,19.6,3.39,,87.0,0.00,0.00,13.5,0.0,49.2,-0.29,ARMED,,15.3,5,
1791387822708,28.618307,77.289915,49.0,CNG,57.96,15.3,5,1452,19.2,3.49,,87.0,0.00,-3.91,13.5,0.5,48.9,-0.29,ARMED,,14.9,5,
1791387823598,28.618351,77.290043,49.0,CNG,62.87,14.9,5,1459,19.2,2.78,,87.0,0.00,-3.91,13.4,0.0,49.0,0.01,ARMED,,14.9,5,
1791387824336,28.618351,77.290043,49.0,CNG,60.55,14.9,5,1445,19.2,3.49,,87.0,0.00,-3.91,13.4,0.0,48.8,-0.06,ARMED,,14.9,5,
1791387826178,28.618439,77.290299,48.0,CNG,58.55,14.9,5,1443,20.0,3.52,,87.0,0.00,0.00,13.3,0.0,48.6,-0.10,ARMED,,14.9,5,
1791387827043,28.618482,77.290419,45.0,CNG,58.07,14.9,5,1347,20.0,3.21,,87.0,0.00,0.00,13.3,0.0,45.6,-1.36,ARMED,,14.9,5,
1791387827846,28.618523,77.290532,43.0,CNG,61.66,14.9,5,1280,20.0,2.56,,87.0,0.00,0.00,13.2,0.0,43.6,-1.90,ARMED,,14.9,5,
1791387829761,28.618605,77.290748,42.0,CNG,37.51,22.4,5,1240,55.7,7.49,,87.0,-1.56,-2.34,13.4,10.2,41.8,-1.95,ARMED,,19.2,5,
1791387830598,28.618645,77.290857,42.0,CNG,25.06,25.9,5,1250,55.7,10.43,,87.0,-1.56,-2.34,13.4,15.0,41.7,-0.39,ARMED,,19.2,5,
1791387831340,28.618645,77.290857,43.0,CNG,21.50,25.9,5,1280,55.7,9.93,,87.0,-1.56,-2.34,13.4,15.0,42.4,0.19,ARMED,,19.2,5,
1791387833119,28.618728,77.291085,44.0,CNG,19.63,26.3,5,1311,71.8,10.33,,87.0,-3.13,-1.56,13.4,15.5,43.5,0.77,ARMED,,22.0,4,
1791387833972,28.618770,77.291207,46.0,CNG,20.52,26.3,5,1369,71.8,8.57,,88.0,-3.13,-1.56,13.4,15.5,45.9,1.21,ARMED,,22.0,4,
1791387834725,28.618812,77.291326,47.0,CNG,21.07,26.7,5,1396,71.8,8.77,,88.0,-3.13,-1.56,13.3,16.1,46.9,1.24,ARMED,,22.0,4,
1791387836447,28.618902,77.291589,48.0,CNG,20.91,27.1,5,1421,80.4,9.49,,88.0,1.56,-0.78,13.3,16.6,47.8,1.20,ARMED,,25.9,4,
1791387837349,28.618902,77.291589,51.0,CNG,18.19,16.5,5,1503,80.4,13.49,,88.0,1.56,-0.78,13.4,2.1,50.5,1.47,ARMED,,25.9,5,
1791387838095,28.618948,77.291722,52.0,CNG,26.66,14.9,5,1543,80.4,2.80,,89.0,1.56,-0.78,13.4,0.0,51.8,1.52,ARMED,,25.9,5,
1791387839903,28.619039,77.291982,51.0,CNG,35.58,14.9,5,1527,19.6,2.99,,89.0,0.00,0.00,13.4,0.0,52.0,0.82,ARMED,,15.3,5,
1791387840751,28.619083,77.292115,49.0,CNG,41.60,14.9,5,1451,19.6,3.56,,90.0,0.00,0.00,13.4,0.0,49.3,-1.02,ARMED,,15.3,5,
1791387841521,28.619123,77.292240,48.0,CNG,49.91,14.9,5,1431,19.6,2.71,,90.0,0.00,0.00,13.4,0.0,48.3,-1.18,ARMED,,15.3,5,
1791387843280,28.619161,77.292359,46.0,CNG,53.73,14.9,5,1383,41.6,3.07,,90.0,0.00,-3.91,13.4,0.0,46.7,-1.46,ARMED,,23.1,5,
1791387844218,28.619201,77.292483,45.0,CNG,25.28,34.5,5,1357,41.6,13.42,,90.0,0.00,-3.91,13.3,26.8,45.4,-0.88,ARMED,,23.1,4,
1791387844976,28.619244,77.292605,47.0,CNG,20.09,34.5,5,1389,41.6,12.49,,90.0,0.00,-3.91,13.3,26.8,45.9,-0.18,ARMED,,23.1,4,
1791387846780,28.619331,77.292848,48.0,CNG,19.18,29.0,5,1424,68.6,10.91,,90.0,-2.34,-0.78,13.2,19.3,47.1,0.59,ARMED,,22.0,4,
1791387847668,28.619373,77.292975,48.0,CNG,19.22,27.1,5,1441,68.6,10.17,,91.0,-2.34,-0.78,13.2,16.6,48.4,0.62,ARMED,,22.0,4,
1791387848468,28.619416,77.293104,48.0,CNG,28.86,14.9,5,1439,68.6,1.73,,91.0,-2.34,-0.78,13.2,0.0,48.5,0.43,ARMED,,22.0,4,
1791387850183,28.619458,77.293228,47.0,CNG,27.46,23.1,5,1411,24.3,7.51,,91.0,-1.56,-3.13,13.2,11.2,47.8,-0.18,ARMED,,18.8,5,
1791387851130,28.619495,77.293345,45.0,CNG,24.33,19.2,5,1325,24.3,8.92,,91.0,-1.56,-3.13,13.4,5.9,44.9,-1.40,ARMED,,18.8,5,
1791387851921,28.619533,77.293466,44.0,CNG,31.03,14.9,5,1310,24.3,3.27,,91.0,-1.56,-3.13,13.4,0.0,43.9,-1.35,ARMED,,18.8,5,
1791387853723,28.619600,77.293691,42.0,CNG,37.49,22.4,5,1266,52.2,3.03,,91.0,0.00,-1.56,13.3,10.2,42.6,-1.38,ARMED,,17.6,5,
1791387854560,28.619632,77.293796,41.0,CNG,45.33,20.8,5,1223,52.2,2.45,,91.0,0.00,-1.56,13.3,8.0,40.9,-1.00,ARMED,,17.6,5,
1791387855308,28.619632,77.293796,40.0,CNG,38.51,20.8,5,1275,52.2,5.27,,91.0,0.00,-1.56,13.4,8.0,41.7,-0.15,ARMED,,17.6,5,
1791387856935,28.619699,77.294014,40.0,CNG,41.84,21.2,5,1198,43.5,3.38,,90.0,0.00,-3.13,13.4,8.6,40.6,-0.70,ARMED,,18.0,5,
1791387857742,28.619733,77.294122,40.0,CNG,31.72,25.1,5,1185,43.5,7.07,,90.0,0.00,-3.13,13.4,13.9,39.6,-0.67,ARMED,,18.0,5,
1791387858497,28.619733,77.294122,40.0,CNG,25.15,27.1,5,1200,43.5,8.55,,90.0,0.00,-3.13,13.4,16.6,39.8,-0.28,ARMED,,18.0,4,
1791387860170,28.619801,77.294335,41.0,CNG,22.56,27.1,5,1217,71.0,8.56,,90.0,0.00,-1.56,13.5,16.6,40.3,0.15,ARMED,,21.6,4,
1791387861030,28.619837,77.294447,43.0,CNG,26.82,20.8,5,1275,71.0,4.80,,90.0,0.00,-1.56,13.5,8.0,42.5,1.03,ARMED,,21.6,4,
1791387861845,28.619873,77.294562,43.0,CNG,29.29,22.4,5,1273,71.0,5.20,,90.0,0.00,-1.56,13.4,10.2,42.9,0.80,ARMED,,21.6,4,
1791387863743,28.619946,77.294785,43.0,CNG,37.97,14.9,5,1279,21.2,2.61,,90.0,0.00,0.00,13.5,0.0,43.1,0.52,ARMED,,14.5,5,
1791387864641,28.619984,77.294900,41.0,CNG,42.68,20.0,5,1230,21.2,3.17,,90.0,0.00,0.00,13.5,7.0,41.5,-0.62,ARMED,,14.5,5,
1791387865401,28.619984,77.294900,41.0,CNG,46.19,14.9,5,1198,21.2,3.17,,90.0,0.00,0.00,13.5,0.0,40.5,-0.92,ARMED,,14.5,5,
1791387867254,28.620055,77.295112,41.0,CNG,49.54,14.9,5,1228,21.6,3.01,,90.0,0.00,0.00,13.3,0.0,40.7,-0.35,ARMED,,14.1,5,
1791387868113,28.620090,77.295223,40.0,CNG,36.42,26.3,5,1214,21.6,6.33,,89.0,0.00,0.00,13.3,15.5,40.6,-0.11,ARMED,,14.1,4,
1791387868875,28.620124,77.295330,41.0,CNG,26.44,25.9,5,1216,21.6,8.93,,89.0,0.00,0.00,13.6,15.0,40.6,-0.07,ARMED,,14.1,5,
1791387870618,28.620195,77.295553,43.0,CNG,25.25,23.9,5,1261,60.0,7.41,,89.0,-4.69,-1.56,13.6,12.3,41.7,0.57,ARMED,,20.4,5,
1791387871520,28.620195,77.295553,45.0,CNG,22.98,24.7,5,1318,60.0,9.00,,89.0,-4.69,-1.56,13.4,13.4,44.1,1.21,ARMED,,20.4,5,
1791387872302,28.620233,77.295672,45.0,CNG,29.36,23.5,5,1343,60.0,3.77,,89.0,-4.69,-1.56,13.4,11.8,45.1,1.21,ARMED,,20.4,5,
1791387874068,28.620313,77.295917,46.0,CNG,24.90,23.9,5,1358,74.1,9.19,,89.0,2.34,-1.56,13.4,12.3,45.8,1.03,ARMED,,24.3,4,
1791387874949,28.620353,77.296040,49.0,CNG,24.81,14.9,5,1452,74.1,8.11,,89.0,2.34,-1.56,13.4,0.0,48.7,1.50,ARMED,,24.3,4,
1791387875764,28.620397,77.296174,49.0,CNG,22.82,21.6,5,1448,74.1,9.78,,89.0,2.34,-1.56,13.4,9.1,49.1,1.05,ARMED,,24.3,4,
1791387877540,28.620486,77.296434,50.0,CNG,31.43,22.0,5,1482,22.0,3.01,,89.0,-0.78,-3.13,13.4,9.6,49.9,1.00,ARMED,,15.3,5,
1791387878460,28.620486,77.296434,51.0,CNG,38.46,18.8,5,1517,22.0,3.69,,89.0,-0.78,-3.13,13.5,5.4,51.1,0.73,ARMED,,15.3,5,
1791387879214,28.620530,77.296567,51.0,CNG,31.42,23.5,5,1537,22.0,8.40,,89.0,-0.78,-3.13,13.5,11.8,51.7,0.73,ARMED,,15.3,5,
1791387880942,28.620630,77.296844,52.0,CNG,30.08,24.3,5,1541,49.0,7.50,,89.0,0.00,-1.56,13.4,12.8,52.0,0.55,ARMED,,20.8,5,
1791387881818,28.620679,77.296982,54.0,CNG,26.49,25.9,5,1617,49.0,9.74,,89.0,0.00,-1.56,13.4,15.0,54.2,1.10,ARMED,,20.8,5,
1791387882582,28.620728,77.297123,56.0,CNG,23.20,28.2,5,1653,49.0,11.57,,89.0,0.00,-1.56,13.4,18.2,55.3,1.30,ARMED,,20.8,5,
1791387884355,28.620780,77.297278,57.0,CNG,33.00,22.7,5,1674,41.6,2.85,,89.0,0.00,-2.34,13.4,10.7,56.4,1.26,ARMED,,19.6,5,
1791387885218,28.620830,77.297428,58.0,CNG,39.83,14.9,5,1730,41.6,4.20,,89.0,0.00,-2.34,13.5,0.0,58.2,1.18,ARMED,,19.6,5,
1791387885985,28.620881,77.297580,56.0,CNG,47.15,14.9,5,1710,41.6,3.51,,89.0,0.00,-2.34,13.5,0.0,58.1,0.56,ARMED,,19.6,5,
1791387887805,28.620981,77.297873,56.0,CNG,49.92,14.9,5,1672,19.6,4.18,,89.0,0.00,0.00,13.5,0.0,56.9,-0.38,ARMED,,15.7,5,
1791387888665,28.621032,77.298018,54.0,CNG,55.47,14.9,5,1595,19.6,3.29,,88.0,0.00,0.00,13.5,0.0,53.9,-1.45,ARMED,,15.7,5,
1791387889466,28.621079,77.298152,52.0,CNG,57.03,14.9,5,1533,19.6,3.56,,88.0,0.00,0.00,13.5,0.0,52.1,-1.89,ARMED,,15.7,5,
1791387891207,28.621123,77.298279,49.0,CNG,57.97,22.7,5,1461,28.6,3.36,,88.0,0.00,-2.34,13.5,10.7,49.5,-2.35,ARMED,,14.9,5,
1791387892175,28.621165,77.298408,49.0,CNG,37.15,23.9,5,1447,28.6,8.47,,88.0,0.00,-2.34,13.5,12.3,48.3,-0.97,ARMED,,14.9,5,
1791387892946,28.621206,77.298536,48.0,CNG,41.60,20.8,5,1432,28.6,3.82,,88.0,0.00,-2.34,13.5,8.0,47.9,-0.74,ARMED,,14.9,5,
1791387894704,28.621287,77.298791,48.0,CNG,34.36,22.4,5,1395,53.3,7.25,,88.0,-1.56,-1.56,13.3,10.2,47.1,-0.80,ARMED,,21.2,5,
1791387895551,28.621327,77.298917,48.0,CNG,27.24,24.3,5,1428,53.3,9.49,,88.0,-1.56,-1.56,13.3,12.8,47.8,0.17,ARMED,,21.2,5,
1791387896380,28.621327,77.298917,49.0,CNG,24.76,24.3,5,1452,53.3,9.18,,88.0,-1.56,-1.56,13.5,12.8,48.6,0.52,ARMED,,21.2,5,
1791387898230,28.621413,77.299175,49.0,CNG,28.99,23.9,5,1456,56.1,5.15,,88.0,0.00,-1.56,13.4,12.3,49.0,0.52,ARMED,,18.8,5,
1791387899102,28.621456,77.299305,49.0,CNG,27.67,24.3,5,1469,56.1,7.73,,88.0,0.00,-1.56,13.5,12.8,49.5,0.29,ARMED,,18.8,5,
1791387899828,28.621501,77.299439,49.0,CNG,27.17,24.7,5,1472,56.1,7.57,,88.0,0.00,-1.56,13.5,13.4,49.6,0.26,ARMED,,18.8,5,
1791387901552,28.621588,77.299702,50.0,CNG,21.02,22.4,5,1496,20.8,12.95,,88.0,-4.69,-3.13,13.3,10.2,50.1,0.44,ARMED,,17.6,5,
1791387902405,28.621588,77.299702,50.0,CNG,21.89,25.5,5,1502,20.8,8.76,,89.0,-4.69,-3.13,13.3,14.4,50.5,0.26,ARMED,,17.6,5,
1791387903150,28.621634,77.299832,51.0,CNG,21.94,26.7,5,1516,20.8,9.47,,89.0,-4.69,-3.13,13.3,16.1,50.8,0.30,ARMED,,17.6,5,
1791387904909,28.621734,77.300101,52.0,CNG,22.17,26.7,5,1551,56.1,9.44,,89.0,-0.78,-0.78,13.3,16.1,51.7,0.68,ARMED,,20.8,5,
1791387905787,28.621786,77.300239,54.0,CNG,22.57,25.9,5,1602,56.1,9.53,,89.0,-0.78,-0.78,13.3,15.0,53.7,1.04,ARMED,,20.8,5,
1791387906578,28.621839,77.300379,54.0,CNG,23.40,25.5,5,1604,56.1,8.93,,89.0,-0.78,-0.78,13.3,14.4,54.1,0.83,ARMED,,20.8,5,
1791387908335,28.621892,77.300526,55.0,CNG,31.78,22.4,5,1617,32.2,3.42,,89.0,1.56,-3.13,13.4,10.2,54.5,0.63,ARMED,,18.0,5,
1791387909174,28.621939,77.300667,55.0,CNG,27.67,24.3,5,1653,32.2,9.66,,89.0,1.56,-3.13,13.4,12.8,55.5,0.61,ARMED,,18.0,5,
1791387909981,28.621989,77.300812,56.0,CNG,33.93,14.9,5,1646,32.2,4.53,,89.0,1.56,-3.13,13.3,0.0,55.6,0.37,ARMED,,18.0,5,
1791387911662,28.622085,77.301104,56.0,CNG,29.58,25.5,5,1667,47.5,9.20,,90.0,-0.78,-1.56,13.3,14.4,56.0,0.39,ARMED,,20.0,5,
1791387912537,28.622136,77.301260,57.0,CNG,27.34,25.1,5,1697,47.5,9.46,,90.0,-0.78,-1.56,13.5,13.9,57.0,0.47,ARMED,,20.0,5,
1791387913315,28.622136,77.301260,58.0,CNG,24.56,25.5,5,1735,47.5,11.07,,89.0,-0.78,-1.56,13.5,14.4,58.0,0.81,ARMED,,20.0,5,
1791387915134,28.622239,77.301571,59.0,CNG,24.06,25.1,5,1742,29.0,10.32,,89.0,0.00,-1.56,13.2,13.9,58.6,0.79,ARMED,,16.9,5,
1791387916118,28.622293,77.301727,60.0,CNG,23.79,24.3,5,1766,29.0,10.47,,90.0,0.00,-1.56,13.2,12.8,59.5,0.52,ARMED,,16.9,5,
1791387916934,28.622347,77.301885,61.0,CNG,25.21,14.9,5,1804,29.0,9.04,,90.0,0.00,-1.56,13.1,0.0,60.4,0.82,ARMED,,16.9,5,
1791387918667,28.622455,77.302208,61.0,CNG,25.44,23.5,5,1841,42.0,9.67,,90.0,-1.56,-1.56,13.1,11.8,61.7,1.11,ARMED,,18.0,5,
1791387919516,28.622455,77.302208,63.0,CNG,34.46,14.9,5,1875,42.0,3.68,,90.0,-1.56,-1.56,13.4,0.0,63.1,0.91,ARMED,,18.0,5,
1791387920246,28.622511,77.302372,61.0,CNG,41.06,14.9,5,1828,42.0,4.32,,90.0,-1.56,-1.56,13.4,0.0,62.4,0.08,ARMED,,18.0,5,
1791387922029,28.622615,77.302677,57.0,CNG,46.93,14.9,5,1698,19.6,3.82,,90.0,0.00,0.00,13.3,0.0,58.8,-1.98,ARMED,,15.3,5,
1791387922922,28.622663,77.302814,53.0,CNG,27.23,29.0,5,1618,19.6,13.58,,89.0,0.00,0.00,13.3,19.3,54.3,-2.42,ARMED,,15.3,5,
1791387923743,28.622713,77.302962,55.0,CNG,23.70,28.6,5,1618,19.6,11.39,,89.0,0.00,0.00,13.3,18.7,53.6,-1.81,ARMED,,15.3,5,
1791387925499,28.622802,77.303256,56.0,CNG,32.50,14.9,5,1683,19.6,3.11,,89.0,0.00,0.00,13.3,0.0,55.0,-0.06,ARMED,,15.3,5,
1791387926374,28.622802,77.303256,53.0,CNG,24.17,29.8,5,1564,19.6,12.61,,89.0,0.00,0.00,13.3,20.3,52.8,-1.04,ARMED,,15.3,5,
1791387927106,28.622845,77.303394,54.0,CNG,21.83,28.2,5,1610,19.6,11.60,,89.0,0.00,0.00,13.3,18.2,53.2,-0.31,ARMED,,15.3,5,
1791387928855,28.622942,77.303683,55.0,CNG,21.57,14.9,5,1629,40.4,10.61,,89.0,-7.03,-3.91,13.4,0.0,54.1,0.34,ARMED,,18.8,5,
1791387929738,28.622992,77.303827,55.0,CNG,24.24,23.5,5,1633,40.4,7.56,,89.0,-7.03,-3.91,13.4,11.8,54.8,0.37,ARMED,,18.8,5,
1791387930501,28.623041,77.303969,56.0,CNG,24.84,25.1,5,1665,40.4,8.88,,89.0,-7.03,-3.91,13.5,13.9,55.6,0.66,ARMED,,18.8,5,
1791387932397,28.623093,77.304122,56.0,CNG,25.77,18.4,5,1675,34.1,8.39,,89.0,-3.91,-3.91,13.3,4.8,56.2,0.67,ARMED,,20.0,5,
1791387933290,28.623144,77.304269,57.0,CNG,28.37,14.9,5,1702,34.1,7.00,,89.0,-3.91,-3.91,13.2,0.0,57.2,0.59,ARMED,,20.0,5,
1791387934045,28.623197,77.304420,57.0,CNG,35.23,24.7,5,1700,34.1,4.25,,89.0,-3.91,-3.91,13.2,13.4,57.3,0.40,ARMED,,20.0,5,
1791387935869,28.623302,77.304713,57.0,CNG,37.37,19.2,5,1696,20.0,5.67,,89.0,-1.56,-3.91,13.3,5.9,57.2,0.15,ARMED,,15.7,5,
1791387936782,28.623355,77.304864,56.0,CNG,43.11,14.9,5,1683,20.0,4.07,,89.0,-1.56,-3.91,13.3,0.0,56.5,-0.26,CANDIDATE,56.5,15.7,5,
1791387937577,28.623402,77.305004,54.0,CNG,48.37,14.9,5,1619,20.0,3.69,,89.0,-1.56,-3.91,13.4,0.0,55.1,-0.99,ARMED,,15.7,5,
1791387939367,28.623446,77.305140,52.0,CNG,54.77,14.9,5,1558,20.0,3.06,,89.0,0.00,0.00,13.4,0.0,52.8,-1.75,ARMED,,15.3,5,
1791387940250,28.623488,77.305275,49.0,CNG,31.39,25.5,5,1464,20.0,10.89,,89.0,0.00,0.00,13.3,14.4,49.1,-2.03,ARMED,,15.3,5,
1791387941008,28.623528,77.305409,50.0,CNG,31.09,14.9,5,1477,20.0,6.67,,88.0,0.00,0.00,13.3,0.0,48.8,-1.35,ARMED,,15.3,5,
1791387942779,28.623610,77.305666,50.0,CNG,38.89,14.9,5,1465,46.7,3.23,,88.0,0.00,-3.13,13.3,0.0,48.6,-0.77,ARMED,,18.8,5,
1791387943603,28.623652,77.305795,49.0,CNG,34.74,23.5,5,1458,46.7,6.72,,88.0,0.00,-3.13,13.3,11.8,48.7,-0.10,ARMED,,18.8,5,
1791387944420,28.623695,77.305931,50.0,CNG,32.91,23.5,5,1482,46.7,6.70,,88.0,0.00,-3.13,13.4,11.8,49.3,0.30,ARMED,,18.8,5,
1791387946221,28.623737,77.306058,49.0,CNG,23.86,28.2,5,1478,52.9,11.93,,88.0,0.78,-1.56,13.4,18.2,49.6,0.29,ARMED,,19.6,4,
1791387947090,28.623781,77.306190,50.0,CNG,23.90,14.9,5,1483,52.9,8.53,,88.0,0.78,-1.56,13.5,0.0,49.8,0.23,ARMED,,19.6,5,
1791387947806,28.623827,77.306324,50.0,CNG,32.68,23.1,5,1482,52.9,2.82,,88.0,0.78,-1.56,13.5,11.2,49.8,0.18,ARMED,,19.6,5,
1791387949566,28.623913,77.306577,49.0,CNG,41.33,14.9,5,1462,20.8,2.89,,88.0,0.00,0.00,13.4,0.0,49.4,-0.16,ARMED,,14.9,5,
1791387950435,28.623913,77.306577,44.0,CNG,46.19,14.9,5,1324,20.8,3.12,,89.0,0.00,0.00,13.4,0.0,44.9,-2.07,ARMED,,14.9,5,
1791387951201,28.623949,77.306688,41.0,CNG,49.53,23.9,5,1241,20.8,2.96,,89.0,0.00,0.00,13.5,12.3,42.3,-2.69,ARMED,,14.9,5,
1791387953021,28.624024,77.306908,41.0,CNG,34.21,24.3,5,1176,57.6,7.38,,89.0,0.00,-2.34,13.5,12.8,39.7,-2.89,ARMED,,19.6,5,
1791387953934,28.624061,77.307012,42.0,CNG,29.24,23.5,5,1241,57.6,7.19,,89.0,0.00,-2.34,13.4,11.8,41.0,0.08,ARMED,,19.6,5,
1791387954769,28.624099,77.307125,42.0,CNG,26.80,28.6,5,1246,57.6,7.22,,89.0,0.00,-2.34,13.4,18.7,41.6,0.38,ARMED,,19.6,4,
1791387956740,28.624178,77.307357,43.0,CNG,22.04,29.4,5,1273,81.6,10.07,,89.0,0.00,-1.56,13.3,19.8,42.5,0.71,ARMED,,24.3,4,
1791387957785,28.624218,77.307475,45.0,CNG,19.20,29.8,5,1328,81.6,11.33,,89.0,0.00,-1.56,13.3,20.3,44.6,0.98,ARMED,,24.3,4,
1791387958884,28.624259,77.307590,46.0,CNG,17.60,29.8,5,1365,81.6,11.95,,89.0,0.00,-1.56,13.4,20.3,45.9,1.02,ARMED,,24.3,4,
1791387960989,28.624349,77.307844,47.0,CNG,16.56,29.8,5,1397,80.4,12.57,,90.0,0.78,-1.56,13.4,20.3,47.0,1.04,ARMED,,25.1,4,
1791387962076,28.624392,77.307968,50.0,CNG,17.53,14.9,5,1471,80.4,10.72,,90.0,0.78,-1.56,13.5,0.0,49.5,1.10,ARMED,,25.1,4,
1791387963014,28.624437,77.308097,49.0,CNG,24.40,14.9,5,1470,80.4,3.55,,90.0,0.78,-1.56,13.5,0.0,49.8,0.64,ARMED,,25.1,4,
1791387965134,28.624527,77.308346,48.0,CNG,32.57,14.9,5,1415,20.4,3.00,,90.0,0.00,0.00,13.4,0.0,48.6,-0.40,ARMED,,14.9,5,
1791387966191,28.624568,77.308460,44.0,CNG,38.34,14.9,5,1330,20.4,3.33,,90.0,0.00,0.00,13.4,0.0,44.9,-1.49,ARMED,,14.9,5,
1791387967041,28.624610,77.308575,43.0,CNG,44.47,14.9,5,1280,20.4,2.93,,90.0,0.00,0.00,13.6,0.0,43.2,-1.72,ARMED,,14.9,5,
1791387968797,28.624689,77.308790,42.0,CNG,51.59,14.9,5,1256,30.2,2.47,,90.0,0.00,0.00,13.4,0.0,42.1,-1.66,ARMED,,22.0,5,
1791387969718,28.624727,77.308896,41.0,CNG,33.08,25.9,5,1218,30.2,7.98,,90.0,0.00,0.00,13.4,15.0,40.7,-0.89,ARMED,,22.0,5,
1791387970483,28.624762,77.309011,42.0,CNG,27.30,25.9,5,1261,30.2,7.96,,89.0,0.00,0.00,13.4,15.0,41.5,-0.02,ARMED,,22.0,5,
1791387972237,28.624798,77.309131,43.0,CNG,34.85,26.3,5,1281,49.8,2.98,,89.0,-7.03,-3.13,13.4,15.5,42.5,0.54,ARMED,,20.0,4,
1791387973054,28.624832,77.309243,44.0,CNG,27.77,25.5,5,1324,49.8,8.39,,89.0,-7.03,-3.13,13.4,14.4,44.3,0.94,ARMED,,20.0,5,
1791387973851,28.624867,77.309364,45.0,CNG,26.62,24.7,5,1346,49.8,7.32,,89.0,-7.03,-3.13,13.5,13.4,45.1,0.96,ARMED,,20.0,5,
1791387975650,28.624944,77.309614,47.0,CNG,25.26,25.9,5,1388,56.9,8.15,,90.0,2.34,-1.56,13.5,15.0,46.4,1.19,ARMED,,20.0,5,
1791387976524,28.624944,77.309614,49.0,CNG,24.23,25.5,5,1458,56.9,8.73,,90.0,2.34,-1.56,13.5,14.4,48.9,1.38,ARMED,,20.0,5,
1791387977302,28.624986,77.309743,50.0,CNG,24.31,25.1,5,1504,56.9,8.37,,90.0,2.34,-1.56,13.5,13.9,50.3,1.54,ARMED,,20.0,5,
1791387979046,28.625075,77.310016,52.0,CNG,23.62,25.1,5,1531,54.9,9.35,,90.0,0.78,-1.56,13.5,13.9,51.5,1.51,ARMED,,15.7,5,
1791387979882,28.625123,77.310162,54.0,CNG,24.20,18.0,5,1638,54.9,8.81,,90.0,0.78,-1.56,13.5,4.3,54.8,1.83,ARMED,,15.7,5,
1791387980671,28.625172,77.310303,54.0,CNG,28.28,23.5,5,1611,54.9,5.93,,90.0,0.78,-1.56,13.2,11.8,54.9,1.05,ARMED,,15.7,5,
1791387982438,28.625273,77.310588,55.0,CNG,32.73,14.9,5,1619,19.6,5.32,,90.0,0.00,0.00,13.2,0.0,54.8,0.50,ARMED,,15.7,5,
1791387983297,28.625273,77.310588,54.0,CNG,41.73,14.9,5,1619,19.6,3.13,,90.0,0.00,0.00,13.4,0.0,54.4,-0.07,ARMED,,15.7,5,
1791387984049,28.625322,77.310726,54.0,CNG,46.37,14.9,5,1607,19.6,3.97,,90.0,0.00,0.00,13.4,0.0,54.1,-0.24,ARMED,,15.7,5,
1791387985895,28.625419,77.311004,52.0,CNG,53.79,14.9,5,1554,19.6,2.97,,90.0,0.00,0.00,13.5,0.0,52.7,-0.92,ARMED,,15.3,5,
1791387986743,28.625465,77.311137,51.0,CNG,54.93,14.9,5,1512,19.6,3.67,,90.0,0.00,0.00,13.5,0.0,50.7,-0.98,ARMED,,15.3,5,
1791387987573,28.625510,77.311258,48.0,CNG,59.70,14.9,5,1436,19.6,2.82,,90.0,0.00,0.00,13.3,0.0,48.8,-1.65,ARMED,,15.3,5,
1791387989353,28.625548,77.311372,45.0,CNG,63.30,14.9,5,1360,22.0,2.61,,89.0,0.00,0.00,13.3,0.0,46.1,-2.31,ARMED,,14.1,5,
1791387990212,28.625584,77.311478,37.0,CNG,64.94,14.9,5,1121,22.0,2.21,,89.0,0.00,0.00,13.5,0.0,38.0,-4.20,ARMED,,14.1,5,
1791387990960,28.625617,77.311574,36.0,CNG,59.85,14.9,5,1084,22.0,2.81,,89.0,0.00,0.00,13.5,0.0,35.7,-3.67,ARMED,,14.1,5,
1791387992616,28.625683,77.311742,35.0,CNG,57.23,14.9,5,1053,22.0,2.69,,89.0,0.00,-2.34,13.4,0.0,34.3,-2.84,ARMED,,16.9,5,
1791387993403,28.625683,77.311742,30.0,CNG,29.44,27.5,5,889,22.0,8.05,,88.0,0.00,-2.34,13.4,17.1,29.7,-2.82,ARMED,,16.9,4,
1791387994213,28.625716,77.311821,31.0,CNG,40.86,14.9,5,917,22.0,1.06,,88.0,0.00,-2.34,13.2,0.0,29.5,-1.63,ARMED,,16.9,5,
1791387995916,28.625794,77.311974,30.0,CNG,18.35,30.6,5,834,80.0,12.83,,88.0,2.34,-1.56,13.2,21.4,28.0,-1.66,ARMED,,23.5,4,
1791387996698,28.625832,77.312056,35.0,CNG,15.27,31.0,4,1341,80.0,11.53,,88.0,2.34,-1.56,13.5,21.9,35.0,0.00,ARMED,,23.5,3,
1791387997454,28.625832,77.312056,37.0,CNG,14.56,31.0,4,1422,80.0,11.03,,88.0,2.34,-1.56,13.5,21.9,36.2,0.72,ARMED,,23.5,3,
1791387999156,28.625920,77.312247,39.0,CNG,14.28,28.6,4,1496,23.5,11.46,,88.0,0.00,0.00,13.1,18.7,38.2,1.51,ARMED,,14.1,3,
1791387999869,28.625964,77.312346,40.0,CNG,16.66,23.9,,896,23.5,7.57,,89.0,0.00,0.00,13.1,12.3,40.0,0.00,ARMED,,14.1,,
1791388000691,28.626007,77.312451,41.0,CNG,17.40,23.9,5,1204,23.5,9.04,,89.0,0.00,0.00,13.4,12.3,41.0,0.00,ARMED,,14.1,5,
1791388002571,28.626083,77.312660,41.0,CNG,23.46,14.9,5,1202,48.2,3.58,,89.0,-2.34,-3.13,13.4,0.0,41.0,0.00,ARMED,,17.6,5,
1791388003494,28.626083,77.312660,39.0,CNG,30.95,14.9,5,1156,48.2,2.63,,89.0,-2.34,-3.13,13.4,0.0,39.2,-0.79,ARMED,,17.6,5,
1791388004244,28.626117,77.312761,36.0,CNG,37.24,14.9,5,1062,48.2,2.63,,89.0,-2.34,-3.13,13.4,0.0,36.9,-1.77,ARMED,,17.6,5,
1791388005983,28.626175,77.312933,33.0,CNG,38.17,14.9,5,970,31.8,3.38,,89.0,0.78,-2.34,13.5,0.0,33.9,-2.75,ARMED,,13.3,5,
1791388006750,28.626206,77.313011,29.0,CNG,41.20,14.9,5,869,31.8,2.45,,90.0,0.78,-2.34,13.5,0.0,29.3,-2.70,ARMED,,13.3,5,
1791388007491,28.626206,77.313011,25.0,CNG,43.49,14.9,5,751,31.8,2.09,,90.0,0.78,-2.34,13.4,0.0,26.1,-3.39,ARMED,,13.3,5,
1791388009123,28.626251,77.313116,20.0,CNG,47.45,14.9,,696,22.7,1.37,,90.0,3.91,-2.34,13.4,0.0,20.0,0.00,ARMED,,11.8,,
1791388009879,28.626270,77.313158,16.0,CNG,43.91,14.9,,642,22.7,1.76,,90.0,3.91,-2.34,13.4,0.0,16.0,0.00,ARMED,,11.8,,
1791388010646,28.626292,77.313195,17.0,CNG,38.83,20.0,,687,22.7,2.19,,90.0,3.91,-2.34,13.4,7.0,17.0,0.00,ARMED,,11.8,,
1791388012267,28.626321,77.313231,16.0,CNG,26.23,21.2,,992,34.5,4.01,,90.0,-5.47,-3.13,13.4,8.6,16.0,0.00,ARMED,,17.3,,
1791388013029,28.626362,77.313257,18.0,CNG,21.97,21.2,2,1387,34.5,4.18,,90.0,-5.47,-3.13,13.4,8.6,18.0,0.00,ARMED,,17.3,2,
1791388013833,28.626409,77.313261,19.0,CNG,17.50,22.7,2,1428,34.5,5.74,,90.0,-5.47,-3.13,13.5,10.7,18.6,0.36,ARMED,,17.3,2,
1791388015491,28.626459,77.313250,21.0,CNG,13.84,24.7,2,1555,44.7,7.92,,90.0,0.00,-1.56,13.5,13.4,20.2,1.11,ARMED,,20.0,2,
1791388016317,28.626513,77.313232,25.0,CNG,13.70,14.9,2,1876,44.7,7.54,,90.0,0.00,-1.56,13.5,0.0,24.7,2.29,ARMED,,20.0,2,
1791388017160,28.626576,77.313204,26.0,CNG,11.39,24.7,3,1434,44.7,11.30,,89.0,0.00,-1.56,13.5,13.4,26.0,0.00,ARMED,,20.0,3,
1791388018850,28.626707,77.313135,28.0,CNG,11.75,27.1,3,1417,26.7,9.35,,89.0,3.13,-1.56,13.4,16.6,27.3,0.73,ARMED,,14.5,2,
1791388019587,28.626780,77.313105,30.0,CNG,12.91,23.1,5,914,26.7,8.31,,89.0,3.13,-1.56,13.4,11.2,30.0,0.00,ARMED,,14.5,5,
1791388020411,28.626780,77.313105,31.0,CNG,14.01,23.1,4,1190,26.7,8.04,,89.0,3.13,-1.56,13.3,11.2,31.0,0.00,ARMED,,14.5,4,
1791388022117,28.626928,77.313042,32.0,CNG,15.15,23.1,4,1237,60.4,7.68,,89.0,0.00,-1.56,13.3,11.2,31.6,0.35,ARMED,,20.0,3,
1791388022958,28.627006,77.313012,35.0,CNG,16.03,23.1,4,1363,60.4,8.26,,89.0,0.00,-1.56,13.4,11.2,34.7,1.46,ARMED,,20.0,3,
1791388023764,28.627090,77.312978,36.0,CNG,20.60,22.4,4,1396,60.4,4.43,,90.0,0.00,-1.56,13.4,10.2,35.9,1.45,ARMED,,20.0,3,
1791388025464,28.627181,77.312942,37.0,CNG,20.69,14.9,4,1449,22.4,7.26,,90.0,-1.56,-3.91,13.2,0.0,37.1,1.49,ARMED,,15.3,4,
1791388026236,28.627268,77.312906,36.0,CNG,27.10,14.9,4,1397,22.4,2.98,,90.0,-1.56,-3.91,13.2,0.0,36.3,-0.05,ARMED,,15.3,4,
1791388027053,28.627347,77.312873,34.0,CNG,33.79,14.9,4,1335,22.4,2.53,,90.0,-1.56,-3.91,13.4,0.0,35.0,-0.79,ARMED,,15.3,4,
1791388028676,28.627505,77.312805,33.0,CNG,24.92,25.9,4,1280,62.7,7.66,,89.0,1.56,-1.56,13.4,15.0,33.5,-1.34,ARMED,,20.8,3,
1791388029431,28.627505,77.312805,35.0,CNG,34.52,14.9,4,1365,62.7,1.81,,89.0,1.56,-1.56,13.3,0.0,34.5,0.20,ARMED,,20.8,3,
1791388030203,28.627584,77.312772,35.0,CNG,42.29,14.9,5,981,62.7,2.26,,89.0,1.56,-1.56,13.3,0.0,35.0,0.00,ARMED,,20.8,4,
1791388031863,28.627744,77.312703,35.0,CNG,52.63,14.9,,764,23.1,1.73,,89.0,0.00,-2.34,13.3,0.0,35.0,0.00,ARMED,,12.2,,
1791388032605,28.627819,77.312675,31.0,CNG,57.70,14.9,,672,23.1,1.84,,89.0,0.00,-2.34,13.3,0.0,31.0,0.00,ARMED,,12.2,,
1791388033402,28.627819,77.312675,28.0,CNG,58.91,14.9,,651,23.1,1.87,,89.0,0.00,-2.34,13.2,0.0,28.0,0.00,ARMED,,12.2,,
1791388035278,28.627939,77.312649,24.0,CNG,61.74,14.9,,690,23.9,1.44,,90.0,-7.03,-2.34,13.5,0.0,24.0,0.00,ARMED,,12.2,,
1791388036063,28.627986,77.312648,17.0,CNG,62.62,14.9,,698,23.9,1.07,,90.0,-7.03,-2.34,13.3,0.0,17.0,0.00,ARMED,,12.2,,
1791388036790,28.628019,77.312652,13.0,CNG,47.27,14.9,,671,23.9,1.88,,90.0,-7.03,-2.34,13.3,0.0,13.0,0.00,ARMED,,12.2,,
1791388038467,28.628042,77.312658,9.0,CNG,33.26,14.9,,646,25.5,2.17,,90.0,-10.16,-2.34,13.5,0.0,9.0,0.00,ARMED,,12.2,,
1791388039247,28.628062,77.312666,8.0,CNG,11.94,31.0,,673,25.5,7.77,,90.0,-10.16,-2.34,13.5,21.9,8.0,0.00,ARMED,,12.2,,
1791388039973,28.628082,77.312675,9.0,CNG,8.34,32.2,,783,25.5,7.15,,90.0,-10.16,-2.34,13.4,23.5,9.0,0.00,ARMED,,12.2,,
1791388041656,28.628135,77.312717,11.0,CNG,6.33,32.2,,1106,89.0,9.67,,90.0,0.78,-1.56,13.4,23.5,11.0,0.00,ARMED,,20.4,,
1791388042435,28.628135,77.312717,17.0,CNG,6.98,34.1,3,874,89.0,8.96,,90.0,0.78,-1.56,13.4,26.2,17.0,0.00,ARMED,,20.4,2,
1791388043217,28.628164,77.312753,20.0,CNG,6.31,36.1,3,1024,89.0,14.20,,90.0,0.78,-1.56,13.4,28.9,18.9,1.10,ARMED,,20.4,2,
1791388045036,28.628215,77.312866,24.0,CNG,7.04,36.1,3,1198,92.5,12.33,,90.0,1.56,-1.56,13.4,28.9,22.7,2.67,ARMED,,40.0,2,
1791388045891,28.628242,77.312944,30.0,CNG,12.73,27.1,3,1585,92.5,2.14,,90.0,1.56,-1.56,13.4,16.6,29.7,3.72,ARMED,,40.0,3,
1791388046669,28.628268,77.313022,30.0,CNG,11.03,31.4,4,1317,92.5,12.86,,90.0,1.56,-1.56,13.4,22.5,30.0,0.00,ARMED,,40.0,3,
1791388048233,28.628291,77.313105,32.0,CNG,10.48,36.1,4,1232,94.1,13.25,,90.0,-0.78,-1.56,13.4,28.9,31.2,0.70,ARMED,,39.2,3,
1791388049187,28.628323,77.313201,36.0,CNG,9.67,34.9,4,1405,94.1,16.61,,90.0,-0.78,-1.56,13.4,27.3,35.6,2.14,ARMED,,39.2,3,
1791388049928,28.628357,77.313298,39.0,CNG,9.96,14.9,4,1491,94.1,15.41,,91.0,-0.78,-1.56,13.4,0.0,37.9,2.49,ARMED,,39.2,3,
1791388051576,28.628432,77.313503,39.0,CNG,15.35,23.1,5,1247,56.9,2.94,,91.0,0.00,-2.34,13.4,11.2,39.0,0.00,ARMED,,18.8,5,
1791388052312,28.628432,77.313503,40.0,CNG,17.71,14.9,5,1178,56.9,7.30,,91.0,0.00,-2.34,13.4,0.0,39.9,0.41,ARMED,,18.8,5,
1791388053143,28.628468,77.313608,40.0,CNG,23.00,24.3,5,1182,56.9,4.10,,91.0,0.00,-2.34,13.4,12.8,40.1,0.37,ARMED,,18.8,5,
1791388054786,28.628541,77.313820,40.0,CNG,23.47,23.5,5,1197,56.1,6.76,,91.0,-0.78,-2.34,13.4,11.8,40.4,0.39,ARMED,,19.2,5,
1791388055603,28.628577,77.313927,42.0,CNG,24.74,23.5,5,1236,56.1,6.41,,91.0,-0.78,-2.34,13.5,11.8,41.7,0.70,ARMED,,19.2,5,
1791388056471,28.628577,77.313927,43.0,CNG,25.93,23.5,5,1262,56.1,6.32,,91.0,-0.78,-2.34,13.5,11.8,42.6,0.77,ARMED,,19.2,5,
1791388058123,28.628654,77.314157,43.0,CNG,25.65,26.7,5,1278,29.0,6.96,,91.0,3.13,-3.13,13.4,16.1,43.2,0.78,ARMED,,17.6,4,
1791388059004,28.628693,77.314270,44.0,CNG,26.39,23.9,5,1314,29.0,6.53,,91.0,3.13,-3.13,13.4,12.3,44.4,0.74,ARMED,,17.6,5,
1791388059771,28.628733,77.314387,45.0,CNG,31.25,20.8,5,1329,29.0,4.34,,91.0,3.13,-3.13,13.2,8.0,44.9,0.73,ARMED,,17.6,5,
1791388061557,28.628812,77.314623,45.0,CNG,38.18,23.5,5,1322,43.9,3.26,,91.0,0.00,-2.34,13.2,11.8,45.0,0.38,ARMED,,17.6,5,
1791388062452,28.628812,77.314623,45.0,CNG,46.53,14.9,5,1343,43.9,2.68,,91.0,0.00,-2.34,13.4,0.0,45.4,0.32,ARMED,,17.6,5,
1791388063227,28.628850,77.314741,45.0,CNG,54.67,14.9,5,1312,43.9,2.49,,91.0,0.00,-2.34,13.4,0.0,44.8,-0.16,ARMED,,17.6,5,
1791388065033,28.628925,77.314958,42.0,CNG,70.71,14.9,,905,36.1,1.29,,91.0,0.00,-2.34,13.0,0.0,42.0,0.00,ARMED,,14.1,,
1791388065894,28.628952,77.315038,27.0,CNG,55.95,14.9,5,771,36.1,2.97,,91.0,0.00,-2.34,13.0,0.0,27.0,0.00,ARMED,,14.1,5,
1791388066704,28.628979,77.315106,26.0,CNG,51.85,14.9,5,786,36.1,2.37,,91.0,0.00,-2.34,13.2,0.0,26.4,-0.35,ARMED,,14.1,5,
1791388068533,28.629026,77.315235,25.0,CNG,45.05,14.9,5,790,36.5,2.85,,91.0,0.00,-2.34,13.3,0.0,25.4,-0.76,ARMED,,14.5,5,
1791388069315,28.629026,77.315235,24.0,CNG,44.67,14.9,5,805,36.5,2.23,,91.0,0.00,-2.34,13.4,0.0,24.0,-0.76,ARMED,,14.5,5,
1791388070116,28.629046,77.315296,24.0,CNG,38.95,14.9,5,804,36.5,3.07,,91.0,0.00,-2.34,13.4,0.0,23.8,-0.54,ARMED,,14.5,5,
1791388071822,28.629090,77.315414,23.0,CNG,21.80,22.4,4,805,42.7,7.53,,91.0,-4.69,-1.56,13.4,10.2,23.0,0.00,ARMED,,18.4,4,
1791388072594,28.629117,77.315476,24.0,CNG,20.45,14.9,2,1763,42.7,5.26,,91.0,-4.69,-1.56,13.4,0.0,24.0,0.00,ARMED,,18.4,2,
1791388073403,28.629117,77.315476,23.0,CNG,16.49,22.7,2,1728,42.7,7.46,,91.0,-4.69,-1.56,13.4,10.7,23.4,-0.36,ARMED,,18.4,2,
1791388075032,28.629188,77.315577,24.0,CNG,17.67,20.8,2,1770,20.4,4.96,,90.0,-1.56,-3.13,13.4,8.0,23.7,-0.03,ARMED,,16.1,2,
1791388075800,28.629244,77.315611,24.0,CNG,19.85,24.3,2,1798,20.4,4.03,,90.0,-1.56,-3.13,13.5,12.8,23.9,0.05,ARMED,,16.1,2,
1791388076572,28.629302,77.315619,24.0,CNG,15.82,24.3,2,1815,20.4,8.08,,90.0,-1.56,-3.13,13.5,12.8,24.1,0.09,ARMED,,16.1,2,
1791388078269,28.629364,77.315612,25.0,CNG,11.50,29.0,2,1870,54.5,12.38,,90.0,0.00,0.00,13.5,19.3,24.7,0.37,ARMED,,18.8,2,
1791388079011,28.629433,77.315597,29.0,CNG,16.23,16.5,2,1932,54.5,3.51,,89.0,0.00,0.00,13.5,2.1,26.0,0.71,ARMED,,18.8,2,
1791388079853,28.629503,77.315574,28.0,CNG,15.13,25.1,3,1524,54.5,8.28,,89.0,0.00,0.00,13.4,13.9,28.0,0.00,ARMED,,18.8,3,
1791388081535,28.629646,77.315509,30.0,CNG,13.24,27.1,3,1540,56.5,10.83,,89.0,0.78,-0.78,13.4,16.6,29.2,0.72,ARMED,,21.2,3,
1791388082340,28.629646,77.315509,34.0,CNG,16.64,14.9,3,1723,56.5,5.68,,89.0,0.78,-0.78,13.4,0.0,33.6,2.15,ARMED,,21.2,3,
1791388083069,28.629723,77.315470,34.0,CNG,14.24,25.5,4,1320,56.5,11.66,,89.0,0.78,-0.78,13.4,14.4,34.0,0.00,ARMED,,21.2,4,
1791388084775,28.629881,77.315392,34.0,CNG,14.48,26.7,4,1333,67.8,9.36,,89.0,0.78,-1.56,13.5,16.1,34.0,0.00,ARMED,,22.0,3,
1791388085544,28.629966,77.315350,37.0,CNG,14.23,14.9,4,1454,67.8,10.87,,89.0,0.78,-1.56,13.5,0.0,36.7,1.22,ARMED,,22.0,3,
1791388086336,28.629966,77.315350,38.0,CNG,14.09,24.3,5,1076,67.8,11.18,,89.0,0.78,-1.56,13.5,12.8,38.0,0.00,ARMED,,22.0,4,
1791388087927,28.630140,77.315267,38.0,CNG,15.95,24.3,5,1139,64.7,7.92,,89.0,-1.56,-1.56,13.5,12.8,38.0,0.00,ARMED,,13.3,4,
1791388088753,28.630234,77.315230,39.0,CNG,18.72,22.4,5,1171,64.7,6.42,,89.0,-1.56,-1.56,13.3,10.2,38.9,0.41,ARMED,,13.3,4,
1791388089473,28.630234,77.315230,40.0,CNG,20.28,16.1,5,1183,64.7,7.11,,89.0,-1.56,-1.56,13.3,1.6,39.3,0.45,ARMED,,13.3,4,
1791388091077,28.630417,77.315159,40.0,CNG,24.05,21.6,5,1178,46.3,4.97,,89.0,-1.56,-2.34,13.4,9.1,39.4,0.39,ARMED,,17.3,5,
1791388091891,28.630517,77.315121,40.0,CNG,26.62,19.2,5,1198,46.3,5.18,,89.0,-1.56,-2.34,13.4,5.9,40.0,0.37,ARMED,,17.3,5,
1791388092683,28.630610,77.315086,40.0,CNG,33.93,19.6,5,1201,46.3,2.86,,89.0,-1.56,-2.34,13.4,6.4,40.2,0.33,ARMED,,17.3,5,
1791388094338,28.630704,77.315045,40.0,CNG,40.75,19.6,5,1195,37.6,2.81,,90.0,0.78,-3.91,13.4,6.4,40.1,0.13,ARMED,,16.9,5,
1791388095103,28.630797,77.315008,40.0,CNG,38.13,21.6,5,1196,37.6,4.70,,90.0,0.78,-3.91,13.3,9.1,40.0,0.06,ARMED,,16.9,5,
1791388095859,28.630889,77.314971,40.0,CNG,35.25,21.6,5,1200,37.6,5.16,,90.0,0.78,-3.91,13.3,9.1,40.0,0.06,ARMED,,16.9,5,
1791388097506,28.631083,77.314889,41.0,CNG,34.32,22.0,5,1212,45.1,5.07,,90.0,0.00,-3.13,13.5,9.6,40.3,0.13,ARMED,,18.0,5,
1791388098405,28.631083,77.314889,42.0,CNG,33.67,19.6,5,1239,45.1,5.24,,89.0,0.00,-3.13,13.5,6.4,41.4,0.49,ARMED,,18.0,5,
1791388099253,28.631180,77.314845,42.0,CNG,42.79,14.9,5,1242,45.1,2.42,,89.0,0.00,-3.13,13.5,0.0,41.7,0.46,ARMED,,18.0,5,
1791388101126,28.631370,77.314760,40.0,CNG,49.55,28.2,5,1189,76.1,2.49,,89.0,0.78,-2.34,13.5,18.2,40.5,-0.41,ARMED,,22.7,4,
1791388101889,28.631469,77.314720,43.0,CNG,29.20,28.2,5,1263,76.1,9.54,,89.0,0.78,-2.34,13.4,18.2,42.1,0.63,ARMED,,22.7,4,
1791388102759,28.631570,77.314677,44.0,CNG,23.43,27.1,5,1310,76.1,9.83,,90.0,0.78,-2.34,13.4,16.6,43.5,1.12,ARMED,,22.7,4,
1791388104469,28.631777,77.314590,45.0,CNG,33.22,26.7,5,1335,50.6,2.25,,90.0,-2.34,-3.13,13.5,16.1,44.6,1.28,ARMED,,20.8,4,
1791388105307,28.631777,77.314590,45.0,CNG,41.68,14.9,5,1251,50.6,2.78,,90.0,-2.34,-3.13,13.5,0.0,42.8,-0.58,ARMED,,20.8,5,
1791388106074,28.631883,77.314548,44.0,CNG,53.67,14.9,,896,50.6,1.90,,90.0,-2.34,-3.13,13.1,0.0,44.0,0.00,ARMED,,20.8,,
1791388107877,28.632067,77.314484,41.0,CNG,60.26,14.9,,763,36.1,2.23,,90.0,0.00,-2.34,13.1,0.0,41.0,0.00,ARMED,,14.5,,
1791388108738,28.632131,77.314465,25.0,CNG,49.92,14.9,5,787,36.1,2.95,,90.0,0.00,-2.34,13.3,0.0,25.0,0.00,ARMED,,14.5,5,
1791388109468,28.632131,77.314465,18.0,CNG,44.21,14.9,4,789,36.1,2.23,,90.0,0.00,-2.34,13.3,0.0,18.0,0.00,ARMED,,14.5,4,
1791388111084,28.632213,77.314448,16.0,CNG,33.46,14.9,3,798,35.7,3.23,,90.0,3.13,-2.34,13.3,0.0,16.0,0.00,ARMED,,14.5,3,
1791388111863,28.632245,77.314451,13.0,CNG,30.04,14.9,,794,35.7,2.26,,90.0,3.13,-2.34,13.3,0.0,13.0,0.00,ARMED,,14.5,,
1791388112626,28.632272,77.314468,13.0,CNG,24.03,26.3,,792,35.7,3.20,,90.0,3.13,-2.34,13.4,15.5,13.0,0.00,ARMED,,14.5,,
1791388114225,28.632296,77.314493,12.0,CNG,13.48,24.3,,1444,56.5,6.99,,90.0,-1.56,-2.34,13.4,12.8,12.0,0.00,ARMED,,18.8,,
1791388115029,28.632319,77.314521,15.0,CNG,12.12,22.4,2,1104,56.5,5.82,,90.0,-1.56,-2.34,13.4,10.2,15.0,0.00,ARMED,,18.8,2,
1791388115844,28.632339,77.314555,15.0,CNG,15.82,23.5,2,1128,56.5,2.11,,90.0,-1.56,-2.34,13.4,11.8,15.0,0.00,ARMED,,18.8,2,
1791388117534,28.632358,77.314591,14.0,CNG,11.81,22.0,2,1083,36.1,6.81,,90.0,-1.56,-3.13,13.4,9.6,14.4,-0.36,ARMED,,14.5,2,
1791388118303,28.632374,77.314626,14.0,CNG,14.93,14.9,2,1065,36.1,2.25,,90.0,-1.56,-3.13,13.4,0.0,14.0,-0.31,ARMED,,14.5,2,
1791388119102,28.632388,77.314662,13.0,CNG,18.42,22.7,2,1013,36.1,1.77,,90.0,-1.56,-3.13,13.4,10.7,13.4,-0.48,ARMED,,14.5,2,
1791388120740,28.632414,77.314723,13.0,CNG,12.91,20.4,2,952,39.2,6.08,,90.0,-1.56,-3.13,13.4,7.5,12.7,-0.69,ARMED,,15.3,2,
1791388121514,28.632414,77.314723,12.0,CNG,15.31,19.6,2,916,39.2,2.20,,90.0,-1.56,-3.13,13.4,6.4,12.0,-0.52,ARMED,,15.3,2,
1791388122310,28.632427,77.314755,12.0,CNG,12.33,18.0,2,892,39.2,5.22,,90.0,-1.56,-3.13,13.4,4.3,11.6,-0.49,ARMED,,15.3,2,
1791388123933,28.632445,77.314810,11.0,CNG,13.79,20.4,2,824,78.4,2.60,,90.0,0.78,-2.34,13.4,7.5,11.0,-0.66,ARMED,,22.4,2,
1791388124675,28.632454,77.314838,10.0,CNG,10.71,29.0,2,781,78.4,5.34,,90.0,0.78,-2.34,13.4,19.3,10.2,-0.60,ARMED,,22.4,2,
1791388125470,28.632454,77.314838,12.0,CNG,6.75,30.2,2,879,78.4,11.00,,90.0,0.78,-2.34,13.5,20.9,10.8,0.03,ARMED,,22.4,2,
1791388127073,28.632480,77.314916,16.0,CNG,6.54,28.6,2,1136,31.4,10.33,,90.0,0.78,0.00,13.5,18.7,13.5,1.59,ARMED,,15.7,2,
1791388127832,28.632495,77.314965,19.0,CNG,8.21,28.2,3,1089,31.4,6.94,,90.0,0.78,0.00,13.3,18.2,19.0,0.00,ARMED,,15.7,2,
1791388128587,28.632515,77.315019,20.0,CNG,8.78,31.0,3,994,31.4,8.55,,90.0,0.78,0.00,13.3,21.9,19.6,0.36,ARMED,,15.7,2,
1791388130238,28.632534,77.315078,22.0,CNG,8.59,32.9,3,1109,87.8,10.74,,90.0,0.00,-1.56,13.3,24.6,21.2,1.11,ARMED,,25.5,2,
1791388130971,28.632556,77.315146,27.0,CNG,14.21,14.9,3,1342,87.8,2.34,,90.0,0.00,-1.56,13.3,0.0,26.5,2.76,ARMED,,25.5,2,
1791388131747,28.632580,77.315219,26.0,CNG,18.72,14.9,4,1065,87.8,3.36,,90.0,0.00,-1.56,13.4,0.0,26.0,0.00,ARMED,,25.5,3,
1791388133514,28.632612,77.315317,23.0,CNG,23.76,14.9,4,990,22.4,2.30,,90.0,7.81,-2.34,13.4,0.0,24.1,-1.10,ARMED,,12.5,4,
1791388134317,28.632612,77.315317,12.0,CNG,27.23,14.9,,726,22.4,1.03,,90.0,7.81,-2.34,13.4,0.0,12.0,0.00,ARMED,,12.5,,
1791388135050,28.632622,77.315345,8.0,CNG,29.10,14.9,,703,22.4,0.85,,90.0,7.81,-2.34,13.4,0.0,8.0,0.00,ARMED,,12.5,,
1791388136670,28.632632,77.315372,5.0,CNG,22.30,14.9,1,708,22.0,1.85,,90.0,-1.56,-1.56,13.5,0.0,5.0,0.00,ARMED,,12.5,1,
1791388137481,28.632632,77.315372,4.0,CNG,22.02,14.9,,723,22.0,0.78,,91.0,-1.56,-1.56,13.5,0.0,4.0,0.00,ARMED,,12.5,,
1791388138253,28.632635,77.315381,3.0,CNG,14.55,14.9,,707,22.0,1.99,,91.0,-1.56,-1.56,13.4,0.0,3.0,0.00,ARMED,,12.5,,
1791388139908,28.632641,77.315403,4.0,CNG,13.46,14.9,,715,22.4,1.42,,91.0,-3.13,-2.34,13.4,0.0,4.0,0.00,ARMED,,12.5,,
1791388140684,28.632647,77.315419,6.0,CNG,12.71,14.9,,712,22.4,2.07,,91.0,-3.13,-2.34,13.3,0.0,6.0,0.00,ARMED,,12.5,,
1791388141429,28.632647,77.315419,8.0,CNG,14.68,14.9,,716,22.4,1.87,,91.0,-3.13,-2.34,13.3,0.0,8.0,0.00,ARMED,,12.5,,
1791388143113,28.632664,77.315465,9.0,CNG,23.45,14.9,2,702,24.7,0.55,,91.0,-2.34,-3.13,13.2,0.0,9.0,0.00,ARMED,,12.5,2,
1791388143858,28.632680,77.315483,9.0,CNG,27.40,14.9,,647,24.7,1.06,,90.0,-2.34,-3.13,13.2,0.0,9.0,0.00,ARMED,,12.5,,
1791388144651,28.632700,77.315496,9.0,CNG,22.62,14.9,,682,24.7,2.01,,90.0,-2.34,-3.13,13.4,0.0,9.0,0.00,ARMED,,12.5,,
1791388146277,28.632719,77.315501,8.0,CNG,21.28,20.8,,690,90.6,1.68,,90.0,0.00,-2.34,13.4,8.0,8.0,0.00,ARMED,,25.9,,
1791388147048,28.632744,77.315500,12.0,CNG,9.79,25.5,2,825,90.6,7.81,,90.0,0.00,-2.34,13.3,14.4,12.0,0.00,ARMED,,25.9,2,
1791388147778,28.632778,77.315491,14.0,CNG,7.32,30.6,2,1030,90.6,9.87,,90.0,0.00,-2.34,13.3,21.4,13.2,0.71,ARMED,,25.9,2,
1791388149353,28.632820,77.315481,17.0,CNG,6.11,32.5,2,1282,70.6,13.29,,90.0,0.78,-1.56,13.4,24.1,15.7,1.84,ARMED,,14.5,2,
1791388150093,28.632871,77.315465,22.0,CNG,8.50,29.8,3,1062,70.6,6.72,,90.0,0.78,-1.56,13.4,20.3,22.0,0.00,ARMED,,14.5,2,
1791388150849,28.632925,77.315447,23.0,CNG,8.60,34.1,3,1135,70.6,10.78,,90.0,0.78,-1.56,13.4,26.2,22.6,0.35,ARMED,,14.5,2,
1791388152460,28.632983,77.315426,25.0,CNG,8.75,14.9,3,1293,63.9,11.44,,90.0,-10.94,-3.13,13.4,0.0,24.2,1.12,ARMED,,23.9,2,
1791388153273,28.633047,77.315396,28.0,CNG,8.52,34.5,3,1432,63.9,13.83,,90.0,-10.94,-3.13,13.4,26.8,27.7,1.93,ARMED,,23.9,2,
1791388154068,28.633115,77.315364,31.0,CNG,10.41,14.9,3,1572,63.9,9.03,,90.0,-10.94,-3.13,13.4,0.0,30.2,2.45,ARMED,,23.9,3,
1791388155751,28.633266,77.315302,31.0,CNG,10.65,33.3,4,1128,85.9,11.54,,90.0,0.00,-1.56,13.5,25.1,31.0,0.00,ARMED,,26.7,3,
1791388156468,28.633345,77.315272,35.0,CNG,10.32,38.4,4,1349,85.9,14.38,,90.0,0.00,-1.56,13.5,32.1,34.5,1.65,ARMED,,26.7,3,
1791388157372,28.633345,77.315272,37.0,CNG,10.35,38.8,4,1443,85.9,14.55,,90.0,0.00,-1.56,13.2,32.6,36.6,2.06,ARMED,,26.7,3,
1791388158991,28.633526,77.315204,40.0,CNG,11.92,14.9,4,1536,21.2,11.11,,91.0,0.00,0.00,13.2,0.0,39.0,2.49,ARMED,,14.1,4,
1791388159756,28.633617,77.315165,39.0,CNG,18.24,18.8,5,1211,21.2,2.31,,91.0,0.00,0.00,13.4,5.4,39.0,0.00,ARMED,,14.1,5,
1791388160539,28.633712,77.315128,39.0,CNG,23.86,20.4,5,1170,21.2,3.73,,91.0,0.00,0.00,13.4,7.5,39.0,0.00,ARMED,,14.1,5,
1791388162272,28.633801,77.315093,39.0,CNG,28.89,21.2,5,1160,41.6,3.82,,91.0,-3.13,-3.13,13.6,8.6,39.0,0.00,ARMED,,17.3,5,
1791388163075,28.633892,77.315057,39.0,CNG,28.36,22.0,5,1173,41.6,5.77,,91.0,-3.13,-3.13,13.6,9.6,39.0,0.00,ARMED,,17.3,5,
1791388163835,28.633990,77.315021,40.0,CNG,29.14,22.0,5,1185,41.6,5.39,,91.0,-3.13,-3.13,13.4,9.6,39.3,0.15,ARMED,,17.3,5,
1791388165619,28.634177,77.314952,40.0,CNG,29.70,22.4,5,1204,45.9,5.35,,91.0,-1.56,-3.13,13.3,10.2,39.8,0.39,ARMED,,18.0,5,
1791388166405,28.634177,77.314952,41.0,CNG,28.54,22.4,5,1230,45.9,6.20,,91.0,-1.56,-3.13,13.3,10.2,40.9,0.57,ARMED,,18.0,5,
1791388167250,28.634276,77.314915,42.0,CNG,26.20,23.9,5,1241,45.9,7.32,,91.0,-1.56,-3.13,13.3,12.3,41.4,0.57,ARMED,,18.0,5,
1791388168963,28.634476,77.314843,42.0,CNG,23.02,23.9,5,1257,65.1,8.78,,91.0,0.78,-2.34,13.5,12.3,41.9,0.58,ARMED,,20.8,4,
1791388169801,28.634578,77.314810,44.0,CNG,21.79,23.9,5,1293,65.1,8.87,,91.0,0.78,-2.34,13.5,12.3,43.2,0.64,ARMED,,20.8,4,
1791388170611,28.634682,77.314773,43.0,CNG,21.48,23.9,5,1298,65.1,8.36,,91.0,0.78,-2.34,13.2,12.3,43.5,0.58,ARMED,,20.8,4,
1791388172361,28.634790,77.314741,44.0,CNG,20.66,25.1,5,1309,67.8,9.18,,91.0,-0.78,-2.34,13.2,13.9,43.8,0.54,ARMED,,21.2,4,
1791388173250,28.634895,77.314712,45.0,CNG,24.85,24.3,5,1323,67.8,5.24,,91.0,-0.78,-2.34,13.3,12.8,44.4,0.35,ARMED,,21.2,4,
1791388173969,28.635001,77.314683,44.0,CNG,23.03,24.7,5,1335,67.8,8.67,,91.0,-0.78,-2.34,13.3,13.4,44.6,0.36,ARMED,,21.2,4,
1791388175686,28.635212,77.314630,44.0,CNG,23.46,19.2,5,1304,32.9,7.45,,91.0,-1.56,-3.91,13.6,5.9,44.1,-0.12,ARMED,,17.6,5,
1791388176578,28.635316,77.314604,43.0,CNG,25.30,14.9,5,1288,32.9,6.11,,91.0,-1.56,-3.91,13.6,0.0,43.2,-0.44,ARMED,,17.6,5,
1791388177342,28.635316,77.314604,42.0,CNG,33.89,14.9,,967,32.9,2.39,,91.0,-1.56,-3.91,13.1,0.0,42.0,0.00,ARMED,,17.6,,
1791388179193,28.635514,77.314562,41.0,CNG,44.56,14.9,,746,23.1,1.90,,91.0,0.00,-3.13,13.1,0.0,41.0,0.00,ARMED,,12.2,,
1791388180057,28.635600,77.314543,32.0,CNG,58.00,14.9,,641,23.1,0.91,,91.0,0.00,-3.13,13.4,0.0,32.0,0.00,ARMED,,12.2,,
1791388180772,28.635666,77.314530,27.0,CNG,56.97,14.9,,656,23.1,2.01,,91.0,0.00,-3.13,13.4,0.0,27.0,0.00,ARMED,,12.2,,
1791388182453,28.635716,77.314522,22.0,CNG,53.36,14.9,,682,24.3,1.93,,91.0,-10.16,-3.13,13.3,0.0,22.0,0.00,ARMED,,11.8,,
1791388183171,28.635755,77.314517,15.0,CNG,48.09,14.9,,665,24.3,1.64,,91.0,-10.16,-3.13,13.3,0.0,15.0,0.00,ARMED,,11.8,,
1791388183951,28.635786,77.314518,13.0,CNG,47.11,14.9,,625,24.3,1.19,,91.0,-10.16,-3.13,13.3,0.0,13.0,0.00,ARMED,,11.8,,
1791388185615,28.635829,77.314547,13.0,CNG,37.32,14.9,,641,25.5,2.08,,91.0,-10.94,-3.13,13.3,0.0,13.0,0.00,ARMED,,11.8,,
1791388186369,28.635829,77.314547,8.0,CNG,44.81,17.6,,692,25.5,0.27,,91.0,-10.94,-3.13,13.2,3.7,8.0,0.00,ARMED,,11.8,,
1791388187112,28.635840,77.314563,9.0,CNG,45.34,14.9,,696,25.5,0.79,,91.0,-10.94,-3.13,13.2,0.0,9.0,0.00,ARMED,,11.8,,
1791388188749,28.635851,77.314597,9.0,CNG,48.65,14.9,,679,23.9,0.65,,91.0,-1.56,-3.13,13.4,0.0,9.0,0.00,ARMED,,12.2,,
1791388189576,28.635854,77.314609,5.0,CNG,24.37,20.8,,646,23.9,2.16,,91.0,-1.56,-3.13,13.4,8.0,5.0,0.00,ARMED,,12.2,,
1791388190326,28.635854,77.314609,6.0,CNG,21.08,14.9,,672,23.9,1.49,,91.0,-1.56,-3.13,13.1,0.0,6.0,0.00,ARMED,,12.2,,
1791388191950,28.635858,77.314665,7.0,CNG,16.07,14.9,,732,38.0,2.45,,91.0,-5.47,-3.13,13.1,0.0,7.0,0.00,ARMED,,14.5,,
1791388192720,28.635856,77.314681,6.0,CNG,11.83,14.9,1,784,38.0,3.06,,91.0,-5.47,-3.13,13.4,0.0,6.0,0.00,ARMED,,14.5,1,
1791388193488,28.635856,77.314681,6.0,CNG,10.32,14.9,1,795,38.0,2.89,,91.0,-5.47,-3.13,13.4,0.0,6.0,0.00,ARMED,,14.5,1,
1791388195232,28.635845,77.314716,6.0,CNG,6.01,14.9,1,795,40.0,6.83,,91.0,0.00,-3.13,13.2,0.0,6.0,0.00,ARMED,,14.5,1,
1791388196036,28.635831,77.314738,9.0,CNG,7.91,14.9,,794,40.0,3.11,,91.0,0.00,-3.13,13.2,0.0,9.0,0.00,ARMED,,14.5,,
1791388196883,28.635812,77.314754,9.0,CNG,6.18,22.4,,793,40.0,7.55,,91.0,0.00,-3.13,13.3,10.2,9.0,0.00,ARMED,,14.5,,
1791388198587,28.635747,77.314781,11.0,CNG,6.41,25.1,2,869,70.2,6.72,,91.0,0.78,-2.34,13.5,13.9,11.0,0.00,ARMED,,20.0,2,
1791388199383,28.635747,77.314781,18.0,CNG,7.88,25.1,2,1272,70.2,7.70,,91.0,0.78,-2.34,13.5,13.9,17.2,2.83,ARMED,,20.0,2,
1791388200095,28.635704,77.314792,20.0,CNG,8.81,14.9,2,1483,70.2,8.23,,91.0,0.78,-2.34,13.5,0.0,19.7,3.08,ARMED,,20.0,2,
1791388201766,28.635601,77.314816,21.0,CNG,13.58,25.5,3,1134,69.0,2.50,,91.0,0.00,-2.34,13.4,14.4,21.0,0.00,ARMED,,23.5,2,
1791388202533,28.635540,77.314830,25.0,CNG,11.07,32.2,3,1256,69.0,11.05,,91.0,0.00,-2.34,13.4,23.5,24.5,1.63,ARMED,,23.5,2,
1791388203329,28.635540,77.314830,29.0,CNG,10.31,14.9,3,1432,69.0,12.35,,91.0,0.00,-2.34,13.5,0.0,27.8,2.79,ARMED,,23.5,2,
1791388204946,28.635394,77.314861,30.0,CNG,15.69,27.8,3,1390,83.9,2.92,,91.0,0.00,-2.34,13.5,17.7,28.9,2.18,ARMED,,24.3,2,
1791388205731,28.635313,77.314878,33.0,CNG,13.98,14.9,4,1297,83.9,10.91,,91.0,0.00,-2.34,13.5,0.0,33.0,0.00,ARMED,,24.3,3,
1791388206459,28.635313,77.314878,34.0,CNG,21.21,22.7,4,1338,83.9,2.21,,91.0,0.00,-2.34,13.5,10.7,33.6,0.35,ARMED,,24.3,3,
1791388208127,28.635143,77.314924,35.0,CNG,17.29,26.7,4,1341,24.3,10.30,,91.0,0.00,0.00,13.0,16.1,34.5,0.75,ARMED,,13.3,3,
1791388208832,28.635055,77.314946,36.0,CNG,25.50,24.3,,808,24.3,2.05,,91.0,0.00,0.00,13.0,12.8,36.0,0.00,ARMED,,13.3,,
1791388209637,28.634966,77.314970,36.0,CNG,23.49,23.9,4,1397,24.3,6.96,,91.0,0.00,0.00,13.5,12.3,36.0,0.00,ARMED,,13.3,4,
1791388211256,28.634876,77.314996,37.0,CNG,27.27,14.9,4,1446,57.3,4.29,,91.0,-0.78,-3.13,13.5,0.0,36.6,0.36,ARMED,,24.3,4,
1791388212068,28.634782,77.315028,39.0,CNG,17.94,14.9,4,1515,57.3,13.05,,91.0,-0.78,-3.13,13.5,0.0,38.8,1.09,ARMED,,24.3,4,
1791388212831,28.634691,77.315061,40.0,CNG,23.41,14.9,5,1146,57.3,4.03,,91.0,-0.78,-3.13,13.5,0.0,40.0,0.00,ARMED,,24.3,5,
1791388214580,28.634523,77.315120,38.0,CNG,31.28,14.9,5,1137,32.2,2.45,,91.0,-0.78,-3.13,13.2,0.0,38.7,-0.74,ARMED,,14.9,5,
1791388215311,28.634523,77.315120,29.0,CNG,35.39,14.9,5,847,32.2,2.48,,90.0,-0.78,-3.13,13.2,0.0,30.1,-4.21,ARMED,,14.9,5,
1791388216127,28.634464,77.315140,23.0,CNG,37.10,14.9,4,811,32.2,2.26,,90.0,-0.78,-3.13,13.4,0.0,23.0,0.00,ARMED,,14.9,4,
1791388217778,28.634353,77.315181,23.0,CNG,39.16,14.9,4,809,22.7,2.14,,91.0,-0.78,-3.13,13.4,0.0,23.0,0.00,ARMED,,12.9,4,
1791388218585,28.634300,77.315200,22.0,CNG,42.09,14.9,5,734,22.7,1.84,,91.0,-0.78,-3.13,13.4,0.0,22.0,0.00,ARMED,,12.9,5,
1791388219329,28.634300,77.315200,21.0,CNG,41.22,14.9,4,785,22.7,2.16,,91.0,-0.78,-3.13,13.4,0.0,21.0,0.00,ARMED,,12.9,4,
1791388221015,28.634210,77.315233,19.0,CNG,50.58,14.9,4,747,22.0,0.89,,91.0,7.81,-3.13,13.5,0.0,19.8,-0.70,ARMED,,12.5,4,
1791388221828,28.634170,77.315251,16.0,CNG,55.43,18.0,,710,22.0,0.95,,91.0,7.81,-3.13,13.5,4.3,16.0,0.00,ARMED,,12.5,,
1791388222672,28.634132,77.315263,16.0,CNG,22.46,20.0,3,849,22.0,6.06,,91.0,7.81,-3.13,13.5,7.0,16.0,0.00,ARMED,,12.5,3,
1791388224348,28.634097,77.315278,16.0,CNG,22.21,23.1,2,1246,24.7,3.00,,91.0,0.00,-3.91,13.5,11.2,16.0,0.00,ARMED,,14.5,2,
1791388225152,28.634059,77.315293,16.0,CNG,24.73,23.1,2,1181,24.7,2.16,,91.0,0.00,-3.91,13.2,11.2,16.0,0.00,ARMED,,14.5,2,
1791388225954,28.634021,77.315307,16.0,CNG,16.41,22.4,2,1193,24.7,6.09,,90.0,0.00,-3.91,13.2,10.2,16.0,0.00,ARMED,,14.5,2,
1791388227599,28.633938,77.315339,17.0,CNG,17.37,22.0,2,1278,63.1,3.66,,90.0,-4.69,-3.13,13.4,9.6,16.7,0.40,ARMED,,21.6,2,
1791388228355,28.633938,77.315339,20.0,CNG,11.16,25.9,2,1458,63.1,10.60,,90.0,-4.69,-3.13,13.4,15.0,19.3,1.33,ARMED,,21.6,2,
1791388229187,28.633890,77.315359,22.0,CNG,16.47,14.9,2,1599,63.1,2.27,,90.0,-4.69,-3.13,13.5,0.0,21.1,1.74,ARMED,,21.6,2,
1791388231094,28.633785,77.315404,22.0,CNG,13.66,23.1,4,938,32.9,8.08,,90.0,-4.69,-3.13,13.5,11.2,22.0,0.00,ARMED,,14.9,4,
1791388231873,28.633736,77.315427,22.0,CNG,13.47,14.9,3,1139,32.9,6.81,,90.0,-4.69,-3.13,13.1,0.0,22.0,0.00,ARMED,,14.9,3,
1791388232692,28.633685,77.315449,21.0,CNG,17.43,14.9,3,1085,32.9,2.74,,90.0,-4.69,-3.13,13.1,0.0,21.3,-0.38,ARMED,,14.9,3,
1791388234334,28.633640,77.315466,19.0,CNG,20.09,25.1,3,1013,75.3,2.88,,90.0,0.00,-3.13,13.4,13.9,19.8,-1.10,ARMED,,24.3,2,
1791388235090,28.633594,77.315483,20.0,CNG,14.12,14.9,3,1043,75.3,8.40,,90.0,0.00,-3.13,13.4,0.0,19.7,-0.28,ARMED,,24.3,2,
1791388235886,28.633543,77.315502,22.0,CNG,18.91,14.9,3,1102,75.3,2.54,,90.0,0.00,-3.13,13.4,0.0,20.6,0.32,ARMED,,24.3,2,
1791388237511,28.633496,77.315520,20.0,CNG,20.59,14.9,3,1068,43.1,3.42,,90.0,-0.78,-3.13,13.4,0.0,20.6,0.26,ARMED,,18.0,3,
1791388238319,28.633450,77.315537,20.0,CNG,14.76,23.5,3,1070,43.1,7.95,,90.0,-0.78,-3.13,13.5,11.8,20.6,0.03,ARMED,,18.0,3,
1791388239078,28.633402,77.315558,21.0,CNG,18.54,14.9,3,1066,43.1,2.91,,90.0,-0.78,-3.13,13.5,0.0,20.5,0.01,ARMED,,18.0,3,
1791388240730,28.633306,77.315595,21.0,CNG,22.56,20.4,3,1084,24.3,2.59,,90.0,7.03,-2.34,13.4,7.5,20.7,0.06,ARMED,,14.1,3,
1791388241460,28.633306,77.315595,21.0,CNG,26.18,19.6,3,1080,24.3,2.50,,90.0,7.03,-2.34,13.4,6.4,20.8,0.05,ARMED,,14.1,3,
1791388242255,28.633257,77.315614,21.0,CNG,25.92,19.2,3,1061,24.3,3.36,,90.0,7.03,-2.34,13.4,5.9,20.6,-0.02,ARMED,,14.1,3,
1791388243858,28.633158,77.315648,21.0,CNG,31.68,21.2,3,1063,56.1,1.81,,90.0,0.78,-3.91,13.4,8.6,20.5,-0.03,ARMED,,22.0,3,
1791388244636,28.633104,77.315662,22.0,CNG,15.32,34.5,3,1131,56.1,10.20,,90.0,0.78,-3.91,13.4,26.8,21.7,0.53,ARMED,,22.0,2,
1791388245388,28.633104,77.315662,25.0,CNG,11.78,34.5,3,1269,56.1,11.25,,90.0,0.78,-3.91,13.4,26.8,23.6,1.43,ARMED,,22.0,2,
1791388247158,28.632969,77.315692,28.0,CNG,10.17,34.5,3,1395,78.8,13.13,,90.0,0.00,-1.56,13.5,26.8,26.2,2.27,ARMED,,25.5,2,
1791388247884,28.632893,77.315711,34.0,CNG,9.66,20.4,3,1705,78.8,15.19,,90.0,0.00,-1.56,13.5,7.5,32.9,3.55,ARMED,,25.5,3,
1791388248650,28.632810,77.315738,34.0,CNG,14.72,26.7,3,1650,78.8,3.20,,90.0,0.00,-1.56,13.5,16.1,33.5,2.44,ARMED,,25.5,3,
1791388250339,28.632725,77.315765,35.0,CNG,14.53,28.2,4,1465,26.7,10.01,,91.0,-2.34,-2.34,13.5,18.2,35.0,0.00,ARMED,,14.9,3,
1791388251107,28.632641,77.315795,36.0,CNG,16.50,23.9,4,1378,26.7,7.29,,91.0,-2.34,-2.34,13.4,12.3,35.9,0.41,ARMED,,14.9,4,
1791388251873,28.632553,77.315825,36.0,CNG,20.22,14.9,4,1411,26.7,4.96,,91.0,-2.34,-2.34,13.4,0.0,36.1,0.37,ARMED,,14.9,4,
1791388253592,28.632385,77.315883,36.0,CNG,26.89,14.9,5,1082,31.8,2.86,,91.0,-0.78,-1.56,13.0,0.0,36.0,0.00,ARMED,,14.9,5,
1791388254307,28.632385,77.315883,33.0,CNG,34.29,14.9,,821,31.8,2.20,,91.0,-0.78,-1.56,13.0,0.0,33.0,0.00,ARMED,,14.9,,
1791388255123,28.632306,77.315911,33.0,CNG,36.79,14.9,,809,31.8,3.25,,91.0,-0.78,-1.56,13.2,0.0,33.0,0.00,ARMED,,14.9,,
1791388256747,28.632153,77.315968,33.0,CNG,43.18,14.9,,810,36.1,2.29,,91.0,0.00,-1.56,13.2,0.0,33.0,0.00,ARMED,,14.5,,
1791388257504,28.632153,77.315968,31.0,CNG,42.76,14.9,,808,36.1,3.01,,91.0,0.00,-1.56,13.5,0.0,31.0,0.00,ARMED,,14.5,,
1791388258218,28.632079,77.315995,30.0,CNG,48.04,14.9,,773,36.1,2.04,,91.0,0.00,-1.56,13.5,0.0,30.0,0.00,ARMED,,14.5,,
1791388259914,28.631941,77.316049,29.0,CNG,61.59,14.9,,748,22.4,1.04,,91.0,11.72,-1.56,13.5,0.0,29.0,0.00,ARMED,,12.5,,
1791388260712,28.631874,77.316080,28.0,CNG,59.38,14.9,,717,22.4,2.04,,91.0,11.72,-1.56,13.5,0.0,28.0,0.00,ARMED,,12.5,,
1791388261535,28.631806,77.316111,28.0,CNG,57.39,14.9,,708,22.4,2.10,,91.0,11.72,-1.56,13.3,0.0,28.0,0.00,ARMED,,12.5,,
1791388263299,28.631742,77.316143,28.0,CNG,74.44,14.9,,704,22.7,0.83,,91.0,-2.34,0.78,13.4,0.0,28.0,0.00,ARMED,,12.5,,
1791388264056,28.631683,77.316171,27.0,CNG,73.72,14.9,,701,22.7,1.52,,91.0,-2.34,0.78,13.2,0.0,27.0,0.00,ARMED,,12.5,,
1791388264835,28.631619,77.316201,28.0,CNG,64.59,14.9,,706,22.7,2.10,,92.0,-2.34,0.78,13.2,0.0,28.0,0.00,ARMED,,12.5,,
1791388266916,28.631498,77.316256,27.0,CNG,59.15,14.9,,698,22.4,2.11,,92.0,-5.47,-0.78,13.2,0.0,27.0,0.00,ARMED,,12.5,,
1791388267812,28.631436,77.316282,25.0,CNG,55.60,14.9,5,714,22.4,2.02,,91.0,-5.47,-0.78,13.2,0.0,25.0,0.00,ARMED,,12.5,5,
1791388268765,28.631376,77.316306,25.0,CNG,70.70,14.9,5,721,22.4,0.82,,91.0,-5.47,-0.78,13.5,0.0,25.0,0.00,ARMED,,12.5,5,
1791388270872,28.631262,77.316353,25.0,CNG,70.42,14.9,5,718,22.4,1.46,,91.0,-1.56,-3.91,13.5,0.0,25.0,0.00,ARMED,,15.7,5,
1791388271890,28.631212,77.316375,20.0,CNG,48.02,14.9,4,732,22.4,2.74,,91.0,-1.56,-3.91,13.0,0.0,20.0,0.00,ARMED,,15.7,4,
1791388272860,28.631175,77.316388,16.0,CNG,40.56,14.9,3,765,22.4,2.16,,91.0,-1.56,-3.91,13.0,0.0,16.0,0.00,ARMED,,15.7,3,
1791388274958,28.631127,77.316412,11.0,CNG,26.80,14.9,2,782,58.0,3.26,,91.0,1.56,-3.91,13.3,0.0,11.0,0.00,ARMED,,22.4,2,
1791388275734,28.631106,77.316430,11.0,CNG,30.08,14.9,2,822,58.0,1.08,,91.0,1.56,-3.91,13.3,0.0,11.0,0.00,ARMED,,22.4,2,
1791388276541,28.631090,77.316453,11.0,CNG,21.43,14.9,2,803,58.0,3.28,,91.0,1.56,-3.91,13.4,0.0,11.0,0.00,ARMED,,22.4,2,
1791388278162,28.631075,77.316479,11.0,CNG,19.16,20.8,2,795,38.4,2.79,,91.0,6.25,-3.91,13.4,8.0,10.9,-0.02,ARMED,,14.9,2,
1791388278922,28.631060,77.316504,11.0,CNG,29.31,14.9,2,832,38.4,0.18,,91.0,6.25,-3.91,13.3,0.0,11.3,0.17,ARMED,,14.9,2,
1791388279702,28.631045,77.316530,11.0,CNG,24.79,14.9,2,774,38.4,2.26,,91.0,6.25,-3.91,13.3,0.0,10.9,-0.14,ARMED,,14.9,2,
1791388281352,28.631029,77.316556,11.0,CNG,26.28,14.9,2,761,22.0,1.55,,91.0,10.94,-3.91,13.3,0.0,10.6,-0.20,ARMED,,12.5,2,
1791388282151,28.631014,77.316579,10.0,CNG,31.89,14.9,2,742,22.0,0.82,,91.0,10.94,-3.91,13.3,0.0,10.2,-0.21,ARMED,,12.5,2,
1791388282937,28.630999,77.316598,9.0,CNG,25.63,14.9,,681,22.0,1.94,,91.0,10.94,-3.91,13.4,0.0,9.0,0.00,ARMED,,12.5,,
1791388284596,28.630965,77.316635,9.0,CNG,23.46,14.9,,655,26.7,1.79,,91.0,0.78,-1.56,13.4,0.0,9.0,0.00,ARMED,,12.5,,
1791388285435,28.630965,77.316635,9.0,CNG,20.10,14.9,,628,26.7,2.25,,91.0,0.78,-1.56,13.3,0.0,9.0,0.00,ARMED,,12.5,,
1791388286171,28.630945,77.316648,9.0,CNG,10.78,21.2,,647,26.7,5.89,,91.0,0.78,-1.56,13.3,8.6,9.0,0.00,ARMED,,12.5,,
1791388287857,28.630908,77.316676,9.0,CNG,10.29,17.3,,657,25.5,3.82,,91.0,-3.91,-0.78,13.4,3.2,9.0,0.00,ARMED,,12.5,,
1791388288620,28.630887,77.316689,9.0,CNG,12.35,16.5,,670,25.5,2.07,,91.0,-3.91,-0.78,13.4,2.1,9.0,0.00,ARMED,,12.5,,
1791388289378,28.630887,77.316689,9.0,CNG,14.43,14.9,2,709,25.5,1.90,,91.0,-3.91,-0.78,13.2,0.0,9.0,0.00,ARMED,,12.5,2,
1791388290971,28.630846,77.316712,10.0,CNG,12.17,14.9,2,729,50.6,4.07,,91.0,-1.56,-0.78,13.2,0.0,9.6,0.36,ARMED,,15.7,2,
1791388291737,28.630826,77.316724,9.0,CNG,12.94,14.9,,781,50.6,2.56,,91.0,-1.56,-0.78,13.2,0.0,9.0,0.00,ARMED,,15.7,,
1791388292535,28.630811,77.316732,7.0,CNG,11.53,14.9,,792,50.6,3.02,,91.0,-1.56,-0.78,13.2,0.0,7.0,0.00,ARMED,,15.7,,
1791388294191,28.630800,77.316737,6.0,CNG,10.18,14.9,1,797,36.9,3.00,,91.0,-0.78,-0.78,13.4,0.0,6.0,0.00,ARMED,,14.5,1,
1791388294932,28.630791,77.316742,5.0,CNG,9.94,17.3,,807,36.9,2.16,,90.0,-0.78,-0.78,13.4,3.2,5.0,0.00,ARMED,,14.5,,
1791388295681,28.630780,77.316748,5.0,CNG,10.95,14.9,1,726,36.9,1.50,,90.0,-0.78,-0.78,13.2,0.0,5.0,0.00,ARMED,,14.5,1,
1791388297451,28.630768,77.316757,5.0,CNG,9.12,14.9,,802,43.9,2.90,,91.0,-2.34,-3.91,13.4,0.0,5.0,0.00,ARMED,,15.3,,
1791388298266,28.630758,77.316767,6.0,CNG,10.97,14.9,,672,43.9,1.61,,91.0,-2.34,-3.91,13.4,0.0,6.0,0.00,ARMED,,15.3,,
1791388299014,28.630743,77.316778,7.0,CNG,11.95,14.9,,696,43.9,2.13,,90.0,-2.34,-3.91,13.4,0.0,7.0,0.00,ARMED,,15.3,,
1791388300705,28.630717,77.316791,6.0,CNG,15.28,14.9,,709,22.7,0.91,,90.0,8.59,-0.78,13.4,0.0,6.0,0.00,ARMED,,12.5,,
1791388301463,28.630717,77.316791,3.0,CNG,14.97,14.9,,709,22.7,0.87,,90.0,8.59,-0.78,13.4,0.0,3.0,0.00,ARMED,,12.5,,
1791388302207,28.630707,77.316795,4.0,CNG,11.43,14.9,,705,22.7,2.05,,90.0,8.59,-0.78,13.5,0.0,4.0,0.00,ARMED,,12.5,,
1791388303825,28.630703,77.316797,2.0,CNG,8.30,14.9,,699,27.8,1.90,,90.0,-4.69,-0.78,13.5,0.0,2.0,0.00,ARMED,,12.5,,
1791388304567,28.630703,77.316797,0.0,CNG,,14.9,0,681,27.8,1.61,,90.0,-4.69,-0.78,13.5,0.0,0.0,0.00,ARMED,,12.5,1,
1791388305304,28.630703,77.316797,0.0,CNG,,14.9,0,690,27.8,2.29,,90.0,-4.69,-0.78,13.5,0.0,0.0,0.00,ARMED,,12.5,1,
1791388306918,28.630703,77.316797,0.0,CNG,,14.9,0,694,26.7,2.20,,90.0,-3.13,-1.56,13.7,0.0,0.0,0.00,ARMED,,12.9,1,
1791388307676,28.630703,77.316797,0.0,CNG,,14.9,0,705,26.7,1.55,,90.0,-3.13,-1.56,13.7,0.0,0.0,0.00,ARMED,,12.9,1,
1791388308432,28.630703,77.316797,0.0,CNG,,14.9,0,705,26.7,1.13,,90.0,-3.13,-1.56,13.6,0.0,0.0,0.00,ARMED,,12.9,1,
1791388309866,28.630703,77.316797,,CNG,,,0,701,26.7,1.13,,90.0,-3.13,-1.56,13.6,,0.0,0.00,ARMED,,12.9,1,
1791388310680,28.630703,77.316797,,CNG,,,,,26.7,1.13,,90.0,-3.13,-1.56,13.6,,0.0,0.00,OFF,,12.9,,
1791388311532,28.630703,77.316797,,CNG,,,,,26.7,1.13,,90.0,-3.13,-1.56,13.6,,0.0,0.00,OFF,,12.9,,
1791388313083,28.630697,77.316798,,CNG,,,,,26.7,1.13,,90.0,-3.13,-1.56,13.6,,0.0,0.00,OFF,,12.9,,
1791388313842,28.630696,77.316805,,CNG,,,,,26.7,1.13,,90.0,-3.13,-1.56,13.6,,0.0,0.00,OFF,,12.9,,
1791388314640,28.630700,77.316807,,CNG,,,,,26.7,1.13,,90.0,-3.13,-1.56,13.6,,0.0,0.00,OFF,,12.9,,
1791388316394,28.630706,77.316807,,CNG,,,,,26.7,1.13,,90.0,-3.13,-1.56,13.6,,0.0,0.00,OFF,,12.9,,
1791388317282,28.630712,77.316806,,CNG,,,,,26.7,1.13,,90.0,-3.13,-1.56,13.6,,0.0,0.00,OFF,,12.9,,
1791388318039,28.630714,77.316806,,CNG,,,,,26.7,1.13,,90.0,-3.13,-1.56,13.6,,0.0,0.00,OFF,,12.9,,
1791388319674,28.630697,77.316809,,CNG,,,,,26.7,1.13,,90.0,-3.13,-1.56,13.6,,0.0,0.00,OFF,,12.9,,
1791388320581,28.630692,77.316816,,CNG,,,,,26.7,1.13,,90.0,-3.13,-1.56,13.6,,0.0,0.00,OFF,,12.9,,
1791388321306,28.630692,77.316816,,CNG,,,,,26.7,1.13,,90.0,-3.13,-1.56,13.6,,0.0,0.00,OFF,,12.9,,
1791388322855,28.630693,77.316834,,CNG,,,,,26.7,1.13,,90.0,-3.13,-1.56,13.6,,0.0,0.00,OFF,,12.9,,
1791388324070,28.630692,77.316843,,CNG,,,,,26.7,1.13,,90.0,-3.13,-1.56,13.6,,0.0,0.00,OFF,,12.9,,
1791388324879,28.630690,77.316847,,CNG,,,,,26.7,1.13,,90.0,-3.13,-1.56,13.6,,0.0,0.00,OFF,,12.9,,
1791388326771,28.630692,77.316850,,CNG,,,,,26.7,1.13,,90.0,-3.13,-1.56,13.6,,0.0,0.00,OFF,,12.9,,
