2026-09-29 07:54:03.286 INFO DriveService: Connected to OBD
2026-09-29 07:58:50.654 INFO DriveService: Trip saved: 0.14371472222222217 km
2026-09-29 07:59:01.335 INFO Sync: Synced trip 1790648660083
2026-09-29 07:59:04.383 INFO Sync: Synced trip 1790648660083
2026-09-29 07:59:13.330 ERROR DriveService: Loop error, reconnecting
java.io.IOException: Broken pipe
	at android.net.LocalSocketImpl.writeba_native(Native Method)
	at android.net.LocalSocketImpl.-$$Nest$mwriteba_native(LocalSocketImpl.java:0)
	at android.net.LocalSocketImpl$SocketOutputStream.write(LocalSocketImpl.java:144)
	at android.bluetooth.BluetoothSocket.write(BluetoothSocket.java:1142)
	at android.bluetooth.BluetoothOutputStream.write(BluetoothOutputStream.java:77)
	at java.io.OutputStream.write(OutputStream.java:127)
	at com.victoris.ledger.obd.SppTransport$write$2.invokeSuspend(SppTransport.kt:69)
	at com.victoris.ledger.obd.SppTransport$write$2.invoke(SppTransport.kt:8)
	at com.victoris.ledger.obd.SppTransport$write$2.invoke(SppTransport.kt:4)
	at kotlinx.coroutines.intrinsics.UndispatchedKt.startUndispatchedOrReturn(Undispatched.kt:42)
	at kotlinx.coroutines.BuildersKt__Builders_commonKt.withContext(Builders.common.kt:164)
	at kotlinx.coroutines.BuildersKt.withContext(dex-id-7f9f9556023a562beb7768b71c75dc8d33f48d6f:1)
	at com.victoris.ledger.obd.SppTransport.write(SppTransport.kt:68)
	at com.victoris.ledger.obd.Elm327.command(Elm327.kt:39)
	at com.victoris.ledger.obd.Elm327.readPid(Elm327.kt:135)
	at com.victoris.ledger.obd.Elm327.readPid$default(Elm327.kt:133)
	at com.victoris.ledger.obd.DriveService.safeReadPid(DriveService.kt:762)
	at com.victoris.ledger.obd.DriveService.runDriveLoop(DriveService.kt:482)
	at com.victoris.ledger.obd.DriveService.access$runDriveLoop(DriveService.kt:94)
	at com.victoris.ledger.obd.DriveService$runDriveLoop$1.invokeSuspend(DriveService.kt:15)
	at kotlin.coroutines.jvm.internal.BaseContinuationImpl.resumeWith(ContinuationImpl.kt:33)
	at kotlinx.coroutines.internal.ScopeCoroutine.afterResume(Scopes.kt:28)
	at kotlinx.coroutines.AbstractCoroutine.resumeWith(AbstractCoroutine.kt:100)
	at kotlin.coroutines.jvm.internal.BaseContinuationImpl.resumeWith(ContinuationImpl.kt:46)
	at kotlinx.coroutines.DispatchedTask.run(DispatchedTask.kt:99)
	at kotlinx.coroutines.internal.LimitedDispatcher$Worker.run(LimitedDispatcher.kt:113)
	at kotlinx.coroutines.scheduling.TaskImpl.run(Tasks.kt:89)
	at kotlinx.coroutines.scheduling.CoroutineScheduler.runSafely(CoroutineScheduler.kt:589)
	at kotlinx.coroutines.scheduling.CoroutineScheduler$Worker.executeTask(CoroutineScheduler.kt:823)
	at kotlinx.coroutines.scheduling.CoroutineScheduler$Worker.runWorker(CoroutineScheduler.kt:720)
	at kotlinx.coroutines.scheduling.CoroutineScheduler$Worker.run(CoroutineScheduler.kt:707)

2026-09-29 08:05:35.685 INFO DriveService: Connected to OBD
2026-09-29 08:08:34.048 INFO DriveService: Vehicle detected: WAGONR (median 26.91)
2026-09-29 08:40:17.073 INFO DriveService: Trip saved: 22.898373055555588 km
2026-09-29 08:40:27.290 ERROR Sync: Failed to upload JSON trips/WAGONR/2026-09-29_1790649334377.json
java.net.UnknownHostException: Unable to resolve host "api.github.com": No address associated with hostname
	at java.net.Inet6AddressImpl.lookupHostByName(Inet6AddressImpl.java:124)
	at java.net.Inet6AddressImpl.lookupAllHostAddr(Inet6AddressImpl.java:103)
	at java.net.InetAddress.getAllByName(InetAddress.java:1154)
	at com.android.okhttp.Dns$1.lookup(Dns.java:41)
	at com.android.okhttp.internal.http.RouteSelector.resetNextInetSocketAddress(RouteSelector.java:178)
	at com.android.okhttp.internal.http.RouteSelector.nextProxy(RouteSelector.java:144)
	at com.android.okhttp.internal.http.RouteSelector.next(RouteSelector.java:86)
	at com.android.okhttp.internal.http.StreamAllocation.findConnection(StreamAllocation.java:176)
	at com.android.okhttp.internal.http.StreamAllocation.findHealthyConnection(StreamAllocation.java:128)
	at com.android.okhttp.internal.http.StreamAllocation.newStream(StreamAllocation.java:97)
	at com.android.okhttp.internal.http.HttpEngine.connect(HttpEngine.java:289)
	at com.android.okhttp.internal.http.HttpEngine.sendRequest(HttpEngine.java:232)
	at com.android.okhttp.internal.huc.HttpURLConnectionImpl.execute(HttpURLConnectionImpl.java:465)
	at com.android.okhttp.internal.huc.HttpURLConnectionImpl.connect(HttpURLConnectionImpl.java:131)
	at com.android.okhttp.internal.huc.HttpURLConnectionImpl.getOutputStream(HttpURLConnectionImpl.java:262)
	at com.android.okhttp.internal.huc.DelegatingHttpsURLConnection.getOutputStream(DelegatingHttpsURLConnection.java:219)
	at com.android.okhttp.internal.huc.HttpsURLConnectionImpl.getOutputStream(HttpsURLConnectionImpl.java:27)
	at com.victoris.ledger.sync.GitHubUploader.uploadFile-hUnOzRk(GitHubUploader.kt:54)
	at com.victoris.ledger.sync.LogSyncWorker.doWork(LogSyncWorker.kt:99)
	at com.victoris.ledger.sync.LogSyncWorker$doWork$1.invokeSuspend(LogSyncWorker.kt:14)
	at kotlin.coroutines.jvm.internal.BaseContinuationImpl.resumeWith(ContinuationImpl.kt:33)
	at kotlinx.coroutines.DispatchedTask.run(DispatchedTask.kt:101)
	at kotlinx.coroutines.scheduling.CoroutineScheduler.runSafely(CoroutineScheduler.kt:589)
	at kotlinx.coroutines.scheduling.CoroutineScheduler$Worker.executeTask(CoroutineScheduler.kt:832)
	at kotlinx.coroutines.scheduling.CoroutineScheduler$Worker.runWorker(CoroutineScheduler.kt:720)
	at kotlinx.coroutines.scheduling.CoroutineScheduler$Worker.run(CoroutineScheduler.kt:707)

2026-09-29 08:40:27.292 ERROR Sync: Failed to upload JSON trips/WAGONR/2026-09-29_1790649334377.json
java.net.UnknownHostException: Unable to resolve host "api.github.com": No address associated with hostname
	at java.net.Inet6AddressImpl.lookupHostByName(Inet6AddressImpl.java:124)
	at java.net.Inet6AddressImpl.lookupAllHostAddr(Inet6AddressImpl.java:103)
	at java.net.InetAddress.getAllByName(InetAddress.java:1154)
	at com.android.okhttp.Dns$1.lookup(Dns.java:41)
	at com.android.okhttp.internal.http.RouteSelector.resetNextInetSocketAddress(RouteSelector.java:178)
	at com.android.okhttp.internal.http.RouteSelector.nextProxy(RouteSelector.java:144)
	at com.android.okhttp.internal.http.RouteSelector.next(RouteSelector.java:86)
	at com.android.okhttp.internal.http.StreamAllocation.findConnection(StreamAllocation.java:176)
	at com.android.okhttp.internal.http.StreamAllocation.findHealthyConnection(StreamAllocation.java:128)
	at com.android.okhttp.internal.http.StreamAllocation.newStream(StreamAllocation.java:97)
	at com.android.okhttp.internal.http.HttpEngine.connect(HttpEngine.java:289)
	at com.android.okhttp.internal.http.HttpEngine.sendRequest(HttpEngine.java:232)
	at com.android.okhttp.internal.huc.HttpURLConnectionImpl.execute(HttpURLConnectionImpl.java:465)
	at com.android.okhttp.internal.huc.HttpURLConnectionImpl.connect(HttpURLConnectionImpl.java:131)
	at com.android.okhttp.internal.huc.HttpURLConnectionImpl.getOutputStream(HttpURLConnectionImpl.java:262)
	at com.android.okhttp.internal.huc.DelegatingHttpsURLConnection.getOutputStream(DelegatingHttpsURLConnection.java:219)
	at com.android.okhttp.internal.huc.HttpsURLConnectionImpl.getOutputStream(HttpsURLConnectionImpl.java:27)
	at com.victoris.ledger.sync.GitHubUploader.uploadFile-hUnOzRk(GitHubUploader.kt:54)
	at com.victoris.ledger.sync.LogSyncWorker.doWork(LogSyncWorker.kt:99)
	at com.victoris.ledger.sync.LogSyncWorker$doWork$1.invokeSuspend(LogSyncWorker.kt:14)
	at kotlin.coroutines.jvm.internal.BaseContinuationImpl.resumeWith(ContinuationImpl.kt:33)
	at kotlinx.coroutines.DispatchedTask.run(DispatchedTask.kt:101)
	at kotlinx.coroutines.scheduling.CoroutineScheduler.runSafely(CoroutineScheduler.kt:589)
	at kotlinx.coroutines.scheduling.CoroutineScheduler$Worker.executeTask(CoroutineScheduler.kt:832)
	at kotlinx.coroutines.scheduling.CoroutineScheduler$Worker.runWorker(CoroutineScheduler.kt:720)
	at kotlinx.coroutines.scheduling.CoroutineScheduler$Worker.run(CoroutineScheduler.kt:707)

2026-09-29 08:40:27.292 ERROR Sync: Failed to upload log app-20260928.log
java.net.UnknownHostException: Unable to resolve host "api.github.com": No address associated with hostname
	at java.net.Inet6AddressImpl.lookupHostByName(Inet6AddressImpl.java:124)
	at java.net.Inet6AddressImpl.lookupAllHostAddr(Inet6AddressImpl.java:103)
	at java.net.InetAddress.getAllByName(InetAddress.java:1154)
	at com.android.okhttp.Dns$1.lookup(Dns.java:41)
	at com.android.okhttp.internal.http.RouteSelector.resetNextInetSocketAddress(RouteSelector.java:178)
	at com.android.okhttp.internal.http.RouteSelector.nextProxy(RouteSelector.java:144)
	at com.android.okhttp.internal.http.RouteSelector.next(RouteSelector.java:86)
	at com.android.okhttp.internal.http.StreamAllocation.findConnection(StreamAllocation.java:176)
	at com.android.okhttp.internal.http.StreamAllocation.findHealthyConnection(StreamAllocation.java:128)
	at com.android.okhttp.internal.http.StreamAllocation.newStream(StreamAllocation.java:97)
	at com.android.okhttp.internal.http.HttpEngine.connect(HttpEngine.java:289)
	at com.android.okhttp.internal.http.HttpEngine.sendRequest(HttpEngine.java:232)
	at com.android.okhttp.internal.huc.HttpURLConnectionImpl.execute(HttpURLConnectionImpl.java:465)
	at com.android.okhttp.internal.huc.HttpURLConnectionImpl.connect(HttpURLConnectionImpl.java:131)
	at com.android.okhttp.internal.huc.HttpURLConnectionImpl.getOutputStream(HttpURLConnectionImpl.java:262)
	at com.android.okhttp.internal.huc.DelegatingHttpsURLConnection.getOutputStream(DelegatingHttpsURLConnection.java:219)
	at com.android.okhttp.internal.huc.HttpsURLConnectionImpl.getOutputStream(HttpsURLConnectionImpl.java:27)
	at com.victoris.ledger.sync.GitHubUploader.uploadFile-hUnOzRk(GitHubUploader.kt:54)
	at com.victoris.ledger.sync.LogSyncWorker.doWork(LogSyncWorker.kt:152)
	at com.victoris.ledger.sync.LogSyncWorker$doWork$1.invokeSuspend(LogSyncWorker.kt:14)
	at kotlin.coroutines.jvm.internal.BaseContinuationImpl.resumeWith(ContinuationImpl.kt:33)
	at kotlinx.coroutines.DispatchedTask.run(DispatchedTask.kt:101)
	at kotlinx.coroutines.scheduling.CoroutineScheduler.runSafely(CoroutineScheduler.kt:589)
	at kotlinx.coroutines.scheduling.CoroutineScheduler$Worker.executeTask(CoroutineScheduler.kt:832)
	at kotlinx.coroutines.scheduling.CoroutineScheduler$Worker.runWorker(CoroutineScheduler.kt:720)
	at kotlinx.coroutines.scheduling.CoroutineScheduler$Worker.run(CoroutineScheduler.kt:707)

2026-09-29 08:40:27.293 ERROR Sync: Failed to upload log app-20260928.log
java.net.UnknownHostException: Unable to resolve host "api.github.com": No address associated with hostname
	at java.net.Inet6AddressImpl.lookupHostByName(Inet6AddressImpl.java:124)
	at java.net.Inet6AddressImpl.lookupAllHostAddr(Inet6AddressImpl.java:103)
	at java.net.InetAddress.getAllByName(InetAddress.java:1154)
	at com.android.okhttp.Dns$1.lookup(Dns.java:41)
	at com.android.okhttp.internal.http.RouteSelector.resetNextInetSocketAddress(RouteSelector.java:178)
	at com.android.okhttp.internal.http.RouteSelector.nextProxy(RouteSelector.java:144)
	at com.android.okhttp.internal.http.RouteSelector.next(RouteSelector.java:86)
	at com.android.okhttp.internal.http.StreamAllocation.findConnection(StreamAllocation.java:176)
	at com.android.okhttp.internal.http.StreamAllocation.findHealthyConnection(StreamAllocation.java:128)
	at com.android.okhttp.internal.http.StreamAllocation.newStream(StreamAllocation.java:97)
	at com.android.okhttp.internal.http.HttpEngine.connect(HttpEngine.java:289)
	at com.android.okhttp.internal.http.HttpEngine.sendRequest(HttpEngine.java:232)
	at com.android.okhttp.internal.huc.HttpURLConnectionImpl.execute(HttpURLConnectionImpl.java:465)
	at com.android.okhttp.internal.huc.HttpURLConnectionImpl.connect(HttpURLConnectionImpl.java:131)
	at com.android.okhttp.internal.huc.HttpURLConnectionImpl.getOutputStream(HttpURLConnectionImpl.java:262)
	at com.android.okhttp.internal.huc.DelegatingHttpsURLConnection.getOutputStream(DelegatingHttpsURLConnection.java:219)
	at com.android.okhttp.internal.huc.HttpsURLConnectionImpl.getOutputStream(HttpsURLConnectionImpl.java:27)
	at com.victoris.ledger.sync.GitHubUploader.uploadFile-hUnOzRk(GitHubUploader.kt:54)
	at com.victoris.ledger.sync.LogSyncWorker.doWork(LogSyncWorker.kt:152)
	at com.victoris.ledger.sync.LogSyncWorker$doWork$1.invokeSuspend(LogSyncWorker.kt:14)
	at kotlin.coroutines.jvm.internal.BaseContinuationImpl.resumeWith(ContinuationImpl.kt:33)
	at kotlinx.coroutines.DispatchedTask.run(DispatchedTask.kt:101)
	at kotlinx.coroutines.scheduling.CoroutineScheduler.runSafely(CoroutineScheduler.kt:589)
	at kotlinx.coroutines.scheduling.CoroutineScheduler$Worker.executeTask(CoroutineScheduler.kt:832)
	at kotlinx.coroutines.scheduling.CoroutineScheduler$Worker.runWorker(CoroutineScheduler.kt:720)
	at kotlinx.coroutines.scheduling.CoroutineScheduler$Worker.run(CoroutineScheduler.kt:707)

2026-09-29 08:40:27.293 ERROR Sync: Failed to upload log app-20260929.log
java.net.UnknownHostException: Unable to resolve host "api.github.com": No address associated with hostname
	at java.net.Inet6AddressImpl.lookupHostByName(Inet6AddressImpl.java:124)
	at java.net.Inet6AddressImpl.lookupAllHostAddr(Inet6AddressImpl.java:103)
	at java.net.InetAddress.getAllByName(InetAddress.java:1154)
	at com.android.okhttp.Dns$1.lookup(Dns.java:41)
	at com.android.okhttp.internal.http.RouteSelector.resetNextInetSocketAddress(RouteSelector.java:178)
	at com.android.okhttp.internal.http.RouteSelector.nextProxy(RouteSelector.java:144)
	at com.android.okhttp.internal.http.RouteSelector.next(RouteSelector.java:86)
	at com.android.okhttp.internal.http.StreamAllocation.findConnection(StreamAllocation.java:176)
	at com.android.okhttp.internal.http.StreamAllocation.findHealthyConnection(StreamAllocation.java:128)
	at com.android.okhttp.internal.http.StreamAllocation.newStream(StreamAllocation.java:97)
	at com.android.okhttp.internal.http.HttpEngine.connect(HttpEngine.java:289)
	at com.android.okhttp.internal.http.HttpEngine.sendRequest(HttpEngine.java:232)
	at com.android.okhttp.internal.huc.HttpURLConnectionImpl.execute(HttpURLConnectionImpl.java:465)
	at com.android.okhttp.internal.huc.HttpURLConnectionImpl.connect(HttpURLConnectionImpl.java:131)
	at com.android.okhttp.internal.huc.HttpURLConnectionImpl.getOutputStream(HttpURLConnectionImpl.java:262)
	at com.android.okhttp.internal.huc.DelegatingHttpsURLConnection.getOutputStream(DelegatingHttpsURLConnection.java:219)
	at com.android.okhttp.internal.huc.HttpsURLConnectionImpl.getOutputStream(HttpsURLConnectionImpl.java:27)
	at com.victoris.ledger.sync.GitHubUploader.uploadFile-hUnOzRk(GitHubUploader.kt:54)
	at com.victoris.ledger.sync.LogSyncWorker.doWork(LogSyncWorker.kt:152)
	at com.victoris.ledger.sync.LogSyncWorker$doWork$1.invokeSuspend(LogSyncWorker.kt:14)
	at kotlin.coroutines.jvm.internal.BaseContinuationImpl.resumeWith(ContinuationImpl.kt:33)
	at kotlinx.coroutines.DispatchedTask.run(DispatchedTask.kt:101)
	at kotlinx.coroutines.scheduling.CoroutineScheduler.runSafely(CoroutineScheduler.kt:589)
	at kotlinx.coroutines.scheduling.CoroutineScheduler$Worker.executeTask(CoroutineScheduler.kt:832)
	at kotlinx.coroutines.scheduling.CoroutineScheduler$Worker.runWorker(CoroutineScheduler.kt:720)
	at kotlinx.coroutines.scheduling.CoroutineScheduler$Worker.run(CoroutineScheduler.kt:707)

2026-09-29 08:40:27.295 ERROR Sync: Failed to upload log app-20260929.log
java.net.UnknownHostException: Unable to resolve host "api.github.com": No address associated with hostname
	at java.net.Inet6AddressImpl.lookupHostByName(Inet6AddressImpl.java:124)
	at java.net.Inet6AddressImpl.lookupAllHostAddr(Inet6AddressImpl.java:103)
	at java.net.InetAddress.getAllByName(InetAddress.java:1154)
	at com.android.okhttp.Dns$1.lookup(Dns.java:41)
	at com.android.okhttp.internal.http.RouteSelector.resetNextInetSocketAddress(RouteSelector.java:178)
	at com.android.okhttp.internal.http.RouteSelector.nextProxy(RouteSelector.java:144)
	at com.android.okhttp.internal.http.RouteSelector.next(RouteSelector.java:86)
	at com.android.okhttp.internal.http.StreamAllocation.findConnection(StreamAllocation.java:176)
	at com.android.okhttp.internal.http.StreamAllocation.findHealthyConnection(StreamAllocation.java:128)
	at com.android.okhttp.internal.http.StreamAllocation.newStream(StreamAllocation.java:97)
	at com.android.okhttp.internal.http.HttpEngine.connect(HttpEngine.java:289)
	at com.android.okhttp.internal.http.HttpEngine.sendRequest(HttpEngine.java:232)
	at com.android.okhttp.internal.huc.HttpURLConnectionImpl.execute(HttpURLConnectionImpl.java:465)
	at com.android.okhttp.internal.huc.HttpURLConnectionImpl.connect(HttpURLConnectionImpl.java:131)
	at com.android.okhttp.internal.huc.HttpURLConnectionImpl.getOutputStream(HttpURLConnectionImpl.java:262)
	at com.android.okhttp.internal.huc.DelegatingHttpsURLConnection.getOutputStream(DelegatingHttpsURLConnection.java:219)
	at com.android.okhttp.internal.huc.HttpsURLConnectionImpl.getOutputStream(HttpsURLConnectionImpl.java:27)
	at com.victoris.ledger.sync.GitHubUploader.uploadFile-hUnOzRk(GitHubUploader.kt:54)
	at com.victoris.ledger.sync.LogSyncWorker.doWork(LogSyncWorker.kt:152)
	at com.victoris.ledger.sync.LogSyncWorker$doWork$1.invokeSuspend(LogSyncWorker.kt:14)
	at kotlin.coroutines.jvm.internal.BaseContinuationImpl.resumeWith(ContinuationImpl.kt:33)
	at kotlinx.coroutines.DispatchedTask.run(DispatchedTask.kt:101)
	at kotlinx.coroutines.scheduling.CoroutineScheduler.runSafely(CoroutineScheduler.kt:589)
	at kotlinx.coroutines.scheduling.CoroutineScheduler$Worker.executeTask(CoroutineScheduler.kt:832)
	at kotlinx.coroutines.scheduling.CoroutineScheduler$Worker.runWorker(CoroutineScheduler.kt:720)
	at kotlinx.coroutines.scheduling.CoroutineScheduler$Worker.run(CoroutineScheduler.kt:707)

2026-09-29 08:40:27.296 ERROR Sync: Failed to upload fills summary
java.net.UnknownHostException: Unable to resolve host "api.github.com": No address associated with hostname
	at java.net.Inet6AddressImpl.lookupHostByName(Inet6AddressImpl.java:124)
	at java.net.Inet6AddressImpl.lookupAllHostAddr(Inet6AddressImpl.java:103)
	at java.net.InetAddress.getAllByName(InetAddress.java:1154)
	at com.android.okhttp.Dns$1.lookup(Dns.java:41)
	at com.android.okhttp.internal.http.RouteSelector.resetNextInetSocketAddress(RouteSelector.java:178)
	at com.android.okhttp.internal.http.RouteSelector.nextProxy(RouteSelector.java:144)
	at com.android.okhttp.internal.http.RouteSelector.next(RouteSelector.java:86)
	at com.android.okhttp.internal.http.StreamAllocation.findConnection(StreamAllocation.java:176)
	at com.android.okhttp.internal.http.StreamAllocation.findHealthyConnection(StreamAllocation.java:128)
	at com.android.okhttp.internal.http.StreamAllocation.newStream(StreamAllocation.java:97)
	at com.android.okhttp.internal.http.HttpEngine.connect(HttpEngine.java:289)
	at com.android.okhttp.internal.http.HttpEngine.sendRequest(HttpEngine.java:232)
	at com.android.okhttp.internal.huc.HttpURLConnectionImpl.execute(HttpURLConnectionImpl.java:465)
	at com.android.okhttp.internal.huc.HttpURLConnectionImpl.connect(HttpURLConnectionImpl.java:131)
	at com.android.okhttp.internal.huc.HttpURLConnectionImpl.getOutputStream(HttpURLConnectionImpl.java:262)
	at com.android.okhttp.internal.huc.DelegatingHttpsURLConnection.getOutputStream(DelegatingHttpsURLConnection.java:219)
	at com.android.okhttp.internal.huc.HttpsURLConnectionImpl.getOutputStream(HttpsURLConnectionImpl.java:27)
	at com.victoris.ledger.sync.GitHubUploader.uploadFile-hUnOzRk(GitHubUploader.kt:54)
	at com.victoris.ledger.sync.LogSyncWorker.doWork(LogSyncWorker.kt:183)
	at com.victoris.ledger.sync.LogSyncWorker$doWork$1.invokeSuspend(LogSyncWorker.kt:14)
	at kotlin.coroutines.jvm.internal.BaseContinuationImpl.resumeWith(ContinuationImpl.kt:33)
	at kotlinx.coroutines.DispatchedTask.run(DispatchedTask.kt:101)
	at kotlinx.coroutines.scheduling.CoroutineScheduler.runSafely(CoroutineScheduler.kt:589)
	at kotlinx.coroutines.scheduling.CoroutineScheduler$Worker.executeTask(CoroutineScheduler.kt:832)
	at kotlinx.coroutines.scheduling.CoroutineScheduler$Worker.runWorker(CoroutineScheduler.kt:720)
	at kotlinx.coroutines.scheduling.CoroutineScheduler$Worker.run(CoroutineScheduler.kt:707)

2026-09-29 08:40:53.545 ERROR Sync: Failed to upload JSON trips/WAGONR/2026-09-29_1790649334377.json
java.net.UnknownHostException: Unable to resolve host "api.github.com": No address associated with hostname
	at java.net.Inet6AddressImpl.lookupHostByName(Inet6AddressImpl.java:124)
	at java.net.Inet6AddressImpl.lookupAllHostAddr(Inet6AddressImpl.java:103)
	at java.net.InetAddress.getAllByName(InetAddress.java:1154)
	at com.android.okhttp.Dns$1.lookup(Dns.java:41)
	at com.android.okhttp.internal.http.RouteSelector.resetNextInetSocketAddress(RouteSelector.java:178)
	at com.android.okhttp.internal.http.RouteSelector.nextProxy(RouteSelector.java:144)
	at com.android.okhttp.internal.http.RouteSelector.next(RouteSelector.java:86)
	at com.android.okhttp.internal.http.StreamAllocation.findConnection(StreamAllocation.java:176)
	at com.android.okhttp.internal.http.StreamAllocation.findHealthyConnection(StreamAllocation.java:128)
	at com.android.okhttp.internal.http.StreamAllocation.newStream(StreamAllocation.java:97)
	at com.android.okhttp.internal.http.HttpEngine.connect(HttpEngine.java:289)
	at com.android.okhttp.internal.http.HttpEngine.sendRequest(HttpEngine.java:232)
	at com.android.okhttp.internal.huc.HttpURLConnectionImpl.execute(HttpURLConnectionImpl.java:465)
	at com.android.okhttp.internal.huc.HttpURLConnectionImpl.connect(HttpURLConnectionImpl.java:131)
	at com.android.okhttp.internal.huc.HttpURLConnectionImpl.getOutputStream(HttpURLConnectionImpl.java:262)
	at com.android.okhttp.internal.huc.DelegatingHttpsURLConnection.getOutputStream(DelegatingHttpsURLConnection.java:219)
	at com.android.okhttp.internal.huc.HttpsURLConnectionImpl.getOutputStream(HttpsURLConnectionImpl.java:27)
	at com.victoris.ledger.sync.GitHubUploader.uploadFile-hUnOzRk(GitHubUploader.kt:54)
	at com.victoris.ledger.sync.LogSyncWorker.doWork(LogSyncWorker.kt:99)
	at com.victoris.ledger.sync.LogSyncWorker$doWork$1.invokeSuspend(LogSyncWorker.kt:14)
	at kotlin.coroutines.jvm.internal.BaseContinuationImpl.resumeWith(ContinuationImpl.kt:33)
	at kotlinx.coroutines.DispatchedTask.run(DispatchedTask.kt:101)
	at kotlinx.coroutines.scheduling.CoroutineScheduler.runSafely(CoroutineScheduler.kt:589)
	at kotlinx.coroutines.scheduling.CoroutineScheduler$Worker.executeTask(CoroutineScheduler.kt:832)
	at kotlinx.coroutines.scheduling.CoroutineScheduler$Worker.runWorker(CoroutineScheduler.kt:720)
	at kotlinx.coroutines.scheduling.CoroutineScheduler$Worker.run(CoroutineScheduler.kt:707)

2026-09-29 08:40:53.573 ERROR Sync: Failed to upload log app-20260928.log
java.net.UnknownHostException: Unable to resolve host "api.github.com": No address associated with hostname
	at java.net.Inet6AddressImpl.lookupHostByName(Inet6AddressImpl.java:124)
	at java.net.Inet6AddressImpl.lookupAllHostAddr(Inet6AddressImpl.java:103)
	at java.net.InetAddress.getAllByName(InetAddress.java:1154)
	at com.android.okhttp.Dns$1.lookup(Dns.java:41)
	at com.android.okhttp.internal.http.RouteSelector.resetNextInetSocketAddress(RouteSelector.java:178)
	at com.android.okhttp.internal.http.RouteSelector.nextProxy(RouteSelector.java:144)
	at com.android.okhttp.internal.http.RouteSelector.next(RouteSelector.java:86)
	at com.android.okhttp.internal.http.StreamAllocation.findConnection(StreamAllocation.java:176)
	at com.android.okhttp.internal.http.StreamAllocation.findHealthyConnection(StreamAllocation.java:128)
	at com.android.okhttp.internal.http.StreamAllocation.newStream(StreamAllocation.java:97)
	at com.android.okhttp.internal.http.HttpEngine.connect(HttpEngine.java:289)
	at com.android.okhttp.internal.http.HttpEngine.sendRequest(HttpEngine.java:232)
	at com.android.okhttp.internal.huc.HttpURLConnectionImpl.execute(HttpURLConnectionImpl.java:465)
	at com.android.okhttp.internal.huc.HttpURLConnectionImpl.connect(HttpURLConnectionImpl.java:131)
	at com.android.okhttp.internal.huc.HttpURLConnectionImpl.getOutputStream(HttpURLConnectionImpl.java:262)
	at com.android.okhttp.internal.huc.DelegatingHttpsURLConnection.getOutputStream(DelegatingHttpsURLConnection.java:219)
	at com.android.okhttp.internal.huc.HttpsURLConnectionImpl.getOutputStream(HttpsURLConnectionImpl.java:27)
	at com.victoris.ledger.sync.GitHubUploader.uploadFile-hUnOzRk(GitHubUploader.kt:54)
	at com.victoris.ledger.sync.LogSyncWorker.doWork(LogSyncWorker.kt:152)
	at com.victoris.ledger.sync.LogSyncWorker$doWork$1.invokeSuspend(LogSyncWorker.kt:14)
	at kotlin.coroutines.jvm.internal.BaseContinuationImpl.resumeWith(ContinuationImpl.kt:33)
	at kotlinx.coroutines.DispatchedTask.run(DispatchedTask.kt:101)
	at kotlinx.coroutines.scheduling.CoroutineScheduler.runSafely(CoroutineScheduler.kt:589)
	at kotlinx.coroutines.scheduling.CoroutineScheduler$Worker.executeTask(CoroutineScheduler.kt:832)
	at kotlinx.coroutines.scheduling.CoroutineScheduler$Worker.runWorker(CoroutineScheduler.kt:720)
	at kotlinx.coroutines.scheduling.CoroutineScheduler$Worker.run(CoroutineScheduler.kt:707)

2026-09-29 08:40:53.574 ERROR Sync: Failed to upload log app-20260929.log
java.net.UnknownHostException: Unable to resolve host "api.github.com": No address associated with hostname
	at java.net.Inet6AddressImpl.lookupHostByName(Inet6AddressImpl.java:124)
	at java.net.Inet6AddressImpl.lookupAllHostAddr(Inet6AddressImpl.java:103)
	at java.net.InetAddress.getAllByName(InetAddress.java:1154)
	at com.android.okhttp.Dns$1.lookup(Dns.java:41)
	at com.android.okhttp.internal.http.RouteSelector.resetNextInetSocketAddress(RouteSelector.java:178)
	at com.android.okhttp.internal.http.RouteSelector.nextProxy(RouteSelector.java:144)
	at com.android.okhttp.internal.http.RouteSelector.next(RouteSelector.java:86)
	at com.android.okhttp.internal.http.StreamAllocation.findConnection(StreamAllocation.java:176)
	at com.android.okhttp.internal.http.StreamAllocation.findHealthyConnection(StreamAllocation.java:128)
	at com.android.okhttp.internal.http.StreamAllocation.newStream(StreamAllocation.java:97)
	at com.android.okhttp.internal.http.HttpEngine.connect(HttpEngine.java:289)
	at com.android.okhttp.internal.http.HttpEngine.sendRequest(HttpEngine.java:232)
	at com.android.okhttp.internal.huc.HttpURLConnectionImpl.execute(HttpURLConnectionImpl.java:465)
	at com.android.okhttp.internal.huc.HttpURLConnectionImpl.connect(HttpURLConnectionImpl.java:131)
	at com.android.okhttp.internal.huc.HttpURLConnectionImpl.getOutputStream(HttpURLConnectionImpl.java:262)
	at com.android.okhttp.internal.huc.DelegatingHttpsURLConnection.getOutputStream(DelegatingHttpsURLConnection.java:219)
	at com.android.okhttp.internal.huc.HttpsURLConnectionImpl.getOutputStream(HttpsURLConnectionImpl.java:27)
	at com.victoris.ledger.sync.GitHubUploader.uploadFile-hUnOzRk(GitHubUploader.kt:54)
	at com.victoris.ledger.sync.LogSyncWorker.doWork(LogSyncWorker.kt:152)
	at com.victoris.ledger.sync.LogSyncWorker$doWork$1.invokeSuspend(LogSyncWorker.kt:14)
	at kotlin.coroutines.jvm.internal.BaseContinuationImpl.resumeWith(ContinuationImpl.kt:33)
	at kotlinx.coroutines.DispatchedTask.run(DispatchedTask.kt:101)
	at kotlinx.coroutines.scheduling.CoroutineScheduler.runSafely(CoroutineScheduler.kt:589)
	at kotlinx.coroutines.scheduling.CoroutineScheduler$Worker.executeTask(CoroutineScheduler.kt:832)
	at kotlinx.coroutines.scheduling.CoroutineScheduler$Worker.runWorker(CoroutineScheduler.kt:720)
	at kotlinx.coroutines.scheduling.CoroutineScheduler$Worker.run(CoroutineScheduler.kt:707)

2026-09-29 08:40:53.593 ERROR Sync: Failed to upload fills summary
java.net.UnknownHostException: Unable to resolve host "api.github.com": No address associated with hostname
	at java.net.Inet6AddressImpl.lookupHostByName(Inet6AddressImpl.java:124)
	at java.net.Inet6AddressImpl.lookupAllHostAddr(Inet6AddressImpl.java:103)
	at java.net.InetAddress.getAllByName(InetAddress.java:1154)
	at com.android.okhttp.Dns$1.lookup(Dns.java:41)
	at com.android.okhttp.internal.http.RouteSelector.resetNextInetSocketAddress(RouteSelector.java:178)
	at com.android.okhttp.internal.http.RouteSelector.nextProxy(RouteSelector.java:144)
	at com.android.okhttp.internal.http.RouteSelector.next(RouteSelector.java:86)
	at com.android.okhttp.internal.http.StreamAllocation.findConnection(StreamAllocation.java:176)
	at com.android.okhttp.internal.http.StreamAllocation.findHealthyConnection(StreamAllocation.java:128)
	at com.android.okhttp.internal.http.StreamAllocation.newStream(StreamAllocation.java:97)
	at com.android.okhttp.internal.http.HttpEngine.connect(HttpEngine.java:289)
	at com.android.okhttp.internal.http.HttpEngine.sendRequest(HttpEngine.java:232)
	at com.android.okhttp.internal.huc.HttpURLConnectionImpl.execute(HttpURLConnectionImpl.java:465)
	at com.android.okhttp.internal.huc.HttpURLConnectionImpl.connect(HttpURLConnectionImpl.java:131)
	at com.android.okhttp.internal.huc.HttpURLConnectionImpl.getOutputStream(HttpURLConnectionImpl.java:262)
	at com.android.okhttp.internal.huc.DelegatingHttpsURLConnection.getOutputStream(DelegatingHttpsURLConnection.java:219)
	at com.android.okhttp.internal.huc.HttpsURLConnectionImpl.getOutputStream(HttpsURLConnectionImpl.java:27)
	at com.victoris.ledger.sync.GitHubUploader.uploadFile-hUnOzRk(GitHubUploader.kt:54)
	at com.victoris.ledger.sync.LogSyncWorker.doWork(LogSyncWorker.kt:183)
	at com.victoris.ledger.sync.LogSyncWorker$doWork$1.invokeSuspend(LogSyncWorker.kt:14)
	at kotlin.coroutines.jvm.internal.BaseContinuationImpl.resumeWith(ContinuationImpl.kt:33)
	at kotlinx.coroutines.DispatchedTask.run(DispatchedTask.kt:101)
	at kotlinx.coroutines.scheduling.CoroutineScheduler.runSafely(CoroutineScheduler.kt:589)
	at kotlinx.coroutines.scheduling.CoroutineScheduler$Worker.executeTask(CoroutineScheduler.kt:832)
	at kotlinx.coroutines.scheduling.CoroutineScheduler$Worker.runWorker(CoroutineScheduler.kt:720)
	at kotlinx.coroutines.scheduling.CoroutineScheduler$Worker.run(CoroutineScheduler.kt:707)

2026-09-29 08:41:45.842 ERROR Sync: Failed to upload JSON trips/WAGONR/2026-09-29_1790649334377.json
java.net.UnknownHostException: Unable to resolve host "api.github.com": No address associated with hostname
	at java.net.Inet6AddressImpl.lookupHostByName(Inet6AddressImpl.java:124)
	at java.net.Inet6AddressImpl.lookupAllHostAddr(Inet6AddressImpl.java:103)
	at java.net.InetAddress.getAllByName(InetAddress.java:1154)
	at com.android.okhttp.Dns$1.lookup(Dns.java:41)
	at com.android.okhttp.internal.http.RouteSelector.resetNextInetSocketAddress(RouteSelector.java:178)
	at com.android.okhttp.internal.http.RouteSelector.nextProxy(RouteSelector.java:144)
	at com.android.okhttp.internal.http.RouteSelector.next(RouteSelector.java:86)
	at com.android.okhttp.internal.http.StreamAllocation.findConnection(StreamAllocation.java:176)
	at com.android.okhttp.internal.http.StreamAllocation.findHealthyConnection(StreamAllocation.java:128)
	at com.android.okhttp.internal.http.StreamAllocation.newStream(StreamAllocation.java:97)
	at com.android.okhttp.internal.http.HttpEngine.connect(HttpEngine.java:289)
	at com.android.okhttp.internal.http.HttpEngine.sendRequest(HttpEngine.java:232)
	at com.android.okhttp.internal.huc.HttpURLConnectionImpl.execute(HttpURLConnectionImpl.java:465)
	at com.android.okhttp.internal.huc.HttpURLConnectionImpl.connect(HttpURLConnectionImpl.java:131)
	at com.android.okhttp.internal.huc.HttpURLConnectionImpl.getOutputStream(HttpURLConnectionImpl.java:262)
	at com.android.okhttp.internal.huc.DelegatingHttpsURLConnection.getOutputStream(DelegatingHttpsURLConnection.java:219)
	at com.android.okhttp.internal.huc.HttpsURLConnectionImpl.getOutputStream(HttpsURLConnectionImpl.java:27)
	at com.victoris.ledger.sync.GitHubUploader.uploadFile-hUnOzRk(GitHubUploader.kt:54)
	at com.victoris.ledger.sync.LogSyncWorker.doWork(LogSyncWorker.kt:99)
	at com.victoris.ledger.sync.LogSyncWorker$doWork$1.invokeSuspend(LogSyncWorker.kt:14)
	at kotlin.coroutines.jvm.internal.BaseContinuationImpl.resumeWith(ContinuationImpl.kt:33)
	at kotlinx.coroutines.DispatchedTask.run(DispatchedTask.kt:101)
	at kotlinx.coroutines.scheduling.CoroutineScheduler.runSafely(CoroutineScheduler.kt:589)
	at kotlinx.coroutines.scheduling.CoroutineScheduler$Worker.executeTask(CoroutineScheduler.kt:832)
	at kotlinx.coroutines.scheduling.CoroutineScheduler$Worker.runWorker(CoroutineScheduler.kt:720)
	at kotlinx.coroutines.scheduling.CoroutineScheduler$Worker.run(CoroutineScheduler.kt:707)

2026-09-29 08:41:45.844 ERROR Sync: Failed to upload log app-20260928.log
java.net.UnknownHostException: Unable to resolve host "api.github.com": No address associated with hostname
	at java.net.Inet6AddressImpl.lookupHostByName(Inet6AddressImpl.java:124)
	at java.net.Inet6AddressImpl.lookupAllHostAddr(Inet6AddressImpl.java:103)
	at java.net.InetAddress.getAllByName(InetAddress.java:1154)
	at com.android.okhttp.Dns$1.lookup(Dns.java:41)
	at com.android.okhttp.internal.http.RouteSelector.resetNextInetSocketAddress(RouteSelector.java:178)
	at com.android.okhttp.internal.http.RouteSelector.nextProxy(RouteSelector.java:144)
	at com.android.okhttp.internal.http.RouteSelector.next(RouteSelector.java:86)
	at com.android.okhttp.internal.http.StreamAllocation.findConnection(StreamAllocation.java:176)
	at com.android.okhttp.internal.http.StreamAllocation.findHealthyConnection(StreamAllocation.java:128)
	at com.android.okhttp.internal.http.StreamAllocation.newStream(StreamAllocation.java:97)
	at com.android.okhttp.internal.http.HttpEngine.connect(HttpEngine.java:289)
	at com.android.okhttp.internal.http.HttpEngine.sendRequest(HttpEngine.java:232)
	at com.android.okhttp.internal.huc.HttpURLConnectionImpl.execute(HttpURLConnectionImpl.java:465)
	at com.android.okhttp.internal.huc.HttpURLConnectionImpl.connect(HttpURLConnectionImpl.java:131)
	at com.android.okhttp.internal.huc.HttpURLConnectionImpl.getOutputStream(HttpURLConnectionImpl.java:262)
	at com.android.okhttp.internal.huc.DelegatingHttpsURLConnection.getOutputStream(DelegatingHttpsURLConnection.java:219)
	at com.android.okhttp.internal.huc.HttpsURLConnectionImpl.getOutputStream(HttpsURLConnectionImpl.java:27)
	at com.victoris.ledger.sync.GitHubUploader.uploadFile-hUnOzRk(GitHubUploader.kt:54)
	at com.victoris.ledger.sync.LogSyncWorker.doWork(LogSyncWorker.kt:152)
	at com.victoris.ledger.sync.LogSyncWorker$doWork$1.invokeSuspend(LogSyncWorker.kt:14)
	at kotlin.coroutines.jvm.internal.BaseContinuationImpl.resumeWith(ContinuationImpl.kt:33)
	at kotlinx.coroutines.DispatchedTask.run(DispatchedTask.kt:101)
	at kotlinx.coroutines.scheduling.CoroutineScheduler.runSafely(CoroutineScheduler.kt:589)
	at kotlinx.coroutines.scheduling.CoroutineScheduler$Worker.executeTask(CoroutineScheduler.kt:832)
	at kotlinx.coroutines.scheduling.CoroutineScheduler$Worker.runWorker(CoroutineScheduler.kt:720)
	at kotlinx.coroutines.scheduling.CoroutineScheduler$Worker.run(CoroutineScheduler.kt:707)

2026-09-29 08:41:45.848 ERROR Sync: Failed to upload log app-20260929.log
java.net.UnknownHostException: Unable to resolve host "api.github.com": No address associated with hostname
	at java.net.Inet6AddressImpl.lookupHostByName(Inet6AddressImpl.java:124)
	at java.net.Inet6AddressImpl.lookupAllHostAddr(Inet6AddressImpl.java:103)
	at java.net.InetAddress.getAllByName(InetAddress.java:1154)
	at com.android.okhttp.Dns$1.lookup(Dns.java:41)
	at com.android.okhttp.internal.http.RouteSelector.resetNextInetSocketAddress(RouteSelector.java:178)
	at com.android.okhttp.internal.http.RouteSelector.nextProxy(RouteSelector.java:144)
	at com.android.okhttp.internal.http.RouteSelector.next(RouteSelector.java:86)
	at com.android.okhttp.internal.http.StreamAllocation.findConnection(StreamAllocation.java:176)
	at com.android.okhttp.internal.http.StreamAllocation.findHealthyConnection(StreamAllocation.java:128)
	at com.android.okhttp.internal.http.StreamAllocation.newStream(StreamAllocation.java:97)
	at com.android.okhttp.internal.http.HttpEngine.connect(HttpEngine.java:289)
	at com.android.okhttp.internal.http.HttpEngine.sendRequest(HttpEngine.java:232)
	at com.android.okhttp.internal.huc.HttpURLConnectionImpl.execute(HttpURLConnectionImpl.java:465)
	at com.android.okhttp.internal.huc.HttpURLConnectionImpl.connect(HttpURLConnectionImpl.java:131)
	at com.android.okhttp.internal.huc.HttpURLConnectionImpl.getOutputStream(HttpURLConnectionImpl.java:262)
	at com.android.okhttp.internal.huc.DelegatingHttpsURLConnection.getOutputStream(DelegatingHttpsURLConnection.java:219)
	at com.android.okhttp.internal.huc.HttpsURLConnectionImpl.getOutputStream(HttpsURLConnectionImpl.java:27)
	at com.victoris.ledger.sync.GitHubUploader.uploadFile-hUnOzRk(GitHubUploader.kt:54)
	at com.victoris.ledger.sync.LogSyncWorker.doWork(LogSyncWorker.kt:152)
	at com.victoris.ledger.sync.LogSyncWorker$doWork$1.invokeSuspend(LogSyncWorker.kt:14)
	at kotlin.coroutines.jvm.internal.BaseContinuationImpl.resumeWith(ContinuationImpl.kt:33)
	at kotlinx.coroutines.DispatchedTask.run(DispatchedTask.kt:101)
	at kotlinx.coroutines.scheduling.CoroutineScheduler.runSafely(CoroutineScheduler.kt:589)
	at kotlinx.coroutines.scheduling.CoroutineScheduler$Worker.executeTask(CoroutineScheduler.kt:832)
	at kotlinx.coroutines.scheduling.CoroutineScheduler$Worker.runWorker(CoroutineScheduler.kt:720)
	at kotlinx.coroutines.scheduling.CoroutineScheduler$Worker.run(CoroutineScheduler.kt:707)

2026-09-29 08:41:45.849 ERROR Sync: Failed to upload fills summary
java.net.UnknownHostException: Unable to resolve host "api.github.com": No address associated with hostname
	at java.net.Inet6AddressImpl.lookupHostByName(Inet6AddressImpl.java:124)
	at java.net.Inet6AddressImpl.lookupAllHostAddr(Inet6AddressImpl.java:103)
	at java.net.InetAddress.getAllByName(InetAddress.java:1154)
	at com.android.okhttp.Dns$1.lookup(Dns.java:41)
	at com.android.okhttp.internal.http.RouteSelector.resetNextInetSocketAddress(RouteSelector.java:178)
	at com.android.okhttp.internal.http.RouteSelector.nextProxy(RouteSelector.java:144)
	at com.android.okhttp.internal.http.RouteSelector.next(RouteSelector.java:86)
	at com.android.okhttp.internal.http.StreamAllocation.findConnection(StreamAllocation.java:176)
	at com.android.okhttp.internal.http.StreamAllocation.findHealthyConnection(StreamAllocation.java:128)
	at com.android.okhttp.internal.http.StreamAllocation.newStream(StreamAllocation.java:97)
	at com.android.okhttp.internal.http.HttpEngine.connect(HttpEngine.java:289)
	at com.android.okhttp.internal.http.HttpEngine.sendRequest(HttpEngine.java:232)
	at com.android.okhttp.internal.huc.HttpURLConnectionImpl.execute(HttpURLConnectionImpl.java:465)
	at com.android.okhttp.internal.huc.HttpURLConnectionImpl.connect(HttpURLConnectionImpl.java:131)
	at com.android.okhttp.internal.huc.HttpURLConnectionImpl.getOutputStream(HttpURLConnectionImpl.java:262)
	at com.android.okhttp.internal.huc.DelegatingHttpsURLConnection.getOutputStream(DelegatingHttpsURLConnection.java:219)
	at com.android.okhttp.internal.huc.HttpsURLConnectionImpl.getOutputStream(HttpsURLConnectionImpl.java:27)
	at com.victoris.ledger.sync.GitHubUploader.uploadFile-hUnOzRk(GitHubUploader.kt:54)
	at com.victoris.ledger.sync.LogSyncWorker.doWork(LogSyncWorker.kt:183)
	at com.victoris.ledger.sync.LogSyncWorker$doWork$1.invokeSuspend(LogSyncWorker.kt:14)
	at kotlin.coroutines.jvm.internal.BaseContinuationImpl.resumeWith(ContinuationImpl.kt:33)
	at kotlinx.coroutines.DispatchedTask.run(DispatchedTask.kt:101)
	at kotlinx.coroutines.scheduling.CoroutineScheduler.runSafely(CoroutineScheduler.kt:589)
	at kotlinx.coroutines.scheduling.CoroutineScheduler$Worker.executeTask(CoroutineScheduler.kt:832)
	at kotlinx.coroutines.scheduling.CoroutineScheduler$Worker.runWorker(CoroutineScheduler.kt:720)
	at kotlinx.coroutines.scheduling.CoroutineScheduler$Worker.run(CoroutineScheduler.kt:707)

2026-09-29 08:41:46.427 INFO DriveService: Connected to OBD
2026-09-29 08:42:55.637 INFO DriveService: Trip saved: 0.22969166666666666 km
2026-09-29 08:43:16.071 ERROR Sync: Failed to upload JSON trips/WAGONR/2026-09-29_1790649334377.json
java.net.UnknownHostException: Unable to resolve host "api.github.com": No address associated with hostname
	at java.net.Inet6AddressImpl.lookupHostByName(Inet6AddressImpl.java:124)
	at java.net.Inet6AddressImpl.lookupAllHostAddr(Inet6AddressImpl.java:103)
	at java.net.InetAddress.getAllByName(InetAddress.java:1154)
	at com.android.okhttp.Dns$1.lookup(Dns.java:41)
	at com.android.okhttp.internal.http.RouteSelector.resetNextInetSocketAddress(RouteSelector.java:178)
	at com.android.okhttp.internal.http.RouteSelector.nextProxy(RouteSelector.java:144)
	at com.android.okhttp.internal.http.RouteSelector.next(RouteSelector.java:86)
	at com.android.okhttp.internal.http.StreamAllocation.findConnection(StreamAllocation.java:176)
	at com.android.okhttp.internal.http.StreamAllocation.findHealthyConnection(StreamAllocation.java:128)
	at com.android.okhttp.internal.http.StreamAllocation.newStream(StreamAllocation.java:97)
	at com.android.okhttp.internal.http.HttpEngine.connect(HttpEngine.java:289)
	at com.android.okhttp.internal.http.HttpEngine.sendRequest(HttpEngine.java:232)
	at com.android.okhttp.internal.huc.HttpURLConnectionImpl.execute(HttpURLConnectionImpl.java:465)
	at com.android.okhttp.internal.huc.HttpURLConnectionImpl.connect(HttpURLConnectionImpl.java:131)
	at com.android.okhttp.internal.huc.HttpURLConnectionImpl.getOutputStream(HttpURLConnectionImpl.java:262)
	at com.android.okhttp.internal.huc.DelegatingHttpsURLConnection.getOutputStream(DelegatingHttpsURLConnection.java:219)
	at com.android.okhttp.internal.huc.HttpsURLConnectionImpl.getOutputStream(HttpsURLConnectionImpl.java:27)
	at com.victoris.ledger.sync.GitHubUploader.uploadFile-hUnOzRk(GitHubUploader.kt:54)
	at com.victoris.ledger.sync.LogSyncWorker.doWork(LogSyncWorker.kt:99)
	at com.victoris.ledger.sync.LogSyncWorker$doWork$1.invokeSuspend(LogSyncWorker.kt:14)
	at kotlin.coroutines.jvm.internal.BaseContinuationImpl.resumeWith(ContinuationImpl.kt:33)
	at kotlinx.coroutines.DispatchedTask.run(DispatchedTask.kt:101)
	at kotlinx.coroutines.scheduling.CoroutineScheduler.runSafely(CoroutineScheduler.kt:589)
	at kotlinx.coroutines.scheduling.CoroutineScheduler$Worker.executeTask(CoroutineScheduler.kt:832)
	at kotlinx.coroutines.scheduling.CoroutineScheduler$Worker.runWorker(CoroutineScheduler.kt:720)
	at kotlinx.coroutines.scheduling.CoroutineScheduler$Worker.run(CoroutineScheduler.kt:707)

2026-09-29 08:43:16.074 ERROR Sync: Failed to upload JSON trips/WAGONR/2026-09-29_1790651505517.json
java.net.UnknownHostException: Unable to resolve host "api.github.com": No address associated with hostname
	at java.net.Inet6AddressImpl.lookupHostByName(Inet6AddressImpl.java:124)
	at java.net.Inet6AddressImpl.lookupAllHostAddr(Inet6AddressImpl.java:103)
	at java.net.InetAddress.getAllByName(InetAddress.java:1154)
	at com.android.okhttp.Dns$1.lookup(Dns.java:41)
	at com.android.okhttp.internal.http.RouteSelector.resetNextInetSocketAddress(RouteSelector.java:178)
	at com.android.okhttp.internal.http.RouteSelector.nextProxy(RouteSelector.java:144)
	at com.android.okhttp.internal.http.RouteSelector.next(RouteSelector.java:86)
	at com.android.okhttp.internal.http.StreamAllocation.findConnection(StreamAllocation.java:176)
	at com.android.okhttp.internal.http.StreamAllocation.findHealthyConnection(StreamAllocation.java:128)
	at com.android.okhttp.internal.http.StreamAllocation.newStream(StreamAllocation.java:97)
	at com.android.okhttp.internal.http.HttpEngine.connect(HttpEngine.java:289)
	at com.android.okhttp.internal.http.HttpEngine.sendRequest(HttpEngine.java:232)
	at com.android.okhttp.internal.huc.HttpURLConnectionImpl.execute(HttpURLConnectionImpl.java:465)
	at com.android.okhttp.internal.huc.HttpURLConnectionImpl.connect(HttpURLConnectionImpl.java:131)
	at com.android.okhttp.internal.huc.HttpURLConnectionImpl.getOutputStream(HttpURLConnectionImpl.java:262)
	at com.android.okhttp.internal.huc.DelegatingHttpsURLConnection.getOutputStream(DelegatingHttpsURLConnection.java:219)
	at com.android.okhttp.internal.huc.HttpsURLConnectionImpl.getOutputStream(HttpsURLConnectionImpl.java:27)
	at com.victoris.ledger.sync.GitHubUploader.uploadFile-hUnOzRk(GitHubUploader.kt:54)
	at com.victoris.ledger.sync.LogSyncWorker.doWork(LogSyncWorker.kt:99)
	at com.victoris.ledger.sync.LogSyncWorker$doWork$1.invokeSuspend(LogSyncWorker.kt:14)
	at kotlin.coroutines.jvm.internal.BaseContinuationImpl.resumeWith(ContinuationImpl.kt:33)
	at kotlinx.coroutines.DispatchedTask.run(DispatchedTask.kt:101)
	at kotlinx.coroutines.scheduling.CoroutineScheduler.runSafely(CoroutineScheduler.kt:589)
	at kotlinx.coroutines.scheduling.CoroutineScheduler$Worker.executeTask(CoroutineScheduler.kt:832)
	at kotlinx.coroutines.scheduling.CoroutineScheduler$Worker.runWorker(CoroutineScheduler.kt:720)
	at kotlinx.coroutines.scheduling.CoroutineScheduler$Worker.run(CoroutineScheduler.kt:707)

2026-09-29 08:43:16.079 ERROR Sync: Failed to upload log app-20260928.log
java.net.UnknownHostException: Unable to resolve host "api.github.com": No address associated with hostname
	at java.net.Inet6AddressImpl.lookupHostByName(Inet6AddressImpl.java:124)
	at java.net.Inet6AddressImpl.lookupAllHostAddr(Inet6AddressImpl.java:103)
	at java.net.InetAddress.getAllByName(InetAddress.java:1154)
	at com.android.okhttp.Dns$1.lookup(Dns.java:41)
	at com.android.okhttp.internal.http.RouteSelector.resetNextInetSocketAddress(RouteSelector.java:178)
	at com.android.okhttp.internal.http.RouteSelector.nextProxy(RouteSelector.java:144)
	at com.android.okhttp.internal.http.RouteSelector.next(RouteSelector.java:86)
	at com.android.okhttp.internal.http.StreamAllocation.findConnection(StreamAllocation.java:176)
	at com.android.okhttp.internal.http.StreamAllocation.findHealthyConnection(StreamAllocation.java:128)
	at com.android.okhttp.internal.http.StreamAllocation.newStream(StreamAllocation.java:97)
	at com.android.okhttp.internal.http.HttpEngine.connect(HttpEngine.java:289)
	at com.android.okhttp.internal.http.HttpEngine.sendRequest(HttpEngine.java:232)
	at com.android.okhttp.internal.huc.HttpURLConnectionImpl.execute(HttpURLConnectionImpl.java:465)
	at com.android.okhttp.internal.huc.HttpURLConnectionImpl.connect(HttpURLConnectionImpl.java:131)
	at com.android.okhttp.internal.huc.HttpURLConnectionImpl.getOutputStream(HttpURLConnectionImpl.java:262)
	at com.android.okhttp.internal.huc.DelegatingHttpsURLConnection.getOutputStream(DelegatingHttpsURLConnection.java:219)
	at com.android.okhttp.internal.huc.HttpsURLConnectionImpl.getOutputStream(HttpsURLConnectionImpl.java:27)
	at com.victoris.ledger.sync.GitHubUploader.uploadFile-hUnOzRk(GitHubUploader.kt:54)
	at com.victoris.ledger.sync.LogSyncWorker.doWork(LogSyncWorker.kt:152)
	at com.victoris.ledger.sync.LogSyncWorker$doWork$1.invokeSuspend(LogSyncWorker.kt:14)
	at kotlin.coroutines.jvm.internal.BaseContinuationImpl.resumeWith(ContinuationImpl.kt:33)
	at kotlinx.coroutines.DispatchedTask.run(DispatchedTask.kt:101)
	at kotlinx.coroutines.scheduling.CoroutineScheduler.runSafely(CoroutineScheduler.kt:589)
	at kotlinx.coroutines.scheduling.CoroutineScheduler$Worker.executeTask(CoroutineScheduler.kt:832)
	at kotlinx.coroutines.scheduling.CoroutineScheduler$Worker.runWorker(CoroutineScheduler.kt:720)
	at kotlinx.coroutines.scheduling.CoroutineScheduler$Worker.run(CoroutineScheduler.kt:707)

2026-09-29 08:43:16.104 ERROR Sync: Failed to upload log app-20260929.log
java.net.UnknownHostException: Unable to resolve host "api.github.com": No address associated with hostname
	at java.net.Inet6AddressImpl.lookupHostByName(Inet6AddressImpl.java:124)
	at java.net.Inet6AddressImpl.lookupAllHostAddr(Inet6AddressImpl.java:103)
	at java.net.InetAddress.getAllByName(InetAddress.java:1154)
	at com.android.okhttp.Dns$1.lookup(Dns.java:41)
	at com.android.okhttp.internal.http.RouteSelector.resetNextInetSocketAddress(RouteSelector.java:178)
	at com.android.okhttp.internal.http.RouteSelector.nextProxy(RouteSelector.java:144)
	at com.android.okhttp.internal.http.RouteSelector.next(RouteSelector.java:86)
	at com.android.okhttp.internal.http.StreamAllocation.findConnection(StreamAllocation.java:176)
	at com.android.okhttp.internal.http.StreamAllocation.findHealthyConnection(StreamAllocation.java:128)
	at com.android.okhttp.internal.http.StreamAllocation.newStream(StreamAllocation.java:97)
	at com.android.okhttp.internal.http.HttpEngine.connect(HttpEngine.java:289)
	at com.android.okhttp.internal.http.HttpEngine.sendRequest(HttpEngine.java:232)
	at com.android.okhttp.internal.huc.HttpURLConnectionImpl.execute(HttpURLConnectionImpl.java:465)
	at com.android.okhttp.internal.huc.HttpURLConnectionImpl.connect(HttpURLConnectionImpl.java:131)
	at com.android.okhttp.internal.huc.HttpURLConnectionImpl.getOutputStream(HttpURLConnectionImpl.java:262)
	at com.android.okhttp.internal.huc.DelegatingHttpsURLConnection.getOutputStream(DelegatingHttpsURLConnection.java:219)
	at com.android.okhttp.internal.huc.HttpsURLConnectionImpl.getOutputStream(HttpsURLConnectionImpl.java:27)
	at com.victoris.ledger.sync.GitHubUploader.uploadFile-hUnOzRk(GitHubUploader.kt:54)
	at com.victoris.ledger.sync.LogSyncWorker.doWork(LogSyncWorker.kt:152)
	at com.victoris.ledger.sync.LogSyncWorker$doWork$1.invokeSuspend(LogSyncWorker.kt:14)
	at kotlin.coroutines.jvm.internal.BaseContinuationImpl.resumeWith(ContinuationImpl.kt:33)
	at kotlinx.coroutines.DispatchedTask.run(DispatchedTask.kt:101)
	at kotlinx.coroutines.scheduling.CoroutineScheduler.runSafely(CoroutineScheduler.kt:589)
	at kotlinx.coroutines.scheduling.CoroutineScheduler$Worker.executeTask(CoroutineScheduler.kt:832)
	at kotlinx.coroutines.scheduling.CoroutineScheduler$Worker.runWorker(CoroutineScheduler.kt:720)
	at kotlinx.coroutines.scheduling.CoroutineScheduler$Worker.run(CoroutineScheduler.kt:707)

2026-09-29 08:43:16.111 ERROR Sync: Failed to upload fills summary
java.net.UnknownHostException: Unable to resolve host "api.github.com": No address associated with hostname
	at java.net.Inet6AddressImpl.lookupHostByName(Inet6AddressImpl.java:124)
	at java.net.Inet6AddressImpl.lookupAllHostAddr(Inet6AddressImpl.java:103)
	at java.net.InetAddress.getAllByName(InetAddress.java:1154)
	at com.android.okhttp.Dns$1.lookup(Dns.java:41)
	at com.android.okhttp.internal.http.RouteSelector.resetNextInetSocketAddress(RouteSelector.java:178)
	at com.android.okhttp.internal.http.RouteSelector.nextProxy(RouteSelector.java:144)
	at com.android.okhttp.internal.http.RouteSelector.next(RouteSelector.java:86)
	at com.android.okhttp.internal.http.StreamAllocation.findConnection(StreamAllocation.java:176)
	at com.android.okhttp.internal.http.StreamAllocation.findHealthyConnection(StreamAllocation.java:128)
	at com.android.okhttp.internal.http.StreamAllocation.newStream(StreamAllocation.java:97)
	at com.android.okhttp.internal.http.HttpEngine.connect(HttpEngine.java:289)
	at com.android.okhttp.internal.http.HttpEngine.sendRequest(HttpEngine.java:232)
	at com.android.okhttp.internal.huc.HttpURLConnectionImpl.execute(HttpURLConnectionImpl.java:465)
	at com.android.okhttp.internal.huc.HttpURLConnectionImpl.connect(HttpURLConnectionImpl.java:131)
	at com.android.okhttp.internal.huc.HttpURLConnectionImpl.getOutputStream(HttpURLConnectionImpl.java:262)
	at com.android.okhttp.internal.huc.DelegatingHttpsURLConnection.getOutputStream(DelegatingHttpsURLConnection.java:219)
	at com.android.okhttp.internal.huc.HttpsURLConnectionImpl.getOutputStream(HttpsURLConnectionImpl.java:27)
	at com.victoris.ledger.sync.GitHubUploader.uploadFile-hUnOzRk(GitHubUploader.kt:54)
	at com.victoris.ledger.sync.LogSyncWorker.doWork(LogSyncWorker.kt:183)
	at com.victoris.ledger.sync.LogSyncWorker$doWork$1.invokeSuspend(LogSyncWorker.kt:14)
	at kotlin.coroutines.jvm.internal.BaseContinuationImpl.resumeWith(ContinuationImpl.kt:33)
	at kotlinx.coroutines.DispatchedTask.run(DispatchedTask.kt:101)
	at kotlinx.coroutines.scheduling.CoroutineScheduler.runSafely(CoroutineScheduler.kt:589)
	at kotlinx.coroutines.scheduling.CoroutineScheduler$Worker.executeTask(CoroutineScheduler.kt:832)
	at kotlinx.coroutines.scheduling.CoroutineScheduler$Worker.runWorker(CoroutineScheduler.kt:720)
	at kotlinx.coroutines.scheduling.CoroutineScheduler$Worker.run(CoroutineScheduler.kt:707)

2026-09-29 08:46:06.281 ERROR Sync: Failed to upload JSON trips/WAGONR/2026-09-29_1790649334377.json
java.net.UnknownHostException: Unable to resolve host "api.github.com": No address associated with hostname
	at java.net.Inet6AddressImpl.lookupHostByName(Inet6AddressImpl.java:124)
	at java.net.Inet6AddressImpl.lookupAllHostAddr(Inet6AddressImpl.java:103)
	at java.net.InetAddress.getAllByName(InetAddress.java:1154)
	at com.android.okhttp.Dns$1.lookup(Dns.java:41)
	at com.android.okhttp.internal.http.RouteSelector.resetNextInetSocketAddress(RouteSelector.java:178)
	at com.android.okhttp.internal.http.RouteSelector.nextProxy(RouteSelector.java:144)
	at com.android.okhttp.internal.http.RouteSelector.next(RouteSelector.java:86)
	at com.android.okhttp.internal.http.StreamAllocation.findConnection(StreamAllocation.java:176)
	at com.android.okhttp.internal.http.StreamAllocation.findHealthyConnection(StreamAllocation.java:128)
	at com.android.okhttp.internal.http.StreamAllocation.newStream(StreamAllocation.java:97)
	at com.android.okhttp.internal.http.HttpEngine.connect(HttpEngine.java:289)
	at com.android.okhttp.internal.http.HttpEngine.sendRequest(HttpEngine.java:232)
	at com.android.okhttp.internal.huc.HttpURLConnectionImpl.execute(HttpURLConnectionImpl.java:465)
	at com.android.okhttp.internal.huc.HttpURLConnectionImpl.connect(HttpURLConnectionImpl.java:131)
	at com.android.okhttp.internal.huc.HttpURLConnectionImpl.getOutputStream(HttpURLConnectionImpl.java:262)
	at com.android.okhttp.internal.huc.DelegatingHttpsURLConnection.getOutputStream(DelegatingHttpsURLConnection.java:219)
	at com.android.okhttp.internal.huc.HttpsURLConnectionImpl.getOutputStream(HttpsURLConnectionImpl.java:27)
	at com.victoris.ledger.sync.GitHubUploader.uploadFile-hUnOzRk(GitHubUploader.kt:54)
	at com.victoris.ledger.sync.LogSyncWorker.doWork(LogSyncWorker.kt:99)
	at com.victoris.ledger.sync.LogSyncWorker$doWork$1.invokeSuspend(LogSyncWorker.kt:14)
	at kotlin.coroutines.jvm.internal.BaseContinuationImpl.resumeWith(ContinuationImpl.kt:33)
	at kotlinx.coroutines.DispatchedTask.run(DispatchedTask.kt:101)
	at kotlinx.coroutines.scheduling.CoroutineScheduler.runSafely(CoroutineScheduler.kt:589)
	at kotlinx.coroutines.scheduling.CoroutineScheduler$Worker.executeTask(CoroutineScheduler.kt:832)
	at kotlinx.coroutines.scheduling.CoroutineScheduler$Worker.runWorker(CoroutineScheduler.kt:720)
	at kotlinx.coroutines.scheduling.CoroutineScheduler$Worker.run(CoroutineScheduler.kt:707)

2026-09-29 08:46:06.294 ERROR Sync: Failed to upload JSON trips/WAGONR/2026-09-29_1790651505517.json
java.net.UnknownHostException: Unable to resolve host "api.github.com": No address associated with hostname
	at java.net.Inet6AddressImpl.lookupHostByName(Inet6AddressImpl.java:124)
	at java.net.Inet6AddressImpl.lookupAllHostAddr(Inet6AddressImpl.java:103)
	at java.net.InetAddress.getAllByName(InetAddress.java:1154)
	at com.android.okhttp.Dns$1.lookup(Dns.java:41)
	at com.android.okhttp.internal.http.RouteSelector.resetNextInetSocketAddress(RouteSelector.java:178)
	at com.android.okhttp.internal.http.RouteSelector.nextProxy(RouteSelector.java:144)
	at com.android.okhttp.internal.http.RouteSelector.next(RouteSelector.java:86)
	at com.android.okhttp.internal.http.StreamAllocation.findConnection(StreamAllocation.java:176)
	at com.android.okhttp.internal.http.StreamAllocation.findHealthyConnection(StreamAllocation.java:128)
	at com.android.okhttp.internal.http.StreamAllocation.newStream(StreamAllocation.java:97)
	at com.android.okhttp.internal.http.HttpEngine.connect(HttpEngine.java:289)
	at com.android.okhttp.internal.http.HttpEngine.sendRequest(HttpEngine.java:232)
	at com.android.okhttp.internal.huc.HttpURLConnectionImpl.execute(HttpURLConnectionImpl.java:465)
	at com.android.okhttp.internal.huc.HttpURLConnectionImpl.connect(HttpURLConnectionImpl.java:131)
	at com.android.okhttp.internal.huc.HttpURLConnectionImpl.getOutputStream(HttpURLConnectionImpl.java:262)
	at com.android.okhttp.internal.huc.DelegatingHttpsURLConnection.getOutputStream(DelegatingHttpsURLConnection.java:219)
	at com.android.okhttp.internal.huc.HttpsURLConnectionImpl.getOutputStream(HttpsURLConnectionImpl.java:27)
	at com.victoris.ledger.sync.GitHubUploader.uploadFile-hUnOzRk(GitHubUploader.kt:54)
	at com.victoris.ledger.sync.LogSyncWorker.doWork(LogSyncWorker.kt:99)
	at com.victoris.ledger.sync.LogSyncWorker$doWork$1.invokeSuspend(LogSyncWorker.kt:14)
	at kotlin.coroutines.jvm.internal.BaseContinuationImpl.resumeWith(ContinuationImpl.kt:33)
	at kotlinx.coroutines.DispatchedTask.run(DispatchedTask.kt:101)
	at kotlinx.coroutines.scheduling.CoroutineScheduler.runSafely(CoroutineScheduler.kt:589)
	at kotlinx.coroutines.scheduling.CoroutineScheduler$Worker.executeTask(CoroutineScheduler.kt:832)
	at kotlinx.coroutines.scheduling.CoroutineScheduler$Worker.runWorker(CoroutineScheduler.kt:720)
	at kotlinx.coroutines.scheduling.CoroutineScheduler$Worker.run(CoroutineScheduler.kt:707)

2026-09-29 08:46:06.294 ERROR Sync: Failed to upload log app-20260928.log
java.net.UnknownHostException: Unable to resolve host "api.github.com": No address associated with hostname
	at java.net.Inet6AddressImpl.lookupHostByName(Inet6AddressImpl.java:124)
	at java.net.Inet6AddressImpl.lookupAllHostAddr(Inet6AddressImpl.java:103)
	at java.net.InetAddress.getAllByName(InetAddress.java:1154)
	at com.android.okhttp.Dns$1.lookup(Dns.java:41)
	at com.android.okhttp.internal.http.RouteSelector.resetNextInetSocketAddress(RouteSelector.java:178)
	at com.android.okhttp.internal.http.RouteSelector.nextProxy(RouteSelector.java:144)
	at com.android.okhttp.internal.http.RouteSelector.next(RouteSelector.java:86)
	at com.android.okhttp.internal.http.StreamAllocation.findConnection(StreamAllocation.java:176)
	at com.android.okhttp.internal.http.StreamAllocation.findHealthyConnection(StreamAllocation.java:128)
	at com.android.okhttp.internal.http.StreamAllocation.newStream(StreamAllocation.java:97)
	at com.android.okhttp.internal.http.HttpEngine.connect(HttpEngine.java:289)
	at com.android.okhttp.internal.http.HttpEngine.sendRequest(HttpEngine.java:232)
	at com.android.okhttp.internal.huc.HttpURLConnectionImpl.execute(HttpURLConnectionImpl.java:465)
	at com.android.okhttp.internal.huc.HttpURLConnectionImpl.connect(HttpURLConnectionImpl.java:131)
	at com.android.okhttp.internal.huc.HttpURLConnectionImpl.getOutputStream(HttpURLConnectionImpl.java:262)
	at com.android.okhttp.internal.huc.DelegatingHttpsURLConnection.getOutputStream(DelegatingHttpsURLConnection.java:219)
	at com.android.okhttp.internal.huc.HttpsURLConnectionImpl.getOutputStream(HttpsURLConnectionImpl.java:27)
	at com.victoris.ledger.sync.GitHubUploader.uploadFile-hUnOzRk(GitHubUploader.kt:54)
	at com.victoris.ledger.sync.LogSyncWorker.doWork(LogSyncWorker.kt:152)
	at com.victoris.ledger.sync.LogSyncWorker$doWork$1.invokeSuspend(LogSyncWorker.kt:14)
	at kotlin.coroutines.jvm.internal.BaseContinuationImpl.resumeWith(ContinuationImpl.kt:33)
	at kotlinx.coroutines.DispatchedTask.run(DispatchedTask.kt:101)
	at kotlinx.coroutines.scheduling.CoroutineScheduler.runSafely(CoroutineScheduler.kt:589)
	at kotlinx.coroutines.scheduling.CoroutineScheduler$Worker.executeTask(CoroutineScheduler.kt:832)
	at kotlinx.coroutines.scheduling.CoroutineScheduler$Worker.runWorker(CoroutineScheduler.kt:720)
	at kotlinx.coroutines.scheduling.CoroutineScheduler$Worker.run(CoroutineScheduler.kt:707)

2026-09-29 08:46:06.297 ERROR Sync: Failed to upload log app-20260929.log
java.net.UnknownHostException: Unable to resolve host "api.github.com": No address associated with hostname
	at java.net.Inet6AddressImpl.lookupHostByName(Inet6AddressImpl.java:124)
	at java.net.Inet6AddressImpl.lookupAllHostAddr(Inet6AddressImpl.java:103)
	at java.net.InetAddress.getAllByName(InetAddress.java:1154)
	at com.android.okhttp.Dns$1.lookup(Dns.java:41)
	at com.android.okhttp.internal.http.RouteSelector.resetNextInetSocketAddress(RouteSelector.java:178)
	at com.android.okhttp.internal.http.RouteSelector.nextProxy(RouteSelector.java:144)
	at com.android.okhttp.internal.http.RouteSelector.next(RouteSelector.java:86)
	at com.android.okhttp.internal.http.StreamAllocation.findConnection(StreamAllocation.java:176)
	at com.android.okhttp.internal.http.StreamAllocation.findHealthyConnection(StreamAllocation.java:128)
	at com.android.okhttp.internal.http.StreamAllocation.newStream(StreamAllocation.java:97)
	at com.android.okhttp.internal.http.HttpEngine.connect(HttpEngine.java:289)
	at com.android.okhttp.internal.http.HttpEngine.sendRequest(HttpEngine.java:232)
	at com.android.okhttp.internal.huc.HttpURLConnectionImpl.execute(HttpURLConnectionImpl.java:465)
	at com.android.okhttp.internal.huc.HttpURLConnectionImpl.connect(HttpURLConnectionImpl.java:131)
	at com.android.okhttp.internal.huc.HttpURLConnectionImpl.getOutputStream(HttpURLConnectionImpl.java:262)
	at com.android.okhttp.internal.huc.DelegatingHttpsURLConnection.getOutputStream(DelegatingHttpsURLConnection.java:219)
	at com.android.okhttp.internal.huc.HttpsURLConnectionImpl.getOutputStream(HttpsURLConnectionImpl.java:27)
	at com.victoris.ledger.sync.GitHubUploader.uploadFile-hUnOzRk(GitHubUploader.kt:54)
	at com.victoris.ledger.sync.LogSyncWorker.doWork(LogSyncWorker.kt:152)
	at com.victoris.ledger.sync.LogSyncWorker$doWork$1.invokeSuspend(LogSyncWorker.kt:14)
	at kotlin.coroutines.jvm.internal.BaseContinuationImpl.resumeWith(ContinuationImpl.kt:33)
	at kotlinx.coroutines.DispatchedTask.run(DispatchedTask.kt:101)
	at kotlinx.coroutines.scheduling.CoroutineScheduler.runSafely(CoroutineScheduler.kt:589)
	at kotlinx.coroutines.scheduling.CoroutineScheduler$Worker.executeTask(CoroutineScheduler.kt:832)
	at kotlinx.coroutines.scheduling.CoroutineScheduler$Worker.runWorker(CoroutineScheduler.kt:720)
	at kotlinx.coroutines.scheduling.CoroutineScheduler$Worker.run(CoroutineScheduler.kt:707)

2026-09-29 08:46:06.300 ERROR Sync: Failed to upload fills summary
java.net.UnknownHostException: Unable to resolve host "api.github.com": No address associated with hostname
	at java.net.Inet6AddressImpl.lookupHostByName(Inet6AddressImpl.java:124)
	at java.net.Inet6AddressImpl.lookupAllHostAddr(Inet6AddressImpl.java:103)
	at java.net.InetAddress.getAllByName(InetAddress.java:1154)
	at com.android.okhttp.Dns$1.lookup(Dns.java:41)
	at com.android.okhttp.internal.http.RouteSelector.resetNextInetSocketAddress(RouteSelector.java:178)
	at com.android.okhttp.internal.http.RouteSelector.nextProxy(RouteSelector.java:144)
	at com.android.okhttp.internal.http.RouteSelector.next(RouteSelector.java:86)
	at com.android.okhttp.internal.http.StreamAllocation.findConnection(StreamAllocation.java:176)
	at com.android.okhttp.internal.http.StreamAllocation.findHealthyConnection(StreamAllocation.java:128)
	at com.android.okhttp.internal.http.StreamAllocation.newStream(StreamAllocation.java:97)
	at com.android.okhttp.internal.http.HttpEngine.connect(HttpEngine.java:289)
	at com.android.okhttp.internal.http.HttpEngine.sendRequest(HttpEngine.java:232)
	at com.android.okhttp.internal.huc.HttpURLConnectionImpl.execute(HttpURLConnectionImpl.java:465)
	at com.android.okhttp.internal.huc.HttpURLConnectionImpl.connect(HttpURLConnectionImpl.java:131)
	at com.android.okhttp.internal.huc.HttpURLConnectionImpl.getOutputStream(HttpURLConnectionImpl.java:262)
	at com.android.okhttp.internal.huc.DelegatingHttpsURLConnection.getOutputStream(DelegatingHttpsURLConnection.java:219)
	at com.android.okhttp.internal.huc.HttpsURLConnectionImpl.getOutputStream(HttpsURLConnectionImpl.java:27)
	at com.victoris.ledger.sync.GitHubUploader.uploadFile-hUnOzRk(GitHubUploader.kt:54)
	at com.victoris.ledger.sync.LogSyncWorker.doWork(LogSyncWorker.kt:183)
	at com.victoris.ledger.sync.LogSyncWorker$doWork$1.invokeSuspend(LogSyncWorker.kt:14)
	at kotlin.coroutines.jvm.internal.BaseContinuationImpl.resumeWith(ContinuationImpl.kt:33)
	at kotlinx.coroutines.DispatchedTask.run(DispatchedTask.kt:101)
	at kotlinx.coroutines.scheduling.CoroutineScheduler.runSafely(CoroutineScheduler.kt:589)
	at kotlinx.coroutines.scheduling.CoroutineScheduler$Worker.executeTask(CoroutineScheduler.kt:832)
	at kotlinx.coroutines.scheduling.CoroutineScheduler$Worker.runWorker(CoroutineScheduler.kt:720)
	at kotlinx.coroutines.scheduling.CoroutineScheduler$Worker.run(CoroutineScheduler.kt:707)

2026-09-29 08:51:59.529 ERROR Sync: Failed to upload JSON trips/WAGONR/2026-09-29_1790649334377.json
java.net.UnknownHostException: Unable to resolve host "api.github.com": No address associated with hostname
	at java.net.Inet6AddressImpl.lookupHostByName(Inet6AddressImpl.java:124)
	at java.net.Inet6AddressImpl.lookupAllHostAddr(Inet6AddressImpl.java:103)
	at java.net.InetAddress.getAllByName(InetAddress.java:1154)
	at com.android.okhttp.Dns$1.lookup(Dns.java:41)
	at com.android.okhttp.internal.http.RouteSelector.resetNextInetSocketAddress(RouteSelector.java:178)
	at com.android.okhttp.internal.http.RouteSelector.nextProxy(RouteSelector.java:144)
	at com.android.okhttp.internal.http.RouteSelector.next(RouteSelector.java:86)
	at com.android.okhttp.internal.http.StreamAllocation.findConnection(StreamAllocation.java:176)
	at com.android.okhttp.internal.http.StreamAllocation.findHealthyConnection(StreamAllocation.java:128)
	at com.android.okhttp.internal.http.StreamAllocation.newStream(StreamAllocation.java:97)
	at com.android.okhttp.internal.http.HttpEngine.connect(HttpEngine.java:289)
	at com.android.okhttp.internal.http.HttpEngine.sendRequest(HttpEngine.java:232)
	at com.android.okhttp.internal.huc.HttpURLConnectionImpl.execute(HttpURLConnectionImpl.java:465)
	at com.android.okhttp.internal.huc.HttpURLConnectionImpl.connect(HttpURLConnectionImpl.java:131)
	at com.android.okhttp.internal.huc.HttpURLConnectionImpl.getOutputStream(HttpURLConnectionImpl.java:262)
	at com.android.okhttp.internal.huc.DelegatingHttpsURLConnection.getOutputStream(DelegatingHttpsURLConnection.java:219)
	at com.android.okhttp.internal.huc.HttpsURLConnectionImpl.getOutputStream(HttpsURLConnectionImpl.java:27)
	at com.victoris.ledger.sync.GitHubUploader.uploadFile-hUnOzRk(GitHubUploader.kt:54)
	at com.victoris.ledger.sync.LogSyncWorker.doWork(LogSyncWorker.kt:99)
	at com.victoris.ledger.sync.LogSyncWorker$doWork$1.invokeSuspend(LogSyncWorker.kt:14)
	at kotlin.coroutines.jvm.internal.BaseContinuationImpl.resumeWith(ContinuationImpl.kt:33)
	at kotlinx.coroutines.DispatchedTask.run(DispatchedTask.kt:101)
	at kotlinx.coroutines.scheduling.CoroutineScheduler.runSafely(CoroutineScheduler.kt:589)
	at kotlinx.coroutines.scheduling.CoroutineScheduler$Worker.executeTask(CoroutineScheduler.kt:832)
	at kotlinx.coroutines.scheduling.CoroutineScheduler$Worker.runWorker(CoroutineScheduler.kt:720)
	at kotlinx.coroutines.scheduling.CoroutineScheduler$Worker.run(CoroutineScheduler.kt:707)

2026-09-29 08:51:59.532 ERROR Sync: Failed to upload JSON trips/WAGONR/2026-09-29_1790651505517.json
java.net.UnknownHostException: Unable to resolve host "api.github.com": No address associated with hostname
	at java.net.Inet6AddressImpl.lookupHostByName(Inet6AddressImpl.java:124)
	at java.net.Inet6AddressImpl.lookupAllHostAddr(Inet6AddressImpl.java:103)
	at java.net.InetAddress.getAllByName(InetAddress.java:1154)
	at com.android.okhttp.Dns$1.lookup(Dns.java:41)
	at com.android.okhttp.internal.http.RouteSelector.resetNextInetSocketAddress(RouteSelector.java:178)
	at com.android.okhttp.internal.http.RouteSelector.nextProxy(RouteSelector.java:144)
	at com.android.okhttp.internal.http.RouteSelector.next(RouteSelector.java:86)
	at com.android.okhttp.internal.http.StreamAllocation.findConnection(StreamAllocation.java:176)
	at com.android.okhttp.internal.http.StreamAllocation.findHealthyConnection(StreamAllocation.java:128)
	at com.android.okhttp.internal.http.StreamAllocation.newStream(StreamAllocation.java:97)
	at com.android.okhttp.internal.http.HttpEngine.connect(HttpEngine.java:289)
	at com.android.okhttp.internal.http.HttpEngine.sendRequest(HttpEngine.java:232)
	at com.android.okhttp.internal.huc.HttpURLConnectionImpl.execute(HttpURLConnectionImpl.java:465)
	at com.android.okhttp.internal.huc.HttpURLConnectionImpl.connect(HttpURLConnectionImpl.java:131)
	at com.android.okhttp.internal.huc.HttpURLConnectionImpl.getOutputStream(HttpURLConnectionImpl.java:262)
	at com.android.okhttp.internal.huc.DelegatingHttpsURLConnection.getOutputStream(DelegatingHttpsURLConnection.java:219)
	at com.android.okhttp.internal.huc.HttpsURLConnectionImpl.getOutputStream(HttpsURLConnectionImpl.java:27)
	at com.victoris.ledger.sync.GitHubUploader.uploadFile-hUnOzRk(GitHubUploader.kt:54)
	at com.victoris.ledger.sync.LogSyncWorker.doWork(LogSyncWorker.kt:99)
	at com.victoris.ledger.sync.LogSyncWorker$doWork$1.invokeSuspend(LogSyncWorker.kt:14)
	at kotlin.coroutines.jvm.internal.BaseContinuationImpl.resumeWith(ContinuationImpl.kt:33)
	at kotlinx.coroutines.DispatchedTask.run(DispatchedTask.kt:101)
	at kotlinx.coroutines.scheduling.CoroutineScheduler.runSafely(CoroutineScheduler.kt:589)
	at kotlinx.coroutines.scheduling.CoroutineScheduler$Worker.executeTask(CoroutineScheduler.kt:832)
	at kotlinx.coroutines.scheduling.CoroutineScheduler$Worker.runWorker(CoroutineScheduler.kt:720)
	at kotlinx.coroutines.scheduling.CoroutineScheduler$Worker.run(CoroutineScheduler.kt:707)

2026-09-29 08:51:59.536 ERROR Sync: Failed to upload log app-20260928.log
java.net.UnknownHostException: Unable to resolve host "api.github.com": No address associated with hostname
	at java.net.Inet6AddressImpl.lookupHostByName(Inet6AddressImpl.java:124)
	at java.net.Inet6AddressImpl.lookupAllHostAddr(Inet6AddressImpl.java:103)
	at java.net.InetAddress.getAllByName(InetAddress.java:1154)
	at com.android.okhttp.Dns$1.lookup(Dns.java:41)
	at com.android.okhttp.internal.http.RouteSelector.resetNextInetSocketAddress(RouteSelector.java:178)
	at com.android.okhttp.internal.http.RouteSelector.nextProxy(RouteSelector.java:144)
	at com.android.okhttp.internal.http.RouteSelector.next(RouteSelector.java:86)
	at com.android.okhttp.internal.http.StreamAllocation.findConnection(StreamAllocation.java:176)
	at com.android.okhttp.internal.http.StreamAllocation.findHealthyConnection(StreamAllocation.java:128)
	at com.android.okhttp.internal.http.StreamAllocation.newStream(StreamAllocation.java:97)
	at com.android.okhttp.internal.http.HttpEngine.connect(HttpEngine.java:289)
	at com.android.okhttp.internal.http.HttpEngine.sendRequest(HttpEngine.java:232)
	at com.android.okhttp.internal.huc.HttpURLConnectionImpl.execute(HttpURLConnectionImpl.java:465)
	at com.android.okhttp.internal.huc.HttpURLConnectionImpl.connect(HttpURLConnectionImpl.java:131)
	at com.android.okhttp.internal.huc.HttpURLConnectionImpl.getOutputStream(HttpURLConnectionImpl.java:262)
	at com.android.okhttp.internal.huc.DelegatingHttpsURLConnection.getOutputStream(DelegatingHttpsURLConnection.java:219)
	at com.android.okhttp.internal.huc.HttpsURLConnectionImpl.getOutputStream(HttpsURLConnectionImpl.java:27)
	at com.victoris.ledger.sync.GitHubUploader.uploadFile-hUnOzRk(GitHubUploader.kt:54)
	at com.victoris.ledger.sync.LogSyncWorker.doWork(LogSyncWorker.kt:152)
	at com.victoris.ledger.sync.LogSyncWorker$doWork$1.invokeSuspend(LogSyncWorker.kt:14)
	at kotlin.coroutines.jvm.internal.BaseContinuationImpl.resumeWith(ContinuationImpl.kt:33)
	at kotlinx.coroutines.DispatchedTask.run(DispatchedTask.kt:101)
	at kotlinx.coroutines.scheduling.CoroutineScheduler.runSafely(CoroutineScheduler.kt:589)
	at kotlinx.coroutines.scheduling.CoroutineScheduler$Worker.executeTask(CoroutineScheduler.kt:832)
	at kotlinx.coroutines.scheduling.CoroutineScheduler$Worker.runWorker(CoroutineScheduler.kt:720)
	at kotlinx.coroutines.scheduling.CoroutineScheduler$Worker.run(CoroutineScheduler.kt:707)

2026-09-29 08:51:59.540 ERROR Sync: Failed to upload log app-20260929.log
java.net.UnknownHostException: Unable to resolve host "api.github.com": No address associated with hostname
	at java.net.Inet6AddressImpl.lookupHostByName(Inet6AddressImpl.java:124)
	at java.net.Inet6AddressImpl.lookupAllHostAddr(Inet6AddressImpl.java:103)
	at java.net.InetAddress.getAllByName(InetAddress.java:1154)
	at com.android.okhttp.Dns$1.lookup(Dns.java:41)
	at com.android.okhttp.internal.http.RouteSelector.resetNextInetSocketAddress(RouteSelector.java:178)
	at com.android.okhttp.internal.http.RouteSelector.nextProxy(RouteSelector.java:144)
	at com.android.okhttp.internal.http.RouteSelector.next(RouteSelector.java:86)
	at com.android.okhttp.internal.http.StreamAllocation.findConnection(StreamAllocation.java:176)
	at com.android.okhttp.internal.http.StreamAllocation.findHealthyConnection(StreamAllocation.java:128)
	at com.android.okhttp.internal.http.StreamAllocation.newStream(StreamAllocation.java:97)
	at com.android.okhttp.internal.http.HttpEngine.connect(HttpEngine.java:289)
	at com.android.okhttp.internal.http.HttpEngine.sendRequest(HttpEngine.java:232)
	at com.android.okhttp.internal.huc.HttpURLConnectionImpl.execute(HttpURLConnectionImpl.java:465)
	at com.android.okhttp.internal.huc.HttpURLConnectionImpl.connect(HttpURLConnectionImpl.java:131)
	at com.android.okhttp.internal.huc.HttpURLConnectionImpl.getOutputStream(HttpURLConnectionImpl.java:262)
	at com.android.okhttp.internal.huc.DelegatingHttpsURLConnection.getOutputStream(DelegatingHttpsURLConnection.java:219)
	at com.android.okhttp.internal.huc.HttpsURLConnectionImpl.getOutputStream(HttpsURLConnectionImpl.java:27)
	at com.victoris.ledger.sync.GitHubUploader.uploadFile-hUnOzRk(GitHubUploader.kt:54)
	at com.victoris.ledger.sync.LogSyncWorker.doWork(LogSyncWorker.kt:152)
	at com.victoris.ledger.sync.LogSyncWorker$doWork$1.invokeSuspend(LogSyncWorker.kt:14)
	at kotlin.coroutines.jvm.internal.BaseContinuationImpl.resumeWith(ContinuationImpl.kt:33)
	at kotlinx.coroutines.DispatchedTask.run(DispatchedTask.kt:101)
	at kotlinx.coroutines.scheduling.CoroutineScheduler.runSafely(CoroutineScheduler.kt:589)
	at kotlinx.coroutines.scheduling.CoroutineScheduler$Worker.executeTask(CoroutineScheduler.kt:832)
	at kotlinx.coroutines.scheduling.CoroutineScheduler$Worker.runWorker(CoroutineScheduler.kt:720)
	at kotlinx.coroutines.scheduling.CoroutineScheduler$Worker.run(CoroutineScheduler.kt:707)

2026-09-29 08:52:23.228 INFO DriveService: Connected to OBD
2026-09-29 08:56:56.519 ERROR Sync: Failed to upload JSON trips/WAGONR/2026-09-29_1790649334377.json
java.net.UnknownHostException: Unable to resolve host "api.github.com": No address associated with hostname
	at java.net.Inet6AddressImpl.lookupHostByName(Inet6AddressImpl.java:124)
	at java.net.Inet6AddressImpl.lookupAllHostAddr(Inet6AddressImpl.java:103)
	at java.net.InetAddress.getAllByName(InetAddress.java:1154)
	at com.android.okhttp.Dns$1.lookup(Dns.java:41)
	at com.android.okhttp.internal.http.RouteSelector.resetNextInetSocketAddress(RouteSelector.java:178)
	at com.android.okhttp.internal.http.RouteSelector.nextProxy(RouteSelector.java:144)
	at com.android.okhttp.internal.http.RouteSelector.next(RouteSelector.java:86)
	at com.android.okhttp.internal.http.StreamAllocation.findConnection(StreamAllocation.java:176)
	at com.android.okhttp.internal.http.StreamAllocation.findHealthyConnection(StreamAllocation.java:128)
	at com.android.okhttp.internal.http.StreamAllocation.newStream(StreamAllocation.java:97)
	at com.android.okhttp.internal.http.HttpEngine.connect(HttpEngine.java:289)
	at com.android.okhttp.internal.http.HttpEngine.sendRequest(HttpEngine.java:232)
	at com.android.okhttp.internal.huc.HttpURLConnectionImpl.execute(HttpURLConnectionImpl.java:465)
	at com.android.okhttp.internal.huc.HttpURLConnectionImpl.connect(HttpURLConnectionImpl.java:131)
	at com.android.okhttp.internal.huc.HttpURLConnectionImpl.getOutputStream(HttpURLConnectionImpl.java:262)
	at com.android.okhttp.internal.huc.DelegatingHttpsURLConnection.getOutputStream(DelegatingHttpsURLConnection.java:219)
	at com.android.okhttp.internal.huc.HttpsURLConnectionImpl.getOutputStream(HttpsURLConnectionImpl.java:27)
	at com.victoris.ledger.sync.GitHubUploader.uploadFile-hUnOzRk(GitHubUploader.kt:54)
	at com.victoris.ledger.sync.LogSyncWorker.doWork(LogSyncWorker.kt:99)
	at com.victoris.ledger.sync.LogSyncWorker$doWork$1.invokeSuspend(LogSyncWorker.kt:14)
	at kotlin.coroutines.jvm.internal.BaseContinuationImpl.resumeWith(ContinuationImpl.kt:33)
	at kotlinx.coroutines.DispatchedTask.run(DispatchedTask.kt:101)
	at kotlinx.coroutines.scheduling.CoroutineScheduler.runSafely(CoroutineScheduler.kt:589)
	at kotlinx.coroutines.scheduling.CoroutineScheduler$Worker.executeTask(CoroutineScheduler.kt:832)
	at kotlinx.coroutines.scheduling.CoroutineScheduler$Worker.runWorker(CoroutineScheduler.kt:720)
	at kotlinx.coroutines.scheduling.CoroutineScheduler$Worker.run(CoroutineScheduler.kt:707)

2026-09-29 08:56:56.525 ERROR Sync: Failed to upload JSON trips/WAGONR/2026-09-29_1790651505517.json
java.net.UnknownHostException: Unable to resolve host "api.github.com": No address associated with hostname
	at java.net.Inet6AddressImpl.lookupHostByName(Inet6AddressImpl.java:124)
	at java.net.Inet6AddressImpl.lookupAllHostAddr(Inet6AddressImpl.java:103)
	at java.net.InetAddress.getAllByName(InetAddress.java:1154)
	at com.android.okhttp.Dns$1.lookup(Dns.java:41)
	at com.android.okhttp.internal.http.RouteSelector.resetNextInetSocketAddress(RouteSelector.java:178)
	at com.android.okhttp.internal.http.RouteSelector.nextProxy(RouteSelector.java:144)
	at com.android.okhttp.internal.http.RouteSelector.next(RouteSelector.java:86)
	at com.android.okhttp.internal.http.StreamAllocation.findConnection(StreamAllocation.java:176)
	at com.android.okhttp.internal.http.StreamAllocation.findHealthyConnection(StreamAllocation.java:128)
	at com.android.okhttp.internal.http.StreamAllocation.newStream(StreamAllocation.java:97)
	at com.android.okhttp.internal.http.HttpEngine.connect(HttpEngine.java:289)
	at com.android.okhttp.internal.http.HttpEngine.sendRequest(HttpEngine.java:232)
	at com.android.okhttp.internal.huc.HttpURLConnectionImpl.execute(HttpURLConnectionImpl.java:465)
	at com.android.okhttp.internal.huc.HttpURLConnectionImpl.connect(HttpURLConnectionImpl.java:131)
	at com.android.okhttp.internal.huc.HttpURLConnectionImpl.getOutputStream(HttpURLConnectionImpl.java:262)
	at com.android.okhttp.internal.huc.DelegatingHttpsURLConnection.getOutputStream(DelegatingHttpsURLConnection.java:219)
	at com.android.okhttp.internal.huc.HttpsURLConnectionImpl.getOutputStream(HttpsURLConnectionImpl.java:27)
	at com.victoris.ledger.sync.GitHubUploader.uploadFile-hUnOzRk(GitHubUploader.kt:54)
	at com.victoris.ledger.sync.LogSyncWorker.doWork(LogSyncWorker.kt:99)
	at com.victoris.ledger.sync.LogSyncWorker$doWork$1.invokeSuspend(LogSyncWorker.kt:14)
	at kotlin.coroutines.jvm.internal.BaseContinuationImpl.resumeWith(ContinuationImpl.kt:33)
	at kotlinx.coroutines.DispatchedTask.run(DispatchedTask.kt:101)
	at kotlinx.coroutines.scheduling.CoroutineScheduler.runSafely(CoroutineScheduler.kt:589)
	at kotlinx.coroutines.scheduling.CoroutineScheduler$Worker.executeTask(CoroutineScheduler.kt:832)
	at kotlinx.coroutines.scheduling.CoroutineScheduler$Worker.runWorker(CoroutineScheduler.kt:720)
	at kotlinx.coroutines.scheduling.CoroutineScheduler$Worker.run(CoroutineScheduler.kt:707)

2026-09-29 08:56:56.534 ERROR Sync: Failed to upload log app-20260928.log
java.net.UnknownHostException: Unable to resolve host "api.github.com": No address associated with hostname
	at java.net.Inet6AddressImpl.lookupHostByName(Inet6AddressImpl.java:124)
	at java.net.Inet6AddressImpl.lookupAllHostAddr(Inet6AddressImpl.java:103)
	at java.net.InetAddress.getAllByName(InetAddress.java:1154)
	at com.android.okhttp.Dns$1.lookup(Dns.java:41)
	at com.android.okhttp.internal.http.RouteSelector.resetNextInetSocketAddress(RouteSelector.java:178)
	at com.android.okhttp.internal.http.RouteSelector.nextProxy(RouteSelector.java:144)
	at com.android.okhttp.internal.http.RouteSelector.next(RouteSelector.java:86)
	at com.android.okhttp.internal.http.StreamAllocation.findConnection(StreamAllocation.java:176)
	at com.android.okhttp.internal.http.StreamAllocation.findHealthyConnection(StreamAllocation.java:128)
	at com.android.okhttp.internal.http.StreamAllocation.newStream(StreamAllocation.java:97)
	at com.android.okhttp.internal.http.HttpEngine.connect(HttpEngine.java:289)
	at com.android.okhttp.internal.http.HttpEngine.sendRequest(HttpEngine.java:232)
	at com.android.okhttp.internal.huc.HttpURLConnectionImpl.execute(HttpURLConnectionImpl.java:465)
	at com.android.okhttp.internal.huc.HttpURLConnectionImpl.connect(HttpURLConnectionImpl.java:131)
	at com.android.okhttp.internal.huc.HttpURLConnectionImpl.getOutputStream(HttpURLConnectionImpl.java:262)
	at com.android.okhttp.internal.huc.DelegatingHttpsURLConnection.getOutputStream(DelegatingHttpsURLConnection.java:219)
	at com.android.okhttp.internal.huc.HttpsURLConnectionImpl.getOutputStream(HttpsURLConnectionImpl.java:27)
	at com.victoris.ledger.sync.GitHubUploader.uploadFile-hUnOzRk(GitHubUploader.kt:54)
	at com.victoris.ledger.sync.LogSyncWorker.doWork(LogSyncWorker.kt:152)
	at com.victoris.ledger.sync.LogSyncWorker$doWork$1.invokeSuspend(LogSyncWorker.kt:14)
	at kotlin.coroutines.jvm.internal.BaseContinuationImpl.resumeWith(ContinuationImpl.kt:33)
	at kotlinx.coroutines.DispatchedTask.run(DispatchedTask.kt:101)
	at kotlinx.coroutines.scheduling.CoroutineScheduler.runSafely(CoroutineScheduler.kt:589)
	at kotlinx.coroutines.scheduling.CoroutineScheduler$Worker.executeTask(CoroutineScheduler.kt:832)
	at kotlinx.coroutines.scheduling.CoroutineScheduler$Worker.runWorker(CoroutineScheduler.kt:720)
	at kotlinx.coroutines.scheduling.CoroutineScheduler$Worker.run(CoroutineScheduler.kt:707)

2026-09-29 08:56:56.542 ERROR Sync: Failed to upload log app-20260929.log
java.net.UnknownHostException: Unable to resolve host "api.github.com": No address associated with hostname
	at java.net.Inet6AddressImpl.lookupHostByName(Inet6AddressImpl.java:124)
	at java.net.Inet6AddressImpl.lookupAllHostAddr(Inet6AddressImpl.java:103)
	at java.net.InetAddress.getAllByName(InetAddress.java:1154)
	at com.android.okhttp.Dns$1.lookup(Dns.java:41)
	at com.android.okhttp.internal.http.RouteSelector.resetNextInetSocketAddress(RouteSelector.java:178)
	at com.android.okhttp.internal.http.RouteSelector.nextProxy(RouteSelector.java:144)
	at com.android.okhttp.internal.http.RouteSelector.next(RouteSelector.java:86)
	at com.android.okhttp.internal.http.StreamAllocation.findConnection(StreamAllocation.java:176)
	at com.android.okhttp.internal.http.StreamAllocation.findHealthyConnection(StreamAllocation.java:128)
	at com.android.okhttp.internal.http.StreamAllocation.newStream(StreamAllocation.java:97)
	at com.android.okhttp.internal.http.HttpEngine.connect(HttpEngine.java:289)
	at com.android.okhttp.internal.http.HttpEngine.sendRequest(HttpEngine.java:232)
	at com.android.okhttp.internal.huc.HttpURLConnectionImpl.execute(HttpURLConnectionImpl.java:465)
	at com.android.okhttp.internal.huc.HttpURLConnectionImpl.connect(HttpURLConnectionImpl.java:131)
	at com.android.okhttp.internal.huc.HttpURLConnectionImpl.getOutputStream(HttpURLConnectionImpl.java:262)
	at com.android.okhttp.internal.huc.DelegatingHttpsURLConnection.getOutputStream(DelegatingHttpsURLConnection.java:219)
	at com.android.okhttp.internal.huc.HttpsURLConnectionImpl.getOutputStream(HttpsURLConnectionImpl.java:27)
	at com.victoris.ledger.sync.GitHubUploader.uploadFile-hUnOzRk(GitHubUploader.kt:54)
	at com.victoris.ledger.sync.LogSyncWorker.doWork(LogSyncWorker.kt:152)
	at com.victoris.ledger.sync.LogSyncWorker$doWork$1.invokeSuspend(LogSyncWorker.kt:14)
	at kotlin.coroutines.jvm.internal.BaseContinuationImpl.resumeWith(ContinuationImpl.kt:33)
	at kotlinx.coroutines.DispatchedTask.run(DispatchedTask.kt:101)
	at kotlinx.coroutines.scheduling.CoroutineScheduler.runSafely(CoroutineScheduler.kt:589)
	at kotlinx.coroutines.scheduling.CoroutineScheduler$Worker.executeTask(CoroutineScheduler.kt:832)
	at kotlinx.coroutines.scheduling.CoroutineScheduler$Worker.runWorker(CoroutineScheduler.kt:720)
	at kotlinx.coroutines.scheduling.CoroutineScheduler$Worker.run(CoroutineScheduler.kt:707)

2026-09-29 08:56:56.545 ERROR Sync: Failed to upload fills summary
java.net.UnknownHostException: Unable to resolve host "api.github.com": No address associated with hostname
	at java.net.Inet6AddressImpl.lookupHostByName(Inet6AddressImpl.java:124)
	at java.net.Inet6AddressImpl.lookupAllHostAddr(Inet6AddressImpl.java:103)
	at java.net.InetAddress.getAllByName(InetAddress.java:1154)
	at com.android.okhttp.Dns$1.lookup(Dns.java:41)
	at com.android.okhttp.internal.http.RouteSelector.resetNextInetSocketAddress(RouteSelector.java:178)
	at com.android.okhttp.internal.http.RouteSelector.nextProxy(RouteSelector.java:144)
	at com.android.okhttp.internal.http.RouteSelector.next(RouteSelector.java:86)
	at com.android.okhttp.internal.http.StreamAllocation.findConnection(StreamAllocation.java:176)
	at com.android.okhttp.internal.http.StreamAllocation.findHealthyConnection(StreamAllocation.java:128)
	at com.android.okhttp.internal.http.StreamAllocation.newStream(StreamAllocation.java:97)
	at com.android.okhttp.internal.http.HttpEngine.connect(HttpEngine.java:289)
	at com.android.okhttp.internal.http.HttpEngine.sendRequest(HttpEngine.java:232)
	at com.android.okhttp.internal.huc.HttpURLConnectionImpl.execute(HttpURLConnectionImpl.java:465)
	at com.android.okhttp.internal.huc.HttpURLConnectionImpl.connect(HttpURLConnectionImpl.java:131)
	at com.android.okhttp.internal.huc.HttpURLConnectionImpl.getOutputStream(HttpURLConnectionImpl.java:262)
	at com.android.okhttp.internal.huc.DelegatingHttpsURLConnection.getOutputStream(DelegatingHttpsURLConnection.java:219)
	at com.android.okhttp.internal.huc.HttpsURLConnectionImpl.getOutputStream(HttpsURLConnectionImpl.java:27)
	at com.victoris.ledger.sync.GitHubUploader.uploadFile-hUnOzRk(GitHubUploader.kt:54)
	at com.victoris.ledger.sync.LogSyncWorker.doWork(LogSyncWorker.kt:183)
	at com.victoris.ledger.sync.LogSyncWorker$doWork$1.invokeSuspend(LogSyncWorker.kt:14)
	at kotlin.coroutines.jvm.internal.BaseContinuationImpl.resumeWith(ContinuationImpl.kt:33)
	at kotlinx.coroutines.DispatchedTask.run(DispatchedTask.kt:101)
	at kotlinx.coroutines.scheduling.CoroutineScheduler.runSafely(CoroutineScheduler.kt:589)
	at kotlinx.coroutines.scheduling.CoroutineScheduler$Worker.executeTask(CoroutineScheduler.kt:832)
	at kotlinx.coroutines.scheduling.CoroutineScheduler$Worker.runWorker(CoroutineScheduler.kt:720)
	at kotlinx.coroutines.scheduling.CoroutineScheduler$Worker.run(CoroutineScheduler.kt:707)

2026-09-29 09:07:29.639 INFO DriveService: Trip saved: 5.441549722222222 km
2026-09-29 09:09:19.562 ERROR DriveService: Loop error, reconnecting
java.io.IOException: Broken pipe
	at android.net.LocalSocketImpl.writeba_native(Native Method)
	at android.net.LocalSocketImpl.-$$Nest$mwriteba_native(LocalSocketImpl.java:0)
	at android.net.LocalSocketImpl$SocketOutputStream.write(LocalSocketImpl.java:144)
	at android.bluetooth.BluetoothSocket.write(BluetoothSocket.java:1142)
	at android.bluetooth.BluetoothOutputStream.write(BluetoothOutputStream.java:77)
	at java.io.OutputStream.write(OutputStream.java:127)
	at com.victoris.ledger.obd.SppTransport$write$2.invokeSuspend(SppTransport.kt:69)
	at com.victoris.ledger.obd.SppTransport$write$2.invoke(SppTransport.kt:8)
	at com.victoris.ledger.obd.SppTransport$write$2.invoke(SppTransport.kt:4)
	at kotlinx.coroutines.intrinsics.UndispatchedKt.startUndispatchedOrReturn(Undispatched.kt:42)
	at kotlinx.coroutines.BuildersKt__Builders_commonKt.withContext(Builders.common.kt:164)
	at kotlinx.coroutines.BuildersKt.withContext(dex-id-7f9f9556023a562beb7768b71c75dc8d33f48d6f:1)
	at com.victoris.ledger.obd.SppTransport.write(SppTransport.kt:68)
	at com.victoris.ledger.obd.Elm327.command(Elm327.kt:39)
	at com.victoris.ledger.obd.Elm327.readPid(Elm327.kt:135)
	at com.victoris.ledger.obd.Elm327.readPid$default(Elm327.kt:133)
	at com.victoris.ledger.obd.DriveService.safeReadPid(DriveService.kt:762)
	at com.victoris.ledger.obd.DriveService.runDriveLoop(DriveService.kt:456)
	at com.victoris.ledger.obd.DriveService.access$runDriveLoop(DriveService.kt:94)
	at com.victoris.ledger.obd.DriveService$runDriveLoop$1.invokeSuspend(DriveService.kt:15)
	at kotlin.coroutines.jvm.internal.BaseContinuationImpl.resumeWith(ContinuationImpl.kt:33)
	at kotlinx.coroutines.internal.ScopeCoroutine.afterResume(Scopes.kt:28)
	at kotlinx.coroutines.AbstractCoroutine.resumeWith(AbstractCoroutine.kt:100)
	at kotlin.coroutines.jvm.internal.BaseContinuationImpl.resumeWith(ContinuationImpl.kt:46)
	at kotlinx.coroutines.DispatchedTask.run(DispatchedTask.kt:99)
	at kotlinx.coroutines.internal.LimitedDispatcher$Worker.run(LimitedDispatcher.kt:113)
	at kotlinx.coroutines.scheduling.TaskImpl.run(Tasks.kt:89)
	at kotlinx.coroutines.scheduling.CoroutineScheduler.runSafely(CoroutineScheduler.kt:589)
	at kotlinx.coroutines.scheduling.CoroutineScheduler$Worker.executeTask(CoroutineScheduler.kt:823)
	at kotlinx.coroutines.scheduling.CoroutineScheduler$Worker.runWorker(CoroutineScheduler.kt:720)
	at kotlinx.coroutines.scheduling.CoroutineScheduler$Worker.run(CoroutineScheduler.kt:707)

2026-09-29 09:18:47.667 ERROR Sync: Failed to upload JSON trips/WAGONR/2026-09-29_1790649334377.json
java.net.UnknownHostException: Unable to resolve host "api.github.com": No address associated with hostname
	at java.net.Inet6AddressImpl.lookupHostByName(Inet6AddressImpl.java:124)
	at java.net.Inet6AddressImpl.lookupAllHostAddr(Inet6AddressImpl.java:103)
	at java.net.InetAddress.getAllByName(InetAddress.java:1154)
	at com.android.okhttp.Dns$1.lookup(Dns.java:41)
	at com.android.okhttp.internal.http.RouteSelector.resetNextInetSocketAddress(RouteSelector.java:178)
	at com.android.okhttp.internal.http.RouteSelector.nextProxy(RouteSelector.java:144)
	at com.android.okhttp.internal.http.RouteSelector.next(RouteSelector.java:86)
	at com.android.okhttp.internal.http.StreamAllocation.findConnection(StreamAllocation.java:176)
	at com.android.okhttp.internal.http.StreamAllocation.findHealthyConnection(StreamAllocation.java:128)
	at com.android.okhttp.internal.http.StreamAllocation.newStream(StreamAllocation.java:97)
	at com.android.okhttp.internal.http.HttpEngine.connect(HttpEngine.java:289)
	at com.android.okhttp.internal.http.HttpEngine.sendRequest(HttpEngine.java:232)
	at com.android.okhttp.internal.huc.HttpURLConnectionImpl.execute(HttpURLConnectionImpl.java:465)
	at com.android.okhttp.internal.huc.HttpURLConnectionImpl.connect(HttpURLConnectionImpl.java:131)
	at com.android.okhttp.internal.huc.HttpURLConnectionImpl.getOutputStream(HttpURLConnectionImpl.java:262)
	at com.android.okhttp.internal.huc.DelegatingHttpsURLConnection.getOutputStream(DelegatingHttpsURLConnection.java:219)
	at com.android.okhttp.internal.huc.HttpsURLConnectionImpl.getOutputStream(HttpsURLConnectionImpl.java:27)
	at com.victoris.ledger.sync.GitHubUploader.uploadFile-hUnOzRk(GitHubUploader.kt:54)
	at com.victoris.ledger.sync.LogSyncWorker.doWork(LogSyncWorker.kt:99)
	at com.victoris.ledger.sync.LogSyncWorker$doWork$1.invokeSuspend(LogSyncWorker.kt:14)
	at kotlin.coroutines.jvm.internal.BaseContinuationImpl.resumeWith(ContinuationImpl.kt:33)
	at kotlinx.coroutines.DispatchedTask.run(DispatchedTask.kt:101)
	at kotlinx.coroutines.scheduling.CoroutineScheduler.runSafely(CoroutineScheduler.kt:589)
	at kotlinx.coroutines.scheduling.CoroutineScheduler$Worker.executeTask(CoroutineScheduler.kt:832)
	at kotlinx.coroutines.scheduling.CoroutineScheduler$Worker.runWorker(CoroutineScheduler.kt:720)
	at kotlinx.coroutines.scheduling.CoroutineScheduler$Worker.run(CoroutineScheduler.kt:707)

2026-09-29 09:18:47.671 ERROR Sync: Failed to upload JSON trips/WAGONR/2026-09-29_1790651505517.json
java.net.UnknownHostException: Unable to resolve host "api.github.com": No address associated with hostname
	at java.net.Inet6AddressImpl.lookupHostByName(Inet6AddressImpl.java:124)
	at java.net.Inet6AddressImpl.lookupAllHostAddr(Inet6AddressImpl.java:103)
	at java.net.InetAddress.getAllByName(InetAddress.java:1154)
	at com.android.okhttp.Dns$1.lookup(Dns.java:41)
	at com.android.okhttp.internal.http.RouteSelector.resetNextInetSocketAddress(RouteSelector.java:178)
	at com.android.okhttp.internal.http.RouteSelector.nextProxy(RouteSelector.java:144)
	at com.android.okhttp.internal.http.RouteSelector.next(RouteSelector.java:86)
	at com.android.okhttp.internal.http.StreamAllocation.findConnection(StreamAllocation.java:176)
	at com.android.okhttp.internal.http.StreamAllocation.findHealthyConnection(StreamAllocation.java:128)
	at com.android.okhttp.internal.http.StreamAllocation.newStream(StreamAllocation.java:97)
	at com.android.okhttp.internal.http.HttpEngine.connect(HttpEngine.java:289)
	at com.android.okhttp.internal.http.HttpEngine.sendRequest(HttpEngine.java:232)
	at com.android.okhttp.internal.huc.HttpURLConnectionImpl.execute(HttpURLConnectionImpl.java:465)
	at com.android.okhttp.internal.huc.HttpURLConnectionImpl.connect(HttpURLConnectionImpl.java:131)
	at com.android.okhttp.internal.huc.HttpURLConnectionImpl.getOutputStream(HttpURLConnectionImpl.java:262)
	at com.android.okhttp.internal.huc.DelegatingHttpsURLConnection.getOutputStream(DelegatingHttpsURLConnection.java:219)
	at com.android.okhttp.internal.huc.HttpsURLConnectionImpl.getOutputStream(HttpsURLConnectionImpl.java:27)
	at com.victoris.ledger.sync.GitHubUploader.uploadFile-hUnOzRk(GitHubUploader.kt:54)
	at com.victoris.ledger.sync.LogSyncWorker.doWork(LogSyncWorker.kt:99)
	at com.victoris.ledger.sync.LogSyncWorker$doWork$1.invokeSuspend(LogSyncWorker.kt:14)
	at kotlin.coroutines.jvm.internal.BaseContinuationImpl.resumeWith(ContinuationImpl.kt:33)
	at kotlinx.coroutines.DispatchedTask.run(DispatchedTask.kt:101)
	at kotlinx.coroutines.scheduling.CoroutineScheduler.runSafely(CoroutineScheduler.kt:589)
	at kotlinx.coroutines.scheduling.CoroutineScheduler$Worker.executeTask(CoroutineScheduler.kt:832)
	at kotlinx.coroutines.scheduling.CoroutineScheduler$Worker.runWorker(CoroutineScheduler.kt:720)
	at kotlinx.coroutines.scheduling.CoroutineScheduler$Worker.run(CoroutineScheduler.kt:707)

2026-09-29 09:18:47.674 ERROR Sync: Failed to upload JSON trips/WAGONR/2026-09-29_1790652141837.json
java.net.UnknownHostException: Unable to resolve host "api.github.com": No address associated with hostname
	at java.net.Inet6AddressImpl.lookupHostByName(Inet6AddressImpl.java:124)
	at java.net.Inet6AddressImpl.lookupAllHostAddr(Inet6AddressImpl.java:103)
	at java.net.InetAddress.getAllByName(InetAddress.java:1154)
	at com.android.okhttp.Dns$1.lookup(Dns.java:41)
	at com.android.okhttp.internal.http.RouteSelector.resetNextInetSocketAddress(RouteSelector.java:178)
	at com.android.okhttp.internal.http.RouteSelector.nextProxy(RouteSelector.java:144)
	at com.android.okhttp.internal.http.RouteSelector.next(RouteSelector.java:86)
	at com.android.okhttp.internal.http.StreamAllocation.findConnection(StreamAllocation.java:176)
	at com.android.okhttp.internal.http.StreamAllocation.findHealthyConnection(StreamAllocation.java:128)
	at com.android.okhttp.internal.http.StreamAllocation.newStream(StreamAllocation.java:97)
	at com.android.okhttp.internal.http.HttpEngine.connect(HttpEngine.java:289)
	at com.android.okhttp.internal.http.HttpEngine.sendRequest(HttpEngine.java:232)
	at com.android.okhttp.internal.huc.HttpURLConnectionImpl.execute(HttpURLConnectionImpl.java:465)
	at com.android.okhttp.internal.huc.HttpURLConnectionImpl.connect(HttpURLConnectionImpl.java:131)
	at com.android.okhttp.internal.huc.HttpURLConnectionImpl.getOutputStream(HttpURLConnectionImpl.java:262)
	at com.android.okhttp.internal.huc.DelegatingHttpsURLConnection.getOutputStream(DelegatingHttpsURLConnection.java:219)
	at com.android.okhttp.internal.huc.HttpsURLConnectionImpl.getOutputStream(HttpsURLConnectionImpl.java:27)
	at com.victoris.ledger.sync.GitHubUploader.uploadFile-hUnOzRk(GitHubUploader.kt:54)
	at com.victoris.ledger.sync.LogSyncWorker.doWork(LogSyncWorker.kt:99)
	at com.victoris.ledger.sync.LogSyncWorker$doWork$1.invokeSuspend(LogSyncWorker.kt:14)
	at kotlin.coroutines.jvm.internal.BaseContinuationImpl.resumeWith(ContinuationImpl.kt:33)
	at kotlinx.coroutines.DispatchedTask.run(DispatchedTask.kt:101)
	at kotlinx.coroutines.scheduling.CoroutineScheduler.runSafely(CoroutineScheduler.kt:589)
	at kotlinx.coroutines.scheduling.CoroutineScheduler$Worker.executeTask(CoroutineScheduler.kt:832)
	at kotlinx.coroutines.scheduling.CoroutineScheduler$Worker.runWorker(CoroutineScheduler.kt:720)
	at kotlinx.coroutines.scheduling.CoroutineScheduler$Worker.run(CoroutineScheduler.kt:707)

2026-09-29 09:18:47.680 ERROR Sync: Failed to upload log app-20260928.log
java.net.UnknownHostException: Unable to resolve host "api.github.com": No address associated with hostname
	at java.net.Inet6AddressImpl.lookupHostByName(Inet6AddressImpl.java:124)
	at java.net.Inet6AddressImpl.lookupAllHostAddr(Inet6AddressImpl.java:103)
	at java.net.InetAddress.getAllByName(InetAddress.java:1154)
	at com.android.okhttp.Dns$1.lookup(Dns.java:41)
	at com.android.okhttp.internal.http.RouteSelector.resetNextInetSocketAddress(RouteSelector.java:178)
	at com.android.okhttp.internal.http.RouteSelector.nextProxy(RouteSelector.java:144)
	at com.android.okhttp.internal.http.RouteSelector.next(RouteSelector.java:86)
	at com.android.okhttp.internal.http.StreamAllocation.findConnection(StreamAllocation.java:176)
	at com.android.okhttp.internal.http.StreamAllocation.findHealthyConnection(StreamAllocation.java:128)
	at com.android.okhttp.internal.http.StreamAllocation.newStream(StreamAllocation.java:97)
	at com.android.okhttp.internal.http.HttpEngine.connect(HttpEngine.java:289)
	at com.android.okhttp.internal.http.HttpEngine.sendRequest(HttpEngine.java:232)
	at com.android.okhttp.internal.huc.HttpURLConnectionImpl.execute(HttpURLConnectionImpl.java:465)
	at com.android.okhttp.internal.huc.HttpURLConnectionImpl.connect(HttpURLConnectionImpl.java:131)
	at com.android.okhttp.internal.huc.HttpURLConnectionImpl.getOutputStream(HttpURLConnectionImpl.java:262)
	at com.android.okhttp.internal.huc.DelegatingHttpsURLConnection.getOutputStream(DelegatingHttpsURLConnection.java:219)
	at com.android.okhttp.internal.huc.HttpsURLConnectionImpl.getOutputStream(HttpsURLConnectionImpl.java:27)
	at com.victoris.ledger.sync.GitHubUploader.uploadFile-hUnOzRk(GitHubUploader.kt:54)
	at com.victoris.ledger.sync.LogSyncWorker.doWork(LogSyncWorker.kt:152)
	at com.victoris.ledger.sync.LogSyncWorker$doWork$1.invokeSuspend(LogSyncWorker.kt:14)
	at kotlin.coroutines.jvm.internal.BaseContinuationImpl.resumeWith(ContinuationImpl.kt:33)
	at kotlinx.coroutines.DispatchedTask.run(DispatchedTask.kt:101)
	at kotlinx.coroutines.scheduling.CoroutineScheduler.runSafely(CoroutineScheduler.kt:589)
	at kotlinx.coroutines.scheduling.CoroutineScheduler$Worker.executeTask(CoroutineScheduler.kt:832)
	at kotlinx.coroutines.scheduling.CoroutineScheduler$Worker.runWorker(CoroutineScheduler.kt:720)
	at kotlinx.coroutines.scheduling.CoroutineScheduler$Worker.run(CoroutineScheduler.kt:707)

2026-09-29 09:18:47.689 ERROR Sync: Failed to upload log app-20260929.log
java.net.UnknownHostException: Unable to resolve host "api.github.com": No address associated with hostname
	at java.net.Inet6AddressImpl.lookupHostByName(Inet6AddressImpl.java:124)
	at java.net.Inet6AddressImpl.lookupAllHostAddr(Inet6AddressImpl.java:103)
	at java.net.InetAddress.getAllByName(InetAddress.java:1154)
	at com.android.okhttp.Dns$1.lookup(Dns.java:41)
	at com.android.okhttp.internal.http.RouteSelector.resetNextInetSocketAddress(RouteSelector.java:178)
	at com.android.okhttp.internal.http.RouteSelector.nextProxy(RouteSelector.java:144)
	at com.android.okhttp.internal.http.RouteSelector.next(RouteSelector.java:86)
	at com.android.okhttp.internal.http.StreamAllocation.findConnection(StreamAllocation.java:176)
	at com.android.okhttp.internal.http.StreamAllocation.findHealthyConnection(StreamAllocation.java:128)
	at com.android.okhttp.internal.http.StreamAllocation.newStream(StreamAllocation.java:97)
	at com.android.okhttp.internal.http.HttpEngine.connect(HttpEngine.java:289)
	at com.android.okhttp.internal.http.HttpEngine.sendRequest(HttpEngine.java:232)
	at com.android.okhttp.internal.huc.HttpURLConnectionImpl.execute(HttpURLConnectionImpl.java:465)
	at com.android.okhttp.internal.huc.HttpURLConnectionImpl.connect(HttpURLConnectionImpl.java:131)
	at com.android.okhttp.internal.huc.HttpURLConnectionImpl.getOutputStream(HttpURLConnectionImpl.java:262)
	at com.android.okhttp.internal.huc.DelegatingHttpsURLConnection.getOutputStream(DelegatingHttpsURLConnection.java:219)
	at com.android.okhttp.internal.huc.HttpsURLConnectionImpl.getOutputStream(HttpsURLConnectionImpl.java:27)
	at com.victoris.ledger.sync.GitHubUploader.uploadFile-hUnOzRk(GitHubUploader.kt:54)
	at com.victoris.ledger.sync.LogSyncWorker.doWork(LogSyncWorker.kt:152)
	at com.victoris.ledger.sync.LogSyncWorker$doWork$1.invokeSuspend(LogSyncWorker.kt:14)
	at kotlin.coroutines.jvm.internal.BaseContinuationImpl.resumeWith(ContinuationImpl.kt:33)
	at kotlinx.coroutines.DispatchedTask.run(DispatchedTask.kt:101)
	at kotlinx.coroutines.scheduling.CoroutineScheduler.runSafely(CoroutineScheduler.kt:589)
	at kotlinx.coroutines.scheduling.CoroutineScheduler$Worker.executeTask(CoroutineScheduler.kt:832)
	at kotlinx.coroutines.scheduling.CoroutineScheduler$Worker.runWorker(CoroutineScheduler.kt:720)
	at kotlinx.coroutines.scheduling.CoroutineScheduler$Worker.run(CoroutineScheduler.kt:707)

2026-09-29 09:18:47.692 ERROR Sync: Failed to upload fills summary
java.net.UnknownHostException: Unable to resolve host "api.github.com": No address associated with hostname
	at java.net.Inet6AddressImpl.lookupHostByName(Inet6AddressImpl.java:124)
	at java.net.Inet6AddressImpl.lookupAllHostAddr(Inet6AddressImpl.java:103)
	at java.net.InetAddress.getAllByName(InetAddress.java:1154)
	at com.android.okhttp.Dns$1.lookup(Dns.java:41)
	at com.android.okhttp.internal.http.RouteSelector.resetNextInetSocketAddress(RouteSelector.java:178)
	at com.android.okhttp.internal.http.RouteSelector.nextProxy(RouteSelector.java:144)
	at com.android.okhttp.internal.http.RouteSelector.next(RouteSelector.java:86)
	at com.android.okhttp.internal.http.StreamAllocation.findConnection(StreamAllocation.java:176)
	at com.android.okhttp.internal.http.StreamAllocation.findHealthyConnection(StreamAllocation.java:128)
	at com.android.okhttp.internal.http.StreamAllocation.newStream(StreamAllocation.java:97)
	at com.android.okhttp.internal.http.HttpEngine.connect(HttpEngine.java:289)
	at com.android.okhttp.internal.http.HttpEngine.sendRequest(HttpEngine.java:232)
	at com.android.okhttp.internal.huc.HttpURLConnectionImpl.execute(HttpURLConnectionImpl.java:465)
	at com.android.okhttp.internal.huc.HttpURLConnectionImpl.connect(HttpURLConnectionImpl.java:131)
	at com.android.okhttp.internal.huc.HttpURLConnectionImpl.getOutputStream(HttpURLConnectionImpl.java:262)
	at com.android.okhttp.internal.huc.DelegatingHttpsURLConnection.getOutputStream(DelegatingHttpsURLConnection.java:219)
	at com.android.okhttp.internal.huc.HttpsURLConnectionImpl.getOutputStream(HttpsURLConnectionImpl.java:27)
	at com.victoris.ledger.sync.GitHubUploader.uploadFile-hUnOzRk(GitHubUploader.kt:54)
	at com.victoris.ledger.sync.LogSyncWorker.doWork(LogSyncWorker.kt:183)
	at com.victoris.ledger.sync.LogSyncWorker$doWork$1.invokeSuspend(LogSyncWorker.kt:14)
	at kotlin.coroutines.jvm.internal.BaseContinuationImpl.resumeWith(ContinuationImpl.kt:33)
	at kotlinx.coroutines.DispatchedTask.run(DispatchedTask.kt:101)
	at kotlinx.coroutines.scheduling.CoroutineScheduler.runSafely(CoroutineScheduler.kt:589)
	at kotlinx.coroutines.scheduling.CoroutineScheduler$Worker.executeTask(CoroutineScheduler.kt:832)
	at kotlinx.coroutines.scheduling.CoroutineScheduler$Worker.runWorker(CoroutineScheduler.kt:720)
	at kotlinx.coroutines.scheduling.CoroutineScheduler$Worker.run(CoroutineScheduler.kt:707)

2026-09-29 11:33:10.410 INFO Sync: Synced trip 1790649334377
2026-09-29 11:33:14.170 INFO Sync: Synced trip 1790651505517
2026-09-29 11:33:18.556 INFO Sync: Synced trip 1790652141837
2026-09-29 11:33:19.309 ERROR Sync: Failed to upload CSV trips/WAGONR/2026-09-29_1790652141837.csv
com.victoris.ledger.sync.GitHubUploader$UploadException: HTTP 422: {"message":"Invalid request.\n\n\"sha\" wasn't supplied.","documentation_url":"https://docs.github.com/rest/repos/contents#create-or-update-file-contents","status":"422"}
	at com.victoris.ledger.sync.GitHubUploader.uploadFile-hUnOzRk(GitHubUploader.kt:65)
	at com.victoris.ledger.sync.LogSyncWorker.doWork(LogSyncWorker.kt:119)
	at com.victoris.ledger.sync.LogSyncWorker$doWork$1.invokeSuspend(LogSyncWorker.kt:14)
	at kotlin.coroutines.jvm.internal.BaseContinuationImpl.resumeWith(ContinuationImpl.kt:33)
	at kotlinx.coroutines.DispatchedTask.run(DispatchedTask.kt:101)
	at kotlinx.coroutines.scheduling.CoroutineScheduler.runSafely(CoroutineScheduler.kt:589)
	at kotlinx.coroutines.scheduling.CoroutineScheduler$Worker.executeTask(CoroutineScheduler.kt:832)
	at kotlinx.coroutines.scheduling.CoroutineScheduler$Worker.runWorker(CoroutineScheduler.kt:720)
	at kotlinx.coroutines.scheduling.CoroutineScheduler$Worker.run(CoroutineScheduler.kt:707)

2026-09-29 11:33:23.001 ERROR Sync: Failed to upload log app-20260929.log
com.victoris.ledger.sync.GitHubUploader$UploadException: HTTP 409: {"message":"is at 115fd62da035ac3cc141ef2d909bbc0ad9ae0809 but expected 85058c048f1c41d5e8550320d1f99c16d75f30da","documentation_url":"https://docs.github.com/rest/repos/contents#create-or-update-file-contents","status":"409"}
	at com.victoris.ledger.sync.GitHubUploader.uploadFile-hUnOzRk(GitHubUploader.kt:65)
	at com.victoris.ledger.sync.LogSyncWorker.doWork(LogSyncWorker.kt:152)
	at com.victoris.ledger.sync.LogSyncWorker$doWork$1.invokeSuspend(LogSyncWorker.kt:14)
	at kotlin.coroutines.jvm.internal.BaseContinuationImpl.resumeWith(ContinuationImpl.kt:33)
	at kotlinx.coroutines.DispatchedTask.run(DispatchedTask.kt:101)
	at kotlinx.coroutines.scheduling.CoroutineScheduler.runSafely(CoroutineScheduler.kt:589)
	at kotlinx.coroutines.scheduling.CoroutineScheduler$Worker.executeTask(CoroutineScheduler.kt:832)
	at kotlinx.coroutines.scheduling.CoroutineScheduler$Worker.runWorker(CoroutineScheduler.kt:720)
	at kotlinx.coroutines.scheduling.CoroutineScheduler$Worker.run(CoroutineScheduler.kt:707)

2026-09-29 16:01:07.730 INFO DriveService: Connected to OBD
2026-09-29 16:44:24.708 INFO DriveService: Trip saved: 24.799713055555603 km
2026-09-29 16:44:31.557 INFO Sync: Synced trip 1790677865317
2026-09-29 16:44:37.121 ERROR Sync: Failed to upload log app-20260928.log
com.victoris.ledger.sync.GitHubUploader$UploadException: HTTP 409: {"message":"is at bc5d21aff596a2167f045e38bc026916a40c5338 but expected 22350eb5cb2a838091ba544c70d09b1a5506b89e","documentation_url":"https://docs.github.com/rest/repos/contents#create-or-update-file-contents","status":"409"}
	at com.victoris.ledger.sync.GitHubUploader.uploadFile-hUnOzRk(GitHubUploader.kt:65)
	at com.victoris.ledger.sync.LogSyncWorker.doWork(LogSyncWorker.kt:152)
	at com.victoris.ledger.sync.LogSyncWorker$doWork$1.invokeSuspend(LogSyncWorker.kt:14)
	at kotlin.coroutines.jvm.internal.BaseContinuationImpl.resumeWith(ContinuationImpl.kt:33)
	at kotlinx.coroutines.DispatchedTask.run(DispatchedTask.kt:101)
	at kotlinx.coroutines.scheduling.CoroutineScheduler.runSafely(CoroutineScheduler.kt:589)
	at kotlinx.coroutines.scheduling.CoroutineScheduler$Worker.executeTask(CoroutineScheduler.kt:832)
	at kotlinx.coroutines.scheduling.CoroutineScheduler$Worker.runWorker(CoroutineScheduler.kt:720)
	at kotlinx.coroutines.scheduling.CoroutineScheduler$Worker.run(CoroutineScheduler.kt:707)

2026-09-29 16:45:44.172 ERROR DriveService: Loop error, reconnecting
java.io.IOException: Broken pipe
	at android.net.LocalSocketImpl.writeba_native(Native Method)
	at android.net.LocalSocketImpl.-$$Nest$mwriteba_native(LocalSocketImpl.java:0)
	at android.net.LocalSocketImpl$SocketOutputStream.write(LocalSocketImpl.java:144)
	at android.bluetooth.BluetoothSocket.write(BluetoothSocket.java:1142)
	at android.bluetooth.BluetoothOutputStream.write(BluetoothOutputStream.java:77)
	at java.io.OutputStream.write(OutputStream.java:127)
	at com.victoris.ledger.obd.SppTransport$write$2.invokeSuspend(SppTransport.kt:69)
	at com.victoris.ledger.obd.SppTransport$write$2.invoke(SppTransport.kt:8)
	at com.victoris.ledger.obd.SppTransport$write$2.invoke(SppTransport.kt:4)
	at kotlinx.coroutines.intrinsics.UndispatchedKt.startUndispatchedOrReturn(Undispatched.kt:42)
	at kotlinx.coroutines.BuildersKt__Builders_commonKt.withContext(Builders.common.kt:164)
	at kotlinx.coroutines.BuildersKt.withContext(dex-id-7f9f9556023a562beb7768b71c75dc8d33f48d6f:1)
	at com.victoris.ledger.obd.SppTransport.write(SppTransport.kt:68)
	at com.victoris.ledger.obd.Elm327.command(Elm327.kt:39)
	at com.victoris.ledger.obd.Elm327.readPid(Elm327.kt:135)
	at com.victoris.ledger.obd.Elm327.readPid$default(Elm327.kt:133)
	at com.victoris.ledger.obd.DriveService.safeReadPid(DriveService.kt:762)
	at com.victoris.ledger.obd.DriveService.runDriveLoop(DriveService.kt:458)
	at com.victoris.ledger.obd.DriveService.access$runDriveLoop(DriveService.kt:94)
	at com.victoris.ledger.obd.DriveService$runDriveLoop$1.invokeSuspend(DriveService.kt:15)
	at kotlin.coroutines.jvm.internal.BaseContinuationImpl.resumeWith(ContinuationImpl.kt:33)
	at kotlinx.coroutines.internal.ScopeCoroutine.afterResume(Scopes.kt:28)
	at kotlinx.coroutines.AbstractCoroutine.resumeWith(AbstractCoroutine.kt:100)
	at kotlin.coroutines.jvm.internal.BaseContinuationImpl.resumeWith(ContinuationImpl.kt:46)
	at kotlinx.coroutines.DispatchedTask.run(DispatchedTask.kt:99)
	at kotlinx.coroutines.internal.LimitedDispatcher$Worker.run(LimitedDispatcher.kt:113)
	at kotlinx.coroutines.scheduling.TaskImpl.run(Tasks.kt:89)
	at kotlinx.coroutines.scheduling.CoroutineScheduler.runSafely(CoroutineScheduler.kt:589)
	at kotlinx.coroutines.scheduling.CoroutineScheduler$Worker.executeTask(CoroutineScheduler.kt:823)
	at kotlinx.coroutines.scheduling.CoroutineScheduler$Worker.runWorker(CoroutineScheduler.kt:720)
	at kotlinx.coroutines.scheduling.CoroutineScheduler$Worker.run(CoroutineScheduler.kt:707)

2026-09-29 18:08:04.980 INFO DriveService: Connected to OBD
2026-09-29 18:18:10.384 INFO DriveService: Trip saved: 3.390096111111112 km
2026-09-29 18:18:23.741 INFO Sync: Synced trip 1790685479009
