t_ms,lat,lon,speed_kmh,fuel,inst_eff,pedal,gear,rpm,load
1790945155652,,,0.0,PETROL,,14.9,0,851,34.5
1790945157049,,,0.0,PETROL,,14.9,0,854,34.5
1790945157884,,,0.0,PETROL,,14.9,0,856,34.5
1790945159781,,,0.0,CNG,,14.9,0,849,43.5
1790945160549,,,0.0,CNG,,14.9,0,856,43.5
1790945161473,,,0.0,CNG,,14.9,0,861,43.5
1790945163264,,,0.0,CNG,,14.9,0,848,41.6
1790945164109,,,0.0,CNG,,14.9,0,851,41.6
1790945164907,,,0.0,CNG,,14.9,0,855,41.6
1790945166637,,,0.0,CNG,,14.9,0,853,42.0
1790945167594,,,0.0,CNG,,14.9,0,848,42.0
1790945168411,,,0.0,CNG,,14.9,0,853,42.0
1790945170043,,,0.0,CNG,,14.9,0,854,42.0
1790945170946,,,0.0,CNG,,14.9,0,848,42.0
1790945171814,,,0.0,CNG,,14.9,0,841,42.0
1790945173633,,,0.0,CNG,,14.9,0,853,42.0
1790945174480,,,0.0,CNG,,14.9,0,857,42.0
1790945175309,,,0.0,CNG,,14.9,0,853,42.0
1790945177173,,,0.0,CNG,,20.4,0,853,38.0
1790945178363,,,2.0,CNG,,20.0,,686,38.0
1790945179368,,,4.0,CNG,,21.2,,830,38.0
1790945181316,,,6.0,CNG,3.71,24.7,1,858,56.5
1790945182068,,,9.0,CNG,4.22,32.5,1,1368,56.5
1790945183003,,,12.0,CNG,5.24,30.6,1,1766,56.5
1790945184818,,,13.0,CNG,7.43,22.7,,1448,48.2
1790945185743,,,14.0,CNG,9.11,23.5,2,1068,48.2
1790945186576,,,14.0,CNG,10.17,25.1,2,1090,48.2
1790945188419,,,15.0,CNG,10.61,25.1,2,1152,49.0
1790945189371,,,16.0,CNG,11.37,24.3,2,1253,49.0
1790945190199,,,16.0,CNG,11.93,24.3,2,1233,49.0
1790945191785,,,16.0,CNG,12.14,24.3,2,1254,38.0
1790945192589,,,15.0,CNG,14.72,14.9,2,1050,38.0
1790945193586,,,11.0,CNG,15.10,14.9,2,902,38.0
1790945195309,,,9.0,CNG,15.01,14.9,,845,30.2
1790945196127,,,8.0,CNG,12.10,24.7,1,975,30.2
1790945196975,,,9.0,CNG,11.73,26.3,,678,30.2
1790945198500,,,10.0,CNG,11.01,25.9,2,733,57.3
1790945199328,,,11.0,CNG,14.06,14.9,2,795,57.3
1790945200297,,,9.0,CNG,14.37,14.9,,844,57.3
1790945201967,,,8.0,CNG,13.75,14.9,,847,69.4
1790945202791,,,8.0,CNG,7.39,41.2,1,1092,69.4
1790945203635,,,11.0,CNG,5.38,40.0,1,1556,69.4
1790945205336,,,15.0,CNG,8.32,14.9,1,2062,65.1
1790945206232,,,15.0,CNG,8.47,33.7,2,1182,65.1
1790945207106,,,18.0,CNG,9.27,32.9,2,1323,65.1
1790945208794,,,19.0,CNG,9.65,32.5,2,1455,54.9
1790945209548,,,22.0,CNG,10.79,32.9,2,1678,54.9
1790945210477,,,24.0,CNG,11.86,32.9,2,1802,54.9
1790945212299,,,25.0,CNG,12.18,32.5,2,1938,43.5
1790945213148,,,29.0,CNG,13.41,32.5,2,2196,43.5
1790945214117,,,31.0,CNG,17.99,14.9,2,2310,43.5
1790945215856,,,31.0,CNG,17.76,28.6,3,1452,47.1
1790945216641,,,32.0,CNG,18.92,27.8,3,1549,47.1
1790945217472,,,32.0,CNG,19.27,27.8,3,1623,47.1
1790945219045,,,33.0,CNG,19.73,27.8,3,1646,45.5
1790945219781,,,34.0,CNG,20.15,27.8,3,1718,45.5
1790945220677,,,35.0,CNG,20.47,27.8,3,1758,45.5
1790945222396,,,36.0,CNG,20.88,27.8,3,1833,43.5
1790945223243,,,38.0,CNG,21.30,27.8,3,1942,43.5
1790945224072,,,40.0,CNG,24.27,27.8,3,2008,43.5
1790945225671,,,41.0,CNG,26.29,27.8,3,2072,31.0
1790945226567,,,43.0,CNG,34.87,14.9,,1962,31.0
1790945227372,,,44.0,CNG,40.25,24.7,5,1243,31.0
1790945228987,,,44.0,CNG,42.82,24.7,5,1299,29.8
1790945229739,,,46.0,CNG,47.19,24.7,5,1350,29.8
1790945230572,,,47.0,CNG,50.14,24.3,5,1379,29.8
1790945232438,,,48.0,CNG,46.69,24.7,5,1400,44.7
1790945233425,,,49.0,CNG,43.75,24.7,5,1421,44.7
1790945234255,,,48.0,CNG,42.21,24.7,5,1424,44.7
1790945235799,,,48.0,CNG,41.99,24.7,5,1423,38.8
1790945236597,,,48.0,CNG,41.40,24.7,5,1407,38.8
1790945237488,,,48.0,CNG,41.36,26.3,5,1413,38.8
1790945239084,,,48.0,CNG,39.89,32.5,5,1398,51.4
1790945240010,,,49.0,CNG,38.11,32.5,5,1425,51.4
1790945240798,,,49.0,CNG,36.98,32.5,5,1440,51.4
1790945242420,,,49.0,CNG,36.31,32.5,5,1448,46.3
1790945243228,,,50.0,CNG,35.42,14.9,5,1462,46.3
1790945244056,,,49.0,CNG,35.88,29.4,5,1455,46.3
1790945245840,,,49.0,CNG,33.64,29.0,5,1446,50.2
1790945246679,,,48.0,CNG,33.22,29.0,5,1408,50.2
1790945247462,,,47.0,CNG,33.00,32.9,5,1381,50.2
1790945249098,,,46.0,CNG,20.96,47.8,5,1361,39.6
1790945249981,,,45.0,CNG,23.17,31.0,5,1334,39.6
1790945250771,,,45.0,CNG,29.67,14.9,5,1318,39.6
1790945252353,,,44.0,CNG,32.88,22.4,5,1321,32.9
1790945253218,,,41.0,CNG,44.08,14.9,,1033,32.9
1790945254105,,,39.0,CNG,51.70,14.9,,885,32.9
1790945255715,,,35.0,CNG,56.11,14.9,,852,29.4
1790945256602,,,27.0,CNG,50.69,14.9,5,846,29.4
1790945257448,,,24.0,CNG,43.52,14.9,4,853,29.4
1790945259018,,,21.0,CNG,36.12,14.9,4,854,45.9
1790945259842,,,17.0,CNG,28.86,14.9,3,844,45.9
1790945260648,,,15.0,CNG,24.49,14.9,3,837,45.9
1790945262234,,,14.0,CNG,21.45,14.9,,844,45.5
1790945263006,,,11.0,CNG,18.25,14.9,2,842,45.5
1790945263783,,,8.0,CNG,14.85,14.9,,845,45.5
1790945265389,,,5.0,CNG,11.58,14.9,,842,45.9
1790945266246,,,3.0,CNG,8.54,23.5,,850,45.9
1790945267022,,,2.0,CNG,4.07,14.9,,1338,45.9
1790945268595,,,3.0,CNG,3.03,28.2,,1280,47.1
1790945269388,,,4.0,CNG,3.06,23.5,,1008,47.1
1790945270240,,,5.0,CNG,4.15,16.1,,993,47.1
1790945271893,,,6.0,CNG,5.36,16.5,1,831,51.8
1790945272741,,,7.0,CNG,5.73,23.1,1,972,51.8
1790945273600,,,8.0,CNG,6.24,23.9,1,1082,51.8
1790945275330,,,8.0,CNG,6.24,24.3,1,1200,35.3
1790945276189,,,9.0,CNG,8.08,14.9,1,1125,35.3
1790945277012,,,8.0,CNG,9.89,14.9,,944,35.3
1790945278666,,,8.0,CNG,11.73,14.9,,872,29.8
1790945279569,,,5.0,CNG,11.05,14.9,,860,29.8
1790945280358,,,3.0,CNG,9.12,14.9,,858,29.8
1790945281939,,,3.0,CNG,8.04,18.0,,866,40.4
1790945282778,,,3.0,CNG,6.82,14.9,,808,40.4
1790945283693,,,1.0,CNG,,14.9,,863,40.4
1790945285471,,,1.0,CNG,,23.9,,1032,75.3
1790945286262,,,7.0,CNG,2.79,41.2,1,960,75.3
1790945287225,,,11.0,CNG,3.75,14.9,1,1464,75.3
1790945288862,,,12.0,CNG,6.15,14.9,,1431,28.2
1790945289632,,,11.0,CNG,8.73,22.4,,1117,28.2
1790945290431,,,11.0,CNG,8.88,22.4,,1060,28.2
1790945291939,,,12.0,CNG,9.41,23.1,2,928,57.6
1790945292748,,,14.0,CNG,10.35,25.1,2,1038,57.6
1790945293699,,,15.0,CNG,11.16,25.5,2,1129,57.6
1790945295517,,,16.0,CNG,11.82,25.5,2,1229,34.9
1790945296300,,,18.0,CNG,14.67,25.1,2,1395,34.9
1790945297072,,,19.0,CNG,17.21,14.9,2,1460,34.9
1790945298672,,,20.0,CNG,21.89,14.9,2,1525,17.6
1790945299502,,,18.0,CNG,25.39,14.9,2,1377,17.6
1790945300356,,,17.0,CNG,25.22,26.7,2,1314,17.6
1790945301931,,,17.0,CNG,18.03,26.3,2,1294,40.8
1790945302787,,,19.0,CNG,21.01,22.0,2,1482,40.8
1790945303613,,,20.0,CNG,19.91,25.9,2,1497,40.8
1790945305117,,,21.0,CNG,16.95,44.3,2,1569,95.7
1790945306038,,,28.0,CNG,10.95,51.8,2,2095,95.7
1790945306921,,,32.0,CNG,17.70,14.9,,2074,95.7
1790945308557,,,32.0,CNG,16.39,33.7,3,1702,48.2
1790945309462,,,36.0,CNG,14.23,47.1,3,1834,48.2
1790945310265,,,40.0,CNG,14.10,43.5,3,1995,48.2
1790945311888,,,42.0,CNG,22.10,18.0,3,2042,37.3
1790945312770,,,43.0,CNG,25.71,29.8,4,1615,37.3
1790945313628,,,44.0,CNG,28.57,29.8,4,1641,37.3
1790945315318,,,45.0,CNG,27.55,36.1,4,1662,45.5
1790945316112,,,46.0,CNG,28.87,27.8,5,1323,45.5
1790945316942,,,46.0,CNG,30.37,26.7,5,1347,45.5
1790945318636,,,46.0,CNG,31.99,26.3,5,1350,44.7
1790945319471,,,46.0,CNG,34.18,25.5,5,1342,44.7
1790945320328,,,46.0,CNG,35.25,25.5,5,1347,44.7
1790945321883,,,46.0,CNG,36.74,25.5,5,1344,57.3
1790945322748,,,47.0,CNG,34.21,36.5,5,1364,57.3
1790945323624,,,47.0,CNG,32.23,36.1,5,1373,57.3
1790945325163,,,47.0,CNG,44.38,14.9,5,1376,36.9
1790945326023,,,47.0,CNG,37.49,31.8,4,1731,36.9
1790945326904,,,47.0,CNG,34.34,31.8,4,1733,36.9
1790945328545,,,46.0,CNG,30.24,32.9,4,1729,87.8
1790945329377,,,46.0,CNG,21.39,42.0,4,1720,87.8
1790945330181,,,47.0,CNG,19.27,41.2,4,1730,87.8
1790945331847,,,47.0,CNG,18.37,40.8,4,1740,71.8
1790945332624,,,47.0,CNG,17.69,41.2,4,1748,71.8
1790945333438,,,47.0,CNG,17.84,37.6,4,1747,71.8
1790945335199,,,47.0,CNG,18.30,36.9,4,1750,52.5
1790945336001,,,47.0,CNG,20.83,35.7,4,1743,52.5
1790945336903,,,47.0,CNG,22.76,35.7,4,1739,52.5
1790945338490,,,47.0,CNG,31.34,20.8,4,1733,23.5
1790945339304,,,45.0,CNG,37.24,24.3,4,1677,23.5
1790945340092,,,45.0,CNG,37.97,24.3,4,1659,23.5
1790945341708,,,45.0,CNG,36.12,24.3,4,1641,35.7
1790945342549,,,44.0,CNG,35.82,23.5,4,1633,35.7
1790945343389,,,44.0,CNG,36.47,23.5,4,1632,35.7
1790945344988,,,44.0,CNG,31.48,28.2,4,1621,41.2
1790945345757,,,44.0,CNG,34.26,14.9,4,1624,41.2
1790945346519,,,43.0,CNG,41.57,14.9,5,1250,41.2
1790945348056,,,42.0,CNG,53.84,16.5,,1081,19.6
1790945348796,,,40.0,CNG,54.69,21.6,4,1521,19.6
1790945349548,,,41.0,CNG,53.65,24.3,4,1486,19.6
1790945351005,,,40.0,CNG,53.47,21.2,4,1493,19.6
1790945351847,,,40.0,CNG,64.96,14.9,,1031,19.6
1790945352674,,,38.0,CNG,62.62,14.9,,902,19.6
1790945354449,,,37.0,CNG,59.34,14.9,,856,39.6
1790945355313,,,35.0,CNG,52.25,14.9,,853,39.6
1790945356106,,,34.0,CNG,46.70,14.9,,850,39.6
1790945357658,,,33.0,CNG,43.83,14.9,,847,44.7
1790945358462,,,32.0,CNG,42.69,14.9,5,848,44.7
1790945359225,,,31.0,CNG,41.39,14.9,5,856,44.7
1790945360803,,,31.0,CNG,40.33,14.9,5,855,45.5
1790945361536,,,30.0,CNG,39.46,14.9,5,845,45.5
1790945362366,,,30.0,CNG,39.47,14.9,5,848,45.5
1790945363894,,,30.0,CNG,39.25,14.9,5,850,32.2
1790945364678,,,29.0,CNG,45.19,16.9,5,866,32.2
1790945365427,,,28.0,CNG,43.59,19.6,3,1437,32.2
1790945367081,,,26.0,CNG,38.51,22.4,2,1952,18.8
1790945367820,,,26.0,CNG,30.02,23.1,2,1997,18.8
1790945368677,,,26.0,CNG,23.23,23.5,2,1960,18.8
1790945370491,,,26.0,CNG,21.24,24.3,2,1970,33.3
1790945371285,,,26.0,CNG,20.68,24.7,2,1987,33.3
1790945372088,,,26.0,CNG,19.51,25.5,2,1988,33.3
1790945373695,,,26.0,CNG,18.77,25.5,2,1984,36.9
1790945374528,,,26.0,CNG,18.47,25.5,2,2011,36.9
1790945375494,,,,CNG,10.94,25.1,0,2018,36.9
1790945377026,,,27.0,CNG,17.11,14.9,2,1999,18.8
1790945377838,,,24.0,CNG,24.61,14.9,4,1000,18.8
1790945378596,,,21.0,CNG,29.68,14.9,4,854,18.8
1790945380123,,,19.0,CNG,30.54,14.9,,858,29.4
1790945380935,,,12.0,CNG,28.18,14.9,2,860,29.4
1790945381773,,,7.0,CNG,22.36,25.9,1,867,29.4
1790945383332,,,6.0,CNG,14.32,22.4,,1039,25.9
1790945384307,,,6.0,CNG,11.44,23.1,,939,25.9
1790945385087,,,7.0,CNG,8.90,23.5,1,1002,25.9
1790945386703,,,8.0,CNG,7.78,25.9,1,998,53.7
1790945387522,,,8.0,CNG,6.87,28.6,1,1142,53.7
1790945388396,,,8.0,CNG,6.21,33.3,1,1119,53.7
1790945389980,,,9.0,CNG,6.21,30.2,1,1160,66.3
1790945390826,,,14.0,CNG,8.91,14.9,1,1885,66.3
1790945391613,,,14.0,CNG,11.41,21.6,,1419,66.3
1790945393260,,,13.0,CNG,13.72,21.6,2,977,36.1
1790945394107,,,15.0,CNG,15.17,22.7,2,1123,36.1
1790945395120,,,15.0,CNG,16.83,22.0,2,1148,36.1
1790945396661,,,15.0,CNG,21.46,14.9,2,1134,18.0
1790945397554,,,14.0,CNG,24.80,14.9,2,1044,18.0
1790945398260,,,13.0,CNG,22.59,14.9,2,1005,18.0
1790945399904,,,12.0,CNG,21.13,14.9,2,864,38.4
1790945400753,,,6.0,CNG,15.07,14.9,1,856,38.4
1790945401584,,,5.0,CNG,8.04,23.1,,852,38.4
1790945403091,,,6.0,CNG,8.71,26.7,,638,58.4
1790945403878,,,9.0,CNG,9.42,23.1,,674,58.4
1790945404635,,,10.0,CNG,11.37,14.9,2,834,58.4
1790945406204,,,9.0,CNG,11.57,14.9,,861,68.6
1790945406921,,,10.0,CNG,11.09,14.9,2,773,68.6
1790945407675,,,10.0,CNG,10.19,21.2,2,762,68.6
1790945409189,,,11.0,CNG,11.97,14.9,2,825,44.3
1790945409959,,,10.0,CNG,12.84,14.9,2,854,44.3
1790945410697,,,9.0,CNG,12.69,14.9,,853,44.3
1790945412264,,,11.0,CNG,13.39,14.9,2,862,43.9
1790945413010,,,12.0,CNG,13.87,14.9,2,862,43.9
1790945413798,,,12.0,CNG,14.40,14.9,2,852,43.9
1790945415610,,,13.0,CNG,14.95,14.9,,861,43.9
1790945416423,,,9.0,CNG,13.50,14.9,,862,43.9
1790945417230,,,9.0,CNG,12.50,14.9,,868,43.9
1790945418880,,,10.0,CNG,12.39,14.9,,864,44.7
1790945419617,,,10.0,CNG,12.86,14.9,2,861,44.7
1790945420369,,,11.0,CNG,13.12,14.9,2,859,44.7
1790945421976,,,11.0,CNG,13.93,14.9,2,865,43.1
1790945422929,,,12.0,CNG,11.15,25.1,2,995,43.1
1790945423740,,,13.0,CNG,10.04,31.0,2,1043,43.1
1790945425462,,,15.0,CNG,9.99,30.6,2,1169,63.5
1790945426318,,,19.0,CNG,10.15,34.5,2,1432,63.5
1790945427248,,,21.0,CNG,11.29,14.9,2,1590,63.5
1790945428948,,,21.0,CNG,12.12,25.1,,1414,52.5
1790945429822,,,22.0,CNG,14.02,24.7,3,1139,52.5
1790945430564,,,23.0,CNG,17.69,24.7,3,1148,52.5
1790945432337,,,23.0,CNG,20.35,24.7,3,1168,36.5
1790945433086,,,24.0,CNG,27.69,14.9,3,1212,36.5
1790945433851,,,24.0,CNG,36.13,14.9,,1026,36.5
1790945435595,,,23.0,CNG,39.86,14.9,4,882,30.6
1790945436415,,,19.0,CNG,38.09,14.9,3,863,30.6
1790945437159,,,19.0,CNG,29.80,26.3,3,977,30.6
1790945438814,,,19.0,CNG,18.45,30.2,2,1482,53.3
1790945439664,,,21.0,CNG,15.27,30.2,2,1611,53.3
1790945440501,,,22.0,CNG,13.86,30.2,2,1703,53.3
1790945442080,,,23.0,CNG,17.86,14.9,2,1798,40.4
1790945442963,,,24.0,CNG,17.80,25.9,3,1174,40.4
1790945443811,,,24.0,CNG,17.81,26.3,3,1223,40.4
1790945445494,,,25.0,CNG,19.91,25.9,3,1260,35.7
1790945446260,,,26.0,CNG,22.03,25.9,3,1298,35.7
1790945447077,,,26.0,CNG,23.77,25.9,3,1321,35.7
1790945448574,,,27.0,CNG,31.55,23.9,3,1340,29.0
1790945449340,,,27.0,CNG,30.87,24.3,3,1350,29.0
1790945450141,,,27.0,CNG,28.43,25.1,3,1373,29.0
1790945451785,,,27.0,CNG,24.19,25.1,3,1381,43.1
1790945452552,,,25.0,CNG,28.15,14.9,3,1323,43.1
1790945453388,,,26.0,CNG,19.46,27.5,4,1073,43.1
1790945455148,,,25.0,CNG,17.95,23.5,2,1839,30.2
1790945455939,,,25.0,CNG,18.68,25.1,2,1942,30.2
1790945456736,,,25.0,CNG,22.88,26.7,2,1926,30.2
1790945458294,,,25.0,CNG,19.32,26.3,2,1959,34.9
1790945459062,,,26.0,CNG,19.94,26.3,2,1950,34.9
1790945459903,,,26.0,CNG,20.54,26.3,2,1977,34.9
1790945461429,,,26.0,CNG,20.02,31.4,2,1999,37.6
1790945462293,,,28.0,CNG,19.57,29.0,2,2146,37.6
1790945463147,,,28.0,CNG,18.67,28.2,2,2140,37.6
1790945464743,,,29.0,CNG,19.32,27.8,2,2178,41.2
1790945465524,,,30.0,CNG,17.46,27.8,2,2254,41.2
1790945466330,,,30.0,CNG,22.05,24.7,2,2283,41.2
1790945467933,,,29.0,CNG,20.68,24.7,2,2274,32.5
1790945468768,,,30.0,CNG,20.17,24.7,2,2244,32.5
1790945469506,,,30.0,CNG,20.08,24.7,2,2253,32.5
1790945471111,,,30.0,CNG,22.34,24.7,2,2253,22.0
1790945471911,,,30.0,CNG,24.43,24.7,2,2272,22.0
1790945472690,,,30.0,CNG,26.42,24.3,2,2262,22.0
1790945474226,,,30.0,CNG,27.43,24.3,2,2273,20.0
1790945475129,,,30.0,CNG,27.83,24.7,2,2272,20.0
1790945475899,,,30.0,CNG,28.50,21.2,2,2273,20.0
1790945477416,,,30.0,CNG,32.91,14.9,2,2084,20.4
1790945478126,,,25.0,CNG,35.69,14.9,4,935,20.4
1790945478900,,,21.0,CNG,34.34,14.9,4,845,20.4
1790945480399,,,18.0,CNG,30.46,14.9,3,859,43.9
1790945481149,,,13.0,CNG,23.57,14.9,,855,43.9
1790945481910,,,13.0,CNG,16.03,23.5,,862,43.9
1790945483376,,,14.0,CNG,12.39,31.8,2,1015,65.5
1790945484111,,,17.0,CNG,10.98,34.1,2,1284,65.5
1790945484911,,,19.0,CNG,10.45,34.1,2,1423,65.5
1790945486343,,,21.0,CNG,10.35,34.1,2,1562,34.9
1790945487106,,,22.0,CNG,15.84,25.1,,1486,34.9
1790945487819,,,22.0,CNG,17.28,26.7,3,1127,34.9
1790945489433,,,23.0,CNG,18.98,27.5,3,1151,37.3
1790945490193,,,24.0,CNG,21.85,16.9,3,1233,37.3
1790945490939,,,25.0,CNG,27.05,20.8,3,1280,37.3
1790945492433,,,24.0,CNG,33.59,20.8,3,1232,29.8
1790945493181,,,24.0,CNG,32.89,14.9,3,1258,29.8
1790945493898,,,24.0,CNG,31.32,14.9,,1082,29.8
1790945495609,,,24.0,CNG,32.00,14.9,4,923,43.5
1790945496339,,,22.0,CNG,29.53,14.9,4,859,43.5
1790945497104,,,21.0,CNG,28.13,14.9,4,849,43.5
1790945498592,,,20.0,CNG,27.39,14.9,,848,44.3
1790945499373,,,16.0,CNG,24.40,14.9,3,856,44.3
1790945500092,,,14.0,CNG,21.39,14.9,,853,44.3
1790945501565,,,11.0,CNG,18.34,14.9,2,848,45.1
1790945502270,,,8.0,CNG,15.48,14.9,,848,45.1
1790945503073,,,7.0,CNG,12.67,14.9,,851,45.1
1790945504620,,,3.0,CNG,8.91,14.9,,857,42.7
1790945505377,,,1.0,CNG,4.51,28.2,,1078,42.7
1790945506087,,,4.0,CNG,3.87,27.8,,977,42.7
1790945507621,,,7.0,CNG,5.74,14.9,1,978,40.4
1790945508322,,,6.0,CNG,4.85,24.3,1,858,40.4
1790945509086,,,7.0,CNG,6.22,20.4,1,965,40.4
1790945510577,,,7.0,CNG,6.18,25.1,,1122,45.1
1790945511316,,,10.0,CNG,6.61,25.9,1,1376,45.1
1790945512035,,,10.0,CNG,8.98,14.9,1,1499,45.1
1790945513487,,,10.0,CNG,12.34,25.9,,1159,42.0
1790945514238,,,11.0,CNG,15.20,16.5,2,802,42.0
1790945515302,,,11.0,CNG,17.59,14.9,2,837,42.0
1790945516784,,,11.0,CNG,18.97,14.9,2,842,27.5
1790945517524,,,11.0,CNG,20.26,14.9,2,860,27.5
1790945518305,,,11.0,CNG,18.94,14.9,2,856,27.5
1790945519784,,,11.0,CNG,17.71,18.8,2,849,54.9
1790945520488,,,11.0,CNG,14.61,20.4,2,833,54.9
1790945521225,,,11.0,CNG,13.19,14.9,2,841,54.9
1790945522736,,,11.0,CNG,13.45,14.9,2,838,43.5
1790945523492,,,11.0,CNG,9.93,30.2,2,911,43.5
1790945524250,,,13.0,CNG,9.84,25.1,2,964,43.5
1790945525747,,,14.0,CNG,10.34,36.1,2,1090,87.8
1790945526559,,,19.0,CNG,7.43,51.0,2,1444,87.8
1790945527349,,,23.0,CNG,8.31,14.9,2,1692,87.8
1790945528904,,,24.0,CNG,13.84,14.9,,1421,20.4
1790945529697,,,22.0,CNG,19.81,14.9,3,1014,20.4
1790945530443,,,19.0,CNG,25.18,14.9,3,973,20.4
1790945531924,,,18.0,CNG,27.50,22.4,3,862,39.2
1790945532683,,,18.0,CNG,20.81,24.3,2,1341,39.2
1790945533397,,,19.0,CNG,17.75,24.7,2,1415,39.2
1790945535103,,,19.0,CNG,16.23,25.1,2,1427,86.7
1790945535891,,,21.0,CNG,19.42,14.9,2,1490,86.7
1790945536601,,,21.0,CNG,16.93,29.0,,1270,86.7
1790945538115,,,22.0,CNG,16.35,29.0,3,1090,56.1
1790945538891,,,24.0,CNG,16.73,28.6,3,1200,56.1
1790945539686,,,25.0,CNG,17.21,28.2,3,1244,56.1
1790945541165,,,26.0,CNG,16.02,40.0,3,1297,29.8
1790945541961,,,26.0,CNG,16.28,29.4,4,1052,29.8
1790945542730,,,27.0,CNG,24.67,14.9,4,994,29.8
1790945544266,,,26.0,CNG,32.30,14.9,4,960,29.0
1790945544992,,,26.0,CNG,24.87,30.2,4,921,29.0
1790945545762,,,26.0,CNG,22.67,25.5,4,990,29.0
1790945547296,,,26.0,CNG,27.49,14.9,4,946,34.1
1790945548078,,,26.0,CNG,17.82,34.1,4,951,34.1
1790945548823,,,26.0,CNG,22.41,14.9,4,982,34.1
1790945550253,,,26.0,CNG,22.89,24.7,4,957,60.4
1790945550984,,,27.0,CNG,22.74,24.3,4,1002,60.4
1790945551790,,,27.0,CNG,23.62,22.0,4,1004,60.4
1790945553222,,,27.0,CNG,28.22,14.9,4,995,42.4
1790945553941,,,27.0,CNG,27.08,14.9,4,981,42.4
1790945554849,,,27.0,CNG,30.57,26.7,4,953,42.4
1790945556470,,,26.0,CNG,30.29,14.9,3,1272,18.4
1790945557166,,,26.0,CNG,36.33,14.9,3,1302,18.4
1790945557919,,,25.0,CNG,40.58,14.9,3,1264,18.4
1790945559297,,,25.0,CNG,44.56,14.9,3,1261,17.6
1790945560076,,,23.0,CNG,47.98,14.9,3,1183,17.6
1790945560795,,,22.0,CNG,41.27,14.9,4,821,17.6
1790945562237,,,21.0,CNG,36.51,14.9,4,857,42.0
1790945562942,,,15.0,CNG,27.44,14.9,3,856,42.0
1790945563713,,,13.0,CNG,21.56,14.9,,854,42.0
1790945565142,,,11.0,CNG,17.90,14.9,2,860,44.7
1790945565834,,,10.0,CNG,15.99,14.9,2,861,44.7
1790945566703,,,10.0,CNG,14.46,14.9,,869,44.7
1790945568130,,,6.0,CNG,11.60,14.9,1,862,44.3
1790945568823,,,2.0,CNG,8.42,14.9,,869,44.3
1790945569573,,,2.0,CNG,4.74,25.9,,1006,44.3
1790945571026,,,5.0,CNG,4.59,23.5,,801,49.8
1790945571776,,,6.0,CNG,5.74,14.9,,941,49.8
1790945572481,,,6.0,CNG,4.86,23.9,1,859,49.8
1790945573958,,,7.0,CNG,5.24,25.1,1,902,51.4
1790945575029,,,8.0,CNG,7.02,14.9,1,1075,51.4
1790945575815,,,5.0,CNG,6.90,14.9,,891,51.4
1790945577287,,,3.0,CNG,5.60,14.9,,868,47.8
1790945578041,,,3.0,CNG,6.71,18.4,,743,47.8
1790945578760,,,4.0,CNG,8.43,18.8,,304,47.8
1790945580266,,,4.0,CNG,9.38,18.8,,551,38.0
1790945580969,,,4.0,CNG,7.89,14.9,,802,38.0
1790945581748,,,0.0,CNG,,14.9,0,880,38.0
1790945583165,,,,CNG,,25.1,0,883,42.7
1790945583898,,,3.0,CNG,,14.9,,804,42.7
1790945584657,,,4.0,CNG,,25.1,,875,42.7
1790945586171,,,6.0,CNG,3.61,24.7,1,848,49.8
1790945586925,,,9.0,CNG,4.91,14.9,1,1258,49.8
1790945587688,,,10.0,CNG,7.42,14.9,1,1300,49.8
1790945589173,,,11.0,CNG,10.90,21.6,,1032,38.0
1790945589960,,,12.0,CNG,10.79,21.6,2,888,38.0
1790945590757,,,12.0,CNG,11.60,21.6,2,927,38.0
1790945592282,,,13.0,CNG,12.52,20.4,2,956,44.7
1790945593055,,,13.0,CNG,13.70,20.0,2,1021,44.7
1790945593835,,,14.0,CNG,14.13,22.4,2,1042,44.7
1790945595704,,,14.0,CNG,13.79,22.4,2,1070,29.4
1790945596446,,,15.0,CNG,16.70,22.4,2,1152,29.4
1790945597167,,,16.0,CNG,19.35,22.4,2,1187,29.4
1790945598756,,,16.0,CNG,21.07,22.4,2,1208,25.5
1790945599509,,,16.0,CNG,22.37,22.4,2,1249,25.5
1790945600268,,,16.0,CNG,18.21,23.1,2,1254,25.5
1790945601732,,,17.0,CNG,16.69,23.1,2,1259,39.6
1790945602477,,,17.0,CNG,16.73,22.7,2,1314,39.6
1790945603205,,,17.0,CNG,16.62,23.1,2,1324,39.6
1790945604709,,,18.0,CNG,16.96,23.1,2,1334,36.5
1790945605454,,,18.0,CNG,16.97,23.1,2,1384,36.5
1790945606200,,,18.0,CNG,16.84,24.3,2,1396,36.5
1790945607711,,,19.0,CNG,16.44,23.9,2,1423,40.0
1790945608486,,,20.0,CNG,11.76,47.5,2,1500,40.0
1790945609223,,,22.0,CNG,9.96,32.5,2,1657,40.0
1790945610728,,,23.0,CNG,14.61,14.9,2,1623,43.1
1790945611437,,,23.0,CNG,17.55,23.9,3,1235,43.1
1790945612176,,,23.0,CNG,20.94,24.7,3,1202,43.1
1790945613657,,,24.0,CNG,23.27,23.5,3,1180,30.2
1790945614481,,,24.0,CNG,25.52,23.5,3,1200,30.2
1790945615372,,,24.0,CNG,27.57,23.1,3,1239,30.2
1790945616835,,,24.0,CNG,28.58,23.1,3,1248,31.4
1790945617572,,,24.0,CNG,28.85,27.5,3,1248,31.4
1790945618368,,,25.0,CNG,26.33,26.7,3,1250,31.4
1790945619847,,,25.0,CNG,24.49,14.9,3,1272,47.5
1790945620581,,,25.0,CNG,22.10,25.5,3,1307,47.5
1790945621295,,,25.0,CNG,21.13,25.1,3,1278,47.5
1790945622744,,,26.0,CNG,20.86,24.3,3,1321,35.7
1790945623450,,,26.0,CNG,21.04,23.5,3,1369,35.7
1790945624244,,,27.0,CNG,21.81,23.5,3,1359,35.7
1790945625725,,,27.0,CNG,22.23,24.3,3,1356,41.2
1790945626468,,,27.0,CNG,24.57,25.9,3,1404,41.2
1790945627229,,,27.0,CNG,26.10,25.5,3,1386,41.2
1790945628781,,,28.0,CNG,28.05,25.5,3,1394,32.2
1790945629497,,,29.0,CNG,29.32,25.5,3,1445,32.2
1790945630280,,,29.0,CNG,29.71,25.1,3,1465,32.2
1790945631713,,,29.0,CNG,37.34,24.7,3,1464,30.2
1790945632463,,,29.0,CNG,31.83,,3,1486,30.2
1790945633181,,,30.0,CNG,25.99,24.7,3,1483,30.2
1790945634844,,,30.0,CNG,23.99,24.7,3,1514,40.0
1790945635630,,,30.0,CNG,23.86,24.7,3,1497,40.0
1790945636372,,,30.0,CNG,23.66,24.3,3,1503,40.0
1790945637804,,,30.0,CNG,29.51,23.1,3,1489,34.9
1790945638602,,,29.0,CNG,28.28,23.5,3,1521,34.9
1790945639378,,,29.0,CNG,31.65,14.9,3,1412,34.9
1790945640889,,,29.0,CNG,28.75,14.9,4,1211,34.9
1790945641601,,,26.0,CNG,33.67,14.9,4,927,34.9
1790945642357,,,23.0,CNG,36.60,14.9,4,879,34.9
1790945643867,,,20.0,CNG,37.07,14.9,,866,28.2
1790945644625,,,15.0,CNG,34.15,14.9,3,861,28.2
1790945645392,,,12.0,CNG,30.44,14.9,2,866,28.2
1790945646853,,,9.0,CNG,25.47,14.9,,856,35.7
1790945647556,,,7.0,CNG,18.36,14.9,1,858,35.7
1790945648285,,,4.0,CNG,12.16,14.9,,856,35.7
1790945649711,,,2.0,CNG,7.81,14.9,,852,47.1
1790945650434,,,0.0,CNG,4.83,14.9,0,910,47.1
1790945651142,,,0.0,CNG,,23.9,0,936,47.1
1790945652704,,,1.0,CNG,,14.9,,1061,52.5
1790945653442,,,4.0,CNG,,24.7,,1461,52.5
1790945654174,,,7.0,CNG,4.27,25.9,1,879,52.5
1790945655862,,,8.0,CNG,4.89,28.2,1,1122,52.5
1790945656609,,,12.0,CNG,7.91,14.9,1,1777,52.5
1790945657320,,,12.0,CNG,5.76,30.6,,1416,52.5
1790945658878,,,14.0,CNG,7.25,28.6,2,1016,52.9
1790945659585,,,16.0,CNG,8.79,27.5,2,1205,52.9
1790945660321,,,17.0,CNG,10.82,26.7,2,1238,52.9
1790945661861,,,18.0,CNG,12.93,26.7,2,1358,35.7
1790945662619,,,20.0,CNG,18.41,22.0,2,1499,35.7
1790945663311,,,20.0,CNG,18.89,23.9,2,1577,35.7
1790945664789,,,20.0,CNG,20.40,23.9,2,1580,35.3
1790945665501,,,21.0,CNG,18.05,23.9,2,1616,35.3
1790945666264,,,21.0,CNG,17.35,23.9,2,1628,35.3
1790945667743,,,21.0,CNG,16.86,23.9,2,1625,40.0
1790945668526,,,22.0,CNG,16.05,25.5,2,1665,40.0
1790945669289,,,22.0,CNG,15.94,25.5,2,1685,40.0
1790945670828,,,22.0,CNG,15.78,25.5,2,1697,40.4
1790945671541,,,23.0,CNG,20.40,20.4,2,1720,40.4
1790945672347,,,22.0,CNG,20.21,24.3,2,1652,40.4
1790945673828,,,22.0,CNG,21.47,24.3,2,1697,24.7
1790945674646,,,23.0,CNG,22.26,24.3,2,1760,24.7
1790945675543,,,23.0,CNG,20.84,53.7,2,1782,24.7
1790945677039,,,26.0,CNG,8.84,61.2,2,1968,27.5
1790945677770,,,29.0,CNG,12.92,25.5,3,1506,27.5
1790945678588,,,29.0,CNG,17.01,25.1,3,1489,27.5
1790945680029,,,29.0,CNG,19.79,14.9,3,1484,26.3
1790945680816,,,28.0,CNG,20.06,25.5,3,1463,26.3
1790945681541,,,29.0,CNG,20.36,25.5,3,1461,26.3
1790945683086,,,29.0,CNG,21.67,25.9,3,1444,33.7
1790945683807,,,29.0,CNG,23.59,21.6,3,1466,33.7
1790945684581,,,28.0,CNG,25.73,22.4,3,1415,33.7
1790945686036,,,28.0,CNG,25.80,23.5,3,1428,36.5
1790945686786,,,29.0,CNG,36.05,14.9,,1293,36.5
1790945687573,,,28.0,CNG,45.21,14.9,4,976,36.5
1790945689079,,,28.0,CNG,49.14,14.9,5,857,30.2
1790945689836,,,27.0,CNG,50.84,14.9,5,868,30.2
1790945690599,,,26.0,CNG,50.59,14.9,4,868,30.2
1790945692108,,,26.0,CNG,50.63,14.9,4,860,29.0
1790945692863,,,25.0,CNG,49.99,14.9,4,861,29.0
1790945693580,,,25.0,CNG,45.34,14.9,4,862,29.0
1790945695406,,,23.0,CNG,39.64,14.9,4,869,41.2
1790945696137,,,20.0,CNG,32.82,14.9,,855,41.2
1790945696868,,,18.0,CNG,27.51,,3,852,41.2
1790945698336,,,16.0,CNG,23.52,14.9,3,851,45.1
1790945699114,,,12.0,CNG,20.26,14.9,2,856,45.1
1790945699814,,,11.0,CNG,17.56,14.9,2,856,45.1
1790945701300,,,10.0,CNG,15.42,14.9,2,855,43.9
1790945702062,,,9.0,CNG,14.61,18.4,,912,43.9
1790945702809,,,9.0,CNG,14.53,14.9,,688,43.9
1790945704282,,,9.0,CNG,13.86,21.2,,909,38.8
1790945705060,,,11.0,CNG,15.10,20.8,2,775,38.8
1790945705806,,,11.0,CNG,15.45,20.8,2,822,38.8
1790945707359,,,12.0,CNG,16.50,20.4,2,851,36.1
1790945708123,,,11.0,CNG,16.56,14.9,2,890,36.1
1790945708898,,,11.0,CNG,12.94,23.1,2,891,36.1
1790945710440,,,12.0,CNG,12.62,14.9,2,929,44.3
1790945711150,,,9.0,CNG,12.13,14.9,,863,44.3
1790945711870,,,8.0,CNG,10.87,25.1,,866,44.3
1790945713431,,,8.0,CNG,9.25,25.1,,955,69.8
1790945714136,,,10.0,CNG,10.52,19.6,2,834,69.8
1790945715024,,,10.0,CNG,9.62,20.8,,915,69.8
1790945716539,,,11.0,CNG,10.36,20.8,2,801,49.0
1790945717261,,,11.0,CNG,11.90,14.9,2,848,49.0
1790945718014,,,9.0,CNG,11.89,14.9,,856,49.0
1790945719456,,,7.0,CNG,10.94,14.9,1,864,44.3
1790945720196,,,4.0,CNG,8.66,14.9,,858,44.3
1790945720930,,,3.0,CNG,6.62,22.4,,867,44.3
1790945722396,,,3.0,CNG,4.24,14.9,,1029,43.5
1790945723158,,,4.0,CNG,3.73,20.0,,932,43.5
1790945724015,,,5.0,CNG,4.58,14.9,,985,43.5
1790945725539,,,4.0,CNG,4.74,14.9,,890,44.7
1790945726248,,,3.0,CNG,4.25,14.9,,867,44.7
1790945727018,,,2.0,CNG,3.50,14.9,,862,44.7
1790945728584,,,1.0,CNG,,14.9,,872,44.7
1790945729348,,,1.0,CNG,,14.9,,863,44.7
1790945730139,,,0.0,CNG,,14.9,0,868,44.7
1790945731631,,,0.0,CNG,,14.9,0,864,32.5
1790945732336,,,0.0,CNG,,14.9,0,892,32.5
1790945733069,,,0.0,CNG,,14.9,0,878,32.5
1790945734512,,,0.0,CNG,,20.8,0,875,27.5
1790945735412,,,1.0,CNG,,14.9,,873,27.5
1790945736172,,,0.0,CNG,,22.0,0,859,27.5
1790945737648,,,0.0,CNG,,14.9,0,1087,41.6
1790945738447,,,2.0,CNG,,14.9,,857,41.6
1790945739182,,,2.0,CNG,,14.9,,864,41.6
1790945740694,,,1.0,CNG,,23.9,,866,55.7
1790945741424,,,3.0,CNG,,23.9,,830,55.7
1790945742128,,,4.0,CNG,,14.9,,923,55.7
1790945743616,,,5.0,CNG,3.99,22.4,,892,46.3
1790945744335,,,7.0,CNG,5.19,22.4,1,1031,46.3
1790945745182,,,8.0,CNG,6.20,22.4,1,1117,46.3
1790945746663,,,8.0,CNG,6.63,20.8,1,1216,34.9
1790945747436,,,9.0,CNG,8.44,14.9,1,1168,34.9
1790945748134,,,8.0,CNG,9.48,14.9,,963,34.9
1790945749621,,,7.0,CNG,9.05,21.6,1,865,53.3
1790945750317,,,7.0,CNG,9.38,20.8,1,1040,53.3
1790945751033,,,8.0,CNG,10.61,19.6,1,1104,53.3
1790945752490,,,8.0,CNG,11.65,20.0,1,1108,22.7
1790945753233,,,7.0,CNG,13.08,14.9,1,1013,22.7
1790945753942,,,6.0,CNG,7.07,27.8,1,870,22.7
1790945755553,,,6.0,CNG,6.10,22.0,,1184,36.5
1790945756342,,,7.0,CNG,7.35,20.0,,855,36.5
1790945757091,,,6.0,CNG,6.93,19.2,,980,36.5
1790945758549,,,7.0,CNG,7.04,19.2,1,951,48.2
1790945759324,,,7.0,CNG,6.59,20.8,1,1034,48.2
1790945760052,,,7.0,CNG,7.66,14.9,1,1046,48.2
1790945761582,,,7.0,CNG,8.28,14.9,1,908,44.3
1790945762326,,,4.0,CNG,6.71,14.9,,862,44.3
1790945763074,,,3.0,CNG,5.64,14.9,,852,44.3
1790945764536,,,4.0,CNG,5.32,14.9,,862,44.7
1790945765322,,,4.0,CNG,5.17,14.9,,845,44.7
1790945766062,,,4.0,CNG,5.13,14.9,,858,44.7
1790945767572,,,4.0,CNG,5.04,17.6,,839,65.5
1790945768323,,,7.0,CNG,5.51,25.5,1,908,65.5
1790945769096,,,8.0,CNG,5.03,34.1,1,1194,65.5
1790945770620,,,11.0,CNG,5.31,14.9,1,1537,29.4
1790945771384,,,12.0,CNG,7.53,20.4,,1322,29.4
1790945772119,,,13.0,CNG,10.76,20.8,2,1001,29.4
1790945773611,,,13.0,CNG,12.27,21.2,2,990,31.8
1790945774362,,,13.0,CNG,14.78,20.8,2,1019,31.8
1790945775228,,,13.0,CNG,17.22,17.6,2,997,31.8
1790945776733,,,13.0,CNG,20.76,18.0,2,1028,36.9
1790945777464,,,13.0,CNG,16.89,23.1,2,1007,36.9
1790945778217,,,14.0,CNG,15.04,22.7,2,1026,36.9
1790945779774,,,14.0,CNG,13.83,22.7,2,1066,56.5
1790945780486,,,16.0,CNG,12.19,27.8,2,1186,56.5
1790945781241,,,17.0,CNG,11.76,28.2,2,1273,56.5
1790945782776,,,18.0,CNG,11.66,14.9,2,1339,32.5
1790945783533,,,18.0,CNG,11.30,29.0,2,1222,32.5
1790945784269,,,19.0,CNG,12.38,27.1,2,1449,32.5
1790945785758,,,20.0,CNG,14.08,25.9,2,1467,34.9
1790945786516,,,20.0,CNG,20.19,14.9,,1274,34.9
1790945787280,,,19.0,CNG,24.85,14.9,3,964,34.9
1790945788832,,,16.0,CNG,26.76,14.9,3,876,29.4
1790945789622,,,9.0,CNG,23.24,14.9,,859,29.4
1790945790377,,,8.0,CNG,20.25,14.9,,864,29.4
1790945791883,,,7.0,CNG,16.38,14.9,1,861,38.4
1790945792642,,,6.0,CNG,12.26,14.9,1,862,38.4
1790945793436,,,,CNG,6.71,14.9,0,854,38.4
1790945795212,,,4.0,CNG,5.88,14.9,,853,48.2
1790945795987,,,3.0,CNG,5.00,14.9,,858,48.2
1790945796695,,,4.0,CNG,3.77,21.6,,869,48.2
1790945798199,,,5.0,CNG,4.32,19.6,,913,43.1
1790945798950,,,5.0,CNG,5.12,14.9,,860,43.1
1790945799713,,,5.0,CNG,5.39,14.9,,843,43.1
1790945801205,,,3.0,CNG,5.20,14.9,,847,30.6
1790945801949,,,0.0,CNG,,14.9,0,879,30.6
1790945802704,,,0.0,CNG,,14.9,0,877,30.6
1790945804186,,,0.0,CNG,,14.9,0,866,32.2
1790945804921,,,0.0,CNG,,14.9,0,855,32.2
1790945805691,,,1.0,CNG,,14.9,,861,32.2
1790945807246,,,2.0,CNG,,14.9,,862,48.2
1790945807969,,,0.0,CNG,,26.7,0,857,48.2
1790945808690,,,0.0,CNG,,14.9,0,1124,48.2
1790945810169,,,0.0,CNG,,31.0,0,954,46.7
1790945810970,,,1.0,CNG,,14.9,,1255,46.7
1790945811718,,,1.0,CNG,,14.9,,1163,46.7
1790945813173,,,0.0,CNG,,16.9,0,1024,53.3
1790945813907,,,1.0,CNG,,23.1,,1117,53.3
1790945814798,,,3.0,CNG,,14.9,,1278,53.3
1790945816426,,,1.0,CNG,,14.9,,1042,40.0
1790945817228,,,0.0,CNG,,14.9,0,895,40.0
1790945818028,,,0.0,CNG,,14.9,0,866,40.0
1790945819527,,,0.0,CNG,,14.9,0,865,41.6
1790945820258,,,0.0,CNG,,14.9,0,849,41.6
1790945821001,,,0.0,CNG,,14.9,0,860,41.6
1790945822530,,,0.0,CNG,,14.9,0,916,26.7
1790945823238,,,0.0,CNG,,14.9,0,882,26.7
1790945824005,,,0.0,CNG,,14.9,0,857,26.7
1790945825505,,,0.0,CNG,,14.9,0,853,27.1
1790945826238,,,0.0,CNG,,14.9,0,850,27.1
1790945827008,,,0.0,CNG,,14.9,0,842,27.1
1790945828512,,,0.0,CNG,,14.9,0,858,41.2
1790945829217,,,0.0,CNG,,14.9,0,864,41.2
1790945829944,,,0.0,CNG,,14.9,0,858,41.2
1790945831501,,,0.0,CNG,,14.9,0,862,42.4
1790945832226,,,0.0,CNG,,14.9,0,863,42.4
1790945832973,,,0.0,CNG,,14.9,0,859,42.4
1790945834473,,,0.0,CNG,,14.9,0,866,42.7
1790945835553,,,0.0,CNG,,14.9,0,854,42.7
1790945836299,,,0.0,CNG,,14.9,0,870,42.7
1790945837766,,,0.0,CNG,,14.9,0,862,27.8
1790945838574,,,0.0,CNG,,14.9,0,853,27.8
1790945839318,,,0.0,CNG,,14.9,0,849,27.8
1790945840809,,,0.0,CNG,,14.9,0,849,34.1
1790945841593,,,0.0,CNG,,14.9,0,855,34.1
1790945842345,,,0.0,CNG,,14.9,0,859,34.1
1790945843775,,,0.0,CNG,,14.9,0,855,45.9
1790945844590,,,0.0,CNG,,14.9,0,864,45.9
1790945845336,,,0.0,CNG,,14.9,0,850,45.9
1790945846929,,,0.0,CNG,,14.9,0,859,40.8
1790945847750,,,0.0,CNG,,14.9,0,861,40.8
1790945848512,,,0.0,CNG,,14.9,0,862,40.8
1790945850011,,,0.0,CNG,,14.9,0,853,42.0
1790945850798,,,0.0,CNG,,14.9,0,838,42.0
1790945851515,,,0.0,CNG,,14.9,0,855,42.0
1790945852939,,,0.0,CNG,,14.9,0,850,41.6
1790945853741,,,0.0,CNG,,14.9,0,859,41.6
1790945854473,,,0.0,CNG,,14.9,0,854,41.6
1790945856285,,,0.0,CNG,,14.9,0,857,40.4
1790945857018,,,0.0,CNG,,14.9,0,856,40.4
1790945857733,,,0.0,CNG,,14.9,0,855,40.4
1790945859238,,,0.0,CNG,,14.9,0,853,40.8
1790945859957,,,0.0,CNG,,14.9,0,861,40.8
1790945860730,,,0.0,CNG,,14.9,0,856,40.8
1790945862208,,,0.0,CNG,,14.9,0,886,27.5
1790945862973,,,0.0,CNG,,14.9,0,859,27.5
1790945863731,,,0.0,CNG,,14.9,0,858,27.5
1790945865209,,,0.0,CNG,,14.9,0,851,26.3
1790945866016,,,0.0,CNG,,14.9,0,852,26.3
1790945866763,,,0.0,CNG,,14.9,0,841,26.3
1790945868238,,,0.0,CNG,,14.9,0,854,38.0
1790945868999,,,0.0,CNG,,14.9,0,859,38.0
1790945869764,,,0.0,CNG,,14.9,0,860,38.0
1790945871323,,,0.0,CNG,,14.9,0,863,42.7
1790945872081,,,0.0,CNG,,14.9,0,854,42.7
1790945872810,,,0.0,CNG,,14.9,0,861,42.7
1790945874262,,,0.0,CNG,,14.9,0,862,37.3
1790945875192,,,0.0,CNG,,14.9,0,896,37.3
1790945876020,,,0.0,CNG,,14.9,0,847,37.3
1790945877568,,,0.0,CNG,,14.9,0,849,26.7
1790945878363,,,0.0,CNG,,14.9,0,851,26.7
1790945879154,,,0.0,CNG,,14.9,0,854,26.7
1790945880596,,,0.0,CNG,,14.9,0,853,26.7
1790945881346,,,0.0,CNG,,14.9,0,849,26.7
1790945882104,,,0.0,CNG,,14.9,0,848,26.7
1790945883567,,,0.0,CNG,,14.9,0,851,35.7
1790945884274,,,0.0,CNG,,14.9,0,857,35.7
1790945885045,,,0.0,CNG,,14.9,0,859,35.7
1790945886588,,,0.0,CNG,,14.9,0,859,45.9
1790945887398,,,0.0,CNG,,14.9,0,855,45.9
1790945888157,,,0.0,CNG,,51.4,0,859,45.9
1790945889722,,,0.0,CNG,,27.5,0,1548,23.1
1790945890422,,,0.0,CNG,,14.9,0,1013,23.1
1790945891160,,,0.0,CNG,,14.9,0,901,23.1
1790945892636,,,0.0,CNG,,14.9,0,863,26.7
1790945893396,,,0.0,CNG,,14.9,0,850,26.7
1790945894133,,,0.0,CNG,,14.9,0,853,26.7
1790945895957,,,0.0,CNG,,14.9,0,852,27.5
1790945896704,,,0.0,CNG,,14.9,0,846,27.5
1790945897500,,,0.0,CNG,,14.9,0,846,27.5
1790945898959,,,0.0,CNG,,14.9,0,856,39.2
1790945899716,,,0.0,CNG,,14.9,0,862,39.2
1790945900463,,,0.0,CNG,,14.9,0,859,39.2
1790945901979,,,0.0,CNG,,14.9,0,860,42.7
1790945902767,,,0.0,CNG,,14.9,0,858,42.7
1790945903532,,,0.0,CNG,,14.9,0,858,42.7
1790945905032,,,0.0,CNG,,14.9,0,864,41.6
1790945905784,,,0.0,CNG,,14.9,0,862,41.6
1790945906542,,,0.0,CNG,,14.9,0,875,41.6
1790945908016,,,0.0,CNG,,14.9,0,852,27.1
1790945908775,,,0.0,CNG,,14.9,0,848,27.1
1790945909538,,,0.0,CNG,,14.9,0,849,27.1
1790945911068,,,0.0,CNG,,14.9,0,854,31.8
1790945911873,,,0.0,CNG,,14.9,0,841,31.8
1790945912682,,,0.0,CNG,,14.9,0,860,31.8
1790945914256,,,0.0,CNG,,14.9,0,854,43.9
1790945915169,,,0.0,CNG,,14.9,0,861,43.9
1790945916016,,,0.0,CNG,,14.9,0,862,43.9
1790945917449,,,0.0,CNG,,14.9,0,856,42.0
1790945918227,,,0.0,CNG,,14.9,0,851,42.0
1790945918976,,,0.0,CNG,,14.9,0,857,42.0
1790945920485,,,0.0,CNG,,14.9,0,863,40.8
1790945921276,,,0.0,CNG,,14.9,0,856,40.8
1790945922035,,,0.0,CNG,,14.9,0,857,40.8
1790945923552,,,0.0,CNG,,14.9,0,852,40.8
1790945924358,,,0.0,CNG,,14.9,0,858,40.8
1790945925081,,,0.0,CNG,,14.9,0,889,40.8
1790945926695,,,0.0,CNG,,14.9,0,864,27.5
1790945927426,,,0.0,CNG,,14.9,0,851,27.5
1790945928202,,,0.0,CNG,,14.9,0,853,27.5
1790945929670,,,0.0,CNG,,14.9,0,849,26.7
1790945930435,,,0.0,CNG,,14.9,0,849,26.7
1790945931164,,,0.0,CNG,,14.9,0,849,26.7
1790945932647,,,0.0,CNG,,14.9,0,857,41.6
1790945933425,,,0.0,CNG,,14.9,0,861,41.6
1790945934253,,,0.0,CNG,,14.9,0,867,41.6
1790945936145,,,0.0,CNG,,14.9,0,853,41.2
1790945936973,,,0.0,CNG,,14.9,0,863,41.2
1790945937777,,,0.0,CNG,,14.9,0,859,41.2
1790945939296,,,0.0,CNG,,14.9,0,858,27.5
1790945939999,,,0.0,CNG,,14.9,0,864,27.5
1790945940747,,,0.0,CNG,,14.9,0,853,27.5
1790945942215,,,0.0,CNG,,14.9,0,853,26.7
1790945942998,,,0.0,CNG,,14.9,0,848,26.7
1790945943756,,,0.0,CNG,,14.9,0,845,26.7
1790945945215,,,0.0,CNG,,14.9,0,846,26.7
1790945946011,,,0.0,CNG,,14.9,0,853,26.7
1790945946820,,,0.0,CNG,,14.9,0,850,26.7
1790945948281,,,0.0,CNG,,14.9,0,853,38.4
1790945949119,,,0.0,CNG,,14.9,0,855,38.4
1790945949841,,,0.0,CNG,,14.9,0,864,38.4
1790945951389,,,0.0,CNG,,14.9,0,866,43.1
1790945952147,,,0.0,CNG,,14.9,0,854,43.1
1790945952917,,,0.0,CNG,,14.9,0,856,43.1
1790945954373,,,0.0,CNG,,14.9,0,863,26.7
1790945955336,,,0.0,CNG,,14.9,0,854,26.7
1790945956142,,,0.0,CNG,,14.9,0,851,26.7
1790945957631,,,0.0,CNG,,14.9,0,852,26.7
1790945958380,,,0.0,CNG,,14.9,0,844,26.7
1790945959123,,,0.0,CNG,,14.9,0,851,26.7
1790945960598,,,0.0,CNG,,14.9,0,853,26.7
1790945961428,,,0.0,CNG,,14.9,0,850,26.7
1790945962192,,,0.0,CNG,,14.9,0,855,26.7
1790945963757,,,0.0,CNG,,14.9,0,855,41.2
1790945964464,,,0.0,CNG,,14.9,0,855,41.2
1790945965195,,,0.0,CNG,,14.9,0,863,41.2
1790945966649,,,0.0,CNG,,14.9,0,865,42.0
1790945967398,,,0.0,CNG,,14.9,0,860,42.0
1790945968113,,,0.0,CNG,,14.9,0,855,42.0
1790945969647,,,0.0,CNG,,14.9,0,855,29.8
1790945970364,,,0.0,CNG,,14.9,0,863,29.8
1790945971192,,,0.0,CNG,,14.9,0,859,29.8
1790945972660,,,0.0,CNG,,14.9,0,854,26.7
1790945973455,,,0.0,CNG,,14.9,0,845,26.7
1790945974217,,,0.0,CNG,,14.9,0,850,26.7
1790945976044,,,0.0,CNG,,14.9,0,848,35.7
1790945976773,,,0.0,CNG,,14.9,0,858,35.7
1790945977499,,,0.0,CNG,,14.9,0,854,35.7
1790945978952,,,0.0,CNG,,14.9,0,861,44.7
1790945979729,,,0.0,CNG,,14.9,0,862,44.7
1790945980455,,,0.0,CNG,,14.9,0,856,44.7
1790945982067,,,0.0,CNG,,14.9,0,856,42.0
1790945982861,,,0.0,CNG,,14.9,0,864,42.0
1790945983595,,,0.0,CNG,,14.9,0,858,42.0
1790945985089,,,0.0,CNG,,14.9,0,861,41.6
1790945985840,,,0.0,CNG,,14.9,0,856,41.6
1790945986650,,,0.0,CNG,,14.9,0,857,41.6
1790945988216,,,0.0,CNG,,14.9,0,888,27.5
1790945988936,,,0.0,CNG,,14.9,0,858,27.5
1790945989733,,,0.0,CNG,,14.9,0,851,27.5
1790945991258,,,0.0,CNG,,14.9,0,850,26.7
1790945992103,,,0.0,CNG,,14.9,0,853,26.7
1790945992818,,,0.0,CNG,,14.9,0,850,26.7
1790945994337,,,0.0,CNG,,14.9,0,849,40.0
1790945995302,,,0.0,CNG,,14.9,0,860,40.0
1790945996153,,,0.0,CNG,,14.9,0,857,40.0
1790945997602,,,0.0,CNG,,14.9,0,854,42.7
1790945998348,,,0.0,CNG,,14.9,0,866,42.7
1790945999089,,,0.0,CNG,,14.9,0,870,42.7
1790946000539,,,0.0,CNG,,14.9,0,862,36.9
1790946001248,,,0.0,CNG,,14.9,0,907,36.9
1790946002015,,,0.0,CNG,,14.9,0,859,36.9
1790946003436,,,0.0,CNG,,14.9,0,849,26.3
1790946004174,,,0.0,CNG,,14.9,0,856,26.3
1790946004885,,,0.0,CNG,,14.9,0,846,26.3
1790946006399,,,0.0,CNG,,14.9,0,853,26.7
1790946007133,,,0.0,CNG,,14.9,0,851,26.7
1790946007925,,,0.0,CNG,,14.9,0,842,26.7
1790946009407,,,0.0,CNG,,14.9,0,845,36.1
1790946010164,,,0.0,CNG,,14.9,0,857,36.1
1790946010892,,,0.0,CNG,,14.9,0,856,36.1
1790946012442,,,0.0,CNG,,14.9,0,857,43.9
1790946013202,,,0.0,CNG,,14.9,0,859,43.9
1790946013990,,,0.0,CNG,,14.9,0,857,43.9
1790946015536,,,0.0,CNG,,14.9,0,861,40.4
1790946016348,,,0.0,CNG,,14.9,0,897,40.4
1790946017131,,,0.0,CNG,,14.9,0,862,40.4
1790946018623,,,0.0,CNG,,14.9,0,854,26.7
1790946019358,,,0.0,CNG,,14.9,0,850,26.7
1790946020160,,,0.0,CNG,,14.9,0,847,26.7
1790946021777,,,0.0,CNG,,14.9,0,850,26.7
1790946022542,,,0.0,CNG,,14.9,0,850,26.7
1790946023297,,,0.0,CNG,,14.9,0,856,26.7
1790946024806,,,0.0,CNG,,14.9,0,842,36.1
1790946025597,,,0.0,CNG,,14.9,0,856,36.1
1790946026354,,,0.0,CNG,,14.9,0,858,36.1
1790946027873,,,0.0,CNG,,14.9,0,861,43.5
1790946028649,,,0.0,CNG,,14.9,0,860,43.5
1790946029399,,,0.0,CNG,,14.9,0,862,43.5
1790946030937,,,0.0,CNG,,14.9,0,859,41.2
1790946031645,,,0.0,CNG,,14.9,0,863,41.2
1790946032412,,,0.0,CNG,,14.9,0,888,41.2
1790946033875,,,0.0,CNG,,14.9,0,851,27.1
1790946034656,,,0.0,CNG,,14.9,0,850,27.1
1790946035596,,,0.0,CNG,,14.9,0,858,27.1
1790946037095,,,0.0,CNG,,14.9,0,855,26.7
1790946037859,,,0.0,CNG,,14.9,0,847,26.7
1790946038665,,,0.0,CNG,,14.9,0,851,26.7
1790946040173,,,0.0,CNG,,14.9,0,853,41.6
1790946040952,,,0.0,CNG,,14.9,0,858,41.6
1790946041696,,,0.0,CNG,,14.9,0,867,41.6
1790946043142,,,0.0,CNG,,14.9,0,867,42.4
1790946043851,,,0.0,CNG,,14.9,0,866,42.4
1790946044646,,,0.0,CNG,,14.9,0,859,42.4
1790946046172,,,0.0,CNG,,14.9,0,861,42.0
1790946046929,,,0.0,CNG,,14.9,0,848,42.0
1790946047651,,,0.0,CNG,,,0,844,42.0
1790946049074,,,0.0,CNG,,14.9,0,856,27.1
1790946049852,,,0.0,CNG,,14.9,0,862,27.1
1790946050626,,,0.0,CNG,,14.9,0,851,27.1
1790946052132,,,0.0,CNG,,14.9,0,851,26.7
1790946052883,,,0.0,CNG,,14.9,0,848,26.7
1790946053633,,,0.0,CNG,,14.9,0,846,26.7
1790946055289,,,0.0,CNG,,14.9,0,839,36.5
1790946056097,,,0.0,CNG,,14.9,0,858,36.5
1790946056885,,,0.0,CNG,,14.9,0,853,36.5
1790946058360,,,0.0,CNG,,14.9,0,853,43.1
1790946059117,,,0.0,CNG,,14.9,0,858,43.1
1790946059857,,,0.0,CNG,,14.9,0,862,43.1
1790946061415,,,0.0,CNG,,14.9,0,864,43.1
1790946062176,,,0.0,CNG,,14.9,0,861,43.1
1790946062928,,,0.0,CNG,,14.9,0,888,43.1
1790946064416,,,0.0,CNG,,14.9,0,855,27.5
1790946065212,,,0.0,CNG,,14.9,0,842,27.5
1790946065917,,,0.0,CNG,,14.9,0,853,27.5
1790946067393,,,0.0,CNG,,14.9,0,852,26.7
1790946068165,,,0.0,CNG,,14.9,0,851,26.7
1790946068971,,,0.0,CNG,,14.9,0,849,26.7
1790946070504,,,0.0,CNG,,14.9,0,846,31.8
1790946071285,,,0.0,CNG,,14.9,0,849,31.8
1790946072073,,,0.0,CNG,,14.9,0,855,31.8
1790946073580,,,0.0,CNG,,14.9,0,853,45.1
1790946074348,,,0.0,CNG,,14.9,0,852,45.1
1790946075318,,,0.0,CNG,,14.9,0,856,45.1
1790946077030,,,0.0,CNG,,14.9,0,857,41.2
1790946077794,,,0.0,CNG,,14.9,0,832,41.2
1790946078494,,,0.0,CNG,,14.9,0,882,41.2
1790946080014,,,0.0,CNG,,14.9,0,855,26.7
1790946080742,,,0.0,CNG,,14.9,0,845,26.7
1790946081510,,,0.0,CNG,,14.9,0,853,26.7
1790946083030,,,0.0,CNG,,14.9,0,844,27.1
1790946083833,,,0.0,CNG,,14.9,0,849,27.1
1790946084582,,,0.0,CNG,,14.9,0,849,27.1
1790946086094,,,0.0,CNG,,14.9,0,857,33.3
1790946086794,,,0.0,CNG,,14.9,0,852,33.3
1790946087513,,,0.0,CNG,,14.9,0,852,33.3
1790946089053,,,0.0,CNG,,14.9,0,859,45.9
1790946089866,,,0.0,CNG,,14.9,0,862,45.9
1790946090603,,,0.0,CNG,,14.9,0,856,45.9
1790946092108,,,0.0,CNG,,14.9,0,859,42.0
1790946092869,,,0.0,CNG,,14.9,0,861,42.0
1790946093652,,,0.0,CNG,,14.9,0,864,42.0
1790946095391,,,0.0,CNG,,14.9,0,887,27.5
1790946096254,,,0.0,CNG,,14.9,0,840,27.5
1790946097008,,,0.0,CNG,,14.9,0,845,27.5
1790946098530,,,0.0,CNG,,14.9,0,845,27.1
1790946099295,,,0.0,CNG,,14.9,0,848,27.1
1790946100083,,,0.0,CNG,,14.9,0,843,27.1
1790946101646,,,0.0,CNG,,14.9,0,853,40.0
1790946102421,,,0.0,CNG,,14.9,0,858,40.0
1790946103148,,,0.0,CNG,,14.9,0,862,40.0
1790946104664,,,0.0,CNG,,14.9,0,867,43.1
1790946105472,,,0.0,CNG,,14.9,0,861,43.1
1790946106261,,,0.0,CNG,,14.9,0,855,43.1
1790946107784,,,0.0,CNG,,14.9,0,857,42.4
1790946108572,,,0.0,CNG,,14.9,0,846,42.4
1790946109326,,,0.0,CNG,,14.9,0,858,42.4
1790946110858,,,0.0,CNG,,14.9,0,861,26.7
1790946111628,,,0.0,CNG,,14.9,0,855,26.7
1790946112368,,,0.0,CNG,,14.9,0,859,26.7
1790946113898,,,0.0,CNG,,14.9,0,850,27.1
1790946114729,,,0.0,CNG,,14.9,0,850,27.1
1790946115772,,,0.0,CNG,,14.9,0,845,27.1
1790946117284,,,0.0,CNG,,14.9,0,858,37.6
1790946118080,,,0.0,CNG,,14.9,0,857,37.6
1790946118875,,,0.0,CNG,,14.9,0,861,37.6
1790946120395,,,0.0,CNG,,14.9,0,853,43.5
1790946121194,,,0.0,CNG,,14.9,0,855,43.5
1790946121952,,,0.0,CNG,,14.9,0,865,43.5
1790946123560,,,0.0,CNG,,14.9,0,856,41.2
1790946124298,,,0.0,CNG,,27.8,0,864,41.2
1790946125050,,,0.0,CNG,,14.9,0,1551,41.2
1790946126564,,,0.0,CNG,,14.9,0,1195,19.6
1790946127347,,,0.0,CNG,,14.9,0,1036,19.6
1790946128056,,,0.0,CNG,,14.9,0,902,19.6
1790946129596,,,0.0,CNG,,14.9,0,862,27.8
1790946130451,,,0.0,CNG,,14.9,0,861,27.8
1790946131222,,,0.0,CNG,,14.9,0,860,27.8
1790946132823,,,0.0,CNG,,14.9,0,855,35.3
1790946133623,,,0.0,CNG,,14.9,0,858,35.3
1790946134388,,,0.0,CNG,,14.9,0,859,35.3
1790946136239,,,0.0,CNG,,14.9,0,857,44.7
1790946136964,,,0.0,CNG,,14.9,0,865,44.7
1790946137745,,,0.0,CNG,,14.9,0,865,44.7
1790946139241,,,0.0,CNG,,14.9,0,867,38.8
1790946140082,,,0.0,CNG,,14.9,0,903,38.8
1790946140795,,,0.0,CNG,,14.9,0,860,38.8
1790946142286,,,0.0,CNG,,14.9,0,857,26.7
1790946143032,,,0.0,CNG,,14.9,0,854,26.7
1790946143832,,,0.0,CNG,,14.9,0,855,26.7
1790946145314,,,0.0,CNG,,14.9,0,849,27.1
1790946146063,,,0.0,CNG,,14.9,0,853,27.1
1790946146797,,,0.0,CNG,,14.9,0,847,27.1
1790946148324,,,0.0,CNG,,14.9,0,851,35.3
1790946149047,,,0.0,CNG,,14.9,0,852,35.3
1790946149796,,,0.0,CNG,,14.9,0,866,35.3
1790946151301,,,0.0,CNG,,14.9,0,859,45.9
1790946152166,,,0.0,CNG,,14.9,0,857,45.9
1790946152902,,,0.0,CNG,,14.9,0,857,45.9
1790946154431,,,0.0,CNG,,14.9,0,855,41.6
1790946155245,,,0.0,CNG,,14.9,0,856,41.6
1790946156018,,,0.0,CNG,,14.9,0,885,41.6
1790946157478,,,0.0,CNG,,14.9,0,869,27.5
1790946158256,,,0.0,CNG,,14.9,0,856,27.5
1790946158984,,,0.0,CNG,,14.9,0,851,27.5
1790946160502,,,0.0,CNG,,14.9,0,851,26.7
1790946161266,,,0.0,CNG,,14.9,0,849,26.7
1790946161984,,,0.0,CNG,,14.9,0,853,26.7
1790946163488,,,0.0,CNG,,14.9,0,858,37.6
1790946164236,,,0.0,CNG,,14.9,0,860,37.6
1790946164989,,,0.0,CNG,,14.9,0,858,37.6
1790946166512,,,0.0,CNG,,14.9,0,864,43.5
1790946167259,,,0.0,CNG,,14.9,0,860,43.5
1790946167982,,,0.0,CNG,,14.9,0,860,43.5
1790946169381,,,0.0,CNG,,14.9,0,862,42.7
1790946170149,,,0.0,CNG,,14.9,0,853,42.7
1790946170889,,,0.0,CNG,,14.9,0,860,42.7
1790946172345,,,0.0,CNG,,14.9,0,848,29.4
1790946173130,,,0.0,CNG,,14.9,0,879,29.4
1790946173924,,,0.0,CNG,,14.9,0,862,29.4
1790946175700,,,0.0,CNG,,14.9,0,855,26.7
1790946176465,,,0.0,CNG,,14.9,0,856,26.7
1790946177260,,,0.0,CNG,,14.9,0,849,26.7
1790946178844,,,0.0,CNG,,14.9,0,847,37.3
1790946179605,,,0.0,CNG,,14.9,0,856,37.3
1790946180432,,,0.0,CNG,,14.9,0,860,37.3
1790946181862,,,0.0,CNG,,14.9,0,868,44.7
1790946182648,,,0.0,CNG,,14.9,0,851,44.7
1790946183381,,,0.0,CNG,,14.9,0,860,44.7
1790946184920,,,0.0,CNG,,14.9,0,857,42.0
1790946185695,,,0.0,CNG,,14.9,0,858,42.0
1790946186454,,,0.0,CNG,,14.9,0,908,42.0
1790946187973,,,0.0,CNG,,14.9,0,858,27.5
1790946188814,,,0.0,CNG,,14.9,0,851,27.5
1790946189540,,,0.0,CNG,,14.9,0,855,27.5
1790946191066,,,0.0,CNG,,14.9,0,851,27.1
1790946191854,,,0.0,CNG,,14.9,0,847,27.1
1790946192602,,,0.0,CNG,,14.9,0,847,27.1
1790946194065,,,0.0,CNG,,14.9,0,845,32.2
1790946194935,,,0.0,CNG,,14.9,0,856,32.2
1790946195746,,,0.0,CNG,,14.9,0,855,32.2
1790946197214,,,0.0,CNG,,14.9,0,857,44.7
1790946197970,,,0.0,CNG,,14.9,0,864,44.7
1790946198710,,,0.0,CNG,,14.9,0,866,44.7
1790946200188,,,0.0,CNG,,14.9,0,862,41.6
1790946200951,,,0.0,CNG,,14.9,0,854,41.6
1790946201718,,,0.0,CNG,,14.9,0,879,41.6
1790946203220,,,0.0,CNG,,14.9,0,863,27.8
1790946203970,,,0.0,CNG,,14.9,0,854,27.8
1790946204724,,,0.0,CNG,,14.9,0,853,27.8
1790946206264,,,0.0,CNG,,14.9,0,852,26.7
1790946207006,,,0.0,CNG,,14.9,0,847,26.7
1790946207744,,,0.0,CNG,,14.9,0,850,26.7
1790946209184,,,0.0,CNG,,14.9,0,849,27.1
1790946209939,,,0.0,CNG,,14.9,0,847,27.1
1790946210711,,,0.0,CNG,,14.9,0,853,27.1
1790946212180,,,0.0,CNG,,14.9,0,853,43.9
1790946212981,,,0.0,CNG,,14.9,0,860,43.9
1790946213740,,,0.0,CNG,,14.9,0,859,43.9
1790946215415,,,0.0,CNG,,14.9,0,851,42.0
1790946216390,,,0.0,CNG,,14.9,0,861,42.0
1790946217129,,,0.0,CNG,,14.9,0,857,42.0
1790946218576,,,0.0,CNG,,14.9,0,886,27.5
1790946219433,,,0.0,CNG,,14.9,0,862,27.5
1790946220149,,,0.0,CNG,,14.9,0,849,27.5
1790946221728,,,0.0,CNG,,14.9,0,849,26.7
1790946222461,,,0.0,CNG,,14.9,0,849,26.7
1790946223276,,,0.0,CNG,,14.9,0,852,26.7
1790946224760,,,0.0,CNG,,14.9,0,848,36.5
1790946225531,,,0.0,CNG,,14.9,0,853,36.5
1790946226339,,,0.0,CNG,,14.9,0,857,36.5
1790946227801,,,0.0,CNG,,14.9,0,862,44.7
1790946228525,,,0.0,CNG,,14.9,0,851,44.7
1790946229287,,,0.0,CNG,,14.9,0,866,44.7
1790946230845,,,0.0,CNG,,14.9,0,859,41.6
1790946231678,,,0.0,CNG,,14.9,0,858,41.6
1790946232414,,,0.0,CNG,,14.9,0,849,41.6
1790946233975,,,0.0,CNG,,14.9,0,849,42.0
1790946234711,,,0.0,CNG,,14.9,0,827,42.0
1790946235847,,,0.0,CNG,,14.9,0,882,42.0
1790946237444,,,0.0,CNG,,14.9,0,858,26.7
1790946238250,,,0.0,CNG,,14.9,0,856,26.7
1790946238954,,,0.0,CNG,,14.9,0,846,26.7
1790946240489,,,0.0,CNG,,14.9,0,854,35.3
1790946241319,,,0.0,CNG,,14.9,0,849,35.3
1790946242146,,,0.0,CNG,,14.9,0,855,35.3
1790946243583,,,0.0,CNG,,14.9,0,859,45.5
1790946244392,,,0.0,CNG,,14.9,0,862,45.5
1790946245110,,,0.0,CNG,,14.9,0,865,45.5
1790946246743,,,0.0,CNG,,14.9,0,861,42.7
1790946247492,,,0.0,CNG,,14.9,0,852,42.7
1790946248270,,,0.0,CNG,,14.9,0,857,42.7
1790946249888,,,0.0,CNG,,14.9,0,894,27.5
1790946250672,,,0.0,CNG,,14.9,0,856,27.5
1790946251441,,,0.0,CNG,,14.9,0,849,27.5
1790946252979,,,0.0,CNG,,14.9,0,851,26.7
1790946253704,,,0.0,CNG,,14.9,0,852,26.7
1790946254432,,,0.0,CNG,,14.9,0,848,26.7
1790946256118,,,0.0,CNG,,14.9,0,842,27.8
1790946256903,,,0.0,CNG,,14.9,0,845,27.8
1790946257666,,,0.0,CNG,,14.9,0,850,27.8
1790946259178,,,0.0,CNG,,14.9,0,855,43.5
1790946259951,,,0.0,CNG,,14.9,0,860,43.5
1790946260672,,,0.0,CNG,,14.9,0,858,43.5
1790946262112,,,0.0,CNG,,14.9,0,865,43.5
1790946262853,,,0.0,CNG,,14.9,0,858,43.5
1790946263572,,,0.0,CNG,,25.9,0,862,43.5
1790946265104,,,0.0,CNG,,17.6,0,1313,25.5
1790946265850,,,0.0,CNG,,23.9,0,976,25.5
1790946266595,,,0.0,CNG,,14.9,0,1066,25.5
1790946268064,,,0.0,CNG,,14.9,0,873,29.0
1790946268824,,,0.0,CNG,,14.9,0,872,29.0
1790946269578,,,0.0,CNG,,14.9,0,858,29.0
1790946271115,,,0.0,CNG,,14.9,0,850,27.5
1790946271857,,,0.0,CNG,,14.9,0,850,27.5
1790946272660,,,0.0,CNG,,14.9,0,855,27.5
1790946274138,,,0.0,CNG,,14.9,0,852,43.5
1790946275077,,,0.0,CNG,,14.9,0,860,43.5
1790946275794,,,0.0,CNG,,14.9,0,854,43.5
1790946277375,,,0.0,CNG,,14.9,0,860,42.0
1790946278104,,,0.0,CNG,,14.9,0,857,42.0
1790946278835,,,0.0,CNG,,14.9,0,857,42.0
1790946280257,,,0.0,CNG,,14.9,0,856,28.2
1790946280993,,,0.0,CNG,,14.9,0,857,28.2
1790946281749,,,0.0,CNG,,14.9,0,844,28.2
1790946283253,,,0.0,CNG,,14.9,0,850,27.1
1790946284035,,,0.0,CNG,,14.9,0,850,27.1
1790946284780,,,0.0,CNG,,14.9,0,854,27.1
1790946286351,,,0.0,CNG,,14.9,0,852,36.9
1790946287340,,,0.0,CNG,,14.9,0,848,36.9
1790946288276,,,0.0,CNG,,14.9,0,862,36.9
1790946290274,,,0.0,CNG,,14.9,0,862,43.5
1790946291247,,,0.0,CNG,,14.9,0,862,43.5
1790946292212,,,0.0,CNG,,14.9,0,860,43.5
1790946294176,,,0.0,CNG,,14.9,0,858,42.0
1790946295333,,,0.0,CNG,,14.9,0,858,42.0
1790946296574,,,0.0,CNG,,14.9,0,848,42.0
1790946298612,,,0.0,CNG,,14.9,0,856,27.5
1790946299494,,,0.0,CNG,,14.9,0,854,27.5
1790946300443,,,0.0,CNG,,14.9,0,857,27.5
1790946302478,,,0.0,CNG,,14.9,0,851,27.1
1790946303501,,,0.0,CNG,,14.9,0,849,27.1
1790946304475,,,0.0,CNG,,14.9,0,870,27.1
1790946306336,,,0.0,CNG,,14.9,0,855,43.9
1790946307113,,,0.0,CNG,,14.9,0,859,43.9
1790946308109,,,0.0,CNG,,14.9,0,859,43.9
1790946309650,,,0.0,CNG,,14.9,0,860,43.9
1790946310418,,,0.0,CNG,,14.9,0,851,43.9
1790946311274,,,0.0,CNG,,14.9,0,855,43.9
1790946312874,,,0.0,CNG,,14.9,0,859,27.8
1790946313682,,,0.0,CNG,,14.9,0,855,27.8
1790946314482,,,0.0,CNG,,14.9,0,849,27.8
1790946316451,,,0.0,CNG,,14.9,0,848,26.7
1790946317279,,,0.0,CNG,,14.9,0,852,26.7
1790946318092,,,0.0,CNG,,14.9,0,849,26.7
1790946319726,,,0.0,CNG,,14.9,0,841,31.0
1790946320541,,,0.0,CNG,,14.9,0,847,31.0
1790946321430,,,0.0,CNG,,14.9,0,850,31.0
1790946323088,,,0.0,CNG,,14.9,0,862,46.7
1790946323921,,,0.0,CNG,,14.9,0,856,46.7
1790946324769,,,0.0,CNG,,14.9,0,867,46.7
1790946326406,,,0.0,CNG,,14.9,0,862,43.1
1790946327225,,,0.0,CNG,,14.9,0,859,43.1
1790946327977,,,0.0,CNG,,14.9,0,876,43.1
1790946329541,,,0.0,CNG,,14.9,0,854,27.1
1790946330355,,,0.0,CNG,,14.9,0,850,27.1
1790946331126,,,0.0,CNG,,14.9,0,845,27.1
1790946332723,,,0.0,CNG,,14.9,0,848,27.1
1790946333503,,,0.0,CNG,,14.9,0,845,27.1
1790946334336,,,0.0,CNG,,14.9,0,848,27.1
1790946336101,,,0.0,CNG,,14.9,0,850,36.9
1790946336971,,,0.0,CNG,,14.9,0,853,36.9
1790946337808,,,0.0,CNG,,14.9,0,856,36.9
1790946339435,,,0.0,CNG,,14.9,0,864,45.5
1790946340178,,,0.0,CNG,,14.9,0,851,45.5
1790946340970,,,0.0,CNG,,14.9,0,860,45.5
1790946342437,,,0.0,CNG,,14.9,0,856,42.7
1790946343270,,,0.0,CNG,,14.9,0,863,42.7
1790946344126,,,0.0,CNG,,14.9,0,891,42.7
1790946345699,,,0.0,CNG,,14.9,0,855,26.7
1790946346485,,,0.0,CNG,,14.9,0,851,26.7
1790946347365,,,0.0,CNG,,14.9,0,850,26.7
1790946348977,,,0.0,CNG,,14.9,0,845,30.2
1790946349818,,,0.0,CNG,,14.9,0,839,30.2
1790946350644,,,0.0,CNG,,14.9,0,851,30.2
1790946352271,,,0.0,CNG,,14.9,0,857,44.7
1790946353078,,,0.0,CNG,,14.9,0,867,44.7
1790946353856,,,0.0,CNG,,14.9,0,866,44.7
1790946355434,,,0.0,CNG,,14.9,0,866,42.4
1790946356264,,,0.0,CNG,,14.9,0,865,42.4
1790946357074,,,0.0,CNG,,14.9,0,851,42.4
1790946358754,,,0.0,CNG,,14.9,0,856,42.0
1790946359556,,,0.0,CNG,,14.9,0,859,42.0
1790946360369,,,0.0,CNG,,14.9,0,887,42.0
1790946362029,,,0.0,CNG,,14.9,0,857,27.5
1790946362830,,,0.0,CNG,,14.9,0,858,27.5
1790946363572,,,0.0,CNG,,14.9,0,852,27.5
1790946365156,,,0.0,CNG,,14.9,0,848,27.1
1790946365902,,,0.0,CNG,,14.9,0,842,27.1
1790946366762,,,0.0,CNG,,14.9,0,855,27.1
1790946368314,,,0.0,CNG,,14.9,0,854,44.3
1790946369120,,,0.0,CNG,,14.9,0,871,44.3
1790946369922,,,0.0,CNG,,14.9,0,868,44.3
1790946371508,,,0.0,CNG,,14.9,0,855,41.6
1790946372239,,,0.0,CNG,,14.9,0,868,41.6
1790946373089,,,0.0,CNG,,14.9,0,864,41.6
1790946374692,,,0.0,CNG,,14.9,0,846,27.5
1790946375520,,,0.0,CNG,,14.9,0,853,27.5
1790946376419,,,0.0,CNG,,14.9,0,858,27.5
1790946378018,,,0.0,CNG,,14.9,0,852,26.7
1790946378801,,,0.0,CNG,,14.9,0,853,26.7
1790946379569,,,0.0,CNG,,14.9,0,847,26.7
1790946381147,,,0.0,CNG,,14.9,0,845,27.1
1790946381947,,,0.0,CNG,,14.9,0,851,27.1
1790946382800,,,0.0,CNG,,14.9,0,852,27.1
1790946384396,,,0.0,CNG,,14.9,0,849,40.8
1790946385197,,,0.0,CNG,,14.9,0,851,40.8
1790946386025,,,0.0,CNG,,14.9,0,857,40.8
1790946387586,,,0.0,CNG,,14.9,0,857,43.1
1790946388346,,,0.0,CNG,,14.9,0,851,43.1
1790946389105,,,0.0,CNG,,14.9,0,862,43.1
1790946390657,,,0.0,CNG,,14.9,0,897,27.8
1790946391457,,,0.0,CNG,,14.9,0,861,27.8
1790946392278,,,0.0,CNG,,14.9,0,853,27.8
1790946393901,,,0.0,CNG,,14.9,0,849,27.1
1790946394754,,,0.0,CNG,,14.9,0,850,27.1
1790946395534,,,0.0,CNG,,14.9,0,852,27.1
1790946397269,,,0.0,CNG,,14.9,0,846,31.4
1790946398021,,,0.0,CNG,,14.9,0,853,31.4
1790946398836,,,0.0,CNG,,14.9,0,852,31.4
1790946400338,,,0.0,CNG,,14.9,0,858,44.7
1790946401160,,,0.0,CNG,,14.9,0,857,44.7
1790946401967,,,0.0,CNG,,14.9,0,859,44.7
1790946403542,,,0.0,CNG,,14.9,0,866,43.1
1790946404324,,,0.0,CNG,,14.9,0,858,43.1
1790946405167,,,0.0,CNG,,14.9,0,861,43.1
1790946406717,,,0.0,CNG,,14.9,0,886,27.5
1790946407515,,,0.0,CNG,,14.9,0,851,27.5
1790946408291,,,0.0,CNG,,14.9,0,856,27.5
1790946410013,,,0.0,CNG,,14.9,0,845,26.7
1790946410795,,,0.0,CNG,,14.9,0,850,26.7
1790946411555,,,0.0,CNG,,14.9,0,845,26.7
1790946413139,,,0.0,CNG,,14.9,0,839,40.0
1790946413970,,,0.0,CNG,,14.9,0,854,40.0
1790946414756,,,0.0,CNG,,14.9,0,862,40.0
1790946416509,,,0.0,CNG,,14.9,0,865,43.1
1790946417260,,,0.0,CNG,,14.9,0,861,43.1
1790946418125,,,0.0,CNG,,14.9,0,858,43.1
1790946419743,,,0.0,CNG,,14.9,0,857,42.7
1790946420633,,,0.0,CNG,,14.9,0,859,42.7
1790946421414,,,0.0,CNG,,14.9,0,859,42.7
1790946422970,,,0.0,CNG,,14.9,0,850,34.1
1790946423721,,,0.0,CNG,,14.9,0,881,34.1
1790946424501,,,0.0,CNG,,14.9,0,854,34.1
1790946426100,,,0.0,CNG,,14.9,0,852,26.7
1790946426923,,,0.0,CNG,,14.9,0,847,26.7
1790946427723,,,0.0,CNG,,14.9,0,847,26.7
1790946429378,,,0.0,CNG,,14.9,0,849,36.9
1790946430211,,,0.0,CNG,,14.9,0,854,36.9
1790946431055,,,0.0,CNG,,14.9,0,859,36.9
1790946432624,,,0.0,CNG,,14.9,0,860,43.5
1790946433436,,,0.0,CNG,,14.9,0,861,43.5
1790946434196,,,0.0,CNG,,14.9,0,857,43.5
1790946435763,,,0.0,CNG,,14.9,0,860,43.1
1790946436865,,,0.0,CNG,,14.9,0,856,43.1
1790946437703,,,0.0,CNG,,14.9,0,875,43.1
1790946439185,,,0.0,CNG,,14.9,0,859,26.7
1790946439961,,,0.0,CNG,,14.9,0,852,26.7
1790946440779,,,0.0,CNG,,14.9,0,847,26.7
1790946442440,,,0.0,CNG,,14.9,0,852,27.1
1790946443221,,,0.0,CNG,,14.9,0,853,27.1
1790946444055,,,0.0,CNG,,14.9,0,847,27.1
1790946445651,,,0.0,CNG,,14.9,0,851,36.1
1790946446459,,,0.0,CNG,,14.9,0,936,36.1
1790946447186,,,0.0,CNG,,14.9,0,956,36.1
1790946448824,,,0.0,CNG,,19.6,0,859,39.2
1790946449568,,,0.0,CNG,,21.2,0,854,39.2
1790946450382,,,0.0,CNG,,16.9,0,1134,39.2
1790946452034,,,0.0,CNG,,14.9,0,1133,29.0
1790946452845,,,0.0,CNG,,14.9,0,878,29.0
1790946453647,,,0.0,CNG,,14.9,0,860,29.0
1790946455233,,,,CNG,,14.9,0,866,27.5
1790946456069,,,0.0,CNG,,14.9,0,854,27.5
1790946457000,,,0.0,CNG,,14.9,0,855,27.5
1790946458533,,,0.0,CNG,,14.9,0,858,27.1
1790946459319,,,0.0,CNG,,14.9,0,854,27.1
1790946460139,,,0.0,CNG,,14.9,0,853,27.1
1790946461809,,,0.0,CNG,,14.9,0,843,40.4
1790946462569,,,0.0,CNG,,14.9,0,857,40.4
1790946463398,,,0.0,CNG,,14.9,0,857,40.4
1790946464974,,,0.0,CNG,,14.9,0,865,44.7
1790946465872,,,0.0,CNG,,14.9,0,863,44.7
1790946466621,,,0.0,CNG,,14.9,0,864,44.7
1790946468351,,,0.0,CNG,,14.9,0,867,32.5
1790946469115,,,0.0,CNG,,14.9,0,880,32.5
1790946469960,,,0.0,CNG,,14.9,0,855,32.5
1790946471530,,,0.0,CNG,,14.9,0,848,26.7
1790946472291,,,0.0,CNG,,14.9,0,849,26.7
1790946473103,,,0.0,CNG,,14.9,0,852,26.7
1790946474801,,,0.0,CNG,,14.9,0,852,32.5
1790946475613,,,0.0,CNG,,14.9,0,854,32.5
1790946476450,,,0.0,CNG,,14.9,0,853,32.5
1790946477926,,,0.0,CNG,,14.9,0,857,45.5
1790946478735,,,0.0,CNG,,14.9,0,855,45.5
1790946479505,,,0.0,CNG,,14.9,0,864,45.5
1790946481111,,,0.0,CNG,,14.9,0,857,42.0
1790946481959,,,0.0,CNG,,14.9,0,860,42.0
1790946482829,,,0.0,CNG,,14.9,0,856,42.0
1790946484369,,,0.0,CNG,,14.9,0,853,38.0
1790946485133,,,0.0,CNG,,14.9,0,913,38.0
1790946485923,,,0.0,CNG,,14.9,0,859,38.0
1790946487491,,,0.0,CNG,,14.9,0,855,26.7
1790946488281,,,0.0,CNG,,14.9,0,852,26.7
1790946489259,,,0.0,CNG,,14.9,0,847,26.7
1790946490791,,,0.0,CNG,,14.9,0,847,35.3
1790946491604,,,0.0,CNG,,14.9,0,853,35.3
1790946492333,,,0.0,CNG,,34.5,0,862,35.3
1790946494043,,,0.0,CNG,,14.9,0,1469,54.5
1790946494884,,,0.0,CNG,,14.9,0,1358,54.5
1790946495698,,,0.0,CNG,,14.9,0,1155,54.5
1790946497423,,,0.0,CNG,,14.9,0,987,34.5
1790946498213,,,0.0,CNG,,14.9,0,887,34.5
1790946499009,,,0.0,CNG,,14.9,0,879,34.5
1790946500588,,,0.0,CNG,,14.9,0,867,26.7
1790946501359,,,0.0,CNG,,14.9,0,855,26.7
1790946502192,,,0.0,CNG,,14.9,0,860,26.7
1790946503849,,,0.0,CNG,,14.9,0,856,27.1
1790946504631,,,0.0,CNG,,14.9,0,858,27.1
1790946505442,,,0.0,CNG,,14.9,0,856,27.1
1790946507048,,,0.0,CNG,,14.9,0,856,27.1
1790946507820,,,0.0,CNG,,14.9,0,850,27.1
1790946508619,,,0.0,CNG,,14.9,0,852,27.1
1790946510269,,,0.0,CNG,,14.9,0,857,39.2
1790946511042,,,0.0,CNG,,14.9,0,856,39.2
1790946511812,,,0.0,CNG,,14.9,0,861,39.2
1790946513424,,,0.0,CNG,,14.9,0,863,43.9
1790946514188,,,0.0,CNG,,14.9,0,861,43.9
1790946514952,,,0.0,CNG,,14.9,0,864,43.9
1790946516726,,,0.0,CNG,,14.9,0,905,27.8
1790946517616,,,0.0,CNG,,14.9,0,851,27.8
1790946518386,,,0.0,CNG,,14.9,0,849,27.8
1790946520057,,,0.0,CNG,,14.9,0,852,27.1
1790946520838,,,0.0,CNG,,14.9,0,845,27.1
1790946521597,,,0.0,CNG,,14.9,0,847,27.1
1790946523135,,,0.0,CNG,,14.9,0,851,28.2
1790946523977,,,0.0,CNG,,14.9,0,845,28.2
1790946524796,,,0.0,CNG,,14.9,0,850,28.2
1790946526377,,,0.0,CNG,,14.9,0,853,44.3
1790946527175,,,0.0,CNG,,14.9,0,848,44.3
1790946527974,,,0.0,CNG,,14.9,0,856,44.3
1790946529542,,,0.0,CNG,,14.9,0,869,42.0
1790946530400,,,0.0,CNG,,14.9,0,859,42.0
1790946531158,,,0.0,CNG,,14.9,0,903,42.0
1790946532775,,,0.0,CNG,,14.9,0,861,27.5
1790946533603,,,0.0,CNG,,14.9,0,849,27.5
1790946534411,,,0.0,CNG,,14.9,0,844,27.5
1790946536022,,,0.0,CNG,,14.9,0,845,27.1
1790946536882,,,0.0,CNG,,14.9,0,849,27.1
1790946537630,,,0.0,CNG,,14.9,0,852,27.1
1790946539221,,,0.0,CNG,,14.9,0,853,41.6
1790946540050,,,0.0,CNG,,14.9,0,859,41.6
1790946540949,,,0.0,CNG,,14.9,0,862,41.6
1790946542532,,,0.0,CNG,,14.9,0,861,41.6
1790946543387,,,0.0,CNG,,14.9,0,865,41.6
1790946544111,,,0.0,CNG,,14.9,0,863,41.6
1790946545648,,,0.0,CNG,,14.9,0,857,43.5
1790946546470,,,0.0,CNG,,14.9,0,849,43.5
1790946547295,,,0.0,CNG,,14.9,0,852,43.5
1790946548990,,,0.0,CNG,,14.9,0,857,43.1
1790946549817,,,0.0,CNG,,14.9,0,845,43.1
1790946550562,,,0.0,CNG,,14.9,0,851,43.1
1790946552164,,,0.0,CNG,,14.9,0,852,42.7
1790946552948,,,0.0,CNG,,14.9,0,851,42.7
1790946553850,,,0.0,CNG,,14.9,0,857,42.7
1790946555409,,,0.0,CNG,,14.9,0,854,27.1
1790946556266,,,0.0,CNG,,14.9,0,863,27.1
1790946557102,,,0.0,CNG,,14.9,0,858,27.1
1790946558660,,,0.0,CNG,,14.9,0,855,26.7
1790946559464,,,0.0,CNG,,14.9,0,852,26.7
1790946560232,,,0.0,CNG,,14.9,0,846,26.7
1790946561783,,,0.0,CNG,,14.9,0,853,37.6
1790946562657,,,0.0,CNG,,14.9,0,853,37.6
1790946563449,,,0.0,CNG,,14.9,0,853,37.6
1790946565138,,,0.0,CNG,,14.9,0,855,44.7
1790946565981,,,0.0,CNG,,14.9,0,852,44.7
1790946566767,,,0.0,CNG,,14.9,0,862,44.7
1790946568320,,,0.0,CNG,,14.9,0,855,38.0
1790946569154,,,0.0,CNG,,14.9,0,897,38.0
1790946569907,,,0.0,CNG,,14.9,0,861,38.0
1790946571539,,,0.0,CNG,,14.9,0,853,26.7
1790946572324,,,0.0,CNG,,14.9,0,850,26.7
1790946573156,,,0.0,CNG,,14.9,0,852,26.7
1790946574720,,,0.0,CNG,,14.9,0,846,26.7
1790946575506,,,0.0,CNG,,14.9,0,852,26.7
1790946576359,,,0.0,CNG,,14.9,0,847,26.7
1790946578068,,,0.0,CNG,,14.9,0,904,49.0
1790946578921,,,0.0,CNG,,14.9,0,970,49.0
1790946579759,,,0.0,CNG,,17.6,0,853,49.0
1790946581426,,,0.0,CNG,,17.3,0,960,43.1
1790946582265,,,0.0,CNG,,17.3,0,867,43.1
1790946583074,,,0.0,CNG,,26.7,0,870,43.1
1790946584656,,,0.0,CNG,,14.9,0,1618,23.1
1790946585457,,,0.0,CNG,,14.9,0,930,23.1
1790946586277,,,0.0,CNG,,14.9,0,860,23.1
1790946587829,,,0.0,CNG,,14.9,0,858,27.1
1790946588666,,,0.0,CNG,,14.9,0,855,27.1
1790946589409,,,0.0,CNG,,14.9,0,855,27.1
1790946590916,,,0.0,CNG,,14.9,0,854,27.5
1790946591641,,,0.0,CNG,,14.9,0,852,27.5
1790946592461,,,0.0,CNG,,14.9,0,855,27.5
1790946594063,,,0.0,CNG,,14.9,0,851,39.2
1790946594932,,,0.0,CNG,,14.9,0,861,39.2
1790946595724,,,0.0,CNG,,14.9,0,851,39.2
1790946597535,,,0.0,CNG,,14.9,0,865,43.9
1790946598320,,,0.0,CNG,,14.9,0,862,43.9
1790946599164,,,0.0,CNG,,14.9,0,864,43.9
1790946600765,,,0.0,CNG,,14.9,0,862,32.2
1790946601490,,,0.0,CNG,,14.9,0,882,32.2
1790946602222,,,0.0,CNG,,14.9,0,855,32.2
1790946603759,,,0.0,CNG,,14.9,0,854,26.7
1790946604536,,,0.0,CNG,,14.9,0,857,26.7
1790946605333,,,0.0,CNG,,14.9,0,848,26.7
1790946606848,,,0.0,CNG,,14.9,0,848,29.4
1790946607606,,,0.0,CNG,,14.9,0,855,29.4
1790946608336,,,0.0,CNG,,14.9,0,849,29.4
1790946609940,,,0.0,CNG,,14.9,0,850,44.3
1790946610720,,,0.0,CNG,,14.9,0,860,44.3
1790946611469,,,0.0,CNG,,14.9,0,856,44.3
1790946612959,,,0.0,CNG,,14.9,0,861,42.4
1790946613785,,,0.0,CNG,,14.9,0,859,42.4
1790946614545,,,0.0,CNG,,14.9,0,854,42.4
1790946616032,,,0.0,CNG,,14.9,0,851,42.4
1790946616898,,,0.0,CNG,,14.9,0,855,42.4
1790946617734,,,0.0,CNG,,14.9,0,857,42.4
1790946619284,,,0.0,CNG,,14.9,0,902,27.5
1790946620048,,,0.0,CNG,,14.9,0,853,27.5
1790946620779,,,0.0,CNG,,14.9,0,846,27.5
1790946622278,,,0.0,CNG,,14.9,0,850,27.1
1790946623003,,,0.0,CNG,,14.9,0,848,27.1
1790946623743,,,0.0,CNG,,14.9,0,841,27.1
1790946625265,,,0.0,CNG,,14.9,0,852,39.6
1790946626055,,,0.0,CNG,,14.9,0,861,39.6
1790946626779,,,0.0,CNG,,14.9,0,860,39.6
1790946628381,,,0.0,CNG,,14.9,0,865,43.5
1790946629109,,,0.0,CNG,,14.9,0,853,43.5
1790946629878,,,0.0,CNG,,24.3,0,963,43.5
1790946631313,,,0.0,CNG,,14.9,0,1601,30.2
1790946632071,,,0.0,CNG,,14.9,0,1226,30.2
1790946632848,,,0.0,CNG,,14.9,0,1061,30.2
1790946634372,,,0.0,CNG,,14.9,0,932,27.1
1790946635094,,,0.0,CNG,,14.9,0,895,27.1
1790946635907,,,0.0,CNG,,14.9,0,874,27.1
1790946637609,,,0.0,CNG,,14.9,0,869,28.2
1790946638392,,,0.0,CNG,,14.9,0,866,28.2
1790946639120,,,0.0,CNG,,14.9,0,866,28.2
1790946640629,,,0.0,CNG,,14.9,0,860,28.6
1790946641359,,,0.0,CNG,,14.9,0,853,28.6
1790946642163,,,0.0,CNG,,14.9,0,856,28.6
1790946643674,,,0.0,CNG,,14.9,0,853,45.5
1790946644431,,,0.0,CNG,,14.9,0,859,45.5
1790946645182,,,0.0,CNG,,14.9,0,858,45.5
1790946646746,,,0.0,CNG,,14.9,0,869,42.4
1790946647492,,,0.0,CNG,,14.9,0,863,42.4
1790946648275,,,0.0,CNG,,14.9,0,897,42.4
1790946649818,,,0.0,CNG,,14.9,0,863,27.5
1790946650620,,,0.0,CNG,,14.9,0,849,27.5
1790946651405,,,0.0,CNG,,14.9,0,853,27.5
1790946652995,,,0.0,CNG,,14.9,0,847,27.5
1790946653783,,,0.0,CNG,,14.9,0,850,27.5
1790946654559,,,0.0,CNG,,14.9,0,849,27.5
1790946655982,,,0.0,CNG,,14.9,0,855,27.1
1790946656754,,,0.0,CNG,,14.9,0,851,27.1
1790946657558,,,0.0,CNG,,14.9,0,855,27.1
1790946659007,,,0.0,CNG,,14.9,0,860,39.2
1790946659781,,,0.0,CNG,,14.9,0,853,39.2
1790946660651,,,0.0,CNG,,14.9,0,857,39.2
1790946662134,,,0.0,CNG,,14.9,0,858,44.3
1790946662916,,,0.0,CNG,,14.9,0,868,44.3
1790946663703,,,0.0,CNG,,14.9,0,855,44.3
1790946665249,,,0.0,CNG,,14.9,0,870,27.8
1790946665990,,,0.0,CNG,,14.9,0,850,27.8
1790946666764,,,0.0,CNG,,14.9,0,851,27.8
1790946668213,,,0.0,CNG,,14.9,0,848,27.5
1790946668985,,,0.0,CNG,,14.9,0,853,27.5
1790946669749,,,0.0,CNG,,14.9,0,854,27.5
1790946671295,,,0.0,CNG,,14.9,0,848,30.2
1790946672024,,,0.0,CNG,,14.9,0,848,30.2
1790946672824,,,0.0,CNG,,14.9,0,847,30.2
1790946674369,,,0.0,CNG,,14.9,0,855,45.9
1790946675181,,,0.0,CNG,,14.9,0,858,45.9
1790946675941,,,0.0,CNG,,14.9,0,858,45.9
1790946677812,,,0.0,CNG,,14.9,0,861,44.7
1790946678552,,,0.0,CNG,,14.9,0,850,44.7
1790946679351,,,0.0,CNG,,14.9,0,882,44.7
1790946680823,,,0.0,CNG,,14.9,0,861,28.2
1790946681578,,,0.0,CNG,,14.9,0,850,28.2
1790946682287,,,0.0,CNG,,14.9,0,854,28.2
1790946683838,,,0.0,CNG,,14.9,0,850,27.1
1790946684635,,,0.0,CNG,,14.9,0,854,27.1
1790946685442,,,0.0,CNG,,14.9,0,852,27.1
1790946686937,,,0.0,CNG,,14.9,0,854,41.6
1790946687702,,,0.0,CNG,,14.9,0,856,41.6
1790946688496,,,0.0,CNG,,14.9,0,859,41.6
1790946689985,,,0.0,CNG,,14.9,0,864,42.0
1790946690704,,,0.0,CNG,,14.9,0,862,42.0
1790946691487,,,0.0,CNG,,14.9,0,859,42.0
1790946693093,,,0.0,CNG,,14.9,0,857,42.7
1790946693851,,,0.0,CNG,,14.9,0,856,42.7
1790946694561,,,0.0,CNG,,14.9,0,856,42.7
1790946696136,,,0.0,CNG,,14.9,0,860,42.0
1790946697201,,,0.0,CNG,,14.9,0,858,42.0
1790946697949,,,0.0,CNG,,14.9,0,855,42.0
1790946699454,,,0.0,CNG,,14.9,0,850,42.7
1790946700255,,,0.0,CNG,,14.9,0,852,42.7
1790946701002,,,0.0,CNG,,14.9,0,849,42.7
1790946702512,,,0.0,CNG,,14.9,0,891,27.8
1790946703236,,,0.0,CNG,,14.9,0,859,27.8
1790946703968,,,0.0,CNG,,14.9,0,857,27.8
1790946705535,,,0.0,CNG,,14.9,0,852,27.1
1790946706352,,,0.0,CNG,,14.9,0,855,27.1
1790946707088,,,0.0,CNG,,14.9,0,849,27.1
1790946708574,,,0.0,CNG,,14.9,0,851,40.0
1790946709312,,,0.0,CNG,,14.9,0,853,40.0
1790946710045,,,0.0,CNG,,14.9,0,852,40.0
1790946711535,,,0.0,CNG,,14.9,0,860,43.1
1790946712270,,,0.0,CNG,,14.9,0,862,43.1
1790946713069,,,0.0,CNG,,14.9,0,862,43.1
1790946714606,,,0.0,CNG,,14.9,0,860,36.5
1790946715321,,,0.0,CNG,,14.9,0,890,36.5
1790946716055,,,0.0,CNG,,14.9,0,858,36.5
1790946717779,,,0.0,CNG,,14.9,0,857,27.1
1790946718519,,,0.0,CNG,,14.9,0,853,27.1
1790946719278,,,0.0,CNG,,14.9,0,852,27.1
1790946720708,,,0.0,CNG,,14.9,0,849,27.1
1790946721501,,,0.0,CNG,,14.9,0,853,27.1
1790946722250,,,0.0,CNG,,14.9,0,848,27.1
1790946723660,,,0.0,CNG,,14.9,0,852,31.4
1790946724429,,,0.0,CNG,,14.9,0,846,31.4
1790946725181,,,0.0,CNG,,14.9,0,857,31.4
1790946726652,,,0.0,CNG,,14.9,0,856,45.9
1790946727388,,,0.0,CNG,,14.9,0,854,45.9
1790946728172,,,0.0,CNG,,14.9,0,862,45.9
1790946729632,,,0.0,CNG,,14.9,0,862,42.7
1790946730395,,,0.0,CNG,,14.9,0,860,42.7
1790946731157,,,0.0,CNG,,14.9,0,900,42.7
1790946732626,,,0.0,CNG,,14.9,0,865,27.8
1790946733417,,,0.0,CNG,,14.9,0,854,27.8
1790946734172,,,0.0,CNG,,14.9,0,851,27.8
1790946735646,,,0.0,CNG,,14.9,0,848,27.5
1790946736616,,,0.0,CNG,,14.9,0,851,27.5
1790946737477,,,0.0,CNG,,14.9,0,881,27.5
1790946738921,,,0.0,CNG,,14.9,0,850,29.0
1790946739662,,,0.0,CNG,,14.9,0,852,29.0
1790946740395,,,0.0,CNG,,14.9,0,858,29.0
1790946741874,,,0.0,CNG,,23.9,0,855,36.9
1790946742639,,,0.0,CNG,,14.9,0,1388,36.9
1790946743416,,,0.0,CNG,,14.9,0,1907,36.9
1790946744940,,,0.0,CNG,,14.9,0,1422,31.4
1790946745764,,,0.0,CNG,,14.9,0,1092,31.4
1790946746528,,,0.0,CNG,,14.9,0,988,31.4
1790946748100,,,0.0,CNG,,14.9,0,910,25.9
1790946748846,,,0.0,CNG,,14.9,0,864,25.9
1790946749588,,,0.0,CNG,,14.9,0,863,25.9
1790946751112,,,0.0,CNG,,14.9,0,859,27.1
1790946751822,,,0.0,CNG,,14.9,0,856,27.1
1790946752600,,,0.0,CNG,,14.9,0,852,27.1
1790946754121,,,0.0,CNG,,14.9,0,849,31.4
1790946754908,,,0.0,CNG,,14.9,0,854,31.4
1790946755645,,,0.0,CNG,,14.9,0,850,31.4
1790946757374,,,0.0,CNG,,14.9,0,860,46.7
1790946758104,,,0.0,CNG,,14.9,0,853,46.7
1790946758876,,,0.0,CNG,,14.9,0,856,46.7
1790946760367,,,0.0,CNG,,14.9,0,866,42.4
1790946761109,,,0.0,CNG,,14.9,0,861,42.4
1790946761830,,,0.0,CNG,,14.9,0,863,42.4
1790946763329,,,0.0,CNG,,14.9,0,902,27.5
1790946764067,,,0.0,CNG,,14.9,0,856,27.5
1790946764851,,,0.0,CNG,,14.9,0,854,27.5
1790946766397,,,0.0,CNG,,14.9,0,846,27.1
1790946767120,,,0.0,CNG,,14.9,0,850,27.1
1790946767846,,,0.0,CNG,,14.9,0,851,27.1
1790946769437,,,0.0,CNG,,14.9,0,849,27.1
1790946770163,,,0.0,CNG,,14.9,0,845,27.1
1790946770907,,,0.0,CNG,,14.9,0,852,27.1
1790946772436,,,0.0,CNG,,14.9,0,854,44.3
1790946773171,,,0.0,CNG,,14.9,0,852,44.3
1790946773938,,,0.0,CNG,,14.9,0,858,44.3
1790946775413,,,0.0,CNG,,14.9,0,858,42.4
1790946776170,,,0.0,CNG,,14.9,0,861,42.4
1790946777252,,,0.0,CNG,,14.9,0,860,42.4
1790946778654,,,0.0,CNG,,14.9,0,888,27.5
1790946779544,,,0.0,CNG,,14.9,0,853,27.5
1790946780283,,,0.0,CNG,,14.9,0,855,27.5
1790946781805,,,0.0,CNG,,14.9,0,851,27.1
1790946782572,,,0.0,CNG,,14.9,0,852,27.1
1790946783327,,,0.0,CNG,,14.9,0,850,27.1
1790946784835,,,0.0,CNG,,14.9,0,851,35.3
1790946785592,,,0.0,CNG,,14.9,0,856,35.3
1790946786295,,,0.0,CNG,,14.9,0,858,35.3
1790946787844,,,0.0,CNG,,14.9,0,855,47.1
1790946788606,,,0.0,CNG,,14.9,0,855,47.1
1790946789361,,,0.0,CNG,,14.9,0,863,47.1
1790946790807,,,0.0,CNG,,14.9,0,859,43.9
1790946791576,,,0.0,CNG,,14.9,0,854,43.9
1790946792340,,,0.0,CNG,,14.9,0,857,43.9
1790946793831,,,0.0,CNG,,14.9,0,858,42.4
1790946794541,,,0.0,CNG,,14.9,0,833,42.4
1790946795301,,,0.0,CNG,,14.9,0,879,42.4
1790946797127,,,0.0,CNG,,14.9,0,855,27.1
1790946797868,,,0.0,CNG,,14.9,0,854,27.1
1790946798603,,,0.0,CNG,,14.9,0,847,27.1
1790946800072,,,0.0,CNG,,14.9,0,844,32.9
1790946800862,,,0.0,CNG,,14.9,0,854,32.9
1790946801635,,,0.0,CNG,,14.9,0,853,32.9
1790946803093,,,0.0,CNG,,14.9,0,855,45.1
1790946803878,,,0.0,CNG,,14.9,0,852,45.1
1790946804590,,,0.0,CNG,,14.9,0,872,45.1
1790946806142,,,0.0,CNG,,14.9,0,867,42.7
1790946806883,,,0.0,CNG,,14.9,0,861,42.7
1790946807708,,,0.0,CNG,,14.9,0,845,42.7
1790946809123,,,0.0,CNG,,14.9,0,852,27.8
1790946809867,,,0.0,CNG,,14.9,0,850,27.8
1790946810593,,,0.0,CNG,,14.9,0,847,27.8
1790946812106,,,0.0,CNG,,14.9,0,854,27.1
1790946812836,,,0.0,CNG,,14.9,0,851,27.1
1790946813559,,,0.0,CNG,,14.9,0,851,27.1
1790946815018,,,0.0,CNG,,14.9,0,850,27.1
1790946815747,,,0.0,CNG,,14.9,0,856,27.1
1790946816568,,,0.0,CNG,,14.9,0,845,27.1
1790946818200,,,0.0,CNG,,14.9,0,852,40.8
1790946818930,,,0.0,CNG,,14.9,0,856,40.8
1790946819702,,,0.0,CNG,,14.9,0,855,40.8
1790946821174,,,0.0,CNG,,14.9,0,853,42.7
1790946821910,,,0.0,CNG,,14.9,0,862,42.7
1790946822614,,,0.0,CNG,,14.9,0,862,42.7
1790946824084,,,0.0,CNG,,14.9,0,857,28.2
1790946824785,,,0.0,CNG,,14.9,0,858,28.2
1790946825586,,,0.0,CNG,,14.9,0,854,28.2
1790946827089,,,0.0,CNG,,14.9,0,851,27.1
1790946827892,,,0.0,CNG,,14.9,0,844,27.1
1790946828599,,,0.0,CNG,,14.9,0,847,27.1
1790946830128,,,0.0,CNG,,14.9,0,848,27.5
1790946830856,,,0.0,CNG,,14.9,0,849,27.5
1790946831606,,,0.0,CNG,,14.9,0,850,27.5
1790946833056,,,0.0,CNG,,14.9,0,844,38.0
1790946833794,,,0.0,CNG,,14.9,0,859,38.0
1790946834582,,,0.0,CNG,,14.9,0,858,38.0
1790946836014,,,0.0,CNG,,14.9,0,858,47.1
1790946837050,,,0.0,CNG,,14.9,0,853,47.1
1790946837853,,,0.0,CNG,,14.9,0,857,47.1
1790946839364,,,0.0,CNG,,14.9,0,861,43.5
1790946840139,,,0.0,CNG,,14.9,0,873,43.5
1790946840883,,,0.0,CNG,,14.9,0,857,43.5
1790946842390,,,0.0,CNG,,14.9,0,854,27.5
1790946843117,,,0.0,CNG,,14.9,0,847,27.5
1790946843865,,,0.0,CNG,,14.9,0,852,27.5
1790946845319,,,0.0,CNG,,14.9,0,845,27.5
1790946846092,,,0.0,CNG,,14.9,0,851,27.5
1790946846805,,,0.0,CNG,,14.9,0,835,27.5
1790946848284,,,0.0,CNG,,14.9,0,850,41.6
1790946849020,,,0.0,CNG,,14.9,0,857,41.6
1790946849818,,,0.0,CNG,,14.9,0,853,41.6
1790946851349,,,0.0,CNG,,14.9,0,854,43.9
1790946852153,,,0.0,CNG,,14.9,0,855,43.9
1790946852944,,,0.0,CNG,,14.9,0,861,43.9
1790946854442,,,0.0,CNG,,14.9,0,855,42.7
1790946855179,,,0.0,CNG,,14.9,0,860,42.7
1790946855976,,,0.0,CNG,,14.9,0,852,42.7
1790946857732,,,0.0,CNG,,14.9,0,838,27.5
1790946858492,,,0.0,CNG,,14.9,0,855,27.5
1790946859210,,,0.0,CNG,,14.9,0,854,27.5
1790946860653,,,0.0,CNG,,14.9,0,855,27.1
1790946861377,,,0.0,CNG,,14.9,0,849,27.1
1790946862146,,,0.0,CNG,,14.9,0,847,27.1
1790946863620,,,0.0,CNG,,14.9,0,850,39.6
1790946864446,,,0.0,CNG,,14.9,0,854,39.6
1790946865208,,,0.0,CNG,,14.9,0,852,39.6
1790946866741,,,0.0,CNG,,14.9,0,856,43.5
1790946867540,,,0.0,CNG,,14.9,0,870,43.5
1790946868275,,,0.0,CNG,,14.9,0,863,43.5
1790946869746,,,0.0,CNG,,14.9,0,858,43.5
1790946870500,,,0.0,CNG,,14.9,0,857,43.5
1790946871207,,,0.0,CNG,,14.9,0,894,43.5
1790946872710,,,0.0,CNG,,14.9,0,859,27.5
1790946873419,,,0.0,CNG,,14.9,0,853,27.5
1790946874173,,,0.0,CNG,,14.9,0,848,27.5
1790946875625,,,0.0,CNG,,14.9,0,851,27.5
1790946876414,,,0.0,CNG,,14.9,0,849,27.5
1790946877303,,,0.0,CNG,,14.9,0,854,27.5
1790946878860,,,0.0,CNG,,14.9,0,851,34.1
1790946879583,,,0.0,CNG,,14.9,0,850,34.1
1790946880385,,,0.0,CNG,,14.9,0,854,34.1
1790946881901,,,0.0,CNG,,14.9,0,858,47.5
1790946882655,,,0.0,CNG,,14.9,0,854,47.5
1790946883351,,,0.0,CNG,,14.9,0,867,47.5
1790946884849,,,0.0,CNG,,14.9,0,863,44.7
1790946885590,,,0.0,CNG,,14.9,0,855,44.7
1790946886367,,,0.0,CNG,,14.9,0,887,44.7
1790946887838,,,0.0,CNG,,14.9,0,864,27.8
1790946888612,,,0.0,CNG,,14.9,0,850,27.8
1790946889321,,,0.0,CNG,,14.9,0,844,27.8
1790946890824,,,0.0,CNG,,14.9,0,849,27.5
1790946891589,,,0.0,CNG,,14.9,0,844,27.5
1790946892320,,,0.0,CNG,,14.9,0,854,27.5
1790946893785,,,0.0,CNG,,14.9,0,855,29.8
1790946894514,,,0.0,CNG,,14.9,0,845,29.8
1790946895209,,,0.0,CNG,,14.9,0,852,29.8
1790946896924,,,0.0,CNG,,14.9,0,850,45.1
1790946897744,,,0.0,CNG,,14.9,0,863,45.1
1790946898462,,,0.0,CNG,,14.9,0,845,45.1
1790946899910,,,0.0,CNG,,14.9,0,862,43.1
1790946900633,,,0.0,CNG,,14.9,0,860,43.1
1790946901406,,,0.0,CNG,,14.9,0,855,43.1
1790946902861,,,0.0,CNG,,14.9,0,860,26.7
1790946903553,,,0.0,CNG,,14.9,0,856,26.7
1790946904363,,,0.0,CNG,,14.9,0,853,26.7
1790946905820,,,0.0,CNG,,14.9,0,854,27.1
1790946906560,,,0.0,CNG,,14.9,0,854,27.1
1790946907249,,,0.0,CNG,,14.9,0,850,27.1
1790946908687,,,0.0,CNG,,14.9,0,849,33.7
1790946909429,,,0.0,CNG,,14.9,0,854,33.7
1790946910170,,,0.0,CNG,,14.9,0,851,33.7
1790946911713,,,0.0,CNG,,14.9,0,854,46.7
1790946912473,,,0.0,CNG,,14.9,0,864,46.7
1790946913254,,,0.0,CNG,,14.9,0,869,46.7
1790946914795,,,0.0,CNG,,14.9,0,865,42.7
1790946915524,,,0.0,CNG,,14.9,0,859,42.7
1790946916284,,,0.0,CNG,,14.9,0,855,42.7
1790946918036,,,0.0,CNG,,14.9,0,854,42.4
1790946918780,,,0.0,CNG,,14.9,0,853,42.4
1790946919554,,,0.0,CNG,,14.9,0,876,42.4
1790946921149,,,0.0,CNG,,14.9,0,862,27.8
1790946921881,,,0.0,CNG,,14.9,0,855,27.8
1790946922656,,,0.0,CNG,,14.9,0,852,27.8
1790946924131,,,0.0,CNG,,14.9,0,854,27.8
1790946924864,,,0.0,CNG,,14.9,0,844,27.8
1790946925599,,,0.0,CNG,,14.9,0,852,27.8
1790946927105,,,0.0,CNG,,14.9,0,858,44.3
1790946927856,,,0.0,CNG,,14.9,0,856,44.3
1790946928568,,,0.0,CNG,,14.9,0,861,44.3
1790946930051,,,0.0,CNG,,14.9,0,862,43.9
1790946930766,,,0.0,CNG,,14.9,0,862,43.9
1790946931526,,,0.0,CNG,,14.9,0,858,43.9
1790946933042,,,0.0,CNG,,14.9,0,857,30.2
1790946933874,,,0.0,CNG,,14.9,0,876,30.2
1790946934624,,,0.0,CNG,,14.9,0,855,30.2
1790946936054,,,0.0,CNG,,14.9,0,852,26.7
1790946937043,,,0.0,CNG,,14.9,0,854,26.7
1790946937821,,,0.0,CNG,,14.9,0,843,26.7
1790946939428,,,0.0,CNG,,14.9,0,851,27.1
1790946940180,,,0.0,CNG,,14.9,0,848,27.1
1790946940995,,,0.0,CNG,,14.9,0,858,27.1
1790946942438,,,0.0,CNG,,14.9,0,873,39.2
1790946943195,,,0.0,CNG,,14.9,0,852,39.2
1790946943943,,,0.0,CNG,,14.9,0,848,39.2
1790946945416,,,0.0,CNG,,14.9,0,854,46.3
1790946946156,,,0.0,CNG,,14.9,0,854,46.3
1790946946915,,,0.0,CNG,,14.9,0,854,46.3
1790946948443,,,0.0,CNG,,14.9,0,862,31.0
1790946949220,,,0.0,CNG,,14.9,0,875,31.0
1790946949983,,,0.0,CNG,,14.9,0,857,31.0
1790946951507,,,0.0,CNG,,14.9,0,851,27.1
1790946952257,,,0.0,CNG,,14.9,0,852,27.1
1790946953009,,,0.0,CNG,,14.9,0,852,27.1
1790946954516,,,0.0,CNG,,14.9,0,849,27.1
1790946955316,,,0.0,CNG,,14.9,0,852,27.1
1790946956030,,,0.0,CNG,,14.9,0,856,27.1
1790946957859,,,0.0,CNG,,14.9,0,847,39.2
1790946958648,,,0.0,CNG,,14.9,0,851,39.2
1790946959373,,,0.0,CNG,,14.9,0,851,39.2
1790946960854,,,0.0,CNG,,14.9,0,859,45.1
1790946961587,,,0.0,CNG,,14.9,0,862,45.1
1790946962408,,,0.0,CNG,,14.9,0,858,45.1
1790946963943,,,0.0,CNG,,14.9,0,854,42.4
1790946964734,,,0.0,CNG,,14.9,0,868,42.4
1790946965505,,,0.0,CNG,,14.9,0,879,42.4
1790946966961,,,0.0,CNG,,14.9,0,855,26.7
1790946967717,,,0.0,CNG,,14.9,0,854,26.7
1790946968440,,,0.0,CNG,,14.9,0,853,26.7
1790946969917,,,0.0,CNG,,14.9,0,852,26.7
1790946970705,,,0.0,CNG,,14.9,0,843,26.7
1790946971426,,,0.0,CNG,,14.9,0,853,26.7
1790946972866,,,0.0,CNG,,14.9,0,851,42.7
1790946973620,,,0.0,CNG,,14.9,0,853,42.7
1790946974385,,,0.0,CNG,,14.9,0,852,42.7
1790946975873,,,0.0,CNG,,14.9,0,856,43.5
1790946976805,,,0.0,CNG,,14.9,0,856,43.5
1790946977660,,,0.0,CNG,,14.9,0,862,43.5
1790946979081,,,0.0,CNG,,14.9,0,843,43.1
1790946979819,,,0.0,CNG,,14.9,0,846,43.1
1790946980551,,,0.0,CNG,,14.9,0,856,43.1
1790946982028,,,0.0,CNG,,14.9,0,859,26.7
1790946982792,,,0.0,CNG,,14.9,0,855,26.7
1790946983551,,,0.0,CNG,,14.9,0,854,26.7
1790946984977,,,0.0,CNG,,14.9,0,860,26.7
1790946985783,,,0.0,CNG,,14.9,0,851,26.7
1790946986484,,,0.0,CNG,,14.9,0,852,26.7
1790946987977,,,0.0,CNG,,14.9,0,844,37.3
1790946988681,,,0.0,CNG,,14.9,0,858,37.3
1790946989445,,,0.0,CNG,,14.9,0,856,37.3
1790946990917,,,0.0,CNG,,14.9,0,849,45.5
1790946991636,,,0.0,CNG,,14.9,0,860,45.5
1790946992375,,,0.0,CNG,,14.9,0,864,45.5
1790946993876,,,0.0,CNG,,14.9,0,866,43.9
1790946994626,,,0.0,CNG,,14.9,0,856,43.9
1790946995357,,,0.0,CNG,,14.9,0,864,43.9
1790946996883,,,0.0,CNG,,14.9,0,872,27.5
1790946997674,,,0.0,CNG,,14.9,0,850,27.5
1790946998437,,,0.0,CNG,,14.9,0,852,27.5
1790946999896,,,0.0,CNG,,14.9,0,853,27.1
1790947000624,,,0.0,CNG,,14.9,0,852,27.1
1790947001400,,,0.0,CNG,,14.9,0,851,27.1
1790947002890,,,0.0,CNG,,14.9,0,852,26.7
1790947003695,,,0.0,CNG,,14.9,0,847,26.7
1790947004456,,,0.0,CNG,,14.9,0,851,26.7
1790947005965,,,0.0,CNG,,14.9,0,855,43.5
1790947006683,,,0.0,CNG,,14.9,0,852,43.5
1790947007444,,,0.0,CNG,,14.9,0,859,43.5
1790947008909,,,0.0,CNG,,14.9,0,856,43.1
1790947009722,,,0.0,CNG,,14.9,0,850,43.1
1790947010441,,,0.0,CNG,,14.9,0,857,43.1
1790947011977,,,0.0,CNG,,14.9,0,903,27.5
1790947012700,,,0.0,CNG,,14.9,0,853,27.5
1790947013423,,,0.0,CNG,,14.9,0,848,27.5
1790947014916,,,0.0,CNG,,14.9,0,855,26.7
1790947015662,,,0.0,CNG,,14.9,0,852,26.7
1790947016511,,,0.0,CNG,,14.9,0,852,26.7
1790947018286,,,0.0,CNG,,14.9,0,853,27.1
1790947019072,,,0.0,CNG,,14.9,0,852,27.1
1790947019926,,,0.0,CNG,,14.9,0,848,27.1
1790947021399,,,0.0,CNG,,14.9,0,854,43.5
1790947022152,,,0.0,CNG,,14.9,0,851,43.5
1790947022926,,,0.0,CNG,,14.9,0,857,43.5
1790947024489,,,0.0,CNG,,14.9,0,855,43.5
1790947025270,,,0.0,CNG,,14.9,0,853,43.5
1790947026098,,,0.0,CNG,,14.9,0,853,43.5
1790947027597,,,0.0,CNG,,14.9,0,852,27.1
1790947028374,,,0.0,CNG,,14.9,0,851,27.1
1790947029079,,,0.0,CNG,,14.9,0,852,27.1
1790947030620,,,0.0,CNG,,14.9,0,854,26.7
1790947031369,,,0.0,CNG,,14.9,0,850,26.7
1790947032165,,,0.0,CNG,,14.9,0,850,26.7
1790947033653,,,0.0,CNG,,14.9,0,852,35.7
1790947034437,,,0.0,CNG,,14.9,0,851,35.7
1790947035149,,,0.0,CNG,,14.9,0,854,35.7
1790947036870,,,0.0,CNG,,14.9,0,849,47.5
1790947037699,,,0.0,CNG,,14.9,0,862,47.5
1790947038440,,,0.0,CNG,,14.9,0,866,47.5
1790947039904,,,0.0,CNG,,14.9,0,864,43.9
1790947040655,,,0.0,CNG,,14.9,0,857,43.9
1790947041408,,,0.0,CNG,,14.9,0,855,43.9
1790947042976,,,0.0,CNG,,14.9,0,854,43.5
1790947043708,,,0.0,CNG,,14.9,0,849,43.5
1790947044513,,,0.0,CNG,,14.9,0,856,43.5
1790947045981,,,0.0,CNG,,14.9,0,867,27.8
1790947046799,,,0.0,CNG,,14.9,0,852,27.8
1790947047517,,,0.0,CNG,,14.9,0,849,27.8
1790947048989,,,0.0,CNG,,14.9,0,850,27.1
1790947049708,,,0.0,CNG,,14.9,0,848,27.1
1790947050535,,,0.0,CNG,,14.9,0,849,27.1
1790947051983,,,0.0,CNG,,14.9,0,849,42.0
1790947052733,,,0.0,CNG,,14.9,0,849,42.0
1790947053494,,,0.0,CNG,,14.9,0,857,42.0
1790947054935,,,0.0,CNG,,14.9,0,853,44.3
1790947055711,,,0.0,CNG,,14.9,0,862,44.3
1790947056541,,,0.0,CNG,,14.9,0,855,44.3
1790947058172,,,0.0,CNG,,14.9,0,855,31.8
1790947058966,,,0.0,CNG,,14.9,0,875,31.8
1790947059708,,,0.0,CNG,,14.9,0,848,31.8
1790947061189,,,0.0,CNG,,14.9,0,853,26.7
1790947061982,,,0.0,CNG,,14.9,0,853,26.7
1790947062754,,,0.0,CNG,,14.9,0,848,26.7
1790947064184,,,0.0,CNG,,14.9,0,844,27.1
1790947064987,,,0.0,CNG,,14.9,0,849,27.1
1790947065784,,,0.0,CNG,,14.9,0,846,27.1
1790947067225,,,,CNG,,14.9,0,851,36.9
1790947067945,,,0.0,CNG,,14.9,0,854,36.9
1790947068742,,,0.0,CNG,,14.9,0,852,36.9
1790947070166,,,0.0,CNG,,14.9,0,858,47.1
1790947070918,,,0.0,CNG,,14.9,0,864,47.1
1790947071635,,,0.0,CNG,,14.9,0,858,47.1
1790947073162,,,0.0,CNG,,14.9,0,853,43.1
1790947073897,,,0.0,CNG,,14.9,0,883,43.1
1790947074674,,,0.0,CNG,,14.9,0,866,43.1
1790947076125,,,0.0,CNG,,14.9,0,848,27.1
1790947077134,,,0.0,CNG,,14.9,0,849,27.1
1790947077909,,,0.0,CNG,,14.9,0,856,27.1
1790947079376,,,0.0,CNG,,14.9,0,852,27.1
1790947080093,,,0.0,CNG,,14.9,0,853,27.1
1790947080822,,,0.0,CNG,,14.9,0,855,27.1
1790947082286,,,0.0,CNG,,14.9,0,852,34.9
1790947083022,,,0.0,CNG,,14.9,0,850,34.9
1790947083755,,,0.0,CNG,,14.9,0,851,34.9
1790947085253,,,0.0,CNG,,14.9,0,853,46.3
1790947086039,,,0.0,CNG,,14.9,0,865,46.3
1790947086788,,,0.0,CNG,,14.9,0,862,46.3
1790947088269,,,0.0,CNG,,14.9,0,861,42.7
1790947088989,,,0.0,CNG,,14.9,0,856,42.7
1790947089747,,,0.0,CNG,,14.9,0,858,42.7
1790947091236,,,0.0,CNG,,14.9,0,885,28.2
1790947092004,,,0.0,CNG,,14.9,0,857,28.2
1790947092738,,,0.0,CNG,,14.9,0,848,28.2
1790947094248,,,0.0,CNG,,14.9,0,852,27.1
1790947095042,,,0.0,CNG,,14.9,0,858,27.1
1790947095768,,,0.0,CNG,,14.9,0,850,27.1
1790947097543,,,0.0,CNG,,14.9,0,854,39.6
1790947098320,,,0.0,CNG,,14.9,0,854,39.6
1790947099063,,,0.0,CNG,,14.9,0,853,39.6
1790947100595,,,0.0,CNG,,14.9,0,852,43.5
1790947101351,,,0.0,CNG,,14.9,0,855,43.5
1790947102069,,,0.0,CNG,,14.9,0,856,43.5
1790947103577,,,0.0,CNG,,14.9,0,863,43.9
1790947104348,,,0.0,CNG,,14.9,0,849,43.9
1790947105150,,,0.0,CNG,,14.9,0,853,43.9
1790947106605,,,0.0,CNG,,14.9,0,852,43.5
1790947107514,,,0.0,CNG,,14.9,0,846,43.5
1790947108244,,,0.0,CNG,,14.9,0,850,43.5
1790947109748,,,0.0,CNG,,14.9,0,898,27.1
1790947110561,,,0.0,CNG,,14.9,0,850,27.1
1790947111358,,,0.0,CNG,,14.9,0,849,27.1
1790947112845,,,0.0,CNG,,14.9,0,851,26.7
1790947113621,,,0.0,CNG,,14.9,0,849,26.7
1790947114396,,,0.0,CNG,,14.9,0,854,26.7
1790947115922,,,0.0,CNG,,14.9,0,849,41.6
1790947116750,,,0.0,CNG,,14.9,0,854,41.6
1790947117558,,,0.0,CNG,,14.9,0,857,41.6
1790947119017,,,0.0,CNG,,14.9,0,856,42.7
1790947119771,,,0.0,CNG,,14.9,0,862,42.7
1790947120492,,,0.0,CNG,,14.9,0,860,42.7
1790947122020,,,0.0,CNG,,14.9,0,858,35.7
1790947122746,,,0.0,CNG,,14.9,0,876,35.7
1790947123480,,,0.0,CNG,,14.9,0,856,35.7
1790947124933,,,0.0,CNG,,14.9,0,850,27.1
1790947125703,,,0.0,CNG,,14.9,0,847,27.1
1790947126458,,,0.0,CNG,,14.9,0,845,27.1
1790947127934,,,0.0,CNG,,14.9,0,850,27.1
1790947128692,,,0.0,CNG,,14.9,0,852,27.1
1790947129486,,,0.0,CNG,,14.9,0,852,27.1
1790947130911,,,0.0,CNG,,14.9,0,854,36.5
1790947131662,,,0.0,CNG,,14.9,0,852,36.5
1790947132556,,,0.0,CNG,,14.9,0,853,36.5
1790947134107,,,0.0,CNG,,14.9,0,856,47.1
1790947134829,,,0.0,CNG,,14.9,0,852,47.1
1790947135608,,,0.0,CNG,,14.9,0,849,47.1
1790947137388,,,0.0,CNG,,14.9,0,861,34.5
1790947138207,,,0.0,CNG,,14.9,0,877,34.5
1790947138919,,,0.0,CNG,,14.9,0,852,34.5
1790947140486,,,0.0,CNG,,14.9,0,859,26.7
1790947141243,,,0.0,CNG,,14.9,0,852,26.7
1790947141957,,,0.0,CNG,,14.9,0,846,26.7
1790947143449,,,0.0,CNG,,14.9,0,849,27.1
1790947144212,,,0.0,CNG,,14.9,0,854,27.1
1790947144963,,,0.0,CNG,,14.9,0,853,27.1
1790947146438,,,0.0,CNG,,14.9,0,852,37.3
1790947147181,,,0.0,CNG,,14.9,0,853,37.3
1790947147935,,,0.0,CNG,,14.9,0,854,37.3
1790947149408,,,0.0,CNG,,,0,854,47.8
1790947150103,,,0.0,CNG,,14.9,0,863,47.8
1790947150861,,,0.0,CNG,,14.9,0,864,47.8
1790947152353,,,0.0,CNG,,14.9,0,858,42.7
1790947153138,,,0.0,CNG,,14.9,0,859,42.7
1790947153925,,,0.0,CNG,,14.9,0,849,42.7
1790947155406,,,0.0,CNG,,14.9,0,865,27.5
1790947156212,,,0.0,CNG,,14.9,0,856,27.5
1790947157050,,,0.0,CNG,,14.9,0,855,27.5
1790947158709,,,0.0,CNG,,14.9,0,850,24.3
1790947159472,,,0.0,CNG,,14.9,0,851,24.3
1790947160240,,,0.0,CNG,,14.9,0,841,24.3
1790947161699,,,0.0,CNG,,14.9,0,848,38.0
1790947162418,,,0.0,CNG,,14.9,0,857,38.0
1790947163161,,,0.0,CNG,,14.9,0,862,38.0
1790947164696,,,0.0,CNG,,14.9,0,851,39.2
1790947165444,,,0.0,CNG,,14.9,0,858,39.2
1790947166187,,,0.0,CNG,,14.9,0,856,39.2
1790947167628,,,0.0,CNG,,14.9,0,852,40.0
1790947168409,,,0.0,CNG,,14.9,0,855,40.0
1790947169148,,,0.0,CNG,,14.9,0,847,40.0
1790947170753,,,,CNG,,14.9,0,853,29.4
1790947171531,,,0.0,CNG,,14.9,0,876,29.4
1790947172256,,,0.0,CNG,,14.9,0,850,29.4
1790947173805,,,0.0,CNG,,14.9,0,839,22.7
1790947174551,,,0.0,CNG,,14.9,0,848,22.7
1790947175307,,,0.0,CNG,,14.9,0,842,22.7
1790947177024,,,0.0,CNG,,14.9,0,846,34.1
1790947177958,,,0.0,CNG,,14.9,0,849,34.1
1790947178781,,,0.0,CNG,,14.9,0,858,34.1
1790947180271,,,0.0,CNG,,14.9,0,852,42.0
1790947181041,,,0.0,CNG,,14.9,0,852,42.0
1790947181807,,,0.0,CNG,,14.9,0,851,42.0
1790947183313,,,0.0,CNG,,14.9,0,857,40.0
1790947184061,,,0.0,CNG,,14.9,0,853,40.0
1790947184784,,,0.0,CNG,,14.9,0,878,40.0
1790947186273,,,0.0,CNG,,14.9,0,853,23.1
1790947187059,,,0.0,CNG,,14.9,0,842,23.1
1790947187804,,,0.0,CNG,,14.9,0,845,23.1
1790947189443,,,0.0,CNG,,14.9,0,838,22.7
1790947190172,,,0.0,CNG,,14.9,0,856,22.7
1790947190920,,,0.0,CNG,,14.9,0,847,22.7
1790947192386,,,0.0,CNG,,14.9,0,847,26.7
1790947193138,,,0.0,CNG,,14.9,0,857,26.7
1790947193868,,,0.0,CNG,,14.9,0,850,26.7
1790947195355,,,0.0,CNG,,14.9,0,852,40.8
1790947196100,,,0.0,CNG,,14.9,0,859,40.8
1790947197158,,,0.0,CNG,,14.9,0,861,40.8
1790947198663,,,0.0,CNG,,14.9,0,857,39.6
1790947199414,,,0.0,CNG,,14.9,0,855,39.6
1790947200210,,,0.0,CNG,,14.9,0,878,39.6
1790947201777,,,0.0,CNG,,14.9,0,863,23.5
1790947202540,,,0.0,CNG,,14.9,0,847,23.5
1790947203297,,,0.0,CNG,,14.9,0,851,23.5
1790947204784,,,0.0,CNG,,14.9,0,852,22.7
1790947205545,,,0.0,CNG,,14.9,0,843,22.7
1790947206344,,,0.0,CNG,,14.9,0,851,22.7
1790947207836,,,0.0,CNG,,14.9,0,848,25.5
1790947208576,,,0.0,CNG,,14.9,0,853,25.5
1790947209339,,,0.0,CNG,,14.9,0,852,25.5
1790947210849,,,0.0,CNG,,14.9,0,857,41.6
1790947211597,,,0.0,CNG,,14.9,0,856,41.6
1790947212328,,,0.0,CNG,,14.9,0,858,41.6
1790947213891,,,0.0,CNG,,14.9,0,854,40.0
1790947214648,,,0.0,CNG,,14.9,0,865,40.0
1790947215404,,,0.0,CNG,,14.9,0,853,40.0
1790947217099,,,0.0,CNG,,14.9,0,856,22.4
1790947218016,,,0.0,CNG,,14.9,0,847,22.4
1790947218726,,,0.0,CNG,,14.9,0,850,22.4
1790947220240,,,0.0,CNG,,14.9,0,851,22.7
1790947220961,,,0.0,CNG,,14.9,0,853,22.7
1790947221769,,,0.0,CNG,,14.9,0,848,22.7
1790947223292,,,0.0,CNG,,14.9,0,843,34.9
1790947224003,,,0.0,CNG,,14.9,0,850,34.9
1790947224758,,,0.0,CNG,,14.9,0,855,34.9
1790947226301,,,0.0,CNG,,14.9,0,858,41.6
1790947227096,,,0.0,CNG,,14.9,0,861,41.6
1790947227879,,,0.0,CNG,,14.9,0,855,41.6
1790947229374,,,0.0,CNG,,14.9,0,851,40.0
1790947230272,,,0.0,CNG,,14.9,0,846,40.0
1790947231009,,,0.0,CNG,,14.9,0,852,40.0
1790947232541,,,0.0,CNG,,14.9,0,850,39.6
1790947233274,,,0.0,CNG,,14.9,0,852,39.6
1790947234077,,,0.0,CNG,,14.9,0,872,39.6
1790947235594,,,0.0,CNG,,14.9,0,852,23.1
1790947236331,,,0.0,CNG,,14.9,0,844,23.1
1790947237270,,,0.0,CNG,,14.9,0,847,23.1
1790947238767,,,0.0,CNG,,14.9,0,850,29.4
1790947239517,,,0.0,CNG,,14.9,0,854,29.4
1790947240269,,,0.0,CNG,,14.9,0,848,29.4
1790947241723,,,0.0,CNG,,14.9,0,857,42.4
1790947242480,,,0.0,CNG,,14.9,0,864,42.4
1790947243278,,,0.0,CNG,,14.9,0,861,42.4
1790947244762,,,0.0,CNG,,14.9,0,860,40.0
1790947245490,,,0.0,CNG,,14.9,0,845,40.0
1790947246234,,,0.0,CNG,,14.9,0,854,40.0
1790947247730,,,0.0,CNG,,14.9,0,845,22.7
1790947248504,,,0.0,CNG,,14.9,0,846,22.7
1790947249272,,,0.0,CNG,,14.9,0,852,22.7
1790947250822,,,0.0,CNG,,14.9,0,847,22.7
1790947251579,,,0.0,CNG,,14.9,0,850,22.7
1790947252326,,,0.0,CNG,,14.9,0,851,22.7
1790947253776,,,0.0,CNG,,14.9,0,847,22.7
1790947254574,,,0.0,CNG,,14.9,0,850,22.7
1790947255337,,,0.0,CNG,,14.9,0,858,22.7
1790947256970,,,0.0,CNG,,14.9,0,870,36.5
1790947257939,,,0.0,CNG,,14.9,0,856,36.5
1790947258727,,,0.0,CNG,,14.9,0,857,36.5
1790947260192,,,0.0,CNG,,14.9,0,857,40.0
1790947260981,,,0.0,CNG,,14.9,0,856,40.0
1790947261702,,,0.0,CNG,,14.9,0,859,40.0
1790947263279,,,0.0,CNG,,14.9,0,828,23.5
1790947263999,,,0.0,CNG,,14.9,0,848,23.5
1790947264810,,,0.0,CNG,,14.9,0,854,23.5
1790947266279,,,0.0,CNG,,14.9,0,850,22.7
1790947267062,,,0.0,CNG,,14.9,0,852,22.7
1790947267818,,,0.0,CNG,,14.9,0,846,22.7
1790947269402,,,0.0,CNG,,14.9,0,848,22.7
1790947270156,,,0.0,CNG,,14.9,0,852,22.7
1790947270898,,,0.0,CNG,,14.9,0,850,22.7
1790947272413,,,0.0,CNG,,14.9,0,883,36.5
1790947273170,,,0.0,CNG,,14.9,0,855,36.5
1790947273887,,,0.0,CNG,,14.9,0,854,36.5
1790947275478,,,0.0,CNG,,14.9,0,866,40.0
1790947276273,,,0.0,CNG,,14.9,0,863,40.0
1790947277239,,,0.0,CNG,,14.9,0,849,40.0
1790947278869,,,0.0,CNG,,14.9,0,849,27.8
1790947279641,,,0.0,CNG,,14.9,0,869,27.8
1790947280368,,,0.0,CNG,,14.9,0,860,27.8
1790947281885,,,0.0,CNG,,14.9,0,854,22.7
1790947282633,,,0.0,CNG,,14.9,0,854,22.7
1790947283408,,,0.0,CNG,,14.9,0,850,22.7
1790947284897,,,0.0,CNG,,14.9,0,846,29.0
1790947285629,,,0.0,CNG,,14.9,0,859,29.0
1790947286387,,,0.0,CNG,,14.9,0,847,29.0
1790947287881,,,0.0,CNG,,14.9,0,849,41.6
1790947288648,,,0.0,CNG,,14.9,0,865,41.6
1790947289444,,,0.0,CNG,,14.9,0,863,41.6
1790947290898,,,0.0,CNG,,14.9,0,852,40.4
1790947291659,,,0.0,CNG,,14.9,0,851,40.4
1790947292453,,,0.0,CNG,,14.9,0,848,40.4
1790947293947,,,0.0,CNG,,14.9,0,847,40.0
1790947294663,,,0.0,CNG,,14.9,0,852,40.0
1790947295486,,,0.0,CNG,,14.9,0,849,40.0
1790947297203,,,0.0,CNG,,14.9,0,823,23.1
1790947298005,,,0.0,CNG,,14.9,0,852,23.1
1790947298797,,,0.0,CNG,,14.9,0,853,23.1
1790947300280,,,0.0,CNG,,14.9,0,855,22.7
1790947301031,,,0.0,CNG,,14.9,0,850,22.7
1790947301769,,,0.0,CNG,,14.9,0,840,22.7
1790947303214,,,0.0,CNG,,14.9,0,851,37.3
1790947304010,,,0.0,CNG,,14.9,0,856,37.3
1790947304740,,,0.0,CNG,,14.9,0,857,37.3
1790947306219,,,0.0,CNG,,14.9,0,865,40.0
1790947306950,,,0.0,CNG,,14.9,0,855,40.0
1790947307776,,,0.0,CNG,,14.9,0,855,40.0
1790947309291,,,0.0,CNG,,14.9,0,859,40.4
1790947310122,,,0.0,CNG,,14.9,0,860,40.4
1790947310856,,,0.0,CNG,,14.9,0,860,40.4
1790947312349,,,0.0,CNG,,14.9,0,848,23.1
1790947313102,,,0.0,CNG,,14.9,0,853,23.1
1790947313892,,,0.0,CNG,,14.9,0,854,23.1
1790947315408,,,0.0,CNG,,14.9,0,853,23.1
1790947316154,,,0.0,CNG,,14.9,0,847,23.1
1790947316918,,,0.0,CNG,,14.9,0,855,23.1
1790947318567,,,0.0,CNG,,14.9,0,847,31.4
1790947319308,,,0.0,CNG,,14.9,0,848,31.4
1790947320048,,,0.0,CNG,,14.9,0,852,31.4
1790947321545,,,0.0,CNG,,14.9,0,862,42.7
1790947322352,,,0.0,CNG,,14.9,0,857,42.7
1790947323100,,,0.0,CNG,,14.9,0,856,42.7
1790947324625,,,0.0,CNG,,14.9,0,856,40.4
1790947325369,,,0.0,CNG,,14.9,0,847,40.4
1790947326143,,,0.0,CNG,,14.9,0,862,40.4
1790947327635,,,0.0,CNG,,14.9,0,851,22.7
1790947328431,,,0.0,CNG,,14.9,0,848,22.7
1790947329185,,,0.0,CNG,,14.9,0,852,22.7
1790947330698,,,0.0,CNG,,14.9,0,846,22.7
1790947331477,,,0.0,CNG,,14.9,0,847,22.7
1790947332289,,,0.0,CNG,,14.9,0,847,22.7
1790947333857,,,0.0,CNG,,14.9,0,853,29.4
1790947334677,,,0.0,CNG,,14.9,0,853,29.4
1790947335388,,,0.0,CNG,,14.9,0,852,29.4
1790947337028,,,0.0,CNG,,14.9,0,859,43.5
1790947337816,,,0.0,CNG,,14.9,0,856,43.5
1790947338615,,,0.0,CNG,,14.9,0,856,43.5
1790947340156,,,0.0,CNG,,14.9,0,858,40.0
1790947340894,,,0.0,CNG,,14.9,0,850,40.0
1790947341623,,,0.0,CNG,,14.9,0,831,40.0
1790947343180,,,0.0,CNG,,14.9,0,866,23.5
1790947343971,,,0.0,CNG,,14.9,0,854,23.5
1790947344763,,,0.0,CNG,,14.9,0,851,23.5
1790947346278,,,0.0,CNG,,14.9,0,849,22.7
1790947347058,,,0.0,CNG,,14.9,0,851,22.7
1790947347824,,,0.0,CNG,,14.9,0,855,22.7
1790947349383,,,0.0,CNG,,14.9,0,858,36.1
1790947350126,,,0.0,CNG,,14.9,0,857,36.1
1790947350879,,,0.0,CNG,,14.9,0,853,36.1
1790947352352,,,0.0,CNG,,14.9,0,858,39.6
1790947353133,,,0.0,CNG,,14.9,0,856,39.6
1790947353841,,,0.0,CNG,,14.9,0,852,39.6
1790947355390,,,0.0,CNG,,14.9,0,856,39.6
1790947356160,,,0.0,CNG,,14.9,0,856,39.6
1790947357036,,,0.0,CNG,,14.9,0,855,39.6
1790947358621,,,0.0,CNG,,14.9,0,851,40.4
1790947359380,,,0.0,CNG,,14.9,0,865,40.4
1790947360154,,,0.0,CNG,,14.9,0,866,40.4
1790947361633,,,0.0,CNG,,14.9,0,852,23.1
1790947362367,,,0.0,CNG,,14.9,0,855,23.1
1790947363151,,,0.0,CNG,,14.9,0,847,23.1
1790947364713,,,0.0,CNG,,14.9,0,854,29.8
1790947365513,,,0.0,CNG,,14.9,0,856,29.8
1790947366216,,,0.0,CNG,,14.9,0,853,29.8
1790947367702,,,0.0,CNG,,14.9,0,857,42.4
1790947368423,,,0.0,CNG,,14.9,0,860,42.4
1790947369218,,,0.0,CNG,,14.9,0,853,42.4
1790947370686,,,0.0,CNG,,14.9,0,851,40.8
1790947371439,,,0.0,CNG,,14.9,0,852,40.8
1790947372221,,,0.0,CNG,,14.9,0,852,40.8
1790947373762,,,0.0,CNG,,14.9,0,838,23.1
1790947374490,,,0.0,CNG,,14.9,0,859,23.1
1790947375275,,,0.0,CNG,,14.9,0,852,23.1
1790947376959,,,0.0,CNG,,14.9,0,853,22.7
1790947377948,,,0.0,CNG,,14.9,0,852,22.7
1790947378692,,,0.0,CNG,,14.9,0,848,22.7
1790947380214,,,0.0,CNG,,14.9,0,850,22.7
1790947380975,,,0.0,CNG,,14.9,0,854,22.7
1790947381703,,,0.0,CNG,,14.9,0,857,22.7
1790947383204,,,0.0,CNG,,14.9,0,854,38.8
1790947383960,,,0.0,CNG,,14.9,0,857,38.8
1790947384668,,,0.0,CNG,,14.9,0,859,38.8
1790947386156,,,0.0,CNG,,14.9,0,860,40.0
1790947386919,,,0.0,CNG,,14.9,0,860,40.0
1790947387678,,,0.0,CNG,,14.9,0,852,40.0
1790947389196,,,0.0,CNG,,14.9,0,834,22.7
1790947389953,,,0.0,CNG,,14.9,0,850,22.7
1790947390686,,,0.0,CNG,,14.9,0,853,22.7
1790947392241,,,0.0,CNG,,14.9,0,849,22.7
1790947393006,,,0.0,CNG,,14.9,0,851,22.7
1790947393811,,,0.0,CNG,,14.9,0,852,22.7
1790947395271,,,0.0,CNG,,14.9,0,855,23.1
1790947396012,,,0.0,CNG,,14.9,0,851,23.1
1790947396898,,,0.0,CNG,,14.9,0,850,23.1
1790947398647,,,0.0,CNG,,14.9,0,847,38.0
1790947399388,,,0.0,CNG,,14.9,0,857,38.0
1790947400177,,,0.0,CNG,,14.9,0,861,38.0
1790947401650,,,0.0,CNG,,14.9,0,864,39.2
1790947402418,,,0.0,CNG,,14.9,0,855,39.2
1790947403157,,,0.0,CNG,,14.9,0,849,39.2
1790947404642,,,0.0,CNG,,14.9,0,853,34.1
1790947405364,,,0.0,CNG,,14.9,0,887,34.1
1790947406174,,,0.0,CNG,,14.9,0,845,34.1
1790947407712,,,0.0,CNG,,14.9,0,850,23.1
1790947408446,,,0.0,CNG,,14.9,0,852,23.1
1790947409160,,,0.0,CNG,,14.9,0,851,23.1
1790947410694,,,0.0,CNG,,14.9,0,856,26.3
1790947411437,,,0.0,CNG,,14.9,0,851,26.3
1790947412199,,,0.0,CNG,,14.9,0,852,26.3
1790947413688,,,0.0,CNG,,14.9,0,854,40.4
1790947414477,,,0.0,CNG,,14.9,0,855,40.4
1790947415256,,,0.0,CNG,,14.9,0,857,40.4
1790947416704,,,0.0,CNG,,14.9,0,859,40.4
1790947417581,,,0.0,CNG,,14.9,0,848,40.4
1790947418403,,,0.0,CNG,,14.9,0,849,40.4
1790947419839,,,0.0,CNG,,14.9,0,859,39.6
1790947420625,,,0.0,CNG,,14.9,0,851,39.6
1790947421342,,,0.0,CNG,,14.9,0,842,39.6
1790947422870,,,0.0,CNG,,14.9,0,872,23.9
1790947423629,,,0.0,CNG,,14.9,0,854,23.9
1790947424388,,,0.0,CNG,,14.9,0,856,23.9
1790947425886,,,0.0,CNG,,14.9,0,849,22.7
1790947426657,,,0.0,CNG,,14.9,0,842,22.7
1790947427372,,,0.0,CNG,,14.9,0,854,22.7
1790947428960,,,0.0,CNG,,14.9,0,849,38.4
1790947429725,,,0.0,CNG,,14.9,0,853,38.4
1790947430458,,,0.0,CNG,,14.9,0,862,38.4
1790947431915,,,0.0,CNG,,14.9,0,859,40.4
1790947432710,,,0.0,CNG,,14.9,0,849,40.4
1790947433516,,,0.0,CNG,,14.9,0,855,40.4
1790947435016,,,0.0,CNG,,14.9,0,854,28.6
1790947435745,,,0.0,CNG,,14.9,0,875,28.6
1790947436564,,,0.0,CNG,,14.9,0,844,28.6
1790947438335,,,0.0,CNG,,14.9,0,851,23.1
1790947439135,,,0.0,CNG,,14.9,0,850,23.1
1790947439846,,,0.0,CNG,,14.9,0,852,23.1
1790947441336,,,0.0,CNG,,14.9,0,851,23.1
1790947442066,,,0.0,CNG,,14.9,0,851,23.1
1790947442849,,,0.0,CNG,,14.9,0,851,23.1
1790947444340,,,0.0,CNG,,14.9,0,848,34.5
1790947445120,,,0.0,CNG,,14.9,0,854,34.5
1790947445856,,,0.0,CNG,,14.9,0,865,34.5
1790947447364,,,0.0,CNG,,14.9,0,853,40.0
1790947448145,,,0.0,CNG,,14.9,0,863,40.0
1790947448926,,,0.0,CNG,,14.9,0,859,40.0
1790947450418,,,0.0,CNG,,14.9,0,853,34.5
1790947451248,,,0.0,CNG,,14.9,0,889,34.5
1790947451981,,,0.0,CNG,,14.9,0,858,34.5
1790947453541,,,0.0,CNG,,14.9,0,853,23.1
1790947454288,,,0.0,CNG,,14.9,0,854,23.1
1790947455033,,,0.0,CNG,,14.9,0,855,23.1
1790947456553,,,0.0,CNG,,14.9,0,852,23.1
1790947457472,,,0.0,CNG,,14.9,0,852,23.1
1790947458266,,,0.0,CNG,,14.9,0,850,23.1
1790947459785,,,0.0,CNG,,14.9,0,844,33.7
1790947460566,,,0.0,CNG,,14.9,0,853,33.7
1790947461366,,,0.0,CNG,,14.9,0,854,33.7
1790947462788,,,0.0,CNG,,14.9,0,858,43.5
1790947463555,,,0.0,CNG,,14.9,0,850,43.5
1790947464308,,,0.0,CNG,,14.9,0,852,43.5
1790947465829,,,0.0,CNG,,14.9,0,850,40.0
1790947466642,,,0.0,CNG,,14.9,0,850,40.0
1790947467398,,,0.0,CNG,,14.9,0,870,40.0
1790947468854,,,0.0,CNG,,14.9,0,863,23.5
1790947469667,,,0.0,CNG,,14.9,0,854,23.5
1790947470449,,,0.0,CNG,,14.9,0,856,23.5
1790947472037,,,0.0,CNG,,14.9,0,851,22.7
1790947472813,,,0.0,CNG,,14.9,0,849,22.7
1790947473543,,,0.0,CNG,,14.9,0,846,22.7
1790947474956,,,0.0,CNG,,14.9,0,853,36.5
1790947475726,,,0.0,CNG,,14.9,0,860,36.5
1790947476432,,,0.0,CNG,,14.9,0,856,36.5
1790947478259,,,0.0,CNG,,14.9,0,863,40.0
1790947478990,,,0.0,CNG,,14.9,0,854,40.0
1790947479804,,,0.0,CNG,,14.9,0,849,40.0
1790947481255,,,0.0,CNG,,14.9,0,855,40.4
1790947482022,,,0.0,CNG,,14.9,0,848,40.4
1790947482797,,,0.0,CNG,,14.9,0,854,40.4
1790947484329,,,0.0,CNG,,14.9,0,849,31.0
1790947485060,,,0.0,CNG,,14.9,0,875,31.0
1790947485817,,,0.0,CNG,,14.9,0,856,31.0
1790947487307,,,0.0,CNG,,14.9,0,851,23.1
1790947488099,,,0.0,CNG,,14.9,0,856,23.1
1790947488934,,,0.0,CNG,,14.9,0,844,23.1
1790947490416,,,0.0,CNG,,14.9,0,847,31.8
1790947491196,,,0.0,CNG,,14.9,0,849,31.8
1790947491989,,,0.0,CNG,,14.9,0,860,31.8
1790947493531,,,0.0,CNG,,14.9,0,857,43.1
1790947494303,,,0.0,CNG,,14.9,0,857,43.1
1790947495037,,,0.0,CNG,,14.9,0,862,43.1
1790947496578,,,0.0,CNG,,14.9,0,859,39.6
1790947497468,,,0.0,CNG,,14.9,0,856,39.6
1790947498368,,,0.0,CNG,,14.9,0,823,39.6
1790947499864,,,0.0,CNG,,14.9,0,877,23.5
1790947500669,,,0.0,CNG,,14.9,0,852,23.5
1790947501392,,,0.0,CNG,,14.9,0,850,23.5
1790947502932,,,0.0,CNG,,14.9,0,847,22.7
1790947503646,,,0.0,CNG,,14.9,0,848,22.7
1790947504405,,,0.0,CNG,,14.9,0,847,22.7
1790947505917,,,0.0,CNG,,14.9,0,856,22.7
1790947506735,,,0.0,CNG,,14.9,0,851,22.7
1790947507474,,,0.0,CNG,,14.9,0,859,22.7
1790947509050,,,0.0,CNG,,14.9,0,848,39.2
1790947509777,,,0.0,CNG,,14.9,0,860,39.2
1790947510555,,,0.0,CNG,,14.9,0,865,39.2
1790947511990,,,0.0,CNG,,14.9,0,861,40.0
1790947512761,,,0.0,CNG,,14.9,0,850,40.0
1790947513467,,,0.0,CNG,,14.9,0,852,40.0
1790947514938,,,0.0,CNG,,14.9,0,889,23.5
1790947515685,,,0.0,CNG,,14.9,0,852,23.5
1790947516427,,,0.0,CNG,,14.9,0,854,23.5
1790947518311,,,0.0,CNG,,14.9,0,850,22.7
1790947519093,,,0.0,CNG,,14.9,0,850,22.7
1790947519840,,,0.0,CNG,,14.9,0,854,22.7
1790947521385,,,0.0,CNG,,14.9,0,849,22.7
1790947522097,,,0.0,CNG,,14.9,0,851,22.7
1790947522860,,,0.0,CNG,,14.9,0,843,22.7
1790947524346,,,0.0,CNG,,14.9,0,852,37.6
1790947525090,,,0.0,CNG,,14.9,0,858,37.6
1790947525874,,,0.0,CNG,,14.9,0,854,37.6
1790947527387,,,0.0,CNG,,14.9,0,854,40.4
1790947528143,,,0.0,CNG,,14.9,0,850,40.4
1790947528950,,,0.0,CNG,,14.9,0,855,40.4
1790947530409,,,0.0,CNG,,14.9,0,851,27.5
1790947531143,,,0.0,CNG,,14.9,0,866,27.5
1790947531887,,,0.0,CNG,,14.9,0,850,27.5
1790947533369,,,0.0,CNG,,14.9,0,847,23.1
1790947534132,,,0.0,CNG,,14.9,0,847,23.1
1790947534917,,,0.0,CNG,,14.9,0,849,23.1
1790947536379,,,0.0,CNG,,14.9,0,856,27.8
1790947537265,,,0.0,CNG,,14.9,0,863,27.8
1790947538169,,,0.0,CNG,,14.9,0,847,27.8
1790947539672,,,0.0,CNG,,14.9,0,859,42.7
1790947540445,,,0.0,CNG,,14.9,0,853,42.7
1790947541209,,,0.0,CNG,,14.9,0,856,42.7
1790947542737,,,0.0,CNG,,14.9,0,857,40.4
1790947543509,,,0.0,CNG,,14.9,0,851,40.4
1790947544288,,,0.0,CNG,,14.9,0,847,40.4
1790947545790,,,0.0,CNG,,14.9,0,848,40.8
1790947546518,,,0.0,CNG,,14.9,0,844,40.8
1790947547361,,,0.0,CNG,,14.9,0,849,40.8
1790947548863,,,0.0,CNG,,14.9,0,848,23.1
1790947549677,,,0.0,CNG,,14.9,0,846,23.1
1790947550401,,,0.0,CNG,,14.9,0,851,23.1
1790947551915,,,0.0,CNG,,14.9,0,851,22.7
1790947552706,,,0.0,CNG,,14.9,0,849,22.7
1790947553446,,,0.0,CNG,,14.9,0,844,22.7
1790947554937,,,0.0,CNG,,14.9,0,858,36.5
1790947555735,,,0.0,CNG,,14.9,0,854,36.5
1790947556520,,,0.0,CNG,,14.9,0,854,36.5
1790947558497,,,0.0,CNG,,14.9,0,845,39.6
1790947559217,,,0.0,CNG,,14.9,0,863,39.6
1790947559960,,,0.0,CNG,,14.9,0,857,39.6
1790947561435,,,0.0,CNG,,14.9,0,859,36.9
1790947562225,,,0.0,CNG,,14.9,0,894,36.9
1790947562997,,,0.0,CNG,,14.9,0,854,36.9
1790947564468,,,0.0,CNG,,14.9,0,848,23.1
1790947565245,,,0.0,CNG,,14.9,0,849,23.1
1790947566096,,,0.0,CNG,,14.9,0,847,23.1
1790947567582,,,0.0,CNG,,14.9,0,850,22.7
1790947568356,,,0.0,CNG,,14.9,0,855,22.7
1790947569090,,,0.0,CNG,,14.9,0,849,22.7
1790947570643,,,0.0,CNG,,14.9,0,850,32.9
1790947571400,,,0.0,CNG,,14.9,0,851,32.9
1790947572180,,,0.0,CNG,,14.9,0,855,32.9
1790947573619,,,0.0,CNG,,14.9,0,857,43.5
1790947574384,,,0.0,CNG,,14.9,0,857,43.5
1790947575096,,,0.0,CNG,,14.9,0,859,43.5
1790947576591,,,0.0,CNG,,14.9,0,858,40.8
1790947577539,,,0.0,CNG,,14.9,0,837,40.8
1790947578372,,,0.0,CNG,,14.9,0,853,40.8
1790947579902,,,0.0,CNG,,14.9,0,855,23.5
1790947580692,,,0.0,CNG,,14.9,0,854,23.5
1790947581417,,,0.0,CNG,,14.9,0,855,23.5
1790947582912,,,0.0,CNG,,14.9,0,844,23.1
1790947583653,,,0.0,CNG,,14.9,0,854,23.1
1790947584435,,,0.0,CNG,,14.9,0,848,23.1
1790947585916,,,0.0,CNG,,14.9,0,849,30.6
1790947586729,,,0.0,CNG,,14.9,0,853,30.6
1790947587453,,,0.0,CNG,,14.9,0,857,30.6
1790947588973,,,0.0,CNG,,14.9,0,855,44.3
1790947589747,,,0.0,CNG,,14.9,0,852,44.3
1790947590532,,,0.0,CNG,,14.9,0,864,44.3
1790947592057,,,0.0,CNG,,14.9,0,853,40.0
1790947592841,,,0.0,CNG,,14.9,0,855,40.0
1790947593593,,,0.0,CNG,,14.9,0,853,40.0
1790947595115,,,0.0,CNG,,14.9,0,884,23.9
1790947595909,,,0.0,CNG,,14.9,0,850,23.9
1790947596674,,,0.0,CNG,,14.9,0,848,23.9
1790947598343,,,0.0,CNG,,14.9,0,850,23.1
1790947599156,,,0.0,CNG,,14.9,0,851,23.1
1790947599923,,,0.0,CNG,,14.9,0,856,23.1
1790947601509,,,0.0,CNG,,14.9,0,873,36.9
1790947602301,,,0.0,CNG,,14.9,0,854,36.9
1790947603075,,,0.0,CNG,,14.9,0,861,36.9
1790947604540,,,0.0,CNG,,14.9,0,848,40.4
1790947605366,,,0.0,CNG,,14.9,0,850,40.4
1790947606124,,,0.0,CNG,,14.9,0,852,40.4
1790947607598,,,0.0,CNG,,14.9,0,851,40.4
1790947608377,,,0.0,CNG,,14.9,0,850,40.4
1790947609136,,,0.0,CNG,,14.9,0,857,40.4
1790947610656,,,0.0,CNG,,14.9,0,860,40.4
1790947611413,,,0.0,CNG,,14.9,0,849,40.4
1790947612108,,,0.0,CNG,,14.9,0,870,40.4
1790947613698,,,0.0,CNG,,14.9,0,855,23.5
1790947614446,,,0.0,CNG,,14.9,0,855,23.5
1790947615242,,,0.0,CNG,,14.9,0,852,23.5
1790947616711,,,0.0,CNG,,14.9,0,848,29.8
1790947617760,,,0.0,CNG,,14.9,0,858,29.8
1790947618459,,,0.0,CNG,,14.9,0,859,29.8
1790947619939,,,0.0,CNG,,14.9,0,860,43.9
1790947620659,,,0.0,CNG,,14.9,0,855,43.9
1790947621429,,,0.0,CNG,,14.9,0,852,43.9
1790947622952,,,0.0,CNG,,14.9,0,854,40.8
1790947623702,,,0.0,CNG,,14.9,0,854,40.8
1790947624437,,,0.0,CNG,,14.9,0,853,40.8
1790947625950,,,0.0,CNG,,14.9,0,872,23.9
1790947626770,,,0.0,CNG,,14.9,0,850,23.9
1790947627537,,,0.0,CNG,,14.9,0,845,23.9
1790947629004,,,0.0,CNG,,14.9,0,855,22.7
1790947629751,,,0.0,CNG,,14.9,0,847,22.7
1790947630466,,,0.0,CNG,,14.9,0,852,22.7
1790947631970,,,0.0,CNG,,14.9,0,846,22.7
1790947632766,,,0.0,CNG,,14.9,0,854,22.7
1790947633587,,,0.0,CNG,,14.9,0,852,22.7
1790947635090,,,0.0,CNG,,14.9,0,854,36.9
1790947635851,,,0.0,CNG,,14.9,0,855,36.9
1790947636592,,,0.0,CNG,,14.9,0,859,36.9
1790947638398,,,0.0,CNG,,14.9,0,855,39.6
1790947639171,,,0.0,CNG,,14.9,0,865,39.6
1790947639952,,,0.0,CNG,,14.9,0,860,39.6
1790947641485,,,0.0,CNG,,14.9,0,855,23.5
1790947642272,,,0.0,CNG,,14.9,0,851,23.5
1790947642975,,,0.0,CNG,,14.9,0,857,23.5
1790947644554,,,0.0,CNG,,14.9,0,850,22.7
1790947645309,,,0.0,CNG,,14.9,0,847,22.7
1790947646047,,,0.0,CNG,,14.9,0,848,22.7
1790947647533,,,0.0,CNG,,14.9,0,853,23.1
1790947648320,,,0.0,CNG,,14.9,0,852,23.1
1790947649049,,,0.0,CNG,,14.9,0,845,23.1
1790947650563,,,0.0,CNG,,14.9,0,863,36.9
1790947651330,,,0.0,CNG,,14.9,0,862,36.9
1790947652100,,,0.0,CNG,,14.9,0,856,36.9
1790947653619,,,0.0,CNG,,14.9,0,859,40.8
1790947654380,,,0.0,CNG,,14.9,0,857,40.8
1790947655197,,,0.0,CNG,,14.9,0,859,40.8
1790947656697,,,0.0,CNG,,14.9,0,851,33.3
1790947657702,,,0.0,CNG,,14.9,0,890,33.3
1790947658507,,,0.0,CNG,,14.9,0,850,33.3
1790947659923,,,0.0,CNG,,14.9,0,846,23.1
1790947660694,,,0.0,CNG,,14.9,0,844,23.1
1790947661416,,,0.0,CNG,,14.9,0,857,23.1
1790947662903,,,0.0,CNG,,14.9,0,850,25.5
1790947663627,,,0.0,CNG,,14.9,0,853,25.5
1790947664397,,,0.0,CNG,,14.9,0,850,25.5
1790947665935,,,0.0,CNG,,14.9,0,853,41.6
1790947666733,,,0.0,CNG,,14.9,0,865,41.6
1790947667470,,,0.0,CNG,,14.9,0,857,41.6
1790947668993,,,0.0,CNG,,14.9,0,858,40.0
1790947669699,,,0.0,CNG,,14.9,0,854,40.0
1790947670449,,,0.0,CNG,,14.9,0,853,40.0
1790947671947,,,0.0,CNG,,14.9,0,853,39.6
1790947672677,,,0.0,CNG,,14.9,0,852,39.6
1790947673403,,,0.0,CNG,,14.9,0,855,39.6
1790947674976,,,0.0,CNG,,14.9,0,846,26.7
1790947675693,,,0.0,CNG,,14.9,0,869,26.7
1790947676470,,,0.0,CNG,,14.9,0,851,26.7
1790947678280,,,0.0,CNG,,14.9,0,847,23.1
1790947679101,,,0.0,CNG,,14.9,0,854,23.1
1790947679810,,,0.0,CNG,,14.9,0,852,23.1
1790947681298,,,0.0,CNG,,14.9,0,848,35.3
1790947682029,,,0.0,CNG,,14.9,0,849,35.3
1790947682797,,,0.0,CNG,,14.9,0,860,35.3
1790947684292,,,0.0,CNG,,14.9,0,864,41.2
1790947685051,,,0.0,CNG,,14.9,0,852,41.2
1790947685759,,,0.0,CNG,,14.9,0,846,41.2
1790947687272,,,0.0,CNG,,14.9,0,846,40.4
1790947688039,,,0.0,CNG,,14.9,0,850,40.4
1790947688800,,,0.0,CNG,,14.9,0,864,40.4
1790947690357,,,0.0,CNG,,14.9,0,863,23.1
1790947691085,,,0.0,CNG,,14.9,0,847,23.1
1790947691845,,,0.0,CNG,,14.9,0,851,23.1
1790947693367,,,0.0,CNG,,14.9,0,850,23.1
1790947694104,,,0.0,CNG,,14.9,0,851,23.1
1790947694855,,,0.0,CNG,,14.9,0,851,23.1
1790947696327,,,0.0,CNG,,14.9,0,852,22.7
1790947697137,,,0.0,CNG,,14.9,0,841,22.7
1790947698047,,,0.0,CNG,,14.9,0,853,22.7
1790947699549,,,0.0,CNG,,14.9,0,855,40.0
1790947700309,,,0.0,CNG,,14.9,0,856,40.0
1790947701131,,,0.0,CNG,,14.9,0,857,40.0
1790947702607,,,0.0,CNG,,14.9,0,855,39.2
1790947703336,,,0.0,CNG,,14.9,0,852,39.2
1790947704083,,,0.0,CNG,,14.9,0,857,39.2
1790947705560,,,0.0,CNG,,14.9,0,889,23.5
1790947706319,,,0.0,CNG,,14.9,0,846,23.5
1790947707083,,,0.0,CNG,,14.9,0,848,23.5
1790947708651,,,0.0,CNG,,14.9,0,852,23.1
1790947709403,,,0.0,CNG,,14.9,0,850,23.1
1790947710156,,,0.0,CNG,,14.9,0,852,23.1
1790947711628,,,0.0,CNG,,14.9,0,853,22.7
1790947712398,,,0.0,CNG,,14.9,0,856,22.7
1790947713159,,,0.0,CNG,,14.9,0,850,22.7
1790947714703,,,0.0,CNG,,14.9,0,854,38.0
1790947715424,,,0.0,CNG,,14.9,0,856,38.0
1790947716184,,,0.0,CNG,,14.9,0,860,38.0
1790947718066,,,0.0,CNG,,14.9,0,857,40.4
1790947718800,,,0.0,CNG,,14.9,0,850,40.4
1790947719589,,,0.0,CNG,,14.9,0,856,40.4
1790947721129,,,0.0,CNG,,14.9,0,853,23.9
1790947721957,,,0.0,CNG,,14.9,0,858,23.9
1790947722713,,,0.0,CNG,,14.9,0,849,23.9
1790947724243,,,0.0,CNG,,14.9,0,851,22.7
1790947724973,,,0.0,CNG,,14.9,0,849,22.7
1790947725776,,,0.0,CNG,,14.9,0,842,22.7
1790947727281,,,0.0,CNG,,14.9,0,846,30.6
1790947728035,,,0.0,CNG,,14.9,0,854,30.6
1790947728786,,,0.0,CNG,,14.9,0,848,30.6
1790947730303,,,0.0,CNG,,14.9,0,854,42.7
1790947731024,,,0.0,CNG,,14.9,0,850,42.7
1790947731756,,,0.0,CNG,,14.9,0,851,42.7
1790947733185,,,0.0,CNG,,14.9,0,858,40.4
1790947733937,,,0.0,CNG,,14.9,0,855,40.4
1790947734650,,,0.0,CNG,,14.9,0,849,40.4
1790947736225,,,0.0,CNG,,14.9,0,852,40.0
1790947737081,,,0.0,CNG,,14.9,0,847,40.0
1790947738105,,,0.0,CNG,,14.9,0,869,40.0
1790947739621,,,0.0,CNG,,14.9,0,854,23.1
1790947740356,,,0.0,CNG,,14.9,0,848,23.1
1790947741058,,,0.0,CNG,,14.9,0,850,23.1
1790947742521,,,0.0,CNG,,14.9,0,859,23.1
1790947743254,,,0.0,CNG,,14.9,0,854,23.1
1790947743998,,,0.0,CNG,,14.9,0,853,23.1
1790947745433,,,0.0,CNG,,14.9,0,854,39.2
1790947746176,,,0.0,CNG,,14.9,0,860,39.2
1790947746895,,,0.0,CNG,,14.9,0,850,39.2
1790947748455,,,0.0,CNG,,14.9,0,859,40.0
1790947749181,,,0.0,CNG,,14.9,0,858,40.0
1790947749920,,,0.0,CNG,,14.9,0,849,40.0
1790947751421,,,0.0,CNG,,14.9,0,851,27.5
1790947752173,,,0.0,CNG,,14.9,0,874,27.5
1790947752945,,,0.0,CNG,,14.9,0,847,27.5
1790947754415,,,0.0,CNG,,14.9,0,855,23.1
1790947755190,,,0.0,CNG,,14.9,0,852,23.1
1790947755964,,,0.0,CNG,,14.9,0,855,23.1
1790947757616,,,0.0,CNG,,14.9,0,854,23.1
1790947758455,,,0.0,CNG,,14.9,0,851,23.1
1790947759190,,,0.0,CNG,,14.9,0,853,23.1
1790947760689,,,0.0,CNG,,14.9,0,854,33.7
1790947761465,,,0.0,CNG,,14.9,0,847,33.7
1790947762234,,,0.0,CNG,,14.9,0,859,33.7
1790947763731,,,0.0,CNG,,14.9,0,854,42.0
1790947764495,,,0.0,CNG,,14.9,0,854,42.0
1790947765247,,,0.0,CNG,,14.9,0,851,42.0
1790947766792,,,0.0,CNG,,14.9,0,847,36.1
1790947767536,,,0.0,CNG,,14.9,0,900,36.1
1790947768278,,,0.0,CNG,,14.9,0,856,36.1
1790947769811,,,0.0,CNG,,14.9,0,850,23.1
1790947770569,,,0.0,CNG,,14.9,0,852,23.1
1790947771269,,,0.0,CNG,,14.9,0,856,23.1
1790947772823,,,0.0,CNG,,14.9,0,849,22.7
1790947773564,,,0.0,CNG,,14.9,0,856,22.7
1790947774303,,,0.0,CNG,,14.9,0,854,22.7
1790947775776,,,0.0,CNG,,14.9,0,853,29.4
1790947776567,,,0.0,CNG,,14.9,0,856,29.4
1790947777457,,,0.0,CNG,,14.9,0,851,29.4
1790947779087,,,0.0,CNG,,14.9,0,857,43.5
1790947779829,,,0.0,CNG,,14.9,0,863,43.5
1790947780622,,,0.0,CNG,,14.9,0,856,43.5
1790947782073,,,0.0,CNG,,14.9,0,849,40.0
1790947782806,,,0.0,CNG,,14.9,0,854,40.0
1790947783579,,,0.0,CNG,,14.9,0,848,40.0
1790947785064,,,0.0,CNG,,14.9,0,867,23.9
1790947785774,,,0.0,CNG,,14.9,0,857,23.9
1790947786514,,,0.0,CNG,,14.9,0,847,23.9
1790947788007,,,0.0,CNG,,14.9,0,845,23.1
1790947788774,,,0.0,CNG,,14.9,0,854,23.1
1790947789521,,,0.0,CNG,,14.9,0,846,23.1
1790947791051,,,0.0,CNG,,14.9,0,840,34.9
1790947791808,,,0.0,CNG,,14.9,0,850,34.9
1790947792551,,,0.0,CNG,,14.9,0,859,34.9
1790947794016,,,0.0,CNG,,14.9,0,858,40.8
1790947794786,,,0.0,CNG,,14.9,0,857,40.8
1790947795521,,,0.0,CNG,,14.9,0,857,40.8
1790947797049,,,0.0,CNG,,14.9,0,854,40.0
1790947797938,,,0.0,CNG,,14.9,0,856,40.0
1790947798685,,,0.0,CNG,,14.9,0,847,40.0
1790947800106,,,0.0,CNG,,14.9,0,848,39.6
1790947800838,,,0.0,CNG,,14.9,0,854,39.6
1790947801547,,,0.0,CNG,,14.9,0,891,39.6
1790947803129,,,0.0,CNG,,14.9,0,853,23.1
1790947803904,,,0.0,CNG,,14.9,0,851,23.1
1790947804692,,,0.0,CNG,,14.9,0,851,23.1
1790947806203,,,0.0,CNG,,14.9,0,852,26.7
1790947807039,,,0.0,CNG,,14.9,0,854,26.7
1790947807768,,,0.0,CNG,,14.9,0,850,26.7
1790947809298,,,0.0,CNG,,14.9,0,857,40.8
1790947810079,,,0.0,CNG,,14.9,0,865,40.8
1790947810986,,,0.0,CNG,,14.9,0,854,40.8
1790947812476,,,0.0,CNG,,14.9,0,855,40.0
1790947813271,,,0.0,CNG,,14.9,0,854,40.0
1790947814059,,,0.0,CNG,,14.9,0,851,40.0
1790947815507,,,0.0,CNG,,14.9,0,851,22.7
1790947816252,,,0.0,CNG,,14.9,0,856,22.7
1790947817063,,,0.0,CNG,,14.9,0,855,22.7
1790947818817,,,0.0,CNG,,14.9,0,848,22.7
1790947819584,,,0.0,CNG,,14.9,0,850,22.7
1790947820381,,,0.0,CNG,,14.9,0,849,22.7
1790947821909,,,0.0,CNG,,14.9,0,851,22.7
1790947822673,,,0.0,CNG,,14.9,0,856,22.7
1790947823423,,,0.0,CNG,,14.9,0,850,22.7
1790947824920,,,0.0,CNG,,14.9,0,860,36.1
1790947825663,,,0.0,CNG,,14.9,0,857,36.1
1790947826418,,,0.0,CNG,,14.9,0,852,36.1
1790947827979,,,0.0,CNG,,14.9,0,854,39.6
1790947828734,,,0.0,CNG,,14.9,0,852,39.6
1790947829516,,,0.0,CNG,,14.9,0,852,39.6
1790947830998,,,0.0,CNG,,14.9,0,855,23.1
1790947831738,,,0.0,CNG,,14.9,0,857,23.1
1790947832498,,,0.0,CNG,,14.9,0,852,23.1
1790947834027,,,0.0,CNG,,14.9,0,854,22.7
1790947834831,,,0.0,CNG,,14.9,0,851,22.7
1790947835614,,,0.0,CNG,,14.9,0,853,22.7
1790947837080,,,0.0,CNG,,14.9,0,850,22.7
1790947838120,,,0.0,CNG,,14.9,0,850,22.7
1790947838831,,,0.0,CNG,,14.9,0,858,22.7
1790947840353,,,0.0,CNG,,14.9,0,845,34.9
1790947841063,,,0.0,CNG,,14.9,0,855,34.9
1790947841869,,,0.0,CNG,,14.9,0,854,34.9
1790947843388,,,0.0,CNG,,14.9,0,859,40.4
1790947844144,,,0.0,CNG,,14.9,0,858,40.4
1790947844936,,,0.0,CNG,,14.9,0,856,40.4
1790947846467,,,0.0,CNG,,14.9,0,859,40.0
1790947847288,,,0.0,CNG,,14.9,0,846,40.0
1790947848060,,,0.0,CNG,,14.9,0,872,40.0
1790947849494,,,0.0,CNG,,14.9,0,854,23.5
1790947850285,,,0.0,CNG,,14.9,0,854,23.5
1790947851019,,,0.0,CNG,,14.9,0,855,23.5
1790947852509,,,0.0,CNG,,14.9,0,847,22.7
1790947853318,,,0.0,CNG,,14.9,0,854,22.7
1790947854064,,,0.0,CNG,,14.9,0,843,22.7
1790947855541,,,0.0,CNG,,14.9,0,853,36.9
1790947856278,,,0.0,CNG,,14.9,0,854,36.9
1790947857017,,,0.0,CNG,,14.9,0,865,36.9
1790947858823,,,0.0,CNG,,14.9,0,865,40.0
1790947859553,,,0.0,CNG,,14.9,0,853,40.0
1790947860298,,,0.0,CNG,,14.9,0,853,40.0
1790947861803,,,0.0,CNG,,14.9,0,853,40.0
1790947862574,,,0.0,CNG,,14.9,0,844,40.0
1790947863305,,,0.0,CNG,,14.9,0,853,40.0
1790947864872,,,0.0,CNG,,14.9,0,852,22.7
1790947865638,,,0.0,CNG,,14.9,0,856,22.7
1790947866393,,,0.0,CNG,,14.9,0,851,22.7
1790947867903,,,0.0,CNG,,14.9,0,847,22.7
1790947868694,,,0.0,CNG,,14.9,0,853,22.7
1790947869416,,,0.0,CNG,,14.9,0,844,22.7
1790947870982,,,0.0,CNG,,14.9,0,855,36.1
1790947871734,,,0.0,CNG,,14.9,0,855,36.1
1790947872475,,,0.0,CNG,,14.9,0,856,36.1
1790947873979,,,0.0,CNG,,14.9,0,865,40.4
1790947874740,,,0.0,CNG,,14.9,0,857,40.4
1790947875474,,,0.0,CNG,,14.9,0,859,40.4
1790947876973,,,0.0,CNG,,14.9,0,856,40.0
1790947877894,,,0.0,CNG,,14.9,0,851,40.0
1790947878639,,,0.0,CNG,,14.9,0,893,40.0
1790947880086,,,0.0,CNG,,14.9,0,846,23.1
1790947880875,,,0.0,CNG,,14.9,0,850,23.1
1790947881600,,,0.0,CNG,,14.9,0,859,23.1
1790947883158,,,0.0,CNG,,14.9,0,847,23.1
1790947883948,,,0.0,CNG,,14.9,0,849,23.1
1790947884681,,,0.0,CNG,,14.9,0,851,23.1
1790947886184,,,0.0,CNG,,14.9,0,849,25.9
1790947886939,,,0.0,CNG,,14.9,0,855,25.9
1790947887710,,,0.0,CNG,,14.9,0,852,25.9
1790947889260,,,0.0,CNG,,14.9,0,855,41.6
1790947890023,,,0.0,CNG,,14.9,0,862,41.6
1790947890829,,,0.0,CNG,,14.9,0,860,41.6
1790947892352,,,0.0,CNG,,14.9,0,861,40.0
1790947893093,,,0.0,CNG,,14.9,0,850,40.0
1790947893811,,,0.0,CNG,,14.9,0,874,40.0
1790947895325,,,0.0,CNG,,14.9,0,863,23.1
1790947896049,,,0.0,CNG,,14.9,0,847,23.1
1790947896791,,,0.0,CNG,,14.9,0,847,23.1
1790947898551,,,0.0,CNG,,14.9,0,853,22.7
1790947899321,,,0.0,CNG,,14.9,0,855,22.7
1790947900029,,,0.0,CNG,,14.9,0,852,22.7
1790947901533,,,0.0,CNG,,14.9,0,858,23.1
1790947902299,,,0.0,CNG,,14.9,0,854,23.1
1790947903042,,,0.0,CNG,,14.9,0,853,23.1
1790947904577,,,0.0,CNG,,14.9,0,848,38.4
1790947905344,,,0.0,CNG,,14.9,0,855,38.4
1790947906140,,,0.0,CNG,,14.9,0,857,38.4
1790947907632,,,0.0,CNG,,14.9,0,857,40.0
1790947908328,,,0.0,CNG,,14.9,0,854,40.0
1790947909093,,,0.0,CNG,,14.9,0,850,40.0
1790947910612,,,0.0,CNG,,14.9,0,848,23.9
1790947911328,,,0.0,CNG,,14.9,0,859,23.9
1790947912049,,,0.0,CNG,,14.9,0,852,23.9
1790947913559,,,0.0,CNG,,14.9,0,852,23.1
1790947914303,,,0.0,CNG,,14.9,0,855,23.1
1790947915073,,,0.0,CNG,,14.9,0,851,23.1
1790947916514,,,0.0,CNG,,14.9,0,852,24.7
1790947917325,,,0.0,CNG,,14.9,0,846,24.7
1790947918241,,,0.0,CNG,,14.9,0,843,24.7
1790947919721,,,0.0,CNG,,14.9,0,855,41.6
1790947920520,,,0.0,CNG,,14.9,0,860,41.6
1790947921307,,,0.0,CNG,,14.9,0,858,41.6
1790947922770,,,0.0,CNG,,16.1,0,857,40.4
1790947923586,,,0.0,CNG,,14.9,0,856,40.4
1790947924356,,,0.0,CNG,,14.9,0,850,40.4
1790947925911,,,0.0,CNG,,16.5,0,848,37.6
1790947926683,,,0.0,CNG,,27.5,0,1004,37.6
1790947927467,,,0.0,CNG,,24.3,0,1236,37.6
1790947929033,,,0.0,CNG,,28.2,0,1457,31.8
1790947929788,,,0.0,CNG,,20.4,0,1426,31.8
1790947930552,,,0.0,CNG,,14.9,0,1460,31.8
1790947932046,,,0.0,CNG,,14.9,0,1019,22.4
1790947932807,,,0.0,CNG,,14.9,0,855,22.4
1790947933536,,,0.0,CNG,,14.9,0,864,22.4
1790947935019,,,0.0,CNG,,14.9,0,855,38.4
1790947935777,,,0.0,CNG,,14.9,0,859,38.4
1790947936519,,,0.0,CNG,,14.9,0,861,38.4
1790947938387,,,0.0,CNG,,14.9,0,853,40.8
1790947939167,,,0.0,CNG,,14.9,0,856,40.8
1790947939945,,,0.0,CNG,,14.9,0,854,40.8
1790947941454,,,0.0,CNG,,14.9,0,853,25.1
1790947942245,,,0.0,CNG,,14.9,0,861,25.1
1790947943002,,,0.0,CNG,,14.9,0,848,25.1
1790947944527,,,0.0,CNG,,14.9,0,854,22.7
1790947945282,,,0.0,CNG,,14.9,0,853,22.7
1790947946041,,,0.0,CNG,,14.9,0,852,22.7
1790947947581,,,0.0,CNG,,14.9,0,852,22.7
1790947948382,,,0.0,CNG,,14.9,0,849,22.7
1790947949120,,,0.0,CNG,,14.9,0,856,22.7
1790947950630,,,0.0,CNG,,14.9,0,837,34.9
1790947951349,,,0.0,CNG,,14.9,0,853,34.9
1790947952100,,,0.0,CNG,,14.9,0,856,34.9
1790947953605,,,0.0,CNG,,14.9,0,857,42.4
1790947954364,,,0.0,CNG,,14.9,0,852,42.4
1790947955149,,,0.0,CNG,,14.9,0,861,42.4
1790947956690,,,0.0,CNG,,14.9,0,854,33.7
1790947957598,,,0.0,CNG,,14.9,0,888,33.7
1790947958496,,,0.0,CNG,,14.9,0,858,33.7
1790947959998,,,0.0,CNG,,14.9,0,853,23.1
1790947960822,,,0.0,CNG,,14.9,0,850,23.1
1790947961542,,,0.0,CNG,,14.9,0,850,23.1
1790947963068,,,0.0,CNG,,14.9,0,854,22.7
1790947963832,,,0.0,CNG,,14.9,0,850,22.7
1790947964633,,,0.0,CNG,,14.9,0,849,22.7
1790947966093,,,0.0,CNG,,14.9,0,851,34.1
1790947966873,,,0.0,CNG,,14.9,0,852,34.1
1790947967646,,,0.0,CNG,,14.9,0,855,34.1
1790947969202,,,0.0,CNG,,14.9,0,858,40.8
1790947970012,,,0.0,CNG,,14.9,0,859,40.8
1790947970744,,,0.0,CNG,,14.9,0,852,40.8
1790947972213,,,0.0,CNG,,14.9,0,851,38.8
1790947972986,,,0.0,CNG,,14.9,0,856,38.8
1790947973716,,,0.0,CNG,,14.9,0,903,38.8
1790947975278,,,0.0,CNG,,14.9,0,857,23.5
1790947976062,,,0.0,CNG,,14.9,0,854,23.5
1790947976877,,,0.0,CNG,,14.9,0,849,23.5
1790947978499,,,0.0,CNG,,14.9,0,843,23.1
1790947979308,,,0.0,CNG,,14.9,0,845,23.1
1790947980063,,,0.0,CNG,,14.9,0,854,23.1
1790947981578,,,0.0,CNG,,14.9,0,847,37.6
1790947982338,,,0.0,CNG,,14.9,0,859,37.6
1790947983141,,,0.0,CNG,,14.9,0,859,37.6
1790947984572,,,0.0,CNG,,14.9,0,862,40.4
1790947985284,,,0.0,CNG,,14.9,0,853,40.4
1790947986013,,,0.0,CNG,,14.9,0,852,40.4
1790947987573,,,0.0,CNG,,14.9,0,853,40.0
1790947988280,,,0.0,CNG,,14.9,0,849,40.0
1790947989042,,,0.0,CNG,,14.9,0,857,40.0
1790947990479,,,0.0,CNG,,14.9,0,851,34.1
1790947991226,,,0.0,CNG,,14.9,0,895,34.1
1790947991956,,,0.0,CNG,,14.9,0,850,34.1
1790947993477,,,0.0,CNG,,14.9,0,843,23.1
1790947994197,,,0.0,CNG,,14.9,0,855,23.1
1790947994922,,,0.0,CNG,,14.9,0,851,23.1
1790947996392,,,0.0,CNG,,14.9,0,848,29.8
1790947997216,,,0.0,CNG,,14.9,0,856,29.8
1790947998190,,,0.0,CNG,,14.9,0,854,29.8
1790947999628,,,0.0,CNG,,14.9,0,857,43.5
1790948000367,,,0.0,CNG,,14.9,0,860,43.5
1790948001192,,,0.0,CNG,,14.9,0,860,43.5
1790948002732,,,0.0,CNG,,14.9,0,854,40.0
1790948003541,,,0.0,CNG,,14.9,0,855,40.0
1790948004359,,,0.0,CNG,,14.9,0,853,40.0
1790948005899,,,0.0,CNG,,14.9,0,884,23.5
1790948006668,,,0.0,CNG,,14.9,0,841,23.5
1790948007461,,,0.0,CNG,,14.9,0,853,23.5
1790948008902,,,0.0,CNG,,14.9,0,851,23.1
1790948009677,,,0.0,CNG,,14.9,0,850,23.1
1790948010383,,,0.0,CNG,,14.9,0,850,23.1
1790948011904,,,0.0,CNG,,14.9,0,850,23.1
1790948012662,,,0.0,CNG,,14.9,0,851,23.1
1790948013475,,,0.0,CNG,,14.9,0,852,23.1
1790948015073,,,0.0,CNG,,14.9,0,848,39.6
1790948015834,,,0.0,CNG,,14.9,0,857,39.6
1790948016575,,,0.0,CNG,,14.9,0,858,39.6
1790948018367,,,0.0,CNG,,14.9,0,860,40.0
1790948019107,,,0.0,CNG,,14.9,0,858,40.0
1790948019889,,,0.0,CNG,,14.9,0,855,40.0
1790948021398,,,0.0,CNG,,14.9,0,885,23.5
1790948022155,,,0.0,CNG,,14.9,0,853,23.5
1790948022930,,,0.0,CNG,,14.9,0,854,23.5
1790948024506,,,0.0,CNG,,14.9,0,852,23.1
1790948025281,,,0.0,CNG,,14.9,0,851,23.1
1790948026051,,,0.0,CNG,,14.9,0,852,23.1
1790948027592,,,0.0,CNG,,14.9,0,854,23.1
1790948028396,,,0.0,CNG,,14.9,0,849,23.1
1790948029142,,,0.0,CNG,,14.9,0,844,23.1
1790948030673,,,0.0,CNG,,14.9,0,854,38.0
1790948031437,,,0.0,CNG,,14.9,0,856,38.0
1790948032259,,,0.0,CNG,,14.9,0,856,38.0
1790948033769,,,0.0,CNG,,14.9,0,854,40.4
1790948034540,,,0.0,CNG,,14.9,0,852,40.4
1790948035258,,,0.0,CNG,,14.9,0,845,40.4
1790948036735,,,0.0,CNG,,14.9,0,853,24.3
1790948037668,,,0.0,CNG,,14.9,0,864,24.3
1790948038599,,,0.0,CNG,,14.9,0,855,24.3
1790948040032,,,0.0,CNG,,14.9,0,843,23.1
1790948040743,,,0.0,CNG,,14.9,0,848,23.1
1790948041444,,,0.0,CNG,,14.9,0,852,23.1
1790948042952,,,0.0,CNG,,14.9,0,853,29.4
1790948043690,,,0.0,CNG,,14.9,0,851,29.4
1790948044509,,,0.0,CNG,,14.9,0,852,29.4
1790948045987,,,0.0,CNG,,14.9,0,854,43.1
1790948046719,,,0.0,CNG,,14.9,0,857,43.1
1790948047454,,,0.0,CNG,,14.9,0,860,43.1
1790948048923,,,0.0,CNG,,14.9,0,856,40.4
1790948049664,,,0.0,CNG,,14.9,0,852,40.4
1790948050466,,,0.0,CNG,,14.9,0,846,40.4
1790948051909,,,0.0,CNG,,14.9,0,848,40.0
1790948052728,,,0.0,CNG,,14.9,0,853,40.0
1790948053455,,,0.0,CNG,,14.9,0,848,40.0
1790948055100,,,0.0,CNG,,14.9,0,842,23.1
1790948055893,,,0.0,CNG,,14.9,0,854,23.1
1790948056691,,,0.0,CNG,,14.9,0,852,23.1
1790948058367,,,0.0,CNG,,14.9,0,859,23.1
1790948059232,,,0.0,CNG,,14.9,0,850,23.1
1790948059999,,,0.0,CNG,,14.9,0,855,23.1
1790948061541,,,0.0,CNG,,14.9,0,847,38.4
1790948062272,,,0.0,CNG,,14.9,0,854,38.4
1790948063074,,,0.0,CNG,,14.9,0,874,38.4
1790948064561,,,0.0,CNG,,14.9,0,855,39.6
1790948065286,,,0.0,CNG,,,0,856,39.6
1790948065996,,,0.0,CNG,,14.9,0,856,39.6
1790948067465,,,0.0,CNG,,14.9,0,854,38.4
1790948068180,,,0.0,CNG,,14.9,0,891,38.4
1790948068955,,,0.0,CNG,,14.9,0,860,38.4
1790948070493,,,0.0,CNG,,14.9,0,851,23.1
1790948071291,,,0.0,CNG,,14.9,0,849,23.1
1790948072024,,,0.0,CNG,,14.9,0,854,23.1
1790948073527,,,0.0,CNG,,14.9,0,852,23.5
1790948074273,,,0.0,CNG,,14.9,0,857,23.5
1790948075053,,,0.0,CNG,,14.9,0,847,23.5
1790948076525,,,0.0,CNG,,14.9,0,853,30.6
1790948077368,,,0.0,CNG,,14.9,0,852,30.6
1790948078263,,,0.0,CNG,,14.9,0,855,30.6
1790948079733,,,0.0,CNG,,14.9,0,859,43.1
1790948080468,,,0.0,CNG,,14.9,0,867,43.1
1790948081224,,,0.0,CNG,,14.9,0,857,43.1
1790948082808,,,0.0,CNG,,14.9,0,849,40.4
1790948083590,,,0.0,CNG,,14.9,0,854,40.4
1790948084374,,,0.0,CNG,,14.9,0,867,40.4
1790948085894,,,0.0,CNG,,14.9,0,852,23.5
1790948086634,,,0.0,CNG,,14.9,0,851,23.5
1790948087396,,,0.0,CNG,,14.9,0,854,23.5
1790948088888,,,0.0,CNG,,14.9,0,858,23.5
1790948089623,,,0.0,CNG,,14.9,0,849,23.5
1790948090328,,,0.0,CNG,,14.9,0,850,23.5
1790948091862,,,0.0,CNG,,14.9,0,854,28.6
1790948092697,,,0.0,CNG,,14.9,0,854,28.6
1790948093446,,,0.0,CNG,,14.9,0,850,28.6
1790948094976,,,0.0,CNG,,14.9,0,854,42.7
1790948095744,,,0.0,CNG,,14.9,0,840,42.7
1790948096512,,,0.0,CNG,,14.9,0,859,42.7
1790948098374,,,0.0,CNG,,14.9,0,848,40.4
1790948099141,,,0.0,CNG,,14.9,0,850,40.4
1790948099916,,,0.0,CNG,,14.9,0,852,40.4
1790948101369,,,0.0,CNG,,14.9,0,885,23.9
1790948102172,,,0.0,CNG,,14.9,0,852,23.9
1790948102957,,,0.0,CNG,,14.9,0,849,23.9
1790948104448,,,0.0,CNG,,14.9,0,852,23.1
1790948105177,,,0.0,CNG,,14.9,0,850,23.1
1790948105934,,,0.0,CNG,,14.9,0,851,23.1
1790948107435,,,0.0,CNG,,14.9,0,849,36.1
1790948108212,,,0.0,CNG,,14.9,0,851,36.1
1790948108911,,,0.0,CNG,,14.9,0,856,36.1
1790948110396,,,0.0,CNG,,14.9,0,860,40.4
1790948111198,,,0.0,CNG,,14.9,0,855,40.4
1790948111978,,,0.0,CNG,,14.9,0,854,40.4
1790948113451,,,0.0,CNG,,14.9,0,847,39.6
1790948114219,,,0.0,CNG,,14.9,0,858,39.6
1790948114937,,,0.0,CNG,,14.9,0,848,39.6
1790948116438,,,0.0,CNG,,14.9,0,848,36.9
1790948117181,,,0.0,CNG,,14.9,0,895,36.9
1790948118258,,,0.0,CNG,,14.9,0,854,36.9
1790948119754,,,0.0,CNG,,14.9,0,852,22.7
1790948120539,,,0.0,CNG,,14.9,0,856,22.7
1790948121332,,,0.0,CNG,,14.9,0,848,22.7
1790948122828,,,0.0,CNG,,14.9,0,850,32.9
1790948123586,,,0.0,CNG,,14.9,0,851,32.9
1790948124381,,,0.0,CNG,,14.9,0,855,32.9
1790948125882,,,0.0,CNG,,14.9,0,856,42.4
1790948126685,,,0.0,CNG,,14.9,0,853,42.4
1790948127447,,,0.0,CNG,,14.9,0,861,42.4
1790948128981,,,0.0,CNG,,14.9,0,850,40.8
1790948129779,,,0.0,CNG,,14.9,0,851,40.8
1790948130575,,,0.0,CNG,,14.9,0,830,40.8
1790948132055,,,0.0,CNG,,14.9,0,868,23.5
1790948132820,,,0.0,CNG,,14.9,0,851,23.5
1790948133614,,,0.0,CNG,,14.9,0,860,23.5
1790948135118,,,0.0,CNG,,14.9,0,849,23.1
1790948135886,,,0.0,CNG,,14.9,0,855,23.1
1790948136619,,,0.0,CNG,,14.9,0,854,23.1
1790948138500,,,0.0,CNG,,14.9,0,849,24.3
1790948139308,,,0.0,CNG,,14.9,0,849,24.3
1790948140030,,,0.0,CNG,,14.9,0,851,24.3
1790948141563,,,0.0,CNG,,14.9,0,855,41.2
1790948142320,,,0.0,CNG,,14.9,0,859,41.2
1790948143064,,,0.0,CNG,,14.9,0,871,41.2
1790948144565,,,0.0,CNG,,14.9,0,859,40.4
1790948145340,,,0.0,CNG,,14.9,0,859,40.4
1790948146097,,,0.0,CNG,,14.9,0,844,40.4
1790948147605,,,0.0,CNG,,14.9,0,867,23.9
1790948148380,,,0.0,CNG,,14.9,0,864,23.9
1790948149195,,,0.0,CNG,,14.9,0,854,23.9
1790948150689,,,0.0,CNG,,14.9,0,847,23.1
1790948151415,,,0.0,CNG,,14.9,0,854,23.1
1790948152145,,,0.0,CNG,,14.9,0,847,23.1
1790948153658,,,0.0,CNG,,14.9,0,851,23.1
1790948154431,,,0.0,CNG,,25.5,0,852,23.1
1790948155253,,,0.0,CNG,,14.9,0,1307,23.1
1790948156752,,,0.0,CNG,,14.9,0,1445,28.6
1790948157558,,,0.0,CNG,,14.9,0,1206,28.6
1790948158543,,,0.0,CNG,,14.9,0,1045,28.6
1790948160095,,,0.0,CNG,,14.9,0,925,40.0
1790948160878,,,0.0,CNG,,14.9,0,858,40.0
1790948161693,,,0.0,CNG,,14.9,0,869,40.0
1790948163157,,,0.0,CNG,,14.9,0,891,23.5
1790948163934,,,0.0,CNG,,14.9,0,861,23.5
1790948164667,,,0.0,CNG,,14.9,0,849,23.5
1790948166210,,,0.0,CNG,,14.9,0,851,22.7
1790948166946,,,0.0,CNG,,14.9,0,848,22.7
1790948167779,,,0.0,CNG,,14.9,0,850,22.7
1790948169229,,,0.0,CNG,,14.9,0,853,30.2
1790948170004,,,0.0,CNG,,14.9,0,845,30.2
1790948170795,,,0.0,CNG,,14.9,0,852,30.2
1790948172274,,,0.0,CNG,,14.9,0,857,43.5
1790948173037,,,0.0,CNG,,14.9,0,856,43.5
1790948173813,,,0.0,CNG,,14.9,0,858,43.5
1790948175351,,,0.0,CNG,,14.9,0,853,40.4
1790948176108,,,0.0,CNG,,14.9,0,851,40.4
1790948176872,,,0.0,CNG,,14.9,0,852,40.4
1790948178713,,,0.0,CNG,,14.9,0,833,23.9
1790948179466,,,0.0,CNG,,14.9,0,853,23.9
1790948180223,,,0.0,CNG,,14.9,0,845,23.9
1790948181662,,,0.0,CNG,,14.9,0,848,23.1
1790948182412,,,0.0,CNG,,14.9,0,847,23.1
1790948183148,,,0.0,CNG,,14.9,0,853,23.1
1790948184733,,,0.0,CNG,,14.9,0,852,29.0
1790948185546,,,0.0,CNG,,14.9,0,870,29.0
1790948186306,,,0.0,CNG,,14.9,0,852,29.0
1790948187789,,,0.0,CNG,,14.9,0,860,42.7
1790948188581,,,0.0,CNG,,14.9,0,857,42.7
1790948189315,,,0.0,CNG,,14.9,0,854,42.7
1790948190889,,,0.0,CNG,,14.9,0,850,40.0
1790948191620,,,0.0,CNG,,14.9,0,851,40.0
1790948192361,,,0.0,CNG,,14.9,0,855,40.0
1790948193859,,,0.0,CNG,,14.9,0,885,23.9
1790948194625,,,0.0,CNG,,14.9,0,854,23.9
1790948195415,,,0.0,CNG,,14.9,0,854,23.9
1790948196936,,,0.0,CNG,,14.9,0,850,23.1
1790948197912,,,0.0,CNG,,14.9,0,851,23.1
1790948198682,,,0.0,CNG,,14.9,0,854,23.1
1790948200132,,,0.0,CNG,,14.9,0,848,23.1
1790948200911,,,0.0,CNG,,14.9,0,850,23.1
1790948201675,,,0.0,CNG,,14.9,0,849,23.1
1790948203168,,,0.0,CNG,,14.9,0,854,40.4
1790948203926,,,0.0,CNG,,14.9,0,860,40.4
1790948204676,,,0.0,CNG,,14.9,0,859,40.4
1790948206115,,,0.0,CNG,,14.9,0,850,40.4
1790948206870,,,0.0,CNG,,14.9,0,847,40.4
1790948207615,,,0.0,CNG,,14.9,0,858,40.4
1790948209155,,,0.0,CNG,,14.9,0,877,23.9
1790948209876,,,0.0,CNG,,14.9,0,855,23.9
1790948210647,,,0.0,CNG,,14.9,0,851,23.9
1790948212148,,,0.0,CNG,,14.9,0,852,23.1
1790948212920,,,0.0,CNG,,14.9,0,851,23.1
1790948213706,,,0.0,CNG,,14.9,0,848,23.1
1790948215230,,,0.0,CNG,,14.9,0,848,23.1
1790948215959,,,0.0,CNG,,14.9,0,842,23.1
1790948216778,,,0.0,CNG,,14.9,0,853,23.1
1790948218519,,,0.0,CNG,,14.9,0,847,41.2
1790948219266,,,0.0,CNG,,14.9,0,864,41.2
1790948220050,,,0.0,CNG,,14.9,0,856,41.2
1790948221592,,,0.0,CNG,,14.9,0,859,40.0
1790948222324,,,0.0,CNG,,14.9,0,858,40.0
1790948223082,,,0.0,CNG,,14.9,0,859,40.0
1790948224517,,,0.0,CNG,,14.9,0,859,23.5
1790948225345,,,0.0,CNG,,14.9,0,868,23.5
1790948226102,,,0.0,CNG,,14.9,0,857,23.5
1790948227586,,,0.0,CNG,,14.9,0,848,23.1
1790948228311,,,0.0,CNG,,14.9,0,847,23.1
1790948229014,,,0.0,CNG,,14.9,0,847,23.1
1790948230497,,,0.0,CNG,,14.9,0,848,29.4
1790948231234,,,0.0,CNG,,14.9,0,870,29.4
1790948232001,,,0.0,CNG,,14.9,0,846,29.4
1790948233472,,,0.0,CNG,,14.9,0,857,42.0
1790948234282,,,0.0,CNG,,14.9,0,856,42.0
1790948235008,,,0.0,CNG,,14.9,0,854,42.0
1790948236452,,,0.0,CNG,,14.9,0,855,40.0
1790948237197,,,0.0,CNG,,14.9,0,853,40.0
1790948238179,,,0.0,CNG,,14.9,0,858,40.0
1790948239780,,,0.0,CNG,,14.9,0,859,22.7
1790948240556,,,0.0,CNG,,14.9,0,865,22.7
1790948241303,,,0.0,CNG,,14.9,0,854,22.7
1790948242736,,,0.0,CNG,,14.9,0,858,22.7
1790948243524,,,0.0,CNG,,14.9,0,850,22.7
1790948244309,,,0.0,CNG,,14.9,0,848,22.7
1790948245875,,,0.0,CNG,,14.9,0,850,22.7
1790948246668,,,0.0,CNG,,14.9,0,848,22.7
1790948247414,,,0.0,CNG,,14.9,0,856,22.7
1790948248872,,,0.0,CNG,,14.9,0,854,40.0
1790948249607,,,0.0,CNG,,14.9,0,858,40.0
1790948250319,,,0.0,CNG,,14.9,0,855,40.0
1790948251875,,,0.0,CNG,,14.9,0,859,39.6
1790948252611,,,0.0,CNG,,14.9,0,851,39.6
1790948253345,,,0.0,CNG,,14.9,0,850,39.6
1790948254883,,,0.0,CNG,,14.9,0,818,23.1
1790948255630,,,0.0,CNG,,14.9,0,851,23.1
1790948256356,,,0.0,CNG,,14.9,0,853,23.1
1790948258289,,,0.0,CNG,,14.9,0,852,23.1
1790948259006,,,0.0,CNG,,14.9,0,850,23.1
1790948259743,,,0.0,CNG,,14.9,0,850,23.1
1790948261159,,,0.0,CNG,,14.9,0,857,23.1
1790948261921,,,0.0,CNG,,14.9,0,853,23.1
1790948262720,,,0.0,CNG,,14.9,0,846,23.1
1790948264217,,,0.0,CNG,,14.9,0,856,36.1
1790948264949,,,0.0,CNG,,14.9,0,855,36.1
1790948265680,,,0.0,CNG,,14.9,0,850,36.1
1790948267102,,,0.0,CNG,,14.9,0,864,41.2
1790948267941,,,0.0,CNG,,14.9,0,856,41.2
1790948268709,,,0.0,CNG,,14.9,0,851,41.2
1790948270270,,,0.0,CNG,,14.9,0,851,23.9
1790948271064,,,0.0,CNG,,14.9,0,864,23.9
1790948271884,,,0.0,CNG,,14.9,0,844,23.9
1790948273344,,,0.0,CNG,,14.9,0,853,23.1
1790948274167,,,0.0,CNG,,14.9,0,850,23.1
1790948274895,,,0.0,CNG,,14.9,0,852,23.1
1790948276366,,,0.0,CNG,,14.9,0,847,23.1
1790948277106,,,0.0,CNG,,14.9,0,850,23.1
1790948278132,,,0.0,CNG,,14.9,0,857,23.1
1790948279706,,,0.0,CNG,,14.9,0,854,36.9
1790948280477,,,0.0,CNG,,14.9,0,854,36.9
1790948281208,,,0.0,CNG,,14.9,0,860,36.9
1790948282728,,,0.0,CNG,,14.9,0,858,40.4
1790948283495,,,0.0,CNG,,14.9,0,854,40.4
1790948284253,,,0.0,CNG,,14.9,0,853,40.4
1790948285813,,,0.0,CNG,,14.9,0,857,40.0
1790948286658,,,0.0,CNG,,14.9,0,829,40.0
1790948287469,,,0.0,CNG,,14.9,0,875,40.0
1790948288980,,,0.0,CNG,,14.9,0,853,23.1
1790948289764,,,0.0,CNG,,14.9,0,852,23.1
1790948290556,,,0.0,CNG,,14.9,0,848,23.1
1790948292134,,,0.0,CNG,,14.9,0,847,23.1
1790948292876,,,0.0,CNG,,14.9,0,846,23.1
1790948293653,,,0.0,CNG,,14.9,0,856,23.1
1790948295146,,,0.0,CNG,,14.9,0,854,41.2
1790948295894,,,0.0,CNG,,14.9,0,860,41.2
1790948296615,,,0.0,CNG,,14.9,0,861,41.2
1790948298574,,,0.0,CNG,,14.9,0,853,39.6
1790948299348,,,0.0,CNG,,14.9,0,849,39.6
1790948300077,,,0.0,CNG,,14.9,0,854,39.6
1790948301526,,,0.0,CNG,,14.9,0,851,40.0
1790948302296,,,0.0,CNG,,14.9,0,848,40.0
1790948303072,,,0.0,CNG,,14.9,0,839,40.0
1790948304568,,,0.0,CNG,,14.9,0,867,23.1
1790948305375,,,0.0,CNG,,14.9,0,851,23.1
1790948306159,,,0.0,CNG,,14.9,0,848,23.1
1790948307686,,,0.0,CNG,,14.9,0,852,36.5
1790948308401,,,0.0,CNG,,14.9,0,1032,36.5
1790948309193,,,0.0,CNG,,14.9,0,865,36.5
1790948310630,,,0.0,CNG,,20.0,0,865,35.3
1790948311360,,,0.0,CNG,,14.9,0,1602,35.3
1790948312071,,,0.0,CNG,,14.9,0,1422,35.3
1790948313518,,,0.0,CNG,,14.9,0,1451,29.4
1790948314259,,,0.0,CNG,,14.9,0,1159,29.4
1790948314993,,,0.0,CNG,,14.9,0,1024,29.4
1790948316460,,,0.0,CNG,,14.9,0,934,21.2
1790948317206,,,0.0,CNG,,14.9,0,871,21.2
1790948318292,,,0.0,CNG,,14.9,0,868,21.2
1790948319784,,,0.0,CNG,,14.9,0,867,23.1
1790948320527,,,0.0,CNG,,14.9,0,861,23.1
1790948321255,,,0.0,CNG,,14.9,0,853,23.1
1790948322664,,,0.0,CNG,,14.9,0,858,23.1
1790948323449,,,0.0,CNG,,14.9,0,861,23.1
1790948324177,,,0.0,CNG,,14.9,0,859,23.1
1790948325725,,,0.0,CNG,,14.9,0,854,22.7
1790948326454,,,0.0,CNG,,14.9,0,848,22.7
1790948327263,,,0.0,CNG,,14.9,0,851,22.7
1790948328710,,,0.0,CNG,,14.9,0,851,36.1
1790948329449,,,0.0,CNG,,14.9,0,856,36.1
1790948330209,,,0.0,CNG,,14.9,0,850,36.1
1790948331692,,,0.0,CNG,,14.9,0,857,41.2
1790948332428,,,0.0,CNG,,14.9,0,856,41.2
1790948333192,,,0.0,CNG,,14.9,0,858,41.2
1790948334678,,,0.0,CNG,,14.9,0,842,23.5
1790948335422,,,0.0,CNG,,14.9,0,853,23.5
1790948336192,,,0.0,CNG,,14.9,0,853,23.5
1790948337795,,,0.0,CNG,,14.9,0,848,22.7
1790948338700,,,0.0,CNG,,14.9,0,846,22.7
1790948339519,,,0.0,CNG,,14.9,0,849,22.7
1790948341057,,,0.0,CNG,,14.9,0,850,23.1
1790948341796,,,0.0,CNG,,14.9,0,853,23.1
1790948342531,,,0.0,CNG,,14.9,0,847,23.1
1790948344095,,,0.0,CNG,,14.9,0,840,35.3
1790948344817,,,0.0,CNG,,14.9,0,856,35.3
1790948345600,,,0.0,CNG,,14.9,0,859,35.3
1790948347050,,,0.0,CNG,,14.9,0,858,42.0
1790948347811,,,0.0,CNG,,14.9,0,855,42.0
1790948348529,,,0.0,CNG,,14.9,0,857,42.0
1790948350037,,,0.0,CNG,,14.9,0,858,27.1
1790948350839,,,0.0,CNG,,14.9,0,871,27.1
1790948351612,,,0.0,CNG,,14.9,0,853,27.1
1790948353084,,,0.0,CNG,,14.9,0,855,22.7
1790948353839,,,0.0,CNG,,14.9,0,852,22.7
1790948354582,,,0.0,CNG,,14.9,0,846,22.7
1790948356080,,,0.0,CNG,,14.9,0,845,23.5
1790948356855,,,0.0,CNG,,14.9,0,852,23.5
1790948357631,,,0.0,CNG,,14.9,0,850,23.5
1790948359127,,,0.0,CNG,,14.9,0,852,40.4
1790948359876,,,0.0,CNG,,14.9,0,869,40.4
1790948360615,,,0.0,CNG,,14.9,0,867,40.4
1790948362055,,,0.0,CNG,,14.9,0,860,40.0
1790948362794,,,0.0,CNG,,14.9,0,851,40.0
1790948363533,,,0.0,CNG,,14.9,0,845,40.0
1790948364960,,,0.0,CNG,,14.9,0,853,40.0
1790948365732,,,0.0,CNG,,14.9,0,853,40.0
1790948366433,,,0.0,CNG,,14.9,0,856,40.0
1790948367949,,,0.0,CNG,,14.9,0,853,40.4
1790948368665,,,0.0,CNG,,14.9,0,853,40.4
1790948369412,,,0.0,CNG,,14.9,0,850,40.4
1790948370844,,,0.0,CNG,,14.9,0,852,40.4
1790948371672,,,0.0,CNG,,14.9,0,853,40.4
1790948372440,,,0.0,CNG,,14.9,0,848,40.4
1790948373901,,,0.0,CNG,,14.9,0,855,25.5
1790948374649,,,0.0,CNG,,14.9,0,872,25.5
1790948375483,,,0.0,CNG,,14.9,0,853,25.5
1790948376891,,,0.0,CNG,,14.9,0,860,22.7
1790948377661,,,0.0,CNG,,14.9,0,848,22.7
1790948378576,,,0.0,CNG,,14.9,0,844,22.7
1790948380073,,,0.0,CNG,,14.9,0,855,34.1
1790948380768,,,0.0,CNG,,14.9,0,854,34.1
1790948381578,,,0.0,CNG,,14.9,0,854,34.1
1790948383082,,,0.0,CNG,,14.9,0,858,43.1
1790948383884,,,0.0,CNG,,14.9,0,862,43.1
1790948384630,,,0.0,CNG,,14.9,0,845,43.1
1790948386166,,,0.0,CNG,,14.9,0,848,40.8
1790948386897,,,0.0,CNG,,14.9,0,858,40.8
1790948387684,,,0.0,CNG,,14.9,0,833,40.8
1790948389247,,,0.0,CNG,,14.9,0,866,24.3
1790948390001,,,0.0,CNG,,14.9,0,861,24.3
1790948390781,,,0.0,CNG,,14.9,0,857,24.3
1790948392336,,,0.0,CNG,,14.9,0,849,24.3
1790948393328,,,0.0,CNG,,14.9,0,859,24.3
1790948394393,,,0.0,CNG,,14.9,0,858,24.3
1790948396205,,,0.0,CNG,,14.9,0,848,29.4
1790948397092,,,0.0,CNG,,14.9,0,864,29.4
1790948398425,,,0.0,CNG,,14.9,0,857,29.4
1790948400739,,,0.0,CNG,,14.9,0,853,41.6
1790948401636,,,0.0,CNG,,14.9,0,855,41.6
1790948402510,,,0.0,CNG,,14.9,0,852,41.6
1790948404360,,,,CNG,,14.9,0,818,24.7
1790948405328,,,0.0,CNG,,14.9,0,853,24.7
1790948406365,,,0.0,CNG,,14.9,0,863,24.7
1790948408284,,,0.0,CNG,,14.9,0,859,23.1
1790948409309,,,0.0,CNG,,14.9,0,850,23.1
1790948410184,,,0.0,CNG,,14.9,0,854,23.1
1790948412023,,,0.0,CNG,,14.9,0,851,34.1
1790948412930,,,0.0,CNG,,14.9,0,852,34.1
1790948413865,,,0.0,CNG,,14.9,0,856,34.1
1790948415690,,,0.0,CNG,,14.9,0,856,40.8
1790948416723,,,0.0,CNG,,14.9,0,849,40.8
1790948417605,,,0.0,CNG,,14.9,0,854,40.8
1790948419739,,,0.0,CNG,,14.9,0,850,27.8
1790948420736,,,0.0,CNG,,14.9,0,855,27.8
1790948421688,,,1.0,CNG,,14.9,,865,27.8
1790948423539,,,0.0,CNG,,14.9,0,859,27.1
1790948424423,,,1.0,CNG,,14.9,,862,27.1
1790948425501,,,0.0,CNG,,22.4,0,892,27.1
1790948427521,,,0.0,CNG,,16.1,0,1124,54.5
1790948428521,,,1.0,CNG,,30.6,,963,54.5
1790948429614,,,1.0,CNG,,14.9,,1192,54.5
1790948431612,,,1.0,CNG,,14.9,,1029,39.6
1790948432597,,,0.0,CNG,,14.9,0,863,39.6
1790948433364,,,0.0,CNG,,14.9,0,859,39.6
1790948434991,,,0.0,CNG,,14.9,0,859,47.1
1790948435806,,,0.0,CNG,,14.9,0,856,47.1
1790948436545,,,0.0,CNG,,14.9,0,865,47.1
1790948438182,,,0.0,CNG,,14.9,0,858,32.2
1790948439009,,,0.0,CNG,,16.1,0,884,32.2
1790948439890,,,0.0,CNG,,14.9,0,803,32.2
1790948441548,,,1.0,CNG,,14.9,,902,25.9
1790948442371,,,0.0,CNG,,14.9,0,785,25.9
1790948443163,,,0.0,CNG,,23.1,0,854,25.9
1790948444755,,,1.0,CNG,,14.9,,874,67.1
1790948445554,,,1.0,CNG,,14.9,,1201,67.1
1790948446318,,,1.0,CNG,,14.9,,1013,67.1
1790948447849,,,0.0,CNG,,14.9,0,950,63.1
1790948448633,,,1.0,CNG,,14.9,,1118,63.1
1790948449440,,,1.0,CNG,,14.9,,932,63.1
1790948451156,,,1.0,CNG,,28.6,,866,57.3
1790948451972,,,1.0,CNG,,25.1,,902,57.3
1790948452701,,,1.0,CNG,,17.6,,1203,57.3
1790948454153,,,1.0,CNG,,15.7,,1130,36.1
1790948454885,,,1.0,CNG,,14.9,,940,36.1
1790948455668,,,0.0,CNG,,21.2,0,898,36.1
1790948457232,,,0.0,CNG,,20.8,0,1054,26.7
1790948458042,,,3.0,CNG,,14.9,,857,26.7
1790948458896,,,3.0,CNG,,18.8,,830,26.7
1790948460599,,,3.0,CNG,,24.7,,1077,59.6
1790948461423,,,7.0,CNG,3.32,37.6,1,994,59.6
1790948462213,,,11.0,CNG,4.09,14.9,1,1520,59.6
1790948463720,,,12.0,CNG,6.43,14.9,,1457,32.5
1790948464450,,,12.0,CNG,9.87,17.6,2,889,32.5
1790948465239,,,12.0,CNG,13.39,14.9,2,916,32.5
1790948466753,,,12.0,CNG,16.94,14.9,2,872,28.6
1790948467564,,,9.0,CNG,16.54,14.9,,867,28.6
1790948468332,,,8.0,CNG,16.33,14.9,,879,28.6
1790948469855,,,7.0,CNG,14.88,14.9,1,871,31.0
1790948470581,,,3.0,CNG,5.29,29.0,,871,31.0
1790948471345,,,3.0,CNG,3.66,24.3,,1396,31.0
1790948472888,,,5.0,CNG,3.68,24.3,,1139,51.4
1790948473699,,,7.0,CNG,5.07,15.3,1,959,51.4
1790948474476,,,6.0,CNG,5.70,14.9,1,920,51.4
1790948476060,,,6.0,CNG,6.16,14.9,1,882,60.4
1790948476849,,,6.0,CNG,6.20,22.7,1,826,60.4
1790948477592,,,5.0,CNG,4.86,28.6,,945,60.4
1790948479296,,,7.0,CNG,5.32,25.1,,1127,22.7
1790948480233,,,3.0,CNG,5.49,30.6,,895,22.7
1790948481021,,,3.0,CNG,3.76,23.5,,1592,22.7
1790948482532,,,7.0,CNG,5.38,24.3,1,888,37.6
1790948483243,,,10.0,CNG,5.92,38.8,1,1357,37.6
1790948483991,,,12.0,CNG,8.50,14.9,1,1702,37.6
1790948485467,,,11.0,CNG,10.81,14.9,1,1503,25.9
1790948486266,,,8.0,CNG,5.59,34.5,1,1237,25.9
1790948486988,,,10.0,CNG,5.20,41.6,1,1322,25.9
1790948488472,,,12.0,CNG,4.32,44.3,1,1778,32.5
1790948489251,,,14.0,CNG,5.58,28.2,,1488,32.5
1790948489979,,,16.0,CNG,7.37,28.2,2,1147,32.5
1790948491393,,,18.0,CNG,8.90,28.2,2,1334,54.1
1790948492149,,,20.0,CNG,10.60,25.9,2,1489,54.1
1790948492896,,,20.0,CNG,10.77,33.3,2,1565,54.1
1790948494332,,,22.0,CNG,11.84,14.9,2,1649,19.2
1790948495078,,,22.0,CNG,18.21,14.9,3,997,19.2
1790948495840,,,21.0,CNG,24.34,14.9,4,877,19.2
1790948497302,,,19.0,CNG,27.77,,3,868,31.4
1790948498065,,,17.0,CNG,29.35,14.9,3,877,31.4
1790948498912,,,16.0,CNG,29.42,14.9,3,880,31.4
1790948500674,,,13.0,CNG,27.94,14.9,,869,29.4
1790948501450,,,9.0,CNG,24.22,14.9,,870,29.4
1790948502172,,,7.0,CNG,20.04,14.9,1,879,29.4
1790948503680,,,4.0,CNG,14.01,14.9,,861,40.4
1790948504424,,,2.0,CNG,8.33,14.9,,866,40.4
1790948505208,,,1.0,CNG,5.03,14.9,,855,40.4
1790948506703,,,1.0,CNG,,14.9,,857,50.6
1790948507448,,,0.0,CNG,,14.9,0,853,50.6
1790948508288,,,0.0,CNG,,14.9,0,860,50.6
1790948509841,,,0.0,CNG,,14.9,0,859,34.5
1790948510647,,,0.0,CNG,,14.9,0,1015,34.5
1790948511401,,,0.0,CNG,,14.9,0,871,34.5
1790948512896,,,0.0,CNG,,23.1,0,871,23.1
1790948513686,,,0.0,CNG,,21.6,0,1046,23.1
1790948514431,,,0.0,CNG,,21.6,0,1484,23.1
1790948515885,,,0.0,CNG,,14.9,0,1647,35.3
1790948516699,,,0.0,CNG,,20.4,0,1224,35.3
1790948517474,,,0.0,CNG,,22.7,0,1372,35.3
1790948518991,,,0.0,CNG,,23.5,0,1602,35.3
1790948519928,,,0.0,CNG,,18.0,0,2003,35.3
1790948520767,,,0.0,CNG,,24.3,0,1526,35.3
1790948522304,,,0.0,CNG,,21.6,0,1798,31.4
1790948523133,,,0.0,CNG,,20.8,0,1731,31.4
1790948523887,,,0.0,CNG,,20.8,0,1665,31.4
1790948525416,,,0.0,CNG,,24.3,0,1612,36.9
1790948526221,,,1.0,CNG,,14.9,,1253,36.9
1790948526966,,,2.0,CNG,,23.5,,1189,36.9
1790948528433,,,3.0,CNG,,14.9,,1218,31.8
1790948529228,,,5.0,CNG,4.61,14.9,,926,31.8
1790948530024,,,5.0,CNG,6.40,14.9,,878,31.8
1790948531519,,,5.0,CNG,7.60,14.9,,871,35.3
1790948532270,,,5.0,CNG,7.58,22.4,,1112,35.3
1790948533053,,,6.0,CNG,8.31,22.0,1,919,35.3
1790948534610,,,7.0,CNG,9.13,22.0,1,1054,28.6
1790948535355,,,9.0,CNG,10.35,22.0,1,1294,28.6
1790948536102,,,10.0,CNG,11.18,14.9,1,1402,28.6
1790948537694,,,10.0,CNG,10.49,14.9,,1177,39.2
1790948538437,,,9.0,CNG,9.64,18.4,,936,39.2
1790948539363,,,9.0,CNG,10.12,14.9,,964,39.2
1790948540941,,,9.0,CNG,10.13,14.9,,918,45.9
1790948541712,,,5.0,CNG,8.45,23.1,,1031,45.9
1790948542467,,,6.0,CNG,6.49,34.1,,987,45.9
1790948544031,,,6.0,CNG,4.53,33.7,,1575,43.5
1790948544837,,,9.0,CNG,5.72,25.5,1,1329,43.5
1790948545583,,,11.0,CNG,10.39,14.9,2,837,43.5
1790948547090,,,10.0,CNG,14.31,14.9,,887,23.9
1790948547864,,,7.0,CNG,14.03,14.9,1,876,23.9
1790948548597,,,7.0,CNG,13.25,14.9,1,881,23.9
1790948550104,,,5.0,CNG,11.31,14.9,,876,49.0
1790948550843,,,4.0,CNG,5.89,27.1,,1318,49.0
1790948551585,,,5.0,CNG,4.46,27.1,,1295,49.0
1790948553116,,,7.0,CNG,4.66,26.7,,1129,57.3
1790948553930,,,9.0,CNG,6.71,27.1,,993,57.3
1790948554665,,,10.0,CNG,6.58,27.5,,1145,57.3
1790948556192,,,11.0,CNG,7.24,24.3,1,1368,40.8
1790948556976,,,12.0,CNG,9.80,14.9,2,865,40.8
1790948557836,,,11.0,CNG,12.29,14.9,2,883,40.8
1790948559548,,,9.0,CNG,12.97,28.6,,882,46.3
1790948560357,,,11.0,CNG,14.03,14.9,,1054,46.3
1790948561059,,,11.0,CNG,16.89,14.9,2,861,46.3
1790948562559,,,10.0,CNG,17.28,14.9,,891,50.6
1790948563338,,,10.0,CNG,11.79,25.5,,1133,50.6
1790948564108,,,11.0,CNG,13.92,14.9,2,830,50.6
1790948565643,,,11.0,CNG,14.93,14.9,2,852,41.6
1790948566381,,,9.0,CNG,13.18,14.9,,866,41.6
1790948567138,,,8.0,CNG,11.61,14.9,,863,41.6
1790948568678,,,7.0,CNG,9.97,14.9,1,860,50.6
1790948569414,,,5.0,CNG,8.34,14.9,,862,50.6
1790948570185,,,5.0,CNG,5.42,25.9,,866,50.6
1790948571678,,,5.0,CNG,5.65,14.9,,1300,42.7
1790948572430,,,6.0,CNG,6.35,14.9,,1323,42.7
1790948573201,,,6.0,CNG,6.93,14.9,,1104,42.7
1790948574724,,,5.0,CNG,6.67,26.7,,970,38.8
1790948575445,,,4.0,CNG,6.10,14.9,,978,38.8
1790948576200,,,2.0,CNG,4.57,14.9,,924,38.8
1790948577656,,,1.0,CNG,,14.9,,925,38.4
1790948578437,,,0.0,CNG,,14.9,0,889,38.4
1790948579303,,,0.0,CNG,,14.9,0,878,38.4
1790948580952,,,0.0,CNG,,28.6,0,882,29.4
1790948581739,,,3.0,CNG,,14.9,,1057,29.4
1790948582532,,,2.0,CNG,,20.4,,904,29.4
1790948584029,,,2.0,CNG,,14.9,,1109,25.5
1790948584780,,,4.0,CNG,,14.9,,907,25.5
1790948585484,,,3.0,CNG,,14.9,,860,25.5
1790948586927,,,2.0,CNG,,14.9,,862,49.8
1790948587635,,,2.0,CNG,,14.9,,1040,49.8
1790948588414,,,1.0,CNG,,14.9,,922,49.8
1790948589904,,,1.0,CNG,,32.9,,878,51.4
1790948590685,,,3.0,CNG,,17.6,,1726,51.4
1790948591415,,,4.0,CNG,,19.2,,1247,51.4
1790948592915,,,4.0,CNG,3.95,19.6,,1150,18.0
1790948593653,,,4.0,CNG,5.19,19.6,,1179,18.0
1790948594491,,,4.0,CNG,6.23,19.6,,1169,18.0
1790948596098,,,4.0,CNG,7.00,19.2,,1158,23.5
1790948596873,,,4.0,CNG,7.49,14.9,,859,23.5
1790948597612,,,1.0,CNG,,16.1,,859,23.5
1790948599247,,,1.0,CNG,,26.3,,990,33.7
1790948600132,,,4.0,CNG,,22.0,,1142,33.7
1790948600881,,,5.0,CNG,4.19,21.6,,1300,33.7
1790948602344,,,5.0,CNG,4.33,22.4,,1425,34.5
1790948603077,,,7.0,CNG,5.69,22.4,,1111,34.5
1790948603827,,,8.0,CNG,6.59,26.3,1,1070,34.5
1790948605401,,,9.0,CNG,5.40,37.6,1,1247,67.8
1790948606153,,,14.0,CNG,8.51,18.0,,1691,67.8
1790948606986,,,14.0,CNG,11.11,28.2,,1365,67.8
1790948608440,,,15.0,CNG,12.53,27.5,2,1179,36.1
1790948609240,,,17.0,CNG,15.32,14.9,2,1256,36.1
1790948610010,,,17.0,CNG,21.15,14.9,,1132,36.1
1790948611496,,,14.0,CNG,24.25,14.9,,939,28.2
1790948612223,,,14.0,CNG,24.88,27.5,,877,28.2
1790948613011,,,14.0,CNG,18.13,27.8,2,1111,28.2
1790948614511,,,16.0,CNG,16.80,29.0,2,1221,42.7
1790948615303,,,19.0,CNG,16.01,28.6,2,1410,42.7
1790948616035,,,20.0,CNG,19.37,14.9,2,1492,42.7
1790948617573,,,20.0,CNG,23.04,14.9,3,1058,31.8
1790948618339,,,17.0,CNG,24.02,14.9,3,858,31.8
1790948619177,,,12.0,CNG,21.21,14.9,2,862,31.8
1790948620816,,,8.0,CNG,16.49,25.1,,861,74.9
1790948621563,,,10.0,CNG,11.63,14.9,2,771,74.9
1790948622377,,,10.0,CNG,11.88,14.9,,909,74.9
1790948623906,,,7.0,CNG,10.51,14.9,,842,58.8
1790948624672,,,8.0,CNG,8.89,29.0,1,1047,58.8
1790948625452,,,11.0,CNG,9.38,29.0,2,798,58.8
1790948626921,,,12.0,CNG,9.83,31.8,2,929,57.3
1790948627732,,,16.0,CNG,10.23,36.1,2,1228,57.3
1790948628450,,,19.0,CNG,10.79,36.5,2,1383,57.3
1790948629949,,,21.0,CNG,11.16,36.1,2,1561,53.3
1790948630694,,,24.0,CNG,18.80,14.9,,1626,53.3
1790948631444,,,23.0,CNG,26.59,14.9,,1039,53.3
1790948633002,,,21.0,CNG,28.93,31.4,,940,70.6
1790948633730,,,23.0,CNG,20.13,35.7,3,1130,70.6
1790948634449,,,24.0,CNG,16.34,35.7,3,1207,70.6
1790948635972,,,26.0,CNG,15.67,35.7,3,1290,66.7
1790948636849,,,29.0,CNG,12.16,44.7,3,1461,66.7
1790948637612,,,31.0,CNG,11.26,14.9,3,1566,66.7
1790948639229,,,32.0,CNG,16.91,14.9,3,1670,22.7
1790948640107,,,30.0,CNG,21.55,22.4,3,1545,22.7
1790948640832,,,30.0,CNG,29.30,14.9,3,1444,22.7
1790948642385,,,28.0,CNG,38.06,14.9,4,1018,24.7
1790948643134,,,26.0,CNG,36.13,27.1,4,931,24.7
1790948643879,,,26.0,CNG,24.44,31.8,2,1955,24.7
1790948645461,,,27.0,CNG,19.23,34.1,2,2021,34.9
1790948646231,,,29.0,CNG,25.50,21.2,,1675,34.9
1790948647018,,,28.0,CNG,22.58,26.7,,1201,34.9
1790948648542,,,29.0,CNG,23.35,18.4,3,1548,22.7
1790948649289,,,28.0,CNG,28.49,14.9,3,1406,22.7
1790948650060,,,27.0,CNG,20.04,36.9,3,1381,22.7
1790948651685,,,29.0,CNG,17.66,32.2,3,1434,25.9
1790948652489,,,28.0,CNG,24.61,14.9,,1193,25.9
1790948653207,,,28.0,CNG,32.20,14.9,4,1027,25.9
1790948654729,,,26.0,CNG,37.19,14.9,4,905,29.0
1790948655465,,,24.0,CNG,42.32,25.1,4,873,29.0
1790948656263,,,24.0,CNG,29.33,23.5,3,1224,29.0
1790948657689,,,23.0,CNG,32.75,14.9,2,1596,45.1
1790948658445,,,24.0,CNG,13.25,58.0,2,1821,45.1
1790948659305,,,28.0,CNG,9.37,14.9,2,2106,45.1
1790948660986,,,29.0,CNG,14.78,14.9,3,1536,63.1
1790948661699,,,29.0,CNG,14.69,36.9,,1704,63.1
1790948662526,,,30.0,CNG,15.94,34.5,3,1494,63.1
1790948664074,,,31.0,CNG,17.21,33.3,3,1578,51.4
1790948664834,,,32.0,CNG,16.25,29.8,3,1645,51.4
1790948665563,,,33.0,CNG,22.16,14.9,3,1682,51.4
1790948667127,,,33.0,CNG,20.86,29.4,4,1366,35.7
1790948667911,,,30.0,CNG,26.49,14.9,4,1016,35.7
1790948668654,,,25.0,CNG,29.81,14.9,4,891,35.7
1790948670121,,,22.0,CNG,30.19,14.9,4,862,39.6
1790948670885,,,21.0,CNG,27.86,23.5,,1392,39.6
1790948671661,,,21.0,CNG,19.20,32.2,2,1539,39.6
1790948673298,,,23.0,CNG,18.46,27.8,2,1722,23.5
1790948674054,,,23.0,CNG,18.76,26.7,2,1718,23.5
1790948674883,,,24.0,CNG,19.49,47.1,2,1821,23.5
1790948676337,,,26.0,CNG,12.36,64.3,2,1981,33.7
1790948677129,,,30.0,CNG,18.39,14.9,3,1686,33.7
1790948677872,,,30.0,CNG,27.19,14.9,4,1024,33.7
1790948679580,,,29.0,CNG,32.99,14.9,5,901,35.7
1790948680467,,,24.0,CNG,32.55,14.9,4,865,35.7
1790948681230,,,24.0,CNG,29.24,14.9,4,936,35.7
1790948682700,,,22.0,CNG,24.92,22.7,2,1626,29.8
1790948683496,,,21.0,CNG,19.47,18.0,2,1587,29.8
1790948684201,,,20.0,CNG,17.62,21.6,2,1556,29.8
1790948685748,,,20.0,CNG,20.42,23.5,2,1479,38.0
1790948686511,,,21.0,CNG,18.97,23.9,2,1572,38.0
1790948687293,,,21.0,CNG,21.16,23.5,2,1638,38.0
1790948688754,,,21.0,CNG,24.05,22.4,2,1637,20.0
1790948689517,,,22.0,CNG,27.05,21.6,2,1645,20.0
1790948690271,,,21.0,CNG,29.21,14.9,2,1625,20.0
1790948691745,,,19.0,CNG,34.61,14.9,3,1026,23.9
1790948692478,,,16.0,CNG,32.62,21.2,,978,23.9
1790948693215,,,16.0,CNG,30.28,22.0,2,1244,23.9
1790948694663,,,17.0,CNG,27.39,23.1,2,1278,27.5
1790948695443,,,18.0,CNG,26.06,23.5,2,1338,27.5
1790948696142,,,18.0,CNG,24.11,24.3,2,1365,27.5
1790948697695,,,18.0,CNG,20.30,24.3,2,1385,42.7
1790948698423,,,19.0,CNG,18.07,25.9,2,1463,42.7
1790948699227,,,20.0,CNG,16.87,25.9,2,1486,42.7
1790948700840,,,20.0,CNG,16.30,25.9,2,1533,40.0
1790948701630,,,21.0,CNG,28.06,23.9,2,1619,40.0
1790948702372,,,22.0,CNG,29.71,20.0,2,1636,40.0
1790948703861,,,21.0,CNG,31.44,20.0,2,1664,18.4
1790948704580,,,21.0,CNG,32.52,20.0,2,1593,18.4
1790948705330,,,20.0,CNG,32.73,14.9,2,1547,18.4
1790948706797,,,19.0,CNG,33.11,14.9,2,1457,18.8
1790948707566,,,14.0,CNG,32.52,14.9,,917,18.8
1790948708306,,,11.0,CNG,27.68,14.9,2,866,18.8
1790948709787,,,9.0,CNG,24.13,14.9,,872,26.7
1790948710522,,,8.0,CNG,15.01,25.5,1,1031,26.7
1790948711338,,,9.0,CNG,14.76,14.9,1,1315,26.7
1790948712838,,,10.0,CNG,16.98,14.9,,1214,42.0
1790948713619,,,11.0,CNG,21.31,14.9,2,804,42.0
1790948714376,,,11.0,CNG,20.21,14.9,2,866,42.0
1790948715890,,,10.0,CNG,17.43,26.3,2,856,67.1
1790948716631,,,10.0,CNG,14.65,25.1,,961,67.1
1790948717400,,,10.0,CNG,10.90,24.3,,992,67.1
1790948718862,,,12.0,CNG,10.18,24.3,2,897,56.5
1790948719877,,,14.0,CNG,11.02,23.9,2,1041,56.5
1790948720624,,,14.0,CNG,11.18,31.4,2,1082,56.5
1790948722242,,,15.0,CNG,11.57,29.0,2,1154,36.5
1790948722964,,,17.0,CNG,12.34,28.6,2,1287,36.5
1790948723699,,,19.0,CNG,13.63,28.2,2,1357,36.5
1790948725121,,,20.0,CNG,14.71,28.2,2,1511,36.9
1790948725881,,,22.0,CNG,16.02,27.1,2,1649,36.9
1790948726663,,,23.0,CNG,17.09,26.7,2,1736,36.9
1790948728198,,,24.0,CNG,18.17,14.9,2,1814,22.4
1790948728943,,,24.0,CNG,21.24,23.9,2,1792,22.4
1790948729694,,,24.0,CNG,21.33,23.9,2,1838,22.4
1790948731148,,,24.0,CNG,19.53,23.9,2,1838,36.1
1790948731906,,,25.0,CNG,19.36,24.3,2,1870,36.1
1790948732712,,,24.0,CNG,20.96,14.9,2,1770,36.1
1790948734183,,,24.0,CNG,22.81,25.1,3,1332,46.3
1790948734931,,,25.0,CNG,21.88,24.3,3,1267,46.3
1790948735701,,,25.0,CNG,21.18,24.3,3,1283,46.3
1790948737104,,,26.0,CNG,21.23,24.3,3,1297,31.0
1790948737836,,,26.0,CNG,24.48,24.3,3,1349,31.0
1790948738588,,,27.0,CNG,26.91,24.3,3,1361,31.0
1790948740484,,,27.0,CNG,28.54,24.3,3,1380,30.2
1790948741248,,,28.0,CNG,29.73,24.3,3,1408,30.2
1790948741985,,,28.0,CNG,36.46,14.9,3,1403,30.2
1790948743433,,,27.0,CNG,44.59,14.9,,1187,19.6
1790948744213,,,19.0,CNG,44.51,14.9,3,901,19.6
1790948744947,,,13.0,CNG,35.44,14.9,,860,19.6
1790948746406,,,10.0,CNG,29.93,14.9,,873,29.8
1790948747193,,,5.0,CNG,20.42,14.9,,868,29.8
1790948747973,,,5.0,CNG,14.77,22.7,,860,29.8
1790948749435,,,5.0,CNG,8.30,,,966,76.9
1790948750225,,,8.0,CNG,7.74,35.3,,691,76.9
1790948751000,,,11.0,CNG,8.47,37.6,2,821,76.9
1790948752546,,,14.0,CNG,8.68,38.8,2,998,76.9
1790948753279,,,19.0,CNG,8.67,38.8,2,1388,76.9
1790948754041,,,21.0,CNG,9.51,14.9,2,1591,76.9
1790948755564,,,21.0,CNG,14.77,32.5,3,1136,56.5
1790948756406,,,23.0,CNG,15.67,31.8,3,1149,56.5
1790948757196,,,24.0,CNG,19.03,14.9,3,1196,56.5
1790948758721,,,24.0,CNG,19.17,28.6,3,1243,39.6
1790948759550,,,25.0,CNG,27.45,14.9,3,1151,39.6
1790948760415,,,24.0,CNG,35.21,14.9,4,952,39.6
1790948761871,,,21.0,CNG,38.40,14.9,4,853,28.6
1790948762696,,,19.0,CNG,34.17,14.9,3,914,28.6
1790948763429,,,18.0,CNG,21.02,14.9,2,1397,28.6
1790948764949,,,17.0,CNG,22.52,19.6,2,1281,37.6
1790948765686,,,16.0,CNG,19.24,21.2,2,1238,37.6
1790948766478,,,17.0,CNG,19.20,20.0,2,1282,37.6
1790948767896,,,17.0,CNG,19.60,20.0,2,1271,32.5
1790948768635,,,17.0,CNG,14.63,36.1,2,1299,32.5
1790948769378,,,18.0,CNG,20.42,14.9,2,1314,32.5
1790948770883,,,18.0,CNG,26.72,14.9,,1146,22.0
1790948771655,,,14.0,CNG,27.01,14.9,,862,22.0
1790948772449,,,13.0,CNG,25.14,14.9,,870,22.0
1790948774008,,,11.0,CNG,23.14,14.9,2,871,27.5
1790948774759,,,7.0,CNG,20.51,14.9,1,875,27.5
1790948775528,,,6.0,CNG,10.78,27.8,1,872,27.5
1790948777085,,,6.0,CNG,8.16,25.5,,1199,31.0
1790948777864,,,7.0,CNG,5.54,25.5,,1255,31.0
1790948778630,,,9.0,CNG,7.45,14.9,1,1139,31.0
1790948780391,,,8.0,CNG,8.51,14.9,,953,48.2
1790948781184,,,7.0,CNG,8.70,14.9,1,1004,48.2
1790948781916,,,6.0,CNG,8.46,14.9,1,857,48.2
1790948783453,,,5.0,CNG,5.68,14.9,,894,37.3
1790948784234,,,4.0,CNG,4.97,14.9,,1078,37.3
1790948785000,,,4.0,CNG,5.21,14.9,,1037,37.3
1790948786515,,,0.0,CNG,,42.4,0,921,47.5
1790948787375,,,4.0,CNG,5.59,27.1,,1439,47.5
1790948788165,,,4.0,CNG,4.08,28.2,,1289,47.5
1790948789711,,,7.0,CNG,5.50,28.6,1,1003,42.0
1790948790482,,,11.0,CNG,10.71,14.9,1,1516,42.0
1790948791277,,,11.0,CNG,9.63,26.7,,1026,42.0
1790948792845,,,12.0,CNG,8.56,37.6,2,952,82.7
1790948793632,,,17.0,CNG,8.90,38.4,2,1299,82.7
1790948794384,,,20.0,CNG,8.37,38.4,2,1493,82.7
1790948795881,,,22.0,CNG,12.24,14.9,2,1691,42.7
1790948796637,,,23.0,CNG,13.30,30.6,3,1167,42.7
1790948797454,,,24.0,CNG,14.24,29.8,3,1232,42.7
1790948798943,,,26.0,CNG,16.33,29.8,3,1287,45.1
1790948799795,,,27.0,CNG,18.25,30.2,3,1378,45.1
1790948800637,,,28.0,CNG,25.97,27.8,3,1410,45.1
1790948802216,,,28.0,CNG,26.05,27.8,3,1444,35.7
1790948803009,,,30.0,CNG,27.81,20.0,3,1499,35.7
1790948803746,,,30.0,CNG,34.93,14.9,3,1480,35.7
1790948805261,,,29.0,CNG,31.59,25.9,3,1510,25.5
1790948806005,,,29.0,CNG,23.44,29.8,3,1536,25.5
1790948806771,,,29.0,CNG,24.53,27.5,3,1518,25.5
1790948808301,,,30.0,CNG,19.83,34.9,3,1538,20.8
1790948809055,,,30.0,CNG,23.65,22.7,3,1535,20.8
1790948809816,,,30.0,CNG,25.72,14.9,3,1552,20.8
1790948811372,,,30.0,CNG,30.09,14.9,4,1132,26.7
1790948812099,,,29.0,CNG,34.73,14.9,4,1046,26.7
1790948812897,,,27.0,CNG,36.59,14.9,5,862,26.7
1790948814472,,,25.0,CNG,34.75,14.9,4,863,45.5
1790948815211,,,19.0,CNG,29.62,14.9,,859,45.5
1790948815989,,,19.0,CNG,18.64,29.0,3,861,45.5
1790948817460,,,19.0,CNG,15.84,31.8,2,1400,45.5
1790948818282,,,22.0,CNG,15.22,31.8,2,1713,45.5
1790948819090,,,24.0,CNG,10.38,54.1,2,1815,45.5
1790948820854,,,28.0,CNG,9.80,14.9,2,2082,20.0
1790948821602,,,28.0,CNG,13.04,28.2,,1260,20.0
1790948822431,,,29.0,CNG,16.39,27.5,3,1441,20.0
1790948823861,,,29.0,CNG,19.25,27.5,3,1469,35.3
1790948824660,,,30.0,CNG,22.18,26.7,3,1537,35.3
1790948825410,,,30.0,CNG,22.88,26.7,3,1534,35.3
1790948826931,,,31.0,CNG,22.02,26.7,3,1546,28.2
1790948827672,,,31.0,CNG,21.82,25.9,3,1515,28.2
1790948828477,,,31.0,CNG,22.40,25.5,3,1556,28.2
1790948829976,,,31.0,CNG,23.18,23.9,3,1565,36.1
1790948830711,,,31.0,CNG,29.57,14.9,3,1583,36.1
1790948831439,,,31.0,CNG,32.11,14.9,4,1235,36.1
1790948833000,,,27.0,CNG,39.40,14.9,4,1118,25.1
1790948833744,,,18.0,CNG,37.50,14.9,3,875,25.1
1790948834489,,,15.0,CNG,34.33,14.9,,878,25.1
1790948835996,,,13.0,CNG,30.99,14.9,,868,42.4
1790948836732,,,13.0,CNG,19.62,28.6,2,1030,42.4
1790948837457,,,15.0,CNG,16.33,30.6,2,1104,42.4
1790948838994,,,16.0,CNG,14.44,30.6,2,1210,43.9
1790948839806,,,20.0,CNG,13.99,14.9,2,1496,43.9
1790948840581,,,20.0,CNG,13.68,26.3,2,1502,43.9
1790948842074,,,21.0,CNG,14.02,26.3,2,1545,42.4
1790948842876,,,22.0,CNG,14.54,26.3,2,1669,42.4
1790948843618,,,23.0,CNG,15.16,26.3,2,1721,42.4
1790948845155,,,23.0,CNG,15.40,26.3,2,1759,40.4
1790948845888,,,24.0,CNG,17.11,26.3,2,1846,40.4
1790948846756,,,24.0,CNG,18.50,26.3,2,1856,40.4
1790948848292,,,25.0,CNG,19.78,26.3,2,1903,29.4
1790948849083,,,26.0,CNG,21.01,26.3,2,1993,29.4
1790948849803,,,27.0,CNG,21.89,26.3,2,2023,29.4
1790948851364,,,27.0,CNG,22.30,26.3,2,2055,27.8
1790948852110,,,28.0,CNG,22.79,26.3,2,2109,27.8
1790948852922,,,28.0,CNG,23.14,26.3,2,2134,27.8
1790948854444,,,29.0,CNG,23.35,26.3,2,2168,20.0
1790948855216,,,28.0,CNG,29.91,26.3,,1653,20.0
1790948856000,,,29.0,CNG,28.87,25.9,3,1480,20.0
1790948857512,,,29.0,CNG,29.53,24.3,3,1482,31.4
1790948858248,,,30.0,CNG,29.89,23.1,3,1497,31.4
1790948859079,,,30.0,CNG,29.13,21.2,3,1517,31.4
1790948860813,,,30.0,CNG,30.57,21.2,3,1506,29.4
1790948861601,,,30.0,CNG,36.34,14.9,3,1466,29.4
1790948862304,,,28.0,CNG,30.83,14.9,,1212,29.4
1790948863882,,,28.0,CNG,33.87,14.9,4,1099,28.2
1790948864632,,,27.0,CNG,33.88,23.5,3,1431,28.2
1790948865393,,,27.0,CNG,31.11,25.1,3,1407,28.2
1790948866844,,,28.0,CNG,29.98,25.9,3,1410,32.9
1790948867663,,,28.0,CNG,29.95,24.3,3,1433,32.9
1790948868451,,,29.0,CNG,33.05,22.4,3,1460,32.9
1790948869996,,,28.0,CNG,34.50,22.4,3,1462,24.7
1790948870757,,,29.0,CNG,35.66,22.7,3,1461,24.7
1790948871540,,,29.0,CNG,36.58,23.1,3,1457,24.7
1790948873017,,,29.0,CNG,35.51,23.1,3,1464,27.5
1790948873794,,,29.0,CNG,34.77,23.1,3,1479,27.5
1790948874529,,,29.0,CNG,34.34,23.1,3,1494,27.5
1790948876005,,,30.0,CNG,30.99,23.1,3,1508,42.4
1790948876767,,,29.0,CNG,33.33,14.9,,1254,42.4
1790948877571,,,26.0,CNG,35.98,14.9,,1103,42.4
1790948879110,,,24.0,CNG,35.35,14.9,4,946,40.0
1790948880121,,,20.0,CNG,31.04,14.9,,866,40.0
1790948880845,,,19.0,CNG,21.80,21.6,3,862,40.0
1790948882357,,,19.0,CNG,20.26,27.1,2,1500,40.0
1790948883081,,,20.0,CNG,17.59,30.6,2,1532,40.0
1790948883875,,,21.0,CNG,16.14,29.8,2,1573,40.0
1790948885299,,,22.0,CNG,15.83,30.2,2,1665,40.8
1790948886159,,,25.0,CNG,16.04,29.8,2,1862,40.8
1790948886879,,,25.0,CNG,15.82,29.8,2,1938,40.8
1790948888362,,,26.0,CNG,20.04,27.8,2,1993,34.9
1790948889102,,,28.0,CNG,19.47,27.8,2,2088,34.9
1790948889928,,,28.0,CNG,19.10,27.8,2,2152,34.9
1790948891384,,,29.0,CNG,17.89,27.8,2,2198,34.9
1790948892183,,,30.0,CNG,16.86,27.8,2,2250,34.9
1790948892917,,,30.0,CNG,12.57,46.7,2,2310,34.9
1790948894421,,,33.0,CNG,15.22,14.9,2,2468,29.8
1790948895173,,,33.0,CNG,17.87,24.7,3,1695,29.8
1790948895912,,,33.0,CNG,20.04,24.7,3,1643,29.8
1790948897375,,,33.0,CNG,21.80,24.7,3,1664,28.6
1790948898147,,,33.0,CNG,25.57,23.9,3,1678,28.6
1790948898846,,,33.0,CNG,29.76,23.1,3,1678,28.6
1790948900493,,,33.0,CNG,33.19,24.3,3,1680,26.7
1790948901267,,,33.0,CNG,33.88,24.7,3,1684,26.7
1790948901994,,,33.0,CNG,33.35,25.5,3,1687,26.7
1790948903446,,,33.0,CNG,32.73,25.5,3,1698,29.0
1790948904214,,,34.0,CNG,33.11,25.5,3,1726,29.0
1790948904959,,,34.0,CNG,32.85,25.5,3,1741,29.0
1790948906443,,,34.0,CNG,38.46,26.7,3,1730,30.6
1790948907179,,,35.0,CNG,36.44,26.3,3,1740,30.6
1790948907962,,,35.0,CNG,34.75,22.0,3,1758,30.6
1790948909505,,,35.0,CNG,43.78,14.9,,1562,49.0
1790948910258,,,34.0,CNG,29.86,24.7,4,1333,49.0
1790948910977,,,34.0,CNG,28.55,25.5,4,1248,49.0
1790948912482,,,35.0,CNG,28.38,25.1,4,1287,43.1
1790948913214,,,35.0,CNG,29.16,34.5,4,1306,43.1
1790948914055,,,36.0,CNG,26.00,31.8,4,1325,43.1
1790948915584,,,36.0,CNG,33.65,28.6,4,1354,37.3
1790948916384,,,37.0,CNG,33.46,28.2,4,1361,37.3
1790948917091,,,37.0,CNG,33.12,27.8,4,1381,37.3
1790948918614,,,37.0,CNG,44.88,14.9,4,1322,18.4
1790948919550,,,30.0,CNG,51.79,14.9,5,946,18.4
1790948920324,,,26.0,CNG,50.36,14.9,4,860,18.4
1790948921811,,,24.0,CNG,49.81,14.9,4,868,29.0
1790948922608,,,18.0,CNG,44.17,14.9,3,869,29.0
1790948923337,,,14.0,CNG,37.74,14.9,,871,29.0
1790948924884,,,13.0,CNG,32.37,14.9,,866,29.4
1790948925669,,,11.0,CNG,28.32,14.9,2,861,29.4
1790948926415,,,10.0,CNG,24.33,14.9,,874,29.4
1790948927863,,,9.0,CNG,21.11,14.9,,866,60.4
1790948928614,,,7.0,CNG,10.38,14.9,,1192,60.4
1790948929328,,,9.0,CNG,11.19,14.9,,797,60.4
1790948930860,,,7.0,CNG,11.06,29.0,1,864,66.3
1790948931607,,,6.0,CNG,6.75,29.8,,1346,66.3
1790948932353,,,7.0,CNG,7.37,29.4,,773,66.3
1790948933833,,,8.0,CNG,7.97,29.8,,645,71.0
1790948934656,,,10.0,CNG,8.40,29.0,2,767,71.0
1790948935420,,,12.0,CNG,9.43,27.1,2,903,71.0
1790948936932,,,12.0,CNG,11.81,23.9,2,911,42.0
1790948937647,,,12.0,CNG,12.36,28.2,2,959,42.0
1790948938384,,,13.0,CNG,11.23,30.6,2,959,42.0
1790948940011,,,14.0,CNG,11.31,30.2,2,1032,61.6
1790948940869,,,15.0,CNG,10.75,32.5,2,1122,61.6
1790948941599,,,15.0,CNG,10.16,31.0,2,1148,61.6
1790948943174,,,15.0,CNG,9.95,36.1,2,1150,82.4
1790948943942,,,19.0,CNG,14.32,14.9,2,1317,82.4
1790948944749,,,19.0,CNG,11.97,27.1,3,1077,82.4
1790948946204,,,19.0,CNG,13.15,25.5,3,945,58.0
1790948946977,,,20.0,CNG,16.13,24.3,3,1039,58.0
1790948947708,,,20.0,CNG,19.20,23.1,3,1055,58.0
1790948949184,,,21.0,CNG,22.36,23.1,3,1062,31.4
1790948949921,,,21.0,CNG,29.29,14.9,3,1044,31.4
1790948950698,,,20.0,CNG,34.04,14.9,,896,31.4
1790948952152,,,16.0,CNG,33.07,14.9,3,866,33.3
1790948952935,,,9.0,CNG,25.27,14.9,,873,33.3
1790948953697,,,8.0,CNG,19.35,14.9,,860,33.3
1790948955195,,,8.0,CNG,15.15,14.9,,859,45.5
1790948955948,,,8.0,CNG,12.49,14.9,,857,45.5
1790948956753,,,6.0,CNG,10.28,14.9,1,854,45.5
1790948958328,,,8.0,CNG,10.07,14.9,,852,44.3
1790948959101,,,10.0,CNG,11.17,14.9,2,855,44.3
1790948959923,,,10.0,CNG,12.04,26.3,,868,44.3
1790948961491,,,11.0,CNG,10.42,26.7,,1021,64.7
1790948962222,,,15.0,CNG,11.18,30.2,2,1143,64.7
1790948963001,,,16.0,CNG,11.69,30.2,2,1249,64.7
1790948964556,,,18.0,CNG,12.26,30.6,2,1357,49.4
1790948965323,,,21.0,CNG,12.64,33.7,2,1604,49.4
1790948966061,,,22.0,CNG,21.70,14.9,,1458,49.4
1790948967634,,,22.0,CNG,20.28,30.2,3,1153,46.7
1790948968409,,,24.0,CNG,20.16,29.8,3,1225,46.7
1790948969243,,,25.0,CNG,18.94,29.8,3,1284,46.7
1790948970785,,,26.0,CNG,17.49,29.8,3,1325,52.9
1790948971545,,,28.0,CNG,17.73,29.8,3,1418,52.9
1790948972372,,,29.0,CNG,17.80,29.8,3,1452,52.9
1790948973868,,,30.0,CNG,17.88,29.8,3,1486,52.2
1790948974680,,,30.0,CNG,17.67,29.8,3,1556,52.2
1790948975457,,,31.0,CNG,19.45,29.8,3,1575,52.2
1790948976980,,,32.0,CNG,20.83,29.8,3,1600,40.8
1790948977727,,,33.0,CNG,21.95,29.8,3,1666,40.8
1790948978445,,,34.0,CNG,22.71,29.8,3,1696,40.8
1790948980220,,,34.0,CNG,22.96,29.8,3,1742,40.4
1790948980973,,,36.0,CNG,23.33,29.8,3,1804,40.4
1790948981736,,,36.0,CNG,23.59,29.8,3,1830,40.4
1790948983250,,,37.0,CNG,23.68,29.8,3,1873,40.4
1790948984029,,,38.0,CNG,23.78,29.8,3,1929,40.4
1790948984768,,,38.0,CNG,23.77,29.8,3,1969,40.4
1790948986378,,,39.0,CNG,24.07,29.8,3,1978,40.0
1790948987135,,,40.0,CNG,24.44,29.8,3,2040,40.0
1790948987890,,,40.0,CNG,22.76,29.8,3,2045,40.0
1790948989354,,,41.0,CNG,21.83,29.8,3,2048,48.6
1790948990172,,,41.0,CNG,29.75,14.9,3,2063,48.6
1790948990886,,,40.0,CNG,31.14,25.1,4,1472,48.6
1790948992384,,,39.0,CNG,30.89,25.5,4,1453,42.0
1790948993141,,,38.0,CNG,32.91,25.5,4,1422,42.0
1790948993917,,,38.0,CNG,35.87,25.9,4,1402,42.0
1790948995353,,,37.0,CNG,37.33,34.5,4,1386,55.3
1790948996106,,,38.0,CNG,29.30,38.8,4,1387,55.3
1790948996880,,,38.0,CNG,26.12,34.1,4,1403,55.3
1790948998426,,,38.0,CNG,26.51,14.9,4,1399,19.2
1790948999235,,,36.0,CNG,37.20,14.9,5,975,19.2
1790949000260,,,30.0,CNG,43.08,14.9,5,870,19.2
1790949001728,,,24.0,CNG,42.50,14.9,4,869,29.0
1790949002490,,,18.0,CNG,39.83,14.9,3,867,29.0
1790949003226,,,17.0,CNG,38.04,14.9,3,876,29.0
1790949004751,,,17.0,CNG,29.99,22.4,3,956,38.4
1790949005501,,,18.0,CNG,28.77,14.9,2,1313,38.4
1790949006335,,,18.0,CNG,28.13,14.9,,1190,38.4
1790949007815,,,18.0,CNG,27.40,16.5,3,955,35.7
1790949008558,,,19.0,CNG,21.12,23.9,2,1478,35.7
1790949009314,,,20.0,CNG,17.01,27.8,2,1538,35.7
1790949010826,,,21.0,CNG,14.15,31.8,2,1625,48.2
1790949011608,,,25.0,CNG,19.49,14.9,2,1903,48.2
1790949012365,,,25.0,CNG,28.33,14.9,3,1240,48.2
1790949013953,,,26.0,CNG,23.28,31.8,4,1065,46.7
1790949014801,,,29.0,CNG,21.92,32.2,3,1469,46.7
1790949015543,,,31.0,CNG,29.04,14.9,3,1550,46.7
1790949017094,,,31.0,CNG,22.49,32.5,5,1016,52.9
1790949018000,,,33.0,CNG,23.71,31.8,4,1215,52.9
1790949018787,,,34.0,CNG,32.38,29.0,4,1262,52.9
1790949020302,,,35.0,CNG,30.13,29.8,4,1281,54.1
1790949021028,,,36.0,CNG,25.86,29.8,4,1338,54.1
1790949021774,,,37.0,CNG,24.96,29.8,4,1377,54.1
1790949023276,,,38.0,CNG,24.89,29.8,4,1408,51.8
1790949024012,,,39.0,CNG,24.66,30.2,4,1447,51.8
1790949024783,,,39.0,CNG,24.40,30.2,4,1466,51.8
1790949026286,,,40.0,CNG,24.36,29.8,4,1475,43.5
1790949027100,,,41.0,CNG,27.01,29.4,4,1513,43.5
1790949027885,,,41.0,CNG,28.54,30.2,4,1521,43.5
1790949029405,,,42.0,CNG,29.37,18.4,4,1533,33.7
1790949030194,,,42.0,CNG,30.74,29.0,4,1543,33.7
1790949030928,,,42.0,CNG,31.62,29.0,4,1560,33.7
1790949032364,,,42.0,CNG,32.10,29.0,4,1572,29.4
1790949033113,,,42.0,CNG,44.11,14.9,,1045,29.4
1790949033886,,,42.0,CNG,57.90,14.9,,923,29.4
1790949035398,,,41.0,CNG,65.51,14.9,,869,28.2
1790949036122,,,32.0,CNG,65.00,14.9,5,873,28.2
1790949036942,,,29.0,CNG,65.88,14.9,5,879,28.2
1790949038475,,,29.0,CNG,59.05,14.9,5,882,35.7
1790949039261,,,28.0,CNG,30.52,31.4,4,1143,35.7
1790949040254,,,29.0,CNG,20.36,42.7,3,1444,35.7
1790949041798,,,31.0,CNG,16.76,42.0,3,1564,89.4
1790949042577,,,35.0,CNG,22.00,14.9,3,1772,89.4
1790949043341,,,35.0,CNG,20.92,33.7,5,1136,89.4
1790949044827,,,36.0,CNG,22.09,31.8,4,1310,49.0
1790949045716,,,37.0,CNG,30.87,14.9,4,1348,49.0
1790949046469,,,36.0,CNG,38.76,23.9,4,1385,49.0
1790949048022,,,36.0,CNG,39.58,31.0,4,1335,33.7
1790949048792,,,36.0,CNG,47.78,26.7,4,1319,33.7
1790949049569,,,36.0,CNG,49.05,19.6,4,1350,33.7
1790949051045,,,36.0,CNG,56.33,20.0,4,1318,17.6
1790949051812,,,35.0,CNG,60.49,14.9,4,1287,17.6
1790949052575,,,34.0,CNG,63.83,14.9,4,1273,17.6
1790949054023,,,34.0,CNG,66.08,14.9,4,1246,27.1
1790949054887,,,33.0,CNG,36.61,24.7,4,1214,27.1
1790949055663,,,34.0,CNG,32.39,25.1,4,1226,27.1
1790949057204,,,34.0,CNG,30.10,25.1,4,1246,44.7
1790949057984,,,34.0,CNG,29.48,24.3,4,1255,44.7
1790949058707,,,34.0,CNG,29.60,24.7,4,1273,44.7
1790949060495,,,34.0,CNG,29.46,24.7,4,1270,31.0
1790949061238,,,35.0,CNG,33.98,23.5,4,1287,31.0
1790949061976,,,34.0,CNG,37.48,23.5,4,1290,31.0
1790949063558,,,35.0,CNG,40.44,21.2,4,1293,76.5
1790949064330,,,35.0,CNG,27.10,47.8,4,1306,76.5
1790949065107,,,37.0,CNG,22.30,40.8,4,1376,76.5
1790949066627,,,38.0,CNG,21.33,37.3,4,1392,55.3
1790949067387,,,39.0,CNG,22.50,33.3,4,1457,55.3
1790949068159,,,40.0,CNG,23.99,32.2,4,1484,55.3
1790949069639,,,41.0,CNG,24.50,31.0,4,1508,52.9
1790949070428,,,41.0,CNG,34.05,14.9,4,1493,52.9
1790949071198,,,40.0,CNG,38.91,14.9,5,1211,52.9
1790949072670,,,36.0,CNG,42.82,14.9,5,1067,40.8
1790949073468,,,30.0,CNG,41.61,14.9,5,866,40.8
1790949074254,,,26.0,CNG,37.61,14.9,4,863,40.8
1790949075734,,,23.0,CNG,34.30,14.9,4,861,41.6
1790949076476,,,17.0,CNG,34.01,14.9,3,885,41.6
1790949077273,,,16.0,CNG,33.31,14.9,3,871,41.6
1790949078747,,,14.0,CNG,30.23,14.9,,865,29.0
1790949079582,,,13.0,CNG,29.90,14.9,,870,29.0
1790949080574,,,13.0,CNG,28.53,14.9,,863,29.0
1790949082085,,,12.0,CNG,16.58,40.4,2,953,75.3
1790949082897,,,17.0,CNG,10.54,69.4,2,1295,75.3
1790949083661,,,21.0,CNG,8.30,69.4,2,1598,75.3
1790949085257,,,27.0,CNG,7.07,14.9,2,1952,35.7
1790949085967,,,29.0,CNG,10.03,29.8,3,1439,35.7
1790949086766,,,29.0,CNG,10.62,43.5,3,1477,35.7
1790949088330,,,32.0,CNG,11.81,35.3,3,1583,36.9
1790949089144,,,31.0,CNG,16.83,14.9,,1376,36.9
1790949089867,,,27.0,CNG,21.22,14.9,,1200,36.9
1790949091352,,,25.0,CNG,24.77,14.9,,1053,28.2
1790949092085,,,23.0,CNG,19.03,36.1,3,1058,28.2
1790949092917,,,24.0,CNG,13.01,51.0,2,1769,28.2
1790949094349,,,27.0,CNG,10.38,58.0,2,2050,34.5
1790949095159,,,32.0,CNG,10.09,52.2,,2046,34.5
1790949095900,,,34.0,CNG,10.92,58.8,3,1867,34.5
1790949097409,,,36.0,CNG,14.52,14.9,3,1818,20.4
1790949098168,,,35.0,CNG,22.24,14.9,5,1003,20.4
1790949098951,,,34.0,CNG,31.04,14.9,5,901,20.4
1790949100739,,,33.0,CNG,39.88,14.9,5,874,29.0
1790949101557,,,33.0,CNG,43.42,14.9,5,932,29.0
1790949102373,,,32.0,CNG,44.62,14.9,5,889,29.0
1790949103936,,,32.0,CNG,44.03,14.9,5,913,42.0
1790949104653,,,31.0,CNG,42.23,14.9,5,931,42.0
1790949105418,,,31.0,CNG,42.12,14.9,5,932,42.0
1790949106982,,,31.0,CNG,41.76,14.9,5,923,38.4
1790949107805,,,30.0,CNG,51.19,14.9,5,896,38.4
1790949108531,,,30.0,CNG,56.68,14.9,5,911,38.4
1790949110080,,,29.0,CNG,58.74,14.9,5,874,27.5
1790949110833,,,24.0,CNG,54.39,14.9,4,871,27.5
1790949111588,,,22.0,CNG,50.70,14.9,4,873,27.5
1790949113082,,,20.0,CNG,45.57,14.9,,863,29.8
1790949113901,,,18.0,CNG,41.53,14.9,3,866,29.8
1790949114623,,,16.0,CNG,37.45,14.9,3,878,29.8
1790949116121,,,15.0,CNG,33.20,14.9,,867,29.4
1790949116947,,,13.0,CNG,28.12,14.9,,877,29.4
1790949117759,,,13.0,CNG,24.31,14.9,,865,29.4
1790949119243,,,12.0,CNG,21.01,14.9,2,863,42.4
1790949120276,,,10.0,CNG,16.99,14.9,2,859,42.4
1790949121000,,,8.0,CNG,13.70,14.9,,859,42.4
1790949122475,,,8.0,CNG,12.70,14.9,,866,58.8
1790949123249,,,9.0,CNG,11.97,24.7,,641,58.8
1790949123986,,,10.0,CNG,10.80,26.3,2,752,58.8
1790949125448,,,11.0,CNG,10.65,28.2,2,855,55.3
1790949126200,,,15.0,CNG,8.86,53.3,2,1126,55.3
1790949126941,,,18.0,CNG,9.59,14.9,2,1387,55.3
1790949128474,,,19.0,CNG,14.24,14.9,2,1443,17.6
1790949129264,,,17.0,CNG,19.06,14.9,3,904,17.6
1790949129995,,,16.0,CNG,22.30,14.9,3,862,17.6
1790949131502,,,15.0,CNG,22.59,14.9,,869,36.1
1790949132274,,,11.0,CNG,19.85,14.9,2,861,36.1
1790949133031,,,8.0,CNG,15.79,14.9,,861,36.1
1790949134560,,,6.0,CNG,12.16,14.9,1,858,47.1
1790949135312,,,5.0,CNG,9.59,14.9,,845,47.1
1790949136124,,,4.0,CNG,7.94,14.9,,858,47.1
1790949137638,,,3.0,CNG,6.31,14.9,,851,43.5
1790949138428,,,1.0,CNG,4.77,14.9,,826,43.5
1790949139190,,,1.0,CNG,,14.9,,874,43.5
1790949140992,,,1.0,CNG,,14.9,,864,25.9
1790949141718,,,0.0,CNG,,14.9,0,866,25.9
1790949142532,,,0.0,CNG,,14.9,0,869,25.9
1790949144347,,,0.0,CNG,,14.9,0,862,27.5
1790949145219,,,0.0,CNG,,14.9,0,853,27.5
1790949146060,,,0.0,CNG,,14.9,0,853,27.5
1790949147512,,,,CNG,,,,,27.5
1790949148342,,,,CNG,,,,,27.5
1790949149109,,,,CNG,,,,,27.5
1790949150524,,,,CNG,,,,,27.5
1790949151346,,,,CNG,,,,,27.5
1790949152210,,,,CNG,,,,,27.5
1790949153979,,,,CNG,,,,,27.5
1790949154818,,,,CNG,,,,,27.5
1790949155615,,,,CNG,,,,,27.5
1790949157070,,,,CNG,,,,,27.5
1790949157865,,,,CNG,,,,,27.5
1790949158734,,,,CNG,,,,,27.5
1790949160333,,,,CNG,,,,,27.5
1790949161114,,,,CNG,,,,,27.5
1790949162035,,,,CNG,,14.9,,,27.5
