t_ms,lat,lon,speed_kmh,fuel,inst_eff,pedal,gear,rpm,load
1790827357112,,,0.0,PETROL,,14.9,0,848,29.0
1790827357961,28.506111,77.403658,0.0,PETROL,,14.9,0,841,29.0
1790827358643,28.506172,77.403667,0.0,PETROL,,14.9,0,838,29.0
1790827359891,28.506272,77.403577,0.0,PETROL,,14.9,0,844,30.6
1790827360666,28.506256,77.403598,0.0,PETROL,,14.9,0,857,30.6
1790827361374,28.506256,77.403598,0.0,PETROL,,14.9,0,848,30.6
1790827362735,28.506241,77.403611,0.0,PETROL,,14.9,0,843,36.1
1790827363572,28.506241,77.403611,0.0,PETROL,,29.4,0,846,36.1
1790827364443,28.506262,77.403621,1.0,PETROL,,24.3,,1261,36.1
1790827365934,28.506243,77.403652,3.0,PETROL,,23.1,,1146,49.8
1790827366646,28.506239,77.403667,6.0,PETROL,2.21,23.5,,1046,49.8
1790827367251,28.506239,77.403667,7.0,PETROL,3.09,23.5,1,1040,49.8
1790827368632,28.506231,77.403708,7.0,PETROL,3.72,23.9,1,1063,51.0
1790827369299,28.506231,77.403708,9.0,PETROL,4.51,23.9,1,1276,51.0
1790827369903,28.506226,77.403734,9.0,PETROL,4.73,26.3,1,1390,51.0
1790827371009,28.506223,77.403766,11.0,CNG,5.90,29.0,1,1530,52.9
1790827371612,28.506223,77.403766,13.0,CNG,6.02,29.0,1,1897,52.9
1790827372351,28.506218,77.403803,14.0,CNG,6.01,29.0,1,2058,52.9
1790827373446,28.506209,77.403845,15.0,CNG,6.31,29.4,1,2212,48.6
1790827374088,28.506198,77.403889,16.0,CNG,9.36,14.9,1,2315,48.6
1790827374708,28.506187,77.403927,16.0,CNG,9.26,31.8,,1434,48.6
1790827375799,28.506152,77.403976,17.0,CNG,9.25,32.5,2,1387,61.2
1790827376405,28.506152,77.403976,19.0,CNG,10.01,28.2,2,1483,61.2
1790827377071,28.506130,77.404027,20.0,CNG,11.05,23.5,2,1533,61.2
1790827378119,28.506108,77.404073,20.0,CNG,12.54,28.2,2,1522,37.3
1790827378762,28.506082,77.404128,20.0,CNG,18.30,14.9,2,1491,37.3
1790827379361,28.506082,77.404128,19.0,CNG,23.52,14.9,3,1009,37.3
1790827380573,28.506060,77.404186,15.0,CNG,25.52,14.9,,925,26.7
1790827381210,28.506037,77.404218,9.0,CNG,23.81,14.9,,885,26.7
1790827381900,28.506036,77.404249,8.0,CNG,21.87,14.9,,883,26.7
1790827382978,28.506027,77.404258,8.0,CNG,31.86,14.9,,877,58.0
1790827383597,28.506027,77.404258,9.0,CNG,11.06,39.6,1,1221,58.0
1790827384231,28.506031,77.404282,12.0,CNG,9.86,34.5,,785,58.0
1790827385342,28.506015,77.404337,15.0,CNG,10.77,32.5,2,1158,52.9
1790827385993,28.505998,77.404367,17.0,CNG,11.32,31.0,2,1293,52.9
1790827386608,28.505998,77.404367,19.0,CNG,12.14,30.6,2,1394,52.9
1790827387713,28.505963,77.404466,20.0,CNG,12.11,30.6,2,1491,47.1
1790827388490,28.505963,77.404466,22.0,CNG,12.24,30.6,2,1683,47.1
1790827389110,28.505944,77.404521,23.0,CNG,11.90,29.4,2,1773,47.1
1790827390217,28.505926,77.404586,24.0,CNG,11.82,29.4,2,1836,52.5
1790827390844,28.505908,77.404655,26.0,CNG,12.07,29.4,2,1961,52.5
1790827391490,28.505908,77.404655,26.0,CNG,17.24,27.8,2,2003,52.5
1790827392561,28.505885,77.404720,26.0,CNG,17.22,24.3,2,1985,38.8
1790827393206,28.505865,77.404790,26.0,CNG,21.95,14.9,2,1992,38.8
1790827393829,28.505841,77.404860,25.0,CNG,17.91,26.3,2,1926,38.8
1790827394946,28.505826,77.404916,25.0,CNG,18.35,22.0,2,1880,29.8
1790827395560,28.505826,77.404916,25.0,CNG,20.21,20.0,2,1890,29.8
1790827396189,28.505813,77.404983,24.0,CNG,24.21,22.4,2,1877,29.8
1790827397266,28.505814,77.405047,24.0,CNG,20.56,27.8,2,1833,32.9
1790827397934,28.505826,77.405112,24.0,CNG,24.08,19.6,2,1861,32.9
1790827398558,28.505826,77.405112,24.0,CNG,27.65,14.9,2,1789,32.9
1790827399813,28.505878,77.405215,23.0,CNG,35.23,14.9,3,1273,17.6
1790827400445,28.505878,77.405215,14.0,CNG,32.67,14.9,,902,17.6
1790827401099,28.505894,77.405241,8.0,CNG,27.17,14.9,,879,17.6
1790827402222,28.505903,77.405253,7.0,CNG,11.64,30.6,1,894,47.5
1790827402900,28.505912,77.405261,10.0,CNG,8.90,29.4,1,1419,47.5
1790827403512,28.505912,77.405261,12.0,CNG,7.65,29.0,1,1706,47.5
1790827404717,28.505977,77.405296,13.0,CNG,6.91,29.4,1,1924,49.8
1790827405412,28.505977,77.405296,16.0,CNG,10.55,14.9,1,2211,49.8
1790827406161,28.506019,77.405301,16.0,CNG,8.65,36.9,,1432,49.8
1790827407386,28.506062,77.405299,18.0,CNG,9.04,36.5,2,1377,65.9
1790827408061,28.506109,77.405280,22.0,CNG,10.04,34.1,2,1643,65.9
1790827408884,28.506155,77.405251,23.0,CNG,10.94,32.2,2,1763,65.9
1790827410094,28.506206,77.405221,25.0,CNG,11.98,32.2,2,1923,48.6
1790827410743,28.506261,77.405184,28.0,CNG,12.93,31.8,2,2114,48.6
1790827411439,28.506261,77.405184,29.0,CNG,13.48,31.4,2,2200,48.6
1790827412665,28.506385,77.405093,30.0,CNG,14.18,31.0,2,2292,37.6
1790827413303,28.506385,77.405093,32.0,CNG,15.37,30.2,2,2447,37.6
1790827414006,28.506452,77.405047,33.0,CNG,17.25,27.8,2,2530,37.6
1790827415236,28.506520,77.404999,34.0,CNG,18.82,27.5,2,2572,27.5
1790827415887,28.506590,77.404949,35.0,CNG,22.09,14.9,2,2657,27.5
1790827416602,28.506590,77.404949,35.0,CNG,28.91,14.9,3,1950,27.5
1790827417890,28.506733,77.404847,34.0,CNG,24.49,32.5,4,1174,52.5
1790827418668,28.506809,77.404795,36.0,CNG,21.22,30.2,3,1810,52.5
1790827419391,28.506809,77.404795,36.0,CNG,19.97,29.8,3,1844,52.5
1790827420531,28.506886,77.404742,37.0,CNG,19.62,29.4,3,1873,50.6
1790827421230,28.506960,77.404686,38.0,CNG,19.07,29.4,3,1912,50.6
1790827421836,28.507036,77.404622,39.0,CNG,19.45,29.0,3,1936,50.6
1790827422927,28.507119,77.404560,39.0,CNG,19.52,28.6,3,1968,48.2
1790827423598,28.507119,77.404560,40.0,CNG,20.16,28.6,3,2016,48.2
1790827424210,28.507198,77.404497,40.0,CNG,26.70,14.9,3,2030,48.2
1790827425338,28.507278,77.404440,40.0,CNG,33.69,14.9,3,2075,18.0
1790827425923,28.507357,77.404378,38.0,CNG,38.88,14.9,3,1937,18.0
1790827426619,28.507433,77.404318,38.0,CNG,42.62,14.9,3,1906,18.0
1790827427706,28.507507,77.404256,37.0,CNG,45.13,14.9,3,1861,19.2
1790827428409,28.507507,77.404256,35.0,CNG,46.75,27.1,3,1803,19.2
1790827429152,28.507573,77.404206,35.0,CNG,28.15,35.3,3,1803,19.2
1790827430263,28.507640,77.404155,36.0,CNG,22.97,34.9,3,1845,50.2
1790827430853,28.507707,77.404085,38.0,CNG,22.69,29.0,3,1930,50.2
1790827431478,28.507707,77.404085,39.0,CNG,23.89,28.2,3,1967,50.2
1790827432590,28.507799,77.404032,39.0,CNG,24.37,28.2,3,1980,38.8
1790827433279,28.507882,77.403979,40.0,CNG,24.27,29.0,3,2010,38.8
1790827433877,28.507966,77.403924,40.0,CNG,23.40,29.0,3,2043,38.8
1790827434979,28.508048,77.403865,41.0,CNG,21.19,28.6,3,2058,48.2
1790827435589,28.508048,77.403865,41.0,CNG,20.66,28.6,3,2107,48.2
1790827436217,28.508131,77.403803,42.0,CNG,20.56,28.6,3,2106,48.2
1790827437357,28.508216,77.403744,42.0,CNG,20.44,28.6,3,2125,45.5
1790827438007,28.508304,77.403677,42.0,CNG,20.41,28.6,3,2148,45.5
1790827438588,28.508304,77.403677,43.0,CNG,20.73,28.6,3,2175,45.5
1790827439657,28.508481,77.403555,43.0,CNG,27.59,14.9,3,2181,19.2
1790827440257,28.508481,77.403555,42.0,CNG,31.03,24.3,3,2144,19.2
1790827440904,28.508569,77.403496,42.0,CNG,32.38,24.3,3,2162,19.2
1790827442011,28.508657,77.403436,42.0,CNG,33.41,24.3,3,2138,25.9
1790827442684,28.508747,77.403375,42.0,CNG,34.09,24.7,3,2139,25.9
1790827443284,28.508747,77.403375,42.0,CNG,33.37,25.9,3,2125,25.9
1790827444415,28.508835,77.403320,42.0,CNG,33.36,23.9,3,2144,25.5
1790827445057,28.508926,77.403259,42.0,CNG,33.55,25.1,3,2133,25.5
1790827445741,28.509015,77.403198,42.0,CNG,34.90,14.9,3,2130,25.5
1790827446856,28.509104,77.403140,41.0,CNG,39.61,27.5,3,2112,34.9
1790827447525,28.509104,77.403140,42.0,CNG,33.47,27.8,3,2117,34.9
1790827448290,28.509190,77.403079,42.0,CNG,31.54,27.1,3,2132,34.9
1790827449516,28.509277,77.403012,43.0,CNG,31.85,25.9,3,2157,28.6
1790827450104,28.509360,77.402946,43.0,CNG,32.92,25.5,3,2166,28.6
1790827450737,28.509449,77.402878,43.0,CNG,33.40,25.5,3,2175,28.6
1790827451922,28.509536,77.402812,43.0,CNG,33.77,25.5,3,2174,26.3
1790827452547,28.509536,77.402812,43.0,CNG,34.32,25.1,3,2183,26.3
1790827453159,28.509625,77.402745,43.0,CNG,34.56,25.1,3,2192,26.3
1790827454283,28.509716,77.402684,43.0,CNG,31.92,25.5,3,2195,36.5
1790827454909,28.509804,77.402618,43.0,CNG,30.16,25.1,3,2185,36.5
1790827455515,28.509804,77.402618,43.0,CNG,29.03,25.1,3,2186,36.5
1790827456663,28.509977,77.402496,43.0,CNG,28.31,25.1,3,2187,34.1
1790827457297,28.509977,77.402496,43.0,CNG,28.11,25.1,3,2192,34.1
1790827457900,28.510067,77.402434,43.0,CNG,28.06,25.1,3,2175,34.1
1790827459078,28.510155,77.402368,43.0,CNG,28.27,24.3,3,2165,24.7
1790827459697,28.510239,77.402304,41.0,CNG,38.18,14.9,4,1361,24.7
1790827460404,28.510239,77.402304,40.0,CNG,50.02,14.9,5,1174,24.7
1790827461585,28.510317,77.402241,36.0,CNG,60.27,14.9,5,1005,23.1
1790827462210,28.510381,77.402186,30.0,CNG,60.73,14.9,5,889,23.1
1790827462819,28.510432,77.402130,28.0,CNG,59.83,14.9,5,880,23.1
1790827464011,28.510465,77.402067,26.0,CNG,57.44,14.9,4,883,26.3
1790827464597,28.510465,77.402067,25.0,CNG,57.38,14.9,4,882,26.3
1790827465248,28.510469,77.401999,25.0,CNG,51.84,24.3,4,885,26.3
1790827466333,28.510448,77.401939,25.0,CNG,32.41,28.6,3,1261,43.9
1790827467012,28.510407,77.401889,27.0,CNG,26.24,29.0,3,1365,43.9
1790827467606,28.510407,77.401889,29.0,CNG,25.93,26.3,3,1456,43.9
1790827468933,28.510302,77.401772,30.0,CNG,27.40,23.9,3,1516,23.1
1790827469592,28.510302,77.401772,32.0,CNG,29.21,22.4,3,1606,23.1
1790827470202,28.510242,77.401711,32.0,CNG,27.39,24.7,3,1646,23.1
1790827471292,28.510180,77.401653,33.0,CNG,22.23,31.0,3,1665,51.8
1790827472018,28.510118,77.401587,35.0,CNG,19.77,32.9,3,1754,51.8
1790827472616,28.510055,77.401522,35.0,CNG,18.69,32.9,3,1790,51.8
1790827473808,28.509991,77.401454,36.0,CNG,18.35,32.5,3,1836,54.1
1790827474426,28.509991,77.401454,38.0,CNG,18.16,32.5,3,1931,54.1
1790827475108,28.509925,77.401382,39.0,CNG,17.51,32.2,3,1975,54.1
1790827476284,28.509852,77.401309,40.0,CNG,17.26,32.2,3,2024,53.7
1790827476903,28.509782,77.401232,41.0,CNG,17.77,32.2,3,2082,53.7
1790827477503,28.509782,77.401232,41.0,CNG,19.26,32.2,3,2116,53.7
1790827478643,28.509636,77.401069,42.0,CNG,20.72,32.2,3,2153,40.8
1790827479278,28.509636,77.401069,44.0,CNG,21.92,32.2,3,2226,40.8
1790827479959,28.509561,77.400992,44.0,CNG,22.00,32.2,3,2252,40.8
1790827481064,28.509476,77.400910,45.0,CNG,22.57,32.2,3,2295,40.0
1790827481711,28.509383,77.400819,47.0,CNG,23.24,31.4,3,2360,40.0
1790827482331,28.509383,77.400819,47.0,CNG,24.36,31.4,3,2400,40.0
1790827483418,28.509298,77.400729,48.0,CNG,25.07,31.4,3,2429,37.3
1790827483994,28.509211,77.400638,49.0,CNG,25.41,31.4,3,2489,37.3
1790827484619,28.509118,77.400544,50.0,CNG,32.52,14.9,3,2519,37.3
1790827485762,28.509031,77.400450,49.0,CNG,40.72,21.6,,2131,32.5
1790827486500,28.509031,77.400450,49.0,CNG,38.61,27.8,4,1838,32.5
1790827487081,28.508943,77.400356,50.0,CNG,37.81,28.2,,,32.5
1790827488574,28.508856,77.400263,50.0,CNG,37.36,27.8,4,1851,41.6
1790827489271,28.508769,77.400170,51.0,CNG,32.39,27.8,4,1865,41.6
1790827489922,28.508682,77.400077,51.0,CNG,32.25,27.8,4,1876,41.6
1790827490973,28.508590,77.399981,51.0,CNG,32.02,27.8,4,1880,42.7
1790827491621,28.508503,77.399886,51.0,CNG,31.59,27.8,4,1894,42.7
1790827492227,28.508503,77.399886,51.0,CNG,31.71,27.8,4,1899,42.7
1790827493319,28.508414,77.399788,51.0,CNG,31.56,27.8,4,1901,43.1
1790827493905,28.508321,77.399692,51.0,CNG,33.84,27.8,4,1892,43.1
1790827494560,28.508321,77.399692,52.0,CNG,35.60,27.8,4,1904,43.1
1790827495608,28.508230,77.399598,52.0,CNG,36.40,27.8,4,1921,34.9
1790827496260,28.508134,77.399502,52.0,CNG,37.18,27.8,4,1926,34.9
1790827496867,28.508041,77.399408,52.0,CNG,37.63,27.8,4,1937,34.9
1790827498080,28.507948,77.399311,52.0,CNG,38.14,27.8,4,1943,34.5
1790827498680,28.507851,77.399212,53.0,CNG,37.74,28.2,4,1962,34.5
1790827499354,28.507851,77.399212,53.0,CNG,38.03,28.2,4,1966,34.5
1790827500521,28.507751,77.399111,53.0,CNG,37.80,28.2,4,1975,35.7
1790827501133,28.507652,77.399006,54.0,CNG,38.06,28.2,4,1980,35.7
1790827501718,28.507558,77.398909,54.0,CNG,38.48,28.2,4,1987,35.7
1790827502850,28.507465,77.398809,54.0,CNG,38.58,28.2,4,1994,35.3
1790827503486,28.507465,77.398809,54.0,CNG,38.24,28.2,4,2017,35.3
1790827504134,28.507368,77.398709,55.0,CNG,38.76,28.2,4,2015,35.3
1790827505223,28.507271,77.398608,55.0,CNG,39.04,28.2,4,2031,34.9
1790827505889,28.507174,77.398505,55.0,CNG,39.12,27.8,4,2035,34.9
1790827506490,28.507174,77.398505,55.0,CNG,39.49,27.8,4,2039,34.9
1790827507632,28.506978,77.398299,55.0,CNG,39.36,27.8,4,2048,39.6
1790827508442,28.506978,77.398299,55.0,CNG,33.88,27.8,4,2051,39.6
1790827509061,28.506870,77.398200,56.0,CNG,34.33,27.5,4,2073,39.6
1790827510115,28.506772,77.398093,56.0,CNG,33.98,27.5,4,2085,40.0
1790827510769,28.506674,77.397994,56.0,CNG,34.60,25.9,4,2075,40.0
1790827511352,28.506674,77.397994,56.0,CNG,35.77,25.9,4,2077,40.0
1790827512461,28.506573,77.397887,56.0,CNG,36.14,25.9,4,2070,37.6
1790827513114,28.506477,77.397776,56.0,CNG,35.33,26.7,4,2072,37.6
1790827513768,28.506379,77.397671,55.0,CNG,45.89,14.9,4,1896,37.6
1790827514896,28.506281,77.397564,55.0,CNG,61.05,14.9,,1107,18.4
1790827515542,28.506281,77.397564,52.0,CNG,74.18,14.9,,914,18.4
1790827516163,28.506188,77.397467,50.0,CNG,83.83,14.9,,888,18.4
1790827517321,28.506104,77.397383,47.0,CNG,89.35,14.9,,892,25.1
1790827517941,28.506029,77.397303,40.0,CNG,88.67,14.9,,882,25.1
1790827518563,28.506029,77.397303,37.0,CNG,85.60,14.9,,882,25.1
1790827519625,28.505897,77.397186,34.0,CNG,80.77,14.9,,884,25.5
1790827520241,28.505897,77.397186,28.0,CNG,72.87,14.9,5,879,25.5
1790827520855,28.505850,77.397137,25.0,CNG,65.16,14.9,4,885,25.5
1790827522013,28.505818,77.397105,21.0,CNG,57.34,14.9,4,883,25.5
1790827522637,28.505787,77.397076,14.0,CNG,46.59,14.9,,884,25.5
1790827523273,28.505787,77.397076,11.0,CNG,33.69,14.9,2,879,25.5
1790827524355,28.505771,77.397053,7.0,CNG,23.16,14.9,1,870,36.5
1790827524988,28.505762,77.397044,4.0,CNG,15.23,14.9,,871,36.5
1790827525583,28.505762,77.397044,2.0,CNG,9.30,14.9,,871,36.5
1790827526729,28.505759,77.397041,0.0,CNG,5.35,14.9,0,871,42.4
1790827527315,28.505759,77.397041,0.0,CNG,,14.9,0,867,42.4
1790827528090,28.505760,77.397040,0.0,CNG,,14.9,0,862,42.4
1790827529263,28.505761,77.397041,0.0,CNG,,14.9,0,866,40.8
1790827529922,28.505762,77.397041,0.0,CNG,,14.9,0,859,40.8
1790827530505,28.505762,77.397041,0.0,CNG,,14.9,0,859,40.8
1790827531636,28.505761,77.397040,0.0,CNG,,14.9,0,853,23.9
1790827532257,28.505761,77.397040,0.0,CNG,,14.9,0,870,23.9
1790827532928,28.505760,77.397039,0.0,CNG,,14.9,0,864,23.9
1790827534021,28.505760,77.397037,0.0,CNG,,14.9,0,869,22.0
1790827534673,28.505759,77.397036,0.0,CNG,,14.9,0,862,22.0
1790827535309,28.505759,77.397036,0.0,CNG,,32.2,0,898,22.0
1790827536419,28.505760,77.397036,0.0,CNG,,14.9,0,1899,20.4
1790827537025,28.505760,77.397036,0.0,CNG,,14.9,0,1094,20.4
1790827537643,28.505760,77.397036,0.0,CNG,,14.9,0,936,20.4
1790827538745,28.505760,77.397036,0.0,CNG,,14.9,0,846,29.4
1790827539375,28.505760,77.397036,0.0,CNG,,14.9,0,850,29.4
1790827540001,28.505760,77.397036,0.0,CNG,,14.9,0,854,29.4
1790827541150,28.505760,77.397036,0.0,CNG,,14.9,0,854,40.8
1790827541825,28.505760,77.397036,0.0,CNG,,14.9,0,852,40.8
1790827542445,28.505760,77.397036,0.0,CNG,,14.9,0,853,40.8
1790827543579,28.505760,77.397036,0.0,CNG,,14.9,0,855,39.2
1790827544234,28.505760,77.397036,0.0,CNG,,14.9,0,850,39.2
1790827544861,28.505760,77.397036,0.0,CNG,,14.9,0,847,39.2
1790827545985,28.505760,77.397036,0.0,CNG,,14.9,0,848,24.7
1790827546576,28.505760,77.397036,0.0,CNG,,14.9,0,853,24.7
1790827547199,28.505760,77.397036,0.0,CNG,,14.9,0,838,24.7
1790827548462,28.505760,77.397036,0.0,CNG,,14.9,0,849,23.1
1790827549220,28.505760,77.397036,0.0,CNG,,14.9,0,851,23.1
1790827549874,28.505760,77.397036,0.0,CNG,,14.9,0,848,23.1
1790827551007,28.505760,77.397036,0.0,CNG,,14.9,0,843,23.1
1790827551631,28.505760,77.397036,0.0,CNG,,14.9,0,848,23.1
1790827552307,28.505760,77.397036,0.0,CNG,,14.9,0,851,23.1
1790827553381,28.505760,77.397036,0.0,CNG,,14.9,0,858,34.9
1790827554031,28.505760,77.397036,0.0,CNG,,27.1,0,855,34.9
1790827554637,28.505760,77.397036,0.0,CNG,,19.6,0,1408,34.9
1790827555727,28.505760,77.397036,0.0,CNG,,19.2,0,1436,29.8
1790827556342,28.505760,77.397036,0.0,CNG,,14.9,0,1311,29.8
1790827556976,28.505760,77.397036,0.0,CNG,,23.5,0,1137,29.8
1790827558156,28.505760,77.397036,0.0,CNG,,21.2,0,1251,33.7
1790827558791,28.505760,77.397036,0.0,CNG,,14.9,0,1468,33.7
1790827559397,28.505760,77.397036,0.0,CNG,,14.9,0,1319,33.7
1790827560564,28.505760,77.397036,0.0,CNG,,22.7,0,1190,35.3
1790827561194,28.505760,77.397036,1.0,CNG,,14.9,,945,35.3
1790827561802,28.505760,77.397036,1.0,CNG,,14.9,,903,35.3
1790827562907,28.505760,77.397036,1.0,CNG,,14.9,,878,24.7
1790827563588,28.505760,77.397036,1.0,CNG,,14.9,,873,24.7
1790827564249,28.505760,77.397036,0.0,CNG,,14.9,0,862,24.7
1790827565500,28.505760,77.397036,0.0,CNG,,14.9,0,866,38.8
1790827566126,28.505760,77.397036,0.0,CNG,,21.6,0,1065,38.8
1790827566757,28.505754,77.397029,3.0,CNG,,21.6,,634,38.8
1790827568001,28.505747,77.397019,5.0,CNG,,22.4,1,711,48.6
1790827568740,28.505736,77.397009,7.0,CNG,5.79,22.7,1,1010,48.6
1790827569406,28.505736,77.397009,8.0,CNG,6.46,22.7,1,1134,48.6
1790827570572,28.505721,77.396993,9.0,CNG,7.15,22.4,1,1238,42.0
1790827571166,28.505704,77.396974,9.0,CNG,7.35,22.7,,1424,42.0
1790827571775,28.505686,77.396955,10.0,CNG,7.74,22.7,1,1448,42.0
1790827572941,28.505668,77.396934,10.0,CNG,7.96,22.4,1,1486,38.4
1790827573557,28.505668,77.396934,10.0,CNG,8.25,22.7,1,1535,38.4
1790827574152,28.505648,77.396914,11.0,CNG,8.53,22.7,1,1551,38.4
1790827575347,28.505628,77.396893,11.0,CNG,8.75,22.7,1,1608,28.6
1790827575975,28.505607,77.396871,12.0,CNG,10.10,23.1,1,1729,28.6
1790827576594,28.505607,77.396871,12.0,CNG,11.15,23.1,1,1805,28.6
1790827577727,28.505563,77.396820,13.0,CNG,11.98,23.1,1,1871,19.2
1790827578423,28.505563,77.396820,13.0,CNG,14.43,25.5,,1208,19.2
1790827579028,28.505541,77.396792,14.0,CNG,14.75,24.3,2,1032,19.2
1790827580098,28.505520,77.396761,14.0,CNG,15.50,24.3,2,1081,36.5
1790827580701,28.505500,77.396729,15.0,CNG,17.13,20.8,2,1162,36.5
1790827581369,28.505500,77.396729,15.0,CNG,21.78,14.9,2,1124,36.5
1790827582485,28.505481,77.396696,15.0,CNG,26.80,14.9,,980,22.4
1790827583108,28.505465,77.396662,14.0,CNG,27.53,14.9,,861,22.4
1790827583742,28.505452,77.396629,13.0,CNG,16.86,23.5,,872,22.4
1790827584850,28.505440,77.396597,13.0,CNG,16.58,22.4,2,992,23.1
1790827585466,28.505440,77.396597,13.0,CNG,18.42,14.9,2,966,23.1
1790827586138,28.505428,77.396565,12.0,CNG,17.71,19.6,2,909,23.1
1790827587242,28.505421,77.396533,13.0,CNG,14.66,23.9,2,970,53.3
1790827587947,28.505423,77.396495,14.0,CNG,13.19,23.9,2,1082,53.3
1790827588810,28.505430,77.396452,15.0,CNG,12.63,24.3,2,1162,53.3
1790827590006,28.505443,77.396408,17.0,CNG,12.98,,2,1251,49.0
1790827590642,28.505460,77.396362,18.0,CNG,12.84,26.3,2,1370,49.0
1790827591290,28.505460,77.396362,19.0,CNG,13.00,26.3,2,1414,49.0
1790827592424,28.505486,77.396315,19.0,CNG,13.16,26.3,2,1476,41.2
1790827593080,28.505507,77.396265,20.0,CNG,14.41,26.3,2,1554,41.2
1790827593692,28.505531,77.396213,21.0,CNG,15.23,25.9,2,1617,41.2
1790827594859,28.505558,77.396161,22.0,CNG,16.01,25.9,2,1665,34.5
1790827595521,28.505558,77.396161,23.0,CNG,17.11,25.5,2,1738,34.5
1790827596176,28.505586,77.396104,23.0,CNG,17.54,25.5,2,1792,34.5
1790827597339,28.505616,77.396042,24.0,CNG,18.33,25.5,2,1828,32.2
1790827597954,28.505646,77.395984,25.0,CNG,18.91,25.5,2,1896,32.2
1790827598582,28.505646,77.395984,26.0,CNG,19.67,25.5,2,1949,32.2
1790827599750,28.505703,77.395860,26.0,CNG,19.89,25.5,2,1975,31.0
1790827600403,28.505703,77.395860,27.0,CNG,19.35,25.5,2,2029,31.0
1790827601092,28.505733,77.395792,27.0,CNG,18.66,25.5,2,2062,31.0
1790827602227,28.505762,77.395724,27.0,CNG,17.15,25.5,2,2084,38.4
1790827602905,28.505794,77.395653,28.0,CNG,16.83,25.9,2,2140,38.4
1790827603536,28.505794,77.395653,28.0,CNG,16.56,25.9,2,2158,38.4
1790827604671,28.505858,77.395506,29.0,CNG,16.93,25.5,2,2196,37.6
1790827605330,28.505858,77.395506,29.0,CNG,16.90,25.9,2,2218,37.6
1790827605965,28.505890,77.395431,29.0,CNG,16.68,25.9,2,2232,37.6
1790827607071,28.505924,77.395359,30.0,CNG,16.75,25.9,2,2251,34.9
1790827607765,28.505960,77.395287,30.0,CNG,18.31,26.3,2,2247,34.9
1790827608493,28.505960,77.395287,31.0,CNG,14.62,32.5,2,2327,34.9
1790827609709,28.506032,77.395137,32.0,CNG,15.03,32.2,2,2411,38.0
1790827610362,28.506032,77.395137,34.0,CNG,16.15,31.0,2,2558,38.0
1790827610998,28.506073,77.395055,35.0,CNG,16.67,31.0,2,2651,38.0
1790827612193,28.506116,77.394969,36.0,CNG,17.18,25.1,2,2723,21.6
1790827612841,28.506154,77.394881,36.0,CNG,23.71,26.7,3,1988,21.6
1790827613470,28.506154,77.394881,36.0,CNG,23.32,29.8,3,1854,21.6
1790827614644,28.506247,77.394707,37.0,CNG,24.01,29.0,3,1864,37.6
1790827615276,28.506247,77.394707,38.0,CNG,24.51,29.0,3,1920,37.6
1790827615893,28.506291,77.394612,38.0,CNG,24.90,28.6,3,1946,37.6
1790827616982,28.506334,77.394519,39.0,CNG,25.54,28.6,3,1980,36.9
1790827617669,28.506381,77.394422,40.0,CNG,25.59,29.8,3,2021,36.9
1790827618268,28.506381,77.394422,40.0,CNG,25.28,29.8,3,2038,36.9
1790827619467,28.506425,77.394326,41.0,CNG,22.95,29.8,3,2064,58.0
1790827620062,28.506477,77.394221,42.0,CNG,19.34,34.5,3,2144,58.0
1790827620699,28.506529,77.394121,43.0,CNG,18.23,34.1,3,2186,58.0
1790827621818,28.506582,77.394019,44.0,CNG,17.38,33.3,3,2235,51.4
1790827622492,28.506582,77.394019,45.0,CNG,17.90,32.5,3,2300,51.4
1790827623133,28.506631,77.393909,46.0,CNG,18.09,32.2,3,2340,51.4
1790827624287,28.506681,77.393796,47.0,CNG,18.53,31.8,3,2374,40.0
1790827624888,28.506729,77.393679,48.0,CNG,21.23,31.4,3,2418,40.0
1790827625609,28.506729,77.393679,48.0,CNG,23.02,31.4,3,2454,40.0
1790827626773,28.506840,77.393436,49.0,CNG,24.29,31.4,3,2494,35.3
1790827627386,28.506840,77.393436,50.0,CNG,31.00,18.8,3,2535,35.3
1790827628034,28.506895,77.393314,50.0,CNG,38.25,23.1,3,2361,35.3
1790827629223,28.506946,77.393190,50.0,CNG,37.40,28.6,4,1894,33.7
1790827629813,28.506999,77.393065,50.0,CNG,46.97,14.9,4,1822,33.7
1790827630466,28.506999,77.393065,50.0,CNG,63.69,14.9,,1217,33.7
1790827631523,28.507052,77.392945,47.0,CNG,78.83,14.9,,994,20.8
1790827632169,28.507101,77.392831,45.0,CNG,85.11,14.9,,888,20.8
1790827632755,28.507148,77.392722,44.0,CNG,89.40,14.9,,886,20.8
1790827633982,28.507197,77.392617,43.0,CNG,91.49,14.9,,877,24.7
1790827634606,28.507197,77.392617,42.0,CNG,88.86,14.9,,877,24.7
1790827635274,28.507244,77.392516,42.0,CNG,90.58,14.9,,884,24.7
1790827636433,28.507295,77.392413,41.0,CNG,90.60,14.9,,877,25.9
1790827637134,28.507334,77.392321,35.0,CNG,85.60,14.9,,886,25.9
1790827637736,28.507373,77.392246,30.0,CNG,77.07,14.9,5,873,25.9
1790827638923,28.507408,77.392179,26.0,CNG,62.97,14.9,4,877,34.5
1790827639511,28.507408,77.392179,26.0,CNG,50.57,14.9,4,865,34.5
1790827640143,28.507442,77.392118,25.0,CNG,42.41,14.9,4,866,34.5
1790827641385,28.507473,77.392056,22.0,CNG,35.35,14.9,4,865,43.5
1790827642035,28.507494,77.392016,17.0,CNG,30.29,14.9,3,873,43.5
1790827642625,28.507510,77.391983,15.0,CNG,26.79,14.9,,865,43.5
1790827643821,28.507521,77.391959,11.0,CNG,21.76,14.9,2,873,41.6
1790827644409,28.507521,77.391959,8.0,CNG,17.92,14.9,,866,41.6
1790827645060,28.507533,77.391941,8.0,CNG,12.42,26.3,,812,41.6
1790827646196,28.507551,77.391925,9.0,CNG,15.13,14.9,,887,22.0
1790827646818,28.507557,77.391911,6.0,CNG,15.09,14.9,1,886,22.0
1790827647430,28.507557,77.391911,5.0,CNG,14.44,14.9,,886,22.0
1790827648759,28.507568,77.391891,4.0,CNG,12.97,14.9,,893,22.7
1790827649391,28.507568,77.391891,4.0,CNG,6.32,30.6,,919,22.7
1790827650019,28.507574,77.391883,5.0,CNG,5.13,26.7,,1152,22.7
1790827651133,28.507582,77.391871,6.0,CNG,8.18,14.9,1,840,21.2
1790827651818,28.507589,77.391859,5.0,CNG,8.39,14.9,,871,21.2
1790827652474,28.507589,77.391859,1.0,CNG,5.42,14.9,,851,21.2
1790827653610,28.507592,77.391858,1.0,CNG,,21.6,,864,61.2
1790827654235,28.507591,77.391858,3.0,CNG,,14.9,,875,61.2
1790827654845,28.507593,77.391858,3.0,CNG,,14.9,,842,61.2
1790827655940,28.507594,77.391859,2.0,CNG,,14.9,,855,40.0
1790827656612,28.507596,77.391859,2.0,CNG,,23.9,,1225,40.0
1790827657245,28.507596,77.391859,4.0,CNG,,14.9,,1180,40.0
1790827658410,28.507604,77.391850,4.0,CNG,3.41,14.9,,1066,43.9
1790827659042,28.507612,77.391837,5.0,CNG,4.64,14.9,,872,43.9
1790827659703,28.507620,77.391828,4.0,CNG,4.89,14.9,,865,43.9
1790827660908,28.507625,77.391818,3.0,CNG,4.67,14.9,,870,40.0
1790827661542,28.507625,77.391818,2.0,CNG,,22.0,,823,40.0
1790827662163,28.507626,77.391809,3.0,CNG,,14.9,,982,40.0
1790827663269,28.507626,77.391798,3.0,CNG,,14.9,,807,51.0
1790827663870,28.507624,77.391788,3.0,CNG,,14.9,,732,51.0
1790827664511,28.507624,77.391788,2.0,CNG,,14.9,,853,51.0
1790827665634,28.507618,77.391769,2.0,CNG,,28.2,,1136,52.2
1790827666308,28.507618,77.391769,4.0,CNG,2.38,28.2,,966,52.2
1790827666893,28.507616,77.391753,6.0,CNG,4.88,14.9,1,790,52.2
1790827668131,28.507609,77.391741,5.0,CNG,4.88,22.0,,834,38.4
1790827668917,28.507600,77.391730,5.0,CNG,6.39,14.9,,860,38.4
1790827669553,28.507600,77.391730,5.0,CNG,7.78,14.9,,889,38.4
1790827670629,28.507585,77.391719,1.0,CNG,5.85,14.9,,896,25.1
1790827671271,28.507585,77.391719,0.0,CNG,,14.9,0,876,25.1
1790827671867,28.507581,77.391720,0.0,CNG,,14.9,0,874,25.1
1790827672998,28.507578,77.391720,0.0,CNG,,14.9,0,866,54.5
1790827673619,28.507576,77.391719,1.0,CNG,,14.9,,1009,54.5
1790827674257,28.507576,77.391719,2.0,CNG,,14.9,,848,54.5
1790827675465,28.507575,77.391718,1.0,CNG,,23.1,,864,57.3
1790827676101,28.507570,77.391712,3.0,CNG,,21.6,,824,57.3
1790827676711,28.507562,77.391703,5.0,CNG,3.45,20.4,,834,57.3
1790827677826,28.507549,77.391692,6.0,CNG,4.80,20.4,1,852,44.3
1790827678426,28.507549,77.391692,7.0,CNG,6.03,23.1,1,991,44.3
1790827679071,28.507534,77.391679,8.0,CNG,6.64,23.5,1,1112,44.3
1790827680253,28.507516,77.391666,9.0,CNG,8.35,22.7,1,1266,22.4
1790827680932,28.507496,77.391651,10.0,CNG,11.26,14.9,1,1538,22.4
1790827681541,28.507496,77.391651,10.0,CNG,15.07,14.9,1,1371,22.4
1790827682689,28.507462,77.391623,10.0,CNG,18.84,14.9,,1026,20.8
1790827683345,28.507462,77.391623,5.0,CNG,15.92,14.9,,861,20.8
1790827684011,28.507454,77.391618,3.0,CNG,12.40,14.9,,863,20.8
1790827685165,28.507452,77.391619,0.0,CNG,7.64,14.9,0,862,26.3
1790827685829,28.507451,77.391621,0.0,CNG,,28.6,0,1257,26.3
1790827686462,28.507451,77.391621,2.0,CNG,,21.6,,1420,26.3
1790827687544,28.507447,77.391619,4.0,CNG,,20.8,,989,34.1
1790827688256,28.507436,77.391612,6.0,CNG,6.54,20.8,1,841,34.1
1790827688987,28.507422,77.391601,7.0,CNG,8.54,18.0,1,1001,34.1
1790827690149,28.507406,77.391590,7.0,CNG,9.45,18.8,1,966,40.4
1790827690831,28.507392,77.391580,7.0,CNG,7.66,22.7,1,1074,40.4
1790827691465,28.507392,77.391580,8.0,CNG,8.58,19.6,1,1161,40.4
1790827692557,28.507376,77.391569,8.0,CNG,9.37,19.2,1,1196,31.4
1790827693145,28.507359,77.391555,8.0,CNG,10.05,19.2,1,1131,31.4
1790827693793,28.507343,77.391541,8.0,CNG,7.48,28.2,1,1146,31.4
1790827694919,28.507324,77.391524,9.0,CNG,7.54,22.7,1,1354,36.9
1790827695554,28.507324,77.391524,10.0,CNG,9.25,22.7,1,1515,36.9
1790827696135,28.507303,77.391509,11.0,CNG,11.41,22.4,1,1560,36.9
1790827697309,28.507280,77.391492,11.0,CNG,14.21,14.9,1,1595,17.6
1790827697913,28.507257,77.391473,9.0,CNG,16.87,14.9,,967,17.6
1790827698559,28.507257,77.391473,5.0,CNG,15.00,14.9,,873,17.6
1790827699708,28.507248,77.391463,1.0,CNG,10.33,14.9,,862,24.7
1790827700323,28.507248,77.391463,0.0,CNG,4.08,27.8,0,896,24.7
1790827700941,28.507247,77.391461,2.0,CNG,,14.9,,1261,24.7
1790827702109,28.507242,77.391456,3.0,CNG,,14.9,,1080,18.8
1790827702742,28.507236,77.391451,2.0,CNG,,14.9,,863,18.8
1790827703397,28.507236,77.391451,1.0,CNG,,14.9,,851,18.8
1790827704503,28.507234,77.391452,0.0,CNG,,23.1,0,871,47.5
1790827705143,28.507231,77.391451,3.0,CNG,,26.7,,820,47.5
1790827705769,28.507223,77.391444,5.0,CNG,3.50,14.9,,951,47.5
1790827706921,28.507210,77.391435,6.0,CNG,6.19,14.9,1,854,24.7
1790827707564,28.507210,77.391435,7.0,CNG,8.42,14.9,,849,24.7
1790827708259,28.507196,77.391425,4.0,CNG,7.62,14.9,,854,24.7
1790827709429,28.507190,77.391425,0.0,CNG,,14.9,0,855,41.2
1790827710095,28.507190,77.391425,0.0,CNG,,23.5,0,873,41.2
1790827710773,28.507189,77.391423,0.0,CNG,,20.4,0,1117,41.2
1790827711986,28.507183,77.391419,3.0,CNG,,21.6,,808,57.3
1790827712575,28.507183,77.391419,6.0,CNG,4.95,14.9,,729,57.3
1790827713285,28.507174,77.391412,6.0,CNG,7.94,14.9,1,840,57.3
1790827714433,28.507163,77.391400,6.0,CNG,10.33,14.9,1,864,22.7
1790827715056,28.507153,77.391390,4.0,CNG,9.77,14.9,,862,22.7
1790827715653,28.507146,77.391384,3.0,CNG,9.19,14.9,,881,22.7
1790827716782,28.507141,77.391381,3.0,CNG,8.70,14.9,,866,22.4
1790827717428,28.507141,77.391381,2.0,CNG,,21.6,,853,22.4
1790827718084,28.507138,77.391376,3.0,CNG,,14.9,,894,22.4
1790827719195,28.507134,77.391371,3.0,CNG,,14.9,,837,36.9
1790827719824,28.507129,77.391367,2.0,CNG,,14.9,,859,36.9
1790827720500,28.507129,77.391367,2.0,CNG,,14.9,,861,36.9
1790827721631,28.507125,77.391364,1.0,CNG,,14.9,,866,41.2
1790827722253,28.507125,77.391364,0.0,CNG,,14.9,0,865,41.2
1790827722909,28.507125,77.391365,0.0,CNG,,23.5,0,979,41.2
1790827724040,28.507124,77.391365,1.0,CNG,,14.9,,1109,49.8
1790827724720,28.507121,77.391364,1.0,CNG,,23.1,,1293,49.8
1790827725350,28.507121,77.391364,4.0,CNG,,20.8,,984,49.8
1790827726495,28.507114,77.391356,5.0,CNG,3.50,18.4,1,749,46.3
1790827727116,28.507104,77.391345,5.0,CNG,4.71,14.9,,854,46.3
1790827727721,28.507096,77.391336,4.0,CNG,5.23,14.9,,854,46.3
1790827729151,28.507090,77.391330,4.0,CNG,5.45,14.9,,860,40.8
1790827729853,28.507085,77.391326,2.0,CNG,4.30,14.9,,870,40.8
1790827730513,28.507085,77.391326,1.0,CNG,,14.9,,870,40.8
1790827731632,28.507086,77.391326,0.0,CNG,,14.9,0,866,56.9
1790827732312,28.507086,77.391326,1.0,CNG,,14.9,,942,56.9
1790827732978,28.507081,77.391323,3.0,CNG,,14.9,,711,56.9
1790827734106,28.507075,77.391319,3.0,CNG,,14.9,,882,23.9
1790827734754,28.507070,77.391316,2.0,CNG,,14.9,,883,23.9
1790827735431,28.507070,77.391316,2.0,CNG,,14.9,,870,23.9
1790827736635,28.507061,77.391310,2.0,CNG,,14.9,,864,27.8
1790827737225,28.507061,77.391310,2.0,CNG,,14.9,,869,27.8
1790827737833,28.507057,77.391305,2.0,CNG,,14.9,,858,27.8
1790827738946,28.507053,77.391301,2.0,CNG,,14.9,,824,40.8
1790827739617,28.507049,77.391297,2.0,CNG,,14.9,,855,40.8
1790827740245,28.507049,77.391297,2.0,CNG,,,,856,40.8
1790827741468,28.507045,77.391294,3.0,CNG,,17.3,,870,40.8
1790827742142,28.507038,77.391289,3.0,CNG,,14.9,,853,40.8
1790827742803,28.507032,77.391284,3.0,CNG,,14.9,,847,40.8
1790827743958,28.507028,77.391280,2.0,CNG,,14.9,,860,38.8
1790827744659,28.507027,77.391278,1.0,CNG,,14.9,,871,38.8
1790827745267,28.507027,77.391278,1.0,CNG,,14.9,,836,38.8
1790827746417,28.507021,77.391273,2.0,CNG,,29.8,,,29.4
1790827747024,28.507016,77.391268,4.0,CNG,,14.9,,1151,29.4
1790827747637,28.507010,77.391261,4.0,CNG,6.13,23.1,,1083,29.4
1790827748776,28.507001,77.391254,4.0,CNG,6.72,14.9,,1155,23.5
1790827749474,28.507001,77.391254,5.0,CNG,6.84,22.4,,892,23.5
1790827750083,28.506995,77.391244,7.0,CNG,7.19,25.1,1,935,23.5
1790827751214,28.506992,77.391234,7.0,CNG,7.47,24.7,1,1069,36.1
1790827751821,28.506987,77.391225,10.0,CNG,8.78,23.9,1,1378,36.1
1790827752471,28.506987,77.391225,10.0,CNG,9.46,23.9,1,1488,36.1
1790827753602,28.506976,77.391217,11.0,CNG,9.39,23.9,1,1573,34.9
1790827754286,28.506932,77.391198,12.0,CNG,8.82,23.9,1,1675,34.9
1790827754929,28.506898,77.391176,12.0,CNG,8.76,23.9,1,1690,34.9
1790827756086,28.506872,77.391153,12.0,CNG,10.24,14.9,1,1684,31.0
1790827756682,28.506848,77.391134,11.0,CNG,11.71,14.9,,1266,31.0
1790827757366,28.506848,77.391134,10.0,CNG,12.54,14.9,,1129,31.0
1790827758487,28.506827,77.391118,9.0,CNG,12.70,14.9,,992,55.3
1790827759122,28.506808,77.391101,10.0,CNG,11.01,24.3,,938,55.3
1790827759721,28.506796,77.391090,11.0,CNG,11.03,21.6,2,842,55.3
1790827760822,28.506771,77.391077,12.0,CNG,13.20,20.8,2,887,30.6
1790827761434,28.506771,77.391077,12.0,CNG,17.57,14.9,2,914,30.6
1790827762066,28.506746,77.391068,12.0,CNG,21.52,14.9,2,861,30.6
1790827763140,28.506727,77.391053,9.0,CNG,20.85,14.9,,864,25.5
1790827763774,28.506711,77.391039,7.0,CNG,18.97,14.9,1,868,25.5
1790827764393,28.506711,77.391039,6.0,CNG,16.89,14.9,1,864,25.5
1790827765529,28.506697,77.391026,6.0,CNG,16.60,14.9,1,855,40.8
1790827766146,28.506686,77.391015,7.0,CNG,14.14,18.0,1,1056,40.8
1790827766786,28.506678,77.391006,7.0,CNG,12.17,24.3,1,1056,40.8
1790827767953,28.506660,77.390990,8.0,CNG,9.44,24.3,1,1116,43.1
1790827768682,28.506634,77.390971,10.0,CNG,7.94,25.5,1,1459,43.1
1790827769379,28.506634,77.390971,11.0,CNG,7.38,14.9,1,1622,43.1
1790827770592,28.506608,77.390948,12.0,CNG,9.58,14.9,1,1509,45.1
1790827771270,28.506581,77.390925,13.0,CNG,10.75,14.9,2,994,45.1
1790827771883,28.506553,77.390900,13.0,CNG,13.53,14.9,2,1047,45.1
1790827772981,28.506530,77.390873,12.0,CNG,14.81,14.9,2,897,38.8
1790827773606,28.506530,77.390873,12.0,CNG,15.62,14.9,2,861,38.8
1790827774217,28.506516,77.390841,12.0,CNG,15.78,14.9,2,854,38.8
1790827775374,28.506508,77.390805,12.0,CNG,18.67,16.5,2,850,42.0
1790827775993,28.506508,77.390766,13.0,CNG,20.27,21.6,2,932,42.0
1790827776686,28.506519,77.390732,13.0,CNG,15.57,28.6,2,965,42.0
1790827777795,28.506538,77.390695,14.0,CNG,14.13,28.6,2,1084,45.1
1790827778443,28.506538,77.390695,16.0,CNG,13.17,28.6,2,1243,45.1
1790827779090,28.506562,77.390654,18.0,CNG,13.54,31.4,2,1330,45.1
1790827780247,28.506594,77.390611,19.0,CNG,13.45,31.0,2,1429,45.1
1790827780854,28.506623,77.390564,21.0,CNG,13.52,30.2,2,1609,45.1
1790827781491,28.506623,77.390564,22.0,CNG,13.91,30.2,2,1694,45.1
1790827782596,28.506654,77.390517,23.0,CNG,13.62,30.2,2,1751,52.9
1790827783311,28.506686,77.390462,25.0,CNG,13.53,29.0,2,1894,52.9
1790827783948,28.506722,77.390405,26.0,CNG,13.72,28.6,2,1962,52.9
1790827785100,28.506758,77.390343,27.0,CNG,14.10,28.2,2,2033,43.9
1790827785754,28.506802,77.390281,28.0,CNG,14.44,29.0,2,2124,43.9
1790827786450,28.506802,77.390281,29.0,CNG,13.45,30.2,2,2196,43.9
1790827787566,28.506846,77.390219,30.0,CNG,13.78,30.6,2,2254,45.9
1790827788259,28.506891,77.390156,30.0,CNG,15.23,29.0,2,2336,45.9
1790827788987,28.506927,77.390096,31.0,CNG,16.89,28.6,2,2372,45.9
1790827790194,28.506976,77.390029,,CNG,10.58,29.0,0,2425,31.0
1790827790823,28.507025,77.389956,33.0,CNG,14.32,29.0,2,2511,31.0
1790827791435,28.507025,77.389956,33.0,CNG,16.65,28.6,2,2555,31.0
1790827792552,28.507076,77.389883,34.0,CNG,18.50,29.0,2,2594,30.2
1790827793214,28.507126,77.389804,35.0,CNG,19.04,29.8,2,2703,30.2
1790827793817,28.507196,77.389730,35.0,CNG,20.33,27.8,2,2727,30.2
1790827794927,28.507251,77.389654,36.0,CNG,21.65,27.8,2,2755,26.3
1790827795545,28.507251,77.389654,37.0,CNG,21.00,27.8,2,2804,26.3
1790827796165,28.507311,77.389574,37.0,CNG,24.76,23.1,2,2721,26.3
1790827797392,28.507359,77.389506,36.0,CNG,27.64,23.1,2,2761,18.0
1790827798074,28.507419,77.389432,36.0,CNG,46.05,23.1,2,2734,18.0
1790827798662,28.507480,77.389360,35.0,CNG,40.15,23.5,2,2720,18.0
1790827799791,28.507542,77.389291,35.0,CNG,36.99,23.5,2,2686,21.2
1790827800415,28.507542,77.389291,35.0,CNG,31.82,23.5,2,2674,21.2
1790827801117,28.507600,77.389221,35.0,CNG,27.84,23.5,2,2658,21.2
1790827802247,28.507654,77.389156,34.0,CNG,26.25,23.1,2,2624,24.7
1790827802863,28.507711,77.389089,34.0,CNG,18.62,31.4,2,2588,24.7
1790827803533,28.507711,77.389089,34.0,CNG,15.91,31.4,2,2639,24.7
1790827804636,28.507837,77.388947,35.0,CNG,14.84,31.4,2,2681,41.6
1790827805296,28.507837,77.388947,37.0,CNG,16.39,31.4,2,2789,41.6
1790827805920,28.507906,77.388877,38.0,CNG,17.42,31.4,2,2848,41.6
1790827807061,28.507967,77.388802,38.0,CNG,18.34,31.0,2,2895,24.3
1790827807732,28.508035,77.388731,38.0,CNG,23.15,29.4,,2368,24.3
1790827808519,28.508035,77.388731,39.0,CNG,22.97,31.8,3,1940,24.3
1790827809771,28.508183,77.388590,39.0,CNG,23.18,31.4,3,1990,39.6
1790827810402,28.508183,77.388590,41.0,CNG,23.85,31.0,3,2059,39.6
1790827811044,28.508259,77.388512,41.0,CNG,23.85,31.0,3,2091,39.6
1790827812142,28.508341,77.388448,42.0,CNG,24.09,31.0,3,2126,38.4
1790827812771,28.508423,77.388374,43.0,CNG,24.16,31.4,3,2177,38.4
1790827813372,28.508423,77.388374,44.0,CNG,24.30,31.0,3,2215,38.4
1790827814517,28.508508,77.388303,44.0,CNG,24.25,31.0,3,2239,37.6
1790827815153,28.508594,77.388227,46.0,CNG,24.41,31.0,3,2306,37.6
1790827815784,28.508684,77.388156,46.0,CNG,24.70,31.0,3,2340,37.6
1790827816947,28.508776,77.388087,47.0,CNG,24.95,31.0,3,2370,35.7
1790827817580,28.508776,77.388087,48.0,CNG,25.46,31.0,3,2414,35.7
1790827818208,28.508876,77.388014,48.0,CNG,25.76,31.0,3,2445,35.7
1790827819369,28.508974,77.387935,49.0,CNG,26.21,31.0,3,2467,34.9
1790827820015,28.509074,77.387864,50.0,CNG,23.90,31.0,3,2513,34.9
1790827820630,28.509179,77.387797,50.0,CNG,21.90,,3,2538,34.9
1790827821749,28.509286,77.387729,50.0,CNG,20.99,31.0,3,2552,25.5
1790827822407,28.509286,77.387729,50.0,CNG,22.37,33.7,5,1576,25.5
1790827823023,28.509376,77.387653,50.0,CNG,22.21,33.7,4,1817,25.5
1790827824134,28.509475,77.387576,51.0,CNG,22.35,33.3,4,1867,25.5
1790827824752,28.509577,77.387501,51.0,CNG,23.54,32.9,4,1893,25.5
1790827825373,28.509577,77.387501,51.0,CNG,24.10,32.5,4,1910,25.5
1790827826505,28.509682,77.387423,52.0,CNG,25.09,31.0,4,1921,42.4
1790827827114,28.509786,77.387345,53.0,CNG,28.43,31.0,4,1947,42.4
1790827827743,28.509894,77.387263,53.0,CNG,30.44,31.0,4,1950,42.4
1790827829227,28.509992,77.387178,53.0,CNG,31.66,31.0,4,1972,40.4
1790827829876,28.510106,77.387095,54.0,CNG,32.38,31.0,4,2001,40.4
1790827830542,28.510106,77.387095,54.0,CNG,32.76,31.0,4,2012,40.4
1790827831668,28.510319,77.386922,55.0,CNG,33.69,31.0,4,2021,40.0
1790827832301,28.510319,77.386922,55.0,CNG,34.42,31.0,4,2044,40.0
1790827832925,28.510420,77.386827,56.0,CNG,34.08,31.0,4,2053,40.0
1790827834091,28.510524,77.386740,56.0,CNG,34.41,31.0,4,2068,39.6
1790827834751,28.510636,77.386640,56.0,CNG,34.25,31.0,4,2080,39.6
1790827835443,28.510636,77.386640,57.0,CNG,34.38,31.0,4,2095,39.6
1790827836621,28.510860,77.386443,57.0,CNG,34.37,31.0,4,2105,42.7
1790827837318,28.510860,77.386443,57.0,CNG,29.51,31.0,4,2123,42.7
1790827837955,28.510975,77.386352,58.0,CNG,28.15,31.0,4,2130,42.7
1790827839112,28.511095,77.386255,58.0,CNG,27.97,31.0,4,2142,46.3
1790827839767,28.511212,77.386156,58.0,CNG,28.15,31.0,4,2155,46.3
1790827840396,28.511212,77.386156,58.0,CNG,28.14,31.0,4,2158,46.3
1790827841481,28.511329,77.386051,58.0,CNG,28.11,31.0,4,2170,45.9
1790827842123,28.511440,77.385954,59.0,CNG,28.40,31.0,4,2180,45.9
1790827842723,28.511544,77.385850,59.0,CNG,28.71,31.0,4,2185,45.9
1790827843874,28.511657,77.385747,59.0,CNG,31.36,31.0,4,2185,45.9
1790827844514,28.511657,77.385747,60.0,CNG,33.16,31.0,4,2208,45.9
1790827845157,28.511774,77.385642,60.0,CNG,34.35,31.0,4,2209,45.9
1790827846308,28.511885,77.385536,60.0,CNG,35.23,31.0,4,2220,38.0
1790827846945,28.511999,77.385426,60.0,CNG,35.22,31.0,4,2232,38.0
1790827847571,28.511999,77.385426,60.0,CNG,35.08,31.0,4,2242,38.0
1790827849021,28.512214,77.385211,61.0,CNG,35.19,31.0,4,2250,38.0
1790827849710,28.512323,77.385101,61.0,CNG,35.26,31.0,4,2271,38.0
1790827850385,28.512323,77.385101,61.0,CNG,35.15,31.0,4,2276,38.0
1790827851492,28.512433,77.384983,62.0,CNG,35.44,31.0,4,2281,37.3
1790827852129,28.512536,77.384865,62.0,CNG,35.45,31.0,4,2294,37.3
1790827852725,28.512646,77.384751,62.0,CNG,35.93,31.0,4,2298,37.3
1790827853862,28.512750,77.384632,62.0,CNG,45.32,14.9,4,2303,20.8
1790827854506,28.512750,77.384632,61.0,CNG,40.62,32.2,5,1853,20.8
1790827855143,28.512861,77.384514,61.0,CNG,37.41,31.8,5,1802,20.8
1790827856291,28.512970,77.384397,62.0,CNG,33.61,31.4,5,1812,53.7
1790827856924,28.513078,77.384280,62.0,CNG,34.03,31.0,5,1820,53.7
1790827857517,28.513078,77.384280,62.0,CNG,33.77,31.0,5,1821,53.7
1790827858636,28.513297,77.384049,62.0,CNG,33.77,31.0,5,1820,48.2
1790827859237,28.513297,77.384049,62.0,CNG,34.61,30.6,5,1818,48.2
1790827859856,28.513403,77.383932,62.0,CNG,34.82,31.0,5,1820,48.2
1790827861020,28.513506,77.383815,62.0,CNG,34.92,30.6,5,1825,45.5
1790827861655,28.513617,77.383698,62.0,CNG,37.72,30.6,5,1824,45.5
1790827862286,28.513617,77.383698,63.0,CNG,39.37,30.6,5,1837,45.5
1790827863435,28.513727,77.383584,62.0,CNG,40.50,30.6,5,1829,39.2
1790827864089,28.513846,77.383450,62.0,CNG,41.41,30.2,5,1835,39.2
1790827864768,28.513958,77.383335,62.0,CNG,42.31,30.2,5,1833,39.2
1790827865923,28.514068,77.383219,62.0,CNG,42.62,30.2,5,1832,39.2
1790827866645,28.514181,77.383099,62.0,CNG,42.72,30.6,5,1838,39.2
1790827867266,28.514181,77.383099,63.0,CNG,42.32,30.6,5,1836,39.2
1790827868631,28.514407,77.382858,62.0,CNG,41.58,30.2,5,1836,39.6
1790827869257,28.514407,77.382858,63.0,CNG,41.38,30.6,5,1836,39.6
1790827869971,28.514518,77.382743,63.0,CNG,41.70,30.6,5,1840,39.6
1790827871049,28.514627,77.382630,63.0,CNG,41.71,30.6,5,1843,40.0
1790827871689,28.514743,77.382512,63.0,CNG,41.66,30.2,5,1844,40.0
1790827872312,28.514743,77.382512,63.0,CNG,42.37,30.2,5,1848,40.0
1790827873444,28.514856,77.382400,63.0,CNG,41.94,30.6,5,1848,39.6
1790827874104,28.514964,77.382279,63.0,CNG,38.25,30.6,5,1851,39.6
1790827874732,28.515067,77.382165,63.0,CNG,35.85,30.6,5,1851,39.6
1790827875862,28.515179,77.382051,63.0,CNG,35.41,30.6,5,1857,48.2
1790827876533,28.515179,77.382051,63.0,CNG,35.11,14.9,5,1857,48.2
1790827877132,28.515293,77.381929,63.0,CNG,43.51,14.9,,1367,48.2
1790827878303,28.515398,77.381814,61.0,CNG,54.91,14.9,,1270,27.1
1790827878929,28.515495,77.381709,51.0,CNG,62.27,14.9,,1017,27.1
1790827879569,28.515495,77.381709,44.0,CNG,64.59,14.9,,902,27.1
1790827880752,28.515632,77.381550,36.0,CNG,69.99,14.9,,853,23.9
1790827881397,28.515632,77.381550,25.0,CNG,68.09,14.9,4,864,23.9
1790827882051,28.515683,77.381487,25.0,CNG,67.29,14.9,4,869,23.9
1790827883200,28.515722,77.381457,24.0,CNG,65.48,14.9,4,872,22.0
1790827883806,28.515757,77.381407,22.0,CNG,62.02,14.9,4,848,22.0
1790827884464,28.515757,77.381407,22.0,CNG,27.22,32.2,4,857,22.0
1790827885548,28.515796,77.381362,23.0,CNG,21.45,33.7,3,1148,50.2
1790827886181,28.515837,77.381323,25.0,CNG,20.18,32.5,3,1280,50.2
1790827886805,28.515883,77.381274,27.0,CNG,20.19,31.4,3,1342,50.2
1790827887974,28.515932,77.381224,27.0,CNG,20.30,30.2,3,1395,42.0
1790827888664,28.515981,77.381170,29.0,CNG,24.15,18.8,3,1474,42.0
1790827889346,28.515981,77.381170,29.0,CNG,31.09,14.9,3,1515,42.0
1790827890427,28.516033,77.381115,28.0,CNG,36.09,14.9,3,1409,16.9
1790827891055,28.516086,77.381063,26.0,CNG,37.45,14.9,3,1328,16.9
1790827891650,28.516136,77.381014,24.0,CNG,38.85,14.9,3,1242,16.9
1790827892791,28.516180,77.380969,25.0,CNG,40.38,14.9,,1110,29.8
1790827893458,28.516180,77.380969,23.0,CNG,20.03,29.4,,1352,29.8
1790827894094,28.516223,77.380930,24.0,CNG,16.63,29.8,2,1789,29.8
1790827895190,28.516268,77.380882,25.0,CNG,15.36,29.8,2,1898,45.1
1790827895839,28.516318,77.380836,27.0,CNG,14.47,30.6,2,2020,45.1
1790827896440,28.516318,77.380836,28.0,CNG,12.23,35.7,2,2126,45.1
1790827897604,28.516368,77.380799,30.0,CNG,12.01,34.1,2,2235,43.9
1790827898247,28.516421,77.380748,32.0,CNG,16.83,14.9,2,2390,43.9
1790827898929,28.516469,77.380690,31.0,CNG,19.19,25.9,2,2444,43.9
1790827900067,28.516519,77.380629,32.0,CNG,21.77,25.5,2,2423,23.5
1790827900691,28.516572,77.380568,32.0,CNG,22.94,26.3,2,2445,23.5
1790827901311,28.516572,77.380568,32.0,CNG,21.18,29.0,2,2452,23.5
1790827902475,28.516630,77.380504,33.0,CNG,21.01,28.2,2,2481,26.3
1790827903116,28.516686,77.380442,33.0,CNG,23.86,21.2,2,2542,26.3
1790827903802,28.516747,77.380377,33.0,CNG,25.52,24.3,2,2456,26.3
1790827904894,28.516802,77.380315,32.0,CNG,22.95,28.2,2,2454,26.7
1790827905530,28.516802,77.380315,33.0,CNG,26.95,14.9,2,2429,26.7
1790827906199,28.516854,77.380254,31.0,CNG,32.74,14.9,3,1749,26.7
1790827907272,28.516905,77.380204,27.0,CNG,40.54,14.9,4,1092,16.9
1790827907863,28.516954,77.380152,26.0,CNG,39.75,14.9,4,886,16.9
1790827908758,28.517001,77.380105,25.0,CNG,39.34,14.9,4,864,16.9
1790827909906,28.517043,77.380065,24.0,CNG,39.34,14.9,4,852,49.8
1790827910609,28.517043,77.380065,23.0,CNG,22.33,28.6,2,1812,49.8
1790827911204,28.517089,77.380026,25.0,CNG,18.72,28.6,2,1879,49.8
1790827912345,28.517142,77.379988,25.0,CNG,17.87,26.3,2,1916,39.2
1790827912999,28.517196,77.379960,25.0,CNG,17.02,27.1,2,1914,39.2
1790827913701,28.517253,77.379927,25.0,CNG,15.40,30.2,2,1956,39.2
1790827914791,28.517311,77.379896,27.0,CNG,14.71,29.4,2,2023,36.5
1790827915421,28.517311,77.379896,28.0,CNG,15.84,29.4,2,2110,36.5
1790827916025,28.517372,77.379859,28.0,CNG,16.39,32.9,2,2152,36.5
1790827917211,28.517431,77.379822,29.0,CNG,16.45,31.0,2,2225,37.3
1790827917867,28.517492,77.379769,30.0,CNG,16.51,31.0,2,2305,37.3
1790827918479,28.517492,77.379769,31.0,CNG,16.84,31.0,2,2370,37.3
1790827919593,28.517552,77.379714,32.0,CNG,17.02,31.0,2,2431,34.1
1790827920224,28.517613,77.379656,34.0,CNG,17.56,30.6,2,2558,34.1
1790827920836,28.517679,77.379594,35.0,CNG,18.12,30.2,2,2625,34.1
1790827921962,28.517745,77.379531,35.0,CNG,18.19,30.2,2,2684,30.6
1790827922565,28.517745,77.379531,37.0,CNG,18.67,30.2,2,2794,30.6
1790827923225,28.517812,77.379466,37.0,CNG,18.71,30.2,2,2846,30.6
1790827924425,28.517883,77.379397,38.0,CNG,19.07,30.2,2,2903,29.0
1790827925132,28.517954,77.379326,39.0,CNG,23.87,14.9,2,2724,29.0
1790827925741,28.518026,77.379257,39.0,CNG,23.64,31.4,3,2182,29.0
1790827926978,28.518102,77.379183,39.0,CNG,23.33,31.0,3,2002,40.0
1790827927609,28.518102,77.379183,41.0,CNG,24.86,29.0,3,2067,40.0
1790827928241,28.518176,77.379107,41.0,CNG,24.56,28.2,3,2088,40.0
1790827929589,28.518253,77.379032,42.0,CNG,23.23,29.4,3,2104,52.2
1790827930253,28.518330,77.378956,43.0,CNG,23.08,29.4,3,2136,52.2
1790827930886,28.518410,77.378879,44.0,CNG,22.75,29.0,3,2171,52.2
1790827932001,28.518492,77.378797,43.0,CNG,22.43,29.0,3,2196,40.4
1790827932577,28.518492,77.378797,44.0,CNG,23.01,28.2,3,2234,40.4
1790827933202,28.518567,77.378715,44.0,CNG,23.28,28.2,3,2237,40.4
1790827934275,28.518649,77.378635,44.0,CNG,22.36,33.3,3,2251,45.1
1790827934885,28.518728,77.378552,45.0,CNG,23.24,31.0,3,2303,45.1
1790827935526,28.518728,77.378552,46.0,CNG,24.32,31.0,3,2323,45.1
1790827936646,28.518886,77.378369,46.0,CNG,24.80,30.6,3,2335,34.9
1790827937220,28.518886,77.378369,47.0,CNG,25.44,30.6,3,2394,34.9
1790827937838,28.518967,77.378281,48.0,CNG,25.83,30.6,3,2420,34.9
1790827938964,28.519052,77.378187,48.0,CNG,26.19,30.2,3,2429,33.7
1790827939586,28.519052,77.378187,49.0,CNG,26.67,29.8,3,2477,33.7
1790827940199,28.519138,77.378092,49.0,CNG,27.54,29.8,3,2505,33.7
1790827941355,28.519229,77.377998,50.0,CNG,28.11,29.8,3,2533,31.4
1790827941986,28.519319,77.377904,51.0,CNG,23.59,34.9,3,2570,31.4
1790827942648,28.519408,77.377810,52.0,CNG,24.56,31.8,3,2607,31.4
1790827943747,28.519502,77.377711,52.0,CNG,25.32,31.4,3,2650,33.7
1790827944371,28.519502,77.377711,53.0,CNG,26.46,31.4,3,2691,33.7
1790827944966,28.519598,77.377610,54.0,CNG,27.12,31.4,3,2724,33.7
1790827946106,28.519694,77.377509,54.0,CNG,24.67,31.4,3,2747,41.2
1790827946745,28.519789,77.377406,55.0,CNG,22.69,31.4,3,2758,41.2
1790827947367,28.519789,77.377406,55.0,CNG,22.60,31.4,3,2786,41.2
1790827948583,28.519887,77.377303,55.0,CNG,21.89,31.4,3,2813,38.4
1790827949384,28.519987,77.377197,56.0,CNG,28.59,28.6,4,2346,38.4
1790827949980,28.520084,77.377091,56.0,CNG,26.43,32.9,4,2088,38.4
1790827951147,28.520180,77.376991,56.0,CNG,25.47,32.9,4,2087,48.2
1790827951827,28.520270,77.376896,57.0,CNG,28.02,32.2,4,2115,48.2
1790827952475,28.520270,77.376896,58.0,CNG,29.54,32.2,4,2146,48.2
1790827953569,28.520361,77.376802,59.0,CNG,30.91,32.2,4,2155,39.6
1790827954217,28.520461,77.376681,59.0,CNG,31.58,31.8,4,2193,39.6
1790827954841,28.520562,77.376564,60.0,CNG,32.15,31.8,4,2211,39.6
1790827956013,28.520655,77.376433,60.0,CNG,32.46,31.8,4,2226,39.6
1790827956654,28.520754,77.376302,61.0,CNG,32.49,32.2,4,2255,39.6
1790827957346,28.520754,77.376302,61.0,CNG,32.63,32.2,4,2275,39.6
1790827958494,28.520854,77.376167,62.0,CNG,33.16,32.2,4,2291,39.2
1790827959135,28.520950,77.376033,63.0,CNG,33.64,32.2,4,2315,39.2
1790827959761,28.521042,77.375895,63.0,CNG,33.95,31.8,4,2325,39.2
1790827960890,28.521137,77.375755,63.0,CNG,33.68,32.2,4,2336,38.8
1790827961574,28.521137,77.375755,64.0,CNG,33.99,32.2,4,2354,38.8
1790827962321,28.521230,77.375618,64.0,CNG,34.56,31.8,4,2355,38.8
1790827963445,28.521322,77.375477,64.0,CNG,34.94,31.0,4,2371,35.3
1790827964129,28.521414,77.375331,64.0,CNG,36.09,30.2,4,2375,35.3
1790827964741,28.521504,77.375184,64.0,CNG,37.46,29.8,4,2379,35.3
1790827965865,28.521587,77.375038,64.0,CNG,39.73,28.2,4,2388,30.2
1790827966475,28.521587,77.375038,64.0,CNG,41.59,26.3,4,2378,30.2
1790827967105,28.521670,77.374890,64.0,CNG,48.53,14.9,4,2345,30.2
1790827968253,28.521754,77.374744,63.0,CNG,55.31,14.9,4,2324,18.4
1790827968979,28.521829,77.374601,61.0,CNG,59.72,14.9,4,2259,18.4
1790827969570,28.521829,77.374601,60.0,CNG,62.53,14.9,4,2217,18.4
1790827970796,28.521961,77.374314,59.0,CNG,65.80,26.3,4,2176,25.9
1790827971404,28.521961,77.374314,58.0,CNG,56.48,26.3,4,2158,25.9
1790827972101,28.522034,77.374178,58.0,CNG,47.62,26.7,4,2151,25.9
1790827973270,28.522106,77.374037,58.0,CNG,34.45,29.4,4,2151,41.6
1790827973953,28.522179,77.373899,58.0,CNG,42.64,14.9,4,2167,41.6
1790827974623,28.522253,77.373770,57.0,CNG,49.67,14.9,4,2145,41.6
1790827975861,28.522321,77.373634,57.0,CNG,42.46,26.3,4,2109,35.7
1790827976467,28.522321,77.373634,57.0,CNG,50.94,14.9,4,2099,35.7
1790827977102,28.522392,77.373500,56.0,CNG,56.78,14.9,4,2056,35.7
1790827978193,28.522455,77.373369,55.0,CNG,62.02,28.2,4,2037,31.0
1790827978813,28.522523,77.373236,55.0,CNG,55.82,25.9,4,2038,31.0
1790827979406,28.522523,77.373236,55.0,CNG,54.47,25.5,4,2039,31.0
1790827980505,28.522587,77.373101,55.0,CNG,40.42,32.2,4,2047,40.4
1790827981107,28.522653,77.372968,56.0,CNG,36.83,31.4,4,2082,40.4
1790827981765,28.522718,77.372835,57.0,CNG,35.26,31.4,4,2101,40.4
1790827982848,28.522782,77.372692,57.0,CNG,34.11,31.8,4,2124,39.6
1790827983472,28.522782,77.372692,58.0,CNG,33.27,31.4,4,2161,39.6
1790827984107,28.522852,77.372549,59.0,CNG,32.84,31.4,4,2183,39.6
1790827985239,28.522924,77.372405,59.0,CNG,32.72,31.4,4,2194,39.2
1790827985910,28.522993,77.372260,60.0,CNG,33.13,31.4,4,2215,39.2
1790827986569,28.522993,77.372260,60.0,CNG,33.03,31.4,4,2230,39.2
1790827987657,28.523143,77.371975,61.0,CNG,33.54,31.4,4,2244,45.1
1790827988330,28.523143,77.371975,61.0,CNG,29.92,30.6,4,2261,45.1
1790827989056,28.523224,77.371830,61.0,CNG,28.84,30.6,4,2272,45.1
1790827990221,28.523304,77.371688,,CNG,17.73,30.2,0,2271,42.4
1790827990857,28.523394,77.371550,61.0,CNG,22.61,30.2,4,2285,42.4
1790827991524,28.523394,77.371550,62.0,CNG,25.56,30.2,4,2291,42.4
1790827992633,28.523568,77.371271,62.0,CNG,27.45,30.2,4,2293,43.1
1790827993324,28.523568,77.371271,62.0,CNG,28.20,30.2,4,2301,43.1
1790827993929,28.523655,77.371134,62.0,CNG,31.63,30.2,4,2292,43.1
1790827995117,28.523745,77.370995,62.0,CNG,33.88,30.2,4,2303,34.5
1790827995759,28.523836,77.370860,63.0,CNG,35.63,30.6,4,2322,34.5
1790827996422,28.523836,77.370860,63.0,CNG,36.41,30.6,4,2330,34.5
1790827997519,28.523931,77.370725,63.0,CNG,47.91,14.9,4,2241,26.7
1790827998197,28.524025,77.370592,62.0,CNG,43.07,31.8,5,1799,26.7
1790827998805,28.524124,77.370459,62.0,CNG,41.02,31.8,5,1840,26.7
1790827999997,28.524224,77.370331,63.0,CNG,40.82,31.0,5,1852,38.8
1790828000626,28.524329,77.370201,64.0,CNG,42.50,29.8,5,1876,38.8
1790828001267,28.524329,77.370201,64.0,CNG,42.52,29.8,5,1891,38.8
1790828002462,28.524434,77.370069,64.0,CNG,42.89,29.8,5,1896,36.5
1790828003144,28.524537,77.369936,65.0,CNG,44.36,28.6,5,1901,36.5
1790828003776,28.524642,77.369807,65.0,CNG,46.17,28.6,5,1905,36.5
1790828004979,28.524748,77.369675,65.0,PETROL,34.13,28.6,5,1907,33.3
1790828005632,28.524854,77.369547,65.0,PETROL,33.44,35.7,5,1914,33.3
1790828006270,28.524854,77.369547,65.0,PETROL,29.65,32.9,5,1922,33.3
1790828007520,28.525071,77.369277,66.0,PETROL,28.57,30.6,5,1925,49.0
1790828008539,28.525179,77.369144,66.0,PETROL,27.80,31.0,5,1935,49.0
1790828009365,28.525179,77.369144,66.0,PETROL,27.21,30.6,5,1951,49.0
1790828010497,28.525287,77.369010,66.0,PETROL,27.14,30.2,5,1950,43.1
1790828011145,28.525394,77.368870,67.0,PETROL,28.13,29.4,5,1958,43.1
1790828011790,28.525500,77.368727,67.0,PETROL,28.80,28.6,5,1960,43.1
1790828012905,28.525604,77.368587,67.0,PETROL,29.66,29.0,5,1952,34.9
1790828013558,28.525604,77.368587,67.0,PETROL,28.74,33.7,5,1963,34.9
1790828014164,28.525708,77.368448,67.0,PETROL,30.01,31.8,5,1978,34.9
1790828015354,28.525815,77.368310,68.0,PETROL,31.13,31.4,5,1983,39.2
1790828015999,28.525924,77.368170,68.0,PETROL,31.56,31.0,5,1995,39.2
1790828016691,28.526038,77.368033,68.0,PETROL,31.73,31.0,5,2003,39.2
1790828017823,28.526148,77.367895,69.0,PETROL,32.26,31.0,5,2014,38.0
1790828018472,28.526148,77.367895,69.0,PETROL,32.83,31.0,5,2034,38.0
1790828019083,28.526256,77.367748,69.0,PETROL,32.88,30.6,5,2031,38.0
1790828020278,28.526367,77.367604,69.0,PETROL,32.58,31.0,5,2041,37.3
1790828020983,28.526471,77.367453,70.0,PETROL,32.56,30.6,5,2050,37.3
1790828021612,28.526575,77.367302,70.0,PETROL,32.78,30.2,5,2047,37.3
1790828022735,28.526675,77.367148,70.0,PETROL,32.93,30.2,5,2058,36.5
1790828023426,28.526675,77.367148,70.0,PETROL,33.53,30.2,5,2061,36.5
1790828024035,28.526777,77.366989,70.0,PETROL,32.98,30.2,5,2063,36.5
1790828025237,28.526875,77.366831,70.0,PETROL,33.60,30.2,5,2065,36.1
1790828025850,28.526969,77.366675,70.0,PETROL,32.14,30.2,5,2057,36.1
1790828026539,28.526969,77.366675,70.0,PETROL,29.70,30.2,5,2061,36.1
1790828027697,28.527149,77.366350,70.0,PETROL,29.23,30.2,5,2057,43.1
1790828028565,28.527149,77.366350,70.0,PETROL,29.19,29.8,5,2043,43.1
1790828029342,28.527233,77.366189,69.0,PETROL,29.20,29.8,5,2034,43.1
1790828030478,28.527322,77.366023,69.0,PETROL,29.28,29.8,5,2018,42.7
1790828031109,28.527404,77.365859,68.0,PETROL,28.74,34.5,5,1998,42.7
1790828031738,28.527479,77.365697,68.0,PETROL,25.42,35.7,5,1991,42.7
1790828032874,28.527563,77.365533,68.0,PETROL,26.32,34.1,5,1985,43.5
1790828033537,28.527563,77.365533,68.0,PETROL,27.92,32.5,5,1987,43.5
1790828034171,28.527644,77.365373,68.0,PETROL,28.93,32.2,5,1998,43.5
1790828035371,28.527725,77.365210,68.0,PETROL,29.41,32.2,5,1984,40.8
1790828036059,28.527810,77.365046,67.0,PETROL,29.73,32.2,5,1981,40.8
1790828036710,28.527893,77.364888,67.0,PETROL,29.79,32.2,5,1980,40.8
1790828037855,28.527969,77.364732,67.0,PETROL,30.55,32.2,5,1978,41.2
1790828038557,28.527969,77.364732,67.0,PETROL,31.29,32.2,5,1969,41.2
1790828039191,28.528049,77.364570,67.0,PETROL,31.28,32.2,5,1968,41.2
1790828040380,28.528129,77.364411,67.0,PETROL,31.35,32.2,5,1965,40.8
1790828041031,28.528211,77.364254,67.0,PETROL,31.67,32.2,5,1955,40.8
1790828041657,28.528297,77.364094,67.0,PETROL,31.72,32.2,5,1953,40.8
1790828042801,28.528380,77.363942,67.0,PETROL,30.87,32.2,5,1954,40.4
1790828043514,28.528380,77.363942,66.0,PETROL,29.10,32.2,5,1954,40.4
1790828044165,28.528464,77.363794,67.0,PETROL,26.07,31.8,5,1954,40.4
1790828045354,28.528543,77.363635,66.0,PETROL,25.62,31.8,5,1955,49.0
1790828045962,28.528627,77.363475,66.0,PETROL,26.06,31.8,5,1949,49.0
1790828046653,28.528712,77.363316,66.0,PETROL,25.98,31.8,5,1949,49.0
1790828047819,28.528798,77.363165,67.0,PETROL,26.46,31.8,5,1953,49.0
1790828048580,28.528798,77.363165,66.0,PETROL,26.21,31.8,5,1950,49.0
1790828049237,28.528881,77.363014,66.0,PETROL,28.01,31.8,5,1947,49.0
1790828050395,28.528972,77.362859,66.0,PETROL,30.44,31.8,5,1956,39.6
1790828051042,28.529056,77.362704,67.0,PETROL,31.83,32.2,5,1957,39.6
1790828051666,28.529147,77.362551,67.0,PETROL,33.09,32.2,5,1953,39.6
1790828052867,28.529237,77.362399,67.0,PETROL,32.99,32.2,5,1964,39.6
1790828053519,28.529237,77.362399,67.0,PETROL,32.88,32.2,5,1970,39.6
1790828054167,28.529328,77.362248,67.0,PETROL,31.52,32.2,5,1978,39.6
1790828055347,28.529423,77.362094,67.0,PETROL,31.40,32.2,5,1978,45.1
1790828055953,28.529518,77.361941,68.0,PETROL,31.47,32.2,5,1985,45.1
1790828056580,28.529518,77.361941,68.0,PETROL,31.52,32.2,,,45.1
1790828057708,28.529709,77.361639,68.0,CNG,37.58,32.2,5,2005,44.7
1790828058362,28.529709,77.361639,69.0,CNG,37.87,32.2,5,2019,44.7
1790828058975,28.529808,77.361486,69.0,CNG,37.76,32.2,5,2026,44.7
1790828060175,28.529908,77.361329,69.0,CNG,37.78,32.2,5,2042,44.3
1790828060789,28.530003,77.361173,70.0,CNG,38.12,32.2,5,2050,44.3
1790828061418,28.530003,77.361173,70.0,CNG,38.17,32.2,5,2058,44.3
1790828062484,28.530105,77.361017,70.0,CNG,38.11,32.2,5,2062,43.9
1790828063147,28.530204,77.360861,70.0,CNG,38.25,31.8,5,2072,43.9
1790828063784,28.530308,77.360705,71.0,CNG,38.51,31.8,5,2076,43.9
1790828064943,28.530417,77.360552,71.0,CNG,39.21,32.2,5,2087,42.7
1790828065561,28.530417,77.360552,72.0,CNG,39.44,31.8,5,2104,42.7
1790828066267,28.530523,77.360394,72.0,CNG,36.23,31.8,5,2106,42.7
1790828067400,28.530634,77.360238,72.0,CNG,33.97,31.8,5,2116,51.4
1790828068089,28.530742,77.360077,72.0,CNG,33.63,31.8,5,2138,51.4
1790828068957,28.530851,77.359920,73.0,CNG,34.00,31.4,5,2143,51.4
1790828070176,28.530962,77.359762,73.0,CNG,34.59,31.4,5,2150,46.3
1790828070831,28.531078,77.359611,74.0,CNG,35.68,30.6,5,2183,46.3
1790828071521,28.531078,77.359611,74.0,CNG,37.07,30.2,5,2193,46.3
1790828072615,28.531307,77.359294,75.0,CNG,40.98,22.0,5,2211,18.4
1790828073348,28.531307,77.359294,75.0,CNG,52.42,14.9,5,2193,18.4
1790828073999,28.531419,77.359133,74.0,CNG,63.38,14.9,5,2181,18.4
1790828075155,28.531536,77.358980,74.0,CNG,70.75,14.9,5,2170,18.8
1790828075865,28.531649,77.358818,74.0,CNG,63.98,27.5,5,2180,18.8
1790828076529,28.531649,77.358818,74.0,CNG,60.30,27.8,5,2160,18.8
1790828077605,28.531875,77.358502,74.0,CNG,57.15,27.8,5,2174,29.8
1790828078267,28.531875,77.358502,74.0,CNG,56.12,27.8,5,2190,29.8
1790828078904,28.531994,77.358350,74.0,CNG,54.70,27.8,5,2184,29.8
1790828080081,28.532112,77.358191,75.0,CNG,55.57,27.8,5,2197,29.4
1790828080743,28.532228,77.358032,75.0,CNG,54.98,27.8,5,2211,29.4
1790828081367,28.532228,77.358032,76.0,CNG,54.63,27.8,5,2222,29.4
1790828082495,28.532344,77.357871,76.0,CNG,54.84,27.8,5,2228,29.4
1790828083150,28.532459,77.357710,76.0,CNG,49.52,27.8,5,2247,29.4
1790828083748,28.532573,77.357544,76.0,CNG,44.85,27.8,5,2235,29.4
1790828085021,28.532686,77.357379,76.0,CNG,44.23,27.8,5,2245,37.3
1790828085639,28.532802,77.357212,76.0,CNG,43.52,27.8,5,2246,37.3
1790828086262,28.532802,77.357212,76.0,CNG,42.65,27.8,5,2232,37.3
1790828087389,28.532918,77.357043,76.0,CNG,42.24,27.8,5,2235,38.8
1790828088050,28.533034,77.356880,76.0,CNG,42.32,27.8,5,2230,38.8
1790828088735,28.533147,77.356713,76.0,CNG,42.36,27.8,5,2224,38.8
1790828089990,28.533259,77.356544,76.0,CNG,46.25,27.8,5,2227,30.6
1790828090642,28.533369,77.356379,75.0,CNG,48.88,27.8,5,2219,30.6
1790828091272,28.533369,77.356379,75.0,CNG,51.42,27.8,5,2215,30.6
1790828092403,28.533482,77.356216,75.0,CNG,52.39,27.8,5,2216,30.2
1790828093052,28.533592,77.356051,75.0,CNG,53.78,27.8,5,2207,30.2
1790828093679,28.533703,77.355893,75.0,CNG,54.20,27.8,5,2203,30.2
1790828094860,28.533816,77.355733,75.0,CNG,54.46,27.8,5,2195,30.6
1790828095518,28.533816,77.355733,74.0,CNG,54.70,27.8,5,2187,30.6
1790828096210,28.533925,77.355571,74.0,CNG,53.80,28.2,5,2177,30.6
1790828097369,28.534035,77.355411,74.0,CNG,53.76,28.2,5,2164,31.8
1790828097999,28.534140,77.355247,73.0,CNG,52.41,28.2,5,2155,31.8
1790828098581,28.534140,77.355247,73.0,CNG,52.75,28.2,5,2154,31.8
1790828099753,28.534354,77.354925,73.0,CNG,52.09,28.2,5,2144,32.2
1790828100413,28.534354,77.354925,72.0,CNG,51.95,28.2,5,2126,32.2
1790828101055,28.534463,77.354765,72.0,CNG,52.51,28.2,5,2123,32.2
1790828102189,28.534568,77.354604,72.0,CNG,52.01,28.2,5,2119,32.2
1790828102856,28.534672,77.354443,72.0,CNG,52.78,27.8,5,2112,32.2
1790828103498,28.534672,77.354443,72.0,CNG,49.49,27.8,5,2106,32.2
1790828104684,28.534884,77.354130,72.0,CNG,44.69,27.8,5,2110,41.6
1790828105299,28.534884,77.354130,72.0,CNG,43.93,27.8,5,2103,41.6
1790828105967,28.534988,77.353970,72.0,CNG,44.02,27.8,5,2100,41.6
1790828107070,28.535093,77.353814,71.0,CNG,42.95,27.8,5,2099,40.0
1790828107745,28.535196,77.353659,71.0,CNG,42.61,27.8,5,2097,40.0
1790828108402,28.535196,77.353659,72.0,CNG,42.60,27.5,5,2092,40.0
1790828109669,28.535404,77.353345,71.0,CNG,42.81,27.5,5,2095,31.4
1790828110315,28.535404,77.353345,71.0,CNG,47.22,27.1,5,2098,31.4
1790828110982,28.535509,77.353188,71.0,CNG,50.75,27.1,5,2093,31.4
1790828112135,28.535618,77.353035,71.0,CNG,54.47,26.7,5,2095,28.2
1790828112794,28.535725,77.352883,71.0,CNG,56.60,26.7,5,2103,28.2
1790828113450,28.535725,77.352883,72.0,CNG,57.69,26.7,5,2105,28.2
1790828114595,28.535939,77.352572,72.0,CNG,58.01,27.1,5,2105,27.8
1790828115211,28.535939,77.352572,72.0,CNG,58.86,26.7,5,2110,27.8
1790828115865,28.536047,77.352417,72.0,CNG,59.02,26.7,5,2109,27.8
1790828117010,28.536156,77.352261,72.0,CNG,58.81,26.7,5,2112,27.5
1790828117652,28.536260,77.352098,72.0,CNG,56.13,27.5,5,2100,27.5
1790828118318,28.536260,77.352098,72.0,CNG,55.21,27.5,5,2101,27.5
1790828119516,28.536369,77.351943,71.0,CNG,54.55,27.8,5,2101,30.6
1790828120170,28.536473,77.351791,71.0,CNG,54.63,27.5,5,2091,30.6
1790828120889,28.536576,77.351632,71.0,CNG,54.03,27.8,5,2090,30.6
1790828121989,28.536681,77.351470,71.0,CNG,52.96,27.8,5,2090,33.7
1790828122691,28.536781,77.351310,71.0,CNG,49.14,27.8,5,2093,33.7
1790828123323,28.536781,77.351310,71.0,CNG,44.23,27.8,5,2086,33.7
1790828124450,28.536877,77.351149,71.0,CNG,43.22,27.8,5,2090,38.8
1790828125103,28.536975,77.350992,71.0,CNG,42.18,27.8,5,2080,38.8
1790828125749,28.537071,77.350829,71.0,CNG,42.00,27.8,5,2076,38.8
1790828126879,28.537170,77.350671,70.0,CNG,41.55,27.8,5,2071,39.6
1790828127555,28.537170,77.350671,70.0,CNG,41.23,27.5,5,2069,39.6
1790828128209,28.537260,77.350511,70.0,CNG,41.32,27.8,5,2065,39.6
1790828129537,28.537360,77.350358,70.0,CNG,44.50,27.8,5,2059,31.8
1790828130205,28.537455,77.350197,70.0,CNG,46.92,27.5,5,2057,31.8
1790828130850,28.537554,77.350041,70.0,CNG,48.96,27.8,5,2061,31.8
1790828131989,28.537650,77.349885,70.0,CNG,50.36,27.8,5,2057,31.4
1790828132632,28.537750,77.349727,70.0,CNG,51.99,27.8,5,2056,31.4
1790828133238,28.537750,77.349727,70.0,CNG,52.15,27.8,5,2043,31.4
1790828134448,28.537846,77.349565,70.0,CNG,51.96,27.8,5,2045,31.8
1790828135066,28.537945,77.349407,70.0,CNG,52.14,27.8,5,2042,31.8
1790828135680,28.538039,77.349253,69.0,CNG,52.39,27.8,5,2042,31.8
1790828136807,28.538137,77.349093,69.0,CNG,52.30,27.8,5,2038,31.8
1790828137459,28.538137,77.349093,69.0,CNG,52.54,27.8,5,2031,31.8
1790828138082,28.538236,77.348936,69.0,CNG,52.39,27.8,5,2037,31.8
1790828139263,28.538334,77.348785,69.0,CNG,87.24,27.8,5,2038,32.5
1790828139918,28.538438,77.348635,69.0,CNG,68.76,28.2,5,2034,32.5
1790828140574,28.538438,77.348635,69.0,CNG,55.15,28.2,5,2031,32.5
1790828141690,28.538631,77.348324,69.0,CNG,45.10,29.0,5,2041,48.2
1790828142353,28.538631,77.348324,69.0,CNG,42.99,29.4,5,2031,48.2
1790828142942,28.538724,77.348168,69.0,CNG,40.81,33.3,5,2027,48.2
1790828144067,28.538823,77.348012,69.0,CNG,35.60,32.2,5,2029,50.6
1790828144725,28.538920,77.347858,69.0,CNG,36.33,29.4,5,2040,50.6
1790828145430,28.538920,77.347858,69.0,CNG,37.22,29.4,5,2035,50.6
1790828146550,28.539013,77.347703,69.0,CNG,37.75,29.4,5,2028,36.9
1790828147194,28.539104,77.347548,69.0,CNG,40.70,29.4,5,2027,36.9
1790828147857,28.539199,77.347395,69.0,CNG,43.21,29.4,5,2031,36.9
1790828149270,28.539295,77.347238,69.0,CNG,44.57,29.4,5,2029,35.7
1790828149967,28.539399,77.347094,69.0,CNG,45.20,29.0,5,2026,35.7
1790828150613,28.539495,77.346941,69.0,CNG,46.43,29.0,5,2022,35.7
1790828151730,28.539594,77.346784,69.0,CNG,47.14,29.0,5,2027,35.3
1790828152388,28.539594,77.346784,69.0,CNG,47.71,29.0,5,2025,35.3
1790828152990,28.539692,77.346631,69.0,CNG,47.81,29.0,5,2024,35.3
1790828154149,28.539791,77.346476,69.0,CNG,47.70,29.0,5,2035,35.3
1790828154831,28.539887,77.346321,69.0,CNG,47.80,29.0,5,2031,35.3
1790828155473,28.539887,77.346321,69.0,CNG,48.04,29.4,5,2033,35.3
1790828156581,28.539983,77.346163,70.0,CNG,48.04,29.0,5,2041,35.3
1790828157265,28.540079,77.346009,69.0,CNG,48.29,29.0,5,2037,35.3
1790828157885,28.540171,77.345844,70.0,CNG,49.20,29.4,5,2044,35.3
1790828159047,28.540267,77.345690,70.0,CNG,48.80,29.4,5,2045,35.7
1790828159650,28.540365,77.345535,70.0,CNG,48.46,29.0,5,2045,35.7
1790828160236,28.540365,77.345535,70.0,CNG,48.26,29.4,5,2049,35.7
1790828161342,28.540465,77.345378,70.0,CNG,48.59,29.0,5,2051,35.3
1790828161982,28.540563,77.345219,70.0,CNG,48.37,29.0,5,2050,35.3
1790828162588,28.540563,77.345219,70.0,CNG,45.13,29.0,5,2049,35.3
1790828163775,28.540761,77.344907,70.0,CNG,42.10,29.0,5,2049,48.2
1790828164390,28.540761,77.344907,70.0,CNG,41.55,29.0,5,2048,48.2
1790828165003,28.540859,77.344748,70.0,CNG,40.98,29.0,5,2049,48.2
1790828166171,28.540956,77.344591,70.0,CNG,41.04,29.0,5,2051,42.7
1790828166817,28.541054,77.344438,70.0,CNG,40.61,29.0,5,2052,42.7
1790828167488,28.541054,77.344438,70.0,CNG,40.20,29.0,5,2048,42.7
1790828168763,28.541251,77.344125,70.0,CNG,40.01,29.0,5,2045,38.4
1790828169501,28.541251,77.344125,70.0,CNG,43.04,29.0,5,2042,38.4
1790828170153,28.541353,77.343967,70.0,CNG,44.82,29.0,5,2044,38.4
1790828171370,28.541451,77.343807,70.0,CNG,46.41,29.0,5,2044,35.3
1790828172033,28.541545,77.343652,70.0,CNG,47.59,29.0,5,2039,35.3
1790828172649,28.541640,77.343492,69.0,CNG,47.64,29.0,5,2040,35.3
1790828173799,28.541732,77.343334,70.0,CNG,48.18,29.0,5,2041,34.9
1790828174429,28.541732,77.343334,69.0,CNG,49.54,28.2,5,2037,34.9
1790828175050,28.541832,77.343179,70.0,CNG,50.00,28.2,5,2039,34.9
1790828176209,28.541932,77.343020,70.0,CNG,50.32,27.5,5,2037,30.2
1790828176919,28.542030,77.342871,69.0,CNG,52.62,27.1,5,2028,30.2
1790828177528,28.542030,77.342871,69.0,CNG,54.56,27.1,5,2023,30.2
1790828178682,28.542223,77.342559,69.0,CNG,54.29,28.2,5,2024,31.4
1790828179373,28.542223,77.342559,68.0,CNG,53.99,27.8,5,1999,31.4
1790828180003,28.542315,77.342405,68.0,CNG,48.36,29.0,5,1997,31.4
1790828181108,28.542411,77.342250,68.0,CNG,40.00,30.2,5,2001,51.0
1790828181835,28.542505,77.342095,68.0,CNG,39.26,30.2,5,1992,51.0
1790828182411,28.542505,77.342095,68.0,CNG,38.44,30.2,5,1999,51.0
1790828183585,28.542696,77.341793,68.0,CNG,38.68,29.8,5,1999,45.5
1790828184252,28.542696,77.341793,68.0,CNG,38.17,29.8,5,1999,45.5
1790828184870,28.542795,77.341639,68.0,CNG,37.62,29.8,5,2002,45.5
1790828186115,28.542889,77.341490,68.0,CNG,37.72,29.8,5,2004,42.7
1790828186824,28.542985,77.341339,68.0,CNG,40.72,29.0,5,2012,42.7
1790828187473,28.542985,77.341339,68.0,CNG,42.49,29.0,5,2007,42.7
1790828188768,28.543172,77.341034,68.0,CNG,43.80,29.0,5,1998,35.3
1790828189445,28.543172,77.341034,68.0,CNG,45.09,29.0,5,1997,35.3
1790828190090,28.543267,77.340882,68.0,CNG,45.55,29.0,5,1999,35.3
1790828191302,28.543362,77.340732,68.0,CNG,45.77,29.0,5,1994,35.3
1790828191961,28.543458,77.340574,68.0,CNG,46.59,29.0,5,1993,35.3
1790828192626,28.543553,77.340414,68.0,CNG,46.69,29.0,5,1994,35.3
1790828193838,28.543651,77.340260,68.0,CNG,46.65,29.0,5,1994,34.9
1790828194497,28.543651,77.340260,68.0,CNG,46.90,29.4,5,1988,34.9
1790828195123,28.543743,77.340108,68.0,CNG,46.37,29.4,5,1991,34.9
1790828196268,28.543836,77.339955,68.0,CNG,45.10,29.8,5,1987,37.3
1790828196949,28.543929,77.339800,68.0,CNG,45.52,29.4,5,1989,37.3
1790828197552,28.543929,77.339800,68.0,CNG,45.68,29.4,5,1987,37.3
1790828198785,28.544121,77.339491,68.0,CNG,45.43,29.4,5,1991,36.5
1790828199463,28.544121,77.339491,68.0,CNG,44.90,29.4,5,1989,36.5
1790828200077,28.544223,77.339339,68.0,CNG,44.92,29.4,5,1999,36.5
1790828201270,28.544323,77.339187,68.0,CNG,42.52,29.4,5,1995,49.8
1790828201921,28.544418,77.339036,68.0,CNG,41.27,29.0,5,1997,49.8
1790828202560,28.544418,77.339036,68.0,CNG,40.76,29.0,5,1997,49.8
1790828203711,28.544622,77.338738,68.0,CNG,40.42,29.0,5,1998,43.1
1790828204382,28.544622,77.338738,68.0,CNG,39.09,29.4,5,1998,43.1
1790828205000,28.544725,77.338588,68.0,CNG,38.89,29.4,5,1992,43.1
1790828206145,28.544827,77.338443,68.0,CNG,38.93,29.4,5,2000,44.3
1790828206779,28.544936,77.338298,68.0,CNG,41.51,29.0,5,1997,44.3
1790828207415,28.544936,77.338298,68.0,CNG,43.14,29.0,5,2003,44.3
1790828208645,28.545144,77.338020,68.0,CNG,45.27,29.4,5,2000,36.1
1790828209417,28.545144,77.338020,68.0,CNG,45.79,29.4,5,2005,36.1
1790828210055,28.545252,77.337878,68.0,CNG,46.60,29.0,5,2005,36.1
1790828211174,28.545354,77.337736,68.0,CNG,46.60,29.0,5,2008,35.7
1790828211906,28.545460,77.337592,68.0,CNG,46.97,29.4,5,2010,35.7
1790828212508,28.545460,77.337592,68.0,CNG,46.54,29.4,5,2011,35.7
1790828213708,28.545675,77.337313,69.0,CNG,47.28,29.4,5,2015,36.1
1790828214363,28.545675,77.337313,68.0,CNG,48.05,29.4,5,2008,36.1
1790828215055,28.545785,77.337175,69.0,CNG,47.87,29.4,5,2015,36.1
1790828216163,28.545896,77.337034,68.0,CNG,47.49,29.0,5,2013,35.3
1790828216819,28.546009,77.336895,69.0,CNG,48.14,29.0,5,2013,35.3
1790828217431,28.546009,77.336895,68.0,CNG,47.68,29.0,5,2011,35.3
1790828218529,28.546121,77.336760,69.0,CNG,44.50,29.0,5,2011,30.2
1790828219132,28.546233,77.336623,68.0,CNG,54.10,14.9,5,1961,30.2
1790828219774,28.546347,77.336490,68.0,CNG,57.30,14.9,,1495,30.2
1790828220909,28.546455,77.336362,65.0,CNG,66.27,14.9,,1393,26.3
1790828221567,28.546455,77.336362,60.0,CNG,74.19,14.9,,1142,26.3
1790828222191,28.546554,77.336245,55.0,CNG,78.00,14.9,,1003,26.3
1790828223269,28.546646,77.336131,51.0,CNG,78.30,14.9,,899,36.1
1790828223881,28.546723,77.336040,43.0,CNG,71.39,14.9,,862,36.1
1790828224541,28.546723,77.336040,37.0,CNG,64.29,14.9,,871,36.1
1790828225695,28.546833,77.335918,31.0,CNG,64.33,14.9,5,844,24.3
1790828226328,28.546833,77.335918,26.0,CNG,63.66,14.9,4,880,24.3
1790828226968,28.546878,77.335864,26.0,CNG,63.29,14.9,4,873,24.3
1790828228088,28.546919,77.335817,23.0,CNG,60.84,14.9,4,873,23.1
1790828228756,28.546954,77.335779,19.0,CNG,55.66,14.9,3,863,23.1
1790828229545,28.546954,77.335779,19.0,CNG,51.80,14.9,3,864,23.1
1790828230648,28.547016,77.335706,19.0,CNG,52.00,14.9,3,870,21.6
1790828231319,28.547016,77.335706,16.0,CNG,45.21,14.9,3,868,21.6
1790828231938,28.547039,77.335679,12.0,CNG,38.51,14.9,2,864,21.6
1790828233076,28.547057,77.335657,10.0,CNG,33.36,14.9,,870,22.4
1790828233690,28.547069,77.335636,10.0,CNG,29.61,14.9,,867,22.4
1790828234344,28.547069,77.335636,7.0,CNG,24.80,14.9,1,877,22.4
1790828235461,28.547080,77.335622,7.0,CNG,22.75,14.9,1,887,20.0
1790828236072,28.547093,77.335609,7.0,CNG,18.68,14.9,,856,20.0
1790828236701,28.547105,77.335598,6.0,CNG,14.44,14.9,1,853,20.0
1790828237809,28.547117,77.335584,7.0,CNG,7.64,28.6,,809,69.4
1790828238466,28.547117,77.335584,9.0,CNG,10.12,14.9,,665,69.4
1790828239065,28.547134,77.335566,9.0,CNG,13.17,14.9,,811,69.4
1790828240192,28.547151,77.335548,9.0,CNG,13.88,18.0,,846,38.4
1790828240844,28.547168,77.335529,10.0,CNG,9.41,28.6,2,768,38.4
1790828241441,28.547168,77.335529,11.0,CNG,8.70,27.8,2,875,38.4
1790828242572,28.547189,77.335507,12.0,CNG,9.32,25.9,2,943,48.6
1790828243166,28.547212,77.335481,13.0,CNG,12.28,21.2,2,958,48.6
1790828243856,28.547234,77.335456,13.0,CNG,11.87,23.9,2,982,48.6
1790828244985,28.547257,77.335431,13.0,CNG,13.62,14.9,2,1008,29.4
1790828245613,28.547278,77.335407,13.0,CNG,17.87,14.9,2,884,29.4
1790828246221,28.547278,77.335407,10.0,CNG,19.92,14.9,,871,29.4
1790828247430,28.547296,77.335389,8.0,CNG,19.95,14.9,,868,20.8
1790828248036,28.547307,77.335375,8.0,CNG,13.28,26.7,,960,20.8
1790828248802,28.547323,77.335357,9.0,CNG,12.15,25.9,,663,20.8
1790828250054,28.547342,77.335337,10.0,CNG,14.94,14.9,2,793,25.9
1790828250715,28.547360,77.335320,9.0,CNG,17.08,14.9,,869,25.9
1790828251310,28.547360,77.335320,9.0,CNG,18.86,20.8,,872,25.9
1790828252398,28.547377,77.335303,10.0,CNG,18.92,14.9,2,745,33.7
1790828253024,28.547395,77.335285,10.0,CNG,18.21,14.9,2,788,33.7
1790828253674,28.547414,77.335265,11.0,CNG,18.00,14.9,2,801,33.7
1790828254805,28.547434,77.335244,11.0,CNG,12.26,25.9,2,816,66.3
1790828255440,28.547434,77.335244,13.0,CNG,11.37,25.9,2,971,66.3
1790828256049,28.547455,77.335223,14.0,CNG,11.74,21.6,2,1037,66.3
1790828257164,28.547482,77.335196,14.0,CNG,14.96,14.9,2,1060,29.0
1790828257871,28.547508,77.335171,13.0,CNG,13.00,25.5,2,1010,29.0
1790828258563,28.547508,77.335171,14.0,CNG,15.98,14.9,2,1034,29.0
1790828259652,28.547555,77.335124,13.0,CNG,17.79,14.9,2,943,28.6
1790828260269,28.547555,77.335124,6.0,CNG,17.06,14.9,1,861,28.6
1790828260913,28.547564,77.335113,4.0,CNG,15.50,14.9,,876,28.6
1790828262087,28.547571,77.335103,4.0,CNG,13.06,14.9,,866,20.8
1790828262714,28.547578,77.335093,4.0,CNG,11.59,14.9,,858,20.8
1790828263408,28.547578,77.335093,2.0,CNG,8.89,14.9,,864,20.8
1790828264579,28.547582,77.335092,0.0,CNG,,14.9,0,858,38.4
1790828265255,28.547584,77.335092,0.0,CNG,,19.6,0,1283,38.4
1790828265851,28.547589,77.335088,3.0,CNG,,14.9,,1197,38.4
1790828266969,28.547592,77.335089,2.0,CNG,,14.9,,1080,30.6
1790828267605,28.547592,77.335089,0.0,CNG,,26.3,0,916,30.6
1790828268401,28.547592,77.335092,1.0,CNG,,14.9,,1177,30.6
1790828269728,28.547599,77.335083,3.0,CNG,,22.0,,912,55.3
1790828270360,28.547599,77.335083,6.0,CNG,3.37,24.3,1,825,55.3
1790828270958,28.547612,77.335070,7.0,CNG,4.53,24.3,1,997,55.3
1790828272092,28.547626,77.335054,8.0,CNG,5.56,23.5,1,1115,40.4
1790828272694,28.547641,77.335034,9.0,CNG,6.45,23.1,1,1330,40.4
1790828273330,28.547641,77.335034,10.0,CNG,7.70,21.6,1,1382,40.4
1790828274471,28.547658,77.335015,10.0,CNG,8.47,20.8,1,1400,28.2
1790828275153,28.547675,77.334995,10.0,CNG,7.76,25.9,,1183,28.2
1790828275741,28.547693,77.334974,11.0,CNG,8.50,32.5,2,812,28.2
1790828276867,28.547715,77.334950,12.0,CNG,8.89,32.2,2,902,56.1
1790828277479,28.547715,77.334950,15.0,CNG,10.66,28.2,2,1141,56.1
1790828278181,28.547741,77.334924,16.0,CNG,12.12,26.7,2,1216,56.1
1790828279269,28.547770,77.334894,17.0,CNG,13.73,25.1,2,1318,26.7
1790828279898,28.547801,77.334861,18.0,CNG,19.26,14.9,2,1271,26.7
1790828280527,28.547801,77.334861,16.0,CNG,24.86,14.9,,1050,26.7
1790828281641,28.547850,77.334810,12.0,CNG,27.03,14.9,2,920,22.4
1790828282249,28.547850,77.334810,12.0,CNG,28.71,14.9,2,859,22.4
1790828282900,28.547872,77.334785,12.0,CNG,24.97,14.9,2,863,22.4
1790828284002,28.547893,77.334762,11.0,CNG,14.49,25.1,2,872,57.6
1790828284668,28.547917,77.334738,13.0,CNG,11.88,27.5,2,988,57.6
1790828285313,28.547917,77.334738,14.0,CNG,11.02,27.1,2,1069,57.6
1790828286515,28.547945,77.334718,15.0,CNG,14.17,14.9,2,1145,32.2
1790828287156,28.547973,77.334694,14.0,CNG,16.49,14.9,,909,32.2
1790828287838,28.547993,77.334665,12.0,CNG,16.62,14.9,2,864,32.2
1790828289215,28.548015,77.334641,12.0,CNG,16.94,14.9,2,865,38.0
1790828289861,28.548037,77.334618,12.0,CNG,19.53,14.9,2,848,38.0
1790828290547,28.548037,77.334618,11.0,CNG,15.31,27.5,2,885,38.0
1790828291645,28.548075,77.334563,12.0,CNG,13.42,28.2,,1039,49.8
1790828292253,28.548075,77.334563,14.0,CNG,13.11,27.8,2,1091,49.8
1790828292952,28.548102,77.334533,16.0,CNG,13.69,27.8,2,1178,49.8
1790828294141,28.548133,77.334502,17.0,CNG,14.02,27.1,2,1277,39.6
1790828294781,28.548167,77.334474,19.0,CNG,20.21,14.9,2,1408,39.6
1790828295404,28.548167,77.334474,18.0,CNG,26.00,14.9,2,1295,39.6
1790828296569,28.548199,77.334444,18.0,CNG,32.43,14.9,,1068,23.1
1790828297225,28.548228,77.334412,17.0,CNG,23.78,24.7,2,1393,23.1
1790828297903,28.548258,77.334381,18.0,CNG,22.38,24.3,2,1385,23.1
1790828299032,28.548289,77.334343,19.0,CNG,21.89,24.3,2,1403,30.6
1790828299766,28.548322,77.334307,19.0,CNG,26.47,14.9,2,1323,30.6
1790828300432,28.548322,77.334307,18.0,CNG,27.33,14.9,3,973,30.6
1790828301555,28.548354,77.334270,16.0,CNG,26.95,14.9,3,882,34.5
1790828302156,28.548382,77.334242,14.0,CNG,24.19,14.9,,861,34.5
1790828302834,28.548407,77.334215,13.0,CNG,21.77,14.9,,861,34.5
1790828303923,28.548429,77.334190,13.0,CNG,16.76,20.8,,877,45.5
1790828304572,28.548429,77.334190,13.0,CNG,16.13,22.0,2,1017,45.5
1790828305203,28.548452,77.334168,14.0,CNG,13.42,27.1,2,1040,45.5
1790828306324,28.548477,77.334139,15.0,CNG,12.75,26.7,2,1084,42.0
1790828306961,28.548505,77.334108,16.0,CNG,14.04,24.7,2,1218,42.0
1790828307589,28.548505,77.334108,17.0,CNG,15.64,24.7,2,1300,42.0
1790828308867,28.548568,77.334040,18.0,CNG,17.96,24.3,2,1350,25.5
1790828309538,28.548568,77.334040,18.0,CNG,21.99,14.9,2,1419,25.5
1790828310154,28.548599,77.334006,18.0,CNG,25.78,14.9,2,1346,25.5
1790828311338,28.548631,77.333972,17.0,CNG,28.05,14.9,2,1321,17.6
1790828311946,28.548657,77.333940,16.0,CNG,29.83,14.9,2,1267,17.6
1790828312630,28.548683,77.333912,16.0,CNG,31.44,28.2,2,1226,17.6
1790828313826,28.548714,77.333878,16.0,CNG,19.82,27.1,2,1186,38.8
1790828314522,28.548714,77.333878,17.0,CNG,22.62,14.9,2,1303,38.8
1790828315137,28.548744,77.333846,16.0,CNG,14.83,25.1,2,1241,38.8
1790828316267,28.548772,77.333815,16.0,CNG,13.98,23.9,2,1202,36.1
1790828316864,28.548801,77.333784,16.0,CNG,17.14,14.9,2,1269,36.1
1790828317521,28.548801,77.333784,16.0,CNG,19.91,14.9,2,1211,36.1
1790828318658,28.548857,77.333729,15.0,CNG,21.48,14.9,2,1153,25.5
1790828319326,28.548857,77.333729,14.0,CNG,21.73,14.9,2,1074,25.5
1790828319926,28.548882,77.333703,13.0,CNG,21.17,14.9,2,1038,25.5
1790828321037,28.548901,77.333684,11.0,CNG,22.15,14.9,2,867,26.7
1790828321668,28.548918,77.333666,9.0,CNG,22.68,14.9,,869,26.7
1790828322307,28.548918,77.333666,8.0,CNG,21.51,14.9,,859,26.7
1790828323421,28.548931,77.333652,8.0,CNG,11.63,26.7,,878,46.7
1790828324106,28.548944,77.333637,10.0,CNG,12.23,25.1,2,758,46.7
1790828324768,28.548963,77.333616,11.0,CNG,12.58,25.5,2,836,46.7
1790828325976,28.548986,77.333593,12.0,CNG,12.68,25.9,2,914,44.7
1790828326639,28.549012,77.333566,14.0,CNG,13.84,25.9,2,1065,44.7
1790828327327,28.549012,77.333566,15.0,CNG,13.40,25.9,2,1143,44.7
1790828328478,28.549039,77.333536,16.0,CNG,12.63,23.9,2,1218,43.5
1790828329157,28.549069,77.333505,17.0,CNG,16.53,14.9,2,1214,43.5
1790828329841,28.549099,77.333473,15.0,CNG,18.54,14.9,2,1029,43.5
1790828330932,28.549120,77.333451,12.0,CNG,18.29,14.9,2,910,37.6
1790828331543,28.549120,77.333451,10.0,CNG,16.97,16.9,2,856,37.6
1790828332204,28.549137,77.333433,10.0,CNG,13.56,21.6,,925,37.6
1790828333431,28.549154,77.333414,9.0,CNG,10.97,21.6,1,1231,42.7
1790828334149,28.549173,77.333393,11.0,CNG,13.29,20.8,2,812,42.7
1790828334769,28.549194,77.333372,12.0,CNG,15.82,21.2,2,892,42.7
1790828335964,28.549214,77.333350,12.0,CNG,17.09,21.2,2,930,30.6
1790828336605,28.549214,77.333350,13.0,CNG,23.05,14.9,2,973,30.6
1790828337232,28.549236,77.333327,12.0,CNG,26.70,14.9,2,958,30.6
1790828338344,28.549258,77.333304,12.0,CNG,12.64,27.1,2,917,42.4
1790828338997,28.549280,77.333281,13.0,CNG,15.27,21.2,2,963,42.4
1790828339605,28.549280,77.333281,13.0,CNG,17.21,21.2,2,994,42.4
1790828340717,28.549329,77.333232,13.0,CNG,18.61,21.6,2,1004,29.4
1790828341374,28.549329,77.333232,14.0,CNG,17.98,21.6,2,1060,29.4
1790828342025,28.549356,77.333204,14.0,CNG,17.61,22.0,2,1094,29.4
1790828343165,28.549383,77.333177,15.0,CNG,16.73,22.0,2,1122,40.4
1790828343809,28.549411,77.333147,15.0,CNG,14.63,23.5,2,1172,40.4
1790828344423,28.549411,77.333147,16.0,CNG,12.95,27.8,2,1219,40.4
1790828345605,28.549442,77.333115,17.0,CNG,12.80,27.5,2,1287,49.0
1790828346252,28.549474,77.333082,19.0,CNG,12.98,26.7,2,1412,49.0
1790828346900,28.549509,77.333044,19.0,CNG,13.03,26.7,2,1461,49.0
1790828348011,28.549540,77.333007,20.0,CNG,13.12,27.1,2,1498,43.1
1790828348819,28.549577,77.332968,21.0,CNG,12.82,33.7,2,1622,43.1
1790828349624,28.549617,77.332924,23.0,CNG,12.94,32.9,2,1742,43.1
1790828350765,28.549662,77.332873,24.0,CNG,13.83,30.2,2,1834,40.8
1790828351399,28.549662,77.332873,26.0,CNG,14.75,27.5,2,2007,40.8
1790828352033,28.549707,77.332827,27.0,CNG,25.95,26.3,2,2047,40.8
1790828353119,28.549753,77.332776,27.0,CNG,29.04,21.6,2,2071,18.4
1790828353758,28.549799,77.332723,27.0,CNG,30.93,21.6,2,2054,18.4
1790828354361,28.549799,77.332723,27.0,CNG,31.82,21.6,2,2033,18.4
1790828355594,28.549843,77.332678,26.0,CNG,31.81,21.6,2,2014,18.8
1790828356266,28.549892,77.332629,26.0,CNG,32.59,21.2,2,1969,18.8
1790828356932,28.549936,77.332583,25.0,CNG,32.32,21.2,2,1949,18.8
1790828358031,28.549979,77.332539,25.0,CNG,30.34,21.2,2,1927,29.0
1790828358664,28.550022,77.332490,25.0,CNG,27.31,21.6,2,1888,29.0
1790828359278,28.550022,77.332490,24.0,CNG,25.18,21.2,2,1861,29.0
1790828360395,28.550066,77.332438,24.0,CNG,24.12,21.6,2,1846,28.2
1790828360985,28.550111,77.332397,24.0,CNG,23.44,21.6,2,1810,28.2
1790828361627,28.550148,77.332358,23.0,CNG,22.92,21.6,2,1788,28.2
1790828362766,28.550192,77.332311,23.0,CNG,22.27,22.0,2,1786,26.7
1790828363377,28.550192,77.332311,23.0,CNG,25.85,22.0,2,1784,26.7
1790828363950,28.550234,77.332270,23.0,CNG,28.32,22.0,2,1762,26.7
1790828365119,28.550277,77.332230,23.0,CNG,30.10,22.4,2,1757,19.2
1790828365737,28.550315,77.332187,23.0,CNG,31.15,22.0,2,1742,19.2
1790828366381,28.550315,77.332187,23.0,CNG,31.77,22.0,2,1738,19.2
1790828367519,28.550356,77.332144,23.0,CNG,32.02,22.0,2,1744,19.6
1790828368196,28.550394,77.332101,23.0,CNG,32.60,22.0,2,1737,19.6
1790828368989,28.550435,77.332055,23.0,CNG,33.05,22.0,2,1744,19.6
1790828370189,28.550474,77.332011,22.0,CNG,33.06,14.9,2,1703,18.8
1790828370826,28.550508,77.331967,21.0,CNG,33.30,14.9,2,1597,18.8
1790828371483,28.550508,77.331967,20.0,CNG,33.32,14.9,2,1518,18.8
1790828372640,28.550575,77.331893,19.0,CNG,33.20,14.9,2,1444,17.3
1790828373281,28.550575,77.331893,13.0,CNG,34.08,14.9,2,983,17.3
1790828373889,28.550592,77.331866,10.0,CNG,30.22,14.9,,873,17.3
1790828375029,28.550609,77.331847,10.0,CNG,17.56,22.4,,871,38.0
1790828375659,28.550625,77.331817,11.0,CNG,13.15,27.1,2,827,38.0
1790828376310,28.550625,77.331817,12.0,CNG,11.91,27.1,2,935,38.0
1790828377462,28.550646,77.331791,13.0,CNG,11.34,26.3,2,1016,51.4
1790828378092,28.550667,77.331759,15.0,CNG,11.93,23.9,2,1139,51.4
1790828378690,28.550692,77.331731,16.0,CNG,13.65,14.9,2,1191,51.4
1790828379818,28.550719,77.331703,16.0,CNG,17.58,14.9,2,1167,32.2
1790828380430,28.550719,77.331703,15.0,CNG,17.96,20.8,2,1156,32.2
1790828381067,28.550747,77.331674,15.0,CNG,18.13,18.8,2,1170,32.2
1790828382203,28.550774,77.331644,15.0,CNG,20.26,14.9,2,1154,24.7
1790828382864,28.550805,77.331615,15.0,CNG,23.25,20.4,2,1159,24.7
1790828383467,28.550805,77.331615,15.0,CNG,24.75,20.4,2,1138,24.7
1790828384663,28.550863,77.331559,15.0,CNG,25.80,20.4,2,1139,21.6
1790828385303,28.550863,77.331559,15.0,CNG,27.03,20.4,2,1160,21.6
1790828385972,28.550891,77.331528,15.0,CNG,27.66,20.4,2,1165,21.6
1790828387098,28.550917,77.331499,15.0,CNG,27.56,20.4,2,1161,22.4
1790828387736,28.550944,77.331471,15.0,CNG,27.61,20.4,2,1174,22.4
1790828388396,28.550944,77.331471,15.0,CNG,27.75,20.4,2,1173,22.4
1790828389659,28.550996,77.331411,15.0,CNG,27.78,20.4,2,1188,22.7
1790828390289,28.550996,77.331411,16.0,CNG,27.31,20.8,2,1200,22.7
1790828390918,28.551019,77.331381,16.0,CNG,27.15,20.8,2,1213,22.7
1790828392090,28.551045,77.331349,16.0,CNG,27.45,20.8,2,1219,26.3
1790828392802,28.551073,77.331318,16.0,CNG,20.64,20.8,2,1217,26.3
1790828393468,28.551073,77.331318,16.0,CNG,18.93,21.2,2,1234,26.3
1790828394641,28.551128,77.331258,16.0,CNG,17.95,21.6,2,1232,36.1
1790828395252,28.551128,77.331258,17.0,CNG,17.69,22.0,2,1263,36.1
1790828395878,28.551157,77.331228,17.0,CNG,17.50,22.0,2,1275,36.1
1790828396972,28.551188,77.331195,17.0,CNG,17.98,22.0,2,1299,35.3
1790828397608,28.551188,77.331195,17.0,CNG,17.73,22.0,2,1323,35.3
1790828398197,28.551219,77.331162,18.0,CNG,18.06,22.0,2,1348,35.3
1790828399359,28.551252,77.331129,18.0,CNG,21.83,14.9,2,1358,21.2
1790828399981,28.551283,77.331098,17.0,CNG,26.29,14.9,2,1237,21.2
1790828400652,28.551308,77.331069,15.0,CNG,31.05,14.9,2,1026,21.2
1790828401789,28.551329,77.331044,12.0,CNG,30.30,14.9,2,855,23.1
1790828402479,28.551329,77.331044,11.0,CNG,28.58,14.9,2,866,23.1
1790828403059,28.551347,77.331023,10.0,CNG,26.57,14.9,2,860,23.1
1790828404222,28.551363,77.331004,9.0,CNG,24.46,14.9,,864,21.6
1790828404817,28.551378,77.330987,9.0,CNG,23.96,14.9,,871,21.6
1790828405448,28.551378,77.330987,9.0,CNG,23.52,14.9,,863,21.6
1790828406591,28.551394,77.330970,8.0,CNG,19.73,14.9,,863,30.2
1790828407215,28.551410,77.330954,8.0,CNG,14.69,21.2,,752,30.2
1790828407810,28.551427,77.330937,9.0,CNG,11.73,23.5,2,710,30.2
1790828409163,28.551445,77.330921,10.0,CNG,11.18,23.5,2,740,63.5
1790828409810,28.551465,77.330901,12.0,CNG,13.86,14.9,2,874,63.5
1790828410441,28.551465,77.330901,12.0,CNG,15.17,14.9,2,840,63.5
1790828411506,28.551486,77.330879,10.0,CNG,14.63,14.9,2,856,38.8
1790828412164,28.551502,77.330861,9.0,CNG,13.84,14.9,,866,38.8
1790828412784,28.551517,77.330845,9.0,CNG,13.40,14.9,,866,38.8
1790828413909,28.551533,77.330828,9.0,CNG,12.03,17.6,2,762,64.3
1790828414521,28.551533,77.330828,10.0,CNG,11.50,24.3,2,762,64.3
1790828415182,28.551553,77.330810,11.0,CNG,12.27,24.3,2,837,64.3
1790828416273,28.551575,77.330790,12.0,CNG,13.11,24.3,2,895,40.4
1790828416924,28.551598,77.330767,13.0,CNG,14.32,24.3,2,1014,40.4
1790828417572,28.551598,77.330767,14.0,CNG,15.40,23.9,2,1061,40.4
1790828418680,28.551650,77.330713,15.0,CNG,16.02,23.9,2,1130,34.5
1790828419316,28.551650,77.330713,17.0,CNG,16.28,23.9,2,1244,34.5
1790828419949,28.551679,77.330682,17.0,CNG,16.57,23.9,2,1282,34.5
1790828421086,28.551710,77.330651,18.0,CNG,17.62,23.9,2,1328,32.5
1790828421709,28.551743,77.330617,19.0,CNG,18.92,23.5,2,1423,32.5
1790828422339,28.551743,77.330617,19.0,CNG,18.53,23.5,2,1462,32.5
1790828423532,28.551779,77.330581,20.0,CNG,17.82,23.1,2,1471,38.4
1790828424124,28.551814,77.330542,20.0,CNG,21.81,14.9,2,1500,38.4
1790828424760,28.551848,77.330504,19.0,CNG,23.09,14.9,2,1344,38.4
1790828425837,28.551869,77.330478,14.0,CNG,22.98,14.9,2,1150,30.2
1790828426538,28.551869,77.330478,10.0,CNG,19.75,14.9,,945,30.2
1790828427144,28.551887,77.330454,9.0,CNG,17.12,14.9,,870,30.2
1790828428278,28.551900,77.330431,9.0,CNG,15.39,14.9,,870,38.4
1790828429068,28.551912,77.330412,9.0,CNG,15.28,18.8,,865,38.4
1790828429755,28.551925,77.330391,9.0,CNG,18.14,14.9,,946,38.4
1790828430845,28.551940,77.330370,9.0,CNG,19.81,14.9,,863,26.7
1790828431487,28.551940,77.330370,9.0,CNG,18.24,21.6,2,706,26.7
1790828432152,28.551955,77.330352,10.0,CNG,15.48,23.5,2,762,26.7
1790828433351,28.551973,77.330333,11.0,CNG,14.93,23.1,2,847,38.8
1790828434012,28.551993,77.330310,12.0,CNG,15.86,22.0,2,939,38.8
1790828434629,28.552015,77.330285,13.0,CNG,17.55,21.6,2,992,38.8
1790828435739,28.552038,77.330260,13.0,CNG,18.37,17.6,2,1014,20.8
1790828436422,28.552038,77.330260,13.0,CNG,23.02,14.9,2,925,20.8
1790828437021,28.552059,77.330236,10.0,CNG,20.76,14.9,,864,20.8
1790828438159,28.552073,77.330220,8.0,CNG,16.94,14.9,,880,35.7
1790828438762,28.552084,77.330208,6.0,CNG,13.19,14.9,1,860,35.7
1790828439477,28.552084,77.330208,5.0,CNG,10.58,14.9,,865,35.7
1790828440599,28.552091,77.330197,5.0,CNG,8.42,18.4,,867,38.4
1790828441210,28.552099,77.330187,4.0,CNG,7.13,14.9,,862,38.4
1790828441803,28.552102,77.330182,1.0,CNG,4.95,14.9,,861,38.4
1790828442942,28.552101,77.330180,0.0,CNG,,14.9,0,869,40.8
1790828443542,28.552101,77.330180,0.0,CNG,,14.9,0,861,40.8
1790828444192,28.552101,77.330181,0.0,CNG,,14.9,0,864,40.8
1790828445331,28.552101,77.330182,0.0,CNG,,20.4,0,864,28.2
1790828445973,28.552100,77.330182,0.0,CNG,,20.0,0,1315,28.2
1790828446603,28.552100,77.330182,0.0,CNG,,20.4,0,1439,28.2
1790828447725,28.552104,77.330176,2.0,CNG,,20.4,,862,35.3
1790828448344,28.552104,77.330176,5.0,CNG,,23.9,1,714,35.3
1790828449278,28.552111,77.330168,6.0,CNG,5.30,24.3,1,794,35.3
1790828450406,28.552122,77.330153,7.0,CNG,6.48,24.3,1,1068,33.7
1790828451045,28.552137,77.330136,10.0,CNG,10.50,14.9,1,1357,33.7
1790828451628,28.552153,77.330118,10.0,CNG,14.00,14.9,1,1263,33.7
1790828452809,28.552164,77.330105,8.0,CNG,15.52,14.9,1,1075,31.4
1790828453406,28.552164,77.330105,6.0,CNG,13.02,14.9,1,859,31.4
1790828454038,28.552174,77.330094,6.0,CNG,11.23,15.3,1,860,31.4
1790828455196,28.552184,77.330082,6.0,CNG,11.75,22.0,,688,45.1
1790828455826,28.552199,77.330066,8.0,CNG,9.41,28.2,,632,45.1
1790828456458,28.552199,77.330066,10.0,CNG,9.68,26.3,2,729,45.1
1790828457569,28.552216,77.330046,11.0,CNG,10.76,21.6,2,841,40.4
1790828458203,28.552235,77.330023,12.0,CNG,12.50,21.6,2,917,40.4
1790828458830,28.552255,77.329998,12.0,CNG,12.62,21.6,2,942,40.4
1790828459990,28.552275,77.329975,13.0,CNG,13.40,21.6,2,959,46.3
1790828460651,28.552297,77.329947,13.0,CNG,13.46,21.6,2,1020,46.3
1790828461307,28.552297,77.329947,14.0,CNG,13.78,22.0,2,1048,46.3
1790828462423,28.552320,77.329918,14.0,CNG,13.83,22.0,2,1073,41.2
1790828463009,28.552343,77.329889,15.0,CNG,17.21,14.9,2,1129,41.2
1790828463632,28.552368,77.329858,15.0,CNG,19.33,14.9,,981,41.2
1790828464776,28.552383,77.329840,12.0,CNG,19.10,14.9,2,883,33.7
1790828465501,28.552383,77.329840,3.0,CNG,15.69,14.9,,886,33.7
1790828466110,28.552389,77.329833,2.0,CNG,12.17,14.9,,881,33.7
1790828467282,28.552388,77.329833,1.0,CNG,8.75,14.9,,877,22.0
1790828467869,28.552387,77.329833,1.0,CNG,,22.0,,871,22.0
1790828468613,28.552389,77.329830,1.0,CNG,,21.6,,944,22.0
1790828469781,28.552398,77.329820,3.0,CNG,,22.0,,876,39.2
1790828470420,28.552398,77.329820,7.0,CNG,5.97,23.9,1,944,39.2
1790828471024,28.552409,77.329806,8.0,CNG,7.29,23.5,1,1103,39.2
1790828472137,28.552423,77.329789,9.0,CNG,7.73,23.5,1,1257,40.0
1790828472779,28.552439,77.329770,10.0,CNG,7.84,23.5,1,1426,40.0
1790828473446,28.552439,77.329770,10.0,CNG,7.93,23.5,1,1487,40.0
1790828474545,28.552455,77.329749,10.0,CNG,7.96,23.5,1,1498,38.8
1790828475163,28.552472,77.329728,11.0,CNG,8.21,23.5,1,1593,38.8
1790828475750,28.552489,77.329705,11.0,CNG,8.30,23.5,1,1648,38.8
1790828476903,28.552509,77.329682,12.0,CNG,8.63,23.5,1,1686,37.3
1790828477527,28.552509,77.329682,12.0,CNG,11.16,14.9,1,1767,37.3
1790828478199,28.552530,77.329657,12.0,CNG,11.29,23.9,,1310,37.3
1790828479297,28.552550,77.329631,13.0,CNG,12.84,24.7,2,911,38.8
1790828479915,28.552573,77.329601,14.0,CNG,15.45,21.6,2,1082,38.8
1790828480513,28.552573,77.329601,15.0,CNG,18.08,20.8,2,1121,38.8
1790828481611,28.552596,77.329570,15.0,CNG,20.11,21.2,2,1148,25.5
1790828482253,28.552622,77.329538,15.0,CNG,24.17,18.0,2,1169,25.5
1790828482882,28.552648,77.329506,15.0,CNG,26.96,17.6,2,1158,25.5
1790828484015,28.552674,77.329476,14.0,CNG,28.03,14.9,2,1124,18.8
1790828484638,28.552696,77.329450,13.0,CNG,30.88,14.9,2,894,18.8
1790828485231,28.552696,77.329450,11.0,CNG,28.85,14.9,2,860,18.8
1790828486339,28.552714,77.329428,11.0,CNG,29.22,14.9,2,868,22.4
1790828486947,28.552731,77.329406,11.0,CNG,24.23,20.0,2,816,22.4
1790828487582,28.552731,77.329406,11.0,CNG,23.47,19.2,2,859,22.4
1790828488793,28.552772,77.329358,11.0,CNG,22.68,20.4,2,886,34.1
1790828489486,28.552772,77.329358,12.0,CNG,21.00,19.6,2,932,34.1
1790828490133,28.552792,77.329334,12.0,CNG,18.72,19.6,2,947,34.1
1790828491308,28.552812,77.329309,13.0,CNG,17.32,20.8,2,956,45.9
1790828491933,28.552834,77.329283,13.0,CNG,13.91,23.9,2,1019,45.9
1790828492610,28.552834,77.329283,14.0,CNG,13.05,23.5,2,1069,45.9
1790828493771,28.552885,77.329224,15.0,CNG,13.34,22.7,2,1116,36.5
1790828494467,28.552885,77.329224,15.0,CNG,16.13,14.9,2,1081,36.5
1790828495090,28.552910,77.329194,12.0,CNG,16.74,14.9,2,915,36.5
1790828496249,28.552922,77.329180,5.0,CNG,13.17,14.9,,865,39.6
1790828496872,28.552923,77.329177,1.0,CNG,10.34,14.9,,893,39.6
1790828497490,28.552923,77.329177,0.0,CNG,7.44,18.8,0,876,39.6
1790828498543,28.552922,77.329175,0.0,CNG,,22.0,0,1027,36.5
1790828499194,28.552924,77.329173,3.0,CNG,,22.0,,776,36.5
1790828499827,28.552932,77.329164,5.0,CNG,5.32,23.5,1,733,36.5
1790828500937,28.552943,77.329151,7.0,CNG,6.40,25.1,1,959,36.1
1790828501590,28.552943,77.329151,9.0,CNG,7.45,24.3,1,1299,36.1
1790828502191,28.552958,77.329133,10.0,CNG,8.36,24.3,1,1444,36.1
1790828503268,28.552976,77.329113,11.0,CNG,9.52,24.3,1,1577,30.2
1790828503896,28.552995,77.329089,12.0,CNG,11.03,22.7,1,1736,30.2
1790828504556,28.552995,77.329089,12.0,CNG,12.60,22.0,1,1776,30.2
1790828505736,28.553036,77.329041,12.0,CNG,13.90,22.0,1,1795,21.6
1790828506400,28.553036,77.329041,13.0,CNG,15.83,14.9,1,1836,21.6
1790828507041,28.553057,77.329015,13.0,CNG,19.34,14.9,,1379,21.6
1790828508121,28.553078,77.328990,12.0,CNG,19.12,14.9,2,1018,32.2
1790828508803,28.553092,77.328971,8.0,CNG,17.13,14.9,,852,32.2
1790828509498,28.553092,77.328971,4.0,CNG,12.56,14.9,,863,32.2
1790828510703,28.553097,77.328964,2.0,CNG,8.29,14.9,,865,41.6
1790828511360,28.553097,77.328964,1.0,CNG,5.06,14.9,,858,41.6
1790828511990,28.553097,77.328963,1.0,CNG,,21.2,,1006,41.6
1790828513102,28.553099,77.328960,2.0,CNG,,14.9,,936,34.5
1790828513708,28.553102,77.328955,2.0,CNG,,14.9,,890,34.5
1790828514291,28.553102,77.328955,2.0,CNG,,14.9,,872,34.5
1790828515436,28.553106,77.328949,2.0,CNG,,14.9,,869,22.4
1790828516071,28.553109,77.328946,1.0,CNG,,14.9,,857,22.4
1790828516701,28.553109,77.328945,0.0,CNG,,14.9,0,872,22.4
1790828517823,28.553109,77.328945,0.0,CNG,,14.9,0,867,20.8
1790828518451,28.553109,77.328945,0.0,CNG,,18.4,0,862,20.8
1790828519111,28.553110,77.328947,0.0,CNG,,22.0,0,1013,20.8
1790828520300,28.553112,77.328943,2.0,CNG,,14.9,,807,42.0
1790828520889,28.553117,77.328939,4.0,CNG,,21.6,,814,42.0
1790828521533,28.553117,77.328939,5.0,CNG,5.63,22.0,,782,42.0
1790828522629,28.553134,77.328915,6.0,CNG,6.31,22.4,1,898,42.7
1790828523345,28.553134,77.328915,8.0,CNG,7.35,22.7,1,1102,42.7
1790828523942,28.553148,77.328898,9.0,CNG,7.41,22.7,1,1231,42.7
1790828525085,28.553164,77.328880,9.0,CNG,7.06,24.7,1,1335,43.9
1790828525717,28.553181,77.328859,10.0,CNG,7.27,24.7,1,1506,43.9
1790828526387,28.553181,77.328859,11.0,CNG,7.62,24.7,1,1524,43.9
1790828527495,28.553199,77.328838,11.0,CNG,9.91,14.9,1,1559,25.9
1790828528137,28.553217,77.328817,11.0,CNG,11.84,22.0,,1006,25.9
1790828528893,28.553236,77.328792,12.0,CNG,14.15,22.0,2,934,25.9
1790828530221,28.553257,77.328765,13.0,CNG,14.67,21.6,2,950,39.6
1790828530837,28.553276,77.328740,13.0,CNG,14.19,21.6,2,1017,39.6
1790828531474,28.553276,77.328740,14.0,CNG,14.51,21.6,2,1043,39.6
1790828532622,28.553320,77.328680,14.0,CNG,14.33,21.6,2,1065,41.6
1790828533267,28.553320,77.328680,15.0,CNG,15.11,21.6,2,1117,41.6
1790828533927,28.553343,77.328649,15.0,CNG,15.89,21.6,2,1139,41.6
1790828535017,28.553368,77.328617,15.0,CNG,15.43,21.6,2,1167,38.0
1790828535607,28.553368,77.328617,16.0,CNG,18.38,17.3,2,1195,38.0
1790828536240,28.553393,77.328585,15.0,CNG,22.33,14.9,2,1160,38.0
1790828537320,28.553418,77.328554,15.0,CNG,25.67,14.9,2,1135,17.6
1790828537986,28.553442,77.328522,14.0,CNG,28.07,14.9,2,1095,17.6
1790828538633,28.553463,77.328496,12.0,CNG,29.65,14.9,2,1002,17.6
1790828539761,28.553478,77.328476,10.0,CNG,27.03,14.9,2,825,25.1
1790828540359,28.553478,77.328476,8.0,CNG,23.84,14.9,,868,25.1
1790828540995,28.553491,77.328459,7.0,CNG,21.03,14.9,1,860,25.1
1790828542086,28.553501,77.328447,6.0,CNG,18.37,14.9,1,857,23.1
1790828542783,28.553507,77.328438,4.0,CNG,9.16,21.6,,872,23.1
1790828543395,28.553507,77.328438,4.0,CNG,9.07,20.8,,780,23.1
1790828544492,28.553515,77.328428,5.0,CNG,11.57,20.8,,387,38.8
1790828545089,28.553525,77.328414,7.0,CNG,13.87,20.4,,493,38.8
1790828545765,28.553537,77.328398,7.0,CNG,14.47,20.8,,578,38.8
1790828546978,28.553551,77.328381,8.0,CNG,14.47,20.0,,621,43.5
1790828547619,28.553566,77.328361,9.0,CNG,17.01,14.9,2,712,43.5
1790828548233,28.553566,77.328361,9.0,CNG,19.41,14.9,,877,43.5
1790828549708,28.553578,77.328346,4.0,CNG,13.42,14.9,,862,36.1
1790828550320,28.553578,77.328346,0.0,CNG,6.92,14.9,0,851,36.1
1790828550967,28.553577,77.328349,0.0,CNG,,14.9,0,860,36.1
1790828552136,28.553577,77.328351,0.0,CNG,,22.0,0,859,46.7
1790828552787,28.553576,77.328350,1.0,CNG,,14.9,,859,46.7
1790828553450,28.553576,77.328350,1.0,CNG,,14.9,,861,46.7
1790828554626,28.553576,77.328350,0.0,CNG,,14.9,0,865,38.4
1790828555209,28.553576,77.328350,0.0,CNG,,16.5,0,868,38.4
1790828555917,28.553575,77.328351,0.0,CNG,,17.6,0,928,38.4
1790828556999,28.553577,77.328349,0.0,CNG,,21.2,0,958,36.5
1790828557686,28.553577,77.328349,0.0,CNG,,19.6,0,1358,36.5
1790828558324,28.553577,77.328349,0.0,CNG,,20.0,0,1360,36.5
1790828559463,28.553576,77.328349,1.0,CNG,,19.6,,1106,25.5
1790828560158,28.553579,77.328344,3.0,CNG,,20.0,,907,25.5
1790828560766,28.553585,77.328335,4.0,CNG,,21.6,,645,25.5
1790828561890,28.553595,77.328322,5.0,CNG,5.72,22.0,,779,38.4
1790828562498,28.553595,77.328322,7.0,CNG,7.66,22.4,1,997,38.4
1790828563146,28.553606,77.328307,8.0,CNG,8.36,23.1,1,1098,38.4
1790828564303,28.553620,77.328290,9.0,CNG,8.94,23.1,1,1245,32.5
1790828564888,28.553635,77.328269,10.0,CNG,9.75,23.1,1,1511,32.5
1790828565554,28.553635,77.328269,11.0,CNG,9.77,23.1,1,1580,32.5
1790828566624,28.553669,77.328221,12.0,CNG,9.49,23.1,1,1659,38.4
1790828567303,28.553669,77.328221,12.0,CNG,9.30,23.1,1,1720,38.4
1790828567906,28.553687,77.328196,12.0,CNG,11.28,14.9,1,1740,38.4
1790828569123,28.553704,77.328170,12.0,CNG,12.37,14.9,1,1517,42.7
1790828569811,28.553724,77.328143,13.0,CNG,11.64,23.5,2,1029,42.7
1790828570426,28.553724,77.328143,14.0,CNG,12.35,22.4,2,1037,42.7
1790828571582,28.553746,77.328115,14.0,CNG,13.32,20.8,2,1048,31.4
1790828572212,28.553767,77.328085,13.0,CNG,18.32,19.6,2,1046,31.4
1790828572797,28.553787,77.328058,13.0,CNG,20.58,18.4,2,978,31.4
1790828573879,28.553807,77.328032,13.0,CNG,23.50,14.9,2,966,17.6
1790828574481,28.553807,77.328032,11.0,CNG,25.91,14.9,2,880,17.6
1790828575125,28.553825,77.328011,8.0,CNG,23.18,14.9,,853,17.6
1790828576277,28.553835,77.327998,5.0,CNG,18.30,14.9,,852,24.3
1790828576948,28.553837,77.327992,2.0,CNG,13.10,14.9,,863,24.3
1790828577563,28.553837,77.327992,1.0,CNG,9.49,14.9,,862,24.3
1790828578711,28.553838,77.327987,1.0,CNG,,14.9,,856,22.0
1790828579369,28.553838,77.327987,1.0,CNG,,14.9,,856,22.0
1790828580016,28.553838,77.327985,1.0,CNG,,14.9,,854,22.0
1790828581189,28.553838,77.327984,1.0,CNG,,22.7,,917,40.0
1790828581801,28.553841,77.327974,5.0,CNG,,18.8,,640,40.0
1790828582421,28.553841,77.327974,6.0,CNG,7.34,20.0,1,836,40.0
1790828583573,28.553851,77.327959,6.0,CNG,8.29,21.6,1,926,38.0
1790828584205,28.553862,77.327945,8.0,CNG,7.15,23.9,1,1085,38.0
1790828584836,28.553875,77.327928,9.0,CNG,7.13,22.4,1,1242,38.0
1790828585909,28.553889,77.327909,9.0,CNG,7.59,22.4,1,1325,40.0
1790828586550,28.553889,77.327909,10.0,CNG,7.96,23.1,1,1399,40.0
1790828587175,28.553904,77.327888,10.0,CNG,8.32,23.1,1,1428,40.0
1790828588371,28.553920,77.327867,10.0,CNG,8.28,23.1,1,1462,38.0
1790828588995,28.553937,77.327845,11.0,CNG,8.58,25.1,1,1552,38.0
1790828589778,28.553956,77.327821,11.0,CNG,7.78,27.5,1,1625,38.0
1790828591025,28.553976,77.327794,13.0,CNG,7.87,26.7,1,1824,29.4
1790828591685,28.553996,77.327765,13.0,CNG,8.76,26.7,,1438,29.4
1790828592318,28.553996,77.327765,15.0,CNG,10.55,26.7,2,1123,29.4
1790828593445,28.554019,77.327734,16.0,CNG,12.40,26.7,2,1164,39.6
1790828594035,28.554044,77.327698,18.0,CNG,13.91,26.3,2,1315,39.6
1790828594760,28.554072,77.327661,18.0,CNG,19.27,23.1,2,1384,39.6
1790828595840,28.554099,77.327620,19.0,CNG,18.94,25.5,2,1482,36.1
1790828596463,28.554099,77.327620,20.0,CNG,18.71,25.5,2,1489,36.1
1790828597058,28.554130,77.327574,20.0,CNG,18.36,25.5,2,1530,36.1
1790828598154,28.554162,77.327531,21.0,CNG,18.54,25.5,2,1578,25.5
1790828598744,28.554194,77.327487,21.0,CNG,20.05,23.1,2,1571,25.5
1790828599427,28.554194,77.327487,21.0,CNG,21.05,23.1,2,1641,25.5
1790828600545,28.554226,77.327443,21.0,CNG,22.42,23.1,2,1633,31.4
1790828601199,28.554258,77.327396,22.0,CNG,19.67,23.1,2,1668,31.4
1790828601819,28.554293,77.327348,22.0,CNG,18.76,23.1,2,1665,31.4
1790828603034,28.554325,77.327305,22.0,CNG,17.97,23.1,2,1673,36.1
1790828603681,28.554363,77.327259,22.0,CNG,17.89,23.1,2,1684,36.1
1790828604315,28.554363,77.327259,22.0,CNG,17.66,23.1,2,1697,36.1
1790828605415,28.554391,77.327212,22.0,CNG,17.83,23.1,2,1699,36.1
1790828606132,28.554426,77.327166,23.0,CNG,21.39,22.7,2,1722,36.1
1790828606738,28.554461,77.327118,23.0,CNG,24.45,22.4,2,1735,36.1
1790828607888,28.554497,77.327066,23.0,CNG,27.35,22.0,2,1735,21.2
1790828608599,28.554497,77.327066,23.0,CNG,28.45,22.4,2,1751,21.2
1790828609422,28.554530,77.327019,23.0,CNG,29.23,22.4,2,1765,21.2
1790828610543,28.554569,77.326965,23.0,CNG,29.63,22.4,2,1764,21.6
1790828611230,28.554601,77.326911,23.0,CNG,31.21,14.9,,,21.6
1790828611854,28.554637,77.326859,23.0,CNG,38.75,14.9,3,1204,21.6
1790828613039,28.554662,77.326820,18.0,CNG,42.52,14.9,3,986,21.2
1790828613647,28.554683,77.326796,12.0,CNG,37.11,14.9,2,864,21.2
1790828614300,28.554683,77.326796,11.0,CNG,32.77,14.9,2,864,21.2
1790828615470,28.554702,77.326774,10.0,CNG,30.65,14.9,,865,29.8
1790828616094,28.554720,77.326751,11.0,CNG,25.36,20.4,2,828,29.8
1790828616707,28.554737,77.326727,11.0,CNG,22.80,20.4,2,858,29.8
1790828617853,28.554753,77.326702,12.0,CNG,19.69,20.0,2,906,35.3
1790828618481,28.554753,77.326702,12.0,CNG,18.02,20.4,2,930,35.3
1790828619140,28.554772,77.326676,13.0,CNG,16.41,21.2,2,954,35.3
1790828620292,28.554794,77.326650,13.0,CNG,15.13,21.2,2,986,43.9
1790828620942,28.554817,77.326623,13.0,CNG,14.90,21.2,2,1026,43.9
1790828621571,28.554817,77.326623,14.0,CNG,15.45,20.8,2,1035,43.9
1790828622753,28.554861,77.326567,14.0,CNG,16.02,20.8,2,1058,32.9
1790828623382,28.554861,77.326567,14.0,CNG,17.58,14.9,,933,32.9
1790828624050,28.554883,77.326540,13.0,CNG,17.93,14.9,,865,32.9
1790828625190,28.554902,77.326515,12.0,CNG,21.21,20.4,2,1003,30.2
1790828625867,28.554923,77.326489,13.0,CNG,18.75,24.7,2,993,30.2
1790828626466,28.554923,77.326489,14.0,CNG,17.78,24.3,2,1052,30.2
1790828627659,28.554974,77.326430,15.0,CNG,17.84,23.9,2,1122,32.9
1790828628302,28.554974,77.326430,16.0,CNG,18.87,22.7,2,1221,32.9
1790828629049,28.555003,77.326397,17.0,CNG,20.87,20.8,2,1290,32.9
1790828630265,28.555034,77.326364,17.0,CNG,24.67,14.9,2,1233,17.6
1790828630891,28.555063,77.326332,15.0,CNG,27.80,14.9,2,1105,17.6
1790828631478,28.555063,77.326332,13.0,CNG,29.81,14.9,2,999,17.6
1790828632593,28.555087,77.326307,12.0,CNG,26.13,14.9,2,931,30.6
1790828633232,28.555108,77.326283,12.0,CNG,22.99,14.9,2,888,30.6
1790828633881,28.555130,77.326260,12.0,CNG,20.70,14.9,2,884,30.6
1790828634945,28.555150,77.326238,11.0,CNG,17.98,14.9,2,882,41.6
1790828635620,28.555168,77.326217,10.0,CNG,16.06,14.9,2,828,41.6
1790828636214,28.555168,77.326217,8.0,CNG,14.06,14.9,,792,41.6
1790828637340,28.555182,77.326202,7.0,CNG,12.31,14.9,1,858,40.0
1790828637986,28.555194,77.326188,7.0,CNG,11.45,14.9,,853,40.0
1790828638679,28.555208,77.326173,7.0,CNG,11.01,14.9,,850,40.0
1790828639843,28.555221,77.326161,6.0,CNG,10.06,14.9,1,862,38.8
1790828640562,28.555221,77.326161,4.0,CNG,7.96,14.9,,856,38.8
1790828641199,28.555229,77.326153,3.0,CNG,6.36,14.9,,856,38.8
1790828642273,28.555233,77.326147,2.0,CNG,4.96,14.9,,858,32.9
1790828642892,28.555234,77.326145,0.0,CNG,,14.9,0,890,32.9
1790828643547,28.555234,77.326145,0.0,CNG,,14.9,0,879,32.9
1790828644655,28.555239,77.326142,0.0,CNG,,14.9,0,870,23.5
1790828645319,28.555239,77.326142,0.0,CNG,,14.9,0,870,23.5
1790828645931,28.555239,77.326142,0.0,CNG,,14.9,0,861,23.5
1790828647168,28.555238,77.326143,0.0,CNG,,14.9,0,856,28.2
1790828647844,28.555238,77.326143,0.0,CNG,,14.9,0,849,28.2
1790828648475,28.555238,77.326143,0.0,CNG,,14.9,0,852,28.2
1790828649708,28.555239,77.326144,0.0,CNG,,23.9,0,846,44.7
1790828650332,28.555239,77.326144,2.0,CNG,,14.9,,844,44.7
1790828650965,28.555239,77.326138,3.0,CNG,,18.4,,855,44.7
1790828652082,28.555245,77.326129,4.0,CNG,,18.0,,613,36.9
1790828652722,28.555254,77.326118,5.0,CNG,6.18,14.9,,785,36.9
1790828653403,28.555254,77.326118,6.0,CNG,7.57,14.9,1,856,36.9
1790828654509,28.555262,77.326108,4.0,CNG,6.92,14.9,,845,38.0
1790828655138,28.555266,77.326100,3.0,CNG,5.69,14.9,,860,38.0
1790828655754,28.555270,77.326096,3.0,CNG,4.30,14.9,,787,38.0
1790828656886,28.555279,77.326088,5.0,CNG,4.66,14.9,,671,48.6
1790828657513,28.555279,77.326088,6.0,CNG,6.18,15.7,1,845,48.6
1790828658193,28.555290,77.326077,6.0,CNG,6.62,21.2,1,850,48.6
1790828659297,28.555301,77.326067,6.0,CNG,7.95,21.2,1,898,30.6
1790828659957,28.555313,77.326053,7.0,CNG,9.06,21.2,1,1057,30.6
1790828660587,28.555313,77.326053,8.0,CNG,10.36,21.2,1,1126,30.6
1790828661760,28.555343,77.326022,8.0,CNG,11.40,21.2,1,1184,23.5
1790828662382,28.555343,77.326022,9.0,CNG,12.47,21.2,1,1294,23.5
1790828663041,28.555358,77.326006,9.0,CNG,13.09,14.9,1,1338,23.5
1790828664203,28.555376,77.325990,9.0,CNG,15.27,14.9,1,1253,17.6
1790828664876,28.555388,77.325978,6.0,CNG,15.72,14.9,,957,17.6
1790828665492,28.555388,77.325978,3.0,CNG,10.91,14.9,,863,17.6
1790828666623,28.555398,77.325969,2.0,CNG,7.53,22.0,,870,49.8
1790828667259,28.555398,77.325969,3.0,CNG,6.50,14.9,,838,49.8
1790828667909,28.555403,77.325962,3.0,CNG,5.67,14.9,,858,49.8
1790828669078,28.555404,77.325958,3.0,CNG,4.92,14.9,,868,42.0
1790828669829,28.555403,77.325957,1.0,CNG,,14.9,,860,42.0
1790828670448,28.555403,77.325957,0.0,CNG,,22.0,0,853,42.0
1790828671645,28.555404,77.325955,0.0,CNG,,21.6,0,1086,43.9
1790828672285,28.555404,77.325955,1.0,CNG,,21.2,,710,43.9
1790828672951,28.555407,77.325950,3.0,CNG,,21.2,,762,43.9
1790828674093,28.555415,77.325942,4.0,CNG,,21.2,,799,45.1
1790828674720,28.555426,77.325932,6.0,CNG,5.60,20.8,1,782,45.1
1790828675336,28.555426,77.325932,6.0,CNG,7.07,20.0,1,793,45.1
1790828676537,28.555440,77.325918,7.0,CNG,8.65,18.8,,780,42.7
1790828677165,28.555457,77.325903,9.0,CNG,13.39,14.9,,801,42.7
1790828677787,28.555474,77.325887,9.0,CNG,16.88,14.9,,985,42.7
1790828678906,28.555491,77.325871,9.0,CNG,18.81,14.9,,871,22.4
1790828679527,28.555491,77.325871,8.0,CNG,16.24,14.9,,865,22.4
1790828680187,28.555507,77.325856,8.0,CNG,14.90,14.9,,869,22.4
1790828681362,28.555522,77.325842,8.0,CNG,13.35,18.8,,868,39.2
1790828681953,28.555538,77.325826,9.0,CNG,13.54,19.6,,676,39.2
1790828682601,28.555538,77.325826,9.0,CNG,11.46,21.6,,700,39.2
1790828683797,28.555577,77.325793,10.0,CNG,10.94,21.2,2,761,59.6
1790828684405,28.555577,77.325793,11.0,CNG,11.53,21.2,2,864,59.6
1790828685010,28.555599,77.325772,12.0,CNG,12.63,20.8,2,897,59.6
1790828686171,28.555621,77.325747,12.0,CNG,13.39,20.8,2,925,43.5
1790828686767,28.555642,77.325723,13.0,CNG,13.99,18.4,2,970,43.5
1790828687394,28.555642,77.325723,13.0,CNG,15.86,14.9,2,956,43.5
1790828688569,28.555664,77.325700,12.0,CNG,16.42,14.9,2,934,34.1
1790828689414,28.555687,77.325680,12.0,CNG,20.65,14.9,2,883,34.1
1790828690045,28.555709,77.325658,11.0,CNG,18.81,20.0,2,883,34.1
1790828691190,28.555736,77.325634,12.0,CNG,19.45,21.6,2,883,33.7
1790828691841,28.555758,77.325611,12.0,CNG,23.82,14.9,2,896,33.7
1790828692479,28.555758,77.325611,10.0,CNG,23.91,14.9,2,855,33.7
1790828693548,28.555772,77.325592,7.0,CNG,22.78,14.9,1,867,21.2
1790828694261,28.555786,77.325580,7.0,CNG,19.57,14.9,,845,21.2
1790828694867,28.555802,77.325567,7.0,CNG,15.30,18.0,,832,21.2
1790828696031,28.555816,77.325552,8.0,CNG,17.87,20.8,,725,42.0
1790828696660,28.555833,77.325535,9.0,CNG,9.87,27.5,2,719,42.0
1790828697319,28.555833,77.325535,11.0,CNG,9.21,27.1,2,803,42.0
1790828698397,28.555852,77.325514,12.0,CNG,9.27,25.1,2,920,56.5
1790828699061,28.555873,77.325490,13.0,CNG,10.05,22.4,2,926,56.5
1790828699733,28.555894,77.325463,13.0,CNG,11.27,20.4,2,989,56.5
1790828700847,28.555917,77.325436,13.0,CNG,13.03,19.6,2,999,37.3
1790828701498,28.555917,77.325436,14.0,CNG,14.28,20.0,2,1038,37.3
1790828702239,28.555939,77.325408,14.0,CNG,15.79,20.0,2,1062,37.3
1790828703377,28.555964,77.325379,14.0,CNG,16.46,20.0,2,1101,35.7
1790828704081,28.555989,77.325350,15.0,CNG,18.91,14.9,2,1158,35.7
1790828704674,28.556012,77.325322,14.0,CNG,20.24,14.9,2,1158,35.7
1790828705830,28.556036,77.325297,14.0,CNG,24.87,14.9,2,954,22.7
1790828706474,28.556036,77.325297,12.0,CNG,27.09,14.9,2,870,22.7
1790828707139,28.556058,77.325273,10.0,CNG,25.64,14.9,,865,22.7
1790828708250,28.556069,77.325259,5.0,CNG,20.62,14.9,,864,23.5
1790828708913,28.556072,77.325255,1.0,CNG,14.32,14.9,,867,23.5
1790828709582,28.556072,77.325255,1.0,CNG,6.79,24.3,,863,23.5
1790828710797,28.556076,77.325248,1.0,CNG,,23.9,,1346,32.5
1790828711436,28.556076,77.325248,3.0,CNG,,14.9,,1345,32.5
1790828712069,28.556080,77.325242,3.0,CNG,,20.0,,992,32.5
1790828713210,28.556086,77.325232,5.0,CNG,6.23,18.8,1,714,45.5
1790828713859,28.556094,77.325219,6.0,CNG,6.38,22.0,1,800,45.5
1790828714465,28.556094,77.325219,6.0,CNG,6.01,22.0,1,920,45.5
1790828715587,28.556106,77.325205,7.0,CNG,5.93,22.4,1,999,49.0
1790828716172,28.556119,77.325189,8.0,CNG,6.08,24.3,1,1145,49.0
1790828716786,28.556134,77.325171,9.0,CNG,6.38,23.9,1,1260,49.0
1790828717862,28.556150,77.325151,9.0,CNG,6.75,23.9,1,1348,42.7
1790828718467,28.556150,77.325151,10.0,CNG,7.16,24.3,1,1480,42.7
1790828719057,28.556167,77.325131,10.0,CNG,7.52,24.3,1,1497,42.7
1790828720202,28.556181,77.325115,10.0,CNG,8.33,24.3,1,1438,31.0
1790828720861,28.556191,77.325102,11.0,CNG,10.78,14.9,1,1609,31.0
1790828721501,28.556191,77.325102,11.0,CNG,8.81,26.3,,1166,31.0
1790828722590,28.556201,77.325087,11.0,CNG,10.12,26.3,2,845,47.1
1790828723218,28.556215,77.325067,13.0,CNG,11.51,25.5,2,973,47.1
1790828723836,28.556237,77.325042,13.0,CNG,12.75,25.1,2,1027,47.1
1790828725025,28.556258,77.325013,14.0,CNG,15.69,22.0,2,1056,30.6
1790828725675,28.556280,77.324981,14.0,CNG,17.81,18.8,2,1060,30.6
1790828726330,28.556280,77.324981,14.0,CNG,18.26,22.0,2,1064,30.6
1790828727430,28.556300,77.324948,14.0,CNG,18.12,23.9,2,1042,36.9
1790828728033,28.556321,77.324916,14.0,CNG,17.80,23.5,2,1061,36.9
1790828728674,28.556344,77.324883,15.0,CNG,17.72,23.5,2,1091,36.9
1790828730005,28.556371,77.324847,15.0,CNG,17.90,23.5,2,1163,28.6
1790828730646,28.556396,77.324815,16.0,CNG,18.69,14.9,2,1234,28.6
1790828731280,28.556396,77.324815,14.0,CNG,19.20,14.9,,943,28.6
1790828732447,28.556415,77.324790,9.0,CNG,16.63,14.9,,895,40.4
1790828733073,28.556423,77.324778,4.0,CNG,12.17,14.9,,864,40.4
1790828733721,28.556425,77.324775,1.0,CNG,7.79,14.9,,861,40.4
1790828734926,28.556424,77.324774,0.0,CNG,4.71,14.9,0,856,41.2
1790828735523,28.556424,77.324774,0.0,CNG,,14.9,0,856,41.2
1790828736184,28.556423,77.324774,0.0,CNG,,14.9,0,856,41.2
1790828737337,28.556424,77.324774,0.0,CNG,,20.8,0,866,27.5
1790828737947,28.556423,77.324774,1.0,CNG,,28.6,,882,27.5
1790828738532,28.556423,77.324774,1.0,CNG,,26.3,,1298,27.5
1790828739639,28.556434,77.324760,3.0,CNG,,22.4,,1274,38.8
1790828740228,28.556434,77.324760,7.0,CNG,6.11,14.9,1,927,38.8
1790828740868,28.556446,77.324746,6.0,CNG,9.25,14.9,1,918,38.8
1790828742043,28.556459,77.324731,6.0,CNG,11.23,14.9,1,869,22.4
1790828742723,28.556469,77.324720,6.0,CNG,12.49,14.9,1,838,22.4
1790828743358,28.556469,77.324720,6.0,CNG,13.53,14.9,1,836,22.4
1790828744468,28.556479,77.324707,6.0,CNG,13.93,14.9,1,834,31.4
1790828745131,28.556489,77.324694,6.0,CNG,11.43,14.9,1,812,31.4
1790828745803,28.556499,77.324681,6.0,CNG,10.52,14.9,1,827,31.4
1790828746925,28.556510,77.324670,6.0,CNG,9.64,14.9,1,845,42.4
1790828747614,28.556519,77.324662,4.0,CNG,7.55,14.9,,866,42.4
1790828748222,28.556519,77.324662,3.0,CNG,5.98,14.9,,867,42.4
1790828749533,28.556523,77.324659,1.0,CNG,,14.9,,876,40.8
1790828750172,28.556522,77.324656,0.0,CNG,,26.3,0,857,40.8
1790828750839,28.556521,77.324658,0.0,CNG,,19.2,0,1228,40.8
1790828751962,28.556526,77.324654,2.0,CNG,,18.8,,684,45.9
1790828752603,28.556526,77.324654,4.0,CNG,,14.9,,874,45.9
1790828753201,28.556533,77.324645,4.0,CNG,5.69,14.9,,877,45.9
1790828754308,28.556540,77.324637,4.0,CNG,7.15,14.9,,864,22.4
1790828754981,28.556544,77.324632,2.0,CNG,,14.9,,860,22.4
1790828755641,28.556545,77.324631,1.0,CNG,,14.9,,860,22.4
1790828756842,28.556546,77.324630,0.0,CNG,,14.9,0,861,24.3
1790828757499,28.556546,77.324630,0.0,CNG,,20.0,0,961,24.3
1790828758156,28.556548,77.324628,2.0,CNG,,20.0,,568,24.3
1790828759274,28.556553,77.324621,3.0,CNG,,20.4,,807,61.2
1790828759905,28.556562,77.324608,6.0,CNG,5.14,20.8,1,850,61.2
1790828760578,28.556562,77.324608,7.0,CNG,5.91,22.7,1,960,61.2
1790828761693,28.556586,77.324579,7.0,CNG,6.01,22.7,1,1054,43.9
1790828762342,28.556586,77.324579,8.0,CNG,6.51,22.4,1,1212,43.9
1790828762927,28.556600,77.324561,9.0,CNG,7.23,22.4,1,1298,43.9
1790828764066,28.556614,77.324542,9.0,CNG,7.71,22.4,1,1368,38.8
1790828764684,28.556631,77.324523,10.0,CNG,9.98,14.9,1,1443,38.8
1790828765297,28.556631,77.324523,10.0,CNG,11.53,14.9,1,1293,38.8
1790828766416,28.556641,77.324509,10.0,CNG,12.75,14.9,,1133,31.4
1790828767075,28.556649,77.324490,9.0,CNG,13.33,14.9,,917,31.4
1790828767700,28.556660,77.324472,7.0,CNG,12.08,14.9,1,867,31.4
1790828768799,28.556670,77.324460,6.0,CNG,10.20,14.9,1,869,39.6
1790828769459,28.556670,77.324460,5.0,CNG,8.88,14.9,,846,39.6
1790828770178,28.556680,77.324449,5.0,CNG,8.43,,,861,39.6
1790828771306,28.556690,77.324436,5.0,CNG,7.96,14.9,,874,35.3
1790828771920,28.556698,77.324425,5.0,CNG,6.41,22.7,,923,35.3
1790828772551,28.556698,77.324425,5.0,CNG,7.91,14.9,,859,35.3
1790828773674,28.556717,77.324401,5.0,CNG,9.38,14.9,,861,22.0
1790828774338,28.556717,77.324401,3.0,CNG,8.51,14.9,,862,22.0
1790828774967,28.556722,77.324395,3.0,CNG,6.54,21.6,,916,22.0
1790828776101,28.556729,77.324386,4.0,CNG,6.66,21.6,,838,36.9
1790828776779,28.556739,77.324374,6.0,CNG,6.48,25.5,1,925,36.9
1790828777369,28.556739,77.324374,8.0,CNG,7.58,25.1,1,1108,36.9
1790828778545,28.556753,77.324359,9.0,CNG,7.54,24.3,1,1262,40.4
1790828779147,28.556770,77.324339,10.0,CNG,7.66,18.0,1,1514,40.4
1790828779853,28.556787,77.324319,10.0,CNG,8.32,22.7,1,1431,40.4
1790828780979,28.556804,77.324300,10.0,CNG,8.37,22.7,1,1407,38.8
1790828781614,28.556820,77.324279,10.0,CNG,8.30,22.4,1,1467,38.8
1790828782223,28.556820,77.324279,10.0,CNG,8.44,22.7,1,1483,38.8
1790828783410,28.556836,77.324259,10.0,CNG,8.55,22.7,1,1485,37.3
1790828784036,28.556853,77.324237,10.0,CNG,8.56,22.4,1,1527,37.3
1790828784711,28.556870,77.324215,10.0,CNG,10.01,20.8,1,1531,37.3
1790828785862,28.556886,77.324192,10.0,CNG,13.33,14.9,1,1396,17.3
1790828786517,28.556886,77.324192,9.0,CNG,16.51,14.9,,921,17.3
1790828787121,28.556900,77.324175,5.0,CNG,14.82,14.9,,850,17.3
1790828788265,28.556905,77.324168,2.0,CNG,11.51,14.9,,864,22.4
1790828788931,28.556905,77.324167,1.0,CNG,8.42,14.9,,862,22.4
1790828789691,28.556904,77.324168,0.0,CNG,,27.5,0,860,22.4
1790828790821,28.556905,77.324166,0.0,CNG,,20.8,0,1422,20.4
1790828791515,28.556905,77.324166,1.0,CNG,,14.9,,999,20.4
1790828792169,28.556904,77.324166,0.0,CNG,,14.9,0,917,20.4
1790828793406,28.556904,77.324165,0.0,CNG,,22.0,0,863,34.1
1790828794053,28.556903,77.324165,2.0,CNG,,20.4,,923,34.1
1790828794700,28.556907,77.324159,3.0,CNG,,20.4,,868,34.1
1790828795841,28.556914,77.324149,4.0,CNG,,20.0,,713,45.5
1790828796452,28.556914,77.324149,6.0,CNG,4.97,22.7,1,818,45.5
1790828797044,28.556924,77.324135,7.0,CNG,5.71,20.0,1,928,45.5
1790828798176,28.556936,77.324122,7.0,CNG,7.03,14.9,1,946,40.4
1790828798760,28.556947,77.324109,6.0,CNG,7.58,14.9,1,856,40.4
1790828799450,28.556947,77.324109,5.0,CNG,7.17,14.9,,860,40.4
1790828800566,28.556954,77.324100,2.0,CNG,5.33,14.9,,863,40.4
1790828801210,28.556956,77.324100,0.0,CNG,,14.9,0,875,40.4
1790828801833,28.556958,77.324100,,CNG,,20.8,0,929,40.4
1790828803017,28.556961,77.324097,1.0,CNG,,20.4,,852,41.6
1790828803621,28.556966,77.324090,4.0,CNG,,20.4,,694,41.6
1790828804234,28.556966,77.324090,5.0,CNG,5.92,19.6,,677,41.6
1790828805334,28.556975,77.324080,6.0,CNG,7.72,20.8,1,814,42.4
1790828805973,28.556987,77.324066,7.0,CNG,11.18,14.9,1,989,42.4
1790828806574,28.556987,77.324066,7.0,CNG,13.67,14.9,1,996,42.4
1790828807665,28.557009,77.324036,6.0,CNG,14.56,14.9,,957,29.8
1790828808300,28.557009,77.324036,6.0,CNG,12.38,20.4,1,887,29.8
1790828809076,28.557020,77.324023,7.0,CNG,12.28,20.4,1,971,29.8
1790828810297,28.557032,77.324008,7.0,CNG,12.20,20.4,1,1006,27.1
1790828810960,28.557045,77.323993,7.0,CNG,11.76,21.2,1,1072,27.1
1790828811556,28.557045,77.323993,8.0,CNG,11.02,20.8,1,1122,27.1
1790828812652,28.557072,77.323963,8.0,CNG,9.75,20.8,1,1165,31.0
1790828813335,28.557072,77.323963,8.0,CNG,10.62,14.9,1,1054,31.0
1790828814014,28.557085,77.323948,6.0,CNG,10.23,14.9,1,912,31.0
1790828815214,28.557093,77.323940,3.0,CNG,7.96,14.9,,861,38.4
1790828815834,28.557094,77.323938,0.0,CNG,4.53,14.9,0,860,38.4
1790828816482,28.557094,77.323938,0.0,CNG,,14.9,0,862,38.4
1790828817593,28.557093,77.323938,0.0,CNG,,14.9,0,867,40.8
1790828818212,28.557092,77.323937,0.0,CNG,,20.8,0,875,40.8
1790828818858,28.557092,77.323936,0.0,CNG,,19.6,0,1109,40.8
1790828820035,28.557091,77.323936,0.0,CNG,,14.9,0,829,22.0
1790828820654,28.557090,77.323936,0.0,CNG,,27.5,0,872,22.0
1790828821245,28.557090,77.323936,0.0,CNG,,14.9,0,1247,22.0
1790828822361,28.557090,77.323936,1.0,CNG,,14.9,,998,36.9
1790828822978,28.557092,77.323936,0.0,CNG,,22.0,0,1348,36.9
1790828823609,28.557092,77.323936,1.0,CNG,,14.9,,1236,36.9
1790828824732,28.557093,77.323935,1.0,CNG,,14.9,,1002,26.7
1790828825369,28.557093,77.323935,0.0,CNG,,14.9,0,882,26.7
1790828826019,28.557093,77.323935,0.0,CNG,,14.9,0,866,26.7
1790828827210,28.557093,77.323936,0.0,CNG,,23.1,0,868,50.6
1790828827820,28.557093,77.323936,1.0,CNG,,16.5,,854,50.6
1790828828495,28.557093,77.323936,1.0,CNG,,14.9,,1014,50.6
1790828829898,28.557096,77.323932,2.0,CNG,,15.7,,822,58.4
1790828830517,28.557096,77.323932,4.0,CNG,,14.9,,787,58.4
1790828831106,28.557104,77.323922,5.0,CNG,5.53,14.9,,811,58.4
1790828832258,28.557114,77.323911,5.0,CNG,6.50,14.9,,909,40.8
1790828832919,28.557122,77.323901,5.0,CNG,6.89,14.9,,806,40.8
1790828833617,28.557132,77.323889,6.0,CNG,7.45,14.9,1,838,40.8
1790828834697,28.557141,77.323878,6.0,CNG,7.48,14.9,1,855,44.3
1790828835377,28.557141,77.323878,6.0,CNG,7.63,14.9,1,856,44.3
1790828835973,28.557150,77.323866,6.0,CNG,7.67,14.9,1,859,44.3
1790828837137,28.557159,77.323853,6.0,CNG,8.11,14.9,1,859,41.2
1790828837737,28.557170,77.323840,6.0,CNG,8.22,14.9,1,862,41.2
1790828838397,28.557170,77.323840,6.0,CNG,8.10,14.9,1,870,41.2
1790828839549,28.557181,77.323828,6.0,CNG,7.89,14.9,1,886,41.6
1790828840170,28.557191,77.323816,6.0,CNG,8.19,14.9,1,891,41.6
1790828840782,28.557202,77.323803,6.0,CNG,8.09,14.9,1,876,41.6
1790828841979,28.557211,77.323791,6.0,CNG,8.15,14.9,1,876,40.8
1790828842625,28.557222,77.323779,6.0,CNG,8.43,14.9,1,880,40.8
1790828843266,28.557222,77.323779,6.0,CNG,8.25,14.9,1,860,40.8
1790828844476,28.557231,77.323767,6.0,CNG,8.14,14.9,1,851,42.4
1790828845124,28.557241,77.323757,5.0,CNG,7.39,14.9,,882,42.4
1790828845794,28.557248,77.323749,4.0,CNG,6.48,14.9,,875,42.4
1790828846873,28.557253,77.323742,3.0,CNG,6.97,14.9,,921,38.4
1790828847474,28.557253,77.323742,5.0,CNG,8.06,14.9,1,713,38.4
1790828848131,28.557261,77.323733,6.0,CNG,9.82,14.9,1,780,38.4
1790828849545,28.557270,77.323721,6.0,CNG,11.09,14.9,1,826,27.5
1790828850199,28.557281,77.323709,6.0,CNG,11.83,14.9,1,820,27.5
1790828850803,28.557290,77.323700,5.0,CNG,11.77,14.9,,892,27.5
1790828851915,28.557299,77.323691,5.0,CNG,9.37,14.9,1,735,44.3
1790828852514,28.557299,77.323691,6.0,CNG,10.98,14.9,,431,44.3
1790828853181,28.557308,77.323680,6.0,CNG,15.29,14.9,,462,44.3
1790828854291,28.557319,77.323667,7.0,CNG,18.09,14.9,,507,32.2
1790828854946,28.557331,77.323651,7.0,CNG,19.40,14.9,,524,32.2
1790828855550,28.557331,77.323651,7.0,CNG,19.77,14.9,,535,32.2
1790828856694,28.557356,77.323619,7.0,CNG,20.24,14.9,,546,32.5
1790828857306,28.557356,77.323619,7.0,CNG,19.37,14.9,,570,32.5
1790828857949,28.557369,77.323603,8.0,CNG,16.61,14.9,,577,32.5
1790828859036,28.557382,77.323587,8.0,CNG,14.51,14.9,,615,41.6
1790828859727,28.557394,77.323572,7.0,CNG,14.14,14.9,1,903,41.6
1790828860398,28.557394,77.323572,5.0,CNG,11.40,14.9,,880,41.6
1790828861538,28.557400,77.323563,3.0,CNG,8.28,14.9,,866,40.4
1790828862169,28.557406,77.323558,4.0,CNG,7.50,19.2,,419,40.4
1790828862787,28.557410,77.323553,3.0,CNG,10.74,14.9,,90,40.4
1790828863900,28.557414,77.323547,2.0,CNG,14.34,14.9,,0,0.0
1790828864550,28.557414,77.323547,2.0,CNG,,14.9,,335,0.0
1790828865128,28.557416,77.323544,1.0,CNG,,,,1140,0.0
1790828866349,28.557418,77.323541,2.0,CNG,,21.2,,1377,29.4
1790828866974,28.557424,77.323534,5.0,CNG,7.40,22.0,,690,29.4
1790828867601,28.557424,77.323534,6.0,CNG,8.23,22.0,1,789,29.4
1790828868867,28.557442,77.323509,6.0,PETROL,8.07,14.9,1,898,28.6
1790828869593,28.557442,77.323509,6.0,PETROL,8.72,14.9,1,836,28.6
1790828870181,28.557451,77.323497,5.0,PETROL,8.65,14.9,,833,28.6
1790828871409,28.557459,77.323488,5.0,PETROL,8.71,14.9,1,775,29.0
1790828872012,28.557468,77.323477,5.0,PETROL,8.45,14.9,,844,29.0
1790828872706,28.557475,77.323468,4.0,PETROL,7.44,14.9,,843,29.0
1790828873786,28.557482,77.323459,5.0,PETROL,7.71,14.9,,675,32.9
1790828874437,28.557482,77.323459,4.0,PETROL,6.82,14.9,,835,32.9
1790828875065,28.557489,77.323450,4.0,PETROL,6.12,14.9,,839,32.9
1790828876274,28.557496,77.323444,3.0,PETROL,4.28,20.8,,850,49.0
1790828876907,28.557504,77.323437,4.0,PETROL,4.41,14.9,,854,49.0
1790828877624,28.557509,77.323431,3.0,PETROL,3.73,14.9,,856,49.0
1790828878702,28.557514,77.323424,3.0,PETROL,3.47,15.3,,827,53.3
1790828879341,28.557514,77.323424,4.0,PETROL,3.25,16.5,,851,53.3
1790828879943,28.557521,77.323415,5.0,PETROL,3.91,18.4,,810,53.3
1790828881027,28.557528,77.323405,5.0,CNG,8.60,14.9,,781,32.5
1790828881697,28.557537,77.323395,5.0,CNG,8.99,14.9,,859,32.5
1790828882314,28.557537,77.323395,5.0,CNG,9.37,14.9,,860,32.5
1790828883456,28.557545,77.323386,4.0,CNG,9.12,14.9,,863,27.1
1790828884093,28.557551,77.323379,3.0,CNG,8.00,14.9,,857,27.1
1790828884722,28.557558,77.323374,3.0,CNG,7.48,14.9,,857,27.1
1790828885828,28.557564,77.323371,2.0,CNG,,14.9,,861,33.7
1790828886419,28.557564,77.323371,2.0,CNG,,16.9,,855,33.7
1790828887016,28.557568,77.323368,2.0,CNG,,14.9,,738,33.7
1790828888121,28.557572,77.323364,2.0,CNG,,21.6,,823,51.4
1790828888784,28.557576,77.323359,3.0,CNG,,14.9,,637,51.4
1790828889649,28.557580,77.323354,3.0,CNG,,14.9,,850,51.4
1790828890751,28.557587,77.323346,4.0,CNG,4.29,16.1,,710,58.8
1790828891344,28.557587,77.323346,6.0,CNG,5.76,14.9,1,811,58.8
1790828891959,28.557596,77.323334,5.0,CNG,6.33,14.9,,850,58.8
1790828893090,28.557603,77.323324,5.0,CNG,6.58,14.9,,855,40.0
1790828893743,28.557612,77.323315,4.0,CNG,6.21,14.9,,858,40.0
1790828894410,28.557612,77.323315,3.0,CNG,5.37,14.9,,863,40.0
1790828895495,28.557617,77.323309,2.0,CNG,4.77,14.9,,866,37.6
1790828896095,28.557621,77.323306,2.0,CNG,,14.9,,1057,37.6
1790828896740,28.557625,77.323301,2.0,CNG,,21.6,,883,37.6
1790828897872,28.557633,77.323291,,CNG,,20.8,0,811,39.6
1790828898508,28.557633,77.323291,6.0,CNG,5.41,18.4,1,825,39.6
1790828899118,28.557644,77.323278,6.0,CNG,8.11,14.9,1,851,39.6
1790828900290,28.557655,77.323268,6.0,CNG,10.02,14.9,1,821,27.1
1790828900891,28.557665,77.323258,6.0,CNG,11.44,14.9,1,808,27.1
1790828901510,28.557665,77.323258,6.0,CNG,10.83,14.9,1,801,27.1
1790828902670,28.557684,77.323237,5.0,CNG,9.44,14.9,,802,38.8
1790828903376,28.557684,77.323237,6.0,CNG,8.96,14.9,1,808,38.8
1790828903970,28.557693,77.323226,6.0,CNG,8.45,14.9,1,828,38.8
1790828905099,28.557702,77.323214,6.0,CNG,8.73,14.9,1,829,42.7
1790828905738,28.557712,77.323201,6.0,CNG,8.48,14.9,1,832,42.7
1790828906374,28.557712,77.323201,6.0,CNG,8.51,14.9,1,833,42.7
1790828907439,28.557721,77.323189,6.0,CNG,8.71,14.9,1,835,42.0
1790828908070,28.557730,77.323179,6.0,CNG,8.37,14.9,1,839,42.0
1790828908730,28.557739,77.323168,6.0,CNG,8.37,14.9,1,833,42.0
1790828910211,28.557747,77.323155,6.0,CNG,9.64,14.9,1,830,28.2
1790828910808,28.557755,77.323144,6.0,CNG,11.01,14.9,1,818,28.2
1790828911470,28.557755,77.323144,5.0,CNG,11.02,14.9,,857,28.2
1790828912618,28.557767,77.323127,4.0,CNG,10.53,14.9,,871,24.3
1790828913256,28.557767,77.323127,4.0,CNG,10.54,18.0,,725,24.3
1790828913890,28.557774,77.323118,5.0,CNG,10.24,14.9,,697,24.3
1790828915071,28.557782,77.323107,5.0,CNG,10.32,16.1,1,756,28.2
1790828915673,28.557791,77.323096,6.0,CNG,10.41,18.8,1,828,28.2
1790828916326,28.557791,77.323096,6.0,CNG,11.16,20.0,,,28.2
1790828917471,28.557801,77.323084,6.0,CNG,11.47,19.2,1,859,35.7
1790828918141,28.557811,77.323071,6.0,CNG,10.19,18.8,1,870,35.7
1790828918756,28.557820,77.323058,6.0,CNG,9.29,19.2,1,895,35.7
1790828919882,28.557829,77.323044,6.0,CNG,8.44,19.2,1,908,42.7
1790828920506,28.557829,77.323044,6.0,CNG,7.97,18.8,,941,42.7
1790828921171,28.557839,77.323031,7.0,CNG,8.58,18.8,1,939,42.7
1790828922262,28.557848,77.323017,7.0,CNG,9.30,14.9,1,947,39.2
1790828922900,28.557856,77.323006,5.0,CNG,8.12,14.9,,869,39.2
1790828923536,28.557856,77.323006,5.0,CNG,7.21,20.0,,781,39.2
1790828924673,28.557873,77.322982,6.0,CNG,7.67,14.9,1,812,40.8
1790828925298,28.557873,77.322982,6.0,CNG,9.59,15.7,1,818,40.8
1790828925925,28.557882,77.322971,6.0,CNG,11.02,16.5,1,811,40.8
1790828927065,28.557892,77.322960,6.0,CNG,10.43,20.0,1,824,32.2
1790828927775,28.557901,77.322946,6.0,CNG,10.93,19.2,1,901,32.2
1790828928403,28.557901,77.322946,6.0,CNG,11.31,19.2,1,913,32.2
1790828929759,28.557921,77.322919,6.0,CNG,11.37,19.6,1,929,27.5
1790828930387,28.557921,77.322919,6.0,CNG,12.91,17.6,1,907,27.5
1790828931023,28.557931,77.322907,6.0,CNG,13.68,17.6,1,871,27.5
1790828932147,28.557940,77.322895,6.0,CNG,10.58,20.4,1,859,38.8
1790828932817,28.557949,77.322883,6.0,CNG,9.76,18.8,1,919,38.8
1790828933450,28.557949,77.322883,6.0,CNG,9.09,18.4,1,929,38.8
1790828934563,28.557959,77.322870,6.0,CNG,8.56,18.4,,939,39.6
1790828935174,28.557967,77.322856,7.0,CNG,8.96,17.6,1,947,39.6
1790828935838,28.557976,77.322841,6.0,CNG,8.97,14.9,1,897,39.6
1790828937020,28.557983,77.322827,6.0,CNG,8.81,14.9,1,863,41.6
1790828937713,28.557987,77.322818,4.0,CNG,7.57,14.9,,859,41.6
1790828938349,28.557987,77.322818,4.0,CNG,5.79,20.0,,862,41.6
1790828939482,28.557991,77.322809,3.0,CNG,4.98,19.6,,1018,41.2
1790828940100,28.557996,77.322800,4.0,CNG,5.10,19.2,,974,41.2
1790828940762,28.558004,77.322789,5.0,CNG,6.66,18.4,1,701,41.2
1790828941870,28.558010,77.322777,5.0,CNG,8.14,14.9,1,772,24.7
1790828942511,28.558010,77.322777,4.0,CNG,8.47,14.9,,862,24.7
1790828943130,28.558015,77.322768,3.0,CNG,8.38,14.9,,874,24.7
1790828944308,28.558017,77.322761,3.0,CNG,8.24,14.9,,873,21.6
1790828944969,28.558020,77.322756,2.0,CNG,,14.9,,851,21.6
1790828945636,28.558019,77.322753,1.0,CNG,,14.9,,856,21.6
1790828946746,28.558019,77.322751,0.0,CNG,,14.9,0,865,34.1
1790828947379,28.558019,77.322751,0.0,CNG,,26.3,0,880,34.1
1790828947975,28.558020,77.322751,0.0,CNG,,25.5,0,1209,34.1
1790828949438,28.558023,77.322747,2.0,CNG,,23.1,,1181,54.1
1790828950080,28.558029,77.322736,6.0,CNG,2.85,22.4,1,866,54.1
1790828950739,28.558038,77.322721,7.0,CNG,4.53,22.4,1,987,54.1
1790828951826,28.558048,77.322705,7.0,CNG,5.64,21.6,1,1050,40.0
1790828952462,28.558048,77.322705,8.0,CNG,7.77,14.9,1,1147,40.0
1790828953094,28.558059,77.322687,7.0,CNG,8.87,14.9,,1095,40.0
1790828954205,28.558069,77.322672,7.0,CNG,6.65,24.7,1,984,43.1
1790828954859,28.558078,77.322656,7.0,CNG,8.89,14.9,1,990,43.1
1790828955519,28.558078,77.322656,6.0,CNG,10.80,14.9,,945,43.1
1790828956594,28.558087,77.322642,6.0,CNG,12.13,14.9,1,886,24.3
1790828957293,28.558095,77.322629,6.0,CNG,12.77,14.9,1,814,24.3
1790828957946,28.558102,77.322615,6.0,CNG,13.66,14.9,1,817,24.3
1790828959064,28.558110,77.322601,6.0,CNG,14.02,14.9,1,813,25.5
1790828959705,28.558117,77.322587,6.0,CNG,14.15,19.2,1,811,25.5
1790828960395,28.558117,77.322587,6.0,CNG,11.89,20.8,1,855,25.5
1790828961486,28.558126,77.322572,6.0,CNG,13.18,16.5,1,919,20.8
1790828962121,28.558134,77.322557,6.0,CNG,11.63,15.7,1,865,20.8
1790828962797,28.558141,77.322543,6.0,CNG,9.85,15.7,1,825,20.8
1790828963942,28.558148,77.322530,6.0,CNG,9.67,15.7,1,816,38.8
1790828964595,28.558148,77.322530,6.0,CNG,7.83,20.0,1,831,38.8
1790828965242,28.558156,77.322517,6.0,CNG,7.40,18.4,1,859,38.8
1790828966388,28.558164,77.322503,6.0,CNG,7.96,14.9,1,885,39.6
1790828967083,28.558172,77.322491,5.0,CNG,7.60,14.9,,856,39.6
1790828967684,28.558177,77.322482,4.0,CNG,6.57,14.9,,865,39.6
1790828968859,28.558179,77.322477,3.0,CNG,5.73,14.9,,860,40.0
1790828969642,28.558182,77.322473,2.0,CNG,3.82,21.2,,819,40.0
1790828970264,28.558182,77.322473,4.0,CNG,4.90,19.6,,696,40.0
1790828971338,28.558187,77.322465,5.0,CNG,6.82,14.9,,661,27.5
1790828971970,28.558194,77.322456,4.0,CNG,7.85,17.3,,864,27.5
1790828972580,28.558194,77.322456,5.0,CNG,8.67,17.3,1,719,27.5
1790828973782,28.558207,77.322433,5.0,CNG,9.18,17.3,1,751,28.6
1790828974382,28.558207,77.322433,6.0,CNG,10.91,18.4,1,813,28.6
1790828975021,28.558216,77.322420,6.0,CNG,10.02,21.2,1,838,28.6
1790828976169,28.558226,77.322405,6.0,CNG,9.80,21.2,1,933,30.6
1790828976836,28.558236,77.322389,7.0,CNG,10.49,21.2,1,1033,30.6
1790828977465,28.558236,77.322389,8.0,CNG,11.89,20.4,1,1094,30.6
1790828978642,28.558259,77.322358,8.0,CNG,11.69,20.0,1,1136,30.6
1790828979294,28.558259,77.322358,7.0,CNG,11.45,14.9,,1113,30.6
1790828979921,28.558270,77.322343,7.0,CNG,11.36,14.9,1,887,30.6
1790828981015,28.558276,77.322334,4.0,CNG,9.24,14.9,,852,37.3
1790828981659,28.558281,77.322328,3.0,CNG,7.14,14.9,,862,37.3
1790828982267,28.558281,77.322328,,CNG,,14.9,0,862,37.3
1790828983427,28.558286,77.322321,3.0,CNG,,14.9,,860,43.1
1790828984056,28.558291,77.322313,3.0,CNG,,14.9,,864,43.1
1790828984706,28.558295,77.322306,3.0,CNG,,18.4,,855,43.1
1790828985842,28.558301,77.322295,4.0,CNG,5.61,18.0,,722,32.2
1790828986523,28.558301,77.322295,5.0,CNG,7.24,19.6,1,765,32.2
1790828987161,28.558308,77.322282,6.0,CNG,8.67,19.6,1,816,32.2
1790828988345,28.558317,77.322267,6.0,CNG,9.82,19.2,1,878,27.5
1790828989039,28.558326,77.322251,6.0,CNG,11.54,16.5,,934,27.5
1790828989758,28.558335,77.322236,6.0,CNG,13.60,14.9,1,901,27.5
1790828990939,28.558342,77.322224,6.0,CNG,14.11,14.9,1,856,24.3
1790828991558,28.558342,77.322224,0.0,CNG,7.31,14.9,0,868,24.3
1790828992171,28.558344,77.322220,0.0,CNG,,21.2,0,865,24.3
1790828993309,28.558346,77.322220,0.0,CNG,,23.1,0,930,45.1
1790828993930,28.558348,77.322220,2.0,CNG,,25.1,,885,45.1
1790828994574,28.558348,77.322220,3.0,CNG,,14.9,,961,45.1
1790828995756,28.558357,77.322201,3.0,CNG,,14.9,,1054,36.1
1790828996387,28.558357,77.322201,4.0,CNG,3.24,22.7,,1091,36.1
1790828997046,28.558364,77.322188,6.0,CNG,4.78,20.0,1,836,36.1
1790828998175,28.558372,77.322173,6.0,CNG,6.17,15.3,1,916,37.6
1790828998811,28.558380,77.322158,6.0,CNG,7.10,14.9,1,858,37.6
1790828999481,28.558380,77.322158,6.0,CNG,7.56,14.9,1,836,37.6
1790829000577,28.558388,77.322144,6.0,CNG,7.81,14.9,1,845,43.1
1790829001246,28.558395,77.322133,4.0,CNG,6.95,14.9,,863,43.1
1790829001880,28.558400,77.322126,3.0,CNG,5.90,14.9,,857,43.1
1790829003057,28.558405,77.322118,3.0,CNG,5.59,14.9,,860,31.0
1790829003671,28.558408,77.322111,3.0,CNG,6.43,14.9,,965,31.0
1790829004375,28.558408,77.322111,3.0,CNG,6.92,14.9,,884,31.0
1790829005472,28.558412,77.322105,2.0,CNG,,14.9,,874,23.5
1790829006110,28.558413,77.322103,0.0,CNG,,14.9,0,867,23.5
1790829006765,28.558412,77.322102,0.0,CNG,,14.9,0,862,23.5
1790829007910,28.558412,77.322102,0.0,CNG,,25.1,0,879,38.0
1790829008537,28.558412,77.322102,2.0,CNG,,22.4,,1416,38.0
1790829009402,28.558414,77.322100,3.0,CNG,,14.9,,1053,38.0
1790829010603,28.558413,77.322099,3.0,CNG,,14.9,,904,38.4
1790829011218,28.558417,77.322090,3.0,CNG,,14.9,,893,38.4
1790829011823,28.558422,77.322082,3.0,CNG,,14.9,,850,38.4
1790829012981,28.558425,77.322074,3.0,CNG,,14.9,,864,38.4
1790829013600,28.558425,77.322074,3.0,CNG,,14.9,,867,38.4
1790829014295,28.558428,77.322067,2.0,CNG,,14.9,,864,38.4
1790829015443,28.558431,77.322060,3.0,CNG,,14.9,,787,42.4
1790829016051,28.558434,77.322053,3.0,CNG,,14.9,,863,42.4
1790829016710,28.558437,77.322047,2.0,CNG,,14.9,,885,42.4
1790829017801,28.558436,77.322045,1.0,CNG,,14.9,,879,22.7
1790829018475,28.558436,77.322045,1.0,CNG,,14.9,,872,22.7
1790829019089,28.558436,77.322044,1.0,CNG,,16.5,,862,22.7
1790829020185,28.558437,77.322042,1.0,CNG,,14.9,,744,27.5
1790829020856,28.558437,77.322039,2.0,CNG,,14.9,,875,27.5
1790829021462,28.558437,77.322039,1.0,CNG,,14.9,,867,27.5
1790829022644,28.558438,77.322038,1.0,CNG,,14.9,,853,25.1
1790829023273,28.558438,77.322038,1.0,CNG,,14.9,,870,25.1
1790829023919,28.558438,77.322038,0.0,CNG,,14.9,0,878,25.1
1790829025071,28.558438,77.322037,0.0,CNG,,21.2,0,854,41.2
1790829025732,28.558438,77.322037,0.0,CNG,,18.4,0,1060,41.2
1790829026391,28.558438,77.322037,0.0,CNG,,14.9,0,955,41.2
1790829027508,28.558439,77.322037,0.0,CNG,,20.8,0,879,44.3
1790829028096,28.558440,77.322037,1.0,CNG,,14.9,,870,44.3
1790829028815,28.558440,77.322038,0.0,CNG,,14.9,0,864,44.3
1790829030239,28.558441,77.322038,0.0,CNG,,14.9,0,861,29.8
1790829030888,28.558441,77.322038,0.0,CNG,,14.9,0,864,29.8
1790829031473,28.558441,77.322038,0.0,CNG,,14.9,0,782,29.8
1790829032589,28.558441,77.322038,0.0,CNG,,23.1,0,642,50.2
1790829033206,28.558441,77.322038,3.0,CNG,,18.8,,793,50.2
1790829033846,28.558447,77.322027,5.0,CNG,,18.4,,661,50.2
1790829034922,28.558455,77.322012,5.0,CNG,6.45,18.8,1,775,30.6
1790829035568,28.558455,77.322012,6.0,CNG,8.49,18.8,1,850,30.6
1790829036164,28.558462,77.321998,6.0,CNG,9.89,18.8,1,874,30.6
1790829037338,28.558469,77.321984,6.0,CNG,10.83,18.8,1,885,27.1
1790829037917,28.558478,77.321969,6.0,CNG,11.34,19.6,1,913,27.1
1790829038534,28.558478,77.321969,6.0,CNG,10.88,20.0,1,933,27.1
1790829039755,28.558498,77.321937,7.0,CNG,11.50,20.4,1,976,27.8
1790829040407,28.558498,77.321937,7.0,CNG,10.38,23.1,1,1059,27.8
1790829040981,28.558509,77.321919,8.0,CNG,8.91,26.7,1,1161,27.8
1790829042124,28.558522,77.321897,9.0,CNG,8.28,26.7,1,1334,40.8
1790829042773,28.558537,77.321871,11.0,CNG,8.60,26.3,1,1617,40.8
1790829043404,28.558537,77.321871,12.0,CNG,9.13,24.3,1,1761,40.8
1790829044567,28.558556,77.321843,13.0,CNG,11.02,22.7,1,1832,20.0
1790829045249,28.558576,77.321814,12.0,CNG,14.46,14.9,1,1518,20.0
1790829045887,28.558595,77.321787,11.0,CNG,10.42,24.3,,969,20.0
1790829047115,28.558613,77.321761,11.0,CNG,12.23,23.5,,971,40.0
1790829047742,28.558632,77.321734,13.0,CNG,13.63,23.9,2,967,40.0
1790829048382,28.558632,77.321734,13.0,CNG,14.52,23.9,2,985,40.0
1790829049698,28.558672,77.321675,14.0,CNG,15.71,23.9,2,1039,36.5
1790829050370,28.558672,77.321675,15.0,CNG,16.54,23.5,2,1113,36.5
1790829050962,28.558692,77.321643,15.0,CNG,18.96,14.9,2,1161,36.5
1790829052087,28.558712,77.321608,15.0,CNG,23.29,14.9,2,1142,19.2
1790829052708,28.558731,77.321577,13.0,CNG,27.23,14.9,,870,19.2
1790829053367,28.558731,77.321577,13.0,CNG,24.84,20.8,2,986,19.2
1790829054452,28.558748,77.321547,13.0,CNG,23.12,20.4,2,999,29.4
1790829055106,28.558766,77.321515,13.0,CNG,23.63,20.0,2,993,29.4
1790829055741,28.558784,77.321483,13.0,CNG,23.87,20.0,2,974,29.4
1790829056923,28.558800,77.321454,13.0,CNG,23.78,19.2,2,969,27.1
1790829057524,28.558800,77.321454,12.0,CNG,23.05,20.0,2,941,27.1
1790829058211,28.558816,77.321426,12.0,CNG,15.12,26.3,2,939,27.1
1790829059326,28.558833,77.321398,13.0,CNG,17.02,21.6,2,972,23.1
1790829059970,28.558849,77.321369,10.0,CNG,20.23,14.9,,902,23.1
1790829060587,28.558849,77.321369,3.0,CNG,15.98,14.9,,845,23.1
1790829061791,28.558854,77.321360,0.0,CNG,10.04,14.9,0,834,23.9
1790829062454,28.558854,77.321360,0.0,CNG,,14.9,0,802,23.9
1790829063155,28.558851,77.321362,0.0,CNG,,14.9,0,773,23.9
1790829064305,28.558851,77.321362,0.0,CNG,,22.4,0,776,36.5
1790829064929,28.558851,77.321363,1.0,CNG,,22.7,,757,36.5
1790829065539,28.558851,77.321363,4.0,CNG,,22.7,,710,36.5
1790829066706,28.558864,77.321339,5.0,CNG,5.44,23.1,1,709,38.8
1790829067299,28.558864,77.321339,7.0,CNG,7.17,22.7,1,1039,38.8
1790829067924,28.558873,77.321322,8.0,CNG,8.36,23.1,1,1109,38.8
1790829069131,28.558884,77.321301,9.0,CNG,9.48,23.1,1,1254,30.6
1790829069866,28.558897,77.321278,10.0,CNG,11.42,14.9,1,1457,30.6
1790829070467,28.558897,77.321278,10.0,CNG,15.71,14.9,,1023,30.6
1790829071635,28.558923,77.321233,10.0,CNG,20.09,14.9,,899,20.4
1790829072269,28.558923,77.321233,8.0,CNG,19.87,14.9,,792,20.4
1790829072918,28.558934,77.321214,7.0,CNG,19.67,20.0,,778,20.4
1790829074037,28.558944,77.321197,7.0,CNG,15.60,21.6,1,926,29.0
1790829074683,28.558954,77.321180,7.0,CNG,16.38,14.9,1,1053,29.0
1790829075280,28.558954,77.321180,7.0,CNG,16.72,18.0,1,899,29.0
1790829076370,28.558963,77.321162,7.0,CNG,21.22,18.0,,507,19.6
1790829076989,28.558972,77.321143,8.0,CNG,16.75,21.2,,565,19.6
1790829077608,28.558981,77.321122,8.0,CNG,15.46,21.2,,590,19.6
1790829078699,28.558992,77.321099,9.0,CNG,17.48,14.9,,681,32.5
1790829079316,28.558992,77.321099,9.0,CNG,19.53,14.9,,789,32.5
1790829079933,28.559002,77.321080,6.0,CNG,18.18,14.9,1,780,32.5
1790829081086,28.559006,77.321071,3.0,CNG,14.00,14.9,,773,25.5
1790829081705,28.559008,77.321070,1.0,CNG,9.73,14.9,,771,25.5
1790829082330,28.559008,77.321070,1.0,CNG,,14.9,,782,25.5
1790829083438,28.559008,77.321072,0.0,CNG,,14.9,0,778,22.7
1790829084115,28.559007,77.321072,0.0,CNG,,18.0,0,766,22.7
1790829084746,28.559005,77.321074,0.0,CNG,,14.9,0,743,22.7
1790829085869,28.559004,77.321074,1.0,CNG,,21.2,,733,32.5
1790829086473,28.559004,77.321074,3.0,CNG,,20.8,,719,32.5
1790829087177,28.559007,77.321066,4.0,CNG,,21.2,,592,32.5
1790829088335,28.559013,77.321053,5.0,CNG,6.70,21.2,1,746,36.9
1790829089018,28.559022,77.321038,7.0,CNG,8.50,21.2,1,956,36.9
1790829089822,28.559031,77.321020,7.0,CNG,9.54,21.2,1,1026,36.9
1790829090949,28.559043,77.321002,8.0,CNG,10.49,21.6,1,1112,27.5
1790829091614,28.559056,77.320983,9.0,CNG,11.55,21.6,1,1256,27.5
1790829092263,28.559056,77.320983,9.0,CNG,12.02,21.6,1,1331,27.5
1790829093421,28.559069,77.320961,10.0,CNG,12.93,21.6,1,1383,25.1
1790829094097,28.559084,77.320939,10.0,CNG,13.24,21.6,1,1469,25.1
1790829094739,28.559097,77.320915,10.0,CNG,13.19,21.6,1,1510,25.1
1790829095886,28.559111,77.320891,11.0,CNG,15.57,14.9,1,1536,18.4
1790829096508,28.559111,77.320891,11.0,CNG,20.36,14.9,2,909,18.4
1790829097155,28.559125,77.320866,10.0,CNG,22.39,14.9,2,839,18.4
1790829098291,28.559137,77.320841,10.0,CNG,23.24,14.9,2,824,25.5
1790829098959,28.559147,77.320822,7.0,CNG,21.78,14.9,,826,25.5
1790829099636,28.559154,77.320807,7.0,CNG,19.39,18.0,1,857,25.5
1790829100753,28.559164,77.320788,8.0,CNG,24.59,18.0,,561,32.5
1790829101395,28.559164,77.320788,8.0,CNG,20.22,21.2,,631,32.5
1790829102085,28.559175,77.320769,9.0,CNG,17.38,21.2,,661,32.5
1790829103205,28.559187,77.320746,10.0,CNG,16.48,21.2,2,729,41.6
1790829103850,28.559201,77.320721,11.0,CNG,16.95,21.2,2,829,41.6
1790829104449,28.559201,77.320721,11.0,CNG,17.12,21.2,2,834,41.6
1790829105561,28.559217,77.320694,11.0,CNG,17.28,21.2,2,868,34.1
1790829106195,28.559233,77.320666,12.0,CNG,18.14,21.2,2,941,34.1
1790829106821,28.559249,77.320636,13.0,CNG,19.53,21.2,2,956,34.1
1790829107917,28.559266,77.320606,13.0,CNG,20.28,21.2,2,986,29.8
1790829108539,28.559266,77.320606,13.0,CNG,20.58,21.2,2,1004,29.8
1790829109369,28.559282,77.320574,14.0,CNG,21.75,21.2,2,1039,29.8
1790829110687,28.559317,77.320508,14.0,CNG,22.31,21.2,2,1057,27.8
1790829111311,28.559317,77.320508,14.0,CNG,22.49,21.2,2,1107,27.8
1790829111953,28.559335,77.320473,15.0,CNG,22.97,21.2,2,1125,27.8
1790829113087,28.559354,77.320434,15.0,CNG,23.29,21.2,2,1163,23.1
1790829113754,28.559374,77.320394,16.0,CNG,27.18,14.9,2,1160,23.1
1790829114365,28.559374,77.320394,15.0,CNG,31.33,14.9,2,1019,23.1
1790829115546,28.559392,77.320361,12.0,CNG,32.95,14.9,2,865,22.4
1790829116178,28.559402,77.320341,6.0,CNG,25.34,14.9,1,808,22.4
1790829116838,28.559407,77.320332,4.0,CNG,19.51,14.9,,824,22.4
1790829117995,28.559409,77.320326,3.0,CNG,15.02,14.9,,831,24.7
1790829118675,28.559409,77.320324,1.0,CNG,10.60,14.9,,817,24.7
1790829119344,28.559409,77.320324,1.0,CNG,,18.8,,835,24.7
1790829120559,28.559408,77.320322,1.0,CNG,,14.9,,843,24.3
1790829121169,28.559407,77.320320,2.0,CNG,,18.8,,809,24.3
1790829121845,28.559409,77.320315,2.0,CNG,,18.4,,738,24.3
1790829123015,28.559413,77.320306,3.0,CNG,,18.8,,704,30.2
1790829123703,28.559419,77.320294,5.0,CNG,7.12,20.4,1,724,30.2
1790829124414,28.559419,77.320294,6.0,CNG,9.01,20.0,1,851,30.2
1790829125556,28.559428,77.320280,6.0,CNG,10.39,19.6,1,906,23.5
1790829126191,28.559436,77.320265,6.0,CNG,12.73,14.9,1,886,23.5
1790829126790,28.559443,77.320250,6.0,CNG,14.56,14.9,1,877,23.5
1790829127897,28.559451,77.320237,6.0,CNG,15.49,14.9,1,841,22.0
1790829128567,28.559451,77.320237,5.0,CNG,14.69,14.9,,808,22.0
1790829129284,28.559457,77.320225,4.0,CNG,12.77,14.9,,775,22.0
1790829130540,28.559460,77.320217,2.0,CNG,9.91,14.9,,771,26.3
1790829131129,28.559463,77.320212,2.0,CNG,5.24,25.1,,1012,26.3
1790829131812,28.559467,77.320204,4.0,CNG,5.59,18.0,,1261,26.3
1790829132888,28.559473,77.320191,6.0,CNG,9.10,14.9,1,748,29.4
1790829133523,28.559473,77.320191,6.0,CNG,8.84,22.7,1,884,29.4
1790829134220,28.559481,77.320175,7.0,CNG,11.94,18.8,1,1038,29.4
1790829135351,28.559490,77.320160,7.0,CNG,13.65,18.4,1,1041,18.4
1790829135989,28.559500,77.320142,7.0,CNG,11.25,22.4,1,1080,18.4
1790829136629,28.559510,77.320123,8.0,CNG,11.27,21.2,1,1154,18.4
1790829137815,28.559522,77.320104,8.0,CNG,11.81,21.2,1,1212,23.9
1790829138508,28.559522,77.320104,9.0,CNG,12.94,21.2,1,1291,23.9
1790829139141,28.559533,77.320085,9.0,CNG,13.68,21.2,1,1320,23.9
1790829140235,28.559545,77.320063,9.0,CNG,13.82,21.2,1,1369,22.4
1790829140867,28.559556,77.320039,10.0,CNG,14.53,21.2,1,1406,22.4
1790829141485,28.559556,77.320039,10.0,CNG,14.98,21.2,1,1435,22.4
1790829142631,28.559579,77.319991,10.0,CNG,15.45,20.8,1,1460,20.0
1790829143260,28.559579,77.319991,10.0,CNG,15.77,20.0,1,1478,20.0
1790829143917,28.559591,77.319966,10.0,CNG,16.78,19.2,1,1433,20.0
1790829145110,28.559604,77.319942,10.0,CNG,17.78,18.4,1,1420,18.4
1790829145754,28.559615,77.319920,9.0,CNG,20.21,14.9,,982,18.4
1790829146407,28.559615,77.319920,6.0,CNG,20.10,14.9,1,860,18.4
1790829147472,28.559622,77.319910,2.0,CNG,14.41,14.9,,804,24.3
1790829148132,28.559624,77.319907,1.0,CNG,9.17,14.9,,775,24.3
1790829148800,28.559625,77.319905,1.0,CNG,,14.9,,770,24.3
1790829150098,28.559625,77.319905,1.0,CNG,,14.9,,768,25.1
1790829150700,28.559626,77.319905,0.0,CNG,,14.9,0,761,25.1
1790829151331,28.559626,77.319905,0.0,CNG,,14.9,0,763,25.1
1790829152457,28.559625,77.319905,0.0,CNG,,14.9,0,756,24.3
1790829153072,28.559624,77.319904,0.0,CNG,,14.9,0,764,24.3
1790829153732,28.559623,77.319903,0.0,CNG,,14.9,0,762,24.3
1790829154875,28.559623,77.319903,0.0,CNG,,14.9,0,763,22.0
1790829155465,28.559623,77.319903,0.0,CNG,,14.9,0,745,22.0
1790829156132,28.559623,77.319903,0.0,CNG,,14.9,0,744,22.0
1790829157203,28.559623,77.319903,0.0,CNG,,14.9,0,753,23.9
1790829157819,28.559623,77.319904,0.0,CNG,,14.9,0,744,23.9
1790829158440,28.559623,77.319904,0.0,CNG,,14.9,0,751,23.9
1790829159561,28.559623,77.319905,0.0,CNG,,14.9,0,737,24.3
1790829160181,28.559623,77.319905,0.0,CNG,,14.9,0,741,24.3
1790829160787,28.559623,77.319904,0.0,CNG,,14.9,0,744,24.3
1790829161871,28.559623,77.319904,0.0,CNG,,14.9,0,744,23.9
1790829162498,28.559623,77.319904,0.0,CNG,,14.9,0,748,23.9
1790829163126,28.559623,77.319904,0.0,CNG,,14.9,0,750,23.9
1790829164281,28.559623,77.319904,0.0,CNG,,14.9,0,746,32.5
1790829164948,28.559623,77.319904,0.0,CNG,,22.0,0,1031,32.5
1790829165569,28.559623,77.319904,2.0,CNG,,22.0,,957,32.5
1790829166677,28.559631,77.319893,3.0,CNG,,22.0,,896,34.1
1790829167286,28.559631,77.319893,5.0,CNG,5.25,22.0,,842,34.1
1790829167881,28.559639,77.319879,6.0,CNG,7.20,22.0,1,879,34.1
1790829169121,28.559647,77.319861,7.0,CNG,8.92,22.0,1,970,29.0
1790829169905,28.559655,77.319843,8.0,CNG,10.48,22.0,1,1101,29.0
1790829170571,28.559655,77.319843,8.0,CNG,11.57,21.2,1,1126,29.0
1790829171704,28.559672,77.319808,8.0,CNG,14.37,14.9,1,1078,18.4
1790829172377,28.559672,77.319808,7.0,CNG,17.34,14.9,,814,18.4
1790829173020,28.559680,77.319790,7.0,CNG,18.91,14.9,,748,18.4
1790829174194,28.559687,77.319776,6.0,CNG,17.58,14.9,1,736,25.5
1790829174839,28.559691,77.319766,4.0,CNG,14.99,22.0,,763,25.5
1790829175487,28.559691,77.319766,5.0,CNG,11.15,22.4,,819,25.5
1790829176614,28.559702,77.319737,6.0,CNG,12.71,14.9,1,835,22.0
1790829177234,28.559702,77.319737,6.0,CNG,12.69,18.8,1,807,22.0
1790829177861,28.559708,77.319724,6.0,CNG,12.98,18.4,1,817,22.0
1790829178964,28.559714,77.319711,6.0,CNG,15.06,14.9,1,848,20.8
1790829179573,28.559714,77.319711,5.0,CNG,15.16,14.9,1,761,20.8
1790829180213,28.559720,77.319696,5.0,CNG,14.95,14.9,1,753,20.8
1790829181331,28.559725,77.319684,5.0,CNG,14.56,14.9,1,730,23.9
1790829182008,28.559732,77.319672,5.0,CNG,14.67,14.9,1,739,23.9
1790829182617,28.559740,77.319656,5.0,CNG,14.74,14.9,1,739,23.9
1790829183773,28.559748,77.319642,5.0,CNG,14.79,14.9,1,743,22.0
1790829184442,28.559748,77.319642,4.0,CNG,13.15,14.9,,743,22.0
1790829185077,28.559752,77.319632,2.0,CNG,10.09,14.9,,751,22.0
1790829186192,28.559754,77.319627,2.0,CNG,,14.9,,753,23.5
1790829186880,28.559757,77.319622,3.0,CNG,,14.9,,554,23.5
1790829187494,28.559757,77.319622,3.0,CNG,,22.0,,855,23.5
1790829188646,28.559768,77.319606,4.0,CNG,8.73,14.9,,748,22.7
1790829189434,28.559768,77.319606,4.0,CNG,9.58,14.9,,740,22.7
1790829190258,28.559774,77.319595,5.0,CNG,11.61,14.9,1,706,22.7
1790829191322,28.559781,77.319583,5.0,CNG,12.48,14.9,1,731,23.9
1790829191966,28.559788,77.319571,5.0,CNG,13.68,14.9,1,745,23.9
1790829192614,28.559795,77.319558,5.0,CNG,13.84,14.9,1,739,23.9
1790829193748,28.559800,77.319548,5.0,CNG,13.77,14.9,1,755,25.5
1790829194381,28.559800,77.319548,4.0,CNG,13.12,14.9,,751,25.5
1790829195061,28.559805,77.319539,4.0,CNG,12.63,14.9,,756,25.5
1790829196141,28.559811,77.319531,4.0,CNG,10.43,19.6,,756,29.0
1790829196747,28.559817,77.319519,5.0,CNG,11.50,20.4,1,725,29.0
1790829197331,28.559817,77.319519,5.0,CNG,10.79,20.4,1,772,29.0
1790829198416,28.559825,77.319506,6.0,CNG,11.16,20.0,1,834,27.8
1790829199034,28.559833,77.319490,6.0,CNG,11.91,20.0,1,934,27.8
1790829199715,28.559841,77.319475,7.0,CNG,13.31,20.0,1,970,27.8
1790829200811,28.559849,77.319459,7.0,CNG,14.20,19.6,1,983,19.6
1790829201445,28.559849,77.319459,7.0,CNG,15.81,14.9,1,973,19.6
1790829202041,28.559856,77.319442,6.0,CNG,17.11,14.9,1,801,19.6
1790829203235,28.559863,77.319425,6.0,CNG,17.38,14.9,1,746,23.1
1790829203859,28.559870,77.319409,6.0,CNG,17.55,14.9,1,751,23.1
1790829204514,28.559870,77.319409,7.0,CNG,18.82,14.9,,748,23.1
1790829205687,28.559886,77.319377,7.0,CNG,19.60,14.9,,748,22.4
1790829206357,28.559886,77.319377,6.0,CNG,16.23,20.4,,964,22.4
1790829206979,28.559894,77.319362,7.0,CNG,15.71,20.4,1,974,22.4
1790829208150,28.559903,77.319345,7.0,CNG,15.57,20.4,1,1001,21.2
1790829208751,28.559913,77.319327,7.0,CNG,15.95,19.2,1,1046,21.2
1790829209513,28.559913,77.319327,7.0,CNG,16.30,18.0,1,1008,21.2
1790829210650,28.559930,77.319295,7.0,CNG,16.77,17.6,1,1000,19.2
1790829211285,28.559930,77.319295,6.0,CNG,16.82,15.7,1,900,19.2
1790829211878,28.559936,77.319281,6.0,CNG,17.58,14.9,1,847,19.2
1790829213017,28.559941,77.319267,5.0,CNG,16.54,14.9,,807,21.6
1790829213694,28.559946,77.319255,5.0,CNG,15.98,14.9,1,749,21.6
1790829214359,28.559946,77.319255,3.0,CNG,12.35,14.9,,741,21.6
1790829215491,28.559947,77.319251,1.0,CNG,8.37,14.9,,745,25.1
1790829216203,28.559946,77.319251,0.0,CNG,,14.9,0,754,25.1
1790829216818,28.559946,77.319251,0.0,CNG,,14.9,0,747,25.1
1790829217961,28.559947,77.319251,0.0,CNG,,14.9,0,751,24.7
1790829218576,28.559947,77.319251,0.0,CNG,,14.9,0,762,24.7
1790829219213,28.559950,77.319250,0.0,CNG,,22.7,0,806,24.7
1790829220376,28.559951,77.319249,0.0,CNG,,20.8,0,1262,20.4
1790829221022,28.559950,77.319249,0.0,CNG,,20.4,0,1465,20.4
1790829221637,28.559949,77.319249,0.0,CNG,,20.4,0,1395,20.4
1790829222753,28.559949,77.319248,0.0,CNG,,20.4,0,1339,18.0
1790829223373,28.559949,77.319248,0.0,CNG,,20.0,0,1230,18.0
1790829223999,28.559951,77.319246,0.0,CNG,,19.2,0,1180,18.0
1790829225092,28.559952,77.319246,0.0,CNG,,19.2,0,1049,18.8
1790829225745,28.559952,77.319245,0.0,CNG,,14.9,0,869,18.8
1790829226399,28.559952,77.319245,0.0,CNG,,14.9,0,755,18.8
1790829227590,28.559953,77.319245,0.0,CNG,,14.9,0,736,32.9
1790829228217,28.559953,77.319245,0.0,CNG,,21.2,0,989,32.9
1790829228843,28.559953,77.319245,1.0,CNG,,21.2,,923,32.9
1790829230247,28.559953,77.319245,2.0,CNG,,21.2,,877,31.8
1790829230886,28.559956,77.319241,4.0,CNG,,21.2,,838,31.8
1790829231503,28.559956,77.319241,6.0,CNG,6.61,21.2,1,802,31.8
1790829232723,28.559973,77.319212,6.0,CNG,8.17,21.2,1,912,28.6
1790829233354,28.559973,77.319212,7.0,CNG,10.05,20.8,1,1017,28.6
1790829233989,28.559982,77.319195,7.0,CNG,11.20,20.8,1,1048,28.6
1790829235083,28.559991,77.319176,7.0,CNG,11.80,20.8,1,1087,24.7
1790829235726,28.560000,77.319157,8.0,CNG,12.38,20.8,1,1120,24.7
1790829236371,28.560000,77.319157,8.0,CNG,13.33,20.8,1,1127,24.7
1790829237501,28.560009,77.319137,8.0,CNG,13.81,20.8,1,1153,22.4
1790829238147,28.560016,77.319117,8.0,CNG,14.24,20.8,1,1158,22.4
1790829238782,28.560025,77.319098,8.0,CNG,14.48,20.8,1,1159,22.4
1790829239834,28.560036,77.319079,8.0,CNG,14.57,20.8,1,1160,22.4
1790829240481,28.560036,77.319079,8.0,CNG,14.56,20.8,1,1164,22.4
1790829241153,28.560047,77.319057,8.0,CNG,14.26,20.8,1,1173,22.4
1790829242333,28.560058,77.319034,8.0,CNG,14.11,20.8,1,1181,22.4
1790829242971,28.560068,77.319011,8.0,CNG,14.39,20.8,1,1191,22.4
1790829243684,28.560078,77.318988,8.0,CNG,14.32,20.8,1,1189,22.4
1790829244893,28.560087,77.318967,8.0,CNG,14.36,20.8,1,1185,22.7
1790829245525,28.560087,77.318967,8.0,CNG,12.79,22.4,1,1213,22.7
1790829246195,28.560097,77.318947,9.0,CNG,12.42,22.0,1,1285,22.7
1790829247373,28.560108,77.318926,9.0,CNG,15.02,14.9,1,1261,18.4
1790829247969,28.560119,77.318904,9.0,CNG,16.09,20.8,,685,18.4
1790829248602,28.560119,77.318904,10.0,CNG,16.80,19.6,2,745,18.4
1790829250018,28.560142,77.318859,10.0,CNG,20.40,14.9,2,734,22.7
1790829250729,28.560154,77.318835,10.0,CNG,23.00,14.9,2,749,22.7
1790829251327,28.560154,77.318835,10.0,CNG,25.05,14.9,2,745,22.7
1790829252454,28.560166,77.318812,10.0,CNG,26.45,14.9,2,752,23.1
1790829253066,28.560177,77.318791,9.0,CNG,26.55,14.9,2,748,23.1
1790829253683,28.560186,77.318772,9.0,CNG,25.62,14.9,2,739,23.1
1790829254793,28.560195,77.318752,8.0,CNG,25.06,22.4,,746,44.3
1790829255433,28.560195,77.318752,8.0,CNG,18.23,14.9,1,1221,44.3
1790829256073,28.560204,77.318733,8.0,CNG,19.25,14.9,,973,44.3
1790829257285,28.560213,77.318714,8.0,CNG,21.48,14.9,,876,21.2
1790829257869,28.560223,77.318696,7.0,CNG,20.69,14.9,,750,21.2
1790829258507,28.560223,77.318696,7.0,CNG,20.91,14.9,,753,21.2
1790829259575,28.560233,77.318678,7.0,CNG,21.19,14.9,,749,22.7
1790829260223,28.560241,77.318662,7.0,CNG,20.77,14.9,,753,22.7
1790829260831,28.560251,77.318647,6.0,CNG,19.43,14.9,1,753,22.7
1790829262027,28.560260,77.318632,7.0,CNG,20.16,14.9,,764,22.7
1790829262710,28.560268,77.318617,7.0,CNG,20.16,14.9,,752,22.7
1790829263405,28.560268,77.318617,7.0,CNG,20.22,14.9,,748,22.7
1790829264548,28.560276,77.318601,7.0,CNG,20.20,14.9,,748,23.1
1790829265200,28.560284,77.318586,7.0,CNG,20.31,14.9,,753,23.1
1790829265798,28.560295,77.318571,7.0,CNG,20.50,14.9,,752,23.1
1790829266917,28.560306,77.318554,7.0,CNG,20.68,14.9,,743,33.3
1790829267543,28.560306,77.318554,8.0,CNG,22.40,14.9,,592,33.3
1790829268200,28.560318,77.318535,9.0,CNG,20.36,14.9,,645,33.3
1790829269382,28.560331,77.318514,9.0,CNG,21.69,14.9,,681,27.8
1790829270222,28.560344,77.318492,10.0,CNG,24.48,14.9,2,738,27.8
1790829270825,28.560357,77.318470,10.0,CNG,26.00,14.9,2,746,27.8
1790829271947,28.560371,77.318449,10.0,CNG,27.50,14.9,2,741,23.5
1790829272578,28.560371,77.318449,10.0,CNG,28.10,14.9,2,751,23.5
1790829273281,28.560384,77.318427,10.0,CNG,28.64,14.9,2,747,23.5
1790829274420,28.560397,77.318405,10.0,CNG,28.97,14.9,2,755,23.1
1790829275112,28.560412,77.318382,10.0,CNG,29.17,14.9,2,751,23.1
1790829275760,28.560427,77.318360,10.0,CNG,29.11,14.9,2,746,23.1
1790829276921,28.560443,77.318337,10.0,CNG,27.40,14.9,2,747,23.5
1790829277534,28.560443,77.318337,10.0,CNG,28.28,14.9,2,757,23.5
1790829278154,28.560458,77.318314,10.0,CNG,29.19,14.9,2,758,23.5
1790829279239,28.560471,77.318295,8.0,CNG,26.23,14.9,,755,25.1
1790829279937,28.560479,77.318283,5.0,CNG,22.06,14.9,1,766,25.1
1790829280578,28.560479,77.318283,5.0,CNG,17.82,14.9,1,758,25.1
1790829281717,28.560494,77.318264,5.0,CNG,16.84,14.9,1,763,22.4
1790829282353,28.560494,77.318264,6.0,CNG,17.17,14.9,1,754,22.4
1790829283018,28.560502,77.318252,6.0,CNG,17.27,14.9,1,753,22.4
1790829284102,28.560510,77.318239,5.0,CNG,15.74,14.9,1,758,24.7
1790829284740,28.560511,77.318236,1.0,CNG,10.14,14.9,,749,24.7
1790829285353,28.560511,77.318236,0.0,CNG,,14.9,0,765,24.7
1790829286471,28.560511,77.318237,0.0,CNG,,14.9,0,754,24.7
1790829287137,28.560511,77.318237,0.0,CNG,,14.9,0,757,24.7
1790829287838,28.560510,77.318238,0.0,CNG,,14.9,0,757,24.7
1790829288974,28.560510,77.318239,0.0,CNG,,14.9,0,754,24.7
1790829289785,28.560511,77.318239,0.0,CNG,,14.9,0,750,24.7
1790829290453,28.560511,77.318239,0.0,CNG,,14.9,0,750,24.7
1790829291572,28.560510,77.318239,0.0,CNG,,14.9,0,752,24.7
1790829292204,28.560511,77.318239,0.0,CNG,,14.9,0,755,24.7
1790829292893,28.560511,77.318240,0.0,CNG,,14.9,0,754,24.7
1790829293999,28.560511,77.318240,0.0,CNG,,14.9,0,754,25.5
1790829294626,28.560514,77.318238,2.0,CNG,,14.9,,603,25.5
1790829295298,28.560514,77.318238,3.0,CNG,,14.9,,713,25.5
1790829296420,28.560518,77.318232,4.0,CNG,,14.9,,708,31.8
1790829297044,28.560525,77.318223,5.0,CNG,8.74,14.9,1,773,31.8
1790829297701,28.560534,77.318213,5.0,CNG,10.53,14.9,1,771,31.8
1790829298806,28.560544,77.318200,6.0,CNG,7.15,14.9,,669,55.3
1790829299455,28.560544,77.318200,8.0,CNG,9.44,14.9,,637,55.3
1790829300105,28.560557,77.318184,9.0,CNG,13.32,14.9,2,701,55.3
1790829301267,28.560572,77.318164,10.0,CNG,17.61,14.9,2,739,25.1
1790829301860,28.560588,77.318145,10.0,CNG,20.86,14.9,2,750,25.1
1790829302507,28.560588,77.318145,10.0,CNG,22.85,14.9,2,751,25.1
1790829303665,28.560622,77.318103,10.0,CNG,24.20,14.9,2,756,25.1
1790829304315,28.560622,77.318103,10.0,CNG,25.47,14.9,2,747,25.1
1790829304938,28.560638,77.318083,10.0,CNG,26.27,14.9,2,740,25.1
1790829306070,28.560654,77.318064,10.0,CNG,26.55,14.9,2,738,27.1
1790829306681,28.560671,77.318047,10.0,CNG,26.87,14.9,2,728,27.1
1790829307312,28.560671,77.318047,10.0,CNG,26.68,14.9,2,748,27.1
1790829308413,28.560686,77.318027,10.0,CNG,27.10,14.9,2,756,23.9
1790829309078,28.560703,77.318006,10.0,CNG,26.89,14.9,2,795,23.9
1790829309960,28.560721,77.317986,10.0,CNG,26.77,14.9,2,802,23.9
1790829311125,28.560740,77.317962,11.0,CNG,28.16,14.9,2,806,23.9
1790829311770,28.560756,77.317944,9.0,CNG,25.17,14.9,2,770,23.9
1790829312442,28.560756,77.317944,9.0,CNG,22.47,14.9,,694,23.9
1790829313524,28.560772,77.317931,7.0,CNG,19.05,14.9,,580,33.7
1790829314183,28.560781,77.317925,1.0,CNG,12.62,14.9,,790,33.7
1790829314778,28.560780,77.317926,0.0,CNG,7.60,14.9,0,779,33.7
1790829315926,28.560780,77.317926,0.0,CNG,,14.9,0,780,26.7
1790829316571,28.560780,77.317926,0.0,CNG,,14.9,0,771,26.7
1790829317230,28.560779,77.317925,0.0,CNG,,14.9,0,767,26.7
1790829318359,28.560780,77.317926,0.0,CNG,,14.9,0,754,25.5
1790829318971,28.560781,77.317927,1.0,CNG,,14.9,,758,25.5
1790829319583,28.560781,77.317927,1.0,CNG,,14.9,,759,25.5
1790829320728,28.560781,77.317926,1.0,CNG,,14.9,,759,25.1
1790829321349,28.560781,77.317926,1.0,CNG,,14.9,,749,25.1
1790829322003,28.560781,77.317927,1.0,CNG,,14.9,,627,25.1
1790829323138,28.560786,77.317923,3.0,CNG,,14.9,,701,36.5
1790829323809,28.560794,77.317914,5.0,CNG,7.39,14.9,,652,36.5
1790829324439,28.560794,77.317914,5.0,CNG,9.80,14.9,1,766,36.5
1790829325564,28.560805,77.317903,5.0,CNG,10.90,14.9,1,771,27.1
1790829326190,28.560813,77.317895,2.0,CNG,7.97,14.9,,767,27.1
1790829326853,28.560817,77.317891,1.0,CNG,,14.9,,770,27.1
1790829327998,28.560821,77.317887,1.0,CNG,,14.9,,767,26.7
1790829328725,28.560821,77.317887,0.0,CNG,,14.9,0,767,26.7
1790829329363,28.560821,77.317887,0.0,CNG,,14.9,0,748,26.7
1790829330578,28.560821,77.317888,1.0,CNG,,14.9,,614,33.7
1790829331201,28.560826,77.317882,4.0,CNG,,14.9,,680,33.7
1790829331862,28.560837,77.317874,5.0,CNG,6.89,14.9,1,713,33.7
1790829332987,28.560848,77.317864,5.0,CNG,8.69,14.9,1,774,27.8
1790829333614,28.560858,77.317853,5.0,CNG,9.86,14.9,,800,27.8
1790829334218,28.560858,77.317853,5.0,CNG,10.59,14.9,,780,27.8
1790829335428,28.560869,77.317842,5.0,CNG,11.02,14.9,,780,27.5
1790829336045,28.560879,77.317831,5.0,CNG,11.30,14.9,,779,27.5
1790829336709,28.560891,77.317823,6.0,CNG,12.88,14.9,,717,27.5
1790829337869,28.560904,77.317813,6.0,CNG,12.12,14.9,,582,43.9
1790829338511,28.560904,77.317813,8.0,CNG,13.37,14.9,,619,43.9
1790829339158,28.560921,77.317801,9.0,CNG,15.28,14.9,,696,43.9
1790829340268,28.560942,77.317785,10.0,CNG,18.36,14.9,2,728,29.8
1790829340893,28.560964,77.317768,10.0,CNG,20.16,14.9,2,747,29.8
1790829341538,28.560964,77.317768,10.0,CNG,21.18,14.9,2,762,29.8
1790829342594,28.560987,77.317753,10.0,CNG,22.02,14.9,2,768,27.8
1790829343257,28.561010,77.317741,10.0,CNG,22.06,14.9,2,769,27.8
1790829343900,28.561030,77.317727,9.0,CNG,20.70,14.9,,784,27.8
1790829345021,28.561042,77.317718,6.0,CNG,18.00,14.9,1,782,28.6
1790829345670,28.561051,77.317713,4.0,CNG,14.66,14.9,,796,28.6
1790829346304,28.561051,77.317713,4.0,CNG,12.72,14.9,,765,28.6
1790829347439,28.561061,77.317707,5.0,CNG,12.09,14.9,1,716,31.0
1790829348089,28.561070,77.317703,5.0,CNG,11.78,14.9,1,721,31.0
1790829348710,28.561081,77.317698,6.0,CNG,12.90,14.9,,602,31.0
1790829350146,28.561095,77.317688,6.0,CNG,13.96,14.9,,483,34.5
1790829350744,28.561112,77.317677,8.0,CNG,15.58,14.9,,593,34.5
1790829351376,28.561112,77.317677,8.0,CNG,14.97,14.9,,621,34.5
1790829352452,28.561128,77.317662,9.0,CNG,15.05,14.9,,662,41.6
1790829353113,28.561145,77.317648,7.0,CNG,14.80,14.9,,782,41.6
1790829353709,28.561155,77.317639,5.0,CNG,13.49,14.9,,790,41.6
1790829354889,28.561161,77.317633,4.0,CNG,11.63,14.9,,788,29.4
1790829355498,28.561161,77.317633,3.0,CNG,9.64,14.9,,782,29.4
1790829356173,28.561167,77.317628,3.0,CNG,8.80,14.9,,786,29.4
1790829357330,28.561172,77.317623,3.0,CNG,8.21,14.9,,779,27.5
1790829357967,28.561178,77.317618,3.0,CNG,8.09,14.9,,774,27.5
1790829358603,28.561178,77.317618,3.0,CNG,7.80,14.9,,783,27.5
1790829359698,28.561187,77.317611,2.0,CNG,,14.9,,783,29.4
1790829360373,28.561187,77.317611,1.0,CNG,,14.9,,782,29.4
1790829361032,28.561187,77.317611,0.0,CNG,,14.9,0,781,29.4
1790829362116,28.561187,77.317613,0.0,CNG,,14.9,0,779,26.3
1790829362753,28.561188,77.317613,0.0,CNG,,14.9,0,766,26.3
1790829363346,28.561188,77.317613,0.0,CNG,,14.9,0,763,26.3
1790829364543,28.561186,77.317612,0.0,CNG,,14.9,0,767,26.7
1790829365190,28.561186,77.317610,0.0,CNG,,14.9,0,758,26.7
1790829365894,28.561187,77.317609,0.0,CNG,,14.9,0,669,26.7
1790829366968,28.561187,77.317609,1.0,CNG,,14.9,,705,33.7
1790829367603,28.561187,77.317609,3.0,CNG,,14.9,,708,33.7
1790829368261,28.561186,77.317609,4.0,CNG,,14.9,,691,33.7
1790829369554,28.561198,77.317601,5.0,CNG,7.64,14.9,1,717,29.0
1790829370262,28.561210,77.317592,5.0,CNG,9.08,14.9,1,766,29.0
1790829370950,28.561223,77.317585,5.0,CNG,10.08,14.9,1,777,29.0
1790829372045,28.561233,77.317578,5.0,CNG,10.68,14.9,1,767,30.2
1790829372738,28.561237,77.317575,1.0,CNG,7.14,14.9,,785,30.2
1790829373350,28.561237,77.317575,1.0,CNG,,14.9,,793,30.2
1790829374465,28.561240,77.317573,1.0,CNG,,14.9,,742,31.8
1790829375056,28.561245,77.317571,3.0,CNG,,14.9,,633,31.8
1790829375701,28.561255,77.317564,5.0,CNG,6.42,14.9,,657,31.8
1790829376829,28.561266,77.317555,5.0,CNG,8.21,14.9,1,767,28.6
1790829377492,28.561266,77.317555,5.0,CNG,9.42,14.9,,782,28.6
1790829378077,28.561278,77.317548,5.0,CNG,10.27,14.9,,784,28.6
1790829379207,28.561289,77.317540,5.0,CNG,10.79,14.9,,782,27.8
1790829379873,28.561301,77.317531,6.0,CNG,12.04,14.9,,604,27.8
1790829380536,28.561301,77.317531,7.0,CNG,15.09,14.9,,546,27.8
1790829381624,28.561333,77.317508,8.0,CNG,17.21,14.9,,587,34.9
1790829382241,28.561333,77.317508,9.0,CNG,15.96,14.9,,662,34.9
1790829382905,28.561353,77.317494,9.0,CNG,15.94,14.9,2,701,34.9
1790829384069,28.561376,77.317480,10.0,CNG,16.78,14.9,2,727,37.6
1790829384679,28.561399,77.317469,10.0,CNG,16.99,14.9,2,765,37.6
1790829385356,28.561399,77.317469,10.0,CNG,16.89,14.9,2,789,37.6
1790829386485,28.561425,77.317469,11.0,CNG,18.05,14.9,2,800,34.1
1790829387142,28.561451,77.317474,10.0,CNG,18.31,14.9,2,797,34.1
1790829387782,28.561478,77.317475,10.0,CNG,18.88,14.9,2,786,34.1
1790829388932,28.561503,77.317468,10.0,CNG,19.08,14.9,2,779,34.1
1790829389734,28.561514,77.317460,5.0,CNG,14.81,14.9,1,774,34.1
1790829390472,28.561514,77.317460,2.0,CNG,10.80,14.9,,774,34.1
1790829391547,28.561518,77.317456,2.0,CNG,8.16,14.9,,787,40.0
1790829392217,28.561525,77.317451,4.0,CNG,7.75,14.9,,647,40.0
1790829392816,28.561537,77.317445,5.0,CNG,8.19,14.9,1,737,40.0
1790829394000,28.561549,77.317439,5.0,CNG,8.69,14.9,1,772,34.1
1790829394614,28.561549,77.317432,5.0,CNG,9.12,14.9,1,763,34.1
1790829395273,28.561561,77.317432,5.0,CNG,9.42,14.9,,782,34.1
1790829396431,28.561572,77.317424,5.0,CNG,9.96,14.9,1,761,45.9
1790829397112,28.561585,77.317417,7.0,CNG,12.87,14.9,,484,45.9
1790829397732,28.561602,77.317408,7.0,CNG,15.52,14.9,,549,45.9
1790829398874,28.561620,77.317402,8.0,CNG,16.16,14.9,,597,39.2
1790829399487,28.561620,77.317402,9.0,CNG,15.57,14.9,,675,39.2
1790829400153,28.561642,77.317392,9.0,CNG,15.95,14.9,2,706,39.2
1790829401276,28.561664,77.317381,9.0,CNG,16.86,14.9,2,727,35.3
1790829401988,28.561685,77.317369,10.0,CNG,18.90,14.9,2,740,35.3
1790829402579,28.561685,77.317369,9.0,CNG,18.15,14.9,,786,35.3
1790829403757,28.561719,77.317350,7.0,CNG,17.03,14.9,,789,28.2
1790829404400,28.561719,77.317350,6.0,CNG,15.90,14.9,1,786,28.2
1790829405068,28.561733,77.317342,7.0,CNG,15.84,14.9,,751,28.2
1790829406189,28.561748,77.317333,7.0,CNG,17.26,14.9,,578,31.8
1790829406813,28.561765,77.317324,8.0,CNG,15.67,14.9,,784,31.8
1790829407404,28.561765,77.317324,8.0,CNG,16.45,14.9,,793,31.8
1790829408525,28.561781,77.317317,7.0,CNG,16.37,14.9,,789,27.8
1790829409174,28.561795,77.317312,7.0,CNG,16.39,14.9,,784,27.8
1790829410037,28.561810,77.317306,7.0,CNG,16.45,14.9,,776,27.8
1790829411182,28.561825,77.317301,7.0,CNG,16.24,14.9,,779,28.2
1790829411842,28.561839,77.317296,6.0,CNG,11.40,14.9,1,739,28.2
1790829412495,28.561839,77.317296,7.0,CNG,14.38,14.9,,490,28.2
1790829413712,28.561872,77.317283,8.0,CNG,16.61,14.9,,586,34.9
1790829414313,28.561872,77.317283,6.0,CNG,15.21,14.9,1,784,34.9
1790829414950,28.561887,77.317277,6.0,CNG,15.02,14.9,1,796,34.9
1790829416145,28.561900,77.317270,6.0,CNG,14.76,14.9,1,793,27.8
1790829416811,28.561913,77.317263,6.0,CNG,12.67,14.9,,602,27.8
1790829417452,28.561913,77.317263,7.0,CNG,15.86,14.9,,550,27.8
1790829418559,28.561928,77.317252,8.0,CNG,17.63,14.9,,605,34.5
1790829419217,28.561946,77.317241,9.0,CNG,16.77,14.9,,674,34.5
1790829419846,28.561966,77.317230,9.0,CNG,16.70,14.9,,793,34.5
1790829421005,28.561981,77.317220,7.0,CNG,16.17,14.9,,786,29.8
1790829421634,28.561996,77.317210,7.0,CNG,15.76,14.9,,790,29.8
1790829422267,28.561996,77.317210,7.0,CNG,15.44,14.9,,783,29.8
1790829423397,28.562011,77.317202,7.0,CNG,15.56,14.9,,793,28.2
1790829424018,28.562028,77.317195,7.0,CNG,15.18,14.9,,744,28.2
1790829424653,28.562043,77.317187,7.0,CNG,15.58,14.9,,785,28.2
1790829425781,28.562060,77.317178,7.0,CNG,16.54,14.9,,787,36.5
1790829426468,28.562060,77.317178,9.0,CNG,17.38,14.9,2,704,36.5
1790829427105,28.562078,77.317169,8.0,CNG,17.42,14.9,,787,36.5
1790829428219,28.562095,77.317161,7.0,CNG,17.12,14.9,,791,27.1
1790829428887,28.562109,77.317154,7.0,CNG,16.81,14.9,,790,27.1
1790829429665,28.562123,77.317147,7.0,CNG,16.07,14.9,,788,27.1
1790829430869,28.562137,77.317142,6.0,CNG,15.37,14.9,1,803,26.7
1790829431518,28.562137,77.317142,7.0,CNG,15.83,14.9,,790,26.7
1790829432152,28.562152,77.317135,7.0,CNG,16.07,14.9,,787,26.7
1790829433369,28.562167,77.317128,7.0,CNG,16.21,14.9,,780,29.0
1790829434012,28.562179,77.317123,3.0,CNG,12.58,14.9,,798,29.0
1790829434652,28.562187,77.317120,3.0,CNG,10.42,14.9,,791,29.0
1790829435751,28.562195,77.317116,3.0,CNG,8.40,14.9,,629,31.4
1790829436401,28.562195,77.317116,3.0,CNG,8.03,14.9,,779,31.4
1790829437065,28.562204,77.317112,5.0,CNG,9.56,14.9,,627,31.4
1790829438254,28.562215,77.317108,5.0,CNG,10.01,14.9,1,748,29.4
1790829438945,28.562227,77.317105,5.0,CNG,10.48,14.9,1,777,29.4
1790829439580,28.562227,77.317105,5.0,CNG,10.79,14.9,1,777,29.4
1790829440710,28.562254,77.317097,5.0,CNG,11.05,14.9,,,28.2
1790829441338,28.562254,77.317097,5.0,CNG,11.37,14.9,,782,28.2
1790829441976,28.562267,77.317093,4.0,CNG,10.02,14.9,,779,28.2
1790829443117,28.562272,77.317091,2.0,CNG,7.92,14.9,,793,27.5
1790829443723,28.562277,77.317089,2.0,CNG,,14.9,,705,27.5
1790829444367,28.562277,77.317089,3.0,CNG,,14.9,,685,27.5
1790829445508,28.562283,77.317085,3.0,CNG,,14.9,,701,44.3
1790829446127,28.562292,77.317081,5.0,CNG,5.66,14.9,,660,44.3
1790829446727,28.562306,77.317077,7.0,CNG,7.92,14.9,,538,44.3
1790829447962,28.562324,77.317069,8.0,CNG,11.37,14.9,,685,31.4
1790829448636,28.562344,77.317060,8.0,CNG,14.04,14.9,,787,31.4
1790829449390,28.562344,77.317060,8.0,CNG,15.91,14.9,,780,31.4
1790829450693,28.562365,77.317049,3.0,CNG,12.06,14.9,,785,27.8
1790829451318,28.562365,77.317049,,CNG,7.58,14.9,0,788,27.8
1790829451957,28.562367,77.317048,2.0,CNG,,14.9,,675,27.8
1790829453196,28.562373,77.317047,3.0,CNG,,14.9,,660,31.4
1790829453797,28.562378,77.317045,2.0,CNG,,14.9,,784,31.4
1790829454497,28.562378,77.317045,0.0,CNG,,14.9,0,789,31.4
1790829455622,28.562380,77.317045,0.0,CNG,,14.9,0,786,26.3
1790829456268,28.562380,77.317045,0.0,CNG,,14.9,0,781,26.3
1790829456859,28.562380,77.317043,0.0,CNG,,14.9,0,641,26.3
1790829457978,28.562383,77.317041,2.0,CNG,,14.9,,663,49.4
1790829458598,28.562383,77.317041,5.0,CNG,,14.9,,658,49.4
1790829459262,28.562392,77.317037,5.0,CNG,5.94,14.9,1,765,49.4
1790829460414,28.562402,77.317031,5.0,CNG,7.88,14.9,1,763,27.8
1790829461109,28.562412,77.317024,3.0,CNG,7.06,14.9,,782,27.8
1790829461727,28.562414,77.317022,1.0,CNG,,14.9,,788,27.8
1790829462811,28.562413,77.317019,0.0,CNG,,14.9,0,789,26.7
1790829463395,28.562413,77.317019,0.0,CNG,,14.9,0,769,26.7
1790829464069,28.562412,77.317019,0.0,CNG,,14.9,0,697,26.7
1790829465192,28.562413,77.317019,1.0,CNG,,14.9,,639,39.6
1790829465890,28.562422,77.317016,4.0,CNG,,14.9,,677,39.6
1790829466486,28.562422,77.317016,5.0,CNG,6.57,14.9,1,707,39.6
1790829467695,28.562446,77.317006,5.0,CNG,8.39,14.9,1,740,28.6
1790829468298,28.562446,77.317006,5.0,CNG,9.54,14.9,1,774,28.6
1790829468943,28.562457,77.316999,5.0,CNG,7.31,14.9,,675,28.6
1790829470344,28.562471,77.316992,6.0,CNG,9.69,14.9,,475,36.5
1790829471019,28.562487,77.316985,8.0,CNG,12.93,14.9,,569,36.5
1790829471635,28.562505,77.316975,8.0,CNG,14.52,14.9,,613,36.5
1790829472749,28.562524,77.316962,8.0,CNG,14.50,14.9,,655,38.4
1790829473364,28.562524,77.316962,6.0,CNG,13.21,14.9,1,779,38.4
1790829474051,28.562537,77.316955,4.0,CNG,11.36,14.9,,772,38.4
1790829475192,28.562545,77.316950,3.0,CNG,8.85,14.9,,781,34.9
1790829475863,28.562552,77.316946,4.0,CNG,8.03,14.9,,689,34.9
1790829476490,28.562552,77.316946,5.0,CNG,8.59,14.9,,698,34.9
1790829477671,28.562573,77.316933,5.0,CNG,8.71,14.9,1,745,36.1
1790829478308,28.562573,77.316933,5.0,CNG,9.09,14.9,1,762,36.1
1790829478983,28.562585,77.316926,5.0,CNG,9.35,14.9,1,773,36.1
1790829480090,28.562596,77.316918,5.0,CNG,9.56,14.9,1,759,33.7
1790829480747,28.562607,77.316911,5.0,CNG,9.72,14.9,,783,33.7
1790829481382,28.562607,77.316911,5.0,CNG,8.54,14.9,,627,33.7
1790829482514,28.562620,77.316904,6.0,CNG,8.88,14.9,,607,51.0
1790829483137,28.562635,77.316895,8.0,CNG,11.80,14.9,,616,51.0
1790829483765,28.562652,77.316883,9.0,CNG,13.31,14.9,,660,51.0
1790829484933,28.562670,77.316871,9.0,CNG,14.36,14.9,,685,38.4
1790829485616,28.562688,77.316860,9.0,CNG,14.63,14.9,2,769,38.4
1790829486231,28.562688,77.316860,7.0,CNG,13.57,14.9,,767,38.4
1790829487388,28.562701,77.316852,5.0,CNG,12.04,14.9,,783,34.9
1790829487977,28.562712,77.316846,5.0,CNG,10.69,14.9,,565,34.9
1790829488608,28.562712,77.316846,6.0,CNG,10.35,14.9,,670,34.9
1790829489971,28.562741,77.316827,7.0,CNG,12.92,14.9,,509,36.9
1790829490607,28.562741,77.316827,8.0,CNG,15.22,14.9,,580,36.9
1790829491311,28.562757,77.316816,8.0,CNG,17.35,14.9,,609,36.9
1790829492496,28.562775,77.316804,8.0,CNG,17.79,14.9,,621,33.7
1790829493164,28.562790,77.316792,9.0,CNG,17.48,14.9,,669,33.7
1790829493789,28.562806,77.316780,9.0,CNG,17.07,14.9,2,707,33.7
1790829494962,28.562828,77.316766,10.0,CNG,17.44,14.9,2,728,37.3
1790829495583,28.562828,77.316766,10.0,CNG,18.40,14.9,2,758,37.3
1790829496178,28.562848,77.316752,10.0,CNG,19.32,14.9,2,784,37.3
1790829497301,28.562870,77.316738,10.0,CNG,19.72,14.9,,610,37.6
1790829497913,28.562892,77.316720,12.0,CNG,23.05,14.9,,580,37.6
1790829498591,28.562892,77.316720,12.0,CNG,27.16,14.9,,591,37.6
1790829499660,28.562940,77.316686,12.0,CNG,29.11,14.9,,583,32.2
1790829500290,28.562940,77.316686,12.0,CNG,29.63,14.9,,600,32.2
1790829500898,28.562964,77.316668,12.0,CNG,30.77,14.9,,602,32.2
1790829502007,28.562990,77.316651,12.0,CNG,29.20,14.9,,600,36.1
1790829502611,28.563015,77.316634,12.0,CNG,30.31,14.9,,604,36.1
1790829503256,28.563015,77.316634,12.0,CNG,22.23,19.2,,596,36.1
1790829504305,28.563038,77.316617,12.0,CNG,19.80,24.7,,598,58.4
1790829504951,28.563063,77.316598,13.0,CNG,17.92,24.3,,661,58.4
1790829505544,28.563063,77.316598,14.0,CNG,15.90,23.9,,695,58.4
1790829506689,28.563122,77.316553,15.0,CNG,15.95,23.1,3,720,66.7
1790829507335,28.563122,77.316553,16.0,CNG,15.65,21.6,3,795,66.7
1790829507972,28.563155,77.316529,16.0,CNG,15.58,20.8,3,824,66.7
1790829509084,28.563190,77.316506,17.0,CNG,16.77,20.4,3,841,54.1
1790829509863,28.563225,77.316482,17.0,CNG,17.11,20.0,3,833,54.1
1790829510512,28.563225,77.316482,17.0,CNG,17.74,20.0,3,871,54.1
1790829511682,28.563300,77.316431,18.0,CNG,18.91,20.0,3,898,47.8
1790829512332,28.563300,77.316431,18.0,CNG,19.17,20.0,3,921,47.8
1790829512938,28.563339,77.316404,18.0,CNG,20.25,20.0,3,927,47.8
1790829514007,28.563379,77.316372,18.0,CNG,20.20,20.0,3,922,46.3
1790829514647,28.563415,77.316346,18.0,CNG,20.74,19.2,3,926,46.3
1790829515260,28.563415,77.316346,18.0,CNG,20.84,19.2,3,942,46.3
1790829516407,28.563453,77.316316,18.0,CNG,20.75,19.2,3,937,45.1
1790829517018,28.563487,77.316292,19.0,CNG,21.44,19.2,3,941,45.1
1790829517694,28.563525,77.316268,19.0,CNG,21.76,19.2,3,946,45.1
1790829518832,28.563564,77.316240,19.0,CNG,22.11,19.2,3,947,45.5
1790829519546,28.563564,77.316240,18.0,CNG,21.34,18.8,3,926,45.5
1790829520145,28.563601,77.316215,18.0,CNG,21.03,18.8,3,935,45.5
1790829521386,28.563638,77.316195,19.0,CNG,21.48,18.8,3,930,42.4
1790829522022,28.563675,77.316161,19.0,CNG,21.86,14.9,3,948,42.4
1790829522674,28.563707,77.316136,18.0,CNG,21.81,14.9,3,931,42.4
1790829523839,28.563741,77.316114,17.0,CNG,21.38,14.9,3,867,51.0
1790829524542,28.563741,77.316114,13.0,CNG,16.38,14.9,,684,51.0
1790829525142,28.563769,77.316094,13.0,CNG,15.19,14.9,,877,51.0
1790829526252,28.563796,77.316076,13.0,CNG,15.39,14.9,,862,45.1
1790829526848,28.563820,77.316051,12.0,CNG,15.34,14.9,2,861,45.1
1790829527504,28.563820,77.316051,12.0,CNG,15.43,14.9,2,901,45.1
1790829528625,28.563864,77.316013,12.0,CNG,15.44,14.9,2,911,43.5
1790829529247,28.563864,77.316013,11.0,CNG,14.99,14.9,2,858,43.5
1790829530017,28.563884,77.315994,11.0,CNG,14.49,14.9,2,842,43.5
1790829531198,28.563908,77.315976,11.0,CNG,14.20,14.9,2,836,46.7
1790829531831,28.563932,77.315960,11.0,CNG,14.12,14.9,2,841,46.7
1790829532455,28.563932,77.315960,11.0,CNG,14.01,19.6,2,834,46.7
1790829533621,28.563976,77.315926,11.0,CNG,10.40,28.2,2,838,64.7
1790829534252,28.563976,77.315926,12.0,CNG,9.75,23.1,2,866,64.7
1790829534885,28.564000,77.315907,12.0,CNG,11.50,14.9,2,901,64.7
1790829536039,28.564025,77.315888,12.0,CNG,13.15,14.9,2,834,43.5
1790829536631,28.564049,77.315871,12.0,CNG,17.68,14.9,2,854,43.5
1790829537349,28.564049,77.315871,12.0,CNG,22.27,14.9,,565,43.5
1790829538506,28.564075,77.315853,13.0,CNG,25.18,14.9,,626,34.1
1790829539134,28.564101,77.315835,13.0,CNG,22.50,22.0,,646,34.1
1790829539780,28.564129,77.315817,13.0,CNG,20.94,22.0,,672,34.1
1790829540909,28.564158,77.315798,13.0,CNG,19.82,22.0,,699,48.6
1790829541551,28.564158,77.315798,15.0,CNG,20.96,22.0,3,739,48.6
1790829542188,28.564191,77.315777,15.0,CNG,20.06,26.3,3,774,48.6
1790829543290,28.564225,77.315754,16.0,CNG,17.78,27.5,3,816,56.9
1790829543962,28.564262,77.315732,18.0,CNG,19.23,24.7,3,883,56.9
1790829544621,28.564300,77.315706,18.0,CNG,20.27,24.7,3,930,56.9
1790829545728,28.564343,77.315677,19.0,CNG,21.28,24.3,3,966,41.2
1790829546385,28.564343,77.315677,20.0,CNG,23.74,22.0,3,1003,41.2
1790829547050,28.564384,77.315648,20.0,CNG,26.02,14.9,3,1022,41.2
1790829548162,28.564427,77.315620,20.0,CNG,26.90,21.2,3,1007,24.3
1790829548782,28.564469,77.315592,20.0,CNG,33.06,14.9,3,974,24.3
1790829549537,28.564469,77.315592,20.0,CNG,38.46,14.9,3,1002,24.3
1790829550833,28.564548,77.315534,19.0,CNG,41.64,14.9,3,973,19.2
1790829551485,28.564548,77.315534,18.0,CNG,43.92,14.9,3,941,19.2
1790829552175,28.564585,77.315507,18.0,CNG,45.14,14.9,3,919,19.2
1790829553290,28.564619,77.315478,18.0,CNG,46.17,14.9,3,892,22.0
1790829553953,28.564654,77.315455,17.0,CNG,44.59,14.9,3,869,22.0
1790829554572,28.564654,77.315455,17.0,CNG,43.42,14.9,3,870,22.0
1790829555786,28.564724,77.315396,17.0,CNG,42.73,14.9,3,857,23.9
1790829556380,28.564724,77.315396,16.0,CNG,41.33,14.9,3,839,23.9
1790829557031,28.564758,77.315375,16.0,CNG,40.29,22.4,3,834,23.9
1790829558155,28.564792,77.315353,16.0,CNG,30.82,22.4,3,856,40.0
1790829558772,28.564828,77.315328,18.0,CNG,28.28,22.0,3,884,40.0
1790829559429,28.564828,77.315328,18.0,CNG,27.03,22.0,3,916,40.0
1790829560550,28.564865,77.315302,19.0,CNG,26.79,22.0,3,944,38.4
1790829561189,28.564902,77.315276,20.0,CNG,14.79,50.6,3,992,38.4
1790829561807,28.564945,77.315237,21.0,CNG,13.87,27.5,3,1077,38.4
1790829562887,28.564989,77.315210,23.0,CNG,20.41,14.9,3,1137,24.3
1790829563535,28.564989,77.315210,22.0,CNG,21.28,24.7,3,1156,24.3
1790829564188,28.565037,77.315172,23.0,CNG,22.56,24.3,3,1155,24.3
1790829565355,28.565084,77.315135,23.0,CNG,23.19,24.3,3,1166,36.5
1790829565955,28.565132,77.315101,24.0,CNG,39.74,23.5,3,1223,36.5
1790829566609,28.565184,77.315068,24.0,CNG,33.30,23.5,3,1247,36.5
1790829567703,28.565234,77.315032,25.0,CNG,31.93,22.7,3,1251,31.4
1790829568331,28.565234,77.315032,25.0,CNG,32.18,22.4,3,1281,31.4
1790829568931,28.565284,77.314996,25.0,CNG,34.37,20.8,3,1297,31.4
1790829570338,28.565335,77.314957,26.0,CNG,43.29,14.9,3,1294,17.3
1790829570967,28.565388,77.314918,25.0,CNG,46.37,14.9,3,1241,17.3
1790829571643,28.565448,77.314893,24.0,CNG,47.57,14.9,3,1222,17.3
1790829572723,28.565495,77.314861,24.0,CNG,49.07,14.9,3,1196,18.0
1790829573370,28.565495,77.314861,23.0,CNG,49.74,14.9,3,1182,18.0
1790829574000,28.565539,77.314817,23.0,CNG,50.17,18.4,3,1153,18.0
1790829575160,28.565580,77.314783,22.0,CNG,37.01,23.9,3,1148,36.1
1790829575750,28.565622,77.314749,23.0,CNG,31.75,23.5,3,1154,36.1
1790829576369,28.565622,77.314749,23.0,CNG,28.99,23.5,3,1172,36.1
1790829577497,28.565668,77.314710,24.0,CNG,28.03,23.1,3,1196,33.3
1790829578171,28.565716,77.314670,24.0,CNG,28.23,22.7,3,1232,33.3
1790829578764,28.565769,77.314644,25.0,CNG,28.36,22.7,3,1239,33.3
1790829579936,28.565816,77.314604,25.0,CNG,28.50,22.7,3,1270,31.8
1790829580589,28.565816,77.314604,25.0,CNG,29.67,22.7,3,1264,31.8
1790829581239,28.565870,77.314564,25.0,CNG,28.33,22.4,3,1282,31.8
1790829582370,28.565921,77.314529,25.0,CNG,25.81,22.4,3,1280,42.4
1790829583039,28.565977,77.314495,26.0,CNG,24.83,22.4,3,1297,42.4
1790829583616,28.566029,77.314458,26.0,CNG,25.27,16.1,3,1299,42.4
1790829584787,28.566085,77.314425,25.0,CNG,31.48,14.9,3,1222,24.7
1790829585426,28.566085,77.314425,23.0,CNG,32.71,14.9,3,1185,24.7
1790829586118,28.566131,77.314387,22.0,CNG,32.14,14.9,3,1109,24.7
1790829587302,28.566175,77.314356,20.0,CNG,30.31,14.9,3,1027,36.1
1790829587928,28.566218,77.314330,19.0,CNG,24.27,20.8,3,978,36.1
1790829588555,28.566218,77.314330,19.0,CNG,22.07,20.4,3,967,36.1
1790829589947,28.566300,77.314270,20.0,CNG,20.09,23.1,3,985,53.7
1790829590738,28.566341,77.314243,21.0,CNG,17.72,26.3,3,1029,53.7
1790829591381,28.566341,77.314243,21.0,CNG,16.98,25.5,3,1066,53.7
1790829592491,28.566383,77.314210,22.0,CNG,17.00,24.7,3,1091,41.6
1790829593154,28.566428,77.314180,22.0,CNG,17.96,23.1,3,1134,41.6
1790829593860,28.566472,77.314147,22.0,CNG,18.16,23.1,3,1108,41.6
1790829594986,28.566514,77.314113,22.0,CNG,18.36,22.7,3,1116,47.5
1790829595619,28.566557,77.314075,23.0,CNG,19.29,22.0,3,1157,47.5
1790829596288,28.566557,77.314075,23.0,CNG,20.01,22.0,3,1155,47.5
1790829597430,28.566604,77.314042,23.0,CNG,20.30,22.0,3,1178,44.3
1790829598081,28.566649,77.314005,23.0,CNG,20.11,22.7,3,1190,44.3
1790829598734,28.566696,77.313974,24.0,CNG,22.91,14.9,3,1202,44.3
1790829599925,28.566737,77.313942,23.0,CNG,26.01,14.9,3,1202,34.5
1790829600525,28.566737,77.313942,16.0,CNG,24.28,14.9,3,876,34.5
1790829601173,28.566766,77.313916,16.0,CNG,22.19,14.9,3,866,34.5
1790829602316,28.566797,77.313892,16.0,CNG,21.07,14.9,3,864,45.1
1790829602966,28.566821,77.313869,14.0,CNG,19.66,14.9,,869,45.1
1790829603602,28.566821,77.313869,14.0,CNG,18.81,14.9,,860,45.1
1790829604742,28.566877,77.313825,14.0,CNG,18.59,14.9,,859,44.7
1790829605417,28.566877,77.313825,12.0,CNG,16.71,14.9,2,869,44.7
1790829606069,28.566902,77.313806,12.0,CNG,13.35,23.9,2,862,44.7
1790829607201,28.566928,77.313788,12.0,CNG,14.82,23.5,,726,58.4
1790829607875,28.566956,77.313767,14.0,CNG,14.14,24.7,3,702,58.4
1790829608542,28.566956,77.313767,16.0,CNG,14.50,26.3,3,756,58.4
1790829609824,28.567019,77.313719,15.0,CNG,13.85,26.7,3,804,72.9
1790829610524,28.567019,77.313719,18.0,CNG,14.07,26.3,3,914,72.9
1790829611138,28.567055,77.313691,19.0,CNG,14.25,25.5,3,975,72.9
1790829612222,28.567095,77.313656,20.0,CNG,17.45,14.9,3,1034,56.5
1790829612857,28.567132,77.313627,21.0,CNG,16.68,25.5,3,1054,56.5
1790829613467,28.567132,77.313627,21.0,CNG,16.22,26.3,3,1075,56.5
1790829614690,28.567216,77.313565,22.0,CNG,15.78,28.2,3,1106,60.0
1790829615288,28.567216,77.313565,24.0,CNG,12.98,40.4,3,1193,60.0
1790829615929,28.567264,77.313527,25.0,CNG,13.30,33.3,3,1267,60.0
1790829617053,28.567316,77.313486,26.0,CNG,13.69,32.9,3,1314,61.6
1790829617719,28.567381,77.313449,28.0,CNG,18.71,14.9,3,1396,61.6
1790829618321,28.567381,77.313449,27.0,CNG,18.31,25.1,,1188,61.6
1790829619423,28.567435,77.313404,28.0,CNG,19.08,25.1,4,1047,60.8
1790829620058,28.567496,77.313362,28.0,CNG,20.17,24.7,4,1047,60.8
1790829620696,28.567553,77.313317,29.0,CNG,21.40,24.3,4,1053,60.8
1790829621791,28.567614,77.313272,29.0,CNG,22.74,22.7,4,1070,50.6
1790829622474,28.567614,77.313272,29.0,CNG,24.00,22.4,4,1079,50.6
1790829623091,28.567675,77.313227,29.0,CNG,25.06,22.4,4,1087,50.6
1790829624224,28.567733,77.313180,29.0,CNG,25.70,22.4,4,1093,45.9
1790829624843,28.567801,77.313140,30.0,CNG,26.99,21.6,4,1105,45.9
1790829625482,28.567801,77.313140,30.0,CNG,28.14,22.0,4,1105,45.9
1790829626541,28.567861,77.313092,30.0,CNG,28.38,22.0,4,1108,44.3
1790829627173,28.567922,77.313049,30.0,CNG,28.78,21.6,4,1104,44.3
1790829627834,28.567983,77.313005,30.0,CNG,33.78,14.9,4,1117,44.3
1790829628914,28.568046,77.312965,30.0,CNG,37.17,14.9,4,1118,32.9
1790829629572,28.568046,77.312965,27.0,CNG,36.15,14.9,4,931,32.9
1790829630326,28.568100,77.312924,23.0,CNG,32.54,14.9,4,921,32.9
1790829631453,28.568143,77.312897,20.0,CNG,28.70,14.9,,870,47.5
1790829632048,28.568180,77.312864,18.0,CNG,26.05,14.9,3,867,47.5
1790829632682,28.568213,77.312835,18.0,CNG,24.57,14.9,3,867,47.5
1790829633819,28.568246,77.312812,17.0,CNG,23.27,14.9,3,873,45.5
1790829634407,28.568246,77.312812,17.0,CNG,22.21,14.9,3,863,45.5
1790829635047,28.568281,77.312782,16.0,CNG,21.07,14.9,3,866,45.5
1790829636110,28.568311,77.312760,16.0,CNG,20.55,14.9,3,869,45.9
1790829636781,28.568336,77.312734,14.0,CNG,19.60,14.9,,864,45.9
1790829637395,28.568336,77.312734,14.0,CNG,19.02,14.9,,860,45.9
1790829638524,28.568362,77.312711,14.0,CNG,17.44,19.6,2,1018,55.7
1790829639190,28.568391,77.312689,15.0,CNG,14.53,24.7,2,1109,55.7
1790829639834,28.568421,77.312666,15.0,CNG,12.87,25.1,2,1158,55.7
1790829640924,28.568455,77.312642,16.0,CNG,12.35,25.1,2,1218,49.4
1790829641588,28.568455,77.312642,17.0,CNG,12.37,25.5,2,1302,49.4
1790829642186,28.568491,77.312618,18.0,CNG,12.40,25.5,2,1372,49.4
1790829643372,28.568530,77.312593,18.0,CNG,12.28,25.5,2,1394,47.8
1790829644016,28.568576,77.312567,19.0,CNG,12.16,26.3,2,1480,47.8
1790829644664,28.568619,77.312541,20.0,CNG,12.24,26.7,2,1544,47.8
1790829645782,28.568662,77.312507,21.0,CNG,11.97,29.0,2,1584,54.1
1790829646433,28.568662,77.312507,23.0,CNG,11.86,30.6,2,1733,54.1
1790829647036,28.568704,77.312467,24.0,CNG,11.96,30.6,2,1817,54.1
1790829648217,28.568758,77.312430,25.0,CNG,11.83,30.6,2,1894,52.2
1790829648819,28.568813,77.312392,27.0,CNG,11.75,30.6,2,2048,52.2
1790829649466,28.568813,77.312392,28.0,CNG,12.05,30.6,2,2118,52.2
1790829650760,28.568934,77.312303,29.0,CNG,12.07,30.2,2,2182,49.8
1790829651467,28.568934,77.312303,30.0,CNG,12.38,30.2,2,2301,49.8
1790829652151,28.568997,77.312258,31.0,CNG,12.50,29.8,2,2349,49.8
1790829653285,28.569062,77.312217,32.0,CNG,12.78,29.8,2,2402,42.4
1790829653865,28.569125,77.312164,32.0,CNG,13.78,26.3,2,2475,42.4
1790829654545,28.569125,77.312164,33.0,CNG,16.43,14.9,2,2482,42.4
1790829655671,28.569251,77.312067,33.0,CNG,19.41,14.9,3,1647,35.7
1790829656288,28.569251,77.312067,32.0,CNG,19.27,28.2,3,1638,35.7
1790829656897,28.569316,77.312017,32.0,CNG,19.00,27.8,3,1674,35.7
1790829658030,28.569383,77.311968,33.0,CNG,19.33,27.8,3,1672,46.7
1790829658701,28.569452,77.311915,34.0,CNG,19.99,27.5,3,1699,46.7
1790829659318,28.569452,77.311915,34.0,CNG,20.40,27.5,3,1736,46.7
1790829660448,28.569521,77.311864,34.0,CNG,20.86,26.7,3,1756,41.6
1790829661087,28.569591,77.311811,35.0,CNG,27.70,14.9,3,1726,41.6
1790829661683,28.569665,77.311765,34.0,CNG,46.06,14.9,3,1708,41.6
1790829662937,28.569729,77.311711,33.0,CNG,43.05,14.9,,1410,31.4
1790829663546,28.569729,77.311711,33.0,CNG,43.79,14.9,4,1124,31.4
1790829664252,28.569794,77.311665,32.0,CNG,42.24,14.9,5,997,31.4
1790829665374,28.569862,77.311608,30.0,CNG,39.02,14.9,5,935,42.4
1790829666015,28.569922,77.311566,30.0,CNG,38.93,14.9,5,917,42.4
1790829666628,28.569984,77.311533,29.0,CNG,38.12,14.9,5,910,42.4
1790829667743,28.570047,77.311486,29.0,CNG,37.23,14.9,5,902,42.0
1790829668386,28.570047,77.311486,29.0,CNG,37.19,14.9,5,931,42.0
1790829669069,28.570106,77.311444,28.0,CNG,36.56,14.9,4,950,42.0
1790829670503,28.570162,77.311402,28.0,CNG,35.94,14.9,5,872,45.1
1790829671206,28.570222,77.311364,28.0,CNG,35.76,14.9,5,872,45.1
1790829671817,28.570275,77.311325,27.0,CNG,35.29,14.9,5,866,45.1
1790829672970,28.570328,77.311278,27.0,CNG,35.19,14.9,5,870,49.4
1790829673584,28.570328,77.311278,27.0,CNG,25.12,28.2,3,1349,49.4
1790829674285,28.570381,77.311239,27.0,CNG,23.24,25.5,3,1379,49.4
1790829675437,28.570437,77.311200,28.0,CNG,22.23,25.5,3,1410,44.7
1790829676097,28.570501,77.311163,28.0,CNG,21.54,29.4,3,1452,44.7
1790829676740,28.570556,77.311116,29.0,CNG,20.16,29.4,3,1479,44.7
1790829677846,28.570616,77.311070,30.0,CNG,20.01,29.0,3,1505,50.2
1790829678475,28.570616,77.311070,31.0,CNG,19.45,29.0,3,1561,50.2
1790829679138,28.570678,77.311024,32.0,CNG,19.38,29.0,3,1603,50.2
1790829680225,28.570743,77.310989,32.0,CNG,19.13,29.0,3,1630,49.8
1790829680863,28.570811,77.310937,33.0,CNG,19.27,29.0,3,1711,49.8
1790829681465,28.570811,77.310937,34.0,CNG,19.61,29.0,3,1723,49.8
1790829682647,28.570947,77.310833,35.0,CNG,19.87,29.0,3,1742,49.4
1790829683245,28.570947,77.310833,35.0,CNG,19.89,34.5,3,1797,49.4
1790829683913,28.571016,77.310773,36.0,CNG,17.24,35.7,3,1842,49.4
1790829685037,28.571093,77.310712,37.0,CNG,15.98,34.9,3,1894,58.4
1790829685635,28.571176,77.310653,,CNG,10.86,27.1,0,1966,58.4
1790829686263,28.571176,77.310653,39.0,CNG,14.68,29.0,3,1986,58.4
1790829687428,28.571256,77.310591,40.0,CNG,17.18,29.4,3,2004,48.6
1790829688045,28.571341,77.310528,41.0,CNG,18.82,29.0,3,2053,48.6
1790829688731,28.571423,77.310464,41.0,CNG,19.64,29.0,3,2078,48.6
1790829690196,28.571510,77.310400,42.0,CNG,20.10,29.0,3,2113,46.7
1790829690851,28.571594,77.310327,42.0,CNG,20.39,29.0,3,2151,46.7
1790829691567,28.571594,77.310327,43.0,CNG,20.74,29.0,3,2174,46.7
1790829692690,28.571775,77.310211,43.0,CNG,21.10,29.0,3,2193,45.1
1790829693326,28.571775,77.310211,44.0,CNG,21.41,29.0,3,2224,45.1
1790829693988,28.571863,77.310138,44.0,CNG,21.45,29.0,3,2253,45.1
1790829695109,28.571953,77.310065,45.0,CNG,21.56,29.0,3,2273,26.7
1790829695729,28.572041,77.309998,44.0,CNG,24.26,25.1,5,1422,26.7
1790829696395,28.572041,77.309998,44.0,CNG,26.43,25.5,4,1638,26.7
1790829697494,28.572127,77.309928,45.0,CNG,28.59,25.1,4,1649,40.4
1790829698150,28.572214,77.309861,45.0,CNG,30.38,24.7,4,1648,40.4
1790829698806,28.572303,77.309791,44.0,CNG,31.51,24.7,4,1657,40.4
1790829699913,28.572388,77.309722,44.0,CNG,32.16,25.1,4,1648,40.4
1790829700579,28.572388,77.309722,45.0,CNG,32.46,25.1,4,1664,40.4
1790829701250,28.572473,77.309666,45.0,CNG,32.76,25.1,4,1652,40.4
1790829702461,28.572551,77.309601,45.0,CNG,35.47,19.2,4,1660,23.9
1790829703087,28.572647,77.309522,44.0,CNG,40.91,14.9,4,1612,23.9
1790829703751,28.572716,77.309436,41.0,CNG,44.71,14.9,4,1549,23.9
1790829704887,28.572795,77.309372,40.0,CNG,48.24,14.9,4,1487,31.8
1790829705546,28.572795,77.309372,40.0,CNG,38.17,25.9,4,1484,31.8
1790829706202,28.572881,77.309312,40.0,CNG,32.29,29.0,4,1480,31.8
1790829707416,28.572961,77.309247,40.0,CNG,29.35,28.6,4,1497,49.8
1790829708031,28.573047,77.309185,41.0,CNG,27.81,27.5,4,1535,49.8
1790829708667,28.573135,77.309124,42.0,CNG,28.59,26.3,4,1560,49.8
1790829709930,28.573219,77.309063,41.0,CNG,28.74,26.3,4,1567,45.1
1790829710665,28.573309,77.309007,42.0,CNG,28.99,26.3,4,1567,45.1
1790829711250,28.573309,77.309007,43.0,CNG,28.78,31.8,4,1563,45.1
1790829712403,28.573400,77.308948,43.0,CNG,27.21,31.0,4,1573,53.7
1790829713027,28.573493,77.308889,43.0,CNG,26.27,29.8,4,1603,53.7
1790829713737,28.573582,77.308827,44.0,CNG,25.99,29.8,4,1614,53.7
1790829714885,28.573673,77.308763,44.0,CNG,34.22,28.2,4,1636,48.2
1790829715557,28.573673,77.308763,44.0,CNG,30.45,28.6,4,1624,48.2
1790829716170,28.573763,77.308698,44.0,CNG,29.16,28.6,4,1643,48.2
1790829717403,28.573856,77.308632,45.0,CNG,28.52,28.6,4,1652,48.2
1790829718024,28.573948,77.308567,45.0,CNG,27.72,28.6,4,1670,48.2
1790829718647,28.574037,77.308500,45.0,CNG,27.51,28.6,4,1681,48.2
1790829719791,28.574136,77.308437,45.0,CNG,27.49,28.6,4,1690,47.1
1790829720439,28.574136,77.308437,46.0,CNG,36.09,20.8,4,1560,47.1
1790829721054,28.574228,77.308371,45.0,CNG,25.52,28.6,4,1774,47.1
1790829722154,28.574318,77.308303,45.0,CNG,23.66,29.0,3,2272,43.9
1790829722799,28.574412,77.308233,46.0,CNG,22.74,28.6,3,2316,43.9
1790829723435,28.574412,77.308233,46.0,CNG,22.32,28.6,3,2339,43.9
1790829724611,28.574507,77.308161,47.0,CNG,22.34,28.6,3,2358,42.4
1790829725253,28.574602,77.308088,47.0,CNG,22.38,28.6,3,2384,42.4
1790829725846,28.574699,77.308015,47.0,CNG,22.77,28.6,3,2397,42.4
1790829727014,28.574799,77.307946,48.0,CNG,22.73,28.6,3,2411,41.6
1790829727665,28.574898,77.307875,48.0,CNG,23.08,28.6,3,2430,41.6
1790829728345,28.574898,77.307875,48.0,CNG,23.31,28.2,3,2446,41.6
1790829729677,28.575091,77.307721,48.0,CNG,23.96,28.2,3,2458,40.0
1790829730375,28.575091,77.307721,49.0,CNG,24.12,28.2,3,2467,40.0
1790829730959,28.575193,77.307650,49.0,CNG,24.51,14.9,3,2468,40.0
1790829732062,28.575287,77.307574,48.0,CNG,28.09,22.4,4,1920,36.5
1790829732671,28.575386,77.307501,48.0,CNG,29.45,25.9,4,1737,36.5
1790829733293,28.575386,77.307501,48.0,CNG,29.74,26.3,4,1776,36.5
1790829734426,28.575481,77.307428,48.0,CNG,30.32,26.3,4,1768,42.0
1790829735063,28.575576,77.307358,48.0,CNG,30.79,26.3,4,1777,42.0
1790829735657,28.575678,77.307292,48.0,CNG,31.25,25.1,4,1787,42.0
1790829736780,28.575776,77.307223,48.0,CNG,41.10,17.3,4,1766,19.2
1790829737391,28.575776,77.307223,47.0,CNG,46.74,18.4,4,1751,19.2
1790829737993,28.575874,77.307151,46.0,CNG,46.51,20.0,4,1720,19.2
1790829739115,28.575968,77.307085,46.0,CNG,47.71,20.8,4,1704,28.6
1790829739771,28.576063,77.307019,45.0,CNG,46.58,21.2,4,1675,28.6
1790829740380,28.576063,77.307019,45.0,CNG,46.15,21.6,4,1677,28.6
1790829741503,28.576157,77.306954,45.0,CNG,43.93,22.0,4,1659,32.9
1790829742103,28.576246,77.306887,44.0,CNG,42.77,22.7,4,1642,32.9
1790829742725,28.576336,77.306823,44.0,CNG,40.84,22.4,4,1636,32.9
1790829743864,28.576425,77.306754,44.0,CNG,38.41,25.5,4,1630,40.8
1790829744537,28.576425,77.306754,44.0,CNG,36.05,24.7,4,1627,40.8
1790829745188,28.576515,77.306686,44.0,CNG,34.74,24.7,4,1627,40.8
1790829746368,28.576604,77.306627,44.0,CNG,34.53,24.7,4,1632,38.8
1790829746990,28.576693,77.306555,44.0,CNG,31.81,26.7,4,1642,38.8
1790829747653,28.576783,77.306489,44.0,CNG,25.34,32.9,4,1640,38.8
1790829748720,28.576876,77.306422,45.0,CNG,25.90,28.2,4,1650,47.8
1790829749433,28.576876,77.306422,46.0,CNG,27.05,28.2,4,1682,47.8
1790829750342,28.576969,77.306358,45.0,CNG,27.15,28.2,4,1687,47.8
1790829751473,28.577064,77.306286,46.0,CNG,27.27,28.2,4,1692,45.1
1790829752090,28.577156,77.306218,46.0,CNG,30.08,25.1,4,1699,45.1
1790829752705,28.577247,77.306147,46.0,CNG,28.42,29.4,4,1695,45.1
1790829753793,28.577344,77.306078,46.0,CNG,27.32,29.4,4,1707,52.2
1790829754493,28.577344,77.306078,46.0,CNG,25.21,31.4,4,1725,52.2
1790829755148,28.577441,77.306010,47.0,CNG,25.31,31.0,4,1743,52.2
1790829756237,28.577534,77.305939,48.0,CNG,24.99,31.0,4,1760,52.5
1790829756851,28.577631,77.305864,49.0,CNG,25.05,31.0,4,1794,52.5
1790829757496,28.577631,77.305864,49.0,CNG,25.42,31.0,4,1810,52.5
1790829758626,28.577829,77.305712,49.0,CNG,24.95,31.0,4,1827,52.2
1790829759252,28.577829,77.305712,50.0,CNG,25.14,31.0,4,1858,52.2
1790829759881,28.577928,77.305630,50.0,CNG,25.61,31.0,4,1870,52.2
1790829761087,28.578033,77.305560,51.0,CNG,26.15,31.0,4,1886,52.2
1790829761751,28.578133,77.305481,52.0,CNG,26.14,31.0,4,1913,52.2
1790829762359,28.578133,77.305481,52.0,CNG,25.91,,4,1926,52.2
1790829763451,28.578240,77.305405,52.0,CNG,25.99,28.2,4,1941,34.5
1790829764074,28.578345,77.305326,52.0,CNG,33.31,22.7,5,1447,34.5
1790829764695,28.578452,77.305251,52.0,CNG,32.49,28.6,5,1532,34.5
1790829765803,28.578558,77.305174,52.0,CNG,32.74,27.8,5,1522,45.9
1790829766422,28.578558,77.305174,52.0,CNG,33.18,27.5,5,1530,45.9
1790829767045,28.578666,77.305103,52.0,CNG,33.58,27.5,5,1533,45.9
1790829768136,28.578778,77.305028,52.0,CNG,34.04,27.5,5,1535,46.3
1790829768766,28.578890,77.304951,52.0,CNG,34.61,27.5,5,1545,46.3
1790829769438,28.578890,77.304951,53.0,CNG,35.18,27.1,5,1538,46.3
1790829770707,28.579103,77.304791,53.0,CNG,35.42,27.1,5,1546,45.1
1790829771305,28.579103,77.304791,53.0,CNG,36.01,26.3,5,1543,45.1
1790829771936,28.579213,77.304714,52.0,CNG,36.19,25.9,5,1539,45.1
1790829773034,28.579319,77.304639,52.0,CNG,45.85,14.9,5,1543,22.7
1790829773661,28.579420,77.304558,52.0,CNG,53.31,14.9,5,1531,22.7
1790829774312,28.579420,77.304558,51.0,CNG,59.42,14.9,5,1512,22.7
1790829775416,28.579524,77.304478,51.0,CNG,63.13,14.9,5,1493,23.1
1790829776021,28.579629,77.304403,50.0,CNG,65.36,14.9,5,1469,23.1
1790829776661,28.579729,77.304332,49.0,CNG,66.00,14.9,5,1437,23.1
1790829777763,28.579826,77.304262,48.0,CNG,64.95,14.9,5,1425,25.5
1790829778467,28.579826,77.304262,44.0,CNG,63.71,14.9,5,1323,25.5
1790829779134,28.579917,77.304199,42.0,CNG,61.93,14.9,5,1255,25.5
1790829780293,28.580001,77.304142,39.0,CNG,59.26,14.9,5,1171,29.4
1790829780889,28.580080,77.304083,37.0,CNG,55.60,14.9,5,1100,29.4
1790829781561,28.580080,77.304083,35.0,CNG,51.46,14.9,5,1028,29.4
1790829782709,28.580215,77.303979,34.0,CNG,49.22,14.9,5,1002,39.6
1790829783371,28.580215,77.303979,30.0,CNG,44.33,14.9,5,897,39.6
1790829784008,28.580276,77.303935,28.0,CNG,41.40,14.9,5,824,39.6
1790829785178,28.580328,77.303898,24.0,CNG,30.05,14.9,5,739,52.5
1790829785803,28.580362,77.303872,18.0,CNG,27.63,14.9,3,863,52.5
1790829786453,28.580362,77.303872,17.0,CNG,25.58,14.9,3,863,52.5
1790829787571,28.580401,77.303847,17.0,CNG,24.85,14.9,3,863,42.7
1790829788253,28.580437,77.303828,16.0,CNG,18.86,25.1,3,901,42.7
1790829788936,28.580472,77.303803,16.0,CNG,15.93,25.1,2,1227,42.7
1790829790307,28.580506,77.303775,17.0,CNG,14.68,25.9,2,1314,46.7
1790829790929,28.580545,77.303748,19.0,CNG,14.57,27.8,2,1412,46.7
1790829791567,28.580545,77.303748,19.0,CNG,12.80,31.0,2,1481,46.7
1790829792653,28.580630,77.303692,20.0,CNG,12.15,30.2,2,1543,53.3
1790829793372,28.580630,77.303692,22.0,CNG,12.22,30.2,2,1680,53.3
1790829794007,28.580678,77.303653,24.0,CNG,12.21,29.8,2,1794,53.3
1790829795156,28.580731,77.303615,25.0,CNG,12.59,29.8,2,1873,51.8
1790829795785,28.580779,77.303574,26.0,CNG,12.57,29.8,2,1998,51.8
1790829796467,28.580779,77.303574,27.0,CNG,12.75,29.8,2,2079,51.8
1790829797620,28.580891,77.303485,28.0,CNG,12.01,32.2,2,2150,53.3
1790829798306,28.580891,77.303485,30.0,CNG,11.99,32.2,2,2294,53.3
1790829798942,28.580951,77.303435,31.0,CNG,12.15,31.8,2,2352,53.3
1790829800112,28.581017,77.303386,32.0,CNG,12.20,31.8,2,2395,48.2
1790829800762,28.581081,77.303335,33.0,CNG,13.21,29.8,2,2481,48.2
1790829801379,28.581081,77.303335,33.0,CNG,13.66,29.8,2,2516,48.2
1790829802505,28.581147,77.303284,34.0,CNG,13.95,29.8,2,2560,43.5
1790829803129,28.581215,77.303233,35.0,CNG,13.00,33.7,2,2647,43.5
1790829803785,28.581285,77.303177,36.0,CNG,12.86,32.2,2,2702,43.5
1790829804894,28.581359,77.303121,37.0,CNG,13.07,31.8,2,2792,45.1
1790829805484,28.581359,77.303121,,CNG,7.65,31.0,0,2873,45.1
1790829806135,28.581437,77.303065,40.0,CNG,13.43,14.9,2,2894,45.1
1790829807254,28.581508,77.303006,38.0,CNG,20.11,19.2,4,1531,25.5
1790829807922,28.581583,77.302951,37.0,CNG,25.95,19.2,3,1840,25.5
1790829808574,28.581583,77.302951,36.0,CNG,30.85,19.2,3,1837,25.5
1790829809767,28.581725,77.302828,36.0,CNG,37.60,14.9,3,1813,34.5
1790829810459,28.581725,77.302828,35.0,CNG,31.42,24.7,3,1775,34.5
1790829811132,28.581789,77.302778,36.0,CNG,37.35,14.9,3,1782,34.5
1790829812222,28.581858,77.302722,35.0,CNG,41.68,19.6,3,1761,24.3
1790829812933,28.581924,77.302672,34.0,CNG,36.57,23.1,3,1716,24.3
1790829813540,28.581924,77.302672,33.0,CNG,30.83,24.3,3,1696,24.3
1790829814683,28.582060,77.302569,33.0,CNG,28.07,24.3,3,1682,38.0
1790829815353,28.582060,77.302569,33.0,CNG,27.02,24.3,3,1686,38.0
1790829816025,28.582127,77.302519,33.0,CNG,26.29,24.3,3,1696,38.0
1790829817205,28.582194,77.302468,33.0,CNG,25.63,24.3,3,1694,38.4
1790829817814,28.582266,77.302417,34.0,CNG,25.29,24.7,3,1718,38.4
1790829818425,28.582266,77.302417,34.0,CNG,24.45,25.9,3,1714,38.4
1790829819564,28.582334,77.302366,34.0,CNG,23.69,25.9,3,1719,42.0
1790829820171,28.582403,77.302313,34.0,CNG,23.39,25.9,3,1738,42.0
1790829820808,28.582473,77.302258,34.0,CNG,23.12,25.9,3,1744,42.0
1790829821946,28.582546,77.302211,34.0,CNG,23.20,25.9,3,1752,41.6
1790829822576,28.582546,77.302211,35.0,CNG,23.60,25.5,3,1751,41.6
1790829823255,28.582619,77.302158,35.0,CNG,23.96,25.5,3,1768,41.6
1790829824537,28.582689,77.302106,35.0,CNG,24.09,25.9,3,1775,41.2
1790829825157,28.582759,77.302055,35.0,CNG,24.26,25.9,3,1789,41.2
1790829825805,28.582830,77.302000,35.0,CNG,24.14,25.9,3,1794,41.2
1790829826995,28.582905,77.301949,35.0,CNG,24.06,25.9,3,1785,40.8
1790829827646,28.582976,77.301899,35.0,CNG,24.19,25.9,3,1797,40.8
1790829828292,28.582976,77.301899,35.0,CNG,24.03,25.5,3,1779,40.8
1790829829510,28.583045,77.301850,35.0,CNG,23.99,25.5,3,1801,40.8
1790829830179,28.583097,77.301793,35.0,CNG,24.22,25.5,3,1789,40.8
1790829830814,28.583174,77.301761,35.0,CNG,24.12,25.5,3,1790,40.8
1790829831896,28.583247,77.301705,35.0,CNG,24.26,25.5,3,1785,29.0
1790829832580,28.583247,77.301705,34.0,CNG,30.23,14.9,3,1804,29.0
1790829833174,28.583325,77.301651,33.0,CNG,35.21,14.9,3,1712,29.0
1790829834382,28.583396,77.301602,32.0,CNG,39.87,14.9,3,1633,18.8
1790829835038,28.583462,77.301549,29.0,CNG,43.43,14.9,3,1483,18.8
1790829835723,28.583524,77.301512,28.0,CNG,40.55,14.9,3,1395,18.8
1790829836827,28.583572,77.301473,27.0,CNG,38.40,14.9,3,1353,27.5
1790829837448,28.583572,77.301473,25.0,CNG,36.80,14.9,3,1277,27.5
1790829838109,28.583621,77.301437,22.0,CNG,33.43,14.9,,979,27.5
1790829839214,28.583653,77.301405,18.0,CNG,28.48,14.9,3,868,46.7
1790829839866,28.583682,77.301376,16.0,CNG,24.95,14.9,3,860,46.7
1790829840498,28.583682,77.301376,16.0,CNG,23.06,14.9,3,856,46.7
1790829841659,28.583748,77.301325,15.0,CNG,21.56,14.9,3,859,63.5
1790829842305,28.583748,77.301325,15.0,CNG,15.32,29.4,2,1141,63.5
1790829842911,28.583773,77.301296,16.0,CNG,12.96,29.0,2,1212,63.5
1790829844119,28.583809,77.301264,17.0,CNG,11.97,28.6,2,1281,63.5
1790829844771,28.583842,77.301237,19.0,CNG,11.95,29.0,2,1419,63.5
1790829845448,28.583842,77.301237,19.0,CNG,11.73,29.0,2,1470,63.5
1790829846563,28.583880,77.301206,21.0,CNG,11.84,29.4,2,1575,51.4
1790829847186,28.583923,77.301171,22.0,CNG,12.00,29.4,2,1695,51.4
1790829847818,28.583969,77.301135,23.0,CNG,12.39,29.4,2,1750,51.4
1790829848932,28.584021,77.301100,24.0,CNG,12.67,29.4,2,1812,50.2
1790829849672,28.584069,77.301054,26.0,CNG,10.39,40.0,2,1969,50.2
1790829850558,28.584069,77.301054,28.0,CNG,9.85,38.4,2,2109,50.2
1790829851679,28.584186,77.300951,30.0,CNG,9.26,66.3,2,2298,88.6
1790829852357,28.584186,77.300951,36.0,CNG,5.95,47.8,2,2669,88.6
1790829852969,28.584255,77.300888,37.0,CNG,9.78,14.9,,2490,88.6
1790829854179,28.584325,77.300826,37.0,CNG,10.62,38.4,4,1433,71.4
1790829854792,28.584395,77.300760,39.0,CNG,11.69,37.3,3,1933,71.4
1790829855491,28.584395,77.300760,39.0,CNG,12.82,36.1,3,1981,71.4
1790829856619,28.584543,77.300612,40.0,CNG,11.23,54.1,3,2019,92.2
1790829857252,28.584543,77.300612,44.0,CNG,10.62,49.8,3,2208,92.2
1790829857877,28.584622,77.300528,45.0,CNG,10.46,46.3,3,2303,92.2
1790829859045,28.584705,77.300437,47.0,CNG,11.24,42.0,3,2375,72.5
1790829859657,28.584790,77.300344,50.0,CNG,14.29,14.9,3,2523,72.5
1790829860308,28.584790,77.300344,49.0,CNG,18.92,14.9,4,1838,72.5
1790829861396,28.584869,77.300251,48.0,CNG,18.88,35.7,5,1506,67.1
1790829862101,28.584950,77.300156,49.0,CNG,19.17,34.5,4,1808,67.1
1790829862719,28.585025,77.300052,49.0,CNG,19.61,34.1,4,1807,67.1
1790829863867,28.585102,77.299949,49.0,CNG,19.56,20.8,4,1808,33.7
1790829864465,28.585102,77.299949,48.0,CNG,21.07,31.4,4,1798,33.7
1790829865103,28.585178,77.299839,48.0,CNG,22.21,31.4,4,1785,33.7
1790829866268,28.585248,77.299735,48.0,CNG,23.74,28.2,4,1790,46.3
1790829866935,28.585317,77.299630,48.0,CNG,25.93,25.9,4,1784,46.3
1790829867538,28.585317,77.299630,48.0,CNG,28.54,25.5,4,1805,46.3
1790829868675,28.585450,77.299421,48.0,CNG,37.97,14.9,4,1791,18.8
1790829869302,28.585450,77.299421,39.0,CNG,43.56,14.9,4,1469,18.8
1790829870117,28.585504,77.299335,36.0,CNG,45.24,14.9,4,1343,18.8
1790829871379,28.585551,77.299263,32.0,CNG,43.73,14.9,4,1177,38.4
1790829872035,28.585593,77.299198,28.0,CNG,38.87,14.9,5,920,38.4
1790829872637,28.585635,77.299134,26.0,CNG,36.09,14.9,4,891,38.4
1790829873859,28.585673,77.299078,26.0,CNG,34.89,14.9,4,871,41.6
1790829874493,28.585673,77.299078,24.0,CNG,32.68,20.8,2,1930,41.6
1790829875152,28.585711,77.299025,24.0,CNG,24.70,25.9,2,1876,41.6
1790829876252,28.585751,77.298975,24.0,CNG,20.20,25.9,2,1851,43.1
1790829876905,28.585791,77.298924,26.0,CNG,15.37,31.0,2,1952,43.1
1790829877524,28.585791,77.298924,27.0,CNG,13.60,14.9,2,2062,43.1
1790829878652,28.585879,77.298814,27.0,CNG,14.15,25.1,2,2041,36.9
1790829879318,28.585879,77.298814,28.0,CNG,15.17,26.3,2,2121,36.9
1790829879955,28.585922,77.298759,28.0,CNG,15.78,25.9,2,2104,36.9
1790829881069,28.585971,77.298701,28.0,CNG,16.00,25.9,2,2119,38.8
1790829881765,28.586018,77.298647,28.0,CNG,15.99,25.9,2,2162,38.8
1790829882425,28.586018,77.298647,29.0,CNG,16.26,25.9,2,2200,38.8
1790829883666,28.586120,77.298534,29.0,CNG,16.11,25.9,2,2229,38.8
1790829884264,28.586120,77.298534,30.0,CNG,15.91,25.9,2,2285,38.8
1790829884915,28.586174,77.298479,31.0,CNG,16.14,26.3,2,2329,38.8
1790829885968,28.586231,77.298420,31.0,CNG,14.43,29.8,2,2411,45.5
1790829886643,28.586291,77.298363,33.0,CNG,13.66,30.2,2,2485,45.5
1790829887253,28.586291,77.298363,33.0,CNG,13.21,30.2,2,2494,45.5
1790829888414,28.586352,77.298307,33.0,CNG,12.97,30.2,2,2533,43.9
1790829889102,28.586420,77.298248,34.0,CNG,13.21,30.2,2,2611,43.9
1790829889814,28.586485,77.298192,34.0,CNG,13.21,30.2,2,2629,43.9
1790829891014,28.586551,77.298139,34.0,CNG,13.14,30.2,2,2622,55.3
1790829891693,28.586622,77.298081,35.0,CNG,10.55,40.8,2,2676,55.3
1790829892342,28.586622,77.298081,37.0,CNG,9.44,40.0,2,2799,55.3
1790829893524,28.586698,77.298025,38.0,CNG,9.53,38.0,2,2921,58.4
1790829894146,28.586779,77.297968,40.0,CNG,12.88,14.9,2,3062,58.4
1790829894777,28.586859,77.297914,39.0,CNG,13.34,31.0,3,2109,58.4
1790829895957,28.586942,77.297860,39.0,CNG,13.90,37.3,3,2029,66.3
1790829896649,28.587029,77.297805,40.0,CNG,14.34,36.5,3,2011,66.3
1790829897299,28.587029,77.297805,40.0,CNG,14.37,35.3,3,2031,66.3
1790829898380,28.587115,77.297755,40.0,CNG,12.32,62.4,3,2042,92.5
1790829899042,28.587204,77.297707,43.0,CNG,12.03,18.8,3,2160,92.5
1790829899691,28.587300,77.297656,42.0,CNG,14.09,31.8,3,2088,92.5
1790829900851,28.587393,77.297608,42.0,CNG,15.01,32.5,3,2169,55.3
1790829901531,28.587393,77.297608,42.0,CNG,15.55,33.3,3,2152,55.3
1790829902139,28.587485,77.297560,43.0,CNG,16.20,33.3,3,2171,55.3
1790829903226,28.587581,77.297509,43.0,CNG,16.14,34.5,3,2187,61.6
1790829903853,28.587673,77.297460,44.0,CNG,15.85,35.3,3,2198,61.6
1790829904550,28.587673,77.297460,43.0,CNG,15.80,34.5,3,2212,61.6
1790829905698,28.587867,77.297358,43.0,CNG,15.77,33.7,3,2193,57.6
1790829906383,28.587867,77.297358,44.0,CNG,15.77,35.3,3,2223,57.6
1790829907003,28.587962,77.297308,44.0,CNG,15.64,,3,2238,57.6
1790829908199,28.588063,77.297258,44.0,CNG,15.46,35.3,3,2245,59.2
1790829908886,28.588161,77.297210,45.0,CNG,15.55,38.8,3,2278,59.2
1790829909550,28.588161,77.297210,46.0,CNG,13.99,41.6,3,2311,59.2
1790829910888,28.588362,77.297098,47.0,CNG,14.45,36.1,3,2351,56.9
1790829911529,28.588362,77.297098,48.0,CNG,16.52,14.9,3,2400,56.9
1790829912150,28.588463,77.297038,47.0,CNG,17.38,32.5,3,2447,56.9
1790829913253,28.588565,77.296978,47.0,CNG,17.91,32.2,3,2379,50.2
1790829913893,28.588667,77.296919,47.0,CNG,18.05,31.8,3,2396,50.2
1790829914579,28.588667,77.296919,48.0,CNG,24.39,14.9,3,2421,50.2
1790829915664,28.588875,77.296800,47.0,CNG,31.29,25.5,5,1463,39.2
1790829916307,28.588875,77.296800,47.0,CNG,29.14,29.0,4,1727,39.2
1790829916943,28.588977,77.296740,47.0,CNG,28.15,28.6,4,1752,39.2
1790829918045,28.589077,77.296681,47.0,CNG,27.70,28.6,4,1768,47.5
1790829918674,28.589179,77.296621,48.0,CNG,28.87,27.5,4,1780,47.5
1790829919343,28.589179,77.296621,48.0,CNG,29.40,25.5,4,1787,47.5
1790829920428,28.589285,77.296561,48.0,CNG,30.71,25.9,4,1779,39.2
1790829921075,28.589388,77.296500,48.0,CNG,31.81,25.9,4,1766,39.2
1790829921701,28.589491,77.296439,48.0,CNG,32.19,25.9,4,1773,39.2
1790829922805,28.589592,77.296378,48.0,CNG,32.49,25.9,4,1768,40.4
1790829923465,28.589592,77.296378,47.0,CNG,32.28,25.9,4,1756,40.4
1790829924099,28.589698,77.296316,48.0,CNG,32.64,25.9,4,1751,40.4
1790829925251,28.589797,77.296258,47.0,CNG,32.28,27.8,4,1757,45.1
1790829925895,28.589899,77.296200,47.0,CNG,31.11,27.8,4,1751,45.1
1790829926515,28.589899,77.296200,47.0,CNG,31.34,26.7,4,1763,45.1
1790829927699,28.590105,77.296083,47.0,CNG,31.41,26.7,4,1749,41.6
1790829928315,28.590105,77.296083,47.0,CNG,31.72,26.7,4,1764,41.6
1790829928967,28.590207,77.296023,47.0,CNG,31.62,26.7,4,1750,41.6
1790829930329,28.590310,77.295963,47.0,CNG,31.80,26.7,4,1755,42.0
1790829930974,28.590411,77.295904,48.0,CNG,32.19,26.7,4,1769,42.0
1790829931631,28.590516,77.295842,47.0,CNG,31.87,26.7,4,1764,42.0
1790829932817,28.590616,77.295783,48.0,CNG,32.09,26.7,4,1757,42.4
1790829933473,28.590616,77.295783,47.0,CNG,31.91,26.7,4,1761,42.4
1790829934084,28.590718,77.295722,48.0,CNG,32.18,26.7,4,1766,42.4
1790829935186,28.590818,77.295662,47.0,CNG,32.10,26.7,4,1767,42.0
1790829935812,28.590921,77.295598,48.0,CNG,32.43,26.7,4,1762,42.0
1790829936462,28.590921,77.295598,48.0,CNG,32.50,26.7,4,1772,42.0
1790829937579,28.591023,77.295534,48.0,CNG,32.47,26.7,4,1768,41.2
1790829938239,28.591125,77.295467,48.0,CNG,32.31,26.3,4,1774,41.2
1790829938888,28.591223,77.295405,48.0,CNG,33.15,25.5,4,1794,41.2
1790829940046,28.591327,77.295336,48.0,CNG,33.58,21.6,4,1781,28.6
1790829940677,28.591429,77.295272,48.0,CNG,36.24,24.3,5,1452,28.6
1790829941290,28.591429,77.295272,48.0,CNG,37.14,24.3,5,1425,28.6
1790829942472,28.591527,77.295209,48.0,CNG,36.15,26.7,5,1403,45.5
1790829943094,28.591627,77.295145,48.0,CNG,36.26,26.7,5,1404,45.5
1790829943725,28.591728,77.295082,49.0,CNG,36.23,26.3,5,1431,45.5
1790829944825,28.591835,77.295015,48.0,CNG,36.75,26.3,5,1418,44.3
1790829945512,28.591835,77.295015,48.0,CNG,37.12,26.3,5,1421,44.3
1790829946107,28.591936,77.294954,48.0,CNG,37.11,26.3,5,1420,44.3
1790829947327,28.592038,77.294891,48.0,CNG,37.11,25.9,5,1424,43.9
1790829947975,28.592143,77.294826,48.0,CNG,37.19,25.9,5,1421,43.9
1790829948622,28.592246,77.294762,49.0,CNG,37.34,25.9,5,1433,43.9
1790829949779,28.592350,77.294698,49.0,CNG,37.83,25.9,5,1439,43.1
1790829950476,28.592350,77.294698,49.0,CNG,37.66,26.3,5,1432,43.1
1790829951118,28.592454,77.294634,49.0,CNG,37.99,25.9,5,1449,43.1
1790829952273,28.592559,77.294569,49.0,CNG,38.10,25.9,5,1440,43.5
1790829952863,28.592665,77.294504,49.0,CNG,38.16,25.9,5,1448,43.5
1790829953515,28.592665,77.294504,49.0,CNG,38.20,25.9,5,1448,43.5
1790829954622,28.592873,77.294370,49.0,CNG,38.10,25.9,5,1450,43.1
1790829955250,28.592873,77.294370,49.0,CNG,38.35,25.9,5,1455,43.1
1790829955908,28.592978,77.294301,50.0,CNG,38.31,25.9,5,1452,43.1
1790829957025,28.593084,77.294233,50.0,CNG,38.76,25.9,5,1464,42.7
1790829957663,28.593188,77.294167,50.0,CNG,38.52,25.9,5,1477,42.7
1790829958362,28.593188,77.294167,50.0,CNG,38.60,25.9,5,1483,42.7
1790829959500,28.593296,77.294099,50.0,CNG,38.94,25.9,5,1469,42.4
1790829960184,28.593403,77.294033,51.0,CNG,39.39,25.9,5,1492,42.4
1790829960792,28.593513,77.293967,51.0,CNG,39.33,25.9,5,1506,42.4
1790829961922,28.593626,77.293901,52.0,CNG,39.48,25.9,5,1521,42.4
1790829962555,28.593626,77.293901,53.0,CNG,39.75,25.9,5,1556,42.4
1790829963214,28.593740,77.293836,53.0,CNG,39.50,25.9,5,1563,42.4
1790829964355,28.593857,77.293770,54.0,CNG,39.74,25.9,5,1587,41.2
1790829964969,28.593977,77.293706,55.0,CNG,40.16,25.9,5,1621,41.2
1790829965582,28.593977,77.293706,56.0,CNG,40.92,25.9,5,1628,41.2
1790829966681,28.594224,77.293576,56.0,CNG,41.68,25.9,5,1648,40.4
1790829967293,28.594224,77.293576,57.0,CNG,41.49,25.9,5,1684,40.4
1790829967908,28.594349,77.293512,58.0,CNG,41.57,25.9,5,1697,40.4
1790829969027,28.594482,77.293444,59.0,CNG,42.33,25.9,5,1728,29.0
1790829969740,28.594612,77.293378,59.0,CNG,50.57,18.4,5,1746,29.0
1790829970490,28.594612,77.293378,60.0,CNG,58.75,18.8,5,1742,29.0
1790829971642,28.594879,77.293241,60.0,CNG,49.23,25.5,5,1749,38.4
1790829972299,28.594879,77.293241,61.0,CNG,48.20,23.5,5,1783,38.4
1790829973122,28.595014,77.293172,61.0,CNG,59.19,18.0,5,1758,38.4
1790829974300,28.595151,77.293103,61.0,CNG,66.03,18.4,5,1802,20.8
1790829974986,28.595286,77.293035,61.0,CNG,62.41,20.8,5,1801,20.8
1790829975572,28.595286,77.293035,,CNG,36.63,20.8,0,1801,20.8
1790829976718,28.595562,77.292895,62.0,CNG,46.67,20.8,5,1805,25.9
1790829977335,28.595562,77.292895,61.0,CNG,52.19,20.8,5,1805,25.9
1790829977966,28.595696,77.292827,61.0,CNG,56.13,20.8,5,1800,25.9
1790829979034,28.595826,77.292760,61.0,CNG,59.10,20.4,,,26.3
1790829979736,28.595964,77.292687,60.0,CNG,60.45,20.8,5,1766,26.3
1790829980354,28.595964,77.292687,59.0,CNG,60.33,20.8,5,1746,26.3
1790829981515,28.596090,77.292620,59.0,CNG,59.80,20.8,5,1744,26.7
1790829982138,28.596219,77.292551,58.0,CNG,60.64,20.8,5,1709,26.7
1790829982748,28.596345,77.292482,58.0,CNG,59.90,20.8,5,1701,26.7
1790829983848,28.596470,77.292414,57.0,CNG,59.43,20.8,5,1686,27.1
1790829984466,28.596470,77.292414,57.0,CNG,59.09,20.8,5,1673,27.1
1790829985071,28.596596,77.292346,57.0,CNG,58.89,20.8,5,1659,27.1
1790829986189,28.596719,77.292281,56.0,CNG,60.11,20.8,5,1649,28.2
1790829986790,28.596842,77.292220,55.0,CNG,58.52,20.8,5,1630,28.2
1790829987458,28.596842,77.292220,55.0,CNG,58.09,20.8,5,1620,28.2
1790829988611,28.596970,77.292157,55.0,CNG,57.97,20.8,5,1610,29.0
1790829989239,28.597091,77.292100,54.0,CNG,56.66,14.9,5,1586,29.0
1790829990031,28.597211,77.292046,54.0,CNG,66.51,14.9,5,1568,29.0
1790829991200,28.597316,77.291999,47.0,CNG,65.07,14.9,5,1379,47.1
1790829991824,28.597391,77.291966,30.0,CNG,49.17,14.9,5,922,47.1
1790829992478,28.597391,77.291966,27.0,CNG,44.38,14.9,4,1072,47.1
1790829993592,28.597454,77.291937,27.0,CNG,40.85,14.9,4,909,43.5
1790829994228,28.597514,77.291909,26.0,CNG,33.08,21.6,3,1246,43.5
1790829994816,28.597573,77.291880,26.0,CNG,27.92,23.5,3,1304,43.5
1790829995977,28.597632,77.291852,26.0,CNG,25.34,23.1,3,1338,40.8
1790829996617,28.597691,77.291822,27.0,CNG,24.65,22.7,3,1351,40.8
1790829997273,28.597691,77.291822,27.0,CNG,25.21,22.0,3,1364,40.8
1790829998441,28.597750,77.291793,27.0,CNG,25.96,22.0,3,1365,34.1
1790829999092,28.597808,77.291763,26.0,CNG,28.40,14.9,3,1216,34.1
1790829999701,28.597856,77.291738,21.0,CNG,28.26,14.9,3,1086,34.1
1790830000855,28.597901,77.291715,19.0,CNG,27.30,14.9,3,979,38.4
1790830001456,28.597901,77.291715,19.0,CNG,26.31,14.9,3,932,38.4
1790830002065,28.597942,77.291695,18.0,CNG,24.86,14.9,3,888,38.4
1790830003200,28.597980,77.291676,17.0,CNG,22.38,14.9,3,864,46.3
1790830003915,28.598019,77.291657,17.0,CNG,15.63,25.9,3,874,46.3
1790830004517,28.598019,77.291657,18.0,CNG,15.18,26.3,3,869,46.3
1790830005614,28.598101,77.291615,18.0,CNG,14.46,26.3,3,935,64.7
1790830006276,28.598101,77.291615,21.0,CNG,15.36,25.9,3,1027,64.7
1790830006919,28.598144,77.291593,21.0,CNG,15.80,26.3,3,1058,64.7
1790830008035,28.598191,77.291570,22.0,CNG,16.30,26.3,3,1090,54.9
1790830008707,28.598242,77.291543,23.0,CNG,16.70,25.9,3,1150,54.9
1790830009335,28.598242,77.291543,23.0,CNG,17.20,25.1,3,1179,54.9
1790830010692,28.598346,77.291492,24.0,CNG,21.92,14.9,3,1185,28.2
1790830011296,28.598346,77.291492,22.0,CNG,24.92,14.9,3,1081,28.2
1790830011922,28.598391,77.291469,17.0,CNG,24.30,14.9,3,952,28.2
1790830013088,28.598430,77.291450,16.0,CNG,22.32,14.9,,937,40.4
1790830013722,28.598466,77.291432,16.0,CNG,21.56,14.9,,923,40.4
1790830014344,28.598466,77.291432,16.0,CNG,20.89,14.9,3,909,40.4
1790830015447,28.598501,77.291415,16.0,CNG,20.33,14.9,3,907,44.3
1790830016064,28.598535,77.291398,15.0,CNG,15.74,24.3,,868,44.3
1790830016721,28.598569,77.291381,15.0,CNG,13.75,24.7,2,1190,44.3
1790830017857,28.598604,77.291363,16.0,CNG,12.93,25.1,2,1184,49.4
1790830018464,28.598604,77.291363,17.0,CNG,13.05,23.5,2,1285,49.4
1790830019085,28.598642,77.291345,17.0,CNG,14.07,20.4,2,1297,49.4
1790830020308,28.598679,77.291323,17.0,CNG,15.41,20.4,2,1308,35.7
1790830020907,28.598716,77.291302,17.0,CNG,14.46,14.9,2,1315,35.7
1790830021541,28.598716,77.291302,17.0,CNG,14.50,25.5,2,1351,35.7
1790830022645,28.598791,77.291262,17.0,CNG,13.67,23.5,2,1281,43.5
1790830023353,28.598791,77.291262,18.0,CNG,14.51,22.0,2,1372,43.5
1790830023977,28.598830,77.291241,18.0,CNG,15.43,22.0,2,1391,43.5
1790830025097,28.598872,77.291220,18.0,CNG,15.65,22.0,2,1406,36.9
1790830025740,28.598913,77.291200,19.0,CNG,16.35,22.0,2,1433,36.9
1790830026409,28.598913,77.291200,19.0,CNG,16.77,22.0,2,1441,36.9
1790830027496,28.598954,77.291179,19.0,CNG,17.02,22.0,2,1443,36.9
1790830028125,28.598998,77.291156,19.0,CNG,17.19,22.0,2,1446,36.9
1790830028777,28.599041,77.291137,19.0,CNG,17.31,22.4,2,1450,36.9
1790830029922,28.599084,77.291119,19.0,CNG,14.24,27.8,2,1472,46.7
1790830030626,28.599130,77.291098,20.0,CNG,14.32,23.9,2,1539,46.7
1790830031284,28.599130,77.291098,20.0,CNG,15.69,22.4,2,1532,46.7
1790830032434,28.599174,77.291075,20.0,CNG,12.92,34.1,2,1561,61.6
1790830033057,28.599221,77.291045,22.0,CNG,11.96,32.9,2,1713,61.6
1790830033665,28.599269,77.291014,24.0,CNG,11.75,31.8,2,1784,61.6
1790830034770,28.599322,77.290981,24.0,CNG,11.37,35.7,2,1857,63.1
1790830035391,28.599322,77.290981,26.0,CNG,11.34,32.2,2,1999,63.1
1790830036037,28.599380,77.290945,27.0,CNG,10.75,36.5,2,2095,63.1
1790830037122,28.599442,77.290911,28.0,CNG,10.47,33.3,2,2170,54.9
1790830037731,28.599504,77.290878,30.0,CNG,10.64,46.7,2,2258,54.9
1790830038386,28.599504,77.290878,31.0,CNG,9.80,78.8,2,2353,54.9
1790830039513,28.599576,77.290841,35.0,CNG,10.23,88.2,2,2613,83.5
1790830040114,28.599659,77.290799,41.0,CNG,7.84,88.2,2,3114,83.5
1790830040795,28.599755,77.290751,44.0,CNG,4.31,88.2,2,3339,83.5
1790830041870,28.599861,77.290697,48.0,CNG,3.97,88.2,2,3640,82.0
1790830042508,28.599861,77.290697,53.0,CNG,6.27,14.9,2,4039,82.0
1790830043097,28.599976,77.290639,52.0,CNG,7.74,58.0,,3206,82.0
1790830044270,28.600097,77.290578,53.0,CNG,10.86,88.2,3,2634,85.9
1790830044877,28.600217,77.290519,55.0,CNG,14.99,72.5,3,2798,85.9
1790830045535,28.600217,77.290519,57.0,CNG,9.22,72.2,3,2897,85.9
1790830046678,28.600473,77.290389,59.0,CNG,8.49,70.2,3,2990,82.0
1790830047308,28.600473,77.290389,63.0,CNG,10.43,14.9,3,3182,82.0
1790830047966,28.600611,77.290320,62.0,CNG,16.09,14.9,,2621,82.0
1790830049174,28.600743,77.290254,57.0,CNG,22.84,14.9,,1413,28.2
1790830049807,28.600852,77.290199,48.0,CNG,29.48,14.9,,1257,28.2
1790830050670,28.600954,77.290149,45.0,CNG,36.47,14.9,,1178,28.2
1790830051754,28.601052,77.290102,43.0,CNG,42.04,14.9,4,1623,44.7
1790830052396,28.601052,77.290102,42.0,CNG,45.25,14.9,4,1557,44.7
1790830053018,28.601148,77.290058,41.0,CNG,28.92,36.1,4,1519,44.7
1790830054176,28.601240,77.290017,41.0,CNG,24.55,36.1,4,1521,70.6
1790830054811,28.601332,77.289977,42.0,CNG,21.29,38.0,4,1544,70.6
1790830055423,28.601332,77.289977,42.0,CNG,19.50,37.6,4,1567,70.6
1790830056532,28.601427,77.289933,43.0,CNG,19.74,31.8,4,1576,70.6
1790830057184,28.601526,77.289886,42.0,CNG,22.94,25.1,4,1566,70.6
1790830057787,28.601619,77.289840,42.0,CNG,25.74,25.1,4,1586,70.6
1790830058889,28.601708,77.289794,42.0,CNG,27.84,24.3,4,1548,29.8
1790830059510,28.601708,77.289794,41.0,CNG,34.63,14.9,4,1524,29.8
1790830060197,28.601801,77.289746,40.0,CNG,40.21,14.9,4,1490,29.8
1790830061441,28.601888,77.289702,39.0,CNG,44.56,14.9,5,1212,34.9
1790830062079,28.601965,77.289662,33.0,CNG,44.93,14.9,5,904,34.9
1790830062701,28.602033,77.289626,31.0,CNG,43.36,14.9,5,862,34.9
1790830063828,28.602097,77.289591,31.0,CNG,37.54,17.6,5,890,22.0
1790830064434,28.602097,77.289591,27.0,CNG,28.97,23.1,2,2163,22.0
1790830065085,28.602158,77.289557,27.0,CNG,25.43,21.6,2,2058,22.0
1790830066186,28.602217,77.289528,27.0,CNG,23.98,18.8,2,2022,20.4
1790830066821,28.602276,77.289498,26.0,CNG,25.09,14.9,3,1455,20.4
1790830067465,28.602276,77.289498,24.0,CNG,25.95,14.9,3,1362,20.4
1790830068563,28.602328,77.289474,20.0,CNG,25.74,14.9,,1215,33.3
1790830069158,28.602371,77.289455,17.0,CNG,23.81,14.9,,993,33.3
1790830069883,28.602410,77.289438,17.0,CNG,22.22,14.9,3,921,33.3
1790830071088,28.602447,77.289424,16.0,CNG,21.46,14.9,3,916,40.8
1790830071710,28.602483,77.289409,16.0,CNG,20.74,14.9,,1024,40.8
1790830072325,28.602483,77.289409,15.0,CNG,15.93,25.9,2,1208,40.8
1790830073486,28.602519,77.289392,16.0,CNG,13.28,31.0,2,1175,58.4
1790830074105,28.602557,77.289372,18.0,CNG,12.00,29.4,2,1386,58.4
1790830074812,28.602599,77.289351,20.0,CNG,12.41,27.1,2,1506,58.4
1790830075970,28.602646,77.289327,21.0,CNG,12.95,40.4,2,1583,92.2
1790830076615,28.602703,77.289301,25.0,CNG,7.61,14.9,2,1898,92.2
1790830077225,28.602703,77.289301,27.0,CNG,11.65,14.9,2,2031,92.2
1790830078354,28.602760,77.289271,27.0,CNG,9.69,41.2,2,2070,92.5
1790830078952,28.602824,77.289240,30.0,CNG,8.99,52.2,2,2305,92.5
1790830079566,28.602824,77.289240,33.0,CNG,13.10,14.9,2,2474,92.5
1790830080694,28.602964,77.289168,31.0,CNG,17.19,14.9,2,2386,19.2
1790830081393,28.602964,77.289168,25.0,CNG,21.00,14.9,2,2021,19.2
1790830082030,28.603014,77.289142,20.0,CNG,23.68,14.9,2,1514,19.2
1790830083158,28.603056,77.289120,18.0,CNG,23.47,14.9,2,1412,27.8
1790830083788,28.603093,77.289101,16.0,CNG,23.18,14.9,2,1194,27.8
1790830084421,28.603093,77.289101,15.0,CNG,18.99,24.7,2,1152,27.8
1790830085583,28.603127,77.289085,15.0,CNG,15.57,24.7,2,1142,47.8
1790830086215,28.603162,77.289068,17.0,CNG,14.42,25.5,2,1250,47.8
1790830086804,28.603200,77.289049,17.0,CNG,13.20,27.8,2,1311,47.8
1790830087941,28.603241,77.289029,18.0,CNG,12.82,27.5,2,1372,47.1
1790830088578,28.603241,77.289029,20.0,CNG,13.00,27.1,2,1498,47.1
1790830089218,28.603285,77.289008,21.0,CNG,13.29,25.5,2,1557,47.1
1790830090563,28.603331,77.288986,21.0,CNG,17.32,14.9,2,1579,34.9
1790830091172,28.603375,77.288963,20.0,CNG,18.32,21.6,2,1490,34.9
1790830091766,28.603420,77.288940,20.0,CNG,18.31,22.0,2,1520,34.9
1790830092995,28.603463,77.288918,20.0,CNG,18.56,22.4,2,1522,35.3
1790830093609,28.603463,77.288918,20.0,CNG,17.61,23.5,2,1530,35.3
1790830094234,28.603507,77.288895,20.0,CNG,17.07,23.5,2,1549,35.3
1790830095315,28.603552,77.288872,21.0,CNG,17.04,23.5,2,1564,37.6
1790830095941,28.603597,77.288849,21.0,CNG,9.10,63.5,2,1606,37.6
1790830096574,28.603597,77.288849,24.0,CNG,6.39,74.1,2,1765,37.6
1790830097809,28.603719,77.288790,28.0,CNG,5.86,72.5,2,2055,87.8
1790830098449,28.603719,77.288790,36.0,CNG,6.34,55.3,2,2668,87.8
1790830099131,28.603798,77.288752,40.0,CNG,6.00,38.0,2,2987,87.8
1790830100235,28.603889,77.288705,40.0,CNG,10.79,14.9,2,3005,22.4
1790830100897,28.603977,77.288659,40.0,CNG,16.05,14.9,4,1469,22.4
1790830101500,28.603977,77.288659,39.0,CNG,15.00,34.9,,1745,22.4
1790830102673,28.604153,77.288576,40.0,CNG,20.68,14.9,3,2052,20.0
1790830103259,28.604153,77.288576,38.0,CNG,26.88,14.9,3,1939,20.0
1790830103869,28.604236,77.288537,37.0,CNG,33.20,14.9,3,1892,20.0
1790830104982,28.604319,77.288495,36.0,CNG,28.52,26.3,3,1868,40.0
1790830105614,28.604400,77.288453,37.0,CNG,25.74,27.8,3,1873,40.0
1790830106218,28.604400,77.288453,38.0,CNG,16.40,53.3,3,1924,40.0
1790830107343,28.604486,77.288409,40.0,CNG,12.95,46.7,3,2024,66.3
1790830107944,28.604582,77.288360,43.0,CNG,19.43,14.9,3,2160,66.3
1790830108620,28.604676,77.288313,43.0,CNG,25.30,14.9,4,1438,66.3
1790830109853,28.604772,77.288265,43.0,CNG,29.20,22.0,4,1630,32.5
1790830110601,28.604772,77.288265,44.0,CNG,33.87,20.4,4,1628,32.5
1790830111225,28.604869,77.288215,45.0,CNG,38.92,19.2,4,1673,32.5
1790830112334,28.604970,77.288164,45.0,CNG,43.77,20.0,4,1665,27.5
1790830112922,28.605070,77.288113,46.0,CNG,45.00,20.8,4,1692,27.5
1790830113553,28.605070,77.288113,46.0,CNG,45.60,20.8,4,1694,27.5
1790830114652,28.605276,77.288007,46.0,CNG,49.43,19.6,4,1706,23.9
1790830115282,28.605276,77.288007,47.0,CNG,38.62,25.5,4,1748,23.9
1790830115905,28.605386,77.287955,48.0,CNG,36.43,24.7,4,1791,23.9
1790830117094,28.605493,77.287903,48.0,CNG,35.62,24.7,4,1785,37.6
1790830117709,28.605600,77.287848,49.0,CNG,35.10,24.7,4,1828,37.6
1790830118365,28.605600,77.287848,50.0,CNG,44.78,14.9,4,1847,37.6
1790830119453,28.605711,77.287791,50.0,CNG,52.31,14.9,4,1862,19.2
1790830120130,28.605819,77.287736,48.0,CNG,57.92,14.9,4,1783,19.2
1790830120757,28.605923,77.287684,45.0,CNG,61.11,14.9,4,1684,19.2
1790830121870,28.606017,77.287636,43.0,CNG,63.58,14.9,4,1611,18.8
1790830122513,28.606017,77.287636,42.0,CNG,64.58,14.9,4,1574,18.8
1790830123146,28.606110,77.287587,42.0,CNG,62.93,22.0,4,1546,18.8
1790830124265,28.606206,77.287536,42.0,CNG,51.32,21.6,4,1552,32.2
1790830124911,28.606298,77.287490,42.0,CNG,47.41,19.6,4,1569,32.2
1790830125517,28.606298,77.287490,42.0,CNG,54.25,14.9,4,1592,32.2
1790830126642,28.606482,77.287401,41.0,CNG,58.52,14.9,4,1529,18.4
1790830127228,28.606482,77.287401,40.0,CNG,38.53,29.0,4,1478,18.4
1790830127838,28.606568,77.287357,40.0,CNG,31.82,28.6,4,1491,18.4
1790830128950,28.606661,77.287311,40.0,CNG,28.92,28.6,4,1497,47.1
1790830129614,28.606751,77.287266,41.0,CNG,29.21,25.5,4,1515,47.1
1790830130377,28.606751,77.287266,41.0,CNG,29.29,25.5,4,1532,47.1
1790830131538,28.606842,77.287221,42.0,CNG,20.01,56.5,4,1547,84.7
1790830132143,28.606940,77.287171,43.0,CNG,28.45,18.4,4,1578,84.7
1790830132802,28.607034,77.287124,43.0,CNG,30.91,40.0,4,1529,84.7
1790830133903,28.607128,77.287081,43.0,CNG,20.49,44.3,4,1581,81.6
1790830134537,28.607128,77.287081,45.0,CNG,19.16,37.3,4,1661,81.6
1790830135145,28.607227,77.287030,46.0,CNG,19.73,34.9,4,1706,81.6
1790830136219,28.607331,77.286976,46.0,CNG,25.57,14.9,4,1711,30.2
1790830136825,28.607434,77.286921,47.0,CNG,28.66,24.3,4,1683,30.2
1790830137492,28.607434,77.286921,46.0,CNG,37.70,14.9,4,1705,30.2
1790830138605,28.607533,77.286867,45.0,CNG,45.60,14.9,4,1696,19.6
1790830139268,28.607629,77.286814,44.0,CNG,52.61,18.8,4,1612,19.6
1790830139897,28.607727,77.286761,42.0,CNG,50.60,19.6,4,1605,19.6
1790830141114,28.607816,77.286712,42.0,CNG,49.54,20.0,4,1566,34.5
1790830141723,28.607907,77.286661,42.0,CNG,37.67,26.7,4,1557,34.5
1790830142337,28.607907,77.286661,42.0,CNG,32.93,27.1,4,1561,34.5
1790830143461,28.607998,77.286610,42.0,CNG,30.83,27.1,4,1574,47.1
1790830144129,28.608089,77.286555,43.0,CNG,28.88,28.6,4,1591,47.1
1790830144772,28.608185,77.286498,43.0,CNG,27.70,29.0,4,1602,47.1
1790830145929,28.608277,77.286441,44.0,CNG,26.76,29.0,4,1619,33.7
1790830146566,28.608277,77.286441,44.0,CNG,27.71,27.1,4,1628,33.7
1790830147247,28.608370,77.286382,44.0,CNG,28.08,27.1,4,1634,33.7
1790830148337,28.608466,77.286320,44.0,CNG,28.50,26.7,4,1629,44.3
1790830148985,28.608557,77.286261,44.0,CNG,28.96,26.3,4,1644,44.3
1790830149640,28.608650,77.286200,45.0,CNG,29.86,25.9,4,1646,44.3
1790830150855,28.608744,77.286140,44.0,CNG,38.03,14.9,4,1656,29.8
1790830151488,28.608744,77.286140,44.0,CNG,38.91,22.0,4,1622,29.8
1790830152097,28.608837,77.286080,43.0,CNG,39.40,22.0,4,1612,29.8
1790830153210,28.608929,77.286022,43.0,CNG,39.36,22.0,4,1612,32.9
1790830153873,28.609020,77.285962,43.0,CNG,39.38,22.0,4,1593,32.9
1790830154487,28.609020,77.285962,43.0,CNG,39.57,22.0,4,1592,32.9
1790830155691,28.609199,77.285841,43.0,CNG,39.85,22.0,4,1581,33.7
1790830156321,28.609199,77.285841,42.0,CNG,39.26,22.0,4,1568,33.7
1790830156968,28.609286,77.285782,42.0,CNG,39.80,22.0,4,1552,33.7
1790830158037,28.609375,77.285725,42.0,CNG,39.77,22.0,4,1540,33.7
1790830158662,28.609463,77.285668,41.0,CNG,37.91,24.7,4,1536,33.7
1790830159254,28.609463,77.285668,42.0,CNG,34.71,,4,1537,33.7
1790830160447,28.609550,77.285612,42.0,CNG,33.35,25.1,4,1554,44.3
1790830161067,28.609639,77.285553,42.0,CNG,20.54,45.1,4,1562,44.3
1790830161755,28.609726,77.285497,43.0,CNG,28.27,15.3,4,1592,44.3
1790830162855,28.609814,77.285437,42.0,CNG,31.96,20.8,4,1558,33.3
1790830163459,28.609814,77.285437,42.0,CNG,33.53,22.7,4,1566,33.3
1790830164063,28.609904,77.285376,42.0,CNG,34.17,23.1,4,1548,33.3
1790830165135,28.609989,77.285318,42.0,CNG,34.54,23.1,4,1555,37.3
1790830165734,28.610075,77.285257,42.0,CNG,34.73,14.9,4,1557,37.3
1790830166422,28.610075,77.285257,42.0,CNG,40.01,22.4,5,1258,37.3
1790830167580,28.610159,77.285195,41.0,CNG,32.94,27.1,3,2018,41.6
1790830168240,28.610241,77.285136,40.0,CNG,28.37,26.7,3,2060,41.6
1790830168852,28.610325,77.285074,41.0,CNG,25.98,26.7,3,2085,41.6
1790830170012,28.610407,77.285014,41.0,CNG,24.82,26.7,3,2089,41.2
1790830170773,28.610493,77.284949,42.0,CNG,24.35,38.0,3,2104,41.2
1790830171429,28.610493,77.284949,42.0,CNG,19.87,34.1,3,2125,41.2
1790830172547,28.610579,77.284884,43.0,CNG,18.67,31.4,3,2170,51.8
1790830173195,28.610669,77.284819,44.0,CNG,18.78,31.0,3,2227,51.8
1790830173826,28.610759,77.284755,44.0,CNG,18.69,31.0,3,2236,51.8
1790830175019,28.610847,77.284692,44.0,CNG,18.79,31.0,3,2247,46.7
1790830175617,28.610938,77.284627,45.0,CNG,19.94,29.4,3,2275,46.7
1790830176238,28.610938,77.284627,45.0,CNG,20.58,29.4,3,2288,46.7
1790830177393,28.611034,77.284558,45.0,CNG,21.40,29.0,3,2310,42.7
1790830178001,28.611129,77.284491,46.0,CNG,19.89,31.0,3,2345,42.7
1790830178593,28.611129,77.284491,47.0,CNG,19.79,31.0,3,2372,42.7
1790830179691,28.611326,77.284351,47.0,CNG,20.11,,3,2398,46.3
1790830180306,28.611326,77.284351,48.0,CNG,20.38,30.6,3,2427,46.3
1790830180931,28.611424,77.284282,48.0,CNG,20.44,30.6,3,2444,46.3
1790830182024,28.611523,77.284214,49.0,CNG,20.80,30.6,3,2463,43.5
1790830182703,28.611625,77.284145,49.0,CNG,20.82,30.2,3,2488,43.5
1790830183333,28.611625,77.284145,49.0,CNG,28.75,14.9,3,2439,43.5
1790830184424,28.611726,77.284075,48.0,CNG,29.48,25.1,5,1432,38.8
1790830185024,28.611828,77.284004,48.0,CNG,30.85,25.1,4,1793,38.8
1790830185744,28.611928,77.283935,48.0,CNG,28.03,28.6,4,1779,38.8
1790830186884,28.612027,77.283865,48.0,CNG,28.85,26.7,4,1782,42.0
1790830187466,28.612027,77.283865,48.0,CNG,38.65,14.9,4,1785,42.0
1790830188063,28.612129,77.283792,48.0,CNG,42.75,25.5,4,1798,42.0
1790830189215,28.612227,77.283722,48.0,CNG,43.90,25.1,4,1759,29.0
1790830189837,28.612324,77.283651,48.0,CNG,40.14,29.0,4,1797,29.0
1790830190541,28.612324,77.283651,49.0,CNG,48.69,14.9,4,1806,29.0
1790830191641,28.612515,77.283505,48.0,CNG,64.31,14.9,,1223,26.7
1790830192277,28.612515,77.283505,43.0,CNG,62.77,14.9,,942,26.7
1790830192948,28.612592,77.283428,41.0,CNG,59.25,14.9,4,1476,26.7
1790830194070,28.612649,77.283342,40.0,CNG,37.32,27.8,4,1496,49.8
1790830194702,28.612685,77.283237,41.0,CNG,31.44,32.2,4,1541,49.8
1790830195347,28.612685,77.283237,42.0,CNG,27.53,32.2,4,1560,49.8
1790830196454,28.612699,77.283117,43.0,CNG,25.35,32.2,4,1588,56.5
1790830197100,28.612693,77.282997,45.0,CNG,24.13,31.8,4,1650,56.5
1790830197711,28.612669,77.282878,46.0,CNG,23.59,32.5,4,1708,56.5
1790830198801,28.612625,77.282763,46.0,CNG,23.73,32.5,4,1694,55.3
1790830199429,28.612625,77.282763,46.0,CNG,24.33,32.2,4,1698,55.3
1790830200063,28.612565,77.282661,46.0,CNG,24.36,32.2,4,1708,55.3
1790830201127,28.612486,77.282568,46.0,CNG,24.18,32.2,4,1710,54.9
1790830201744,28.612403,77.282485,47.0,CNG,24.74,32.2,4,1729,54.9
1790830202391,28.612403,77.282485,47.0,CNG,24.66,32.2,4,1737,54.9
1790830203531,28.612314,77.282405,47.0,CNG,24.58,32.2,4,1745,54.5
1790830204124,28.612221,77.282323,48.0,CNG,24.31,32.2,4,1780,54.5
1790830204827,28.612127,77.282243,49.0,CNG,24.27,32.2,4,1796,54.5
1790830205906,28.612032,77.282160,49.0,CNG,24.28,32.2,4,1818,54.1
1790830206576,28.612032,77.282160,50.0,CNG,24.56,32.2,4,1855,54.1
1790830207233,28.611939,77.282080,50.0,CNG,24.17,32.2,4,1869,54.1
1790830208389,28.611843,77.281994,51.0,CNG,24.52,32.2,4,1890,54.9
1790830208992,28.611743,77.281902,52.0,CNG,24.56,32.2,4,1922,54.9
1790830209679,28.611645,77.281811,52.0,CNG,24.27,32.2,4,1933,54.9
1790830210954,28.611548,77.281718,53.0,CNG,23.72,32.2,4,1952,54.9
1790830211581,28.611548,77.281718,54.0,CNG,24.35,32.2,4,1992,54.9
1790830212264,28.611448,77.281625,54.0,CNG,23.95,31.8,4,2000,54.9
1790830213354,28.611345,77.281529,54.0,CNG,24.41,31.4,4,2016,52.9
1790830213949,28.611244,77.281436,55.0,CNG,24.71,31.4,4,2043,52.9
1790830214567,28.611244,77.281436,55.0,CNG,24.44,31.4,4,2057,52.9
1790830215760,28.611032,77.281243,56.0,CNG,25.00,31.4,4,2072,51.8
1790830216396,28.611032,77.281243,56.0,CNG,24.88,31.4,4,2087,51.8
1790830217022,28.610923,77.281146,57.0,CNG,25.50,31.4,4,2107,51.8
1790830218187,28.610815,77.281050,57.0,CNG,25.98,31.4,4,2120,51.4
1790830218845,28.610705,77.280953,58.0,CNG,26.17,31.4,4,2139,51.4
1790830219443,28.610705,77.280953,58.0,CNG,25.87,31.4,4,2157,51.4
1790830220568,28.610589,77.280852,59.0,CNG,26.52,31.4,4,2168,40.8
1790830221201,28.610478,77.280754,59.0,CNG,29.10,31.4,4,2193,40.8
1790830221841,28.610366,77.280652,60.0,CNG,30.84,31.4,4,2207,40.8
1790830223003,28.610254,77.280547,60.0,CNG,31.86,31.4,4,2219,39.2
1790830223602,28.610254,77.280547,60.0,CNG,40.95,14.9,4,2239,39.2
1790830224293,28.610144,77.280442,60.0,CNG,48.59,14.9,4,2209,39.2
1790830225440,28.610033,77.280337,59.0,CNG,54.42,14.9,4,2179,19.2
1790830226082,28.609924,77.280233,58.0,CNG,42.95,31.4,4,2149,19.2
1790830226668,28.609817,77.280128,58.0,CNG,35.35,33.3,4,2165,19.2
1790830227765,28.609705,77.280019,59.0,CNG,33.24,32.9,4,2186,43.9
1790830228402,28.609705,77.280019,60.0,CNG,28.76,32.9,4,2218,43.9
1790830229051,28.609594,77.279913,60.0,CNG,25.60,32.9,4,2230,43.9
1790830230467,28.609485,77.279810,60.0,CNG,25.03,32.9,4,2227,52.2
1790830231144,28.609371,77.279702,61.0,CNG,25.34,32.9,4,2245,52.2
1790830231819,28.609258,77.279596,61.0,CNG,24.98,32.9,4,2262,52.2
1790830233041,28.609143,77.279489,62.0,CNG,25.00,32.9,4,2279,51.8
1790830233673,28.609026,77.279380,62.0,CNG,24.63,32.9,4,2293,51.8
1790830234335,28.609026,77.279380,62.0,CNG,24.50,32.9,4,2292,51.8
1790830235511,28.608910,77.279270,62.0,CNG,30.62,21.2,4,2284,32.5
1790830236175,28.608797,77.279160,62.0,CNG,32.51,32.9,5,1826,32.5
1790830236839,28.608686,77.279048,62.0,CNG,34.23,32.5,5,1819,32.5
1790830237978,28.608576,77.278930,62.0,CNG,35.36,32.5,5,1830,44.7
1790830238610,28.608468,77.278808,62.0,CNG,35.65,32.5,5,1836,44.7
1790830239255,28.608468,77.278808,63.0,CNG,36.31,32.5,5,1839,44.7
1790830240428,28.608366,77.278687,63.0,CNG,36.39,32.5,5,1849,45.1
1790830241088,28.608257,77.278555,63.0,CNG,33.84,32.5,5,1871,45.1
1790830241715,28.608153,77.278426,64.0,CNG,30.60,32.5,5,1884,45.1
1790830242889,28.608051,77.278295,64.0,CNG,29.44,32.5,5,1878,54.5
1790830243536,28.608051,77.278295,64.0,CNG,29.81,32.5,5,1889,54.5
1790830244227,28.607946,77.278160,64.0,CNG,30.29,32.5,5,1896,54.5
1790830245335,28.607845,77.278025,65.0,CNG,29.50,32.5,5,1897,54.1
1790830246000,28.607748,77.277888,65.0,CNG,29.09,32.5,5,1907,54.1
1790830246593,28.607652,77.277747,65.0,CNG,29.38,32.5,5,1911,54.1
1790830247789,28.607556,77.277602,65.0,CNG,29.92,32.5,5,1918,48.6
1790830248425,28.607556,77.277602,66.0,CNG,32.97,32.5,5,1931,48.6
1790830249124,28.607462,77.277457,66.0,CNG,34.64,32.5,5,1936,48.6
1790830250340,28.607366,77.277307,66.0,CNG,35.97,32.5,5,1941,44.7
1790830251180,28.607274,77.277159,66.0,CNG,36.70,32.5,5,1949,44.7
1790830251832,28.607183,77.277009,66.0,CNG,37.06,32.5,5,1952,44.7
1790830252948,28.607093,77.276856,67.0,CNG,37.23,32.5,5,1959,45.5
1790830253595,28.607093,77.276856,67.0,CNG,37.45,32.5,5,1974,45.5
1790830254246,28.607004,77.276702,67.0,CNG,37.73,32.5,5,1978,45.5
1790830255409,28.606919,77.276549,68.0,CNG,34.50,32.5,5,1985,59.2
1790830256068,28.606833,77.276393,68.0,CNG,33.57,32.5,5,1990,59.2
1790830256671,28.606744,77.276229,68.0,CNG,31.86,32.5,5,1998,59.2
1790830257915,28.606660,77.276070,68.0,CNG,30.61,32.5,5,2000,54.1
1790830258568,28.606660,77.276070,69.0,CNG,31.77,32.5,5,2003,54.1
1790830259236,28.606575,77.275909,69.0,CNG,32.27,32.5,5,2013,54.1
1790830260352,28.606492,77.275741,69.0,CNG,31.66,32.5,5,2013,53.7
1790830261005,28.606409,77.275574,69.0,CNG,32.14,32.5,5,2024,53.7
1790830261615,28.606331,77.275408,69.0,CNG,31.83,28.2,5,2025,53.7
1790830262803,28.606255,77.275242,69.0,CNG,44.29,14.9,5,2012,18.0
1790830263468,28.606255,77.275242,65.0,CNG,55.12,14.9,5,1912,18.0
1790830264119,28.606188,77.275086,63.0,CNG,64.50,14.9,5,1851,18.0
1790830265264,28.606127,77.274926,61.0,CNG,71.98,14.9,5,1800,18.0
1790830265951,28.606071,77.274776,60.0,CNG,77.33,15.3,5,1742,18.0
1790830266636,28.606013,77.274628,59.0,CNG,80.57,,5,1743,18.0
1790830267809,28.605950,77.274479,58.0,CNG,82.17,14.9,5,1715,18.4
1790830268431,28.605950,77.274479,54.0,CNG,92.29,14.9,,1048,18.4
1790830269053,28.605893,77.274352,48.0,CNG,86.03,14.9,,937,18.4
1790830270356,28.605843,77.274244,41.0,CNG,76.01,14.9,,869,37.3
1790830271028,28.605817,77.274156,31.0,CNG,60.44,14.9,5,859,37.3
1790830271652,28.605817,77.274067,30.0,CNG,49.93,14.9,5,867,37.3
1790830272794,28.605848,77.273984,31.0,CNG,44.16,14.9,5,864,43.1
1790830273435,28.605848,77.273984,31.0,CNG,43.67,14.9,5,874,43.1
1790830274061,28.605904,77.273921,30.0,CNG,42.70,14.9,5,866,43.1
1790830275250,28.605967,77.273884,30.0,CNG,41.92,14.9,5,868,40.8
1790830275860,28.606034,77.273858,29.0,CNG,39.51,14.9,5,866,40.8
1790830276498,28.606034,77.273858,28.0,CNG,38.34,14.9,5,870,40.8
1790830277649,28.606145,77.273803,26.0,CNG,45.54,14.9,4,885,24.7
1790830278255,28.606145,77.273803,22.0,CNG,46.83,14.9,4,888,24.7
1790830278897,28.606191,77.273785,21.0,CNG,46.30,14.9,,894,24.7
1790830280003,28.606243,77.273784,21.0,CNG,26.73,27.5,,900,45.5
1790830280667,28.606289,77.273810,20.0,CNG,17.35,37.3,2,1480,45.5
1790830281302,28.606289,77.273810,22.0,CNG,13.88,37.3,2,1621,45.5
1790830282471,28.606327,77.273855,23.0,CNG,12.01,34.9,2,1773,63.5
1790830283103,28.606365,77.273906,26.0,CNG,11.62,34.5,2,1972,63.5
1790830283735,28.606405,77.273970,28.0,CNG,8.49,88.2,2,2103,63.5
1790830284792,28.606447,77.274046,31.0,CNG,5.23,88.2,2,2379,85.9
1790830285436,28.606447,77.274046,38.0,CNG,8.41,14.9,2,2923,85.9
1790830286064,28.606490,77.274134,38.0,CNG,8.46,71.0,2,2678,85.9
1790830287216,28.606537,77.274235,40.0,CNG,7.35,78.0,3,2038,94.5
1790830287817,28.606586,77.274345,45.0,CNG,9.16,71.0,3,2277,94.5
1790830288491,28.606586,77.274345,48.0,CNG,7.47,70.6,3,2414,94.5
1790830289581,28.606638,77.274469,51.0,CNG,11.38,14.9,3,2565,74.9
1790830290340,28.606686,77.274597,52.0,CNG,10.95,67.5,4,1895,74.9
1790830291113,28.606737,77.274727,54.0,CNG,13.41,65.9,4,1985,74.9
1790830292244,28.606795,77.274871,56.0,CNG,14.89,65.9,4,2063,94.1
1790830292925,28.606856,77.275010,58.0,CNG,22.55,14.9,4,2141,94.1
1790830293579,28.606856,77.275010,58.0,CNG,22.55,36.1,,1520,94.1
1790830294734,28.606985,77.275295,58.0,CNG,24.63,35.3,5,1690,61.2
1790830295394,28.606985,77.275295,59.0,CNG,24.96,34.9,5,1724,61.2
1790830296012,28.607050,77.275436,59.0,CNG,24.90,34.9,5,1733,61.2
1790830297121,28.607120,77.275585,59.0,CNG,26.25,34.9,5,1747,59.6
1790830297750,28.607189,77.275731,60.0,CNG,28.66,33.3,5,1768,59.6
1790830298469,28.607189,77.275731,60.0,CNG,30.85,33.3,5,1777,59.6
1790830299565,28.607259,77.275876,61.0,CNG,32.37,33.3,5,1787,45.5
1790830300261,28.607331,77.276021,61.0,CNG,33.95,32.9,5,1804,45.5
1790830300898,28.607408,77.276168,62.0,CNG,34.88,32.9,5,1810,45.5
1790830302078,28.607486,77.276313,62.0,CNG,35.34,32.9,5,1819,45.5
1790830302715,28.607565,77.276460,63.0,CNG,35.70,32.5,5,1834,45.5
1790830303387,28.607565,77.276460,63.0,CNG,36.47,32.5,5,1844,45.5
1790830304541,28.607647,77.276601,63.0,CNG,37.15,32.5,5,1859,44.7
1790830305198,28.607738,77.276747,64.0,CNG,37.33,32.5,5,1873,44.7
1790830305793,28.607832,77.276888,64.0,CNG,36.08,32.2,5,1881,44.7
1790830306989,28.607928,77.277030,65.0,CNG,34.41,32.2,5,1889,57.6
1790830307633,28.608025,77.277171,65.0,CNG,38.26,26.3,5,1909,57.6
1790830308274,28.608025,77.277171,65.0,CNG,40.85,26.3,5,1898,57.6
1790830309476,28.608123,77.277314,65.0,CNG,42.23,26.3,5,1895,39.2
1790830310289,28.608221,77.277454,64.0,CNG,42.29,26.7,5,1889,39.2
1790830310981,28.608314,77.277588,64.0,CNG,42.04,26.7,5,1889,39.2
1790830312121,28.608414,77.277726,64.0,CNG,42.24,26.7,5,1889,40.0
1790830312781,28.608520,77.277866,64.0,CNG,45.77,26.7,5,1898,40.0
1790830313417,28.608520,77.277866,64.0,CNG,47.96,26.7,5,1893,40.0
1790830314570,28.608624,77.278000,65.0,CNG,49.88,26.7,5,1902,30.6
1790830315253,28.608728,77.278129,64.0,CNG,51.74,26.7,5,1895,30.6
1790830315850,28.608837,77.278261,65.0,CNG,54.29,26.7,5,1898,30.6
1790830317020,28.608946,77.278388,64.0,CNG,55.68,26.7,5,1886,31.0
1790830317690,28.609056,77.278513,64.0,CNG,54.93,26.7,5,1883,31.0
1790830318336,28.609056,77.278513,64.0,CNG,55.08,26.7,5,1882,31.0
1790830319463,28.609164,77.278635,64.0,CNG,50.17,26.7,5,1878,38.8
1790830320181,28.609275,77.278756,63.0,CNG,46.03,26.7,5,1860,38.8
1790830320805,28.609391,77.278878,,CNG,27.08,26.3,0,1862,38.8
1790830321925,28.609506,77.278995,63.0,CNG,33.30,26.7,5,1865,39.2
1790830322562,28.609506,77.278995,63.0,CNG,37.22,26.7,5,1854,39.2
1790830323197,28.609618,77.279107,63.0,CNG,39.63,26.7,5,1846,39.2
1790830324353,28.609737,77.279224,63.0,CNG,41.17,26.7,5,1842,39.6
1790830325029,28.609853,77.279338,63.0,CNG,41.85,26.7,5,1838,39.6
1790830325648,28.609966,77.279447,63.0,CNG,42.59,26.7,5,1836,39.6
1790830326822,28.610082,77.279559,62.0,CNG,42.70,26.7,5,1841,38.4
1790830327480,28.610082,77.279559,63.0,CNG,46.30,26.7,5,1839,38.4
1790830328124,28.610200,77.279670,62.0,CNG,48.43,26.3,5,1832,38.4
1790830329248,28.610318,77.279780,63.0,CNG,50.56,26.3,5,1831,31.4
1790830329986,28.610434,77.279888,62.0,CNG,51.81,26.7,5,1834,31.4
1790830330746,28.610551,77.279997,62.0,CNG,52.50,26.7,5,1831,31.4
1790830331918,28.610672,77.280109,62.0,CNG,53.17,26.3,5,1824,30.6
1790830332589,28.610672,77.280109,62.0,CNG,54.06,26.7,5,1820,30.6
1790830333256,28.610790,77.280218,62.0,CNG,49.95,26.3,5,1819,30.6
1790830334352,28.610901,77.280325,62.0,CNG,44.38,26.7,5,1809,42.4
1790830335041,28.611015,77.280435,62.0,CNG,43.63,26.7,5,1810,42.4
1790830335631,28.611129,77.280544,62.0,CNG,43.55,26.7,5,1808,42.4
1790830336788,28.611246,77.280656,62.0,CNG,43.24,26.7,5,1809,40.4
1790830337396,28.611246,77.280656,61.0,CNG,40.11,28.6,5,1813,40.4
1790830338062,28.611361,77.280764,62.0,CNG,38.88,28.2,5,1812,40.4
1790830339281,28.611478,77.280872,62.0,CNG,38.81,28.2,5,1818,38.8
1790830339988,28.611599,77.280981,62.0,CNG,42.04,28.2,5,1819,38.8
1790830340612,28.611715,77.281084,62.0,CNG,44.34,28.2,5,1823,38.8
1790830341814,28.611834,77.281188,62.0,CNG,45.71,27.8,5,1821,34.9
1790830342449,28.611834,77.281188,62.0,CNG,46.49,28.2,5,1824,34.9
1790830343081,28.611953,77.281293,62.0,CNG,47.28,28.2,5,1826,34.9
1790830344217,28.612073,77.281397,62.0,CNG,47.96,28.2,5,1832,34.5
1790830344950,28.612194,77.281503,62.0,CNG,48.06,27.8,5,1835,34.5
1790830345561,28.612194,77.281503,63.0,CNG,48.87,28.2,5,1835,34.5
1790830346711,28.612432,77.281716,63.0,CNG,49.36,27.8,5,1834,38.0
1790830347365,28.612432,77.281716,63.0,CNG,44.58,27.1,5,1836,38.0
1790830348012,28.612553,77.281823,63.0,CNG,42.20,27.1,5,1833,38.0
1790830349119,28.612675,77.281928,62.0,CNG,41.60,27.1,5,1844,40.0
1790830349870,28.612796,77.282033,63.0,CNG,41.05,27.1,5,1840,40.0
1790830350674,28.612912,77.282136,62.0,CNG,40.47,26.7,5,1842,40.0
1790830351900,28.613032,77.282240,62.0,CNG,51.52,14.9,5,1825,20.0
1790830352538,28.613032,77.282240,61.0,CNG,60.88,14.9,5,1765,20.0
1790830353194,28.613151,77.282345,59.0,CNG,68.67,14.9,5,1737,20.0
1790830354352,28.613264,77.282440,59.0,CNG,74.38,22.0,5,1736,21.2
1790830355041,28.613378,77.282534,58.0,CNG,72.23,23.5,5,1693,21.2
1790830355671,28.613495,77.282628,58.0,CNG,66.02,24.3,5,1690,21.2
1790830356801,28.613608,77.282717,58.0,CNG,64.12,24.3,5,1693,25.5
1790830357440,28.613608,77.282717,58.0,CNG,62.81,24.3,5,1692,25.5
1790830358065,28.613725,77.282805,57.0,CNG,55.79,26.3,5,1694,25.5
1790830359196,28.613838,77.282892,58.0,CNG,54.05,25.9,5,1702,32.2
1790830359835,28.613955,77.282985,58.0,CNG,49.84,25.5,5,1710,32.2
1790830360425,28.613955,77.282985,58.0,CNG,45.16,25.1,5,1710,32.2
1790830361538,28.614074,77.283084,58.0,CNG,45.18,23.9,5,1691,32.5
1790830362191,28.614183,77.283180,58.0,CNG,47.93,22.4,5,1702,32.5
1790830362809,28.614287,77.283278,57.0,CNG,49.41,22.4,5,1680,32.5
1790830363874,28.614396,77.283387,58.0,CNG,49.61,24.3,5,1707,38.4
1790830364549,28.614396,77.283387,57.0,CNG,45.89,25.9,5,1681,38.4
1790830365165,28.614493,77.283494,57.0,CNG,44.19,25.9,5,1684,38.4
1790830366297,28.614590,77.283606,57.0,CNG,42.71,25.9,5,1679,39.6
1790830366935,28.614684,77.283718,57.0,CNG,46.14,25.9,5,1668,39.6
1790830367577,28.614684,77.283718,56.0,CNG,47.46,25.9,5,1663,39.6
1790830368656,28.614872,77.283950,56.0,CNG,49.10,25.9,5,1659,31.0
1790830369317,28.614872,77.283950,56.0,CNG,50.24,25.9,5,1651,31.0
1790830370060,28.614965,77.284063,56.0,CNG,50.18,25.9,5,1655,31.0
1790830371449,28.615059,77.284175,56.0,CNG,50.25,25.9,5,1651,31.8
1790830372068,28.615155,77.284289,56.0,CNG,50.09,25.9,5,1650,31.8
1790830372685,28.615248,77.284401,56.0,CNG,50.77,26.3,5,1654,31.8
1790830373825,28.615343,77.284515,57.0,CNG,47.02,25.9,5,1676,40.0
1790830374447,28.615343,77.284515,57.0,CNG,44.06,26.3,5,1682,40.0
1790830375057,28.615438,77.284632,57.0,CNG,42.76,26.3,5,1688,40.0
1790830376232,28.615529,77.284746,57.0,CNG,42.16,25.9,5,1677,40.4
1790830376826,28.615623,77.284865,57.0,CNG,41.90,25.9,5,1671,40.4
1790830377459,28.615623,77.284865,57.0,CNG,41.49,26.3,5,1673,40.4
1790830378556,28.615715,77.284982,57.0,CNG,41.41,25.9,5,1674,41.2
1790830379192,28.615805,77.285102,57.0,CNG,41.11,26.3,5,1672,41.2
1790830379869,28.615896,77.285222,57.0,CNG,40.84,26.3,5,1671,41.2
1790830381028,28.615984,77.285343,57.0,CNG,44.93,26.3,5,1685,33.7
1790830381709,28.616072,77.285465,57.0,CNG,47.09,26.3,5,1679,33.7
1790830382363,28.616072,77.285465,57.0,CNG,48.10,25.9,5,1677,33.7
1790830383449,28.616161,77.285586,57.0,CNG,49.72,26.3,5,1679,33.3
1790830384105,28.616245,77.285704,57.0,CNG,50.13,25.9,5,1667,33.3
1790830384774,28.616334,77.285831,57.0,CNG,50.05,26.3,5,1678,33.3
1790830385910,28.616419,77.285954,57.0,CNG,50.47,26.3,5,1675,32.9
1790830386589,28.616419,77.285954,56.0,CNG,47.61,25.9,5,1647,32.9
1790830387234,28.616503,77.286075,56.0,CNG,44.02,26.3,5,1628,32.9
1790830388321,28.616586,77.286196,55.0,CNG,41.84,25.9,5,1619,43.1
1790830388983,28.616667,77.286316,54.0,CNG,41.27,26.3,5,1590,43.1
1790830389625,28.616745,77.286434,54.0,CNG,40.51,25.9,5,1570,43.1
1790830391168,28.616818,77.286551,53.0,CNG,39.93,26.3,5,1559,43.5
1790830391805,28.616889,77.286662,51.0,CNG,39.20,26.3,5,1518,43.5
1790830392447,28.616889,77.286662,51.0,CNG,38.43,26.3,5,1499,43.5
1790830393565,28.616962,77.286779,50.0,CNG,37.88,26.3,5,1477,43.5
1790830394195,28.617032,77.286891,50.0,CNG,41.21,26.7,5,1486,43.5
1790830394785,28.617102,77.287002,49.0,CNG,43.08,26.7,5,1453,43.5
1790830395900,28.617170,77.287113,49.0,CNG,44.19,27.1,5,1447,36.1
1790830396486,28.617170,77.287113,49.0,CNG,73.28,26.7,5,1439,36.1
1790830397105,28.617237,77.287226,49.0,CNG,59.21,26.7,5,1440,36.1
1790830398238,28.617298,77.287341,49.0,CNG,52.77,30.2,5,1436,43.9
1790830398911,28.617357,77.287457,49.0,CNG,44.94,30.2,5,1441,43.9
1790830399525,28.617357,77.287457,50.0,CNG,41.42,30.2,5,1460,43.9
1790830400676,28.617471,77.287698,50.0,CNG,38.48,29.8,5,1454,51.0
1790830401308,28.617471,77.287698,51.0,CNG,35.74,29.4,5,1494,51.0
1790830401989,28.617530,77.287826,52.0,CNG,34.62,29.4,5,1532,51.0
1790830403075,28.617586,77.287954,53.0,CNG,34.17,29.4,5,1552,50.6
1790830403704,28.617646,77.288091,54.0,CNG,33.59,29.4,5,1586,50.6
1790830404368,28.617646,77.288091,55.0,CNG,33.43,29.4,5,1605,50.6
1790830405537,28.617703,77.288226,56.0,CNG,33.71,29.4,5,1626,49.4
1790830406135,28.617761,77.288366,57.0,CNG,34.37,29.0,5,1661,49.4
1790830406760,28.617819,77.288503,57.0,CNG,34.92,29.4,5,1689,49.4
1790830407866,28.617880,77.288649,58.0,CNG,37.14,29.0,5,1704,40.8
1790830408498,28.617880,77.288649,59.0,CNG,38.63,29.8,5,1737,40.8
1790830409140,28.617943,77.288801,60.0,CNG,40.83,29.4,5,1752,40.8
1790830410509,28.618004,77.288949,60.0,CNG,42.42,28.2,5,1762,35.7
1790830411153,28.618066,77.289100,61.0,CNG,44.40,27.1,5,1791,35.7
1790830411838,28.618128,77.289257,61.0,CNG,47.15,25.9,5,1802,35.7
1790830412954,28.618188,77.289411,62.0,CNG,50.61,25.9,5,1818,33.3
1790830413688,28.618247,77.289569,62.0,CNG,49.40,24.7,5,1833,33.3
1790830414333,28.618247,77.289569,63.0,CNG,48.31,24.7,5,1837,33.3
1790830415469,28.618306,77.289729,63.0,CNG,47.83,24.7,5,1851,41.2
1790830416113,28.618359,77.289886,64.0,CNG,59.50,14.9,5,1860,41.2
1790830416785,28.618415,77.290055,64.0,CNG,55.86,23.1,5,1861,41.2
1790830417855,28.618468,77.290222,64.0,CNG,54.39,23.5,5,1887,34.5
1790830418502,28.618468,77.290222,64.0,CNG,50.98,24.7,5,1888,34.5
1790830419132,28.618522,77.290387,64.0,CNG,49.18,24.7,5,1884,34.5
1790830420273,28.618576,77.290552,64.0,CNG,53.64,24.7,5,1879,26.7
1790830421000,28.618632,77.290718,63.0,CNG,57.83,24.3,5,1859,26.7
1790830421635,28.618683,77.290873,63.0,CNG,60.76,24.3,5,1853,26.7
1790830422704,28.618737,77.291035,63.0,CNG,62.88,24.3,5,1846,23.9
1790830423313,28.618737,77.291035,,CNG,38.75,24.3,0,1838,23.9
1790830423913,28.618790,77.291198,62.0,CNG,48.75,24.3,5,1836,23.9
1790830425042,28.618844,77.291363,62.0,CNG,54.38,24.3,5,1829,33.3
1790830425640,28.618896,77.291518,63.0,CNG,49.78,27.8,5,1836,33.3
1790830426256,28.618896,77.291518,62.0,CNG,49.94,27.1,5,1831,33.3
1790830427411,28.618950,77.291679,63.0,CNG,50.23,27.1,5,1843,37.6
1790830428052,28.619005,77.291846,63.0,CNG,43.77,27.1,5,1838,37.6
1790830428659,28.619058,77.292006,63.0,CNG,42.31,25.9,5,1828,37.6
1790830429900,28.619111,77.292164,62.0,CNG,42.07,25.9,5,1819,38.0
1790830430706,28.619163,77.292321,61.0,CNG,42.11,25.5,5,1805,38.0
1790830431316,28.619163,77.292321,61.0,CNG,42.23,25.9,5,1775,38.0
1790830432503,28.619213,77.292476,60.0,CNG,42.86,25.9,5,1766,38.8
1790830433153,28.619265,77.292635,60.0,CNG,42.18,25.9,5,1749,38.8
1790830433789,28.619313,77.292785,59.0,CNG,41.59,25.9,5,1741,38.8
1790830434944,28.619361,77.292933,58.0,CNG,44.15,25.9,5,1720,32.2
1790830435607,28.619411,77.293084,57.0,CNG,46.13,26.7,5,1674,32.2
1790830436238,28.619411,77.293084,56.0,CNG,46.59,26.7,5,1651,32.2
1790830437357,28.619459,77.293227,55.0,CNG,47.12,27.1,5,1634,33.7
1790830438010,28.619504,77.293364,54.0,CNG,47.07,26.7,5,1587,33.7
1790830438606,28.619504,77.293364,53.0,CNG,47.03,26.7,5,1567,33.7
1790830439715,28.619595,77.293637,53.0,CNG,43.68,32.5,5,1554,46.3
1790830440333,28.619595,77.293637,53.0,CNG,40.11,29.8,5,1545,46.3
1790830440945,28.619642,77.293777,52.0,CNG,37.85,29.8,5,1545,46.3
1790830442108,28.619687,77.293906,52.0,CNG,34.20,30.2,5,1533,52.2
1790830442791,28.619734,77.294040,52.0,CNG,34.88,28.6,5,1530,52.2
1790830443395,28.619734,77.294040,52.0,CNG,29.24,37.3,5,1534,52.2
1790830444596,28.619781,77.294177,52.0,CNG,28.94,31.4,5,1530,32.5
1790830445208,28.619827,77.294309,52.0,CNG,27.53,32.9,5,1578,32.5
1790830445859,28.619873,77.294444,52.0,CNG,28.13,32.2,5,1531,32.5
1790830447001,28.619918,77.294576,52.0,CNG,28.97,31.0,5,1544,53.3
1790830447621,28.619962,77.294708,53.0,CNG,31.37,31.0,5,1557,53.3
1790830448248,28.619962,77.294708,53.0,CNG,33.34,30.6,5,1547,53.3
1790830449459,28.620010,77.294850,53.0,CNG,35.42,30.6,5,1565,42.0
1790830450166,28.620056,77.294988,54.0,CNG,39.50,26.7,5,1575,42.0
1790830450856,28.620100,77.295123,54.0,CNG,43.44,26.7,5,1588,42.0
1790830451965,28.620147,77.295267,55.0,CNG,46.23,26.7,5,1606,32.9
1790830452674,28.620194,77.295410,55.0,CNG,47.60,26.7,5,1613,32.9
1790830453265,28.620194,77.295410,55.0,CNG,48.33,26.7,5,1623,32.9
1790830454385,28.620241,77.295554,56.0,CNG,49.40,26.7,5,1629,39.2
1790830455013,28.620286,77.295694,56.0,CNG,43.00,26.7,5,1650,39.2
1790830455651,28.620334,77.295840,56.0,CNG,41.62,26.7,5,1650,39.2
1790830456735,28.620383,77.295991,57.0,CNG,41.52,24.7,5,1665,23.1
1790830457403,28.620383,77.295991,56.0,CNG,52.50,22.0,5,1652,23.1
1790830458069,28.620431,77.296137,56.0,CNG,40.09,29.8,5,1647,23.1
1790830459270,28.620478,77.296279,57.0,CNG,39.63,25.9,5,1679,39.2
1790830459874,28.620526,77.296433,57.0,CNG,40.37,25.9,5,1685,39.2
1790830460548,28.620526,77.296433,58.0,CNG,40.59,26.3,5,1700,39.2
1790830461635,28.620624,77.296735,58.0,CNG,40.69,26.3,5,1709,34.1
1790830462311,28.620624,77.296735,59.0,CNG,45.05,25.9,5,1735,34.1
1790830462937,28.620673,77.296884,60.0,CNG,48.80,25.9,5,1748,34.1
1790830464158,28.620724,77.297039,60.0,CNG,59.48,14.9,5,1758,18.4
1790830464804,28.620776,77.297198,58.0,CNG,67.11,14.9,5,1737,18.4
1790830465495,28.620776,77.297198,57.0,CNG,73.64,14.9,5,1686,18.4
1790830466689,28.620872,77.297486,55.0,CNG,78.22,14.9,5,1641,18.4
1790830467372,28.620872,77.297486,55.0,CNG,53.42,29.0,5,1606,18.4
1790830468017,28.620921,77.297627,55.0,CNG,42.77,28.6,5,1614,18.4
1790830469153,28.620971,77.297768,56.0,CNG,39.61,25.5,5,1627,38.8
1790830469857,28.621020,77.297909,54.0,CNG,41.57,24.3,5,1621,38.8
1790830470714,28.621067,77.298050,55.0,CNG,42.24,24.3,5,1609,38.8
1790830471821,28.621113,77.298185,55.0,CNG,42.80,27.1,5,1613,44.3
1790830472532,28.621113,77.298185,54.0,CNG,39.56,27.8,5,1601,44.3
1790830473189,28.621162,77.298331,54.0,CNG,37.74,27.8,5,1606,44.3
1790830474344,28.621208,77.298469,54.0,CNG,37.28,25.9,5,1584,32.2
1790830474961,28.621254,77.298607,53.0,CNG,43.41,24.3,5,1580,32.2
1790830475622,28.621299,77.298745,53.0,CNG,47.26,24.3,5,1570,32.2
1790830476686,28.621343,77.298881,53.0,CNG,47.81,27.8,5,1558,36.9
1790830477370,28.621343,77.298881,53.0,CNG,45.88,27.5,5,1544,36.9
1790830477989,28.621387,77.299018,53.0,CNG,44.95,27.5,5,1547,36.9
1790830479178,28.621431,77.299150,53.0,CNG,44.49,27.5,5,1546,37.3
1790830479798,28.621475,77.299284,53.0,CNG,43.95,27.5,5,1554,37.3
1790830480439,28.621475,77.299284,53.0,CNG,44.12,27.5,5,1534,37.3
1790830481552,28.621521,77.299423,52.0,CNG,44.17,27.5,5,1533,40.8
1790830482203,28.621568,77.299557,52.0,CNG,39.65,27.5,5,1525,40.8
1790830482834,28.621613,77.299690,52.0,CNG,37.80,27.5,5,1525,40.8
1790830483985,28.621661,77.299823,52.0,CNG,37.26,27.5,5,1531,46.3
1790830484603,28.621661,77.299823,52.0,CNG,36.62,27.5,5,1527,46.3
1790830485258,28.621709,77.299956,52.0,CNG,36.08,27.5,5,1523,46.3
1790830486438,28.621757,77.300088,52.0,CNG,35.90,27.5,5,1532,45.9
1790830487066,28.621805,77.300222,51.0,CNG,36.01,27.1,5,1498,45.9
1790830487709,28.621850,77.300350,52.0,CNG,36.17,27.1,5,1522,45.9
1790830488919,28.621899,77.300488,52.0,CNG,36.24,27.1,5,1516,40.0
1790830489501,28.621899,77.300488,52.0,CNG,39.79,26.7,5,1529,40.0
1790830490280,28.621945,77.300621,53.0,CNG,42.46,26.7,5,1545,40.0
1790830491515,28.621990,77.300754,52.0,CNG,44.34,25.9,5,1544,33.3
1790830492148,28.622037,77.300891,53.0,CNG,45.87,26.3,5,1556,33.3
1790830492751,28.622083,77.301027,53.0,CNG,46.70,26.3,5,1556,33.3
1790830493901,28.622127,77.301159,53.0,CNG,48.34,26.3,5,1560,34.1
1790830494528,28.622127,77.301159,54.0,CNG,45.55,26.3,5,1572,34.1
1790830495177,28.622175,77.301298,54.0,CNG,40.60,26.3,5,1578,34.1
1790830496451,28.622222,77.301437,54.0,CNG,39.68,26.3,5,1595,42.7
1790830497211,28.622269,77.301580,55.0,CNG,40.30,26.3,5,1607,42.7
1790830497809,28.622314,77.301722,55.0,CNG,39.29,26.3,5,1625,42.7
1790830498945,28.622362,77.301865,56.0,CNG,39.11,26.3,5,1627,42.4
1790830499597,28.622362,77.301865,56.0,CNG,40.32,24.7,5,1658,42.4
1790830500257,28.622412,77.302013,57.0,CNG,42.22,24.3,5,1669,42.4
1790830501369,28.622463,77.302158,57.0,CNG,46.00,22.0,5,1677,29.8
1790830502032,28.622515,77.302306,58.0,CNG,57.96,19.2,5,1696,29.8
1790830502645,28.622566,77.302454,58.0,CNG,66.87,17.3,5,1683,29.8
1790830503759,28.622616,77.302601,58.0,CNG,73.49,16.5,5,1699,18.4
1790830504368,28.622616,77.302601,58.0,CNG,78.77,14.9,5,1706,18.4
1790830504994,28.622670,77.302755,58.0,CNG,82.05,14.9,5,1704,18.4
1790830506071,28.622721,77.302900,58.0,CNG,83.65,14.9,5,1702,18.4
1790830506708,28.622772,77.303047,,CNG,83.65,14.9,0,1694,18.4
1790830507333,28.622772,77.303047,54.0,CNG,84.96,14.9,5,1601,18.4
1790830508416,28.622820,77.303179,50.0,CNG,86.63,14.9,5,1489,16.5
1790830509053,28.622864,77.303301,46.0,CNG,60.96,14.9,5,1372,16.5
1790830509685,28.622907,77.303414,44.0,CNG,62.33,14.9,5,1306,16.5
1790830510922,28.622954,77.303519,43.0,CNG,64.17,22.4,5,1269,57.6
1790830511578,28.622954,77.303519,43.0,CNG,42.07,30.2,5,1260,57.6
1790830512205,28.622999,77.303630,43.0,CNG,34.97,30.6,5,1276,57.6
1790830513290,28.623043,77.303743,44.0,CNG,31.43,32.9,5,1281,60.4
1790830513930,28.623082,77.303857,45.0,CNG,27.71,37.3,5,1312,60.4
1790830514532,28.623082,77.303857,46.0,CNG,27.06,32.5,5,1342,60.4
1790830515661,28.623157,77.304094,46.0,CNG,28.79,31.4,5,1352,50.2
1790830516315,28.623157,77.304094,47.0,CNG,29.74,31.8,5,1374,50.2
1790830516896,28.623198,77.304214,47.0,CNG,30.33,31.4,5,1382,50.2
1790830517968,28.623238,77.304335,48.0,CNG,31.06,31.8,5,1399,49.4
1790830518565,28.623238,77.304335,48.0,CNG,31.69,31.4,5,1423,49.4
1790830519190,28.623276,77.304460,49.0,CNG,31.73,31.4,5,1421,49.4
1790830520297,28.623318,77.304586,49.0,CNG,31.58,31.4,5,1449,49.4
1790830520968,28.623362,77.304713,50.0,CNG,32.02,31.8,5,1465,49.4
1790830521575,28.623362,77.304713,50.0,CNG,32.23,31.8,5,1478,49.4
1790830522694,28.623450,77.304971,51.0,CNG,32.09,31.8,5,1483,52.9
1790830523283,28.623450,77.304971,51.0,CNG,33.01,25.5,5,1480,52.9
1790830523912,28.623497,77.305103,51.0,CNG,33.55,26.7,5,1487,52.9
1790830524968,28.623535,77.305236,51.0,CNG,33.46,27.1,5,1496,48.2
1790830525593,28.623535,77.305236,51.0,CNG,33.26,27.8,5,1494,48.2
1790830526196,28.623567,77.305364,51.0,CNG,33.42,27.8,5,1499,48.2
1790830527265,28.623611,77.305498,51.0,CNG,33.13,27.8,5,1505,51.0
1790830527861,28.623651,77.305629,52.0,CNG,32.53,28.6,5,1515,51.0
1790830528534,28.623651,77.305629,52.0,CNG,41.04,14.9,5,1515,51.0
1790830529602,28.623743,77.305888,51.0,CNG,55.53,14.9,,1296,30.2
1790830530370,28.623743,77.305888,49.0,CNG,39.56,30.6,4,1962,30.2
1790830531101,28.623790,77.306019,50.0,CNG,36.38,28.6,4,1829,30.2
1790830532226,28.623836,77.306149,50.0,CNG,34.96,28.2,4,1850,37.6
1790830532816,28.623876,77.306275,49.0,CNG,35.30,27.5,4,1830,37.6
1790830533461,28.623876,77.306275,49.0,CNG,34.93,27.5,4,1825,37.6
1790830534562,28.623918,77.306402,49.0,CNG,34.81,27.5,4,1809,38.8
1790830535229,28.623961,77.306529,49.0,CNG,31.94,30.2,4,1812,38.8
1790830535817,28.624002,77.306654,49.0,CNG,28.77,30.2,4,1799,38.8
1790830536911,28.624047,77.306778,49.0,CNG,27.19,30.2,4,1810,50.6
1790830537575,28.624047,77.306778,49.0,CNG,25.36,47.8,,,50.6
1790830538183,28.624089,77.306902,50.0,CNG,19.82,61.6,4,1833,50.6
1790830539335,28.624136,77.307029,51.0,CNG,15.64,60.4,4,1875,93.3
1790830539979,28.624180,77.307162,53.0,CNG,14.83,57.3,4,1961,93.3
1790830540615,28.624228,77.307302,54.0,CNG,14.59,49.4,4,2002,93.3
1790830541684,28.624277,77.307446,55.0,CNG,14.23,26.7,4,2037,32.5
1790830542275,28.624277,77.307446,54.0,CNG,18.41,32.2,5,1445,32.5
1790830542919,28.624322,77.307582,54.0,CNG,22.09,34.5,5,1583,32.5
1790830544067,28.624374,77.307720,55.0,CNG,31.39,23.9,5,1611,32.5
1790830544744,28.624422,77.307862,54.0,CNG,35.07,28.2,5,1589,32.5
1790830545402,28.624422,77.307862,54.0,CNG,36.04,29.8,5,1592,32.5
1790830546527,28.624470,77.308003,54.0,CNG,37.21,29.4,5,1586,40.4
1790830547128,28.624519,77.308139,54.0,CNG,38.84,29.4,5,1578,40.4
1790830547856,28.624568,77.308279,54.0,CNG,39.58,29.4,5,1580,40.4
1790830549003,28.624618,77.308418,54.0,CNG,40.03,29.4,5,1583,39.2
1790830549651,28.624668,77.308555,53.0,CNG,37.05,29.4,5,1565,39.2
1790830550406,28.624668,77.308555,53.0,CNG,34.22,29.0,5,1565,39.2
1790830551734,28.624764,77.308828,53.0,CNG,34.13,29.0,5,1548,45.9
1790830552387,28.624764,77.308828,53.0,CNG,34.37,28.2,5,1563,45.9
1790830553066,28.624811,77.308966,53.0,CNG,34.66,28.2,5,1560,45.9
1790830554169,28.624855,77.309104,53.0,CNG,34.89,27.8,5,1568,45.1
1790830554806,28.624898,77.309243,53.0,CNG,35.47,26.3,5,1575,45.1
1790830555401,28.624898,77.309243,54.0,CNG,36.96,26.7,5,1579,45.1
1790830556498,28.624941,77.309383,55.0,CNG,40.90,25.9,5,1586,32.5
1790830557147,28.624986,77.309524,55.0,CNG,45.12,25.9,5,1610,32.5
1790830557778,28.625031,77.309666,55.0,CNG,54.63,22.7,5,1613,32.5
1790830558866,28.625074,77.309810,55.0,CNG,60.81,22.7,5,1614,22.0
1790830559526,28.625074,77.309810,56.0,CNG,56.26,26.3,5,1630,22.0
1790830560120,28.625121,77.309954,56.0,CNG,54.83,14.9,,,22.0
1790830561316,28.625165,77.310101,57.0,CNG,52.58,26.7,5,1638,32.9
1790830561930,28.625214,77.310247,57.0,CNG,52.69,26.7,5,1683,32.9
1790830562610,28.625264,77.310395,57.0,CNG,51.55,26.3,5,1684,32.9
1790830563709,28.625315,77.310544,58.0,CNG,52.03,26.7,5,1703,34.1
1790830564425,28.625315,77.310544,59.0,CNG,46.23,26.7,5,1730,34.1
1790830565021,28.625365,77.310696,59.0,CNG,43.55,26.3,5,1748,34.1
1790830566175,28.625416,77.310853,60.0,CNG,43.68,26.3,5,1758,38.4
1790830566798,28.625464,77.311008,60.0,CNG,43.63,26.3,5,1775,38.4
1790830567523,28.625464,77.311008,61.0,CNG,43.65,26.3,5,1793,38.4
1790830568714,28.625564,77.311327,61.0,CNG,43.83,25.9,5,1784,38.4
1790830569371,28.625564,77.311327,61.0,CNG,44.72,25.5,5,1777,38.4
1790830570101,28.625613,77.311482,60.0,CNG,44.97,25.1,5,1774,38.4
1790830571404,28.625663,77.311638,61.0,CNG,50.61,24.7,5,1766,21.2
1790830572043,28.625718,77.311787,60.0,CNG,60.78,14.9,5,1756,21.2
1790830572680,28.625770,77.311938,59.0,CNG,68.80,14.9,5,1738,21.2
1790830573770,28.625831,77.312082,58.0,CNG,74.21,14.9,5,1714,18.8
1790830574404,28.625831,77.312082,57.0,CNG,78.20,14.9,5,1679,18.8
1790830575004,28.625892,77.312220,57.0,CNG,80.99,14.9,5,1664,18.8
1790830576138,28.625957,77.312356,56.0,CNG,82.96,14.9,5,1650,18.4
1790830576739,28.626019,77.312486,53.0,CNG,84.14,14.9,5,1563,18.4
1790830577352,28.626019,77.312486,50.0,CNG,85.85,14.9,5,1485,18.4
1790830578449,28.626073,77.312606,48.0,CNG,78.33,14.9,5,1414,22.7
1790830579075,28.626126,77.312723,46.0,CNG,75.33,14.9,5,1344,22.7
1790830579668,28.626177,77.312836,45.0,CNG,71.87,14.9,5,1334,22.7
1790830580752,28.626221,77.312947,44.0,CNG,70.01,14.9,5,1303,23.9
1790830581363,28.626221,77.312947,43.0,CNG,48.64,26.7,5,1271,23.9
1790830582025,28.626261,77.313060,43.0,CNG,53.22,14.9,5,1249,23.9
1790830583140,28.626296,77.313166,42.0,CNG,56.91,14.9,5,1250,26.3
1790830583853,28.626327,77.313251,34.0,CNG,55.41,14.9,5,995,26.3
1790830584441,28.626327,77.313251,28.0,CNG,56.66,14.9,5,879,26.3
1790830585573,28.626352,77.313320,28.0,CNG,62.30,14.9,5,899,22.0
1790830586153,28.626373,77.313395,27.0,CNG,45.67,25.9,4,976,22.0
1790830586833,28.626391,77.313470,27.0,CNG,34.91,27.5,4,1022,22.0
1790830587938,28.626413,77.313548,28.0,CNG,30.75,27.5,4,1029,46.3
1790830588594,28.626413,77.313548,29.0,CNG,29.13,28.6,4,1073,46.3
1790830589189,28.626440,77.313623,30.0,CNG,27.45,29.0,4,1093,46.3
1790830590523,28.626465,77.313702,30.0,CNG,25.08,29.0,4,1121,56.1
1790830591227,28.626490,77.313782,31.0,CNG,23.25,30.2,4,1150,56.1
1790830591921,28.626519,77.313872,31.0,CNG,22.15,29.8,4,1158,56.1
1790830592988,28.626551,77.313952,32.0,CNG,21.83,29.8,4,1175,58.0
1790830593608,28.626551,77.313952,33.0,CNG,22.05,29.8,4,1207,58.0
1790830594261,28.626576,77.314036,33.0,CNG,22.42,29.8,4,1236,58.0
1790830595433,28.626607,77.314123,34.0,CNG,22.58,29.8,4,1265,54.5
1790830596062,28.626638,77.314212,35.0,CNG,22.52,29.8,4,1314,54.5
1790830596754,28.626665,77.314302,36.0,CNG,23.43,29.8,4,1325,54.5
1790830597920,28.626695,77.314390,36.0,CNG,23.19,29.8,4,1332,59.2
1790830598586,28.626695,77.314390,37.0,CNG,24.12,32.2,4,1365,59.2
1790830599206,28.626725,77.314485,37.0,CNG,24.47,31.4,4,1391,59.2
1790830600403,28.626758,77.314579,38.0,CNG,25.23,31.4,4,1397,49.8
1790830601005,28.626793,77.314678,39.0,CNG,25.48,31.8,,,49.8
1790830601649,28.626827,77.314779,40.0,CNG,26.05,31.8,4,1472,49.8
1790830602792,28.626864,77.314882,40.0,CNG,25.89,31.8,4,1497,65.1
1790830603445,28.626864,77.314882,42.0,CNG,18.63,18.4,4,1572,65.1
1790830604033,28.626902,77.314990,43.0,CNG,20.76,29.4,4,1593,65.1
1790830605188,28.626940,77.315103,43.0,CNG,21.69,29.8,4,1614,53.3
1790830605824,28.626979,77.315217,44.0,CNG,22.79,29.8,4,1640,53.3
1790830606466,28.626979,77.315217,45.0,CNG,30.41,14.9,4,1648,53.3
1790830607608,28.627051,77.315447,44.0,CNG,36.58,23.1,5,1272,40.0
1790830608293,28.627051,77.315447,44.0,CNG,35.32,24.3,5,1279,40.0
1790830608939,28.627088,77.315560,44.0,CNG,35.02,24.3,5,1287,40.0
1790830610110,28.627125,77.315672,44.0,CNG,35.25,25.1,5,1284,42.4
1790830610846,28.627160,77.315786,44.0,CNG,39.95,24.3,5,1291,42.4
1790830611480,28.627160,77.315786,44.0,CNG,48.35,21.6,5,1305,42.4
1790830612617,28.627236,77.316019,44.0,CNG,60.44,14.9,5,1277,16.9
1790830613267,28.627236,77.316019,42.0,CNG,71.02,14.9,,965,16.9
1790830613894,28.627270,77.316124,39.0,CNG,76.06,14.9,,902,16.9
1790830615035,28.627298,77.316219,36.0,CNG,77.00,14.9,,883,25.1
1790830615638,28.627322,77.316308,34.0,CNG,75.99,14.9,,880,25.1
1790830616293,28.627322,77.316308,31.0,CNG,72.34,14.9,5,878,25.1
1790830617405,28.627343,77.316389,31.0,CNG,75.81,14.9,5,888,27.8
1790830618088,28.627364,77.316469,30.0,CNG,61.96,14.9,5,885,27.8
1790830618738,28.627384,77.316546,30.0,CNG,54.06,14.9,5,860,27.8
1790830619858,28.627409,77.316626,30.0,CNG,48.65,14.9,5,864,39.2
1790830620479,28.627409,77.316626,29.0,CNG,43.31,14.9,5,870,39.2
1790830621152,28.627433,77.316705,27.0,CNG,38.67,14.9,5,870,39.2
1790830622333,28.627457,77.316776,27.0,CNG,37.39,14.9,5,871,41.2
1790830622986,28.627482,77.316846,27.0,CNG,35.84,14.9,5,872,41.2
1790830623584,28.627482,77.316846,26.0,CNG,35.68,14.9,4,880,41.2
1790830624790,28.627526,77.316970,26.0,CNG,34.56,14.9,4,872,42.7
1790830625390,28.627526,77.316970,25.0,CNG,33.62,14.9,4,871,42.7
1790830626064,28.627553,77.317027,22.0,CNG,35.30,14.9,4,838,42.7
1790830627193,28.627571,77.317072,19.0,CNG,36.57,14.9,3,907,24.7
1790830627844,28.627586,77.317112,18.0,CNG,37.13,14.9,3,899,24.7
1790830628519,28.627586,77.317112,18.0,CNG,37.69,14.9,3,887,24.7
1790830629668,28.627637,77.317181,16.0,CNG,38.31,14.9,3,891,23.1
1790830630372,28.627637,77.317181,15.0,CNG,27.28,17.3,2,1209,23.1
1790830631151,28.627660,77.317217,15.0,CNG,25.22,14.9,2,1157,23.1
1790830632293,28.627685,77.317245,14.0,CNG,24.17,14.9,2,995,32.9
1790830632913,28.627710,77.317267,12.0,CNG,21.29,14.9,2,932,32.9
1790830633509,28.627710,77.317267,11.0,CNG,18.89,14.9,2,881,32.9
1790830634629,28.627756,77.317304,11.0,CNG,13.47,23.1,2,864,63.5
1790830635269,28.627756,77.317304,12.0,CNG,11.56,27.8,2,933,63.5
1790830635905,28.627785,77.317318,14.0,CNG,10.64,28.6,2,1047,63.5
1790830636986,28.627823,77.317324,15.0,CNG,10.65,29.4,2,1168,53.3
1790830637638,28.627868,77.317322,18.0,CNG,11.26,29.4,2,1319,53.3
1790830638231,28.627868,77.317322,19.0,CNG,11.38,29.4,2,1425,53.3
1790830639340,28.627920,77.317304,20.0,CNG,11.63,29.4,2,1497,50.2
1790830639934,28.627971,77.317283,22.0,CNG,12.16,29.4,2,1647,50.2
1790830640556,28.627971,77.317283,23.0,CNG,12.61,29.0,2,1702,50.2
1790830641731,28.628082,77.317244,23.0,CNG,12.81,28.2,2,1774,46.7
1790830642371,28.628082,77.317244,25.0,CNG,13.56,28.2,2,1899,46.7
1790830642991,28.628142,77.317224,,CNG,7.99,28.2,0,1953,46.7
1790830644241,28.628204,77.317204,27.0,CNG,10.86,28.2,2,2031,43.5
1790830644830,28.628266,77.317179,28.0,CNG,17.43,14.9,2,1960,43.5
1790830645472,28.628266,77.317179,28.0,CNG,19.54,25.9,3,1299,43.5
1790830646556,28.628334,77.317152,29.0,CNG,21.26,27.5,3,1442,37.3
1790830647185,28.628403,77.317123,31.0,CNG,22.86,27.1,3,1563,37.3
1790830647816,28.628479,77.317095,32.0,CNG,24.19,27.1,3,1586,37.3
1790830648972,28.628552,77.317068,32.0,CNG,24.83,27.1,3,1633,34.9
1790830649575,28.628552,77.317068,34.0,CNG,26.04,27.1,3,1717,34.9
1790830650294,28.628634,77.317035,35.0,CNG,27.00,27.1,3,1759,34.9
1790830651690,28.628799,77.316970,36.0,CNG,27.90,26.7,3,1800,32.2
1790830652371,28.628799,77.316970,38.0,CNG,28.58,26.7,3,1902,32.2
1790830653017,28.628886,77.316935,38.0,CNG,29.12,26.7,3,1947,32.2
1790830654163,28.628974,77.316901,39.0,CNG,27.30,26.7,3,1969,37.6
1790830654807,28.629064,77.316864,40.0,CNG,25.64,25.5,3,2045,37.6
1790830655450,28.629064,77.316864,41.0,CNG,25.04,26.7,3,2070,37.6
1790830656519,28.629159,77.316828,41.0,CNG,24.87,26.3,3,2102,38.0
1790830657160,28.629253,77.316791,41.0,CNG,26.05,24.3,3,2135,38.0
1790830657809,28.629347,77.316753,42.0,CNG,27.00,24.3,3,2123,38.0
1790830658963,28.629443,77.316717,42.0,CNG,27.46,24.3,3,2133,34.1
1790830659580,28.629443,77.316717,42.0,CNG,27.94,24.3,3,2139,34.1
1790830660261,28.629538,77.316677,42.0,CNG,31.77,32.9,3,2170,34.1
1790830661413,28.629635,77.316637,43.0,CNG,32.07,27.1,3,2165,23.9
1790830662094,28.629736,77.316600,43.0,CNG,34.12,24.3,3,2152,23.9
1790830662703,28.629829,77.316558,43.0,CNG,37.67,23.5,3,2176,23.9
1790830663792,28.629927,77.316514,43.0,CNG,39.73,23.5,3,2198,20.0
1790830664424,28.629927,77.316514,43.0,CNG,41.74,23.1,3,2193,20.0
1790830665084,28.630025,77.316479,43.0,CNG,44.41,22.7,3,2187,20.0
1790830666198,28.630121,77.316446,43.0,CNG,46.81,20.0,3,2187,18.0
1790830666895,28.630219,77.316419,43.0,CNG,47.31,23.5,3,2133,18.0
1790830667513,28.630219,77.316419,43.0,CNG,42.25,22.4,3,2137,18.0
1790830668651,28.630421,77.316369,42.0,CNG,37.55,22.0,3,2122,30.2
1790830669247,28.630421,77.316369,42.0,CNG,36.31,22.7,3,2125,30.2
1790830669877,28.630520,77.316345,42.0,CNG,35.79,22.7,3,2105,30.2
1790830671285,28.630616,77.316323,41.0,CNG,34.53,22.7,3,2110,22.7
1790830671904,28.630714,77.316301,41.0,CNG,32.44,26.7,4,1432,22.7
1790830672532,28.630714,77.316301,41.0,CNG,29.93,26.3,4,1578,22.7
1790830673652,28.630912,77.316245,41.0,CNG,30.23,25.5,4,1514,41.2
1790830674262,28.630912,77.316245,41.0,CNG,30.46,25.9,4,1535,41.2
1790830674965,28.631013,77.316219,41.0,CNG,33.14,25.9,4,1537,41.2
1790830676141,28.631107,77.316187,42.0,CNG,35.60,25.9,4,1533,31.8
1790830676811,28.631209,77.316151,42.0,CNG,37.22,25.9,4,1562,31.8
1790830677417,28.631209,77.316151,43.0,CNG,38.41,25.9,4,1576,31.8
1790830678539,28.631308,77.316114,43.0,CNG,38.99,25.9,4,1586,30.6
1790830679165,28.631407,77.316079,43.0,CNG,39.73,25.9,4,1614,30.6
1790830679843,28.631507,77.316042,43.0,CNG,47.72,14.9,4,1601,30.6
1790830680965,28.631606,77.316003,43.0,CNG,37.21,25.1,4,1611,23.9
1790830681585,28.631606,77.316003,43.0,CNG,45.43,14.9,4,1549,23.9
1790830682198,28.631702,77.315965,41.0,CNG,52.52,14.9,4,1530,23.9
1790830683404,28.631791,77.315929,39.0,CNG,53.93,14.9,4,1452,40.8
1790830684029,28.631877,77.315900,38.0,CNG,39.66,25.9,4,1386,40.8
1790830684709,28.631966,77.315865,39.0,CNG,37.97,20.8,4,1426,40.8
1790830685830,28.632051,77.315831,38.0,CNG,44.38,23.5,4,1433,32.9
1790830686466,28.632051,77.315831,38.0,CNG,49.25,14.9,4,1438,32.9
1790830687079,28.632140,77.315796,38.0,CNG,51.95,14.9,4,1370,32.9
1790830688244,28.632227,77.315762,37.0,CNG,53.56,14.9,4,1379,22.7
1790830688921,28.632310,77.315727,36.0,CNG,59.89,14.9,4,1345,22.7
1790830689574,28.632310,77.315727,36.0,CNG,34.05,29.0,4,1327,22.7
1790830691074,28.632472,77.315654,36.0,CNG,36.15,21.2,4,1320,18.8
1790830691728,28.632554,77.315623,36.0,CNG,44.67,14.9,4,1322,18.8
1790830692329,28.632554,77.315623,35.0,CNG,51.35,14.9,4,1288,18.8
1790830693459,28.632635,77.315589,35.0,CNG,57.30,14.9,4,1307,17.6
1790830694067,28.632717,77.315558,34.0,CNG,61.52,14.9,4,1258,17.6
1790830694708,28.632792,77.315527,33.0,CNG,64.06,14.9,4,1240,17.6
1790830695899,28.632858,77.315487,33.0,CNG,66.17,14.9,,,44.3
1790830696527,28.632858,77.315487,33.0,CNG,36.32,30.2,4,1173,44.3
1790830697130,28.632932,77.315450,33.0,CNG,28.45,30.2,4,1233,44.3
1790830698231,28.633006,77.315409,34.0,CNG,33.66,14.9,4,1263,31.8
1790830698855,28.633081,77.315370,34.0,CNG,26.66,27.5,,1437,31.8
1790830699484,28.633081,77.315370,34.0,CNG,24.93,26.7,3,1752,31.8
1790830700607,28.633237,77.315294,34.0,CNG,24.17,26.3,3,1760,39.2
1790830701243,28.633237,77.315294,35.0,CNG,25.05,24.7,3,1759,39.2
1790830701843,28.633313,77.315264,35.0,CNG,25.25,25.1,3,1776,39.2
1790830703093,28.633396,77.315233,35.0,CNG,25.21,25.1,3,1779,25.5
1790830703720,28.633477,77.315206,34.0,CNG,31.10,14.9,3,1664,25.5
1790830704428,28.633477,77.315206,33.0,CNG,36.06,14.9,3,1689,25.5
1790830705521,28.633556,77.315178,32.0,CNG,40.07,15.7,3,1646,31.8
1790830706149,28.633633,77.315154,32.0,CNG,30.89,29.8,3,1637,31.8
1790830706803,28.633710,77.315129,33.0,CNG,27.64,29.4,3,1669,31.8
1790830707919,28.633786,77.315106,34.0,CNG,26.41,29.4,3,1697,38.0
1790830708516,28.633786,77.315106,35.0,CNG,25.69,29.4,3,1753,38.0
1790830709140,28.633863,77.315077,35.0,CNG,23.29,29.4,3,1783,38.0
1790830710418,28.633948,77.315050,36.0,CNG,20.92,29.4,3,1818,48.2
1790830711161,28.634032,77.315021,37.0,CNG,20.56,29.0,3,1868,48.2
1790830711766,28.634120,77.314993,37.0,CNG,20.13,29.0,3,1901,48.2
1790830712935,28.634211,77.314961,38.0,CNG,20.04,29.0,3,1919,47.8
1790830713576,28.634211,77.314961,39.0,CNG,20.12,29.0,3,1974,47.8
1790830714220,28.634302,77.314927,39.0,CNG,19.88,29.0,3,1997,47.8
1790830715333,28.634395,77.314891,40.0,CNG,19.92,29.0,3,2017,38.4
1790830715984,28.634486,77.314857,40.0,CNG,22.04,29.0,3,2057,38.4
1790830716571,28.634486,77.314857,41.0,CNG,23.33,29.0,3,2076,38.4
1790830717737,28.634672,77.314797,41.0,CNG,27.14,14.9,3,2078,20.4
1790830718336,28.634672,77.314797,40.0,CNG,26.00,31.0,4,1515,20.4
1790830718999,28.634765,77.314766,40.0,CNG,26.53,29.8,4,1495,20.4
1790830720121,28.634860,77.314734,40.0,CNG,32.90,14.9,4,1484,22.7
1790830720781,28.634951,77.314708,39.0,CNG,33.57,25.9,4,1438,22.7
1790830721384,28.634951,77.314708,39.0,CNG,34.94,25.9,4,1438,22.7
1790830722567,28.635045,77.314682,39.0,CNG,35.69,25.9,4,1429,33.7
1790830723193,28.635135,77.314654,38.0,CNG,33.72,25.9,4,1409,33.7
1790830723889,28.635228,77.314627,38.0,CNG,31.07,25.9,4,1398,33.7
1790830724995,28.635319,77.314602,37.0,CNG,29.76,25.9,4,1383,44.3
1790830725653,28.635407,77.314581,37.0,CNG,27.91,28.6,4,1368,44.3
1790830726265,28.635407,77.314581,36.0,CNG,26.81,17.6,4,1346,44.3
1790830727407,28.635493,77.314563,36.0,CNG,33.95,14.9,4,1268,28.2
1790830728005,28.635576,77.314549,32.0,CNG,38.84,14.9,5,991,28.2
1790830728665,28.635648,77.314535,30.0,CNG,40.59,14.9,5,904,28.2
1790830729757,28.635711,77.314524,28.0,CNG,40.17,14.9,5,866,40.4
1790830730479,28.635711,77.314524,22.0,CNG,34.03,14.9,4,870,40.4
1790830731280,28.635761,77.314515,19.0,CNG,33.30,14.9,3,870,40.4
1790830732405,28.635805,77.314516,16.0,CNG,33.74,14.9,3,905,26.3
1790830733001,28.635839,77.314527,14.0,CNG,31.50,14.9,,876,26.3
1790830733614,28.635872,77.314545,14.0,CNG,31.50,14.9,,885,26.3
1790830734748,28.635888,77.314581,14.0,CNG,19.20,23.5,,886,33.3
1790830735393,28.635888,77.314581,14.0,CNG,22.44,14.9,2,1046,33.3
1790830735983,28.635898,77.314614,15.0,CNG,25.79,14.9,2,1119,33.3
1790830737122,28.635904,77.314652,15.0,CNG,28.48,14.9,2,1124,29.0
1790830737777,28.635902,77.314692,15.0,CNG,26.38,14.9,,869,29.0
1790830738447,28.635902,77.314692,14.0,CNG,23.92,14.9,,859,29.0
1790830739542,28.635895,77.314731,14.0,CNG,22.08,14.9,,867,40.0
1790830740228,28.635878,77.314762,14.0,CNG,19.99,14.9,2,971,40.0
1790830740883,28.635848,77.314782,14.0,CNG,16.00,24.3,2,1097,40.0
1790830742075,28.635810,77.314795,15.0,CNG,13.67,26.3,2,1127,47.1
1790830742692,28.635766,77.314806,17.0,CNG,13.10,25.9,2,1297,47.1
1790830743347,28.635766,77.314806,18.0,CNG,13.06,25.9,2,1372,47.1
1790830744429,28.635711,77.314812,20.0,CNG,13.64,25.9,2,1468,43.9
1790830745061,28.635666,77.314822,21.0,CNG,13.92,26.7,2,1551,43.9
1790830745683,28.635618,77.314831,22.0,CNG,14.35,26.7,2,1685,43.9
1790830746799,28.635564,77.314835,23.0,CNG,14.91,26.7,2,1746,42.7
1790830747408,28.635564,77.314835,25.0,CNG,15.21,26.7,2,1868,42.7
1790830748028,28.635506,77.314847,25.0,CNG,15.30,26.7,2,1927,42.7
1790830749192,28.635439,77.314854,26.0,CNG,15.42,26.7,2,2006,33.7
1790830749893,28.635370,77.314864,28.0,CNG,17.48,26.7,2,2106,33.7
1790830750703,28.635301,77.314880,28.0,CNG,19.02,26.3,2,2153,33.7
1790830751892,28.635229,77.314898,30.0,CNG,20.28,26.7,2,2233,27.8
1790830752524,28.635229,77.314898,31.0,CNG,19.27,29.8,2,2350,27.8
1790830753183,28.635154,77.314918,32.0,CNG,19.17,30.6,2,2424,27.8
1790830754360,28.635076,77.314948,33.0,CNG,23.35,14.9,2,2518,20.4
1790830755034,28.634999,77.314973,34.0,CNG,22.91,29.8,3,1731,20.4
1790830755619,28.634920,77.314998,35.0,CNG,23.28,29.4,3,1745,20.4
1790830756762,28.634834,77.315027,35.0,CNG,23.48,29.4,3,1788,38.4
1790830757349,28.634834,77.315027,37.0,CNG,22.97,29.4,3,1861,38.4
1790830757998,28.634747,77.315056,37.0,CNG,21.96,29.4,3,1889,38.4
1790830759101,28.634659,77.315086,38.0,CNG,20.53,29.4,3,1901,49.0
1790830759733,28.634566,77.315115,39.0,CNG,20.11,29.4,3,1955,49.0
1790830760330,28.634566,77.315115,39.0,CNG,19.92,29.4,3,1979,49.0
1790830761461,28.634473,77.315146,40.0,CNG,20.11,29.4,3,2007,47.1
1790830762081,28.634378,77.315178,41.0,CNG,20.34,29.4,3,2066,47.1
1790830762794,28.634283,77.315212,41.0,CNG,20.83,29.4,3,2087,47.1
1790830763910,28.634187,77.315256,42.0,CNG,20.92,29.4,3,2123,36.9
1790830764606,28.634187,77.315256,43.0,CNG,22.96,29.4,3,2165,36.9
1790830765258,28.634096,77.315291,43.0,CNG,24.64,29.4,3,2190,36.9
1790830766382,28.633991,77.315334,43.0,CNG,25.57,29.4,3,2212,35.3
1790830767037,28.633887,77.315376,44.0,CNG,26.29,16.9,3,2248,35.3
1790830767679,28.633783,77.315418,44.0,CNG,34.06,17.6,3,1998,35.3
1790830768754,28.633682,77.315459,44.0,CNG,35.61,26.3,4,1573,32.2
1790830769423,28.633682,77.315459,44.0,CNG,44.46,16.1,4,1629,32.2
1790830770052,28.633580,77.315496,44.0,CNG,56.30,14.9,4,1455,32.2
1790830771490,28.633478,77.315539,43.0,CNG,70.91,14.9,,1035,27.8
1790830772102,28.633383,77.315576,42.0,CNG,67.75,14.9,,894,27.8
1790830772763,28.633287,77.315606,41.0,CNG,65.87,14.9,,863,27.8
1790830773870,28.633196,77.315633,40.0,CNG,62.41,14.9,,869,40.0
1790830774525,28.633196,77.315633,39.0,CNG,35.92,26.7,,873,40.0
1790830775161,28.633114,77.315654,39.0,CNG,30.26,26.7,3,2008,40.0
1790830776355,28.633022,77.315688,39.0,CNG,26.48,28.6,3,1984,44.7
1790830776998,28.632929,77.315725,40.0,CNG,24.87,28.6,3,2000,44.7
1790830777665,28.632844,77.315748,40.0,CNG,23.75,28.6,3,2025,44.7
1790830778859,28.632747,77.315786,40.0,CNG,23.02,28.6,3,2049,43.5
1790830779533,28.632747,77.315786,41.0,CNG,22.75,28.6,3,2091,43.5
1790830780139,28.632646,77.315825,41.0,CNG,22.70,28.6,3,2102,43.5
1790830781298,28.632546,77.315861,42.0,CNG,24.55,28.6,3,2148,34.1
1790830781903,28.632446,77.315903,43.0,CNG,25.94,28.2,3,2173,34.1
1790830782531,28.632446,77.315903,43.0,CNG,27.41,28.2,3,2188,34.1
1790830783633,28.632250,77.315965,44.0,CNG,28.21,28.2,3,2220,32.9
1790830784303,28.632250,77.315965,45.0,CNG,28.89,28.2,3,2248,32.9
1790830784895,28.632147,77.316004,45.0,CNG,29.48,28.2,3,2262,32.9
1790830786050,28.632041,77.316045,45.0,CNG,29.80,28.2,3,2285,32.2
1790830786668,28.631935,77.316085,45.0,CNG,32.97,14.9,3,2313,32.2
1790830787362,28.631935,77.316085,45.0,CNG,34.24,14.9,4,1731,32.2
1790830788514,28.631834,77.316123,45.0,CNG,39.71,14.9,5,1417,27.5
1790830789140,28.631735,77.316162,42.0,CNG,45.40,14.9,5,1173,27.5
1790830789805,28.631645,77.316200,40.0,CNG,48.82,14.9,5,1055,27.5
1790830791074,28.631552,77.316239,40.0,CNG,51.28,14.9,,928,37.3
1790830791676,28.631466,77.316273,39.0,CNG,52.41,14.9,,902,37.3
1790830792337,28.631466,77.316273,38.0,CNG,52.10,14.9,,872,37.3
1790830793462,28.631379,77.316316,38.0,CNG,58.29,14.9,,868,26.3
1790830794108,28.631292,77.316351,37.0,CNG,65.49,14.9,,889,26.3
1790830794696,28.631208,77.316391,37.0,CNG,72.06,14.9,,892,26.3
1790830795773,28.631125,77.316427,36.0,CNG,78.31,14.9,,890,22.4
1790830796386,28.631125,77.316427,36.0,CNG,81.39,14.9,,880,22.4
1790830797073,28.631045,77.316463,36.0,CNG,82.39,14.9,,884,22.4
1790830798211,28.630963,77.316499,36.0,CNG,83.62,14.9,,877,23.5
1790830798869,28.630885,77.316535,35.0,CNG,83.04,14.9,,875,23.5
1790830799475,28.630885,77.316535,35.0,CNG,72.69,14.9,,866,23.5
1790830800596,28.630806,77.316571,35.0,CNG,63.97,14.9,,870,33.7
1790830801242,28.630730,77.316613,33.0,CNG,41.01,22.0,4,1359,33.7
1790830801874,28.630659,77.316663,33.0,CNG,42.98,14.9,3,1651,33.7
1790830802950,28.630597,77.316714,32.0,CNG,43.16,14.9,,1380,27.5
1790830803588,28.630597,77.316714,25.0,CNG,47.68,14.9,3,1164,27.5
1790830804171,28.630551,77.316758,20.0,CNG,48.67,14.9,3,1028,27.5
1790830805296,28.630515,77.316791,17.0,CNG,43.92,14.9,3,917,23.5
1790830805913,28.630478,77.316812,16.0,CNG,40.30,14.9,3,907,23.5
1790830806530,28.630478,77.316812,17.0,CNG,35.50,14.9,3,908,23.5
1790830807617,28.630440,77.316885,16.0,CNG,30.54,14.9,,1006,27.8
1790830808284,28.630440,77.316885,16.0,CNG,27.29,14.9,,968,27.8
1790830808905,28.630457,77.316920,14.0,CNG,22.54,22.4,2,975,27.8
1790830810065,28.630467,77.316958,14.0,CNG,18.36,21.6,2,1034,40.0
1790830810958,28.630480,77.316997,15.0,CNG,17.24,19.6,2,1129,40.0
1790830811587,28.630480,77.316997,16.0,CNG,18.23,20.0,2,1166,40.0
1790830812687,28.630507,77.317074,16.0,CNG,18.96,19.6,2,1189,40.0
1790830813343,28.630507,77.317074,16.0,CNG,17.85,24.7,2,1230,40.0
1790830813981,28.630519,77.317113,18.0,CNG,18.44,24.7,2,1339,40.0
1790830815165,28.630536,77.317171,19.0,CNG,19.13,24.7,2,1410,31.4
1790830815760,28.630551,77.317227,20.0,CNG,20.15,24.3,2,1506,31.4
1790830816394,28.630551,77.317227,20.0,CNG,19.92,24.7,2,1562,31.4
1790830817478,28.630568,77.317280,21.0,CNG,19.09,24.3,2,1614,35.7
1790830818139,28.630583,77.317337,22.0,CNG,17.12,24.7,2,1692,35.7
1790830818728,28.630599,77.317395,22.0,CNG,16.79,24.7,2,1683,35.7
1790830819835,28.630614,77.317457,22.0,CNG,16.66,24.7,2,1695,38.4
1790830820449,28.630614,77.317457,23.0,CNG,16.71,24.7,2,1744,38.4
1790830821100,28.630624,77.317519,23.0,CNG,17.21,24.7,2,1767,38.4
1790830822251,28.630627,77.317581,23.0,CNG,17.20,24.3,2,1773,38.0
1790830822897,28.630619,77.317647,23.0,CNG,16.98,24.3,2,1807,38.0
1790830823561,28.630619,77.317647,24.0,CNG,17.04,24.7,2,1815,38.0
1790830824719,28.630575,77.317771,24.0,CNG,16.90,25.1,2,1834,39.2
1790830825348,28.630575,77.317771,24.0,CNG,15.74,27.8,2,1862,39.2
1790830826020,28.630539,77.317824,25.0,CNG,15.13,27.8,2,1889,39.2
1790830827102,28.630502,77.317882,26.0,CNG,16.75,27.1,2,1956,34.5
1790830827754,28.630460,77.317941,27.0,CNG,17.82,27.1,2,2066,34.5
1790830828436,28.630460,77.317941,28.0,CNG,19.12,26.7,2,2096,34.5
1790830829581,28.630419,77.318000,28.0,CNG,20.48,25.5,2,2136,28.2
1790830830305,28.630371,77.318056,29.0,CNG,21.73,25.5,2,2212,28.2
1790830831041,28.630315,77.318106,29.0,CNG,22.50,25.1,2,2230,28.2
1790830832109,28.630257,77.318152,30.0,CNG,24.41,24.3,2,2247,24.3
1790830832778,28.630194,77.318191,30.0,CNG,24.29,26.3,2,2277,24.3
1790830833391,28.630194,77.318191,30.0,CNG,23.73,25.9,2,2298,24.3
1790830834650,28.630055,77.318258,31.0,CNG,23.82,25.9,2,2295,25.9
1790830835311,28.630055,77.318258,31.0,CNG,21.65,25.1,2,2380,25.9
1790830835974,28.629979,77.318284,32.0,CNG,19.42,25.5,2,2422,25.9
1790830837127,28.629908,77.318325,32.0,CNG,19.33,25.5,2,2399,32.5
1790830837995,28.629830,77.318355,32.0,CNG,18.84,25.1,2,2427,32.5
1790830838702,28.629751,77.318380,32.0,CNG,19.15,25.1,2,2443,32.5
1790830839874,28.629680,77.318404,32.0,CNG,19.29,25.1,2,2449,32.2
1790830840714,28.629608,77.318417,32.0,CNG,19.03,25.1,2,2473,32.2
1790830841389,28.629608,77.318417,32.0,CNG,24.44,14.9,,2064,32.2
1790830842536,28.629534,77.318445,32.0,CNG,25.59,27.1,3,1639,33.7
1790830843236,28.629460,77.318469,32.0,CNG,35.04,14.9,3,1573,33.7
1790830843883,28.629389,77.318499,31.0,CNG,45.81,14.9,4,1026,33.7
1790830845007,28.629330,77.318521,28.0,CNG,51.52,14.9,5,922,25.1
1790830845611,28.629330,77.318521,21.0,CNG,48.54,14.9,4,869,25.1
1790830846227,28.629285,77.318553,17.0,CNG,43.12,14.9,3,877,25.1
1790830847319,28.629245,77.318579,14.0,CNG,36.97,14.9,,867,27.5
1790830847936,28.629223,77.318601,13.0,CNG,35.94,14.9,2,884,27.5
1790830848529,28.629223,77.318601,13.0,CNG,35.37,14.9,2,884,27.5
1790830849701,28.629219,77.318656,12.0,CNG,29.09,14.9,2,865,33.3
1790830850345,28.629219,77.318656,13.0,CNG,24.64,14.9,,864,33.3
1790830850996,28.629264,77.318693,13.0,CNG,21.97,14.9,,859,33.3
1790830852095,28.629284,77.318711,12.0,CNG,18.86,14.9,2,867,42.7
1790830852752,28.629311,77.318722,12.0,CNG,14.42,22.0,2,868,42.7
1790830853350,28.629311,77.318722,12.0,CNG,11.65,27.1,2,931,42.7
1790830854451,28.629344,77.318711,13.0,CNG,10.84,26.7,2,971,58.4
1790830855099,28.629374,77.318687,15.0,CNG,10.84,31.8,2,1139,58.4
1790830855780,28.629409,77.318666,17.0,CNG,9.76,40.0,2,1248,58.4
1790830856870,28.629447,77.318647,19.0,CNG,13.42,14.9,2,1419,39.6
1790830857540,28.629447,77.318647,20.0,CNG,14.97,25.5,2,1439,39.6
1790830858196,28.629497,77.318626,20.0,CNG,20.42,14.9,2,1462,39.6
1790830859317,28.629542,77.318606,19.0,CNG,26.56,14.9,3,1086,18.0
1790830860190,28.629575,77.318591,15.0,CNG,28.48,14.9,,902,18.0
1790830861002,28.629615,77.318581,11.0,CNG,26.48,14.9,2,872,18.0
1790830862115,28.629635,77.318582,7.0,CNG,22.31,14.9,1,879,27.8
1790830862749,28.629644,77.318582,0.0,CNG,12.30,14.9,0,869,27.8
1790830863352,28.629644,77.318582,0.0,CNG,6.83,14.9,0,865,27.8
1790830864896,28.629642,77.318581,0.0,CNG,,31.0,0,865,59.6
1790830865695,28.629650,77.318577,4.0,CNG,3.43,14.9,,828,59.6
1790830866474,28.629650,77.318577,3.0,CNG,3.65,14.9,,868,59.6
1790830867588,28.629650,77.318577,0.0,CNG,,14.9,0,863,44.3
1790830868241,28.629648,77.318573,0.0,CNG,,18.8,0,867,44.3
1790830869040,28.629647,77.318573,1.0,CNG,,14.9,,678,44.3
1790830870153,28.629649,77.318572,2.0,CNG,,14.9,,847,36.1
1790830870841,28.629648,77.318574,3.0,CNG,,14.9,,809,36.1
1790830871564,28.629648,77.318574,2.0,CNG,,14.9,,856,36.1
1790830872884,28.629646,77.318577,2.0,CNG,,14.9,,858,43.9
1790830873546,28.629646,77.318577,2.0,CNG,,14.9,,866,43.9
1790830874244,28.629642,77.318580,2.0,CNG,,14.9,,869,43.9
1790830875587,28.629642,77.318581,1.0,CNG,,14.9,,872,42.4
1790830876279,28.629647,77.318581,0.0,CNG,,17.3,0,867,42.4
1790830876936,28.629647,77.318581,0.0,CNG,,14.9,0,684,42.4
1790830878033,28.629647,77.318581,1.0,CNG,,14.9,,923,29.8
1790830878684,28.629647,77.318581,1.0,CNG,,14.9,,853,29.8
1790830879387,28.629647,77.318581,1.0,CNG,,19.6,,837,29.8
1790830880576,28.629647,77.318581,1.0,CNG,,14.9,,883,53.3
1790830881235,28.629647,77.318581,2.0,CNG,,14.9,,839,53.3
1790830882090,28.629647,77.318581,1.0,CNG,,14.9,,848,53.3
1790830883564,28.629647,77.318582,2.0,CNG,,14.9,,817,49.4
1790830884283,28.629647,77.318581,1.0,CNG,,19.6,,855,49.4
1790830884919,28.629647,77.318581,1.0,CNG,,14.9,,760,49.4
1790830886081,28.629647,77.318582,1.0,CNG,,14.9,,837,47.1
1790830886785,28.629647,77.318582,0.0,CNG,,14.9,0,864,47.1
1790830887392,28.629647,77.318582,0.0,CNG,,14.9,0,814,47.1
1790830888552,28.629647,77.318582,2.0,CNG,,14.9,,838,46.3
1790830889195,28.629647,77.318582,2.0,CNG,,14.9,,843,46.3
1790830889813,28.629647,77.318582,2.0,CNG,,14.9,,854,46.3
1790830890923,28.629647,77.318582,1.0,CNG,,14.9,,872,41.2
1790830891529,28.629647,77.318582,1.0,CNG,,19.6,,863,41.2
1790830892166,28.629647,77.318582,1.0,CNG,,21.2,,1054,41.2
1790830893381,28.629647,77.318582,0.0,CNG,,14.9,0,869,44.3
1790830894051,28.629647,77.318582,0.0,CNG,,14.9,0,741,44.3
1790830894654,28.629647,77.318582,2.0,CNG,,14.9,,785,44.3
1790830895865,28.629647,77.318582,2.0,CNG,,14.9,,849,25.9
1790830896460,28.629647,77.318582,2.0,CNG,,14.9,,852,25.9
1790830897131,28.629647,77.318582,2.0,CNG,,14.9,,817,25.9
1790830898277,28.629647,77.318582,2.0,CNG,,14.9,,889,24.3
1790830898908,28.629646,77.318582,2.0,CNG,,14.9,,882,24.3
1790830899587,28.629646,77.318582,2.0,CNG,,14.9,,882,24.3
1790830900971,28.629646,77.318582,1.0,CNG,,14.9,,867,37.3
1790830901632,28.629646,77.318582,1.0,CNG,,14.9,,867,37.3
1790830902316,28.629646,77.318582,1.0,CNG,,14.9,,870,37.3
1790830903392,28.629646,77.318582,1.0,CNG,,14.9,,871,43.1
1790830904042,28.629646,77.318582,0.0,CNG,,14.9,0,864,43.1
1790830904656,28.629646,77.318582,1.0,CNG,,,,866,43.1
1790830905818,28.629646,77.318582,1.0,CNG,,14.9,,867,39.6
1790830906495,28.629646,77.318582,0.0,CNG,,14.9,0,864,39.6
1790830907176,28.629646,77.318582,0.0,CNG,,14.9,0,867,39.6
1790830908302,28.629646,77.318582,0.0,CNG,,14.9,0,924,20.8
1790830909009,28.629646,77.318582,0.0,CNG,,14.9,0,870,20.8
1790830909706,28.629646,77.318582,0.0,CNG,,14.9,0,866,20.8
1790830910907,28.629646,77.318582,0.0,CNG,,14.9,0,847,21.6
1790830911517,28.629646,77.318582,0.0,CNG,,14.9,0,840,21.6
1790830912161,28.629642,77.318580,0.0,CNG,,14.9,0,842,21.6
1790830913192,28.629642,77.318583,0.0,CNG,,14.9,0,843,21.6
1790830913831,28.629640,77.318585,,CNG,,,,,21.6
1790830914417,28.629640,77.318585,,CNG,,,,,21.6
1790830915479,28.629641,77.318585,,CNG,,,,,21.6
1790830916101,28.629642,77.318585,,CNG,,,,,21.6
1790830916641,28.629639,77.318588,,CNG,,,,,21.6
1790830917662,28.629636,77.318592,,CNG,,,,,21.6
1790830918225,28.629636,77.318592,,CNG,,,,,21.6
1790830918786,28.629631,77.318592,,CNG,,,,,21.6
1790830919804,28.629626,77.318596,,CNG,,,,,21.6
1790830920405,28.629626,77.318596,,CNG,,,,,21.6
1790830920986,28.629617,77.318590,,CNG,,,,,21.6
1790830922010,28.629615,77.318589,,CNG,,,,,21.6
1790830922596,28.629615,77.318589,,CNG,,,,,21.6
1790830923205,28.629614,77.318585,,CNG,,,,,21.6
1790830924270,28.629611,77.318587,,CNG,,,,,21.6
1790830924844,28.629611,77.318586,,CNG,,,,,21.6
1790830925439,28.629611,77.318586,,CNG,,,,,21.6
