t_ms,lat,lon,speed_kmh,fuel,inst_eff,pedal,gear,rpm,load
1791108788481,28.577314,77.327697,25.0,PETROL,26.13,14.9,4,859,42.7
1791108789285,28.577265,77.327657,22.0,PETROL,25.23,14.9,4,865,42.7
1791108790072,28.577265,77.327657,20.0,PETROL,22.88,14.9,,862,42.7
1791108791727,28.577222,77.327623,18.0,CNG,25.07,14.9,3,860,60.4
1791108792517,28.577186,77.327580,20.0,CNG,13.04,35.7,2,1531,60.4
1791108793546,28.577147,77.327519,23.0,CNG,10.78,38.8,2,1744,60.4
1791108795173,28.577106,77.327460,26.0,CNG,14.86,14.9,2,1938,59.2
1791108795952,28.577070,77.327405,26.0,CNG,14.89,14.9,3,1355,59.2
1791108796676,28.577028,77.327349,27.0,CNG,19.68,,3,1234,59.2
1791108798421,28.576952,77.327264,22.0,CNG,22.96,14.9,3,1042,39.2
1791108799210,28.576920,77.327229,18.0,CNG,15.98,31.4,3,1021,39.2
1791108800008,28.576920,77.327229,20.0,CNG,13.74,29.8,2,1479,39.2
1791108801642,28.576853,77.327132,22.0,CNG,13.27,28.6,2,1607,48.6
1791108802512,28.576822,77.327079,23.0,CNG,13.75,26.3,2,1724,48.6
1791108803281,28.576789,77.327024,23.0,CNG,12.84,,2,1743,48.6
1791108805006,28.576752,77.326972,24.0,CNG,12.84,30.6,2,1849,52.2
1791108805866,28.576711,77.326917,26.0,CNG,13.15,28.2,2,1984,52.2
1791108806645,28.576667,77.326862,27.0,CNG,15.35,14.9,2,2080,52.2
1791108808351,28.576575,77.326753,27.0,CNG,21.49,28.6,,1765,25.5
1791108809152,28.576575,77.326753,27.0,CNG,22.65,25.1,3,1370,25.5
1791108809988,28.576533,77.326701,27.0,CNG,26.16,22.0,3,1376,25.5
1791108811557,28.576443,77.326593,27.0,CNG,33.25,18.0,3,1389,18.0
1791108812317,28.576396,77.326543,27.0,CNG,38.85,26.7,3,1353,18.0
1791108813156,28.576396,77.326543,26.0,CNG,28.77,34.5,3,1325,18.0
1791108814707,28.576301,77.326442,27.0,CNG,21.45,31.8,3,1373,54.1
1791108815508,28.576250,77.326385,28.0,CNG,26.79,14.9,3,1468,54.1
1791108816332,28.576200,77.326333,28.0,CNG,30.20,14.9,,1211,54.1
1791108817892,28.576148,77.326292,26.0,CNG,33.19,14.9,4,1040,49.8
1791108818743,28.576099,77.326275,23.0,CNG,16.82,36.1,2,1575,49.8
1791108819563,28.576041,77.326290,25.0,CNG,13.04,38.0,2,1930,49.8
1791108821097,28.575984,77.326335,28.0,CNG,11.27,35.7,2,2094,54.9
1791108821960,28.575926,77.326388,31.0,CNG,11.60,30.6,2,2366,54.9
1791108822699,28.575866,77.326438,32.0,CNG,16.31,14.9,2,2440,54.9
1791108824315,28.575745,77.326552,32.0,CNG,17.21,29.0,3,1467,54.1
1791108825257,28.575684,77.326607,33.0,CNG,17.96,30.2,3,1630,54.1
1791108826132,28.575684,77.326607,34.0,CNG,20.38,21.6,3,1692,54.1
1791108827658,28.575561,77.326726,34.0,CNG,27.30,14.9,3,1714,17.3
1791108828518,28.575504,77.326776,27.0,CNG,34.92,14.9,4,922,17.3
1791108829282,28.575473,77.326804,16.0,CNG,35.08,14.9,3,863,17.3
1791108830993,28.575459,77.326819,8.0,CNG,30.20,14.9,,870,21.6
1791108831756,28.575449,77.326829,6.0,CNG,12.09,42.0,1,899,21.6
1791108832596,28.575434,77.326843,10.0,CNG,8.16,44.3,1,1364,21.6
1791108834157,28.575405,77.326866,15.0,CNG,5.53,14.9,1,2028,58.0
1791108834980,28.575374,77.326895,18.0,CNG,6.97,47.8,2,1294,58.0
1791108835880,28.575338,77.326927,21.0,CNG,7.20,58.4,2,1618,58.0
1791108837392,28.575242,77.327011,25.0,CNG,7.20,47.5,2,1857,79.2
1791108838247,28.575183,77.327062,31.0,CNG,11.31,14.9,2,2372,79.2
1791108839074,28.575183,77.327062,31.0,CNG,16.42,44.7,3,1447,79.2
1791108840742,28.575064,77.327172,32.0,CNG,12.45,57.3,3,1579,88.6
1791108841633,28.574996,77.327231,36.0,CNG,12.21,14.9,3,1836,88.6
1791108842399,28.574927,77.327292,36.0,CNG,18.83,14.9,4,1499,88.6
1791108844152,28.574867,77.327348,31.0,CNG,26.77,14.9,5,1023,23.9
1791108845076,28.574828,77.327383,13.0,CNG,27.54,14.9,,869,23.9
1791108845986,28.574804,77.327403,11.0,CNG,15.79,35.7,2,897,23.9
1791108847529,28.574757,77.327447,12.0,CNG,11.13,49.0,,1163,87.1
1791108848317,28.574721,77.327479,19.0,CNG,12.04,53.7,2,1395,87.1
1791108849062,28.574721,77.327479,22.0,CNG,8.42,52.2,2,1659,87.1
1791108850705,28.574631,77.327566,25.0,CNG,7.59,41.2,2,1901,32.9
1791108851515,28.574581,77.327611,26.0,CNG,11.48,14.9,3,1397,32.9
1791108852307,28.574543,77.327645,19.0,CNG,14.33,14.9,,1227,32.9
1791108853833,28.574517,77.327666,13.0,CNG,15.37,14.9,2,1059,38.0
1791108854640,28.574493,77.327687,12.0,CNG,10.02,40.0,2,857,38.0
1791108855528,28.574468,77.327711,14.0,CNG,9.38,14.9,2,1092,38.0
1791108857242,28.574405,77.327771,15.0,CNG,9.01,38.8,2,1166,78.0
1791108858064,28.574405,77.327771,20.0,CNG,7.83,55.7,2,1524,78.0
1791108858919,28.574365,77.327808,24.0,CNG,7.90,53.3,2,1769,78.0
1791108860463,28.574262,77.327897,27.0,CNG,7.46,14.9,2,2066,62.0
1791108861246,28.574209,77.327946,29.0,CNG,9.46,41.2,3,1464,62.0
1791108862014,28.574209,77.327946,30.0,CNG,9.77,41.6,3,1544,62.0
1791108863597,28.574088,77.328055,32.0,CNG,14.33,14.9,3,1627,19.2
1791108864371,28.574045,77.328099,24.0,CNG,19.71,14.9,4,959,19.2
1791108865286,28.574030,77.328143,18.0,CNG,22.76,14.9,3,874,19.2
1791108866860,28.574039,77.328188,15.0,CNG,24.56,36.1,3,863,55.3
1791108867647,28.574058,77.328233,17.0,CNG,16.18,38.4,2,1329,55.3
1791108868422,28.574095,77.328264,20.0,CNG,13.32,43.1,2,1495,55.3
1791108870116,28.574135,77.328304,23.0,CNG,11.13,37.3,2,1716,21.2
1791108870940,28.574173,77.328353,24.0,CNG,16.52,14.9,,1010,21.2
1791108871736,28.574211,77.328409,22.0,CNG,20.96,14.9,4,913,21.2
1791108873391,28.574272,77.328499,21.0,CNG,24.08,14.9,4,864,75.7
1791108874201,28.574297,77.328554,22.0,CNG,14.70,36.5,2,1604,75.7
1791108875018,28.574297,77.328554,24.0,CNG,13.37,14.9,2,1820,75.7
1791108876615,28.574371,77.328655,24.0,CNG,16.13,14.9,3,1280,29.0
1791108877431,28.574394,77.328681,13.0,CNG,16.76,14.9,2,1028,29.0
1791108878273,28.574405,77.328699,10.0,CNG,16.08,14.9,,910,29.0
1791108879911,28.574427,77.328724,10.0,CNG,9.77,32.2,,864,73.7
1791108880769,28.574451,77.328746,14.0,CNG,9.61,39.2,2,1058,73.7
1791108881559,28.574478,77.328774,17.0,CNG,10.03,36.1,2,1253,73.7
1791108883118,28.574515,77.328810,19.0,CNG,11.08,14.9,2,1430,20.8
1791108883872,28.574546,77.328856,17.0,CNG,14.36,14.9,,1001,20.8
1791108884654,28.574566,77.328890,14.0,CNG,16.26,14.9,,914,20.8
1791108886274,28.574602,77.328952,12.0,CNG,10.13,42.7,2,849,86.3
1791108887123,28.574602,77.328952,18.0,CNG,7.81,53.3,2,1316,86.3
1791108887985,28.574631,77.328991,21.0,CNG,7.32,51.0,2,1580,86.3
1791108889580,28.574703,77.329094,25.0,CNG,8.34,14.9,2,1862,66.7
1791108890433,28.574747,77.329143,26.0,CNG,10.39,41.2,3,1264,66.7
1791108891271,28.574791,77.329202,28.0,CNG,11.72,14.9,3,1385,66.7
1791108892897,28.574829,77.329254,27.0,CNG,16.40,14.9,3,1329,32.9
1791108893750,28.574862,77.329295,20.0,CNG,18.85,28.6,3,920,32.9
1791108894543,28.574890,77.329339,19.0,CNG,13.93,32.5,,1271,32.9
1791108896375,28.574955,77.329426,21.0,CNG,13.01,14.9,2,1587,28.2
1791108897271,28.574983,77.329464,18.0,CNG,15.84,14.9,,1158,28.2
1791108898258,28.575011,77.329504,17.0,CNG,10.76,39.6,3,964,28.2
1791108900200,28.575076,77.329592,19.0,CNG,8.81,43.9,2,1421,76.5
1791108901173,28.575076,77.329592,25.0,CNG,12.78,14.9,2,1898,76.5
1791108902066,28.575114,77.329647,25.0,CNG,14.63,35.7,,1455,76.5
1791108904079,28.575193,77.329758,26.0,CNG,16.45,29.0,3,1313,34.5
1791108905297,28.575279,77.329884,29.0,CNG,19.21,29.4,3,1465,34.5
1791108906096,28.575279,77.329884,30.0,CNG,26.57,14.9,3,1542,34.5
1791108907689,28.575369,77.330002,29.0,CNG,36.15,14.9,4,1073,30.6
1791108908576,28.575399,77.330039,19.0,CNG,33.54,14.9,3,862,30.6
1791108909432,28.575429,77.330076,19.0,CNG,30.08,39.2,3,864,30.6
1791108911139,28.575460,77.330117,19.0,CNG,17.14,38.0,2,1489,47.5
1791108911934,28.575496,77.330162,22.0,CNG,20.91,14.9,2,1708,47.5
1791108912758,28.575539,77.330191,19.0,CNG,23.11,14.9,2,1471,47.5
1791108914319,28.575622,77.330147,18.0,CNG,12.15,37.6,2,1383,83.9
1791108915132,28.575622,77.330147,22.0,CNG,9.48,44.7,2,1651,83.9
1791108915979,28.575662,77.330106,25.0,CNG,13.11,14.9,2,1869,83.9
1791108917604,28.575752,77.330014,25.0,CNG,16.91,14.9,3,1422,29.4
1791108918481,28.575773,77.329981,14.0,CNG,17.20,14.9,2,1087,29.4
1791108919356,28.575797,77.329961,12.0,CNG,20.18,14.9,2,953,29.4
1791108920888,28.575817,77.329943,10.0,CNG,12.34,33.7,,894,72.2
1791108921693,28.575843,77.329920,15.0,CNG,11.62,36.5,2,1106,72.2
1791108922548,28.575874,77.329889,18.0,CNG,11.43,27.1,2,1373,72.2
1791108924130,28.575909,77.329853,19.0,CNG,15.82,22.4,2,1510,24.3
1791108925056,28.575947,77.329814,18.0,CNG,18.89,14.9,2,1343,24.3
1791108925955,28.575977,77.329780,14.0,CNG,19.29,14.9,2,1148,24.3
1791108927410,28.576003,77.329740,8.0,CNG,16.28,14.9,,972,41.6
1791108928191,28.576011,77.329732,5.0,CNG,12.67,14.9,,869,41.6
1791108928960,28.576011,77.329732,4.0,CNG,6.37,36.5,,900,41.6
1791108930657,28.576041,77.329723,8.0,CNG,5.49,35.7,1,1114,61.6
1791108931410,28.576066,77.329705,14.0,CNG,8.53,14.9,,1553,61.6
1791108932144,28.576066,77.329705,13.0,CNG,11.21,29.0,,1391,61.6
1791108933657,28.576112,77.329657,14.0,CNG,11.02,33.7,,1348,50.6
1791108934437,28.576141,77.329625,18.0,CNG,11.13,36.1,2,1330,50.6
1791108935230,28.576180,77.329585,20.0,CNG,11.55,37.3,2,1505,50.6
1791108936751,28.576224,77.329545,22.0,CNG,9.70,40.4,2,1690,55.7
1791108937518,28.576271,77.329502,25.0,CNG,15.74,14.9,,1589,55.7
1791108938240,28.576316,77.329463,24.0,CNG,19.46,14.9,3,1132,55.7
1791108939726,28.576346,77.329436,16.0,CNG,20.56,14.9,,990,40.0
1791108940467,28.576367,77.329416,11.0,CNG,12.28,36.5,2,894,40.0
1791108941207,28.576390,77.329396,13.0,CNG,9.88,47.1,2,988,40.0
1791108942742,28.576421,77.329368,15.0,CNG,7.76,44.3,2,1140,78.8
1791108943475,28.576460,77.329334,21.0,CNG,8.68,14.9,2,1584,78.8
1791108944218,28.576501,77.329295,22.0,CNG,13.21,20.8,2,1515,78.8
1791108945857,28.576543,77.329260,22.0,CNG,12.17,36.1,2,1540,34.9
1791108946618,28.576586,77.329222,23.0,CNG,16.79,14.9,,981,34.9
1791108947380,28.576622,77.329187,20.0,CNG,19.85,14.9,,893,34.9
1791108948856,28.576650,77.329160,16.0,CNG,20.13,14.9,3,863,45.9
1791108949577,28.576672,77.329143,11.0,CNG,17.87,14.9,2,863,45.9
1791108950349,28.576696,77.329143,10.0,CNG,10.27,35.3,,866,45.9
1791108951846,28.576720,77.329151,11.0,CNG,8.76,33.3,,1141,68.6
1791108952628,28.576744,77.329170,15.0,CNG,8.02,41.6,2,1135,68.6
1791108953356,28.576768,77.329204,18.0,CNG,8.47,32.9,2,1331,68.6
1791108954872,28.576797,77.329242,19.0,CNG,12.37,14.9,2,1412,28.6
1791108955593,28.576828,77.329283,17.0,CNG,15.43,14.9,,1060,28.6
1791108956343,28.576850,77.329320,14.0,CNG,16.20,14.9,,928,28.6
1791108957850,28.576866,77.329353,13.0,CNG,16.38,14.9,,879,43.9
1791108958576,28.576881,77.329380,10.0,CNG,12.19,32.9,,914,43.9
1791108959317,28.576900,77.329403,12.0,CNG,10.56,40.4,2,897,43.9
1791108960842,28.576920,77.329422,14.0,CNG,10.06,51.8,2,1048,81.6
1791108961624,28.576949,77.329453,19.0,CNG,8.42,58.0,2,1464,81.6
1791108962400,28.576995,77.329503,23.0,CNG,7.21,54.5,2,1757,81.6
1791108963934,28.577041,77.329565,27.0,CNG,10.91,14.9,2,2060,72.5
1791108964753,28.577084,77.329627,29.0,CNG,10.96,47.1,3,1432,72.5
1791108965656,28.577132,77.329691,31.0,CNG,10.94,49.0,3,1548,72.5
1791108967205,28.577233,77.329828,33.0,CNG,16.06,24.7,3,1684,82.4
1791108967995,28.577233,77.329828,34.0,CNG,16.57,42.7,4,1286,82.4
1791108968751,28.577286,77.329898,35.0,CNG,15.41,25.5,4,1314,82.4
1791108970196,28.577397,77.330054,36.0,CNG,23.06,14.9,4,1295,34.9
1791108971031,28.577397,77.330054,31.0,CNG,27.39,14.9,5,924,34.9
1791108971746,28.577447,77.330124,30.0,CNG,31.23,14.9,5,860,34.9
1791108973306,28.577527,77.330236,28.0,CNG,33.06,14.9,5,859,42.0
1791108974030,28.577527,77.330236,27.0,CNG,34.15,14.9,5,863,42.0
1791108974834,28.577571,77.330285,27.0,CNG,35.87,33.7,5,869,42.0
1791108976298,28.577651,77.330398,27.0,CNG,16.79,46.7,3,1256,38.4
1791108977125,28.577651,77.330398,23.0,CNG,21.82,14.9,3,1181,38.4
1791108977891,28.577688,77.330442,10.0,CNG,22.33,14.9,,1093,38.4
1791108979399,28.577693,77.330448,2.0,CNG,18.05,14.9,,899,31.4
1791108980177,28.577696,77.330445,0.0,CNG,10.97,39.6,0,1180,31.4
1791108980967,28.577696,77.330445,1.0,CNG,3.51,38.0,,1264,31.4
1791108982524,28.577685,77.330422,6.0,CNG,3.55,20.4,,1622,39.6
1791108983295,28.577678,77.330404,8.0,CNG,5.40,14.9,1,993,39.6
1791108984018,28.577678,77.330404,7.0,CNG,6.58,14.9,1,869,39.6
1791108985910,28.577678,77.330399,3.0,CNG,5.63,23.9,,857,64.3
1791108986656,28.577680,77.330401,5.0,CNG,4.09,30.6,,1320,64.3
1791108987467,28.577696,77.330401,9.0,CNG,5.02,28.6,1,1287,64.3
1791108989036,28.577715,77.330394,11.0,CNG,5.89,32.2,1,1572,62.0
1791108989762,28.577732,77.330375,15.0,CNG,4.69,14.9,1,2089,62.0
1791108990518,28.577748,77.330350,16.0,CNG,7.10,31.0,,1596,62.0
1791108992045,28.577779,77.330318,17.0,CNG,8.14,32.9,2,1389,63.5
1791108992750,28.577813,77.330287,20.0,CNG,7.70,47.8,2,1542,63.5
1791108993563,28.577846,77.330258,23.0,CNG,7.82,14.9,2,1749,63.5
1791108995096,28.577909,77.330214,25.0,CNG,13.09,28.2,,1442,51.0
1791108995880,28.577959,77.330156,26.0,CNG,15.05,33.3,3,1318,51.0
1791108996596,28.578023,77.330097,27.0,CNG,26.67,34.1,3,1376,51.0
1791108998164,28.578068,77.330059,28.0,CNG,35.65,14.9,3,1333,17.3
1791108998903,28.578119,77.330013,23.0,CNG,43.08,14.9,4,955,17.3
1791108999719,28.578160,77.329972,22.0,CNG,46.00,14.9,4,857,17.3
1791109001236,28.578224,77.329910,21.0,CNG,46.26,14.9,4,864,24.7
1791109002069,28.578224,77.329910,18.0,CNG,38.95,14.9,3,861,24.7
1791109002819,28.578259,77.329872,17.0,CNG,32.81,14.9,3,857,24.7
1791109004317,28.578295,77.329824,16.0,CNG,28.18,14.9,3,853,42.7
1791109005266,28.578318,77.329801,12.0,CNG,21.63,14.9,2,852,42.7
1791109006223,28.578342,77.329782,11.0,CNG,19.11,14.9,2,868,42.7
1791109007738,28.578359,77.329769,8.0,CNG,15.65,14.9,,858,43.1
1791109008604,28.578372,77.329761,5.0,CNG,12.04,14.9,,855,43.1
1791109009313,28.578380,77.329755,4.0,CNG,9.27,14.9,,862,43.1
1791109010838,28.578382,77.329754,2.0,CNG,6.63,14.9,,862,42.7
1791109011598,28.578380,77.329754,0.0,CNG,,14.9,0,852,42.7
1791109012428,28.578380,77.329753,0.0,CNG,,14.9,0,852,42.7
1791109013928,28.578379,77.329752,0.0,CNG,,14.9,0,856,43.1
1791109014754,28.578380,77.329751,0.0,CNG,,14.9,0,851,43.1
1791109015510,28.578380,77.329751,0.0,CNG,,14.9,0,853,43.1
1791109017017,28.578380,77.329751,0.0,CNG,,14.9,0,856,43.5
1791109017765,28.578380,77.329751,0.0,CNG,,14.9,0,845,43.5
1791109018541,28.578379,77.329751,0.0,CNG,,14.9,0,851,43.5
1791109020040,28.578379,77.329751,0.0,CNG,,14.9,0,864,40.0
1791109020832,28.578379,77.329751,0.0,CNG,,14.9,0,854,40.0
1791109021598,28.578379,77.329751,0.0,CNG,,14.9,0,849,40.0
1791109023146,28.578379,77.329751,0.0,CNG,,14.9,0,851,40.4
1791109023944,28.578379,77.329751,0.0,CNG,,14.9,0,851,40.4
1791109024698,28.578380,77.329750,0.0,CNG,,14.9,0,843,40.4
1791109026415,28.578381,77.329750,0.0,CNG,,14.9,0,859,42.7
1791109027207,28.578381,77.329750,0.0,CNG,,14.9,0,850,42.7
1791109028000,28.578381,77.329750,0.0,CNG,,14.9,0,850,42.7
1791109029444,28.578381,77.329750,0.0,CNG,,14.9,0,852,41.6
1791109030173,28.578381,77.329750,0.0,CNG,,14.9,0,855,41.6
1791109030947,28.578381,77.329750,0.0,CNG,,14.9,0,848,41.6
1791109032432,28.578381,77.329750,0.0,CNG,,14.9,0,857,41.2
1791109033192,28.578381,77.329750,0.0,CNG,,14.9,0,850,41.2
1791109033984,28.578381,77.329750,0.0,CNG,,14.9,0,850,41.2
1791109035474,28.578381,77.329750,0.0,CNG,,14.9,0,854,41.2
1791109036242,28.578381,77.329750,0.0,CNG,,14.9,0,849,41.2
1791109036984,28.578381,77.329750,0.0,CNG,,14.9,0,853,41.2
1791109038442,28.578381,77.329750,0.0,CNG,,14.9,0,851,41.2
1791109039210,28.578381,77.329750,0.0,CNG,,14.9,0,855,41.2
1791109039961,28.578381,77.329750,0.0,CNG,,14.9,0,847,41.2
1791109041480,28.578381,77.329750,0.0,CNG,,14.9,0,852,40.4
1791109042216,28.578381,77.329750,0.0,CNG,,14.9,0,857,40.4
1791109043048,28.578381,77.329750,0.0,CNG,,14.9,0,853,40.4
1791109044556,28.578381,77.329750,0.0,CNG,,14.9,0,853,40.8
1791109045473,28.578381,77.329750,0.0,CNG,,14.9,0,849,40.8
1791109046299,28.578381,77.329750,0.0,CNG,,14.9,0,852,40.8
1791109047798,28.578381,77.329750,0.0,CNG,,14.9,0,850,40.8
1791109048559,28.578381,77.329750,0.0,CNG,,14.9,0,850,40.8
1791109049338,28.578381,77.329750,0.0,CNG,,14.9,0,850,40.8
1791109050852,28.578381,77.329750,0.0,CNG,,14.9,0,847,40.4
1791109051602,28.578381,77.329750,0.0,CNG,,14.9,0,853,40.4
1791109052417,28.578381,77.329750,0.0,CNG,,14.9,0,849,40.4
1791109053953,28.578381,77.329750,0.0,CNG,,14.9,0,850,40.4
1791109054721,28.578381,77.329750,0.0,CNG,,14.9,0,850,40.4
1791109055487,28.578381,77.329749,0.0,CNG,,14.9,0,853,40.4
1791109056954,28.578381,77.329749,0.0,CNG,,14.9,0,852,40.0
1791109057743,28.578381,77.329749,0.0,CNG,,14.9,0,848,40.0
1791109058528,28.578381,77.329749,0.0,CNG,,14.9,0,853,40.0
1791109060022,28.578381,77.329749,0.0,CNG,,14.9,0,849,40.4
1791109060787,28.578381,77.329749,0.0,CNG,,14.9,0,856,40.4
1791109061556,28.578381,77.329749,0.0,CNG,,14.9,0,847,40.4
1791109063171,28.578381,77.329749,0.0,CNG,,14.9,0,851,40.4
1791109063972,28.578381,77.329749,0.0,CNG,,14.9,0,844,40.4
1791109064692,28.578381,77.329749,0.0,CNG,,14.9,0,852,40.4
1791109066503,28.578382,77.329750,0.0,CNG,,14.9,0,851,40.4
1791109067247,28.578385,77.329750,0.0,CNG,,14.9,0,852,40.4
1791109068006,28.578385,77.329750,0.0,CNG,,14.9,0,849,40.4
1791109069477,28.578391,77.329740,0.0,CNG,,14.9,0,854,40.4
1791109070264,28.578396,77.329734,0.0,CNG,,14.9,0,849,40.4
1791109070995,28.578396,77.329734,0.0,CNG,,14.9,0,852,40.4
1791109072447,28.578397,77.329732,0.0,CNG,,14.9,0,847,40.4
1791109073223,28.578398,77.329732,0.0,CNG,,14.9,0,851,40.4
1791109074026,28.578398,77.329732,0.0,CNG,,14.9,0,856,40.4
1791109075501,28.578400,77.329731,0.0,CNG,,14.9,0,853,40.0
1791109076230,28.578401,77.329731,0.0,CNG,,14.9,0,853,40.0
1791109077003,28.578401,77.329731,0.0,CNG,,14.9,0,856,40.0
1791109078569,28.578401,77.329730,0.0,CNG,,14.9,0,847,43.1
1791109079324,28.578401,77.329730,0.0,CNG,,14.9,0,853,43.1
1791109080079,28.578401,77.329730,0.0,CNG,,14.9,0,852,43.1
1791109081550,28.578401,77.329730,0.0,CNG,,14.9,0,850,42.0
1791109082298,28.578401,77.329730,0.0,CNG,,14.9,0,857,42.0
1791109083032,28.578401,77.329730,0.0,CNG,,14.9,0,857,42.0
1791109084524,28.578402,77.329729,0.0,CNG,,14.9,0,842,43.5
1791109085483,28.578402,77.329729,0.0,CNG,,14.9,0,856,43.5
1791109086266,28.578402,77.329729,0.0,CNG,,14.9,0,855,43.5
1791109087795,28.578402,77.329729,0.0,CNG,,14.9,0,842,42.7
1791109088587,28.578402,77.329729,0.0,CNG,,14.9,0,847,42.7
1791109089340,28.578402,77.329729,0.0,CNG,,25.9,0,850,42.7
1791109090880,28.578402,77.329729,1.0,CNG,,14.9,,948,45.1
1791109091613,28.578402,77.329729,1.0,CNG,,31.8,,859,45.1
1791109092376,28.578403,77.329727,2.0,CNG,,14.9,,1532,45.1
1791109093895,28.578404,77.329725,2.0,CNG,,14.9,,1294,47.8
1791109094687,28.578405,77.329724,1.0,CNG,,14.9,,1383,47.8
1791109095426,28.578407,77.329721,1.0,CNG,,14.9,,1228,47.8
1791109096907,28.578404,77.329720,0.0,CNG,,25.1,0,1072,50.2
1791109097647,28.578405,77.329718,2.0,CNG,,27.8,,964,50.2
1791109098450,28.578406,77.329714,2.0,CNG,,26.7,,1343,50.2
1791109099989,28.578415,77.329706,6.0,CNG,2.95,39.6,,948,84.3
1791109100789,28.578425,77.329697,13.0,CNG,4.20,20.4,1,1757,84.3
1791109101545,28.578441,77.329680,15.0,CNG,8.10,14.9,,1771,84.3
1791109103034,28.578464,77.329658,15.0,CNG,13.35,14.9,2,1042,25.9
1791109103831,28.578483,77.329643,14.0,CNG,16.57,14.9,,921,25.9
1791109104570,28.578508,77.329623,10.0,CNG,16.96,14.9,,930,25.9
1791109106324,28.578543,77.329591,8.0,CNG,16.10,14.9,,926,39.2
1791109107143,28.578557,77.329580,6.0,CNG,6.99,36.1,1,910,39.2
1791109107884,28.578557,77.329580,7.0,CNG,4.84,34.1,,1517,39.2
1791109109355,28.578576,77.329535,9.0,CNG,4.91,36.1,,1607,80.8
1791109110154,28.578576,77.329535,14.0,CNG,6.06,36.9,2,1054,80.8
1791109110906,28.578566,77.329495,17.0,CNG,6.77,36.5,2,1237,80.8
1791109112320,28.578506,77.329397,19.0,CNG,8.04,26.7,2,1421,57.6
1791109113164,28.578506,77.329397,20.0,CNG,9.53,25.9,2,1574,57.6
1791109113900,28.578476,77.329349,21.0,CNG,10.98,23.9,2,1560,57.6
1791109115364,28.578417,77.329260,22.0,CNG,12.31,25.9,2,1667,50.2
1791109116063,28.578417,77.329260,23.0,CNG,12.14,32.5,2,1719,50.2
1791109116826,28.578387,77.329209,24.0,CNG,11.82,30.2,2,1802,50.2
1791109118336,28.578315,77.329095,25.0,CNG,11.84,29.4,2,1917,48.6
1791109119075,28.578315,77.329095,27.0,CNG,12.64,28.2,2,2069,48.6
1791109119868,28.578277,77.329037,28.0,CNG,13.24,27.5,2,2122,48.6
1791109121393,28.578200,77.328904,29.0,CNG,15.45,27.1,2,2168,29.0
1791109122138,28.578200,77.328904,30.0,CNG,17.36,29.0,2,2305,29.0
1791109122922,28.578151,77.328838,31.0,CNG,17.71,29.8,2,2348,29.0
1791109124339,28.578059,77.328701,32.0,CNG,17.82,32.9,2,2447,75.7
1791109125192,28.578004,77.328624,36.0,CNG,22.32,14.9,2,2706,75.7
1791109126044,28.578004,77.328624,36.0,CNG,15.77,38.8,,2198,75.7
1791109127590,28.577877,77.328474,38.0,CNG,16.89,31.4,3,1933,42.4
1791109128358,28.577810,77.328389,39.0,CNG,17.66,26.3,3,1988,42.4
1791109129097,28.577810,77.328389,38.0,CNG,23.59,14.9,3,1944,42.4
1791109130538,28.577687,77.328238,37.0,CNG,18.48,34.1,3,1889,60.0
1791109131301,28.577629,77.328152,38.0,CNG,17.42,31.8,3,1926,60.0
1791109132016,28.577629,77.328152,38.0,CNG,17.09,34.9,3,1949,60.0
1791109133534,28.577514,77.327982,39.0,CNG,16.07,34.5,3,1995,57.3
1791109134262,28.577452,77.327895,42.0,CNG,17.56,23.5,3,2119,57.3
1791109135055,28.577452,77.327895,42.0,CNG,24.57,14.9,3,1941,57.3
1791109136507,28.577330,77.327727,40.0,CNG,31.07,14.9,4,1434,18.0
1791109137262,28.577308,77.327691,23.0,CNG,35.69,14.9,3,1120,18.0
1791109138011,28.577308,77.327691,16.0,CNG,35.72,14.9,,949,18.0
1791109139588,28.577265,77.327624,13.0,CNG,33.87,14.9,2,933,21.6
1791109140320,28.577248,77.327595,13.0,CNG,12.76,54.9,,1137,21.6
1791109141082,28.577248,77.327595,16.0,CNG,11.36,44.3,2,1233,21.6
1791109142565,28.577184,77.327511,20.0,CNG,10.02,44.7,2,1484,73.3
1791109143395,28.577141,77.327454,25.0,CNG,14.31,33.3,2,1887,73.3
1791109144139,28.577141,77.327454,25.0,CNG,14.21,14.9,2,1882,73.3
1791109145963,28.577069,77.327349,26.0,CNG,16.16,14.9,2,1824,30.2
1791109146716,28.577043,77.327312,17.0,CNG,17.59,14.9,2,1189,30.2
1791109147551,28.577017,77.327274,17.0,CNG,15.88,14.9,2,1235,30.2
1791109149030,28.576993,77.327238,16.0,CNG,12.99,42.0,2,1264,76.5
1791109149797,28.576960,77.327195,21.0,CNG,11.63,14.9,2,1590,76.5
1791109150530,28.576932,77.327141,22.0,CNG,16.02,26.3,2,1625,76.5
1791109152139,28.576893,77.327097,22.0,CNG,17.50,25.1,2,1653,64.3
1791109153037,28.576859,77.327049,25.0,CNG,13.47,34.9,2,1868,64.3
1791109153841,28.576818,77.326991,27.0,CNG,13.69,32.9,2,2016,64.3
1791109155585,28.576727,77.326874,28.0,CNG,14.58,47.5,2,2135,68.2
1791109156403,28.576668,77.326814,32.0,CNG,14.47,25.5,2,2442,68.2
1791109157328,28.576616,77.326754,31.0,CNG,14.47,26.7,2,2397,68.2
1791109159112,28.576560,77.326695,33.0,CNG,20.71,14.9,,2130,28.6
1791109159930,28.576508,77.326632,28.0,CNG,24.72,14.9,,1235,28.6
1791109160735,28.576465,77.326579,23.0,CNG,27.03,14.9,3,1062,28.6
1791109162454,28.576408,77.326521,17.0,CNG,26.00,14.9,3,932,81.6
1791109163217,28.576374,77.326490,17.0,CNG,18.84,28.6,2,1354,81.6
1791109163958,28.576374,77.326490,18.0,CNG,24.16,14.9,2,1312,81.6
1791109165849,28.576310,77.326426,18.0,CNG,16.53,27.5,2,1447,21.2
1791109166653,28.576276,77.326388,19.0,CNG,22.61,14.9,3,1065,21.2
1791109167424,28.576250,77.326345,18.0,CNG,26.70,14.9,3,944,21.2
1791109168954,28.576222,77.326309,17.0,CNG,27.09,14.9,3,928,34.5
1791109169718,28.576186,77.326283,16.0,CNG,20.05,23.9,,959,34.5
1791109170494,28.576144,77.326270,17.0,CNG,14.33,31.0,2,1315,34.5
1791109172067,28.576077,77.326285,19.0,CNG,12.44,30.6,2,1404,52.2
1791109172816,28.576036,77.326311,22.0,CNG,13.47,25.1,2,1716,52.2
1791109173567,28.575988,77.326349,23.0,CNG,15.27,22.4,2,1768,52.2
1791109175004,28.575945,77.326386,24.0,CNG,17.81,20.4,2,1791,29.8
1791109175811,28.575894,77.326422,23.0,CNG,17.46,25.9,2,1798,29.8
1791109176530,28.575852,77.326463,23.0,CNG,16.90,24.7,2,1768,29.8
1791109178057,28.575811,77.326504,24.0,CNG,17.27,23.9,2,1790,47.1
1791109178847,28.575763,77.326544,24.0,CNG,15.59,27.8,2,1860,47.1
1791109179650,28.575714,77.326587,25.0,CNG,15.13,27.8,2,1932,47.1
1791109181173,28.575664,77.326632,27.0,CNG,17.93,14.9,2,2029,18.8
1791109181993,28.575615,77.326676,25.0,CNG,25.39,14.9,4,1045,18.8
1791109182808,28.575572,77.326716,21.0,CNG,29.70,14.9,,909,18.8
1791109184400,28.575504,77.326782,19.0,CNG,33.20,14.9,3,926,24.3
1791109185160,28.575504,77.326782,16.0,CNG,32.98,14.9,,923,24.3
1791109186128,28.575476,77.326807,14.0,CNG,33.82,31.0,,918,24.3
1791109188005,28.575414,77.326862,14.0,CNG,14.51,34.9,,1560,65.9
1791109188933,28.575379,77.326896,21.0,CNG,11.33,39.2,2,1543,65.9
1791109190278,28.575292,77.326979,24.0,CNG,9.29,41.6,2,1807,65.9
1791109192864,28.575178,77.327081,29.0,CNG,8.49,14.9,2,2163,55.3
1791109193887,28.575121,77.327129,31.0,CNG,9.98,38.8,3,1590,55.3
1791109195209,28.574995,77.327243,34.0,CNG,14.78,14.9,3,1678,55.3
1791109197264,28.574902,77.327333,30.0,CNG,21.31,14.9,,1286,17.6
1791109198174,28.574902,77.327333,19.0,CNG,25.09,14.9,3,908,17.6
1791109198909,28.574860,77.327363,18.0,CNG,27.19,14.9,3,884,17.6
1791109200619,28.574790,77.327419,18.0,CNG,30.23,14.9,3,898,47.8
1791109201500,28.574754,77.327442,17.0,CNG,17.76,24.3,2,1399,47.8
1791109202309,28.574722,77.327475,18.0,CNG,16.26,31.0,2,1348,47.8
1791109204086,28.574687,77.327509,19.0,CNG,13.28,19.2,2,1415,26.7
1791109205020,28.574651,77.327539,18.0,CNG,15.91,14.9,,1151,26.7
1791109205936,28.574618,77.327568,16.0,CNG,17.45,14.9,,977,26.7
1791109207470,28.574570,77.327610,12.0,CNG,16.36,14.9,2,947,59.6
1791109208390,28.574548,77.327628,10.0,CNG,12.25,20.4,,1154,59.6
1791109209204,28.574548,77.327628,11.0,CNG,13.17,14.9,2,868,59.6
1791109210869,28.574511,77.327670,10.0,CNG,9.89,36.9,,882,74.9
1791109211930,28.574486,77.327694,16.0,CNG,8.73,34.9,2,1221,74.9
1791109212790,28.574455,77.327724,19.0,CNG,9.35,33.3,2,1429,74.9
1791109214687,28.574387,77.327801,21.0,CNG,10.40,14.9,2,1604,58.0
1791109215618,28.574346,77.327839,23.0,CNG,10.89,29.4,2,1792,58.0
1791109216552,28.574299,77.327876,25.0,CNG,12.15,26.3,2,1900,58.0
1791109218369,28.574201,77.327966,26.0,CNG,11.08,29.8,2,1964,34.5
1791109219333,28.574153,77.328022,27.0,CNG,15.67,14.9,2,2062,34.5
1791109220203,28.574107,77.328067,25.0,CNG,20.36,34.9,2,1922,34.5
1791109222168,28.574055,77.328108,26.0,CNG,16.26,34.5,2,1936,42.0
1791109223402,28.573945,77.328210,29.0,CNG,22.00,14.9,2,2230,42.0
1791109224722,28.573895,77.328253,25.0,CNG,30.02,14.9,,1052,42.0
1791109227641,28.573770,77.328366,23.0,CNG,35.38,14.9,4,916,39.2
1791109229031,28.573726,77.328402,21.0,CNG,30.50,14.9,,918,39.2
1791109230254,28.573646,77.328470,20.0,CNG,28.52,14.9,3,956,39.2
1791109232304,28.573565,77.328544,19.0,CNG,26.22,14.9,3,988,41.2
1791109233157,28.573565,77.328544,20.0,CNG,25.53,14.9,3,947,41.2
1791109234093,28.573525,77.328578,19.0,CNG,24.73,14.9,3,953,41.2
1791109235680,28.573456,77.328645,19.0,CNG,24.74,27.1,3,947,34.5
1791109236588,28.573422,77.328677,18.0,CNG,12.29,14.9,1,2509,34.5
1791109237420,28.573384,77.328714,19.0,CNG,14.95,38.8,1,2408,34.5
1791109239433,28.573294,77.328795,22.0,CNG,9.77,51.0,2,1686,71.0
1791109240497,28.573236,77.328845,30.0,CNG,7.68,56.1,2,2322,71.0
1791109241573,28.573174,77.328903,34.0,CNG,12.70,30.2,2,2570,71.0
1791109243258,28.573039,77.329025,34.0,CNG,12.07,40.0,3,1887,69.8
1791109244254,28.572967,77.329091,38.0,CNG,12.41,43.5,3,1921,69.8
1791109245224,28.572893,77.329161,,CNG,6.57,43.5,0,2017,69.8
1791109247576,28.572731,77.329317,43.0,CNG,8.76,14.9,3,2159,32.2
1791109248394,28.572662,77.329384,36.0,CNG,13.65,14.9,4,1398,32.2
1791109249268,28.572601,77.329449,36.0,CNG,19.81,29.0,4,1236,32.2
1791109250958,28.572541,77.329511,34.0,CNG,14.05,34.5,3,1584,21.6
1791109251836,28.572475,77.329574,34.0,CNG,20.08,14.9,3,1818,21.6
1791109252660,28.572420,77.329634,30.0,CNG,27.73,14.9,4,1045,21.6
1791109254461,28.572338,77.329752,28.0,CNG,33.67,14.9,4,927,22.7
1791109255228,28.572312,77.329819,25.0,CNG,26.16,34.9,4,1017,22.7
1791109256086,28.572304,77.329893,25.0,CNG,14.71,49.4,2,1954,22.7
1791109257959,28.572319,77.329960,29.0,CNG,11.65,41.2,2,2174,22.4
1791109259005,28.572371,77.330041,30.0,CNG,12.97,34.5,4,1103,22.4
1791109259805,28.572435,77.330102,31.0,CNG,13.48,48.2,3,1515,22.4
1791109261898,28.572526,77.330252,33.0,CNG,12.90,51.8,3,1644,89.4
1791109263038,28.572583,77.330332,38.0,CNG,12.09,31.0,3,1936,89.4
1791109263911,28.572646,77.330415,39.0,CNG,17.13,33.7,4,1593,89.4
1791109265916,28.572767,77.330587,40.0,CNG,19.48,27.5,4,1466,46.3
1791109267055,28.572884,77.330763,40.0,CNG,27.57,36.1,4,1509,46.3
1791109268054,28.572884,77.330763,41.0,CNG,26.21,35.3,4,1514,46.3
1791109269859,28.573005,77.330941,42.0,CNG,25.11,34.5,4,1537,55.3
1791109270654,28.573073,77.331035,44.0,CNG,23.17,34.5,4,1617,55.3
1791109271534,28.573144,77.331128,44.0,CNG,21.87,34.1,4,1653,55.3
1791109273184,28.573285,77.331320,45.0,CNG,22.49,32.5,4,1661,49.0
1791109274068,28.573285,77.331320,46.0,CNG,31.36,14.9,4,1706,49.0
1791109274933,28.573356,77.331416,45.0,CNG,40.25,26.3,4,1665,49.0
1791109276610,28.573497,77.331597,44.0,CNG,32.98,20.8,4,1666,19.2
1791109277602,28.573563,77.331688,42.0,CNG,41.05,14.9,4,1566,19.2
1791109278481,28.573623,77.331773,40.0,CNG,48.84,14.9,4,1489,19.2
1791109280192,28.573740,77.331939,39.0,CNG,38.05,30.6,4,1430,49.0
1791109281047,28.573740,77.331939,39.0,CNG,42.97,14.9,4,1448,49.0
1791109281877,28.573799,77.332021,38.0,CNG,48.96,14.9,4,1432,49.0
1791109283699,28.573913,77.332179,37.0,CNG,26.26,37.3,4,1364,58.0
1791109284736,28.573974,77.332261,39.0,CNG,25.35,38.0,4,1466,58.0
1791109286055,28.574036,77.332344,41.0,CNG,26.55,30.2,4,1511,58.0
1791109287904,28.574171,77.332520,42.0,CNG,26.63,40.4,4,1548,86.7
1791109288893,28.574240,77.332611,45.0,CNG,20.65,57.6,4,1689,86.7
1791109289692,28.574313,77.332709,47.0,CNG,29.92,47.5,,2086,86.7
1791109291572,28.574456,77.332911,47.0,CNG,29.10,60.4,5,1376,83.9
1791109292544,28.574528,77.333017,50.0,CNG,23.26,47.5,5,1456,83.9
1791109293449,28.574603,77.333127,50.0,CNG,33.85,14.9,5,1462,83.9
1791109295172,28.574674,77.333233,49.0,CNG,41.31,14.9,,1150,38.4
1791109295992,28.574738,77.333330,41.0,CNG,44.15,14.9,,944,38.4
1791109296880,28.574793,77.333418,36.0,CNG,44.15,14.9,,943,38.4
1791109298578,28.574870,77.333552,30.0,CNG,47.90,14.9,5,931,24.3
1791109299413,28.574886,77.333602,21.0,CNG,46.06,14.9,,937,24.3
1791109300288,28.574873,77.333655,18.0,CNG,24.53,24.7,3,934,24.3
1791109301969,28.574864,77.333693,18.0,CNG,23.98,22.4,2,1483,25.5
1791109302967,28.574838,77.333694,18.0,CNG,16.40,34.5,2,1449,25.5
1791109303983,28.574800,77.333704,21.0,CNG,12.05,46.7,2,1588,25.5
1791109306008,28.574678,77.333605,25.0,CNG,9.01,53.3,2,1904,38.4
1791109307180,28.574542,77.333486,31.0,CNG,9.23,58.8,3,1541,38.4
1791109308109,28.574542,77.333486,34.0,CNG,9.55,58.4,3,1712,38.4
1791109309821,28.574425,77.333339,36.0,CNG,11.02,88.2,3,1822,96.1
1791109310829,28.574356,77.333254,44.0,CNG,12.00,85.9,3,2189,96.1
1791109311920,28.574283,77.333160,48.0,CNG,12.64,85.9,3,2395,96.1
1791109313809,28.574121,77.332945,52.0,CNG,12.43,85.9,3,2605,49.8
1791109314804,28.574033,77.332826,56.0,CNG,15.40,80.8,3,2990,49.8
1791109315695,28.573942,77.332707,58.0,CNG,12.18,80.4,4,2142,49.8
1791109317649,28.573749,77.332456,61.0,CNG,10.27,73.3,4,2232,22.4
1791109318672,28.573653,77.332323,61.0,CNG,13.07,44.7,5,1831,22.4
1791109319805,28.573558,77.332193,62.0,CNG,15.47,38.8,5,1817,22.4
1791109321638,28.573363,77.331922,63.0,CNG,18.33,35.7,5,1853,62.7
1791109322772,28.573261,77.331787,64.0,CNG,21.05,32.9,5,1881,62.7
1791109323654,28.573158,77.331652,64.0,CNG,30.97,14.9,5,1887,62.7
1791109325348,28.572964,77.331383,63.0,CNG,42.09,14.9,5,1860,18.8
1791109326461,28.572870,77.331253,62.0,CNG,52.92,14.9,5,1814,18.8
1791109327298,28.572779,77.331124,59.0,CNG,62.07,14.9,5,1756,18.8
1791109329184,28.572700,77.331005,54.0,CNG,69.19,14.9,5,1639,25.1
1791109330049,28.572637,77.330898,42.0,CNG,66.28,14.9,5,1236,25.1
1791109330927,28.572587,77.330803,37.0,CNG,61.10,14.9,5,982,25.1
1791109332726,28.572496,77.330645,35.0,CNG,54.43,32.2,,912,53.7
1791109333610,28.572444,77.330569,35.0,CNG,52.39,14.9,4,1284,53.7
1791109334434,28.572394,77.330497,33.0,CNG,49.94,14.9,4,1183,53.7
1791109336202,28.572292,77.330370,31.0,CNG,22.56,38.4,5,905,67.5
1791109337214,28.572236,77.330302,33.0,CNG,17.86,42.4,3,1685,67.5
1791109338227,28.572182,77.330225,35.0,CNG,15.89,42.4,3,1805,67.5
1791109340136,28.572073,77.330048,38.0,CNG,15.24,41.6,3,1926,27.5
1791109341210,28.572017,77.329960,40.0,CNG,16.79,37.6,4,1482,27.5
1791109342574,28.571958,77.329868,42.0,CNG,16.39,39.6,4,1540,27.5
1791109344484,28.571831,77.329676,43.0,CNG,16.70,41.2,4,1609,74.9
1791109345559,28.571764,77.329581,46.0,CNG,16.78,40.0,4,1716,74.9
1791109346762,28.571689,77.329475,47.0,CNG,23.10,32.5,5,1417,74.9
1791109348442,28.571542,77.329271,47.0,CNG,23.59,32.5,5,1411,32.9
1791109349321,28.571463,77.329174,48.0,CNG,20.92,32.9,5,1399,32.9
1791109350170,28.571463,77.329174,48.0,CNG,23.31,29.0,5,1417,32.9
1791109351855,28.571301,77.328972,49.0,CNG,26.49,27.5,5,1444,40.8
1791109352741,28.571216,77.328867,52.0,CNG,29.43,29.0,5,1529,40.8
1791109353570,28.571136,77.328759,53.0,CNG,33.68,32.2,5,1570,40.8
1791109355272,28.570965,77.328525,55.0,CNG,36.57,29.4,5,1588,26.3
1791109356251,28.570876,77.328409,56.0,CNG,48.02,28.2,5,1616,26.3
1791109357092,28.570876,77.328409,57.0,CNG,49.77,23.9,5,1670,26.3
1791109358949,28.570699,77.328165,58.0,CNG,60.73,14.9,5,1701,18.8
1791109360085,28.570608,77.328047,52.0,CNG,68.29,14.9,5,1561,18.8
1791109360865,28.570525,77.327944,47.0,CNG,67.70,14.9,5,1392,18.8
1791109362533,28.570386,77.327769,42.0,CNG,65.44,14.9,5,1251,28.2
1791109363451,28.570328,77.327692,40.0,CNG,60.19,31.4,5,1170,28.2
1791109364258,28.570263,77.327605,41.0,CNG,59.67,14.9,5,1219,28.2
1791109366219,28.570135,77.327429,42.0,CNG,59.20,14.9,5,1244,27.5
1791109367065,28.570135,77.327429,41.0,CNG,68.70,26.7,5,1204,27.5
1791109367958,28.570079,77.327353,42.0,CNG,56.42,19.2,5,1210,27.5
1791109369700,28.569951,77.327174,42.0,CNG,43.75,26.7,5,1218,41.6
1791109370536,28.569888,77.327092,42.0,CNG,40.15,28.2,5,1234,41.6
1791109371351,28.569888,77.327092,42.0,CNG,37.19,27.8,5,1243,41.6
1791109373143,28.569888,77.327092,43.0,CNG,33.69,28.2,5,1265,65.5
1791109374084,28.569604,77.326744,41.0,CNG,27.51,37.3,5,1235,65.5
1791109375083,28.569604,77.326744,42.0,CNG,26.15,37.6,5,1232,65.5
1791109376811,28.569457,77.326559,42.0,CNG,24.95,38.4,5,1227,75.7
1791109377930,28.569393,77.326478,42.0,CNG,23.35,40.8,5,1239,75.7
1791109378920,28.569322,77.326399,42.0,CNG,21.09,40.4,5,1269,75.7
1791109380670,28.569175,77.326236,43.0,CNG,19.32,42.0,5,1230,81.2
1791109381889,28.569103,77.326144,43.0,CNG,21.61,14.9,5,1262,81.2
1791109382709,28.569037,77.326050,41.0,CNG,18.88,40.4,5,1198,81.2
1791109384596,28.568905,77.325885,41.0,CNG,17.04,42.0,4,1541,78.8
1791109385670,28.568837,77.325797,43.0,CNG,16.45,40.8,4,1557,78.8
1791109386818,28.568767,77.325709,43.0,CNG,17.90,41.2,4,1588,78.8
1791109388752,28.568618,77.325542,43.0,CNG,18.08,40.4,4,1607,61.6
1791109389717,28.568545,77.325451,44.0,CNG,28.43,36.5,4,1529,61.6
1791109390581,28.568471,77.325365,43.0,CNG,27.26,36.5,5,1359,61.6
1791109392591,28.568330,77.325194,42.0,CNG,28.74,34.1,5,1232,70.6
1791109393536,28.568259,77.325109,42.0,CNG,26.38,34.1,5,1241,70.6
1791109394304,28.568184,77.325025,43.0,CNG,25.91,33.7,5,1263,70.6
1791109396110,28.568110,77.324937,44.0,CNG,31.11,29.0,5,1277,52.9
1791109396976,28.568037,77.324849,44.0,CNG,31.15,27.1,5,1293,52.9
1791109397851,28.567962,77.324759,45.0,CNG,32.16,25.9,5,1310,52.9
1791109399650,28.567812,77.324579,45.0,CNG,33.25,25.5,5,1312,43.9
1791109400425,28.567736,77.324487,45.0,CNG,39.30,25.1,5,1344,43.9
1791109401265,28.567662,77.324394,45.0,CNG,43.71,25.1,5,1335,43.9
1791109403159,28.567586,77.324300,45.0,CNG,46.09,24.3,5,1338,18.8
1791109404023,28.567513,77.324205,45.0,CNG,41.17,28.6,5,1346,18.8
1791109404862,28.567442,77.324110,46.0,CNG,37.68,27.8,5,1336,18.8
1791109406583,28.567307,77.323907,46.0,CNG,34.87,27.8,5,1339,49.8
1791109407434,28.567234,77.323809,46.0,CNG,33.99,27.8,5,1355,49.8
1791109408290,28.567162,77.323711,47.0,CNG,33.46,27.5,5,1370,49.8
1791109409988,28.567089,77.323610,47.0,CNG,42.37,14.9,5,1374,26.3
1791109410878,28.567024,77.323514,42.0,CNG,47.74,14.9,5,1227,26.3
1791109411740,28.566964,77.323425,41.0,CNG,51.35,14.9,5,1204,26.3
1791109413414,28.566842,77.323250,40.0,CNG,36.77,30.6,5,1195,63.9
1791109414276,28.566777,77.323162,41.0,CNG,42.97,35.7,5,1208,63.9
1791109415283,28.566712,77.323074,42.0,CNG,31.27,35.3,5,1221,63.9
1791109417174,28.566576,77.322895,43.0,CNG,26.57,35.3,5,1240,68.6
1791109418228,28.566507,77.322802,44.0,CNG,25.07,34.9,5,1277,68.6
1791109419105,28.566507,77.322802,44.0,CNG,33.21,14.9,5,1296,68.6
1791109420795,28.566378,77.322615,44.0,CNG,44.17,14.9,5,1262,18.0
1791109421677,28.566323,77.322525,40.0,CNG,34.94,33.7,5,1188,18.0
1791109422653,28.566273,77.322431,40.0,CNG,32.96,33.3,5,1162,18.0
1791109424371,28.566182,77.322238,40.0,CNG,30.94,32.9,5,1179,53.7
1791109425222,28.566141,77.322138,41.0,CNG,28.72,33.3,5,1197,53.7
1791109426340,28.566102,77.322034,40.0,CNG,26.30,32.9,5,1188,53.7
1791109428060,28.566076,77.321935,42.0,CNG,25.51,33.7,5,1223,67.1
1791109428946,28.566039,77.321826,42.0,CNG,25.45,34.1,5,1238,67.1
1791109429880,28.566011,77.321715,43.0,CNG,25.44,34.9,5,1245,67.1
1791109431505,28.565947,77.321487,43.0,CNG,25.12,35.7,5,1255,66.3
1791109432521,28.565917,77.321375,44.0,CNG,25.31,31.4,5,1279,66.3
1791109433378,28.565885,77.321260,44.0,CNG,28.04,14.9,5,1271,66.3
1791109435201,28.565827,77.321035,43.0,CNG,28.06,33.3,5,1266,53.7
1791109436064,28.565827,77.321035,44.0,CNG,29.36,33.3,5,1280,53.7
1791109437034,28.565799,77.320920,44.0,CNG,30.86,32.2,5,1281,53.7
1791109438674,28.565740,77.320690,44.0,CNG,31.45,32.2,5,1286,60.8
1791109439505,28.565716,77.320570,44.0,CNG,28.80,35.3,5,1288,60.8
1791109440391,28.565692,77.320451,44.0,CNG,26.60,36.1,5,1309,60.8
1791109441891,28.565669,77.320331,45.0,CNG,25.17,37.6,5,1320,69.8
1791109442758,28.565648,77.320212,44.0,CNG,25.50,36.9,5,1317,69.8
1791109443572,28.565624,77.320092,45.0,CNG,24.68,33.7,5,1304,69.8
1791109445479,28.565575,77.319840,46.0,CNG,23.94,36.5,5,1346,61.6
1791109446774,28.565552,77.319712,47.0,CNG,25.41,31.4,5,1384,61.6
1791109447659,28.565529,77.319587,48.0,CNG,25.96,31.0,5,1401,61.6
1791109449315,28.565486,77.319330,49.0,CNG,34.22,14.9,5,1422,24.7
1791109450197,28.565462,77.319203,47.0,CNG,42.09,14.9,5,1369,24.7
1791109451027,28.565462,77.319203,46.0,CNG,48.76,15.7,5,1356,24.7
1791109452631,28.565412,77.318954,46.0,CNG,40.19,29.0,5,1429,49.8
1791109453478,28.565385,77.318827,48.0,CNG,37.72,28.2,5,1404,49.8
1791109454284,28.565360,77.318696,49.0,CNG,38.81,28.2,5,1430,49.8
1791109456064,28.565336,77.318563,50.0,CNG,39.88,28.2,5,1453,38.4
1791109456859,28.565314,77.318428,51.0,CNG,41.03,27.1,5,1490,38.4
1791109457700,28.565288,77.318291,51.0,CNG,53.01,14.9,5,1508,38.4
1791109459574,28.565240,77.318022,50.0,CNG,63.52,14.9,5,1500,25.1
1791109460269,28.565218,77.317890,46.0,CNG,63.90,14.9,5,1378,25.1
1791109461125,28.565218,77.317890,47.0,CNG,64.87,14.9,5,1365,25.1
1791109462999,28.565180,77.317636,45.0,CNG,64.95,18.4,5,1342,25.1
1791109464051,28.565161,77.317515,45.0,CNG,47.91,23.1,5,1319,25.1
1791109464953,28.565144,77.317394,45.0,CNG,55.46,14.9,5,1311,25.1
1791109467103,28.565113,77.317156,43.0,CNG,58.35,14.9,5,1280,17.6
1791109468003,28.565093,77.317052,40.0,CNG,66.97,14.9,5,1179,17.6
1791109468847,28.565075,77.316943,40.0,CNG,76.57,14.9,,923,17.6
1791109470587,28.565031,77.316735,40.0,CNG,79.64,14.9,,891,23.9
1791109471417,28.565015,77.316631,40.0,CNG,73.29,14.9,,882,23.9
1791109472212,28.564991,77.316532,38.0,CNG,64.95,14.9,,874,23.9
1791109473984,28.564971,77.316438,36.0,CNG,57.51,14.9,,875,45.9
1791109474787,28.564954,77.316346,34.0,CNG,50.91,14.9,,874,45.9
1791109475697,28.564941,77.316253,33.0,CNG,47.53,14.9,5,875,45.9
1791109477338,28.564904,77.316082,32.0,CNG,44.57,14.9,5,874,43.1
1791109478252,28.564870,77.316014,28.0,CNG,40.97,14.9,5,875,43.1
1791109479103,28.564870,77.316014,25.0,CNG,37.50,14.9,4,876,43.1
1791109480793,28.564810,77.315919,22.0,CNG,34.06,14.9,4,878,42.4
1791109481810,28.564777,77.315904,18.0,CNG,29.25,14.9,3,877,42.4
1791109482681,28.564729,77.315902,18.0,CNG,26.66,14.9,3,868,42.4
1791109484503,28.564634,77.315898,17.0,CNG,24.71,14.9,3,877,39.2
1791109485393,28.564595,77.315907,16.0,CNG,23.05,14.9,3,871,39.2
1791109486679,28.564559,77.315919,16.0,CNG,14.76,32.2,,939,39.2
1791109488248,28.564479,77.315949,19.0,CNG,12.50,32.2,2,1396,56.9
1791109488972,28.564479,77.315949,22.0,CNG,11.03,34.5,2,1660,56.9
1791109489753,28.564431,77.315972,23.0,CNG,10.65,33.7,2,1780,56.9
1791109491194,28.564326,77.316034,25.0,CNG,10.76,32.2,2,1912,56.5
1791109491959,28.564326,77.316034,28.0,CNG,11.02,14.9,2,2096,56.5
1791109492676,28.564264,77.316080,28.0,CNG,11.35,31.8,2,2112,56.5
1791109494190,28.564143,77.316161,29.0,CNG,12.56,,2,2155,41.6
1791109494932,28.564143,77.316161,31.0,CNG,13.63,32.2,2,2370,41.6
1791109495724,28.564075,77.316203,33.0,CNG,14.42,32.2,2,2482,41.6
1791109497242,28.563927,77.316302,34.0,CNG,14.82,32.2,2,2588,37.6
1791109498034,28.563927,77.316302,36.0,CNG,15.58,31.4,2,2743,37.6
1791109498733,28.563853,77.316356,37.0,CNG,20.31,17.3,2,2814,37.6
1791109500396,28.563698,77.316462,37.0,CNG,20.54,28.6,2,2903,27.8
1791109501160,28.563698,77.316462,38.0,CNG,24.61,25.9,2,2883,27.8
1791109502066,28.563623,77.316521,38.0,CNG,22.41,25.5,2,2852,27.8
1791109503775,28.563465,77.316627,38.0,CNG,20.44,26.3,2,2866,31.8
1791109504623,28.563387,77.316684,38.0,CNG,19.83,25.9,2,2893,31.8
1791109505601,28.563306,77.316737,38.0,CNG,19.54,25.5,2,2911,31.8
1791109507798,28.563146,77.316852,38.0,CNG,19.49,25.1,2,2921,32.2
1791109508606,28.563067,77.316908,38.0,CNG,19.16,25.1,2,2935,32.2
1791109509495,28.562984,77.316970,39.0,CNG,22.10,29.0,2,2929,32.2
1791109511335,28.562813,77.317089,39.0,CNG,16.48,38.0,2,3005,40.0
1791109512759,28.562723,77.317151,44.0,CNG,16.77,32.9,2,3349,40.0
1791109513616,28.562631,77.317216,45.0,CNG,20.42,14.9,2,3426,40.0
1791109515635,28.562445,77.317346,45.0,CNG,21.35,33.3,,2698,36.5
1791109516659,28.562348,77.317416,47.0,CNG,23.35,28.6,3,2376,36.5
1791109517653,28.562252,77.317483,47.0,CNG,22.16,29.4,3,2406,36.5
1791109519871,28.562056,77.317623,47.0,CNG,19.94,31.8,3,2436,51.4
1791109520990,28.561955,77.317696,49.0,CNG,19.05,32.5,3,2497,51.4
1791109521988,28.561855,77.317771,50.0,CNG,18.62,31.8,3,2542,51.4
1791109524044,28.561646,77.317923,51.0,CNG,31.70,30.2,3,2576,34.1
1791109524992,28.561541,77.318000,52.0,CNG,33.58,14.9,3,2620,34.1
1791109526123,28.561438,77.318076,52.0,CNG,35.72,27.5,4,1960,34.1
1791109527985,28.561231,77.318235,52.0,CNG,37.29,26.7,4,1920,32.2
1791109529060,28.561125,77.318316,52.0,CNG,36.36,28.6,4,1931,32.2
1791109530114,28.561020,77.318396,52.0,CNG,35.44,29.0,4,1938,32.2
1791109532092,28.560809,77.318564,53.0,CNG,32.49,29.0,4,1952,51.0
1791109533128,28.560707,77.318655,54.0,CNG,30.95,29.4,4,1982,51.0
1791109534193,28.560512,77.318859,54.0,CNG,29.88,29.4,4,1995,51.0
1791109536300,28.560337,77.319086,54.0,CNG,28.97,29.4,4,2005,48.2
1791109537402,28.560254,77.319206,54.0,CNG,26.43,31.8,4,2020,48.2
1791109538353,28.560178,77.319330,55.0,CNG,26.30,14.9,4,2023,48.2
1791109540392,28.560034,77.319576,54.0,CNG,35.32,14.9,4,2017,18.4
1791109541409,28.559971,77.319695,51.0,CNG,43.74,30.2,4,1883,18.4
1791109542531,28.559913,77.319814,50.0,CNG,39.99,27.5,4,1869,18.4
1791109544553,28.559789,77.320057,50.0,CNG,36.43,29.4,4,1876,31.0
1791109545511,28.559728,77.320178,50.0,CNG,44.27,26.3,4,1833,31.0
1791109547030,28.559666,77.320295,49.0,CNG,50.69,31.4,4,1816,31.0
1791109549128,28.559542,77.320522,47.0,CNG,58.45,14.9,4,1731,36.9
1791109550032,28.559484,77.320630,46.0,CNG,42.75,22.0,3,2301,36.9
1791109551145,28.559426,77.320739,46.0,CNG,39.06,21.2,3,2325,36.9
1791109553061,28.559314,77.320957,45.0,CNG,46.70,28.6,,1902,33.7
1791109554229,28.559198,77.321172,46.0,CNG,45.61,24.7,4,1686,33.7
1791109555159,28.559198,77.321172,46.0,CNG,41.84,27.1,4,1700,33.7
1791109557318,28.559025,77.321498,46.0,CNG,39.22,27.8,4,1708,36.9
1791109558472,28.558965,77.321612,48.0,CNG,32.96,29.0,4,1763,36.9
1791109559469,28.558903,77.321725,49.0,CNG,27.83,38.4,4,1788,36.9
1791109561758,28.558769,77.321952,50.0,CNG,38.72,14.9,4,1849,19.6
1791109562850,28.558696,77.322062,48.0,CNG,44.90,14.9,4,1787,19.6
1791109563889,28.558629,77.322172,47.0,CNG,51.87,14.9,4,1756,19.6
1791109566148,28.558510,77.322389,46.0,CNG,37.03,14.9,4,1725,19.2
1791109567438,28.558398,77.322595,43.0,CNG,45.42,14.9,4,1603,19.2
1791109568485,28.558341,77.322695,43.0,CNG,52.01,23.9,4,1580,19.2
1791109570434,28.558226,77.322889,43.0,CNG,56.55,22.4,4,1583,37.3
1791109571619,28.558166,77.322985,43.0,CNG,42.29,30.2,4,1607,37.3
1791109572568,28.558099,77.323080,44.0,CNG,31.99,31.4,4,1634,37.3
1791109574605,28.557961,77.323261,45.0,CNG,27.15,31.4,4,1660,53.7
1791109575553,28.557888,77.323356,47.0,CNG,25.93,31.0,4,1739,53.7
1791109576555,28.557812,77.323454,48.0,CNG,25.87,31.0,4,1771,53.7
1791109578455,28.557657,77.323658,49.0,CNG,25.68,31.0,4,1803,52.9
1791109579596,28.557577,77.323763,51.0,CNG,27.69,31.0,4,1875,52.9
1791109580493,28.557495,77.323871,52.0,CNG,29.75,31.0,4,1924,52.9
1791109582620,28.557325,77.324094,53.0,CNG,31.14,29.8,4,1957,22.4
1791109583713,28.557239,77.324206,54.0,CNG,36.82,24.3,4,1984,22.4
1791109584854,28.557154,77.324317,54.0,CNG,44.87,14.9,4,1993,22.4
1791109587541,28.556900,77.324632,52.0,CNG,52.32,14.9,4,1941,40.8
1791109588545,28.556820,77.324731,48.0,CNG,56.81,14.9,4,1758,40.8
1791109589687,28.556747,77.324826,46.0,CNG,60.66,14.9,4,1717,40.8
1791109591673,28.556613,77.324997,41.0,CNG,62.85,14.9,4,1545,38.4
1791109592769,28.556547,77.325082,40.0,CNG,48.75,14.9,3,1960,38.4
1791109593813,28.556486,77.325166,38.0,CNG,48.47,23.1,3,1979,38.4
1791109595853,28.556372,77.325318,38.0,CNG,49.55,14.9,3,1931,30.2
1791109596877,28.556318,77.325391,37.0,CNG,39.09,25.9,3,1867,30.2
1791109597917,28.556264,77.325475,38.0,CNG,43.13,14.9,3,1916,30.2
1791109599880,28.556140,77.325629,37.0,CNG,45.31,14.9,3,1887,18.8
1791109600966,28.556081,77.325698,35.0,CNG,46.75,14.9,3,1767,18.8
1791109602004,28.556019,77.325763,33.0,CNG,47.64,14.9,3,1706,18.8
1791109604073,28.555908,77.325883,31.0,CNG,29.04,30.2,3,1600,50.6
1791109605210,28.555792,77.326002,33.0,CNG,36.13,14.9,3,1645,50.6
1791109606834,28.555739,77.326055,31.0,CNG,37.97,14.9,,1304,50.6
1791109608952,28.555646,77.326150,25.0,CNG,36.45,27.1,4,960,52.9
1791109609878,28.555607,77.326207,26.0,CNG,24.30,30.2,2,1989,52.9
1791109611025,28.555582,77.326277,28.0,CNG,20.11,31.8,2,2095,52.9
1791109613097,28.555535,77.326522,30.0,CNG,16.25,35.7,2,2238,44.3
1791109614408,28.555535,77.326616,33.0,CNG,15.82,32.2,2,2538,44.3
1791109615395,28.555546,77.326713,35.0,CNG,14.86,31.8,2,2661,44.3
1791109617479,28.555610,77.326897,36.0,CNG,13.87,32.2,2,2716,45.9
1791109618408,28.555656,77.326982,36.0,CNG,13.50,32.2,2,2759,45.9
1791109619289,28.555712,77.327059,37.0,CNG,13.60,31.8,2,2773,45.9
1791109621407,28.555843,77.327186,36.0,CNG,13.40,31.0,2,2775,48.2
1791109622332,28.555925,77.327228,37.0,CNG,13.11,14.9,2,2809,48.2
1791109623340,28.556008,77.327256,36.0,CNG,13.03,36.5,3,2051,48.2
1791109625517,28.556177,77.327277,35.0,CNG,15.19,28.6,3,1790,36.1
1791109626970,28.556261,77.327269,34.0,CNG,14.72,33.3,3,1740,36.1
1791109628008,28.556347,77.327252,35.0,CNG,16.37,33.7,3,1773,36.1
1791109630147,28.556503,77.327176,36.0,CNG,17.79,33.7,3,1805,46.7
1791109631193,28.556630,77.327035,36.0,CNG,18.44,34.5,3,1843,46.7
1791109632288,28.556677,77.326947,37.0,CNG,18.77,34.5,3,1846,46.7
1791109634238,28.556742,77.326749,38.0,CNG,18.15,36.5,3,1895,69.0
1791109635308,28.556758,77.326646,38.0,CNG,16.54,36.5,3,1951,69.0
1791109636595,28.556757,77.326542,39.0,CNG,17.85,14.9,3,1974,69.0
1791109638700,28.556736,77.326337,38.0,CNG,17.29,43.9,3,1938,60.8
1791109640062,28.556688,77.326125,39.0,CNG,14.01,44.7,3,1996,60.8
1791109641514,28.556647,77.326022,41.0,CNG,14.03,43.5,3,2087,60.8
1791109644332,28.556505,77.325697,43.0,CNG,17.38,36.9,3,2172,52.2
1791109646029,28.556455,77.325583,45.0,CNG,22.11,31.8,,1941,52.2
1791109647555,28.556352,77.325358,46.0,CNG,22.33,32.2,4,1695,52.2
1791109649839,28.556242,77.325129,47.0,CNG,22.75,31.8,4,1728,54.5
1791109650901,28.556184,77.325012,48.0,CNG,23.40,31.8,4,1791,54.5
1791109651856,28.556120,77.324897,49.0,CNG,24.15,31.4,4,1804,54.5
1791109653894,28.555993,77.324661,50.0,CNG,24.95,31.0,4,1841,53.3
1791109654949,28.555930,77.324541,52.0,CNG,23.50,32.9,4,1904,53.3
1791109656009,28.555863,77.324417,52.0,CNG,22.68,32.2,4,1950,53.3
1791109658068,28.555723,77.324165,54.0,CNG,24.67,32.5,4,2009,43.1
1791109659117,28.555647,77.324035,57.0,CNG,27.25,31.8,4,2131,43.1
1791109660078,28.555569,77.323901,59.0,CNG,47.10,30.2,4,2182,43.1
1791109662122,28.555404,77.323629,60.0,CNG,41.10,29.8,4,2231,24.7
1791109663078,28.555315,77.323491,63.0,CNG,37.66,30.6,,1624,24.7
1791109664199,28.555125,77.323212,64.0,CNG,50.02,28.6,5,1871,24.7
1791109666708,28.554919,77.322936,65.0,CNG,40.09,28.6,5,1885,20.0
1791109667850,28.554810,77.322801,65.0,CNG,51.80,14.9,5,1929,20.0
1791109668832,28.554698,77.322675,65.0,CNG,44.52,29.8,5,1917,20.0
1791109670947,28.554463,77.322437,66.0,CNG,41.05,28.2,5,1906,44.7
1791109671853,28.554345,77.322315,66.0,CNG,36.71,28.6,5,1929,44.7
1791109673007,28.554231,77.322188,66.0,CNG,39.67,29.0,5,1935,44.7
1791109675230,28.553912,77.321787,66.0,CNG,41.92,27.8,5,1925,19.2
1791109676325,28.553809,77.321656,64.0,CNG,52.55,14.9,5,1895,19.2
1791109677429,28.553706,77.321533,61.0,CNG,62.10,14.9,5,1808,19.2
1791109679421,28.553511,77.321308,59.0,CNG,69.40,14.9,5,1726,18.8
1791109680405,28.553415,77.321202,55.0,CNG,37.07,37.3,5,1650,18.8
1791109681516,28.553320,77.321094,55.0,CNG,33.52,32.2,5,1609,18.8
1791109683599,28.553125,77.320886,55.0,CNG,31.68,32.2,5,1606,58.8
1791109684702,28.553024,77.320793,54.0,CNG,30.19,32.5,5,1606,58.8
1791109685746,28.552923,77.320694,54.0,CNG,30.06,32.2,5,1597,58.8
1791109688371,28.552629,77.320404,53.0,CNG,28.72,32.2,5,1564,47.5
1791109689260,28.552533,77.320311,52.0,CNG,30.98,31.4,5,1533,47.5
1791109690296,28.552441,77.320213,53.0,CNG,32.99,31.0,5,1530,47.5
1791109692264,28.552259,77.320010,52.0,CNG,34.15,31.0,5,1533,43.1
1791109693307,28.552168,77.319906,53.0,CNG,46.01,14.9,5,1555,43.1
1791109694436,28.552082,77.319798,52.0,CNG,57.04,14.9,5,1530,43.1
1791109696415,28.551937,77.319608,49.0,CNG,68.04,14.9,5,1446,70.2
1791109697395,28.551867,77.319519,43.0,CNG,39.48,40.8,5,1262,70.2
1791109698745,28.551794,77.319431,45.0,CNG,29.90,37.6,5,1317,70.2
1791109701149,28.551554,77.319159,47.0,CNG,36.63,36.5,5,1363,67.1
1791109702399,28.551472,77.319063,48.0,CNG,30.62,33.7,5,1402,67.1
1791109703298,28.551391,77.318962,49.0,CNG,30.76,31.8,5,1443,67.1
1791109705256,28.551227,77.318771,49.0,CNG,31.64,31.4,5,1449,45.9
1791109706704,28.551141,77.318669,51.0,CNG,32.95,30.6,5,1503,45.9
1791109707809,28.551054,77.318567,52.0,CNG,33.16,32.9,5,1526,45.9
1791109709697,28.550868,77.318364,53.0,CNG,30.13,31.4,5,1535,56.1
1791109710958,28.550766,77.318268,54.0,CNG,29.53,31.0,5,1590,56.1
1791109712182,28.550660,77.318178,55.0,CNG,29.90,30.6,5,1601,56.1
1791109714444,28.550306,77.317973,55.0,CNG,30.40,31.0,5,1616,54.1
1791109715376,28.550178,77.317927,56.0,CNG,30.27,31.8,5,1643,54.1
1791109716326,28.550045,77.317886,56.0,CNG,30.10,31.8,5,1647,54.1
1791109718502,28.549774,77.317810,57.0,CNG,29.57,31.8,5,1660,38.8
1791109719834,28.549641,77.317771,57.0,CNG,40.64,14.9,5,1691,38.8
1791109720957,28.549521,77.317737,46.0,CNG,51.54,14.9,5,1410,38.8
1791109723104,28.549239,77.317661,39.0,CNG,28.83,45.9,5,1196,71.4
1791109724231,28.549141,77.317628,42.0,CNG,25.27,42.7,5,1242,71.4
1791109725487,28.549041,77.317587,43.0,CNG,25.13,40.0,5,1252,71.4
1791109728080,28.548779,77.317404,43.0,CNG,24.83,40.8,5,1265,82.4
1791109729368,28.548695,77.317326,44.0,CNG,25.12,41.2,5,1286,82.4
1791109730637,28.548615,77.317242,44.0,CNG,25.40,14.9,5,1299,82.4
1791109732755,28.548460,77.317074,44.0,CNG,23.32,36.5,5,1301,72.2
1791109734072,28.548384,77.316985,44.0,CNG,27.22,14.9,5,1307,72.2
1791109735041,28.548241,77.316813,43.0,CNG,23.71,40.0,5,1172,72.2
1791109737364,28.548083,77.316640,44.0,CNG,23.49,35.3,4,1637,47.8
1791109738569,28.548004,77.316553,45.0,CNG,24.28,31.8,4,1677,47.8
1791109739635,28.547930,77.316468,46.0,CNG,26.10,31.8,4,1700,47.8
1791109741763,28.547769,77.316282,47.0,CNG,24.18,32.5,4,1739,55.3
1791109742781,28.547689,77.316190,48.0,CNG,23.62,32.5,4,1782,55.3
1791109743872,28.547604,77.316095,49.0,CNG,23.47,33.3,4,1808,55.3
1791109746196,28.547348,77.315805,50.0,CNG,23.74,33.3,4,1823,57.6
1791109747501,28.547260,77.315706,52.0,CNG,23.31,33.3,4,1912,57.6
1791109748381,28.547170,77.315604,53.0,CNG,22.69,33.3,4,1944,57.6
1791109750569,28.546994,77.315390,53.0,CNG,22.35,32.9,4,1960,47.5
1791109751750,28.546903,77.315280,55.0,CNG,24.77,32.9,4,2021,47.5
1791109752721,28.546812,77.315170,56.0,CNG,26.47,32.5,4,2055,47.5
1791109754763,28.546622,77.314947,56.0,CNG,27.59,32.9,4,2090,45.9
1791109755698,28.546525,77.314829,59.0,CNG,28.10,33.7,4,2151,45.9
1791109756756,28.546429,77.314710,59.0,CNG,28.34,33.7,4,2186,45.9
1791109759017,28.546230,77.314473,60.0,CNG,28.93,33.7,4,2214,61.2
1791109759982,28.546131,77.314352,60.0,CNG,27.12,33.7,5,1755,61.2
1791109761127,28.546028,77.314236,61.0,CNG,28.31,32.5,5,1793,61.2
1791109762948,28.545828,77.313988,61.0,CNG,28.64,33.7,5,1788,57.3
1791109764038,28.545726,77.313864,62.0,CNG,28.31,34.1,5,1826,57.3
1791109764942,28.545623,77.313737,62.0,CNG,27.94,33.7,5,1837,57.3
1791109767444,28.545302,77.313363,63.0,CNG,30.25,34.5,5,1860,34.5
1791109768458,28.545195,77.313236,64.0,CNG,34.73,29.4,5,1856,34.5
1791109769443,28.545084,77.313112,64.0,CNG,38.97,27.5,5,1864,34.5
1791109771656,28.544863,77.312864,64.0,CNG,50.44,14.9,5,1877,19.2
1791109772778,28.544758,77.312742,60.0,CNG,52.51,27.5,5,1789,19.2
1791109773795,28.544655,77.312623,60.0,CNG,44.75,14.9,5,1734,19.2
1791109776078,28.544483,77.312414,52.0,CNG,51.52,14.9,,1322,36.5
1791109777221,28.544349,77.312257,38.0,CNG,49.97,14.9,,931,36.5
1791109778206,28.544307,77.312207,28.0,CNG,44.71,14.9,4,932,36.5
1791109780204,28.544267,77.312160,17.0,CNG,36.14,14.9,3,925,41.6
1791109781125,28.544267,77.312160,9.0,CNG,26.55,14.9,,931,41.6
1791109782065,28.544251,77.312143,9.0,CNG,20.72,14.9,,915,41.6
1791109784057,28.544223,77.312103,9.0,CNG,12.38,14.9,1,1104,36.1
1791109784988,28.544208,77.312082,9.0,CNG,11.98,32.9,,955,36.1
1791109786254,28.544179,77.312044,10.0,CNG,12.94,14.9,,1187,36.1
1791109788566,28.544146,77.312006,12.0,CNG,14.38,14.9,,1328,40.0
1791109789689,28.544137,77.311994,6.0,CNG,11.93,14.9,,1011,40.0
1791109790588,28.544128,77.311983,5.0,CNG,9.40,33.7,,957,40.0
1791109792600,28.544105,77.311954,6.0,CNG,6.42,36.5,,1223,77.6
1791109793745,28.544083,77.311927,15.0,CNG,7.54,41.2,2,1091,77.6
1791109795024,28.544053,77.311894,19.0,CNG,8.09,,2,1406,77.6
1791109797172,28.543965,77.311807,25.0,CNG,13.03,14.9,2,1818,63.1
1791109798220,28.543874,77.311706,27.0,CNG,17.18,75.3,3,1367,63.1
1791109799450,28.543823,77.311634,33.0,CNG,11.60,65.9,3,1623,63.1
1791109801645,28.543727,77.311448,39.0,CNG,11.67,62.7,3,1907,30.2
1791109802878,28.543681,77.311339,45.0,CNG,13.62,43.5,4,1616,30.2
1791109804445,28.543624,77.311091,47.0,CNG,20.79,14.9,5,1347,30.2
1791109806787,28.543588,77.310842,46.0,CNG,29.19,14.9,,1111,40.4
1791109807999,28.543566,77.310718,44.0,CNG,35.94,14.9,,932,40.4
1791109808968,28.543545,77.310600,42.0,CNG,40.90,14.9,,921,40.4
1791109811133,28.543510,77.310392,38.0,CNG,43.19,14.9,,921,87.8
1791109812217,28.543472,77.310201,37.0,CNG,24.68,32.5,3,1837,87.8
1791109813264,28.543432,77.310104,38.0,CNG,14.35,52.9,3,1955,87.8
1791109815522,28.543327,77.309919,41.0,CNG,19.14,14.9,4,1649,29.4
1791109816650,28.543271,77.309840,37.0,CNG,24.67,14.9,5,1132,29.4
1791109817652,28.543211,77.309771,35.0,CNG,30.03,47.5,4,1236,29.4
1791109820003,28.543083,77.309630,37.0,CNG,20.12,48.2,4,1345,77.3
1791109821158,28.543009,77.309554,41.0,CNG,34.94,14.9,4,1486,77.3
1791109822328,28.542849,77.309404,42.0,CNG,35.27,30.6,4,1574,77.3
1791109824386,28.542678,77.309244,44.0,CNG,22.44,56.5,4,1618,42.0
1791109825520,28.542590,77.309160,48.0,CNG,33.50,14.9,4,1772,42.0
1791109827057,28.542506,77.309067,48.0,CNG,21.59,33.7,4,1744,42.0
1791109828791,28.542336,77.308871,49.0,CNG,20.28,38.0,4,1832,67.5
1791109829795,28.542254,77.308767,51.0,CNG,19.26,38.4,4,1920,67.5
1791109830839,28.542167,77.308662,53.0,CNG,26.75,37.3,4,1955,67.5
1791109832790,28.541978,77.308464,53.0,CNG,25.15,32.5,4,1964,56.1
1791109833645,28.541877,77.308369,54.0,CNG,23.83,68.2,4,2002,56.1
1791109834635,28.541775,77.308270,56.0,CNG,21.71,63.9,4,2063,56.1
1791109836642,28.541552,77.308068,58.0,CNG,17.75,59.6,4,2125,38.8
1791109837672,28.541437,77.307965,61.0,CNG,20.21,37.6,4,2079,38.8
1791109838797,28.541319,77.307865,62.0,CNG,24.05,34.9,5,1815,38.8
1791109840481,28.541082,77.307660,62.0,CNG,27.44,14.9,5,1835,45.9
1791109841347,28.540960,77.307556,62.0,CNG,28.54,29.8,5,1837,45.9
1791109842190,28.540841,77.307452,62.0,CNG,30.39,30.2,5,1829,45.9
1791109843957,28.540722,77.307346,63.0,CNG,29.69,32.2,5,1829,54.5
1791109844783,28.540601,77.307239,63.0,CNG,30.00,32.2,5,1841,54.5
1791109845614,28.540479,77.307136,63.0,CNG,30.10,32.2,5,1851,54.5
1791109847573,28.540235,77.306929,63.0,CNG,30.31,32.2,5,1853,44.7
1791109848528,28.540113,77.306820,64.0,CNG,33.00,32.2,5,1873,44.7
1791109849285,28.539990,77.306711,64.0,CNG,34.98,31.8,5,1890,44.7
1791109850997,28.539864,77.306604,65.0,CNG,58.82,31.8,5,1901,44.3
1791109851875,28.539736,77.306498,65.0,CNG,47.82,31.8,5,1918,44.3
1791109852709,28.539604,77.306396,66.0,CNG,37.82,31.8,5,1928,44.3
1791109854510,28.539342,77.306193,66.0,CNG,32.86,32.2,5,1947,55.3
1791109855447,28.539204,77.306094,67.0,CNG,31.85,32.2,5,1956,55.3
1791109856300,28.539068,77.305996,67.0,CNG,30.84,32.2,5,1961,55.3
1791109858025,28.538927,77.305900,67.0,CNG,30.26,31.8,5,1979,54.5
1791109858866,28.538786,77.305804,68.0,CNG,30.34,31.8,5,1989,54.5
1791109859724,28.538641,77.305710,68.0,CNG,31.35,31.8,5,2001,54.5
1791109861356,28.538347,77.305536,69.0,CNG,30.70,31.8,5,2011,43.5
1791109862304,28.538200,77.305444,69.0,CNG,34.74,30.2,5,2028,43.5
1791109863139,28.538200,77.305444,69.0,CNG,37.50,29.0,5,2030,43.5
1791109865141,28.537908,77.305255,69.0,CNG,47.75,14.9,5,2028,39.6
1791109865997,28.537767,77.305157,69.0,CNG,46.61,29.0,5,2001,39.6
1791109867162,28.537624,77.305059,69.0,CNG,46.67,28.2,5,2010,39.6
1791109868918,28.537339,77.304869,69.0,CNG,56.74,14.9,5,2027,20.0
1791109869739,28.537192,77.304785,66.0,CNG,65.40,14.9,5,1948,20.0
1791109870554,28.537048,77.304706,65.0,CNG,46.52,30.6,5,1922,20.0
1791109872347,28.536759,77.304567,65.0,CNG,41.46,30.6,5,1898,27.5
1791109873088,28.536759,77.304567,61.0,CNG,51.39,14.9,5,1803,27.5
1791109873975,28.536622,77.304510,55.0,CNG,60.29,14.9,5,1658,27.5
1791109875669,28.536395,77.304422,49.0,CNG,61.98,14.9,5,1454,20.8
1791109876528,28.536292,77.304386,44.0,CNG,69.02,14.9,5,1255,20.8
1791109877387,28.536200,77.304342,43.0,CNG,75.92,35.7,5,1273,20.8
1791109879249,28.536009,77.304261,43.0,CNG,44.70,31.0,4,1581,22.0
1791109880082,28.535906,77.304232,43.0,CNG,31.63,37.6,4,1600,22.0
1791109881153,28.535800,77.304206,45.0,CNG,27.58,39.6,4,1648,22.0
1791109883129,28.535580,77.304165,46.0,CNG,23.20,38.4,4,1705,70.6
1791109884123,28.535580,77.304165,48.0,CNG,20.49,38.4,4,1786,70.6
1791109884877,28.535467,77.304146,49.0,CNG,19.71,14.9,4,1823,70.6
1791109886850,28.535227,77.304113,49.0,CNG,20.15,33.3,4,1813,59.2
1791109887779,28.535106,77.304103,51.0,CNG,20.79,35.3,4,1875,59.2
1791109888795,28.534981,77.304099,51.0,CNG,20.75,34.9,4,1910,59.2
1791109890543,28.534730,77.304100,52.0,CNG,21.44,34.9,4,1933,49.0
1791109891364,28.534602,77.304103,53.0,CNG,21.93,32.9,4,1957,49.0
1791109892255,28.534475,77.304109,53.0,CNG,24.26,32.9,4,1994,49.0
1791109894003,28.534349,77.304125,54.0,CNG,25.61,32.9,4,1996,46.7
1791109894798,28.534216,77.304143,55.0,CNG,26.65,32.9,4,2045,46.7
1791109895783,28.534083,77.304165,56.0,CNG,27.36,32.9,4,2066,46.7
1791109897417,28.533809,77.304224,56.0,CNG,27.83,32.9,4,2095,45.5
1791109898249,28.533670,77.304259,58.0,CNG,28.43,32.9,4,2137,45.5
1791109899081,28.533670,77.304259,58.0,CNG,31.03,34.1,4,2157,45.5
1791109900765,28.533390,77.304333,58.0,CNG,26.19,33.7,4,2158,58.0
1791109901609,28.533247,77.304370,59.0,CNG,23.87,35.3,4,2188,58.0
1791109902660,28.533107,77.304410,60.0,CNG,30.48,14.9,4,2208,58.0
1791109904302,28.532833,77.304488,58.0,CNG,39.78,34.9,4,2173,52.2
1791109905201,28.532698,77.304529,57.0,CNG,42.61,14.9,5,1606,52.2
1791109906160,28.532698,77.304529,54.0,CNG,50.57,14.9,,1380,52.2
1791109908023,28.532471,77.304591,47.0,CNG,62.79,14.9,,1165,22.0
1791109908888,28.532390,77.304613,26.0,CNG,58.25,14.9,4,885,22.0
1791109909745,28.532344,77.304623,16.0,CNG,51.41,14.9,3,892,22.0
1791109911371,28.532283,77.304635,13.0,CNG,43.44,14.9,2,895,24.7
1791109912304,28.532258,77.304643,11.0,CNG,32.88,31.4,2,893,24.7
1791109913171,28.532229,77.304652,12.0,CNG,11.62,40.4,,1289,24.7
1791109915024,28.532191,77.304662,15.0,CNG,10.22,29.8,2,1114,57.3
1791109915853,28.532150,77.304653,19.0,CNG,11.00,18.8,2,1451,57.3
1791109916773,28.532123,77.304616,19.0,CNG,14.21,14.9,2,1412,57.3
1791109918527,28.532096,77.304548,15.0,CNG,16.14,14.9,2,1144,72.2
1791109919433,28.532087,77.304523,13.0,CNG,12.42,33.7,2,977,72.2
1791109920234,28.532073,77.304478,16.0,CNG,10.78,31.0,2,1172,72.2
1791109922003,28.532079,77.304432,17.0,CNG,14.71,24.3,2,1233,50.6
1791109922878,28.532090,77.304388,18.0,CNG,14.57,22.4,2,1320,50.6
1791109923681,28.532116,77.304351,19.0,CNG,13.19,32.9,2,1424,50.6
1791109925585,28.532224,77.304322,21.0,CNG,11.56,34.5,2,1543,65.1
1791109926886,28.532286,77.304306,27.0,CNG,10.61,36.5,2,2011,65.1
1791109927986,28.532355,77.304286,31.0,CNG,16.46,32.9,2,2235,65.1
1791109929684,28.532502,77.304233,32.0,CNG,16.82,36.9,3,1554,51.0
1791109930820,28.532587,77.304204,36.0,CNG,17.84,34.1,3,1815,51.0
1791109931715,28.532675,77.304176,38.0,CNG,18.95,33.7,3,1910,51.0
1791109933419,28.532864,77.304121,39.0,CNG,19.36,33.7,3,1984,48.6
1791109934281,28.532966,77.304095,43.0,CNG,18.95,33.7,3,2161,48.6
1791109935201,28.533071,77.304070,44.0,CNG,17.56,34.5,3,2234,48.6
1791109936987,28.533180,77.304047,45.0,CNG,16.94,34.9,3,2277,54.9
1791109937811,28.533292,77.304027,48.0,CNG,24.03,14.9,3,2427,54.9
1791109938679,28.533408,77.304012,48.0,CNG,32.19,14.9,5,1454,54.9
1791109940516,28.533625,77.303993,45.0,CNG,39.43,14.9,5,1326,32.9
1791109941532,28.533729,77.303989,41.0,CNG,44.18,14.9,,952,32.9
1791109942379,28.533830,77.303980,41.0,CNG,54.00,14.9,,926,32.9
1791109944093,28.533929,77.303985,41.0,CNG,67.14,14.9,,967,60.8
1791109944937,28.534027,77.303987,40.0,CNG,26.39,36.5,3,2042,60.8
1791109945992,28.534123,77.303985,42.0,CNG,25.02,33.7,4,1526,60.8
1791109948641,28.534427,77.303983,43.0,CNG,25.28,33.3,4,1572,61.2
1791109949992,28.534535,77.303983,45.0,CNG,23.53,34.9,4,1664,61.2
1791109951524,28.534755,77.303988,46.0,CNG,21.94,34.9,4,1717,61.2
1791109954340,28.535111,77.304017,48.0,CNG,37.77,36.5,4,1777,63.5
1791109955957,28.535233,77.304030,51.0,CNG,28.42,36.1,4,1882,63.5
1791109957061,28.535356,77.304044,52.0,CNG,35.75,30.6,4,1925,63.5
1791109958772,28.535606,77.304081,52.0,CNG,35.25,30.2,4,1919,40.8
1791109959609,28.535731,77.304103,52.0,CNG,34.04,30.6,4,1935,40.8
1791109960448,28.535857,77.304128,53.0,CNG,33.62,30.6,4,1953,40.8
1791109962140,28.535981,77.304155,53.0,CNG,33.43,30.6,4,1972,42.0
1791109963025,28.536108,77.304187,54.0,CNG,32.19,32.2,4,2020,42.0
1791109963920,28.536237,77.304223,55.0,CNG,30.72,33.7,4,2038,42.0
1791109965557,28.536501,77.304302,56.0,CNG,29.15,33.7,4,2074,63.1
1791109966833,28.536634,77.304346,57.0,CNG,24.91,34.9,4,2132,63.1
1791109967735,28.536765,77.304399,58.0,CNG,23.47,34.9,4,2163,63.1
1791109969419,28.537029,77.304527,59.0,CNG,23.14,34.9,4,2185,57.6
1791109970282,28.537160,77.304601,60.0,CNG,22.63,34.9,4,2216,57.6
1791109971319,28.537294,77.304677,60.0,CNG,22.61,34.9,4,2233,57.6
1791109973204,28.537558,77.304849,61.0,CNG,24.10,34.9,4,2244,47.1
1791109974024,28.537688,77.304940,62.0,CNG,25.18,35.3,4,2295,47.1
1791109975157,28.537688,77.304940,63.0,CNG,25.58,30.2,4,2321,47.1
1791109976963,28.537953,77.305113,63.0,CNG,34.73,35.3,4,2294,52.2
1791109978018,28.538217,77.305293,64.0,CNG,28.34,36.9,4,2364,52.2
1791109979001,28.538217,77.305293,64.0,CNG,23.96,36.5,4,2383,52.2
1791109980855,28.538490,77.305476,65.0,CNG,22.92,36.5,4,2400,58.8
1791109981900,28.538632,77.305563,65.0,CNG,22.67,36.5,4,2427,58.8
1791109982876,28.538767,77.305654,66.0,CNG,22.20,37.3,4,2441,58.8
1791109984426,28.539035,77.305850,67.0,CNG,21.98,36.9,4,2456,58.8
1791109985430,28.539165,77.305952,67.0,CNG,22.04,34.9,4,2549,58.8
1791109986479,28.539300,77.306055,67.0,CNG,23.93,34.9,4,2486,58.8
1791109988530,28.539569,77.306265,68.0,CNG,25.29,34.9,4,2515,44.3
1791109989537,28.539703,77.306372,69.0,CNG,26.09,35.3,4,2560,44.3
1791109990650,28.539840,77.306485,70.0,CNG,29.75,14.9,4,2593,44.3
1791109992443,28.540114,77.306717,70.0,CNG,28.13,33.7,4,2666,23.5
1791109993217,28.540244,77.306830,69.0,CNG,31.07,32.5,5,1872,23.5
1791109994121,28.540244,77.306830,69.0,CNG,29.80,31.8,5,2049,23.5
1791109995796,28.540516,77.307059,69.0,CNG,30.17,30.6,5,2044,47.1
1791109996707,28.540651,77.307172,69.0,CNG,41.23,14.9,5,2030,47.1
1791109997513,28.540786,77.307285,68.0,CNG,51.89,14.9,5,1999,47.1
1791109999094,28.540915,77.307389,66.0,CNG,61.81,14.9,5,1936,27.1
1791109999979,28.541036,77.307485,57.0,CNG,75.03,14.9,,1276,27.1
1791110000947,28.541142,77.307567,51.0,CNG,86.55,14.9,,1135,27.1
1791110002630,28.541318,77.307716,45.0,CNG,90.06,14.9,,929,23.9
1791110003622,28.541369,77.307759,24.0,CNG,77.38,14.9,4,918,23.9
1791110004529,28.541394,77.307777,13.0,CNG,60.49,14.9,2,938,23.9
1791110006224,28.541452,77.307813,12.0,CNG,23.76,37.6,2,988,57.6
1791110007497,28.541485,77.307839,18.0,CNG,16.31,31.0,2,1307,57.6
1791110008360,28.541526,77.307872,19.0,CNG,19.91,33.3,2,1387,57.6
1791110009936,28.541567,77.307905,20.0,CNG,14.78,27.8,2,1550,23.5
1791110010786,28.541605,77.307937,20.0,CNG,18.01,14.9,2,1573,23.5
1791110011662,28.541646,77.307965,18.0,CNG,20.13,14.9,2,1406,23.5
1791110013449,28.541699,77.308004,13.0,CNG,19.58,14.9,2,1071,71.8
1791110014296,28.541727,77.308018,14.0,CNG,14.23,14.9,2,1035,71.8
1791110015228,28.541759,77.308039,14.0,CNG,12.04,14.9,2,1050,71.8
1791110016858,28.541785,77.308066,14.0,CNG,10.53,30.6,2,1059,53.3
1791110017894,28.541816,77.308096,17.0,CNG,12.37,14.9,2,1240,53.3
1791110018678,28.541846,77.308125,15.0,CNG,14.66,14.9,2,1093,53.3
1791110020482,28.541885,77.308166,11.0,CNG,14.56,14.9,,967,65.5
1791110021353,28.541901,77.308183,9.0,CNG,12.55,14.9,1,1131,65.5
1791110022174,28.541901,77.308183,6.0,CNG,13.31,14.9,,1027,65.5
1791110023892,28.541917,77.308201,3.0,CNG,6.24,34.5,,933,42.7
1791110024777,28.541925,77.308209,5.0,CNG,4.49,27.8,,1410,42.7
1791110025599,28.541935,77.308219,7.0,CNG,6.62,14.9,1,995,42.7
1791110027441,28.541954,77.308236,4.0,CNG,7.37,36.1,,982,69.8
1791110028473,28.541965,77.308246,6.0,CNG,7.70,14.9,,1047,69.8
1791110029261,28.541975,77.308256,6.0,CNG,3.97,25.9,1,923,69.8
1791110031150,28.541986,77.308267,7.0,CNG,5.10,14.9,1,1029,42.4
1791110032074,28.541991,77.308271,1.0,CNG,4.03,14.9,,950,42.4
1791110032872,28.541992,77.308272,0.0,CNG,,18.4,0,906,42.4
1791110034612,28.541992,77.308276,0.0,CNG,,14.9,0,1243,31.4
1791110035431,28.541990,77.308276,0.0,CNG,,29.0,0,1055,31.4
1791110036449,28.541994,77.308280,2.0,CNG,,28.6,,1357,31.4
1791110038216,28.542009,77.308293,3.0,CNG,,14.9,,1366,19.6
1791110039271,28.542014,77.308295,2.0,CNG,,14.9,,882,19.6
1791110040056,28.542014,77.308295,0.0,CNG,,14.9,0,876,19.6
1791110041858,28.542013,77.308293,0.0,CNG,,14.9,0,881,40.0
1791110042627,28.542014,77.308292,0.0,CNG,,14.9,0,861,40.0
1791110043561,28.542014,77.308293,0.0,CNG,,14.9,0,872,40.0
1791110045382,28.542015,77.308292,0.0,CNG,,14.9,0,868,42.0
1791110046327,28.542014,77.308291,0.0,CNG,,14.9,0,858,42.0
1791110047573,28.542014,77.308291,0.0,CNG,,14.9,0,850,42.0
1791110049267,28.542013,77.308292,0.0,CNG,,14.9,0,865,38.8
1791110050154,28.542013,77.308292,0.0,CNG,,14.9,0,857,38.8
1791110050964,28.542012,77.308292,0.0,CNG,,14.9,0,856,38.8
1791110052777,28.542012,77.308292,0.0,CNG,,14.9,0,850,39.2
1791110053708,28.542012,77.308292,0.0,CNG,,14.9,0,848,39.2
1791110054500,28.542012,77.308292,0.0,CNG,,14.9,0,850,39.2
1791110056247,28.542012,77.308292,0.0,CNG,,14.9,0,855,40.0
1791110057053,28.542012,77.308292,0.0,CNG,,14.9,0,852,40.0
1791110057947,28.542012,77.308292,0.0,CNG,,14.9,0,856,40.0
1791110059607,28.542012,77.308292,0.0,CNG,,14.9,0,850,39.2
1791110060498,28.542012,77.308292,0.0,CNG,,14.9,0,854,39.2
1791110061428,28.542012,77.308292,0.0,CNG,,14.9,0,855,39.2
1791110063067,28.542012,77.308292,0.0,CNG,,14.9,0,860,39.6
1791110063908,28.542012,77.308292,0.0,CNG,,14.9,0,853,39.6
1791110064775,28.542012,77.308292,0.0,CNG,,14.9,0,855,39.6
1791110066549,28.542012,77.308292,0.0,CNG,,14.9,0,853,39.2
1791110067500,28.542012,77.308292,0.0,CNG,,14.9,0,852,39.2
1791110068480,28.542012,77.308292,0.0,CNG,,14.9,0,852,39.2
1791110070209,28.542012,77.308292,0.0,CNG,,14.9,0,844,38.8
1791110071027,28.542012,77.308292,0.0,CNG,,14.9,0,855,38.8
1791110071933,28.542012,77.308292,0.0,CNG,,14.9,0,852,38.8
1791110074128,28.542012,77.308292,0.0,CNG,,14.9,0,848,39.2
1791110074930,28.542012,77.308292,0.0,CNG,,14.9,0,856,39.2
1791110075848,28.542012,77.308292,0.0,CNG,,14.9,0,850,39.2
1791110077642,28.542012,77.308292,0.0,CNG,,14.9,0,842,39.2
1791110078406,28.542012,77.308292,0.0,CNG,,14.9,0,853,39.2
1791110079217,28.542012,77.308292,0.0,CNG,,14.9,0,855,39.2
1791110080860,28.542012,77.308292,0.0,CNG,,14.9,0,859,38.8
1791110081783,28.542012,77.308292,0.0,CNG,,14.9,0,850,38.8
1791110082614,28.542012,77.308292,0.0,CNG,,14.9,0,851,38.8
1791110084335,28.542012,77.308292,0.0,CNG,,14.9,0,853,39.2
1791110085174,28.542012,77.308292,0.0,CNG,,14.9,0,855,39.2
1791110086191,28.542012,77.308292,0.0,CNG,,14.9,0,855,39.2
1791110088370,28.542012,77.308292,0.0,CNG,,14.9,0,854,38.8
1791110089721,28.542012,77.308292,0.0,CNG,,14.9,0,853,38.8
1791110090698,28.542012,77.308292,0.0,CNG,,14.9,0,857,38.8
1791110092543,28.542012,77.308292,0.0,CNG,,14.9,0,852,39.6
1791110093412,28.542012,77.308292,0.0,CNG,,14.9,0,854,39.6
1791110094508,28.542012,77.308292,0.0,CNG,,14.9,0,849,39.6
1791110096064,28.542012,77.308292,0.0,CNG,,14.9,0,850,40.0
1791110096826,28.542012,77.308292,0.0,CNG,,14.9,0,855,40.0
1791110097573,28.542012,77.308292,0.0,CNG,,14.9,0,850,40.0
1791110099085,28.542012,77.308292,0.0,CNG,,14.9,0,853,40.0
1791110099873,28.542012,77.308292,0.0,CNG,,14.9,0,846,40.0
1791110100671,28.542012,77.308292,0.0,CNG,,14.9,0,853,40.0
1791110102130,28.542012,77.308292,0.0,CNG,,14.9,0,853,40.0
1791110102846,28.542012,77.308293,0.0,CNG,,14.9,0,851,40.0
1791110103608,28.542012,77.308293,0.0,CNG,,14.9,0,851,40.0
1791110105112,28.542012,77.308293,0.0,CNG,,14.9,0,849,39.6
1791110105862,28.542012,77.308293,0.0,CNG,,14.9,0,855,39.6
1791110106612,28.542012,77.308293,0.0,CNG,,14.9,0,850,39.6
1791110108222,28.542012,77.308293,0.0,CNG,,14.9,0,853,39.6
1791110108947,28.542012,77.308293,0.0,CNG,,14.9,0,853,39.6
1791110109736,28.542012,77.308293,0.0,CNG,,14.9,0,852,39.6
1791110111192,28.542012,77.308293,0.0,CNG,,14.9,0,855,39.2
1791110111943,28.542012,77.308293,0.0,CNG,,14.9,0,856,39.2
1791110112684,28.542012,77.308293,0.0,CNG,,14.9,0,853,39.2
1791110114176,28.542012,77.308293,0.0,CNG,,14.9,0,854,39.6
1791110114902,28.542012,77.308293,0.0,CNG,,14.9,0,845,39.6
1791110115660,28.542012,77.308293,0.0,CNG,,14.9,0,847,39.6
1791110117184,28.542012,77.308293,0.0,CNG,,14.9,0,849,40.4
1791110117905,28.542012,77.308293,0.0,CNG,,14.9,0,849,40.4
1791110118744,28.542012,77.308293,0.0,CNG,,14.9,0,845,40.4
1791110120224,28.542012,77.308293,0.0,CNG,,14.9,0,846,40.4
1791110120957,28.542012,77.308293,0.0,CNG,,14.9,0,850,40.4
1791110121699,28.542012,77.308293,0.0,CNG,,14.9,0,855,40.4
1791110123184,28.542012,77.308293,0.0,CNG,,14.9,0,848,40.4
1791110123956,28.542012,77.308293,0.0,CNG,,14.9,0,855,40.4
1791110124691,28.542012,77.308293,0.0,CNG,,14.9,0,852,40.4
1791110126151,28.542012,77.308293,0.0,CNG,,14.9,0,854,40.0
1791110127004,28.542012,77.308293,0.0,CNG,,14.9,0,848,40.0
1791110127785,28.542011,77.308293,0.0,CNG,,14.9,0,856,40.0
1791110129254,28.542013,77.308296,0.0,CNG,,14.9,0,858,40.0
1791110130001,28.542013,77.308296,0.0,CNG,,14.9,0,852,40.0
1791110130736,28.542013,77.308295,0.0,CNG,,14.9,0,848,40.0
1791110132207,28.542014,77.308296,0.0,CNG,,14.9,0,852,39.6
1791110132973,28.542014,77.308296,0.0,CNG,,14.9,0,853,39.6
1791110133753,28.542015,77.308295,0.0,CNG,,14.9,0,859,39.6
1791110135397,28.542016,77.308296,0.0,CNG,,14.9,0,860,40.0
1791110136171,28.542016,77.308296,0.0,CNG,,14.9,0,853,40.0
1791110136966,28.542016,77.308296,0.0,CNG,,14.9,0,851,40.0
1791110138501,28.542016,77.308296,0.0,CNG,,14.9,0,851,40.0
1791110139318,28.542016,77.308296,0.0,CNG,,14.9,0,854,40.0
1791110140069,28.542016,77.308296,0.0,CNG,,14.9,0,858,40.0
1791110141766,28.542016,77.308297,0.0,CNG,,14.9,0,856,39.6
1791110142507,28.542016,77.308297,0.0,CNG,,14.9,0,852,39.6
1791110143305,28.542016,77.308297,0.0,CNG,,14.9,0,850,39.6
1791110144806,28.542016,77.308297,0.0,CNG,,14.9,0,856,39.2
1791110145725,28.542016,77.308297,0.0,CNG,,14.9,0,849,39.2
1791110146629,28.542016,77.308297,0.0,CNG,,14.9,0,859,39.2
1791110148586,28.542017,77.308297,0.0,CNG,,14.9,0,847,39.2
1791110149491,28.542017,77.308297,0.0,CNG,,14.9,0,853,39.2
1791110150479,28.542017,77.308297,0.0,CNG,,14.9,0,858,39.2
1791110152243,28.542017,77.308297,0.0,CNG,,14.9,0,852,39.6
1791110153165,28.542017,77.308297,0.0,CNG,,14.9,0,847,39.6
1791110154095,28.542017,77.308297,0.0,CNG,,14.9,0,850,39.6
1791110155808,28.542017,77.308297,0.0,CNG,,14.9,0,849,39.6
1791110156698,28.542017,77.308297,0.0,CNG,,14.9,0,848,39.6
1791110157652,28.542017,77.308297,0.0,CNG,,14.9,0,854,39.6
1791110159376,28.542017,77.308297,0.0,CNG,,14.9,0,850,39.6
1791110160361,28.542017,77.308297,0.0,CNG,,14.9,0,848,39.6
1791110161184,28.542017,77.308297,0.0,CNG,,14.9,0,848,39.6
1791110162701,28.542017,77.308297,0.0,CNG,,14.9,0,853,40.0
1791110163411,28.542017,77.308297,0.0,CNG,,14.9,0,849,40.0
1791110164145,28.542017,77.308297,0.0,CNG,,14.9,0,846,40.0
1791110165561,28.542017,77.308297,0.0,CNG,,14.9,0,849,40.4
1791110166346,28.542017,77.308297,0.0,CNG,,14.9,0,847,40.4
1791110167114,28.542017,77.308297,0.0,CNG,,14.9,0,848,40.4
1791110168603,28.542017,77.308297,0.0,CNG,,14.9,0,851,40.8
1791110169335,28.542017,77.308297,0.0,CNG,,14.9,0,847,40.8
1791110170137,28.542017,77.308297,0.0,CNG,,14.9,0,852,40.8
1791110171572,28.542017,77.308297,0.0,CNG,,14.9,0,849,40.4
1791110172346,28.542017,77.308297,0.0,CNG,,14.9,0,850,40.4
1791110173063,28.542017,77.308297,0.0,CNG,,14.9,0,848,40.4
1791110174827,28.542017,77.308297,0.0,CNG,,14.9,0,855,41.2
1791110175849,28.542017,77.308297,0.0,CNG,,14.9,0,848,41.2
1791110177146,28.542017,77.308297,0.0,CNG,,14.9,0,854,41.2
1791110179281,28.542017,77.308297,0.0,CNG,,14.9,0,854,40.4
1791110180201,28.542017,77.308297,0.0,CNG,,14.9,0,852,40.4
1791110181197,28.542020,77.308299,0.0,CNG,,14.9,0,853,40.4
1791110183271,28.542026,77.308299,0.0,CNG,,14.9,0,853,40.8
1791110184414,28.542028,77.308299,0.0,CNG,,14.9,0,853,40.8
1791110185456,28.542028,77.308299,0.0,CNG,,14.9,0,856,40.8
1791110187991,28.542038,77.308308,1.0,CNG,,27.1,,1004,61.2
1791110188931,28.542052,77.308321,9.0,CNG,2.85,34.9,1,1343,61.2
1791110189967,28.542073,77.308341,13.0,CNG,4.34,14.9,1,1875,61.2
1791110191853,28.542126,77.308395,14.0,CNG,6.46,30.6,,1442,60.4
1791110192689,28.542155,77.308425,17.0,CNG,8.80,23.1,2,1308,60.4
1791110193622,28.542189,77.308457,18.0,CNG,12.16,23.5,2,1380,60.4
1791110195974,28.542261,77.308528,19.0,CNG,15.11,23.1,2,1433,19.6
1791110197148,28.542298,77.308563,19.0,CNG,21.91,14.9,3,1048,19.6
1791110198092,28.542332,77.308593,17.0,CNG,27.06,14.9,3,881,19.6
1791110200075,28.542392,77.308650,16.0,CNG,18.54,31.8,3,880,53.3
1791110201011,28.542426,77.308680,19.0,CNG,14.67,29.0,2,1441,53.3
1791110202100,28.542464,77.308715,20.0,CNG,13.72,23.5,2,1534,53.3
1791110204271,28.542577,77.308820,20.0,CNG,10.51,27.5,2,1553,22.7
1791110205357,28.542613,77.308850,19.0,CNG,13.93,14.9,2,1483,22.7
1791110206445,28.542649,77.308879,18.0,CNG,13.56,25.1,2,1409,22.7
1791110208957,28.542725,77.308944,19.0,CNG,13.26,26.7,2,1417,19.2
1791110209878,28.542759,77.308979,19.0,CNG,13.23,30.6,2,1475,19.2
1791110211155,28.542793,77.309020,21.0,CNG,13.73,30.6,2,1548,19.2
1791110213369,28.542892,77.309155,21.0,CNG,13.76,27.8,2,1596,19.2
1791110214402,28.542926,77.309198,20.0,CNG,9.66,88.2,2,1586,19.2
1791110215614,28.542970,77.309244,25.0,CNG,7.40,79.2,2,1938,19.2
1791110217928,28.543085,77.309360,34.0,CNG,8.97,62.7,2,2449,30.6
1791110219308,28.543192,77.309510,33.0,CNG,13.61,14.9,,1471,30.6
1791110220416,28.543239,77.309566,28.0,CNG,18.35,14.9,3,1275,30.6
1791110222319,28.543313,77.309666,25.0,CNG,22.55,14.9,4,1035,38.0
1791110223377,28.543340,77.309706,17.0,CNG,22.82,14.9,3,851,38.0
1791110224437,28.543359,77.309737,15.0,CNG,20.95,14.9,3,859,38.0
1791110226612,28.543384,77.309779,13.0,CNG,19.61,14.9,,854,42.7
1791110228015,28.543384,77.309776,0.0,CNG,12.49,14.9,0,851,42.7
1791110228911,28.543384,77.309777,0.0,CNG,7.87,14.9,0,860,42.7
1791110231005,28.543384,77.309775,0.0,CNG,4.81,14.9,0,860,83.9
1791110232142,28.543385,77.309774,1.0,CNG,,34.9,,1690,83.9
1791110233145,28.543389,77.309779,4.0,CNG,2.36,26.3,,1847,83.9
1791110235315,28.543418,77.309820,8.0,CNG,4.77,14.9,1,1113,36.9
1791110236337,28.543420,77.309823,1.0,CNG,3.60,14.9,,912,36.9
1791110237431,28.543420,77.309823,0.0,CNG,,41.2,0,867,36.9
1791110240120,28.543428,77.309836,3.0,CNG,,,,1357,34.5
1791110241111,28.543435,77.309848,5.0,CNG,3.71,14.9,,885,34.5
1791110242155,28.543443,77.309858,3.0,CNG,4.62,27.8,,877,34.5
1791110244319,28.543463,77.309875,3.0,CNG,4.51,14.9,,1364,38.4
1791110245348,28.543467,77.309881,2.0,CNG,,14.9,,1282,38.4
1791110246521,28.543467,77.309883,1.0,CNG,,14.9,,941,38.4
1791110249098,28.543469,77.309879,0.0,CNG,,14.9,0,851,42.4
1791110250078,28.543470,77.309879,0.0,CNG,,14.9,0,861,42.4
1791110251202,28.543470,77.309879,0.0,CNG,,14.9,0,845,42.4
1791110253762,28.543471,77.309882,0.0,CNG,,14.9,0,846,42.7
1791110254990,28.543471,77.309883,0.0,CNG,,14.9,0,864,42.7
1791110256179,28.543471,77.309882,0.0,CNG,,14.9,0,864,42.7
1791110258792,28.543471,77.309882,0.0,CNG,,14.9,0,849,42.4
1791110259922,28.543471,77.309882,0.0,CNG,,14.9,0,860,42.4
1791110260865,28.543471,77.309882,0.0,CNG,,14.9,0,857,42.4
1791110263421,28.543471,77.309882,0.0,CNG,,14.9,0,858,41.6
1791110264825,28.543471,77.309882,0.0,CNG,,14.9,0,851,41.6
1791110265912,28.543471,77.309882,0.0,CNG,,14.9,0,848,41.6
1791110268654,28.543471,77.309883,0.0,CNG,,14.9,0,849,40.8
1791110269700,28.543471,77.309883,0.0,CNG,,14.9,0,856,40.8
1791110270682,28.543471,77.309883,0.0,CNG,,14.9,0,849,40.8
1791110272937,28.543471,77.309882,0.0,CNG,,14.9,0,846,40.8
1791110273938,28.543471,77.309882,0.0,CNG,,14.9,0,847,40.8
1791110274946,28.543471,77.309882,0.0,CNG,,14.9,0,852,40.8
1791110276940,28.543471,77.309883,0.0,CNG,,14.9,0,847,41.6
1791110277974,28.543471,77.309883,0.0,CNG,,14.9,0,851,41.6
1791110279327,28.543471,77.309883,0.0,CNG,,14.9,0,856,41.6
1791110281658,28.543471,77.309883,0.0,CNG,,14.9,0,851,42.0
1791110282734,28.543471,77.309883,0.0,CNG,,14.9,0,848,42.0
1791110283804,28.543471,77.309883,0.0,CNG,,14.9,0,850,42.0
1791110285860,28.543471,77.309883,0.0,CNG,,14.9,0,853,41.2
1791110287252,28.543471,77.309883,0.0,CNG,,14.9,0,855,41.2
1791110288320,28.543471,77.309883,0.0,CNG,,14.9,0,855,41.2
1791110290491,28.543471,77.309883,0.0,CNG,,14.9,0,851,41.6
1791110291546,28.543471,77.309883,0.0,CNG,,14.9,0,851,41.6
1791110292598,28.543471,77.309883,0.0,CNG,,14.9,0,847,41.6
1791110294951,28.543471,77.309883,0.0,CNG,,14.9,0,852,40.4
1791110296026,28.543471,77.309883,0.0,CNG,,14.9,0,856,40.4
1791110296964,28.543471,77.309883,0.0,CNG,,14.9,0,858,40.4
1791110299012,28.543471,77.309883,0.0,CNG,,14.9,0,852,38.4
1791110300089,28.543471,77.309883,0.0,CNG,,14.9,0,845,38.4
1791110301116,28.543471,77.309883,0.0,CNG,,14.9,0,846,38.4
1791110303710,28.543471,77.309883,0.0,CNG,,14.9,0,844,39.6
1791110305041,28.543471,77.309883,0.0,CNG,,14.9,0,854,39.6
1791110306280,28.543471,77.309883,0.0,CNG,,14.9,0,849,39.6
1791110309300,28.543470,77.309883,0.0,CNG,,14.9,0,852,40.4
1791110310559,28.543470,77.309883,0.0,CNG,,14.9,0,848,40.4
1791110311647,28.543470,77.309883,0.0,CNG,,14.9,0,856,40.4
1791110313567,28.543470,77.309883,0.0,CNG,,14.9,0,849,40.4
1791110314658,28.543470,77.309883,0.0,CNG,,14.9,0,827,40.4
1791110315953,28.543470,77.309883,0.0,CNG,,14.9,0,877,40.4
1791110318213,28.543470,77.309884,0.0,CNG,,14.9,0,864,31.0
1791110319193,28.543470,77.309884,0.0,CNG,,14.9,0,858,31.0
1791110320253,28.543470,77.309884,0.0,CNG,,14.9,0,855,31.0
1791110322193,28.543470,77.309884,0.0,CNG,,14.9,0,863,42.4
1791110323378,28.543470,77.309884,0.0,CNG,,14.9,0,865,42.4
1791110324331,28.543470,77.309884,0.0,CNG,,14.9,0,855,42.4
1791110326338,28.543470,77.309884,0.0,CNG,,14.9,0,855,40.8
1791110327842,28.543470,77.309884,0.0,CNG,,14.9,0,847,40.8
1791110328810,28.543470,77.309884,0.0,CNG,,14.9,0,856,40.8
1791110330949,28.543470,77.309884,0.0,CNG,,14.9,0,848,39.6
1791110331767,28.543470,77.309884,0.0,CNG,,14.9,0,845,39.6
1791110332865,28.543470,77.309884,0.0,CNG,,14.9,0,853,39.6
1791110334957,28.543470,77.309884,0.0,CNG,,14.9,0,848,40.8
1791110335999,28.543470,77.309884,0.0,CNG,,14.9,0,852,40.8
1791110337094,28.543470,77.309884,0.0,CNG,,14.9,0,843,40.8
1791110338973,28.543470,77.309884,0.0,CNG,,14.9,0,850,41.2
1791110340193,28.543470,77.309884,0.0,CNG,,14.9,0,851,41.2
1791110341115,28.543470,77.309884,0.0,CNG,,14.9,0,856,41.2
1791110343347,28.543470,77.309884,0.0,CNG,,14.9,0,852,40.8
1791110344469,28.543470,77.309884,0.0,CNG,,14.9,0,843,40.8
1791110345460,28.543470,77.309884,0.0,CNG,,14.9,0,851,40.8
1791110348286,28.543470,77.309884,0.0,CNG,,14.9,0,853,40.4
1791110349289,28.543470,77.309884,0.0,CNG,,14.9,0,854,40.4
1791110350317,28.543470,77.309884,0.0,CNG,,14.9,0,853,40.4
1791110352318,28.543470,77.309884,0.0,CNG,,14.9,0,855,40.0
1791110353401,28.543470,77.309884,0.0,CNG,,14.9,0,850,40.0
1791110354475,28.543470,77.309884,0.0,CNG,,14.9,0,848,40.0
1791110356529,28.543470,77.309884,0.0,CNG,,14.9,0,862,40.4
1791110357642,28.543470,77.309884,0.0,CNG,,14.9,0,855,40.4
1791110358625,28.543470,77.309884,0.0,CNG,,14.9,0,849,40.4
1791110360608,28.543470,77.309885,0.0,CNG,,14.9,0,849,40.4
1791110361649,28.543470,77.309885,0.0,CNG,,14.9,0,850,40.4
1791110362783,28.543470,77.309885,0.0,CNG,,14.9,0,857,40.4
1791110364844,28.543470,77.309885,0.0,CNG,,14.9,0,849,40.4
1791110365859,28.543470,77.309885,0.0,CNG,,14.9,0,854,40.4
1791110366842,28.543470,77.309885,0.0,CNG,,14.9,0,843,40.4
1791110369555,28.543470,77.309885,0.0,CNG,,14.9,0,849,41.2
1791110370518,28.543469,77.309885,0.0,CNG,,14.9,0,847,41.2
1791110371660,28.543469,77.309885,0.0,CNG,,14.9,0,853,41.2
1791110373711,28.543469,77.309885,0.0,CNG,,14.9,0,856,40.4
1791110374793,28.543469,77.309885,0.0,CNG,,14.9,0,851,40.4
1791110375935,28.543469,77.309885,0.0,CNG,,14.9,0,848,40.4
1791110378118,28.543469,77.309885,0.0,CNG,,14.9,0,847,26.7
1791110379148,28.543469,77.309886,0.0,CNG,,32.2,0,862,26.7
1791110380346,28.543474,77.309895,3.0,CNG,,36.9,,1504,26.7
1791110382598,28.543502,77.309933,7.0,CNG,2.14,33.7,,1622,58.0
1791110383696,28.543523,77.309958,12.0,CNG,4.39,14.9,1,1841,58.0
1791110384760,28.543543,77.309978,11.0,CNG,6.94,40.4,,1339,58.0
1791110387266,28.543623,77.309973,12.0,CNG,10.14,14.9,,1228,75.3
1791110388465,28.543645,77.309945,12.0,CNG,12.01,46.3,2,890,75.3
1791110389726,28.543669,77.309907,16.0,CNG,8.62,53.7,2,1182,75.3
1791110391945,28.543731,77.309800,22.0,CNG,7.37,52.9,2,1617,79.2
1791110393286,28.543816,77.309665,31.0,CNG,11.95,39.2,,2062,79.2
1791110394430,28.543861,77.309592,33.0,CNG,13.39,40.0,3,1643,79.2
1791110396777,28.543963,77.309432,35.0,CNG,14.59,39.2,3,1758,64.7
1791110397960,28.544018,77.309348,39.0,CNG,13.60,39.6,3,1995,64.7
1791110399264,28.544131,77.309167,41.0,CNG,20.66,26.7,3,2067,64.7
1791110401310,28.544251,77.308980,41.0,CNG,21.91,29.8,4,1564,54.9
1791110402342,28.544313,77.308884,44.0,CNG,23.39,32.9,4,1603,54.9
1791110403327,28.544383,77.308789,44.0,CNG,24.64,32.9,4,1646,54.9
1791110405349,28.544532,77.308595,46.0,CNG,26.11,32.5,4,1687,45.5
1791110406593,28.544613,77.308500,48.0,CNG,27.80,32.5,4,1776,45.5
1791110408061,28.544696,77.308399,49.0,CNG,28.96,32.5,4,1822,45.5
1791110410167,28.544857,77.308195,50.0,CNG,30.09,32.5,4,1851,43.9
1791110411130,28.544938,77.308089,51.0,CNG,27.21,32.2,4,1900,43.9
1791110412122,28.545021,77.307987,52.0,CNG,27.94,29.8,4,1909,43.9
1791110414153,28.545190,77.307778,52.0,CNG,38.30,14.9,4,1908,25.1
1791110415130,28.545271,77.307677,46.0,CNG,45.47,14.9,,1170,25.1
1791110416276,28.545407,77.307513,39.0,CNG,48.69,14.9,,935,25.1
1791110418416,28.545510,77.307398,32.0,CNG,46.53,14.9,5,863,39.6
1791110419433,28.545555,77.307341,28.0,CNG,34.78,30.6,5,894,39.6
1791110420550,28.545597,77.307277,29.0,CNG,27.05,31.4,3,1438,39.6
1791110422604,28.545647,77.307116,31.0,CNG,25.44,31.0,3,1552,47.1
1791110423562,28.545640,77.307024,33.0,CNG,21.07,31.8,3,1695,47.1
1791110424671,28.545619,77.306933,34.0,CNG,19.55,34.5,3,1715,47.1
1791110426623,28.545531,77.306766,35.0,CNG,17.61,34.9,3,1751,59.2
1791110428077,28.545414,77.306606,37.0,CNG,16.57,38.8,3,1867,59.2
1791110429280,28.545349,77.306522,40.0,CNG,15.37,38.0,3,2010,59.2
1791110431525,28.545219,77.306353,41.0,CNG,22.65,27.8,3,2093,64.3
1791110432489,28.545154,77.306265,42.0,CNG,22.01,34.9,4,1560,64.3
1791110433472,28.545085,77.306174,43.0,CNG,23.51,34.9,4,1571,64.3
1791110435455,28.544944,77.305992,44.0,CNG,24.56,34.9,4,1618,49.4
1791110436637,28.544867,77.305899,46.0,CNG,25.46,34.9,4,1691,49.4
1791110437628,28.544788,77.305805,47.0,CNG,26.22,34.9,4,1733,49.4
1791110439633,28.544626,77.305614,48.0,CNG,26.78,34.5,4,1763,49.0
1791110440671,28.544543,77.305517,50.0,CNG,27.65,34.9,4,1826,49.0
1791110441780,28.544457,77.305416,50.0,CNG,24.40,34.9,4,1854,49.0
1791110443902,28.544280,77.305216,51.0,CNG,25.36,31.8,4,1883,19.2
1791110444788,28.544196,77.305117,49.0,CNG,34.09,14.9,4,1817,19.2
1791110445767,28.544118,77.305021,47.0,CNG,32.41,27.1,4,1742,19.2
1791110448445,28.543900,77.304717,47.0,CNG,26.90,34.1,4,1758,47.5
1791110449490,28.543821,77.304614,49.0,CNG,26.63,36.5,4,1818,47.5
1791110450619,28.543741,77.304509,50.0,CNG,25.44,36.1,4,1871,47.5
1791110452795,28.543580,77.304289,52.0,CNG,25.84,34.5,4,1910,22.7
1791110453803,28.543501,77.304175,52.0,CNG,29.26,27.8,4,1924,22.7
1791110454953,28.543425,77.304059,52.0,CNG,26.32,31.8,4,1931,22.7
1791110457189,28.543205,77.303701,53.0,CNG,26.63,29.0,4,1953,37.6
1791110458214,28.543143,77.303577,53.0,CNG,28.31,28.6,4,1945,37.6
1791110459327,28.543084,77.303446,53.0,CNG,30.33,24.3,4,1962,37.6
1791110461450,28.542986,77.303190,53.0,CNG,38.69,14.9,4,1911,28.2
1791110462541,28.542943,77.303080,46.0,CNG,51.61,14.9,5,1218,28.2
1791110463566,28.542897,77.302969,44.0,CNG,65.70,14.9,,976,28.2
1791110465731,28.542817,77.302748,43.0,CNG,77.64,14.9,,870,22.4
1791110466811,28.542774,77.302641,43.0,CNG,87.49,14.9,,855,22.4
1791110468270,28.542685,77.302433,42.0,CNG,94.16,14.9,,864,22.4
1791110470181,28.542601,77.302225,41.0,CNG,84.98,14.9,,859,35.3
1791110471096,28.542601,77.302225,41.0,CNG,74.14,14.9,,858,35.3
1791110472232,28.542535,77.302021,37.0,CNG,61.61,14.9,,863,35.3
1791110474442,28.542475,77.301831,37.0,CNG,55.52,14.9,,867,44.3
1791110475392,28.542444,77.301735,36.0,CNG,35.19,28.6,3,1837,44.3
1791110476454,28.542414,77.301638,37.0,CNG,28.23,36.1,3,1862,44.3
1791110478745,28.542348,77.301443,38.0,CNG,19.47,79.6,3,1929,94.1
1791110479964,28.542311,77.301330,44.0,CNG,28.10,40.0,4,1785,94.1
1791110481251,28.542231,77.301107,44.0,CNG,39.19,14.9,4,1642,94.1
1791110483441,28.542157,77.300898,43.0,CNG,47.06,14.9,4,1616,19.2
1791110484405,28.542124,77.300804,38.0,CNG,48.66,14.9,4,1400,19.2
1791110485462,28.542087,77.300709,37.0,CNG,31.43,35.3,4,1374,19.2
1791110488402,28.541975,77.300431,38.0,CNG,38.02,35.3,4,1389,59.6
1791110489732,28.541937,77.300333,40.0,CNG,24.09,38.0,4,1470,59.6
1791110490955,28.541895,77.300232,42.0,CNG,23.10,33.3,4,1542,59.6
1791110492980,28.541804,77.300017,43.0,CNG,18.94,62.4,4,1598,87.1
1791110493939,28.541760,77.299902,47.0,CNG,16.41,14.9,4,1731,87.1
1791110494811,28.541713,77.299778,47.0,CNG,24.21,14.9,4,1680,87.1
1791110496491,28.541628,77.299548,45.0,CNG,31.47,45.5,4,1695,83.9
1791110497555,28.541585,77.299424,49.0,CNG,22.91,55.3,4,1798,83.9
1791110498514,28.541542,77.299301,50.0,CNG,19.16,54.1,4,1874,83.9
1791110500199,28.541431,77.299030,53.0,CNG,17.45,54.1,4,1948,84.7
1791110501225,28.541370,77.298892,,CNG,9.96,51.0,0,2073,84.7
1791110502300,28.541307,77.298750,58.0,CNG,18.08,14.9,4,2139,84.7
1791110504024,28.541243,77.298611,58.0,CNG,20.82,32.2,5,1813,51.4
1791110504908,28.541182,77.298472,57.0,CNG,24.69,30.6,5,1672,51.4
1791110505693,28.541122,77.298333,56.0,CNG,27.34,30.6,5,1666,51.4
1791110507645,28.541010,77.298049,57.0,CNG,29.97,30.6,5,1665,49.4
1791110508458,28.540950,77.297911,56.0,CNG,30.93,30.6,5,1655,49.4
1791110509451,28.540890,77.297773,56.0,CNG,31.53,30.6,5,1649,49.4
1791110511135,28.540827,77.297636,56.0,CNG,34.92,30.2,5,1635,40.0
1791110512039,28.540770,77.297500,56.0,CNG,37.24,30.6,5,1632,40.0
1791110512904,28.540708,77.297362,56.0,CNG,38.65,30.6,5,1631,40.0
1791110514489,28.540592,77.297084,55.0,CNG,39.20,30.2,5,1624,40.0
1791110515292,28.540537,77.296944,55.0,CNG,37.21,30.6,5,1616,40.0
1791110516149,28.540480,77.296807,55.0,CNG,31.34,36.5,5,1624,40.0
1791110518023,28.540368,77.296531,55.0,CNG,28.86,36.9,5,1624,65.1
1791110519048,28.540309,77.296395,55.0,CNG,27.98,35.7,5,1625,65.1
1791110519915,28.540309,77.296395,56.0,CNG,28.04,35.3,5,1628,65.1
1791110521738,28.540192,77.296119,56.0,CNG,28.04,34.9,5,1628,59.6
1791110522561,28.540132,77.295981,56.0,CNG,28.08,34.5,5,1639,59.6
1791110523419,28.540076,77.295842,56.0,CNG,28.49,34.5,5,1639,59.6
1791110525129,28.540017,77.295704,56.0,CNG,29.35,34.5,5,1646,51.8
1791110525998,28.539960,77.295567,56.0,CNG,31.59,34.1,5,1651,51.8
1791110526888,28.539907,77.295431,56.0,CNG,32.52,34.5,5,1653,51.8
1791110528843,28.539794,77.295153,56.0,CNG,33.56,34.1,5,1659,48.2
1791110529704,28.539731,77.295011,56.0,CNG,34.33,34.1,5,1655,48.2
1791110530525,28.539672,77.294871,56.0,CNG,34.69,34.1,5,1641,48.2
1791110532201,28.539548,77.294590,56.0,CNG,35.03,34.1,5,1643,47.5
1791110533080,28.539548,77.294590,58.0,CNG,32.93,34.1,5,1694,47.5
1791110533950,28.539482,77.294446,59.0,CNG,30.84,34.1,5,1714,47.5
1791110535690,28.539338,77.294161,59.0,CNG,29.93,34.1,5,1748,57.3
1791110536499,28.539262,77.294018,61.0,CNG,30.36,34.1,5,1779,57.3
1791110537524,28.539189,77.293870,61.0,CNG,30.22,34.1,5,1795,57.3
1791110539232,28.539046,77.293574,62.0,CNG,33.28,14.9,5,1815,18.4
1791110540090,28.539046,77.293574,60.0,CNG,32.82,32.5,5,1824,18.4
1791110540946,28.538979,77.293426,61.0,CNG,44.24,35.7,5,1776,18.4
1791110542835,28.538827,77.293139,61.0,CNG,39.07,14.9,5,1772,19.6
1791110543629,28.538755,77.292997,58.0,CNG,49.74,14.9,5,1714,19.6
1791110544514,28.538693,77.292863,54.0,CNG,59.30,14.9,5,1596,19.6
1791110546218,28.538599,77.292627,49.0,CNG,67.49,14.9,5,1469,23.9
1791110547407,28.538568,77.292516,43.0,CNG,67.91,14.9,5,1282,23.9
1791110548337,28.538536,77.292405,42.0,CNG,68.88,14.9,5,1239,23.9
1791110550073,28.538505,77.292306,39.0,CNG,65.12,14.9,5,1175,35.7
1791110550922,28.538481,77.292222,31.0,CNG,57.64,14.9,3,1652,35.7
1791110551817,28.538453,77.292141,31.0,CNG,31.69,32.5,3,1560,35.7
1791110553464,28.538402,77.291980,31.0,CNG,25.19,18.8,3,1573,38.8
1791110554339,28.538368,77.291904,31.0,CNG,24.53,25.9,3,1576,38.8
1791110555194,28.538335,77.291826,31.0,CNG,24.40,25.5,3,1571,38.8
1791110557024,28.538306,77.291744,31.0,CNG,24.56,14.9,3,1595,21.2
1791110557881,28.538272,77.291668,30.0,CNG,30.48,14.9,3,1516,21.2
1791110558822,28.538239,77.291595,29.0,CNG,35.80,14.9,3,1493,21.2
1791110560429,28.538188,77.291459,27.0,CNG,40.60,14.9,3,1382,17.6
1791110561335,28.538166,77.291400,23.0,CNG,43.65,14.9,3,1192,17.6
1791110562233,28.538150,77.291351,19.0,CNG,46.13,14.9,3,1037,17.6
1791110563901,28.538132,77.291311,16.0,CNG,42.78,14.9,3,858,22.0
1791110564730,28.538118,77.291272,15.0,CNG,32.26,14.9,2,1228,22.0
1791110565506,28.538105,77.291234,15.0,CNG,28.59,14.9,2,1124,22.0
1791110567350,28.538081,77.291173,13.0,CNG,25.68,14.9,,861,62.7
1791110568345,28.538071,77.291141,12.0,CNG,19.57,30.2,2,912,62.7
1791110569169,28.538071,77.291141,13.0,CNG,12.96,31.0,2,953,62.7
1791110571016,28.538043,77.291071,15.0,CNG,11.65,30.6,2,1137,60.4
1791110571945,28.538026,77.291029,19.0,CNG,11.36,31.4,2,1441,60.4
1791110572737,28.538006,77.290977,21.0,CNG,11.67,26.3,2,1589,60.4
1791110574564,28.537960,77.290873,21.0,CNG,17.55,29.8,2,1512,55.3
1791110575567,28.537937,77.290817,23.0,CNG,20.28,27.1,3,1152,55.3
1791110576274,28.537912,77.290760,24.0,CNG,18.67,33.7,3,1205,55.3
1791110578148,28.537885,77.290697,25.0,CNG,17.79,33.7,3,1269,58.0
1791110579025,28.537854,77.290632,28.0,CNG,16.42,33.7,3,1426,58.0
1791110579856,28.537819,77.290561,30.0,CNG,16.23,33.7,3,1496,58.0
1791110581560,28.537755,77.290409,31.0,CNG,16.51,33.7,3,1555,58.4
1791110582424,28.537724,77.290327,33.0,CNG,16.64,30.2,3,1661,58.4
1791110583267,28.537694,77.290241,33.0,CNG,22.66,32.5,,1442,58.4
1791110585063,28.537657,77.290158,33.0,CNG,21.61,31.4,4,1256,49.0
1791110585765,28.537625,77.290075,34.0,CNG,30.48,14.9,4,1256,49.0
1791110586709,28.537591,77.289994,34.0,CNG,26.02,27.1,4,1255,49.0
1791110588704,28.537519,77.289825,34.0,CNG,26.34,19.6,4,1243,25.5
1791110589546,28.537483,77.289744,33.0,CNG,32.44,14.9,4,1117,25.5
1791110590357,28.537449,77.289665,32.0,CNG,36.64,14.9,5,858,25.5
1791110592124,28.537418,77.289583,32.0,CNG,48.88,14.9,5,878,22.0
1791110592924,28.537382,77.289505,31.0,CNG,56.03,14.9,5,860,22.0
1791110593819,28.537353,77.289429,29.0,CNG,60.66,14.9,5,866,22.0
1791110595488,28.537294,77.289292,28.0,CNG,63.04,14.9,5,869,23.5
1791110596360,28.537273,77.289237,21.0,CNG,49.17,14.9,4,861,23.5
1791110597282,28.537253,77.289184,20.0,CNG,41.00,14.9,,870,23.5
1791110599105,28.537241,77.289144,17.0,CNG,33.77,14.9,3,857,43.9
1791110599873,28.537238,77.289117,7.0,CNG,21.45,14.9,,842,43.9
1791110600796,28.537233,77.289100,6.0,CNG,16.08,14.9,1,857,43.9
1791110602507,28.537216,77.289065,6.0,CNG,8.55,32.9,1,885,73.7
1791110603405,28.537205,77.289041,10.0,CNG,7.31,40.0,2,810,73.7
1791110604356,28.537192,77.289007,13.0,CNG,8.18,40.4,2,1002,73.7
1791110606127,28.537157,77.288913,16.0,CNG,8.93,44.7,2,1171,86.7
1791110607266,28.537133,77.288855,23.0,CNG,8.05,56.9,2,1737,86.7
1791110608493,28.537102,77.288786,29.0,CNG,8.40,14.9,2,2116,86.7
1791110610233,28.537036,77.288630,31.0,CNG,11.47,40.4,3,1704,61.2
1791110611198,28.537002,77.288545,34.0,CNG,17.52,14.9,3,1695,61.2
1791110612025,28.537002,77.288545,34.0,CNG,22.45,27.1,3,1727,61.2
1791110613701,28.536926,77.288373,35.0,CNG,21.65,32.2,3,1768,42.7
1791110614481,28.536885,77.288277,39.0,CNG,20.34,32.5,3,1943,42.7
1791110615334,28.536840,77.288179,40.0,CNG,21.68,33.3,3,2026,42.7
1791110616861,28.536799,77.288075,42.0,CNG,28.87,14.9,3,2116,29.8
1791110617787,28.536752,77.287971,43.0,CNG,38.23,17.6,4,1575,29.8
1791110618580,28.536707,77.287865,43.0,CNG,46.05,14.9,4,1648,29.8
1791110620299,28.536619,77.287664,43.0,CNG,52.79,14.9,4,1601,18.4
1791110621222,28.536578,77.287566,40.0,CNG,58.03,25.1,4,1485,18.4
1791110622094,28.536578,77.287566,40.0,CNG,54.00,16.5,4,1492,18.4
1791110623885,28.536484,77.287370,40.0,CNG,58.84,14.9,4,1501,20.4
1791110624771,28.536439,77.287278,39.0,CNG,58.66,14.9,4,1423,20.4
1791110625603,28.536398,77.287185,39.0,CNG,58.92,14.9,4,1431,20.4
1791110627658,28.536319,77.286993,38.0,CNG,34.78,27.8,4,1406,24.7
1791110628497,28.536280,77.286897,39.0,CNG,43.40,16.1,4,1472,24.7
1791110629332,28.536241,77.286802,38.0,CNG,42.15,23.5,4,1458,24.7
1791110630969,28.536204,77.286708,39.0,CNG,49.57,21.6,4,1425,22.7
1791110631799,28.536167,77.286613,38.0,CNG,52.60,20.8,4,1423,22.7
1791110632593,28.536124,77.286503,38.0,CNG,40.74,24.7,4,1475,22.7
1791110634303,28.536124,77.286503,38.0,CNG,34.46,26.3,4,1404,42.0
1791110635144,28.536124,77.286503,39.0,CNG,29.88,30.6,4,1427,42.0
1791110636009,28.536124,77.286503,39.0,CNG,27.23,30.2,4,1439,42.0
1791110637713,28.536124,77.286503,40.0,CNG,27.10,29.4,4,1469,53.7
1791110638641,28.536124,77.286503,41.0,CNG,26.52,30.2,4,1523,53.7
1791110639406,28.536124,77.286503,42.0,CNG,25.73,71.4,4,1532,53.7
1791110641243,28.535682,77.285490,43.0,CNG,17.88,68.6,4,1598,86.7
1791110642286,28.535800,77.285767,48.0,CNG,14.76,65.1,4,1764,86.7
1791110643293,28.535772,77.285680,50.0,CNG,13.61,60.8,4,1867,86.7
1791110645084,28.535758,77.285648,52.0,CNG,21.36,14.9,5,1536,45.5
1791110645975,28.535758,77.285648,51.0,CNG,27.20,22.0,5,1508,45.5
1791110646776,28.535758,77.285648,51.0,CNG,34.62,20.0,5,1459,45.5
1791110648941,28.535758,77.285648,51.0,CNG,35.70,23.1,5,1487,30.2
1791110649802,28.535758,77.285648,50.0,CNG,45.90,14.9,5,1432,30.2
1791110650703,28.535758,77.285648,49.0,CNG,54.39,14.9,5,1441,30.2
1791110652215,28.535758,77.285648,48.0,CNG,60.81,14.9,5,1424,23.5
1791110653131,28.535758,77.285648,43.0,CNG,62.34,14.9,5,1278,23.5
1791110653943,28.535758,77.285648,39.0,CNG,61.41,14.9,5,1164,23.5
1791110655675,28.535758,77.285648,38.0,CNG,34.31,36.9,5,1129,37.6
1791110656836,28.535758,77.285648,39.0,CNG,45.06,14.9,5,1112,37.6
1791110658150,28.535758,77.285648,37.0,CNG,54.95,14.9,5,1105,37.6
1791110660883,28.535758,77.285648,35.0,CNG,62.61,14.9,5,1035,24.7
1791110662206,28.535758,77.285648,22.0,CNG,52.41,14.9,4,861,24.7
1791110663465,28.535758,77.285648,20.0,CNG,29.06,29.4,,851,24.7
1791110665926,28.535758,77.285648,21.0,CNG,20.07,31.4,2,1591,57.3
1791110666948,28.535758,77.285648,26.0,CNG,18.87,23.9,2,1905,57.3
1791110667922,28.535758,77.285648,26.0,CNG,19.48,30.2,2,1977,57.3
1791110669642,28.535758,77.285648,27.0,CNG,16.18,32.2,2,2008,51.4
1791110670496,28.535758,77.285648,29.0,CNG,15.99,,2,2233,51.4
1791110671251,28.535758,77.285648,30.0,CNG,18.29,14.9,2,2311,51.4
1791110673053,28.535758,77.285648,30.0,CNG,22.93,14.9,2,2341,20.8
1791110673897,28.535758,77.285648,27.0,CNG,26.37,14.9,2,1999,20.8
1791110674757,28.535758,77.285648,27.0,CNG,17.19,30.6,2,2098,20.8
1791110676558,28.535758,77.285648,28.0,CNG,19.43,20.8,2,2137,46.3
1791110677480,28.535758,77.285648,28.0,CNG,19.20,22.4,2,2128,46.3
1791110678318,28.535758,77.285648,28.0,CNG,12.14,40.4,2,2161,46.3
1791110680375,28.535758,77.285648,30.0,CNG,12.12,28.6,2,2238,47.5
1791110681318,28.535758,77.285648,31.0,CNG,12.55,29.8,2,2390,47.5
1791110682163,28.535758,77.285648,33.0,CNG,10.24,46.3,2,2470,47.5
1791110683982,28.535758,77.285648,35.0,CNG,10.87,36.9,2,2631,45.9
1791110685091,28.535758,77.285648,37.0,CNG,9.50,54.9,2,2848,45.9
1791110686295,28.534256,77.281538,43.0,CNG,9.37,52.5,2,3193,45.9
1791110688438,28.534086,77.281384,46.0,CNG,13.86,35.3,2,3462,56.1
1791110689460,28.534022,77.281289,46.0,CNG,14.13,39.6,3,2313,56.1
1791110690611,28.533966,77.281184,46.0,CNG,14.20,39.6,3,2342,56.1
1791110692528,28.533855,77.280950,47.0,CNG,14.15,39.2,3,2371,71.8
1791110693709,28.533805,77.280836,48.0,CNG,13.48,41.6,3,2442,71.8
1791110694712,28.533747,77.280715,50.0,CNG,13.33,40.8,3,2487,71.8
1791110696554,28.533637,77.280479,50.0,CNG,18.39,14.9,3,2516,47.5
1791110697424,28.533583,77.280360,48.0,CNG,20.53,33.3,4,1803,47.5
1791110698308,28.533530,77.280243,48.0,CNG,24.78,30.6,4,1790,47.5
1791110699977,28.533477,77.280128,47.0,CNG,25.75,14.9,4,1767,33.7
1791110700862,28.533427,77.280013,45.0,CNG,33.94,27.8,4,1671,33.7
1791110701748,28.533376,77.279906,44.0,CNG,35.38,14.9,4,1642,33.7
1791110703434,28.533278,77.279703,42.0,CNG,42.88,14.9,4,1562,18.4
1791110704300,28.533229,77.279613,38.0,CNG,29.55,40.8,4,1428,18.4
1791110705381,28.533177,77.279524,39.0,CNG,22.90,40.0,4,1432,18.4
1791110707290,28.533078,77.279353,38.0,CNG,29.38,23.9,4,1400,60.0
1791110708243,28.533032,77.279266,37.0,CNG,28.80,23.9,3,1854,60.0
1791110709107,28.533032,77.279266,36.0,CNG,34.99,14.9,3,1847,60.0
1791110710823,28.532946,77.279101,34.0,CNG,39.43,14.9,3,1743,41.2
1791110711746,28.532907,77.279024,33.0,CNG,29.12,29.8,3,1675,41.2
1791110712647,28.532868,77.278944,34.0,CNG,18.15,44.7,3,1711,41.2
1791110714512,28.532783,77.278779,35.0,CNG,26.03,14.9,3,1712,17.3
1791110715428,28.532748,77.278710,28.0,CNG,33.10,14.9,5,889,17.3
1791110716259,28.532720,77.278658,23.0,CNG,34.64,14.9,4,850,17.3
1791110718056,28.532698,77.278621,18.0,CNG,32.34,14.9,3,854,40.4
1791110718954,28.532680,77.278592,10.0,CNG,23.58,14.9,2,854,40.4
1791110719864,28.532666,77.278573,6.0,CNG,17.32,14.9,1,855,40.4
1791110721612,28.532664,77.278576,1.0,CNG,11.11,14.9,,857,42.0
1791110722631,28.532664,77.278575,0.0,CNG,6.70,14.9,0,858,42.0
1791110723525,28.532665,77.278577,0.0,CNG,4.04,14.9,0,851,42.0
1791110725247,28.532666,77.278579,0.0,CNG,,14.9,0,849,43.1
1791110726088,28.532666,77.278579,0.0,CNG,,14.9,0,851,43.1
1791110727154,28.532668,77.278578,0.0,CNG,,14.9,0,849,43.1
1791110728969,28.532669,77.278579,0.0,CNG,,14.9,0,853,42.7
1791110729961,28.532669,77.278579,0.0,CNG,,14.9,0,851,42.7
1791110730873,28.532669,77.278579,0.0,CNG,,14.9,0,849,42.7
1791110732619,28.532668,77.278579,0.0,CNG,,14.9,0,857,42.7
1791110733489,28.532668,77.278579,0.0,CNG,,14.9,0,851,42.7
1791110734381,28.532668,77.278579,0.0,CNG,,14.9,0,849,42.7
1791110736026,28.532668,77.278579,0.0,CNG,,14.9,0,851,42.4
1791110736906,28.532668,77.278579,0.0,CNG,,14.9,0,851,42.4
1791110737828,28.532667,77.278579,0.0,CNG,,14.9,0,851,42.4
1791110739609,28.532667,77.278579,0.0,CNG,,14.9,0,856,43.1
1791110740609,28.532667,77.278579,0.0,CNG,,14.9,0,851,43.1
1791110741479,28.532667,77.278579,0.0,CNG,,14.9,0,853,43.1
1791110743168,28.532667,77.278579,0.0,CNG,,14.9,0,856,42.4
1791110744047,28.532667,77.278579,0.0,CNG,,14.9,0,860,42.4
1791110744980,28.532667,77.278580,0.0,CNG,,14.9,0,857,42.4
1791110746838,28.532667,77.278580,0.0,CNG,,14.9,0,853,42.7
1791110747992,28.532667,77.278580,0.0,CNG,,14.9,0,856,42.7
1791110748889,28.532666,77.278580,0.0,CNG,,14.9,0,858,42.7
1791110750548,28.532666,77.278580,0.0,CNG,,14.9,0,849,42.4
1791110751435,28.532666,77.278580,0.0,CNG,,24.3,0,854,42.4
1791110752338,28.532664,77.278578,0.0,CNG,,14.9,0,963,42.4
1791110754053,28.532662,77.278573,1.0,CNG,,26.7,,872,63.9
1791110754946,28.532657,77.278563,7.0,CNG,2.95,29.4,1,938,63.9
1791110755806,28.532647,77.278544,9.0,CNG,4.73,27.8,1,1251,63.9
1791110757528,28.532619,77.278490,11.0,CNG,6.59,27.8,1,1554,25.9
1791110758448,28.532605,77.278457,13.0,CNG,7.06,32.5,,1562,25.9
1791110759218,28.532589,77.278422,14.0,CNG,8.07,33.7,2,1031,25.9
1791110761118,28.532548,77.278334,16.0,CNG,8.04,36.5,2,1202,69.4
1791110762090,28.532548,77.278334,21.0,CNG,8.12,38.8,2,1606,69.4
1791110762964,28.532522,77.278285,24.0,CNG,8.45,38.8,2,1782,69.4
1791110764959,28.532461,77.278161,26.0,CNG,12.26,14.9,2,1991,80.8
1791110765821,28.532429,77.278095,29.0,CNG,11.30,43.1,3,1444,80.8
1791110766792,28.532398,77.278032,31.0,CNG,11.28,42.7,3,1572,80.8
1791110768887,28.532318,77.277876,33.0,CNG,11.54,43.1,3,1685,44.3
1791110769898,28.532272,77.277791,36.0,CNG,15.56,32.2,4,1398,44.3
1791110770783,28.532230,77.277704,36.0,CNG,18.94,31.4,4,1345,44.3
1791110772484,28.532142,77.277523,37.0,CNG,22.02,29.8,4,1366,40.0
1791110773375,28.532095,77.277432,38.0,CNG,28.44,14.9,4,1398,40.0
1791110774367,28.532053,77.277339,37.0,CNG,37.74,14.9,4,1348,40.0
1791110776096,28.532013,77.277258,34.0,CNG,49.50,14.9,5,966,23.9
1791110776940,28.531978,77.277188,27.0,CNG,47.83,14.9,5,869,23.9
1791110777804,28.531946,77.277126,25.0,CNG,43.47,14.9,4,860,23.9
1791110779292,28.531895,77.277022,22.0,CNG,65.26,14.9,4,865,46.3
1791110780074,28.531895,77.277022,19.0,CNG,20.53,29.8,3,866,46.3
1791110780997,28.531871,77.276978,19.0,CNG,16.00,26.3,2,1458,46.3
1791110782758,28.531824,77.276886,19.0,CNG,19.00,14.9,2,1497,33.3
1791110783610,28.531809,77.276854,14.0,CNG,19.39,28.6,2,972,33.3
1791110784499,28.531797,77.276819,14.0,CNG,13.64,28.2,2,1171,33.3
1791110786147,28.531800,77.276729,15.0,CNG,11.01,35.7,2,1152,51.0
1791110787215,28.531811,77.276677,19.0,CNG,12.71,28.2,2,1410,51.0
1791110788067,28.531811,77.276677,19.0,CNG,14.48,27.1,2,1475,51.0
1791110789828,28.531863,77.276580,20.0,CNG,16.72,14.9,2,1519,17.3
1791110790617,28.531898,77.276539,18.0,CNG,20.50,14.9,3,954,17.3
1791110791464,28.531928,77.276508,18.0,CNG,22.81,14.9,3,884,17.3
1791110793288,28.531991,77.276463,16.0,CNG,15.66,24.3,3,853,45.9
1791110794032,28.531991,77.276463,16.0,CNG,14.41,27.8,2,1223,45.9
1791110794892,28.532024,77.276435,17.0,CNG,14.29,20.8,2,1265,45.9
1791110796772,28.532090,77.276381,17.0,CNG,12.85,26.7,2,1230,43.1
1791110797635,28.532124,77.276350,18.0,CNG,13.22,26.7,2,1341,43.1
1791110798442,28.532160,77.276320,19.0,CNG,13.73,28.2,2,1408,43.1
1791110800238,28.532241,77.276264,19.0,CNG,13.25,28.2,2,1454,47.5
1791110801037,28.532241,77.276264,21.0,CNG,13.20,14.9,2,1587,47.5
1791110801851,28.532286,77.276236,21.0,CNG,12.54,27.8,,1392,47.5
1791110803592,28.532376,77.276180,21.0,CNG,14.00,24.7,3,1006,52.9
1791110804417,28.532423,77.276152,22.0,CNG,15.09,27.1,3,1130,52.9
1791110805433,28.532471,77.276121,23.0,CNG,17.77,27.5,3,1128,52.9
1791110807617,28.532572,77.276058,23.0,CNG,19.63,27.8,3,1182,38.4
1791110808480,28.532625,77.276023,25.0,CNG,20.32,29.0,3,1292,38.4
1791110809541,28.532681,77.275989,26.0,CNG,21.14,29.0,3,1332,38.4
1791110811288,28.532797,77.275919,27.0,CNG,22.47,28.2,3,1360,39.6
1791110812037,28.532797,77.275919,28.0,CNG,32.09,14.9,3,1384,39.6
1791110812865,28.532855,77.275882,27.0,CNG,36.21,14.9,4,1126,39.6
1791110814629,28.532964,77.275814,26.0,CNG,37.91,14.9,4,978,51.8
1791110815411,28.533017,77.275782,24.0,CNG,26.75,24.7,3,1247,51.8
1791110816367,28.533067,77.275750,24.0,CNG,29.56,14.9,3,1243,51.8
1791110817975,28.533109,77.275721,22.0,CNG,29.95,14.9,,991,42.0
1791110818825,28.533145,77.275697,16.0,CNG,20.67,27.1,3,887,42.0
1791110819693,28.533178,77.275673,17.0,CNG,15.95,28.2,2,1290,42.0
1791110821427,28.533255,77.275619,18.0,CNG,14.31,31.0,2,1348,47.1
1791110822246,28.533298,77.275592,21.0,CNG,18.96,14.9,2,1546,47.1
1791110823129,28.533298,77.275592,20.0,CNG,22.83,14.9,2,1535,47.1
1791110824815,28.533382,77.275537,20.0,CNG,17.41,28.6,2,1509,19.6
1791110825678,28.533424,77.275507,20.0,CNG,14.66,26.7,2,1513,19.6
1791110826602,28.533467,77.275479,21.0,CNG,17.75,14.9,2,1587,19.6
1791110828478,28.533549,77.275426,19.0,CNG,14.46,30.6,2,1498,47.1
1791110829378,28.533591,77.275399,20.0,CNG,14.24,14.9,2,1543,47.1
1791110830154,28.533636,77.275373,20.0,CNG,8.88,68.6,2,1463,47.1
1791110832086,28.533743,77.275302,23.0,CNG,8.56,63.1,2,1716,92.5
1791110833082,28.533743,77.275302,30.0,CNG,13.63,44.7,2,2265,92.5
1791110833987,28.533805,77.275259,31.0,CNG,10.66,55.7,2,2334,92.5
1791110835781,28.533941,77.275165,34.0,CNG,14.93,37.3,3,1688,58.8
1791110836787,28.534011,77.275115,35.0,CNG,18.22,29.8,3,1784,58.8
1791110837632,28.534084,77.275065,35.0,CNG,20.67,28.2,3,1781,58.8
1791110839183,28.534232,77.274964,36.0,CNG,23.78,27.1,3,1812,29.8
1791110840017,28.534232,77.274964,36.0,CNG,28.60,23.9,3,1827,29.8
1791110840927,28.534307,77.274914,36.0,CNG,33.06,23.9,3,1819,29.8
1791110842577,28.534457,77.274817,36.0,CNG,36.84,23.9,3,1807,21.2
1791110843404,28.534531,77.274769,35.0,CNG,41.08,14.9,3,1684,21.2
1791110844168,28.534531,77.274769,35.0,CNG,51.26,14.9,5,1085,21.2
1791110845948,28.534676,77.274678,33.0,CNG,40.35,26.3,5,1018,20.0
1791110846771,28.534747,77.274633,34.0,CNG,43.68,14.9,4,1230,20.0
1791110848096,28.534814,77.274591,29.0,CNG,44.41,14.9,4,1178,20.0
1791110849725,28.534906,77.274529,21.0,CNG,38.04,14.9,4,858,44.3
1791110850481,28.534937,77.274509,15.0,CNG,30.27,14.9,,871,44.3
1791110851314,28.534964,77.274491,12.0,CNG,24.48,14.9,2,869,44.3
1791110853095,28.534988,77.274476,11.0,CNG,11.98,20.0,2,862,38.8
1791110853877,28.535011,77.274460,11.0,CNG,8.86,34.1,2,896,38.8
1791110854748,28.535036,77.274443,12.0,CNG,9.44,26.3,2,1019,38.8
1791110856611,28.535093,77.274406,13.0,CNG,10.86,29.0,2,986,43.5
1791110857449,28.535126,77.274384,16.0,CNG,12.02,25.1,2,1218,43.5
1791110858404,28.535161,77.274360,17.0,CNG,17.58,14.9,2,1303,43.5
1791110860285,28.535223,77.274319,16.0,CNG,21.95,14.9,2,1239,33.7
1791110861145,28.535223,77.274319,12.0,CNG,19.44,32.9,2,872,33.7
1791110862010,28.535249,77.274302,13.0,CNG,12.86,29.4,2,1033,33.7
1791110863710,28.535313,77.274261,15.0,CNG,11.83,29.4,2,1132,50.6
1791110864567,28.535349,77.274240,17.0,CNG,10.89,24.3,2,1256,50.6
1791110865456,28.535386,77.274220,17.0,CNG,12.36,19.6,2,1273,50.6
1791110867166,28.535422,77.274199,17.0,CNG,15.60,17.6,2,1296,22.7
1791110868437,28.535490,77.274158,15.0,CNG,15.16,24.3,2,1194,22.7
1791110869273,28.535523,77.274135,16.0,CNG,14.86,23.1,2,1196,22.7
1791110870980,28.535557,77.274113,16.0,CNG,15.64,22.0,2,1239,32.9
1791110871838,28.535590,77.274091,16.0,CNG,18.16,14.9,2,1215,32.9
1791110872684,28.535622,77.274071,15.0,CNG,12.87,29.4,2,1132,32.9
1791110874228,28.535689,77.274029,15.0,CNG,11.93,27.8,2,1150,50.6
1791110875079,28.535689,77.274029,17.0,CNG,12.61,25.5,2,1308,50.6
1791110875937,28.535726,77.274004,18.0,CNG,13.72,21.6,2,1360,50.6
1791110877638,28.535799,77.273957,18.0,CNG,17.43,14.9,2,1327,18.0
1791110878518,28.535833,77.273934,16.0,CNG,17.70,26.7,2,1228,18.0
1791110879376,28.535868,77.273911,16.0,CNG,17.23,26.3,2,1239,18.0
1791110881067,28.535905,77.273886,18.0,CNG,17.80,25.9,2,1327,35.7
1791110881967,28.535945,77.273860,19.0,CNG,17.72,27.5,2,1477,35.7
1791110882799,28.535987,77.273832,20.0,CNG,16.03,27.1,2,1548,35.7
1791110884658,28.536077,77.273773,22.0,CNG,14.31,27.8,2,1624,43.1
1791110885516,28.536126,77.273742,23.0,CNG,12.39,36.9,2,1776,43.1
1791110886548,28.536179,77.273707,25.0,CNG,11.38,32.5,2,1921,43.1
1791110888498,28.536289,77.273635,26.0,CNG,14.85,14.9,,1686,56.9
1791110889360,28.536345,77.273596,27.0,CNG,17.72,14.9,3,1375,56.9
1791110890253,28.536399,77.273560,26.0,CNG,22.86,14.9,3,1341,56.9
1791110891923,28.536448,77.273531,24.0,CNG,26.61,14.9,3,1236,25.5
1791110892661,28.536488,77.273507,18.0,CNG,31.10,29.8,3,874,25.5
1791110893446,28.536527,77.273487,17.0,CNG,20.12,29.4,,1473,25.5
1791110895172,28.536569,77.273466,19.0,CNG,18.18,27.1,2,1427,26.3
1791110896022,28.536613,77.273443,20.0,CNG,15.45,29.0,2,1488,26.3
1791110896895,28.536656,77.273419,21.0,CNG,17.36,25.1,2,1539,26.3
1791110898670,28.536744,77.273357,21.0,CNG,15.60,29.4,2,1592,59.6
1791110899513,28.536791,77.273321,24.0,CNG,10.37,47.1,2,1797,59.6
1791110900478,28.536844,77.273284,26.0,CNG,15.72,14.9,2,2002,59.6
1791110902194,28.536923,77.273230,24.0,CNG,19.29,14.9,,1443,29.0
1791110903099,28.536923,77.273230,14.0,CNG,19.65,14.9,2,1080,29.0
1791110904030,28.536958,77.273205,13.0,CNG,13.48,32.5,2,1028,29.0
1791110905720,28.537016,77.273161,15.0,CNG,11.96,34.5,2,1127,53.3
1791110906614,28.537054,77.273135,19.0,CNG,12.36,32.5,2,1395,53.3
1791110907658,28.537097,77.273108,20.0,CNG,12.79,32.5,2,1530,53.3
1791110909333,28.537193,77.273043,22.0,CNG,13.20,32.5,2,1693,47.5
1791110910127,28.537193,77.273043,25.0,CNG,19.45,20.4,2,1828,47.5
1791110911057,28.537244,77.273009,25.0,CNG,17.28,31.0,3,1365,47.5
1791110912698,28.537351,77.272938,25.0,CNG,17.84,26.3,3,1281,44.3
1791110913601,28.537405,77.272903,26.0,CNG,19.94,23.5,3,1316,44.3
1791110914437,28.537460,77.272869,25.0,CNG,24.95,14.9,3,1287,44.3
1791110916172,28.537512,77.272840,25.0,CNG,29.31,14.9,3,1264,49.0
1791110916961,28.537562,77.272811,23.0,CNG,30.61,14.9,3,1173,49.0
1791110918007,28.537610,77.272786,22.0,CNG,31.32,40.4,3,1162,49.0
1791110919864,28.537705,77.272728,22.0,CNG,19.12,36.1,3,1134,65.5
1791110920859,28.537759,77.272696,25.0,CNG,17.41,34.5,3,1248,65.5
1791110921664,28.537810,77.272660,26.0,CNG,16.07,37.6,3,1324,65.5
1791110923416,28.537928,77.272582,27.0,CNG,14.66,37.3,3,1412,68.6
1791110924421,28.537992,77.272540,30.0,CNG,15.04,35.3,3,1529,68.6
1791110925457,28.538056,77.272495,32.0,CNG,16.84,34.1,3,1575,68.6
1791110927117,28.538123,77.272452,32.0,CNG,18.04,33.7,3,1623,45.1
1791110928412,28.538262,77.272363,33.0,CNG,26.23,14.9,3,1698,45.1
1791110929356,28.538329,77.272319,31.0,CNG,36.63,14.9,5,979,45.1
1791110931079,28.538386,77.272279,28.0,CNG,42.39,14.9,5,869,25.1
1791110931925,28.538439,77.272244,24.0,CNG,42.00,14.9,4,871,25.1
1791110932810,28.538488,77.272210,21.0,CNG,37.79,14.9,4,875,25.1
1791110934716,28.538552,77.272166,16.0,CNG,31.42,14.9,3,860,44.3
1791110935545,28.538574,77.272148,11.0,CNG,22.87,14.9,2,859,44.3
1791110936418,28.538595,77.272132,10.0,CNG,11.37,32.9,,875,44.3
1791110938098,28.538618,77.272115,11.0,CNG,10.42,26.7,,958,47.5
1791110938981,28.538643,77.272098,12.0,CNG,12.02,31.8,2,841,47.5
1791110939837,28.538668,77.272083,11.0,CNG,10.04,28.2,,1047,47.5
1791110941652,28.538719,77.272046,12.0,CNG,10.27,25.1,2,937,62.0
1791110942519,28.538737,77.272015,14.0,CNG,12.51,27.5,2,1036,62.0
1791110943378,28.538746,77.271974,15.0,CNG,12.16,34.1,2,1125,62.0
1791110945209,28.538722,77.271879,17.0,CNG,12.01,34.1,2,1276,49.4
1791110946147,28.538722,77.271879,22.0,CNG,12.38,33.3,2,1610,49.4
1791110947092,28.538698,77.271825,24.0,CNG,12.16,32.9,2,1776,49.4
1791110948941,28.538642,77.271705,25.0,CNG,12.02,28.6,2,1883,48.2
1791110949778,28.538611,77.271641,27.0,CNG,13.00,29.8,2,2075,48.2
1791110950746,28.538578,77.271573,28.0,CNG,13.44,28.6,2,2135,48.2
1791110952474,28.538511,77.271432,29.0,CNG,13.76,28.2,2,2190,40.4
1791110953331,28.538476,77.271360,30.0,CNG,14.56,28.6,2,2249,40.4
1791110954205,28.538441,77.271286,30.0,CNG,15.11,27.8,2,2303,40.4
1791110955898,28.538407,77.271212,31.0,CNG,18.32,14.9,2,2364,25.1
1791110956731,28.538372,77.271139,30.0,CNG,21.45,14.9,3,1577,25.1
1791110957670,28.538335,77.271068,29.0,CNG,27.32,31.8,3,1479,25.1
1791110959333,28.538262,77.270928,29.0,CNG,30.61,18.8,3,1496,30.2
1791110960137,28.538262,77.270928,29.0,CNG,26.88,28.6,3,1498,30.2
1791110960992,28.538228,77.270857,29.0,CNG,33.61,14.9,3,1493,30.2
1791110962594,28.538156,77.270717,30.0,CNG,37.96,14.9,3,1472,33.3
1791110963542,28.538121,77.270647,29.0,CNG,42.12,14.9,3,1478,33.3
1791110964293,28.538087,77.270577,29.0,CNG,29.39,27.1,3,1490,33.3
1791110966133,28.538054,77.270506,30.0,CNG,26.33,24.3,3,1478,42.0
1791110967033,28.538020,77.270434,29.0,CNG,23.85,27.1,3,1453,42.0
1791110968186,28.537955,77.270294,29.0,CNG,27.07,21.2,3,1453,42.0
1791110969736,28.537923,77.270224,28.0,CNG,25.20,24.7,3,1438,31.4
1791110970589,28.537889,77.270156,28.0,CNG,28.39,20.8,3,1440,31.4
1791110971446,28.537854,77.270089,28.0,CNG,29.78,21.2,3,1433,31.4
1791110973182,28.537789,77.269958,27.0,CNG,30.35,21.2,3,1388,20.0
1791110974007,28.537789,77.269958,27.0,CNG,31.92,23.5,3,1380,20.0
1791110974874,28.537758,77.269890,27.0,CNG,32.02,24.7,3,1379,20.0
1791110976754,28.537696,77.269758,27.0,CNG,32.49,24.7,3,1376,56.5
1791110977566,28.537664,77.269690,29.0,CNG,22.01,39.6,3,1445,56.5
1791110978533,28.537630,77.269617,30.0,CNG,18.15,14.9,3,1540,56.5
1791110980330,28.537562,77.269464,31.0,CNG,17.66,30.2,3,1572,50.6
1791110981088,28.537562,77.269464,32.0,CNG,18.56,29.4,3,1607,50.6
1791110981962,28.537530,77.269385,32.0,CNG,19.27,29.4,3,1643,50.6
1791110983866,28.537465,77.269221,33.0,CNG,19.75,29.4,3,1667,48.2
1791110984694,28.537435,77.269137,34.0,CNG,20.39,28.2,3,1722,48.2
1791110985550,28.537404,77.269051,34.0,CNG,21.53,26.7,3,1716,48.2
1791110988329,28.537314,77.268794,34.0,CNG,22.26,26.7,3,1694,19.2
1791110989639,28.537287,77.268717,31.0,CNG,28.20,14.9,3,1594,19.2
1791110990950,28.537263,77.268644,27.0,CNG,33.59,14.9,3,1426,19.2
1791110993467,28.537197,77.268440,26.0,CNG,26.39,14.9,4,1021,43.5
1791110994807,28.537173,77.268372,27.0,CNG,27.77,18.8,3,1341,43.5
1791110995810,28.537149,77.268304,26.0,CNG,36.17,14.9,4,1072,43.5
1791110997525,28.537107,77.268179,25.0,CNG,42.93,14.9,4,878,32.2
1791110998510,28.537089,77.268125,21.0,CNG,38.09,14.9,4,859,32.2
1791110999408,28.537073,77.268079,18.0,CNG,31.99,14.9,3,859,32.2
1791111001058,28.537058,77.268034,17.0,CNG,16.57,28.6,3,862,38.0
1791111001942,28.537043,77.267990,16.0,CNG,18.48,14.9,2,1249,38.0
1791111002864,28.537030,77.267951,15.0,CNG,19.59,14.9,,964,38.0
1791111004512,28.537009,77.267882,12.0,CNG,18.33,31.4,2,866,54.5
1791111005344,28.536999,77.267851,12.0,CNG,17.83,14.9,2,872,54.5
1791111006237,28.536993,77.267827,10.0,CNG,17.84,14.9,2,823,54.5
1791111008238,28.536985,77.267812,5.0,CNG,16.03,14.9,,890,23.1
1791111009202,28.536982,77.267806,2.0,CNG,7.25,27.5,,970,23.1
1791111010131,28.536982,77.267806,3.0,CNG,6.90,14.9,,1318,23.1
1791111011773,28.536977,77.267796,3.0,CNG,6.21,14.9,,1079,34.5
1791111012601,28.536978,77.267796,0.0,CNG,,14.9,0,860,34.5
1791111013344,28.536978,77.267796,0.0,CNG,,14.9,0,859,34.5
1791111015055,28.536978,77.267796,0.0,CNG,,14.9,0,868,45.9
1791111015961,28.536978,77.267796,0.0,CNG,,14.9,0,857,45.9
1791111016760,28.536978,77.267796,0.0,CNG,,14.9,0,859,45.9
1791111018611,28.536978,77.267796,0.0,CNG,,14.9,0,858,42.4
1791111019575,28.536978,77.267796,0.0,CNG,,14.9,0,862,42.4
1791111020441,28.536978,77.267796,0.0,CNG,,14.9,0,851,42.4
1791111022314,28.536978,77.267796,0.0,CNG,,14.9,0,852,42.7
1791111023245,28.536978,77.267796,0.0,CNG,,14.9,0,851,42.7
1791111024055,28.536978,77.267796,0.0,CNG,,14.9,0,857,42.7
1791111025747,28.536978,77.267796,0.0,CNG,,14.9,0,854,40.8
1791111026605,28.536978,77.267796,0.0,CNG,,14.9,0,853,40.8
1791111027671,28.536978,77.267796,0.0,CNG,,14.9,0,853,40.8
1791111029397,28.536978,77.267796,0.0,CNG,,14.9,0,849,41.2
1791111030305,28.536978,77.267796,0.0,CNG,,14.9,0,849,41.2
1791111031106,28.536978,77.267796,0.0,CNG,,14.9,0,850,41.2
1791111033032,28.536978,77.267796,0.0,CNG,,14.9,0,851,41.2
1791111033892,28.536978,77.267796,0.0,CNG,,14.9,0,847,41.2
1791111034721,28.536978,77.267796,0.0,CNG,,14.9,0,851,41.2
1791111036445,28.536978,77.267796,0.0,CNG,,14.9,0,851,41.6
1791111037366,28.536978,77.267796,0.0,CNG,,14.9,0,854,41.6
1791111038137,28.536978,77.267796,0.0,CNG,,14.9,0,851,41.6
1791111039948,28.536978,77.267796,0.0,CNG,,14.9,0,853,40.8
1791111040740,28.536978,77.267796,0.0,CNG,,14.9,0,850,40.8
1791111041554,28.536978,77.267796,0.0,CNG,,14.9,0,851,40.8
1791111043282,28.536978,77.267796,0.0,CNG,,14.9,0,846,41.2
1791111044177,28.536978,77.267796,0.0,CNG,,14.9,0,853,41.2
1791111044983,28.536978,77.267796,0.0,CNG,,14.9,0,851,41.2
1791111046697,28.536978,77.267796,0.0,CNG,,14.9,0,854,41.6
1791111047598,28.536978,77.267796,0.0,CNG,,14.9,0,849,41.6
1791111048576,28.536978,77.267796,0.0,CNG,,14.9,0,853,41.6
1791111050217,28.536978,77.267796,0.0,CNG,,14.9,0,850,40.8
1791111051288,28.536978,77.267796,0.0,CNG,,14.9,0,850,40.8
1791111052265,28.536978,77.267796,0.0,CNG,,14.9,0,858,40.8
1791111053953,28.536978,77.267796,0.0,CNG,,14.9,0,856,40.0
1791111054822,28.536978,77.267796,0.0,CNG,,14.9,0,857,40.0
1791111055717,28.536978,77.267796,0.0,CNG,,14.9,0,850,40.0
1791111057372,28.536978,77.267796,0.0,CNG,,14.9,0,858,40.8
1791111058234,28.536978,77.267796,0.0,CNG,,14.9,0,848,40.8
1791111059086,28.536978,77.267796,0.0,CNG,,14.9,0,839,40.8
1791111060796,28.536978,77.267796,0.0,CNG,,14.9,0,852,41.2
1791111061656,28.536978,77.267796,0.0,CNG,,14.9,0,849,41.2
1791111062507,28.536978,77.267796,0.0,CNG,,14.9,0,849,41.2
1791111064213,28.536978,77.267796,0.0,CNG,,14.9,0,849,41.6
1791111065146,28.536978,77.267796,0.0,CNG,,14.9,0,853,41.6
1791111065921,28.536978,77.267796,0.0,CNG,,14.9,0,854,41.6
1791111067887,28.536978,77.267796,0.0,CNG,,14.9,0,847,23.5
1791111068776,28.536978,77.267796,0.0,CNG,,14.9,0,876,23.5
1791111069643,28.536978,77.267796,0.0,CNG,,14.9,0,858,23.5
1791111071245,28.536978,77.267796,0.0,CNG,,14.9,0,849,31.4
1791111072058,28.536978,77.267796,0.0,CNG,,14.9,0,868,31.4
1791111072898,28.536978,77.267796,0.0,CNG,,14.9,0,852,31.4
1791111074897,28.536969,77.267796,0.0,CNG,,30.2,0,853,51.8
1791111075613,28.536965,77.267785,5.0,CNG,,25.9,,1117,51.8
1791111076458,28.536959,77.267766,8.0,CNG,3.48,30.6,1,1076,51.8
1791111078124,28.536951,77.267740,10.0,CNG,4.61,31.4,1,1392,35.3
1791111078982,28.536942,77.267706,14.0,CNG,8.03,29.0,,1440,35.3
1791111079733,28.536933,77.267667,15.0,CNG,8.80,26.7,,1484,35.3
1791111081460,28.536918,77.267581,16.0,CNG,9.98,26.7,2,1197,30.6
1791111082304,28.536915,77.267538,15.0,CNG,9.81,29.8,2,1214,30.6
1791111083283,28.536917,77.267492,16.0,CNG,10.55,22.4,2,1207,30.6
1791111084974,28.536925,77.267452,17.0,CNG,16.61,14.9,2,1176,22.0
1791111085879,28.536937,77.267417,13.0,CNG,13.29,30.6,2,1012,22.0
1791111086745,28.536957,77.267383,15.0,CNG,13.47,25.5,2,1126,22.0
1791111088736,28.537013,77.267326,16.0,CNG,18.42,14.9,2,1221,34.5
1791111089590,28.537048,77.267308,16.0,CNG,15.61,32.2,2,1197,34.5
1791111090451,28.537089,77.267290,18.0,CNG,13.41,31.4,2,1325,34.5
1791111092128,28.537133,77.267271,20.0,CNG,11.90,31.4,2,1494,42.7
1791111093027,28.537182,77.267251,21.0,CNG,16.21,14.9,2,1588,42.7
1791111093861,28.537227,77.267233,19.0,CNG,13.44,28.2,2,1461,42.7
1791111095569,28.537320,77.267195,20.0,CNG,12.79,28.2,2,1488,49.0
1791111096455,28.537371,77.267176,22.0,CNG,13.69,25.1,2,1656,49.0
1791111097300,28.537423,77.267155,23.0,CNG,12.98,29.4,2,1714,49.0
1791111098994,28.537479,77.267132,24.0,CNG,12.79,29.4,2,1823,42.7
1791111099901,28.537539,77.267107,27.0,CNG,14.42,29.4,2,2049,42.7
1791111100670,28.537603,77.267080,28.0,CNG,15.64,29.4,2,2153,42.7
1791111102321,28.537740,77.267022,30.0,CNG,16.81,29.4,2,2250,34.1
1791111103036,28.537740,77.267022,32.0,CNG,18.15,29.0,2,2434,34.1
1791111103846,28.537814,77.266993,33.0,CNG,22.49,14.9,2,2507,34.1
1791111105494,28.537963,77.266930,33.0,CNG,21.00,29.4,,1442,30.6
1791111106531,28.538037,77.266898,33.0,CNG,26.21,14.9,4,1378,30.6
1791111107417,28.538105,77.266868,30.0,CNG,30.42,14.9,4,1224,30.6
1791111109354,28.538212,77.266818,26.0,CNG,32.22,14.9,4,1024,43.1
1791111110228,28.538250,77.266799,18.0,CNG,29.05,14.9,3,860,43.1
1791111111080,28.538250,77.266799,14.0,CNG,32.90,26.7,,876,43.1
1791111112854,28.538317,77.266769,15.0,CNG,33.37,14.9,2,1166,34.5
1791111113813,28.538353,77.266754,16.0,CNG,22.11,28.6,2,1199,34.5
1791111114688,28.538392,77.266736,18.0,CNG,18.99,28.6,2,1347,34.5
1791111116371,28.538480,77.266699,19.0,CNG,17.43,28.6,2,1460,50.2
1791111117224,28.538530,77.266679,22.0,CNG,15.52,29.0,2,1641,50.2
1791111118078,28.538530,77.266679,23.0,CNG,14.91,29.0,2,1719,50.2
1791111119793,28.538641,77.266637,24.0,CNG,14.49,29.0,2,1828,45.9
1791111120693,28.538703,77.266615,27.0,CNG,14.67,29.4,2,2051,45.9
1791111121504,28.538768,77.266591,28.0,CNG,14.59,29.0,2,2149,45.9
1791111123246,28.538904,77.266538,29.0,CNG,14.47,29.0,2,2223,29.0
1791111124087,28.538904,77.266538,31.0,CNG,16.46,28.2,3,1409,29.0
1791111124920,28.538975,77.266510,31.0,CNG,17.29,28.6,3,1619,29.0
1791111126765,28.539121,77.266450,32.0,CNG,18.26,26.3,3,1634,37.3
1791111127936,28.539196,77.266419,33.0,CNG,22.16,28.2,4,1238,37.3
1791111128882,28.539273,77.266387,34.0,CNG,25.56,28.2,4,1263,37.3
1791111130638,28.539432,77.266319,35.0,CNG,28.18,28.2,4,1292,38.0
1791111131451,28.539513,77.266285,36.0,CNG,30.85,27.8,4,1347,38.0
1791111132428,28.539598,77.266251,37.0,CNG,32.70,27.8,4,1371,38.0
1791111134165,28.539684,77.266217,38.0,CNG,34.94,27.5,4,1388,25.1
1791111135050,28.539772,77.266184,38.0,CNG,32.36,22.4,4,1418,25.1
1791111135869,28.539860,77.266153,38.0,CNG,41.55,14.9,4,1402,25.1
1791111137616,28.540030,77.266090,37.0,CNG,46.13,14.9,4,1379,24.7
1791111138482,28.540107,77.266060,33.0,CNG,47.56,14.9,4,1231,24.7
1791111139316,28.540178,77.266031,31.0,CNG,47.41,14.9,4,1188,24.7
1791111140993,28.540241,77.266005,28.0,CNG,44.62,14.9,4,1066,39.2
1791111141883,28.540293,77.265982,20.0,CNG,36.75,14.9,,858,39.2
1791111142724,28.540336,77.265964,18.0,CNG,38.69,14.9,3,944,39.2
1791111144578,28.540416,77.265929,18.0,CNG,40.72,14.9,3,892,44.3
1791111145467,28.540456,77.265911,18.0,CNG,30.39,30.2,3,864,44.3
1791111146334,28.540500,77.265891,20.0,CNG,23.57,29.8,3,1002,44.3
1791111148352,28.540599,77.265846,21.0,CNG,19.97,29.8,3,1055,56.5
1791111149282,28.540654,77.265822,24.0,CNG,18.29,29.8,3,1213,56.5
1791111150169,28.540654,77.265822,25.0,CNG,17.47,29.8,3,1285,56.5
1791111151853,28.540773,77.265772,27.0,CNG,17.38,30.2,3,1336,54.5
1791111152734,28.540837,77.265745,29.0,CNG,17.83,30.2,3,1441,54.5
1791111153553,28.540905,77.265715,30.0,CNG,17.85,30.2,3,1505,54.5
1791111155293,28.541046,77.265656,31.0,CNG,18.16,14.9,3,1558,54.1
1791111156190,28.541119,77.265626,33.0,CNG,20.24,29.4,4,1194,54.1
1791111156984,28.541119,77.265626,33.0,CNG,20.25,28.6,4,1216,54.1
1791111158829,28.541272,77.265564,34.0,CNG,21.50,29.4,4,1244,57.6
1791111159656,28.541353,77.265532,36.0,CNG,21.96,31.0,4,1307,57.6
1791111160564,28.541435,77.265500,36.0,CNG,22.49,31.0,4,1339,57.6
1791111162325,28.541608,77.265433,37.0,CNG,23.06,31.0,4,1373,46.7
1791111163152,28.541608,77.265433,39.0,CNG,25.25,30.6,4,1437,46.7
1791111164059,28.541699,77.265398,40.0,CNG,27.64,30.2,4,1468,46.7
1791111165876,28.541882,77.265329,40.0,CNG,29.03,30.2,4,1469,31.0
1791111166637,28.541975,77.265292,40.0,CNG,40.95,26.3,5,1069,31.0
1791111167687,28.542068,77.265256,40.0,CNG,36.95,25.5,5,1289,31.0
1791111169668,28.542254,77.265182,41.0,CNG,38.36,23.1,5,1194,41.2
1791111170496,28.542347,77.265144,41.0,CNG,38.57,23.1,5,1201,41.2
1791111171338,28.542440,77.265103,41.0,CNG,38.81,22.0,5,1201,41.2
1791111173287,28.542624,77.265028,41.0,CNG,40.67,14.9,5,1205,25.9
1791111174115,28.542624,77.265028,38.0,CNG,45.71,14.9,5,1119,25.9
1791111174957,28.542710,77.264993,36.0,CNG,47.91,14.9,5,1070,25.9
1791111176843,28.542864,77.264928,35.0,CNG,58.61,14.9,5,1051,22.4
1791111177801,28.542932,77.264898,28.0,CNG,60.13,14.9,5,866,22.4
1791111178594,28.542995,77.264871,28.0,CNG,60.26,14.9,5,801,22.4
1791111180498,28.543103,77.264826,25.0,CNG,62.00,14.9,5,788,30.6
1791111181271,28.543150,77.264808,21.0,CNG,47.21,14.9,4,856,30.6
1791111182207,28.543187,77.264794,16.0,CNG,35.65,14.9,3,856,30.6
1791111183915,28.543216,77.264782,14.0,CNG,27.03,14.9,,857,46.7
1791111184769,28.543232,77.264775,4.0,CNG,17.79,14.9,,861,46.7
1791111185618,28.543237,77.264774,0.0,CNG,10.49,14.9,0,860,46.7
1791111187641,28.543236,77.264775,0.0,CNG,6.19,14.9,0,852,43.9
1791111188647,28.543236,77.264775,0.0,CNG,,14.9,0,852,43.9
1791111189475,28.543236,77.264775,0.0,CNG,,14.9,0,851,43.9
1791111191204,28.543236,77.264775,0.0,CNG,,14.9,0,851,44.3
1791111192050,28.543236,77.264775,0.0,CNG,,14.9,0,854,44.3
1791111192929,28.543236,77.264775,0.0,CNG,,14.9,0,853,44.3
1791111194773,28.543236,77.264775,0.0,CNG,,14.9,0,851,44.3
1791111195577,28.543236,77.264775,0.0,CNG,,14.9,0,854,44.3
1791111196482,28.543236,77.264775,0.0,CNG,,14.9,0,853,44.3
1791111198189,28.543236,77.264775,0.0,CNG,,14.9,0,850,43.9
1791111199055,28.543236,77.264775,0.0,CNG,,14.9,0,859,43.9
1791111199997,28.543236,77.264775,0.0,CNG,,14.9,0,853,43.9
1791111201730,28.543236,77.264775,0.0,CNG,,14.9,0,858,43.5
1791111202532,28.543236,77.264775,0.0,CNG,,14.9,0,854,43.5
1791111203426,28.543236,77.264775,0.0,CNG,,14.9,0,850,43.5
1791111205108,28.543236,77.264775,0.0,CNG,,14.9,0,869,42.7
1791111206010,28.543236,77.264775,0.0,CNG,,14.9,0,862,42.7
1791111206995,28.543236,77.264775,0.0,CNG,,14.9,0,862,42.7
1791111209193,28.543236,77.264775,0.0,CNG,,14.9,0,851,40.0
1791111209988,28.543236,77.264775,0.0,CNG,,14.9,0,852,40.0
1791111210855,28.543236,77.264775,0.0,CNG,,14.9,0,849,40.0
1791111212559,28.543243,77.264772,0.0,CNG,,28.2,0,1037,61.2
1791111213411,28.543259,77.264766,7.0,CNG,,29.0,1,959,61.2
1791111214274,28.543280,77.264756,9.0,CNG,4.01,28.6,1,1308,61.2
1791111215984,28.543307,77.264746,11.0,CNG,5.00,28.6,1,1619,48.2
1791111216834,28.543337,77.264734,14.0,CNG,6.40,26.3,,1455,48.2
1791111217602,28.543369,77.264720,14.0,CNG,8.26,23.9,2,1107,48.2
1791111219246,28.543438,77.264689,15.0,CNG,10.25,24.3,2,1150,37.6
1791111220119,28.543438,77.264689,16.0,CNG,12.11,26.3,2,1259,37.6
1791111221017,28.543476,77.264672,18.0,CNG,14.57,25.9,2,1333,37.6
1791111222666,28.543559,77.264634,19.0,CNG,15.94,25.9,2,1422,36.5
1791111223541,28.543605,77.264614,20.0,CNG,16.59,25.9,2,1528,36.5
1791111224370,28.543652,77.264594,21.0,CNG,17.51,25.9,2,1580,36.5
1791111226254,28.543750,77.264552,22.0,CNG,18.32,25.5,2,1630,37.3
1791111227203,28.543803,77.264530,23.0,CNG,17.05,25.5,2,1742,37.3
1791111228404,28.543857,77.264508,23.0,CNG,16.49,26.3,2,1788,37.3
1791111229970,28.543913,77.264487,24.0,CNG,16.00,26.7,2,1834,44.3
1791111230824,28.543970,77.264465,25.0,CNG,15.89,28.2,2,1940,44.3
1791111231644,28.544030,77.264444,26.0,CNG,14.62,28.6,2,1996,44.3
1791111233334,28.544155,77.264396,27.0,CNG,14.30,27.8,2,2057,33.3
1791111234225,28.544221,77.264370,29.0,CNG,16.35,28.6,2,2175,33.3
1791111235053,28.544221,77.264370,30.0,CNG,17.79,28.2,2,2244,33.3
1791111236926,28.544358,77.264316,30.0,CNG,20.88,14.9,2,2310,38.8
1791111237784,28.544427,77.264289,31.0,CNG,23.05,29.8,5,895,38.8
1791111238651,28.544498,77.264261,31.0,CNG,24.76,14.9,5,924,38.8
1791111240474,28.544644,77.264201,31.0,CNG,22.06,30.2,5,1002,58.8
1791111241344,28.544716,77.264170,32.0,CNG,22.40,28.2,4,1189,58.8
1791111242190,28.544793,77.264136,33.0,CNG,27.26,,4,1206,58.8
1791111244082,28.544869,77.264107,33.0,CNG,25.07,29.4,4,1226,54.1
1791111244874,28.544950,77.264073,35.0,CNG,24.08,29.8,4,1283,54.1
1791111245766,28.545031,77.264037,35.0,CNG,24.04,29.8,4,1309,54.1
1791111247787,28.545196,77.263968,36.0,CNG,24.35,30.2,4,1332,55.7
1791111248693,28.545281,77.263931,38.0,CNG,24.39,31.0,4,1391,55.7
1791111249444,28.545368,77.263893,38.0,CNG,31.76,32.9,4,1412,55.7
1791111251296,28.545547,77.263818,39.0,CNG,29.49,32.2,4,1431,45.9
1791111252187,28.545639,77.263778,40.0,CNG,29.60,30.2,4,1491,45.9
1791111253019,28.545639,77.263778,41.0,CNG,30.28,30.6,4,1504,45.9
1791111254668,28.545831,77.263700,42.0,CNG,29.08,14.9,4,1548,50.2
1791111255450,28.545926,77.263659,42.0,CNG,28.98,28.2,4,1571,50.2
1791111256307,28.546021,77.263618,42.0,CNG,28.60,28.2,4,1553,50.2
1791111258082,28.546116,77.263576,42.0,CNG,28.24,28.2,4,1558,47.8
1791111258852,28.546213,77.263535,43.0,CNG,28.40,28.2,4,1571,47.8
1791111259722,28.546311,77.263494,43.0,CNG,28.80,28.2,4,1585,47.8
1791111261401,28.546510,77.263413,43.0,CNG,28.90,28.2,4,1604,46.7
1791111262301,28.546608,77.263373,44.0,CNG,30.21,28.2,4,1618,46.7
1791111263231,28.546709,77.263331,44.0,CNG,32.59,28.2,4,1639,46.7
1791111264961,28.546810,77.263289,44.0,CNG,34.46,28.2,4,1646,36.1
1791111265818,28.546913,77.263246,45.0,CNG,35.50,28.2,4,1671,36.1
1791111266756,28.547015,77.263203,45.0,CNG,36.13,28.2,4,1683,36.1
1791111268674,28.547223,77.263114,46.0,CNG,36.69,28.2,4,1694,25.9
1791111269565,28.547326,77.263070,46.0,CNG,33.06,29.4,5,1337,25.9
1791111270515,28.547430,77.263027,46.0,CNG,31.97,29.0,5,1347,25.9
1791111272245,28.547640,77.262942,46.0,CNG,31.35,29.0,5,1360,50.6
1791111273118,28.547640,77.262942,47.0,CNG,29.92,32.2,5,1376,50.6
1791111274032,28.547746,77.262899,47.0,CNG,29.39,32.2,5,1395,50.6
1791111275685,28.547964,77.262804,48.0,CNG,29.14,32.2,5,1406,47.5
1791111276686,28.548075,77.262758,49.0,CNG,30.29,14.9,5,1440,47.5
1791111277557,28.548187,77.262710,49.0,CNG,30.33,28.6,5,1454,47.5
1791111279252,28.548403,77.262608,49.0,CNG,41.89,14.9,5,1452,17.6
1791111280138,28.548403,77.262608,43.0,CNG,55.53,14.9,,962,17.6
1791111281030,28.548498,77.262559,41.0,CNG,65.15,14.9,,860,17.6
1791111282793,28.548671,77.262458,40.0,CNG,65.94,14.9,,858,35.3
1791111283730,28.548753,77.262407,39.0,CNG,62.35,14.9,,857,35.3
1791111284527,28.548829,77.262348,38.0,CNG,57.59,14.9,,865,35.3
1791111286250,28.548953,77.262207,37.0,CNG,52.15,14.9,,865,43.5
1791111287165,28.548953,77.262207,34.0,CNG,49.28,14.9,,852,43.5
1791111288541,28.549037,77.262053,33.0,CNG,46.91,14.9,,859,43.5
1791111290189,28.549071,77.261890,31.0,CNG,45.66,14.9,5,858,49.4
1791111291074,28.549071,77.261890,30.0,CNG,30.33,31.8,4,1217,49.4
1791111291987,28.549068,77.261808,30.0,CNG,26.90,14.9,4,1114,49.4
1791111293657,28.549045,77.261646,30.0,CNG,22.81,31.0,5,978,53.7
1791111294571,28.549030,77.261566,30.0,CNG,21.13,29.8,3,1502,53.7
1791111295548,28.549014,77.261486,30.0,CNG,19.87,28.2,3,1520,53.7
1791111297207,28.548977,77.261329,29.0,CNG,18.65,31.4,3,1507,57.3
1791111298118,28.548977,77.261329,30.0,CNG,18.01,31.4,3,1525,57.3
1791111298936,28.548957,77.261248,31.0,CNG,17.89,31.4,3,1561,57.3
1791111300642,28.548915,77.261085,31.0,CNG,19.13,31.4,3,1574,44.3
1791111301484,28.548892,77.261003,31.0,CNG,20.57,29.8,3,1596,44.3
1791111302345,28.548871,77.260920,32.0,CNG,23.20,27.8,3,1594,44.3
1791111304040,28.548849,77.260837,32.0,CNG,23.05,30.2,3,1598,45.9
1791111304894,28.548827,77.260754,32.0,CNG,21.94,34.1,3,1600,45.9
1791111305770,28.548805,77.260670,32.0,CNG,20.69,34.1,3,1618,45.9
1791111307907,28.548764,77.260501,32.0,CNG,19.06,14.9,3,1634,63.1
1791111308863,28.548750,77.260417,32.0,CNG,18.96,36.1,4,1172,63.1
1791111309796,28.548742,77.260330,32.0,CNG,18.75,35.7,4,1166,63.1
1791111311435,28.548738,77.260154,32.0,CNG,18.12,35.7,4,1185,67.5
1791111312466,28.548739,77.260065,32.0,CNG,18.45,31.0,4,1195,67.5
1791111313269,28.548740,77.259976,32.0,CNG,19.48,30.6,4,1216,67.5
1791111315161,28.548742,77.259886,33.0,CNG,20.25,31.4,4,1210,65.9
1791111316013,28.548748,77.259706,33.0,CNG,21.58,36.5,4,1232,65.9
1791111317092,28.548752,77.259614,33.0,CNG,21.62,37.3,4,1237,65.9
1791111319004,28.548755,77.259421,34.0,CNG,21.62,38.0,4,1269,57.6
1791111320005,28.548755,77.259421,36.0,CNG,21.96,38.0,4,1328,57.6
1791111320976,28.548753,77.259321,37.0,CNG,21.11,33.3,4,1351,57.6
1791111322696,28.548748,77.259119,37.0,CNG,19.60,35.7,4,1342,64.7
1791111323706,28.548746,77.259015,38.0,CNG,20.15,35.7,4,1394,64.7
1791111324736,28.548743,77.258910,38.0,CNG,20.53,35.7,4,1414,64.7
1791111326843,28.548734,77.258698,39.0,CNG,20.31,34.9,4,1434,63.1
1791111328467,28.548722,77.258481,40.0,CNG,28.33,33.3,4,1463,63.1
1791111329720,28.548716,77.258374,39.0,CNG,26.82,33.3,5,1152,63.1
1791111332317,28.548701,77.258053,39.0,CNG,24.80,33.7,5,1149,66.7
1791111333577,28.548695,77.257945,39.0,CNG,25.88,34.1,5,1149,66.7
1791111334898,28.548690,77.257838,39.0,CNG,26.85,34.5,5,1155,66.7
1791111336957,28.548673,77.257623,39.0,CNG,27.58,34.5,5,1157,54.9
1791111337835,28.548664,77.257514,40.0,CNG,38.87,14.9,5,1162,54.9
1791111338701,28.548653,77.257407,39.0,CNG,29.96,31.8,5,1113,54.9
1791111340524,28.548622,77.257190,39.0,CNG,18.18,57.6,3,1990,32.2
1791111341481,28.548599,77.257079,42.0,CNG,24.93,14.9,3,2112,32.2
1791111342403,28.548573,77.256978,40.0,CNG,30.73,14.9,4,1434,32.2
1791111344050,28.548549,77.256901,30.0,CNG,33.63,14.9,,1264,32.5
1791111344965,28.548530,77.256840,22.0,CNG,32.56,14.9,4,922,32.5
1791111345785,28.548514,77.256785,18.0,CNG,29.12,14.9,3,865,32.5
1791111347653,28.548491,77.256685,17.0,CNG,13.84,37.3,,991,36.1
1791111348932,28.548477,77.256631,20.0,CNG,17.23,14.9,2,1548,36.1
1791111349980,28.548461,77.256579,20.0,CNG,20.96,14.9,2,1584,36.1
1791111351626,28.548431,77.256476,19.0,CNG,15.64,31.0,2,1471,22.0
1791111352525,28.548417,77.256429,18.0,CNG,19.20,14.9,3,978,22.0
1791111353337,28.548403,77.256388,15.0,CNG,12.39,34.9,,884,22.0
1791111355224,28.548370,77.256301,16.0,CNG,10.96,33.3,2,1156,84.7
1791111356036,28.548370,77.256301,21.0,CNG,8.40,14.9,2,1548,84.7
1791111356945,28.548348,77.256249,22.0,CNG,8.24,38.4,2,1619,84.7
1791111358804,28.548297,77.256127,25.0,CNG,8.82,35.7,2,1873,97.3
1791111359883,28.548265,77.256051,33.0,CNG,6.50,67.8,2,2476,97.3
1791111361000,28.548228,77.255961,40.0,CNG,9.00,14.9,2,2974,97.3
1791111362803,28.548143,77.255753,42.0,CNG,10.58,53.7,2,2936,89.8
1791111363924,28.548093,77.255639,48.0,CNG,11.49,56.1,3,2424,89.8
1791111364879,28.548041,77.255516,52.0,CNG,13.83,14.9,3,2621,89.8
1791111366503,28.547927,77.255261,51.0,CNG,19.77,56.1,3,2629,42.4
1791111367758,28.547869,77.255128,55.0,CNG,18.01,14.9,3,2763,42.4
1791111368808,28.547812,77.254988,56.0,CNG,26.31,14.9,4,2317,42.4
1791111370496,28.547707,77.254717,53.0,CNG,34.05,14.9,5,1616,21.6
1791111371279,28.547655,77.254587,52.0,CNG,42.58,14.9,4,1946,21.6
1791111372165,28.547655,77.254587,51.0,CNG,42.56,25.9,4,1877,21.6
1791111373852,28.547548,77.254326,52.0,CNG,28.60,43.1,4,1926,83.1
1791111375137,28.547435,77.254053,55.0,CNG,36.86,62.4,5,1734,83.1
1791111376218,28.547379,77.253908,56.0,CNG,14.62,83.5,3,2886,83.1
1791111378048,28.547256,77.253596,61.0,CNG,20.09,75.3,3,3074,26.7
1791111379097,28.547188,77.253433,65.0,CNG,16.31,49.4,4,2377,26.7
1791111380143,28.547188,77.253433,67.0,CNG,23.74,14.9,4,2482,26.7
1791111381872,28.547049,77.253108,65.0,CNG,31.94,14.9,4,2422,77.3
1791111382719,28.546980,77.252944,66.0,CNG,20.90,51.8,4,2446,77.3
1791111383813,28.546912,77.252776,68.0,CNG,16.37,51.0,4,2520,77.3
1791111385724,28.546781,77.252421,71.0,CNG,22.25,14.9,4,2609,75.3
1791111386591,28.546718,77.252240,72.0,CNG,22.51,47.8,5,2124,75.3
1791111387606,28.546658,77.252055,72.0,CNG,26.55,14.9,5,2143,75.3
1791111389792,28.546554,77.251708,69.0,CNG,36.82,14.9,5,2056,19.2
1791111390664,28.546502,77.251556,57.0,CNG,46.20,14.9,5,1705,19.2
1791111391563,28.546453,77.251424,50.0,CNG,54.72,14.9,5,1497,19.2
1791111393236,28.546356,77.251190,47.0,CNG,62.24,52.2,,1071,91.8
1791111394388,28.546306,77.251073,47.0,CNG,20.29,51.8,3,2393,91.8
1791111395528,28.546255,77.250952,50.0,CNG,12.53,63.5,3,2504,91.8
1791111397432,28.546157,77.250692,51.0,CNG,12.68,62.4,3,2594,84.7
1791111398389,28.546110,77.250557,53.0,CNG,12.83,63.9,4,1930,84.7
1791111399211,28.546061,77.250419,54.0,CNG,12.74,65.9,4,1994,84.7
1791111401148,28.545959,77.250127,56.0,CNG,15.06,62.4,4,2061,35.3
1791111402225,28.545907,77.249976,59.0,CNG,17.78,14.9,5,1766,35.3
1791111403063,28.545907,77.249976,60.0,CNG,22.80,32.9,5,1760,35.3
1791111404704,28.545794,77.249668,61.0,CNG,27.40,32.2,5,1777,43.1
1791111405501,28.545734,77.249508,63.0,CNG,29.42,34.9,5,1850,43.1
1791111406353,28.545674,77.249348,65.0,CNG,26.59,34.5,5,1884,43.1
1791111408557,28.545549,77.249012,65.0,CNG,27.74,32.5,5,1933,68.6
1791111409350,28.545485,77.248838,68.0,CNG,39.66,38.0,5,2014,68.6
1791111410342,28.545418,77.248662,70.0,CNG,34.00,25.5,5,2043,68.6
1791111412033,28.545352,77.248487,70.0,CNG,45.13,14.9,5,2011,19.2
1791111412935,28.545288,77.248319,63.0,CNG,55.47,14.9,5,1860,19.2
1791111413730,28.545230,77.248166,58.0,CNG,63.86,14.9,5,1705,19.2
1791111415626,28.545131,77.247888,55.0,CNG,70.30,14.9,5,1623,18.8
1791111416588,28.545089,77.247762,48.0,CNG,75.54,14.9,5,1425,18.8
1791111417593,28.545050,77.247649,43.0,CNG,79.76,14.9,5,1285,18.8
1791111419473,28.544979,77.247464,37.0,CNG,85.06,14.9,5,1147,21.6
1791111420473,28.544945,77.247382,33.0,CNG,69.88,14.9,5,953,21.6
1791111421323,28.544911,77.247304,32.0,CNG,59.57,32.5,5,896,21.6
1791111423029,28.544877,77.247226,32.0,CNG,34.66,18.0,4,1110,69.4
1791111423926,28.544843,77.247150,31.0,CNG,23.10,33.3,3,1577,69.4
1791111424738,28.544807,77.247072,32.0,CNG,21.46,31.8,3,1659,69.4
1791111426450,28.544734,77.246909,33.0,CNG,20.31,28.6,3,1650,29.4
1791111427598,28.544698,77.246827,33.0,CNG,25.48,14.9,4,1375,29.4
1791111428709,28.544663,77.246746,33.0,CNG,24.50,26.7,4,1214,29.4
1791111430451,28.544596,77.246578,34.0,CNG,33.14,31.8,4,1244,36.1
1791111431353,28.544563,77.246491,34.0,CNG,42.37,14.9,4,1224,36.1
1791111432131,28.544563,77.246491,33.0,CNG,53.71,14.9,5,1034,36.1
1791111433837,28.544508,77.246354,26.0,CNG,50.09,14.9,4,862,47.5
1791111434856,28.544489,77.246303,19.0,CNG,23.74,30.2,2,1356,47.5
1791111435633,28.544468,77.246252,21.0,CNG,20.26,27.5,2,1588,47.5
1791111437338,28.544425,77.246135,22.0,CNG,14.58,33.7,2,1691,60.0
1791111438153,28.544425,77.246135,26.0,CNG,19.57,14.9,2,1914,60.0
1791111438980,28.544400,77.246071,27.0,CNG,16.78,33.7,3,1500,60.0
1791111440733,28.544349,77.245929,28.0,CNG,17.08,29.0,3,1400,52.2
1791111441540,28.544321,77.245855,29.0,CNG,25.75,14.9,3,1388,52.2
1791111442570,28.544294,77.245782,28.0,CNG,34.43,14.9,,1192,52.2
1791111444318,28.544244,77.245650,26.0,CNG,42.97,14.9,4,957,24.3
1791111445128,28.544244,77.245650,25.0,CNG,48.04,14.9,4,862,24.3
1791111445991,28.544220,77.245588,23.0,CNG,50.08,14.9,4,861,24.3
1791111447763,28.544175,77.245475,22.0,CNG,50.87,14.9,4,861,25.5
1791111448727,28.544154,77.245422,21.0,CNG,43.92,19.6,4,861,25.5
1791111449526,28.544133,77.245368,21.0,CNG,23.40,28.6,3,1010,25.5
1791111451417,28.544094,77.245261,22.0,CNG,26.88,14.9,3,1098,36.9
1791111452204,28.544075,77.245212,19.0,CNG,26.72,14.9,3,863,36.9
1791111453087,28.544075,77.245212,19.0,CNG,17.50,25.9,3,914,36.9
1791111454780,28.544039,77.245115,19.0,CNG,17.58,14.9,2,1431,24.7
1791111455682,28.544022,77.245073,16.0,CNG,13.92,24.3,2,1276,24.7
1791111456471,28.544006,77.245030,17.0,CNG,18.51,14.9,2,1203,24.7
1791111458205,28.543978,77.244959,16.0,CNG,22.78,14.9,2,1188,18.8
1791111459031,28.543978,77.244959,12.0,CNG,24.76,14.9,2,856,18.8
1791111459825,28.543967,77.244929,12.0,CNG,11.47,34.5,2,849,18.8
1791111461601,28.543942,77.244866,13.0,CNG,15.73,14.9,2,949,47.5
1791111462828,28.543930,77.244833,13.0,CNG,13.01,26.3,2,989,47.5
1791111463620,28.543917,77.244798,14.0,CNG,11.02,29.0,2,1112,47.5
1791111465216,28.543886,77.244716,16.0,CNG,11.10,28.2,2,1204,42.0
1791111466073,28.543886,77.244716,17.0,CNG,11.67,24.7,2,1234,42.0
1791111466920,28.543869,77.244672,18.0,CNG,10.77,40.0,2,1343,42.0
1791111469066,28.543831,77.244575,20.0,CNG,14.11,32.5,2,1507,53.7
1791111469977,28.543809,77.244521,22.0,CNG,14.44,28.2,2,1641,53.7
1791111470803,28.543788,77.244466,23.0,CNG,11.03,41.6,2,1734,53.7
1791111472643,28.543742,77.244346,24.0,CNG,14.33,14.9,2,1725,83.5
1791111473456,28.543716,77.244278,26.0,CNG,10.84,49.4,3,1313,83.5
1791111474613,28.543687,77.244206,29.0,CNG,12.58,14.9,3,1440,83.5
1791111476321,28.543629,77.244059,30.0,CNG,14.46,14.9,3,1517,47.5
1791111477186,28.543598,77.243985,30.0,CNG,17.49,14.9,4,1124,47.5
1791111478033,28.543598,77.243985,30.0,CNG,25.05,14.9,4,1105,47.5
1791111479749,28.543541,77.243842,30.0,CNG,33.92,14.9,4,1100,72.5
1791111480633,28.543516,77.243769,30.0,CNG,26.19,14.9,4,1117,72.5
1791111481546,28.543490,77.243694,31.0,CNG,34.79,14.9,4,1138,72.5
1791111483172,28.543462,77.243615,29.0,CNG,35.05,14.9,4,1099,32.2
1791111484072,28.543413,77.243482,27.0,CNG,20.23,48.6,4,977,32.2
1791111485125,28.543413,77.243482,28.0,CNG,24.72,14.9,4,1040,32.2
1791111487013,28.543362,77.243345,28.0,CNG,18.16,26.7,3,1583,47.5
1791111488226,28.543306,77.243197,30.0,CNG,24.03,14.9,3,1496,47.5
1791111489166,28.543280,77.243130,27.0,CNG,28.27,14.9,3,1364,47.5
1791111490863,28.543256,77.243066,25.0,CNG,31.14,45.9,3,1284,64.7
1791111491849,28.543231,77.242999,28.0,CNG,18.22,45.9,3,1387,64.7
1791111492717,28.543205,77.242928,29.0,CNG,20.59,14.9,3,1483,64.7
1791111494448,28.543154,77.242770,30.0,CNG,17.49,41.6,3,1544,75.3
1791111495401,28.543125,77.242684,33.0,CNG,18.85,14.9,3,1718,75.3
1791111496248,28.543098,77.242603,33.0,CNG,25.31,14.9,3,1655,75.3
1791111497947,28.543070,77.242522,30.0,CNG,13.75,53.3,3,1577,38.0
1791111498987,28.543042,77.242440,33.0,CNG,12.64,39.6,3,1682,38.0
1791111499973,28.543012,77.242354,35.0,CNG,12.32,58.8,3,1766,38.0
1791111501737,28.542948,77.242160,37.0,CNG,10.40,67.8,3,1874,92.5
1791111502759,28.542910,77.242053,44.0,CNG,10.13,60.8,3,2188,92.5
1791111503832,28.542862,77.241941,47.0,CNG,11.18,62.7,3,2343,92.5
1791111505734,28.542765,77.241708,48.0,CNG,17.50,14.9,3,2410,30.6
1791111506531,28.542722,77.241600,42.0,CNG,15.88,42.7,5,1273,30.6
1791111507539,28.542680,77.241493,43.0,CNG,13.92,48.6,3,2103,30.6
1791111509672,28.542598,77.241266,45.0,CNG,13.17,46.7,3,2248,67.8
1791111510647,28.542561,77.241148,46.0,CNG,12.64,50.6,3,2104,67.8
1791111511527,28.542523,77.241029,46.0,CNG,18.35,14.9,4,1715,67.8
1791111513245,28.542443,77.240810,44.0,CNG,17.11,29.8,4,1628,21.6
1791111514107,28.542404,77.240706,41.0,CNG,17.77,45.9,4,1518,21.6
1791111515139,28.542404,77.240706,41.0,CNG,18.33,14.9,4,1511,21.6
1791111516792,28.542326,77.240507,40.0,CNG,26.54,14.9,5,1154,62.7
1791111517691,28.542288,77.240413,37.0,CNG,20.57,33.3,3,1861,62.7
1791111518569,28.542251,77.240319,37.0,CNG,20.49,28.2,3,1882,62.7
1791111520361,28.542180,77.240135,37.0,CNG,13.59,38.8,3,1866,62.7
1791111521386,28.542146,77.240046,35.0,CNG,19.41,14.9,4,1269,62.7
1791111522206,28.542115,77.239967,32.0,CNG,24.47,14.9,5,1032,62.7
1791111523935,28.542085,77.239893,30.0,CNG,19.37,35.3,5,879,35.7
1791111524897,28.542056,77.239821,28.0,CNG,19.15,31.8,3,1476,35.7
1791111525823,28.542028,77.239748,29.0,CNG,18.69,37.3,3,1461,35.7
1791111527624,28.541968,77.239594,30.0,CNG,31.07,37.3,3,1537,84.7
1791111528823,28.541934,77.239507,36.0,CNG,18.51,64.7,3,1788,84.7
1791111529796,28.541898,77.239410,40.0,CNG,20.67,14.9,3,2013,84.7
1791111531474,28.541818,77.239203,40.0,CNG,16.74,49.0,4,1503,81.2
1791111532447,28.541773,77.239092,45.0,CNG,23.93,14.9,4,1660,81.2
1791111533240,28.541725,77.238978,46.0,CNG,31.75,14.9,5,1416,81.2
1791111534893,28.541681,77.238875,45.0,CNG,39.27,14.9,5,1236,44.3
1791111535802,28.541635,77.238772,44.0,CNG,23.01,48.2,4,1759,44.3
1791111536837,28.541579,77.238639,48.0,CNG,31.42,14.9,4,1767,44.3
1791111538931,28.541489,77.238423,46.0,CNG,39.68,14.9,5,1316,34.5
1791111539731,28.541452,77.238326,36.0,CNG,42.03,14.9,,907,34.5
1791111540640,28.541417,77.238234,36.0,CNG,43.37,14.9,,863,34.5
1791111542269,28.541348,77.238059,35.0,CNG,44.50,14.9,,862,27.1
1791111543141,28.541348,77.238059,33.0,CNG,53.44,14.9,5,871,27.1
1791111543997,28.541316,77.237977,32.0,CNG,60.56,14.9,5,883,27.1
1791111545750,28.541254,77.237817,31.0,CNG,65.31,14.9,5,869,23.9
1791111546582,28.541223,77.237740,31.0,CNG,68.91,14.9,5,862,23.9
1791111547618,28.541194,77.237667,29.0,CNG,68.91,14.9,5,857,23.9
1791111549451,28.541140,77.237532,27.0,CNG,57.19,25.9,5,864,43.5
1791111550441,28.541112,77.237468,26.0,CNG,44.03,14.9,,2724,43.5
1791111551296,28.541083,77.237403,26.0,CNG,23.09,34.5,3,1449,43.5
1791111553116,28.541053,77.237336,27.0,CNG,19.11,33.7,3,1383,50.2
1791111554054,28.541021,77.237266,29.0,CNG,20.97,24.3,3,1474,50.2
1791111555007,28.540989,77.237194,29.0,CNG,22.99,24.3,3,1485,50.2
1791111556703,28.540930,77.237052,29.0,CNG,28.12,14.9,3,1483,29.8
1791111557575,28.540905,77.236992,23.0,CNG,29.44,14.9,3,1053,29.8
1791111558406,28.540882,77.236934,23.0,CNG,31.39,14.9,4,920,29.8
1791111560126,28.540859,77.236879,22.0,CNG,37.69,14.9,3,1050,58.8
1791111561005,28.540816,77.236766,22.0,CNG,19.11,37.6,2,1822,58.8
1791111562252,28.540793,77.236700,25.0,CNG,12.04,52.2,2,1856,58.8
1791111564203,28.540748,77.236537,30.0,CNG,10.52,51.8,2,2248,83.1
1791111565270,28.540729,77.236446,34.0,CNG,10.95,34.5,3,1677,83.1
1791111566127,28.540715,77.236355,34.0,CNG,16.73,37.3,3,1710,83.1
1791111568310,28.540691,77.236163,34.0,CNG,14.72,58.4,3,1710,36.9
1791111569413,28.540678,77.236060,38.0,CNG,13.94,54.5,4,1391,36.9
1791111570468,28.540666,77.235950,40.0,CNG,14.28,48.6,4,1476,36.9
1791111572366,28.540645,77.235715,43.0,CNG,14.62,14.9,4,1579,22.0
1791111573368,28.540641,77.235598,43.0,CNG,23.00,14.9,,965,22.0
1791111574334,28.540641,77.235486,41.0,CNG,32.98,14.9,,858,22.0
1791111576078,28.540643,77.235383,37.0,CNG,43.33,14.9,,855,51.4
1791111576919,28.540648,77.235286,36.0,CNG,23.59,29.0,3,1841,51.4
1791111577874,28.540658,77.235187,36.0,CNG,29.93,14.9,3,1882,51.4
1791111579481,28.540684,77.235015,33.0,CNG,33.94,14.9,4,1327,29.8
1791111580453,28.540701,77.234942,27.0,CNG,29.99,27.5,4,1027,29.8
1791111581323,28.540721,77.234869,28.0,CNG,27.83,23.1,3,1408,29.8
1791111582946,28.540744,77.234794,28.0,CNG,16.08,44.7,3,1455,27.1
1791111583941,28.540771,77.234719,30.0,CNG,18.46,14.9,3,1540,27.1
1791111584752,28.540799,77.234640,31.0,CNG,18.42,33.7,3,1569,27.1
1791111586663,28.540855,77.234476,32.0,CNG,19.52,31.8,3,1583,35.7
1791111587578,28.540883,77.234389,34.0,CNG,19.04,14.9,3,1735,35.7
1791111588754,28.540909,77.234303,33.0,CNG,18.57,25.9,3,1682,35.7
1791111590314,28.540951,77.234132,33.0,CNG,15.35,14.9,3,1735,32.9
1791111591170,28.540971,77.234045,31.0,CNG,12.34,66.3,3,1608,32.9
1791111592200,28.540993,77.233957,34.0,CNG,11.68,62.0,3,1691,32.9
1791111594145,28.541048,77.233766,35.0,CNG,10.84,60.8,3,1786,92.5
1791111595181,28.541079,77.233664,39.0,CNG,10.67,59.6,3,1985,92.5
1791111596264,28.541112,77.233557,41.0,CNG,9.74,57.3,3,2073,92.5
1791111598189,28.541181,77.233326,43.0,CNG,10.22,56.1,3,2176,84.3
1791111599143,28.541181,77.233326,47.0,CNG,10.66,14.9,3,2372,84.3
1791111600022,28.541247,77.233087,45.0,CNG,16.30,45.5,,1931,84.3
1791111601885,28.541285,77.232969,45.0,CNG,11.95,63.1,3,2401,76.9
1791111602930,28.541323,77.232848,46.0,CNG,12.44,51.4,,2008,76.9
1791111603953,28.541359,77.232725,48.0,CNG,15.00,35.7,4,1759,76.9
1791111606015,28.541428,77.232481,47.0,CNG,21.74,14.9,4,1723,18.8
1791111606842,28.541457,77.232365,43.0,CNG,29.29,14.9,4,1585,18.8
1791111607893,28.541484,77.232256,40.0,CNG,37.07,14.9,4,1490,18.8
1791111609838,28.541530,77.232060,36.0,CNG,42.10,18.8,4,1357,53.7
1791111610707,28.541551,77.231966,36.0,CNG,34.21,29.8,4,1324,53.7
1791111611537,28.541570,77.231869,36.0,CNG,29.66,29.0,4,1333,53.7
1791111613280,28.541607,77.231669,37.0,CNG,26.64,33.3,4,1356,60.4
1791111614135,28.541607,77.231669,39.0,CNG,28.17,29.4,4,1389,60.4
1791111615094,28.541623,77.231563,40.0,CNG,29.88,29.4,4,1467,60.4
1791111616680,28.541653,77.231339,41.0,CNG,31.26,29.4,4,1517,38.8
1791111617721,28.541666,77.231220,44.0,CNG,30.63,31.4,4,1626,38.8
1791111618525,28.541680,77.231096,46.0,CNG,31.29,30.6,4,1688,38.8
1791111620226,28.541706,77.230833,47.0,CNG,29.84,29.8,4,1748,50.2
1791111621249,28.541718,77.230696,50.0,CNG,30.48,29.0,4,1857,50.2
1791111622192,28.541731,77.230555,51.0,CNG,31.83,27.8,4,1893,50.2
1791111623958,28.541744,77.230411,52.0,CNG,41.21,14.9,4,1937,19.6
1791111624837,28.541758,77.230269,51.0,CNG,49.00,14.9,4,1903,19.6
1791111625671,28.541772,77.230133,49.0,CNG,54.80,14.9,4,1814,19.6
1791111627421,28.541797,77.229881,47.0,CNG,59.45,14.9,4,1722,19.2
1791111628526,28.541805,77.229762,43.0,CNG,62.13,47.8,4,1608,19.2
1791111629539,28.541813,77.229644,44.0,CNG,29.09,42.4,4,1613,19.2
1791111631334,28.541830,77.229390,46.0,CNG,31.01,14.9,4,1703,49.0
1791111632209,28.541840,77.229257,49.0,CNG,30.46,34.5,5,1406,49.0
1791111633216,28.541851,77.229119,50.0,CNG,31.34,34.1,5,1462,49.0
1791111634799,28.541862,77.228976,52.0,CNG,33.02,32.5,5,1515,44.7
1791111635786,28.541873,77.228829,54.0,CNG,35.36,31.0,5,1584,44.7
1791111636732,28.541887,77.228679,55.0,CNG,36.93,30.2,5,1625,44.7
1791111638356,28.541917,77.228375,56.0,CNG,36.95,28.6,5,1640,50.6
1791111639233,28.541935,77.228222,56.0,CNG,36.41,29.8,5,1651,50.6
1791111640077,28.541935,77.228222,57.0,CNG,35.63,28.6,5,1662,50.6
1791111641915,28.541977,77.227912,57.0,CNG,36.12,28.6,5,1678,45.9
1791111642753,28.542000,77.227756,58.0,CNG,36.67,28.6,5,1688,45.9
1791111643668,28.542022,77.227600,58.0,CNG,37.01,14.9,5,1693,45.9
1791111645213,28.542063,77.227290,57.0,CNG,44.04,25.5,5,1696,20.0
1791111646048,28.542063,77.227290,56.0,CNG,54.25,14.9,5,1649,20.0
1791111646896,28.542081,77.227138,54.0,CNG,63.84,14.9,5,1596,20.0
1791111649592,28.542119,77.226718,51.0,CNG,70.22,14.9,5,1512,18.4
1791111650774,28.542128,77.226583,49.0,CNG,44.75,28.6,5,1436,18.4
1791111652100,28.542137,77.226450,49.0,CNG,40.35,26.7,5,1441,18.4
1791111654639,28.542168,77.226052,49.0,CNG,39.47,14.9,5,1432,22.0
1791111655954,28.542178,77.225929,45.0,CNG,47.45,26.7,5,1318,22.0
1791111656858,28.542187,77.225808,44.0,CNG,43.29,22.0,5,1315,22.0
1791111658776,28.542205,77.225568,44.0,CNG,40.81,23.5,5,1287,28.6
1791111659649,28.542214,77.225448,43.0,CNG,37.98,24.7,5,1291,28.6
1791111660850,28.542223,77.225330,43.0,CNG,37.96,24.7,5,1272,28.6
1791111662616,28.542238,77.225093,43.0,CNG,40.96,27.5,5,1272,40.8
1791111663418,28.542247,77.224973,44.0,CNG,40.70,27.1,5,1281,40.8
1791111664271,28.542256,77.224851,44.0,CNG,41.02,27.1,5,1289,40.8
1791111666164,28.542264,77.224729,44.0,CNG,41.10,27.1,5,1293,39.6
1791111666991,28.542272,77.224607,45.0,CNG,41.15,27.1,5,1314,39.6
1791111667917,28.542279,77.224483,45.0,CNG,37.77,27.1,5,1324,39.6
1791111670117,28.542297,77.224238,45.0,CNG,35.50,27.1,5,1321,49.4
1791111671029,28.542307,77.224115,45.0,CNG,34.66,27.1,5,1324,49.4
1791111671839,28.542316,77.223991,45.0,CNG,33.80,27.1,5,1323,49.4
1791111673700,28.542334,77.223742,45.0,CNG,33.18,27.5,5,1328,50.2
1791111674697,28.542344,77.223617,46.0,CNG,33.34,27.5,5,1341,50.2
1791111675550,28.542352,77.223492,46.0,CNG,35.08,30.6,5,1348,50.2
1791111677263,28.542369,77.223239,46.0,CNG,34.11,31.8,5,1356,49.8
1791111678131,28.542369,77.223239,47.0,CNG,33.51,32.2,5,1375,49.8
1791111678891,28.542377,77.223110,47.0,CNG,32.99,32.5,5,1381,49.8
1791111680714,28.542397,77.222851,47.0,CNG,32.55,32.5,5,1391,59.2
1791111681573,28.542406,77.222718,48.0,CNG,41.24,29.4,5,1417,59.2
1791111682388,28.542415,77.222584,49.0,CNG,35.29,30.2,5,1439,59.2
1791111684297,28.542434,77.222312,49.0,CNG,32.41,29.8,5,1442,54.5
1791111685083,28.542434,77.222312,50.0,CNG,31.48,29.8,5,1471,54.5
1791111685927,28.542446,77.222177,51.0,CNG,31.19,30.2,5,1485,54.5
1791111687673,28.542469,77.221896,51.0,CNG,31.39,29.8,5,1495,52.9
1791111688797,28.542481,77.221755,51.0,CNG,31.57,29.8,5,1507,52.9
1791111689654,28.542491,77.221614,52.0,CNG,31.31,29.8,5,1522,52.9
1791111691367,28.542512,77.221328,52.0,CNG,31.16,29.8,5,1532,29.8
1791111692237,28.542524,77.221183,52.0,CNG,34.89,27.8,5,1534,29.8
1791111693214,28.542534,77.221038,52.0,CNG,39.59,27.1,5,1531,29.8
1791111694952,28.542546,77.220895,53.0,CNG,43.47,14.9,5,1538,18.8
1791111695767,28.542558,77.220754,50.0,CNG,54.02,14.9,5,1480,18.8
1791111696670,28.542571,77.220624,45.0,CNG,63.28,14.9,5,1352,18.8
1791111698235,28.542587,77.220418,40.0,CNG,73.60,14.9,5,1077,28.6
1791111699072,28.542587,77.220418,30.0,CNG,62.27,14.9,5,845,28.6
1791111699903,28.542592,77.220335,29.0,CNG,54.72,14.9,5,858,28.6
1791111701477,28.542593,77.220184,27.0,CNG,47.26,14.9,5,858,44.3
1791111702474,28.542592,77.220116,25.0,CNG,41.34,14.9,4,856,44.3
1791111703368,28.542594,77.220048,24.0,CNG,38.95,29.0,4,856,44.3
1791111705042,28.542596,77.219980,24.0,CNG,20.60,29.8,2,1781,48.6
1791111705896,28.542600,77.219909,25.0,CNG,24.11,14.9,2,1792,48.6
1791111706761,28.542606,77.219842,24.0,CNG,22.63,25.9,2,1923,48.6
1791111708793,28.542620,77.219710,24.0,CNG,25.09,25.9,2,1799,39.6
1791111709610,28.542626,77.219641,26.0,CNG,20.01,31.0,2,1964,39.6
1791111710450,28.542632,77.219569,27.0,CNG,18.28,31.0,2,2040,39.6
1791111712116,28.542639,77.219492,28.0,CNG,17.47,30.6,2,2129,49.0
1791111712953,28.542646,77.219412,30.0,CNG,13.90,88.2,2,2269,49.0
1791111714052,28.542667,77.219227,35.0,CNG,7.05,84.3,2,2614,49.0
1791111715897,28.542682,77.219121,40.0,CNG,11.12,14.9,2,2948,50.6
1791111716759,28.542695,77.219012,40.0,CNG,17.12,14.9,3,1945,50.6
1791111717606,28.542704,77.218908,38.0,CNG,23.50,14.9,3,1919,50.6
1791111719278,28.542718,77.218720,35.0,CNG,29.57,14.9,3,1794,19.2
1791111720216,28.542724,77.218634,32.0,CNG,18.96,32.9,3,1619,19.2
1791111721018,28.542724,77.218634,32.0,CNG,18.86,29.8,3,1620,19.2
1791111722829,28.542739,77.218454,33.0,CNG,18.69,30.6,3,1662,52.2
1791111723584,28.542747,77.218361,34.0,CNG,18.88,14.9,3,1735,52.2
1791111724426,28.542754,77.218267,34.0,CNG,16.24,33.3,4,1292,52.2
1791111726296,28.542769,77.218072,35.0,CNG,18.78,33.3,4,1299,49.0
1791111727128,28.542769,77.218072,37.0,CNG,21.42,32.2,4,1372,49.0
1791111728159,28.542777,77.217969,38.0,CNG,28.24,27.5,4,1390,49.0
1791111730013,28.542793,77.217762,38.0,CNG,31.75,29.0,4,1400,38.8
1791111730913,28.542801,77.217655,39.0,CNG,32.32,29.4,4,1441,38.8
1791111731699,28.542809,77.217547,39.0,CNG,31.53,29.8,4,1461,38.8
1791111733421,28.542829,77.217326,40.0,CNG,32.80,29.4,4,1480,50.6
1791111734252,28.542839,77.217214,41.0,CNG,30.36,28.6,4,1501,50.6
1791111735003,28.542839,77.217214,41.0,CNG,29.01,29.4,4,1527,50.6
1791111736676,28.542857,77.216987,42.0,CNG,27.64,31.4,4,1547,53.3
1791111737532,28.542866,77.216870,43.0,CNG,27.03,30.2,4,1593,53.3
1791111738414,28.542876,77.216750,44.0,CNG,27.03,29.8,4,1606,53.3
1791111740097,28.542885,77.216629,44.0,CNG,27.30,29.8,4,1625,43.1
1791111740960,28.542895,77.216508,45.0,CNG,30.78,28.6,4,1654,43.1
1791111741809,28.542905,77.216387,45.0,CNG,33.12,14.9,4,1664,43.1
1791111743650,28.542925,77.216138,45.0,CNG,46.31,26.7,5,1339,27.5
1791111744485,28.542934,77.216019,43.0,CNG,57.22,14.9,5,1291,27.5
1791111745234,28.542939,77.215921,37.0,CNG,58.93,14.9,,953,27.5
1791111746837,28.542945,77.215831,32.0,CNG,55.23,14.9,5,853,37.6
1791111747894,28.542951,77.215751,29.0,CNG,48.15,14.9,5,858,37.6
1791111748920,28.542957,77.215671,29.0,CNG,45.02,14.9,5,863,37.6
1791111750637,28.542973,77.215516,28.0,CNG,42.92,14.9,5,855,40.4
1791111751546,28.542980,77.215438,27.0,CNG,27.84,28.2,4,1060,40.4
1791111752396,28.542985,77.215362,28.0,CNG,23.66,27.8,3,1420,40.4
1791111754058,28.542991,77.215282,29.0,CNG,20.61,30.2,3,1477,49.8
1791111754954,28.542998,77.215200,31.0,CNG,26.52,27.5,3,1547,49.8
1791111755725,28.543004,77.215118,30.0,CNG,22.94,27.5,3,1562,49.8
1791111757440,28.543016,77.214947,31.0,CNG,22.01,27.5,3,1564,45.5
1791111758309,28.543023,77.214860,32.0,CNG,21.63,14.9,3,1615,45.5
1791111759192,28.543031,77.214773,32.0,CNG,21.94,27.8,,1421,45.5
1791111760883,28.543038,77.214684,32.0,CNG,24.27,26.7,4,1190,37.3
1791111761747,28.543046,77.214594,33.0,CNG,27.80,25.9,4,1230,37.3
1791111762575,28.543053,77.214502,34.0,CNG,30.72,26.3,4,1247,37.3
1791111764305,28.543068,77.214321,34.0,CNG,31.05,27.1,4,1258,37.6
1791111765161,28.543075,77.214221,35.0,CNG,20.84,55.7,4,1286,37.6
1791111766184,28.543082,77.214120,37.0,CNG,16.98,50.2,4,1362,37.6
1791111768371,28.543101,77.213900,39.0,CNG,17.79,48.6,4,1449,83.9
1791111769636,28.543111,77.213783,44.0,CNG,18.23,48.2,4,1618,83.9
1791111770619,28.543121,77.213659,46.0,CNG,17.78,48.2,4,1715,83.9
1791111772306,28.543140,77.213391,48.0,CNG,15.65,49.4,4,1771,84.7
1791111773300,28.543149,77.213251,52.0,CNG,15.31,14.9,4,1907,84.7
1791111774295,28.543158,77.213111,52.0,CNG,17.81,30.6,5,1494,84.7
1791111776038,28.543170,77.212971,52.0,CNG,23.62,25.5,5,1523,27.8
1791111776912,28.543182,77.212829,52.0,CNG,31.14,25.1,5,1523,27.8
1791111777743,28.543194,77.212689,51.0,CNG,39.83,23.5,5,1523,27.8
1791111779453,28.543220,77.212404,51.0,CNG,49.81,22.0,5,1501,18.8
1791111780288,28.543231,77.212266,50.0,CNG,45.29,25.1,5,1473,18.8
1791111781210,28.543243,77.212128,50.0,CNG,38.88,30.6,5,1471,18.8
1791111782983,28.543256,77.211989,51.0,CNG,36.13,29.8,5,1483,53.7
1791111783852,28.543265,77.211849,51.0,CNG,33.61,33.7,5,1514,53.7
1791111784678,28.543277,77.211705,52.0,CNG,30.20,34.1,5,1526,53.7
1791111786461,28.543298,77.211417,53.0,CNG,29.12,34.1,5,1541,59.2
1791111787288,28.543308,77.211272,53.0,CNG,28.13,34.1,5,1561,59.2
1791111788256,28.543318,77.211127,53.0,CNG,28.19,34.1,5,1562,59.2
1791111790151,28.543328,77.210983,53.0,CNG,30.19,34.1,5,1551,48.2
1791111791027,28.543340,77.210840,52.0,CNG,31.33,34.1,5,1516,48.2
1791111791826,28.543351,77.210700,51.0,CNG,32.31,34.1,5,1506,48.2
1791111793693,28.543376,77.210421,51.0,CNG,32.95,34.1,5,1493,49.0
1791111794601,28.543387,77.210284,50.0,CNG,32.66,34.1,5,1468,49.0
1791111795437,28.543400,77.210149,50.0,CNG,29.86,34.1,5,1457,49.0
1791111797173,28.543412,77.210016,49.0,CNG,28.28,34.1,5,1447,64.3
1791111798052,28.543435,77.209750,48.0,CNG,27.75,36.1,5,1422,64.3
1791111798928,28.543435,77.209750,48.0,CNG,26.69,36.1,5,1413,64.3
1791111800681,28.543456,77.209490,48.0,CNG,27.13,35.3,5,1397,63.9
1791111801594,28.543467,77.209361,47.0,CNG,26.28,35.7,5,1379,63.9
1791111802534,28.543477,77.209233,47.0,CNG,28.81,35.7,5,1389,63.9
1791111804385,28.543496,77.208974,47.0,CNG,29.65,35.7,5,1382,30.2
1791111805538,28.543506,77.208844,48.0,CNG,31.92,30.2,5,1399,30.2
1791111806393,28.543517,77.208713,48.0,CNG,34.20,29.8,5,1410,30.2
1791111808276,28.543540,77.208447,48.0,CNG,47.37,27.1,5,1406,39.2
1791111809247,28.543552,77.208311,49.0,CNG,55.32,14.9,5,1448,39.2
1791111810077,28.543552,77.208311,50.0,CNG,35.98,28.6,5,1466,39.2
1791111811729,28.543573,77.208034,51.0,CNG,49.23,14.9,5,1480,20.4
1791111812506,28.543583,77.207894,51.0,CNG,59.53,17.6,5,1503,20.4
1791111813355,28.543594,77.207753,51.0,CNG,50.24,23.5,5,1518,20.4
1791111815332,28.543618,77.207465,52.0,CNG,48.23,14.9,5,1539,20.4
1791111816233,28.543630,77.207324,52.0,CNG,56.72,14.9,5,1546,20.4
1791111817061,28.543630,77.207324,50.0,CNG,62.61,14.9,5,1472,20.4
1791111818863,28.543651,77.207051,49.0,CNG,68.32,14.9,5,1454,19.2
1791111819817,28.543661,77.206914,50.0,CNG,84.03,32.5,,1062,19.2
1791111820588,28.543671,77.206777,50.0,CNG,88.77,14.9,5,1393,19.2
1791111822474,28.543687,77.206519,49.0,CNG,100.26,14.9,,1013,24.7
1791111823353,28.543694,77.206404,41.0,CNG,99.46,14.9,,855,24.7
1791111824161,28.543694,77.206404,40.0,CNG,87.32,14.9,,861,24.7
1791111825893,28.543708,77.206188,40.0,CNG,76.24,14.9,,851,39.2
1791111826741,28.543715,77.206085,37.0,CNG,61.85,26.7,,878,39.2
1791111827745,28.543720,77.205987,36.0,CNG,45.72,14.9,4,1331,39.2
1791111829725,28.543729,77.205797,35.0,CNG,47.19,14.9,4,1164,39.2
1791111830630,28.543736,77.205707,33.0,CNG,37.56,20.4,5,1012,39.2
1791111831424,28.543746,77.205618,33.0,CNG,43.21,21.6,4,1215,39.2
1791111833163,28.543757,77.205531,32.0,CNG,45.21,14.9,4,1194,37.3
1791111833997,28.543768,77.205445,32.0,CNG,42.69,25.1,4,1182,37.3
1791111834835,28.543775,77.205357,32.0,CNG,41.77,25.1,4,1191,37.3
1791111836584,28.543782,77.205180,32.0,CNG,39.89,25.5,4,1200,33.3
1791111837392,28.543784,77.205088,33.0,CNG,38.96,25.5,4,1226,33.3
1791111838434,28.543786,77.204995,34.0,CNG,32.79,25.5,4,1262,33.3
1791111840136,28.543788,77.204901,34.0,CNG,30.86,25.5,4,1261,43.9
1791111840981,28.543792,77.204807,34.0,CNG,29.91,25.5,4,1271,43.9
1791111841857,28.543797,77.204713,34.0,CNG,29.50,25.5,4,1266,43.9
1791111843559,28.543810,77.204522,35.0,CNG,29.69,28.2,4,1280,78.8
1791111844408,28.543818,77.204422,36.0,CNG,21.17,42.4,4,1342,78.8
1791111845433,28.543826,77.204318,38.0,CNG,17.51,51.0,4,1408,78.8
1791111847249,28.543840,77.204096,40.0,CNG,14.75,49.0,4,1478,82.4
1791111848302,28.543850,77.203978,43.0,CNG,15.00,48.2,4,1574,82.4
1791111849359,28.543863,77.203859,44.0,CNG,15.40,47.8,4,1638,82.4
1791111851251,28.543900,77.203617,46.0,CNG,16.84,14.9,4,1684,35.3
1791111852104,28.543900,77.203617,43.0,CNG,20.35,28.2,,1845,35.3
1791111852965,28.543923,77.203505,41.0,CNG,21.63,28.6,2,3213,35.3
1791111854700,28.543977,77.203290,41.0,CNG,21.88,29.8,2,3094,28.6
1791111855520,28.544009,77.203185,40.0,CNG,21.30,31.0,2,3068,28.6
1791111856378,28.544042,77.203082,40.0,CNG,20.84,31.0,2,3067,28.6
1791111858191,28.544114,77.202877,40.0,CNG,20.64,32.2,2,3067,38.0
1791111858966,28.544114,77.202877,40.0,CNG,17.09,31.8,2,3080,38.0
1791111859803,28.544151,77.202774,40.0,CNG,15.93,14.9,2,3071,38.0
1791111861521,28.544227,77.202575,39.0,CNG,17.26,33.3,,2248,58.4
1791111862367,28.544264,77.202476,39.0,CNG,16.91,34.9,3,1992,58.4
1791111863229,28.544302,77.202377,39.0,CNG,16.60,34.9,3,1998,58.4
1791111864989,28.544339,77.202277,40.0,CNG,16.75,34.9,3,2013,58.4
1791111865816,28.544376,77.202176,40.0,CNG,17.68,34.9,3,2070,58.4
1791111866670,28.544414,77.202074,40.0,CNG,18.52,34.1,3,2043,58.4
1791111868641,28.544489,77.201869,40.0,CNG,19.67,33.3,3,2054,40.0
1791111869640,28.544526,77.201765,41.0,CNG,18.97,35.3,3,2060,40.0
1791111870771,28.544566,77.201663,41.0,CNG,22.49,25.1,3,2060,40.0
1791111872381,28.544648,77.201463,40.0,CNG,28.60,23.5,3,2045,29.4
1791111873168,28.544648,77.201463,39.0,CNG,30.77,14.9,3,2013,29.4
1791111874073,28.544686,77.201365,38.0,CNG,36.43,18.8,3,1920,29.4
1791111875739,28.544758,77.201174,37.0,CNG,34.24,22.7,3,1904,32.5
1791111876619,28.544794,77.201078,38.0,CNG,32.23,23.9,3,1923,32.5
1791111877630,28.544830,77.200981,39.0,CNG,27.37,27.5,3,1955,32.5
1791111879389,28.544901,77.200776,40.0,CNG,32.68,14.9,3,2014,19.2
1791111880241,28.544935,77.200669,41.0,CNG,30.13,32.9,5,1101,19.2
1791111881178,28.544967,77.200559,42.0,CNG,35.79,14.9,,2532,19.2
1791111882883,28.544999,77.200446,43.0,CNG,35.50,27.5,4,1514,21.6
1791111883898,28.545031,77.200332,44.0,CNG,44.38,14.9,4,1648,21.6
1791111884721,28.545062,77.200214,44.0,CNG,51.58,14.9,4,1640,21.6
1791111886447,28.545121,77.199981,44.0,CNG,57.33,14.9,4,1640,30.2
1791111887290,28.545151,77.199862,45.0,CNG,51.90,18.4,4,1643,30.2
1791111888436,28.545179,77.199741,45.0,CNG,57.76,20.4,4,1656,30.2
1791111890163,28.545207,77.199620,46.0,CNG,62.46,14.9,4,1684,24.7
1791111891011,28.545235,77.199499,46.0,CNG,65.50,24.7,4,1701,24.7
1791111891870,28.545263,77.199375,47.0,CNG,57.34,20.0,4,1706,24.7
1791111893569,28.545324,77.199125,47.0,CNG,56.29,22.7,4,1755,24.7
1791111894431,28.545355,77.198997,48.0,CNG,60.99,22.4,4,1771,24.7
1791111895331,28.545387,77.198868,49.0,CNG,62.80,23.1,4,1805,24.7
1791111896993,28.545419,77.198737,49.0,CNG,60.86,24.3,4,1819,18.8
1791111897865,28.545448,77.198606,49.0,CNG,63.64,20.4,4,1829,18.8
1791111898703,28.545476,77.198475,49.0,CNG,65.23,16.9,4,1798,18.8
1791111900563,28.545531,77.198218,48.0,CNG,66.44,22.4,4,1774,31.0
1791111901430,28.545560,77.198093,47.0,CNG,66.24,14.9,4,1744,31.0
1791111902252,28.545589,77.197972,46.0,CNG,55.77,17.6,4,1723,31.0
1791111904062,28.545618,77.197853,45.0,CNG,60.02,14.9,4,1689,18.8
1791111904922,28.545651,77.197737,42.0,CNG,62.97,14.9,4,1578,18.8
1791111905798,28.545679,77.197629,40.0,CNG,65.35,28.6,4,1486,18.8
1791111907583,28.545730,77.197419,39.0,CNG,49.38,28.2,4,1448,35.3
1791111908434,28.545755,77.197312,40.0,CNG,54.99,14.9,4,1473,35.3
1791111909406,28.545781,77.197207,39.0,CNG,41.17,22.0,4,1443,35.3
1791111911111,28.545804,77.197106,39.0,CNG,49.07,27.1,4,1382,32.5
1791111912018,28.545829,77.197004,39.0,CNG,57.44,14.9,4,1410,32.5
1791111912838,28.545853,77.196906,38.0,CNG,26.84,33.3,4,1416,32.5
1791111914557,28.545901,77.196695,39.0,CNG,25.61,27.8,4,1435,45.1
1791111915380,28.545925,77.196594,39.0,CNG,27.45,25.1,4,1443,45.1
1791111916234,28.545948,77.196491,39.0,CNG,28.36,29.0,4,1443,45.1
1791111917950,28.545972,77.196388,39.0,CNG,26.90,26.7,4,1451,46.7
1791111918794,28.545997,77.196283,40.0,CNG,27.12,27.5,4,1476,46.7
1791111919649,28.546023,77.196178,40.0,CNG,26.34,28.6,4,1476,46.7
1791111921373,28.546082,77.195967,40.0,CNG,26.17,14.9,4,1497,20.8
1791111922217,28.546110,77.195869,39.0,CNG,34.67,14.9,4,1398,20.8
1791111923141,28.546110,77.195869,36.0,CNG,42.78,29.4,4,1350,20.8
1791111924786,28.546166,77.195680,36.0,CNG,37.48,27.5,4,1331,47.8
1791111925658,28.546194,77.195585,37.0,CNG,33.19,25.9,4,1398,47.8
1791111926496,28.546224,77.195483,37.0,CNG,31.44,28.2,4,1396,47.8
1791111928450,28.546281,77.195284,38.0,CNG,28.13,29.4,4,1390,52.5
1791111929516,28.546312,77.195182,39.0,CNG,26.26,29.0,4,1431,52.5
1791111930382,28.546343,77.195080,39.0,CNG,25.15,30.2,4,1452,52.5
1791111932044,28.546375,77.194976,40.0,CNG,24.89,29.8,4,1475,53.7
1791111932916,28.546408,77.194872,41.0,CNG,24.69,30.2,4,1513,53.7
1791111933886,28.546440,77.194766,42.0,CNG,26.00,31.4,4,1530,53.7
1791111935723,28.546507,77.194546,42.0,CNG,27.19,31.0,4,1575,20.4
1791111936550,28.546543,77.194436,42.0,CNG,27.48,32.5,4,1394,20.4
1791111937492,28.546576,77.194321,43.0,CNG,28.93,30.6,5,1269,20.4
1791111939149,28.546609,77.194208,44.0,CNG,33.67,14.9,5,1284,43.1
1791111940049,28.546645,77.194093,44.0,CNG,41.26,14.9,5,1278,43.1
1791111940870,28.546678,77.193979,43.0,CNG,49.06,14.9,5,1261,43.1
1791111942739,28.546746,77.193762,42.0,CNG,33.06,27.8,5,1243,49.8
1791111943739,28.546781,77.193653,42.0,CNG,31.61,27.8,5,1252,49.8
1791111944703,28.546812,77.193542,42.0,CNG,31.89,27.5,5,1247,49.8
1791111946309,28.546879,77.193318,43.0,CNG,31.56,27.8,5,1251,49.8
1791111947254,28.546914,77.193207,43.0,CNG,31.42,27.5,5,1260,49.8
1791111948392,28.546948,77.193095,43.0,CNG,34.69,26.7,5,1263,49.8
1791111950158,28.546981,77.192983,43.0,CNG,42.21,23.1,5,1266,27.5
1791111951000,28.547016,77.192870,43.0,CNG,54.01,14.9,5,1244,27.5
1791111951871,28.547049,77.192761,42.0,CNG,49.80,24.3,5,1258,27.5
1791111953551,28.547122,77.192546,42.0,CNG,52.04,14.9,5,1234,36.1
1791111954458,28.547155,77.192440,41.0,CNG,48.28,20.4,5,1178,36.1
1791111955246,28.547189,77.192337,40.0,CNG,50.79,19.6,5,1184,36.1
1791111957965,28.547252,77.192133,40.0,CNG,51.30,27.8,5,1169,49.8
1791111959218,28.547318,77.191932,39.0,CNG,40.23,27.5,5,1134,49.8
1791111960534,28.547354,77.191832,39.0,CNG,35.85,29.4,5,1146,49.8
1791111963065,28.547428,77.191631,39.0,CNG,32.65,28.6,5,1163,53.7
1791111964378,28.547510,77.191427,40.0,CNG,33.16,29.0,5,1189,53.7
1791111965526,28.547551,77.191326,41.0,CNG,30.37,36.9,5,1193,53.7
1791111967404,28.547636,77.191114,42.0,CNG,29.01,36.9,5,1225,32.9
1791111968819,28.547678,77.191005,43.0,CNG,31.59,25.1,5,1273,32.9
1791111969816,28.547721,77.190896,43.0,CNG,41.67,14.9,5,1271,32.9
1791111971374,28.547807,77.190680,43.0,CNG,49.92,14.9,5,1251,36.9
1791111972266,28.547848,77.190573,42.0,CNG,55.72,26.7,5,1209,36.9
1791111973107,28.547848,77.190573,42.0,CNG,42.48,14.9,5,1298,36.9
1791111974794,28.547928,77.190362,42.0,CNG,32.72,26.7,5,1243,49.0
1791111975585,28.547967,77.190257,42.0,CNG,40.93,25.5,5,1207,49.0
1791111976576,28.548007,77.190151,41.0,CNG,38.76,35.3,5,1163,49.0
1791111978456,28.548095,77.189941,43.0,CNG,32.53,38.8,5,1251,58.8
1791111979508,28.548141,77.189832,44.0,CNG,29.91,30.2,5,1287,58.8
1791111980353,28.548185,77.189721,44.0,CNG,42.08,14.9,5,1221,58.8
1791111982207,28.548270,77.189499,44.0,CNG,38.72,34.1,,996,58.0
1791111983050,28.548270,77.189499,45.0,CNG,29.23,34.1,4,1670,58.0
1791111983927,28.548315,77.189385,45.0,CNG,26.18,34.5,4,1687,58.0
1791111985623,28.548406,77.189153,46.0,CNG,24.93,34.5,4,1699,58.0
1791111986491,28.548454,77.189035,47.0,CNG,22.54,38.0,4,1749,58.0
1791111987625,28.548503,77.188915,48.0,CNG,20.66,39.2,4,1784,58.0
1791111989942,28.548601,77.188668,49.0,CNG,20.04,38.8,4,1820,67.5
1791111991091,28.548703,77.188410,51.0,CNG,19.12,39.2,4,1904,67.5
1791111992229,28.548755,77.188276,53.0,CNG,17.94,53.7,4,1959,67.5
1791111994042,28.548864,77.187993,55.0,CNG,15.62,55.3,4,2050,83.5
1791111995174,28.548920,77.187847,58.0,CNG,23.25,36.1,4,2196,83.5
1791111996174,28.548976,77.187701,58.0,CNG,24.25,42.0,5,1707,83.5
1791111998106,28.549092,77.187404,59.0,CNG,24.71,40.8,5,1718,60.0
1791111999020,28.549092,77.187404,60.0,CNG,24.06,40.8,5,1757,60.0
1791111999857,28.549152,77.187255,60.0,CNG,23.04,41.6,5,1752,60.0
1791112001872,28.549268,77.186955,60.0,CNG,22.41,41.6,5,1753,71.8
1791112002902,28.549327,77.186807,59.0,CNG,22.30,41.2,5,1725,71.8
1791112003866,28.549384,77.186660,58.0,CNG,21.83,42.0,5,1712,71.8
1791112005593,28.549496,77.186369,58.0,CNG,21.73,43.5,5,1705,68.6
1791112006588,28.549550,77.186224,57.0,CNG,22.19,43.5,5,1676,68.6
1791112007501,28.549605,77.186081,57.0,CNG,22.99,43.5,5,1668,68.6
1791112009972,28.549715,77.185798,56.0,CNG,23.02,43.1,5,1663,65.9
1791112011021,28.549826,77.185520,55.0,CNG,23.28,42.7,5,1634,65.9
1791112012003,28.549826,77.185520,55.0,CNG,22.49,42.7,5,1625,65.9
1791112013772,28.549936,77.185247,55.0,CNG,20.84,43.1,5,1616,82.0
1791112014884,28.549990,77.185111,54.0,CNG,19.45,45.9,5,1600,82.0
1791112015897,28.550046,77.184976,54.0,CNG,18.77,51.0,5,1602,82.0
1791112017779,28.550165,77.184710,54.0,CNG,26.66,14.9,5,1646,85.1
1791112018672,28.550227,77.184581,54.0,CNG,11.32,65.5,3,2686,85.1
1791112019687,28.550295,77.184447,57.0,CNG,8.79,61.6,3,2878,85.1
1791112021673,28.550446,77.184166,60.0,CNG,12.95,59.2,3,3028,80.4
1791112022674,28.550532,77.184018,66.0,CNG,13.20,40.8,3,3334,80.4
1791112023815,28.550623,77.183865,67.0,CNG,14.29,47.8,,2893,80.4
1791112025940,28.550817,77.183559,68.0,CNG,15.81,53.7,4,2533,78.4
1791112027125,28.550920,77.183402,71.0,CNG,23.05,33.7,4,2737,78.4
1791112028003,28.551023,77.183245,71.0,CNG,25.71,,5,2079,78.4
1791112029802,28.551229,77.182927,72.0,CNG,30.49,32.5,5,2103,54.9
1791112030624,28.551331,77.182768,72.0,CNG,29.25,34.1,5,2117,54.9
1791112031567,28.551435,77.182608,72.0,CNG,29.27,34.1,5,2113,54.9
1791112033381,28.551650,77.182296,72.0,CNG,28.88,32.9,5,2115,52.2
1791112034227,28.551757,77.182138,73.0,CNG,29.51,32.9,5,2130,52.2
1791112035096,28.551757,77.182138,72.0,CNG,30.31,32.9,5,2124,52.2
1791112036810,28.551966,77.181818,72.0,CNG,32.82,32.9,5,2124,40.8
1791112037673,28.552072,77.181658,73.0,CNG,36.26,32.5,5,2134,40.8
1791112038510,28.552177,77.181496,73.0,CNG,38.07,32.5,5,2148,40.8
1791112040204,28.552392,77.181169,74.0,CNG,39.41,31.8,5,2162,35.7
1791112041153,28.552392,77.181169,75.0,CNG,50.94,14.9,5,2200,35.7
1791112041946,28.552501,77.181004,75.0,CNG,59.86,14.9,5,2201,35.7
1791112043643,28.552714,77.180681,74.0,CNG,69.89,14.9,5,2153,18.0
1791112044500,28.552814,77.180528,68.0,CNG,81.50,14.9,,943,18.0
1791112045351,28.552911,77.180375,68.0,CNG,90.84,14.9,,848,18.0
1791112046953,28.553004,77.180231,66.0,CNG,93.35,14.9,,855,41.6
1791112047742,28.553084,77.180103,55.0,CNG,86.62,14.9,,861,41.6
1791112048973,28.553157,77.179975,55.0,CNG,84.61,14.9,,840,41.6
1791112050646,28.553301,77.179728,54.0,CNG,82.40,14.9,,854,40.4
1791112051499,28.553366,77.179624,45.0,CNG,74.38,14.9,,865,40.4
1791112052456,28.553429,77.179535,42.0,CNG,67.37,14.9,,873,40.4
1791112054178,28.553509,77.179404,31.0,CNG,57.10,14.9,5,874,40.4
1791112055002,28.553509,77.179404,22.0,CNG,46.58,14.9,4,877,40.4
1791112055858,28.553537,77.179350,19.0,CNG,38.28,14.9,3,874,40.4
1791112057578,28.553585,77.179266,18.0,CNG,33.13,14.9,3,874,39.6
1791112058393,28.553607,77.179225,17.0,CNG,29.97,31.8,3,865,39.6
1791112059305,28.553629,77.179183,17.0,CNG,17.05,34.5,2,1351,39.6
1791112061172,28.553657,77.179140,19.0,CNG,14.46,14.9,2,1429,29.0
1791112062018,28.553686,77.179104,17.0,CNG,17.06,14.9,,1052,29.0
1791112062884,28.553711,77.179070,14.0,CNG,17.81,14.9,,908,29.0
1791112064590,28.553739,77.179030,11.0,CNG,16.30,14.9,2,863,43.9
1791112065425,28.553743,77.179024,2.0,CNG,11.82,14.9,,863,43.9
1791112066422,28.553744,77.179023,1.0,CNG,7.72,14.9,,855,43.9
1791112068213,28.553747,77.179017,0.0,CNG,3.34,30.2,0,1121,47.1
1791112069317,28.553752,77.179009,3.0,CNG,4.41,32.9,,1020,47.1
1791112070276,28.553759,77.178998,4.0,CNG,3.83,29.4,,1152,47.1
1791112072017,28.553769,77.178985,7.0,CNG,7.07,14.9,,751,22.7
1791112072823,28.553777,77.178972,5.0,CNG,7.61,14.9,,908,22.7
1791112073696,28.553785,77.178961,5.0,CNG,7.72,14.9,,862,22.7
1791112075392,28.553794,77.178948,4.0,CNG,6.96,14.9,,849,40.8
1791112076271,28.553794,77.178948,1.0,CNG,4.43,14.9,,857,40.8
1791112077117,28.553794,77.178948,0.0,CNG,,14.9,0,856,40.8
1791112078941,28.553795,77.178947,0.0,CNG,,14.9,0,827,52.2
1791112079792,28.553797,77.178943,2.0,CNG,,14.9,,806,52.2
1791112080711,28.553801,77.178937,3.0,CNG,,14.9,,762,52.2
1791112082357,28.553806,77.178931,2.0,CNG,,14.9,,872,43.1
1791112083251,28.553806,77.178931,0.0,CNG,,14.9,0,870,43.1
1791112084097,28.553806,77.178931,0.0,CNG,,14.9,0,856,43.1
1791112085806,28.553806,77.178931,0.0,CNG,,14.9,0,861,42.4
1791112086805,28.553806,77.178931,0.0,CNG,,14.9,0,795,42.4
1791112087751,28.553808,77.178929,1.0,CNG,,14.9,,890,42.4
1791112089613,28.553815,77.178918,2.0,CNG,,14.9,,806,43.1
1791112090493,28.553820,77.178911,3.0,CNG,,14.9,,870,43.1
1791112091413,28.553823,77.178907,2.0,CNG,,14.9,,866,43.1
1791112093221,28.553833,77.178892,2.0,CNG,,14.9,,794,51.8
1791112094192,28.553841,77.178881,5.0,CNG,3.98,14.9,,796,51.8
1791112095117,28.553841,77.178881,5.0,CNG,4.99,14.9,,875,51.8
1791112096868,28.553852,77.178866,3.0,CNG,4.56,14.9,,890,42.0
1791112097750,28.553858,77.178859,4.0,CNG,4.79,14.9,,745,42.0
1791112098641,28.553865,77.178850,5.0,CNG,5.35,14.9,,808,42.0
1791112100343,28.553880,77.178834,6.0,CNG,10.41,14.9,1,846,42.0
1791112101216,28.553883,77.178830,2.0,CNG,6.43,14.9,,879,42.0
1791112102042,28.553883,77.178830,1.0,CNG,,14.9,,889,42.0
1791112103750,28.553885,77.178828,0.0,CNG,,14.9,0,890,45.1
1791112104757,28.553888,77.178825,2.0,CNG,,14.9,,822,45.1
1791112105645,28.553893,77.178819,3.0,CNG,,14.9,,805,45.1
1791112107361,28.553909,77.178798,5.0,CNG,4.53,14.9,,781,43.1
1791112108348,28.553919,77.178786,6.0,CNG,5.98,14.9,1,842,43.1
1791112109270,28.553929,77.178775,6.0,CNG,6.75,14.9,1,850,43.1
1791112110989,28.553938,77.178763,6.0,CNG,7.12,14.9,1,866,40.4
1791112111923,28.553948,77.178750,7.0,CNG,9.40,14.9,,538,40.4
1791112112736,28.553961,77.178735,8.0,CNG,12.90,14.9,,601,40.4
1791112114440,28.553990,77.178697,9.0,CNG,11.67,22.4,,643,47.8
1791112115304,28.554007,77.178674,11.0,CNG,11.76,21.6,2,835,47.8
1791112116151,28.554007,77.178674,11.0,CNG,13.67,14.9,2,872,47.8
1791112117921,28.554041,77.178625,11.0,CNG,14.52,14.9,2,871,43.9
1791112118726,28.554057,77.178600,11.0,CNG,8.69,26.7,2,847,43.9
1791112119450,28.554075,77.178574,12.0,CNG,10.79,14.9,2,895,43.9
1791112121221,28.554107,77.178523,12.0,CNG,11.48,25.9,2,904,52.5
1791112121983,28.554107,77.178523,12.0,CNG,13.04,14.9,2,914,52.5
1791112122838,28.554123,77.178498,11.0,CNG,13.54,14.9,2,873,52.5
1791112124546,28.554156,77.178452,11.0,CNG,13.91,14.9,2,853,54.5
1791112125494,28.554173,77.178427,11.0,CNG,13.96,14.9,2,862,54.5
1791112126272,28.554189,77.178405,10.0,CNG,13.50,14.9,,867,54.5
1791112128081,28.554202,77.178385,9.0,CNG,12.96,14.9,,874,56.1
1791112129131,28.554217,77.178364,10.0,CNG,12.39,14.9,,869,56.1
1791112129989,28.554229,77.178346,8.0,CNG,11.99,14.9,,880,56.1
1791112131688,28.554255,77.178309,8.0,CNG,12.70,14.9,,663,41.2
1791112132552,28.554269,77.178290,9.0,CNG,15.09,14.9,,926,41.2
1791112133405,28.554280,77.178274,7.0,CNG,13.77,14.9,1,901,41.2
1791112134978,28.554292,77.178256,8.0,CNG,15.79,14.9,,577,36.1
1791112135852,28.554305,77.178237,9.0,CNG,15.66,14.9,,691,36.1
1791112136663,28.554318,77.178217,9.0,CNG,17.21,14.9,,879,36.1
1791112138408,28.554345,77.178180,8.0,CNG,9.46,26.7,,905,72.5
1791112139264,28.554362,77.178157,11.0,CNG,9.44,27.5,2,798,72.5
1791112140043,28.554362,77.178157,12.0,CNG,8.77,27.1,2,927,72.5
1791112141757,28.554405,77.178099,14.0,CNG,9.64,31.8,2,1028,66.7
1791112142499,28.554430,77.178063,17.0,CNG,9.29,32.9,2,1303,66.7
1791112143414,28.554457,77.178022,19.0,CNG,9.65,31.0,2,1436,66.7
1791112145112,28.554486,77.177977,20.0,CNG,14.40,14.9,2,1427,53.7
1791112145931,28.554514,77.177933,21.0,CNG,14.38,27.8,3,1062,53.7
1791112147085,28.554543,77.177884,22.0,CNG,14.85,26.3,3,1107,53.7
1791112149263,28.554636,77.177731,22.0,CNG,15.44,24.7,3,1129,60.8
1791112150078,28.554636,77.177731,24.0,CNG,15.44,29.4,3,1204,60.8
1791112150943,28.554673,77.177678,25.0,CNG,16.03,29.8,3,1258,60.8
1791112152767,28.554754,77.177566,26.0,CNG,16.10,29.8,3,1296,47.8
1791112153554,28.554796,77.177508,28.0,CNG,17.51,29.8,3,1409,47.8
1791112154468,28.554838,77.177446,29.0,CNG,18.59,29.8,3,1440,47.8
1791112156283,28.554924,77.177314,30.0,CNG,19.36,29.8,3,1487,46.3
1791112157213,28.554969,77.177245,31.0,CNG,18.46,32.5,3,1578,46.3
1791112158034,28.554969,77.177245,32.0,CNG,17.54,32.5,3,1630,46.3
1791112159913,28.555065,77.177100,33.0,CNG,17.23,14.9,3,1680,52.2
1791112160849,28.555112,77.177026,34.0,CNG,18.56,34.1,4,1256,52.2
1791112161625,28.555161,77.176949,35.0,CNG,18.68,35.7,4,1285,52.2
1791112163624,28.555259,77.176785,36.0,CNG,19.47,36.1,4,1318,67.5
1791112164607,28.555310,77.176699,38.0,CNG,20.72,35.7,4,1395,67.5
1791112165520,28.555363,77.176611,39.0,CNG,21.87,35.7,4,1434,67.5
1791112167414,28.555474,77.176435,40.0,CNG,22.91,14.9,4,1473,87.1
1791112168463,28.555533,77.176339,42.0,CNG,14.44,65.9,3,2122,87.1
1791112169567,28.555599,77.176237,47.0,CNG,10.79,60.0,3,2338,87.1
1791112171466,28.555743,77.176012,51.0,CNG,11.67,53.3,3,2544,22.4
1791112172421,28.555818,77.175897,52.0,CNG,13.71,43.5,5,1568,22.4
1791112173308,28.555895,77.175781,53.0,CNG,16.23,42.7,5,1551,22.4
1791112175299,28.556048,77.175537,54.0,CNG,17.89,42.0,5,1587,76.5
1791112176298,28.556129,77.175412,56.0,CNG,19.00,40.8,5,1651,76.5
1791112177134,28.556210,77.175288,56.0,CNG,26.80,38.4,5,1659,76.5
1791112179142,28.556375,77.175046,56.0,CNG,24.92,38.0,5,1627,70.2
1791112180213,28.556459,77.174929,55.0,CNG,25.86,37.6,5,1620,70.2
1791112181193,28.556543,77.174814,55.0,CNG,28.80,14.9,5,1604,70.2
1791112182995,28.556626,77.174705,53.0,CNG,47.29,34.5,5,1576,47.5
1791112183857,28.556707,77.174597,51.0,CNG,41.35,33.3,5,1501,47.5
1791112184805,28.556787,77.174492,50.0,CNG,38.05,34.1,5,1475,47.5
1791112186446,28.556943,77.174287,50.0,CNG,35.80,34.1,5,1467,59.2
1791112187305,28.557019,77.174186,48.0,CNG,28.36,36.9,5,1421,59.2
1791112188321,28.557094,77.174084,48.0,CNG,26.44,36.5,5,1418,59.2
1791112190185,28.557242,77.173881,48.0,CNG,26.10,36.5,5,1409,61.2
1791112191156,28.557242,77.173881,48.0,CNG,25.04,35.3,5,1399,61.2
1791112191989,28.557315,77.173780,48.0,CNG,26.48,14.9,5,1399,61.2
1791112193853,28.557460,77.173578,47.0,CNG,24.34,31.8,5,1298,49.0
1791112194661,28.557534,77.173477,47.0,CNG,25.85,34.1,4,1765,49.0
1791112195576,28.557609,77.173376,48.0,CNG,20.49,58.8,4,1788,49.0
1791112197450,28.557767,77.173160,50.0,CNG,18.87,52.9,4,1870,83.9
1791112198530,28.557851,77.173045,54.0,CNG,18.24,50.6,4,2016,83.9
1791112199586,28.557939,77.172927,57.0,CNG,17.28,48.6,4,2098,83.9
1791112201388,28.558118,77.172686,57.0,CNG,25.68,35.7,4,2168,70.6
1791112202481,28.558207,77.172565,58.0,CNG,25.38,36.5,5,1696,70.6
1791112203513,28.558298,77.172443,58.0,CNG,25.14,36.9,5,1706,70.6
1791112205480,28.558486,77.172201,58.0,CNG,25.04,14.9,5,1717,62.4
1791112206357,28.558581,77.172082,59.0,CNG,26.38,33.7,5,1727,62.4
1791112207192,28.558678,77.171964,59.0,CNG,27.08,33.7,5,1726,62.4
1791112209358,28.558878,77.171730,59.0,CNG,27.68,33.3,5,1730,42.0
1791112210228,28.558980,77.171615,59.0,CNG,30.83,32.5,5,1745,42.0
1791112211054,28.558980,77.171615,60.0,CNG,33.91,32.2,5,1742,42.0
1791112212809,28.559187,77.171388,59.0,CNG,36.52,30.6,5,1743,41.6
1791112213668,28.559290,77.171274,60.0,CNG,38.56,30.6,5,1750,41.6
1791112214437,28.559393,77.171158,60.0,CNG,38.68,31.4,5,1754,41.6
1791112216228,28.559599,77.170929,60.0,CNG,39.35,14.9,5,1761,19.2
1791112217006,28.559599,77.170929,59.0,CNG,39.11,31.0,5,1730,19.2
1791112217922,28.559700,77.170813,59.0,CNG,34.93,31.0,5,1726,19.2
1791112219676,28.559896,77.170577,59.0,CNG,31.76,29.0,5,1747,37.3
1791112220479,28.559994,77.170461,58.0,CNG,35.42,23.5,5,1720,37.3
1791112221298,28.560093,77.170349,58.0,CNG,47.25,14.9,5,1703,37.3
1791112223094,28.560188,77.170245,56.0,CNG,57.23,14.9,5,1648,22.4
1791112224062,28.560272,77.170153,44.0,CNG,59.46,14.9,5,1303,22.4
1791112225043,28.560348,77.170071,41.0,CNG,69.62,14.9,5,1176,22.4
1791112226777,28.560470,77.169935,35.0,CNG,69.52,14.9,4,1263,18.4
1791112227615,28.560523,77.169876,30.0,CNG,29.66,39.2,3,1419,18.4
1791112228890,28.560577,77.169813,33.0,CNG,21.44,38.8,3,1624,18.4
1791112230870,28.560686,77.169670,35.0,CNG,28.91,38.4,3,1759,67.8
1791112231925,28.560742,77.169593,37.0,CNG,18.01,43.9,3,1861,67.8
1791112232883,28.560804,77.169516,40.0,CNG,15.22,48.2,3,1995,67.8
1791112234558,28.560947,77.169364,41.0,CNG,20.01,14.9,3,2084,80.0
1791112235493,28.561023,77.169290,41.0,CNG,17.23,39.6,4,1546,80.0
1791112236460,28.561101,77.169217,42.0,CNG,15.66,42.0,4,1561,80.0
1791112238172,28.561262,77.169073,42.0,CNG,16.14,38.4,4,1579,71.4
1791112239144,28.561262,77.169073,43.0,CNG,17.19,14.9,4,1576,71.4
1791112240058,28.561427,77.168932,42.0,CNG,18.39,37.3,4,1518,71.4
1791112241812,28.561511,77.168861,43.0,CNG,18.89,38.8,4,1586,62.0
1791112242908,28.561597,77.168787,46.0,CNG,19.95,38.8,4,1693,62.0
1791112244147,28.561687,77.168710,47.0,CNG,27.13,33.3,4,1745,62.0
1791112246044,28.561868,77.168549,47.0,CNG,27.57,29.4,4,1756,27.1
1791112246818,28.561960,77.168468,48.0,CNG,25.88,32.5,,1137,27.1
1791112247693,28.562051,77.168389,48.0,CNG,29.03,26.7,5,1382,27.1
1791112249826,28.562243,77.168240,48.0,CNG,30.58,26.3,5,1399,47.5
1791112250709,28.562343,77.168172,48.0,CNG,29.99,31.0,5,1413,47.5
1791112251516,28.562446,77.168108,48.0,CNG,28.82,31.4,5,1420,47.5
1791112253160,28.562551,77.168047,49.0,CNG,28.37,31.8,5,1443,61.6
1791112253960,28.562659,77.167989,50.0,CNG,28.42,34.1,5,1459,61.6
1791112254846,28.562769,77.167932,50.0,CNG,29.31,33.7,5,1471,61.6
1791112256529,28.562995,77.167814,51.0,CNG,31.33,33.7,5,1489,50.2
1791112257412,28.563108,77.167754,52.0,CNG,32.40,14.9,5,1522,50.2
1791112258235,28.563224,77.167693,52.0,CNG,31.20,34.9,5,1540,50.2
1791112260133,28.563341,77.167633,52.0,CNG,31.04,34.9,5,1542,52.9
1791112261053,28.563460,77.167573,54.0,CNG,29.49,34.9,5,1586,52.9
1791112262017,28.563581,77.167514,55.0,CNG,26.13,34.9,5,1595,52.9
1791112263786,28.563826,77.167388,55.0,CNG,26.82,34.9,5,1624,62.0
1791112264671,28.563950,77.167323,56.0,CNG,26.72,33.7,5,1636,62.0
1791112265628,28.564074,77.167257,57.0,CNG,28.13,33.7,5,1668,62.0
1791112267276,28.564328,77.167127,57.0,CNG,28.05,34.1,5,1681,59.2
1791112268225,28.564458,77.167062,58.0,CNG,28.89,33.7,5,1707,59.2
1791112269356,28.564590,77.167000,59.0,CNG,28.41,33.7,5,1723,59.2
1791112271412,28.564860,77.166888,59.0,CNG,29.00,32.9,5,1729,51.4
1791112272217,28.564998,77.166834,60.0,CNG,31.33,34.5,5,1758,51.4
1791112273051,28.564998,77.166834,60.0,CNG,32.67,32.9,5,1766,51.4
1791112275406,28.565412,77.166656,60.0,CNG,34.03,33.3,5,1778,51.4
1791112276653,28.565549,77.166588,62.0,CNG,33.77,34.9,5,1805,51.4
1791112277961,28.565685,77.166513,63.0,CNG,31.33,14.9,5,1841,51.4
1791112280715,28.566082,77.166263,62.0,CNG,30.75,33.3,5,1836,56.1
1791112282043,28.566212,77.166171,63.0,CNG,29.13,33.3,5,1854,56.1
1791112283294,28.566472,77.165986,63.0,CNG,29.04,32.9,5,1870,56.1
1791112285043,28.566601,77.165893,63.0,CNG,31.18,33.3,5,1859,46.3
1791112285831,28.566732,77.165799,64.0,CNG,33.16,32.9,5,1877,46.3
1791112286711,28.566862,77.165704,64.0,CNG,34.15,32.9,5,1881,46.3
1791112288465,28.567125,77.165515,64.0,CNG,34.38,32.9,5,1879,47.1
1791112289469,28.567257,77.165420,64.0,CNG,35.09,32.9,5,1901,47.1
1791112290417,28.567390,77.165326,65.0,CNG,32.75,32.9,5,1904,47.1
1791112292210,28.567654,77.165132,65.0,CNG,29.46,32.9,5,1889,55.7
1791112292991,28.567654,77.165132,65.0,CNG,40.91,28.2,5,1902,55.7
1791112293861,28.567785,77.165034,64.0,CNG,39.01,28.2,5,1944,55.7
1791112295924,28.568043,77.164839,65.0,CNG,37.92,28.6,5,1883,46.7
1791112296711,28.568174,77.164744,64.0,CNG,37.36,28.6,5,1876,46.7
1791112297557,28.568304,77.164650,64.0,CNG,36.78,28.6,5,1867,46.7
1791112299327,28.568563,77.164461,63.0,CNG,36.65,28.6,5,1864,36.5
1791112300134,28.568563,77.164461,63.0,CNG,39.53,28.6,5,1856,36.5
1791112301002,28.568692,77.164367,63.0,CNG,41.72,28.6,5,1852,36.5
1791112302691,28.568949,77.164177,63.0,CNG,43.20,28.6,5,1852,35.7
1791112303571,28.569077,77.164081,63.0,CNG,43.21,29.0,5,1851,35.7
1791112304405,28.569205,77.163985,63.0,CNG,43.41,29.0,5,1858,35.7
1791112306256,28.569458,77.163789,63.0,CNG,40.34,29.0,5,1855,52.2
1791112307236,28.569585,77.163693,64.0,CNG,38.69,29.0,5,1855,52.2
1791112308264,28.569714,77.163598,63.0,CNG,38.20,29.4,5,1856,52.2
1791112310276,28.569974,77.163414,63.0,CNG,37.14,29.4,5,1858,47.8
1791112311096,28.569974,77.163414,63.0,CNG,36.80,28.6,5,1856,47.8
1791112312105,28.570105,77.163323,63.0,CNG,39.99,29.0,5,1856,47.8
1791112313856,28.570363,77.163135,63.0,CNG,41.95,29.4,5,1857,38.4
1791112314668,28.570491,77.163038,63.0,CNG,43.07,29.0,5,1865,38.4
1791112315544,28.570617,77.162939,63.0,CNG,43.86,27.8,5,1863,38.4
1791112317077,28.570744,77.162839,64.0,CNG,44.54,28.6,5,1862,34.9
1791112317910,28.570871,77.162743,63.0,CNG,55.67,14.9,5,1848,34.9
1791112318809,28.570999,77.162651,62.0,CNG,45.99,28.2,5,1836,34.9
1791112320486,28.571255,77.162470,62.0,CNG,38.74,28.6,5,1817,45.9
1791112321355,28.571382,77.162379,63.0,CNG,37.77,28.6,5,1819,45.9
1791112322277,28.571508,77.162287,62.0,CNG,36.54,29.0,5,1813,45.9
1791112323920,28.571635,77.162194,62.0,CNG,36.03,29.0,5,1811,46.7
1791112324798,28.571763,77.162103,62.0,CNG,46.00,14.9,5,1828,46.7
1791112325600,28.571891,77.162015,61.0,CNG,41.08,23.5,5,1804,46.7
1791112327423,28.572145,77.161851,61.0,CNG,52.01,14.9,5,1773,19.2
1791112328490,28.572267,77.161774,57.0,CNG,59.84,31.8,5,1681,19.2
1791112329455,28.572390,77.161699,57.0,CNG,48.41,31.0,5,1678,19.2
1791112331150,28.572512,77.161623,58.0,CNG,43.43,31.4,5,1701,19.2
1791112332078,28.572633,77.161544,58.0,CNG,54.23,27.5,5,1692,19.2
1791112333046,28.572752,77.161464,57.0,CNG,46.97,26.7,5,1678,19.2
1791112334773,28.572986,77.161304,57.0,CNG,41.49,25.5,5,1655,40.8
1791112335618,28.573101,77.161223,55.0,CNG,41.82,24.3,5,1625,40.8
1791112336506,28.573215,77.161143,55.0,CNG,43.36,23.5,5,1609,40.8
1791112338192,28.573437,77.160987,54.0,CNG,44.29,23.5,5,1594,36.5
1791112339097,28.573437,77.160987,53.0,CNG,43.33,24.7,5,1549,36.5
1791112339889,28.573547,77.160911,52.0,CNG,45.44,29.8,5,1540,36.5
1791112341600,28.573762,77.160761,52.0,CNG,43.36,29.4,5,1545,40.0
1791112342450,28.573869,77.160687,52.0,CNG,44.56,25.9,5,1519,40.0
1791112343298,28.573976,77.160614,51.0,CNG,45.90,25.9,5,1512,40.0
1791112345043,28.574081,77.160540,51.0,CNG,46.89,26.3,5,1508,21.2
1791112345877,28.574182,77.160472,46.0,CNG,56.36,36.5,5,1393,21.2
1791112346872,28.574279,77.160403,46.0,CNG,34.77,36.1,5,1325,21.2
1791112348866,28.574467,77.160265,46.0,CNG,30.33,32.9,5,1380,67.8
1791112349735,28.574561,77.160195,47.0,CNG,27.49,37.6,5,1374,67.8
1791112350768,28.574655,77.160122,47.0,CNG,27.94,14.9,5,1379,67.8
1791112352517,28.574834,77.159969,46.0,CNG,23.50,35.3,,1182,64.7
1791112353489,28.574920,77.159887,47.0,CNG,22.09,35.7,4,1712,64.7
1791112354278,28.575003,77.159800,47.0,CNG,22.61,36.9,4,1723,64.7
1791112356181,28.575160,77.159612,47.0,CNG,23.67,35.7,4,1739,51.4
1791112357173,28.575235,77.159512,47.0,CNG,24.90,34.5,4,1756,51.4
1791112357876,28.575235,77.159512,48.0,CNG,25.98,34.5,4,1767,51.4
1791112359556,28.575373,77.159298,48.0,CNG,22.50,45.5,4,1788,80.0
1791112360554,28.575436,77.159183,49.0,CNG,21.14,37.6,4,1820,80.0
1791112361375,28.575494,77.159063,50.0,CNG,18.89,44.3,4,1840,80.0
1791112363400,28.575599,77.158809,50.0,CNG,17.78,43.1,4,1881,78.4
1791112364380,28.575646,77.158676,52.0,CNG,17.07,14.9,4,1935,78.4
1791112365249,28.575685,77.158541,52.0,CNG,21.24,41.2,5,1551,78.4
1791112367077,28.575745,77.158263,52.0,CNG,22.73,42.0,5,1535,67.8
1791112368138,28.575765,77.158120,53.0,CNG,22.09,45.1,5,1542,67.8
1791112369386,28.575780,77.157974,53.0,CNG,21.64,44.7,5,1566,67.8
1791112371248,28.575788,77.157677,54.0,CNG,21.93,45.1,5,1594,69.8
1791112372213,28.575783,77.157527,55.0,CNG,20.41,38.8,5,1607,69.8
1791112373058,28.575773,77.157376,55.0,CNG,21.51,39.6,5,1605,69.8
1791112374959,28.575757,77.157227,55.0,CNG,21.81,40.4,5,1620,74.1
1791112375937,28.575734,77.157078,55.0,CNG,21.41,41.6,5,1626,74.1
1791112376774,28.575705,77.156930,56.0,CNG,21.83,40.8,5,1629,74.1
1791112378696,28.575628,77.156633,56.0,CNG,21.65,41.2,5,1645,75.7
1791112379648,28.575581,77.156485,58.0,CNG,22.46,14.9,5,1692,75.7
1791112380507,28.575528,77.156339,58.0,CNG,23.44,34.1,5,1629,75.7
1791112382235,28.575415,77.156044,58.0,CNG,28.61,28.2,5,1722,29.4
1791112383070,28.575415,77.156044,59.0,CNG,32.44,27.8,5,1734,29.4
1791112384047,28.575357,77.155895,60.0,CNG,39.56,24.3,5,1745,29.4
1791112385824,28.575241,77.155590,60.0,CNG,51.23,14.9,5,1767,38.4
1791112386606,28.575180,77.155436,62.0,CNG,42.26,25.5,5,1806,38.4
1791112387486,28.575117,77.155280,63.0,CNG,44.21,14.9,5,1830,38.4
1791112389507,28.574992,77.154962,63.0,CNG,55.26,14.9,5,1841,21.2
1791112390345,28.574931,77.154803,64.0,CNG,63.98,14.9,5,1865,21.2
1791112391188,28.574874,77.154652,60.0,CNG,70.23,14.9,5,1787,21.2
1791112393099,28.574818,77.154503,58.0,CNG,74.92,34.9,5,1713,39.2
1791112393896,28.574762,77.154352,60.0,CNG,65.30,30.6,5,1751,39.2
1791112394879,28.574704,77.154199,61.0,CNG,54.07,29.0,5,1800,39.2
1791112396662,28.574579,77.153883,63.0,CNG,50.00,29.0,5,1839,35.7
1791112397442,28.574515,77.153719,65.0,CNG,49.68,27.1,5,1914,35.7
1791112398280,28.574452,77.153552,66.0,CNG,49.53,27.5,5,1946,35.7
1791112399875,28.574391,77.153379,68.0,CNG,45.39,27.8,5,1974,45.1
1791112400711,28.574336,77.153201,69.0,CNG,51.52,22.7,5,2008,45.1
1791112401676,28.574288,77.153017,69.0,CNG,60.31,14.9,5,1991,45.1
1791112403406,28.574221,77.152643,69.0,CNG,67.95,14.9,5,2029,51.0
1791112404301,28.574202,77.152454,69.0,CNG,59.63,27.5,5,2040,51.0
1791112405159,28.574202,77.152454,69.0,CNG,49.66,28.6,5,2041,51.0
1791112407010,28.574181,77.152072,70.0,CNG,44.04,28.6,5,2040,29.0
1791112407866,28.574184,77.151880,70.0,CNG,53.54,14.9,5,2006,29.0
1791112409172,28.574194,77.151690,69.0,CNG,62.90,14.9,5,2036,29.0
1791112411036,28.574234,77.151326,67.0,CNG,70.09,14.9,5,1960,19.2
1791112411852,28.574256,77.151161,60.0,CNG,75.62,14.9,5,1768,19.2
1791112412817,28.574283,77.151000,57.0,CNG,79.04,14.9,5,1713,19.2
1791112414699,28.574350,77.150691,57.0,CNG,81.44,54.9,5,1678,87.8
1791112415678,28.574386,77.150534,60.0,CNG,36.10,50.6,5,1747,87.8
1791112416564,28.574418,77.150371,61.0,CNG,38.30,14.9,5,1790,87.8
1791112418269,28.574476,77.150052,61.0,CNG,49.13,14.9,5,1790,18.8
1791112419126,28.574476,77.150052,53.0,CNG,57.99,14.9,5,1576,18.8
1791112420069,28.574505,77.149912,49.0,CNG,65.46,14.9,5,1461,18.8
1791112421970,28.574558,77.149660,46.0,CNG,72.77,14.9,5,1365,51.0
1791112422743,28.574583,77.149541,44.0,CNG,62.09,14.9,4,1683,51.0
1791112423539,28.574608,77.149423,44.0,CNG,63.75,14.9,4,1614,51.0
1791112425198,28.574655,77.149202,42.0,CNG,65.47,14.9,4,1576,53.3
1791112426134,28.574682,77.149089,41.0,CNG,34.17,42.0,4,1512,53.3
1791112427116,28.574682,77.149089,44.0,CNG,25.87,14.9,4,1605,53.3
1791112428905,28.574742,77.148861,44.0,CNG,22.07,14.9,4,1596,19.6
1791112429919,28.574770,77.148750,41.0,CNG,23.82,31.8,4,1543,19.6
1791112430786,28.574793,77.148639,42.0,CNG,23.41,32.2,4,1544,19.6
1791112432690,28.574839,77.148404,43.0,CNG,21.86,33.3,4,1589,56.1
1791112433529,28.574860,77.148282,46.0,CNG,22.66,32.2,4,1679,56.1
1791112434366,28.574882,77.148155,46.0,CNG,24.17,31.8,4,1720,56.1
1791112436072,28.574906,77.148029,47.0,CNG,25.76,32.5,4,1749,52.2
1791112436931,28.574932,77.147899,50.0,CNG,25.37,35.3,4,1836,52.2
1791112437942,28.574960,77.147764,51.0,CNG,24.82,34.5,4,1891,52.2
1791112439607,28.575020,77.147485,52.0,CNG,24.74,41.6,4,1944,54.1
1791112440655,28.575053,77.147341,54.0,CNG,22.39,31.8,4,2027,54.1
1791112441467,28.575086,77.147194,55.0,CNG,23.92,14.9,4,2050,54.1
1791112443406,28.575149,77.146898,55.0,CNG,23.97,26.3,4,2081,33.3
1791112444124,28.575149,77.146898,55.0,CNG,23.25,32.2,4,2044,33.3
1791112445056,28.575178,77.146749,55.0,CNG,26.26,33.3,4,2021,33.3
1791112446796,28.575230,77.146450,55.0,CNG,26.20,36.1,4,2048,54.1
1791112447883,28.575257,77.146298,57.0,CNG,24.22,37.6,4,2105,54.1
1791112449122,28.575310,77.145987,58.0,CNG,17.57,54.5,4,2133,54.1
1791112451036,28.575367,77.145665,59.0,CNG,15.38,54.5,4,2202,85.1
1791112452048,28.575395,77.145498,62.0,CNG,14.82,52.5,4,2278,85.1
1791112453055,28.575395,77.145498,63.0,CNG,15.57,14.9,4,2330,85.1
1791112454723,28.575441,77.145161,62.0,CNG,16.49,45.5,5,1850,69.8
1791112455912,28.575459,77.144993,61.0,CNG,19.16,33.3,5,1819,69.8
1791112456824,28.575471,77.144828,60.0,CNG,22.74,27.5,5,1772,69.8
1791112458599,28.575471,77.144504,59.0,CNG,27.62,29.4,5,1742,63.9
1791112459408,28.575457,77.144346,58.0,CNG,28.05,14.9,5,1700,63.9
1791112460319,28.575434,77.144192,57.0,CNG,30.12,30.6,5,1675,63.9
1791112462190,28.575370,77.143897,56.0,CNG,33.59,29.8,5,1657,20.4
1791112463007,28.575370,77.143897,54.0,CNG,32.57,34.9,5,1595,20.4
1791112463768,28.575329,77.143756,54.0,CNG,43.12,14.9,5,1552,20.4
1791112465632,28.575239,77.143489,52.0,CNG,53.72,30.2,5,1458,33.3
1791112466550,28.575186,77.143363,51.0,CNG,53.66,14.9,5,1480,33.3
1791112467493,28.575131,77.143241,49.0,CNG,63.21,25.9,5,1462,33.3
1791112469701,28.575020,77.143003,49.0,CNG,46.86,27.1,5,1402,45.9
1791112470536,28.574963,77.142884,49.0,CNG,40.58,26.7,5,1432,45.9
1791112471396,28.574907,77.142765,49.0,CNG,38.24,14.9,5,1439,45.9
1791112473110,28.574849,77.142648,49.0,CNG,46.95,14.9,5,1450,23.1
1791112474122,28.574790,77.142533,48.0,CNG,39.33,33.3,5,1422,23.1
1791112475145,28.574734,77.142418,48.0,CNG,32.19,33.3,5,1416,23.1
1791112476821,28.574623,77.142178,49.0,CNG,30.23,35.7,5,1438,54.9
1791112477808,28.574568,77.142052,51.0,CNG,43.44,32.2,5,1501,54.9
1791112478641,28.574516,77.141925,51.0,CNG,36.73,34.5,5,1589,54.9
1791112480377,28.574416,77.141660,52.0,CNG,35.63,31.4,5,1526,48.6
1791112481217,28.574367,77.141527,53.0,CNG,32.71,27.8,5,1531,48.6
1791112482130,28.574367,77.141527,53.0,CNG,37.62,14.9,5,1587,48.6
1791112483771,28.574274,77.141258,52.0,CNG,46.15,14.9,5,1544,23.1
1791112484673,28.574232,77.141128,50.0,CNG,52.45,14.9,5,1466,23.1
1791112485574,28.574190,77.141002,49.0,CNG,56.76,14.9,5,1437,23.1
1791112487225,28.574110,77.140771,46.0,CNG,59.78,14.9,5,1365,22.7
1791112488074,28.574110,77.140771,43.0,CNG,41.83,32.5,5,1324,22.7
1791112489189,28.574026,77.140557,44.0,CNG,55.84,14.9,5,1282,22.7
1791112490711,28.573985,77.140456,40.0,CNG,64.75,30.2,5,1177,42.4
1791112491569,28.573943,77.140355,40.0,CNG,54.48,25.5,5,1180,42.4
1791112492313,28.573900,77.140255,40.0,CNG,64.67,34.9,5,1186,42.4
1791112494217,28.573811,77.140051,41.0,CNG,37.21,34.9,5,1186,79.6
1791112494933,28.573811,77.140051,43.0,CNG,25.49,40.0,5,1250,79.6
1791112495925,28.573763,77.139945,44.0,CNG,20.90,40.0,5,1293,79.6
1791112497667,28.573662,77.139726,45.0,CNG,19.73,38.8,5,1314,42.4
1791112498727,28.573609,77.139614,46.0,CNG,22.78,29.4,5,1370,42.4
1791112499584,28.573556,77.139501,47.0,CNG,25.60,14.9,5,1369,42.4
1791112501341,28.573449,77.139277,47.0,CNG,34.18,14.9,5,1351,40.8
1791112502140,28.573449,77.139277,46.0,CNG,33.09,32.5,5,1368,40.8
1791112503029,28.573393,77.139166,47.0,CNG,32.63,33.3,5,1376,40.8
1791112504908,28.573275,77.138941,48.0,CNG,32.49,32.9,5,1396,48.6
1791112505849,28.573213,77.138828,49.0,CNG,34.84,28.6,5,1428,48.6
1791112506615,28.573148,77.138715,49.0,CNG,34.11,31.0,5,1447,48.6
1791112508553,28.573015,77.138487,50.0,CNG,31.97,33.3,5,1453,60.0
1791112509609,28.572945,77.138372,51.0,CNG,33.28,27.5,5,1493,60.0
1791112510526,28.572875,77.138257,51.0,CNG,31.62,28.2,5,1490,60.0
1791112512816,28.572732,77.138027,51.0,CNG,32.24,28.2,5,1504,49.0
1791112513792,28.572661,77.137911,52.0,CNG,32.84,28.2,5,1518,49.0
1791112514545,28.572589,77.137794,52.0,CNG,36.49,28.6,5,1522,49.0
1791112516322,28.572445,77.137559,52.0,CNG,38.01,29.0,5,1532,38.8
1791112517146,28.572445,77.137559,53.0,CNG,40.93,27.8,5,1541,38.8
1791112518007,28.572372,77.137439,53.0,CNG,42.51,27.8,5,1552,38.8
1791112519871,28.572226,77.137198,53.0,CNG,43.62,25.1,5,1560,42.0
1791112520779,28.572152,77.137080,53.0,CNG,58.31,14.9,5,1540,42.0
1791112521578,28.572078,77.136964,51.0,CNG,66.23,14.9,5,1507,42.0
1791112523197,28.571934,77.136748,50.0,CNG,72.01,14.9,5,1465,45.5
1791112523957,28.571934,77.136748,49.0,CNG,49.50,27.8,5,1442,45.5
1791112524850,28.571863,77.136640,49.0,CNG,41.82,29.0,5,1441,45.5
1791112526518,28.571717,77.136424,50.0,CNG,36.25,30.2,5,1454,31.0
1791112527413,28.571642,77.136318,49.0,CNG,48.00,34.1,5,1505,31.0
1791112528313,28.571567,77.136213,49.0,CNG,60.68,14.9,5,1437,31.0
1791112530365,28.571442,77.136031,46.0,CNG,69.07,14.9,5,1355,17.3
1791112531140,28.571442,77.136031,32.0,CNG,69.57,14.9,5,936,17.3
1791112532097,28.571392,77.135966,26.0,CNG,62.59,14.9,4,866,17.3
1791112533810,28.571305,77.135869,24.0,CNG,25.40,23.9,4,890,39.2
1791112534661,28.571265,77.135826,23.0,CNG,31.79,49.8,4,889,39.2
1791112535683,28.571223,77.135780,24.0,CNG,30.03,40.0,4,960,39.2
1791112537673,28.571131,77.135678,26.0,CNG,13.59,50.6,3,1359,84.3
1791112538721,28.571078,77.135618,32.0,CNG,12.57,52.9,3,1614,84.3
1791112539793,28.571017,77.135555,36.0,CNG,11.40,52.5,3,1782,84.3
1791112541671,28.570873,77.135419,39.0,CNG,11.54,52.5,3,1956,92.9
1791112542679,28.570789,77.135347,44.0,CNG,11.25,52.5,3,2250,92.9
1791112543693,28.570698,77.135273,47.0,CNG,11.00,26.3,3,2394,92.9
1791112545380,28.570502,77.135126,48.0,CNG,16.76,42.0,3,2520,73.3
1791112546408,28.570396,77.135055,50.0,CNG,16.84,47.1,4,1868,73.3
1791112547487,28.570287,77.134986,52.0,CNG,16.74,47.8,4,1915,73.3
1791112549716,28.570050,77.134867,53.0,CNG,16.30,47.8,4,1963,90.6
1791112550653,28.569922,77.134816,57.0,CNG,14.11,51.0,4,2096,90.6
1791112551498,28.569789,77.134769,58.0,CNG,13.79,51.0,4,2129,90.6
1791112553533,28.569512,77.134682,60.0,CNG,12.56,14.9,4,2191,80.0
1791112554406,28.569370,77.134646,60.0,CNG,14.49,51.0,5,1767,80.0
1791112555480,28.569225,77.134615,61.0,CNG,16.13,51.0,5,1792,80.0
1791112557311,28.568926,77.134565,62.0,CNG,17.99,51.0,5,1816,47.8
1791112558483,28.568776,77.134544,63.0,CNG,21.51,37.3,5,1847,47.8
1791112559643,28.568625,77.134525,63.0,CNG,24.99,31.4,5,1848,47.8
1791112561554,28.568323,77.134479,63.0,CNG,35.64,14.9,5,1838,18.4
1791112562327,28.568180,77.134440,61.0,CNG,46.59,14.9,5,1787,18.4
1791112563207,28.568045,77.134384,60.0,CNG,57.17,23.1,5,1756,18.4
1791112564853,28.567918,77.134311,59.0,CNG,66.87,14.9,5,1685,19.2
1791112565756,28.567803,77.134221,56.0,CNG,72.57,14.9,5,1673,19.2
1791112566580,28.567709,77.134114,55.0,CNG,77.57,14.9,5,1623,19.2
1791112568389,28.567569,77.133871,53.0,CNG,79.89,14.9,5,1569,18.8
1791112569459,28.567523,77.133737,52.0,CNG,81.22,14.9,5,1532,18.8
1791112570312,28.567496,77.133598,52.0,CNG,82.74,14.9,5,1532,18.8
1791112572024,28.567485,77.133455,52.0,CNG,84.26,14.9,5,1532,18.8
1791112573018,28.567485,77.133312,52.0,CNG,85.22,14.9,5,1523,18.8
1791112573961,28.567502,77.133173,50.0,CNG,85.83,14.9,5,1472,18.8
1791112575592,28.567550,77.132949,44.0,CNG,93.48,14.9,5,1317,32.5
1791112576535,28.567568,77.132866,29.0,CNG,68.85,14.9,5,905,32.5
1791112577468,28.567586,77.132791,28.0,CNG,53.06,14.9,5,865,32.5
1791112578973,28.567604,77.132720,27.0,CNG,43.45,14.9,5,866,46.7
1791112579893,28.567619,77.132651,25.0,CNG,38.89,14.9,4,867,46.7
1791112580671,28.567631,77.132586,23.0,CNG,35.17,14.9,4,870,46.7
1791112582450,28.567653,77.132457,23.0,CNG,33.07,14.9,4,869,41.6
1791112583269,28.567665,77.132396,24.0,CNG,31.60,14.9,4,884,41.6
1791112584154,28.567665,77.132396,22.0,CNG,34.66,14.9,4,884,41.6
1791112585824,28.567684,77.132301,17.0,CNG,36.13,14.9,,979,24.3
1791112586556,28.567692,77.132263,13.0,CNG,33.61,14.9,2,910,24.3
1791112587884,28.567698,77.132229,13.0,CNG,31.38,14.9,2,902,24.3
1791112590905,28.567718,77.132123,13.0,CNG,24.24,14.9,2,1066,37.6
1791112592156,28.567724,77.132093,11.0,CNG,19.37,14.9,2,868,37.6
1791112593474,28.567734,77.132034,11.0,CNG,13.97,14.9,2,884,37.6
1791112596000,28.567742,77.131994,11.0,CNG,13.93,14.9,2,856,43.1
1791112597070,28.567744,77.131982,5.0,CNG,11.11,14.9,,874,43.1
1791112597825,28.567746,77.131974,2.0,CNG,7.71,14.9,,881,43.1
1791112599552,28.567747,77.131957,2.0,CNG,5.71,23.5,,881,45.9
1791112600383,28.567750,77.131943,6.0,CNG,6.41,14.9,,967,45.9
1791112601237,28.567753,77.131930,6.0,CNG,6.90,14.9,1,934,45.9
1791112603010,28.567754,77.131922,2.0,CNG,5.10,14.9,,977,38.4
1791112603824,28.567755,77.131913,3.0,CNG,4.74,14.9,,1096,38.4
1791112604776,28.567756,77.131907,2.0,CNG,,14.9,,977,38.4
1791112606511,28.567759,77.131892,2.0,CNG,,22.7,,1014,37.6
1791112607316,28.567761,77.131879,5.0,CNG,4.20,14.9,,1024,37.6
1791112608231,28.567764,77.131863,6.0,CNG,5.45,18.4,,973,37.6
1791112610321,28.567770,77.131817,7.0,CNG,6.67,24.3,1,1012,47.1
1791112611359,28.567774,77.131780,13.0,CNG,6.50,31.0,1,1795,47.1
1791112612202,28.567778,77.131736,16.0,CNG,10.59,14.9,1,2218,47.1
1791112613922,28.567783,77.131685,17.0,CNG,8.62,42.4,2,1292,31.8
1791112614983,28.567786,77.131630,20.0,CNG,14.69,14.9,3,1056,31.8
1791112615763,28.567789,77.131578,18.0,CNG,18.55,14.9,3,934,31.8
1791112617592,28.567795,77.131488,17.0,CNG,20.63,14.9,3,918,42.0
1791112618400,28.567798,77.131453,12.0,CNG,18.02,14.9,2,873,42.0
1791112619291,28.567799,77.131427,9.0,CNG,14.61,14.9,,872,42.0
1791112621181,28.567800,77.131382,9.0,CNG,13.00,14.9,,879,43.1
1791112622083,28.567800,77.131382,7.0,CNG,11.36,14.9,1,879,43.1
1791112623100,28.567798,77.131363,6.0,CNG,9.99,14.9,1,879,43.1
1791112624748,28.567795,77.131330,4.0,CNG,9.24,49.4,,951,80.8
1791112625809,28.567792,77.131299,13.0,CNG,6.97,42.4,,1446,80.8
1791112626741,28.567786,77.131254,18.0,CNG,11.72,14.9,,1565,80.8
1791112628624,28.567782,77.131169,18.0,CNG,18.11,14.9,,1096,23.1
1791112629733,28.567781,77.131144,8.0,CNG,15.60,24.3,,886,23.1
1791112630602,28.567779,77.131120,9.0,CNG,14.51,14.9,,1057,23.1
1791112632298,28.567779,77.131081,9.0,CNG,14.10,14.9,,869,41.6
1791112633217,28.567778,77.131068,4.0,CNG,10.29,14.9,,872,41.6
1791112634284,28.567777,77.131058,5.0,CNG,8.23,14.9,,878,41.6
1791112635983,28.567777,77.131052,2.0,CNG,5.78,14.9,,866,42.7
1791112637009,28.567776,77.131050,1.0,CNG,4.08,14.9,,877,42.7
1791112637876,28.567776,77.131049,0.0,CNG,,14.9,0,874,42.7
1791112639499,28.567775,77.131045,0.0,CNG,,14.9,0,876,35.7
1791112640426,28.567774,77.131043,1.0,CNG,,14.9,,951,35.7
1791112641342,28.567774,77.131041,0.0,CNG,,14.9,0,864,35.7
1791112642998,28.567773,77.131039,1.0,CNG,,14.9,,1107,41.2
1791112643848,28.567773,77.131039,0.0,CNG,,14.9,0,859,41.2
1791112644778,28.567773,77.131039,0.0,CNG,,14.9,0,850,41.2
1791112646448,28.567773,77.131039,1.0,CNG,,14.9,,865,44.3
1791112647304,28.567773,77.131039,0.0,CNG,,25.1,0,869,44.3
1791112648118,28.567773,77.131039,1.0,CNG,,24.3,,1319,44.3
1791112650135,28.567768,77.131022,3.0,CNG,,32.2,,1269,70.2
1791112651018,28.567765,77.130960,12.0,CNG,2.96,43.9,1,1630,70.2
1791112652039,28.567765,77.130960,17.0,CNG,7.25,14.9,1,2233,70.2
1791112653804,28.567751,77.130862,18.0,CNG,11.70,22.7,2,1462,37.6
1791112654693,28.567744,77.130808,20.0,CNG,13.04,20.8,,1279,37.6
1791112655491,28.567735,77.130752,21.0,CNG,11.33,47.5,2,1596,37.6
1791112657384,28.567714,77.130600,26.0,CNG,8.48,60.4,2,1926,85.1
1791112658513,28.567703,77.130504,36.0,CNG,9.08,56.1,2,2466,85.1
1791112659548,28.567687,77.130396,41.0,CNG,9.87,54.1,3,2037,85.1
1791112661369,28.567636,77.130164,44.0,CNG,16.59,14.9,,1985,18.4
1791112662233,28.567607,77.130061,41.0,CNG,24.05,14.9,,931,18.4
1791112663121,28.567607,77.130061,36.0,CNG,30.94,14.9,,854,18.4
1791112664793,28.567550,77.129890,32.0,CNG,35.08,14.9,5,851,44.3
1791112665639,28.567523,77.129811,,CNG,23.27,14.9,0,852,44.3
1791112666504,28.567501,77.129742,26.0,CNG,27.79,14.9,5,850,44.3
1791112668132,28.567483,77.129685,21.0,CNG,28.51,14.9,4,864,41.6
1791112669246,28.567457,77.129610,12.0,CNG,24.03,14.9,2,856,41.6
1791112670184,28.567449,77.129585,12.0,CNG,24.34,14.9,2,840,41.6
1791112671899,28.567443,77.129570,6.0,CNG,21.49,14.9,1,880,23.1
1791112672782,28.567439,77.129560,4.0,CNG,17.55,14.9,,869,23.1
1791112673773,28.567438,77.129555,2.0,CNG,13.25,14.9,,873,23.1
1791112675474,28.567433,77.129534,2.0,CNG,3.36,36.1,,867,49.8
1791112676507,28.567429,77.129520,7.0,CNG,5.00,14.9,1,871,49.8
1791112677356,28.567425,77.129509,4.0,CNG,5.12,14.9,,859,49.8
1791112679046,28.567423,77.129505,2.0,CNG,4.29,14.9,,859,47.5
1791112679924,28.567420,77.129500,2.0,CNG,3.81,23.5,,897,47.5
1791112680773,28.567417,77.129493,3.0,CNG,4.01,14.9,,1144,47.5
1791112682449,28.567407,77.129476,4.0,CNG,4.66,14.9,,923,50.6
1791112683406,28.567397,77.129462,6.0,CNG,6.10,17.3,1,882,50.6
1791112684161,28.567397,77.129462,7.0,CNG,7.01,19.6,1,961,50.6
1791112685932,28.567375,77.129424,8.0,CNG,8.78,14.9,1,1156,35.3
1791112686759,28.567360,77.129402,11.0,CNG,11.33,20.8,2,861,35.3
1791112687616,28.567343,77.129379,11.0,CNG,9.40,25.5,,1244,35.3
1791112689478,28.567301,77.129309,12.0,CNG,5.83,49.4,1,1709,43.1
1791112690498,28.567278,77.129259,21.0,CNG,8.08,27.1,2,1584,43.1
1791112691307,28.567254,77.129200,23.0,CNG,9.40,46.3,2,1739,43.1
1791112693306,28.567206,77.129045,28.0,CNG,9.71,65.9,2,2047,85.5
1791112694304,28.567182,77.128945,38.0,CNG,16.54,44.7,,2539,85.5
1791112695211,28.567160,77.128834,40.0,CNG,13.11,49.8,3,1977,85.5
1791112697090,28.567128,77.128580,45.0,CNG,13.34,41.2,3,2249,56.1
1791112698155,28.567121,77.128443,50.0,CNG,21.00,40.8,3,2430,56.1
1791112699138,28.567121,77.128443,52.0,CNG,20.75,40.0,4,1923,56.1
1791112700974,28.567133,77.128149,53.0,CNG,21.52,35.3,4,1984,47.8
1791112701993,28.567156,77.127998,55.0,CNG,22.48,35.3,4,2040,47.8
1791112703118,28.567248,77.127694,56.0,CNG,21.54,40.8,4,2070,47.8
1791112704977,28.567311,77.127544,57.0,CNG,18.22,43.5,4,2119,75.3
1791112706036,28.567469,77.127252,58.0,CNG,18.19,48.6,,1458,75.3
1791112707035,28.567469,77.127252,59.0,CNG,19.41,49.8,5,1735,75.3
1791112709009,28.567695,77.126875,60.0,CNG,19.44,49.8,5,1755,88.2
1791112710117,28.567779,77.126740,61.0,CNG,19.42,50.6,5,1806,88.2
1791112711240,28.567871,77.126603,62.0,CNG,19.67,49.4,5,1812,88.2
1791112713101,28.568043,77.126325,62.0,CNG,28.26,44.7,5,1822,78.4
1791112714121,28.568127,77.126185,61.0,CNG,24.92,51.4,5,1808,78.4
1791112715161,28.568208,77.126046,62.0,CNG,23.24,51.0,5,1812,78.4
1791112717107,28.568361,77.125752,62.0,CNG,21.06,51.0,5,1826,87.8
1791112718136,28.568434,77.125601,63.0,CNG,20.57,45.9,5,1838,87.8
1791112719082,28.568434,77.125601,63.0,CNG,21.67,38.8,5,1836,87.8
1791112720792,28.568581,77.125295,63.0,CNG,31.02,36.5,5,1876,52.2
1791112721834,28.568655,77.125140,63.0,CNG,42.03,14.9,5,1894,52.2
1791112722637,28.568732,77.124992,61.0,CNG,52.49,14.9,5,1813,52.2
1791112724362,28.568879,77.124724,58.0,CNG,61.95,14.9,5,1721,37.6
1791112725264,28.568948,77.124590,57.0,CNG,46.66,14.9,5,1695,37.6
1791112726058,28.568948,77.124590,56.0,CNG,63.48,14.9,,1312,37.6
1791112727773,28.569076,77.124340,53.0,CNG,75.52,14.9,,964,28.6
1791112728790,28.569125,77.124229,44.0,CNG,79.41,14.9,,851,28.6
1791112729775,28.569168,77.124123,42.0,CNG,80.85,14.9,,857,28.6
1791112731484,28.569245,77.123911,42.0,CNG,40.50,38.0,,870,64.3
1791112732466,28.569279,77.123802,42.0,CNG,54.95,14.9,5,1263,64.3
1791112733347,28.569310,77.123692,42.0,CNG,52.40,36.9,,1011,64.3
1791112735338,28.569372,77.123470,42.0,CNG,31.74,27.5,4,1555,32.5
1791112736216,28.569407,77.123363,42.0,CNG,38.36,14.9,5,1176,32.5
1791112736967,28.569407,77.123363,41.0,CNG,43.73,14.9,,1003,32.5
1791112738773,28.569480,77.123155,40.0,CNG,47.72,33.7,,890,82.7
1791112739535,28.569516,77.123047,42.0,CNG,26.49,48.6,4,1566,82.7
1791112740600,28.569552,77.122934,44.0,CNG,20.13,48.6,4,1630,82.7
1791112742603,28.569633,77.122694,46.0,CNG,18.38,47.5,4,1726,78.0
1791112743610,28.569684,77.122570,51.0,CNG,17.94,49.4,4,1874,78.0
1791112744634,28.569746,77.122446,53.0,CNG,17.27,48.6,4,1952,78.0
1791112746448,28.569910,77.122208,55.0,CNG,16.93,43.1,4,2018,26.3
1791112747450,28.569999,77.122103,53.0,CNG,24.03,14.9,5,1414,26.3
1791112748310,28.570081,77.122020,47.0,CNG,31.33,14.9,5,1233,26.3
1791112750297,28.570229,77.121923,37.0,CNG,35.71,14.9,5,1046,42.0
1791112751158,28.570306,77.121883,34.0,CNG,19.05,50.2,5,1117,42.0
1791112752237,28.570389,77.121842,37.0,CNG,15.29,53.7,3,1841,42.0
1791112754305,28.570587,77.121769,41.0,CNG,11.61,53.7,3,2038,88.2
1791112755455,28.570699,77.121742,48.0,CNG,17.76,40.0,3,2369,88.2
1791112756710,28.570817,77.121720,51.0,CNG,16.91,47.8,4,1854,88.2
1791112758538,28.571074,77.121677,54.0,CNG,17.24,46.7,4,1963,69.0
1791112759713,28.571211,77.121653,58.0,CNG,26.95,36.5,5,1835,69.0
1791112760672,28.571351,77.121629,59.0,CNG,29.56,33.7,5,1732,69.0
1791112762365,28.571642,77.121575,60.0,CNG,32.24,32.9,5,1763,43.9
1791112763240,28.571792,77.121547,63.0,CNG,34.40,32.9,5,1843,43.9
1791112764168,28.571792,77.121547,64.0,CNG,36.23,31.4,5,1871,43.9
1791112765944,28.572103,77.121485,65.0,CNG,34.65,31.4,5,1912,54.9
1791112766818,28.572263,77.121454,68.0,CNG,33.86,30.2,5,1979,54.9
1791112767633,28.572426,77.121422,68.0,CNG,33.42,31.0,5,2010,54.9
1791112769620,28.572761,77.121362,70.0,CNG,33.64,27.8,5,2039,44.3
1791112770385,28.572931,77.121325,72.0,CNG,36.10,14.9,5,2099,44.3
1791112771240,28.573100,77.121283,71.0,CNG,46.71,14.9,5,2113,44.3
1791112772950,28.573266,77.121235,71.0,CNG,57.55,14.9,5,2076,19.2
1791112773808,28.573422,77.121173,68.0,CNG,40.66,35.7,5,2044,19.2
1791112774894,28.573568,77.121095,69.0,CNG,40.49,32.2,5,2001,19.2
1791112776710,28.573833,77.120896,69.0,CNG,40.72,31.8,5,1997,23.1
1791112777501,28.573948,77.120776,69.0,CNG,38.71,33.3,5,1994,23.1
1791112778507,28.574049,77.120646,69.0,CNG,37.77,32.5,5,2012,23.1
1791112780232,28.574255,77.120303,69.0,CNG,45.17,14.9,5,2015,19.6
1791112781082,28.574255,77.120303,62.0,CNG,55.43,14.9,5,1837,19.6
1791112781933,28.574319,77.120156,53.0,CNG,62.79,14.9,5,1620,19.6
1791112783638,28.574412,77.119903,49.0,CNG,69.02,32.2,5,1455,49.0
1791112784486,28.574450,77.119778,47.0,CNG,44.39,35.7,5,1402,49.0
1791112785623,28.574486,77.119655,47.0,CNG,36.21,14.9,5,1375,49.0
1791112787289,28.574551,77.119417,45.0,CNG,42.44,35.3,5,1227,52.2
1791112788338,28.574582,77.119300,44.0,CNG,32.45,36.5,4,1646,52.2
1791112789752,28.574614,77.119184,44.0,CNG,27.67,40.4,4,1645,52.2
1791112791606,28.574680,77.118951,45.0,CNG,25.20,40.4,4,1656,60.4
1791112792614,28.574714,77.118834,45.0,CNG,22.60,38.0,4,1677,60.4
1791112793746,28.574747,77.118715,45.0,CNG,21.19,34.9,4,1674,60.4
1791112795603,28.574811,77.118475,46.0,CNG,22.89,31.0,4,1690,51.4
1791112796510,28.574842,77.118355,,CNG,14.27,20.8,0,1734,51.4
1791112797500,28.574874,77.118232,47.0,CNG,18.98,29.8,4,1777,51.4
1791112799210,28.574938,77.117981,48.0,CNG,21.94,31.4,4,1757,48.6
1791112800202,28.574972,77.117852,49.0,CNG,26.08,33.7,4,1802,48.6
1791112801163,28.574972,77.117852,49.0,CNG,27.14,33.3,4,1832,48.6
1791112802869,28.575044,77.117588,50.0,CNG,28.04,33.7,4,1869,46.7
1791112803737,28.575082,77.117453,52.0,CNG,28.35,32.9,4,1922,46.7
1791112804599,28.575122,77.117316,52.0,CNG,30.62,30.2,4,1954,46.7
1791112806598,28.575196,77.117036,53.0,CNG,29.77,29.4,4,1974,52.2
1791112807390,28.575232,77.116893,54.0,CNG,30.72,28.6,4,2005,52.2
1791112808249,28.575270,77.116749,54.0,CNG,31.12,28.6,4,2017,52.2
1791112810293,28.575346,77.116459,55.0,CNG,30.46,38.4,4,2027,32.9
1791112811427,28.575385,77.116312,56.0,CNG,22.69,45.1,5,1620,32.9
1791112812394,28.575423,77.116162,57.0,CNG,22.14,44.3,5,1665,32.9
1791112814242,28.575495,77.115848,58.0,CNG,22.33,42.4,5,1696,64.3
1791112815285,28.575528,77.115686,60.0,CNG,23.31,41.6,5,1772,64.3
1791112816265,28.575562,77.115522,61.0,CNG,24.62,42.0,5,1800,64.3
1791112818097,28.575629,77.115187,62.0,CNG,25.52,41.6,5,1823,62.7
1791112819184,28.575663,77.115014,64.0,CNG,25.69,41.6,5,1875,62.7
1791112820409,28.575698,77.114840,65.0,CNG,23.90,41.2,5,1898,62.7
1791112822463,28.575781,77.114492,66.0,CNG,23.86,14.9,5,1928,31.4
1791112823214,28.575824,77.114329,62.0,CNG,33.07,14.9,,1316,31.4
1791112824093,28.575824,77.114329,58.0,CNG,42.15,14.9,,1143,31.4
1791112825777,28.575910,77.114052,54.0,CNG,49.45,14.9,,967,43.9
1791112826663,28.575951,77.113950,37.0,CNG,48.61,14.9,,857,43.9
1791112827554,28.575980,77.113884,25.0,CNG,49.41,14.9,4,857,43.9
1791112829422,28.576004,77.113806,15.0,CNG,43.81,14.9,,868,34.5
1791112830363,28.576014,77.113772,13.0,CNG,21.98,14.9,,1202,34.5
1791112831290,28.576024,77.113736,14.0,CNG,24.61,14.9,2,1084,34.5
1791112832928,28.576036,77.113709,12.0,CNG,22.51,14.9,2,879,52.9
1791112833812,28.576042,77.113684,10.0,CNG,12.00,36.9,,1072,52.9
1791112834642,28.576051,77.113653,12.0,CNG,14.67,14.9,2,867,52.9
1791112836352,28.576059,77.113617,9.0,CNG,16.34,14.9,,992,34.5
1791112837202,28.576060,77.113611,3.0,CNG,11.25,14.9,,860,34.5
1791112838103,28.576060,77.113611,1.0,CNG,6.98,14.9,,857,34.5
1791112839671,28.576062,77.113606,1.0,CNG,4.51,14.9,,852,48.2
1791112840542,28.576062,77.113607,0.0,CNG,,14.9,0,851,48.2
1791112841349,28.576062,77.113607,0.0,CNG,,14.9,0,862,48.2
1791112843061,28.576062,77.113607,0.0,CNG,,27.5,0,869,45.1
1791112843962,28.576063,77.113600,2.0,CNG,,14.9,,867,45.1
1791112844790,28.576065,77.113595,2.0,CNG,,14.9,,858,45.1
1791112846607,28.576067,77.113593,1.0,CNG,,14.9,,851,47.5
1791112847550,28.576093,77.113593,0.0,CNG,,14.9,0,852,47.5
1791112848351,28.576067,77.113594,0.0,CNG,,14.9,0,855,47.5
1791112850324,28.576071,77.113598,0.0,CNG,,14.9,0,862,45.9
1791112851233,28.576072,77.113600,0.0,CNG,,14.9,0,865,45.9
1791112852057,28.576072,77.113600,0.0,CNG,,14.9,0,851,45.9
1791112853756,28.576078,77.113601,0.0,CNG,,14.9,0,853,45.5
1791112854606,28.576079,77.113601,0.0,CNG,,14.9,0,851,45.5
1791112855462,28.576081,77.113601,0.0,CNG,,14.9,0,841,45.5
1791112857237,28.576084,77.113601,0.0,CNG,,14.9,0,851,44.7
1791112857955,28.576084,77.113601,0.0,CNG,,14.9,0,859,44.7
1791112858876,28.576084,77.113601,0.0,CNG,,14.9,0,858,44.7
1791112860730,28.576085,77.113602,0.0,CNG,,14.9,0,856,43.5
1791112861667,28.576085,77.113601,0.0,CNG,,14.9,0,858,43.5
1791112862562,28.576085,77.113602,0.0,CNG,,14.9,0,852,43.5
1791112864651,28.576085,77.113602,0.0,CNG,,14.9,0,857,40.0
1791112865446,28.576085,77.113601,0.0,CNG,,14.9,0,885,40.0
1791112866274,28.576085,77.113601,0.0,CNG,,14.9,0,879,40.0
1791112868057,28.576085,77.113601,0.0,CNG,,14.9,0,871,27.8
1791112868899,28.576085,77.113601,0.0,CNG,,14.9,0,857,27.8
1791112869990,28.576085,77.113601,0.0,CNG,,14.9,0,848,27.8
1791112871970,28.576085,77.113601,0.0,CNG,,14.9,0,857,49.4
1791112872839,28.576085,77.113601,0.0,CNG,,14.9,0,837,49.4
1791112873678,28.576085,77.113601,0.0,CNG,,14.9,0,843,49.4
1791112875478,28.576085,77.113601,0.0,CNG,,14.9,0,859,45.1
1791112876393,28.576085,77.113601,0.0,CNG,,14.9,0,859,45.1
1791112877225,28.576085,77.113601,0.0,CNG,,14.9,0,863,45.1
1791112879245,28.576085,77.113601,0.0,CNG,,14.9,0,852,34.5
1791112880175,28.576085,77.113601,0.0,CNG,,14.9,0,864,34.5
1791112880977,28.576085,77.113601,0.0,CNG,,14.9,0,867,34.5
1791112882738,28.576085,77.113601,0.0,CNG,,14.9,0,854,28.6
1791112883664,28.576085,77.113601,0.0,CNG,,14.9,0,852,28.6
1791112884446,28.576085,77.113601,0.0,CNG,,14.9,0,861,28.6
1791112886270,28.576085,77.113601,0.0,CNG,,14.9,0,859,49.4
1791112887032,28.576085,77.113601,0.0,CNG,,14.9,0,849,49.4
1791112887930,28.576085,77.113601,0.0,CNG,,14.9,0,864,49.4
1791112890010,28.576085,77.113601,0.0,CNG,,14.9,0,855,45.1
1791112891052,28.576085,77.113601,0.0,CNG,,14.9,0,856,45.1
1791112891914,28.576085,77.113601,0.0,CNG,,14.9,0,844,45.1
1791112893614,28.576085,77.113601,0.0,CNG,,14.9,0,855,44.7
1791112894509,28.576085,77.113601,0.0,CNG,,14.9,0,854,44.7
1791112895334,28.576085,77.113601,0.0,CNG,,14.9,0,851,44.7
1791112897160,28.576088,77.113589,0.0,CNG,,41.2,0,862,74.9
1791112898227,28.576098,77.113562,11.0,CNG,2.16,40.8,,1914,74.9
1791112899214,28.576115,77.113520,17.0,CNG,3.46,14.9,1,2340,74.9
1791112900896,28.576132,77.113472,18.0,CNG,4.56,38.0,2,1504,70.2
1791112901890,28.576145,77.113410,22.0,CNG,8.48,14.9,2,1663,70.2
1791112902797,28.576161,77.113354,20.0,CNG,12.17,17.3,2,1574,70.2
1791112904428,28.576188,77.113251,20.0,CNG,12.44,29.0,2,1550,41.6
1791112905437,28.576199,77.113194,22.0,CNG,10.74,62.0,2,1665,41.6
1791112906492,28.576223,77.113125,27.0,CNG,9.31,59.6,2,2058,41.6
1791112908433,28.576286,77.112953,33.0,CNG,8.11,58.4,2,2501,75.7
1791112910012,28.576357,77.112738,40.0,CNG,7.35,67.8,3,1985,75.7
1791112910990,28.576357,77.112738,46.0,CNG,10.08,65.9,3,2304,75.7
1791112912858,28.576421,77.112480,49.0,CNG,8.81,62.7,3,2458,28.2
1791112913878,28.576454,77.112342,53.0,CNG,11.35,54.5,4,1968,28.2
1791112914845,28.576490,77.112200,55.0,CNG,11.47,54.9,4,2032,28.2
1791112917409,28.576612,77.111746,57.0,CNG,13.31,54.9,4,2104,59.6
1791112918878,28.576657,77.111591,59.0,CNG,20.12,55.3,4,2218,59.6
1791112920439,28.576748,77.111279,60.0,CNG,19.13,59.6,4,2219,59.6
1791112923145,28.576889,77.110776,63.0,CNG,26.49,50.2,4,2600,82.7
1791112924553,28.576936,77.110601,67.0,CNG,21.81,50.6,5,1952,82.7
1791112925503,28.576985,77.110421,69.0,CNG,19.32,50.2,5,2013,82.7
1791112927264,28.577086,77.110052,70.0,CNG,18.95,49.4,5,2053,83.9
1791112928367,28.577137,77.109860,72.0,CNG,19.20,47.5,5,2119,83.9
1791112929725,28.577188,77.109668,73.0,CNG,27.31,37.6,5,2148,83.9
1791112931673,28.577294,77.109282,73.0,CNG,26.59,28.6,5,2159,42.4
1791112932533,28.577347,77.109090,74.0,CNG,25.50,43.9,5,2147,42.4
1791112933618,28.577402,77.108896,75.0,CNG,25.91,40.0,5,2186,42.4
1791112935574,28.577520,77.108510,75.0,CNG,37.56,14.9,5,2190,18.4
1791112936406,28.577581,77.108323,72.0,CNG,48.46,14.9,5,2118,18.4
1791112937237,28.577638,77.108139,71.0,CNG,58.57,14.9,5,2092,18.4
1791112939048,28.577689,77.107967,68.0,CNG,67.02,14.9,5,2023,34.5
1791112940018,28.577737,77.107814,54.0,CNG,68.95,14.9,,1362,34.5
1791112940880,28.577781,77.107682,48.0,CNG,70.07,14.9,,1155,34.5
1791112942696,28.577861,77.107440,47.0,CNG,69.88,14.9,,1004,69.0
1791112943492,28.577899,77.107320,47.0,CNG,28.30,60.8,3,2350,69.0
1791112944492,28.577939,77.107194,50.0,CNG,17.80,55.7,3,2496,69.0
1791112946467,28.578027,77.106928,51.0,CNG,16.22,56.1,,2180,90.2
1791112947509,28.578072,77.106786,55.0,CNG,15.39,57.6,4,2044,90.2
1791112948551,28.578117,77.106636,58.0,CNG,15.56,58.8,4,2144,90.2
1791112950678,28.578212,77.106323,60.0,CNG,21.97,40.0,4,2250,72.5
1791112951765,28.578265,77.106164,62.0,CNG,31.71,14.9,5,1800,72.5
1791112952677,28.578314,77.106006,60.0,CNG,21.78,69.0,5,1787,72.5
1791112954557,28.578392,77.105680,62.0,CNG,20.23,14.9,5,1812,21.2
1791112955450,28.578429,77.105532,55.0,CNG,28.27,14.9,5,1659,21.2
1791112956462,28.578466,77.105406,46.0,CNG,35.41,14.9,5,1440,21.2
1791112958174,28.578511,77.105224,36.0,CNG,38.59,14.9,5,1120,63.1
1791112958938,28.578511,77.105224,31.0,CNG,22.31,59.6,3,1723,63.1
1791112959902,28.578525,77.105137,35.0,CNG,16.42,48.2,3,1716,63.1
1791112961630,28.578555,77.104941,37.0,CNG,15.06,24.7,3,1836,82.7
1791112962447,28.578572,77.104833,40.0,CNG,14.55,43.5,3,2023,82.7
1791112963456,28.578590,77.104718,43.0,CNG,10.82,61.2,3,2177,82.7
1791112965474,28.578636,77.104469,46.0,CNG,16.72,44.7,3,2256,88.2
1791112966510,28.578664,77.104338,49.0,CNG,16.56,54.9,4,1822,88.2
1791112967457,28.578697,77.104203,52.0,CNG,15.30,54.5,4,1914,88.2
1791112969581,28.578777,77.103923,54.0,CNG,17.41,14.9,4,1976,83.9
1791112970581,28.578824,77.103780,55.0,CNG,18.25,44.3,5,1628,83.9
1791112971574,28.578872,77.103635,57.0,CNG,19.84,14.9,5,1672,83.9
1791112973402,28.578977,77.103340,57.0,CNG,19.99,46.3,5,1667,69.0
1791112974424,28.579032,77.103191,59.0,CNG,21.30,35.7,5,1696,69.0
1791112975559,28.579086,77.103039,60.0,CNG,30.03,14.9,5,1753,69.0
1791112977322,28.579190,77.102750,59.0,CNG,40.26,14.9,5,1697,19.2
1791112978128,28.579190,77.102750,53.0,CNG,36.89,29.4,5,1568,19.2
1791112978967,28.579239,77.102613,53.0,CNG,48.56,14.9,5,1560,19.2
1791112980853,28.579336,77.102348,52.0,CNG,64.99,14.9,,1015,43.9
1791112981685,28.579384,77.102218,52.0,CNG,30.89,14.9,3,2609,43.9
1791112982546,28.579429,77.102087,52.0,CNG,26.41,31.8,4,2097,43.9
1791112984252,28.579523,77.101818,52.0,CNG,26.34,37.6,4,1925,93.3
1791112985256,28.579573,77.101681,54.0,CNG,36.49,40.0,4,1808,93.3
1791112986384,28.579621,77.101542,54.0,CNG,28.50,25.9,5,1610,93.3
1791112988137,28.579667,77.101403,55.0,CNG,38.83,14.9,5,1600,71.4
1791112988946,28.579708,77.101262,54.0,CNG,23.41,64.7,5,1582,71.4
1791112990082,28.579787,77.100969,56.0,CNG,20.37,56.1,5,1642,71.4
1791112991951,28.579830,77.100816,58.0,CNG,20.81,52.2,5,1700,78.0
1791112992967,28.579875,77.100660,61.0,CNG,21.39,48.2,5,1786,78.0
1791112993996,28.579970,77.100336,62.0,CNG,21.25,46.3,5,1826,78.0
1791112995807,28.580016,77.100169,63.0,CNG,22.63,43.1,5,1867,75.7
1791112996899,28.580061,77.099999,65.0,CNG,22.94,16.9,5,1903,75.7
1791112997937,28.580106,77.099828,64.0,CNG,25.77,36.5,5,1880,75.7
1791113000191,28.580238,77.099328,64.0,CNG,36.56,14.9,5,1875,18.8
1791113001128,28.580238,77.099328,60.0,CNG,59.59,14.9,5,1780,18.8
1791113001910,28.580279,77.099168,59.0,CNG,67.56,14.9,5,1747,18.8
1791113003651,28.580352,77.098861,58.0,CNG,73.84,14.9,5,1716,76.5
1791113004517,28.580388,77.098707,58.0,CNG,40.22,14.9,5,1704,76.5
1791113005340,28.580424,77.098553,58.0,CNG,50.33,14.9,5,1648,76.5
1791113007158,28.580494,77.098243,57.0,CNG,41.12,45.1,5,1696,42.7
1791113008255,28.580528,77.098092,58.0,CNG,52.14,14.9,5,1654,42.7
1791113009170,28.580528,77.098092,53.0,CNG,60.74,14.9,5,1583,42.7
1791113011204,28.580634,77.097704,48.0,CNG,74.71,30.2,,1066,21.2
1791113012068,28.580634,77.097704,45.0,CNG,71.76,14.9,4,1678,21.2
1791113012900,28.580668,77.097586,44.0,CNG,49.26,22.0,4,1678,21.2
1791113014602,28.580737,77.097355,44.0,CNG,26.95,35.3,4,1681,71.0
1791113015734,28.580775,77.097236,46.0,CNG,27.49,14.9,4,1710,71.0
1791113016573,28.580814,77.097118,46.0,CNG,36.70,14.9,4,1703,71.0
1791113018327,28.580900,77.096879,46.0,CNG,23.07,64.3,4,1744,76.1
1791113019319,28.580949,77.096757,49.0,CNG,21.98,14.9,4,1828,76.1
1791113020233,28.580999,77.096639,49.0,CNG,29.89,14.9,4,1803,76.1
1791113022116,28.581049,77.096529,45.0,CNG,38.33,14.9,4,1676,19.2
1791113023029,28.581097,77.096427,41.0,CNG,44.97,14.9,4,1532,19.2
1791113023888,28.581145,77.096327,41.0,CNG,51.84,14.9,4,1492,19.2
1791113025590,28.581243,77.096139,39.0,CNG,56.78,39.2,4,1458,85.1
1791113026738,28.581294,77.096042,42.0,CNG,24.26,59.6,4,1544,85.1
1791113028057,28.581402,77.095832,44.0,CNG,17.41,57.6,4,1635,85.1
1791113030422,28.581509,77.095612,46.0,CNG,25.09,14.9,4,1668,67.1
1791113031291,28.581560,77.095500,46.0,CNG,21.46,42.0,4,1696,67.1
1791113032353,28.581614,77.095384,47.0,CNG,19.24,48.6,4,1749,67.1
1791113034297,28.581729,77.095140,49.0,CNG,17.75,45.9,4,1830,71.8
1791113035383,28.581791,77.095011,53.0,CNG,16.25,58.0,4,1968,71.8
1791113036410,28.581855,77.094876,56.0,CNG,14.58,58.0,4,2073,71.8
1791113038309,28.581987,77.094586,59.0,CNG,14.70,58.8,4,2163,86.3
1791113039439,28.582058,77.094432,63.0,CNG,14.73,56.1,4,2345,86.3
1791113040594,28.582131,77.094273,66.0,CNG,16.13,59.2,4,2444,86.3
1791113042398,28.582285,77.093944,68.0,CNG,14.16,59.2,4,2505,85.1
1791113043520,28.582369,77.093778,69.0,CNG,16.65,25.1,4,2581,85.1
1791113044418,28.582456,77.093617,69.0,CNG,25.27,51.0,5,2257,85.1
1791113046238,28.582634,77.093299,69.0,CNG,23.53,49.8,5,1995,73.7
1791113047400,28.582726,77.093144,68.0,CNG,24.02,40.8,5,2021,73.7
1791113048403,28.582819,77.092990,68.0,CNG,34.45,14.9,5,1999,73.7
1791113050411,28.582996,77.092705,65.0,CNG,45.08,38.4,5,1893,19.2
1791113051406,28.583082,77.092574,59.0,CNG,54.82,14.9,5,1748,19.2
1791113052261,28.583161,77.092456,54.0,CNG,62.72,14.9,5,1599,19.2
1791113053959,28.583233,77.092350,49.0,CNG,69.05,14.9,5,1451,75.3
1791113054831,28.583304,77.092248,47.0,CNG,53.80,14.9,5,1378,75.3
1791113055643,28.583373,77.092150,45.0,CNG,59.33,32.9,5,1338,75.3
1791113057436,28.583508,77.091958,44.0,CNG,30.52,45.5,5,1247,78.0
1791113058554,28.583574,77.091860,45.0,CNG,23.17,47.5,5,1312,78.0
1791113059553,28.583641,77.091759,46.0,CNG,20.26,42.0,5,1361,78.0
1791113061356,28.583779,77.091552,47.0,CNG,22.55,29.8,5,1375,21.2
1791113062201,28.583847,77.091458,46.0,CNG,32.93,14.9,,1118,21.2
1791113063031,28.583847,77.091458,42.0,CNG,45.38,14.9,,909,21.2
1791113064837,28.583967,77.091288,39.0,CNG,45.01,14.9,4,1491,24.7
1791113065685,28.584026,77.091207,38.0,CNG,31.09,28.2,3,1935,24.7
1791113066486,28.584086,77.091124,38.0,CNG,28.15,31.4,3,1971,24.7
1791113068233,28.584206,77.090955,39.0,CNG,21.75,14.9,3,1972,62.7
1791113069098,28.584206,77.090955,40.0,CNG,28.94,34.1,3,2019,62.7
1791113070106,28.584268,77.090869,41.0,CNG,27.58,27.1,3,2062,62.7
1791113072073,28.584392,77.090691,41.0,CNG,21.91,32.5,3,2103,55.3
1791113072870,28.584455,77.090597,43.0,CNG,29.86,29.0,3,2210,55.3
1791113073732,28.584518,77.090502,43.0,CNG,30.47,14.9,3,2182,55.3
1791113075553,28.584642,77.090312,43.0,CNG,34.23,23.5,3,2193,18.8
1791113076451,28.584704,77.090216,43.0,CNG,39.60,14.9,3,2177,18.8
1791113077254,28.584766,77.090120,43.0,CNG,27.17,32.9,3,2225,18.8
1791113079181,28.584899,77.089914,44.0,CNG,16.47,60.8,3,2226,86.7
1791113080223,28.584973,77.089804,51.0,CNG,22.62,14.9,3,2608,86.7
1791113081299,28.585049,77.089690,52.0,CNG,17.81,54.1,,2340,86.7
1791113083248,28.585196,77.089454,53.0,CNG,25.46,14.9,4,1982,77.3
1791113084127,28.585196,77.089454,53.0,CNG,35.03,14.9,4,1951,77.3
1791113085053,28.585269,77.089335,50.0,CNG,42.84,14.9,4,1892,77.3
1791113086688,28.585399,77.089130,45.0,CNG,50.02,14.9,4,1673,57.6
1791113087587,28.585462,77.089035,43.0,CNG,53.41,14.9,4,1596,57.6
1791113088378,28.585522,77.088943,42.0,CNG,58.74,14.9,4,1578,57.6
1791113090620,28.585641,77.088770,39.0,CNG,36.64,56.1,4,1442,72.9
1791113091709,28.585705,77.088680,43.0,CNG,26.54,42.4,4,1585,72.9
1791113092837,28.585770,77.088584,44.0,CNG,35.81,37.6,4,1633,72.9
1791113094891,28.585897,77.088381,46.0,CNG,26.68,38.4,4,1681,20.0
1791113095946,28.585961,77.088277,46.0,CNG,31.69,34.1,4,1704,20.0
1791113096703,28.586024,77.088173,46.0,CNG,32.92,14.9,4,1704,20.0
1791113098405,28.586150,77.087964,46.0,CNG,41.50,34.1,4,1703,83.9
1791113099255,28.586218,77.087858,47.0,CNG,24.65,46.7,4,1745,83.9
1791113100225,28.586290,77.087750,49.0,CNG,19.55,43.9,4,1818,83.9
1791113101985,28.586366,77.087640,51.0,CNG,19.34,25.5,4,1872,31.4
1791113102797,28.586437,77.087536,45.0,CNG,26.12,14.9,5,1350,31.4
1791113103689,28.586501,77.087443,41.0,CNG,32.71,14.9,5,1173,31.4
1791113105378,28.586618,77.087275,39.0,CNG,38.42,14.9,,992,75.3
1791113106252,28.586676,77.087194,38.0,CNG,33.50,14.9,2,3019,75.3
1791113107199,28.586735,77.087108,39.0,CNG,19.86,60.4,,2370,75.3
1791113109239,28.586856,77.086918,43.0,CNG,17.74,14.9,3,2141,20.0
1791113110251,28.586910,77.086818,42.0,CNG,20.50,16.1,3,2205,20.0
1791113111047,28.586959,77.086715,42.0,CNG,22.56,35.3,3,2107,20.0
1791113112940,28.587005,77.086608,43.0,CNG,19.31,38.0,3,2170,89.8
1791113114038,28.587084,77.086366,47.0,CNG,16.66,61.6,3,2388,89.8
1791113115097,28.587123,77.086232,51.0,CNG,11.85,60.4,3,2553,89.8
1791113116930,28.587161,77.086094,53.0,CNG,17.69,14.9,3,2661,93.7
1791113117771,28.587199,77.085951,55.0,CNG,17.29,47.8,4,2030,93.7
1791113118825,28.587237,77.085804,57.0,CNG,20.62,40.8,4,2099,93.7
1791113120762,28.587314,77.085500,58.0,CNG,19.72,43.5,4,2135,21.2
1791113121921,28.587352,77.085352,53.0,CNG,29.54,14.9,,1087,21.2
1791113122759,28.587385,77.085217,49.0,CNG,41.09,14.9,,882,21.2
1791113124474,28.587442,77.084972,46.0,CNG,53.23,14.9,,852,22.0
1791113125343,28.587471,77.084856,43.0,CNG,28.64,43.9,,1075,22.0
1791113126369,28.587506,77.084738,45.0,CNG,21.38,43.9,4,1682,22.0
1791113128329,28.587605,77.084500,47.0,CNG,18.95,41.2,4,1740,84.7
1791113129598,28.587669,77.084382,51.0,CNG,18.59,45.5,4,1877,84.7
1791113130587,28.587745,77.084268,52.0,CNG,27.14,43.1,4,1943,84.7
1791113132324,28.587925,77.084056,53.0,CNG,21.75,47.1,4,1967,62.4
1791113133322,28.588029,77.083964,55.0,CNG,21.91,41.6,,1411,62.4
1791113134215,28.588141,77.083879,55.0,CNG,23.33,40.8,5,1631,62.4
1791113136012,28.588258,77.083796,57.0,CNG,25.25,34.5,5,1661,47.5
1791113137016,28.588379,77.083714,58.0,CNG,28.62,33.7,5,1712,47.5
1791113137907,28.588500,77.083631,59.0,CNG,29.23,38.0,5,1732,47.5
1791113139871,28.588750,77.083461,60.0,CNG,29.47,37.6,5,1769,53.7
1791113140978,28.588878,77.083374,62.0,CNG,29.81,33.7,5,1817,53.7
1791113142018,28.589007,77.083286,62.0,CNG,29.23,34.1,5,1829,53.7
1791113143734,28.589267,77.083101,63.0,CNG,29.10,36.1,5,1849,56.5
1791113144737,28.589398,77.083006,64.0,CNG,28.88,31.4,5,1893,56.5
1791113145557,28.589531,77.082913,64.0,CNG,39.88,14.9,5,1886,56.5
1791113147291,28.589788,77.082748,61.0,CNG,51.09,14.9,5,1817,48.6
1791113148105,28.589788,77.082748,59.0,CNG,60.79,31.0,5,1673,48.6
1791113149183,28.590051,77.082622,59.0,CNG,67.94,14.9,5,1714,48.6
1791113151209,28.590320,77.082532,58.0,CNG,44.67,29.0,5,1724,20.8
1791113152142,28.590320,77.082532,53.0,CNG,54.56,14.9,5,1609,20.8
1791113152928,28.590445,77.082507,50.0,CNG,62.71,14.9,5,1486,20.8
1791113154664,28.590682,77.082488,48.0,CNG,61.54,34.5,5,1414,34.9
1791113155478,28.590800,77.082484,48.0,CNG,36.21,40.8,5,1450,34.9
1791113156536,28.590919,77.082479,49.0,CNG,44.98,40.0,5,1439,34.9
1791113158509,28.591150,77.082468,49.0,CNG,56.25,14.9,5,1441,24.3
1791113159394,28.591243,77.082464,37.0,CNG,55.30,14.9,5,1081,24.3
1791113160199,28.591311,77.082463,28.0,CNG,49.15,14.9,5,861,24.3
1791113161983,28.591374,77.082463,24.0,CNG,55.02,31.4,4,847,88.2
1791113162804,28.591437,77.082462,28.0,CNG,16.85,59.2,2,2113,88.2
1791113163812,28.591511,77.082461,34.0,CNG,12.68,56.9,2,2528,88.2
1791113165808,28.591693,77.082444,39.0,CNG,17.22,14.9,2,2949,93.7
1791113166802,28.591794,77.082422,43.0,CNG,13.21,53.7,3,2200,93.7
1791113167863,28.591898,77.082382,46.0,CNG,20.71,14.9,3,2177,93.7
1791113170004,28.592084,77.082251,46.0,CNG,25.62,14.9,4,1769,19.2
1791113170883,28.592156,77.082163,43.0,CNG,33.58,43.1,4,1578,19.2
1791113171933,28.592212,77.082063,43.0,CNG,24.41,40.8,4,1600,19.2
1791113173933,28.592292,77.081840,44.0,CNG,29.87,35.7,4,1640,78.0
1791113175051,28.592361,77.081598,46.0,CNG,21.47,51.0,4,1708,78.0
1791113176053,28.592361,77.081598,49.0,CNG,18.74,22.4,4,1804,78.0
1791113177648,28.592431,77.081338,50.0,CNG,18.22,38.4,4,1826,56.1
1791113178630,28.592466,77.081202,52.0,CNG,20.18,52.2,4,1910,56.1
1791113179464,28.592502,77.081063,53.0,CNG,19.67,14.9,4,1969,56.1
1791113181241,28.592573,77.080792,53.0,CNG,29.46,14.9,5,1592,17.6
1791113182026,28.592573,77.080792,47.0,CNG,40.54,14.9,,855,17.6
1791113182887,28.592606,77.080669,45.0,CNG,29.57,43.9,,880,17.6
1791113184904,28.592673,77.080422,47.0,CNG,22.55,46.3,5,1365,80.0
1791113186165,28.592747,77.080152,52.0,CNG,20.15,44.3,5,1513,80.0
1791113187233,28.592787,77.080009,54.0,CNG,19.76,40.4,5,1591,80.0
1791113189073,28.592873,77.079708,57.0,CNG,21.41,36.5,5,1656,71.8
1791113190327,28.592916,77.079551,60.0,CNG,24.07,37.3,5,1812,71.8
1791113191292,28.592960,77.079389,62.0,CNG,26.20,38.8,5,1807,71.8
1791113193170,28.593003,77.079222,63.0,CNG,28.33,33.3,5,1849,42.4
1791113193970,28.593049,77.079051,65.0,CNG,36.11,25.1,5,1925,42.4
1791113194842,28.593097,77.078879,66.0,CNG,48.02,14.9,5,1925,42.4
1791113196720,28.593189,77.078540,66.0,CNG,59.03,14.9,5,1939,18.8
1791113197598,28.593227,77.078394,53.0,CNG,65.96,14.9,5,1600,18.8
1791113198428,28.593260,77.078265,47.0,CNG,68.11,14.9,5,1389,18.8
1791113200319,28.593323,77.078016,47.0,CNG,47.65,14.9,5,1383,22.4
1791113201122,28.593323,77.078016,46.0,CNG,39.72,26.3,5,1392,22.4
1791113202013,28.593354,77.077894,46.0,CNG,48.87,14.9,5,1355,22.4
1791113203712,28.593413,77.077655,46.0,CNG,56.78,14.9,5,1341,22.0
1791113204577,28.593443,77.077538,44.0,CNG,61.64,14.9,5,1286,22.0
1791113205421,28.593474,77.077424,43.0,CNG,64.86,14.9,5,1280,22.0
1791113207137,28.593505,77.077311,43.0,CNG,72.50,29.8,5,1246,48.2
1791113208077,28.593535,77.077199,43.0,CNG,50.00,29.4,5,1255,48.2
1791113209027,28.593565,77.077086,43.0,CNG,49.52,26.7,5,1283,48.2
1791113211134,28.593626,77.076853,44.0,CNG,43.76,25.1,5,1288,43.5
1791113211959,28.593655,77.076736,44.0,CNG,39.05,28.2,5,1293,43.5
1791113212811,28.593685,77.076619,45.0,CNG,36.97,28.2,5,1304,43.5
1791113214694,28.593748,77.076389,45.0,CNG,35.45,29.0,5,1312,49.0
1791113215545,28.593779,77.076272,45.0,CNG,34.89,29.0,5,1327,49.0
1791113216392,28.593813,77.076150,,CNG,20.16,29.4,0,1342,49.0
1791113218142,28.593846,77.076030,46.0,CNG,25.60,29.0,5,1344,40.8
1791113218969,28.593878,77.075908,47.0,CNG,31.86,29.0,5,1370,40.8
1791113219918,28.593911,77.075785,47.0,CNG,36.23,29.0,5,1377,40.8
1791113221651,28.593973,77.075536,47.0,CNG,38.77,14.9,5,1387,31.4
1791113222502,28.594002,77.075410,47.0,CNG,38.19,29.8,5,1389,31.4
1791113223747,28.594029,77.075283,47.0,CNG,35.99,29.0,5,1399,31.4
1791113226292,28.594107,77.074907,48.0,CNG,49.04,14.9,5,1403,21.6
1791113227567,28.594130,77.074788,45.0,CNG,56.43,14.9,5,1313,21.6
1791113228866,28.594152,77.074673,42.0,CNG,60.81,14.9,5,1245,21.6
1791113231838,28.594210,77.074349,40.0,CNG,62.51,14.9,5,1202,26.3
1791113232812,28.594229,77.074247,37.0,CNG,70.95,14.9,,855,26.3
1791113233699,28.594247,77.074147,37.0,CNG,77.51,14.9,,852,26.3
1791113235359,28.594282,77.073952,37.0,CNG,81.79,14.9,,853,23.9
1791113236302,28.594298,77.073867,32.0,CNG,67.46,14.9,5,850,23.9
1791113237155,28.594298,77.073867,29.0,CNG,57.94,14.9,5,852,23.9
1791113238900,28.594326,77.073733,23.0,CNG,47.22,14.9,4,847,69.0
1791113239764,28.594335,77.073673,22.0,CNG,25.76,29.0,2,1618,69.0
1791113240655,28.594348,77.073612,22.0,CNG,30.94,14.9,2,1709,69.0
1791113242593,28.594366,77.073503,22.0,CNG,30.92,14.9,3,1236,34.9
1791113243620,28.594371,77.073460,15.0,CNG,27.01,14.9,,889,34.9
1791113244492,28.594375,77.073428,11.0,CNG,21.48,14.9,2,854,34.9
1791113246178,28.594381,77.073370,10.0,CNG,18.37,14.9,2,861,39.6
1791113247078,28.594381,77.073370,11.0,CNG,20.23,14.9,,1132,39.6
1791113247871,28.594384,77.073349,5.0,CNG,17.83,14.9,,894,39.6
1791113249886,28.594389,77.073321,4.0,CNG,7.57,40.0,,873,56.9
1791113250887,28.594391,77.073305,6.0,CNG,5.47,38.0,,1150,56.9
1791113251895,28.594394,77.073289,6.0,CNG,3.64,27.5,,1292,56.9
1791113253601,28.594400,77.073256,7.0,CNG,5.25,14.9,1,1010,38.0
1791113254593,28.594402,77.073242,5.0,CNG,7.87,39.6,,876,38.0
1791113255549,28.594406,77.073224,7.0,CNG,4.40,36.9,,1649,38.0
1791113257289,28.594418,77.073165,10.0,CNG,5.70,36.1,,1078,25.1
1791113258324,28.594428,77.073134,12.0,CNG,6.29,23.5,2,928,25.1
1791113259247,28.594437,77.073102,12.0,CNG,9.15,14.9,,1107,25.1
1791113261037,28.594443,77.073072,12.0,CNG,11.78,14.9,2,906,38.4
1791113261956,28.594447,77.073049,7.0,CNG,11.23,41.2,1,857,38.4
1791113262986,28.594450,77.073030,8.0,CNG,8.45,42.0,1,1081,38.4
1791113264966,28.594456,77.072974,11.0,CNG,11.39,38.0,1,1360,75.3
1791113266045,28.594458,77.072936,15.0,CNG,14.96,14.9,2,1108,75.3
1791113266830,28.594458,77.072897,14.0,CNG,16.76,30.6,,927,75.3
1791113268593,28.594457,77.072816,14.0,CNG,11.63,41.6,2,1097,68.2
1791113269889,28.594461,77.072770,18.0,CNG,10.91,32.9,2,1385,68.2
1791113270699,28.594464,77.072719,19.0,CNG,8.06,63.1,2,1443,68.2
1791113272565,28.594481,77.072586,24.0,CNG,6.72,60.8,2,1795,79.2
1791113273710,28.594493,77.072505,30.0,CNG,7.57,49.8,,2012,79.2
1791113274773,28.594507,77.072415,34.0,CNG,9.86,26.7,3,1671,79.2
1791113276533,28.594524,77.072230,34.0,CNG,15.68,14.9,3,1741,22.7
1791113277358,28.594516,77.072145,31.0,CNG,21.72,14.9,5,862,22.7
1791113278267,28.594496,77.072074,28.0,CNG,26.74,14.9,5,855,22.7
1791113279928,28.594463,77.072018,25.0,CNG,29.78,14.9,4,855,45.5
1791113280859,28.594422,77.071976,23.0,CNG,29.99,14.9,4,851,45.5
1791113281900,28.594378,77.071940,22.0,CNG,30.83,14.9,4,859,45.5
1791113283505,28.594289,77.071869,22.0,CNG,18.73,45.9,4,861,91.4
1791113284586,28.594237,77.071824,28.0,CNG,10.13,44.3,2,2065,91.4
1791113285677,28.594183,77.071770,32.0,CNG,10.16,14.9,2,2415,91.4
1791113287364,28.594055,77.071665,32.0,CNG,10.75,44.7,3,1786,57.6
1791113288495,28.593979,77.071620,36.0,CNG,12.41,40.0,3,1806,57.6
1791113289841,28.593898,77.071576,37.0,CNG,14.17,36.9,3,1902,57.6
1791113291793,28.593732,77.071481,39.0,CNG,13.95,36.5,3,1942,55.3
1791113292915,28.593645,77.071432,39.0,CNG,19.90,14.9,3,1998,55.3
1791113293811,28.593560,77.071385,38.0,CNG,26.63,14.9,3,1915,55.3
1791113295489,28.593401,77.071305,36.0,CNG,32.80,14.9,3,1841,42.4
1791113296372,28.593324,77.071266,35.0,CNG,27.56,44.3,3,1744,42.4
1791113297610,28.593242,77.071222,37.0,CNG,15.55,51.0,3,1834,42.4
1791113299474,28.593069,77.071117,40.0,CNG,12.52,68.2,3,2007,93.7
1791113300422,28.592969,77.071059,46.0,CNG,18.06,40.8,3,2358,93.7
1791113301289,28.592867,77.071001,47.0,CNG,15.43,53.7,3,2214,93.7
1791113303017,28.592762,77.070940,49.0,CNG,23.16,14.9,4,1795,20.4
1791113303915,28.592669,77.070877,39.0,CNG,32.42,14.9,,947,20.4
1791113304760,28.592595,77.070825,32.0,CNG,40.04,14.9,5,850,20.4
1791113306458,28.592483,77.070750,26.0,CNG,45.84,14.9,5,851,22.4
1791113307444,28.592436,77.070723,23.0,CNG,49.57,14.9,4,871,22.4
1791113308350,28.592396,77.070699,19.0,CNG,44.82,14.9,,860,22.4
1791113310325,28.592334,77.070659,15.0,CNG,35.68,14.9,3,862,38.4
1791113311310,28.592316,77.070646,10.0,CNG,25.05,14.9,2,861,38.4
1791113312149,28.592316,77.070646,5.0,CNG,17.30,14.9,,858,38.4
1791113313967,28.592302,77.070635,3.0,CNG,12.47,14.9,,855,41.6
1791113314831,28.592301,77.070634,0.0,CNG,7.21,14.9,0,853,41.6
1791113315732,28.592301,77.070634,0.0,CNG,4.22,14.9,0,850,41.6
1791113317408,28.592301,77.070634,0.0,CNG,,14.9,0,852,24.7
1791113318289,28.592301,77.070634,0.0,CNG,,14.9,0,865,24.7
1791113319106,28.592301,77.070634,0.0,CNG,,14.9,0,871,24.7
1791113320829,28.592301,77.070634,0.0,CNG,,14.9,0,864,21.6
1791113321708,28.592301,77.070634,0.0,CNG,,14.9,0,842,21.6
1791113322597,28.592301,77.070634,0.0,CNG,,14.9,0,851,21.6
1791113324242,28.592301,77.070634,0.0,CNG,,14.9,0,852,41.6
1791113325227,28.592301,77.070634,0.0,CNG,,14.9,0,866,41.6
1791113326082,28.592301,77.070634,0.0,CNG,,32.2,0,854,41.6
1791113327958,28.592293,77.070626,1.0,CNG,,27.8,,1423,43.1
1791113328834,28.592282,77.070617,6.0,CNG,,14.9,,1183,43.1
1791113329931,28.592271,77.070609,4.0,CNG,3.75,14.9,,992,43.1
1791113331659,28.592266,77.070604,1.0,CNG,,14.9,,851,42.4
1791113332532,28.592266,77.070604,0.0,CNG,,14.9,0,856,42.4
1791113333435,28.592266,77.070604,0.0,CNG,,14.9,0,858,42.4
1791113335090,28.592266,77.070604,0.0,CNG,,14.9,0,847,40.8
1791113335895,28.592266,77.070604,0.0,CNG,,14.9,0,858,40.8
1791113336809,28.592266,77.070604,0.0,CNG,,14.9,0,852,40.8
1791113338472,28.592266,77.070604,0.0,CNG,,14.9,0,851,41.6
1791113339505,28.592266,77.070604,0.0,CNG,,14.9,0,851,41.6
1791113340414,28.592266,77.070604,0.0,CNG,,14.9,0,854,41.6
1791113342231,28.592266,77.070604,0.0,CNG,,14.9,0,858,43.5
1791113343052,28.592266,77.070604,0.0,CNG,,14.9,0,858,43.5
1791113343923,28.592266,77.070604,0.0,CNG,,14.9,0,854,43.5
1791113345610,28.592266,77.070604,0.0,CNG,,14.9,0,852,40.4
1791113346357,28.592266,77.070604,0.0,CNG,,14.9,0,856,40.4
1791113347208,28.592266,77.070604,0.0,CNG,,14.9,0,848,40.4
1791113348961,28.592266,77.070604,0.0,CNG,,14.9,0,847,39.6
1791113349968,28.592266,77.070604,0.0,CNG,,14.9,0,851,39.6
1791113350879,28.592266,77.070604,0.0,CNG,,14.9,0,854,39.6
1791113352603,28.592266,77.070604,0.0,CNG,,14.9,0,856,41.6
1791113353448,28.592266,77.070604,0.0,CNG,,14.9,0,861,41.6
1791113354468,28.592266,77.070604,0.0,CNG,,14.9,0,851,41.6
1791113356233,28.592266,77.070604,0.0,CNG,,14.9,0,848,41.2
1791113357036,28.592266,77.070604,0.0,CNG,,14.9,0,853,41.2
1791113358022,28.592266,77.070604,0.0,CNG,,14.9,0,858,41.2
1791113359924,28.592266,77.070604,0.0,CNG,,14.9,0,857,22.4
1791113360886,28.592266,77.070604,0.0,CNG,,14.9,0,879,22.4
1791113361735,28.592266,77.070604,0.0,CNG,,14.9,0,860,22.4
1791113363474,28.592266,77.070604,0.0,CNG,,14.9,0,847,30.6
1791113364639,28.592266,77.070604,0.0,CNG,,14.9,0,840,30.6
1791113365426,28.592266,77.070604,0.0,CNG,,14.9,0,860,30.6
1791113367225,28.592266,77.070604,0.0,CNG,,14.9,0,859,41.2
1791113368174,28.592266,77.070604,0.0,CNG,,14.9,0,855,41.2
1791113369021,28.592266,77.070604,0.0,CNG,,14.9,0,860,41.2
1791113371287,28.592266,77.070604,0.0,CNG,,14.9,0,853,40.4
1791113372140,28.592266,77.070604,0.0,CNG,,14.9,0,857,40.4
1791113373024,28.592266,77.070604,0.0,CNG,,14.9,0,850,40.4
1791113374809,28.592266,77.070604,0.0,CNG,,14.9,0,852,40.0
1791113375688,28.592266,77.070604,0.0,CNG,,14.9,0,857,40.0
1791113376585,28.592266,77.070604,0.0,CNG,,14.9,0,850,40.0
1791113378288,28.592266,77.070604,0.0,CNG,,14.9,0,848,40.0
1791113379090,28.592266,77.070604,0.0,CNG,,14.9,0,856,40.0
1791113379924,28.592266,77.070604,0.0,CNG,,14.9,0,848,40.0
1791113381828,28.592266,77.070604,0.0,CNG,,14.9,0,846,39.2
1791113382690,28.592266,77.070604,0.0,CNG,,14.9,0,852,39.2
1791113383540,28.592266,77.070604,0.0,CNG,,14.9,0,851,39.2
1791113385288,28.592266,77.070604,0.0,CNG,,14.9,0,847,38.8
1791113386151,28.592266,77.070604,0.0,CNG,,14.9,0,855,38.8
1791113386964,28.592266,77.070604,0.0,CNG,,14.9,0,855,38.8
1791113388674,28.592266,77.070604,0.0,CNG,,14.9,0,845,39.6
1791113389696,28.592266,77.070604,0.0,CNG,,14.9,0,854,39.6
1791113390620,28.592266,77.070604,0.0,CNG,,14.9,0,851,39.6
1791113392407,28.592266,77.070604,0.0,CNG,,14.9,0,848,39.6
1791113393181,28.592266,77.070604,0.0,CNG,,14.9,0,849,39.6
1791113394058,28.592266,77.070604,0.0,CNG,,14.9,0,840,39.6
1791113395826,28.592266,77.070604,0.0,CNG,,14.9,0,847,39.2
1791113396635,28.592266,77.070604,0.0,CNG,,14.9,0,856,39.2
1791113397655,28.592266,77.070604,0.0,CNG,,14.9,0,852,39.2
1791113399368,28.592266,77.070604,0.0,CNG,,14.9,0,811,23.5
1791113400135,28.592266,77.070604,0.0,CNG,,14.9,0,848,23.5
1791113400922,28.592266,77.070604,0.0,CNG,,14.9,0,841,23.5
1791113402782,28.592266,77.070604,0.0,CNG,,14.9,0,844,31.4
1791113403641,28.592266,77.070604,0.0,CNG,,14.9,0,850,31.4
1791113404501,28.592266,77.070604,0.0,CNG,,14.9,0,856,31.4
1791113406210,28.592266,77.070604,0.0,CNG,,14.9,0,858,42.0
1791113407057,28.592266,77.070604,0.0,CNG,,14.9,0,862,42.0
1791113407919,28.592266,77.070604,0.0,CNG,,14.9,0,857,42.0
1791113409784,28.592266,77.070604,0.0,CNG,,14.9,0,864,40.0
1791113410760,28.592266,77.070604,0.0,CNG,,14.9,0,852,40.0
1791113411638,28.592266,77.070604,0.0,CNG,,14.9,0,854,40.0
1791113413477,28.592266,77.070604,0.0,CNG,,14.9,0,846,40.0
1791113414327,28.592266,77.070604,0.0,CNG,,14.9,0,856,40.0
1791113415186,28.592266,77.070604,0.0,CNG,,14.9,0,850,40.0
1791113416884,28.592266,77.070604,0.0,CNG,,14.9,0,851,41.6
1791113417769,28.592266,77.070604,0.0,CNG,,14.9,0,852,41.6
1791113418596,28.592266,77.070604,0.0,CNG,,14.9,0,848,41.6
1791113420309,28.592266,77.070604,0.0,CNG,,14.9,0,852,41.2
1791113421285,28.592258,77.070597,0.0,CNG,,14.9,0,1008,41.2
1791113422263,28.592258,77.070597,1.0,CNG,,14.9,,1029,41.2
1791113423965,28.592258,77.070597,0.0,CNG,,14.9,0,889,42.7
1791113424848,28.592258,77.070597,0.0,CNG,,14.9,0,919,42.7
1791113425696,28.592256,77.070595,1.0,CNG,,14.9,,1132,42.7
1791113427411,28.592256,77.070596,0.0,CNG,,14.9,0,976,38.8
1791113428319,28.592256,77.070596,0.0,CNG,,14.9,0,859,38.8
1791113429291,28.592255,77.070594,0.0,CNG,,14.9,0,869,38.8
1791113431123,28.592255,77.070594,1.0,CNG,,14.9,,1142,50.2
1791113432009,28.592255,77.070594,0.0,CNG,,14.9,0,1563,50.2
1791113432882,28.592255,77.070594,0.0,CNG,,14.9,0,1185,50.2
1791113434571,28.592255,77.070594,0.0,CNG,,14.9,0,926,25.1
1791113435513,28.592255,77.070594,0.0,CNG,,24.3,0,862,25.1
1791113436414,28.592251,77.070590,0.0,CNG,,36.5,0,1042,25.1
1791113438274,28.592216,77.070564,7.0,CNG,,32.2,,1475,92.9
1791113439144,28.592216,77.070564,15.0,CNG,3.82,14.9,1,2120,92.9
1791113440024,28.592185,77.070540,16.0,CNG,7.02,14.9,,1431,92.9
1791113441692,28.592124,77.070498,14.0,CNG,9.93,14.9,,1302,30.6
1791113442559,28.592103,77.070481,10.0,CNG,10.94,14.9,,961,30.6
1791113443399,28.592082,77.070463,10.0,CNG,7.15,43.9,,960,30.6
1791113445359,28.592024,77.070417,14.0,CNG,7.38,33.7,2,994,34.5
1791113446384,28.591988,77.070387,17.0,CNG,8.08,24.3,2,1322,34.5
1791113447292,28.591953,77.070358,19.0,CNG,12.58,14.9,2,1391,34.5
1791113448958,28.591918,77.070329,18.0,CNG,17.91,18.4,,1185,60.8
1791113450225,28.591841,77.070261,21.0,CNG,11.02,14.9,2,1546,60.8
1791113451134,28.591796,77.070222,22.0,CNG,10.26,55.7,2,1819,60.8
1791113453092,28.591745,77.070178,27.0,CNG,13.04,14.9,2,1967,31.0
1791113454080,28.591694,77.070137,24.0,CNG,17.25,14.9,3,1244,31.0
1791113454976,28.591648,77.070099,23.0,CNG,20.97,14.9,3,1046,31.0
1791113456695,28.591577,77.070040,20.0,CNG,22.38,14.9,,897,44.3
1791113457504,28.591555,77.070022,10.0,CNG,19.05,14.9,2,857,44.3
1791113458490,28.591536,77.070007,10.0,CNG,16.72,33.7,2,859,44.3
1791113460187,28.591497,77.069971,10.0,CNG,10.44,14.9,,1170,45.9
1791113461162,28.591497,77.069971,12.0,CNG,10.82,14.9,1,1500,45.9
1791113462207,28.591448,77.069926,13.0,CNG,15.27,14.9,2,985,45.9
1791113463919,28.591426,77.069906,12.0,CNG,18.51,14.9,2,868,31.4
1791113464789,28.591404,77.069886,11.0,CNG,8.58,46.3,2,931,31.4
1791113465918,28.591380,77.069863,15.0,CNG,7.50,34.5,2,1091,31.4
1791113467577,28.591319,77.069810,17.0,CNG,11.34,14.9,2,1245,29.8
1791113468486,28.591293,77.069788,13.0,CNG,13.37,14.9,2,970,29.8
1791113469361,28.591271,77.069772,10.0,CNG,13.33,14.9,2,863,29.8
1791113471420,28.591236,77.069742,8.0,CNG,8.38,14.9,,862,37.6
1791113472327,28.591227,77.069733,7.0,CNG,8.69,14.9,1,902,37.6
1791113473174,28.591227,77.069733,2.0,CNG,6.58,14.9,,864,37.6
1791113475144,28.591224,77.069729,0.0,CNG,4.20,14.9,0,866,46.3
1791113476063,28.591224,77.069729,1.0,CNG,,14.9,,1463,46.3
1791113476876,28.591218,77.069724,3.0,CNG,,14.9,,1232,46.3
1791113478591,28.591215,77.069721,2.0,CNG,,14.9,,1060,39.6
1791113479439,28.591215,77.069721,0.0,CNG,,14.9,0,868,39.6
1791113480393,28.591215,77.069721,0.0,CNG,,14.9,0,867,39.6
1791113482115,28.591215,77.069721,0.0,CNG,,14.9,0,864,40.8
1791113483000,28.591215,77.069721,0.0,CNG,,14.9,0,858,40.8
1791113483899,28.591215,77.069721,0.0,CNG,,14.9,0,877,40.8
1791113485628,28.591215,77.069721,0.0,CNG,,14.9,0,886,21.2
1791113486697,28.591215,77.069721,0.0,CNG,,14.9,0,851,21.2
1791113487612,28.591215,77.069721,0.0,CNG,,14.9,0,836,21.2
1791113489341,28.591215,77.069721,0.0,CNG,,14.9,0,843,33.7
1791113490582,28.591215,77.069721,0.0,CNG,,14.9,0,850,33.7
1791113491429,28.591215,77.069721,0.0,CNG,,14.9,0,850,33.7
1791113493107,28.591215,77.069721,0.0,CNG,,14.9,0,866,40.8
1791113493986,28.591215,77.069721,0.0,CNG,,14.9,0,853,40.8
1791113494861,28.591215,77.069721,0.0,CNG,,14.9,0,862,40.8
1791113496569,28.591215,77.069721,0.0,CNG,,14.9,0,851,40.0
1791113497426,28.591215,77.069721,0.0,CNG,,14.9,0,861,40.0
1791113498354,28.591215,77.069721,0.0,CNG,,14.9,0,853,40.0
1791113500295,28.591215,77.069721,0.0,CNG,,14.9,0,850,40.4
1791113501242,28.591215,77.069721,0.0,CNG,,14.9,0,851,40.4
1791113502136,28.591215,77.069721,0.0,CNG,,14.9,0,843,40.4
1791113503819,28.591215,77.069721,0.0,CNG,,14.9,0,848,40.4
1791113504730,28.591215,77.069721,0.0,CNG,,14.9,0,847,40.4
1791113505581,28.591215,77.069721,0.0,CNG,,14.9,0,848,40.4
1791113507385,28.591215,77.069721,0.0,CNG,,14.9,0,845,39.2
1791113508401,28.591215,77.069721,0.0,CNG,,14.9,0,844,39.2
1791113509432,28.591215,77.069721,,CNG,,14.9,0,851,39.2
1791113511388,28.591215,77.069721,0.0,CNG,,14.9,0,844,40.4
1791113512249,28.591215,77.069721,0.0,CNG,,14.9,0,851,40.4
1791113513013,28.591215,77.069721,0.0,CNG,,14.9,0,844,40.4
1791113514681,28.591215,77.069721,0.0,CNG,,14.9,0,850,40.4
1791113515656,28.591215,77.069721,0.0,CNG,,14.9,0,850,40.4
1791113516517,28.591215,77.069721,0.0,CNG,,14.9,0,852,40.4
1791113518224,28.591215,77.069721,0.0,CNG,,14.9,0,855,41.2
1791113519081,28.591215,77.069721,0.0,CNG,,14.9,0,850,41.2
1791113519965,28.591215,77.069721,0.0,CNG,,14.9,0,856,41.2
1791113521650,28.591215,77.069721,0.0,CNG,,14.9,0,850,40.8
1791113522504,28.591215,77.069721,0.0,CNG,,14.9,0,853,40.8
1791113523359,28.591215,77.069721,0.0,CNG,,14.9,0,857,40.8
1791113525086,28.591215,77.069721,0.0,CNG,,14.9,0,851,40.4
1791113525966,28.591215,77.069721,0.0,CNG,,14.9,0,849,40.4
1791113526774,28.591215,77.069721,0.0,CNG,,14.9,0,846,40.4
1791113528611,28.591215,77.069721,0.0,CNG,,14.9,0,850,40.8
1791113529819,28.591215,77.069721,0.0,CNG,,14.9,0,853,40.8
1791113530792,28.591215,77.069721,0.0,CNG,,14.9,0,858,40.8
1791113532452,28.591215,77.069721,0.0,CNG,,14.9,0,854,39.6
1791113533339,28.591215,77.069721,0.0,CNG,,14.9,0,855,39.6
1791113534228,28.591215,77.069721,0.0,CNG,,14.9,0,880,39.6
1791113535913,28.591215,77.069721,0.0,CNG,,14.9,0,856,23.1
1791113536769,28.591215,77.069721,0.0,CNG,,14.9,0,843,23.1
1791113537499,28.591215,77.069721,0.0,CNG,,14.9,0,846,23.1
1791113539404,28.591215,77.069721,0.0,CNG,,14.9,0,849,37.6
1791113540450,28.591215,77.069721,0.0,CNG,,14.9,0,852,37.6
1791113541304,28.591215,77.069721,0.0,CNG,,14.9,0,864,37.6
1791113543038,28.591215,77.069721,0.0,CNG,,14.9,0,860,41.2
1791113543912,28.591215,77.069721,0.0,CNG,,14.9,0,859,41.2
1791113544730,28.591215,77.069721,0.0,CNG,,14.9,0,857,41.2
1791113546361,28.591215,77.069721,0.0,CNG,,14.9,0,852,39.6
1791113547137,28.591215,77.069721,0.0,CNG,,14.9,0,857,39.6
1791113547976,28.591215,77.069721,0.0,CNG,,14.9,0,856,39.6
1791113550154,28.591215,77.069721,0.0,CNG,,14.9,0,852,39.2
1791113551010,28.591215,77.069721,0.0,CNG,,14.9,0,856,39.2
1791113551846,28.591215,77.069721,0.0,CNG,,14.9,0,858,39.2
1791113553705,28.591215,77.069721,0.0,CNG,,14.9,0,855,39.2
1791113554563,28.591215,77.069721,0.0,CNG,,14.9,0,850,39.2
1791113555418,28.591215,77.069721,0.0,CNG,,14.9,0,852,39.2
1791113557264,28.591215,77.069721,0.0,CNG,,14.9,0,844,39.6
1791113558107,28.591215,77.069721,0.0,CNG,,14.9,0,849,39.6
1791113558977,28.591215,77.069721,0.0,CNG,,14.9,0,848,39.6
1791113560801,28.591215,77.069721,0.0,CNG,,14.9,0,854,40.0
1791113561708,28.591215,77.069721,0.0,CNG,,14.9,0,854,40.0
1791113562504,28.591215,77.069721,0.0,CNG,,14.9,0,849,40.0
1791113564443,28.591215,77.069721,0.0,CNG,,14.9,0,849,39.6
1791113565250,28.591215,77.069721,0.0,CNG,,14.9,0,851,39.6
1791113566109,28.591215,77.069721,0.0,CNG,,14.9,0,848,39.6
1791113567941,28.591215,77.069721,0.0,CNG,,14.9,0,859,40.0
1791113568822,28.591215,77.069721,0.0,CNG,,14.9,0,856,40.0
1791113569708,28.591215,77.069721,0.0,CNG,,14.9,0,851,40.0
1791113571663,28.591215,77.069721,0.0,CNG,,14.9,0,882,23.5
1791113572548,28.591215,77.069721,0.0,CNG,,14.9,0,847,23.5
1791113573387,28.591215,77.069721,0.0,CNG,,14.9,0,847,23.5
1791113575084,28.591215,77.069721,0.0,CNG,,14.9,0,840,31.0
1791113575949,28.591215,77.069721,0.0,CNG,,14.9,0,848,31.0
1791113576802,28.591215,77.069721,0.0,CNG,,14.9,0,859,31.0
1791113578562,28.591215,77.069721,0.0,CNG,,14.9,0,857,42.7
1791113579354,28.591215,77.069721,0.0,CNG,,14.9,0,856,42.7
1791113580233,28.591215,77.069721,0.0,CNG,,14.9,0,862,42.7
1791113581927,28.591215,77.069721,0.0,CNG,,14.9,0,861,40.4
1791113582906,28.591215,77.069721,0.0,CNG,,14.9,0,861,40.4
1791113583879,28.591209,77.069723,1.0,CNG,,14.9,,1048,40.4
1791113585622,28.591208,77.069722,0.0,CNG,,14.9,0,873,21.6
1791113586444,28.591208,77.069722,0.0,CNG,,14.9,0,902,21.6
1791113587320,28.591208,77.069722,0.0,CNG,,36.9,0,871,21.6
1791113589418,28.591193,77.069711,2.0,CNG,,29.8,,1376,52.2
1791113590472,28.591177,77.069698,8.0,CNG,3.03,54.1,1,1138,52.2
1791113591544,28.591151,77.069676,15.0,CNG,3.40,56.1,1,1914,52.2
1791113593487,28.591083,77.069620,19.0,CNG,7.34,14.9,,2099,30.2
1791113594333,28.591061,77.069603,11.0,CNG,8.91,29.4,,1227,30.2
1791113595180,28.591037,77.069583,11.0,CNG,7.66,30.6,,1234,30.2
1791113596754,28.591016,77.069565,13.0,CNG,10.19,14.9,2,992,43.5
1791113597502,28.590996,77.069548,10.0,CNG,10.79,14.9,,864,43.5
1791113598315,28.590978,77.069533,8.0,CNG,5.13,46.7,,907,43.5
1791113600217,28.590930,77.069492,11.0,CNG,6.31,43.5,,1162,54.9
1791113601161,28.590930,77.069492,14.0,CNG,7.07,30.6,,1214,54.9
1791113602018,28.590903,77.069467,16.0,CNG,9.02,25.5,2,1357,54.9
1791113603587,28.590853,77.069400,17.0,CNG,13.99,24.7,2,1261,33.7
1791113604439,28.590844,77.069358,16.0,CNG,19.28,14.9,,1071,33.7
1791113605297,28.590842,77.069332,9.0,CNG,18.12,34.5,,954,33.7
1791113606989,28.590841,77.069307,8.0,CNG,9.28,14.9,,1304,34.5
1791113608055,28.590843,77.069281,10.0,CNG,7.63,25.1,,1087,34.5
1791113608883,28.590846,77.069254,11.0,CNG,9.89,14.9,1,1440,34.5
1791113610825,28.590868,77.069202,9.0,CNG,7.07,34.9,1,1233,75.7
1791113611734,28.590888,77.069169,16.0,CNG,7.62,51.0,2,1162,75.7
1791113612834,28.590912,77.069130,19.0,CNG,10.06,14.9,2,1391,75.7
1791113614700,28.590969,77.069045,20.0,CNG,10.68,14.9,2,1548,51.8
1791113615526,28.590998,77.069000,21.0,CNG,9.34,58.4,2,1569,51.8
1791113616551,28.591033,77.068947,25.0,CNG,7.41,48.2,2,1842,51.8
1791113618389,28.591115,77.068818,29.0,CNG,6.48,48.2,2,2153,32.2
1791113619454,28.591160,77.068749,31.0,CNG,7.80,47.8,3,1582,32.2
1791113620434,28.591208,77.068675,34.0,CNG,9.47,14.9,3,1713,32.2
1791113622241,28.591307,77.068525,35.0,CNG,14.87,14.9,4,1412,19.6
1791113623142,28.591307,77.068525,33.0,CNG,18.68,29.0,4,1187,19.6
1791113623963,28.591354,77.068448,34.0,CNG,18.64,52.9,4,1257,19.6
1791113625954,28.591453,77.068287,36.0,CNG,19.55,47.5,4,1343,63.1
1791113626977,28.591511,77.068204,40.0,CNG,19.74,39.6,4,1471,63.1
1791113628090,28.591572,77.068118,40.0,CNG,28.92,14.9,4,1570,63.1
1791113629890,28.591691,77.067951,39.0,CNG,41.02,14.9,,1004,34.1
1791113630789,28.591746,77.067874,36.0,CNG,40.49,14.9,,859,34.1
1791113631685,28.591799,77.067796,35.0,CNG,27.50,32.5,,855,34.1
1791113633336,28.591902,77.067636,35.0,CNG,19.05,56.1,3,1818,81.6
1791113634364,28.591950,77.067546,38.0,CNG,24.51,14.9,4,1424,81.6
1791113635248,28.591998,77.067463,37.0,CNG,30.62,14.9,4,1310,81.6
1791113636936,28.592042,77.067391,32.0,CNG,35.11,14.9,4,1113,35.7
1791113637750,28.592074,77.067323,26.0,CNG,40.10,14.9,5,819,35.7
1791113638715,28.592097,77.067262,22.0,CNG,39.06,14.9,4,863,35.7
1791113640496,28.592068,77.067156,21.0,CNG,42.37,14.9,,888,71.0
1791113641492,28.592025,77.067113,23.0,CNG,15.84,67.8,2,1764,71.0
1791113642617,28.591970,77.067063,31.0,CNG,8.59,63.1,2,2303,71.0
1791113644532,28.591834,77.066945,36.0,CNG,13.14,50.2,2,2802,93.3
1791113645619,28.591758,77.066880,41.0,CNG,12.97,17.6,3,2067,93.3
1791113646476,28.591680,77.066810,41.0,CNG,12.49,45.1,3,2111,93.3
1791113648400,28.591514,77.066653,43.0,CNG,12.36,52.9,3,2201,87.5
1791113649705,28.591424,77.066574,48.0,CNG,19.03,51.0,3,2446,87.5
1791113650881,28.591328,77.066496,50.0,CNG,18.38,55.7,4,1824,87.5
1791113652698,28.591132,77.066335,51.0,CNG,26.39,39.6,4,1844,65.1
1791113653744,28.591032,77.066251,52.0,CNG,23.26,45.5,4,1930,65.1
1791113654764,28.590931,77.066162,54.0,CNG,27.59,14.9,4,1987,65.1
1791113656461,28.590732,77.065990,53.0,CNG,39.86,14.9,5,1436,18.8
1791113657308,28.590642,77.065910,52.0,CNG,54.50,14.9,,864,18.8
1791113658240,28.590563,77.065840,51.0,CNG,70.35,14.9,,864,18.8
1791113660214,28.590465,77.065757,39.0,CNG,76.93,14.9,,875,23.9
1791113661020,28.590465,77.065757,24.0,CNG,70.63,14.9,4,872,23.9
1791113661910,28.590444,77.065741,19.0,CNG,54.42,14.9,3,874,23.9
1791113663572,28.590409,77.065714,18.0,CNG,43.63,41.6,3,864,81.6
1791113664595,28.590364,77.065678,23.0,CNG,18.64,29.4,2,1695,81.6
1791113665452,28.590338,77.065647,24.0,CNG,17.53,26.3,2,1829,81.6
1791113667120,28.590259,77.065462,24.0,CNG,13.70,40.8,2,1854,92.9
1791113668148,28.590259,77.065462,31.0,CNG,9.54,14.9,2,2275,92.9
1791113668943,28.590259,77.065377,32.0,CNG,14.92,39.2,,1949,92.9
1791113671163,28.590274,77.065218,32.0,CNG,15.09,34.1,3,1807,20.8
1791113672168,28.590288,77.065027,33.0,CNG,18.06,28.2,3,1711,20.8
1791113672974,28.590288,77.065027,34.0,CNG,20.76,29.0,3,1710,20.8
1791113674715,28.590301,77.064837,35.0,CNG,22.92,30.2,3,1744,38.4
1791113675572,28.590302,77.064743,37.0,CNG,15.62,46.3,3,1841,38.4
1791113676667,28.590312,77.064636,38.0,CNG,15.77,33.7,3,1918,38.4
1791113678570,28.590329,77.064413,39.0,CNG,16.19,32.2,3,1959,53.3
1791113679562,28.590335,77.064294,41.0,CNG,16.63,32.2,3,2076,53.3
1791113680370,28.590346,77.064173,42.0,CNG,17.55,32.2,3,2111,53.3
1791113682132,28.590360,77.064049,43.0,CNG,18.02,32.2,3,2157,49.8
1791113682928,28.590374,77.063928,44.0,CNG,19.92,32.2,3,2239,49.8
1791113683843,28.590392,77.063807,45.0,CNG,21.90,32.2,3,2279,49.8
1791113685710,28.590419,77.063560,45.0,CNG,18.65,40.0,3,2100,35.3
1791113686705,28.590427,77.063442,46.0,CNG,28.77,14.9,,1196,35.3
1791113687515,28.590432,77.063320,41.0,CNG,40.72,14.9,,953,35.3
1791113689448,28.590452,77.063180,31.0,CNG,46.51,14.9,5,856,23.5
1791113690542,28.590456,77.063126,18.0,CNG,21.94,38.0,3,935,23.5
1791113691588,28.590453,77.063062,21.0,CNG,14.42,40.4,2,1599,23.5
1791113693335,28.590399,77.062935,25.0,CNG,11.73,38.8,2,1870,65.9
1791113694359,28.590348,77.062875,30.0,CNG,10.00,36.5,2,2238,65.9
1791113695356,28.590293,77.062824,32.0,CNG,6.94,58.4,2,2456,65.9
1791113697184,28.590172,77.062712,36.0,CNG,10.88,14.9,2,2707,66.7
1791113698018,28.590108,77.062652,37.0,CNG,15.97,41.6,3,1869,66.7
1791113699064,28.590028,77.062580,38.0,CNG,15.46,42.4,3,1920,66.7
1791113700914,28.589938,77.062499,40.0,CNG,14.91,42.0,3,2041,41.6
1791113701890,28.589858,77.062428,42.0,CNG,17.92,40.0,4,1562,41.6
1791113702915,28.589773,77.062358,43.0,CNG,19.72,38.0,4,1584,41.6
1791113704961,28.589597,77.062211,45.0,CNG,18.34,24.7,4,1649,29.8
1791113705898,28.589507,77.062134,45.0,CNG,26.09,14.9,,1179,29.8
1791113706760,28.589425,77.062064,41.0,CNG,34.18,14.9,,984,29.8
1791113708610,28.589280,77.061941,37.0,CNG,40.36,14.9,,860,38.4
1791113709737,28.589217,77.061883,34.0,CNG,41.45,14.9,,863,38.4
1791113710633,28.589164,77.061832,28.0,CNG,38.56,14.9,5,856,38.4
1791113712466,28.589076,77.061756,27.0,CNG,41.79,14.9,5,835,23.9
1791113713286,28.589048,77.061728,15.0,CNG,39.57,14.9,,886,23.9
1791113714190,28.589037,77.061713,10.0,CNG,34.07,14.9,,872,23.9
1791113715858,28.589035,77.061708,2.0,CNG,23.59,14.9,,870,24.7
1791113716842,28.589035,77.061708,0.0,CNG,13.43,14.9,0,868,24.7
1791113717616,28.589034,77.061708,0.0,CNG,7.51,14.9,0,847,24.7
1791113719417,28.589034,77.061708,0.0,CNG,,14.9,0,852,42.4
1791113720356,28.589034,77.061708,0.0,CNG,,14.9,0,852,42.4
1791113721343,28.589034,77.061708,0.0,CNG,,14.9,0,849,42.4
1791113723123,28.589034,77.061708,0.0,CNG,,14.9,0,852,40.4
1791113723996,28.589034,77.061708,0.0,CNG,,,0,848,40.4
1791113724855,28.589034,77.061708,0.0,CNG,,14.9,0,848,40.4
1791113726570,28.589034,77.061708,0.0,CNG,,14.9,0,853,40.8
1791113727491,28.589034,77.061708,0.0,CNG,,14.9,0,850,40.8
1791113728274,28.589034,77.061708,0.0,CNG,,14.9,0,844,40.8
1791113730287,28.589034,77.061708,0.0,CNG,,14.9,0,847,41.2
1791113731418,28.589034,77.061708,0.0,CNG,,14.9,0,849,41.2
1791113732398,28.589044,77.061701,0.0,CNG,,14.9,0,851,41.2
1791113734131,28.589030,77.061690,0.0,CNG,,14.9,0,850,41.6
1791113735082,28.589029,77.061691,0.0,CNG,,14.9,0,857,41.6
1791113736326,28.589028,77.061693,0.0,CNG,,14.9,0,847,41.6
1791113738165,28.589028,77.061694,0.0,CNG,,14.9,0,851,42.0
1791113739109,28.589028,77.061694,0.0,CNG,,14.9,0,852,42.0
1791113739936,28.589027,77.061693,0.0,CNG,,14.9,0,853,42.0
1791113741667,28.589028,77.061692,0.0,CNG,,14.9,0,849,41.2
1791113742668,28.589029,77.061692,0.0,CNG,,14.9,0,857,41.2
1791113743642,28.589029,77.061692,0.0,CNG,,14.9,0,857,41.2
1791113745488,28.589030,77.061692,0.0,CNG,,14.9,0,850,42.0
1791113746371,28.589030,77.061691,0.0,CNG,,14.9,0,835,42.0
1791113747360,28.589030,77.061691,0.0,CNG,,14.9,0,877,42.0
1791113749070,28.589030,77.061691,0.0,CNG,,14.9,0,862,23.9
1791113749957,28.589030,77.061691,0.0,CNG,,14.9,0,842,23.9
1791113750938,28.589030,77.061691,0.0,CNG,,14.9,0,845,23.9
1791113752669,28.589030,77.061691,0.0,CNG,,14.9,0,858,37.6
1791113753500,28.589030,77.061691,0.0,CNG,,14.9,0,856,37.6
1791113754440,28.589030,77.061691,0.0,CNG,,14.9,0,860,37.6
1791113756014,28.589030,77.061691,0.0,CNG,,14.9,0,862,40.8
1791113756889,28.589030,77.061691,0.0,CNG,,14.9,0,856,40.8
1791113757770,28.589030,77.061691,0.0,CNG,,14.9,0,850,40.8
1791113759447,28.589030,77.061692,0.0,CNG,,14.9,0,850,40.8
1791113760369,28.589030,77.061692,0.0,CNG,,14.9,0,862,40.8
1791113761188,28.589030,77.061692,0.0,CNG,,14.9,0,853,40.8
1791113762893,28.589030,77.061692,0.0,CNG,,14.9,0,851,23.5
1791113763739,28.589030,77.061692,0.0,CNG,,14.9,0,856,23.5
1791113764690,28.589030,77.061692,0.0,CNG,,14.9,0,845,23.5
1791113766299,28.589029,77.061692,0.0,CNG,,14.9,0,840,39.6
1791113767227,28.589029,77.061692,0.0,CNG,,14.9,0,856,39.6
1791113768009,28.589029,77.061692,0.0,CNG,,14.9,0,860,39.6
1791113770034,28.589029,77.061692,0.0,CNG,,14.9,0,857,42.0
1791113770884,28.589029,77.061692,0.0,CNG,,14.9,0,851,42.0
1791113771797,28.589029,77.061692,0.0,CNG,,14.9,0,855,42.0
1791113773472,28.589029,77.061692,0.0,CNG,,14.9,0,854,41.6
1791113774358,28.589029,77.061692,0.0,CNG,,14.9,0,852,41.6
1791113775078,28.589029,77.061692,0.0,CNG,,14.9,0,854,41.6
1791113776897,28.589029,77.061692,0.0,CNG,,14.9,0,852,43.5
1791113777774,28.589029,77.061692,0.0,CNG,,14.9,0,850,43.5
1791113778723,28.589029,77.061692,0.0,CNG,,14.9,0,854,43.5
1791113780418,28.589030,77.061691,0.0,CNG,,14.9,0,847,42.4
1791113781356,28.589029,77.061692,0.0,CNG,,14.9,0,847,42.4
1791113782114,28.589029,77.061692,0.0,CNG,,14.9,0,855,42.4
1791113784021,28.589028,77.061692,0.0,CNG,,14.9,0,849,42.4
1791113784762,28.589026,77.061694,0.0,CNG,,14.9,0,845,42.4
1791113785687,28.589024,77.061695,0.0,CNG,,14.9,0,847,42.4
1791113787412,28.589024,77.061695,0.0,CNG,,14.9,0,854,43.5
1791113788253,28.589024,77.061695,0.0,CNG,,14.9,0,851,43.5
1791113789269,28.589023,77.061697,0.0,CNG,,14.9,0,844,43.5
1791113791403,28.589022,77.061697,0.0,CNG,,14.9,0,863,42.0
1791113792288,28.589021,77.061698,0.0,CNG,,14.9,0,847,42.0
1791113793111,28.589021,77.061698,0.0,CNG,,14.9,0,854,42.0
1791113794857,28.589019,77.061699,0.0,CNG,,14.9,0,845,41.2
1791113795759,28.589018,77.061699,0.0,CNG,,14.9,0,856,41.2
1791113796524,28.589017,77.061700,0.0,CNG,,14.9,0,854,41.2
1791113798248,28.589017,77.061700,0.0,CNG,,14.9,0,850,22.4
1791113799025,28.589017,77.061700,0.0,CNG,,14.9,0,869,22.4
1791113799950,28.589017,77.061700,0.0,CNG,,14.9,0,863,22.4
1791113801680,28.589017,77.061700,0.0,CNG,,14.9,0,857,29.0
1791113802514,28.589017,77.061700,0.0,CNG,,14.9,0,846,29.0
1791113803371,28.589017,77.061700,0.0,CNG,,14.9,0,846,29.0
1791113805086,28.589017,77.061700,0.0,CNG,,14.9,0,854,43.9
1791113806061,28.589017,77.061700,0.0,CNG,,14.9,0,863,43.9
1791113806935,28.589016,77.061700,0.0,CNG,,14.9,0,865,43.9
1791113809007,28.589016,77.061700,0.0,CNG,,14.9,0,859,40.0
1791113809866,28.589016,77.061700,0.0,CNG,,14.9,0,859,40.0
1791113810878,28.589016,77.061700,0.0,CNG,,14.9,0,858,40.0
1791113812795,28.589017,77.061700,0.0,CNG,,14.9,0,862,42.0
1791113813654,28.589017,77.061700,0.0,CNG,,14.9,0,847,42.0
1791113814492,28.589017,77.061700,0.0,CNG,,14.9,0,854,42.0
1791113816247,28.589017,77.061700,0.0,CNG,,14.9,0,859,39.6
1791113817507,28.589017,77.061700,0.0,CNG,,14.9,0,850,39.6
1791113818638,28.589017,77.061700,0.0,CNG,,14.9,0,855,39.6
1791113820500,28.589017,77.061700,0.0,CNG,,14.9,0,842,40.8
1791113821360,28.589017,77.061700,0.0,CNG,,14.9,0,848,40.8
1791113822241,28.589017,77.061700,0.0,CNG,,14.9,0,850,40.8
1791113823908,28.589017,77.061700,0.0,CNG,,22.0,0,857,56.5
1791113824793,28.589017,77.061700,1.0,CNG,,35.3,,831,56.5
1791113826184,28.589017,77.061700,4.0,CNG,,27.5,,1114,56.5
1791113828085,28.589017,77.061700,7.0,CNG,3.10,29.8,1,1035,54.1
1791113829031,28.589016,77.061700,14.0,CNG,5.04,33.7,1,1904,54.1
1791113829959,28.589001,77.061654,17.0,CNG,6.13,14.9,1,2316,54.1
1791113832123,28.588995,77.061546,17.0,CNG,7.53,30.6,,2038,45.9
1791113833118,28.589015,77.061424,21.0,CNG,9.65,35.3,2,1543,45.9
1791113834372,28.589047,77.061373,24.0,CNG,10.85,36.9,2,1774,45.9
1791113836332,28.589129,77.061249,27.0,CNG,11.33,37.3,2,2059,71.8
1791113837566,28.589175,77.061177,34.0,CNG,9.29,21.2,2,2532,71.8
1791113838422,28.589229,77.061098,35.0,CNG,11.57,40.0,,2073,71.8
1791113840336,28.589337,77.060938,36.0,CNG,11.99,40.8,3,1807,71.0
1791113841475,28.589396,77.060847,40.0,CNG,12.39,41.2,3,2002,71.0
1791113842605,28.589456,77.060753,42.0,CNG,9.70,74.5,3,2107,71.0
1791113844413,28.589587,77.060536,46.0,CNG,11.97,68.6,3,2329,85.5
1791113845399,28.589661,77.060419,52.0,CNG,18.03,48.6,3,2742,85.5
1791113846313,28.589735,77.060301,53.0,CNG,16.76,52.2,4,2189,85.5
1791113848251,28.589890,77.060049,55.0,CNG,16.78,58.4,4,2046,87.1
1791113849428,28.589977,77.059918,60.0,CNG,16.36,54.9,4,2218,87.1
1791113850684,28.590067,77.059784,62.0,CNG,24.60,47.5,4,2302,87.1
1791113852689,28.590248,77.059523,62.0,CNG,32.06,14.9,,1590,29.0
1791113853560,28.590327,77.059408,52.0,CNG,40.96,14.9,,1115,29.0
1791113854371,28.590405,77.059293,51.0,CNG,49.47,14.9,,935,29.0
1791113856089,28.590479,77.059185,51.0,CNG,55.34,14.9,,859,42.0
1791113857041,28.590549,77.059080,44.0,CNG,55.96,14.9,,853,42.0
1791113857928,28.590615,77.058985,36.0,CNG,60.98,14.9,,843,42.0
1791113859684,28.590694,77.058875,23.0,CNG,59.21,14.9,4,885,23.9
1791113860486,28.590709,77.058847,12.0,CNG,49.16,14.9,2,877,23.9
1791113861269,28.590718,77.058824,7.0,CNG,38.94,14.9,1,879,23.9
1791113862901,28.590725,77.058808,7.0,CNG,14.72,41.2,1,946,43.1
1791113863894,28.590737,77.058785,10.0,CNG,8.92,38.4,,1561,43.1
1791113864759,28.590752,77.058759,14.0,CNG,8.67,42.0,,1221,43.1
1791113866806,28.590807,77.058684,17.0,CNG,9.58,48.6,2,1265,84.3
1791113867943,28.590841,77.058632,24.0,CNG,15.67,14.9,2,1690,84.3
1791113868785,28.590874,77.058579,23.0,CNG,20.28,14.9,3,1250,84.3
1791113870916,28.590929,77.058483,22.0,CNG,23.79,14.9,3,1072,69.0
1791113871828,28.590960,77.058435,24.0,CNG,12.55,45.9,2,1776,69.0
1791113872872,28.590999,77.058377,28.0,CNG,10.64,37.3,2,2084,69.0
1791113874882,28.591074,77.058240,30.0,CNG,13.55,14.9,2,2274,27.5
1791113875739,28.591097,77.058167,28.0,CNG,19.89,14.9,,1251,27.5
1791113876625,28.591106,77.058089,28.0,CNG,28.25,36.9,4,1082,27.5
1791113878433,28.591100,77.057939,27.0,CNG,18.07,38.0,2,2214,24.3
1791113879607,28.591096,77.057864,30.0,CNG,25.13,14.9,3,1566,24.3
1791113880582,28.591089,77.057789,28.0,CNG,34.35,14.9,4,1043,24.3
1791113882470,28.591069,77.057652,25.0,CNG,40.92,14.9,4,866,23.5
1791113883308,28.591055,77.057590,24.0,CNG,46.25,29.8,4,872,23.5
1791113884158,28.591055,77.057590,22.0,CNG,25.32,22.7,3,1261,23.5
1791113885996,28.591017,77.057472,23.0,CNG,18.83,23.1,2,1754,69.4
1791113886948,28.590996,77.057409,26.0,CNG,10.40,48.2,2,1983,69.4
1791113888046,28.590967,77.057341,31.0,CNG,10.84,14.9,2,2316,69.4
1791113890026,28.590857,77.057226,31.0,CNG,12.43,32.2,3,1429,51.0
1791113891032,28.590733,77.057115,33.0,CNG,15.80,58.0,3,1652,51.0
1791113892036,28.590733,77.057115,35.0,CNG,21.96,14.9,3,1758,51.0
1791113893828,28.590594,77.057008,34.0,CNG,31.49,14.9,5,1066,22.0
1791113894852,28.590531,77.056964,29.0,CNG,39.71,14.9,5,853,22.0
1791113895745,28.590474,77.056919,27.0,CNG,46.20,14.9,5,852,22.0
1791113897433,28.590386,77.056849,24.0,CNG,49.59,14.9,4,850,28.2
1791113898423,28.590354,77.056836,16.0,CNG,38.83,14.9,3,857,28.2
1791113899386,28.590319,77.056832,13.0,CNG,30.79,14.9,,849,28.2
1791113901288,28.590293,77.056841,7.0,CNG,20.71,14.9,1,859,49.4
1791113902152,28.590293,77.056841,3.0,CNG,8.30,34.1,,1152,49.4
1791113903092,28.590290,77.056855,5.0,CNG,7.87,21.6,,1338,49.4
1791113905122,28.590268,77.056875,6.0,CNG,6.45,26.3,,967,53.7
1791113906009,28.590260,77.056885,7.0,CNG,6.19,31.0,1,895,53.7
1791113906963,28.590252,77.056900,6.0,CNG,7.69,14.9,,1242,53.7
1791113908820,28.590244,77.056918,4.0,CNG,8.25,14.9,,1141,17.6
1791113909924,28.590243,77.056918,0.0,CNG,5.77,14.9,0,851,17.6
1791113910806,28.590242,77.056918,0.0,CNG,,14.9,0,870,17.6
1791113912566,28.590241,77.056919,2.0,CNG,,14.9,,857,44.7
1791113913402,28.590243,77.056917,2.0,CNG,,14.9,,860,44.7
1791113914236,28.590246,77.056905,0.0,CNG,,39.6,0,858,44.7
1791113916232,28.590247,77.056912,0.0,CNG,,18.8,0,1448,58.0
1791113917142,28.590247,77.056912,5.0,CNG,,33.7,,1419,58.0
1791113917961,28.590254,77.056926,9.0,CNG,3.24,34.5,1,1243,58.0
1791113919782,28.590300,77.056973,12.0,CNG,3.64,43.9,1,1672,33.3
1791113920807,28.590337,77.057002,18.0,CNG,5.20,38.0,2,1472,33.3
1791113921957,28.590375,77.057034,21.0,CNG,6.93,32.5,2,1561,33.3
1791113923652,28.590472,77.057126,23.0,CNG,8.79,32.9,2,1724,80.4
1791113924533,28.590523,77.057176,28.0,CNG,7.88,41.2,2,2105,80.4
1791113925511,28.590581,77.057231,30.0,CNG,12.79,14.9,2,2079,80.4
1791113927196,28.590665,77.057301,27.0,CNG,19.34,14.9,3,1233,19.6
1791113928120,28.590692,77.057331,15.0,CNG,22.82,47.1,,872,19.6
1791113929254,28.590721,77.057361,15.0,CNG,26.43,14.9,2,1227,19.6
1791113931016,28.590745,77.057373,12.0,CNG,26.73,14.9,,1108,20.8
1791113931922,28.590763,77.057380,6.0,CNG,19.34,14.9,1,849,20.8
1791113932901,28.590777,77.057384,4.0,CNG,6.84,28.2,,844,20.8
1791113934616,28.590797,77.057402,7.0,CNG,7.78,14.9,1,979,43.1
1791113935478,28.590806,77.057413,5.0,CNG,5.50,14.9,,910,43.1
1791113936325,28.590815,77.057424,6.0,CNG,6.35,14.9,,991,43.1
1791113938052,28.590815,77.057428,1.0,CNG,4.78,14.9,,859,42.7
1791113938933,28.590809,77.057423,0.0,CNG,,34.1,0,862,42.7
1791113939771,28.590807,77.057422,1.0,CNG,,18.0,,1609,42.7
1791113941457,28.590824,77.057435,4.0,CNG,,14.9,,814,24.7
1791113942410,28.590836,77.057442,4.0,CNG,4.53,14.9,,879,24.7
1791113943249,28.590844,77.057446,3.0,CNG,2.84,28.2,,877,24.7
1791113944994,28.590851,77.057452,4.0,CNG,4.11,14.9,,1245,23.9
1791113946054,28.590857,77.057455,2.0,CNG,,20.4,,1404,23.9
1791113946852,28.590862,77.057458,3.0,CNG,,20.8,,1438,23.9
1791113948571,28.590874,77.057468,4.0,CNG,3.62,31.4,,1339,67.1
1791113949410,28.590885,77.057482,10.0,CNG,4.26,40.0,1,1379,67.1
1791113950645,28.590904,77.057500,14.0,CNG,4.33,14.9,1,2005,67.1
1791113952401,28.590954,77.057566,17.0,CNG,7.63,14.9,2,1393,29.0
1791113953342,28.590968,77.057607,15.0,CNG,8.07,33.3,2,1106,29.0
1791113954196,28.590983,77.057650,16.0,CNG,7.06,45.9,2,1192,29.0
1791113955987,28.591002,77.057703,19.0,CNG,7.64,31.0,2,1455,29.4
1791113956846,28.591007,77.057745,20.0,CNG,11.35,14.9,,1281,29.4
1791113957832,28.591013,77.057793,16.0,CNG,15.29,14.9,2,1093,29.4
1791113959507,28.591020,77.057863,13.0,CNG,18.47,14.9,2,913,24.3
1791113960410,28.591024,77.057883,7.0,CNG,18.21,14.9,1,871,24.3
1791113961272,28.591021,77.057893,5.0,CNG,16.33,14.9,,865,24.3
1791113963134,28.591021,77.057903,4.0,CNG,13.98,14.9,,868,23.9
1791113963941,28.591020,77.057908,1.0,CNG,8.71,14.9,,860,23.9
1791113964844,28.591019,77.057909,0.0,CNG,,14.9,0,852,23.9
1791113966502,28.591016,77.057906,0.0,CNG,,14.9,0,856,45.1
1791113967312,28.591016,77.057906,,CNG,,,0,856,45.1
1791113968190,28.591015,77.057906,,CNG,,,,,45.1
1791113969802,28.591014,77.057906,,CNG,,,,,45.1
1791113971045,28.591014,77.057906,,CNG,,,,,45.1
1791113971919,28.591013,77.057907,,CNG,,,,,45.1
1791113973613,28.591013,77.057907,,CNG,,,,,45.1
1791113974579,28.591013,77.057906,,CNG,,,,,45.1
1791113975452,28.591014,77.057907,,CNG,,,,,45.1
1791113977030,28.591011,77.057906,,CNG,,,,,45.1
1791113977831,28.591008,77.057905,,CNG,,,,,45.1
1791113978671,28.591009,77.057902,,CNG,,,,,45.1
